l0_mm,group_a,entity_a,group_b,entity_b,adjacent,bbox_lower_bound_mm,distance_mm,common_volume_mm3,reference_common_volume_mm3,excess_common_volume_mm3
70.0,fixed,4010电机,left_proximal_negative,大腿,True,0.0,0.0,0.0,0.0,0.0
70.0,fixed,4010电机001,left_proximal_positive,大腿垫高,True,1.4210854715202004e-14,0.0,0.0,0.0,0.0
70.0,fixed,4010电机,left_distal_positive,小腿004,False,0.0,38.020546924846684,0.0,0.0,0.0
70.0,fixed,4010电机001,left_distal_positive,小腿004,False,0.0,0.9849075000606671,0.0,0.0,0.0
70.0,fixed,4010电机003,right_proximal_negative,大腿垫高001,True,2.842170943040401e-14,0.0,0.0,0.0,0.0
70.0,fixed,4010电机002,right_proximal_positive,大腿002,True,1.4210854715202004e-14,0.0,0.0,0.0,0.0
70.0,fixed,4010电机002,right_distal_negative,小腿010,False,0.0,38.02054692520528,0.0,0.0,0.0
70.0,fixed,4010电机003,right_distal_negative,小腿010,False,0.0,0.9849075002069501,0.0,0.0,0.0
70.0,left_proximal_negative,大腿,left_distal_negative,推力轴承,True,0.0,1.2789769243681803e-13,0.0,0.0,0.0
70.0,left_proximal_negative,大腿,left_distal_negative,小腿001,True,1.0000000000001137,1.000000000000142,0.0,0.0,0.0
70.0,left_proximal_negative,大腿,left_distal_negative,cross recessed pan head screws gb_GB_CROSS_SCREWS_TYPE1 M4X16-16  H type-C,True,0.0,0.09999999965204757,0.0,0.0,0.0
70.0,left_proximal_negative,大腿,left_distal_negative,"hex nuts, style 1-grades ab gb_GB_FASTENER_NUT_SNAB1 M4-C",True,0.0,1.1368683772161603e-13,0.0,0.0,0.0
70.0,left_proximal_negative,大腿,left_distal_positive,小腿004,False,0.0,45.15773105826796,0.0,0.0,0.0
70.0,left_proximal_positive,大腿垫高,left_distal_negative,小腿001,False,0.0,45.15773105862572,0.0,0.0,0.0
70.0,left_proximal_positive,大腿001,left_distal_negative,小腿001,False,0.0,45.15773105862571,0.0,0.0,0.0
70.0,left_proximal_positive,大腿垫高,left_distal_positive,小腿004,True,0.0,7.864601348359739,0.0,0.0,0.0
70.0,left_proximal_positive,大腿001,left_distal_positive,小腿004,True,1.0000000000000995,1.000000000000142,0.0,0.0,0.0
70.0,left_proximal_positive,大腿001,left_distal_positive,推力轴承001,True,0.0,1.4210854715202004e-13,0.0,0.0,0.0
70.0,left_proximal_positive,大腿001,left_distal_positive,cross recessed pan head screws gb_GB_CROSS_SCREWS_TYPE1 M4X16-16  H type-C001,True,0.0,0.0999999995582872,0.0,0.0,0.0
70.0,left_proximal_positive,大腿001,left_distal_positive,"hex nuts, style 1-grades ab gb_GB_FASTENER_NUT_SNAB1 M4-C001",True,0.0,5.684341886080802e-14,0.0,0.0,0.0
70.0,left_distal_negative,小腿001,left_distal_positive,小腿004,True,0.9999999999999858,0.9999999999999858,0.0,0.0,0.0
70.0,left_distal_negative,小腿001,left_wheel,推力轴承002,True,0.0,1.4210854715202004e-14,0.0,0.0,0.0
70.0,left_distal_negative,小腿001,left_wheel,驱动板004,True,0.4999999999998721,0.4999999999998863,0.0,0.0,0.0
70.0,left_distal_negative,小腿001,left_wheel,MISUMI_CBSTSR4-16_内六角螺栓（盖螺栓）,True,0.0,0.0,0.0,0.0,0.0
70.0,left_distal_positive,小腿004,left_wheel,推力轴承002,True,0.0,0.0,0.0,0.0,0.0
70.0,left_distal_positive,小腿004,left_wheel,MISUMI_C-SE604ZZ_不锈钢小径滚珠轴承,True,0.0,1.4210854715202004e-14,0.0,0.0,0.0
70.0,left_distal_positive,小腿004,left_wheel,MISUMI_CBSTSR4-16_内六角螺栓（盖螺栓）,True,0.0,0.09999999939378884,0.0,0.0,0.0
70.0,right_proximal_negative,大腿垫高001,right_distal_negative,小腿010,True,0.0,7.864601348528958,0.0,0.0,0.0
70.0,right_proximal_negative,大腿003,right_distal_negative,推力轴承004,True,0.0,1.4210854715202004e-13,0.0,0.0,0.0
70.0,right_proximal_negative,大腿003,right_distal_negative,小腿009,True,2.0,2.0,0.0,0.0,0.0
70.0,right_proximal_negative,大腿003,right_distal_negative,小腿010,True,1.0,1.0,0.0,0.0,0.0
70.0,right_proximal_negative,大腿003,right_distal_negative,"hex nuts, style 1-grades ab gb_GB_FASTENER_NUT_SNAB1 M4-C005",True,1.1368683772161603e-13,1.4210854715202004e-13,0.0,0.0,0.0
70.0,right_proximal_negative,大腿003,right_distal_negative,cross recessed pan head screws gb_GB_CROSS_SCREWS_TYPE1 M4X16-16  H type-C003,True,0.0,0.09999999975589108,0.0,0.0,0.0
70.0,right_proximal_negative,大腿垫高001,right_distal_positive,小腿007,False,0.0,45.15773105826799,0.0,0.0,0.0
70.0,right_proximal_negative,大腿003,right_distal_positive,小腿007,False,0.0,45.15773105826794,0.0,0.0,0.0
70.0,right_proximal_positive,大腿002,right_distal_negative,小腿010,False,0.0,45.157731058626716,0.0,0.0,0.0
70.0,right_proximal_positive,大腿002,right_distal_positive,推力轴承003,True,0.0,0.0,0.0,0.0,0.0
70.0,right_proximal_positive,大腿002,right_distal_positive,小腿007,True,1.0,1.0000000000000142,0.0,0.0,0.0
70.0,right_proximal_positive,大腿002,right_distal_positive,cross recessed pan head screws gb_GB_CROSS_SCREWS_TYPE1 M4X16-16  H type-C002,True,0.0,0.09999999967403003,0.0,0.0,0.0
70.0,right_proximal_positive,大腿002,right_distal_positive,"hex nuts, style 1-grades ab gb_GB_FASTENER_NUT_SNAB1 M4-C003",True,0.0,1.4210854715202004e-14,0.0,0.0,0.0
70.0,right_distal_negative,小腿010,right_distal_positive,小腿007,True,1.0000000000000142,1.0000000000000142,0.0,0.0,0.0
70.0,right_distal_negative,小腿010,right_wheel,推力轴承005,True,0.0,1.4210854715202004e-14,0.0,0.0,0.0
70.0,right_distal_negative,小腿010,right_wheel,MISUMI_C-SE604ZZ_不锈钢小径滚珠轴承004,True,0.0,1.4210854715202004e-14,0.0,0.0,0.0
70.0,right_distal_negative,小腿010,right_wheel,MISUMI_CBSTSR4-16_内六角螺栓（盖螺栓）001,True,0.0,0.09999999973849585,0.0,0.0,0.0
70.0,right_distal_positive,小腿007,right_wheel,推力轴承005,True,0.0,0.0,0.0,0.0,0.0
70.0,right_distal_positive,小腿007,right_wheel,驱动板005,True,0.4999999999998863,0.49999999999991473,0.0,0.0,0.0
70.0,right_distal_positive,小腿007,right_wheel,MISUMI_CBSTSR4-16_内六角螺栓（盖螺栓）001,True,0.0,0.0,0.0,0.0,0.0
71.0,fixed,4010电机,left_proximal_negative,大腿,True,0.0,0.0,0.0,0.0,0.0
71.0,fixed,4010电机001,left_proximal_positive,大腿垫高,True,1.4210854715202004e-14,0.0,0.0,0.0,0.0
71.0,fixed,4010电机,left_distal_positive,小腿004,False,0.0,38.940403304051166,0.0,0.0,0.0
71.0,fixed,4010电机001,left_distal_positive,小腿004,False,0.0,1.6274765222842764,0.0,0.0,0.0
71.0,fixed,4010电机003,right_proximal_negative,大腿垫高001,True,2.842170943040401e-14,0.0,0.0,0.0,0.0
71.0,fixed,4010电机002,right_proximal_positive,大腿002,True,1.4210854715202004e-14,0.0,0.0,0.0,0.0
71.0,fixed,4010电机002,right_distal_negative,小腿010,False,0.0,38.94040330441045,0.0,0.0,0.0
71.0,fixed,4010电机003,right_distal_negative,小腿010,False,0.0,1.6274765224395975,0.0,0.0,0.0
71.0,left_proximal_negative,大腿,left_distal_negative,推力轴承,True,0.0,1.2789769243681803e-13,0.0,0.0,0.0
71.0,left_proximal_negative,大腿,left_distal_negative,小腿001,True,1.0000000000001137,1.000000000000142,0.0,0.0,0.0
71.0,left_proximal_negative,大腿,left_distal_negative,cross recessed pan head screws gb_GB_CROSS_SCREWS_TYPE1 M4X16-16  H type-C,True,0.0,0.09999999965781607,0.0,0.0,0.0
71.0,left_proximal_negative,大腿,left_distal_negative,"hex nuts, style 1-grades ab gb_GB_FASTENER_NUT_SNAB1 M4-C",True,0.0,1.1368683772161603e-13,0.0,0.0,0.0
71.0,left_proximal_negative,大腿,left_distal_positive,小腿004,False,0.0,46.077882689797896,0.0,0.0,0.0
71.0,left_proximal_positive,大腿垫高,left_distal_negative,小腿001,False,0.0,46.07788269015633,0.0,0.0,0.0
71.0,left_proximal_positive,大腿001,left_distal_negative,小腿001,False,0.0,46.077882690156336,0.0,0.0,0.0
71.0,left_proximal_positive,大腿垫高,left_distal_positive,小腿004,True,0.0,8.579739260734566,0.0,0.0,0.0
71.0,left_proximal_positive,大腿001,left_distal_positive,小腿004,True,1.0000000000000995,1.000000000000142,0.0,0.0,0.0
71.0,left_proximal_positive,大腿001,left_distal_positive,推力轴承001,True,0.0,1.4210854715202004e-13,0.0,0.0,0.0
71.0,left_proximal_positive,大腿001,left_distal_positive,cross recessed pan head screws gb_GB_CROSS_SCREWS_TYPE1 M4X16-16  H type-C001,True,0.0,0.09999999956176224,0.0,0.0,0.0
71.0,left_proximal_positive,大腿001,left_distal_positive,"hex nuts, style 1-grades ab gb_GB_FASTENER_NUT_SNAB1 M4-C001",True,0.0,5.684341886080802e-14,0.0,0.0,0.0
71.0,left_distal_negative,小腿001,left_distal_positive,小腿004,True,0.9999999999999858,0.9999999999999858,0.0,0.0,0.0
71.0,left_distal_negative,小腿001,left_wheel,推力轴承002,True,0.0,1.4210854715202004e-14,0.0,0.0,0.0
71.0,left_distal_negative,小腿001,left_wheel,驱动板004,True,0.4999999999998721,0.4999999999998863,0.0,0.0,0.0
71.0,left_distal_negative,小腿001,left_wheel,MISUMI_CBSTSR4-16_内六角螺栓（盖螺栓）,True,0.0,0.0,0.0,0.0,0.0
71.0,left_distal_positive,小腿004,left_wheel,推力轴承002,True,0.0,0.0,0.0,0.0,0.0
71.0,left_distal_positive,小腿004,left_wheel,MISUMI_C-SE604ZZ_不锈钢小径滚珠轴承,True,0.0,1.4210854715202004e-14,0.0,0.0,0.0
71.0,left_distal_positive,小腿004,left_wheel,MISUMI_CBSTSR4-16_内六角螺栓（盖螺栓）,True,0.0,0.0999999993940204,0.0,0.0,0.0
71.0,right_proximal_negative,大腿垫高001,right_distal_negative,小腿010,True,0.0,8.579739260902418,0.0,0.0,0.0
71.0,right_proximal_negative,大腿003,right_distal_negative,推力轴承004,True,0.0,1.4210854715202004e-13,0.0,0.0,0.0
71.0,right_proximal_negative,大腿003,right_distal_negative,小腿009,True,2.0,2.0,0.0,0.0,0.0
71.0,right_proximal_negative,大腿003,right_distal_negative,小腿010,True,1.0,1.0,0.0,0.0,0.0
71.0,right_proximal_negative,大腿003,right_distal_negative,"hex nuts, style 1-grades ab gb_GB_FASTENER_NUT_SNAB1 M4-C005",True,1.1368683772161603e-13,1.4210854715202004e-13,0.0,0.0,0.0
71.0,right_proximal_negative,大腿003,right_distal_negative,cross recessed pan head screws gb_GB_CROSS_SCREWS_TYPE1 M4X16-16  H type-C003,True,0.0,0.09999999974810449,0.0,0.0,0.0
71.0,right_proximal_negative,大腿垫高001,right_distal_positive,小腿007,False,0.0,46.0778826897979,0.0,0.0,0.0
71.0,right_proximal_negative,大腿003,right_distal_positive,小腿007,False,0.0,46.077882689797875,0.0,0.0,0.0
71.0,right_proximal_positive,大腿002,right_distal_negative,小腿010,False,0.0,46.07788269015733,0.0,0.0,0.0
71.0,right_proximal_positive,大腿002,right_distal_positive,推力轴承003,True,0.0,0.0,0.0,0.0,0.0
71.0,right_proximal_positive,大腿002,right_distal_positive,小腿007,True,1.0,1.0000000000000142,0.0,0.0,0.0
71.0,right_proximal_positive,大腿002,right_distal_positive,cross recessed pan head screws gb_GB_CROSS_SCREWS_TYPE1 M4X16-16  H type-C002,True,0.0,0.0999999996809881,0.0,0.0,0.0
71.0,right_proximal_positive,大腿002,right_distal_positive,"hex nuts, style 1-grades ab gb_GB_FASTENER_NUT_SNAB1 M4-C003",True,0.0,1.4210854715202004e-14,0.0,0.0,0.0
71.0,right_distal_negative,小腿010,right_distal_positive,小腿007,True,1.0000000000000142,1.0000000000000142,0.0,0.0,0.0
71.0,right_distal_negative,小腿010,right_wheel,推力轴承005,True,0.0,1.4210854715202004e-14,0.0,0.0,0.0
71.0,right_distal_negative,小腿010,right_wheel,MISUMI_C-SE604ZZ_不锈钢小径滚珠轴承004,True,0.0,1.4210854715202004e-14,0.0,0.0,0.0
71.0,right_distal_negative,小腿010,right_wheel,MISUMI_CBSTSR4-16_内六角螺栓（盖螺栓）001,True,0.0,0.09999999973845174,0.0,0.0,0.0
71.0,right_distal_positive,小腿007,right_wheel,推力轴承005,True,0.0,0.0,0.0,0.0,0.0
71.0,right_distal_positive,小腿007,right_wheel,驱动板005,True,0.4999999999998863,0.49999999999991473,0.0,0.0,0.0
71.0,right_distal_positive,小腿007,right_wheel,MISUMI_CBSTSR4-16_内六角螺栓（盖螺栓）001,True,0.0,0.0,0.0,0.0,0.0
72.0,fixed,4010电机,left_proximal_negative,大腿,True,0.0,0.0,0.0,0.0,0.0
72.0,fixed,4010电机001,left_proximal_positive,大腿垫高,True,1.4210854715202004e-14,0.0,0.0,0.0,0.0
72.0,fixed,4010电机,left_distal_positive,小腿004,False,0.0,39.86223806852861,0.0,0.0,0.0
72.0,fixed,4010电机001,left_distal_positive,小腿004,False,0.0,2.2831702507088094,0.0,0.0,0.0
72.0,fixed,4010电机003,right_proximal_negative,大腿垫高001,True,2.842170943040401e-14,0.0,0.0,0.0,0.0
72.0,fixed,4010电机002,right_proximal_positive,大腿002,True,1.4210854715202004e-14,0.0,0.0,0.0,0.0
72.0,fixed,4010电机002,right_distal_negative,小腿010,False,0.0,39.86223806888847,0.0,0.0,0.0
72.0,fixed,4010电机003,right_distal_negative,小腿010,False,0.0,2.2831702508674203,0.0,0.0,0.0
72.0,left_proximal_negative,大腿,left_distal_negative,推力轴承,True,0.0,1.2789769243681803e-13,0.0,0.0,0.0
72.0,left_proximal_negative,大腿,left_distal_negative,小腿001,True,1.0000000000001137,1.000000000000142,0.0,0.0,0.0
72.0,left_proximal_negative,大腿,left_distal_negative,cross recessed pan head screws gb_GB_CROSS_SCREWS_TYPE1 M4X16-16  H type-C,True,0.0,0.09999999966362108,0.0,0.0,0.0
72.0,left_proximal_negative,大腿,left_distal_negative,"hex nuts, style 1-grades ab gb_GB_FASTENER_NUT_SNAB1 M4-C",True,0.0,1.1368683772161603e-13,0.0,0.0,0.0
72.0,left_proximal_negative,大腿,left_distal_positive,小腿004,False,0.0,46.9999999996219,0.0,0.0,0.0
72.0,left_proximal_positive,大腿垫高,left_distal_negative,小腿001,False,0.0,46.99999999998093,0.0,0.0,0.0
72.0,left_proximal_positive,大腿001,left_distal_negative,小腿001,False,0.0,46.99999999998093,0.0,0.0,0.0
72.0,left_proximal_positive,大腿垫高,left_distal_positive,小腿004,True,0.0,9.277172348166829,0.0,0.0,0.0
72.0,left_proximal_positive,大腿001,left_distal_positive,小腿004,True,1.0000000000000995,1.000000000000142,0.0,0.0,0.0
72.0,left_proximal_positive,大腿001,left_distal_positive,推力轴承001,True,0.0,1.4210854715202004e-13,0.0,0.0,0.0
72.0,left_proximal_positive,大腿001,left_distal_positive,cross recessed pan head screws gb_GB_CROSS_SCREWS_TYPE1 M4X16-16  H type-C001,True,0.0,0.09999999957316065,0.0,0.0,0.0
72.0,left_proximal_positive,大腿001,left_distal_positive,"hex nuts, style 1-grades ab gb_GB_FASTENER_NUT_SNAB1 M4-C001",True,0.0,5.684341886080802e-14,0.0,0.0,0.0
72.0,left_distal_negative,小腿001,left_distal_positive,小腿004,True,0.9999999999999858,0.9999999999999858,0.0,0.0,0.0
72.0,left_distal_negative,小腿001,left_wheel,推力轴承002,True,0.0,1.4210854715202004e-14,0.0,0.0,0.0
72.0,left_distal_negative,小腿001,left_wheel,驱动板004,True,0.4999999999998721,0.4999999999998863,0.0,0.0,0.0
72.0,left_distal_negative,小腿001,left_wheel,MISUMI_CBSTSR4-16_内六角螺栓（盖螺栓）,True,0.0,0.0,0.0,0.0,0.0
72.0,left_distal_positive,小腿004,left_wheel,推力轴承002,True,0.0,0.0,0.0,0.0,0.0
72.0,left_distal_positive,小腿004,left_wheel,MISUMI_C-SE604ZZ_不锈钢小径滚珠轴承,True,0.0,1.4210854715202004e-14,0.0,0.0,0.0
72.0,left_distal_positive,小腿004,left_wheel,MISUMI_CBSTSR4-16_内六角螺栓（盖螺栓）,True,0.0,0.09999999939425797,0.0,0.0,0.0
72.0,right_proximal_negative,大腿垫高001,right_distal_negative,小腿010,True,0.0,9.277172348333236,0.0,0.0,0.0
72.0,right_proximal_negative,大腿003,right_distal_negative,推力轴承004,True,0.0,1.2789769243681803e-13,0.0,0.0,0.0
72.0,right_proximal_negative,大腿003,right_distal_negative,小腿009,True,2.0,2.0,0.0,0.0,0.0
72.0,right_proximal_negative,大腿003,right_distal_negative,小腿010,True,1.0,1.0,0.0,0.0,0.0
72.0,right_proximal_negative,大腿003,right_distal_negative,"hex nuts, style 1-grades ab gb_GB_FASTENER_NUT_SNAB1 M4-C005",True,1.1368683772161603e-13,1.4210854715202004e-13,0.0,0.0,0.0
72.0,right_proximal_negative,大腿003,right_distal_negative,cross recessed pan head screws gb_GB_CROSS_SCREWS_TYPE1 M4X16-16  H type-C003,True,0.0,0.09999999975466886,0.0,0.0,0.0
72.0,right_proximal_negative,大腿垫高001,right_distal_positive,小腿007,False,0.0,46.99999999962191,0.0,0.0,0.0
72.0,right_proximal_negative,大腿003,right_distal_positive,小腿007,False,0.0,46.999999999621885,0.0,0.0,0.0
72.0,right_proximal_positive,大腿002,right_distal_negative,小腿010,False,0.0,46.999999999981924,0.0,0.0,0.0
72.0,right_proximal_positive,大腿002,right_distal_positive,推力轴承003,True,0.0,0.0,0.0,0.0,0.0
72.0,right_proximal_positive,大腿002,right_distal_positive,小腿007,True,1.0,1.0000000000000142,0.0,0.0,0.0
72.0,right_proximal_positive,大腿002,right_distal_positive,cross recessed pan head screws gb_GB_CROSS_SCREWS_TYPE1 M4X16-16  H type-C002,True,0.0,0.09999999964093215,0.0,0.0,0.0
72.0,right_proximal_positive,大腿002,right_distal_positive,"hex nuts, style 1-grades ab gb_GB_FASTENER_NUT_SNAB1 M4-C003",True,0.0,1.4210854715202004e-14,0.0,0.0,0.0
72.0,right_distal_negative,小腿010,right_distal_positive,小腿007,True,1.0000000000000142,1.0000000000000142,0.0,0.0,0.0
72.0,right_distal_negative,小腿010,right_wheel,推力轴承005,True,0.0,1.4210854715202004e-14,0.0,0.0,0.0
72.0,right_distal_negative,小腿010,right_wheel,MISUMI_C-SE604ZZ_不锈钢小径滚珠轴承004,True,0.0,1.4210854715202004e-14,0.0,0.0,0.0
72.0,right_distal_negative,小腿010,right_wheel,MISUMI_CBSTSR4-16_内六角螺栓（盖螺栓）001,True,0.0,0.09999999973842175,0.0,0.0,0.0
72.0,right_distal_positive,小腿007,right_wheel,推力轴承005,True,0.0,0.0,0.0,0.0,0.0
72.0,right_distal_positive,小腿007,right_wheel,驱动板005,True,0.4999999999998863,0.49999999999991473,0.0,0.0,0.0
72.0,right_distal_positive,小腿007,right_wheel,MISUMI_CBSTSR4-16_内六角螺栓（盖螺栓）001,True,0.0,0.0,0.0,0.0,0.0
73.0,fixed,4010电机,left_proximal_negative,大腿,True,0.0,0.0,0.0,0.0,0.0
73.0,fixed,4010电机001,left_proximal_positive,大腿垫高,True,1.4210854715202004e-14,0.0,0.0,0.0,0.0
73.0,fixed,4010电机,left_distal_positive,小腿004,False,0.0,40.78598153828706,0.0,0.0,0.0
73.0,fixed,4010电机001,left_distal_positive,小腿004,False,0.0,2.9365234279720975,0.0,0.0,0.0
73.0,fixed,4010电机003,right_proximal_negative,大腿垫高001,True,2.842170943040401e-14,0.0,0.0,0.0,0.0
73.0,fixed,4010电机002,right_proximal_positive,大腿002,True,1.4210854715202004e-14,0.0,0.0,0.0,0.0
73.0,fixed,4010电机002,right_distal_negative,小腿010,False,0.0,40.78598153864759,0.0,0.0,0.0
73.0,fixed,4010电机003,right_distal_negative,小腿010,False,0.0,2.9365234281317982,0.0,0.0,0.0
73.0,left_proximal_negative,大腿,left_distal_negative,推力轴承,True,0.0,1.2789769243681803e-13,0.0,0.0,0.0
73.0,left_proximal_negative,大腿,left_distal_negative,小腿001,True,1.0000000000001137,1.000000000000142,0.0,0.0,0.0
73.0,left_proximal_negative,大腿,left_distal_negative,cross recessed pan head screws gb_GB_CROSS_SCREWS_TYPE1 M4X16-16  H type-C,True,0.0,0.09999999966470446,0.0,0.0,0.0
73.0,left_proximal_negative,大腿,left_distal_negative,"hex nuts, style 1-grades ab gb_GB_FASTENER_NUT_SNAB1 M4-C",True,0.0,1.1368683772161603e-13,0.0,0.0,0.0
73.0,left_proximal_negative,大腿,left_distal_positive,小腿004,False,0.0,47.92401408912085,0.0,0.0,0.0
73.0,left_proximal_positive,大腿垫高,left_distal_negative,小腿001,False,0.0,47.92401408948054,0.0,0.0,0.0
73.0,left_proximal_positive,大腿001,left_distal_negative,小腿001,False,0.0,47.92401408948053,0.0,0.0,0.0
73.0,left_proximal_positive,大腿垫高,left_distal_positive,小腿004,True,0.0,9.957389748761365,0.0,0.0,0.0
73.0,left_proximal_positive,大腿001,left_distal_positive,小腿004,True,1.0000000000000995,1.000000000000142,0.0,0.0,0.0
73.0,left_proximal_positive,大腿001,left_distal_positive,推力轴承001,True,0.0,1.4210854715202004e-13,0.0,0.0,0.0
73.0,left_proximal_positive,大腿001,left_distal_positive,cross recessed pan head screws gb_GB_CROSS_SCREWS_TYPE1 M4X16-16  H type-C001,True,0.0,0.09999999958453402,0.0,0.0,0.0
73.0,left_proximal_positive,大腿001,left_distal_positive,"hex nuts, style 1-grades ab gb_GB_FASTENER_NUT_SNAB1 M4-C001",True,0.0,5.684341886080802e-14,0.0,0.0,0.0
73.0,left_distal_negative,小腿001,left_distal_positive,小腿004,True,0.9999999999999858,0.9999999999999858,0.0,0.0,0.0
73.0,left_distal_negative,小腿001,left_wheel,推力轴承002,True,0.0,1.4210854715202004e-14,0.0,0.0,0.0
73.0,left_distal_negative,小腿001,left_wheel,驱动板004,True,0.4999999999998721,0.4999999999998863,0.0,0.0,0.0
73.0,left_distal_negative,小腿001,left_wheel,MISUMI_CBSTSR4-16_内六角螺栓（盖螺栓）,True,0.0,0.0,0.0,0.0,0.0
73.0,left_distal_positive,小腿004,left_wheel,推力轴承002,True,0.0,0.0,0.0,0.0,0.0
73.0,left_distal_positive,小腿004,left_wheel,MISUMI_C-SE604ZZ_不锈钢小径滚珠轴承,True,0.0,1.4210854715202004e-14,0.0,0.0,0.0
73.0,left_distal_positive,小腿004,left_wheel,MISUMI_CBSTSR4-16_内六角螺栓（盖螺栓）,True,0.0,0.09999999939462723,0.0,0.0,0.0
73.0,right_proximal_negative,大腿垫高001,right_distal_negative,小腿010,True,0.0,9.957389748926358,0.0,0.0,0.0
73.0,right_proximal_negative,大腿003,right_distal_negative,推力轴承004,True,0.0,1.2789769243681803e-13,0.0,0.0,0.0
73.0,right_proximal_negative,大腿003,right_distal_negative,小腿009,True,2.0,2.0,0.0,0.0,0.0
73.0,right_proximal_negative,大腿003,right_distal_negative,小腿010,True,1.0,1.0,0.0,0.0,0.0
73.0,right_proximal_negative,大腿003,right_distal_negative,"hex nuts, style 1-grades ab gb_GB_FASTENER_NUT_SNAB1 M4-C005",True,1.1368683772161603e-13,1.4210854715202004e-13,0.0,0.0,0.0
73.0,right_proximal_negative,大腿003,right_distal_negative,cross recessed pan head screws gb_GB_CROSS_SCREWS_TYPE1 M4X16-16  H type-C003,True,0.0,0.0999999997203452,0.0,0.0,0.0
73.0,right_proximal_negative,大腿垫高001,right_distal_positive,小腿007,False,0.0,47.924014089120874,0.0,0.0,0.0
73.0,right_proximal_negative,大腿003,right_distal_positive,小腿007,False,0.0,47.924014089120824,0.0,0.0,0.0
73.0,right_proximal_positive,大腿002,right_distal_negative,小腿010,False,0.0,47.92401408948154,0.0,0.0,0.0
73.0,right_proximal_positive,大腿002,right_distal_positive,推力轴承003,True,0.0,0.0,0.0,0.0,0.0
73.0,right_proximal_positive,大腿002,right_distal_positive,小腿007,True,1.0,1.0000000000000142,0.0,0.0,0.0
73.0,right_proximal_positive,大腿002,right_distal_positive,cross recessed pan head screws gb_GB_CROSS_SCREWS_TYPE1 M4X16-16  H type-C002,True,0.0,0.09999999958301309,0.0,0.0,0.0
73.0,right_proximal_positive,大腿002,right_distal_positive,"hex nuts, style 1-grades ab gb_GB_FASTENER_NUT_SNAB1 M4-C003",True,0.0,1.4210854715202004e-14,0.0,0.0,0.0
73.0,right_distal_negative,小腿010,right_distal_positive,小腿007,True,1.0000000000000142,1.0000000000000142,0.0,0.0,0.0
73.0,right_distal_negative,小腿010,right_wheel,推力轴承005,True,0.0,1.4210854715202004e-14,0.0,0.0,0.0
73.0,right_distal_negative,小腿010,right_wheel,MISUMI_C-SE604ZZ_不锈钢小径滚珠轴承004,True,0.0,1.4210854715202004e-14,0.0,0.0,0.0
73.0,right_distal_negative,小腿010,right_wheel,MISUMI_CBSTSR4-16_内六角螺栓（盖螺栓）001,True,0.0,0.0999999997383875,0.0,0.0,0.0
73.0,right_distal_positive,小腿007,right_wheel,推力轴承005,True,0.0,0.0,0.0,0.0,0.0
73.0,right_distal_positive,小腿007,right_wheel,驱动板005,True,0.4999999999998863,0.49999999999991473,0.0,0.0,0.0
73.0,right_distal_positive,小腿007,right_wheel,MISUMI_CBSTSR4-16_内六角螺栓（盖螺栓）001,True,0.0,0.0,0.0,0.0,0.0
74.0,fixed,4010电机,left_proximal_negative,大腿,True,0.0,0.0,0.0,0.0,0.0
74.0,fixed,4010电机001,left_proximal_positive,大腿垫高,True,1.4210854715202004e-14,0.0,0.0,0.0,0.0
74.0,fixed,4010电机,left_distal_positive,小腿004,False,0.0,41.71156714569778,0.0,0.0,0.0
74.0,fixed,4010电机001,left_distal_positive,小腿004,False,0.0,3.581283736295806,0.0,0.0,0.0
74.0,fixed,4010电机003,right_proximal_negative,大腿垫高001,True,2.842170943040401e-14,0.0,0.0,0.0,0.0
74.0,fixed,4010电机002,right_proximal_positive,大腿002,True,1.4210854715202004e-14,0.0,0.0,0.0,0.0
74.0,fixed,4010电机002,right_distal_negative,小腿010,False,0.0,41.71156714605897,0.0,0.0,0.0
74.0,fixed,4010电机003,right_distal_negative,小腿010,False,0.0,3.5812837364555494,0.0,0.0,0.0
74.0,left_proximal_negative,大腿,left_distal_negative,推力轴承,True,0.0,1.2789769243681803e-13,0.0,0.0,0.0
74.0,left_proximal_negative,大腿,left_distal_negative,小腿001,True,1.0000000000001137,1.000000000000142,0.0,0.0,0.0
74.0,left_proximal_negative,大腿,left_distal_negative,cross recessed pan head screws gb_GB_CROSS_SCREWS_TYPE1 M4X16-16  H type-C,True,0.0,0.09999999967187723,0.0,0.0,0.0
74.0,left_proximal_negative,大腿,left_distal_negative,"hex nuts, style 1-grades ab gb_GB_FASTENER_NUT_SNAB1 M4-C",True,0.0,1.1368683772161603e-13,0.0,0.0,0.0
74.0,left_proximal_negative,大腿,left_distal_positive,小腿004,False,0.0,48.84985911032319,0.0,0.0,0.0
74.0,left_proximal_positive,大腿垫高,left_distal_negative,小腿001,False,0.0,48.84985911068352,0.0,0.0,0.0
74.0,left_proximal_positive,大腿001,left_distal_negative,小腿001,False,0.0,48.849859110683525,0.0,0.0,0.0
74.0,left_proximal_positive,大腿垫高,left_distal_positive,小腿004,True,0.0,10.620812081987836,0.0,0.0,0.0
74.0,left_proximal_positive,大腿001,left_distal_positive,小腿004,True,1.0000000000000995,1.000000000000142,0.0,0.0,0.0
74.0,left_proximal_positive,大腿001,left_distal_positive,推力轴承001,True,0.0,1.4210854715202004e-13,0.0,0.0,0.0
74.0,left_proximal_positive,大腿001,left_distal_positive,cross recessed pan head screws gb_GB_CROSS_SCREWS_TYPE1 M4X16-16  H type-C001,True,0.0,0.09999999959591371,0.0,0.0,0.0
74.0,left_proximal_positive,大腿001,left_distal_positive,"hex nuts, style 1-grades ab gb_GB_FASTENER_NUT_SNAB1 M4-C001",True,0.0,5.684341886080802e-14,0.0,0.0,0.0
74.0,left_distal_negative,小腿001,left_distal_positive,小腿004,True,0.9999999999999858,0.9999999999999858,0.0,0.0,0.0
74.0,left_distal_negative,小腿001,left_wheel,推力轴承002,True,0.0,1.4210854715202004e-14,0.0,0.0,0.0
74.0,left_distal_negative,小腿001,left_wheel,驱动板004,True,0.4999999999998721,0.4999999999998863,0.0,0.0,0.0
74.0,left_distal_negative,小腿001,left_wheel,MISUMI_CBSTSR4-16_内六角螺栓（盖螺栓）,True,0.0,0.0,0.0,0.0,0.0
74.0,left_distal_positive,小腿004,left_wheel,推力轴承002,True,0.0,0.0,0.0,0.0,0.0
74.0,left_distal_positive,小腿004,left_wheel,MISUMI_C-SE604ZZ_不锈钢小径滚珠轴承,True,0.0,1.4210854715202004e-14,0.0,0.0,0.0
74.0,left_distal_positive,小腿004,left_wheel,MISUMI_CBSTSR4-16_内六角螺栓（盖螺栓）,True,0.0,0.0999999993950575,0.0,0.0,0.0
74.0,right_proximal_negative,大腿垫高001,right_distal_negative,小腿010,True,0.0,10.620812082151392,0.0,0.0,0.0
74.0,right_proximal_negative,大腿003,right_distal_negative,推力轴承004,True,0.0,1.2789769243681803e-13,0.0,0.0,0.0
74.0,right_proximal_negative,大腿003,right_distal_negative,小腿009,True,2.0,2.0,0.0,0.0,0.0
74.0,right_proximal_negative,大腿003,right_distal_negative,小腿010,True,1.0,1.0,0.0,0.0,0.0
74.0,right_proximal_negative,大腿003,right_distal_negative,"hex nuts, style 1-grades ab gb_GB_FASTENER_NUT_SNAB1 M4-C005",True,1.1368683772161603e-13,1.4210854715202004e-13,0.0,0.0,0.0
74.0,right_proximal_negative,大腿003,right_distal_negative,cross recessed pan head screws gb_GB_CROSS_SCREWS_TYPE1 M4X16-16  H type-C003,True,0.0,0.0999999996695839,0.0,0.0,0.0
74.0,right_proximal_negative,大腿垫高001,right_distal_positive,小腿007,False,0.0,48.8498591103232,0.0,0.0,0.0
74.0,right_proximal_negative,大腿003,right_distal_positive,小腿007,False,0.0,48.84985911032316,0.0,0.0,0.0
74.0,right_proximal_positive,大腿002,right_distal_negative,小腿010,False,0.0,48.84985911068454,0.0,0.0,0.0
74.0,right_proximal_positive,大腿002,right_distal_positive,推力轴承003,True,0.0,0.0,0.0,0.0,0.0
74.0,right_proximal_positive,大腿002,right_distal_positive,小腿007,True,1.0,1.0000000000000142,0.0,0.0,0.0
74.0,right_proximal_positive,大腿002,right_distal_positive,cross recessed pan head screws gb_GB_CROSS_SCREWS_TYPE1 M4X16-16  H type-C002,True,0.0,0.09999999957057724,0.0,0.0,0.0
74.0,right_proximal_positive,大腿002,right_distal_positive,"hex nuts, style 1-grades ab gb_GB_FASTENER_NUT_SNAB1 M4-C003",True,0.0,1.4210854715202004e-14,0.0,0.0,0.0
74.0,right_distal_negative,小腿010,right_distal_positive,小腿007,True,1.0000000000000142,1.0000000000000142,0.0,0.0,0.0
74.0,right_distal_negative,小腿010,right_wheel,推力轴承005,True,0.0,1.4210854715202004e-14,0.0,0.0,0.0
74.0,right_distal_negative,小腿010,right_wheel,MISUMI_C-SE604ZZ_不锈钢小径滚珠轴承004,True,0.0,1.4210854715202004e-14,0.0,0.0,0.0
74.0,right_distal_negative,小腿010,right_wheel,MISUMI_CBSTSR4-16_内六角螺栓（盖螺栓）001,True,0.0,0.0999999997383561,0.0,0.0,0.0
74.0,right_distal_positive,小腿007,right_wheel,推力轴承005,True,0.0,0.0,0.0,0.0,0.0
74.0,right_distal_positive,小腿007,right_wheel,驱动板005,True,0.4999999999998863,0.49999999999991473,0.0,0.0,0.0
74.0,right_distal_positive,小腿007,right_wheel,MISUMI_CBSTSR4-16_内六角螺栓（盖螺栓）001,True,0.0,0.0,0.0,0.0,0.0
75.0,fixed,4010电机,left_proximal_negative,大腿,True,0.0,0.0,0.0,0.0,0.0
75.0,fixed,4010电机001,left_proximal_positive,大腿垫高,True,1.4210854715202004e-14,0.0,0.0,0.0,0.0
75.0,fixed,4010电机,left_distal_positive,小腿004,False,0.0,42.63893127030788,0.0,0.0,0.0
75.0,fixed,4010电机001,left_distal_positive,小腿004,False,0.0,4.21458272546127,0.0,0.0,0.0
75.0,fixed,4010电机003,right_proximal_negative,大腿垫高001,True,2.842170943040401e-14,0.0,0.0,0.0,0.0
75.0,fixed,4010电机002,right_proximal_positive,大腿002,True,1.4210854715202004e-14,0.0,0.0,0.0,0.0
75.0,fixed,4010电机002,right_distal_negative,小腿010,False,0.0,42.63893127066969,0.0,0.0,0.0
75.0,fixed,4010电机003,right_distal_negative,小腿010,False,0.0,4.214582725620496,0.0,0.0,0.0
75.0,left_proximal_negative,大腿,left_distal_negative,推力轴承,True,0.0,1.2789769243681803e-13,0.0,0.0,0.0
75.0,left_proximal_negative,大腿,left_distal_negative,小腿001,True,1.0000000000001137,1.000000000000142,0.0,0.0,0.0
75.0,left_proximal_negative,大腿,left_distal_negative,cross recessed pan head screws gb_GB_CROSS_SCREWS_TYPE1 M4X16-16  H type-C,True,0.0,0.0999999996790322,0.0,0.0,0.0
75.0,left_proximal_negative,大腿,left_distal_negative,"hex nuts, style 1-grades ab gb_GB_FASTENER_NUT_SNAB1 M4-C",True,0.0,1.1368683772161603e-13,0.0,0.0,0.0
75.0,left_proximal_negative,大腿,left_distal_positive,小腿004,False,0.0,49.77747210662858,0.0,0.0,0.0
75.0,left_proximal_positive,大腿垫高,left_distal_negative,小腿001,False,0.0,49.77747210698955,0.0,0.0,0.0
75.0,left_proximal_positive,大腿001,left_distal_negative,小腿001,False,0.0,49.77747210698954,0.0,0.0,0.0
75.0,left_proximal_positive,大腿垫高,left_distal_positive,小腿004,True,0.0,11.267799624905127,0.0,0.0,0.0
75.0,left_proximal_positive,大腿001,left_distal_positive,小腿004,True,1.0000000000000995,1.000000000000142,0.0,0.0,0.0
75.0,left_proximal_positive,大腿001,left_distal_positive,推力轴承001,True,0.0,1.4210854715202004e-13,0.0,0.0,0.0
75.0,left_proximal_positive,大腿001,left_distal_positive,cross recessed pan head screws gb_GB_CROSS_SCREWS_TYPE1 M4X16-16  H type-C001,True,0.0,0.0999999995816549,0.0,0.0,0.0
75.0,left_proximal_positive,大腿001,left_distal_positive,"hex nuts, style 1-grades ab gb_GB_FASTENER_NUT_SNAB1 M4-C001",True,0.0,5.684341886080802e-14,0.0,0.0,0.0
75.0,left_distal_negative,小腿001,left_distal_positive,小腿004,True,0.9999999999999858,0.9999999999999858,0.0,0.0,0.0
75.0,left_distal_negative,小腿001,left_wheel,推力轴承002,True,0.0,1.4210854715202004e-14,0.0,0.0,0.0
75.0,left_distal_negative,小腿001,left_wheel,驱动板004,True,0.4999999999998721,0.4999999999998863,0.0,0.0,0.0
75.0,left_distal_negative,小腿001,left_wheel,MISUMI_CBSTSR4-16_内六角螺栓（盖螺栓）,True,0.0,0.0,0.0,0.0,0.0
75.0,left_distal_positive,小腿004,left_wheel,推力轴承002,True,0.0,0.0,0.0,0.0,0.0
75.0,left_distal_positive,小腿004,left_wheel,MISUMI_C-SE604ZZ_不锈钢小径滚珠轴承,True,0.0,1.4210854715202004e-14,0.0,0.0,0.0
75.0,left_distal_positive,小腿004,left_wheel,MISUMI_CBSTSR4-16_内六角螺栓（盖螺栓）,True,0.0,0.09999999939551778,0.0,0.0,0.0
75.0,right_proximal_negative,大腿垫高001,right_distal_negative,小腿010,True,0.0,11.267799625067239,0.0,0.0,0.0
75.0,right_proximal_negative,大腿003,right_distal_negative,推力轴承004,True,0.0,1.2789769243681803e-13,0.0,0.0,0.0
75.0,right_proximal_negative,大腿003,right_distal_negative,小腿009,True,2.0,2.0,0.0,0.0,0.0
75.0,right_proximal_negative,大腿003,right_distal_negative,小腿010,True,1.0,1.0,0.0,0.0,0.0
75.0,right_proximal_negative,大腿003,right_distal_negative,"hex nuts, style 1-grades ab gb_GB_FASTENER_NUT_SNAB1 M4-C005",True,1.1368683772161603e-13,1.4210854715202004e-13,0.0,0.0,0.0
75.0,right_proximal_negative,大腿003,right_distal_negative,cross recessed pan head screws gb_GB_CROSS_SCREWS_TYPE1 M4X16-16  H type-C003,True,0.0,0.09999999965424572,0.0,0.0,0.0
75.0,right_proximal_negative,大腿垫高001,right_distal_positive,小腿007,False,0.0,49.77747210662859,0.0,0.0,0.0
75.0,right_proximal_negative,大腿003,right_distal_positive,小腿007,False,0.0,49.777472106628565,0.0,0.0,0.0
75.0,right_proximal_positive,大腿002,right_distal_negative,小腿010,False,0.0,49.77747210699056,0.0,0.0,0.0
75.0,right_proximal_positive,大腿002,right_distal_positive,推力轴承003,True,0.0,0.0,0.0,0.0,0.0
75.0,right_proximal_positive,大腿002,right_distal_positive,小腿007,True,1.0,1.0000000000000142,0.0,0.0,0.0
75.0,right_proximal_positive,大腿002,right_distal_positive,cross recessed pan head screws gb_GB_CROSS_SCREWS_TYPE1 M4X16-16  H type-C002,True,0.0,0.09999999960249416,0.0,0.0,0.0
75.0,right_proximal_positive,大腿002,right_distal_positive,"hex nuts, style 1-grades ab gb_GB_FASTENER_NUT_SNAB1 M4-C003",True,0.0,1.4210854715202004e-14,0.0,0.0,0.0
75.0,right_distal_negative,小腿010,right_distal_positive,小腿007,True,1.0000000000000142,1.0000000000000142,0.0,0.0,0.0
75.0,right_distal_negative,小腿010,right_wheel,推力轴承005,True,0.0,1.4210854715202004e-14,0.0,0.0,0.0
75.0,right_distal_negative,小腿010,right_wheel,MISUMI_C-SE604ZZ_不锈钢小径滚珠轴承004,True,0.0,1.4210854715202004e-14,0.0,0.0,0.0
75.0,right_distal_negative,小腿010,right_wheel,MISUMI_CBSTSR4-16_内六角螺栓（盖螺栓）001,True,0.0,0.09999999973829035,0.0,0.0,0.0
75.0,right_distal_positive,小腿007,right_wheel,推力轴承005,True,0.0,0.0,0.0,0.0,0.0
75.0,right_distal_positive,小腿007,right_wheel,驱动板005,True,0.4999999999998863,0.49999999999991473,0.0,0.0,0.0
75.0,right_distal_positive,小腿007,right_wheel,MISUMI_CBSTSR4-16_内六角螺栓（盖螺栓）001,True,0.0,0.0,0.0,0.0,0.0
76.0,fixed,4010电机,left_proximal_negative,大腿,True,0.0,0.0,0.0,0.0,0.0
76.0,fixed,4010电机001,left_proximal_positive,大腿垫高,True,1.4210854715202004e-14,0.0,0.0,0.0,0.0
76.0,fixed,4010电机,left_distal_positive,小腿004,False,0.0,43.568013083652694,0.0,0.0,0.0
76.0,fixed,4010电机001,left_distal_positive,小腿004,False,0.0,4.834987773940231,0.0,0.0,0.0
76.0,fixed,4010电机003,right_proximal_negative,大腿垫高001,True,2.842170943040401e-14,0.0,0.0,0.0,0.0
76.0,fixed,4010电机002,right_proximal_positive,大腿002,True,1.4210854715202004e-14,0.0,0.0,0.0,0.0
76.0,fixed,4010电机002,right_distal_negative,小腿010,False,0.0,43.568013084015114,0.0,0.0,0.0
76.0,fixed,4010电机003,right_distal_negative,小腿010,False,0.0,4.834987774098589,0.0,0.0,0.0
76.0,left_proximal_negative,大腿,left_distal_negative,推力轴承,True,0.0,1.2789769243681803e-13,0.0,0.0,0.0
76.0,left_proximal_negative,大腿,left_distal_negative,小腿001,True,1.0000000000001137,1.000000000000142,0.0,0.0,0.0
76.0,left_proximal_negative,大腿,left_distal_negative,cross recessed pan head screws gb_GB_CROSS_SCREWS_TYPE1 M4X16-16  H type-C,True,0.0,0.09999999966928658,0.0,0.0,0.0
76.0,left_proximal_negative,大腿,left_distal_negative,"hex nuts, style 1-grades ab gb_GB_FASTENER_NUT_SNAB1 M4-C",True,0.0,1.1368683772161603e-13,0.0,0.0,0.0
76.0,left_proximal_negative,大腿,left_distal_positive,小腿004,False,0.0,50.706792862869264,0.0,0.0,0.0
76.0,left_proximal_positive,大腿垫高,left_distal_negative,小腿001,False,0.0,50.70679286323083,0.0,0.0,0.0
76.0,left_proximal_positive,大腿001,left_distal_negative,小腿001,False,0.0,50.706792863230845,0.0,0.0,0.0
76.0,left_proximal_positive,大腿垫高,left_distal_positive,小腿004,True,0.0,11.89865917601938,0.0,0.0,0.0
76.0,left_proximal_positive,大腿001,left_distal_positive,小腿004,True,1.0000000000000995,1.000000000000142,0.0,0.0,0.0
76.0,left_proximal_positive,大腿001,left_distal_positive,推力轴承001,True,0.0,1.4210854715202004e-13,0.0,0.0,0.0
76.0,left_proximal_positive,大腿001,left_distal_positive,cross recessed pan head screws gb_GB_CROSS_SCREWS_TYPE1 M4X16-16  H type-C001,True,0.0,0.09999999961067775,0.0,0.0,0.0
76.0,left_proximal_positive,大腿001,left_distal_positive,"hex nuts, style 1-grades ab gb_GB_FASTENER_NUT_SNAB1 M4-C001",True,0.0,5.684341886080802e-14,0.0,0.0,0.0
76.0,left_distal_negative,小腿001,left_distal_positive,小腿004,True,0.9999999999999858,0.9999999999999858,0.0,0.0,0.0
76.0,left_distal_negative,小腿001,left_wheel,推力轴承002,True,0.0,1.4210854715202004e-14,0.0,0.0,0.0
76.0,left_distal_negative,小腿001,left_wheel,驱动板004,True,0.4999999999998721,0.4999999999998863,0.0,0.0,0.0
76.0,left_distal_negative,小腿001,left_wheel,MISUMI_CBSTSR4-16_内六角螺栓（盖螺栓）,True,0.0,0.0,0.0,0.0,0.0
76.0,left_distal_positive,小腿004,left_wheel,推力轴承002,True,0.0,0.0,0.0,0.0,0.0
76.0,left_distal_positive,小腿004,left_wheel,MISUMI_C-SE604ZZ_不锈钢小径滚珠轴承,True,0.0,1.4210854715202004e-14,0.0,0.0,0.0
76.0,left_distal_positive,小腿004,left_wheel,MISUMI_CBSTSR4-16_内六角螺栓（盖螺栓）,True,0.0,0.09999999939608899,0.0,0.0,0.0
76.0,right_proximal_negative,大腿垫高001,right_distal_negative,小腿010,True,0.0,11.898659176179988,0.0,0.0,0.0
76.0,right_proximal_negative,大腿003,right_distal_negative,推力轴承004,True,0.0,1.2789769243681803e-13,0.0,0.0,0.0
76.0,right_proximal_negative,大腿003,right_distal_negative,小腿009,True,2.0,2.0,0.0,0.0,0.0
76.0,right_proximal_negative,大腿003,right_distal_negative,小腿010,True,1.0,1.0,0.0,0.0,0.0
76.0,right_proximal_negative,大腿003,right_distal_negative,"hex nuts, style 1-grades ab gb_GB_FASTENER_NUT_SNAB1 M4-C005",True,1.1368683772161603e-13,1.4210854715202004e-13,0.0,0.0,0.0
76.0,right_proximal_negative,大腿003,right_distal_negative,cross recessed pan head screws gb_GB_CROSS_SCREWS_TYPE1 M4X16-16  H type-C003,True,0.0,0.09999999967458496,0.0,0.0,0.0
76.0,right_proximal_negative,大腿垫高001,right_distal_positive,小腿007,False,0.0,50.70679286286928,0.0,0.0,0.0
76.0,right_proximal_negative,大腿003,right_distal_positive,小腿007,False,0.0,50.706792862869236,0.0,0.0,0.0
76.0,right_proximal_positive,大腿002,right_distal_negative,小腿010,False,0.0,50.706792863231875,0.0,0.0,0.0
76.0,right_proximal_positive,大腿002,right_distal_positive,推力轴承003,True,0.0,0.0,0.0,0.0,0.0
76.0,right_proximal_positive,大腿002,right_distal_positive,小腿007,True,1.0,1.0000000000000142,0.0,0.0,0.0
76.0,right_proximal_positive,大腿002,right_distal_positive,cross recessed pan head screws gb_GB_CROSS_SCREWS_TYPE1 M4X16-16  H type-C002,True,0.0,0.09999999967321335,0.0,0.0,0.0
76.0,right_proximal_positive,大腿002,right_distal_positive,"hex nuts, style 1-grades ab gb_GB_FASTENER_NUT_SNAB1 M4-C003",True,0.0,1.4210854715202004e-14,0.0,0.0,0.0
76.0,right_distal_negative,小腿010,right_distal_positive,小腿007,True,1.0000000000000142,1.0000000000000142,0.0,0.0,0.0
76.0,right_distal_negative,小腿010,right_wheel,推力轴承005,True,0.0,1.4210854715202004e-14,0.0,0.0,0.0
76.0,right_distal_negative,小腿010,right_wheel,MISUMI_C-SE604ZZ_不锈钢小径滚珠轴承004,True,0.0,1.4210854715202004e-14,0.0,0.0,0.0
76.0,right_distal_negative,小腿010,right_wheel,MISUMI_CBSTSR4-16_内六角螺栓（盖螺栓）001,True,0.0,0.09999999973826576,0.0,0.0,0.0
76.0,right_distal_positive,小腿007,right_wheel,推力轴承005,True,0.0,0.0,0.0,0.0,0.0
76.0,right_distal_positive,小腿007,right_wheel,驱动板005,True,0.4999999999998863,0.49999999999991473,0.0,0.0,0.0
76.0,right_distal_positive,小腿007,right_wheel,MISUMI_CBSTSR4-16_内六角螺栓（盖螺栓）001,True,0.0,0.0,0.0,0.0,0.0
77.0,fixed,4010电机,left_proximal_negative,大腿,True,0.0,0.0,0.0,0.0,0.0
77.0,fixed,4010电机001,left_proximal_positive,大腿垫高,True,1.4210854715202004e-14,0.0,0.0,0.0,0.0
77.0,fixed,4010电机,left_distal_positive,小腿004,False,0.0,44.498754403394116,0.0,0.0,0.0
77.0,fixed,4010电机001,left_distal_positive,小腿004,False,0.0,5.441741951229455,0.0,0.0,0.0
77.0,fixed,4010电机003,right_proximal_negative,大腿垫高001,True,2.842170943040401e-14,0.0,0.0,0.0,0.0
77.0,fixed,4010电机002,right_proximal_positive,大腿002,True,1.4210854715202004e-14,0.0,0.0,0.0,0.0
77.0,fixed,4010电机002,right_distal_negative,小腿010,False,0.0,44.49875440375714,0.0,0.0,0.0
77.0,fixed,4010电机003,right_distal_negative,小腿010,False,0.0,5.441741951386752,0.0,0.0,0.0
77.0,left_proximal_negative,大腿,left_distal_negative,推力轴承,True,0.0,1.2789769243681803e-13,0.0,0.0,0.0
77.0,left_proximal_negative,大腿,left_distal_negative,小腿001,True,1.0000000000001137,1.000000000000142,0.0,0.0,0.0
77.0,left_proximal_negative,大腿,left_distal_negative,cross recessed pan head screws gb_GB_CROSS_SCREWS_TYPE1 M4X16-16  H type-C,True,0.0,0.09999999966884754,0.0,0.0,0.0
77.0,left_proximal_negative,大腿,left_distal_negative,"hex nuts, style 1-grades ab gb_GB_FASTENER_NUT_SNAB1 M4-C",True,0.0,1.1368683772161603e-13,0.0,0.0,0.0
77.0,left_proximal_negative,大腿,left_distal_positive,小腿004,False,0.0,51.63776376411984,0.0,0.0,0.0
77.0,left_proximal_positive,大腿垫高,left_distal_negative,小腿001,False,0.0,51.63776376448203,0.0,0.0,0.0
77.0,left_proximal_positive,大腿001,left_distal_negative,小腿001,False,0.0,51.63776376448204,0.0,0.0,0.0
77.0,left_proximal_positive,大腿垫高,left_distal_positive,小腿004,True,0.0,12.513649846293353,0.0,0.0,0.0
77.0,left_proximal_positive,大腿001,left_distal_positive,小腿004,True,1.0000000000000995,1.000000000000142,0.0,0.0,0.0
77.0,left_proximal_positive,大腿001,left_distal_positive,推力轴承001,True,0.0,1.4210854715202004e-13,0.0,0.0,0.0
77.0,left_proximal_positive,大腿001,left_distal_positive,cross recessed pan head screws gb_GB_CROSS_SCREWS_TYPE1 M4X16-16  H type-C001,True,0.0,0.099999999627522,0.0,0.0,0.0
77.0,left_proximal_positive,大腿001,left_distal_positive,"hex nuts, style 1-grades ab gb_GB_FASTENER_NUT_SNAB1 M4-C001",True,0.0,5.684341886080802e-14,0.0,0.0,0.0
77.0,left_distal_negative,小腿001,left_distal_positive,小腿004,True,0.9999999999999858,0.9999999999999858,0.0,0.0,0.0
77.0,left_distal_negative,小腿001,left_wheel,推力轴承002,True,0.0,1.4210854715202004e-14,0.0,0.0,0.0
77.0,left_distal_negative,小腿001,left_wheel,驱动板004,True,0.4999999999998721,0.4999999999998863,0.0,0.0,0.0
77.0,left_distal_negative,小腿001,left_wheel,MISUMI_CBSTSR4-16_内六角螺栓（盖螺栓）,True,0.0,0.0,0.0,0.0,0.0
77.0,left_distal_positive,小腿004,left_wheel,推力轴承002,True,0.0,0.0,0.0,0.0,0.0
77.0,left_distal_positive,小腿004,left_wheel,MISUMI_C-SE604ZZ_不锈钢小径滚珠轴承,True,0.0,1.4210854715202004e-14,0.0,0.0,0.0
77.0,left_distal_positive,小腿004,left_wheel,MISUMI_CBSTSR4-16_内六角螺栓（盖螺栓）,True,0.0,0.09999999939667777,0.0,0.0,0.0
77.0,right_proximal_negative,大腿垫高001,right_distal_negative,小腿010,True,0.0,12.513649846452443,0.0,0.0,0.0
77.0,right_proximal_negative,大腿003,right_distal_negative,推力轴承004,True,0.0,1.2789769243681803e-13,0.0,0.0,0.0
77.0,right_proximal_negative,大腿003,right_distal_negative,小腿009,True,2.0,2.0,0.0,0.0,0.0
77.0,right_proximal_negative,大腿003,right_distal_negative,小腿010,True,1.0,1.0,0.0,0.0,0.0
77.0,right_proximal_negative,大腿003,right_distal_negative,"hex nuts, style 1-grades ab gb_GB_FASTENER_NUT_SNAB1 M4-C005",True,1.1368683772161603e-13,1.4210854715202004e-13,0.0,0.0,0.0
77.0,right_proximal_negative,大腿003,right_distal_negative,cross recessed pan head screws gb_GB_CROSS_SCREWS_TYPE1 M4X16-16  H type-C003,True,0.0,0.09999999972704249,0.0,0.0,0.0
77.0,right_proximal_negative,大腿垫高001,right_distal_positive,小腿007,False,0.0,51.63776376411985,0.0,0.0,0.0
77.0,right_proximal_negative,大腿003,right_distal_positive,小腿007,False,0.0,51.63776376411981,0.0,0.0,0.0
77.0,right_proximal_positive,大腿002,right_distal_negative,小腿010,False,0.0,51.637763764483054,0.0,0.0,0.0
77.0,right_proximal_positive,大腿002,right_distal_positive,推力轴承003,True,0.0,0.0,0.0,0.0,0.0
77.0,right_proximal_positive,大腿002,right_distal_positive,小腿007,True,1.0,1.0000000000000142,0.0,0.0,0.0
77.0,right_proximal_positive,大腿002,right_distal_positive,cross recessed pan head screws gb_GB_CROSS_SCREWS_TYPE1 M4X16-16  H type-C002,True,0.0,0.0999999997227899,0.0,0.0,0.0
77.0,right_proximal_positive,大腿002,right_distal_positive,"hex nuts, style 1-grades ab gb_GB_FASTENER_NUT_SNAB1 M4-C003",True,0.0,1.4210854715202004e-14,0.0,0.0,0.0
77.0,right_distal_negative,小腿010,right_distal_positive,小腿007,True,1.0000000000000142,1.0000000000000142,0.0,0.0,0.0
77.0,right_distal_negative,小腿010,right_wheel,推力轴承005,True,0.0,1.4210854715202004e-14,0.0,0.0,0.0
77.0,right_distal_negative,小腿010,right_wheel,MISUMI_C-SE604ZZ_不锈钢小径滚珠轴承004,True,0.0,1.4210854715202004e-14,0.0,0.0,0.0
77.0,right_distal_negative,小腿010,right_wheel,MISUMI_CBSTSR4-16_内六角螺栓（盖螺栓）001,True,0.0,0.09999999973819144,0.0,0.0,0.0
77.0,right_distal_positive,小腿007,right_wheel,推力轴承005,True,0.0,0.0,0.0,0.0,0.0
77.0,right_distal_positive,小腿007,right_wheel,驱动板005,True,0.4999999999998863,0.49999999999991473,0.0,0.0,0.0
77.0,right_distal_positive,小腿007,right_wheel,MISUMI_CBSTSR4-16_内六角螺栓（盖螺栓）001,True,0.0,0.0,0.0,0.0,0.0
78.0,fixed,4010电机,left_proximal_negative,大腿,True,0.0,0.0,0.0,0.0,0.0
78.0,fixed,4010电机001,left_proximal_positive,大腿垫高,True,1.4210854715202004e-14,1.4210854715202004e-14,0.0,0.0,0.0
78.0,fixed,4010电机,left_distal_positive,小腿004,False,0.0,45.38181119118171,0.0,0.0,0.0
78.0,fixed,4010电机001,left_distal_positive,小腿004,False,0.0,6.034429715323253,0.0,0.0,0.0
78.0,fixed,4010电机003,right_proximal_negative,大腿垫高001,True,2.842170943040401e-14,0.0,0.0,0.0,0.0
78.0,fixed,4010电机002,right_proximal_positive,大腿002,True,1.4210854715202004e-14,0.0,0.0,0.0,0.0
78.0,fixed,4010电机002,right_distal_negative,小腿010,False,0.0,45.38181119143258,0.0,0.0,0.0
78.0,fixed,4010电机003,right_distal_negative,小腿010,False,0.0,6.034429715479372,0.0,0.0,0.0
78.0,left_proximal_negative,大腿,left_distal_negative,推力轴承,True,0.0,1.2789769243681803e-13,0.0,0.0,0.0
78.0,left_proximal_negative,大腿,left_distal_negative,小腿001,True,1.0000000000001137,1.000000000000142,0.0,0.0,0.0
78.0,left_proximal_negative,大腿,left_distal_negative,cross recessed pan head screws gb_GB_CROSS_SCREWS_TYPE1 M4X16-16  H type-C,True,0.0,0.0999999996989433,0.0,0.0,0.0
78.0,left_proximal_negative,大腿,left_distal_negative,"hex nuts, style 1-grades ab gb_GB_FASTENER_NUT_SNAB1 M4-C",True,0.0,1.1368683772161603e-13,0.0,0.0,0.0
78.0,left_proximal_negative,大腿,left_distal_positive,小腿004,False,0.0,52.52102985026786,0.0,0.0,0.0
78.0,left_proximal_positive,大腿垫高,left_distal_negative,小腿001,False,0.0,52.52102985051793,0.0,0.0,0.0
78.0,left_proximal_positive,大腿001,left_distal_negative,小腿001,False,0.0,52.521029850517884,0.0,0.0,0.0
78.0,left_proximal_positive,大腿垫高,left_distal_positive,小腿004,True,0.0,13.112987966370683,0.0,0.0,0.0
78.0,left_proximal_positive,大腿001,left_distal_positive,小腿004,True,1.0000000000000995,1.000000000000142,0.0,0.0,0.0
78.0,left_proximal_positive,大腿001,left_distal_positive,推力轴承001,True,0.0,1.4210854715202004e-13,0.0,0.0,0.0
78.0,left_proximal_positive,大腿001,left_distal_positive,cross recessed pan head screws gb_GB_CROSS_SCREWS_TYPE1 M4X16-16  H type-C001,True,0.0,0.09999999963759136,0.0,0.0,0.0
78.0,left_proximal_positive,大腿001,left_distal_positive,"hex nuts, style 1-grades ab gb_GB_FASTENER_NUT_SNAB1 M4-C001",True,0.0,5.684341886080802e-14,0.0,0.0,0.0
78.0,left_distal_negative,小腿001,left_distal_positive,小腿004,True,0.9999999999999858,0.9999999999999858,0.0,0.0,0.0
78.0,left_distal_negative,小腿001,left_wheel,推力轴承002,True,0.0,1.4210854715202004e-14,0.0,0.0,0.0
78.0,left_distal_negative,小腿001,left_wheel,驱动板004,True,0.4999999999998721,0.4999999999998863,0.0,0.0,0.0
78.0,left_distal_negative,小腿001,left_wheel,MISUMI_CBSTSR4-16_内六角螺栓（盖螺栓）,True,0.0,0.0,0.0,0.0,0.0
78.0,left_distal_positive,小腿004,left_wheel,推力轴承002,True,0.0,0.0,0.0,0.0,0.0
78.0,left_distal_positive,小腿004,left_wheel,MISUMI_C-SE604ZZ_不锈钢小径滚珠轴承,True,0.0,1.4210854715202004e-14,0.0,0.0,0.0
78.0,left_distal_positive,小腿004,left_wheel,MISUMI_CBSTSR4-16_内六角螺栓（盖螺栓）,True,0.0,0.09999999945003424,0.0,0.0,0.0
78.0,right_proximal_negative,大腿垫高001,right_distal_negative,小腿010,True,0.0,13.112987966528257,0.0,0.0,0.0
78.0,right_proximal_negative,大腿003,right_distal_negative,推力轴承004,True,0.0,1.2789769243681803e-13,0.0,0.0,0.0
78.0,right_proximal_negative,大腿003,right_distal_negative,小腿009,True,2.0,2.0,0.0,0.0,0.0
78.0,right_proximal_negative,大腿003,right_distal_negative,小腿010,True,1.0,1.0,0.0,0.0,0.0
78.0,right_proximal_negative,大腿003,right_distal_negative,"hex nuts, style 1-grades ab gb_GB_FASTENER_NUT_SNAB1 M4-C005",True,1.1368683772161603e-13,1.4210854715202004e-13,0.0,0.0,0.0
78.0,right_proximal_negative,大腿003,right_distal_negative,cross recessed pan head screws gb_GB_CROSS_SCREWS_TYPE1 M4X16-16  H type-C003,True,0.0,0.09999999976459086,0.0,0.0,0.0
78.0,right_proximal_negative,大腿垫高001,right_distal_positive,小腿007,False,0.0,52.52102985026786,0.0,0.0,0.0
78.0,right_proximal_negative,大腿003,right_distal_positive,小腿007,False,0.0,52.521029850267816,0.0,0.0,0.0
78.0,right_proximal_positive,大腿002,right_distal_negative,小腿010,False,0.0,52.52102985051875,0.0,0.0,0.0
78.0,right_proximal_positive,大腿002,right_distal_positive,推力轴承003,True,0.0,0.0,0.0,0.0,0.0
78.0,right_proximal_positive,大腿002,right_distal_positive,小腿007,True,1.0,1.0000000000000142,0.0,0.0,0.0
78.0,right_proximal_positive,大腿002,right_distal_positive,cross recessed pan head screws gb_GB_CROSS_SCREWS_TYPE1 M4X16-16  H type-C002,True,0.0,0.09999999972786026,0.0,0.0,0.0
78.0,right_proximal_positive,大腿002,right_distal_positive,"hex nuts, style 1-grades ab gb_GB_FASTENER_NUT_SNAB1 M4-C003",True,0.0,1.4210854715202004e-14,0.0,0.0,0.0
78.0,right_distal_negative,小腿010,right_distal_positive,小腿007,True,1.0000000000000142,1.0000000000000142,0.0,0.0,0.0
78.0,right_distal_negative,小腿010,right_wheel,推力轴承005,True,0.0,1.4210854715202004e-14,0.0,0.0,0.0
78.0,right_distal_negative,小腿010,right_wheel,MISUMI_C-SE604ZZ_不锈钢小径滚珠轴承004,True,0.0,1.4210854715202004e-14,0.0,0.0,0.0
78.0,right_distal_negative,小腿010,right_wheel,MISUMI_CBSTSR4-16_内六角螺栓（盖螺栓）001,True,0.0,0.09999999973812326,0.0,0.0,0.0
78.0,right_distal_positive,小腿007,right_wheel,推力轴承005,True,0.0,0.0,0.0,0.0,0.0
78.0,right_distal_positive,小腿007,right_wheel,驱动板005,True,0.4999999999998863,0.49999999999991473,0.0,0.0,0.0
78.0,right_distal_positive,小腿007,right_wheel,MISUMI_CBSTSR4-16_内六角螺栓（盖螺栓）001,True,0.0,0.0,0.0,0.0,0.0
79.0,fixed,4010电机,left_proximal_negative,大腿,True,0.0,0.0,0.0,0.0,0.0
79.0,fixed,4010电机001,left_proximal_positive,大腿垫高,True,1.4210854715202004e-14,1.4210854715202004e-14,0.0,0.0,0.0
79.0,fixed,4010电机,left_distal_positive,小腿004,False,0.0,46.06870163074924,0.0,0.0,0.0
79.0,fixed,4010电机001,left_distal_positive,小腿004,False,0.0,6.612815769944458,0.0,0.0,0.0
79.0,fixed,4010电机003,right_proximal_negative,大腿垫高001,True,2.842170943040401e-14,0.0,0.0,0.0,0.0
79.0,fixed,4010电机002,right_proximal_positive,大腿002,True,1.4210854715202004e-14,0.0,0.0,0.0,0.0
79.0,fixed,4010电机002,right_distal_negative,小腿010,False,0.0,46.068701630998426,0.0,0.0,0.0
79.0,fixed,4010电机003,right_distal_negative,小腿010,False,0.0,6.61281577009929,0.0,0.0,0.0
79.0,left_proximal_negative,大腿,left_distal_negative,推力轴承,True,0.0,1.2789769243681803e-13,0.0,0.0,0.0
79.0,left_proximal_negative,大腿,left_distal_negative,小腿001,True,1.0000000000001137,1.000000000000142,0.0,0.0,0.0
79.0,left_proximal_negative,大腿,left_distal_negative,cross recessed pan head screws gb_GB_CROSS_SCREWS_TYPE1 M4X16-16  H type-C,True,0.0,0.09999999970493985,0.0,0.0,0.0
79.0,left_proximal_negative,大腿,left_distal_negative,"hex nuts, style 1-grades ab gb_GB_FASTENER_NUT_SNAB1 M4-C",True,0.0,1.1368683772161603e-13,0.0,0.0,0.0
79.0,left_proximal_negative,大腿,left_distal_positive,小腿004,False,0.0,53.208077661592796,0.0,0.0,0.0
79.0,left_proximal_positive,大腿垫高,left_distal_negative,小腿001,False,0.0,53.208077661841195,0.0,0.0,0.0
79.0,left_proximal_positive,大腿001,left_distal_negative,小腿001,False,0.0,53.20807766184116,0.0,0.0,0.0
79.0,left_proximal_positive,大腿垫高,left_distal_positive,小腿004,True,0.0,13.696851260434054,0.0,0.0,0.0
79.0,left_proximal_positive,大腿001,left_distal_positive,小腿004,True,1.0000000000000995,1.000000000000142,0.0,0.0,0.0
79.0,left_proximal_positive,大腿001,left_distal_positive,推力轴承001,True,0.0,1.4210854715202004e-13,0.0,0.0,0.0
79.0,left_proximal_positive,大腿001,left_distal_positive,cross recessed pan head screws gb_GB_CROSS_SCREWS_TYPE1 M4X16-16  H type-C001,True,0.0,0.09999999964771793,0.0,0.0,0.0
79.0,left_proximal_positive,大腿001,left_distal_positive,"hex nuts, style 1-grades ab gb_GB_FASTENER_NUT_SNAB1 M4-C001",True,0.0,5.684341886080802e-14,0.0,0.0,0.0
79.0,left_distal_negative,小腿001,left_distal_positive,小腿004,True,0.9999999999999858,0.9999999999999858,0.0,0.0,0.0
79.0,left_distal_negative,小腿001,left_wheel,推力轴承002,True,0.0,1.4210854715202004e-14,0.0,0.0,0.0
79.0,left_distal_negative,小腿001,left_wheel,驱动板004,True,0.4999999999998721,0.4999999999998863,0.0,0.0,0.0
79.0,left_distal_negative,小腿001,left_wheel,MISUMI_CBSTSR4-16_内六角螺栓（盖螺栓）,True,0.0,0.0,0.0,0.0,0.0
79.0,left_distal_positive,小腿004,left_wheel,推力轴承002,True,0.0,0.0,0.0,0.0,0.0
79.0,left_distal_positive,小腿004,left_wheel,MISUMI_C-SE604ZZ_不锈钢小径滚珠轴承,True,0.0,1.4210854715202004e-14,0.0,0.0,0.0
79.0,left_distal_positive,小腿004,left_wheel,MISUMI_CBSTSR4-16_内六角螺栓（盖螺栓）,True,0.0,0.09999999944907498,0.0,0.0,0.0
79.0,right_proximal_negative,大腿垫高001,right_distal_negative,小腿010,True,0.0,13.6968512605901,0.0,0.0,0.0
79.0,right_proximal_negative,大腿003,right_distal_negative,推力轴承004,True,0.0,1.2789769243681803e-13,0.0,0.0,0.0
79.0,right_proximal_negative,大腿003,right_distal_negative,小腿009,True,2.0,2.0,0.0,0.0,0.0
79.0,right_proximal_negative,大腿003,right_distal_negative,小腿010,True,1.0,1.0,0.0,0.0,0.0
79.0,right_proximal_negative,大腿003,right_distal_negative,"hex nuts, style 1-grades ab gb_GB_FASTENER_NUT_SNAB1 M4-C005",True,1.1368683772161603e-13,1.4210854715202004e-13,0.0,0.0,0.0
79.0,right_proximal_negative,大腿003,right_distal_negative,cross recessed pan head screws gb_GB_CROSS_SCREWS_TYPE1 M4X16-16  H type-C003,True,0.0,0.09999999979144916,0.0,0.0,0.0
79.0,right_proximal_negative,大腿垫高001,right_distal_positive,小腿007,False,0.0,53.208077661592796,0.0,0.0,0.0
79.0,right_proximal_negative,大腿003,right_distal_positive,小腿007,False,0.0,53.20807766159277,0.0,0.0,0.0
79.0,right_proximal_positive,大腿002,right_distal_negative,小腿010,False,0.0,53.20807766184202,0.0,0.0,0.0
79.0,right_proximal_positive,大腿002,right_distal_positive,推力轴承003,True,0.0,0.0,0.0,0.0,0.0
79.0,right_proximal_positive,大腿002,right_distal_positive,小腿007,True,1.0,1.0000000000000142,0.0,0.0,0.0
79.0,right_proximal_positive,大腿002,right_distal_positive,cross recessed pan head screws gb_GB_CROSS_SCREWS_TYPE1 M4X16-16  H type-C002,True,0.0,0.09999999974579803,0.0,0.0,0.0
79.0,right_proximal_positive,大腿002,right_distal_positive,"hex nuts, style 1-grades ab gb_GB_FASTENER_NUT_SNAB1 M4-C003",True,0.0,1.4210854715202004e-14,0.0,0.0,0.0
79.0,right_distal_negative,小腿010,right_distal_positive,小腿007,True,1.0000000000000142,1.0000000000000142,0.0,0.0,0.0
79.0,right_distal_negative,小腿010,right_wheel,推力轴承005,True,0.0,1.4210854715202004e-14,0.0,0.0,0.0
79.0,right_distal_negative,小腿010,right_wheel,MISUMI_C-SE604ZZ_不锈钢小径滚珠轴承004,True,0.0,1.4210854715202004e-14,0.0,0.0,0.0
79.0,right_distal_negative,小腿010,right_wheel,MISUMI_CBSTSR4-16_内六角螺栓（盖螺栓）001,True,0.0,0.09999999973806002,0.0,0.0,0.0
79.0,right_distal_positive,小腿007,right_wheel,推力轴承005,True,0.0,0.0,0.0,0.0,0.0
79.0,right_distal_positive,小腿007,right_wheel,驱动板005,True,0.4999999999998863,0.49999999999991473,0.0,0.0,0.0
79.0,right_distal_positive,小腿007,right_wheel,MISUMI_CBSTSR4-16_内六角螺栓（盖螺栓）001,True,0.0,0.0,0.0,0.0,0.0
80.0,fixed,4010电机,left_proximal_negative,大腿,True,0.0,0.0,0.0,0.0,0.0
80.0,fixed,4010电机001,left_proximal_positive,大腿垫高,True,1.4210854715202004e-14,1.4210854715202004e-14,0.0,0.0,0.0
80.0,fixed,4010电机,left_distal_positive,小腿004,False,0.0,46.74730704656434,0.0,0.0,0.0
80.0,fixed,4010电机001,left_distal_positive,小腿004,False,0.0,7.176761682702882,0.0,0.0,0.0
80.0,fixed,4010电机003,right_proximal_negative,大腿垫高001,True,2.842170943040401e-14,0.0,0.0,0.0,0.0
80.0,fixed,4010电机002,right_proximal_positive,大腿002,True,1.4210854715202004e-14,0.0,0.0,0.0,0.0
80.0,fixed,4010电机002,right_distal_negative,小腿010,False,0.0,46.74730704681174,0.0,0.0,0.0
80.0,fixed,4010电机003,right_distal_negative,小腿010,False,0.0,7.176761682856328,0.0,0.0,0.0
80.0,left_proximal_negative,大腿,left_distal_negative,推力轴承,True,0.0,1.2789769243681803e-13,0.0,0.0,0.0
80.0,left_proximal_negative,大腿,left_distal_negative,小腿001,True,1.0000000000001137,1.000000000000142,0.0,0.0,0.0
80.0,left_proximal_negative,大腿,left_distal_negative,cross recessed pan head screws gb_GB_CROSS_SCREWS_TYPE1 M4X16-16  H type-C,True,0.0,0.09999999971097842,0.0,0.0,0.0
80.0,left_proximal_negative,大腿,left_distal_negative,"hex nuts, style 1-grades ab gb_GB_FASTENER_NUT_SNAB1 M4-C",True,0.0,1.1368683772161603e-13,0.0,0.0,0.0
80.0,left_proximal_negative,大腿,left_distal_positive,小腿004,False,0.0,53.88683410322573,0.0,0.0,0.0
80.0,left_proximal_positive,大腿垫高,left_distal_negative,小腿001,False,0.0,53.886834103472346,0.0,0.0,0.0
80.0,left_proximal_positive,大腿001,left_distal_negative,小腿001,False,0.0,53.88683410347231,0.0,0.0,0.0
80.0,left_proximal_positive,大腿垫高,left_distal_positive,小腿004,True,0.0,14.26538240723862,0.0,0.0,0.0
80.0,left_proximal_positive,大腿001,left_distal_positive,小腿004,True,1.0000000000000995,1.000000000000142,0.0,0.0,0.0
80.0,left_proximal_positive,大腿001,left_distal_positive,推力轴承001,True,0.0,1.4210854715202004e-13,0.0,0.0,0.0
80.0,left_proximal_positive,大腿001,left_distal_positive,cross recessed pan head screws gb_GB_CROSS_SCREWS_TYPE1 M4X16-16  H type-C001,True,0.0,0.09999999965349866,0.0,0.0,0.0
80.0,left_proximal_positive,大腿001,left_distal_positive,"hex nuts, style 1-grades ab gb_GB_FASTENER_NUT_SNAB1 M4-C001",True,0.0,5.684341886080802e-14,0.0,0.0,0.0
80.0,left_distal_negative,小腿001,left_distal_positive,小腿004,True,0.9999999999999858,0.9999999999999858,0.0,0.0,0.0
80.0,left_distal_negative,小腿001,left_wheel,推力轴承002,True,0.0,1.4210854715202004e-14,0.0,0.0,0.0
80.0,left_distal_negative,小腿001,left_wheel,驱动板004,True,0.4999999999998721,0.4999999999998863,0.0,0.0,0.0
80.0,left_distal_negative,小腿001,left_wheel,MISUMI_CBSTSR4-16_内六角螺栓（盖螺栓）,True,0.0,0.0,0.0,0.0,0.0
80.0,left_distal_positive,小腿004,left_wheel,推力轴承002,True,0.0,0.0,0.0,0.0,0.0
80.0,left_distal_positive,小腿004,left_wheel,MISUMI_C-SE604ZZ_不锈钢小径滚珠轴承,True,0.0,1.4210854715202004e-14,0.0,0.0,0.0
80.0,left_distal_positive,小腿004,left_wheel,MISUMI_CBSTSR4-16_内六角螺栓（盖螺栓）,True,0.0,0.09999999944812284,0.0,0.0,0.0
80.0,right_proximal_negative,大腿垫高001,right_distal_negative,小腿010,True,0.0,14.265382407393092,0.0,0.0,0.0
80.0,right_proximal_negative,大腿003,right_distal_negative,推力轴承004,True,0.0,1.2789769243681803e-13,0.0,0.0,0.0
80.0,right_proximal_negative,大腿003,right_distal_negative,小腿009,True,2.0,2.0,0.0,0.0,0.0
80.0,right_proximal_negative,大腿003,right_distal_negative,小腿010,True,1.0,1.0,0.0,0.0,0.0
80.0,right_proximal_negative,大腿003,right_distal_negative,"hex nuts, style 1-grades ab gb_GB_FASTENER_NUT_SNAB1 M4-C005",True,1.1368683772161603e-13,1.4210854715202004e-13,0.0,0.0,0.0
80.0,right_proximal_negative,大腿003,right_distal_negative,cross recessed pan head screws gb_GB_CROSS_SCREWS_TYPE1 M4X16-16  H type-C003,True,0.0,0.099999999787103,0.0,0.0,0.0
80.0,right_proximal_negative,大腿垫高001,right_distal_positive,小腿007,False,0.0,53.88683410322573,0.0,0.0,0.0
80.0,right_proximal_negative,大腿003,right_distal_positive,小腿007,False,0.0,53.8868341032257,0.0,0.0,0.0
80.0,right_proximal_positive,大腿002,right_distal_negative,小腿010,False,0.0,53.886834103473184,0.0,0.0,0.0
80.0,right_proximal_positive,大腿002,right_distal_positive,推力轴承003,True,0.0,0.0,0.0,0.0,0.0
80.0,right_proximal_positive,大腿002,right_distal_positive,小腿007,True,1.0,1.0000000000000142,0.0,0.0,0.0
80.0,right_proximal_positive,大腿002,right_distal_positive,cross recessed pan head screws gb_GB_CROSS_SCREWS_TYPE1 M4X16-16  H type-C002,True,0.0,0.09999999974628913,0.0,0.0,0.0
80.0,right_proximal_positive,大腿002,right_distal_positive,"hex nuts, style 1-grades ab gb_GB_FASTENER_NUT_SNAB1 M4-C003",True,0.0,1.4210854715202004e-14,0.0,0.0,0.0
80.0,right_distal_negative,小腿010,right_distal_positive,小腿007,True,1.0000000000000142,1.0000000000000142,0.0,0.0,0.0
80.0,right_distal_negative,小腿010,right_wheel,推力轴承005,True,0.0,1.4210854715202004e-14,0.0,0.0,0.0
80.0,right_distal_negative,小腿010,right_wheel,MISUMI_C-SE604ZZ_不锈钢小径滚珠轴承004,True,0.0,1.4210854715202004e-14,0.0,0.0,0.0
80.0,right_distal_negative,小腿010,right_wheel,MISUMI_CBSTSR4-16_内六角螺栓（盖螺栓）001,True,0.0,0.09999999973797595,0.0,0.0,0.0
80.0,right_distal_positive,小腿007,right_wheel,推力轴承005,True,0.0,0.0,0.0,0.0,0.0
80.0,right_distal_positive,小腿007,right_wheel,驱动板005,True,0.4999999999998863,0.49999999999991473,0.0,0.0,0.0
80.0,right_distal_positive,小腿007,right_wheel,MISUMI_CBSTSR4-16_内六角螺栓（盖螺栓）001,True,0.0,0.0,0.0,0.0,0.0
81.0,fixed,4010电机,left_proximal_negative,大腿,True,0.0,0.0,0.0,0.0,0.0
81.0,fixed,4010电机001,left_proximal_positive,大腿垫高,True,1.4210854715202004e-14,0.0,0.0,0.0,0.0
81.0,fixed,4010电机,left_distal_positive,小腿004,False,0.0,47.41740211012503,0.0,0.0,0.0
81.0,fixed,4010电机001,left_distal_positive,小腿004,False,0.0,7.726180291183948,0.0,0.0,0.0
81.0,fixed,4010电机003,right_proximal_negative,大腿垫高001,True,2.842170943040401e-14,0.0,0.0,0.0,0.0
81.0,fixed,4010电机002,right_proximal_positive,大腿002,True,1.4210854715202004e-14,0.0,0.0,0.0,0.0
81.0,fixed,4010电机002,right_distal_negative,小腿010,False,0.0,47.41740211037067,0.0,0.0,0.0
81.0,fixed,4010电机003,right_distal_negative,小腿010,False,0.0,7.726180291335983,0.0,0.0,0.0
81.0,left_proximal_negative,大腿,left_distal_negative,推力轴承,True,0.0,1.2789769243681803e-13,0.0,0.0,0.0
81.0,left_proximal_negative,大腿,left_distal_negative,小腿001,True,1.0000000000001137,1.000000000000142,0.0,0.0,0.0
81.0,left_proximal_negative,大腿,left_distal_negative,cross recessed pan head screws gb_GB_CROSS_SCREWS_TYPE1 M4X16-16  H type-C,True,0.0,0.09999999971234351,0.0,0.0,0.0
81.0,left_proximal_negative,大腿,left_distal_negative,"hex nuts, style 1-grades ab gb_GB_FASTENER_NUT_SNAB1 M4-C",True,0.0,1.1368683772161603e-13,0.0,0.0,0.0
81.0,left_proximal_negative,大腿,left_distal_positive,小腿004,False,0.0,54.55707414307895,0.0,0.0,0.0
81.0,left_proximal_positive,大腿垫高,left_distal_negative,小腿001,False,0.0,54.557074143323796,0.0,0.0,0.0
81.0,left_proximal_positive,大腿001,left_distal_negative,小腿001,False,0.0,54.55707414332377,0.0,0.0,0.0
81.0,left_proximal_positive,大腿垫高,left_distal_positive,小腿004,True,0.0,14.818692085559816,0.0,0.0,0.0
81.0,left_proximal_positive,大腿001,left_distal_positive,小腿004,True,1.0000000000000995,1.000000000000142,0.0,0.0,0.0
81.0,left_proximal_positive,大腿001,left_distal_positive,推力轴承001,True,0.0,1.4210854715202004e-13,0.0,0.0,0.0
81.0,left_proximal_positive,大腿001,left_distal_positive,cross recessed pan head screws gb_GB_CROSS_SCREWS_TYPE1 M4X16-16  H type-C001,True,0.0,0.09999999966491821,0.0,0.0,0.0
81.0,left_proximal_positive,大腿001,left_distal_positive,"hex nuts, style 1-grades ab gb_GB_FASTENER_NUT_SNAB1 M4-C001",True,0.0,5.684341886080802e-14,0.0,0.0,0.0
81.0,left_distal_negative,小腿001,left_distal_positive,小腿004,True,0.9999999999999858,0.9999999999999858,0.0,0.0,0.0
81.0,left_distal_negative,小腿001,left_wheel,推力轴承002,True,0.0,1.4210854715202004e-14,0.0,0.0,0.0
81.0,left_distal_negative,小腿001,left_wheel,驱动板004,True,0.4999999999998721,0.4999999999998863,0.0,0.0,0.0
81.0,left_distal_negative,小腿001,left_wheel,MISUMI_CBSTSR4-16_内六角螺栓（盖螺栓）,True,0.0,0.0,0.0,0.0,0.0
81.0,left_distal_positive,小腿004,left_wheel,推力轴承002,True,0.0,0.0,0.0,0.0,0.0
81.0,left_distal_positive,小腿004,left_wheel,MISUMI_C-SE604ZZ_不锈钢小径滚珠轴承,True,0.0,1.4210854715202004e-14,0.0,0.0,0.0
81.0,left_distal_positive,小腿004,left_wheel,MISUMI_CBSTSR4-16_内六角螺栓（盖螺栓）,True,0.0,0.09999999944708543,0.0,0.0,0.0
81.0,right_proximal_negative,大腿垫高001,right_distal_negative,小腿010,True,0.0,14.818692085712717,0.0,0.0,0.0
81.0,right_proximal_negative,大腿003,right_distal_negative,推力轴承004,True,0.0,1.2789769243681803e-13,0.0,0.0,0.0
81.0,right_proximal_negative,大腿003,right_distal_negative,小腿009,True,2.0,2.0,0.0,0.0,0.0
81.0,right_proximal_negative,大腿003,right_distal_negative,小腿010,True,1.0,1.0,0.0,0.0,0.0
81.0,right_proximal_negative,大腿003,right_distal_negative,"hex nuts, style 1-grades ab gb_GB_FASTENER_NUT_SNAB1 M4-C005",True,1.1368683772161603e-13,1.4210854715202004e-13,0.0,0.0,0.0
81.0,right_proximal_negative,大腿003,right_distal_negative,cross recessed pan head screws gb_GB_CROSS_SCREWS_TYPE1 M4X16-16  H type-C003,True,0.0,0.09999999979385396,0.0,0.0,0.0
81.0,right_proximal_negative,大腿垫高001,right_distal_positive,小腿007,False,0.0,54.55707414307894,0.0,0.0,0.0
81.0,right_proximal_negative,大腿003,right_distal_positive,小腿007,False,0.0,54.557074143078914,0.0,0.0,0.0
81.0,right_proximal_positive,大腿002,right_distal_negative,小腿010,False,0.0,54.55707414332463,0.0,0.0,0.0
81.0,right_proximal_positive,大腿002,right_distal_positive,推力轴承003,True,0.0,0.0,0.0,0.0,0.0
81.0,right_proximal_positive,大腿002,right_distal_positive,小腿007,True,1.0,1.0000000000000142,0.0,0.0,0.0
81.0,right_proximal_positive,大腿002,right_distal_positive,cross recessed pan head screws gb_GB_CROSS_SCREWS_TYPE1 M4X16-16  H type-C002,True,0.0,0.09999999971758985,0.0,0.0,0.0
81.0,right_proximal_positive,大腿002,right_distal_positive,"hex nuts, style 1-grades ab gb_GB_FASTENER_NUT_SNAB1 M4-C003",True,0.0,1.4210854715202004e-14,0.0,0.0,0.0
81.0,right_distal_negative,小腿010,right_distal_positive,小腿007,True,1.0000000000000142,1.0000000000000142,0.0,0.0,0.0
81.0,right_distal_negative,小腿010,right_wheel,推力轴承005,True,0.0,1.4210854715202004e-14,0.0,0.0,0.0
81.0,right_distal_negative,小腿010,right_wheel,MISUMI_C-SE604ZZ_不锈钢小径滚珠轴承004,True,0.0,1.4210854715202004e-14,0.0,0.0,0.0
81.0,right_distal_negative,小腿010,right_wheel,MISUMI_CBSTSR4-16_内六角螺栓（盖螺栓）001,True,0.0,0.09999999974141466,0.0,0.0,0.0
81.0,right_distal_positive,小腿007,right_wheel,推力轴承005,True,0.0,0.0,0.0,0.0,0.0
81.0,right_distal_positive,小腿007,right_wheel,驱动板005,True,0.4999999999998863,0.49999999999991473,0.0,0.0,0.0
81.0,right_distal_positive,小腿007,right_wheel,MISUMI_CBSTSR4-16_内六角螺栓（盖螺栓）001,True,0.0,0.0,0.0,0.0,0.0
82.0,fixed,4010电机,left_proximal_negative,大腿,True,0.0,1.1368683772161603e-13,0.0,0.0,0.0
82.0,fixed,4010电机001,left_proximal_positive,大腿垫高,True,1.4210854715202004e-14,0.0,0.0,0.0,0.0
82.0,fixed,4010电机,left_distal_positive,小腿004,False,0.0,48.078756689533876,0.0,0.0,0.0
82.0,fixed,4010电机001,left_distal_positive,小腿004,False,0.0,8.26100967540655,0.0,0.0,0.0
82.0,fixed,4010电机003,right_proximal_negative,大腿垫高001,True,2.842170943040401e-14,2.842170943040401e-14,0.0,0.0,0.0
82.0,fixed,4010电机002,right_proximal_positive,大腿002,True,1.4210854715202004e-14,1.4210854715202004e-14,0.0,0.0,0.0
82.0,fixed,4010电机002,right_distal_negative,小腿010,False,0.0,48.07875668977768,0.0,0.0,0.0
82.0,fixed,4010电机003,right_distal_negative,小腿010,False,0.0,8.261009675557085,0.0,0.0,0.0
82.0,left_proximal_negative,大腿,left_distal_negative,推力轴承,True,0.0,1.2789769243681803e-13,0.0,0.0,0.0
82.0,left_proximal_negative,大腿,left_distal_negative,小腿001,True,1.0000000000001137,1.000000000000142,0.0,0.0,0.0
82.0,left_proximal_negative,大腿,left_distal_negative,cross recessed pan head screws gb_GB_CROSS_SCREWS_TYPE1 M4X16-16  H type-C,True,0.0,0.0999999997195235,0.0,0.0,0.0
82.0,left_proximal_negative,大腿,left_distal_negative,"hex nuts, style 1-grades ab gb_GB_FASTENER_NUT_SNAB1 M4-C",True,0.0,1.1368683772161603e-13,0.0,0.0,0.0
82.0,left_proximal_negative,大腿,left_distal_positive,小腿004,False,0.0,55.21856792479753,0.0,0.0,0.0
82.0,left_proximal_positive,大腿垫高,left_distal_negative,小腿001,False,0.0,55.21856792504053,0.0,0.0,0.0
82.0,left_proximal_positive,大腿001,left_distal_negative,小腿001,False,0.0,55.21856792504051,0.0,0.0,0.0
82.0,left_proximal_positive,大腿垫高,left_distal_positive,小腿004,True,0.0,15.35686158297027,0.0,0.0,0.0
82.0,left_proximal_positive,大腿001,left_distal_positive,小腿004,True,1.0000000000000995,1.000000000000142,0.0,0.0,0.0
82.0,left_proximal_positive,大腿001,left_distal_positive,推力轴承001,True,0.0,1.4210854715202004e-13,0.0,0.0,0.0
82.0,left_proximal_positive,大腿001,left_distal_positive,cross recessed pan head screws gb_GB_CROSS_SCREWS_TYPE1 M4X16-16  H type-C001,True,0.0,0.09999999965708757,0.0,0.0,0.0
82.0,left_proximal_positive,大腿001,left_distal_positive,"hex nuts, style 1-grades ab gb_GB_FASTENER_NUT_SNAB1 M4-C001",True,0.0,5.684341886080802e-14,0.0,0.0,0.0
82.0,left_distal_negative,小腿001,left_distal_positive,小腿004,True,0.9999999999999858,0.9999999999999858,0.0,0.0,0.0
82.0,left_distal_negative,小腿001,left_wheel,推力轴承002,True,0.0,1.4210854715202004e-14,0.0,0.0,0.0
82.0,left_distal_negative,小腿001,left_wheel,驱动板004,True,0.4999999999998721,0.4999999999998863,0.0,0.0,0.0
82.0,left_distal_negative,小腿001,left_wheel,MISUMI_CBSTSR4-16_内六角螺栓（盖螺栓）,True,0.0,0.0,0.0,0.0,0.0
82.0,left_distal_positive,小腿004,left_wheel,推力轴承002,True,0.0,0.0,0.0,0.0,0.0
82.0,left_distal_positive,小腿004,left_wheel,MISUMI_C-SE604ZZ_不锈钢小径滚珠轴承,True,0.0,1.4210854715202004e-14,0.0,0.0,0.0
82.0,left_distal_positive,小腿004,left_wheel,MISUMI_CBSTSR4-16_内六角螺栓（盖螺栓）,True,0.0,0.09999999944601959,0.0,0.0,0.0
82.0,right_proximal_negative,大腿垫高001,right_distal_negative,小腿010,True,0.0,15.35686158312154,0.0,0.0,0.0
82.0,right_proximal_negative,大腿003,right_distal_negative,推力轴承004,True,0.0,1.2789769243681803e-13,0.0,0.0,0.0
82.0,right_proximal_negative,大腿003,right_distal_negative,小腿009,True,2.0,2.0,0.0,0.0,0.0
82.0,right_proximal_negative,大腿003,right_distal_negative,小腿010,True,1.0,1.0,0.0,0.0,0.0
82.0,right_proximal_negative,大腿003,right_distal_negative,"hex nuts, style 1-grades ab gb_GB_FASTENER_NUT_SNAB1 M4-C005",True,1.1368683772161603e-13,1.4210854715202004e-13,0.0,0.0,0.0
82.0,right_proximal_negative,大腿003,right_distal_negative,cross recessed pan head screws gb_GB_CROSS_SCREWS_TYPE1 M4X16-16  H type-C003,True,0.0,0.09999999976631344,0.0,0.0,0.0
82.0,right_proximal_negative,大腿垫高001,right_distal_positive,小腿007,False,0.0,55.21856792479751,0.0,0.0,0.0
82.0,right_proximal_negative,大腿003,right_distal_positive,小腿007,False,0.0,55.21856792479748,0.0,0.0,0.0
82.0,right_proximal_positive,大腿002,right_distal_negative,小腿010,False,0.0,55.21856792504138,0.0,0.0,0.0
82.0,right_proximal_positive,大腿002,right_distal_positive,推力轴承003,True,0.0,0.0,0.0,0.0,0.0
82.0,right_proximal_positive,大腿002,right_distal_positive,小腿007,True,1.0,1.0000000000000142,0.0,0.0,0.0
82.0,right_proximal_positive,大腿002,right_distal_positive,cross recessed pan head screws gb_GB_CROSS_SCREWS_TYPE1 M4X16-16  H type-C002,True,0.0,0.09999999967509293,0.0,0.0,0.0
82.0,right_proximal_positive,大腿002,right_distal_positive,"hex nuts, style 1-grades ab gb_GB_FASTENER_NUT_SNAB1 M4-C003",True,0.0,1.4210854715202004e-14,0.0,0.0,0.0
82.0,right_distal_negative,小腿010,right_distal_positive,小腿007,True,1.0000000000000142,1.0000000000000142,0.0,0.0,0.0
82.0,right_distal_negative,小腿010,right_wheel,推力轴承005,True,0.0,1.4210854715202004e-14,0.0,0.0,0.0
82.0,right_distal_negative,小腿010,right_wheel,MISUMI_C-SE604ZZ_不锈钢小径滚珠轴承004,True,0.0,1.4210854715202004e-14,0.0,0.0,0.0
82.0,right_distal_negative,小腿010,right_wheel,MISUMI_CBSTSR4-16_内六角螺栓（盖螺栓）001,True,0.0,0.09999999974150289,0.0,0.0,0.0
82.0,right_distal_positive,小腿007,right_wheel,推力轴承005,True,0.0,0.0,0.0,0.0,0.0
82.0,right_distal_positive,小腿007,right_wheel,驱动板005,True,0.4999999999998863,0.49999999999991473,0.0,0.0,0.0
82.0,right_distal_positive,小腿007,right_wheel,MISUMI_CBSTSR4-16_内六角螺栓（盖螺栓）001,True,0.0,0.0,0.0,0.0,0.0
83.0,fixed,4010电机,left_proximal_negative,大腿,True,0.0,1.1368683772161603e-13,0.0,0.0,0.0
83.0,fixed,4010电机001,left_proximal_positive,大腿垫高,True,1.4210854715202004e-14,0.0,0.0,0.0,0.0
83.0,fixed,4010电机,left_distal_positive,小腿004,False,0.0,48.731135827389856,0.0,0.0,0.0
83.0,fixed,4010电机001,left_distal_positive,小腿004,False,0.0,8.781197796396992,0.0,0.0,0.0
83.0,fixed,4010电机003,right_proximal_negative,大腿垫高001,True,2.842170943040401e-14,2.842170943040401e-14,0.0,0.0,0.0
83.0,fixed,4010电机002,right_proximal_positive,大腿002,True,1.4210854715202004e-14,1.4210854715202004e-14,0.0,0.0,0.0
83.0,fixed,4010电机002,right_distal_negative,小腿010,False,0.0,48.731135827631824,0.0,0.0,0.0
83.0,fixed,4010电机003,right_distal_negative,小腿010,False,0.0,8.781197796546035,0.0,0.0,0.0
83.0,left_proximal_negative,大腿,left_distal_negative,推力轴承,True,0.0,1.2789769243681803e-13,0.0,0.0,0.0
83.0,left_proximal_negative,大腿,left_distal_negative,小腿001,True,1.0000000000001137,1.000000000000142,0.0,0.0,0.0
83.0,left_proximal_negative,大腿,left_distal_negative,cross recessed pan head screws gb_GB_CROSS_SCREWS_TYPE1 M4X16-16  H type-C,True,0.0,0.09999999972671743,0.0,0.0,0.0
83.0,left_proximal_negative,大腿,left_distal_negative,"hex nuts, style 1-grades ab gb_GB_FASTENER_NUT_SNAB1 M4-C",True,0.0,1.1368683772161603e-13,0.0,0.0,0.0
83.0,left_proximal_negative,大腿,left_distal_positive,小腿004,False,0.0,55.871080747327895,0.0,0.0,0.0
83.0,left_proximal_positive,大腿垫高,left_distal_negative,小腿001,False,0.0,55.871080747569074,0.0,0.0,0.0
83.0,left_proximal_positive,大腿001,left_distal_negative,小腿001,False,0.0,55.871080747569046,0.0,0.0,0.0
83.0,left_proximal_positive,大腿垫高,left_distal_positive,小腿004,True,0.0,15.879945032334028,0.0,0.0,0.0
83.0,left_proximal_positive,大腿001,left_distal_positive,小腿004,True,1.0000000000000995,1.000000000000142,0.0,0.0,0.0
83.0,left_proximal_positive,大腿001,left_distal_positive,推力轴承001,True,0.0,1.4210854715202004e-13,0.0,0.0,0.0
83.0,left_proximal_positive,大腿001,left_distal_positive,cross recessed pan head screws gb_GB_CROSS_SCREWS_TYPE1 M4X16-16  H type-C001,True,0.0,0.09999999968774713,0.0,0.0,0.0
83.0,left_proximal_positive,大腿001,left_distal_positive,"hex nuts, style 1-grades ab gb_GB_FASTENER_NUT_SNAB1 M4-C001",True,0.0,5.684341886080802e-14,0.0,0.0,0.0
83.0,left_distal_negative,小腿001,left_distal_positive,小腿004,True,0.9999999999999858,0.9999999999999858,0.0,0.0,0.0
83.0,left_distal_negative,小腿001,left_wheel,推力轴承002,True,0.0,1.4210854715202004e-14,0.0,0.0,0.0
83.0,left_distal_negative,小腿001,left_wheel,驱动板004,True,0.4999999999998721,0.4999999999998863,0.0,0.0,0.0
83.0,left_distal_negative,小腿001,left_wheel,MISUMI_CBSTSR4-16_内六角螺栓（盖螺栓）,True,0.0,0.0,0.0,0.0,0.0
83.0,left_distal_positive,小腿004,left_wheel,推力轴承002,True,0.0,0.0,0.0,0.0,0.0
83.0,left_distal_positive,小腿004,left_wheel,MISUMI_C-SE604ZZ_不锈钢小径滚珠轴承,True,0.0,1.4210854715202004e-14,0.0,0.0,0.0
83.0,left_distal_positive,小腿004,left_wheel,MISUMI_CBSTSR4-16_内六角螺栓（盖螺栓）,True,0.0,0.0999999994448756,0.0,0.0,0.0
83.0,right_proximal_negative,大腿垫高001,right_distal_negative,小腿010,True,0.0,15.8799450324837,0.0,0.0,0.0
83.0,right_proximal_negative,大腿003,right_distal_negative,推力轴承004,True,0.0,1.2789769243681803e-13,0.0,0.0,0.0
83.0,right_proximal_negative,大腿003,right_distal_negative,小腿009,True,2.0,2.0,0.0,0.0,0.0
83.0,right_proximal_negative,大腿003,right_distal_negative,小腿010,True,1.0,1.0,0.0,0.0,0.0
83.0,right_proximal_negative,大腿003,right_distal_negative,"hex nuts, style 1-grades ab gb_GB_FASTENER_NUT_SNAB1 M4-C005",True,1.1368683772161603e-13,1.4210854715202004e-13,0.0,0.0,0.0
83.0,right_proximal_negative,大腿003,right_distal_negative,cross recessed pan head screws gb_GB_CROSS_SCREWS_TYPE1 M4X16-16  H type-C003,True,0.0,0.0999999997246825,0.0,0.0,0.0
83.0,right_proximal_negative,大腿垫高001,right_distal_positive,小腿007,False,0.0,55.87108074732789,0.0,0.0,0.0
83.0,right_proximal_negative,大腿003,right_distal_positive,小腿007,False,0.0,55.87108074732786,0.0,0.0,0.0
83.0,right_proximal_positive,大腿002,right_distal_negative,小腿010,False,0.0,55.87108074756992,0.0,0.0,0.0
83.0,right_proximal_positive,大腿002,right_distal_positive,推力轴承003,True,0.0,0.0,0.0,0.0,0.0
83.0,right_proximal_positive,大腿002,right_distal_positive,小腿007,True,1.0,1.0000000000000142,0.0,0.0,0.0
83.0,right_proximal_positive,大腿002,right_distal_positive,cross recessed pan head screws gb_GB_CROSS_SCREWS_TYPE1 M4X16-16  H type-C002,True,0.0,0.09999999967163346,0.0,0.0,0.0
83.0,right_proximal_positive,大腿002,right_distal_positive,"hex nuts, style 1-grades ab gb_GB_FASTENER_NUT_SNAB1 M4-C003",True,0.0,1.4210854715202004e-14,0.0,0.0,0.0
83.0,right_distal_negative,小腿010,right_distal_positive,小腿007,True,1.0000000000000142,1.0000000000000142,0.0,0.0,0.0
83.0,right_distal_negative,小腿010,right_wheel,推力轴承005,True,0.0,1.4210854715202004e-14,0.0,0.0,0.0
83.0,right_distal_negative,小腿010,right_wheel,MISUMI_C-SE604ZZ_不锈钢小径滚珠轴承004,True,0.0,1.4210854715202004e-14,0.0,0.0,0.0
83.0,right_distal_negative,小腿010,right_wheel,MISUMI_CBSTSR4-16_内六角螺栓（盖螺栓）001,True,0.0,0.09999999974158125,0.0,0.0,0.0
83.0,right_distal_positive,小腿007,right_wheel,推力轴承005,True,0.0,0.0,0.0,0.0,0.0
83.0,right_distal_positive,小腿007,right_wheel,驱动板005,True,0.4999999999998863,0.49999999999991473,0.0,0.0,0.0
83.0,right_distal_positive,小腿007,right_wheel,MISUMI_CBSTSR4-16_内六角螺栓（盖螺栓）001,True,0.0,0.0,0.0,0.0,0.0
84.0,fixed,4010电机,left_proximal_negative,大腿,True,0.0,1.1368683772161603e-13,0.0,0.0,0.0
84.0,fixed,4010电机001,left_proximal_positive,大腿垫高,True,1.4210854715202004e-14,0.0,0.0,0.0,0.0
84.0,fixed,4010电机,left_distal_positive,小腿004,False,0.0,49.374299663253936,0.0,0.0,0.0
84.0,fixed,4010电机001,left_distal_positive,小腿004,False,0.0,9.286693197011463,0.0,0.0,0.0
84.0,fixed,4010电机003,right_proximal_negative,大腿垫高001,True,2.842170943040401e-14,2.842170943040401e-14,0.0,0.0,0.0
84.0,fixed,4010电机002,right_proximal_positive,大腿002,True,1.4210854715202004e-14,1.4210854715202004e-14,0.0,0.0,0.0
84.0,fixed,4010电机002,right_distal_negative,小腿010,False,0.0,49.37429966349403,0.0,0.0,0.0
84.0,fixed,4010电机003,right_distal_negative,小腿010,False,0.0,9.28669319715897,0.0,0.0,0.0
84.0,left_proximal_negative,大腿,left_distal_negative,推力轴承,True,0.0,1.2789769243681803e-13,0.0,0.0,0.0
84.0,left_proximal_negative,大腿,left_distal_negative,小腿001,True,1.0000000000001137,1.000000000000142,0.0,0.0,0.0
84.0,left_proximal_negative,大腿,left_distal_negative,cross recessed pan head screws gb_GB_CROSS_SCREWS_TYPE1 M4X16-16  H type-C,True,0.0,0.09999999973393497,0.0,0.0,0.0
84.0,left_proximal_negative,大腿,left_distal_negative,"hex nuts, style 1-grades ab gb_GB_FASTENER_NUT_SNAB1 M4-C",True,0.0,1.1368683772161603e-13,0.0,0.0,0.0
84.0,left_proximal_negative,大腿,left_distal_positive,小腿004,False,0.0,56.5143729888828,0.0,0.0,0.0
84.0,left_proximal_positive,大腿垫高,left_distal_negative,小腿001,False,0.0,56.5143729891221,0.0,0.0,0.0
84.0,left_proximal_positive,大腿001,left_distal_negative,小腿001,False,0.0,56.51437298912207,0.0,0.0,0.0
84.0,left_proximal_positive,大腿垫高,left_distal_positive,小腿004,True,0.0,16.387971328805435,0.0,0.0,0.0
84.0,left_proximal_positive,大腿001,left_distal_positive,小腿004,True,1.0000000000000995,1.000000000000142,0.0,0.0,0.0
84.0,left_proximal_positive,大腿001,left_distal_positive,推力轴承001,True,0.0,1.4210854715202004e-13,0.0,0.0,0.0
84.0,left_proximal_positive,大腿001,left_distal_positive,cross recessed pan head screws gb_GB_CROSS_SCREWS_TYPE1 M4X16-16  H type-C001,True,0.0,0.09999999968121882,0.0,0.0,0.0
84.0,left_proximal_positive,大腿001,left_distal_positive,"hex nuts, style 1-grades ab gb_GB_FASTENER_NUT_SNAB1 M4-C001",True,0.0,5.684341886080802e-14,0.0,0.0,0.0
84.0,left_distal_negative,小腿001,left_distal_positive,小腿004,True,0.9999999999999858,0.9999999999999858,0.0,0.0,0.0
84.0,left_distal_negative,小腿001,left_wheel,推力轴承002,True,0.0,1.4210854715202004e-14,0.0,0.0,0.0
84.0,left_distal_negative,小腿001,left_wheel,驱动板004,True,0.4999999999998721,0.4999999999998863,0.0,0.0,0.0
84.0,left_distal_negative,小腿001,left_wheel,MISUMI_CBSTSR4-16_内六角螺栓（盖螺栓）,True,0.0,0.0,0.0,0.0,0.0
84.0,left_distal_positive,小腿004,left_wheel,推力轴承002,True,0.0,0.0,0.0,0.0,0.0
84.0,left_distal_positive,小腿004,left_wheel,MISUMI_C-SE604ZZ_不锈钢小径滚珠轴承,True,0.0,1.4210854715202004e-14,0.0,0.0,0.0
84.0,left_distal_positive,小腿004,left_wheel,MISUMI_CBSTSR4-16_内六角螺栓（盖螺栓）,True,0.0,0.09999999944370318,0.0,0.0,0.0
84.0,right_proximal_negative,大腿垫高001,right_distal_negative,小腿010,True,0.0,16.387971328953498,0.0,0.0,0.0
84.0,right_proximal_negative,大腿003,right_distal_negative,推力轴承004,True,0.0,1.2789769243681803e-13,0.0,0.0,0.0
84.0,right_proximal_negative,大腿003,right_distal_negative,小腿009,True,2.0,2.0,0.0,0.0,0.0
84.0,right_proximal_negative,大腿003,right_distal_negative,小腿010,True,1.0,1.0,0.0,0.0,0.0
84.0,right_proximal_negative,大腿003,right_distal_negative,"hex nuts, style 1-grades ab gb_GB_FASTENER_NUT_SNAB1 M4-C005",True,1.1368683772161603e-13,1.4210854715202004e-13,0.0,0.0,0.0
84.0,right_proximal_negative,大腿003,right_distal_negative,cross recessed pan head screws gb_GB_CROSS_SCREWS_TYPE1 M4X16-16  H type-C003,True,0.0,0.0999999997141423,0.0,0.0,0.0
84.0,right_proximal_negative,大腿垫高001,right_distal_positive,小腿007,False,0.0,56.51437298888279,0.0,0.0,0.0
84.0,right_proximal_negative,大腿003,right_distal_positive,小腿007,False,0.0,56.51437298888277,0.0,0.0,0.0
84.0,right_proximal_positive,大腿002,right_distal_negative,小腿010,False,0.0,56.51437298912295,0.0,0.0,0.0
84.0,right_proximal_positive,大腿002,right_distal_positive,推力轴承003,True,0.0,0.0,0.0,0.0,0.0
84.0,right_proximal_positive,大腿002,right_distal_positive,小腿007,True,1.0,1.0000000000000142,0.0,0.0,0.0
84.0,right_proximal_positive,大腿002,right_distal_positive,cross recessed pan head screws gb_GB_CROSS_SCREWS_TYPE1 M4X16-16  H type-C002,True,0.0,0.09999999971374263,0.0,0.0,0.0
84.0,right_proximal_positive,大腿002,right_distal_positive,"hex nuts, style 1-grades ab gb_GB_FASTENER_NUT_SNAB1 M4-C003",True,0.0,1.4210854715202004e-14,0.0,0.0,0.0
84.0,right_distal_negative,小腿010,right_distal_positive,小腿007,True,1.0000000000000142,1.0000000000000142,0.0,0.0,0.0
84.0,right_distal_negative,小腿010,right_wheel,推力轴承005,True,0.0,1.4210854715202004e-14,0.0,0.0,0.0
84.0,right_distal_negative,小腿010,right_wheel,MISUMI_C-SE604ZZ_不锈钢小径滚珠轴承004,True,0.0,1.4210854715202004e-14,0.0,0.0,0.0
84.0,right_distal_negative,小腿010,right_wheel,MISUMI_CBSTSR4-16_内六角螺栓（盖螺栓）001,True,0.0,0.09999999974166313,0.0,0.0,0.0
84.0,right_distal_positive,小腿007,right_wheel,推力轴承005,True,0.0,0.0,0.0,0.0,0.0
84.0,right_distal_positive,小腿007,right_wheel,驱动板005,True,0.4999999999998863,0.49999999999991473,0.0,0.0,0.0
84.0,right_distal_positive,小腿007,right_wheel,MISUMI_CBSTSR4-16_内六角螺栓（盖螺栓）001,True,0.0,0.0,0.0,0.0,0.0
85.0,fixed,4010电机,left_proximal_negative,大腿,True,0.0,1.1368683772161603e-13,0.0,0.0,0.0
85.0,fixed,4010电机001,left_proximal_positive,大腿垫高,True,1.4210854715202004e-14,0.0,0.0,0.0,0.0
85.0,fixed,4010电机,left_distal_positive,小腿004,False,0.0,50.008003307736786,0.0,0.0,0.0
85.0,fixed,4010电机001,left_distal_positive,小腿004,False,0.0,9.777439266149207,0.0,0.0,0.0
85.0,fixed,4010电机003,right_proximal_negative,大腿垫高001,True,2.842170943040401e-14,2.842170943040401e-14,0.0,0.0,0.0
85.0,fixed,4010电机002,right_proximal_positive,大腿002,True,1.4210854715202004e-14,1.4210854715202004e-14,0.0,0.0,0.0
85.0,fixed,4010电机002,right_distal_negative,小腿010,False,0.0,50.00800330797493,0.0,0.0,0.0
85.0,fixed,4010电机003,right_distal_negative,小腿010,False,0.0,9.777439266295094,0.0,0.0,0.0
85.0,left_proximal_negative,大腿,left_distal_negative,推力轴承,True,0.0,1.2789769243681803e-13,0.0,0.0,0.0
85.0,left_proximal_negative,大腿,left_distal_negative,小腿001,True,1.0000000000001137,1.000000000000142,0.0,0.0,0.0
85.0,left_proximal_negative,大腿,left_distal_negative,cross recessed pan head screws gb_GB_CROSS_SCREWS_TYPE1 M4X16-16  H type-C,True,0.0,0.09999999971933331,0.0,0.0,0.0
85.0,left_proximal_negative,大腿,left_distal_negative,"hex nuts, style 1-grades ab gb_GB_FASTENER_NUT_SNAB1 M4-C",True,0.0,1.1368683772161603e-13,0.0,0.0,0.0
85.0,left_proximal_negative,大腿,left_distal_positive,小腿004,False,0.0,57.1481999823728,0.0,0.0,0.0
85.0,left_proximal_positive,大腿垫高,left_distal_negative,小腿001,False,0.0,57.148199982610166,0.0,0.0,0.0
85.0,left_proximal_positive,大腿001,left_distal_negative,小腿001,False,0.0,57.14819998261014,0.0,0.0,0.0
85.0,left_proximal_positive,大腿垫高,left_distal_positive,小腿004,True,0.0,16.880945770785292,0.0,0.0,0.0
85.0,left_proximal_positive,大腿001,left_distal_positive,小腿004,True,1.0000000000000995,1.000000000000142,0.0,0.0,0.0
85.0,left_proximal_positive,大腿001,left_distal_positive,推力轴承001,True,0.0,1.4210854715202004e-13,0.0,0.0,0.0
85.0,left_proximal_positive,大腿001,left_distal_positive,cross recessed pan head screws gb_GB_CROSS_SCREWS_TYPE1 M4X16-16  H type-C001,True,0.0,0.09999999970951311,0.0,0.0,0.0
85.0,left_proximal_positive,大腿001,left_distal_positive,"hex nuts, style 1-grades ab gb_GB_FASTENER_NUT_SNAB1 M4-C001",True,0.0,5.684341886080802e-14,0.0,0.0,0.0
85.0,left_distal_negative,小腿001,left_distal_positive,小腿004,True,0.9999999999999858,0.9999999999999858,0.0,0.0,0.0
85.0,left_distal_negative,小腿001,left_wheel,推力轴承002,True,0.0,1.4210854715202004e-14,0.0,0.0,0.0
85.0,left_distal_negative,小腿001,left_wheel,驱动板004,True,0.4999999999998721,0.4999999999998863,0.0,0.0,0.0
85.0,left_distal_negative,小腿001,left_wheel,MISUMI_CBSTSR4-16_内六角螺栓（盖螺栓）,True,0.0,0.0,0.0,0.0,0.0
85.0,left_distal_positive,小腿004,left_wheel,推力轴承002,True,0.0,0.0,0.0,0.0,0.0
85.0,left_distal_positive,小腿004,left_wheel,MISUMI_C-SE604ZZ_不锈钢小径滚珠轴承,True,0.0,1.4210854715202004e-14,0.0,0.0,0.0
85.0,left_distal_positive,小腿004,left_wheel,MISUMI_CBSTSR4-16_内六角螺栓（盖螺栓）,True,0.0,0.09999999944248102,0.0,0.0,0.0
85.0,right_proximal_negative,大腿垫高001,right_distal_negative,小腿010,True,0.0,16.880945770931667,0.0,0.0,0.0
85.0,right_proximal_negative,大腿003,right_distal_negative,推力轴承004,True,0.0,1.2789769243681803e-13,0.0,0.0,0.0
85.0,right_proximal_negative,大腿003,right_distal_negative,小腿009,True,2.0,2.0,0.0,0.0,0.0
85.0,right_proximal_negative,大腿003,right_distal_negative,小腿010,True,1.0,1.0,0.0,0.0,0.0
85.0,right_proximal_negative,大腿003,right_distal_negative,"hex nuts, style 1-grades ab gb_GB_FASTENER_NUT_SNAB1 M4-C005",True,1.1368683772161603e-13,1.4210854715202004e-13,0.0,0.0,0.0
85.0,right_proximal_negative,大腿003,right_distal_negative,cross recessed pan head screws gb_GB_CROSS_SCREWS_TYPE1 M4X16-16  H type-C003,True,0.0,0.09999999974519086,0.0,0.0,0.0
85.0,right_proximal_negative,大腿垫高001,right_distal_positive,小腿007,False,0.0,57.14819998237279,0.0,0.0,0.0
85.0,right_proximal_negative,大腿003,right_distal_positive,小腿007,False,0.0,57.14819998237276,0.0,0.0,0.0
85.0,right_proximal_positive,大腿002,right_distal_negative,小腿010,False,0.0,57.148199982611004,0.0,0.0,0.0
85.0,right_proximal_positive,大腿002,right_distal_positive,推力轴承003,True,0.0,0.0,0.0,0.0,0.0
85.0,right_proximal_positive,大腿002,right_distal_positive,小腿007,True,1.0,1.0000000000000142,0.0,0.0,0.0
85.0,right_proximal_positive,大腿002,right_distal_positive,cross recessed pan head screws gb_GB_CROSS_SCREWS_TYPE1 M4X16-16  H type-C002,True,0.0,0.09999999978122023,0.0,0.0,0.0
85.0,right_proximal_positive,大腿002,right_distal_positive,"hex nuts, style 1-grades ab gb_GB_FASTENER_NUT_SNAB1 M4-C003",True,0.0,1.4210854715202004e-14,0.0,0.0,0.0
85.0,right_distal_negative,小腿010,right_distal_positive,小腿007,True,1.0000000000000142,1.0000000000000142,0.0,0.0,0.0
85.0,right_distal_negative,小腿010,right_wheel,推力轴承005,True,0.0,1.4210854715202004e-14,0.0,0.0,0.0
85.0,right_distal_negative,小腿010,right_wheel,MISUMI_C-SE604ZZ_不锈钢小径滚珠轴承004,True,0.0,1.4210854715202004e-14,0.0,0.0,0.0
85.0,right_distal_negative,小腿010,right_wheel,MISUMI_CBSTSR4-16_内六角螺栓（盖螺栓）001,True,0.0,0.09999999974179193,0.0,0.0,0.0
85.0,right_distal_positive,小腿007,right_wheel,推力轴承005,True,0.0,0.0,0.0,0.0,0.0
85.0,right_distal_positive,小腿007,right_wheel,驱动板005,True,0.4999999999998863,0.49999999999991473,0.0,0.0,0.0
85.0,right_distal_positive,小腿007,right_wheel,MISUMI_CBSTSR4-16_内六角螺栓（盖螺栓）001,True,0.0,0.0,0.0,0.0,0.0
86.0,fixed,4010电机,left_proximal_negative,大腿,True,0.0,1.1368683772161603e-13,0.0,0.0,0.0
86.0,fixed,4010电机001,left_proximal_positive,大腿垫高,True,1.4210854715202004e-14,0.0,0.0,0.0,0.0
86.0,fixed,4010电机,left_distal_positive,小腿004,False,0.0,50.63199667355505,0.0,0.0,0.0
86.0,fixed,4010电机001,left_distal_positive,小腿004,False,0.0,10.253370653654361,0.0,0.0,0.0
86.0,fixed,4010电机003,right_proximal_negative,大腿垫高001,True,2.842170943040401e-14,2.842170943040401e-14,0.0,0.0,0.0
86.0,fixed,4010电机002,right_proximal_positive,大腿002,True,1.4210854715202004e-14,1.4210854715202004e-14,0.0,0.0,0.0
86.0,fixed,4010电机002,right_distal_negative,小腿010,False,0.0,50.63199667379126,0.0,0.0,0.0
86.0,fixed,4010电机003,right_distal_negative,小腿010,False,0.0,10.253370653798646,0.0,0.0,0.0
86.0,left_proximal_negative,大腿,left_distal_negative,推力轴承,True,0.0,1.2789769243681803e-13,0.0,0.0,0.0
86.0,left_proximal_negative,大腿,left_distal_negative,小腿001,True,1.0000000000001137,1.000000000000142,0.0,0.0,0.0
86.0,left_proximal_negative,大腿,left_distal_negative,cross recessed pan head screws gb_GB_CROSS_SCREWS_TYPE1 M4X16-16  H type-C,True,0.0,0.09999999973307086,0.0,0.0,0.0
86.0,left_proximal_negative,大腿,left_distal_negative,"hex nuts, style 1-grades ab gb_GB_FASTENER_NUT_SNAB1 M4-C",True,0.0,1.1368683772161603e-13,0.0,0.0,0.0
86.0,left_proximal_negative,大腿,left_distal_positive,小腿004,False,0.0,57.772311847669144,0.0,0.0,0.0
86.0,left_proximal_positive,大腿垫高,left_distal_negative,小腿001,False,0.0,57.77231184790456,0.0,0.0,0.0
86.0,left_proximal_positive,大腿001,left_distal_negative,小腿001,False,0.0,57.77231184790456,0.0,0.0,0.0
86.0,left_proximal_positive,大腿垫高,left_distal_positive,小腿004,True,0.0,17.358851460721986,0.0,0.0,0.0
86.0,left_proximal_positive,大腿001,left_distal_positive,小腿004,True,1.0000000000000995,1.000000000000142,0.0,0.0,0.0
86.0,left_proximal_positive,大腿001,left_distal_positive,推力轴承001,True,0.0,1.4210854715202004e-13,0.0,0.0,0.0
86.0,left_proximal_positive,大腿001,left_distal_positive,cross recessed pan head screws gb_GB_CROSS_SCREWS_TYPE1 M4X16-16  H type-C001,True,0.0,0.09999999971998037,0.0,0.0,0.0
86.0,left_proximal_positive,大腿001,left_distal_positive,"hex nuts, style 1-grades ab gb_GB_FASTENER_NUT_SNAB1 M4-C001",True,0.0,5.684341886080802e-14,0.0,0.0,0.0
86.0,left_distal_negative,小腿001,left_distal_positive,小腿004,True,0.9999999999999858,0.9999999999999858,0.0,0.0,0.0
86.0,left_distal_negative,小腿001,left_wheel,推力轴承002,True,0.0,1.4210854715202004e-14,0.0,0.0,0.0
86.0,left_distal_negative,小腿001,left_wheel,驱动板004,True,0.4999999999998721,0.4999999999998863,0.0,0.0,0.0
86.0,left_distal_negative,小腿001,left_wheel,MISUMI_CBSTSR4-16_内六角螺栓（盖螺栓）,True,0.0,0.0,0.0,0.0,0.0
86.0,left_distal_positive,小腿004,left_wheel,推力轴承002,True,0.0,0.0,0.0,0.0,0.0
86.0,left_distal_positive,小腿004,left_wheel,MISUMI_C-SE604ZZ_不锈钢小径滚珠轴承,True,0.0,1.4210854715202004e-14,0.0,0.0,0.0
86.0,left_distal_positive,小腿004,left_wheel,MISUMI_CBSTSR4-16_内六角螺栓（盖螺栓）,True,0.0,0.0999999994411807,0.0,0.0,0.0
86.0,right_proximal_negative,大腿垫高001,right_distal_negative,小腿010,True,0.0,17.358851460866692,0.0,0.0,0.0
86.0,right_proximal_negative,大腿003,right_distal_negative,推力轴承004,True,0.0,1.2789769243681803e-13,0.0,0.0,0.0
86.0,right_proximal_negative,大腿003,right_distal_negative,小腿009,True,2.0,2.0,0.0,0.0,0.0
86.0,right_proximal_negative,大腿003,right_distal_negative,小腿010,True,1.0,1.0,0.0,0.0,0.0
86.0,right_proximal_negative,大腿003,right_distal_negative,"hex nuts, style 1-grades ab gb_GB_FASTENER_NUT_SNAB1 M4-C005",True,1.1368683772161603e-13,1.4210854715202004e-13,0.0,0.0,0.0
86.0,right_proximal_negative,大腿003,right_distal_negative,cross recessed pan head screws gb_GB_CROSS_SCREWS_TYPE1 M4X16-16  H type-C003,True,0.0,0.09999999979995533,0.0,0.0,0.0
86.0,right_proximal_negative,大腿垫高001,right_distal_positive,小腿007,False,0.0,57.77231184766913,0.0,0.0,0.0
86.0,right_proximal_negative,大腿003,right_distal_positive,小腿007,False,0.0,57.772311847669094,0.0,0.0,0.0
86.0,right_proximal_positive,大腿002,right_distal_negative,小腿010,False,0.0,57.77231184790542,0.0,0.0,0.0
86.0,right_proximal_positive,大腿002,right_distal_positive,推力轴承003,True,0.0,0.0,0.0,0.0,0.0
86.0,right_proximal_positive,大腿002,right_distal_positive,小腿007,True,1.0,1.0000000000000142,0.0,0.0,0.0
86.0,right_proximal_positive,大腿002,right_distal_positive,cross recessed pan head screws gb_GB_CROSS_SCREWS_TYPE1 M4X16-16  H type-C002,True,0.0,0.09999999978555807,0.0,0.0,0.0
86.0,right_proximal_positive,大腿002,right_distal_positive,"hex nuts, style 1-grades ab gb_GB_FASTENER_NUT_SNAB1 M4-C003",True,0.0,1.4210854715202004e-14,0.0,0.0,0.0
86.0,right_distal_negative,小腿010,right_distal_positive,小腿007,True,1.0000000000000142,1.0000000000000142,0.0,0.0,0.0
86.0,right_distal_negative,小腿010,right_wheel,推力轴承005,True,0.0,1.4210854715202004e-14,0.0,0.0,0.0
86.0,right_distal_negative,小腿010,right_wheel,MISUMI_C-SE604ZZ_不锈钢小径滚珠轴承004,True,0.0,1.4210854715202004e-14,0.0,0.0,0.0
86.0,right_distal_negative,小腿010,right_wheel,MISUMI_CBSTSR4-16_内六角螺栓（盖螺栓）001,True,0.0,0.09999999974189094,0.0,0.0,0.0
86.0,right_distal_positive,小腿007,right_wheel,推力轴承005,True,0.0,0.0,0.0,0.0,0.0
86.0,right_distal_positive,小腿007,right_wheel,驱动板005,True,0.4999999999998863,0.49999999999991473,0.0,0.0,0.0
86.0,right_distal_positive,小腿007,right_wheel,MISUMI_CBSTSR4-16_内六角螺栓（盖螺栓）001,True,0.0,0.0,0.0,0.0,0.0
87.0,fixed,4010电机,left_proximal_negative,大腿,True,0.0,1.1368683772161603e-13,0.0,0.0,0.0
87.0,fixed,4010电机001,left_proximal_positive,大腿垫高,True,1.4210854715202004e-14,0.0,0.0,0.0,0.0
87.0,fixed,4010电机,left_distal_positive,小腿004,False,0.0,51.246024267526074,0.0,0.0,0.0
87.0,fixed,4010电机001,left_distal_positive,小腿004,False,0.0,10.714411009027033,0.0,0.0,0.0
87.0,fixed,4010电机003,right_proximal_negative,大腿垫高001,True,2.842170943040401e-14,2.842170943040401e-14,0.0,0.0,0.0
87.0,fixed,4010电机002,right_proximal_positive,大腿002,True,1.4210854715202004e-14,1.4210854715202004e-14,0.0,0.0,0.0
87.0,fixed,4010电机002,right_distal_negative,小腿010,False,0.0,51.24602426776028,0.0,0.0,0.0
87.0,fixed,4010电机003,right_distal_negative,小腿010,False,0.0,10.714411009169643,0.0,0.0,0.0
87.0,left_proximal_negative,大腿,left_distal_negative,推力轴承,True,0.0,1.2789769243681803e-13,0.0,0.0,0.0
87.0,left_proximal_negative,大腿,left_distal_negative,小腿001,True,1.0000000000001137,1.000000000000142,0.0,0.0,0.0
87.0,left_proximal_negative,大腿,left_distal_negative,cross recessed pan head screws gb_GB_CROSS_SCREWS_TYPE1 M4X16-16  H type-C,True,0.0,0.09999999975413688,0.0,0.0,0.0
87.0,left_proximal_negative,大腿,left_distal_negative,"hex nuts, style 1-grades ab gb_GB_FASTENER_NUT_SNAB1 M4-C",True,0.0,1.1368683772161603e-13,0.0,0.0,0.0
87.0,left_proximal_negative,大腿,left_distal_positive,小腿004,False,0.0,58.38645328468354,0.0,0.0,0.0
87.0,left_proximal_positive,大腿垫高,left_distal_negative,小腿001,False,0.0,58.386453284916946,0.0,0.0,0.0
87.0,left_proximal_positive,大腿001,left_distal_negative,小腿001,False,0.0,58.38645328491693,0.0,0.0,0.0
87.0,left_proximal_positive,大腿垫高,left_distal_positive,小腿004,True,0.0,17.821650495470383,0.0,0.0,0.0
87.0,left_proximal_positive,大腿001,left_distal_positive,小腿004,True,1.0000000000000995,1.000000000000142,0.0,0.0,0.0
87.0,left_proximal_positive,大腿001,left_distal_positive,推力轴承001,True,0.0,1.4210854715202004e-13,0.0,0.0,0.0
87.0,left_proximal_positive,大腿001,left_distal_positive,cross recessed pan head screws gb_GB_CROSS_SCREWS_TYPE1 M4X16-16  H type-C001,True,0.0,0.09999999973048812,0.0,0.0,0.0
87.0,left_proximal_positive,大腿001,left_distal_positive,"hex nuts, style 1-grades ab gb_GB_FASTENER_NUT_SNAB1 M4-C001",True,0.0,5.684341886080802e-14,0.0,0.0,0.0
87.0,left_distal_negative,小腿001,left_distal_positive,小腿004,True,0.9999999999999858,0.9999999999999858,0.0,0.0,0.0
87.0,left_distal_negative,小腿001,left_wheel,推力轴承002,True,0.0,1.4210854715202004e-14,0.0,0.0,0.0
87.0,left_distal_negative,小腿001,left_wheel,驱动板004,True,0.4999999999998721,0.4999999999998863,0.0,0.0,0.0
87.0,left_distal_negative,小腿001,left_wheel,MISUMI_CBSTSR4-16_内六角螺栓（盖螺栓）,True,0.0,0.0,0.0,0.0,0.0
87.0,left_distal_positive,小腿004,left_wheel,推力轴承002,True,0.0,0.0,0.0,0.0,0.0
87.0,left_distal_positive,小腿004,left_wheel,MISUMI_C-SE604ZZ_不锈钢小径滚珠轴承,True,0.0,1.4210854715202004e-14,0.0,0.0,0.0
87.0,left_distal_positive,小腿004,left_wheel,MISUMI_CBSTSR4-16_内六角螺栓（盖螺栓）,True,0.0,0.0999999994398875,0.0,0.0,0.0
87.0,right_proximal_negative,大腿垫高001,right_distal_negative,小腿010,True,0.0,17.821650495613362,0.0,0.0,0.0
87.0,right_proximal_negative,大腿003,right_distal_negative,推力轴承004,True,0.0,1.2789769243681803e-13,0.0,0.0,0.0
87.0,right_proximal_negative,大腿003,right_distal_negative,小腿009,True,2.0,2.0,0.0,0.0,0.0
87.0,right_proximal_negative,大腿003,right_distal_negative,小腿010,True,1.0,1.0,0.0,0.0,0.0
87.0,right_proximal_negative,大腿003,right_distal_negative,"hex nuts, style 1-grades ab gb_GB_FASTENER_NUT_SNAB1 M4-C005",True,1.1368683772161603e-13,1.4210854715202004e-13,0.0,0.0,0.0
87.0,right_proximal_negative,大腿003,right_distal_negative,cross recessed pan head screws gb_GB_CROSS_SCREWS_TYPE1 M4X16-16  H type-C003,True,0.0,0.0999999998286649,0.0,0.0,0.0
87.0,right_proximal_negative,大腿垫高001,right_distal_positive,小腿007,False,0.0,58.38645328468352,0.0,0.0,0.0
87.0,right_proximal_negative,大腿003,right_distal_positive,小腿007,False,0.0,58.3864532846835,0.0,0.0,0.0
87.0,right_proximal_positive,大腿002,right_distal_negative,小腿010,False,0.0,58.3864532849178,0.0,0.0,0.0
87.0,right_proximal_positive,大腿002,right_distal_positive,推力轴承003,True,0.0,0.0,0.0,0.0,0.0
87.0,right_proximal_positive,大腿002,right_distal_positive,小腿007,True,1.0,1.0000000000000142,0.0,0.0,0.0
87.0,right_proximal_positive,大腿002,right_distal_positive,cross recessed pan head screws gb_GB_CROSS_SCREWS_TYPE1 M4X16-16  H type-C002,True,0.0,0.09999999978991193,0.0,0.0,0.0
87.0,right_proximal_positive,大腿002,right_distal_positive,"hex nuts, style 1-grades ab gb_GB_FASTENER_NUT_SNAB1 M4-C003",True,0.0,1.4210854715202004e-14,0.0,0.0,0.0
87.0,right_distal_negative,小腿010,right_distal_positive,小腿007,True,1.0000000000000142,1.0000000000000142,0.0,0.0,0.0
87.0,right_distal_negative,小腿010,right_wheel,推力轴承005,True,0.0,1.4210854715202004e-14,0.0,0.0,0.0
87.0,right_distal_negative,小腿010,right_wheel,MISUMI_C-SE604ZZ_不锈钢小径滚珠轴承004,True,0.0,1.4210854715202004e-14,0.0,0.0,0.0
87.0,right_distal_negative,小腿010,right_wheel,MISUMI_CBSTSR4-16_内六角螺栓（盖螺栓）001,True,0.0,0.09999999974201133,0.0,0.0,0.0
87.0,right_distal_positive,小腿007,right_wheel,推力轴承005,True,0.0,0.0,0.0,0.0,0.0
87.0,right_distal_positive,小腿007,right_wheel,驱动板005,True,0.4999999999998863,0.49999999999991473,0.0,0.0,0.0
87.0,right_distal_positive,小腿007,right_wheel,MISUMI_CBSTSR4-16_内六角螺栓（盖螺栓）001,True,0.0,0.0,0.0,0.0,0.0
88.0,fixed,4010电机,left_proximal_negative,大腿,True,0.0,1.1368683772161603e-13,0.0,0.0,0.0
88.0,fixed,4010电机001,left_proximal_positive,大腿垫高,True,1.4210854715202004e-14,0.0,0.0,0.0,0.0
88.0,fixed,4010电机,left_distal_positive,小腿004,False,0.0,51.84982494634388,0.0,0.0,0.0
88.0,fixed,4010电机001,left_distal_positive,小腿004,False,0.0,11.160471545318595,0.0,0.0,0.0
88.0,fixed,4010电机003,right_proximal_negative,大腿垫高001,True,2.842170943040401e-14,2.842170943040401e-14,0.0,0.0,0.0
88.0,fixed,4010电机002,right_proximal_positive,大腿002,True,1.4210854715202004e-14,1.4210854715202004e-14,0.0,0.0,0.0
88.0,fixed,4010电机002,right_distal_negative,小腿010,False,0.0,51.849824946576085,0.0,0.0,0.0
88.0,fixed,4010电机003,right_distal_negative,小腿010,False,0.0,11.16047154545955,0.0,0.0,0.0
88.0,left_proximal_negative,大腿,left_distal_negative,推力轴承,True,0.0,1.2789769243681803e-13,0.0,0.0,0.0
88.0,left_proximal_negative,大腿,left_distal_negative,小腿001,True,1.0000000000001137,1.000000000000142,0.0,0.0,0.0
88.0,left_proximal_negative,大腿,left_distal_negative,cross recessed pan head screws gb_GB_CROSS_SCREWS_TYPE1 M4X16-16  H type-C,True,0.0,0.09999999976042795,0.0,0.0,0.0
88.0,left_proximal_negative,大腿,left_distal_negative,"hex nuts, style 1-grades ab gb_GB_FASTENER_NUT_SNAB1 M4-C",True,0.0,1.1368683772161603e-13,0.0,0.0,0.0
88.0,left_proximal_negative,大腿,left_distal_positive,小腿004,False,0.0,58.99036333012098,0.0,0.0,0.0
88.0,left_proximal_positive,大腿垫高,left_distal_negative,小腿001,False,0.0,58.99036333035238,0.0,0.0,0.0
88.0,left_proximal_positive,大腿001,left_distal_negative,小腿001,False,0.0,58.990363330352366,0.0,0.0,0.0
88.0,left_proximal_positive,大腿垫高,left_distal_positive,小腿004,True,0.0,18.26928497084311,0.0,0.0,0.0
88.0,left_proximal_positive,大腿001,left_distal_positive,小腿004,True,1.0000000000000995,1.000000000000142,0.0,0.0,0.0
88.0,left_proximal_positive,大腿001,left_distal_positive,推力轴承001,True,0.0,1.4210854715202004e-13,0.0,0.0,0.0
88.0,left_proximal_positive,大腿001,left_distal_positive,cross recessed pan head screws gb_GB_CROSS_SCREWS_TYPE1 M4X16-16  H type-C001,True,0.0,0.09999999974107147,0.0,0.0,0.0
88.0,left_proximal_positive,大腿001,left_distal_positive,"hex nuts, style 1-grades ab gb_GB_FASTENER_NUT_SNAB1 M4-C001",True,0.0,5.684341886080802e-14,0.0,0.0,0.0
88.0,left_distal_negative,小腿001,left_distal_positive,小腿004,True,0.9999999999999858,0.9999999999999858,0.0,0.0,0.0
88.0,left_distal_negative,小腿001,left_wheel,推力轴承002,True,0.0,1.4210854715202004e-14,0.0,0.0,0.0
88.0,left_distal_negative,小腿001,left_wheel,驱动板004,True,0.4999999999998721,0.4999999999998863,0.0,0.0,0.0
88.0,left_distal_negative,小腿001,left_wheel,MISUMI_CBSTSR4-16_内六角螺栓（盖螺栓）,True,0.0,0.0,0.0,0.0,0.0
88.0,left_distal_positive,小腿004,left_wheel,推力轴承002,True,0.0,0.0,0.0,0.0,0.0
88.0,left_distal_positive,小腿004,left_wheel,MISUMI_C-SE604ZZ_不锈钢小径滚珠轴承,True,0.0,1.4210854715202004e-14,0.0,0.0,0.0
88.0,left_distal_positive,小腿004,left_wheel,MISUMI_CBSTSR4-16_内六角螺栓（盖螺栓）,True,0.0,0.09999999941384115,0.0,0.0,0.0
88.0,right_proximal_negative,大腿垫高001,right_distal_negative,小腿010,True,0.0,18.26928497098439,0.0,0.0,0.0
88.0,right_proximal_negative,大腿003,right_distal_negative,推力轴承004,True,0.0,1.2789769243681803e-13,0.0,0.0,0.0
88.0,right_proximal_negative,大腿003,right_distal_negative,小腿009,True,2.0,2.0,0.0,0.0,0.0
88.0,right_proximal_negative,大腿003,right_distal_negative,小腿010,True,1.0,1.0,0.0,0.0,0.0
88.0,right_proximal_negative,大腿003,right_distal_negative,"hex nuts, style 1-grades ab gb_GB_FASTENER_NUT_SNAB1 M4-C005",True,1.1368683772161603e-13,1.4210854715202004e-13,0.0,0.0,0.0
88.0,right_proximal_negative,大腿003,right_distal_negative,cross recessed pan head screws gb_GB_CROSS_SCREWS_TYPE1 M4X16-16  H type-C003,True,0.0,0.09999999983370206,0.0,0.0,0.0
88.0,right_proximal_negative,大腿垫高001,right_distal_positive,小腿007,False,0.0,58.99036333012095,0.0,0.0,0.0
88.0,right_proximal_negative,大腿003,right_distal_positive,小腿007,False,0.0,58.990363330120914,0.0,0.0,0.0
88.0,right_proximal_positive,大腿002,right_distal_negative,小腿010,False,0.0,58.99036333035324,0.0,0.0,0.0
88.0,right_proximal_positive,大腿002,right_distal_positive,推力轴承003,True,0.0,0.0,0.0,0.0,0.0
88.0,right_proximal_positive,大腿002,right_distal_positive,小腿007,True,1.0,1.0000000000000142,0.0,0.0,0.0
88.0,right_proximal_positive,大腿002,right_distal_positive,cross recessed pan head screws gb_GB_CROSS_SCREWS_TYPE1 M4X16-16  H type-C002,True,0.0,0.09999999980402498,0.0,0.0,0.0
88.0,right_proximal_positive,大腿002,right_distal_positive,"hex nuts, style 1-grades ab gb_GB_FASTENER_NUT_SNAB1 M4-C003",True,0.0,1.4210854715202004e-14,0.0,0.0,0.0
88.0,right_distal_negative,小腿010,right_distal_positive,小腿007,True,1.0000000000000142,1.0000000000000142,0.0,0.0,0.0
88.0,right_distal_negative,小腿010,right_wheel,推力轴承005,True,0.0,1.4210854715202004e-14,0.0,0.0,0.0
88.0,right_distal_negative,小腿010,right_wheel,MISUMI_C-SE604ZZ_不锈钢小径滚珠轴承004,True,0.0,1.4210854715202004e-14,0.0,0.0,0.0
88.0,right_distal_negative,小腿010,right_wheel,MISUMI_CBSTSR4-16_内六角螺栓（盖螺栓）001,True,0.0,0.0999999997421591,0.0,0.0,0.0
88.0,right_distal_positive,小腿007,right_wheel,推力轴承005,True,0.0,0.0,0.0,0.0,0.0
88.0,right_distal_positive,小腿007,right_wheel,驱动板005,True,0.4999999999998863,0.49999999999991473,0.0,0.0,0.0
88.0,right_distal_positive,小腿007,right_wheel,MISUMI_CBSTSR4-16_内六角螺栓（盖螺栓）001,True,0.0,0.0,0.0,0.0,0.0
89.0,fixed,4010电机,left_proximal_negative,大腿,True,0.0,1.1368683772161603e-13,0.0,0.0,0.0
89.0,fixed,4010电机001,left_proximal_positive,大腿垫高,True,1.4210854715202004e-14,0.0,0.0,0.0,0.0
89.0,fixed,4010电机,left_distal_positive,小腿004,False,0.0,52.44313163804089,0.0,0.0,0.0
89.0,fixed,4010电机001,left_distal_positive,小腿004,False,0.0,11.591450119692862,0.0,0.0,0.0
89.0,fixed,4010电机003,right_proximal_negative,大腿垫高001,True,2.842170943040401e-14,2.842170943040401e-14,0.0,0.0,0.0
89.0,fixed,4010电机002,right_proximal_positive,大腿002,True,1.4210854715202004e-14,1.4210854715202004e-14,0.0,0.0,0.0
89.0,fixed,4010电机002,right_distal_negative,小腿010,False,0.0,52.44313163827102,0.0,0.0,0.0
89.0,fixed,4010电机003,right_distal_negative,小腿010,False,0.0,11.591450119832105,0.0,0.0,0.0
89.0,left_proximal_negative,大腿,left_distal_negative,推力轴承,True,0.0,1.2789769243681803e-13,0.0,0.0,0.0
89.0,left_proximal_negative,大腿,left_distal_negative,小腿001,True,1.0000000000001137,1.000000000000142,0.0,0.0,0.0
89.0,left_proximal_negative,大腿,left_distal_negative,cross recessed pan head screws gb_GB_CROSS_SCREWS_TYPE1 M4X16-16  H type-C,True,0.0,0.09999999976676709,0.0,0.0,0.0
89.0,left_proximal_negative,大腿,left_distal_negative,"hex nuts, style 1-grades ab gb_GB_FASTENER_NUT_SNAB1 M4-C",True,0.0,1.1368683772161603e-13,0.0,0.0,0.0
89.0,left_proximal_negative,大腿,left_distal_positive,小腿004,False,0.0,59.58377507982164,0.0,0.0,0.0
89.0,left_proximal_positive,大腿垫高,left_distal_negative,小腿001,False,0.0,59.58377508005098,0.0,0.0,0.0
89.0,left_proximal_positive,大腿001,left_distal_negative,小腿001,False,0.0,59.58377508005096,0.0,0.0,0.0
89.0,left_proximal_positive,大腿垫高,left_distal_positive,小腿004,True,0.0,18.701677820782123,0.0,0.0,0.0
89.0,left_proximal_positive,大腿001,left_distal_positive,小腿004,True,1.0000000000000995,1.000000000000142,0.0,0.0,0.0
89.0,left_proximal_positive,大腿001,left_distal_positive,推力轴承001,True,0.0,1.4210854715202004e-13,0.0,0.0,0.0
89.0,left_proximal_positive,大腿001,left_distal_positive,cross recessed pan head screws gb_GB_CROSS_SCREWS_TYPE1 M4X16-16  H type-C001,True,0.0,0.09999999974829718,0.0,0.0,0.0
89.0,left_proximal_positive,大腿001,left_distal_positive,"hex nuts, style 1-grades ab gb_GB_FASTENER_NUT_SNAB1 M4-C001",True,0.0,5.684341886080802e-14,0.0,0.0,0.0
89.0,left_distal_negative,小腿001,left_distal_positive,小腿004,True,0.9999999999999858,0.9999999999999858,0.0,0.0,0.0
89.0,left_distal_negative,小腿001,left_wheel,推力轴承002,True,0.0,1.4210854715202004e-14,0.0,0.0,0.0
89.0,left_distal_negative,小腿001,left_wheel,驱动板004,True,0.4999999999998721,0.4999999999998863,0.0,0.0,0.0
89.0,left_distal_negative,小腿001,left_wheel,MISUMI_CBSTSR4-16_内六角螺栓（盖螺栓）,True,0.0,0.0,0.0,0.0,0.0
89.0,left_distal_positive,小腿004,left_wheel,推力轴承002,True,0.0,0.0,0.0,0.0,0.0
89.0,left_distal_positive,小腿004,left_wheel,MISUMI_C-SE604ZZ_不锈钢小径滚珠轴承,True,0.0,1.4210854715202004e-14,0.0,0.0,0.0
89.0,left_distal_positive,小腿004,left_wheel,MISUMI_CBSTSR4-16_内六角螺栓（盖螺栓）,True,0.0,0.09999999941365285,0.0,0.0,0.0
89.0,right_proximal_negative,大腿垫高001,right_distal_negative,小腿010,True,0.0,18.701677820921653,0.0,0.0,0.0
89.0,right_proximal_negative,大腿003,right_distal_negative,推力轴承004,True,0.0,1.2789769243681803e-13,0.0,0.0,0.0
89.0,right_proximal_negative,大腿003,right_distal_negative,小腿009,True,2.0,2.0,0.0,0.0,0.0
89.0,right_proximal_negative,大腿003,right_distal_negative,小腿010,True,1.0,1.0,0.0,0.0,0.0
89.0,right_proximal_negative,大腿003,right_distal_negative,"hex nuts, style 1-grades ab gb_GB_FASTENER_NUT_SNAB1 M4-C005",True,1.1368683772161603e-13,1.4210854715202004e-13,0.0,0.0,0.0
89.0,right_proximal_negative,大腿003,right_distal_negative,cross recessed pan head screws gb_GB_CROSS_SCREWS_TYPE1 M4X16-16  H type-C003,True,0.0,0.0999999997618876,0.0,0.0,0.0
89.0,right_proximal_negative,大腿垫高001,right_distal_positive,小腿007,False,0.0,59.583775079821635,0.0,0.0,0.0
89.0,right_proximal_negative,大腿003,right_distal_positive,小腿007,False,0.0,59.583775079821585,0.0,0.0,0.0
89.0,right_proximal_positive,大腿002,right_distal_negative,小腿010,False,0.0,59.58377508005182,0.0,0.0,0.0
89.0,right_proximal_positive,大腿002,right_distal_positive,推力轴承003,True,0.0,0.0,0.0,0.0,0.0
89.0,right_proximal_positive,大腿002,right_distal_positive,小腿007,True,1.0,1.0000000000000142,0.0,0.0,0.0
89.0,right_proximal_positive,大腿002,right_distal_positive,cross recessed pan head screws gb_GB_CROSS_SCREWS_TYPE1 M4X16-16  H type-C002,True,0.0,0.09999999980967131,0.0,0.0,0.0
89.0,right_proximal_positive,大腿002,right_distal_positive,"hex nuts, style 1-grades ab gb_GB_FASTENER_NUT_SNAB1 M4-C003",True,0.0,1.4210854715202004e-14,0.0,0.0,0.0
89.0,right_distal_negative,小腿010,right_distal_positive,小腿007,True,1.0000000000000142,1.0000000000000142,0.0,0.0,0.0
89.0,right_distal_negative,小腿010,right_wheel,推力轴承005,True,0.0,1.4210854715202004e-14,0.0,0.0,0.0
89.0,right_distal_negative,小腿010,right_wheel,MISUMI_C-SE604ZZ_不锈钢小径滚珠轴承004,True,0.0,1.4210854715202004e-14,0.0,0.0,0.0
89.0,right_distal_negative,小腿010,right_wheel,MISUMI_CBSTSR4-16_内六角螺栓（盖螺栓）001,True,0.0,0.0999999997423102,0.0,0.0,0.0
89.0,right_distal_positive,小腿007,right_wheel,推力轴承005,True,0.0,0.0,0.0,0.0,0.0
89.0,right_distal_positive,小腿007,right_wheel,驱动板005,True,0.4999999999998863,0.49999999999991473,0.0,0.0,0.0
89.0,right_distal_positive,小腿007,right_wheel,MISUMI_CBSTSR4-16_内六角螺栓（盖螺栓）001,True,0.0,0.0,0.0,0.0,0.0
90.0,fixed,4010电机,left_proximal_negative,大腿,True,0.0,1.1368683772161603e-13,0.0,0.0,0.0
90.0,fixed,4010电机001,left_proximal_positive,大腿垫高,True,1.4210854715202004e-14,0.0,0.0,0.0,0.0
90.0,fixed,4010电机,left_distal_positive,小腿004,False,0.0,53.02567103024569,0.0,0.0,0.0
90.0,fixed,4010电机001,left_distal_positive,小腿004,False,0.0,12.007230635426849,0.0,0.0,0.0
90.0,fixed,4010电机003,right_proximal_negative,大腿垫高001,True,2.842170943040401e-14,2.842170943040401e-14,0.0,0.0,0.0
90.0,fixed,4010电机002,right_proximal_positive,大腿002,True,1.4210854715202004e-14,1.4210854715202004e-14,0.0,0.0,0.0
90.0,fixed,4010电机002,right_distal_negative,小腿010,False,0.0,53.02567103047378,0.0,0.0,0.0
90.0,fixed,4010电机003,right_distal_negative,小腿010,False,0.0,12.007230635564357,0.0,0.0,0.0
90.0,left_proximal_negative,大腿,left_distal_negative,推力轴承,True,0.0,1.2789769243681803e-13,0.0,0.0,0.0
90.0,left_proximal_negative,大腿,left_distal_negative,小腿001,True,1.0000000000001137,1.000000000000142,0.0,0.0,0.0
90.0,left_proximal_negative,大腿,left_distal_negative,cross recessed pan head screws gb_GB_CROSS_SCREWS_TYPE1 M4X16-16  H type-C,True,0.0,0.0999999997692012,0.0,0.0,0.0
90.0,left_proximal_negative,大腿,left_distal_negative,"hex nuts, style 1-grades ab gb_GB_FASTENER_NUT_SNAB1 M4-C",True,0.0,1.1368683772161603e-13,0.0,0.0,0.0
90.0,left_proximal_negative,大腿,left_distal_positive,小腿004,False,0.0,60.16641537781203,0.0,0.0,0.0
90.0,left_proximal_positive,大腿垫高,left_distal_negative,小腿001,False,0.0,60.16641537803934,0.0,0.0,0.0
90.0,left_proximal_positive,大腿001,left_distal_negative,小腿001,False,0.0,60.166415378039325,0.0,0.0,0.0
90.0,left_proximal_positive,大腿垫高,left_distal_positive,小腿004,True,0.0,19.11873350806419,0.0,0.0,0.0
90.0,left_proximal_positive,大腿001,left_distal_positive,小腿004,True,1.0000000000000995,1.000000000000142,0.0,0.0,0.0
90.0,left_proximal_positive,大腿001,left_distal_positive,推力轴承001,True,0.0,1.4210854715202004e-13,0.0,0.0,0.0
90.0,left_proximal_positive,大腿001,left_distal_positive,cross recessed pan head screws gb_GB_CROSS_SCREWS_TYPE1 M4X16-16  H type-C001,True,0.0,0.09999999975992072,0.0,0.0,0.0
90.0,left_proximal_positive,大腿001,left_distal_positive,"hex nuts, style 1-grades ab gb_GB_FASTENER_NUT_SNAB1 M4-C001",True,0.0,5.684341886080802e-14,0.0,0.0,0.0
90.0,left_distal_negative,小腿001,left_distal_positive,小腿004,True,0.9999999999999858,0.9999999999999858,0.0,0.0,0.0
90.0,left_distal_negative,小腿001,left_wheel,推力轴承002,True,0.0,1.4210854715202004e-14,0.0,0.0,0.0
90.0,left_distal_negative,小腿001,left_wheel,驱动板004,True,0.4999999999998721,0.4999999999998863,0.0,0.0,0.0
90.0,left_distal_negative,小腿001,left_wheel,MISUMI_CBSTSR4-16_内六角螺栓（盖螺栓）,True,0.0,0.0,0.0,0.0,0.0
90.0,left_distal_positive,小腿004,left_wheel,推力轴承002,True,0.0,0.0,0.0,0.0,0.0
90.0,left_distal_positive,小腿004,left_wheel,MISUMI_C-SE604ZZ_不锈钢小径滚珠轴承,True,0.0,1.4210854715202004e-14,0.0,0.0,0.0
90.0,left_distal_positive,小腿004,left_wheel,MISUMI_CBSTSR4-16_内六角螺栓（盖螺栓）,True,0.0,0.09999999941337712,0.0,0.0,0.0
90.0,right_proximal_negative,大腿垫高001,right_distal_negative,小腿010,True,0.0,19.118733508201956,0.0,0.0,0.0
90.0,right_proximal_negative,大腿003,right_distal_negative,推力轴承004,True,0.0,1.2789769243681803e-13,0.0,0.0,0.0
90.0,right_proximal_negative,大腿003,right_distal_negative,小腿009,True,2.0,2.0,0.0,0.0,0.0
90.0,right_proximal_negative,大腿003,right_distal_negative,小腿010,True,1.0,1.0,0.0,0.0,0.0
90.0,right_proximal_negative,大腿003,right_distal_negative,"hex nuts, style 1-grades ab gb_GB_FASTENER_NUT_SNAB1 M4-C005",True,1.1368683772161603e-13,1.4210854715202004e-13,0.0,0.0,0.0
90.0,right_proximal_negative,大腿003,right_distal_negative,cross recessed pan head screws gb_GB_CROSS_SCREWS_TYPE1 M4X16-16  H type-C003,True,0.0,0.09999999980979081,0.0,0.0,0.0
90.0,right_proximal_negative,大腿垫高001,right_distal_positive,小腿007,False,0.0,60.166415377812,0.0,0.0,0.0
90.0,right_proximal_negative,大腿003,right_distal_positive,小腿007,False,0.0,60.16641537781198,0.0,0.0,0.0
90.0,right_proximal_positive,大腿002,right_distal_negative,小腿010,False,0.0,60.1664153780402,0.0,0.0,0.0
90.0,right_proximal_positive,大腿002,right_distal_positive,推力轴承003,True,0.0,0.0,0.0,0.0,0.0
90.0,right_proximal_positive,大腿002,right_distal_positive,小腿007,True,1.0,1.0000000000000142,0.0,0.0,0.0
90.0,right_proximal_positive,大腿002,right_distal_positive,cross recessed pan head screws gb_GB_CROSS_SCREWS_TYPE1 M4X16-16  H type-C002,True,0.0,0.09999999977752232,0.0,0.0,0.0
90.0,right_proximal_positive,大腿002,right_distal_positive,"hex nuts, style 1-grades ab gb_GB_FASTENER_NUT_SNAB1 M4-C003",True,0.0,1.4210854715202004e-14,0.0,0.0,0.0
90.0,right_distal_negative,小腿010,right_distal_positive,小腿007,True,1.0000000000000142,1.0000000000000142,0.0,0.0,0.0
90.0,right_distal_negative,小腿010,right_wheel,推力轴承005,True,0.0,1.4210854715202004e-14,0.0,0.0,0.0
90.0,right_distal_negative,小腿010,right_wheel,MISUMI_C-SE604ZZ_不锈钢小径滚珠轴承004,True,0.0,1.4210854715202004e-14,0.0,0.0,0.0
90.0,right_distal_negative,小腿010,right_wheel,MISUMI_CBSTSR4-16_内六角螺栓（盖螺栓）001,True,0.0,0.09999999972276319,0.0,0.0,0.0
90.0,right_distal_positive,小腿007,right_wheel,推力轴承005,True,0.0,0.0,0.0,0.0,0.0
90.0,right_distal_positive,小腿007,right_wheel,驱动板005,True,0.4999999999998863,0.49999999999991473,0.0,0.0,0.0
90.0,right_distal_positive,小腿007,right_wheel,MISUMI_CBSTSR4-16_内六角螺栓（盖螺栓）001,True,0.0,0.0,0.0,0.0,0.0
91.0,fixed,4010电机,left_proximal_negative,大腿,True,0.0,1.1368683772161603e-13,0.0,0.0,0.0
91.0,fixed,4010电机001,left_proximal_positive,大腿垫高,True,1.4210854715202004e-14,0.0,0.0,0.0,0.0
91.0,fixed,4010电机,left_distal_positive,小腿004,False,0.0,53.59716322566193,0.0,0.0,0.0
91.0,fixed,4010电机001,left_distal_positive,小腿004,False,0.0,12.407682639332563,0.0,0.0,0.0
91.0,fixed,4010电机003,right_proximal_negative,大腿垫高001,True,2.842170943040401e-14,2.842170943040401e-14,0.0,0.0,0.0
91.0,fixed,4010电机002,right_proximal_positive,大腿002,True,1.4210854715202004e-14,1.4210854715202004e-14,0.0,0.0,0.0
91.0,fixed,4010电机002,right_distal_negative,小腿010,False,0.0,53.59716322588791,0.0,0.0,0.0
91.0,fixed,4010电机003,right_distal_negative,小腿010,False,0.0,12.407682639468351,0.0,0.0,0.0
91.0,left_proximal_negative,大腿,left_distal_negative,推力轴承,True,0.0,1.2789769243681803e-13,0.0,0.0,0.0
91.0,left_proximal_negative,大腿,left_distal_negative,小腿001,True,1.0000000000001137,1.000000000000142,0.0,0.0,0.0
91.0,left_proximal_negative,大腿,left_distal_negative,cross recessed pan head screws gb_GB_CROSS_SCREWS_TYPE1 M4X16-16  H type-C,True,0.0,0.0999999997765334,0.0,0.0,0.0
91.0,left_proximal_negative,大腿,left_distal_negative,"hex nuts, style 1-grades ab gb_GB_FASTENER_NUT_SNAB1 M4-C",True,0.0,1.1368683772161603e-13,0.0,0.0,0.0
91.0,left_proximal_negative,大腿,left_distal_positive,小腿004,False,0.0,60.738004472499014,0.0,0.0,0.0
91.0,left_proximal_positive,大腿垫高,left_distal_negative,小腿001,False,0.0,60.73800447272421,0.0,0.0,0.0
91.0,left_proximal_positive,大腿001,left_distal_negative,小腿001,False,0.0,60.73800447272419,0.0,0.0,0.0
91.0,left_proximal_positive,大腿垫高,left_distal_positive,小腿004,True,0.0,19.520338580494506,0.0,0.0,0.0
91.0,left_proximal_positive,大腿001,left_distal_positive,小腿004,True,1.0000000000000995,1.000000000000142,0.0,0.0,0.0
91.0,left_proximal_positive,大腿001,left_distal_positive,推力轴承001,True,0.0,1.4210854715202004e-13,0.0,0.0,0.0
91.0,left_proximal_positive,大腿001,left_distal_positive,cross recessed pan head screws gb_GB_CROSS_SCREWS_TYPE1 M4X16-16  H type-C001,True,0.0,0.09999999977157985,0.0,0.0,0.0
91.0,left_proximal_positive,大腿001,left_distal_positive,"hex nuts, style 1-grades ab gb_GB_FASTENER_NUT_SNAB1 M4-C001",True,0.0,5.684341886080802e-14,0.0,0.0,0.0
91.0,left_distal_negative,小腿001,left_distal_positive,小腿004,True,0.9999999999999858,0.9999999999999858,0.0,0.0,0.0
91.0,left_distal_negative,小腿001,left_wheel,推力轴承002,True,0.0,1.4210854715202004e-14,0.0,0.0,0.0
91.0,left_distal_negative,小腿001,left_wheel,驱动板004,True,0.4999999999998721,0.4999999999998863,0.0,0.0,0.0
91.0,left_distal_negative,小腿001,left_wheel,MISUMI_CBSTSR4-16_内六角螺栓（盖螺栓）,True,0.0,0.0,0.0,0.0,0.0
91.0,left_distal_positive,小腿004,left_wheel,推力轴承002,True,0.0,0.0,0.0,0.0,0.0
91.0,left_distal_positive,小腿004,left_wheel,MISUMI_C-SE604ZZ_不锈钢小径滚珠轴承,True,0.0,1.4210854715202004e-14,0.0,0.0,0.0
91.0,left_distal_positive,小腿004,left_wheel,MISUMI_CBSTSR4-16_内六角螺栓（盖螺栓）,True,0.0,0.09999999941315228,0.0,0.0,0.0
91.0,right_proximal_negative,大腿垫高001,right_distal_negative,小腿010,True,0.0,19.52033858063054,0.0,0.0,0.0
91.0,right_proximal_negative,大腿003,right_distal_negative,推力轴承004,True,0.0,1.2789769243681803e-13,0.0,0.0,0.0
91.0,right_proximal_negative,大腿003,right_distal_negative,小腿009,True,2.0,2.0,0.0,0.0,0.0
91.0,right_proximal_negative,大腿003,right_distal_negative,小腿010,True,1.0,1.0,0.0,0.0,0.0
91.0,right_proximal_negative,大腿003,right_distal_negative,"hex nuts, style 1-grades ab gb_GB_FASTENER_NUT_SNAB1 M4-C005",True,1.1368683772161603e-13,1.4210854715202004e-13,0.0,0.0,0.0
91.0,right_proximal_negative,大腿003,right_distal_negative,cross recessed pan head screws gb_GB_CROSS_SCREWS_TYPE1 M4X16-16  H type-C003,True,0.0,0.09999999979312052,0.0,0.0,0.0
91.0,right_proximal_negative,大腿垫高001,right_distal_positive,小腿007,False,0.0,60.738004472499,0.0,0.0,0.0
91.0,right_proximal_negative,大腿003,right_distal_positive,小腿007,False,0.0,60.738004472498965,0.0,0.0,0.0
91.0,right_proximal_positive,大腿002,right_distal_negative,小腿010,False,0.0,60.73800447272506,0.0,0.0,0.0
91.0,right_proximal_positive,大腿002,right_distal_positive,推力轴承003,True,0.0,0.0,0.0,0.0,0.0
91.0,right_proximal_positive,大腿002,right_distal_positive,小腿007,True,1.0,1.0000000000000142,0.0,0.0,0.0
91.0,right_proximal_positive,大腿002,right_distal_positive,cross recessed pan head screws gb_GB_CROSS_SCREWS_TYPE1 M4X16-16  H type-C002,True,0.0,0.09999999975814172,0.0,0.0,0.0
91.0,right_proximal_positive,大腿002,right_distal_positive,"hex nuts, style 1-grades ab gb_GB_FASTENER_NUT_SNAB1 M4-C003",True,0.0,1.4210854715202004e-14,0.0,0.0,0.0
91.0,right_distal_negative,小腿010,right_distal_positive,小腿007,True,1.0000000000000142,1.0000000000000142,0.0,0.0,0.0
91.0,right_distal_negative,小腿010,right_wheel,推力轴承005,True,0.0,1.4210854715202004e-14,0.0,0.0,0.0
91.0,right_distal_negative,小腿010,right_wheel,MISUMI_C-SE604ZZ_不锈钢小径滚珠轴承004,True,0.0,1.4210854715202004e-14,0.0,0.0,0.0
91.0,right_distal_negative,小腿010,right_wheel,MISUMI_CBSTSR4-16_内六角螺栓（盖螺栓）001,True,0.0,0.09999999974263303,0.0,0.0,0.0
91.0,right_distal_positive,小腿007,right_wheel,推力轴承005,True,0.0,0.0,0.0,0.0,0.0
91.0,right_distal_positive,小腿007,right_wheel,驱动板005,True,0.4999999999998863,0.49999999999991473,0.0,0.0,0.0
91.0,right_distal_positive,小腿007,right_wheel,MISUMI_CBSTSR4-16_内六角螺栓（盖螺栓）001,True,0.0,0.0,0.0,0.0,0.0
92.0,fixed,4010电机,left_proximal_negative,大腿,True,0.0,1.1368683772161603e-13,0.0,0.0,0.0
92.0,fixed,4010电机001,left_proximal_positive,大腿垫高,True,1.4210854715202004e-14,0.0,0.0,0.0,0.0
92.0,fixed,4010电机,left_distal_positive,小腿004,False,0.0,54.15732136458313,0.0,0.0,0.0
92.0,fixed,4010电机001,left_distal_positive,小腿004,False,0.0,12.792661031759653,0.0,0.0,0.0
92.0,fixed,4010电机003,right_proximal_negative,大腿垫高001,True,2.842170943040401e-14,2.842170943040401e-14,0.0,0.0,0.0
92.0,fixed,4010电机002,right_proximal_positive,大腿002,True,1.4210854715202004e-14,1.4210854715202004e-14,0.0,0.0,0.0
92.0,fixed,4010电机002,right_distal_negative,小腿010,False,0.0,54.157321364807,0.0,0.0,0.0
92.0,fixed,4010电机003,right_distal_negative,小腿010,False,0.0,12.792661031893665,0.0,0.0,0.0
92.0,left_proximal_negative,大腿,left_distal_negative,推力轴承,True,0.0,1.2789769243681803e-13,0.0,0.0,0.0
92.0,left_proximal_negative,大腿,left_distal_negative,小腿001,True,1.0000000000001137,1.000000000000142,0.0,0.0,0.0
92.0,left_proximal_negative,大腿,left_distal_negative,cross recessed pan head screws gb_GB_CROSS_SCREWS_TYPE1 M4X16-16  H type-C,True,0.0,0.09999999978392352,0.0,0.0,0.0
92.0,left_proximal_negative,大腿,left_distal_negative,"hex nuts, style 1-grades ab gb_GB_FASTENER_NUT_SNAB1 M4-C",True,0.0,1.1368683772161603e-13,0.0,0.0,0.0
92.0,left_proximal_negative,大腿,left_distal_positive,小腿004,False,0.0,61.29825563982872,0.0,0.0,0.0
92.0,left_proximal_positive,大腿垫高,left_distal_negative,小腿001,False,0.0,61.29825564005179,0.0,0.0,0.0
92.0,left_proximal_positive,大腿001,left_distal_negative,小腿001,False,0.0,61.298255640051785,0.0,0.0,0.0
92.0,left_proximal_positive,大腿垫高,left_distal_positive,小腿004,True,0.0,19.906362104023795,0.0,0.0,0.0
92.0,left_proximal_positive,大腿001,left_distal_positive,小腿004,True,1.0000000000000995,1.000000000000142,0.0,0.0,0.0
92.0,left_proximal_positive,大腿001,left_distal_positive,推力轴承001,True,0.0,1.4210854715202004e-13,0.0,0.0,0.0
92.0,left_proximal_positive,大腿001,left_distal_positive,cross recessed pan head screws gb_GB_CROSS_SCREWS_TYPE1 M4X16-16  H type-C001,True,0.0,0.0999999997701209,0.0,0.0,0.0
92.0,left_proximal_positive,大腿001,left_distal_positive,"hex nuts, style 1-grades ab gb_GB_FASTENER_NUT_SNAB1 M4-C001",True,0.0,5.684341886080802e-14,0.0,0.0,0.0
92.0,left_distal_negative,小腿001,left_distal_positive,小腿004,True,0.9999999999999858,0.9999999999999858,0.0,0.0,0.0
92.0,left_distal_negative,小腿001,left_wheel,推力轴承002,True,0.0,1.4210854715202004e-14,0.0,0.0,0.0
92.0,left_distal_negative,小腿001,left_wheel,驱动板004,True,0.4999999999998721,0.4999999999998863,0.0,0.0,0.0
92.0,left_distal_negative,小腿001,left_wheel,MISUMI_CBSTSR4-16_内六角螺栓（盖螺栓）,True,0.0,0.0,0.0,0.0,0.0
92.0,left_distal_positive,小腿004,left_wheel,推力轴承002,True,0.0,0.0,0.0,0.0,0.0
92.0,left_distal_positive,小腿004,left_wheel,MISUMI_C-SE604ZZ_不锈钢小径滚珠轴承,True,0.0,1.4210854715202004e-14,0.0,0.0,0.0
92.0,left_distal_positive,小腿004,left_wheel,MISUMI_CBSTSR4-16_内六角螺栓（盖螺栓）,True,0.0,0.09999999941291844,0.0,0.0,0.0
92.0,right_proximal_negative,大腿垫高001,right_distal_negative,小腿010,True,0.0,19.906362104158003,0.0,0.0,0.0
92.0,right_proximal_negative,大腿003,right_distal_negative,推力轴承004,True,0.0,1.2789769243681803e-13,0.0,0.0,0.0
92.0,right_proximal_negative,大腿003,right_distal_negative,小腿009,True,2.0,2.0,0.0,0.0,0.0
92.0,right_proximal_negative,大腿003,right_distal_negative,小腿010,True,1.0,1.0,0.0,0.0,0.0
92.0,right_proximal_negative,大腿003,right_distal_negative,"hex nuts, style 1-grades ab gb_GB_FASTENER_NUT_SNAB1 M4-C005",True,1.1368683772161603e-13,1.4210854715202004e-13,0.0,0.0,0.0
92.0,right_proximal_negative,大腿003,right_distal_negative,cross recessed pan head screws gb_GB_CROSS_SCREWS_TYPE1 M4X16-16  H type-C003,True,0.0,0.09999999976938993,0.0,0.0,0.0
92.0,right_proximal_negative,大腿垫高001,right_distal_positive,小腿007,False,0.0,61.2982556398287,0.0,0.0,0.0
92.0,right_proximal_negative,大腿003,right_distal_positive,小腿007,False,0.0,61.29825563982867,0.0,0.0,0.0
92.0,right_proximal_positive,大腿002,right_distal_negative,小腿010,False,0.0,61.29825564005265,0.0,0.0,0.0
92.0,right_proximal_positive,大腿002,right_distal_positive,推力轴承003,True,0.0,0.0,0.0,0.0,0.0
92.0,right_proximal_positive,大腿002,right_distal_positive,小腿007,True,1.0,1.0000000000000142,0.0,0.0,0.0
92.0,right_proximal_positive,大腿002,right_distal_positive,cross recessed pan head screws gb_GB_CROSS_SCREWS_TYPE1 M4X16-16  H type-C002,True,0.0,0.09999999976933152,0.0,0.0,0.0
92.0,right_proximal_positive,大腿002,right_distal_positive,"hex nuts, style 1-grades ab gb_GB_FASTENER_NUT_SNAB1 M4-C003",True,0.0,1.4210854715202004e-14,0.0,0.0,0.0
92.0,right_distal_negative,小腿010,right_distal_positive,小腿007,True,1.0000000000000142,1.0000000000000142,0.0,0.0,0.0
92.0,right_distal_negative,小腿010,right_wheel,推力轴承005,True,0.0,1.4210854715202004e-14,0.0,0.0,0.0
92.0,right_distal_negative,小腿010,right_wheel,MISUMI_C-SE604ZZ_不锈钢小径滚珠轴承004,True,0.0,1.4210854715202004e-14,0.0,0.0,0.0
92.0,right_distal_negative,小腿010,right_wheel,MISUMI_CBSTSR4-16_内六角螺栓（盖螺栓）001,True,0.0,0.09999999974281562,0.0,0.0,0.0
92.0,right_distal_positive,小腿007,right_wheel,推力轴承005,True,0.0,0.0,0.0,0.0,0.0
92.0,right_distal_positive,小腿007,right_wheel,驱动板005,True,0.4999999999998863,0.49999999999991473,0.0,0.0,0.0
92.0,right_distal_positive,小腿007,right_wheel,MISUMI_CBSTSR4-16_内六角螺栓（盖螺栓）001,True,0.0,0.0,0.0,0.0,0.0
93.0,fixed,4010电机,left_proximal_negative,大腿,True,0.0,1.1368683772161603e-13,0.0,0.0,0.0
93.0,fixed,4010电机001,left_proximal_positive,大腿垫高,True,1.4210854715202004e-14,0.0,0.0,0.0,0.0
93.0,fixed,4010电机,left_distal_positive,小腿004,False,0.0,54.70585121371078,0.0,0.0,0.0
93.0,fixed,4010电机001,left_distal_positive,小腿004,False,0.0,13.16200583376175,0.0,0.0,0.0
93.0,fixed,4010电机003,right_proximal_negative,大腿垫高001,True,2.842170943040401e-14,2.842170943040401e-14,0.0,0.0,0.0
93.0,fixed,4010电机002,right_proximal_positive,大腿002,True,1.4210854715202004e-14,1.4210854715202004e-14,0.0,0.0,0.0
93.0,fixed,4010电机002,right_distal_negative,小腿010,False,0.0,54.70585121393247,0.0,0.0,0.0
93.0,fixed,4010电机003,right_distal_negative,小腿010,False,0.0,13.162005833893955,0.0,0.0,0.0
93.0,left_proximal_negative,大腿,left_distal_negative,推力轴承,True,0.0,1.2789769243681803e-13,0.0,0.0,0.0
93.0,left_proximal_negative,大腿,left_distal_negative,小腿001,True,1.0000000000001137,1.000000000000142,0.0,0.0,0.0
93.0,left_proximal_negative,大腿,left_distal_negative,cross recessed pan head screws gb_GB_CROSS_SCREWS_TYPE1 M4X16-16  H type-C,True,0.0,0.09999999979137059,0.0,0.0,0.0
93.0,left_proximal_negative,大腿,left_distal_negative,"hex nuts, style 1-grades ab gb_GB_FASTENER_NUT_SNAB1 M4-C",True,0.0,1.1368683772161603e-13,0.0,0.0,0.0
93.0,left_proximal_negative,大腿,left_distal_positive,小腿004,False,0.0,61.846874772684345,0.0,0.0,0.0
93.0,left_proximal_positive,大腿垫高,left_distal_negative,小腿001,False,0.0,61.84687477290526,0.0,0.0,0.0
93.0,left_proximal_positive,大腿001,left_distal_negative,小腿001,False,0.0,61.846874772905245,0.0,0.0,0.0
93.0,left_proximal_positive,大腿垫高,left_distal_positive,小腿004,True,0.0,20.276655982061076,0.0,0.0,0.0
93.0,left_proximal_positive,大腿001,left_distal_positive,小腿004,True,1.0000000000000995,1.000000000000142,0.0,0.0,0.0
93.0,left_proximal_positive,大腿001,left_distal_positive,推力轴承001,True,0.0,1.4210854715202004e-13,0.0,0.0,0.0
93.0,left_proximal_positive,大腿001,left_distal_positive,cross recessed pan head screws gb_GB_CROSS_SCREWS_TYPE1 M4X16-16  H type-C001,True,0.0,0.09999999977745236,0.0,0.0,0.0
93.0,left_proximal_positive,大腿001,left_distal_positive,"hex nuts, style 1-grades ab gb_GB_FASTENER_NUT_SNAB1 M4-C001",True,0.0,5.684341886080802e-14,0.0,0.0,0.0
93.0,left_distal_negative,小腿001,left_distal_positive,小腿004,True,0.9999999999999858,0.9999999999999858,0.0,0.0,0.0
93.0,left_distal_negative,小腿001,left_wheel,推力轴承002,True,0.0,1.4210854715202004e-14,0.0,0.0,0.0
93.0,left_distal_negative,小腿001,left_wheel,驱动板004,True,0.4999999999998721,0.4999999999998863,0.0,0.0,0.0
93.0,left_distal_negative,小腿001,left_wheel,MISUMI_CBSTSR4-16_内六角螺栓（盖螺栓）,True,0.0,0.0,0.0,0.0,0.0
93.0,left_distal_positive,小腿004,left_wheel,推力轴承002,True,0.0,0.0,0.0,0.0,0.0
93.0,left_distal_positive,小腿004,left_wheel,MISUMI_C-SE604ZZ_不锈钢小径滚珠轴承,True,0.0,1.4210854715202004e-14,0.0,0.0,0.0
93.0,left_distal_positive,小腿004,left_wheel,MISUMI_CBSTSR4-16_内六角螺栓（盖螺栓）,True,0.0,0.0999999994126917,0.0,0.0,0.0
93.0,right_proximal_negative,大腿垫高001,right_distal_negative,小腿010,True,0.0,20.276655982193464,0.0,0.0,0.0
93.0,right_proximal_negative,大腿003,right_distal_negative,推力轴承004,True,0.0,1.2789769243681803e-13,0.0,0.0,0.0
93.0,right_proximal_negative,大腿003,right_distal_negative,小腿009,True,2.0,2.0,0.0,0.0,0.0
93.0,right_proximal_negative,大腿003,right_distal_negative,小腿010,True,1.0,1.0,0.0,0.0,0.0
93.0,right_proximal_negative,大腿003,right_distal_negative,"hex nuts, style 1-grades ab gb_GB_FASTENER_NUT_SNAB1 M4-C005",True,1.1368683772161603e-13,1.4210854715202004e-13,0.0,0.0,0.0
93.0,right_proximal_negative,大腿003,right_distal_negative,cross recessed pan head screws gb_GB_CROSS_SCREWS_TYPE1 M4X16-16  H type-C003,True,0.0,0.099999999774569,0.0,0.0,0.0
93.0,right_proximal_negative,大腿垫高001,right_distal_positive,小腿007,False,0.0,61.84687477268433,0.0,0.0,0.0
93.0,right_proximal_negative,大腿003,right_distal_positive,小腿007,False,0.0,61.846874772684295,0.0,0.0,0.0
93.0,right_proximal_positive,大腿002,right_distal_negative,小腿010,False,0.0,61.84687477290612,0.0,0.0,0.0
93.0,right_proximal_positive,大腿002,right_distal_positive,推力轴承003,True,0.0,0.0,0.0,0.0,0.0
93.0,right_proximal_positive,大腿002,right_distal_positive,小腿007,True,1.0,1.0000000000000142,0.0,0.0,0.0
93.0,right_proximal_positive,大腿002,right_distal_positive,cross recessed pan head screws gb_GB_CROSS_SCREWS_TYPE1 M4X16-16  H type-C002,True,0.0,0.09999999980609942,0.0,0.0,0.0
93.0,right_proximal_positive,大腿002,right_distal_positive,"hex nuts, style 1-grades ab gb_GB_FASTENER_NUT_SNAB1 M4-C003",True,0.0,1.4210854715202004e-14,0.0,0.0,0.0
93.0,right_distal_negative,小腿010,right_distal_positive,小腿007,True,1.0000000000000142,1.0000000000000142,0.0,0.0,0.0
93.0,right_distal_negative,小腿010,right_wheel,推力轴承005,True,0.0,1.4210854715202004e-14,0.0,0.0,0.0
93.0,right_distal_negative,小腿010,right_wheel,MISUMI_C-SE604ZZ_不锈钢小径滚珠轴承004,True,0.0,1.4210854715202004e-14,0.0,0.0,0.0
93.0,right_distal_negative,小腿010,right_wheel,MISUMI_CBSTSR4-16_内六角螺栓（盖螺栓）001,True,0.0,0.09999999974302046,0.0,0.0,0.0
93.0,right_distal_positive,小腿007,right_wheel,推力轴承005,True,0.0,0.0,0.0,0.0,0.0
93.0,right_distal_positive,小腿007,right_wheel,驱动板005,True,0.4999999999998863,0.49999999999991473,0.0,0.0,0.0
93.0,right_distal_positive,小腿007,right_wheel,MISUMI_CBSTSR4-16_内六角螺栓（盖螺栓）001,True,0.0,0.0,0.0,0.0,0.0
94.0,fixed,4010电机,left_proximal_negative,大腿,True,0.0,1.1368683772161603e-13,0.0,0.0,0.0
94.0,fixed,4010电机001,left_proximal_positive,大腿垫高,True,1.4210854715202004e-14,0.0,0.0,0.0,0.0
94.0,fixed,4010电机,left_distal_positive,小腿004,False,0.0,55.24245072002303,0.0,0.0,0.0
94.0,fixed,4010电机001,left_distal_positive,小腿004,False,0.0,13.515541973670743,0.0,0.0,0.0
94.0,fixed,4010电机003,right_proximal_negative,大腿垫高001,True,2.842170943040401e-14,2.842170943040401e-14,0.0,0.0,0.0
94.0,fixed,4010电机002,right_proximal_positive,大腿002,True,1.4210854715202004e-14,1.4210854715202004e-14,0.0,0.0,0.0
94.0,fixed,4010电机002,right_distal_negative,小腿010,False,0.0,55.242450720242495,0.0,0.0,0.0
94.0,fixed,4010电机003,right_distal_negative,小腿010,False,0.0,13.51554197380113,0.0,0.0,0.0
94.0,left_proximal_negative,大腿,left_distal_negative,推力轴承,True,0.0,1.2789769243681803e-13,0.0,0.0,0.0
94.0,left_proximal_negative,大腿,left_distal_negative,小腿001,True,1.0000000000001137,1.000000000000142,0.0,0.0,0.0
94.0,left_proximal_negative,大腿,left_distal_negative,cross recessed pan head screws gb_GB_CROSS_SCREWS_TYPE1 M4X16-16  H type-C,True,0.0,0.09999999977468205,0.0,0.0,0.0
94.0,left_proximal_negative,大腿,left_distal_negative,"hex nuts, style 1-grades ab gb_GB_FASTENER_NUT_SNAB1 M4-C",True,0.0,1.1368683772161603e-13,0.0,0.0,0.0
94.0,left_proximal_negative,大腿,left_distal_positive,小腿004,False,0.0,62.38355993527547,0.0,0.0,0.0
94.0,left_proximal_positive,大腿垫高,left_distal_negative,小腿001,False,0.0,62.383559935494155,0.0,0.0,0.0
94.0,left_proximal_positive,大腿001,left_distal_negative,小腿001,False,0.0,62.383559935494155,0.0,0.0,0.0
94.0,left_proximal_positive,大腿垫高,left_distal_positive,小腿004,True,0.0,20.631055168370757,0.0,0.0,0.0
94.0,left_proximal_positive,大腿001,left_distal_positive,小腿004,True,1.0000000000000995,1.000000000000142,0.0,0.0,0.0
94.0,left_proximal_positive,大腿001,left_distal_positive,推力轴承001,True,0.0,1.4210854715202004e-13,0.0,0.0,0.0
94.0,left_proximal_positive,大腿001,left_distal_positive,cross recessed pan head screws gb_GB_CROSS_SCREWS_TYPE1 M4X16-16  H type-C001,True,0.0,0.09999999980553503,0.0,0.0,0.0
94.0,left_proximal_positive,大腿001,left_distal_positive,"hex nuts, style 1-grades ab gb_GB_FASTENER_NUT_SNAB1 M4-C001",True,0.0,5.684341886080802e-14,0.0,0.0,0.0
94.0,left_distal_negative,小腿001,left_distal_positive,小腿004,True,0.9999999999999858,0.9999999999999858,0.0,0.0,0.0
94.0,left_distal_negative,小腿001,left_wheel,推力轴承002,True,0.0,1.4210854715202004e-14,0.0,0.0,0.0
94.0,left_distal_negative,小腿001,left_wheel,驱动板004,True,0.4999999999998721,0.4999999999998863,0.0,0.0,0.0
94.0,left_distal_negative,小腿001,left_wheel,MISUMI_CBSTSR4-16_内六角螺栓（盖螺栓）,True,0.0,0.0,0.0,0.0,0.0
94.0,left_distal_positive,小腿004,left_wheel,推力轴承002,True,0.0,0.0,0.0,0.0,0.0
94.0,left_distal_positive,小腿004,left_wheel,MISUMI_C-SE604ZZ_不锈钢小径滚珠轴承,True,0.0,1.4210854715202004e-14,0.0,0.0,0.0
94.0,left_distal_positive,小腿004,left_wheel,MISUMI_CBSTSR4-16_内六角螺栓（盖螺栓）,True,0.0,0.09999999941247163,0.0,0.0,0.0
94.0,right_proximal_negative,大腿垫高001,right_distal_negative,小腿010,True,0.0,20.631055168501312,0.0,0.0,0.0
94.0,right_proximal_negative,大腿003,right_distal_negative,推力轴承004,True,0.0,1.2789769243681803e-13,0.0,0.0,0.0
94.0,right_proximal_negative,大腿003,right_distal_negative,小腿009,True,2.0,2.0,0.0,0.0,0.0
94.0,right_proximal_negative,大腿003,right_distal_negative,小腿010,True,1.0,1.0,0.0,0.0,0.0
94.0,right_proximal_negative,大腿003,right_distal_negative,"hex nuts, style 1-grades ab gb_GB_FASTENER_NUT_SNAB1 M4-C005",True,1.1368683772161603e-13,1.4210854715202004e-13,0.0,0.0,0.0
94.0,right_proximal_negative,大腿003,right_distal_negative,cross recessed pan head screws gb_GB_CROSS_SCREWS_TYPE1 M4X16-16  H type-C003,True,0.0,0.0999999998067965,0.0,0.0,0.0
94.0,right_proximal_negative,大腿垫高001,right_distal_positive,小腿007,False,0.0,62.38355993527544,0.0,0.0,0.0
94.0,right_proximal_negative,大腿003,right_distal_positive,小腿007,False,0.0,62.38355993527541,0.0,0.0,0.0
94.0,right_proximal_positive,大腿002,right_distal_negative,小腿010,False,0.0,62.383559935495036,0.0,0.0,0.0
94.0,right_proximal_positive,大腿002,right_distal_positive,推力轴承003,True,0.0,0.0,0.0,0.0,0.0
94.0,right_proximal_positive,大腿002,right_distal_positive,小腿007,True,1.0,1.0000000000000142,0.0,0.0,0.0
94.0,right_proximal_positive,大腿002,right_distal_positive,cross recessed pan head screws gb_GB_CROSS_SCREWS_TYPE1 M4X16-16  H type-C002,True,0.0,0.09999999983199855,0.0,0.0,0.0
94.0,right_proximal_positive,大腿002,right_distal_positive,"hex nuts, style 1-grades ab gb_GB_FASTENER_NUT_SNAB1 M4-C003",True,0.0,1.4210854715202004e-14,0.0,0.0,0.0
94.0,right_distal_negative,小腿010,right_distal_positive,小腿007,True,1.0000000000000142,1.0000000000000142,0.0,0.0,0.0
94.0,right_distal_negative,小腿010,right_wheel,推力轴承005,True,0.0,1.4210854715202004e-14,0.0,0.0,0.0
94.0,right_distal_negative,小腿010,right_wheel,MISUMI_C-SE604ZZ_不锈钢小径滚珠轴承004,True,0.0,1.4210854715202004e-14,0.0,0.0,0.0
94.0,right_distal_negative,小腿010,right_wheel,MISUMI_CBSTSR4-16_内六角螺栓（盖螺栓）001,True,0.0,0.09999999974321525,0.0,0.0,0.0
94.0,right_distal_positive,小腿007,right_wheel,推力轴承005,True,0.0,0.0,0.0,0.0,0.0
94.0,right_distal_positive,小腿007,right_wheel,驱动板005,True,0.4999999999998863,0.49999999999991473,0.0,0.0,0.0
94.0,right_distal_positive,小腿007,right_wheel,MISUMI_CBSTSR4-16_内六角螺栓（盖螺栓）001,True,0.0,0.0,0.0,0.0,0.0
95.0,fixed,4010电机,left_proximal_negative,大腿,True,0.0,1.1368683772161603e-13,0.0,0.0,0.0
95.0,fixed,4010电机001,left_proximal_positive,大腿垫高,True,1.4210854715202004e-14,1.4210854715202004e-14,0.0,0.0,0.0
95.0,fixed,4010电机,left_distal_positive,小腿004,False,0.0,55.76680952794984,0.0,0.0,0.0
95.0,fixed,4010电机001,left_distal_positive,小腿004,False,0.0,13.8530790668148,0.0,0.0,0.0
95.0,fixed,4010电机003,right_proximal_negative,大腿垫高001,True,2.842170943040401e-14,2.842170943040401e-14,0.0,0.0,0.0
95.0,fixed,4010电机002,right_proximal_positive,大腿002,True,1.4210854715202004e-14,1.4210854715202004e-14,0.0,0.0,0.0
95.0,fixed,4010电机002,right_distal_negative,小腿010,False,0.0,55.766809528167116,0.0,0.0,0.0
95.0,fixed,4010电机003,right_distal_negative,小腿010,False,0.0,13.853079066943366,0.0,0.0,0.0
95.0,left_proximal_negative,大腿,left_distal_negative,推力轴承,True,0.0,1.2789769243681803e-13,0.0,0.0,0.0
95.0,left_proximal_negative,大腿,left_distal_negative,小腿001,True,1.0000000000001137,1.000000000000142,0.0,0.0,0.0
95.0,left_proximal_negative,大腿,left_distal_negative,cross recessed pan head screws gb_GB_CROSS_SCREWS_TYPE1 M4X16-16  H type-C,True,0.0,0.09999999979302325,0.0,0.0,0.0
95.0,left_proximal_negative,大腿,left_distal_negative,"hex nuts, style 1-grades ab gb_GB_FASTENER_NUT_SNAB1 M4-C",True,0.0,1.1368683772161603e-13,0.0,0.0,0.0
95.0,left_proximal_negative,大腿,left_distal_positive,小腿004,False,0.0,62.90800088077925,0.0,0.0,0.0
95.0,left_proximal_positive,大腿垫高,left_distal_negative,小腿001,False,0.0,62.908000880995715,0.0,0.0,0.0
95.0,left_proximal_positive,大腿001,left_distal_negative,小腿001,False,0.0,62.908000880995715,0.0,0.0,0.0
95.0,left_proximal_positive,大腿垫高,left_distal_positive,小腿004,True,0.0,20.969377779281178,0.0,0.0,0.0
95.0,left_proximal_positive,大腿001,left_distal_positive,小腿004,True,1.0000000000000995,1.000000000000142,0.0,0.0,0.0
95.0,left_proximal_positive,大腿001,left_distal_positive,推力轴承001,True,0.0,1.4210854715202004e-13,0.0,0.0,0.0
95.0,left_proximal_positive,大腿001,left_distal_positive,cross recessed pan head screws gb_GB_CROSS_SCREWS_TYPE1 M4X16-16  H type-C001,True,0.0,0.09999999981643312,0.0,0.0,0.0
95.0,left_proximal_positive,大腿001,left_distal_positive,"hex nuts, style 1-grades ab gb_GB_FASTENER_NUT_SNAB1 M4-C001",True,0.0,5.684341886080802e-14,0.0,0.0,0.0
95.0,left_distal_negative,小腿001,left_distal_positive,小腿004,True,0.9999999999999858,0.9999999999999858,0.0,0.0,0.0
95.0,left_distal_negative,小腿001,left_wheel,推力轴承002,True,0.0,1.4210854715202004e-14,0.0,0.0,0.0
95.0,left_distal_negative,小腿001,left_wheel,驱动板004,True,0.4999999999998721,0.4999999999998863,0.0,0.0,0.0
95.0,left_distal_negative,小腿001,left_wheel,MISUMI_CBSTSR4-16_内六角螺栓（盖螺栓）,True,0.0,0.0,0.0,0.0,0.0
95.0,left_distal_positive,小腿004,left_wheel,推力轴承002,True,0.0,0.0,0.0,0.0,0.0
95.0,left_distal_positive,小腿004,left_wheel,MISUMI_C-SE604ZZ_不锈钢小径滚珠轴承,True,0.0,1.4210854715202004e-14,0.0,0.0,0.0
95.0,left_distal_positive,小腿004,left_wheel,MISUMI_CBSTSR4-16_内六角螺栓（盖螺栓）,True,0.0,0.09999999941220636,0.0,0.0,0.0
95.0,right_proximal_negative,大腿垫高001,right_distal_negative,小腿010,True,0.0,20.969377779409886,0.0,0.0,0.0
95.0,right_proximal_negative,大腿003,right_distal_negative,推力轴承004,True,0.0,1.2789769243681803e-13,0.0,0.0,0.0
95.0,right_proximal_negative,大腿003,right_distal_negative,小腿009,True,2.0,2.0,0.0,0.0,0.0
95.0,right_proximal_negative,大腿003,right_distal_negative,小腿010,True,1.0,1.0,0.0,0.0,0.0
95.0,right_proximal_negative,大腿003,right_distal_negative,"hex nuts, style 1-grades ab gb_GB_FASTENER_NUT_SNAB1 M4-C005",True,1.1368683772161603e-13,1.4210854715202004e-13,0.0,0.0,0.0
95.0,right_proximal_negative,大腿003,right_distal_negative,cross recessed pan head screws gb_GB_CROSS_SCREWS_TYPE1 M4X16-16  H type-C003,True,0.0,0.09999999983021071,0.0,0.0,0.0
95.0,right_proximal_negative,大腿垫高001,right_distal_positive,小腿007,False,0.0,62.90800088077921,0.0,0.0,0.0
95.0,right_proximal_negative,大腿003,right_distal_positive,小腿007,False,0.0,62.90800088077918,0.0,0.0,0.0
95.0,right_proximal_positive,大腿002,right_distal_negative,小腿010,False,0.0,62.908000880996596,0.0,0.0,0.0
95.0,right_proximal_positive,大腿002,right_distal_positive,推力轴承003,True,0.0,0.0,0.0,0.0,0.0
95.0,right_proximal_positive,大腿002,right_distal_positive,小腿007,True,1.0,1.0000000000000142,0.0,0.0,0.0
95.0,right_proximal_positive,大腿002,right_distal_positive,cross recessed pan head screws gb_GB_CROSS_SCREWS_TYPE1 M4X16-16  H type-C002,True,0.0,0.09999999983564274,0.0,0.0,0.0
95.0,right_proximal_positive,大腿002,right_distal_positive,"hex nuts, style 1-grades ab gb_GB_FASTENER_NUT_SNAB1 M4-C003",True,0.0,1.4210854715202004e-14,0.0,0.0,0.0
95.0,right_distal_negative,小腿010,right_distal_positive,小腿007,True,1.0000000000000142,1.0000000000000142,0.0,0.0,0.0
95.0,right_distal_negative,小腿010,right_wheel,推力轴承005,True,0.0,1.4210854715202004e-14,0.0,0.0,0.0
95.0,right_distal_negative,小腿010,right_wheel,MISUMI_C-SE604ZZ_不锈钢小径滚珠轴承004,True,0.0,1.4210854715202004e-14,0.0,0.0,0.0
95.0,right_distal_negative,小腿010,right_wheel,MISUMI_CBSTSR4-16_内六角螺栓（盖螺栓）001,True,0.0,0.09999999974343204,0.0,0.0,0.0
95.0,right_distal_positive,小腿007,right_wheel,推力轴承005,True,0.0,0.0,0.0,0.0,0.0
95.0,right_distal_positive,小腿007,right_wheel,驱动板005,True,0.4999999999998863,0.49999999999991473,0.0,0.0,0.0
95.0,right_distal_positive,小腿007,right_wheel,MISUMI_CBSTSR4-16_内六角螺栓（盖螺栓）001,True,0.0,0.0,0.0,0.0,0.0
96.0,fixed,4010电机,left_proximal_negative,大腿,True,0.0,1.1368683772161603e-13,0.0,0.0,0.0
96.0,fixed,4010电机001,left_proximal_positive,大腿垫高,True,1.4210854715202004e-14,1.4210854715202004e-14,0.0,0.0,0.0
96.0,fixed,4010电机,left_distal_positive,小腿004,False,0.0,56.27860845761805,0.0,0.0,0.0
96.0,fixed,4010电机001,left_distal_positive,小腿004,False,0.0,14.174411169627373,0.0,0.0,0.0
96.0,fixed,4010电机003,right_proximal_negative,大腿垫高001,True,2.842170943040401e-14,2.842170943040401e-14,0.0,0.0,0.0
96.0,fixed,4010电机002,right_proximal_positive,大腿002,True,1.4210854715202004e-14,1.4210854715202004e-14,0.0,0.0,0.0
96.0,fixed,4010电机002,right_distal_negative,小腿010,False,0.0,56.27860845783304,0.0,0.0,0.0
96.0,fixed,4010电机003,right_distal_negative,小腿010,False,0.0,14.174411169754066,0.0,0.0,0.0
96.0,left_proximal_negative,大腿,left_distal_negative,推力轴承,True,0.0,1.2789769243681803e-13,0.0,0.0,0.0
96.0,left_proximal_negative,大腿,left_distal_negative,小腿001,True,1.0000000000001137,1.000000000000142,0.0,0.0,0.0
96.0,left_proximal_negative,大腿,left_distal_negative,cross recessed pan head screws gb_GB_CROSS_SCREWS_TYPE1 M4X16-16  H type-C,True,0.0,0.09999999981197712,0.0,0.0,0.0
96.0,left_proximal_negative,大腿,left_distal_negative,"hex nuts, style 1-grades ab gb_GB_FASTENER_NUT_SNAB1 M4-C",True,0.0,1.1368683772161603e-13,0.0,0.0,0.0
96.0,left_proximal_negative,大腿,left_distal_positive,小腿004,False,0.0,63.41987853000139,0.0,0.0,0.0
96.0,left_proximal_positive,大腿垫高,left_distal_negative,小腿001,False,0.0,63.419878530215584,0.0,0.0,0.0
96.0,left_proximal_positive,大腿001,left_distal_negative,小腿001,False,0.0,63.419878530215584,0.0,0.0,0.0
96.0,left_proximal_positive,大腿垫高,left_distal_positive,小腿004,True,0.0,21.29142510944437,0.0,0.0,0.0
96.0,left_proximal_positive,大腿001,left_distal_positive,小腿004,True,1.0000000000000995,1.000000000000142,0.0,0.0,0.0
96.0,left_proximal_positive,大腿001,left_distal_positive,推力轴承001,True,0.0,1.4210854715202004e-13,0.0,0.0,0.0
96.0,left_proximal_positive,大腿001,left_distal_positive,cross recessed pan head screws gb_GB_CROSS_SCREWS_TYPE1 M4X16-16  H type-C001,True,0.0,0.09999999982741656,0.0,0.0,0.0
96.0,left_proximal_positive,大腿001,left_distal_positive,"hex nuts, style 1-grades ab gb_GB_FASTENER_NUT_SNAB1 M4-C001",True,0.0,5.684341886080802e-14,0.0,0.0,0.0
96.0,left_distal_negative,小腿001,left_distal_positive,小腿004,True,0.9999999999999858,0.9999999999999858,0.0,0.0,0.0
96.0,left_distal_negative,小腿001,left_wheel,推力轴承002,True,0.0,1.4210854715202004e-14,0.0,0.0,0.0
96.0,left_distal_negative,小腿001,left_wheel,驱动板004,True,0.4999999999998721,0.4999999999998863,0.0,0.0,0.0
96.0,left_distal_negative,小腿001,left_wheel,MISUMI_CBSTSR4-16_内六角螺栓（盖螺栓）,True,0.0,0.0,0.0,0.0,0.0
96.0,left_distal_positive,小腿004,left_wheel,推力轴承002,True,0.0,0.0,0.0,0.0,0.0
96.0,left_distal_positive,小腿004,left_wheel,MISUMI_C-SE604ZZ_不锈钢小径滚珠轴承,True,0.0,1.4210854715202004e-14,0.0,0.0,0.0
96.0,left_distal_positive,小腿004,left_wheel,MISUMI_CBSTSR4-16_内六角螺栓（盖螺栓）,True,0.0,0.09999999941198902,0.0,0.0,0.0
96.0,right_proximal_negative,大腿垫高001,right_distal_negative,小腿010,True,0.0,21.29142510957119,0.0,0.0,0.0
96.0,right_proximal_negative,大腿003,right_distal_negative,推力轴承004,True,0.0,1.2789769243681803e-13,0.0,0.0,0.0
96.0,right_proximal_negative,大腿003,right_distal_negative,小腿009,True,2.0,2.0,0.0,0.0,0.0
96.0,right_proximal_negative,大腿003,right_distal_negative,小腿010,True,1.0,1.0,0.0,0.0,0.0
96.0,right_proximal_negative,大腿003,right_distal_negative,"hex nuts, style 1-grades ab gb_GB_FASTENER_NUT_SNAB1 M4-C005",True,1.1368683772161603e-13,1.4210854715202004e-13,0.0,0.0,0.0
96.0,right_proximal_negative,大腿003,right_distal_negative,cross recessed pan head screws gb_GB_CROSS_SCREWS_TYPE1 M4X16-16  H type-C003,True,0.0,0.09999999987687547,0.0,0.0,0.0
96.0,right_proximal_negative,大腿垫高001,right_distal_positive,小腿007,False,0.0,63.41987853000136,0.0,0.0,0.0
96.0,right_proximal_negative,大腿003,right_distal_positive,小腿007,False,0.0,63.41987853000133,0.0,0.0,0.0
96.0,right_proximal_positive,大腿002,right_distal_negative,小腿010,False,0.0,63.41987853021646,0.0,0.0,0.0
96.0,right_proximal_positive,大腿002,right_distal_positive,推力轴承003,True,0.0,0.0,0.0,0.0,0.0
96.0,right_proximal_positive,大腿002,right_distal_positive,小腿007,True,1.0,1.0000000000000142,0.0,0.0,0.0
96.0,right_proximal_positive,大腿002,right_distal_positive,cross recessed pan head screws gb_GB_CROSS_SCREWS_TYPE1 M4X16-16  H type-C002,True,0.0,0.0999999998445765,0.0,0.0,0.0
96.0,right_proximal_positive,大腿002,right_distal_positive,"hex nuts, style 1-grades ab gb_GB_FASTENER_NUT_SNAB1 M4-C003",True,0.0,1.4210854715202004e-14,0.0,0.0,0.0
96.0,right_distal_negative,小腿010,right_distal_positive,小腿007,True,1.0000000000000142,1.0000000000000142,0.0,0.0,0.0
96.0,right_distal_negative,小腿010,right_wheel,推力轴承005,True,0.0,1.4210854715202004e-14,0.0,0.0,0.0
96.0,right_distal_negative,小腿010,right_wheel,MISUMI_C-SE604ZZ_不锈钢小径滚珠轴承004,True,0.0,1.4210854715202004e-14,0.0,0.0,0.0
96.0,right_distal_negative,小腿010,right_wheel,MISUMI_CBSTSR4-16_内六角螺栓（盖螺栓）001,True,0.0,0.09999999974367893,0.0,0.0,0.0
96.0,right_distal_positive,小腿007,right_wheel,推力轴承005,True,0.0,0.0,0.0,0.0,0.0
96.0,right_distal_positive,小腿007,right_wheel,驱动板005,True,0.4999999999998863,0.49999999999991473,0.0,0.0,0.0
96.0,right_distal_positive,小腿007,right_wheel,MISUMI_CBSTSR4-16_内六角螺栓（盖螺栓）001,True,0.0,0.0,0.0,0.0,0.0
97.0,fixed,4010电机,left_proximal_negative,大腿,True,0.0,1.1368683772161603e-13,0.0,0.0,0.0
97.0,fixed,4010电机001,left_proximal_positive,大腿垫高,True,1.4210854715202004e-14,1.4210854715202004e-14,0.0,0.0,0.0
97.0,fixed,4010电机,left_distal_positive,小腿004,False,0.0,56.77751894143284,0.0,0.0,0.0
97.0,fixed,4010电机001,left_distal_positive,小腿004,False,0.0,14.479316494293721,0.0,0.0,0.0
97.0,fixed,4010电机003,right_proximal_negative,大腿垫高001,True,2.842170943040401e-14,2.842170943040401e-14,0.0,0.0,0.0
97.0,fixed,4010电机002,right_proximal_positive,大腿002,True,1.4210854715202004e-14,1.4210854715202004e-14,0.0,0.0,0.0
97.0,fixed,4010电机002,right_distal_negative,小腿010,False,0.0,56.77751894164557,0.0,0.0,0.0
97.0,fixed,4010电机003,right_distal_negative,小腿010,False,0.0,14.479316494418562,0.0,0.0,0.0
97.0,left_proximal_negative,大腿,left_distal_negative,推力轴承,True,0.0,1.2789769243681803e-13,0.0,0.0,0.0
97.0,left_proximal_negative,大腿,left_distal_negative,小腿001,True,1.0000000000001137,1.000000000000142,0.0,0.0,0.0
97.0,left_proximal_negative,大腿,left_distal_negative,cross recessed pan head screws gb_GB_CROSS_SCREWS_TYPE1 M4X16-16  H type-C,True,0.0,0.09999999981854749,0.0,0.0,0.0
97.0,left_proximal_negative,大腿,left_distal_negative,"hex nuts, style 1-grades ab gb_GB_FASTENER_NUT_SNAB1 M4-C",True,0.0,1.1368683772161603e-13,0.0,0.0,0.0
97.0,left_proximal_negative,大腿,left_distal_positive,小腿004,False,0.0,63.91886440832665,0.0,0.0,0.0
97.0,left_proximal_positive,大腿垫高,left_distal_negative,小腿001,False,0.0,63.91886440853859,0.0,0.0,0.0
97.0,left_proximal_positive,大腿001,left_distal_negative,小腿001,False,0.0,63.918864408538596,0.0,0.0,0.0
97.0,left_proximal_positive,大腿垫高,left_distal_positive,小腿004,True,0.0,21.596981554029057,0.0,0.0,0.0
97.0,left_proximal_positive,大腿001,left_distal_positive,小腿004,True,1.0000000000000995,1.000000000000142,0.0,0.0,0.0
97.0,left_proximal_positive,大腿001,left_distal_positive,推力轴承001,True,0.0,1.4210854715202004e-13,0.0,0.0,0.0
97.0,left_proximal_positive,大腿001,left_distal_positive,cross recessed pan head screws gb_GB_CROSS_SCREWS_TYPE1 M4X16-16  H type-C001,True,0.0,0.09999999983462261,0.0,0.0,0.0
97.0,left_proximal_positive,大腿001,left_distal_positive,"hex nuts, style 1-grades ab gb_GB_FASTENER_NUT_SNAB1 M4-C001",True,0.0,5.684341886080802e-14,0.0,0.0,0.0
97.0,left_distal_negative,小腿001,left_distal_positive,小腿004,True,0.9999999999999858,0.9999999999999858,0.0,0.0,0.0
97.0,left_distal_negative,小腿001,left_wheel,推力轴承002,True,0.0,1.4210854715202004e-14,0.0,0.0,0.0
97.0,left_distal_negative,小腿001,left_wheel,驱动板004,True,0.4999999999998721,0.4999999999998863,0.0,0.0,0.0
97.0,left_distal_negative,小腿001,left_wheel,MISUMI_CBSTSR4-16_内六角螺栓（盖螺栓）,True,0.0,0.0,0.0,0.0,0.0
97.0,left_distal_positive,小腿004,left_wheel,推力轴承002,True,0.0,0.0,0.0,0.0,0.0
97.0,left_distal_positive,小腿004,left_wheel,MISUMI_C-SE604ZZ_不锈钢小径滚珠轴承,True,0.0,1.4210854715202004e-14,0.0,0.0,0.0
97.0,left_distal_positive,小腿004,left_wheel,MISUMI_CBSTSR4-16_内六角螺栓（盖螺栓）,True,0.0,0.09999999941170623,0.0,0.0,0.0
97.0,right_proximal_negative,大腿垫高001,right_distal_negative,小腿010,True,0.0,21.596981554154006,0.0,0.0,0.0
97.0,right_proximal_negative,大腿003,right_distal_negative,推力轴承004,True,0.0,1.2789769243681803e-13,0.0,0.0,0.0
97.0,right_proximal_negative,大腿003,right_distal_negative,小腿009,True,2.0,2.0,0.0,0.0,0.0
97.0,right_proximal_negative,大腿003,right_distal_negative,小腿010,True,1.0,1.0,0.0,0.0,0.0
97.0,right_proximal_negative,大腿003,right_distal_negative,"hex nuts, style 1-grades ab gb_GB_FASTENER_NUT_SNAB1 M4-C005",True,1.1368683772161603e-13,1.4210854715202004e-13,0.0,0.0,0.0
97.0,right_proximal_negative,大腿003,right_distal_negative,cross recessed pan head screws gb_GB_CROSS_SCREWS_TYPE1 M4X16-16  H type-C003,True,0.0,0.0999999998757642,0.0,0.0,0.0
97.0,right_proximal_negative,大腿垫高001,right_distal_positive,小腿007,False,0.0,63.91886440832663,0.0,0.0,0.0
97.0,right_proximal_negative,大腿003,right_distal_positive,小腿007,False,0.0,63.918864408326584,0.0,0.0,0.0
97.0,right_proximal_positive,大腿002,right_distal_negative,小腿010,False,0.0,63.91886440853947,0.0,0.0,0.0
97.0,right_proximal_positive,大腿002,right_distal_positive,推力轴承003,True,0.0,0.0,0.0,0.0,0.0
97.0,right_proximal_positive,大腿002,right_distal_positive,小腿007,True,1.0,1.0000000000000142,0.0,0.0,0.0
97.0,right_proximal_positive,大腿002,right_distal_positive,cross recessed pan head screws gb_GB_CROSS_SCREWS_TYPE1 M4X16-16  H type-C002,True,0.0,0.09999999984885621,0.0,0.0,0.0
97.0,right_proximal_positive,大腿002,right_distal_positive,"hex nuts, style 1-grades ab gb_GB_FASTENER_NUT_SNAB1 M4-C003",True,0.0,1.4210854715202004e-14,0.0,0.0,0.0
97.0,right_distal_negative,小腿010,right_distal_positive,小腿007,True,1.0000000000000142,1.0000000000000142,0.0,0.0,0.0
97.0,right_distal_negative,小腿010,right_wheel,推力轴承005,True,0.0,1.4210854715202004e-14,0.0,0.0,0.0
97.0,right_distal_negative,小腿010,right_wheel,MISUMI_C-SE604ZZ_不锈钢小径滚珠轴承004,True,0.0,1.4210854715202004e-14,0.0,0.0,0.0
97.0,right_distal_negative,小腿010,right_wheel,MISUMI_CBSTSR4-16_内六角螺栓（盖螺栓）001,True,0.0,0.09999999973923754,0.0,0.0,0.0
97.0,right_distal_positive,小腿007,right_wheel,推力轴承005,True,0.0,0.0,0.0,0.0,0.0
97.0,right_distal_positive,小腿007,right_wheel,驱动板005,True,0.4999999999998863,0.49999999999991473,0.0,0.0,0.0
97.0,right_distal_positive,小腿007,right_wheel,MISUMI_CBSTSR4-16_内六角螺栓（盖螺栓）001,True,0.0,0.0,0.0,0.0,0.0
98.0,fixed,4010电机,left_proximal_negative,大腿,True,0.0,1.1368683772161603e-13,0.0,0.0,0.0
98.0,fixed,4010电机001,left_proximal_positive,大腿垫高,True,1.4210854715202004e-14,1.4210854715202004e-14,0.0,0.0,0.0
98.0,fixed,4010电机,left_distal_positive,小腿004,False,0.0,57.26320241574502,0.0,0.0,0.0
98.0,fixed,4010电机001,left_distal_positive,小腿004,False,0.0,14.767557073231561,0.0,0.0,0.0
98.0,fixed,4010电机003,right_proximal_negative,大腿垫高001,True,2.842170943040401e-14,2.842170943040401e-14,0.0,0.0,0.0
98.0,fixed,4010电机002,right_proximal_positive,大腿002,True,1.4210854715202004e-14,1.4210854715202004e-14,0.0,0.0,0.0
98.0,fixed,底板,right_distal_negative,cross recessed pan head screws gb_GB_CROSS_SCREWS_TYPE1 M4X16-16  H type-C003,False,1.927369716724958,4.1820799601946215,0.0,0.0,0.0
98.0,fixed,4010电机002,right_distal_negative,小腿010,False,0.0,57.263202415955426,0.0,0.0,0.0
98.0,fixed,4010电机003,right_distal_negative,小腿010,False,0.0,14.767557073354496,0.0,0.0,0.0
98.0,left_proximal_negative,大腿,left_distal_negative,推力轴承,True,0.0,1.2789769243681803e-13,0.0,0.0,0.0
98.0,left_proximal_negative,大腿,left_distal_negative,小腿001,True,1.0000000000001137,1.000000000000142,0.0,0.0,0.0
98.0,left_proximal_negative,大腿,left_distal_negative,cross recessed pan head screws gb_GB_CROSS_SCREWS_TYPE1 M4X16-16  H type-C,True,0.0,0.09999999982519789,0.0,0.0,0.0
98.0,left_proximal_negative,大腿,left_distal_negative,"hex nuts, style 1-grades ab gb_GB_FASTENER_NUT_SNAB1 M4-C",True,0.0,1.1368683772161603e-13,0.0,0.0,0.0
98.0,left_proximal_negative,大腿,left_distal_positive,小腿004,False,0.0,64.40462003771096,0.0,0.0,0.0
98.0,left_proximal_positive,大腿垫高,left_distal_negative,小腿001,False,0.0,64.40462003792058,0.0,0.0,0.0
98.0,left_proximal_positive,大腿001,left_distal_negative,小腿001,False,0.0,64.40462003792058,0.0,0.0,0.0
98.0,left_proximal_positive,大腿垫高,left_distal_positive,小腿004,True,0.0,21.885814438967408,0.0,0.0,0.0
98.0,left_proximal_positive,大腿001,left_distal_positive,小腿004,True,1.0000000000000995,1.000000000000142,0.0,0.0,0.0
98.0,left_proximal_positive,大腿001,left_distal_positive,推力轴承001,True,0.0,1.4210854715202004e-13,0.0,0.0,0.0
98.0,left_proximal_positive,大腿001,left_distal_positive,cross recessed pan head screws gb_GB_CROSS_SCREWS_TYPE1 M4X16-16  H type-C001,True,0.0,0.09999999984654975,0.0,0.0,0.0
98.0,left_proximal_positive,大腿001,left_distal_positive,"hex nuts, style 1-grades ab gb_GB_FASTENER_NUT_SNAB1 M4-C001",True,0.0,5.684341886080802e-14,0.0,0.0,0.0
98.0,left_distal_negative,小腿001,left_distal_positive,小腿004,True,0.9999999999999858,0.9999999999999858,0.0,0.0,0.0
98.0,left_distal_negative,小腿001,left_wheel,推力轴承002,True,0.0,1.4210854715202004e-14,0.0,0.0,0.0
98.0,left_distal_negative,小腿001,left_wheel,驱动板004,True,0.4999999999998721,0.4999999999998863,0.0,0.0,0.0
98.0,left_distal_negative,小腿001,left_wheel,MISUMI_CBSTSR4-16_内六角螺栓（盖螺栓）,True,0.0,0.0,0.0,0.0,0.0
98.0,left_distal_positive,小腿004,left_wheel,推力轴承002,True,0.0,0.0,0.0,0.0,0.0
98.0,left_distal_positive,小腿004,left_wheel,MISUMI_C-SE604ZZ_不锈钢小径滚珠轴承,True,0.0,1.4210854715202004e-14,0.0,0.0,0.0
98.0,left_distal_positive,小腿004,left_wheel,MISUMI_CBSTSR4-16_内六角螺栓（盖螺栓）,True,0.0,0.09999999932409671,0.0,0.0,0.0
98.0,right_proximal_negative,大腿垫高001,right_distal_negative,小腿010,True,0.0,21.885814439090442,0.0,0.0,0.0
98.0,right_proximal_negative,大腿003,right_distal_negative,推力轴承004,True,0.0,1.2789769243681803e-13,0.0,0.0,0.0
98.0,right_proximal_negative,大腿003,right_distal_negative,小腿009,True,2.0,2.0,0.0,0.0,0.0
98.0,right_proximal_negative,大腿003,right_distal_negative,小腿010,True,1.0,1.0,0.0,0.0,0.0
98.0,right_proximal_negative,大腿003,right_distal_negative,"hex nuts, style 1-grades ab gb_GB_FASTENER_NUT_SNAB1 M4-C005",True,1.1368683772161603e-13,1.4210854715202004e-13,0.0,0.0,0.0
98.0,right_proximal_negative,大腿003,right_distal_negative,cross recessed pan head screws gb_GB_CROSS_SCREWS_TYPE1 M4X16-16  H type-C003,True,0.0,0.09999999988334796,0.0,0.0,0.0
98.0,right_proximal_negative,大腿垫高001,right_distal_positive,小腿007,False,0.0,64.40462003771093,0.0,0.0,0.0
98.0,right_proximal_negative,大腿003,right_distal_positive,小腿007,False,0.0,64.40462003771088,0.0,0.0,0.0
98.0,right_proximal_positive,大腿002,right_distal_negative,小腿010,False,0.0,64.40462003792146,0.0,0.0,0.0
98.0,right_proximal_positive,大腿002,right_distal_positive,推力轴承003,True,0.0,0.0,0.0,0.0,0.0
98.0,right_proximal_positive,大腿002,right_distal_positive,小腿007,True,1.0,1.0000000000000142,0.0,0.0,0.0
98.0,right_proximal_positive,大腿002,right_distal_positive,cross recessed pan head screws gb_GB_CROSS_SCREWS_TYPE1 M4X16-16  H type-C002,True,0.0,0.09999999985296334,0.0,0.0,0.0
98.0,right_proximal_positive,大腿002,right_distal_positive,"hex nuts, style 1-grades ab gb_GB_FASTENER_NUT_SNAB1 M4-C003",True,0.0,1.4210854715202004e-14,0.0,0.0,0.0
98.0,right_distal_negative,小腿010,right_distal_positive,小腿007,True,1.0000000000000142,1.0000000000000142,0.0,0.0,0.0
98.0,right_distal_negative,小腿010,right_wheel,推力轴承005,True,0.0,1.4210854715202004e-14,0.0,0.0,0.0
98.0,right_distal_negative,小腿010,right_wheel,MISUMI_C-SE604ZZ_不锈钢小径滚珠轴承004,True,0.0,1.4210854715202004e-14,0.0,0.0,0.0
98.0,right_distal_negative,小腿010,right_wheel,MISUMI_CBSTSR4-16_内六角螺栓（盖螺栓）001,True,0.0,0.09999999973803173,0.0,0.0,0.0
98.0,right_distal_positive,小腿007,right_wheel,推力轴承005,True,0.0,0.0,0.0,0.0,0.0
98.0,right_distal_positive,小腿007,right_wheel,驱动板005,True,0.4999999999998863,0.49999999999991473,0.0,0.0,0.0
98.0,right_distal_positive,小腿007,right_wheel,MISUMI_CBSTSR4-16_内六角螺栓（盖螺栓）001,True,0.0,0.0,0.0,0.0,0.0
99.0,fixed,4010电机,left_proximal_negative,大腿,True,0.0,1.1368683772161603e-13,0.0,0.0,0.0
99.0,fixed,4010电机001,left_proximal_positive,大腿垫高,True,1.4210854715202004e-14,1.4210854715202004e-14,0.0,0.0,0.0
99.0,fixed,底板,left_distal_positive,cross recessed pan head screws gb_GB_CROSS_SCREWS_TYPE1 M4X16-16  H type-C001,False,1.810428619917138,3.707856121454311,0.0,0.0,0.0
99.0,fixed,4010电机,left_distal_positive,小腿004,False,0.0,57.73530966380204,0.0,0.0,0.0
99.0,fixed,4010电机001,left_distal_positive,小腿004,False,0.0,15.038878364657942,0.0,0.0,0.0
99.0,fixed,4010电机003,right_proximal_negative,大腿垫高001,True,2.842170943040401e-14,2.842170943040401e-14,0.0,0.0,0.0
99.0,fixed,4010电机002,right_proximal_positive,大腿002,True,1.4210854715202004e-14,1.4210854715202004e-14,0.0,0.0,0.0
99.0,fixed,底板,right_distal_negative,cross recessed pan head screws gb_GB_CROSS_SCREWS_TYPE1 M4X16-16  H type-C003,False,1.5536947422280631,3.7078561213138985,0.0,0.0,0.0
99.0,fixed,4010电机002,right_distal_negative,小腿010,False,0.0,57.73530966401009,0.0,0.0,0.0
99.0,fixed,4010电机003,right_distal_negative,小腿010,False,0.0,15.038878364778952,0.0,0.0,0.0
99.0,left_proximal_negative,大腿,left_distal_negative,推力轴承,True,0.0,1.2789769243681803e-13,0.0,0.0,0.0
99.0,left_proximal_negative,大腿,left_distal_negative,小腿001,True,1.0000000000001137,1.000000000000142,0.0,0.0,0.0
99.0,left_proximal_negative,大腿,left_distal_negative,cross recessed pan head screws gb_GB_CROSS_SCREWS_TYPE1 M4X16-16  H type-C,True,0.0,0.0999999998283913,0.0,0.0,0.0
99.0,left_proximal_negative,大腿,left_distal_negative,"hex nuts, style 1-grades ab gb_GB_FASTENER_NUT_SNAB1 M4-C",True,0.0,1.1368683772161603e-13,0.0,0.0,0.0
99.0,left_proximal_negative,大腿,left_distal_positive,小腿004,False,0.0,64.87679627991567,0.0,0.0,0.0
99.0,left_proximal_positive,大腿垫高,left_distal_negative,小腿001,False,0.0,64.87679628012292,0.0,0.0,0.0
99.0,left_proximal_positive,大腿001,left_distal_negative,小腿001,False,0.0,64.87679628012293,0.0,0.0,0.0
99.0,left_proximal_positive,大腿垫高,left_distal_positive,小腿004,True,0.0,22.157673759678293,0.0,0.0,0.0
99.0,left_proximal_positive,大腿001,left_distal_positive,小腿004,True,1.0000000000000995,1.000000000000142,0.0,0.0,0.0
99.0,left_proximal_positive,大腿001,left_distal_positive,推力轴承001,True,0.0,1.4210854715202004e-13,0.0,0.0,0.0
99.0,left_proximal_positive,大腿001,left_distal_positive,cross recessed pan head screws gb_GB_CROSS_SCREWS_TYPE1 M4X16-16  H type-C001,True,0.0,0.09999999984175305,0.0,0.0,0.0
99.0,left_proximal_positive,大腿001,left_distal_positive,"hex nuts, style 1-grades ab gb_GB_FASTENER_NUT_SNAB1 M4-C001",True,0.0,5.684341886080802e-14,0.0,0.0,0.0
99.0,left_distal_negative,小腿001,left_distal_positive,小腿004,True,0.9999999999999858,0.9999999999999858,0.0,0.0,0.0
99.0,left_distal_negative,小腿001,left_wheel,推力轴承002,True,0.0,1.4210854715202004e-14,0.0,0.0,0.0
99.0,left_distal_negative,小腿001,left_wheel,驱动板004,True,0.4999999999998721,0.4999999999998863,0.0,0.0,0.0
99.0,left_distal_negative,小腿001,left_wheel,MISUMI_CBSTSR4-16_内六角螺栓（盖螺栓）,True,0.0,0.0,0.0,0.0,0.0
99.0,left_distal_positive,小腿004,left_wheel,推力轴承002,True,0.0,0.0,0.0,0.0,0.0
99.0,left_distal_positive,小腿004,left_wheel,MISUMI_C-SE604ZZ_不锈钢小径滚珠轴承,True,0.0,1.4210854715202004e-14,0.0,0.0,0.0
99.0,left_distal_positive,小腿004,left_wheel,MISUMI_CBSTSR4-16_内六角螺栓（盖螺栓）,True,0.0,0.09999999932410338,0.0,0.0,0.0
99.0,right_proximal_negative,大腿垫高001,right_distal_negative,小腿010,True,0.0,22.157673759799394,0.0,0.0,0.0
99.0,right_proximal_negative,大腿003,right_distal_negative,推力轴承004,True,0.0,1.2789769243681803e-13,0.0,0.0,0.0
99.0,right_proximal_negative,大腿003,right_distal_negative,小腿009,True,2.0,2.0,0.0,0.0,0.0
99.0,right_proximal_negative,大腿003,right_distal_negative,小腿010,True,1.0,1.0,0.0,0.0,0.0
99.0,right_proximal_negative,大腿003,right_distal_negative,"hex nuts, style 1-grades ab gb_GB_FASTENER_NUT_SNAB1 M4-C005",True,1.1368683772161603e-13,1.4210854715202004e-13,0.0,0.0,0.0
99.0,right_proximal_negative,大腿003,right_distal_negative,cross recessed pan head screws gb_GB_CROSS_SCREWS_TYPE1 M4X16-16  H type-C003,True,0.0,0.09999999982684221,0.0,0.0,0.0
99.0,right_proximal_negative,大腿垫高001,right_distal_positive,小腿007,False,0.0,64.87679627991564,0.0,0.0,0.0
99.0,right_proximal_negative,大腿003,right_distal_positive,小腿007,False,0.0,64.8767962799156,0.0,0.0,0.0
99.0,right_proximal_positive,大腿002,right_distal_negative,小腿010,False,0.0,64.87679628012381,0.0,0.0,0.0
99.0,right_proximal_positive,大腿002,right_distal_positive,推力轴承003,True,0.0,0.0,0.0,0.0,0.0
99.0,right_proximal_positive,大腿002,right_distal_positive,小腿007,True,1.0,1.0000000000000142,0.0,0.0,0.0
99.0,right_proximal_positive,大腿002,right_distal_positive,cross recessed pan head screws gb_GB_CROSS_SCREWS_TYPE1 M4X16-16  H type-C002,True,0.0,0.09999999984423721,0.0,0.0,0.0
99.0,right_proximal_positive,大腿002,right_distal_positive,"hex nuts, style 1-grades ab gb_GB_FASTENER_NUT_SNAB1 M4-C003",True,0.0,1.4210854715202004e-14,0.0,0.0,0.0
99.0,right_distal_negative,小腿010,right_distal_positive,小腿007,True,1.0000000000000142,1.0000000000000142,0.0,0.0,0.0
99.0,right_distal_negative,小腿010,right_wheel,推力轴承005,True,0.0,1.4210854715202004e-14,0.0,0.0,0.0
99.0,right_distal_negative,小腿010,right_wheel,MISUMI_C-SE604ZZ_不锈钢小径滚珠轴承004,True,0.0,1.4210854715202004e-14,0.0,0.0,0.0
99.0,right_distal_negative,小腿010,right_wheel,MISUMI_CBSTSR4-16_内六角螺栓（盖螺栓）001,True,0.0,0.09999999972328168,0.0,0.0,0.0
99.0,right_distal_positive,小腿007,right_wheel,推力轴承005,True,0.0,0.0,0.0,0.0,0.0
99.0,right_distal_positive,小腿007,right_wheel,驱动板005,True,0.4999999999998863,0.49999999999991473,0.0,0.0,0.0
99.0,right_distal_positive,小腿007,right_wheel,MISUMI_CBSTSR4-16_内六角螺栓（盖螺栓）001,True,0.0,0.0,0.0,0.0,0.0
100.0,fixed,4010电机,left_proximal_negative,大腿,True,0.0,1.1368683772161603e-13,0.0,0.0,0.0
100.0,fixed,4010电机001,left_proximal_positive,大腿垫高,True,1.4210854715202004e-14,1.4210854715202004e-14,0.0,0.0,0.0
100.0,fixed,底板,left_distal_positive,cross recessed pan head screws gb_GB_CROSS_SCREWS_TYPE1 M4X16-16  H type-C001,False,1.491636357400354,3.2768916388293996,0.0,0.0,0.0
100.0,fixed,4010电机,left_distal_positive,小腿004,False,0.0,58.19348010558619,0.0,0.0,0.0
100.0,fixed,4010电机001,left_distal_positive,小腿004,False,0.0,15.293008791614543,0.0,0.0,0.0
100.0,fixed,4010电机003,right_proximal_negative,大腿垫高001,True,2.842170943040401e-14,2.842170943040401e-14,0.0,0.0,0.0
100.0,fixed,4010电机002,right_proximal_positive,大腿002,True,1.4210854715202004e-14,1.4210854715202004e-14,0.0,0.0,0.0
100.0,fixed,底板,right_distal_negative,cross recessed pan head screws gb_GB_CROSS_SCREWS_TYPE1 M4X16-16  H type-C003,False,1.4002948616051527,3.2768916386990004,0.0,0.0,0.0
100.0,fixed,4010电机002,right_distal_negative,小腿010,False,0.0,58.19348010579185,0.0,0.0,0.0
100.0,fixed,4010电机003,right_distal_negative,小腿010,False,0.0,15.293008791733588,0.0,0.0,0.0
100.0,left_proximal_negative,大腿,left_distal_negative,推力轴承,True,0.0,1.2789769243681803e-13,0.0,0.0,0.0
100.0,left_proximal_negative,大腿,left_distal_negative,小腿001,True,1.0000000000001137,1.000000000000142,0.0,0.0,0.0
100.0,left_proximal_negative,大腿,left_distal_negative,cross recessed pan head screws gb_GB_CROSS_SCREWS_TYPE1 M4X16-16  H type-C,True,0.0,0.09999999983597888,0.0,0.0,0.0
100.0,left_proximal_negative,大腿,left_distal_negative,"hex nuts, style 1-grades ab gb_GB_FASTENER_NUT_SNAB1 M4-C",True,0.0,1.1368683772161603e-13,0.0,0.0,0.0
100.0,left_proximal_negative,大腿,left_distal_positive,小腿004,False,0.0,65.3350326265892,0.0,0.0,0.0
100.0,left_proximal_positive,大腿垫高,left_distal_negative,小腿001,False,0.0,65.33503262679405,0.0,0.0,0.0
100.0,left_proximal_positive,大腿001,left_distal_negative,小腿001,False,0.0,65.33503262679407,0.0,0.0,0.0
100.0,left_proximal_positive,大腿垫高,left_distal_positive,小腿004,True,0.0,22.412291827526317,0.0,0.0,0.0
100.0,left_proximal_positive,大腿001,left_distal_positive,小腿004,True,1.0000000000000995,1.000000000000142,0.0,0.0,0.0
100.0,left_proximal_positive,大腿001,left_distal_positive,推力轴承001,True,0.0,1.4210854715202004e-13,0.0,0.0,0.0
100.0,left_proximal_positive,大腿001,left_distal_positive,cross recessed pan head screws gb_GB_CROSS_SCREWS_TYPE1 M4X16-16  H type-C001,True,0.0,0.0999999998565084,0.0,0.0,0.0
100.0,left_proximal_positive,大腿001,left_distal_positive,"hex nuts, style 1-grades ab gb_GB_FASTENER_NUT_SNAB1 M4-C001",True,0.0,5.684341886080802e-14,0.0,0.0,0.0
100.0,left_distal_negative,小腿001,left_distal_positive,小腿004,True,0.9999999999999858,0.9999999999999858,0.0,0.0,0.0
100.0,left_distal_negative,小腿001,left_wheel,推力轴承002,True,0.0,1.4210854715202004e-14,0.0,0.0,0.0
100.0,left_distal_negative,小腿001,left_wheel,驱动板004,True,0.4999999999998721,0.4999999999998863,0.0,0.0,0.0
100.0,left_distal_negative,小腿001,left_wheel,MISUMI_CBSTSR4-16_内六角螺栓（盖螺栓）,True,0.0,0.0,0.0,0.0,0.0
100.0,left_distal_positive,小腿004,left_wheel,推力轴承002,True,0.0,0.0,0.0,0.0,0.0
100.0,left_distal_positive,小腿004,left_wheel,MISUMI_C-SE604ZZ_不锈钢小径滚珠轴承,True,0.0,1.4210854715202004e-14,0.0,0.0,0.0
100.0,left_distal_positive,小腿004,left_wheel,MISUMI_CBSTSR4-16_内六角螺栓（盖螺栓）,True,0.0,0.09999999932411639,0.0,0.0,0.0
100.0,right_proximal_negative,大腿垫高001,right_distal_negative,小腿010,True,0.0,22.412291827645436,0.0,0.0,0.0
100.0,right_proximal_negative,大腿003,right_distal_negative,推力轴承004,True,0.0,1.2789769243681803e-13,0.0,0.0,0.0
100.0,right_proximal_negative,大腿003,right_distal_negative,小腿009,True,2.0,2.0,0.0,0.0,0.0
100.0,right_proximal_negative,大腿003,right_distal_negative,小腿010,True,1.0,1.0,0.0,0.0,0.0
100.0,right_proximal_negative,大腿003,right_distal_negative,"hex nuts, style 1-grades ab gb_GB_FASTENER_NUT_SNAB1 M4-C005",True,1.1368683772161603e-13,1.4210854715202004e-13,0.0,0.0,0.0
100.0,right_proximal_negative,大腿003,right_distal_negative,cross recessed pan head screws gb_GB_CROSS_SCREWS_TYPE1 M4X16-16  H type-C003,True,0.0,0.09999999982101154,0.0,0.0,0.0
100.0,right_proximal_negative,大腿垫高001,right_distal_positive,小腿007,False,0.0,65.33503262658915,0.0,0.0,0.0
100.0,right_proximal_negative,大腿003,right_distal_positive,小腿007,False,0.0,65.33503262658911,0.0,0.0,0.0
100.0,right_proximal_positive,大腿002,right_distal_negative,小腿010,False,0.0,65.33503262679494,0.0,0.0,0.0
100.0,right_proximal_positive,大腿002,right_distal_positive,推力轴承003,True,0.0,0.0,0.0,0.0,0.0
100.0,right_proximal_positive,大腿002,right_distal_positive,小腿007,True,1.0,1.0000000000000142,0.0,0.0,0.0
100.0,right_proximal_positive,大腿002,right_distal_positive,cross recessed pan head screws gb_GB_CROSS_SCREWS_TYPE1 M4X16-16  H type-C002,True,0.0,0.09999999983874507,0.0,0.0,0.0
100.0,right_proximal_positive,大腿002,right_distal_positive,"hex nuts, style 1-grades ab gb_GB_FASTENER_NUT_SNAB1 M4-C003",True,0.0,1.4210854715202004e-14,0.0,0.0,0.0
100.0,right_distal_negative,小腿010,right_distal_positive,小腿007,True,1.0000000000000142,1.0000000000000142,0.0,0.0,0.0
100.0,right_distal_negative,小腿010,right_wheel,推力轴承005,True,0.0,1.4210854715202004e-14,0.0,0.0,0.0
100.0,right_distal_negative,小腿010,right_wheel,MISUMI_C-SE604ZZ_不锈钢小径滚珠轴承004,True,0.0,1.4210854715202004e-14,0.0,0.0,0.0
100.0,right_distal_negative,小腿010,right_wheel,MISUMI_CBSTSR4-16_内六角螺栓（盖螺栓）001,True,0.0,0.0999999997222267,0.0,0.0,0.0
100.0,right_distal_positive,小腿007,right_wheel,推力轴承005,True,0.0,0.0,0.0,0.0,0.0
100.0,right_distal_positive,小腿007,right_wheel,驱动板005,True,0.4999999999998863,0.49999999999991473,0.0,0.0,0.0
100.0,right_distal_positive,小腿007,right_wheel,MISUMI_CBSTSR4-16_内六角螺栓（盖螺栓）001,True,0.0,0.0,0.0,0.0,0.0
101.0,fixed,4010电机,left_proximal_negative,大腿,True,0.0,1.1368683772161603e-13,0.0,0.0,0.0
101.0,fixed,4010电机001,left_proximal_positive,大腿垫高,True,1.4210854715202004e-14,1.4210854715202004e-14,0.0,0.0,0.0
101.0,fixed,底板,left_distal_positive,cross recessed pan head screws gb_GB_CROSS_SCREWS_TYPE1 M4X16-16  H type-C001,False,1.3999999999999915,2.8802964099502897,0.0,0.0,0.0
101.0,fixed,4010电机,left_distal_positive,小腿004,False,0.0,58.637341029488944,0.0,0.0,0.0
101.0,fixed,4010电机001,left_distal_positive,小腿004,False,0.0,15.529659207342664,0.0,0.0,0.0
101.0,fixed,4010电机003,right_proximal_negative,大腿垫高001,True,2.842170943040401e-14,2.842170943040401e-14,0.0,0.0,0.0
101.0,fixed,4010电机002,right_proximal_positive,大腿002,True,1.4210854715202004e-14,1.4210854715202004e-14,0.0,0.0,0.0
101.0,fixed,底板,right_distal_negative,cross recessed pan head screws gb_GB_CROSS_SCREWS_TYPE1 M4X16-16  H type-C003,False,1.4000000000001336,2.880296409831183,0.0,0.0,0.0
101.0,fixed,4010电机002,right_distal_negative,小腿010,False,0.0,58.637341029692195,0.0,0.0,0.0
101.0,fixed,4010电机003,right_distal_negative,小腿010,False,0.0,15.529659207459748,0.0,0.0,0.0
101.0,left_proximal_negative,大腿,left_distal_negative,推力轴承,True,0.0,1.2789769243681803e-13,0.0,0.0,0.0
101.0,left_proximal_negative,大腿,left_distal_negative,小腿001,True,1.0000000000001137,1.000000000000142,0.0,0.0,0.0
101.0,left_proximal_negative,大腿,left_distal_negative,cross recessed pan head screws gb_GB_CROSS_SCREWS_TYPE1 M4X16-16  H type-C,True,0.0,0.09999999984365074,0.0,0.0,0.0
101.0,left_proximal_negative,大腿,left_distal_negative,"hex nuts, style 1-grades ab gb_GB_FASTENER_NUT_SNAB1 M4-C",True,0.0,1.1368683772161603e-13,0.0,0.0,0.0
101.0,left_proximal_negative,大腿,left_distal_positive,小腿004,False,0.0,65.77895643114648,0.0,0.0,0.0
101.0,left_proximal_positive,大腿垫高,left_distal_negative,小腿001,False,0.0,65.77895643134893,0.0,0.0,0.0
101.0,left_proximal_positive,大腿001,left_distal_negative,小腿001,False,0.0,65.77895643134894,0.0,0.0,0.0
101.0,left_proximal_positive,大腿垫高,left_distal_positive,小腿004,True,0.0,22.649382822120607,0.0,0.0,0.0
101.0,left_proximal_positive,大腿001,left_distal_positive,小腿004,True,1.0000000000000995,1.000000000000142,0.0,0.0,0.0
101.0,left_proximal_positive,大腿001,left_distal_positive,推力轴承001,True,0.0,1.4210854715202004e-13,0.0,0.0,0.0
101.0,left_proximal_positive,大腿001,left_distal_positive,cross recessed pan head screws gb_GB_CROSS_SCREWS_TYPE1 M4X16-16  H type-C001,True,0.0,0.09999999984702768,0.0,0.0,0.0
101.0,left_proximal_positive,大腿001,left_distal_positive,"hex nuts, style 1-grades ab gb_GB_FASTENER_NUT_SNAB1 M4-C001",True,0.0,5.684341886080802e-14,0.0,0.0,0.0
101.0,left_distal_negative,小腿001,left_distal_positive,小腿004,True,0.9999999999999858,0.9999999999999858,0.0,0.0,0.0
101.0,left_distal_negative,小腿001,left_wheel,推力轴承002,True,0.0,1.4210854715202004e-14,0.0,0.0,0.0
101.0,left_distal_negative,小腿001,left_wheel,驱动板004,True,0.4999999999998721,0.4999999999998863,0.0,0.0,0.0
101.0,left_distal_negative,小腿001,left_wheel,MISUMI_CBSTSR4-16_内六角螺栓（盖螺栓）,True,0.0,0.0,0.0,0.0,0.0
101.0,left_distal_positive,小腿004,left_wheel,推力轴承002,True,0.0,0.0,0.0,0.0,0.0
101.0,left_distal_positive,小腿004,left_wheel,MISUMI_C-SE604ZZ_不锈钢小径滚珠轴承,True,0.0,1.4210854715202004e-14,0.0,0.0,0.0
101.0,left_distal_positive,小腿004,left_wheel,MISUMI_CBSTSR4-16_内六角螺栓（盖螺栓）,True,0.0,0.09999999925596982,0.0,0.0,0.0
101.0,right_proximal_negative,大腿垫高001,right_distal_negative,小腿010,True,0.0,22.649382822237758,0.0,0.0,0.0
101.0,right_proximal_negative,大腿003,right_distal_negative,推力轴承004,True,0.0,1.2789769243681803e-13,0.0,0.0,0.0
101.0,right_proximal_negative,大腿003,right_distal_negative,小腿009,True,2.0,2.0,0.0,0.0,0.0
101.0,right_proximal_negative,大腿003,right_distal_negative,小腿010,True,1.0,1.0,0.0,0.0,0.0
101.0,right_proximal_negative,大腿003,right_distal_negative,"hex nuts, style 1-grades ab gb_GB_FASTENER_NUT_SNAB1 M4-C005",True,1.1368683772161603e-13,1.4210854715202004e-13,0.0,0.0,0.0
101.0,right_proximal_negative,大腿003,right_distal_negative,cross recessed pan head screws gb_GB_CROSS_SCREWS_TYPE1 M4X16-16  H type-C003,True,0.0,0.09999999981530078,0.0,0.0,0.0
101.0,right_proximal_negative,大腿垫高001,right_distal_positive,小腿007,False,0.0,65.77895643114643,0.0,0.0,0.0
101.0,right_proximal_negative,大腿003,right_distal_positive,小腿007,False,0.0,65.7789564311464,0.0,0.0,0.0
101.0,right_proximal_positive,大腿002,right_distal_negative,小腿010,False,0.0,65.77895643134983,0.0,0.0,0.0
101.0,right_proximal_positive,大腿002,right_distal_positive,推力轴承003,True,0.0,0.0,0.0,0.0,0.0
101.0,right_proximal_positive,大腿002,right_distal_positive,小腿007,True,1.0,1.0000000000000142,0.0,0.0,0.0
101.0,right_proximal_positive,大腿002,right_distal_positive,cross recessed pan head screws gb_GB_CROSS_SCREWS_TYPE1 M4X16-16  H type-C002,True,0.0,0.09999999985392463,0.0,0.0,0.0
101.0,right_proximal_positive,大腿002,right_distal_positive,"hex nuts, style 1-grades ab gb_GB_FASTENER_NUT_SNAB1 M4-C003",True,0.0,1.4210854715202004e-14,0.0,0.0,0.0
101.0,right_distal_negative,小腿010,right_distal_positive,小腿007,True,1.0000000000000142,1.0000000000000142,0.0,0.0,0.0
101.0,right_distal_negative,小腿010,right_wheel,推力轴承005,True,0.0,1.4210854715202004e-14,0.0,0.0,0.0
101.0,right_distal_negative,小腿010,right_wheel,MISUMI_C-SE604ZZ_不锈钢小径滚珠轴承004,True,0.0,1.4210854715202004e-14,0.0,0.0,0.0
101.0,right_distal_negative,小腿010,right_wheel,MISUMI_CBSTSR4-16_内六角螺栓（盖螺栓）001,True,0.0,0.09999999971564896,0.0,0.0,0.0
101.0,right_distal_positive,小腿007,right_wheel,推力轴承005,True,0.0,0.0,0.0,0.0,0.0
101.0,right_distal_positive,小腿007,right_wheel,驱动板005,True,0.4999999999998863,0.49999999999991473,0.0,0.0,0.0
101.0,right_distal_positive,小腿007,right_wheel,MISUMI_CBSTSR4-16_内六角螺栓（盖螺栓）001,True,0.0,0.0,0.0,0.0,0.0
102.0,fixed,4010电机,left_proximal_negative,大腿,True,0.0,1.1368683772161603e-13,0.0,0.0,0.0
102.0,fixed,4010电机001,left_proximal_positive,大腿垫高,True,1.4210854715202004e-14,1.4210854715202004e-14,0.0,0.0,0.0
102.0,fixed,底板,left_distal_positive,cross recessed pan head screws gb_GB_CROSS_SCREWS_TYPE1 M4X16-16  H type-C001,False,1.3999999999999915,2.521973928754241,0.0,0.0,0.0
102.0,fixed,4010电机,left_distal_positive,小腿004,False,0.0,59.06650676004371,0.0,0.0,0.0
102.0,fixed,4010电机001,left_distal_positive,小腿004,False,0.0,15.748522279967792,0.0,0.0,0.0
102.0,fixed,4010电机003,right_proximal_negative,大腿垫高001,True,2.842170943040401e-14,2.842170943040401e-14,0.0,0.0,0.0
102.0,fixed,4010电机002,right_proximal_positive,大腿002,True,1.4210854715202004e-14,1.4210854715202004e-14,0.0,0.0,0.0
102.0,fixed,底板,right_distal_negative,cross recessed pan head screws gb_GB_CROSS_SCREWS_TYPE1 M4X16-16  H type-C003,False,1.4000000000001336,2.5219739286477623,0.0,0.0,0.0
102.0,fixed,4010电机002,right_distal_negative,小腿010,False,0.0,59.06650676024452,0.0,0.0,0.0
102.0,fixed,4010电机003,right_distal_negative,小腿010,False,0.0,15.748522280082893,0.0,0.0,0.0
102.0,left_proximal_negative,大腿,left_distal_negative,推力轴承,True,0.0,1.2789769243681803e-13,0.0,0.0,0.0
102.0,left_proximal_negative,大腿,left_distal_negative,小腿001,True,1.0000000000001137,1.000000000000142,0.0,0.0,0.0
102.0,left_proximal_negative,大腿,left_distal_negative,cross recessed pan head screws gb_GB_CROSS_SCREWS_TYPE1 M4X16-16  H type-C,True,0.0,0.09999999982673999,0.0,0.0,0.0
102.0,left_proximal_negative,大腿,left_distal_negative,"hex nuts, style 1-grades ab gb_GB_FASTENER_NUT_SNAB1 M4-C",True,0.0,1.1368683772161603e-13,0.0,0.0,0.0
102.0,left_proximal_negative,大腿,left_distal_positive,小腿004,False,0.0,66.2081820766694,0.0,0.0,0.0
102.0,left_proximal_positive,大腿垫高,left_distal_negative,小腿001,False,0.15580529660171294,66.20818207686942,0.0,0.0,0.0
102.0,left_proximal_positive,大腿001,left_distal_negative,小腿001,False,0.0,66.20818207686943,0.0,0.0,0.0
102.0,left_proximal_positive,大腿垫高,left_distal_positive,小腿004,True,0.1558052963849086,22.86864224638407,0.0,0.0,0.0
102.0,left_proximal_positive,大腿001,left_distal_positive,小腿004,True,1.0000000000000995,1.000000000000142,0.0,0.0,0.0
102.0,left_proximal_positive,大腿001,left_distal_positive,推力轴承001,True,0.0,1.4210854715202004e-13,0.0,0.0,0.0
102.0,left_proximal_positive,大腿001,left_distal_positive,cross recessed pan head screws gb_GB_CROSS_SCREWS_TYPE1 M4X16-16  H type-C001,True,0.0,0.099999999865785,0.0,0.0,0.0
102.0,left_proximal_positive,大腿001,left_distal_positive,"hex nuts, style 1-grades ab gb_GB_FASTENER_NUT_SNAB1 M4-C001",True,0.0,5.684341886080802e-14,0.0,0.0,0.0
102.0,left_distal_negative,小腿001,left_distal_positive,小腿004,True,0.9999999999999858,0.9999999999999858,0.0,0.0,0.0
102.0,left_distal_negative,小腿001,left_wheel,推力轴承002,True,0.0,1.4210854715202004e-14,0.0,0.0,0.0
102.0,left_distal_negative,小腿001,left_wheel,驱动板004,True,0.4999999999998721,0.4999999999998863,0.0,0.0,0.0
102.0,left_distal_negative,小腿001,left_wheel,MISUMI_CBSTSR4-16_内六角螺栓（盖螺栓）,True,0.0,0.0,0.0,0.0,0.0
102.0,left_distal_positive,小腿004,left_wheel,推力轴承002,True,0.0,0.0,0.0,0.0,0.0
102.0,left_distal_positive,小腿004,left_wheel,MISUMI_C-SE604ZZ_不锈钢小径滚珠轴承,True,0.0,1.4210854715202004e-14,0.0,0.0,0.0
102.0,left_distal_positive,小腿004,left_wheel,MISUMI_CBSTSR4-16_内六角螺栓（盖螺栓）,True,0.0,0.09999999925625604,0.0,0.0,0.0
102.0,right_proximal_negative,大腿垫高001,right_distal_negative,小腿010,True,0.1558052966025656,22.868642246499228,0.0,0.0,0.0
102.0,right_proximal_negative,大腿003,right_distal_negative,推力轴承004,True,0.0,1.2789769243681803e-13,0.0,0.0,0.0
102.0,right_proximal_negative,大腿003,right_distal_negative,小腿009,True,2.0,2.0,0.0,0.0,0.0
102.0,right_proximal_negative,大腿003,right_distal_negative,小腿010,True,1.0,1.0,0.0,0.0,0.0
102.0,right_proximal_negative,大腿003,right_distal_negative,"hex nuts, style 1-grades ab gb_GB_FASTENER_NUT_SNAB1 M4-C005",True,1.1368683772161603e-13,1.4210854715202004e-13,0.0,0.0,0.0
102.0,right_proximal_negative,大腿003,right_distal_negative,cross recessed pan head screws gb_GB_CROSS_SCREWS_TYPE1 M4X16-16  H type-C003,True,0.0,0.09999999983575136,0.0,0.0,0.0
102.0,right_proximal_negative,大腿垫高001,right_distal_positive,小腿007,False,0.15580529638463858,66.20818207666935,0.0,0.0,0.0
102.0,right_proximal_negative,大腿003,right_distal_positive,小腿007,False,0.0,66.20818207666932,0.0,0.0,0.0
102.0,right_proximal_positive,大腿002,right_distal_negative,小腿010,False,0.0,66.20818207687032,0.0,0.0,0.0
102.0,right_proximal_positive,大腿002,right_distal_positive,推力轴承003,True,0.0,0.0,0.0,0.0,0.0
102.0,right_proximal_positive,大腿002,right_distal_positive,小腿007,True,1.0,1.0000000000000142,0.0,0.0,0.0
102.0,right_proximal_positive,大腿002,right_distal_positive,cross recessed pan head screws gb_GB_CROSS_SCREWS_TYPE1 M4X16-16  H type-C002,True,0.0,0.09999999986634986,0.0,0.0,0.0
102.0,right_proximal_positive,大腿002,right_distal_positive,"hex nuts, style 1-grades ab gb_GB_FASTENER_NUT_SNAB1 M4-C003",True,0.0,1.4210854715202004e-14,0.0,0.0,0.0
102.0,right_distal_negative,小腿010,right_distal_positive,小腿007,True,1.0000000000000142,1.0000000000000142,0.0,0.0,0.0
102.0,right_distal_negative,小腿010,right_wheel,推力轴承005,True,0.0,1.4210854715202004e-14,0.0,0.0,0.0
102.0,right_distal_negative,小腿010,right_wheel,MISUMI_C-SE604ZZ_不锈钢小径滚珠轴承004,True,0.0,1.4210854715202004e-14,0.0,0.0,0.0
102.0,right_distal_negative,小腿010,right_wheel,MISUMI_CBSTSR4-16_内六角螺栓（盖螺栓）001,True,0.0,0.0999999997148217,0.0,0.0,0.0
102.0,right_distal_positive,小腿007,right_wheel,推力轴承005,True,0.0,0.0,0.0,0.0,0.0
102.0,right_distal_positive,小腿007,right_wheel,驱动板005,True,0.4999999999998863,0.49999999999991473,0.0,0.0,0.0
102.0,right_distal_positive,小腿007,right_wheel,MISUMI_CBSTSR4-16_内六角螺栓（盖螺栓）001,True,0.0,0.0,0.0,0.0,0.0
103.0,fixed,4010电机,left_proximal_negative,大腿,True,0.0,1.1368683772161603e-13,0.0,0.0,0.0
103.0,fixed,4010电机001,left_proximal_positive,大腿垫高,True,1.4210854715202004e-14,1.4210854715202004e-14,0.0,0.0,0.0
103.0,fixed,底板,left_distal_positive,cross recessed pan head screws gb_GB_CROSS_SCREWS_TYPE1 M4X16-16  H type-C001,False,1.3999999999999915,2.2060736115905732,0.0,0.0,0.0
103.0,fixed,4010电机,left_distal_positive,小腿004,False,0.0,59.48057775512215,0.0,0.0,0.0
103.0,fixed,4010电机001,left_distal_positive,小腿004,False,0.0,15.949271789168641,0.0,0.0,0.0
103.0,fixed,4010电机003,right_proximal_negative,大腿垫高001,True,2.842170943040401e-14,2.842170943040401e-14,0.0,0.0,0.0
103.0,fixed,4010电机002,right_proximal_positive,大腿002,True,1.4210854715202004e-14,1.4210854715202004e-14,0.0,0.0,0.0
103.0,fixed,底板,right_distal_negative,cross recessed pan head screws gb_GB_CROSS_SCREWS_TYPE1 M4X16-16  H type-C003,False,1.4000000000001336,2.206073611498126,0.0,0.0,0.0
103.0,fixed,4010电机002,right_distal_negative,小腿010,False,0.0,59.48057775532048,0.0,0.0,0.0
103.0,fixed,4010电机003,right_distal_negative,小腿010,False,0.0,15.949271789281756,0.0,0.0,0.0
103.0,left_proximal_negative,大腿,left_distal_negative,推力轴承,True,0.0,1.2789769243681803e-13,0.0,0.0,0.0
103.0,left_proximal_negative,大腿,left_distal_negative,小腿001,True,1.0000000000001137,1.000000000000142,0.0,0.0,0.0
103.0,left_proximal_negative,大腿,left_distal_negative,cross recessed pan head screws gb_GB_CROSS_SCREWS_TYPE1 M4X16-16  H type-C,True,0.0,0.09999999982905665,0.0,0.0,0.0
103.0,left_proximal_negative,大腿,left_distal_negative,"hex nuts, style 1-grades ab gb_GB_FASTENER_NUT_SNAB1 M4-C",True,0.0,1.1368683772161603e-13,0.0,0.0,0.0
103.0,left_proximal_negative,大腿,left_distal_positive,小腿004,False,0.0,66.62231007323413,0.0,0.0,0.0
103.0,left_proximal_positive,大腿垫高,left_distal_negative,小腿001,False,0.7830133616227783,66.62231007343168,0.0,0.0,0.0
103.0,left_proximal_positive,大腿001,left_distal_negative,小腿001,False,0.0,66.62231007343169,0.0,0.0,0.0
103.0,left_proximal_positive,大腿垫高,left_distal_positive,小腿004,True,0.7830133614055441,23.069746280104454,0.0,0.0,0.0
103.0,left_proximal_positive,大腿001,left_distal_positive,小腿004,True,1.0000000000000995,1.000000000000142,0.0,0.0,0.0
103.0,left_proximal_positive,大腿001,left_distal_positive,推力轴承001,True,0.0,1.4210854715202004e-13,0.0,0.0,0.0
103.0,left_proximal_positive,大腿001,left_distal_positive,cross recessed pan head screws gb_GB_CROSS_SCREWS_TYPE1 M4X16-16  H type-C001,True,0.0,0.09999999988856802,0.0,0.0,0.0
103.0,left_proximal_positive,大腿001,left_distal_positive,"hex nuts, style 1-grades ab gb_GB_FASTENER_NUT_SNAB1 M4-C001",True,0.0,5.684341886080802e-14,0.0,0.0,0.0
103.0,left_distal_negative,小腿001,left_distal_positive,小腿004,True,0.9999999999999858,0.9999999999999858,0.0,0.0,0.0
103.0,left_distal_negative,小腿001,left_wheel,推力轴承002,True,0.0,1.4210854715202004e-14,0.0,0.0,0.0
103.0,left_distal_negative,小腿001,left_wheel,驱动板004,True,0.4999999999998721,0.4999999999998863,0.0,0.0,0.0
103.0,left_distal_negative,小腿001,left_wheel,MISUMI_CBSTSR4-16_内六角螺栓（盖螺栓）,True,0.0,0.0,0.0,0.0,0.0
103.0,left_distal_positive,小腿004,left_wheel,推力轴承002,True,0.0,0.0,0.0,0.0,0.0
103.0,left_distal_positive,小腿004,left_wheel,MISUMI_C-SE604ZZ_不锈钢小径滚珠轴承,True,0.0,1.4210854715202004e-14,0.0,0.0,0.0
103.0,left_distal_positive,小腿004,left_wheel,MISUMI_CBSTSR4-16_内六角螺栓（盖螺栓）,True,0.0,0.09999999920920123,0.0,0.0,0.0
103.0,right_proximal_negative,大腿垫高001,right_distal_negative,小腿010,True,0.783013361623631,23.06974628021761,0.0,0.0,0.0
103.0,right_proximal_negative,大腿003,right_distal_negative,推力轴承004,True,0.0,1.2789769243681803e-13,0.0,0.0,0.0
103.0,right_proximal_negative,大腿003,right_distal_negative,小腿009,True,2.0,2.0,0.0,0.0,0.0
103.0,right_proximal_negative,大腿003,right_distal_negative,小腿010,True,1.0,1.0,0.0,0.0,0.0
103.0,right_proximal_negative,大腿003,right_distal_negative,"hex nuts, style 1-grades ab gb_GB_FASTENER_NUT_SNAB1 M4-C005",True,1.1368683772161603e-13,1.4210854715202004e-13,0.0,0.0,0.0
103.0,right_proximal_negative,大腿003,right_distal_negative,cross recessed pan head screws gb_GB_CROSS_SCREWS_TYPE1 M4X16-16  H type-C003,True,0.0,0.09999999986801422,0.0,0.0,0.0
103.0,right_proximal_negative,大腿垫高001,right_distal_positive,小腿007,False,0.7830133614052777,66.62231007323408,0.0,0.0,0.0
103.0,right_proximal_negative,大腿003,right_distal_positive,小腿007,False,0.0,66.62231007323406,0.0,0.0,0.0
103.0,right_proximal_positive,大腿002,right_distal_negative,小腿010,False,0.0,66.62231007343257,0.0,0.0,0.0
103.0,right_proximal_positive,大腿002,right_distal_positive,推力轴承003,True,0.0,0.0,0.0,0.0,0.0
103.0,right_proximal_positive,大腿002,right_distal_positive,小腿007,True,1.0,1.0000000000000142,0.0,0.0,0.0
103.0,right_proximal_positive,大腿002,right_distal_positive,cross recessed pan head screws gb_GB_CROSS_SCREWS_TYPE1 M4X16-16  H type-C002,True,0.0,0.09999999986925587,0.0,0.0,0.0
103.0,right_proximal_positive,大腿002,right_distal_positive,"hex nuts, style 1-grades ab gb_GB_FASTENER_NUT_SNAB1 M4-C003",True,0.0,1.4210854715202004e-14,0.0,0.0,0.0
103.0,right_distal_negative,小腿010,right_distal_positive,小腿007,True,1.0000000000000142,1.0000000000000142,0.0,0.0,0.0
103.0,right_distal_negative,小腿010,right_wheel,推力轴承005,True,0.0,1.4210854715202004e-14,0.0,0.0,0.0
103.0,right_distal_negative,小腿010,right_wheel,MISUMI_C-SE604ZZ_不锈钢小径滚珠轴承004,True,0.0,1.4210854715202004e-14,0.0,0.0,0.0
103.0,right_distal_negative,小腿010,right_wheel,MISUMI_CBSTSR4-16_内六角螺栓（盖螺栓）001,True,0.0,0.09999999971678322,0.0,0.0,0.0
103.0,right_distal_positive,小腿007,right_wheel,推力轴承005,True,0.0,0.0,0.0,0.0,0.0
103.0,right_distal_positive,小腿007,right_wheel,驱动板005,True,0.4999999999998863,0.49999999999991473,0.0,0.0,0.0
103.0,right_distal_positive,小腿007,right_wheel,MISUMI_CBSTSR4-16_内六角螺栓（盖螺栓）001,True,0.0,0.0,0.0,0.0,0.0
104.0,fixed,4010电机,left_proximal_negative,大腿,True,0.0,1.1368683772161603e-13,0.0,0.0,0.0
104.0,fixed,4010电机001,left_proximal_positive,大腿垫高,True,1.4210854715202004e-14,1.4210854715202004e-14,0.0,0.0,0.0
104.0,fixed,底板,left_distal_positive,cross recessed pan head screws gb_GB_CROSS_SCREWS_TYPE1 M4X16-16  H type-C001,False,1.3999999999999915,1.9368450456847264,0.0,0.0,0.0
104.0,fixed,4010电机,left_distal_positive,小腿004,False,0.0,59.87913962507442,0.0,0.0,0.0
104.0,fixed,4010电机001,left_distal_positive,小腿004,False,0.0,16.13156182692646,0.0,0.0,0.0
104.0,fixed,4010电机003,right_proximal_negative,大腿垫高001,True,2.842170943040401e-14,2.842170943040401e-14,0.0,0.0,0.0
104.0,fixed,4010电机002,right_proximal_positive,大腿002,True,1.4210854715202004e-14,1.4210854715202004e-14,0.0,0.0,0.0
104.0,fixed,底板,right_distal_negative,cross recessed pan head screws gb_GB_CROSS_SCREWS_TYPE1 M4X16-16  H type-C003,False,1.4000000000001336,1.9368450456076987,0.0,0.0,0.0
104.0,fixed,4010电机002,right_distal_negative,小腿010,False,0.0,59.87913962527026,0.0,0.0,0.0
104.0,fixed,4010电机003,right_distal_negative,小腿010,False,0.0,16.131561827037547,0.0,0.0,0.0
104.0,left_proximal_negative,大腿,left_distal_negative,推力轴承,True,0.0,1.2789769243681803e-13,0.0,0.0,0.0
104.0,left_proximal_negative,大腿,left_distal_negative,小腿001,True,1.0000000000001137,1.000000000000142,0.0,0.0,0.0
104.0,left_proximal_negative,大腿,left_distal_negative,cross recessed pan head screws gb_GB_CROSS_SCREWS_TYPE1 M4X16-16  H type-C,True,0.0,0.09999999985063736,0.0,0.0,0.0
104.0,left_proximal_negative,大腿,left_distal_negative,"hex nuts, style 1-grades ab gb_GB_FASTENER_NUT_SNAB1 M4-C",True,0.0,1.1368683772161603e-13,0.0,0.0,0.0
104.0,left_proximal_negative,大腿,left_distal_positive,小腿004,False,0.0,67.02092607714543,0.0,0.0,0.0
104.0,left_proximal_positive,大腿垫高,left_distal_negative,小腿001,False,1.4049936607733144,67.0209260773405,0.0,0.0,0.0
104.0,left_proximal_positive,大腿001,left_distal_negative,小腿001,False,0.0,67.0209260773405,0.0,0.0,0.0
104.0,left_proximal_positive,大腿垫高,left_distal_positive,小腿004,True,1.4049936605556859,23.252351026388293,0.0,0.0,0.0
104.0,left_proximal_positive,大腿001,left_distal_positive,小腿004,True,1.0000000000000995,1.000000000000142,0.0,0.0,0.0
104.0,left_proximal_positive,大腿001,left_distal_positive,推力轴承001,True,0.0,1.4210854715202004e-13,0.0,0.0,0.0
104.0,left_proximal_positive,大腿001,left_distal_positive,cross recessed pan head screws gb_GB_CROSS_SCREWS_TYPE1 M4X16-16  H type-C001,True,0.0,0.09999999988706874,0.0,0.0,0.0
104.0,left_proximal_positive,大腿001,left_distal_positive,"hex nuts, style 1-grades ab gb_GB_FASTENER_NUT_SNAB1 M4-C001",True,0.0,5.684341886080802e-14,0.0,0.0,0.0
104.0,left_distal_negative,小腿001,left_distal_positive,小腿004,True,0.9999999999999858,0.9999999999999858,0.0,0.0,0.0
104.0,left_distal_negative,小腿001,left_wheel,推力轴承002,True,0.0,1.4210854715202004e-14,0.0,0.0,0.0
104.0,left_distal_negative,小腿001,left_wheel,驱动板004,True,0.4999999999998721,0.4999999999998863,0.0,0.0,0.0
104.0,left_distal_negative,小腿001,left_wheel,MISUMI_CBSTSR4-16_内六角螺栓（盖螺栓）,True,0.0,0.0,0.0,0.0,0.0
104.0,left_distal_positive,小腿004,left_wheel,推力轴承002,True,0.0,0.0,0.0,0.0,0.0
104.0,left_distal_positive,小腿004,left_wheel,MISUMI_C-SE604ZZ_不锈钢小径滚珠轴承,True,0.0,1.4210854715202004e-14,0.0,0.0,0.0
104.0,left_distal_positive,小腿004,left_wheel,MISUMI_CBSTSR4-16_内六角螺栓（盖螺栓）,True,0.0,0.09999999918424568,0.0,0.0,0.0
104.0,right_proximal_negative,大腿垫高001,right_distal_negative,小腿010,True,1.404993660774167,23.25235102649943,0.0,0.0,0.0
104.0,right_proximal_negative,大腿003,right_distal_negative,推力轴承004,True,0.0,1.2789769243681803e-13,0.0,0.0,0.0
104.0,right_proximal_negative,大腿003,right_distal_negative,小腿009,True,2.0,2.0,0.0,0.0,0.0
104.0,right_proximal_negative,大腿003,right_distal_negative,小腿010,True,1.0,1.0,0.0,0.0,0.0
104.0,right_proximal_negative,大腿003,right_distal_negative,"hex nuts, style 1-grades ab gb_GB_FASTENER_NUT_SNAB1 M4-C005",True,1.1368683772161603e-13,1.4210854715202004e-13,0.0,0.0,0.0
104.0,right_proximal_negative,大腿003,right_distal_negative,cross recessed pan head screws gb_GB_CROSS_SCREWS_TYPE1 M4X16-16  H type-C003,True,0.0,0.09999999988355415,0.0,0.0,0.0
104.0,right_proximal_negative,大腿垫高001,right_distal_positive,小腿007,False,1.4049936605554336,67.02092607714538,0.0,0.0,0.0
104.0,right_proximal_negative,大腿003,right_distal_positive,小腿007,False,0.0,67.02092607714536,0.0,0.0,0.0
104.0,right_proximal_positive,大腿002,right_distal_negative,小腿010,False,0.0,67.02092607734139,0.0,0.0,0.0
104.0,right_proximal_positive,大腿002,right_distal_positive,推力轴承003,True,0.0,0.0,0.0,0.0,0.0
104.0,right_proximal_positive,大腿002,right_distal_positive,小腿007,True,1.0,1.0000000000000142,0.0,0.0,0.0
104.0,right_proximal_positive,大腿002,right_distal_positive,cross recessed pan head screws gb_GB_CROSS_SCREWS_TYPE1 M4X16-16  H type-C002,True,0.0,0.09999999987220834,0.0,0.0,0.0
104.0,right_proximal_positive,大腿002,right_distal_positive,"hex nuts, style 1-grades ab gb_GB_FASTENER_NUT_SNAB1 M4-C003",True,0.0,1.4210854715202004e-14,0.0,0.0,0.0
104.0,right_distal_negative,小腿010,right_distal_positive,小腿007,True,1.0000000000000142,1.0000000000000142,0.0,0.0,0.0
104.0,right_distal_negative,小腿010,right_wheel,推力轴承005,True,0.0,1.4210854715202004e-14,0.0,0.0,0.0
104.0,right_distal_negative,小腿010,right_wheel,MISUMI_C-SE604ZZ_不锈钢小径滚珠轴承004,True,0.0,1.4210854715202004e-14,0.0,0.0,0.0
104.0,right_distal_negative,小腿010,right_wheel,MISUMI_CBSTSR4-16_内六角螺栓（盖螺栓）001,True,0.0,0.0999999997270121,0.0,0.0,0.0
104.0,right_distal_positive,小腿007,right_wheel,推力轴承005,True,0.0,0.0,0.0,0.0,0.0
104.0,right_distal_positive,小腿007,right_wheel,驱动板005,True,0.4999999999998863,0.49999999999991473,0.0,0.0,0.0
104.0,right_distal_positive,小腿007,right_wheel,MISUMI_CBSTSR4-16_内六角螺栓（盖螺栓）001,True,0.0,0.0,0.0,0.0,0.0
105.0,fixed,4010电机,left_proximal_negative,大腿,True,0.0,1.1368683772161603e-13,0.0,0.0,0.0
105.0,fixed,4010电机001,left_proximal_positive,大腿垫高,True,1.4210854715202004e-14,1.4210854715202004e-14,0.0,0.0,0.0
105.0,fixed,底板,left_distal_positive,cross recessed pan head screws gb_GB_CROSS_SCREWS_TYPE1 M4X16-16  H type-C001,False,1.3999999999999915,1.7460034031021718,0.0,0.0,0.0
105.0,fixed,4010电机,left_distal_positive,小腿004,False,0.0,60.26176206523769,0.0,0.0,0.0
105.0,fixed,4010电机001,left_distal_positive,小腿004,False,0.0,16.295025893608145,0.0,0.0,0.0
105.0,fixed,4010电机003,right_proximal_negative,大腿垫高001,True,2.842170943040401e-14,2.842170943040401e-14,0.0,0.0,0.0
105.0,fixed,4010电机002,right_proximal_positive,大腿002,True,1.4210854715202004e-14,1.4210854715202004e-14,0.0,0.0,0.0
105.0,fixed,底板,right_distal_negative,cross recessed pan head screws gb_GB_CROSS_SCREWS_TYPE1 M4X16-16  H type-C003,False,1.4000000000001336,1.7184289400294537,0.0,0.0,0.0
105.0,fixed,4010电机002,right_distal_negative,小腿010,False,0.0,60.26176206543098,0.0,0.0,0.0
105.0,fixed,4010电机003,right_distal_negative,小腿010,False,0.0,16.29502589371717,0.0,0.0,0.0
105.0,left_proximal_negative,大腿,left_distal_negative,推力轴承,True,0.0,1.2789769243681803e-13,0.0,0.0,0.0
105.0,left_proximal_negative,大腿,left_distal_negative,小腿001,True,1.0000000000001137,1.000000000000142,0.0,0.0,0.0
105.0,left_proximal_negative,大腿,left_distal_negative,cross recessed pan head screws gb_GB_CROSS_SCREWS_TYPE1 M4X16-16  H type-C,True,0.0,0.09999999987230636,0.0,0.0,0.0
105.0,left_proximal_negative,大腿,left_distal_negative,"hex nuts, style 1-grades ab gb_GB_FASTENER_NUT_SNAB1 M4-C",True,0.0,1.1368683772161603e-13,0.0,0.0,0.0
105.0,left_proximal_negative,大腿,left_distal_positive,小腿004,False,0.0,67.40359982350257,0.0,0.0,0.0
105.0,left_proximal_positive,大腿001,left_distal_negative,小腿001,False,0.0,67.40359982369507,0.0,0.0,0.0
105.0,left_proximal_positive,大腿001,left_distal_positive,小腿004,True,1.0000000000000995,1.000000000000142,0.0,0.0,0.0
105.0,left_proximal_positive,大腿001,left_distal_positive,推力轴承001,True,0.0,1.4210854715202004e-13,0.0,0.0,0.0
105.0,left_proximal_positive,大腿001,left_distal_positive,cross recessed pan head screws gb_GB_CROSS_SCREWS_TYPE1 M4X16-16  H type-C001,True,0.0,0.09999999988581429,0.0,0.0,0.0
105.0,left_proximal_positive,大腿001,left_distal_positive,"hex nuts, style 1-grades ab gb_GB_FASTENER_NUT_SNAB1 M4-C001",True,0.0,5.684341886080802e-14,0.0,0.0,0.0
105.0,left_distal_negative,小腿001,left_distal_positive,小腿004,True,0.9999999999999858,0.9999999999999858,0.0,0.0,0.0
105.0,left_distal_negative,小腿001,left_wheel,推力轴承002,True,0.0,1.4210854715202004e-14,0.0,0.0,0.0
105.0,left_distal_negative,小腿001,left_wheel,驱动板004,True,0.4999999999998721,0.4999999999998863,0.0,0.0,0.0
105.0,left_distal_negative,小腿001,left_wheel,MISUMI_CBSTSR4-16_内六角螺栓（盖螺栓）,True,0.0,0.0,0.0,0.0,0.0
105.0,left_distal_positive,小腿004,left_wheel,推力轴承002,True,0.0,0.0,0.0,0.0,0.0
105.0,left_distal_positive,小腿004,left_wheel,MISUMI_C-SE604ZZ_不锈钢小径滚珠轴承,True,0.0,1.4210854715202004e-14,0.0,0.0,0.0
105.0,left_distal_positive,小腿004,left_wheel,MISUMI_CBSTSR4-16_内六角螺栓（盖螺栓）,True,0.0,0.09999999918513468,0.0,0.0,0.0
105.0,right_proximal_negative,大腿003,right_distal_negative,推力轴承004,True,0.0,1.2789769243681803e-13,0.0,0.0,0.0
105.0,right_proximal_negative,大腿003,right_distal_negative,小腿009,True,2.0,2.0,0.0,0.0,0.0
105.0,right_proximal_negative,大腿003,right_distal_negative,小腿010,True,1.0,1.0,0.0,0.0,0.0
105.0,right_proximal_negative,大腿003,right_distal_negative,"hex nuts, style 1-grades ab gb_GB_FASTENER_NUT_SNAB1 M4-C005",True,1.1368683772161603e-13,1.4210854715202004e-13,0.0,0.0,0.0
105.0,right_proximal_negative,大腿003,right_distal_negative,cross recessed pan head screws gb_GB_CROSS_SCREWS_TYPE1 M4X16-16  H type-C003,True,0.0,0.09999999988118327,0.0,0.0,0.0
105.0,right_proximal_negative,大腿003,right_distal_positive,小腿007,False,0.0,67.40359982350249,0.0,0.0,0.0
105.0,right_proximal_positive,大腿002,right_distal_negative,小腿010,False,0.0,67.40359982369598,0.0,0.0,0.0
105.0,right_proximal_positive,大腿002,right_distal_positive,推力轴承003,True,0.0,0.0,0.0,0.0,0.0
105.0,right_proximal_positive,大腿002,right_distal_positive,小腿007,True,1.0,1.0000000000000142,0.0,0.0,0.0
105.0,right_proximal_positive,大腿002,right_distal_positive,cross recessed pan head screws gb_GB_CROSS_SCREWS_TYPE1 M4X16-16  H type-C002,True,0.0,0.09999999987637771,0.0,0.0,0.0
105.0,right_proximal_positive,大腿002,right_distal_positive,"hex nuts, style 1-grades ab gb_GB_FASTENER_NUT_SNAB1 M4-C003",True,0.0,1.4210854715202004e-14,0.0,0.0,0.0
105.0,right_distal_negative,小腿010,right_distal_positive,小腿007,True,1.0000000000000142,1.0000000000000142,0.0,0.0,0.0
105.0,right_distal_negative,小腿010,right_wheel,推力轴承005,True,0.0,1.4210854715202004e-14,0.0,0.0,0.0
105.0,right_distal_negative,小腿010,right_wheel,MISUMI_C-SE604ZZ_不锈钢小径滚珠轴承004,True,0.0,1.4210854715202004e-14,0.0,0.0,0.0
105.0,right_distal_negative,小腿010,right_wheel,MISUMI_CBSTSR4-16_内六角螺栓（盖螺栓）001,True,0.0,0.09999999972671705,0.0,0.0,0.0
105.0,right_distal_positive,小腿007,right_wheel,推力轴承005,True,0.0,0.0,0.0,0.0,0.0
105.0,right_distal_positive,小腿007,right_wheel,驱动板005,True,0.4999999999998863,0.49999999999991473,0.0,0.0,0.0
105.0,right_distal_positive,小腿007,right_wheel,MISUMI_CBSTSR4-16_内六角螺栓（盖螺栓）001,True,0.0,0.0,0.0,0.0,0.0
106.0,fixed,4010电机,left_proximal_negative,大腿,True,0.0,1.1368683772161603e-13,0.0,0.0,0.0
106.0,fixed,4010电机001,left_proximal_positive,大腿垫高,True,1.4210854715202004e-14,1.4210854715202004e-14,0.0,0.0,0.0
106.0,fixed,底板,left_distal_positive,cross recessed pan head screws gb_GB_CROSS_SCREWS_TYPE1 M4X16-16  H type-C001,False,1.3999999999999915,1.5858902230606466,0.0,0.0,0.0
106.0,fixed,4010电机,left_distal_positive,小腿004,False,0.0,60.627997692026305,0.0,0.0,0.0
106.0,fixed,4010电机001,left_distal_positive,小腿004,False,0.0,16.43927587954274,0.0,0.0,0.0
106.0,fixed,4010电机003,right_proximal_negative,大腿垫高001,True,2.842170943040401e-14,2.842170943040401e-14,0.0,0.0,0.0
106.0,fixed,4010电机002,right_proximal_positive,大腿002,True,1.4210854715202004e-14,1.4210854715202004e-14,0.0,0.0,0.0
106.0,fixed,底板,right_distal_negative,cross recessed pan head screws gb_GB_CROSS_SCREWS_TYPE1 M4X16-16  H type-C003,False,1.4000000000001336,1.554592248351391,0.0,0.0,0.0
106.0,fixed,4010电机002,right_distal_negative,小腿010,False,0.0,60.627997692217036,0.0,0.0,0.0
106.0,fixed,4010电机003,right_distal_negative,小腿010,False,0.0,16.43927587964972,0.0,0.0,0.0
106.0,left_proximal_negative,大腿,left_distal_negative,推力轴承,True,0.0,1.2789769243681803e-13,0.0,0.0,0.0
106.0,left_proximal_negative,大腿,left_distal_negative,小腿001,True,1.0000000000001137,1.000000000000142,0.0,0.0,0.0
106.0,left_proximal_negative,大腿,left_distal_negative,cross recessed pan head screws gb_GB_CROSS_SCREWS_TYPE1 M4X16-16  H type-C,True,0.0,0.0999999998782593,0.0,0.0,0.0
106.0,left_proximal_negative,大腿,left_distal_negative,"hex nuts, style 1-grades ab gb_GB_FASTENER_NUT_SNAB1 M4-C",True,0.0,1.1368683772161603e-13,0.0,0.0,0.0
106.0,left_proximal_negative,大腿,left_distal_positive,小腿004,False,0.0,67.76988396230877,0.0,0.0,0.0
106.0,left_proximal_positive,大腿001,left_distal_negative,小腿001,False,0.0,67.76988396249872,0.0,0.0,0.0
106.0,left_proximal_positive,大腿001,left_distal_positive,小腿004,True,1.0000000000000995,1.000000000000142,0.0,0.0,0.0
106.0,left_proximal_positive,大腿001,left_distal_positive,推力轴承001,True,0.0,1.4210854715202004e-13,0.0,0.0,0.0
106.0,left_proximal_positive,大腿001,left_distal_positive,cross recessed pan head screws gb_GB_CROSS_SCREWS_TYPE1 M4X16-16  H type-C001,True,0.0,0.0999999998848634,0.0,0.0,0.0
106.0,left_proximal_positive,大腿001,left_distal_positive,"hex nuts, style 1-grades ab gb_GB_FASTENER_NUT_SNAB1 M4-C001",True,0.0,5.684341886080802e-14,0.0,0.0,0.0
106.0,left_distal_negative,小腿001,left_distal_positive,小腿004,True,0.9999999999999858,0.9999999999999858,0.0,0.0,0.0
106.0,left_distal_negative,小腿001,left_wheel,推力轴承002,True,0.0,1.4210854715202004e-14,0.0,0.0,0.0
106.0,left_distal_negative,小腿001,left_wheel,驱动板004,True,0.4999999999998721,0.4999999999998863,0.0,0.0,0.0
106.0,left_distal_negative,小腿001,left_wheel,MISUMI_CBSTSR4-16_内六角螺栓（盖螺栓）,True,0.0,0.0,0.0,0.0,0.0
106.0,left_distal_positive,小腿004,left_wheel,推力轴承002,True,0.0,0.0,0.0,0.0,0.0
106.0,left_distal_positive,小腿004,left_wheel,MISUMI_C-SE604ZZ_不锈钢小径滚珠轴承,True,0.0,1.4210854715202004e-14,0.0,0.0,0.0
106.0,left_distal_positive,小腿004,left_wheel,MISUMI_CBSTSR4-16_内六角螺栓（盖螺栓）,True,0.0,0.09999999918317858,0.0,0.0,0.0
106.0,right_proximal_negative,大腿003,right_distal_negative,推力轴承004,True,0.0,1.2789769243681803e-13,0.0,0.0,0.0
106.0,right_proximal_negative,大腿003,right_distal_negative,小腿009,True,2.0,2.0,0.0,0.0,0.0
106.0,right_proximal_negative,大腿003,right_distal_negative,小腿010,True,1.0,1.0,0.0,0.0,0.0
106.0,right_proximal_negative,大腿003,right_distal_negative,"hex nuts, style 1-grades ab gb_GB_FASTENER_NUT_SNAB1 M4-C005",True,1.1368683772161603e-13,1.4210854715202004e-13,0.0,0.0,0.0
106.0,right_proximal_negative,大腿003,right_distal_negative,cross recessed pan head screws gb_GB_CROSS_SCREWS_TYPE1 M4X16-16  H type-C003,True,0.0,0.09999999987895218,0.0,0.0,0.0
106.0,right_proximal_negative,大腿003,right_distal_positive,小腿007,False,0.0,67.76988396230868,0.0,0.0,0.0
106.0,right_proximal_positive,大腿002,right_distal_negative,小腿010,False,0.0,67.7698839624996,0.0,0.0,0.0
106.0,right_proximal_positive,大腿002,right_distal_positive,推力轴承003,True,0.0,0.0,0.0,0.0,0.0
106.0,right_proximal_positive,大腿002,right_distal_positive,小腿007,True,1.0,1.0000000000000142,0.0,0.0,0.0
106.0,right_proximal_positive,大腿002,right_distal_positive,cross recessed pan head screws gb_GB_CROSS_SCREWS_TYPE1 M4X16-16  H type-C002,True,0.0,0.09999999987891744,0.0,0.0,0.0
106.0,right_proximal_positive,大腿002,right_distal_positive,"hex nuts, style 1-grades ab gb_GB_FASTENER_NUT_SNAB1 M4-C003",True,0.0,1.4210854715202004e-14,0.0,0.0,0.0
106.0,right_distal_negative,小腿010,right_distal_positive,小腿007,True,1.0000000000000142,1.0000000000000142,0.0,0.0,0.0
106.0,right_distal_negative,小腿010,right_wheel,推力轴承005,True,0.0,1.4210854715202004e-14,0.0,0.0,0.0
106.0,right_distal_negative,小腿010,right_wheel,MISUMI_C-SE604ZZ_不锈钢小径滚珠轴承004,True,0.0,1.4210854715202004e-14,0.0,0.0,0.0
106.0,right_distal_negative,小腿010,right_wheel,MISUMI_CBSTSR4-16_内六角螺栓（盖螺栓）001,True,0.0,0.09999999974533129,0.0,0.0,0.0
106.0,right_distal_positive,小腿007,right_wheel,推力轴承005,True,0.0,0.0,0.0,0.0,0.0
106.0,right_distal_positive,小腿007,right_wheel,驱动板005,True,0.4999999999998863,0.49999999999991473,0.0,0.0,0.0
106.0,right_distal_positive,小腿007,right_wheel,MISUMI_CBSTSR4-16_内六角螺栓（盖螺栓）001,True,0.0,0.0,0.0,0.0,0.0
107.0,fixed,4010电机,left_proximal_negative,大腿,True,0.0,1.1368683772161603e-13,0.0,0.0,0.0
107.0,fixed,4010电机001,left_proximal_positive,大腿垫高,True,1.4210854715202004e-14,1.4210854715202004e-14,0.0,0.0,0.0
107.0,fixed,底板,left_distal_positive,cross recessed pan head screws gb_GB_CROSS_SCREWS_TYPE1 M4X16-16  H type-C001,False,1.3999999999999915,1.4794406065034407,0.0,0.0,0.0
107.0,fixed,4010电机,left_distal_positive,小腿004,False,0.0,60.97738077141836,0.0,0.0,0.0
107.0,fixed,4010电机001,left_distal_positive,小腿004,False,0.0,16.56390092090197,0.0,0.0,0.0
107.0,fixed,4010电机003,right_proximal_negative,大腿垫高001,True,2.842170943040401e-14,2.842170943040401e-14,0.0,0.0,0.0
107.0,fixed,4010电机002,right_proximal_positive,大腿002,True,1.4210854715202004e-14,1.4210854715202004e-14,0.0,0.0,0.0
107.0,fixed,底板,right_distal_negative,cross recessed pan head screws gb_GB_CROSS_SCREWS_TYPE1 M4X16-16  H type-C003,False,1.4000000000001336,1.4557972253252949,0.0,0.0,0.0
107.0,fixed,4010电机002,right_distal_negative,小腿010,False,0.0,60.97738077160648,0.0,0.0,0.0
107.0,fixed,4010电机003,right_distal_negative,小腿010,False,0.0,16.563900921006848,0.0,0.0,0.0
107.0,left_proximal_negative,大腿,left_distal_negative,推力轴承,True,0.0,1.2789769243681803e-13,0.0,0.0,0.0
107.0,left_proximal_negative,大腿,left_distal_negative,小腿001,True,1.0000000000001137,1.000000000000142,0.0,0.0,0.0
107.0,left_proximal_negative,大腿,left_distal_negative,cross recessed pan head screws gb_GB_CROSS_SCREWS_TYPE1 M4X16-16  H type-C,True,0.0,0.09999999987622499,0.0,0.0,0.0
107.0,left_proximal_negative,大腿,left_distal_negative,"hex nuts, style 1-grades ab gb_GB_FASTENER_NUT_SNAB1 M4-C",True,0.0,1.1368683772161603e-13,0.0,0.0,0.0
107.0,left_proximal_negative,大腿,left_distal_positive,小腿004,False,0.0,68.11931278693815,0.0,0.0,0.0
107.0,left_proximal_positive,大腿001,left_distal_negative,小腿001,False,0.0,68.11931278712551,0.0,0.0,0.0
107.0,left_proximal_positive,大腿001,left_distal_positive,小腿004,True,1.0000000000000995,1.000000000000142,0.0,0.0,0.0
107.0,left_proximal_positive,大腿001,left_distal_positive,推力轴承001,True,0.0,1.4210854715202004e-13,0.0,0.0,0.0
107.0,left_proximal_positive,大腿001,left_distal_positive,cross recessed pan head screws gb_GB_CROSS_SCREWS_TYPE1 M4X16-16  H type-C001,True,0.0,0.09999999988417893,0.0,0.0,0.0
107.0,left_proximal_positive,大腿001,left_distal_positive,"hex nuts, style 1-grades ab gb_GB_FASTENER_NUT_SNAB1 M4-C001",True,0.0,5.684341886080802e-14,0.0,0.0,0.0
107.0,left_distal_negative,小腿001,left_distal_positive,小腿004,True,0.9999999999999858,0.9999999999999858,0.0,0.0,0.0
107.0,left_distal_negative,小腿001,left_wheel,推力轴承002,True,0.0,1.4210854715202004e-14,0.0,0.0,0.0
107.0,left_distal_negative,小腿001,left_wheel,驱动板004,True,0.4999999999998721,0.4999999999998863,0.0,0.0,0.0
107.0,left_distal_negative,小腿001,left_wheel,MISUMI_CBSTSR4-16_内六角螺栓（盖螺栓）,True,0.0,0.0,0.0,0.0,0.0
107.0,left_distal_positive,小腿004,left_wheel,推力轴承002,True,0.0,0.0,0.0,0.0,0.0
107.0,left_distal_positive,小腿004,left_wheel,MISUMI_C-SE604ZZ_不锈钢小径滚珠轴承,True,0.0,1.4210854715202004e-14,0.0,0.0,0.0
107.0,left_distal_positive,小腿004,left_wheel,MISUMI_CBSTSR4-16_内六角螺栓（盖螺栓）,True,0.0,0.09999999920399437,0.0,0.0,0.0
107.0,right_proximal_negative,大腿003,right_distal_negative,推力轴承004,True,0.0,1.2789769243681803e-13,0.0,0.0,0.0
107.0,right_proximal_negative,大腿003,right_distal_negative,小腿009,True,2.0,2.0,0.0,0.0,0.0
107.0,right_proximal_negative,大腿003,right_distal_negative,小腿010,True,1.0,1.0,0.0,0.0,0.0
107.0,right_proximal_negative,大腿003,right_distal_negative,"hex nuts, style 1-grades ab gb_GB_FASTENER_NUT_SNAB1 M4-C005",True,1.1368683772161603e-13,1.4210854715202004e-13,0.0,0.0,0.0
107.0,right_proximal_negative,大腿003,right_distal_negative,cross recessed pan head screws gb_GB_CROSS_SCREWS_TYPE1 M4X16-16  H type-C003,True,0.0,0.0999999998769292,0.0,0.0,0.0
107.0,right_proximal_negative,大腿003,right_distal_positive,小腿007,False,0.0,68.11931278693807,0.0,0.0,0.0
107.0,right_proximal_positive,大腿002,right_distal_negative,小腿010,False,0.0,68.11931278712639,0.0,0.0,0.0
107.0,right_proximal_positive,大腿002,right_distal_positive,推力轴承003,True,0.0,0.0,0.0,0.0,0.0
107.0,right_proximal_positive,大腿002,right_distal_positive,小腿007,True,1.0,1.0000000000000142,0.0,0.0,0.0
107.0,right_proximal_positive,大腿002,right_distal_positive,cross recessed pan head screws gb_GB_CROSS_SCREWS_TYPE1 M4X16-16  H type-C002,True,0.0,0.09999999988125124,0.0,0.0,0.0
107.0,right_proximal_positive,大腿002,right_distal_positive,"hex nuts, style 1-grades ab gb_GB_FASTENER_NUT_SNAB1 M4-C003",True,0.0,1.4210854715202004e-14,0.0,0.0,0.0
107.0,right_distal_negative,小腿010,right_distal_positive,小腿007,True,1.0000000000000142,1.0000000000000142,0.0,0.0,0.0
107.0,right_distal_negative,小腿010,right_wheel,推力轴承005,True,0.0,1.4210854715202004e-14,0.0,0.0,0.0
107.0,right_distal_negative,小腿010,right_wheel,MISUMI_C-SE604ZZ_不锈钢小径滚珠轴承004,True,0.0,1.4210854715202004e-14,0.0,0.0,0.0
107.0,right_distal_negative,小腿010,right_wheel,MISUMI_CBSTSR4-16_内六角螺栓（盖螺栓）001,True,0.0,0.09999999974536834,0.0,0.0,0.0
107.0,right_distal_positive,小腿007,right_wheel,推力轴承005,True,0.0,0.0,0.0,0.0,0.0
107.0,right_distal_positive,小腿007,right_wheel,驱动板005,True,0.4999999999998863,0.49999999999991473,0.0,0.0,0.0
107.0,right_distal_positive,小腿007,right_wheel,MISUMI_CBSTSR4-16_内六角螺栓（盖螺栓）001,True,0.0,0.0,0.0,0.0,0.0
108.0,fixed,4010电机,left_proximal_negative,大腿,True,0.0,1.1368683772161603e-13,0.0,0.0,0.0
108.0,fixed,4010电机001,left_proximal_positive,大腿垫高,True,1.4210854715202004e-14,1.4210854715202004e-14,0.0,0.0,0.0
108.0,fixed,底板,left_distal_positive,cross recessed pan head screws gb_GB_CROSS_SCREWS_TYPE1 M4X16-16  H type-C001,False,1.3999999999999915,1.4430107000469192,0.0,0.0,0.0
108.0,fixed,4010电机,left_distal_positive,小腿004,False,0.0,61.309425827032435,0.0,0.0,0.0
108.0,fixed,4010电机001,left_distal_positive,小腿004,False,0.0,16.668466117071855,0.0,0.0,0.0
108.0,fixed,4010电机003,right_proximal_negative,大腿垫高001,True,2.842170943040401e-14,2.842170943040401e-14,0.0,0.0,0.0
108.0,fixed,4010电机002,right_proximal_positive,大腿002,True,1.4210854715202004e-14,1.4210854715202004e-14,0.0,0.0,0.0
108.0,fixed,底板,right_distal_negative,cross recessed pan head screws gb_GB_CROSS_SCREWS_TYPE1 M4X16-16  H type-C003,False,1.4000000000001336,1.443039500395965,0.0,0.0,0.0
108.0,fixed,4010电机002,right_distal_negative,小腿010,False,0.0,61.309425827217936,0.0,0.0,0.0
108.0,fixed,4010电机003,right_distal_negative,小腿010,False,0.0,16.668466117174646,0.0,0.0,0.0
108.0,left_proximal_negative,大腿,left_distal_negative,推力轴承,True,0.0,1.2789769243681803e-13,0.0,0.0,0.0
108.0,left_proximal_negative,大腿,left_distal_negative,小腿001,True,1.0000000000001137,1.000000000000142,0.0,0.0,0.0
108.0,left_proximal_negative,大腿,left_distal_negative,cross recessed pan head screws gb_GB_CROSS_SCREWS_TYPE1 M4X16-16  H type-C,True,0.0,0.0999999998743668,0.0,0.0,0.0
108.0,left_proximal_negative,大腿,left_distal_negative,"hex nuts, style 1-grades ab gb_GB_FASTENER_NUT_SNAB1 M4-C",True,0.0,1.1368683772161603e-13,0.0,0.0,0.0
108.0,left_proximal_negative,大腿,left_distal_positive,小腿004,False,0.0,68.45140084215164,0.0,0.0,0.0
108.0,left_proximal_positive,大腿001,left_distal_negative,小腿001,False,0.0,68.45140084233638,0.0,0.0,0.0
108.0,left_proximal_positive,大腿001,left_distal_positive,小腿004,True,1.0000000000000995,1.000000000000142,0.0,0.0,0.0
108.0,left_proximal_positive,大腿001,left_distal_positive,推力轴承001,True,0.0,1.4210854715202004e-13,0.0,0.0,0.0
108.0,left_proximal_positive,大腿001,left_distal_positive,cross recessed pan head screws gb_GB_CROSS_SCREWS_TYPE1 M4X16-16  H type-C001,True,0.0,0.0999999998837507,0.0,0.0,0.0
108.0,left_proximal_positive,大腿001,left_distal_positive,"hex nuts, style 1-grades ab gb_GB_FASTENER_NUT_SNAB1 M4-C001",True,0.0,5.684341886080802e-14,0.0,0.0,0.0
108.0,left_distal_negative,小腿001,left_distal_positive,小腿004,True,0.9999999999999858,0.9999999999999858,0.0,0.0,0.0
108.0,left_distal_negative,小腿001,left_wheel,推力轴承002,True,0.0,1.4210854715202004e-14,0.0,0.0,0.0
108.0,left_distal_negative,小腿001,left_wheel,驱动板004,True,0.4999999999998721,0.4999999999998863,0.0,0.0,0.0
108.0,left_distal_negative,小腿001,left_wheel,MISUMI_CBSTSR4-16_内六角螺栓（盖螺栓）,True,0.0,0.0,0.0,0.0,0.0
108.0,left_distal_positive,小腿004,left_wheel,推力轴承002,True,0.0,0.0,0.0,0.0,0.0
108.0,left_distal_positive,小腿004,left_wheel,MISUMI_C-SE604ZZ_不锈钢小径滚珠轴承,True,0.0,1.4210854715202004e-14,0.0,0.0,0.0
108.0,left_distal_positive,小腿004,left_wheel,MISUMI_CBSTSR4-16_内六角螺栓（盖螺栓）,True,0.0,0.09999999920540802,0.0,0.0,0.0
108.0,right_proximal_negative,大腿003,right_distal_negative,推力轴承004,True,0.0,1.2789769243681803e-13,0.0,0.0,0.0
108.0,right_proximal_negative,大腿003,right_distal_negative,小腿009,True,2.0,2.0,0.0,0.0,0.0
108.0,right_proximal_negative,大腿003,right_distal_negative,小腿010,True,1.0,1.0,0.0,0.0,0.0
108.0,right_proximal_negative,大腿003,right_distal_negative,"hex nuts, style 1-grades ab gb_GB_FASTENER_NUT_SNAB1 M4-C005",True,1.1368683772161603e-13,1.4210854715202004e-13,0.0,0.0,0.0
108.0,right_proximal_negative,大腿003,right_distal_negative,cross recessed pan head screws gb_GB_CROSS_SCREWS_TYPE1 M4X16-16  H type-C003,True,0.0,0.09999999986108866,0.0,0.0,0.0
108.0,right_proximal_negative,大腿003,right_distal_positive,小腿007,False,0.0,68.45140084215154,0.0,0.0,0.0
108.0,right_proximal_positive,大腿002,right_distal_negative,小腿010,False,0.0,68.45140084233726,0.0,0.0,0.0
108.0,right_proximal_positive,大腿002,right_distal_positive,推力轴承003,True,0.0,0.0,0.0,0.0,0.0
108.0,right_proximal_positive,大腿002,right_distal_positive,小腿007,True,1.0,1.0000000000000142,0.0,0.0,0.0
108.0,right_proximal_positive,大腿002,right_distal_positive,cross recessed pan head screws gb_GB_CROSS_SCREWS_TYPE1 M4X16-16  H type-C002,True,0.0,0.0999999998833299,0.0,0.0,0.0
108.0,right_proximal_positive,大腿002,right_distal_positive,"hex nuts, style 1-grades ab gb_GB_FASTENER_NUT_SNAB1 M4-C003",True,0.0,1.4210854715202004e-14,0.0,0.0,0.0
108.0,right_distal_negative,小腿010,right_distal_positive,小腿007,True,1.0000000000000142,1.0000000000000142,0.0,0.0,0.0
108.0,right_distal_negative,小腿010,right_wheel,推力轴承005,True,0.0,1.4210854715202004e-14,0.0,0.0,0.0
108.0,right_distal_negative,小腿010,right_wheel,MISUMI_C-SE604ZZ_不锈钢小径滚珠轴承004,True,0.0,1.4210854715202004e-14,0.0,0.0,0.0
108.0,right_distal_negative,小腿010,right_wheel,MISUMI_CBSTSR4-16_内六角螺栓（盖螺栓）001,True,0.0,0.09999999974538087,0.0,0.0,0.0
108.0,right_distal_positive,小腿007,right_wheel,推力轴承005,True,0.0,0.0,0.0,0.0,0.0
108.0,right_distal_positive,小腿007,right_wheel,驱动板005,True,0.4999999999998863,0.49999999999991473,0.0,0.0,0.0
108.0,right_distal_positive,小腿007,right_wheel,MISUMI_CBSTSR4-16_内六角螺栓（盖螺栓）001,True,0.0,0.0,0.0,0.0,0.0
109.0,fixed,4010电机,left_proximal_negative,大腿,True,0.0,1.1368683772161603e-13,0.0,0.0,0.0
109.0,fixed,4010电机001,left_proximal_positive,大腿垫高,True,1.4210854715202004e-14,1.4210854715202004e-14,0.0,0.0,0.0
109.0,fixed,底板,left_distal_positive,cross recessed pan head screws gb_GB_CROSS_SCREWS_TYPE1 M4X16-16  H type-C001,False,1.3999999999999915,1.4430107000469192,0.0,0.0,0.0
109.0,fixed,4010电机,left_distal_positive,小腿004,False,0.0,61.623626113099476,0.0,0.0,0.0
109.0,fixed,4010电机001,left_distal_positive,小腿004,False,0.0,16.75251109477514,0.0,0.0,0.0
109.0,fixed,4010电机003,right_proximal_negative,大腿垫高001,True,2.842170943040401e-14,2.842170943040401e-14,0.0,0.0,0.0
109.0,fixed,4010电机002,right_proximal_positive,大腿002,True,1.4210854715202004e-14,1.4210854715202004e-14,0.0,0.0,0.0
109.0,fixed,底板,right_distal_negative,cross recessed pan head screws gb_GB_CROSS_SCREWS_TYPE1 M4X16-16  H type-C003,False,1.4000000000001336,1.4430107000470755,0.0,0.0,0.0
109.0,fixed,4010电机002,right_distal_negative,小腿010,False,0.0,61.62362611328229,0.0,0.0,0.0
109.0,fixed,4010电机003,right_distal_negative,小腿010,False,0.0,16.752511094875803,0.0,0.0,0.0
109.0,left_proximal_negative,大腿,left_distal_negative,推力轴承,True,0.0,1.2789769243681803e-13,0.0,0.0,0.0
109.0,left_proximal_negative,大腿,left_distal_negative,小腿001,True,1.0000000000001137,1.000000000000142,0.0,0.0,0.0
109.0,left_proximal_negative,大腿,left_distal_negative,cross recessed pan head screws gb_GB_CROSS_SCREWS_TYPE1 M4X16-16  H type-C,True,0.0,0.09999999987271556,0.0,0.0,0.0
109.0,left_proximal_negative,大腿,left_distal_negative,"hex nuts, style 1-grades ab gb_GB_FASTENER_NUT_SNAB1 M4-C",True,0.0,1.1368683772161603e-13,0.0,0.0,0.0
109.0,left_proximal_negative,大腿,left_distal_positive,小腿004,False,0.0,68.76564139696463,0.0,0.0,0.0
109.0,left_proximal_positive,大腿001,left_distal_negative,小腿001,False,0.0,68.7656413971467,0.0,0.0,0.0
109.0,left_proximal_positive,大腿001,left_distal_positive,小腿004,True,1.0000000000000995,1.000000000000142,0.0,0.0,0.0
109.0,left_proximal_positive,大腿001,left_distal_positive,推力轴承001,True,0.0,1.4210854715202004e-13,0.0,0.0,0.0
109.0,left_proximal_positive,大腿001,left_distal_positive,cross recessed pan head screws gb_GB_CROSS_SCREWS_TYPE1 M4X16-16  H type-C001,True,0.0,0.09999999988364969,0.0,0.0,0.0
109.0,left_proximal_positive,大腿001,left_distal_positive,"hex nuts, style 1-grades ab gb_GB_FASTENER_NUT_SNAB1 M4-C001",True,0.0,5.684341886080802e-14,0.0,0.0,0.0
109.0,left_distal_negative,小腿001,left_distal_positive,小腿004,True,0.9999999999999858,0.9999999999999858,0.0,0.0,0.0
109.0,left_distal_negative,小腿001,left_wheel,推力轴承002,True,0.0,1.4210854715202004e-14,0.0,0.0,0.0
109.0,left_distal_negative,小腿001,left_wheel,驱动板004,True,0.4999999999998721,0.4999999999998863,0.0,0.0,0.0
109.0,left_distal_negative,小腿001,left_wheel,MISUMI_CBSTSR4-16_内六角螺栓（盖螺栓）,True,0.0,0.0,0.0,0.0,0.0
109.0,left_distal_positive,小腿004,left_wheel,推力轴承002,True,0.0,0.0,0.0,0.0,0.0
109.0,left_distal_positive,小腿004,left_wheel,MISUMI_C-SE604ZZ_不锈钢小径滚珠轴承,True,0.0,1.4210854715202004e-14,0.0,0.0,0.0
109.0,left_distal_positive,小腿004,left_wheel,MISUMI_CBSTSR4-16_内六角螺栓（盖螺栓）,True,0.0,0.09999999924854686,0.0,0.0,0.0
109.0,right_proximal_negative,大腿003,right_distal_negative,推力轴承004,True,0.0,1.2789769243681803e-13,0.0,0.0,0.0
109.0,right_proximal_negative,大腿003,right_distal_negative,小腿009,True,2.0,2.0,0.0,0.0,0.0
109.0,right_proximal_negative,大腿003,right_distal_negative,小腿010,True,1.0,1.0,0.0,0.0,0.0
109.0,right_proximal_negative,大腿003,right_distal_negative,"hex nuts, style 1-grades ab gb_GB_FASTENER_NUT_SNAB1 M4-C005",True,1.1368683772161603e-13,1.4210854715202004e-13,0.0,0.0,0.0
109.0,right_proximal_negative,大腿003,right_distal_negative,cross recessed pan head screws gb_GB_CROSS_SCREWS_TYPE1 M4X16-16  H type-C003,True,0.0,0.09999999985371068,0.0,0.0,0.0
109.0,right_proximal_negative,大腿003,right_distal_positive,小腿007,False,0.0,68.76564139696454,0.0,0.0,0.0
109.0,right_proximal_positive,大腿002,right_distal_negative,小腿010,False,0.0,68.76564139714758,0.0,0.0,0.0
109.0,right_proximal_positive,大腿002,right_distal_positive,推力轴承003,True,0.0,0.0,0.0,0.0,0.0
109.0,right_proximal_positive,大腿002,right_distal_positive,小腿007,True,1.0,1.0000000000000142,0.0,0.0,0.0
109.0,right_proximal_positive,大腿002,right_distal_positive,cross recessed pan head screws gb_GB_CROSS_SCREWS_TYPE1 M4X16-16  H type-C002,True,0.0,0.0999999998836994,0.0,0.0,0.0
109.0,right_proximal_positive,大腿002,right_distal_positive,"hex nuts, style 1-grades ab gb_GB_FASTENER_NUT_SNAB1 M4-C003",True,0.0,1.4210854715202004e-14,0.0,0.0,0.0
109.0,right_distal_negative,小腿010,right_distal_positive,小腿007,True,1.0000000000000142,1.0000000000000142,0.0,0.0,0.0
109.0,right_distal_negative,小腿010,right_wheel,推力轴承005,True,0.0,1.4210854715202004e-14,0.0,0.0,0.0
109.0,right_distal_negative,小腿010,right_wheel,MISUMI_C-SE604ZZ_不锈钢小径滚珠轴承004,True,0.0,1.4210854715202004e-14,0.0,0.0,0.0
109.0,right_distal_negative,小腿010,right_wheel,MISUMI_CBSTSR4-16_内六角螺栓（盖螺栓）001,True,0.0,0.0999999997453954,0.0,0.0,0.0
109.0,right_distal_positive,小腿007,right_wheel,推力轴承005,True,0.0,0.0,0.0,0.0,0.0
109.0,right_distal_positive,小腿007,right_wheel,驱动板005,True,0.4999999999998863,0.49999999999991473,0.0,0.0,0.0
109.0,right_distal_positive,小腿007,right_wheel,MISUMI_CBSTSR4-16_内六角螺栓（盖螺栓）001,True,0.0,0.0,0.0,0.0,0.0
110.0,fixed,4010电机,left_proximal_negative,大腿,True,0.0,1.1368683772161603e-13,0.0,0.0,0.0
110.0,fixed,4010电机001,left_proximal_positive,大腿垫高,True,1.4210854715202004e-14,1.4210854715202004e-14,0.0,0.0,0.0
110.0,fixed,底板,left_distal_positive,cross recessed pan head screws gb_GB_CROSS_SCREWS_TYPE1 M4X16-16  H type-C001,False,1.3999999999999915,1.4430107000469192,0.0,0.0,0.0
110.0,fixed,4010电机,left_distal_positive,小腿004,False,0.0,61.91945193542424,0.0,0.0,0.0
110.0,fixed,4010电机001,left_distal_positive,小腿004,False,0.0,16.815548401926208,0.0,0.0,0.0
110.0,fixed,4010电机003,right_proximal_negative,大腿垫高001,True,2.842170943040401e-14,2.842170943040401e-14,0.0,0.0,0.0
110.0,fixed,4010电机002,right_proximal_positive,大腿002,True,1.4210854715202004e-14,1.4210854715202004e-14,0.0,0.0,0.0
110.0,fixed,底板,right_distal_negative,cross recessed pan head screws gb_GB_CROSS_SCREWS_TYPE1 M4X16-16  H type-C003,False,1.4000000000001336,1.4430107000470755,0.0,0.0,0.0
110.0,fixed,4010电机002,right_distal_negative,小腿010,False,0.0,61.91945193560441,0.0,0.0,0.0
110.0,fixed,4010电机003,right_distal_negative,小腿010,False,0.0,16.815548402024742,0.0,0.0,0.0
110.0,left_proximal_negative,大腿,left_distal_negative,推力轴承,True,0.0,1.2789769243681803e-13,0.0,0.0,0.0
110.0,left_proximal_negative,大腿,left_distal_negative,小腿001,True,1.0000000000001137,1.000000000000142,0.0,0.0,0.0
110.0,left_proximal_negative,大腿,left_distal_negative,cross recessed pan head screws gb_GB_CROSS_SCREWS_TYPE1 M4X16-16  H type-C,True,0.0,0.09999999985860873,0.0,0.0,0.0
110.0,left_proximal_negative,大腿,left_distal_negative,"hex nuts, style 1-grades ab gb_GB_FASTENER_NUT_SNAB1 M4-C",True,0.0,1.1368683772161603e-13,0.0,0.0,0.0
110.0,left_proximal_negative,大腿,left_distal_positive,小腿004,False,0.0,69.06150476545731,0.0,0.0,0.0
110.0,left_proximal_positive,大腿001,left_distal_negative,小腿001,False,0.0,69.06150476563671,0.0,0.0,0.0
110.0,left_proximal_positive,大腿001,left_distal_positive,小腿004,True,1.0000000000000995,1.000000000000142,0.0,0.0,0.0
110.0,left_proximal_positive,大腿001,left_distal_positive,推力轴承001,True,0.0,1.4210854715202004e-13,0.0,0.0,0.0
110.0,left_proximal_positive,大腿001,left_distal_positive,cross recessed pan head screws gb_GB_CROSS_SCREWS_TYPE1 M4X16-16  H type-C001,True,0.0,0.09999999988384158,0.0,0.0,0.0
110.0,left_proximal_positive,大腿001,left_distal_positive,"hex nuts, style 1-grades ab gb_GB_FASTENER_NUT_SNAB1 M4-C001",True,0.0,5.684341886080802e-14,0.0,0.0,0.0
110.0,left_distal_negative,小腿001,left_distal_positive,小腿004,True,0.9999999999999858,0.9999999999999858,0.0,0.0,0.0
110.0,left_distal_negative,小腿001,left_wheel,推力轴承002,True,0.0,1.4210854715202004e-14,0.0,0.0,0.0
110.0,left_distal_negative,小腿001,left_wheel,驱动板004,True,0.4999999999998721,0.4999999999998863,0.0,0.0,0.0
110.0,left_distal_negative,小腿001,left_wheel,MISUMI_CBSTSR4-16_内六角螺栓（盖螺栓）,True,0.0,0.0,0.0,0.0,0.0
110.0,left_distal_positive,小腿004,left_wheel,推力轴承002,True,0.0,0.0,0.0,0.0,0.0
110.0,left_distal_positive,小腿004,left_wheel,MISUMI_C-SE604ZZ_不锈钢小径滚珠轴承,True,0.0,1.4210854715202004e-14,0.0,0.0,0.0
110.0,left_distal_positive,小腿004,left_wheel,MISUMI_CBSTSR4-16_内六角螺栓（盖螺栓）,True,0.0,0.09999999925022995,0.0,0.0,0.0
110.0,right_proximal_negative,大腿003,right_distal_negative,推力轴承004,True,0.0,1.2789769243681803e-13,0.0,0.0,0.0
110.0,right_proximal_negative,大腿003,right_distal_negative,小腿009,True,2.0,2.0,0.0,0.0,0.0
110.0,right_proximal_negative,大腿003,right_distal_negative,小腿010,True,1.0,1.0,0.0,0.0,0.0
110.0,right_proximal_negative,大腿003,right_distal_negative,"hex nuts, style 1-grades ab gb_GB_FASTENER_NUT_SNAB1 M4-C005",True,1.1368683772161603e-13,1.4210854715202004e-13,0.0,0.0,0.0
110.0,right_proximal_negative,大腿003,right_distal_negative,cross recessed pan head screws gb_GB_CROSS_SCREWS_TYPE1 M4X16-16  H type-C003,True,0.0,0.0999999998631285,0.0,0.0,0.0
110.0,right_proximal_negative,大腿003,right_distal_positive,小腿007,False,0.0,69.06150476545723,0.0,0.0,0.0
110.0,right_proximal_positive,大腿002,right_distal_negative,小腿010,False,0.0,69.0615047656376,0.0,0.0,0.0
110.0,right_proximal_positive,大腿002,right_distal_positive,推力轴承003,True,0.0,0.0,0.0,0.0,0.0
110.0,right_proximal_positive,大腿002,right_distal_positive,小腿007,True,1.0,1.0000000000000142,0.0,0.0,0.0
110.0,right_proximal_positive,大腿002,right_distal_positive,cross recessed pan head screws gb_GB_CROSS_SCREWS_TYPE1 M4X16-16  H type-C002,True,0.0,0.09999999988389265,0.0,0.0,0.0
110.0,right_proximal_positive,大腿002,right_distal_positive,"hex nuts, style 1-grades ab gb_GB_FASTENER_NUT_SNAB1 M4-C003",True,0.0,1.4210854715202004e-14,0.0,0.0,0.0
110.0,right_distal_negative,小腿010,right_distal_positive,小腿007,True,1.0000000000000142,1.0000000000000142,0.0,0.0,0.0
110.0,right_distal_negative,小腿010,right_wheel,推力轴承005,True,0.0,1.4210854715202004e-14,0.0,0.0,0.0
110.0,right_distal_negative,小腿010,right_wheel,MISUMI_C-SE604ZZ_不锈钢小径滚珠轴承004,True,0.0,1.4210854715202004e-14,0.0,0.0,0.0
110.0,right_distal_negative,小腿010,right_wheel,MISUMI_CBSTSR4-16_内六角螺栓（盖螺栓）001,True,0.0,0.09999999974544174,0.0,0.0,0.0
110.0,right_distal_positive,小腿007,right_wheel,推力轴承005,True,0.0,0.0,0.0,0.0,0.0
110.0,right_distal_positive,小腿007,right_wheel,驱动板005,True,0.4999999999998863,0.49999999999991473,0.0,0.0,0.0
110.0,right_distal_positive,小腿007,right_wheel,MISUMI_CBSTSR4-16_内六角螺栓（盖螺栓）001,True,0.0,0.0,0.0,0.0,0.0
111.0,fixed,4010电机,left_proximal_negative,大腿,True,0.0,1.1368683772161603e-13,0.0,0.0,0.0
111.0,fixed,4010电机001,left_proximal_positive,大腿垫高,True,1.4210854715202004e-14,1.4210854715202004e-14,0.0,0.0,0.0
111.0,fixed,底板,left_distal_positive,cross recessed pan head screws gb_GB_CROSS_SCREWS_TYPE1 M4X16-16  H type-C001,False,1.3999999999999915,1.4430107000469192,0.0,0.0,0.0
111.0,fixed,4010电机,left_distal_positive,小腿004,False,0.0,62.19634880083646,0.0,0.0,0.0
111.0,fixed,4010电机001,left_distal_positive,小腿004,False,0.0,16.857061711517122,0.0,0.0,0.0
111.0,fixed,4010电机003,right_proximal_negative,大腿垫高001,True,2.842170943040401e-14,2.842170943040401e-14,0.0,0.0,0.0
111.0,fixed,4010电机002,right_proximal_positive,大腿002,True,1.4210854715202004e-14,1.4210854715202004e-14,0.0,0.0,0.0
111.0,fixed,底板,right_distal_negative,cross recessed pan head screws gb_GB_CROSS_SCREWS_TYPE1 M4X16-16  H type-C003,False,1.4000000000001336,1.4430107000470755,0.0,0.0,0.0
111.0,fixed,4010电机002,right_distal_negative,小腿010,False,0.0,62.1963488010139,0.0,0.0,0.0
111.0,fixed,4010电机003,right_distal_negative,小腿010,False,0.0,16.857061711613476,0.0,0.0,0.0
111.0,left_proximal_negative,大腿,left_distal_negative,推力轴承,True,0.0,1.2789769243681803e-13,0.0,0.0,0.0
111.0,left_proximal_negative,大腿,left_distal_negative,小腿001,True,1.0000000000001137,1.000000000000142,0.0,0.0,0.0
111.0,left_proximal_negative,大腿,left_distal_negative,cross recessed pan head screws gb_GB_CROSS_SCREWS_TYPE1 M4X16-16  H type-C,True,0.0,0.09999999986282207,0.0,0.0,0.0
111.0,left_proximal_negative,大腿,left_distal_negative,"hex nuts, style 1-grades ab gb_GB_FASTENER_NUT_SNAB1 M4-C",True,0.0,1.1368683772161603e-13,0.0,0.0,0.0
111.0,left_proximal_negative,大腿,left_distal_positive,小腿004,False,0.0,69.33843645602397,0.0,0.0,0.0
111.0,left_proximal_positive,大腿001,left_distal_negative,小腿001,False,0.0,69.33843645620067,0.0,0.0,0.0
111.0,left_proximal_positive,大腿001,left_distal_positive,小腿004,True,1.0000000000000995,1.000000000000142,0.0,0.0,0.0
111.0,left_proximal_positive,大腿001,left_distal_positive,推力轴承001,True,0.0,1.4210854715202004e-13,0.0,0.0,0.0
111.0,left_proximal_positive,大腿001,left_distal_positive,cross recessed pan head screws gb_GB_CROSS_SCREWS_TYPE1 M4X16-16  H type-C001,True,0.0,0.09999999988433438,0.0,0.0,0.0
111.0,left_proximal_positive,大腿001,left_distal_positive,"hex nuts, style 1-grades ab gb_GB_FASTENER_NUT_SNAB1 M4-C001",True,0.0,5.684341886080802e-14,0.0,0.0,0.0
111.0,left_distal_negative,小腿001,left_distal_positive,小腿004,True,0.9999999999999858,0.9999999999999858,0.0,0.0,0.0
111.0,left_distal_negative,小腿001,left_wheel,推力轴承002,True,0.0,1.4210854715202004e-14,0.0,0.0,0.0
111.0,left_distal_negative,小腿001,left_wheel,驱动板004,True,0.4999999999998721,0.4999999999998863,0.0,0.0,0.0
111.0,left_distal_negative,小腿001,left_wheel,MISUMI_CBSTSR4-16_内六角螺栓（盖螺栓）,True,0.0,0.0,0.0,0.0,0.0
111.0,left_distal_positive,小腿004,left_wheel,推力轴承002,True,0.0,0.0,0.0,0.0,0.0
111.0,left_distal_positive,小腿004,left_wheel,MISUMI_C-SE604ZZ_不锈钢小径滚珠轴承,True,0.0,1.4210854715202004e-14,0.0,0.0,0.0
111.0,left_distal_positive,小腿004,left_wheel,MISUMI_CBSTSR4-16_内六角螺栓（盖螺栓）,True,0.0,0.09999999931443118,0.0,0.0,0.0
111.0,right_proximal_negative,大腿003,right_distal_negative,推力轴承004,True,0.0,1.2789769243681803e-13,0.0,0.0,0.0
111.0,right_proximal_negative,大腿003,right_distal_negative,小腿009,True,2.0,2.0,0.0,0.0,0.0
111.0,right_proximal_negative,大腿003,right_distal_negative,小腿010,True,1.0,1.0,0.0,0.0,0.0
111.0,right_proximal_negative,大腿003,right_distal_negative,"hex nuts, style 1-grades ab gb_GB_FASTENER_NUT_SNAB1 M4-C005",True,1.1368683772161603e-13,1.4210854715202004e-13,0.0,0.0,0.0
111.0,right_proximal_negative,大腿003,right_distal_negative,cross recessed pan head screws gb_GB_CROSS_SCREWS_TYPE1 M4X16-16  H type-C003,True,0.0,0.09999999987063153,0.0,0.0,0.0
111.0,right_proximal_negative,大腿003,right_distal_positive,小腿007,False,0.0,69.33843645602387,0.0,0.0,0.0
111.0,right_proximal_positive,大腿002,right_distal_negative,小腿010,False,0.0,69.33843645620155,0.0,0.0,0.0
111.0,right_proximal_positive,大腿002,right_distal_positive,推力轴承003,True,0.0,0.0,0.0,0.0,0.0
111.0,right_proximal_positive,大腿002,right_distal_positive,小腿007,True,1.0,1.0000000000000142,0.0,0.0,0.0
111.0,right_proximal_positive,大腿002,right_distal_positive,cross recessed pan head screws gb_GB_CROSS_SCREWS_TYPE1 M4X16-16  H type-C002,True,0.0,0.09999999988438261,0.0,0.0,0.0
111.0,right_proximal_positive,大腿002,right_distal_positive,"hex nuts, style 1-grades ab gb_GB_FASTENER_NUT_SNAB1 M4-C003",True,0.0,1.4210854715202004e-14,0.0,0.0,0.0
111.0,right_distal_negative,小腿010,right_distal_positive,小腿007,True,1.0000000000000142,1.0000000000000142,0.0,0.0,0.0
111.0,right_distal_negative,小腿010,right_wheel,推力轴承005,True,0.0,1.4210854715202004e-14,0.0,0.0,0.0
111.0,right_distal_negative,小腿010,right_wheel,MISUMI_C-SE604ZZ_不锈钢小径滚珠轴承004,True,0.0,1.4210854715202004e-14,0.0,0.0,0.0
111.0,right_distal_negative,小腿010,right_wheel,MISUMI_CBSTSR4-16_内六角螺栓（盖螺栓）001,True,0.0,0.09999999974551109,0.0,0.0,0.0
111.0,right_distal_positive,小腿007,right_wheel,推力轴承005,True,0.0,0.0,0.0,0.0,0.0
111.0,right_distal_positive,小腿007,right_wheel,驱动板005,True,0.4999999999998863,0.49999999999991473,0.0,0.0,0.0
111.0,right_distal_positive,小腿007,right_wheel,MISUMI_CBSTSR4-16_内六角螺栓（盖螺栓）001,True,0.0,0.0,0.0,0.0,0.0
112.0,fixed,4010电机,left_proximal_negative,大腿,True,0.0,1.1368683772161603e-13,0.0,0.0,0.0
112.0,fixed,4010电机001,left_proximal_positive,大腿垫高,True,1.4210854715202004e-14,1.4210854715202004e-14,0.0,0.0,0.0
112.0,fixed,底板,left_distal_positive,cross recessed pan head screws gb_GB_CROSS_SCREWS_TYPE1 M4X16-16  H type-C001,False,1.3999999999999915,1.4430107000469192,0.0,0.0,0.0
112.0,fixed,4010电机,left_distal_positive,小腿004,False,0.0,62.453735372565156,0.0,0.0,0.0
112.0,fixed,4010电机001,left_distal_positive,小腿004,False,0.0,16.876503812666297,0.0,0.0,0.0
112.0,fixed,4010电机003,right_proximal_negative,大腿垫高001,True,2.842170943040401e-14,2.842170943040401e-14,0.0,0.0,0.0
112.0,fixed,4010电机002,right_proximal_positive,大腿002,True,1.4210854715202004e-14,1.4210854715202004e-14,0.0,0.0,0.0
112.0,fixed,底板,right_distal_negative,cross recessed pan head screws gb_GB_CROSS_SCREWS_TYPE1 M4X16-16  H type-C003,False,1.4000000000001336,1.4430107000470755,0.0,0.0,0.0
112.0,fixed,4010电机002,right_distal_negative,小腿010,False,0.0,62.453735372739814,0.0,0.0,0.0
112.0,fixed,4010电机003,right_distal_negative,小腿010,False,0.0,16.87650381276045,0.0,0.0,0.0
112.0,left_proximal_negative,大腿,left_distal_negative,推力轴承,True,0.0,1.2789769243681803e-13,0.0,0.0,0.0
112.0,left_proximal_negative,大腿,left_distal_negative,小腿001,True,1.0000000000001137,1.000000000000142,0.0,0.0,0.0
112.0,left_proximal_negative,大腿,left_distal_negative,cross recessed pan head screws gb_GB_CROSS_SCREWS_TYPE1 M4X16-16  H type-C,True,0.0,0.09999999986891472,0.0,0.0,0.0
112.0,left_proximal_negative,大腿,left_distal_negative,"hex nuts, style 1-grades ab gb_GB_FASTENER_NUT_SNAB1 M4-C",True,0.0,1.1368683772161603e-13,0.0,0.0,0.0
112.0,left_proximal_negative,大腿,left_distal_positive,小腿004,False,0.0,69.59585512648972,0.0,0.0,0.0
112.0,left_proximal_positive,大腿001,left_distal_negative,小腿001,False,0.0,69.59585512666364,0.0,0.0,0.0
112.0,left_proximal_positive,大腿001,left_distal_positive,小腿004,True,1.0000000000000995,1.000000000000142,0.0,0.0,0.0
112.0,left_proximal_positive,大腿001,left_distal_positive,推力轴承001,True,0.0,1.4210854715202004e-13,0.0,0.0,0.0
112.0,left_proximal_positive,大腿001,left_distal_positive,cross recessed pan head screws gb_GB_CROSS_SCREWS_TYPE1 M4X16-16  H type-C001,True,0.0,0.0999999998851253,0.0,0.0,0.0
112.0,left_proximal_positive,大腿001,left_distal_positive,"hex nuts, style 1-grades ab gb_GB_FASTENER_NUT_SNAB1 M4-C001",True,0.0,5.684341886080802e-14,0.0,0.0,0.0
112.0,left_distal_negative,小腿001,left_distal_positive,小腿004,True,0.9999999999999858,0.9999999999999858,0.0,0.0,0.0
112.0,left_distal_negative,小腿001,left_wheel,推力轴承002,True,0.0,1.4210854715202004e-14,0.0,0.0,0.0
112.0,left_distal_negative,小腿001,left_wheel,驱动板004,True,0.4999999999998721,0.4999999999998863,0.0,0.0,0.0
112.0,left_distal_negative,小腿001,left_wheel,MISUMI_CBSTSR4-16_内六角螺栓（盖螺栓）,True,0.0,0.0,0.0,0.0,0.0
112.0,left_distal_positive,小腿004,left_wheel,推力轴承002,True,0.0,0.0,0.0,0.0,0.0
112.0,left_distal_positive,小腿004,left_wheel,MISUMI_C-SE604ZZ_不锈钢小径滚珠轴承,True,0.0,1.4210854715202004e-14,0.0,0.0,0.0
112.0,left_distal_positive,小腿004,left_wheel,MISUMI_CBSTSR4-16_内六角螺栓（盖螺栓）,True,0.0,0.09999999931632847,0.0,0.0,0.0
112.0,right_proximal_negative,大腿003,right_distal_negative,推力轴承004,True,0.0,1.2789769243681803e-13,0.0,0.0,0.0
112.0,right_proximal_negative,大腿003,right_distal_negative,小腿009,True,2.0,2.0,0.0,0.0,0.0
112.0,right_proximal_negative,大腿003,right_distal_negative,小腿010,True,1.0,1.0,0.0,0.0,0.0
112.0,right_proximal_negative,大腿003,right_distal_negative,"hex nuts, style 1-grades ab gb_GB_FASTENER_NUT_SNAB1 M4-C005",True,1.1368683772161603e-13,1.4210854715202004e-13,0.0,0.0,0.0
112.0,right_proximal_negative,大腿003,right_distal_negative,cross recessed pan head screws gb_GB_CROSS_SCREWS_TYPE1 M4X16-16  H type-C003,True,0.0,0.09999999986952944,0.0,0.0,0.0
112.0,right_proximal_negative,大腿003,right_distal_positive,小腿007,False,0.0,69.59585512648962,0.0,0.0,0.0
112.0,right_proximal_positive,大腿002,right_distal_negative,小腿010,False,0.0,69.5958551266645,0.0,0.0,0.0
112.0,right_proximal_positive,大腿002,right_distal_positive,推力轴承003,True,0.0,0.0,0.0,0.0,0.0
112.0,right_proximal_positive,大腿002,right_distal_positive,小腿007,True,1.0,1.0000000000000142,0.0,0.0,0.0
112.0,right_proximal_positive,大腿002,right_distal_positive,cross recessed pan head screws gb_GB_CROSS_SCREWS_TYPE1 M4X16-16  H type-C002,True,0.0,0.0999999998851881,0.0,0.0,0.0
112.0,right_proximal_positive,大腿002,right_distal_positive,"hex nuts, style 1-grades ab gb_GB_FASTENER_NUT_SNAB1 M4-C003",True,0.0,1.4210854715202004e-14,0.0,0.0,0.0
112.0,right_distal_negative,小腿010,right_distal_positive,小腿007,True,1.0000000000000142,1.0000000000000142,0.0,0.0,0.0
112.0,right_distal_negative,小腿010,right_wheel,推力轴承005,True,0.0,1.4210854715202004e-14,0.0,0.0,0.0
112.0,right_distal_negative,小腿010,right_wheel,MISUMI_C-SE604ZZ_不锈钢小径滚珠轴承004,True,0.0,1.4210854715202004e-14,0.0,0.0,0.0
112.0,right_distal_negative,小腿010,right_wheel,MISUMI_CBSTSR4-16_内六角螺栓（盖螺栓）001,True,0.0,0.09999999970569223,0.0,0.0,0.0
112.0,right_distal_positive,小腿007,right_wheel,推力轴承005,True,0.0,0.0,0.0,0.0,0.0
112.0,right_distal_positive,小腿007,right_wheel,驱动板005,True,0.4999999999998863,0.49999999999991473,0.0,0.0,0.0
112.0,right_distal_positive,小腿007,right_wheel,MISUMI_CBSTSR4-16_内六角螺栓（盖螺栓）001,True,0.0,0.0,0.0,0.0,0.0
113.0,fixed,4010电机,left_proximal_negative,大腿,True,0.0,1.1368683772161603e-13,0.0,0.0,0.0
113.0,fixed,4010电机001,left_proximal_positive,大腿垫高,True,1.4210854715202004e-14,1.4210854715202004e-14,0.0,0.0,0.0
113.0,fixed,底板,left_distal_positive,cross recessed pan head screws gb_GB_CROSS_SCREWS_TYPE1 M4X16-16  H type-C001,False,1.3999999999999915,1.4430107000469192,0.0,0.0,0.0
113.0,fixed,4010电机,left_distal_positive,小腿004,False,0.0,62.69100120534323,0.0,0.0,0.0
113.0,fixed,4010电机001,left_distal_positive,小腿004,False,0.0,16.87798926047976,0.0,0.0,0.0
113.0,fixed,4010电机003,right_proximal_negative,大腿垫高001,True,2.842170943040401e-14,2.842170943040401e-14,0.0,0.0,0.0
113.0,fixed,4010电机002,right_proximal_positive,大腿002,True,1.4210854715202004e-14,1.4210854715202004e-14,0.0,0.0,0.0
113.0,fixed,底板,right_distal_negative,cross recessed pan head screws gb_GB_CROSS_SCREWS_TYPE1 M4X16-16  H type-C003,False,1.4000000000001336,1.4430107000470755,0.0,0.0,0.0
113.0,fixed,4010电机002,right_distal_negative,小腿010,False,0.0,62.69100120551509,0.0,0.0,0.0
113.0,fixed,4010电机003,right_distal_negative,小腿010,False,0.0,16.877989260576022,0.0,0.0,0.0
113.0,left_proximal_negative,大腿,left_distal_negative,推力轴承,True,0.0,1.2789769243681803e-13,0.0,0.0,0.0
113.0,left_proximal_negative,大腿,left_distal_negative,小腿001,True,1.0000000000001137,1.000000000000142,0.0,0.0,0.0
113.0,left_proximal_negative,大腿,left_distal_negative,cross recessed pan head screws gb_GB_CROSS_SCREWS_TYPE1 M4X16-16  H type-C,True,0.0,0.09999999986806839,0.0,0.0,0.0
113.0,left_proximal_negative,大腿,left_distal_negative,"hex nuts, style 1-grades ab gb_GB_FASTENER_NUT_SNAB1 M4-C",True,0.0,1.1368683772161603e-13,0.0,0.0,0.0
113.0,left_proximal_negative,大腿,left_distal_positive,小腿004,False,0.0,69.8331503188954,0.0,0.0,0.0
113.0,left_proximal_positive,大腿001,left_distal_negative,小腿001,False,0.0,69.8331503190665,0.0,0.0,0.0
113.0,left_proximal_positive,大腿001,left_distal_positive,小腿004,True,1.0000000000000995,1.000000000000142,0.0,0.0,0.0
113.0,left_proximal_positive,大腿001,left_distal_positive,推力轴承001,True,0.0,1.4210854715202004e-13,0.0,0.0,0.0
113.0,left_proximal_positive,大腿001,left_distal_positive,cross recessed pan head screws gb_GB_CROSS_SCREWS_TYPE1 M4X16-16  H type-C001,True,0.0,0.09999999988625714,0.0,0.0,0.0
113.0,left_proximal_positive,大腿001,left_distal_positive,"hex nuts, style 1-grades ab gb_GB_FASTENER_NUT_SNAB1 M4-C001",True,0.0,5.684341886080802e-14,0.0,0.0,0.0
113.0,left_distal_negative,小腿001,left_distal_positive,小腿004,True,0.9999999999999858,0.9999999999999858,0.0,0.0,0.0
113.0,left_distal_negative,小腿001,left_wheel,推力轴承002,True,0.0,1.4210854715202004e-14,0.0,0.0,0.0
113.0,left_distal_negative,小腿001,left_wheel,驱动板004,True,0.4999999999998721,0.4999999999998863,0.0,0.0,0.0
113.0,left_distal_negative,小腿001,left_wheel,MISUMI_CBSTSR4-16_内六角螺栓（盖螺栓）,True,0.0,0.0,0.0,0.0,0.0
113.0,left_distal_positive,小腿004,left_wheel,推力轴承002,True,0.0,0.0,0.0,0.0,0.0
113.0,left_distal_positive,小腿004,left_wheel,MISUMI_C-SE604ZZ_不锈钢小径滚珠轴承,True,0.0,1.4210854715202004e-14,0.0,0.0,0.0
113.0,left_distal_positive,小腿004,left_wheel,MISUMI_CBSTSR4-16_内六角螺栓（盖螺栓）,True,0.0,0.09999999939615256,0.0,0.0,0.0
113.0,right_proximal_negative,大腿003,right_distal_negative,推力轴承004,True,0.0,1.2789769243681803e-13,0.0,0.0,0.0
113.0,right_proximal_negative,大腿003,right_distal_negative,小腿009,True,2.0,2.0,0.0,0.0,0.0
113.0,right_proximal_negative,大腿003,right_distal_negative,小腿010,True,1.0,1.0,0.0,0.0,0.0
113.0,right_proximal_negative,大腿003,right_distal_negative,"hex nuts, style 1-grades ab gb_GB_FASTENER_NUT_SNAB1 M4-C005",True,1.1368683772161603e-13,1.4210854715202004e-13,0.0,0.0,0.0
113.0,right_proximal_negative,大腿003,right_distal_negative,cross recessed pan head screws gb_GB_CROSS_SCREWS_TYPE1 M4X16-16  H type-C003,True,0.0,0.09999999986867612,0.0,0.0,0.0
113.0,right_proximal_negative,大腿003,right_distal_positive,小腿007,False,0.0,69.8331503188953,0.0,0.0,0.0
113.0,right_proximal_positive,大腿002,right_distal_negative,小腿010,False,0.0,69.8331503190674,0.0,0.0,0.0
113.0,right_proximal_positive,大腿002,right_distal_positive,推力轴承003,True,0.0,0.0,0.0,0.0,0.0
113.0,right_proximal_positive,大腿002,right_distal_positive,小腿007,True,1.0,1.0000000000000142,0.0,0.0,0.0
113.0,right_proximal_positive,大腿002,right_distal_positive,cross recessed pan head screws gb_GB_CROSS_SCREWS_TYPE1 M4X16-16  H type-C002,True,0.0,0.09999999988628726,0.0,0.0,0.0
113.0,right_proximal_positive,大腿002,right_distal_positive,"hex nuts, style 1-grades ab gb_GB_FASTENER_NUT_SNAB1 M4-C003",True,0.0,1.4210854715202004e-14,0.0,0.0,0.0
113.0,right_distal_negative,小腿010,right_distal_positive,小腿007,True,1.0000000000000142,1.0000000000000142,0.0,0.0,0.0
113.0,right_distal_negative,小腿010,right_wheel,推力轴承005,True,0.0,1.4210854715202004e-14,0.0,0.0,0.0
113.0,right_distal_negative,小腿010,right_wheel,MISUMI_C-SE604ZZ_不锈钢小径滚珠轴承004,True,0.0,1.4210854715202004e-14,0.0,0.0,0.0
113.0,right_distal_negative,小腿010,right_wheel,MISUMI_CBSTSR4-16_内六角螺栓（盖螺栓）001,True,0.0,0.09999999974560152,0.0,0.0,0.0
113.0,right_distal_positive,小腿007,right_wheel,推力轴承005,True,0.0,0.0,0.0,0.0,0.0
113.0,right_distal_positive,小腿007,right_wheel,驱动板005,True,0.4999999999998863,0.49999999999991473,0.0,0.0,0.0
113.0,right_distal_positive,小腿007,right_wheel,MISUMI_CBSTSR4-16_内六角螺栓（盖螺栓）001,True,0.0,0.0,0.0,0.0,0.0
114.0,fixed,4010电机,left_proximal_negative,大腿,True,0.0,1.1368683772161603e-13,0.0,0.0,0.0
114.0,fixed,4010电机001,left_proximal_positive,大腿垫高,True,1.4210854715202004e-14,1.4210854715202004e-14,0.0,0.0,0.0
114.0,fixed,底板,left_distal_positive,cross recessed pan head screws gb_GB_CROSS_SCREWS_TYPE1 M4X16-16  H type-C001,False,1.3999999999999915,1.4430107000469192,0.0,0.0,0.0
114.0,fixed,4010电机,left_distal_positive,小腿004,False,0.0,62.907504229727124,0.0,0.0,0.0
114.0,fixed,4010电机001,left_distal_positive,小腿004,False,0.0,16.877989260465036,0.0,0.0,0.0
114.0,fixed,4010电机003,right_proximal_negative,大腿垫高001,True,2.842170943040401e-14,2.842170943040401e-14,0.0,0.0,0.0
114.0,fixed,4010电机002,right_proximal_positive,大腿002,True,1.4210854715202004e-14,1.4210854715202004e-14,0.0,0.0,0.0
114.0,fixed,底板,right_distal_negative,cross recessed pan head screws gb_GB_CROSS_SCREWS_TYPE1 M4X16-16  H type-C003,False,1.4000000000001336,1.4430107000470755,0.0,0.0,0.0
114.0,fixed,4010电机002,right_distal_negative,小腿010,False,0.0,62.90750422989621,0.0,0.0,0.0
114.0,fixed,4010电机003,right_distal_negative,小腿010,False,0.0,16.877989260565855,0.0,0.0,0.0
114.0,left_proximal_negative,大腿,left_distal_negative,推力轴承,True,0.0,1.2789769243681803e-13,0.0,0.0,0.0
114.0,left_proximal_negative,大腿,left_distal_negative,小腿001,True,1.0000000000001137,1.000000000000142,0.0,0.0,0.0
114.0,left_proximal_negative,大腿,left_distal_negative,cross recessed pan head screws gb_GB_CROSS_SCREWS_TYPE1 M4X16-16  H type-C,True,0.0,0.09999999986740603,0.0,0.0,0.0
114.0,left_proximal_negative,大腿,left_distal_negative,"hex nuts, style 1-grades ab gb_GB_FASTENER_NUT_SNAB1 M4-C",True,0.0,1.1368683772161603e-13,0.0,0.0,0.0
114.0,left_proximal_negative,大腿,left_distal_positive,小腿004,False,0.0,70.0496799434284,0.0,0.0,0.0
114.0,left_proximal_positive,大腿001,left_distal_negative,小腿001,False,0.0,70.04967994359671,0.0,0.0,0.0
114.0,left_proximal_positive,大腿001,left_distal_positive,小腿004,True,1.0000000000000995,1.000000000000142,0.0,0.0,0.0
114.0,left_proximal_positive,大腿001,left_distal_positive,推力轴承001,True,0.0,1.4210854715202004e-13,0.0,0.0,0.0
114.0,left_proximal_positive,大腿001,left_distal_positive,cross recessed pan head screws gb_GB_CROSS_SCREWS_TYPE1 M4X16-16  H type-C001,True,0.0,0.09999999988770865,0.0,0.0,0.0
114.0,left_proximal_positive,大腿001,left_distal_positive,"hex nuts, style 1-grades ab gb_GB_FASTENER_NUT_SNAB1 M4-C001",True,0.0,5.684341886080802e-14,0.0,0.0,0.0
114.0,left_distal_negative,小腿001,left_distal_positive,小腿004,True,0.9999999999999858,0.9999999999999858,0.0,0.0,0.0
114.0,left_distal_negative,小腿001,left_wheel,推力轴承002,True,0.0,1.4210854715202004e-14,0.0,0.0,0.0
114.0,left_distal_negative,小腿001,left_wheel,驱动板004,True,0.4999999999998721,0.4999999999998863,0.0,0.0,0.0
114.0,left_distal_negative,小腿001,left_wheel,MISUMI_CBSTSR4-16_内六角螺栓（盖螺栓）,True,0.0,0.0,0.0,0.0,0.0
114.0,left_distal_positive,小腿004,left_wheel,推力轴承002,True,0.0,0.0,0.0,0.0,0.0
114.0,left_distal_positive,小腿004,left_wheel,MISUMI_C-SE604ZZ_不锈钢小径滚珠轴承,True,0.0,1.4210854715202004e-14,0.0,0.0,0.0
114.0,left_distal_positive,小腿004,left_wheel,MISUMI_CBSTSR4-16_内六角螺栓（盖螺栓）,True,0.0,0.09999999939421983,0.0,0.0,0.0
114.0,right_proximal_negative,大腿003,right_distal_negative,推力轴承004,True,0.0,1.2789769243681803e-13,0.0,0.0,0.0
114.0,right_proximal_negative,大腿003,right_distal_negative,小腿009,True,2.0,2.0,0.0,0.0,0.0
114.0,right_proximal_negative,大腿003,right_distal_negative,小腿010,True,1.0,1.0,0.0,0.0,0.0
114.0,right_proximal_negative,大腿003,right_distal_negative,"hex nuts, style 1-grades ab gb_GB_FASTENER_NUT_SNAB1 M4-C005",True,1.1368683772161603e-13,1.4210854715202004e-13,0.0,0.0,0.0
114.0,right_proximal_negative,大腿003,right_distal_negative,cross recessed pan head screws gb_GB_CROSS_SCREWS_TYPE1 M4X16-16  H type-C003,True,0.0,0.0999999998679949,0.0,0.0,0.0
114.0,right_proximal_negative,大腿003,right_distal_positive,小腿007,False,0.0,70.0496799434283,0.0,0.0,0.0
114.0,right_proximal_positive,大腿002,right_distal_negative,小腿010,False,0.0,70.04967994359762,0.0,0.0,0.0
114.0,right_proximal_positive,大腿002,right_distal_positive,推力轴承003,True,0.0,0.0,0.0,0.0,0.0
114.0,right_proximal_positive,大腿002,right_distal_positive,小腿007,True,1.0,1.0000000000000142,0.0,0.0,0.0
114.0,right_proximal_positive,大腿002,right_distal_positive,cross recessed pan head screws gb_GB_CROSS_SCREWS_TYPE1 M4X16-16  H type-C002,True,0.0,0.09999999988775705,0.0,0.0,0.0
114.0,right_proximal_positive,大腿002,right_distal_positive,"hex nuts, style 1-grades ab gb_GB_FASTENER_NUT_SNAB1 M4-C003",True,0.0,1.4210854715202004e-14,0.0,0.0,0.0
114.0,right_distal_negative,小腿010,right_distal_positive,小腿007,True,1.0000000000000142,1.0000000000000142,0.0,0.0,0.0
114.0,right_distal_negative,小腿010,right_wheel,推力轴承005,True,0.0,1.4210854715202004e-14,0.0,0.0,0.0
114.0,right_distal_negative,小腿010,right_wheel,MISUMI_C-SE604ZZ_不锈钢小径滚珠轴承004,True,0.0,1.4210854715202004e-14,0.0,0.0,0.0
114.0,right_distal_negative,小腿010,right_wheel,MISUMI_CBSTSR4-16_内六角螺栓（盖螺栓）001,True,0.0,0.09999999970351457,0.0,0.0,0.0
114.0,right_distal_positive,小腿007,right_wheel,推力轴承005,True,0.0,0.0,0.0,0.0,0.0
114.0,right_distal_positive,小腿007,right_wheel,驱动板005,True,0.4999999999998863,0.49999999999991473,0.0,0.0,0.0
114.0,right_distal_positive,小腿007,right_wheel,MISUMI_CBSTSR4-16_内六角螺栓（盖螺栓）001,True,0.0,0.0,0.0,0.0,0.0
115.0,fixed,4010电机,left_proximal_negative,大腿,True,0.0,1.1368683772161603e-13,0.0,0.0,0.0
115.0,fixed,4010电机001,left_proximal_positive,大腿垫高,True,1.4210854715202004e-14,1.4210854715202004e-14,0.0,0.0,0.0
115.0,fixed,底板,left_distal_positive,cross recessed pan head screws gb_GB_CROSS_SCREWS_TYPE1 M4X16-16  H type-C001,False,1.3999999999999915,1.4430107000469192,0.0,0.0,0.0
115.0,fixed,4010电机,left_distal_positive,小腿004,False,0.0,63.10256794995418,0.0,0.0,0.0
115.0,fixed,4010电机001,left_distal_positive,小腿003,False,1.6692385978296471,16.84999999990962,0.0,0.0,0.0
115.0,fixed,4010电机001,left_distal_positive,小腿004,False,0.0,16.87798926045026,0.0,0.0,0.0
115.0,fixed,4010电机003,right_proximal_negative,大腿垫高001,True,2.842170943040401e-14,2.842170943040401e-14,0.0,0.0,0.0
115.0,fixed,4010电机002,right_proximal_positive,大腿002,True,1.4210854715202004e-14,1.4210854715202004e-14,0.0,0.0,0.0
115.0,fixed,底板,right_distal_negative,cross recessed pan head screws gb_GB_CROSS_SCREWS_TYPE1 M4X16-16  H type-C003,False,1.4000000000001336,1.4430107000470755,0.0,0.0,0.0
115.0,fixed,4010电机002,right_distal_negative,小腿010,False,0.0,63.10256795012037,0.0,0.0,0.0
115.0,fixed,4010电机003,right_distal_negative,小腿009,False,1.6692385977671194,16.85000000001507,0.0,0.0,0.0
115.0,fixed,4010电机003,right_distal_negative,小腿010,False,0.0,16.877989260555527,0.0,0.0,0.0
115.0,left_proximal_negative,大腿,left_distal_negative,推力轴承,True,0.0,1.2789769243681803e-13,0.0,0.0,0.0
115.0,left_proximal_negative,大腿,left_distal_negative,小腿001,True,1.0000000000001137,1.000000000000142,0.0,0.0,0.0
115.0,left_proximal_negative,大腿,left_distal_negative,cross recessed pan head screws gb_GB_CROSS_SCREWS_TYPE1 M4X16-16  H type-C,True,0.0,0.09999999986698006,0.0,0.0,0.0
115.0,left_proximal_negative,大腿,left_distal_negative,"hex nuts, style 1-grades ab gb_GB_FASTENER_NUT_SNAB1 M4-C",True,0.0,1.1368683772161603e-13,0.0,0.0,0.0
115.0,left_proximal_negative,大腿,left_distal_positive,小腿004,False,0.0,70.24476747581262,0.0,0.0,0.0
115.0,left_proximal_positive,大腿001,left_distal_negative,小腿001,False,0.0,70.24476747597805,0.0,0.0,0.0
115.0,left_proximal_positive,大腿001,left_distal_positive,小腿004,True,1.0000000000000995,1.000000000000142,0.0,0.0,0.0
115.0,left_proximal_positive,大腿001,left_distal_positive,推力轴承001,True,0.0,1.4210854715202004e-13,0.0,0.0,0.0
115.0,left_proximal_positive,大腿001,left_distal_positive,cross recessed pan head screws gb_GB_CROSS_SCREWS_TYPE1 M4X16-16  H type-C001,True,0.0,0.0999999998894832,0.0,0.0,0.0
115.0,left_proximal_positive,大腿001,left_distal_positive,"hex nuts, style 1-grades ab gb_GB_FASTENER_NUT_SNAB1 M4-C001",True,0.0,5.684341886080802e-14,0.0,0.0,0.0
115.0,left_distal_negative,小腿001,left_distal_positive,小腿004,True,0.9999999999999858,0.9999999999999858,0.0,0.0,0.0
115.0,left_distal_negative,小腿001,left_wheel,推力轴承002,True,0.0,1.4210854715202004e-14,0.0,0.0,0.0
115.0,left_distal_negative,小腿001,left_wheel,驱动板004,True,0.4999999999998721,0.4999999999998863,0.0,0.0,0.0
115.0,left_distal_negative,小腿001,left_wheel,MISUMI_CBSTSR4-16_内六角螺栓（盖螺栓）,True,0.0,0.0,0.0,0.0,0.0
115.0,left_distal_positive,小腿004,left_wheel,推力轴承002,True,0.0,0.0,0.0,0.0,0.0
115.0,left_distal_positive,小腿004,left_wheel,MISUMI_C-SE604ZZ_不锈钢小径滚珠轴承,True,0.0,1.4210854715202004e-14,0.0,0.0,0.0
115.0,left_distal_positive,小腿004,left_wheel,MISUMI_CBSTSR4-16_内六角螺栓（盖螺栓）,True,0.0,0.09999999939230131,0.0,0.0,0.0
115.0,right_proximal_negative,大腿003,right_distal_negative,推力轴承004,True,0.0,1.2789769243681803e-13,0.0,0.0,0.0
115.0,right_proximal_negative,大腿003,right_distal_negative,小腿009,True,2.0,2.0,0.0,0.0,0.0
115.0,right_proximal_negative,大腿003,right_distal_negative,小腿010,True,1.0,1.0,0.0,0.0,0.0
115.0,right_proximal_negative,大腿003,right_distal_negative,"hex nuts, style 1-grades ab gb_GB_FASTENER_NUT_SNAB1 M4-C005",True,1.1368683772161603e-13,1.4210854715202004e-13,0.0,0.0,0.0
115.0,right_proximal_negative,大腿003,right_distal_negative,cross recessed pan head screws gb_GB_CROSS_SCREWS_TYPE1 M4X16-16  H type-C003,True,0.0,0.09999999986754049,0.0,0.0,0.0
115.0,right_proximal_negative,大腿003,right_distal_positive,小腿007,False,0.0,70.24476747581252,0.0,0.0,0.0
115.0,right_proximal_positive,大腿002,right_distal_negative,小腿010,False,0.0,70.24476747597895,0.0,0.0,0.0
115.0,right_proximal_positive,大腿002,right_distal_positive,推力轴承003,True,0.0,0.0,0.0,0.0,0.0
115.0,right_proximal_positive,大腿002,right_distal_positive,小腿007,True,1.0,1.0000000000000142,0.0,0.0,0.0
115.0,right_proximal_positive,大腿002,right_distal_positive,cross recessed pan head screws gb_GB_CROSS_SCREWS_TYPE1 M4X16-16  H type-C002,True,0.0,0.09999999986712524,0.0,0.0,0.0
115.0,right_proximal_positive,大腿002,right_distal_positive,"hex nuts, style 1-grades ab gb_GB_FASTENER_NUT_SNAB1 M4-C003",True,0.0,1.4210854715202004e-14,0.0,0.0,0.0
115.0,right_distal_negative,小腿010,right_distal_positive,小腿007,True,1.0000000000000142,1.0000000000000142,0.0,0.0,0.0
115.0,right_distal_negative,小腿010,right_wheel,推力轴承005,True,0.0,1.4210854715202004e-14,0.0,0.0,0.0
115.0,right_distal_negative,小腿010,right_wheel,MISUMI_C-SE604ZZ_不锈钢小径滚珠轴承004,True,0.0,1.4210854715202004e-14,0.0,0.0,0.0
115.0,right_distal_negative,小腿010,right_wheel,MISUMI_CBSTSR4-16_内六角螺栓（盖螺栓）001,True,0.0,0.09999999970236105,0.0,0.0,0.0
115.0,right_distal_positive,小腿007,right_wheel,推力轴承005,True,0.0,0.0,0.0,0.0,0.0
115.0,right_distal_positive,小腿007,right_wheel,驱动板005,True,0.4999999999998863,0.49999999999991473,0.0,0.0,0.0
115.0,right_distal_positive,小腿007,right_wheel,MISUMI_CBSTSR4-16_内六角螺栓（盖螺栓）001,True,0.0,0.0,0.0,0.0,0.0
116.0,fixed,4010电机,left_proximal_negative,大腿,True,0.0,1.1368683772161603e-13,0.0,0.0,0.0
116.0,fixed,4010电机001,left_proximal_positive,大腿垫高,True,1.4210854715202004e-14,1.4210854715202004e-14,0.0,0.0,0.0
116.0,fixed,底板,left_distal_positive,cross recessed pan head screws gb_GB_CROSS_SCREWS_TYPE1 M4X16-16  H type-C001,False,1.3999999999999915,1.4430107000469192,0.0,0.0,0.0
116.0,fixed,4010电机,left_distal_positive,小腿004,False,0.0,63.275478313458464,0.0,0.0,0.0
116.0,fixed,4010电机001,left_distal_positive,小腿003,False,1.138269791485783,16.849999999894635,0.0,0.0,0.0
116.0,fixed,4010电机001,left_distal_positive,小腿004,False,0.0,16.877989260435292,0.0,0.0,0.0
116.0,fixed,4010电机003,right_proximal_negative,大腿垫高001,True,2.842170943040401e-14,2.842170943040401e-14,0.0,0.0,0.0
116.0,fixed,4010电机002,right_proximal_positive,大腿002,True,1.4210854715202004e-14,1.4210854715202004e-14,0.0,0.0,0.0
116.0,fixed,底板,right_distal_negative,cross recessed pan head screws gb_GB_CROSS_SCREWS_TYPE1 M4X16-16  H type-C003,False,1.4000000000001336,1.4430107000470755,0.0,0.0,0.0
116.0,fixed,4010电机002,right_distal_negative,小腿010,False,0.0,63.2754783136218,0.0,0.0,0.0
116.0,fixed,4010电机003,right_distal_negative,小腿009,False,1.1382697914247757,16.850000000004663,0.0,0.0,0.0
116.0,fixed,4010电机003,right_distal_negative,小腿010,False,0.0,16.87798926054513,0.0,0.0,0.0
116.0,left_proximal_negative,大腿,left_distal_negative,推力轴承,True,0.0,1.2789769243681803e-13,0.0,0.0,0.0
116.0,left_proximal_negative,大腿,left_distal_negative,小腿001,True,1.0000000000001137,1.000000000000142,0.0,0.0,0.0
116.0,left_proximal_negative,大腿,left_distal_negative,cross recessed pan head screws gb_GB_CROSS_SCREWS_TYPE1 M4X16-16  H type-C,True,0.0,0.09999999986676607,0.0,0.0,0.0
116.0,left_proximal_negative,大腿,left_distal_negative,"hex nuts, style 1-grades ab gb_GB_FASTENER_NUT_SNAB1 M4-C",True,0.0,1.1368683772161603e-13,0.0,0.0,0.0
116.0,left_proximal_negative,大腿,left_distal_positive,小腿004,False,0.0,70.41769882626781,0.0,0.0,0.0
116.0,left_proximal_positive,大腿001,left_distal_negative,小腿001,False,0.0,70.4176988264304,0.0,0.0,0.0
116.0,left_proximal_positive,大腿001,left_distal_positive,小腿004,True,1.0000000000000995,1.000000000000142,0.0,0.0,0.0
116.0,left_proximal_positive,大腿001,left_distal_positive,推力轴承001,True,0.0,1.4210854715202004e-13,0.0,0.0,0.0
116.0,left_proximal_positive,大腿001,left_distal_positive,cross recessed pan head screws gb_GB_CROSS_SCREWS_TYPE1 M4X16-16  H type-C001,True,0.0,0.09999999986435991,0.0,0.0,0.0
116.0,left_proximal_positive,大腿001,left_distal_positive,"hex nuts, style 1-grades ab gb_GB_FASTENER_NUT_SNAB1 M4-C001",True,0.0,5.684341886080802e-14,0.0,0.0,0.0
116.0,left_distal_negative,小腿001,left_distal_positive,小腿004,True,0.9999999999999858,0.9999999999999858,0.0,0.0,0.0
116.0,left_distal_negative,小腿001,left_wheel,推力轴承002,True,0.0,1.4210854715202004e-14,0.0,0.0,0.0
116.0,left_distal_negative,小腿001,left_wheel,驱动板004,True,0.4999999999998721,0.4999999999998863,0.0,0.0,0.0
116.0,left_distal_negative,小腿001,left_wheel,MISUMI_CBSTSR4-16_内六角螺栓（盖螺栓）,True,0.0,0.0,0.0,0.0,0.0
116.0,left_distal_positive,小腿004,left_wheel,推力轴承002,True,0.0,0.0,0.0,0.0,0.0
116.0,left_distal_positive,小腿004,left_wheel,MISUMI_C-SE604ZZ_不锈钢小径滚珠轴承,True,0.0,1.4210854715202004e-14,0.0,0.0,0.0
116.0,left_distal_positive,小腿004,left_wheel,MISUMI_CBSTSR4-16_内六角螺栓（盖螺栓）,True,0.0,0.09999999939036858,0.0,0.0,0.0
116.0,right_proximal_negative,大腿003,right_distal_negative,推力轴承004,True,0.0,1.2789769243681803e-13,0.0,0.0,0.0
116.0,right_proximal_negative,大腿003,right_distal_negative,小腿009,True,2.0,2.0,0.0,0.0,0.0
116.0,right_proximal_negative,大腿003,right_distal_negative,小腿010,True,1.0,1.0,0.0,0.0,0.0
116.0,right_proximal_negative,大腿003,right_distal_negative,"hex nuts, style 1-grades ab gb_GB_FASTENER_NUT_SNAB1 M4-C005",True,1.1368683772161603e-13,1.4210854715202004e-13,0.0,0.0,0.0
116.0,right_proximal_negative,大腿003,right_distal_negative,cross recessed pan head screws gb_GB_CROSS_SCREWS_TYPE1 M4X16-16  H type-C003,True,0.0,0.09999999986730389,0.0,0.0,0.0
116.0,right_proximal_negative,大腿003,right_distal_positive,小腿007,False,0.0,70.4176988262677,0.0,0.0,0.0
116.0,right_proximal_positive,大腿002,right_distal_negative,小腿010,False,0.0,70.41769882643128,0.0,0.0,0.0
116.0,right_proximal_positive,大腿002,right_distal_positive,推力轴承003,True,0.0,0.0,0.0,0.0,0.0
116.0,right_proximal_positive,大腿002,right_distal_positive,小腿007,True,1.0,1.0000000000000142,0.0,0.0,0.0
116.0,right_proximal_positive,大腿002,right_distal_positive,cross recessed pan head screws gb_GB_CROSS_SCREWS_TYPE1 M4X16-16  H type-C002,True,0.0,0.09999999985020563,0.0,0.0,0.0
116.0,right_proximal_positive,大腿002,right_distal_positive,"hex nuts, style 1-grades ab gb_GB_FASTENER_NUT_SNAB1 M4-C003",True,0.0,1.4210854715202004e-14,0.0,0.0,0.0
116.0,right_distal_negative,小腿010,right_distal_positive,小腿007,True,1.0000000000000142,1.0000000000000142,0.0,0.0,0.0
116.0,right_distal_negative,小腿010,right_wheel,推力轴承005,True,0.0,1.4210854715202004e-14,0.0,0.0,0.0
116.0,right_distal_negative,小腿010,right_wheel,MISUMI_C-SE604ZZ_不锈钢小径滚珠轴承004,True,0.0,1.4210854715202004e-14,0.0,0.0,0.0
116.0,right_distal_negative,小腿010,right_wheel,MISUMI_CBSTSR4-16_内六角螺栓（盖螺栓）001,True,0.0,0.09999999975263267,0.0,0.0,0.0
116.0,right_distal_positive,小腿007,right_wheel,推力轴承005,True,0.0,0.0,0.0,0.0,0.0
116.0,right_distal_positive,小腿007,right_wheel,驱动板005,True,0.4999999999998863,0.49999999999991473,0.0,0.0,0.0
116.0,right_distal_positive,小腿007,right_wheel,MISUMI_CBSTSR4-16_内六角螺栓（盖螺栓）001,True,0.0,0.0,0.0,0.0,0.0
117.0,fixed,4010电机,left_proximal_negative,大腿,True,0.0,1.1368683772161603e-13,0.0,0.0,0.0
117.0,fixed,4010电机001,left_proximal_positive,大腿垫高,True,1.4210854715202004e-14,1.4210854715202004e-14,0.0,0.0,0.0
117.0,fixed,底板,left_distal_positive,cross recessed pan head screws gb_GB_CROSS_SCREWS_TYPE1 M4X16-16  H type-C001,False,1.3999999999999915,1.4718517930098487,0.0,0.0,0.0
117.0,fixed,4010电机,left_distal_positive,小腿004,False,0.0,63.425480202684746,0.0,0.0,0.0
117.0,fixed,4010电机001,left_distal_positive,小腿003,False,0.5946985865923011,16.8499999998796,0.0,0.0,0.0
117.0,fixed,4010电机001,left_distal_positive,小腿004,False,0.0,16.877989260420264,0.0,0.0,0.0
117.0,fixed,4010电机003,right_proximal_negative,大腿垫高001,True,2.842170943040401e-14,2.842170943040401e-14,0.0,0.0,0.0
117.0,fixed,4010电机002,right_proximal_positive,大腿002,True,1.4210854715202004e-14,1.4210854715202004e-14,0.0,0.0,0.0
117.0,fixed,底板,right_distal_negative,cross recessed pan head screws gb_GB_CROSS_SCREWS_TYPE1 M4X16-16  H type-C003,False,1.4000000000001336,1.470277452497596,0.0,0.0,0.0
117.0,fixed,4010电机002,right_distal_negative,小腿010,False,0.0,63.42548020284514,0.0,0.0,0.0
117.0,fixed,4010电机003,right_distal_negative,小腿009,False,0.5946985865327719,16.849999999994147,0.0,0.0,0.0
117.0,fixed,4010电机003,right_distal_negative,小腿010,False,0.0,16.877989260534612,0.0,0.0,0.0
117.0,left_proximal_negative,大腿,left_distal_negative,推力轴承,True,0.0,1.2789769243681803e-13,0.0,0.0,0.0
117.0,left_proximal_negative,大腿,left_distal_negative,小腿001,True,1.0000000000001137,1.000000000000142,0.0,0.0,0.0
117.0,left_proximal_negative,大腿,left_distal_negative,cross recessed pan head screws gb_GB_CROSS_SCREWS_TYPE1 M4X16-16  H type-C,True,0.0,0.09999999986678039,0.0,0.0,0.0
117.0,left_proximal_negative,大腿,left_distal_negative,"hex nuts, style 1-grades ab gb_GB_FASTENER_NUT_SNAB1 M4-C",True,0.0,1.1368683772161603e-13,0.0,0.0,0.0
117.0,left_proximal_negative,大腿,left_distal_positive,小腿004,False,0.0,70.56771883066428,0.0,0.0,0.0
117.0,left_proximal_positive,大腿001,left_distal_negative,小腿001,False,0.0,70.5677188308239,0.0,0.0,0.0
117.0,left_proximal_positive,大腿001,left_distal_positive,小腿004,True,1.0000000000000995,1.000000000000142,0.0,0.0,0.0
117.0,left_proximal_positive,大腿001,left_distal_positive,推力轴承001,True,0.0,1.4210854715202004e-13,0.0,0.0,0.0
117.0,left_proximal_positive,大腿001,left_distal_positive,cross recessed pan head screws gb_GB_CROSS_SCREWS_TYPE1 M4X16-16  H type-C001,True,0.0,0.0999999998407347,0.0,0.0,0.0
117.0,left_proximal_positive,大腿001,left_distal_positive,"hex nuts, style 1-grades ab gb_GB_FASTENER_NUT_SNAB1 M4-C001",True,0.0,5.684341886080802e-14,0.0,0.0,0.0
117.0,left_distal_negative,小腿001,left_distal_positive,小腿004,True,0.9999999999999858,0.9999999999999858,0.0,0.0,0.0
117.0,left_distal_negative,小腿001,left_wheel,推力轴承002,True,0.0,1.4210854715202004e-14,0.0,0.0,0.0
117.0,left_distal_negative,小腿001,left_wheel,驱动板004,True,0.4999999999998721,0.4999999999998863,0.0,0.0,0.0
117.0,left_distal_negative,小腿001,left_wheel,MISUMI_CBSTSR4-16_内六角螺栓（盖螺栓）,True,0.0,0.0,0.0,0.0,0.0
117.0,left_distal_positive,小腿004,left_wheel,推力轴承002,True,0.0,0.0,0.0,0.0,0.0
117.0,left_distal_positive,小腿004,left_wheel,MISUMI_C-SE604ZZ_不锈钢小径滚珠轴承,True,0.0,1.4210854715202004e-14,0.0,0.0,0.0
117.0,left_distal_positive,小腿004,left_wheel,MISUMI_CBSTSR4-16_内六角螺栓（盖螺栓）,True,0.0,0.09999999938843585,0.0,0.0,0.0
117.0,right_proximal_negative,大腿003,right_distal_negative,推力轴承004,True,0.0,1.2789769243681803e-13,0.0,0.0,0.0
117.0,right_proximal_negative,大腿003,right_distal_negative,小腿009,True,2.0,2.0,0.0,0.0,0.0
117.0,right_proximal_negative,大腿003,right_distal_negative,小腿010,True,1.0,1.0,0.0,0.0,0.0
117.0,right_proximal_negative,大腿003,right_distal_negative,"hex nuts, style 1-grades ab gb_GB_FASTENER_NUT_SNAB1 M4-C005",True,1.1368683772161603e-13,1.4210854715202004e-13,0.0,0.0,0.0
117.0,right_proximal_negative,大腿003,right_distal_negative,cross recessed pan head screws gb_GB_CROSS_SCREWS_TYPE1 M4X16-16  H type-C003,True,0.0,0.09999999986728962,0.0,0.0,0.0
117.0,right_proximal_negative,大腿003,right_distal_positive,小腿007,False,0.0,70.56771883066418,0.0,0.0,0.0
117.0,right_proximal_positive,大腿002,right_distal_negative,小腿010,False,0.0,70.5677188308248,0.0,0.0,0.0
117.0,right_proximal_positive,大腿002,right_distal_positive,推力轴承003,True,0.0,0.0,0.0,0.0,0.0
117.0,right_proximal_positive,大腿002,right_distal_positive,小腿007,True,1.0,1.0000000000000142,0.0,0.0,0.0
117.0,right_proximal_positive,大腿002,right_distal_positive,cross recessed pan head screws gb_GB_CROSS_SCREWS_TYPE1 M4X16-16  H type-C002,True,0.0,0.09999999985955946,0.0,0.0,0.0
117.0,right_proximal_positive,大腿002,right_distal_positive,"hex nuts, style 1-grades ab gb_GB_FASTENER_NUT_SNAB1 M4-C003",True,0.0,1.4210854715202004e-14,0.0,0.0,0.0
117.0,right_distal_negative,小腿010,right_distal_positive,小腿007,True,1.0000000000000142,1.0000000000000142,0.0,0.0,0.0
117.0,right_distal_negative,小腿010,right_wheel,推力轴承005,True,0.0,1.4210854715202004e-14,0.0,0.0,0.0
117.0,right_distal_negative,小腿010,right_wheel,MISUMI_C-SE604ZZ_不锈钢小径滚珠轴承004,True,0.0,1.4210854715202004e-14,0.0,0.0,0.0
117.0,right_distal_negative,小腿010,right_wheel,MISUMI_CBSTSR4-16_内六角螺栓（盖螺栓）001,True,0.0,0.0999999997004068,0.0,0.0,0.0
117.0,right_distal_positive,小腿007,right_wheel,推力轴承005,True,0.0,0.0,0.0,0.0,0.0
117.0,right_distal_positive,小腿007,right_wheel,驱动板005,True,0.4999999999998863,0.49999999999991473,0.0,0.0,0.0
117.0,right_distal_positive,小腿007,right_wheel,MISUMI_CBSTSR4-16_内六角螺栓（盖螺栓）001,True,0.0,0.0,0.0,0.0,0.0
118.0,fixed,4010电机,left_proximal_negative,大腿,True,0.0,1.1368683772161603e-13,0.0,0.0,0.0
118.0,fixed,4010电机001,left_proximal_positive,大腿垫高,True,1.4210854715202004e-14,1.4210854715202004e-14,0.0,0.0,0.0
118.0,fixed,底板,left_distal_positive,cross recessed pan head screws gb_GB_CROSS_SCREWS_TYPE1 M4X16-16  H type-C001,False,1.3999999999999915,1.5630409629513837,0.0,0.0,0.0
118.0,fixed,4010电机,left_distal_positive,小腿004,False,0.5558873019412189,63.55177349076366,0.0,0.0,0.0
118.0,fixed,4010电机001,left_distal_positive,小腿003,False,0.5571939319738674,16.84999999986445,0.0,0.0,0.0
118.0,fixed,4010电机001,left_distal_positive,小腿004,False,0.5558873019412189,16.87798926040514,0.0,0.0,0.0
118.0,fixed,4010电机003,right_proximal_negative,大腿垫高001,True,2.842170943040401e-14,2.842170943040401e-14,0.0,0.0,0.0
118.0,fixed,4010电机002,right_proximal_positive,大腿002,True,1.4210854715202004e-14,1.4210854715202004e-14,0.0,0.0,0.0
118.0,fixed,底板,right_distal_negative,cross recessed pan head screws gb_GB_CROSS_SCREWS_TYPE1 M4X16-16  H type-C003,False,1.4000000000001336,1.5630409629962176,0.0,0.0,0.0
118.0,fixed,4010电机002,right_distal_negative,小腿010,False,0.5558873021655035,63.551773490921086,0.0,0.0,0.0
118.0,fixed,4010电机003,right_distal_negative,小腿009,False,0.5571939321936602,16.849999999983496,0.0,0.0,0.0
118.0,fixed,4010电机003,right_distal_negative,小腿010,False,0.5558873021655035,16.877989260523993,0.0,0.0,0.0
118.0,left_proximal_negative,大腿,left_distal_negative,推力轴承,True,0.0,1.2789769243681803e-13,0.0,0.0,0.0
118.0,left_proximal_negative,大腿,left_distal_negative,小腿001,True,1.0000000000001137,1.000000000000142,0.0,0.0,0.0
118.0,left_proximal_negative,大腿,left_distal_negative,cross recessed pan head screws gb_GB_CROSS_SCREWS_TYPE1 M4X16-16  H type-C,True,0.0,0.09999999986707812,0.0,0.0,0.0
118.0,left_proximal_negative,大腿,left_distal_negative,"hex nuts, style 1-grades ab gb_GB_FASTENER_NUT_SNAB1 M4-C",True,0.0,1.1368683772161603e-13,0.0,0.0,0.0
118.0,left_proximal_negative,大腿,left_distal_positive,小腿004,False,0.0,70.69402730542039,0.0,0.0,0.0
118.0,left_proximal_positive,大腿001,left_distal_negative,小腿001,False,0.0,70.69402730557708,0.0,0.0,0.0
118.0,left_proximal_positive,大腿001,left_distal_positive,小腿004,True,1.0000000000000995,1.000000000000142,0.0,0.0,0.0
118.0,left_proximal_positive,大腿001,left_distal_positive,推力轴承001,True,0.0,1.4210854715202004e-13,0.0,0.0,0.0
118.0,left_proximal_positive,大腿001,left_distal_positive,cross recessed pan head screws gb_GB_CROSS_SCREWS_TYPE1 M4X16-16  H type-C001,True,0.0,0.09999999984547721,0.0,0.0,0.0
118.0,left_proximal_positive,大腿001,left_distal_positive,"hex nuts, style 1-grades ab gb_GB_FASTENER_NUT_SNAB1 M4-C001",True,0.0,5.684341886080802e-14,0.0,0.0,0.0
118.0,left_distal_negative,小腿001,left_distal_positive,小腿004,True,0.9999999999999858,0.9999999999999858,0.0,0.0,0.0
118.0,left_distal_negative,小腿001,left_wheel,推力轴承002,True,0.0,1.4210854715202004e-14,0.0,0.0,0.0
118.0,left_distal_negative,小腿001,left_wheel,驱动板004,True,0.4999999999998721,0.4999999999998863,0.0,0.0,0.0
118.0,left_distal_negative,小腿001,left_wheel,MISUMI_CBSTSR4-16_内六角螺栓（盖螺栓）,True,0.0,0.0,0.0,0.0,0.0
118.0,left_distal_positive,小腿004,left_wheel,推力轴承002,True,0.0,0.0,0.0,0.0,0.0
118.0,left_distal_positive,小腿004,left_wheel,MISUMI_C-SE604ZZ_不锈钢小径滚珠轴承,True,0.0,1.4210854715202004e-14,0.0,0.0,0.0
118.0,left_distal_positive,小腿004,left_wheel,MISUMI_CBSTSR4-16_内六角螺栓（盖螺栓）,True,0.0,0.09999999938651732,0.0,0.0,0.0
118.0,right_proximal_negative,大腿003,right_distal_negative,推力轴承004,True,0.0,1.2789769243681803e-13,0.0,0.0,0.0
118.0,right_proximal_negative,大腿003,right_distal_negative,小腿009,True,2.0,2.0,0.0,0.0,0.0
118.0,right_proximal_negative,大腿003,right_distal_negative,小腿010,True,1.0,1.0,0.0,0.0,0.0
118.0,right_proximal_negative,大腿003,right_distal_negative,"hex nuts, style 1-grades ab gb_GB_FASTENER_NUT_SNAB1 M4-C005",True,1.1368683772161603e-13,1.4210854715202004e-13,0.0,0.0,0.0
118.0,right_proximal_negative,大腿003,right_distal_negative,cross recessed pan head screws gb_GB_CROSS_SCREWS_TYPE1 M4X16-16  H type-C003,True,0.0,0.09999999986756063,0.0,0.0,0.0
118.0,right_proximal_negative,大腿003,right_distal_positive,小腿007,False,0.0,70.69402730542028,0.0,0.0,0.0
118.0,right_proximal_positive,大腿002,right_distal_negative,小腿010,False,0.0,70.69402730557796,0.0,0.0,0.0
118.0,right_proximal_positive,大腿002,right_distal_positive,推力轴承003,True,0.0,0.0,0.0,0.0,0.0
118.0,right_proximal_positive,大腿002,right_distal_positive,小腿007,True,1.0,1.0000000000000142,0.0,0.0,0.0
118.0,right_proximal_positive,大腿002,right_distal_positive,cross recessed pan head screws gb_GB_CROSS_SCREWS_TYPE1 M4X16-16  H type-C002,True,0.0,0.0999999998774412,0.0,0.0,0.0
118.0,right_proximal_positive,大腿002,right_distal_positive,"hex nuts, style 1-grades ab gb_GB_FASTENER_NUT_SNAB1 M4-C003",True,0.0,1.4210854715202004e-14,0.0,0.0,0.0
118.0,right_distal_negative,小腿010,right_distal_positive,小腿007,True,1.0000000000000142,1.0000000000000142,0.0,0.0,0.0
118.0,right_distal_negative,小腿010,right_wheel,推力轴承005,True,0.0,1.4210854715202004e-14,0.0,0.0,0.0
118.0,right_distal_negative,小腿010,right_wheel,MISUMI_C-SE604ZZ_不锈钢小径滚珠轴承004,True,0.0,1.4210854715202004e-14,0.0,0.0,0.0
118.0,right_distal_negative,小腿010,right_wheel,MISUMI_CBSTSR4-16_内六角螺栓（盖螺栓）001,True,0.0,0.09999999975412412,0.0,0.0,0.0
118.0,right_distal_positive,小腿007,right_wheel,推力轴承005,True,0.0,0.0,0.0,0.0,0.0
118.0,right_distal_positive,小腿007,right_wheel,驱动板005,True,0.4999999999998863,0.49999999999991473,0.0,0.0,0.0
118.0,right_distal_positive,小腿007,right_wheel,MISUMI_CBSTSR4-16_内六角螺栓（盖螺栓）001,True,0.0,0.0,0.0,0.0,0.0
119.0,fixed,4010电机,left_proximal_negative,大腿,True,0.0,1.1368683772161603e-13,0.0,0.0,0.0
119.0,fixed,4010电机001,left_proximal_positive,大腿垫高,True,1.4210854715202004e-14,1.4210854715202004e-14,0.0,0.0,0.0
119.0,fixed,底板,left_distal_positive,cross recessed pan head screws gb_GB_CROSS_SCREWS_TYPE1 M4X16-16  H type-C001,False,1.3999999999999915,1.691581140557633,0.0,0.0,0.0
119.0,fixed,4010电机,left_distal_positive,小腿004,False,1.1087234191302908,63.65350859154995,0.0,0.0,0.0
119.0,fixed,4010电机001,left_distal_positive,小腿003,False,1.1087234191302837,16.84999999984919,0.0,0.0,0.0
119.0,fixed,4010电机001,left_distal_positive,小腿004,False,1.1087234191302908,16.877989260389914,0.0,0.0,0.0
119.0,fixed,4010电机003,right_proximal_negative,大腿垫高001,True,2.842170943040401e-14,2.842170943040401e-14,0.0,0.0,0.0
119.0,fixed,4010电机002,right_proximal_positive,大腿002,True,1.4210854715202004e-14,1.4210854715202004e-14,0.0,0.0,0.0
119.0,fixed,底板,right_distal_negative,cross recessed pan head screws gb_GB_CROSS_SCREWS_TYPE1 M4X16-16  H type-C003,False,1.4000000000001336,1.6915811406169357,0.0,0.0,0.0
119.0,fixed,4010电机002,right_distal_negative,小腿010,False,1.1087234193549893,63.653508591704394,0.0,0.0,0.0
119.0,fixed,4010电机003,right_distal_negative,小腿009,False,1.108723419354984,16.84999999997273,0.0,0.0,0.0
119.0,fixed,4010电机003,right_distal_negative,小腿010,False,1.1087234193549893,16.877989260513257,0.0,0.0,0.0
119.0,left_proximal_negative,大腿,left_distal_negative,推力轴承,True,0.0,1.2789769243681803e-13,0.0,0.0,0.0
119.0,left_proximal_negative,大腿,left_distal_negative,小腿001,True,1.0000000000001137,1.000000000000142,0.0,0.0,0.0
119.0,left_proximal_negative,大腿,left_distal_negative,cross recessed pan head screws gb_GB_CROSS_SCREWS_TYPE1 M4X16-16  H type-C,True,0.0,0.09999999986755466,0.0,0.0,0.0
119.0,left_proximal_negative,大腿,left_distal_negative,"hex nuts, style 1-grades ab gb_GB_FASTENER_NUT_SNAB1 M4-C",True,0.0,1.1368683772161603e-13,0.0,0.0,0.0
119.0,left_proximal_negative,大腿,left_distal_positive,小腿004,False,0.0,70.79577459662478,0.0,0.0,0.0
119.0,left_proximal_positive,大腿001,left_distal_negative,小腿001,False,0.0,70.79577459677849,0.0,0.0,0.0
119.0,left_proximal_positive,大腿001,left_distal_positive,小腿004,True,1.0000000000000995,1.000000000000142,0.0,0.0,0.0
119.0,left_proximal_positive,大腿001,left_distal_positive,推力轴承001,True,0.0,1.4210854715202004e-13,0.0,0.0,0.0
119.0,left_proximal_positive,大腿001,left_distal_positive,cross recessed pan head screws gb_GB_CROSS_SCREWS_TYPE1 M4X16-16  H type-C001,True,0.0,0.09999999986200549,0.0,0.0,0.0
119.0,left_proximal_positive,大腿001,left_distal_positive,"hex nuts, style 1-grades ab gb_GB_FASTENER_NUT_SNAB1 M4-C001",True,0.0,5.684341886080802e-14,0.0,0.0,0.0
119.0,left_distal_negative,小腿001,left_distal_positive,小腿004,True,0.9999999999999858,0.9999999999999858,0.0,0.0,0.0
119.0,left_distal_negative,小腿001,left_wheel,推力轴承002,True,0.0,1.4210854715202004e-14,0.0,0.0,0.0
119.0,left_distal_negative,小腿001,left_wheel,驱动板004,True,0.4999999999998721,0.4999999999998863,0.0,0.0,0.0
119.0,left_distal_negative,小腿001,left_wheel,MISUMI_CBSTSR4-16_内六角螺栓（盖螺栓）,True,0.0,0.0,0.0,0.0,0.0
119.0,left_distal_positive,小腿004,left_wheel,推力轴承002,True,0.0,0.0,0.0,0.0,0.0
119.0,left_distal_positive,小腿004,left_wheel,MISUMI_C-SE604ZZ_不锈钢小径滚珠轴承,True,0.0,1.4210854715202004e-14,0.0,0.0,0.0
119.0,left_distal_positive,小腿004,left_wheel,MISUMI_CBSTSR4-16_内六角螺栓（盖螺栓）,True,0.0,0.0999999993635018,0.0,0.0,0.0
119.0,right_proximal_negative,大腿003,right_distal_negative,推力轴承004,True,0.0,1.2789769243681803e-13,0.0,0.0,0.0
119.0,right_proximal_negative,大腿003,right_distal_negative,小腿009,True,2.0,2.0,0.0,0.0,0.0
119.0,right_proximal_negative,大腿003,right_distal_negative,小腿010,True,1.0,1.0,0.0,0.0,0.0
119.0,right_proximal_negative,大腿003,right_distal_negative,"hex nuts, style 1-grades ab gb_GB_FASTENER_NUT_SNAB1 M4-C005",True,1.1368683772161603e-13,1.4210854715202004e-13,0.0,0.0,0.0
119.0,right_proximal_negative,大腿003,right_distal_negative,cross recessed pan head screws gb_GB_CROSS_SCREWS_TYPE1 M4X16-16  H type-C003,True,0.0,0.09999999986804038,0.0,0.0,0.0
119.0,right_proximal_negative,大腿003,right_distal_positive,小腿007,False,0.0,70.79577459662467,0.0,0.0,0.0
119.0,right_proximal_positive,大腿002,right_distal_negative,小腿010,False,0.0,70.79577459677938,0.0,0.0,0.0
119.0,right_proximal_positive,大腿002,right_distal_positive,推力轴承003,True,0.0,0.0,0.0,0.0,0.0
119.0,right_proximal_positive,大腿002,right_distal_positive,小腿007,True,1.0,1.0000000000000142,0.0,0.0,0.0
119.0,right_proximal_positive,大腿002,right_distal_positive,cross recessed pan head screws gb_GB_CROSS_SCREWS_TYPE1 M4X16-16  H type-C002,True,0.0,0.09999999988429409,0.0,0.0,0.0
119.0,right_proximal_positive,大腿002,right_distal_positive,"hex nuts, style 1-grades ab gb_GB_FASTENER_NUT_SNAB1 M4-C003",True,0.0,1.4210854715202004e-14,0.0,0.0,0.0
119.0,right_distal_negative,小腿010,right_distal_positive,小腿007,True,1.0000000000000142,1.0000000000000142,0.0,0.0,0.0
119.0,right_distal_negative,小腿010,right_wheel,推力轴承005,True,0.0,1.4210854715202004e-14,0.0,0.0,0.0
119.0,right_distal_negative,小腿010,right_wheel,MISUMI_C-SE604ZZ_不锈钢小径滚珠轴承004,True,0.0,1.4210854715202004e-14,0.0,0.0,0.0
119.0,right_distal_negative,小腿010,right_wheel,MISUMI_CBSTSR4-16_内六角螺栓（盖螺栓）001,True,0.0,0.09999999969822394,0.0,0.0,0.0
119.0,right_distal_positive,小腿007,right_wheel,推力轴承005,True,0.0,0.0,0.0,0.0,0.0
119.0,right_distal_positive,小腿007,right_wheel,驱动板005,True,0.4999999999998863,0.49999999999991473,0.0,0.0,0.0
119.0,right_distal_positive,小腿007,right_wheel,MISUMI_CBSTSR4-16_内六角螺栓（盖螺栓）001,True,0.0,0.0,0.0,0.0,0.0
120.0,fixed,4010电机,left_proximal_negative,大腿,True,0.0,1.1368683772161603e-13,0.0,0.0,0.0
120.0,fixed,4010电机001,left_proximal_positive,大腿垫高,True,1.4210854715202004e-14,1.4210854715202004e-14,0.0,0.0,0.0
120.0,fixed,底板,left_distal_positive,cross recessed pan head screws gb_GB_CROSS_SCREWS_TYPE1 M4X16-16  H type-C001,False,1.3999999999999915,1.8533827958616131,0.0,0.0,0.0
120.0,fixed,4010电机,left_distal_positive,小腿004,False,1.657211533191548,63.72978142096015,0.0,0.0,0.0
120.0,fixed,4010电机001,left_distal_positive,小腿003,False,1.657211533191541,16.84999999983385,0.0,0.0,0.0
120.0,fixed,4010电机001,left_distal_positive,小腿004,False,1.657211533191548,16.877989260374598,0.0,0.0,0.0
120.0,fixed,4010电机003,right_proximal_negative,大腿垫高001,True,2.842170943040401e-14,2.842170943040401e-14,0.0,0.0,0.0
120.0,fixed,4010电机002,right_proximal_positive,大腿002,True,1.4210854715202004e-14,1.4210854715202004e-14,0.0,0.0,0.0
120.0,fixed,底板,right_distal_negative,cross recessed pan head screws gb_GB_CROSS_SCREWS_TYPE1 M4X16-16  H type-C003,False,1.4000000000001336,1.8533827959345843,0.0,0.0,0.0
120.0,fixed,4010电机002,right_distal_negative,小腿010,False,1.6572115334166302,63.72978142111155,0.0,0.0,0.0
120.0,fixed,4010电机003,right_distal_negative,小腿009,False,1.6572115334166266,16.849999999961867,0.0,0.0,0.0
120.0,fixed,4010电机003,right_distal_negative,小腿010,False,1.6572115334166302,16.877989260502382,0.0,0.0,0.0
120.0,left_proximal_negative,大腿,left_distal_negative,推力轴承,True,0.0,1.2789769243681803e-13,0.0,0.0,0.0
120.0,left_proximal_negative,大腿,left_distal_negative,小腿001,True,1.0000000000001137,1.000000000000142,0.0,0.0,0.0
120.0,left_proximal_negative,大腿,left_distal_negative,cross recessed pan head screws gb_GB_CROSS_SCREWS_TYPE1 M4X16-16  H type-C,True,0.0,0.09999999986834303,0.0,0.0,0.0
120.0,left_proximal_negative,大腿,left_distal_negative,"hex nuts, style 1-grades ab gb_GB_FASTENER_NUT_SNAB1 M4-C",True,0.0,1.1368683772161603e-13,0.0,0.0,0.0
120.0,left_proximal_negative,大腿,left_distal_positive,小腿004,False,0.0,70.87205654029599,0.0,0.0,0.0
120.0,left_proximal_positive,大腿001,left_distal_negative,小腿001,False,0.0,70.87205654044665,0.0,0.0,0.0
120.0,left_proximal_positive,大腿001,left_distal_positive,小腿004,True,1.0000000000000995,1.000000000000142,0.0,0.0,0.0
120.0,left_proximal_positive,大腿001,left_distal_positive,推力轴承001,True,0.0,1.4210854715202004e-13,0.0,0.0,0.0
120.0,left_proximal_positive,大腿001,left_distal_positive,cross recessed pan head screws gb_GB_CROSS_SCREWS_TYPE1 M4X16-16  H type-C001,True,0.0,0.09999999989319629,0.0,0.0,0.0
120.0,left_proximal_positive,大腿001,left_distal_positive,"hex nuts, style 1-grades ab gb_GB_FASTENER_NUT_SNAB1 M4-C001",True,0.0,5.684341886080802e-14,0.0,0.0,0.0
120.0,left_distal_negative,小腿001,left_distal_positive,小腿004,True,0.9999999999999858,0.9999999999999858,0.0,0.0,0.0
120.0,left_distal_negative,小腿001,left_wheel,推力轴承002,True,0.0,1.4210854715202004e-14,0.0,0.0,0.0
120.0,left_distal_negative,小腿001,left_wheel,驱动板004,True,0.4999999999998721,0.4999999999998863,0.0,0.0,0.0
120.0,left_distal_negative,小腿001,left_wheel,MISUMI_CBSTSR4-16_内六角螺栓（盖螺栓）,True,0.0,0.0,0.0,0.0,0.0
120.0,left_distal_positive,小腿004,left_wheel,推力轴承002,True,0.0,0.0,0.0,0.0,0.0
120.0,left_distal_positive,小腿004,left_wheel,MISUMI_C-SE604ZZ_不锈钢小径滚珠轴承,True,0.0,1.4210854715202004e-14,0.0,0.0,0.0
120.0,left_distal_positive,小腿004,left_wheel,MISUMI_CBSTSR4-16_内六角螺栓（盖螺栓）,True,0.0,0.09999999936346358,0.0,0.0,0.0
120.0,right_proximal_negative,大腿003,right_distal_negative,推力轴承004,True,0.0,1.2789769243681803e-13,0.0,0.0,0.0
120.0,right_proximal_negative,大腿003,right_distal_negative,小腿009,True,2.0,2.0,0.0,0.0,0.0
120.0,right_proximal_negative,大腿003,right_distal_negative,小腿010,True,1.0,1.0,0.0,0.0,0.0
120.0,right_proximal_negative,大腿003,right_distal_negative,"hex nuts, style 1-grades ab gb_GB_FASTENER_NUT_SNAB1 M4-C005",True,1.1368683772161603e-13,1.4210854715202004e-13,0.0,0.0,0.0
120.0,right_proximal_negative,大腿003,right_distal_negative,cross recessed pan head screws gb_GB_CROSS_SCREWS_TYPE1 M4X16-16  H type-C003,True,0.0,0.09999999986879052,0.0,0.0,0.0
120.0,right_proximal_negative,大腿003,right_distal_positive,小腿007,False,0.0,70.87205654029589,0.0,0.0,0.0
120.0,right_proximal_positive,大腿002,right_distal_negative,小腿010,False,0.0,70.87205654044755,0.0,0.0,0.0
120.0,right_proximal_positive,大腿002,right_distal_positive,推力轴承003,True,0.0,0.0,0.0,0.0,0.0
120.0,right_proximal_positive,大腿002,right_distal_positive,小腿007,True,1.0,1.0000000000000142,0.0,0.0,0.0
120.0,right_proximal_positive,大腿002,right_distal_positive,cross recessed pan head screws gb_GB_CROSS_SCREWS_TYPE1 M4X16-16  H type-C002,True,0.0,0.09999999988349753,0.0,0.0,0.0
120.0,right_proximal_positive,大腿002,right_distal_positive,"hex nuts, style 1-grades ab gb_GB_FASTENER_NUT_SNAB1 M4-C003",True,0.0,1.4210854715202004e-14,0.0,0.0,0.0
120.0,right_distal_negative,小腿010,right_distal_positive,小腿007,True,1.0000000000000142,1.0000000000000142,0.0,0.0,0.0
120.0,right_distal_negative,小腿010,right_wheel,推力轴承005,True,0.0,1.4210854715202004e-14,0.0,0.0,0.0
120.0,right_distal_negative,小腿010,right_wheel,MISUMI_C-SE604ZZ_不锈钢小径滚珠轴承004,True,0.0,1.4210854715202004e-14,0.0,0.0,0.0
120.0,right_distal_negative,小腿010,right_wheel,MISUMI_CBSTSR4-16_内六角螺栓（盖螺栓）001,True,0.0,0.09999999975577196,0.0,0.0,0.0
120.0,right_distal_positive,小腿007,right_wheel,推力轴承005,True,0.0,0.0,0.0,0.0,0.0
120.0,right_distal_positive,小腿007,right_wheel,驱动板005,True,0.4999999999998863,0.49999999999991473,0.0,0.0,0.0
120.0,right_distal_positive,小腿007,right_wheel,MISUMI_CBSTSR4-16_内六角螺栓（盖螺栓）001,True,0.0,0.0,0.0,0.0,0.0
