l0_m,extension_speed_m_per_s,joint_speed_rad_per_s,joint_speed_rpm,available_joint_torque_nm,axial_force_per_leg_n,total_axial_force_n,total_mechanical_power_w
0.07,0.0,0.0,0.0,6.0,229.66074490140005,459.3214898028001,0.0
0.07,0.01,0.19138395408450012,1.827582139261232,6.0,229.66074490140005,459.3214898028001,4.593214898028001
0.07,0.02,0.38276790816900025,3.655164278522464,6.0,229.66074490140005,459.3214898028001,9.186429796056002
0.07,0.03,0.5741518622535003,5.482746417783694,6.0,229.66074490140005,459.3214898028001,13.779644694084002
0.07,0.04,0.7655358163380005,7.310328557044928,6.0,229.66074490140005,459.3214898028001,18.372859592112004
0.07,0.05,0.9569197704225006,9.13791069630616,6.0,229.66074490140005,459.3214898028001,22.966074490140006
0.07,0.06,1.1483037245070007,10.965492835567389,6.0,229.66074490140005,459.3214898028001,27.559289388168004
0.07,0.07,1.339687678591501,12.793074974828622,6.0,229.66074490140005,459.3214898028001,32.15250428619601
0.07,0.08,1.531071632676001,14.620657114089855,6.0,229.66074490140005,459.3214898028001,36.74571918422401
0.07,0.09,1.7224555867605011,16.448239253351087,6.0,229.66074490140005,459.3214898028001,41.33893408225201
0.07,0.1,1.9138395408450013,18.27582139261232,6.0,229.66074490140005,459.3214898028001,45.93214898028001
0.07,0.11,2.1052234949295014,20.10340353187355,6.0,229.66074490140005,459.3214898028001,50.52536387830801
0.07,0.12,2.2966074490140014,21.930985671134778,6.0,229.66074490140005,459.3214898028001,55.11857877633601
0.07,0.13,2.4879914030985018,23.758567810396013,6.0,229.66074490140005,459.3214898028001,59.71179367436402
0.07,0.14,2.679375357183002,25.586149949657244,6.0,229.66074490140005,459.3214898028001,64.30500857239203
0.07,0.15,2.8707593112675016,27.413732088918476,6.0,229.66074490140005,459.3214898028001,68.89822347042
0.07,0.16,3.062143265352002,29.24131422817971,6.0,229.66074490140005,459.3214898028001,73.49143836844802
0.07,0.17,3.2535272194365024,31.068896367440942,5.993128523352166,229.3977268271477,458.7954536542954,77.99522712123022
0.07,0.18,3.4449111735210023,32.896478506702174,5.981379781028343,228.94802267485707,457.89604534971414,82.42128816294854
0.07,0.19,3.636295127605502,34.724060645963405,5.969631038704521,228.49831852256648,456.99663704513296,86.82936103857526
0.07,0.2,3.8276790816900026,36.55164278522464,5.957882296380698,228.04861437027586,456.0972287405517,91.21944574811035
0.07,0.21,4.0190630357745025,38.37922492448587,5.9461335540568765,227.59891021798526,455.1978204359705,95.59154229155381
0.07,0.22,4.210446989859003,40.2068070637471,5.934384811733055,227.1492060656947,454.2984121313894,99.94565066890567
0.07,0.23,4.401830943943503,42.03438920300833,5.922636069409232,226.69950191340408,453.39900382680815,104.28177088016588
0.07,0.24,4.593214898028003,43.861971342269555,5.91088732708541,226.24979776111348,452.49959552222697,108.59990292533446
0.07,0.25,4.784598852112503,45.68955348153079,5.899138584761587,225.80009360882286,451.6001872176457,112.90004680441143
0.07,0.26,4.9759828061970035,47.517135620792025,5.8873898424377655,225.35038945653227,450.70077891306454,117.18220251739679
0.07,0.27,5.167366760281504,49.34471776005326,5.875641100113944,224.90068530424168,449.80137060848335,121.44637006429052
0.07,0.28,5.358750714366004,51.17229989931449,5.863892357790121,224.45098115195105,448.9019623039021,125.69254944509261
0.07,0.29,5.550134668450503,52.99988203857571,5.852143615466299,224.00127699966046,448.0025539993209,129.92074065980307
0.07,0.3,5.741518622535003,54.82746417783695,5.840394873142476,223.55157284736984,447.1031456947397,134.1309437084219
0.07,0.31,5.932902576619504,56.65504631709818,5.828646130818655,223.10186869507925,446.2037373901585,138.32315859094913
0.07,0.32,6.124286530704004,58.48262845635942,5.816897388494832,222.65216454278863,445.30432908557725,142.49738530738472
0.07,0.33,6.315670484788504,60.31021059562065,5.80514864617101,222.20246039049803,444.40492078099606,146.65362385772872
0.07,0.34,6.507054438873005,62.137792734881884,5.793399903847188,221.75275623820747,443.50551247641494,150.79187424198108
0.07,0.35000000000000003,6.698438392957505,63.96537487414312,5.7816511615233654,221.30305208591685,442.6061041718337,154.9121364601418
0.07,0.36,6.889822347042005,65.79295701340435,5.769902419199544,220.85334793362625,441.7066958672525,159.0144105122109
0.07,0.37,7.081206301126505,67.62053915266559,5.758153676875721,220.40364378133563,440.80728756267126,163.09869639818837
0.07,0.38,7.272590255211004,69.44812129192681,5.746404934551899,219.95393962904504,439.9078792580901,167.16499411807422
0.07,0.39,7.463974209295505,71.27570343118803,5.734656192228077,219.50423547675445,439.0084709535089,171.21330367186846
0.07,0.4,7.655358163380005,73.10328557044927,5.7229074499042545,219.05453132446382,438.10906264892765,175.24362505957106
0.07,0.41000000000000003,7.846742117464506,74.93086770971051,5.711158707580433,218.60482717217323,437.20965434434646,179.25595828118207
0.07,0.42,8.038126071549005,76.75844984897174,5.69940996525661,218.1551230198826,436.3102460397652,183.2503033367014
0.07,0.43,8.229510025633505,78.58603198823296,5.687661222932788,217.70541886759202,435.41083773518403,187.22666022612913
0.07,0.44,8.420893979718006,80.4136141274942,5.675912480608965,217.2557147153014,434.5114294306028,191.18502894946522
0.07,0.45,8.612277933802506,82.24119626675542,5.6641637382851435,216.80601056301083,433.61202112602166,195.12540950670976
0.07,0.46,8.803661887887007,84.06877840601666,5.652414995961322,216.35630641072024,432.7126128214405,199.04780189786263
0.07,0.47000000000000003,8.995045841971507,85.89636054527789,5.640666253637499,215.90660225842961,431.81320451685923,202.95220612292385
0.07,0.48,9.186429796056006,87.72394268453911,5.628917511313677,215.45689810613902,430.91379621227804,206.83862218189344
0.07,0.49,9.377813750140506,89.55152482380035,5.617168768989854,215.0071939538484,430.0143879076968,210.70705007477142
0.07,0.5,9.569197704225006,91.37910696306157,5.605420026666033,214.5574898015578,429.1149796031156,214.5574898015578
0.07,0.51,9.760581658309507,93.20668910232281,5.593671284342211,214.1077856492672,428.2155712985344,218.38994136225256
0.07,0.52,9.951965612394007,95.03427124158405,5.581922542018388,213.6580814969766,427.3161629939532,222.20440475685567
0.07,0.53,10.143349566478507,96.86185338084528,5.570173799694566,213.208377344686,426.416754689372,226.00087998536716
0.07,0.54,10.334733520563008,98.68943552010651,5.558425057370743,212.75867319239538,425.51734638479076,229.77936704778702
0.07,0.55,10.526117474647508,100.51701765936775,5.546897894043793,212.31745037301746,424.63490074603493,233.54919541031924
0.07,0.56,10.717501428732009,102.34459979862898,5.535932401208226,211.89772649754624,423.7954529950925,237.32545367725183
0.07,0.5700000000000001,10.908885382816509,104.17218193789022,5.524966908372659,211.47800262207502,422.95600524415005,241.08492298916556
0.07,0.58,11.100269336901006,105.99976407715143,5.514001415537091,211.0582787466038,422.1165574932076,244.82760334606039
0.07,0.59,11.291653290985506,107.82734621641266,5.503035922701524,210.63855487113256,421.2771097422651,248.5534947479364
0.07,0.6,11.483037245070006,109.6549283556739,5.492070429865956,210.21883099566134,420.43766199132267,252.26259719479359
0.07,0.61,11.674421199154507,111.48251049493514,5.481104937030389,209.7991071201901,419.5982142403802,255.9549106866319
0.07,0.62,11.865805153239007,113.31009263419637,5.470139444194822,209.3793832447189,418.7587664894378,259.6304352234514
0.07,0.63,12.057189107323508,115.1376747734576,5.459173951359254,208.95965936924765,417.9193187384953,263.289170805252
0.07,0.64,12.248573061408008,116.96525691271884,5.448208458523687,208.53993549377643,417.07987098755285,266.93111743203383
0.07,0.65,12.439957015492508,118.79283905198007,5.437242965688119,208.12021161830518,416.24042323661035,270.55627510379674
0.07,0.66,12.631340969577009,120.6204211912413,5.4262774728525525,207.70048774283399,415.40097548566797,274.16464382054085
0.07,0.67,12.822724923661509,122.44800333050254,5.415311980016985,207.28076386736274,414.5615277347255,277.7562235822661
0.07,0.68,13.01410887774601,124.27558546976377,5.404346487181417,206.86103999189152,413.72207998378303,281.3310143889725
0.07,0.6900000000000001,13.20549283183051,126.10316760902501,5.39338099434585,206.44131611642027,412.88263223284054,284.88901624066
0.07,0.7000000000000001,13.39687678591501,127.93074974828625,5.382415501510282,206.02159224094905,412.0431844818981,288.4302291373287
0.07,0.71,13.588260739999509,129.75833188754746,5.3714500086747154,205.60186836547783,411.20373673095565,291.9546530789785
0.07,0.72,13.77964469408401,131.5859140268087,5.360484515839148,205.1821444900066,410.3642889800132,295.4622880656095
0.07,0.73,13.97102864816851,133.41349616606993,5.34951902300358,204.76242061453536,409.5248412290707,298.9531340972216
0.07,0.74,14.16241260225301,135.24107830533117,5.338553530168013,204.3426967390641,408.6853934781282,302.4271911738149
0.07,0.75,14.35379655633751,137.06866044459238,5.327588037332446,203.92297286359292,407.84594572718584,305.8844592953894
0.07,0.76,14.545180510422009,138.89624258385362,5.316622544496878,203.5032489881217,407.0064979762434,309.324938461945
0.07,0.77,14.73656446450651,140.72382472311483,5.305657051661311,203.08352511265045,406.1670502253009,312.7486286734817
0.07,0.78,14.92794841859101,142.55140686237607,5.294691558825743,202.6638012371792,405.3276024743584,316.15552992999955
0.07,0.79,15.11933237267551,144.3789890016373,5.283726065990177,202.244077361708,404.488154723416,319.5456422314987
0.07,0.8,15.31071632676001,146.20657114089855,5.272760573154609,201.8243534862368,403.6487069724736,322.9189655779789
0.07,0.81,15.50210028084451,148.03415328015979,5.261795080319041,201.40462961076554,402.8092592215311,326.2754999694402
0.07,0.8200000000000001,15.693484234929011,149.86173541942102,5.250829587483474,200.9849057352943,401.9698114705886,329.61524540588266
0.07,0.8300000000000001,15.884868189013511,151.68931755868226,5.238174777089224,200.50052020500607,401.00104041001214,332.8308635403101
0.07,0.84,16.07625214309801,153.51689969794347,5.225381702114396,200.01084235028964,400.02168470057927,336.0182151484866
0.07,0.85,16.26763609718251,155.3444818372047,5.212588627139567,199.52116449557323,399.04232899114646,339.1859796424745
0.07,0.86,16.45902005126701,157.17206397646592,5.199795552164739,199.0314866408568,398.0629732817136,342.3341570222737
0.07,0.87,16.65040400535151,158.99964611572716,5.18700247718991,198.54180878614036,397.08361757228073,345.4627472878842
0.07,0.88,16.84178795943601,160.8272282549884,5.174209402215081,198.0521309314239,396.1042618628478,348.5717504393061
0.07,0.89,17.033171913520512,162.65481039424964,5.161416327240253,197.5624530767075,395.124906153415,351.66116647653934
0.07,0.9,17.224555867605012,164.48239253351085,5.148623252265424,197.07277522199107,394.14555044398213,354.73099539958395
0.07,0.91,17.415939821689513,166.3099746727721,5.135830177290595,196.5830973672746,393.1661947345492,357.7812372084398
0.07,0.92,17.607323775774013,168.13755681203332,5.123037102315767,196.09341951255817,392.18683902511634,360.81189190310704
0.07,0.93,17.798707729858513,169.96513895129456,5.110244027340938,195.60374165784174,391.2074833156835,363.82295948358563
0.07,0.9400000000000001,17.990091683943014,171.79272109055577,5.09745095236611,195.11406380312533,390.22812760625067,366.81443994987563
0.07,0.9500000000000001,18.181475638027514,173.62030322981704,5.0846578773912805,194.62438594840887,389.24877189681774,369.78633330197687
0.07,0.96,18.37285959211201,175.44788536907822,5.071864802416453,194.13470809369247,388.26941618738493,372.7386395398895
0.07,0.97,18.56424354619651,177.27546750833946,5.059071727441624,193.645030238976,387.290060477952,375.67135866361343
0.07,0.98,18.755627500281012,179.1030496476007,5.046278652466795,193.1553523842596,386.3107047685192,378.5844906731488
0.07,0.99,18.947011454365512,180.93063178686194,5.033485577491967,192.66567452954317,385.33134905908634,381.47803556849544
0.07,1.0,19.138395408450013,182.75821392612315,5.0206925025171385,192.17599667482673,384.35199334965347,384.35199334965347
0.07,1.01,19.329779362534513,184.58579606538441,5.007899427542309,191.68631882011027,383.37263764022055,387.20636401662273
0.07,1.02,19.521163316619013,186.41337820464562,4.995106352567481,191.19664096539387,382.39328193078774,390.0411475694035
0.07,1.03,19.712547270703514,188.24096034390686,4.982313277592652,190.70696311067744,381.41392622135487,392.8563440079955
0.07,1.04,19.903931224788014,190.0685424831681,4.969520202617824,190.217285255961,380.434570511922,395.6519533323989
0.07,1.05,20.095315178872514,191.89612462242934,4.956727127642995,189.72760740124454,379.4552148024891,398.4279755426135
0.07,1.06,20.286699132957015,193.72370676169055,4.943934052668166,189.23792954652814,378.4758590930563,401.1844106386397
0.07,1.07,20.478083087041515,195.55128890095182,4.931140977693338,188.7482516918117,377.4965033836234,403.9212586204771
0.07,1.08,20.669467041126016,197.37887104021303,4.9183479027185095,188.25857383709527,376.51714767419054,406.63851948812584
0.07,1.09,20.860850995210516,199.20645317947427,4.90555482774368,187.7688959823788,375.5377919647576,409.3361932415858
0.07,1.1,21.052234949295016,201.0340353187355,4.888367102664226,187.11100502489415,374.2220100497883,411.6442110547672
0.07,1.11,21.243618903379517,202.86161745799674,4.867806803597537,186.32402275838558,372.64804551677116,413.639330523616
0.07,1.12,21.435002857464017,204.68919959725795,4.847246504530848,185.53704049187706,371.07408098375413,415.6029707018047
0.07,1.1300000000000001,21.626386811548517,206.51678173651922,4.826686205464159,184.7500582253685,369.500116450737,417.5351315893328
0.07,1.1400000000000001,21.817770765633018,208.34436387578043,4.806125906397471,183.96307595885995,367.9261519177199,419.43581318620073
0.07,1.1500000000000001,22.009154719717518,210.1719460150417,4.785565607330781,183.17609369235137,366.35218738470275,421.3050154924082
0.07,1.16,22.20053867380201,211.99952815430285,4.765005308264093,182.38911142584283,364.77822285168565,423.14273850795536
0.07,1.17,22.39192262788651,213.8271102935641,4.744445009197404,181.6021291593343,363.2042583186686,424.94898223284224
0.07,1.18,22.583306581971012,215.65469243282533,4.723884710130715,180.81514689282574,361.6302937856515,426.7237466670687
0.07,1.19,22.774690536055513,217.48227457208654,4.703324411064027,180.0281646263172,360.0563292526344,428.4670318106349
0.07,1.2,22.966074490140013,219.3098567113478,4.682764111997337,179.24118235980862,358.48236471961724,430.17883766354066
0.07,1.21,23.157458444224513,221.13743885060902,4.662203812930649,178.45420009330007,356.90840018660015,431.8591642257862
0.07,1.22,23.348842398309014,222.96502098987028,4.64164351386396,177.6672178267915,355.334435653583,433.5080114973712
0.07,1.23,23.540226352393514,224.7926031291315,4.621083214797271,176.88023556028296,353.7604711205659,435.12537947829605
0.07,1.24,23.731610306478014,226.62018526839273,4.600522915730582,176.0932532937744,352.1865065875488,436.71126816856054
0.07,1.25,23.922994260562515,228.44776740765394,4.579962616663893,175.30627102726586,350.61254205453173,438.2656775681647
0.07,1.26,24.114378214647015,230.2753495469152,4.559402317597204,174.5192887607573,349.0385775215146,439.78860767710836
0.07,1.27,24.305762168731516,232.10293168617642,4.538842018530516,173.73230649424875,347.4646129884975,441.2800584953918
0.07,1.28,24.497146122816016,233.93051382543769,4.518281719463826,172.94532422774017,345.89064845548035,442.74003002301487
0.07,1.29,24.688530076900516,235.7580959646989,4.497721420397138,172.15834196123163,344.31668392246326,444.16852225997764
0.07,1.3,24.879914030985017,237.58567810396013,4.4771611213304485,171.37135969472305,342.7427193894461,445.56553520627995
0.07,1.31,25.071297985069517,239.41326024322134,4.45660082226376,170.58437742821454,341.1687548564291,446.9310688619221
0.07,1.32,25.262681939154017,241.2408423824826,4.42931929362529,169.54012806335453,339.08025612670906,447.58593808725595
0.07,1.33,25.454065893238518,243.06842452174382,4.398859591304269,168.3742284092678,336.7484568185356,447.87544756865236
0.07,1.34,25.645449847323018,244.8960066610051,4.368399888983249,167.20832875518104,334.4166575103621,448.1183210638852
0.07,1.35,25.83683380140752,246.7235888002663,4.3379401866622285,166.0424291010943,332.0848582021886,448.3145585729547
0.07,1.36,26.02821775549202,248.55117093952754,4.307480484341208,164.87652944700756,329.7530588940151,448.46416009586056
0.07,1.37,26.21960170957652,250.37875307878878,4.2770207820201875,163.71062979292083,327.42125958584165,448.5671256326031
0.07,1.3800000000000001,26.41098566366102,252.20633521805001,4.246561079699166,162.54473013883404,325.0894602776681,448.623455183182
0.07,1.3900000000000001,26.60236961774552,254.03391735731122,4.216101377378147,161.37883048474734,322.7576609694947,448.63314874759766
0.07,1.4000000000000001,26.79375357183002,255.8614994965725,4.185641675057125,160.21293083066055,320.4258616613211,448.5962063258496
0.07,1.41,26.985137525914517,257.68908163583365,4.155181972736106,159.04703117657385,318.0940623531477,448.51262791793823
0.07,1.42,27.176521479999018,259.5166637750949,4.124722270415085,157.8811315224871,315.7622630449742,448.3824135238633
0.07,1.43,27.367905434083518,261.3442459143561,4.094262568094065,156.71523186840037,313.43046373680073,448.205563143625
0.07,1.44,27.55928938816802,263.1718280536174,4.063802865773043,155.54933221431358,311.09866442862716,447.9820767772231
0.07,1.45,27.75067334225252,264.9994101928786,4.033343163452024,154.38343256022685,308.7668651204537,447.71195442465785
0.07,1.46,27.94205729633702,266.82699233213987,4.0028834611310025,153.2175329061401,306.4350658122802,447.39519608592906
0.07,1.47,28.13344125042152,268.6545744714011,3.972423758809982,152.05163325205334,304.10326650410667,447.0318017610368
0.07,1.48,28.32482520450602,270.48215661066234,3.9379460847334418,150.73193853357236,301.4638770671447,446.1665380593742
0.07,1.49,28.51620915859052,272.30973874992355,3.8922565312519115,148.98308905244227,297.96617810488453,443.96960537627797
0.07,1.5,28.70759311267502,274.13732088918476,3.8465669777703813,147.23423957131214,294.4684791426243,441.7027187139364
0.07,1.51,28.898977066759517,275.964903028446,3.800877424288851,145.48539009018205,290.9707801803641,439.3658780723498
0.07,1.52,29.090361020844018,277.79248516770724,3.755187870807319,143.7365406090519,287.4730812181038,436.95908345151776
0.07,1.53,29.281744974928518,279.62006730696845,3.7094983173257887,141.98769112792178,283.97538225584356,434.48233485144067
0.07,1.54,29.47312892901302,281.44764944622966,3.6638087638442585,140.23884164679168,280.47768329358337,431.93563227211837
0.07,1.55,29.66451288309752,283.2752315854909,3.618119210362727,138.48999216566153,276.97998433132307,429.31897571355074
0.07,1.56,29.85589683718202,285.10281372475214,3.5724296568811966,136.74114268453144,273.4822853690629,426.63236517573813
0.07,1.57,30.04728079126652,286.93039586401335,3.5267401033996664,134.99229320340135,269.9845864068027,423.87580065868025
0.07,1.58,30.23866474535102,288.7579780032746,3.481050549918135,133.2434437222712,266.4868874445424,421.049282162377
0.07,1.59,30.43004869943552,290.5855601425358,3.4353609964366045,131.4945942411411,262.9891884822822,418.15280968682873
0.07,1.6,30.62143265352002,292.4131422817971,3.389671442955073,129.74574476001095,259.4914895200219,415.18638323203504
0.07,1.61,30.81281660760452,294.2407244210583,3.3439818894735427,127.99689527888084,255.99379055776168,412.15000279799636
0.07,1.62,31.00420056168902,296.06830656031957,3.298292335992011,126.24804579775069,252.49609159550138,409.04366838471225
0.07,1.6300000000000001,31.195584515773522,297.8958886995808,3.252602782510481,124.4991963166206,248.9983926332412,405.8673799921832
0.07,1.6400000000000001,31.386968469858022,299.72347083884205,3.206913229028949,122.75034683549043,245.50069367098087,402.62113762040866
0.07,1.6500000000000001,31.578352423942523,301.55105297810326,3.1715640287347737,121.39729289028558,242.79458578057117,400.61106653794246
0.07,1.6600000000000001,31.769736378027023,303.3786351173645,3.1380583561816504,120.11480327079013,240.22960654158027,398.7811468590233
0.07,1.67,31.96112033211152,305.2062172566257,3.1045526836285293,118.83231365129478,237.66462730258957,396.8999275953246
0.07,1.68,32.15250428619602,307.03379939588694,3.071047011075406,117.54982403179933,235.09964806359866,394.96740874684576
0.07,1.69,32.34388824028052,308.86138153514815,3.037541338522284,116.26733441230392,232.53466882460785,392.98359031358723
0.07,1.7,32.53527219436502,310.6889636744094,3.0040356659691607,114.98484479280847,229.96968958561695,390.9484722955488
0.07,1.71,32.72665614844952,312.51654581367063,2.9705299934160383,113.70235517331307,227.40471034662613,388.8620546927307
0.07,1.72,32.91804010253402,314.34412795293184,2.9370243208629163,112.41986555381767,224.83973110763534,386.7243375051328
0.07,1.73,33.10942405661852,316.1717100921931,2.903518648309793,111.13737593432222,222.27475186864444,384.5353207327549
0.07,1.74,33.30080801070302,317.9992922314543,2.870012975756671,109.85488631482681,219.70977262965363,382.29500437559733
0.07,1.75,33.49219196478752,319.82687437071553,2.8365073032035486,108.5723966953314,217.1447933906628,380.0033884336599
0.07,1.76,33.68357591887202,321.6544565099768,2.8030016306504253,107.28990707583596,214.5798141516719,377.6604729069426
0.07,1.77,33.874959872956524,323.482038649238,2.7694959580973033,106.00741745634056,212.01483491268112,375.2662577954456
0.07,1.78,34.066343827041024,325.3096207884993,2.73599028554418,104.72492783684511,209.44985567369022,372.8207430991686
0.07,1.79,34.257727781125524,327.13720292776054,2.7024846129910567,103.44243821734966,206.88487643469932,370.32392881811177
0.07,1.8,34.449111735210025,328.9647850670217,2.6689789404379356,102.1599485978543,204.3198971957086,367.7758149522755
0.07,1.81,34.640495689294525,330.79236720628296,2.6367938798952837,100.92800776803395,201.8560155360679,365.3593881202829
0.07,1.82,34.831879643379025,332.6199493455442,2.606334177574263,99.76210811394718,199.52421622789436,363.13407353476777
0.07,1.83,35.023263597463526,334.44753148480544,2.5758744752532428,98.59620845986046,197.19241691972093,360.8621229630893
0.07,1.84,35.214647551548026,336.27511362406665,2.5454147729322223,97.4303088057737,194.8606176115474,358.54353640524727
0.07,1.85,35.40603150563253,338.1026957633279,2.5149550706112014,96.26440915168695,192.5288183033739,356.17831386124175
0.07,1.86,35.59741545971703,339.9302779025891,2.4844953682901814,95.09850949760022,190.19701899520044,353.76645533107285
0.07,1.87,35.78879941380153,341.7578600418504,2.45403566596916,93.93260984351345,187.8652196870269,351.3079608147403
0.07,1.8800000000000001,35.98018336788603,343.58544218111155,2.423575963648141,92.76671018942675,185.5334203788535,348.80283031224457
0.07,1.8900000000000001,36.17156732197053,345.4130243203728,2.3931162613271195,91.60081053533997,183.20162107067995,346.2510638235851
0.07,1.9000000000000001,36.36295127605503,347.2406064596341,2.3626565590060986,90.43491088125322,180.86982176250643,343.65266134876225
0.07,1.9100000000000001,36.55433523013953,349.06818859889535,2.3321968566850773,89.26901122716643,178.53802245433286,341.00762288777577
0.07,1.92,36.74571918422402,350.89577073815644,2.301737154364059,88.10311157307977,176.20622314615954,338.3159484406263
0.07,1.93,36.93710313830852,352.7233528774177,2.271277452043038,86.93721191899301,173.87442383798603,335.577638007313
0.07,1.94,37.12848709239302,354.5509350166789,2.240817749722018,85.77131226490629,171.54262452981257,332.7926915878364
0.07,1.95,37.31987104647752,356.3785171559402,2.2103580474009967,84.60541261081951,169.21082522163903,329.9611091821961
0.07,1.96,37.511255000562024,358.2060992952014,2.1798983450799767,83.43951295673278,166.87902591346557,327.0828907903925
0.07,1.97,37.702638954646524,360.0336814344626,2.149073760552278,82.2596467827482,164.5192935654964,324.10300832402794
0.07,1.98,37.894022908731024,361.8612635737239,2.0988152517225935,80.33591235350505,160.6718247070101,318.13021291988
0.07,1.99,38.085406862815525,363.68884571298514,2.0485567428929086,78.41217792426188,156.82435584852377,312.0804681385623
0.07,2.0,38.276790816900025,365.5164278522463,1.998298234063227,76.48844349501883,152.97688699003766,305.9537739800753
0.07,2.0100000000000002,38.46817477098453,367.3440099915076,1.9480397252335404,74.5647090657756,149.1294181315512,299.75013044441795
0.07,2.02,38.659558725069026,369.17159213076883,1.8977812164038572,72.64097463653249,145.28194927306498,293.46953753159124
0.07,2.0300000000000002,38.85094267915353,370.99917427003015,1.847522707574171,70.71724020728927,141.43448041457853,287.11199524159446
0.07,2.04,39.04232663323803,372.82675640929125,1.7972641987444906,68.79350577804628,137.58701155609256,280.67750357442884
0.07,2.05,39.23371058732252,374.6543385485524,1.747005689914809,66.86977134880323,133.73954269760645,274.1660625300932
0.07,2.06,39.42509454140703,376.4819206878137,1.6967471810851227,64.94603691956,129.89207383912,267.5776721085872
0.07,2.07,39.61647849549152,378.30950282707494,1.6464886722554395,63.022302490316896,126.04460498063379,260.9123323099119
0.07,2.08,39.80786244957603,380.1370849663362,1.5967099608079312,61.1169331651058,122.2338663302116,254.24644196684014
0.07,2.09,39.99924640366052,381.96466710559736,1.5528479894656635,59.43803766322095,118.8760753264419,248.45099743226356
0.07,2.1,40.19063035774503,383.7922492448587,1.5089860181233918,57.75914216133596,115.51828432267192,242.58839707761103
0.07,2.11,40.38201431182952,385.6198313841199,1.4651240467811226,56.080246659451056,112.16049331890211,236.65864090288343
0.07,2.12,40.57339826591403,387.4474135233811,1.4212620754388536,54.40135115756616,108.80270231513232,230.66172890808053
0.07,2.13,40.76478221999852,389.2749956626423,1.3774001040965846,52.72245565568127,105.44491131136255,224.59766109320222
0.07,2.14,40.95616617408303,391.10257780190364,1.3335381327543128,51.043560153796264,102.08712030759253,218.466437458248
0.07,2.15,41.147550128167524,392.9301599411648,1.289676161412045,49.364664651911426,98.72932930382285,212.26805800321912
0.07,2.16,41.33893408225203,394.75774208042606,1.2458141900697748,47.68576915002648,95.37153830005296,206.0025227281144
0.07,2.17,41.530318036336524,396.5853242196872,1.2019522187275071,46.006873648141635,92.01374729628327,199.6698316329347
0.07,2.18,41.72170199042103,398.41290635894853,1.1580902473852352,44.32797814625663,88.65595629251327,193.26998471767894
0.07,2.19,41.913085944505525,400.24048849820974,1.1142282760429663,42.64908264437174,85.29816528874348,186.8029819823482
0.07,2.2,42.10446989859003,402.068070637471,1.0703663047006957,40.970187142486786,81.94037428497357,180.26882342694188
0.07,2.21,42.295853852674526,403.89565277673216,1.026504333358428,39.29129164060195,78.5825832812039,173.6675090514606
0.07,2.22,42.48723780675903,405.7232349159935,0.9710706033602605,37.16946635326157,74.33893270652314,165.03243060848138
0.07,2.23,42.67862176084353,407.5508170552547,0.8979673177898121,34.37130718345341,68.74261436690682,153.29603003820222
0.07,2.24,42.870005714928034,409.3783991945159,0.8248640322193637,31.573148013645255,63.14629602729051,141.44770310113077
0.07,2.25,43.06138966901253,411.2059813337771,0.7517607466489153,28.7749888438371,57.5499776876742,129.48744979726695
0.07,2.2600000000000002,43.252773623097035,413.03356347303844,0.6786574610784624,25.976829674028764,51.95365934805753,117.41527012661003
0.07,2.27,43.44415757718153,414.8611456122996,0.6055541755080163,23.178670504220694,46.35734100844139,105.23116408916195
0.07,2.2800000000000002,43.635541531266036,416.68872775156086,0.5324508899375655,20.380511334412446,40.76102266882489,92.93513168492076
0.07,2.29,43.82692548535053,418.5163098908221,0.4593476043671171,17.582352164604288,35.164704329208575,80.52717291388764
0.07,2.3000000000000003,44.018309439435036,420.3438920300834,0.3862443187966642,14.784192994795957,29.568385989591913,68.0072877760614
0.07,2.31,44.20969339351953,422.17147416934455,0.313141033226218,11.986033824987882,23.972067649975763,55.375476271444015
0.07,2.32,44.40107734760402,423.9990563086057,0.2400377476557719,9.187874655179812,18.375749310359623,42.63173840003432
0.07,2.33,44.59246130168853,425.82663844786697,0.16693446208532126,6.389715485371568,12.779430970743135,29.776074161831506
0.07,2.34,44.78384525577302,427.6542205871282,0.09383117651487283,3.591556315563408,7.183112631126816,16.808483556836748
0.07,2.35,44.97522920985753,429.4818027263895,0.020727890944419847,0.7933971457550745,1.586794291510149,3.72896658504885
0.07,2.36,45.166613163942024,431.30938486565066,0.0,0.0,0.0,0.0
0.07,2.37,45.35799711802653,433.1369670049119,0.0,0.0,0.0,0.0
0.07,2.38,45.549381072111025,434.9645491441731,0.0,0.0,0.0,0.0
0.07,2.39,45.74076502619553,436.7921312834344,0.0,0.0,0.0,0.0
0.07,2.4,45.932148980280026,438.6197134226956,0.0,0.0,0.0,0.0
0.07,2.41,46.12353293436453,440.4472955619569,0.0,0.0,0.0,0.0
0.07,2.42,46.31491688844903,442.27487770121803,0.0,0.0,0.0,0.0
0.07,2.43,46.506300842533534,444.10245984047936,0.0,0.0,0.0,0.0
0.07,2.44,46.69768479661803,445.93004197974057,0.0,0.0,0.0,0.0
0.07,2.45,46.889068750702535,447.7576241190018,0.0,0.0,0.0,0.0
0.07,2.46,47.08045270478703,449.585206258263,0.0,0.0,0.0,0.0
0.07,2.47,47.271836658871536,451.4127883975243,0.0,0.0,0.0,0.0
0.07,2.48,47.46322061295603,453.24037053678546,0.0,0.0,0.0,0.0
0.07,2.49,47.654604567040536,455.06795267604673,0.0,0.0,0.0,0.0
0.07,2.5,47.84598852112503,456.8955348153079,0.0,0.0,0.0,0.0
0.09,0.0,0.0,0.0,6.0,181.95405180153577,363.90810360307154,0.0
0.09,0.01,0.15162837650127986,1.4479443379906605,6.0,181.95405180153577,363.90810360307154,3.6390810360307153
0.09,0.02,0.3032567530025597,2.895888675981321,6.0,181.95405180153577,363.90810360307154,7.278162072061431
0.09,0.03,0.4548851295038395,4.343833013971981,6.0,181.95405180153577,363.90810360307154,10.917243108092146
0.09,0.04,0.6065135060051194,5.791777351962642,6.0,181.95405180153577,363.90810360307154,14.556324144122861
0.09,0.05,0.7581418825063992,7.239721689953303,6.0,181.95405180153577,363.90810360307154,18.19540518015358
0.09,0.06,0.909770259007679,8.687666027943962,6.0,181.95405180153577,363.90810360307154,21.834486216184292
0.09,0.07,1.061398635508959,10.135610365934625,6.0,181.95405180153577,363.90810360307154,25.47356725221501
0.09,0.08,1.2130270120102389,11.583554703925284,6.0,181.95405180153577,363.90810360307154,29.112648288245722
0.09,0.09,1.3646553885115187,13.031499041915945,6.0,181.95405180153577,363.90810360307154,32.75172932427644
0.09,0.1,1.5162837650127985,14.479443379906606,6.0,181.95405180153577,363.90810360307154,36.39081036030716
0.09,0.11,1.6679121415140783,15.927387717897265,6.0,181.95405180153577,363.90810360307154,40.02989139633787
0.09,0.12,1.819540518015358,17.375332055887924,6.0,181.95405180153577,363.90810360307154,43.668972432368584
0.09,0.13,1.9711688945166381,18.823276393878587,6.0,181.95405180153577,363.90810360307154,47.3080534683993
0.09,0.14,2.122797271017918,20.27122073186925,6.0,181.95405180153577,363.90810360307154,50.94713450443002
0.09,0.15,2.2744256475191977,21.71916506985991,6.0,181.95405180153577,363.90810360307154,54.58621554046073
0.09,0.16,2.4260540240204778,23.167109407850567,6.0,181.95405180153577,363.90810360307154,58.225296576491445
0.09,0.17,2.577682400521758,24.61505374584123,6.0,181.95405180153577,363.90810360307154,61.86437761252217
0.09,0.18,2.7293107770230374,26.06299808383189,6.0,181.95405180153577,363.90810360307154,65.50345864855288
0.09,0.19,2.880939153524317,27.51094242182255,6.0,181.95405180153577,363.90810360307154,69.1425396845836
0.09,0.2,3.032567530025597,28.95888675981321,6.0,181.95405180153577,363.90810360307154,72.78162072061431
0.09,0.21,3.1841959065268766,30.40683109780387,5.9973846572284035,181.87473976584548,363.74947953169095,76.3873907016551
0.09,0.22,3.3358242830281566,31.85477543579453,5.988076443627035,181.59246190254495,363.1849238050899,79.90068323711978
0.09,0.23,3.4874526595294366,33.30271977378519,5.978768230025667,181.3101840392444,362.6203680784888,83.40268465805244
0.09,0.24,3.639081036030716,34.75066411177585,5.969460016424298,181.02790617594388,362.05581235188777,86.89339496445307
0.09,0.25,3.7907094125319962,36.19860844976651,5.96015180282293,180.74562831264336,361.4912566252867,90.37281415632168
0.09,0.26,3.9423377890332763,37.64655278775717,5.950843589221561,180.46335044934284,360.9267008986857,93.84094223365828
0.09,0.27,4.093966165534556,39.094497125747836,5.941535375620193,180.18107258604232,360.36214517208464,97.29777919646286
0.09,0.28,4.245594542035836,40.5424414637385,5.932227162018824,179.8987947227418,359.7975894454836,100.74332504473541
0.09,0.29,4.397222918537115,41.990385801729154,5.922918948417456,179.61651685944125,359.2330337188825,104.17757977847592
0.09,0.3,4.5488512950383955,43.43833013971982,5.9136107348160865,179.3342389961407,358.6684779922814,107.60054339768442
0.09,0.31,4.700479671539675,44.88627447771047,5.904302521214718,179.05196113284018,358.10392226568035,111.01221590236091
0.09,0.32,4.8521080480409555,46.334218815701135,5.8949943076133495,178.76968326953966,357.5393665390793,114.41259729250538
0.09,0.33,5.003736424542235,47.7821631536918,5.885686094011981,178.48740540623913,356.97481081247827,117.80168756811783
0.09,0.34,5.155364801043516,49.23010749168246,5.876377880410613,178.2051275429386,356.4102550858772,121.17948672919826
0.09,0.35000000000000003,5.306993177544795,50.67805182967312,5.867069666809244,177.92284967963806,355.8456993592761,124.54599477574665
0.09,0.36,5.458621554046075,52.12599616766378,5.857761453207876,177.64057181633754,355.2811436326751,127.90121170776303
0.09,0.37,5.610249930547354,53.57394050565444,5.848453239606507,177.35829395303702,354.71658790607404,131.2451375252474
0.09,0.38,5.761878307048634,55.0218848436451,5.839145026005139,177.0760160897365,354.152032179473,134.57777222819973
0.09,0.39,5.913506683549914,56.46982918163577,5.82983681240377,176.79373822643598,353.58747645287195,137.89911581662005
0.09,0.4,6.065135060051194,57.91777351962642,5.820528598802402,176.51146036313546,353.0229207262709,141.20916829050836
0.09,0.41000000000000003,6.216763436552474,59.36571785761709,5.8112203852010325,176.22918249983488,352.45836499966975,144.50792964986462
0.09,0.42,6.368391813053753,60.81366219560774,5.801912171599664,175.94690463653436,351.8938092730687,147.79539989468884
0.09,0.43,6.520020189555034,62.26160653359841,5.7926039579982955,175.66462677323383,351.32925354646767,151.0715790249811
0.09,0.44,6.671648566056313,63.70955087158906,5.783295744396927,175.3823489099333,350.7646978198666,154.33646704074133
0.09,0.45,6.823276942557594,65.15749520957972,5.773987530795559,175.1000710466328,350.2001420932656,157.5900639419695
0.09,0.46,6.974905319058873,66.60543954757038,5.76467931719419,174.81779318333227,349.63558636666454,160.8323697286657
0.09,0.47000000000000003,7.126533695560154,68.05338388556105,5.755371103592822,174.53551532003172,349.07103064006344,164.06338440082982
0.09,0.48,7.278162072061432,69.5013282235517,5.746062889991453,174.2532374567312,348.5064749134624,167.28310795846195
0.09,0.49,7.429790448562713,70.94927256154237,5.736754676390085,173.97095959343068,347.94191918686136,170.49154040156205
0.09,0.5,7.5814188250639925,72.39721689953302,5.727446462788716,173.68868173013016,347.3773634602603,173.68868173013016
0.09,0.51,7.733047201565272,73.84516123752368,5.718138249187348,173.40640386682963,346.81280773365927,176.87453194416622
0.09,0.52,7.8846755780665525,75.29310557551435,5.708830035585979,173.1241260035291,346.2482520070582,180.04909104367027
0.09,0.53,8.036303954567833,76.74104991350502,5.699521821984611,172.84184814022856,345.6836962804571,183.21235902864228
0.09,0.54,8.187932331069112,78.18899425149567,5.690213608383242,172.55957027692804,345.1191405538561,186.3643358990823
0.09,0.55,8.339560707570392,79.63693858948633,5.680905394781873,172.2772924136275,344.554584827255,189.50502165499026
0.09,0.56,8.491189084071673,81.084882927477,5.671597181180505,171.99501455032697,343.99002910065394,192.63441629636623
0.09,0.5700000000000001,8.642817460572953,82.53282726546766,5.662288967579136,171.71273668702645,343.4254733740529,195.75251982321018
0.09,0.58,8.79444583707423,83.98077160345831,5.652980753977768,171.43045882372593,342.86091764745186,198.85933223552206
0.09,0.59,8.94607421357551,85.42871594144896,5.643672540376399,171.14818096042538,342.29636192085076,201.95485353330193
0.09,0.6,9.097702590076791,86.87666027943963,5.634364326775031,170.86590309712486,341.7318061942497,205.0390837165498
0.09,0.61,9.249330966578071,88.3246046174303,5.625056113173662,170.58362523382434,341.16725046764867,208.11202278526568
0.09,0.62,9.40095934307935,89.77254895542094,5.615747899572294,170.3013473705238,340.6026947410476,211.17367073944953
0.09,0.63,9.55258771958063,91.22049329341162,5.606439685970925,170.0190695072233,340.0381390144466,214.22402757910135
0.09,0.64,9.704216096081911,92.66843763140227,5.597131472369557,169.73679164392277,339.47358328784554,217.26309330422114
0.09,0.65,9.85584447258319,94.11638196939293,5.587823258768188,169.45451378062222,338.90902756124444,220.2908679148089
0.09,0.66,10.00747284908447,95.5643263073836,5.57851504516682,169.1722359173217,338.3444718346434,223.30735141086464
0.09,0.67,10.15910122558575,97.01227064537427,5.569206831565451,168.88995805402115,337.7799161080423,226.31254379238837
0.09,0.68,10.310729602087031,98.46021498336492,5.559898617964082,168.60768019072063,337.21536038144126,229.30644505938008
0.09,0.6900000000000001,10.46235797858831,99.90815932135558,5.550590404362714,168.3254023274201,336.6508046548402,232.28905521183978
0.09,0.7000000000000001,10.61398635508959,101.35610365934625,5.541863378043923,168.06074936093967,336.12149872187933,235.28504910531555
0.09,0.71,10.765614731590869,102.8040479973369,5.533175712015979,167.79729002185917,335.59458004371834,238.27215183104002
0.09,0.72,10.91724310809215,104.25199233532756,5.524488045988035,167.53383068277867,335.06766136555734,241.24871618320128
0.09,0.73,11.068871484593428,105.69993667331822,5.5158003799600905,167.27037134369817,334.54074268739635,244.21474216179934
0.09,0.74,11.220499861094709,107.14788101130888,5.5071127139321465,167.00691200461767,334.01382400923535,247.17022976683415
0.09,0.75,11.37212823759599,108.59582534929953,5.4984250479042025,166.74345266553718,333.48690533107435,250.11517899830577
0.09,0.76,11.523756614097268,110.0437696872902,5.4897373818762585,166.47999332645668,332.95998665291336,253.04958985621417
0.09,0.77,11.675384990598548,111.49171402528086,5.4810497158483145,166.21653398737618,332.43306797475236,255.97346234055934
0.09,0.78,11.827013367099829,112.93965836327153,5.4723620498203704,165.9530746482957,331.9061492965914,258.8867964513413
0.09,0.79,11.97864174360111,114.38760270126218,5.463674383792426,165.6896153092152,331.3792306184304,261.78959218856005
0.09,0.8,12.130270120102388,115.83554703925284,5.454986717764482,165.42615597013472,330.85231194026943,264.68184955221557
0.09,0.81,12.281898496603668,117.28349137724351,5.446299051736538,165.16269663105422,330.32539326210843,267.56356854230785
0.09,0.8200000000000001,12.433526873104949,118.73143571523418,5.437611385708594,164.89923729197372,329.79847458394744,270.4347491588369
0.09,0.8300000000000001,12.58515524960623,120.17938005322483,5.428923719680651,164.63577795289325,329.2715559057865,273.2953914018028
0.09,0.84,12.736783626107506,121.62732439121548,5.420236053652707,164.37231861381275,328.7446372276255,276.1454952712054
0.09,0.85,12.888412002608787,123.07526872920614,5.411548387624763,164.10885927473225,328.2177185494645,278.98506076704484
0.09,0.86,13.040040379110067,124.52321306719682,5.402860721596819,163.84539993565176,327.6907998713035,281.814087889321
0.09,0.87,13.191668755611348,125.97115740518747,5.394173055568875,163.5819405965713,327.1638811931426,284.63257663803404
0.09,0.88,13.343297132112626,127.41910174317812,5.385485389540931,163.3184812574908,326.6369625149816,287.4405270131838
0.09,0.89,13.494925508613907,128.86704608116878,5.376797723512987,163.0550219184103,326.1100438368206,290.23793901477035
0.09,0.9,13.646553885115187,130.31499041915944,5.368110057485043,162.7915625793298,325.5831251586596,293.0248126427936
0.09,0.91,13.798182261616466,131.7629347571501,5.359422391457099,162.5281032402493,325.0562064804986,295.8011478972537
0.09,0.92,13.949810638117746,133.21087909514077,5.350734725429155,162.2646439011688,324.5292878023376,298.56694477815057
0.09,0.93,14.101439014619027,134.65882343313143,5.342047059401211,162.0011845620883,324.0023691241766,301.32220328548425
0.09,0.9400000000000001,14.253067391120307,136.1067677711221,5.333359393373267,161.7377252230078,323.4754504460156,304.0669234192547
0.09,0.9500000000000001,14.404695767621586,137.55471210911276,5.324671727345323,161.4742658839273,322.9485317678546,306.8011051794619
0.09,0.96,14.556324144122865,139.0026564471034,5.31598406131738,161.21080654484683,322.42161308969366,309.5247485661059
0.09,0.97,14.707952520624145,140.45060078509408,5.307296395289436,160.94734720576636,321.8946944115327,312.2378535791867
0.09,0.98,14.859580897125426,141.89854512308474,5.298608729261492,160.68388786668586,321.36777573337173,314.9404202187043
0.09,0.99,15.011209273626704,143.34648946107538,5.289921063233548,160.42042852760537,320.84085705521073,317.6324484846586
0.09,1.0,15.162837650127985,144.79443379906604,5.281233397205604,160.15696918852487,320.31393837704974,320.31393837704974
0.09,1.01,15.314466026629265,146.2423781370567,5.27254573117766,159.89350984944437,319.78701969888874,322.98488989587764
0.09,1.02,15.466094403130544,147.69032247504737,5.263858065149716,159.63005051036387,319.26010102072775,325.6453030411423
0.09,1.03,15.617722779631825,149.13826681303803,5.255170399121772,159.36659117128337,318.73318234256675,328.29517781284375
0.09,1.04,15.769351156133105,150.5862111510287,5.245896521942799,159.08535458317942,318.17070916635885,330.89753753301324
0.09,1.05,15.920979532634385,152.03415548901935,5.235760911576865,158.77798535425217,317.55597070850433,333.4337692439296
0.09,1.06,16.072607909135666,153.48209982701005,5.22562530121093,158.4706161253249,316.9412322506498,335.95770618568883
0.09,1.07,16.224236285636945,154.93004416500068,5.215489690844995,158.16324689639768,316.32649379279536,338.46934835829103
0.09,1.08,16.375864662138223,156.37798850299134,5.205354080479061,157.85587766747042,315.71175533494085,340.9686957617361
0.09,1.09,16.527493038639506,157.825932840982,5.195218470113126,157.5485084385432,315.0970168770864,343.4557483960242
0.09,1.1,16.679121415140784,159.27387717897267,5.185082859747191,157.24113920961594,314.4822784192319,345.9305062611551
0.09,1.11,16.830749791642063,160.7218215169633,5.174947249381257,156.93376998068874,313.8675399613775,348.392969357129
0.09,1.12,16.982378168143345,162.169765854954,5.164811639015322,156.62640075176145,313.2528015035229,350.8431376839457
0.09,1.1300000000000001,17.134006544644624,163.61771019294463,5.154676028649388,156.31903152283425,312.6380630456685,353.2810112416054
0.09,1.1400000000000001,17.285634921145906,165.06565453093532,5.144540418283452,156.01166229390697,312.02332458781393,355.7065900301079
0.09,1.1500000000000001,17.437263297647185,166.51359886892598,5.134404807917519,155.70429306497977,311.40858612995953,358.11987404945353
0.09,1.16,17.58889167414846,167.96154320691662,5.124269197551584,155.3969238360525,310.793847672105,360.5208632996418
0.09,1.17,17.740520050649742,169.40948754490728,5.114133587185649,155.08955460712528,310.17910921425056,362.90955778067314
0.09,1.18,17.89214842715102,170.8574318828979,5.103997976819715,154.78218537819802,309.56437075639604,365.2859574925473
0.09,1.19,18.0437768036523,172.30537622088858,5.09386236645378,154.4748161492708,308.9496322985416,367.6500624352645
0.09,1.2,18.195405180153582,173.75332055887927,5.083726756087845,154.16744692034354,308.3348938406871,370.0018726088245
0.09,1.21,18.34703355665486,175.2012648968699,5.0735911457219105,153.86007769141628,307.72015538283256,372.3413880132274
0.09,1.22,18.498661933156143,176.6492092348606,5.063455535355976,153.55270846248905,307.1054169249781,374.66860864847325
0.09,1.23,18.65029030965742,178.09715357285125,5.053319924990041,153.2453392335618,306.4906784671236,376.983534514562
0.09,1.24,18.8019186861587,179.5450979108419,5.043184314624107,152.9379700046346,305.8759400092692,379.2861656114938
0.09,1.25,18.953547062659982,180.99304224883258,5.033048704258172,152.6306007757073,305.2612015514146,381.57650193926827
0.09,1.26,19.10517543916126,182.44098658682324,5.022913093892238,152.3232315467801,304.6464630935602,383.85454349788586
0.09,1.27,19.25680381566254,183.88893092481388,5.012777483526303,152.01586231785285,304.0317246357057,386.1202902873462
0.09,1.28,19.408432192163822,185.33687526280454,5.002641873160369,151.70849308892562,303.41698617785124,388.3737423076496
0.09,1.29,19.5600605686651,186.7848196007952,4.992506262794434,151.40112385999836,302.8022477199967,390.6148995587958
0.09,1.3,19.71168894516638,188.23276393878587,4.982370652428499,151.09375463107114,302.18750926214227,392.84376204078495
0.09,1.31,19.86331732166766,189.68070827677656,4.9722350420625645,150.78638540214388,301.57277080428776,395.060329753617
0.09,1.32,20.01494569816894,191.1286526147672,4.96209943169663,150.47901617321665,300.9580323464333,397.264602697292
0.09,1.33,20.166574074670223,192.57659695275788,4.951963821330695,150.1716469442894,300.3432938885788,399.4565808718098
0.09,1.34,20.3182024511715,194.02454129074854,4.94182821096476,149.86427771536214,299.72855543072427,401.63626427717054
0.09,1.35,20.46983082767278,195.47248562873915,4.931692600598827,149.55690848643493,299.11381697286987,403.8036529133744
0.09,1.36,20.621459204174062,196.92042996672984,4.921556990232891,149.24953925750765,298.4990785150153,405.9587467804208
0.09,1.37,20.77308758067534,198.3683743047205,4.911421379866956,148.94217002858042,297.88434005716084,408.1015458783104
0.09,1.3800000000000001,20.92471595717662,199.81631864271117,4.901285769501023,148.6348007996532,297.2696015993064,410.23205020704285
0.09,1.3900000000000001,21.076344333677902,201.26426298070183,4.8857770414671045,148.16448814897663,296.32897629795326,411.8972770541551
0.09,1.4000000000000001,21.22797271017918,202.7122073186925,4.86948766766471,147.6705018882007,295.3410037764014,413.477405286962
0.09,1.41,21.379601086680456,204.1601516566831,4.853198293862316,147.1765156274248,294.3530312548496,415.03777406933796
0.09,1.42,21.531229463181738,205.6080959946738,4.83690892005992,146.68252936664885,293.3650587332977,416.57838340128274
0.09,1.43,21.682857839683017,207.05604033266442,4.820619546257525,146.18854310587295,292.3770862117459,418.0992332827966
0.09,1.44,21.8344862161843,208.50398467065511,4.80433017245513,145.69455684509703,291.38911369019405,419.6003237138794
0.09,1.45,21.986114592685578,209.95192900864578,4.788040798652736,145.2005705843211,290.4011411686422,421.08165469453115
0.09,1.46,22.137742969186856,211.39987334663644,4.771751424850341,144.70658432354517,289.41316864709034,422.5432262247519
0.09,1.47,22.28937134568814,212.8478176846271,4.755462051047945,144.21259806276922,288.42519612553843,423.9850383045415
0.09,1.48,22.440999722189417,214.29576202261777,4.73917267724555,143.71861180199332,287.43722360398664,425.40709093390024
0.09,1.49,22.592628098690696,215.7437063606084,4.722883303443155,143.2246255412174,286.4492510824348,426.80938411282784
0.09,1.5,22.74425647519198,217.19165069859906,4.706593929640761,142.73063928044147,285.46127856088293,428.1919178413244
0.09,1.51,22.895884851693257,218.63959503658972,4.690304555838366,142.23665301966554,284.4733060393311,429.5546921193899
0.09,1.52,23.047513228194536,220.0875393745804,4.674015182035971,141.7426667588896,283.4853335177792,430.8977069470244
0.09,1.53,23.199141604695818,221.53548371257108,4.657725808233575,141.24868049811369,282.49736099622737,432.2209623242279
0.09,1.54,23.350769981197097,222.9834280505617,4.641436434431181,140.7546942373378,281.5093884746756,433.5244582510004
0.09,1.55,23.50239835769838,224.4313723885524,4.625147060628786,140.26070797656183,280.52141595312366,434.8081947273417
0.09,1.56,23.654026734199658,225.87931672654307,4.608857686826391,139.7667217157859,279.5334434315718,436.07217175325206
0.09,1.57,23.805655110700936,227.32726106453373,4.592568313023996,139.27273545500998,278.54547091001996,437.31638932873136
0.09,1.58,23.95728348720222,228.77520540252436,4.576278939221601,138.77874919423408,277.55749838846816,438.5408474537797
0.09,1.59,24.108911863703497,230.22314974051503,4.559989565419206,138.28476293345815,276.5695258669163,439.74554612839694
0.09,1.6,24.260540240204776,231.6710940785057,4.543700191616812,137.79077667268223,275.58155334536445,440.93048535258316
0.09,1.61,24.412168616706058,233.11903841649635,4.527410817814416,137.29679041190627,274.59358082381254,442.09566512633825
0.09,1.62,24.563796993207337,234.56698275448701,4.511121444012021,136.80280415113035,273.6056083022607,443.24108544966236
0.09,1.6300000000000001,24.715425369708615,236.01492709247768,4.494832070209626,136.30881789035445,272.6176357807089,444.3667463225555
0.09,1.6400000000000001,24.867053746209898,237.46287143046837,4.4785426964072315,135.81483162957852,271.62966325915704,445.4726477450176
0.09,1.6500000000000001,25.018682122711176,238.91081576845897,4.462253322604837,135.3208453688026,270.6416907376052,446.55878971704857
0.09,1.6600000000000001,25.17031049921246,240.35876010644967,4.444020664892506,134.76792771115774,269.5358554223155,447.4295200010437
0.09,1.67,25.321938875713734,241.8067044444403,4.419888259259329,134.03609621371194,268.0721924274239,447.6805613537979
0.09,1.68,25.473567252215013,243.25464878243096,4.3957558536261505,133.30426471626612,266.60852943253224,447.90232944665416
0.09,1.69,25.625195628716295,244.70259312042162,4.371623447992973,132.5724332188203,265.1448664376406,448.09482427961257
0.09,1.7,25.776824005217573,246.1505374584123,4.347491042359795,131.8406017213745,263.681203442749,448.25804585267326
0.09,1.71,25.928452381718852,247.59848179640292,4.323358636726618,131.1087702239287,262.2175404478574,448.39199416583614
0.09,1.72,26.080080758220134,249.04642613439364,4.2992262310934395,130.37693872648285,260.7538774529657,448.49666921910097
0.09,1.73,26.231709134721413,250.49437047238425,4.275093825460263,129.64510722903708,259.29021445807416,448.5720710124683
0.09,1.74,26.383337511222695,251.94231481037494,4.250961419827084,128.91327573159123,257.82655146318245,448.61819954593744
0.09,1.75,26.534965887723974,253.3902591483656,4.226829014193907,128.18144423414543,256.36288846829086,448.63505481950904
0.09,1.76,26.686594264225253,254.83820348635624,4.202696608560729,127.4496127366996,254.8992254733992,448.62263683318264
0.09,1.77,26.838222640726535,256.2861478243469,4.178564202927552,126.7177812392538,253.4355624785076,448.5809455869584
0.09,1.78,26.989851017227814,257.73409216233756,4.154431797294374,125.985949741808,251.971899483616,448.5099810808365
0.09,1.79,27.141479393729092,259.18203650032825,4.130299391661196,125.25411824436216,250.50823648872432,448.4097433148165
0.09,1.8,27.293107770230375,260.6299808383189,4.106166986028018,124.52228674691635,249.0445734938327,448.28023228889884
0.09,1.81,27.444736146731653,262.0779251763096,4.082034580394841,123.79045524947054,247.58091049894108,448.12144800308334
0.09,1.82,27.596364523232932,263.5258695143002,4.057902174761663,123.05862375202473,246.11724750404946,447.93339045737
0.09,1.83,27.747992899734214,264.9738138522909,4.033769769128485,122.32679225457889,244.65358450915778,447.71605965175877
0.09,1.84,27.899621276235493,266.42175819028154,4.009637363495308,121.59496075713311,243.18992151426622,447.46945558624986
0.09,1.85,28.051249652736775,267.8697025282722,3.9855049578621298,120.86312925968727,241.72625851937454,447.1935782608429
0.09,1.86,28.202878029238054,269.31764686626286,3.9613725522289522,120.13129776224146,240.26259552448292,446.88842767553825
0.09,1.87,28.354506405739333,270.7655912042535,3.930860219893663,119.20599067918798,238.41198135837595,445.83040514016307
0.09,1.8800000000000001,28.506134782240615,272.2135355422442,3.8946616114438957,118.10824343301923,236.21648686603845,444.0869953081523
0.09,1.8900000000000001,28.657763158741894,273.6614798802349,3.858463002994128,117.01049618685047,234.02099237370095,442.2996755862948
0.09,1.9000000000000001,28.809391535243172,275.1094242182255,3.822264394544362,115.91274894068178,231.82549788136356,440.4684459745908
0.09,1.9100000000000001,28.961019911744454,276.5573685562162,3.786065786094595,114.81500169451303,229.63000338902606,438.59330647303983
0.09,1.92,29.11264828824573,278.0053128942068,3.7498671776448305,113.71725444834438,227.43450889668875,436.6742570816424
0.09,1.93,29.26427666474701,279.4532572321975,3.7136685691950633,112.61950720217563,225.23901440435125,434.7112978003979
0.09,1.94,29.41590504124829,280.90120157018816,3.677469960745296,111.52175995600689,223.04351991201378,432.70442862930673
0.09,1.95,29.56753341774957,282.3491459081788,3.6412713522955302,110.4240127098382,220.8480254196764,430.65364956836896
0.09,1.96,29.71916179425085,283.7970902461695,3.605072743845763,109.32626546366944,218.6525309273389,428.5589606175842
0.09,1.97,29.87079017075213,285.2450345841601,3.568874135395997,108.22851821750075,216.4570364350015,426.420361776953
0.09,1.98,30.02241854725341,286.69297892215076,3.5326755269462313,107.13077097133204,214.26154194266408,424.23785304647487
0.09,1.99,30.17404692375469,288.14092326014145,3.496476918496464,106.0330237251633,212.0660474503266,422.01143442614995
0.09,2.0,30.32567530025597,289.5888675981321,3.4602783100466983,104.9352764789946,209.8705529579892,419.7411059159784
0.09,2.0100000000000002,30.477303676757252,291.0368119361228,3.4240797015969306,103.83752923282584,207.6750584656517,417.42686751595994
0.09,2.02,30.62893205325853,292.4847562741134,3.387881093147165,102.73978198665715,205.4795639733143,415.0687192260949
0.09,2.0300000000000002,30.780560429759813,293.9327006121041,3.3516824846973976,101.6420347404884,203.2840694809768,412.66666104638296
0.09,2.04,30.932188806261088,295.38064495009473,3.3154838762476317,100.5442874943197,201.0885749886394,410.2206929768244
0.09,2.05,31.083817182762367,296.8285892880854,3.2792852677978646,99.44654024815097,198.89308049630193,407.73081501741893
0.09,2.06,31.23544555926365,298.27653362607606,3.2430866593480987,98.34879300198226,196.69758600396452,405.1970271681669
0.09,2.07,31.387073935764928,299.7244779640667,3.206888050898333,97.25104575581356,194.50209151162713,402.6193294290681
0.09,2.08,31.53870231226621,301.1724223020574,3.178505591128948,96.39032849662462,192.78065699324924,400.9837665459584
0.09,2.09,31.690330688767485,302.620366640048,3.1519599449324534,95.58531384943424,191.1706276988685,399.5466118906351
0.09,2.1,31.84195906526877,304.0683109780387,3.125414298735957,94.78029920224382,189.56059840448765,398.0772566494241
0.09,2.11,31.993587441770046,305.51625531602934,3.098868652539462,93.97528455505343,187.95056911010687,396.5757008223255
0.09,2.12,32.14521581827133,306.9641996540201,3.072323006342965,93.170269907863,186.340539815726,395.0419444093391
0.09,2.13,32.2968441947726,308.41214399201067,3.045777360146471,92.36525526067264,184.73051052134528,393.47598741046545
0.09,2.14,32.44847257127389,309.86008833000136,3.019231713949975,91.56024061348224,183.12048122696447,391.877829825704
0.09,2.15,32.60010094777517,311.308032667992,2.99268606775348,90.75522596629186,181.51045193258372,390.247471655055
0.09,2.16,32.75172932427645,312.7559770059827,2.966140421556984,89.95021131910144,179.90042263820288,388.58491289851827
0.09,2.17,32.903357700777725,314.2039213439733,2.939594775360489,89.14519667191107,178.29039334382213,386.890153556094
0.09,2.18,33.05498607727901,315.651865681964,2.9130491291639933,88.34018202472065,176.6803640494413,385.16319362778205
0.09,2.19,33.20661445378028,317.09981001995465,2.8865034829674983,87.53516737753027,175.07033475506054,383.40403311358256
0.09,2.2,33.35824283028157,318.54775435794534,2.8599578367710023,86.73015273033987,173.46030546067973,381.61267201349546
0.09,2.21,33.50987120678285,319.99569869593597,2.8334121905745073,85.92513808314948,171.85027616629895,379.7891103275207
0.09,2.22,33.661499583284126,321.4436430339266,2.8068665443780123,85.1201234359591,170.2402468719182,377.9333480556584
0.09,2.23,33.813127959785405,322.8915873719173,2.7803208981815164,84.31510878876868,168.63021757753737,376.04538519790833
0.09,2.24,33.96475633628669,324.339531709908,2.75377525198502,83.51009414157826,167.02018828315653,374.1252217542707
0.09,2.25,34.11638471278797,325.7874760478986,2.727229605788525,82.70507949438787,165.41015898877575,372.1728577247454
0.09,2.2600000000000002,34.26801308928925,327.23542038588926,2.70068395959203,81.9000648471975,163.800129694395,370.18829310933273
0.09,2.27,34.41964146579053,328.68336472387995,2.674138313395534,81.0950502000071,162.1901004000142,368.1715279080322
0.09,2.2800000000000002,34.57126984229181,330.13130906187064,2.6478115156354893,80.29667227944046,160.59334455888091,366.15282559424855
0.09,2.29,34.722898218793084,331.5792533998613,2.6236791100023122,79.56484078199466,159.12968156398932,364.40697078153556
0.09,2.3000000000000003,34.87452659529437,333.02719773785196,2.599546704369134,78.83300928454884,157.66601856909767,362.6318427089247
0.09,2.31,35.02615497179565,334.4751420758426,2.5754142987359567,78.10117778710304,156.20235557420608,360.82744137641606
0.09,2.32,35.17778334829692,335.92308641383323,2.551281893102779,77.36934628965723,154.73869257931446,358.9937667840095
0.09,2.33,35.329411724798206,337.3710307518239,2.527149487469601,76.6375147922114,153.2750295844228,357.13081893170516
0.09,2.34,35.481040101299484,338.81897508981456,2.503017081836424,75.90568329476561,151.81136658953122,355.238597819503
0.09,2.35,35.63266847780076,340.26691942780525,2.4788846762032457,75.17385179731977,150.34770359463954,353.3171034474029
0.09,2.36,35.78429685430204,341.7148637657958,2.4547522705700695,74.442020299874,148.884040599748,351.36633581540525
0.09,2.37,35.93592523080333,343.1628081037865,2.430619864936891,73.71018880242816,147.42037760485633,349.3862949235095
0.09,2.38,36.0875536073046,344.61075244177715,2.406487459303714,72.97835730498237,145.95671460996473,347.37698077171603
0.09,2.39,36.239181983805885,346.05869677976784,2.382355053670536,72.24652580753654,144.49305161507309,345.33839336002467
0.09,2.4,36.390810360307164,347.50664111775853,2.3582226480373576,71.5146943100907,143.0293886201814,343.27053268843537
0.09,2.41,36.54243873680844,348.95458545574917,2.3340902424041805,70.78286281264491,141.56572562528982,341.1733987569485
0.09,2.42,36.69406711330972,350.4025297937398,2.3099578367710034,70.05103131519911,140.10206263039822,339.0469915655637
0.09,2.43,36.84569548981101,351.85047413173055,2.285825431137824,69.31919981775324,138.6383996355065,336.89131111428077
0.09,2.44,36.997323866312286,353.2984184697212,2.261693025504647,68.58736832030745,137.1747366406149,334.70635740310036
0.09,2.45,37.148952242813564,354.7463628077118,2.2375606198714695,67.85553682286164,135.71107364572327,332.49213043202207
0.09,2.46,37.30058061931484,356.1943071457025,2.2134282142382915,67.12370532541583,134.24741065083165,330.24863020104584
0.09,2.47,37.45220899581613,357.6422514836932,2.189295808605113,66.39187382796999,132.78374765593998,327.97585671017174
0.09,2.48,37.6038373723174,359.0901958216838,2.165163402971937,65.66004233052422,131.32008466104844,325.6738099594001
0.09,2.49,37.755465748818686,360.5381401596745,2.1352011456089506,64.75141664247158,129.50283328494316,322.4620548795085
0.09,2.5,37.907094125319965,361.98608449766516,2.095382676314208,63.54389467168601,127.08778934337202,317.71947335843004
0.1,0.0,0.0,0.0,6.0,177.32166430777886,354.6433286155577,0.0
0.1,0.01,0.14776805358981576,1.411080969593236,6.0,177.32166430777886,354.6433286155577,3.5464332861555774
0.1,0.02,0.2955361071796315,2.822161939186472,6.0,177.32166430777886,354.6433286155577,7.092866572311155
0.1,0.03,0.4433041607694473,4.233242908779709,6.0,177.32166430777886,354.6433286155577,10.639299858466732
0.1,0.04,0.591072214359263,5.644323878372944,6.0,177.32166430777886,354.6433286155577,14.18573314462231
0.1,0.05,0.7388402679490789,7.055404847966181,6.0,177.32166430777886,354.6433286155577,17.732166430777887
0.1,0.06,0.8866083215388946,8.466485817559418,6.0,177.32166430777886,354.6433286155577,21.278599716933464
0.1,0.07,1.0343763751287105,9.877566787152654,6.0,177.32166430777886,354.6433286155577,24.825033003089043
0.1,0.08,1.182144428718526,11.288647756745888,6.0,177.32166430777886,354.6433286155577,28.37146628924462
0.1,0.09,1.329912482308342,12.699728726339126,6.0,177.32166430777886,354.6433286155577,31.917899575400195
0.1,0.1,1.4776805358981577,14.110809695932362,6.0,177.32166430777886,354.6433286155577,35.464332861555775
0.1,0.11,1.6254485894879733,15.521890665525596,6.0,177.32166430777886,354.6433286155577,39.01076614771135
0.1,0.12,1.7732166430777891,16.932971635118836,6.0,177.32166430777886,354.6433286155577,42.55719943386693
0.1,0.13,1.920984696667605,18.34405260471207,6.0,177.32166430777886,354.6433286155577,46.1036327200225
0.1,0.14,2.068752750257421,19.755133574305308,6.0,177.32166430777886,354.6433286155577,49.650066006178086
0.1,0.15,2.2165208038472364,21.16621454389854,6.0,177.32166430777886,354.6433286155577,53.196499292333655
0.1,0.16,2.364288857437052,22.577295513491777,6.0,177.32166430777886,354.6433286155577,56.74293257848924
0.1,0.17,2.512056911026868,23.988376483085016,6.0,177.32166430777886,354.6433286155577,60.289365864644815
0.1,0.18,2.659824964616684,25.399457452678252,6.0,177.32166430777886,354.6433286155577,63.83579915080039
0.1,0.19,2.8075930182064996,26.81053842227149,6.0,177.32166430777886,354.6433286155577,67.38223243695597
0.1,0.2,2.9553610717963155,28.221619391864724,6.0,177.32166430777886,354.6433286155577,70.92866572311155
0.1,0.21,3.103129125386131,29.632700361457957,6.0,177.32166430777886,354.6433286155577,74.47509900926711
0.1,0.22,3.2508971789759467,31.043781331051193,5.993289977157528,177.12335890478383,354.24671780956766,77.93427791810488
0.1,0.23,3.398665232565763,32.454862300644436,5.984218742353,176.85527116263955,353.7105423252791,81.3534247348142
0.1,0.24,3.5464332861555783,33.86594327023767,5.975147507548472,176.5871834204953,353.1743668409906,84.76184804183774
0.1,0.25,3.694201339745394,35.27702423983091,5.966076272743944,176.31909567835103,352.63819135670207,88.15954783917552
0.1,0.26,3.84196939333521,36.68810520942414,5.957005037939417,176.0510079362068,352.1020158724136,91.54652412682753
0.1,0.27,3.9897374469250257,38.09918617901738,5.947933803134888,175.78292019406254,351.5658403881251,94.92277690479378
0.1,0.28,4.137505500514842,39.510267148610616,5.93886256833036,175.51483245191827,351.02966490383653,98.28830617307423
0.1,0.29,4.2852735541046565,40.92134811820384,5.9297913335258325,175.24674470977402,350.49348941954804,101.64311193166893
0.1,0.3,4.433041607694473,42.33242908779708,5.920720098721304,174.97865696762975,349.9573139352595,104.98719418057784
0.1,0.31,4.580809661284289,43.743510057390324,5.911648863916777,174.7105692254855,349.421138450971,108.320552919801
0.1,0.32,4.728577714874104,45.15459102698355,5.9025776291122485,174.44248148334125,348.8849629666825,111.6431881493384
0.1,0.33,4.876345768463921,46.565671996576796,5.89350639430772,174.17439374119698,348.34878748239396,114.95509986919001
0.1,0.34,5.024113822053736,47.97675296617003,5.884435159503193,173.90630599905273,347.81261199810547,118.25628807935587
0.1,0.35000000000000003,5.171881875643552,49.387833935763275,5.875363924698664,173.63821825690846,347.2764365138169,121.54675277983593
0.1,0.36,5.319649929233368,50.798914905356504,5.866292689894137,173.3701305147642,346.7402610295284,124.82649397063022
0.1,0.37,5.467417982823183,52.20999587494974,5.857221455089609,173.10204277261994,346.2040855452399,128.09551165173875
0.1,0.38,5.615186036412999,53.62107684454298,5.84815022028508,172.8339550304757,345.6679100609514,131.35380582316154
0.1,0.39,5.762954090002815,55.03215781413621,5.839078985480553,172.56586728833145,345.1317345766629,134.60137648489854
0.1,0.4,5.910722143592631,56.44323878372945,5.830007750676025,172.29777954618717,344.59555909237434,137.83822363694975
0.1,0.41000000000000003,6.058490197182447,57.854319753322685,5.820936515871497,172.02969180404293,344.05938360808585,141.0643472793152
0.1,0.42,6.206258250772262,59.26540072291591,5.811865281066969,171.76160406189865,343.5232081237973,144.27974741199486
0.1,0.43,6.354026304362078,60.67648169250916,5.802794046262441,171.4935163197544,342.9870326395088,147.4844240349888
0.1,0.44,6.501794357951893,62.087562662102386,5.793722811457913,171.22542857761016,342.4508571552203,150.67837714829693
0.1,0.45,6.64956241154171,63.49864363169563,5.784651576653385,170.95734083546589,341.91468167093177,153.8616067519193
0.1,0.46,6.797330465131526,64.90972460128887,5.775580341848857,170.68925309332164,341.3785061866433,157.0341128458559
0.1,0.47000000000000003,6.945098518721341,66.3208055708821,5.766509107044329,170.42116535117736,340.84233070235473,160.19589543010673
0.1,0.48,7.092866572311157,67.73188654047534,5.757437872239802,170.15307760903312,340.30615521806624,163.3469545046718
0.1,0.49,7.240634625900972,69.14296751006857,5.748366637435273,169.88498986688887,339.76997973377775,166.48729006955108
0.1,0.5,7.388402679490788,70.55404847966182,5.739295402630745,169.6169021247446,339.2338042494892,169.6169021247446
0.1,0.51,7.5361707330806045,71.96512944925504,5.730224167826218,169.34881438260035,338.6976287652007,172.73579067025236
0.1,0.52,7.68393878667042,73.37621041884827,5.721152933021689,169.08072664045608,338.16145328091216,175.84395570607433
0.1,0.53,7.831706840260236,74.78729138844152,5.712081698217162,168.81263889831183,337.62527779662366,178.94139723221056
0.1,0.54,7.9794748938500515,76.19837235803476,5.7030104634126335,168.54455115616759,337.08910231233517,182.028115248661
0.1,0.55,8.127242947439868,77.60945332762799,5.693939228608105,168.2764634140233,336.5529268280466,185.10410975542567
0.1,0.56,8.275011001029684,79.02053429722123,5.684867993803578,168.00837567187907,336.01675134375813,188.16938075250457
0.1,0.5700000000000001,8.4227790546195,80.43161526681448,5.6757967589990495,167.7402879297348,335.4805758594696,191.22392823989767
0.1,0.58,8.570547108209313,81.84269623640768,5.666725524194522,167.47220018759054,334.9444003751811,194.26775221760502
0.1,0.59,8.71831516179913,83.25377720600093,5.657654289389994,167.20411244544627,334.40822489089254,197.30085268562658
0.1,0.6,8.866083215388946,84.66485817559416,5.648583054585466,166.93602470330205,333.8720494066041,200.32322964396246
0.1,0.61,9.013851268978762,86.0759391451874,5.639511819780938,166.66793696115778,333.33587392231556,203.33488309261247
0.1,0.62,9.161619322568578,87.48702011478065,5.63044058497641,166.3998492190135,332.799698438027,206.33581303157675
0.1,0.63,9.309387376158393,88.89810108437388,5.621369350171882,166.13176147686926,332.2635229537385,209.32601946085526
0.1,0.64,9.457155429748209,90.3091820539671,5.612298115367354,165.86367373472498,331.72734746944997,212.305502380448
0.1,0.65,9.604923483338025,91.72026302356036,5.6032268805628265,165.59558599258077,331.19117198516153,215.274261790355
0.1,0.66,9.752691536927841,93.13134399315359,5.594155645758298,165.3274982504365,330.654996500873,218.2322976905762
0.1,0.67,9.900459590517658,94.54242496274682,5.585084410953771,165.05941050829225,330.1188210165845,221.17961008111163
0.1,0.68,10.048227644107472,95.95350593234006,5.576013176149242,164.79132276614797,329.58264553229594,224.11619896196126
0.1,0.6900000000000001,10.195995697697288,97.3645869019333,5.566941941344714,164.5232350240037,329.0464700480074,227.04206433312513
0.1,0.7000000000000001,10.343763751287105,98.77566787152655,5.557870706540187,164.25514728185945,328.5102945637189,229.95720619460326
0.1,0.71,10.491531804876919,100.18674884111977,5.5488795069532815,163.98942486938054,327.9788497387611,232.86498331452034
0.1,0.72,10.639299858466735,101.59782981071301,5.540413021135722,163.73920964337924,327.4784192867585,235.7844618864661
0.1,0.73,10.78706791205655,103.00891078030622,5.531946535318163,163.48899441737794,326.9779888347559,238.69393184937178
0.1,0.74,10.934835965646366,104.41999174989948,5.523480049500603,163.23877919137664,326.4775583827533,241.5933932032374
0.1,0.75,11.082604019236182,105.83107271949271,5.515013563683044,162.98856396537533,325.97712793075067,244.48284594806302
0.1,0.76,11.230372072825999,107.24215368908597,5.506547077865484,162.738348739374,325.476697478748,247.36229008384848
0.1,0.77,11.378140126415815,108.6532346586792,5.498080592047924,162.4881335133727,324.9762670267454,250.23172561059397
0.1,0.78,11.52590818000563,110.06431562827242,5.489614106230365,162.2379182873714,324.4758365747428,253.0911525282994
0.1,0.79,11.673676233595446,111.47539659786565,5.481147620412806,161.98770306137007,323.97540612274014,255.94057083696472
0.1,0.8,11.821444287185262,112.8864775674589,5.472681134595247,161.7374878353688,323.4749756707376,258.7799805365901
0.1,0.81,11.969212340775078,114.29755853705214,5.464214648777687,161.48727260936747,322.97454521873493,261.6093816271753
0.1,0.8200000000000001,12.116980394364894,115.70863950664537,5.455748162960128,161.2370573833662,322.4741147667324,264.4287741087206
0.1,0.8300000000000001,12.264748447954709,117.11972047623861,5.447281677142568,160.98684215736486,321.9736843147297,267.2381579812257
0.1,0.84,12.412516501544523,118.53080144583183,5.438815191325009,160.73662693136356,321.4732538627271,270.0375332446908
0.1,0.85,12.56028455513434,119.94188241542507,5.430348705507449,160.48641170536226,320.9728234107245,272.82689989911586
0.1,0.86,12.708052608724156,121.35296338501831,5.42188221968989,160.23619647936096,320.4723929587219,275.60625794450084
0.1,0.87,12.855820662313972,122.76404435461156,5.4134157338723305,159.98598125335963,319.97196250671925,278.37560738084574
0.1,0.88,13.003588715903787,124.17512532420477,5.404949248054772,159.73576602735835,319.4715320547167,281.1349482081507
0.1,0.89,13.151356769493603,125.58620629379803,5.396482762237212,159.48555080135702,318.97110160271404,283.8842804264155
0.1,0.9,13.29912482308342,126.99728726339126,5.388016276419652,159.23533557535572,318.47067115071144,286.6236040356403
0.1,0.91,13.446892876673235,128.4083682329845,5.379549790602093,158.98512034935442,317.97024069870884,289.35291903582504
0.1,0.92,13.594660930263052,129.81944920257774,5.371083304784533,158.7349051233531,317.4698102467062,292.0722254269697
0.1,0.93,13.742428983852866,131.23053017217094,5.362616818966974,158.4846898973518,316.9693797947036,294.7815232090744
0.1,0.9400000000000001,13.890197037442682,132.6416111417642,5.3541503331494145,158.23447467135048,316.46894934270097,297.48081238213894
0.1,0.9500000000000001,14.037965091032499,134.05269211135743,5.3456838473318555,157.98425944534918,315.96851889069836,300.1700929461635
0.1,0.96,14.185733144622313,135.4637730809507,5.337217361514296,157.73404421934788,315.46808843869576,302.8493649011479
0.1,0.97,14.33350119821213,136.87485405054392,5.328750875696737,157.48382899334658,314.96765798669315,305.51862824709235
0.1,0.98,14.481269251801944,138.28593502013715,5.320284389879177,157.23361376734525,314.4672275346905,308.17788298399665
0.1,0.99,14.62903730539176,139.69701598973037,5.311817904061618,156.98339854134397,313.96679708268795,310.82712911186104
0.1,1.0,14.776805358981576,141.10809695932363,5.303351418244058,156.73318331534264,313.4663666306853,313.4663666306853
0.1,1.01,14.924573412571393,142.51917792891686,5.294884932426498,156.48296808934134,312.9659361786827,316.0955955404695
0.1,1.02,15.072341466161209,143.9302588985101,5.2864184466089394,156.23275286334004,312.4655057266801,318.7148158412137
0.1,1.03,15.220109519751023,145.34133986810332,5.2779519607913805,155.98253763733874,311.9650752746775,321.3240275329178
0.1,1.04,15.36787757334084,146.75242083769655,5.269485474973821,155.73232241133744,311.46464482267487,323.9232306155819
0.1,1.05,15.515645626930656,148.1635018072898,5.261018989156261,155.4821071853361,310.9642143706722,326.5124250892058
0.1,1.06,15.663413680520472,149.57458277688303,5.252552503338702,155.2318919593348,310.4637839186696,329.0916109537898
0.1,1.07,15.811181734110288,150.9856637464763,5.243100353774666,154.95254681067132,309.90509362134264,331.59845017483667
0.1,1.08,15.958949787700103,152.39674471606952,5.233222786987513,154.66062904700314,309.3212580940063,334.06695874152683
0.1,1.09,16.10671784128992,153.80782568566275,5.223345220200361,154.36871128333496,308.7374225666699,336.52379059767026
0.1,1.1,16.254485894879735,155.21890665525598,5.2134676534132085,154.07679351966678,308.15358703933356,338.96894574326694
0.1,1.11,16.40225394846955,156.62998762484924,5.203590086626056,153.78487575599857,307.56975151199714,341.40242417831683
0.1,1.12,16.550022002059368,158.04106859444246,5.193712519838903,153.4929579923304,306.9859159846608,343.8242259028201
0.1,1.1300000000000001,16.697790055649183,159.4521495640357,5.1838349530517505,153.20104022866218,306.40208045732436,346.2343509167766
0.1,1.1400000000000001,16.845558109239,160.86323053362895,5.173957386264598,152.909122464994,305.818244929988,348.63279922018637
0.1,1.1500000000000001,16.993326162828815,162.27431150322218,5.164079819477445,152.61720470132582,305.23440940265164,351.0195708130494
0.1,1.16,17.141094216418626,163.68539247281535,5.154202252690292,152.3252869376576,304.6505738753152,353.39466569536563
0.1,1.17,17.288862270008444,165.0964734424086,5.14432468590314,152.03336917398943,304.06673834797886,355.7580838671352
0.1,1.18,17.43663032359826,166.50755441200187,5.134447119115987,151.74145141032122,303.48290282064244,358.10982532835806
0.1,1.19,17.584398377188077,167.91863538159512,5.124569552328834,151.44953364665304,302.8990672933061,360.4498900790342
0.1,1.2,17.73216643077789,169.32971635118832,5.114691985541682,151.15761588298486,302.3152317659697,362.77827811916364
0.1,1.21,17.879934484367705,170.74079732078155,5.104814418754529,150.86569811931665,301.7313962386333,365.0949894487463
0.1,1.22,18.027702537957524,172.1518782903748,5.094936851967376,150.57378035564847,301.14756071129693,367.4000240677822
0.1,1.23,18.175470591547338,173.56295925996807,5.085059285180224,150.28186259198026,300.5637251839605,369.69338197627144
0.1,1.24,18.323238645137156,174.9740402295613,5.075181718393071,149.98994482831208,299.97988965662415,371.975063174214
0.1,1.25,18.47100669872697,176.38512119915453,5.065304151605918,149.6980270646439,299.3960541292878,374.2450676616097
0.1,1.26,18.618774752316785,177.79620216874775,5.055426584818766,149.4061093009757,298.8122186019514,376.5033954384587
0.1,1.27,18.766542805906603,179.20728313834098,5.045549018031613,149.1141915373075,298.228383074615,378.7500465047611
0.1,1.28,18.914310859496418,180.6183641079342,5.035671451244461,148.82227377363932,297.64454754727865,380.98502086051667
0.1,1.29,19.062078913086236,182.0294450775275,5.025793884457308,148.53035600997111,297.06071201994223,383.2083185057255
0.1,1.3,19.20984696667605,183.44052604712073,5.015916317670155,148.23843824630293,296.47687649260587,385.4199394403876
0.1,1.31,19.357615020265865,184.85160701671393,5.006038750883003,147.94652048263475,295.8930409652695,387.61988366450305
0.1,1.32,19.505383073855683,186.26268798630718,4.99616118409585,147.65460271896657,295.30920543793314,389.8081511780718
0.1,1.33,19.653151127445497,187.6737689559004,4.986283617308698,147.36268495529836,294.7253699105967,391.9847419810937
0.1,1.34,19.800919181035315,189.08484992549364,4.976406050521545,147.07076719163018,294.14153438326036,394.1496560735689
0.1,1.35,19.94868723462513,190.4959308950869,4.966528483734392,146.778849427962,293.557698855924,396.30289345549744
0.1,1.36,20.096455288214944,191.90701186468013,4.95665091694724,146.4869316642938,292.9738633285876,398.4444541268791
0.1,1.37,20.244223341804762,193.3180928342734,4.946773350160086,146.19501390062558,292.39002780125116,400.5743380877141
0.1,1.3800000000000001,20.391991395394577,194.7291738038666,4.936895783372934,145.9030961369574,291.8061922739148,402.69254533800245
0.1,1.3900000000000001,20.539759448984395,196.14025477345984,4.927018216585782,145.61117837328922,291.22235674657844,404.7990758777441
0.1,1.4000000000000001,20.68752750257421,197.5513357430531,4.917140649798629,145.31926060962104,290.6385212192421,406.89392970693893
0.1,1.41,20.83529555616402,198.96241671264627,4.907263083011476,145.02734284595283,290.05468569190566,408.977106825587
0.1,1.42,20.983063609753838,200.37349768223953,4.895798151074805,144.68851271058853,289.37702542117705,410.9153760980714
0.1,1.43,21.130831663343653,201.78457865183276,4.879923490166882,144.21935916183608,288.43871832367216,412.46736720285116
0.1,1.44,21.27859971693347,203.19565962142602,4.864048829258958,143.75020561308364,287.5004112261673,414.00059216568087
0.1,1.45,21.426367770523285,204.60674059101925,4.848174168351034,143.28105206433116,286.5621041286623,415.51505098656037
0.1,1.46,21.5741358241131,206.01782156061245,4.8322995074431105,142.81189851557875,285.6237970311575,417.01074366548994
0.1,1.47,21.721903877702918,207.42890253020573,4.8164248465351855,142.34274496682625,284.6854899336525,418.48767020246913
0.1,1.48,21.869671931292732,208.83998349979896,4.800550185627262,141.87359141807383,283.74718283614766,419.9458305974985
0.1,1.49,22.01743998488255,210.2510644693922,4.784675524719338,141.40443786932138,282.80887573864277,421.38522485057774
0.1,1.5,22.165208038472365,211.66214543898542,4.768800863811414,140.9352843205689,281.8705686411378,422.8058529617067
0.1,1.51,22.31297609206218,213.07322640857865,4.752926202903491,140.4661307718165,280.932261543633,424.2077149308858
0.1,1.52,22.460744145651997,214.48430737817193,4.737051541995566,139.996977223064,279.993954446128,425.59081075811457
0.1,1.53,22.60851219924181,215.8953883477651,4.721176881087643,139.52782367431158,279.05564734862315,426.9551404433934
0.1,1.54,22.75628025283163,217.3064693173584,4.7053022201797186,139.0586701255591,278.1173402511182,428.30070398672206
0.1,1.55,22.904048306421444,218.71755028695162,4.689427559271794,138.58951657680666,277.1790331536133,429.62750138810065
0.1,1.56,23.05181636001126,220.12863125654485,4.67355289836387,138.12036302805421,276.24072605610843,430.93553264752916
0.1,1.57,23.199584413601077,221.53971222613808,4.657678237455947,137.65120947930177,275.30241895860354,432.22479776500757
0.1,1.58,23.34735246719089,222.9507931957313,4.641803576548023,137.18205593054932,274.36411186109865,433.4952967405359
0.1,1.59,23.49512052078071,224.3618741653246,4.625928915640099,136.71290238179685,273.4258047635937,434.74702957411404
0.1,1.6,23.642888574370524,225.7729551349178,4.610054254732175,136.2437488330444,272.4874976660888,435.9799962657421
0.1,1.61,23.790656627960338,227.18403610451102,4.594179593824252,135.77459528429196,271.5491905685839,437.1941968154201
0.1,1.62,23.938424681550156,228.59511707410428,4.5783049329163275,135.30544173553952,270.61088347107903,438.38963122314806
0.1,1.6300000000000001,24.08619273513997,230.0061980436975,4.562430272008403,134.83628818678707,269.67257637357415,439.5662994889259
0.1,1.6400000000000001,24.23396078872979,231.41727901329074,4.546555611100479,134.3671346380346,268.7342692760692,440.7242016127535
0.1,1.6500000000000001,24.381728842319603,232.828359982884,4.530680950192555,133.89798108928215,267.7959621785643,441.86333759463116
0.1,1.6600000000000001,24.529496895909418,234.23944095247722,4.514806289284631,133.42882754052968,266.85765508105936,442.9837074345586
0.1,1.67,24.677264949499232,235.65052192207045,4.498931628376708,132.95967399177727,265.91934798355453,444.08531113253605
0.1,1.68,24.825033003089047,237.06160289166365,4.483056967468784,132.4905204430248,264.9810408860496,445.1681486885633
0.1,1.69,24.972801056678865,238.4726838612569,4.46718230656086,132.02136689427235,264.0427337885447,446.2322201026405
0.1,1.7,25.12056911026868,239.88376483085014,4.451307645652936,131.5522133455199,263.1044266910398,447.27752537476766
0.1,1.71,25.268337163858494,241.29484580044334,4.428419236659278,130.87577821616782,261.75155643233563,447.5951614992939
0.1,1.72,25.41610521744831,242.70592677003663,4.40490122049939,130.1807359217197,260.3614718434394,447.82173157071577
0.1,1.73,25.563873271038126,244.11700773962986,4.381383204339502,129.48569362727162,258.97138725454323,448.0204999503598
0.1,1.74,25.711641324627944,245.5280887092231,4.357865188179615,128.79065133282356,257.5813026656471,448.19146663822596
0.1,1.75,25.85940937821776,246.9391696788163,4.334347172019728,128.0956090383755,256.191218076751,448.33463163431423
0.1,1.76,26.007177431807573,248.35025064840954,4.3108291558598415,127.40056674392743,254.80113348785486,448.44999493862457
0.1,1.77,26.15494548539739,249.76133161800283,4.287311139699953,126.70552444947931,253.41104889895863,448.5375565511568
0.1,1.78,26.302713538987206,251.17241258759606,4.263793123540066,126.01048215503126,252.0209643100625,448.59731647191126
0.1,1.79,26.450481592577024,252.58349355718929,4.240275107380179,125.31543986058318,250.63087972116637,448.6292747008878
0.1,1.8,26.59824964616684,253.99457452678251,4.216757091220291,124.6203975661351,249.2407951322702,448.63343123808636
0.1,1.81,26.746017699756653,255.40565549637574,4.193239075060404,123.92535527168702,247.85071054337405,448.60978608350706
0.1,1.82,26.89378575334647,256.816736465969,4.169721058900517,123.23031297723897,246.46062595447793,448.5583392371499
0.1,1.83,27.041553806936285,258.2278174355622,4.1462030427406305,122.53527068279091,245.07054136558182,448.47909069901476
0.1,1.84,27.189321860526103,259.6388984051555,4.122685026580742,121.84022838834278,243.68045677668556,448.3720404691015
0.1,1.85,27.337089914115918,261.0499793747487,4.099167010420855,121.14518609389472,242.29037218778944,448.2371885474105
0.1,1.86,27.484857967705732,262.4610603443419,4.075648994260969,120.45014379944668,240.90028759889336,448.07453493394166
0.1,1.87,27.63262602129555,263.8721413139352,4.052130978101081,119.75510150499859,239.51020300999718,447.88407962869474
0.1,1.8800000000000001,27.780394074885365,265.2832222835284,4.028612961941193,119.0600592105505,238.120118421101,447.6658226316699
0.1,1.8900000000000001,27.928162128475183,266.69430325312163,4.005094945781306,118.36501691610243,236.73003383220487,447.41976394286723
0.1,1.9000000000000001,28.075930182064997,268.10538422271486,3.9815769296214194,117.66997462165438,235.33994924330875,447.14590356228666
0.1,1.9100000000000001,28.223698235654812,269.5164651923081,3.958058913461532,116.9749323272063,233.9498646544126,446.8442414899281
0.1,1.92,28.371466289244626,270.9275461619014,3.9268113459524656,116.05145388116007,232.10290776232014,445.6375829036547
0.1,1.93,28.51923434283444,272.33862713149455,3.8915343217126366,115.00889043948801,230.01778087897603,443.93431709642374
0.1,1.94,28.66700239642426,273.74970810108783,3.8562572974728044,113.96632699781587,227.93265399563174,442.1893487515256
0.1,1.95,28.814770450014073,275.16078907068106,3.8209802732329736,112.92376355614375,225.8475271122875,440.4026778689606
0.1,1.96,28.962538503603888,276.5718700402743,3.785703248993143,111.88120011447165,223.7624002289433,438.57430444872887
0.1,1.97,29.110306557193706,277.9829510098675,3.750426224753312,110.83863667279954,221.67727334559908,436.7042284908302
0.1,1.98,29.25807461078352,279.39403197946075,3.7151492005134816,109.79607323112744,219.59214646225487,434.79244999526463
0.1,1.99,29.40584266437334,280.80511294905403,3.6798721762736495,108.7535097894553,217.5070195789106,432.8389689620321
0.1,2.0,29.553610717963153,282.21619391864726,3.6445951520338187,107.71094634778318,215.42189269556636,430.8437853911327
0.1,2.0100000000000002,29.70137877155297,283.6272748882405,3.609318127793988,106.66838290611108,213.33676581222215,428.8068992825666
0.1,2.02,29.849146825142785,285.0383558578337,3.574041103554157,105.62581946443896,211.25163892887792,426.7283106363334
0.1,2.0300000000000002,29.996914878732603,286.449436827427,3.538764079314325,104.58325602276682,209.16651204553364,424.6080194524333
0.1,2.04,30.144682932322418,287.8605177970202,3.503487055074496,103.54069258109476,207.08138516218952,422.4460257308666
0.1,2.05,30.29245098591223,289.27159876661335,3.4682100308346664,102.49812913942269,204.99625827884537,420.24232947163296
0.1,2.06,30.440219039502047,290.68267973620664,3.4329330065948342,101.45556569775054,202.9111313955011,417.99693067473225
0.1,2.07,30.58798709309186,292.09376070579987,3.3976559823550034,100.41300225607843,200.82600451215686,415.7098293401647
0.1,2.08,30.73575514668168,293.5048416753931,3.3623789581151726,99.37043881440633,198.74087762881265,413.38102546793033
0.1,2.09,30.883523200271494,294.9159226449863,3.3271019338753423,98.32787537273423,196.65575074546845,411.01051905802905
0.1,2.1,31.031291253861312,296.3270036145796,3.29182490963551,97.28531193106207,194.57062386212414,408.5983101104607
0.1,2.11,31.179059307451123,297.73808458417284,3.2565478853956793,96.24274848938997,192.48549697877993,406.1443986252256
0.1,2.12,31.326827361040944,299.14916555376607,3.2212708611558485,95.20018504771785,190.4003700954357,403.6487846023237
0.1,2.13,31.474595414630755,300.5602465233593,3.189728813738413,94.26800365709543,188.53600731419087,401.5816955792265
0.1,2.14,31.622363468220577,301.9713274929526,3.1638589959625363,93.50345713320253,187.00691426640506,400.1947965301068
0.1,2.15,31.770131521810388,303.38240846254575,3.137989178186661,92.73891060930967,185.47782121861934,398.7773156200316
0.1,2.16,31.917899575400206,304.79348943213904,3.112119360410784,91.97436408541677,183.94872817083353,397.32925284900045
0.1,2.17,32.06566762899002,306.20457040173227,3.0862495426349086,91.20981756152389,182.41963512304778,395.8506082170137
0.1,2.18,32.21343568257984,307.6156513713255,3.0603797248590325,90.445271037631,180.890542075262,394.3413817240712
0.1,2.19,32.36120373616965,309.02673234091867,3.034509907083158,89.68072451373816,179.3614490274763,392.8015733701731
0.1,2.2,32.50897178975947,310.43781331051196,3.008640089307281,88.91617798984525,177.8323559796905,391.2311831553191
0.1,2.21,32.656739843349285,311.8488942801052,2.982770271531405,88.15163146595236,176.30326293190473,389.6302110795094
0.1,2.22,32.8045078969391,313.25997524969847,2.956900453755528,87.38708494205946,174.77416988411892,387.99865714274404
0.1,2.23,32.952275950528914,314.67105621929164,2.931030635979653,86.62253841816661,173.24507683633323,386.3365213450231
0.1,2.24,33.100044004118736,316.08213718888493,2.9051608182037763,85.85799189427371,171.71598378854742,384.64380368634625
0.1,2.25,33.24781205770854,317.4932181584781,2.8792910004279015,85.09344537038086,170.18689074076173,382.9205041667139
0.1,2.2600000000000002,33.395580111298365,318.9042991280714,2.8534211826520246,84.32889884648795,168.6577976929759,381.1666227861256
0.1,2.27,33.54334816488818,320.3153800976646,2.8275513648761486,83.56435232259507,167.12870464519014,379.3821595445816
0.1,2.2800000000000002,33.691116218478,321.7264610672579,2.8016815471002716,82.79980579870215,165.5996115974043,377.56711444208185
0.1,2.29,33.83888427206781,323.1375420368511,2.775811729324397,82.0352592748093,164.0705185496186,375.7214874786266
0.1,2.3000000000000003,33.98665232565763,324.54862300644436,2.74994191154852,81.2707127509164,162.5414255018328,373.8452786542155
0.1,2.31,34.134420379247445,325.9597039760376,2.7240720937726444,80.50616622702353,161.01233245404705,371.93848796884873
0.1,2.32,34.28218843283725,327.3707849456307,2.6982022759967705,79.74161970313071,159.48323940626142,370.0011154225265
0.1,2.33,34.42995648642707,328.78186591522405,2.6723324582208923,78.97707317923776,157.95414635847553,368.03316101524797
0.1,2.34,34.57772454001689,330.1929468848172,2.6467842185863795,78.22203045055014,156.44406090110027,366.07910250857464
0.1,2.35,34.7254925936067,331.60402785441045,2.6232662024264926,77.52698815610206,155.05397631220413,364.37684433367974
0.1,2.36,34.87326064719652,333.01510882400373,2.5997481862666043,76.83194586165396,153.66389172330793,362.6467844670067
0.1,2.37,35.02102870078634,334.42618979359696,2.5762301701067174,76.1369035672059,152.2738071344118,360.888922908556
0.1,2.38,35.16879675437615,335.83727076319025,2.552712153946829,75.44186127275779,150.88372254551558,359.1032596583271
0.1,2.39,35.31656480796597,337.2483517327834,2.529194137786943,74.74681897830976,149.49363795661952,357.28979471632067
0.1,2.4,35.46433286155578,338.65943270237665,2.5056761216270558,74.05177668386169,148.10355336772338,355.4485280825361
0.1,2.41,35.612100915145604,340.07051367197,2.4821581054671666,73.35673438941355,146.7134687788271,353.57945975697334
0.1,2.42,35.75986896873541,341.4815946415631,2.4586400893072815,72.66169209496555,145.3233841899311,351.6825897396332
0.1,2.43,35.90763702232523,342.8926756111564,2.4351220731473933,71.96664980051743,143.93329960103486,349.75791803051476
0.1,2.44,36.05540507591505,344.3037565807496,2.4116040569875064,71.27160750606937,142.54321501213875,347.80544462961853
0.1,2.45,36.20317312950486,345.71483755034285,2.388086040827619,70.5765652116213,141.1531304232426,345.8251695369444
0.1,2.46,36.350941183094676,347.12591851993614,2.364568024667731,69.8815229171732,139.7630458343464,343.81709275249216
0.1,2.47,36.4987092366845,348.53699948952936,2.341050008507844,69.18648062272513,138.37296124545026,341.7812142762622
0.1,2.48,36.64647729027431,349.9480804591226,2.3175319923479565,68.49143832827706,136.9828766565541,339.7175341082542
0.1,2.49,36.79424534386413,351.3591614287158,2.2940139761880696,67.79639603382898,135.59279206765797,337.62605224846834
0.1,2.5,36.94201339745394,352.77024239830905,2.270495960028182,67.10135373938091,134.20270747876182,335.50676869690454
0.12,0.0,0.0,0.0,6.0,193.14643496102508,386.29286992205016,0.0
0.12,0.01,0.1609553624675209,1.5370104932312205,6.0,193.14643496102508,386.29286992205016,3.8629286992205016
0.12,0.02,0.3219107249350418,3.074020986462441,6.0,193.14643496102508,386.29286992205016,7.725857398441003
0.12,0.03,0.4828660874025627,4.611031479693661,6.0,193.14643496102508,386.29286992205016,11.588786097661504
0.12,0.04,0.6438214498700836,6.148041972924882,6.0,193.14643496102508,386.29286992205016,15.451714796882007
0.12,0.05,0.8047768123376046,7.685052466156104,6.0,193.14643496102508,386.29286992205016,19.31464349610251
0.12,0.06,0.9657321748051254,9.222062959387323,6.0,193.14643496102508,386.29286992205016,23.17757219532301
0.12,0.07,1.1266875372726464,10.759073452618546,6.0,193.14643496102508,386.29286992205016,27.040500894543513
0.12,0.08,1.2876428997401672,12.296083945849764,6.0,193.14643496102508,386.29286992205016,30.903429593764013
0.12,0.09,1.448598262207688,13.833094439080984,6.0,193.14643496102508,386.29286992205016,34.76635829298451
0.12,0.1,1.6095536246752091,15.370104932312207,6.0,193.14643496102508,386.29286992205016,38.62928699220502
0.12,0.11,1.77050898714273,16.907115425543427,6.0,193.14643496102508,386.29286992205016,42.49221569142552
0.12,0.12,1.9314643496102508,18.444125918774645,6.0,193.14643496102508,386.29286992205016,46.35514439064602
0.12,0.13,2.092419712077772,19.98113641200587,6.0,193.14643496102508,386.29286992205016,50.21807308986652
0.12,0.14,2.2533750745452927,21.518146905237092,6.0,193.14643496102508,386.29286992205016,54.081001789087026
0.12,0.15,2.4143304370128136,23.05515739846831,6.0,193.14643496102508,386.29286992205016,57.94393048830752
0.12,0.16,2.5752857994803344,24.59216789169953,6.0,193.14643496102508,386.29286992205016,61.806859187528026
0.12,0.17,2.7362411619478553,26.12917838493075,6.0,193.14643496102508,386.29286992205016,65.66978788674854
0.12,0.18,2.897196524415376,27.666188878161968,6.0,193.14643496102508,386.29286992205016,69.53271658596903
0.12,0.19,3.058151886882897,29.20319937139319,6.0,193.14643496102508,386.29286992205016,73.39564528518953
0.12,0.2,3.2191072493504183,30.740209864624415,5.9952415080131285,192.99325400051595,385.9865080010319,77.19730160020639
0.12,0.21,3.3800626118179387,32.277220357855626,5.985360726270928,192.67518103916026,385.35036207832053,80.92357603644732
0.12,0.22,3.54101797428546,33.814230851086855,5.975479944528727,192.35710807780458,384.71421615560917,84.63712755423401
0.12,0.23,3.701973336752981,35.351241344318076,5.965599162786527,192.03903511644893,384.07807023289786,88.33795615356651
0.12,0.24,3.8629286992205016,36.88825183754929,5.955718381044326,191.72096215509325,383.4419243101865,92.02606183444476
0.12,0.25,4.0238840616880225,38.42526233078051,5.945837599302125,191.40288919373756,382.80577838747513,95.70144459686878
0.12,0.26,4.184839424155544,39.96227282401174,5.935956817559925,191.0848162323819,382.1696324647638,99.3641044408386
0.12,0.27,4.345794786623064,41.499283317242956,5.926076035817724,190.76674327102623,381.53348654205246,103.01404136635416
0.12,0.28,4.5067501490905855,43.036293810474184,5.916195254075523,190.44867030967055,380.8973406193411,106.65125537341552
0.12,0.29,4.667705511558106,44.57330430370539,5.906314472333323,190.1305973483149,380.2611946966298,110.27574646202262
0.12,0.3,4.828660874025627,46.11031479693662,5.896433690591122,189.8125243869592,379.6250487739184,113.88751463217552
0.12,0.31,4.989616236493148,47.647325290167835,5.8865529088489215,189.49445142560353,378.98890285120706,117.4865598838742
0.12,0.32,5.150571598960669,49.18433578339906,5.87667212710672,189.17637846424782,378.35275692849564,121.0728822171186
0.12,0.33,5.31152696142819,50.721346276630285,5.866791345364519,188.85830550289216,377.71661100578433,124.64648163190884
0.12,0.34,5.4724823238957105,52.2583567698615,5.856910563622319,188.54023254153648,377.08046508307297,128.2073581282448
0.12,0.35000000000000003,5.633437686363232,53.79536726309272,5.847029781880118,188.2221595801808,376.4443191603616,131.75551170612658
0.12,0.36,5.794393048830752,55.332377756323936,5.837149000137917,187.90408661882515,375.8081732376503,135.2909423655541
0.12,0.37,5.9553484112982735,56.869388249555165,5.827268218395717,187.58601365746946,375.17202731493893,138.8136501065274
0.12,0.38,6.116303773765794,58.40639874278638,5.817387436653516,187.26794069611378,374.53588139222757,142.32363492904648
0.12,0.39,6.277259136233315,59.94340923601761,5.8075066549113155,186.94986773475813,373.89973546951626,145.82089683311133
0.12,0.4,6.4382144987008365,61.48041972924883,5.797625873169115,186.63179477340245,373.2635895468049,149.30543581872197
0.12,0.41000000000000003,6.599169861168358,63.01743022248005,5.787745091426914,186.31372181204677,372.62744362409353,152.77725188587837
0.12,0.42,6.760125223635877,64.55444071571125,5.7778643096847135,185.9956488506911,371.9912977013822,156.23634503458052
0.12,0.43,6.921080586103399,66.09145120894249,5.767983527942513,185.67757588933543,371.35515177867086,159.68271526482846
0.12,0.44,7.08203594857092,67.62846170217371,5.758102746200311,185.35950292797972,370.71900585595944,163.11636257662215
0.12,0.45,7.24299131103844,69.16547219540493,5.748221964458111,185.04142996662404,370.0828599332481,166.53728696996163
0.12,0.46,7.403946673505962,70.70248268863615,5.73834118271591,184.72335700526838,369.44671401053677,169.94548844484692
0.12,0.47000000000000003,7.564902035973483,72.23949318186737,5.7284604009737095,184.4052840439127,368.8105680878254,173.34096700127796
0.12,0.48,7.725857398441003,73.77650367509858,5.718579619231509,184.08721108255702,368.17442216511404,176.72372263925473
0.12,0.49,7.886812760908524,75.3135141683298,5.708698837489308,183.76913812120137,367.53827624240273,180.09375535877734
0.12,0.5,8.047768123376045,76.85052466156102,5.6988180557471075,183.45106515984568,366.90213031969137,183.45106515984568
0.12,0.51,8.208723485843565,78.38753515479225,5.688937274004907,183.13299219849,366.26598439698,186.7956520424598
0.12,0.52,8.369678848311088,79.92454564802348,5.679056492262706,182.81491923713435,365.6298384742687,190.12751600661971
0.12,0.53,8.530634210778608,81.4615561412547,5.669175710520506,182.49684627577867,364.99369255155733,193.4466570523254
0.12,0.54,8.691589573246128,82.99856663448591,5.659294928778305,182.17877331442298,364.35754662884597,196.75307517957683
0.12,0.55,8.85254493571365,84.53557712771715,5.649414147036104,181.86070035306733,363.72140070613466,200.04677038837409
0.12,0.56,9.013500298181171,86.07258762094837,5.639533365293903,181.54262739171162,363.08525478342324,203.32774267871704
0.12,0.5700000000000001,9.174455660648693,87.60959811417959,5.629652583551702,181.22455443035594,362.4491088607119,206.5959920506058
0.12,0.58,9.335411023116212,89.14660860741078,5.619771801809502,180.90648146900028,361.81296293800057,209.8515185040403
0.12,0.59,9.496366385583732,90.683619100642,5.609891020067301,180.5884085076446,361.1768170152892,213.09432203902062
0.12,0.6,9.657321748051254,92.22062959387324,5.6000102383251,180.27033554628892,360.54067109257784,216.3244026555467
0.12,0.61,9.818277110518775,93.75764008710445,5.5901294565829,179.95226258493324,359.9045251698665,219.54176035361854
0.12,0.62,9.979232472986295,95.29465058033567,5.580248674840699,179.63418962357758,359.26837924715517,222.7463951332362
0.12,0.63,10.140187835453817,96.8316610735669,5.570367893098498,179.3161166622219,358.6322333244438,225.9383069943996
0.12,0.64,10.301143197921338,98.36867156679811,5.560487111356298,178.99804370086622,357.99608740173244,229.11749593710877
0.12,0.65,10.462098560388858,99.90568206002933,5.550606329614097,178.67997073951057,357.35994147902113,232.28396196136373
0.12,0.66,10.62305392285638,101.44269255326057,5.541343844680436,178.38180141554108,356.76360283108215,235.46397786851423
0.12,0.67,10.7840092853239,102.97970304649179,5.532121781721049,178.0849333182758,356.1698666365516,238.6338106464896
0.12,0.68,10.944964647791421,104.516713539723,5.5228997187616615,177.7880652210105,355.576130442021,241.7917687005743
0.12,0.6900000000000001,11.105920010258943,106.05372403295422,5.513677655802274,177.4911971237452,354.9823942474904,244.9378520307684
0.12,0.7000000000000001,11.266875372726464,107.59073452618544,5.504455592842887,177.1943290264799,354.3886580529598,248.07206063707187
0.12,0.71,11.427830735193984,109.12774501941665,5.4952335298835,176.8974609292146,353.7949218584292,251.1943945194847
0.12,0.72,11.588786097661504,110.66475551264787,5.486011466924112,176.6005928319493,353.2011856638986,254.304853678007
0.12,0.73,11.749741460129025,112.2017660058791,5.476789403964725,176.303724734684,352.607449469368,257.40343811263864
0.12,0.74,11.910696822596547,113.73877649911033,5.467567341005338,176.0068566374187,352.0137132748374,260.4901478233797
0.12,0.75,12.071652185064067,115.27578699234154,5.45834527804595,175.7099885401534,351.4199770803068,263.5649828102301
0.12,0.76,12.232607547531588,116.81279748557276,5.449123215086563,175.41312044288813,350.82624088577626,266.62794307318995
0.12,0.77,12.39356290999911,118.349807978804,5.439901152127176,175.11625234562283,350.23250469124565,269.6790286122592
0.12,0.78,12.55451827246663,119.88681847203522,5.430679089167788,174.81938424835752,349.63876849671504,272.71823942743777
0.12,0.79,12.71547363493415,121.42382896526642,5.421457026208401,174.52251615109222,349.04503230218444,275.74557551872573
0.12,0.8,12.876428997401673,122.96083945849766,5.412234963249014,174.22564805382692,348.45129610765383,278.76103688612307
0.12,0.81,13.037384359869193,124.49784995172888,5.403012900289626,173.92877995656164,347.8575599131233,281.7646235296299
0.12,0.8200000000000001,13.198339722336716,126.0348604449601,5.393790837330239,173.63191185929634,347.2638237185927,284.756335449246
0.12,0.8300000000000001,13.359295084804236,127.57187093819131,5.384568774370852,173.33504376203103,346.67008752406207,287.73617264497153
0.12,0.84,13.520250447271755,129.1088814314225,5.375346711411465,173.03817566476576,346.0763513295315,290.70413511680647
0.12,0.85,13.681205809739277,130.64589192465374,5.366124648452077,172.74130756750046,345.4826151350009,293.6602228647508
0.12,0.86,13.842161172206797,132.18290241788497,5.35690258549269,172.44443947023515,344.8888789404703,296.60443588880446
0.12,0.87,14.003116534674318,133.71991291111618,5.347680522533302,172.14757137296985,344.2951427459397,299.5367741889675
0.12,0.88,14.16407189714184,135.25692340434742,5.338458459573915,171.85070327570455,343.7014065514091,302.45723776524
0.12,0.89,14.32502725960936,136.79393389757863,5.329236396614528,171.55383517843924,343.1076703568785,305.36582661762185
0.12,0.9,14.48598262207688,138.33094439080986,5.32001433365514,171.25696708117397,342.51393416234794,308.26254074611313
0.12,0.91,14.646937984544403,139.8679548840411,5.310792270695753,170.96009898390867,341.92019796781733,311.1473801507138
0.12,0.92,14.807893347011923,141.4049653772723,5.301570207736366,170.66323088664336,341.3264617732867,314.0203448314238
0.12,0.93,14.968848709479444,142.9419758705035,5.2923481447769785,170.36636278937806,340.7327255787561,316.8814347882432
0.12,0.9400000000000001,15.129804071946966,144.47898636373475,5.283126081817591,170.06949469211278,340.13898938422557,319.73065002117204
0.12,0.9500000000000001,15.290759434414486,146.01599685696596,5.273904018858204,169.77262659484748,339.54525318969496,322.56799053021024
0.12,0.96,15.451714796882007,147.55300735019716,5.264681955898817,169.4757584975822,338.9515169951644,325.3934563153578
0.12,0.97,15.612670159349527,149.0900178434284,5.255459892939429,169.17889040031687,338.35778080063375,328.20704737661475
0.12,0.98,15.773625521817047,150.6270283366596,5.245610801643383,168.8618375884107,337.7236751768214,330.969201673285
0.12,0.99,15.93458088428457,152.16403882989084,5.2348517281907645,168.51549147493455,337.0309829498691,333.6606731203704
0.12,1.0,16.09553624675209,153.70104932312205,5.224092654738146,168.16914536145836,336.3382907229167,336.3382907229167
0.12,1.01,16.256491609219612,155.23805981635329,5.213333581285527,167.82279924798215,335.6455984959643,339.00205448092396
0.12,1.02,16.41744697168713,156.7750703095845,5.202574507832908,167.476453134506,334.952906269012,341.6519643943922
0.12,1.03,16.578402334154653,158.31208080281573,5.19181543438029,167.1301070210298,334.2602140420596,344.2880204633214
0.12,1.04,16.739357696622175,159.84909129604696,5.181056360927672,166.78376090755364,333.5675218151073,346.9102226877116
0.12,1.05,16.900313059089694,161.38610178927817,5.170297287475053,166.43741479407745,332.8748295881549,349.5185710675627
0.12,1.06,17.061268421557216,162.9231122825094,5.159538214022434,166.09106868060127,332.18213736120254,352.1130656028747
0.12,1.07,17.222223784024738,164.46012277574064,5.148779140569816,165.74472256712508,331.48944513425016,354.69370629364767
0.12,1.08,17.383179146492257,165.99713326897182,5.138020067117197,165.3983764536489,330.7967529072978,357.26049313988165
0.12,1.09,17.54413450895978,167.53414376220306,5.127260993664579,165.05203034017273,330.10406068034547,359.8134261415766
0.12,1.1,17.7050898714273,169.0711542554343,5.11650192021196,164.70568422669655,329.4113684533931,362.3525052987324
0.12,1.11,17.86604523389482,170.6081647486655,5.105742846759342,164.3593381132204,328.7186762264408,364.8777306113493
0.12,1.12,18.027000596362342,172.14517524189674,5.094983773306723,164.01299199974417,328.02598399948835,367.389102079427
0.12,1.1300000000000001,18.187955958829864,173.68218573512794,5.084224699854104,163.66664588626801,327.33329177253603,369.88661970296573
0.12,1.1400000000000001,18.348911321297386,175.21919622835918,5.073465626401486,163.32029977279183,326.64059954558365,372.37028348196543
0.12,1.1500000000000001,18.509866683764905,176.75620672159036,5.0627065529488675,162.97395365931564,325.9479073186313,374.84009341642604
0.12,1.16,18.670822046232423,178.29321721482157,5.051947479496249,162.62760754583948,325.25521509167896,377.2960495063476
0.12,1.17,18.831777408699946,179.8302277080528,5.041188406043631,162.2812614323633,324.5625228647266,379.7381517517301
0.12,1.18,18.992732771167464,181.367238201284,5.030429332591012,161.93491531888714,323.86983063777427,382.1664001525736
0.12,1.19,19.153688133634986,182.90424869451525,5.019670259138394,161.58856920541095,323.1771384108219,384.58079470887805
0.12,1.2,19.31464349610251,184.44125918774648,5.008911185685775,161.24222309193476,322.4844461838695,386.9813354206434
0.12,1.21,19.475598858570027,185.97826968097766,4.998152112233156,160.89587697845857,321.79175395691715,389.36802228786974
0.12,1.22,19.63655422103755,187.5152801742089,4.987393038780538,160.5495308649824,321.0990617299648,391.74085531055704
0.12,1.23,19.79750958350507,189.05229066744013,4.9766339653279195,160.20318475150623,320.40636950301246,394.0998344887053
0.12,1.24,19.95846494597259,190.58930116067134,4.965874891875301,159.85683863803004,319.7136772760601,396.4449598223145
0.12,1.25,20.119420308440112,192.12631165390258,4.955115818422682,159.51049252455385,319.0209850491077,398.77623131138466
0.12,1.26,20.280375670907635,193.6633221471338,4.944356744970063,159.16414641107767,318.32829282215533,401.09364895591574
0.12,1.27,20.441331033375153,195.20033264036502,4.933597671517445,158.8178002976015,317.635600595203,403.39721275590784
0.12,1.28,20.602286395842675,196.73734313359623,4.922838598064827,158.47145418412532,316.94290836825064,405.6869227113608
0.12,1.29,20.763241758310198,198.27435362682746,4.912079524612208,158.12510807064913,316.25021614129827,407.9627788222748
0.12,1.3,20.924197120777716,199.81136412005867,4.90132045115959,157.77876195717297,315.55752391434595,410.22478108864976
0.12,1.31,21.08515248324524,201.3483746132899,4.884830785600489,157.2479419377663,314.4958838755326,411.98960787694773
0.12,1.32,21.24610784571276,202.88538510652114,4.8675394175516375,156.69131425539388,313.38262851078775,413.66506963423984
0.12,1.33,21.40706320818028,204.42239559975235,4.850248049502786,156.13468657302144,312.2693731460429,415.31826628423704
0.12,1.34,21.5680185706478,205.95940609298358,4.832956681453935,155.57805889064903,311.15611778129806,416.94919782693944
0.12,1.35,21.728973933115324,207.49641658621482,4.815665313405083,155.02143120827657,310.04286241655313,418.55786426234675
0.12,1.36,21.889929295582842,209.033427079446,4.798373945356233,154.46480352590416,308.9296070518083,420.1442655904593
0.12,1.37,22.050884658050364,210.57043757267724,4.781082577307381,153.9081758435317,307.8163516870634,421.7084018112769
0.12,1.3800000000000001,22.211840020517887,212.10744806590844,4.76379120925853,153.3515481611593,306.7030963223186,423.2502729247997
0.12,1.3900000000000001,22.37279538298541,213.64445855913968,4.746499841209679,152.79492047878685,305.5898409575737,424.7698789310275
0.12,1.4000000000000001,22.533750745452927,215.1814690523709,4.729208473160828,152.2382927964144,304.4765855928288,426.2672198299604
0.12,1.41,22.694706107920446,216.71847954560207,4.7119171051119775,151.68166511404203,303.36333022808407,427.7422956215985
0.12,1.42,22.855661470387968,218.2554900388333,4.6946257370631255,151.12503743166957,302.25007486333914,429.1951063059416
0.12,1.43,23.016616832855487,219.7925005320645,4.677334369014274,150.56840974929713,301.13681949859426,430.62565188298976
0.12,1.44,23.17757219532301,221.32951102529574,4.660043000965423,150.0117820669247,300.0235641338494,432.0339323527431
0.12,1.45,23.33852755779053,222.86652151852698,4.642751632916572,149.4551543845523,298.9103087691046,433.4199477152016
0.12,1.46,23.49948292025805,224.4035320117582,4.625460264867721,148.89852670217985,297.7970534043597,434.78369797036515
0.12,1.47,23.660438282725572,225.94054250498942,4.608168896818869,148.34189901980739,296.68379803961477,436.1251831182337
0.12,1.48,23.821393645193094,227.47755299822066,4.590877528770018,147.78527133743498,295.57054267486996,437.4444031588075
0.12,1.49,23.982349007660613,229.01456349145184,4.573586160721167,147.22864365506254,294.4572873101251,438.7413580920864
0.12,1.5,24.143304370128135,230.55157398468307,4.556294792672316,146.6720159726901,293.3440319453802,440.0160479180703
0.12,1.51,24.304259732595657,232.0885844779143,4.5390034246234645,146.11538829031767,292.23077658063534,441.2684726367594
0.12,1.52,24.465215095063176,233.62559497114552,4.521712056574613,145.55876060794526,291.1175212158905,442.49863224815357
0.12,1.53,24.626170457530698,235.16260546437675,4.504420688525761,145.0021329255728,290.0042658511456,443.7065267522528
0.12,1.54,24.78712581999822,236.699615957608,4.48712932047691,144.44550524320036,288.8910104864007,444.8921561490571
0.12,1.55,24.94808118246574,238.2366264508392,4.469837952428059,143.88887756082795,287.7777551216559,446.05552043856665
0.12,1.56,25.10903654493326,239.77363694407043,4.452546584379208,143.3322498784555,286.664499756911,447.19661962078123
0.12,1.57,25.269991907400783,241.31064743730167,4.428155876044972,142.54708681830022,285.09417363660043,447.5978526094627
0.12,1.58,25.4309472698683,242.84765793053285,4.402539034491119,141.72245321478553,283.44490642957106,447.8429521587223
0.12,1.59,25.591902632335824,244.38466842376408,4.376922192937266,140.89781961127082,281.79563922254164,448.0550663638412
0.12,1.6,25.752857994803346,245.92167891699532,4.351305351383411,140.07318600775608,280.14637201551216,448.2341952248195
0.12,1.61,25.913813357270865,247.45868941022653,4.325688509829558,139.24855240424137,278.49710480848273,448.3803387416572
0.12,1.62,26.074768719738387,248.99569990345776,4.300071668275704,138.42391880072665,276.8478376014533,448.4934969143544
0.12,1.6300000000000001,26.23572408220591,250.53271039668897,4.2744548267218505,137.59928519721194,275.1985703944239,448.57366974291097
0.12,1.6400000000000001,26.39667944467343,252.0697208899202,4.248837985167997,136.77465159369723,273.54930318739446,448.62085722732695
0.12,1.6500000000000001,26.55763480714095,253.60673138315138,4.223221143614143,135.95001799018252,271.90003598036503,448.63505936760237
0.12,1.6600000000000001,26.718590169608472,255.14374187638262,4.19760430206029,135.1253843866678,270.2507687733356,448.61627616373715
0.12,1.67,26.87954553207599,256.68075236961386,4.171987460506436,134.3007507831531,268.6015015663062,448.5645076157313
0.12,1.68,27.04050089454351,258.217762862845,4.1463706189525835,133.4761171796384,266.9522343592768,448.479753723585
0.12,1.69,27.20145625701103,259.75477335607627,4.120753777398729,132.65148357612367,265.30296715224733,448.362014487298
0.12,1.7,27.362411619478554,261.2917838493075,4.0951369358448755,131.82684997260895,263.6536999452179,448.21128990687043
0.12,1.71,27.523366981946072,262.8287943425387,4.069520094291022,131.00221636909424,262.0044327381885,448.0275799823023
0.12,1.72,27.684322344413594,264.36580483576995,4.043903252737167,130.1775827655795,260.355165531159,447.81088471359345
0.12,1.73,27.845277706881117,265.90281532900116,4.018286411183314,129.3529491620648,258.7058983241296,447.5612041007442
0.12,1.74,28.006233069348635,267.43982582223236,3.9926695696294607,128.5283155585501,257.0566311171002,447.27853814375436
0.12,1.75,28.167188431816157,268.9768363154636,3.967052728075607,127.70368195503539,255.40736391007079,446.9628868426239
0.12,1.76,28.32814379428368,270.51384680869484,3.937153829782629,126.74120435261023,253.48240870522045,446.129039321188
0.12,1.77,28.489099156751198,272.05085730192604,3.8987285674518493,125.50425394733819,251.00850789467637,444.2850589735772
0.12,1.78,28.65005451921872,273.58786779515725,3.860303305121069,124.26730354206612,248.53460708413223,442.39160060975536
0.12,1.79,28.811009881686243,275.1248782883885,3.821878042790287,123.030353136794,246.060706273588,440.44866422972257
0.12,1.8,28.97196524415376,276.6618887816197,3.7834527804595073,121.79340273152195,243.5868054630439,438.45624983347903
0.12,1.81,29.132920606621283,278.19889927485093,3.745027518128727,120.55645232624988,241.11290465249976,436.4143574210246
0.12,1.82,29.293875969088806,279.7359097680822,3.7066022557979452,119.31950192097779,238.63900384195557,434.3229869923592
0.12,1.83,29.454831331556324,281.27292026131335,3.6681769934671666,118.08255151570577,236.16510303141155,432.18213854748313
0.12,1.84,29.615786694023846,282.8099307545446,3.629751731136385,116.84560111043366,233.69120222086732,429.9918120863959
0.12,1.85,29.77674205649137,284.3469412477758,3.5913264688056046,115.6086507051616,231.2173014103232,427.7520076090979
0.12,1.86,29.937697418958887,285.883951741007,3.5529012064748247,114.37170029988954,228.74340059977908,425.46272511558914
0.12,1.87,30.09865278142641,287.4209622342383,3.514475944144043,113.13474989461743,226.26949978923486,423.1239646058692
0.12,1.8800000000000001,30.25960814389393,288.9579727274695,3.4760506818132626,111.89779948934537,223.79559897869075,420.7357260799386
0.12,1.8900000000000001,30.420563506361454,290.4949832207007,3.4376254194824827,110.66084908407332,221.32169816814664,418.29800953779716
0.12,1.9000000000000001,30.581518868828972,292.0319937139319,3.3992001571517023,109.42389867880125,218.8477973576025,415.8108149794448
0.12,1.9100000000000001,30.742474231296494,293.5690042071631,3.3607748948209224,108.1869482735292,216.3738965470584,413.27414240488156
0.12,1.92,30.903429593764013,295.1060147003943,3.322349632490142,106.94999786825713,213.89999573651426,410.68799181410736
0.12,1.93,31.06438495623153,296.64302519362553,3.2839243701593617,105.71304746298506,211.42609492597012,408.0523632071223
0.12,1.94,31.225340318699054,298.1800356868568,3.2454991078285804,104.47609705771298,208.95219411542595,405.36725658392635
0.12,1.95,31.386295681166576,299.717046180088,3.2070738454978,103.23914665244091,206.47829330488182,402.63267194451953
0.12,1.96,31.547251043634095,301.2540566733192,3.177008960989148,102.27132577571406,204.54265155142812,400.9035970407991
0.12,1.97,31.708206406101617,302.7910671665504,3.1488304352799092,101.36422881184788,202.72845762369576,399.37506151868064
0.12,1.98,31.86916176856914,304.3280776597817,3.120651909570669,100.45713184798166,200.9142636959633,397.81024211800735
0.12,1.99,32.03011713103666,305.8650881530129,3.0924733838614307,99.55003488411549,199.10006976823098,396.20913883877967
0.12,2.0,32.19107249350418,307.4020986462441,3.064294858152192,98.64293792024931,197.28587584049862,394.57175168099724
0.12,2.0100000000000002,32.352027855971706,308.93910913947536,3.0361163324429516,97.73584095638309,195.47168191276617,392.89808064466007
0.12,2.02,32.512983218439224,310.47611963270657,3.007937806733713,96.82874399251692,193.65748798503384,391.18812572976833
0.12,2.0300000000000002,32.67393858090675,312.01313012593783,2.979759281024473,95.92164702865071,191.84329405730142,389.4418869363219
0.12,2.04,32.83489394337426,313.550140619169,2.951580755315235,95.01455006478456,190.02910012956912,387.659364264321
0.12,2.05,32.99584930584178,315.0871511124002,2.9234022296059967,94.10745310091839,188.21490620183678,385.84055771376535
0.12,2.06,33.156804668309306,316.62416160563146,2.8952237038967565,93.20035613705217,186.40071227410434,383.98546728465493
0.12,2.07,33.317760030776824,318.16117209886266,2.8670451781875177,92.29325917318599,184.58651834637197,382.09409297698994
0.12,2.08,33.47871539324435,319.69818259209393,2.838866652478278,91.38616220931978,182.77232441863956,380.16643479077027
0.12,2.09,33.63967075571187,321.23519308532514,2.810688126769039,90.47906524545361,180.95813049090722,378.2024927259961
0.12,2.1,33.80062611817939,322.77220357855634,2.7825096010598003,89.57196828158743,179.14393656317486,376.2022667826672
0.12,2.11,33.961581480646906,324.3092140717875,2.7543310753505628,88.66487131772129,177.32974263544259,374.1657569607838
0.12,2.12,34.12253684311443,325.8462245650188,2.7261525496413217,87.75777435385504,175.51554870771008,372.0929632603454
0.12,2.13,34.28349220558195,327.38323505824997,2.6979740239320837,86.85067738998889,173.70135477997778,369.98388568135266
0.12,2.14,34.444447568049476,328.9202455514813,2.669795498222843,85.94358042612265,171.8871608522453,367.83852422380494
0.12,2.15,34.605402930516995,330.45725604471244,2.6423790659214594,85.06101606639557,170.12203213279113,365.76236908550095
0.12,2.16,34.76635829298451,331.99426653794364,2.616762224367606,84.23638246288085,168.4727649257617,363.9011722396453
0.12,2.17,34.92731365545203,333.5312770311748,2.591145382813753,83.41174885936617,166.82349771873234,362.0069900496492
0.12,2.18,35.08826901791956,335.0682875244061,2.565528541259898,82.5871152558514,165.1742305117028,360.07982251551215
0.12,2.19,35.249224380387076,336.60529801763727,2.5399116997060456,81.76248165233673,163.52496330467346,358.1196696372349
0.12,2.2,35.4101797428546,338.1423085108686,2.5142948581521902,80.93784804882196,161.87569609764392,356.12653141481667
0.12,2.21,35.57113510532212,339.67931900409974,2.4886780165983375,80.11321444530728,160.22642889061456,354.10040784825816
0.12,2.22,35.73209046778964,341.216329497331,2.463061175044483,79.28858084179254,158.57716168358508,352.0412989375589
0.12,2.23,35.89304583025716,342.75333999056215,2.437444333490631,78.46394723827788,156.92789447655576,349.94920468271937
0.12,2.24,36.054001192724684,344.2903504837935,2.4118274919367755,77.63931363476311,155.27862726952623,347.8241250837388
0.12,2.25,36.2149565551922,345.8273609770246,2.386210650382923,76.81468003124843,153.62936006249686,345.6660601406179
0.12,2.2600000000000002,36.37591191765973,347.3643714702559,2.3605938088290683,75.99004642773369,151.98009285546738,343.4750098533563
0.12,2.27,36.53686728012725,348.9013819634871,2.3349769672752148,75.16541282421898,150.33082564843795,341.25097422195415
0.12,2.2800000000000002,36.69782264259477,350.43839245671836,2.3093601257213607,74.34077922070425,148.6815584414085,338.9939532464114
0.12,2.29,36.858778005062284,351.9754029499495,2.283743284167508,73.51614561718957,147.03229123437913,336.70394692672824
0.12,2.3000000000000003,37.01973336752981,353.5124134431807,2.2581264426136545,72.69151201367485,145.3830240273497,334.38095526290437
0.12,2.31,37.18068872999733,355.049423936412,2.2325096010598,71.86687841016011,143.73375682032022,332.0249782549397
0.12,2.32,37.34164409246485,356.58643442964313,2.2068927595059478,71.04224480664546,142.0844896132909,329.6360159028349
0.12,2.33,37.50259945493237,358.12344492287446,2.1812759179520924,70.21761120313069,140.43522240626137,327.214068206589
0.12,2.34,37.66355481739989,359.6604554161056,2.1556590763982397,69.392977599616,138.785955199232,324.7591351662029
0.12,2.35,37.82451017986741,361.1974659093368,2.1170696874932378,68.15074378389505,136.3014875677901,320.3084957843068
0.12,2.36,37.98546554233493,362.734476402568,2.0748018989293793,66.79009833809577,133.58019667619155,315.24926415581206
0.12,2.37,38.146420904802454,364.2714868957993,2.0325341103655195,65.42945289229647,130.85890578459293,310.1356067094853
0.12,2.38,38.30737626726997,365.8084973890305,1.9902663218016614,64.0688074464972,128.1376148929944,304.96752344532666
0.12,2.39,38.4683316297375,367.34550788226176,1.9479985332378016,62.70816200069788,125.41632400139576,299.7450143633359
0.12,2.4,38.62928699220502,368.88251837549296,1.9057307446739435,61.34751655489862,122.69503310979724,294.46807946351333
0.12,2.41,38.790242354672536,370.41952886872417,1.8634629561100853,59.986871109099354,119.97374221819871,289.1367187458589
0.12,2.42,38.951197717140055,371.9565393619553,1.8211951675462288,58.62622566330014,117.25245132660028,283.7509322103727
0.12,2.43,39.11215307960758,373.49354985518664,1.7789273789823674,57.265580217500776,114.53116043500155,278.3107198570538
0.12,2.44,39.2731084420751,375.0305603484178,1.7366595904185107,55.904934771701555,111.80986954340311,272.81608168590355
0.12,2.45,39.434063804542625,376.5675708416491,1.6943918018546493,54.544289325902184,109.08857865180437,267.26701769692073
0.12,2.46,39.59501916701014,378.10458133488027,1.6521240132907928,53.18364388010298,106.36728776020595,261.66352789010665
0.12,2.47,39.75597452947766,379.64159182811153,1.609856224726933,51.822998434303656,103.64599686860731,256.00561226546006
0.12,2.48,39.91692989194518,381.1786023213427,1.5717135442877757,50.59514464319018,101.19028928638036,250.9519174302233
0.12,2.49,40.077885254412706,382.715612814574,1.5348252924502241,49.40767225412892,98.81534450825784,246.05020782556204
0.12,2.5,40.238840616880225,384.25262330780515,1.4979370406126764,48.220199865067784,96.44039973013557,241.10099932533893
