mass_kg,l0_m,axial_force_per_leg_n,joint_torque_required_nm,stall_continuous_margin
2.0,0.07,9.80665,0.25620355810158874,4.293461059443339
2.0,0.07010000000000001,9.80665,0.2567338292340041,4.284593126203823
2.0,0.07020000000000001,9.80665,0.25726188189637095,4.275798621589408
2.0,0.0703,9.80665,0.2577877213284949,4.267076780582141
2.0,0.0704,9.80665,0.25831135273310396,4.258426849463938
2.0,0.07050000000000001,9.80665,0.2588327812763796,4.249848085607939
2.0,0.07060000000000001,9.80665,0.2593520120884779,4.241339757274508
2.0,0.07070000000000001,9.80665,0.2598690502640389,4.232901143411843
2.0,0.0708,9.80665,0.26038390086268504,4.2245315334610165
2.0,0.0709,9.80665,0.26089656890950846,4.216230227165361
2.0,0.07100000000000001,9.80665,0.2614070593955487,4.207996534384072
2.0,0.07110000000000001,9.80665,0.26191537727825903,4.19982977490993
2.0,0.07120000000000001,9.80665,0.2624215274819647,4.191729278291009
2.0,0.0713,9.80665,0.2629255148983092,4.183694383656312
2.0,0.0714,9.80665,0.26342734438669246,4.175724439545194
2.0,0.07150000000000001,9.80665,0.2639270207747005,4.167818803740476
2.0,0.07160000000000001,9.80665,0.2644245488585225,4.159976843105226
2.0,0.0717,9.80665,0.2649199334033641,4.152197933422973
2.0,0.0718,9.80665,0.26541317914384893,4.144481459241407
2.0,0.0719,9.80665,0.26590429078441097,4.1368268137194315
2.0,0.07200000000000001,9.80665,0.2663932729996815,4.129233398477428
2.0,0.07210000000000001,9.80665,0.26688013043486586,4.121700623450735
2.0,0.0722,9.80665,0.2673648677061134,4.114227906746209
2.0,0.0723,9.80665,0.2678474894008791,4.106814674501817
2.0,0.0724,9.80665,0.2683280000782783,4.099460360749163
2.0,0.07250000000000001,9.80665,0.26880640426943375,4.092164407278902
2.0,0.07260000000000001,9.80665,0.2692827064778152,4.084926263508954
2.0,0.0727,9.80665,0.2697569111795731,4.077745386355446
2.0,0.0728,9.80665,0.2702290228238646,4.070621240106325
2.0,0.0729,9.80665,0.27069904583317234,4.063553296297591
2.0,0.07300000000000001,9.80665,0.2711669846036184,4.056541033592044
2.0,0.07310000000000001,9.80665,0.27163284350527056,4.04958393766053
2.0,0.0732,9.80665,0.2720966268824426,4.042681501065601
2.0,0.0733,9.80665,0.272558339053989,4.035833223147538
2.0,0.0734,9.80665,0.2730179843135922,4.02903860991269
2.0,0.07350000000000001,9.80665,0.2734755669300469,4.0222971739240325
2.0,0.0736,9.80665,0.2739310911475354,4.015608434193969
2.0,0.0737,9.80665,0.2743845611858996,4.00897191607925
2.0,0.0738,9.80665,0.27483598124090675,4.00238715117799
2.0,0.07390000000000001,9.80665,0.27528535548451005,3.9958536772287387
2.0,0.07400000000000001,9.80665,0.275732688065104,3.9893710380115546
2.0,0.0741,9.80665,0.2761779831077743,3.9829387832510226
2.0,0.0742,9.80665,0.2766212447145439,3.976556468521181
2.0,0.0743,9.80665,0.27706247696461256,3.970223655152322
2.0,0.07440000000000001,9.80665,0.2775016839145929,3.9639399101396036
2.0,0.07450000000000001,9.80665,0.277938869598742,3.957704806053435
2.0,0.0746,9.80665,0.2783740380291867,3.951517920951624
2.0,0.0747,9.80665,0.2788071931961469,3.945378838293194
2.0,0.0748,9.80665,0.27923833906815165,3.939287146853897
2.0,0.07490000000000001,9.80665,0.27966747959225435,3.9332424406433044
2.0,0.07500000000000001,9.80665,0.28009461869424046,3.9272443188235346
2.0,0.0751,9.80665,0.28051976027883335,3.9212923856294934
2.0,0.0752,9.80665,0.2809429082298957,3.915386250290645
2.0,0.0753,9.80665,0.28136406641062545,3.9095255269542823
2.0,0.07540000000000001,9.80665,0.28178323866375127,3.903709834610204
2.0,0.07550000000000001,9.80665,0.2822004288117201,3.8979387970168666
2.0,0.0756,9.80665,0.28261564065688444,3.8922120426288744
2.0,0.0757,9.80665,0.2830288779816848,3.886529204525846
2.0,0.0758,9.80665,0.2834401445488275,3.880889920342621
2.0,0.07590000000000001,9.80665,0.2838494441014612,3.875293832200736
2.0,0.07600000000000001,9.80665,0.2842567803633486,3.8697405866411883
2.0,0.0761,9.80665,0.2846621570390352,3.864229834558442
2.0,0.0762,9.80665,0.28506557781401476,3.85876123113564
2.0,0.0763,9.80665,0.2854670463548925,3.853334435781006
2.0,0.07640000000000001,9.80665,0.28586656630954266,3.847949112065437
2.0,0.07650000000000001,9.80665,0.2862641413072664,3.8426049276611867
2.0,0.0766,9.80665,0.28665977495894507,3.8373015542816926
2.0,0.0767,9.80665,0.28705347085718946,3.8320386676225056
2.0,0.07680000000000001,9.80665,0.28744523257648796,3.826815947303265
2.0,0.07690000000000001,9.80665,0.2878350636733518,3.8216330768107167
2.0,0.077,9.80665,0.2882229676864563,3.8164897434427796
2.0,0.0771,9.80665,0.28860894813678084,3.8113856382535842
2.0,0.0772,9.80665,0.28899300852774507,3.806320455999521
2.0,0.07730000000000001,9.80665,0.28937515234534356,3.8012938950862227
2.0,0.07740000000000001,9.80665,0.2897553830582771,3.7963056575165077
2.0,0.0775,9.80665,0.29013370411808187,3.791355448839235
2.0,0.0776,9.80665,0.29051011895925644,3.786442978099063
2.0,0.0777,9.80665,0.2908846309993863,3.781567957787089
2.0,0.07780000000000001,9.80665,0.2912572436392654,3.776730103792362
2.0,0.07790000000000001,9.80665,0.2916279602630163,3.7719291353542412
2.0,0.078,9.80665,0.29199678423820774,3.7671647750155777
2.0,0.0781,9.80665,0.2923637189159699,3.7624367485767207
2.0,0.0782,9.80665,0.2927287676311081,3.7577447850503085
2.0,0.07830000000000001,9.80665,0.2930919337022131,3.7530886166168624
2.0,0.0784,9.80665,0.29345322043177086,3.7484679785811204
2.0,0.0785,9.80665,0.29381263110626943,3.74388260932914
2.0,0.0786,9.80665,0.29417016899630427,3.739332250286125
2.0,0.0787,9.80665,0.294525837356681,3.734816645874983
2.0,0.07880000000000001,9.80665,0.2948796394265166,3.7303355434755874
2.0,0.0789,9.80665,0.29523157842933945,3.72588869338472
2.0,0.079,9.80665,0.29558165757318633,3.721475848776709
2.0,0.0791,9.80665,0.29592988005069853,3.7170967656647202
2.0,0.0792,9.80665,0.2962762490392153,3.712751202862716
2.0,0.07930000000000001,9.80665,0.29662076770086687,3.708438921948031
2.0,0.0794,9.80665,0.2969634391826647,3.7041596872245974
2.0,0.0795,9.80665,0.29730426661659043,3.699913265686773
2.0,0.0796,9.80665,0.2976432531196829,3.695699426983779
2.0,0.07970000000000001,9.80665,0.2979804017941246,3.6915179433847225
2.0,0.07980000000000001,9.80665,0.29831571572732496,3.6873685897442074
2.0,0.0799,9.80665,0.2986491979920039,3.6832511434685045
2.0,0.08,9.80665,0.2989808516462719,3.679165384482295
2.0,0.0801,9.80665,0.2993106797337106,3.6751110951959456
2.0,0.08020000000000001,9.80665,0.2996386852834501,3.6710880604733322
2.0,0.08030000000000001,9.80665,0.29996487131024646,3.667096067600184
2.0,0.0804,9.80665,0.3002892408145565,3.6631349062529504
2.0,0.0805,9.80665,0.3006117967826123,3.659204368468168
2.0,0.0806,9.80665,0.30093254218649323,3.655304248612337
2.0,0.08070000000000001,9.80665,0.3012514799841977,3.651434343352275
2.0,0.08080000000000001,9.80665,0.3015686131197131,3.647594451625956
2.0,0.0809,9.80665,0.30188394452308426,3.6437843746138214
2.0,0.081,9.80665,0.30219747711048145,3.6400039157105444
2.0,0.0811,9.80665,0.3025092137842661,3.6362528804972634
2.0,0.08120000000000001,9.80665,0.3028191574330562,3.632531076714245
2.0,0.08130000000000001,9.80665,0.30312731093179013,3.628838314233991
2.0,0.0814,9.80665,0.3034336771417892,3.6251744050347763
2.0,0.0815,9.80665,0.3037382589108193,3.6215391631746052
2.0,0.0816,9.80665,0.3040410590731515,3.617932404765578
2.0,0.08170000000000001,9.80665,0.3043420804496209,3.6143539479486733
2.0,0.08180000000000001,9.80665,0.30464132584768555,3.610803612868917
2.0,0.0819,9.80665,0.3049387980614834,3.60728122165095
2.0,0.082,9.80665,0.305234499871888,3.603786598374982
2.0,0.0821,9.80665,0.30552843404656427,3.6003195690531173
2.0,0.08220000000000001,9.80665,0.30582060334002226,3.596879961606056
2.0,0.0823,9.80665,0.30611101049367023,3.5934676058401562
2.0,0.0824,9.80665,0.3063996582358671,3.5900823334248555
2.0,0.0825,9.80665,0.3066865492819735,3.5867239778704447
2.0,0.0826,9.80665,0.30697168633440175,3.5833923745061864
2.0,0.08270000000000001,9.80665,0.30725507208266534,3.5800873604587755
2.0,0.0828,9.80665,0.3075367092034278,3.5768087746311212
2.0,0.0829,9.80665,0.3078166003605495,3.573556457681477
2.0,0.083,9.80665,0.3080947482051348,3.570330252002871
2.0,0.08310000000000001,9.80665,0.3083711553755776,3.56713000170287
2.0,0.0832,9.80665,0.30864582449760625,3.563955552583642
2.0,0.0833,9.80665,0.30891875818432785,3.5608067521223306
2.0,0.0834,9.80665,0.3091899590362714,3.557683449451727
2.0,0.0835,9.80665,0.30945942964143003,3.55458549534124
2.0,0.08360000000000001,9.80665,0.3097271725753031,3.551512742178151
2.0,0.0837,9.80665,0.30999319040093665,3.5484650439491605
2.0,0.0838,9.80665,0.31025748566896405,3.5454422562222043
2.0,0.0839,9.80665,0.310520060917645,3.5424442361285573
2.0,0.084,9.80665,0.31078091867290386,3.539470842345206
2.0,0.08410000000000001,9.80665,0.31104006144836793,3.536521935077479
2.0,0.0842,9.80665,0.3112974917454049,3.5335973760419397
2.0,0.0843,9.80665,0.3115532120531584,3.530697028449554
2.0,0.0844,9.80665,0.31180722484858486,3.5278207569890836
2.0,0.0845,9.80665,0.3120595325964872,3.5249684278107596
2.0,0.08460000000000001,9.80665,0.31231013774955085,3.522139908510165
2.0,0.0847,9.80665,0.3125590427483757,3.519335068112396
2.0,0.0848,9.80665,0.31280625002151075,3.516553777056425
2.0,0.0849,9.80665,0.31305176198548534,3.513795907179726
2.0,0.085,9.80665,0.3132955810448417,3.5110613317031056
2.0,0.08510000000000001,9.80665,0.31353770959216537,3.508349925215779
2.0,0.0852,9.80665,0.31377815000811643,3.505661563660652
2.0,0.0853,9.80665,0.3140169046614592,3.5029961243198264
2.0,0.0854,9.80665,0.31425397590909093,3.5003534858003325
2.0,0.0855,9.80665,0.3144893660960713,3.4977335280200483
2.0,0.08560000000000001,9.80665,0.31472307755565004,3.495136132193851
2.0,0.0857,9.80665,0.31495511260929504,3.492561180819951
2.0,0.0858,9.80665,0.3151854735667188,3.4900085576664464
2.0,0.0859,9.80665,0.31541416272590506,3.4874781477580643
2.0,0.08600000000000001,9.80665,0.31564118237313427,3.4849698373631055
2.0,0.08610000000000001,9.80665,0.31586653478300986,3.4824835139805637
2.0,0.0862,9.80665,0.3160902222184819,3.480019066327458
2.0,0.0863,9.80665,0.3163122469308723,3.47757638432633
2.0,0.0864,9.80665,0.3165326111598979,3.4751553590929376
2.0,0.08650000000000001,9.80665,0.3167513171336938,3.4727558829241243
2.0,0.08660000000000001,9.80665,0.3169683670688367,3.4703778492858586
2.0,0.0867,9.80665,0.31718376317036584,3.4680211528014686
2.0,0.0868,9.80665,0.3173975076318061,3.4656856892400194
2.0,0.0869,9.80665,0.31760960263518806,3.4633713555048877
2.0,0.08700000000000001,9.80665,0.3178200503510696,3.4610780496224858
2.0,0.08710000000000001,9.80665,0.3180288529385555,3.4588056707311545
2.0,0.0872,9.80665,0.3182360125453174,3.456554119070223
2.0,0.0873,9.80665,0.31844153130761377,3.454323295969214
2.0,0.0874,9.80665,0.3186454113503074,3.452113103837229
2.0,0.0875,9.80665,0.31884765478688487,3.449923446152461
2.0,0.08760000000000001,9.80665,0.31904826371947465,3.447754227451877
2.0,0.0877,9.80665,0.3192472402388636,3.445605353321051
2.0,0.0878,9.80665,0.3194445864245145,3.443476730384137
2.0,0.0879,9.80665,0.3196403043445833,3.4413682662939844
2.0,0.088,9.80665,0.3198343960559341,3.439279869722414
2.0,0.0881,9.80665,0.32002686360415616,3.437211450350615
2.0,0.0882,9.80665,0.3202177090235779,3.435162918859701
2.0,0.0883,9.80665,0.3204069343372831,3.4331341869213787
2.0,0.0884,9.80665,0.32059454155712497,3.431125167188778
2.0,0.0885,9.80665,0.3207805326837396,3.4291357732874017
2.0,0.0886,9.80665,0.3209649097065608,3.4271659198062023
2.0,0.0887,9.80665,0.3211476746038323,3.425215522288803
2.0,0.0888,9.80665,0.3213288293426214,3.4232844972248335
2.0,0.0889,9.80665,0.321508375878831,3.421372762041398
2.0,0.089,9.80665,0.3216863161572126,3.419480235094659
2.0,0.0891,9.80665,0.32186265211137643,3.417606835661564
2.0,0.0892,9.80665,0.32203738566380463,3.4157524839316644
2.0,0.0893,9.80665,0.32221051872586054,3.4139171009990816
2.0,0.08940000000000001,9.80665,0.32238205319780067,3.412100608854564
2.0,0.0895,9.80665,0.32255199096878406,3.4103029303776826
2.0,0.0896,9.80665,0.32272033391688265,3.4085239893291246
2.0,0.0897,9.80665,0.32288708390909016,3.406763710343113
2.0,0.0898,9.80665,0.323052242801332,3.4050220189199214
2.0,0.08990000000000001,9.80665,0.32321581243847347,3.4032988414185126
2.0,0.09,9.80665,0.323377794654328,3.4015941050492846
2.0,0.0901,9.80665,0.32353819127166605,3.3999077378669047
2.0,0.0902,9.80665,0.3236970041022221,3.3982396687632765
2.0,0.0903,9.80665,0.32385423494670185,3.396589827460592
2.0,0.09040000000000001,9.80665,0.3240098855947898,3.394958144504491
2.0,0.0905,9.80665,0.32416395782515595,3.3933445512573184
2.0,0.0906,9.80665,0.32431645340546117,3.391748979891494
2.0,0.0907,9.80665,0.3244673740923645,3.3901713633829598
2.0,0.0908,9.80665,0.3246167216315272,3.3886116355047515
2.0,0.09090000000000001,9.80665,0.3247644977576202,3.3870697308206315
2.0,0.091,9.80665,0.32491070419432655,3.385545584678856
2.0,0.0911,9.80665,0.32505534265434805,3.3840391332060027
2.0,0.0912,9.80665,0.32519841483940853,3.3825503133009085
2.0,0.0913,9.80665,0.3253399224402583,3.3810790626286926
2.0,0.09140000000000001,9.80665,0.3254798671366772,3.3796253196148762
2.0,0.0915,9.80665,0.3256182505974786,3.378189023439578
2.0,0.0916,9.80665,0.3257550744805121,3.3767701140318116
2.0,0.0917,9.80665,0.32589034043266596,3.3753685320638622
2.0,0.0918,9.80665,0.32602405008986957,3.3739842189457545
2.0,0.09190000000000001,9.80665,0.32615620507709603,3.372617116819791
2.0,0.092,9.80665,0.32628680700836277,3.3712671685552
2.0,0.0921,9.80665,0.326415857486734,3.369934317742837
2.0,0.0922,9.80665,0.32654335810432134,3.3686185086899894
2.0,0.0923,9.80665,0.326669310442284,3.3673196864152577
2.0,0.09240000000000001,9.80665,0.3267937160708304,3.366037796643502
2.0,0.0925,9.80665,0.32691657654921735,3.3647727858008905
2.0,0.0926,9.80665,0.3270378934257502,3.3635246010100084
2.0,0.0927,9.80665,0.3271576682377823,3.362293190085052
2.0,0.0928,9.80665,0.3272759025117144,3.361078501527093
2.0,0.0929,9.80665,0.32739259776299295,3.359880484519431
2.0,0.093,9.80665,0.3275077554961091,3.3586990889230055
2.0,0.0931,9.80665,0.32762137720459716,3.3575342652718847
2.0,0.0932,9.80665,0.3277334643710321,3.3563859647688377
2.0,0.0933,9.80665,0.3278440184670272,3.3552541392809707
2.0,0.0934,9.80665,0.3279530409532318,3.3541387413354316
2.0,0.0935,9.80665,0.32806053327932777,3.3530397241151926
2.0,0.0936,9.80665,0.3281664968840267,3.351957041454898
2.0,0.0937,9.80665,0.328270933195066,3.350890647836783
2.0,0.0938,9.80665,0.328373843629205,3.3498404983866625
2.0,0.0939,9.80665,0.32847522959222103,3.3488065488699803
2.0,0.094,9.80665,0.3285750924789047,3.3477887556879335
2.0,0.0941,9.80665,0.32867343367305457,3.3467870758736673
2.0,0.0942,9.80665,0.32877025454747333,3.345801467088513
2.0,0.0943,9.80665,0.3288655564639608,3.3448318876183225
2.0,0.0944,9.80665,0.3289593407733095,3.343878296369841
2.0,0.0945,9.80665,0.32905160881529744,3.3429406528671612
2.0,0.0946,9.80665,0.32914236191868285,3.3420189172482258
2.0,0.0947,9.80665,0.3292316014011967,3.341113050261407
2.0,0.0948,9.80665,0.32931932856953616,3.3402230132621376
2.0,0.0949,9.80665,0.32940554471935685,3.339348768209611
2.0,0.095,9.80665,0.32949025113526587,3.3384902776635306
2.0,0.0951,9.80665,0.32957344909081343,3.3376475047809353
2.0,0.0952,9.80665,0.3296551398484847,3.3368204133130743
2.0,0.0953,9.80665,0.32973532465969124,3.3360089676023432
2.0,0.0954,9.80665,0.32981400476476264,3.3352131325792755
2.0,0.0955,9.80665,0.3298911813929365,3.3344328737596043
2.0,0.0956,9.80665,0.32996685576234974,3.333668157241366
2.0,0.09570000000000001,9.80665,0.33004102908002825,3.332918949702076
2.0,0.0958,9.80665,0.3301137025418772,3.332185218395948
2.0,0.0959,9.80665,0.33018487733267066,3.331466931151177
2.0,0.096,9.80665,0.33025455462604,3.3307640563672853
2.0,0.0961,9.80665,0.3303227355844642,3.3300765630125024
2.0,0.09620000000000001,9.80665,0.3303894213592574,3.3294044206212248
2.0,0.0963,9.80665,0.33045461309055796,3.3287475992915114
2.0,0.0964,9.80665,0.3305183119073156,3.328106069682649
2.0,0.0965,9.80665,0.33058051892727996,3.3274798030127557
2.0,0.0966,9.80665,0.3306412352569872,3.3268687710564517
2.0,0.09670000000000001,9.80665,0.3307004619917476,3.3262729461425726
2.0,0.0968,9.80665,0.3307582002156321,3.3256923011519413
2.0,0.0969,9.80665,0.33081445100145807,3.325126809515198
2.0,0.097,9.80665,0.33086921541077646,3.324576445210662
2.0,0.0971,9.80665,0.33092249449385663,3.3240411827622705
2.0,0.09720000000000001,9.80665,0.3309742892896719,3.3235209972375515
2.0,0.0973,9.80665,0.33102460082588475,3.323015864245654
2.0,0.0974,9.80665,0.33107343011883134,3.3225257599354316
2.0,0.0975,9.80665,0.3311207781735064,3.322050660993564
2.0,0.09759999999999999,9.80665,0.33116664598354656,3.3215905446427465
2.0,0.09770000000000001,9.80665,0.33121103453121425,3.3211453886399216
2.0,0.0978,9.80665,0.33125394478738135,3.320715171274552
2.0,0.0979,9.80665,0.3312953777115117,3.320299871366958
2.0,0.098,9.80665,0.3313353342516446,3.3198994682666876
2.0,0.09809999999999999,9.80665,0.3313738153443758,3.319513941850957
2.0,0.0982,9.80665,0.33141082191484095,3.319143272523114
2.0,0.0983,9.80665,0.33144635487669605,3.318787441211172
2.0,0.0984,9.80665,0.3314804151320991,3.318446429366382
2.0,0.0985,9.80665,0.33151300357169167,3.3181202189618437
2.0,0.0986,9.80665,0.331544121074578,3.3178087924911948
2.0,0.0987,9.80665,0.33157376850830644,3.317512132967308
2.0,0.0988,9.80665,0.33160194672884885,3.3172302239210643
2.0,0.0989,9.80665,0.33162865658058,3.316963049400163
2.0,0.099,9.80665,0.3316538988962566,3.316710593967981
2.0,0.0991,9.80665,0.33167767449699626,3.316472842702477
2.0,0.0992,9.80665,0.3316999841922557,3.316249781195142
2.0,0.0993,9.80665,0.33172082877980846,3.316041395550004
2.0,0.0994,9.80665,0.33174020904572316,3.3158476723826658
2.0,0.0995,9.80665,0.33175812576433994,3.3156685988194026
2.0,0.0996,9.80665,0.331774579698248,3.3155041624962953
2.0,0.0997,9.80665,0.3317895715982614,3.3153543515584207
2.0,0.0998,9.80665,0.3318031022033955,3.315219154659077
2.0,0.0999,9.80665,0.3318151722408429,3.3150985609590577
2.0,0.1,9.80665,0.33182578242594785,3.3149925601259826
2.0,0.1001,9.80665,0.3318349334621818,3.314901142333659
2.0,0.1002,9.80665,0.3318426260411182,3.3148242982614913
2.0,0.1003,9.80665,0.3318488608424053,3.3147620190939544
2.0,0.1004,9.80665,0.3318536385337412,3.3147142965200835
2.0,0.1005,9.80665,0.3318569597708465,3.314681122733032
2.0,0.1006,9.80665,0.331858825197437,3.3146624904296673
2.0,0.1007,9.80665,0.3318592354451958,3.314658392810217
2.0,0.1008,9.80665,0.3318581911337469,3.31466882357794
2.0,0.1009,9.80665,0.33185569287062494,3.3146937769388782
2.0,0.101,9.80665,0.33185174125124745,3.3147332476016205
2.0,0.1011,9.80665,0.3318463368588846,3.31478723077714
2.0,0.1012,9.80665,0.3318394802646313,3.3148557221786437
2.0,0.1013,9.80665,0.331831172027375,3.3149387180215055
2.0,0.10139999999999999,9.80665,0.3318214126937663,3.3150362150232175
2.0,0.1015,9.80665,0.3318102027981878,3.315148210403396
2.0,0.1016,9.80665,0.33179754286272223,3.315274701883834
2.0,0.1017,9.80665,0.331783433397121,3.315415687688598
2.0,0.1018,9.80665,0.3317678748987713,3.315571166544172
2.0,0.10189999999999999,9.80665,0.3317508678526642,3.315741137679638
2.0,0.10200000000000001,9.80665,0.3317324127313599,3.315925600826925
2.0,0.1021,9.80665,0.3317125099949556,3.316124556221072
2.0,0.1022,9.80665,0.33169116009104965,3.3163380046005706
2.0,0.1023,9.80665,0.3316683634547083,3.3165659472077236
2.0,0.10239999999999999,9.80665,0.3316441205084295,3.3168083857890704
2.0,0.10250000000000001,9.80665,0.3316184316621073,3.317065322595857
2.0,0.1026,9.80665,0.3315912973129965,3.3173367603845323
2.0,0.1027,9.80665,0.33156271784567465,3.317622702417325
2.0,0.1028,9.80665,0.33153269363200655,3.317923152462828
2.0,0.10289999999999999,9.80665,0.33150122503110474,3.3182381147966713
2.0,0.10300000000000001,9.80665,0.3314683123892928,3.318567594202204
2.0,0.1031,9.80665,0.33143395604006576,3.318911595971251
2.0,0.1032,9.80665,0.3313981563040516,3.3192701259048967
2.0,0.1033,9.80665,0.3313609134889708,3.3196431903143373
2.0,0.10339999999999999,9.80665,0.3313222278895963,3.320030796021762
2.0,0.10350000000000001,9.80665,0.3312820997877133,3.32043295036129
2.0,0.1036,9.80665,0.3312405294520769,3.32084966117996
2.0,0.1037,9.80665,0.33119751713837137,3.321280936838756
2.0,0.1038,9.80665,0.33115306308916637,3.3217267862137025
2.0,0.10389999999999999,9.80665,0.33110716753387537,3.322187218696979
2.0,0.10400000000000001,9.80665,0.33105983068871087,3.3226622441981153
2.0,0.1041,9.80665,0.33101105275664156,3.323151873145206
2.0,0.1042,9.80665,0.3309608339273462,3.323656116486207
2.0,0.1043,9.80665,0.33090917437716955,3.32417498569025
2.0,0.10439999999999999,9.80665,0.330856074269076,3.324708492749028
2.0,0.1045,9.80665,0.330801533752603,3.325256650178226
2.0,0.1046,9.80665,0.33074555296381475,3.325819471018997
2.0,0.1047,9.80665,0.3306881320252538,3.3263969688394983
2.0,0.1048,9.80665,0.33062927104589296,3.3269891577364747
2.0,0.1049,9.80665,0.3305689701210867,3.327596052336892
2.0,0.105,9.80665,0.33050722933252186,3.32821766779962
2.0,0.1051,9.80665,0.33044404874816663,3.328854019817184
2.0,0.1052,9.80665,0.3303794284222212,3.3295051246175427
2.0,0.1053,9.80665,0.3303133683950652,3.330170998965944
2.0,0.1054,9.80665,0.33024586869320605,3.3308516601668234
2.0,0.1055,9.80665,0.330176929329227,3.331547126065749
2.0,0.1056,9.80665,0.3301065503017323,3.3322574150514446
2.0,0.10569999999999999,9.80665,0.33003473159529473,3.3329825460578366
2.0,0.1058,9.80665,0.3299614731804002,3.3337225385661795
2.0,0.1059,9.80665,0.32988677501339214,3.3344774126072325
2.0,0.106,9.80665,0.32981063703641617,3.3352471887634816
2.0,0.1061,9.80665,0.3297330591773627,3.336031888171433
2.0,0.10619999999999999,9.80665,0.32965404134981,3.33683153252395
2.0,0.1063,9.80665,0.3295735834529657,3.33764614407266
2.0,0.1064,9.80665,0.32949168537160783,3.3384757456304137
2.0,0.1065,9.80665,0.3294083469760254,3.3393203605737987
2.0,0.1066,9.80665,0.32932356812195873,3.3401800128457126
2.0,0.10669999999999999,9.80665,0.3292373486505366,3.341054726958017
2.0,0.1068,9.80665,0.32914968838821623,3.3419445279942144
2.0,0.1069,9.80665,0.3290605871467197,3.3428494416122163
2.0,0.107,9.80665,0.3289700447229706,3.3437694940471636
2.0,0.1071,9.80665,0.3288780608990306,3.344704712114296
2.0,0.10719999999999999,9.80665,0.32878463544203335,3.3456551232119134
2.0,0.1073,9.80665,0.3286897681041197,3.3466207553243668
2.0,0.1074,9.80665,0.3285934586223708,3.3476016370251367
2.0,0.1075,9.80665,0.3284957067187407,3.3485977974799668
2.0,0.1076,9.80665,0.3283965120999881,3.349609266450062
2.0,0.10769999999999999,9.80665,0.3282958744576077,3.350636074295357
2.0,0.1078,9.80665,0.32819379346775995,3.3516782519778467
2.0,0.1079,9.80665,0.3280902687912003,3.3527358310649875
2.0,0.108,9.80665,0.32798530007320803,3.3538088437331623
2.0,0.1081,9.80665,0.3278788869435131,3.3548973227712215
2.0,0.10819999999999999,9.80665,0.3277710290162241,3.356001301584076
2.0,0.10830000000000001,9.80665,0.32766172588975206,3.357120814196394
2.0,0.1084,9.80665,0.3275509771467375,3.3582558952563226
2.0,0.1085,9.80665,0.32743878235397206,3.359406580039331
2.0,0.1086,9.80665,0.3273251410623238,3.3605729044520793
2.0,0.10869999999999999,9.80665,0.3272100528066576,3.361754905036398
2.0,0.10880000000000001,9.80665,0.32709351710575735,3.362952618973317
2.0,0.1089,9.80665,0.32697553346224484,3.3641660840871896
2.0,0.109,9.80665,0.32685610136250065,3.3653953388498694
2.0,0.1091,9.80665,0.3267352202765812,3.3666404223849837
2.0,0.10919999999999999,9.80665,0.3266128896581357,3.3679013744722854
2.0,0.10930000000000001,9.80665,0.3264891089443237,3.3691782355520576
2.0,0.1094,9.80665,0.32636387755572904,3.3704710467296337
2.0,0.1095,9.80665,0.32623719489627434,3.3717798497799745
2.0,0.1096,9.80665,0.32610906035313453,3.37310468715233
2.0,0.10969999999999999,9.80665,0.32597947329664806,3.374445601974997
2.0,0.1098,9.80665,0.3258484330802291,3.375802638060139
2.0,0.1099,9.80665,0.3257159390402759,3.3771758399087166
2.0,0.11,9.80665,0.325581990496081,3.3785652527154775
2.0,0.1101,9.80665,0.3254465867497377,3.379970922374059
2.0,0.11019999999999999,9.80665,0.3253097270860479,3.381392895482152
2.0,0.1103,9.80665,0.3251714107724261,3.3828312193467838
2.0,0.1104,9.80665,0.3250316370588048,3.384285941989665
2.0,0.1105,9.80665,0.32489040517753703,3.3857571121526435
2.0,0.1106,9.80665,0.3247477143432985,3.3872447793032467
2.0,0.11069999999999999,9.80665,0.3246035637529879,3.388748993640323
2.0,0.1108,9.80665,0.32445795258562676,3.3902698060997665
2.0,0.1109,9.80665,0.3243108800022575,3.3918072683603557
2.0,0.11099999999999999,9.80665,0.324162345145841,3.393361432849669
2.0,0.1111,9.80665,0.32401234714115146,3.3949323527501267
2.0,0.1112,9.80665,0.32386088509467115,3.3965200820051105
2.0,0.1113,9.80665,0.32370795809448405,3.398124675325194
2.0,0.1114,9.80665,0.3235535652101676,3.399746188194476
2.0,0.11149999999999999,9.80665,0.3233977054926826,3.401384676877027
2.0,0.1116,9.80665,0.32324037797426275,3.4030401984234313
2.0,0.1117,9.80665,0.3230815816683032,3.404712810677436
2.0,0.1118,9.80665,0.3229213155692456,3.406402572282726
2.0,0.1119,9.80665,0.32275957865246413,3.408109542689794
2.0,0.11199999999999999,9.80665,0.3225963698741491,3.4098337821629263
2.0,0.1121,9.80665,0.3224316881711885,3.4115753517873144
2.0,0.1122,9.80665,0.32226553246104983,3.4133343134762635
2.0,0.1123,9.80665,0.3220979016416576,3.415110729978549
2.0,0.1124,9.80665,0.32192879459127294,3.416904664885853
2.0,0.11249999999999999,9.80665,0.3217582101683688,3.4187161826403587
2.0,0.1126,9.80665,0.32158614721150486,3.420545348542449
2.0,0.1127,9.80665,0.3214126045392008,3.422392228758532
2.0,0.1128,9.80665,0.3212375809498077,3.4242568903290036
2.0,0.1129,9.80665,0.32106107522137817,3.4261394011763264
2.0,0.11299999999999999,9.80665,0.32088308611153427,3.4280398301132524
2.0,0.1131,9.80665,0.3207036123573347,3.4299582468511676
2.0,0.1132,9.80665,0.3205226526751401,3.4318947220085727
2.0,0.1133,9.80665,0.32034020576047556,3.4338493271197152
2.0,0.1134,9.80665,0.32015627028789256,3.4358221346433493
2.0,0.11349999999999999,9.80665,0.3199708449108293,3.4378132179716325
2.0,0.1136,9.80665,0.31978392826146845,3.439822651439177
2.0,0.1137,9.80665,0.3195955189505934,3.44185051033225
2.0,0.1138,9.80665,0.31940561556744307,3.4438968708981044
2.0,0.1139,9.80665,0.31921421667956473,3.44596181035448
2.0,0.11399999999999999,9.80665,0.3190213208326642,3.4480454068992508
2.0,0.11410000000000001,9.80665,0.3188269265504555,3.4501477397202245
2.0,0.1142,9.80665,0.31863103233450807,3.4522688890050994
2.0,0.1143,9.80665,0.31843363666409075,3.4544089359515997
2.0,0.1144,9.80665,0.31823473799601576,3.456567962777753
2.0,0.11449999999999999,9.80665,0.3180343347644801,3.4587460527323364
2.0,0.1146,9.80665,0.3178324253809043,3.4609432901055075
2.0,0.1147,9.80665,0.3176290082337689,3.463159760239597
2.0,0.1148,9.80665,0.3174240816884507,3.465395549540068
2.0,0.1149,9.80665,0.3172176440870542,3.4676507454866745
2.0,0.11499999999999999,9.80665,0.3170096937482438,3.4699254366447714
2.0,0.1151,9.80665,0.31680022896707094,3.4722197126768397
2.0,0.1152,9.80665,0.3165892480148016,3.4745336643541713
2.0,0.1153,9.80665,0.31637674913873987,3.476867383568759
2.0,0.1154,9.80665,0.3161627305620496,3.4792209633453806
2.0,0.11549999999999999,9.80665,0.31594719048357434,3.4815944978538673
2.0,0.1156,9.80665,0.31573012707765424,3.483988082421585
2.0,0.1157,9.80665,0.31551153849394137,3.4864018135461086
2.0,0.11579999999999999,9.80665,0.3152914228572111,3.4888357889081143
2.0,0.1159,9.80665,0.31506977826717314,3.49129010738447
2.0,0.11599999999999999,9.80665,0.31484660279827875,3.4937648690615433
2.0,0.1161,9.80665,0.31462189449952516,3.496260175248739
2.0,0.1162,9.80665,0.31439565139425873,3.4987761284922385
2.0,0.11629999999999999,9.80665,0.3141678714799743,3.5013128325889817
2.0,0.1164,9.80665,0.31393855272811233,3.5038703926008705
2.0,0.11649999999999999,9.80665,0.31370769308385416,3.506448914869199
2.0,0.1166,9.80665,0.3134752904659125,3.509048507029344
2.0,0.1167,9.80665,0.3132413427663219,3.5116692780256673
2.0,0.11679999999999999,9.80665,0.31300584785022384,3.5143113381266926
2.0,0.1169,9.80665,0.3127688035556507,3.5169747989405153
2.0,0.11699999999999999,9.80665,0.3125302076933071,3.519659773430461
2.0,0.1171,9.80665,0.3122900580463454,3.522366375931041
2.0,0.1172,9.80665,0.31204835237014233,3.5250947221641256
2.0,0.11729999999999999,9.80665,0.3118050883920696,3.527844929255418
2.0,0.1174,9.80665,0.3115602638112627,3.5306171157511894
2.0,0.1175,9.80665,0.3113138762983868,3.533411401635296
2.0,0.1176,9.80665,0.3110659234953976,3.5362279083464934
2.0,0.1177,9.80665,0.3108164030153025,3.539066758796007
2.0,0.11779999999999999,9.80665,0.3105653124419146,3.5419280773854434
2.0,0.1179,9.80665,0.3103126493296059,3.544811990024967
2.0,0.118,9.80665,0.31005841120305677,3.547718624151795
2.0,0.1181,9.80665,0.3098025955570009,3.5506481087490114
2.0,0.1182,9.80665,0.30954519985596823,3.5536005743646855
2.0,0.11829999999999999,9.80665,0.3092862215340231,3.55657615313133
2.0,0.1184,9.80665,0.30902565799449977,3.559574978785673
2.0,0.1185,9.80665,0.3087635066097337,3.562597186688781
2.0,0.1186,9.80665,0.30849976472078966,3.5656429138465127
2.0,0.1187,9.80665,0.30823442963718495,3.568712298930339
2.0,0.11879999999999999,9.80665,0.30796749863661066,3.5718054822984944
2.0,0.1189,9.80665,0.307698968964647,3.574922606017521
2.0,0.119,9.80665,0.3074288378344764,3.5780638138841554
2.0,0.1191,9.80665,0.30715710242659144,3.581229251447614
2.0,0.1192,9.80665,0.30688375988849925,3.5844190660322512
2.0,0.11929999999999999,9.80665,0.30660880733442186,3.587633406760612
2.0,0.11939999999999999,9.80665,0.30633224184499147,3.590872424576894
2.0,0.1195,9.80665,0.30605406046694233,3.5941362722708066
2.0,0.1196,9.80665,0.30577426021279935,3.597425104501832
2.0,0.1197,9.80665,0.3054928380605585,3.600739077823961
2.0,0.11979999999999999,9.80665,0.30520979095336664,3.604078350710808
2.0,0.11989999999999999,9.80665,0.3049251157991955,3.607443083581186
2.0,0.12,9.80665,0.30463880947051014,3.610833438825144
2.3,0.07,11.277647499999999,0.29463409181682704,3.7334443995159465
2.3,0.07010000000000001,11.277647499999999,0.2952439036191047,3.725733153220716
2.3,0.07020000000000001,11.277647499999999,0.2958511641808266,3.7180857579038338
2.3,0.0703,11.277647499999999,0.2964558795277692,3.7105015483322954
2.3,0.0704,11.277647499999999,0.29705805564306953,3.7029798690990776
2.3,0.07050000000000001,11.277647499999999,0.2976576984678365,3.695520074441686
2.3,0.07060000000000001,11.277647499999999,0.29825481390174957,3.6881215280647894
2.3,0.07070000000000001,11.277647499999999,0.2988494078036447,3.680783602966821
2.3,0.0708,11.277647499999999,0.2994414859920878,3.673505681270449
2.3,0.0709,11.277647499999999,0.30003105424593474,3.6662871540568354
2.3,0.07100000000000001,11.277647499999999,0.30061811830488094,3.659127421203541
2.3,0.07110000000000001,11.277647499999999,0.3012026838699979,3.6520258912260264
2.3,0.07120000000000001,11.277647499999999,0.30178475660425935,3.6449819811226174
2.3,0.0713,11.277647499999999,0.3023643421330556,3.63799511622288
2.3,0.0714,11.277647499999999,0.30294144604469636,3.6310647300392986
2.3,0.07150000000000001,11.277647499999999,0.3035160738909055,3.624190264122154
2.3,0.07160000000000001,11.277647499999999,0.3040882311873009,3.6173711679175877
2.3,0.0717,11.277647499999999,0.3046579234138687,3.610606898628672
2.3,0.0718,11.277647499999999,0.3052251560154262,3.6038969210794853
2.3,0.0719,11.277647499999999,0.30578993440207264,3.5972407075821144
2.3,0.07200000000000001,11.277647499999999,0.3063522639496337,3.590637737806459
2.3,0.07210000000000001,11.277647499999999,0.30691215000009575,3.584087498652813
2.3,0.0722,11.277647499999999,0.30746959786203043,3.577589484127138
2.3,0.0723,11.277647499999999,0.30802461281101096,3.571143195218971
2.3,0.0724,11.277647499999999,0.30857720009002004,3.5647481397818805
2.3,0.07250000000000001,11.277647499999999,0.30912736490984877,3.5584038324164364
2.3,0.07260000000000001,11.277647499999999,0.3096751124494875,3.552109794355612
2.3,0.0727,11.277647499999999,0.3102204478565091,3.5458655533525616
2.3,0.0728,11.277647499999999,0.3107633762474442,3.539670643570718
2.3,0.0729,11.277647499999999,0.3113039027081482,3.533524605476166
2.3,0.07300000000000001,11.277647499999999,0.31184203229416113,3.5274269857322125
2.3,0.07310000000000001,11.277647499999999,0.31237777003106115,3.521377337096113
2.3,0.0732,11.277647499999999,0.312911120914809,3.5153752183179146
2.3,0.0733,11.277647499999999,0.31344208991208733,3.509420194041338
2.3,0.0734,11.277647499999999,0.31397068196063105,3.5035118347066865
2.3,0.07350000000000001,11.277647499999999,0.3144969019695539,3.4976497164556806
2.3,0.0736,11.277647499999999,0.3150207548196657,3.4918334210382342
2.3,0.0737,11.277647499999999,0.3155422453637845,3.486062535721087
2.3,0.0738,11.277647499999999,0.31606137842704274,3.480336653198252
2.3,0.07390000000000001,11.277647499999999,0.31657815880718654,3.4746553715032515
2.3,0.07400000000000001,11.277647499999999,0.31709259127486955,3.4690182939230914
2.3,0.0741,11.277647499999999,0.3176046805739404,3.463425028913933
2.3,0.0742,11.277647499999999,0.3181144314217255,3.457875190018418
2.3,0.0743,11.277647499999999,0.3186218485093044,3.452368395784628
2.3,0.07440000000000001,11.277647499999999,0.3191269365017818,3.446904269686612
2.3,0.07450000000000001,11.277647499999999,0.31962970003855323,3.4414824400464656
2.3,0.0746,11.277647499999999,0.3201301437335647,3.436102539957934
2.3,0.0747,11.277647499999999,0.3206282721755689,3.4307642072114732
2.3,0.0748,11.277647499999999,0.3211240899283744,3.42546708422078
2.3,0.07490000000000001,11.277647499999999,0.3216176015310925,3.4202108179507
2.3,0.07500000000000001,11.277647499999999,0.3221088114983765,3.4149950598465524
2.3,0.0751,11.277647499999999,0.3225977243206583,3.4098194657647776
2.3,0.0752,11.277647499999999,0.32308434446438,3.404683695904909
2.3,0.0753,11.277647499999999,0.32356867637221925,3.399587414742854
2.3,0.07540000000000001,11.277647499999999,0.3240507244633139,3.3945302909653954
2.3,0.07550000000000001,11.277647499999999,0.32453049313347804,3.3895119974059718
2.3,0.0756,11.277647499999999,0.3250079867554171,3.38453221098163
2.3,0.0757,11.277647499999999,0.3254832096789375,3.37959061263117
2.3,0.0758,11.277647499999999,0.3259561662311516,3.374686887254453
2.3,0.07590000000000001,11.277647499999999,0.3264268607166803,3.3698207236528144
2.3,0.07600000000000001,11.277647499999999,0.3268952974178509,3.364991814470599
2.3,0.0761,11.277647499999999,0.3273614805948904,3.360199856137776
2.3,0.0762,11.277647499999999,0.32782541448611696,3.3554445488135998
2.3,0.0763,11.277647499999999,0.3282871033081264,3.35072559633131
2.3,0.07640000000000001,11.277647499999999,0.3287465512559741,3.3460427061438582
2.3,0.07650000000000001,11.277647499999999,0.32920376250335637,3.341395589270597
2.3,0.0766,11.277647499999999,0.3296587412027868,3.33678396024495
2.3,0.0767,11.277647499999999,0.33011149148576785,3.3322075370630486
2.3,0.07680000000000001,11.277647499999999,0.33056201746296116,3.327666041133274
2.3,0.07690000000000001,11.277647499999999,0.33101032322435453,3.323159197226711
2.3,0.077,11.277647499999999,0.3314564128394247,3.3186867334285046
2.3,0.0771,11.277647499999999,0.33190029035729796,3.3142483810900734
2.3,0.0772,11.277647499999999,0.3323419598069068,3.3098438747821928
2.3,0.07730000000000001,11.277647499999999,0.3327814251971451,3.305472952248889
2.3,0.07740000000000001,11.277647499999999,0.3332186905170186,3.3011353543621813
2.3,0.0775,11.277647499999999,0.3336537597357941,3.2968308250775964
2.3,0.0776,11.277647499999999,0.3340866368031449,3.29255911139049
2.3,0.0777,11.277647499999999,0.3345173256492942,3.288319963293121
2.3,0.07780000000000001,11.277647499999999,0.3349458301851552,3.2841131337324887
2.3,0.07790000000000001,11.277647499999999,0.33537215430246875,3.2799383785689056
2.3,0.078,11.277647499999999,0.3357963018739389,3.275795456535285
2.3,0.0781,11.277647499999999,0.3362182767533654,3.271684129197148
2.3,0.0782,11.277647499999999,0.3366380827757743,3.2676041609133124
2.3,0.07830000000000001,11.277647499999999,0.33705572375754506,3.2635553187972715
2.3,0.0784,11.277647499999999,0.3374712034965365,3.2595373726792354
2.3,0.0785,11.277647499999999,0.33788452577220984,3.2555500950688177
2.3,0.0786,11.277647499999999,0.3382956943457499,3.2515932611183693
2.3,0.0787,11.277647499999999,0.33870471296018306,3.2476666485869425
2.3,0.07880000000000001,11.277647499999999,0.33911158534049407,3.243770037804859
2.3,0.0789,11.277647499999999,0.3395163151937403,3.2399032116388877
2.3,0.079,11.277647499999999,0.33991890620916426,3.236065955458008
2.3,0.0791,11.277647499999999,0.34031936205830327,3.232258057099757
2.3,0.0792,11.277647499999999,0.34071768639509753,3.2284793068371447
2.3,0.07930000000000001,11.277647499999999,0.34111388285599686,3.2247294973461145
2.3,0.0794,11.277647499999999,0.3415079550600644,3.2210084236735628
2.3,0.0795,11.277647499999999,0.341899906609079,3.2173158832058895
2.3,0.0796,11.277647499999999,0.3422897410876353,3.213651675638069
2.3,0.07970000000000001,11.277647499999999,0.3426774620632433,3.210015602943237
2.3,0.07980000000000001,11.277647499999999,0.3430630730864237,3.206407469342789
2.3,0.0799,11.277647499999999,0.34344657769080444,3.202827081276961
2.3,0.08,11.277647499999999,0.3438279793932127,3.199274247375909
2.3,0.0801,11.277647499999999,0.3442072816937672,3.1957487784312573
2.3,0.08020000000000001,11.277647499999999,0.3445844880759676,3.1922504873681152
2.3,0.08030000000000001,11.277647499999999,0.3449596020067834,3.1887791892175517
2.3,0.0804,11.277647499999999,0.34533262693673994,3.1853347010895225
2.3,0.0805,11.277647499999999,0.34570356630000415,3.181916842146233
2.3,0.0806,11.277647499999999,0.3460724235144672,3.1785254335759454
2.3,0.08070000000000001,11.277647499999999,0.34643920198182737,3.175160298567196
2.3,0.08080000000000001,11.277647499999999,0.3468039050876701,3.17182126228344
2.3,0.0809,11.277647499999999,0.34716653620154686,3.1685081518381057
2.3,0.081,11.277647499999999,0.3475270986770536,3.165220796270039
2.3,0.0811,11.277647499999999,0.347885595851906,3.16195902651936
2.3,0.08120000000000001,11.277647499999999,0.34824203104801466,3.1587226754036912
2.3,0.08130000000000001,11.277647499999999,0.34859640757155863,3.155511577594775
2.3,0.0814,11.277647499999999,0.34894872871305754,3.152325569595458
2.3,0.0815,11.277647499999999,0.34929899774744216,3.149164489717048
2.3,0.0816,11.277647499999999,0.3496472179341242,3.1460281780570245
2.3,0.08170000000000001,11.277647499999999,0.3499933925170641,3.142916476477107
2.3,0.08180000000000001,11.277647499999999,0.35033752472483837,3.1398292285816676
2.3,0.0819,11.277647499999999,0.3506796177707059,3.136766279696478
2.3,0.082,11.277647499999999,0.35101967485267116,3.1337274768478105
2.3,0.0821,11.277647499999999,0.3513576991535489,3.1307126687418414
2.3,0.08220000000000001,11.277647499999999,0.35169369384102556,3.127721705744397
2.3,0.0823,11.277647499999999,0.3520276620677208,3.124754439861005
2.3,0.0824,11.277647499999999,0.3523596069712472,3.1218107247172657
2.3,0.0825,11.277647499999999,0.3526895316742695,3.1188904155395174
2.3,0.0826,11.277647499999999,0.35301743928456203,3.115993369135814
2.3,0.08270000000000001,11.277647499999999,0.3533433328950651,3.1131194438771965
2.3,0.0828,11.277647499999999,0.35366721558394193,3.1102684996792362
2.3,0.0829,11.277647499999999,0.3539890904146319,3.1074403979838934
2.3,0.083,11.277647499999999,0.35430896043590504,3.104635001741627
2.3,0.08310000000000001,11.277647499999999,0.3546268286819142,3.1018521753938004
2.3,0.0832,11.277647499999999,0.35494269817224716,3.099091784855341
2.3,0.0833,11.277647499999999,0.355256571911977,3.096353697497679
2.3,0.0834,11.277647499999999,0.3555684528917121,3.0936377821319367
2.3,0.0835,11.277647499999999,0.3558783440876445,3.0909439089923825
2.3,0.08360000000000001,11.277647499999999,0.3561862484615985,3.0882719497201316
2.3,0.0837,11.277647499999999,0.35649216896107716,3.0856217773470958
2.3,0.0838,11.277647499999999,0.35679610851930865,3.0829932662801776
2.3,0.0839,11.277647499999999,0.3570980700552917,3.0803862922857026
2.3,0.084,11.277647499999999,0.35739805647383943,3.0778007324740924
2.3,0.08410000000000001,11.277647499999999,0.3576960706656231,3.0752364652847644
2.3,0.0842,11.277647499999999,0.3579921155072156,3.072693370471252
2.3,0.0843,11.277647499999999,0.35828619386113214,3.070171329086569
2.3,0.0844,11.277647499999999,0.35857830857587253,3.067670223468769
2.3,0.0845,11.277647499999999,0.35886846248596027,3.065189937226748
2.3,0.08460000000000001,11.277647499999999,0.35915665841198346,3.062730355226231
2.3,0.0847,11.277647499999999,0.35944289916063205,3.0602913635759967
2.3,0.0848,11.277647499999999,0.3597271875247373,3.057872849614283
2.3,0.0849,11.277647499999999,0.3600095262833081,3.055474701895414
2.3,0.085,11.277647499999999,0.3602899182015679,3.053096810176614
2.3,0.08510000000000001,11.277647499999999,0.3605683660309902,3.0507390654050255
2.3,0.0852,11.277647499999999,0.3608448725093339,3.048401359704915
2.3,0.0853,11.277647499999999,0.36111944036067806,3.046083586365067
2.3,0.0854,11.277647499999999,0.36139207229545456,3.043785639826376
2.3,0.0855,11.277647499999999,0.361662771010482,3.0415074156696074
2.3,0.08560000000000001,11.277647499999999,0.3619315391889975,3.039248810603349
2.3,0.0857,11.277647499999999,0.3621983795006893,3.0370097224521313
2.3,0.0858,11.277647499999999,0.3624632946017266,3.034790050144736
2.3,0.0859,11.277647499999999,0.3627262871347908,3.0325896937026644
2.3,0.08600000000000001,11.277647499999999,0.3629873597291044,3.0304085542287877
2.3,0.08610000000000001,11.277647499999999,0.3632465150004613,3.0282465338961426
2.3,0.0862,11.277647499999999,0.3635037555512542,3.0261035359369197
2.3,0.0863,11.277647499999999,0.3637590839705031,3.0239794646315916
2.3,0.0864,11.277647499999999,0.36401250283388253,3.0218742252982067
2.3,0.08650000000000001,11.277647499999999,0.36426401470374786,3.0197877242818474
2.3,0.08660000000000001,11.277647499999999,0.3645136221291622,3.0177198689442246
2.3,0.0867,11.277647499999999,0.36476132764592073,3.0156705676534505
2.3,0.0868,11.277647499999999,0.36500713377657695,3.01363972977393
2.3,0.0869,11.277647499999999,0.36525104303046624,3.0116272656564247
2.3,0.08700000000000001,11.277647499999999,0.36549305790373,3.0096330866282486
2.3,0.08710000000000001,11.277647499999999,0.36573318087933876,3.007657104983613
2.3,0.0872,11.277647499999999,0.365971414427115,3.005699233974107
2.3,0.0873,11.277647499999999,0.3662077610037558,3.003759387799317
2.3,0.0874,11.277647499999999,0.36644222305285346,3.0018374815975903
2.3,0.0875,11.277647499999999,0.3666748030049176,2.9999334314369226
2.3,0.08760000000000001,11.277647499999999,0.3669055032773958,2.9980471543059806
2.3,0.0877,11.277647499999999,0.3671343262746931,2.996178568105262
2.3,0.0878,11.277647499999999,0.36736127438819166,2.9943275916383802
2.3,0.0879,11.277647499999999,0.36758634999627077,2.9924941446034645
2.3,0.088,11.277647499999999,0.3678095554643242,2.9906781475847084
2.3,0.0881,11.277647499999999,0.36803089314477955,2.9888795220440136
2.3,0.0882,11.277647499999999,0.36825036537711453,2.9870981903127833
2.3,0.0883,11.277647499999999,0.3684679744878756,2.9853340755838076
2.3,0.0884,11.277647499999999,0.36868372279069367,2.983587101903286
2.3,0.0885,11.277647499999999,0.36889761258630055,2.981857194162958
2.3,0.0886,11.277647499999999,0.3691096461625449,2.98014427809235
2.3,0.0887,11.277647499999999,0.3693198257944071,2.9784482802511336
2.3,0.0888,11.277647499999999,0.36952815374401465,2.976769128021594
2.3,0.0889,11.277647499999999,0.36973463226065567,2.9751067496012156
2.3,0.089,11.277647499999999,0.3699392635807945,2.9734610739953555
2.3,0.0891,11.277647499999999,0.37014204992808286,2.9718320310100563
2.3,0.0892,11.277647499999999,0.3703429935133753,2.970219551244926
2.3,0.0893,11.277647499999999,0.37054209653473963,2.968623566086158
2.3,0.08940000000000001,11.277647499999999,0.37073936117747075,2.967044007699621
2.3,0.0895,11.277647499999999,0.37093478961410165,2.965480809024072
2.3,0.0896,11.277647499999999,0.371128384004415,2.9639339037644565
2.3,0.0897,11.277647499999999,0.3713201464954537,2.9624032263853155
2.3,0.0898,11.277647499999999,0.3715100792215318,2.9608887121042793
2.3,0.08990000000000001,11.277647499999999,0.37169818430424445,2.9593902968856636
2.3,0.09,11.277647499999999,0.3718844638524772,2.9579079174341603
2.3,0.0901,11.277647499999999,0.372068919962416,2.9564415111886126
2.3,0.0902,11.277647499999999,0.3722515547175554,2.954991016315893
2.3,0.0903,11.277647499999999,0.3724323701887071,2.9535563717048627
2.3,0.09040000000000001,11.277647499999999,0.37261136843400827,2.9521375169604274
2.3,0.0905,11.277647499999999,0.3727885514989293,2.9507343923976683
2.3,0.0906,11.277647499999999,0.3729639214162803,2.9493469390360816
2.3,0.0907,11.277647499999999,0.3731374802062191,2.9479750985938784
2.3,0.0908,11.277647499999999,0.3733092298762563,2.9466188134823925
2.3,0.09090000000000001,11.277647499999999,0.37347917242126316,2.9452780268005494
2.3,0.091,11.277647499999999,0.3736473098234755,2.9439526823294404
2.3,0.0911,11.277647499999999,0.3738136440525002,2.942642724526959
2.3,0.0912,11.277647499999999,0.3739781770653198,2.9413480985225293
2.3,0.0913,11.277647499999999,0.374140910806297,2.940068750111907
2.3,0.09140000000000001,11.277647499999999,0.37430184720717874,2.9388046257520664
2.3,0.0915,11.277647499999999,0.3744609881871004,2.937555672556155
2.3,0.0916,11.277647499999999,0.3746183356525889,2.936321838288532
2.3,0.0917,11.277647499999999,0.37477389149756585,2.9351030713598805
2.3,0.0918,11.277647499999999,0.37492765760334995,2.9338993208223956
2.3,0.09190000000000001,11.277647499999999,0.37507963583866044,2.9327105363650356
2.3,0.092,11.277647499999999,0.37522982805961713,2.93153666830887
2.3,0.0921,11.277647499999999,0.37537823610974413,2.9303776676024667
2.3,0.0922,11.277647499999999,0.37552486181996947,2.9292334858173827
2.3,0.0923,11.277647499999999,0.37566970700862656,2.928104075143702
2.3,0.09240000000000001,11.277647499999999,0.375812773481455,2.9269893883856537
2.3,0.0925,11.277647499999999,0.37595406303159995,2.925889378957296
2.3,0.0926,11.277647499999999,0.3760935774396127,2.9248040008782685
2.3,0.0927,11.277647499999999,0.37623131847344965,2.9237332087696104
2.3,0.0928,11.277647499999999,0.3763672878884715,2.9226769578496468
2.3,0.0929,11.277647499999999,0.3765014874274419,2.9216352039299407
2.3,0.093,11.277647499999999,0.3766339188205255,2.920607903411309
2.3,0.0931,11.277647499999999,0.3767645837852867,2.9195950132799
2.3,0.0932,11.277647499999999,0.37689348402668693,2.918596491103337
2.3,0.0933,11.277647499999999,0.37702062123708124,2.9176122950269314
2.3,0.0934,11.277647499999999,0.37714599709621655,2.9166423837699407
2.3,0.0935,11.277647499999999,0.3772696132712269,2.9156867166219067
2.3,0.0936,11.277647499999999,0.3773914714166307,2.9147452534390417
2.3,0.0937,11.277647499999999,0.3775115731743259,2.913817954640681
2.3,0.0938,11.277647499999999,0.3776299201735857,2.912904781205794
2.3,0.0939,11.277647499999999,0.3777465140310542,2.912005694669548
2.3,0.094,11.277647499999999,0.37786135635074036,2.911120657119943
2.3,0.0941,11.277647499999999,0.37797444872401276,2.9102496311944934
2.3,0.0942,11.277647499999999,0.3780857927295943,2.9093925800769678
2.3,0.0943,11.277647499999999,0.3781953899335549,2.908549467494194
2.3,0.0944,11.277647499999999,0.378303241889306,2.9077202577129047
2.3,0.0945,11.277647499999999,0.3784093501375921,2.9069049155366615
2.3,0.0946,11.277647499999999,0.3785137162064853,2.906103406302805
2.3,0.0947,11.277647499999999,0.37861634161137625,2.905315695879484
2.3,0.0948,11.277647499999999,0.3787172278549666,2.9045417506627285
2.3,0.0949,11.277647499999999,0.37881637642726035,2.9037815375735745
2.3,0.095,11.277647499999999,0.3789137888055557,2.903035024055244
2.3,0.0951,11.277647499999999,0.37900946645443545,2.9023021780703786
2.3,0.0952,11.277647499999999,0.3791034108257574,2.901582968098326
2.3,0.0953,11.277647499999999,0.37919562335864493,2.9008773631324725
2.3,0.0954,11.277647499999999,0.37928610547947705,2.900185332677631
2.3,0.0955,11.277647499999999,0.379374858601877,2.899506846747482
2.3,0.0956,11.277647499999999,0.3794618841267022,2.8988418758620575
2.3,0.09570000000000001,11.277647499999999,0.3795471834420325,2.8981903910452838
2.3,0.0958,11.277647499999999,0.3796307579231588,2.8975523638225633
2.3,0.0959,11.277647499999999,0.3797126089325712,2.896927766218415
2.3,0.096,11.277647499999999,0.379792737819946,2.896316570754161
2.3,0.0961,11.277647499999999,0.37987114592213383,2.895718750445654
2.3,0.09620000000000001,11.277647499999999,0.379947834563146,2.895134278801065
2.3,0.0963,11.277647499999999,0.38002280505414165,2.894563129818706
2.3,0.0964,11.277647499999999,0.38009605869341295,2.8940052779849124
2.3,0.0965,11.277647499999999,0.38016759676637196,2.8934606982719613
2.3,0.0966,11.277647499999999,0.3802374205455353,2.8929293661360447
2.3,0.09670000000000001,11.277647499999999,0.3803055312905097,2.8924112575152807
2.3,0.0968,11.277647499999999,0.38037193024797694,2.8919063488277748
2.3,0.0969,11.277647499999999,0.3804366186516768,2.8914146169697377
2.3,0.097,11.277647499999999,0.38049959772239295,2.8909360393136194
2.3,0.0971,11.277647499999999,0.38056086866793515,2.890470593706322
2.3,0.09720000000000001,11.277647499999999,0.3806204326831226,2.8900182584674363
2.3,0.0973,11.277647499999999,0.3806782909497674,2.8895790123875256
2.3,0.0974,11.277647499999999,0.38073444463665607,2.889152834726462
2.3,0.0975,11.277647499999999,0.3807888948995323,2.888739705211795
2.3,0.09759999999999999,11.277647499999999,0.3808416428810785,2.888339604037171
2.3,0.09770000000000001,11.277647499999999,0.3808926897108964,2.8879525118608016
2.3,0.0978,11.277647499999999,0.3809420365054886,2.8875784098039583
2.3,0.0979,11.277647499999999,0.3809896843682384,2.8872172794495294
2.3,0.098,11.277647499999999,0.38103563438939125,2.886869102840598
2.3,0.09809999999999999,11.277647499999999,0.3810798876460322,2.886533862479093
2.3,0.0982,11.277647499999999,0.38112244520206706,2.886211541324447
2.3,0.0983,11.277647499999999,0.3811633081082004,2.8859021227923236
2.3,0.0984,11.277647499999999,0.38120247740191393,2.8856055907533755
2.3,0.0985,11.277647499999999,0.38123995410744543,2.8853219295320383
2.3,0.0986,11.277647499999999,0.38127573923576463,2.885051123905387
2.3,0.0987,11.277647499999999,0.3813098337845524,2.884793159102007
2.3,0.0988,11.277647499999999,0.3813422387381762,2.8845480208009255
2.3,0.0989,11.277647499999999,0.381372955067667,2.8843156951305766
2.3,0.099,11.277647499999999,0.3814019837306951,2.88409616866781
2.3,0.0991,11.277647499999999,0.3814293256715457,2.8838894284369365
2.3,0.0992,11.277647499999999,0.38145498182109405,2.8836954619088195
2.3,0.0993,11.277647499999999,0.3814789530967797,2.883514257000004
2.3,0.0994,11.277647499999999,0.3815012404025816,2.8833458020718834
2.3,0.0995,11.277647499999999,0.3815218446289909,2.883190085929915
2.3,0.0996,11.277647499999999,0.38154076665298514,2.8830470978228657
2.3,0.0997,11.277647499999999,0.38155800733800055,2.8829168274421053
2.3,0.0998,11.277647499999999,0.38157356753390476,2.882799264920937
2.3,0.0999,11.277647499999999,0.38158744807696926,2.8826944008339637
2.3,0.1,11.277647499999999,0.38159964978984,2.8826022261965067
2.3,0.1001,11.277647499999999,0.38161017348150905,2.882522732464051
2.3,0.1002,11.277647499999999,0.3816190199472859,2.8824559115317316
2.3,0.1003,11.277647499999999,0.381626189968766,2.882401755733874
2.3,0.1004,11.277647499999999,0.3816316843138024,2.8823602578435508
2.3,0.1005,11.277647499999999,0.3816355037364734,2.8823314110722023
2.3,0.1006,11.277647499999999,0.3816376489770525,2.8823152090692763
2.3,0.1007,11.277647499999999,0.3816381207619751,2.882311645921928
2.3,0.1008,11.277647499999999,0.3816369198038089,2.8823207161547306
2.3,0.1009,11.277647499999999,0.3816340468012187,2.882342414729459
2.3,0.101,11.277647499999999,0.3816295024389345,2.8823767370448876
2.3,0.1011,11.277647499999999,0.3816232873877173,2.8824236789366435
2.3,0.1012,11.277647499999999,0.38161540230432595,2.8824832366770816
2.3,0.1013,11.277647499999999,0.3816058478314812,2.8825554069752224
2.3,0.10139999999999999,11.277647499999999,0.3815946245978312,2.8826401869767113
2.3,0.1015,11.277647499999999,0.38158173321791594,2.8827375742638224
2.3,0.1016,11.277647499999999,0.38156717429213055,2.882847566855508
2.3,0.1017,11.277647499999999,0.3815509484066891,2.8829701632074767
2.3,0.1018,11.277647499999999,0.38153305613358696,2.8831053622123237
2.3,0.10189999999999999,11.277647499999999,0.38151349803056384,2.883253163199685
2.3,0.10200000000000001,11.277647499999999,0.3814922746410639,2.883413565936457
2.3,0.1021,11.277647499999999,0.3814693864941989,2.883586570627019
2.3,0.1022,11.277647499999999,0.38144483410470703,2.8837721779135403
2.3,0.1023,11.277647499999999,0.3814186179729145,2.8839703888762815
2.3,0.10239999999999999,11.277647499999999,0.3813907385846939,2.8841812050339746
2.3,0.10250000000000001,11.277647499999999,0.3813611964114234,2.8844046283442233
2.3,0.1026,11.277647499999999,0.381329991909946,2.884640661203941
2.3,0.1027,11.277647499999999,0.38129712552252587,2.8848893064498475
2.3,0.1028,11.277647499999999,0.3812625976768075,2.885150567358981
2.3,0.10289999999999999,11.277647499999999,0.3812264087857704,2.88542444764928
2.3,0.10300000000000001,11.277647499999999,0.3811885592476867,2.8857109514801778
2.3,0.1031,11.277647499999999,0.3811490494460756,2.886010083453262
2.3,0.1032,11.277647499999999,0.3811078797496593,2.8863218486129543
2.3,0.1033,11.277647499999999,0.3810650505123164,2.88664625244725
2.3,0.10339999999999999,11.277647499999999,0.38102056207303575,2.8869833008884886
2.3,0.10350000000000001,11.277647499999999,0.38097441475587024,2.8873330003141655
2.3,0.1036,11.277647499999999,0.3809266088698884,2.8876953575477917
2.3,0.1037,11.277647499999999,0.38087714470912704,2.8880703798597884
2.3,0.1038,11.277647499999999,0.3808260225525413,2.888458074968437
2.3,0.10389999999999999,11.277647499999999,0.3807732426639567,2.8888584510408513
2.3,0.10400000000000001,11.277647499999999,0.3807188052920175,2.8892715166940133
2.3,0.1041,11.277647499999999,0.38066271067013774,2.889697280995832
2.3,0.1042,11.277647499999999,0.3806049590164481,2.8901357534662675
2.3,0.1043,11.277647499999999,0.38054555053374495,2.890586944078479
2.3,0.10439999999999999,11.277647499999999,0.38048448540943736,2.8910508632600247
2.3,0.1045,11.277647499999999,0.3804217638154934,2.89152752189411
2.3,0.1046,11.277647499999999,0.38035738590838697,2.892016931320867
2.3,0.1047,11.277647499999999,0.3802913518290419,2.892519103338694
2.3,0.1048,11.277647499999999,0.3802236617027769,2.8930340502056304
2.3,0.1049,11.277647499999999,0.3801543156392497,2.893561784640776
2.3,0.105,11.277647499999999,0.3800833137324001,2.8941023198257567
2.3,0.1051,11.277647499999999,0.3800106560603916,2.8946556694062475
2.3,0.1052,11.277647499999999,0.3799363426855543,2.8952218474935156
2.3,0.1053,11.277647499999999,0.37986037365432496,2.895800868666038
2.3,0.1054,11.277647499999999,0.37978274899718695,2.896392747971151
2.3,0.1055,11.277647499999999,0.37970346872861105,2.896997500926738
2.3,0.1056,11.277647499999999,0.37962253284699216,2.897615143522995
2.3,0.10569999999999999,11.277647499999999,0.37953994133458896,2.8982456922242052
2.3,0.1058,11.277647499999999,0.3794556941574602,2.898889163970591
2.3,0.1059,11.277647499999999,0.37936979126540094,2.8995455761802025
2.3,0.106,11.277647499999999,0.3792822325918786,2.900214946750854
2.3,0.1061,11.277647499999999,0.37919301805396705,2.900897294062116
2.3,0.10619999999999999,11.277647499999999,0.37910214755228155,2.9015926369773473
2.3,0.1063,11.277647499999999,0.37900962097091057,2.9023009948457914
2.3,0.1064,11.277647499999999,0.37891543817734896,2.903022387504708
2.3,0.1065,11.277647499999999,0.3788195990224292,2.9037568352815644
2.3,0.1066,11.277647499999999,0.3787221033402525,2.904504358996272
2.3,0.10669999999999999,11.277647499999999,0.37862295094811704,2.9052649799634938
2.3,0.1068,11.277647499999999,0.37852214164644865,2.906038719994969
2.3,0.1069,11.277647499999999,0.3784196752187276,2.906825601401928
2.3,0.107,11.277647499999999,0.37831555143141615,2.9076256469975337
2.3,0.1071,11.277647499999999,0.3782097700338852,2.908438880099388
2.3,0.10719999999999999,11.277647499999999,0.3781023307583383,2.909265324532099
2.3,0.1073,11.277647499999999,0.37799323331973766,2.910105004629884
2.3,0.1074,11.277647499999999,0.37788247741572645,2.9109579452392493
2.3,0.1075,11.277647499999999,0.3777700627265517,2.9118241717217104
2.3,0.1076,11.277647499999999,0.3776559889149863,2.912703709956576
2.3,0.10769999999999999,11.277647499999999,0.3775402556262489,2.9135965863437887
2.3,0.1078,11.277647499999999,0.3774228624879239,2.9145028278068237
2.3,0.1079,11.277647499999999,0.3773038091098803,2.9154224617956417
2.3,0.108,11.277647499999999,0.37718309508418923,2.9163555162897064
2.3,0.1081,11.277647499999999,0.37706071998504,2.917302019801063
2.3,0.10819999999999999,11.277647499999999,0.3769366833686577,2.9182620013774576
2.3,0.10830000000000001,11.277647499999999,0.3768109847732149,2.9192354906055598
2.3,0.1084,11.277647499999999,0.37668362371874803,2.920222517614194
2.3,0.1085,11.277647499999999,0.37655459970706784,2.921223113077679
2.3,0.1086,11.277647499999999,0.3764239122216723,2.9222373082192
2.3,0.10869999999999999,11.277647499999999,0.37629156072765624,2.9232651348142595
2.3,0.10880000000000001,11.277647499999999,0.37615754467162094,2.9243066251941885
2.3,0.1089,11.277647499999999,0.3760218634815815,2.9253618122497307
2.3,0.109,11.277647499999999,0.3758845165668757,2.926430729434669
2.3,0.1091,11.277647499999999,0.37574550331806833,2.9275134107695515
2.3,0.10919999999999999,11.277647499999999,0.375604823106856,2.928609890845466
2.3,0.10930000000000001,11.277647499999999,0.3754624752859722,2.9297202048278765
2.3,0.1094,11.277647499999999,0.37531845918908835,2.9308443884605513
2.3,0.1095,11.277647499999999,0.3751727741307154,2.9319824780695436
2.3,0.1096,11.277647499999999,0.3750254194061047,2.9331345105672435
2.3,0.10969999999999999,11.277647499999999,0.3748763942911453,2.9343005234565194
2.3,0.1098,11.277647499999999,0.37472569804226347,2.9354805548349034
2.3,0.1099,11.277647499999999,0.3745733298963173,2.936674643398884
2.3,0.11,11.277647499999999,0.3744192890704931,2.9378828284482417
2.3,0.1101,11.277647499999999,0.37426357476219835,2.939105149890486
2.3,0.11019999999999999,11.277647499999999,0.374106186148955,2.94034164824535
2.3,0.1103,11.277647499999999,0.37394712238829003,2.941592364649377
2.3,0.1104,11.277647499999999,0.3737863826176255,2.9428573408605785
2.3,0.1105,11.277647499999999,0.3736239659541676,2.9441366192631686
2.3,0.1106,11.277647499999999,0.37345987149479326,2.945430242872389
2.3,0.11069999999999999,11.277647499999999,0.373294098315936,2.9467382553394117
2.3,0.1108,11.277647499999999,0.37312664547347074,2.948060700956319
2.3,0.1109,11.277647499999999,0.3729575120025961,2.949397624661179
2.3,0.11099999999999999,11.277647499999999,0.37278669691771715,2.9507490720431906
2.3,0.1111,11.277647499999999,0.3726141992123242,2.952115089347936
2.3,0.1112,11.277647499999999,0.37244001785887176,2.953495723482705
2.3,0.1113,11.277647499999999,0.37226415180865663,2.954891022021908
2.3,0.1114,11.277647499999999,0.3720865999916927,2.956301033212588
2.3,0.11149999999999999,11.277647499999999,0.371907361316585,2.9577258059800235
2.3,0.1116,11.277647499999999,0.3717264346704022,2.9591653899334185
2.3,0.1117,11.277647499999999,0.37154381891854865,2.9606198353716833
2.3,0.1118,11.277647499999999,0.37135951290463237,2.9620891932893274
2.3,0.1119,11.277647499999999,0.3711735154503337,2.96357351538243
2.3,0.11199999999999999,11.277647499999999,0.3709858253552714,2.9650728540547187
2.3,0.1121,11.277647499999999,0.3707964413968668,2.9665872624237517
2.3,0.1122,11.277647499999999,0.3706053623302073,2.968116794327186
2.3,0.1123,11.277647499999999,0.3704125868879062,2.9696615043291734
2.3,0.1124,11.277647499999999,0.37021811377996383,2.9712214477268293
2.3,0.11249999999999999,11.277647499999999,0.3700219416936241,2.9727966805568338
2.3,0.1126,11.277647499999999,0.3698240692932306,2.9743872596021292
2.3,0.1127,11.277647499999999,0.3696244952200809,2.9759932423987236
2.3,0.1128,11.277647499999999,0.36942321809227885,2.9776146872426117
2.3,0.1129,11.277647499999999,0.36922023650458485,2.979251653196806
2.3,0.11299999999999999,11.277647499999999,0.36901554902826433,2.980904200098481
2.3,0.1131,11.277647499999999,0.36880915421093485,2.9825723885662327
2.3,0.1132,11.277647499999999,0.36860105057641107,2.9842562800074544
2.3,0.1133,11.277647499999999,0.36839123662454687,2.9859559366258392
2.3,0.1134,11.277647499999999,0.3681797108310764,2.9876714214289994
2.3,0.11349999999999999,11.277647499999999,0.36796647164745366,2.989402798236202
2.3,0.1136,11.277647499999999,0.3677515175006887,2.9911501316862417
2.3,0.1137,11.277647499999999,0.36753484679318243,2.9929134872454344
2.3,0.1138,11.277647499999999,0.3673164579025595,2.9946929312157433
2.3,0.1139,11.277647499999999,0.3670963491814994,2.9964885307430262
2.3,0.11399999999999999,11.277647499999999,0.3668745189575638,2.998300353825436
2.3,0.11410000000000001,11.277647499999999,0.3666509655330238,3.0001284693219348
2.3,0.1142,11.277647499999999,0.36642568718468427,3.001972946960956
2.3,0.1143,11.277647499999999,0.3661986821637043,3.0038338573492176
2.3,0.1144,11.277647499999999,0.3659699486954181,3.0057112719806547
2.3,0.11449999999999999,11.277647499999999,0.36573948497915215,3.0076052632455097
2.3,0.1146,11.277647499999999,0.36550728918803993,3.0095159044395716
2.3,0.1147,11.277647499999999,0.3652733594688342,3.011443269773563
2.3,0.1148,11.277647499999999,0.3650376939417183,3.013387434382668
2.3,0.1149,11.277647499999999,0.36480029070011233,3.0153484743362386
2.3,0.11499999999999999,11.277647499999999,0.3645611478104803,3.0173264666476274
2.3,0.1151,11.277647499999999,0.3643202633121316,3.0193214892842084
2.3,0.1152,11.277647499999999,0.3640776352170218,3.0213336211775403
2.3,0.1153,11.277647499999999,0.3638332615095508,3.0233629422337036
2.3,0.1154,11.277647499999999,0.36358714014635696,3.0254095333438094
2.3,0.11549999999999999,11.277647499999999,0.36333926905611047,3.0274734763946674
2.3,0.1156,11.277647499999999,0.36308964613930234,3.02955485427964
2.3,0.1157,11.277647499999999,0.3628382692680326,3.0316537509096597
2.3,0.11579999999999999,11.277647499999999,0.36258513628579275,3.0337702512244475
2.3,0.1159,11.277647499999999,0.3623302450072491,3.035904441203887
2.3,0.11599999999999999,11.277647499999999,0.3620735932180205,3.038056407879603
2.3,0.1161,11.277647499999999,0.3618151786744539,3.0402262393467296
2.3,0.1162,11.277647499999999,0.36155499910339756,3.0424140247758595
2.3,0.11629999999999999,11.277647499999999,0.36129305220197044,3.0446198544252017
2.3,0.1164,11.277647499999999,0.3610293356373292,3.046843819652931
2.3,0.11649999999999999,11.277647499999999,0.3607638470464323,3.049086012929738
2.3,0.1166,11.277647499999999,0.3604965840357993,3.0513465278516034
2.3,0.1167,11.277647499999999,0.3602275441812701,3.0536254591527543
2.3,0.11679999999999999,11.277647499999999,0.35995672502775744,3.055922902718863
2.3,0.1169,11.277647499999999,0.35968412408899825,3.0582389556004483
2.3,0.11699999999999999,11.277647499999999,0.35940973884730315,3.0605737160264876
2.3,0.1171,11.277647499999999,0.3591335667532972,3.0629272834182966
2.3,0.1172,11.277647499999999,0.3588556052256637,3.0652997584035875
2.3,0.11729999999999999,11.277647499999999,0.35857585165088,3.0676912428307985
2.3,0.1174,11.277647499999999,0.35829430338295215,3.070101839783643
2.3,0.1175,11.277647499999999,0.3580109577431448,3.07253165359591
2.3,0.1176,11.277647499999999,0.35772581201970716,3.0749807898665162
2.3,0.1177,11.277647499999999,0.3574388634675979,3.0774493554747884
2.3,0.11779999999999999,11.277647499999999,0.3571501093082018,3.0799374585960377
2.3,0.1179,11.277647499999999,0.3568595467290468,3.082445208717363
2.3,0.118,11.277647499999999,0.35656717288351525,3.084972716653735
2.3,0.1181,11.277647499999999,0.35627298489055104,3.0875200945643577
2.3,0.1182,11.277647499999999,0.35597697983436344,3.090087455969292
2.3,0.11829999999999999,11.277647499999999,0.3556791547641265,3.0926749157663744
2.3,0.1184,11.277647499999999,0.3553795066936747,3.0952825902484116
2.3,0.1185,11.277647499999999,0.3550780326011937,3.0979105971206797
2.3,0.1186,11.277647499999999,0.3547747294289081,3.100559055518707
2.3,0.1187,11.277647499999999,0.3544695940827627,3.1032280860263817
2.3,0.11879999999999999,11.277647499999999,0.3541626234321022,3.1059178106943435
2.3,0.1189,11.277647499999999,0.353853814309344,3.108628353058714
2.3,0.119,11.277647499999999,0.3535431635096478,3.1113598381601353
2.3,0.1191,11.277647499999999,0.35323066779058016,3.1141123925631424
2.3,0.1192,11.277647499999999,0.3529163238717741,3.1168861443758713
2.3,0.11929999999999999,11.277647499999999,0.35260012843458516,3.1196812232700974
2.3,0.11939999999999999,11.277647499999999,0.35228207812174017,3.1224977605016475
2.3,0.1195,11.277647499999999,0.35196216953698367,3.125335888931136
2.3,0.1196,11.277647499999999,0.35164039924471924,3.1281957430450715
2.3,0.1197,11.277647499999999,0.3513167637696422,3.131077458977358
2.3,0.11979999999999999,11.277647499999999,0.3509912595963717,3.133981174531137
2.3,0.11989999999999999,11.277647499999999,0.3506638831690748,3.1369070292010317
2.3,0.12,11.277647499999999,0.35033463089108663,3.139855164195778
2.5,0.07,12.258312499999999,0.3202544476269859,3.434768847554671
2.5,0.07010000000000001,12.258312499999999,0.3209172865425051,3.4276745009630587
2.5,0.07020000000000001,12.258312499999999,0.32157735237046364,3.420638897271527
2.5,0.0703,12.258312499999999,0.32223465166061865,3.413661424465712
2.5,0.0704,12.258312499999999,0.32288919091637996,3.406741479571151
2.5,0.07050000000000001,12.258312499999999,0.3235409765954745,3.399878468486351
2.5,0.07060000000000001,12.258312499999999,0.32419001511059736,3.3930718058196065
2.5,0.07070000000000001,12.258312499999999,0.3248363128300486,3.386320914729475
2.5,0.0708,12.258312499999999,0.3254798760783563,3.379625226768813
2.5,0.0709,12.258312499999999,0.32612071113688557,3.372984181732289
2.5,0.07100000000000001,12.258312499999999,0.32675882424443586,3.3663972275072576
2.5,0.07110000000000001,12.258312499999999,0.32739422159782383,3.3598638199279436
2.5,0.07120000000000001,12.258312499999999,0.3280269093524558,3.353383422632808
2.5,0.0713,12.258312499999999,0.32865689362288647,3.3469555069250494
2.5,0.0714,12.258312499999999,0.3292841804833656,3.3405795516361545
2.5,0.07150000000000001,12.258312499999999,0.32990877596837553,3.334255042992382
2.5,0.07160000000000001,12.258312499999999,0.3305306860731531,3.327981474484181
2.5,0.0717,12.258312499999999,0.33114991675420513,3.3217583467383784
2.5,0.0718,12.258312499999999,0.3317664739298111,3.3155851673931265
2.5,0.0719,12.258312499999999,0.33238036348051375,3.309461450975545
2.5,0.07200000000000001,12.258312499999999,0.33299159124960187,3.3033867187819426
2.5,0.07210000000000001,12.258312499999999,0.3336001630435823,3.2973604987605882
2.5,0.0722,12.258312499999999,0.33420608463264173,3.2913823253969676
2.5,0.0723,12.258312499999999,0.3348093617510989,3.285451739601453
2.5,0.0724,12.258312499999999,0.3354100000978479,3.27956828859933
2.5,0.07250000000000001,12.258312499999999,0.33600800533679215,3.273731525823121
2.5,0.07260000000000001,12.258312499999999,0.336603383097269,3.267941010807163
2.5,0.0727,12.258312499999999,0.33719613897446643,3.262196309084356
2.5,0.0728,12.258312499999999,0.3377862785298307,3.2564969920850606
2.5,0.0729,12.258312499999999,0.3383738072914654,3.250842637038073
2.5,0.07300000000000001,12.258312499999999,0.338958730754523,3.2452328268736355
2.5,0.07310000000000001,12.258312499999999,0.3395410543815882,3.2396671501284238
2.5,0.0732,12.258312499999999,0.34012078360305326,3.2341452008524816
2.5,0.0733,12.258312499999999,0.34069792381748626,3.228666578518031
2.5,0.0734,12.258312499999999,0.34127248039199026,3.2232308879301517
2.5,0.07350000000000001,12.258312499999999,0.3418444586625585,3.2178377391392265
2.5,0.0736,12.258312499999999,0.3424138639344192,3.2124867473551757
2.5,0.0737,12.258312499999999,0.3429807014823745,3.2071775328634002
2.5,0.0738,12.258312499999999,0.3435449765511334,3.2019097209423917
2.5,0.07390000000000001,12.258312499999999,0.34410669435563757,3.196682941782991
2.5,0.07400000000000001,12.258312499999999,0.34466586008137995,3.191496830409244
2.5,0.0741,12.258312499999999,0.34522247888471785,3.1863510266008186
2.5,0.0742,12.258312499999999,0.3457765558931799,3.1812451748169446
2.5,0.0743,12.258312499999999,0.34632809620576566,3.176178924121858
2.5,0.07440000000000001,12.258312499999999,0.3468771048932411,3.171151928111683
2.5,0.07450000000000001,12.258312499999999,0.34742358699842746,3.1661638448427483
2.5,0.0746,12.258312499999999,0.34796754753648335,3.1612143367612995
2.5,0.0747,12.258312499999999,0.3485089914951836,3.156303070634555
2.5,0.0748,12.258312499999999,0.3490479238351895,3.1514297174831176
2.5,0.07490000000000001,12.258312499999999,0.3495843494903179,3.146593952514644
2.5,0.07500000000000001,12.258312499999999,0.35011827336780055,3.141795455058828
2.5,0.0751,12.258312499999999,0.35064970034854165,3.137033908503595
2.5,0.0752,12.258312499999999,0.3511786352873696,3.1323090002325165
2.5,0.0753,12.258312499999999,0.3517050830132818,3.127620421563426
2.5,0.07540000000000001,12.258312499999999,0.35222904832968904,3.1229678676881636
2.5,0.07550000000000001,12.258312499999999,0.35275053601465006,3.1183510376134937
2.5,0.0756,12.258312499999999,0.35326955082110556,3.1137696341030994
2.5,0.0757,12.258312499999999,0.353786097477106,3.1092233636206767
2.5,0.0758,12.258312499999999,0.35430018068603436,3.104711936274097
2.5,0.07590000000000001,12.258312499999999,0.3548118051268265,3.1002350657605886
2.5,0.07600000000000001,12.258312499999999,0.35532097545418573,3.095792469312951
2.5,0.0761,12.258312499999999,0.35582769629879396,3.0913838676467535
2.5,0.0762,12.258312499999999,0.35633197226751845,3.0870089849085116
2.5,0.0763,12.258312499999999,0.35683380794361563,3.082667548624805
2.5,0.07640000000000001,12.258312499999999,0.35733320788692835,3.0783592896523495
2.5,0.07650000000000001,12.258312499999999,0.357830176634083,3.074083942128949
2.5,0.0766,12.258312499999999,0.3583247186986813,3.069841243425354
2.5,0.0767,12.258312499999999,0.35881683857148683,3.065630934098005
2.5,0.07680000000000001,12.258312499999999,0.3593065407206099,3.0614527578426123
2.5,0.07690000000000001,12.258312499999999,0.35979382959168976,3.0573064614485737
2.5,0.077,12.258312499999999,0.36027870960807035,3.0531917947542238
2.5,0.0771,12.258312499999999,0.36076118517097605,3.0491085106028675
2.5,0.0772,12.258312499999999,0.3612412606596813,3.045056364799617
2.5,0.07730000000000001,12.258312499999999,0.36171894043167946,3.041035116068978
2.5,0.07740000000000001,12.258312499999999,0.3621942288228463,3.0370445260132066
2.5,0.0775,12.258312499999999,0.3626671301476023,3.0330843590713883
2.5,0.0776,12.258312499999999,0.3631376486990705,3.029154382479251
2.5,0.0777,12.258312499999999,0.36360578874923283,3.0252543662296714
2.5,0.07780000000000001,12.258312499999999,0.3640715545490818,3.0213840830338894
2.5,0.07790000000000001,12.258312499999999,0.36453495032877037,3.017543308283393
2.5,0.078,12.258312499999999,0.36499598029775965,3.0137318200124623
2.5,0.0781,12.258312499999999,0.3654546486449624,3.009949398861376
2.5,0.0782,12.258312499999999,0.3659109595388851,3.0061958280402474
2.5,0.07830000000000001,12.258312499999999,0.36636491712776637,3.00247089329349
2.5,0.0784,12.258312499999999,0.36681652553971356,2.9987743828648967
2.5,0.0785,12.258312499999999,0.3672657888828368,2.995106087463312
2.5,0.0786,12.258312499999999,0.36771271124538035,2.9914658002289
2.5,0.0787,12.258312499999999,0.3681572966958512,2.987853316699987
2.5,0.07880000000000001,12.258312499999999,0.36859954928314576,2.98426843478047
2.5,0.0789,12.258312499999999,0.3690394730366743,2.980710954707776
2.5,0.079,12.258312499999999,0.3694770719664829,2.9771806790213673
2.5,0.0791,12.258312499999999,0.36991235006337314,2.973677412531776
2.5,0.0792,12.258312499999999,0.3703453112990191,2.9702009622901726
2.5,0.07930000000000001,12.258312499999999,0.37077595962608356,2.966751137558425
2.5,0.0794,12.258312499999999,0.3712042989783309,2.963327749779678
2.5,0.0795,12.258312499999999,0.371630333270738,2.9599306125494182
2.5,0.0796,12.258312499999999,0.37205406639960364,2.956559541587023
2.5,0.07970000000000001,12.258312499999999,0.37247550224265574,2.953214354707778
2.5,0.07980000000000001,12.258312499999999,0.37289464465915617,2.949894871795366
2.5,0.0799,12.258312499999999,0.37331149749000486,2.9466009147748036
2.5,0.08,12.258312499999999,0.3737260645578399,2.943332307585836
2.5,0.0801,12.258312499999999,0.37413834966713827,2.9400888761567563
2.5,0.08020000000000001,12.258312499999999,0.3745483566043126,2.936870448378666
2.5,0.08030000000000001,12.258312499999999,0.37495608913780804,2.9336768540801477
2.5,0.0804,12.258312499999999,0.37536155101819557,2.930507925002361
2.5,0.0805,12.258312499999999,0.37576474597826537,2.9273634947745344
2.5,0.0806,12.258312499999999,0.37616567773311654,2.9242433988898697
2.5,0.08070000000000001,12.258312499999999,0.3765643499802471,2.9211474746818205
2.5,0.08080000000000001,12.258312499999999,0.37696076639964143,2.9180755613007645
2.5,0.0809,12.258312499999999,0.3773549306538553,2.9150274996910572
2.5,0.081,12.258312499999999,0.3777468463881018,2.9120031325684357
2.5,0.0811,12.258312499999999,0.3781365172303326,2.909002304397811
2.5,0.08120000000000001,12.258312499999999,0.3785239467913203,2.9060248613713955
2.5,0.08130000000000001,12.258312499999999,0.3789091386647377,2.9030706513871927
2.5,0.0814,12.258312499999999,0.3792920964272365,2.9001395240278214
2.5,0.0815,12.258312499999999,0.37967282363852406,2.8972313305396846
2.5,0.0816,12.258312499999999,0.3800513238414393,2.894345923812463
2.5,0.08170000000000001,12.258312499999999,0.3804276005620262,2.8914831583589384
2.5,0.08180000000000001,12.258312499999999,0.38080165730960697,2.8886428902951335
2.5,0.0819,12.258312499999999,0.38117349757685426,2.88582497732076
2.5,0.082,12.258312499999999,0.38154312483985997,2.883029278699986
2.5,0.0821,12.258312499999999,0.38191054255820533,2.880255655242494
2.5,0.08220000000000001,12.258312499999999,0.3822757541750278,2.8775039692848448
2.5,0.0823,12.258312499999999,0.3826387631170878,2.8747740846721253
2.5,0.0824,12.258312499999999,0.3829995727948339,2.8720658667398844
2.5,0.0825,12.258312499999999,0.38335818660246684,2.8693791822963557
2.5,0.0826,12.258312499999999,0.3837146079180022,2.8667138996049486
2.5,0.08270000000000001,12.258312499999999,0.38406884010333164,2.8640698883670206
2.5,0.0828,12.258312499999999,0.38442088650428474,2.8614470197048973
2.5,0.0829,12.258312499999999,0.38477075045068687,2.8588451661451817
2.5,0.083,12.258312499999999,0.38511843525641853,2.8562642016022965
2.5,0.08310000000000001,12.258312499999999,0.385463944219472,2.853704001362296
2.5,0.0832,12.258312499999999,0.38580728062200775,2.851164442066914
2.5,0.0833,12.258312499999999,0.3861484477304098,2.8486454016978646
2.5,0.0834,12.258312499999999,0.3864874487953392,2.846146759561382
2.5,0.0835,12.258312499999999,0.3868242870517875,2.843668396272992
2.5,0.08360000000000001,12.258312499999999,0.38715896571912883,2.841210193742521
2.5,0.0837,12.258312499999999,0.38749148800117084,2.838772035159328
2.5,0.0838,12.258312499999999,0.38782185708620504,2.8363538049777635
2.5,0.0839,12.258312499999999,0.3881500761470562,2.8339553889028464
2.5,0.084,12.258312499999999,0.3884761483411298,2.831576673876165
2.5,0.08410000000000001,12.258312499999999,0.38880007681045986,2.8292175480619837
2.5,0.0842,12.258312499999999,0.3891218646817561,2.826877900833552
2.5,0.0843,12.258312499999999,0.389441515066448,2.8245576227596434
2.5,0.0844,12.258312499999999,0.38975903106073106,2.8222566055912672
2.5,0.0845,12.258312499999999,0.390074415745609,2.8199747422486077
2.5,0.08460000000000001,12.258312499999999,0.3903876721869386,2.8177119268081317
2.5,0.0847,12.258312499999999,0.3906988034354696,2.815468054489917
2.5,0.0848,12.258312499999999,0.3910078125268884,2.8132430216451407
2.5,0.0849,12.258312499999999,0.3913147024818567,2.8110367257437807
2.5,0.085,12.258312499999999,0.39161947630605204,2.808849065362485
2.5,0.08510000000000001,12.258312499999999,0.3919221369902067,2.8066799401726232
2.5,0.0852,12.258312499999999,0.39222268751014555,2.8045292509285216
2.5,0.0853,12.258312499999999,0.392521130826824,2.8023968994558612
2.5,0.0854,12.258312499999999,0.3928174698863636,2.800282788640266
2.5,0.0855,12.258312499999999,0.3931117076200891,2.7981868224160387
2.5,0.08560000000000001,12.258312499999999,0.39340384694456254,2.796108905755081
2.5,0.0857,12.258312499999999,0.3936938907616188,2.7940489446559607
2.5,0.0858,12.258312499999999,0.39398184195839847,2.792006846133157
2.5,0.0859,12.258312499999999,0.3942677034073813,2.7899825182064517
2.5,0.08600000000000001,12.258312499999999,0.3945514779664178,2.7879758698904844
2.5,0.08610000000000001,12.258312499999999,0.39483316847876226,2.7859868111844515
2.5,0.0862,12.258312499999999,0.3951127777731024,2.784015253061966
2.5,0.0863,12.258312499999999,0.3953903086635903,2.782061107461064
2.5,0.0864,12.258312499999999,0.39566576394987235,2.78012428727435
2.5,0.08650000000000001,12.258312499999999,0.39593914641711725,2.778204706339299
2.5,0.08660000000000001,12.258312499999999,0.3962104588360459,2.7763022794286867
2.5,0.0867,12.258312499999999,0.3964797039629573,2.774416922241175
2.5,0.0868,12.258312499999999,0.39674688453975754,2.7725485513920156
2.5,0.0869,12.258312499999999,0.39701200329398506,2.7706970844039103
2.5,0.08700000000000001,12.258312499999999,0.39727506293883696,2.7688624396979886
2.5,0.08710000000000001,12.258312499999999,0.3975360661731943,2.767044536584924
2.5,0.0872,12.258312499999999,0.39779501568164677,2.7652432952561785
2.5,0.0873,12.258312499999999,0.3980519141345172,2.7634586367753715
2.5,0.0874,12.258312499999999,0.3983067641878842,2.761690483069783
2.5,0.0875,12.258312499999999,0.3985595684836061,2.759938756921969
2.5,0.08760000000000001,12.258312499999999,0.39881032964934326,2.758203381961502
2.5,0.0877,12.258312499999999,0.39905905029857947,2.756484282656841
2.5,0.0878,12.258312499999999,0.3993057330306431,2.75478138430731
2.5,0.0879,12.258312499999999,0.3995503804307291,2.7530946130351874
2.5,0.088,12.258312499999999,0.39979299506991767,2.7514238957779313
2.5,0.0881,12.258312499999999,0.4000335795051952,2.749769160280492
2.5,0.0882,12.258312499999999,0.40027213627947233,2.748130335087761
2.5,0.0883,12.258312499999999,0.4005086679216039,2.746507349537103
2.5,0.0884,12.258312499999999,0.40074317694640615,2.744900133751023
2.5,0.0885,12.258312499999999,0.40097566585467453,2.7433086186299214
2.5,0.0886,12.258312499999999,0.40120613713320097,2.741732735844962
2.5,0.0887,12.258312499999999,0.40143459325479036,2.7401724178310425
2.5,0.0888,12.258312499999999,0.4016610366782768,2.7386275977798666
2.5,0.0889,12.258312499999999,0.4018854698485388,2.7370982096331185
2.5,0.089,12.258312499999999,0.40210789519651574,2.7355841880757272
2.5,0.0891,12.258312499999999,0.4023283151392205,2.7340854685292517
2.5,0.0892,12.258312499999999,0.4025467320797558,2.7326019871453315
2.5,0.0893,12.258312499999999,0.4027631484073257,2.731133680799265
2.5,0.08940000000000001,12.258312499999999,0.4029775664972508,2.7296804870836513
2.5,0.0895,12.258312499999999,0.40318998871098005,2.728242344302146
2.5,0.0896,12.258312499999999,0.4034004173961033,2.7268191914633
2.5,0.0897,12.258312499999999,0.4036088548863627,2.7254109682744905
2.5,0.0898,12.258312499999999,0.40381530350166495,2.724017615135937
2.5,0.08990000000000001,12.258312499999999,0.4040197655480918,2.7226390731348102
2.5,0.09,12.258312499999999,0.40422224331791,2.7212752840394274
2.5,0.0901,12.258312499999999,0.40442273908958254,2.719926190293524
2.5,0.0902,12.258312499999999,0.4046212551277776,2.7185917350106212
2.5,0.0903,12.258312499999999,0.4048177936833773,2.7172718619684737
2.5,0.09040000000000001,12.258312499999999,0.4050123569934873,2.7159665156035926
2.5,0.0905,12.258312499999999,0.4052049472814449,2.714675641005855
2.5,0.0906,12.258312499999999,0.4053955667568264,2.7133991839131952
2.5,0.0907,12.258312499999999,0.40558421761545554,2.712137090706368
2.5,0.0908,12.258312499999999,0.405770902039409,2.710889308403801
2.5,0.09090000000000001,12.258312499999999,0.4059556221970252,2.7096557846565053
2.5,0.091,12.258312499999999,0.40613838024290816,2.708436467743085
2.5,0.0911,12.258312499999999,0.40631917831793507,2.7072313065648017
2.5,0.0912,12.258312499999999,0.40649801854926065,2.7060402506407266
2.5,0.0913,12.258312499999999,0.4066749030503229,2.704863250102954
2.5,0.09140000000000001,12.258312499999999,0.40684983392084645,2.7037002556919014
2.5,0.0915,12.258312499999999,0.4070228132468483,2.7025512187516623
2.5,0.0916,12.258312499999999,0.4071938431006401,2.7014160912254495
2.5,0.0917,12.258312499999999,0.4073629255408325,2.7002948256510897
2.5,0.0918,12.258312499999999,0.40753006261233693,2.699187375156604
2.5,0.09190000000000001,12.258312499999999,0.40769525634637005,2.698093693455833
2.5,0.092,12.258312499999999,0.40785850876045343,2.6970137348441603
2.5,0.0921,12.258312499999999,0.4080198218584175,2.6959474541942696
2.5,0.0922,12.258312499999999,0.4081791976304016,2.694894806951992
2.5,0.0923,12.258312499999999,0.40833663805285497,2.693855749132206
2.5,0.09240000000000001,12.258312499999999,0.40849214508853804,2.692830237314801
2.5,0.0925,12.258312499999999,0.4086457206865217,2.691818228640712
2.5,0.0926,12.258312499999999,0.4087973667821877,2.690819680808007
2.5,0.0927,12.258312499999999,0.4089470852972279,2.6898345520680413
2.5,0.0928,12.258312499999999,0.40909487813964296,2.6888628012216746
2.5,0.0929,12.258312499999999,0.40924074720374115,2.6879043876155455
2.5,0.093,12.258312499999999,0.4093846943701364,2.686959271138404
2.5,0.0931,12.258312499999999,0.4095267215057464,2.686027412217508
2.5,0.0932,12.258312499999999,0.40966683046379015,2.68510877181507
2.5,0.0933,12.258312499999999,0.40980502308378397,2.6842033114247768
2.5,0.0934,12.258312499999999,0.40994130119153976,2.683310993068345
2.5,0.0935,12.258312499999999,0.41007566659915967,2.682431779292154
2.5,0.0936,12.258312499999999,0.4102081211050334,2.681565633163918
2.5,0.0937,12.258312499999999,0.41033866649383244,2.680712518269427
2.5,0.0938,12.258312499999999,0.4104673045365062,2.6798723987093305
2.5,0.0939,12.258312499999999,0.4105940369902763,2.6790452390959842
2.5,0.094,12.258312499999999,0.41071886559863086,2.678231004550347
2.5,0.0941,12.258312499999999,0.4108417920913182,2.677429660698934
2.5,0.0942,12.258312499999999,0.4109628181843416,2.6766411736708107
2.5,0.0943,12.258312499999999,0.411081945579951,2.6758655100946585
2.5,0.0944,12.258312499999999,0.4111991759666369,2.6751026370958724
2.5,0.0945,12.258312499999999,0.4113145110191218,2.6743525222937286
2.5,0.0946,12.258312499999999,0.41142795239835356,2.6736151337985805
2.5,0.0947,12.258312499999999,0.41153950175149595,2.6728904402091254
2.5,0.0948,12.258312499999999,0.4116491607119202,2.6721784106097104
2.5,0.0949,12.258312499999999,0.41175693089919607,2.6714790145676885
2.5,0.095,12.258312499999999,0.4118628139190823,2.6707922221308245
2.5,0.0951,12.258312499999999,0.4119668113635168,2.670118003824748
2.5,0.0952,12.258312499999999,0.41206892481060586,2.6694563306504597
2.5,0.0953,12.258312499999999,0.41216915582461405,2.668807174081875
2.5,0.0954,12.258312499999999,0.4122675059559533,2.6681705060634204
2.5,0.0955,12.258312499999999,0.41236397674117065,2.6675462990076833
2.5,0.0956,12.258312499999999,0.4124585697029372,2.6669345257930925
2.5,0.09570000000000001,12.258312499999999,0.4125512863500353,2.666335159761661
2.5,0.0958,12.258312499999999,0.4126421281773465,2.665748174716758
2.5,0.0959,12.258312499999999,0.4127310966658383,2.6651735449209415
2.5,0.096,12.258312499999999,0.41281819328255,2.664611245093828
2.5,0.0961,12.258312499999999,0.41290341948058024,2.664061250410002
2.5,0.09620000000000001,12.258312499999999,0.41298677669907174,2.66352353649698
2.5,0.0963,12.258312499999999,0.41306826636319743,2.6629980794332093
2.5,0.0964,12.258312499999999,0.4131478898841445,2.6624848557461194
2.5,0.0965,12.258312499999999,0.41322564865909994,2.6619838424102045
2.5,0.0966,12.258312499999999,0.413301544071234,2.661495016845161
2.5,0.09670000000000001,12.258312499999999,0.4133755774896845,2.6610183569140577
2.5,0.0968,12.258312499999999,0.4134477502695401,2.660553840921553
2.5,0.0969,12.258312499999999,0.41351806375182254,2.660101447612159
2.5,0.097,12.258312499999999,0.41358651926347056,2.65966115616853
2.5,0.0971,12.258312499999999,0.4136531181173208,2.659232946209816
2.5,0.09720000000000001,12.258312499999999,0.41371786161208984,2.658816797790041
2.5,0.0973,12.258312499999999,0.4137807510323559,2.6584126913965234
2.5,0.0974,12.258312499999999,0.4138417876485392,2.658020607948345
2.5,0.0975,12.258312499999999,0.413900972716883,2.6576405287948512
2.5,0.09759999999999999,12.258312499999999,0.4139583074794332,2.6572724357141975
2.5,0.09770000000000001,12.258312499999999,0.4140137931640178,2.6569163109119374
2.5,0.0978,12.258312499999999,0.4140674309842267,2.6565721370196416
2.5,0.0979,12.258312499999999,0.41411922213938956,2.656239897093567
2.5,0.098,12.258312499999999,0.4141691678145557,2.65591957461335
2.5,0.09809999999999999,12.258312499999999,0.41421726918046975,2.655611153480766
2.5,0.0982,12.258312499999999,0.4142635273935512,2.655314618018491
2.5,0.0983,12.258312499999999,0.41430794359587003,2.655029952968938
2.5,0.0984,12.258312499999999,0.41435051891512387,2.654757143493105
2.5,0.0985,12.258312499999999,0.4143912544646146,2.654496175169475
2.5,0.0986,12.258312499999999,0.4144301513432225,2.654247033992956
2.5,0.0987,12.258312499999999,0.41446721063538305,2.6540097063738464
2.5,0.0988,12.258312499999999,0.4145024334110611,2.6537841791368515
2.5,0.0989,12.258312499999999,0.414535820725725,2.6535704395201307
2.5,0.099,12.258312499999999,0.4145673736203208,2.6533684751743847
2.5,0.0991,12.258312499999999,0.4145970931212453,2.6531782741619816
2.5,0.0992,12.258312499999999,0.41462498024031963,2.6529998249561135
2.5,0.0993,12.258312499999999,0.4146510359747606,2.652833116440003
2.5,0.0994,12.258312499999999,0.4146752613071539,2.652678137906133
2.5,0.0995,12.258312499999999,0.4146976572054249,2.652534879055522
2.5,0.0996,12.258312499999999,0.41471822462280994,2.6524033299970364
2.5,0.0997,12.258312499999999,0.4147369644978267,2.652283481246737
2.5,0.0998,12.258312499999999,0.4147538777542443,2.6521753237272616
2.5,0.0999,12.258312499999999,0.41476896530105356,2.652078848767246
2.5,0.1,12.258312499999999,0.4147822280324348,2.6519940481007858
2.5,0.1001,12.258312499999999,0.4147936668277272,2.651920913866927
2.5,0.1002,12.258312499999999,0.4148032825513977,2.6518594386091934
2.5,0.1003,12.258312499999999,0.4148110760530066,2.651809615275164
2.5,0.1004,12.258312499999999,0.4148170481671765,2.651771437216067
2.5,0.1005,12.258312499999999,0.4148211997135581,2.651744898186426
2.5,0.1006,12.258312499999999,0.4148235314967962,2.6517299923437343
2.5,0.1007,12.258312499999999,0.4148240443064947,2.6517267142481735
2.5,0.1008,12.258312499999999,0.41482273891718363,2.6517350588623523
2.5,0.1009,12.258312499999999,0.4148196160882812,2.6517550215511023
2.5,0.101,12.258312499999999,0.41481467656405924,2.651786598081297
2.5,0.1011,12.258312499999999,0.41480792107360576,2.6518297846217123
2.5,0.1012,12.258312499999999,0.41479935033078913,2.6518845777429148
2.5,0.1013,12.258312499999999,0.4147889650342187,2.6519509744172045
2.5,0.10139999999999999,12.258312499999999,0.41477676586720785,2.652028972018574
2.5,0.1015,12.258312499999999,0.4147627534977347,2.6521185683227166
2.5,0.1016,12.258312499999999,0.4147469285784028,2.6522197615070673
2.5,0.1017,12.258312499999999,0.4147292917464012,2.6523325501508785
2.5,0.1018,12.258312499999999,0.41470984362346414,2.6524569332353374
2.5,0.10189999999999999,12.258312499999999,0.41468858481583026,2.6525929101437105
2.5,0.10200000000000001,12.258312499999999,0.41466551591419987,2.65274048066154
2.5,0.1021,12.258312499999999,0.41464063749369445,2.652899644976858
2.5,0.1022,12.258312499999999,0.414613950113812,2.653070403680457
2.5,0.1023,12.258312499999999,0.41458545431838534,2.653252757766179
2.5,0.10239999999999999,12.258312499999999,0.4145551506355369,2.6534467086312565
2.5,0.10250000000000001,12.258312499999999,0.41452303957763414,2.6536522580766855
2.5,0.1026,12.258312499999999,0.41448912164124563,2.6538694083076257
2.5,0.1027,12.258312499999999,0.4144533973070933,2.65409816193386
2.5,0.1028,12.258312499999999,0.41441586704000816,2.6543385219702627
2.5,0.10289999999999999,12.258312499999999,0.4143765312888809,2.6545904918373373
2.5,0.10300000000000001,12.258312499999999,0.414335390486616,2.6548540753617633
2.5,0.1031,12.258312499999999,0.41429244505008217,2.655129276777001
2.5,0.1032,12.258312499999999,0.4142476953800645,2.6554161007239174
2.5,0.1033,12.258312499999999,0.41420114186121343,2.65571455225147
2.5,0.10339999999999999,12.258312499999999,0.4141527848619954,2.6560246368174094
2.5,0.10350000000000001,12.258312499999999,0.41410262473464154,2.6563463602890325
2.5,0.1036,12.258312499999999,0.4140506618150961,2.6566797289439683
2.5,0.1037,12.258312499999999,0.41399689642296417,2.657024749471005
2.5,0.1038,12.258312499999999,0.41394132886145796,2.657381428970962
2.5,0.10389999999999999,12.258312499999999,0.4138839594173442,2.6577497749575834
2.5,0.10400000000000001,12.258312499999999,0.4138247883608886,2.658129795358492
2.5,0.1041,12.258312499999999,0.4137638159458019,2.658521498516165
2.5,0.1042,12.258312499999999,0.4137010424091827,2.658924893188966
2.5,0.1043,12.258312499999999,0.41363646797146186,2.6593399885522007
2.5,0.10439999999999999,12.258312499999999,0.41357009283634494,2.6597667941992227
2.5,0.1045,12.258312499999999,0.41350191719075374,2.660205320142581
2.5,0.1046,12.258312499999999,0.41343194120476845,2.6606555768151976
2.5,0.1047,12.258312499999999,0.41336016503156725,2.6611175750715987
2.5,0.1048,12.258312499999999,0.4132865888073662,2.66159132618918
2.5,0.1049,12.258312499999999,0.41321121265135835,2.6620768418695135
2.5,0.105,12.258312499999999,0.4131340366656523,2.6625741342396965
2.5,0.1051,12.258312499999999,0.4130550609352083,2.6630832158537476
2.5,0.1052,12.258312499999999,0.41297428552777643,2.6636040996940347
2.5,0.1053,12.258312499999999,0.4128917104938315,2.664136799172755
2.5,0.1054,12.258312499999999,0.4128073358665076,2.6646813281334585
2.5,0.1055,12.258312499999999,0.4127211616615337,2.6652377008525994
2.5,0.1056,12.258312499999999,0.4126331878771654,2.665805932041155
2.5,0.10569999999999999,12.258312499999999,0.4125434144941184,2.6663860368462693
2.5,0.1058,12.258312499999999,0.41245184147550024,2.6669780308529436
2.5,0.1059,12.258312499999999,0.41235846876674015,2.6675819300857864
2.5,0.106,12.258312499999999,0.4122632962955202,2.6681977510107853
2.5,0.1061,12.258312499999999,0.41216632397170333,2.6688255105371463
2.5,0.10619999999999999,12.258312499999999,0.41206755168726256,2.6694652260191596
2.5,0.1063,12.258312499999999,0.4119669793162071,2.670116915258128
2.5,0.1064,12.258312499999999,0.41186460671450975,2.670780596504331
2.5,0.1065,12.258312499999999,0.41176043372003174,2.671456288459039
2.5,0.1066,12.258312499999999,0.41165446015244844,2.67214401027657
2.5,0.10669999999999999,12.258312499999999,0.4115466858131707,2.672843781566414
2.5,0.1068,12.258312499999999,0.4114371104852703,2.6735556223953716
2.5,0.1069,12.258312499999999,0.4113257339333996,2.6742795532897734
2.5,0.107,12.258312499999999,0.41121255590371325,2.675015595237731
2.5,0.1071,12.258312499999999,0.4110975761237882,2.675763769691437
2.5,0.10719999999999999,12.258312499999999,0.4109807943025417,2.6765240985695304
2.5,0.1073,12.258312499999999,0.4108622101301496,2.6772966042594937
2.5,0.1074,12.258312499999999,0.41074182327796355,2.6780813096201093
2.5,0.1075,12.258312499999999,0.41061963339842583,2.6788782379839735
2.5,0.1076,12.258312499999999,0.41049564012498513,2.6796874131600497
2.5,0.10769999999999999,12.258312499999999,0.4103698430720097,2.6805088594362854
2.5,0.1078,12.258312499999999,0.41024224183469993,2.681342601582277
2.5,0.1079,12.258312499999999,0.4101128359890004,2.68218866485199
2.5,0.108,12.258312499999999,0.40998162509151004,2.6830470749865296
2.5,0.1081,12.258312499999999,0.4098486086793913,2.6839178582169776
2.5,0.10819999999999999,12.258312499999999,0.4097137862702801,2.684801041267261
2.5,0.10830000000000001,12.258312499999999,0.4095771573621901,2.685696651357115
2.5,0.1084,12.258312499999999,0.4094387214334218,2.6866047162050584
2.5,0.1085,12.258312499999999,0.4092984779424651,2.6875252640314646
2.5,0.1086,12.258312499999999,0.4091564263279047,2.688458323561664
2.5,0.10869999999999999,12.258312499999999,0.409012566008322,2.689403924029119
2.5,0.10880000000000001,12.258312499999999,0.40886689638219664,2.6903620951786538
2.5,0.1089,12.258312499999999,0.408719416827806,2.691332867269752
2.5,0.109,12.258312499999999,0.40857012670312576,2.692316271079896
2.5,0.1091,12.258312499999999,0.4084190253457265,2.693312337907987
2.5,0.10919999999999999,12.258312499999999,0.40826611207266955,2.6943210995778286
2.5,0.10930000000000001,12.258312499999999,0.4081113861804046,2.695342588441646
2.5,0.1094,12.258312499999999,0.4079548469446613,2.696376837383707
2.5,0.1095,12.258312499999999,0.40779649362034287,2.6974238798239796
2.5,0.1096,12.258312499999999,0.40763632544141815,2.698483749721864
2.5,0.10969999999999999,12.258312499999999,0.4074743416208101,2.6995564815799975
2.5,0.1098,12.258312499999999,0.4073105413502864,2.7006421104481113
2.5,0.1099,12.258312499999999,0.4071449238003449,2.701740671926973
2.5,0.11,12.258312499999999,0.4069774881201012,2.7028522021723824
2.5,0.1101,12.258312499999999,0.4068082334371721,2.7039767378992474
2.5,0.11019999999999999,12.258312499999999,0.40663715885755986,2.7051143163857216
2.5,0.1103,12.258312499999999,0.40646426346553266,2.706264975477427
2.5,0.1104,12.258312499999999,0.40628954632350595,2.7074287535917323
2.5,0.1105,12.258312499999999,0.4061130064719213,2.708605689722115
2.5,0.1106,12.258312499999999,0.4059346429291231,2.709795823442598
2.5,0.11069999999999999,12.258312499999999,0.40575445469123483,2.7109991949122585
2.5,0.1108,12.258312499999999,0.4055724407320334,2.7122158448798137
2.5,0.1109,12.258312499999999,0.40538860000282184,2.7134458146882845
2.5,0.11099999999999999,12.258312499999999,0.40520293143230124,2.714689146279736
2.5,0.1111,12.258312499999999,0.40501543392643935,2.715945882200101
2.5,0.1112,12.258312499999999,0.40482610636833893,2.7172160656040885
2.5,0.1113,12.258312499999999,0.40463494761810503,2.7184997402601554
2.5,0.1114,12.258312499999999,0.4044419565127095,2.719796950555581
2.5,0.11149999999999999,12.258312499999999,0.40424713186585326,2.7211077415016214
2.5,0.1116,12.258312499999999,0.40405047246782844,2.7224321587387452
2.5,0.1117,12.258312499999999,0.403851977085379,2.7237702485419484
2.5,0.1118,12.258312499999999,0.40365164446155694,2.725122057826181
2.5,0.1119,12.258312499999999,0.4034494733155801,2.7264876341518356
2.5,0.11199999999999999,12.258312499999999,0.4032454623426863,2.7278670257303412
2.5,0.1121,12.258312499999999,0.4030396102139856,2.729260281429852
2.5,0.1122,12.258312499999999,0.40283191557631226,2.730667450781011
2.5,0.1123,12.258312499999999,0.40262237705207193,2.7320885839828395
2.5,0.1124,12.258312499999999,0.40241099323909113,2.733523731908683
2.5,0.11249999999999999,12.258312499999999,0.40219776271046104,2.7349729461122867
2.5,0.1126,12.258312499999999,0.4019826840143811,2.736436278833959
2.5,0.1127,12.258312499999999,0.401765755674001,2.7379137830068254
2.5,0.1128,12.258312499999999,0.4015469761872596,2.739405512263203
2.5,0.1129,12.258312499999999,0.4013263440267227,2.7409115209410615
2.5,0.11299999999999999,12.258312499999999,0.4011038576394178,2.742431864090602
2.5,0.1131,12.258312499999999,0.40087951544666833,2.743966597480934
2.5,0.1132,12.258312499999999,0.4006533158439251,2.7455157776068577
2.5,0.1133,12.258312499999999,0.40042525720059446,2.747079461695772
2.5,0.1134,12.258312499999999,0.4001953378598657,2.7486577077146794
2.5,0.11349999999999999,12.258312499999999,0.3999635561385366,2.7502505743773056
2.5,0.1136,12.258312499999999,0.3997299103268355,2.751858121151342
2.5,0.1137,12.258312499999999,0.39949439868824177,2.7534804082657995
2.5,0.1138,12.258312499999999,0.3992570194593038,2.755117496718484
2.5,0.1139,12.258312499999999,0.39901777084945594,2.756769448283584
2.5,0.11399999999999999,12.258312499999999,0.3987766510408302,2.758436325519401
2.5,0.11410000000000001,12.258312499999999,0.39853365818806935,2.7601181917761797
2.5,0.1142,12.258312499999999,0.3982887904181351,2.7618151112040796
2.5,0.1143,12.258312499999999,0.3980420458301134,2.7635271487612805
2.5,0.1144,12.258312499999999,0.3977934224950197,2.7652543702222023
2.5,0.11449999999999999,12.258312499999999,0.39754291845560014,2.7669968421858693
2.5,0.1146,12.258312499999999,0.3972905317261304,2.7687546320844056
2.5,0.1147,12.258312499999999,0.3970362602922111,2.7705278081916775
2.5,0.1148,12.258312499999999,0.3967801021105634,2.7723164396320543
2.5,0.1149,12.258312499999999,0.3965220551088178,2.7741205963893396
2.5,0.11499999999999999,12.258312499999999,0.3962621171853047,2.7759403493158175
2.5,0.1151,12.258312499999999,0.39600028620883865,2.777775770141472
2.5,0.1152,12.258312499999999,0.395736560018502,2.779626931483337
2.5,0.1153,12.258312499999999,0.39547093642342485,2.781493906855007
2.5,0.1154,12.258312499999999,0.3952034132025619,2.7833767706763046
2.5,0.11549999999999999,12.258312499999999,0.39493398810446795,2.7852755982830937
2.5,0.1156,12.258312499999999,0.39466265884706775,2.7871904659372686
2.5,0.1157,12.258312499999999,0.3943894231174267,2.789121450836887
2.5,0.11579999999999999,12.258312499999999,0.3941142785715139,2.7910686311264916
2.5,0.1159,12.258312499999999,0.39383722283396644,2.793032085907576
2.5,0.11599999999999999,12.258312499999999,0.3935582534978484,2.795011895249235
2.5,0.1161,12.258312499999999,0.3932773681244064,2.7970081401989915
2.5,0.1162,12.258312499999999,0.3929945642428234,2.799020902793791
2.5,0.11629999999999999,12.258312499999999,0.3927098393499679,2.8010502660711856
2.5,0.1164,12.258312499999999,0.39242319091014044,2.803096314080696
2.5,0.11649999999999999,12.258312499999999,0.3921346163548177,2.805159131895359
2.5,0.1166,12.258312499999999,0.3918441130823906,2.807238805623475
2.5,0.1167,12.258312499999999,0.39155167845790234,2.8093354224205336
2.5,0.11679999999999999,12.258312499999999,0.3912573098127798,2.811449070501354
2.5,0.1169,12.258312499999999,0.39096100444456333,2.8135798391524123
2.5,0.11699999999999999,12.258312499999999,0.3906627596166338,2.815727818744369
2.5,0.1171,12.258312499999999,0.3903625725579317,2.817893100744833
2.5,0.1172,12.258312499999999,0.3900604404626779,2.820075777731301
2.5,0.11729999999999999,12.258312499999999,0.389756360490087,2.8222759434043345
2.5,0.1174,12.258312499999999,0.3894503297640784,2.8244936926009516
2.5,0.1175,12.258312499999999,0.3891423453729835,2.826729121308237
2.5,0.1176,12.258312499999999,0.38883240436924693,2.828982326677195
2.5,0.1177,12.258312499999999,0.38852050376912817,2.8312534070368054
2.5,0.11779999999999999,12.258312499999999,0.3882066405523933,2.8335424619083542
2.5,0.1179,12.258312499999999,0.3878908116620074,2.8358495920199736
2.5,0.118,12.258312499999999,0.38757301400382094,2.8381748993214364
2.5,0.1181,12.258312499999999,0.38725324444625114,2.840518486999209
2.5,0.1182,12.258312499999999,0.3869314998199602,2.8428804594917487
2.5,0.11829999999999999,12.258312499999999,0.3866077769175288,2.8452609225050645
2.5,0.1184,12.258312499999999,0.3862820724931247,2.8476599830285383
2.5,0.1185,12.258312499999999,0.3859543832621671,2.850077749351025
2.5,0.1186,12.258312499999999,0.3856247059009871,2.8525143310772103
2.5,0.1187,12.258312499999999,0.38529303704648116,2.8549698391442715
2.5,0.11879999999999999,12.258312499999999,0.3849593732957633,2.8574443858387957
2.5,0.1189,12.258312499999999,0.3846237112058087,2.8599380848140172
2.5,0.119,12.258312499999999,0.38428604729309546,2.8624510511073247
2.5,0.1191,12.258312499999999,0.3839463780332393,2.8649834011580912
2.5,0.1192,12.258312499999999,0.383604699860624,2.8675352528258014
2.5,0.11929999999999999,12.258312499999999,0.38326100916802736,2.8701067254084895
2.5,0.11939999999999999,12.258312499999999,0.3829153023062393,2.8726979396615158
2.5,0.1195,12.258312499999999,0.38256757558367793,2.875309017816645
2.5,0.1196,12.258312499999999,0.3822178252659992,2.877940083601466
2.5,0.1197,12.258312499999999,0.3818660475756981,2.880591262259169
2.5,0.11979999999999999,12.258312499999999,0.3815122386917083,2.883262680568646
2.5,0.11989999999999999,12.258312499999999,0.3811563947489944,2.885954466864949
2.5,0.12,12.258312499999999,0.3807985118381377,2.8886667510601156
