l0_mm,group_a,entity_a,group_b,entity_b,adjacent,bbox_lower_bound_mm,distance_mm,common_volume_mm3,reference_common_volume_mm3,excess_common_volume_mm3
70.0,edulite_left_negative,00_1-1305_1_1,left_proximal_negative,大腿,True,0.0,5.684341886080802e-14,0.0,0.0,0.0
70.0,edulite_left_negative,100_1_1_1,left_proximal_negative,大腿,True,1.499999999999858,1.499999999999858,0.0,0.0,0.0
70.0,edulite_left_negative,000_1-4238_1_1,left_proximal_negative,大腿,True,0.0,0.0,0.0,0.0,0.0
70.0,edulite_left_negative,00_1-4459_1_1,left_proximal_negative,大腿,True,0.0,0.0,0.0,0.0,0.0
70.0,edulite_left_negative,00_1-4459_1_001,left_proximal_negative,大腿,True,0.0,0.0,0.0,0.0,0.0
70.0,edulite_left_negative,00_1-4459_1_002,left_proximal_negative,大腿,True,0.0,0.0,0.0,0.0,0.0
70.0,edulite_left_negative,200_1_1_1,left_proximal_negative,大腿,True,0.9999999999998579,3.1622776560914416,0.0,0.0,0.0
70.0,edulite_left_negative,00_1-8689_1_1,left_proximal_negative,大腿,True,0.9999999999998579,0.9999999999998579,0.0,0.0,0.0
70.0,edulite_left_negative,00_1-1305_1_1,left_distal_positive,小腿004,False,0.0,38.15891035007346,0.0,0.0,0.0
70.0,edulite_left_negative,100_1_1_1,left_distal_positive,小腿004,False,1.5,42.684095616294655,0.0,0.0,0.0
70.0,edulite_left_negative,000_1-4238_1_1,left_distal_positive,小腿004,False,0.0,45.16049904336147,0.0,0.0,0.0
70.0,edulite_left_negative,00_1-8689_1_1,left_distal_positive,小腿004,False,1.0,42.26956155129445,0.0,0.0,0.0
70.0,edulite_left_positive,00_1-1305_1_1,left_proximal_positive,大腿垫高,True,1.4210854715202004e-14,2.549509752159824,0.0,0.0,0.0
70.0,edulite_left_positive,100_1_1_1,left_proximal_positive,大腿垫高,True,1.5000000000000142,1.5000000000000142,0.0,0.0,0.0
70.0,edulite_left_positive,000_1-4238_1_1,left_proximal_positive,大腿垫高,True,1.4210854715202004e-14,0.0,0.0,0.0,0.0
70.0,edulite_left_positive,00_1-4459_1_1,left_proximal_positive,大腿垫高,True,0.0,0.0,0.0,0.0,0.0
70.0,edulite_left_positive,00_1-4459_1_001,left_proximal_positive,大腿垫高,True,0.0,0.0,0.0,0.0,0.0
70.0,edulite_left_positive,00_1-4459_1_002,left_proximal_positive,大腿垫高,True,0.0,0.0,0.0,0.0,0.0
70.0,edulite_left_positive,200_1_1_1,left_proximal_positive,大腿垫高,True,1.0000000000000142,3.1622776556826375,0.0,0.0,0.0
70.0,edulite_left_positive,00_1-8689_1_1,left_proximal_positive,大腿垫高,True,1.0000000000000142,2.147091051174159,0.0,0.0,0.0
70.0,edulite_left_positive,00_1-1305_1_1,left_distal_positive,小腿004,False,0.0,0.9151696463916381,0.0,0.0,0.0
70.0,edulite_left_positive,100_1_1_1,left_distal_positive,小腿004,False,1.5,5.570363324356984,0.0,0.0,0.0
70.0,edulite_left_positive,000_1-4238_1_1,left_distal_positive,小腿004,False,0.0,7.88047931781363,0.0,0.0,0.0
70.0,edulite_left_positive,00_1-4459_1_1,left_distal_positive,小腿004,False,0.0,20.33424868221644,0.0,0.0,0.0
70.0,edulite_left_positive,00_1-4459_1_001,left_distal_positive,小腿004,False,0.0,30.178644511550687,0.0,0.0,0.0
70.0,edulite_left_positive,00_1-4459_1_002,left_distal_positive,小腿004,False,0.0,15.080910833761854,0.0,0.0,0.0
70.0,edulite_left_positive,200_1_1_1,left_distal_positive,小腿004,False,1.0,18.891087417518754,0.0,0.0,0.0
70.0,edulite_left_positive,00_1-8689_1_1,left_distal_positive,小腿004,False,1.0,5.064313032508736,0.0,0.0,0.0
70.0,edulite_right_negative,00_1-1305_1_1,right_proximal_negative,大腿垫高001,True,2.842170943040401e-14,2.5495097528857595,0.0,0.0,0.0
70.0,edulite_right_negative,100_1_1_1,right_proximal_negative,大腿垫高001,True,1.5000000000000284,1.5000000000000284,0.0,0.0,0.0
70.0,edulite_right_negative,000_1-4238_1_1,right_proximal_negative,大腿垫高001,True,2.842170943040401e-14,0.0,0.0,0.0,0.0
70.0,edulite_right_negative,00_1-4459_1_1,right_proximal_negative,大腿垫高001,True,0.0,0.0,0.0,0.0,0.0
70.0,edulite_right_negative,00_1-4459_1_001,right_proximal_negative,大腿垫高001,True,0.0,0.0,0.0,0.0,0.0
70.0,edulite_right_negative,00_1-4459_1_002,right_proximal_negative,大腿垫高001,True,0.0,0.0,0.0,0.0,0.0
70.0,edulite_right_negative,200_1_1_1,right_proximal_negative,大腿垫高001,True,1.0000000000000284,3.162277656235246,0.0,0.0,0.0
70.0,edulite_right_negative,00_1-8689_1_1,right_proximal_negative,大腿垫高001,True,1.0000000000000284,2.1470910512892285,0.0,0.0,0.0
70.0,edulite_right_negative,00_1-1305_1_1,right_distal_negative,小腿010,False,0.0,0.9151696465516213,0.0,0.0,0.0
70.0,edulite_right_negative,100_1_1_1,right_distal_negative,小腿010,False,1.5,5.570363324520072,0.0,0.0,0.0
70.0,edulite_right_negative,000_1-4238_1_1,right_distal_negative,小腿010,False,0.0,7.880479317982636,0.0,0.0,0.0
70.0,edulite_right_negative,00_1-4459_1_1,right_distal_negative,小腿010,False,0.0,20.334248682367832,0.0,0.0,0.0
70.0,edulite_right_negative,00_1-4459_1_001,right_distal_negative,小腿010,False,0.0,30.178644511726286,0.0,0.0,0.0
70.0,edulite_right_negative,00_1-4459_1_002,right_distal_negative,小腿010,False,0.0,15.080910833942914,0.0,0.0,0.0
70.0,edulite_right_negative,200_1_1_1,right_distal_negative,小腿010,False,1.0,18.891087417687874,0.0,0.0,0.0
70.0,edulite_right_negative,00_1-8689_1_1,right_distal_negative,小腿010,False,1.0,5.064313032674749,0.0,0.0,0.0
70.0,edulite_right_positive,00_1-1305_1_1,right_proximal_positive,大腿002,True,1.4210854715202004e-14,1.4210854715202004e-14,0.0,0.0,0.0
70.0,edulite_right_positive,100_1_1_1,right_proximal_positive,大腿002,True,1.5000000000000142,1.5000000000000142,0.0,0.0,0.0
70.0,edulite_right_positive,000_1-4238_1_1,right_proximal_positive,大腿002,True,1.4210854715202004e-14,0.0,0.0,0.0,0.0
70.0,edulite_right_positive,00_1-4459_1_1,right_proximal_positive,大腿002,True,0.0,0.0,0.0,0.0,0.0
70.0,edulite_right_positive,00_1-4459_1_001,right_proximal_positive,大腿002,True,0.0,0.0,0.0,0.0,0.0
70.0,edulite_right_positive,00_1-4459_1_002,right_proximal_positive,大腿002,True,0.0,0.0,0.0,0.0,0.0
70.0,edulite_right_positive,200_1_1_1,right_proximal_positive,大腿002,True,1.0000000000000142,3.1622776560913275,0.0,0.0,0.0
70.0,edulite_right_positive,00_1-8689_1_1,right_proximal_positive,大腿002,True,1.0000000000000142,1.0000000000000142,0.0,0.0,0.0
70.0,edulite_right_positive,00_1-1305_1_1,right_distal_negative,小腿010,False,0.0,38.158910350432166,0.0,0.0,0.0
70.0,edulite_right_positive,100_1_1_1,right_distal_negative,小腿010,False,1.5,42.684095616653146,0.0,0.0,0.0
70.0,edulite_right_positive,000_1-4238_1_1,right_distal_negative,小腿010,False,0.0,45.16049904372015,0.0,0.0,0.0
70.0,edulite_right_positive,00_1-8689_1_1,right_distal_negative,小腿010,False,1.0,42.26956155165306,0.0,0.0,0.0
70.0,left_proximal_negative,大腿,left_distal_negative,推力轴承,True,0.0,1.2789769243681803e-13,0.0,0.0,0.0
70.0,left_proximal_negative,大腿,left_distal_negative,小腿001,True,1.0000000000001137,1.000000000000142,0.0,0.0,0.0
70.0,left_proximal_negative,大腿,left_distal_negative,cross recessed pan head screws gb_GB_CROSS_SCREWS_TYPE1 M4X16-16  H type-C,True,0.0,0.09999999965204757,0.0,0.0,0.0
70.0,left_proximal_negative,大腿,left_distal_negative,"hex nuts, style 1-grades ab gb_GB_FASTENER_NUT_SNAB1 M4-C",True,0.0,1.1368683772161603e-13,0.0,0.0,0.0
70.0,left_proximal_negative,大腿,left_distal_positive,小腿004,False,0.0,45.15773105826796,0.0,0.0,0.0
70.0,left_proximal_positive,大腿垫高,left_distal_negative,小腿001,False,0.0,45.15773105862572,0.0,0.0,0.0
70.0,left_proximal_positive,大腿001,left_distal_negative,小腿001,False,0.0,45.15773105862571,0.0,0.0,0.0
70.0,left_proximal_positive,大腿垫高,left_distal_positive,小腿004,True,0.0,7.864601348359739,0.0,0.0,0.0
70.0,left_proximal_positive,大腿001,left_distal_positive,小腿004,True,1.0000000000000995,1.000000000000142,0.0,0.0,0.0
70.0,left_proximal_positive,大腿001,left_distal_positive,推力轴承001,True,0.0,1.4210854715202004e-13,0.0,0.0,0.0
70.0,left_proximal_positive,大腿001,left_distal_positive,cross recessed pan head screws gb_GB_CROSS_SCREWS_TYPE1 M4X16-16  H type-C001,True,0.0,0.0999999995582872,0.0,0.0,0.0
70.0,left_proximal_positive,大腿001,left_distal_positive,"hex nuts, style 1-grades ab gb_GB_FASTENER_NUT_SNAB1 M4-C001",True,0.0,5.684341886080802e-14,0.0,0.0,0.0
70.0,left_distal_negative,小腿001,left_distal_positive,小腿004,True,0.9999999999999858,0.9999999999999858,0.0,0.0,0.0
70.0,left_distal_negative,小腿001,left_wheel,推力轴承002,True,0.0,1.4210854715202004e-14,0.0,0.0,0.0
70.0,left_distal_negative,小腿001,left_wheel,驱动板004,True,0.4999999999998721,0.4999999999998863,0.0,0.0,0.0
70.0,left_distal_negative,小腿001,left_wheel,MISUMI_CBSTSR4-16_内六角螺栓（盖螺栓）,True,0.0,0.0,0.0,0.0,0.0
70.0,left_distal_positive,小腿004,left_wheel,推力轴承002,True,0.0,0.0,0.0,0.0,0.0
70.0,left_distal_positive,小腿004,left_wheel,MISUMI_C-SE604ZZ_不锈钢小径滚珠轴承,True,0.0,1.4210854715202004e-14,0.0,0.0,0.0
70.0,left_distal_positive,小腿004,left_wheel,MISUMI_CBSTSR4-16_内六角螺栓（盖螺栓）,True,0.0,0.09999999939378884,0.0,0.0,0.0
70.0,right_proximal_negative,大腿垫高001,right_distal_negative,小腿010,True,0.0,7.864601348528958,0.0,0.0,0.0
70.0,right_proximal_negative,大腿003,right_distal_negative,推力轴承004,True,0.0,1.4210854715202004e-13,0.0,0.0,0.0
70.0,right_proximal_negative,大腿003,right_distal_negative,小腿009,True,2.0,2.0,0.0,0.0,0.0
70.0,right_proximal_negative,大腿003,right_distal_negative,小腿010,True,1.0,1.0,0.0,0.0,0.0
70.0,right_proximal_negative,大腿003,right_distal_negative,"hex nuts, style 1-grades ab gb_GB_FASTENER_NUT_SNAB1 M4-C005",True,1.1368683772161603e-13,1.4210854715202004e-13,0.0,0.0,0.0
70.0,right_proximal_negative,大腿003,right_distal_negative,cross recessed pan head screws gb_GB_CROSS_SCREWS_TYPE1 M4X16-16  H type-C003,True,0.0,0.09999999975589108,0.0,0.0,0.0
70.0,right_proximal_negative,大腿垫高001,right_distal_positive,小腿007,False,0.0,45.15773105826799,0.0,0.0,0.0
70.0,right_proximal_negative,大腿003,right_distal_positive,小腿007,False,0.0,45.15773105826794,0.0,0.0,0.0
70.0,right_proximal_positive,大腿002,right_distal_negative,小腿010,False,0.0,45.157731058626716,0.0,0.0,0.0
70.0,right_proximal_positive,大腿002,right_distal_positive,推力轴承003,True,0.0,0.0,0.0,0.0,0.0
70.0,right_proximal_positive,大腿002,right_distal_positive,小腿007,True,1.0,1.0000000000000142,0.0,0.0,0.0
70.0,right_proximal_positive,大腿002,right_distal_positive,cross recessed pan head screws gb_GB_CROSS_SCREWS_TYPE1 M4X16-16  H type-C002,True,0.0,0.09999999967403003,0.0,0.0,0.0
70.0,right_proximal_positive,大腿002,right_distal_positive,"hex nuts, style 1-grades ab gb_GB_FASTENER_NUT_SNAB1 M4-C003",True,0.0,1.4210854715202004e-14,0.0,0.0,0.0
70.0,right_distal_negative,小腿010,right_distal_positive,小腿007,True,1.0000000000000142,1.0000000000000142,0.0,0.0,0.0
70.0,right_distal_negative,小腿010,right_wheel,推力轴承005,True,0.0,1.4210854715202004e-14,0.0,0.0,0.0
70.0,right_distal_negative,小腿010,right_wheel,MISUMI_C-SE604ZZ_不锈钢小径滚珠轴承004,True,0.0,1.4210854715202004e-14,0.0,0.0,0.0
70.0,right_distal_negative,小腿010,right_wheel,MISUMI_CBSTSR4-16_内六角螺栓（盖螺栓）001,True,0.0,0.09999999973849585,0.0,0.0,0.0
70.0,right_distal_positive,小腿007,right_wheel,推力轴承005,True,0.0,0.0,0.0,0.0,0.0
70.0,right_distal_positive,小腿007,right_wheel,驱动板005,True,0.4999999999998863,0.49999999999991473,0.0,0.0,0.0
70.0,right_distal_positive,小腿007,right_wheel,MISUMI_CBSTSR4-16_内六角螺栓（盖螺栓）001,True,0.0,0.0,0.0,0.0,0.0
71.0,edulite_left_negative,00_1-1305_1_1,left_proximal_negative,大腿,True,0.0,5.772476473450155e-14,0.0,0.0,0.0
71.0,edulite_left_negative,100_1_1_1,left_proximal_negative,大腿,True,1.499999999999858,1.499999999999858,0.0,0.0,0.0
71.0,edulite_left_negative,000_1-4238_1_1,left_proximal_negative,大腿,True,0.0,0.0,0.0,0.0,0.0
71.0,edulite_left_negative,00_1-4459_1_1,left_proximal_negative,大腿,True,0.0,0.0,0.0,0.0,0.0
71.0,edulite_left_negative,00_1-4459_1_001,left_proximal_negative,大腿,True,0.0,0.0,0.0,0.0,0.0
71.0,edulite_left_negative,00_1-4459_1_002,left_proximal_negative,大腿,True,0.0,0.0,0.0,0.0,0.0
71.0,edulite_left_negative,200_1_1_1,left_proximal_negative,大腿,True,0.9999999999998579,3.162277656023774,0.0,0.0,0.0
71.0,edulite_left_negative,00_1-8689_1_1,left_proximal_negative,大腿,True,0.9999999999998579,0.9999999999998579,0.0,0.0,0.0
71.0,edulite_left_negative,00_1-1305_1_1,left_distal_positive,小腿004,False,0.0,39.07903421399206,0.0,0.0,0.0
71.0,edulite_left_negative,100_1_1_1,left_distal_positive,小腿004,False,1.5,43.60369089031645,0.0,0.0,0.0
71.0,edulite_left_negative,000_1-4238_1_1,left_distal_positive,小腿004,False,0.0,46.080595402842114,0.0,0.0,0.0
71.0,edulite_left_negative,00_1-8689_1_1,left_distal_positive,小腿004,False,1.0,43.18946113475739,0.0,0.0,0.0
71.0,edulite_left_positive,00_1-1305_1_1,left_proximal_positive,大腿垫高,True,1.4210854715202004e-14,2.54950975222112,0.0,0.0,0.0
71.0,edulite_left_positive,100_1_1_1,left_proximal_positive,大腿垫高,True,1.5000000000000142,1.5000000000000142,0.0,0.0,0.0
71.0,edulite_left_positive,000_1-4238_1_1,left_proximal_positive,大腿垫高,True,1.4210854715202004e-14,0.0,0.0,0.0,0.0
71.0,edulite_left_positive,00_1-4459_1_1,left_proximal_positive,大腿垫高,True,0.0,0.0,0.0,0.0,0.0
71.0,edulite_left_positive,00_1-4459_1_001,left_proximal_positive,大腿垫高,True,0.0,0.0,0.0,0.0,0.0
71.0,edulite_left_positive,00_1-4459_1_002,left_proximal_positive,大腿垫高,True,0.0,0.0,0.0,0.0,0.0
71.0,edulite_left_positive,200_1_1_1,left_proximal_positive,大腿垫高,True,1.0000000000000142,3.1622776557419403,0.0,0.0,0.0
71.0,edulite_left_positive,00_1-8689_1_1,left_proximal_positive,大腿垫高,True,1.0000000000000142,2.147091051229473,0.0,0.0,0.0
71.0,edulite_left_positive,00_1-1305_1_1,left_distal_positive,小腿004,False,0.0,1.6079726719694858,0.0,0.0,0.0
71.0,edulite_left_positive,100_1_1_1,left_distal_positive,小腿004,False,1.5,6.262046742786016,0.0,0.0,0.0
71.0,edulite_left_positive,000_1-4238_1_1,left_distal_positive,小腿004,False,0.0,8.594296113345003,0.0,0.0,0.0
71.0,edulite_left_positive,00_1-4459_1_1,left_distal_positive,小腿004,False,0.0,21.043513900626166,0.0,0.0,0.0
71.0,edulite_left_positive,00_1-4459_1_001,left_distal_positive,小腿004,False,0.0,30.89582409317731,0.0,0.0,0.0
71.0,edulite_left_positive,00_1-4459_1_002,left_distal_positive,小腿004,False,0.0,15.799879770848738,0.0,0.0,0.0
71.0,edulite_left_positive,200_1_1_1,left_distal_positive,小腿004,False,1.0,19.605259225369746,0.0,0.0,0.0
71.0,edulite_left_positive,00_1-8689_1_1,left_distal_positive,小腿004,False,1.0,5.767099618077855,0.0,0.0,0.0
71.0,edulite_right_negative,00_1-1305_1_1,right_proximal_negative,大腿垫高001,True,2.842170943040401e-14,2.549509752903645,0.0,0.0,0.0
71.0,edulite_right_negative,100_1_1_1,right_proximal_negative,大腿垫高001,True,1.5000000000000284,1.5000000000000284,0.0,0.0,0.0
71.0,edulite_right_negative,000_1-4238_1_1,right_proximal_negative,大腿垫高001,True,2.842170943040401e-14,0.0,0.0,0.0,0.0
71.0,edulite_right_negative,00_1-4459_1_1,right_proximal_negative,大腿垫高001,True,0.0,0.0,0.0,0.0,0.0
71.0,edulite_right_negative,00_1-4459_1_001,right_proximal_negative,大腿垫高001,True,0.0,0.0,0.0,0.0,0.0
71.0,edulite_right_negative,00_1-4459_1_002,right_proximal_negative,大腿垫高001,True,0.0,0.0,0.0,0.0,0.0
71.0,edulite_right_negative,200_1_1_1,right_proximal_negative,大腿垫高001,True,1.0000000000000284,3.162277656235246,0.0,0.0,0.0
71.0,edulite_right_negative,00_1-8689_1_1,right_proximal_negative,大腿垫高001,True,1.0000000000000284,2.147091051289229,0.0,0.0,0.0
71.0,edulite_right_negative,00_1-1305_1_1,right_distal_negative,小腿010,False,0.0,1.607972672134513,0.0,0.0,0.0
71.0,edulite_right_negative,100_1_1_1,right_distal_negative,小腿010,False,1.5,6.262046742949105,0.0,0.0,0.0
71.0,edulite_right_negative,000_1-4238_1_1,right_distal_negative,小腿010,False,0.0,8.594296113512696,0.0,0.0,0.0
71.0,edulite_right_negative,00_1-4459_1_1,right_distal_negative,小腿010,False,0.0,21.043513900776183,0.0,0.0,0.0
71.0,edulite_right_negative,00_1-4459_1_001,right_distal_negative,小腿010,False,0.0,30.895824093351532,0.0,0.0,0.0
71.0,edulite_right_negative,00_1-4459_1_002,right_distal_negative,小腿010,False,0.0,15.799879771028445,0.0,0.0,0.0
71.0,edulite_right_negative,200_1_1_1,right_distal_negative,小腿010,False,1.0,19.605259225537505,0.0,0.0,0.0
71.0,edulite_right_negative,00_1-8689_1_1,right_distal_negative,小腿010,False,1.0,5.7670996182432885,0.0,0.0,0.0
71.0,edulite_right_positive,00_1-1305_1_1,right_proximal_positive,大腿002,True,1.4210854715202004e-14,1.4210854715202004e-14,0.0,0.0,0.0
71.0,edulite_right_positive,100_1_1_1,right_proximal_positive,大腿002,True,1.5000000000000142,1.5000000000000142,0.0,0.0,0.0
71.0,edulite_right_positive,000_1-4238_1_1,right_proximal_positive,大腿002,True,1.4210854715202004e-14,0.0,0.0,0.0,0.0
71.0,edulite_right_positive,00_1-4459_1_1,right_proximal_positive,大腿002,True,0.0,0.0,0.0,0.0,0.0
71.0,edulite_right_positive,00_1-4459_1_001,right_proximal_positive,大腿002,True,0.0,0.0,0.0,0.0,0.0
71.0,edulite_right_positive,00_1-4459_1_002,right_proximal_positive,大腿002,True,0.0,0.0,0.0,0.0,0.0
71.0,edulite_right_positive,200_1_1_1,right_proximal_positive,大腿002,True,1.0000000000000142,3.16227765602367,0.0,0.0,0.0
71.0,edulite_right_positive,00_1-8689_1_1,right_proximal_positive,大腿002,True,1.0000000000000142,1.0000000000000142,0.0,0.0,0.0
71.0,edulite_right_positive,00_1-1305_1_1,right_distal_negative,小腿010,False,0.0,39.079034214351445,0.0,0.0,0.0
71.0,edulite_right_positive,100_1_1_1,right_distal_negative,小腿010,False,1.5,43.60369089067564,0.0,0.0,0.0
71.0,edulite_right_positive,000_1-4238_1_1,right_distal_negative,小腿010,False,0.0,46.080595403201485,0.0,0.0,0.0
71.0,edulite_right_positive,00_1-8689_1_1,right_distal_negative,小腿010,False,1.0,43.18946113511668,0.0,0.0,0.0
71.0,left_proximal_negative,大腿,left_distal_negative,推力轴承,True,0.0,1.2789769243681803e-13,0.0,0.0,0.0
71.0,left_proximal_negative,大腿,left_distal_negative,小腿001,True,1.0000000000001137,1.000000000000142,0.0,0.0,0.0
71.0,left_proximal_negative,大腿,left_distal_negative,cross recessed pan head screws gb_GB_CROSS_SCREWS_TYPE1 M4X16-16  H type-C,True,0.0,0.09999999965781607,0.0,0.0,0.0
71.0,left_proximal_negative,大腿,left_distal_negative,"hex nuts, style 1-grades ab gb_GB_FASTENER_NUT_SNAB1 M4-C",True,0.0,1.1368683772161603e-13,0.0,0.0,0.0
71.0,left_proximal_negative,大腿,left_distal_positive,小腿004,False,0.0,46.077882689797896,0.0,0.0,0.0
71.0,left_proximal_positive,大腿垫高,left_distal_negative,小腿001,False,0.0,46.07788269015633,0.0,0.0,0.0
71.0,left_proximal_positive,大腿001,left_distal_negative,小腿001,False,0.0,46.077882690156336,0.0,0.0,0.0
71.0,left_proximal_positive,大腿垫高,left_distal_positive,小腿004,True,0.0,8.579739260734566,0.0,0.0,0.0
71.0,left_proximal_positive,大腿001,left_distal_positive,小腿004,True,1.0000000000000995,1.000000000000142,0.0,0.0,0.0
71.0,left_proximal_positive,大腿001,left_distal_positive,推力轴承001,True,0.0,1.4210854715202004e-13,0.0,0.0,0.0
71.0,left_proximal_positive,大腿001,left_distal_positive,cross recessed pan head screws gb_GB_CROSS_SCREWS_TYPE1 M4X16-16  H type-C001,True,0.0,0.09999999956176224,0.0,0.0,0.0
71.0,left_proximal_positive,大腿001,left_distal_positive,"hex nuts, style 1-grades ab gb_GB_FASTENER_NUT_SNAB1 M4-C001",True,0.0,5.684341886080802e-14,0.0,0.0,0.0
71.0,left_distal_negative,小腿001,left_distal_positive,小腿004,True,0.9999999999999858,0.9999999999999858,0.0,0.0,0.0
71.0,left_distal_negative,小腿001,left_wheel,推力轴承002,True,0.0,1.4210854715202004e-14,0.0,0.0,0.0
71.0,left_distal_negative,小腿001,left_wheel,驱动板004,True,0.4999999999998721,0.4999999999998863,0.0,0.0,0.0
71.0,left_distal_negative,小腿001,left_wheel,MISUMI_CBSTSR4-16_内六角螺栓（盖螺栓）,True,0.0,0.0,0.0,0.0,0.0
71.0,left_distal_positive,小腿004,left_wheel,推力轴承002,True,0.0,0.0,0.0,0.0,0.0
71.0,left_distal_positive,小腿004,left_wheel,MISUMI_C-SE604ZZ_不锈钢小径滚珠轴承,True,0.0,1.4210854715202004e-14,0.0,0.0,0.0
71.0,left_distal_positive,小腿004,left_wheel,MISUMI_CBSTSR4-16_内六角螺栓（盖螺栓）,True,0.0,0.0999999993940204,0.0,0.0,0.0
71.0,right_proximal_negative,大腿垫高001,right_distal_negative,小腿010,True,0.0,8.579739260902418,0.0,0.0,0.0
71.0,right_proximal_negative,大腿003,right_distal_negative,推力轴承004,True,0.0,1.4210854715202004e-13,0.0,0.0,0.0
71.0,right_proximal_negative,大腿003,right_distal_negative,小腿009,True,2.0,2.0,0.0,0.0,0.0
71.0,right_proximal_negative,大腿003,right_distal_negative,小腿010,True,1.0,1.0,0.0,0.0,0.0
71.0,right_proximal_negative,大腿003,right_distal_negative,"hex nuts, style 1-grades ab gb_GB_FASTENER_NUT_SNAB1 M4-C005",True,1.1368683772161603e-13,1.4210854715202004e-13,0.0,0.0,0.0
71.0,right_proximal_negative,大腿003,right_distal_negative,cross recessed pan head screws gb_GB_CROSS_SCREWS_TYPE1 M4X16-16  H type-C003,True,0.0,0.09999999974810449,0.0,0.0,0.0
71.0,right_proximal_negative,大腿垫高001,right_distal_positive,小腿007,False,0.0,46.0778826897979,0.0,0.0,0.0
71.0,right_proximal_negative,大腿003,right_distal_positive,小腿007,False,0.0,46.077882689797875,0.0,0.0,0.0
71.0,right_proximal_positive,大腿002,right_distal_negative,小腿010,False,0.0,46.07788269015733,0.0,0.0,0.0
71.0,right_proximal_positive,大腿002,right_distal_positive,推力轴承003,True,0.0,0.0,0.0,0.0,0.0
71.0,right_proximal_positive,大腿002,right_distal_positive,小腿007,True,1.0,1.0000000000000142,0.0,0.0,0.0
71.0,right_proximal_positive,大腿002,right_distal_positive,cross recessed pan head screws gb_GB_CROSS_SCREWS_TYPE1 M4X16-16  H type-C002,True,0.0,0.0999999996809881,0.0,0.0,0.0
71.0,right_proximal_positive,大腿002,right_distal_positive,"hex nuts, style 1-grades ab gb_GB_FASTENER_NUT_SNAB1 M4-C003",True,0.0,1.4210854715202004e-14,0.0,0.0,0.0
71.0,right_distal_negative,小腿010,right_distal_positive,小腿007,True,1.0000000000000142,1.0000000000000142,0.0,0.0,0.0
71.0,right_distal_negative,小腿010,right_wheel,推力轴承005,True,0.0,1.4210854715202004e-14,0.0,0.0,0.0
71.0,right_distal_negative,小腿010,right_wheel,MISUMI_C-SE604ZZ_不锈钢小径滚珠轴承004,True,0.0,1.4210854715202004e-14,0.0,0.0,0.0
71.0,right_distal_negative,小腿010,right_wheel,MISUMI_CBSTSR4-16_内六角螺栓（盖螺栓）001,True,0.0,0.09999999973845174,0.0,0.0,0.0
71.0,right_distal_positive,小腿007,right_wheel,推力轴承005,True,0.0,0.0,0.0,0.0,0.0
71.0,right_distal_positive,小腿007,right_wheel,驱动板005,True,0.4999999999998863,0.49999999999991473,0.0,0.0,0.0
71.0,right_distal_positive,小腿007,right_wheel,MISUMI_CBSTSR4-16_内六角螺栓（盖螺栓）001,True,0.0,0.0,0.0,0.0,0.0
72.0,edulite_left_negative,00_1-1305_1_1,left_proximal_negative,大腿,True,0.0,5.684341886080802e-14,0.0,0.0,0.0
72.0,edulite_left_negative,100_1_1_1,left_proximal_negative,大腿,True,1.499999999999858,1.499999999999858,0.0,0.0,0.0
72.0,edulite_left_negative,000_1-4238_1_1,left_proximal_negative,大腿,True,0.0,0.0,0.0,0.0,0.0
72.0,edulite_left_negative,00_1-4459_1_1,left_proximal_negative,大腿,True,0.0,0.0,0.0,0.0,0.0
72.0,edulite_left_negative,00_1-4459_1_001,left_proximal_negative,大腿,True,0.0,0.0,0.0,0.0,0.0
72.0,edulite_left_negative,00_1-4459_1_002,left_proximal_negative,大腿,True,0.0,0.0,0.0,0.0,0.0
72.0,edulite_left_negative,200_1_1_1,left_proximal_negative,大腿,True,0.9999999999998579,3.1622776559588703,0.0,0.0,0.0
72.0,edulite_left_negative,00_1-8689_1_1,left_proximal_negative,大腿,True,0.9999999999998579,0.9999999999998579,0.0,0.0,0.0
72.0,edulite_left_negative,00_1-1305_1_1,left_distal_positive,小腿004,False,0.0,40.00112497844826,0.0,0.0,0.0
72.0,edulite_left_negative,100_1_1_1,left_distal_positive,小腿004,False,1.5,44.52527371605759,0.0,0.0,0.0
72.0,edulite_left_negative,000_1-4238_1_1,left_distal_positive,小腿004,False,0.0,47.002659493492374,0.0,0.0,0.0
72.0,edulite_left_negative,00_1-8689_1_1,left_distal_positive,小腿004,False,1.0,44.1113364056728,0.0,0.0,0.0
72.0,edulite_left_positive,00_1-1305_1_1,left_proximal_positive,大腿垫高,True,1.4210854715202004e-14,2.5495097522828196,0.0,0.0,0.0
72.0,edulite_left_positive,100_1_1_1,left_proximal_positive,大腿垫高,True,1.5000000000000142,1.5000000000000142,0.0,0.0,0.0
72.0,edulite_left_positive,000_1-4238_1_1,left_proximal_positive,大腿垫高,True,1.4210854715202004e-14,0.0,0.0,0.0,0.0
72.0,edulite_left_positive,00_1-4459_1_1,left_proximal_positive,大腿垫高,True,0.0,0.0,0.0,0.0,0.0
72.0,edulite_left_positive,00_1-4459_1_001,left_proximal_positive,大腿垫高,True,0.0,0.0,0.0,0.0,0.0
72.0,edulite_left_positive,00_1-4459_1_002,left_proximal_positive,大腿垫高,True,0.0,0.0,0.0,0.0,0.0
72.0,edulite_left_positive,200_1_1_1,left_proximal_positive,大腿垫高,True,1.0000000000000142,3.162277655801629,0.0,0.0,0.0
72.0,edulite_left_positive,00_1-8689_1_1,left_proximal_positive,大腿垫高,True,1.0000000000000142,2.147091051285153,0.0,0.0,0.0
72.0,edulite_left_positive,00_1-1305_1_1,left_distal_positive,小腿004,False,0.0,2.2968486839919104,0.0,0.0,0.0
72.0,edulite_left_positive,100_1_1_1,left_distal_positive,小腿004,False,1.5,6.941186134882089,0.0,0.0,0.0
72.0,edulite_left_positive,000_1-4238_1_1,left_distal_positive,小腿004,False,0.0,9.290636505173321,0.0,0.0,0.0
72.0,edulite_left_positive,00_1-4459_1_1,left_distal_positive,小腿004,False,0.0,21.73296848434775,0.0,0.0,0.0
72.0,edulite_left_positive,00_1-4459_1_001,left_distal_positive,小腿004,False,0.0,31.59602528307875,0.0,0.0,0.0
72.0,edulite_left_positive,00_1-4459_1_002,left_distal_positive,小腿004,False,0.0,16.502523259520768,0.0,0.0,0.0
72.0,edulite_left_positive,200_1_1_1,left_distal_positive,小腿004,False,1.0,20.301815638135686,0.0,0.0,0.0
72.0,edulite_left_positive,00_1-8689_1_1,left_distal_positive,小腿004,False,1.0,6.4551008578588815,0.0,0.0,0.0
72.0,edulite_right_negative,00_1-1305_1_1,right_proximal_negative,大腿垫高001,True,2.842170943040401e-14,2.5495097529036377,0.0,0.0,0.0
72.0,edulite_right_negative,100_1_1_1,right_proximal_negative,大腿垫高001,True,1.5000000000000284,1.5000000000000284,0.0,0.0,0.0
72.0,edulite_right_negative,000_1-4238_1_1,right_proximal_negative,大腿垫高001,True,2.842170943040401e-14,0.0,0.0,0.0,0.0
72.0,edulite_right_negative,00_1-4459_1_1,right_proximal_negative,大腿垫高001,True,0.0,0.0,0.0,0.0,0.0
72.0,edulite_right_negative,00_1-4459_1_001,right_proximal_negative,大腿垫高001,True,0.0,0.0,0.0,0.0,0.0
72.0,edulite_right_negative,00_1-4459_1_002,right_proximal_negative,大腿垫高001,True,0.0,0.0,0.0,0.0,0.0
72.0,edulite_right_negative,200_1_1_1,right_proximal_negative,大腿垫高001,True,1.0000000000000284,3.162277656235253,0.0,0.0,0.0
72.0,edulite_right_negative,00_1-8689_1_1,right_proximal_negative,大腿垫高001,True,1.0000000000000284,2.1470910512892285,0.0,0.0,0.0
72.0,edulite_right_negative,00_1-1305_1_1,right_distal_negative,小腿010,False,0.0,2.2968486841570304,0.0,0.0,0.0
72.0,edulite_right_negative,100_1_1_1,right_distal_negative,小腿010,False,1.5,6.941186135044681,0.0,0.0,0.0
72.0,edulite_right_negative,000_1-4238_1_1,right_distal_negative,小腿010,False,0.0,9.290636505339624,0.0,0.0,0.0
72.0,edulite_right_negative,00_1-4459_1_1,right_distal_negative,小腿010,False,0.0,21.732968484496332,0.0,0.0,0.0
72.0,edulite_right_negative,00_1-4459_1_001,right_distal_negative,小腿010,False,0.0,31.596025283251514,0.0,0.0,0.0
72.0,edulite_right_negative,00_1-4459_1_002,right_distal_negative,小腿010,False,0.0,16.502523259699043,0.0,0.0,0.0
72.0,edulite_right_negative,200_1_1_1,right_distal_negative,小腿010,False,1.0,20.301815638302024,0.0,0.0,0.0
72.0,edulite_right_negative,00_1-8689_1_1,right_distal_negative,小腿010,False,1.0,6.455100858023403,0.0,0.0,0.0
72.0,edulite_right_positive,00_1-1305_1_1,right_proximal_positive,大腿002,True,1.4210854715202004e-14,1.4210854715202004e-14,0.0,0.0,0.0
72.0,edulite_right_positive,100_1_1_1,right_proximal_positive,大腿002,True,1.5000000000000142,1.5000000000000142,0.0,0.0,0.0
72.0,edulite_right_positive,000_1-4238_1_1,right_proximal_positive,大腿002,True,1.4210854715202004e-14,0.0,0.0,0.0,0.0
72.0,edulite_right_positive,00_1-4459_1_1,right_proximal_positive,大腿002,True,0.0,0.0,0.0,0.0,0.0
72.0,edulite_right_positive,00_1-4459_1_001,right_proximal_positive,大腿002,True,0.0,0.0,0.0,0.0,0.0
72.0,edulite_right_positive,00_1-4459_1_002,right_proximal_positive,大腿002,True,0.0,0.0,0.0,0.0,0.0
72.0,edulite_right_positive,200_1_1_1,right_proximal_positive,大腿002,True,1.0000000000000142,3.1622776559587606,0.0,0.0,0.0
72.0,edulite_right_positive,00_1-8689_1_1,right_proximal_positive,大腿002,True,1.0000000000000142,1.0000000000000142,0.0,0.0,0.0
72.0,edulite_right_positive,00_1-1305_1_1,right_distal_negative,小腿010,False,0.0,40.00112497880822,0.0,0.0,0.0
72.0,edulite_right_positive,100_1_1_1,right_distal_negative,小腿010,False,1.5,44.52527371641735,0.0,0.0,0.0
72.0,edulite_right_positive,000_1-4238_1_1,right_distal_negative,小腿010,False,0.0,47.00265949385232,0.0,0.0,0.0
72.0,edulite_right_positive,00_1-8689_1_1,right_distal_negative,小腿010,False,1.0,44.11133640603268,0.0,0.0,0.0
72.0,left_proximal_negative,大腿,left_distal_negative,推力轴承,True,0.0,1.2789769243681803e-13,0.0,0.0,0.0
72.0,left_proximal_negative,大腿,left_distal_negative,小腿001,True,1.0000000000001137,1.000000000000142,0.0,0.0,0.0
72.0,left_proximal_negative,大腿,left_distal_negative,cross recessed pan head screws gb_GB_CROSS_SCREWS_TYPE1 M4X16-16  H type-C,True,0.0,0.09999999966362108,0.0,0.0,0.0
72.0,left_proximal_negative,大腿,left_distal_negative,"hex nuts, style 1-grades ab gb_GB_FASTENER_NUT_SNAB1 M4-C",True,0.0,1.1368683772161603e-13,0.0,0.0,0.0
72.0,left_proximal_negative,大腿,left_distal_positive,小腿004,False,0.0,46.9999999996219,0.0,0.0,0.0
72.0,left_proximal_positive,大腿垫高,left_distal_negative,小腿001,False,0.0,46.99999999998093,0.0,0.0,0.0
72.0,left_proximal_positive,大腿001,left_distal_negative,小腿001,False,0.0,46.99999999998093,0.0,0.0,0.0
72.0,left_proximal_positive,大腿垫高,left_distal_positive,小腿004,True,0.0,9.277172348166829,0.0,0.0,0.0
72.0,left_proximal_positive,大腿001,left_distal_positive,小腿004,True,1.0000000000000995,1.000000000000142,0.0,0.0,0.0
72.0,left_proximal_positive,大腿001,left_distal_positive,推力轴承001,True,0.0,1.4210854715202004e-13,0.0,0.0,0.0
72.0,left_proximal_positive,大腿001,left_distal_positive,cross recessed pan head screws gb_GB_CROSS_SCREWS_TYPE1 M4X16-16  H type-C001,True,0.0,0.09999999957316065,0.0,0.0,0.0
72.0,left_proximal_positive,大腿001,left_distal_positive,"hex nuts, style 1-grades ab gb_GB_FASTENER_NUT_SNAB1 M4-C001",True,0.0,5.684341886080802e-14,0.0,0.0,0.0
72.0,left_distal_negative,小腿001,left_distal_positive,小腿004,True,0.9999999999999858,0.9999999999999858,0.0,0.0,0.0
72.0,left_distal_negative,小腿001,left_wheel,推力轴承002,True,0.0,1.4210854715202004e-14,0.0,0.0,0.0
72.0,left_distal_negative,小腿001,left_wheel,驱动板004,True,0.4999999999998721,0.4999999999998863,0.0,0.0,0.0
72.0,left_distal_negative,小腿001,left_wheel,MISUMI_CBSTSR4-16_内六角螺栓（盖螺栓）,True,0.0,0.0,0.0,0.0,0.0
72.0,left_distal_positive,小腿004,left_wheel,推力轴承002,True,0.0,0.0,0.0,0.0,0.0
72.0,left_distal_positive,小腿004,left_wheel,MISUMI_C-SE604ZZ_不锈钢小径滚珠轴承,True,0.0,1.4210854715202004e-14,0.0,0.0,0.0
72.0,left_distal_positive,小腿004,left_wheel,MISUMI_CBSTSR4-16_内六角螺栓（盖螺栓）,True,0.0,0.09999999939425797,0.0,0.0,0.0
72.0,right_proximal_negative,大腿垫高001,right_distal_negative,小腿010,True,0.0,9.277172348333236,0.0,0.0,0.0
72.0,right_proximal_negative,大腿003,right_distal_negative,推力轴承004,True,0.0,1.2789769243681803e-13,0.0,0.0,0.0
72.0,right_proximal_negative,大腿003,right_distal_negative,小腿009,True,2.0,2.0,0.0,0.0,0.0
72.0,right_proximal_negative,大腿003,right_distal_negative,小腿010,True,1.0,1.0,0.0,0.0,0.0
72.0,right_proximal_negative,大腿003,right_distal_negative,"hex nuts, style 1-grades ab gb_GB_FASTENER_NUT_SNAB1 M4-C005",True,1.1368683772161603e-13,1.4210854715202004e-13,0.0,0.0,0.0
72.0,right_proximal_negative,大腿003,right_distal_negative,cross recessed pan head screws gb_GB_CROSS_SCREWS_TYPE1 M4X16-16  H type-C003,True,0.0,0.09999999975466886,0.0,0.0,0.0
72.0,right_proximal_negative,大腿垫高001,right_distal_positive,小腿007,False,0.0,46.99999999962191,0.0,0.0,0.0
72.0,right_proximal_negative,大腿003,right_distal_positive,小腿007,False,0.0,46.999999999621885,0.0,0.0,0.0
72.0,right_proximal_positive,大腿002,right_distal_negative,小腿010,False,0.0,46.999999999981924,0.0,0.0,0.0
72.0,right_proximal_positive,大腿002,right_distal_positive,推力轴承003,True,0.0,0.0,0.0,0.0,0.0
72.0,right_proximal_positive,大腿002,right_distal_positive,小腿007,True,1.0,1.0000000000000142,0.0,0.0,0.0
72.0,right_proximal_positive,大腿002,right_distal_positive,cross recessed pan head screws gb_GB_CROSS_SCREWS_TYPE1 M4X16-16  H type-C002,True,0.0,0.09999999964093215,0.0,0.0,0.0
72.0,right_proximal_positive,大腿002,right_distal_positive,"hex nuts, style 1-grades ab gb_GB_FASTENER_NUT_SNAB1 M4-C003",True,0.0,1.4210854715202004e-14,0.0,0.0,0.0
72.0,right_distal_negative,小腿010,right_distal_positive,小腿007,True,1.0000000000000142,1.0000000000000142,0.0,0.0,0.0
72.0,right_distal_negative,小腿010,right_wheel,推力轴承005,True,0.0,1.4210854715202004e-14,0.0,0.0,0.0
72.0,right_distal_negative,小腿010,right_wheel,MISUMI_C-SE604ZZ_不锈钢小径滚珠轴承004,True,0.0,1.4210854715202004e-14,0.0,0.0,0.0
72.0,right_distal_negative,小腿010,right_wheel,MISUMI_CBSTSR4-16_内六角螺栓（盖螺栓）001,True,0.0,0.09999999973842175,0.0,0.0,0.0
72.0,right_distal_positive,小腿007,right_wheel,推力轴承005,True,0.0,0.0,0.0,0.0,0.0
72.0,right_distal_positive,小腿007,right_wheel,驱动板005,True,0.4999999999998863,0.49999999999991473,0.0,0.0,0.0
72.0,right_distal_positive,小腿007,right_wheel,MISUMI_CBSTSR4-16_内六角螺栓（盖螺栓）001,True,0.0,0.0,0.0,0.0,0.0
73.0,edulite_left_negative,00_1-1305_1_1,left_proximal_negative,大腿,True,0.0,5.728578676879116e-14,0.0,0.0,0.0
73.0,edulite_left_negative,100_1_1_1,left_proximal_negative,大腿,True,1.499999999999858,1.499999999999858,0.0,0.0,0.0
73.0,edulite_left_negative,000_1-4238_1_1,left_proximal_negative,大腿,True,0.0,0.0,0.0,0.0,0.0
73.0,edulite_left_negative,00_1-4459_1_1,left_proximal_negative,大腿,True,0.0,0.0,0.0,0.0,0.0
73.0,edulite_left_negative,00_1-4459_1_001,left_proximal_negative,大腿,True,0.0,0.0,0.0,0.0,0.0
73.0,edulite_left_negative,00_1-4459_1_002,left_proximal_negative,大腿,True,0.0,0.0,0.0,0.0,0.0
73.0,edulite_left_negative,200_1_1_1,left_proximal_negative,大腿,True,0.9999999999998579,3.1622776558965464,0.0,0.0,0.0
73.0,edulite_left_negative,00_1-8689_1_1,left_proximal_negative,大腿,True,0.9999999999998579,0.9999999999998579,0.0,0.0,0.0
73.0,edulite_left_negative,00_1-1305_1_1,left_distal_positive,小腿004,False,0.0,40.92511366788348,0.0,0.0,0.0
73.0,edulite_left_negative,100_1_1_1,left_distal_positive,小腿004,False,1.5,45.448773971177445,0.0,0.0,0.0
73.0,edulite_left_negative,000_1-4238_1_1,left_distal_positive,小腿004,False,0.0,47.92662230850472,0.0,0.0,0.0
73.0,edulite_left_negative,00_1-8689_1_1,left_distal_positive,小腿004,False,1.0,45.03511789943661,0.0,0.0,0.0
73.0,edulite_left_positive,00_1-1305_1_1,left_proximal_positive,大腿垫高,True,1.4210854715202004e-14,2.549509752344922,0.0,0.0,0.0
73.0,edulite_left_positive,100_1_1_1,left_proximal_positive,大腿垫高,True,1.5000000000000142,1.5000000000000142,0.0,0.0,0.0
73.0,edulite_left_positive,000_1-4238_1_1,left_proximal_positive,大腿垫高,True,1.4210854715202004e-14,0.0,0.0,0.0,0.0
73.0,edulite_left_positive,00_1-4459_1_1,left_proximal_positive,大腿垫高,True,0.0,0.0,0.0,0.0,0.0
73.0,edulite_left_positive,00_1-4459_1_001,left_proximal_positive,大腿垫高,True,0.0,0.0,0.0,0.0,0.0
73.0,edulite_left_positive,00_1-4459_1_002,left_proximal_positive,大腿垫高,True,0.0,0.0,0.0,0.0,0.0
73.0,edulite_left_positive,200_1_1_1,left_proximal_positive,大腿垫高,True,1.0000000000000142,3.162277655861707,0.0,0.0,0.0
73.0,edulite_left_positive,00_1-8689_1_1,left_proximal_positive,大腿垫高,True,1.0000000000000142,2.14709105128917,0.0,0.0,0.0
73.0,edulite_left_positive,00_1-1305_1_1,left_distal_positive,小腿004,False,0.0,2.9725669197143287,0.0,0.0,0.0
73.0,edulite_left_positive,100_1_1_1,left_distal_positive,小腿004,False,1.5,7.6067510659578765,0.0,0.0,0.0
73.0,edulite_left_positive,000_1-4238_1_1,left_distal_positive,小腿004,False,0.0,9.969935330512524,0.0,0.0,0.0
73.0,edulite_left_positive,00_1-4459_1_1,left_distal_positive,小腿004,False,0.0,22.403224733020878,0.0,0.0,0.0
73.0,edulite_left_positive,00_1-4459_1_001,left_distal_positive,小腿004,False,0.0,32.27968949731321,0.0,0.0,0.0
73.0,edulite_left_positive,00_1-4459_1_002,left_distal_positive,小腿004,False,0.0,17.18925499839463,0.0,0.0,0.0
73.0,edulite_left_positive,200_1_1_1,left_distal_positive,小腿004,False,1.0,20.981234111492704,0.0,0.0,0.0
73.0,edulite_left_positive,00_1-8689_1_1,left_distal_positive,小腿004,False,1.0,7.127885379621865,0.0,0.0,0.0
73.0,edulite_right_negative,00_1-1305_1_1,right_proximal_negative,大腿垫高001,True,2.842170943040401e-14,2.5495097529036377,0.0,0.0,0.0
73.0,edulite_right_negative,100_1_1_1,right_proximal_negative,大腿垫高001,True,1.5000000000000284,1.5000000000000284,0.0,0.0,0.0
73.0,edulite_right_negative,000_1-4238_1_1,right_proximal_negative,大腿垫高001,True,2.842170943040401e-14,0.0,0.0,0.0,0.0
73.0,edulite_right_negative,00_1-4459_1_1,right_proximal_negative,大腿垫高001,True,0.0,0.0,0.0,0.0,0.0
73.0,edulite_right_negative,00_1-4459_1_001,right_proximal_negative,大腿垫高001,True,0.0,0.0,0.0,0.0,0.0
73.0,edulite_right_negative,00_1-4459_1_002,right_proximal_negative,大腿垫高001,True,0.0,0.0,0.0,0.0,0.0
73.0,edulite_right_negative,200_1_1_1,right_proximal_negative,大腿垫高001,True,1.0000000000000284,3.162277656235246,0.0,0.0,0.0
73.0,edulite_right_negative,00_1-8689_1_1,right_proximal_negative,大腿垫高001,True,1.0000000000000284,2.1470910512892227,0.0,0.0,0.0
73.0,edulite_right_negative,00_1-1305_1_1,right_distal_negative,小腿010,False,0.0,2.972566919878601,0.0,0.0,0.0
73.0,edulite_right_negative,100_1_1_1,right_distal_negative,小腿010,False,1.5,7.60675106611975,0.0,0.0,0.0
73.0,edulite_right_negative,000_1-4238_1_1,right_distal_negative,小腿010,False,0.0,9.969935330677437,0.0,0.0,0.0
73.0,edulite_right_negative,00_1-4459_1_1,right_distal_negative,小腿010,False,0.0,22.40322473316805,0.0,0.0,0.0
73.0,edulite_right_negative,00_1-4459_1_001,right_distal_negative,小腿010,False,0.0,32.27968949748453,0.0,0.0,0.0
73.0,edulite_right_negative,00_1-4459_1_002,right_distal_negative,小腿010,False,0.0,17.18925499857151,0.0,0.0,0.0
73.0,edulite_right_negative,200_1_1_1,right_distal_negative,小腿010,False,1.0,20.981234111657642,0.0,0.0,0.0
73.0,edulite_right_negative,00_1-8689_1_1,right_distal_negative,小腿010,False,1.0,7.1278853797853525,0.0,0.0,0.0
73.0,edulite_right_positive,00_1-1305_1_1,right_proximal_positive,大腿002,True,1.4210854715202004e-14,1.4210854715202004e-14,0.0,0.0,0.0
73.0,edulite_right_positive,100_1_1_1,right_proximal_positive,大腿002,True,1.5000000000000142,1.5000000000000142,0.0,0.0,0.0
73.0,edulite_right_positive,000_1-4238_1_1,right_proximal_positive,大腿002,True,1.4210854715202004e-14,0.0,0.0,0.0,0.0
73.0,edulite_right_positive,00_1-4459_1_1,right_proximal_positive,大腿002,True,0.0,0.0,0.0,0.0,0.0
73.0,edulite_right_positive,00_1-4459_1_001,right_proximal_positive,大腿002,True,0.0,0.0,0.0,0.0,0.0
73.0,edulite_right_positive,00_1-4459_1_002,right_proximal_positive,大腿002,True,0.0,0.0,0.0,0.0,0.0
73.0,edulite_right_positive,200_1_1_1,right_proximal_positive,大腿002,True,1.0000000000000142,3.1622776558964456,0.0,0.0,0.0
73.0,edulite_right_positive,00_1-8689_1_1,right_proximal_positive,大腿002,True,1.0000000000000142,1.0000000000000142,0.0,0.0,0.0
73.0,edulite_right_positive,00_1-1305_1_1,right_distal_negative,小腿010,False,0.0,40.9251136682441,0.0,0.0,0.0
73.0,edulite_right_positive,100_1_1_1,right_distal_negative,小腿010,False,1.5,45.44877397153788,0.0,0.0,0.0
73.0,edulite_right_positive,000_1-4238_1_1,right_distal_negative,小腿010,False,0.0,47.926622308865326,0.0,0.0,0.0
73.0,edulite_right_positive,00_1-8689_1_1,right_distal_negative,小腿010,False,1.0,45.03511789979715,0.0,0.0,0.0
73.0,left_proximal_negative,大腿,left_distal_negative,推力轴承,True,0.0,1.2789769243681803e-13,0.0,0.0,0.0
73.0,left_proximal_negative,大腿,left_distal_negative,小腿001,True,1.0000000000001137,1.000000000000142,0.0,0.0,0.0
73.0,left_proximal_negative,大腿,left_distal_negative,cross recessed pan head screws gb_GB_CROSS_SCREWS_TYPE1 M4X16-16  H type-C,True,0.0,0.09999999966470446,0.0,0.0,0.0
73.0,left_proximal_negative,大腿,left_distal_negative,"hex nuts, style 1-grades ab gb_GB_FASTENER_NUT_SNAB1 M4-C",True,0.0,1.1368683772161603e-13,0.0,0.0,0.0
73.0,left_proximal_negative,大腿,left_distal_positive,小腿004,False,0.0,47.92401408912085,0.0,0.0,0.0
73.0,left_proximal_positive,大腿垫高,left_distal_negative,小腿001,False,0.0,47.92401408948054,0.0,0.0,0.0
73.0,left_proximal_positive,大腿001,left_distal_negative,小腿001,False,0.0,47.92401408948053,0.0,0.0,0.0
73.0,left_proximal_positive,大腿垫高,left_distal_positive,小腿004,True,0.0,9.957389748761365,0.0,0.0,0.0
73.0,left_proximal_positive,大腿001,left_distal_positive,小腿004,True,1.0000000000000995,1.000000000000142,0.0,0.0,0.0
73.0,left_proximal_positive,大腿001,left_distal_positive,推力轴承001,True,0.0,1.4210854715202004e-13,0.0,0.0,0.0
73.0,left_proximal_positive,大腿001,left_distal_positive,cross recessed pan head screws gb_GB_CROSS_SCREWS_TYPE1 M4X16-16  H type-C001,True,0.0,0.09999999958453402,0.0,0.0,0.0
73.0,left_proximal_positive,大腿001,left_distal_positive,"hex nuts, style 1-grades ab gb_GB_FASTENER_NUT_SNAB1 M4-C001",True,0.0,5.684341886080802e-14,0.0,0.0,0.0
73.0,left_distal_negative,小腿001,left_distal_positive,小腿004,True,0.9999999999999858,0.9999999999999858,0.0,0.0,0.0
73.0,left_distal_negative,小腿001,left_wheel,推力轴承002,True,0.0,1.4210854715202004e-14,0.0,0.0,0.0
73.0,left_distal_negative,小腿001,left_wheel,驱动板004,True,0.4999999999998721,0.4999999999998863,0.0,0.0,0.0
73.0,left_distal_negative,小腿001,left_wheel,MISUMI_CBSTSR4-16_内六角螺栓（盖螺栓）,True,0.0,0.0,0.0,0.0,0.0
73.0,left_distal_positive,小腿004,left_wheel,推力轴承002,True,0.0,0.0,0.0,0.0,0.0
73.0,left_distal_positive,小腿004,left_wheel,MISUMI_C-SE604ZZ_不锈钢小径滚珠轴承,True,0.0,1.4210854715202004e-14,0.0,0.0,0.0
73.0,left_distal_positive,小腿004,left_wheel,MISUMI_CBSTSR4-16_内六角螺栓（盖螺栓）,True,0.0,0.09999999939462723,0.0,0.0,0.0
73.0,right_proximal_negative,大腿垫高001,right_distal_negative,小腿010,True,0.0,9.957389748926358,0.0,0.0,0.0
73.0,right_proximal_negative,大腿003,right_distal_negative,推力轴承004,True,0.0,1.2789769243681803e-13,0.0,0.0,0.0
73.0,right_proximal_negative,大腿003,right_distal_negative,小腿009,True,2.0,2.0,0.0,0.0,0.0
73.0,right_proximal_negative,大腿003,right_distal_negative,小腿010,True,1.0,1.0,0.0,0.0,0.0
73.0,right_proximal_negative,大腿003,right_distal_negative,"hex nuts, style 1-grades ab gb_GB_FASTENER_NUT_SNAB1 M4-C005",True,1.1368683772161603e-13,1.4210854715202004e-13,0.0,0.0,0.0
73.0,right_proximal_negative,大腿003,right_distal_negative,cross recessed pan head screws gb_GB_CROSS_SCREWS_TYPE1 M4X16-16  H type-C003,True,0.0,0.0999999997203452,0.0,0.0,0.0
73.0,right_proximal_negative,大腿垫高001,right_distal_positive,小腿007,False,0.0,47.924014089120874,0.0,0.0,0.0
73.0,right_proximal_negative,大腿003,right_distal_positive,小腿007,False,0.0,47.924014089120824,0.0,0.0,0.0
73.0,right_proximal_positive,大腿002,right_distal_negative,小腿010,False,0.0,47.92401408948154,0.0,0.0,0.0
73.0,right_proximal_positive,大腿002,right_distal_positive,推力轴承003,True,0.0,0.0,0.0,0.0,0.0
73.0,right_proximal_positive,大腿002,right_distal_positive,小腿007,True,1.0,1.0000000000000142,0.0,0.0,0.0
73.0,right_proximal_positive,大腿002,right_distal_positive,cross recessed pan head screws gb_GB_CROSS_SCREWS_TYPE1 M4X16-16  H type-C002,True,0.0,0.09999999958301309,0.0,0.0,0.0
73.0,right_proximal_positive,大腿002,right_distal_positive,"hex nuts, style 1-grades ab gb_GB_FASTENER_NUT_SNAB1 M4-C003",True,0.0,1.4210854715202004e-14,0.0,0.0,0.0
73.0,right_distal_negative,小腿010,right_distal_positive,小腿007,True,1.0000000000000142,1.0000000000000142,0.0,0.0,0.0
73.0,right_distal_negative,小腿010,right_wheel,推力轴承005,True,0.0,1.4210854715202004e-14,0.0,0.0,0.0
73.0,right_distal_negative,小腿010,right_wheel,MISUMI_C-SE604ZZ_不锈钢小径滚珠轴承004,True,0.0,1.4210854715202004e-14,0.0,0.0,0.0
73.0,right_distal_negative,小腿010,right_wheel,MISUMI_CBSTSR4-16_内六角螺栓（盖螺栓）001,True,0.0,0.0999999997383875,0.0,0.0,0.0
73.0,right_distal_positive,小腿007,right_wheel,推力轴承005,True,0.0,0.0,0.0,0.0,0.0
73.0,right_distal_positive,小腿007,right_wheel,驱动板005,True,0.4999999999998863,0.49999999999991473,0.0,0.0,0.0
73.0,right_distal_positive,小腿007,right_wheel,MISUMI_CBSTSR4-16_内六角螺栓（盖螺栓）001,True,0.0,0.0,0.0,0.0,0.0
74.0,edulite_left_negative,00_1-1305_1_1,left_proximal_negative,大腿,True,0.0,5.684341886080802e-14,0.0,0.0,0.0
74.0,edulite_left_negative,100_1_1_1,left_proximal_negative,大腿,True,1.499999999999858,1.499999999999858,0.0,0.0,0.0
74.0,edulite_left_negative,000_1-4238_1_1,left_proximal_negative,大腿,True,0.0,0.0,0.0,0.0,0.0
74.0,edulite_left_negative,00_1-4459_1_1,left_proximal_negative,大腿,True,0.0,0.0,0.0,0.0,0.0
74.0,edulite_left_negative,00_1-4459_1_001,left_proximal_negative,大腿,True,0.0,0.0,0.0,0.0,0.0
74.0,edulite_left_negative,00_1-4459_1_002,left_proximal_negative,大腿,True,0.0,0.0,0.0,0.0,0.0
74.0,edulite_left_negative,200_1_1_1,left_proximal_negative,大腿,True,0.9999999999998579,3.1622776558366863,0.0,0.0,0.0
74.0,edulite_left_negative,00_1-8689_1_1,left_proximal_negative,大腿,True,0.9999999999998579,0.9999999999998579,0.0,0.0,0.0
74.0,edulite_left_negative,00_1-1305_1_1,left_distal_positive,小腿004,False,0.0,41.8509343636133,0.0,0.0,0.0
74.0,edulite_left_negative,100_1_1_1,left_distal_positive,小腿004,False,1.5,46.37412467154903,0.0,0.0,0.0
74.0,edulite_left_negative,000_1-4238_1_1,left_distal_positive,小腿004,False,0.0,48.85241789898756,0.0,0.0,0.0
74.0,edulite_left_negative,00_1-8689_1_1,left_distal_positive,小腿004,False,1.0,45.96073924305811,0.0,0.0,0.0
74.0,edulite_left_positive,00_1-1305_1_1,left_proximal_positive,大腿垫高,True,1.4210854715202004e-14,2.549509752407393,0.0,0.0,0.0
74.0,edulite_left_positive,100_1_1_1,left_proximal_positive,大腿垫高,True,1.5000000000000142,1.5000000000000142,0.0,0.0,0.0
74.0,edulite_left_positive,000_1-4238_1_1,left_proximal_positive,大腿垫高,True,1.4210854715202004e-14,0.0,0.0,0.0,0.0
74.0,edulite_left_positive,00_1-4459_1_1,left_proximal_positive,大腿垫高,True,0.0,0.0,0.0,0.0,0.0
74.0,edulite_left_positive,00_1-4459_1_001,left_proximal_positive,大腿垫高,True,0.0,0.0,0.0,0.0,0.0
74.0,edulite_left_positive,00_1-4459_1_002,left_proximal_positive,大腿垫高,True,0.0,0.0,0.0,0.0,0.0
74.0,edulite_left_positive,200_1_1_1,left_proximal_positive,大腿垫高,True,1.0000000000000142,3.1622776559221517,0.0,0.0,0.0
74.0,edulite_left_positive,00_1-8689_1_1,left_proximal_positive,大腿垫高,True,1.0000000000000142,2.1470910512891646,0.0,0.0,0.0
74.0,edulite_left_positive,00_1-1305_1_1,left_distal_positive,小腿004,False,0.0,3.633218971045189,0.0,0.0,0.0
74.0,edulite_left_positive,100_1_1_1,left_distal_positive,小腿004,False,1.5,8.258183140247516,0.0,0.0,0.0
74.0,edulite_left_positive,000_1-4238_1_1,left_distal_positive,小腿004,False,0.0,10.632574907290765,0.0,0.0,0.0
74.0,edulite_left_positive,00_1-4459_1_1,left_distal_positive,小腿004,False,0.0,23.054814383195495,0.0,0.0,0.0
74.0,edulite_left_positive,00_1-4459_1_001,left_distal_positive,小腿004,False,0.0,32.94719301681787,0.0,0.0,0.0
74.0,edulite_left_positive,00_1-4459_1_002,left_distal_positive,小腿004,False,0.0,17.860428828392273,0.0,0.0,0.0
74.0,edulite_left_positive,200_1_1_1,left_distal_positive,小腿004,False,1.0,21.643925587489566,0.0,0.0,0.0
74.0,edulite_left_positive,00_1-8689_1_1,left_distal_positive,小腿004,False,1.0,7.785302763339617,0.0,0.0,0.0
74.0,edulite_right_negative,00_1-1305_1_1,right_proximal_negative,大腿垫高001,True,2.842170943040401e-14,2.5495097529036377,0.0,0.0,0.0
74.0,edulite_right_negative,100_1_1_1,right_proximal_negative,大腿垫高001,True,1.5000000000000284,1.5000000000000284,0.0,0.0,0.0
74.0,edulite_right_negative,000_1-4238_1_1,right_proximal_negative,大腿垫高001,True,2.842170943040401e-14,0.0,0.0,0.0,0.0
74.0,edulite_right_negative,00_1-4459_1_1,right_proximal_negative,大腿垫高001,True,0.0,0.0,0.0,0.0,0.0
74.0,edulite_right_negative,00_1-4459_1_001,right_proximal_negative,大腿垫高001,True,0.0,0.0,0.0,0.0,0.0
74.0,edulite_right_negative,00_1-4459_1_002,right_proximal_negative,大腿垫高001,True,0.0,0.0,0.0,0.0,0.0
74.0,edulite_right_negative,200_1_1_1,right_proximal_negative,大腿垫高001,True,1.0000000000000284,3.162277656235253,0.0,0.0,0.0
74.0,edulite_right_negative,00_1-8689_1_1,right_proximal_negative,大腿垫高001,True,1.0000000000000284,2.1470910512892285,0.0,0.0,0.0
74.0,edulite_right_negative,00_1-1305_1_1,right_distal_negative,小腿010,False,0.0,3.6332189712083194,0.0,0.0,0.0
74.0,edulite_right_negative,100_1_1_1,right_distal_negative,小腿010,False,1.5,8.25818314040848,0.0,0.0,0.0
74.0,edulite_right_negative,000_1-4238_1_1,right_distal_negative,小腿010,False,0.0,10.632574907454272,0.0,0.0,0.0
74.0,edulite_right_negative,00_1-4459_1_1,right_distal_negative,小腿010,False,0.0,23.054814383341235,0.0,0.0,0.0
74.0,edulite_right_negative,00_1-4459_1_001,right_distal_negative,小腿010,False,0.0,32.94719301698774,0.0,0.0,0.0
74.0,edulite_right_negative,00_1-4459_1_002,right_distal_negative,小腿010,False,0.0,17.86042882856773,0.0,0.0,0.0
74.0,edulite_right_negative,200_1_1_1,right_distal_negative,小腿010,False,1.0,21.643925587653076,0.0,0.0,0.0
74.0,edulite_right_negative,00_1-8689_1_1,right_distal_negative,小腿010,False,1.0,7.785302763501944,0.0,0.0,0.0
74.0,edulite_right_positive,00_1-1305_1_1,right_proximal_positive,大腿002,True,1.4210854715202004e-14,1.4210854715202004e-14,0.0,0.0,0.0
74.0,edulite_right_positive,100_1_1_1,right_proximal_positive,大腿002,True,1.5000000000000142,1.5000000000000142,0.0,0.0,0.0
74.0,edulite_right_positive,000_1-4238_1_1,right_proximal_positive,大腿002,True,1.4210854715202004e-14,0.0,0.0,0.0,0.0
74.0,edulite_right_positive,00_1-4459_1_1,right_proximal_positive,大腿002,True,0.0,0.0,0.0,0.0,0.0
74.0,edulite_right_positive,00_1-4459_1_001,right_proximal_positive,大腿002,True,0.0,0.0,0.0,0.0,0.0
74.0,edulite_right_positive,00_1-4459_1_002,right_proximal_positive,大腿002,True,0.0,0.0,0.0,0.0,0.0
74.0,edulite_right_positive,200_1_1_1,right_proximal_positive,大腿002,True,1.0000000000000142,3.1622776558365757,0.0,0.0,0.0
74.0,edulite_right_positive,00_1-8689_1_1,right_proximal_positive,大腿002,True,1.0000000000000142,1.0000000000000142,0.0,0.0,0.0
74.0,edulite_right_positive,00_1-1305_1_1,right_distal_negative,小腿010,False,0.0,41.85093436397456,0.0,0.0,0.0
74.0,edulite_right_positive,100_1_1_1,right_distal_negative,小腿010,False,1.5,46.37412467191013,0.0,0.0,0.0
74.0,edulite_right_positive,000_1-4238_1_1,right_distal_negative,小腿010,False,0.0,48.852417899348815,0.0,0.0,0.0
74.0,edulite_right_positive,00_1-8689_1_1,right_distal_negative,小腿010,False,1.0,45.9607392434193,0.0,0.0,0.0
74.0,left_proximal_negative,大腿,left_distal_negative,推力轴承,True,0.0,1.2789769243681803e-13,0.0,0.0,0.0
74.0,left_proximal_negative,大腿,left_distal_negative,小腿001,True,1.0000000000001137,1.000000000000142,0.0,0.0,0.0
74.0,left_proximal_negative,大腿,left_distal_negative,cross recessed pan head screws gb_GB_CROSS_SCREWS_TYPE1 M4X16-16  H type-C,True,0.0,0.09999999967187723,0.0,0.0,0.0
74.0,left_proximal_negative,大腿,left_distal_negative,"hex nuts, style 1-grades ab gb_GB_FASTENER_NUT_SNAB1 M4-C",True,0.0,1.1368683772161603e-13,0.0,0.0,0.0
74.0,left_proximal_negative,大腿,left_distal_positive,小腿004,False,0.0,48.84985911032319,0.0,0.0,0.0
74.0,left_proximal_positive,大腿垫高,left_distal_negative,小腿001,False,0.0,48.84985911068352,0.0,0.0,0.0
74.0,left_proximal_positive,大腿001,left_distal_negative,小腿001,False,0.0,48.849859110683525,0.0,0.0,0.0
74.0,left_proximal_positive,大腿垫高,left_distal_positive,小腿004,True,0.0,10.620812081987836,0.0,0.0,0.0
74.0,left_proximal_positive,大腿001,left_distal_positive,小腿004,True,1.0000000000000995,1.000000000000142,0.0,0.0,0.0
74.0,left_proximal_positive,大腿001,left_distal_positive,推力轴承001,True,0.0,1.4210854715202004e-13,0.0,0.0,0.0
74.0,left_proximal_positive,大腿001,left_distal_positive,cross recessed pan head screws gb_GB_CROSS_SCREWS_TYPE1 M4X16-16  H type-C001,True,0.0,0.09999999959591371,0.0,0.0,0.0
74.0,left_proximal_positive,大腿001,left_distal_positive,"hex nuts, style 1-grades ab gb_GB_FASTENER_NUT_SNAB1 M4-C001",True,0.0,5.684341886080802e-14,0.0,0.0,0.0
74.0,left_distal_negative,小腿001,left_distal_positive,小腿004,True,0.9999999999999858,0.9999999999999858,0.0,0.0,0.0
74.0,left_distal_negative,小腿001,left_wheel,推力轴承002,True,0.0,1.4210854715202004e-14,0.0,0.0,0.0
74.0,left_distal_negative,小腿001,left_wheel,驱动板004,True,0.4999999999998721,0.4999999999998863,0.0,0.0,0.0
74.0,left_distal_negative,小腿001,left_wheel,MISUMI_CBSTSR4-16_内六角螺栓（盖螺栓）,True,0.0,0.0,0.0,0.0,0.0
74.0,left_distal_positive,小腿004,left_wheel,推力轴承002,True,0.0,0.0,0.0,0.0,0.0
74.0,left_distal_positive,小腿004,left_wheel,MISUMI_C-SE604ZZ_不锈钢小径滚珠轴承,True,0.0,1.4210854715202004e-14,0.0,0.0,0.0
74.0,left_distal_positive,小腿004,left_wheel,MISUMI_CBSTSR4-16_内六角螺栓（盖螺栓）,True,0.0,0.0999999993950575,0.0,0.0,0.0
74.0,right_proximal_negative,大腿垫高001,right_distal_negative,小腿010,True,0.0,10.620812082151392,0.0,0.0,0.0
74.0,right_proximal_negative,大腿003,right_distal_negative,推力轴承004,True,0.0,1.2789769243681803e-13,0.0,0.0,0.0
74.0,right_proximal_negative,大腿003,right_distal_negative,小腿009,True,2.0,2.0,0.0,0.0,0.0
74.0,right_proximal_negative,大腿003,right_distal_negative,小腿010,True,1.0,1.0,0.0,0.0,0.0
74.0,right_proximal_negative,大腿003,right_distal_negative,"hex nuts, style 1-grades ab gb_GB_FASTENER_NUT_SNAB1 M4-C005",True,1.1368683772161603e-13,1.4210854715202004e-13,0.0,0.0,0.0
74.0,right_proximal_negative,大腿003,right_distal_negative,cross recessed pan head screws gb_GB_CROSS_SCREWS_TYPE1 M4X16-16  H type-C003,True,0.0,0.0999999996695839,0.0,0.0,0.0
74.0,right_proximal_negative,大腿垫高001,right_distal_positive,小腿007,False,0.0,48.8498591103232,0.0,0.0,0.0
74.0,right_proximal_negative,大腿003,right_distal_positive,小腿007,False,0.0,48.84985911032316,0.0,0.0,0.0
74.0,right_proximal_positive,大腿002,right_distal_negative,小腿010,False,0.0,48.84985911068454,0.0,0.0,0.0
74.0,right_proximal_positive,大腿002,right_distal_positive,推力轴承003,True,0.0,0.0,0.0,0.0,0.0
74.0,right_proximal_positive,大腿002,right_distal_positive,小腿007,True,1.0,1.0000000000000142,0.0,0.0,0.0
74.0,right_proximal_positive,大腿002,right_distal_positive,cross recessed pan head screws gb_GB_CROSS_SCREWS_TYPE1 M4X16-16  H type-C002,True,0.0,0.09999999957057724,0.0,0.0,0.0
74.0,right_proximal_positive,大腿002,right_distal_positive,"hex nuts, style 1-grades ab gb_GB_FASTENER_NUT_SNAB1 M4-C003",True,0.0,1.4210854715202004e-14,0.0,0.0,0.0
74.0,right_distal_negative,小腿010,right_distal_positive,小腿007,True,1.0000000000000142,1.0000000000000142,0.0,0.0,0.0
74.0,right_distal_negative,小腿010,right_wheel,推力轴承005,True,0.0,1.4210854715202004e-14,0.0,0.0,0.0
74.0,right_distal_negative,小腿010,right_wheel,MISUMI_C-SE604ZZ_不锈钢小径滚珠轴承004,True,0.0,1.4210854715202004e-14,0.0,0.0,0.0
74.0,right_distal_negative,小腿010,right_wheel,MISUMI_CBSTSR4-16_内六角螺栓（盖螺栓）001,True,0.0,0.0999999997383561,0.0,0.0,0.0
74.0,right_distal_positive,小腿007,right_wheel,推力轴承005,True,0.0,0.0,0.0,0.0,0.0
74.0,right_distal_positive,小腿007,right_wheel,驱动板005,True,0.4999999999998863,0.49999999999991473,0.0,0.0,0.0
74.0,right_distal_positive,小腿007,right_wheel,MISUMI_CBSTSR4-16_内六角螺栓（盖螺栓）001,True,0.0,0.0,0.0,0.0,0.0
75.0,edulite_left_negative,00_1-1305_1_1,left_proximal_negative,大腿,True,0.0,5.728578676879116e-14,0.0,0.0,0.0
75.0,edulite_left_negative,100_1_1_1,left_proximal_negative,大腿,True,1.499999999999858,1.499999999999858,0.0,0.0,0.0
75.0,edulite_left_negative,000_1-4238_1_1,left_proximal_negative,大腿,True,0.0,0.0,0.0,0.0,0.0
75.0,edulite_left_negative,00_1-4459_1_1,left_proximal_negative,大腿,True,0.0,0.0,0.0,0.0,0.0
75.0,edulite_left_negative,00_1-4459_1_001,left_proximal_negative,大腿,True,0.0,0.0,0.0,0.0,0.0
75.0,edulite_left_negative,00_1-4459_1_002,left_proximal_negative,大腿,True,0.0,0.0,0.0,0.0,0.0
75.0,edulite_left_negative,200_1_1_1,left_proximal_negative,大腿,True,0.9999999999998579,3.16227765577913,0.0,0.0,0.0
75.0,edulite_left_negative,00_1-8689_1_1,left_proximal_negative,大腿,True,0.9999999999998579,0.9999999999998579,0.0,0.0,0.0
75.0,edulite_left_negative,00_1-1305_1_1,left_distal_positive,小腿004,False,0.0,42.77852404393947,0.0,0.0,0.0
75.0,edulite_left_negative,100_1_1_1,left_distal_positive,小腿004,False,1.5,47.30126180441332,0.0,0.0,0.0
75.0,edulite_left_negative,000_1-4238_1_1,left_distal_positive,小腿004,False,0.0,49.77998321410097,0.0,0.0,0.0
75.0,edulite_left_negative,00_1-8689_1_1,left_distal_positive,小腿004,False,1.0,46.888136992299096,0.0,0.0,0.0
75.0,edulite_left_positive,00_1-1305_1_1,left_proximal_positive,大腿垫高,True,1.4210854715202004e-14,2.5495097524702492,0.0,0.0,0.0
75.0,edulite_left_positive,100_1_1_1,left_proximal_positive,大腿垫高,True,1.5000000000000142,1.5000000000000142,0.0,0.0,0.0
75.0,edulite_left_positive,000_1-4238_1_1,left_proximal_positive,大腿垫高,True,1.4210854715202004e-14,0.0,0.0,0.0,0.0
75.0,edulite_left_positive,00_1-4459_1_1,left_proximal_positive,大腿垫高,True,0.0,0.0,0.0,0.0,0.0
75.0,edulite_left_positive,00_1-4459_1_001,left_proximal_positive,大腿垫高,True,0.0,0.0,0.0,0.0,0.0
75.0,edulite_left_positive,00_1-4459_1_002,left_proximal_positive,大腿垫高,True,0.0,0.0,0.0,0.0,0.0
75.0,edulite_left_positive,200_1_1_1,left_proximal_positive,大腿垫高,True,1.0000000000000142,3.162277655982964,0.0,0.0,0.0
75.0,edulite_left_positive,00_1-8689_1_1,left_proximal_positive,大腿垫高,True,1.0000000000000142,2.1470910512891703,0.0,0.0,0.0
75.0,edulite_left_positive,00_1-1305_1_1,left_distal_positive,小腿004,False,0.0,4.278330701268105,0.0,0.0,0.0
75.0,edulite_left_positive,100_1_1_1,left_distal_positive,小腿004,False,1.5,8.895184661487935,0.0,0.0,0.0
75.0,edulite_left_positive,000_1-4238_1_1,left_distal_positive,小腿004,False,0.0,11.278887722547614,0.0,0.0,0.0
75.0,edulite_left_positive,00_1-4459_1_1,left_distal_positive,小腿004,False,0.0,23.688198255037243,0.0,0.0,0.0
75.0,edulite_left_positive,00_1-4459_1_001,left_distal_positive,小腿004,False,0.0,33.59885481527004,0.0,0.0,0.0
75.0,edulite_left_positive,00_1-4459_1_002,left_distal_positive,小腿004,False,0.0,18.516345786847385,0.0,0.0,0.0
75.0,edulite_left_positive,200_1_1_1,left_distal_positive,小腿004,False,1.0,22.290242257087325,0.0,0.0,0.0
75.0,edulite_left_positive,00_1-8689_1_1,left_distal_positive,小腿004,False,1.0,8.427340652105617,0.0,0.0,0.0
75.0,edulite_right_negative,00_1-1305_1_1,right_proximal_negative,大腿垫高001,True,2.842170943040401e-14,2.549509752903634,0.0,0.0,0.0
75.0,edulite_right_negative,100_1_1_1,right_proximal_negative,大腿垫高001,True,1.5000000000000284,1.5000000000000284,0.0,0.0,0.0
75.0,edulite_right_negative,000_1-4238_1_1,right_proximal_negative,大腿垫高001,True,2.842170943040401e-14,0.0,0.0,0.0,0.0
75.0,edulite_right_negative,00_1-4459_1_1,right_proximal_negative,大腿垫高001,True,0.0,0.0,0.0,0.0,0.0
75.0,edulite_right_negative,00_1-4459_1_001,right_proximal_negative,大腿垫高001,True,0.0,0.0,0.0,0.0,0.0
75.0,edulite_right_negative,00_1-4459_1_002,right_proximal_negative,大腿垫高001,True,0.0,0.0,0.0,0.0,0.0
75.0,edulite_right_negative,200_1_1_1,right_proximal_negative,大腿垫高001,True,1.0000000000000284,3.162277656235253,0.0,0.0,0.0
75.0,edulite_right_negative,00_1-8689_1_1,right_proximal_negative,大腿垫高001,True,1.0000000000000284,2.147091051289229,0.0,0.0,0.0
75.0,edulite_right_negative,00_1-1305_1_1,right_distal_negative,小腿010,False,0.0,4.278330701429938,0.0,0.0,0.0
75.0,edulite_right_negative,100_1_1_1,right_distal_negative,小腿010,False,1.5,8.895184661647852,0.0,0.0,0.0
75.0,edulite_right_negative,000_1-4238_1_1,right_distal_negative,小腿010,False,0.0,11.278887722709689,0.0,0.0,0.0
75.0,edulite_right_negative,00_1-4459_1_1,right_distal_negative,小腿010,False,0.0,23.688198255181543,0.0,0.0,0.0
75.0,edulite_right_negative,00_1-4459_1_001,right_distal_negative,小腿010,False,0.0,33.598854815438436,0.0,0.0,0.0
75.0,edulite_right_negative,00_1-4459_1_002,right_distal_negative,小腿010,False,0.0,18.516345787021418,0.0,0.0,0.0
75.0,edulite_right_negative,200_1_1_1,right_distal_negative,小腿010,False,1.0,22.2902422572494,0.0,0.0,0.0
75.0,edulite_right_negative,00_1-8689_1_1,right_distal_negative,小腿010,False,1.0,8.4273406522667,0.0,0.0,0.0
75.0,edulite_right_positive,00_1-1305_1_1,right_proximal_positive,大腿002,True,1.4210854715202004e-14,1.4210854715202004e-14,0.0,0.0,0.0
75.0,edulite_right_positive,100_1_1_1,right_proximal_positive,大腿002,True,1.5000000000000142,1.5000000000000142,0.0,0.0,0.0
75.0,edulite_right_positive,000_1-4238_1_1,right_proximal_positive,大腿002,True,1.4210854715202004e-14,0.0,0.0,0.0,0.0
75.0,edulite_right_positive,00_1-4459_1_1,right_proximal_positive,大腿002,True,0.0,0.0,0.0,0.0,0.0
75.0,edulite_right_positive,00_1-4459_1_001,right_proximal_positive,大腿002,True,0.0,0.0,0.0,0.0,0.0
75.0,edulite_right_positive,00_1-4459_1_002,right_proximal_positive,大腿002,True,0.0,0.0,0.0,0.0,0.0
75.0,edulite_right_positive,200_1_1_1,right_proximal_positive,大腿002,True,1.0000000000000142,3.162277655779027,0.0,0.0,0.0
75.0,edulite_right_positive,00_1-8689_1_1,right_proximal_positive,大腿002,True,1.0000000000000142,1.0000000000000142,0.0,0.0,0.0
75.0,edulite_right_positive,00_1-1305_1_1,right_distal_negative,小腿010,False,0.0,42.77852404430136,0.0,0.0,0.0
75.0,edulite_right_positive,100_1_1_1,right_distal_negative,小腿010,False,1.5,47.30126180477504,0.0,0.0,0.0
75.0,edulite_right_positive,000_1-4238_1_1,right_distal_negative,小腿010,False,0.0,49.779983214462845,0.0,0.0,0.0
75.0,edulite_right_positive,00_1-8689_1_1,right_distal_negative,小腿010,False,1.0,46.888136992660904,0.0,0.0,0.0
75.0,left_proximal_negative,大腿,left_distal_negative,推力轴承,True,0.0,1.2789769243681803e-13,0.0,0.0,0.0
75.0,left_proximal_negative,大腿,left_distal_negative,小腿001,True,1.0000000000001137,1.000000000000142,0.0,0.0,0.0
75.0,left_proximal_negative,大腿,left_distal_negative,cross recessed pan head screws gb_GB_CROSS_SCREWS_TYPE1 M4X16-16  H type-C,True,0.0,0.0999999996790322,0.0,0.0,0.0
75.0,left_proximal_negative,大腿,left_distal_negative,"hex nuts, style 1-grades ab gb_GB_FASTENER_NUT_SNAB1 M4-C",True,0.0,1.1368683772161603e-13,0.0,0.0,0.0
75.0,left_proximal_negative,大腿,left_distal_positive,小腿004,False,0.0,49.77747210662858,0.0,0.0,0.0
75.0,left_proximal_positive,大腿垫高,left_distal_negative,小腿001,False,0.0,49.77747210698955,0.0,0.0,0.0
75.0,left_proximal_positive,大腿001,left_distal_negative,小腿001,False,0.0,49.77747210698954,0.0,0.0,0.0
75.0,left_proximal_positive,大腿垫高,left_distal_positive,小腿004,True,0.0,11.267799624905127,0.0,0.0,0.0
75.0,left_proximal_positive,大腿001,left_distal_positive,小腿004,True,1.0000000000000995,1.000000000000142,0.0,0.0,0.0
75.0,left_proximal_positive,大腿001,left_distal_positive,推力轴承001,True,0.0,1.4210854715202004e-13,0.0,0.0,0.0
75.0,left_proximal_positive,大腿001,left_distal_positive,cross recessed pan head screws gb_GB_CROSS_SCREWS_TYPE1 M4X16-16  H type-C001,True,0.0,0.0999999995816549,0.0,0.0,0.0
75.0,left_proximal_positive,大腿001,left_distal_positive,"hex nuts, style 1-grades ab gb_GB_FASTENER_NUT_SNAB1 M4-C001",True,0.0,5.684341886080802e-14,0.0,0.0,0.0
75.0,left_distal_negative,小腿001,left_distal_positive,小腿004,True,0.9999999999999858,0.9999999999999858,0.0,0.0,0.0
75.0,left_distal_negative,小腿001,left_wheel,推力轴承002,True,0.0,1.4210854715202004e-14,0.0,0.0,0.0
75.0,left_distal_negative,小腿001,left_wheel,驱动板004,True,0.4999999999998721,0.4999999999998863,0.0,0.0,0.0
75.0,left_distal_negative,小腿001,left_wheel,MISUMI_CBSTSR4-16_内六角螺栓（盖螺栓）,True,0.0,0.0,0.0,0.0,0.0
75.0,left_distal_positive,小腿004,left_wheel,推力轴承002,True,0.0,0.0,0.0,0.0,0.0
75.0,left_distal_positive,小腿004,left_wheel,MISUMI_C-SE604ZZ_不锈钢小径滚珠轴承,True,0.0,1.4210854715202004e-14,0.0,0.0,0.0
75.0,left_distal_positive,小腿004,left_wheel,MISUMI_CBSTSR4-16_内六角螺栓（盖螺栓）,True,0.0,0.09999999939551778,0.0,0.0,0.0
75.0,right_proximal_negative,大腿垫高001,right_distal_negative,小腿010,True,0.0,11.267799625067239,0.0,0.0,0.0
75.0,right_proximal_negative,大腿003,right_distal_negative,推力轴承004,True,0.0,1.2789769243681803e-13,0.0,0.0,0.0
75.0,right_proximal_negative,大腿003,right_distal_negative,小腿009,True,2.0,2.0,0.0,0.0,0.0
75.0,right_proximal_negative,大腿003,right_distal_negative,小腿010,True,1.0,1.0,0.0,0.0,0.0
75.0,right_proximal_negative,大腿003,right_distal_negative,"hex nuts, style 1-grades ab gb_GB_FASTENER_NUT_SNAB1 M4-C005",True,1.1368683772161603e-13,1.4210854715202004e-13,0.0,0.0,0.0
75.0,right_proximal_negative,大腿003,right_distal_negative,cross recessed pan head screws gb_GB_CROSS_SCREWS_TYPE1 M4X16-16  H type-C003,True,0.0,0.09999999965424572,0.0,0.0,0.0
75.0,right_proximal_negative,大腿垫高001,right_distal_positive,小腿007,False,0.0,49.77747210662859,0.0,0.0,0.0
75.0,right_proximal_negative,大腿003,right_distal_positive,小腿007,False,0.0,49.777472106628565,0.0,0.0,0.0
75.0,right_proximal_positive,大腿002,right_distal_negative,小腿010,False,0.0,49.77747210699056,0.0,0.0,0.0
75.0,right_proximal_positive,大腿002,right_distal_positive,推力轴承003,True,0.0,0.0,0.0,0.0,0.0
75.0,right_proximal_positive,大腿002,right_distal_positive,小腿007,True,1.0,1.0000000000000142,0.0,0.0,0.0
75.0,right_proximal_positive,大腿002,right_distal_positive,cross recessed pan head screws gb_GB_CROSS_SCREWS_TYPE1 M4X16-16  H type-C002,True,0.0,0.09999999960249416,0.0,0.0,0.0
75.0,right_proximal_positive,大腿002,right_distal_positive,"hex nuts, style 1-grades ab gb_GB_FASTENER_NUT_SNAB1 M4-C003",True,0.0,1.4210854715202004e-14,0.0,0.0,0.0
75.0,right_distal_negative,小腿010,right_distal_positive,小腿007,True,1.0000000000000142,1.0000000000000142,0.0,0.0,0.0
75.0,right_distal_negative,小腿010,right_wheel,推力轴承005,True,0.0,1.4210854715202004e-14,0.0,0.0,0.0
75.0,right_distal_negative,小腿010,right_wheel,MISUMI_C-SE604ZZ_不锈钢小径滚珠轴承004,True,0.0,1.4210854715202004e-14,0.0,0.0,0.0
75.0,right_distal_negative,小腿010,right_wheel,MISUMI_CBSTSR4-16_内六角螺栓（盖螺栓）001,True,0.0,0.09999999973829035,0.0,0.0,0.0
75.0,right_distal_positive,小腿007,right_wheel,推力轴承005,True,0.0,0.0,0.0,0.0,0.0
75.0,right_distal_positive,小腿007,right_wheel,驱动板005,True,0.4999999999998863,0.49999999999991473,0.0,0.0,0.0
75.0,right_distal_positive,小腿007,right_wheel,MISUMI_CBSTSR4-16_内六角螺栓（盖螺栓）001,True,0.0,0.0,0.0,0.0,0.0
76.0,edulite_left_negative,00_1-1305_1_1,left_proximal_negative,大腿,True,0.0,5.728578676879116e-14,0.0,0.0,0.0
76.0,edulite_left_negative,100_1_1_1,left_proximal_negative,大腿,True,1.499999999999858,1.499999999999858,0.0,0.0,0.0
76.0,edulite_left_negative,000_1-4238_1_1,left_proximal_negative,大腿,True,0.0,0.0,0.0,0.0,0.0
76.0,edulite_left_negative,00_1-4459_1_1,left_proximal_negative,大腿,True,0.0,0.0,0.0,0.0,0.0
76.0,edulite_left_negative,00_1-4459_1_001,left_proximal_negative,大腿,True,0.0,0.0,0.0,0.0,0.0
76.0,edulite_left_negative,00_1-4459_1_002,left_proximal_negative,大腿,True,0.0,0.0,0.0,0.0,0.0
76.0,edulite_left_negative,200_1_1_1,left_proximal_negative,大腿,True,0.9999999999998579,3.162277655723791,0.0,0.0,0.0
76.0,edulite_left_negative,00_1-8689_1_1,left_proximal_negative,大腿,True,0.9999999999998579,0.9999999999998579,0.0,0.0,0.0
76.0,edulite_left_negative,00_1-1305_1_1,left_distal_positive,小腿004,False,0.0,43.707822433670195,0.0,0.0,0.0
76.0,edulite_left_negative,100_1_1_1,left_distal_positive,小腿004,False,1.5,48.230124171634074,0.0,0.0,0.0
76.0,edulite_left_negative,000_1-4238_1_1,left_distal_positive,小腿004,False,0.0,50.70925795058549,0.0,0.0,0.0
76.0,edulite_left_negative,00_1-8689_1_1,left_distal_positive,小腿004,False,1.0,47.81725047851661,0.0,0.0,0.0
76.0,edulite_left_positive,00_1-1305_1_1,left_proximal_positive,大腿垫高,True,1.4210854715202004e-14,2.549509752533469,0.0,0.0,0.0
76.0,edulite_left_positive,100_1_1_1,left_proximal_positive,大腿垫高,True,1.5000000000000142,1.5000000000000142,0.0,0.0,0.0
76.0,edulite_left_positive,000_1-4238_1_1,left_proximal_positive,大腿垫高,True,1.4210854715202004e-14,0.0,0.0,0.0,0.0
76.0,edulite_left_positive,00_1-4459_1_1,left_proximal_positive,大腿垫高,True,0.0,0.0,0.0,0.0,0.0
76.0,edulite_left_positive,00_1-4459_1_001,left_proximal_positive,大腿垫高,True,0.0,0.0,0.0,0.0,0.0
76.0,edulite_left_positive,00_1-4459_1_002,left_proximal_positive,大腿垫高,True,0.0,0.0,0.0,0.0,0.0
76.0,edulite_left_positive,200_1_1_1,left_proximal_positive,大腿垫高,True,1.0000000000000142,3.162277656044126,0.0,0.0,0.0
76.0,edulite_left_positive,00_1-8689_1_1,left_proximal_positive,大腿垫高,True,1.0000000000000142,2.1470910512891708,0.0,0.0,0.0
76.0,edulite_left_positive,00_1-1305_1_1,left_distal_positive,小腿004,False,0.0,4.90783676038988,0.0,0.0,0.0
76.0,edulite_left_positive,100_1_1_1,left_distal_positive,小腿004,False,1.5,9.517604435949975,0.0,0.0,0.0
76.0,edulite_left_positive,000_1-4238_1_1,left_distal_positive,小腿004,False,0.0,11.909159922120798,0.0,0.0,0.0
76.0,edulite_left_positive,00_1-4459_1_1,left_distal_positive,小腿004,False,0.0,24.303774362193604,0.0,0.0,0.0
76.0,edulite_left_positive,00_1-4459_1_001,left_distal_positive,小腿004,False,0.0,34.234943118909484,0.0,0.0,0.0
76.0,edulite_left_positive,00_1-4459_1_002,left_distal_positive,小腿004,False,0.0,19.157260029391157,0.0,0.0,0.0
76.0,edulite_left_positive,200_1_1_1,left_distal_positive,小腿004,False,1.0,22.92048410913164,0.0,0.0,0.0
76.0,edulite_left_positive,00_1-8689_1_1,left_distal_positive,小腿004,False,1.0,9.054052510505189,0.0,0.0,0.0
76.0,edulite_right_negative,00_1-1305_1_1,right_proximal_negative,大腿垫高001,True,2.842170943040401e-14,2.549509752903631,0.0,0.0,0.0
76.0,edulite_right_negative,100_1_1_1,right_proximal_negative,大腿垫高001,True,1.5000000000000284,1.5000000000000284,0.0,0.0,0.0
76.0,edulite_right_negative,000_1-4238_1_1,right_proximal_negative,大腿垫高001,True,2.842170943040401e-14,0.0,0.0,0.0,0.0
76.0,edulite_right_negative,00_1-4459_1_1,right_proximal_negative,大腿垫高001,True,0.0,0.0,0.0,0.0,0.0
76.0,edulite_right_negative,00_1-4459_1_001,right_proximal_negative,大腿垫高001,True,0.0,0.0,0.0,0.0,0.0
76.0,edulite_right_negative,00_1-4459_1_002,right_proximal_negative,大腿垫高001,True,0.0,0.0,0.0,0.0,0.0
76.0,edulite_right_negative,200_1_1_1,right_proximal_negative,大腿垫高001,True,1.0000000000000284,3.1622776562352595,0.0,0.0,0.0
76.0,edulite_right_negative,00_1-8689_1_1,right_proximal_negative,大腿垫高001,True,1.0000000000000284,2.147091051289241,0.0,0.0,0.0
76.0,edulite_right_negative,00_1-1305_1_1,right_distal_negative,小腿010,False,0.0,4.907836760550322,0.0,0.0,0.0
76.0,edulite_right_negative,100_1_1_1,right_distal_negative,小腿010,False,1.5,9.517604436108714,0.0,0.0,0.0
76.0,edulite_right_negative,000_1-4238_1_1,right_distal_negative,小腿010,False,0.0,11.909159922281402,0.0,0.0,0.0
76.0,edulite_right_negative,00_1-4459_1_1,right_distal_negative,小腿010,False,0.0,24.303774362336412,0.0,0.0,0.0
76.0,edulite_right_negative,00_1-4459_1_001,right_distal_negative,小腿010,False,0.0,34.23494311907636,0.0,0.0,0.0
76.0,edulite_right_negative,00_1-4459_1_002,right_distal_negative,小腿010,False,0.0,19.15726002956372,0.0,0.0,0.0
76.0,edulite_right_negative,200_1_1_1,right_distal_negative,小腿010,False,1.0,22.920484109292236,0.0,0.0,0.0
76.0,edulite_right_negative,00_1-8689_1_1,right_distal_negative,小腿010,False,1.0,9.054052510664954,0.0,0.0,0.0
76.0,edulite_right_positive,00_1-1305_1_1,right_proximal_positive,大腿002,True,1.4210854715202004e-14,1.4210854715202004e-14,0.0,0.0,0.0
76.0,edulite_right_positive,100_1_1_1,right_proximal_positive,大腿002,True,1.5000000000000142,1.5000000000000142,0.0,0.0,0.0
76.0,edulite_right_positive,000_1-4238_1_1,right_proximal_positive,大腿002,True,1.4210854715202004e-14,0.0,0.0,0.0,0.0
76.0,edulite_right_positive,00_1-4459_1_1,right_proximal_positive,大腿002,True,0.0,0.0,0.0,0.0,0.0
76.0,edulite_right_positive,00_1-4459_1_001,right_proximal_positive,大腿002,True,0.0,0.0,0.0,0.0,0.0
76.0,edulite_right_positive,00_1-4459_1_002,right_proximal_positive,大腿002,True,0.0,0.0,0.0,0.0,0.0
76.0,edulite_right_positive,200_1_1_1,right_proximal_positive,大腿002,True,1.0000000000000142,3.1622776557236842,0.0,0.0,0.0
76.0,edulite_right_positive,00_1-8689_1_1,right_proximal_positive,大腿002,True,1.0000000000000142,1.0000000000000142,0.0,0.0,0.0
76.0,edulite_right_positive,00_1-1305_1_1,right_distal_negative,小腿010,False,0.0,43.7078224340327,0.0,0.0,0.0
76.0,edulite_right_positive,100_1_1_1,right_distal_negative,小腿010,False,1.5,48.23012417199641,0.0,0.0,0.0
76.0,edulite_right_positive,000_1-4238_1_1,right_distal_negative,小腿010,False,0.0,50.709257950947986,0.0,0.0,0.0
76.0,edulite_right_positive,00_1-8689_1_1,right_distal_negative,小腿010,False,1.0,47.81725047887904,0.0,0.0,0.0
76.0,left_proximal_negative,大腿,left_distal_negative,推力轴承,True,0.0,1.2789769243681803e-13,0.0,0.0,0.0
76.0,left_proximal_negative,大腿,left_distal_negative,小腿001,True,1.0000000000001137,1.000000000000142,0.0,0.0,0.0
76.0,left_proximal_negative,大腿,left_distal_negative,cross recessed pan head screws gb_GB_CROSS_SCREWS_TYPE1 M4X16-16  H type-C,True,0.0,0.09999999966928658,0.0,0.0,0.0
76.0,left_proximal_negative,大腿,left_distal_negative,"hex nuts, style 1-grades ab gb_GB_FASTENER_NUT_SNAB1 M4-C",True,0.0,1.1368683772161603e-13,0.0,0.0,0.0
76.0,left_proximal_negative,大腿,left_distal_positive,小腿004,False,0.0,50.706792862869264,0.0,0.0,0.0
76.0,left_proximal_positive,大腿垫高,left_distal_negative,小腿001,False,0.0,50.70679286323083,0.0,0.0,0.0
76.0,left_proximal_positive,大腿001,left_distal_negative,小腿001,False,0.0,50.706792863230845,0.0,0.0,0.0
76.0,left_proximal_positive,大腿垫高,left_distal_positive,小腿004,True,0.0,11.89865917601938,0.0,0.0,0.0
76.0,left_proximal_positive,大腿001,left_distal_positive,小腿004,True,1.0000000000000995,1.000000000000142,0.0,0.0,0.0
76.0,left_proximal_positive,大腿001,left_distal_positive,推力轴承001,True,0.0,1.4210854715202004e-13,0.0,0.0,0.0
76.0,left_proximal_positive,大腿001,left_distal_positive,cross recessed pan head screws gb_GB_CROSS_SCREWS_TYPE1 M4X16-16  H type-C001,True,0.0,0.09999999961067775,0.0,0.0,0.0
76.0,left_proximal_positive,大腿001,left_distal_positive,"hex nuts, style 1-grades ab gb_GB_FASTENER_NUT_SNAB1 M4-C001",True,0.0,5.684341886080802e-14,0.0,0.0,0.0
76.0,left_distal_negative,小腿001,left_distal_positive,小腿004,True,0.9999999999999858,0.9999999999999858,0.0,0.0,0.0
76.0,left_distal_negative,小腿001,left_wheel,推力轴承002,True,0.0,1.4210854715202004e-14,0.0,0.0,0.0
76.0,left_distal_negative,小腿001,left_wheel,驱动板004,True,0.4999999999998721,0.4999999999998863,0.0,0.0,0.0
76.0,left_distal_negative,小腿001,left_wheel,MISUMI_CBSTSR4-16_内六角螺栓（盖螺栓）,True,0.0,0.0,0.0,0.0,0.0
76.0,left_distal_positive,小腿004,left_wheel,推力轴承002,True,0.0,0.0,0.0,0.0,0.0
76.0,left_distal_positive,小腿004,left_wheel,MISUMI_C-SE604ZZ_不锈钢小径滚珠轴承,True,0.0,1.4210854715202004e-14,0.0,0.0,0.0
76.0,left_distal_positive,小腿004,left_wheel,MISUMI_CBSTSR4-16_内六角螺栓（盖螺栓）,True,0.0,0.09999999939608899,0.0,0.0,0.0
76.0,right_proximal_negative,大腿垫高001,right_distal_negative,小腿010,True,0.0,11.898659176179988,0.0,0.0,0.0
76.0,right_proximal_negative,大腿003,right_distal_negative,推力轴承004,True,0.0,1.2789769243681803e-13,0.0,0.0,0.0
76.0,right_proximal_negative,大腿003,right_distal_negative,小腿009,True,2.0,2.0,0.0,0.0,0.0
76.0,right_proximal_negative,大腿003,right_distal_negative,小腿010,True,1.0,1.0,0.0,0.0,0.0
76.0,right_proximal_negative,大腿003,right_distal_negative,"hex nuts, style 1-grades ab gb_GB_FASTENER_NUT_SNAB1 M4-C005",True,1.1368683772161603e-13,1.4210854715202004e-13,0.0,0.0,0.0
76.0,right_proximal_negative,大腿003,right_distal_negative,cross recessed pan head screws gb_GB_CROSS_SCREWS_TYPE1 M4X16-16  H type-C003,True,0.0,0.09999999967458496,0.0,0.0,0.0
76.0,right_proximal_negative,大腿垫高001,right_distal_positive,小腿007,False,0.0,50.70679286286928,0.0,0.0,0.0
76.0,right_proximal_negative,大腿003,right_distal_positive,小腿007,False,0.0,50.706792862869236,0.0,0.0,0.0
76.0,right_proximal_positive,大腿002,right_distal_negative,小腿010,False,0.0,50.706792863231875,0.0,0.0,0.0
76.0,right_proximal_positive,大腿002,right_distal_positive,推力轴承003,True,0.0,0.0,0.0,0.0,0.0
76.0,right_proximal_positive,大腿002,right_distal_positive,小腿007,True,1.0,1.0000000000000142,0.0,0.0,0.0
76.0,right_proximal_positive,大腿002,right_distal_positive,cross recessed pan head screws gb_GB_CROSS_SCREWS_TYPE1 M4X16-16  H type-C002,True,0.0,0.09999999967321335,0.0,0.0,0.0
76.0,right_proximal_positive,大腿002,right_distal_positive,"hex nuts, style 1-grades ab gb_GB_FASTENER_NUT_SNAB1 M4-C003",True,0.0,1.4210854715202004e-14,0.0,0.0,0.0
76.0,right_distal_negative,小腿010,right_distal_positive,小腿007,True,1.0000000000000142,1.0000000000000142,0.0,0.0,0.0
76.0,right_distal_negative,小腿010,right_wheel,推力轴承005,True,0.0,1.4210854715202004e-14,0.0,0.0,0.0
76.0,right_distal_negative,小腿010,right_wheel,MISUMI_C-SE604ZZ_不锈钢小径滚珠轴承004,True,0.0,1.4210854715202004e-14,0.0,0.0,0.0
76.0,right_distal_negative,小腿010,right_wheel,MISUMI_CBSTSR4-16_内六角螺栓（盖螺栓）001,True,0.0,0.09999999973826576,0.0,0.0,0.0
76.0,right_distal_positive,小腿007,right_wheel,推力轴承005,True,0.0,0.0,0.0,0.0,0.0
76.0,right_distal_positive,小腿007,right_wheel,驱动板005,True,0.4999999999998863,0.49999999999991473,0.0,0.0,0.0
76.0,right_distal_positive,小腿007,right_wheel,MISUMI_CBSTSR4-16_内六角螺栓（盖螺栓）001,True,0.0,0.0,0.0,0.0,0.0
77.0,edulite_left_negative,00_1-1305_1_1,left_proximal_negative,大腿,True,0.0,5.728578676879116e-14,0.0,0.0,0.0
77.0,edulite_left_negative,100_1_1_1,left_proximal_negative,大腿,True,1.499999999999858,1.499999999999858,0.0,0.0,0.0
77.0,edulite_left_negative,000_1-4238_1_1,left_proximal_negative,大腿,True,0.0,0.0,0.0,0.0,0.0
77.0,edulite_left_negative,00_1-4459_1_1,left_proximal_negative,大腿,True,0.0,0.0,0.0,0.0,0.0
77.0,edulite_left_negative,00_1-4459_1_001,left_proximal_negative,大腿,True,0.0,0.0,0.0,0.0,0.0
77.0,edulite_left_negative,00_1-4459_1_002,left_proximal_negative,大腿,True,0.0,0.0,0.0,0.0,0.0
77.0,edulite_left_negative,200_1_1_1,left_proximal_negative,大腿,True,0.9999999999998579,3.162277655670558,0.0,0.0,0.0
77.0,edulite_left_negative,00_1-8689_1_1,left_proximal_negative,大腿,True,0.9999999999998579,0.9999999999998579,0.0,0.0,0.0
77.0,edulite_left_negative,00_1-1305_1_1,left_distal_positive,小腿004,False,0.0,44.63877186244965,0.0,0.0,0.0
77.0,edulite_left_negative,100_1_1_1,left_distal_positive,小腿004,False,1.5,49.160653242376334,0.0,0.0,0.0
77.0,edulite_left_negative,000_1-4238_1_1,left_distal_positive,小腿004,False,0.0,51.64018441108866,0.0,0.0,0.0
77.0,edulite_left_negative,00_1-8689_1_1,left_distal_positive,小腿004,False,1.0,48.74802166457747,0.0,0.0,0.0
77.0,edulite_left_positive,00_1-1305_1_1,left_proximal_positive,大腿垫高,True,1.4210854715202004e-14,2.549509752597049,0.0,0.0,0.0
77.0,edulite_left_positive,100_1_1_1,left_proximal_positive,大腿垫高,True,1.5000000000000142,1.5000000000000142,0.0,0.0,0.0
77.0,edulite_left_positive,000_1-4238_1_1,left_proximal_positive,大腿垫高,True,1.4210854715202004e-14,0.0,0.0,0.0,0.0
77.0,edulite_left_positive,00_1-4459_1_1,left_proximal_positive,大腿垫高,True,0.0,0.0,0.0,0.0,0.0
77.0,edulite_left_positive,00_1-4459_1_001,left_proximal_positive,大腿垫高,True,0.0,0.0,0.0,0.0,0.0
77.0,edulite_left_positive,00_1-4459_1_002,left_proximal_positive,大腿垫高,True,0.0,0.0,0.0,0.0,0.0
77.0,edulite_left_positive,200_1_1_1,left_proximal_positive,大腿垫高,True,1.0000000000000142,3.1622776561056396,0.0,0.0,0.0
77.0,edulite_left_positive,00_1-8689_1_1,left_proximal_positive,大腿垫高,True,1.0000000000000142,2.1470910512891646,0.0,0.0,0.0
77.0,edulite_left_positive,00_1-1305_1_1,left_distal_positive,小腿004,False,0.0,5.521805371824405,0.0,0.0,0.0
77.0,edulite_left_positive,100_1_1_1,left_distal_positive,小腿004,False,1.5,10.125373234076365,0.0,0.0,0.0
77.0,edulite_left_positive,000_1-4238_1_1,left_distal_positive,小腿004,False,0.0,12.523634948853738,0.0,0.0,0.0
77.0,edulite_left_positive,00_1-4459_1_1,left_distal_positive,小腿004,False,0.5227330523099809,24.901884764605168,0.0,0.0,0.0
77.0,edulite_left_positive,00_1-4459_1_001,left_distal_positive,小腿004,False,0.4045215174329826,34.85568093084761,0.0,0.0,0.0
77.0,edulite_left_positive,00_1-4459_1_002,left_distal_positive,小腿004,False,0.0,19.783383825859968,0.0,0.0,0.0
77.0,edulite_left_positive,200_1_1_1,left_distal_positive,小腿004,False,1.0,23.53490447876246,0.0,0.0,0.0
77.0,edulite_left_positive,00_1-8689_1_1,left_distal_positive,小腿004,False,1.0,9.665519295769991,0.0,0.0,0.0
77.0,edulite_right_negative,00_1-1305_1_1,right_proximal_negative,大腿垫高001,True,2.842170943040401e-14,2.549509752903631,0.0,0.0,0.0
77.0,edulite_right_negative,100_1_1_1,right_proximal_negative,大腿垫高001,True,1.5000000000000284,1.5000000000000284,0.0,0.0,0.0
77.0,edulite_right_negative,000_1-4238_1_1,right_proximal_negative,大腿垫高001,True,2.842170943040401e-14,0.0,0.0,0.0,0.0
77.0,edulite_right_negative,00_1-4459_1_1,right_proximal_negative,大腿垫高001,True,0.0,0.0,0.0,0.0,0.0
77.0,edulite_right_negative,00_1-4459_1_001,right_proximal_negative,大腿垫高001,True,0.0,0.0,0.0,0.0,0.0
77.0,edulite_right_negative,00_1-4459_1_002,right_proximal_negative,大腿垫高001,True,0.0,0.0,0.0,0.0,0.0
77.0,edulite_right_negative,200_1_1_1,right_proximal_negative,大腿垫高001,True,1.0000000000000284,3.162277656235266,0.0,0.0,0.0
77.0,edulite_right_negative,00_1-8689_1_1,right_proximal_negative,大腿垫高001,True,1.0000000000000284,2.1470910512892414,0.0,0.0,0.0
77.0,edulite_right_negative,00_1-1305_1_1,right_distal_negative,小腿010,False,0.0,5.5218053719833975,0.0,0.0,0.0
77.0,edulite_right_negative,100_1_1_1,right_distal_negative,小腿010,False,1.5,10.125373234233836,0.0,0.0,0.0
77.0,edulite_right_negative,000_1-4238_1_1,right_distal_negative,小腿010,False,0.0,12.523634949012834,0.0,0.0,0.0
77.0,edulite_right_negative,00_1-4459_1_1,right_distal_negative,小腿010,False,0.5227330525195057,24.901884764746466,0.0,0.0,0.0
77.0,edulite_right_negative,00_1-4459_1_001,right_distal_negative,小腿010,False,0.40452151764250743,34.855680931012934,0.0,0.0,0.0
77.0,edulite_right_negative,00_1-4459_1_002,right_distal_negative,小腿010,False,0.0,19.78338382603103,0.0,0.0,0.0
77.0,edulite_right_negative,200_1_1_1,right_distal_negative,小腿010,False,1.0,23.534904478921558,0.0,0.0,0.0
77.0,edulite_right_negative,00_1-8689_1_1,right_distal_negative,小腿010,False,1.0,9.665519295928364,0.0,0.0,0.0
77.0,edulite_right_positive,00_1-1305_1_1,right_proximal_positive,大腿002,True,1.4210854715202004e-14,1.4210854715202004e-14,0.0,0.0,0.0
77.0,edulite_right_positive,100_1_1_1,right_proximal_positive,大腿002,True,1.5000000000000142,1.5000000000000142,0.0,0.0,0.0
77.0,edulite_right_positive,000_1-4238_1_1,right_proximal_positive,大腿002,True,1.4210854715202004e-14,0.0,0.0,0.0,0.0
77.0,edulite_right_positive,00_1-4459_1_1,right_proximal_positive,大腿002,True,0.0,0.0,0.0,0.0,0.0
77.0,edulite_right_positive,00_1-4459_1_001,right_proximal_positive,大腿002,True,0.0,0.0,0.0,0.0,0.0
77.0,edulite_right_positive,00_1-4459_1_002,right_proximal_positive,大腿002,True,0.0,0.0,0.0,0.0,0.0
77.0,edulite_right_positive,200_1_1_1,right_proximal_positive,大腿002,True,1.0000000000000142,3.162277655670437,0.0,0.0,0.0
77.0,edulite_right_positive,00_1-8689_1_1,right_proximal_positive,大腿002,True,1.0000000000000142,1.0000000000000142,0.0,0.0,0.0
77.0,edulite_right_positive,00_1-1305_1_1,right_distal_negative,小腿010,False,0.0,44.63877186281275,0.0,0.0,0.0
77.0,edulite_right_positive,100_1_1_1,right_distal_negative,小腿010,False,1.5,49.16065324273928,0.0,0.0,0.0
77.0,edulite_right_positive,000_1-4238_1_1,right_distal_negative,小腿010,False,0.0,51.64018441145175,0.0,0.0,0.0
77.0,edulite_right_positive,00_1-8689_1_1,right_distal_negative,小腿010,False,1.0,48.74802166494051,0.0,0.0,0.0
77.0,left_proximal_negative,大腿,left_distal_negative,推力轴承,True,0.0,1.2789769243681803e-13,0.0,0.0,0.0
77.0,left_proximal_negative,大腿,left_distal_negative,小腿001,True,1.0000000000001137,1.000000000000142,0.0,0.0,0.0
77.0,left_proximal_negative,大腿,left_distal_negative,cross recessed pan head screws gb_GB_CROSS_SCREWS_TYPE1 M4X16-16  H type-C,True,0.0,0.09999999966884754,0.0,0.0,0.0
77.0,left_proximal_negative,大腿,left_distal_negative,"hex nuts, style 1-grades ab gb_GB_FASTENER_NUT_SNAB1 M4-C",True,0.0,1.1368683772161603e-13,0.0,0.0,0.0
77.0,left_proximal_negative,大腿,left_distal_positive,小腿004,False,0.0,51.63776376411984,0.0,0.0,0.0
77.0,left_proximal_positive,大腿垫高,left_distal_negative,小腿001,False,0.0,51.63776376448203,0.0,0.0,0.0
77.0,left_proximal_positive,大腿001,left_distal_negative,小腿001,False,0.0,51.63776376448204,0.0,0.0,0.0
77.0,left_proximal_positive,大腿垫高,left_distal_positive,小腿004,True,0.0,12.513649846293353,0.0,0.0,0.0
77.0,left_proximal_positive,大腿001,left_distal_positive,小腿004,True,1.0000000000000995,1.000000000000142,0.0,0.0,0.0
77.0,left_proximal_positive,大腿001,left_distal_positive,推力轴承001,True,0.0,1.4210854715202004e-13,0.0,0.0,0.0
77.0,left_proximal_positive,大腿001,left_distal_positive,cross recessed pan head screws gb_GB_CROSS_SCREWS_TYPE1 M4X16-16  H type-C001,True,0.0,0.099999999627522,0.0,0.0,0.0
77.0,left_proximal_positive,大腿001,left_distal_positive,"hex nuts, style 1-grades ab gb_GB_FASTENER_NUT_SNAB1 M4-C001",True,0.0,5.684341886080802e-14,0.0,0.0,0.0
77.0,left_distal_negative,小腿001,left_distal_positive,小腿004,True,0.9999999999999858,0.9999999999999858,0.0,0.0,0.0
77.0,left_distal_negative,小腿001,left_wheel,推力轴承002,True,0.0,1.4210854715202004e-14,0.0,0.0,0.0
77.0,left_distal_negative,小腿001,left_wheel,驱动板004,True,0.4999999999998721,0.4999999999998863,0.0,0.0,0.0
77.0,left_distal_negative,小腿001,left_wheel,MISUMI_CBSTSR4-16_内六角螺栓（盖螺栓）,True,0.0,0.0,0.0,0.0,0.0
77.0,left_distal_positive,小腿004,left_wheel,推力轴承002,True,0.0,0.0,0.0,0.0,0.0
77.0,left_distal_positive,小腿004,left_wheel,MISUMI_C-SE604ZZ_不锈钢小径滚珠轴承,True,0.0,1.4210854715202004e-14,0.0,0.0,0.0
77.0,left_distal_positive,小腿004,left_wheel,MISUMI_CBSTSR4-16_内六角螺栓（盖螺栓）,True,0.0,0.09999999939667777,0.0,0.0,0.0
77.0,right_proximal_negative,大腿垫高001,right_distal_negative,小腿010,True,0.0,12.513649846452443,0.0,0.0,0.0
77.0,right_proximal_negative,大腿003,right_distal_negative,推力轴承004,True,0.0,1.2789769243681803e-13,0.0,0.0,0.0
77.0,right_proximal_negative,大腿003,right_distal_negative,小腿009,True,2.0,2.0,0.0,0.0,0.0
77.0,right_proximal_negative,大腿003,right_distal_negative,小腿010,True,1.0,1.0,0.0,0.0,0.0
77.0,right_proximal_negative,大腿003,right_distal_negative,"hex nuts, style 1-grades ab gb_GB_FASTENER_NUT_SNAB1 M4-C005",True,1.1368683772161603e-13,1.4210854715202004e-13,0.0,0.0,0.0
77.0,right_proximal_negative,大腿003,right_distal_negative,cross recessed pan head screws gb_GB_CROSS_SCREWS_TYPE1 M4X16-16  H type-C003,True,0.0,0.09999999972704249,0.0,0.0,0.0
77.0,right_proximal_negative,大腿垫高001,right_distal_positive,小腿007,False,0.0,51.63776376411985,0.0,0.0,0.0
77.0,right_proximal_negative,大腿003,right_distal_positive,小腿007,False,0.0,51.63776376411981,0.0,0.0,0.0
77.0,right_proximal_positive,大腿002,right_distal_negative,小腿010,False,0.0,51.637763764483054,0.0,0.0,0.0
77.0,right_proximal_positive,大腿002,right_distal_positive,推力轴承003,True,0.0,0.0,0.0,0.0,0.0
77.0,right_proximal_positive,大腿002,right_distal_positive,小腿007,True,1.0,1.0000000000000142,0.0,0.0,0.0
77.0,right_proximal_positive,大腿002,right_distal_positive,cross recessed pan head screws gb_GB_CROSS_SCREWS_TYPE1 M4X16-16  H type-C002,True,0.0,0.0999999997227899,0.0,0.0,0.0
77.0,right_proximal_positive,大腿002,right_distal_positive,"hex nuts, style 1-grades ab gb_GB_FASTENER_NUT_SNAB1 M4-C003",True,0.0,1.4210854715202004e-14,0.0,0.0,0.0
77.0,right_distal_negative,小腿010,right_distal_positive,小腿007,True,1.0000000000000142,1.0000000000000142,0.0,0.0,0.0
77.0,right_distal_negative,小腿010,right_wheel,推力轴承005,True,0.0,1.4210854715202004e-14,0.0,0.0,0.0
77.0,right_distal_negative,小腿010,right_wheel,MISUMI_C-SE604ZZ_不锈钢小径滚珠轴承004,True,0.0,1.4210854715202004e-14,0.0,0.0,0.0
77.0,right_distal_negative,小腿010,right_wheel,MISUMI_CBSTSR4-16_内六角螺栓（盖螺栓）001,True,0.0,0.09999999973819144,0.0,0.0,0.0
77.0,right_distal_positive,小腿007,right_wheel,推力轴承005,True,0.0,0.0,0.0,0.0,0.0
77.0,right_distal_positive,小腿007,right_wheel,驱动板005,True,0.4999999999998863,0.49999999999991473,0.0,0.0,0.0
77.0,right_distal_positive,小腿007,right_wheel,MISUMI_CBSTSR4-16_内六角螺栓（盖螺栓）001,True,0.0,0.0,0.0,0.0,0.0
78.0,edulite_left_negative,00_1-1305_1_1,left_proximal_negative,大腿,True,0.0,5.772476473450155e-14,0.0,0.0,0.0
78.0,edulite_left_negative,100_1_1_1,left_proximal_negative,大腿,True,1.499999999999858,1.499999999999858,0.0,0.0,0.0
78.0,edulite_left_negative,000_1-4238_1_1,left_proximal_negative,大腿,True,0.0,0.0,0.0,0.0,0.0
78.0,edulite_left_negative,00_1-4459_1_1,left_proximal_negative,大腿,True,0.0,0.0,0.0,0.0,0.0
78.0,edulite_left_negative,00_1-4459_1_001,left_proximal_negative,大腿,True,0.0,0.0,0.0,0.0,0.0
78.0,edulite_left_negative,00_1-4459_1_002,left_proximal_negative,大腿,True,0.0,0.0,0.0,0.0,0.0
78.0,edulite_left_negative,200_1_1_1,left_proximal_negative,大腿,True,0.9999999999998579,3.162277655619306,0.0,0.0,0.0
78.0,edulite_left_negative,00_1-8689_1_1,left_proximal_negative,大腿,True,0.9999999999998579,0.9999999999998579,0.0,0.0,0.0
78.0,edulite_left_negative,00_1-1305_1_1,left_distal_positive,小腿004,False,0.0,45.5220183878852,0.0,0.0,0.0
78.0,edulite_left_negative,100_1_1_1,left_distal_positive,小腿004,False,1.5,50.04351533123712,0.0,0.0,0.0
78.0,edulite_left_negative,000_1-4238_1_1,left_distal_positive,小腿004,False,0.0,52.523409789639835,0.0,0.0,0.0
78.0,edulite_left_negative,00_1-8689_1_1,left_distal_positive,小腿004,False,1.0,49.631105194546464,0.0,0.0,0.0
78.0,edulite_left_positive,00_1-1305_1_1,left_proximal_positive,大腿垫高,True,1.4210854715202004e-14,2.5495097526609922,0.0,0.0,0.0
78.0,edulite_left_positive,100_1_1_1,left_proximal_positive,大腿垫高,True,1.5000000000000142,1.5000000000000142,0.0,0.0,0.0
78.0,edulite_left_positive,000_1-4238_1_1,left_proximal_positive,大腿垫高,True,1.4210854715202004e-14,0.0,0.0,0.0,0.0
78.0,edulite_left_positive,00_1-4459_1_1,left_proximal_positive,大腿垫高,True,0.0,0.0,0.0,0.0,0.0
78.0,edulite_left_positive,00_1-4459_1_001,left_proximal_positive,大腿垫高,True,0.0,0.0,0.0,0.0,0.0
78.0,edulite_left_positive,00_1-4459_1_002,left_proximal_positive,大腿垫高,True,0.0,0.0,0.0,0.0,0.0
78.0,edulite_left_positive,200_1_1_1,left_proximal_positive,大腿垫高,True,1.0000000000000142,3.1622776561675052,0.0,0.0,0.0
78.0,edulite_left_positive,00_1-8689_1_1,left_proximal_positive,大腿垫高,True,1.0000000000000142,2.14709105128917,0.0,0.0,0.0
78.0,edulite_left_positive,00_1-1305_1_1,left_distal_positive,小腿004,False,0.0,6.120344909144531,0.0,0.0,0.0
78.0,edulite_left_positive,100_1_1_1,left_distal_positive,小腿004,False,1.5,10.718466002774058,0.0,0.0,0.0
78.0,edulite_left_positive,000_1-4238_1_1,left_distal_positive,小腿004,False,0.0,13.12251703202581,0.0,0.0,0.0
78.0,edulite_left_positive,00_1-4459_1_1,left_distal_positive,小腿004,False,1.355116481692832,25.482821385292645,0.0,0.0,0.0
78.0,edulite_left_positive,00_1-4459_1_001,left_distal_positive,小腿004,False,1.2369049468158337,35.46125070322706,0.0,0.0,0.0
78.0,edulite_left_positive,00_1-4459_1_002,left_distal_positive,小腿004,False,0.0,20.394891793021355,0.0,0.0,0.0
78.0,edulite_left_positive,200_1_1_1,left_distal_positive,小腿004,False,1.0,24.13371476565137,0.0,0.0,0.0
78.0,edulite_left_positive,00_1-8689_1_1,left_distal_positive,小腿004,False,1.0,10.261828447411983,0.0,0.0,0.0
78.0,edulite_right_negative,00_1-1305_1_1,right_proximal_negative,大腿垫高001,True,2.842170943040401e-14,2.549509752903631,0.0,0.0,0.0
78.0,edulite_right_negative,100_1_1_1,right_proximal_negative,大腿垫高001,True,1.5000000000000284,1.5000000000000284,0.0,0.0,0.0
78.0,edulite_right_negative,000_1-4238_1_1,right_proximal_negative,大腿垫高001,True,2.842170943040401e-14,0.0,0.0,0.0,0.0
78.0,edulite_right_negative,00_1-4459_1_1,right_proximal_negative,大腿垫高001,True,0.0,0.0,0.0,0.0,0.0
78.0,edulite_right_negative,00_1-4459_1_001,right_proximal_negative,大腿垫高001,True,0.0,0.0,0.0,0.0,0.0
78.0,edulite_right_negative,00_1-4459_1_002,right_proximal_negative,大腿垫高001,True,0.0,0.0,0.0,0.0,0.0
78.0,edulite_right_negative,200_1_1_1,right_proximal_negative,大腿垫高001,True,1.0000000000000284,3.1622776562352595,0.0,0.0,0.0
78.0,edulite_right_negative,00_1-8689_1_1,right_proximal_negative,大腿垫高001,True,1.0000000000000284,2.1470910512892356,0.0,0.0,0.0
78.0,edulite_right_negative,00_1-1305_1_1,right_distal_negative,小腿010,False,0.0,6.120344909302062,0.0,0.0,0.0
78.0,edulite_right_negative,100_1_1_1,right_distal_negative,小腿010,False,1.5,10.71846600293022,0.0,0.0,0.0
78.0,edulite_right_negative,000_1-4238_1_1,right_distal_negative,小腿010,False,0.0,13.122517032183417,0.0,0.0,0.0
78.0,edulite_right_negative,00_1-4459_1_1,right_distal_negative,小腿010,False,1.3551164819026056,25.48282138543244,0.0,0.0,0.0
78.0,edulite_right_negative,00_1-4459_1_001,right_distal_negative,小腿010,False,1.2369049470256073,35.461250703390824,0.0,0.0,0.0
78.0,edulite_right_negative,00_1-4459_1_002,right_distal_negative,小腿010,False,0.0,20.394891793190943,0.0,0.0,0.0
78.0,edulite_right_negative,200_1_1_1,right_distal_negative,小腿010,False,1.0,24.133714765808946,0.0,0.0,0.0
78.0,edulite_right_negative,00_1-8689_1_1,right_distal_negative,小腿010,False,1.0,10.261828447568954,0.0,0.0,0.0
78.0,edulite_right_positive,00_1-1305_1_1,right_proximal_positive,大腿002,True,1.4210854715202004e-14,1.4210854715202004e-14,0.0,0.0,0.0
78.0,edulite_right_positive,100_1_1_1,right_proximal_positive,大腿002,True,1.5000000000000142,1.5000000000000142,0.0,0.0,0.0
78.0,edulite_right_positive,000_1-4238_1_1,right_proximal_positive,大腿002,True,1.4210854715202004e-14,0.0,0.0,0.0,0.0
78.0,edulite_right_positive,00_1-4459_1_1,right_proximal_positive,大腿002,True,0.0,0.0,0.0,0.0,0.0
78.0,edulite_right_positive,00_1-4459_1_001,right_proximal_positive,大腿002,True,0.0,0.0,0.0,0.0,0.0
78.0,edulite_right_positive,00_1-4459_1_002,right_proximal_positive,大腿002,True,0.0,0.0,0.0,0.0,0.0
78.0,edulite_right_positive,200_1_1_1,right_proximal_positive,大腿002,True,1.0000000000000142,3.162277655619203,0.0,0.0,0.0
78.0,edulite_right_positive,00_1-8689_1_1,right_proximal_positive,大腿002,True,1.0000000000000142,1.0000000000000142,0.0,0.0,0.0
78.0,edulite_right_positive,00_1-1305_1_1,right_distal_negative,小腿010,False,0.0,45.52201838813611,0.0,0.0,0.0
78.0,edulite_right_positive,100_1_1_1,right_distal_negative,小腿010,False,1.5,50.043515331487924,0.0,0.0,0.0
78.0,edulite_right_positive,000_1-4238_1_1,right_distal_negative,小腿010,False,0.0,52.52340978989075,0.0,0.0,0.0
78.0,edulite_right_positive,00_1-8689_1_1,right_distal_negative,小腿010,False,1.0,49.631105194797335,0.0,0.0,0.0
78.0,left_proximal_negative,大腿,left_distal_negative,推力轴承,True,0.0,1.2789769243681803e-13,0.0,0.0,0.0
78.0,left_proximal_negative,大腿,left_distal_negative,小腿001,True,1.0000000000001137,1.000000000000142,0.0,0.0,0.0
78.0,left_proximal_negative,大腿,left_distal_negative,cross recessed pan head screws gb_GB_CROSS_SCREWS_TYPE1 M4X16-16  H type-C,True,0.0,0.0999999996989433,0.0,0.0,0.0
78.0,left_proximal_negative,大腿,left_distal_negative,"hex nuts, style 1-grades ab gb_GB_FASTENER_NUT_SNAB1 M4-C",True,0.0,1.1368683772161603e-13,0.0,0.0,0.0
78.0,left_proximal_negative,大腿,left_distal_positive,小腿004,False,0.0,52.52102985026786,0.0,0.0,0.0
78.0,left_proximal_positive,大腿垫高,left_distal_negative,小腿001,False,0.0,52.52102985051793,0.0,0.0,0.0
78.0,left_proximal_positive,大腿001,left_distal_negative,小腿001,False,0.0,52.521029850517884,0.0,0.0,0.0
78.0,left_proximal_positive,大腿垫高,left_distal_positive,小腿004,True,0.0,13.112987966370683,0.0,0.0,0.0
78.0,left_proximal_positive,大腿001,left_distal_positive,小腿004,True,1.0000000000000995,1.000000000000142,0.0,0.0,0.0
78.0,left_proximal_positive,大腿001,left_distal_positive,推力轴承001,True,0.0,1.4210854715202004e-13,0.0,0.0,0.0
78.0,left_proximal_positive,大腿001,left_distal_positive,cross recessed pan head screws gb_GB_CROSS_SCREWS_TYPE1 M4X16-16  H type-C001,True,0.0,0.09999999963759136,0.0,0.0,0.0
78.0,left_proximal_positive,大腿001,left_distal_positive,"hex nuts, style 1-grades ab gb_GB_FASTENER_NUT_SNAB1 M4-C001",True,0.0,5.684341886080802e-14,0.0,0.0,0.0
78.0,left_distal_negative,小腿001,left_distal_positive,小腿004,True,0.9999999999999858,0.9999999999999858,0.0,0.0,0.0
78.0,left_distal_negative,小腿001,left_wheel,推力轴承002,True,0.0,1.4210854715202004e-14,0.0,0.0,0.0
78.0,left_distal_negative,小腿001,left_wheel,驱动板004,True,0.4999999999998721,0.4999999999998863,0.0,0.0,0.0
78.0,left_distal_negative,小腿001,left_wheel,MISUMI_CBSTSR4-16_内六角螺栓（盖螺栓）,True,0.0,0.0,0.0,0.0,0.0
78.0,left_distal_positive,小腿004,left_wheel,推力轴承002,True,0.0,0.0,0.0,0.0,0.0
78.0,left_distal_positive,小腿004,left_wheel,MISUMI_C-SE604ZZ_不锈钢小径滚珠轴承,True,0.0,1.4210854715202004e-14,0.0,0.0,0.0
78.0,left_distal_positive,小腿004,left_wheel,MISUMI_CBSTSR4-16_内六角螺栓（盖螺栓）,True,0.0,0.09999999945003424,0.0,0.0,0.0
78.0,right_proximal_negative,大腿垫高001,right_distal_negative,小腿010,True,0.0,13.112987966528257,0.0,0.0,0.0
78.0,right_proximal_negative,大腿003,right_distal_negative,推力轴承004,True,0.0,1.2789769243681803e-13,0.0,0.0,0.0
78.0,right_proximal_negative,大腿003,right_distal_negative,小腿009,True,2.0,2.0,0.0,0.0,0.0
78.0,right_proximal_negative,大腿003,right_distal_negative,小腿010,True,1.0,1.0,0.0,0.0,0.0
78.0,right_proximal_negative,大腿003,right_distal_negative,"hex nuts, style 1-grades ab gb_GB_FASTENER_NUT_SNAB1 M4-C005",True,1.1368683772161603e-13,1.4210854715202004e-13,0.0,0.0,0.0
78.0,right_proximal_negative,大腿003,right_distal_negative,cross recessed pan head screws gb_GB_CROSS_SCREWS_TYPE1 M4X16-16  H type-C003,True,0.0,0.09999999976459086,0.0,0.0,0.0
78.0,right_proximal_negative,大腿垫高001,right_distal_positive,小腿007,False,0.0,52.52102985026786,0.0,0.0,0.0
78.0,right_proximal_negative,大腿003,right_distal_positive,小腿007,False,0.0,52.521029850267816,0.0,0.0,0.0
78.0,right_proximal_positive,大腿002,right_distal_negative,小腿010,False,0.0,52.52102985051875,0.0,0.0,0.0
78.0,right_proximal_positive,大腿002,right_distal_positive,推力轴承003,True,0.0,0.0,0.0,0.0,0.0
78.0,right_proximal_positive,大腿002,right_distal_positive,小腿007,True,1.0,1.0000000000000142,0.0,0.0,0.0
78.0,right_proximal_positive,大腿002,right_distal_positive,cross recessed pan head screws gb_GB_CROSS_SCREWS_TYPE1 M4X16-16  H type-C002,True,0.0,0.09999999972786026,0.0,0.0,0.0
78.0,right_proximal_positive,大腿002,right_distal_positive,"hex nuts, style 1-grades ab gb_GB_FASTENER_NUT_SNAB1 M4-C003",True,0.0,1.4210854715202004e-14,0.0,0.0,0.0
78.0,right_distal_negative,小腿010,right_distal_positive,小腿007,True,1.0000000000000142,1.0000000000000142,0.0,0.0,0.0
78.0,right_distal_negative,小腿010,right_wheel,推力轴承005,True,0.0,1.4210854715202004e-14,0.0,0.0,0.0
78.0,right_distal_negative,小腿010,right_wheel,MISUMI_C-SE604ZZ_不锈钢小径滚珠轴承004,True,0.0,1.4210854715202004e-14,0.0,0.0,0.0
78.0,right_distal_negative,小腿010,right_wheel,MISUMI_CBSTSR4-16_内六角螺栓（盖螺栓）001,True,0.0,0.09999999973812326,0.0,0.0,0.0
78.0,right_distal_positive,小腿007,right_wheel,推力轴承005,True,0.0,0.0,0.0,0.0,0.0
78.0,right_distal_positive,小腿007,right_wheel,驱动板005,True,0.4999999999998863,0.49999999999991473,0.0,0.0,0.0
78.0,right_distal_positive,小腿007,right_wheel,MISUMI_CBSTSR4-16_内六角螺栓（盖螺栓）001,True,0.0,0.0,0.0,0.0,0.0
79.0,edulite_left_negative,00_1-1305_1_1,left_proximal_negative,大腿,True,0.0,5.728578676879116e-14,0.0,0.0,0.0
79.0,edulite_left_negative,100_1_1_1,left_proximal_negative,大腿,True,1.499999999999858,1.499999999999858,0.0,0.0,0.0
79.0,edulite_left_negative,000_1-4238_1_1,left_proximal_negative,大腿,True,0.0,0.0,0.0,0.0,0.0
79.0,edulite_left_negative,00_1-4459_1_1,left_proximal_negative,大腿,True,0.0,0.0,0.0,0.0,0.0
79.0,edulite_left_negative,00_1-4459_1_001,left_proximal_negative,大腿,True,0.0,0.0,0.0,0.0,0.0
79.0,edulite_left_negative,00_1-4459_1_002,left_proximal_negative,大腿,True,0.0,0.0,0.0,0.0,0.0
79.0,edulite_left_negative,200_1_1_1,left_proximal_negative,大腿,True,0.9999999999998579,3.1622776555699907,0.0,0.0,0.0
79.0,edulite_left_negative,00_1-8689_1_1,left_proximal_negative,大腿,True,0.9999999999998579,0.9999999999998579,0.0,0.0,0.0
79.0,edulite_left_negative,00_1-1305_1_1,left_distal_positive,小腿004,False,0.0,46.20905150130046,0.0,0.0,0.0
79.0,edulite_left_negative,100_1_1_1,left_distal_positive,小腿004,False,1.5,50.730258619019125,0.0,0.0,0.0
79.0,edulite_left_negative,000_1-4238_1_1,left_distal_positive,小腿004,False,0.0,53.210426871355345,0.0,0.0,0.0
79.0,edulite_left_negative,00_1-8689_1_1,left_distal_positive,小腿004,False,1.0,50.31801543610277,0.0,0.0,0.0
79.0,edulite_left_positive,00_1-1305_1_1,left_proximal_positive,大腿垫高,True,1.4210854715202004e-14,2.549509752725293,0.0,0.0,0.0
79.0,edulite_left_positive,100_1_1_1,left_proximal_positive,大腿垫高,True,1.5000000000000142,1.5000000000000142,0.0,0.0,0.0
79.0,edulite_left_positive,000_1-4238_1_1,left_proximal_positive,大腿垫高,True,1.4210854715202004e-14,0.0,0.0,0.0,0.0
79.0,edulite_left_positive,00_1-4459_1_1,left_proximal_positive,大腿垫高,True,0.0,0.0,0.0,0.0,0.0
79.0,edulite_left_positive,00_1-4459_1_001,left_proximal_positive,大腿垫高,True,0.0,0.0,0.0,0.0,0.0
79.0,edulite_left_positive,00_1-4459_1_002,left_proximal_positive,大腿垫高,True,0.0,0.0,0.0,0.0,0.0
79.0,edulite_left_positive,200_1_1_1,left_proximal_positive,大腿垫高,True,1.0000000000000142,3.1622776562297052,0.0,0.0,0.0
79.0,edulite_left_positive,00_1-8689_1_1,left_proximal_positive,大腿垫高,True,1.0000000000000142,2.1470910512891637,0.0,0.0,0.0
79.0,edulite_left_positive,00_1-1305_1_1,left_distal_positive,小腿004,False,0.0,6.703567462744916,0.0,0.0,0.0
79.0,edulite_left_positive,100_1_1_1,left_distal_positive,小腿004,False,1.5,11.296879127434673,0.0,0.0,0.0
79.0,edulite_left_positive,000_1-4238_1_1,left_distal_positive,小腿004,False,0.0,13.705974401456007,0.0,0.0,0.0
79.0,edulite_left_positive,00_1-4459_1_002,left_distal_positive,小腿004,False,0.0,20.99192449363658,0.0,0.0,0.0
79.0,edulite_left_positive,200_1_1_1,left_distal_positive,小腿004,False,1.0,24.717088459136114,0.0,0.0,0.0
79.0,edulite_left_positive,00_1-8689_1_1,left_distal_positive,小腿004,False,1.0,10.843062160483516,0.0,0.0,0.0
79.0,edulite_right_negative,00_1-1305_1_1,right_proximal_negative,大腿垫高001,True,2.842170943040401e-14,2.549509752903624,0.0,0.0,0.0
79.0,edulite_right_negative,100_1_1_1,right_proximal_negative,大腿垫高001,True,1.5000000000000284,1.5000000000000284,0.0,0.0,0.0
79.0,edulite_right_negative,000_1-4238_1_1,right_proximal_negative,大腿垫高001,True,2.842170943040401e-14,0.0,0.0,0.0,0.0
79.0,edulite_right_negative,00_1-4459_1_1,right_proximal_negative,大腿垫高001,True,0.0,0.0,0.0,0.0,0.0
79.0,edulite_right_negative,00_1-4459_1_001,right_proximal_negative,大腿垫高001,True,0.0,0.0,0.0,0.0,0.0
79.0,edulite_right_negative,00_1-4459_1_002,right_proximal_negative,大腿垫高001,True,0.0,0.0,0.0,0.0,0.0
79.0,edulite_right_negative,200_1_1_1,right_proximal_negative,大腿垫高001,True,1.0000000000000284,3.162277656235266,0.0,0.0,0.0
79.0,edulite_right_negative,00_1-8689_1_1,right_proximal_negative,大腿垫高001,True,1.0000000000000284,2.147091051289241,0.0,0.0,0.0
79.0,edulite_right_negative,00_1-1305_1_1,right_distal_negative,小腿010,False,0.0,6.703567462900937,0.0,0.0,0.0
79.0,edulite_right_negative,100_1_1_1,right_distal_negative,小腿010,False,1.5,11.296879127589465,0.0,0.0,0.0
79.0,edulite_right_negative,000_1-4238_1_1,right_distal_negative,小腿010,False,0.0,13.705974401612082,0.0,0.0,0.0
79.0,edulite_right_negative,00_1-4459_1_002,right_distal_negative,小腿010,False,0.0,20.99192449380467,0.0,0.0,0.0
79.0,edulite_right_negative,200_1_1_1,right_distal_negative,小腿010,False,1.0,24.717088459292167,0.0,0.0,0.0
79.0,edulite_right_negative,00_1-8689_1_1,right_distal_negative,小腿010,False,1.0,10.843062160639027,0.0,0.0,0.0
79.0,edulite_right_positive,00_1-1305_1_1,right_proximal_positive,大腿002,True,1.4210854715202004e-14,1.4210854715202004e-14,0.0,0.0,0.0
79.0,edulite_right_positive,100_1_1_1,right_proximal_positive,大腿002,True,1.5000000000000142,1.5000000000000142,0.0,0.0,0.0
79.0,edulite_right_positive,000_1-4238_1_1,right_proximal_positive,大腿002,True,1.4210854715202004e-14,0.0,0.0,0.0,0.0
79.0,edulite_right_positive,00_1-4459_1_1,right_proximal_positive,大腿002,True,0.0,0.0,0.0,0.0,0.0
79.0,edulite_right_positive,00_1-4459_1_001,right_proximal_positive,大腿002,True,0.0,0.0,0.0,0.0,0.0
79.0,edulite_right_positive,00_1-4459_1_002,right_proximal_positive,大腿002,True,0.0,0.0,0.0,0.0,0.0
79.0,edulite_right_positive,200_1_1_1,right_proximal_positive,大腿002,True,1.0000000000000142,3.162277655569879,0.0,0.0,0.0
79.0,edulite_right_positive,00_1-8689_1_1,right_proximal_positive,大腿002,True,1.0000000000000142,1.0000000000000142,0.0,0.0,0.0
79.0,edulite_right_positive,00_1-1305_1_1,right_distal_negative,小腿010,False,0.0,46.20905150154968,0.0,0.0,0.0
79.0,edulite_right_positive,100_1_1_1,right_distal_negative,小腿010,False,1.5,50.73025861926825,0.0,0.0,0.0
79.0,edulite_right_positive,000_1-4238_1_1,right_distal_negative,小腿010,False,0.0,53.21042687160457,0.0,0.0,0.0
79.0,edulite_right_positive,00_1-8689_1_1,right_distal_negative,小腿010,False,1.0,50.31801543635196,0.0,0.0,0.0
79.0,left_proximal_negative,大腿,left_distal_negative,推力轴承,True,0.0,1.2789769243681803e-13,0.0,0.0,0.0
79.0,left_proximal_negative,大腿,left_distal_negative,小腿001,True,1.0000000000001137,1.000000000000142,0.0,0.0,0.0
79.0,left_proximal_negative,大腿,left_distal_negative,cross recessed pan head screws gb_GB_CROSS_SCREWS_TYPE1 M4X16-16  H type-C,True,0.0,0.09999999970493985,0.0,0.0,0.0
79.0,left_proximal_negative,大腿,left_distal_negative,"hex nuts, style 1-grades ab gb_GB_FASTENER_NUT_SNAB1 M4-C",True,0.0,1.1368683772161603e-13,0.0,0.0,0.0
79.0,left_proximal_negative,大腿,left_distal_positive,小腿004,False,0.0,53.208077661592796,0.0,0.0,0.0
79.0,left_proximal_positive,大腿垫高,left_distal_negative,小腿001,False,0.0,53.208077661841195,0.0,0.0,0.0
79.0,left_proximal_positive,大腿001,left_distal_negative,小腿001,False,0.0,53.20807766184116,0.0,0.0,0.0
79.0,left_proximal_positive,大腿垫高,left_distal_positive,小腿004,True,0.0,13.696851260434054,0.0,0.0,0.0
79.0,left_proximal_positive,大腿001,left_distal_positive,小腿004,True,1.0000000000000995,1.000000000000142,0.0,0.0,0.0
79.0,left_proximal_positive,大腿001,left_distal_positive,推力轴承001,True,0.0,1.4210854715202004e-13,0.0,0.0,0.0
79.0,left_proximal_positive,大腿001,left_distal_positive,cross recessed pan head screws gb_GB_CROSS_SCREWS_TYPE1 M4X16-16  H type-C001,True,0.0,0.09999999964771793,0.0,0.0,0.0
79.0,left_proximal_positive,大腿001,left_distal_positive,"hex nuts, style 1-grades ab gb_GB_FASTENER_NUT_SNAB1 M4-C001",True,0.0,5.684341886080802e-14,0.0,0.0,0.0
79.0,left_distal_negative,小腿001,left_distal_positive,小腿004,True,0.9999999999999858,0.9999999999999858,0.0,0.0,0.0
79.0,left_distal_negative,小腿001,left_wheel,推力轴承002,True,0.0,1.4210854715202004e-14,0.0,0.0,0.0
79.0,left_distal_negative,小腿001,left_wheel,驱动板004,True,0.4999999999998721,0.4999999999998863,0.0,0.0,0.0
79.0,left_distal_negative,小腿001,left_wheel,MISUMI_CBSTSR4-16_内六角螺栓（盖螺栓）,True,0.0,0.0,0.0,0.0,0.0
79.0,left_distal_positive,小腿004,left_wheel,推力轴承002,True,0.0,0.0,0.0,0.0,0.0
79.0,left_distal_positive,小腿004,left_wheel,MISUMI_C-SE604ZZ_不锈钢小径滚珠轴承,True,0.0,1.4210854715202004e-14,0.0,0.0,0.0
79.0,left_distal_positive,小腿004,left_wheel,MISUMI_CBSTSR4-16_内六角螺栓（盖螺栓）,True,0.0,0.09999999944907498,0.0,0.0,0.0
79.0,right_proximal_negative,大腿垫高001,right_distal_negative,小腿010,True,0.0,13.6968512605901,0.0,0.0,0.0
79.0,right_proximal_negative,大腿003,right_distal_negative,推力轴承004,True,0.0,1.2789769243681803e-13,0.0,0.0,0.0
79.0,right_proximal_negative,大腿003,right_distal_negative,小腿009,True,2.0,2.0,0.0,0.0,0.0
79.0,right_proximal_negative,大腿003,right_distal_negative,小腿010,True,1.0,1.0,0.0,0.0,0.0
79.0,right_proximal_negative,大腿003,right_distal_negative,"hex nuts, style 1-grades ab gb_GB_FASTENER_NUT_SNAB1 M4-C005",True,1.1368683772161603e-13,1.4210854715202004e-13,0.0,0.0,0.0
79.0,right_proximal_negative,大腿003,right_distal_negative,cross recessed pan head screws gb_GB_CROSS_SCREWS_TYPE1 M4X16-16  H type-C003,True,0.0,0.09999999979144916,0.0,0.0,0.0
79.0,right_proximal_negative,大腿垫高001,right_distal_positive,小腿007,False,0.0,53.208077661592796,0.0,0.0,0.0
79.0,right_proximal_negative,大腿003,right_distal_positive,小腿007,False,0.0,53.20807766159277,0.0,0.0,0.0
79.0,right_proximal_positive,大腿002,right_distal_negative,小腿010,False,0.0,53.20807766184202,0.0,0.0,0.0
79.0,right_proximal_positive,大腿002,right_distal_positive,推力轴承003,True,0.0,0.0,0.0,0.0,0.0
79.0,right_proximal_positive,大腿002,right_distal_positive,小腿007,True,1.0,1.0000000000000142,0.0,0.0,0.0
79.0,right_proximal_positive,大腿002,right_distal_positive,cross recessed pan head screws gb_GB_CROSS_SCREWS_TYPE1 M4X16-16  H type-C002,True,0.0,0.09999999974579803,0.0,0.0,0.0
79.0,right_proximal_positive,大腿002,right_distal_positive,"hex nuts, style 1-grades ab gb_GB_FASTENER_NUT_SNAB1 M4-C003",True,0.0,1.4210854715202004e-14,0.0,0.0,0.0
79.0,right_distal_negative,小腿010,right_distal_positive,小腿007,True,1.0000000000000142,1.0000000000000142,0.0,0.0,0.0
79.0,right_distal_negative,小腿010,right_wheel,推力轴承005,True,0.0,1.4210854715202004e-14,0.0,0.0,0.0
79.0,right_distal_negative,小腿010,right_wheel,MISUMI_C-SE604ZZ_不锈钢小径滚珠轴承004,True,0.0,1.4210854715202004e-14,0.0,0.0,0.0
79.0,right_distal_negative,小腿010,right_wheel,MISUMI_CBSTSR4-16_内六角螺栓（盖螺栓）001,True,0.0,0.09999999973806002,0.0,0.0,0.0
79.0,right_distal_positive,小腿007,right_wheel,推力轴承005,True,0.0,0.0,0.0,0.0,0.0
79.0,right_distal_positive,小腿007,right_wheel,驱动板005,True,0.4999999999998863,0.49999999999991473,0.0,0.0,0.0
79.0,right_distal_positive,小腿007,right_wheel,MISUMI_CBSTSR4-16_内六角螺栓（盖螺栓）001,True,0.0,0.0,0.0,0.0,0.0
80.0,edulite_left_negative,00_1-1305_1_1,left_proximal_negative,大腿,True,0.0,5.728578676879116e-14,0.0,0.0,0.0
80.0,edulite_left_negative,100_1_1_1,left_proximal_negative,大腿,True,1.499999999999858,1.499999999999858,0.0,0.0,0.0
80.0,edulite_left_negative,000_1-4238_1_1,left_proximal_negative,大腿,True,0.0,0.0,0.0,0.0,0.0
80.0,edulite_left_negative,00_1-4459_1_1,left_proximal_negative,大腿,True,0.0,0.0,0.0,0.0,0.0
80.0,edulite_left_negative,00_1-4459_1_001,left_proximal_negative,大腿,True,0.0,0.0,0.0,0.0,0.0
80.0,edulite_left_negative,00_1-4459_1_002,left_proximal_negative,大腿,True,0.0,0.0,0.0,0.0,0.0
80.0,edulite_left_negative,200_1_1_1,left_proximal_negative,大腿,True,0.9999999999998579,3.1622776555225003,0.0,0.0,0.0
80.0,edulite_left_negative,00_1-8689_1_1,left_proximal_negative,大腿,True,0.9999999999998579,0.9999999999998579,0.0,0.0,0.0
80.0,edulite_left_negative,00_1-1305_1_1,left_distal_positive,小腿004,False,0.0,46.887793845366794,0.0,0.0,0.0
80.0,edulite_left_negative,100_1_1_1,left_distal_positive,小腿004,False,1.5,51.40872220317319,0.0,0.0,0.0
80.0,edulite_left_negative,000_1-4238_1_1,left_distal_positive,小腿004,False,0.0,53.88915372364355,0.0,0.0,0.0
80.0,edulite_left_negative,00_1-8689_1_1,left_distal_positive,小腿004,False,1.0,50.99663960777259,0.0,0.0,0.0
80.0,edulite_left_positive,00_1-1305_1_1,left_proximal_positive,大腿垫高,True,1.4210854715202004e-14,2.549509752789942,0.0,0.0,0.0
80.0,edulite_left_positive,100_1_1_1,left_proximal_positive,大腿垫高,True,1.5000000000000142,1.5000000000000142,0.0,0.0,0.0
80.0,edulite_left_positive,000_1-4238_1_1,left_proximal_positive,大腿垫高,True,1.4210854715202004e-14,0.0,0.0,0.0,0.0
80.0,edulite_left_positive,00_1-4459_1_1,left_proximal_positive,大腿垫高,True,0.0,0.0,0.0,0.0,0.0
80.0,edulite_left_positive,00_1-4459_1_001,left_proximal_positive,大腿垫高,True,0.0,0.0,0.0,0.0,0.0
80.0,edulite_left_positive,00_1-4459_1_002,left_proximal_positive,大腿垫高,True,0.0,0.0,0.0,0.0,0.0
80.0,edulite_left_positive,200_1_1_1,left_proximal_positive,大腿垫高,True,1.0000000000000142,3.162277656235201,0.0,0.0,0.0
80.0,edulite_left_positive,00_1-8689_1_1,left_proximal_positive,大腿垫高,True,1.0000000000000142,2.1470910512891646,0.0,0.0,0.0
80.0,edulite_left_positive,00_1-1305_1_1,left_distal_positive,小腿004,False,0.0,7.271573518852589,0.0,0.0,0.0
80.0,edulite_left_positive,100_1_1_1,left_distal_positive,小腿004,False,1.5,11.860616470218178,0.0,0.0,0.0
80.0,edulite_left_positive,000_1-4238_1_1,left_distal_positive,小腿004,False,0.0,14.274142183022017,0.0,0.0,0.0
80.0,edulite_left_positive,00_1-4459_1_002,left_distal_positive,小腿004,False,0.0,21.574591505646772,0.0,0.0,0.0
80.0,edulite_left_positive,200_1_1_1,left_distal_positive,小腿004,False,1.0,25.285164581117677,0.0,0.0,0.0
80.0,edulite_left_positive,00_1-8689_1_1,left_distal_positive,小腿004,False,1.0,11.409290825130537,0.0,0.0,0.0
80.0,edulite_right_negative,00_1-1305_1_1,right_proximal_negative,大腿垫高001,True,2.842170943040401e-14,2.549509752903624,0.0,0.0,0.0
80.0,edulite_right_negative,100_1_1_1,right_proximal_negative,大腿垫高001,True,1.5000000000000284,1.5000000000000284,0.0,0.0,0.0
80.0,edulite_right_negative,000_1-4238_1_1,right_proximal_negative,大腿垫高001,True,2.842170943040401e-14,0.0,0.0,0.0,0.0
80.0,edulite_right_negative,00_1-4459_1_1,right_proximal_negative,大腿垫高001,True,0.0,0.0,0.0,0.0,0.0
80.0,edulite_right_negative,00_1-4459_1_001,right_proximal_negative,大腿垫高001,True,0.0,0.0,0.0,0.0,0.0
80.0,edulite_right_negative,00_1-4459_1_002,right_proximal_negative,大腿垫高001,True,0.0,0.0,0.0,0.0,0.0
80.0,edulite_right_negative,200_1_1_1,right_proximal_negative,大腿垫高001,True,1.0000000000000284,3.162277656235266,0.0,0.0,0.0
80.0,edulite_right_negative,00_1-8689_1_1,right_proximal_negative,大腿垫高001,True,1.0000000000000284,2.147091051289242,0.0,0.0,0.0
80.0,edulite_right_negative,00_1-1305_1_1,right_distal_negative,小腿010,False,0.0,7.271573519007072,0.0,0.0,0.0
80.0,edulite_right_negative,100_1_1_1,right_distal_negative,小腿010,False,1.5,11.860616470371546,0.0,0.0,0.0
80.0,edulite_right_negative,000_1-4238_1_1,right_distal_negative,小腿010,False,0.0,14.27414218317654,0.0,0.0,0.0
80.0,edulite_right_negative,00_1-4459_1_002,right_distal_negative,小腿010,False,0.0,21.574591505813324,0.0,0.0,0.0
80.0,edulite_right_negative,200_1_1_1,right_distal_negative,小腿010,False,1.0,25.285164581272166,0.0,0.0,0.0
80.0,edulite_right_negative,00_1-8689_1_1,right_distal_negative,小腿010,False,1.0,11.409290825284556,0.0,0.0,0.0
80.0,edulite_right_positive,00_1-1305_1_1,right_proximal_positive,大腿002,True,1.4210854715202004e-14,1.4210854715202004e-14,0.0,0.0,0.0
80.0,edulite_right_positive,100_1_1_1,right_proximal_positive,大腿002,True,1.5000000000000142,1.5000000000000142,0.0,0.0,0.0
80.0,edulite_right_positive,000_1-4238_1_1,right_proximal_positive,大腿002,True,1.4210854715202004e-14,0.0,0.0,0.0,0.0
80.0,edulite_right_positive,00_1-4459_1_1,right_proximal_positive,大腿002,True,0.0,0.0,0.0,0.0,0.0
80.0,edulite_right_positive,00_1-4459_1_001,right_proximal_positive,大腿002,True,0.0,0.0,0.0,0.0,0.0
80.0,edulite_right_positive,00_1-4459_1_002,right_proximal_positive,大腿002,True,0.0,0.0,0.0,0.0,0.0
80.0,edulite_right_positive,200_1_1_1,right_proximal_positive,大腿002,True,1.0000000000000142,3.1622776555223866,0.0,0.0,0.0
80.0,edulite_right_positive,00_1-8689_1_1,right_proximal_positive,大腿002,True,1.0000000000000142,1.0000000000000142,0.0,0.0,0.0
80.0,edulite_right_positive,00_1-1305_1_1,right_distal_negative,小腿010,False,0.0,46.887793845614254,0.0,0.0,0.0
80.0,edulite_right_positive,100_1_1_1,right_distal_negative,小腿010,False,1.5,51.408722203420545,0.0,0.0,0.0
80.0,edulite_right_positive,000_1-4238_1_1,right_distal_negative,小腿010,False,0.0,53.889153723891006,0.0,0.0,0.0
80.0,edulite_right_positive,00_1-8689_1_1,right_distal_negative,小腿010,False,1.0,50.99663960802001,0.0,0.0,0.0
80.0,left_proximal_negative,大腿,left_distal_negative,推力轴承,True,0.0,1.2789769243681803e-13,0.0,0.0,0.0
80.0,left_proximal_negative,大腿,left_distal_negative,小腿001,True,1.0000000000001137,1.000000000000142,0.0,0.0,0.0
80.0,left_proximal_negative,大腿,left_distal_negative,cross recessed pan head screws gb_GB_CROSS_SCREWS_TYPE1 M4X16-16  H type-C,True,0.0,0.09999999971097842,0.0,0.0,0.0
80.0,left_proximal_negative,大腿,left_distal_negative,"hex nuts, style 1-grades ab gb_GB_FASTENER_NUT_SNAB1 M4-C",True,0.0,1.1368683772161603e-13,0.0,0.0,0.0
80.0,left_proximal_negative,大腿,left_distal_positive,小腿004,False,0.0,53.88683410322573,0.0,0.0,0.0
80.0,left_proximal_positive,大腿垫高,left_distal_negative,小腿001,False,0.0,53.886834103472346,0.0,0.0,0.0
80.0,left_proximal_positive,大腿001,left_distal_negative,小腿001,False,0.0,53.88683410347231,0.0,0.0,0.0
80.0,left_proximal_positive,大腿垫高,left_distal_positive,小腿004,True,0.0,14.26538240723862,0.0,0.0,0.0
80.0,left_proximal_positive,大腿001,left_distal_positive,小腿004,True,1.0000000000000995,1.000000000000142,0.0,0.0,0.0
80.0,left_proximal_positive,大腿001,left_distal_positive,推力轴承001,True,0.0,1.4210854715202004e-13,0.0,0.0,0.0
80.0,left_proximal_positive,大腿001,left_distal_positive,cross recessed pan head screws gb_GB_CROSS_SCREWS_TYPE1 M4X16-16  H type-C001,True,0.0,0.09999999965349866,0.0,0.0,0.0
80.0,left_proximal_positive,大腿001,left_distal_positive,"hex nuts, style 1-grades ab gb_GB_FASTENER_NUT_SNAB1 M4-C001",True,0.0,5.684341886080802e-14,0.0,0.0,0.0
80.0,left_distal_negative,小腿001,left_distal_positive,小腿004,True,0.9999999999999858,0.9999999999999858,0.0,0.0,0.0
80.0,left_distal_negative,小腿001,left_wheel,推力轴承002,True,0.0,1.4210854715202004e-14,0.0,0.0,0.0
80.0,left_distal_negative,小腿001,left_wheel,驱动板004,True,0.4999999999998721,0.4999999999998863,0.0,0.0,0.0
80.0,left_distal_negative,小腿001,left_wheel,MISUMI_CBSTSR4-16_内六角螺栓（盖螺栓）,True,0.0,0.0,0.0,0.0,0.0
80.0,left_distal_positive,小腿004,left_wheel,推力轴承002,True,0.0,0.0,0.0,0.0,0.0
80.0,left_distal_positive,小腿004,left_wheel,MISUMI_C-SE604ZZ_不锈钢小径滚珠轴承,True,0.0,1.4210854715202004e-14,0.0,0.0,0.0
80.0,left_distal_positive,小腿004,left_wheel,MISUMI_CBSTSR4-16_内六角螺栓（盖螺栓）,True,0.0,0.09999999944812284,0.0,0.0,0.0
80.0,right_proximal_negative,大腿垫高001,right_distal_negative,小腿010,True,0.0,14.265382407393092,0.0,0.0,0.0
80.0,right_proximal_negative,大腿003,right_distal_negative,推力轴承004,True,0.0,1.2789769243681803e-13,0.0,0.0,0.0
80.0,right_proximal_negative,大腿003,right_distal_negative,小腿009,True,2.0,2.0,0.0,0.0,0.0
80.0,right_proximal_negative,大腿003,right_distal_negative,小腿010,True,1.0,1.0,0.0,0.0,0.0
80.0,right_proximal_negative,大腿003,right_distal_negative,"hex nuts, style 1-grades ab gb_GB_FASTENER_NUT_SNAB1 M4-C005",True,1.1368683772161603e-13,1.4210854715202004e-13,0.0,0.0,0.0
80.0,right_proximal_negative,大腿003,right_distal_negative,cross recessed pan head screws gb_GB_CROSS_SCREWS_TYPE1 M4X16-16  H type-C003,True,0.0,0.099999999787103,0.0,0.0,0.0
80.0,right_proximal_negative,大腿垫高001,right_distal_positive,小腿007,False,0.0,53.88683410322573,0.0,0.0,0.0
80.0,right_proximal_negative,大腿003,right_distal_positive,小腿007,False,0.0,53.8868341032257,0.0,0.0,0.0
80.0,right_proximal_positive,大腿002,right_distal_negative,小腿010,False,0.0,53.886834103473184,0.0,0.0,0.0
80.0,right_proximal_positive,大腿002,right_distal_positive,推力轴承003,True,0.0,0.0,0.0,0.0,0.0
80.0,right_proximal_positive,大腿002,right_distal_positive,小腿007,True,1.0,1.0000000000000142,0.0,0.0,0.0
80.0,right_proximal_positive,大腿002,right_distal_positive,cross recessed pan head screws gb_GB_CROSS_SCREWS_TYPE1 M4X16-16  H type-C002,True,0.0,0.09999999974628913,0.0,0.0,0.0
80.0,right_proximal_positive,大腿002,right_distal_positive,"hex nuts, style 1-grades ab gb_GB_FASTENER_NUT_SNAB1 M4-C003",True,0.0,1.4210854715202004e-14,0.0,0.0,0.0
80.0,right_distal_negative,小腿010,right_distal_positive,小腿007,True,1.0000000000000142,1.0000000000000142,0.0,0.0,0.0
80.0,right_distal_negative,小腿010,right_wheel,推力轴承005,True,0.0,1.4210854715202004e-14,0.0,0.0,0.0
80.0,right_distal_negative,小腿010,right_wheel,MISUMI_C-SE604ZZ_不锈钢小径滚珠轴承004,True,0.0,1.4210854715202004e-14,0.0,0.0,0.0
80.0,right_distal_negative,小腿010,right_wheel,MISUMI_CBSTSR4-16_内六角螺栓（盖螺栓）001,True,0.0,0.09999999973797595,0.0,0.0,0.0
80.0,right_distal_positive,小腿007,right_wheel,推力轴承005,True,0.0,0.0,0.0,0.0,0.0
80.0,right_distal_positive,小腿007,right_wheel,驱动板005,True,0.4999999999998863,0.49999999999991473,0.0,0.0,0.0
80.0,right_distal_positive,小腿007,right_wheel,MISUMI_CBSTSR4-16_内六角螺栓（盖螺栓）001,True,0.0,0.0,0.0,0.0,0.0
81.0,edulite_left_negative,00_1-1305_1_1,left_proximal_negative,大腿,True,0.0,5.684341886080802e-14,0.0,0.0,0.0
81.0,edulite_left_negative,100_1_1_1,left_proximal_negative,大腿,True,1.499999999999858,1.499999999999858,0.0,0.0,0.0
81.0,edulite_left_negative,000_1-4238_1_1,left_proximal_negative,大腿,True,0.0,0.0,0.0,0.0,0.0
81.0,edulite_left_negative,00_1-4459_1_1,left_proximal_negative,大腿,True,0.0,0.0,0.0,0.0,0.0
81.0,edulite_left_negative,00_1-4459_1_001,left_proximal_negative,大腿,True,0.0,0.0,0.0,0.0,0.0
81.0,edulite_left_negative,00_1-4459_1_002,left_proximal_negative,大腿,True,0.0,0.0,0.0,0.0,0.0
81.0,edulite_left_negative,200_1_1_1,left_proximal_negative,大腿,True,0.9999999999998579,3.1622776554767844,0.0,0.0,0.0
81.0,edulite_left_negative,00_1-8689_1_1,left_proximal_negative,大腿,True,0.9999999999998579,0.9999999999998579,0.0,0.0,0.0
81.0,edulite_left_negative,00_1-1305_1_1,left_distal_positive,小腿004,False,0.0,47.55802035939646,0.0,0.0,0.0
81.0,edulite_left_negative,100_1_1_1,left_distal_positive,小腿004,False,1.5,52.07868054915424,0.0,0.0,0.0
81.0,edulite_left_negative,000_1-4238_1_1,left_distal_positive,小腿004,False,0.0,54.55936526782156,0.0,0.0,0.0
81.0,edulite_left_negative,00_1-8689_1_1,left_distal_positive,小腿004,False,1.0,51.66675244711035,0.0,0.0,0.0
81.0,edulite_left_positive,00_1-1305_1_1,left_proximal_positive,大腿垫高,True,1.4210854715202004e-14,2.5495097528549775,0.0,0.0,0.0
81.0,edulite_left_positive,100_1_1_1,left_proximal_positive,大腿垫高,True,1.5000000000000142,1.5000000000000142,0.0,0.0,0.0
81.0,edulite_left_positive,000_1-4238_1_1,left_proximal_positive,大腿垫高,True,1.4210854715202004e-14,0.0,0.0,0.0,0.0
81.0,edulite_left_positive,00_1-4459_1_1,left_proximal_positive,大腿垫高,True,0.0,0.0,0.0,0.0,0.0
81.0,edulite_left_positive,00_1-4459_1_001,left_proximal_positive,大腿垫高,True,0.0,0.0,0.0,0.0,0.0
81.0,edulite_left_positive,00_1-4459_1_002,left_proximal_positive,大腿垫高,True,0.0,0.0,0.0,0.0,0.0
81.0,edulite_left_positive,200_1_1_1,left_proximal_positive,大腿垫高,True,1.0000000000000142,3.162277656235201,0.0,0.0,0.0
81.0,edulite_left_positive,00_1-8689_1_1,left_proximal_positive,大腿垫高,True,1.0000000000000142,2.147091051289164,0.0,0.0,0.0
81.0,edulite_left_positive,00_1-1305_1_1,left_distal_positive,小腿004,False,0.0,7.824445401375448,0.0,0.0,0.0
81.0,edulite_left_positive,100_1_1_1,left_distal_positive,小腿004,False,1.5,12.409680679111892,0.0,0.0,0.0
81.0,edulite_left_positive,000_1-4238_1_1,left_distal_positive,小腿004,False,0.0,14.827124972719558,0.0,0.0,0.0
81.0,edulite_left_positive,00_1-4459_1_002,left_distal_positive,小腿004,False,0.0,22.142974045200837,0.0,0.0,0.0
81.0,edulite_left_positive,200_1_1_1,left_distal_positive,小腿004,False,1.0,25.838050636856792,0.0,0.0,0.0
81.0,edulite_left_positive,00_1-8689_1_1,left_distal_positive,小腿004,False,1.0,11.9605694217986,0.0,0.0,0.0
81.0,edulite_right_negative,00_1-1305_1_1,right_proximal_negative,大腿垫高001,True,2.842170943040401e-14,2.549509752903624,0.0,0.0,0.0
81.0,edulite_right_negative,100_1_1_1,right_proximal_negative,大腿垫高001,True,1.5000000000000284,1.5000000000000284,0.0,0.0,0.0
81.0,edulite_right_negative,000_1-4238_1_1,right_proximal_negative,大腿垫高001,True,2.842170943040401e-14,0.0,0.0,0.0,0.0
81.0,edulite_right_negative,00_1-4459_1_1,right_proximal_negative,大腿垫高001,True,0.0,0.0,0.0,0.0,0.0
81.0,edulite_right_negative,00_1-4459_1_001,right_proximal_negative,大腿垫高001,True,0.0,0.0,0.0,0.0,0.0
81.0,edulite_right_negative,00_1-4459_1_002,right_proximal_negative,大腿垫高001,True,0.0,0.0,0.0,0.0,0.0
81.0,edulite_right_negative,200_1_1_1,right_proximal_negative,大腿垫高001,True,1.0000000000000284,3.162277656235266,0.0,0.0,0.0
81.0,edulite_right_negative,00_1-8689_1_1,right_proximal_negative,大腿垫高001,True,1.0000000000000284,2.147091051289241,0.0,0.0,0.0
81.0,edulite_right_negative,00_1-1305_1_1,right_distal_negative,小腿010,False,0.0,7.8244454015283775,0.0,0.0,0.0
81.0,edulite_right_negative,100_1_1_1,right_distal_negative,小腿010,False,1.5,12.409680679263811,0.0,0.0,0.0
81.0,edulite_right_negative,000_1-4238_1_1,right_distal_negative,小腿010,False,0.0,14.827124972872511,0.0,0.0,0.0
81.0,edulite_right_negative,00_1-4459_1_002,right_distal_negative,小腿010,False,0.0,22.142974045365854,0.0,0.0,0.0
81.0,edulite_right_negative,200_1_1_1,right_distal_negative,小腿010,False,1.0,25.838050637009726,0.0,0.0,0.0
81.0,edulite_right_negative,00_1-8689_1_1,right_distal_negative,小腿010,False,1.0,11.960569421951108,0.0,0.0,0.0
81.0,edulite_right_positive,00_1-1305_1_1,right_proximal_positive,大腿002,True,1.4210854715202004e-14,1.4210854715202004e-14,0.0,0.0,0.0
81.0,edulite_right_positive,100_1_1_1,right_proximal_positive,大腿002,True,1.5000000000000142,1.5000000000000142,0.0,0.0,0.0
81.0,edulite_right_positive,000_1-4238_1_1,right_proximal_positive,大腿002,True,1.4210854715202004e-14,0.0,0.0,0.0,0.0
81.0,edulite_right_positive,00_1-4459_1_1,right_proximal_positive,大腿002,True,0.0,0.0,0.0,0.0,0.0
81.0,edulite_right_positive,00_1-4459_1_001,right_proximal_positive,大腿002,True,0.0,0.0,0.0,0.0,0.0
81.0,edulite_right_positive,00_1-4459_1_002,right_proximal_positive,大腿002,True,0.0,0.0,0.0,0.0,0.0
81.0,edulite_right_positive,200_1_1_1,right_proximal_positive,大腿002,True,1.0000000000000142,3.1622776554766743,0.0,0.0,0.0
81.0,edulite_right_positive,00_1-8689_1_1,right_proximal_positive,大腿002,True,1.0000000000000142,1.0000000000000142,0.0,0.0,0.0
81.0,edulite_right_positive,00_1-1305_1_1,right_distal_negative,小腿010,False,0.0,47.55802035964213,0.0,0.0,0.0
81.0,edulite_right_positive,100_1_1_1,right_distal_negative,小腿010,False,1.5,52.078680549399834,0.0,0.0,0.0
81.0,edulite_right_positive,000_1-4238_1_1,right_distal_negative,小腿010,False,0.0,54.55936526806723,0.0,0.0,0.0
81.0,edulite_right_positive,00_1-8689_1_1,right_distal_negative,小腿010,False,1.0,51.66675244735598,0.0,0.0,0.0
81.0,left_proximal_negative,大腿,left_distal_negative,推力轴承,True,0.0,1.2789769243681803e-13,0.0,0.0,0.0
81.0,left_proximal_negative,大腿,left_distal_negative,小腿001,True,1.0000000000001137,1.000000000000142,0.0,0.0,0.0
81.0,left_proximal_negative,大腿,left_distal_negative,cross recessed pan head screws gb_GB_CROSS_SCREWS_TYPE1 M4X16-16  H type-C,True,0.0,0.09999999971234351,0.0,0.0,0.0
81.0,left_proximal_negative,大腿,left_distal_negative,"hex nuts, style 1-grades ab gb_GB_FASTENER_NUT_SNAB1 M4-C",True,0.0,1.1368683772161603e-13,0.0,0.0,0.0
81.0,left_proximal_negative,大腿,left_distal_positive,小腿004,False,0.0,54.55707414307895,0.0,0.0,0.0
81.0,left_proximal_positive,大腿垫高,left_distal_negative,小腿001,False,0.0,54.557074143323796,0.0,0.0,0.0
81.0,left_proximal_positive,大腿001,left_distal_negative,小腿001,False,0.0,54.55707414332377,0.0,0.0,0.0
81.0,left_proximal_positive,大腿垫高,left_distal_positive,小腿004,True,0.0,14.818692085559816,0.0,0.0,0.0
81.0,left_proximal_positive,大腿001,left_distal_positive,小腿004,True,1.0000000000000995,1.000000000000142,0.0,0.0,0.0
81.0,left_proximal_positive,大腿001,left_distal_positive,推力轴承001,True,0.0,1.4210854715202004e-13,0.0,0.0,0.0
81.0,left_proximal_positive,大腿001,left_distal_positive,cross recessed pan head screws gb_GB_CROSS_SCREWS_TYPE1 M4X16-16  H type-C001,True,0.0,0.09999999966491821,0.0,0.0,0.0
81.0,left_proximal_positive,大腿001,left_distal_positive,"hex nuts, style 1-grades ab gb_GB_FASTENER_NUT_SNAB1 M4-C001",True,0.0,5.684341886080802e-14,0.0,0.0,0.0
81.0,left_distal_negative,小腿001,left_distal_positive,小腿004,True,0.9999999999999858,0.9999999999999858,0.0,0.0,0.0
81.0,left_distal_negative,小腿001,left_wheel,推力轴承002,True,0.0,1.4210854715202004e-14,0.0,0.0,0.0
81.0,left_distal_negative,小腿001,left_wheel,驱动板004,True,0.4999999999998721,0.4999999999998863,0.0,0.0,0.0
81.0,left_distal_negative,小腿001,left_wheel,MISUMI_CBSTSR4-16_内六角螺栓（盖螺栓）,True,0.0,0.0,0.0,0.0,0.0
81.0,left_distal_positive,小腿004,left_wheel,推力轴承002,True,0.0,0.0,0.0,0.0,0.0
81.0,left_distal_positive,小腿004,left_wheel,MISUMI_C-SE604ZZ_不锈钢小径滚珠轴承,True,0.0,1.4210854715202004e-14,0.0,0.0,0.0
81.0,left_distal_positive,小腿004,left_wheel,MISUMI_CBSTSR4-16_内六角螺栓（盖螺栓）,True,0.0,0.09999999944708543,0.0,0.0,0.0
81.0,right_proximal_negative,大腿垫高001,right_distal_negative,小腿010,True,0.0,14.818692085712717,0.0,0.0,0.0
81.0,right_proximal_negative,大腿003,right_distal_negative,推力轴承004,True,0.0,1.2789769243681803e-13,0.0,0.0,0.0
81.0,right_proximal_negative,大腿003,right_distal_negative,小腿009,True,2.0,2.0,0.0,0.0,0.0
81.0,right_proximal_negative,大腿003,right_distal_negative,小腿010,True,1.0,1.0,0.0,0.0,0.0
81.0,right_proximal_negative,大腿003,right_distal_negative,"hex nuts, style 1-grades ab gb_GB_FASTENER_NUT_SNAB1 M4-C005",True,1.1368683772161603e-13,1.4210854715202004e-13,0.0,0.0,0.0
81.0,right_proximal_negative,大腿003,right_distal_negative,cross recessed pan head screws gb_GB_CROSS_SCREWS_TYPE1 M4X16-16  H type-C003,True,0.0,0.09999999979385396,0.0,0.0,0.0
81.0,right_proximal_negative,大腿垫高001,right_distal_positive,小腿007,False,0.0,54.55707414307894,0.0,0.0,0.0
81.0,right_proximal_negative,大腿003,right_distal_positive,小腿007,False,0.0,54.557074143078914,0.0,0.0,0.0
81.0,right_proximal_positive,大腿002,right_distal_negative,小腿010,False,0.0,54.55707414332463,0.0,0.0,0.0
81.0,right_proximal_positive,大腿002,right_distal_positive,推力轴承003,True,0.0,0.0,0.0,0.0,0.0
81.0,right_proximal_positive,大腿002,right_distal_positive,小腿007,True,1.0,1.0000000000000142,0.0,0.0,0.0
81.0,right_proximal_positive,大腿002,right_distal_positive,cross recessed pan head screws gb_GB_CROSS_SCREWS_TYPE1 M4X16-16  H type-C002,True,0.0,0.09999999971758985,0.0,0.0,0.0
81.0,right_proximal_positive,大腿002,right_distal_positive,"hex nuts, style 1-grades ab gb_GB_FASTENER_NUT_SNAB1 M4-C003",True,0.0,1.4210854715202004e-14,0.0,0.0,0.0
81.0,right_distal_negative,小腿010,right_distal_positive,小腿007,True,1.0000000000000142,1.0000000000000142,0.0,0.0,0.0
81.0,right_distal_negative,小腿010,right_wheel,推力轴承005,True,0.0,1.4210854715202004e-14,0.0,0.0,0.0
81.0,right_distal_negative,小腿010,right_wheel,MISUMI_C-SE604ZZ_不锈钢小径滚珠轴承004,True,0.0,1.4210854715202004e-14,0.0,0.0,0.0
81.0,right_distal_negative,小腿010,right_wheel,MISUMI_CBSTSR4-16_内六角螺栓（盖螺栓）001,True,0.0,0.09999999974141466,0.0,0.0,0.0
81.0,right_distal_positive,小腿007,right_wheel,推力轴承005,True,0.0,0.0,0.0,0.0,0.0
81.0,right_distal_positive,小腿007,right_wheel,驱动板005,True,0.4999999999998863,0.49999999999991473,0.0,0.0,0.0
81.0,right_distal_positive,小腿007,right_wheel,MISUMI_CBSTSR4-16_内六角螺栓（盖螺栓）001,True,0.0,0.0,0.0,0.0,0.0
82.0,edulite_left_negative,00_1-1305_1_1,left_proximal_negative,大腿,True,0.0,5.684341886080802e-14,0.0,0.0,0.0
82.0,edulite_left_negative,100_1_1_1,left_proximal_negative,大腿,True,1.499999999999858,1.499999999999858,0.0,0.0,0.0
82.0,edulite_left_negative,000_1-4238_1_1,left_proximal_negative,大腿,True,0.0,0.0,0.0,0.0,0.0
82.0,edulite_left_negative,00_1-4459_1_1,left_proximal_negative,大腿,True,0.0,0.0,0.0,0.0,0.0
82.0,edulite_left_negative,00_1-4459_1_001,left_proximal_negative,大腿,True,0.0,0.0,0.0,0.0,0.0
82.0,edulite_left_negative,00_1-4459_1_002,left_proximal_negative,大腿,True,0.0,0.0,0.0,0.0,0.0
82.0,edulite_left_negative,200_1_1_1,left_proximal_negative,大腿,True,0.9999999999998579,3.1622776554327636,0.0,0.0,0.0
82.0,edulite_left_negative,00_1-8689_1_1,left_proximal_negative,大腿,True,0.9999999999998579,0.9999999999998579,0.0,0.0,0.0
82.0,edulite_left_negative,00_1-1305_1_1,left_distal_positive,小腿004,False,0.0,48.21950116047578,0.0,0.0,0.0
82.0,edulite_left_negative,100_1_1_1,left_distal_positive,小腿004,False,1.5,52.73990333169636,0.0,0.0,0.0
82.0,edulite_left_negative,000_1-4238_1_1,left_distal_positive,小腿004,False,0.0,55.22083160395163,0.0,0.0,0.0
82.0,edulite_left_negative,00_1-8689_1_1,left_distal_positive,小腿004,False,1.0,52.32812388287419,0.0,0.0,0.0
82.0,edulite_left_positive,00_1-1305_1_1,left_proximal_positive,大腿垫高,True,1.4210854715202004e-14,2.549509752903482,0.0,0.0,0.0
82.0,edulite_left_positive,100_1_1_1,left_proximal_positive,大腿垫高,True,1.5000000000000142,1.5000000000000142,0.0,0.0,0.0
82.0,edulite_left_positive,000_1-4238_1_1,left_proximal_positive,大腿垫高,True,1.4210854715202004e-14,0.0,0.0,0.0,0.0
82.0,edulite_left_positive,00_1-4459_1_1,left_proximal_positive,大腿垫高,True,0.0,0.0,0.0,0.0,0.0
82.0,edulite_left_positive,00_1-4459_1_001,left_proximal_positive,大腿垫高,True,0.0,0.0,0.0,0.0,0.0
82.0,edulite_left_positive,00_1-4459_1_002,left_proximal_positive,大腿垫高,True,0.0,0.0,0.0,0.0,0.0
82.0,edulite_left_positive,200_1_1_1,left_proximal_positive,大腿垫高,True,1.0000000000000142,3.162277656235201,0.0,0.0,0.0
82.0,edulite_left_positive,00_1-8689_1_1,left_proximal_positive,大腿垫高,True,1.0000000000000142,2.147091051289164,0.0,0.0,0.0
82.0,edulite_left_positive,00_1-1305_1_1,left_distal_positive,小腿004,False,0.0,8.362244640110118,0.0,0.0,0.0
82.0,edulite_left_positive,100_1_1_1,left_distal_positive,小腿004,False,1.5,12.944067738394939,0.0,0.0,0.0
82.0,edulite_left_positive,000_1-4238_1_1,left_distal_positive,小腿004,False,0.0,15.364999105184706,0.0,0.0,0.0
82.0,edulite_left_positive,00_1-4459_1_002,left_distal_positive,小腿004,False,0.0,22.697127211457897,0.0,0.0,0.0
82.0,edulite_left_positive,200_1_1_1,left_distal_positive,小腿004,False,1.0,26.375825147310096,0.0,0.0,0.0
82.0,edulite_left_positive,00_1-8689_1_1,left_distal_positive,小腿004,False,1.0,12.496935638562341,0.0,0.0,0.0
82.0,edulite_right_negative,00_1-1305_1_1,right_proximal_negative,大腿垫高001,True,2.842170943040401e-14,2.549509752903624,0.0,0.0,0.0
82.0,edulite_right_negative,100_1_1_1,right_proximal_negative,大腿垫高001,True,1.5000000000000284,1.5000000000000284,0.0,0.0,0.0
82.0,edulite_right_negative,000_1-4238_1_1,right_proximal_negative,大腿垫高001,True,2.842170943040401e-14,0.0,0.0,0.0,0.0
82.0,edulite_right_negative,00_1-4459_1_1,right_proximal_negative,大腿垫高001,True,0.0,0.0,0.0,0.0,0.0
82.0,edulite_right_negative,00_1-4459_1_001,right_proximal_negative,大腿垫高001,True,0.0,0.0,0.0,0.0,0.0
82.0,edulite_right_negative,00_1-4459_1_002,right_proximal_negative,大腿垫高001,True,0.0,0.0,0.0,0.0,0.0
82.0,edulite_right_negative,200_1_1_1,right_proximal_negative,大腿垫高001,True,1.0000000000000284,3.162277656235273,0.0,0.0,0.0
82.0,edulite_right_negative,00_1-8689_1_1,right_proximal_negative,大腿垫高001,True,1.0000000000000284,2.147091051289247,0.0,0.0,0.0
82.0,edulite_right_negative,00_1-1305_1_1,right_distal_negative,小腿010,False,0.0,8.36224464026144,0.0,0.0,0.0
82.0,edulite_right_negative,100_1_1_1,right_distal_negative,小腿010,False,1.5,12.944067738545339,0.0,0.0,0.0
82.0,edulite_right_negative,000_1-4238_1_1,right_distal_negative,小腿010,False,0.0,15.364999105336043,0.0,0.0,0.0
82.0,edulite_right_negative,00_1-4459_1_002,right_distal_negative,小腿010,False,0.0,22.697127211621336,0.0,0.0,0.0
82.0,edulite_right_negative,200_1_1_1,right_distal_negative,小腿010,False,1.0,26.375825147461402,0.0,0.0,0.0
82.0,edulite_right_negative,00_1-8689_1_1,right_distal_negative,小腿010,False,1.0,12.496935638713278,0.0,0.0,0.0
82.0,edulite_right_positive,00_1-1305_1_1,right_proximal_positive,大腿002,True,1.4210854715202004e-14,1.4210854715202004e-14,0.0,0.0,0.0
82.0,edulite_right_positive,100_1_1_1,right_proximal_positive,大腿002,True,1.5000000000000142,1.5000000000000142,0.0,0.0,0.0
82.0,edulite_right_positive,000_1-4238_1_1,right_proximal_positive,大腿002,True,1.4210854715202004e-14,0.0,0.0,0.0,0.0
82.0,edulite_right_positive,00_1-4459_1_1,right_proximal_positive,大腿002,True,0.0,0.0,0.0,0.0,0.0
82.0,edulite_right_positive,00_1-4459_1_001,right_proximal_positive,大腿002,True,0.0,0.0,0.0,0.0,0.0
82.0,edulite_right_positive,00_1-4459_1_002,right_proximal_positive,大腿002,True,0.0,0.0,0.0,0.0,0.0
82.0,edulite_right_positive,200_1_1_1,right_proximal_positive,大腿002,True,1.0000000000000142,3.162277655432652,0.0,0.0,0.0
82.0,edulite_right_positive,00_1-8689_1_1,right_proximal_positive,大腿002,True,1.0000000000000142,1.0000000000000142,0.0,0.0,0.0
82.0,edulite_right_positive,00_1-1305_1_1,right_distal_negative,小腿010,False,0.0,48.21950116071962,0.0,0.0,0.0
82.0,edulite_right_positive,100_1_1_1,right_distal_negative,小腿010,False,1.5,52.73990333194012,0.0,0.0,0.0
82.0,edulite_right_positive,000_1-4238_1_1,right_distal_negative,小腿010,False,0.0,55.22083160419546,0.0,0.0,0.0
82.0,edulite_right_positive,00_1-8689_1_1,right_distal_negative,小腿010,False,1.0,52.328123883117996,0.0,0.0,0.0
82.0,left_proximal_negative,大腿,left_distal_negative,推力轴承,True,0.0,1.2789769243681803e-13,0.0,0.0,0.0
82.0,left_proximal_negative,大腿,left_distal_negative,小腿001,True,1.0000000000001137,1.000000000000142,0.0,0.0,0.0
82.0,left_proximal_negative,大腿,left_distal_negative,cross recessed pan head screws gb_GB_CROSS_SCREWS_TYPE1 M4X16-16  H type-C,True,0.0,0.0999999997195235,0.0,0.0,0.0
82.0,left_proximal_negative,大腿,left_distal_negative,"hex nuts, style 1-grades ab gb_GB_FASTENER_NUT_SNAB1 M4-C",True,0.0,1.1368683772161603e-13,0.0,0.0,0.0
82.0,left_proximal_negative,大腿,left_distal_positive,小腿004,False,0.0,55.21856792479753,0.0,0.0,0.0
82.0,left_proximal_positive,大腿垫高,left_distal_negative,小腿001,False,0.0,55.21856792504053,0.0,0.0,0.0
82.0,left_proximal_positive,大腿001,left_distal_negative,小腿001,False,0.0,55.21856792504051,0.0,0.0,0.0
82.0,left_proximal_positive,大腿垫高,left_distal_positive,小腿004,True,0.0,15.35686158297027,0.0,0.0,0.0
82.0,left_proximal_positive,大腿001,left_distal_positive,小腿004,True,1.0000000000000995,1.000000000000142,0.0,0.0,0.0
82.0,left_proximal_positive,大腿001,left_distal_positive,推力轴承001,True,0.0,1.4210854715202004e-13,0.0,0.0,0.0
82.0,left_proximal_positive,大腿001,left_distal_positive,cross recessed pan head screws gb_GB_CROSS_SCREWS_TYPE1 M4X16-16  H type-C001,True,0.0,0.09999999965708757,0.0,0.0,0.0
82.0,left_proximal_positive,大腿001,left_distal_positive,"hex nuts, style 1-grades ab gb_GB_FASTENER_NUT_SNAB1 M4-C001",True,0.0,5.684341886080802e-14,0.0,0.0,0.0
82.0,left_distal_negative,小腿001,left_distal_positive,小腿004,True,0.9999999999999858,0.9999999999999858,0.0,0.0,0.0
82.0,left_distal_negative,小腿001,left_wheel,推力轴承002,True,0.0,1.4210854715202004e-14,0.0,0.0,0.0
82.0,left_distal_negative,小腿001,left_wheel,驱动板004,True,0.4999999999998721,0.4999999999998863,0.0,0.0,0.0
82.0,left_distal_negative,小腿001,left_wheel,MISUMI_CBSTSR4-16_内六角螺栓（盖螺栓）,True,0.0,0.0,0.0,0.0,0.0
82.0,left_distal_positive,小腿004,left_wheel,推力轴承002,True,0.0,0.0,0.0,0.0,0.0
82.0,left_distal_positive,小腿004,left_wheel,MISUMI_C-SE604ZZ_不锈钢小径滚珠轴承,True,0.0,1.4210854715202004e-14,0.0,0.0,0.0
82.0,left_distal_positive,小腿004,left_wheel,MISUMI_CBSTSR4-16_内六角螺栓（盖螺栓）,True,0.0,0.09999999944601959,0.0,0.0,0.0
82.0,right_proximal_negative,大腿垫高001,right_distal_negative,小腿010,True,0.0,15.35686158312154,0.0,0.0,0.0
82.0,right_proximal_negative,大腿003,right_distal_negative,推力轴承004,True,0.0,1.2789769243681803e-13,0.0,0.0,0.0
82.0,right_proximal_negative,大腿003,right_distal_negative,小腿009,True,2.0,2.0,0.0,0.0,0.0
82.0,right_proximal_negative,大腿003,right_distal_negative,小腿010,True,1.0,1.0,0.0,0.0,0.0
82.0,right_proximal_negative,大腿003,right_distal_negative,"hex nuts, style 1-grades ab gb_GB_FASTENER_NUT_SNAB1 M4-C005",True,1.1368683772161603e-13,1.4210854715202004e-13,0.0,0.0,0.0
82.0,right_proximal_negative,大腿003,right_distal_negative,cross recessed pan head screws gb_GB_CROSS_SCREWS_TYPE1 M4X16-16  H type-C003,True,0.0,0.09999999976631344,0.0,0.0,0.0
82.0,right_proximal_negative,大腿垫高001,right_distal_positive,小腿007,False,0.0,55.21856792479751,0.0,0.0,0.0
82.0,right_proximal_negative,大腿003,right_distal_positive,小腿007,False,0.0,55.21856792479748,0.0,0.0,0.0
82.0,right_proximal_positive,大腿002,right_distal_negative,小腿010,False,0.0,55.21856792504138,0.0,0.0,0.0
82.0,right_proximal_positive,大腿002,right_distal_positive,推力轴承003,True,0.0,0.0,0.0,0.0,0.0
82.0,right_proximal_positive,大腿002,right_distal_positive,小腿007,True,1.0,1.0000000000000142,0.0,0.0,0.0
82.0,right_proximal_positive,大腿002,right_distal_positive,cross recessed pan head screws gb_GB_CROSS_SCREWS_TYPE1 M4X16-16  H type-C002,True,0.0,0.09999999967509293,0.0,0.0,0.0
82.0,right_proximal_positive,大腿002,right_distal_positive,"hex nuts, style 1-grades ab gb_GB_FASTENER_NUT_SNAB1 M4-C003",True,0.0,1.4210854715202004e-14,0.0,0.0,0.0
82.0,right_distal_negative,小腿010,right_distal_positive,小腿007,True,1.0000000000000142,1.0000000000000142,0.0,0.0,0.0
82.0,right_distal_negative,小腿010,right_wheel,推力轴承005,True,0.0,1.4210854715202004e-14,0.0,0.0,0.0
82.0,right_distal_negative,小腿010,right_wheel,MISUMI_C-SE604ZZ_不锈钢小径滚珠轴承004,True,0.0,1.4210854715202004e-14,0.0,0.0,0.0
82.0,right_distal_negative,小腿010,right_wheel,MISUMI_CBSTSR4-16_内六角螺栓（盖螺栓）001,True,0.0,0.09999999974150289,0.0,0.0,0.0
82.0,right_distal_positive,小腿007,right_wheel,推力轴承005,True,0.0,0.0,0.0,0.0,0.0
82.0,right_distal_positive,小腿007,right_wheel,驱动板005,True,0.4999999999998863,0.49999999999991473,0.0,0.0,0.0
82.0,right_distal_positive,小腿007,right_wheel,MISUMI_CBSTSR4-16_内六角螺栓（盖螺栓）001,True,0.0,0.0,0.0,0.0,0.0
83.0,edulite_left_negative,00_1-1305_1_1,left_proximal_negative,大腿,True,0.0,5.684341886080802e-14,0.0,0.0,0.0
83.0,edulite_left_negative,100_1_1_1,left_proximal_negative,大腿,True,1.499999999999858,1.499999999999858,0.0,0.0,0.0
83.0,edulite_left_negative,000_1-4238_1_1,left_proximal_negative,大腿,True,0.0,0.0,0.0,0.0,0.0
83.0,edulite_left_negative,00_1-4459_1_1,left_proximal_negative,大腿,True,0.0,0.0,0.0,0.0,0.0
83.0,edulite_left_negative,00_1-4459_1_001,left_proximal_negative,大腿,True,0.0,0.0,0.0,0.0,0.0
83.0,edulite_left_negative,00_1-4459_1_002,left_proximal_negative,大腿,True,0.0,0.0,0.0,0.0,0.0
83.0,edulite_left_negative,200_1_1_1,left_proximal_negative,大腿,True,0.9999999999998579,3.162277655390384,0.0,0.0,0.0
83.0,edulite_left_negative,00_1-8689_1_1,left_proximal_negative,大腿,True,0.9999999999998579,0.9999999999998579,0.0,0.0,0.0
83.0,edulite_left_negative,00_1-1305_1_1,left_distal_positive,小腿004,False,0.0,48.87200152286699,0.0,0.0,0.0
83.0,edulite_left_negative,100_1_1_1,left_distal_positive,小腿004,False,1.5,53.39215541187144,0.0,0.0,0.0
83.0,edulite_left_negative,000_1-4238_1_1,left_distal_positive,小腿004,False,0.0,55.873317990194465,0.0,0.0,0.0
83.0,edulite_left_negative,00_1-8689_1_1,left_distal_positive,小腿004,False,1.0,52.98051901342757,0.0,0.0,0.0
83.0,edulite_left_positive,00_1-1305_1_1,left_proximal_positive,大腿垫高,True,1.4210854715202004e-14,2.549509752903482,0.0,0.0,0.0
83.0,edulite_left_positive,100_1_1_1,left_proximal_positive,大腿垫高,True,1.5000000000000142,1.5000000000000142,0.0,0.0,0.0
83.0,edulite_left_positive,000_1-4238_1_1,left_proximal_positive,大腿垫高,True,1.4210854715202004e-14,0.0,0.0,0.0,0.0
83.0,edulite_left_positive,00_1-4459_1_1,left_proximal_positive,大腿垫高,True,0.0,0.0,0.0,0.0,0.0
83.0,edulite_left_positive,00_1-4459_1_001,left_proximal_positive,大腿垫高,True,0.0,0.0,0.0,0.0,0.0
83.0,edulite_left_positive,00_1-4459_1_002,left_proximal_positive,大腿垫高,True,0.0,0.0,0.0,0.0,0.0
83.0,edulite_left_positive,200_1_1_1,left_proximal_positive,大腿垫高,True,1.0000000000000142,3.162277656235201,0.0,0.0,0.0
83.0,edulite_left_positive,00_1-8689_1_1,left_proximal_positive,大腿垫高,True,1.0000000000000142,2.147091051289164,0.0,0.0,0.0
83.0,edulite_left_positive,00_1-1305_1_1,left_distal_positive,小腿004,False,0.0,8.88501118037497,0.0,0.0,0.0
83.0,edulite_left_positive,100_1_1_1,left_distal_positive,小腿004,False,1.5,13.463763549422687,0.0,0.0,0.0
83.0,edulite_left_positive,000_1-4238_1_1,left_distal_positive,小腿004,False,0.0,15.887814640401272,0.0,0.0,0.0
83.0,edulite_left_positive,00_1-4459_1_002,left_distal_positive,小腿004,False,0.0,23.237081908581583,0.0,0.0,0.0
83.0,edulite_left_positive,200_1_1_1,left_distal_positive,小腿004,False,1.0,26.89853982343442,0.0,0.0,0.0
83.0,edulite_left_positive,00_1-8689_1_1,left_distal_positive,小腿004,False,1.0,13.018409000084661,0.0,0.0,0.0
83.0,edulite_right_negative,00_1-1305_1_1,right_proximal_negative,大腿垫高001,True,2.842170943040401e-14,2.549509752903617,0.0,0.0,0.0
83.0,edulite_right_negative,100_1_1_1,right_proximal_negative,大腿垫高001,True,1.5000000000000284,1.5000000000000284,0.0,0.0,0.0
83.0,edulite_right_negative,000_1-4238_1_1,right_proximal_negative,大腿垫高001,True,2.842170943040401e-14,0.0,0.0,0.0,0.0
83.0,edulite_right_negative,00_1-4459_1_1,right_proximal_negative,大腿垫高001,True,0.0,0.0,0.0,0.0,0.0
83.0,edulite_right_negative,00_1-4459_1_001,right_proximal_negative,大腿垫高001,True,0.0,0.0,0.0,0.0,0.0
83.0,edulite_right_negative,00_1-4459_1_002,right_proximal_negative,大腿垫高001,True,0.0,0.0,0.0,0.0,0.0
83.0,edulite_right_negative,200_1_1_1,right_proximal_negative,大腿垫高001,True,1.0000000000000284,3.162277656235273,0.0,0.0,0.0
83.0,edulite_right_negative,00_1-8689_1_1,right_proximal_negative,大腿垫高001,True,1.0000000000000284,2.147091051289248,0.0,0.0,0.0
83.0,edulite_right_negative,00_1-1305_1_1,right_distal_negative,小腿010,False,0.0,8.885011180524709,0.0,0.0,0.0
83.0,edulite_right_negative,100_1_1_1,right_distal_negative,小腿010,False,1.5,13.463763549571576,0.0,0.0,0.0
83.0,edulite_right_negative,000_1-4238_1_1,right_distal_negative,小腿010,False,0.0,15.887814640551015,0.0,0.0,0.0
83.0,edulite_right_negative,00_1-4459_1_002,right_distal_negative,小腿010,False,0.0,23.23708190874346,0.0,0.0,0.0
83.0,edulite_right_negative,200_1_1_1,right_distal_negative,小腿010,False,1.0,26.89853982358414,0.0,0.0,0.0
83.0,edulite_right_negative,00_1-8689_1_1,right_distal_negative,小腿010,False,1.0,13.018409000234035,0.0,0.0,0.0
83.0,edulite_right_positive,00_1-1305_1_1,right_proximal_positive,大腿002,True,1.4210854715202004e-14,1.4210854715202004e-14,0.0,0.0,0.0
83.0,edulite_right_positive,100_1_1_1,right_proximal_positive,大腿002,True,1.5000000000000142,1.5000000000000142,0.0,0.0,0.0
83.0,edulite_right_positive,000_1-4238_1_1,right_proximal_positive,大腿002,True,1.4210854715202004e-14,0.0,0.0,0.0,0.0
83.0,edulite_right_positive,00_1-4459_1_1,right_proximal_positive,大腿002,True,0.0,0.0,0.0,0.0,0.0
83.0,edulite_right_positive,00_1-4459_1_001,right_proximal_positive,大腿002,True,0.0,0.0,0.0,0.0,0.0
83.0,edulite_right_positive,00_1-4459_1_002,right_proximal_positive,大腿002,True,0.0,0.0,0.0,0.0,0.0
83.0,edulite_right_positive,200_1_1_1,right_proximal_positive,大腿002,True,1.0000000000000142,3.162277655390277,0.0,0.0,0.0
83.0,edulite_right_positive,00_1-8689_1_1,right_proximal_positive,大腿002,True,1.0000000000000142,1.0000000000000142,0.0,0.0,0.0
83.0,edulite_right_positive,00_1-1305_1_1,right_distal_negative,小腿010,False,0.0,48.872001523109,0.0,0.0,0.0
83.0,edulite_right_positive,100_1_1_1,right_distal_negative,小腿010,False,1.5,53.39215541211335,0.0,0.0,0.0
83.0,edulite_right_positive,000_1-4238_1_1,right_distal_negative,小腿010,False,0.0,55.873317990436455,0.0,0.0,0.0
83.0,edulite_right_positive,00_1-8689_1_1,right_distal_negative,小腿010,False,1.0,52.980519013669536,0.0,0.0,0.0
83.0,left_proximal_negative,大腿,left_distal_negative,推力轴承,True,0.0,1.2789769243681803e-13,0.0,0.0,0.0
83.0,left_proximal_negative,大腿,left_distal_negative,小腿001,True,1.0000000000001137,1.000000000000142,0.0,0.0,0.0
83.0,left_proximal_negative,大腿,left_distal_negative,cross recessed pan head screws gb_GB_CROSS_SCREWS_TYPE1 M4X16-16  H type-C,True,0.0,0.09999999972671743,0.0,0.0,0.0
83.0,left_proximal_negative,大腿,left_distal_negative,"hex nuts, style 1-grades ab gb_GB_FASTENER_NUT_SNAB1 M4-C",True,0.0,1.1368683772161603e-13,0.0,0.0,0.0
83.0,left_proximal_negative,大腿,left_distal_positive,小腿004,False,0.0,55.871080747327895,0.0,0.0,0.0
83.0,left_proximal_positive,大腿垫高,left_distal_negative,小腿001,False,0.0,55.871080747569074,0.0,0.0,0.0
83.0,left_proximal_positive,大腿001,left_distal_negative,小腿001,False,0.0,55.871080747569046,0.0,0.0,0.0
83.0,left_proximal_positive,大腿垫高,left_distal_positive,小腿004,True,0.0,15.879945032334028,0.0,0.0,0.0
83.0,left_proximal_positive,大腿001,left_distal_positive,小腿004,True,1.0000000000000995,1.000000000000142,0.0,0.0,0.0
83.0,left_proximal_positive,大腿001,left_distal_positive,推力轴承001,True,0.0,1.4210854715202004e-13,0.0,0.0,0.0
83.0,left_proximal_positive,大腿001,left_distal_positive,cross recessed pan head screws gb_GB_CROSS_SCREWS_TYPE1 M4X16-16  H type-C001,True,0.0,0.09999999968774713,0.0,0.0,0.0
83.0,left_proximal_positive,大腿001,left_distal_positive,"hex nuts, style 1-grades ab gb_GB_FASTENER_NUT_SNAB1 M4-C001",True,0.0,5.684341886080802e-14,0.0,0.0,0.0
83.0,left_distal_negative,小腿001,left_distal_positive,小腿004,True,0.9999999999999858,0.9999999999999858,0.0,0.0,0.0
83.0,left_distal_negative,小腿001,left_wheel,推力轴承002,True,0.0,1.4210854715202004e-14,0.0,0.0,0.0
83.0,left_distal_negative,小腿001,left_wheel,驱动板004,True,0.4999999999998721,0.4999999999998863,0.0,0.0,0.0
83.0,left_distal_negative,小腿001,left_wheel,MISUMI_CBSTSR4-16_内六角螺栓（盖螺栓）,True,0.0,0.0,0.0,0.0,0.0
83.0,left_distal_positive,小腿004,left_wheel,推力轴承002,True,0.0,0.0,0.0,0.0,0.0
83.0,left_distal_positive,小腿004,left_wheel,MISUMI_C-SE604ZZ_不锈钢小径滚珠轴承,True,0.0,1.4210854715202004e-14,0.0,0.0,0.0
83.0,left_distal_positive,小腿004,left_wheel,MISUMI_CBSTSR4-16_内六角螺栓（盖螺栓）,True,0.0,0.0999999994448756,0.0,0.0,0.0
83.0,right_proximal_negative,大腿垫高001,right_distal_negative,小腿010,True,0.0,15.8799450324837,0.0,0.0,0.0
83.0,right_proximal_negative,大腿003,right_distal_negative,推力轴承004,True,0.0,1.2789769243681803e-13,0.0,0.0,0.0
83.0,right_proximal_negative,大腿003,right_distal_negative,小腿009,True,2.0,2.0,0.0,0.0,0.0
83.0,right_proximal_negative,大腿003,right_distal_negative,小腿010,True,1.0,1.0,0.0,0.0,0.0
83.0,right_proximal_negative,大腿003,right_distal_negative,"hex nuts, style 1-grades ab gb_GB_FASTENER_NUT_SNAB1 M4-C005",True,1.1368683772161603e-13,1.4210854715202004e-13,0.0,0.0,0.0
83.0,right_proximal_negative,大腿003,right_distal_negative,cross recessed pan head screws gb_GB_CROSS_SCREWS_TYPE1 M4X16-16  H type-C003,True,0.0,0.0999999997246825,0.0,0.0,0.0
83.0,right_proximal_negative,大腿垫高001,right_distal_positive,小腿007,False,0.0,55.87108074732789,0.0,0.0,0.0
83.0,right_proximal_negative,大腿003,right_distal_positive,小腿007,False,0.0,55.87108074732786,0.0,0.0,0.0
83.0,right_proximal_positive,大腿002,right_distal_negative,小腿010,False,0.0,55.87108074756992,0.0,0.0,0.0
83.0,right_proximal_positive,大腿002,right_distal_positive,推力轴承003,True,0.0,0.0,0.0,0.0,0.0
83.0,right_proximal_positive,大腿002,right_distal_positive,小腿007,True,1.0,1.0000000000000142,0.0,0.0,0.0
83.0,right_proximal_positive,大腿002,right_distal_positive,cross recessed pan head screws gb_GB_CROSS_SCREWS_TYPE1 M4X16-16  H type-C002,True,0.0,0.09999999967163346,0.0,0.0,0.0
83.0,right_proximal_positive,大腿002,right_distal_positive,"hex nuts, style 1-grades ab gb_GB_FASTENER_NUT_SNAB1 M4-C003",True,0.0,1.4210854715202004e-14,0.0,0.0,0.0
83.0,right_distal_negative,小腿010,right_distal_positive,小腿007,True,1.0000000000000142,1.0000000000000142,0.0,0.0,0.0
83.0,right_distal_negative,小腿010,right_wheel,推力轴承005,True,0.0,1.4210854715202004e-14,0.0,0.0,0.0
83.0,right_distal_negative,小腿010,right_wheel,MISUMI_C-SE604ZZ_不锈钢小径滚珠轴承004,True,0.0,1.4210854715202004e-14,0.0,0.0,0.0
83.0,right_distal_negative,小腿010,right_wheel,MISUMI_CBSTSR4-16_内六角螺栓（盖螺栓）001,True,0.0,0.09999999974158125,0.0,0.0,0.0
83.0,right_distal_positive,小腿007,right_wheel,推力轴承005,True,0.0,0.0,0.0,0.0,0.0
83.0,right_distal_positive,小腿007,right_wheel,驱动板005,True,0.4999999999998863,0.49999999999991473,0.0,0.0,0.0
83.0,right_distal_positive,小腿007,right_wheel,MISUMI_CBSTSR4-16_内六角螺栓（盖螺栓）001,True,0.0,0.0,0.0,0.0,0.0
84.0,edulite_left_negative,00_1-1305_1_1,left_proximal_negative,大腿,True,0.0,5.684341886080802e-14,0.0,0.0,0.0
84.0,edulite_left_negative,100_1_1_1,left_proximal_negative,大腿,True,1.499999999999858,1.499999999999858,0.0,0.0,0.0
84.0,edulite_left_negative,000_1-4238_1_1,left_proximal_negative,大腿,True,0.0,0.0,0.0,0.0,0.0
84.0,edulite_left_negative,00_1-4459_1_1,left_proximal_negative,大腿,True,0.0,0.0,0.0,0.0,0.0
84.0,edulite_left_negative,00_1-4459_1_001,left_proximal_negative,大腿,True,0.0,0.0,0.0,0.0,0.0
84.0,edulite_left_negative,00_1-4459_1_002,left_proximal_negative,大腿,True,0.0,0.0,0.0,0.0,0.0
84.0,edulite_left_negative,200_1_1_1,left_proximal_negative,大腿,True,0.9999999999998579,3.162277655349586,0.0,0.0,0.0
84.0,edulite_left_negative,00_1-8689_1_1,left_proximal_negative,大腿,True,0.9999999999998579,0.9999999999998579,0.0,0.0,0.0
84.0,edulite_left_negative,00_1-1305_1_1,left_distal_positive,小腿004,False,0.0,49.51528180182396,0.0,0.0,0.0
84.0,edulite_left_negative,100_1_1_1,left_distal_positive,小腿004,False,1.5,54.03519675880109,0.0,0.0,0.0
84.0,edulite_left_negative,000_1-4238_1_1,left_distal_positive,小腿004,False,0.0,56.516584766580465,0.0,0.0,0.0
84.0,edulite_left_negative,00_1-8689_1_1,left_distal_positive,小腿004,False,1.0,53.62369802965692,0.0,0.0,0.0
84.0,edulite_left_positive,00_1-1305_1_1,left_proximal_positive,大腿垫高,True,1.4210854715202004e-14,2.549509752903482,0.0,0.0,0.0
84.0,edulite_left_positive,100_1_1_1,left_proximal_positive,大腿垫高,True,1.5000000000000142,1.5000000000000142,0.0,0.0,0.0
84.0,edulite_left_positive,000_1-4238_1_1,left_proximal_positive,大腿垫高,True,1.4210854715202004e-14,0.0,0.0,0.0,0.0
84.0,edulite_left_positive,00_1-4459_1_1,left_proximal_positive,大腿垫高,True,0.0,0.0,0.0,0.0,0.0
84.0,edulite_left_positive,00_1-4459_1_001,left_proximal_positive,大腿垫高,True,0.0,0.0,0.0,0.0,0.0
84.0,edulite_left_positive,00_1-4459_1_002,left_proximal_positive,大腿垫高,True,0.0,0.0,0.0,0.0,0.0
84.0,edulite_left_positive,200_1_1_1,left_proximal_positive,大腿垫高,True,1.0000000000000142,3.162277656235201,0.0,0.0,0.0
84.0,edulite_left_positive,00_1-8689_1_1,left_proximal_positive,大腿垫高,True,1.0000000000000142,2.1470910512891637,0.0,0.0,0.0
84.0,edulite_left_positive,00_1-1305_1_1,left_distal_positive,小腿004,False,0.0,9.392763467837767,0.0,0.0,0.0
84.0,edulite_left_positive,100_1_1_1,left_distal_positive,小腿004,False,1.5,13.96874179983151,0.0,0.0,0.0
84.0,edulite_left_positive,000_1-4238_1_1,left_distal_positive,小腿004,False,0.0,16.39559709451596,0.0,0.0,0.0
84.0,edulite_left_positive,00_1-4459_1_002,left_distal_positive,小腿004,False,0.0,23.76284649034557,0.0,0.0,0.0
84.0,edulite_left_positive,200_1_1_1,left_distal_positive,小腿004,False,1.0,27.406221432244116,0.0,0.0,0.0
84.0,edulite_left_positive,00_1-8689_1_1,left_distal_positive,小腿004,False,1.0,13.52499058823723,0.0,0.0,0.0
84.0,edulite_right_negative,00_1-1305_1_1,right_proximal_negative,大腿垫高001,True,2.842170943040401e-14,2.54950975290361,0.0,0.0,0.0
84.0,edulite_right_negative,100_1_1_1,right_proximal_negative,大腿垫高001,True,1.5000000000000284,1.5000000000000284,0.0,0.0,0.0
84.0,edulite_right_negative,000_1-4238_1_1,right_proximal_negative,大腿垫高001,True,2.842170943040401e-14,0.0,0.0,0.0,0.0
84.0,edulite_right_negative,00_1-4459_1_1,right_proximal_negative,大腿垫高001,True,0.0,0.0,0.0,0.0,0.0
84.0,edulite_right_negative,00_1-4459_1_001,right_proximal_negative,大腿垫高001,True,0.0,0.0,0.0,0.0,0.0
84.0,edulite_right_negative,00_1-4459_1_002,right_proximal_negative,大腿垫高001,True,0.0,0.0,0.0,0.0,0.0
84.0,edulite_right_negative,200_1_1_1,right_proximal_negative,大腿垫高001,True,1.0000000000000284,3.1622776562352795,0.0,0.0,0.0
84.0,edulite_right_negative,00_1-8689_1_1,right_proximal_negative,大腿垫高001,True,1.0000000000000284,2.147091051289254,0.0,0.0,0.0
84.0,edulite_right_negative,00_1-1305_1_1,right_distal_negative,小腿010,False,0.0,9.392763467985901,0.0,0.0,0.0
84.0,edulite_right_negative,100_1_1_1,right_distal_negative,小腿010,False,1.5,13.968741799978861,0.0,0.0,0.0
84.0,edulite_right_negative,000_1-4238_1_1,right_distal_negative,小腿010,False,0.0,16.39559709466409,0.0,0.0,0.0
84.0,edulite_right_negative,00_1-4459_1_002,right_distal_negative,小腿010,False,0.0,23.762846490505872,0.0,0.0,0.0
84.0,edulite_right_negative,200_1_1_1,right_distal_negative,小腿010,False,1.0,27.40622143239223,0.0,0.0,0.0
84.0,edulite_right_negative,00_1-8689_1_1,right_distal_negative,小腿010,False,1.0,13.524990588385034,0.0,0.0,0.0
84.0,edulite_right_positive,00_1-1305_1_1,right_proximal_positive,大腿002,True,1.4210854715202004e-14,1.4210854715202004e-14,0.0,0.0,0.0
84.0,edulite_right_positive,100_1_1_1,right_proximal_positive,大腿002,True,1.5000000000000142,1.5000000000000142,0.0,0.0,0.0
84.0,edulite_right_positive,000_1-4238_1_1,right_proximal_positive,大腿002,True,1.4210854715202004e-14,0.0,0.0,0.0,0.0
84.0,edulite_right_positive,00_1-4459_1_1,right_proximal_positive,大腿002,True,0.0,0.0,0.0,0.0,0.0
84.0,edulite_right_positive,00_1-4459_1_001,right_proximal_positive,大腿002,True,0.0,0.0,0.0,0.0,0.0
84.0,edulite_right_positive,00_1-4459_1_002,right_proximal_positive,大腿002,True,0.0,0.0,0.0,0.0,0.0
84.0,edulite_right_positive,200_1_1_1,right_proximal_positive,大腿002,True,1.0000000000000142,3.1622776553494782,0.0,0.0,0.0
84.0,edulite_right_positive,00_1-8689_1_1,right_proximal_positive,大腿002,True,1.0000000000000142,1.0000000000000142,0.0,0.0,0.0
84.0,edulite_right_positive,00_1-1305_1_1,right_distal_negative,小腿010,False,0.0,49.51528180206409,0.0,0.0,0.0
84.0,edulite_right_positive,100_1_1_1,right_distal_negative,小腿010,False,1.5,54.035196759041135,0.0,0.0,0.0
84.0,edulite_right_positive,000_1-4238_1_1,right_distal_negative,小腿010,False,0.0,56.516584766820586,0.0,0.0,0.0
84.0,edulite_right_positive,00_1-8689_1_1,right_distal_negative,小腿010,False,1.0,53.623698029897014,0.0,0.0,0.0
84.0,left_proximal_negative,大腿,left_distal_negative,推力轴承,True,0.0,1.2789769243681803e-13,0.0,0.0,0.0
84.0,left_proximal_negative,大腿,left_distal_negative,小腿001,True,1.0000000000001137,1.000000000000142,0.0,0.0,0.0
84.0,left_proximal_negative,大腿,left_distal_negative,cross recessed pan head screws gb_GB_CROSS_SCREWS_TYPE1 M4X16-16  H type-C,True,0.0,0.09999999973393497,0.0,0.0,0.0
84.0,left_proximal_negative,大腿,left_distal_negative,"hex nuts, style 1-grades ab gb_GB_FASTENER_NUT_SNAB1 M4-C",True,0.0,1.1368683772161603e-13,0.0,0.0,0.0
84.0,left_proximal_negative,大腿,left_distal_positive,小腿004,False,0.0,56.5143729888828,0.0,0.0,0.0
84.0,left_proximal_positive,大腿垫高,left_distal_negative,小腿001,False,0.0,56.5143729891221,0.0,0.0,0.0
84.0,left_proximal_positive,大腿001,left_distal_negative,小腿001,False,0.0,56.51437298912207,0.0,0.0,0.0
84.0,left_proximal_positive,大腿垫高,left_distal_positive,小腿004,True,0.0,16.387971328805435,0.0,0.0,0.0
84.0,left_proximal_positive,大腿001,left_distal_positive,小腿004,True,1.0000000000000995,1.000000000000142,0.0,0.0,0.0
84.0,left_proximal_positive,大腿001,left_distal_positive,推力轴承001,True,0.0,1.4210854715202004e-13,0.0,0.0,0.0
84.0,left_proximal_positive,大腿001,left_distal_positive,cross recessed pan head screws gb_GB_CROSS_SCREWS_TYPE1 M4X16-16  H type-C001,True,0.0,0.09999999968121882,0.0,0.0,0.0
84.0,left_proximal_positive,大腿001,left_distal_positive,"hex nuts, style 1-grades ab gb_GB_FASTENER_NUT_SNAB1 M4-C001",True,0.0,5.684341886080802e-14,0.0,0.0,0.0
84.0,left_distal_negative,小腿001,left_distal_positive,小腿004,True,0.9999999999999858,0.9999999999999858,0.0,0.0,0.0
84.0,left_distal_negative,小腿001,left_wheel,推力轴承002,True,0.0,1.4210854715202004e-14,0.0,0.0,0.0
84.0,left_distal_negative,小腿001,left_wheel,驱动板004,True,0.4999999999998721,0.4999999999998863,0.0,0.0,0.0
84.0,left_distal_negative,小腿001,left_wheel,MISUMI_CBSTSR4-16_内六角螺栓（盖螺栓）,True,0.0,0.0,0.0,0.0,0.0
84.0,left_distal_positive,小腿004,left_wheel,推力轴承002,True,0.0,0.0,0.0,0.0,0.0
84.0,left_distal_positive,小腿004,left_wheel,MISUMI_C-SE604ZZ_不锈钢小径滚珠轴承,True,0.0,1.4210854715202004e-14,0.0,0.0,0.0
84.0,left_distal_positive,小腿004,left_wheel,MISUMI_CBSTSR4-16_内六角螺栓（盖螺栓）,True,0.0,0.09999999944370318,0.0,0.0,0.0
84.0,right_proximal_negative,大腿垫高001,right_distal_negative,小腿010,True,0.0,16.387971328953498,0.0,0.0,0.0
84.0,right_proximal_negative,大腿003,right_distal_negative,推力轴承004,True,0.0,1.2789769243681803e-13,0.0,0.0,0.0
84.0,right_proximal_negative,大腿003,right_distal_negative,小腿009,True,2.0,2.0,0.0,0.0,0.0
84.0,right_proximal_negative,大腿003,right_distal_negative,小腿010,True,1.0,1.0,0.0,0.0,0.0
84.0,right_proximal_negative,大腿003,right_distal_negative,"hex nuts, style 1-grades ab gb_GB_FASTENER_NUT_SNAB1 M4-C005",True,1.1368683772161603e-13,1.4210854715202004e-13,0.0,0.0,0.0
84.0,right_proximal_negative,大腿003,right_distal_negative,cross recessed pan head screws gb_GB_CROSS_SCREWS_TYPE1 M4X16-16  H type-C003,True,0.0,0.0999999997141423,0.0,0.0,0.0
84.0,right_proximal_negative,大腿垫高001,right_distal_positive,小腿007,False,0.0,56.51437298888279,0.0,0.0,0.0
84.0,right_proximal_negative,大腿003,right_distal_positive,小腿007,False,0.0,56.51437298888277,0.0,0.0,0.0
84.0,right_proximal_positive,大腿002,right_distal_negative,小腿010,False,0.0,56.51437298912295,0.0,0.0,0.0
84.0,right_proximal_positive,大腿002,right_distal_positive,推力轴承003,True,0.0,0.0,0.0,0.0,0.0
84.0,right_proximal_positive,大腿002,right_distal_positive,小腿007,True,1.0,1.0000000000000142,0.0,0.0,0.0
84.0,right_proximal_positive,大腿002,right_distal_positive,cross recessed pan head screws gb_GB_CROSS_SCREWS_TYPE1 M4X16-16  H type-C002,True,0.0,0.09999999971374263,0.0,0.0,0.0
84.0,right_proximal_positive,大腿002,right_distal_positive,"hex nuts, style 1-grades ab gb_GB_FASTENER_NUT_SNAB1 M4-C003",True,0.0,1.4210854715202004e-14,0.0,0.0,0.0
84.0,right_distal_negative,小腿010,right_distal_positive,小腿007,True,1.0000000000000142,1.0000000000000142,0.0,0.0,0.0
84.0,right_distal_negative,小腿010,right_wheel,推力轴承005,True,0.0,1.4210854715202004e-14,0.0,0.0,0.0
84.0,right_distal_negative,小腿010,right_wheel,MISUMI_C-SE604ZZ_不锈钢小径滚珠轴承004,True,0.0,1.4210854715202004e-14,0.0,0.0,0.0
84.0,right_distal_negative,小腿010,right_wheel,MISUMI_CBSTSR4-16_内六角螺栓（盖螺栓）001,True,0.0,0.09999999974166313,0.0,0.0,0.0
84.0,right_distal_positive,小腿007,right_wheel,推力轴承005,True,0.0,0.0,0.0,0.0,0.0
84.0,right_distal_positive,小腿007,right_wheel,驱动板005,True,0.4999999999998863,0.49999999999991473,0.0,0.0,0.0
84.0,right_distal_positive,小腿007,right_wheel,MISUMI_CBSTSR4-16_内六角螺栓（盖螺栓）001,True,0.0,0.0,0.0,0.0,0.0
85.0,edulite_left_negative,00_1-1305_1_1,left_proximal_negative,大腿,True,0.0,5.684341886080802e-14,0.0,0.0,0.0
85.0,edulite_left_negative,100_1_1_1,left_proximal_negative,大腿,True,1.499999999999858,1.499999999999858,0.0,0.0,0.0
85.0,edulite_left_negative,000_1-4238_1_1,left_proximal_negative,大腿,True,0.0,0.0,0.0,0.0,0.0
85.0,edulite_left_negative,00_1-4459_1_1,left_proximal_negative,大腿,True,0.0,0.0,0.0,0.0,0.0
85.0,edulite_left_negative,00_1-4459_1_001,left_proximal_negative,大腿,True,0.0,0.0,0.0,0.0,0.0
85.0,edulite_left_negative,00_1-4459_1_002,left_proximal_negative,大腿,True,0.0,0.0,0.0,0.0,0.0
85.0,edulite_left_negative,200_1_1_1,left_proximal_negative,大腿,True,0.9999999999998579,3.16227765531033,0.0,0.0,0.0
85.0,edulite_left_negative,00_1-8689_1_1,left_proximal_negative,大腿,True,0.9999999999998579,0.9999999999998579,0.0,0.0,0.0
85.0,edulite_left_negative,00_1-1305_1_1,left_distal_positive,小腿004,False,0.0,50.14909730889044,0.0,0.0,0.0
85.0,edulite_left_negative,100_1_1_1,left_distal_positive,小腿004,False,1.5,54.66878232306145,0.0,0.0,0.0
85.0,edulite_left_negative,000_1-4238_1_1,left_distal_positive,小腿004,False,0.0,57.150387230266865,0.0,0.0,0.0
85.0,edulite_left_negative,00_1-8689_1_1,left_distal_positive,小腿004,False,1.0,54.257416089461614,0.0,0.0,0.0
85.0,edulite_left_positive,00_1-1305_1_1,left_proximal_positive,大腿垫高,True,1.4210854715202004e-14,2.549509752903482,0.0,0.0,0.0
85.0,edulite_left_positive,100_1_1_1,left_proximal_positive,大腿垫高,True,1.5000000000000142,1.5000000000000142,0.0,0.0,0.0
85.0,edulite_left_positive,000_1-4238_1_1,left_proximal_positive,大腿垫高,True,1.4210854715202004e-14,0.0,0.0,0.0,0.0
85.0,edulite_left_positive,00_1-4459_1_1,left_proximal_positive,大腿垫高,True,0.0,0.0,0.0,0.0,0.0
85.0,edulite_left_positive,00_1-4459_1_001,left_proximal_positive,大腿垫高,True,0.0,0.0,0.0,0.0,0.0
85.0,edulite_left_positive,00_1-4459_1_002,left_proximal_positive,大腿垫高,True,0.0,0.0,0.0,0.0,0.0
85.0,edulite_left_positive,200_1_1_1,left_proximal_positive,大腿垫高,True,1.0000000000000142,3.162277656235201,0.0,0.0,0.0
85.0,edulite_left_positive,00_1-8689_1_1,left_proximal_positive,大腿垫高,True,1.0000000000000142,2.147091051289164,0.0,0.0,0.0
85.0,edulite_left_positive,00_1-1305_1_1,left_distal_positive,小腿004,False,0.0,9.885498935906433,0.0,0.0,0.0
85.0,edulite_left_positive,100_1_1_1,left_distal_positive,小腿004,False,1.5,14.458962656333048,0.0,0.0,0.0
85.0,edulite_left_positive,000_1-4238_1_1,left_distal_positive,小腿004,False,0.0,16.88834894009684,0.0,0.0,0.0
85.0,edulite_left_positive,00_1-4459_1_002,left_distal_positive,小腿004,False,0.0,24.274408164721915,0.0,0.0,0.0
85.0,edulite_left_positive,200_1_1_1,left_distal_positive,小腿004,False,1.0,27.898873395775542,0.0,0.0,0.0
85.0,edulite_left_positive,00_1-8689_1_1,left_distal_positive,小腿004,False,1.0,14.01666310093796,0.0,0.0,0.0
85.0,edulite_right_negative,00_1-1305_1_1,right_proximal_negative,大腿垫高001,True,2.842170943040401e-14,2.549509752903617,0.0,0.0,0.0
85.0,edulite_right_negative,100_1_1_1,right_proximal_negative,大腿垫高001,True,1.5000000000000284,1.5000000000000284,0.0,0.0,0.0
85.0,edulite_right_negative,000_1-4238_1_1,right_proximal_negative,大腿垫高001,True,2.842170943040401e-14,0.0,0.0,0.0,0.0
85.0,edulite_right_negative,00_1-4459_1_1,right_proximal_negative,大腿垫高001,True,0.0,0.0,0.0,0.0,0.0
85.0,edulite_right_negative,00_1-4459_1_001,right_proximal_negative,大腿垫高001,True,0.0,0.0,0.0,0.0,0.0
85.0,edulite_right_negative,00_1-4459_1_002,right_proximal_negative,大腿垫高001,True,0.0,0.0,0.0,0.0,0.0
85.0,edulite_right_negative,200_1_1_1,right_proximal_negative,大腿垫高001,True,1.0000000000000284,3.1622776562352795,0.0,0.0,0.0
85.0,edulite_right_negative,00_1-8689_1_1,right_proximal_negative,大腿垫高001,True,1.0000000000000284,2.1470910512892543,0.0,0.0,0.0
85.0,edulite_right_negative,00_1-1305_1_1,right_distal_negative,小腿010,False,0.0,9.885498936052889,0.0,0.0,0.0
85.0,edulite_right_negative,100_1_1_1,right_distal_negative,小腿010,False,1.5,14.458962656478775,0.0,0.0,0.0
85.0,edulite_right_negative,000_1-4238_1_1,right_distal_negative,小腿010,False,0.0,16.8883489402433,0.0,0.0,0.0
85.0,edulite_right_negative,00_1-4459_1_002,right_distal_negative,小腿010,False,0.0,24.274408164880573,0.0,0.0,0.0
85.0,edulite_right_negative,200_1_1_1,right_distal_negative,小腿010,False,1.0,27.898873395921964,0.0,0.0,0.0
85.0,edulite_right_negative,00_1-8689_1_1,right_distal_negative,小腿010,False,1.0,14.016663101084106,0.0,0.0,0.0
85.0,edulite_right_positive,00_1-1305_1_1,right_proximal_positive,大腿002,True,1.4210854715202004e-14,1.4210854715202004e-14,0.0,0.0,0.0
85.0,edulite_right_positive,100_1_1_1,right_proximal_positive,大腿002,True,1.5000000000000142,1.5000000000000142,0.0,0.0,0.0
85.0,edulite_right_positive,000_1-4238_1_1,right_proximal_positive,大腿002,True,1.4210854715202004e-14,0.0,0.0,0.0,0.0
85.0,edulite_right_positive,00_1-4459_1_1,right_proximal_positive,大腿002,True,0.0,0.0,0.0,0.0,0.0
85.0,edulite_right_positive,00_1-4459_1_001,right_proximal_positive,大腿002,True,0.0,0.0,0.0,0.0,0.0
85.0,edulite_right_positive,00_1-4459_1_002,right_proximal_positive,大腿002,True,0.0,0.0,0.0,0.0,0.0
85.0,edulite_right_positive,200_1_1_1,right_proximal_positive,大腿002,True,1.0000000000000142,3.1622776553102176,0.0,0.0,0.0
85.0,edulite_right_positive,00_1-8689_1_1,right_proximal_positive,大腿002,True,1.0000000000000142,1.0000000000000142,0.0,0.0,0.0
85.0,edulite_right_positive,00_1-1305_1_1,right_distal_negative,小腿010,False,0.0,50.14909730912861,0.0,0.0,0.0
85.0,edulite_right_positive,100_1_1_1,right_distal_negative,小腿010,False,1.5,54.668782323299546,0.0,0.0,0.0
85.0,edulite_right_positive,000_1-4238_1_1,right_distal_negative,小腿010,False,0.0,57.15038723050504,0.0,0.0,0.0
85.0,edulite_right_positive,00_1-8689_1_1,right_distal_negative,小腿010,False,1.0,54.25741608969976,0.0,0.0,0.0
85.0,left_proximal_negative,大腿,left_distal_negative,推力轴承,True,0.0,1.2789769243681803e-13,0.0,0.0,0.0
85.0,left_proximal_negative,大腿,left_distal_negative,小腿001,True,1.0000000000001137,1.000000000000142,0.0,0.0,0.0
85.0,left_proximal_negative,大腿,left_distal_negative,cross recessed pan head screws gb_GB_CROSS_SCREWS_TYPE1 M4X16-16  H type-C,True,0.0,0.09999999971933331,0.0,0.0,0.0
85.0,left_proximal_negative,大腿,left_distal_negative,"hex nuts, style 1-grades ab gb_GB_FASTENER_NUT_SNAB1 M4-C",True,0.0,1.1368683772161603e-13,0.0,0.0,0.0
85.0,left_proximal_negative,大腿,left_distal_positive,小腿004,False,0.0,57.1481999823728,0.0,0.0,0.0
85.0,left_proximal_positive,大腿垫高,left_distal_negative,小腿001,False,0.0,57.148199982610166,0.0,0.0,0.0
85.0,left_proximal_positive,大腿001,left_distal_negative,小腿001,False,0.0,57.14819998261014,0.0,0.0,0.0
85.0,left_proximal_positive,大腿垫高,left_distal_positive,小腿004,True,0.0,16.880945770785292,0.0,0.0,0.0
85.0,left_proximal_positive,大腿001,left_distal_positive,小腿004,True,1.0000000000000995,1.000000000000142,0.0,0.0,0.0
85.0,left_proximal_positive,大腿001,left_distal_positive,推力轴承001,True,0.0,1.4210854715202004e-13,0.0,0.0,0.0
85.0,left_proximal_positive,大腿001,left_distal_positive,cross recessed pan head screws gb_GB_CROSS_SCREWS_TYPE1 M4X16-16  H type-C001,True,0.0,0.09999999970951311,0.0,0.0,0.0
85.0,left_proximal_positive,大腿001,left_distal_positive,"hex nuts, style 1-grades ab gb_GB_FASTENER_NUT_SNAB1 M4-C001",True,0.0,5.684341886080802e-14,0.0,0.0,0.0
85.0,left_distal_negative,小腿001,left_distal_positive,小腿004,True,0.9999999999999858,0.9999999999999858,0.0,0.0,0.0
85.0,left_distal_negative,小腿001,left_wheel,推力轴承002,True,0.0,1.4210854715202004e-14,0.0,0.0,0.0
85.0,left_distal_negative,小腿001,left_wheel,驱动板004,True,0.4999999999998721,0.4999999999998863,0.0,0.0,0.0
85.0,left_distal_negative,小腿001,left_wheel,MISUMI_CBSTSR4-16_内六角螺栓（盖螺栓）,True,0.0,0.0,0.0,0.0,0.0
85.0,left_distal_positive,小腿004,left_wheel,推力轴承002,True,0.0,0.0,0.0,0.0,0.0
85.0,left_distal_positive,小腿004,left_wheel,MISUMI_C-SE604ZZ_不锈钢小径滚珠轴承,True,0.0,1.4210854715202004e-14,0.0,0.0,0.0
85.0,left_distal_positive,小腿004,left_wheel,MISUMI_CBSTSR4-16_内六角螺栓（盖螺栓）,True,0.0,0.09999999944248102,0.0,0.0,0.0
85.0,right_proximal_negative,大腿垫高001,right_distal_negative,小腿010,True,0.0,16.880945770931667,0.0,0.0,0.0
85.0,right_proximal_negative,大腿003,right_distal_negative,推力轴承004,True,0.0,1.2789769243681803e-13,0.0,0.0,0.0
85.0,right_proximal_negative,大腿003,right_distal_negative,小腿009,True,2.0,2.0,0.0,0.0,0.0
85.0,right_proximal_negative,大腿003,right_distal_negative,小腿010,True,1.0,1.0,0.0,0.0,0.0
85.0,right_proximal_negative,大腿003,right_distal_negative,"hex nuts, style 1-grades ab gb_GB_FASTENER_NUT_SNAB1 M4-C005",True,1.1368683772161603e-13,1.4210854715202004e-13,0.0,0.0,0.0
85.0,right_proximal_negative,大腿003,right_distal_negative,cross recessed pan head screws gb_GB_CROSS_SCREWS_TYPE1 M4X16-16  H type-C003,True,0.0,0.09999999974519086,0.0,0.0,0.0
85.0,right_proximal_negative,大腿垫高001,right_distal_positive,小腿007,False,0.0,57.14819998237279,0.0,0.0,0.0
85.0,right_proximal_negative,大腿003,right_distal_positive,小腿007,False,0.0,57.14819998237276,0.0,0.0,0.0
85.0,right_proximal_positive,大腿002,right_distal_negative,小腿010,False,0.0,57.148199982611004,0.0,0.0,0.0
85.0,right_proximal_positive,大腿002,right_distal_positive,推力轴承003,True,0.0,0.0,0.0,0.0,0.0
85.0,right_proximal_positive,大腿002,right_distal_positive,小腿007,True,1.0,1.0000000000000142,0.0,0.0,0.0
85.0,right_proximal_positive,大腿002,right_distal_positive,cross recessed pan head screws gb_GB_CROSS_SCREWS_TYPE1 M4X16-16  H type-C002,True,0.0,0.09999999978122023,0.0,0.0,0.0
85.0,right_proximal_positive,大腿002,right_distal_positive,"hex nuts, style 1-grades ab gb_GB_FASTENER_NUT_SNAB1 M4-C003",True,0.0,1.4210854715202004e-14,0.0,0.0,0.0
85.0,right_distal_negative,小腿010,right_distal_positive,小腿007,True,1.0000000000000142,1.0000000000000142,0.0,0.0,0.0
85.0,right_distal_negative,小腿010,right_wheel,推力轴承005,True,0.0,1.4210854715202004e-14,0.0,0.0,0.0
85.0,right_distal_negative,小腿010,right_wheel,MISUMI_C-SE604ZZ_不锈钢小径滚珠轴承004,True,0.0,1.4210854715202004e-14,0.0,0.0,0.0
85.0,right_distal_negative,小腿010,right_wheel,MISUMI_CBSTSR4-16_内六角螺栓（盖螺栓）001,True,0.0,0.09999999974179193,0.0,0.0,0.0
85.0,right_distal_positive,小腿007,right_wheel,推力轴承005,True,0.0,0.0,0.0,0.0,0.0
85.0,right_distal_positive,小腿007,right_wheel,驱动板005,True,0.4999999999998863,0.49999999999991473,0.0,0.0,0.0
85.0,right_distal_positive,小腿007,right_wheel,MISUMI_CBSTSR4-16_内六角螺栓（盖螺栓）001,True,0.0,0.0,0.0,0.0,0.0
86.0,edulite_left_negative,00_1-1305_1_1,left_proximal_negative,大腿,True,0.0,5.684341886080802e-14,0.0,0.0,0.0
86.0,edulite_left_negative,100_1_1_1,left_proximal_negative,大腿,True,1.499999999999858,1.499999999999858,0.0,0.0,0.0
86.0,edulite_left_negative,000_1-4238_1_1,left_proximal_negative,大腿,True,0.0,0.0,0.0,0.0,0.0
86.0,edulite_left_negative,00_1-4459_1_1,left_proximal_negative,大腿,True,0.0,0.0,0.0,0.0,0.0
86.0,edulite_left_negative,00_1-4459_1_001,left_proximal_negative,大腿,True,0.0,0.0,0.0,0.0,0.0
86.0,edulite_left_negative,00_1-4459_1_002,left_proximal_negative,大腿,True,0.0,0.0,0.0,0.0,0.0
86.0,edulite_left_negative,200_1_1_1,left_proximal_negative,大腿,True,0.9999999999998579,3.1622776552725553,0.0,0.0,0.0
86.0,edulite_left_negative,00_1-8689_1_1,left_proximal_negative,大腿,True,0.9999999999998579,0.9999999999998579,0.0,0.0,0.0
86.0,edulite_left_negative,00_1-1305_1_1,left_distal_positive,小腿004,False,0.0,50.773198144043064,0.0,0.0,0.0
86.0,edulite_left_negative,100_1_1_1,left_distal_positive,小腿004,False,1.5,55.29266186711971,0.0,0.0,0.0
86.0,edulite_left_negative,000_1-4238_1_1,left_distal_positive,小腿004,False,0.0,57.77447546764304,0.0,0.0,0.0
86.0,edulite_left_negative,00_1-8689_1_1,left_distal_positive,小腿004,False,1.0,54.88142314916852,0.0,0.0,0.0
86.0,edulite_left_positive,00_1-1305_1_1,left_proximal_positive,大腿垫高,True,1.4210854715202004e-14,2.5495097529034747,0.0,0.0,0.0
86.0,edulite_left_positive,100_1_1_1,left_proximal_positive,大腿垫高,True,1.5000000000000142,1.5000000000000142,0.0,0.0,0.0
86.0,edulite_left_positive,000_1-4238_1_1,left_proximal_positive,大腿垫高,True,1.4210854715202004e-14,0.0,0.0,0.0,0.0
86.0,edulite_left_positive,00_1-4459_1_1,left_proximal_positive,大腿垫高,True,0.0,0.0,0.0,0.0,0.0
86.0,edulite_left_positive,00_1-4459_1_001,left_proximal_positive,大腿垫高,True,0.0,0.0,0.0,0.0,0.0
86.0,edulite_left_positive,00_1-4459_1_002,left_proximal_positive,大腿垫高,True,0.0,0.0,0.0,0.0,0.0
86.0,edulite_left_positive,200_1_1_1,left_proximal_positive,大腿垫高,True,1.0000000000000142,3.162277656235201,0.0,0.0,0.0
86.0,edulite_left_positive,00_1-8689_1_1,left_proximal_positive,大腿垫高,True,1.0000000000000142,2.1470910512891637,0.0,0.0,0.0
86.0,edulite_left_positive,00_1-1305_1_1,left_distal_positive,小腿004,False,0.0,10.363194655433952,0.0,0.0,0.0
86.0,edulite_left_positive,100_1_1_1,left_distal_positive,小腿004,False,1.5,14.934371984160126,0.0,0.0,0.0
86.0,edulite_left_positive,000_1-4238_1_1,left_distal_positive,小腿004,False,0.0,17.36605089927427,0.0,0.0,0.0
86.0,edulite_left_positive,00_1-4459_1_002,left_distal_positive,小腿004,False,0.0,24.771734189298733,0.0,0.0,0.0
86.0,edulite_left_positive,200_1_1_1,left_distal_positive,小腿004,False,1.037507330582745,28.376477157071886,0.0,0.0,0.0
86.0,edulite_left_positive,00_1-8689_1_1,left_distal_positive,小腿004,False,1.0,14.493391093780644,0.0,0.0,0.0
86.0,edulite_right_negative,00_1-1305_1_1,right_proximal_negative,大腿垫高001,True,2.842170943040401e-14,2.549509752903617,0.0,0.0,0.0
86.0,edulite_right_negative,100_1_1_1,right_proximal_negative,大腿垫高001,True,1.5000000000000284,1.5000000000000284,0.0,0.0,0.0
86.0,edulite_right_negative,000_1-4238_1_1,right_proximal_negative,大腿垫高001,True,2.842170943040401e-14,0.0,0.0,0.0,0.0
86.0,edulite_right_negative,00_1-4459_1_1,right_proximal_negative,大腿垫高001,True,0.0,0.0,0.0,0.0,0.0
86.0,edulite_right_negative,00_1-4459_1_001,right_proximal_negative,大腿垫高001,True,0.0,0.0,0.0,0.0,0.0
86.0,edulite_right_negative,00_1-4459_1_002,right_proximal_negative,大腿垫高001,True,0.0,0.0,0.0,0.0,0.0
86.0,edulite_right_negative,200_1_1_1,right_proximal_negative,大腿垫高001,True,1.0000000000000284,3.1622776562352795,0.0,0.0,0.0
86.0,edulite_right_negative,00_1-8689_1_1,right_proximal_negative,大腿垫高001,True,1.0000000000000284,2.1470910512892543,0.0,0.0,0.0
86.0,edulite_right_negative,00_1-1305_1_1,right_distal_negative,小腿010,False,0.0,10.363194655578749,0.0,0.0,0.0
86.0,edulite_right_negative,100_1_1_1,right_distal_negative,小腿010,False,1.5,14.934371984304248,0.0,0.0,0.0
86.0,edulite_right_negative,000_1-4238_1_1,right_distal_negative,小腿010,False,0.0,17.36605089941907,0.0,0.0,0.0
86.0,edulite_right_negative,00_1-4459_1_002,right_distal_negative,小腿010,False,0.0,24.771734189455767,0.0,0.0,0.0
86.0,edulite_right_negative,200_1_1_1,right_distal_negative,小腿010,False,1.0375073306392044,28.37647715721665,0.0,0.0,0.0
86.0,edulite_right_negative,00_1-8689_1_1,right_distal_negative,小腿010,False,1.0,14.493391093925155,0.0,0.0,0.0
86.0,edulite_right_positive,00_1-1305_1_1,right_proximal_positive,大腿002,True,1.4210854715202004e-14,1.4210854715202004e-14,0.0,0.0,0.0
86.0,edulite_right_positive,100_1_1_1,right_proximal_positive,大腿002,True,1.5000000000000142,1.5000000000000142,0.0,0.0,0.0
86.0,edulite_right_positive,000_1-4238_1_1,right_proximal_positive,大腿002,True,1.4210854715202004e-14,0.0,0.0,0.0,0.0
86.0,edulite_right_positive,00_1-4459_1_1,right_proximal_positive,大腿002,True,0.0,0.0,0.0,0.0,0.0
86.0,edulite_right_positive,00_1-4459_1_001,right_proximal_positive,大腿002,True,0.0,0.0,0.0,0.0,0.0
86.0,edulite_right_positive,00_1-4459_1_002,right_proximal_positive,大腿002,True,0.0,0.0,0.0,0.0,0.0
86.0,edulite_right_positive,200_1_1_1,right_proximal_positive,大腿002,True,1.0000000000000142,3.1622776552724425,0.0,0.0,0.0
86.0,edulite_right_positive,00_1-8689_1_1,right_proximal_positive,大腿002,True,1.0000000000000142,1.0000000000000142,0.0,0.0,0.0
86.0,edulite_right_positive,00_1-1305_1_1,right_distal_negative,小腿010,False,0.0,50.773198144279306,0.0,0.0,0.0
86.0,edulite_right_positive,100_1_1_1,right_distal_negative,小腿010,False,1.5,55.292661867355875,0.0,0.0,0.0
86.0,edulite_right_positive,000_1-4238_1_1,right_distal_negative,小腿010,False,0.0,57.774475467879284,0.0,0.0,0.0
86.0,edulite_right_positive,00_1-8689_1_1,right_distal_negative,小腿010,False,1.0,54.881423149404725,0.0,0.0,0.0
86.0,left_proximal_negative,大腿,left_distal_negative,推力轴承,True,0.0,1.2789769243681803e-13,0.0,0.0,0.0
86.0,left_proximal_negative,大腿,left_distal_negative,小腿001,True,1.0000000000001137,1.000000000000142,0.0,0.0,0.0
86.0,left_proximal_negative,大腿,left_distal_negative,cross recessed pan head screws gb_GB_CROSS_SCREWS_TYPE1 M4X16-16  H type-C,True,0.0,0.09999999973307086,0.0,0.0,0.0
86.0,left_proximal_negative,大腿,left_distal_negative,"hex nuts, style 1-grades ab gb_GB_FASTENER_NUT_SNAB1 M4-C",True,0.0,1.1368683772161603e-13,0.0,0.0,0.0
86.0,left_proximal_negative,大腿,left_distal_positive,小腿004,False,0.0,57.772311847669144,0.0,0.0,0.0
86.0,left_proximal_positive,大腿垫高,left_distal_negative,小腿001,False,0.0,57.77231184790456,0.0,0.0,0.0
86.0,left_proximal_positive,大腿001,left_distal_negative,小腿001,False,0.0,57.77231184790456,0.0,0.0,0.0
86.0,left_proximal_positive,大腿垫高,left_distal_positive,小腿004,True,0.0,17.358851460721986,0.0,0.0,0.0
86.0,left_proximal_positive,大腿001,left_distal_positive,小腿004,True,1.0000000000000995,1.000000000000142,0.0,0.0,0.0
86.0,left_proximal_positive,大腿001,left_distal_positive,推力轴承001,True,0.0,1.4210854715202004e-13,0.0,0.0,0.0
86.0,left_proximal_positive,大腿001,left_distal_positive,cross recessed pan head screws gb_GB_CROSS_SCREWS_TYPE1 M4X16-16  H type-C001,True,0.0,0.09999999971998037,0.0,0.0,0.0
86.0,left_proximal_positive,大腿001,left_distal_positive,"hex nuts, style 1-grades ab gb_GB_FASTENER_NUT_SNAB1 M4-C001",True,0.0,5.684341886080802e-14,0.0,0.0,0.0
86.0,left_distal_negative,小腿001,left_distal_positive,小腿004,True,0.9999999999999858,0.9999999999999858,0.0,0.0,0.0
86.0,left_distal_negative,小腿001,left_wheel,推力轴承002,True,0.0,1.4210854715202004e-14,0.0,0.0,0.0
86.0,left_distal_negative,小腿001,left_wheel,驱动板004,True,0.4999999999998721,0.4999999999998863,0.0,0.0,0.0
86.0,left_distal_negative,小腿001,left_wheel,MISUMI_CBSTSR4-16_内六角螺栓（盖螺栓）,True,0.0,0.0,0.0,0.0,0.0
86.0,left_distal_positive,小腿004,left_wheel,推力轴承002,True,0.0,0.0,0.0,0.0,0.0
86.0,left_distal_positive,小腿004,left_wheel,MISUMI_C-SE604ZZ_不锈钢小径滚珠轴承,True,0.0,1.4210854715202004e-14,0.0,0.0,0.0
86.0,left_distal_positive,小腿004,left_wheel,MISUMI_CBSTSR4-16_内六角螺栓（盖螺栓）,True,0.0,0.0999999994411807,0.0,0.0,0.0
86.0,right_proximal_negative,大腿垫高001,right_distal_negative,小腿010,True,0.0,17.358851460866692,0.0,0.0,0.0
86.0,right_proximal_negative,大腿003,right_distal_negative,推力轴承004,True,0.0,1.2789769243681803e-13,0.0,0.0,0.0
86.0,right_proximal_negative,大腿003,right_distal_negative,小腿009,True,2.0,2.0,0.0,0.0,0.0
86.0,right_proximal_negative,大腿003,right_distal_negative,小腿010,True,1.0,1.0,0.0,0.0,0.0
86.0,right_proximal_negative,大腿003,right_distal_negative,"hex nuts, style 1-grades ab gb_GB_FASTENER_NUT_SNAB1 M4-C005",True,1.1368683772161603e-13,1.4210854715202004e-13,0.0,0.0,0.0
86.0,right_proximal_negative,大腿003,right_distal_negative,cross recessed pan head screws gb_GB_CROSS_SCREWS_TYPE1 M4X16-16  H type-C003,True,0.0,0.09999999979995533,0.0,0.0,0.0
86.0,right_proximal_negative,大腿垫高001,right_distal_positive,小腿007,False,0.0,57.77231184766913,0.0,0.0,0.0
86.0,right_proximal_negative,大腿003,right_distal_positive,小腿007,False,0.0,57.772311847669094,0.0,0.0,0.0
86.0,right_proximal_positive,大腿002,right_distal_negative,小腿010,False,0.0,57.77231184790542,0.0,0.0,0.0
86.0,right_proximal_positive,大腿002,right_distal_positive,推力轴承003,True,0.0,0.0,0.0,0.0,0.0
86.0,right_proximal_positive,大腿002,right_distal_positive,小腿007,True,1.0,1.0000000000000142,0.0,0.0,0.0
86.0,right_proximal_positive,大腿002,right_distal_positive,cross recessed pan head screws gb_GB_CROSS_SCREWS_TYPE1 M4X16-16  H type-C002,True,0.0,0.09999999978555807,0.0,0.0,0.0
86.0,right_proximal_positive,大腿002,right_distal_positive,"hex nuts, style 1-grades ab gb_GB_FASTENER_NUT_SNAB1 M4-C003",True,0.0,1.4210854715202004e-14,0.0,0.0,0.0
86.0,right_distal_negative,小腿010,right_distal_positive,小腿007,True,1.0000000000000142,1.0000000000000142,0.0,0.0,0.0
86.0,right_distal_negative,小腿010,right_wheel,推力轴承005,True,0.0,1.4210854715202004e-14,0.0,0.0,0.0
86.0,right_distal_negative,小腿010,right_wheel,MISUMI_C-SE604ZZ_不锈钢小径滚珠轴承004,True,0.0,1.4210854715202004e-14,0.0,0.0,0.0
86.0,right_distal_negative,小腿010,right_wheel,MISUMI_CBSTSR4-16_内六角螺栓（盖螺栓）001,True,0.0,0.09999999974189094,0.0,0.0,0.0
86.0,right_distal_positive,小腿007,right_wheel,推力轴承005,True,0.0,0.0,0.0,0.0,0.0
86.0,right_distal_positive,小腿007,right_wheel,驱动板005,True,0.4999999999998863,0.49999999999991473,0.0,0.0,0.0
86.0,right_distal_positive,小腿007,right_wheel,MISUMI_CBSTSR4-16_内六角螺栓（盖螺栓）001,True,0.0,0.0,0.0,0.0,0.0
87.0,edulite_left_negative,00_1-1305_1_1,left_proximal_negative,大腿,True,0.0,5.684341886080802e-14,0.0,0.0,0.0
87.0,edulite_left_negative,100_1_1_1,left_proximal_negative,大腿,True,1.499999999999858,1.499999999999858,0.0,0.0,0.0
87.0,edulite_left_negative,000_1-4238_1_1,left_proximal_negative,大腿,True,0.0,0.0,0.0,0.0,0.0
87.0,edulite_left_negative,00_1-4459_1_1,left_proximal_negative,大腿,True,0.0,0.0,0.0,0.0,0.0
87.0,edulite_left_negative,00_1-4459_1_001,left_proximal_negative,大腿,True,0.0,0.0,0.0,0.0,0.0
87.0,edulite_left_negative,00_1-4459_1_002,left_proximal_negative,大腿,True,0.0,0.0,0.0,0.0,0.0
87.0,edulite_left_negative,200_1_1_1,left_proximal_negative,大腿,True,0.9999999999998579,3.162277655236232,0.0,0.0,0.0
87.0,edulite_left_negative,00_1-8689_1_1,left_proximal_negative,大腿,True,0.9999999999998579,0.9999999999998579,0.0,0.0,0.0
87.0,edulite_left_negative,00_1-1305_1_1,left_distal_positive,小腿004,False,0.0,51.38732898866374,0.0,0.0,0.0
87.0,edulite_left_negative,100_1_1_1,left_distal_positive,小腿004,False,1.5,55.90657975676623,0.0,0.0,0.0
87.0,edulite_left_negative,000_1-4238_1_1,left_distal_positive,小腿004,False,0.0,58.388594147268066,0.0,0.0,0.0
87.0,edulite_left_negative,00_1-8689_1_1,left_distal_positive,小腿004,False,1.0,55.49546375584682,0.0,0.0,0.0
87.0,edulite_left_positive,00_1-1305_1_1,left_proximal_positive,大腿垫高,True,1.4210854715202004e-14,2.5495097529034747,0.0,0.0,0.0
87.0,edulite_left_positive,100_1_1_1,left_proximal_positive,大腿垫高,True,1.5000000000000142,1.5000000000000142,0.0,0.0,0.0
87.0,edulite_left_positive,000_1-4238_1_1,left_proximal_positive,大腿垫高,True,1.4210854715202004e-14,0.0,0.0,0.0,0.0
87.0,edulite_left_positive,00_1-4459_1_1,left_proximal_positive,大腿垫高,True,0.0,0.0,0.0,0.0,0.0
87.0,edulite_left_positive,00_1-4459_1_001,left_proximal_positive,大腿垫高,True,0.0,0.0,0.0,0.0,0.0
87.0,edulite_left_positive,00_1-4459_1_002,left_proximal_positive,大腿垫高,True,0.0,0.0,0.0,0.0,0.0
87.0,edulite_left_positive,200_1_1_1,left_proximal_positive,大腿垫高,True,1.0000000000000142,3.162277656235201,0.0,0.0,0.0
87.0,edulite_left_positive,00_1-8689_1_1,left_proximal_positive,大腿垫高,True,1.0000000000000142,2.1470910512891646,0.0,0.0,0.0
87.0,edulite_left_positive,00_1-1305_1_1,left_distal_positive,小腿004,False,0.0,10.825808021663132,0.0,0.0,0.0
87.0,edulite_left_positive,100_1_1_1,left_distal_positive,小腿004,False,1.5,15.394900900281538,0.0,0.0,0.0
87.0,edulite_left_positive,000_1-4238_1_1,left_distal_positive,小腿004,False,0.0,17.828663050777156,0.0,0.0,0.0
87.0,edulite_left_positive,00_1-4459_1_002,left_distal_positive,小腿004,False,0.0,25.254772883044385,0.0,0.0,0.0
87.0,edulite_left_positive,200_1_1_1,left_distal_positive,小腿004,False,1.4224361760548996,28.83899334152008,0.0,0.0,0.0
87.0,edulite_left_positive,00_1-8689_1_1,left_distal_positive,小腿004,False,1.0,14.955121308023683,0.0,0.0,0.0
87.0,edulite_right_negative,00_1-1305_1_1,right_proximal_negative,大腿垫高001,True,2.842170943040401e-14,2.54950975290361,0.0,0.0,0.0
87.0,edulite_right_negative,100_1_1_1,right_proximal_negative,大腿垫高001,True,1.5000000000000284,1.5000000000000284,0.0,0.0,0.0
87.0,edulite_right_negative,000_1-4238_1_1,right_proximal_negative,大腿垫高001,True,2.842170943040401e-14,0.0,0.0,0.0,0.0
87.0,edulite_right_negative,00_1-4459_1_1,right_proximal_negative,大腿垫高001,True,0.0,0.0,0.0,0.0,0.0
87.0,edulite_right_negative,00_1-4459_1_001,right_proximal_negative,大腿垫高001,True,0.0,0.0,0.0,0.0,0.0
87.0,edulite_right_negative,00_1-4459_1_002,right_proximal_negative,大腿垫高001,True,0.0,0.0,0.0,0.0,0.0
87.0,edulite_right_negative,200_1_1_1,right_proximal_negative,大腿垫高001,True,1.0000000000000284,3.1622776562352795,0.0,0.0,0.0
87.0,edulite_right_negative,00_1-8689_1_1,right_proximal_negative,大腿垫高001,True,1.0000000000000284,2.1470910512892547,0.0,0.0,0.0
87.0,edulite_right_negative,00_1-1305_1_1,right_distal_negative,小腿010,False,0.0,10.825808021806212,0.0,0.0,0.0
87.0,edulite_right_negative,100_1_1_1,right_distal_negative,小腿010,False,1.5,15.39490090042399,0.0,0.0,0.0
87.0,edulite_right_negative,000_1-4238_1_1,right_distal_negative,小腿010,False,0.0,17.828663050920238,0.0,0.0,0.0
87.0,edulite_right_negative,00_1-4459_1_002,right_distal_negative,小腿010,False,0.0,25.25477288319976,0.0,0.0,0.0
87.0,edulite_right_negative,200_1_1_1,right_distal_negative,小腿010,False,1.4224361762058098,28.83899334166313,0.0,0.0,0.0
87.0,edulite_right_negative,00_1-8689_1_1,right_distal_negative,小腿010,False,1.0,14.9551213081665,0.0,0.0,0.0
87.0,edulite_right_positive,00_1-1305_1_1,right_proximal_positive,大腿002,True,1.4210854715202004e-14,1.4210854715202004e-14,0.0,0.0,0.0
87.0,edulite_right_positive,100_1_1_1,right_proximal_positive,大腿002,True,1.5000000000000142,1.5000000000000142,0.0,0.0,0.0
87.0,edulite_right_positive,000_1-4238_1_1,right_proximal_positive,大腿002,True,1.4210854715202004e-14,0.0,0.0,0.0,0.0
87.0,edulite_right_positive,00_1-4459_1_1,right_proximal_positive,大腿002,True,0.0,0.0,0.0,0.0,0.0
87.0,edulite_right_positive,00_1-4459_1_001,right_proximal_positive,大腿002,True,0.0,0.0,0.0,0.0,0.0
87.0,edulite_right_positive,00_1-4459_1_002,right_proximal_positive,大腿002,True,0.0,0.0,0.0,0.0,0.0
87.0,edulite_right_positive,200_1_1_1,right_proximal_positive,大腿002,True,1.0000000000000142,3.1622776552361214,0.0,0.0,0.0
87.0,edulite_right_positive,00_1-8689_1_1,right_proximal_positive,大腿002,True,1.0000000000000142,1.0000000000000142,0.0,0.0,0.0
87.0,edulite_right_positive,00_1-1305_1_1,right_distal_negative,小腿010,False,0.0,51.38732898889799,0.0,0.0,0.0
87.0,edulite_right_positive,100_1_1_1,right_distal_negative,小腿010,False,1.5,55.90657975700039,0.0,0.0,0.0
87.0,edulite_right_positive,000_1-4238_1_1,right_distal_negative,小腿010,False,0.0,58.3885941475023,0.0,0.0,0.0
87.0,edulite_right_positive,00_1-8689_1_1,right_distal_negative,小腿010,False,1.0,55.49546375608102,0.0,0.0,0.0
87.0,left_proximal_negative,大腿,left_distal_negative,推力轴承,True,0.0,1.2789769243681803e-13,0.0,0.0,0.0
87.0,left_proximal_negative,大腿,left_distal_negative,小腿001,True,1.0000000000001137,1.000000000000142,0.0,0.0,0.0
87.0,left_proximal_negative,大腿,left_distal_negative,cross recessed pan head screws gb_GB_CROSS_SCREWS_TYPE1 M4X16-16  H type-C,True,0.0,0.09999999975413688,0.0,0.0,0.0
87.0,left_proximal_negative,大腿,left_distal_negative,"hex nuts, style 1-grades ab gb_GB_FASTENER_NUT_SNAB1 M4-C",True,0.0,1.1368683772161603e-13,0.0,0.0,0.0
87.0,left_proximal_negative,大腿,left_distal_positive,小腿004,False,0.0,58.38645328468354,0.0,0.0,0.0
87.0,left_proximal_positive,大腿垫高,left_distal_negative,小腿001,False,0.0,58.386453284916946,0.0,0.0,0.0
87.0,left_proximal_positive,大腿001,left_distal_negative,小腿001,False,0.0,58.38645328491693,0.0,0.0,0.0
87.0,left_proximal_positive,大腿垫高,left_distal_positive,小腿004,True,0.0,17.821650495470383,0.0,0.0,0.0
87.0,left_proximal_positive,大腿001,left_distal_positive,小腿004,True,1.0000000000000995,1.000000000000142,0.0,0.0,0.0
87.0,left_proximal_positive,大腿001,left_distal_positive,推力轴承001,True,0.0,1.4210854715202004e-13,0.0,0.0,0.0
87.0,left_proximal_positive,大腿001,left_distal_positive,cross recessed pan head screws gb_GB_CROSS_SCREWS_TYPE1 M4X16-16  H type-C001,True,0.0,0.09999999973048812,0.0,0.0,0.0
87.0,left_proximal_positive,大腿001,left_distal_positive,"hex nuts, style 1-grades ab gb_GB_FASTENER_NUT_SNAB1 M4-C001",True,0.0,5.684341886080802e-14,0.0,0.0,0.0
87.0,left_distal_negative,小腿001,left_distal_positive,小腿004,True,0.9999999999999858,0.9999999999999858,0.0,0.0,0.0
87.0,left_distal_negative,小腿001,left_wheel,推力轴承002,True,0.0,1.4210854715202004e-14,0.0,0.0,0.0
87.0,left_distal_negative,小腿001,left_wheel,驱动板004,True,0.4999999999998721,0.4999999999998863,0.0,0.0,0.0
87.0,left_distal_negative,小腿001,left_wheel,MISUMI_CBSTSR4-16_内六角螺栓（盖螺栓）,True,0.0,0.0,0.0,0.0,0.0
87.0,left_distal_positive,小腿004,left_wheel,推力轴承002,True,0.0,0.0,0.0,0.0,0.0
87.0,left_distal_positive,小腿004,left_wheel,MISUMI_C-SE604ZZ_不锈钢小径滚珠轴承,True,0.0,1.4210854715202004e-14,0.0,0.0,0.0
87.0,left_distal_positive,小腿004,left_wheel,MISUMI_CBSTSR4-16_内六角螺栓（盖螺栓）,True,0.0,0.0999999994398875,0.0,0.0,0.0
87.0,right_proximal_negative,大腿垫高001,right_distal_negative,小腿010,True,0.0,17.821650495613362,0.0,0.0,0.0
87.0,right_proximal_negative,大腿003,right_distal_negative,推力轴承004,True,0.0,1.2789769243681803e-13,0.0,0.0,0.0
87.0,right_proximal_negative,大腿003,right_distal_negative,小腿009,True,2.0,2.0,0.0,0.0,0.0
87.0,right_proximal_negative,大腿003,right_distal_negative,小腿010,True,1.0,1.0,0.0,0.0,0.0
87.0,right_proximal_negative,大腿003,right_distal_negative,"hex nuts, style 1-grades ab gb_GB_FASTENER_NUT_SNAB1 M4-C005",True,1.1368683772161603e-13,1.4210854715202004e-13,0.0,0.0,0.0
87.0,right_proximal_negative,大腿003,right_distal_negative,cross recessed pan head screws gb_GB_CROSS_SCREWS_TYPE1 M4X16-16  H type-C003,True,0.0,0.0999999998286649,0.0,0.0,0.0
87.0,right_proximal_negative,大腿垫高001,right_distal_positive,小腿007,False,0.0,58.38645328468352,0.0,0.0,0.0
87.0,right_proximal_negative,大腿003,right_distal_positive,小腿007,False,0.0,58.3864532846835,0.0,0.0,0.0
87.0,right_proximal_positive,大腿002,right_distal_negative,小腿010,False,0.0,58.3864532849178,0.0,0.0,0.0
87.0,right_proximal_positive,大腿002,right_distal_positive,推力轴承003,True,0.0,0.0,0.0,0.0,0.0
87.0,right_proximal_positive,大腿002,right_distal_positive,小腿007,True,1.0,1.0000000000000142,0.0,0.0,0.0
87.0,right_proximal_positive,大腿002,right_distal_positive,cross recessed pan head screws gb_GB_CROSS_SCREWS_TYPE1 M4X16-16  H type-C002,True,0.0,0.09999999978991193,0.0,0.0,0.0
87.0,right_proximal_positive,大腿002,right_distal_positive,"hex nuts, style 1-grades ab gb_GB_FASTENER_NUT_SNAB1 M4-C003",True,0.0,1.4210854715202004e-14,0.0,0.0,0.0
87.0,right_distal_negative,小腿010,right_distal_positive,小腿007,True,1.0000000000000142,1.0000000000000142,0.0,0.0,0.0
87.0,right_distal_negative,小腿010,right_wheel,推力轴承005,True,0.0,1.4210854715202004e-14,0.0,0.0,0.0
87.0,right_distal_negative,小腿010,right_wheel,MISUMI_C-SE604ZZ_不锈钢小径滚珠轴承004,True,0.0,1.4210854715202004e-14,0.0,0.0,0.0
87.0,right_distal_negative,小腿010,right_wheel,MISUMI_CBSTSR4-16_内六角螺栓（盖螺栓）001,True,0.0,0.09999999974201133,0.0,0.0,0.0
87.0,right_distal_positive,小腿007,right_wheel,推力轴承005,True,0.0,0.0,0.0,0.0,0.0
87.0,right_distal_positive,小腿007,right_wheel,驱动板005,True,0.4999999999998863,0.49999999999991473,0.0,0.0,0.0
87.0,right_distal_positive,小腿007,right_wheel,MISUMI_CBSTSR4-16_内六角螺栓（盖螺栓）001,True,0.0,0.0,0.0,0.0,0.0
88.0,edulite_left_negative,00_1-1305_1_1,left_proximal_negative,大腿,True,0.0,5.684341886080802e-14,0.0,0.0,0.0
88.0,edulite_left_negative,100_1_1_1,left_proximal_negative,大腿,True,1.499999999999858,1.499999999999858,0.0,0.0,0.0
88.0,edulite_left_negative,000_1-4238_1_1,left_proximal_negative,大腿,True,0.0,0.0,0.0,0.0,0.0
88.0,edulite_left_negative,00_1-4459_1_1,left_proximal_negative,大腿,True,0.0,0.0,0.0,0.0,0.0
88.0,edulite_left_negative,00_1-4459_1_001,left_proximal_negative,大腿,True,0.0,0.0,0.0,0.0,0.0
88.0,edulite_left_negative,00_1-4459_1_002,left_proximal_negative,大腿,True,0.0,0.0,0.0,0.0,0.0
88.0,edulite_left_negative,200_1_1_1,left_proximal_negative,大腿,True,0.9999999999998579,3.16227765520132,0.0,0.0,0.0
88.0,edulite_left_negative,00_1-8689_1_1,left_proximal_negative,大腿,True,0.9999999999998579,0.9999999999998579,0.0,0.0,0.0
88.0,edulite_left_negative,00_1-1305_1_1,left_distal_positive,小腿004,False,0.0,51.99122886219571,0.0,0.0,0.0
88.0,edulite_left_negative,100_1_1_1,left_distal_positive,小腿004,False,1.5,56.51027471637922,0.0,0.0,0.0
88.0,edulite_left_negative,000_1-4238_1_1,left_distal_positive,小腿004,False,0.0,58.992482276494826,0.0,0.0,0.0
88.0,edulite_left_negative,00_1-8689_1_1,left_distal_positive,小腿004,False,1.0,56.09927680337015,0.0,0.0,0.0
88.0,edulite_left_positive,00_1-1305_1_1,left_proximal_positive,大腿垫高,True,1.4210854715202004e-14,2.5495097529034765,0.0,0.0,0.0
88.0,edulite_left_positive,100_1_1_1,left_proximal_positive,大腿垫高,True,1.5000000000000142,1.5000000000000142,0.0,0.0,0.0
88.0,edulite_left_positive,000_1-4238_1_1,left_proximal_positive,大腿垫高,True,1.4210854715202004e-14,0.0,0.0,0.0,0.0
88.0,edulite_left_positive,00_1-4459_1_1,left_proximal_positive,大腿垫高,True,0.0,0.0,0.0,0.0,0.0
88.0,edulite_left_positive,00_1-4459_1_001,left_proximal_positive,大腿垫高,True,0.0,0.0,0.0,0.0,0.0
88.0,edulite_left_positive,00_1-4459_1_002,left_proximal_positive,大腿垫高,True,0.0,0.0,0.0,0.0,0.0
88.0,edulite_left_positive,200_1_1_1,left_proximal_positive,大腿垫高,True,1.0000000000000142,3.162277656235201,0.0,0.0,0.0
88.0,edulite_left_positive,00_1-8689_1_1,left_proximal_positive,大腿垫高,True,1.0000000000000142,2.147091051289164,0.0,0.0,0.0
88.0,edulite_left_positive,00_1-1305_1_1,left_distal_positive,小腿004,False,0.0,11.273277412745369,0.0,0.0,0.0
88.0,edulite_left_positive,100_1_1_1,left_distal_positive,小腿004,False,1.5,15.840465533267931,0.0,0.0,0.0
88.0,edulite_left_positive,000_1-4238_1_1,left_distal_positive,小腿004,False,0.0,18.276125769324533,0.0,0.0,0.0
88.0,edulite_left_positive,00_1-4459_1_002,left_distal_positive,小腿004,False,0.0,25.723454475548817,0.0,0.0,0.0
88.0,edulite_left_positive,00_1-8689_1_1,left_distal_positive,小腿004,False,1.0,15.401783024655497,0.0,0.0,0.0
88.0,edulite_right_negative,00_1-1305_1_1,right_proximal_negative,大腿垫高001,True,2.842170943040401e-14,2.54950975290361,0.0,0.0,0.0
88.0,edulite_right_negative,100_1_1_1,right_proximal_negative,大腿垫高001,True,1.5000000000000284,1.5000000000000284,0.0,0.0,0.0
88.0,edulite_right_negative,000_1-4238_1_1,right_proximal_negative,大腿垫高001,True,2.842170943040401e-14,0.0,0.0,0.0,0.0
88.0,edulite_right_negative,00_1-4459_1_1,right_proximal_negative,大腿垫高001,True,0.0,0.0,0.0,0.0,0.0
88.0,edulite_right_negative,00_1-4459_1_001,right_proximal_negative,大腿垫高001,True,0.0,0.0,0.0,0.0,0.0
88.0,edulite_right_negative,00_1-4459_1_002,right_proximal_negative,大腿垫高001,True,0.0,0.0,0.0,0.0,0.0
88.0,edulite_right_negative,200_1_1_1,right_proximal_negative,大腿垫高001,True,1.0000000000000284,3.1622776562352795,0.0,0.0,0.0
88.0,edulite_right_negative,00_1-8689_1_1,right_proximal_negative,大腿垫高001,True,1.0000000000000284,2.1470910512892547,0.0,0.0,0.0
88.0,edulite_right_negative,00_1-1305_1_1,right_distal_negative,小腿010,False,0.0,11.27327741288676,0.0,0.0,0.0
88.0,edulite_right_negative,100_1_1_1,right_distal_negative,小腿010,False,1.5,15.840465533408734,0.0,0.0,0.0
88.0,edulite_right_negative,000_1-4238_1_1,right_distal_negative,小腿010,False,0.0,18.27612576946592,0.0,0.0,0.0
88.0,edulite_right_negative,00_1-4459_1_002,right_distal_negative,小腿010,False,0.0,25.723454475702525,0.0,0.0,0.0
88.0,edulite_right_negative,00_1-8689_1_1,right_distal_negative,小腿010,False,1.0,15.40178302479664,0.0,0.0,0.0
88.0,edulite_right_positive,00_1-1305_1_1,right_proximal_positive,大腿002,True,1.4210854715202004e-14,1.4210854715202004e-14,0.0,0.0,0.0
88.0,edulite_right_positive,100_1_1_1,right_proximal_positive,大腿002,True,1.5000000000000142,1.5000000000000142,0.0,0.0,0.0
88.0,edulite_right_positive,000_1-4238_1_1,right_proximal_positive,大腿002,True,1.4210854715202004e-14,0.0,0.0,0.0,0.0
88.0,edulite_right_positive,00_1-4459_1_1,right_proximal_positive,大腿002,True,0.0,0.0,0.0,0.0,0.0
88.0,edulite_right_positive,00_1-4459_1_001,right_proximal_positive,大腿002,True,0.0,0.0,0.0,0.0,0.0
88.0,edulite_right_positive,00_1-4459_1_002,right_proximal_positive,大腿002,True,0.0,0.0,0.0,0.0,0.0
88.0,edulite_right_positive,200_1_1_1,right_proximal_positive,大腿002,True,1.0000000000000142,3.162277655201205,0.0,0.0,0.0
88.0,edulite_right_positive,00_1-8689_1_1,right_proximal_positive,大腿002,True,1.0000000000000142,1.0000000000000142,0.0,0.0,0.0
88.0,edulite_right_positive,00_1-1305_1_1,right_distal_negative,小腿010,False,0.0,51.99122886242796,0.0,0.0,0.0
88.0,edulite_right_positive,100_1_1_1,right_distal_negative,小腿010,False,1.5,56.510274716611384,0.0,0.0,0.0
88.0,edulite_right_positive,000_1-4238_1_1,right_distal_negative,小腿010,False,0.0,58.99248227672707,0.0,0.0,0.0
88.0,edulite_right_positive,00_1-8689_1_1,right_distal_negative,小腿010,False,1.0,56.09927680360234,0.0,0.0,0.0
88.0,left_proximal_negative,大腿,left_distal_negative,推力轴承,True,0.0,1.2789769243681803e-13,0.0,0.0,0.0
88.0,left_proximal_negative,大腿,left_distal_negative,小腿001,True,1.0000000000001137,1.000000000000142,0.0,0.0,0.0
88.0,left_proximal_negative,大腿,left_distal_negative,cross recessed pan head screws gb_GB_CROSS_SCREWS_TYPE1 M4X16-16  H type-C,True,0.0,0.09999999976042795,0.0,0.0,0.0
88.0,left_proximal_negative,大腿,left_distal_negative,"hex nuts, style 1-grades ab gb_GB_FASTENER_NUT_SNAB1 M4-C",True,0.0,1.1368683772161603e-13,0.0,0.0,0.0
88.0,left_proximal_negative,大腿,left_distal_positive,小腿004,False,0.0,58.99036333012098,0.0,0.0,0.0
88.0,left_proximal_positive,大腿垫高,left_distal_negative,小腿001,False,0.0,58.99036333035238,0.0,0.0,0.0
88.0,left_proximal_positive,大腿001,left_distal_negative,小腿001,False,0.0,58.990363330352366,0.0,0.0,0.0
88.0,left_proximal_positive,大腿垫高,left_distal_positive,小腿004,True,0.0,18.26928497084311,0.0,0.0,0.0
88.0,left_proximal_positive,大腿001,left_distal_positive,小腿004,True,1.0000000000000995,1.000000000000142,0.0,0.0,0.0
88.0,left_proximal_positive,大腿001,left_distal_positive,推力轴承001,True,0.0,1.4210854715202004e-13,0.0,0.0,0.0
88.0,left_proximal_positive,大腿001,left_distal_positive,cross recessed pan head screws gb_GB_CROSS_SCREWS_TYPE1 M4X16-16  H type-C001,True,0.0,0.09999999974107147,0.0,0.0,0.0
88.0,left_proximal_positive,大腿001,left_distal_positive,"hex nuts, style 1-grades ab gb_GB_FASTENER_NUT_SNAB1 M4-C001",True,0.0,5.684341886080802e-14,0.0,0.0,0.0
88.0,left_distal_negative,小腿001,left_distal_positive,小腿004,True,0.9999999999999858,0.9999999999999858,0.0,0.0,0.0
88.0,left_distal_negative,小腿001,left_wheel,推力轴承002,True,0.0,1.4210854715202004e-14,0.0,0.0,0.0
88.0,left_distal_negative,小腿001,left_wheel,驱动板004,True,0.4999999999998721,0.4999999999998863,0.0,0.0,0.0
88.0,left_distal_negative,小腿001,left_wheel,MISUMI_CBSTSR4-16_内六角螺栓（盖螺栓）,True,0.0,0.0,0.0,0.0,0.0
88.0,left_distal_positive,小腿004,left_wheel,推力轴承002,True,0.0,0.0,0.0,0.0,0.0
88.0,left_distal_positive,小腿004,left_wheel,MISUMI_C-SE604ZZ_不锈钢小径滚珠轴承,True,0.0,1.4210854715202004e-14,0.0,0.0,0.0
88.0,left_distal_positive,小腿004,left_wheel,MISUMI_CBSTSR4-16_内六角螺栓（盖螺栓）,True,0.0,0.09999999941384115,0.0,0.0,0.0
88.0,right_proximal_negative,大腿垫高001,right_distal_negative,小腿010,True,0.0,18.26928497098439,0.0,0.0,0.0
88.0,right_proximal_negative,大腿003,right_distal_negative,推力轴承004,True,0.0,1.2789769243681803e-13,0.0,0.0,0.0
88.0,right_proximal_negative,大腿003,right_distal_negative,小腿009,True,2.0,2.0,0.0,0.0,0.0
88.0,right_proximal_negative,大腿003,right_distal_negative,小腿010,True,1.0,1.0,0.0,0.0,0.0
88.0,right_proximal_negative,大腿003,right_distal_negative,"hex nuts, style 1-grades ab gb_GB_FASTENER_NUT_SNAB1 M4-C005",True,1.1368683772161603e-13,1.4210854715202004e-13,0.0,0.0,0.0
88.0,right_proximal_negative,大腿003,right_distal_negative,cross recessed pan head screws gb_GB_CROSS_SCREWS_TYPE1 M4X16-16  H type-C003,True,0.0,0.09999999983370206,0.0,0.0,0.0
88.0,right_proximal_negative,大腿垫高001,right_distal_positive,小腿007,False,0.0,58.99036333012095,0.0,0.0,0.0
88.0,right_proximal_negative,大腿003,right_distal_positive,小腿007,False,0.0,58.990363330120914,0.0,0.0,0.0
88.0,right_proximal_positive,大腿002,right_distal_negative,小腿010,False,0.0,58.99036333035324,0.0,0.0,0.0
88.0,right_proximal_positive,大腿002,right_distal_positive,推力轴承003,True,0.0,0.0,0.0,0.0,0.0
88.0,right_proximal_positive,大腿002,right_distal_positive,小腿007,True,1.0,1.0000000000000142,0.0,0.0,0.0
88.0,right_proximal_positive,大腿002,right_distal_positive,cross recessed pan head screws gb_GB_CROSS_SCREWS_TYPE1 M4X16-16  H type-C002,True,0.0,0.09999999980402498,0.0,0.0,0.0
88.0,right_proximal_positive,大腿002,right_distal_positive,"hex nuts, style 1-grades ab gb_GB_FASTENER_NUT_SNAB1 M4-C003",True,0.0,1.4210854715202004e-14,0.0,0.0,0.0
88.0,right_distal_negative,小腿010,right_distal_positive,小腿007,True,1.0000000000000142,1.0000000000000142,0.0,0.0,0.0
88.0,right_distal_negative,小腿010,right_wheel,推力轴承005,True,0.0,1.4210854715202004e-14,0.0,0.0,0.0
88.0,right_distal_negative,小腿010,right_wheel,MISUMI_C-SE604ZZ_不锈钢小径滚珠轴承004,True,0.0,1.4210854715202004e-14,0.0,0.0,0.0
88.0,right_distal_negative,小腿010,right_wheel,MISUMI_CBSTSR4-16_内六角螺栓（盖螺栓）001,True,0.0,0.0999999997421591,0.0,0.0,0.0
88.0,right_distal_positive,小腿007,right_wheel,推力轴承005,True,0.0,0.0,0.0,0.0,0.0
88.0,right_distal_positive,小腿007,right_wheel,驱动板005,True,0.4999999999998863,0.49999999999991473,0.0,0.0,0.0
88.0,right_distal_positive,小腿007,right_wheel,MISUMI_CBSTSR4-16_内六角螺栓（盖螺栓）001,True,0.0,0.0,0.0,0.0,0.0
89.0,edulite_left_negative,00_1-1305_1_1,left_proximal_negative,大腿,True,0.0,5.684341886080802e-14,0.0,0.0,0.0
89.0,edulite_left_negative,100_1_1_1,left_proximal_negative,大腿,True,1.499999999999858,1.499999999999858,0.0,0.0,0.0
89.0,edulite_left_negative,000_1-4238_1_1,left_proximal_negative,大腿,True,0.0,0.0,0.0,0.0,0.0
89.0,edulite_left_negative,00_1-4459_1_1,left_proximal_negative,大腿,True,0.0,0.0,0.0,0.0,0.0
89.0,edulite_left_negative,00_1-4459_1_001,left_proximal_negative,大腿,True,0.0,0.0,0.0,0.0,0.0
89.0,edulite_left_negative,00_1-4459_1_002,left_proximal_negative,大腿,True,0.0,0.0,0.0,0.0,0.0
89.0,edulite_left_negative,200_1_1_1,left_proximal_negative,大腿,True,0.9999999999998579,3.1622776551677707,0.0,0.0,0.0
89.0,edulite_left_negative,00_1-8689_1_1,left_proximal_negative,大腿,True,0.9999999999998579,0.9999999999998579,0.0,0.0,0.0
89.0,edulite_left_negative,00_1-1305_1_1,left_distal_positive,小腿004,False,0.0,52.58463084439836,0.0,0.0,0.0
89.0,edulite_left_negative,100_1_1_1,left_distal_positive,小腿004,False,1.5,57.10347954992226,0.0,0.0,0.0
89.0,edulite_left_negative,000_1-4238_1_1,left_distal_positive,小腿004,False,0.0,59.58587292369559,0.0,0.0,0.0
89.0,edulite_left_negative,00_1-8689_1_1,left_distal_positive,小腿004,False,1.0,56.69259525413459,0.0,0.0,0.0
89.0,edulite_left_positive,00_1-1305_1_1,left_proximal_positive,大腿垫高,True,1.4210854715202004e-14,2.5495097529034747,0.0,0.0,0.0
89.0,edulite_left_positive,100_1_1_1,left_proximal_positive,大腿垫高,True,1.5000000000000142,1.5000000000000142,0.0,0.0,0.0
89.0,edulite_left_positive,000_1-4238_1_1,left_proximal_positive,大腿垫高,True,1.4210854715202004e-14,0.0,0.0,0.0,0.0
89.0,edulite_left_positive,00_1-4459_1_1,left_proximal_positive,大腿垫高,True,0.0,0.0,0.0,0.0,0.0
89.0,edulite_left_positive,00_1-4459_1_001,left_proximal_positive,大腿垫高,True,0.0,0.0,0.0,0.0,0.0
89.0,edulite_left_positive,00_1-4459_1_002,left_proximal_positive,大腿垫高,True,0.0,0.0,0.0,0.0,0.0
89.0,edulite_left_positive,200_1_1_1,left_proximal_positive,大腿垫高,True,1.0000000000000142,3.162277656235201,0.0,0.0,0.0
89.0,edulite_left_positive,00_1-8689_1_1,left_proximal_positive,大腿垫高,True,1.0000000000000142,2.147091051289164,0.0,0.0,0.0
89.0,edulite_left_positive,00_1-1305_1_1,left_distal_positive,小腿004,False,0.0,11.705522785722033,0.0,0.0,0.0
89.0,edulite_left_positive,100_1_1_1,left_distal_positive,小腿004,False,1.5,16.2709669049642,0.0,0.0,0.0
89.0,edulite_left_positive,000_1-4238_1_1,left_distal_positive,小腿004,False,0.0,18.708360513354794,0.0,0.0,0.0
89.0,edulite_left_positive,00_1-4459_1_002,left_distal_positive,小腿004,False,0.0,26.17769181123523,0.0,0.0,0.0
89.0,edulite_left_positive,00_1-8689_1_1,left_distal_positive,小腿004,False,1.0,15.833288406721024,0.0,0.0,0.0
89.0,edulite_right_negative,00_1-1305_1_1,right_proximal_negative,大腿垫高001,True,2.842170943040401e-14,2.54950975290361,0.0,0.0,0.0
89.0,edulite_right_negative,100_1_1_1,right_proximal_negative,大腿垫高001,True,1.5000000000000284,1.5000000000000284,0.0,0.0,0.0
89.0,edulite_right_negative,000_1-4238_1_1,right_proximal_negative,大腿垫高001,True,2.842170943040401e-14,0.0,0.0,0.0,0.0
89.0,edulite_right_negative,00_1-4459_1_1,right_proximal_negative,大腿垫高001,True,0.0,0.0,0.0,0.0,0.0
89.0,edulite_right_negative,00_1-4459_1_001,right_proximal_negative,大腿垫高001,True,0.0,0.0,0.0,0.0,0.0
89.0,edulite_right_negative,00_1-4459_1_002,right_proximal_negative,大腿垫高001,True,0.0,0.0,0.0,0.0,0.0
89.0,edulite_right_negative,200_1_1_1,right_proximal_negative,大腿垫高001,True,1.0000000000000284,3.1622776562352795,0.0,0.0,0.0
89.0,edulite_right_negative,00_1-8689_1_1,right_proximal_negative,大腿垫高001,True,1.0000000000000284,2.147091051289254,0.0,0.0,0.0
89.0,edulite_right_negative,00_1-1305_1_1,right_distal_negative,小腿010,False,0.0,11.705522785861671,0.0,0.0,0.0
89.0,edulite_right_negative,100_1_1_1,right_distal_negative,小腿010,False,1.5,16.270966905103283,0.0,0.0,0.0
89.0,edulite_right_negative,000_1-4238_1_1,right_distal_negative,小腿010,False,0.0,18.708360513494423,0.0,0.0,0.0
89.0,edulite_right_negative,00_1-4459_1_002,right_distal_negative,小腿010,False,0.0,26.17769181138723,0.0,0.0,0.0
89.0,edulite_right_negative,00_1-8689_1_1,right_distal_negative,小腿010,False,1.0,15.833288406860424,0.0,0.0,0.0
89.0,edulite_right_positive,00_1-1305_1_1,right_proximal_positive,大腿002,True,1.4210854715202004e-14,1.4210854715202004e-14,0.0,0.0,0.0
89.0,edulite_right_positive,100_1_1_1,right_proximal_positive,大腿002,True,1.5000000000000142,1.5000000000000142,0.0,0.0,0.0
89.0,edulite_right_positive,000_1-4238_1_1,right_proximal_positive,大腿002,True,1.4210854715202004e-14,0.0,0.0,0.0,0.0
89.0,edulite_right_positive,00_1-4459_1_1,right_proximal_positive,大腿002,True,0.0,0.0,0.0,0.0,0.0
89.0,edulite_right_positive,00_1-4459_1_001,right_proximal_positive,大腿002,True,0.0,0.0,0.0,0.0,0.0
89.0,edulite_right_positive,00_1-4459_1_002,right_proximal_positive,大腿002,True,0.0,0.0,0.0,0.0,0.0
89.0,edulite_right_positive,200_1_1_1,right_proximal_positive,大腿002,True,1.0000000000000142,3.1622776551676686,0.0,0.0,0.0
89.0,edulite_right_positive,00_1-8689_1_1,right_proximal_positive,大腿002,True,1.0000000000000142,1.0000000000000142,0.0,0.0,0.0
89.0,edulite_right_positive,00_1-1305_1_1,right_distal_negative,小腿010,False,0.0,52.584630844628514,0.0,0.0,0.0
89.0,edulite_right_positive,100_1_1_1,right_distal_negative,小腿010,False,1.5,57.103479550152336,0.0,0.0,0.0
89.0,edulite_right_positive,000_1-4238_1_1,right_distal_negative,小腿010,False,0.0,59.585872923925734,0.0,0.0,0.0
89.0,edulite_right_positive,00_1-8689_1_1,right_distal_negative,小腿010,False,1.0,56.69259525436471,0.0,0.0,0.0
89.0,left_proximal_negative,大腿,left_distal_negative,推力轴承,True,0.0,1.2789769243681803e-13,0.0,0.0,0.0
89.0,left_proximal_negative,大腿,left_distal_negative,小腿001,True,1.0000000000001137,1.000000000000142,0.0,0.0,0.0
89.0,left_proximal_negative,大腿,left_distal_negative,cross recessed pan head screws gb_GB_CROSS_SCREWS_TYPE1 M4X16-16  H type-C,True,0.0,0.09999999976676709,0.0,0.0,0.0
89.0,left_proximal_negative,大腿,left_distal_negative,"hex nuts, style 1-grades ab gb_GB_FASTENER_NUT_SNAB1 M4-C",True,0.0,1.1368683772161603e-13,0.0,0.0,0.0
89.0,left_proximal_negative,大腿,left_distal_positive,小腿004,False,0.0,59.58377507982164,0.0,0.0,0.0
89.0,left_proximal_positive,大腿垫高,left_distal_negative,小腿001,False,0.0,59.58377508005098,0.0,0.0,0.0
89.0,left_proximal_positive,大腿001,left_distal_negative,小腿001,False,0.0,59.58377508005096,0.0,0.0,0.0
89.0,left_proximal_positive,大腿垫高,left_distal_positive,小腿004,True,0.0,18.701677820782123,0.0,0.0,0.0
89.0,left_proximal_positive,大腿001,left_distal_positive,小腿004,True,1.0000000000000995,1.000000000000142,0.0,0.0,0.0
89.0,left_proximal_positive,大腿001,left_distal_positive,推力轴承001,True,0.0,1.4210854715202004e-13,0.0,0.0,0.0
89.0,left_proximal_positive,大腿001,left_distal_positive,cross recessed pan head screws gb_GB_CROSS_SCREWS_TYPE1 M4X16-16  H type-C001,True,0.0,0.09999999974829718,0.0,0.0,0.0
89.0,left_proximal_positive,大腿001,left_distal_positive,"hex nuts, style 1-grades ab gb_GB_FASTENER_NUT_SNAB1 M4-C001",True,0.0,5.684341886080802e-14,0.0,0.0,0.0
89.0,left_distal_negative,小腿001,left_distal_positive,小腿004,True,0.9999999999999858,0.9999999999999858,0.0,0.0,0.0
89.0,left_distal_negative,小腿001,left_wheel,推力轴承002,True,0.0,1.4210854715202004e-14,0.0,0.0,0.0
89.0,left_distal_negative,小腿001,left_wheel,驱动板004,True,0.4999999999998721,0.4999999999998863,0.0,0.0,0.0
89.0,left_distal_negative,小腿001,left_wheel,MISUMI_CBSTSR4-16_内六角螺栓（盖螺栓）,True,0.0,0.0,0.0,0.0,0.0
89.0,left_distal_positive,小腿004,left_wheel,推力轴承002,True,0.0,0.0,0.0,0.0,0.0
89.0,left_distal_positive,小腿004,left_wheel,MISUMI_C-SE604ZZ_不锈钢小径滚珠轴承,True,0.0,1.4210854715202004e-14,0.0,0.0,0.0
89.0,left_distal_positive,小腿004,left_wheel,MISUMI_CBSTSR4-16_内六角螺栓（盖螺栓）,True,0.0,0.09999999941365285,0.0,0.0,0.0
89.0,right_proximal_negative,大腿垫高001,right_distal_negative,小腿010,True,0.0,18.701677820921653,0.0,0.0,0.0
89.0,right_proximal_negative,大腿003,right_distal_negative,推力轴承004,True,0.0,1.2789769243681803e-13,0.0,0.0,0.0
89.0,right_proximal_negative,大腿003,right_distal_negative,小腿009,True,2.0,2.0,0.0,0.0,0.0
89.0,right_proximal_negative,大腿003,right_distal_negative,小腿010,True,1.0,1.0,0.0,0.0,0.0
89.0,right_proximal_negative,大腿003,right_distal_negative,"hex nuts, style 1-grades ab gb_GB_FASTENER_NUT_SNAB1 M4-C005",True,1.1368683772161603e-13,1.4210854715202004e-13,0.0,0.0,0.0
89.0,right_proximal_negative,大腿003,right_distal_negative,cross recessed pan head screws gb_GB_CROSS_SCREWS_TYPE1 M4X16-16  H type-C003,True,0.0,0.0999999997618876,0.0,0.0,0.0
89.0,right_proximal_negative,大腿垫高001,right_distal_positive,小腿007,False,0.0,59.583775079821635,0.0,0.0,0.0
89.0,right_proximal_negative,大腿003,right_distal_positive,小腿007,False,0.0,59.583775079821585,0.0,0.0,0.0
89.0,right_proximal_positive,大腿002,right_distal_negative,小腿010,False,0.0,59.58377508005182,0.0,0.0,0.0
89.0,right_proximal_positive,大腿002,right_distal_positive,推力轴承003,True,0.0,0.0,0.0,0.0,0.0
89.0,right_proximal_positive,大腿002,right_distal_positive,小腿007,True,1.0,1.0000000000000142,0.0,0.0,0.0
89.0,right_proximal_positive,大腿002,right_distal_positive,cross recessed pan head screws gb_GB_CROSS_SCREWS_TYPE1 M4X16-16  H type-C002,True,0.0,0.09999999980967131,0.0,0.0,0.0
89.0,right_proximal_positive,大腿002,right_distal_positive,"hex nuts, style 1-grades ab gb_GB_FASTENER_NUT_SNAB1 M4-C003",True,0.0,1.4210854715202004e-14,0.0,0.0,0.0
89.0,right_distal_negative,小腿010,right_distal_positive,小腿007,True,1.0000000000000142,1.0000000000000142,0.0,0.0,0.0
89.0,right_distal_negative,小腿010,right_wheel,推力轴承005,True,0.0,1.4210854715202004e-14,0.0,0.0,0.0
89.0,right_distal_negative,小腿010,right_wheel,MISUMI_C-SE604ZZ_不锈钢小径滚珠轴承004,True,0.0,1.4210854715202004e-14,0.0,0.0,0.0
89.0,right_distal_negative,小腿010,right_wheel,MISUMI_CBSTSR4-16_内六角螺栓（盖螺栓）001,True,0.0,0.0999999997423102,0.0,0.0,0.0
89.0,right_distal_positive,小腿007,right_wheel,推力轴承005,True,0.0,0.0,0.0,0.0,0.0
89.0,right_distal_positive,小腿007,right_wheel,驱动板005,True,0.4999999999998863,0.49999999999991473,0.0,0.0,0.0
89.0,right_distal_positive,小腿007,right_wheel,MISUMI_CBSTSR4-16_内六角螺栓（盖螺栓）001,True,0.0,0.0,0.0,0.0,0.0
90.0,edulite_left_negative,00_1-1305_1_1,left_proximal_negative,大腿,True,0.0,5.684341886080802e-14,0.0,0.0,0.0
90.0,edulite_left_negative,100_1_1_1,left_proximal_negative,大腿,True,1.499999999999858,1.499999999999858,0.0,0.0,0.0
90.0,edulite_left_negative,000_1-4238_1_1,left_proximal_negative,大腿,True,0.0,0.0,0.0,0.0,0.0
90.0,edulite_left_negative,00_1-4459_1_1,left_proximal_negative,大腿,True,0.0,0.0,0.0,0.0,0.0
90.0,edulite_left_negative,00_1-4459_1_001,left_proximal_negative,大腿,True,0.0,0.0,0.0,0.0,0.0
90.0,edulite_left_negative,00_1-4459_1_002,left_proximal_negative,大腿,True,0.0,0.0,0.0,0.0,0.0
90.0,edulite_left_negative,200_1_1_1,left_proximal_negative,大腿,True,0.9999999999998579,3.1622776551355787,0.0,0.0,0.0
90.0,edulite_left_negative,00_1-8689_1_1,left_proximal_negative,大腿,True,0.9999999999998579,0.9999999999998579,0.0,0.0,0.0
90.0,edulite_left_negative,00_1-1305_1_1,left_distal_positive,小腿004,False,0.0,53.16726176431989,0.0,0.0,0.0
90.0,edulite_left_negative,100_1_1_1,left_distal_positive,小腿004,False,1.5,57.68592082878076,0.0,0.0,0.0
90.0,edulite_left_negative,000_1-4238_1_1,left_distal_positive,小腿004,False,0.0,60.168492907207856,0.0,0.0,0.0
90.0,edulite_left_negative,00_1-8689_1_1,left_distal_positive,小腿004,False,1.0,57.27514582754638,0.0,0.0,0.0
90.0,edulite_left_positive,00_1-1305_1_1,left_proximal_positive,大腿垫高,True,1.4210854715202004e-14,2.5495097529034747,0.0,0.0,0.0
90.0,edulite_left_positive,100_1_1_1,left_proximal_positive,大腿垫高,True,1.5000000000000142,1.5000000000000142,0.0,0.0,0.0
90.0,edulite_left_positive,000_1-4238_1_1,left_proximal_positive,大腿垫高,True,1.4210854715202004e-14,0.0,0.0,0.0,0.0
90.0,edulite_left_positive,00_1-4459_1_1,left_proximal_positive,大腿垫高,True,0.0,0.0,0.0,0.0,0.0
90.0,edulite_left_positive,00_1-4459_1_001,left_proximal_positive,大腿垫高,True,0.0,0.0,0.0,0.0,0.0
90.0,edulite_left_positive,00_1-4459_1_002,left_proximal_positive,大腿垫高,True,0.0,0.0,0.0,0.0,0.0
90.0,edulite_left_positive,200_1_1_1,left_proximal_positive,大腿垫高,True,1.0000000000000142,3.162277656235201,0.0,0.0,0.0
90.0,edulite_left_positive,00_1-8689_1_1,left_proximal_positive,大腿垫高,True,1.0000000000000142,2.147091051289163,0.0,0.0,0.0
90.0,edulite_left_positive,00_1-1305_1_1,left_distal_positive,小腿004,False,0.0,12.12244619292482,0.0,0.0,0.0
90.0,edulite_left_positive,100_1_1_1,left_distal_positive,小腿004,False,1.5,16.68629087668305,0.0,0.0,0.0
90.0,edulite_left_positive,000_1-4238_1_1,left_distal_positive,小腿004,False,0.0,19.12527047476447,0.0,0.0,0.0
90.0,edulite_left_positive,00_1-4459_1_002,left_distal_positive,小腿004,False,0.0,26.617380922992886,0.0,0.0,0.0
90.0,edulite_left_positive,00_1-8689_1_1,left_distal_positive,小腿004,False,1.0,16.249532806189126,0.0,0.0,0.0
90.0,edulite_right_negative,00_1-1305_1_1,right_proximal_negative,大腿垫高001,True,2.842170943040401e-14,2.549509752903603,0.0,0.0,0.0
90.0,edulite_right_negative,100_1_1_1,right_proximal_negative,大腿垫高001,True,1.5000000000000284,1.5000000000000284,0.0,0.0,0.0
90.0,edulite_right_negative,000_1-4238_1_1,right_proximal_negative,大腿垫高001,True,2.842170943040401e-14,0.0,0.0,0.0,0.0
90.0,edulite_right_negative,00_1-4459_1_1,right_proximal_negative,大腿垫高001,True,0.0,0.0,0.0,0.0,0.0
90.0,edulite_right_negative,00_1-4459_1_001,right_proximal_negative,大腿垫高001,True,0.0,0.0,0.0,0.0,0.0
90.0,edulite_right_negative,00_1-4459_1_002,right_proximal_negative,大腿垫高001,True,0.0,0.0,0.0,0.0,0.0
90.0,edulite_right_negative,200_1_1_1,right_proximal_negative,大腿垫高001,True,1.0000000000000284,3.162277656235293,0.0,0.0,0.0
90.0,edulite_right_negative,00_1-8689_1_1,right_proximal_negative,大腿垫高001,True,1.0000000000000284,2.1470910512892667,0.0,0.0,0.0
90.0,edulite_right_negative,00_1-1305_1_1,right_distal_negative,小腿010,False,0.0,12.122446193062698,0.0,0.0,0.0
90.0,edulite_right_negative,100_1_1_1,right_distal_negative,小腿010,False,1.5,16.68629087682042,0.0,0.0,0.0
90.0,edulite_right_negative,000_1-4238_1_1,right_distal_negative,小腿010,False,0.0,19.125270474902347,0.0,0.0,0.0
90.0,edulite_right_negative,00_1-4459_1_002,right_distal_negative,小腿010,False,0.0,26.617380923143184,0.0,0.0,0.0
90.0,edulite_right_negative,00_1-8689_1_1,right_distal_negative,小腿010,False,1.0,16.249532806326787,0.0,0.0,0.0
90.0,edulite_right_positive,00_1-1305_1_1,right_proximal_positive,大腿002,True,1.4210854715202004e-14,1.4210854715202004e-14,0.0,0.0,0.0
90.0,edulite_right_positive,100_1_1_1,right_proximal_positive,大腿002,True,1.5000000000000142,1.5000000000000142,0.0,0.0,0.0
90.0,edulite_right_positive,000_1-4238_1_1,right_proximal_positive,大腿002,True,1.4210854715202004e-14,0.0,0.0,0.0,0.0
90.0,edulite_right_positive,00_1-4459_1_1,right_proximal_positive,大腿002,True,0.0,0.0,0.0,0.0,0.0
90.0,edulite_right_positive,00_1-4459_1_001,right_proximal_positive,大腿002,True,0.0,0.0,0.0,0.0,0.0
90.0,edulite_right_positive,00_1-4459_1_002,right_proximal_positive,大腿002,True,0.0,0.0,0.0,0.0,0.0
90.0,edulite_right_positive,200_1_1_1,right_proximal_positive,大腿002,True,1.0000000000000142,3.1622776551354694,0.0,0.0,0.0
90.0,edulite_right_positive,00_1-8689_1_1,right_proximal_positive,大腿002,True,1.0000000000000142,1.0000000000000142,0.0,0.0,0.0
90.0,edulite_right_positive,00_1-1305_1_1,right_distal_negative,小腿010,False,0.0,53.167261764548016,0.0,0.0,0.0
90.0,edulite_right_positive,100_1_1_1,right_distal_negative,小腿010,False,1.5,57.68592082900881,0.0,0.0,0.0
90.0,edulite_right_positive,000_1-4238_1_1,right_distal_negative,小腿010,False,0.0,60.168492907435976,0.0,0.0,0.0
90.0,edulite_right_positive,00_1-8689_1_1,right_distal_negative,小腿010,False,1.0,57.27514582777448,0.0,0.0,0.0
90.0,left_proximal_negative,大腿,left_distal_negative,推力轴承,True,0.0,1.2789769243681803e-13,0.0,0.0,0.0
90.0,left_proximal_negative,大腿,left_distal_negative,小腿001,True,1.0000000000001137,1.000000000000142,0.0,0.0,0.0
90.0,left_proximal_negative,大腿,left_distal_negative,cross recessed pan head screws gb_GB_CROSS_SCREWS_TYPE1 M4X16-16  H type-C,True,0.0,0.0999999997692012,0.0,0.0,0.0
90.0,left_proximal_negative,大腿,left_distal_negative,"hex nuts, style 1-grades ab gb_GB_FASTENER_NUT_SNAB1 M4-C",True,0.0,1.1368683772161603e-13,0.0,0.0,0.0
90.0,left_proximal_negative,大腿,left_distal_positive,小腿004,False,0.0,60.16641537781203,0.0,0.0,0.0
90.0,left_proximal_positive,大腿垫高,left_distal_negative,小腿001,False,0.0,60.16641537803934,0.0,0.0,0.0
90.0,left_proximal_positive,大腿001,left_distal_negative,小腿001,False,0.0,60.166415378039325,0.0,0.0,0.0
90.0,left_proximal_positive,大腿垫高,left_distal_positive,小腿004,True,0.0,19.11873350806419,0.0,0.0,0.0
90.0,left_proximal_positive,大腿001,left_distal_positive,小腿004,True,1.0000000000000995,1.000000000000142,0.0,0.0,0.0
90.0,left_proximal_positive,大腿001,left_distal_positive,推力轴承001,True,0.0,1.4210854715202004e-13,0.0,0.0,0.0
90.0,left_proximal_positive,大腿001,left_distal_positive,cross recessed pan head screws gb_GB_CROSS_SCREWS_TYPE1 M4X16-16  H type-C001,True,0.0,0.09999999975992072,0.0,0.0,0.0
90.0,left_proximal_positive,大腿001,left_distal_positive,"hex nuts, style 1-grades ab gb_GB_FASTENER_NUT_SNAB1 M4-C001",True,0.0,5.684341886080802e-14,0.0,0.0,0.0
90.0,left_distal_negative,小腿001,left_distal_positive,小腿004,True,0.9999999999999858,0.9999999999999858,0.0,0.0,0.0
90.0,left_distal_negative,小腿001,left_wheel,推力轴承002,True,0.0,1.4210854715202004e-14,0.0,0.0,0.0
90.0,left_distal_negative,小腿001,left_wheel,驱动板004,True,0.4999999999998721,0.4999999999998863,0.0,0.0,0.0
90.0,left_distal_negative,小腿001,left_wheel,MISUMI_CBSTSR4-16_内六角螺栓（盖螺栓）,True,0.0,0.0,0.0,0.0,0.0
90.0,left_distal_positive,小腿004,left_wheel,推力轴承002,True,0.0,0.0,0.0,0.0,0.0
90.0,left_distal_positive,小腿004,left_wheel,MISUMI_C-SE604ZZ_不锈钢小径滚珠轴承,True,0.0,1.4210854715202004e-14,0.0,0.0,0.0
90.0,left_distal_positive,小腿004,left_wheel,MISUMI_CBSTSR4-16_内六角螺栓（盖螺栓）,True,0.0,0.09999999941337712,0.0,0.0,0.0
90.0,right_proximal_negative,大腿垫高001,right_distal_negative,小腿010,True,0.0,19.118733508201956,0.0,0.0,0.0
90.0,right_proximal_negative,大腿003,right_distal_negative,推力轴承004,True,0.0,1.2789769243681803e-13,0.0,0.0,0.0
90.0,right_proximal_negative,大腿003,right_distal_negative,小腿009,True,2.0,2.0,0.0,0.0,0.0
90.0,right_proximal_negative,大腿003,right_distal_negative,小腿010,True,1.0,1.0,0.0,0.0,0.0
90.0,right_proximal_negative,大腿003,right_distal_negative,"hex nuts, style 1-grades ab gb_GB_FASTENER_NUT_SNAB1 M4-C005",True,1.1368683772161603e-13,1.4210854715202004e-13,0.0,0.0,0.0
90.0,right_proximal_negative,大腿003,right_distal_negative,cross recessed pan head screws gb_GB_CROSS_SCREWS_TYPE1 M4X16-16  H type-C003,True,0.0,0.09999999980979081,0.0,0.0,0.0
90.0,right_proximal_negative,大腿垫高001,right_distal_positive,小腿007,False,0.0,60.166415377812,0.0,0.0,0.0
90.0,right_proximal_negative,大腿003,right_distal_positive,小腿007,False,0.0,60.16641537781198,0.0,0.0,0.0
90.0,right_proximal_positive,大腿002,right_distal_negative,小腿010,False,0.0,60.1664153780402,0.0,0.0,0.0
90.0,right_proximal_positive,大腿002,right_distal_positive,推力轴承003,True,0.0,0.0,0.0,0.0,0.0
90.0,right_proximal_positive,大腿002,right_distal_positive,小腿007,True,1.0,1.0000000000000142,0.0,0.0,0.0
90.0,right_proximal_positive,大腿002,right_distal_positive,cross recessed pan head screws gb_GB_CROSS_SCREWS_TYPE1 M4X16-16  H type-C002,True,0.0,0.09999999977752232,0.0,0.0,0.0
90.0,right_proximal_positive,大腿002,right_distal_positive,"hex nuts, style 1-grades ab gb_GB_FASTENER_NUT_SNAB1 M4-C003",True,0.0,1.4210854715202004e-14,0.0,0.0,0.0
90.0,right_distal_negative,小腿010,right_distal_positive,小腿007,True,1.0000000000000142,1.0000000000000142,0.0,0.0,0.0
90.0,right_distal_negative,小腿010,right_wheel,推力轴承005,True,0.0,1.4210854715202004e-14,0.0,0.0,0.0
90.0,right_distal_negative,小腿010,right_wheel,MISUMI_C-SE604ZZ_不锈钢小径滚珠轴承004,True,0.0,1.4210854715202004e-14,0.0,0.0,0.0
90.0,right_distal_negative,小腿010,right_wheel,MISUMI_CBSTSR4-16_内六角螺栓（盖螺栓）001,True,0.0,0.09999999972276319,0.0,0.0,0.0
90.0,right_distal_positive,小腿007,right_wheel,推力轴承005,True,0.0,0.0,0.0,0.0,0.0
90.0,right_distal_positive,小腿007,right_wheel,驱动板005,True,0.4999999999998863,0.49999999999991473,0.0,0.0,0.0
90.0,right_distal_positive,小腿007,right_wheel,MISUMI_CBSTSR4-16_内六角螺栓（盖螺栓）001,True,0.0,0.0,0.0,0.0,0.0
91.0,edulite_left_negative,00_1-1305_1_1,left_proximal_negative,大腿,True,0.0,5.684341886080802e-14,0.0,0.0,0.0
91.0,edulite_left_negative,100_1_1_1,left_proximal_negative,大腿,True,1.499999999999858,1.499999999999858,0.0,0.0,0.0
91.0,edulite_left_negative,000_1-4238_1_1,left_proximal_negative,大腿,True,0.0,0.0,0.0,0.0,0.0
91.0,edulite_left_negative,00_1-4459_1_1,left_proximal_negative,大腿,True,0.0,0.0,0.0,0.0,0.0
91.0,edulite_left_negative,00_1-4459_1_001,left_proximal_negative,大腿,True,0.0,0.0,0.0,0.0,0.0
91.0,edulite_left_negative,00_1-4459_1_002,left_proximal_negative,大腿,True,0.0,0.0,0.0,0.0,0.0
91.0,edulite_left_negative,200_1_1_1,left_proximal_negative,大腿,True,0.9999999999998579,3.1622776551046936,0.0,0.0,0.0
91.0,edulite_left_negative,00_1-8689_1_1,left_proximal_negative,大腿,True,0.9999999999998579,0.9999999999998579,0.0,0.0,0.0
91.0,edulite_left_negative,00_1-1305_1_1,left_distal_positive,小腿004,False,0.0,53.73884185642081,0.0,0.0,0.0
91.0,edulite_left_negative,100_1_1_1,left_distal_positive,小腿004,False,1.5,58.257318546859295,0.0,0.0,0.0
91.0,edulite_left_negative,000_1-4238_1_1,left_distal_positive,小腿004,False,0.0,60.74006245143342,0.0,0.0,0.0
91.0,edulite_left_negative,00_1-8689_1_1,left_distal_positive,小腿004,False,1.0,57.846648655707185,0.0,0.0,0.0
91.0,edulite_left_positive,00_1-1305_1_1,left_proximal_positive,大腿垫高,True,1.4210854715202004e-14,2.5495097529034747,0.0,0.0,0.0
91.0,edulite_left_positive,100_1_1_1,left_proximal_positive,大腿垫高,True,1.5000000000000142,1.5000000000000142,0.0,0.0,0.0
91.0,edulite_left_positive,000_1-4238_1_1,left_proximal_positive,大腿垫高,True,1.4210854715202004e-14,0.0,0.0,0.0,0.0
91.0,edulite_left_positive,00_1-4459_1_1,left_proximal_positive,大腿垫高,True,0.0,0.0,0.0,0.0,0.0
91.0,edulite_left_positive,00_1-4459_1_001,left_proximal_positive,大腿垫高,True,0.0,0.0,0.0,0.0,0.0
91.0,edulite_left_positive,00_1-4459_1_002,left_proximal_positive,大腿垫高,True,0.0,0.0,0.0,0.0,0.0
91.0,edulite_left_positive,200_1_1_1,left_proximal_positive,大腿垫高,True,1.0000000000000142,3.162277656235201,0.0,0.0,0.0
91.0,edulite_left_positive,00_1-8689_1_1,left_proximal_positive,大腿垫高,True,1.0000000000000142,2.147091051289164,0.0,0.0,0.0
91.0,edulite_left_positive,00_1-1305_1_1,left_distal_positive,小腿004,False,0.0,12.523932211030369,0.0,0.0,0.0
91.0,edulite_left_positive,100_1_1_1,left_distal_positive,小腿004,False,1.5,17.086308120810475,0.0,0.0,0.0
91.0,edulite_left_positive,000_1-4238_1_1,left_distal_positive,小腿004,False,0.0,19.526741102217905,0.0,0.0,0.0
91.0,edulite_left_positive,00_1-4459_1_002,left_distal_positive,小腿004,False,0.0,27.04240148711498,0.0,0.0,0.0
91.0,edulite_left_positive,00_1-8689_1_1,left_distal_positive,小腿004,False,1.0,16.65039502052341,0.0,0.0,0.0
91.0,edulite_right_negative,00_1-1305_1_1,right_proximal_negative,大腿垫高001,True,2.842170943040401e-14,2.549509752903596,0.0,0.0,0.0
91.0,edulite_right_negative,100_1_1_1,right_proximal_negative,大腿垫高001,True,1.5000000000000284,1.5000000000000284,0.0,0.0,0.0
91.0,edulite_right_negative,000_1-4238_1_1,right_proximal_negative,大腿垫高001,True,2.842170943040401e-14,0.0,0.0,0.0,0.0
91.0,edulite_right_negative,00_1-4459_1_1,right_proximal_negative,大腿垫高001,True,0.0,0.0,0.0,0.0,0.0
91.0,edulite_right_negative,00_1-4459_1_001,right_proximal_negative,大腿垫高001,True,0.0,0.0,0.0,0.0,0.0
91.0,edulite_right_negative,00_1-4459_1_002,right_proximal_negative,大腿垫高001,True,0.0,0.0,0.0,0.0,0.0
91.0,edulite_right_negative,200_1_1_1,right_proximal_negative,大腿垫高001,True,1.0000000000000284,3.1622776562352795,0.0,0.0,0.0
91.0,edulite_right_negative,00_1-8689_1_1,right_proximal_negative,大腿垫高001,True,1.0000000000000284,2.1470910512892547,0.0,0.0,0.0
91.0,edulite_right_negative,00_1-1305_1_1,right_distal_negative,小腿010,False,0.0,12.523932211166494,0.0,0.0,0.0
91.0,edulite_right_negative,100_1_1_1,right_distal_negative,小腿010,False,1.5,17.086308120946114,0.0,0.0,0.0
91.0,edulite_right_negative,000_1-4238_1_1,right_distal_negative,小腿010,False,0.0,19.526741102354027,0.0,0.0,0.0
91.0,edulite_right_negative,00_1-4459_1_002,right_distal_negative,小腿010,False,0.0,27.04240148726356,0.0,0.0,0.0
91.0,edulite_right_negative,00_1-8689_1_1,right_distal_negative,小腿010,False,1.0,16.650395020659325,0.0,0.0,0.0
91.0,edulite_right_positive,00_1-1305_1_1,right_proximal_positive,大腿002,True,1.4210854715202004e-14,1.4210854715202004e-14,0.0,0.0,0.0
91.0,edulite_right_positive,100_1_1_1,right_proximal_positive,大腿002,True,1.5000000000000142,1.5000000000000142,0.0,0.0,0.0
91.0,edulite_right_positive,000_1-4238_1_1,right_proximal_positive,大腿002,True,1.4210854715202004e-14,0.0,0.0,0.0,0.0
91.0,edulite_right_positive,00_1-4459_1_1,right_proximal_positive,大腿002,True,0.0,0.0,0.0,0.0,0.0
91.0,edulite_right_positive,00_1-4459_1_001,right_proximal_positive,大腿002,True,0.0,0.0,0.0,0.0,0.0
91.0,edulite_right_positive,00_1-4459_1_002,right_proximal_positive,大腿002,True,0.0,0.0,0.0,0.0,0.0
91.0,edulite_right_positive,200_1_1_1,right_proximal_positive,大腿002,True,1.0000000000000142,3.1622776551045897,0.0,0.0,0.0
91.0,edulite_right_positive,00_1-8689_1_1,right_proximal_positive,大腿002,True,1.0000000000000142,1.0000000000000142,0.0,0.0,0.0
91.0,edulite_right_positive,00_1-1305_1_1,right_distal_negative,小腿010,False,0.0,53.73884185664682,0.0,0.0,0.0
91.0,edulite_right_positive,100_1_1_1,right_distal_negative,小腿010,False,1.5,58.25731854708524,0.0,0.0,0.0
91.0,edulite_right_positive,000_1-4238_1_1,right_distal_negative,小腿010,False,0.0,60.74006245165942,0.0,0.0,0.0
91.0,edulite_right_positive,00_1-8689_1_1,right_distal_negative,小腿010,False,1.0,57.846648655933166,0.0,0.0,0.0
91.0,left_proximal_negative,大腿,left_distal_negative,推力轴承,True,0.0,1.2789769243681803e-13,0.0,0.0,0.0
91.0,left_proximal_negative,大腿,left_distal_negative,小腿001,True,1.0000000000001137,1.000000000000142,0.0,0.0,0.0
91.0,left_proximal_negative,大腿,left_distal_negative,cross recessed pan head screws gb_GB_CROSS_SCREWS_TYPE1 M4X16-16  H type-C,True,0.0,0.0999999997765334,0.0,0.0,0.0
91.0,left_proximal_negative,大腿,left_distal_negative,"hex nuts, style 1-grades ab gb_GB_FASTENER_NUT_SNAB1 M4-C",True,0.0,1.1368683772161603e-13,0.0,0.0,0.0
91.0,left_proximal_negative,大腿,left_distal_positive,小腿004,False,0.0,60.738004472499014,0.0,0.0,0.0
91.0,left_proximal_positive,大腿垫高,left_distal_negative,小腿001,False,0.0,60.73800447272421,0.0,0.0,0.0
91.0,left_proximal_positive,大腿001,left_distal_negative,小腿001,False,0.0,60.73800447272419,0.0,0.0,0.0
91.0,left_proximal_positive,大腿垫高,left_distal_positive,小腿004,True,0.0,19.520338580494506,0.0,0.0,0.0
91.0,left_proximal_positive,大腿001,left_distal_positive,小腿004,True,1.0000000000000995,1.000000000000142,0.0,0.0,0.0
91.0,left_proximal_positive,大腿001,left_distal_positive,推力轴承001,True,0.0,1.4210854715202004e-13,0.0,0.0,0.0
91.0,left_proximal_positive,大腿001,left_distal_positive,cross recessed pan head screws gb_GB_CROSS_SCREWS_TYPE1 M4X16-16  H type-C001,True,0.0,0.09999999977157985,0.0,0.0,0.0
91.0,left_proximal_positive,大腿001,left_distal_positive,"hex nuts, style 1-grades ab gb_GB_FASTENER_NUT_SNAB1 M4-C001",True,0.0,5.684341886080802e-14,0.0,0.0,0.0
91.0,left_distal_negative,小腿001,left_distal_positive,小腿004,True,0.9999999999999858,0.9999999999999858,0.0,0.0,0.0
91.0,left_distal_negative,小腿001,left_wheel,推力轴承002,True,0.0,1.4210854715202004e-14,0.0,0.0,0.0
91.0,left_distal_negative,小腿001,left_wheel,驱动板004,True,0.4999999999998721,0.4999999999998863,0.0,0.0,0.0
91.0,left_distal_negative,小腿001,left_wheel,MISUMI_CBSTSR4-16_内六角螺栓（盖螺栓）,True,0.0,0.0,0.0,0.0,0.0
91.0,left_distal_positive,小腿004,left_wheel,推力轴承002,True,0.0,0.0,0.0,0.0,0.0
91.0,left_distal_positive,小腿004,left_wheel,MISUMI_C-SE604ZZ_不锈钢小径滚珠轴承,True,0.0,1.4210854715202004e-14,0.0,0.0,0.0
91.0,left_distal_positive,小腿004,left_wheel,MISUMI_CBSTSR4-16_内六角螺栓（盖螺栓）,True,0.0,0.09999999941315228,0.0,0.0,0.0
91.0,right_proximal_negative,大腿垫高001,right_distal_negative,小腿010,True,0.0,19.52033858063054,0.0,0.0,0.0
91.0,right_proximal_negative,大腿003,right_distal_negative,推力轴承004,True,0.0,1.2789769243681803e-13,0.0,0.0,0.0
91.0,right_proximal_negative,大腿003,right_distal_negative,小腿009,True,2.0,2.0,0.0,0.0,0.0
91.0,right_proximal_negative,大腿003,right_distal_negative,小腿010,True,1.0,1.0,0.0,0.0,0.0
91.0,right_proximal_negative,大腿003,right_distal_negative,"hex nuts, style 1-grades ab gb_GB_FASTENER_NUT_SNAB1 M4-C005",True,1.1368683772161603e-13,1.4210854715202004e-13,0.0,0.0,0.0
91.0,right_proximal_negative,大腿003,right_distal_negative,cross recessed pan head screws gb_GB_CROSS_SCREWS_TYPE1 M4X16-16  H type-C003,True,0.0,0.09999999979312052,0.0,0.0,0.0
91.0,right_proximal_negative,大腿垫高001,right_distal_positive,小腿007,False,0.0,60.738004472499,0.0,0.0,0.0
91.0,right_proximal_negative,大腿003,right_distal_positive,小腿007,False,0.0,60.738004472498965,0.0,0.0,0.0
91.0,right_proximal_positive,大腿002,right_distal_negative,小腿010,False,0.0,60.73800447272506,0.0,0.0,0.0
91.0,right_proximal_positive,大腿002,right_distal_positive,推力轴承003,True,0.0,0.0,0.0,0.0,0.0
91.0,right_proximal_positive,大腿002,right_distal_positive,小腿007,True,1.0,1.0000000000000142,0.0,0.0,0.0
91.0,right_proximal_positive,大腿002,right_distal_positive,cross recessed pan head screws gb_GB_CROSS_SCREWS_TYPE1 M4X16-16  H type-C002,True,0.0,0.09999999975814172,0.0,0.0,0.0
91.0,right_proximal_positive,大腿002,right_distal_positive,"hex nuts, style 1-grades ab gb_GB_FASTENER_NUT_SNAB1 M4-C003",True,0.0,1.4210854715202004e-14,0.0,0.0,0.0
91.0,right_distal_negative,小腿010,right_distal_positive,小腿007,True,1.0000000000000142,1.0000000000000142,0.0,0.0,0.0
91.0,right_distal_negative,小腿010,right_wheel,推力轴承005,True,0.0,1.4210854715202004e-14,0.0,0.0,0.0
91.0,right_distal_negative,小腿010,right_wheel,MISUMI_C-SE604ZZ_不锈钢小径滚珠轴承004,True,0.0,1.4210854715202004e-14,0.0,0.0,0.0
91.0,right_distal_negative,小腿010,right_wheel,MISUMI_CBSTSR4-16_内六角螺栓（盖螺栓）001,True,0.0,0.09999999974263303,0.0,0.0,0.0
91.0,right_distal_positive,小腿007,right_wheel,推力轴承005,True,0.0,0.0,0.0,0.0,0.0
91.0,right_distal_positive,小腿007,right_wheel,驱动板005,True,0.4999999999998863,0.49999999999991473,0.0,0.0,0.0
91.0,right_distal_positive,小腿007,right_wheel,MISUMI_CBSTSR4-16_内六角螺栓（盖螺栓）001,True,0.0,0.0,0.0,0.0,0.0
92.0,edulite_left_negative,00_1-1305_1_1,left_proximal_negative,大腿,True,0.0,5.684341886080802e-14,0.0,0.0,0.0
92.0,edulite_left_negative,100_1_1_1,left_proximal_negative,大腿,True,1.499999999999858,1.499999999999858,0.0,0.0,0.0
92.0,edulite_left_negative,000_1-4238_1_1,left_proximal_negative,大腿,True,0.0,0.0,0.0,0.0,0.0
92.0,edulite_left_negative,00_1-4459_1_1,left_proximal_negative,大腿,True,0.0,0.0,0.0,0.0,0.0
92.0,edulite_left_negative,00_1-4459_1_001,left_proximal_negative,大腿,True,0.0,0.0,0.0,0.0,0.0
92.0,edulite_left_negative,00_1-4459_1_002,left_proximal_negative,大腿,True,0.0,0.0,0.0,0.0,0.0
92.0,edulite_left_negative,200_1_1_1,left_proximal_negative,大腿,True,0.9999999999998579,3.1622776550751013,0.0,0.0,0.0
92.0,edulite_left_negative,00_1-8689_1_1,left_proximal_negative,大腿,True,0.9999999999998579,0.9999999999998579,0.0,0.0,0.0
92.0,edulite_left_negative,00_1-1305_1_1,left_distal_positive,小腿004,False,0.0,54.299084383669225,0.0,0.0,0.0
92.0,edulite_left_negative,100_1_1_1,left_distal_positive,小腿004,False,1.5,58.817385742751505,0.0,0.0,0.0
92.0,edulite_left_negative,000_1-4238_1_1,left_distal_positive,小腿004,False,0.0,61.30029480991156,0.0,0.0,0.0
92.0,edulite_left_negative,00_1-8689_1_1,left_distal_positive,小腿004,False,1.0,58.40681690611428,0.0,0.0,0.0
92.0,edulite_left_positive,00_1-1305_1_1,left_proximal_positive,大腿垫高,True,1.4210854715202004e-14,2.5495097529034747,0.0,0.0,0.0
92.0,edulite_left_positive,100_1_1_1,left_proximal_positive,大腿垫高,True,1.5000000000000142,1.5000000000000142,0.0,0.0,0.0
92.0,edulite_left_positive,000_1-4238_1_1,left_proximal_positive,大腿垫高,True,1.4210854715202004e-14,0.0,0.0,0.0,0.0
92.0,edulite_left_positive,00_1-4459_1_1,left_proximal_positive,大腿垫高,True,0.0,0.0,0.0,0.0,0.0
92.0,edulite_left_positive,00_1-4459_1_001,left_proximal_positive,大腿垫高,True,0.0,0.0,0.0,0.0,0.0
92.0,edulite_left_positive,00_1-4459_1_002,left_proximal_positive,大腿垫高,True,0.0,0.0,0.0,0.0,0.0
92.0,edulite_left_positive,200_1_1_1,left_proximal_positive,大腿垫高,True,1.0000000000000142,3.162277656235194,0.0,0.0,0.0
92.0,edulite_left_positive,00_1-8689_1_1,left_proximal_positive,大腿垫高,True,1.0000000000000142,2.147091051289157,0.0,0.0,0.0
92.0,edulite_left_positive,00_1-1305_1_1,left_distal_positive,小腿004,False,0.0,12.909848279976487,0.0,0.0,0.0
92.0,edulite_left_positive,100_1_1_1,left_distal_positive,小腿004,False,1.5,17.47087409079936,0.0,0.0,0.0
92.0,edulite_left_positive,000_1-4238_1_1,left_distal_positive,小腿004,False,0.0,19.91264050767708,0.0,0.0,0.0
92.0,edulite_left_positive,00_1-4459_1_002,left_distal_positive,小腿004,False,0.0,27.452617169236103,0.0,0.0,0.0
92.0,edulite_left_positive,00_1-8689_1_1,left_distal_positive,小腿004,False,1.0,17.035737489699045,0.0,0.0,0.0
92.0,edulite_right_negative,00_1-1305_1_1,right_proximal_negative,大腿垫高001,True,2.842170943040401e-14,2.549509752903596,0.0,0.0,0.0
92.0,edulite_right_negative,100_1_1_1,right_proximal_negative,大腿垫高001,True,1.5000000000000284,1.5000000000000284,0.0,0.0,0.0
92.0,edulite_right_negative,000_1-4238_1_1,right_proximal_negative,大腿垫高001,True,2.842170943040401e-14,0.0,0.0,0.0,0.0
92.0,edulite_right_negative,00_1-4459_1_1,right_proximal_negative,大腿垫高001,True,0.0,0.0,0.0,0.0,0.0
92.0,edulite_right_negative,00_1-4459_1_001,right_proximal_negative,大腿垫高001,True,0.0,0.0,0.0,0.0,0.0
92.0,edulite_right_negative,00_1-4459_1_002,right_proximal_negative,大腿垫高001,True,0.0,0.0,0.0,0.0,0.0
92.0,edulite_right_negative,200_1_1_1,right_proximal_negative,大腿垫高001,True,1.0000000000000284,3.162277656235293,0.0,0.0,0.0
92.0,edulite_right_negative,00_1-8689_1_1,right_proximal_negative,大腿垫高001,True,1.0000000000000284,2.1470910512892663,0.0,0.0,0.0
92.0,edulite_right_negative,00_1-1305_1_1,right_distal_negative,小腿010,False,0.0,12.90984828011081,0.0,0.0,0.0
92.0,edulite_right_negative,100_1_1_1,right_distal_negative,小腿010,False,1.5,17.47087409093322,0.0,0.0,0.0
92.0,edulite_right_negative,000_1-4238_1_1,right_distal_negative,小腿010,False,0.0,19.9126405078114,0.0,0.0,0.0
92.0,edulite_right_negative,00_1-4459_1_002,right_distal_negative,小腿010,False,0.0,27.45261716938295,0.0,0.0,0.0
92.0,edulite_right_negative,00_1-8689_1_1,right_distal_negative,小腿010,False,1.0,17.035737489833163,0.0,0.0,0.0
92.0,edulite_right_positive,00_1-1305_1_1,right_proximal_positive,大腿002,True,1.4210854715202004e-14,1.4210854715202004e-14,0.0,0.0,0.0
92.0,edulite_right_positive,100_1_1_1,right_proximal_positive,大腿002,True,1.5000000000000142,1.5000000000000142,0.0,0.0,0.0
92.0,edulite_right_positive,000_1-4238_1_1,right_proximal_positive,大腿002,True,1.4210854715202004e-14,0.0,0.0,0.0,0.0
92.0,edulite_right_positive,00_1-4459_1_1,right_proximal_positive,大腿002,True,0.0,0.0,0.0,0.0,0.0
92.0,edulite_right_positive,00_1-4459_1_001,right_proximal_positive,大腿002,True,0.0,0.0,0.0,0.0,0.0
92.0,edulite_right_positive,00_1-4459_1_002,right_proximal_positive,大腿002,True,0.0,0.0,0.0,0.0,0.0
92.0,edulite_right_positive,200_1_1_1,right_proximal_positive,大腿002,True,1.0000000000000142,3.162277655074987,0.0,0.0,0.0
92.0,edulite_right_positive,00_1-8689_1_1,right_proximal_positive,大腿002,True,1.0000000000000142,1.0000000000000142,0.0,0.0,0.0
92.0,edulite_right_positive,00_1-1305_1_1,right_distal_negative,小腿010,False,0.0,54.2990843838931,0.0,0.0,0.0
92.0,edulite_right_positive,100_1_1_1,right_distal_negative,小腿010,False,1.5,58.81738574297532,0.0,0.0,0.0
92.0,edulite_right_positive,000_1-4238_1_1,right_distal_negative,小腿010,False,0.0,61.30029481013544,0.0,0.0,0.0
92.0,edulite_right_positive,00_1-8689_1_1,right_distal_negative,小腿010,False,1.0,58.40681690633814,0.0,0.0,0.0
92.0,left_proximal_negative,大腿,left_distal_negative,推力轴承,True,0.0,1.2789769243681803e-13,0.0,0.0,0.0
92.0,left_proximal_negative,大腿,left_distal_negative,小腿001,True,1.0000000000001137,1.000000000000142,0.0,0.0,0.0
92.0,left_proximal_negative,大腿,left_distal_negative,cross recessed pan head screws gb_GB_CROSS_SCREWS_TYPE1 M4X16-16  H type-C,True,0.0,0.09999999978392352,0.0,0.0,0.0
92.0,left_proximal_negative,大腿,left_distal_negative,"hex nuts, style 1-grades ab gb_GB_FASTENER_NUT_SNAB1 M4-C",True,0.0,1.1368683772161603e-13,0.0,0.0,0.0
92.0,left_proximal_negative,大腿,left_distal_positive,小腿004,False,0.0,61.29825563982872,0.0,0.0,0.0
92.0,left_proximal_positive,大腿垫高,left_distal_negative,小腿001,False,0.0,61.29825564005179,0.0,0.0,0.0
92.0,left_proximal_positive,大腿001,left_distal_negative,小腿001,False,0.0,61.298255640051785,0.0,0.0,0.0
92.0,left_proximal_positive,大腿垫高,left_distal_positive,小腿004,True,0.0,19.906362104023795,0.0,0.0,0.0
92.0,left_proximal_positive,大腿001,left_distal_positive,小腿004,True,1.0000000000000995,1.000000000000142,0.0,0.0,0.0
92.0,left_proximal_positive,大腿001,left_distal_positive,推力轴承001,True,0.0,1.4210854715202004e-13,0.0,0.0,0.0
92.0,left_proximal_positive,大腿001,left_distal_positive,cross recessed pan head screws gb_GB_CROSS_SCREWS_TYPE1 M4X16-16  H type-C001,True,0.0,0.0999999997701209,0.0,0.0,0.0
92.0,left_proximal_positive,大腿001,left_distal_positive,"hex nuts, style 1-grades ab gb_GB_FASTENER_NUT_SNAB1 M4-C001",True,0.0,5.684341886080802e-14,0.0,0.0,0.0
92.0,left_distal_negative,小腿001,left_distal_positive,小腿004,True,0.9999999999999858,0.9999999999999858,0.0,0.0,0.0
92.0,left_distal_negative,小腿001,left_wheel,推力轴承002,True,0.0,1.4210854715202004e-14,0.0,0.0,0.0
92.0,left_distal_negative,小腿001,left_wheel,驱动板004,True,0.4999999999998721,0.4999999999998863,0.0,0.0,0.0
92.0,left_distal_negative,小腿001,left_wheel,MISUMI_CBSTSR4-16_内六角螺栓（盖螺栓）,True,0.0,0.0,0.0,0.0,0.0
92.0,left_distal_positive,小腿004,left_wheel,推力轴承002,True,0.0,0.0,0.0,0.0,0.0
92.0,left_distal_positive,小腿004,left_wheel,MISUMI_C-SE604ZZ_不锈钢小径滚珠轴承,True,0.0,1.4210854715202004e-14,0.0,0.0,0.0
92.0,left_distal_positive,小腿004,left_wheel,MISUMI_CBSTSR4-16_内六角螺栓（盖螺栓）,True,0.0,0.09999999941291844,0.0,0.0,0.0
92.0,right_proximal_negative,大腿垫高001,right_distal_negative,小腿010,True,0.0,19.906362104158003,0.0,0.0,0.0
92.0,right_proximal_negative,大腿003,right_distal_negative,推力轴承004,True,0.0,1.2789769243681803e-13,0.0,0.0,0.0
92.0,right_proximal_negative,大腿003,right_distal_negative,小腿009,True,2.0,2.0,0.0,0.0,0.0
92.0,right_proximal_negative,大腿003,right_distal_negative,小腿010,True,1.0,1.0,0.0,0.0,0.0
92.0,right_proximal_negative,大腿003,right_distal_negative,"hex nuts, style 1-grades ab gb_GB_FASTENER_NUT_SNAB1 M4-C005",True,1.1368683772161603e-13,1.4210854715202004e-13,0.0,0.0,0.0
92.0,right_proximal_negative,大腿003,right_distal_negative,cross recessed pan head screws gb_GB_CROSS_SCREWS_TYPE1 M4X16-16  H type-C003,True,0.0,0.09999999976938993,0.0,0.0,0.0
92.0,right_proximal_negative,大腿垫高001,right_distal_positive,小腿007,False,0.0,61.2982556398287,0.0,0.0,0.0
92.0,right_proximal_negative,大腿003,right_distal_positive,小腿007,False,0.0,61.29825563982867,0.0,0.0,0.0
92.0,right_proximal_positive,大腿002,right_distal_negative,小腿010,False,0.0,61.29825564005265,0.0,0.0,0.0
92.0,right_proximal_positive,大腿002,right_distal_positive,推力轴承003,True,0.0,0.0,0.0,0.0,0.0
92.0,right_proximal_positive,大腿002,right_distal_positive,小腿007,True,1.0,1.0000000000000142,0.0,0.0,0.0
92.0,right_proximal_positive,大腿002,right_distal_positive,cross recessed pan head screws gb_GB_CROSS_SCREWS_TYPE1 M4X16-16  H type-C002,True,0.0,0.09999999976933152,0.0,0.0,0.0
92.0,right_proximal_positive,大腿002,right_distal_positive,"hex nuts, style 1-grades ab gb_GB_FASTENER_NUT_SNAB1 M4-C003",True,0.0,1.4210854715202004e-14,0.0,0.0,0.0
92.0,right_distal_negative,小腿010,right_distal_positive,小腿007,True,1.0000000000000142,1.0000000000000142,0.0,0.0,0.0
92.0,right_distal_negative,小腿010,right_wheel,推力轴承005,True,0.0,1.4210854715202004e-14,0.0,0.0,0.0
92.0,right_distal_negative,小腿010,right_wheel,MISUMI_C-SE604ZZ_不锈钢小径滚珠轴承004,True,0.0,1.4210854715202004e-14,0.0,0.0,0.0
92.0,right_distal_negative,小腿010,right_wheel,MISUMI_CBSTSR4-16_内六角螺栓（盖螺栓）001,True,0.0,0.09999999974281562,0.0,0.0,0.0
92.0,right_distal_positive,小腿007,right_wheel,推力轴承005,True,0.0,0.0,0.0,0.0,0.0
92.0,right_distal_positive,小腿007,right_wheel,驱动板005,True,0.4999999999998863,0.49999999999991473,0.0,0.0,0.0
92.0,right_distal_positive,小腿007,right_wheel,MISUMI_CBSTSR4-16_内六角螺栓（盖螺栓）001,True,0.0,0.0,0.0,0.0,0.0
93.0,edulite_left_negative,00_1-1305_1_1,left_proximal_negative,大腿,True,0.0,5.684341886080802e-14,0.0,0.0,0.0
93.0,edulite_left_negative,100_1_1_1,left_proximal_negative,大腿,True,1.499999999999858,1.499999999999858,0.0,0.0,0.0
93.0,edulite_left_negative,000_1-4238_1_1,left_proximal_negative,大腿,True,0.0,0.0,0.0,0.0,0.0
93.0,edulite_left_negative,00_1-4459_1_1,left_proximal_negative,大腿,True,0.0,0.0,0.0,0.0,0.0
93.0,edulite_left_negative,00_1-4459_1_001,left_proximal_negative,大腿,True,0.0,0.0,0.0,0.0,0.0
93.0,edulite_left_negative,00_1-4459_1_002,left_proximal_negative,大腿,True,0.0,0.0,0.0,0.0,0.0
93.0,edulite_left_negative,200_1_1_1,left_proximal_negative,大腿,True,0.9999999999998579,3.1622776550467697,0.0,0.0,0.0
93.0,edulite_left_negative,00_1-8689_1_1,left_proximal_negative,大腿,True,0.9999999999998579,0.9999999999998579,0.0,0.0,0.0
93.0,edulite_left_negative,00_1-1305_1_1,left_distal_positive,小腿004,False,0.0,54.847695226881314,0.0,0.0,0.0
93.0,edulite_left_negative,100_1_1_1,left_distal_positive,小腿004,False,1.5,59.36582808824751,0.0,0.0,0.0
93.0,edulite_left_negative,000_1-4238_1_1,left_distal_positive,小腿004,False,0.0,61.848895854639785,0.0,0.0,0.0
93.0,edulite_left_negative,00_1-8689_1_1,left_distal_positive,小腿004,False,1.0,58.95535637064542,0.0,0.0,0.0
93.0,edulite_left_positive,00_1-1305_1_1,left_proximal_positive,大腿垫高,True,1.4210854715202004e-14,2.5495097529034747,0.0,0.0,0.0
93.0,edulite_left_positive,100_1_1_1,left_proximal_positive,大腿垫高,True,1.5000000000000142,1.5000000000000142,0.0,0.0,0.0
93.0,edulite_left_positive,000_1-4238_1_1,left_proximal_positive,大腿垫高,True,1.4210854715202004e-14,0.0,0.0,0.0,0.0
93.0,edulite_left_positive,00_1-4459_1_1,left_proximal_positive,大腿垫高,True,0.0,0.0,0.0,0.0,0.0
93.0,edulite_left_positive,00_1-4459_1_001,left_proximal_positive,大腿垫高,True,0.0,0.0,0.0,0.0,0.0
93.0,edulite_left_positive,00_1-4459_1_002,left_proximal_positive,大腿垫高,True,0.0,0.0,0.0,0.0,0.0
93.0,edulite_left_positive,200_1_1_1,left_proximal_positive,大腿垫高,True,1.0000000000000142,3.162277656235201,0.0,0.0,0.0
93.0,edulite_left_positive,00_1-8689_1_1,left_proximal_positive,大腿垫高,True,1.0000000000000142,2.147091051289163,0.0,0.0,0.0
93.0,edulite_left_positive,00_1-1305_1_1,left_distal_positive,小腿004,False,0.0,13.280044951489334,0.0,0.0,0.0
93.0,edulite_left_positive,100_1_1_1,left_distal_positive,小腿004,False,1.5,17.839828970605776,0.0,0.0,0.0
93.0,edulite_left_positive,000_1-4238_1_1,left_distal_positive,小腿004,False,0.0,20.28281976407792,0.0,0.0,0.0
93.0,edulite_left_positive,00_1-4459_1_002,left_distal_positive,小腿004,False,0.0,27.84787586907982,0.0,0.0,0.0
93.0,edulite_left_positive,00_1-8689_1_1,left_distal_positive,小腿004,False,1.0,17.405406427872023,0.0,0.0,0.0
93.0,edulite_right_negative,00_1-1305_1_1,right_proximal_negative,大腿垫高001,True,2.842170943040401e-14,2.549509752903596,0.0,0.0,0.0
93.0,edulite_right_negative,100_1_1_1,right_proximal_negative,大腿垫高001,True,1.5000000000000284,1.5000000000000284,0.0,0.0,0.0
93.0,edulite_right_negative,000_1-4238_1_1,right_proximal_negative,大腿垫高001,True,2.842170943040401e-14,0.0,0.0,0.0,0.0
93.0,edulite_right_negative,00_1-4459_1_1,right_proximal_negative,大腿垫高001,True,0.0,0.0,0.0,0.0,0.0
93.0,edulite_right_negative,00_1-4459_1_001,right_proximal_negative,大腿垫高001,True,0.0,0.0,0.0,0.0,0.0
93.0,edulite_right_negative,00_1-4459_1_002,right_proximal_negative,大腿垫高001,True,0.0,0.0,0.0,0.0,0.0
93.0,edulite_right_negative,200_1_1_1,right_proximal_negative,大腿垫高001,True,1.0000000000000284,3.162277656235293,0.0,0.0,0.0
93.0,edulite_right_negative,00_1-8689_1_1,right_proximal_negative,大腿垫高001,True,1.0000000000000284,2.147091051289266,0.0,0.0,0.0
93.0,edulite_right_negative,00_1-1305_1_1,right_distal_negative,小腿010,False,0.0,13.280044951621841,0.0,0.0,0.0
93.0,edulite_right_negative,100_1_1_1,right_distal_negative,小腿010,False,1.5,17.839828970737855,0.0,0.0,0.0
93.0,edulite_right_negative,000_1-4238_1_1,right_distal_negative,小腿010,False,0.0,20.282819764210412,0.0,0.0,0.0
93.0,edulite_right_negative,00_1-4459_1_002,right_distal_negative,小腿010,False,0.0,27.847875869224904,0.0,0.0,0.0
93.0,edulite_right_negative,00_1-8689_1_1,right_distal_negative,小腿010,False,1.0,17.405406428004348,0.0,0.0,0.0
93.0,edulite_right_positive,00_1-1305_1_1,right_proximal_positive,大腿002,True,1.4210854715202004e-14,1.4210854715202004e-14,0.0,0.0,0.0
93.0,edulite_right_positive,100_1_1_1,right_proximal_positive,大腿002,True,1.5000000000000142,1.5000000000000142,0.0,0.0,0.0
93.0,edulite_right_positive,000_1-4238_1_1,right_proximal_positive,大腿002,True,1.4210854715202004e-14,0.0,0.0,0.0,0.0
93.0,edulite_right_positive,00_1-4459_1_1,right_proximal_positive,大腿002,True,0.0,0.0,0.0,0.0,0.0
93.0,edulite_right_positive,00_1-4459_1_001,right_proximal_positive,大腿002,True,0.0,0.0,0.0,0.0,0.0
93.0,edulite_right_positive,00_1-4459_1_002,right_proximal_positive,大腿002,True,0.0,0.0,0.0,0.0,0.0
93.0,edulite_right_positive,200_1_1_1,right_proximal_positive,大腿002,True,1.0000000000000142,3.162277655046665,0.0,0.0,0.0
93.0,edulite_right_positive,00_1-8689_1_1,right_proximal_positive,大腿002,True,1.0000000000000142,1.0000000000000142,0.0,0.0,0.0
93.0,edulite_right_positive,00_1-1305_1_1,right_distal_negative,小腿010,False,0.0,54.84769522710304,0.0,0.0,0.0
93.0,edulite_right_positive,100_1_1_1,right_distal_negative,小腿010,False,1.5,59.365828088469165,0.0,0.0,0.0
93.0,edulite_right_positive,000_1-4238_1_1,right_distal_negative,小腿010,False,0.0,61.8488958548615,0.0,0.0,0.0
93.0,edulite_right_positive,00_1-8689_1_1,right_distal_negative,小腿010,False,1.0,58.95535637086711,0.0,0.0,0.0
93.0,left_proximal_negative,大腿,left_distal_negative,推力轴承,True,0.0,1.2789769243681803e-13,0.0,0.0,0.0
93.0,left_proximal_negative,大腿,left_distal_negative,小腿001,True,1.0000000000001137,1.000000000000142,0.0,0.0,0.0
93.0,left_proximal_negative,大腿,left_distal_negative,cross recessed pan head screws gb_GB_CROSS_SCREWS_TYPE1 M4X16-16  H type-C,True,0.0,0.09999999979137059,0.0,0.0,0.0
93.0,left_proximal_negative,大腿,left_distal_negative,"hex nuts, style 1-grades ab gb_GB_FASTENER_NUT_SNAB1 M4-C",True,0.0,1.1368683772161603e-13,0.0,0.0,0.0
93.0,left_proximal_negative,大腿,left_distal_positive,小腿004,False,0.0,61.846874772684345,0.0,0.0,0.0
93.0,left_proximal_positive,大腿垫高,left_distal_negative,小腿001,False,0.0,61.84687477290526,0.0,0.0,0.0
93.0,left_proximal_positive,大腿001,left_distal_negative,小腿001,False,0.0,61.846874772905245,0.0,0.0,0.0
93.0,left_proximal_positive,大腿垫高,left_distal_positive,小腿004,True,0.0,20.276655982061076,0.0,0.0,0.0
93.0,left_proximal_positive,大腿001,left_distal_positive,小腿004,True,1.0000000000000995,1.000000000000142,0.0,0.0,0.0
93.0,left_proximal_positive,大腿001,left_distal_positive,推力轴承001,True,0.0,1.4210854715202004e-13,0.0,0.0,0.0
93.0,left_proximal_positive,大腿001,left_distal_positive,cross recessed pan head screws gb_GB_CROSS_SCREWS_TYPE1 M4X16-16  H type-C001,True,0.0,0.09999999977745236,0.0,0.0,0.0
93.0,left_proximal_positive,大腿001,left_distal_positive,"hex nuts, style 1-grades ab gb_GB_FASTENER_NUT_SNAB1 M4-C001",True,0.0,5.684341886080802e-14,0.0,0.0,0.0
93.0,left_distal_negative,小腿001,left_distal_positive,小腿004,True,0.9999999999999858,0.9999999999999858,0.0,0.0,0.0
93.0,left_distal_negative,小腿001,left_wheel,推力轴承002,True,0.0,1.4210854715202004e-14,0.0,0.0,0.0
93.0,left_distal_negative,小腿001,left_wheel,驱动板004,True,0.4999999999998721,0.4999999999998863,0.0,0.0,0.0
93.0,left_distal_negative,小腿001,left_wheel,MISUMI_CBSTSR4-16_内六角螺栓（盖螺栓）,True,0.0,0.0,0.0,0.0,0.0
93.0,left_distal_positive,小腿004,left_wheel,推力轴承002,True,0.0,0.0,0.0,0.0,0.0
93.0,left_distal_positive,小腿004,left_wheel,MISUMI_C-SE604ZZ_不锈钢小径滚珠轴承,True,0.0,1.4210854715202004e-14,0.0,0.0,0.0
93.0,left_distal_positive,小腿004,left_wheel,MISUMI_CBSTSR4-16_内六角螺栓（盖螺栓）,True,0.0,0.0999999994126917,0.0,0.0,0.0
93.0,right_proximal_negative,大腿垫高001,right_distal_negative,小腿010,True,0.0,20.276655982193464,0.0,0.0,0.0
93.0,right_proximal_negative,大腿003,right_distal_negative,推力轴承004,True,0.0,1.2789769243681803e-13,0.0,0.0,0.0
93.0,right_proximal_negative,大腿003,right_distal_negative,小腿009,True,2.0,2.0,0.0,0.0,0.0
93.0,right_proximal_negative,大腿003,right_distal_negative,小腿010,True,1.0,1.0,0.0,0.0,0.0
93.0,right_proximal_negative,大腿003,right_distal_negative,"hex nuts, style 1-grades ab gb_GB_FASTENER_NUT_SNAB1 M4-C005",True,1.1368683772161603e-13,1.4210854715202004e-13,0.0,0.0,0.0
93.0,right_proximal_negative,大腿003,right_distal_negative,cross recessed pan head screws gb_GB_CROSS_SCREWS_TYPE1 M4X16-16  H type-C003,True,0.0,0.099999999774569,0.0,0.0,0.0
93.0,right_proximal_negative,大腿垫高001,right_distal_positive,小腿007,False,0.0,61.84687477268433,0.0,0.0,0.0
93.0,right_proximal_negative,大腿003,right_distal_positive,小腿007,False,0.0,61.846874772684295,0.0,0.0,0.0
93.0,right_proximal_positive,大腿002,right_distal_negative,小腿010,False,0.0,61.84687477290612,0.0,0.0,0.0
93.0,right_proximal_positive,大腿002,right_distal_positive,推力轴承003,True,0.0,0.0,0.0,0.0,0.0
93.0,right_proximal_positive,大腿002,right_distal_positive,小腿007,True,1.0,1.0000000000000142,0.0,0.0,0.0
93.0,right_proximal_positive,大腿002,right_distal_positive,cross recessed pan head screws gb_GB_CROSS_SCREWS_TYPE1 M4X16-16  H type-C002,True,0.0,0.09999999980609942,0.0,0.0,0.0
93.0,right_proximal_positive,大腿002,right_distal_positive,"hex nuts, style 1-grades ab gb_GB_FASTENER_NUT_SNAB1 M4-C003",True,0.0,1.4210854715202004e-14,0.0,0.0,0.0
93.0,right_distal_negative,小腿010,right_distal_positive,小腿007,True,1.0000000000000142,1.0000000000000142,0.0,0.0,0.0
93.0,right_distal_negative,小腿010,right_wheel,推力轴承005,True,0.0,1.4210854715202004e-14,0.0,0.0,0.0
93.0,right_distal_negative,小腿010,right_wheel,MISUMI_C-SE604ZZ_不锈钢小径滚珠轴承004,True,0.0,1.4210854715202004e-14,0.0,0.0,0.0
93.0,right_distal_negative,小腿010,right_wheel,MISUMI_CBSTSR4-16_内六角螺栓（盖螺栓）001,True,0.0,0.09999999974302046,0.0,0.0,0.0
93.0,right_distal_positive,小腿007,right_wheel,推力轴承005,True,0.0,0.0,0.0,0.0,0.0
93.0,right_distal_positive,小腿007,right_wheel,驱动板005,True,0.4999999999998863,0.49999999999991473,0.0,0.0,0.0
93.0,right_distal_positive,小腿007,right_wheel,MISUMI_CBSTSR4-16_内六角螺栓（盖螺栓）001,True,0.0,0.0,0.0,0.0,0.0
94.0,edulite_left_negative,00_1-1305_1_1,left_proximal_negative,大腿,True,0.0,5.684341886080802e-14,0.0,0.0,0.0
94.0,edulite_left_negative,100_1_1_1,left_proximal_negative,大腿,True,1.499999999999858,1.499999999999858,0.0,0.0,0.0
94.0,edulite_left_negative,000_1-4238_1_1,left_proximal_negative,大腿,True,0.0,0.0,0.0,0.0,0.0
94.0,edulite_left_negative,00_1-4459_1_1,left_proximal_negative,大腿,True,0.0,0.0,0.0,0.0,0.0
94.0,edulite_left_negative,00_1-4459_1_001,left_proximal_negative,大腿,True,0.0,0.0,0.0,0.0,0.0
94.0,edulite_left_negative,00_1-4459_1_002,left_proximal_negative,大腿,True,0.0,0.0,0.0,0.0,0.0
94.0,edulite_left_negative,200_1_1_1,left_proximal_negative,大腿,True,0.9999999999998579,3.1622776550196883,0.0,0.0,0.0
94.0,edulite_left_negative,00_1-8689_1_1,left_proximal_negative,大腿,True,0.9999999999998579,0.9999999999998579,0.0,0.0,0.0
94.0,edulite_left_negative,00_1-1305_1_1,left_distal_positive,小腿004,False,0.0,55.384372439059376,0.0,0.0,0.0
94.0,edulite_left_negative,100_1_1_1,left_distal_positive,小腿004,False,1.5,59.90234344192436,0.0,0.0,0.0
94.0,edulite_left_negative,000_1-4238_1_1,left_distal_positive,小腿004,False,0.0,62.385563630393975,0.0,0.0,0.0
94.0,edulite_left_negative,00_1-8689_1_1,left_distal_positive,小腿004,False,1.0,59.491965019577485,0.0,0.0,0.0
94.0,edulite_left_positive,00_1-1305_1_1,left_proximal_positive,大腿垫高,True,1.4210854715202004e-14,2.549509752903471,0.0,0.0,0.0
94.0,edulite_left_positive,100_1_1_1,left_proximal_positive,大腿垫高,True,1.5000000000000142,1.5000000000000142,0.0,0.0,0.0
94.0,edulite_left_positive,000_1-4238_1_1,left_proximal_positive,大腿垫高,True,1.4210854715202004e-14,0.0,0.0,0.0,0.0
94.0,edulite_left_positive,00_1-4459_1_1,left_proximal_positive,大腿垫高,True,0.0,0.0,0.0,0.0,0.0
94.0,edulite_left_positive,00_1-4459_1_001,left_proximal_positive,大腿垫高,True,0.0,0.0,0.0,0.0,0.0
94.0,edulite_left_positive,00_1-4459_1_002,left_proximal_positive,大腿垫高,True,0.0,0.0,0.0,0.0,0.0
94.0,edulite_left_positive,200_1_1_1,left_proximal_positive,大腿垫高,True,1.0000000000000142,3.162277656235201,0.0,0.0,0.0
94.0,edulite_left_positive,00_1-8689_1_1,left_proximal_positive,大腿垫高,True,1.0000000000000142,2.147091051289163,0.0,0.0,0.0
94.0,edulite_left_positive,00_1-1305_1_1,left_distal_positive,小腿004,False,0.0,13.634356048111705,0.0,0.0,0.0
94.0,edulite_left_positive,100_1_1_1,left_distal_positive,小腿004,False,1.5,18.192997590016777,0.0,0.0,0.0
94.0,edulite_left_positive,000_1-4238_1_1,left_distal_positive,小腿004,False,0.0,20.637113100516498,0.0,0.0,0.0
94.0,edulite_left_positive,00_1-4459_1_002,left_distal_positive,小腿004,False,0.0,28.22800987017844,0.0,0.0,0.0
94.0,edulite_left_positive,00_1-8689_1_1,left_distal_positive,小腿004,False,1.0,17.759231885986843,0.0,0.0,0.0
94.0,edulite_right_negative,00_1-1305_1_1,right_proximal_negative,大腿垫高001,True,2.842170943040401e-14,2.549509752903596,0.0,0.0,0.0
94.0,edulite_right_negative,100_1_1_1,right_proximal_negative,大腿垫高001,True,1.5000000000000284,1.5000000000000284,0.0,0.0,0.0
94.0,edulite_right_negative,000_1-4238_1_1,right_proximal_negative,大腿垫高001,True,2.842170943040401e-14,0.0,0.0,0.0,0.0
94.0,edulite_right_negative,00_1-4459_1_1,right_proximal_negative,大腿垫高001,True,0.0,0.0,0.0,0.0,0.0
94.0,edulite_right_negative,00_1-4459_1_001,right_proximal_negative,大腿垫高001,True,0.0,0.0,0.0,0.0,0.0
94.0,edulite_right_negative,00_1-4459_1_002,right_proximal_negative,大腿垫高001,True,0.0,0.0,0.0,0.0,0.0
94.0,edulite_right_negative,200_1_1_1,right_proximal_negative,大腿垫高001,True,1.0000000000000284,3.162277656235293,0.0,0.0,0.0
94.0,edulite_right_negative,00_1-8689_1_1,right_proximal_negative,大腿垫高001,True,1.0000000000000284,2.147091051289266,0.0,0.0,0.0
94.0,edulite_right_negative,00_1-1305_1_1,right_distal_negative,小腿010,False,0.0,13.634356048242376,0.0,0.0,0.0
94.0,edulite_right_negative,100_1_1_1,right_distal_negative,小腿010,False,1.5,18.192997590147037,0.0,0.0,0.0
94.0,edulite_right_negative,000_1-4238_1_1,right_distal_negative,小腿010,False,0.0,20.63711310064716,0.0,0.0,0.0
94.0,edulite_right_negative,00_1-4459_1_002,right_distal_negative,小腿010,False,0.0,28.228009870321728,0.0,0.0,0.0
94.0,edulite_right_negative,00_1-8689_1_1,right_distal_negative,小腿010,False,1.0,17.75923188611734,0.0,0.0,0.0
94.0,edulite_right_positive,00_1-1305_1_1,right_proximal_positive,大腿002,True,1.4210854715202004e-14,1.4210854715202004e-14,0.0,0.0,0.0
94.0,edulite_right_positive,100_1_1_1,right_proximal_positive,大腿002,True,1.5000000000000142,1.5000000000000142,0.0,0.0,0.0
94.0,edulite_right_positive,000_1-4238_1_1,right_proximal_positive,大腿002,True,1.4210854715202004e-14,0.0,0.0,0.0,0.0
94.0,edulite_right_positive,00_1-4459_1_1,right_proximal_positive,大腿002,True,0.0,0.0,0.0,0.0,0.0
94.0,edulite_right_positive,00_1-4459_1_001,right_proximal_positive,大腿002,True,0.0,0.0,0.0,0.0,0.0
94.0,edulite_right_positive,00_1-4459_1_002,right_proximal_positive,大腿002,True,0.0,0.0,0.0,0.0,0.0
94.0,edulite_right_positive,200_1_1_1,right_proximal_positive,大腿002,True,1.0000000000000142,3.162277655019576,0.0,0.0,0.0
94.0,edulite_right_positive,00_1-8689_1_1,right_proximal_positive,大腿002,True,1.0000000000000142,1.0000000000000142,0.0,0.0,0.0
94.0,edulite_right_positive,00_1-1305_1_1,right_distal_negative,小腿010,False,0.0,55.38437243927888,0.0,0.0,0.0
94.0,edulite_right_positive,100_1_1_1,right_distal_negative,小腿010,False,1.5,59.902343442143795,0.0,0.0,0.0
94.0,edulite_right_positive,000_1-4238_1_1,right_distal_negative,小腿010,False,0.0,62.385563630613476,0.0,0.0,0.0
94.0,edulite_right_positive,00_1-8689_1_1,right_distal_negative,小腿010,False,1.0,59.49196501979696,0.0,0.0,0.0
94.0,left_proximal_negative,大腿,left_distal_negative,推力轴承,True,0.0,1.2789769243681803e-13,0.0,0.0,0.0
94.0,left_proximal_negative,大腿,left_distal_negative,小腿001,True,1.0000000000001137,1.000000000000142,0.0,0.0,0.0
94.0,left_proximal_negative,大腿,left_distal_negative,cross recessed pan head screws gb_GB_CROSS_SCREWS_TYPE1 M4X16-16  H type-C,True,0.0,0.09999999977468205,0.0,0.0,0.0
94.0,left_proximal_negative,大腿,left_distal_negative,"hex nuts, style 1-grades ab gb_GB_FASTENER_NUT_SNAB1 M4-C",True,0.0,1.1368683772161603e-13,0.0,0.0,0.0
94.0,left_proximal_negative,大腿,left_distal_positive,小腿004,False,0.0,62.38355993527547,0.0,0.0,0.0
94.0,left_proximal_positive,大腿垫高,left_distal_negative,小腿001,False,0.0,62.383559935494155,0.0,0.0,0.0
94.0,left_proximal_positive,大腿001,left_distal_negative,小腿001,False,0.0,62.383559935494155,0.0,0.0,0.0
94.0,left_proximal_positive,大腿垫高,left_distal_positive,小腿004,True,0.0,20.631055168370757,0.0,0.0,0.0
94.0,left_proximal_positive,大腿001,left_distal_positive,小腿004,True,1.0000000000000995,1.000000000000142,0.0,0.0,0.0
94.0,left_proximal_positive,大腿001,left_distal_positive,推力轴承001,True,0.0,1.4210854715202004e-13,0.0,0.0,0.0
94.0,left_proximal_positive,大腿001,left_distal_positive,cross recessed pan head screws gb_GB_CROSS_SCREWS_TYPE1 M4X16-16  H type-C001,True,0.0,0.09999999980553503,0.0,0.0,0.0
94.0,left_proximal_positive,大腿001,left_distal_positive,"hex nuts, style 1-grades ab gb_GB_FASTENER_NUT_SNAB1 M4-C001",True,0.0,5.684341886080802e-14,0.0,0.0,0.0
94.0,left_distal_negative,小腿001,left_distal_positive,小腿004,True,0.9999999999999858,0.9999999999999858,0.0,0.0,0.0
94.0,left_distal_negative,小腿001,left_wheel,推力轴承002,True,0.0,1.4210854715202004e-14,0.0,0.0,0.0
94.0,left_distal_negative,小腿001,left_wheel,驱动板004,True,0.4999999999998721,0.4999999999998863,0.0,0.0,0.0
94.0,left_distal_negative,小腿001,left_wheel,MISUMI_CBSTSR4-16_内六角螺栓（盖螺栓）,True,0.0,0.0,0.0,0.0,0.0
94.0,left_distal_positive,小腿004,left_wheel,推力轴承002,True,0.0,0.0,0.0,0.0,0.0
94.0,left_distal_positive,小腿004,left_wheel,MISUMI_C-SE604ZZ_不锈钢小径滚珠轴承,True,0.0,1.4210854715202004e-14,0.0,0.0,0.0
94.0,left_distal_positive,小腿004,left_wheel,MISUMI_CBSTSR4-16_内六角螺栓（盖螺栓）,True,0.0,0.09999999941247163,0.0,0.0,0.0
94.0,right_proximal_negative,大腿垫高001,right_distal_negative,小腿010,True,0.0,20.631055168501312,0.0,0.0,0.0
94.0,right_proximal_negative,大腿003,right_distal_negative,推力轴承004,True,0.0,1.2789769243681803e-13,0.0,0.0,0.0
94.0,right_proximal_negative,大腿003,right_distal_negative,小腿009,True,2.0,2.0,0.0,0.0,0.0
94.0,right_proximal_negative,大腿003,right_distal_negative,小腿010,True,1.0,1.0,0.0,0.0,0.0
94.0,right_proximal_negative,大腿003,right_distal_negative,"hex nuts, style 1-grades ab gb_GB_FASTENER_NUT_SNAB1 M4-C005",True,1.1368683772161603e-13,1.4210854715202004e-13,0.0,0.0,0.0
94.0,right_proximal_negative,大腿003,right_distal_negative,cross recessed pan head screws gb_GB_CROSS_SCREWS_TYPE1 M4X16-16  H type-C003,True,0.0,0.0999999998067965,0.0,0.0,0.0
94.0,right_proximal_negative,大腿垫高001,right_distal_positive,小腿007,False,0.0,62.38355993527544,0.0,0.0,0.0
94.0,right_proximal_negative,大腿003,right_distal_positive,小腿007,False,0.0,62.38355993527541,0.0,0.0,0.0
94.0,right_proximal_positive,大腿002,right_distal_negative,小腿010,False,0.0,62.383559935495036,0.0,0.0,0.0
94.0,right_proximal_positive,大腿002,right_distal_positive,推力轴承003,True,0.0,0.0,0.0,0.0,0.0
94.0,right_proximal_positive,大腿002,right_distal_positive,小腿007,True,1.0,1.0000000000000142,0.0,0.0,0.0
94.0,right_proximal_positive,大腿002,right_distal_positive,cross recessed pan head screws gb_GB_CROSS_SCREWS_TYPE1 M4X16-16  H type-C002,True,0.0,0.09999999983199855,0.0,0.0,0.0
94.0,right_proximal_positive,大腿002,right_distal_positive,"hex nuts, style 1-grades ab gb_GB_FASTENER_NUT_SNAB1 M4-C003",True,0.0,1.4210854715202004e-14,0.0,0.0,0.0
94.0,right_distal_negative,小腿010,right_distal_positive,小腿007,True,1.0000000000000142,1.0000000000000142,0.0,0.0,0.0
94.0,right_distal_negative,小腿010,right_wheel,推力轴承005,True,0.0,1.4210854715202004e-14,0.0,0.0,0.0
94.0,right_distal_negative,小腿010,right_wheel,MISUMI_C-SE604ZZ_不锈钢小径滚珠轴承004,True,0.0,1.4210854715202004e-14,0.0,0.0,0.0
94.0,right_distal_negative,小腿010,right_wheel,MISUMI_CBSTSR4-16_内六角螺栓（盖螺栓）001,True,0.0,0.09999999974321525,0.0,0.0,0.0
94.0,right_distal_positive,小腿007,right_wheel,推力轴承005,True,0.0,0.0,0.0,0.0,0.0
94.0,right_distal_positive,小腿007,right_wheel,驱动板005,True,0.4999999999998863,0.49999999999991473,0.0,0.0,0.0
94.0,right_distal_positive,小腿007,right_wheel,MISUMI_CBSTSR4-16_内六角螺栓（盖螺栓）001,True,0.0,0.0,0.0,0.0,0.0
95.0,edulite_left_negative,00_1-1305_1_1,left_proximal_negative,大腿,True,0.0,5.684341886080802e-14,0.0,0.0,0.0
95.0,edulite_left_negative,100_1_1_1,left_proximal_negative,大腿,True,1.499999999999858,1.499999999999858,0.0,0.0,0.0
95.0,edulite_left_negative,000_1-4238_1_1,left_proximal_negative,大腿,True,0.0,0.0,0.0,0.0,0.0
95.0,edulite_left_negative,00_1-4459_1_1,left_proximal_negative,大腿,True,0.0,0.0,0.0,0.0,0.0
95.0,edulite_left_negative,00_1-4459_1_001,left_proximal_negative,大腿,True,0.0,0.0,0.0,0.0,0.0
95.0,edulite_left_negative,00_1-4459_1_002,left_proximal_negative,大腿,True,0.0,0.0,0.0,0.0,0.0
95.0,edulite_left_negative,200_1_1_1,left_proximal_negative,大腿,True,0.9999999999998579,3.1622776549938285,0.0,0.0,0.0
95.0,edulite_left_negative,00_1-8689_1_1,left_proximal_negative,大腿,True,0.9999999999998579,0.9999999999998579,0.0,0.0,0.0
95.0,edulite_left_negative,00_1-1305_1_1,left_distal_positive,小腿004,False,0.0,55.908805762986965,0.0,0.0,0.0
95.0,edulite_left_negative,100_1_1_1,left_distal_positive,小腿004,False,1.5,60.42662136607307,0.0,0.0,0.0
95.0,edulite_left_negative,000_1-4238_1_1,left_distal_positive,小腿004,False,0.0,62.90998787230812,0.0,0.0,0.0
95.0,edulite_left_negative,00_1-8689_1_1,left_distal_positive,小腿004,False,1.0,60.016332518896284,0.0,0.0,0.0
95.0,edulite_left_positive,00_1-1305_1_1,left_proximal_positive,大腿垫高,True,1.4210854715202004e-14,2.5495097529034645,0.0,0.0,0.0
95.0,edulite_left_positive,100_1_1_1,left_proximal_positive,大腿垫高,True,1.5000000000000142,1.5000000000000142,0.0,0.0,0.0
95.0,edulite_left_positive,000_1-4238_1_1,left_proximal_positive,大腿垫高,True,1.4210854715202004e-14,0.0,0.0,0.0,0.0
95.0,edulite_left_positive,00_1-4459_1_1,left_proximal_positive,大腿垫高,True,0.0,0.0,0.0,0.0,0.0
95.0,edulite_left_positive,00_1-4459_1_001,left_proximal_positive,大腿垫高,True,0.0,0.0,0.0,0.0,0.0
95.0,edulite_left_positive,00_1-4459_1_002,left_proximal_positive,大腿垫高,True,0.0,0.0,0.0,0.0,0.0
95.0,edulite_left_positive,200_1_1_1,left_proximal_positive,大腿垫高,True,1.0000000000000142,3.162277656235201,0.0,0.0,0.0
95.0,edulite_left_positive,00_1-8689_1_1,left_proximal_positive,大腿垫高,True,1.0000000000000142,2.1470910512891646,0.0,0.0,0.0
95.0,edulite_left_positive,00_1-1305_1_1,left_distal_positive,小腿004,False,0.0,13.972598733947422,0.0,0.0,0.0
95.0,edulite_left_positive,100_1_1_1,left_distal_positive,小腿004,False,1.5,18.53018929589713,0.0,0.0,0.0
95.0,edulite_left_positive,000_1-4238_1_1,left_distal_positive,小腿004,False,0.0,20.9753379998866,0.0,0.0,0.0
95.0,edulite_left_positive,00_1-4459_1_002,left_distal_positive,小腿004,False,0.5928883341302544,28.59283589927096,0.0,0.0,0.0
95.0,edulite_left_positive,00_1-8689_1_1,left_distal_positive,小腿004,False,1.0,18.097027742779968,0.0,0.0,0.0
95.0,edulite_right_negative,00_1-1305_1_1,right_proximal_negative,大腿垫高001,True,2.842170943040401e-14,2.549509752903596,0.0,0.0,0.0
95.0,edulite_right_negative,100_1_1_1,right_proximal_negative,大腿垫高001,True,1.5000000000000284,1.5000000000000284,0.0,0.0,0.0
95.0,edulite_right_negative,000_1-4238_1_1,right_proximal_negative,大腿垫高001,True,2.842170943040401e-14,0.0,0.0,0.0,0.0
95.0,edulite_right_negative,00_1-4459_1_1,right_proximal_negative,大腿垫高001,True,0.0,0.0,0.0,0.0,0.0
95.0,edulite_right_negative,00_1-4459_1_001,right_proximal_negative,大腿垫高001,True,0.0,0.0,0.0,0.0,0.0
95.0,edulite_right_negative,00_1-4459_1_002,right_proximal_negative,大腿垫高001,True,0.0,0.0,0.0,0.0,0.0
95.0,edulite_right_negative,200_1_1_1,right_proximal_negative,大腿垫高001,True,1.0000000000000284,3.162277656235293,0.0,0.0,0.0
95.0,edulite_right_negative,00_1-8689_1_1,right_proximal_negative,大腿垫高001,True,1.0000000000000284,2.1470910512892667,0.0,0.0,0.0
95.0,edulite_right_negative,00_1-1305_1_1,right_distal_negative,小腿010,False,0.0,13.972598734076254,0.0,0.0,0.0
95.0,edulite_right_negative,100_1_1_1,right_distal_negative,小腿010,False,1.5,18.53018929602556,0.0,0.0,0.0
95.0,edulite_right_negative,000_1-4238_1_1,right_distal_negative,小腿010,False,0.0,20.975338000015423,0.0,0.0,0.0
95.0,edulite_right_negative,00_1-4459_1_002,right_distal_negative,小腿010,False,0.5928883343452895,28.592835899412467,0.0,0.0,0.0
95.0,edulite_right_negative,00_1-8689_1_1,right_distal_negative,小腿010,False,1.0,18.09702774290862,0.0,0.0,0.0
95.0,edulite_right_positive,00_1-1305_1_1,right_proximal_positive,大腿002,True,1.4210854715202004e-14,1.4210854715202004e-14,0.0,0.0,0.0
95.0,edulite_right_positive,100_1_1_1,right_proximal_positive,大腿002,True,1.5000000000000142,1.5000000000000142,0.0,0.0,0.0
95.0,edulite_right_positive,000_1-4238_1_1,right_proximal_positive,大腿002,True,1.4210854715202004e-14,0.0,0.0,0.0,0.0
95.0,edulite_right_positive,00_1-4459_1_1,right_proximal_positive,大腿002,True,0.0,0.0,0.0,0.0,0.0
95.0,edulite_right_positive,00_1-4459_1_001,right_proximal_positive,大腿002,True,0.0,0.0,0.0,0.0,0.0
95.0,edulite_right_positive,00_1-4459_1_002,right_proximal_positive,大腿002,True,0.0,0.0,0.0,0.0,0.0
95.0,edulite_right_positive,200_1_1_1,right_proximal_positive,大腿002,True,1.0000000000000142,3.162277654993724,0.0,0.0,0.0
95.0,edulite_right_positive,00_1-8689_1_1,right_proximal_positive,大腿002,True,1.0000000000000142,1.0000000000000142,0.0,0.0,0.0
95.0,edulite_right_positive,00_1-1305_1_1,right_distal_negative,小腿010,False,0.0,55.908805763204256,0.0,0.0,0.0
95.0,edulite_right_positive,100_1_1_1,right_distal_negative,小腿010,False,1.5,60.4266213662903,0.0,0.0,0.0
95.0,edulite_right_positive,000_1-4238_1_1,right_distal_negative,小腿010,False,0.0,62.90998787252541,0.0,0.0,0.0
95.0,edulite_right_positive,00_1-8689_1_1,right_distal_negative,小腿010,False,1.0,60.01633251911354,0.0,0.0,0.0
95.0,left_proximal_negative,大腿,left_distal_negative,推力轴承,True,0.0,1.2789769243681803e-13,0.0,0.0,0.0
95.0,left_proximal_negative,大腿,left_distal_negative,小腿001,True,1.0000000000001137,1.000000000000142,0.0,0.0,0.0
95.0,left_proximal_negative,大腿,left_distal_negative,cross recessed pan head screws gb_GB_CROSS_SCREWS_TYPE1 M4X16-16  H type-C,True,0.0,0.09999999979302325,0.0,0.0,0.0
95.0,left_proximal_negative,大腿,left_distal_negative,"hex nuts, style 1-grades ab gb_GB_FASTENER_NUT_SNAB1 M4-C",True,0.0,1.1368683772161603e-13,0.0,0.0,0.0
95.0,left_proximal_negative,大腿,left_distal_positive,小腿004,False,0.0,62.90800088077925,0.0,0.0,0.0
95.0,left_proximal_positive,大腿垫高,left_distal_negative,小腿001,False,0.0,62.908000880995715,0.0,0.0,0.0
95.0,left_proximal_positive,大腿001,left_distal_negative,小腿001,False,0.0,62.908000880995715,0.0,0.0,0.0
95.0,left_proximal_positive,大腿垫高,left_distal_positive,小腿004,True,0.0,20.969377779281178,0.0,0.0,0.0
95.0,left_proximal_positive,大腿001,left_distal_positive,小腿004,True,1.0000000000000995,1.000000000000142,0.0,0.0,0.0
95.0,left_proximal_positive,大腿001,left_distal_positive,推力轴承001,True,0.0,1.4210854715202004e-13,0.0,0.0,0.0
95.0,left_proximal_positive,大腿001,left_distal_positive,cross recessed pan head screws gb_GB_CROSS_SCREWS_TYPE1 M4X16-16  H type-C001,True,0.0,0.09999999981643312,0.0,0.0,0.0
95.0,left_proximal_positive,大腿001,left_distal_positive,"hex nuts, style 1-grades ab gb_GB_FASTENER_NUT_SNAB1 M4-C001",True,0.0,5.684341886080802e-14,0.0,0.0,0.0
95.0,left_distal_negative,小腿001,left_distal_positive,小腿004,True,0.9999999999999858,0.9999999999999858,0.0,0.0,0.0
95.0,left_distal_negative,小腿001,left_wheel,推力轴承002,True,0.0,1.4210854715202004e-14,0.0,0.0,0.0
95.0,left_distal_negative,小腿001,left_wheel,驱动板004,True,0.4999999999998721,0.4999999999998863,0.0,0.0,0.0
95.0,left_distal_negative,小腿001,left_wheel,MISUMI_CBSTSR4-16_内六角螺栓（盖螺栓）,True,0.0,0.0,0.0,0.0,0.0
95.0,left_distal_positive,小腿004,left_wheel,推力轴承002,True,0.0,0.0,0.0,0.0,0.0
95.0,left_distal_positive,小腿004,left_wheel,MISUMI_C-SE604ZZ_不锈钢小径滚珠轴承,True,0.0,1.4210854715202004e-14,0.0,0.0,0.0
95.0,left_distal_positive,小腿004,left_wheel,MISUMI_CBSTSR4-16_内六角螺栓（盖螺栓）,True,0.0,0.09999999941220636,0.0,0.0,0.0
95.0,right_proximal_negative,大腿垫高001,right_distal_negative,小腿010,True,0.0,20.969377779409886,0.0,0.0,0.0
95.0,right_proximal_negative,大腿003,right_distal_negative,推力轴承004,True,0.0,1.2789769243681803e-13,0.0,0.0,0.0
95.0,right_proximal_negative,大腿003,right_distal_negative,小腿009,True,2.0,2.0,0.0,0.0,0.0
95.0,right_proximal_negative,大腿003,right_distal_negative,小腿010,True,1.0,1.0,0.0,0.0,0.0
95.0,right_proximal_negative,大腿003,right_distal_negative,"hex nuts, style 1-grades ab gb_GB_FASTENER_NUT_SNAB1 M4-C005",True,1.1368683772161603e-13,1.4210854715202004e-13,0.0,0.0,0.0
95.0,right_proximal_negative,大腿003,right_distal_negative,cross recessed pan head screws gb_GB_CROSS_SCREWS_TYPE1 M4X16-16  H type-C003,True,0.0,0.09999999983021071,0.0,0.0,0.0
95.0,right_proximal_negative,大腿垫高001,right_distal_positive,小腿007,False,0.0,62.90800088077921,0.0,0.0,0.0
95.0,right_proximal_negative,大腿003,right_distal_positive,小腿007,False,0.0,62.90800088077918,0.0,0.0,0.0
95.0,right_proximal_positive,大腿002,right_distal_negative,小腿010,False,0.0,62.908000880996596,0.0,0.0,0.0
95.0,right_proximal_positive,大腿002,right_distal_positive,推力轴承003,True,0.0,0.0,0.0,0.0,0.0
95.0,right_proximal_positive,大腿002,right_distal_positive,小腿007,True,1.0,1.0000000000000142,0.0,0.0,0.0
95.0,right_proximal_positive,大腿002,right_distal_positive,cross recessed pan head screws gb_GB_CROSS_SCREWS_TYPE1 M4X16-16  H type-C002,True,0.0,0.09999999983564274,0.0,0.0,0.0
95.0,right_proximal_positive,大腿002,right_distal_positive,"hex nuts, style 1-grades ab gb_GB_FASTENER_NUT_SNAB1 M4-C003",True,0.0,1.4210854715202004e-14,0.0,0.0,0.0
95.0,right_distal_negative,小腿010,right_distal_positive,小腿007,True,1.0000000000000142,1.0000000000000142,0.0,0.0,0.0
95.0,right_distal_negative,小腿010,right_wheel,推力轴承005,True,0.0,1.4210854715202004e-14,0.0,0.0,0.0
95.0,right_distal_negative,小腿010,right_wheel,MISUMI_C-SE604ZZ_不锈钢小径滚珠轴承004,True,0.0,1.4210854715202004e-14,0.0,0.0,0.0
95.0,right_distal_negative,小腿010,right_wheel,MISUMI_CBSTSR4-16_内六角螺栓（盖螺栓）001,True,0.0,0.09999999974343204,0.0,0.0,0.0
95.0,right_distal_positive,小腿007,right_wheel,推力轴承005,True,0.0,0.0,0.0,0.0,0.0
95.0,right_distal_positive,小腿007,right_wheel,驱动板005,True,0.4999999999998863,0.49999999999991473,0.0,0.0,0.0
95.0,right_distal_positive,小腿007,right_wheel,MISUMI_CBSTSR4-16_内六角螺栓（盖螺栓）001,True,0.0,0.0,0.0,0.0,0.0
96.0,edulite_left_negative,00_1-1305_1_1,left_proximal_negative,大腿,True,0.0,5.684341886080802e-14,0.0,0.0,0.0
96.0,edulite_left_negative,100_1_1_1,left_proximal_negative,大腿,True,1.499999999999858,1.499999999999858,0.0,0.0,0.0
96.0,edulite_left_negative,000_1-4238_1_1,left_proximal_negative,大腿,True,0.0,0.0,0.0,0.0,0.0
96.0,edulite_left_negative,00_1-4459_1_1,left_proximal_negative,大腿,True,0.0,0.0,0.0,0.0,0.0
96.0,edulite_left_negative,00_1-4459_1_001,left_proximal_negative,大腿,True,0.0,0.0,0.0,0.0,0.0
96.0,edulite_left_negative,00_1-4459_1_002,left_proximal_negative,大腿,True,0.0,0.0,0.0,0.0,0.0
96.0,edulite_left_negative,200_1_1_1,left_proximal_negative,大腿,True,0.9999999999998579,3.1622776549691856,0.0,0.0,0.0
96.0,edulite_left_negative,00_1-8689_1_1,left_proximal_negative,大腿,True,0.9999999999998579,0.9999999999998579,0.0,0.0,0.0
96.0,edulite_left_negative,00_1-1305_1_1,left_distal_positive,小腿004,False,0.0,56.42067610984879,0.0,0.0,0.0
96.0,edulite_left_negative,100_1_1_1,left_distal_positive,小腿004,False,1.5,60.93834260472481,0.0,0.0,0.0
96.0,edulite_left_negative,000_1-4238_1_1,left_distal_positive,小腿004,False,0.0,63.421849484480724,0.0,0.0,0.0
96.0,edulite_left_negative,00_1-8689_1_1,left_distal_positive,小腿004,False,1.0,60.52813970866286,0.0,0.0,0.0
96.0,edulite_left_positive,00_1-1305_1_1,left_proximal_positive,大腿垫高,True,1.4210854715202004e-14,2.549509752903468,0.0,0.0,0.0
96.0,edulite_left_positive,100_1_1_1,left_proximal_positive,大腿垫高,True,1.5000000000000142,1.5000000000000142,0.0,0.0,0.0
96.0,edulite_left_positive,000_1-4238_1_1,left_proximal_positive,大腿垫高,True,1.4210854715202004e-14,0.0,0.0,0.0,0.0
96.0,edulite_left_positive,00_1-4459_1_1,left_proximal_positive,大腿垫高,True,0.0,0.0,0.0,0.0,0.0
96.0,edulite_left_positive,00_1-4459_1_001,left_proximal_positive,大腿垫高,True,0.0,0.0,0.0,0.0,0.0
96.0,edulite_left_positive,00_1-4459_1_002,left_proximal_positive,大腿垫高,True,0.0,0.0,0.0,0.0,0.0
96.0,edulite_left_positive,200_1_1_1,left_proximal_positive,大腿垫高,True,1.0000000000000142,3.162277656235201,0.0,0.0,0.0
96.0,edulite_left_positive,00_1-8689_1_1,left_proximal_positive,大腿垫高,True,1.0000000000000142,2.1470910512891628,0.0,0.0,0.0
96.0,edulite_left_positive,00_1-1305_1_1,left_distal_positive,小腿004,False,0.0,14.294573498177671,0.0,0.0,0.0
96.0,edulite_left_positive,100_1_1_1,left_distal_positive,小腿004,False,1.5,18.851197771710595,0.0,0.0,0.0
96.0,edulite_left_positive,000_1-4238_1_1,left_distal_positive,小腿004,False,0.0,21.29729520259956,0.0,0.0,0.0
96.0,edulite_left_positive,00_1-4459_1_002,left_distal_positive,小腿004,False,1.2606852757754794,28.94215509877183,0.0,0.0,0.0
96.0,edulite_left_positive,00_1-8689_1_1,left_distal_positive,小腿004,False,1.0,18.418591622194754,0.0,0.0,0.0
96.0,edulite_right_negative,00_1-1305_1_1,right_proximal_negative,大腿垫高001,True,2.842170943040401e-14,2.549509752903589,0.0,0.0,0.0
96.0,edulite_right_negative,100_1_1_1,right_proximal_negative,大腿垫高001,True,1.5000000000000284,1.5000000000000284,0.0,0.0,0.0
96.0,edulite_right_negative,000_1-4238_1_1,right_proximal_negative,大腿垫高001,True,2.842170943040401e-14,0.0,0.0,0.0,0.0
96.0,edulite_right_negative,00_1-4459_1_1,right_proximal_negative,大腿垫高001,True,0.0,0.0,0.0,0.0,0.0
96.0,edulite_right_negative,00_1-4459_1_001,right_proximal_negative,大腿垫高001,True,0.0,0.0,0.0,0.0,0.0
96.0,edulite_right_negative,00_1-4459_1_002,right_proximal_negative,大腿垫高001,True,0.0,0.0,0.0,0.0,0.0
96.0,edulite_right_negative,200_1_1_1,right_proximal_negative,大腿垫高001,True,1.0000000000000284,3.162277656235293,0.0,0.0,0.0
96.0,edulite_right_negative,00_1-8689_1_1,right_proximal_negative,大腿垫高001,True,1.0000000000000284,2.1470910512892654,0.0,0.0,0.0
96.0,edulite_right_negative,00_1-1305_1_1,right_distal_negative,小腿010,False,0.0,14.294573498304617,0.0,0.0,0.0
96.0,edulite_right_negative,100_1_1_1,right_distal_negative,小腿010,False,1.5,18.851197771837167,0.0,0.0,0.0
96.0,edulite_right_negative,000_1-4238_1_1,right_distal_negative,小腿010,False,0.0,21.297295202726506,0.0,0.0,0.0
96.0,edulite_right_negative,00_1-4459_1_002,right_distal_negative,小腿010,False,1.2606852759908946,28.94215509891152,0.0,0.0,0.0
96.0,edulite_right_negative,00_1-8689_1_1,right_distal_negative,小腿010,False,1.0,18.418591622321536,0.0,0.0,0.0
96.0,edulite_right_positive,00_1-1305_1_1,right_proximal_positive,大腿002,True,1.4210854715202004e-14,1.4210854715202004e-14,0.0,0.0,0.0
96.0,edulite_right_positive,100_1_1_1,right_proximal_positive,大腿002,True,1.5000000000000142,1.5000000000000142,0.0,0.0,0.0
96.0,edulite_right_positive,000_1-4238_1_1,right_proximal_positive,大腿002,True,1.4210854715202004e-14,0.0,0.0,0.0,0.0
96.0,edulite_right_positive,00_1-4459_1_1,right_proximal_positive,大腿002,True,0.0,0.0,0.0,0.0,0.0
96.0,edulite_right_positive,00_1-4459_1_001,right_proximal_positive,大腿002,True,0.0,0.0,0.0,0.0,0.0
96.0,edulite_right_positive,00_1-4459_1_002,right_proximal_positive,大腿002,True,0.0,0.0,0.0,0.0,0.0
96.0,edulite_right_positive,200_1_1_1,right_proximal_positive,大腿002,True,1.0000000000000142,3.1622776549690728,0.0,0.0,0.0
96.0,edulite_right_positive,00_1-8689_1_1,right_proximal_positive,大腿002,True,1.0000000000000142,1.0000000000000142,0.0,0.0,0.0
96.0,edulite_right_positive,00_1-1305_1_1,right_distal_negative,小腿010,False,0.0,56.4206761100638,0.0,0.0,0.0
96.0,edulite_right_positive,100_1_1_1,right_distal_negative,小腿010,False,1.5,60.938342604939756,0.0,0.0,0.0
96.0,edulite_right_positive,000_1-4238_1_1,right_distal_negative,小腿010,False,0.0,63.421849484695734,0.0,0.0,0.0
96.0,edulite_right_positive,00_1-8689_1_1,right_distal_negative,小腿010,False,1.0,60.528139708877845,0.0,0.0,0.0
96.0,left_proximal_negative,大腿,left_distal_negative,推力轴承,True,0.0,1.2789769243681803e-13,0.0,0.0,0.0
96.0,left_proximal_negative,大腿,left_distal_negative,小腿001,True,1.0000000000001137,1.000000000000142,0.0,0.0,0.0
96.0,left_proximal_negative,大腿,left_distal_negative,cross recessed pan head screws gb_GB_CROSS_SCREWS_TYPE1 M4X16-16  H type-C,True,0.0,0.09999999981197712,0.0,0.0,0.0
96.0,left_proximal_negative,大腿,left_distal_negative,"hex nuts, style 1-grades ab gb_GB_FASTENER_NUT_SNAB1 M4-C",True,0.0,1.1368683772161603e-13,0.0,0.0,0.0
96.0,left_proximal_negative,大腿,left_distal_positive,小腿004,False,0.0,63.41987853000139,0.0,0.0,0.0
96.0,left_proximal_positive,大腿垫高,left_distal_negative,小腿001,False,0.0,63.419878530215584,0.0,0.0,0.0
96.0,left_proximal_positive,大腿001,left_distal_negative,小腿001,False,0.0,63.419878530215584,0.0,0.0,0.0
96.0,left_proximal_positive,大腿垫高,left_distal_positive,小腿004,True,0.0,21.29142510944437,0.0,0.0,0.0
96.0,left_proximal_positive,大腿001,left_distal_positive,小腿004,True,1.0000000000000995,1.000000000000142,0.0,0.0,0.0
96.0,left_proximal_positive,大腿001,left_distal_positive,推力轴承001,True,0.0,1.4210854715202004e-13,0.0,0.0,0.0
96.0,left_proximal_positive,大腿001,left_distal_positive,cross recessed pan head screws gb_GB_CROSS_SCREWS_TYPE1 M4X16-16  H type-C001,True,0.0,0.09999999982741656,0.0,0.0,0.0
96.0,left_proximal_positive,大腿001,left_distal_positive,"hex nuts, style 1-grades ab gb_GB_FASTENER_NUT_SNAB1 M4-C001",True,0.0,5.684341886080802e-14,0.0,0.0,0.0
96.0,left_distal_negative,小腿001,left_distal_positive,小腿004,True,0.9999999999999858,0.9999999999999858,0.0,0.0,0.0
96.0,left_distal_negative,小腿001,left_wheel,推力轴承002,True,0.0,1.4210854715202004e-14,0.0,0.0,0.0
96.0,left_distal_negative,小腿001,left_wheel,驱动板004,True,0.4999999999998721,0.4999999999998863,0.0,0.0,0.0
96.0,left_distal_negative,小腿001,left_wheel,MISUMI_CBSTSR4-16_内六角螺栓（盖螺栓）,True,0.0,0.0,0.0,0.0,0.0
96.0,left_distal_positive,小腿004,left_wheel,推力轴承002,True,0.0,0.0,0.0,0.0,0.0
96.0,left_distal_positive,小腿004,left_wheel,MISUMI_C-SE604ZZ_不锈钢小径滚珠轴承,True,0.0,1.4210854715202004e-14,0.0,0.0,0.0
96.0,left_distal_positive,小腿004,left_wheel,MISUMI_CBSTSR4-16_内六角螺栓（盖螺栓）,True,0.0,0.09999999941198902,0.0,0.0,0.0
96.0,right_proximal_negative,大腿垫高001,right_distal_negative,小腿010,True,0.0,21.29142510957119,0.0,0.0,0.0
96.0,right_proximal_negative,大腿003,right_distal_negative,推力轴承004,True,0.0,1.2789769243681803e-13,0.0,0.0,0.0
96.0,right_proximal_negative,大腿003,right_distal_negative,小腿009,True,2.0,2.0,0.0,0.0,0.0
96.0,right_proximal_negative,大腿003,right_distal_negative,小腿010,True,1.0,1.0,0.0,0.0,0.0
96.0,right_proximal_negative,大腿003,right_distal_negative,"hex nuts, style 1-grades ab gb_GB_FASTENER_NUT_SNAB1 M4-C005",True,1.1368683772161603e-13,1.4210854715202004e-13,0.0,0.0,0.0
96.0,right_proximal_negative,大腿003,right_distal_negative,cross recessed pan head screws gb_GB_CROSS_SCREWS_TYPE1 M4X16-16  H type-C003,True,0.0,0.09999999987687547,0.0,0.0,0.0
96.0,right_proximal_negative,大腿垫高001,right_distal_positive,小腿007,False,0.0,63.41987853000136,0.0,0.0,0.0
96.0,right_proximal_negative,大腿003,right_distal_positive,小腿007,False,0.0,63.41987853000133,0.0,0.0,0.0
96.0,right_proximal_positive,大腿002,right_distal_negative,小腿010,False,0.0,63.41987853021646,0.0,0.0,0.0
96.0,right_proximal_positive,大腿002,right_distal_positive,推力轴承003,True,0.0,0.0,0.0,0.0,0.0
96.0,right_proximal_positive,大腿002,right_distal_positive,小腿007,True,1.0,1.0000000000000142,0.0,0.0,0.0
96.0,right_proximal_positive,大腿002,right_distal_positive,cross recessed pan head screws gb_GB_CROSS_SCREWS_TYPE1 M4X16-16  H type-C002,True,0.0,0.0999999998445765,0.0,0.0,0.0
96.0,right_proximal_positive,大腿002,right_distal_positive,"hex nuts, style 1-grades ab gb_GB_FASTENER_NUT_SNAB1 M4-C003",True,0.0,1.4210854715202004e-14,0.0,0.0,0.0
96.0,right_distal_negative,小腿010,right_distal_positive,小腿007,True,1.0000000000000142,1.0000000000000142,0.0,0.0,0.0
96.0,right_distal_negative,小腿010,right_wheel,推力轴承005,True,0.0,1.4210854715202004e-14,0.0,0.0,0.0
96.0,right_distal_negative,小腿010,right_wheel,MISUMI_C-SE604ZZ_不锈钢小径滚珠轴承004,True,0.0,1.4210854715202004e-14,0.0,0.0,0.0
96.0,right_distal_negative,小腿010,right_wheel,MISUMI_CBSTSR4-16_内六角螺栓（盖螺栓）001,True,0.0,0.09999999974367893,0.0,0.0,0.0
96.0,right_distal_positive,小腿007,right_wheel,推力轴承005,True,0.0,0.0,0.0,0.0,0.0
96.0,right_distal_positive,小腿007,right_wheel,驱动板005,True,0.4999999999998863,0.49999999999991473,0.0,0.0,0.0
96.0,right_distal_positive,小腿007,right_wheel,MISUMI_CBSTSR4-16_内六角螺栓（盖螺栓）001,True,0.0,0.0,0.0,0.0,0.0
97.0,edulite_left_negative,00_1-1305_1_1,left_proximal_negative,大腿,True,0.0,5.684341886080802e-14,0.0,0.0,0.0
97.0,edulite_left_negative,100_1_1_1,left_proximal_negative,大腿,True,1.499999999999858,1.499999999999858,0.0,0.0,0.0
97.0,edulite_left_negative,000_1-4238_1_1,left_proximal_negative,大腿,True,0.0,0.0,0.0,0.0,0.0
97.0,edulite_left_negative,00_1-4459_1_1,left_proximal_negative,大腿,True,0.0,0.0,0.0,0.0,0.0
97.0,edulite_left_negative,00_1-4459_1_001,left_proximal_negative,大腿,True,0.0,0.0,0.0,0.0,0.0
97.0,edulite_left_negative,00_1-4459_1_002,left_proximal_negative,大腿,True,0.0,0.0,0.0,0.0,0.0
97.0,edulite_left_negative,200_1_1_1,left_proximal_negative,大腿,True,0.9999999999998579,3.162277654945734,0.0,0.0,0.0
97.0,edulite_left_negative,00_1-8689_1_1,left_proximal_negative,大腿,True,0.9999999999998579,0.9999999999998579,0.0,0.0,0.0
97.0,edulite_left_negative,00_1-1305_1_1,left_distal_positive,小腿004,False,0.0,56.91965499614476,0.0,0.0,0.0
97.0,edulite_left_negative,100_1_1_1,left_distal_positive,小腿004,False,1.5,61.43717852004139,0.0,0.0,0.0
97.0,edulite_left_negative,000_1-4238_1_1,left_distal_positive,小腿004,False,0.0,63.92081997687744,0.0,0.0,0.0
97.0,edulite_left_negative,00_1-8689_1_1,left_distal_positive,小腿004,False,1.0,61.02705803970372,0.0,0.0,0.0
97.0,edulite_left_positive,00_1-1305_1_1,left_proximal_positive,大腿垫高,True,1.4210854715202004e-14,2.549509752903468,0.0,0.0,0.0
97.0,edulite_left_positive,100_1_1_1,left_proximal_positive,大腿垫高,True,1.5000000000000142,1.5000000000000142,0.0,0.0,0.0
97.0,edulite_left_positive,000_1-4238_1_1,left_proximal_positive,大腿垫高,True,1.4210854715202004e-14,0.0,0.0,0.0,0.0
97.0,edulite_left_positive,00_1-4459_1_1,left_proximal_positive,大腿垫高,True,0.0,0.0,0.0,0.0,0.0
97.0,edulite_left_positive,00_1-4459_1_001,left_proximal_positive,大腿垫高,True,0.0,0.0,0.0,0.0,0.0
97.0,edulite_left_positive,00_1-4459_1_002,left_proximal_positive,大腿垫高,True,0.0,0.0,0.0,0.0,0.0
97.0,edulite_left_positive,200_1_1_1,left_proximal_positive,大腿垫高,True,1.0000000000000142,3.162277656235201,0.0,0.0,0.0
97.0,edulite_left_positive,00_1-8689_1_1,left_proximal_positive,大腿垫高,True,1.0000000000000142,2.1470910512891628,0.0,0.0,0.0
97.0,edulite_left_positive,00_1-1305_1_1,left_distal_positive,小腿004,False,0.0,14.600064051952529,0.0,0.0,0.0
97.0,edulite_left_positive,100_1_1_1,left_distal_positive,小腿004,False,1.5,19.15580079912416,0.0,0.0,0.0
97.0,edulite_left_positive,000_1-4238_1_1,left_distal_positive,小腿004,False,0.0,21.602768618794567,0.0,0.0,0.0
97.0,edulite_left_positive,00_1-4459_1_002,left_distal_positive,小腿004,False,1.9221837667278514,29.275752914500483,0.0,0.0,0.0
97.0,edulite_left_positive,00_1-8689_1_1,left_distal_positive,小腿004,False,1.0,18.723704735364045,0.0,0.0,0.0
97.0,edulite_right_negative,00_1-1305_1_1,right_proximal_negative,大腿垫高001,True,2.842170943040401e-14,2.549509752903582,0.0,0.0,0.0
97.0,edulite_right_negative,100_1_1_1,right_proximal_negative,大腿垫高001,True,1.5000000000000284,1.5000000000000284,0.0,0.0,0.0
97.0,edulite_right_negative,000_1-4238_1_1,right_proximal_negative,大腿垫高001,True,2.842170943040401e-14,0.0,0.0,0.0,0.0
97.0,edulite_right_negative,00_1-4459_1_1,right_proximal_negative,大腿垫高001,True,0.0,0.0,0.0,0.0,0.0
97.0,edulite_right_negative,00_1-4459_1_001,right_proximal_negative,大腿垫高001,True,0.0,0.0,0.0,0.0,0.0
97.0,edulite_right_negative,00_1-4459_1_002,right_proximal_negative,大腿垫高001,True,0.0,0.0,0.0,0.0,0.0
97.0,edulite_right_negative,200_1_1_1,right_proximal_negative,大腿垫高001,True,1.0000000000000284,3.162277656235293,0.0,0.0,0.0
97.0,edulite_right_negative,00_1-8689_1_1,right_proximal_negative,大腿垫高001,True,1.0000000000000284,2.1470910512892667,0.0,0.0,0.0
97.0,edulite_right_negative,00_1-1305_1_1,right_distal_negative,小腿010,False,0.0,14.600064052077599,0.0,0.0,0.0
97.0,edulite_right_negative,100_1_1_1,right_distal_negative,小腿010,False,1.5,19.15580079924887,0.0,0.0,0.0
97.0,edulite_right_negative,000_1-4238_1_1,right_distal_negative,小腿010,False,0.0,21.602768618919626,0.0,0.0,0.0
97.0,edulite_right_negative,00_1-4459_1_002,right_distal_negative,小腿010,False,1.9221837669436468,29.27575291463835,0.0,0.0,0.0
97.0,edulite_right_negative,00_1-8689_1_1,right_distal_negative,小腿010,False,1.0,18.723704735488962,0.0,0.0,0.0
97.0,edulite_right_positive,00_1-1305_1_1,right_proximal_positive,大腿002,True,1.4210854715202004e-14,1.4210854715202004e-14,0.0,0.0,0.0
97.0,edulite_right_positive,100_1_1_1,right_proximal_positive,大腿002,True,1.5000000000000142,1.5000000000000142,0.0,0.0,0.0
97.0,edulite_right_positive,000_1-4238_1_1,right_proximal_positive,大腿002,True,1.4210854715202004e-14,0.0,0.0,0.0,0.0
97.0,edulite_right_positive,00_1-4459_1_1,right_proximal_positive,大腿002,True,0.0,0.0,0.0,0.0,0.0
97.0,edulite_right_positive,00_1-4459_1_001,right_proximal_positive,大腿002,True,0.0,0.0,0.0,0.0,0.0
97.0,edulite_right_positive,00_1-4459_1_002,right_proximal_positive,大腿002,True,0.0,0.0,0.0,0.0,0.0
97.0,edulite_right_positive,200_1_1_1,right_proximal_positive,大腿002,True,1.0000000000000142,3.1622776549456253,0.0,0.0,0.0
97.0,edulite_right_positive,00_1-8689_1_1,right_proximal_positive,大腿002,True,1.0000000000000142,1.0000000000000142,0.0,0.0,0.0
97.0,edulite_right_positive,00_1-1305_1_1,right_distal_negative,小腿010,False,0.0,56.919654996357515,0.0,0.0,0.0
97.0,edulite_right_positive,100_1_1_1,right_distal_negative,小腿010,False,1.5,61.43717852025408,0.0,0.0,0.0
97.0,edulite_right_positive,000_1-4238_1_1,right_distal_negative,小腿010,False,0.0,63.920819977090176,0.0,0.0,0.0
97.0,edulite_right_positive,00_1-8689_1_1,right_distal_negative,小腿010,False,1.0,61.02705803991644,0.0,0.0,0.0
97.0,left_proximal_negative,大腿,left_distal_negative,推力轴承,True,0.0,1.2789769243681803e-13,0.0,0.0,0.0
97.0,left_proximal_negative,大腿,left_distal_negative,小腿001,True,1.0000000000001137,1.000000000000142,0.0,0.0,0.0
97.0,left_proximal_negative,大腿,left_distal_negative,cross recessed pan head screws gb_GB_CROSS_SCREWS_TYPE1 M4X16-16  H type-C,True,0.0,0.09999999981854749,0.0,0.0,0.0
97.0,left_proximal_negative,大腿,left_distal_negative,"hex nuts, style 1-grades ab gb_GB_FASTENER_NUT_SNAB1 M4-C",True,0.0,1.1368683772161603e-13,0.0,0.0,0.0
97.0,left_proximal_negative,大腿,left_distal_positive,小腿004,False,0.0,63.91886440832665,0.0,0.0,0.0
97.0,left_proximal_positive,大腿垫高,left_distal_negative,小腿001,False,0.0,63.91886440853859,0.0,0.0,0.0
97.0,left_proximal_positive,大腿001,left_distal_negative,小腿001,False,0.0,63.918864408538596,0.0,0.0,0.0
97.0,left_proximal_positive,大腿垫高,left_distal_positive,小腿004,True,0.0,21.596981554029057,0.0,0.0,0.0
97.0,left_proximal_positive,大腿001,left_distal_positive,小腿004,True,1.0000000000000995,1.000000000000142,0.0,0.0,0.0
97.0,left_proximal_positive,大腿001,left_distal_positive,推力轴承001,True,0.0,1.4210854715202004e-13,0.0,0.0,0.0
97.0,left_proximal_positive,大腿001,left_distal_positive,cross recessed pan head screws gb_GB_CROSS_SCREWS_TYPE1 M4X16-16  H type-C001,True,0.0,0.09999999983462261,0.0,0.0,0.0
97.0,left_proximal_positive,大腿001,left_distal_positive,"hex nuts, style 1-grades ab gb_GB_FASTENER_NUT_SNAB1 M4-C001",True,0.0,5.684341886080802e-14,0.0,0.0,0.0
97.0,left_distal_negative,小腿001,left_distal_positive,小腿004,True,0.9999999999999858,0.9999999999999858,0.0,0.0,0.0
97.0,left_distal_negative,小腿001,left_wheel,推力轴承002,True,0.0,1.4210854715202004e-14,0.0,0.0,0.0
97.0,left_distal_negative,小腿001,left_wheel,驱动板004,True,0.4999999999998721,0.4999999999998863,0.0,0.0,0.0
97.0,left_distal_negative,小腿001,left_wheel,MISUMI_CBSTSR4-16_内六角螺栓（盖螺栓）,True,0.0,0.0,0.0,0.0,0.0
97.0,left_distal_positive,小腿004,left_wheel,推力轴承002,True,0.0,0.0,0.0,0.0,0.0
97.0,left_distal_positive,小腿004,left_wheel,MISUMI_C-SE604ZZ_不锈钢小径滚珠轴承,True,0.0,1.4210854715202004e-14,0.0,0.0,0.0
97.0,left_distal_positive,小腿004,left_wheel,MISUMI_CBSTSR4-16_内六角螺栓（盖螺栓）,True,0.0,0.09999999941170623,0.0,0.0,0.0
97.0,right_proximal_negative,大腿垫高001,right_distal_negative,小腿010,True,0.0,21.596981554154006,0.0,0.0,0.0
97.0,right_proximal_negative,大腿003,right_distal_negative,推力轴承004,True,0.0,1.2789769243681803e-13,0.0,0.0,0.0
97.0,right_proximal_negative,大腿003,right_distal_negative,小腿009,True,2.0,2.0,0.0,0.0,0.0
97.0,right_proximal_negative,大腿003,right_distal_negative,小腿010,True,1.0,1.0,0.0,0.0,0.0
97.0,right_proximal_negative,大腿003,right_distal_negative,"hex nuts, style 1-grades ab gb_GB_FASTENER_NUT_SNAB1 M4-C005",True,1.1368683772161603e-13,1.4210854715202004e-13,0.0,0.0,0.0
97.0,right_proximal_negative,大腿003,right_distal_negative,cross recessed pan head screws gb_GB_CROSS_SCREWS_TYPE1 M4X16-16  H type-C003,True,0.0,0.0999999998757642,0.0,0.0,0.0
97.0,right_proximal_negative,大腿垫高001,right_distal_positive,小腿007,False,0.0,63.91886440832663,0.0,0.0,0.0
97.0,right_proximal_negative,大腿003,right_distal_positive,小腿007,False,0.0,63.918864408326584,0.0,0.0,0.0
97.0,right_proximal_positive,大腿002,right_distal_negative,小腿010,False,0.0,63.91886440853947,0.0,0.0,0.0
97.0,right_proximal_positive,大腿002,right_distal_positive,推力轴承003,True,0.0,0.0,0.0,0.0,0.0
97.0,right_proximal_positive,大腿002,right_distal_positive,小腿007,True,1.0,1.0000000000000142,0.0,0.0,0.0
97.0,right_proximal_positive,大腿002,right_distal_positive,cross recessed pan head screws gb_GB_CROSS_SCREWS_TYPE1 M4X16-16  H type-C002,True,0.0,0.09999999984885621,0.0,0.0,0.0
97.0,right_proximal_positive,大腿002,right_distal_positive,"hex nuts, style 1-grades ab gb_GB_FASTENER_NUT_SNAB1 M4-C003",True,0.0,1.4210854715202004e-14,0.0,0.0,0.0
97.0,right_distal_negative,小腿010,right_distal_positive,小腿007,True,1.0000000000000142,1.0000000000000142,0.0,0.0,0.0
97.0,right_distal_negative,小腿010,right_wheel,推力轴承005,True,0.0,1.4210854715202004e-14,0.0,0.0,0.0
97.0,right_distal_negative,小腿010,right_wheel,MISUMI_C-SE604ZZ_不锈钢小径滚珠轴承004,True,0.0,1.4210854715202004e-14,0.0,0.0,0.0
97.0,right_distal_negative,小腿010,right_wheel,MISUMI_CBSTSR4-16_内六角螺栓（盖螺栓）001,True,0.0,0.09999999973923754,0.0,0.0,0.0
97.0,right_distal_positive,小腿007,right_wheel,推力轴承005,True,0.0,0.0,0.0,0.0,0.0
97.0,right_distal_positive,小腿007,right_wheel,驱动板005,True,0.4999999999998863,0.49999999999991473,0.0,0.0,0.0
97.0,right_distal_positive,小腿007,right_wheel,MISUMI_CBSTSR4-16_内六角螺栓（盖螺栓）001,True,0.0,0.0,0.0,0.0,0.0
98.0,fixed,底板,right_distal_negative,cross recessed pan head screws gb_GB_CROSS_SCREWS_TYPE1 M4X16-16  H type-C003,False,1.927369716724958,4.1820799601946215,0.0,0.0,0.0
98.0,edulite_left_negative,00_1-1305_1_1,left_proximal_negative,大腿,True,0.0,5.684341886080802e-14,0.0,0.0,0.0
98.0,edulite_left_negative,100_1_1_1,left_proximal_negative,大腿,True,1.499999999999858,1.499999999999858,0.0,0.0,0.0
98.0,edulite_left_negative,000_1-4238_1_1,left_proximal_negative,大腿,True,0.0,0.0,0.0,0.0,0.0
98.0,edulite_left_negative,00_1-4459_1_1,left_proximal_negative,大腿,True,0.0,0.0,0.0,0.0,0.0
98.0,edulite_left_negative,00_1-4459_1_001,left_proximal_negative,大腿,True,0.0,0.0,0.0,0.0,0.0
98.0,edulite_left_negative,00_1-4459_1_002,left_proximal_negative,大腿,True,0.0,0.0,0.0,0.0,0.0
98.0,edulite_left_negative,200_1_1_1,left_proximal_negative,大腿,True,0.9999999999998579,3.162277654923468,0.0,0.0,0.0
98.0,edulite_left_negative,00_1-8689_1_1,left_proximal_negative,大腿,True,0.9999999999998579,0.9999999999998579,0.0,0.0,0.0
98.0,edulite_left_negative,00_1-1305_1_1,left_distal_positive,小腿004,False,0.0,57.405403935649915,0.0,0.0,0.0
98.0,edulite_left_negative,100_1_1_1,left_distal_positive,小腿004,False,1.5,61.92279048381849,0.0,0.0,0.0
98.0,edulite_left_negative,000_1-4238_1_1,left_distal_positive,小腿004,False,0.0,64.4065608572818,0.0,0.0,0.0
98.0,edulite_left_negative,00_1-8689_1_1,left_distal_positive,小腿004,False,1.0,61.51274896537551,0.0,0.0,0.0
98.0,edulite_left_positive,00_1-1305_1_1,left_proximal_positive,大腿垫高,True,1.4210854715202004e-14,2.549509752903461,0.0,0.0,0.0
98.0,edulite_left_positive,100_1_1_1,left_proximal_positive,大腿垫高,True,1.5000000000000142,1.5000000000000142,0.0,0.0,0.0
98.0,edulite_left_positive,000_1-4238_1_1,left_proximal_positive,大腿垫高,True,1.4210854715202004e-14,0.0,0.0,0.0,0.0
98.0,edulite_left_positive,00_1-4459_1_1,left_proximal_positive,大腿垫高,True,0.0,0.0,0.0,0.0,0.0
98.0,edulite_left_positive,00_1-4459_1_001,left_proximal_positive,大腿垫高,True,0.0,0.0,0.0,0.0,0.0
98.0,edulite_left_positive,00_1-4459_1_002,left_proximal_positive,大腿垫高,True,0.0,0.0,0.0,0.0,0.0
98.0,edulite_left_positive,200_1_1_1,left_proximal_positive,大腿垫高,True,1.0000000000000142,3.162277656235194,0.0,0.0,0.0
98.0,edulite_left_positive,00_1-8689_1_1,left_proximal_positive,大腿垫高,True,1.0000000000000142,2.147091051289158,0.0,0.0,0.0
98.0,edulite_left_positive,00_1-1305_1_1,left_distal_positive,小腿004,False,0.0,14.888837138625837,0.0,0.0,0.0
98.0,edulite_left_positive,100_1_1_1,left_distal_positive,小腿004,False,1.5,19.44375995633519,0.0,0.0,0.0
98.0,edulite_left_positive,000_1-4238_1_1,left_distal_positive,小腿004,False,0.0,21.891525150288818,0.0,0.0,0.0
98.0,edulite_left_positive,00_1-8689_1_1,left_distal_positive,小腿004,False,1.0,19.012131645162803,0.0,0.0,0.0
98.0,edulite_right_negative,00_1-1305_1_1,right_proximal_negative,大腿垫高001,True,2.842170943040401e-14,2.549509752903582,0.0,0.0,0.0
98.0,edulite_right_negative,100_1_1_1,right_proximal_negative,大腿垫高001,True,1.5000000000000284,1.5000000000000284,0.0,0.0,0.0
98.0,edulite_right_negative,000_1-4238_1_1,right_proximal_negative,大腿垫高001,True,2.842170943040401e-14,0.0,0.0,0.0,0.0
98.0,edulite_right_negative,00_1-4459_1_1,right_proximal_negative,大腿垫高001,True,0.0,0.0,0.0,0.0,0.0
98.0,edulite_right_negative,00_1-4459_1_001,right_proximal_negative,大腿垫高001,True,0.0,0.0,0.0,0.0,0.0
98.0,edulite_right_negative,00_1-4459_1_002,right_proximal_negative,大腿垫高001,True,0.0,0.0,0.0,0.0,0.0
98.0,edulite_right_negative,200_1_1_1,right_proximal_negative,大腿垫高001,True,1.0000000000000284,3.162277656235293,0.0,0.0,0.0
98.0,edulite_right_negative,00_1-8689_1_1,right_proximal_negative,大腿垫高001,True,1.0000000000000284,2.147091051289266,0.0,0.0,0.0
98.0,edulite_right_negative,00_1-1305_1_1,right_distal_negative,小腿010,False,0.0,14.888837138749002,0.0,0.0,0.0
98.0,edulite_right_negative,100_1_1_1,right_distal_negative,小腿010,False,1.5,19.44375995645801,0.0,0.0,0.0
98.0,edulite_right_negative,000_1-4238_1_1,right_distal_negative,小腿010,False,0.0,21.891525150411976,0.0,0.0,0.0
98.0,edulite_right_negative,00_1-8689_1_1,right_distal_negative,小腿010,False,1.0,19.012131645285812,0.0,0.0,0.0
98.0,edulite_right_positive,00_1-1305_1_1,right_proximal_positive,大腿002,True,1.4210854715202004e-14,1.4210854715202004e-14,0.0,0.0,0.0
98.0,edulite_right_positive,100_1_1_1,right_proximal_positive,大腿002,True,1.5000000000000142,1.5000000000000142,0.0,0.0,0.0
98.0,edulite_right_positive,000_1-4238_1_1,right_proximal_positive,大腿002,True,1.4210854715202004e-14,0.0,0.0,0.0,0.0
98.0,edulite_right_positive,00_1-4459_1_1,right_proximal_positive,大腿002,True,0.0,0.0,0.0,0.0,0.0
98.0,edulite_right_positive,00_1-4459_1_001,right_proximal_positive,大腿002,True,0.0,0.0,0.0,0.0,0.0
98.0,edulite_right_positive,00_1-4459_1_002,right_proximal_positive,大腿002,True,0.0,0.0,0.0,0.0,0.0
98.0,edulite_right_positive,200_1_1_1,right_proximal_positive,大腿002,True,1.0000000000000142,3.1622776549233556,0.0,0.0,0.0
98.0,edulite_right_positive,00_1-8689_1_1,right_proximal_positive,大腿002,True,1.0000000000000142,1.0000000000000142,0.0,0.0,0.0
98.0,edulite_right_positive,00_1-1305_1_1,right_distal_negative,小腿010,False,0.0,57.40540393586035,0.0,0.0,0.0
98.0,edulite_right_positive,100_1_1_1,right_distal_negative,小腿010,False,1.5,61.922790484028866,0.0,0.0,0.0
98.0,edulite_right_positive,000_1-4238_1_1,right_distal_negative,小腿010,False,0.0,64.40656085749222,0.0,0.0,0.0
98.0,edulite_right_positive,00_1-8689_1_1,right_distal_negative,小腿010,False,1.0,61.51274896558591,0.0,0.0,0.0
98.0,left_proximal_negative,大腿,left_distal_negative,推力轴承,True,0.0,1.2789769243681803e-13,0.0,0.0,0.0
98.0,left_proximal_negative,大腿,left_distal_negative,小腿001,True,1.0000000000001137,1.000000000000142,0.0,0.0,0.0
98.0,left_proximal_negative,大腿,left_distal_negative,cross recessed pan head screws gb_GB_CROSS_SCREWS_TYPE1 M4X16-16  H type-C,True,0.0,0.09999999982519789,0.0,0.0,0.0
98.0,left_proximal_negative,大腿,left_distal_negative,"hex nuts, style 1-grades ab gb_GB_FASTENER_NUT_SNAB1 M4-C",True,0.0,1.1368683772161603e-13,0.0,0.0,0.0
98.0,left_proximal_negative,大腿,left_distal_positive,小腿004,False,0.0,64.40462003771096,0.0,0.0,0.0
98.0,left_proximal_positive,大腿垫高,left_distal_negative,小腿001,False,0.0,64.40462003792058,0.0,0.0,0.0
98.0,left_proximal_positive,大腿001,left_distal_negative,小腿001,False,0.0,64.40462003792058,0.0,0.0,0.0
98.0,left_proximal_positive,大腿垫高,left_distal_positive,小腿004,True,0.0,21.885814438967408,0.0,0.0,0.0
98.0,left_proximal_positive,大腿001,left_distal_positive,小腿004,True,1.0000000000000995,1.000000000000142,0.0,0.0,0.0
98.0,left_proximal_positive,大腿001,left_distal_positive,推力轴承001,True,0.0,1.4210854715202004e-13,0.0,0.0,0.0
98.0,left_proximal_positive,大腿001,left_distal_positive,cross recessed pan head screws gb_GB_CROSS_SCREWS_TYPE1 M4X16-16  H type-C001,True,0.0,0.09999999984654975,0.0,0.0,0.0
98.0,left_proximal_positive,大腿001,left_distal_positive,"hex nuts, style 1-grades ab gb_GB_FASTENER_NUT_SNAB1 M4-C001",True,0.0,5.684341886080802e-14,0.0,0.0,0.0
98.0,left_distal_negative,小腿001,left_distal_positive,小腿004,True,0.9999999999999858,0.9999999999999858,0.0,0.0,0.0
98.0,left_distal_negative,小腿001,left_wheel,推力轴承002,True,0.0,1.4210854715202004e-14,0.0,0.0,0.0
98.0,left_distal_negative,小腿001,left_wheel,驱动板004,True,0.4999999999998721,0.4999999999998863,0.0,0.0,0.0
98.0,left_distal_negative,小腿001,left_wheel,MISUMI_CBSTSR4-16_内六角螺栓（盖螺栓）,True,0.0,0.0,0.0,0.0,0.0
98.0,left_distal_positive,小腿004,left_wheel,推力轴承002,True,0.0,0.0,0.0,0.0,0.0
98.0,left_distal_positive,小腿004,left_wheel,MISUMI_C-SE604ZZ_不锈钢小径滚珠轴承,True,0.0,1.4210854715202004e-14,0.0,0.0,0.0
98.0,left_distal_positive,小腿004,left_wheel,MISUMI_CBSTSR4-16_内六角螺栓（盖螺栓）,True,0.0,0.09999999932409671,0.0,0.0,0.0
98.0,right_proximal_negative,大腿垫高001,right_distal_negative,小腿010,True,0.0,21.885814439090442,0.0,0.0,0.0
98.0,right_proximal_negative,大腿003,right_distal_negative,推力轴承004,True,0.0,1.2789769243681803e-13,0.0,0.0,0.0
98.0,right_proximal_negative,大腿003,right_distal_negative,小腿009,True,2.0,2.0,0.0,0.0,0.0
98.0,right_proximal_negative,大腿003,right_distal_negative,小腿010,True,1.0,1.0,0.0,0.0,0.0
98.0,right_proximal_negative,大腿003,right_distal_negative,"hex nuts, style 1-grades ab gb_GB_FASTENER_NUT_SNAB1 M4-C005",True,1.1368683772161603e-13,1.4210854715202004e-13,0.0,0.0,0.0
98.0,right_proximal_negative,大腿003,right_distal_negative,cross recessed pan head screws gb_GB_CROSS_SCREWS_TYPE1 M4X16-16  H type-C003,True,0.0,0.09999999988334796,0.0,0.0,0.0
98.0,right_proximal_negative,大腿垫高001,right_distal_positive,小腿007,False,0.0,64.40462003771093,0.0,0.0,0.0
98.0,right_proximal_negative,大腿003,right_distal_positive,小腿007,False,0.0,64.40462003771088,0.0,0.0,0.0
98.0,right_proximal_positive,大腿002,right_distal_negative,小腿010,False,0.0,64.40462003792146,0.0,0.0,0.0
98.0,right_proximal_positive,大腿002,right_distal_positive,推力轴承003,True,0.0,0.0,0.0,0.0,0.0
98.0,right_proximal_positive,大腿002,right_distal_positive,小腿007,True,1.0,1.0000000000000142,0.0,0.0,0.0
98.0,right_proximal_positive,大腿002,right_distal_positive,cross recessed pan head screws gb_GB_CROSS_SCREWS_TYPE1 M4X16-16  H type-C002,True,0.0,0.09999999985296334,0.0,0.0,0.0
98.0,right_proximal_positive,大腿002,right_distal_positive,"hex nuts, style 1-grades ab gb_GB_FASTENER_NUT_SNAB1 M4-C003",True,0.0,1.4210854715202004e-14,0.0,0.0,0.0
98.0,right_distal_negative,小腿010,right_distal_positive,小腿007,True,1.0000000000000142,1.0000000000000142,0.0,0.0,0.0
98.0,right_distal_negative,小腿010,right_wheel,推力轴承005,True,0.0,1.4210854715202004e-14,0.0,0.0,0.0
98.0,right_distal_negative,小腿010,right_wheel,MISUMI_C-SE604ZZ_不锈钢小径滚珠轴承004,True,0.0,1.4210854715202004e-14,0.0,0.0,0.0
98.0,right_distal_negative,小腿010,right_wheel,MISUMI_CBSTSR4-16_内六角螺栓（盖螺栓）001,True,0.0,0.09999999973803173,0.0,0.0,0.0
98.0,right_distal_positive,小腿007,right_wheel,推力轴承005,True,0.0,0.0,0.0,0.0,0.0
98.0,right_distal_positive,小腿007,right_wheel,驱动板005,True,0.4999999999998863,0.49999999999991473,0.0,0.0,0.0
98.0,right_distal_positive,小腿007,right_wheel,MISUMI_CBSTSR4-16_内六角螺栓（盖螺栓）001,True,0.0,0.0,0.0,0.0,0.0
99.0,fixed,底板,left_distal_positive,cross recessed pan head screws gb_GB_CROSS_SCREWS_TYPE1 M4X16-16  H type-C001,False,1.810428619917138,3.707856121454311,0.0,0.0,0.0
99.0,fixed,底板,right_distal_negative,cross recessed pan head screws gb_GB_CROSS_SCREWS_TYPE1 M4X16-16  H type-C003,False,1.5536947422280631,3.7078561213138985,0.0,0.0,0.0
99.0,edulite_left_negative,00_1-1305_1_1,left_proximal_negative,大腿,True,0.0,5.684341886080802e-14,0.0,0.0,0.0
99.0,edulite_left_negative,100_1_1_1,left_proximal_negative,大腿,True,1.499999999999858,1.499999999999858,0.0,0.0,0.0
99.0,edulite_left_negative,000_1-4238_1_1,left_proximal_negative,大腿,True,0.0,0.0,0.0,0.0,0.0
99.0,edulite_left_negative,00_1-4459_1_1,left_proximal_negative,大腿,True,0.0,0.0,0.0,0.0,0.0
99.0,edulite_left_negative,00_1-4459_1_001,left_proximal_negative,大腿,True,0.0,0.0,0.0,0.0,0.0
99.0,edulite_left_negative,00_1-4459_1_002,left_proximal_negative,大腿,True,0.0,0.0,0.0,0.0,0.0
99.0,edulite_left_negative,200_1_1_1,left_proximal_negative,大腿,True,0.9999999999998579,3.1622776549023763,0.0,0.0,0.0
99.0,edulite_left_negative,00_1-8689_1_1,left_proximal_negative,大腿,True,0.9999999999998579,0.9999999999998579,0.0,0.0,0.0
99.0,edulite_left_negative,00_1-1305_1_1,left_distal_positive,小腿004,False,0.0,57.87757378262055,0.0,0.0,0.0
99.0,edulite_left_negative,100_1_1_1,left_distal_positive,小腿004,False,1.5,62.39482922029907,0.0,0.0,0.0
99.0,edulite_left_negative,000_1-4238_1_1,left_distal_positive,小腿004,False,0.0,64.87872297449431,0.0,0.0,0.0
99.0,edulite_left_negative,00_1-8689_1_1,left_distal_positive,小腿004,False,1.0,61.98486328460317,0.0,0.0,0.0
99.0,edulite_left_positive,00_1-1305_1_1,left_proximal_positive,大腿垫高,True,1.4210854715202004e-14,2.549509752903468,0.0,0.0,0.0
99.0,edulite_left_positive,100_1_1_1,left_proximal_positive,大腿垫高,True,1.5000000000000142,1.5000000000000142,0.0,0.0,0.0
99.0,edulite_left_positive,000_1-4238_1_1,left_proximal_positive,大腿垫高,True,1.4210854715202004e-14,0.0,0.0,0.0,0.0
99.0,edulite_left_positive,00_1-4459_1_1,left_proximal_positive,大腿垫高,True,0.0,0.0,0.0,0.0,0.0
99.0,edulite_left_positive,00_1-4459_1_001,left_proximal_positive,大腿垫高,True,0.0,0.0,0.0,0.0,0.0
99.0,edulite_left_positive,00_1-4459_1_002,left_proximal_positive,大腿垫高,True,0.0,0.0,0.0,0.0,0.0
99.0,edulite_left_positive,200_1_1_1,left_proximal_positive,大腿垫高,True,1.0000000000000142,3.162277656235194,0.0,0.0,0.0
99.0,edulite_left_positive,00_1-8689_1_1,left_proximal_positive,大腿垫高,True,1.0000000000000142,2.147091051289157,0.0,0.0,0.0
99.0,edulite_left_positive,00_1-1305_1_1,left_distal_positive,小腿004,False,0.0,15.160642256543577,0.0,0.0,0.0
99.0,edulite_left_positive,100_1_1_1,left_distal_positive,小腿004,False,1.5,19.714820248137155,0.0,0.0,0.0
99.0,edulite_left_positive,000_1-4238_1_1,left_distal_positive,小腿004,False,0.0,22.16331442239768,0.0,0.0,0.0
99.0,edulite_left_positive,00_1-8689_1_1,left_distal_positive,小腿004,False,1.0,19.283619950963732,0.0,0.0,0.0
99.0,edulite_right_negative,00_1-1305_1_1,right_proximal_negative,大腿垫高001,True,2.842170943040401e-14,2.549509752903582,0.0,0.0,0.0
99.0,edulite_right_negative,100_1_1_1,right_proximal_negative,大腿垫高001,True,1.5000000000000284,1.5000000000000284,0.0,0.0,0.0
99.0,edulite_right_negative,000_1-4238_1_1,right_proximal_negative,大腿垫高001,True,2.842170943040401e-14,0.0,0.0,0.0,0.0
99.0,edulite_right_negative,00_1-4459_1_1,right_proximal_negative,大腿垫高001,True,0.0,0.0,0.0,0.0,0.0
99.0,edulite_right_negative,00_1-4459_1_001,right_proximal_negative,大腿垫高001,True,0.0,0.0,0.0,0.0,0.0
99.0,edulite_right_negative,00_1-4459_1_002,right_proximal_negative,大腿垫高001,True,0.0,0.0,0.0,0.0,0.0
99.0,edulite_right_negative,200_1_1_1,right_proximal_negative,大腿垫高001,True,1.0000000000000284,3.1622776562353,0.0,0.0,0.0
99.0,edulite_right_negative,00_1-8689_1_1,right_proximal_negative,大腿垫高001,True,1.0000000000000284,2.1470910512892725,0.0,0.0,0.0
99.0,edulite_right_negative,00_1-1305_1_1,right_distal_negative,小腿010,False,0.0,15.16064225666481,0.0,0.0,0.0
99.0,edulite_right_negative,100_1_1_1,right_distal_negative,小腿010,False,1.5,19.71482024825806,0.0,0.0,0.0
99.0,edulite_right_negative,000_1-4238_1_1,right_distal_negative,小腿010,False,0.0,22.163314422518905,0.0,0.0,0.0
99.0,edulite_right_negative,00_1-8689_1_1,right_distal_negative,小腿010,False,1.0,19.283619951084823,0.0,0.0,0.0
99.0,edulite_right_positive,00_1-1305_1_1,right_proximal_positive,大腿002,True,1.4210854715202004e-14,1.4210854715202004e-14,0.0,0.0,0.0
99.0,edulite_right_positive,100_1_1_1,right_proximal_positive,大腿002,True,1.5000000000000142,1.5000000000000142,0.0,0.0,0.0
99.0,edulite_right_positive,000_1-4238_1_1,right_proximal_positive,大腿002,True,1.4210854715202004e-14,0.0,0.0,0.0,0.0
99.0,edulite_right_positive,00_1-4459_1_1,right_proximal_positive,大腿002,True,0.0,0.0,0.0,0.0,0.0
99.0,edulite_right_positive,00_1-4459_1_001,right_proximal_positive,大腿002,True,0.0,0.0,0.0,0.0,0.0
99.0,edulite_right_positive,00_1-4459_1_002,right_proximal_positive,大腿002,True,0.0,0.0,0.0,0.0,0.0
99.0,edulite_right_positive,200_1_1_1,right_proximal_positive,大腿002,True,1.0000000000000142,3.1622776549022666,0.0,0.0,0.0
99.0,edulite_right_positive,00_1-8689_1_1,right_proximal_positive,大腿002,True,1.0000000000000142,1.0000000000000142,0.0,0.0,0.0
99.0,edulite_right_positive,00_1-1305_1_1,right_distal_negative,小腿010,False,0.0,57.87757378282864,0.0,0.0,0.0
99.0,edulite_right_positive,100_1_1_1,right_distal_negative,小腿010,False,1.5,62.3948292205071,0.0,0.0,0.0
99.0,edulite_right_positive,000_1-4238_1_1,right_distal_negative,小腿010,False,0.0,64.8787229747024,0.0,0.0,0.0
99.0,edulite_right_positive,00_1-8689_1_1,right_distal_negative,小腿010,False,1.0,61.98486328481122,0.0,0.0,0.0
99.0,left_proximal_negative,大腿,left_distal_negative,推力轴承,True,0.0,1.2789769243681803e-13,0.0,0.0,0.0
99.0,left_proximal_negative,大腿,left_distal_negative,小腿001,True,1.0000000000001137,1.000000000000142,0.0,0.0,0.0
99.0,left_proximal_negative,大腿,left_distal_negative,cross recessed pan head screws gb_GB_CROSS_SCREWS_TYPE1 M4X16-16  H type-C,True,0.0,0.0999999998283913,0.0,0.0,0.0
99.0,left_proximal_negative,大腿,left_distal_negative,"hex nuts, style 1-grades ab gb_GB_FASTENER_NUT_SNAB1 M4-C",True,0.0,1.1368683772161603e-13,0.0,0.0,0.0
99.0,left_proximal_negative,大腿,left_distal_positive,小腿004,False,0.0,64.87679627991567,0.0,0.0,0.0
99.0,left_proximal_positive,大腿垫高,left_distal_negative,小腿001,False,0.0,64.87679628012292,0.0,0.0,0.0
99.0,left_proximal_positive,大腿001,left_distal_negative,小腿001,False,0.0,64.87679628012293,0.0,0.0,0.0
99.0,left_proximal_positive,大腿垫高,left_distal_positive,小腿004,True,0.0,22.157673759678293,0.0,0.0,0.0
99.0,left_proximal_positive,大腿001,left_distal_positive,小腿004,True,1.0000000000000995,1.000000000000142,0.0,0.0,0.0
99.0,left_proximal_positive,大腿001,left_distal_positive,推力轴承001,True,0.0,1.4210854715202004e-13,0.0,0.0,0.0
99.0,left_proximal_positive,大腿001,left_distal_positive,cross recessed pan head screws gb_GB_CROSS_SCREWS_TYPE1 M4X16-16  H type-C001,True,0.0,0.09999999984175305,0.0,0.0,0.0
99.0,left_proximal_positive,大腿001,left_distal_positive,"hex nuts, style 1-grades ab gb_GB_FASTENER_NUT_SNAB1 M4-C001",True,0.0,5.684341886080802e-14,0.0,0.0,0.0
99.0,left_distal_negative,小腿001,left_distal_positive,小腿004,True,0.9999999999999858,0.9999999999999858,0.0,0.0,0.0
99.0,left_distal_negative,小腿001,left_wheel,推力轴承002,True,0.0,1.4210854715202004e-14,0.0,0.0,0.0
99.0,left_distal_negative,小腿001,left_wheel,驱动板004,True,0.4999999999998721,0.4999999999998863,0.0,0.0,0.0
99.0,left_distal_negative,小腿001,left_wheel,MISUMI_CBSTSR4-16_内六角螺栓（盖螺栓）,True,0.0,0.0,0.0,0.0,0.0
99.0,left_distal_positive,小腿004,left_wheel,推力轴承002,True,0.0,0.0,0.0,0.0,0.0
99.0,left_distal_positive,小腿004,left_wheel,MISUMI_C-SE604ZZ_不锈钢小径滚珠轴承,True,0.0,1.4210854715202004e-14,0.0,0.0,0.0
99.0,left_distal_positive,小腿004,left_wheel,MISUMI_CBSTSR4-16_内六角螺栓（盖螺栓）,True,0.0,0.09999999932410338,0.0,0.0,0.0
99.0,right_proximal_negative,大腿垫高001,right_distal_negative,小腿010,True,0.0,22.157673759799394,0.0,0.0,0.0
99.0,right_proximal_negative,大腿003,right_distal_negative,推力轴承004,True,0.0,1.2789769243681803e-13,0.0,0.0,0.0
99.0,right_proximal_negative,大腿003,right_distal_negative,小腿009,True,2.0,2.0,0.0,0.0,0.0
99.0,right_proximal_negative,大腿003,right_distal_negative,小腿010,True,1.0,1.0,0.0,0.0,0.0
99.0,right_proximal_negative,大腿003,right_distal_negative,"hex nuts, style 1-grades ab gb_GB_FASTENER_NUT_SNAB1 M4-C005",True,1.1368683772161603e-13,1.4210854715202004e-13,0.0,0.0,0.0
99.0,right_proximal_negative,大腿003,right_distal_negative,cross recessed pan head screws gb_GB_CROSS_SCREWS_TYPE1 M4X16-16  H type-C003,True,0.0,0.09999999982684221,0.0,0.0,0.0
99.0,right_proximal_negative,大腿垫高001,right_distal_positive,小腿007,False,0.0,64.87679627991564,0.0,0.0,0.0
99.0,right_proximal_negative,大腿003,right_distal_positive,小腿007,False,0.0,64.8767962799156,0.0,0.0,0.0
99.0,right_proximal_positive,大腿002,right_distal_negative,小腿010,False,0.0,64.87679628012381,0.0,0.0,0.0
99.0,right_proximal_positive,大腿002,right_distal_positive,推力轴承003,True,0.0,0.0,0.0,0.0,0.0
99.0,right_proximal_positive,大腿002,right_distal_positive,小腿007,True,1.0,1.0000000000000142,0.0,0.0,0.0
99.0,right_proximal_positive,大腿002,right_distal_positive,cross recessed pan head screws gb_GB_CROSS_SCREWS_TYPE1 M4X16-16  H type-C002,True,0.0,0.09999999984423721,0.0,0.0,0.0
99.0,right_proximal_positive,大腿002,right_distal_positive,"hex nuts, style 1-grades ab gb_GB_FASTENER_NUT_SNAB1 M4-C003",True,0.0,1.4210854715202004e-14,0.0,0.0,0.0
99.0,right_distal_negative,小腿010,right_distal_positive,小腿007,True,1.0000000000000142,1.0000000000000142,0.0,0.0,0.0
99.0,right_distal_negative,小腿010,right_wheel,推力轴承005,True,0.0,1.4210854715202004e-14,0.0,0.0,0.0
99.0,right_distal_negative,小腿010,right_wheel,MISUMI_C-SE604ZZ_不锈钢小径滚珠轴承004,True,0.0,1.4210854715202004e-14,0.0,0.0,0.0
99.0,right_distal_negative,小腿010,right_wheel,MISUMI_CBSTSR4-16_内六角螺栓（盖螺栓）001,True,0.0,0.09999999972328168,0.0,0.0,0.0
99.0,right_distal_positive,小腿007,right_wheel,推力轴承005,True,0.0,0.0,0.0,0.0,0.0
99.0,right_distal_positive,小腿007,right_wheel,驱动板005,True,0.4999999999998863,0.49999999999991473,0.0,0.0,0.0
99.0,right_distal_positive,小腿007,right_wheel,MISUMI_CBSTSR4-16_内六角螺栓（盖螺栓）001,True,0.0,0.0,0.0,0.0,0.0
100.0,fixed,底板,left_distal_positive,cross recessed pan head screws gb_GB_CROSS_SCREWS_TYPE1 M4X16-16  H type-C001,False,1.491636357400354,3.2768916388293996,0.0,0.0,0.0
100.0,fixed,底板,right_distal_negative,cross recessed pan head screws gb_GB_CROSS_SCREWS_TYPE1 M4X16-16  H type-C003,False,1.4002948616051527,3.2768916386990004,0.0,0.0,0.0
100.0,edulite_left_negative,00_1-1305_1_1,left_proximal_negative,大腿,True,0.0,5.684341886080802e-14,0.0,0.0,0.0
100.0,edulite_left_negative,100_1_1_1,left_proximal_negative,大腿,True,1.499999999999858,1.499999999999858,0.0,0.0,0.0
100.0,edulite_left_negative,000_1-4238_1_1,left_proximal_negative,大腿,True,0.0,0.0,0.0,0.0,0.0
100.0,edulite_left_negative,00_1-4459_1_1,left_proximal_negative,大腿,True,0.0,0.0,0.0,0.0,0.0
100.0,edulite_left_negative,00_1-4459_1_001,left_proximal_negative,大腿,True,0.0,0.0,0.0,0.0,0.0
100.0,edulite_left_negative,00_1-4459_1_002,left_proximal_negative,大腿,True,0.0,0.0,0.0,0.0,0.0
100.0,edulite_left_negative,200_1_1_1,left_proximal_negative,大腿,True,0.9999999999998579,3.162277654882448,0.0,0.0,0.0
100.0,edulite_left_negative,00_1-8689_1_1,left_proximal_negative,大腿,True,0.9999999999998579,0.9999999999998579,0.0,0.0,0.0
100.0,edulite_left_negative,00_1-1305_1_1,left_distal_positive,小腿004,False,0.0,58.33580402185175,0.0,0.0,0.0
100.0,edulite_left_negative,100_1_1_1,left_distal_positive,小腿004,False,1.5,62.85293409590014,0.0,0.0,0.0
100.0,edulite_left_negative,000_1-4238_1_1,left_distal_positive,小腿004,False,0.0,65.33694580838491,0.0,0.0,0.0
100.0,edulite_left_negative,00_1-8689_1_1,left_distal_positive,小腿004,False,1.0,62.443040431795794,0.0,0.0,0.0
100.0,edulite_left_positive,00_1-1305_1_1,left_proximal_positive,大腿垫高,True,1.4210854715202004e-14,2.5495097529034645,0.0,0.0,0.0
100.0,edulite_left_positive,100_1_1_1,left_proximal_positive,大腿垫高,True,1.5000000000000142,1.5000000000000142,0.0,0.0,0.0
100.0,edulite_left_positive,000_1-4238_1_1,left_proximal_positive,大腿垫高,True,1.4210854715202004e-14,0.0,0.0,0.0,0.0
100.0,edulite_left_positive,00_1-4459_1_1,left_proximal_positive,大腿垫高,True,0.0,0.0,0.0,0.0,0.0
100.0,edulite_left_positive,00_1-4459_1_001,left_proximal_positive,大腿垫高,True,0.0,0.0,0.0,0.0,0.0
100.0,edulite_left_positive,00_1-4459_1_002,left_proximal_positive,大腿垫高,True,0.0,0.0,0.0,0.0,0.0
100.0,edulite_left_positive,200_1_1_1,left_proximal_positive,大腿垫高,True,1.0000000000000142,3.162277656235201,0.0,0.0,0.0
100.0,edulite_left_positive,00_1-8689_1_1,left_proximal_positive,大腿垫高,True,1.0000000000000142,2.147091051289163,0.0,0.0,0.0
100.0,edulite_left_positive,00_1-1305_1_1,left_distal_positive,小腿004,False,0.0,15.415211292745681,0.0,0.0,0.0
100.0,edulite_left_positive,100_1_1_1,left_distal_positive,小腿004,False,1.5,19.968709662772355,0.0,0.0,0.0
100.0,edulite_left_positive,000_1-4238_1_1,left_distal_positive,小腿004,False,0.0,22.4178684246528,0.0,0.0,0.0
100.0,edulite_left_positive,00_1-8689_1_1,left_distal_positive,小腿004,False,1.0,19.53789989069108,0.0,0.0,0.0
100.0,edulite_right_negative,00_1-1305_1_1,right_proximal_negative,大腿垫高001,True,2.842170943040401e-14,2.549509752903582,0.0,0.0,0.0
100.0,edulite_right_negative,100_1_1_1,right_proximal_negative,大腿垫高001,True,1.5000000000000284,1.5000000000000284,0.0,0.0,0.0
100.0,edulite_right_negative,000_1-4238_1_1,right_proximal_negative,大腿垫高001,True,2.842170943040401e-14,0.0,0.0,0.0,0.0
100.0,edulite_right_negative,00_1-4459_1_1,right_proximal_negative,大腿垫高001,True,0.0,0.0,0.0,0.0,0.0
100.0,edulite_right_negative,00_1-4459_1_001,right_proximal_negative,大腿垫高001,True,0.0,0.0,0.0,0.0,0.0
100.0,edulite_right_negative,00_1-4459_1_002,right_proximal_negative,大腿垫高001,True,0.0,0.0,0.0,0.0,0.0
100.0,edulite_right_negative,200_1_1_1,right_proximal_negative,大腿垫高001,True,1.0000000000000284,3.1622776562353,0.0,0.0,0.0
100.0,edulite_right_negative,00_1-8689_1_1,right_proximal_negative,大腿垫高001,True,1.0000000000000284,2.147091051289266,0.0,0.0,0.0
100.0,edulite_right_negative,00_1-1305_1_1,right_distal_negative,小腿010,False,0.0,15.415211292864955,0.0,0.0,0.0
100.0,edulite_right_negative,100_1_1_1,right_distal_negative,小腿010,False,1.5,19.968709662891307,0.0,0.0,0.0
100.0,edulite_right_negative,000_1-4238_1_1,right_distal_negative,小腿010,False,0.0,22.41786842477205,0.0,0.0,0.0
100.0,edulite_right_negative,00_1-8689_1_1,right_distal_negative,小腿010,False,1.0,19.537899890810206,0.0,0.0,0.0
100.0,edulite_right_positive,00_1-1305_1_1,right_proximal_positive,大腿002,True,1.4210854715202004e-14,1.4210854715202004e-14,0.0,0.0,0.0
100.0,edulite_right_positive,100_1_1_1,right_proximal_positive,大腿002,True,1.5000000000000142,1.5000000000000142,0.0,0.0,0.0
100.0,edulite_right_positive,000_1-4238_1_1,right_proximal_positive,大腿002,True,1.4210854715202004e-14,0.0,0.0,0.0,0.0
100.0,edulite_right_positive,00_1-4459_1_1,right_proximal_positive,大腿002,True,0.0,0.0,0.0,0.0,0.0
100.0,edulite_right_positive,00_1-4459_1_001,right_proximal_positive,大腿002,True,0.0,0.0,0.0,0.0,0.0
100.0,edulite_right_positive,00_1-4459_1_002,right_proximal_positive,大腿002,True,0.0,0.0,0.0,0.0,0.0
100.0,edulite_right_positive,200_1_1_1,right_proximal_positive,大腿002,True,1.0000000000000142,3.162277654882342,0.0,0.0,0.0
100.0,edulite_right_positive,00_1-8689_1_1,right_proximal_positive,大腿002,True,1.0000000000000142,1.0000000000000142,0.0,0.0,0.0
100.0,edulite_right_positive,00_1-1305_1_1,right_distal_negative,小腿010,False,0.0,58.335804022057424,0.0,0.0,0.0
100.0,edulite_right_positive,100_1_1_1,right_distal_negative,小腿010,False,1.5,62.85293409610575,0.0,0.0,0.0
100.0,edulite_right_positive,000_1-4238_1_1,right_distal_negative,小腿010,False,0.0,65.33694580859058,0.0,0.0,0.0
100.0,edulite_right_positive,00_1-8689_1_1,right_distal_negative,小腿010,False,1.0,62.44304043200143,0.0,0.0,0.0
100.0,left_proximal_negative,大腿,left_distal_negative,推力轴承,True,0.0,1.2789769243681803e-13,0.0,0.0,0.0
100.0,left_proximal_negative,大腿,left_distal_negative,小腿001,True,1.0000000000001137,1.000000000000142,0.0,0.0,0.0
100.0,left_proximal_negative,大腿,left_distal_negative,cross recessed pan head screws gb_GB_CROSS_SCREWS_TYPE1 M4X16-16  H type-C,True,0.0,0.09999999983597888,0.0,0.0,0.0
100.0,left_proximal_negative,大腿,left_distal_negative,"hex nuts, style 1-grades ab gb_GB_FASTENER_NUT_SNAB1 M4-C",True,0.0,1.1368683772161603e-13,0.0,0.0,0.0
100.0,left_proximal_negative,大腿,left_distal_positive,小腿004,False,0.0,65.3350326265892,0.0,0.0,0.0
100.0,left_proximal_positive,大腿垫高,left_distal_negative,小腿001,False,0.0,65.33503262679405,0.0,0.0,0.0
100.0,left_proximal_positive,大腿001,left_distal_negative,小腿001,False,0.0,65.33503262679407,0.0,0.0,0.0
100.0,left_proximal_positive,大腿垫高,left_distal_positive,小腿004,True,0.0,22.412291827526317,0.0,0.0,0.0
100.0,left_proximal_positive,大腿001,left_distal_positive,小腿004,True,1.0000000000000995,1.000000000000142,0.0,0.0,0.0
100.0,left_proximal_positive,大腿001,left_distal_positive,推力轴承001,True,0.0,1.4210854715202004e-13,0.0,0.0,0.0
100.0,left_proximal_positive,大腿001,left_distal_positive,cross recessed pan head screws gb_GB_CROSS_SCREWS_TYPE1 M4X16-16  H type-C001,True,0.0,0.0999999998565084,0.0,0.0,0.0
100.0,left_proximal_positive,大腿001,left_distal_positive,"hex nuts, style 1-grades ab gb_GB_FASTENER_NUT_SNAB1 M4-C001",True,0.0,5.684341886080802e-14,0.0,0.0,0.0
100.0,left_distal_negative,小腿001,left_distal_positive,小腿004,True,0.9999999999999858,0.9999999999999858,0.0,0.0,0.0
100.0,left_distal_negative,小腿001,left_wheel,推力轴承002,True,0.0,1.4210854715202004e-14,0.0,0.0,0.0
100.0,left_distal_negative,小腿001,left_wheel,驱动板004,True,0.4999999999998721,0.4999999999998863,0.0,0.0,0.0
100.0,left_distal_negative,小腿001,left_wheel,MISUMI_CBSTSR4-16_内六角螺栓（盖螺栓）,True,0.0,0.0,0.0,0.0,0.0
100.0,left_distal_positive,小腿004,left_wheel,推力轴承002,True,0.0,0.0,0.0,0.0,0.0
100.0,left_distal_positive,小腿004,left_wheel,MISUMI_C-SE604ZZ_不锈钢小径滚珠轴承,True,0.0,1.4210854715202004e-14,0.0,0.0,0.0
100.0,left_distal_positive,小腿004,left_wheel,MISUMI_CBSTSR4-16_内六角螺栓（盖螺栓）,True,0.0,0.09999999932411639,0.0,0.0,0.0
100.0,right_proximal_negative,大腿垫高001,right_distal_negative,小腿010,True,0.0,22.412291827645436,0.0,0.0,0.0
100.0,right_proximal_negative,大腿003,right_distal_negative,推力轴承004,True,0.0,1.2789769243681803e-13,0.0,0.0,0.0
100.0,right_proximal_negative,大腿003,right_distal_negative,小腿009,True,2.0,2.0,0.0,0.0,0.0
100.0,right_proximal_negative,大腿003,right_distal_negative,小腿010,True,1.0,1.0,0.0,0.0,0.0
100.0,right_proximal_negative,大腿003,right_distal_negative,"hex nuts, style 1-grades ab gb_GB_FASTENER_NUT_SNAB1 M4-C005",True,1.1368683772161603e-13,1.4210854715202004e-13,0.0,0.0,0.0
100.0,right_proximal_negative,大腿003,right_distal_negative,cross recessed pan head screws gb_GB_CROSS_SCREWS_TYPE1 M4X16-16  H type-C003,True,0.0,0.09999999982101154,0.0,0.0,0.0
100.0,right_proximal_negative,大腿垫高001,right_distal_positive,小腿007,False,0.0,65.33503262658915,0.0,0.0,0.0
100.0,right_proximal_negative,大腿003,right_distal_positive,小腿007,False,0.0,65.33503262658911,0.0,0.0,0.0
100.0,right_proximal_positive,大腿002,right_distal_negative,小腿010,False,0.0,65.33503262679494,0.0,0.0,0.0
100.0,right_proximal_positive,大腿002,right_distal_positive,推力轴承003,True,0.0,0.0,0.0,0.0,0.0
100.0,right_proximal_positive,大腿002,right_distal_positive,小腿007,True,1.0,1.0000000000000142,0.0,0.0,0.0
100.0,right_proximal_positive,大腿002,right_distal_positive,cross recessed pan head screws gb_GB_CROSS_SCREWS_TYPE1 M4X16-16  H type-C002,True,0.0,0.09999999983874507,0.0,0.0,0.0
100.0,right_proximal_positive,大腿002,right_distal_positive,"hex nuts, style 1-grades ab gb_GB_FASTENER_NUT_SNAB1 M4-C003",True,0.0,1.4210854715202004e-14,0.0,0.0,0.0
100.0,right_distal_negative,小腿010,right_distal_positive,小腿007,True,1.0000000000000142,1.0000000000000142,0.0,0.0,0.0
100.0,right_distal_negative,小腿010,right_wheel,推力轴承005,True,0.0,1.4210854715202004e-14,0.0,0.0,0.0
100.0,right_distal_negative,小腿010,right_wheel,MISUMI_C-SE604ZZ_不锈钢小径滚珠轴承004,True,0.0,1.4210854715202004e-14,0.0,0.0,0.0
100.0,right_distal_negative,小腿010,right_wheel,MISUMI_CBSTSR4-16_内六角螺栓（盖螺栓）001,True,0.0,0.0999999997222267,0.0,0.0,0.0
100.0,right_distal_positive,小腿007,right_wheel,推力轴承005,True,0.0,0.0,0.0,0.0,0.0
100.0,right_distal_positive,小腿007,right_wheel,驱动板005,True,0.4999999999998863,0.49999999999991473,0.0,0.0,0.0
100.0,right_distal_positive,小腿007,right_wheel,MISUMI_CBSTSR4-16_内六角螺栓（盖螺栓）001,True,0.0,0.0,0.0,0.0,0.0
101.0,fixed,底板,left_distal_positive,cross recessed pan head screws gb_GB_CROSS_SCREWS_TYPE1 M4X16-16  H type-C001,False,1.3999999999999915,2.8802964099502897,0.0,0.0,0.0
101.0,fixed,底板,right_distal_negative,cross recessed pan head screws gb_GB_CROSS_SCREWS_TYPE1 M4X16-16  H type-C003,False,1.4000000000001336,2.880296409831183,0.0,0.0,0.0
101.0,edulite_left_negative,00_1-1305_1_1,left_proximal_negative,大腿,True,0.0,5.684341886080802e-14,0.0,0.0,0.0
101.0,edulite_left_negative,100_1_1_1,left_proximal_negative,大腿,True,1.499999999999858,1.499999999999858,0.0,0.0,0.0
101.0,edulite_left_negative,000_1-4238_1_1,left_proximal_negative,大腿,True,0.0,0.0,0.0,0.0,0.0
101.0,edulite_left_negative,00_1-4459_1_1,left_proximal_negative,大腿,True,0.0,0.0,0.0,0.0,0.0
101.0,edulite_left_negative,00_1-4459_1_001,left_proximal_negative,大腿,True,0.0,0.0,0.0,0.0,0.0
101.0,edulite_left_negative,00_1-4459_1_002,left_proximal_negative,大腿,True,0.0,0.0,0.0,0.0,0.0
101.0,edulite_left_negative,200_1_1_1,left_proximal_negative,大腿,True,0.9999999999998579,3.1622776548636935,0.0,0.0,0.0
101.0,edulite_left_negative,00_1-8689_1_1,left_proximal_negative,大腿,True,0.9999999999998579,0.9999999999998579,0.0,0.0,0.0
101.0,edulite_left_negative,00_1-1305_1_1,left_distal_positive,小腿004,False,0.0,58.77972200053613,0.0,0.0,0.0
101.0,edulite_left_negative,100_1_1_1,left_distal_positive,小腿004,False,1.5,63.29673235080155,0.0,0.0,0.0
101.0,edulite_left_negative,000_1-4238_1_1,left_distal_positive,小腿004,False,0.0,65.78085670174917,0.0,0.0,0.0
101.0,edulite_left_negative,00_1-8689_1_1,left_distal_positive,小腿004,False,1.0,62.886907708589696,0.0,0.0,0.0
101.0,edulite_left_positive,00_1-1305_1_1,left_proximal_positive,大腿垫高,True,1.4210854715202004e-14,2.549509752903461,0.0,0.0,0.0
101.0,edulite_left_positive,100_1_1_1,left_proximal_positive,大腿垫高,True,1.5000000000000142,1.5000000000000142,0.0,0.0,0.0
101.0,edulite_left_positive,000_1-4238_1_1,left_proximal_positive,大腿垫高,True,1.4210854715202004e-14,0.0,0.0,0.0,0.0
101.0,edulite_left_positive,00_1-4459_1_1,left_proximal_positive,大腿垫高,True,0.0,0.0,0.0,0.0,0.0
101.0,edulite_left_positive,00_1-4459_1_001,left_proximal_positive,大腿垫高,True,0.0,0.0,0.0,0.0,0.0
101.0,edulite_left_positive,00_1-4459_1_002,left_proximal_positive,大腿垫高,True,0.0,0.0,0.0,0.0,0.0
101.0,edulite_left_positive,200_1_1_1,left_proximal_positive,大腿垫高,True,1.0000000000000142,3.162277656235201,0.0,0.0,0.0
101.0,edulite_left_positive,00_1-8689_1_1,left_proximal_positive,大腿垫高,True,1.0000000000000142,2.1470910512891637,0.0,0.0,0.0
101.0,edulite_left_positive,00_1-1305_1_1,left_distal_positive,小腿004,False,0.0,15.652258065012694,0.0,0.0,0.0
101.0,edulite_left_positive,100_1_1_1,left_distal_positive,小腿004,False,1.5,20.20513865038339,0.0,0.0,0.0
101.0,edulite_left_positive,000_1-4238_1_1,left_distal_positive,小腿004,False,0.0,22.654901058339227,0.0,0.0,0.0
101.0,edulite_left_positive,00_1-8689_1_1,left_distal_positive,小腿004,False,1.0,19.774683856590705,0.0,0.0,0.0
101.0,edulite_right_negative,00_1-1305_1_1,right_proximal_negative,大腿垫高001,True,2.842170943040401e-14,2.549509752903575,0.0,0.0,0.0
101.0,edulite_right_negative,100_1_1_1,right_proximal_negative,大腿垫高001,True,1.5000000000000284,1.5000000000000284,0.0,0.0,0.0
101.0,edulite_right_negative,000_1-4238_1_1,right_proximal_negative,大腿垫高001,True,2.842170943040401e-14,0.0,0.0,0.0,0.0
101.0,edulite_right_negative,00_1-4459_1_1,right_proximal_negative,大腿垫高001,True,0.0,0.0,0.0,0.0,0.0
101.0,edulite_right_negative,00_1-4459_1_001,right_proximal_negative,大腿垫高001,True,0.0,0.0,0.0,0.0,0.0
101.0,edulite_right_negative,00_1-4459_1_002,right_proximal_negative,大腿垫高001,True,0.0,0.0,0.0,0.0,0.0
101.0,edulite_right_negative,200_1_1_1,right_proximal_negative,大腿垫高001,True,1.0000000000000284,3.1622776562353065,0.0,0.0,0.0
101.0,edulite_right_negative,00_1-8689_1_1,right_proximal_negative,大腿垫高001,True,1.0000000000000284,2.1470910512892782,0.0,0.0,0.0
101.0,edulite_right_negative,00_1-1305_1_1,right_distal_negative,小腿010,False,0.0,15.65225806512998,0.0,0.0,0.0
101.0,edulite_right_negative,100_1_1_1,right_distal_negative,小腿010,False,1.5,20.20513865050037,0.0,0.0,0.0
101.0,edulite_right_negative,000_1-4238_1_1,right_distal_negative,小腿010,False,0.0,22.65490105845649,0.0,0.0,0.0
101.0,edulite_right_negative,00_1-8689_1_1,right_distal_negative,小腿010,False,1.0,19.774683856707856,0.0,0.0,0.0
101.0,edulite_right_positive,00_1-1305_1_1,right_proximal_positive,大腿002,True,1.4210854715202004e-14,1.4210854715202004e-14,0.0,0.0,0.0
101.0,edulite_right_positive,100_1_1_1,right_proximal_positive,大腿002,True,1.5000000000000142,1.5000000000000142,0.0,0.0,0.0
101.0,edulite_right_positive,000_1-4238_1_1,right_proximal_positive,大腿002,True,1.4210854715202004e-14,0.0,0.0,0.0,0.0
101.0,edulite_right_positive,00_1-4459_1_1,right_proximal_positive,大腿002,True,0.0,0.0,0.0,0.0,0.0
101.0,edulite_right_positive,00_1-4459_1_001,right_proximal_positive,大腿002,True,0.0,0.0,0.0,0.0,0.0
101.0,edulite_right_positive,00_1-4459_1_002,right_proximal_positive,大腿002,True,0.0,0.0,0.0,0.0,0.0
101.0,edulite_right_positive,200_1_1_1,right_proximal_positive,大腿002,True,1.0000000000000142,3.162277654863582,0.0,0.0,0.0
101.0,edulite_right_positive,00_1-8689_1_1,right_proximal_positive,大腿002,True,1.0000000000000142,1.0000000000000142,0.0,0.0,0.0
101.0,edulite_right_positive,00_1-1305_1_1,right_distal_negative,小腿010,False,0.0,58.779722000739405,0.0,0.0,0.0
101.0,edulite_right_positive,100_1_1_1,right_distal_negative,小腿010,False,1.5,63.29673235100476,0.0,0.0,0.0
101.0,edulite_right_positive,000_1-4238_1_1,right_distal_negative,小腿010,False,0.0,65.78085670195244,0.0,0.0,0.0
101.0,edulite_right_positive,00_1-8689_1_1,right_distal_negative,小腿010,False,1.0,62.88690770879295,0.0,0.0,0.0
101.0,left_proximal_negative,大腿,left_distal_negative,推力轴承,True,0.0,1.2789769243681803e-13,0.0,0.0,0.0
101.0,left_proximal_negative,大腿,left_distal_negative,小腿001,True,1.0000000000001137,1.000000000000142,0.0,0.0,0.0
101.0,left_proximal_negative,大腿,left_distal_negative,cross recessed pan head screws gb_GB_CROSS_SCREWS_TYPE1 M4X16-16  H type-C,True,0.0,0.09999999984365074,0.0,0.0,0.0
101.0,left_proximal_negative,大腿,left_distal_negative,"hex nuts, style 1-grades ab gb_GB_FASTENER_NUT_SNAB1 M4-C",True,0.0,1.1368683772161603e-13,0.0,0.0,0.0
101.0,left_proximal_negative,大腿,left_distal_positive,小腿004,False,0.0,65.77895643114648,0.0,0.0,0.0
101.0,left_proximal_positive,大腿垫高,left_distal_negative,小腿001,False,0.0,65.77895643134893,0.0,0.0,0.0
101.0,left_proximal_positive,大腿001,left_distal_negative,小腿001,False,0.0,65.77895643134894,0.0,0.0,0.0
101.0,left_proximal_positive,大腿垫高,left_distal_positive,小腿004,True,0.0,22.649382822120607,0.0,0.0,0.0
101.0,left_proximal_positive,大腿001,left_distal_positive,小腿004,True,1.0000000000000995,1.000000000000142,0.0,0.0,0.0
101.0,left_proximal_positive,大腿001,left_distal_positive,推力轴承001,True,0.0,1.4210854715202004e-13,0.0,0.0,0.0
101.0,left_proximal_positive,大腿001,left_distal_positive,cross recessed pan head screws gb_GB_CROSS_SCREWS_TYPE1 M4X16-16  H type-C001,True,0.0,0.09999999984702768,0.0,0.0,0.0
101.0,left_proximal_positive,大腿001,left_distal_positive,"hex nuts, style 1-grades ab gb_GB_FASTENER_NUT_SNAB1 M4-C001",True,0.0,5.684341886080802e-14,0.0,0.0,0.0
101.0,left_distal_negative,小腿001,left_distal_positive,小腿004,True,0.9999999999999858,0.9999999999999858,0.0,0.0,0.0
101.0,left_distal_negative,小腿001,left_wheel,推力轴承002,True,0.0,1.4210854715202004e-14,0.0,0.0,0.0
101.0,left_distal_negative,小腿001,left_wheel,驱动板004,True,0.4999999999998721,0.4999999999998863,0.0,0.0,0.0
101.0,left_distal_negative,小腿001,left_wheel,MISUMI_CBSTSR4-16_内六角螺栓（盖螺栓）,True,0.0,0.0,0.0,0.0,0.0
101.0,left_distal_positive,小腿004,left_wheel,推力轴承002,True,0.0,0.0,0.0,0.0,0.0
101.0,left_distal_positive,小腿004,left_wheel,MISUMI_C-SE604ZZ_不锈钢小径滚珠轴承,True,0.0,1.4210854715202004e-14,0.0,0.0,0.0
101.0,left_distal_positive,小腿004,left_wheel,MISUMI_CBSTSR4-16_内六角螺栓（盖螺栓）,True,0.0,0.09999999925596982,0.0,0.0,0.0
101.0,right_proximal_negative,大腿垫高001,right_distal_negative,小腿010,True,0.0,22.649382822237758,0.0,0.0,0.0
101.0,right_proximal_negative,大腿003,right_distal_negative,推力轴承004,True,0.0,1.2789769243681803e-13,0.0,0.0,0.0
101.0,right_proximal_negative,大腿003,right_distal_negative,小腿009,True,2.0,2.0,0.0,0.0,0.0
101.0,right_proximal_negative,大腿003,right_distal_negative,小腿010,True,1.0,1.0,0.0,0.0,0.0
101.0,right_proximal_negative,大腿003,right_distal_negative,"hex nuts, style 1-grades ab gb_GB_FASTENER_NUT_SNAB1 M4-C005",True,1.1368683772161603e-13,1.4210854715202004e-13,0.0,0.0,0.0
101.0,right_proximal_negative,大腿003,right_distal_negative,cross recessed pan head screws gb_GB_CROSS_SCREWS_TYPE1 M4X16-16  H type-C003,True,0.0,0.09999999981530078,0.0,0.0,0.0
101.0,right_proximal_negative,大腿垫高001,right_distal_positive,小腿007,False,0.0,65.77895643114643,0.0,0.0,0.0
101.0,right_proximal_negative,大腿003,right_distal_positive,小腿007,False,0.0,65.7789564311464,0.0,0.0,0.0
101.0,right_proximal_positive,大腿002,right_distal_negative,小腿010,False,0.0,65.77895643134983,0.0,0.0,0.0
101.0,right_proximal_positive,大腿002,right_distal_positive,推力轴承003,True,0.0,0.0,0.0,0.0,0.0
101.0,right_proximal_positive,大腿002,right_distal_positive,小腿007,True,1.0,1.0000000000000142,0.0,0.0,0.0
101.0,right_proximal_positive,大腿002,right_distal_positive,cross recessed pan head screws gb_GB_CROSS_SCREWS_TYPE1 M4X16-16  H type-C002,True,0.0,0.09999999985392463,0.0,0.0,0.0
101.0,right_proximal_positive,大腿002,right_distal_positive,"hex nuts, style 1-grades ab gb_GB_FASTENER_NUT_SNAB1 M4-C003",True,0.0,1.4210854715202004e-14,0.0,0.0,0.0
101.0,right_distal_negative,小腿010,right_distal_positive,小腿007,True,1.0000000000000142,1.0000000000000142,0.0,0.0,0.0
101.0,right_distal_negative,小腿010,right_wheel,推力轴承005,True,0.0,1.4210854715202004e-14,0.0,0.0,0.0
101.0,right_distal_negative,小腿010,right_wheel,MISUMI_C-SE604ZZ_不锈钢小径滚珠轴承004,True,0.0,1.4210854715202004e-14,0.0,0.0,0.0
101.0,right_distal_negative,小腿010,right_wheel,MISUMI_CBSTSR4-16_内六角螺栓（盖螺栓）001,True,0.0,0.09999999971564896,0.0,0.0,0.0
101.0,right_distal_positive,小腿007,right_wheel,推力轴承005,True,0.0,0.0,0.0,0.0,0.0
101.0,right_distal_positive,小腿007,right_wheel,驱动板005,True,0.4999999999998863,0.49999999999991473,0.0,0.0,0.0
101.0,right_distal_positive,小腿007,right_wheel,MISUMI_CBSTSR4-16_内六角螺栓（盖螺栓）001,True,0.0,0.0,0.0,0.0,0.0
102.0,fixed,底板,left_distal_positive,cross recessed pan head screws gb_GB_CROSS_SCREWS_TYPE1 M4X16-16  H type-C001,False,1.3999999999999915,2.521973928754241,0.0,0.0,0.0
102.0,fixed,底板,right_distal_negative,cross recessed pan head screws gb_GB_CROSS_SCREWS_TYPE1 M4X16-16  H type-C003,False,1.4000000000001336,2.5219739286477623,0.0,0.0,0.0
102.0,edulite_left_negative,00_1-1305_1_1,left_proximal_negative,大腿,True,0.0,5.684341886080802e-14,0.0,0.0,0.0
102.0,edulite_left_negative,100_1_1_1,left_proximal_negative,大腿,True,1.499999999999858,1.499999999999858,0.0,0.0,0.0
102.0,edulite_left_negative,000_1-4238_1_1,left_proximal_negative,大腿,True,0.0,0.0,0.0,0.0,0.0
102.0,edulite_left_negative,00_1-4459_1_1,left_proximal_negative,大腿,True,0.0,0.0,0.0,0.0,0.0
102.0,edulite_left_negative,00_1-4459_1_001,left_proximal_negative,大腿,True,0.0,0.0,0.0,0.0,0.0
102.0,edulite_left_negative,00_1-4459_1_002,left_proximal_negative,大腿,True,0.0,0.0,0.0,0.0,0.0
102.0,edulite_left_negative,200_1_1_1,left_proximal_negative,大腿,True,0.9999999999998579,3.16227765484608,0.0,0.0,0.0
102.0,edulite_left_negative,00_1-8689_1_1,left_proximal_negative,大腿,True,0.9999999999998579,0.9999999999998579,0.0,0.0,0.0
102.0,edulite_left_negative,00_1-1305_1_1,left_distal_positive,小腿004,False,0.0,59.20894209614751,0.0,0.0,0.0
102.0,edulite_left_negative,100_1_1_1,left_distal_positive,小腿004,False,1.5,63.72583826661961,0.0,0.0,0.0
102.0,edulite_left_negative,000_1-4238_1_1,left_distal_positive,小腿004,False,0.15580529223896278,66.2100700281916,0.0,0.0,0.0
102.0,edulite_left_negative,00_1-8689_1_1,left_distal_positive,小腿004,False,1.0,63.31607945164177,0.0,0.0,0.0
102.0,edulite_left_positive,00_1-1305_1_1,left_proximal_positive,大腿垫高,True,1.4210854715202004e-14,2.549509752903461,0.0,0.0,0.0
102.0,edulite_left_positive,100_1_1_1,left_proximal_positive,大腿垫高,True,1.5000000000000142,1.5000000000000142,0.0,0.0,0.0
102.0,edulite_left_positive,000_1-4238_1_1,left_proximal_positive,大腿垫高,True,1.4210854715202004e-14,0.0,0.0,0.0,0.0
102.0,edulite_left_positive,00_1-4459_1_1,left_proximal_positive,大腿垫高,True,0.0,0.0,0.0,0.0,0.0
102.0,edulite_left_positive,00_1-4459_1_001,left_proximal_positive,大腿垫高,True,0.0,0.0,0.0,0.0,0.0
102.0,edulite_left_positive,00_1-4459_1_002,left_proximal_positive,大腿垫高,True,0.0,0.0,0.0,0.0,0.0
102.0,edulite_left_positive,200_1_1_1,left_proximal_positive,大腿垫高,True,1.0000000000000142,3.162277656235194,0.0,0.0,0.0
102.0,edulite_left_positive,00_1-8689_1_1,left_proximal_positive,大腿垫高,True,1.0000000000000142,2.1470910512891566,0.0,0.0,0.0
102.0,edulite_left_positive,00_1-1305_1_1,left_distal_positive,小腿004,False,0.0,15.871477768680462,0.0,0.0,0.0
102.0,edulite_left_positive,100_1_1_1,left_distal_positive,小腿004,False,1.5,20.423799517415016,0.0,0.0,0.0
102.0,edulite_left_positive,000_1-4238_1_1,left_distal_positive,小腿004,False,0.15580529223896278,22.874107587637344,0.0,0.0,0.0
102.0,edulite_left_positive,00_1-8689_1_1,left_distal_positive,小腿004,False,1.0,19.993665820330254,0.0,0.0,0.0
102.0,edulite_right_negative,00_1-1305_1_1,right_proximal_negative,大腿垫高001,True,2.842170943040401e-14,2.549509752903582,0.0,0.0,0.0
102.0,edulite_right_negative,100_1_1_1,right_proximal_negative,大腿垫高001,True,1.5000000000000284,1.5000000000000284,0.0,0.0,0.0
102.0,edulite_right_negative,000_1-4238_1_1,right_proximal_negative,大腿垫高001,True,2.842170943040401e-14,0.0,0.0,0.0,0.0
102.0,edulite_right_negative,00_1-4459_1_1,right_proximal_negative,大腿垫高001,True,0.0,0.0,0.0,0.0,0.0
102.0,edulite_right_negative,00_1-4459_1_001,right_proximal_negative,大腿垫高001,True,0.0,0.0,0.0,0.0,0.0
102.0,edulite_right_negative,00_1-4459_1_002,right_proximal_negative,大腿垫高001,True,0.0,0.0,0.0,0.0,0.0
102.0,edulite_right_negative,200_1_1_1,right_proximal_negative,大腿垫高001,True,1.0000000000000284,3.1622776562353065,0.0,0.0,0.0
102.0,edulite_right_negative,00_1-8689_1_1,right_proximal_negative,大腿垫高001,True,1.0000000000000284,2.1470910512892787,0.0,0.0,0.0
102.0,edulite_right_negative,00_1-1305_1_1,right_distal_negative,小腿010,False,0.0,15.871477768795767,0.0,0.0,0.0
102.0,edulite_right_negative,100_1_1_1,right_distal_negative,小腿010,False,1.5,20.423799517530025,0.0,0.0,0.0
102.0,edulite_right_negative,000_1-4238_1_1,right_distal_negative,小腿010,False,0.15580529245673347,22.874107587752633,0.0,0.0,0.0
102.0,edulite_right_negative,00_1-8689_1_1,right_distal_negative,小腿010,False,1.0,19.993665820445433,0.0,0.0,0.0
102.0,edulite_right_positive,00_1-1305_1_1,right_proximal_positive,大腿002,True,1.4210854715202004e-14,1.4210854715202004e-14,0.0,0.0,0.0
102.0,edulite_right_positive,100_1_1_1,right_proximal_positive,大腿002,True,1.5000000000000142,1.5000000000000142,0.0,0.0,0.0
102.0,edulite_right_positive,000_1-4238_1_1,right_proximal_positive,大腿002,True,1.4210854715202004e-14,0.0,0.0,0.0,0.0
102.0,edulite_right_positive,00_1-4459_1_1,right_proximal_positive,大腿002,True,0.0,0.0,0.0,0.0,0.0
102.0,edulite_right_positive,00_1-4459_1_001,right_proximal_positive,大腿002,True,0.0,0.0,0.0,0.0,0.0
102.0,edulite_right_positive,00_1-4459_1_002,right_proximal_positive,大腿002,True,0.0,0.0,0.0,0.0,0.0
102.0,edulite_right_positive,200_1_1_1,right_proximal_positive,大腿002,True,1.0000000000000142,3.1622776548459695,0.0,0.0,0.0
102.0,edulite_right_positive,00_1-8689_1_1,right_proximal_positive,大腿002,True,1.0000000000000142,1.0000000000000142,0.0,0.0,0.0
102.0,edulite_right_positive,00_1-1305_1_1,right_distal_negative,小腿010,False,0.0,59.208942096348345,0.0,0.0,0.0
102.0,edulite_right_positive,100_1_1_1,right_distal_negative,小腿010,False,1.5,63.725838266820396,0.0,0.0,0.0
102.0,edulite_right_positive,000_1-4238_1_1,right_distal_negative,小腿010,False,0.15580529245673347,66.21007002839241,0.0,0.0,0.0
102.0,edulite_right_positive,00_1-8689_1_1,right_distal_negative,小腿010,False,1.0,63.316079451842576,0.0,0.0,0.0
102.0,left_proximal_negative,大腿,left_distal_negative,推力轴承,True,0.0,1.2789769243681803e-13,0.0,0.0,0.0
102.0,left_proximal_negative,大腿,left_distal_negative,小腿001,True,1.0000000000001137,1.000000000000142,0.0,0.0,0.0
102.0,left_proximal_negative,大腿,left_distal_negative,cross recessed pan head screws gb_GB_CROSS_SCREWS_TYPE1 M4X16-16  H type-C,True,0.0,0.09999999982673999,0.0,0.0,0.0
102.0,left_proximal_negative,大腿,left_distal_negative,"hex nuts, style 1-grades ab gb_GB_FASTENER_NUT_SNAB1 M4-C",True,0.0,1.1368683772161603e-13,0.0,0.0,0.0
102.0,left_proximal_negative,大腿,left_distal_positive,小腿004,False,0.0,66.2081820766694,0.0,0.0,0.0
102.0,left_proximal_positive,大腿垫高,left_distal_negative,小腿001,False,0.15580529660171294,66.20818207686942,0.0,0.0,0.0
102.0,left_proximal_positive,大腿001,left_distal_negative,小腿001,False,0.0,66.20818207686943,0.0,0.0,0.0
102.0,left_proximal_positive,大腿垫高,left_distal_positive,小腿004,True,0.1558052963849086,22.86864224638407,0.0,0.0,0.0
102.0,left_proximal_positive,大腿001,left_distal_positive,小腿004,True,1.0000000000000995,1.000000000000142,0.0,0.0,0.0
102.0,left_proximal_positive,大腿001,left_distal_positive,推力轴承001,True,0.0,1.4210854715202004e-13,0.0,0.0,0.0
102.0,left_proximal_positive,大腿001,left_distal_positive,cross recessed pan head screws gb_GB_CROSS_SCREWS_TYPE1 M4X16-16  H type-C001,True,0.0,0.099999999865785,0.0,0.0,0.0
102.0,left_proximal_positive,大腿001,left_distal_positive,"hex nuts, style 1-grades ab gb_GB_FASTENER_NUT_SNAB1 M4-C001",True,0.0,5.684341886080802e-14,0.0,0.0,0.0
102.0,left_distal_negative,小腿001,left_distal_positive,小腿004,True,0.9999999999999858,0.9999999999999858,0.0,0.0,0.0
102.0,left_distal_negative,小腿001,left_wheel,推力轴承002,True,0.0,1.4210854715202004e-14,0.0,0.0,0.0
102.0,left_distal_negative,小腿001,left_wheel,驱动板004,True,0.4999999999998721,0.4999999999998863,0.0,0.0,0.0
102.0,left_distal_negative,小腿001,left_wheel,MISUMI_CBSTSR4-16_内六角螺栓（盖螺栓）,True,0.0,0.0,0.0,0.0,0.0
102.0,left_distal_positive,小腿004,left_wheel,推力轴承002,True,0.0,0.0,0.0,0.0,0.0
102.0,left_distal_positive,小腿004,left_wheel,MISUMI_C-SE604ZZ_不锈钢小径滚珠轴承,True,0.0,1.4210854715202004e-14,0.0,0.0,0.0
102.0,left_distal_positive,小腿004,left_wheel,MISUMI_CBSTSR4-16_内六角螺栓（盖螺栓）,True,0.0,0.09999999925625604,0.0,0.0,0.0
102.0,right_proximal_negative,大腿垫高001,right_distal_negative,小腿010,True,0.1558052966025656,22.868642246499228,0.0,0.0,0.0
102.0,right_proximal_negative,大腿003,right_distal_negative,推力轴承004,True,0.0,1.2789769243681803e-13,0.0,0.0,0.0
102.0,right_proximal_negative,大腿003,right_distal_negative,小腿009,True,2.0,2.0,0.0,0.0,0.0
102.0,right_proximal_negative,大腿003,right_distal_negative,小腿010,True,1.0,1.0,0.0,0.0,0.0
102.0,right_proximal_negative,大腿003,right_distal_negative,"hex nuts, style 1-grades ab gb_GB_FASTENER_NUT_SNAB1 M4-C005",True,1.1368683772161603e-13,1.4210854715202004e-13,0.0,0.0,0.0
102.0,right_proximal_negative,大腿003,right_distal_negative,cross recessed pan head screws gb_GB_CROSS_SCREWS_TYPE1 M4X16-16  H type-C003,True,0.0,0.09999999983575136,0.0,0.0,0.0
102.0,right_proximal_negative,大腿垫高001,right_distal_positive,小腿007,False,0.15580529638463858,66.20818207666935,0.0,0.0,0.0
102.0,right_proximal_negative,大腿003,right_distal_positive,小腿007,False,0.0,66.20818207666932,0.0,0.0,0.0
102.0,right_proximal_positive,大腿002,right_distal_negative,小腿010,False,0.0,66.20818207687032,0.0,0.0,0.0
102.0,right_proximal_positive,大腿002,right_distal_positive,推力轴承003,True,0.0,0.0,0.0,0.0,0.0
102.0,right_proximal_positive,大腿002,right_distal_positive,小腿007,True,1.0,1.0000000000000142,0.0,0.0,0.0
102.0,right_proximal_positive,大腿002,right_distal_positive,cross recessed pan head screws gb_GB_CROSS_SCREWS_TYPE1 M4X16-16  H type-C002,True,0.0,0.09999999986634986,0.0,0.0,0.0
102.0,right_proximal_positive,大腿002,right_distal_positive,"hex nuts, style 1-grades ab gb_GB_FASTENER_NUT_SNAB1 M4-C003",True,0.0,1.4210854715202004e-14,0.0,0.0,0.0
102.0,right_distal_negative,小腿010,right_distal_positive,小腿007,True,1.0000000000000142,1.0000000000000142,0.0,0.0,0.0
102.0,right_distal_negative,小腿010,right_wheel,推力轴承005,True,0.0,1.4210854715202004e-14,0.0,0.0,0.0
102.0,right_distal_negative,小腿010,right_wheel,MISUMI_C-SE604ZZ_不锈钢小径滚珠轴承004,True,0.0,1.4210854715202004e-14,0.0,0.0,0.0
102.0,right_distal_negative,小腿010,right_wheel,MISUMI_CBSTSR4-16_内六角螺栓（盖螺栓）001,True,0.0,0.0999999997148217,0.0,0.0,0.0
102.0,right_distal_positive,小腿007,right_wheel,推力轴承005,True,0.0,0.0,0.0,0.0,0.0
102.0,right_distal_positive,小腿007,right_wheel,驱动板005,True,0.4999999999998863,0.49999999999991473,0.0,0.0,0.0
102.0,right_distal_positive,小腿007,right_wheel,MISUMI_CBSTSR4-16_内六角螺栓（盖螺栓）001,True,0.0,0.0,0.0,0.0,0.0
103.0,fixed,底板,left_distal_positive,cross recessed pan head screws gb_GB_CROSS_SCREWS_TYPE1 M4X16-16  H type-C001,False,1.3999999999999915,2.2060736115905732,0.0,0.0,0.0
103.0,fixed,底板,right_distal_negative,cross recessed pan head screws gb_GB_CROSS_SCREWS_TYPE1 M4X16-16  H type-C003,False,1.4000000000001336,2.206073611498126,0.0,0.0,0.0
103.0,edulite_left_negative,00_1-1305_1_1,left_proximal_negative,大腿,True,0.0,5.684341886080802e-14,0.0,0.0,0.0
103.0,edulite_left_negative,100_1_1_1,left_proximal_negative,大腿,True,1.499999999999858,1.499999999999858,0.0,0.0,0.0
103.0,edulite_left_negative,000_1-4238_1_1,left_proximal_negative,大腿,True,0.0,0.0,0.0,0.0,0.0
103.0,edulite_left_negative,00_1-4459_1_1,left_proximal_negative,大腿,True,0.0,0.0,0.0,0.0,0.0
103.0,edulite_left_negative,00_1-4459_1_001,left_proximal_negative,大腿,True,0.0,0.0,0.0,0.0,0.0
103.0,edulite_left_negative,00_1-4459_1_002,left_proximal_negative,大腿,True,0.0,0.0,0.0,0.0,0.0
103.0,edulite_left_negative,200_1_1_1,left_proximal_negative,大腿,True,0.9999999999998579,3.1622776548296256,0.0,0.0,0.0
103.0,edulite_left_negative,00_1-8689_1_1,left_proximal_negative,大腿,True,0.9999999999998579,0.9999999999998579,0.0,0.0,0.0
103.0,edulite_left_negative,00_1-1305_1_1,left_distal_positive,小腿004,False,0.0,59.62306481375477,0.0,0.0,0.0
103.0,edulite_left_negative,100_1_1_1,left_distal_positive,小腿004,False,1.5,64.13985226357097,0.0,0.0,0.0
103.0,edulite_left_negative,000_1-4238_1_1,left_distal_positive,小腿004,False,0.7830133572595983,66.62418628944157,0.0,0.0,0.0
103.0,edulite_left_negative,00_1-8689_1_1,left_distal_positive,小腿004,False,1.0,63.730156129878644,0.0,0.0,0.0
103.0,edulite_left_positive,00_1-1305_1_1,left_proximal_positive,大腿垫高,True,1.4210854715202004e-14,2.549509752903461,0.0,0.0,0.0
103.0,edulite_left_positive,100_1_1_1,left_proximal_positive,大腿垫高,True,1.5000000000000142,1.5000000000000142,0.0,0.0,0.0
103.0,edulite_left_positive,000_1-4238_1_1,left_proximal_positive,大腿垫高,True,1.4210854715202004e-14,0.0,0.0,0.0,0.0
103.0,edulite_left_positive,00_1-4459_1_1,left_proximal_positive,大腿垫高,True,0.0,0.0,0.0,0.0,0.0
103.0,edulite_left_positive,00_1-4459_1_001,left_proximal_positive,大腿垫高,True,0.0,0.0,0.0,0.0,0.0
103.0,edulite_left_positive,00_1-4459_1_002,left_proximal_positive,大腿垫高,True,0.0,0.0,0.0,0.0,0.0
103.0,edulite_left_positive,200_1_1_1,left_proximal_positive,大腿垫高,True,1.0000000000000142,3.162277656235194,0.0,0.0,0.0
103.0,edulite_left_positive,00_1-8689_1_1,left_proximal_positive,大腿垫高,True,1.0000000000000142,2.1470910512891574,0.0,0.0,0.0
103.0,edulite_left_positive,00_1-1305_1_1,left_distal_positive,小腿004,False,0.0,16.072546323550025,0.0,0.0,0.0
103.0,edulite_left_positive,100_1_1_1,left_distal_positive,小腿004,False,1.5,20.62436573065947,0.0,0.0,0.0
103.0,edulite_left_positive,000_1-4238_1_1,left_distal_positive,小腿004,False,0.7830133572595983,23.075163989966708,0.0,0.0,0.0
103.0,edulite_left_positive,00_1-8689_1_1,left_distal_positive,小腿004,False,1.0,20.194520662112875,0.0,0.0,0.0
103.0,edulite_right_negative,00_1-1305_1_1,right_proximal_negative,大腿垫高001,True,2.842170943040401e-14,2.5495097529035697,0.0,0.0,0.0
103.0,edulite_right_negative,100_1_1_1,right_proximal_negative,大腿垫高001,True,1.5000000000000284,1.5000000000000284,0.0,0.0,0.0
103.0,edulite_right_negative,000_1-4238_1_1,right_proximal_negative,大腿垫高001,True,2.842170943040401e-14,0.0,0.0,0.0,0.0
103.0,edulite_right_negative,00_1-4459_1_1,right_proximal_negative,大腿垫高001,True,0.0,0.0,0.0,0.0,0.0
103.0,edulite_right_negative,00_1-4459_1_001,right_proximal_negative,大腿垫高001,True,0.0,0.0,0.0,0.0,0.0
103.0,edulite_right_negative,00_1-4459_1_002,right_proximal_negative,大腿垫高001,True,0.0,0.0,0.0,0.0,0.0
103.0,edulite_right_negative,200_1_1_1,right_proximal_negative,大腿垫高001,True,1.0000000000000284,3.1622776562353065,0.0,0.0,0.0
103.0,edulite_right_negative,00_1-8689_1_1,right_proximal_negative,大腿垫高001,True,1.0000000000000284,2.1470910512892787,0.0,0.0,0.0
103.0,edulite_right_negative,00_1-1305_1_1,right_distal_negative,小腿010,False,0.0,16.07254632366331,0.0,0.0,0.0
103.0,edulite_right_negative,100_1_1_1,right_distal_negative,小腿010,False,1.5,20.624365730772475,0.0,0.0,0.0
103.0,edulite_right_negative,000_1-4238_1_1,right_distal_negative,小腿010,False,0.7830133574777989,23.075163990079982,0.0,0.0,0.0
103.0,edulite_right_negative,00_1-8689_1_1,right_distal_negative,小腿010,False,1.0,20.19452066222604,0.0,0.0,0.0
103.0,edulite_right_positive,00_1-1305_1_1,right_proximal_positive,大腿002,True,1.4210854715202004e-14,1.4210854715202004e-14,0.0,0.0,0.0
103.0,edulite_right_positive,100_1_1_1,right_proximal_positive,大腿002,True,1.5000000000000142,1.5000000000000142,0.0,0.0,0.0
103.0,edulite_right_positive,000_1-4238_1_1,right_proximal_positive,大腿002,True,1.4210854715202004e-14,0.0,0.0,0.0,0.0
103.0,edulite_right_positive,00_1-4459_1_1,right_proximal_positive,大腿002,True,0.0,0.0,0.0,0.0,0.0
103.0,edulite_right_positive,00_1-4459_1_001,right_proximal_positive,大腿002,True,0.0,0.0,0.0,0.0,0.0
103.0,edulite_right_positive,00_1-4459_1_002,right_proximal_positive,大腿002,True,0.0,0.0,0.0,0.0,0.0
103.0,edulite_right_positive,200_1_1_1,right_proximal_positive,大腿002,True,1.0000000000000142,3.1622776548295097,0.0,0.0,0.0
103.0,edulite_right_positive,00_1-8689_1_1,right_proximal_positive,大腿002,True,1.0000000000000142,1.0000000000000142,0.0,0.0,0.0
103.0,edulite_right_positive,00_1-1305_1_1,right_distal_negative,小腿010,False,0.0,59.62306481395312,0.0,0.0,0.0
103.0,edulite_right_positive,100_1_1_1,right_distal_negative,小腿010,False,1.5,64.13985226376926,0.0,0.0,0.0
103.0,edulite_right_positive,000_1-4238_1_1,right_distal_negative,小腿010,False,0.7830133574777989,66.62418628963991,0.0,0.0,0.0
103.0,edulite_right_positive,00_1-8689_1_1,right_distal_negative,小腿010,False,1.0,63.73015613007696,0.0,0.0,0.0
103.0,left_proximal_negative,大腿,left_distal_negative,推力轴承,True,0.0,1.2789769243681803e-13,0.0,0.0,0.0
103.0,left_proximal_negative,大腿,left_distal_negative,小腿001,True,1.0000000000001137,1.000000000000142,0.0,0.0,0.0
103.0,left_proximal_negative,大腿,left_distal_negative,cross recessed pan head screws gb_GB_CROSS_SCREWS_TYPE1 M4X16-16  H type-C,True,0.0,0.09999999982905665,0.0,0.0,0.0
103.0,left_proximal_negative,大腿,left_distal_negative,"hex nuts, style 1-grades ab gb_GB_FASTENER_NUT_SNAB1 M4-C",True,0.0,1.1368683772161603e-13,0.0,0.0,0.0
103.0,left_proximal_negative,大腿,left_distal_positive,小腿004,False,0.0,66.62231007323413,0.0,0.0,0.0
103.0,left_proximal_positive,大腿垫高,left_distal_negative,小腿001,False,0.7830133616227783,66.62231007343168,0.0,0.0,0.0
103.0,left_proximal_positive,大腿001,left_distal_negative,小腿001,False,0.0,66.62231007343169,0.0,0.0,0.0
103.0,left_proximal_positive,大腿垫高,left_distal_positive,小腿004,True,0.7830133614055441,23.069746280104454,0.0,0.0,0.0
103.0,left_proximal_positive,大腿001,left_distal_positive,小腿004,True,1.0000000000000995,1.000000000000142,0.0,0.0,0.0
103.0,left_proximal_positive,大腿001,left_distal_positive,推力轴承001,True,0.0,1.4210854715202004e-13,0.0,0.0,0.0
103.0,left_proximal_positive,大腿001,left_distal_positive,cross recessed pan head screws gb_GB_CROSS_SCREWS_TYPE1 M4X16-16  H type-C001,True,0.0,0.09999999988856802,0.0,0.0,0.0
103.0,left_proximal_positive,大腿001,left_distal_positive,"hex nuts, style 1-grades ab gb_GB_FASTENER_NUT_SNAB1 M4-C001",True,0.0,5.684341886080802e-14,0.0,0.0,0.0
103.0,left_distal_negative,小腿001,left_distal_positive,小腿004,True,0.9999999999999858,0.9999999999999858,0.0,0.0,0.0
103.0,left_distal_negative,小腿001,left_wheel,推力轴承002,True,0.0,1.4210854715202004e-14,0.0,0.0,0.0
103.0,left_distal_negative,小腿001,left_wheel,驱动板004,True,0.4999999999998721,0.4999999999998863,0.0,0.0,0.0
103.0,left_distal_negative,小腿001,left_wheel,MISUMI_CBSTSR4-16_内六角螺栓（盖螺栓）,True,0.0,0.0,0.0,0.0,0.0
103.0,left_distal_positive,小腿004,left_wheel,推力轴承002,True,0.0,0.0,0.0,0.0,0.0
103.0,left_distal_positive,小腿004,left_wheel,MISUMI_C-SE604ZZ_不锈钢小径滚珠轴承,True,0.0,1.4210854715202004e-14,0.0,0.0,0.0
103.0,left_distal_positive,小腿004,left_wheel,MISUMI_CBSTSR4-16_内六角螺栓（盖螺栓）,True,0.0,0.09999999920920123,0.0,0.0,0.0
103.0,right_proximal_negative,大腿垫高001,right_distal_negative,小腿010,True,0.783013361623631,23.06974628021761,0.0,0.0,0.0
103.0,right_proximal_negative,大腿003,right_distal_negative,推力轴承004,True,0.0,1.2789769243681803e-13,0.0,0.0,0.0
103.0,right_proximal_negative,大腿003,right_distal_negative,小腿009,True,2.0,2.0,0.0,0.0,0.0
103.0,right_proximal_negative,大腿003,right_distal_negative,小腿010,True,1.0,1.0,0.0,0.0,0.0
103.0,right_proximal_negative,大腿003,right_distal_negative,"hex nuts, style 1-grades ab gb_GB_FASTENER_NUT_SNAB1 M4-C005",True,1.1368683772161603e-13,1.4210854715202004e-13,0.0,0.0,0.0
103.0,right_proximal_negative,大腿003,right_distal_negative,cross recessed pan head screws gb_GB_CROSS_SCREWS_TYPE1 M4X16-16  H type-C003,True,0.0,0.09999999986801422,0.0,0.0,0.0
103.0,right_proximal_negative,大腿垫高001,right_distal_positive,小腿007,False,0.7830133614052777,66.62231007323408,0.0,0.0,0.0
103.0,right_proximal_negative,大腿003,right_distal_positive,小腿007,False,0.0,66.62231007323406,0.0,0.0,0.0
103.0,right_proximal_positive,大腿002,right_distal_negative,小腿010,False,0.0,66.62231007343257,0.0,0.0,0.0
103.0,right_proximal_positive,大腿002,right_distal_positive,推力轴承003,True,0.0,0.0,0.0,0.0,0.0
103.0,right_proximal_positive,大腿002,right_distal_positive,小腿007,True,1.0,1.0000000000000142,0.0,0.0,0.0
103.0,right_proximal_positive,大腿002,right_distal_positive,cross recessed pan head screws gb_GB_CROSS_SCREWS_TYPE1 M4X16-16  H type-C002,True,0.0,0.09999999986925587,0.0,0.0,0.0
103.0,right_proximal_positive,大腿002,right_distal_positive,"hex nuts, style 1-grades ab gb_GB_FASTENER_NUT_SNAB1 M4-C003",True,0.0,1.4210854715202004e-14,0.0,0.0,0.0
103.0,right_distal_negative,小腿010,right_distal_positive,小腿007,True,1.0000000000000142,1.0000000000000142,0.0,0.0,0.0
103.0,right_distal_negative,小腿010,right_wheel,推力轴承005,True,0.0,1.4210854715202004e-14,0.0,0.0,0.0
103.0,right_distal_negative,小腿010,right_wheel,MISUMI_C-SE604ZZ_不锈钢小径滚珠轴承004,True,0.0,1.4210854715202004e-14,0.0,0.0,0.0
103.0,right_distal_negative,小腿010,right_wheel,MISUMI_CBSTSR4-16_内六角螺栓（盖螺栓）001,True,0.0,0.09999999971678322,0.0,0.0,0.0
103.0,right_distal_positive,小腿007,right_wheel,推力轴承005,True,0.0,0.0,0.0,0.0,0.0
103.0,right_distal_positive,小腿007,right_wheel,驱动板005,True,0.4999999999998863,0.49999999999991473,0.0,0.0,0.0
103.0,right_distal_positive,小腿007,right_wheel,MISUMI_CBSTSR4-16_内六角螺栓（盖螺栓）001,True,0.0,0.0,0.0,0.0,0.0
104.0,fixed,底板,left_distal_positive,cross recessed pan head screws gb_GB_CROSS_SCREWS_TYPE1 M4X16-16  H type-C001,False,1.3999999999999915,1.9368450456847264,0.0,0.0,0.0
104.0,fixed,底板,right_distal_negative,cross recessed pan head screws gb_GB_CROSS_SCREWS_TYPE1 M4X16-16  H type-C003,False,1.4000000000001336,1.9368450456076987,0.0,0.0,0.0
104.0,edulite_left_negative,00_1-1305_1_1,left_proximal_negative,大腿,True,0.0,5.684341886080802e-14,0.0,0.0,0.0
104.0,edulite_left_negative,100_1_1_1,left_proximal_negative,大腿,True,1.499999999999858,1.499999999999858,0.0,0.0,0.0
104.0,edulite_left_negative,000_1-4238_1_1,left_proximal_negative,大腿,True,0.0,0.0,0.0,0.0,0.0
104.0,edulite_left_negative,00_1-4459_1_1,left_proximal_negative,大腿,True,0.0,0.0,0.0,0.0,0.0
104.0,edulite_left_negative,00_1-4459_1_001,left_proximal_negative,大腿,True,0.0,0.0,0.0,0.0,0.0
104.0,edulite_left_negative,00_1-4459_1_002,left_proximal_negative,大腿,True,0.0,0.0,0.0,0.0,0.0
104.0,edulite_left_negative,200_1_1_1,left_proximal_negative,大腿,True,0.9999999999998579,3.1622776548143214,0.0,0.0,0.0
104.0,edulite_left_negative,00_1-8689_1_1,left_proximal_negative,大腿,True,0.9999999999998579,0.9999999999998579,0.0,0.0,0.0
104.0,edulite_left_negative,00_1-1305_1_1,left_distal_positive,小腿004,False,0.0,60.02167580524637,0.0,0.0,0.0
104.0,edulite_left_negative,100_1_1_1,left_distal_positive,小腿004,False,1.5,64.53835991960764,0.0,0.0,0.0
104.0,edulite_left_negative,000_1-4238_1_1,left_distal_positive,小腿004,False,1.40499365640974,67.02279113458263,0.0,0.0,0.0
104.0,edulite_left_negative,00_1-8689_1_1,left_distal_positive,小腿004,False,1.0,64.12872336368227,0.0,0.0,0.0
104.0,edulite_left_positive,00_1-1305_1_1,left_proximal_positive,大腿垫高,True,1.4210854715202004e-14,2.549509752903468,0.0,0.0,0.0
104.0,edulite_left_positive,100_1_1_1,left_proximal_positive,大腿垫高,True,1.5000000000000142,1.5000000000000142,0.0,0.0,0.0
104.0,edulite_left_positive,000_1-4238_1_1,left_proximal_positive,大腿垫高,True,1.4210854715202004e-14,0.0,0.0,0.0,0.0
104.0,edulite_left_positive,00_1-4459_1_1,left_proximal_positive,大腿垫高,True,0.0,0.0,0.0,0.0,0.0
104.0,edulite_left_positive,00_1-4459_1_001,left_proximal_positive,大腿垫高,True,0.0,0.0,0.0,0.0,0.0
104.0,edulite_left_positive,00_1-4459_1_002,left_proximal_positive,大腿垫高,True,0.0,0.0,0.0,0.0,0.0
104.0,edulite_left_positive,200_1_1_1,left_proximal_positive,大腿垫高,True,1.0000000000000142,3.162277656235194,0.0,0.0,0.0
104.0,edulite_left_positive,00_1-8689_1_1,left_proximal_positive,大腿垫高,True,1.0000000000000142,2.147091051289157,0.0,0.0,0.0
104.0,edulite_left_positive,00_1-1305_1_1,left_distal_positive,小腿004,False,0.0,16.25511961502072,0.0,0.0,0.0
104.0,edulite_left_positive,100_1_1_1,left_distal_positive,小腿004,False,1.5,20.806491123794494,0.0,0.0,0.0
104.0,edulite_left_positive,000_1-4238_1_1,left_distal_positive,小腿004,False,1.40499365640974,23.25772619986358,0.0,0.0,0.0
104.0,edulite_left_positive,00_1-8689_1_1,left_distal_positive,小腿004,False,1.0,20.376903397425576,0.0,0.0,0.0
104.0,edulite_right_negative,00_1-1305_1_1,right_proximal_negative,大腿垫高001,True,2.842170943040401e-14,2.5495097529035613,0.0,0.0,0.0
104.0,edulite_right_negative,100_1_1_1,right_proximal_negative,大腿垫高001,True,1.5000000000000284,1.5000000000000284,0.0,0.0,0.0
104.0,edulite_right_negative,000_1-4238_1_1,right_proximal_negative,大腿垫高001,True,2.842170943040401e-14,0.0,0.0,0.0,0.0
104.0,edulite_right_negative,00_1-4459_1_1,right_proximal_negative,大腿垫高001,True,0.0,0.0,0.0,0.0,0.0
104.0,edulite_right_negative,00_1-4459_1_001,right_proximal_negative,大腿垫高001,True,0.0,0.0,0.0,0.0,0.0
104.0,edulite_right_negative,00_1-4459_1_002,right_proximal_negative,大腿垫高001,True,0.0,0.0,0.0,0.0,0.0
104.0,edulite_right_negative,200_1_1_1,right_proximal_negative,大腿垫高001,True,1.0000000000000284,3.1622776562353065,0.0,0.0,0.0
104.0,edulite_right_negative,00_1-8689_1_1,right_proximal_negative,大腿垫高001,True,1.0000000000000284,2.147091051289279,0.0,0.0,0.0
104.0,edulite_right_negative,00_1-1305_1_1,right_distal_negative,小腿010,False,0.0,16.255119615131978,0.0,0.0,0.0
104.0,edulite_right_negative,100_1_1_1,right_distal_negative,小腿010,False,1.5,20.80649112390548,0.0,0.0,0.0
104.0,edulite_right_negative,000_1-4238_1_1,right_distal_negative,小腿010,False,1.404993656628335,23.257726199974833,0.0,0.0,0.0
104.0,edulite_right_negative,00_1-8689_1_1,right_distal_negative,小腿010,False,1.0,20.37690339753673,0.0,0.0,0.0
104.0,edulite_right_positive,00_1-1305_1_1,right_proximal_positive,大腿002,True,1.4210854715202004e-14,1.4210854715202004e-14,0.0,0.0,0.0
104.0,edulite_right_positive,100_1_1_1,right_proximal_positive,大腿002,True,1.5000000000000142,1.5000000000000142,0.0,0.0,0.0
104.0,edulite_right_positive,000_1-4238_1_1,right_proximal_positive,大腿002,True,1.4210854715202004e-14,0.0,0.0,0.0,0.0
104.0,edulite_right_positive,00_1-4459_1_1,right_proximal_positive,大腿002,True,0.0,0.0,0.0,0.0,0.0
104.0,edulite_right_positive,00_1-4459_1_001,right_proximal_positive,大腿002,True,0.0,0.0,0.0,0.0,0.0
104.0,edulite_right_positive,00_1-4459_1_002,right_proximal_positive,大腿002,True,0.0,0.0,0.0,0.0,0.0
104.0,edulite_right_positive,200_1_1_1,right_proximal_positive,大腿002,True,1.0000000000000142,3.1622776548142135,0.0,0.0,0.0
104.0,edulite_right_positive,00_1-8689_1_1,right_proximal_positive,大腿002,True,1.0000000000000142,1.0000000000000142,0.0,0.0,0.0
104.0,edulite_right_positive,00_1-1305_1_1,right_distal_negative,小腿010,False,0.0,60.02167580544222,0.0,0.0,0.0
104.0,edulite_right_positive,100_1_1_1,right_distal_negative,小腿010,False,1.5,64.53835991980347,0.0,0.0,0.0
104.0,edulite_right_positive,000_1-4238_1_1,right_distal_negative,小腿010,False,1.404993656628335,67.02279113477849,0.0,0.0,0.0
104.0,edulite_right_positive,00_1-8689_1_1,right_distal_negative,小腿010,False,1.0,64.12872336387812,0.0,0.0,0.0
104.0,left_proximal_negative,大腿,left_distal_negative,推力轴承,True,0.0,1.2789769243681803e-13,0.0,0.0,0.0
104.0,left_proximal_negative,大腿,left_distal_negative,小腿001,True,1.0000000000001137,1.000000000000142,0.0,0.0,0.0
104.0,left_proximal_negative,大腿,left_distal_negative,cross recessed pan head screws gb_GB_CROSS_SCREWS_TYPE1 M4X16-16  H type-C,True,0.0,0.09999999985063736,0.0,0.0,0.0
104.0,left_proximal_negative,大腿,left_distal_negative,"hex nuts, style 1-grades ab gb_GB_FASTENER_NUT_SNAB1 M4-C",True,0.0,1.1368683772161603e-13,0.0,0.0,0.0
104.0,left_proximal_negative,大腿,left_distal_positive,小腿004,False,0.0,67.02092607714543,0.0,0.0,0.0
104.0,left_proximal_positive,大腿垫高,left_distal_negative,小腿001,False,1.4049936607733144,67.0209260773405,0.0,0.0,0.0
104.0,left_proximal_positive,大腿001,left_distal_negative,小腿001,False,0.0,67.0209260773405,0.0,0.0,0.0
104.0,left_proximal_positive,大腿垫高,left_distal_positive,小腿004,True,1.4049936605556859,23.252351026388293,0.0,0.0,0.0
104.0,left_proximal_positive,大腿001,left_distal_positive,小腿004,True,1.0000000000000995,1.000000000000142,0.0,0.0,0.0
104.0,left_proximal_positive,大腿001,left_distal_positive,推力轴承001,True,0.0,1.4210854715202004e-13,0.0,0.0,0.0
104.0,left_proximal_positive,大腿001,left_distal_positive,cross recessed pan head screws gb_GB_CROSS_SCREWS_TYPE1 M4X16-16  H type-C001,True,0.0,0.09999999988706874,0.0,0.0,0.0
104.0,left_proximal_positive,大腿001,left_distal_positive,"hex nuts, style 1-grades ab gb_GB_FASTENER_NUT_SNAB1 M4-C001",True,0.0,5.684341886080802e-14,0.0,0.0,0.0
104.0,left_distal_negative,小腿001,left_distal_positive,小腿004,True,0.9999999999999858,0.9999999999999858,0.0,0.0,0.0
104.0,left_distal_negative,小腿001,left_wheel,推力轴承002,True,0.0,1.4210854715202004e-14,0.0,0.0,0.0
104.0,left_distal_negative,小腿001,left_wheel,驱动板004,True,0.4999999999998721,0.4999999999998863,0.0,0.0,0.0
104.0,left_distal_negative,小腿001,left_wheel,MISUMI_CBSTSR4-16_内六角螺栓（盖螺栓）,True,0.0,0.0,0.0,0.0,0.0
104.0,left_distal_positive,小腿004,left_wheel,推力轴承002,True,0.0,0.0,0.0,0.0,0.0
104.0,left_distal_positive,小腿004,left_wheel,MISUMI_C-SE604ZZ_不锈钢小径滚珠轴承,True,0.0,1.4210854715202004e-14,0.0,0.0,0.0
104.0,left_distal_positive,小腿004,left_wheel,MISUMI_CBSTSR4-16_内六角螺栓（盖螺栓）,True,0.0,0.09999999918424568,0.0,0.0,0.0
104.0,right_proximal_negative,大腿垫高001,right_distal_negative,小腿010,True,1.404993660774167,23.25235102649943,0.0,0.0,0.0
104.0,right_proximal_negative,大腿003,right_distal_negative,推力轴承004,True,0.0,1.2789769243681803e-13,0.0,0.0,0.0
104.0,right_proximal_negative,大腿003,right_distal_negative,小腿009,True,2.0,2.0,0.0,0.0,0.0
104.0,right_proximal_negative,大腿003,right_distal_negative,小腿010,True,1.0,1.0,0.0,0.0,0.0
104.0,right_proximal_negative,大腿003,right_distal_negative,"hex nuts, style 1-grades ab gb_GB_FASTENER_NUT_SNAB1 M4-C005",True,1.1368683772161603e-13,1.4210854715202004e-13,0.0,0.0,0.0
104.0,right_proximal_negative,大腿003,right_distal_negative,cross recessed pan head screws gb_GB_CROSS_SCREWS_TYPE1 M4X16-16  H type-C003,True,0.0,0.09999999988355415,0.0,0.0,0.0
104.0,right_proximal_negative,大腿垫高001,right_distal_positive,小腿007,False,1.4049936605554336,67.02092607714538,0.0,0.0,0.0
104.0,right_proximal_negative,大腿003,right_distal_positive,小腿007,False,0.0,67.02092607714536,0.0,0.0,0.0
104.0,right_proximal_positive,大腿002,right_distal_negative,小腿010,False,0.0,67.02092607734139,0.0,0.0,0.0
104.0,right_proximal_positive,大腿002,right_distal_positive,推力轴承003,True,0.0,0.0,0.0,0.0,0.0
104.0,right_proximal_positive,大腿002,right_distal_positive,小腿007,True,1.0,1.0000000000000142,0.0,0.0,0.0
104.0,right_proximal_positive,大腿002,right_distal_positive,cross recessed pan head screws gb_GB_CROSS_SCREWS_TYPE1 M4X16-16  H type-C002,True,0.0,0.09999999987220834,0.0,0.0,0.0
104.0,right_proximal_positive,大腿002,right_distal_positive,"hex nuts, style 1-grades ab gb_GB_FASTENER_NUT_SNAB1 M4-C003",True,0.0,1.4210854715202004e-14,0.0,0.0,0.0
104.0,right_distal_negative,小腿010,right_distal_positive,小腿007,True,1.0000000000000142,1.0000000000000142,0.0,0.0,0.0
104.0,right_distal_negative,小腿010,right_wheel,推力轴承005,True,0.0,1.4210854715202004e-14,0.0,0.0,0.0
104.0,right_distal_negative,小腿010,right_wheel,MISUMI_C-SE604ZZ_不锈钢小径滚珠轴承004,True,0.0,1.4210854715202004e-14,0.0,0.0,0.0
104.0,right_distal_negative,小腿010,right_wheel,MISUMI_CBSTSR4-16_内六角螺栓（盖螺栓）001,True,0.0,0.0999999997270121,0.0,0.0,0.0
104.0,right_distal_positive,小腿007,right_wheel,推力轴承005,True,0.0,0.0,0.0,0.0,0.0
104.0,right_distal_positive,小腿007,right_wheel,驱动板005,True,0.4999999999998863,0.49999999999991473,0.0,0.0,0.0
104.0,right_distal_positive,小腿007,right_wheel,MISUMI_CBSTSR4-16_内六角螺栓（盖螺栓）001,True,0.0,0.0,0.0,0.0,0.0
105.0,fixed,底板,left_distal_positive,cross recessed pan head screws gb_GB_CROSS_SCREWS_TYPE1 M4X16-16  H type-C001,False,1.3999999999999915,1.7460034031021718,0.0,0.0,0.0
105.0,fixed,底板,right_distal_negative,cross recessed pan head screws gb_GB_CROSS_SCREWS_TYPE1 M4X16-16  H type-C003,False,1.4000000000001336,1.7184289400294537,0.0,0.0,0.0
105.0,edulite_left_negative,00_1-1305_1_1,left_proximal_negative,大腿,True,0.0,5.684341886080802e-14,0.0,0.0,0.0
105.0,edulite_left_negative,100_1_1_1,left_proximal_negative,大腿,True,1.499999999999858,1.499999999999858,0.0,0.0,0.0
105.0,edulite_left_negative,000_1-4238_1_1,left_proximal_negative,大腿,True,0.0,0.0,0.0,0.0,0.0
105.0,edulite_left_negative,00_1-4459_1_1,left_proximal_negative,大腿,True,0.0,0.0,0.0,0.0,0.0
105.0,edulite_left_negative,00_1-4459_1_001,left_proximal_negative,大腿,True,0.0,0.0,0.0,0.0,0.0
105.0,edulite_left_negative,00_1-4459_1_002,left_proximal_negative,大腿,True,0.0,0.0,0.0,0.0,0.0
105.0,edulite_left_negative,200_1_1_1,left_proximal_negative,大腿,True,0.9999999999998579,3.1622776548001656,0.0,0.0,0.0
105.0,edulite_left_negative,00_1-8689_1_1,left_proximal_negative,大腿,True,0.9999999999998579,0.9999999999998579,0.0,0.0,0.0
105.0,edulite_left_negative,00_1-1305_1_1,left_distal_positive,小腿004,False,0.0,60.40434480188988,0.0,0.0,0.0
105.0,edulite_left_negative,100_1_1_1,left_distal_positive,小腿004,False,1.5,64.92093090294958,0.0,0.0,0.0
105.0,edulite_left_negative,00_1-8689_1_1,left_distal_positive,小腿004,False,1.0,64.511350857437,0.0,0.0,0.0
105.0,edulite_left_positive,00_1-1305_1_1,left_proximal_positive,大腿垫高,True,1.4210854715202004e-14,2.549509752903461,0.0,0.0,0.0
105.0,edulite_left_positive,100_1_1_1,left_proximal_positive,大腿垫高,True,1.5000000000000142,1.5000000000000142,0.0,0.0,0.0
105.0,edulite_left_positive,000_1-4238_1_1,left_proximal_positive,大腿垫高,True,1.4210854715202004e-14,0.0,0.0,0.0,0.0
105.0,edulite_left_positive,00_1-4459_1_1,left_proximal_positive,大腿垫高,True,0.0,0.0,0.0,0.0,0.0
105.0,edulite_left_positive,00_1-4459_1_001,left_proximal_positive,大腿垫高,True,0.0,0.0,0.0,0.0,0.0
105.0,edulite_left_positive,00_1-4459_1_002,left_proximal_positive,大腿垫高,True,0.0,0.0,0.0,0.0,0.0
105.0,edulite_left_positive,200_1_1_1,left_proximal_positive,大腿垫高,True,1.0000000000000142,3.162277656235194,0.0,0.0,0.0
105.0,edulite_left_positive,00_1-8689_1_1,left_proximal_positive,大腿垫高,True,1.0000000000000142,2.1470910512891566,0.0,0.0,0.0
105.0,edulite_left_positive,00_1-1305_1_1,left_distal_positive,小腿004,False,0.0,16.418832622253213,0.0,0.0,0.0
105.0,edulite_left_positive,100_1_1_1,left_distal_positive,小腿004,False,1.5,20.96980899823372,0.0,0.0,0.0
105.0,edulite_left_positive,00_1-8689_1_1,left_distal_positive,小腿004,False,1.0,20.54044829383604,0.0,0.0,0.0
105.0,edulite_right_negative,00_1-1305_1_1,right_proximal_negative,大腿垫高001,True,2.842170943040401e-14,2.549509752903565,0.0,0.0,0.0
105.0,edulite_right_negative,100_1_1_1,right_proximal_negative,大腿垫高001,True,1.5000000000000284,1.5000000000000284,0.0,0.0,0.0
105.0,edulite_right_negative,000_1-4238_1_1,right_proximal_negative,大腿垫高001,True,2.842170943040401e-14,0.0,0.0,0.0,0.0
105.0,edulite_right_negative,00_1-4459_1_1,right_proximal_negative,大腿垫高001,True,0.0,0.0,0.0,0.0,0.0
105.0,edulite_right_negative,00_1-4459_1_001,right_proximal_negative,大腿垫高001,True,0.0,0.0,0.0,0.0,0.0
105.0,edulite_right_negative,00_1-4459_1_002,right_proximal_negative,大腿垫高001,True,0.0,0.0,0.0,0.0,0.0
105.0,edulite_right_negative,200_1_1_1,right_proximal_negative,大腿垫高001,True,1.0000000000000284,3.1622776562353065,0.0,0.0,0.0
105.0,edulite_right_negative,00_1-8689_1_1,right_proximal_negative,大腿垫高001,True,1.0000000000000284,2.147091051289272,0.0,0.0,0.0
105.0,edulite_right_negative,00_1-1305_1_1,right_distal_negative,小腿010,False,0.0,16.418832622362412,0.0,0.0,0.0
105.0,edulite_right_negative,100_1_1_1,right_distal_negative,小腿010,False,1.5,20.969808998342664,0.0,0.0,0.0
105.0,edulite_right_negative,00_1-8689_1_1,right_distal_negative,小腿010,False,1.0,20.540448293945115,0.0,0.0,0.0
105.0,edulite_right_positive,00_1-1305_1_1,right_proximal_positive,大腿002,True,1.4210854715202004e-14,1.4210854715202004e-14,0.0,0.0,0.0
105.0,edulite_right_positive,100_1_1_1,right_proximal_positive,大腿002,True,1.5000000000000142,1.5000000000000142,0.0,0.0,0.0
105.0,edulite_right_positive,000_1-4238_1_1,right_proximal_positive,大腿002,True,1.4210854715202004e-14,0.0,0.0,0.0,0.0
105.0,edulite_right_positive,00_1-4459_1_1,right_proximal_positive,大腿002,True,0.0,0.0,0.0,0.0,0.0
105.0,edulite_right_positive,00_1-4459_1_001,right_proximal_positive,大腿002,True,0.0,0.0,0.0,0.0,0.0
105.0,edulite_right_positive,00_1-4459_1_002,right_proximal_positive,大腿002,True,0.0,0.0,0.0,0.0,0.0
105.0,edulite_right_positive,200_1_1_1,right_proximal_positive,大腿002,True,1.0000000000000142,3.16227765480006,0.0,0.0,0.0
105.0,edulite_right_positive,00_1-8689_1_1,right_proximal_positive,大腿002,True,1.0000000000000142,1.0000000000000142,0.0,0.0,0.0
105.0,edulite_right_positive,00_1-1305_1_1,right_distal_negative,小腿010,False,0.0,60.4043448020832,0.0,0.0,0.0
105.0,edulite_right_positive,100_1_1_1,right_distal_negative,小腿010,False,1.5,64.92093090314285,0.0,0.0,0.0
105.0,edulite_right_positive,00_1-8689_1_1,right_distal_negative,小腿010,False,1.0,64.51135085763028,0.0,0.0,0.0
105.0,left_proximal_negative,大腿,left_distal_negative,推力轴承,True,0.0,1.2789769243681803e-13,0.0,0.0,0.0
105.0,left_proximal_negative,大腿,left_distal_negative,小腿001,True,1.0000000000001137,1.000000000000142,0.0,0.0,0.0
105.0,left_proximal_negative,大腿,left_distal_negative,cross recessed pan head screws gb_GB_CROSS_SCREWS_TYPE1 M4X16-16  H type-C,True,0.0,0.09999999987230636,0.0,0.0,0.0
105.0,left_proximal_negative,大腿,left_distal_negative,"hex nuts, style 1-grades ab gb_GB_FASTENER_NUT_SNAB1 M4-C",True,0.0,1.1368683772161603e-13,0.0,0.0,0.0
105.0,left_proximal_negative,大腿,left_distal_positive,小腿004,False,0.0,67.40359982350257,0.0,0.0,0.0
105.0,left_proximal_positive,大腿001,left_distal_negative,小腿001,False,0.0,67.40359982369507,0.0,0.0,0.0
105.0,left_proximal_positive,大腿001,left_distal_positive,小腿004,True,1.0000000000000995,1.000000000000142,0.0,0.0,0.0
105.0,left_proximal_positive,大腿001,left_distal_positive,推力轴承001,True,0.0,1.4210854715202004e-13,0.0,0.0,0.0
105.0,left_proximal_positive,大腿001,left_distal_positive,cross recessed pan head screws gb_GB_CROSS_SCREWS_TYPE1 M4X16-16  H type-C001,True,0.0,0.09999999988581429,0.0,0.0,0.0
105.0,left_proximal_positive,大腿001,left_distal_positive,"hex nuts, style 1-grades ab gb_GB_FASTENER_NUT_SNAB1 M4-C001",True,0.0,5.684341886080802e-14,0.0,0.0,0.0
105.0,left_distal_negative,小腿001,left_distal_positive,小腿004,True,0.9999999999999858,0.9999999999999858,0.0,0.0,0.0
105.0,left_distal_negative,小腿001,left_wheel,推力轴承002,True,0.0,1.4210854715202004e-14,0.0,0.0,0.0
105.0,left_distal_negative,小腿001,left_wheel,驱动板004,True,0.4999999999998721,0.4999999999998863,0.0,0.0,0.0
105.0,left_distal_negative,小腿001,left_wheel,MISUMI_CBSTSR4-16_内六角螺栓（盖螺栓）,True,0.0,0.0,0.0,0.0,0.0
105.0,left_distal_positive,小腿004,left_wheel,推力轴承002,True,0.0,0.0,0.0,0.0,0.0
105.0,left_distal_positive,小腿004,left_wheel,MISUMI_C-SE604ZZ_不锈钢小径滚珠轴承,True,0.0,1.4210854715202004e-14,0.0,0.0,0.0
105.0,left_distal_positive,小腿004,left_wheel,MISUMI_CBSTSR4-16_内六角螺栓（盖螺栓）,True,0.0,0.09999999918513468,0.0,0.0,0.0
105.0,right_proximal_negative,大腿003,right_distal_negative,推力轴承004,True,0.0,1.2789769243681803e-13,0.0,0.0,0.0
105.0,right_proximal_negative,大腿003,right_distal_negative,小腿009,True,2.0,2.0,0.0,0.0,0.0
105.0,right_proximal_negative,大腿003,right_distal_negative,小腿010,True,1.0,1.0,0.0,0.0,0.0
105.0,right_proximal_negative,大腿003,right_distal_negative,"hex nuts, style 1-grades ab gb_GB_FASTENER_NUT_SNAB1 M4-C005",True,1.1368683772161603e-13,1.4210854715202004e-13,0.0,0.0,0.0
105.0,right_proximal_negative,大腿003,right_distal_negative,cross recessed pan head screws gb_GB_CROSS_SCREWS_TYPE1 M4X16-16  H type-C003,True,0.0,0.09999999988118327,0.0,0.0,0.0
105.0,right_proximal_negative,大腿003,right_distal_positive,小腿007,False,0.0,67.40359982350249,0.0,0.0,0.0
105.0,right_proximal_positive,大腿002,right_distal_negative,小腿010,False,0.0,67.40359982369598,0.0,0.0,0.0
105.0,right_proximal_positive,大腿002,right_distal_positive,推力轴承003,True,0.0,0.0,0.0,0.0,0.0
105.0,right_proximal_positive,大腿002,right_distal_positive,小腿007,True,1.0,1.0000000000000142,0.0,0.0,0.0
105.0,right_proximal_positive,大腿002,right_distal_positive,cross recessed pan head screws gb_GB_CROSS_SCREWS_TYPE1 M4X16-16  H type-C002,True,0.0,0.09999999987637771,0.0,0.0,0.0
105.0,right_proximal_positive,大腿002,right_distal_positive,"hex nuts, style 1-grades ab gb_GB_FASTENER_NUT_SNAB1 M4-C003",True,0.0,1.4210854715202004e-14,0.0,0.0,0.0
105.0,right_distal_negative,小腿010,right_distal_positive,小腿007,True,1.0000000000000142,1.0000000000000142,0.0,0.0,0.0
105.0,right_distal_negative,小腿010,right_wheel,推力轴承005,True,0.0,1.4210854715202004e-14,0.0,0.0,0.0
105.0,right_distal_negative,小腿010,right_wheel,MISUMI_C-SE604ZZ_不锈钢小径滚珠轴承004,True,0.0,1.4210854715202004e-14,0.0,0.0,0.0
105.0,right_distal_negative,小腿010,right_wheel,MISUMI_CBSTSR4-16_内六角螺栓（盖螺栓）001,True,0.0,0.09999999972671705,0.0,0.0,0.0
105.0,right_distal_positive,小腿007,right_wheel,推力轴承005,True,0.0,0.0,0.0,0.0,0.0
105.0,right_distal_positive,小腿007,right_wheel,驱动板005,True,0.4999999999998863,0.49999999999991473,0.0,0.0,0.0
105.0,right_distal_positive,小腿007,right_wheel,MISUMI_CBSTSR4-16_内六角螺栓（盖螺栓）001,True,0.0,0.0,0.0,0.0,0.0
106.0,fixed,底板,left_distal_positive,cross recessed pan head screws gb_GB_CROSS_SCREWS_TYPE1 M4X16-16  H type-C001,False,1.3999999999999915,1.5858902230606466,0.0,0.0,0.0
106.0,fixed,底板,right_distal_negative,cross recessed pan head screws gb_GB_CROSS_SCREWS_TYPE1 M4X16-16  H type-C003,False,1.4000000000001336,1.554592248351391,0.0,0.0,0.0
106.0,edulite_left_negative,00_1-1305_1_1,left_proximal_negative,大腿,True,0.0,5.684341886080802e-14,0.0,0.0,0.0
106.0,edulite_left_negative,100_1_1_1,left_proximal_negative,大腿,True,1.499999999999858,1.499999999999858,0.0,0.0,0.0
106.0,edulite_left_negative,000_1-4238_1_1,left_proximal_negative,大腿,True,0.0,0.0,0.0,0.0,0.0
106.0,edulite_left_negative,00_1-4459_1_1,left_proximal_negative,大腿,True,0.0,0.0,0.0,0.0,0.0
106.0,edulite_left_negative,00_1-4459_1_001,left_proximal_negative,大腿,True,0.0,0.0,0.0,0.0,0.0
106.0,edulite_left_negative,00_1-4459_1_002,left_proximal_negative,大腿,True,0.0,0.0,0.0,0.0,0.0
106.0,edulite_left_negative,200_1_1_1,left_proximal_negative,大腿,True,0.9999999999998579,3.162277654787176,0.0,0.0,0.0
106.0,edulite_left_negative,00_1-8689_1_1,left_proximal_negative,大腿,True,0.9999999999998579,0.9999999999998579,0.0,0.0,0.0
106.0,edulite_left_negative,00_1-1305_1_1,left_distal_positive,小腿004,False,0.0,60.770624450438824,0.0,0.0,0.0
106.0,edulite_left_negative,100_1_1_1,left_distal_positive,小腿004,False,1.5059485898188962,65.28711780822844,0.0,0.0,0.0
106.0,edulite_left_negative,00_1-8689_1_1,left_distal_positive,小腿004,False,1.0,64.87759123565112,0.0,0.0,0.0
106.0,edulite_left_positive,00_1-1305_1_1,left_proximal_positive,大腿垫高,True,1.4210854715202004e-14,2.549509752903461,0.0,0.0,0.0
106.0,edulite_left_positive,100_1_1_1,left_proximal_positive,大腿垫高,True,1.5000000000000142,1.5000000000000142,0.0,0.0,0.0
106.0,edulite_left_positive,000_1-4238_1_1,left_proximal_positive,大腿垫高,True,1.4210854715202004e-14,0.0,0.0,0.0,0.0
106.0,edulite_left_positive,00_1-4459_1_1,left_proximal_positive,大腿垫高,True,0.0,0.0,0.0,0.0,0.0
106.0,edulite_left_positive,00_1-4459_1_001,left_proximal_positive,大腿垫高,True,0.0,0.0,0.0,0.0,0.0
106.0,edulite_left_positive,00_1-4459_1_002,left_proximal_positive,大腿垫高,True,0.0,0.0,0.0,0.0,0.0
106.0,edulite_left_positive,200_1_1_1,left_proximal_positive,大腿垫高,True,1.0000000000000142,3.162277656235194,0.0,0.0,0.0
106.0,edulite_left_positive,00_1-8689_1_1,left_proximal_positive,大腿垫高,True,1.0000000000000142,2.147091051289157,0.0,0.0,0.0
106.0,edulite_left_positive,00_1-1305_1_1,left_distal_positive,小腿004,False,0.0,16.563298424694555,0.0,0.0,0.0
106.0,edulite_left_positive,100_1_1_1,left_distal_positive,小腿004,False,1.5059485898188962,21.113931108881072,0.0,0.0,0.0
106.0,edulite_left_positive,00_1-8689_1_1,left_distal_positive,小腿004,False,1.0,20.684767868874793,0.0,0.0,0.0
106.0,edulite_right_negative,00_1-1305_1_1,right_proximal_negative,大腿垫高001,True,2.842170943040401e-14,2.5495097529035613,0.0,0.0,0.0
106.0,edulite_right_negative,100_1_1_1,right_proximal_negative,大腿垫高001,True,1.5000000000000284,1.5000000000000284,0.0,0.0,0.0
106.0,edulite_right_negative,000_1-4238_1_1,right_proximal_negative,大腿垫高001,True,2.842170943040401e-14,0.0,0.0,0.0,0.0
106.0,edulite_right_negative,00_1-4459_1_1,right_proximal_negative,大腿垫高001,True,0.0,0.0,0.0,0.0,0.0
106.0,edulite_right_negative,00_1-4459_1_001,right_proximal_negative,大腿垫高001,True,0.0,0.0,0.0,0.0,0.0
106.0,edulite_right_negative,00_1-4459_1_002,right_proximal_negative,大腿垫高001,True,0.0,0.0,0.0,0.0,0.0
106.0,edulite_right_negative,200_1_1_1,right_proximal_negative,大腿垫高001,True,1.0000000000000284,3.1622776562353065,0.0,0.0,0.0
106.0,edulite_right_negative,00_1-8689_1_1,right_proximal_negative,大腿垫高001,True,1.0000000000000284,2.1470910512892787,0.0,0.0,0.0
106.0,edulite_right_negative,00_1-1305_1_1,right_distal_negative,小腿010,False,0.0,16.563298424801697,0.0,0.0,0.0
106.0,edulite_right_negative,100_1_1_1,right_distal_negative,小腿010,False,1.505948589838377,21.11393110898795,0.0,0.0,0.0
106.0,edulite_right_negative,00_1-8689_1_1,right_distal_negative,小腿010,False,1.0,20.68476786898181,0.0,0.0,0.0
106.0,edulite_right_positive,00_1-1305_1_1,right_proximal_positive,大腿002,True,1.4210854715202004e-14,1.4210854715202004e-14,0.0,0.0,0.0
106.0,edulite_right_positive,100_1_1_1,right_proximal_positive,大腿002,True,1.5000000000000142,1.5000000000000142,0.0,0.0,0.0
106.0,edulite_right_positive,000_1-4238_1_1,right_proximal_positive,大腿002,True,1.4210854715202004e-14,0.0,0.0,0.0,0.0
106.0,edulite_right_positive,00_1-4459_1_1,right_proximal_positive,大腿002,True,0.0,0.0,0.0,0.0,0.0
106.0,edulite_right_positive,00_1-4459_1_001,right_proximal_positive,大腿002,True,0.0,0.0,0.0,0.0,0.0
106.0,edulite_right_positive,00_1-4459_1_002,right_proximal_positive,大腿002,True,0.0,0.0,0.0,0.0,0.0
106.0,edulite_right_positive,200_1_1_1,right_proximal_positive,大腿002,True,1.0000000000000142,3.1622776547870686,0.0,0.0,0.0
106.0,edulite_right_positive,00_1-8689_1_1,right_proximal_positive,大腿002,True,1.0000000000000142,1.0000000000000142,0.0,0.0,0.0
106.0,edulite_right_positive,00_1-1305_1_1,right_distal_negative,小腿010,False,0.0,60.77062445062957,0.0,0.0,0.0
106.0,edulite_right_positive,100_1_1_1,right_distal_negative,小腿010,False,1.505948589838377,65.28711780841913,0.0,0.0,0.0
106.0,edulite_right_positive,00_1-8689_1_1,right_distal_negative,小腿010,False,1.0,64.87759123584183,0.0,0.0,0.0
106.0,left_proximal_negative,大腿,left_distal_negative,推力轴承,True,0.0,1.2789769243681803e-13,0.0,0.0,0.0
106.0,left_proximal_negative,大腿,left_distal_negative,小腿001,True,1.0000000000001137,1.000000000000142,0.0,0.0,0.0
106.0,left_proximal_negative,大腿,left_distal_negative,cross recessed pan head screws gb_GB_CROSS_SCREWS_TYPE1 M4X16-16  H type-C,True,0.0,0.0999999998782593,0.0,0.0,0.0
106.0,left_proximal_negative,大腿,left_distal_negative,"hex nuts, style 1-grades ab gb_GB_FASTENER_NUT_SNAB1 M4-C",True,0.0,1.1368683772161603e-13,0.0,0.0,0.0
106.0,left_proximal_negative,大腿,left_distal_positive,小腿004,False,0.0,67.76988396230877,0.0,0.0,0.0
106.0,left_proximal_positive,大腿001,left_distal_negative,小腿001,False,0.0,67.76988396249872,0.0,0.0,0.0
106.0,left_proximal_positive,大腿001,left_distal_positive,小腿004,True,1.0000000000000995,1.000000000000142,0.0,0.0,0.0
106.0,left_proximal_positive,大腿001,left_distal_positive,推力轴承001,True,0.0,1.4210854715202004e-13,0.0,0.0,0.0
106.0,left_proximal_positive,大腿001,left_distal_positive,cross recessed pan head screws gb_GB_CROSS_SCREWS_TYPE1 M4X16-16  H type-C001,True,0.0,0.0999999998848634,0.0,0.0,0.0
106.0,left_proximal_positive,大腿001,left_distal_positive,"hex nuts, style 1-grades ab gb_GB_FASTENER_NUT_SNAB1 M4-C001",True,0.0,5.684341886080802e-14,0.0,0.0,0.0
106.0,left_distal_negative,小腿001,left_distal_positive,小腿004,True,0.9999999999999858,0.9999999999999858,0.0,0.0,0.0
106.0,left_distal_negative,小腿001,left_wheel,推力轴承002,True,0.0,1.4210854715202004e-14,0.0,0.0,0.0
106.0,left_distal_negative,小腿001,left_wheel,驱动板004,True,0.4999999999998721,0.4999999999998863,0.0,0.0,0.0
106.0,left_distal_negative,小腿001,left_wheel,MISUMI_CBSTSR4-16_内六角螺栓（盖螺栓）,True,0.0,0.0,0.0,0.0,0.0
106.0,left_distal_positive,小腿004,left_wheel,推力轴承002,True,0.0,0.0,0.0,0.0,0.0
106.0,left_distal_positive,小腿004,left_wheel,MISUMI_C-SE604ZZ_不锈钢小径滚珠轴承,True,0.0,1.4210854715202004e-14,0.0,0.0,0.0
106.0,left_distal_positive,小腿004,left_wheel,MISUMI_CBSTSR4-16_内六角螺栓（盖螺栓）,True,0.0,0.09999999918317858,0.0,0.0,0.0
106.0,right_proximal_negative,大腿003,right_distal_negative,推力轴承004,True,0.0,1.2789769243681803e-13,0.0,0.0,0.0
106.0,right_proximal_negative,大腿003,right_distal_negative,小腿009,True,2.0,2.0,0.0,0.0,0.0
106.0,right_proximal_negative,大腿003,right_distal_negative,小腿010,True,1.0,1.0,0.0,0.0,0.0
106.0,right_proximal_negative,大腿003,right_distal_negative,"hex nuts, style 1-grades ab gb_GB_FASTENER_NUT_SNAB1 M4-C005",True,1.1368683772161603e-13,1.4210854715202004e-13,0.0,0.0,0.0
106.0,right_proximal_negative,大腿003,right_distal_negative,cross recessed pan head screws gb_GB_CROSS_SCREWS_TYPE1 M4X16-16  H type-C003,True,0.0,0.09999999987895218,0.0,0.0,0.0
106.0,right_proximal_negative,大腿003,right_distal_positive,小腿007,False,0.0,67.76988396230868,0.0,0.0,0.0
106.0,right_proximal_positive,大腿002,right_distal_negative,小腿010,False,0.0,67.7698839624996,0.0,0.0,0.0
106.0,right_proximal_positive,大腿002,right_distal_positive,推力轴承003,True,0.0,0.0,0.0,0.0,0.0
106.0,right_proximal_positive,大腿002,right_distal_positive,小腿007,True,1.0,1.0000000000000142,0.0,0.0,0.0
106.0,right_proximal_positive,大腿002,right_distal_positive,cross recessed pan head screws gb_GB_CROSS_SCREWS_TYPE1 M4X16-16  H type-C002,True,0.0,0.09999999987891744,0.0,0.0,0.0
106.0,right_proximal_positive,大腿002,right_distal_positive,"hex nuts, style 1-grades ab gb_GB_FASTENER_NUT_SNAB1 M4-C003",True,0.0,1.4210854715202004e-14,0.0,0.0,0.0
106.0,right_distal_negative,小腿010,right_distal_positive,小腿007,True,1.0000000000000142,1.0000000000000142,0.0,0.0,0.0
106.0,right_distal_negative,小腿010,right_wheel,推力轴承005,True,0.0,1.4210854715202004e-14,0.0,0.0,0.0
106.0,right_distal_negative,小腿010,right_wheel,MISUMI_C-SE604ZZ_不锈钢小径滚珠轴承004,True,0.0,1.4210854715202004e-14,0.0,0.0,0.0
106.0,right_distal_negative,小腿010,right_wheel,MISUMI_CBSTSR4-16_内六角螺栓（盖螺栓）001,True,0.0,0.09999999974533129,0.0,0.0,0.0
106.0,right_distal_positive,小腿007,right_wheel,推力轴承005,True,0.0,0.0,0.0,0.0,0.0
106.0,right_distal_positive,小腿007,right_wheel,驱动板005,True,0.4999999999998863,0.49999999999991473,0.0,0.0,0.0
106.0,right_distal_positive,小腿007,right_wheel,MISUMI_CBSTSR4-16_内六角螺栓（盖螺栓）001,True,0.0,0.0,0.0,0.0,0.0
107.0,fixed,底板,left_distal_positive,cross recessed pan head screws gb_GB_CROSS_SCREWS_TYPE1 M4X16-16  H type-C001,False,1.3999999999999915,1.4794406065034407,0.0,0.0,0.0
107.0,fixed,底板,right_distal_negative,cross recessed pan head screws gb_GB_CROSS_SCREWS_TYPE1 M4X16-16  H type-C003,False,1.4000000000001336,1.4557972253252949,0.0,0.0,0.0
107.0,edulite_left_negative,00_1-1305_1_1,left_proximal_negative,大腿,True,0.0,5.684341886080802e-14,0.0,0.0,0.0
107.0,edulite_left_negative,100_1_1_1,left_proximal_negative,大腿,True,1.499999999999858,1.499999999999858,0.0,0.0,0.0
107.0,edulite_left_negative,000_1-4238_1_1,left_proximal_negative,大腿,True,0.0,0.0,0.0,0.0,0.0
107.0,edulite_left_negative,00_1-4459_1_1,left_proximal_negative,大腿,True,0.0,0.0,0.0,0.0,0.0
107.0,edulite_left_negative,00_1-4459_1_001,left_proximal_negative,大腿,True,0.0,0.0,0.0,0.0,0.0
107.0,edulite_left_negative,00_1-4459_1_002,left_proximal_negative,大腿,True,0.0,0.0,0.0,0.0,0.0
107.0,edulite_left_negative,200_1_1_1,left_proximal_negative,大腿,True,0.9999999999998579,3.1622776547753415,0.0,0.0,0.0
107.0,edulite_left_negative,00_1-8689_1_1,left_proximal_negative,大腿,True,0.9999999999998579,0.9999999999998579,0.0,0.0,0.0
107.0,edulite_left_negative,00_1-1305_1_1,left_distal_positive,小腿004,False,0.0,61.12004904160043,0.0,0.0,0.0
107.0,edulite_left_negative,100_1_1_1,left_distal_positive,小腿004,False,1.6728996048803988,65.63645488506026,0.0,0.0,0.0
107.0,edulite_left_negative,00_1-8689_1_1,left_distal_positive,小腿004,False,1.0564357655990315,65.22697877146834,0.0,0.0,0.0
107.0,edulite_left_positive,00_1-1305_1_1,left_proximal_positive,大腿垫高,True,1.4210854715202004e-14,2.549509752903461,0.0,0.0,0.0
107.0,edulite_left_positive,100_1_1_1,left_proximal_positive,大腿垫高,True,1.5000000000000142,1.5000000000000142,0.0,0.0,0.0
107.0,edulite_left_positive,000_1-4238_1_1,left_proximal_positive,大腿垫高,True,1.4210854715202004e-14,0.0,0.0,0.0,0.0
107.0,edulite_left_positive,00_1-4459_1_1,left_proximal_positive,大腿垫高,True,0.0,0.0,0.0,0.0,0.0
107.0,edulite_left_positive,00_1-4459_1_001,left_proximal_positive,大腿垫高,True,0.0,0.0,0.0,0.0,0.0
107.0,edulite_left_positive,00_1-4459_1_002,left_proximal_positive,大腿垫高,True,0.0,0.0,0.0,0.0,0.0
107.0,edulite_left_positive,200_1_1_1,left_proximal_positive,大腿垫高,True,1.0000000000000142,3.162277656235194,0.0,0.0,0.0
107.0,edulite_left_positive,00_1-8689_1_1,left_proximal_positive,大腿垫高,True,1.0000000000000142,2.147091051289158,0.0,0.0,0.0
107.0,edulite_left_positive,00_1-1305_1_1,left_distal_positive,小腿004,False,0.0,16.68810707664199,0.0,0.0,0.0
107.0,edulite_left_positive,100_1_1_1,left_distal_positive,小腿004,False,1.6728996048803988,21.23844652393771,0.0,0.0,0.0
107.0,edulite_left_positive,00_1-8689_1_1,left_distal_positive,小腿004,False,1.0564357655990315,20.809451758469173,0.0,0.0,0.0
107.0,edulite_right_negative,00_1-1305_1_1,right_proximal_negative,大腿垫高001,True,2.842170943040401e-14,2.549509752903568,0.0,0.0,0.0
107.0,edulite_right_negative,100_1_1_1,right_proximal_negative,大腿垫高001,True,1.5000000000000284,1.5000000000000284,0.0,0.0,0.0
107.0,edulite_right_negative,000_1-4238_1_1,right_proximal_negative,大腿垫高001,True,2.842170943040401e-14,0.0,0.0,0.0,0.0
107.0,edulite_right_negative,00_1-4459_1_1,right_proximal_negative,大腿垫高001,True,0.0,0.0,0.0,0.0,0.0
107.0,edulite_right_negative,00_1-4459_1_001,right_proximal_negative,大腿垫高001,True,0.0,0.0,0.0,0.0,0.0
107.0,edulite_right_negative,00_1-4459_1_002,right_proximal_negative,大腿垫高001,True,0.0,0.0,0.0,0.0,0.0
107.0,edulite_right_negative,200_1_1_1,right_proximal_negative,大腿垫高001,True,1.0000000000000284,3.1622776562353065,0.0,0.0,0.0
107.0,edulite_right_negative,00_1-8689_1_1,right_proximal_negative,大腿垫高001,True,1.0000000000000284,2.1470910512892782,0.0,0.0,0.0
107.0,edulite_right_negative,00_1-1305_1_1,right_distal_negative,小腿010,False,0.0,16.688107076747027,0.0,0.0,0.0
107.0,edulite_right_negative,100_1_1_1,right_distal_negative,小腿010,False,1.6728996049777163,21.2384465240425,0.0,0.0,0.0
107.0,edulite_right_negative,00_1-8689_1_1,right_distal_negative,小腿010,False,1.0564357656699124,20.809451758574106,0.0,0.0,0.0
107.0,edulite_right_positive,00_1-1305_1_1,right_proximal_positive,大腿002,True,1.4210854715202004e-14,1.4210854715202004e-14,0.0,0.0,0.0
107.0,edulite_right_positive,100_1_1_1,right_proximal_positive,大腿002,True,1.5000000000000142,1.5000000000000142,0.0,0.0,0.0
107.0,edulite_right_positive,000_1-4238_1_1,right_proximal_positive,大腿002,True,1.4210854715202004e-14,0.0,0.0,0.0,0.0
107.0,edulite_right_positive,00_1-4459_1_1,right_proximal_positive,大腿002,True,0.0,0.0,0.0,0.0,0.0
107.0,edulite_right_positive,00_1-4459_1_001,right_proximal_positive,大腿002,True,0.0,0.0,0.0,0.0,0.0
107.0,edulite_right_positive,00_1-4459_1_002,right_proximal_positive,大腿002,True,0.0,0.0,0.0,0.0,0.0
107.0,edulite_right_positive,200_1_1_1,right_proximal_positive,大腿002,True,1.0000000000000142,3.1622776547752296,0.0,0.0,0.0
107.0,edulite_right_positive,00_1-8689_1_1,right_proximal_positive,大腿002,True,1.0000000000000142,1.0000000000000142,0.0,0.0,0.0
107.0,edulite_right_positive,00_1-1305_1_1,right_distal_negative,小腿010,False,0.0,61.120049041788555,0.0,0.0,0.0
107.0,edulite_right_positive,100_1_1_1,right_distal_negative,小腿010,False,1.6728996049777163,65.63645488524834,0.0,0.0,0.0
107.0,edulite_right_positive,00_1-8689_1_1,right_distal_negative,小腿010,False,1.0564357656699124,65.22697877165645,0.0,0.0,0.0
107.0,left_proximal_negative,大腿,left_distal_negative,推力轴承,True,0.0,1.2789769243681803e-13,0.0,0.0,0.0
107.0,left_proximal_negative,大腿,left_distal_negative,小腿001,True,1.0000000000001137,1.000000000000142,0.0,0.0,0.0
107.0,left_proximal_negative,大腿,left_distal_negative,cross recessed pan head screws gb_GB_CROSS_SCREWS_TYPE1 M4X16-16  H type-C,True,0.0,0.09999999987622499,0.0,0.0,0.0
107.0,left_proximal_negative,大腿,left_distal_negative,"hex nuts, style 1-grades ab gb_GB_FASTENER_NUT_SNAB1 M4-C",True,0.0,1.1368683772161603e-13,0.0,0.0,0.0
107.0,left_proximal_negative,大腿,left_distal_positive,小腿004,False,0.0,68.11931278693815,0.0,0.0,0.0
107.0,left_proximal_positive,大腿001,left_distal_negative,小腿001,False,0.0,68.11931278712551,0.0,0.0,0.0
107.0,left_proximal_positive,大腿001,left_distal_positive,小腿004,True,1.0000000000000995,1.000000000000142,0.0,0.0,0.0
107.0,left_proximal_positive,大腿001,left_distal_positive,推力轴承001,True,0.0,1.4210854715202004e-13,0.0,0.0,0.0
107.0,left_proximal_positive,大腿001,left_distal_positive,cross recessed pan head screws gb_GB_CROSS_SCREWS_TYPE1 M4X16-16  H type-C001,True,0.0,0.09999999988417893,0.0,0.0,0.0
107.0,left_proximal_positive,大腿001,left_distal_positive,"hex nuts, style 1-grades ab gb_GB_FASTENER_NUT_SNAB1 M4-C001",True,0.0,5.684341886080802e-14,0.0,0.0,0.0
107.0,left_distal_negative,小腿001,left_distal_positive,小腿004,True,0.9999999999999858,0.9999999999999858,0.0,0.0,0.0
107.0,left_distal_negative,小腿001,left_wheel,推力轴承002,True,0.0,1.4210854715202004e-14,0.0,0.0,0.0
107.0,left_distal_negative,小腿001,left_wheel,驱动板004,True,0.4999999999998721,0.4999999999998863,0.0,0.0,0.0
107.0,left_distal_negative,小腿001,left_wheel,MISUMI_CBSTSR4-16_内六角螺栓（盖螺栓）,True,0.0,0.0,0.0,0.0,0.0
107.0,left_distal_positive,小腿004,left_wheel,推力轴承002,True,0.0,0.0,0.0,0.0,0.0
107.0,left_distal_positive,小腿004,left_wheel,MISUMI_C-SE604ZZ_不锈钢小径滚珠轴承,True,0.0,1.4210854715202004e-14,0.0,0.0,0.0
107.0,left_distal_positive,小腿004,left_wheel,MISUMI_CBSTSR4-16_内六角螺栓（盖螺栓）,True,0.0,0.09999999920399437,0.0,0.0,0.0
107.0,right_proximal_negative,大腿003,right_distal_negative,推力轴承004,True,0.0,1.2789769243681803e-13,0.0,0.0,0.0
107.0,right_proximal_negative,大腿003,right_distal_negative,小腿009,True,2.0,2.0,0.0,0.0,0.0
107.0,right_proximal_negative,大腿003,right_distal_negative,小腿010,True,1.0,1.0,0.0,0.0,0.0
107.0,right_proximal_negative,大腿003,right_distal_negative,"hex nuts, style 1-grades ab gb_GB_FASTENER_NUT_SNAB1 M4-C005",True,1.1368683772161603e-13,1.4210854715202004e-13,0.0,0.0,0.0
107.0,right_proximal_negative,大腿003,right_distal_negative,cross recessed pan head screws gb_GB_CROSS_SCREWS_TYPE1 M4X16-16  H type-C003,True,0.0,0.0999999998769292,0.0,0.0,0.0
107.0,right_proximal_negative,大腿003,right_distal_positive,小腿007,False,0.0,68.11931278693807,0.0,0.0,0.0
107.0,right_proximal_positive,大腿002,right_distal_negative,小腿010,False,0.0,68.11931278712639,0.0,0.0,0.0
107.0,right_proximal_positive,大腿002,right_distal_positive,推力轴承003,True,0.0,0.0,0.0,0.0,0.0
107.0,right_proximal_positive,大腿002,right_distal_positive,小腿007,True,1.0,1.0000000000000142,0.0,0.0,0.0
107.0,right_proximal_positive,大腿002,right_distal_positive,cross recessed pan head screws gb_GB_CROSS_SCREWS_TYPE1 M4X16-16  H type-C002,True,0.0,0.09999999988125124,0.0,0.0,0.0
107.0,right_proximal_positive,大腿002,right_distal_positive,"hex nuts, style 1-grades ab gb_GB_FASTENER_NUT_SNAB1 M4-C003",True,0.0,1.4210854715202004e-14,0.0,0.0,0.0
107.0,right_distal_negative,小腿010,right_distal_positive,小腿007,True,1.0000000000000142,1.0000000000000142,0.0,0.0,0.0
107.0,right_distal_negative,小腿010,right_wheel,推力轴承005,True,0.0,1.4210854715202004e-14,0.0,0.0,0.0
107.0,right_distal_negative,小腿010,right_wheel,MISUMI_C-SE604ZZ_不锈钢小径滚珠轴承004,True,0.0,1.4210854715202004e-14,0.0,0.0,0.0
107.0,right_distal_negative,小腿010,right_wheel,MISUMI_CBSTSR4-16_内六角螺栓（盖螺栓）001,True,0.0,0.09999999974536834,0.0,0.0,0.0
107.0,right_distal_positive,小腿007,right_wheel,推力轴承005,True,0.0,0.0,0.0,0.0,0.0
107.0,right_distal_positive,小腿007,right_wheel,驱动板005,True,0.4999999999998863,0.49999999999991473,0.0,0.0,0.0
107.0,right_distal_positive,小腿007,right_wheel,MISUMI_CBSTSR4-16_内六角螺栓（盖螺栓）001,True,0.0,0.0,0.0,0.0,0.0
108.0,fixed,底板,left_distal_positive,cross recessed pan head screws gb_GB_CROSS_SCREWS_TYPE1 M4X16-16  H type-C001,False,1.3999999999999915,1.4430107000469192,0.0,0.0,0.0
108.0,fixed,底板,right_distal_negative,cross recessed pan head screws gb_GB_CROSS_SCREWS_TYPE1 M4X16-16  H type-C003,False,1.4000000000001336,1.443039500395965,0.0,0.0,0.0
108.0,edulite_left_negative,00_1-1305_1_1,left_proximal_negative,大腿,True,0.0,5.684341886080802e-14,0.0,0.0,0.0
108.0,edulite_left_negative,100_1_1_1,left_proximal_negative,大腿,True,1.499999999999858,1.499999999999858,0.0,0.0,0.0
108.0,edulite_left_negative,000_1-4238_1_1,left_proximal_negative,大腿,True,0.0,0.0,0.0,0.0,0.0
108.0,edulite_left_negative,00_1-4459_1_1,left_proximal_negative,大腿,True,0.0,0.0,0.0,0.0,0.0
108.0,edulite_left_negative,00_1-4459_1_001,left_proximal_negative,大腿,True,0.0,0.0,0.0,0.0,0.0
108.0,edulite_left_negative,00_1-4459_1_002,left_proximal_negative,大腿,True,0.0,0.0,0.0,0.0,0.0
108.0,edulite_left_negative,200_1_1_1,left_proximal_negative,大腿,True,0.9999999999998579,3.162277654764677,0.0,0.0,0.0
108.0,edulite_left_negative,00_1-8689_1_1,left_proximal_negative,大腿,True,0.9999999999998579,0.9999999999998579,0.0,0.0,0.0
108.0,edulite_left_negative,00_1-1305_1_1,left_distal_positive,小腿004,False,0.0,61.452133118056565,0.0,0.0,0.0
108.0,edulite_left_negative,00_1-8689_1_1,left_distal_positive,小腿004,False,1.3743631935662188,65.55902799476252,0.0,0.0,0.0
108.0,edulite_left_positive,00_1-1305_1_1,left_proximal_positive,大腿垫高,True,1.4210854715202004e-14,2.5495097529034503,0.0,0.0,0.0
108.0,edulite_left_positive,100_1_1_1,left_proximal_positive,大腿垫高,True,1.5000000000000142,1.5000000000000142,0.0,0.0,0.0
108.0,edulite_left_positive,000_1-4238_1_1,left_proximal_positive,大腿垫高,True,1.4210854715202004e-14,0.0,0.0,0.0,0.0
108.0,edulite_left_positive,00_1-4459_1_1,left_proximal_positive,大腿垫高,True,0.0,0.0,0.0,0.0,0.0
108.0,edulite_left_positive,00_1-4459_1_001,left_proximal_positive,大腿垫高,True,0.0,0.0,0.0,0.0,0.0
108.0,edulite_left_positive,00_1-4459_1_002,left_proximal_positive,大腿垫高,True,0.0,0.0,0.0,0.0,0.0
108.0,edulite_left_positive,200_1_1_1,left_proximal_positive,大腿垫高,True,1.0000000000000142,3.162277656235194,0.0,0.0,0.0
108.0,edulite_left_positive,00_1-8689_1_1,left_proximal_positive,大腿垫高,True,1.0000000000000142,2.147091051289157,0.0,0.0,0.0
108.0,edulite_left_positive,00_1-1305_1_1,left_distal_positive,小腿004,False,0.0,16.792824337642436,0.0,0.0,0.0
108.0,edulite_left_positive,00_1-8689_1_1,left_distal_positive,小腿004,False,1.3743631935662188,20.914065443593458,0.0,0.0,0.0
108.0,edulite_right_negative,00_1-1305_1_1,right_proximal_negative,大腿垫高001,True,2.842170943040401e-14,2.5495097529035613,0.0,0.0,0.0
108.0,edulite_right_negative,100_1_1_1,right_proximal_negative,大腿垫高001,True,1.5000000000000284,1.5000000000000284,0.0,0.0,0.0
108.0,edulite_right_negative,000_1-4238_1_1,right_proximal_negative,大腿垫高001,True,2.842170943040401e-14,0.0,0.0,0.0,0.0
108.0,edulite_right_negative,00_1-4459_1_1,right_proximal_negative,大腿垫高001,True,0.0,0.0,0.0,0.0,0.0
108.0,edulite_right_negative,00_1-4459_1_001,right_proximal_negative,大腿垫高001,True,0.0,0.0,0.0,0.0,0.0
108.0,edulite_right_negative,00_1-4459_1_002,right_proximal_negative,大腿垫高001,True,0.0,0.0,0.0,0.0,0.0
108.0,edulite_right_negative,200_1_1_1,right_proximal_negative,大腿垫高001,True,1.0000000000000284,3.1622776562353065,0.0,0.0,0.0
108.0,edulite_right_negative,00_1-8689_1_1,right_proximal_negative,大腿垫高001,True,1.0000000000000284,2.147091051289272,0.0,0.0,0.0
108.0,edulite_right_negative,00_1-1305_1_1,right_distal_negative,小腿010,False,0.0,16.79282433774537,0.0,0.0,0.0
108.0,edulite_right_negative,00_1-8689_1_1,right_distal_negative,小腿010,False,1.3743631937172844,20.91406544369628,0.0,0.0,0.0
108.0,edulite_right_positive,00_1-1305_1_1,right_proximal_positive,大腿002,True,1.4210854715202004e-14,1.4210854715202004e-14,0.0,0.0,0.0
108.0,edulite_right_positive,100_1_1_1,right_proximal_positive,大腿002,True,1.5000000000000142,1.5000000000000142,0.0,0.0,0.0
108.0,edulite_right_positive,000_1-4238_1_1,right_proximal_positive,大腿002,True,1.4210854715202004e-14,0.0,0.0,0.0,0.0
108.0,edulite_right_positive,00_1-4459_1_1,right_proximal_positive,大腿002,True,0.0,0.0,0.0,0.0,0.0
108.0,edulite_right_positive,00_1-4459_1_001,right_proximal_positive,大腿002,True,0.0,0.0,0.0,0.0,0.0
108.0,edulite_right_positive,00_1-4459_1_002,right_proximal_positive,大腿002,True,0.0,0.0,0.0,0.0,0.0
108.0,edulite_right_positive,200_1_1_1,right_proximal_positive,大腿002,True,1.0000000000000142,3.162277654764567,0.0,0.0,0.0
108.0,edulite_right_positive,00_1-8689_1_1,right_proximal_positive,大腿002,True,1.0000000000000142,1.0000000000000142,0.0,0.0,0.0
108.0,edulite_right_positive,00_1-1305_1_1,right_distal_negative,小腿010,False,0.0,61.452133118242074,0.0,0.0,0.0
108.0,edulite_right_positive,00_1-8689_1_1,right_distal_negative,小腿010,False,1.3743631937172844,65.55902799494801,0.0,0.0,0.0
108.0,left_proximal_negative,大腿,left_distal_negative,推力轴承,True,0.0,1.2789769243681803e-13,0.0,0.0,0.0
108.0,left_proximal_negative,大腿,left_distal_negative,小腿001,True,1.0000000000001137,1.000000000000142,0.0,0.0,0.0
108.0,left_proximal_negative,大腿,left_distal_negative,cross recessed pan head screws gb_GB_CROSS_SCREWS_TYPE1 M4X16-16  H type-C,True,0.0,0.0999999998743668,0.0,0.0,0.0
108.0,left_proximal_negative,大腿,left_distal_negative,"hex nuts, style 1-grades ab gb_GB_FASTENER_NUT_SNAB1 M4-C",True,0.0,1.1368683772161603e-13,0.0,0.0,0.0
108.0,left_proximal_negative,大腿,left_distal_positive,小腿004,False,0.0,68.45140084215164,0.0,0.0,0.0
108.0,left_proximal_positive,大腿001,left_distal_negative,小腿001,False,0.0,68.45140084233638,0.0,0.0,0.0
108.0,left_proximal_positive,大腿001,left_distal_positive,小腿004,True,1.0000000000000995,1.000000000000142,0.0,0.0,0.0
108.0,left_proximal_positive,大腿001,left_distal_positive,推力轴承001,True,0.0,1.4210854715202004e-13,0.0,0.0,0.0
108.0,left_proximal_positive,大腿001,left_distal_positive,cross recessed pan head screws gb_GB_CROSS_SCREWS_TYPE1 M4X16-16  H type-C001,True,0.0,0.0999999998837507,0.0,0.0,0.0
108.0,left_proximal_positive,大腿001,left_distal_positive,"hex nuts, style 1-grades ab gb_GB_FASTENER_NUT_SNAB1 M4-C001",True,0.0,5.684341886080802e-14,0.0,0.0,0.0
108.0,left_distal_negative,小腿001,left_distal_positive,小腿004,True,0.9999999999999858,0.9999999999999858,0.0,0.0,0.0
108.0,left_distal_negative,小腿001,left_wheel,推力轴承002,True,0.0,1.4210854715202004e-14,0.0,0.0,0.0
108.0,left_distal_negative,小腿001,left_wheel,驱动板004,True,0.4999999999998721,0.4999999999998863,0.0,0.0,0.0
108.0,left_distal_negative,小腿001,left_wheel,MISUMI_CBSTSR4-16_内六角螺栓（盖螺栓）,True,0.0,0.0,0.0,0.0,0.0
108.0,left_distal_positive,小腿004,left_wheel,推力轴承002,True,0.0,0.0,0.0,0.0,0.0
108.0,left_distal_positive,小腿004,left_wheel,MISUMI_C-SE604ZZ_不锈钢小径滚珠轴承,True,0.0,1.4210854715202004e-14,0.0,0.0,0.0
108.0,left_distal_positive,小腿004,left_wheel,MISUMI_CBSTSR4-16_内六角螺栓（盖螺栓）,True,0.0,0.09999999920540802,0.0,0.0,0.0
108.0,right_proximal_negative,大腿003,right_distal_negative,推力轴承004,True,0.0,1.2789769243681803e-13,0.0,0.0,0.0
108.0,right_proximal_negative,大腿003,right_distal_negative,小腿009,True,2.0,2.0,0.0,0.0,0.0
108.0,right_proximal_negative,大腿003,right_distal_negative,小腿010,True,1.0,1.0,0.0,0.0,0.0
108.0,right_proximal_negative,大腿003,right_distal_negative,"hex nuts, style 1-grades ab gb_GB_FASTENER_NUT_SNAB1 M4-C005",True,1.1368683772161603e-13,1.4210854715202004e-13,0.0,0.0,0.0
108.0,right_proximal_negative,大腿003,right_distal_negative,cross recessed pan head screws gb_GB_CROSS_SCREWS_TYPE1 M4X16-16  H type-C003,True,0.0,0.09999999986108866,0.0,0.0,0.0
108.0,right_proximal_negative,大腿003,right_distal_positive,小腿007,False,0.0,68.45140084215154,0.0,0.0,0.0
108.0,right_proximal_positive,大腿002,right_distal_negative,小腿010,False,0.0,68.45140084233726,0.0,0.0,0.0
108.0,right_proximal_positive,大腿002,right_distal_positive,推力轴承003,True,0.0,0.0,0.0,0.0,0.0
108.0,right_proximal_positive,大腿002,right_distal_positive,小腿007,True,1.0,1.0000000000000142,0.0,0.0,0.0
108.0,right_proximal_positive,大腿002,right_distal_positive,cross recessed pan head screws gb_GB_CROSS_SCREWS_TYPE1 M4X16-16  H type-C002,True,0.0,0.0999999998833299,0.0,0.0,0.0
108.0,right_proximal_positive,大腿002,right_distal_positive,"hex nuts, style 1-grades ab gb_GB_FASTENER_NUT_SNAB1 M4-C003",True,0.0,1.4210854715202004e-14,0.0,0.0,0.0
108.0,right_distal_negative,小腿010,right_distal_positive,小腿007,True,1.0000000000000142,1.0000000000000142,0.0,0.0,0.0
108.0,right_distal_negative,小腿010,right_wheel,推力轴承005,True,0.0,1.4210854715202004e-14,0.0,0.0,0.0
108.0,right_distal_negative,小腿010,right_wheel,MISUMI_C-SE604ZZ_不锈钢小径滚珠轴承004,True,0.0,1.4210854715202004e-14,0.0,0.0,0.0
108.0,right_distal_negative,小腿010,right_wheel,MISUMI_CBSTSR4-16_内六角螺栓（盖螺栓）001,True,0.0,0.09999999974538087,0.0,0.0,0.0
108.0,right_distal_positive,小腿007,right_wheel,推力轴承005,True,0.0,0.0,0.0,0.0,0.0
108.0,right_distal_positive,小腿007,right_wheel,驱动板005,True,0.4999999999998863,0.49999999999991473,0.0,0.0,0.0
108.0,right_distal_positive,小腿007,right_wheel,MISUMI_CBSTSR4-16_内六角螺栓（盖螺栓）001,True,0.0,0.0,0.0,0.0,0.0
109.0,fixed,底板,left_distal_positive,cross recessed pan head screws gb_GB_CROSS_SCREWS_TYPE1 M4X16-16  H type-C001,False,1.3999999999999915,1.4430107000469192,0.0,0.0,0.0
109.0,fixed,底板,right_distal_negative,cross recessed pan head screws gb_GB_CROSS_SCREWS_TYPE1 M4X16-16  H type-C003,False,1.4000000000001336,1.4430107000470755,0.0,0.0,0.0
109.0,edulite_left_negative,00_1-1305_1_1,left_proximal_negative,大腿,True,0.0,5.684341886080802e-14,0.0,0.0,0.0
109.0,edulite_left_negative,100_1_1_1,left_proximal_negative,大腿,True,1.499999999999858,1.499999999999858,0.0,0.0,0.0
109.0,edulite_left_negative,000_1-4238_1_1,left_proximal_negative,大腿,True,0.0,0.0,0.0,0.0,0.0
109.0,edulite_left_negative,00_1-4459_1_1,left_proximal_negative,大腿,True,0.0,0.0,0.0,0.0,0.0
109.0,edulite_left_negative,00_1-4459_1_001,left_proximal_negative,大腿,True,0.0,0.0,0.0,0.0,0.0
109.0,edulite_left_negative,00_1-4459_1_002,left_proximal_negative,大腿,True,0.0,0.0,0.0,0.0,0.0
109.0,edulite_left_negative,200_1_1_1,left_proximal_negative,大腿,True,0.9999999999998579,3.1622776547551825,0.0,0.0,0.0
109.0,edulite_left_negative,00_1-8689_1_1,left_proximal_negative,大腿,True,0.9999999999998579,0.9999999999998579,0.0,0.0,0.0
109.0,edulite_left_negative,00_1-1305_1_1,left_distal_positive,小腿004,False,0.0,61.7663699473403,0.0,0.0,0.0
109.0,edulite_left_negative,00_1-8689_1_1,left_distal_positive,小腿004,False,1.8363544231779703,65.87323216512077,0.0,0.0,0.0
109.0,edulite_left_positive,00_1-1305_1_1,left_proximal_positive,大腿垫高,True,1.4210854715202004e-14,2.5495097529034627,0.0,0.0,0.0
109.0,edulite_left_positive,100_1_1_1,left_proximal_positive,大腿垫高,True,1.5000000000000142,1.5000000000000142,0.0,0.0,0.0
109.0,edulite_left_positive,000_1-4238_1_1,left_proximal_positive,大腿垫高,True,1.4210854715202004e-14,0.0,0.0,0.0,0.0
109.0,edulite_left_positive,00_1-4459_1_1,left_proximal_positive,大腿垫高,True,0.0,0.0,0.0,0.0,0.0
109.0,edulite_left_positive,00_1-4459_1_001,left_proximal_positive,大腿垫高,True,0.0,0.0,0.0,0.0,0.0
109.0,edulite_left_positive,00_1-4459_1_002,left_proximal_positive,大腿垫高,True,0.0,0.0,0.0,0.0,0.0
109.0,edulite_left_positive,200_1_1_1,left_proximal_positive,大腿垫高,True,1.0000000000000142,3.162277656235194,0.0,0.0,0.0
109.0,edulite_left_positive,00_1-8689_1_1,left_proximal_positive,大腿垫高,True,1.0000000000000142,2.147091051289156,0.0,0.0,0.0
109.0,edulite_left_positive,00_1-1305_1_1,left_distal_positive,小腿004,False,0.0,16.876990244374877,0.0,0.0,0.0
109.0,edulite_left_positive,00_1-8689_1_1,left_distal_positive,小腿004,False,1.8363544231779703,20.998148820722108,0.0,0.0,0.0
109.0,edulite_right_negative,00_1-1305_1_1,right_proximal_negative,大腿垫高001,True,2.842170943040401e-14,2.549509752903554,0.0,0.0,0.0
109.0,edulite_right_negative,100_1_1_1,right_proximal_negative,大腿垫高001,True,1.5000000000000284,1.5000000000000284,0.0,0.0,0.0
109.0,edulite_right_negative,000_1-4238_1_1,right_proximal_negative,大腿垫高001,True,2.842170943040401e-14,0.0,0.0,0.0,0.0
109.0,edulite_right_negative,00_1-4459_1_1,right_proximal_negative,大腿垫高001,True,0.0,0.0,0.0,0.0,0.0
109.0,edulite_right_negative,00_1-4459_1_001,right_proximal_negative,大腿垫高001,True,0.0,0.0,0.0,0.0,0.0
109.0,edulite_right_negative,00_1-4459_1_002,right_proximal_negative,大腿垫高001,True,0.0,0.0,0.0,0.0,0.0
109.0,edulite_right_negative,200_1_1_1,right_proximal_negative,大腿垫高001,True,1.0000000000000284,3.1622776562353065,0.0,0.0,0.0
109.0,edulite_right_negative,00_1-8689_1_1,right_proximal_negative,大腿垫高001,True,1.0000000000000284,2.147091051289272,0.0,0.0,0.0
109.0,edulite_right_negative,00_1-1305_1_1,right_distal_negative,小腿010,False,0.0,16.87699024447569,0.0,0.0,0.0
109.0,edulite_right_negative,00_1-8689_1_1,right_distal_negative,小腿010,False,1.8363544233630273,20.998148820822824,0.0,0.0,0.0
109.0,edulite_right_positive,00_1-1305_1_1,right_proximal_positive,大腿002,True,1.4210854715202004e-14,1.4210854715202004e-14,0.0,0.0,0.0
109.0,edulite_right_positive,100_1_1_1,right_proximal_positive,大腿002,True,1.5000000000000142,1.5000000000000142,0.0,0.0,0.0
109.0,edulite_right_positive,000_1-4238_1_1,right_proximal_positive,大腿002,True,1.4210854715202004e-14,0.0,0.0,0.0,0.0
109.0,edulite_right_positive,00_1-4459_1_1,right_proximal_positive,大腿002,True,0.0,0.0,0.0,0.0,0.0
109.0,edulite_right_positive,00_1-4459_1_001,right_proximal_positive,大腿002,True,0.0,0.0,0.0,0.0,0.0
109.0,edulite_right_positive,00_1-4459_1_002,right_proximal_positive,大腿002,True,0.0,0.0,0.0,0.0,0.0
109.0,edulite_right_positive,200_1_1_1,right_proximal_positive,大腿002,True,1.0000000000000142,3.162277654755069,0.0,0.0,0.0
109.0,edulite_right_positive,00_1-8689_1_1,right_proximal_positive,大腿002,True,1.0000000000000142,1.0000000000000142,0.0,0.0,0.0
109.0,edulite_right_positive,00_1-1305_1_1,right_distal_negative,小腿010,False,0.0,61.76636994752313,0.0,0.0,0.0
109.0,edulite_right_positive,00_1-8689_1_1,right_distal_negative,小腿010,False,1.8363544233630273,65.87323216530358,0.0,0.0,0.0
109.0,left_proximal_negative,大腿,left_distal_negative,推力轴承,True,0.0,1.2789769243681803e-13,0.0,0.0,0.0
109.0,left_proximal_negative,大腿,left_distal_negative,小腿001,True,1.0000000000001137,1.000000000000142,0.0,0.0,0.0
109.0,left_proximal_negative,大腿,left_distal_negative,cross recessed pan head screws gb_GB_CROSS_SCREWS_TYPE1 M4X16-16  H type-C,True,0.0,0.09999999987271556,0.0,0.0,0.0
109.0,left_proximal_negative,大腿,left_distal_negative,"hex nuts, style 1-grades ab gb_GB_FASTENER_NUT_SNAB1 M4-C",True,0.0,1.1368683772161603e-13,0.0,0.0,0.0
109.0,left_proximal_negative,大腿,left_distal_positive,小腿004,False,0.0,68.76564139696463,0.0,0.0,0.0
109.0,left_proximal_positive,大腿001,left_distal_negative,小腿001,False,0.0,68.7656413971467,0.0,0.0,0.0
109.0,left_proximal_positive,大腿001,left_distal_positive,小腿004,True,1.0000000000000995,1.000000000000142,0.0,0.0,0.0
109.0,left_proximal_positive,大腿001,left_distal_positive,推力轴承001,True,0.0,1.4210854715202004e-13,0.0,0.0,0.0
109.0,left_proximal_positive,大腿001,left_distal_positive,cross recessed pan head screws gb_GB_CROSS_SCREWS_TYPE1 M4X16-16  H type-C001,True,0.0,0.09999999988364969,0.0,0.0,0.0
109.0,left_proximal_positive,大腿001,left_distal_positive,"hex nuts, style 1-grades ab gb_GB_FASTENER_NUT_SNAB1 M4-C001",True,0.0,5.684341886080802e-14,0.0,0.0,0.0
109.0,left_distal_negative,小腿001,left_distal_positive,小腿004,True,0.9999999999999858,0.9999999999999858,0.0,0.0,0.0
109.0,left_distal_negative,小腿001,left_wheel,推力轴承002,True,0.0,1.4210854715202004e-14,0.0,0.0,0.0
109.0,left_distal_negative,小腿001,left_wheel,驱动板004,True,0.4999999999998721,0.4999999999998863,0.0,0.0,0.0
109.0,left_distal_negative,小腿001,left_wheel,MISUMI_CBSTSR4-16_内六角螺栓（盖螺栓）,True,0.0,0.0,0.0,0.0,0.0
109.0,left_distal_positive,小腿004,left_wheel,推力轴承002,True,0.0,0.0,0.0,0.0,0.0
109.0,left_distal_positive,小腿004,left_wheel,MISUMI_C-SE604ZZ_不锈钢小径滚珠轴承,True,0.0,1.4210854715202004e-14,0.0,0.0,0.0
109.0,left_distal_positive,小腿004,left_wheel,MISUMI_CBSTSR4-16_内六角螺栓（盖螺栓）,True,0.0,0.09999999924854686,0.0,0.0,0.0
109.0,right_proximal_negative,大腿003,right_distal_negative,推力轴承004,True,0.0,1.2789769243681803e-13,0.0,0.0,0.0
109.0,right_proximal_negative,大腿003,right_distal_negative,小腿009,True,2.0,2.0,0.0,0.0,0.0
109.0,right_proximal_negative,大腿003,right_distal_negative,小腿010,True,1.0,1.0,0.0,0.0,0.0
109.0,right_proximal_negative,大腿003,right_distal_negative,"hex nuts, style 1-grades ab gb_GB_FASTENER_NUT_SNAB1 M4-C005",True,1.1368683772161603e-13,1.4210854715202004e-13,0.0,0.0,0.0
109.0,right_proximal_negative,大腿003,right_distal_negative,cross recessed pan head screws gb_GB_CROSS_SCREWS_TYPE1 M4X16-16  H type-C003,True,0.0,0.09999999985371068,0.0,0.0,0.0
109.0,right_proximal_negative,大腿003,right_distal_positive,小腿007,False,0.0,68.76564139696454,0.0,0.0,0.0
109.0,right_proximal_positive,大腿002,right_distal_negative,小腿010,False,0.0,68.76564139714758,0.0,0.0,0.0
109.0,right_proximal_positive,大腿002,right_distal_positive,推力轴承003,True,0.0,0.0,0.0,0.0,0.0
109.0,right_proximal_positive,大腿002,right_distal_positive,小腿007,True,1.0,1.0000000000000142,0.0,0.0,0.0
109.0,right_proximal_positive,大腿002,right_distal_positive,cross recessed pan head screws gb_GB_CROSS_SCREWS_TYPE1 M4X16-16  H type-C002,True,0.0,0.0999999998836994,0.0,0.0,0.0
109.0,right_proximal_positive,大腿002,right_distal_positive,"hex nuts, style 1-grades ab gb_GB_FASTENER_NUT_SNAB1 M4-C003",True,0.0,1.4210854715202004e-14,0.0,0.0,0.0
109.0,right_distal_negative,小腿010,right_distal_positive,小腿007,True,1.0000000000000142,1.0000000000000142,0.0,0.0,0.0
109.0,right_distal_negative,小腿010,right_wheel,推力轴承005,True,0.0,1.4210854715202004e-14,0.0,0.0,0.0
109.0,right_distal_negative,小腿010,right_wheel,MISUMI_C-SE604ZZ_不锈钢小径滚珠轴承004,True,0.0,1.4210854715202004e-14,0.0,0.0,0.0
109.0,right_distal_negative,小腿010,right_wheel,MISUMI_CBSTSR4-16_内六角螺栓（盖螺栓）001,True,0.0,0.0999999997453954,0.0,0.0,0.0
109.0,right_distal_positive,小腿007,right_wheel,推力轴承005,True,0.0,0.0,0.0,0.0,0.0
109.0,right_distal_positive,小腿007,right_wheel,驱动板005,True,0.4999999999998863,0.49999999999991473,0.0,0.0,0.0
109.0,right_distal_positive,小腿007,right_wheel,MISUMI_CBSTSR4-16_内六角螺栓（盖螺栓）001,True,0.0,0.0,0.0,0.0,0.0
110.0,fixed,底板,left_distal_positive,cross recessed pan head screws gb_GB_CROSS_SCREWS_TYPE1 M4X16-16  H type-C001,False,1.3999999999999915,1.4430107000469192,0.0,0.0,0.0
110.0,fixed,底板,right_distal_negative,cross recessed pan head screws gb_GB_CROSS_SCREWS_TYPE1 M4X16-16  H type-C003,False,1.4000000000001336,1.4430107000470755,0.0,0.0,0.0
110.0,edulite_left_negative,00_1-1305_1_1,left_proximal_negative,大腿,True,0.0,5.684341886080802e-14,0.0,0.0,0.0
110.0,edulite_left_negative,100_1_1_1,left_proximal_negative,大腿,True,1.499999999999858,1.499999999999858,0.0,0.0,0.0
110.0,edulite_left_negative,000_1-4238_1_1,left_proximal_negative,大腿,True,0.0,0.0,0.0,0.0,0.0
110.0,edulite_left_negative,00_1-4459_1_1,left_proximal_negative,大腿,True,0.0,0.0,0.0,0.0,0.0
110.0,edulite_left_negative,00_1-4459_1_001,left_proximal_negative,大腿,True,0.0,0.0,0.0,0.0,0.0
110.0,edulite_left_negative,00_1-4459_1_002,left_proximal_negative,大腿,True,0.0,0.0,0.0,0.0,0.0
110.0,edulite_left_negative,200_1_1_1,left_proximal_negative,大腿,True,0.9999999999998579,3.162277654746877,0.0,0.0,0.0
110.0,edulite_left_negative,00_1-8689_1_1,left_proximal_negative,大腿,True,0.9999999999998579,0.9999999999998579,0.0,0.0,0.0
110.0,edulite_left_negative,00_1-1305_1_1,left_distal_positive,小腿004,False,0.0,62.06222984265971,0.0,0.0,0.0
110.0,edulite_left_positive,00_1-1305_1_1,left_proximal_positive,大腿垫高,True,1.4210854715202004e-14,2.549509752903454,0.0,0.0,0.0
110.0,edulite_left_positive,100_1_1_1,left_proximal_positive,大腿垫高,True,1.5000000000000142,1.5000000000000142,0.0,0.0,0.0
110.0,edulite_left_positive,000_1-4238_1_1,left_proximal_positive,大腿垫高,True,1.4210854715202004e-14,0.0,0.0,0.0,0.0
110.0,edulite_left_positive,00_1-4459_1_1,left_proximal_positive,大腿垫高,True,0.0,0.0,0.0,0.0,0.0
110.0,edulite_left_positive,00_1-4459_1_001,left_proximal_positive,大腿垫高,True,0.0,0.0,0.0,0.0,0.0
110.0,edulite_left_positive,00_1-4459_1_002,left_proximal_positive,大腿垫高,True,0.0,0.0,0.0,0.0,0.0
110.0,edulite_left_positive,200_1_1_1,left_proximal_positive,大腿垫高,True,1.0000000000000142,3.162277656235194,0.0,0.0,0.0
110.0,edulite_left_positive,00_1-8689_1_1,left_proximal_positive,大腿垫高,True,1.0000000000000142,2.1470910512891566,0.0,0.0,0.0
110.0,edulite_left_positive,00_1-1305_1_1,left_distal_positive,小腿004,False,0.0,16.940117507182507,0.0,0.0,0.0
110.0,edulite_right_negative,00_1-1305_1_1,right_proximal_negative,大腿垫高001,True,2.842170943040401e-14,2.5495097529035577,0.0,0.0,0.0
110.0,edulite_right_negative,100_1_1_1,right_proximal_negative,大腿垫高001,True,1.5000000000000284,1.5000000000000284,0.0,0.0,0.0
110.0,edulite_right_negative,000_1-4238_1_1,right_proximal_negative,大腿垫高001,True,2.842170943040401e-14,0.0,0.0,0.0,0.0
110.0,edulite_right_negative,00_1-4459_1_1,right_proximal_negative,大腿垫高001,True,0.0,0.0,0.0,0.0,0.0
110.0,edulite_right_negative,00_1-4459_1_001,right_proximal_negative,大腿垫高001,True,0.0,0.0,0.0,0.0,0.0
110.0,edulite_right_negative,00_1-4459_1_002,right_proximal_negative,大腿垫高001,True,0.0,0.0,0.0,0.0,0.0
110.0,edulite_right_negative,200_1_1_1,right_proximal_negative,大腿垫高001,True,1.0000000000000284,3.1622776562353065,0.0,0.0,0.0
110.0,edulite_right_negative,00_1-8689_1_1,right_proximal_negative,大腿垫高001,True,1.0000000000000284,2.1470910512892725,0.0,0.0,0.0
110.0,edulite_right_negative,00_1-1305_1_1,right_distal_negative,小腿010,False,0.0,16.940117507281165,0.0,0.0,0.0
110.0,edulite_right_positive,00_1-1305_1_1,right_proximal_positive,大腿002,True,1.4210854715202004e-14,1.4210854715202004e-14,0.0,0.0,0.0
110.0,edulite_right_positive,100_1_1_1,right_proximal_positive,大腿002,True,1.5000000000000142,1.5000000000000142,0.0,0.0,0.0
110.0,edulite_right_positive,000_1-4238_1_1,right_proximal_positive,大腿002,True,1.4210854715202004e-14,0.0,0.0,0.0,0.0
110.0,edulite_right_positive,00_1-4459_1_1,right_proximal_positive,大腿002,True,0.0,0.0,0.0,0.0,0.0
110.0,edulite_right_positive,00_1-4459_1_001,right_proximal_positive,大腿002,True,0.0,0.0,0.0,0.0,0.0
110.0,edulite_right_positive,00_1-4459_1_002,right_proximal_positive,大腿002,True,0.0,0.0,0.0,0.0,0.0
110.0,edulite_right_positive,200_1_1_1,right_proximal_positive,大腿002,True,1.0000000000000142,3.162277654746767,0.0,0.0,0.0
110.0,edulite_right_positive,00_1-8689_1_1,right_proximal_positive,大腿002,True,1.0000000000000142,1.0000000000000142,0.0,0.0,0.0
110.0,edulite_right_positive,00_1-1305_1_1,right_distal_negative,小腿010,False,0.0,62.06222984283988,0.0,0.0,0.0
110.0,left_proximal_negative,大腿,left_distal_negative,推力轴承,True,0.0,1.2789769243681803e-13,0.0,0.0,0.0
110.0,left_proximal_negative,大腿,left_distal_negative,小腿001,True,1.0000000000001137,1.000000000000142,0.0,0.0,0.0
110.0,left_proximal_negative,大腿,left_distal_negative,cross recessed pan head screws gb_GB_CROSS_SCREWS_TYPE1 M4X16-16  H type-C,True,0.0,0.09999999985860873,0.0,0.0,0.0
110.0,left_proximal_negative,大腿,left_distal_negative,"hex nuts, style 1-grades ab gb_GB_FASTENER_NUT_SNAB1 M4-C",True,0.0,1.1368683772161603e-13,0.0,0.0,0.0
110.0,left_proximal_negative,大腿,left_distal_positive,小腿004,False,0.0,69.06150476545731,0.0,0.0,0.0
110.0,left_proximal_positive,大腿001,left_distal_negative,小腿001,False,0.0,69.06150476563671,0.0,0.0,0.0
110.0,left_proximal_positive,大腿001,left_distal_positive,小腿004,True,1.0000000000000995,1.000000000000142,0.0,0.0,0.0
110.0,left_proximal_positive,大腿001,left_distal_positive,推力轴承001,True,0.0,1.4210854715202004e-13,0.0,0.0,0.0
110.0,left_proximal_positive,大腿001,left_distal_positive,cross recessed pan head screws gb_GB_CROSS_SCREWS_TYPE1 M4X16-16  H type-C001,True,0.0,0.09999999988384158,0.0,0.0,0.0
110.0,left_proximal_positive,大腿001,left_distal_positive,"hex nuts, style 1-grades ab gb_GB_FASTENER_NUT_SNAB1 M4-C001",True,0.0,5.684341886080802e-14,0.0,0.0,0.0
110.0,left_distal_negative,小腿001,left_distal_positive,小腿004,True,0.9999999999999858,0.9999999999999858,0.0,0.0,0.0
110.0,left_distal_negative,小腿001,left_wheel,推力轴承002,True,0.0,1.4210854715202004e-14,0.0,0.0,0.0
110.0,left_distal_negative,小腿001,left_wheel,驱动板004,True,0.4999999999998721,0.4999999999998863,0.0,0.0,0.0
110.0,left_distal_negative,小腿001,left_wheel,MISUMI_CBSTSR4-16_内六角螺栓（盖螺栓）,True,0.0,0.0,0.0,0.0,0.0
110.0,left_distal_positive,小腿004,left_wheel,推力轴承002,True,0.0,0.0,0.0,0.0,0.0
110.0,left_distal_positive,小腿004,left_wheel,MISUMI_C-SE604ZZ_不锈钢小径滚珠轴承,True,0.0,1.4210854715202004e-14,0.0,0.0,0.0
110.0,left_distal_positive,小腿004,left_wheel,MISUMI_CBSTSR4-16_内六角螺栓（盖螺栓）,True,0.0,0.09999999925022995,0.0,0.0,0.0
110.0,right_proximal_negative,大腿003,right_distal_negative,推力轴承004,True,0.0,1.2789769243681803e-13,0.0,0.0,0.0
110.0,right_proximal_negative,大腿003,right_distal_negative,小腿009,True,2.0,2.0,0.0,0.0,0.0
110.0,right_proximal_negative,大腿003,right_distal_negative,小腿010,True,1.0,1.0,0.0,0.0,0.0
110.0,right_proximal_negative,大腿003,right_distal_negative,"hex nuts, style 1-grades ab gb_GB_FASTENER_NUT_SNAB1 M4-C005",True,1.1368683772161603e-13,1.4210854715202004e-13,0.0,0.0,0.0
110.0,right_proximal_negative,大腿003,right_distal_negative,cross recessed pan head screws gb_GB_CROSS_SCREWS_TYPE1 M4X16-16  H type-C003,True,0.0,0.0999999998631285,0.0,0.0,0.0
110.0,right_proximal_negative,大腿003,right_distal_positive,小腿007,False,0.0,69.06150476545723,0.0,0.0,0.0
110.0,right_proximal_positive,大腿002,right_distal_negative,小腿010,False,0.0,69.0615047656376,0.0,0.0,0.0
110.0,right_proximal_positive,大腿002,right_distal_positive,推力轴承003,True,0.0,0.0,0.0,0.0,0.0
110.0,right_proximal_positive,大腿002,right_distal_positive,小腿007,True,1.0,1.0000000000000142,0.0,0.0,0.0
110.0,right_proximal_positive,大腿002,right_distal_positive,cross recessed pan head screws gb_GB_CROSS_SCREWS_TYPE1 M4X16-16  H type-C002,True,0.0,0.09999999988389265,0.0,0.0,0.0
110.0,right_proximal_positive,大腿002,right_distal_positive,"hex nuts, style 1-grades ab gb_GB_FASTENER_NUT_SNAB1 M4-C003",True,0.0,1.4210854715202004e-14,0.0,0.0,0.0
110.0,right_distal_negative,小腿010,right_distal_positive,小腿007,True,1.0000000000000142,1.0000000000000142,0.0,0.0,0.0
110.0,right_distal_negative,小腿010,right_wheel,推力轴承005,True,0.0,1.4210854715202004e-14,0.0,0.0,0.0
110.0,right_distal_negative,小腿010,right_wheel,MISUMI_C-SE604ZZ_不锈钢小径滚珠轴承004,True,0.0,1.4210854715202004e-14,0.0,0.0,0.0
110.0,right_distal_negative,小腿010,right_wheel,MISUMI_CBSTSR4-16_内六角螺栓（盖螺栓）001,True,0.0,0.09999999974544174,0.0,0.0,0.0
110.0,right_distal_positive,小腿007,right_wheel,推力轴承005,True,0.0,0.0,0.0,0.0,0.0
110.0,right_distal_positive,小腿007,right_wheel,驱动板005,True,0.4999999999998863,0.49999999999991473,0.0,0.0,0.0
110.0,right_distal_positive,小腿007,right_wheel,MISUMI_CBSTSR4-16_内六角螺栓（盖螺栓）001,True,0.0,0.0,0.0,0.0,0.0
111.0,fixed,底板,left_distal_positive,cross recessed pan head screws gb_GB_CROSS_SCREWS_TYPE1 M4X16-16  H type-C001,False,1.3999999999999915,1.4430107000469192,0.0,0.0,0.0
111.0,fixed,底板,right_distal_negative,cross recessed pan head screws gb_GB_CROSS_SCREWS_TYPE1 M4X16-16  H type-C003,False,1.4000000000001336,1.4430107000470755,0.0,0.0,0.0
111.0,edulite_left_negative,00_1-1305_1_1,left_proximal_negative,大腿,True,0.0,5.684341886080802e-14,0.0,0.0,0.0
111.0,edulite_left_negative,100_1_1_1,left_proximal_negative,大腿,True,1.499999999999858,1.499999999999858,0.0,0.0,0.0
111.0,edulite_left_negative,000_1-4238_1_1,left_proximal_negative,大腿,True,0.0,0.0,0.0,0.0,0.0
111.0,edulite_left_negative,00_1-4459_1_1,left_proximal_negative,大腿,True,0.0,0.0,0.0,0.0,0.0
111.0,edulite_left_negative,00_1-4459_1_001,left_proximal_negative,大腿,True,0.0,0.0,0.0,0.0,0.0
111.0,edulite_left_negative,00_1-4459_1_002,left_proximal_negative,大腿,True,0.0,0.0,0.0,0.0,0.0
111.0,edulite_left_negative,200_1_1_1,left_proximal_negative,大腿,True,0.9999999999998579,3.1622776547397704,0.0,0.0,0.0
111.0,edulite_left_negative,00_1-8689_1_1,left_proximal_negative,大腿,True,0.9999999999998579,0.9999999999998579,0.0,0.0,0.0
111.0,edulite_left_negative,00_1-1305_1_1,left_distal_positive,小腿004,False,0.0,62.339158312165225,0.0,0.0,0.0
111.0,edulite_left_positive,00_1-1305_1_1,left_proximal_positive,大腿垫高,True,1.4210854715202004e-14,2.549509752903454,0.0,0.0,0.0
111.0,edulite_left_positive,100_1_1_1,left_proximal_positive,大腿垫高,True,1.5000000000000142,1.5000000000000142,0.0,0.0,0.0
111.0,edulite_left_positive,000_1-4238_1_1,left_proximal_positive,大腿垫高,True,1.4210854715202004e-14,0.0,0.0,0.0,0.0
111.0,edulite_left_positive,00_1-4459_1_1,left_proximal_positive,大腿垫高,True,0.0,0.0,0.0,0.0,0.0
111.0,edulite_left_positive,00_1-4459_1_001,left_proximal_positive,大腿垫高,True,0.0,0.0,0.0,0.0,0.0
111.0,edulite_left_positive,00_1-4459_1_002,left_proximal_positive,大腿垫高,True,0.0,0.0,0.0,0.0,0.0
111.0,edulite_left_positive,200_1_1_1,left_proximal_positive,大腿垫高,True,1.0000000000000142,3.162277656235194,0.0,0.0,0.0
111.0,edulite_left_positive,00_1-8689_1_1,left_proximal_positive,大腿垫高,True,1.0000000000000142,2.147091051289157,0.0,0.0,0.0
111.0,edulite_left_positive,00_1-1305_1_1,left_distal_positive,小腿004,False,0.0,16.981689711542824,0.0,0.0,0.0
111.0,edulite_right_negative,00_1-1305_1_1,right_proximal_negative,大腿垫高001,True,2.842170943040401e-14,2.549509752903549,0.0,0.0,0.0
111.0,edulite_right_negative,100_1_1_1,right_proximal_negative,大腿垫高001,True,1.5000000000000284,1.5000000000000284,0.0,0.0,0.0
111.0,edulite_right_negative,000_1-4238_1_1,right_proximal_negative,大腿垫高001,True,2.842170943040401e-14,0.0,0.0,0.0,0.0
111.0,edulite_right_negative,00_1-4459_1_1,right_proximal_negative,大腿垫高001,True,0.0,0.0,0.0,0.0,0.0
111.0,edulite_right_negative,00_1-4459_1_001,right_proximal_negative,大腿垫高001,True,0.0,0.0,0.0,0.0,0.0
111.0,edulite_right_negative,00_1-4459_1_002,right_proximal_negative,大腿垫高001,True,0.0,0.0,0.0,0.0,0.0
111.0,edulite_right_negative,200_1_1_1,right_proximal_negative,大腿垫高001,True,1.0000000000000284,3.162277656235313,0.0,0.0,0.0
111.0,edulite_right_negative,00_1-8689_1_1,right_proximal_negative,大腿垫高001,True,1.0000000000000284,2.1470910512892787,0.0,0.0,0.0
111.0,edulite_right_negative,00_1-1305_1_1,right_distal_negative,小腿010,False,0.0,16.981689711639323,0.0,0.0,0.0
111.0,edulite_right_positive,00_1-1305_1_1,right_proximal_positive,大腿002,True,1.4210854715202004e-14,1.4210854715202004e-14,0.0,0.0,0.0
111.0,edulite_right_positive,100_1_1_1,right_proximal_positive,大腿002,True,1.5000000000000142,1.5000000000000142,0.0,0.0,0.0
111.0,edulite_right_positive,000_1-4238_1_1,right_proximal_positive,大腿002,True,1.4210854715202004e-14,0.0,0.0,0.0,0.0
111.0,edulite_right_positive,00_1-4459_1_1,right_proximal_positive,大腿002,True,0.0,0.0,0.0,0.0,0.0
111.0,edulite_right_positive,00_1-4459_1_001,right_proximal_positive,大腿002,True,0.0,0.0,0.0,0.0,0.0
111.0,edulite_right_positive,00_1-4459_1_002,right_proximal_positive,大腿002,True,0.0,0.0,0.0,0.0,0.0
111.0,edulite_right_positive,200_1_1_1,right_proximal_positive,大腿002,True,1.0000000000000142,3.1622776547396567,0.0,0.0,0.0
111.0,edulite_right_positive,00_1-8689_1_1,right_proximal_positive,大腿002,True,1.0000000000000142,1.0000000000000142,0.0,0.0,0.0
111.0,edulite_right_positive,00_1-1305_1_1,right_distal_negative,小腿010,False,0.0,62.33915831234268,0.0,0.0,0.0
111.0,left_proximal_negative,大腿,left_distal_negative,推力轴承,True,0.0,1.2789769243681803e-13,0.0,0.0,0.0
111.0,left_proximal_negative,大腿,left_distal_negative,小腿001,True,1.0000000000001137,1.000000000000142,0.0,0.0,0.0
111.0,left_proximal_negative,大腿,left_distal_negative,cross recessed pan head screws gb_GB_CROSS_SCREWS_TYPE1 M4X16-16  H type-C,True,0.0,0.09999999986282207,0.0,0.0,0.0
111.0,left_proximal_negative,大腿,left_distal_negative,"hex nuts, style 1-grades ab gb_GB_FASTENER_NUT_SNAB1 M4-C",True,0.0,1.1368683772161603e-13,0.0,0.0,0.0
111.0,left_proximal_negative,大腿,left_distal_positive,小腿004,False,0.0,69.33843645602397,0.0,0.0,0.0
111.0,left_proximal_positive,大腿001,left_distal_negative,小腿001,False,0.0,69.33843645620067,0.0,0.0,0.0
111.0,left_proximal_positive,大腿001,left_distal_positive,小腿004,True,1.0000000000000995,1.000000000000142,0.0,0.0,0.0
111.0,left_proximal_positive,大腿001,left_distal_positive,推力轴承001,True,0.0,1.4210854715202004e-13,0.0,0.0,0.0
111.0,left_proximal_positive,大腿001,left_distal_positive,cross recessed pan head screws gb_GB_CROSS_SCREWS_TYPE1 M4X16-16  H type-C001,True,0.0,0.09999999988433438,0.0,0.0,0.0
111.0,left_proximal_positive,大腿001,left_distal_positive,"hex nuts, style 1-grades ab gb_GB_FASTENER_NUT_SNAB1 M4-C001",True,0.0,5.684341886080802e-14,0.0,0.0,0.0
111.0,left_distal_negative,小腿001,left_distal_positive,小腿004,True,0.9999999999999858,0.9999999999999858,0.0,0.0,0.0
111.0,left_distal_negative,小腿001,left_wheel,推力轴承002,True,0.0,1.4210854715202004e-14,0.0,0.0,0.0
111.0,left_distal_negative,小腿001,left_wheel,驱动板004,True,0.4999999999998721,0.4999999999998863,0.0,0.0,0.0
111.0,left_distal_negative,小腿001,left_wheel,MISUMI_CBSTSR4-16_内六角螺栓（盖螺栓）,True,0.0,0.0,0.0,0.0,0.0
111.0,left_distal_positive,小腿004,left_wheel,推力轴承002,True,0.0,0.0,0.0,0.0,0.0
111.0,left_distal_positive,小腿004,left_wheel,MISUMI_C-SE604ZZ_不锈钢小径滚珠轴承,True,0.0,1.4210854715202004e-14,0.0,0.0,0.0
111.0,left_distal_positive,小腿004,left_wheel,MISUMI_CBSTSR4-16_内六角螺栓（盖螺栓）,True,0.0,0.09999999931443118,0.0,0.0,0.0
111.0,right_proximal_negative,大腿003,right_distal_negative,推力轴承004,True,0.0,1.2789769243681803e-13,0.0,0.0,0.0
111.0,right_proximal_negative,大腿003,right_distal_negative,小腿009,True,2.0,2.0,0.0,0.0,0.0
111.0,right_proximal_negative,大腿003,right_distal_negative,小腿010,True,1.0,1.0,0.0,0.0,0.0
111.0,right_proximal_negative,大腿003,right_distal_negative,"hex nuts, style 1-grades ab gb_GB_FASTENER_NUT_SNAB1 M4-C005",True,1.1368683772161603e-13,1.4210854715202004e-13,0.0,0.0,0.0
111.0,right_proximal_negative,大腿003,right_distal_negative,cross recessed pan head screws gb_GB_CROSS_SCREWS_TYPE1 M4X16-16  H type-C003,True,0.0,0.09999999987063153,0.0,0.0,0.0
111.0,right_proximal_negative,大腿003,right_distal_positive,小腿007,False,0.0,69.33843645602387,0.0,0.0,0.0
111.0,right_proximal_positive,大腿002,right_distal_negative,小腿010,False,0.0,69.33843645620155,0.0,0.0,0.0
111.0,right_proximal_positive,大腿002,right_distal_positive,推力轴承003,True,0.0,0.0,0.0,0.0,0.0
111.0,right_proximal_positive,大腿002,right_distal_positive,小腿007,True,1.0,1.0000000000000142,0.0,0.0,0.0
111.0,right_proximal_positive,大腿002,right_distal_positive,cross recessed pan head screws gb_GB_CROSS_SCREWS_TYPE1 M4X16-16  H type-C002,True,0.0,0.09999999988438261,0.0,0.0,0.0
111.0,right_proximal_positive,大腿002,right_distal_positive,"hex nuts, style 1-grades ab gb_GB_FASTENER_NUT_SNAB1 M4-C003",True,0.0,1.4210854715202004e-14,0.0,0.0,0.0
111.0,right_distal_negative,小腿010,right_distal_positive,小腿007,True,1.0000000000000142,1.0000000000000142,0.0,0.0,0.0
111.0,right_distal_negative,小腿010,right_wheel,推力轴承005,True,0.0,1.4210854715202004e-14,0.0,0.0,0.0
111.0,right_distal_negative,小腿010,right_wheel,MISUMI_C-SE604ZZ_不锈钢小径滚珠轴承004,True,0.0,1.4210854715202004e-14,0.0,0.0,0.0
111.0,right_distal_negative,小腿010,right_wheel,MISUMI_CBSTSR4-16_内六角螺栓（盖螺栓）001,True,0.0,0.09999999974551109,0.0,0.0,0.0
111.0,right_distal_positive,小腿007,right_wheel,推力轴承005,True,0.0,0.0,0.0,0.0,0.0
111.0,right_distal_positive,小腿007,right_wheel,驱动板005,True,0.4999999999998863,0.49999999999991473,0.0,0.0,0.0
111.0,right_distal_positive,小腿007,right_wheel,MISUMI_CBSTSR4-16_内六角螺栓（盖螺栓）001,True,0.0,0.0,0.0,0.0,0.0
112.0,fixed,底板,left_distal_positive,cross recessed pan head screws gb_GB_CROSS_SCREWS_TYPE1 M4X16-16  H type-C001,False,1.3999999999999915,1.4430107000469192,0.0,0.0,0.0
112.0,fixed,底板,right_distal_negative,cross recessed pan head screws gb_GB_CROSS_SCREWS_TYPE1 M4X16-16  H type-C003,False,1.4000000000001336,1.4430107000470755,0.0,0.0,0.0
112.0,edulite_left_negative,00_1-1305_1_1,left_proximal_negative,大腿,True,0.0,5.684341886080802e-14,0.0,0.0,0.0
112.0,edulite_left_negative,100_1_1_1,left_proximal_negative,大腿,True,1.499999999999858,1.499999999999858,0.0,0.0,0.0
112.0,edulite_left_negative,000_1-4238_1_1,left_proximal_negative,大腿,True,0.0,0.0,0.0,0.0,0.0
112.0,edulite_left_negative,00_1-4459_1_1,left_proximal_negative,大腿,True,0.0,0.0,0.0,0.0,0.0
112.0,edulite_left_negative,00_1-4459_1_001,left_proximal_negative,大腿,True,0.0,0.0,0.0,0.0,0.0
112.0,edulite_left_negative,00_1-4459_1_002,left_proximal_negative,大腿,True,0.0,0.0,0.0,0.0,0.0
112.0,edulite_left_negative,200_1_1_1,left_proximal_negative,大腿,True,0.9999999999998579,3.162277654733871,0.0,0.0,0.0
112.0,edulite_left_negative,00_1-8689_1_1,left_proximal_negative,大腿,True,0.9999999999998579,0.9999999999998579,0.0,0.0,0.0
112.0,edulite_left_negative,00_1-1305_1_1,left_distal_positive,小腿004,False,0.0,62.596574014089846,0.0,0.0,0.0
112.0,edulite_left_positive,00_1-1305_1_1,left_proximal_positive,大腿垫高,True,1.4210854715202004e-14,2.549509752903454,0.0,0.0,0.0
112.0,edulite_left_positive,100_1_1_1,left_proximal_positive,大腿垫高,True,1.5000000000000142,1.5000000000000142,0.0,0.0,0.0
112.0,edulite_left_positive,000_1-4238_1_1,left_proximal_positive,大腿垫高,True,1.4210854715202004e-14,0.0,0.0,0.0,0.0
112.0,edulite_left_positive,00_1-4459_1_1,left_proximal_positive,大腿垫高,True,0.0,0.0,0.0,0.0,0.0
112.0,edulite_left_positive,00_1-4459_1_001,left_proximal_positive,大腿垫高,True,0.0,0.0,0.0,0.0,0.0
112.0,edulite_left_positive,00_1-4459_1_002,left_proximal_positive,大腿垫高,True,0.0,0.0,0.0,0.0,0.0
112.0,edulite_left_positive,200_1_1_1,left_proximal_positive,大腿垫高,True,1.0000000000000142,3.162277656235194,0.0,0.0,0.0
112.0,edulite_left_positive,00_1-8689_1_1,left_proximal_positive,大腿垫高,True,1.0000000000000142,2.147091051289157,0.0,0.0,0.0
112.0,edulite_left_positive,00_1-1305_1_1,left_distal_positive,小腿004,False,0.0,17.001159301397056,0.0,0.0,0.0
112.0,edulite_right_negative,00_1-1305_1_1,right_proximal_negative,大腿垫高001,True,2.842170943040401e-14,2.5495097529035506,0.0,0.0,0.0
112.0,edulite_right_negative,100_1_1_1,right_proximal_negative,大腿垫高001,True,1.5000000000000284,1.5000000000000284,0.0,0.0,0.0
112.0,edulite_right_negative,000_1-4238_1_1,right_proximal_negative,大腿垫高001,True,2.842170943040401e-14,0.0,0.0,0.0,0.0
112.0,edulite_right_negative,00_1-4459_1_1,right_proximal_negative,大腿垫高001,True,0.0,0.0,0.0,0.0,0.0
112.0,edulite_right_negative,00_1-4459_1_001,right_proximal_negative,大腿垫高001,True,0.0,0.0,0.0,0.0,0.0
112.0,edulite_right_negative,00_1-4459_1_002,right_proximal_negative,大腿垫高001,True,0.0,0.0,0.0,0.0,0.0
112.0,edulite_right_negative,200_1_1_1,right_proximal_negative,大腿垫高001,True,1.0000000000000284,3.1622776562353065,0.0,0.0,0.0
112.0,edulite_right_negative,00_1-8689_1_1,right_proximal_negative,大腿垫高001,True,1.0000000000000284,2.1470910512892725,0.0,0.0,0.0
112.0,edulite_right_negative,00_1-1305_1_1,right_distal_negative,小腿010,False,0.0,17.001159301491352,0.0,0.0,0.0
112.0,edulite_right_positive,00_1-1305_1_1,right_proximal_positive,大腿002,True,1.4210854715202004e-14,1.4210854715202004e-14,0.0,0.0,0.0
112.0,edulite_right_positive,100_1_1_1,right_proximal_positive,大腿002,True,1.5000000000000142,1.5000000000000142,0.0,0.0,0.0
112.0,edulite_right_positive,000_1-4238_1_1,right_proximal_positive,大腿002,True,1.4210854715202004e-14,0.0,0.0,0.0,0.0
112.0,edulite_right_positive,00_1-4459_1_1,right_proximal_positive,大腿002,True,0.0,0.0,0.0,0.0,0.0
112.0,edulite_right_positive,00_1-4459_1_001,right_proximal_positive,大腿002,True,0.0,0.0,0.0,0.0,0.0
112.0,edulite_right_positive,00_1-4459_1_002,right_proximal_positive,大腿002,True,0.0,0.0,0.0,0.0,0.0
112.0,edulite_right_positive,200_1_1_1,right_proximal_positive,大腿002,True,1.0000000000000142,3.1622776547337614,0.0,0.0,0.0
112.0,edulite_right_positive,00_1-8689_1_1,right_proximal_positive,大腿002,True,1.0000000000000142,1.0000000000000142,0.0,0.0,0.0
112.0,edulite_right_positive,00_1-1305_1_1,right_distal_negative,小腿010,False,0.0,62.59657401426451,0.0,0.0,0.0
112.0,left_proximal_negative,大腿,left_distal_negative,推力轴承,True,0.0,1.2789769243681803e-13,0.0,0.0,0.0
112.0,left_proximal_negative,大腿,left_distal_negative,小腿001,True,1.0000000000001137,1.000000000000142,0.0,0.0,0.0
112.0,left_proximal_negative,大腿,left_distal_negative,cross recessed pan head screws gb_GB_CROSS_SCREWS_TYPE1 M4X16-16  H type-C,True,0.0,0.09999999986891472,0.0,0.0,0.0
112.0,left_proximal_negative,大腿,left_distal_negative,"hex nuts, style 1-grades ab gb_GB_FASTENER_NUT_SNAB1 M4-C",True,0.0,1.1368683772161603e-13,0.0,0.0,0.0
112.0,left_proximal_negative,大腿,left_distal_positive,小腿004,False,0.0,69.59585512648972,0.0,0.0,0.0
112.0,left_proximal_positive,大腿001,left_distal_negative,小腿001,False,0.0,69.59585512666364,0.0,0.0,0.0
112.0,left_proximal_positive,大腿001,left_distal_positive,小腿004,True,1.0000000000000995,1.000000000000142,0.0,0.0,0.0
112.0,left_proximal_positive,大腿001,left_distal_positive,推力轴承001,True,0.0,1.4210854715202004e-13,0.0,0.0,0.0
112.0,left_proximal_positive,大腿001,left_distal_positive,cross recessed pan head screws gb_GB_CROSS_SCREWS_TYPE1 M4X16-16  H type-C001,True,0.0,0.0999999998851253,0.0,0.0,0.0
112.0,left_proximal_positive,大腿001,left_distal_positive,"hex nuts, style 1-grades ab gb_GB_FASTENER_NUT_SNAB1 M4-C001",True,0.0,5.684341886080802e-14,0.0,0.0,0.0
112.0,left_distal_negative,小腿001,left_distal_positive,小腿004,True,0.9999999999999858,0.9999999999999858,0.0,0.0,0.0
112.0,left_distal_negative,小腿001,left_wheel,推力轴承002,True,0.0,1.4210854715202004e-14,0.0,0.0,0.0
112.0,left_distal_negative,小腿001,left_wheel,驱动板004,True,0.4999999999998721,0.4999999999998863,0.0,0.0,0.0
112.0,left_distal_negative,小腿001,left_wheel,MISUMI_CBSTSR4-16_内六角螺栓（盖螺栓）,True,0.0,0.0,0.0,0.0,0.0
112.0,left_distal_positive,小腿004,left_wheel,推力轴承002,True,0.0,0.0,0.0,0.0,0.0
112.0,left_distal_positive,小腿004,left_wheel,MISUMI_C-SE604ZZ_不锈钢小径滚珠轴承,True,0.0,1.4210854715202004e-14,0.0,0.0,0.0
112.0,left_distal_positive,小腿004,left_wheel,MISUMI_CBSTSR4-16_内六角螺栓（盖螺栓）,True,0.0,0.09999999931632847,0.0,0.0,0.0
112.0,right_proximal_negative,大腿003,right_distal_negative,推力轴承004,True,0.0,1.2789769243681803e-13,0.0,0.0,0.0
112.0,right_proximal_negative,大腿003,right_distal_negative,小腿009,True,2.0,2.0,0.0,0.0,0.0
112.0,right_proximal_negative,大腿003,right_distal_negative,小腿010,True,1.0,1.0,0.0,0.0,0.0
112.0,right_proximal_negative,大腿003,right_distal_negative,"hex nuts, style 1-grades ab gb_GB_FASTENER_NUT_SNAB1 M4-C005",True,1.1368683772161603e-13,1.4210854715202004e-13,0.0,0.0,0.0
112.0,right_proximal_negative,大腿003,right_distal_negative,cross recessed pan head screws gb_GB_CROSS_SCREWS_TYPE1 M4X16-16  H type-C003,True,0.0,0.09999999986952944,0.0,0.0,0.0
112.0,right_proximal_negative,大腿003,right_distal_positive,小腿007,False,0.0,69.59585512648962,0.0,0.0,0.0
112.0,right_proximal_positive,大腿002,right_distal_negative,小腿010,False,0.0,69.5958551266645,0.0,0.0,0.0
112.0,right_proximal_positive,大腿002,right_distal_positive,推力轴承003,True,0.0,0.0,0.0,0.0,0.0
112.0,right_proximal_positive,大腿002,right_distal_positive,小腿007,True,1.0,1.0000000000000142,0.0,0.0,0.0
112.0,right_proximal_positive,大腿002,right_distal_positive,cross recessed pan head screws gb_GB_CROSS_SCREWS_TYPE1 M4X16-16  H type-C002,True,0.0,0.0999999998851881,0.0,0.0,0.0
112.0,right_proximal_positive,大腿002,right_distal_positive,"hex nuts, style 1-grades ab gb_GB_FASTENER_NUT_SNAB1 M4-C003",True,0.0,1.4210854715202004e-14,0.0,0.0,0.0
112.0,right_distal_negative,小腿010,right_distal_positive,小腿007,True,1.0000000000000142,1.0000000000000142,0.0,0.0,0.0
112.0,right_distal_negative,小腿010,right_wheel,推力轴承005,True,0.0,1.4210854715202004e-14,0.0,0.0,0.0
112.0,right_distal_negative,小腿010,right_wheel,MISUMI_C-SE604ZZ_不锈钢小径滚珠轴承004,True,0.0,1.4210854715202004e-14,0.0,0.0,0.0
112.0,right_distal_negative,小腿010,right_wheel,MISUMI_CBSTSR4-16_内六角螺栓（盖螺栓）001,True,0.0,0.09999999970569223,0.0,0.0,0.0
112.0,right_distal_positive,小腿007,right_wheel,推力轴承005,True,0.0,0.0,0.0,0.0,0.0
112.0,right_distal_positive,小腿007,right_wheel,驱动板005,True,0.4999999999998863,0.49999999999991473,0.0,0.0,0.0
112.0,right_distal_positive,小腿007,right_wheel,MISUMI_CBSTSR4-16_内六角螺栓（盖螺栓）001,True,0.0,0.0,0.0,0.0,0.0
113.0,fixed,底板,left_distal_positive,cross recessed pan head screws gb_GB_CROSS_SCREWS_TYPE1 M4X16-16  H type-C001,False,1.3999999999999915,1.4430107000469192,0.0,0.0,0.0
113.0,fixed,底板,right_distal_negative,cross recessed pan head screws gb_GB_CROSS_SCREWS_TYPE1 M4X16-16  H type-C003,False,1.4000000000001336,1.4430107000470755,0.0,0.0,0.0
113.0,edulite_left_negative,00_1-1305_1_1,left_proximal_negative,大腿,True,0.0,5.684341886080802e-14,0.0,0.0,0.0
113.0,edulite_left_negative,100_1_1_1,left_proximal_negative,大腿,True,1.499999999999858,1.499999999999858,0.0,0.0,0.0
113.0,edulite_left_negative,000_1-4238_1_1,left_proximal_negative,大腿,True,0.0,0.0,0.0,0.0,0.0
113.0,edulite_left_negative,00_1-4459_1_1,left_proximal_negative,大腿,True,0.0,0.0,0.0,0.0,0.0
113.0,edulite_left_negative,00_1-4459_1_001,left_proximal_negative,大腿,True,0.0,0.0,0.0,0.0,0.0
113.0,edulite_left_negative,00_1-4459_1_002,left_proximal_negative,大腿,True,0.0,0.0,0.0,0.0,0.0
113.0,edulite_left_negative,200_1_1_1,left_proximal_negative,大腿,True,0.9999999999998579,3.1622776547292046,0.0,0.0,0.0
113.0,edulite_left_negative,00_1-8689_1_1,left_proximal_negative,大腿,True,0.9999999999998579,0.9999999999998579,0.0,0.0,0.0
113.0,edulite_left_negative,00_1-1305_1_1,left_distal_positive,小腿004,False,0.0,62.83386649156323,0.0,0.0,0.0
113.0,edulite_left_positive,00_1-1305_1_1,left_proximal_positive,大腿垫高,True,1.4210854715202004e-14,2.549509752903461,0.0,0.0,0.0
113.0,edulite_left_positive,100_1_1_1,left_proximal_positive,大腿垫高,True,1.5000000000000142,1.5000000000000142,0.0,0.0,0.0
113.0,edulite_left_positive,000_1-4238_1_1,left_proximal_positive,大腿垫高,True,1.4210854715202004e-14,0.0,0.0,0.0,0.0
113.0,edulite_left_positive,00_1-4459_1_1,left_proximal_positive,大腿垫高,True,0.0,0.0,0.0,0.0,0.0
113.0,edulite_left_positive,00_1-4459_1_001,left_proximal_positive,大腿垫高,True,0.0,0.0,0.0,0.0,0.0
113.0,edulite_left_positive,00_1-4459_1_002,left_proximal_positive,大腿垫高,True,0.0,0.0,0.0,0.0,0.0
113.0,edulite_left_positive,200_1_1_1,left_proximal_positive,大腿垫高,True,1.0000000000000142,3.162277656235194,0.0,0.0,0.0
113.0,edulite_left_positive,00_1-8689_1_1,left_proximal_positive,大腿垫高,True,1.0000000000000142,2.1470910512891574,0.0,0.0,0.0
113.0,edulite_left_positive,00_1-1305_1_1,left_distal_positive,小腿004,False,0.0,17.002646846993905,0.0,0.0,0.0
113.0,edulite_right_negative,00_1-1305_1_1,right_proximal_negative,大腿垫高001,True,2.842170943040401e-14,2.549509752903547,0.0,0.0,0.0
113.0,edulite_right_negative,100_1_1_1,right_proximal_negative,大腿垫高001,True,1.5000000000000284,1.5000000000000284,0.0,0.0,0.0
113.0,edulite_right_negative,000_1-4238_1_1,right_proximal_negative,大腿垫高001,True,2.842170943040401e-14,0.0,0.0,0.0,0.0
113.0,edulite_right_negative,00_1-4459_1_1,right_proximal_negative,大腿垫高001,True,0.0,0.0,0.0,0.0,0.0
113.0,edulite_right_negative,00_1-4459_1_001,right_proximal_negative,大腿垫高001,True,0.0,0.0,0.0,0.0,0.0
113.0,edulite_right_negative,00_1-4459_1_002,right_proximal_negative,大腿垫高001,True,0.0,0.0,0.0,0.0,0.0
113.0,edulite_right_negative,200_1_1_1,right_proximal_negative,大腿垫高001,True,1.0000000000000284,3.162277656235313,0.0,0.0,0.0
113.0,edulite_right_negative,00_1-8689_1_1,right_proximal_negative,大腿垫高001,True,1.0000000000000284,2.1470910512892782,0.0,0.0,0.0
113.0,edulite_right_negative,00_1-1305_1_1,right_distal_negative,小腿010,False,0.0,17.002646847090308,0.0,0.0,0.0
113.0,edulite_right_positive,00_1-1305_1_1,right_proximal_positive,大腿002,True,1.4210854715202004e-14,1.4210854715202004e-14,0.0,0.0,0.0
113.0,edulite_right_positive,100_1_1_1,right_proximal_positive,大腿002,True,1.5000000000000142,1.5000000000000142,0.0,0.0,0.0
113.0,edulite_right_positive,000_1-4238_1_1,right_proximal_positive,大腿002,True,1.4210854715202004e-14,0.0,0.0,0.0,0.0
113.0,edulite_right_positive,00_1-4459_1_1,right_proximal_positive,大腿002,True,0.0,0.0,0.0,0.0,0.0
113.0,edulite_right_positive,00_1-4459_1_001,right_proximal_positive,大腿002,True,0.0,0.0,0.0,0.0,0.0
113.0,edulite_right_positive,00_1-4459_1_002,right_proximal_positive,大腿002,True,0.0,0.0,0.0,0.0,0.0
113.0,edulite_right_positive,200_1_1_1,right_proximal_positive,大腿002,True,1.0000000000000142,3.162277654729097,0.0,0.0,0.0
113.0,edulite_right_positive,00_1-8689_1_1,right_proximal_positive,大腿002,True,1.0000000000000142,1.0000000000000142,0.0,0.0,0.0
113.0,edulite_right_positive,00_1-1305_1_1,right_distal_negative,小腿010,False,0.0,62.833866491735094,0.0,0.0,0.0
113.0,left_proximal_negative,大腿,left_distal_negative,推力轴承,True,0.0,1.2789769243681803e-13,0.0,0.0,0.0
113.0,left_proximal_negative,大腿,left_distal_negative,小腿001,True,1.0000000000001137,1.000000000000142,0.0,0.0,0.0
113.0,left_proximal_negative,大腿,left_distal_negative,cross recessed pan head screws gb_GB_CROSS_SCREWS_TYPE1 M4X16-16  H type-C,True,0.0,0.09999999986806839,0.0,0.0,0.0
113.0,left_proximal_negative,大腿,left_distal_negative,"hex nuts, style 1-grades ab gb_GB_FASTENER_NUT_SNAB1 M4-C",True,0.0,1.1368683772161603e-13,0.0,0.0,0.0
113.0,left_proximal_negative,大腿,left_distal_positive,小腿004,False,0.0,69.8331503188954,0.0,0.0,0.0
113.0,left_proximal_positive,大腿001,left_distal_negative,小腿001,False,0.0,69.8331503190665,0.0,0.0,0.0
113.0,left_proximal_positive,大腿001,left_distal_positive,小腿004,True,1.0000000000000995,1.000000000000142,0.0,0.0,0.0
113.0,left_proximal_positive,大腿001,left_distal_positive,推力轴承001,True,0.0,1.4210854715202004e-13,0.0,0.0,0.0
113.0,left_proximal_positive,大腿001,left_distal_positive,cross recessed pan head screws gb_GB_CROSS_SCREWS_TYPE1 M4X16-16  H type-C001,True,0.0,0.09999999988625714,0.0,0.0,0.0
113.0,left_proximal_positive,大腿001,left_distal_positive,"hex nuts, style 1-grades ab gb_GB_FASTENER_NUT_SNAB1 M4-C001",True,0.0,5.684341886080802e-14,0.0,0.0,0.0
113.0,left_distal_negative,小腿001,left_distal_positive,小腿004,True,0.9999999999999858,0.9999999999999858,0.0,0.0,0.0
113.0,left_distal_negative,小腿001,left_wheel,推力轴承002,True,0.0,1.4210854715202004e-14,0.0,0.0,0.0
113.0,left_distal_negative,小腿001,left_wheel,驱动板004,True,0.4999999999998721,0.4999999999998863,0.0,0.0,0.0
113.0,left_distal_negative,小腿001,left_wheel,MISUMI_CBSTSR4-16_内六角螺栓（盖螺栓）,True,0.0,0.0,0.0,0.0,0.0
113.0,left_distal_positive,小腿004,left_wheel,推力轴承002,True,0.0,0.0,0.0,0.0,0.0
113.0,left_distal_positive,小腿004,left_wheel,MISUMI_C-SE604ZZ_不锈钢小径滚珠轴承,True,0.0,1.4210854715202004e-14,0.0,0.0,0.0
113.0,left_distal_positive,小腿004,left_wheel,MISUMI_CBSTSR4-16_内六角螺栓（盖螺栓）,True,0.0,0.09999999939615256,0.0,0.0,0.0
113.0,right_proximal_negative,大腿003,right_distal_negative,推力轴承004,True,0.0,1.2789769243681803e-13,0.0,0.0,0.0
113.0,right_proximal_negative,大腿003,right_distal_negative,小腿009,True,2.0,2.0,0.0,0.0,0.0
113.0,right_proximal_negative,大腿003,right_distal_negative,小腿010,True,1.0,1.0,0.0,0.0,0.0
113.0,right_proximal_negative,大腿003,right_distal_negative,"hex nuts, style 1-grades ab gb_GB_FASTENER_NUT_SNAB1 M4-C005",True,1.1368683772161603e-13,1.4210854715202004e-13,0.0,0.0,0.0
113.0,right_proximal_negative,大腿003,right_distal_negative,cross recessed pan head screws gb_GB_CROSS_SCREWS_TYPE1 M4X16-16  H type-C003,True,0.0,0.09999999986867612,0.0,0.0,0.0
113.0,right_proximal_negative,大腿003,right_distal_positive,小腿007,False,0.0,69.8331503188953,0.0,0.0,0.0
113.0,right_proximal_positive,大腿002,right_distal_negative,小腿010,False,0.0,69.8331503190674,0.0,0.0,0.0
113.0,right_proximal_positive,大腿002,right_distal_positive,推力轴承003,True,0.0,0.0,0.0,0.0,0.0
113.0,right_proximal_positive,大腿002,right_distal_positive,小腿007,True,1.0,1.0000000000000142,0.0,0.0,0.0
113.0,right_proximal_positive,大腿002,right_distal_positive,cross recessed pan head screws gb_GB_CROSS_SCREWS_TYPE1 M4X16-16  H type-C002,True,0.0,0.09999999988628726,0.0,0.0,0.0
113.0,right_proximal_positive,大腿002,right_distal_positive,"hex nuts, style 1-grades ab gb_GB_FASTENER_NUT_SNAB1 M4-C003",True,0.0,1.4210854715202004e-14,0.0,0.0,0.0
113.0,right_distal_negative,小腿010,right_distal_positive,小腿007,True,1.0000000000000142,1.0000000000000142,0.0,0.0,0.0
113.0,right_distal_negative,小腿010,right_wheel,推力轴承005,True,0.0,1.4210854715202004e-14,0.0,0.0,0.0
113.0,right_distal_negative,小腿010,right_wheel,MISUMI_C-SE604ZZ_不锈钢小径滚珠轴承004,True,0.0,1.4210854715202004e-14,0.0,0.0,0.0
113.0,right_distal_negative,小腿010,right_wheel,MISUMI_CBSTSR4-16_内六角螺栓（盖螺栓）001,True,0.0,0.09999999974560152,0.0,0.0,0.0
113.0,right_distal_positive,小腿007,right_wheel,推力轴承005,True,0.0,0.0,0.0,0.0,0.0
113.0,right_distal_positive,小腿007,right_wheel,驱动板005,True,0.4999999999998863,0.49999999999991473,0.0,0.0,0.0
113.0,right_distal_positive,小腿007,right_wheel,MISUMI_CBSTSR4-16_内六角螺栓（盖螺栓）001,True,0.0,0.0,0.0,0.0,0.0
114.0,fixed,底板,left_distal_positive,cross recessed pan head screws gb_GB_CROSS_SCREWS_TYPE1 M4X16-16  H type-C001,False,1.3999999999999915,1.4430107000469192,0.0,0.0,0.0
114.0,fixed,底板,right_distal_negative,cross recessed pan head screws gb_GB_CROSS_SCREWS_TYPE1 M4X16-16  H type-C003,False,1.4000000000001336,1.4430107000470755,0.0,0.0,0.0
114.0,edulite_left_negative,00_1-1305_1_1,left_proximal_negative,大腿,True,0.0,5.684341886080802e-14,0.0,0.0,0.0
114.0,edulite_left_negative,100_1_1_1,left_proximal_negative,大腿,True,1.499999999999858,1.499999999999858,0.0,0.0,0.0
114.0,edulite_left_negative,000_1-4238_1_1,left_proximal_negative,大腿,True,0.0,0.0,0.0,0.0,0.0
114.0,edulite_left_negative,00_1-4459_1_1,left_proximal_negative,大腿,True,0.0,0.0,0.0,0.0,0.0
114.0,edulite_left_negative,00_1-4459_1_001,left_proximal_negative,大腿,True,0.0,0.0,0.0,0.0,0.0
114.0,edulite_left_negative,00_1-4459_1_002,left_proximal_negative,大腿,True,0.0,0.0,0.0,0.0,0.0
114.0,edulite_left_negative,200_1_1_1,left_proximal_negative,大腿,True,0.9999999999998579,3.162277654725787,0.0,0.0,0.0
114.0,edulite_left_negative,00_1-8689_1_1,left_proximal_negative,大腿,True,0.9999999999998579,0.9999999999998579,0.0,0.0,0.0
114.0,edulite_left_negative,00_1-1305_1_1,left_distal_positive,小腿004,False,0.35842359170049676,63.05039365657812,0.0,0.0,0.0
114.0,edulite_left_positive,00_1-1305_1_1,left_proximal_positive,大腿垫高,True,1.4210854715202004e-14,2.549509752903454,0.0,0.0,0.0
114.0,edulite_left_positive,100_1_1_1,left_proximal_positive,大腿垫高,True,1.5000000000000142,1.5000000000000142,0.0,0.0,0.0
114.0,edulite_left_positive,000_1-4238_1_1,left_proximal_positive,大腿垫高,True,1.4210854715202004e-14,0.0,0.0,0.0,0.0
114.0,edulite_left_positive,00_1-4459_1_1,left_proximal_positive,大腿垫高,True,0.0,0.0,0.0,0.0,0.0
114.0,edulite_left_positive,00_1-4459_1_001,left_proximal_positive,大腿垫高,True,0.0,0.0,0.0,0.0,0.0
114.0,edulite_left_positive,00_1-4459_1_002,left_proximal_positive,大腿垫高,True,0.0,0.0,0.0,0.0,0.0
114.0,edulite_left_positive,200_1_1_1,left_proximal_positive,大腿垫高,True,1.0000000000000142,3.162277656235194,0.0,0.0,0.0
114.0,edulite_left_positive,00_1-8689_1_1,left_proximal_positive,大腿垫高,True,1.0000000000000142,2.1470910512891566,0.0,0.0,0.0
114.0,edulite_left_positive,00_1-1305_1_1,left_distal_positive,小腿004,False,0.35842359170049676,17.002646846971754,0.0,0.0,0.0
114.0,edulite_right_negative,00_1-1305_1_1,right_proximal_negative,大腿垫高001,True,2.842170943040401e-14,2.5495097529035404,0.0,0.0,0.0
114.0,edulite_right_negative,100_1_1_1,right_proximal_negative,大腿垫高001,True,1.5000000000000284,1.5000000000000284,0.0,0.0,0.0
114.0,edulite_right_negative,000_1-4238_1_1,right_proximal_negative,大腿垫高001,True,2.842170943040401e-14,0.0,0.0,0.0,0.0
114.0,edulite_right_negative,00_1-4459_1_1,right_proximal_negative,大腿垫高001,True,0.0,0.0,0.0,0.0,0.0
114.0,edulite_right_negative,00_1-4459_1_001,right_proximal_negative,大腿垫高001,True,0.0,0.0,0.0,0.0,0.0
114.0,edulite_right_negative,00_1-4459_1_002,right_proximal_negative,大腿垫高001,True,0.0,0.0,0.0,0.0,0.0
114.0,edulite_right_negative,200_1_1_1,right_proximal_negative,大腿垫高001,True,1.0000000000000284,3.1622776562353065,0.0,0.0,0.0
114.0,edulite_right_negative,00_1-8689_1_1,right_proximal_negative,大腿垫高001,True,1.0000000000000284,2.1470910512892725,0.0,0.0,0.0
114.0,edulite_right_negative,00_1-1305_1_1,right_distal_negative,小腿010,False,0.35842359192322526,17.002646847072725,0.0,0.0,0.0
114.0,edulite_right_positive,00_1-1305_1_1,right_proximal_positive,大腿002,True,1.4210854715202004e-14,1.4210854715202004e-14,0.0,0.0,0.0
114.0,edulite_right_positive,100_1_1_1,right_proximal_positive,大腿002,True,1.5000000000000142,1.5000000000000142,0.0,0.0,0.0
114.0,edulite_right_positive,000_1-4238_1_1,right_proximal_positive,大腿002,True,1.4210854715202004e-14,0.0,0.0,0.0,0.0
114.0,edulite_right_positive,00_1-4459_1_1,right_proximal_positive,大腿002,True,0.0,0.0,0.0,0.0,0.0
114.0,edulite_right_positive,00_1-4459_1_001,right_proximal_positive,大腿002,True,0.0,0.0,0.0,0.0,0.0
114.0,edulite_right_positive,00_1-4459_1_002,right_proximal_positive,大腿002,True,0.0,0.0,0.0,0.0,0.0
114.0,edulite_right_positive,200_1_1_1,right_proximal_positive,大腿002,True,1.0000000000000142,3.162277654725679,0.0,0.0,0.0
114.0,edulite_right_positive,00_1-8689_1_1,right_proximal_positive,大腿002,True,1.0000000000000142,1.0000000000000142,0.0,0.0,0.0
114.0,edulite_right_positive,00_1-1305_1_1,right_distal_negative,小腿010,False,0.35842359192322526,63.05039365674722,0.0,0.0,0.0
114.0,left_proximal_negative,大腿,left_distal_negative,推力轴承,True,0.0,1.2789769243681803e-13,0.0,0.0,0.0
114.0,left_proximal_negative,大腿,left_distal_negative,小腿001,True,1.0000000000001137,1.000000000000142,0.0,0.0,0.0
114.0,left_proximal_negative,大腿,left_distal_negative,cross recessed pan head screws gb_GB_CROSS_SCREWS_TYPE1 M4X16-16  H type-C,True,0.0,0.09999999986740603,0.0,0.0,0.0
114.0,left_proximal_negative,大腿,left_distal_negative,"hex nuts, style 1-grades ab gb_GB_FASTENER_NUT_SNAB1 M4-C",True,0.0,1.1368683772161603e-13,0.0,0.0,0.0
114.0,left_proximal_negative,大腿,left_distal_positive,小腿004,False,0.0,70.0496799434284,0.0,0.0,0.0
114.0,left_proximal_positive,大腿001,left_distal_negative,小腿001,False,0.0,70.04967994359671,0.0,0.0,0.0
114.0,left_proximal_positive,大腿001,left_distal_positive,小腿004,True,1.0000000000000995,1.000000000000142,0.0,0.0,0.0
114.0,left_proximal_positive,大腿001,left_distal_positive,推力轴承001,True,0.0,1.4210854715202004e-13,0.0,0.0,0.0
114.0,left_proximal_positive,大腿001,left_distal_positive,cross recessed pan head screws gb_GB_CROSS_SCREWS_TYPE1 M4X16-16  H type-C001,True,0.0,0.09999999988770865,0.0,0.0,0.0
114.0,left_proximal_positive,大腿001,left_distal_positive,"hex nuts, style 1-grades ab gb_GB_FASTENER_NUT_SNAB1 M4-C001",True,0.0,5.684341886080802e-14,0.0,0.0,0.0
114.0,left_distal_negative,小腿001,left_distal_positive,小腿004,True,0.9999999999999858,0.9999999999999858,0.0,0.0,0.0
114.0,left_distal_negative,小腿001,left_wheel,推力轴承002,True,0.0,1.4210854715202004e-14,0.0,0.0,0.0
114.0,left_distal_negative,小腿001,left_wheel,驱动板004,True,0.4999999999998721,0.4999999999998863,0.0,0.0,0.0
114.0,left_distal_negative,小腿001,left_wheel,MISUMI_CBSTSR4-16_内六角螺栓（盖螺栓）,True,0.0,0.0,0.0,0.0,0.0
114.0,left_distal_positive,小腿004,left_wheel,推力轴承002,True,0.0,0.0,0.0,0.0,0.0
114.0,left_distal_positive,小腿004,left_wheel,MISUMI_C-SE604ZZ_不锈钢小径滚珠轴承,True,0.0,1.4210854715202004e-14,0.0,0.0,0.0
114.0,left_distal_positive,小腿004,left_wheel,MISUMI_CBSTSR4-16_内六角螺栓（盖螺栓）,True,0.0,0.09999999939421983,0.0,0.0,0.0
114.0,right_proximal_negative,大腿003,right_distal_negative,推力轴承004,True,0.0,1.2789769243681803e-13,0.0,0.0,0.0
114.0,right_proximal_negative,大腿003,right_distal_negative,小腿009,True,2.0,2.0,0.0,0.0,0.0
114.0,right_proximal_negative,大腿003,right_distal_negative,小腿010,True,1.0,1.0,0.0,0.0,0.0
114.0,right_proximal_negative,大腿003,right_distal_negative,"hex nuts, style 1-grades ab gb_GB_FASTENER_NUT_SNAB1 M4-C005",True,1.1368683772161603e-13,1.4210854715202004e-13,0.0,0.0,0.0
114.0,right_proximal_negative,大腿003,right_distal_negative,cross recessed pan head screws gb_GB_CROSS_SCREWS_TYPE1 M4X16-16  H type-C003,True,0.0,0.0999999998679949,0.0,0.0,0.0
114.0,right_proximal_negative,大腿003,right_distal_positive,小腿007,False,0.0,70.0496799434283,0.0,0.0,0.0
114.0,right_proximal_positive,大腿002,right_distal_negative,小腿010,False,0.0,70.04967994359762,0.0,0.0,0.0
114.0,right_proximal_positive,大腿002,right_distal_positive,推力轴承003,True,0.0,0.0,0.0,0.0,0.0
114.0,right_proximal_positive,大腿002,right_distal_positive,小腿007,True,1.0,1.0000000000000142,0.0,0.0,0.0
114.0,right_proximal_positive,大腿002,right_distal_positive,cross recessed pan head screws gb_GB_CROSS_SCREWS_TYPE1 M4X16-16  H type-C002,True,0.0,0.09999999988775705,0.0,0.0,0.0
114.0,right_proximal_positive,大腿002,right_distal_positive,"hex nuts, style 1-grades ab gb_GB_FASTENER_NUT_SNAB1 M4-C003",True,0.0,1.4210854715202004e-14,0.0,0.0,0.0
114.0,right_distal_negative,小腿010,right_distal_positive,小腿007,True,1.0000000000000142,1.0000000000000142,0.0,0.0,0.0
114.0,right_distal_negative,小腿010,right_wheel,推力轴承005,True,0.0,1.4210854715202004e-14,0.0,0.0,0.0
114.0,right_distal_negative,小腿010,right_wheel,MISUMI_C-SE604ZZ_不锈钢小径滚珠轴承004,True,0.0,1.4210854715202004e-14,0.0,0.0,0.0
114.0,right_distal_negative,小腿010,right_wheel,MISUMI_CBSTSR4-16_内六角螺栓（盖螺栓）001,True,0.0,0.09999999970351457,0.0,0.0,0.0
114.0,right_distal_positive,小腿007,right_wheel,推力轴承005,True,0.0,0.0,0.0,0.0,0.0
114.0,right_distal_positive,小腿007,right_wheel,驱动板005,True,0.4999999999998863,0.49999999999991473,0.0,0.0,0.0
114.0,right_distal_positive,小腿007,right_wheel,MISUMI_CBSTSR4-16_内六角螺栓（盖螺栓）001,True,0.0,0.0,0.0,0.0,0.0
115.0,fixed,底板,left_distal_positive,cross recessed pan head screws gb_GB_CROSS_SCREWS_TYPE1 M4X16-16  H type-C001,False,1.3999999999999915,1.4430107000469192,0.0,0.0,0.0
115.0,fixed,底板,right_distal_negative,cross recessed pan head screws gb_GB_CROSS_SCREWS_TYPE1 M4X16-16  H type-C003,False,1.4000000000001336,1.4430107000470755,0.0,0.0,0.0
115.0,edulite_left_negative,00_1-1305_1_1,left_proximal_negative,大腿,True,0.0,5.684341886080802e-14,0.0,0.0,0.0
115.0,edulite_left_negative,100_1_1_1,left_proximal_negative,大腿,True,1.499999999999858,1.499999999999858,0.0,0.0,0.0
115.0,edulite_left_negative,000_1-4238_1_1,left_proximal_negative,大腿,True,0.0,0.0,0.0,0.0,0.0
115.0,edulite_left_negative,00_1-4459_1_1,left_proximal_negative,大腿,True,0.0,0.0,0.0,0.0,0.0
115.0,edulite_left_negative,00_1-4459_1_001,left_proximal_negative,大腿,True,0.0,0.0,0.0,0.0,0.0
115.0,edulite_left_negative,00_1-4459_1_002,left_proximal_negative,大腿,True,0.0,0.0,0.0,0.0,0.0
115.0,edulite_left_negative,200_1_1_1,left_proximal_negative,大腿,True,0.9999999999998579,3.1622776547236393,0.0,0.0,0.0
115.0,edulite_left_negative,00_1-8689_1_1,left_proximal_negative,大腿,True,0.9999999999998579,0.9999999999998579,0.0,0.0,0.0
115.0,edulite_left_negative,00_1-1305_1_1,left_distal_positive,小腿004,False,0.9286829607388363,63.24547898742349,0.0,0.0,0.0
115.0,edulite_left_positive,00_1-1305_1_1,left_proximal_positive,大腿垫高,True,1.4210854715202004e-14,2.549509752903454,0.0,0.0,0.0
115.0,edulite_left_positive,100_1_1_1,left_proximal_positive,大腿垫高,True,1.5000000000000142,1.5000000000000142,0.0,0.0,0.0
115.0,edulite_left_positive,000_1-4238_1_1,left_proximal_positive,大腿垫高,True,1.4210854715202004e-14,0.0,0.0,0.0,0.0
115.0,edulite_left_positive,00_1-4459_1_1,left_proximal_positive,大腿垫高,True,0.0,0.0,0.0,0.0,0.0
115.0,edulite_left_positive,00_1-4459_1_001,left_proximal_positive,大腿垫高,True,0.0,0.0,0.0,0.0,0.0
115.0,edulite_left_positive,00_1-4459_1_002,left_proximal_positive,大腿垫高,True,0.0,0.0,0.0,0.0,0.0
115.0,edulite_left_positive,200_1_1_1,left_proximal_positive,大腿垫高,True,1.0000000000000142,3.1622776562351875,0.0,0.0,0.0
115.0,edulite_left_positive,00_1-8689_1_1,left_proximal_positive,大腿垫高,True,1.0000000000000142,2.1470910512891512,0.0,0.0,0.0
115.0,edulite_left_positive,00_1-1305_1_1,left_distal_positive,小腿004,False,0.9286829607388363,17.00264684695084,0.0,0.0,0.0
115.0,edulite_right_negative,00_1-1305_1_1,right_proximal_negative,大腿垫高001,True,2.842170943040401e-14,2.5495097529035404,0.0,0.0,0.0
115.0,edulite_right_negative,100_1_1_1,right_proximal_negative,大腿垫高001,True,1.5000000000000284,1.5000000000000284,0.0,0.0,0.0
115.0,edulite_right_negative,000_1-4238_1_1,right_proximal_negative,大腿垫高001,True,2.842170943040401e-14,0.0,0.0,0.0,0.0
115.0,edulite_right_negative,00_1-4459_1_1,right_proximal_negative,大腿垫高001,True,0.0,0.0,0.0,0.0,0.0
115.0,edulite_right_negative,00_1-4459_1_001,right_proximal_negative,大腿垫高001,True,0.0,0.0,0.0,0.0,0.0
115.0,edulite_right_negative,00_1-4459_1_002,right_proximal_negative,大腿垫高001,True,0.0,0.0,0.0,0.0,0.0
115.0,edulite_right_negative,200_1_1_1,right_proximal_negative,大腿垫高001,True,1.0000000000000284,3.162277656235313,0.0,0.0,0.0
115.0,edulite_right_negative,00_1-8689_1_1,right_proximal_negative,大腿垫高001,True,1.0000000000000284,2.1470910512892782,0.0,0.0,0.0
115.0,edulite_right_negative,00_1-1305_1_1,right_distal_negative,小腿010,False,0.92868296096192,17.00264684705628,0.0,0.0,0.0
115.0,edulite_right_positive,00_1-1305_1_1,right_proximal_positive,大腿002,True,1.4210854715202004e-14,1.4210854715202004e-14,0.0,0.0,0.0
115.0,edulite_right_positive,100_1_1_1,right_proximal_positive,大腿002,True,1.5000000000000142,1.5000000000000142,0.0,0.0,0.0
115.0,edulite_right_positive,000_1-4238_1_1,right_proximal_positive,大腿002,True,1.4210854715202004e-14,0.0,0.0,0.0,0.0
115.0,edulite_right_positive,00_1-4459_1_1,right_proximal_positive,大腿002,True,0.0,0.0,0.0,0.0,0.0
115.0,edulite_right_positive,00_1-4459_1_001,right_proximal_positive,大腿002,True,0.0,0.0,0.0,0.0,0.0
115.0,edulite_right_positive,00_1-4459_1_002,right_proximal_positive,大腿002,True,0.0,0.0,0.0,0.0,0.0
115.0,edulite_right_positive,200_1_1_1,right_proximal_positive,大腿002,True,1.0000000000000142,3.162277654723529,0.0,0.0,0.0
115.0,edulite_right_positive,00_1-8689_1_1,right_proximal_positive,大腿002,True,1.0000000000000142,1.0000000000000142,0.0,0.0,0.0
115.0,edulite_right_positive,00_1-1305_1_1,right_distal_negative,小腿010,False,0.92868296096192,63.245478987589685,0.0,0.0,0.0
115.0,left_proximal_negative,大腿,left_distal_negative,推力轴承,True,0.0,1.2789769243681803e-13,0.0,0.0,0.0
115.0,left_proximal_negative,大腿,left_distal_negative,小腿001,True,1.0000000000001137,1.000000000000142,0.0,0.0,0.0
115.0,left_proximal_negative,大腿,left_distal_negative,cross recessed pan head screws gb_GB_CROSS_SCREWS_TYPE1 M4X16-16  H type-C,True,0.0,0.09999999986698006,0.0,0.0,0.0
115.0,left_proximal_negative,大腿,left_distal_negative,"hex nuts, style 1-grades ab gb_GB_FASTENER_NUT_SNAB1 M4-C",True,0.0,1.1368683772161603e-13,0.0,0.0,0.0
115.0,left_proximal_negative,大腿,left_distal_positive,小腿004,False,0.0,70.24476747581262,0.0,0.0,0.0
115.0,left_proximal_positive,大腿001,left_distal_negative,小腿001,False,0.0,70.24476747597805,0.0,0.0,0.0
115.0,left_proximal_positive,大腿001,left_distal_positive,小腿004,True,1.0000000000000995,1.000000000000142,0.0,0.0,0.0
115.0,left_proximal_positive,大腿001,left_distal_positive,推力轴承001,True,0.0,1.4210854715202004e-13,0.0,0.0,0.0
115.0,left_proximal_positive,大腿001,left_distal_positive,cross recessed pan head screws gb_GB_CROSS_SCREWS_TYPE1 M4X16-16  H type-C001,True,0.0,0.0999999998894832,0.0,0.0,0.0
115.0,left_proximal_positive,大腿001,left_distal_positive,"hex nuts, style 1-grades ab gb_GB_FASTENER_NUT_SNAB1 M4-C001",True,0.0,5.684341886080802e-14,0.0,0.0,0.0
115.0,left_distal_negative,小腿001,left_distal_positive,小腿004,True,0.9999999999999858,0.9999999999999858,0.0,0.0,0.0
115.0,left_distal_negative,小腿001,left_wheel,推力轴承002,True,0.0,1.4210854715202004e-14,0.0,0.0,0.0
115.0,left_distal_negative,小腿001,left_wheel,驱动板004,True,0.4999999999998721,0.4999999999998863,0.0,0.0,0.0
115.0,left_distal_negative,小腿001,left_wheel,MISUMI_CBSTSR4-16_内六角螺栓（盖螺栓）,True,0.0,0.0,0.0,0.0,0.0
115.0,left_distal_positive,小腿004,left_wheel,推力轴承002,True,0.0,0.0,0.0,0.0,0.0
115.0,left_distal_positive,小腿004,left_wheel,MISUMI_C-SE604ZZ_不锈钢小径滚珠轴承,True,0.0,1.4210854715202004e-14,0.0,0.0,0.0
115.0,left_distal_positive,小腿004,left_wheel,MISUMI_CBSTSR4-16_内六角螺栓（盖螺栓）,True,0.0,0.09999999939230131,0.0,0.0,0.0
115.0,right_proximal_negative,大腿003,right_distal_negative,推力轴承004,True,0.0,1.2789769243681803e-13,0.0,0.0,0.0
115.0,right_proximal_negative,大腿003,right_distal_negative,小腿009,True,2.0,2.0,0.0,0.0,0.0
115.0,right_proximal_negative,大腿003,right_distal_negative,小腿010,True,1.0,1.0,0.0,0.0,0.0
115.0,right_proximal_negative,大腿003,right_distal_negative,"hex nuts, style 1-grades ab gb_GB_FASTENER_NUT_SNAB1 M4-C005",True,1.1368683772161603e-13,1.4210854715202004e-13,0.0,0.0,0.0
115.0,right_proximal_negative,大腿003,right_distal_negative,cross recessed pan head screws gb_GB_CROSS_SCREWS_TYPE1 M4X16-16  H type-C003,True,0.0,0.09999999986754049,0.0,0.0,0.0
115.0,right_proximal_negative,大腿003,right_distal_positive,小腿007,False,0.0,70.24476747581252,0.0,0.0,0.0
115.0,right_proximal_positive,大腿002,right_distal_negative,小腿010,False,0.0,70.24476747597895,0.0,0.0,0.0
115.0,right_proximal_positive,大腿002,right_distal_positive,推力轴承003,True,0.0,0.0,0.0,0.0,0.0
115.0,right_proximal_positive,大腿002,right_distal_positive,小腿007,True,1.0,1.0000000000000142,0.0,0.0,0.0
115.0,right_proximal_positive,大腿002,right_distal_positive,cross recessed pan head screws gb_GB_CROSS_SCREWS_TYPE1 M4X16-16  H type-C002,True,0.0,0.09999999986712524,0.0,0.0,0.0
115.0,right_proximal_positive,大腿002,right_distal_positive,"hex nuts, style 1-grades ab gb_GB_FASTENER_NUT_SNAB1 M4-C003",True,0.0,1.4210854715202004e-14,0.0,0.0,0.0
115.0,right_distal_negative,小腿010,right_distal_positive,小腿007,True,1.0000000000000142,1.0000000000000142,0.0,0.0,0.0
115.0,right_distal_negative,小腿010,right_wheel,推力轴承005,True,0.0,1.4210854715202004e-14,0.0,0.0,0.0
115.0,right_distal_negative,小腿010,right_wheel,MISUMI_C-SE604ZZ_不锈钢小径滚珠轴承004,True,0.0,1.4210854715202004e-14,0.0,0.0,0.0
115.0,right_distal_negative,小腿010,right_wheel,MISUMI_CBSTSR4-16_内六角螺栓（盖螺栓）001,True,0.0,0.09999999970236105,0.0,0.0,0.0
115.0,right_distal_positive,小腿007,right_wheel,推力轴承005,True,0.0,0.0,0.0,0.0,0.0
115.0,right_distal_positive,小腿007,right_wheel,驱动板005,True,0.4999999999998863,0.49999999999991473,0.0,0.0,0.0
115.0,right_distal_positive,小腿007,right_wheel,MISUMI_CBSTSR4-16_内六角螺栓（盖螺栓）001,True,0.0,0.0,0.0,0.0,0.0
116.0,fixed,底板,left_distal_positive,cross recessed pan head screws gb_GB_CROSS_SCREWS_TYPE1 M4X16-16  H type-C001,False,1.3999999999999915,1.4430107000469192,0.0,0.0,0.0
116.0,fixed,底板,right_distal_negative,cross recessed pan head screws gb_GB_CROSS_SCREWS_TYPE1 M4X16-16  H type-C003,False,1.4000000000001336,1.4430107000470755,0.0,0.0,0.0
116.0,edulite_left_negative,00_1-1305_1_1,left_proximal_negative,大腿,True,0.0,5.684341886080802e-14,0.0,0.0,0.0
116.0,edulite_left_negative,100_1_1_1,left_proximal_negative,大腿,True,1.499999999999858,1.499999999999858,0.0,0.0,0.0
116.0,edulite_left_negative,000_1-4238_1_1,left_proximal_negative,大腿,True,0.0,0.0,0.0,0.0,0.0
116.0,edulite_left_negative,00_1-4459_1_1,left_proximal_negative,大腿,True,0.0,0.0,0.0,0.0,0.0
116.0,edulite_left_negative,00_1-4459_1_001,left_proximal_negative,大腿,True,0.0,0.0,0.0,0.0,0.0
116.0,edulite_left_negative,00_1-4459_1_002,left_proximal_negative,大腿,True,0.0,0.0,0.0,0.0,0.0
116.0,edulite_left_negative,200_1_1_1,left_proximal_negative,大腿,True,0.9999999999998579,3.162277654722788,0.0,0.0,0.0
116.0,edulite_left_negative,00_1-8689_1_1,left_proximal_negative,大腿,True,0.9999999999998579,0.9999999999998579,0.0,0.0,0.0
116.0,edulite_left_negative,00_1-1305_1_1,left_distal_positive,小腿004,False,1.49456445077376,63.41840839769503,0.0,0.0,0.0
116.0,edulite_left_positive,00_1-1305_1_1,left_proximal_positive,大腿垫高,True,1.4210854715202004e-14,2.5495097529034467,0.0,0.0,0.0
116.0,edulite_left_positive,100_1_1_1,left_proximal_positive,大腿垫高,True,1.5000000000000142,1.5000000000000142,0.0,0.0,0.0
116.0,edulite_left_positive,000_1-4238_1_1,left_proximal_positive,大腿垫高,True,1.4210854715202004e-14,0.0,0.0,0.0,0.0
116.0,edulite_left_positive,00_1-4459_1_1,left_proximal_positive,大腿垫高,True,0.0,0.0,0.0,0.0,0.0
116.0,edulite_left_positive,00_1-4459_1_001,left_proximal_positive,大腿垫高,True,0.0,0.0,0.0,0.0,0.0
116.0,edulite_left_positive,00_1-4459_1_002,left_proximal_positive,大腿垫高,True,0.0,0.0,0.0,0.0,0.0
116.0,edulite_left_positive,200_1_1_1,left_proximal_positive,大腿垫高,True,1.0000000000000142,3.1622776562351875,0.0,0.0,0.0
116.0,edulite_left_positive,00_1-8689_1_1,left_proximal_positive,大腿垫高,True,1.0000000000000142,2.147091051289151,0.0,0.0,0.0
116.0,edulite_left_positive,00_1-1305_1_1,left_distal_positive,小腿004,False,1.49456445077376,17.002646846931103,0.0,0.0,0.0
116.0,edulite_right_negative,00_1-1305_1_1,right_proximal_negative,大腿垫高001,True,2.842170943040401e-14,2.5495097529035333,0.0,0.0,0.0
116.0,edulite_right_negative,100_1_1_1,right_proximal_negative,大腿垫高001,True,1.5000000000000284,1.5000000000000284,0.0,0.0,0.0
116.0,edulite_right_negative,000_1-4238_1_1,right_proximal_negative,大腿垫高001,True,2.842170943040401e-14,0.0,0.0,0.0,0.0
116.0,edulite_right_negative,00_1-4459_1_1,right_proximal_negative,大腿垫高001,True,0.0,0.0,0.0,0.0,0.0
116.0,edulite_right_negative,00_1-4459_1_001,right_proximal_negative,大腿垫高001,True,0.0,0.0,0.0,0.0,0.0
116.0,edulite_right_negative,00_1-4459_1_002,right_proximal_negative,大腿垫高001,True,0.0,0.0,0.0,0.0,0.0
116.0,edulite_right_negative,200_1_1_1,right_proximal_negative,大腿垫高001,True,1.0000000000000284,3.1622776562353203,0.0,0.0,0.0
116.0,edulite_right_negative,00_1-8689_1_1,right_proximal_negative,大腿垫高001,True,1.0000000000000284,2.147091051289279,0.0,0.0,0.0
116.0,edulite_right_negative,00_1-1305_1_1,right_distal_negative,小腿010,False,1.4945644509972595,17.00264684704111,0.0,0.0,0.0
116.0,edulite_right_positive,00_1-1305_1_1,right_proximal_positive,大腿002,True,1.4210854715202004e-14,1.4210854715202004e-14,0.0,0.0,0.0
116.0,edulite_right_positive,100_1_1_1,right_proximal_positive,大腿002,True,1.5000000000000142,1.5000000000000142,0.0,0.0,0.0
116.0,edulite_right_positive,000_1-4238_1_1,right_proximal_positive,大腿002,True,1.4210854715202004e-14,0.0,0.0,0.0,0.0
116.0,edulite_right_positive,00_1-4459_1_1,right_proximal_positive,大腿002,True,0.0,0.0,0.0,0.0,0.0
116.0,edulite_right_positive,00_1-4459_1_001,right_proximal_positive,大腿002,True,0.0,0.0,0.0,0.0,0.0
116.0,edulite_right_positive,00_1-4459_1_002,right_proximal_positive,大腿002,True,0.0,0.0,0.0,0.0,0.0
116.0,edulite_right_positive,200_1_1_1,right_proximal_positive,大腿002,True,1.0000000000000142,3.1622776547226787,0.0,0.0,0.0
116.0,edulite_right_positive,00_1-8689_1_1,right_proximal_positive,大腿002,True,1.0000000000000142,1.0000000000000142,0.0,0.0,0.0
116.0,edulite_right_positive,00_1-1305_1_1,right_distal_negative,小腿010,False,1.4945644509972595,63.418408397858364,0.0,0.0,0.0
116.0,left_proximal_negative,大腿,left_distal_negative,推力轴承,True,0.0,1.2789769243681803e-13,0.0,0.0,0.0
116.0,left_proximal_negative,大腿,left_distal_negative,小腿001,True,1.0000000000001137,1.000000000000142,0.0,0.0,0.0
116.0,left_proximal_negative,大腿,left_distal_negative,cross recessed pan head screws gb_GB_CROSS_SCREWS_TYPE1 M4X16-16  H type-C,True,0.0,0.09999999986676607,0.0,0.0,0.0
116.0,left_proximal_negative,大腿,left_distal_negative,"hex nuts, style 1-grades ab gb_GB_FASTENER_NUT_SNAB1 M4-C",True,0.0,1.1368683772161603e-13,0.0,0.0,0.0
116.0,left_proximal_negative,大腿,left_distal_positive,小腿004,False,0.0,70.41769882626781,0.0,0.0,0.0
116.0,left_proximal_positive,大腿001,left_distal_negative,小腿001,False,0.0,70.4176988264304,0.0,0.0,0.0
116.0,left_proximal_positive,大腿001,left_distal_positive,小腿004,True,1.0000000000000995,1.000000000000142,0.0,0.0,0.0
116.0,left_proximal_positive,大腿001,left_distal_positive,推力轴承001,True,0.0,1.4210854715202004e-13,0.0,0.0,0.0
116.0,left_proximal_positive,大腿001,left_distal_positive,cross recessed pan head screws gb_GB_CROSS_SCREWS_TYPE1 M4X16-16  H type-C001,True,0.0,0.09999999986435991,0.0,0.0,0.0
116.0,left_proximal_positive,大腿001,left_distal_positive,"hex nuts, style 1-grades ab gb_GB_FASTENER_NUT_SNAB1 M4-C001",True,0.0,5.684341886080802e-14,0.0,0.0,0.0
116.0,left_distal_negative,小腿001,left_distal_positive,小腿004,True,0.9999999999999858,0.9999999999999858,0.0,0.0,0.0
116.0,left_distal_negative,小腿001,left_wheel,推力轴承002,True,0.0,1.4210854715202004e-14,0.0,0.0,0.0
116.0,left_distal_negative,小腿001,left_wheel,驱动板004,True,0.4999999999998721,0.4999999999998863,0.0,0.0,0.0
116.0,left_distal_negative,小腿001,left_wheel,MISUMI_CBSTSR4-16_内六角螺栓（盖螺栓）,True,0.0,0.0,0.0,0.0,0.0
116.0,left_distal_positive,小腿004,left_wheel,推力轴承002,True,0.0,0.0,0.0,0.0,0.0
116.0,left_distal_positive,小腿004,left_wheel,MISUMI_C-SE604ZZ_不锈钢小径滚珠轴承,True,0.0,1.4210854715202004e-14,0.0,0.0,0.0
116.0,left_distal_positive,小腿004,left_wheel,MISUMI_CBSTSR4-16_内六角螺栓（盖螺栓）,True,0.0,0.09999999939036858,0.0,0.0,0.0
116.0,right_proximal_negative,大腿003,right_distal_negative,推力轴承004,True,0.0,1.2789769243681803e-13,0.0,0.0,0.0
116.0,right_proximal_negative,大腿003,right_distal_negative,小腿009,True,2.0,2.0,0.0,0.0,0.0
116.0,right_proximal_negative,大腿003,right_distal_negative,小腿010,True,1.0,1.0,0.0,0.0,0.0
116.0,right_proximal_negative,大腿003,right_distal_negative,"hex nuts, style 1-grades ab gb_GB_FASTENER_NUT_SNAB1 M4-C005",True,1.1368683772161603e-13,1.4210854715202004e-13,0.0,0.0,0.0
116.0,right_proximal_negative,大腿003,right_distal_negative,cross recessed pan head screws gb_GB_CROSS_SCREWS_TYPE1 M4X16-16  H type-C003,True,0.0,0.09999999986730389,0.0,0.0,0.0
116.0,right_proximal_negative,大腿003,right_distal_positive,小腿007,False,0.0,70.4176988262677,0.0,0.0,0.0
116.0,right_proximal_positive,大腿002,right_distal_negative,小腿010,False,0.0,70.41769882643128,0.0,0.0,0.0
116.0,right_proximal_positive,大腿002,right_distal_positive,推力轴承003,True,0.0,0.0,0.0,0.0,0.0
116.0,right_proximal_positive,大腿002,right_distal_positive,小腿007,True,1.0,1.0000000000000142,0.0,0.0,0.0
116.0,right_proximal_positive,大腿002,right_distal_positive,cross recessed pan head screws gb_GB_CROSS_SCREWS_TYPE1 M4X16-16  H type-C002,True,0.0,0.09999999985020563,0.0,0.0,0.0
116.0,right_proximal_positive,大腿002,right_distal_positive,"hex nuts, style 1-grades ab gb_GB_FASTENER_NUT_SNAB1 M4-C003",True,0.0,1.4210854715202004e-14,0.0,0.0,0.0
116.0,right_distal_negative,小腿010,right_distal_positive,小腿007,True,1.0000000000000142,1.0000000000000142,0.0,0.0,0.0
116.0,right_distal_negative,小腿010,right_wheel,推力轴承005,True,0.0,1.4210854715202004e-14,0.0,0.0,0.0
116.0,right_distal_negative,小腿010,right_wheel,MISUMI_C-SE604ZZ_不锈钢小径滚珠轴承004,True,0.0,1.4210854715202004e-14,0.0,0.0,0.0
116.0,right_distal_negative,小腿010,right_wheel,MISUMI_CBSTSR4-16_内六角螺栓（盖螺栓）001,True,0.0,0.09999999975263267,0.0,0.0,0.0
116.0,right_distal_positive,小腿007,right_wheel,推力轴承005,True,0.0,0.0,0.0,0.0,0.0
116.0,right_distal_positive,小腿007,right_wheel,驱动板005,True,0.4999999999998863,0.49999999999991473,0.0,0.0,0.0
116.0,right_distal_positive,小腿007,right_wheel,MISUMI_CBSTSR4-16_内六角螺栓（盖螺栓）001,True,0.0,0.0,0.0,0.0,0.0
117.0,fixed,底板,left_distal_positive,cross recessed pan head screws gb_GB_CROSS_SCREWS_TYPE1 M4X16-16  H type-C001,False,1.3999999999999915,1.4718517930098487,0.0,0.0,0.0
117.0,fixed,底板,right_distal_negative,cross recessed pan head screws gb_GB_CROSS_SCREWS_TYPE1 M4X16-16  H type-C003,False,1.4000000000001336,1.470277452497596,0.0,0.0,0.0
117.0,edulite_left_negative,00_1-1305_1_1,left_proximal_negative,大腿,True,0.0,5.684341886080802e-14,0.0,0.0,0.0
117.0,edulite_left_negative,100_1_1_1,left_proximal_negative,大腿,True,1.499999999999858,1.499999999999858,0.0,0.0,0.0
117.0,edulite_left_negative,000_1-4238_1_1,left_proximal_negative,大腿,True,0.0,0.0,0.0,0.0,0.0
117.0,edulite_left_negative,00_1-4459_1_1,left_proximal_negative,大腿,True,0.0,0.0,0.0,0.0,0.0
117.0,edulite_left_negative,00_1-4459_1_001,left_proximal_negative,大腿,True,0.0,0.0,0.0,0.0,0.0
117.0,edulite_left_negative,00_1-4459_1_002,left_proximal_negative,大腿,True,0.0,0.0,0.0,0.0,0.0
117.0,edulite_left_negative,200_1_1_1,left_proximal_negative,大腿,True,0.9999999999998579,3.162277654723245,0.0,0.0,0.0
117.0,edulite_left_negative,00_1-8689_1_1,left_proximal_negative,大腿,True,0.9999999999998579,0.9999999999998579,0.0,0.0,0.0
117.0,edulite_left_positive,00_1-1305_1_1,left_proximal_positive,大腿垫高,True,1.4210854715202004e-14,2.549509752903454,0.0,0.0,0.0
117.0,edulite_left_positive,100_1_1_1,left_proximal_positive,大腿垫高,True,1.5000000000000142,1.5000000000000142,0.0,0.0,0.0
117.0,edulite_left_positive,000_1-4238_1_1,left_proximal_positive,大腿垫高,True,1.4210854715202004e-14,0.0,0.0,0.0,0.0
117.0,edulite_left_positive,00_1-4459_1_1,left_proximal_positive,大腿垫高,True,0.0,0.0,0.0,0.0,0.0
117.0,edulite_left_positive,00_1-4459_1_001,left_proximal_positive,大腿垫高,True,0.0,0.0,0.0,0.0,0.0
117.0,edulite_left_positive,00_1-4459_1_002,left_proximal_positive,大腿垫高,True,0.0,0.0,0.0,0.0,0.0
117.0,edulite_left_positive,200_1_1_1,left_proximal_positive,大腿垫高,True,1.0000000000000142,3.1622776562351875,0.0,0.0,0.0
117.0,edulite_left_positive,00_1-8689_1_1,left_proximal_positive,大腿垫高,True,1.0000000000000142,2.1470910512891503,0.0,0.0,0.0
117.0,edulite_right_negative,00_1-1305_1_1,right_proximal_negative,大腿垫高001,True,2.842170943040401e-14,2.5495097529035404,0.0,0.0,0.0
117.0,edulite_right_negative,100_1_1_1,right_proximal_negative,大腿垫高001,True,1.5000000000000284,1.5000000000000284,0.0,0.0,0.0
117.0,edulite_right_negative,000_1-4238_1_1,right_proximal_negative,大腿垫高001,True,2.842170943040401e-14,0.0,0.0,0.0,0.0
117.0,edulite_right_negative,00_1-4459_1_1,right_proximal_negative,大腿垫高001,True,0.0,0.0,0.0,0.0,0.0
117.0,edulite_right_negative,00_1-4459_1_001,right_proximal_negative,大腿垫高001,True,0.0,0.0,0.0,0.0,0.0
117.0,edulite_right_negative,00_1-4459_1_002,right_proximal_negative,大腿垫高001,True,0.0,0.0,0.0,0.0,0.0
117.0,edulite_right_negative,200_1_1_1,right_proximal_negative,大腿垫高001,True,1.0000000000000284,3.1622776562353203,0.0,0.0,0.0
117.0,edulite_right_negative,00_1-8689_1_1,right_proximal_negative,大腿垫高001,True,1.0000000000000284,2.1470910512892782,0.0,0.0,0.0
117.0,edulite_right_positive,00_1-1305_1_1,right_proximal_positive,大腿002,True,1.4210854715202004e-14,1.4210854715202004e-14,0.0,0.0,0.0
117.0,edulite_right_positive,100_1_1_1,right_proximal_positive,大腿002,True,1.5000000000000142,1.5000000000000142,0.0,0.0,0.0
117.0,edulite_right_positive,000_1-4238_1_1,right_proximal_positive,大腿002,True,1.4210854715202004e-14,0.0,0.0,0.0,0.0
117.0,edulite_right_positive,00_1-4459_1_1,right_proximal_positive,大腿002,True,0.0,0.0,0.0,0.0,0.0
117.0,edulite_right_positive,00_1-4459_1_001,right_proximal_positive,大腿002,True,0.0,0.0,0.0,0.0,0.0
117.0,edulite_right_positive,00_1-4459_1_002,right_proximal_positive,大腿002,True,0.0,0.0,0.0,0.0,0.0
117.0,edulite_right_positive,200_1_1_1,right_proximal_positive,大腿002,True,1.0000000000000142,3.1622776547231357,0.0,0.0,0.0
117.0,edulite_right_positive,00_1-8689_1_1,right_proximal_positive,大腿002,True,1.0000000000000142,1.0000000000000142,0.0,0.0,0.0
117.0,left_proximal_negative,大腿,left_distal_negative,推力轴承,True,0.0,1.2789769243681803e-13,0.0,0.0,0.0
117.0,left_proximal_negative,大腿,left_distal_negative,小腿001,True,1.0000000000001137,1.000000000000142,0.0,0.0,0.0
117.0,left_proximal_negative,大腿,left_distal_negative,cross recessed pan head screws gb_GB_CROSS_SCREWS_TYPE1 M4X16-16  H type-C,True,0.0,0.09999999986678039,0.0,0.0,0.0
117.0,left_proximal_negative,大腿,left_distal_negative,"hex nuts, style 1-grades ab gb_GB_FASTENER_NUT_SNAB1 M4-C",True,0.0,1.1368683772161603e-13,0.0,0.0,0.0
117.0,left_proximal_negative,大腿,left_distal_positive,小腿004,False,0.0,70.56771883066428,0.0,0.0,0.0
117.0,left_proximal_positive,大腿001,left_distal_negative,小腿001,False,0.0,70.5677188308239,0.0,0.0,0.0
117.0,left_proximal_positive,大腿001,left_distal_positive,小腿004,True,1.0000000000000995,1.000000000000142,0.0,0.0,0.0
117.0,left_proximal_positive,大腿001,left_distal_positive,推力轴承001,True,0.0,1.4210854715202004e-13,0.0,0.0,0.0
117.0,left_proximal_positive,大腿001,left_distal_positive,cross recessed pan head screws gb_GB_CROSS_SCREWS_TYPE1 M4X16-16  H type-C001,True,0.0,0.0999999998407347,0.0,0.0,0.0
117.0,left_proximal_positive,大腿001,left_distal_positive,"hex nuts, style 1-grades ab gb_GB_FASTENER_NUT_SNAB1 M4-C001",True,0.0,5.684341886080802e-14,0.0,0.0,0.0
117.0,left_distal_negative,小腿001,left_distal_positive,小腿004,True,0.9999999999999858,0.9999999999999858,0.0,0.0,0.0
117.0,left_distal_negative,小腿001,left_wheel,推力轴承002,True,0.0,1.4210854715202004e-14,0.0,0.0,0.0
117.0,left_distal_negative,小腿001,left_wheel,驱动板004,True,0.4999999999998721,0.4999999999998863,0.0,0.0,0.0
117.0,left_distal_negative,小腿001,left_wheel,MISUMI_CBSTSR4-16_内六角螺栓（盖螺栓）,True,0.0,0.0,0.0,0.0,0.0
117.0,left_distal_positive,小腿004,left_wheel,推力轴承002,True,0.0,0.0,0.0,0.0,0.0
117.0,left_distal_positive,小腿004,left_wheel,MISUMI_C-SE604ZZ_不锈钢小径滚珠轴承,True,0.0,1.4210854715202004e-14,0.0,0.0,0.0
117.0,left_distal_positive,小腿004,left_wheel,MISUMI_CBSTSR4-16_内六角螺栓（盖螺栓）,True,0.0,0.09999999938843585,0.0,0.0,0.0
117.0,right_proximal_negative,大腿003,right_distal_negative,推力轴承004,True,0.0,1.2789769243681803e-13,0.0,0.0,0.0
117.0,right_proximal_negative,大腿003,right_distal_negative,小腿009,True,2.0,2.0,0.0,0.0,0.0
117.0,right_proximal_negative,大腿003,right_distal_negative,小腿010,True,1.0,1.0,0.0,0.0,0.0
117.0,right_proximal_negative,大腿003,right_distal_negative,"hex nuts, style 1-grades ab gb_GB_FASTENER_NUT_SNAB1 M4-C005",True,1.1368683772161603e-13,1.4210854715202004e-13,0.0,0.0,0.0
117.0,right_proximal_negative,大腿003,right_distal_negative,cross recessed pan head screws gb_GB_CROSS_SCREWS_TYPE1 M4X16-16  H type-C003,True,0.0,0.09999999986728962,0.0,0.0,0.0
117.0,right_proximal_negative,大腿003,right_distal_positive,小腿007,False,0.0,70.56771883066418,0.0,0.0,0.0
117.0,right_proximal_positive,大腿002,right_distal_negative,小腿010,False,0.0,70.5677188308248,0.0,0.0,0.0
117.0,right_proximal_positive,大腿002,right_distal_positive,推力轴承003,True,0.0,0.0,0.0,0.0,0.0
117.0,right_proximal_positive,大腿002,right_distal_positive,小腿007,True,1.0,1.0000000000000142,0.0,0.0,0.0
117.0,right_proximal_positive,大腿002,right_distal_positive,cross recessed pan head screws gb_GB_CROSS_SCREWS_TYPE1 M4X16-16  H type-C002,True,0.0,0.09999999985955946,0.0,0.0,0.0
117.0,right_proximal_positive,大腿002,right_distal_positive,"hex nuts, style 1-grades ab gb_GB_FASTENER_NUT_SNAB1 M4-C003",True,0.0,1.4210854715202004e-14,0.0,0.0,0.0
117.0,right_distal_negative,小腿010,right_distal_positive,小腿007,True,1.0000000000000142,1.0000000000000142,0.0,0.0,0.0
117.0,right_distal_negative,小腿010,right_wheel,推力轴承005,True,0.0,1.4210854715202004e-14,0.0,0.0,0.0
117.0,right_distal_negative,小腿010,right_wheel,MISUMI_C-SE604ZZ_不锈钢小径滚珠轴承004,True,0.0,1.4210854715202004e-14,0.0,0.0,0.0
117.0,right_distal_negative,小腿010,right_wheel,MISUMI_CBSTSR4-16_内六角螺栓（盖螺栓）001,True,0.0,0.0999999997004068,0.0,0.0,0.0
117.0,right_distal_positive,小腿007,right_wheel,推力轴承005,True,0.0,0.0,0.0,0.0,0.0
117.0,right_distal_positive,小腿007,right_wheel,驱动板005,True,0.4999999999998863,0.49999999999991473,0.0,0.0,0.0
117.0,right_distal_positive,小腿007,right_wheel,MISUMI_CBSTSR4-16_内六角螺栓（盖螺栓）001,True,0.0,0.0,0.0,0.0,0.0
118.0,fixed,底板,left_distal_positive,cross recessed pan head screws gb_GB_CROSS_SCREWS_TYPE1 M4X16-16  H type-C001,False,1.3999999999999915,1.5630409629513837,0.0,0.0,0.0
118.0,fixed,底板,right_distal_negative,cross recessed pan head screws gb_GB_CROSS_SCREWS_TYPE1 M4X16-16  H type-C003,False,1.4000000000001336,1.5630409629962176,0.0,0.0,0.0
118.0,edulite_left_negative,00_1-1305_1_1,left_proximal_negative,大腿,True,0.0,5.684341886080802e-14,0.0,0.0,0.0
118.0,edulite_left_negative,100_1_1_1,left_proximal_negative,大腿,True,1.499999999999858,1.499999999999858,0.0,0.0,0.0
118.0,edulite_left_negative,000_1-4238_1_1,left_proximal_negative,大腿,True,0.0,0.0,0.0,0.0,0.0
118.0,edulite_left_negative,00_1-4459_1_1,left_proximal_negative,大腿,True,0.0,0.0,0.0,0.0,0.0
118.0,edulite_left_negative,00_1-4459_1_001,left_proximal_negative,大腿,True,0.0,0.0,0.0,0.0,0.0
118.0,edulite_left_negative,00_1-4459_1_002,left_proximal_negative,大腿,True,0.0,0.0,0.0,0.0,0.0
118.0,edulite_left_negative,200_1_1_1,left_proximal_negative,大腿,True,0.9999999999998579,3.1622776547250573,0.0,0.0,0.0
118.0,edulite_left_negative,00_1-8689_1_1,left_proximal_negative,大腿,True,0.9999999999998579,0.9999999999998579,0.0,0.0,0.0
118.0,edulite_left_positive,00_1-1305_1_1,left_proximal_positive,大腿垫高,True,1.4210854715202004e-14,2.549509752903454,0.0,0.0,0.0
118.0,edulite_left_positive,100_1_1_1,left_proximal_positive,大腿垫高,True,1.5000000000000142,1.5000000000000142,0.0,0.0,0.0
118.0,edulite_left_positive,000_1-4238_1_1,left_proximal_positive,大腿垫高,True,1.4210854715202004e-14,0.0,0.0,0.0,0.0
118.0,edulite_left_positive,00_1-4459_1_1,left_proximal_positive,大腿垫高,True,0.0,0.0,0.0,0.0,0.0
118.0,edulite_left_positive,00_1-4459_1_001,left_proximal_positive,大腿垫高,True,0.0,0.0,0.0,0.0,0.0
118.0,edulite_left_positive,00_1-4459_1_002,left_proximal_positive,大腿垫高,True,0.0,0.0,0.0,0.0,0.0
118.0,edulite_left_positive,200_1_1_1,left_proximal_positive,大腿垫高,True,1.0000000000000142,3.1622776562351875,0.0,0.0,0.0
118.0,edulite_left_positive,00_1-8689_1_1,left_proximal_positive,大腿垫高,True,1.0000000000000142,2.1470910512891512,0.0,0.0,0.0
118.0,edulite_right_negative,00_1-1305_1_1,right_proximal_negative,大腿垫高001,True,2.842170943040401e-14,2.5495097529035333,0.0,0.0,0.0
118.0,edulite_right_negative,100_1_1_1,right_proximal_negative,大腿垫高001,True,1.5000000000000284,1.5000000000000284,0.0,0.0,0.0
118.0,edulite_right_negative,000_1-4238_1_1,right_proximal_negative,大腿垫高001,True,2.842170943040401e-14,0.0,0.0,0.0,0.0
118.0,edulite_right_negative,00_1-4459_1_1,right_proximal_negative,大腿垫高001,True,0.0,0.0,0.0,0.0,0.0
118.0,edulite_right_negative,00_1-4459_1_001,right_proximal_negative,大腿垫高001,True,0.0,0.0,0.0,0.0,0.0
118.0,edulite_right_negative,00_1-4459_1_002,right_proximal_negative,大腿垫高001,True,0.0,0.0,0.0,0.0,0.0
118.0,edulite_right_negative,200_1_1_1,right_proximal_negative,大腿垫高001,True,1.0000000000000284,3.1622776562353203,0.0,0.0,0.0
118.0,edulite_right_negative,00_1-8689_1_1,right_proximal_negative,大腿垫高001,True,1.0000000000000284,2.147091051289285,0.0,0.0,0.0
118.0,edulite_right_positive,00_1-1305_1_1,right_proximal_positive,大腿002,True,1.4210854715202004e-14,1.4210854715202004e-14,0.0,0.0,0.0
118.0,edulite_right_positive,100_1_1_1,right_proximal_positive,大腿002,True,1.5000000000000142,1.5000000000000142,0.0,0.0,0.0
118.0,edulite_right_positive,000_1-4238_1_1,right_proximal_positive,大腿002,True,1.4210854715202004e-14,0.0,0.0,0.0,0.0
118.0,edulite_right_positive,00_1-4459_1_1,right_proximal_positive,大腿002,True,0.0,0.0,0.0,0.0,0.0
118.0,edulite_right_positive,00_1-4459_1_001,right_proximal_positive,大腿002,True,0.0,0.0,0.0,0.0,0.0
118.0,edulite_right_positive,00_1-4459_1_002,right_proximal_positive,大腿002,True,0.0,0.0,0.0,0.0,0.0
118.0,edulite_right_positive,200_1_1_1,right_proximal_positive,大腿002,True,1.0000000000000142,3.162277654724946,0.0,0.0,0.0
118.0,edulite_right_positive,00_1-8689_1_1,right_proximal_positive,大腿002,True,1.0000000000000142,1.0000000000000142,0.0,0.0,0.0
118.0,left_proximal_negative,大腿,left_distal_negative,推力轴承,True,0.0,1.2789769243681803e-13,0.0,0.0,0.0
118.0,left_proximal_negative,大腿,left_distal_negative,小腿001,True,1.0000000000001137,1.000000000000142,0.0,0.0,0.0
118.0,left_proximal_negative,大腿,left_distal_negative,cross recessed pan head screws gb_GB_CROSS_SCREWS_TYPE1 M4X16-16  H type-C,True,0.0,0.09999999986707812,0.0,0.0,0.0
118.0,left_proximal_negative,大腿,left_distal_negative,"hex nuts, style 1-grades ab gb_GB_FASTENER_NUT_SNAB1 M4-C",True,0.0,1.1368683772161603e-13,0.0,0.0,0.0
118.0,left_proximal_negative,大腿,left_distal_positive,小腿004,False,0.0,70.69402730542039,0.0,0.0,0.0
118.0,left_proximal_positive,大腿001,left_distal_negative,小腿001,False,0.0,70.69402730557708,0.0,0.0,0.0
118.0,left_proximal_positive,大腿001,left_distal_positive,小腿004,True,1.0000000000000995,1.000000000000142,0.0,0.0,0.0
118.0,left_proximal_positive,大腿001,left_distal_positive,推力轴承001,True,0.0,1.4210854715202004e-13,0.0,0.0,0.0
118.0,left_proximal_positive,大腿001,left_distal_positive,cross recessed pan head screws gb_GB_CROSS_SCREWS_TYPE1 M4X16-16  H type-C001,True,0.0,0.09999999984547721,0.0,0.0,0.0
118.0,left_proximal_positive,大腿001,left_distal_positive,"hex nuts, style 1-grades ab gb_GB_FASTENER_NUT_SNAB1 M4-C001",True,0.0,5.684341886080802e-14,0.0,0.0,0.0
118.0,left_distal_negative,小腿001,left_distal_positive,小腿004,True,0.9999999999999858,0.9999999999999858,0.0,0.0,0.0
118.0,left_distal_negative,小腿001,left_wheel,推力轴承002,True,0.0,1.4210854715202004e-14,0.0,0.0,0.0
118.0,left_distal_negative,小腿001,left_wheel,驱动板004,True,0.4999999999998721,0.4999999999998863,0.0,0.0,0.0
118.0,left_distal_negative,小腿001,left_wheel,MISUMI_CBSTSR4-16_内六角螺栓（盖螺栓）,True,0.0,0.0,0.0,0.0,0.0
118.0,left_distal_positive,小腿004,left_wheel,推力轴承002,True,0.0,0.0,0.0,0.0,0.0
118.0,left_distal_positive,小腿004,left_wheel,MISUMI_C-SE604ZZ_不锈钢小径滚珠轴承,True,0.0,1.4210854715202004e-14,0.0,0.0,0.0
118.0,left_distal_positive,小腿004,left_wheel,MISUMI_CBSTSR4-16_内六角螺栓（盖螺栓）,True,0.0,0.09999999938651732,0.0,0.0,0.0
118.0,right_proximal_negative,大腿003,right_distal_negative,推力轴承004,True,0.0,1.2789769243681803e-13,0.0,0.0,0.0
118.0,right_proximal_negative,大腿003,right_distal_negative,小腿009,True,2.0,2.0,0.0,0.0,0.0
118.0,right_proximal_negative,大腿003,right_distal_negative,小腿010,True,1.0,1.0,0.0,0.0,0.0
118.0,right_proximal_negative,大腿003,right_distal_negative,"hex nuts, style 1-grades ab gb_GB_FASTENER_NUT_SNAB1 M4-C005",True,1.1368683772161603e-13,1.4210854715202004e-13,0.0,0.0,0.0
118.0,right_proximal_negative,大腿003,right_distal_negative,cross recessed pan head screws gb_GB_CROSS_SCREWS_TYPE1 M4X16-16  H type-C003,True,0.0,0.09999999986756063,0.0,0.0,0.0
118.0,right_proximal_negative,大腿003,right_distal_positive,小腿007,False,0.0,70.69402730542028,0.0,0.0,0.0
118.0,right_proximal_positive,大腿002,right_distal_negative,小腿010,False,0.0,70.69402730557796,0.0,0.0,0.0
118.0,right_proximal_positive,大腿002,right_distal_positive,推力轴承003,True,0.0,0.0,0.0,0.0,0.0
118.0,right_proximal_positive,大腿002,right_distal_positive,小腿007,True,1.0,1.0000000000000142,0.0,0.0,0.0
118.0,right_proximal_positive,大腿002,right_distal_positive,cross recessed pan head screws gb_GB_CROSS_SCREWS_TYPE1 M4X16-16  H type-C002,True,0.0,0.0999999998774412,0.0,0.0,0.0
118.0,right_proximal_positive,大腿002,right_distal_positive,"hex nuts, style 1-grades ab gb_GB_FASTENER_NUT_SNAB1 M4-C003",True,0.0,1.4210854715202004e-14,0.0,0.0,0.0
118.0,right_distal_negative,小腿010,right_distal_positive,小腿007,True,1.0000000000000142,1.0000000000000142,0.0,0.0,0.0
118.0,right_distal_negative,小腿010,right_wheel,推力轴承005,True,0.0,1.4210854715202004e-14,0.0,0.0,0.0
118.0,right_distal_negative,小腿010,right_wheel,MISUMI_C-SE604ZZ_不锈钢小径滚珠轴承004,True,0.0,1.4210854715202004e-14,0.0,0.0,0.0
118.0,right_distal_negative,小腿010,right_wheel,MISUMI_CBSTSR4-16_内六角螺栓（盖螺栓）001,True,0.0,0.09999999975412412,0.0,0.0,0.0
118.0,right_distal_positive,小腿007,right_wheel,推力轴承005,True,0.0,0.0,0.0,0.0,0.0
118.0,right_distal_positive,小腿007,right_wheel,驱动板005,True,0.4999999999998863,0.49999999999991473,0.0,0.0,0.0
118.0,right_distal_positive,小腿007,right_wheel,MISUMI_CBSTSR4-16_内六角螺栓（盖螺栓）001,True,0.0,0.0,0.0,0.0,0.0
119.0,fixed,底板,left_distal_positive,cross recessed pan head screws gb_GB_CROSS_SCREWS_TYPE1 M4X16-16  H type-C001,False,1.3999999999999915,1.691581140557633,0.0,0.0,0.0
119.0,fixed,底板,right_distal_negative,cross recessed pan head screws gb_GB_CROSS_SCREWS_TYPE1 M4X16-16  H type-C003,False,1.4000000000001336,1.6915811406169357,0.0,0.0,0.0
119.0,edulite_left_negative,00_1-1305_1_1,left_proximal_negative,大腿,True,0.0,5.684341886080802e-14,0.0,0.0,0.0
119.0,edulite_left_negative,100_1_1_1,left_proximal_negative,大腿,True,1.499999999999858,1.499999999999858,0.0,0.0,0.0
119.0,edulite_left_negative,000_1-4238_1_1,left_proximal_negative,大腿,True,0.0,0.0,0.0,0.0,0.0
119.0,edulite_left_negative,00_1-4459_1_1,left_proximal_negative,大腿,True,0.0,0.0,0.0,0.0,0.0
119.0,edulite_left_negative,00_1-4459_1_001,left_proximal_negative,大腿,True,0.0,0.0,0.0,0.0,0.0
119.0,edulite_left_negative,00_1-4459_1_002,left_proximal_negative,大腿,True,0.0,0.0,0.0,0.0,0.0
119.0,edulite_left_negative,200_1_1_1,left_proximal_negative,大腿,True,0.9999999999998579,3.1622776547282525,0.0,0.0,0.0
119.0,edulite_left_negative,00_1-8689_1_1,left_proximal_negative,大腿,True,0.9999999999998579,0.9999999999998579,0.0,0.0,0.0
119.0,edulite_left_positive,00_1-1305_1_1,left_proximal_positive,大腿垫高,True,1.4210854715202004e-14,2.549509752903461,0.0,0.0,0.0
119.0,edulite_left_positive,100_1_1_1,left_proximal_positive,大腿垫高,True,1.5000000000000142,1.5000000000000142,0.0,0.0,0.0
119.0,edulite_left_positive,000_1-4238_1_1,left_proximal_positive,大腿垫高,True,1.4210854715202004e-14,0.0,0.0,0.0,0.0
119.0,edulite_left_positive,00_1-4459_1_1,left_proximal_positive,大腿垫高,True,0.0,0.0,0.0,0.0,0.0
119.0,edulite_left_positive,00_1-4459_1_001,left_proximal_positive,大腿垫高,True,0.0,0.0,0.0,0.0,0.0
119.0,edulite_left_positive,00_1-4459_1_002,left_proximal_positive,大腿垫高,True,0.0,0.0,0.0,0.0,0.0
119.0,edulite_left_positive,200_1_1_1,left_proximal_positive,大腿垫高,True,1.0000000000000142,3.1622776562351875,0.0,0.0,0.0
119.0,edulite_left_positive,00_1-8689_1_1,left_proximal_positive,大腿垫高,True,1.0000000000000142,2.1470910512891512,0.0,0.0,0.0
119.0,edulite_right_negative,00_1-1305_1_1,right_proximal_negative,大腿垫高001,True,2.842170943040401e-14,2.5495097529035333,0.0,0.0,0.0
119.0,edulite_right_negative,100_1_1_1,right_proximal_negative,大腿垫高001,True,1.5000000000000284,1.5000000000000284,0.0,0.0,0.0
119.0,edulite_right_negative,000_1-4238_1_1,right_proximal_negative,大腿垫高001,True,2.842170943040401e-14,0.0,0.0,0.0,0.0
119.0,edulite_right_negative,00_1-4459_1_1,right_proximal_negative,大腿垫高001,True,0.0,0.0,0.0,0.0,0.0
119.0,edulite_right_negative,00_1-4459_1_001,right_proximal_negative,大腿垫高001,True,0.0,0.0,0.0,0.0,0.0
119.0,edulite_right_negative,00_1-4459_1_002,right_proximal_negative,大腿垫高001,True,0.0,0.0,0.0,0.0,0.0
119.0,edulite_right_negative,200_1_1_1,right_proximal_negative,大腿垫高001,True,1.0000000000000284,3.1622776562353203,0.0,0.0,0.0
119.0,edulite_right_negative,00_1-8689_1_1,right_proximal_negative,大腿垫高001,True,1.0000000000000284,2.147091051289285,0.0,0.0,0.0
119.0,edulite_right_positive,00_1-1305_1_1,right_proximal_positive,大腿002,True,1.4210854715202004e-14,1.4210854715202004e-14,0.0,0.0,0.0
119.0,edulite_right_positive,100_1_1_1,right_proximal_positive,大腿002,True,1.5000000000000142,1.5000000000000142,0.0,0.0,0.0
119.0,edulite_right_positive,000_1-4238_1_1,right_proximal_positive,大腿002,True,1.4210854715202004e-14,0.0,0.0,0.0,0.0
119.0,edulite_right_positive,00_1-4459_1_1,right_proximal_positive,大腿002,True,0.0,0.0,0.0,0.0,0.0
119.0,edulite_right_positive,00_1-4459_1_001,right_proximal_positive,大腿002,True,0.0,0.0,0.0,0.0,0.0
119.0,edulite_right_positive,00_1-4459_1_002,right_proximal_positive,大腿002,True,0.0,0.0,0.0,0.0,0.0
119.0,edulite_right_positive,200_1_1_1,right_proximal_positive,大腿002,True,1.0000000000000142,3.1622776547281397,0.0,0.0,0.0
119.0,edulite_right_positive,00_1-8689_1_1,right_proximal_positive,大腿002,True,1.0000000000000142,1.0000000000000142,0.0,0.0,0.0
119.0,left_proximal_negative,大腿,left_distal_negative,推力轴承,True,0.0,1.2789769243681803e-13,0.0,0.0,0.0
119.0,left_proximal_negative,大腿,left_distal_negative,小腿001,True,1.0000000000001137,1.000000000000142,0.0,0.0,0.0
119.0,left_proximal_negative,大腿,left_distal_negative,cross recessed pan head screws gb_GB_CROSS_SCREWS_TYPE1 M4X16-16  H type-C,True,0.0,0.09999999986755466,0.0,0.0,0.0
119.0,left_proximal_negative,大腿,left_distal_negative,"hex nuts, style 1-grades ab gb_GB_FASTENER_NUT_SNAB1 M4-C",True,0.0,1.1368683772161603e-13,0.0,0.0,0.0
119.0,left_proximal_negative,大腿,left_distal_positive,小腿004,False,0.0,70.79577459662478,0.0,0.0,0.0
119.0,left_proximal_positive,大腿001,left_distal_negative,小腿001,False,0.0,70.79577459677849,0.0,0.0,0.0
119.0,left_proximal_positive,大腿001,left_distal_positive,小腿004,True,1.0000000000000995,1.000000000000142,0.0,0.0,0.0
119.0,left_proximal_positive,大腿001,left_distal_positive,推力轴承001,True,0.0,1.4210854715202004e-13,0.0,0.0,0.0
119.0,left_proximal_positive,大腿001,left_distal_positive,cross recessed pan head screws gb_GB_CROSS_SCREWS_TYPE1 M4X16-16  H type-C001,True,0.0,0.09999999986200549,0.0,0.0,0.0
119.0,left_proximal_positive,大腿001,left_distal_positive,"hex nuts, style 1-grades ab gb_GB_FASTENER_NUT_SNAB1 M4-C001",True,0.0,5.684341886080802e-14,0.0,0.0,0.0
119.0,left_distal_negative,小腿001,left_distal_positive,小腿004,True,0.9999999999999858,0.9999999999999858,0.0,0.0,0.0
119.0,left_distal_negative,小腿001,left_wheel,推力轴承002,True,0.0,1.4210854715202004e-14,0.0,0.0,0.0
119.0,left_distal_negative,小腿001,left_wheel,驱动板004,True,0.4999999999998721,0.4999999999998863,0.0,0.0,0.0
119.0,left_distal_negative,小腿001,left_wheel,MISUMI_CBSTSR4-16_内六角螺栓（盖螺栓）,True,0.0,0.0,0.0,0.0,0.0
119.0,left_distal_positive,小腿004,left_wheel,推力轴承002,True,0.0,0.0,0.0,0.0,0.0
119.0,left_distal_positive,小腿004,left_wheel,MISUMI_C-SE604ZZ_不锈钢小径滚珠轴承,True,0.0,1.4210854715202004e-14,0.0,0.0,0.0
119.0,left_distal_positive,小腿004,left_wheel,MISUMI_CBSTSR4-16_内六角螺栓（盖螺栓）,True,0.0,0.0999999993635018,0.0,0.0,0.0
119.0,right_proximal_negative,大腿003,right_distal_negative,推力轴承004,True,0.0,1.2789769243681803e-13,0.0,0.0,0.0
119.0,right_proximal_negative,大腿003,right_distal_negative,小腿009,True,2.0,2.0,0.0,0.0,0.0
119.0,right_proximal_negative,大腿003,right_distal_negative,小腿010,True,1.0,1.0,0.0,0.0,0.0
119.0,right_proximal_negative,大腿003,right_distal_negative,"hex nuts, style 1-grades ab gb_GB_FASTENER_NUT_SNAB1 M4-C005",True,1.1368683772161603e-13,1.4210854715202004e-13,0.0,0.0,0.0
119.0,right_proximal_negative,大腿003,right_distal_negative,cross recessed pan head screws gb_GB_CROSS_SCREWS_TYPE1 M4X16-16  H type-C003,True,0.0,0.09999999986804038,0.0,0.0,0.0
119.0,right_proximal_negative,大腿003,right_distal_positive,小腿007,False,0.0,70.79577459662467,0.0,0.0,0.0
119.0,right_proximal_positive,大腿002,right_distal_negative,小腿010,False,0.0,70.79577459677938,0.0,0.0,0.0
119.0,right_proximal_positive,大腿002,right_distal_positive,推力轴承003,True,0.0,0.0,0.0,0.0,0.0
119.0,right_proximal_positive,大腿002,right_distal_positive,小腿007,True,1.0,1.0000000000000142,0.0,0.0,0.0
119.0,right_proximal_positive,大腿002,right_distal_positive,cross recessed pan head screws gb_GB_CROSS_SCREWS_TYPE1 M4X16-16  H type-C002,True,0.0,0.09999999988429409,0.0,0.0,0.0
119.0,right_proximal_positive,大腿002,right_distal_positive,"hex nuts, style 1-grades ab gb_GB_FASTENER_NUT_SNAB1 M4-C003",True,0.0,1.4210854715202004e-14,0.0,0.0,0.0
119.0,right_distal_negative,小腿010,right_distal_positive,小腿007,True,1.0000000000000142,1.0000000000000142,0.0,0.0,0.0
119.0,right_distal_negative,小腿010,right_wheel,推力轴承005,True,0.0,1.4210854715202004e-14,0.0,0.0,0.0
119.0,right_distal_negative,小腿010,right_wheel,MISUMI_C-SE604ZZ_不锈钢小径滚珠轴承004,True,0.0,1.4210854715202004e-14,0.0,0.0,0.0
119.0,right_distal_negative,小腿010,right_wheel,MISUMI_CBSTSR4-16_内六角螺栓（盖螺栓）001,True,0.0,0.09999999969822394,0.0,0.0,0.0
119.0,right_distal_positive,小腿007,right_wheel,推力轴承005,True,0.0,0.0,0.0,0.0,0.0
119.0,right_distal_positive,小腿007,right_wheel,驱动板005,True,0.4999999999998863,0.49999999999991473,0.0,0.0,0.0
119.0,right_distal_positive,小腿007,right_wheel,MISUMI_CBSTSR4-16_内六角螺栓（盖螺栓）001,True,0.0,0.0,0.0,0.0,0.0
120.0,fixed,底板,left_distal_positive,cross recessed pan head screws gb_GB_CROSS_SCREWS_TYPE1 M4X16-16  H type-C001,False,1.3999999999999915,1.8533827958616131,0.0,0.0,0.0
120.0,fixed,底板,right_distal_negative,cross recessed pan head screws gb_GB_CROSS_SCREWS_TYPE1 M4X16-16  H type-C003,False,1.4000000000001336,1.8533827959345843,0.0,0.0,0.0
120.0,edulite_left_negative,00_1-1305_1_1,left_proximal_negative,大腿,True,0.0,5.684341886080802e-14,0.0,0.0,0.0
120.0,edulite_left_negative,100_1_1_1,left_proximal_negative,大腿,True,1.499999999999858,1.499999999999858,0.0,0.0,0.0
120.0,edulite_left_negative,000_1-4238_1_1,left_proximal_negative,大腿,True,0.0,0.0,0.0,0.0,0.0
120.0,edulite_left_negative,00_1-4459_1_1,left_proximal_negative,大腿,True,0.0,0.0,0.0,0.0,0.0
120.0,edulite_left_negative,00_1-4459_1_001,left_proximal_negative,大腿,True,0.0,0.0,0.0,0.0,0.0
120.0,edulite_left_negative,00_1-4459_1_002,left_proximal_negative,大腿,True,0.0,0.0,0.0,0.0,0.0
120.0,edulite_left_negative,200_1_1_1,left_proximal_negative,大腿,True,0.9999999999998579,3.1622776547328693,0.0,0.0,0.0
120.0,edulite_left_negative,00_1-8689_1_1,left_proximal_negative,大腿,True,0.9999999999998579,0.9999999999998579,0.0,0.0,0.0
120.0,edulite_left_positive,00_1-1305_1_1,left_proximal_positive,大腿垫高,True,1.4210854715202004e-14,2.5495097529034556,0.0,0.0,0.0
120.0,edulite_left_positive,100_1_1_1,left_proximal_positive,大腿垫高,True,1.5000000000000142,1.5000000000000142,0.0,0.0,0.0
120.0,edulite_left_positive,000_1-4238_1_1,left_proximal_positive,大腿垫高,True,1.4210854715202004e-14,0.0,0.0,0.0,0.0
120.0,edulite_left_positive,00_1-4459_1_1,left_proximal_positive,大腿垫高,True,0.0,0.0,0.0,0.0,0.0
120.0,edulite_left_positive,00_1-4459_1_001,left_proximal_positive,大腿垫高,True,0.0,0.0,0.0,0.0,0.0
120.0,edulite_left_positive,00_1-4459_1_002,left_proximal_positive,大腿垫高,True,0.0,0.0,0.0,0.0,0.0
120.0,edulite_left_positive,200_1_1_1,left_proximal_positive,大腿垫高,True,1.0000000000000142,3.1622776562351875,0.0,0.0,0.0
120.0,edulite_left_positive,00_1-8689_1_1,left_proximal_positive,大腿垫高,True,1.0000000000000142,2.147091051289151,0.0,0.0,0.0
120.0,edulite_right_negative,00_1-1305_1_1,right_proximal_negative,大腿垫高001,True,2.842170943040401e-14,2.549509752903526,0.0,0.0,0.0
120.0,edulite_right_negative,100_1_1_1,right_proximal_negative,大腿垫高001,True,1.5000000000000284,1.5000000000000284,0.0,0.0,0.0
120.0,edulite_right_negative,000_1-4238_1_1,right_proximal_negative,大腿垫高001,True,2.842170943040401e-14,0.0,0.0,0.0,0.0
120.0,edulite_right_negative,00_1-4459_1_1,right_proximal_negative,大腿垫高001,True,0.0,0.0,0.0,0.0,0.0
120.0,edulite_right_negative,00_1-4459_1_001,right_proximal_negative,大腿垫高001,True,0.0,0.0,0.0,0.0,0.0
120.0,edulite_right_negative,00_1-4459_1_002,right_proximal_negative,大腿垫高001,True,0.0,0.0,0.0,0.0,0.0
120.0,edulite_right_negative,200_1_1_1,right_proximal_negative,大腿垫高001,True,1.0000000000000284,3.1622776562353203,0.0,0.0,0.0
120.0,edulite_right_negative,00_1-8689_1_1,right_proximal_negative,大腿垫高001,True,1.0000000000000284,2.147091051289279,0.0,0.0,0.0
120.0,edulite_right_positive,00_1-1305_1_1,right_proximal_positive,大腿002,True,1.4210854715202004e-14,1.4210854715202004e-14,0.0,0.0,0.0
120.0,edulite_right_positive,100_1_1_1,right_proximal_positive,大腿002,True,1.5000000000000142,1.5000000000000142,0.0,0.0,0.0
120.0,edulite_right_positive,000_1-4238_1_1,right_proximal_positive,大腿002,True,1.4210854715202004e-14,0.0,0.0,0.0,0.0
120.0,edulite_right_positive,00_1-4459_1_1,right_proximal_positive,大腿002,True,0.0,0.0,0.0,0.0,0.0
120.0,edulite_right_positive,00_1-4459_1_001,right_proximal_positive,大腿002,True,0.0,0.0,0.0,0.0,0.0
120.0,edulite_right_positive,00_1-4459_1_002,right_proximal_positive,大腿002,True,0.0,0.0,0.0,0.0,0.0
120.0,edulite_right_positive,200_1_1_1,right_proximal_positive,大腿002,True,1.0000000000000142,3.1622776547327534,0.0,0.0,0.0
120.0,edulite_right_positive,00_1-8689_1_1,right_proximal_positive,大腿002,True,1.0000000000000142,1.0000000000000142,0.0,0.0,0.0
120.0,left_proximal_negative,大腿,left_distal_negative,推力轴承,True,0.0,1.2789769243681803e-13,0.0,0.0,0.0
120.0,left_proximal_negative,大腿,left_distal_negative,小腿001,True,1.0000000000001137,1.000000000000142,0.0,0.0,0.0
120.0,left_proximal_negative,大腿,left_distal_negative,cross recessed pan head screws gb_GB_CROSS_SCREWS_TYPE1 M4X16-16  H type-C,True,0.0,0.09999999986834303,0.0,0.0,0.0
120.0,left_proximal_negative,大腿,left_distal_negative,"hex nuts, style 1-grades ab gb_GB_FASTENER_NUT_SNAB1 M4-C",True,0.0,1.1368683772161603e-13,0.0,0.0,0.0
120.0,left_proximal_negative,大腿,left_distal_positive,小腿004,False,0.0,70.87205654029599,0.0,0.0,0.0
120.0,left_proximal_positive,大腿001,left_distal_negative,小腿001,False,0.0,70.87205654044665,0.0,0.0,0.0
120.0,left_proximal_positive,大腿001,left_distal_positive,小腿004,True,1.0000000000000995,1.000000000000142,0.0,0.0,0.0
120.0,left_proximal_positive,大腿001,left_distal_positive,推力轴承001,True,0.0,1.4210854715202004e-13,0.0,0.0,0.0
120.0,left_proximal_positive,大腿001,left_distal_positive,cross recessed pan head screws gb_GB_CROSS_SCREWS_TYPE1 M4X16-16  H type-C001,True,0.0,0.09999999989319629,0.0,0.0,0.0
120.0,left_proximal_positive,大腿001,left_distal_positive,"hex nuts, style 1-grades ab gb_GB_FASTENER_NUT_SNAB1 M4-C001",True,0.0,5.684341886080802e-14,0.0,0.0,0.0
120.0,left_distal_negative,小腿001,left_distal_positive,小腿004,True,0.9999999999999858,0.9999999999999858,0.0,0.0,0.0
120.0,left_distal_negative,小腿001,left_wheel,推力轴承002,True,0.0,1.4210854715202004e-14,0.0,0.0,0.0
120.0,left_distal_negative,小腿001,left_wheel,驱动板004,True,0.4999999999998721,0.4999999999998863,0.0,0.0,0.0
120.0,left_distal_negative,小腿001,left_wheel,MISUMI_CBSTSR4-16_内六角螺栓（盖螺栓）,True,0.0,0.0,0.0,0.0,0.0
120.0,left_distal_positive,小腿004,left_wheel,推力轴承002,True,0.0,0.0,0.0,0.0,0.0
120.0,left_distal_positive,小腿004,left_wheel,MISUMI_C-SE604ZZ_不锈钢小径滚珠轴承,True,0.0,1.4210854715202004e-14,0.0,0.0,0.0
120.0,left_distal_positive,小腿004,left_wheel,MISUMI_CBSTSR4-16_内六角螺栓（盖螺栓）,True,0.0,0.09999999936346358,0.0,0.0,0.0
120.0,right_proximal_negative,大腿003,right_distal_negative,推力轴承004,True,0.0,1.2789769243681803e-13,0.0,0.0,0.0
120.0,right_proximal_negative,大腿003,right_distal_negative,小腿009,True,2.0,2.0,0.0,0.0,0.0
120.0,right_proximal_negative,大腿003,right_distal_negative,小腿010,True,1.0,1.0,0.0,0.0,0.0
120.0,right_proximal_negative,大腿003,right_distal_negative,"hex nuts, style 1-grades ab gb_GB_FASTENER_NUT_SNAB1 M4-C005",True,1.1368683772161603e-13,1.4210854715202004e-13,0.0,0.0,0.0
120.0,right_proximal_negative,大腿003,right_distal_negative,cross recessed pan head screws gb_GB_CROSS_SCREWS_TYPE1 M4X16-16  H type-C003,True,0.0,0.09999999986879052,0.0,0.0,0.0
120.0,right_proximal_negative,大腿003,right_distal_positive,小腿007,False,0.0,70.87205654029589,0.0,0.0,0.0
120.0,right_proximal_positive,大腿002,right_distal_negative,小腿010,False,0.0,70.87205654044755,0.0,0.0,0.0
120.0,right_proximal_positive,大腿002,right_distal_positive,推力轴承003,True,0.0,0.0,0.0,0.0,0.0
120.0,right_proximal_positive,大腿002,right_distal_positive,小腿007,True,1.0,1.0000000000000142,0.0,0.0,0.0
120.0,right_proximal_positive,大腿002,right_distal_positive,cross recessed pan head screws gb_GB_CROSS_SCREWS_TYPE1 M4X16-16  H type-C002,True,0.0,0.09999999988349753,0.0,0.0,0.0
120.0,right_proximal_positive,大腿002,right_distal_positive,"hex nuts, style 1-grades ab gb_GB_FASTENER_NUT_SNAB1 M4-C003",True,0.0,1.4210854715202004e-14,0.0,0.0,0.0
120.0,right_distal_negative,小腿010,right_distal_positive,小腿007,True,1.0000000000000142,1.0000000000000142,0.0,0.0,0.0
120.0,right_distal_negative,小腿010,right_wheel,推力轴承005,True,0.0,1.4210854715202004e-14,0.0,0.0,0.0
120.0,right_distal_negative,小腿010,right_wheel,MISUMI_C-SE604ZZ_不锈钢小径滚珠轴承004,True,0.0,1.4210854715202004e-14,0.0,0.0,0.0
120.0,right_distal_negative,小腿010,right_wheel,MISUMI_CBSTSR4-16_内六角螺栓（盖螺栓）001,True,0.0,0.09999999975577196,0.0,0.0,0.0
120.0,right_distal_positive,小腿007,right_wheel,推力轴承005,True,0.0,0.0,0.0,0.0,0.0
120.0,right_distal_positive,小腿007,right_wheel,驱动板005,True,0.4999999999998863,0.49999999999991473,0.0,0.0,0.0
120.0,right_distal_positive,小腿007,right_wheel,MISUMI_CBSTSR4-16_内六角螺栓（盖螺栓）001,True,0.0,0.0,0.0,0.0,0.0
