# https://github.com/mikedh/trimesh
v -0.02100000 0.02660000 0.00400000
v -0.02107975 0.02659801 0.00000000
v -0.02107975 0.02659801 0.00400000
v -0.02100000 0.02660000 0.00000000
v -0.02115931 0.02659205 0.00000000
v -0.02115931 0.02659205 0.00400000
v -0.02123847 0.02658213 0.00000000
v -0.02123847 0.02658213 0.00400000
v -0.02131703 0.02656828 0.00000000
v -0.02131703 0.02656828 0.00400000
v -0.02139481 0.02655052 0.00000000
v -0.02139481 0.02655052 0.00400000
v -0.02147161 0.02652892 0.00000000
v -0.02147161 0.02652892 0.00400000
v -0.02154723 0.02650351 0.00400000
v -0.02154723 0.02650351 0.00000000
v -0.02162150 0.02647436 0.00400000
v -0.02162150 0.02647436 0.00000000
v -0.02169421 0.02644155 0.00400000
v -0.02169421 0.02644155 0.00000000
v -0.02176521 0.02640515 0.00400000
v -0.02176521 0.02640515 0.00000000
v -0.02183430 0.02636527 0.00000000
v -0.02183430 0.02636527 0.00400000
v -0.02190131 0.02632198 0.00400000
v -0.02190131 0.02632198 0.00000000
v -0.02196609 0.02627541 0.00400000
v -0.02196609 0.02627541 0.00000000
v -0.02202846 0.02622567 0.00000000
v -0.02202846 0.02622567 0.00400000
v -0.02208828 0.02617288 0.00000000
v -0.02208828 0.02617288 0.00400000
v -0.02214539 0.02611718 0.00400000
v -0.02214539 0.02611718 0.00000000
v -0.02219965 0.02605870 0.00400000
v -0.02219965 0.02605870 0.00000000
v -0.02225093 0.02599758 0.00000000
v -0.02225093 0.02599758 0.00400000
v -0.02229910 0.02593399 0.00000000
v -0.02229910 0.02593399 0.00400000
v -0.02234404 0.02586807 0.00000000
v -0.02234404 0.02586807 0.00400000
v -0.02238564 0.02580000 0.00000000
v -0.02238564 0.02580000 0.00400000
v -0.02242379 0.02572994 0.00000000
v -0.02242379 0.02572994 0.00400000
v -0.02245841 0.02565806 0.00000000
v -0.02245841 0.02565806 0.00400000
v -0.02248940 0.02558455 0.00400000
v -0.02248940 0.02558455 0.00000000
v -0.02251668 0.02550958 0.00400000
v -0.02251668 0.02550958 0.00000000
v -0.02254020 0.02543334 0.00000000
v -0.02254020 0.02543334 0.00400000
v -0.02255988 0.02535603 0.00000000
v -0.02255988 0.02535603 0.00400000
v -0.02257569 0.02527784 0.00000000
v -0.02257569 0.02527784 0.00400000
v -0.02258758 0.02519895 0.00000000
v -0.02258758 0.02519895 0.00400000
v -0.02259553 0.02511957 0.00000000
v -0.02259553 0.02511957 0.00400000
v -0.02259950 0.02503989 0.00000000
v -0.02259950 0.02503989 0.00400000
v -0.02259950 0.02496011 0.00000000
v -0.02259950 0.02496011 0.00400000
v -0.02259553 0.02488043 0.00000000
v -0.02259553 0.02488043 0.00400000
v -0.02258758 0.02480105 0.00000000
v -0.02258758 0.02480105 0.00400000
v -0.02257569 0.02472216 0.00000000
v -0.02257569 0.02472216 0.00400000
v -0.02255988 0.02464397 0.00000000
v -0.02255988 0.02464397 0.00400000
v -0.02254020 0.02456666 0.00000000
v -0.02254020 0.02456666 0.00400000
v -0.02251668 0.02449042 0.00000000
v -0.02251668 0.02449042 0.00400000
v -0.02248940 0.02441545 0.00000000
v -0.02248940 0.02441545 0.00400000
v -0.02245841 0.02434194 0.00000000
v -0.02245841 0.02434194 0.00400000
v -0.02242379 0.02427006 0.00000000
v -0.02242379 0.02427006 0.00400000
v -0.02238564 0.02420000 0.00000000
v -0.02238564 0.02420000 0.00400000
v -0.02234404 0.02413193 0.00000000
v -0.02234404 0.02413193 0.00400000
v -0.02229910 0.02406601 0.00400000
v -0.02229910 0.02406601 0.00000000
v -0.02225093 0.02400242 0.00000000
v -0.02225093 0.02400242 0.00400000
v -0.02219965 0.02394130 0.00000000
v -0.02219965 0.02394130 0.00400000
v -0.02214539 0.02388282 0.00000000
v -0.02214539 0.02388282 0.00400000
v -0.02208828 0.02382712 0.00000000
v -0.02208828 0.02382712 0.00400000
v -0.02202846 0.02377433 0.00000000
v -0.02202846 0.02377433 0.00400000
v -0.02196609 0.02372459 0.00000000
v -0.02196609 0.02372459 0.00400000
v -0.02190131 0.02367802 0.00000000
v -0.02190131 0.02367802 0.00400000
v -0.02183430 0.02363473 0.00400000
v -0.02183430 0.02363473 0.00000000
v -0.02176521 0.02359485 0.00000000
v -0.02176521 0.02359485 0.00400000
v -0.02169421 0.02355845 0.00000000
v -0.02169421 0.02355845 0.00400000
v -0.02162150 0.02352564 0.00000000
v -0.02162150 0.02352564 0.00400000
v -0.02154723 0.02349649 0.00000000
v -0.02154723 0.02349649 0.00400000
v -0.02147161 0.02347108 0.00000000
v -0.02147161 0.02347108 0.00400000
v -0.02139481 0.02344948 0.00000000
v -0.02139481 0.02344948 0.00400000
v -0.02131703 0.02343172 0.00000000
v -0.02131703 0.02343172 0.00400000
v -0.02123847 0.02341787 0.00000000
v -0.02123847 0.02341787 0.00400000
v -0.02115931 0.02340795 0.00000000
v -0.02115931 0.02340795 0.00400000
v -0.02107975 0.02340199 0.00000000
v -0.02107975 0.02340199 0.00400000
v -0.02100000 0.02340000 0.00000000
v -0.02100000 0.02340000 0.00400000
v 0.02100000 0.02660000 0.00400000
v 0.02092025 0.02659801 0.00000000
v 0.02092025 0.02659801 0.00400000
v 0.02100000 0.02660000 0.00000000
v 0.02084069 0.02659205 0.00000000
v 0.02084069 0.02659205 0.00400000
v 0.02076153 0.02658213 0.00000000
v 0.02076153 0.02658213 0.00400000
v 0.02068297 0.02656828 0.00000000
v 0.02068297 0.02656828 0.00400000
v 0.02060519 0.02655052 0.00000000
v 0.02060519 0.02655052 0.00400000
v 0.02052839 0.02652892 0.00000000
v 0.02052839 0.02652892 0.00400000
v 0.02045277 0.02650351 0.00400000
v 0.02045277 0.02650351 0.00000000
v 0.02037850 0.02647436 0.00400000
v 0.02037850 0.02647436 0.00000000
v 0.02030579 0.02644155 0.00000000
v 0.02030579 0.02644155 0.00400000
v 0.02023479 0.02640515 0.00000000
v 0.02023479 0.02640515 0.00400000
v 0.02016570 0.02636527 0.00000000
v 0.02016570 0.02636527 0.00400000
v 0.02009869 0.02632198 0.00000000
v 0.02009869 0.02632198 0.00400000
v 0.02003391 0.02627541 0.00000000
v 0.02003391 0.02627541 0.00400000
v 0.01997154 0.02622567 0.00000000
v 0.01997154 0.02622567 0.00400000
v 0.01991172 0.02617288 0.00000000
v 0.01991172 0.02617288 0.00400000
v 0.01985461 0.02611718 0.00000000
v 0.01985461 0.02611718 0.00400000
v 0.01980035 0.02605870 0.00000000
v 0.01980035 0.02605870 0.00400000
v 0.01974907 0.02599758 0.00000000
v 0.01974907 0.02599758 0.00400000
v 0.01970090 0.02593399 0.00000000
v 0.01970090 0.02593399 0.00400000
v 0.01965596 0.02586807 0.00000000
v 0.01965596 0.02586807 0.00400000
v 0.01961436 0.02580000 0.00000000
v 0.01961436 0.02580000 0.00400000
v 0.01957621 0.02572994 0.00000000
v 0.01957621 0.02572994 0.00400000
v 0.01954159 0.02565806 0.00000000
v 0.01954159 0.02565806 0.00400000
v 0.01951060 0.02558455 0.00000000
v 0.01951060 0.02558455 0.00400000
v 0.01948332 0.02550958 0.00000000
v 0.01948332 0.02550958 0.00400000
v 0.01945980 0.02543334 0.00400000
v 0.01945980 0.02543334 0.00000000
v 0.01944012 0.02535603 0.00400000
v 0.01944012 0.02535603 0.00000000
v 0.01942431 0.02527784 0.00000000
v 0.01942431 0.02527784 0.00400000
v 0.01941242 0.02519895 0.00000000
v 0.01941242 0.02519895 0.00400000
v 0.01940447 0.02511957 0.00000000
v 0.01940447 0.02511957 0.00400000
v 0.01940050 0.02503989 0.00000000
v 0.01940050 0.02503989 0.00400000
v 0.01940050 0.02496011 0.00000000
v 0.01940050 0.02496011 0.00400000
v 0.01940447 0.02488043 0.00000000
v 0.01940447 0.02488043 0.00400000
v 0.01941242 0.02480105 0.00000000
v 0.01941242 0.02480105 0.00400000
v 0.01942431 0.02472216 0.00000000
v 0.01942431 0.02472216 0.00400000
v 0.01944012 0.02464397 0.00400000
v 0.01944012 0.02464397 0.00000000
v 0.01945980 0.02456666 0.00000000
v 0.01945980 0.02456666 0.00400000
v 0.01948332 0.02449042 0.00000000
v 0.01948332 0.02449042 0.00400000
v 0.01951060 0.02441545 0.00400000
v 0.01951060 0.02441545 0.00000000
v 0.01954159 0.02434194 0.00000000
v 0.01954159 0.02434194 0.00400000
v 0.01957621 0.02427006 0.00000000
v 0.01957621 0.02427006 0.00400000
v 0.01961436 0.02420000 0.00400000
v 0.01961436 0.02420000 0.00000000
v 0.01965596 0.02413193 0.00400000
v 0.01965596 0.02413193 0.00000000
v 0.01970090 0.02406601 0.00000000
v 0.01970090 0.02406601 0.00400000
v 0.01974907 0.02400242 0.00000000
v 0.01974907 0.02400242 0.00400000
v 0.01980035 0.02394130 0.00000000
v 0.01980035 0.02394130 0.00400000
v 0.01985461 0.02388282 0.00000000
v 0.01985461 0.02388282 0.00400000
v 0.01991172 0.02382712 0.00000000
v 0.01991172 0.02382712 0.00400000
v 0.01997154 0.02377433 0.00000000
v 0.01997154 0.02377433 0.00400000
v 0.02003391 0.02372459 0.00000000
v 0.02003391 0.02372459 0.00400000
v 0.02009869 0.02367802 0.00000000
v 0.02009869 0.02367802 0.00400000
v 0.02016570 0.02363473 0.00000000
v 0.02016570 0.02363473 0.00400000
v 0.02023479 0.02359485 0.00000000
v 0.02023479 0.02359485 0.00400000
v 0.02030579 0.02355845 0.00000000
v 0.02030579 0.02355845 0.00400000
v 0.02037850 0.02352564 0.00000000
v 0.02037850 0.02352564 0.00400000
v 0.02045277 0.02349649 0.00000000
v 0.02045277 0.02349649 0.00400000
v 0.02052839 0.02347108 0.00000000
v 0.02052839 0.02347108 0.00400000
v 0.02060519 0.02344948 0.00000000
v 0.02060519 0.02344948 0.00400000
v 0.02068297 0.02343172 0.00000000
v 0.02068297 0.02343172 0.00400000
v 0.02076153 0.02341787 0.00000000
v 0.02076153 0.02341787 0.00400000
v 0.02084069 0.02340795 0.00000000
v 0.02084069 0.02340795 0.00400000
v 0.02092025 0.02340199 0.00000000
v 0.02092025 0.02340199 0.00400000
v 0.02100000 0.02340000 0.00000000
v 0.02100000 0.02340000 0.00400000
v 0.02100000 -0.02340000 0.00400000
v 0.02092025 -0.02340199 0.00000000
v 0.02092025 -0.02340199 0.00400000
v 0.02100000 -0.02340000 0.00000000
v 0.02084069 -0.02340795 0.00000000
v 0.02084069 -0.02340795 0.00400000
v 0.02076153 -0.02341787 0.00000000
v 0.02076153 -0.02341787 0.00400000
v 0.02068297 -0.02343172 0.00000000
v 0.02068297 -0.02343172 0.00400000
v 0.02060519 -0.02344948 0.00000000
v 0.02060519 -0.02344948 0.00400000
v 0.02052839 -0.02347108 0.00000000
v 0.02052839 -0.02347108 0.00400000
v 0.02045277 -0.02349649 0.00400000
v 0.02045277 -0.02349649 0.00000000
v 0.02037850 -0.02352564 0.00400000
v 0.02037850 -0.02352564 0.00000000
v 0.02030579 -0.02355845 0.00400000
v 0.02030579 -0.02355845 0.00000000
v 0.02023479 -0.02359485 0.00400000
v 0.02023479 -0.02359485 0.00000000
v 0.02016570 -0.02363473 0.00000000
v 0.02016570 -0.02363473 0.00400000
v 0.02009869 -0.02367802 0.00400000
v 0.02009869 -0.02367802 0.00000000
v 0.02003391 -0.02372459 0.00400000
v 0.02003391 -0.02372459 0.00000000
v 0.01997154 -0.02377433 0.00000000
v 0.01997154 -0.02377433 0.00400000
v 0.01991172 -0.02382712 0.00000000
v 0.01991172 -0.02382712 0.00400000
v 0.01985461 -0.02388282 0.00400000
v 0.01985461 -0.02388282 0.00000000
v 0.01980035 -0.02394130 0.00400000
v 0.01980035 -0.02394130 0.00000000
v 0.01974907 -0.02400242 0.00000000
v 0.01974907 -0.02400242 0.00400000
v 0.01970090 -0.02406601 0.00000000
v 0.01970090 -0.02406601 0.00400000
v 0.01965596 -0.02413193 0.00000000
v 0.01965596 -0.02413193 0.00400000
v 0.01961436 -0.02420000 0.00000000
v 0.01961436 -0.02420000 0.00400000
v 0.01957621 -0.02427006 0.00000000
v 0.01957621 -0.02427006 0.00400000
v 0.01954159 -0.02434194 0.00000000
v 0.01954159 -0.02434194 0.00400000
v 0.01951060 -0.02441545 0.00400000
v 0.01951060 -0.02441545 0.00000000
v 0.01948332 -0.02449042 0.00400000
v 0.01948332 -0.02449042 0.00000000
v 0.01945980 -0.02456666 0.00000000
v 0.01945980 -0.02456666 0.00400000
v 0.01944012 -0.02464397 0.00000000
v 0.01944012 -0.02464397 0.00400000
v 0.01942431 -0.02472216 0.00000000
v 0.01942431 -0.02472216 0.00400000
v 0.01941242 -0.02480105 0.00000000
v 0.01941242 -0.02480105 0.00400000
v 0.01940447 -0.02488043 0.00000000
v 0.01940447 -0.02488043 0.00400000
v 0.01940050 -0.02496011 0.00000000
v 0.01940050 -0.02496011 0.00400000
v 0.01940050 -0.02503989 0.00000000
v 0.01940050 -0.02503989 0.00400000
v 0.01940447 -0.02511957 0.00000000
v 0.01940447 -0.02511957 0.00400000
v 0.01941242 -0.02519895 0.00000000
v 0.01941242 -0.02519895 0.00400000
v 0.01942431 -0.02527784 0.00000000
v 0.01942431 -0.02527784 0.00400000
v 0.01944012 -0.02535603 0.00000000
v 0.01944012 -0.02535603 0.00400000
v 0.01945980 -0.02543334 0.00000000
v 0.01945980 -0.02543334 0.00400000
v 0.01948332 -0.02550958 0.00000000
v 0.01948332 -0.02550958 0.00400000
v 0.01951060 -0.02558455 0.00000000
v 0.01951060 -0.02558455 0.00400000
v 0.01954159 -0.02565806 0.00000000
v 0.01954159 -0.02565806 0.00400000
v 0.01957621 -0.02572994 0.00000000
v 0.01957621 -0.02572994 0.00400000
v 0.01961436 -0.02580000 0.00000000
v 0.01961436 -0.02580000 0.00400000
v 0.01965596 -0.02586807 0.00000000
v 0.01965596 -0.02586807 0.00400000
v 0.01970090 -0.02593399 0.00400000
v 0.01970090 -0.02593399 0.00000000
v 0.01974907 -0.02599758 0.00000000
v 0.01974907 -0.02599758 0.00400000
v 0.01980035 -0.02605870 0.00000000
v 0.01980035 -0.02605870 0.00400000
v 0.01985461 -0.02611718 0.00000000
v 0.01985461 -0.02611718 0.00400000
v 0.01991172 -0.02617288 0.00000000
v 0.01991172 -0.02617288 0.00400000
v 0.01997154 -0.02622567 0.00000000
v 0.01997154 -0.02622567 0.00400000
v 0.02003391 -0.02627541 0.00000000
v 0.02003391 -0.02627541 0.00400000
v 0.02009869 -0.02632198 0.00000000
v 0.02009869 -0.02632198 0.00400000
v 0.02016570 -0.02636527 0.00400000
v 0.02016570 -0.02636527 0.00000000
v 0.02023479 -0.02640515 0.00000000
v 0.02023479 -0.02640515 0.00400000
v 0.02030579 -0.02644155 0.00000000
v 0.02030579 -0.02644155 0.00400000
v 0.02037850 -0.02647436 0.00000000
v 0.02037850 -0.02647436 0.00400000
v 0.02045277 -0.02650351 0.00000000
v 0.02045277 -0.02650351 0.00400000
v 0.02052839 -0.02652892 0.00000000
v 0.02052839 -0.02652892 0.00400000
v 0.02060519 -0.02655052 0.00000000
v 0.02060519 -0.02655052 0.00400000
v 0.02068297 -0.02656828 0.00000000
v 0.02068297 -0.02656828 0.00400000
v 0.02076153 -0.02658213 0.00000000
v 0.02076153 -0.02658213 0.00400000
v 0.02084069 -0.02659205 0.00000000
v 0.02084069 -0.02659205 0.00400000
v 0.02092025 -0.02659801 0.00000000
v 0.02092025 -0.02659801 0.00400000
v 0.02100000 -0.02660000 0.00000000
v 0.02100000 -0.02660000 0.00400000
v -0.02100000 -0.02340000 0.00400000
v -0.02107975 -0.02340199 0.00000000
v -0.02107975 -0.02340199 0.00400000
v -0.02100000 -0.02340000 0.00000000
v -0.02115931 -0.02340795 0.00000000
v -0.02115931 -0.02340795 0.00400000
v -0.02123847 -0.02341787 0.00000000
v -0.02123847 -0.02341787 0.00400000
v -0.02131703 -0.02343172 0.00000000
v -0.02131703 -0.02343172 0.00400000
v -0.02139481 -0.02344948 0.00000000
v -0.02139481 -0.02344948 0.00400000
v -0.02147161 -0.02347108 0.00000000
v -0.02147161 -0.02347108 0.00400000
v -0.02154723 -0.02349649 0.00400000
v -0.02154723 -0.02349649 0.00000000
v -0.02162150 -0.02352564 0.00400000
v -0.02162150 -0.02352564 0.00000000
v -0.02169421 -0.02355845 0.00000000
v -0.02169421 -0.02355845 0.00400000
v -0.02176521 -0.02359485 0.00000000
v -0.02176521 -0.02359485 0.00400000
v -0.02183430 -0.02363473 0.00000000
v -0.02183430 -0.02363473 0.00400000
v -0.02190131 -0.02367802 0.00000000
v -0.02190131 -0.02367802 0.00400000
v -0.02196609 -0.02372459 0.00000000
v -0.02196609 -0.02372459 0.00400000
v -0.02202846 -0.02377433 0.00000000
v -0.02202846 -0.02377433 0.00400000
v -0.02208828 -0.02382712 0.00000000
v -0.02208828 -0.02382712 0.00400000
v -0.02214539 -0.02388282 0.00000000
v -0.02214539 -0.02388282 0.00400000
v -0.02219965 -0.02394130 0.00000000
v -0.02219965 -0.02394130 0.00400000
v -0.02225093 -0.02400242 0.00000000
v -0.02225093 -0.02400242 0.00400000
v -0.02229910 -0.02406601 0.00000000
v -0.02229910 -0.02406601 0.00400000
v -0.02234404 -0.02413193 0.00000000
v -0.02234404 -0.02413193 0.00400000
v -0.02238564 -0.02420000 0.00000000
v -0.02238564 -0.02420000 0.00400000
v -0.02242379 -0.02427006 0.00000000
v -0.02242379 -0.02427006 0.00400000
v -0.02245841 -0.02434194 0.00000000
v -0.02245841 -0.02434194 0.00400000
v -0.02248940 -0.02441545 0.00000000
v -0.02248940 -0.02441545 0.00400000
v -0.02251668 -0.02449042 0.00000000
v -0.02251668 -0.02449042 0.00400000
v -0.02254020 -0.02456666 0.00400000
v -0.02254020 -0.02456666 0.00000000
v -0.02255988 -0.02464397 0.00400000
v -0.02255988 -0.02464397 0.00000000
v -0.02257569 -0.02472216 0.00000000
v -0.02257569 -0.02472216 0.00400000
v -0.02258758 -0.02480105 0.00000000
v -0.02258758 -0.02480105 0.00400000
v -0.02259553 -0.02488043 0.00000000
v -0.02259553 -0.02488043 0.00400000
v -0.02259950 -0.02496011 0.00000000
v -0.02259950 -0.02496011 0.00400000
v -0.02259950 -0.02503989 0.00000000
v -0.02259950 -0.02503989 0.00400000
v -0.02259553 -0.02511957 0.00000000
v -0.02259553 -0.02511957 0.00400000
v -0.02258758 -0.02519895 0.00000000
v -0.02258758 -0.02519895 0.00400000
v -0.02257569 -0.02527784 0.00000000
v -0.02257569 -0.02527784 0.00400000
v -0.02255988 -0.02535603 0.00400000
v -0.02255988 -0.02535603 0.00000000
v -0.02254020 -0.02543334 0.00000000
v -0.02254020 -0.02543334 0.00400000
v -0.02251668 -0.02550958 0.00000000
v -0.02251668 -0.02550958 0.00400000
v -0.02248940 -0.02558455 0.00400000
v -0.02248940 -0.02558455 0.00000000
v -0.02245841 -0.02565806 0.00000000
v -0.02245841 -0.02565806 0.00400000
v -0.02242379 -0.02572994 0.00000000
v -0.02242379 -0.02572994 0.00400000
v -0.02238564 -0.02580000 0.00400000
v -0.02238564 -0.02580000 0.00000000
v -0.02234404 -0.02586807 0.00400000
v -0.02234404 -0.02586807 0.00000000
v -0.02229910 -0.02593399 0.00000000
v -0.02229910 -0.02593399 0.00400000
v -0.02225093 -0.02599758 0.00000000
v -0.02225093 -0.02599758 0.00400000
v -0.02219965 -0.02605870 0.00000000
v -0.02219965 -0.02605870 0.00400000
v -0.02214539 -0.02611718 0.00000000
v -0.02214539 -0.02611718 0.00400000
v -0.02208828 -0.02617288 0.00000000
v -0.02208828 -0.02617288 0.00400000
v -0.02202846 -0.02622567 0.00000000
v -0.02202846 -0.02622567 0.00400000
v -0.02196609 -0.02627541 0.00000000
v -0.02196609 -0.02627541 0.00400000
v -0.02190131 -0.02632198 0.00000000
v -0.02190131 -0.02632198 0.00400000
v -0.02183430 -0.02636527 0.00000000
v -0.02183430 -0.02636527 0.00400000
v -0.02176521 -0.02640515 0.00000000
v -0.02176521 -0.02640515 0.00400000
v -0.02169421 -0.02644155 0.00000000
v -0.02169421 -0.02644155 0.00400000
v -0.02162150 -0.02647436 0.00000000
v -0.02162150 -0.02647436 0.00400000
v -0.02154723 -0.02650351 0.00000000
v -0.02154723 -0.02650351 0.00400000
v -0.02147161 -0.02652892 0.00000000
v -0.02147161 -0.02652892 0.00400000
v -0.02139481 -0.02655052 0.00000000
v -0.02139481 -0.02655052 0.00400000
v -0.02131703 -0.02656828 0.00000000
v -0.02131703 -0.02656828 0.00400000
v -0.02123847 -0.02658213 0.00000000
v -0.02123847 -0.02658213 0.00400000
v -0.02115931 -0.02659205 0.00000000
v -0.02115931 -0.02659205 0.00400000
v -0.02107975 -0.02659801 0.00000000
v -0.02107975 -0.02659801 0.00400000
v -0.02100000 -0.02660000 0.00000000
v -0.02100000 -0.02660000 0.00400000
v -0.00880000 0.01970000 0.00400000
v -0.00885483 0.01969863 0.00000000
v -0.00885483 0.01969863 0.00400000
v -0.00880000 0.01970000 0.00000000
v -0.00890952 0.01969453 0.00000000
v -0.00890952 0.01969453 0.00400000
v -0.00896395 0.01968771 0.00000000
v -0.00896395 0.01968771 0.00400000
v -0.00901796 0.01967819 0.00000000
v -0.00901796 0.01967819 0.00400000
v -0.00907143 0.01966599 0.00000000
v -0.00907143 0.01966599 0.00400000
v -0.00912423 0.01965113 0.00000000
v -0.00912423 0.01965113 0.00400000
v -0.00917622 0.01963366 0.00400000
v -0.00917622 0.01963366 0.00000000
v -0.00922728 0.01961362 0.00400000
v -0.00922728 0.01961362 0.00000000
v -0.00927727 0.01959107 0.00000000
v -0.00927727 0.01959107 0.00400000
v -0.00932608 0.01956604 0.00000000
v -0.00932608 0.01956604 0.00400000
v -0.00937358 0.01953862 0.00000000
v -0.00937358 0.01953862 0.00400000
v -0.00941965 0.01950886 0.00000000
v -0.00941965 0.01950886 0.00400000
v -0.00946418 0.01947685 0.00000000
v -0.00946418 0.01947685 0.00400000
v -0.00950707 0.01944265 0.00000000
v -0.00950707 0.01944265 0.00400000
v -0.00954819 0.01940636 0.00000000
v -0.00954819 0.01940636 0.00400000
v -0.00958745 0.01936806 0.00000000
v -0.00958745 0.01936806 0.00400000
v -0.00962476 0.01932785 0.00000000
v -0.00962476 0.01932785 0.00400000
v -0.00966001 0.01928584 0.00000000
v -0.00966001 0.01928584 0.00400000
v -0.00969313 0.01924212 0.00000000
v -0.00969313 0.01924212 0.00400000
v -0.00972403 0.01919680 0.00000000
v -0.00972403 0.01919680 0.00400000
v -0.00975263 0.01915000 0.00000000
v -0.00975263 0.01915000 0.00400000
v -0.00977886 0.01910183 0.00000000
v -0.00977886 0.01910183 0.00400000
v -0.00980266 0.01905242 0.00000000
v -0.00980266 0.01905242 0.00400000
v -0.00982396 0.01900188 0.00000000
v -0.00982396 0.01900188 0.00400000
v -0.00984272 0.01895034 0.00000000
v -0.00984272 0.01895034 0.00400000
v -0.00985889 0.01889792 0.00400000
v -0.00985889 0.01889792 0.00000000
v -0.00987242 0.01884477 0.00400000
v -0.00987242 0.01884477 0.00000000
v -0.00988329 0.01879101 0.00000000
v -0.00988329 0.01879101 0.00400000
v -0.00989146 0.01873678 0.00000000
v -0.00989146 0.01873678 0.00400000
v -0.00989692 0.01868220 0.00000000
v -0.00989692 0.01868220 0.00400000
v -0.00989966 0.01862742 0.00000000
v -0.00989966 0.01862742 0.00400000
v -0.00989966 0.01857258 0.00000000
v -0.00989966 0.01857258 0.00400000
v -0.00989692 0.01851780 0.00000000
v -0.00989692 0.01851780 0.00400000
v -0.00989146 0.01846322 0.00000000
v -0.00989146 0.01846322 0.00400000
v -0.00988329 0.01840899 0.00000000
v -0.00988329 0.01840899 0.00400000
v -0.00987242 0.01835523 0.00400000
v -0.00987242 0.01835523 0.00000000
v -0.00985889 0.01830208 0.00000000
v -0.00985889 0.01830208 0.00400000
v -0.00984272 0.01824966 0.00000000
v -0.00984272 0.01824966 0.00400000
v -0.00982396 0.01819812 0.00400000
v -0.00982396 0.01819812 0.00000000
v -0.00980266 0.01814758 0.00000000
v -0.00980266 0.01814758 0.00400000
v -0.00977886 0.01809817 0.00000000
v -0.00977886 0.01809817 0.00400000
v -0.00975263 0.01805000 0.00400000
v -0.00975263 0.01805000 0.00000000
v -0.00972403 0.01800320 0.00400000
v -0.00972403 0.01800320 0.00000000
v -0.00969313 0.01795788 0.00000000
v -0.00969313 0.01795788 0.00400000
v -0.00966001 0.01791416 0.00000000
v -0.00966001 0.01791416 0.00400000
v -0.00962476 0.01787215 0.00000000
v -0.00962476 0.01787215 0.00400000
v -0.00958745 0.01783194 0.00000000
v -0.00958745 0.01783194 0.00400000
v -0.00954819 0.01779364 0.00000000
v -0.00954819 0.01779364 0.00400000
v -0.00950707 0.01775735 0.00000000
v -0.00950707 0.01775735 0.00400000
v -0.00946418 0.01772315 0.00000000
v -0.00946418 0.01772315 0.00400000
v -0.00941965 0.01769114 0.00000000
v -0.00941965 0.01769114 0.00400000
v -0.00937358 0.01766138 0.00000000
v -0.00937358 0.01766138 0.00400000
v -0.00932608 0.01763396 0.00000000
v -0.00932608 0.01763396 0.00400000
v -0.00927727 0.01760893 0.00000000
v -0.00927727 0.01760893 0.00400000
v -0.00922728 0.01758638 0.00000000
v -0.00922728 0.01758638 0.00400000
v -0.00917622 0.01756634 0.00000000
v -0.00917622 0.01756634 0.00400000
v -0.00912423 0.01754887 0.00000000
v -0.00912423 0.01754887 0.00400000
v -0.00907143 0.01753402 0.00000000
v -0.00907143 0.01753402 0.00400000
v -0.00901796 0.01752181 0.00000000
v -0.00901796 0.01752181 0.00400000
v -0.00896395 0.01751229 0.00000000
v -0.00896395 0.01751229 0.00400000
v -0.00890952 0.01750547 0.00000000
v -0.00890952 0.01750547 0.00400000
v -0.00885483 0.01750137 0.00000000
v -0.00885483 0.01750137 0.00400000
v -0.00880000 0.01750000 0.00000000
v -0.00880000 0.01750000 0.00400000
v 0.00880000 0.01970000 0.00400000
v 0.00874517 0.01969863 0.00000000
v 0.00874517 0.01969863 0.00400000
v 0.00880000 0.01970000 0.00000000
v 0.00869048 0.01969453 0.00000000
v 0.00869048 0.01969453 0.00400000
v 0.00863605 0.01968771 0.00000000
v 0.00863605 0.01968771 0.00400000
v 0.00858204 0.01967819 0.00000000
v 0.00858204 0.01967819 0.00400000
v 0.00852857 0.01966599 0.00000000
v 0.00852857 0.01966599 0.00400000
v 0.00847577 0.01965113 0.00000000
v 0.00847577 0.01965113 0.00400000
v 0.00842378 0.01963366 0.00400000
v 0.00842378 0.01963366 0.00000000
v 0.00837272 0.01961362 0.00400000
v 0.00837272 0.01961362 0.00000000
v 0.00832273 0.01959107 0.00000000
v 0.00832273 0.01959107 0.00400000
v 0.00827392 0.01956604 0.00000000
v 0.00827392 0.01956604 0.00400000
v 0.00822642 0.01953862 0.00000000
v 0.00822642 0.01953862 0.00400000
v 0.00818035 0.01950886 0.00000000
v 0.00818035 0.01950886 0.00400000
v 0.00813582 0.01947685 0.00000000
v 0.00813582 0.01947685 0.00400000
v 0.00809293 0.01944265 0.00000000
v 0.00809293 0.01944265 0.00400000
v 0.00805181 0.01940636 0.00000000
v 0.00805181 0.01940636 0.00400000
v 0.00801255 0.01936806 0.00000000
v 0.00801255 0.01936806 0.00400000
v 0.00797524 0.01932785 0.00000000
v 0.00797524 0.01932785 0.00400000
v 0.00793999 0.01928584 0.00000000
v 0.00793999 0.01928584 0.00400000
v 0.00790687 0.01924212 0.00000000
v 0.00790687 0.01924212 0.00400000
v 0.00787597 0.01919680 0.00000000
v 0.00787597 0.01919680 0.00400000
v 0.00784737 0.01915000 0.00000000
v 0.00784737 0.01915000 0.00400000
v 0.00782114 0.01910183 0.00000000
v 0.00782114 0.01910183 0.00400000
v 0.00779734 0.01905242 0.00000000
v 0.00779734 0.01905242 0.00400000
v 0.00777604 0.01900188 0.00000000
v 0.00777604 0.01900188 0.00400000
v 0.00775728 0.01895034 0.00000000
v 0.00775728 0.01895034 0.00400000
v 0.00774111 0.01889792 0.00400000
v 0.00774111 0.01889792 0.00000000
v 0.00772758 0.01884477 0.00400000
v 0.00772758 0.01884477 0.00000000
v 0.00771671 0.01879101 0.00000000
v 0.00771671 0.01879101 0.00400000
v 0.00770854 0.01873678 0.00000000
v 0.00770854 0.01873678 0.00400000
v 0.00770308 0.01868220 0.00000000
v 0.00770308 0.01868220 0.00400000
v 0.00770034 0.01862742 0.00000000
v 0.00770034 0.01862742 0.00400000
v 0.00770034 0.01857258 0.00000000
v 0.00770034 0.01857258 0.00400000
v 0.00770308 0.01851780 0.00000000
v 0.00770308 0.01851780 0.00400000
v 0.00770854 0.01846322 0.00000000
v 0.00770854 0.01846322 0.00400000
v 0.00771671 0.01840899 0.00000000
v 0.00771671 0.01840899 0.00400000
v 0.00772758 0.01835523 0.00400000
v 0.00772758 0.01835523 0.00000000
v 0.00774111 0.01830208 0.00000000
v 0.00774111 0.01830208 0.00400000
v 0.00775728 0.01824966 0.00000000
v 0.00775728 0.01824966 0.00400000
v 0.00777604 0.01819812 0.00400000
v 0.00777604 0.01819812 0.00000000
v 0.00779734 0.01814758 0.00000000
v 0.00779734 0.01814758 0.00400000
v 0.00782114 0.01809817 0.00000000
v 0.00782114 0.01809817 0.00400000
v 0.00784737 0.01805000 0.00400000
v 0.00784737 0.01805000 0.00000000
v 0.00787597 0.01800320 0.00400000
v 0.00787597 0.01800320 0.00000000
v 0.00790687 0.01795788 0.00000000
v 0.00790687 0.01795788 0.00400000
v 0.00793999 0.01791416 0.00000000
v 0.00793999 0.01791416 0.00400000
v 0.00797524 0.01787215 0.00000000
v 0.00797524 0.01787215 0.00400000
v 0.00801255 0.01783194 0.00000000
v 0.00801255 0.01783194 0.00400000
v 0.00805181 0.01779364 0.00000000
v 0.00805181 0.01779364 0.00400000
v 0.00809293 0.01775735 0.00000000
v 0.00809293 0.01775735 0.00400000
v 0.00813582 0.01772315 0.00000000
v 0.00813582 0.01772315 0.00400000
v 0.00818035 0.01769114 0.00000000
v 0.00818035 0.01769114 0.00400000
v 0.00822642 0.01766138 0.00000000
v 0.00822642 0.01766138 0.00400000
v 0.00827392 0.01763396 0.00000000
v 0.00827392 0.01763396 0.00400000
v 0.00832273 0.01760893 0.00000000
v 0.00832273 0.01760893 0.00400000
v 0.00837272 0.01758638 0.00000000
v 0.00837272 0.01758638 0.00400000
v 0.00842378 0.01756634 0.00000000
v 0.00842378 0.01756634 0.00400000
v 0.00847577 0.01754887 0.00000000
v 0.00847577 0.01754887 0.00400000
v 0.00852857 0.01753402 0.00000000
v 0.00852857 0.01753402 0.00400000
v 0.00858204 0.01752181 0.00000000
v 0.00858204 0.01752181 0.00400000
v 0.00863605 0.01751229 0.00000000
v 0.00863605 0.01751229 0.00400000
v 0.00869048 0.01750547 0.00000000
v 0.00869048 0.01750547 0.00400000
v 0.00874517 0.01750137 0.00000000
v 0.00874517 0.01750137 0.00400000
v 0.00880000 0.01750000 0.00000000
v 0.00880000 0.01750000 0.00400000
v 0.00000000 -0.01750000 0.00400000
v -0.00005483 -0.01750137 0.00000000
v -0.00005483 -0.01750137 0.00400000
v 0.00000000 -0.01750000 0.00000000
v -0.00010952 -0.01750547 0.00000000
v -0.00010952 -0.01750547 0.00400000
v -0.00016395 -0.01751229 0.00000000
v -0.00016395 -0.01751229 0.00400000
v -0.00021796 -0.01752181 0.00000000
v -0.00021796 -0.01752181 0.00400000
v -0.00027143 -0.01753402 0.00000000
v -0.00027143 -0.01753402 0.00400000
v -0.00032423 -0.01754887 0.00000000
v -0.00032423 -0.01754887 0.00400000
v -0.00037622 -0.01756634 0.00400000
v -0.00037622 -0.01756634 0.00000000
v -0.00042728 -0.01758638 0.00400000
v -0.00042728 -0.01758638 0.00000000
v -0.00047727 -0.01760893 0.00000000
v -0.00047727 -0.01760893 0.00400000
v -0.00052608 -0.01763396 0.00000000
v -0.00052608 -0.01763396 0.00400000
v -0.00057358 -0.01766138 0.00000000
v -0.00057358 -0.01766138 0.00400000
v -0.00061965 -0.01769114 0.00000000
v -0.00061965 -0.01769114 0.00400000
v -0.00066418 -0.01772315 0.00000000
v -0.00066418 -0.01772315 0.00400000
v -0.00070707 -0.01775735 0.00000000
v -0.00070707 -0.01775735 0.00400000
v -0.00074819 -0.01779364 0.00000000
v -0.00074819 -0.01779364 0.00400000
v -0.00078745 -0.01783194 0.00000000
v -0.00078745 -0.01783194 0.00400000
v -0.00082476 -0.01787215 0.00000000
v -0.00082476 -0.01787215 0.00400000
v -0.00086001 -0.01791416 0.00000000
v -0.00086001 -0.01791416 0.00400000
v -0.00089313 -0.01795788 0.00000000
v -0.00089313 -0.01795788 0.00400000
v -0.00092403 -0.01800320 0.00000000
v -0.00092403 -0.01800320 0.00400000
v -0.00095263 -0.01805000 0.00000000
v -0.00095263 -0.01805000 0.00400000
v -0.00097886 -0.01809817 0.00000000
v -0.00097886 -0.01809817 0.00400000
v -0.00100266 -0.01814758 0.00000000
v -0.00100266 -0.01814758 0.00400000
v -0.00102396 -0.01819812 0.00000000
v -0.00102396 -0.01819812 0.00400000
v -0.00104272 -0.01824966 0.00000000
v -0.00104272 -0.01824966 0.00400000
v -0.00105889 -0.01830208 0.00400000
v -0.00105889 -0.01830208 0.00000000
v -0.00107242 -0.01835523 0.00400000
v -0.00107242 -0.01835523 0.00000000
v -0.00108329 -0.01840899 0.00000000
v -0.00108329 -0.01840899 0.00400000
v -0.00109146 -0.01846322 0.00000000
v -0.00109146 -0.01846322 0.00400000
v -0.00109692 -0.01851780 0.00000000
v -0.00109692 -0.01851780 0.00400000
v -0.00109966 -0.01857258 0.00000000
v -0.00109966 -0.01857258 0.00400000
v -0.00109966 -0.01862742 0.00000000
v -0.00109966 -0.01862742 0.00400000
v -0.00109692 -0.01868220 0.00000000
v -0.00109692 -0.01868220 0.00400000
v -0.00109146 -0.01873678 0.00000000
v -0.00109146 -0.01873678 0.00400000
v -0.00108329 -0.01879101 0.00000000
v -0.00108329 -0.01879101 0.00400000
v -0.00107242 -0.01884477 0.00400000
v -0.00107242 -0.01884477 0.00000000
v -0.00105889 -0.01889792 0.00000000
v -0.00105889 -0.01889792 0.00400000
v -0.00104272 -0.01895034 0.00000000
v -0.00104272 -0.01895034 0.00400000
v -0.00102396 -0.01900188 0.00400000
v -0.00102396 -0.01900188 0.00000000
v -0.00100266 -0.01905242 0.00000000
v -0.00100266 -0.01905242 0.00400000
v -0.00097886 -0.01910183 0.00000000
v -0.00097886 -0.01910183 0.00400000
v -0.00095263 -0.01915000 0.00400000
v -0.00095263 -0.01915000 0.00000000
v -0.00092403 -0.01919680 0.00400000
v -0.00092403 -0.01919680 0.00000000
v -0.00089313 -0.01924212 0.00000000
v -0.00089313 -0.01924212 0.00400000
v -0.00086001 -0.01928584 0.00000000
v -0.00086001 -0.01928584 0.00400000
v -0.00082476 -0.01932785 0.00000000
v -0.00082476 -0.01932785 0.00400000
v -0.00078745 -0.01936806 0.00000000
v -0.00078745 -0.01936806 0.00400000
v -0.00074819 -0.01940636 0.00000000
v -0.00074819 -0.01940636 0.00400000
v -0.00070707 -0.01944265 0.00000000
v -0.00070707 -0.01944265 0.00400000
v -0.00066418 -0.01947685 0.00000000
v -0.00066418 -0.01947685 0.00400000
v -0.00061965 -0.01950886 0.00000000
v -0.00061965 -0.01950886 0.00400000
v -0.00057358 -0.01953862 0.00000000
v -0.00057358 -0.01953862 0.00400000
v -0.00052608 -0.01956604 0.00000000
v -0.00052608 -0.01956604 0.00400000
v -0.00047727 -0.01959107 0.00000000
v -0.00047727 -0.01959107 0.00400000
v -0.00042728 -0.01961362 0.00000000
v -0.00042728 -0.01961362 0.00400000
v -0.00037622 -0.01963366 0.00000000
v -0.00037622 -0.01963366 0.00400000
v -0.00032423 -0.01965113 0.00000000
v -0.00032423 -0.01965113 0.00400000
v -0.00027143 -0.01966599 0.00000000
v -0.00027143 -0.01966599 0.00400000
v -0.00021796 -0.01967819 0.00000000
v -0.00021796 -0.01967819 0.00400000
v -0.00016395 -0.01968771 0.00000000
v -0.00016395 -0.01968771 0.00400000
v -0.00010952 -0.01969453 0.00000000
v -0.00010952 -0.01969453 0.00400000
v -0.00005483 -0.01969863 0.00000000
v -0.00005483 -0.01969863 0.00400000
v 0.00000000 -0.01970000 0.00000000
v 0.00000000 -0.01970000 0.00400000
v 0.05750000 -0.04990000 0.00400000
v 0.05742025 -0.04990199 0.00000000
v 0.05742025 -0.04990199 0.00400000
v 0.05750000 -0.04990000 0.00000000
v 0.05734069 -0.04990795 0.00000000
v 0.05734069 -0.04990795 0.00400000
v 0.05726153 -0.04991787 0.00000000
v 0.05726153 -0.04991787 0.00400000
v 0.05718297 -0.04993172 0.00000000
v 0.05718297 -0.04993172 0.00400000
v 0.05710519 -0.04994948 0.00000000
v 0.05710519 -0.04994948 0.00400000
v 0.05702839 -0.04997108 0.00000000
v 0.05702839 -0.04997108 0.00400000
v 0.05695277 -0.04999649 0.00400000
v 0.05695277 -0.04999649 0.00000000
v 0.05687850 -0.05002564 0.00400000
v 0.05687850 -0.05002564 0.00000000
v 0.05680579 -0.05005845 0.00400000
v 0.05680579 -0.05005845 0.00000000
v 0.05673479 -0.05009485 0.00400000
v 0.05673479 -0.05009485 0.00000000
v 0.05666570 -0.05013473 0.00000000
v 0.05666570 -0.05013473 0.00400000
v 0.05659869 -0.05017802 0.00400000
v 0.05659869 -0.05017802 0.00000000
v 0.05653391 -0.05022459 0.00400000
v 0.05653391 -0.05022459 0.00000000
v 0.05647154 -0.05027433 0.00000000
v 0.05647154 -0.05027433 0.00400000
v 0.05641172 -0.05032712 0.00000000
v 0.05641172 -0.05032712 0.00400000
v 0.05635461 -0.05038282 0.00400000
v 0.05635461 -0.05038282 0.00000000
v 0.05630035 -0.05044130 0.00400000
v 0.05630035 -0.05044130 0.00000000
v 0.05624907 -0.05050242 0.00000000
v 0.05624907 -0.05050242 0.00400000
v 0.05620090 -0.05056601 0.00000000
v 0.05620090 -0.05056601 0.00400000
v 0.05615596 -0.05063193 0.00000000
v 0.05615596 -0.05063193 0.00400000
v 0.05611436 -0.05070000 0.00000000
v 0.05611436 -0.05070000 0.00400000
v 0.05607621 -0.05077006 0.00000000
v 0.05607621 -0.05077006 0.00400000
v 0.05604159 -0.05084194 0.00000000
v 0.05604159 -0.05084194 0.00400000
v 0.05601060 -0.05091545 0.00400000
v 0.05601060 -0.05091545 0.00000000
v 0.05598332 -0.05099042 0.00400000
v 0.05598332 -0.05099042 0.00000000
v 0.05595980 -0.05106666 0.00000000
v 0.05595980 -0.05106666 0.00400000
v 0.05594012 -0.05114397 0.00000000
v 0.05594012 -0.05114397 0.00400000
v 0.05592431 -0.05122216 0.00000000
v 0.05592431 -0.05122216 0.00400000
v 0.05591242 -0.05130105 0.00000000
v 0.05591242 -0.05130105 0.00400000
v 0.05590447 -0.05138043 0.00000000
v 0.05590447 -0.05138043 0.00400000
v 0.05590050 -0.05146011 0.00000000
v 0.05590050 -0.05146011 0.00400000
v 0.05590050 -0.05153989 0.00000000
v 0.05590050 -0.05153989 0.00400000
v 0.05590447 -0.05161957 0.00000000
v 0.05590447 -0.05161957 0.00400000
v 0.05591242 -0.05169895 0.00000000
v 0.05591242 -0.05169895 0.00400000
v 0.05592431 -0.05177784 0.00000000
v 0.05592431 -0.05177784 0.00400000
v 0.05594012 -0.05185603 0.00000000
v 0.05594012 -0.05185603 0.00400000
v 0.05595980 -0.05193334 0.00000000
v 0.05595980 -0.05193334 0.00400000
v 0.05598332 -0.05200958 0.00000000
v 0.05598332 -0.05200958 0.00400000
v 0.05601060 -0.05208455 0.00000000
v 0.05601060 -0.05208455 0.00400000
v 0.05604159 -0.05215806 0.00000000
v 0.05604159 -0.05215806 0.00400000
v 0.05607621 -0.05222994 0.00000000
v 0.05607621 -0.05222994 0.00400000
v 0.05611436 -0.05230000 0.00000000
v 0.05611436 -0.05230000 0.00400000
v 0.05615596 -0.05236807 0.00000000
v 0.05615596 -0.05236807 0.00400000
v 0.05620090 -0.05243399 0.00400000
v 0.05620090 -0.05243399 0.00000000
v 0.05624907 -0.05249758 0.00000000
v 0.05624907 -0.05249758 0.00400000
v 0.05630035 -0.05255870 0.00000000
v 0.05630035 -0.05255870 0.00400000
v 0.05635461 -0.05261718 0.00000000
v 0.05635461 -0.05261718 0.00400000
v 0.05641172 -0.05267288 0.00000000
v 0.05641172 -0.05267288 0.00400000
v 0.05647154 -0.05272567 0.00000000
v 0.05647154 -0.05272567 0.00400000
v 0.05653391 -0.05277541 0.00000000
v 0.05653391 -0.05277541 0.00400000
v 0.05659869 -0.05282198 0.00000000
v 0.05659869 -0.05282198 0.00400000
v 0.05666570 -0.05286527 0.00400000
v 0.05666570 -0.05286527 0.00000000
v 0.05673479 -0.05290515 0.00000000
v 0.05673479 -0.05290515 0.00400000
v 0.05680579 -0.05294155 0.00000000
v 0.05680579 -0.05294155 0.00400000
v 0.05687850 -0.05297436 0.00000000
v 0.05687850 -0.05297436 0.00400000
v 0.05695277 -0.05300351 0.00000000
v 0.05695277 -0.05300351 0.00400000
v 0.05702839 -0.05302892 0.00000000
v 0.05702839 -0.05302892 0.00400000
v 0.05710519 -0.05305052 0.00000000
v 0.05710519 -0.05305052 0.00400000
v 0.05718297 -0.05306828 0.00000000
v 0.05718297 -0.05306828 0.00400000
v 0.05726153 -0.05308213 0.00000000
v 0.05726153 -0.05308213 0.00400000
v 0.05734069 -0.05309205 0.00000000
v 0.05734069 -0.05309205 0.00400000
v 0.05742025 -0.05309801 0.00000000
v 0.05742025 -0.05309801 0.00400000
v 0.05750000 -0.05310000 0.00000000
v 0.05750000 -0.05310000 0.00400000
v 0.03775000 -0.03363000 0.00400000
v 0.03767025 -0.03363199 0.00000000
v 0.03767025 -0.03363199 0.00400000
v 0.03775000 -0.03363000 0.00000000
v 0.03759069 -0.03363795 0.00000000
v 0.03759069 -0.03363795 0.00400000
v 0.03751153 -0.03364787 0.00000000
v 0.03751153 -0.03364787 0.00400000
v 0.03743297 -0.03366172 0.00000000
v 0.03743297 -0.03366172 0.00400000
v 0.03735519 -0.03367948 0.00000000
v 0.03735519 -0.03367948 0.00400000
v 0.03727839 -0.03370108 0.00000000
v 0.03727839 -0.03370108 0.00400000
v 0.03720277 -0.03372649 0.00400000
v 0.03720277 -0.03372649 0.00000000
v 0.03712850 -0.03375564 0.00400000
v 0.03712850 -0.03375564 0.00000000
v 0.03705579 -0.03378845 0.00400000
v 0.03705579 -0.03378845 0.00000000
v 0.03698479 -0.03382485 0.00400000
v 0.03698479 -0.03382485 0.00000000
v 0.03691570 -0.03386473 0.00000000
v 0.03691570 -0.03386473 0.00400000
v 0.03684869 -0.03390802 0.00400000
v 0.03684869 -0.03390802 0.00000000
v 0.03678391 -0.03395459 0.00400000
v 0.03678391 -0.03395459 0.00000000
v 0.03672154 -0.03400433 0.00000000
v 0.03672154 -0.03400433 0.00400000
v 0.03666172 -0.03405712 0.00000000
v 0.03666172 -0.03405712 0.00400000
v 0.03660461 -0.03411282 0.00400000
v 0.03660461 -0.03411282 0.00000000
v 0.03655035 -0.03417130 0.00400000
v 0.03655035 -0.03417130 0.00000000
v 0.03649907 -0.03423242 0.00000000
v 0.03649907 -0.03423242 0.00400000
v 0.03645090 -0.03429601 0.00000000
v 0.03645090 -0.03429601 0.00400000
v 0.03640596 -0.03436193 0.00000000
v 0.03640596 -0.03436193 0.00400000
v 0.03636436 -0.03443000 0.00000000
v 0.03636436 -0.03443000 0.00400000
v 0.03632621 -0.03450006 0.00000000
v 0.03632621 -0.03450006 0.00400000
v 0.03629159 -0.03457194 0.00000000
v 0.03629159 -0.03457194 0.00400000
v 0.03626060 -0.03464545 0.00400000
v 0.03626060 -0.03464545 0.00000000
v 0.03623332 -0.03472042 0.00400000
v 0.03623332 -0.03472042 0.00000000
v 0.03620980 -0.03479666 0.00000000
v 0.03620980 -0.03479666 0.00400000
v 0.03619012 -0.03487397 0.00000000
v 0.03619012 -0.03487397 0.00400000
v 0.03617431 -0.03495216 0.00000000
v 0.03617431 -0.03495216 0.00400000
v 0.03616242 -0.03503105 0.00000000
v 0.03616242 -0.03503105 0.00400000
v 0.03615447 -0.03511043 0.00000000
v 0.03615447 -0.03511043 0.00400000
v 0.03615050 -0.03519011 0.00000000
v 0.03615050 -0.03519011 0.00400000
v 0.03615050 -0.03526989 0.00000000
v 0.03615050 -0.03526989 0.00400000
v 0.03615447 -0.03534957 0.00000000
v 0.03615447 -0.03534957 0.00400000
v 0.03616242 -0.03542895 0.00000000
v 0.03616242 -0.03542895 0.00400000
v 0.03617431 -0.03550784 0.00000000
v 0.03617431 -0.03550784 0.00400000
v 0.03619012 -0.03558603 0.00000000
v 0.03619012 -0.03558603 0.00400000
v 0.03620980 -0.03566334 0.00000000
v 0.03620980 -0.03566334 0.00400000
v 0.03623332 -0.03573958 0.00000000
v 0.03623332 -0.03573958 0.00400000
v 0.03626060 -0.03581455 0.00000000
v 0.03626060 -0.03581455 0.00400000
v 0.03629159 -0.03588806 0.00000000
v 0.03629159 -0.03588806 0.00400000
v 0.03632621 -0.03595994 0.00000000
v 0.03632621 -0.03595994 0.00400000
v 0.03636436 -0.03603000 0.00000000
v 0.03636436 -0.03603000 0.00400000
v 0.03640596 -0.03609807 0.00000000
v 0.03640596 -0.03609807 0.00400000
v 0.03645090 -0.03616399 0.00400000
v 0.03645090 -0.03616399 0.00000000
v 0.03649907 -0.03622758 0.00000000
v 0.03649907 -0.03622758 0.00400000
v 0.03655035 -0.03628870 0.00000000
v 0.03655035 -0.03628870 0.00400000
v 0.03660461 -0.03634718 0.00000000
v 0.03660461 -0.03634718 0.00400000
v 0.03666172 -0.03640288 0.00000000
v 0.03666172 -0.03640288 0.00400000
v 0.03672154 -0.03645567 0.00000000
v 0.03672154 -0.03645567 0.00400000
v 0.03678391 -0.03650541 0.00000000
v 0.03678391 -0.03650541 0.00400000
v 0.03684869 -0.03655198 0.00000000
v 0.03684869 -0.03655198 0.00400000
v 0.03691570 -0.03659527 0.00400000
v 0.03691570 -0.03659527 0.00000000
v 0.03698479 -0.03663515 0.00000000
v 0.03698479 -0.03663515 0.00400000
v 0.03705579 -0.03667155 0.00000000
v 0.03705579 -0.03667155 0.00400000
v 0.03712850 -0.03670436 0.00000000
v 0.03712850 -0.03670436 0.00400000
v 0.03720277 -0.03673351 0.00000000
v 0.03720277 -0.03673351 0.00400000
v 0.03727839 -0.03675892 0.00000000
v 0.03727839 -0.03675892 0.00400000
v 0.03735519 -0.03678052 0.00000000
v 0.03735519 -0.03678052 0.00400000
v 0.03743297 -0.03679828 0.00000000
v 0.03743297 -0.03679828 0.00400000
v 0.03751153 -0.03681213 0.00000000
v 0.03751153 -0.03681213 0.00400000
v 0.03759069 -0.03682205 0.00000000
v 0.03759069 -0.03682205 0.00400000
v 0.03767025 -0.03682801 0.00000000
v 0.03767025 -0.03682801 0.00400000
v 0.03775000 -0.03683000 0.00000000
v 0.03775000 -0.03683000 0.00400000
v 0.03775000 -0.02317000 0.00400000
v 0.03767025 -0.02317199 0.00000000
v 0.03767025 -0.02317199 0.00400000
v 0.03775000 -0.02317000 0.00000000
v 0.03759069 -0.02317795 0.00000000
v 0.03759069 -0.02317795 0.00400000
v 0.03751153 -0.02318787 0.00000000
v 0.03751153 -0.02318787 0.00400000
v 0.03743297 -0.02320172 0.00000000
v 0.03743297 -0.02320172 0.00400000
v 0.03735519 -0.02321948 0.00000000
v 0.03735519 -0.02321948 0.00400000
v 0.03727839 -0.02324108 0.00000000
v 0.03727839 -0.02324108 0.00400000
v 0.03720277 -0.02326649 0.00400000
v 0.03720277 -0.02326649 0.00000000
v 0.03712850 -0.02329564 0.00400000
v 0.03712850 -0.02329564 0.00000000
v 0.03705579 -0.02332845 0.00000000
v 0.03705579 -0.02332845 0.00400000
v 0.03698479 -0.02336485 0.00000000
v 0.03698479 -0.02336485 0.00400000
v 0.03691570 -0.02340473 0.00000000
v 0.03691570 -0.02340473 0.00400000
v 0.03684869 -0.02344802 0.00000000
v 0.03684869 -0.02344802 0.00400000
v 0.03678391 -0.02349459 0.00000000
v 0.03678391 -0.02349459 0.00400000
v 0.03672154 -0.02354433 0.00000000
v 0.03672154 -0.02354433 0.00400000
v 0.03666172 -0.02359712 0.00000000
v 0.03666172 -0.02359712 0.00400000
v 0.03660461 -0.02365282 0.00000000
v 0.03660461 -0.02365282 0.00400000
v 0.03655035 -0.02371130 0.00000000
v 0.03655035 -0.02371130 0.00400000
v 0.03649907 -0.02377242 0.00000000
v 0.03649907 -0.02377242 0.00400000
v 0.03645090 -0.02383601 0.00000000
v 0.03645090 -0.02383601 0.00400000
v 0.03640596 -0.02390193 0.00000000
v 0.03640596 -0.02390193 0.00400000
v 0.03636436 -0.02397000 0.00000000
v 0.03636436 -0.02397000 0.00400000
v 0.03632621 -0.02404006 0.00000000
v 0.03632621 -0.02404006 0.00400000
v 0.03629159 -0.02411194 0.00000000
v 0.03629159 -0.02411194 0.00400000
v 0.03626060 -0.02418545 0.00000000
v 0.03626060 -0.02418545 0.00400000
v 0.03623332 -0.02426042 0.00000000
v 0.03623332 -0.02426042 0.00400000
v 0.03620980 -0.02433666 0.00400000
v 0.03620980 -0.02433666 0.00000000
v 0.03619012 -0.02441397 0.00400000
v 0.03619012 -0.02441397 0.00000000
v 0.03617431 -0.02449216 0.00000000
v 0.03617431 -0.02449216 0.00400000
v 0.03616242 -0.02457105 0.00000000
v 0.03616242 -0.02457105 0.00400000
v 0.03615447 -0.02465043 0.00000000
v 0.03615447 -0.02465043 0.00400000
v 0.03615050 -0.02473011 0.00000000
v 0.03615050 -0.02473011 0.00400000
v 0.03615050 -0.02480989 0.00000000
v 0.03615050 -0.02480989 0.00400000
v 0.03615447 -0.02488957 0.00000000
v 0.03615447 -0.02488957 0.00400000
v 0.03616242 -0.02496895 0.00000000
v 0.03616242 -0.02496895 0.00400000
v 0.03617431 -0.02504784 0.00000000
v 0.03617431 -0.02504784 0.00400000
v 0.03619012 -0.02512603 0.00400000
v 0.03619012 -0.02512603 0.00000000
v 0.03620980 -0.02520334 0.00000000
v 0.03620980 -0.02520334 0.00400000
v 0.03623332 -0.02527958 0.00000000
v 0.03623332 -0.02527958 0.00400000
v 0.03626060 -0.02535455 0.00400000
v 0.03626060 -0.02535455 0.00000000
v 0.03629159 -0.02542806 0.00000000
v 0.03629159 -0.02542806 0.00400000
v 0.03632621 -0.02549994 0.00000000
v 0.03632621 -0.02549994 0.00400000
v 0.03636436 -0.02557000 0.00400000
v 0.03636436 -0.02557000 0.00000000
v 0.03640596 -0.02563807 0.00400000
v 0.03640596 -0.02563807 0.00000000
v 0.03645090 -0.02570399 0.00000000
v 0.03645090 -0.02570399 0.00400000
v 0.03649907 -0.02576758 0.00000000
v 0.03649907 -0.02576758 0.00400000
v 0.03655035 -0.02582870 0.00000000
v 0.03655035 -0.02582870 0.00400000
v 0.03660461 -0.02588718 0.00000000
v 0.03660461 -0.02588718 0.00400000
v 0.03666172 -0.02594288 0.00000000
v 0.03666172 -0.02594288 0.00400000
v 0.03672154 -0.02599567 0.00000000
v 0.03672154 -0.02599567 0.00400000
v 0.03678391 -0.02604541 0.00000000
v 0.03678391 -0.02604541 0.00400000
v 0.03684869 -0.02609198 0.00000000
v 0.03684869 -0.02609198 0.00400000
v 0.03691570 -0.02613527 0.00000000
v 0.03691570 -0.02613527 0.00400000
v 0.03698479 -0.02617515 0.00000000
v 0.03698479 -0.02617515 0.00400000
v 0.03705579 -0.02621155 0.00000000
v 0.03705579 -0.02621155 0.00400000
v 0.03712850 -0.02624436 0.00000000
v 0.03712850 -0.02624436 0.00400000
v 0.03720277 -0.02627351 0.00000000
v 0.03720277 -0.02627351 0.00400000
v 0.03727839 -0.02629892 0.00000000
v 0.03727839 -0.02629892 0.00400000
v 0.03735519 -0.02632052 0.00000000
v 0.03735519 -0.02632052 0.00400000
v 0.03743297 -0.02633828 0.00000000
v 0.03743297 -0.02633828 0.00400000
v 0.03751153 -0.02635213 0.00000000
v 0.03751153 -0.02635213 0.00400000
v 0.03759069 -0.02636205 0.00000000
v 0.03759069 -0.02636205 0.00400000
v 0.03767025 -0.02636801 0.00000000
v 0.03767025 -0.02636801 0.00400000
v 0.03775000 -0.02637000 0.00000000
v 0.03775000 -0.02637000 0.00400000
v 0.05750000 -0.00690000 0.00400000
v 0.05742025 -0.00690199 0.00000000
v 0.05742025 -0.00690199 0.00400000
v 0.05750000 -0.00690000 0.00000000
v 0.05734069 -0.00690795 0.00000000
v 0.05734069 -0.00690795 0.00400000
v 0.05726153 -0.00691787 0.00000000
v 0.05726153 -0.00691787 0.00400000
v 0.05718297 -0.00693172 0.00000000
v 0.05718297 -0.00693172 0.00400000
v 0.05710519 -0.00694948 0.00000000
v 0.05710519 -0.00694948 0.00400000
v 0.05702839 -0.00697108 0.00000000
v 0.05702839 -0.00697108 0.00400000
v 0.05695277 -0.00699649 0.00400000
v 0.05695277 -0.00699649 0.00000000
v 0.05687850 -0.00702564 0.00400000
v 0.05687850 -0.00702564 0.00000000
v 0.05680579 -0.00705845 0.00000000
v 0.05680579 -0.00705845 0.00400000
v 0.05673479 -0.00709485 0.00000000
v 0.05673479 -0.00709485 0.00400000
v 0.05666570 -0.00713473 0.00000000
v 0.05666570 -0.00713473 0.00400000
v 0.05659869 -0.00717802 0.00000000
v 0.05659869 -0.00717802 0.00400000
v 0.05653391 -0.00722459 0.00000000
v 0.05653391 -0.00722459 0.00400000
v 0.05647154 -0.00727433 0.00000000
v 0.05647154 -0.00727433 0.00400000
v 0.05641172 -0.00732712 0.00000000
v 0.05641172 -0.00732712 0.00400000
v 0.05635461 -0.00738282 0.00000000
v 0.05635461 -0.00738282 0.00400000
v 0.05630035 -0.00744130 0.00000000
v 0.05630035 -0.00744130 0.00400000
v 0.05624907 -0.00750242 0.00000000
v 0.05624907 -0.00750242 0.00400000
v 0.05620090 -0.00756601 0.00000000
v 0.05620090 -0.00756601 0.00400000
v 0.05615596 -0.00763193 0.00000000
v 0.05615596 -0.00763193 0.00400000
v 0.05611436 -0.00770000 0.00000000
v 0.05611436 -0.00770000 0.00400000
v 0.05607621 -0.00777006 0.00000000
v 0.05607621 -0.00777006 0.00400000
v 0.05604159 -0.00784194 0.00000000
v 0.05604159 -0.00784194 0.00400000
v 0.05601060 -0.00791545 0.00000000
v 0.05601060 -0.00791545 0.00400000
v 0.05598332 -0.00799042 0.00000000
v 0.05598332 -0.00799042 0.00400000
v 0.05595980 -0.00806666 0.00400000
v 0.05595980 -0.00806666 0.00000000
v 0.05594012 -0.00814397 0.00400000
v 0.05594012 -0.00814397 0.00000000
v 0.05592431 -0.00822216 0.00000000
v 0.05592431 -0.00822216 0.00400000
v 0.05591242 -0.00830105 0.00000000
v 0.05591242 -0.00830105 0.00400000
v 0.05590447 -0.00838043 0.00000000
v 0.05590447 -0.00838043 0.00400000
v 0.05590050 -0.00846011 0.00000000
v 0.05590050 -0.00846011 0.00400000
v 0.05590050 -0.00853989 0.00000000
v 0.05590050 -0.00853989 0.00400000
v 0.05590447 -0.00861957 0.00000000
v 0.05590447 -0.00861957 0.00400000
v 0.05591242 -0.00869895 0.00000000
v 0.05591242 -0.00869895 0.00400000
v 0.05592431 -0.00877784 0.00000000
v 0.05592431 -0.00877784 0.00400000
v 0.05594012 -0.00885603 0.00400000
v 0.05594012 -0.00885603 0.00000000
v 0.05595980 -0.00893334 0.00000000
v 0.05595980 -0.00893334 0.00400000
v 0.05598332 -0.00900958 0.00000000
v 0.05598332 -0.00900958 0.00400000
v 0.05601060 -0.00908455 0.00400000
v 0.05601060 -0.00908455 0.00000000
v 0.05604159 -0.00915806 0.00000000
v 0.05604159 -0.00915806 0.00400000
v 0.05607621 -0.00922994 0.00000000
v 0.05607621 -0.00922994 0.00400000
v 0.05611436 -0.00930000 0.00400000
v 0.05611436 -0.00930000 0.00000000
v 0.05615596 -0.00936807 0.00400000
v 0.05615596 -0.00936807 0.00000000
v 0.05620090 -0.00943399 0.00000000
v 0.05620090 -0.00943399 0.00400000
v 0.05624907 -0.00949758 0.00000000
v 0.05624907 -0.00949758 0.00400000
v 0.05630035 -0.00955870 0.00000000
v 0.05630035 -0.00955870 0.00400000
v 0.05635461 -0.00961718 0.00000000
v 0.05635461 -0.00961718 0.00400000
v 0.05641172 -0.00967288 0.00000000
v 0.05641172 -0.00967288 0.00400000
v 0.05647154 -0.00972567 0.00000000
v 0.05647154 -0.00972567 0.00400000
v 0.05653391 -0.00977541 0.00000000
v 0.05653391 -0.00977541 0.00400000
v 0.05659869 -0.00982198 0.00000000
v 0.05659869 -0.00982198 0.00400000
v 0.05666570 -0.00986527 0.00000000
v 0.05666570 -0.00986527 0.00400000
v 0.05673479 -0.00990515 0.00000000
v 0.05673479 -0.00990515 0.00400000
v 0.05680579 -0.00994155 0.00000000
v 0.05680579 -0.00994155 0.00400000
v 0.05687850 -0.00997436 0.00000000
v 0.05687850 -0.00997436 0.00400000
v 0.05695277 -0.01000351 0.00000000
v 0.05695277 -0.01000351 0.00400000
v 0.05702839 -0.01002892 0.00000000
v 0.05702839 -0.01002892 0.00400000
v 0.05710519 -0.01005052 0.00000000
v 0.05710519 -0.01005052 0.00400000
v 0.05718297 -0.01006828 0.00000000
v 0.05718297 -0.01006828 0.00400000
v 0.05726153 -0.01008213 0.00000000
v 0.05726153 -0.01008213 0.00400000
v 0.05734069 -0.01009205 0.00000000
v 0.05734069 -0.01009205 0.00400000
v 0.05742025 -0.01009801 0.00000000
v 0.05742025 -0.01009801 0.00400000
v 0.05750000 -0.01010000 0.00000000
v 0.05750000 -0.01010000 0.00400000
v 0.05750000 0.01010000 0.00400000
v 0.05742025 0.01009801 0.00000000
v 0.05742025 0.01009801 0.00400000
v 0.05750000 0.01010000 0.00000000
v 0.05734069 0.01009205 0.00000000
v 0.05734069 0.01009205 0.00400000
v 0.05726153 0.01008213 0.00000000
v 0.05726153 0.01008213 0.00400000
v 0.05718297 0.01006828 0.00000000
v 0.05718297 0.01006828 0.00400000
v 0.05710519 0.01005052 0.00000000
v 0.05710519 0.01005052 0.00400000
v 0.05702839 0.01002892 0.00000000
v 0.05702839 0.01002892 0.00400000
v 0.05695277 0.01000351 0.00400000
v 0.05695277 0.01000351 0.00000000
v 0.05687850 0.00997436 0.00400000
v 0.05687850 0.00997436 0.00000000
v 0.05680579 0.00994155 0.00400000
v 0.05680579 0.00994155 0.00000000
v 0.05673479 0.00990515 0.00400000
v 0.05673479 0.00990515 0.00000000
v 0.05666570 0.00986527 0.00000000
v 0.05666570 0.00986527 0.00400000
v 0.05659869 0.00982198 0.00400000
v 0.05659869 0.00982198 0.00000000
v 0.05653391 0.00977541 0.00400000
v 0.05653391 0.00977541 0.00000000
v 0.05647154 0.00972567 0.00000000
v 0.05647154 0.00972567 0.00400000
v 0.05641172 0.00967288 0.00000000
v 0.05641172 0.00967288 0.00400000
v 0.05635461 0.00961718 0.00400000
v 0.05635461 0.00961718 0.00000000
v 0.05630035 0.00955870 0.00400000
v 0.05630035 0.00955870 0.00000000
v 0.05624907 0.00949758 0.00000000
v 0.05624907 0.00949758 0.00400000
v 0.05620090 0.00943399 0.00000000
v 0.05620090 0.00943399 0.00400000
v 0.05615596 0.00936807 0.00000000
v 0.05615596 0.00936807 0.00400000
v 0.05611436 0.00930000 0.00000000
v 0.05611436 0.00930000 0.00400000
v 0.05607621 0.00922994 0.00000000
v 0.05607621 0.00922994 0.00400000
v 0.05604159 0.00915806 0.00000000
v 0.05604159 0.00915806 0.00400000
v 0.05601060 0.00908455 0.00400000
v 0.05601060 0.00908455 0.00000000
v 0.05598332 0.00900958 0.00400000
v 0.05598332 0.00900958 0.00000000
v 0.05595980 0.00893334 0.00000000
v 0.05595980 0.00893334 0.00400000
v 0.05594012 0.00885603 0.00000000
v 0.05594012 0.00885603 0.00400000
v 0.05592431 0.00877784 0.00000000
v 0.05592431 0.00877784 0.00400000
v 0.05591242 0.00869895 0.00000000
v 0.05591242 0.00869895 0.00400000
v 0.05590447 0.00861957 0.00000000
v 0.05590447 0.00861957 0.00400000
v 0.05590050 0.00853989 0.00000000
v 0.05590050 0.00853989 0.00400000
v 0.05590050 0.00846011 0.00000000
v 0.05590050 0.00846011 0.00400000
v 0.05590447 0.00838043 0.00000000
v 0.05590447 0.00838043 0.00400000
v 0.05591242 0.00830105 0.00000000
v 0.05591242 0.00830105 0.00400000
v 0.05592431 0.00822216 0.00000000
v 0.05592431 0.00822216 0.00400000
v 0.05594012 0.00814397 0.00000000
v 0.05594012 0.00814397 0.00400000
v 0.05595980 0.00806666 0.00000000
v 0.05595980 0.00806666 0.00400000
v 0.05598332 0.00799042 0.00000000
v 0.05598332 0.00799042 0.00400000
v 0.05601060 0.00791545 0.00000000
v 0.05601060 0.00791545 0.00400000
v 0.05604159 0.00784194 0.00000000
v 0.05604159 0.00784194 0.00400000
v 0.05607621 0.00777006 0.00000000
v 0.05607621 0.00777006 0.00400000
v 0.05611436 0.00770000 0.00000000
v 0.05611436 0.00770000 0.00400000
v 0.05615596 0.00763193 0.00000000
v 0.05615596 0.00763193 0.00400000
v 0.05620090 0.00756601 0.00400000
v 0.05620090 0.00756601 0.00000000
v 0.05624907 0.00750242 0.00000000
v 0.05624907 0.00750242 0.00400000
v 0.05630035 0.00744130 0.00000000
v 0.05630035 0.00744130 0.00400000
v 0.05635461 0.00738282 0.00000000
v 0.05635461 0.00738282 0.00400000
v 0.05641172 0.00732712 0.00000000
v 0.05641172 0.00732712 0.00400000
v 0.05647154 0.00727433 0.00000000
v 0.05647154 0.00727433 0.00400000
v 0.05653391 0.00722459 0.00000000
v 0.05653391 0.00722459 0.00400000
v 0.05659869 0.00717802 0.00000000
v 0.05659869 0.00717802 0.00400000
v 0.05666570 0.00713473 0.00400000
v 0.05666570 0.00713473 0.00000000
v 0.05673479 0.00709485 0.00000000
v 0.05673479 0.00709485 0.00400000
v 0.05680579 0.00705845 0.00000000
v 0.05680579 0.00705845 0.00400000
v 0.05687850 0.00702564 0.00000000
v 0.05687850 0.00702564 0.00400000
v 0.05695277 0.00699649 0.00000000
v 0.05695277 0.00699649 0.00400000
v 0.05702839 0.00697108 0.00000000
v 0.05702839 0.00697108 0.00400000
v 0.05710519 0.00694948 0.00000000
v 0.05710519 0.00694948 0.00400000
v 0.05718297 0.00693172 0.00000000
v 0.05718297 0.00693172 0.00400000
v 0.05726153 0.00691787 0.00000000
v 0.05726153 0.00691787 0.00400000
v 0.05734069 0.00690795 0.00000000
v 0.05734069 0.00690795 0.00400000
v 0.05742025 0.00690199 0.00000000
v 0.05742025 0.00690199 0.00400000
v 0.05750000 0.00690000 0.00000000
v 0.05750000 0.00690000 0.00400000
v 0.03775000 0.02637000 0.00400000
v 0.03767025 0.02636801 0.00000000
v 0.03767025 0.02636801 0.00400000
v 0.03775000 0.02637000 0.00000000
v 0.03759069 0.02636205 0.00000000
v 0.03759069 0.02636205 0.00400000
v 0.03751153 0.02635213 0.00000000
v 0.03751153 0.02635213 0.00400000
v 0.03743297 0.02633828 0.00000000
v 0.03743297 0.02633828 0.00400000
v 0.03735519 0.02632052 0.00000000
v 0.03735519 0.02632052 0.00400000
v 0.03727839 0.02629892 0.00000000
v 0.03727839 0.02629892 0.00400000
v 0.03720277 0.02627351 0.00400000
v 0.03720277 0.02627351 0.00000000
v 0.03712850 0.02624436 0.00400000
v 0.03712850 0.02624436 0.00000000
v 0.03705579 0.02621155 0.00400000
v 0.03705579 0.02621155 0.00000000
v 0.03698479 0.02617515 0.00400000
v 0.03698479 0.02617515 0.00000000
v 0.03691570 0.02613527 0.00000000
v 0.03691570 0.02613527 0.00400000
v 0.03684869 0.02609198 0.00400000
v 0.03684869 0.02609198 0.00000000
v 0.03678391 0.02604541 0.00400000
v 0.03678391 0.02604541 0.00000000
v 0.03672154 0.02599567 0.00000000
v 0.03672154 0.02599567 0.00400000
v 0.03666172 0.02594288 0.00000000
v 0.03666172 0.02594288 0.00400000
v 0.03660461 0.02588718 0.00400000
v 0.03660461 0.02588718 0.00000000
v 0.03655035 0.02582870 0.00400000
v 0.03655035 0.02582870 0.00000000
v 0.03649907 0.02576758 0.00000000
v 0.03649907 0.02576758 0.00400000
v 0.03645090 0.02570399 0.00000000
v 0.03645090 0.02570399 0.00400000
v 0.03640596 0.02563807 0.00000000
v 0.03640596 0.02563807 0.00400000
v 0.03636436 0.02557000 0.00000000
v 0.03636436 0.02557000 0.00400000
v 0.03632621 0.02549994 0.00000000
v 0.03632621 0.02549994 0.00400000
v 0.03629159 0.02542806 0.00000000
v 0.03629159 0.02542806 0.00400000
v 0.03626060 0.02535455 0.00400000
v 0.03626060 0.02535455 0.00000000
v 0.03623332 0.02527958 0.00400000
v 0.03623332 0.02527958 0.00000000
v 0.03620980 0.02520334 0.00000000
v 0.03620980 0.02520334 0.00400000
v 0.03619012 0.02512603 0.00000000
v 0.03619012 0.02512603 0.00400000
v 0.03617431 0.02504784 0.00000000
v 0.03617431 0.02504784 0.00400000
v 0.03616242 0.02496895 0.00000000
v 0.03616242 0.02496895 0.00400000
v 0.03615447 0.02488957 0.00000000
v 0.03615447 0.02488957 0.00400000
v 0.03615050 0.02480989 0.00000000
v 0.03615050 0.02480989 0.00400000
v 0.03615050 0.02473011 0.00000000
v 0.03615050 0.02473011 0.00400000
v 0.03615447 0.02465043 0.00000000
v 0.03615447 0.02465043 0.00400000
v 0.03616242 0.02457105 0.00000000
v 0.03616242 0.02457105 0.00400000
v 0.03617431 0.02449216 0.00000000
v 0.03617431 0.02449216 0.00400000
v 0.03619012 0.02441397 0.00000000
v 0.03619012 0.02441397 0.00400000
v 0.03620980 0.02433666 0.00000000
v 0.03620980 0.02433666 0.00400000
v 0.03623332 0.02426042 0.00000000
v 0.03623332 0.02426042 0.00400000
v 0.03626060 0.02418545 0.00000000
v 0.03626060 0.02418545 0.00400000
v 0.03629159 0.02411194 0.00000000
v 0.03629159 0.02411194 0.00400000
v 0.03632621 0.02404006 0.00000000
v 0.03632621 0.02404006 0.00400000
v 0.03636436 0.02397000 0.00000000
v 0.03636436 0.02397000 0.00400000
v 0.03640596 0.02390193 0.00000000
v 0.03640596 0.02390193 0.00400000
v 0.03645090 0.02383601 0.00400000
v 0.03645090 0.02383601 0.00000000
v 0.03649907 0.02377242 0.00000000
v 0.03649907 0.02377242 0.00400000
v 0.03655035 0.02371130 0.00000000
v 0.03655035 0.02371130 0.00400000
v 0.03660461 0.02365282 0.00000000
v 0.03660461 0.02365282 0.00400000
v 0.03666172 0.02359712 0.00000000
v 0.03666172 0.02359712 0.00400000
v 0.03672154 0.02354433 0.00000000
v 0.03672154 0.02354433 0.00400000
v 0.03678391 0.02349459 0.00000000
v 0.03678391 0.02349459 0.00400000
v 0.03684869 0.02344802 0.00000000
v 0.03684869 0.02344802 0.00400000
v 0.03691570 0.02340473 0.00400000
v 0.03691570 0.02340473 0.00000000
v 0.03698479 0.02336485 0.00000000
v 0.03698479 0.02336485 0.00400000
v 0.03705579 0.02332845 0.00000000
v 0.03705579 0.02332845 0.00400000
v 0.03712850 0.02329564 0.00000000
v 0.03712850 0.02329564 0.00400000
v 0.03720277 0.02326649 0.00000000
v 0.03720277 0.02326649 0.00400000
v 0.03727839 0.02324108 0.00000000
v 0.03727839 0.02324108 0.00400000
v 0.03735519 0.02321948 0.00000000
v 0.03735519 0.02321948 0.00400000
v 0.03743297 0.02320172 0.00000000
v 0.03743297 0.02320172 0.00400000
v 0.03751153 0.02318787 0.00000000
v 0.03751153 0.02318787 0.00400000
v 0.03759069 0.02317795 0.00000000
v 0.03759069 0.02317795 0.00400000
v 0.03767025 0.02317199 0.00000000
v 0.03767025 0.02317199 0.00400000
v 0.03775000 0.02317000 0.00000000
v 0.03775000 0.02317000 0.00400000
v 0.03775000 0.03683000 0.00400000
v 0.03767025 0.03682801 0.00000000
v 0.03767025 0.03682801 0.00400000
v 0.03775000 0.03683000 0.00000000
v 0.03759069 0.03682205 0.00000000
v 0.03759069 0.03682205 0.00400000
v 0.03751153 0.03681213 0.00000000
v 0.03751153 0.03681213 0.00400000
v 0.03743297 0.03679828 0.00000000
v 0.03743297 0.03679828 0.00400000
v 0.03735519 0.03678052 0.00000000
v 0.03735519 0.03678052 0.00400000
v 0.03727839 0.03675892 0.00000000
v 0.03727839 0.03675892 0.00400000
v 0.03720277 0.03673351 0.00400000
v 0.03720277 0.03673351 0.00000000
v 0.03712850 0.03670436 0.00400000
v 0.03712850 0.03670436 0.00000000
v 0.03705579 0.03667155 0.00000000
v 0.03705579 0.03667155 0.00400000
v 0.03698479 0.03663515 0.00000000
v 0.03698479 0.03663515 0.00400000
v 0.03691570 0.03659527 0.00000000
v 0.03691570 0.03659527 0.00400000
v 0.03684869 0.03655198 0.00000000
v 0.03684869 0.03655198 0.00400000
v 0.03678391 0.03650541 0.00000000
v 0.03678391 0.03650541 0.00400000
v 0.03672154 0.03645567 0.00000000
v 0.03672154 0.03645567 0.00400000
v 0.03666172 0.03640288 0.00000000
v 0.03666172 0.03640288 0.00400000
v 0.03660461 0.03634718 0.00000000
v 0.03660461 0.03634718 0.00400000
v 0.03655035 0.03628870 0.00000000
v 0.03655035 0.03628870 0.00400000
v 0.03649907 0.03622758 0.00000000
v 0.03649907 0.03622758 0.00400000
v 0.03645090 0.03616399 0.00000000
v 0.03645090 0.03616399 0.00400000
v 0.03640596 0.03609807 0.00000000
v 0.03640596 0.03609807 0.00400000
v 0.03636436 0.03603000 0.00000000
v 0.03636436 0.03603000 0.00400000
v 0.03632621 0.03595994 0.00000000
v 0.03632621 0.03595994 0.00400000
v 0.03629159 0.03588806 0.00000000
v 0.03629159 0.03588806 0.00400000
v 0.03626060 0.03581455 0.00000000
v 0.03626060 0.03581455 0.00400000
v 0.03623332 0.03573958 0.00000000
v 0.03623332 0.03573958 0.00400000
v 0.03620980 0.03566334 0.00400000
v 0.03620980 0.03566334 0.00000000
v 0.03619012 0.03558603 0.00400000
v 0.03619012 0.03558603 0.00000000
v 0.03617431 0.03550784 0.00000000
v 0.03617431 0.03550784 0.00400000
v 0.03616242 0.03542895 0.00000000
v 0.03616242 0.03542895 0.00400000
v 0.03615447 0.03534957 0.00000000
v 0.03615447 0.03534957 0.00400000
v 0.03615050 0.03526989 0.00000000
v 0.03615050 0.03526989 0.00400000
v 0.03615050 0.03519011 0.00000000
v 0.03615050 0.03519011 0.00400000
v 0.03615447 0.03511043 0.00000000
v 0.03615447 0.03511043 0.00400000
v 0.03616242 0.03503105 0.00000000
v 0.03616242 0.03503105 0.00400000
v 0.03617431 0.03495216 0.00000000
v 0.03617431 0.03495216 0.00400000
v 0.03619012 0.03487397 0.00400000
v 0.03619012 0.03487397 0.00000000
v 0.03620980 0.03479666 0.00000000
v 0.03620980 0.03479666 0.00400000
v 0.03623332 0.03472042 0.00000000
v 0.03623332 0.03472042 0.00400000
v 0.03626060 0.03464545 0.00400000
v 0.03626060 0.03464545 0.00000000
v 0.03629159 0.03457194 0.00000000
v 0.03629159 0.03457194 0.00400000
v 0.03632621 0.03450006 0.00000000
v 0.03632621 0.03450006 0.00400000
v 0.03636436 0.03443000 0.00400000
v 0.03636436 0.03443000 0.00000000
v 0.03640596 0.03436193 0.00400000
v 0.03640596 0.03436193 0.00000000
v 0.03645090 0.03429601 0.00000000
v 0.03645090 0.03429601 0.00400000
v 0.03649907 0.03423242 0.00000000
v 0.03649907 0.03423242 0.00400000
v 0.03655035 0.03417130 0.00000000
v 0.03655035 0.03417130 0.00400000
v 0.03660461 0.03411282 0.00000000
v 0.03660461 0.03411282 0.00400000
v 0.03666172 0.03405712 0.00000000
v 0.03666172 0.03405712 0.00400000
v 0.03672154 0.03400433 0.00000000
v 0.03672154 0.03400433 0.00400000
v 0.03678391 0.03395459 0.00000000
v 0.03678391 0.03395459 0.00400000
v 0.03684869 0.03390802 0.00000000
v 0.03684869 0.03390802 0.00400000
v 0.03691570 0.03386473 0.00000000
v 0.03691570 0.03386473 0.00400000
v 0.03698479 0.03382485 0.00000000
v 0.03698479 0.03382485 0.00400000
v 0.03705579 0.03378845 0.00000000
v 0.03705579 0.03378845 0.00400000
v 0.03712850 0.03375564 0.00000000
v 0.03712850 0.03375564 0.00400000
v 0.03720277 0.03372649 0.00000000
v 0.03720277 0.03372649 0.00400000
v 0.03727839 0.03370108 0.00000000
v 0.03727839 0.03370108 0.00400000
v 0.03735519 0.03367948 0.00000000
v 0.03735519 0.03367948 0.00400000
v 0.03743297 0.03366172 0.00000000
v 0.03743297 0.03366172 0.00400000
v 0.03751153 0.03364787 0.00000000
v 0.03751153 0.03364787 0.00400000
v 0.03759069 0.03363795 0.00000000
v 0.03759069 0.03363795 0.00400000
v 0.03767025 0.03363199 0.00000000
v 0.03767025 0.03363199 0.00400000
v 0.03775000 0.03363000 0.00000000
v 0.03775000 0.03363000 0.00400000
v 0.05750000 0.05310000 0.00400000
v 0.05742025 0.05309801 0.00000000
v 0.05742025 0.05309801 0.00400000
v 0.05750000 0.05310000 0.00000000
v 0.05734069 0.05309205 0.00000000
v 0.05734069 0.05309205 0.00400000
v 0.05726153 0.05308213 0.00000000
v 0.05726153 0.05308213 0.00400000
v 0.05718297 0.05306828 0.00000000
v 0.05718297 0.05306828 0.00400000
v 0.05710519 0.05305052 0.00000000
v 0.05710519 0.05305052 0.00400000
v 0.05702839 0.05302892 0.00000000
v 0.05702839 0.05302892 0.00400000
v 0.05695277 0.05300351 0.00400000
v 0.05695277 0.05300351 0.00000000
v 0.05687850 0.05297436 0.00400000
v 0.05687850 0.05297436 0.00000000
v 0.05680579 0.05294155 0.00000000
v 0.05680579 0.05294155 0.00400000
v 0.05673479 0.05290515 0.00000000
v 0.05673479 0.05290515 0.00400000
v 0.05666570 0.05286527 0.00000000
v 0.05666570 0.05286527 0.00400000
v 0.05659869 0.05282198 0.00000000
v 0.05659869 0.05282198 0.00400000
v 0.05653391 0.05277541 0.00000000
v 0.05653391 0.05277541 0.00400000
v 0.05647154 0.05272567 0.00000000
v 0.05647154 0.05272567 0.00400000
v 0.05641172 0.05267288 0.00000000
v 0.05641172 0.05267288 0.00400000
v 0.05635461 0.05261718 0.00000000
v 0.05635461 0.05261718 0.00400000
v 0.05630035 0.05255870 0.00000000
v 0.05630035 0.05255870 0.00400000
v 0.05624907 0.05249758 0.00000000
v 0.05624907 0.05249758 0.00400000
v 0.05620090 0.05243399 0.00000000
v 0.05620090 0.05243399 0.00400000
v 0.05615596 0.05236807 0.00000000
v 0.05615596 0.05236807 0.00400000
v 0.05611436 0.05230000 0.00000000
v 0.05611436 0.05230000 0.00400000
v 0.05607621 0.05222994 0.00000000
v 0.05607621 0.05222994 0.00400000
v 0.05604159 0.05215806 0.00000000
v 0.05604159 0.05215806 0.00400000
v 0.05601060 0.05208455 0.00000000
v 0.05601060 0.05208455 0.00400000
v 0.05598332 0.05200958 0.00000000
v 0.05598332 0.05200958 0.00400000
v 0.05595980 0.05193334 0.00400000
v 0.05595980 0.05193334 0.00000000
v 0.05594012 0.05185603 0.00400000
v 0.05594012 0.05185603 0.00000000
v 0.05592431 0.05177784 0.00000000
v 0.05592431 0.05177784 0.00400000
v 0.05591242 0.05169895 0.00000000
v 0.05591242 0.05169895 0.00400000
v 0.05590447 0.05161957 0.00000000
v 0.05590447 0.05161957 0.00400000
v 0.05590050 0.05153989 0.00000000
v 0.05590050 0.05153989 0.00400000
v 0.05590050 0.05146011 0.00000000
v 0.05590050 0.05146011 0.00400000
v 0.05590447 0.05138043 0.00000000
v 0.05590447 0.05138043 0.00400000
v 0.05591242 0.05130105 0.00000000
v 0.05591242 0.05130105 0.00400000
v 0.05592431 0.05122216 0.00000000
v 0.05592431 0.05122216 0.00400000
v 0.05594012 0.05114397 0.00400000
v 0.05594012 0.05114397 0.00000000
v 0.05595980 0.05106666 0.00000000
v 0.05595980 0.05106666 0.00400000
v 0.05598332 0.05099042 0.00000000
v 0.05598332 0.05099042 0.00400000
v 0.05601060 0.05091545 0.00400000
v 0.05601060 0.05091545 0.00000000
v 0.05604159 0.05084194 0.00000000
v 0.05604159 0.05084194 0.00400000
v 0.05607621 0.05077006 0.00000000
v 0.05607621 0.05077006 0.00400000
v 0.05611436 0.05070000 0.00400000
v 0.05611436 0.05070000 0.00000000
v 0.05615596 0.05063193 0.00400000
v 0.05615596 0.05063193 0.00000000
v 0.05620090 0.05056601 0.00000000
v 0.05620090 0.05056601 0.00400000
v 0.05624907 0.05050242 0.00000000
v 0.05624907 0.05050242 0.00400000
v 0.05630035 0.05044130 0.00000000
v 0.05630035 0.05044130 0.00400000
v 0.05635461 0.05038282 0.00000000
v 0.05635461 0.05038282 0.00400000
v 0.05641172 0.05032712 0.00000000
v 0.05641172 0.05032712 0.00400000
v 0.05647154 0.05027433 0.00000000
v 0.05647154 0.05027433 0.00400000
v 0.05653391 0.05022459 0.00000000
v 0.05653391 0.05022459 0.00400000
v 0.05659869 0.05017802 0.00000000
v 0.05659869 0.05017802 0.00400000
v 0.05666570 0.05013473 0.00000000
v 0.05666570 0.05013473 0.00400000
v 0.05673479 0.05009485 0.00000000
v 0.05673479 0.05009485 0.00400000
v 0.05680579 0.05005845 0.00000000
v 0.05680579 0.05005845 0.00400000
v 0.05687850 0.05002564 0.00000000
v 0.05687850 0.05002564 0.00400000
v 0.05695277 0.04999649 0.00000000
v 0.05695277 0.04999649 0.00400000
v 0.05702839 0.04997108 0.00000000
v 0.05702839 0.04997108 0.00400000
v 0.05710519 0.04994948 0.00000000
v 0.05710519 0.04994948 0.00400000
v 0.05718297 0.04993172 0.00000000
v 0.05718297 0.04993172 0.00400000
v 0.05726153 0.04991787 0.00000000
v 0.05726153 0.04991787 0.00400000
v 0.05734069 0.04990795 0.00000000
v 0.05734069 0.04990795 0.00400000
v 0.05742025 0.04990199 0.00000000
v 0.05742025 0.04990199 0.00400000
v 0.05750000 0.04990000 0.00000000
v 0.05750000 0.04990000 0.00400000
v -0.05750000 0.05310000 0.00400000
v -0.05757975 0.05309801 0.00000000
v -0.05757975 0.05309801 0.00400000
v -0.05750000 0.05310000 0.00000000
v -0.05765931 0.05309205 0.00000000
v -0.05765931 0.05309205 0.00400000
v -0.05773847 0.05308213 0.00000000
v -0.05773847 0.05308213 0.00400000
v -0.05781703 0.05306828 0.00000000
v -0.05781703 0.05306828 0.00400000
v -0.05789481 0.05305052 0.00000000
v -0.05789481 0.05305052 0.00400000
v -0.05797161 0.05302892 0.00000000
v -0.05797161 0.05302892 0.00400000
v -0.05804723 0.05300351 0.00400000
v -0.05804723 0.05300351 0.00000000
v -0.05812150 0.05297436 0.00400000
v -0.05812150 0.05297436 0.00000000
v -0.05819421 0.05294155 0.00400000
v -0.05819421 0.05294155 0.00000000
v -0.05826521 0.05290515 0.00400000
v -0.05826521 0.05290515 0.00000000
v -0.05833430 0.05286527 0.00000000
v -0.05833430 0.05286527 0.00400000
v -0.05840131 0.05282198 0.00400000
v -0.05840131 0.05282198 0.00000000
v -0.05846609 0.05277541 0.00400000
v -0.05846609 0.05277541 0.00000000
v -0.05852846 0.05272567 0.00000000
v -0.05852846 0.05272567 0.00400000
v -0.05858828 0.05267288 0.00000000
v -0.05858828 0.05267288 0.00400000
v -0.05864539 0.05261718 0.00400000
v -0.05864539 0.05261718 0.00000000
v -0.05869965 0.05255870 0.00400000
v -0.05869965 0.05255870 0.00000000
v -0.05875093 0.05249758 0.00000000
v -0.05875093 0.05249758 0.00400000
v -0.05879910 0.05243399 0.00000000
v -0.05879910 0.05243399 0.00400000
v -0.05884404 0.05236807 0.00000000
v -0.05884404 0.05236807 0.00400000
v -0.05888564 0.05230000 0.00000000
v -0.05888564 0.05230000 0.00400000
v -0.05892379 0.05222994 0.00000000
v -0.05892379 0.05222994 0.00400000
v -0.05895841 0.05215806 0.00000000
v -0.05895841 0.05215806 0.00400000
v -0.05898940 0.05208455 0.00400000
v -0.05898940 0.05208455 0.00000000
v -0.05901668 0.05200958 0.00400000
v -0.05901668 0.05200958 0.00000000
v -0.05904020 0.05193334 0.00000000
v -0.05904020 0.05193334 0.00400000
v -0.05905988 0.05185603 0.00000000
v -0.05905988 0.05185603 0.00400000
v -0.05907569 0.05177784 0.00000000
v -0.05907569 0.05177784 0.00400000
v -0.05908758 0.05169895 0.00000000
v -0.05908758 0.05169895 0.00400000
v -0.05909553 0.05161957 0.00000000
v -0.05909553 0.05161957 0.00400000
v -0.05909950 0.05153989 0.00000000
v -0.05909950 0.05153989 0.00400000
v -0.05909950 0.05146011 0.00000000
v -0.05909950 0.05146011 0.00400000
v -0.05909553 0.05138043 0.00000000
v -0.05909553 0.05138043 0.00400000
v -0.05908758 0.05130105 0.00000000
v -0.05908758 0.05130105 0.00400000
v -0.05907569 0.05122216 0.00000000
v -0.05907569 0.05122216 0.00400000
v -0.05905988 0.05114397 0.00000000
v -0.05905988 0.05114397 0.00400000
v -0.05904020 0.05106666 0.00000000
v -0.05904020 0.05106666 0.00400000
v -0.05901668 0.05099042 0.00000000
v -0.05901668 0.05099042 0.00400000
v -0.05898940 0.05091545 0.00000000
v -0.05898940 0.05091545 0.00400000
v -0.05895841 0.05084194 0.00000000
v -0.05895841 0.05084194 0.00400000
v -0.05892379 0.05077006 0.00000000
v -0.05892379 0.05077006 0.00400000
v -0.05888564 0.05070000 0.00000000
v -0.05888564 0.05070000 0.00400000
v -0.05884404 0.05063193 0.00000000
v -0.05884404 0.05063193 0.00400000
v -0.05879910 0.05056601 0.00400000
v -0.05879910 0.05056601 0.00000000
v -0.05875093 0.05050242 0.00000000
v -0.05875093 0.05050242 0.00400000
v -0.05869965 0.05044130 0.00000000
v -0.05869965 0.05044130 0.00400000
v -0.05864539 0.05038282 0.00000000
v -0.05864539 0.05038282 0.00400000
v -0.05858828 0.05032712 0.00000000
v -0.05858828 0.05032712 0.00400000
v -0.05852846 0.05027433 0.00000000
v -0.05852846 0.05027433 0.00400000
v -0.05846609 0.05022459 0.00000000
v -0.05846609 0.05022459 0.00400000
v -0.05840131 0.05017802 0.00000000
v -0.05840131 0.05017802 0.00400000
v -0.05833430 0.05013473 0.00400000
v -0.05833430 0.05013473 0.00000000
v -0.05826521 0.05009485 0.00000000
v -0.05826521 0.05009485 0.00400000
v -0.05819421 0.05005845 0.00000000
v -0.05819421 0.05005845 0.00400000
v -0.05812150 0.05002564 0.00000000
v -0.05812150 0.05002564 0.00400000
v -0.05804723 0.04999649 0.00000000
v -0.05804723 0.04999649 0.00400000
v -0.05797161 0.04997108 0.00000000
v -0.05797161 0.04997108 0.00400000
v -0.05789481 0.04994948 0.00000000
v -0.05789481 0.04994948 0.00400000
v -0.05781703 0.04993172 0.00000000
v -0.05781703 0.04993172 0.00400000
v -0.05773847 0.04991787 0.00000000
v -0.05773847 0.04991787 0.00400000
v -0.05765931 0.04990795 0.00000000
v -0.05765931 0.04990795 0.00400000
v -0.05757975 0.04990199 0.00000000
v -0.05757975 0.04990199 0.00400000
v -0.05750000 0.04990000 0.00000000
v -0.05750000 0.04990000 0.00400000
v -0.03775000 0.03683000 0.00400000
v -0.03782975 0.03682801 0.00000000
v -0.03782975 0.03682801 0.00400000
v -0.03775000 0.03683000 0.00000000
v -0.03790931 0.03682205 0.00000000
v -0.03790931 0.03682205 0.00400000
v -0.03798847 0.03681213 0.00000000
v -0.03798847 0.03681213 0.00400000
v -0.03806703 0.03679828 0.00000000
v -0.03806703 0.03679828 0.00400000
v -0.03814481 0.03678052 0.00000000
v -0.03814481 0.03678052 0.00400000
v -0.03822161 0.03675892 0.00000000
v -0.03822161 0.03675892 0.00400000
v -0.03829723 0.03673351 0.00400000
v -0.03829723 0.03673351 0.00000000
v -0.03837150 0.03670436 0.00400000
v -0.03837150 0.03670436 0.00000000
v -0.03844421 0.03667155 0.00400000
v -0.03844421 0.03667155 0.00000000
v -0.03851521 0.03663515 0.00400000
v -0.03851521 0.03663515 0.00000000
v -0.03858430 0.03659527 0.00000000
v -0.03858430 0.03659527 0.00400000
v -0.03865131 0.03655198 0.00400000
v -0.03865131 0.03655198 0.00000000
v -0.03871609 0.03650541 0.00400000
v -0.03871609 0.03650541 0.00000000
v -0.03877846 0.03645567 0.00000000
v -0.03877846 0.03645567 0.00400000
v -0.03883828 0.03640288 0.00000000
v -0.03883828 0.03640288 0.00400000
v -0.03889539 0.03634718 0.00400000
v -0.03889539 0.03634718 0.00000000
v -0.03894965 0.03628870 0.00400000
v -0.03894965 0.03628870 0.00000000
v -0.03900093 0.03622758 0.00000000
v -0.03900093 0.03622758 0.00400000
v -0.03904910 0.03616399 0.00000000
v -0.03904910 0.03616399 0.00400000
v -0.03909404 0.03609807 0.00000000
v -0.03909404 0.03609807 0.00400000
v -0.03913564 0.03603000 0.00000000
v -0.03913564 0.03603000 0.00400000
v -0.03917379 0.03595994 0.00000000
v -0.03917379 0.03595994 0.00400000
v -0.03920841 0.03588806 0.00000000
v -0.03920841 0.03588806 0.00400000
v -0.03923940 0.03581455 0.00400000
v -0.03923940 0.03581455 0.00000000
v -0.03926668 0.03573958 0.00400000
v -0.03926668 0.03573958 0.00000000
v -0.03929020 0.03566334 0.00000000
v -0.03929020 0.03566334 0.00400000
v -0.03930988 0.03558603 0.00000000
v -0.03930988 0.03558603 0.00400000
v -0.03932569 0.03550784 0.00000000
v -0.03932569 0.03550784 0.00400000
v -0.03933758 0.03542895 0.00000000
v -0.03933758 0.03542895 0.00400000
v -0.03934553 0.03534957 0.00000000
v -0.03934553 0.03534957 0.00400000
v -0.03934950 0.03526989 0.00000000
v -0.03934950 0.03526989 0.00400000
v -0.03934950 0.03519011 0.00000000
v -0.03934950 0.03519011 0.00400000
v -0.03934553 0.03511043 0.00000000
v -0.03934553 0.03511043 0.00400000
v -0.03933758 0.03503105 0.00000000
v -0.03933758 0.03503105 0.00400000
v -0.03932569 0.03495216 0.00000000
v -0.03932569 0.03495216 0.00400000
v -0.03930988 0.03487397 0.00000000
v -0.03930988 0.03487397 0.00400000
v -0.03929020 0.03479666 0.00000000
v -0.03929020 0.03479666 0.00400000
v -0.03926668 0.03472042 0.00000000
v -0.03926668 0.03472042 0.00400000
v -0.03923940 0.03464545 0.00000000
v -0.03923940 0.03464545 0.00400000
v -0.03920841 0.03457194 0.00000000
v -0.03920841 0.03457194 0.00400000
v -0.03917379 0.03450006 0.00000000
v -0.03917379 0.03450006 0.00400000
v -0.03913564 0.03443000 0.00000000
v -0.03913564 0.03443000 0.00400000
v -0.03909404 0.03436193 0.00000000
v -0.03909404 0.03436193 0.00400000
v -0.03904910 0.03429601 0.00400000
v -0.03904910 0.03429601 0.00000000
v -0.03900093 0.03423242 0.00000000
v -0.03900093 0.03423242 0.00400000
v -0.03894965 0.03417130 0.00000000
v -0.03894965 0.03417130 0.00400000
v -0.03889539 0.03411282 0.00000000
v -0.03889539 0.03411282 0.00400000
v -0.03883828 0.03405712 0.00000000
v -0.03883828 0.03405712 0.00400000
v -0.03877846 0.03400433 0.00000000
v -0.03877846 0.03400433 0.00400000
v -0.03871609 0.03395459 0.00000000
v -0.03871609 0.03395459 0.00400000
v -0.03865131 0.03390802 0.00000000
v -0.03865131 0.03390802 0.00400000
v -0.03858430 0.03386473 0.00400000
v -0.03858430 0.03386473 0.00000000
v -0.03851521 0.03382485 0.00000000
v -0.03851521 0.03382485 0.00400000
v -0.03844421 0.03378845 0.00000000
v -0.03844421 0.03378845 0.00400000
v -0.03837150 0.03375564 0.00000000
v -0.03837150 0.03375564 0.00400000
v -0.03829723 0.03372649 0.00000000
v -0.03829723 0.03372649 0.00400000
v -0.03822161 0.03370108 0.00000000
v -0.03822161 0.03370108 0.00400000
v -0.03814481 0.03367948 0.00000000
v -0.03814481 0.03367948 0.00400000
v -0.03806703 0.03366172 0.00000000
v -0.03806703 0.03366172 0.00400000
v -0.03798847 0.03364787 0.00000000
v -0.03798847 0.03364787 0.00400000
v -0.03790931 0.03363795 0.00000000
v -0.03790931 0.03363795 0.00400000
v -0.03782975 0.03363199 0.00000000
v -0.03782975 0.03363199 0.00400000
v -0.03775000 0.03363000 0.00000000
v -0.03775000 0.03363000 0.00400000
v -0.03775000 0.02637000 0.00400000
v -0.03782975 0.02636801 0.00000000
v -0.03782975 0.02636801 0.00400000
v -0.03775000 0.02637000 0.00000000
v -0.03790931 0.02636205 0.00000000
v -0.03790931 0.02636205 0.00400000
v -0.03798847 0.02635213 0.00000000
v -0.03798847 0.02635213 0.00400000
v -0.03806703 0.02633828 0.00000000
v -0.03806703 0.02633828 0.00400000
v -0.03814481 0.02632052 0.00000000
v -0.03814481 0.02632052 0.00400000
v -0.03822161 0.02629892 0.00000000
v -0.03822161 0.02629892 0.00400000
v -0.03829723 0.02627351 0.00400000
v -0.03829723 0.02627351 0.00000000
v -0.03837150 0.02624436 0.00400000
v -0.03837150 0.02624436 0.00000000
v -0.03844421 0.02621155 0.00000000
v -0.03844421 0.02621155 0.00400000
v -0.03851521 0.02617515 0.00000000
v -0.03851521 0.02617515 0.00400000
v -0.03858430 0.02613527 0.00000000
v -0.03858430 0.02613527 0.00400000
v -0.03865131 0.02609198 0.00000000
v -0.03865131 0.02609198 0.00400000
v -0.03871609 0.02604541 0.00000000
v -0.03871609 0.02604541 0.00400000
v -0.03877846 0.02599567 0.00000000
v -0.03877846 0.02599567 0.00400000
v -0.03883828 0.02594288 0.00000000
v -0.03883828 0.02594288 0.00400000
v -0.03889539 0.02588718 0.00000000
v -0.03889539 0.02588718 0.00400000
v -0.03894965 0.02582870 0.00000000
v -0.03894965 0.02582870 0.00400000
v -0.03900093 0.02576758 0.00000000
v -0.03900093 0.02576758 0.00400000
v -0.03904910 0.02570399 0.00000000
v -0.03904910 0.02570399 0.00400000
v -0.03909404 0.02563807 0.00000000
v -0.03909404 0.02563807 0.00400000
v -0.03913564 0.02557000 0.00000000
v -0.03913564 0.02557000 0.00400000
v -0.03917379 0.02549994 0.00000000
v -0.03917379 0.02549994 0.00400000
v -0.03920841 0.02542806 0.00000000
v -0.03920841 0.02542806 0.00400000
v -0.03923940 0.02535455 0.00000000
v -0.03923940 0.02535455 0.00400000
v -0.03926668 0.02527958 0.00000000
v -0.03926668 0.02527958 0.00400000
v -0.03929020 0.02520334 0.00400000
v -0.03929020 0.02520334 0.00000000
v -0.03930988 0.02512603 0.00400000
v -0.03930988 0.02512603 0.00000000
v -0.03932569 0.02504784 0.00000000
v -0.03932569 0.02504784 0.00400000
v -0.03933758 0.02496895 0.00000000
v -0.03933758 0.02496895 0.00400000
v -0.03934553 0.02488957 0.00000000
v -0.03934553 0.02488957 0.00400000
v -0.03934950 0.02480989 0.00000000
v -0.03934950 0.02480989 0.00400000
v -0.03934950 0.02473011 0.00000000
v -0.03934950 0.02473011 0.00400000
v -0.03934553 0.02465043 0.00000000
v -0.03934553 0.02465043 0.00400000
v -0.03933758 0.02457105 0.00000000
v -0.03933758 0.02457105 0.00400000
v -0.03932569 0.02449216 0.00000000
v -0.03932569 0.02449216 0.00400000
v -0.03930988 0.02441397 0.00400000
v -0.03930988 0.02441397 0.00000000
v -0.03929020 0.02433666 0.00000000
v -0.03929020 0.02433666 0.00400000
v -0.03926668 0.02426042 0.00000000
v -0.03926668 0.02426042 0.00400000
v -0.03923940 0.02418545 0.00400000
v -0.03923940 0.02418545 0.00000000
v -0.03920841 0.02411194 0.00000000
v -0.03920841 0.02411194 0.00400000
v -0.03917379 0.02404006 0.00000000
v -0.03917379 0.02404006 0.00400000
v -0.03913564 0.02397000 0.00400000
v -0.03913564 0.02397000 0.00000000
v -0.03909404 0.02390193 0.00400000
v -0.03909404 0.02390193 0.00000000
v -0.03904910 0.02383601 0.00000000
v -0.03904910 0.02383601 0.00400000
v -0.03900093 0.02377242 0.00000000
v -0.03900093 0.02377242 0.00400000
v -0.03894965 0.02371130 0.00000000
v -0.03894965 0.02371130 0.00400000
v -0.03889539 0.02365282 0.00000000
v -0.03889539 0.02365282 0.00400000
v -0.03883828 0.02359712 0.00000000
v -0.03883828 0.02359712 0.00400000
v -0.03877846 0.02354433 0.00000000
v -0.03877846 0.02354433 0.00400000
v -0.03871609 0.02349459 0.00000000
v -0.03871609 0.02349459 0.00400000
v -0.03865131 0.02344802 0.00000000
v -0.03865131 0.02344802 0.00400000
v -0.03858430 0.02340473 0.00000000
v -0.03858430 0.02340473 0.00400000
v -0.03851521 0.02336485 0.00000000
v -0.03851521 0.02336485 0.00400000
v -0.03844421 0.02332845 0.00000000
v -0.03844421 0.02332845 0.00400000
v -0.03837150 0.02329564 0.00000000
v -0.03837150 0.02329564 0.00400000
v -0.03829723 0.02326649 0.00000000
v -0.03829723 0.02326649 0.00400000
v -0.03822161 0.02324108 0.00000000
v -0.03822161 0.02324108 0.00400000
v -0.03814481 0.02321948 0.00000000
v -0.03814481 0.02321948 0.00400000
v -0.03806703 0.02320172 0.00000000
v -0.03806703 0.02320172 0.00400000
v -0.03798847 0.02318787 0.00000000
v -0.03798847 0.02318787 0.00400000
v -0.03790931 0.02317795 0.00000000
v -0.03790931 0.02317795 0.00400000
v -0.03782975 0.02317199 0.00000000
v -0.03782975 0.02317199 0.00400000
v -0.03775000 0.02317000 0.00000000
v -0.03775000 0.02317000 0.00400000
v -0.05750000 0.01010000 0.00400000
v -0.05757975 0.01009801 0.00000000
v -0.05757975 0.01009801 0.00400000
v -0.05750000 0.01010000 0.00000000
v -0.05765931 0.01009205 0.00000000
v -0.05765931 0.01009205 0.00400000
v -0.05773847 0.01008213 0.00000000
v -0.05773847 0.01008213 0.00400000
v -0.05781703 0.01006828 0.00000000
v -0.05781703 0.01006828 0.00400000
v -0.05789481 0.01005052 0.00000000
v -0.05789481 0.01005052 0.00400000
v -0.05797161 0.01002892 0.00000000
v -0.05797161 0.01002892 0.00400000
v -0.05804723 0.01000351 0.00400000
v -0.05804723 0.01000351 0.00000000
v -0.05812150 0.00997436 0.00400000
v -0.05812150 0.00997436 0.00000000
v -0.05819421 0.00994155 0.00000000
v -0.05819421 0.00994155 0.00400000
v -0.05826521 0.00990515 0.00000000
v -0.05826521 0.00990515 0.00400000
v -0.05833430 0.00986527 0.00000000
v -0.05833430 0.00986527 0.00400000
v -0.05840131 0.00982198 0.00000000
v -0.05840131 0.00982198 0.00400000
v -0.05846609 0.00977541 0.00000000
v -0.05846609 0.00977541 0.00400000
v -0.05852846 0.00972567 0.00000000
v -0.05852846 0.00972567 0.00400000
v -0.05858828 0.00967288 0.00000000
v -0.05858828 0.00967288 0.00400000
v -0.05864539 0.00961718 0.00000000
v -0.05864539 0.00961718 0.00400000
v -0.05869965 0.00955870 0.00000000
v -0.05869965 0.00955870 0.00400000
v -0.05875093 0.00949758 0.00000000
v -0.05875093 0.00949758 0.00400000
v -0.05879910 0.00943399 0.00000000
v -0.05879910 0.00943399 0.00400000
v -0.05884404 0.00936807 0.00000000
v -0.05884404 0.00936807 0.00400000
v -0.05888564 0.00930000 0.00000000
v -0.05888564 0.00930000 0.00400000
v -0.05892379 0.00922994 0.00000000
v -0.05892379 0.00922994 0.00400000
v -0.05895841 0.00915806 0.00000000
v -0.05895841 0.00915806 0.00400000
v -0.05898940 0.00908455 0.00000000
v -0.05898940 0.00908455 0.00400000
v -0.05901668 0.00900958 0.00000000
v -0.05901668 0.00900958 0.00400000
v -0.05904020 0.00893334 0.00400000
v -0.05904020 0.00893334 0.00000000
v -0.05905988 0.00885603 0.00400000
v -0.05905988 0.00885603 0.00000000
v -0.05907569 0.00877784 0.00000000
v -0.05907569 0.00877784 0.00400000
v -0.05908758 0.00869895 0.00000000
v -0.05908758 0.00869895 0.00400000
v -0.05909553 0.00861957 0.00000000
v -0.05909553 0.00861957 0.00400000
v -0.05909950 0.00853989 0.00000000
v -0.05909950 0.00853989 0.00400000
v -0.05909950 0.00846011 0.00000000
v -0.05909950 0.00846011 0.00400000
v -0.05909553 0.00838043 0.00000000
v -0.05909553 0.00838043 0.00400000
v -0.05908758 0.00830105 0.00000000
v -0.05908758 0.00830105 0.00400000
v -0.05907569 0.00822216 0.00000000
v -0.05907569 0.00822216 0.00400000
v -0.05905988 0.00814397 0.00400000
v -0.05905988 0.00814397 0.00000000
v -0.05904020 0.00806666 0.00000000
v -0.05904020 0.00806666 0.00400000
v -0.05901668 0.00799042 0.00000000
v -0.05901668 0.00799042 0.00400000
v -0.05898940 0.00791545 0.00400000
v -0.05898940 0.00791545 0.00000000
v -0.05895841 0.00784194 0.00000000
v -0.05895841 0.00784194 0.00400000
v -0.05892379 0.00777006 0.00000000
v -0.05892379 0.00777006 0.00400000
v -0.05888564 0.00770000 0.00400000
v -0.05888564 0.00770000 0.00000000
v -0.05884404 0.00763193 0.00400000
v -0.05884404 0.00763193 0.00000000
v -0.05879910 0.00756601 0.00000000
v -0.05879910 0.00756601 0.00400000
v -0.05875093 0.00750242 0.00000000
v -0.05875093 0.00750242 0.00400000
v -0.05869965 0.00744130 0.00000000
v -0.05869965 0.00744130 0.00400000
v -0.05864539 0.00738282 0.00000000
v -0.05864539 0.00738282 0.00400000
v -0.05858828 0.00732712 0.00000000
v -0.05858828 0.00732712 0.00400000
v -0.05852846 0.00727433 0.00000000
v -0.05852846 0.00727433 0.00400000
v -0.05846609 0.00722459 0.00000000
v -0.05846609 0.00722459 0.00400000
v -0.05840131 0.00717802 0.00000000
v -0.05840131 0.00717802 0.00400000
v -0.05833430 0.00713473 0.00000000
v -0.05833430 0.00713473 0.00400000
v -0.05826521 0.00709485 0.00000000
v -0.05826521 0.00709485 0.00400000
v -0.05819421 0.00705845 0.00000000
v -0.05819421 0.00705845 0.00400000
v -0.05812150 0.00702564 0.00000000
v -0.05812150 0.00702564 0.00400000
v -0.05804723 0.00699649 0.00000000
v -0.05804723 0.00699649 0.00400000
v -0.05797161 0.00697108 0.00000000
v -0.05797161 0.00697108 0.00400000
v -0.05789481 0.00694948 0.00000000
v -0.05789481 0.00694948 0.00400000
v -0.05781703 0.00693172 0.00000000
v -0.05781703 0.00693172 0.00400000
v -0.05773847 0.00691787 0.00000000
v -0.05773847 0.00691787 0.00400000
v -0.05765931 0.00690795 0.00000000
v -0.05765931 0.00690795 0.00400000
v -0.05757975 0.00690199 0.00000000
v -0.05757975 0.00690199 0.00400000
v -0.05750000 0.00690000 0.00000000
v -0.05750000 0.00690000 0.00400000
v -0.03775000 -0.02317000 0.00400000
v -0.03782975 -0.02317199 0.00000000
v -0.03782975 -0.02317199 0.00400000
v -0.03775000 -0.02317000 0.00000000
v -0.03790931 -0.02317795 0.00000000
v -0.03790931 -0.02317795 0.00400000
v -0.03798847 -0.02318787 0.00000000
v -0.03798847 -0.02318787 0.00400000
v -0.03806703 -0.02320172 0.00000000
v -0.03806703 -0.02320172 0.00400000
v -0.03814481 -0.02321948 0.00000000
v -0.03814481 -0.02321948 0.00400000
v -0.03822161 -0.02324108 0.00000000
v -0.03822161 -0.02324108 0.00400000
v -0.03829723 -0.02326649 0.00400000
v -0.03829723 -0.02326649 0.00000000
v -0.03837150 -0.02329564 0.00400000
v -0.03837150 -0.02329564 0.00000000
v -0.03844421 -0.02332845 0.00400000
v -0.03844421 -0.02332845 0.00000000
v -0.03851521 -0.02336485 0.00400000
v -0.03851521 -0.02336485 0.00000000
v -0.03858430 -0.02340473 0.00000000
v -0.03858430 -0.02340473 0.00400000
v -0.03865131 -0.02344802 0.00400000
v -0.03865131 -0.02344802 0.00000000
v -0.03871609 -0.02349459 0.00400000
v -0.03871609 -0.02349459 0.00000000
v -0.03877846 -0.02354433 0.00000000
v -0.03877846 -0.02354433 0.00400000
v -0.03883828 -0.02359712 0.00000000
v -0.03883828 -0.02359712 0.00400000
v -0.03889539 -0.02365282 0.00400000
v -0.03889539 -0.02365282 0.00000000
v -0.03894965 -0.02371130 0.00400000
v -0.03894965 -0.02371130 0.00000000
v -0.03900093 -0.02377242 0.00000000
v -0.03900093 -0.02377242 0.00400000
v -0.03904910 -0.02383601 0.00000000
v -0.03904910 -0.02383601 0.00400000
v -0.03909404 -0.02390193 0.00000000
v -0.03909404 -0.02390193 0.00400000
v -0.03913564 -0.02397000 0.00000000
v -0.03913564 -0.02397000 0.00400000
v -0.03917379 -0.02404006 0.00000000
v -0.03917379 -0.02404006 0.00400000
v -0.03920841 -0.02411194 0.00000000
v -0.03920841 -0.02411194 0.00400000
v -0.03923940 -0.02418545 0.00400000
v -0.03923940 -0.02418545 0.00000000
v -0.03926668 -0.02426042 0.00400000
v -0.03926668 -0.02426042 0.00000000
v -0.03929020 -0.02433666 0.00000000
v -0.03929020 -0.02433666 0.00400000
v -0.03930988 -0.02441397 0.00000000
v -0.03930988 -0.02441397 0.00400000
v -0.03932569 -0.02449216 0.00000000
v -0.03932569 -0.02449216 0.00400000
v -0.03933758 -0.02457105 0.00000000
v -0.03933758 -0.02457105 0.00400000
v -0.03934553 -0.02465043 0.00000000
v -0.03934553 -0.02465043 0.00400000
v -0.03934950 -0.02473011 0.00000000
v -0.03934950 -0.02473011 0.00400000
v -0.03934950 -0.02480989 0.00000000
v -0.03934950 -0.02480989 0.00400000
v -0.03934553 -0.02488957 0.00000000
v -0.03934553 -0.02488957 0.00400000
v -0.03933758 -0.02496895 0.00000000
v -0.03933758 -0.02496895 0.00400000
v -0.03932569 -0.02504784 0.00000000
v -0.03932569 -0.02504784 0.00400000
v -0.03930988 -0.02512603 0.00000000
v -0.03930988 -0.02512603 0.00400000
v -0.03929020 -0.02520334 0.00000000
v -0.03929020 -0.02520334 0.00400000
v -0.03926668 -0.02527958 0.00000000
v -0.03926668 -0.02527958 0.00400000
v -0.03923940 -0.02535455 0.00000000
v -0.03923940 -0.02535455 0.00400000
v -0.03920841 -0.02542806 0.00000000
v -0.03920841 -0.02542806 0.00400000
v -0.03917379 -0.02549994 0.00000000
v -0.03917379 -0.02549994 0.00400000
v -0.03913564 -0.02557000 0.00000000
v -0.03913564 -0.02557000 0.00400000
v -0.03909404 -0.02563807 0.00000000
v -0.03909404 -0.02563807 0.00400000
v -0.03904910 -0.02570399 0.00400000
v -0.03904910 -0.02570399 0.00000000
v -0.03900093 -0.02576758 0.00000000
v -0.03900093 -0.02576758 0.00400000
v -0.03894965 -0.02582870 0.00000000
v -0.03894965 -0.02582870 0.00400000
v -0.03889539 -0.02588718 0.00000000
v -0.03889539 -0.02588718 0.00400000
v -0.03883828 -0.02594288 0.00000000
v -0.03883828 -0.02594288 0.00400000
v -0.03877846 -0.02599567 0.00000000
v -0.03877846 -0.02599567 0.00400000
v -0.03871609 -0.02604541 0.00000000
v -0.03871609 -0.02604541 0.00400000
v -0.03865131 -0.02609198 0.00000000
v -0.03865131 -0.02609198 0.00400000
v -0.03858430 -0.02613527 0.00400000
v -0.03858430 -0.02613527 0.00000000
v -0.03851521 -0.02617515 0.00000000
v -0.03851521 -0.02617515 0.00400000
v -0.03844421 -0.02621155 0.00000000
v -0.03844421 -0.02621155 0.00400000
v -0.03837150 -0.02624436 0.00000000
v -0.03837150 -0.02624436 0.00400000
v -0.03829723 -0.02627351 0.00000000
v -0.03829723 -0.02627351 0.00400000
v -0.03822161 -0.02629892 0.00000000
v -0.03822161 -0.02629892 0.00400000
v -0.03814481 -0.02632052 0.00000000
v -0.03814481 -0.02632052 0.00400000
v -0.03806703 -0.02633828 0.00000000
v -0.03806703 -0.02633828 0.00400000
v -0.03798847 -0.02635213 0.00000000
v -0.03798847 -0.02635213 0.00400000
v -0.03790931 -0.02636205 0.00000000
v -0.03790931 -0.02636205 0.00400000
v -0.03782975 -0.02636801 0.00000000
v -0.03782975 -0.02636801 0.00400000
v -0.03775000 -0.02637000 0.00000000
v -0.03775000 -0.02637000 0.00400000
v -0.03775000 -0.03363000 0.00400000
v -0.03782975 -0.03363199 0.00000000
v -0.03782975 -0.03363199 0.00400000
v -0.03775000 -0.03363000 0.00000000
v -0.03790931 -0.03363795 0.00000000
v -0.03790931 -0.03363795 0.00400000
v -0.03798847 -0.03364787 0.00000000
v -0.03798847 -0.03364787 0.00400000
v -0.03806703 -0.03366172 0.00000000
v -0.03806703 -0.03366172 0.00400000
v -0.03814481 -0.03367948 0.00000000
v -0.03814481 -0.03367948 0.00400000
v -0.03822161 -0.03370108 0.00000000
v -0.03822161 -0.03370108 0.00400000
v -0.03829723 -0.03372649 0.00400000
v -0.03829723 -0.03372649 0.00000000
v -0.03837150 -0.03375564 0.00400000
v -0.03837150 -0.03375564 0.00000000
v -0.03844421 -0.03378845 0.00000000
v -0.03844421 -0.03378845 0.00400000
v -0.03851521 -0.03382485 0.00000000
v -0.03851521 -0.03382485 0.00400000
v -0.03858430 -0.03386473 0.00000000
v -0.03858430 -0.03386473 0.00400000
v -0.03865131 -0.03390802 0.00000000
v -0.03865131 -0.03390802 0.00400000
v -0.03871609 -0.03395459 0.00000000
v -0.03871609 -0.03395459 0.00400000
v -0.03877846 -0.03400433 0.00000000
v -0.03877846 -0.03400433 0.00400000
v -0.03883828 -0.03405712 0.00000000
v -0.03883828 -0.03405712 0.00400000
v -0.03889539 -0.03411282 0.00000000
v -0.03889539 -0.03411282 0.00400000
v -0.03894965 -0.03417130 0.00000000
v -0.03894965 -0.03417130 0.00400000
v -0.03900093 -0.03423242 0.00000000
v -0.03900093 -0.03423242 0.00400000
v -0.03904910 -0.03429601 0.00000000
v -0.03904910 -0.03429601 0.00400000
v -0.03909404 -0.03436193 0.00000000
v -0.03909404 -0.03436193 0.00400000
v -0.03913564 -0.03443000 0.00000000
v -0.03913564 -0.03443000 0.00400000
v -0.03917379 -0.03450006 0.00000000
v -0.03917379 -0.03450006 0.00400000
v -0.03920841 -0.03457194 0.00000000
v -0.03920841 -0.03457194 0.00400000
v -0.03923940 -0.03464545 0.00000000
v -0.03923940 -0.03464545 0.00400000
v -0.03926668 -0.03472042 0.00000000
v -0.03926668 -0.03472042 0.00400000
v -0.03929020 -0.03479666 0.00400000
v -0.03929020 -0.03479666 0.00000000
v -0.03930988 -0.03487397 0.00400000
v -0.03930988 -0.03487397 0.00000000
v -0.03932569 -0.03495216 0.00000000
v -0.03932569 -0.03495216 0.00400000
v -0.03933758 -0.03503105 0.00000000
v -0.03933758 -0.03503105 0.00400000
v -0.03934553 -0.03511043 0.00000000
v -0.03934553 -0.03511043 0.00400000
v -0.03934950 -0.03519011 0.00000000
v -0.03934950 -0.03519011 0.00400000
v -0.03934950 -0.03526989 0.00000000
v -0.03934950 -0.03526989 0.00400000
v -0.03934553 -0.03534957 0.00000000
v -0.03934553 -0.03534957 0.00400000
v -0.03933758 -0.03542895 0.00000000
v -0.03933758 -0.03542895 0.00400000
v -0.03932569 -0.03550784 0.00000000
v -0.03932569 -0.03550784 0.00400000
v -0.03930988 -0.03558603 0.00400000
v -0.03930988 -0.03558603 0.00000000
v -0.03929020 -0.03566334 0.00000000
v -0.03929020 -0.03566334 0.00400000
v -0.03926668 -0.03573958 0.00000000
v -0.03926668 -0.03573958 0.00400000
v -0.03923940 -0.03581455 0.00400000
v -0.03923940 -0.03581455 0.00000000
v -0.03920841 -0.03588806 0.00000000
v -0.03920841 -0.03588806 0.00400000
v -0.03917379 -0.03595994 0.00000000
v -0.03917379 -0.03595994 0.00400000
v -0.03913564 -0.03603000 0.00400000
v -0.03913564 -0.03603000 0.00000000
v -0.03909404 -0.03609807 0.00400000
v -0.03909404 -0.03609807 0.00000000
v -0.03904910 -0.03616399 0.00000000
v -0.03904910 -0.03616399 0.00400000
v -0.03900093 -0.03622758 0.00000000
v -0.03900093 -0.03622758 0.00400000
v -0.03894965 -0.03628870 0.00000000
v -0.03894965 -0.03628870 0.00400000
v -0.03889539 -0.03634718 0.00000000
v -0.03889539 -0.03634718 0.00400000
v -0.03883828 -0.03640288 0.00000000
v -0.03883828 -0.03640288 0.00400000
v -0.03877846 -0.03645567 0.00000000
v -0.03877846 -0.03645567 0.00400000
v -0.03871609 -0.03650541 0.00000000
v -0.03871609 -0.03650541 0.00400000
v -0.03865131 -0.03655198 0.00000000
v -0.03865131 -0.03655198 0.00400000
v -0.03858430 -0.03659527 0.00000000
v -0.03858430 -0.03659527 0.00400000
v -0.03851521 -0.03663515 0.00000000
v -0.03851521 -0.03663515 0.00400000
v -0.03844421 -0.03667155 0.00000000
v -0.03844421 -0.03667155 0.00400000
v -0.03837150 -0.03670436 0.00000000
v -0.03837150 -0.03670436 0.00400000
v -0.03829723 -0.03673351 0.00000000
v -0.03829723 -0.03673351 0.00400000
v -0.03822161 -0.03675892 0.00000000
v -0.03822161 -0.03675892 0.00400000
v -0.03814481 -0.03678052 0.00000000
v -0.03814481 -0.03678052 0.00400000
v -0.03806703 -0.03679828 0.00000000
v -0.03806703 -0.03679828 0.00400000
v -0.03798847 -0.03681213 0.00000000
v -0.03798847 -0.03681213 0.00400000
v -0.03790931 -0.03682205 0.00000000
v -0.03790931 -0.03682205 0.00400000
v -0.03782975 -0.03682801 0.00000000
v -0.03782975 -0.03682801 0.00400000
v -0.03775000 -0.03683000 0.00000000
v -0.03775000 -0.03683000 0.00400000
v -0.05750000 -0.00690000 0.00400000
v -0.05757975 -0.00690199 0.00000000
v -0.05757975 -0.00690199 0.00400000
v -0.05750000 -0.00690000 0.00000000
v -0.05765931 -0.00690795 0.00000000
v -0.05765931 -0.00690795 0.00400000
v -0.05773847 -0.00691787 0.00000000
v -0.05773847 -0.00691787 0.00400000
v -0.05781703 -0.00693172 0.00000000
v -0.05781703 -0.00693172 0.00400000
v -0.05789481 -0.00694948 0.00000000
v -0.05789481 -0.00694948 0.00400000
v -0.05797161 -0.00697108 0.00000000
v -0.05797161 -0.00697108 0.00400000
v -0.05804723 -0.00699649 0.00400000
v -0.05804723 -0.00699649 0.00000000
v -0.05812150 -0.00702564 0.00400000
v -0.05812150 -0.00702564 0.00000000
v -0.05819421 -0.00705845 0.00400000
v -0.05819421 -0.00705845 0.00000000
v -0.05826521 -0.00709485 0.00400000
v -0.05826521 -0.00709485 0.00000000
v -0.05833430 -0.00713473 0.00000000
v -0.05833430 -0.00713473 0.00400000
v -0.05840131 -0.00717802 0.00400000
v -0.05840131 -0.00717802 0.00000000
v -0.05846609 -0.00722459 0.00400000
v -0.05846609 -0.00722459 0.00000000
v -0.05852846 -0.00727433 0.00000000
v -0.05852846 -0.00727433 0.00400000
v -0.05858828 -0.00732712 0.00000000
v -0.05858828 -0.00732712 0.00400000
v -0.05864539 -0.00738282 0.00400000
v -0.05864539 -0.00738282 0.00000000
v -0.05869965 -0.00744130 0.00400000
v -0.05869965 -0.00744130 0.00000000
v -0.05875093 -0.00750242 0.00000000
v -0.05875093 -0.00750242 0.00400000
v -0.05879910 -0.00756601 0.00000000
v -0.05879910 -0.00756601 0.00400000
v -0.05884404 -0.00763193 0.00000000
v -0.05884404 -0.00763193 0.00400000
v -0.05888564 -0.00770000 0.00000000
v -0.05888564 -0.00770000 0.00400000
v -0.05892379 -0.00777006 0.00000000
v -0.05892379 -0.00777006 0.00400000
v -0.05895841 -0.00784194 0.00000000
v -0.05895841 -0.00784194 0.00400000
v -0.05898940 -0.00791545 0.00400000
v -0.05898940 -0.00791545 0.00000000
v -0.05901668 -0.00799042 0.00400000
v -0.05901668 -0.00799042 0.00000000
v -0.05904020 -0.00806666 0.00000000
v -0.05904020 -0.00806666 0.00400000
v -0.05905988 -0.00814397 0.00000000
v -0.05905988 -0.00814397 0.00400000
v -0.05907569 -0.00822216 0.00000000
v -0.05907569 -0.00822216 0.00400000
v -0.05908758 -0.00830105 0.00000000
v -0.05908758 -0.00830105 0.00400000
v -0.05909553 -0.00838043 0.00000000
v -0.05909553 -0.00838043 0.00400000
v -0.05909950 -0.00846011 0.00000000
v -0.05909950 -0.00846011 0.00400000
v -0.05909950 -0.00853989 0.00000000
v -0.05909950 -0.00853989 0.00400000
v -0.05909553 -0.00861957 0.00000000
v -0.05909553 -0.00861957 0.00400000
v -0.05908758 -0.00869895 0.00000000
v -0.05908758 -0.00869895 0.00400000
v -0.05907569 -0.00877784 0.00000000
v -0.05907569 -0.00877784 0.00400000
v -0.05905988 -0.00885603 0.00000000
v -0.05905988 -0.00885603 0.00400000
v -0.05904020 -0.00893334 0.00000000
v -0.05904020 -0.00893334 0.00400000
v -0.05901668 -0.00900958 0.00000000
v -0.05901668 -0.00900958 0.00400000
v -0.05898940 -0.00908455 0.00000000
v -0.05898940 -0.00908455 0.00400000
v -0.05895841 -0.00915806 0.00000000
v -0.05895841 -0.00915806 0.00400000
v -0.05892379 -0.00922994 0.00000000
v -0.05892379 -0.00922994 0.00400000
v -0.05888564 -0.00930000 0.00000000
v -0.05888564 -0.00930000 0.00400000
v -0.05884404 -0.00936807 0.00000000
v -0.05884404 -0.00936807 0.00400000
v -0.05879910 -0.00943399 0.00400000
v -0.05879910 -0.00943399 0.00000000
v -0.05875093 -0.00949758 0.00000000
v -0.05875093 -0.00949758 0.00400000
v -0.05869965 -0.00955870 0.00000000
v -0.05869965 -0.00955870 0.00400000
v -0.05864539 -0.00961718 0.00000000
v -0.05864539 -0.00961718 0.00400000
v -0.05858828 -0.00967288 0.00000000
v -0.05858828 -0.00967288 0.00400000
v -0.05852846 -0.00972567 0.00000000
v -0.05852846 -0.00972567 0.00400000
v -0.05846609 -0.00977541 0.00000000
v -0.05846609 -0.00977541 0.00400000
v -0.05840131 -0.00982198 0.00000000
v -0.05840131 -0.00982198 0.00400000
v -0.05833430 -0.00986527 0.00400000
v -0.05833430 -0.00986527 0.00000000
v -0.05826521 -0.00990515 0.00000000
v -0.05826521 -0.00990515 0.00400000
v -0.05819421 -0.00994155 0.00000000
v -0.05819421 -0.00994155 0.00400000
v -0.05812150 -0.00997436 0.00000000
v -0.05812150 -0.00997436 0.00400000
v -0.05804723 -0.01000351 0.00000000
v -0.05804723 -0.01000351 0.00400000
v -0.05797161 -0.01002892 0.00000000
v -0.05797161 -0.01002892 0.00400000
v -0.05789481 -0.01005052 0.00000000
v -0.05789481 -0.01005052 0.00400000
v -0.05781703 -0.01006828 0.00000000
v -0.05781703 -0.01006828 0.00400000
v -0.05773847 -0.01008213 0.00000000
v -0.05773847 -0.01008213 0.00400000
v -0.05765931 -0.01009205 0.00000000
v -0.05765931 -0.01009205 0.00400000
v -0.05757975 -0.01009801 0.00000000
v -0.05757975 -0.01009801 0.00400000
v -0.05750000 -0.01010000 0.00000000
v -0.05750000 -0.01010000 0.00400000
v -0.05750000 -0.04990000 0.00400000
v -0.05757975 -0.04990199 0.00000000
v -0.05757975 -0.04990199 0.00400000
v -0.05750000 -0.04990000 0.00000000
v -0.05765931 -0.04990795 0.00000000
v -0.05765931 -0.04990795 0.00400000
v -0.05773847 -0.04991787 0.00000000
v -0.05773847 -0.04991787 0.00400000
v -0.05781703 -0.04993172 0.00000000
v -0.05781703 -0.04993172 0.00400000
v -0.05789481 -0.04994948 0.00000000
v -0.05789481 -0.04994948 0.00400000
v -0.05797161 -0.04997108 0.00000000
v -0.05797161 -0.04997108 0.00400000
v -0.05804723 -0.04999649 0.00400000
v -0.05804723 -0.04999649 0.00000000
v -0.05812150 -0.05002564 0.00400000
v -0.05812150 -0.05002564 0.00000000
v -0.05819421 -0.05005845 0.00000000
v -0.05819421 -0.05005845 0.00400000
v -0.05826521 -0.05009485 0.00000000
v -0.05826521 -0.05009485 0.00400000
v -0.05833430 -0.05013473 0.00000000
v -0.05833430 -0.05013473 0.00400000
v -0.05840131 -0.05017802 0.00000000
v -0.05840131 -0.05017802 0.00400000
v -0.05846609 -0.05022459 0.00000000
v -0.05846609 -0.05022459 0.00400000
v -0.05852846 -0.05027433 0.00000000
v -0.05852846 -0.05027433 0.00400000
v -0.05858828 -0.05032712 0.00000000
v -0.05858828 -0.05032712 0.00400000
v -0.05864539 -0.05038282 0.00000000
v -0.05864539 -0.05038282 0.00400000
v -0.05869965 -0.05044130 0.00000000
v -0.05869965 -0.05044130 0.00400000
v -0.05875093 -0.05050242 0.00000000
v -0.05875093 -0.05050242 0.00400000
v -0.05879910 -0.05056601 0.00000000
v -0.05879910 -0.05056601 0.00400000
v -0.05884404 -0.05063193 0.00000000
v -0.05884404 -0.05063193 0.00400000
v -0.05888564 -0.05070000 0.00000000
v -0.05888564 -0.05070000 0.00400000
v -0.05892379 -0.05077006 0.00000000
v -0.05892379 -0.05077006 0.00400000
v -0.05895841 -0.05084194 0.00000000
v -0.05895841 -0.05084194 0.00400000
v -0.05898940 -0.05091545 0.00000000
v -0.05898940 -0.05091545 0.00400000
v -0.05901668 -0.05099042 0.00000000
v -0.05901668 -0.05099042 0.00400000
v -0.05904020 -0.05106666 0.00400000
v -0.05904020 -0.05106666 0.00000000
v -0.05905988 -0.05114397 0.00400000
v -0.05905988 -0.05114397 0.00000000
v -0.05907569 -0.05122216 0.00000000
v -0.05907569 -0.05122216 0.00400000
v -0.05908758 -0.05130105 0.00000000
v -0.05908758 -0.05130105 0.00400000
v -0.05909553 -0.05138043 0.00000000
v -0.05909553 -0.05138043 0.00400000
v -0.05909950 -0.05146011 0.00000000
v -0.05909950 -0.05146011 0.00400000
v -0.05909950 -0.05153989 0.00000000
v -0.05909950 -0.05153989 0.00400000
v -0.05909553 -0.05161957 0.00000000
v -0.05909553 -0.05161957 0.00400000
v -0.05908758 -0.05169895 0.00000000
v -0.05908758 -0.05169895 0.00400000
v -0.05907569 -0.05177784 0.00000000
v -0.05907569 -0.05177784 0.00400000
v -0.05905988 -0.05185603 0.00400000
v -0.05905988 -0.05185603 0.00000000
v -0.05904020 -0.05193334 0.00000000
v -0.05904020 -0.05193334 0.00400000
v -0.05901668 -0.05200958 0.00000000
v -0.05901668 -0.05200958 0.00400000
v -0.05898940 -0.05208455 0.00400000
v -0.05898940 -0.05208455 0.00000000
v -0.05895841 -0.05215806 0.00000000
v -0.05895841 -0.05215806 0.00400000
v -0.05892379 -0.05222994 0.00000000
v -0.05892379 -0.05222994 0.00400000
v -0.05888564 -0.05230000 0.00400000
v -0.05888564 -0.05230000 0.00000000
v -0.05884404 -0.05236807 0.00400000
v -0.05884404 -0.05236807 0.00000000
v -0.05879910 -0.05243399 0.00000000
v -0.05879910 -0.05243399 0.00400000
v -0.05875093 -0.05249758 0.00000000
v -0.05875093 -0.05249758 0.00400000
v -0.05869965 -0.05255870 0.00000000
v -0.05869965 -0.05255870 0.00400000
v -0.05864539 -0.05261718 0.00000000
v -0.05864539 -0.05261718 0.00400000
v -0.05858828 -0.05267288 0.00000000
v -0.05858828 -0.05267288 0.00400000
v -0.05852846 -0.05272567 0.00000000
v -0.05852846 -0.05272567 0.00400000
v -0.05846609 -0.05277541 0.00000000
v -0.05846609 -0.05277541 0.00400000
v -0.05840131 -0.05282198 0.00000000
v -0.05840131 -0.05282198 0.00400000
v -0.05833430 -0.05286527 0.00000000
v -0.05833430 -0.05286527 0.00400000
v -0.05826521 -0.05290515 0.00000000
v -0.05826521 -0.05290515 0.00400000
v -0.05819421 -0.05294155 0.00000000
v -0.05819421 -0.05294155 0.00400000
v -0.05812150 -0.05297436 0.00000000
v -0.05812150 -0.05297436 0.00400000
v -0.05804723 -0.05300351 0.00000000
v -0.05804723 -0.05300351 0.00400000
v -0.05797161 -0.05302892 0.00000000
v -0.05797161 -0.05302892 0.00400000
v -0.05789481 -0.05305052 0.00000000
v -0.05789481 -0.05305052 0.00400000
v -0.05781703 -0.05306828 0.00000000
v -0.05781703 -0.05306828 0.00400000
v -0.05773847 -0.05308213 0.00000000
v -0.05773847 -0.05308213 0.00400000
v -0.05765931 -0.05309205 0.00000000
v -0.05765931 -0.05309205 0.00400000
v -0.05757975 -0.05309801 0.00000000
v -0.05757975 -0.05309801 0.00400000
v -0.05750000 -0.05310000 0.00000000
v -0.05750000 -0.05310000 0.00400000
v 0.03883828 0.03405712 0.00400000
v 0.03877846 0.02599567 0.00400000
v 0.03877846 0.03400433 0.00400000
v 0.03889539 0.03411282 0.00400000
v 0.03889539 0.02588718 0.00400000
v 0.03883828 0.02594288 0.00400000
v 0.03894965 0.03417130 0.00400000
v 0.03894965 0.02582870 0.00400000
v 0.03900093 0.03423242 0.00400000
v 0.03900093 0.02576758 0.00400000
v 0.03904910 0.02570399 0.00400000
v -0.05886819 -0.07386819 0.00201170
v 0.03904910 0.03429601 0.00400000
v 0.03909404 0.03436193 0.00400000
v 0.03909404 0.02563807 0.00400000
v -0.05500000 -0.07500000 0.00400000
v -0.06000000 -0.07000000 0.00400000
v 0.03913564 0.03443000 0.00400000
v 0.03913564 0.02557000 0.00400000
v 0.03917379 0.02549994 0.00400000
v 0.03917379 0.03450006 0.00400000
v 0.03920841 0.03457194 0.00400000
v 0.03920841 0.02542806 0.00400000
v 0.03923940 0.03464545 0.00400000
v 0.03923940 0.02535455 0.00400000
v 0.03926668 0.03472042 0.00400000
v 0.03926668 0.02527958 0.00400000
v 0.03929020 0.03479666 0.00400000
v 0.03929020 0.02520334 0.00400000
v 0.03930988 0.03487397 0.00400000
v 0.03930988 0.02512603 0.00400000
v -0.05742025 -0.05309801 0.00400000
v -0.05734069 -0.05309205 0.00400000
v -0.05726153 -0.05308213 0.00400000
v -0.05718297 -0.05306828 0.00400000
v -0.05710519 -0.05305052 0.00400000
v -0.05702839 -0.05302892 0.00400000
v -0.05695277 -0.05300351 0.00400000
v -0.05687850 -0.05297436 0.00400000
v -0.05680579 -0.05294155 0.00400000
v -0.05673479 -0.05290515 0.00400000
v -0.05666570 -0.05286527 0.00400000
v -0.05659869 -0.05282198 0.00400000
v -0.05653391 -0.05277541 0.00400000
v -0.05647154 -0.05272567 0.00400000
v -0.05641172 -0.05267288 0.00400000
v -0.05635461 -0.05261718 0.00400000
v -0.05630035 -0.05255870 0.00400000
v -0.05624907 -0.05249758 0.00400000
v -0.05620090 -0.05243399 0.00400000
v -0.05615596 -0.05236807 0.00400000
v -0.05611436 -0.05230000 0.00400000
v -0.05607621 -0.05222994 0.00400000
v -0.05604159 -0.05215806 0.00400000
v 0.03909404 0.03609807 0.00400000
v 0.03904910 0.03616399 0.00400000
v 0.03913564 0.03603000 0.00400000
v 0.03900093 0.03622758 0.00400000
v 0.03917379 0.03595994 0.00400000
v 0.03894965 0.03628870 0.00400000
v -0.05615596 -0.05063193 0.00400000
v -0.05620090 -0.05056601 0.00400000
v 0.03920841 0.03588806 0.00400000
v -0.05611436 -0.05070000 0.00400000
v 0.03889539 0.03634718 0.00400000
v -0.05624907 -0.05050242 0.00400000
v 0.03923940 0.03581455 0.00400000
v -0.05607621 -0.05077006 0.00400000
v -0.05630035 -0.05044130 0.00400000
v 0.03883828 0.03640288 0.00400000
v -0.05604159 -0.05084194 0.00400000
v 0.03926668 0.03573958 0.00400000
v -0.05635461 -0.05038282 0.00400000
v -0.05601060 -0.05091545 0.00400000
v 0.03877846 0.03645567 0.00400000
v 0.03929020 0.03566334 0.00400000
v -0.05641172 -0.05032712 0.00400000
v -0.05598332 -0.05099042 0.00400000
v 0.03871609 0.03650541 0.00400000
v -0.05647154 -0.05027433 0.00400000
v 0.03930988 0.03558603 0.00400000
v -0.05595980 -0.05106666 0.00400000
v 0.03865131 0.03655198 0.00400000
v -0.05653391 -0.05022459 0.00400000
v -0.05594012 -0.05114397 0.00400000
v 0.03932569 0.03550784 0.00400000
v 0.03858430 0.03659527 0.00400000
v -0.05659869 -0.05017802 0.00400000
v -0.05592431 -0.05122216 0.00400000
v 0.03933758 0.03542895 0.00400000
v -0.05666570 -0.05013473 0.00400000
v 0.03851521 0.03663515 0.00400000
v -0.05591242 -0.05130105 0.00400000
v 0.03934553 0.03534957 0.00400000
v -0.05673479 -0.05009485 0.00400000
v -0.05590447 -0.05138043 0.00400000
v 0.03844421 0.03667155 0.00400000
v -0.05680579 -0.05005845 0.00400000
v 0.03934950 0.03526989 0.00400000
v -0.05590050 -0.05146011 0.00400000
v 0.03837150 0.03670436 0.00400000
v -0.05687850 -0.05002564 0.00400000
v -0.05590050 -0.05153989 0.00400000
v 0.03934950 0.03519011 0.00400000
v -0.05695277 -0.04999649 0.00400000
v 0.03829723 0.03673351 0.00400000
v -0.05590447 -0.05161957 0.00400000
v 0.03934553 0.03511043 0.00400000
v -0.05702839 -0.04997108 0.00400000
v -0.05591242 -0.05169895 0.00400000
v 0.03822161 0.03675892 0.00400000
v -0.05710519 -0.04994948 0.00400000
v -0.05592431 -0.05177784 0.00400000
v 0.03933758 0.03503105 0.00400000
v -0.05718297 -0.04993172 0.00400000
v -0.05594012 -0.05185603 0.00400000
v 0.03814481 0.03678052 0.00400000
v -0.05726153 -0.04991787 0.00400000
v -0.03767025 -0.03682801 0.00400000
v -0.05595980 -0.05193334 0.00400000
v 0.03932569 0.03495216 0.00400000
v -0.05734069 -0.04990795 0.00400000
v -0.03759069 -0.03682205 0.00400000
v -0.05598332 -0.05200958 0.00400000
v 0.03806703 0.03679828 0.00400000
v -0.05742025 -0.04990199 0.00400000
v -0.03751153 -0.03681213 0.00400000
v -0.05601060 -0.05208455 0.00400000
v 0.03798847 0.03681213 0.00400000
v 0.05757975 0.04990199 0.00400000
v -0.03743297 -0.03679828 0.00400000
v -0.03735519 -0.03678052 0.00400000
v 0.05757975 0.01009801 0.00400000
v -0.03727839 -0.03675892 0.00400000
v 0.03790931 0.03682205 0.00400000
v 0.05765931 0.04990795 0.00400000
v 0.05765931 0.01009205 0.00400000
v -0.03720277 -0.03673351 0.00400000
v 0.03782975 0.03682801 0.00400000
v -0.03712850 -0.03670436 0.00400000
v -0.03705579 -0.03667155 0.00400000
v 0.05773847 0.04991787 0.00400000
v 0.05773847 0.01008213 0.00400000
v -0.03698479 -0.03663515 0.00400000
v 0.05781703 0.04993172 0.00400000
v 0.05781703 0.01006828 0.00400000
v -0.03691570 -0.03659527 0.00400000
v -0.03684869 -0.03655198 0.00400000
v 0.05789481 0.04994948 0.00400000
v 0.05789481 0.01005052 0.00400000
v -0.03678391 -0.03650541 0.00400000
v -0.03672154 -0.03645567 0.00400000
v -0.03666172 -0.03640288 0.00400000
v 0.05797161 0.04997108 0.00400000
v 0.05797161 0.01002892 0.00400000
v 0.05804723 0.04999649 0.00400000
v 0.05804723 0.01000351 0.00400000
v 0.05812150 0.05002564 0.00400000
v 0.05812150 0.00997436 0.00400000
v 0.05819421 0.05005845 0.00400000
v 0.05819421 0.00994155 0.00400000
v 0.05826521 0.05009485 0.00400000
v 0.05826521 0.00990515 0.00400000
v 0.05833430 0.05013473 0.00400000
v 0.05833430 0.00986527 0.00400000
v 0.05840131 0.00982198 0.00400000
v 0.05840131 0.05017802 0.00400000
v 0.05846609 0.05022459 0.00400000
v 0.05846609 0.00977541 0.00400000
v 0.05852846 0.00972567 0.00400000
v 0.05852846 0.05027433 0.00400000
v 0.05858828 0.05032712 0.00400000
v 0.05858828 0.00967288 0.00400000
v 0.05864539 0.00961718 0.00400000
v 0.05864539 0.05038282 0.00400000
v 0.05869965 0.05044130 0.00400000
v 0.05869965 0.00955870 0.00400000
v 0.05875093 0.05050242 0.00400000
v 0.05875093 0.00949758 0.00400000
v 0.05879910 0.05056601 0.00400000
v 0.05879910 0.00943399 0.00400000
v 0.05884404 0.05063193 0.00400000
v 0.05884404 0.00936807 0.00400000
v 0.05888564 0.00930000 0.00400000
v 0.05888564 0.05070000 0.00400000
v 0.05892379 0.00922994 0.00400000
v 0.05892379 0.05077006 0.00400000
v 0.05895841 0.05084194 0.00400000
v 0.05895841 0.00915806 0.00400000
v 0.05898940 0.05091545 0.00400000
v 0.05898940 0.00908455 0.00400000
v 0.05901668 0.05099042 0.00400000
v 0.05901668 0.00900958 0.00400000
v 0.05904020 0.05106666 0.00400000
v 0.05904020 0.00893334 0.00400000
v 0.05500000 0.07500000 0.00400000
v -0.02037850 0.02647436 0.00400000
v -0.05500000 0.07500000 0.00400000
v 0.06000000 0.07000000 0.00400000
v 0.05757975 0.05309801 0.00400000
v 0.05765931 0.05309205 0.00400000
v 0.05773847 0.05308213 0.00400000
v 0.05781703 0.05306828 0.00400000
v 0.05789481 0.05305052 0.00400000
v 0.05797161 0.05302892 0.00400000
v 0.05804723 0.05300351 0.00400000
v 0.05812150 0.05297436 0.00400000
v 0.05819421 0.05294155 0.00400000
v 0.05826521 0.05290515 0.00400000
v 0.05833430 0.05286527 0.00400000
v 0.05840131 0.05282198 0.00400000
v 0.05846609 0.05277541 0.00400000
v 0.05852846 0.05272567 0.00400000
v 0.05858828 0.05267288 0.00400000
v 0.05864539 0.05261718 0.00400000
v 0.05869965 0.05255870 0.00400000
v 0.05875093 0.05249758 0.00400000
v 0.05879910 0.05243399 0.00400000
v 0.05884404 0.05236807 0.00400000
v 0.05888564 0.05230000 0.00400000
v 0.05892379 0.05222994 0.00400000
v 0.05895841 0.05215806 0.00400000
v 0.05898940 0.05208455 0.00400000
v 0.05901668 0.05200958 0.00400000
v 0.05904020 0.05193334 0.00400000
v 0.05905988 0.05185603 0.00400000
v 0.05907569 0.05177784 0.00400000
v 0.05908758 0.05169895 0.00400000
v 0.05909553 0.05161957 0.00400000
v -0.06000000 0.07000000 0.00400000
v 0.06000000 -0.07000000 0.00400000
v 0.05909950 -0.00853989 0.00400000
v 0.05909553 -0.00861957 0.00400000
v 0.05908758 -0.00869895 0.00400000
v 0.05907569 -0.00877784 0.00400000
v 0.05905988 -0.00885603 0.00400000
v 0.05904020 -0.00893334 0.00400000
v 0.05909950 -0.05146011 0.00400000
v 0.05909950 -0.05153989 0.00400000
v 0.05909553 -0.05161957 0.00400000
v 0.05909950 -0.00846011 0.00400000
v 0.05909553 -0.00838043 0.00400000
v 0.05908758 -0.00830105 0.00400000
v 0.05909950 0.00846011 0.00400000
v 0.05909553 0.00838043 0.00400000
v 0.05908758 0.00830105 0.00400000
v 0.05909553 -0.05138043 0.00400000
v 0.05908758 -0.05130105 0.00400000
v 0.05907569 -0.05122216 0.00400000
v 0.05905988 -0.05114397 0.00400000
v 0.05904020 -0.05106666 0.00400000
v 0.05909950 0.00853989 0.00400000
v 0.05909553 0.00861957 0.00400000
v 0.05908758 0.00869895 0.00400000
v 0.05907569 0.00877784 0.00400000
v 0.05905988 0.00885603 0.00400000
v 0.05909950 0.05146011 0.00400000
v 0.05909553 0.05138043 0.00400000
v 0.05908758 0.05130105 0.00400000
v 0.05907569 0.05122216 0.00400000
v 0.05905988 0.05114397 0.00400000
v 0.05909950 0.05153989 0.00400000
v -0.05742025 -0.01009801 0.00400000
v -0.05734069 -0.01009205 0.00400000
v -0.05726153 -0.01008213 0.00400000
v -0.05718297 -0.01006828 0.00400000
v -0.05710519 -0.01005052 0.00400000
v -0.03767025 -0.02636801 0.00400000
v -0.03767025 -0.03363199 0.00400000
v -0.05702839 -0.01002892 0.00400000
v -0.03759069 -0.02636205 0.00400000
v -0.03759069 -0.03363795 0.00400000
v -0.03751153 -0.03364787 0.00400000
v -0.05695277 -0.01000351 0.00400000
v -0.03751153 -0.02635213 0.00400000
v -0.05687850 -0.00997436 0.00400000
v -0.03743297 -0.02633828 0.00400000
v -0.03743297 -0.03366172 0.00400000
v -0.05680579 -0.00994155 0.00400000
v -0.03735519 -0.02632052 0.00400000
v -0.03735519 -0.03367948 0.00400000
v -0.05673479 -0.00990515 0.00400000
v -0.03727839 -0.02629892 0.00400000
v -0.03727839 -0.03370108 0.00400000
v -0.03720277 -0.03372649 0.00400000
v -0.05666570 -0.00986527 0.00400000
v -0.03720277 -0.02627351 0.00400000
v -0.05659869 -0.00982198 0.00400000
v -0.03712850 -0.02624436 0.00400000
v -0.03712850 -0.03375564 0.00400000
v -0.05653391 -0.00977541 0.00400000
v -0.03705579 -0.02621155 0.00400000
v -0.03705579 -0.03378845 0.00400000
v -0.05647154 -0.00972567 0.00400000
v -0.03698479 -0.02617515 0.00400000
v -0.03698479 -0.03382485 0.00400000
v -0.05641172 -0.00967288 0.00400000
v -0.03691570 -0.02613527 0.00400000
v -0.03691570 -0.03386473 0.00400000
v -0.05635461 -0.00961718 0.00400000
v -0.03684869 -0.02609198 0.00400000
v -0.03684869 -0.03390802 0.00400000
v -0.05630035 -0.00955870 0.00400000
v -0.03678391 -0.02604541 0.00400000
v -0.03678391 -0.03395459 0.00400000
v -0.05624907 -0.00949758 0.00400000
v -0.03672154 -0.02599567 0.00400000
v -0.03672154 -0.03400433 0.00400000
v -0.03666172 -0.03405712 0.00400000
v -0.05620090 -0.00943399 0.00400000
v -0.03666172 -0.02594288 0.00400000
v -0.05615596 -0.00936807 0.00400000
v -0.03660461 -0.02588718 0.00400000
v -0.03660461 -0.03411282 0.00400000
v -0.05611436 -0.00930000 0.00400000
v -0.03655035 -0.02582870 0.00400000
v -0.03655035 -0.03417130 0.00400000
v -0.05607621 -0.00922994 0.00400000
v -0.03649907 -0.02576758 0.00400000
v -0.03649907 -0.03423242 0.00400000
v -0.05604159 -0.00915806 0.00400000
v -0.03645090 -0.02570399 0.00400000
v -0.03645090 -0.03429601 0.00400000
v -0.05601060 -0.00908455 0.00400000
v -0.03640596 -0.02563807 0.00400000
v -0.03640596 -0.03436193 0.00400000
v -0.05598332 -0.00900958 0.00400000
v -0.05595980 -0.00893334 0.00400000
v -0.05594012 -0.00885603 0.00400000
v -0.05592431 -0.00877784 0.00400000
v -0.05591242 -0.00869895 0.00400000
v -0.05590447 -0.00861957 0.00400000
v -0.05590050 -0.00853989 0.00400000
v -0.05590050 -0.00846011 0.00400000
v -0.05590447 -0.00838043 0.00400000
v -0.05591242 -0.00830105 0.00400000
v -0.05592431 -0.00822216 0.00400000
v -0.05594012 -0.00814397 0.00400000
v -0.03767025 -0.02317199 0.00400000
v -0.05595980 -0.00806666 0.00400000
v -0.03759069 -0.02317795 0.00400000
v -0.05598332 -0.00799042 0.00400000
v -0.03751153 -0.02318787 0.00400000
v -0.05742025 -0.00690199 0.00400000
v -0.05742025 0.00690199 0.00400000
v -0.05734069 0.00690795 0.00400000
v -0.05734069 -0.00690795 0.00400000
v -0.05726153 0.00691787 0.00400000
v -0.05726153 -0.00691787 0.00400000
v -0.05718297 -0.00693172 0.00400000
v -0.05718297 0.00693172 0.00400000
v -0.05710519 0.00694948 0.00400000
v -0.05710519 -0.00694948 0.00400000
v -0.05702839 0.00697108 0.00400000
v -0.05702839 -0.00697108 0.00400000
v -0.05695277 0.00699649 0.00400000
v -0.05695277 -0.00699649 0.00400000
v -0.05687850 0.00702564 0.00400000
v -0.05687850 -0.00702564 0.00400000
v -0.05680579 -0.00705845 0.00400000
v -0.05680579 0.00705845 0.00400000
v -0.05673479 0.00709485 0.00400000
v -0.05673479 -0.00709485 0.00400000
v -0.05666570 0.00713473 0.00400000
v -0.05666570 -0.00713473 0.00400000
v -0.05659869 -0.00717802 0.00400000
v -0.05659869 0.00717802 0.00400000
v -0.05653391 0.00722459 0.00400000
v -0.05653391 -0.00722459 0.00400000
v -0.05647154 0.00727433 0.00400000
v -0.05647154 -0.00727433 0.00400000
v -0.05641172 -0.00732712 0.00400000
v -0.05641172 0.00732712 0.00400000
v -0.05635461 0.00738282 0.00400000
v -0.05635461 -0.00738282 0.00400000
v -0.05630035 0.00744130 0.00400000
v -0.05630035 -0.00744130 0.00400000
v -0.05624907 -0.00750242 0.00400000
v -0.05624907 0.00750242 0.00400000
v -0.05620090 -0.00756601 0.00400000
v -0.05620090 0.00756601 0.00400000
v -0.05615596 -0.00763193 0.00400000
v -0.05615596 0.00763193 0.00400000
v -0.05611436 0.00770000 0.00400000
v -0.05611436 -0.00770000 0.00400000
v -0.05607621 0.00777006 0.00400000
v -0.05607621 -0.00777006 0.00400000
v -0.03620980 -0.03479666 0.00400000
v -0.03623332 -0.03472042 0.00400000
v -0.03619012 -0.03487397 0.00400000
v -0.03626060 -0.03464545 0.00400000
v -0.03617431 -0.03495216 0.00400000
v -0.03629159 -0.03457194 0.00400000
v -0.03616242 -0.03503105 0.00400000
v -0.03632621 -0.03450006 0.00400000
v -0.03615447 -0.03511043 0.00400000
v -0.03636436 -0.03443000 0.00400000
v -0.05604159 0.00784194 0.00400000
v -0.05604159 -0.00784194 0.00400000
v -0.03615050 -0.03519011 0.00400000
v -0.03636436 -0.02557000 0.00400000
v -0.03615050 -0.03526989 0.00400000
v -0.03632621 -0.02549994 0.00400000
v -0.03615447 -0.03534957 0.00400000
v -0.03629159 -0.02542806 0.00400000
v -0.03616242 -0.03542895 0.00400000
v -0.05601060 0.00791545 0.00400000
v -0.05601060 -0.00791545 0.00400000
v -0.03626060 -0.02535455 0.00400000
v -0.03617431 -0.03550784 0.00400000
v -0.03623332 -0.02527958 0.00400000
v -0.03619012 -0.03558603 0.00400000
v -0.05598332 0.00799042 0.00400000
v -0.03620980 -0.02520334 0.00400000
v -0.03620980 -0.03566334 0.00400000
v -0.03619012 -0.02512603 0.00400000
v -0.03623332 -0.03573958 0.00400000
v -0.03617431 -0.02504784 0.00400000
v -0.03626060 -0.03581455 0.00400000
v -0.03616242 -0.02496895 0.00400000
v -0.03629159 -0.03588806 0.00400000
v -0.03615447 -0.02488957 0.00400000
v -0.03632621 -0.03595994 0.00400000
v -0.03615050 -0.02480989 0.00400000
v -0.03636436 -0.03603000 0.00400000
v -0.03615050 -0.02473011 0.00400000
v -0.02092025 -0.02659801 0.00400000
v -0.03640596 -0.03609807 0.00400000
v -0.03615447 -0.02465043 0.00400000
v -0.02084069 -0.02659205 0.00400000
v -0.03645090 -0.03616399 0.00400000
v -0.03616242 -0.02457105 0.00400000
v -0.02076153 -0.02658213 0.00400000
v -0.03649907 -0.03622758 0.00400000
v -0.03617431 -0.02449216 0.00400000
v -0.02068297 -0.02656828 0.00400000
v -0.03655035 -0.03628870 0.00400000
v -0.03619012 -0.02441397 0.00400000
v -0.02060519 -0.02655052 0.00400000
v -0.03660461 -0.03634718 0.00400000
v -0.03620980 -0.02433666 0.00400000
v -0.02052839 -0.02652892 0.00400000
v -0.03623332 -0.02426042 0.00400000
v -0.02045277 -0.02650351 0.00400000
v -0.03626060 -0.02418545 0.00400000
v -0.02037850 -0.02647436 0.00400000
v -0.03629159 -0.02411194 0.00400000
v -0.03632621 -0.02404006 0.00400000
v -0.03636436 -0.02397000 0.00400000
v -0.03640596 -0.02390193 0.00400000
v -0.03645090 -0.02383601 0.00400000
v -0.03649907 -0.02377242 0.00400000
v -0.03655035 -0.02371130 0.00400000
v -0.03660461 -0.02365282 0.00400000
v -0.03666172 -0.02359712 0.00400000
v -0.03672154 -0.02354433 0.00400000
v -0.03678391 -0.02349459 0.00400000
v -0.03684869 -0.02344802 0.00400000
v -0.03691570 -0.02340473 0.00400000
v -0.03698479 -0.02336485 0.00400000
v -0.03705579 -0.02332845 0.00400000
v -0.03712850 -0.02329564 0.00400000
v -0.03720277 -0.02326649 0.00400000
v -0.01942431 -0.02527784 0.00400000
v -0.01941242 -0.02519895 0.00400000
v -0.01944012 -0.02535603 0.00400000
v -0.01940447 -0.02511957 0.00400000
v -0.01945980 -0.02543334 0.00400000
v -0.01940050 -0.02503989 0.00400000
v -0.01948332 -0.02550958 0.00400000
v -0.01940050 -0.02496011 0.00400000
v -0.01951060 -0.02558455 0.00400000
v -0.01940447 -0.02488043 0.00400000
v -0.01954159 -0.02565806 0.00400000
v -0.01941242 -0.02480105 0.00400000
v -0.01957621 -0.02572994 0.00400000
v -0.01942431 -0.02472216 0.00400000
v -0.01961436 -0.02580000 0.00400000
v -0.01965596 -0.02586807 0.00400000
v -0.01944012 -0.02464397 0.00400000
v -0.01970090 -0.02593399 0.00400000
v -0.01945980 -0.02456666 0.00400000
v -0.01974907 -0.02599758 0.00400000
v -0.01948332 -0.02449042 0.00400000
v -0.01980035 -0.02605870 0.00400000
v -0.01951060 -0.02441545 0.00400000
v -0.01985461 -0.02611718 0.00400000
v -0.01954159 -0.02434194 0.00400000
v -0.01991172 -0.02617288 0.00400000
v -0.01957621 -0.02427006 0.00400000
v -0.01997154 -0.02622567 0.00400000
v -0.01961436 -0.02420000 0.00400000
v -0.02003391 -0.02627541 0.00400000
v -0.01965596 -0.02413193 0.00400000
v -0.01970090 -0.02406601 0.00400000
v -0.01974907 -0.02400242 0.00400000
v -0.01980035 -0.02394130 0.00400000
v -0.01985461 -0.02388282 0.00400000
v 0.05500000 -0.07500000 0.00400000
v -0.01991172 -0.02382712 0.00400000
v -0.01997154 -0.02377433 0.00400000
v -0.02003391 -0.02372459 0.00400000
v -0.02009869 -0.02367802 0.00400000
v -0.02016570 -0.02363473 0.00400000
v -0.02023479 -0.02359485 0.00400000
v -0.02030579 -0.02355845 0.00400000
v -0.02037850 -0.02352564 0.00400000
v -0.02045277 -0.02349649 0.00400000
v -0.02052839 -0.02347108 0.00400000
v -0.02060519 -0.02344948 0.00400000
v -0.05615596 0.00936807 0.00400000
v -0.05620090 0.00943399 0.00400000
v -0.05611436 0.00930000 0.00400000
v -0.05624907 0.00949758 0.00400000
v -0.05607621 0.00922994 0.00400000
v -0.05630035 0.00955870 0.00400000
v -0.05604159 0.00915806 0.00400000
v -0.05635461 0.00961718 0.00400000
v -0.05601060 0.00908455 0.00400000
v -0.05641172 0.00967288 0.00400000
v -0.05598332 0.00900958 0.00400000
v -0.05647154 0.00972567 0.00400000
v -0.05595980 0.00893334 0.00400000
v -0.05653391 0.00977541 0.00400000
v -0.05594012 0.00885603 0.00400000
v -0.05659869 0.00982198 0.00400000
v -0.05592431 0.00877784 0.00400000
v -0.05666570 0.00986527 0.00400000
v -0.05591242 0.00869895 0.00400000
v -0.05673479 0.00990515 0.00400000
v -0.05590447 0.00861957 0.00400000
v -0.05680579 0.00994155 0.00400000
v -0.05590050 0.00853989 0.00400000
v -0.05687850 0.00997436 0.00400000
v -0.05590050 0.00846011 0.00400000
v -0.05695277 0.01000351 0.00400000
v -0.05590447 0.00838043 0.00400000
v -0.05702839 0.01002892 0.00400000
v -0.05591242 0.00830105 0.00400000
v -0.05710519 0.01005052 0.00400000
v -0.05592431 0.00822216 0.00400000
v -0.05718297 0.01006828 0.00400000
v -0.05594012 0.00814397 0.00400000
v -0.05726153 0.01008213 0.00400000
v -0.03767025 0.02317199 0.00400000
v -0.05595980 0.00806666 0.00400000
v -0.05734069 0.01009205 0.00400000
v -0.03759069 0.02317795 0.00400000
v -0.05742025 0.01009801 0.00400000
v -0.03751153 0.02318787 0.00400000
v -0.03743297 0.02320172 0.00400000
v -0.03743297 -0.02320172 0.00400000
v -0.03735519 0.02321948 0.00400000
v -0.03735519 -0.02321948 0.00400000
v -0.03727839 0.02324108 0.00400000
v -0.03727839 -0.02324108 0.00400000
v -0.03720277 0.02326649 0.00400000
v 0.00016395 -0.01968771 0.00400000
v 0.00021796 -0.01967819 0.00400000
v 0.00010952 -0.01969453 0.00400000
v 0.00027143 -0.01966599 0.00400000
v 0.00005483 -0.01969863 0.00400000
v 0.00032423 -0.01965113 0.00400000
v -0.02009869 -0.02632198 0.00400000
v 0.00037622 -0.01963366 0.00400000
v 0.00042728 -0.01961362 0.00400000
v -0.02016570 -0.02636527 0.00400000
v 0.00047727 -0.01959107 0.00400000
v -0.02023479 -0.02640515 0.00400000
v -0.02030579 -0.02644155 0.00400000
v 0.00052608 -0.01956604 0.00400000
v 0.00057358 -0.01953862 0.00400000
v 0.00061965 -0.01950886 0.00400000
v 0.00066418 -0.01947685 0.00400000
v 0.00070707 -0.01944265 0.00400000
v 0.00074819 -0.01940636 0.00400000
v 0.00078745 -0.01936806 0.00400000
v 0.00082476 -0.01932785 0.00400000
v 0.00086001 -0.01928584 0.00400000
v 0.00089313 -0.01924212 0.00400000
v 0.00092403 -0.01919680 0.00400000
v 0.00095263 -0.01915000 0.00400000
v 0.00097886 -0.01910183 0.00400000
v 0.00100266 -0.01905242 0.00400000
v 0.00102396 -0.01900188 0.00400000
v 0.00104272 -0.01895034 0.00400000
v 0.00105889 -0.01889792 0.00400000
v 0.00107242 -0.01884477 0.00400000
v 0.00108329 -0.01879101 0.00400000
v 0.00109146 -0.01873678 0.00400000
v 0.00109692 -0.01868220 0.00400000
v 0.00109966 -0.01862742 0.00400000
v 0.00109966 -0.01857258 0.00400000
v -0.05742025 0.04990199 0.00400000
v 0.00109692 -0.01851780 0.00400000
v -0.05734069 0.04990795 0.00400000
v 0.00109146 -0.01846322 0.00400000
v -0.05726153 0.04991787 0.00400000
v -0.05718297 0.04993172 0.00400000
v 0.00108329 -0.01840899 0.00400000
v -0.05710519 0.04994948 0.00400000
v -0.03767025 0.03363199 0.00400000
v -0.03767025 0.02636801 0.00400000
v -0.03759069 0.02636205 0.00400000
v 0.00107242 -0.01835523 0.00400000
v -0.05702839 0.04997108 0.00400000
v -0.03759069 0.03363795 0.00400000
v -0.03751153 0.02635213 0.00400000
v 0.00105889 -0.01830208 0.00400000
v -0.05695277 0.04999649 0.00400000
v -0.03751153 0.03364787 0.00400000
v -0.03743297 0.02633828 0.00400000
v -0.05687850 0.05002564 0.00400000
v 0.00104272 -0.01824966 0.00400000
v -0.03743297 0.03366172 0.00400000
v -0.05680579 0.05005845 0.00400000
v 0.00102396 -0.01819812 0.00400000
v -0.03735519 0.03367948 0.00400000
v -0.03735519 0.02632052 0.00400000
v -0.05673479 0.05009485 0.00400000
v 0.00100266 -0.01814758 0.00400000
v -0.03727839 0.03370108 0.00400000
v -0.03727839 0.02629892 0.00400000
v -0.05666570 0.05013473 0.00400000
v -0.03720277 0.03372649 0.00400000
v -0.03720277 0.02627351 0.00400000
v 0.00097886 -0.01809817 0.00400000
v -0.05659869 0.05017802 0.00400000
v -0.03712850 0.03375564 0.00400000
v -0.03712850 0.02624436 0.00400000
v 0.00095263 -0.01805000 0.00400000
v -0.05653391 0.05022459 0.00400000
v -0.03705579 0.03378845 0.00400000
v -0.03705579 0.02621155 0.00400000
v 0.00092403 -0.01800320 0.00400000
v -0.05647154 0.05027433 0.00400000
v -0.03698479 0.03382485 0.00400000
v -0.03698479 0.02617515 0.00400000
v -0.03691570 0.02613527 0.00400000
v 0.00089313 -0.01795788 0.00400000
v -0.05641172 0.05032712 0.00400000
v -0.03691570 0.03386473 0.00400000
v 0.00086001 -0.01791416 0.00400000
v -0.05635461 0.05038282 0.00400000
v 0.00082476 -0.01787215 0.00400000
v -0.03684869 0.03390802 0.00400000
v -0.03684869 0.02609198 0.00400000
v -0.03678391 0.02604541 0.00400000
v -0.05630035 0.05044130 0.00400000
v 0.00078745 -0.01783194 0.00400000
v -0.03678391 0.03395459 0.00400000
v -0.05624907 0.05050242 0.00400000
v -0.03672154 0.03400433 0.00400000
v -0.03672154 0.02599567 0.00400000
v -0.05620090 0.05056601 0.00400000
v -0.03666172 0.03405712 0.00400000
v -0.03666172 0.02594288 0.00400000
v -0.05615596 0.05063193 0.00400000
v -0.03660461 0.03411282 0.00400000
v -0.03660461 0.02588718 0.00400000
v -0.05611436 0.05070000 0.00400000
v -0.03655035 0.03417130 0.00400000
v -0.03655035 0.02582870 0.00400000
v -0.05607621 0.05077006 0.00400000
v -0.03649907 0.03423242 0.00400000
v -0.03649907 0.02576758 0.00400000
v -0.05604159 0.05084194 0.00400000
v -0.03645090 0.03429601 0.00400000
v -0.03645090 0.02570399 0.00400000
v -0.05601060 0.05091545 0.00400000
v -0.03640596 0.03436193 0.00400000
v -0.03640596 0.02563807 0.00400000
v -0.05598332 0.05099042 0.00400000
v -0.05595980 0.05106666 0.00400000
v -0.05594012 0.05114397 0.00400000
v -0.05592431 0.05122216 0.00400000
v -0.05591242 0.05130105 0.00400000
v -0.05590447 0.05138043 0.00400000
v -0.05590050 0.05146011 0.00400000
v -0.05590050 0.05153989 0.00400000
v -0.05590447 0.05161957 0.00400000
v -0.05591242 0.05169895 0.00400000
v -0.05592431 0.05177784 0.00400000
v -0.05594012 0.05185603 0.00400000
v -0.03767025 0.03682801 0.00400000
v -0.05595980 0.05193334 0.00400000
v -0.03759069 0.03682205 0.00400000
v -0.05598332 0.05200958 0.00400000
v -0.03751153 0.03681213 0.00400000
v -0.05601060 0.05208455 0.00400000
v -0.03743297 0.03679828 0.00400000
v -0.05604159 0.05215806 0.00400000
v 0.02107975 -0.02659801 0.00400000
v 0.02115931 -0.02659205 0.00400000
v 0.02123847 -0.02658213 0.00400000
v 0.02131703 -0.02656828 0.00400000
v 0.02139481 -0.02655052 0.00400000
v 0.02147161 -0.02652892 0.00400000
v 0.02154723 -0.02650351 0.00400000
v 0.02162150 -0.02647436 0.00400000
v 0.02169421 -0.02644155 0.00400000
v 0.02176521 -0.02640515 0.00400000
v 0.02183430 -0.02636527 0.00400000
v 0.02190131 -0.02632198 0.00400000
v 0.02196609 -0.02627541 0.00400000
v 0.02202846 -0.02622567 0.00400000
v 0.02208828 -0.02617288 0.00400000
v 0.02214539 -0.02611718 0.00400000
v 0.02219965 -0.02605870 0.00400000
v 0.02225093 -0.02599758 0.00400000
v 0.02229910 -0.02593399 0.00400000
v -0.03660461 0.02365282 0.00400000
v -0.03655035 0.02371130 0.00400000
v -0.03666172 0.02359712 0.00400000
v -0.03649907 0.02377242 0.00400000
v -0.03672154 0.02354433 0.00400000
v -0.03645090 0.02383601 0.00400000
v -0.03678391 0.02349459 0.00400000
v -0.03640596 0.02390193 0.00400000
v -0.03684869 0.02344802 0.00400000
v -0.03636436 0.02397000 0.00400000
v -0.03691570 0.02340473 0.00400000
v -0.03632621 0.02404006 0.00400000
v 0.02234404 -0.02586807 0.00400000
v -0.03698479 0.02336485 0.00400000
v -0.03629159 0.02411194 0.00400000
v -0.03705579 0.02332845 0.00400000
v -0.03626060 0.02418545 0.00400000
v -0.03712850 0.02329564 0.00400000
v -0.03623332 0.02426042 0.00400000
v 0.02238564 -0.02580000 0.00400000
v -0.03620980 0.02433666 0.00400000
v -0.03619012 0.02441397 0.00400000
v -0.03617431 0.02449216 0.00400000
v -0.03616242 0.02457105 0.00400000
v -0.03615447 0.02465043 0.00400000
v -0.03615050 0.02473011 0.00400000
v -0.03615050 0.02480989 0.00400000
v -0.03615447 0.02488957 0.00400000
v -0.03616242 0.02496895 0.00400000
v -0.03617431 0.02504784 0.00400000
v -0.03619012 0.02512603 0.00400000
v -0.03620980 0.02520334 0.00400000
v -0.03623332 0.02527958 0.00400000
v -0.03626060 0.02535455 0.00400000
v -0.03629159 0.02542806 0.00400000
v -0.03632621 0.02549994 0.00400000
v -0.03636436 0.02557000 0.00400000
v -0.03636436 0.03443000 0.00400000
v -0.03632621 0.03450006 0.00400000
v -0.03629159 0.03457194 0.00400000
v -0.03626060 0.03464545 0.00400000
v -0.03623332 0.03472042 0.00400000
v -0.03620980 0.03479666 0.00400000
v -0.03619012 0.03487397 0.00400000
v 0.03782975 -0.03682801 0.00400000
v -0.03617431 0.03495216 0.00400000
v 0.03790931 -0.03682205 0.00400000
v 0.03798847 -0.03681213 0.00400000
v -0.03616242 0.03503105 0.00400000
v 0.03806703 -0.03679828 0.00400000
v -0.03615447 0.03511043 0.00400000
v 0.03814481 -0.03678052 0.00400000
v 0.05757975 -0.05309801 0.00400000
v 0.03822161 -0.03675892 0.00400000
v -0.03615050 0.03519011 0.00400000
v 0.05765931 -0.05309205 0.00400000
v 0.03829723 -0.03673351 0.00400000
v -0.03615050 0.03526989 0.00400000
v 0.05773847 -0.05308213 0.00400000
v 0.03837150 -0.03670436 0.00400000
v -0.03615447 0.03534957 0.00400000
v 0.05781703 -0.05306828 0.00400000
v 0.03844421 -0.03667155 0.00400000
v 0.05789481 -0.05305052 0.00400000
v -0.03616242 0.03542895 0.00400000
v 0.03851521 -0.03663515 0.00400000
v 0.05797161 -0.05302892 0.00400000
v -0.03617431 0.03550784 0.00400000
v 0.03858430 -0.03659527 0.00400000
v 0.05804723 -0.05300351 0.00400000
v -0.03619012 0.03558603 0.00400000
v 0.03865131 -0.03655198 0.00400000
v 0.05812150 -0.05297436 0.00400000
v -0.03620980 0.03566334 0.00400000
v 0.03871609 -0.03650541 0.00400000
v -0.03623332 0.03573958 0.00400000
v 0.05819421 -0.05294155 0.00400000
v 0.03877846 -0.03645567 0.00400000
v -0.03626060 0.03581455 0.00400000
v 0.05826521 -0.05290515 0.00400000
v 0.03883828 -0.03640288 0.00400000
v -0.03629159 0.03588806 0.00400000
v 0.05833430 -0.05286527 0.00400000
v -0.03632621 0.03595994 0.00400000
v 0.03889539 -0.03634718 0.00400000
v 0.05840131 -0.05282198 0.00400000
v -0.03636436 0.03603000 0.00400000
v 0.03894965 -0.03628870 0.00400000
v -0.02092025 0.02659801 0.00400000
v -0.03640596 0.03609807 0.00400000
v 0.05846609 -0.05277541 0.00400000
v 0.03900093 -0.03622758 0.00400000
v -0.02084069 0.02659205 0.00400000
v -0.03645090 0.03616399 0.00400000
v 0.05852846 -0.05272567 0.00400000
v -0.02076153 0.02658213 0.00400000
v -0.03649907 0.03622758 0.00400000
v 0.03904910 -0.03616399 0.00400000
v -0.02068297 0.02656828 0.00400000
v -0.03655035 0.03628870 0.00400000
v 0.05858828 -0.05267288 0.00400000
v -0.02060519 0.02655052 0.00400000
v -0.03660461 0.03634718 0.00400000
v 0.03909404 -0.03609807 0.00400000
v -0.02052839 0.02652892 0.00400000
v -0.03666172 0.03640288 0.00400000
v 0.05864539 -0.05261718 0.00400000
v -0.02045277 0.02650351 0.00400000
v 0.03913564 -0.03603000 0.00400000
v 0.05869965 -0.05255870 0.00400000
v 0.03917379 -0.03595994 0.00400000
v 0.05875093 -0.05249758 0.00400000
v 0.03920841 -0.03588806 0.00400000
v 0.05879910 -0.05243399 0.00400000
v 0.03923940 -0.03581455 0.00400000
v 0.05884404 -0.05236807 0.00400000
v 0.03926668 -0.03573958 0.00400000
v 0.05888564 -0.05230000 0.00400000
v 0.03929020 -0.03566334 0.00400000
v 0.05892379 -0.05222994 0.00400000
v 0.03930988 -0.03558603 0.00400000
v 0.05895841 -0.05215806 0.00400000
v 0.03932569 -0.03550784 0.00400000
v 0.05898940 -0.05208455 0.00400000
v 0.03933758 -0.03542895 0.00400000
v 0.05901668 -0.05200958 0.00400000
v 0.03934553 -0.03534957 0.00400000
v 0.05904020 -0.05193334 0.00400000
v 0.03934950 -0.03526989 0.00400000
v 0.05905988 -0.05185603 0.00400000
v 0.03934950 -0.03519011 0.00400000
v 0.05907569 -0.05177784 0.00400000
v 0.03934553 -0.03511043 0.00400000
v 0.05908758 -0.05169895 0.00400000
v 0.03933758 -0.03503105 0.00400000
v 0.03932569 -0.03495216 0.00400000
v 0.03930988 -0.03487397 0.00400000
v 0.05757975 -0.04990199 0.00400000
v -0.02092025 0.02340199 0.00400000
v -0.02084069 0.02340795 0.00400000
v -0.02092025 -0.02340199 0.00400000
v -0.02076153 0.02341787 0.00400000
v -0.02084069 -0.02340795 0.00400000
v -0.02068297 0.02343172 0.00400000
v -0.02076153 -0.02341787 0.00400000
v -0.02060519 0.02344948 0.00400000
v -0.02052839 0.02347108 0.00400000
v -0.02068297 -0.02343172 0.00400000
v -0.02045277 0.02349649 0.00400000
v -0.02037850 0.02352564 0.00400000
v -0.02030579 0.02355845 0.00400000
v -0.02023479 0.02359485 0.00400000
v -0.02016570 0.02363473 0.00400000
v -0.02009869 0.02367802 0.00400000
v -0.02003391 0.02372459 0.00400000
v -0.01997154 0.02377433 0.00400000
v -0.00874517 0.01750137 0.00400000
v -0.01991172 0.02382712 0.00400000
v -0.00869048 0.01750547 0.00400000
v -0.01985461 0.02388282 0.00400000
v -0.00863605 0.01751229 0.00400000
v -0.01980035 0.02394130 0.00400000
v -0.00858204 0.01752181 0.00400000
v -0.00852857 0.01753402 0.00400000
v -0.01974907 0.02400242 0.00400000
v -0.00847577 0.01754887 0.00400000
v -0.01970090 0.02406601 0.00400000
v -0.00842378 0.01756634 0.00400000
v -0.01965596 0.02413193 0.00400000
v -0.00837272 0.01758638 0.00400000
v -0.01961436 0.02420000 0.00400000
v -0.00832273 0.01760893 0.00400000
v -0.01957621 0.02427006 0.00400000
v -0.01954159 0.02434194 0.00400000
v -0.01951060 0.02441545 0.00400000
v -0.01948332 0.02449042 0.00400000
v -0.01945980 0.02456666 0.00400000
v -0.01944012 0.02464397 0.00400000
v -0.01942431 0.02472216 0.00400000
v -0.01941242 0.02480105 0.00400000
v -0.01940447 0.02488043 0.00400000
v -0.05742025 0.05309801 0.00400000
v -0.05734069 0.05309205 0.00400000
v -0.05726153 0.05308213 0.00400000
v -0.05718297 0.05306828 0.00400000
v -0.05710519 0.05305052 0.00400000
v -0.05702839 0.05302892 0.00400000
v -0.05695277 0.05300351 0.00400000
v -0.05687850 0.05297436 0.00400000
v -0.05680579 0.05294155 0.00400000
v -0.05673479 0.05290515 0.00400000
v -0.05666570 0.05286527 0.00400000
v -0.05659869 0.05282198 0.00400000
v -0.05653391 0.05277541 0.00400000
v -0.01940050 0.02496011 0.00400000
v -0.01940050 0.02503989 0.00400000
v -0.01940447 0.02511957 0.00400000
v -0.01941242 0.02519895 0.00400000
v -0.01942431 0.02527784 0.00400000
v -0.01944012 0.02535603 0.00400000
v -0.01945980 0.02543334 0.00400000
v -0.01948332 0.02550958 0.00400000
v -0.01951060 0.02558455 0.00400000
v -0.01954159 0.02565806 0.00400000
v -0.01957621 0.02572994 0.00400000
v 0.02242379 -0.02572994 0.00400000
v 0.02245841 -0.02565806 0.00400000
v -0.01961436 0.02580000 0.00400000
v 0.02248940 -0.02558455 0.00400000
v -0.01965596 0.02586807 0.00400000
v 0.02251668 -0.02550958 0.00400000
v -0.00874517 0.01969863 0.00400000
v -0.01970090 0.02593399 0.00400000
v 0.02254020 -0.02543334 0.00400000
v -0.00869048 0.01969453 0.00400000
v -0.01974907 0.02599758 0.00400000
v 0.02255988 -0.02535603 0.00400000
v -0.00863605 0.01968771 0.00400000
v -0.01980035 0.02605870 0.00400000
v 0.02257569 -0.02527784 0.00400000
v -0.00858204 0.01967819 0.00400000
v -0.01985461 0.02611718 0.00400000
v 0.02258758 -0.02519895 0.00400000
v -0.00852857 0.01966599 0.00400000
v -0.01991172 0.02617288 0.00400000
v -0.00847577 0.01965113 0.00400000
v 0.02259553 -0.02511957 0.00400000
v 0.02259950 -0.02503989 0.00400000
v 0.02259950 -0.02496011 0.00400000
v 0.02259553 -0.02488043 0.00400000
v 0.03782975 -0.02636801 0.00400000
v 0.03782975 -0.03363199 0.00400000
v 0.02258758 -0.02480105 0.00400000
v 0.03790931 -0.02636205 0.00400000
v 0.03790931 -0.03363795 0.00400000
v 0.02257569 -0.02472216 0.00400000
v 0.03798847 -0.02635213 0.00400000
v 0.03798847 -0.03364787 0.00400000
v 0.02255988 -0.02464397 0.00400000
v 0.03806703 -0.02633828 0.00400000
v 0.03806703 -0.03366172 0.00400000
v 0.02254020 -0.02456666 0.00400000
v 0.03814481 -0.02632052 0.00400000
v 0.03814481 -0.03367948 0.00400000
v 0.02251668 -0.02449042 0.00400000
v 0.03822161 -0.02629892 0.00400000
v 0.03822161 -0.03370108 0.00400000
v 0.03829723 -0.03372649 0.00400000
v 0.02248940 -0.02441545 0.00400000
v 0.03829723 -0.02627351 0.00400000
v 0.02245841 -0.02434194 0.00400000
v 0.03837150 -0.02624436 0.00400000
v 0.03837150 -0.03375564 0.00400000
v 0.03844421 -0.03378845 0.00400000
v 0.02242379 -0.02427006 0.00400000
v 0.03844421 -0.02621155 0.00400000
v 0.03851521 -0.03382485 0.00400000
v 0.02238564 -0.02420000 0.00400000
v 0.03851521 -0.02617515 0.00400000
v 0.03858430 -0.03386473 0.00400000
v 0.02234404 -0.02413193 0.00400000
v 0.03858430 -0.02613527 0.00400000
v 0.02229910 -0.02406601 0.00400000
v 0.03865131 -0.02609198 0.00400000
v 0.03865131 -0.03390802 0.00400000
v 0.02225093 -0.02400242 0.00400000
v 0.03871609 -0.02604541 0.00400000
v 0.03871609 -0.03395459 0.00400000
v 0.02219965 -0.02394130 0.00400000
v 0.03877846 -0.02599567 0.00400000
v 0.03877846 -0.03400433 0.00400000
v 0.02214539 -0.02388282 0.00400000
v 0.03883828 -0.02594288 0.00400000
v 0.03883828 -0.03405712 0.00400000
v 0.02208828 -0.02382712 0.00400000
v 0.03889539 -0.02588718 0.00400000
v 0.03889539 -0.03411282 0.00400000
v 0.02202846 -0.02377433 0.00400000
v 0.03894965 -0.02582870 0.00400000
v 0.03894965 -0.03417130 0.00400000
v 0.02196609 -0.02372459 0.00400000
v 0.03900093 -0.02576758 0.00400000
v 0.03900093 -0.03423242 0.00400000
v 0.02190131 -0.02367802 0.00400000
v 0.03904910 -0.02570399 0.00400000
v 0.03904910 -0.03429601 0.00400000
v 0.03909404 -0.03436193 0.00400000
v 0.02183430 -0.02363473 0.00400000
v 0.03909404 -0.02563807 0.00400000
v 0.03913564 -0.03443000 0.00400000
v 0.02176521 -0.02359485 0.00400000
v 0.03913564 -0.02557000 0.00400000
v 0.02169421 -0.02355845 0.00400000
v 0.03917379 -0.02549994 0.00400000
v 0.03917379 -0.03450006 0.00400000
v 0.02162150 -0.02352564 0.00400000
v 0.03920841 -0.02542806 0.00400000
v 0.03920841 -0.03457194 0.00400000
v 0.02154723 -0.02349649 0.00400000
v 0.03923940 -0.02535455 0.00400000
v 0.03923940 -0.03464545 0.00400000
v 0.02147161 -0.02347108 0.00400000
v 0.03926668 -0.02527958 0.00400000
v 0.03926668 -0.03472042 0.00400000
v 0.03929020 -0.03479666 0.00400000
v 0.03929020 -0.02520334 0.00400000
v 0.03930988 -0.02512603 0.00400000
v -0.03735519 0.03678052 0.00400000
v -0.03727839 0.03675892 0.00400000
v -0.03720277 0.03673351 0.00400000
v -0.03712850 0.03670436 0.00400000
v -0.03705579 0.03667155 0.00400000
v -0.03698479 0.03663515 0.00400000
v -0.03691570 0.03659527 0.00400000
v -0.03684869 0.03655198 0.00400000
v -0.03678391 0.03650541 0.00400000
v -0.03672154 0.03645567 0.00400000
v -0.05647154 0.05272567 0.00400000
v -0.05641172 0.05267288 0.00400000
v -0.05635461 0.05261718 0.00400000
v -0.05630035 0.05255870 0.00400000
v -0.05624907 0.05249758 0.00400000
v -0.05620090 0.05243399 0.00400000
v -0.05615596 0.05236807 0.00400000
v -0.05611436 0.05230000 0.00400000
v -0.05607621 0.05222994 0.00400000
v -0.00805181 0.01779364 0.00400000
v -0.00801255 0.01783194 0.00400000
v -0.00797524 0.01787215 0.00400000
v -0.00809293 0.01775735 0.00400000
v -0.00793999 0.01791416 0.00400000
v -0.00813582 0.01772315 0.00400000
v -0.00790687 0.01795788 0.00400000
v -0.00818035 0.01769114 0.00400000
v -0.00787597 0.01800320 0.00400000
v -0.00822642 0.01766138 0.00400000
v -0.00827392 0.01763396 0.00400000
v -0.00784737 0.01805000 0.00400000
v -0.00782114 0.01809817 0.00400000
v 0.00005483 -0.01750137 0.00400000
v -0.00779734 0.01814758 0.00400000
v 0.00010952 -0.01750547 0.00400000
v -0.00777604 0.01819812 0.00400000
v 0.00016395 -0.01751229 0.00400000
v -0.00775728 0.01824966 0.00400000
v -0.00774111 0.01830208 0.00400000
v 0.00021796 -0.01752181 0.00400000
v 0.00027143 -0.01753402 0.00400000
v -0.00772758 0.01835523 0.00400000
v -0.00771671 0.01840899 0.00400000
v 0.00032423 -0.01754887 0.00400000
v 0.00037622 -0.01756634 0.00400000
v -0.00770854 0.01846322 0.00400000
v 0.00042728 -0.01758638 0.00400000
v -0.00770308 0.01851780 0.00400000
v 0.00047727 -0.01760893 0.00400000
v -0.00770034 0.01857258 0.00400000
v 0.00052608 -0.01763396 0.00400000
v -0.00770034 0.01862742 0.00400000
v -0.00770308 0.01868220 0.00400000
v 0.00885483 0.01750137 0.00400000
v 0.00057358 -0.01766138 0.00400000
v -0.00770854 0.01873678 0.00400000
v 0.00890952 0.01750547 0.00400000
v 0.00061965 -0.01769114 0.00400000
v 0.00896395 0.01751229 0.00400000
v 0.00066418 -0.01772315 0.00400000
v -0.00771671 0.01879101 0.00400000
v -0.00772758 0.01884477 0.00400000
v 0.00901796 0.01752181 0.00400000
v 0.00070707 -0.01775735 0.00400000
v 0.00907143 0.01753402 0.00400000
v 0.00074819 -0.01779364 0.00400000
v -0.00774111 0.01889792 0.00400000
v 0.00912423 0.01754887 0.00400000
v -0.00775728 0.01895034 0.00400000
v 0.00917622 0.01756634 0.00400000
v -0.00777604 0.01900188 0.00400000
v -0.00779734 0.01905242 0.00400000
v 0.00922728 0.01758638 0.00400000
v -0.00782114 0.01910183 0.00400000
v 0.00927727 0.01760893 0.00400000
v -0.00784737 0.01915000 0.00400000
v 0.00932608 0.01763396 0.00400000
v -0.00787597 0.01919680 0.00400000
v 0.00937358 0.01766138 0.00400000
v 0.00941965 0.01769114 0.00400000
v 0.02107975 -0.02340199 0.00400000
v -0.00790687 0.01924212 0.00400000
v 0.00946418 0.01772315 0.00400000
v 0.02115931 -0.02340795 0.00400000
v -0.00793999 0.01928584 0.00400000
v 0.00950707 0.01775735 0.00400000
v 0.02123847 -0.02341787 0.00400000
v -0.00797524 0.01932785 0.00400000
v -0.00801255 0.01936806 0.00400000
v 0.00954819 0.01779364 0.00400000
v -0.00805181 0.01940636 0.00400000
v -0.00809293 0.01944265 0.00400000
v -0.00813582 0.01947685 0.00400000
v -0.00818035 0.01950886 0.00400000
v -0.00822642 0.01953862 0.00400000
v -0.00827392 0.01956604 0.00400000
v -0.00832273 0.01959107 0.00400000
v -0.00837272 0.01961362 0.00400000
v -0.00842378 0.01963366 0.00400000
v 0.00989146 0.01873678 0.00400000
v 0.00988329 0.01879101 0.00400000
v 0.00989692 0.01868220 0.00400000
v 0.00987242 0.01884477 0.00400000
v 0.00985889 0.01889792 0.00400000
v 0.00989966 0.01862742 0.00400000
v 0.00984272 0.01895034 0.00400000
v 0.00989966 0.01857258 0.00400000
v 0.00982396 0.01900188 0.00400000
v 0.00989692 0.01851780 0.00400000
v 0.00980266 0.01905242 0.00400000
v 0.00989146 0.01846322 0.00400000
v 0.00977886 0.01910183 0.00400000
v 0.00988329 0.01840899 0.00400000
v 0.00975263 0.01915000 0.00400000
v 0.00987242 0.01835523 0.00400000
v 0.00972403 0.01919680 0.00400000
v 0.00985889 0.01830208 0.00400000
v 0.00969313 0.01924212 0.00400000
v 0.00984272 0.01824966 0.00400000
v 0.00966001 0.01928584 0.00400000
v 0.00982396 0.01819812 0.00400000
v 0.00962476 0.01932785 0.00400000
v 0.00980266 0.01814758 0.00400000
v 0.00958745 0.01936806 0.00400000
v 0.00977886 0.01809817 0.00400000
v 0.00954819 0.01940636 0.00400000
v 0.00975263 0.01805000 0.00400000
v 0.00950707 0.01944265 0.00400000
v 0.00972403 0.01800320 0.00400000
v 0.00946418 0.01947685 0.00400000
v 0.00941965 0.01950886 0.00400000
v 0.00969313 0.01795788 0.00400000
v 0.00937358 0.01953862 0.00400000
v 0.00966001 0.01791416 0.00400000
v 0.00932608 0.01956604 0.00400000
v 0.02107975 0.02340199 0.00400000
v 0.00962476 0.01787215 0.00400000
v 0.00927727 0.01959107 0.00400000
v 0.02115931 0.02340795 0.00400000
v 0.00958745 0.01783194 0.00400000
v 0.00922728 0.01961362 0.00400000
v 0.02123847 0.02341787 0.00400000
v 0.02131703 -0.02343172 0.00400000
v 0.00917622 0.01963366 0.00400000
v 0.02131703 0.02343172 0.00400000
v 0.00912423 0.01965113 0.00400000
v 0.02139481 0.02344948 0.00400000
v 0.02139481 -0.02344948 0.00400000
v 0.00907143 0.01966599 0.00400000
v 0.02147161 0.02347108 0.00400000
v 0.00901796 0.01967819 0.00400000
v 0.00896395 0.01968771 0.00400000
v 0.00890952 0.01969453 0.00400000
v 0.00885483 0.01969863 0.00400000
v -0.01997154 0.02622567 0.00400000
v -0.02003391 0.02627541 0.00400000
v -0.02009869 0.02632198 0.00400000
v -0.02016570 0.02636527 0.00400000
v -0.02023479 0.02640515 0.00400000
v -0.02030579 0.02644155 0.00400000
v 0.03909404 -0.02390193 0.00400000
v 0.03904910 -0.02383601 0.00400000
v 0.03913564 -0.02397000 0.00400000
v 0.03900093 -0.02377242 0.00400000
v 0.03917379 -0.02404006 0.00400000
v 0.03894965 -0.02371130 0.00400000
v 0.03920841 -0.02411194 0.00400000
v 0.03889539 -0.02365282 0.00400000
v 0.03923940 -0.02418545 0.00400000
v 0.03883828 -0.02359712 0.00400000
v 0.03926668 -0.02426042 0.00400000
v 0.03877846 -0.02354433 0.00400000
v 0.03929020 -0.02433666 0.00400000
v 0.03871609 -0.02349459 0.00400000
v 0.03930988 -0.02441397 0.00400000
v 0.03865131 -0.02344802 0.00400000
v 0.03932569 -0.02449216 0.00400000
v 0.03858430 -0.02340473 0.00400000
v 0.03933758 -0.02457105 0.00400000
v 0.03851521 -0.02336485 0.00400000
v 0.03934553 -0.02465043 0.00400000
v 0.03844421 -0.02332845 0.00400000
v 0.03934950 -0.02473011 0.00400000
v 0.03837150 -0.02329564 0.00400000
v 0.03934950 -0.02480989 0.00400000
v 0.03829723 -0.02326649 0.00400000
v 0.03934553 -0.02488957 0.00400000
v 0.03822161 -0.02324108 0.00400000
v 0.03933758 -0.02496895 0.00400000
v 0.03814481 -0.02321948 0.00400000
v 0.03932569 -0.02504784 0.00400000
v 0.03806703 -0.02320172 0.00400000
v 0.03798847 -0.02318787 0.00400000
v 0.05757975 -0.01009801 0.00400000
v 0.03790931 -0.02317795 0.00400000
v 0.05765931 -0.01009205 0.00400000
v 0.05765931 -0.04990795 0.00400000
v 0.03782975 -0.02317199 0.00400000
v 0.05773847 -0.01008213 0.00400000
v 0.05773847 -0.04991787 0.00400000
v 0.05781703 -0.04993172 0.00400000
v 0.05781703 -0.01006828 0.00400000
v 0.05789481 -0.01005052 0.00400000
v 0.05789481 -0.04994948 0.00400000
v 0.05797161 -0.01002892 0.00400000
v 0.05797161 -0.04997108 0.00400000
v 0.05804723 -0.04999649 0.00400000
v 0.05804723 -0.01000351 0.00400000
v 0.05812150 -0.00997436 0.00400000
v 0.05812150 -0.05002564 0.00400000
v 0.05819421 -0.00994155 0.00400000
v 0.05819421 -0.05005845 0.00400000
v 0.05826521 -0.00990515 0.00400000
v 0.05826521 -0.05009485 0.00400000
v 0.05833430 -0.00986527 0.00400000
v 0.05833430 -0.05013473 0.00400000
v 0.05840131 -0.00982198 0.00400000
v 0.05840131 -0.05017802 0.00400000
v 0.05846609 -0.00977541 0.00400000
v 0.05846609 -0.05022459 0.00400000
v 0.05852846 -0.05027433 0.00400000
v 0.05852846 -0.00972567 0.00400000
v 0.05858828 -0.00967288 0.00400000
v 0.05858828 -0.05032712 0.00400000
v 0.05864539 -0.05038282 0.00400000
v 0.05864539 -0.00961718 0.00400000
v 0.05869965 -0.05044130 0.00400000
v 0.05869965 -0.00955870 0.00400000
v 0.05875093 -0.00949758 0.00400000
v 0.05875093 -0.05050242 0.00400000
v 0.05879910 -0.00943399 0.00400000
v 0.05879910 -0.05056601 0.00400000
v 0.05884404 -0.00936807 0.00400000
v 0.05884404 -0.05063193 0.00400000
v 0.05888564 -0.05070000 0.00400000
v 0.05888564 -0.00930000 0.00400000
v 0.05892379 -0.05077006 0.00400000
v 0.05892379 -0.00922994 0.00400000
v 0.05895841 -0.05084194 0.00400000
v 0.05895841 -0.00915806 0.00400000
v 0.05898940 -0.00908455 0.00400000
v 0.05898940 -0.05091545 0.00400000
v 0.05901668 -0.00900958 0.00400000
v 0.05901668 -0.05099042 0.00400000
v 0.02208828 0.02382712 0.00400000
v 0.02214539 0.02388282 0.00400000
v 0.02202846 0.02377433 0.00400000
v 0.02219965 0.02394130 0.00400000
v 0.02196609 0.02372459 0.00400000
v 0.02225093 0.02400242 0.00400000
v 0.02190131 0.02367802 0.00400000
v 0.02229910 0.02406601 0.00400000
v 0.02183430 0.02363473 0.00400000
v 0.02234404 0.02413193 0.00400000
v 0.02176521 0.02359485 0.00400000
v 0.02238564 0.02420000 0.00400000
v 0.02169421 0.02355845 0.00400000
v 0.02242379 0.02427006 0.00400000
v 0.02162150 0.02352564 0.00400000
v 0.02245841 0.02434194 0.00400000
v 0.02154723 0.02349649 0.00400000
v 0.02248940 0.02441545 0.00400000
v 0.02251668 0.02449042 0.00400000
v 0.02254020 0.02456666 0.00400000
v 0.02255988 0.02464397 0.00400000
v 0.02257569 0.02472216 0.00400000
v 0.02258758 0.02480105 0.00400000
v 0.02259553 0.02488043 0.00400000
v 0.02259950 0.02496011 0.00400000
v 0.02259950 0.02503989 0.00400000
v 0.02259553 0.02511957 0.00400000
v 0.02258758 0.02519895 0.00400000
v 0.02257569 0.02527784 0.00400000
v 0.02255988 0.02535603 0.00400000
v 0.02254020 0.02543334 0.00400000
v 0.02251668 0.02550958 0.00400000
v 0.02248940 0.02558455 0.00400000
v 0.02245841 0.02565806 0.00400000
v 0.02242379 0.02572994 0.00400000
v 0.02238564 0.02580000 0.00400000
v 0.03782975 0.02317199 0.00400000
v 0.03790931 0.02317795 0.00400000
v 0.03798847 0.02318787 0.00400000
v 0.03806703 0.02320172 0.00400000
v 0.03814481 0.02321948 0.00400000
v 0.05757975 0.00690199 0.00400000
v 0.05757975 -0.00690199 0.00400000
v 0.05765931 -0.00690795 0.00400000
v 0.03822161 0.02324108 0.00400000
v 0.05765931 0.00690795 0.00400000
v 0.03829723 0.02326649 0.00400000
v 0.05773847 0.00691787 0.00400000
v 0.05773847 -0.00691787 0.00400000
v 0.03837150 0.02329564 0.00400000
v 0.05781703 0.00693172 0.00400000
v 0.05781703 -0.00693172 0.00400000
v 0.05789481 -0.00694948 0.00400000
v 0.03844421 0.02332845 0.00400000
v 0.05789481 0.00694948 0.00400000
v 0.05797161 -0.00697108 0.00400000
v 0.03851521 0.02336485 0.00400000
v 0.05797161 0.00697108 0.00400000
v 0.03858430 0.02340473 0.00400000
v 0.05804723 0.00699649 0.00400000
v 0.05804723 -0.00699649 0.00400000
v 0.03865131 0.02344802 0.00400000
v 0.05812150 0.00702564 0.00400000
v 0.05812150 -0.00702564 0.00400000
v 0.03871609 0.02349459 0.00400000
v 0.05819421 0.00705845 0.00400000
v 0.05819421 -0.00705845 0.00400000
v 0.03877846 0.02354433 0.00400000
v 0.05826521 0.00709485 0.00400000
v 0.05826521 -0.00709485 0.00400000
v 0.05833430 -0.00713473 0.00400000
v 0.03883828 0.02359712 0.00400000
v 0.05833430 0.00713473 0.00400000
v 0.05840131 -0.00717802 0.00400000
v 0.03889539 0.02365282 0.00400000
v 0.05840131 0.00717802 0.00400000
v 0.03894965 0.02371130 0.00400000
v 0.05846609 0.00722459 0.00400000
v 0.05846609 -0.00722459 0.00400000
v 0.03900093 0.02377242 0.00400000
v 0.05852846 0.00727433 0.00400000
v 0.05852846 -0.00727433 0.00400000
v 0.03904910 0.02383601 0.00400000
v 0.05858828 0.00732712 0.00400000
v 0.05858828 -0.00732712 0.00400000
v 0.03909404 0.02390193 0.00400000
v 0.05864539 0.00738282 0.00400000
v 0.05864539 -0.00738282 0.00400000
v 0.03913564 0.02397000 0.00400000
v 0.05869965 0.00744130 0.00400000
v 0.05869965 -0.00744130 0.00400000
v 0.03917379 0.02404006 0.00400000
v 0.05875093 0.00750242 0.00400000
v 0.05875093 -0.00750242 0.00400000
v 0.03920841 0.02411194 0.00400000
v 0.05879910 0.00756601 0.00400000
v 0.05879910 -0.00756601 0.00400000
v 0.05884404 -0.00763193 0.00400000
v 0.03923940 0.02418545 0.00400000
v 0.05884404 0.00763193 0.00400000
v 0.03926668 0.02426042 0.00400000
v 0.05888564 0.00770000 0.00400000
v 0.05888564 -0.00770000 0.00400000
v 0.05892379 -0.00777006 0.00400000
v 0.03929020 0.02433666 0.00400000
v 0.05892379 0.00777006 0.00400000
v 0.03930988 0.02441397 0.00400000
v 0.05895841 0.00784194 0.00400000
v 0.05895841 -0.00784194 0.00400000
v 0.05898940 -0.00791545 0.00400000
v 0.03932569 0.02449216 0.00400000
v 0.05898940 0.00791545 0.00400000
v 0.05901668 -0.00799042 0.00400000
v 0.03933758 0.02457105 0.00400000
v 0.05901668 0.00799042 0.00400000
v 0.03934553 0.02465043 0.00400000
v 0.05904020 0.00806666 0.00400000
v 0.05904020 -0.00806666 0.00400000
v 0.05905988 -0.00814397 0.00400000
v 0.03934950 0.02473011 0.00400000
v 0.05905988 0.00814397 0.00400000
v 0.03934950 0.02480989 0.00400000
v 0.05907569 0.00822216 0.00400000
v 0.05907569 -0.00822216 0.00400000
v 0.03934553 0.02488957 0.00400000
v 0.03933758 0.02496895 0.00400000
v 0.03932569 0.02504784 0.00400000
v 0.02234404 0.02586807 0.00400000
v 0.02229910 0.02593399 0.00400000
v 0.02225093 0.02599758 0.00400000
v 0.02219965 0.02605870 0.00400000
v 0.02214539 0.02611718 0.00400000
v 0.02208828 0.02617288 0.00400000
v 0.02202846 0.02622567 0.00400000
v 0.02196609 0.02627541 0.00400000
v 0.02190131 0.02632198 0.00400000
v 0.02183430 0.02636527 0.00400000
v 0.02176521 0.02640515 0.00400000
v 0.03782975 0.02636801 0.00400000
v 0.02169421 0.02644155 0.00400000
v 0.03782975 0.03363199 0.00400000
v 0.03790931 0.02636205 0.00400000
v 0.02162150 0.02647436 0.00400000
v 0.03790931 0.03363795 0.00400000
v 0.03798847 0.02635213 0.00400000
v 0.02154723 0.02650351 0.00400000
v 0.03798847 0.03364787 0.00400000
v 0.02147161 0.02652892 0.00400000
v 0.03806703 0.03366172 0.00400000
v 0.03806703 0.02633828 0.00400000
v 0.03814481 0.02632052 0.00400000
v 0.02139481 0.02655052 0.00400000
v 0.03814481 0.03367948 0.00400000
v 0.02131703 0.02656828 0.00400000
v 0.03822161 0.03370108 0.00400000
v 0.03822161 0.02629892 0.00400000
v 0.02123847 0.02658213 0.00400000
v 0.03829723 0.03372649 0.00400000
v 0.03829723 0.02627351 0.00400000
v 0.02115931 0.02659205 0.00400000
v 0.03837150 0.03375564 0.00400000
v 0.03837150 0.02624436 0.00400000
v 0.02107975 0.02659801 0.00400000
v 0.03844421 0.03378845 0.00400000
v 0.03844421 0.02621155 0.00400000
v 0.03851521 0.02617515 0.00400000
v 0.03851521 0.03382485 0.00400000
v 0.03858430 0.02613527 0.00400000
v 0.03858430 0.03386473 0.00400000
v 0.03865131 0.03390802 0.00400000
v 0.03865131 0.02609198 0.00400000
v 0.03871609 0.03395459 0.00400000
v 0.03871609 0.02604541 0.00400000
v 0.03865131 0.02609198 0.00000000
v 0.03871609 0.03395459 0.00000000
v 0.03865131 0.03390802 0.00000000
v 0.03871609 0.02604541 0.00000000
v 0.03877846 0.03400433 0.00000000
v 0.03877846 0.02599567 0.00000000
v 0.03883828 0.02594288 0.00000000
v 0.03883828 0.03405712 0.00000000
v 0.03889539 0.03411282 0.00000000
v 0.03889539 0.02588718 0.00000000
v 0.03894965 0.03417130 0.00000000
v 0.03894965 0.02582870 0.00000000
v -0.05500000 -0.07500000 0.00000000
v -0.06000000 -0.07000000 0.00000000
v 0.03900093 0.03423242 0.00000000
v 0.03900093 0.02576758 0.00000000
v 0.03904910 0.02570399 0.00000000
v 0.03904910 0.03429601 0.00000000
v 0.03909404 0.03436193 0.00000000
v 0.03909404 0.02563807 0.00000000
v 0.03913564 0.02557000 0.00000000
v 0.03913564 0.03443000 0.00000000
v 0.03917379 0.02549994 0.00000000
v 0.03917379 0.03450006 0.00000000
v 0.03920841 0.02542806 0.00000000
v 0.03920841 0.03457194 0.00000000
v 0.03923940 0.02535455 0.00000000
v 0.03923940 0.03464545 0.00000000
v 0.03926668 0.02527958 0.00000000
v 0.03926668 0.03472042 0.00000000
v -0.05742025 -0.05309801 0.00000000
v -0.05734069 -0.05309205 0.00000000
v -0.05726153 -0.05308213 0.00000000
v 0.03929020 0.02520334 0.00000000
v 0.03929020 0.03479666 0.00000000
v 0.03930988 0.02512603 0.00000000
v -0.05718297 -0.05306828 0.00000000
v -0.05710519 -0.05305052 0.00000000
v 0.03930988 0.03487397 0.00000000
v -0.05702839 -0.05302892 0.00000000
v -0.05695277 -0.05300351 0.00000000
v -0.05687850 -0.05297436 0.00000000
v -0.05680579 -0.05294155 0.00000000
v -0.05673479 -0.05290515 0.00000000
v -0.05666570 -0.05286527 0.00000000
v -0.05659869 -0.05282198 0.00000000
v -0.05653391 -0.05277541 0.00000000
v -0.05647154 -0.05272567 0.00000000
v -0.05641172 -0.05267288 0.00000000
v -0.05635461 -0.05261718 0.00000000
v -0.05630035 -0.05255870 0.00000000
v -0.05624907 -0.05249758 0.00000000
v -0.05620090 -0.05243399 0.00000000
v -0.05615596 -0.05236807 0.00000000
v -0.05611436 -0.05230000 0.00000000
v -0.05607621 -0.05222994 0.00000000
v -0.05604159 -0.05215806 0.00000000
v 0.03909404 0.03609807 0.00000000
v 0.03904910 0.03616399 0.00000000
v 0.03913564 0.03603000 0.00000000
v 0.03900093 0.03622758 0.00000000
v 0.03917379 0.03595994 0.00000000
v 0.03894965 0.03628870 0.00000000
v -0.05615596 -0.05063193 0.00000000
v -0.05620090 -0.05056601 0.00000000
v -0.05611436 -0.05070000 0.00000000
v 0.03920841 0.03588806 0.00000000
v -0.05624907 -0.05050242 0.00000000
v 0.03889539 0.03634718 0.00000000
v -0.05607621 -0.05077006 0.00000000
v 0.03923940 0.03581455 0.00000000
v -0.05630035 -0.05044130 0.00000000
v -0.05604159 -0.05084194 0.00000000
v 0.03883828 0.03640288 0.00000000
v 0.03926668 0.03573958 0.00000000
v -0.05635461 -0.05038282 0.00000000
v -0.05601060 -0.05091545 0.00000000
v 0.03877846 0.03645567 0.00000000
v -0.05641172 -0.05032712 0.00000000
v -0.05598332 -0.05099042 0.00000000
v 0.03929020 0.03566334 0.00000000
v -0.05647154 -0.05027433 0.00000000
v -0.05595980 -0.05106666 0.00000000
v 0.03871609 0.03650541 0.00000000
v -0.05653391 -0.05022459 0.00000000
v 0.03930988 0.03558603 0.00000000
v -0.05594012 -0.05114397 0.00000000
v 0.03865131 0.03655198 0.00000000
v -0.05659869 -0.05017802 0.00000000
v 0.03932569 0.03550784 0.00000000
v -0.05592431 -0.05122216 0.00000000
v 0.03858430 0.03659527 0.00000000
v -0.05666570 -0.05013473 0.00000000
v -0.05591242 -0.05130105 0.00000000
v 0.03933758 0.03542895 0.00000000
v -0.05673479 -0.05009485 0.00000000
v 0.03851521 0.03663515 0.00000000
v -0.05590447 -0.05138043 0.00000000
v 0.03934553 0.03534957 0.00000000
v -0.05680579 -0.05005845 0.00000000
v -0.05590050 -0.05146011 0.00000000
v 0.03844421 0.03667155 0.00000000
v -0.05687850 -0.05002564 0.00000000
v 0.03934950 0.03526989 0.00000000
v -0.05590050 -0.05153989 0.00000000
v 0.03837150 0.03670436 0.00000000
v -0.05695277 -0.04999649 0.00000000
v -0.05590447 -0.05161957 0.00000000
v 0.03934950 0.03519011 0.00000000
v -0.05702839 -0.04997108 0.00000000
v 0.03829723 0.03673351 0.00000000
v -0.05591242 -0.05169895 0.00000000
v -0.05710519 -0.04994948 0.00000000
v 0.03934553 0.03511043 0.00000000
v -0.05592431 -0.05177784 0.00000000
v 0.03822161 0.03675892 0.00000000
v -0.05718297 -0.04993172 0.00000000
v -0.05594012 -0.05185603 0.00000000
v 0.03933758 0.03503105 0.00000000
v -0.05726153 -0.04991787 0.00000000
v -0.05595980 -0.05193334 0.00000000
v -0.03767025 -0.03682801 0.00000000
v 0.03814481 0.03678052 0.00000000
v -0.05734069 -0.04990795 0.00000000
v -0.05598332 -0.05200958 0.00000000
v -0.03759069 -0.03682205 0.00000000
v 0.03932569 0.03495216 0.00000000
v 0.03806703 0.03679828 0.00000000
v -0.05742025 -0.04990199 0.00000000
v -0.03751153 -0.03681213 0.00000000
v -0.05601060 -0.05208455 0.00000000
v -0.03743297 -0.03679828 0.00000000
v 0.03798847 0.03681213 0.00000000
v -0.03735519 -0.03678052 0.00000000
v 0.05757975 0.04990199 0.00000000
v 0.05757975 0.01009801 0.00000000
v 0.03790931 0.03682205 0.00000000
v -0.03727839 -0.03675892 0.00000000
v -0.03720277 -0.03673351 0.00000000
v 0.05765931 0.04990795 0.00000000
v 0.05765931 0.01009205 0.00000000
v -0.03712850 -0.03670436 0.00000000
v -0.03705579 -0.03667155 0.00000000
v 0.03782975 0.03682801 0.00000000
v -0.03698479 -0.03663515 0.00000000
v 0.05773847 0.01008213 0.00000000
v 0.05773847 0.04991787 0.00000000
v -0.03691570 -0.03659527 0.00000000
v 0.05781703 0.01006828 0.00000000
v 0.05781703 0.04993172 0.00000000
v 0.05789481 0.01005052 0.00000000
v -0.03684869 -0.03655198 0.00000000
v -0.03678391 -0.03650541 0.00000000
v -0.03672154 -0.03645567 0.00000000
v 0.05789481 0.04994948 0.00000000
v -0.03666172 -0.03640288 0.00000000
v 0.05797161 0.01002892 0.00000000
v 0.05797161 0.04997108 0.00000000
v 0.05804723 0.01000351 0.00000000
v 0.05804723 0.04999649 0.00000000
v 0.05812150 0.00997436 0.00000000
v 0.05812150 0.05002564 0.00000000
v 0.05819421 0.00994155 0.00000000
v 0.05819421 0.05005845 0.00000000
v 0.05826521 0.00990515 0.00000000
v 0.05826521 0.05009485 0.00000000
v 0.05833430 0.00986527 0.00000000
v 0.05833430 0.05013473 0.00000000
v 0.05840131 0.00982198 0.00000000
v 0.05840131 0.05017802 0.00000000
v 0.05846609 0.00977541 0.00000000
v 0.05846609 0.05022459 0.00000000
v 0.05852846 0.00972567 0.00000000
v 0.05852846 0.05027433 0.00000000
v 0.05858828 0.05032712 0.00000000
v 0.05858828 0.00967288 0.00000000
v 0.05864539 0.00961718 0.00000000
v 0.05864539 0.05038282 0.00000000
v 0.05869965 0.00955870 0.00000000
v 0.05869965 0.05044130 0.00000000
v 0.05875093 0.05050242 0.00000000
v 0.05875093 0.00949758 0.00000000
v 0.05879910 0.00943399 0.00000000
v 0.05879910 0.05056601 0.00000000
v 0.05884404 0.05063193 0.00000000
v 0.05884404 0.00936807 0.00000000
v 0.05888564 0.05070000 0.00000000
v 0.05888564 0.00930000 0.00000000
v 0.05892379 0.00922994 0.00000000
v 0.05892379 0.05077006 0.00000000
v 0.05895841 0.00915806 0.00000000
v 0.05895841 0.05084194 0.00000000
v 0.05898940 0.00908455 0.00000000
v 0.05898940 0.05091545 0.00000000
v 0.05901668 0.00900958 0.00000000
v 0.05901668 0.05099042 0.00000000
v 0.05904020 0.00893334 0.00000000
v 0.05904020 0.05106666 0.00000000
v 0.05757975 0.05309801 0.00000000
v 0.06000000 0.07000000 0.00000000
v 0.05765931 0.05309205 0.00000000
v 0.05773847 0.05308213 0.00000000
v 0.05781703 0.05306828 0.00000000
v 0.05789481 0.05305052 0.00000000
v 0.05797161 0.05302892 0.00000000
v 0.05804723 0.05300351 0.00000000
v 0.05812150 0.05297436 0.00000000
v 0.05819421 0.05294155 0.00000000
v 0.05826521 0.05290515 0.00000000
v 0.05833430 0.05286527 0.00000000
v 0.05840131 0.05282198 0.00000000
v 0.05846609 0.05277541 0.00000000
v 0.05852846 0.05272567 0.00000000
v 0.05858828 0.05267288 0.00000000
v 0.05864539 0.05261718 0.00000000
v 0.05869965 0.05255870 0.00000000
v 0.05875093 0.05249758 0.00000000
v 0.05879910 0.05243399 0.00000000
v 0.05884404 0.05236807 0.00000000
v 0.05888564 0.05230000 0.00000000
v 0.05892379 0.05222994 0.00000000
v 0.05895841 0.05215806 0.00000000
v 0.05898940 0.05208455 0.00000000
v 0.05901668 0.05200958 0.00000000
v 0.05904020 0.05193334 0.00000000
v 0.05905988 0.05185603 0.00000000
v 0.05907569 0.05177784 0.00000000
v 0.05908758 0.05169895 0.00000000
v 0.05909553 0.05161957 0.00000000
v 0.05500000 0.07500000 0.00000000
v -0.02037850 0.02647436 0.00000000
v -0.05500000 0.07500000 0.00000000
v 0.05886819 0.07386819 0.00203509
v 0.06000000 -0.07000000 0.00000000
v 0.05909950 -0.00853989 0.00000000
v 0.05909553 -0.00861957 0.00000000
v 0.05908758 -0.00869895 0.00000000
v 0.05907569 -0.00877784 0.00000000
v 0.05905988 -0.00885603 0.00000000
v 0.05904020 -0.00893334 0.00000000
v 0.05909950 -0.05146011 0.00000000
v 0.05909950 -0.05153989 0.00000000
v 0.05909553 -0.05161957 0.00000000
v 0.05909950 -0.00846011 0.00000000
v 0.05909553 -0.00838043 0.00000000
v 0.05908758 -0.00830105 0.00000000
v 0.05909950 0.00846011 0.00000000
v 0.05909553 0.00838043 0.00000000
v 0.05908758 0.00830105 0.00000000
v 0.05909553 -0.05138043 0.00000000
v 0.05908758 -0.05130105 0.00000000
v 0.05907569 -0.05122216 0.00000000
v 0.05905988 -0.05114397 0.00000000
v 0.05904020 -0.05106666 0.00000000
v 0.05909950 0.00853989 0.00000000
v 0.05909553 0.00861957 0.00000000
v 0.05908758 0.00869895 0.00000000
v 0.05907569 0.00877784 0.00000000
v 0.05905988 0.00885603 0.00000000
v 0.05909950 0.05146011 0.00000000
v 0.05909553 0.05138043 0.00000000
v 0.05908758 0.05130105 0.00000000
v 0.05907569 0.05122216 0.00000000
v 0.05905988 0.05114397 0.00000000
v 0.05909950 0.05153989 0.00000000
v -0.06000000 0.07000000 0.00000000
v -0.05742025 -0.01009801 0.00000000
v -0.05734069 -0.01009205 0.00000000
v -0.05726153 -0.01008213 0.00000000
v -0.05718297 -0.01006828 0.00000000
v -0.05710519 -0.01005052 0.00000000
v -0.03767025 -0.02636801 0.00000000
v -0.03767025 -0.03363199 0.00000000
v -0.03759069 -0.03363795 0.00000000
v -0.05702839 -0.01002892 0.00000000
v -0.03759069 -0.02636205 0.00000000
v -0.03751153 -0.03364787 0.00000000
v -0.05695277 -0.01000351 0.00000000
v -0.03751153 -0.02635213 0.00000000
v -0.05687850 -0.00997436 0.00000000
v -0.03743297 -0.02633828 0.00000000
v -0.03743297 -0.03366172 0.00000000
v -0.05680579 -0.00994155 0.00000000
v -0.03735519 -0.02632052 0.00000000
v -0.03735519 -0.03367948 0.00000000
v -0.05673479 -0.00990515 0.00000000
v -0.03727839 -0.02629892 0.00000000
v -0.03727839 -0.03370108 0.00000000
v -0.05666570 -0.00986527 0.00000000
v -0.03720277 -0.02627351 0.00000000
v -0.03720277 -0.03372649 0.00000000
v -0.03712850 -0.03375564 0.00000000
v -0.05659869 -0.00982198 0.00000000
v -0.03712850 -0.02624436 0.00000000
v -0.05653391 -0.00977541 0.00000000
v -0.03705579 -0.02621155 0.00000000
v -0.03705579 -0.03378845 0.00000000
v -0.03698479 -0.03382485 0.00000000
v -0.05647154 -0.00972567 0.00000000
v -0.03698479 -0.02617515 0.00000000
v -0.05641172 -0.00967288 0.00000000
v -0.03691570 -0.02613527 0.00000000
v -0.03691570 -0.03386473 0.00000000
v -0.05635461 -0.00961718 0.00000000
v -0.03684869 -0.02609198 0.00000000
v -0.03684869 -0.03390802 0.00000000
v -0.05630035 -0.00955870 0.00000000
v -0.03678391 -0.02604541 0.00000000
v -0.03678391 -0.03395459 0.00000000
v -0.05624907 -0.00949758 0.00000000
v -0.03672154 -0.02599567 0.00000000
v -0.03672154 -0.03400433 0.00000000
v -0.05620090 -0.00943399 0.00000000
v -0.03666172 -0.02594288 0.00000000
v -0.03666172 -0.03405712 0.00000000
v -0.05615596 -0.00936807 0.00000000
v -0.03660461 -0.02588718 0.00000000
v -0.03660461 -0.03411282 0.00000000
v -0.05611436 -0.00930000 0.00000000
v -0.03655035 -0.02582870 0.00000000
v -0.03655035 -0.03417130 0.00000000
v -0.05607621 -0.00922994 0.00000000
v -0.03649907 -0.02576758 0.00000000
v -0.03649907 -0.03423242 0.00000000
v -0.03645090 -0.03429601 0.00000000
v -0.05604159 -0.00915806 0.00000000
v -0.03640596 -0.03436193 0.00000000
v -0.03645090 -0.02570399 0.00000000
v -0.05601060 -0.00908455 0.00000000
v -0.03640596 -0.02563807 0.00000000
v -0.05598332 -0.00900958 0.00000000
v -0.05595980 -0.00893334 0.00000000
v -0.05594012 -0.00885603 0.00000000
v -0.05592431 -0.00877784 0.00000000
v -0.05591242 -0.00869895 0.00000000
v -0.05590447 -0.00861957 0.00000000
v -0.05590050 -0.00853989 0.00000000
v -0.05590050 -0.00846011 0.00000000
v -0.05590447 -0.00838043 0.00000000
v -0.05591242 -0.00830105 0.00000000
v -0.05592431 -0.00822216 0.00000000
v -0.05594012 -0.00814397 0.00000000
v -0.03767025 -0.02317199 0.00000000
v -0.05595980 -0.00806666 0.00000000
v -0.03759069 -0.02317795 0.00000000
v -0.05598332 -0.00799042 0.00000000
v -0.03751153 -0.02318787 0.00000000
v -0.05742025 -0.00690199 0.00000000
v -0.05742025 0.00690199 0.00000000
v -0.05734069 -0.00690795 0.00000000
v -0.05734069 0.00690795 0.00000000
v -0.05726153 -0.00691787 0.00000000
v -0.05726153 0.00691787 0.00000000
v -0.05718297 0.00693172 0.00000000
v -0.05718297 -0.00693172 0.00000000
v -0.05710519 -0.00694948 0.00000000
v -0.05710519 0.00694948 0.00000000
v -0.05702839 0.00697108 0.00000000
v -0.05702839 -0.00697108 0.00000000
v -0.05695277 -0.00699649 0.00000000
v -0.05695277 0.00699649 0.00000000
v -0.05687850 -0.00702564 0.00000000
v -0.05687850 0.00702564 0.00000000
v -0.05680579 -0.00705845 0.00000000
v -0.05680579 0.00705845 0.00000000
v -0.05673479 0.00709485 0.00000000
v -0.05673479 -0.00709485 0.00000000
v -0.05666570 0.00713473 0.00000000
v -0.05666570 -0.00713473 0.00000000
v -0.05659869 -0.00717802 0.00000000
v -0.05659869 0.00717802 0.00000000
v -0.05653391 -0.00722459 0.00000000
v -0.05653391 0.00722459 0.00000000
v -0.05647154 -0.00727433 0.00000000
v -0.05647154 0.00727433 0.00000000
v -0.05641172 -0.00732712 0.00000000
v -0.05641172 0.00732712 0.00000000
v -0.05635461 -0.00738282 0.00000000
v -0.05635461 0.00738282 0.00000000
v -0.05630035 0.00744130 0.00000000
v -0.05630035 -0.00744130 0.00000000
v -0.05624907 -0.00750242 0.00000000
v -0.05624907 0.00750242 0.00000000
v -0.05620090 -0.00756601 0.00000000
v -0.05620090 0.00756601 0.00000000
v -0.05615596 -0.00763193 0.00000000
v -0.05615596 0.00763193 0.00000000
v -0.05611436 0.00770000 0.00000000
v -0.05611436 -0.00770000 0.00000000
v -0.05607621 0.00777006 0.00000000
v -0.05607621 -0.00777006 0.00000000
v -0.03620980 -0.03479666 0.00000000
v -0.03623332 -0.03472042 0.00000000
v -0.03619012 -0.03487397 0.00000000
v -0.03626060 -0.03464545 0.00000000
v -0.03617431 -0.03495216 0.00000000
v -0.03629159 -0.03457194 0.00000000
v -0.03616242 -0.03503105 0.00000000
v -0.03632621 -0.03450006 0.00000000
v -0.03615447 -0.03511043 0.00000000
v -0.03636436 -0.03443000 0.00000000
v -0.05604159 0.00784194 0.00000000
v -0.05604159 -0.00784194 0.00000000
v -0.03615050 -0.03519011 0.00000000
v -0.03636436 -0.02557000 0.00000000
v -0.03615050 -0.03526989 0.00000000
v -0.03632621 -0.02549994 0.00000000
v -0.03615447 -0.03534957 0.00000000
v -0.03629159 -0.02542806 0.00000000
v -0.03616242 -0.03542895 0.00000000
v -0.05601060 0.00791545 0.00000000
v -0.05601060 -0.00791545 0.00000000
v -0.03626060 -0.02535455 0.00000000
v -0.03617431 -0.03550784 0.00000000
v -0.03623332 -0.02527958 0.00000000
v -0.03619012 -0.03558603 0.00000000
v -0.05598332 0.00799042 0.00000000
v -0.03620980 -0.02520334 0.00000000
v -0.03620980 -0.03566334 0.00000000
v -0.03619012 -0.02512603 0.00000000
v -0.03623332 -0.03573958 0.00000000
v -0.03617431 -0.02504784 0.00000000
v -0.03626060 -0.03581455 0.00000000
v -0.03616242 -0.02496895 0.00000000
v -0.03629159 -0.03588806 0.00000000
v -0.03615447 -0.02488957 0.00000000
v -0.03632621 -0.03595994 0.00000000
v -0.03615050 -0.02480989 0.00000000
v -0.03636436 -0.03603000 0.00000000
v -0.03615050 -0.02473011 0.00000000
v -0.02092025 -0.02659801 0.00000000
v -0.03640596 -0.03609807 0.00000000
v -0.03615447 -0.02465043 0.00000000
v -0.02084069 -0.02659205 0.00000000
v -0.03645090 -0.03616399 0.00000000
v -0.03616242 -0.02457105 0.00000000
v -0.02076153 -0.02658213 0.00000000
v -0.03649907 -0.03622758 0.00000000
v -0.03617431 -0.02449216 0.00000000
v -0.03655035 -0.03628870 0.00000000
v -0.02068297 -0.02656828 0.00000000
v -0.03619012 -0.02441397 0.00000000
v -0.03660461 -0.03634718 0.00000000
v -0.02060519 -0.02655052 0.00000000
v -0.03620980 -0.02433666 0.00000000
v -0.02052839 -0.02652892 0.00000000
v -0.03623332 -0.02426042 0.00000000
v -0.02045277 -0.02650351 0.00000000
v -0.03626060 -0.02418545 0.00000000
v -0.02037850 -0.02647436 0.00000000
v -0.03629159 -0.02411194 0.00000000
v -0.03632621 -0.02404006 0.00000000
v -0.03636436 -0.02397000 0.00000000
v -0.03640596 -0.02390193 0.00000000
v -0.03645090 -0.02383601 0.00000000
v -0.03649907 -0.02377242 0.00000000
v -0.03655035 -0.02371130 0.00000000
v -0.03660461 -0.02365282 0.00000000
v -0.03666172 -0.02359712 0.00000000
v -0.03672154 -0.02354433 0.00000000
v -0.03678391 -0.02349459 0.00000000
v -0.03684869 -0.02344802 0.00000000
v -0.03691570 -0.02340473 0.00000000
v -0.03698479 -0.02336485 0.00000000
v -0.03705579 -0.02332845 0.00000000
v -0.03712850 -0.02329564 0.00000000
v -0.03720277 -0.02326649 0.00000000
v -0.01942431 -0.02527784 0.00000000
v -0.01941242 -0.02519895 0.00000000
v -0.01944012 -0.02535603 0.00000000
v -0.01940447 -0.02511957 0.00000000
v -0.01945980 -0.02543334 0.00000000
v -0.01940050 -0.02503989 0.00000000
v -0.01948332 -0.02550958 0.00000000
v -0.01940050 -0.02496011 0.00000000
v -0.01951060 -0.02558455 0.00000000
v -0.01940447 -0.02488043 0.00000000
v -0.01954159 -0.02565806 0.00000000
v -0.01941242 -0.02480105 0.00000000
v -0.01957621 -0.02572994 0.00000000
v -0.01942431 -0.02472216 0.00000000
v -0.01961436 -0.02580000 0.00000000
v -0.01965596 -0.02586807 0.00000000
v -0.01944012 -0.02464397 0.00000000
v -0.01970090 -0.02593399 0.00000000
v 0.05500000 -0.07500000 0.00000000
v -0.01945980 -0.02456666 0.00000000
v -0.01974907 -0.02599758 0.00000000
v -0.01948332 -0.02449042 0.00000000
v -0.01980035 -0.02605870 0.00000000
v -0.01951060 -0.02441545 0.00000000
v -0.01985461 -0.02611718 0.00000000
v -0.01954159 -0.02434194 0.00000000
v -0.01991172 -0.02617288 0.00000000
v -0.01957621 -0.02427006 0.00000000
v -0.01997154 -0.02622567 0.00000000
v -0.01961436 -0.02420000 0.00000000
v -0.02003391 -0.02627541 0.00000000
v -0.01965596 -0.02413193 0.00000000
v -0.01970090 -0.02406601 0.00000000
v -0.01974907 -0.02400242 0.00000000
v -0.01980035 -0.02394130 0.00000000
v -0.01985461 -0.02388282 0.00000000
v -0.01991172 -0.02382712 0.00000000
v -0.01997154 -0.02377433 0.00000000
v -0.02003391 -0.02372459 0.00000000
v -0.02009869 -0.02367802 0.00000000
v -0.02016570 -0.02363473 0.00000000
v -0.02023479 -0.02359485 0.00000000
v -0.02030579 -0.02355845 0.00000000
v -0.02037850 -0.02352564 0.00000000
v -0.02045277 -0.02349649 0.00000000
v -0.02052839 -0.02347108 0.00000000
v -0.02060519 -0.02344948 0.00000000
v -0.05615596 0.00936807 0.00000000
v -0.05620090 0.00943399 0.00000000
v -0.05611436 0.00930000 0.00000000
v -0.05624907 0.00949758 0.00000000
v -0.05607621 0.00922994 0.00000000
v -0.05630035 0.00955870 0.00000000
v -0.05604159 0.00915806 0.00000000
v -0.05635461 0.00961718 0.00000000
v -0.05601060 0.00908455 0.00000000
v -0.05641172 0.00967288 0.00000000
v -0.05598332 0.00900958 0.00000000
v -0.05647154 0.00972567 0.00000000
v -0.05595980 0.00893334 0.00000000
v -0.05653391 0.00977541 0.00000000
v -0.05594012 0.00885603 0.00000000
v -0.05659869 0.00982198 0.00000000
v -0.05592431 0.00877784 0.00000000
v -0.05666570 0.00986527 0.00000000
v -0.05591242 0.00869895 0.00000000
v -0.05673479 0.00990515 0.00000000
v -0.05590447 0.00861957 0.00000000
v -0.05680579 0.00994155 0.00000000
v -0.05590050 0.00853989 0.00000000
v -0.05687850 0.00997436 0.00000000
v -0.05590050 0.00846011 0.00000000
v -0.05695277 0.01000351 0.00000000
v -0.05590447 0.00838043 0.00000000
v -0.05702839 0.01002892 0.00000000
v -0.05591242 0.00830105 0.00000000
v -0.05710519 0.01005052 0.00000000
v -0.05592431 0.00822216 0.00000000
v -0.05718297 0.01006828 0.00000000
v -0.05594012 0.00814397 0.00000000
v -0.05726153 0.01008213 0.00000000
v -0.03767025 0.02317199 0.00000000
v -0.05595980 0.00806666 0.00000000
v -0.05734069 0.01009205 0.00000000
v -0.03759069 0.02317795 0.00000000
v -0.05742025 0.01009801 0.00000000
v -0.03751153 0.02318787 0.00000000
v -0.03743297 -0.02320172 0.00000000
v -0.03743297 0.02320172 0.00000000
v -0.03735519 -0.02321948 0.00000000
v -0.03735519 0.02321948 0.00000000
v -0.03727839 -0.02324108 0.00000000
v -0.03727839 0.02324108 0.00000000
v -0.03720277 0.02326649 0.00000000
v 0.05886819 -0.07386819 0.00200000
v 0.00016395 -0.01968771 0.00000000
v 0.00021796 -0.01967819 0.00000000
v 0.00010952 -0.01969453 0.00000000
v 0.00027143 -0.01966599 0.00000000
v 0.00005483 -0.01969863 0.00000000
v 0.00032423 -0.01965113 0.00000000
v 0.00037622 -0.01963366 0.00000000
v -0.02009869 -0.02632198 0.00000000
v 0.00042728 -0.01961362 0.00000000
v -0.02016570 -0.02636527 0.00000000
v -0.02023479 -0.02640515 0.00000000
v 0.00047727 -0.01959107 0.00000000
v -0.02030579 -0.02644155 0.00000000
v 0.00052608 -0.01956604 0.00000000
v 0.00057358 -0.01953862 0.00000000
v 0.00061965 -0.01950886 0.00000000
v 0.00066418 -0.01947685 0.00000000
v 0.00070707 -0.01944265 0.00000000
v 0.00074819 -0.01940636 0.00000000
v 0.00078745 -0.01936806 0.00000000
v 0.00082476 -0.01932785 0.00000000
v 0.00086001 -0.01928584 0.00000000
v 0.00089313 -0.01924212 0.00000000
v 0.00092403 -0.01919680 0.00000000
v 0.00095263 -0.01915000 0.00000000
v 0.00097886 -0.01910183 0.00000000
v 0.00100266 -0.01905242 0.00000000
v 0.00102396 -0.01900188 0.00000000
v 0.00104272 -0.01895034 0.00000000
v 0.00105889 -0.01889792 0.00000000
v 0.00107242 -0.01884477 0.00000000
v 0.00108329 -0.01879101 0.00000000
v 0.00109146 -0.01873678 0.00000000
v 0.00109692 -0.01868220 0.00000000
v 0.00109966 -0.01862742 0.00000000
v 0.00109966 -0.01857258 0.00000000
v -0.05742025 0.04990199 0.00000000
v 0.00109692 -0.01851780 0.00000000
v -0.05734069 0.04990795 0.00000000
v 0.00109146 -0.01846322 0.00000000
v -0.05726153 0.04991787 0.00000000
v -0.05718297 0.04993172 0.00000000
v 0.00108329 -0.01840899 0.00000000
v -0.03767025 0.02636801 0.00000000
v -0.05710519 0.04994948 0.00000000
v -0.03767025 0.03363199 0.00000000
v 0.00107242 -0.01835523 0.00000000
v -0.05702839 0.04997108 0.00000000
v -0.03759069 0.03363795 0.00000000
v -0.03759069 0.02636205 0.00000000
v -0.03751153 0.02635213 0.00000000
v 0.00105889 -0.01830208 0.00000000
v -0.05695277 0.04999649 0.00000000
v -0.03751153 0.03364787 0.00000000
v -0.05687850 0.05002564 0.00000000
v 0.00104272 -0.01824966 0.00000000
v -0.03743297 0.02633828 0.00000000
v -0.03743297 0.03366172 0.00000000
v -0.05680579 0.05005845 0.00000000
v 0.00102396 -0.01819812 0.00000000
v -0.03735519 0.02632052 0.00000000
v -0.03735519 0.03367948 0.00000000
v -0.05673479 0.05009485 0.00000000
v 0.00100266 -0.01814758 0.00000000
v -0.03727839 0.03370108 0.00000000
v -0.03727839 0.02629892 0.00000000
v -0.05666570 0.05013473 0.00000000
v -0.03720277 0.02627351 0.00000000
v -0.03720277 0.03372649 0.00000000
v 0.00097886 -0.01809817 0.00000000
v -0.05659869 0.05017802 0.00000000
v -0.03712850 0.03375564 0.00000000
v -0.03712850 0.02624436 0.00000000
v -0.03705579 0.02621155 0.00000000
v 0.00095263 -0.01805000 0.00000000
v -0.05653391 0.05022459 0.00000000
v -0.03705579 0.03378845 0.00000000
v 0.00092403 -0.01800320 0.00000000
v -0.05647154 0.05027433 0.00000000
v -0.03698479 0.02617515 0.00000000
v -0.03698479 0.03382485 0.00000000
v -0.03691570 0.02613527 0.00000000
v 0.00089313 -0.01795788 0.00000000
v -0.05641172 0.05032712 0.00000000
v -0.03691570 0.03386473 0.00000000
v 0.00086001 -0.01791416 0.00000000
v -0.05635461 0.05038282 0.00000000
v 0.00082476 -0.01787215 0.00000000
v -0.03684869 0.03390802 0.00000000
v -0.03684869 0.02609198 0.00000000
v -0.05630035 0.05044130 0.00000000
v 0.00078745 -0.01783194 0.00000000
v -0.03678391 0.03395459 0.00000000
v -0.03678391 0.02604541 0.00000000
v -0.05624907 0.05050242 0.00000000
v -0.03672154 0.02599567 0.00000000
v -0.03672154 0.03400433 0.00000000
v -0.03666172 0.02594288 0.00000000
v -0.05620090 0.05056601 0.00000000
v -0.03666172 0.03405712 0.00000000
v -0.05615596 0.05063193 0.00000000
v -0.03660461 0.03411282 0.00000000
v -0.03660461 0.02588718 0.00000000
v -0.05611436 0.05070000 0.00000000
v -0.03655035 0.02582870 0.00000000
v -0.03655035 0.03417130 0.00000000
v -0.05607621 0.05077006 0.00000000
v -0.03649907 0.03423242 0.00000000
v -0.03649907 0.02576758 0.00000000
v -0.05604159 0.05084194 0.00000000
v -0.03645090 0.02570399 0.00000000
v -0.03645090 0.03429601 0.00000000
v -0.05601060 0.05091545 0.00000000
v -0.03640596 0.03436193 0.00000000
v -0.03640596 0.02563807 0.00000000
v -0.05598332 0.05099042 0.00000000
v -0.05595980 0.05106666 0.00000000
v -0.05594012 0.05114397 0.00000000
v -0.05592431 0.05122216 0.00000000
v -0.05591242 0.05130105 0.00000000
v -0.05590447 0.05138043 0.00000000
v -0.05590050 0.05146011 0.00000000
v -0.05590050 0.05153989 0.00000000
v -0.05590447 0.05161957 0.00000000
v -0.05591242 0.05169895 0.00000000
v -0.05592431 0.05177784 0.00000000
v -0.05594012 0.05185603 0.00000000
v -0.03767025 0.03682801 0.00000000
v -0.05595980 0.05193334 0.00000000
v -0.03759069 0.03682205 0.00000000
v -0.05598332 0.05200958 0.00000000
v -0.03751153 0.03681213 0.00000000
v -0.05601060 0.05208455 0.00000000
v -0.03743297 0.03679828 0.00000000
v -0.05604159 0.05215806 0.00000000
v 0.02107975 -0.02659801 0.00000000
v 0.02115931 -0.02659205 0.00000000
v 0.02123847 -0.02658213 0.00000000
v 0.02131703 -0.02656828 0.00000000
v 0.02139481 -0.02655052 0.00000000
v 0.02147161 -0.02652892 0.00000000
v 0.02154723 -0.02650351 0.00000000
v 0.02162150 -0.02647436 0.00000000
v 0.02169421 -0.02644155 0.00000000
v 0.02176521 -0.02640515 0.00000000
v 0.02183430 -0.02636527 0.00000000
v 0.02190131 -0.02632198 0.00000000
v 0.02196609 -0.02627541 0.00000000
v 0.02202846 -0.02622567 0.00000000
v 0.02208828 -0.02617288 0.00000000
v 0.02214539 -0.02611718 0.00000000
v 0.02219965 -0.02605870 0.00000000
v 0.02225093 -0.02599758 0.00000000
v 0.02229910 -0.02593399 0.00000000
v -0.03660461 0.02365282 0.00000000
v -0.03655035 0.02371130 0.00000000
v -0.03666172 0.02359712 0.00000000
v -0.03649907 0.02377242 0.00000000
v -0.03672154 0.02354433 0.00000000
v -0.03645090 0.02383601 0.00000000
v -0.03678391 0.02349459 0.00000000
v -0.03640596 0.02390193 0.00000000
v -0.03684869 0.02344802 0.00000000
v -0.03636436 0.02397000 0.00000000
v -0.03691570 0.02340473 0.00000000
v -0.03632621 0.02404006 0.00000000
v 0.02234404 -0.02586807 0.00000000
v -0.03698479 0.02336485 0.00000000
v -0.03629159 0.02411194 0.00000000
v -0.03705579 0.02332845 0.00000000
v -0.03626060 0.02418545 0.00000000
v -0.03712850 0.02329564 0.00000000
v -0.03623332 0.02426042 0.00000000
v 0.02238564 -0.02580000 0.00000000
v -0.03620980 0.02433666 0.00000000
v -0.03619012 0.02441397 0.00000000
v -0.03617431 0.02449216 0.00000000
v -0.03616242 0.02457105 0.00000000
v -0.03615447 0.02465043 0.00000000
v -0.03615050 0.02473011 0.00000000
v -0.03615050 0.02480989 0.00000000
v -0.03615447 0.02488957 0.00000000
v -0.03616242 0.02496895 0.00000000
v -0.03617431 0.02504784 0.00000000
v -0.03619012 0.02512603 0.00000000
v -0.03620980 0.02520334 0.00000000
v -0.03623332 0.02527958 0.00000000
v -0.03626060 0.02535455 0.00000000
v -0.03629159 0.02542806 0.00000000
v -0.03632621 0.02549994 0.00000000
v -0.03636436 0.02557000 0.00000000
v -0.03636436 0.03443000 0.00000000
v -0.03632621 0.03450006 0.00000000
v -0.03629159 0.03457194 0.00000000
v -0.03626060 0.03464545 0.00000000
v -0.03623332 0.03472042 0.00000000
v -0.03620980 0.03479666 0.00000000
v -0.03619012 0.03487397 0.00000000
v 0.03782975 -0.03682801 0.00000000
v -0.03617431 0.03495216 0.00000000
v 0.03790931 -0.03682205 0.00000000
v 0.03798847 -0.03681213 0.00000000
v -0.03616242 0.03503105 0.00000000
v 0.03806703 -0.03679828 0.00000000
v -0.03615447 0.03511043 0.00000000
v 0.03814481 -0.03678052 0.00000000
v 0.05757975 -0.05309801 0.00000000
v 0.03822161 -0.03675892 0.00000000
v -0.03615050 0.03519011 0.00000000
v 0.05765931 -0.05309205 0.00000000
v 0.03829723 -0.03673351 0.00000000
v -0.03615050 0.03526989 0.00000000
v 0.05773847 -0.05308213 0.00000000
v 0.03837150 -0.03670436 0.00000000
v -0.03615447 0.03534957 0.00000000
v 0.05781703 -0.05306828 0.00000000
v 0.03844421 -0.03667155 0.00000000
v 0.05789481 -0.05305052 0.00000000
v -0.03616242 0.03542895 0.00000000
v 0.03851521 -0.03663515 0.00000000
v 0.05797161 -0.05302892 0.00000000
v -0.03617431 0.03550784 0.00000000
v 0.03858430 -0.03659527 0.00000000
v 0.05804723 -0.05300351 0.00000000
v -0.03619012 0.03558603 0.00000000
v 0.03865131 -0.03655198 0.00000000
v 0.05812150 -0.05297436 0.00000000
v -0.03620980 0.03566334 0.00000000
v 0.03871609 -0.03650541 0.00000000
v -0.03623332 0.03573958 0.00000000
v 0.05819421 -0.05294155 0.00000000
v 0.03877846 -0.03645567 0.00000000
v -0.03626060 0.03581455 0.00000000
v 0.05826521 -0.05290515 0.00000000
v 0.03883828 -0.03640288 0.00000000
v -0.03629159 0.03588806 0.00000000
v 0.05833430 -0.05286527 0.00000000
v -0.03632621 0.03595994 0.00000000
v 0.03889539 -0.03634718 0.00000000
v 0.05840131 -0.05282198 0.00000000
v -0.03636436 0.03603000 0.00000000
v 0.03894965 -0.03628870 0.00000000
v -0.02092025 0.02659801 0.00000000
v -0.03640596 0.03609807 0.00000000
v 0.05846609 -0.05277541 0.00000000
v 0.03900093 -0.03622758 0.00000000
v -0.02084069 0.02659205 0.00000000
v -0.03645090 0.03616399 0.00000000
v 0.05852846 -0.05272567 0.00000000
v -0.02076153 0.02658213 0.00000000
v -0.03649907 0.03622758 0.00000000
v 0.03904910 -0.03616399 0.00000000
v -0.02068297 0.02656828 0.00000000
v -0.03655035 0.03628870 0.00000000
v 0.05858828 -0.05267288 0.00000000
v -0.02060519 0.02655052 0.00000000
v -0.03660461 0.03634718 0.00000000
v 0.03909404 -0.03609807 0.00000000
v -0.02052839 0.02652892 0.00000000
v -0.03666172 0.03640288 0.00000000
v 0.05864539 -0.05261718 0.00000000
v -0.02045277 0.02650351 0.00000000
v 0.03913564 -0.03603000 0.00000000
v 0.05869965 -0.05255870 0.00000000
v 0.03917379 -0.03595994 0.00000000
v 0.05875093 -0.05249758 0.00000000
v 0.03920841 -0.03588806 0.00000000
v 0.05879910 -0.05243399 0.00000000
v 0.03923940 -0.03581455 0.00000000
v 0.05884404 -0.05236807 0.00000000
v 0.03926668 -0.03573958 0.00000000
v 0.05888564 -0.05230000 0.00000000
v 0.03929020 -0.03566334 0.00000000
v 0.05892379 -0.05222994 0.00000000
v 0.03930988 -0.03558603 0.00000000
v 0.05895841 -0.05215806 0.00000000
v 0.03932569 -0.03550784 0.00000000
v 0.05898940 -0.05208455 0.00000000
v 0.03933758 -0.03542895 0.00000000
v 0.05901668 -0.05200958 0.00000000
v 0.03934553 -0.03534957 0.00000000
v 0.05904020 -0.05193334 0.00000000
v 0.03934950 -0.03526989 0.00000000
v 0.05905988 -0.05185603 0.00000000
v 0.03934950 -0.03519011 0.00000000
v 0.05907569 -0.05177784 0.00000000
v 0.03934553 -0.03511043 0.00000000
v 0.05908758 -0.05169895 0.00000000
v 0.03933758 -0.03503105 0.00000000
v 0.03932569 -0.03495216 0.00000000
v 0.03930988 -0.03487397 0.00000000
v 0.05757975 -0.04990199 0.00000000
v -0.02092025 0.02340199 0.00000000
v -0.02084069 0.02340795 0.00000000
v -0.02092025 -0.02340199 0.00000000
v -0.02076153 0.02341787 0.00000000
v -0.02084069 -0.02340795 0.00000000
v -0.02068297 0.02343172 0.00000000
v -0.02076153 -0.02341787 0.00000000
v -0.02060519 0.02344948 0.00000000
v -0.02052839 0.02347108 0.00000000
v -0.02068297 -0.02343172 0.00000000
v -0.02045277 0.02349649 0.00000000
v -0.02037850 0.02352564 0.00000000
v -0.02030579 0.02355845 0.00000000
v -0.02023479 0.02359485 0.00000000
v -0.02016570 0.02363473 0.00000000
v -0.02009869 0.02367802 0.00000000
v -0.02003391 0.02372459 0.00000000
v -0.01997154 0.02377433 0.00000000
v -0.00874517 0.01750137 0.00000000
v -0.01991172 0.02382712 0.00000000
v -0.00869048 0.01750547 0.00000000
v -0.01985461 0.02388282 0.00000000
v -0.00863605 0.01751229 0.00000000
v -0.01980035 0.02394130 0.00000000
v -0.00858204 0.01752181 0.00000000
v -0.00852857 0.01753402 0.00000000
v -0.01974907 0.02400242 0.00000000
v -0.00847577 0.01754887 0.00000000
v -0.01970090 0.02406601 0.00000000
v -0.00842378 0.01756634 0.00000000
v -0.01965596 0.02413193 0.00000000
v -0.00837272 0.01758638 0.00000000
v -0.01961436 0.02420000 0.00000000
v -0.00832273 0.01760893 0.00000000
v -0.01957621 0.02427006 0.00000000
v -0.01954159 0.02434194 0.00000000
v -0.01951060 0.02441545 0.00000000
v -0.01948332 0.02449042 0.00000000
v -0.01945980 0.02456666 0.00000000
v -0.01944012 0.02464397 0.00000000
v -0.01942431 0.02472216 0.00000000
v -0.01941242 0.02480105 0.00000000
v -0.01940447 0.02488043 0.00000000
v -0.05742025 0.05309801 0.00000000
v -0.05734069 0.05309205 0.00000000
v -0.05726153 0.05308213 0.00000000
v -0.05718297 0.05306828 0.00000000
v -0.05710519 0.05305052 0.00000000
v -0.05702839 0.05302892 0.00000000
v -0.05695277 0.05300351 0.00000000
v -0.05687850 0.05297436 0.00000000
v -0.05680579 0.05294155 0.00000000
v -0.05673479 0.05290515 0.00000000
v -0.05666570 0.05286527 0.00000000
v -0.05659869 0.05282198 0.00000000
v -0.05653391 0.05277541 0.00000000
v -0.01940050 0.02496011 0.00000000
v -0.01940050 0.02503989 0.00000000
v -0.01940447 0.02511957 0.00000000
v -0.01941242 0.02519895 0.00000000
v -0.01942431 0.02527784 0.00000000
v -0.01944012 0.02535603 0.00000000
v -0.01945980 0.02543334 0.00000000
v -0.01948332 0.02550958 0.00000000
v -0.01951060 0.02558455 0.00000000
v -0.01954159 0.02565806 0.00000000
v -0.01957621 0.02572994 0.00000000
v 0.02242379 -0.02572994 0.00000000
v 0.02245841 -0.02565806 0.00000000
v -0.01961436 0.02580000 0.00000000
v 0.02248940 -0.02558455 0.00000000
v -0.01965596 0.02586807 0.00000000
v 0.02251668 -0.02550958 0.00000000
v -0.00874517 0.01969863 0.00000000
v -0.01970090 0.02593399 0.00000000
v 0.02254020 -0.02543334 0.00000000
v -0.00869048 0.01969453 0.00000000
v -0.01974907 0.02599758 0.00000000
v 0.02255988 -0.02535603 0.00000000
v -0.00863605 0.01968771 0.00000000
v -0.01980035 0.02605870 0.00000000
v 0.02257569 -0.02527784 0.00000000
v -0.05886819 0.07386819 0.00204706
v -0.00858204 0.01967819 0.00000000
v -0.01985461 0.02611718 0.00000000
v 0.02258758 -0.02519895 0.00000000
v -0.00852857 0.01966599 0.00000000
v -0.01991172 0.02617288 0.00000000
v -0.00847577 0.01965113 0.00000000
v 0.02259553 -0.02511957 0.00000000
v 0.02259950 -0.02503989 0.00000000
v 0.02259950 -0.02496011 0.00000000
v 0.02259553 -0.02488043 0.00000000
v 0.03782975 -0.02636801 0.00000000
v 0.03782975 -0.03363199 0.00000000
v 0.03790931 -0.03363795 0.00000000
v 0.02258758 -0.02480105 0.00000000
v 0.03790931 -0.02636205 0.00000000
v 0.02257569 -0.02472216 0.00000000
v 0.03798847 -0.02635213 0.00000000
v 0.03798847 -0.03364787 0.00000000
v 0.02255988 -0.02464397 0.00000000
v 0.03806703 -0.02633828 0.00000000
v 0.03806703 -0.03366172 0.00000000
v 0.02254020 -0.02456666 0.00000000
v 0.03814481 -0.02632052 0.00000000
v 0.03814481 -0.03367948 0.00000000
v 0.02251668 -0.02449042 0.00000000
v 0.03822161 -0.02629892 0.00000000
v 0.03822161 -0.03370108 0.00000000
v 0.03829723 -0.03372649 0.00000000
v 0.02248940 -0.02441545 0.00000000
v 0.03829723 -0.02627351 0.00000000
v 0.02245841 -0.02434194 0.00000000
v 0.03837150 -0.02624436 0.00000000
v 0.03837150 -0.03375564 0.00000000
v 0.03844421 -0.03378845 0.00000000
v 0.02242379 -0.02427006 0.00000000
v 0.03844421 -0.02621155 0.00000000
v 0.03851521 -0.03382485 0.00000000
v 0.02238564 -0.02420000 0.00000000
v 0.03851521 -0.02617515 0.00000000
v 0.02234404 -0.02413193 0.00000000
v 0.03858430 -0.03386473 0.00000000
v 0.03858430 -0.02613527 0.00000000
v 0.03865131 -0.03390802 0.00000000
v 0.02229910 -0.02406601 0.00000000
v 0.03865131 -0.02609198 0.00000000
v 0.02225093 -0.02400242 0.00000000
v 0.03871609 -0.02604541 0.00000000
v 0.03871609 -0.03395459 0.00000000
v 0.02219965 -0.02394130 0.00000000
v 0.03877846 -0.02599567 0.00000000
v 0.03877846 -0.03400433 0.00000000
v 0.03883828 -0.03405712 0.00000000
v 0.02214539 -0.02388282 0.00000000
v 0.03883828 -0.02594288 0.00000000
v 0.02208828 -0.02382712 0.00000000
v 0.03889539 -0.02588718 0.00000000
v 0.03889539 -0.03411282 0.00000000
v 0.02202846 -0.02377433 0.00000000
v 0.03894965 -0.02582870 0.00000000
v 0.03894965 -0.03417130 0.00000000
v 0.03900093 -0.03423242 0.00000000
v 0.02196609 -0.02372459 0.00000000
v 0.03900093 -0.02576758 0.00000000
v 0.02190131 -0.02367802 0.00000000
v 0.03904910 -0.02570399 0.00000000
v 0.03904910 -0.03429601 0.00000000
v 0.03909404 -0.03436193 0.00000000
v 0.02183430 -0.02363473 0.00000000
v 0.03909404 -0.02563807 0.00000000
v 0.02176521 -0.02359485 0.00000000
v 0.03913564 -0.02557000 0.00000000
v 0.03913564 -0.03443000 0.00000000
v 0.02169421 -0.02355845 0.00000000
v 0.03917379 -0.02549994 0.00000000
v 0.03917379 -0.03450006 0.00000000
v 0.02162150 -0.02352564 0.00000000
v 0.03920841 -0.03457194 0.00000000
v 0.03920841 -0.02542806 0.00000000
v 0.02154723 -0.02349649 0.00000000
v 0.03923940 -0.03464545 0.00000000
v 0.03923940 -0.02535455 0.00000000
v 0.02147161 -0.02347108 0.00000000
v 0.03926668 -0.03472042 0.00000000
v 0.03926668 -0.02527958 0.00000000
v 0.03929020 -0.03479666 0.00000000
v 0.03929020 -0.02520334 0.00000000
v 0.03930988 -0.02512603 0.00000000
v -0.05647154 0.05272567 0.00000000
v -0.05641172 0.05267288 0.00000000
v -0.05635461 0.05261718 0.00000000
v -0.05630035 0.05255870 0.00000000
v -0.05624907 0.05249758 0.00000000
v -0.05620090 0.05243399 0.00000000
v -0.05615596 0.05236807 0.00000000
v -0.05611436 0.05230000 0.00000000
v -0.05607621 0.05222994 0.00000000
v -0.03735519 0.03678052 0.00000000
v -0.03727839 0.03675892 0.00000000
v -0.03720277 0.03673351 0.00000000
v -0.03712850 0.03670436 0.00000000
v -0.03705579 0.03667155 0.00000000
v -0.03698479 0.03663515 0.00000000
v -0.03691570 0.03659527 0.00000000
v -0.03684869 0.03655198 0.00000000
v -0.03678391 0.03650541 0.00000000
v -0.03672154 0.03645567 0.00000000
v -0.00805181 0.01779364 0.00000000
v -0.00801255 0.01783194 0.00000000
v -0.00809293 0.01775735 0.00000000
v -0.00797524 0.01787215 0.00000000
v -0.00793999 0.01791416 0.00000000
v -0.00813582 0.01772315 0.00000000
v -0.00790687 0.01795788 0.00000000
v -0.00818035 0.01769114 0.00000000
v -0.00787597 0.01800320 0.00000000
v -0.00822642 0.01766138 0.00000000
v -0.00784737 0.01805000 0.00000000
v -0.00827392 0.01763396 0.00000000
v -0.00782114 0.01809817 0.00000000
v 0.00005483 -0.01750137 0.00000000
v -0.00779734 0.01814758 0.00000000
v -0.00777604 0.01819812 0.00000000
v 0.00010952 -0.01750547 0.00000000
v 0.00016395 -0.01751229 0.00000000
v -0.00775728 0.01824966 0.00000000
v -0.00774111 0.01830208 0.00000000
v 0.00021796 -0.01752181 0.00000000
v 0.00027143 -0.01753402 0.00000000
v -0.00772758 0.01835523 0.00000000
v 0.00032423 -0.01754887 0.00000000
v -0.00771671 0.01840899 0.00000000
v 0.00037622 -0.01756634 0.00000000
v -0.00770854 0.01846322 0.00000000
v 0.00042728 -0.01758638 0.00000000
v -0.00770308 0.01851780 0.00000000
v 0.00047727 -0.01760893 0.00000000
v -0.00770034 0.01857258 0.00000000
v 0.00052608 -0.01763396 0.00000000
v -0.00770034 0.01862742 0.00000000
v -0.00770308 0.01868220 0.00000000
v 0.00885483 0.01750137 0.00000000
v 0.00057358 -0.01766138 0.00000000
v -0.00770854 0.01873678 0.00000000
v 0.00890952 0.01750547 0.00000000
v 0.00061965 -0.01769114 0.00000000
v 0.00896395 0.01751229 0.00000000
v 0.00066418 -0.01772315 0.00000000
v -0.00771671 0.01879101 0.00000000
v 0.00070707 -0.01775735 0.00000000
v 0.00901796 0.01752181 0.00000000
v -0.00772758 0.01884477 0.00000000
v 0.00074819 -0.01779364 0.00000000
v 0.00907143 0.01753402 0.00000000
v -0.00774111 0.01889792 0.00000000
v 0.00912423 0.01754887 0.00000000
v -0.00775728 0.01895034 0.00000000
v 0.00917622 0.01756634 0.00000000
v -0.00777604 0.01900188 0.00000000
v -0.00779734 0.01905242 0.00000000
v 0.00922728 0.01758638 0.00000000
v -0.00782114 0.01910183 0.00000000
v 0.00927727 0.01760893 0.00000000
v -0.00784737 0.01915000 0.00000000
v 0.00932608 0.01763396 0.00000000
v -0.00787597 0.01919680 0.00000000
v 0.00937358 0.01766138 0.00000000
v 0.02107975 -0.02340199 0.00000000
v 0.00941965 0.01769114 0.00000000
v -0.00790687 0.01924212 0.00000000
v 0.02115931 -0.02340795 0.00000000
v 0.00946418 0.01772315 0.00000000
v -0.00793999 0.01928584 0.00000000
v 0.02123847 -0.02341787 0.00000000
v 0.00950707 0.01775735 0.00000000
v -0.00797524 0.01932785 0.00000000
v -0.00801255 0.01936806 0.00000000
v 0.00954819 0.01779364 0.00000000
v -0.00805181 0.01940636 0.00000000
v -0.00809293 0.01944265 0.00000000
v -0.00813582 0.01947685 0.00000000
v -0.00818035 0.01950886 0.00000000
v -0.00822642 0.01953862 0.00000000
v -0.00827392 0.01956604 0.00000000
v -0.00832273 0.01959107 0.00000000
v -0.00837272 0.01961362 0.00000000
v -0.00842378 0.01963366 0.00000000
v 0.00989146 0.01873678 0.00000000
v 0.00988329 0.01879101 0.00000000
v 0.00989692 0.01868220 0.00000000
v 0.00987242 0.01884477 0.00000000
v 0.00985889 0.01889792 0.00000000
v 0.00989966 0.01862742 0.00000000
v 0.00984272 0.01895034 0.00000000
v 0.00989966 0.01857258 0.00000000
v 0.00982396 0.01900188 0.00000000
v 0.00989692 0.01851780 0.00000000
v 0.00980266 0.01905242 0.00000000
v 0.00989146 0.01846322 0.00000000
v 0.00977886 0.01910183 0.00000000
v 0.00988329 0.01840899 0.00000000
v 0.00975263 0.01915000 0.00000000
v 0.00987242 0.01835523 0.00000000
v 0.00972403 0.01919680 0.00000000
v 0.00985889 0.01830208 0.00000000
v 0.00969313 0.01924212 0.00000000
v 0.00984272 0.01824966 0.00000000
v 0.00966001 0.01928584 0.00000000
v 0.00982396 0.01819812 0.00000000
v 0.00962476 0.01932785 0.00000000
v 0.00980266 0.01814758 0.00000000
v 0.00958745 0.01936806 0.00000000
v 0.00977886 0.01809817 0.00000000
v 0.00954819 0.01940636 0.00000000
v 0.00975263 0.01805000 0.00000000
v 0.00950707 0.01944265 0.00000000
v 0.00972403 0.01800320 0.00000000
v 0.00946418 0.01947685 0.00000000
v 0.00941965 0.01950886 0.00000000
v 0.00969313 0.01795788 0.00000000
v 0.00937358 0.01953862 0.00000000
v 0.00966001 0.01791416 0.00000000
v 0.00932608 0.01956604 0.00000000
v 0.02107975 0.02340199 0.00000000
v 0.00962476 0.01787215 0.00000000
v 0.00927727 0.01959107 0.00000000
v 0.02115931 0.02340795 0.00000000
v 0.00958745 0.01783194 0.00000000
v 0.00922728 0.01961362 0.00000000
v 0.02123847 0.02341787 0.00000000
v 0.00917622 0.01963366 0.00000000
v 0.02131703 -0.02343172 0.00000000
v 0.02131703 0.02343172 0.00000000
v 0.00912423 0.01965113 0.00000000
v 0.02139481 0.02344948 0.00000000
v 0.02139481 -0.02344948 0.00000000
v 0.00907143 0.01966599 0.00000000
v 0.02147161 0.02347108 0.00000000
v 0.00901796 0.01967819 0.00000000
v 0.00896395 0.01968771 0.00000000
v 0.00890952 0.01969453 0.00000000
v 0.00885483 0.01969863 0.00000000
v -0.01997154 0.02622567 0.00000000
v -0.02003391 0.02627541 0.00000000
v -0.02009869 0.02632198 0.00000000
v -0.02016570 0.02636527 0.00000000
v -0.02023479 0.02640515 0.00000000
v 0.03909404 -0.02390193 0.00000000
v 0.03904910 -0.02383601 0.00000000
v 0.03913564 -0.02397000 0.00000000
v 0.03900093 -0.02377242 0.00000000
v 0.03917379 -0.02404006 0.00000000
v -0.02030579 0.02644155 0.00000000
v 0.03894965 -0.02371130 0.00000000
v 0.03920841 -0.02411194 0.00000000
v 0.03889539 -0.02365282 0.00000000
v 0.03923940 -0.02418545 0.00000000
v 0.03883828 -0.02359712 0.00000000
v 0.03926668 -0.02426042 0.00000000
v 0.03877846 -0.02354433 0.00000000
v 0.03929020 -0.02433666 0.00000000
v 0.03871609 -0.02349459 0.00000000
v 0.03930988 -0.02441397 0.00000000
v 0.03865131 -0.02344802 0.00000000
v 0.03932569 -0.02449216 0.00000000
v 0.03858430 -0.02340473 0.00000000
v 0.03933758 -0.02457105 0.00000000
v 0.03851521 -0.02336485 0.00000000
v 0.03934553 -0.02465043 0.00000000
v 0.03844421 -0.02332845 0.00000000
v 0.03934950 -0.02473011 0.00000000
v 0.03837150 -0.02329564 0.00000000
v 0.03934950 -0.02480989 0.00000000
v 0.03829723 -0.02326649 0.00000000
v 0.03934553 -0.02488957 0.00000000
v 0.03822161 -0.02324108 0.00000000
v 0.03933758 -0.02496895 0.00000000
v 0.03814481 -0.02321948 0.00000000
v 0.03932569 -0.02504784 0.00000000
v 0.03806703 -0.02320172 0.00000000
v 0.03798847 -0.02318787 0.00000000
v 0.05757975 -0.01009801 0.00000000
v 0.03790931 -0.02317795 0.00000000
v 0.05765931 -0.04990795 0.00000000
v 0.05765931 -0.01009205 0.00000000
v 0.03782975 -0.02317199 0.00000000
v 0.05773847 -0.04991787 0.00000000
v 0.05773847 -0.01008213 0.00000000
v 0.05781703 -0.04993172 0.00000000
v 0.05781703 -0.01006828 0.00000000
v 0.05789481 -0.04994948 0.00000000
v 0.05789481 -0.01005052 0.00000000
v 0.05797161 -0.04997108 0.00000000
v 0.05797161 -0.01002892 0.00000000
v 0.05804723 -0.04999649 0.00000000
v 0.05804723 -0.01000351 0.00000000
v 0.05812150 -0.05002564 0.00000000
v 0.05812150 -0.00997436 0.00000000
v 0.05819421 -0.05005845 0.00000000
v 0.05819421 -0.00994155 0.00000000
v 0.05826521 -0.05009485 0.00000000
v 0.05826521 -0.00990515 0.00000000
v 0.05833430 -0.00986527 0.00000000
v 0.05833430 -0.05013473 0.00000000
v 0.05840131 -0.05017802 0.00000000
v 0.05840131 -0.00982198 0.00000000
v 0.05846609 -0.05022459 0.00000000
v 0.05846609 -0.00977541 0.00000000
v 0.05852846 -0.05027433 0.00000000
v 0.05852846 -0.00972567 0.00000000
v 0.05858828 -0.00967288 0.00000000
v 0.05858828 -0.05032712 0.00000000
v 0.05864539 -0.00961718 0.00000000
v 0.05864539 -0.05038282 0.00000000
v 0.05869965 -0.05044130 0.00000000
v 0.05869965 -0.00955870 0.00000000
v 0.05875093 -0.05050242 0.00000000
v 0.05875093 -0.00949758 0.00000000
v 0.05879910 -0.05056601 0.00000000
v 0.05879910 -0.00943399 0.00000000
v 0.05884404 -0.05063193 0.00000000
v 0.05884404 -0.00936807 0.00000000
v 0.05888564 -0.05070000 0.00000000
v 0.05888564 -0.00930000 0.00000000
v 0.05892379 -0.05077006 0.00000000
v 0.05892379 -0.00922994 0.00000000
v 0.05895841 -0.05084194 0.00000000
v 0.05895841 -0.00915806 0.00000000
v 0.05898940 -0.00908455 0.00000000
v 0.05898940 -0.05091545 0.00000000
v 0.05901668 -0.05099042 0.00000000
v 0.05901668 -0.00900958 0.00000000
v 0.02208828 0.02382712 0.00000000
v 0.02214539 0.02388282 0.00000000
v 0.02202846 0.02377433 0.00000000
v 0.02219965 0.02394130 0.00000000
v 0.02196609 0.02372459 0.00000000
v 0.02225093 0.02400242 0.00000000
v 0.02190131 0.02367802 0.00000000
v 0.02229910 0.02406601 0.00000000
v 0.02183430 0.02363473 0.00000000
v 0.02234404 0.02413193 0.00000000
v 0.02176521 0.02359485 0.00000000
v 0.02238564 0.02420000 0.00000000
v 0.02169421 0.02355845 0.00000000
v 0.02242379 0.02427006 0.00000000
v 0.02162150 0.02352564 0.00000000
v 0.02245841 0.02434194 0.00000000
v 0.02154723 0.02349649 0.00000000
v 0.02248940 0.02441545 0.00000000
v 0.02251668 0.02449042 0.00000000
v 0.02254020 0.02456666 0.00000000
v 0.02255988 0.02464397 0.00000000
v 0.02257569 0.02472216 0.00000000
v 0.02258758 0.02480105 0.00000000
v 0.02259553 0.02488043 0.00000000
v 0.02259950 0.02496011 0.00000000
v 0.02259950 0.02503989 0.00000000
v 0.02259553 0.02511957 0.00000000
v 0.02258758 0.02519895 0.00000000
v 0.02257569 0.02527784 0.00000000
v 0.02255988 0.02535603 0.00000000
v 0.02254020 0.02543334 0.00000000
v 0.02251668 0.02550958 0.00000000
v 0.02248940 0.02558455 0.00000000
v 0.02245841 0.02565806 0.00000000
v 0.02242379 0.02572994 0.00000000
v 0.02238564 0.02580000 0.00000000
v 0.03782975 0.02317199 0.00000000
v 0.03790931 0.02317795 0.00000000
v 0.03798847 0.02318787 0.00000000
v 0.03806703 0.02320172 0.00000000
v 0.03814481 0.02321948 0.00000000
v 0.05757975 -0.00690199 0.00000000
v 0.05757975 0.00690199 0.00000000
v 0.05765931 -0.00690795 0.00000000
v 0.03822161 0.02324108 0.00000000
v 0.05765931 0.00690795 0.00000000
v 0.03829723 0.02326649 0.00000000
v 0.05773847 -0.00691787 0.00000000
v 0.05773847 0.00691787 0.00000000
v 0.03837150 0.02329564 0.00000000
v 0.05781703 0.00693172 0.00000000
v 0.05781703 -0.00693172 0.00000000
v 0.03844421 0.02332845 0.00000000
v 0.05789481 0.00694948 0.00000000
v 0.05789481 -0.00694948 0.00000000
v 0.03851521 0.02336485 0.00000000
v 0.05797161 -0.00697108 0.00000000
v 0.05797161 0.00697108 0.00000000
v 0.05804723 -0.00699649 0.00000000
v 0.03858430 0.02340473 0.00000000
v 0.05804723 0.00699649 0.00000000
v 0.03865131 0.02344802 0.00000000
v 0.05812150 -0.00702564 0.00000000
v 0.05812150 0.00702564 0.00000000
v 0.03871609 0.02349459 0.00000000
v 0.05819421 -0.00705845 0.00000000
v 0.05819421 0.00705845 0.00000000
v 0.03877846 0.02354433 0.00000000
v 0.05826521 -0.00709485 0.00000000
v 0.05826521 0.00709485 0.00000000
v 0.05833430 -0.00713473 0.00000000
v 0.03883828 0.02359712 0.00000000
v 0.05833430 0.00713473 0.00000000
v 0.03889539 0.02365282 0.00000000
v 0.05840131 -0.00717802 0.00000000
v 0.05840131 0.00717802 0.00000000
v 0.03894965 0.02371130 0.00000000
v 0.05846609 -0.00722459 0.00000000
v 0.05846609 0.00722459 0.00000000
v 0.05852846 -0.00727433 0.00000000
v 0.03900093 0.02377242 0.00000000
v 0.05858828 -0.00732712 0.00000000
v 0.05852846 0.00727433 0.00000000
v 0.03904910 0.02383601 0.00000000
v 0.05858828 0.00732712 0.00000000
v 0.03909404 0.02390193 0.00000000
v 0.05864539 -0.00738282 0.00000000
v 0.05864539 0.00738282 0.00000000
v 0.03913564 0.02397000 0.00000000
v 0.05869965 0.00744130 0.00000000
v 0.05869965 -0.00744130 0.00000000
v 0.03917379 0.02404006 0.00000000
v 0.05875093 0.00750242 0.00000000
v 0.05875093 -0.00750242 0.00000000
v 0.03920841 0.02411194 0.00000000
v 0.05879910 -0.00756601 0.00000000
v 0.05879910 0.00756601 0.00000000
v 0.03923940 0.02418545 0.00000000
v 0.05884404 0.00763193 0.00000000
v 0.05884404 -0.00763193 0.00000000
v 0.03926668 0.02426042 0.00000000
v 0.05888564 0.00770000 0.00000000
v 0.05888564 -0.00770000 0.00000000
v 0.05892379 -0.00777006 0.00000000
v 0.03929020 0.02433666 0.00000000
v 0.05892379 0.00777006 0.00000000
v 0.03930988 0.02441397 0.00000000
v 0.05895841 0.00784194 0.00000000
v 0.05895841 -0.00784194 0.00000000
v 0.05898940 -0.00791545 0.00000000
v 0.03932569 0.02449216 0.00000000
v 0.05898940 0.00791545 0.00000000
v 0.03933758 0.02457105 0.00000000
v 0.05901668 0.00799042 0.00000000
v 0.05901668 -0.00799042 0.00000000
v 0.03934553 0.02465043 0.00000000
v 0.05904020 0.00806666 0.00000000
v 0.05904020 -0.00806666 0.00000000
v 0.03934950 0.02473011 0.00000000
v 0.05905988 -0.00814397 0.00000000
v 0.05905988 0.00814397 0.00000000
v 0.05907569 -0.00822216 0.00000000
v 0.03934950 0.02480989 0.00000000
v 0.05907569 0.00822216 0.00000000
v 0.03934553 0.02488957 0.00000000
v 0.03933758 0.02496895 0.00000000
v 0.03932569 0.02504784 0.00000000
v 0.02234404 0.02586807 0.00000000
v 0.02229910 0.02593399 0.00000000
v 0.02225093 0.02599758 0.00000000
v 0.02219965 0.02605870 0.00000000
v 0.02214539 0.02611718 0.00000000
v 0.02208828 0.02617288 0.00000000
v 0.02202846 0.02622567 0.00000000
v 0.02196609 0.02627541 0.00000000
v 0.02190131 0.02632198 0.00000000
v 0.02183430 0.02636527 0.00000000
v 0.02176521 0.02640515 0.00000000
v 0.03782975 0.02636801 0.00000000
v 0.02169421 0.02644155 0.00000000
v 0.03782975 0.03363199 0.00000000
v 0.03790931 0.02636205 0.00000000
v 0.02162150 0.02647436 0.00000000
v 0.03790931 0.03363795 0.00000000
v 0.02154723 0.02650351 0.00000000
v 0.03798847 0.02635213 0.00000000
v 0.03798847 0.03364787 0.00000000
v 0.03806703 0.02633828 0.00000000
v 0.02147161 0.02652892 0.00000000
v 0.03806703 0.03366172 0.00000000
v 0.03814481 0.02632052 0.00000000
v 0.02139481 0.02655052 0.00000000
v 0.03814481 0.03367948 0.00000000
v 0.02131703 0.02656828 0.00000000
v 0.03822161 0.03370108 0.00000000
v 0.03822161 0.02629892 0.00000000
v 0.02123847 0.02658213 0.00000000
v 0.03829723 0.03372649 0.00000000
v 0.03829723 0.02627351 0.00000000
v 0.02115931 0.02659205 0.00000000
v 0.03837150 0.03375564 0.00000000
v 0.03837150 0.02624436 0.00000000
v 0.03844421 0.02621155 0.00000000
v 0.02107975 0.02659801 0.00000000
v 0.03844421 0.03378845 0.00000000
v 0.03851521 0.02617515 0.00000000
v 0.03851521 0.03382485 0.00000000
v 0.03858430 0.03386473 0.00000000
v 0.03858430 0.02613527 0.00000000
f 1 3 2
f 4 1 2
f 3 6 5
f 2 3 5
f 6 8 7
f 5 6 7
f 8 10 9
f 7 8 9
f 10 12 11
f 9 10 11
f 12 14 13
f 11 12 13
f 15 17 16
f 14 15 16
f 13 14 16
f 16 17 18
f 19 21 20
f 17 19 20
f 18 17 20
f 20 21 22
f 21 24 23
f 22 21 23
f 25 27 26
f 24 25 26
f 23 24 26
f 26 27 28
f 27 30 29
f 28 27 29
f 30 32 31
f 29 30 31
f 33 35 34
f 32 33 34
f 31 32 34
f 34 35 36
f 35 38 37
f 36 35 37
f 38 40 39
f 37 38 39
f 40 42 41
f 39 40 41
f 41 42 43
f 42 44 43
f 44 46 45
f 43 44 45
f 46 48 47
f 45 46 47
f 49 51 50
f 48 49 50
f 47 48 50
f 50 51 52
f 51 54 53
f 52 51 53
f 54 56 55
f 53 54 55
f 56 58 57
f 55 56 57
f 57 58 59
f 58 60 59
f 59 60 61
f 60 62 61
f 61 62 63
f 62 64 63
f 63 64 65
f 64 66 65
f 65 66 67
f 66 68 67
f 67 68 69
f 68 70 69
f 69 70 71
f 70 72 71
f 71 72 73
f 72 74 73
f 73 74 75
f 74 76 75
f 75 76 77
f 76 78 77
f 78 80 79
f 77 78 79
f 80 82 81
f 79 80 81
f 82 84 83
f 81 82 83
f 84 86 85
f 83 84 85
f 85 86 87
f 88 89 87
f 86 88 87
f 87 89 90
f 90 89 91
f 89 92 91
f 91 92 93
f 92 94 93
f 93 94 95
f 94 96 95
f 95 96 97
f 96 98 97
f 97 98 99
f 98 100 99
f 99 100 101
f 100 102 101
f 101 102 103
f 104 105 103
f 102 104 103
f 103 105 106
f 106 105 107
f 105 108 107
f 107 108 109
f 108 110 109
f 109 110 111
f 110 112 111
f 111 112 113
f 112 114 113
f 113 114 115
f 114 116 115
f 115 116 117
f 116 118 117
f 117 118 119
f 118 120 119
f 120 122 121
f 119 120 121
f 122 124 123
f 121 122 123
f 124 126 125
f 123 124 125
f 126 128 127
f 125 126 127
f 129 131 130
f 132 129 130
f 131 134 133
f 130 131 133
f 134 136 135
f 133 134 135
f 136 138 137
f 135 136 137
f 138 140 139
f 137 138 139
f 140 142 141
f 139 140 141
f 143 145 144
f 142 143 144
f 141 142 144
f 144 145 146
f 145 148 147
f 146 145 147
f 148 150 149
f 147 148 149
f 150 152 151
f 149 150 151
f 152 154 153
f 151 152 153
f 154 156 155
f 153 154 155
f 156 158 157
f 155 156 157
f 158 160 159
f 157 158 159
f 160 162 161
f 159 160 161
f 162 164 163
f 161 162 163
f 163 164 165
f 164 166 165
f 166 168 167
f 165 166 167
f 168 170 169
f 167 168 169
f 170 172 171
f 169 170 171
f 172 174 173
f 171 172 173
f 174 176 175
f 173 174 175
f 176 178 177
f 175 176 177
f 178 180 179
f 177 178 179
f 181 183 182
f 180 181 182
f 179 180 182
f 182 183 184
f 183 186 185
f 184 183 185
f 185 186 187
f 186 188 187
f 187 188 189
f 188 190 189
f 189 190 191
f 190 192 191
f 191 192 193
f 192 194 193
f 193 194 195
f 194 196 195
f 195 196 197
f 196 198 197
f 197 198 199
f 200 201 199
f 198 200 199
f 199 201 202
f 202 201 203
f 201 204 203
f 203 204 205
f 206 207 205
f 204 206 205
f 205 207 208
f 207 210 209
f 208 207 209
f 210 212 211
f 209 210 211
f 213 215 214
f 212 213 214
f 211 212 214
f 214 215 216
f 216 215 217
f 215 218 217
f 217 218 219
f 218 220 219
f 219 220 221
f 220 222 221
f 221 222 223
f 222 224 223
f 223 224 225
f 224 226 225
f 225 226 227
f 226 228 227
f 227 228 229
f 228 230 229
f 229 230 231
f 230 232 231
f 231 232 233
f 232 234 233
f 233 234 235
f 234 236 235
f 235 236 237
f 236 238 237
f 237 238 239
f 238 240 239
f 239 240 241
f 240 242 241
f 241 242 243
f 242 244 243
f 243 244 245
f 244 246 245
f 245 246 247
f 246 248 247
f 248 250 249
f 247 248 249
f 250 252 251
f 249 250 251
f 252 254 253
f 251 252 253
f 254 256 255
f 253 254 255
f 257 259 258
f 260 257 258
f 259 262 261
f 258 259 261
f 262 264 263
f 261 262 263
f 264 266 265
f 263 264 265
f 266 268 267
f 265 266 267
f 268 270 269
f 267 268 269
f 271 273 272
f 270 271 272
f 269 270 272
f 272 273 274
f 275 277 276
f 273 275 276
f 274 273 276
f 276 277 278
f 277 280 279
f 278 277 279
f 281 283 282
f 280 281 282
f 279 280 282
f 282 283 284
f 283 286 285
f 284 283 285
f 286 288 287
f 285 286 287
f 289 291 290
f 288 289 290
f 287 288 290
f 290 291 292
f 291 294 293
f 292 291 293
f 294 296 295
f 293 294 295
f 296 298 297
f 295 296 297
f 297 298 299
f 298 300 299
f 300 302 301
f 299 300 301
f 302 304 303
f 301 302 303
f 305 307 306
f 304 305 306
f 303 304 306
f 306 307 308
f 307 310 309
f 308 307 309
f 310 312 311
f 309 310 311
f 312 314 313
f 311 312 313
f 313 314 315
f 314 316 315
f 315 316 317
f 316 318 317
f 317 318 319
f 318 320 319
f 319 320 321
f 320 322 321
f 321 322 323
f 322 324 323
f 323 324 325
f 324 326 325
f 325 326 327
f 326 328 327
f 327 328 329
f 328 330 329
f 329 330 331
f 330 332 331
f 331 332 333
f 332 334 333
f 334 336 335
f 333 334 335
f 336 338 337
f 335 336 337
f 338 340 339
f 337 338 339
f 340 342 341
f 339 340 341
f 341 342 343
f 344 345 343
f 342 344 343
f 343 345 346
f 346 345 347
f 345 348 347
f 347 348 349
f 348 350 349
f 349 350 351
f 350 352 351
f 351 352 353
f 352 354 353
f 353 354 355
f 354 356 355
f 355 356 357
f 356 358 357
f 357 358 359
f 360 361 359
f 358 360 359
f 359 361 362
f 362 361 363
f 361 364 363
f 363 364 365
f 364 366 365
f 365 366 367
f 366 368 367
f 367 368 369
f 368 370 369
f 369 370 371
f 370 372 371
f 371 372 373
f 372 374 373
f 373 374 375
f 374 376 375
f 376 378 377
f 375 376 377
f 378 380 379
f 377 378 379
f 380 382 381
f 379 380 381
f 382 384 383
f 381 382 383
f 385 387 386
f 388 385 386
f 387 390 389
f 386 387 389
f 390 392 391
f 389 390 391
f 392 394 393
f 391 392 393
f 394 396 395
f 393 394 395
f 396 398 397
f 395 396 397
f 399 401 400
f 398 399 400
f 397 398 400
f 400 401 402
f 401 404 403
f 402 401 403
f 404 406 405
f 403 404 405
f 406 408 407
f 405 406 407
f 408 410 409
f 407 408 409
f 410 412 411
f 409 410 411
f 412 414 413
f 411 412 413
f 414 416 415
f 413 414 415
f 416 418 417
f 415 416 417
f 418 420 419
f 417 418 419
f 419 420 421
f 420 422 421
f 422 424 423
f 421 422 423
f 424 426 425
f 423 424 425
f 426 428 427
f 425 426 427
f 428 430 429
f 427 428 429
f 430 432 431
f 429 430 431
f 432 434 433
f 431 432 433
f 434 436 435
f 433 434 435
f 437 439 438
f 436 437 438
f 435 436 438
f 438 439 440
f 439 442 441
f 440 439 441
f 441 442 443
f 442 444 443
f 443 444 445
f 444 446 445
f 445 446 447
f 446 448 447
f 447 448 449
f 448 450 449
f 449 450 451
f 450 452 451
f 451 452 453
f 452 454 453
f 453 454 455
f 456 457 455
f 454 456 455
f 455 457 458
f 458 457 459
f 457 460 459
f 459 460 461
f 462 463 461
f 460 462 461
f 461 463 464
f 463 466 465
f 464 463 465
f 466 468 467
f 465 466 467
f 469 471 470
f 468 469 470
f 467 468 470
f 470 471 472
f 472 471 473
f 471 474 473
f 473 474 475
f 474 476 475
f 475 476 477
f 476 478 477
f 477 478 479
f 478 480 479
f 479 480 481
f 480 482 481
f 481 482 483
f 482 484 483
f 483 484 485
f 484 486 485
f 485 486 487
f 486 488 487
f 487 488 489
f 488 490 489
f 489 490 491
f 490 492 491
f 491 492 493
f 492 494 493
f 493 494 495
f 494 496 495
f 495 496 497
f 496 498 497
f 497 498 499
f 498 500 499
f 499 500 501
f 500 502 501
f 501 502 503
f 502 504 503
f 504 506 505
f 503 504 505
f 506 508 507
f 505 506 507
f 508 510 509
f 507 508 509
f 510 512 511
f 509 510 511
f 513 515 514
f 516 513 514
f 515 518 517
f 514 515 517
f 518 520 519
f 517 518 519
f 520 522 521
f 519 520 521
f 522 524 523
f 521 522 523
f 524 526 525
f 523 524 525
f 527 529 528
f 526 527 528
f 525 526 528
f 528 529 530
f 529 532 531
f 530 529 531
f 532 534 533
f 531 532 533
f 534 536 535
f 533 534 535
f 536 538 537
f 535 536 537
f 538 540 539
f 537 538 539
f 540 542 541
f 539 540 541
f 542 544 543
f 541 542 543
f 544 546 545
f 543 544 545
f 546 548 547
f 545 546 547
f 547 548 549
f 548 550 549
f 550 552 551
f 549 550 551
f 552 554 553
f 551 552 553
f 554 556 555
f 553 554 555
f 556 558 557
f 555 556 557
f 558 560 559
f 557 558 559
f 560 562 561
f 559 560 561
f 562 564 563
f 561 562 563
f 565 567 566
f 564 565 566
f 563 564 566
f 566 567 568
f 567 570 569
f 568 567 569
f 569 570 571
f 570 572 571
f 571 572 573
f 572 574 573
f 573 574 575
f 574 576 575
f 575 576 577
f 576 578 577
f 577 578 579
f 578 580 579
f 579 580 581
f 580 582 581
f 581 582 583
f 584 585 583
f 582 584 583
f 583 585 586
f 586 585 587
f 585 588 587
f 587 588 589
f 590 591 589
f 588 590 589
f 589 591 592
f 591 594 593
f 592 591 593
f 594 596 595
f 593 594 595
f 597 599 598
f 596 597 598
f 595 596 598
f 598 599 600
f 600 599 601
f 599 602 601
f 601 602 603
f 602 604 603
f 603 604 605
f 604 606 605
f 605 606 607
f 606 608 607
f 607 608 609
f 608 610 609
f 609 610 611
f 610 612 611
f 611 612 613
f 612 614 613
f 613 614 615
f 614 616 615
f 615 616 617
f 616 618 617
f 617 618 619
f 618 620 619
f 619 620 621
f 620 622 621
f 621 622 623
f 622 624 623
f 623 624 625
f 624 626 625
f 625 626 627
f 626 628 627
f 627 628 629
f 628 630 629
f 629 630 631
f 630 632 631
f 632 634 633
f 631 632 633
f 634 636 635
f 633 634 635
f 636 638 637
f 635 636 637
f 638 640 639
f 637 638 639
f 641 643 642
f 644 641 642
f 643 646 645
f 642 643 645
f 646 648 647
f 645 646 647
f 648 650 649
f 647 648 649
f 650 652 651
f 649 650 651
f 652 654 653
f 651 652 653
f 655 657 656
f 654 655 656
f 653 654 656
f 656 657 658
f 657 660 659
f 658 657 659
f 660 662 661
f 659 660 661
f 662 664 663
f 661 662 663
f 664 666 665
f 663 664 665
f 666 668 667
f 665 666 667
f 668 670 669
f 667 668 669
f 670 672 671
f 669 670 671
f 672 674 673
f 671 672 673
f 674 676 675
f 673 674 675
f 675 676 677
f 676 678 677
f 678 680 679
f 677 678 679
f 680 682 681
f 679 680 681
f 682 684 683
f 681 682 683
f 684 686 685
f 683 684 685
f 686 688 687
f 685 686 687
f 688 690 689
f 687 688 689
f 690 692 691
f 689 690 691
f 693 695 694
f 692 693 694
f 691 692 694
f 694 695 696
f 695 698 697
f 696 695 697
f 697 698 699
f 698 700 699
f 699 700 701
f 700 702 701
f 701 702 703
f 702 704 703
f 703 704 705
f 704 706 705
f 705 706 707
f 706 708 707
f 707 708 709
f 708 710 709
f 709 710 711
f 712 713 711
f 710 712 711
f 711 713 714
f 714 713 715
f 713 716 715
f 715 716 717
f 718 719 717
f 716 718 717
f 717 719 720
f 719 722 721
f 720 719 721
f 722 724 723
f 721 722 723
f 725 727 726
f 724 725 726
f 723 724 726
f 726 727 728
f 728 727 729
f 727 730 729
f 729 730 731
f 730 732 731
f 731 732 733
f 732 734 733
f 733 734 735
f 734 736 735
f 735 736 737
f 736 738 737
f 737 738 739
f 738 740 739
f 739 740 741
f 740 742 741
f 741 742 743
f 742 744 743
f 743 744 745
f 744 746 745
f 745 746 747
f 746 748 747
f 747 748 749
f 748 750 749
f 749 750 751
f 750 752 751
f 751 752 753
f 752 754 753
f 753 754 755
f 754 756 755
f 755 756 757
f 756 758 757
f 757 758 759
f 758 760 759
f 760 762 761
f 759 760 761
f 762 764 763
f 761 762 763
f 764 766 765
f 763 764 765
f 766 768 767
f 765 766 767
f 769 771 770
f 772 769 770
f 771 774 773
f 770 771 773
f 774 776 775
f 773 774 775
f 776 778 777
f 775 776 777
f 778 780 779
f 777 778 779
f 780 782 781
f 779 780 781
f 783 785 784
f 782 783 784
f 781 782 784
f 784 785 786
f 785 788 787
f 786 785 787
f 788 790 789
f 787 788 789
f 790 792 791
f 789 790 791
f 792 794 793
f 791 792 793
f 794 796 795
f 793 794 795
f 796 798 797
f 795 796 797
f 798 800 799
f 797 798 799
f 800 802 801
f 799 800 801
f 802 804 803
f 801 802 803
f 803 804 805
f 804 806 805
f 806 808 807
f 805 806 807
f 808 810 809
f 807 808 809
f 810 812 811
f 809 810 811
f 812 814 813
f 811 812 813
f 814 816 815
f 813 814 815
f 816 818 817
f 815 816 817
f 818 820 819
f 817 818 819
f 821 823 822
f 820 821 822
f 819 820 822
f 822 823 824
f 823 826 825
f 824 823 825
f 825 826 827
f 826 828 827
f 827 828 829
f 828 830 829
f 829 830 831
f 830 832 831
f 831 832 833
f 832 834 833
f 833 834 835
f 834 836 835
f 835 836 837
f 836 838 837
f 837 838 839
f 840 841 839
f 838 840 839
f 839 841 842
f 842 841 843
f 841 844 843
f 843 844 845
f 846 847 845
f 844 846 845
f 845 847 848
f 847 850 849
f 848 847 849
f 850 852 851
f 849 850 851
f 853 855 854
f 852 853 854
f 851 852 854
f 854 855 856
f 856 855 857
f 855 858 857
f 857 858 859
f 858 860 859
f 859 860 861
f 860 862 861
f 861 862 863
f 862 864 863
f 863 864 865
f 864 866 865
f 865 866 867
f 866 868 867
f 867 868 869
f 868 870 869
f 869 870 871
f 870 872 871
f 871 872 873
f 872 874 873
f 873 874 875
f 874 876 875
f 875 876 877
f 876 878 877
f 877 878 879
f 878 880 879
f 879 880 881
f 880 882 881
f 881 882 883
f 882 884 883
f 883 884 885
f 884 886 885
f 885 886 887
f 886 888 887
f 888 890 889
f 887 888 889
f 890 892 891
f 889 890 891
f 892 894 893
f 891 892 893
f 894 896 895
f 893 894 895
f 897 899 898
f 900 897 898
f 899 902 901
f 898 899 901
f 902 904 903
f 901 902 903
f 904 906 905
f 903 904 905
f 906 908 907
f 905 906 907
f 908 910 909
f 907 908 909
f 911 913 912
f 910 911 912
f 909 910 912
f 912 913 914
f 915 917 916
f 913 915 916
f 914 913 916
f 916 917 918
f 917 920 919
f 918 917 919
f 921 923 922
f 920 921 922
f 919 920 922
f 922 923 924
f 923 926 925
f 924 923 925
f 926 928 927
f 925 926 927
f 929 931 930
f 928 929 930
f 927 928 930
f 930 931 932
f 931 934 933
f 932 931 933
f 934 936 935
f 933 934 935
f 936 938 937
f 935 936 937
f 937 938 939
f 938 940 939
f 940 942 941
f 939 940 941
f 942 944 943
f 941 942 943
f 945 947 946
f 944 945 946
f 943 944 946
f 946 947 948
f 947 950 949
f 948 947 949
f 950 952 951
f 949 950 951
f 952 954 953
f 951 952 953
f 953 954 955
f 954 956 955
f 955 956 957
f 956 958 957
f 957 958 959
f 958 960 959
f 959 960 961
f 960 962 961
f 961 962 963
f 962 964 963
f 963 964 965
f 964 966 965
f 965 966 967
f 966 968 967
f 967 968 969
f 968 970 969
f 969 970 971
f 970 972 971
f 971 972 973
f 972 974 973
f 974 976 975
f 973 974 975
f 976 978 977
f 975 976 977
f 978 980 979
f 977 978 979
f 980 982 981
f 979 980 981
f 981 982 983
f 984 985 983
f 982 984 983
f 983 985 986
f 986 985 987
f 985 988 987
f 987 988 989
f 988 990 989
f 989 990 991
f 990 992 991
f 991 992 993
f 992 994 993
f 993 994 995
f 994 996 995
f 995 996 997
f 996 998 997
f 997 998 999
f 1000 1001 999
f 998 1000 999
f 999 1001 1002
f 1002 1001 1003
f 1001 1004 1003
f 1003 1004 1005
f 1004 1006 1005
f 1005 1006 1007
f 1006 1008 1007
f 1007 1008 1009
f 1008 1010 1009
f 1009 1010 1011
f 1010 1012 1011
f 1011 1012 1013
f 1012 1014 1013
f 1013 1014 1015
f 1014 1016 1015
f 1016 1018 1017
f 1015 1016 1017
f 1018 1020 1019
f 1017 1018 1019
f 1020 1022 1021
f 1019 1020 1021
f 1022 1024 1023
f 1021 1022 1023
f 1025 1027 1026
f 1028 1025 1026
f 1027 1030 1029
f 1026 1027 1029
f 1030 1032 1031
f 1029 1030 1031
f 1032 1034 1033
f 1031 1032 1033
f 1034 1036 1035
f 1033 1034 1035
f 1036 1038 1037
f 1035 1036 1037
f 1039 1041 1040
f 1038 1039 1040
f 1037 1038 1040
f 1040 1041 1042
f 1043 1045 1044
f 1041 1043 1044
f 1042 1041 1044
f 1044 1045 1046
f 1045 1048 1047
f 1046 1045 1047
f 1049 1051 1050
f 1048 1049 1050
f 1047 1048 1050
f 1050 1051 1052
f 1051 1054 1053
f 1052 1051 1053
f 1054 1056 1055
f 1053 1054 1055
f 1057 1059 1058
f 1056 1057 1058
f 1055 1056 1058
f 1058 1059 1060
f 1059 1062 1061
f 1060 1059 1061
f 1062 1064 1063
f 1061 1062 1063
f 1064 1066 1065
f 1063 1064 1065
f 1065 1066 1067
f 1066 1068 1067
f 1068 1070 1069
f 1067 1068 1069
f 1070 1072 1071
f 1069 1070 1071
f 1073 1075 1074
f 1072 1073 1074
f 1071 1072 1074
f 1074 1075 1076
f 1075 1078 1077
f 1076 1075 1077
f 1078 1080 1079
f 1077 1078 1079
f 1080 1082 1081
f 1079 1080 1081
f 1081 1082 1083
f 1082 1084 1083
f 1083 1084 1085
f 1084 1086 1085
f 1085 1086 1087
f 1086 1088 1087
f 1087 1088 1089
f 1088 1090 1089
f 1089 1090 1091
f 1090 1092 1091
f 1091 1092 1093
f 1092 1094 1093
f 1093 1094 1095
f 1094 1096 1095
f 1095 1096 1097
f 1096 1098 1097
f 1097 1098 1099
f 1098 1100 1099
f 1099 1100 1101
f 1100 1102 1101
f 1102 1104 1103
f 1101 1102 1103
f 1104 1106 1105
f 1103 1104 1105
f 1106 1108 1107
f 1105 1106 1107
f 1108 1110 1109
f 1107 1108 1109
f 1109 1110 1111
f 1112 1113 1111
f 1110 1112 1111
f 1111 1113 1114
f 1114 1113 1115
f 1113 1116 1115
f 1115 1116 1117
f 1116 1118 1117
f 1117 1118 1119
f 1118 1120 1119
f 1119 1120 1121
f 1120 1122 1121
f 1121 1122 1123
f 1122 1124 1123
f 1123 1124 1125
f 1124 1126 1125
f 1125 1126 1127
f 1128 1129 1127
f 1126 1128 1127
f 1127 1129 1130
f 1130 1129 1131
f 1129 1132 1131
f 1131 1132 1133
f 1132 1134 1133
f 1133 1134 1135
f 1134 1136 1135
f 1135 1136 1137
f 1136 1138 1137
f 1137 1138 1139
f 1138 1140 1139
f 1139 1140 1141
f 1140 1142 1141
f 1141 1142 1143
f 1142 1144 1143
f 1144 1146 1145
f 1143 1144 1145
f 1146 1148 1147
f 1145 1146 1147
f 1148 1150 1149
f 1147 1148 1149
f 1150 1152 1151
f 1149 1150 1151
f 1153 1155 1154
f 1156 1153 1154
f 1155 1158 1157
f 1154 1155 1157
f 1158 1160 1159
f 1157 1158 1159
f 1160 1162 1161
f 1159 1160 1161
f 1162 1164 1163
f 1161 1162 1163
f 1164 1166 1165
f 1163 1164 1165
f 1167 1169 1168
f 1166 1167 1168
f 1165 1166 1168
f 1168 1169 1170
f 1169 1172 1171
f 1170 1169 1171
f 1172 1174 1173
f 1171 1172 1173
f 1174 1176 1175
f 1173 1174 1175
f 1176 1178 1177
f 1175 1176 1177
f 1178 1180 1179
f 1177 1178 1179
f 1180 1182 1181
f 1179 1180 1181
f 1182 1184 1183
f 1181 1182 1183
f 1184 1186 1185
f 1183 1184 1185
f 1186 1188 1187
f 1185 1186 1187
f 1187 1188 1189
f 1188 1190 1189
f 1190 1192 1191
f 1189 1190 1191
f 1192 1194 1193
f 1191 1192 1193
f 1194 1196 1195
f 1193 1194 1195
f 1196 1198 1197
f 1195 1196 1197
f 1198 1200 1199
f 1197 1198 1199
f 1200 1202 1201
f 1199 1200 1201
f 1202 1204 1203
f 1201 1202 1203
f 1205 1207 1206
f 1204 1205 1206
f 1203 1204 1206
f 1206 1207 1208
f 1207 1210 1209
f 1208 1207 1209
f 1209 1210 1211
f 1210 1212 1211
f 1211 1212 1213
f 1212 1214 1213
f 1213 1214 1215
f 1214 1216 1215
f 1215 1216 1217
f 1216 1218 1217
f 1217 1218 1219
f 1218 1220 1219
f 1219 1220 1221
f 1220 1222 1221
f 1221 1222 1223
f 1224 1225 1223
f 1222 1224 1223
f 1223 1225 1226
f 1226 1225 1227
f 1225 1228 1227
f 1227 1228 1229
f 1230 1231 1229
f 1228 1230 1229
f 1229 1231 1232
f 1231 1234 1233
f 1232 1231 1233
f 1234 1236 1235
f 1233 1234 1235
f 1237 1239 1238
f 1236 1237 1238
f 1235 1236 1238
f 1238 1239 1240
f 1240 1239 1241
f 1239 1242 1241
f 1241 1242 1243
f 1242 1244 1243
f 1243 1244 1245
f 1244 1246 1245
f 1245 1246 1247
f 1246 1248 1247
f 1247 1248 1249
f 1248 1250 1249
f 1249 1250 1251
f 1250 1252 1251
f 1251 1252 1253
f 1252 1254 1253
f 1253 1254 1255
f 1254 1256 1255
f 1255 1256 1257
f 1256 1258 1257
f 1257 1258 1259
f 1258 1260 1259
f 1259 1260 1261
f 1260 1262 1261
f 1261 1262 1263
f 1262 1264 1263
f 1263 1264 1265
f 1264 1266 1265
f 1265 1266 1267
f 1266 1268 1267
f 1267 1268 1269
f 1268 1270 1269
f 1269 1270 1271
f 1270 1272 1271
f 1272 1274 1273
f 1271 1272 1273
f 1274 1276 1275
f 1273 1274 1275
f 1276 1278 1277
f 1275 1276 1277
f 1278 1280 1279
f 1277 1278 1279
f 1281 1283 1282
f 1284 1281 1282
f 1283 1286 1285
f 1282 1283 1285
f 1286 1288 1287
f 1285 1286 1287
f 1288 1290 1289
f 1287 1288 1289
f 1290 1292 1291
f 1289 1290 1291
f 1292 1294 1293
f 1291 1292 1293
f 1295 1297 1296
f 1294 1295 1296
f 1293 1294 1296
f 1296 1297 1298
f 1297 1300 1299
f 1298 1297 1299
f 1300 1302 1301
f 1299 1300 1301
f 1302 1304 1303
f 1301 1302 1303
f 1304 1306 1305
f 1303 1304 1305
f 1306 1308 1307
f 1305 1306 1307
f 1308 1310 1309
f 1307 1308 1309
f 1310 1312 1311
f 1309 1310 1311
f 1312 1314 1313
f 1311 1312 1313
f 1314 1316 1315
f 1313 1314 1315
f 1315 1316 1317
f 1316 1318 1317
f 1318 1320 1319
f 1317 1318 1319
f 1320 1322 1321
f 1319 1320 1321
f 1322 1324 1323
f 1321 1322 1323
f 1324 1326 1325
f 1323 1324 1325
f 1326 1328 1327
f 1325 1326 1327
f 1328 1330 1329
f 1327 1328 1329
f 1330 1332 1331
f 1329 1330 1331
f 1333 1335 1334
f 1332 1333 1334
f 1331 1332 1334
f 1334 1335 1336
f 1335 1338 1337
f 1336 1335 1337
f 1337 1338 1339
f 1338 1340 1339
f 1339 1340 1341
f 1340 1342 1341
f 1341 1342 1343
f 1342 1344 1343
f 1343 1344 1345
f 1344 1346 1345
f 1345 1346 1347
f 1346 1348 1347
f 1347 1348 1349
f 1348 1350 1349
f 1349 1350 1351
f 1352 1353 1351
f 1350 1352 1351
f 1351 1353 1354
f 1354 1353 1355
f 1353 1356 1355
f 1355 1356 1357
f 1358 1359 1357
f 1356 1358 1357
f 1357 1359 1360
f 1359 1362 1361
f 1360 1359 1361
f 1362 1364 1363
f 1361 1362 1363
f 1365 1367 1366
f 1364 1365 1366
f 1363 1364 1366
f 1366 1367 1368
f 1368 1367 1369
f 1367 1370 1369
f 1369 1370 1371
f 1370 1372 1371
f 1371 1372 1373
f 1372 1374 1373
f 1373 1374 1375
f 1374 1376 1375
f 1375 1376 1377
f 1376 1378 1377
f 1377 1378 1379
f 1378 1380 1379
f 1379 1380 1381
f 1380 1382 1381
f 1381 1382 1383
f 1382 1384 1383
f 1383 1384 1385
f 1384 1386 1385
f 1385 1386 1387
f 1386 1388 1387
f 1387 1388 1389
f 1388 1390 1389
f 1389 1390 1391
f 1390 1392 1391
f 1391 1392 1393
f 1392 1394 1393
f 1393 1394 1395
f 1394 1396 1395
f 1395 1396 1397
f 1396 1398 1397
f 1397 1398 1399
f 1398 1400 1399
f 1400 1402 1401
f 1399 1400 1401
f 1402 1404 1403
f 1401 1402 1403
f 1404 1406 1405
f 1403 1404 1405
f 1406 1408 1407
f 1405 1406 1407
f 1409 1411 1410
f 1412 1409 1410
f 1411 1414 1413
f 1410 1411 1413
f 1414 1416 1415
f 1413 1414 1415
f 1416 1418 1417
f 1415 1416 1417
f 1418 1420 1419
f 1417 1418 1419
f 1420 1422 1421
f 1419 1420 1421
f 1423 1425 1424
f 1422 1423 1424
f 1421 1422 1424
f 1424 1425 1426
f 1427 1429 1428
f 1425 1427 1428
f 1426 1425 1428
f 1428 1429 1430
f 1429 1432 1431
f 1430 1429 1431
f 1433 1435 1434
f 1432 1433 1434
f 1431 1432 1434
f 1434 1435 1436
f 1435 1438 1437
f 1436 1435 1437
f 1438 1440 1439
f 1437 1438 1439
f 1441 1443 1442
f 1440 1441 1442
f 1439 1440 1442
f 1442 1443 1444
f 1443 1446 1445
f 1444 1443 1445
f 1446 1448 1447
f 1445 1446 1447
f 1448 1450 1449
f 1447 1448 1449
f 1449 1450 1451
f 1450 1452 1451
f 1452 1454 1453
f 1451 1452 1453
f 1454 1456 1455
f 1453 1454 1455
f 1457 1459 1458
f 1456 1457 1458
f 1455 1456 1458
f 1458 1459 1460
f 1459 1462 1461
f 1460 1459 1461
f 1462 1464 1463
f 1461 1462 1463
f 1464 1466 1465
f 1463 1464 1465
f 1465 1466 1467
f 1466 1468 1467
f 1467 1468 1469
f 1468 1470 1469
f 1469 1470 1471
f 1470 1472 1471
f 1471 1472 1473
f 1472 1474 1473
f 1473 1474 1475
f 1474 1476 1475
f 1475 1476 1477
f 1476 1478 1477
f 1477 1478 1479
f 1478 1480 1479
f 1479 1480 1481
f 1480 1482 1481
f 1481 1482 1483
f 1482 1484 1483
f 1483 1484 1485
f 1484 1486 1485
f 1486 1488 1487
f 1485 1486 1487
f 1488 1490 1489
f 1487 1488 1489
f 1490 1492 1491
f 1489 1490 1491
f 1492 1494 1493
f 1491 1492 1493
f 1493 1494 1495
f 1496 1497 1495
f 1494 1496 1495
f 1495 1497 1498
f 1498 1497 1499
f 1497 1500 1499
f 1499 1500 1501
f 1500 1502 1501
f 1501 1502 1503
f 1502 1504 1503
f 1503 1504 1505
f 1504 1506 1505
f 1505 1506 1507
f 1506 1508 1507
f 1507 1508 1509
f 1508 1510 1509
f 1509 1510 1511
f 1512 1513 1511
f 1510 1512 1511
f 1511 1513 1514
f 1514 1513 1515
f 1513 1516 1515
f 1515 1516 1517
f 1516 1518 1517
f 1517 1518 1519
f 1518 1520 1519
f 1519 1520 1521
f 1520 1522 1521
f 1521 1522 1523
f 1522 1524 1523
f 1523 1524 1525
f 1524 1526 1525
f 1525 1526 1527
f 1526 1528 1527
f 1528 1530 1529
f 1527 1528 1529
f 1530 1532 1531
f 1529 1530 1531
f 1532 1534 1533
f 1531 1532 1533
f 1534 1536 1535
f 1533 1534 1535
f 1537 1539 1538
f 1540 1537 1538
f 1539 1542 1541
f 1538 1539 1541
f 1542 1544 1543
f 1541 1542 1543
f 1544 1546 1545
f 1543 1544 1545
f 1546 1548 1547
f 1545 1546 1547
f 1548 1550 1549
f 1547 1548 1549
f 1551 1553 1552
f 1550 1551 1552
f 1549 1550 1552
f 1552 1553 1554
f 1555 1557 1556
f 1553 1555 1556
f 1554 1553 1556
f 1556 1557 1558
f 1557 1560 1559
f 1558 1557 1559
f 1561 1563 1562
f 1560 1561 1562
f 1559 1560 1562
f 1562 1563 1564
f 1563 1566 1565
f 1564 1563 1565
f 1566 1568 1567
f 1565 1566 1567
f 1569 1571 1570
f 1568 1569 1570
f 1567 1568 1570
f 1570 1571 1572
f 1571 1574 1573
f 1572 1571 1573
f 1574 1576 1575
f 1573 1574 1575
f 1576 1578 1577
f 1575 1576 1577
f 1577 1578 1579
f 1578 1580 1579
f 1580 1582 1581
f 1579 1580 1581
f 1582 1584 1583
f 1581 1582 1583
f 1585 1587 1586
f 1584 1585 1586
f 1583 1584 1586
f 1586 1587 1588
f 1587 1590 1589
f 1588 1587 1589
f 1590 1592 1591
f 1589 1590 1591
f 1592 1594 1593
f 1591 1592 1593
f 1593 1594 1595
f 1594 1596 1595
f 1595 1596 1597
f 1596 1598 1597
f 1597 1598 1599
f 1598 1600 1599
f 1599 1600 1601
f 1600 1602 1601
f 1601 1602 1603
f 1602 1604 1603
f 1603 1604 1605
f 1604 1606 1605
f 1605 1606 1607
f 1606 1608 1607
f 1607 1608 1609
f 1608 1610 1609
f 1609 1610 1611
f 1610 1612 1611
f 1611 1612 1613
f 1612 1614 1613
f 1614 1616 1615
f 1613 1614 1615
f 1616 1618 1617
f 1615 1616 1617
f 1618 1620 1619
f 1617 1618 1619
f 1620 1622 1621
f 1619 1620 1621
f 1621 1622 1623
f 1624 1625 1623
f 1622 1624 1623
f 1623 1625 1626
f 1626 1625 1627
f 1625 1628 1627
f 1627 1628 1629
f 1628 1630 1629
f 1629 1630 1631
f 1630 1632 1631
f 1631 1632 1633
f 1632 1634 1633
f 1633 1634 1635
f 1634 1636 1635
f 1635 1636 1637
f 1636 1638 1637
f 1637 1638 1639
f 1640 1641 1639
f 1638 1640 1639
f 1639 1641 1642
f 1642 1641 1643
f 1641 1644 1643
f 1643 1644 1645
f 1644 1646 1645
f 1645 1646 1647
f 1646 1648 1647
f 1647 1648 1649
f 1648 1650 1649
f 1649 1650 1651
f 1650 1652 1651
f 1651 1652 1653
f 1652 1654 1653
f 1653 1654 1655
f 1654 1656 1655
f 1656 1658 1657
f 1655 1656 1657
f 1658 1660 1659
f 1657 1658 1659
f 1660 1662 1661
f 1659 1660 1661
f 1662 1664 1663
f 1661 1662 1663
f 1665 1667 1666
f 1668 1665 1666
f 1667 1670 1669
f 1666 1667 1669
f 1670 1672 1671
f 1669 1670 1671
f 1672 1674 1673
f 1671 1672 1673
f 1674 1676 1675
f 1673 1674 1675
f 1676 1678 1677
f 1675 1676 1677
f 1679 1681 1680
f 1678 1679 1680
f 1677 1678 1680
f 1680 1681 1682
f 1681 1684 1683
f 1682 1681 1683
f 1684 1686 1685
f 1683 1684 1685
f 1686 1688 1687
f 1685 1686 1687
f 1688 1690 1689
f 1687 1688 1689
f 1690 1692 1691
f 1689 1690 1691
f 1692 1694 1693
f 1691 1692 1693
f 1694 1696 1695
f 1693 1694 1695
f 1696 1698 1697
f 1695 1696 1697
f 1698 1700 1699
f 1697 1698 1699
f 1699 1700 1701
f 1700 1702 1701
f 1702 1704 1703
f 1701 1702 1703
f 1704 1706 1705
f 1703 1704 1705
f 1706 1708 1707
f 1705 1706 1707
f 1708 1710 1709
f 1707 1708 1709
f 1710 1712 1711
f 1709 1710 1711
f 1712 1714 1713
f 1711 1712 1713
f 1714 1716 1715
f 1713 1714 1715
f 1717 1719 1718
f 1716 1717 1718
f 1715 1716 1718
f 1718 1719 1720
f 1719 1722 1721
f 1720 1719 1721
f 1721 1722 1723
f 1722 1724 1723
f 1723 1724 1725
f 1724 1726 1725
f 1725 1726 1727
f 1726 1728 1727
f 1727 1728 1729
f 1728 1730 1729
f 1729 1730 1731
f 1730 1732 1731
f 1731 1732 1733
f 1732 1734 1733
f 1733 1734 1735
f 1736 1737 1735
f 1734 1736 1735
f 1735 1737 1738
f 1738 1737 1739
f 1737 1740 1739
f 1739 1740 1741
f 1742 1743 1741
f 1740 1742 1741
f 1741 1743 1744
f 1743 1746 1745
f 1744 1743 1745
f 1746 1748 1747
f 1745 1746 1747
f 1749 1751 1750
f 1748 1749 1750
f 1747 1748 1750
f 1750 1751 1752
f 1752 1751 1753
f 1751 1754 1753
f 1753 1754 1755
f 1754 1756 1755
f 1755 1756 1757
f 1756 1758 1757
f 1757 1758 1759
f 1758 1760 1759
f 1759 1760 1761
f 1760 1762 1761
f 1761 1762 1763
f 1762 1764 1763
f 1763 1764 1765
f 1764 1766 1765
f 1765 1766 1767
f 1766 1768 1767
f 1767 1768 1769
f 1768 1770 1769
f 1769 1770 1771
f 1770 1772 1771
f 1771 1772 1773
f 1772 1774 1773
f 1773 1774 1775
f 1774 1776 1775
f 1775 1776 1777
f 1776 1778 1777
f 1777 1778 1779
f 1778 1780 1779
f 1779 1780 1781
f 1780 1782 1781
f 1781 1782 1783
f 1782 1784 1783
f 1784 1786 1785
f 1783 1784 1785
f 1786 1788 1787
f 1785 1786 1787
f 1788 1790 1789
f 1787 1788 1789
f 1790 1792 1791
f 1789 1790 1791
f 1793 1795 1794
f 1796 1793 1794
f 1795 1798 1797
f 1794 1795 1797
f 1798 1800 1799
f 1797 1798 1799
f 1800 1802 1801
f 1799 1800 1801
f 1802 1804 1803
f 1801 1802 1803
f 1804 1806 1805
f 1803 1804 1805
f 1807 1809 1808
f 1806 1807 1808
f 1805 1806 1808
f 1808 1809 1810
f 1809 1812 1811
f 1810 1809 1811
f 1812 1814 1813
f 1811 1812 1813
f 1814 1816 1815
f 1813 1814 1815
f 1816 1818 1817
f 1815 1816 1817
f 1818 1820 1819
f 1817 1818 1819
f 1820 1822 1821
f 1819 1820 1821
f 1822 1824 1823
f 1821 1822 1823
f 1824 1826 1825
f 1823 1824 1825
f 1826 1828 1827
f 1825 1826 1827
f 1827 1828 1829
f 1828 1830 1829
f 1830 1832 1831
f 1829 1830 1831
f 1832 1834 1833
f 1831 1832 1833
f 1834 1836 1835
f 1833 1834 1835
f 1836 1838 1837
f 1835 1836 1837
f 1838 1840 1839
f 1837 1838 1839
f 1840 1842 1841
f 1839 1840 1841
f 1842 1844 1843
f 1841 1842 1843
f 1845 1847 1846
f 1844 1845 1846
f 1843 1844 1846
f 1846 1847 1848
f 1847 1850 1849
f 1848 1847 1849
f 1849 1850 1851
f 1850 1852 1851
f 1851 1852 1853
f 1852 1854 1853
f 1853 1854 1855
f 1854 1856 1855
f 1855 1856 1857
f 1856 1858 1857
f 1857 1858 1859
f 1858 1860 1859
f 1859 1860 1861
f 1860 1862 1861
f 1861 1862 1863
f 1864 1865 1863
f 1862 1864 1863
f 1863 1865 1866
f 1866 1865 1867
f 1865 1868 1867
f 1867 1868 1869
f 1870 1871 1869
f 1868 1870 1869
f 1869 1871 1872
f 1871 1874 1873
f 1872 1871 1873
f 1874 1876 1875
f 1873 1874 1875
f 1877 1879 1878
f 1876 1877 1878
f 1875 1876 1878
f 1878 1879 1880
f 1880 1879 1881
f 1879 1882 1881
f 1881 1882 1883
f 1882 1884 1883
f 1883 1884 1885
f 1884 1886 1885
f 1885 1886 1887
f 1886 1888 1887
f 1887 1888 1889
f 1888 1890 1889
f 1889 1890 1891
f 1890 1892 1891
f 1891 1892 1893
f 1892 1894 1893
f 1893 1894 1895
f 1894 1896 1895
f 1895 1896 1897
f 1896 1898 1897
f 1897 1898 1899
f 1898 1900 1899
f 1899 1900 1901
f 1900 1902 1901
f 1901 1902 1903
f 1902 1904 1903
f 1903 1904 1905
f 1904 1906 1905
f 1905 1906 1907
f 1906 1908 1907
f 1907 1908 1909
f 1908 1910 1909
f 1909 1910 1911
f 1910 1912 1911
f 1912 1914 1913
f 1911 1912 1913
f 1914 1916 1915
f 1913 1914 1915
f 1916 1918 1917
f 1915 1916 1917
f 1918 1920 1919
f 1917 1918 1919
f 1921 1923 1922
f 1924 1921 1922
f 1923 1926 1925
f 1922 1923 1925
f 1926 1928 1927
f 1925 1926 1927
f 1928 1930 1929
f 1927 1928 1929
f 1930 1932 1931
f 1929 1930 1931
f 1932 1934 1933
f 1931 1932 1933
f 1935 1937 1936
f 1934 1935 1936
f 1933 1934 1936
f 1936 1937 1938
f 1939 1941 1940
f 1937 1939 1940
f 1938 1937 1940
f 1940 1941 1942
f 1941 1944 1943
f 1942 1941 1943
f 1945 1947 1946
f 1944 1945 1946
f 1943 1944 1946
f 1946 1947 1948
f 1947 1950 1949
f 1948 1947 1949
f 1950 1952 1951
f 1949 1950 1951
f 1953 1955 1954
f 1952 1953 1954
f 1951 1952 1954
f 1954 1955 1956
f 1955 1958 1957
f 1956 1955 1957
f 1958 1960 1959
f 1957 1958 1959
f 1960 1962 1961
f 1959 1960 1961
f 1961 1962 1963
f 1962 1964 1963
f 1964 1966 1965
f 1963 1964 1965
f 1966 1968 1967
f 1965 1966 1967
f 1969 1971 1970
f 1968 1969 1970
f 1967 1968 1970
f 1970 1971 1972
f 1971 1974 1973
f 1972 1971 1973
f 1974 1976 1975
f 1973 1974 1975
f 1976 1978 1977
f 1975 1976 1977
f 1977 1978 1979
f 1978 1980 1979
f 1979 1980 1981
f 1980 1982 1981
f 1981 1982 1983
f 1982 1984 1983
f 1983 1984 1985
f 1984 1986 1985
f 1985 1986 1987
f 1986 1988 1987
f 1987 1988 1989
f 1988 1990 1989
f 1989 1990 1991
f 1990 1992 1991
f 1991 1992 1993
f 1992 1994 1993
f 1993 1994 1995
f 1994 1996 1995
f 1995 1996 1997
f 1996 1998 1997
f 1998 2000 1999
f 1997 1998 1999
f 2000 2002 2001
f 1999 2000 2001
f 2002 2004 2003
f 2001 2002 2003
f 2004 2006 2005
f 2003 2004 2005
f 2005 2006 2007
f 2008 2009 2007
f 2006 2008 2007
f 2007 2009 2010
f 2010 2009 2011
f 2009 2012 2011
f 2011 2012 2013
f 2012 2014 2013
f 2013 2014 2015
f 2014 2016 2015
f 2015 2016 2017
f 2016 2018 2017
f 2017 2018 2019
f 2018 2020 2019
f 2019 2020 2021
f 2020 2022 2021
f 2021 2022 2023
f 2024 2025 2023
f 2022 2024 2023
f 2023 2025 2026
f 2026 2025 2027
f 2025 2028 2027
f 2027 2028 2029
f 2028 2030 2029
f 2029 2030 2031
f 2030 2032 2031
f 2031 2032 2033
f 2032 2034 2033
f 2033 2034 2035
f 2034 2036 2035
f 2035 2036 2037
f 2036 2038 2037
f 2037 2038 2039
f 2038 2040 2039
f 2040 2042 2041
f 2039 2040 2041
f 2042 2044 2043
f 2041 2042 2043
f 2044 2046 2045
f 2043 2044 2045
f 2046 2048 2047
f 2045 2046 2047
f 2049 2051 2050
f 2052 2049 2050
f 2051 2054 2053
f 2050 2051 2053
f 2054 2056 2055
f 2053 2054 2055
f 2056 2058 2057
f 2055 2056 2057
f 2058 2060 2059
f 2057 2058 2059
f 2060 2062 2061
f 2059 2060 2061
f 2063 2065 2064
f 2062 2063 2064
f 2061 2062 2064
f 2064 2065 2066
f 2067 2069 2068
f 2065 2067 2068
f 2066 2065 2068
f 2068 2069 2070
f 2069 2072 2071
f 2070 2069 2071
f 2073 2075 2074
f 2072 2073 2074
f 2071 2072 2074
f 2074 2075 2076
f 2075 2078 2077
f 2076 2075 2077
f 2078 2080 2079
f 2077 2078 2079
f 2081 2083 2082
f 2080 2081 2082
f 2079 2080 2082
f 2082 2083 2084
f 2083 2086 2085
f 2084 2083 2085
f 2086 2088 2087
f 2085 2086 2087
f 2088 2090 2089
f 2087 2088 2089
f 2089 2090 2091
f 2090 2092 2091
f 2092 2094 2093
f 2091 2092 2093
f 2094 2096 2095
f 2093 2094 2095
f 2097 2099 2098
f 2096 2097 2098
f 2095 2096 2098
f 2098 2099 2100
f 2099 2102 2101
f 2100 2099 2101
f 2102 2104 2103
f 2101 2102 2103
f 2104 2106 2105
f 2103 2104 2105
f 2105 2106 2107
f 2106 2108 2107
f 2107 2108 2109
f 2108 2110 2109
f 2109 2110 2111
f 2110 2112 2111
f 2111 2112 2113
f 2112 2114 2113
f 2113 2114 2115
f 2114 2116 2115
f 2115 2116 2117
f 2116 2118 2117
f 2117 2118 2119
f 2118 2120 2119
f 2119 2120 2121
f 2120 2122 2121
f 2121 2122 2123
f 2122 2124 2123
f 2123 2124 2125
f 2124 2126 2125
f 2126 2128 2127
f 2125 2126 2127
f 2128 2130 2129
f 2127 2128 2129
f 2130 2132 2131
f 2129 2130 2131
f 2132 2134 2133
f 2131 2132 2133
f 2133 2134 2135
f 2136 2137 2135
f 2134 2136 2135
f 2135 2137 2138
f 2138 2137 2139
f 2137 2140 2139
f 2139 2140 2141
f 2140 2142 2141
f 2141 2142 2143
f 2142 2144 2143
f 2143 2144 2145
f 2144 2146 2145
f 2145 2146 2147
f 2146 2148 2147
f 2147 2148 2149
f 2148 2150 2149
f 2149 2150 2151
f 2152 2153 2151
f 2150 2152 2151
f 2151 2153 2154
f 2154 2153 2155
f 2153 2156 2155
f 2155 2156 2157
f 2156 2158 2157
f 2157 2158 2159
f 2158 2160 2159
f 2159 2160 2161
f 2160 2162 2161
f 2161 2162 2163
f 2162 2164 2163
f 2163 2164 2165
f 2164 2166 2165
f 2165 2166 2167
f 2166 2168 2167
f 2168 2170 2169
f 2167 2168 2169
f 2170 2172 2171
f 2169 2170 2171
f 2172 2174 2173
f 2171 2172 2173
f 2174 2176 2175
f 2173 2174 2175
f 2177 2179 2178
f 2180 2177 2178
f 2179 2182 2181
f 2178 2179 2181
f 2182 2184 2183
f 2181 2182 2183
f 2184 2186 2185
f 2183 2184 2185
f 2186 2188 2187
f 2185 2186 2187
f 2188 2190 2189
f 2187 2188 2189
f 2191 2193 2192
f 2190 2191 2192
f 2189 2190 2192
f 2192 2193 2194
f 2193 2196 2195
f 2194 2193 2195
f 2196 2198 2197
f 2195 2196 2197
f 2198 2200 2199
f 2197 2198 2199
f 2200 2202 2201
f 2199 2200 2201
f 2202 2204 2203
f 2201 2202 2203
f 2204 2206 2205
f 2203 2204 2205
f 2206 2208 2207
f 2205 2206 2207
f 2208 2210 2209
f 2207 2208 2209
f 2210 2212 2211
f 2209 2210 2211
f 2211 2212 2213
f 2212 2214 2213
f 2214 2216 2215
f 2213 2214 2215
f 2216 2218 2217
f 2215 2216 2217
f 2218 2220 2219
f 2217 2218 2219
f 2220 2222 2221
f 2219 2220 2221
f 2222 2224 2223
f 2221 2222 2223
f 2224 2226 2225
f 2223 2224 2225
f 2226 2228 2227
f 2225 2226 2227
f 2229 2231 2230
f 2228 2229 2230
f 2227 2228 2230
f 2230 2231 2232
f 2231 2234 2233
f 2232 2231 2233
f 2233 2234 2235
f 2234 2236 2235
f 2235 2236 2237
f 2236 2238 2237
f 2237 2238 2239
f 2238 2240 2239
f 2239 2240 2241
f 2240 2242 2241
f 2241 2242 2243
f 2242 2244 2243
f 2243 2244 2245
f 2244 2246 2245
f 2245 2246 2247
f 2248 2249 2247
f 2246 2248 2247
f 2247 2249 2250
f 2250 2249 2251
f 2249 2252 2251
f 2251 2252 2253
f 2254 2255 2253
f 2252 2254 2253
f 2253 2255 2256
f 2255 2258 2257
f 2256 2255 2257
f 2258 2260 2259
f 2257 2258 2259
f 2261 2263 2262
f 2260 2261 2262
f 2259 2260 2262
f 2262 2263 2264
f 2264 2263 2265
f 2263 2266 2265
f 2265 2266 2267
f 2266 2268 2267
f 2267 2268 2269
f 2268 2270 2269
f 2269 2270 2271
f 2270 2272 2271
f 2271 2272 2273
f 2272 2274 2273
f 2273 2274 2275
f 2274 2276 2275
f 2275 2276 2277
f 2276 2278 2277
f 2277 2278 2279
f 2278 2280 2279
f 2279 2280 2281
f 2280 2282 2281
f 2281 2282 2283
f 2282 2284 2283
f 2283 2284 2285
f 2284 2286 2285
f 2285 2286 2287
f 2286 2288 2287
f 2287 2288 2289
f 2288 2290 2289
f 2289 2290 2291
f 2290 2292 2291
f 2291 2292 2293
f 2292 2294 2293
f 2293 2294 2295
f 2294 2296 2295
f 2296 2298 2297
f 2295 2296 2297
f 2298 2300 2299
f 2297 2298 2299
f 2300 2302 2301
f 2299 2300 2301
f 2302 2304 2303
f 2301 2302 2303
f 2305 2307 2306
f 2308 2305 2306
f 2307 2310 2309
f 2306 2307 2309
f 2310 2312 2311
f 2309 2310 2311
f 2312 2314 2313
f 2311 2312 2313
f 2314 2316 2315
f 2313 2314 2315
f 2316 2318 2317
f 2315 2316 2317
f 2319 2321 2320
f 2318 2319 2320
f 2317 2318 2320
f 2320 2321 2322
f 2321 2324 2323
f 2322 2321 2323
f 2324 2326 2325
f 2323 2324 2325
f 2326 2328 2327
f 2325 2326 2327
f 2328 2330 2329
f 2327 2328 2329
f 2330 2332 2331
f 2329 2330 2331
f 2332 2334 2333
f 2331 2332 2333
f 2334 2336 2335
f 2333 2334 2335
f 2336 2338 2337
f 2335 2336 2337
f 2338 2340 2339
f 2337 2338 2339
f 2339 2340 2341
f 2340 2342 2341
f 2342 2344 2343
f 2341 2342 2343
f 2344 2346 2345
f 2343 2344 2345
f 2346 2348 2347
f 2345 2346 2347
f 2348 2350 2349
f 2347 2348 2349
f 2350 2352 2351
f 2349 2350 2351
f 2352 2354 2353
f 2351 2352 2353
f 2354 2356 2355
f 2353 2354 2355
f 2357 2359 2358
f 2356 2357 2358
f 2355 2356 2358
f 2358 2359 2360
f 2359 2362 2361
f 2360 2359 2361
f 2361 2362 2363
f 2362 2364 2363
f 2363 2364 2365
f 2364 2366 2365
f 2365 2366 2367
f 2366 2368 2367
f 2367 2368 2369
f 2368 2370 2369
f 2369 2370 2371
f 2370 2372 2371
f 2371 2372 2373
f 2372 2374 2373
f 2373 2374 2375
f 2376 2377 2375
f 2374 2376 2375
f 2375 2377 2378
f 2378 2377 2379
f 2377 2380 2379
f 2379 2380 2381
f 2382 2383 2381
f 2380 2382 2381
f 2381 2383 2384
f 2383 2386 2385
f 2384 2383 2385
f 2386 2388 2387
f 2385 2386 2387
f 2389 2391 2390
f 2388 2389 2390
f 2387 2388 2390
f 2390 2391 2392
f 2392 2391 2393
f 2391 2394 2393
f 2393 2394 2395
f 2394 2396 2395
f 2395 2396 2397
f 2396 2398 2397
f 2397 2398 2399
f 2398 2400 2399
f 2399 2400 2401
f 2400 2402 2401
f 2401 2402 2403
f 2402 2404 2403
f 2403 2404 2405
f 2404 2406 2405
f 2405 2406 2407
f 2406 2408 2407
f 2407 2408 2409
f 2408 2410 2409
f 2409 2410 2411
f 2410 2412 2411
f 2411 2412 2413
f 2412 2414 2413
f 2413 2414 2415
f 2414 2416 2415
f 2415 2416 2417
f 2416 2418 2417
f 2417 2418 2419
f 2418 2420 2419
f 2419 2420 2421
f 2420 2422 2421
f 2421 2422 2423
f 2422 2424 2423
f 2424 2426 2425
f 2423 2424 2425
f 2426 2428 2427
f 2425 2426 2427
f 2428 2430 2429
f 2427 2428 2429
f 2430 2432 2431
f 2429 2430 2431
f 2433 2435 2434
f 2436 2433 2434
f 2435 2438 2437
f 2434 2435 2437
f 2438 2440 2439
f 2437 2438 2439
f 2440 2442 2441
f 2439 2440 2441
f 2442 2444 2443
f 2441 2442 2443
f 2444 2446 2445
f 2443 2444 2445
f 2447 2449 2448
f 2446 2447 2448
f 2445 2446 2448
f 2448 2449 2450
f 2451 2453 2452
f 2449 2451 2452
f 2450 2449 2452
f 2452 2453 2454
f 2453 2456 2455
f 2454 2453 2455
f 2457 2459 2458
f 2456 2457 2458
f 2455 2456 2458
f 2458 2459 2460
f 2459 2462 2461
f 2460 2459 2461
f 2462 2464 2463
f 2461 2462 2463
f 2465 2467 2466
f 2464 2465 2466
f 2463 2464 2466
f 2466 2467 2468
f 2467 2470 2469
f 2468 2467 2469
f 2470 2472 2471
f 2469 2470 2471
f 2472 2474 2473
f 2471 2472 2473
f 2473 2474 2475
f 2474 2476 2475
f 2476 2478 2477
f 2475 2476 2477
f 2478 2480 2479
f 2477 2478 2479
f 2481 2483 2482
f 2480 2481 2482
f 2479 2480 2482
f 2482 2483 2484
f 2483 2486 2485
f 2484 2483 2485
f 2486 2488 2487
f 2485 2486 2487
f 2488 2490 2489
f 2487 2488 2489
f 2489 2490 2491
f 2490 2492 2491
f 2491 2492 2493
f 2492 2494 2493
f 2493 2494 2495
f 2494 2496 2495
f 2495 2496 2497
f 2496 2498 2497
f 2497 2498 2499
f 2498 2500 2499
f 2499 2500 2501
f 2500 2502 2501
f 2501 2502 2503
f 2502 2504 2503
f 2503 2504 2505
f 2504 2506 2505
f 2505 2506 2507
f 2506 2508 2507
f 2507 2508 2509
f 2508 2510 2509
f 2510 2512 2511
f 2509 2510 2511
f 2512 2514 2513
f 2511 2512 2513
f 2514 2516 2515
f 2513 2514 2515
f 2516 2518 2517
f 2515 2516 2517
f 2517 2518 2519
f 2520 2521 2519
f 2518 2520 2519
f 2519 2521 2522
f 2522 2521 2523
f 2521 2524 2523
f 2523 2524 2525
f 2524 2526 2525
f 2525 2526 2527
f 2526 2528 2527
f 2527 2528 2529
f 2528 2530 2529
f 2529 2530 2531
f 2530 2532 2531
f 2531 2532 2533
f 2532 2534 2533
f 2533 2534 2535
f 2536 2537 2535
f 2534 2536 2535
f 2535 2537 2538
f 2538 2537 2539
f 2537 2540 2539
f 2539 2540 2541
f 2540 2542 2541
f 2541 2542 2543
f 2542 2544 2543
f 2543 2544 2545
f 2544 2546 2545
f 2545 2546 2547
f 2546 2548 2547
f 2547 2548 2549
f 2548 2550 2549
f 2549 2550 2551
f 2550 2552 2551
f 2552 2554 2553
f 2551 2552 2553
f 2554 2556 2555
f 2553 2554 2555
f 2556 2558 2557
f 2555 2556 2557
f 2558 2560 2559
f 2557 2558 2559
f 2561 2563 2562
f 2564 2561 2562
f 2563 2566 2565
f 2562 2563 2565
f 2566 2568 2567
f 2565 2566 2567
f 2568 2570 2569
f 2567 2568 2569
f 2570 2572 2571
f 2569 2570 2571
f 2572 2574 2573
f 2571 2572 2573
f 2575 2577 2576
f 2574 2575 2576
f 2573 2574 2576
f 2576 2577 2578
f 2577 2580 2579
f 2578 2577 2579
f 2580 2582 2581
f 2579 2580 2581
f 2582 2584 2583
f 2581 2582 2583
f 2584 2586 2585
f 2583 2584 2585
f 2586 2588 2587
f 2585 2586 2587
f 2588 2590 2589
f 2587 2588 2589
f 2590 2592 2591
f 2589 2590 2591
f 2592 2594 2593
f 2591 2592 2593
f 2594 2596 2595
f 2593 2594 2595
f 2595 2596 2597
f 2596 2598 2597
f 2598 2600 2599
f 2597 2598 2599
f 2600 2602 2601
f 2599 2600 2601
f 2602 2604 2603
f 2601 2602 2603
f 2604 2606 2605
f 2603 2604 2605
f 2606 2608 2607
f 2605 2606 2607
f 2608 2610 2609
f 2607 2608 2609
f 2610 2612 2611
f 2609 2610 2611
f 2613 2615 2614
f 2612 2613 2614
f 2611 2612 2614
f 2614 2615 2616
f 2615 2618 2617
f 2616 2615 2617
f 2617 2618 2619
f 2618 2620 2619
f 2619 2620 2621
f 2620 2622 2621
f 2621 2622 2623
f 2622 2624 2623
f 2623 2624 2625
f 2624 2626 2625
f 2625 2626 2627
f 2626 2628 2627
f 2627 2628 2629
f 2628 2630 2629
f 2629 2630 2631
f 2632 2633 2631
f 2630 2632 2631
f 2631 2633 2634
f 2634 2633 2635
f 2633 2636 2635
f 2635 2636 2637
f 2638 2639 2637
f 2636 2638 2637
f 2637 2639 2640
f 2639 2642 2641
f 2640 2639 2641
f 2642 2644 2643
f 2641 2642 2643
f 2645 2647 2646
f 2644 2645 2646
f 2643 2644 2646
f 2646 2647 2648
f 2648 2647 2649
f 2647 2650 2649
f 2649 2650 2651
f 2650 2652 2651
f 2651 2652 2653
f 2652 2654 2653
f 2653 2654 2655
f 2654 2656 2655
f 2655 2656 2657
f 2656 2658 2657
f 2657 2658 2659
f 2658 2660 2659
f 2659 2660 2661
f 2660 2662 2661
f 2661 2662 2663
f 2662 2664 2663
f 2663 2664 2665
f 2664 2666 2665
f 2665 2666 2667
f 2666 2668 2667
f 2667 2668 2669
f 2668 2670 2669
f 2669 2670 2671
f 2670 2672 2671
f 2671 2672 2673
f 2672 2674 2673
f 2673 2674 2675
f 2674 2676 2675
f 2675 2676 2677
f 2676 2678 2677
f 2677 2678 2679
f 2678 2680 2679
f 2680 2682 2681
f 2679 2680 2681
f 2682 2684 2683
f 2681 2682 2683
f 2684 2686 2685
f 2683 2684 2685
f 2686 2688 2687
f 2685 2686 2687
f 2689 2691 2690
f 2692 2689 2690
f 2691 2694 2693
f 2690 2691 2693
f 2694 2696 2695
f 2693 2694 2695
f 2696 2698 2697
f 2695 2696 2697
f 2698 2700 2699
f 2697 2698 2699
f 2700 2702 2701
f 2699 2700 2701
f 2703 2705 2704
f 2702 2703 2704
f 2701 2702 2704
f 2704 2705 2706
f 2707 2709 2708
f 2705 2707 2708
f 2706 2705 2708
f 2708 2709 2710
f 2709 2712 2711
f 2710 2709 2711
f 2713 2715 2714
f 2712 2713 2714
f 2711 2712 2714
f 2714 2715 2716
f 2715 2718 2717
f 2716 2715 2717
f 2718 2720 2719
f 2717 2718 2719
f 2721 2723 2722
f 2720 2721 2722
f 2719 2720 2722
f 2722 2723 2724
f 2723 2726 2725
f 2724 2723 2725
f 2726 2728 2727
f 2725 2726 2727
f 2728 2730 2729
f 2727 2728 2729
f 2729 2730 2731
f 2730 2732 2731
f 2732 2734 2733
f 2731 2732 2733
f 2734 2736 2735
f 2733 2734 2735
f 2737 2739 2738
f 2736 2737 2738
f 2735 2736 2738
f 2738 2739 2740
f 2739 2742 2741
f 2740 2739 2741
f 2742 2744 2743
f 2741 2742 2743
f 2744 2746 2745
f 2743 2744 2745
f 2745 2746 2747
f 2746 2748 2747
f 2747 2748 2749
f 2748 2750 2749
f 2749 2750 2751
f 2750 2752 2751
f 2751 2752 2753
f 2752 2754 2753
f 2753 2754 2755
f 2754 2756 2755
f 2755 2756 2757
f 2756 2758 2757
f 2757 2758 2759
f 2758 2760 2759
f 2759 2760 2761
f 2760 2762 2761
f 2761 2762 2763
f 2762 2764 2763
f 2763 2764 2765
f 2764 2766 2765
f 2766 2768 2767
f 2765 2766 2767
f 2768 2770 2769
f 2767 2768 2769
f 2770 2772 2771
f 2769 2770 2771
f 2772 2774 2773
f 2771 2772 2773
f 2773 2774 2775
f 2776 2777 2775
f 2774 2776 2775
f 2775 2777 2778
f 2778 2777 2779
f 2777 2780 2779
f 2779 2780 2781
f 2780 2782 2781
f 2781 2782 2783
f 2782 2784 2783
f 2783 2784 2785
f 2784 2786 2785
f 2785 2786 2787
f 2786 2788 2787
f 2787 2788 2789
f 2788 2790 2789
f 2789 2790 2791
f 2792 2793 2791
f 2790 2792 2791
f 2791 2793 2794
f 2794 2793 2795
f 2793 2796 2795
f 2795 2796 2797
f 2796 2798 2797
f 2797 2798 2799
f 2798 2800 2799
f 2799 2800 2801
f 2800 2802 2801
f 2801 2802 2803
f 2802 2804 2803
f 2803 2804 2805
f 2804 2806 2805
f 2805 2806 2807
f 2806 2808 2807
f 2808 2810 2809
f 2807 2808 2809
f 2810 2812 2811
f 2809 2810 2811
f 2812 2814 2813
f 2811 2812 2813
f 2814 2816 2815
f 2813 2814 2815
f 2817 2819 2818
f 2820 2817 2818
f 2819 2822 2821
f 2818 2819 2821
f 2822 2824 2823
f 2821 2822 2823
f 2824 2826 2825
f 2823 2824 2825
f 2826 2828 2827
f 2825 2826 2827
f 2828 2830 2829
f 2827 2828 2829
f 2831 2833 2832
f 2830 2831 2832
f 2829 2830 2832
f 2832 2833 2834
f 2833 2836 2835
f 2834 2833 2835
f 2836 2838 2837
f 2835 2836 2837
f 2838 2840 2839
f 2837 2838 2839
f 2840 2842 2841
f 2839 2840 2841
f 2842 2844 2843
f 2841 2842 2843
f 2844 2846 2845
f 2843 2844 2845
f 2846 2848 2847
f 2845 2846 2847
f 2848 2850 2849
f 2847 2848 2849
f 2850 2852 2851
f 2849 2850 2851
f 2851 2852 2853
f 2852 2854 2853
f 2854 2856 2855
f 2853 2854 2855
f 2856 2858 2857
f 2855 2856 2857
f 2858 2860 2859
f 2857 2858 2859
f 2860 2862 2861
f 2859 2860 2861
f 2862 2864 2863
f 2861 2862 2863
f 2864 2866 2865
f 2863 2864 2865
f 2866 2868 2867
f 2865 2866 2867
f 2869 2871 2870
f 2868 2869 2870
f 2867 2868 2870
f 2870 2871 2872
f 2871 2874 2873
f 2872 2871 2873
f 2873 2874 2875
f 2874 2876 2875
f 2875 2876 2877
f 2876 2878 2877
f 2877 2878 2879
f 2878 2880 2879
f 2879 2880 2881
f 2880 2882 2881
f 2881 2882 2883
f 2882 2884 2883
f 2883 2884 2885
f 2884 2886 2885
f 2885 2886 2887
f 2888 2889 2887
f 2886 2888 2887
f 2887 2889 2890
f 2890 2889 2891
f 2889 2892 2891
f 2891 2892 2893
f 2894 2895 2893
f 2892 2894 2893
f 2893 2895 2896
f 2895 2898 2897
f 2896 2895 2897
f 2898 2900 2899
f 2897 2898 2899
f 2901 2903 2902
f 2900 2901 2902
f 2899 2900 2902
f 2902 2903 2904
f 2904 2903 2905
f 2903 2906 2905
f 2905 2906 2907
f 2906 2908 2907
f 2907 2908 2909
f 2908 2910 2909
f 2909 2910 2911
f 2910 2912 2911
f 2911 2912 2913
f 2912 2914 2913
f 2913 2914 2915
f 2914 2916 2915
f 2915 2916 2917
f 2916 2918 2917
f 2917 2918 2919
f 2918 2920 2919
f 2919 2920 2921
f 2920 2922 2921
f 2921 2922 2923
f 2922 2924 2923
f 2923 2924 2925
f 2924 2926 2925
f 2925 2926 2927
f 2926 2928 2927
f 2927 2928 2929
f 2928 2930 2929
f 2929 2930 2931
f 2930 2932 2931
f 2931 2932 2933
f 2932 2934 2933
f 2933 2934 2935
f 2934 2936 2935
f 2936 2938 2937
f 2935 2936 2937
f 2938 2940 2939
f 2937 2938 2939
f 2940 2942 2941
f 2939 2940 2941
f 2942 2944 2943
f 2941 2942 2943
f 2945 2947 2946
f 1698 140 1700
f 1698 142 140
f 2948 2950 2949
f 2948 2945 2950
f 1696 142 1698
f 1696 143 142
f 2951 2948 2949
f 2951 2949 2952
f 2953 2952 2954
f 2953 2954 2955
f 2953 2951 2952
f 2957 2953 2955
f 2958 2955 2959
f 2961 2956 2960
f 2914 2912 2961
f 2910 2961 2912
f 2916 2914 2961
f 2958 2957 2955
f 2962 2959 2963
f 2962 2963 2964
f 2908 2961 2910
f 2918 2916 2961
f 2906 2961 2908
f 2920 2918 2961
f 2903 2961 2906
f 2962 2958 2959
f 2922 2920 2961
f 2901 2961 2903
f 2924 2922 2961
f 2900 2961 2901
f 2926 2924 2961
f 2965 2962 2964
f 2966 2964 2967
f 2898 2961 2900
f 2928 2926 2961
f 2895 2961 2898
f 2930 2928 2961
f 2966 2965 2964
f 2894 2961 2895
f 2932 2930 2961
f 2892 2961 2894
f 2968 2967 2969
f 2968 2966 2967
f 2934 2932 2961
f 2889 2961 2892
f 2936 2934 2961
f 2888 2961 2889
f 2970 2969 2971
f 2970 2968 2969
f 2938 2936 2961
f 2886 2961 2888
f 2940 2938 2961
f 2972 2971 2973
f 2972 2970 2971
f 2884 2961 2886
f 2942 2940 2961
f 2882 2961 2884
f 2944 2942 2961
f 2974 2973 2975
f 2974 2972 2973
f 2880 2961 2882
f 2976 2944 2961
f 2977 2976 2961
f 2978 2977 2961
f 2979 2978 2961
f 2980 2979 2961
f 2981 2980 2961
f 2982 2981 2961
f 2983 2982 2961
f 2984 2983 2961
f 2985 2984 2961
f 2986 2985 2961
f 2987 2986 2961
f 2988 2961 2960
f 2988 2987 2961
f 2989 2988 2960
f 2990 2989 2960
f 2991 2990 2960
f 2992 2991 2960
f 2993 2992 2960
f 2994 2993 2960
f 2995 2994 2960
f 2996 2995 2960
f 2997 2996 2960
f 2998 2997 2960
f 1888 3000 2999
f 1890 2999 3001
f 1890 1888 2999
f 1886 3000 1888
f 1886 3002 3000
f 1892 3001 3003
f 1892 1890 3001
f 1884 3004 3002
f 1884 3002 1886
f 2656 3006 3005
f 1894 3003 3007
f 1894 1892 3003
f 2658 2656 3005
f 2658 3005 3008
f 2654 3006 2656
f 1882 3004 1884
f 1882 3009 3004
f 2654 3010 3006
f 1896 3007 3011
f 2660 2658 3008
f 2660 3008 3012
f 2652 3010 2654
f 1896 1894 3007
f 1879 3009 1882
f 2652 3013 3010
f 2662 2660 3012
f 1879 3014 3009
f 1898 1896 3011
f 2662 3012 3015
f 2650 3013 2652
f 1898 3011 3016
f 1877 3014 1879
f 2650 3017 3013
f 2664 2662 3015
f 2664 3015 3018
f 1877 3019 3014
f 1900 1898 3016
f 2647 3017 2650
f 1900 3016 3020
f 1876 3019 1877
f 2647 3021 3017
f 2666 2664 3018
f 2666 3018 3022
f 1876 3023 3019
f 1902 1900 3020
f 2645 3021 2647
f 2645 3024 3021
f 1902 3020 3025
f 2668 2666 3022
f 2668 3022 3026
f 2644 3024 2645
f 1874 3027 3023
f 1874 3023 1876
f 1904 1902 3025
f 2644 3028 3024
f 2670 2668 3026
f 2670 3026 3029
f 1904 3025 3030
f 2642 3028 2644
f 1871 3027 1874
f 1871 3031 3027
f 2642 3032 3028
f 2672 2670 3029
f 2672 3029 3033
f 1906 1904 3030
f 1906 3030 3034
f 2639 3032 2642
f 2639 3035 3032
f 1870 3031 1871
f 1870 3036 3031
f 2674 2672 3033
f 2674 3033 3037
f 2638 3035 2639
f 1908 1906 3034
f 1908 3034 3038
f 2638 3039 3035
f 2676 2674 3037
f 2676 3037 3040
f 1868 3036 1870
f 1868 3041 3036
f 2636 3039 2638
f 2636 3042 3039
f 1910 3038 3043
f 1910 1908 3038
f 2678 2676 3040
f 2678 3040 3044
f 2633 3042 2636
f 1865 3041 1868
f 1865 3045 3041
f 2633 3046 3042
f 2680 2678 3044
f 2680 3044 3047
f 1912 1910 3043
f 1912 3043 3048
f 2632 3046 2633
f 2632 3049 3046
f 1864 3045 1865
f 1864 3050 3045
f 2682 2680 3047
f 2682 3047 3051
f 2630 3049 2632
f 1914 1912 3048
f 1914 3048 3052
f 2630 3053 3049
f 2684 2682 3051
f 2684 3051 3054
f 1862 3050 1864
f 1862 3055 3050
f 1916 1914 3052
f 2628 3056 3053
f 2628 3053 2630
f 2686 3054 3057
f 2686 2684 3054
f 1916 3052 3058
f 2626 3059 3056
f 2626 3056 2628
f 2688 3057 3060
f 2688 2686 3057
f 1860 3055 1862
f 1860 3061 3055
f 1918 1916 3058
f 2624 3062 3059
f 2624 3059 2626
f 3063 3060 3064
f 3063 2688 3060
f 1918 3058 3065
f 2622 3066 3062
f 2622 3062 2624
f 3067 3064 3068
f 3067 3063 3064
f 1858 3069 3061
f 1858 3061 1860
f 2620 3070 3066
f 2620 3066 2622
f 3071 3068 3072
f 3071 3067 3068
f 2618 2817 3070
f 1920 1918 3065
f 1920 3065 2974
f 1856 3069 1858
f 1856 3073 3069
f 3074 2974 2975
f 2618 3070 2620
f 3075 3072 2998
f 3075 2998 2960
f 3075 3071 3072
f 2615 2819 2817
f 2615 2817 2618
f 3076 3075 2960
f 3074 1920 2974
f 3074 2975 3077
f 3078 3076 2960
f 1854 3079 3073
f 1854 3073 1856
f 3080 3077 3081
f 3080 3074 3077
f 3082 3078 2960
f 1852 3083 3079
f 1852 3079 1854
f 3084 3082 2960
f 3085 3084 2960
f 3086 3080 3081
f 3086 3081 3087
f 3088 3085 2960
f 1850 1665 3083
f 1850 3083 1852
f 3089 3087 3090
f 3091 3088 2960
f 3092 3091 2960
f 3089 3086 3087
f 1847 1667 1665
f 1847 1665 1850
f 3093 3090 3094
f 3095 3092 2960
f 3093 3089 3090
f 3096 3095 2960
f 3097 3096 2960
f 1845 1670 1667
f 1845 1667 1847
f 3098 3094 3099
f 3098 3093 3094
f 1844 1672 1670
f 1844 1670 1845
f 3100 3098 3099
f 3100 3099 3101
f 1842 1672 1844
f 1842 1674 1672
f 3102 3101 3103
f 3102 3100 3101
f 1840 1674 1842
f 3104 3103 3105
f 3104 3102 3103
f 3106 3105 3107
f 3106 3104 3105
f 3108 3107 3109
f 3108 3109 3110
f 3108 3106 3107
f 3111 3108 3110
f 3112 3110 3113
f 3112 3113 3114
f 3112 3111 3110
f 3115 3112 3114
f 3116 3114 3117
f 3116 3117 3118
f 3116 3115 3114
f 3119 3116 3118
f 3120 3119 3118
f 3120 3118 3121
f 3122 3120 3121
f 3122 3121 3123
f 3124 3123 3125
f 3124 3122 3123
f 2784 2852 2850
f 3126 3124 3125
f 3126 3125 3127
f 3126 3127 3128
f 3129 3126 3128
f 3129 3128 3130
f 3131 3129 3130
f 2786 2784 2850
f 2786 2850 2848
f 2786 2848 2846
f 3132 3131 3130
f 3132 3130 3133
f 3134 3132 3133
f 3134 3133 3135
f 3136 3134 3135
f 3136 3135 3137
f 3138 3137 3139
f 3138 3136 3137
f 2782 2852 2784
f 2788 2786 2846
f 2780 2854 2852
f 2780 2852 2782
f 2790 2846 2844
f 2790 2788 2846
f 2777 2856 2854
f 2777 2854 2780
f 2792 2844 2842
f 2792 2790 2844
f 2776 2858 2856
f 2776 2856 2777
f 3140 143 1696
f 3140 3141 145
f 3140 1696 1694
f 3140 1694 1692
f 3140 1692 1690
f 3140 1690 1688
f 3140 1688 1686
f 3140 1686 1684
f 3140 1684 1681
f 2793 2842 2840
f 3140 1681 1679
f 3140 1679 1678
f 3140 1678 1676
f 3140 1676 1674
f 3140 1840 1838
f 3140 1838 1836
f 3140 1836 1834
f 3140 1834 1832
f 3140 1832 1830
f 3140 1830 1828
f 3140 1828 1826
f 3140 1826 1824
f 3140 1824 1822
f 3140 1822 1820
f 2793 2792 2842
f 3140 3142 3141
f 3140 145 143
f 3140 1674 1840
f 3143 1820 1818
f 3143 1818 1816
f 3143 1816 1814
f 3143 1814 1812
f 3143 1812 1809
f 3143 1809 1807
f 2774 2858 2776
f 2774 2860 2858
f 2796 2793 2840
f 2796 2840 2838
f 3143 1807 1806
f 3143 1806 1804
f 3143 1804 1802
f 3143 1802 1800
f 3143 1800 1798
f 3143 1798 1795
f 3143 1795 1793
f 3143 1793 3144
f 3143 3144 3145
f 3143 3145 3146
f 3143 3146 3147
f 3143 3147 3148
f 3143 3148 3149
f 3143 3149 3150
f 3143 3150 3151
f 3143 3151 3152
f 3143 3152 3153
f 3143 3140 1820
f 3143 3153 3154
f 3143 3154 3155
f 3143 3155 3156
f 3143 3156 3157
f 3143 3157 3158
f 3143 3158 3159
f 3143 3159 3160
f 3143 3160 3161
f 3143 3161 3162
f 3143 3162 3163
f 3143 3163 3164
f 3143 3164 3165
f 3143 3165 3166
f 3143 3166 3167
f 3143 3167 3168
f 3143 3168 3169
f 3143 3169 3170
f 3143 3170 3171
f 3143 3171 3172
f 3143 3172 3173
f 2772 2864 2862
f 2772 2862 2860
f 2772 2860 2774
f 4612 3140 3143
f 2798 2838 2836
f 2798 2796 2838
f 2770 2864 2772
f 2800 2836 2833
f 2800 2798 2836
f 2768 2866 2864
f 2768 2864 2770
f 2802 2833 2831
f 2961 2368 3174
f 2368 1986 3174
f 2961 2370 2368
f 2961 2752 2370
f 2961 2754 2752
f 2961 2880 2754
f 3143 3176 3175
f 3176 3177 3175
f 3177 3178 3175
f 3178 3179 3175
f 3179 3180 3175
f 3180 3181 3175
f 3181 3182 3175
f 3182 3183 3175
f 3183 3184 3175
f 3143 3185 3176
f 3143 3186 3185
f 3143 3187 3186
f 3143 3188 3187
f 3188 3189 3187
f 3189 3190 3187
f 3181 3191 3182
f 3181 3192 3191
f 3181 3193 3192
f 3181 3194 3193
f 3181 3195 3194
f 3143 3196 3188
f 3143 3197 3196
f 3143 3198 3197
f 3143 3199 3198
f 3143 3200 3199
f 2802 2800 2833
f 3143 3139 3200
f 3143 3201 3139
f 3201 3202 3139
f 3202 3203 3139
f 3203 3204 3139
f 3204 3205 3139
f 3205 3138 3139
f 3143 3206 3201
f 3143 3173 3206
f 2766 2866 2768
f 2766 2869 2868
f 2766 2868 2866
f 2804 2802 2831
f 2804 2831 2830
f 2764 2869 2766
f 2806 2804 2830
f 2806 2830 2828
f 2806 2828 2826
f 2762 2869 2764
f 2762 2871 2869
f 2808 2806 2826
f 2760 2871 2762
f 2760 2874 2871
f 2810 2808 2826
f 2810 2826 2824
f 2758 2874 2760
f 2758 2876 2874
f 2812 2810 2824
f 2812 2824 2822
f 2756 2876 2758
f 2756 2878 2876
f 2814 2819 2615
f 2814 2812 2822
f 2814 2822 2819
f 2754 2878 2756
f 2754 2880 2878
f 2530 2594 2592
f 2530 2528 2594
f 2526 2598 2596
f 2526 2596 2594
f 2526 2594 2528
f 2532 2530 2592
f 2532 2592 2590
f 2524 2598 2526
f 2534 2590 2588
f 2534 2532 2590
f 2521 2598 2524
f 2521 2600 2598
f 2536 2534 2588
f 2536 2588 2586
f 2520 2600 2521
f 2520 2604 2602
f 2520 2602 2600
f 2537 2586 2584
f 2537 2536 2586
f 2518 2604 2520
f 2540 2537 2584
f 2540 2584 2582
f 2516 2606 2604
f 2516 2604 2518
f 2542 2582 2580
f 2542 2580 2577
f 2542 2540 2582
f 2514 2606 2516
f 2514 2610 2608
f 2514 2608 2606
f 2544 2542 2577
f 2512 2610 2514
f 2546 2544 2577
f 2546 2577 2575
f 2510 2610 2512
f 2510 2613 2612
f 2510 2612 2610
f 2548 2546 2575
f 2548 2575 2574
f 2508 2613 2510
f 2550 2574 2572
f 2550 2548 2574
f 2506 2613 2508
f 2506 2615 2613
f 2506 2816 2814
f 2506 2814 2615
f 2552 2572 2570
f 2552 2570 2568
f 2552 2550 2572
f 2504 3207 2816
f 2504 2816 2506
f 2554 2552 2568
f 2502 3208 3207
f 2502 3207 2504
f 2556 2554 2568
f 2556 2568 2566
f 2500 3209 3208
f 2500 3208 2502
f 2558 2556 2566
f 2558 2566 2563
f 2558 2563 2561
f 2498 3210 3209
f 2498 3209 2500
f 2560 2558 2561
f 2496 3210 2498
f 2496 3211 3210
f 3212 2560 2561
f 3212 2561 3213
f 2494 3211 2496
f 2494 3214 3211
f 3215 3212 3213
f 3215 3213 3216
f 3215 3216 3217
f 2492 3214 2494
f 2492 3218 3214
f 3219 3215 3217
f 2490 3218 2492
f 2490 3220 3218
f 3221 3219 3217
f 3221 3217 3222
f 2488 3220 2490
f 2488 3223 3220
f 3224 3221 3222
f 3224 3222 3225
f 2486 3223 2488
f 2486 3226 3223
f 3227 3224 3225
f 3227 3225 3228
f 3227 3228 3229
f 2483 3226 2486
f 2483 3230 3226
f 3231 3227 3229
f 2481 3230 2483
f 2481 3232 3230
f 3233 3231 3229
f 3233 3229 3234
f 2480 3232 2481
f 2480 3235 3232
f 3236 3233 3234
f 3236 3234 3237
f 2478 3235 2480
f 2478 3238 3235
f 3239 3236 3237
f 3239 3237 3240
f 2476 3238 2478
f 2476 3241 3238
f 3242 3240 3243
f 3242 3239 3240
f 2474 3241 2476
f 2474 3244 3241
f 3245 3243 3246
f 3245 3242 3243
f 2472 3244 2474
f 2472 3247 3244
f 3248 3246 3249
f 3248 3245 3246
f 2470 3247 2472
f 2470 3250 3247
f 3251 3249 3252
f 3251 3252 3253
f 3251 3248 3249
f 2467 3250 2470
f 2467 3254 3250
f 3255 3251 3253
f 2465 3254 2467
f 2465 3256 3254
f 3257 3253 3258
f 3257 3255 3253
f 2464 3256 2465
f 2464 3259 3256
f 3260 3258 3261
f 3260 3257 3258
f 2462 3259 2464
f 2462 3262 3259
f 3263 3261 3264
f 3263 3260 3261
f 2459 3262 2462
f 2459 3265 3262
f 3266 3264 3267
f 3266 3263 3264
f 2457 3265 2459
f 2457 3268 3265
f 3269 3267 3270
f 3269 3266 3267
f 2456 3268 2457
f 2456 3271 3268
f 2453 3271 2456
f 2453 3272 3271
f 2451 3272 2453
f 2451 3273 3272
f 2449 3273 2451
f 2449 3274 3273
f 2447 3275 3274
f 2447 3274 2449
f 2446 3276 3275
f 2446 3275 2447
f 2444 3277 3276
f 2444 3276 2446
f 2442 3278 3277
f 2442 3277 2444
f 2440 3279 3278
f 2440 3278 2442
f 2438 3279 2440
f 2438 3280 3279
f 2435 3281 3280
f 2435 3280 2438
f 2433 3282 3281
f 2433 3281 2435
f 3283 3282 2433
f 3283 3284 3282
f 3285 3284 3283
f 3285 3286 3284
f 3287 3286 3285
f 2402 2721 2720
f 2402 2400 2721
f 2398 2723 2721
f 2398 2721 2400
f 2404 2720 2718
f 2404 2718 2715
f 2404 2402 2720
f 2396 2726 2723
f 2396 2723 2398
f 2406 2404 2715
f 2394 2730 2728
f 2394 2728 2726
f 2394 2726 2396
f 2408 2715 2713
f 2408 2406 2715
f 2391 2730 2394
f 2410 2713 2712
f 2410 2408 2713
f 2389 2734 2732
f 2389 2732 2730
f 2389 2730 2391
f 2412 2712 2709
f 2412 2410 2712
f 2388 2734 2389
f 2414 2709 2707
f 2414 2412 2709
f 2386 2737 2736
f 2386 2736 2734
f 2386 2734 2388
f 2416 2707 2705
f 2416 2414 2707
f 2383 2737 2386
f 2418 2705 2703
f 2418 2416 2705
f 2382 2742 2739
f 2382 2739 2737
f 2382 2737 2383
f 2420 2703 2702
f 2420 2418 2703
f 2380 2742 2382
f 2422 2420 2702
f 2422 2702 2700
f 2422 2700 2698
f 2377 2742 2380
f 2377 2744 2742
f 2424 2422 2698
f 2376 2744 2377
f 2376 2746 2744
f 2426 2424 2698
f 2426 2698 2696
f 2374 2750 2748
f 2374 2748 2746
f 2374 2746 2376
f 2428 2426 2696
f 2428 2696 2694
f 2372 2750 2374
f 2430 2694 2691
f 2430 2428 2694
f 2370 2752 2750
f 2370 2750 2372
f 2432 2430 2691
f 2432 2691 2689
f 2432 2689 3288
f 3289 2432 3288
f 3290 3288 3291
f 3290 3289 3288
f 3292 3290 3291
f 3292 3291 3293
f 3292 3293 3294
f 3295 3292 3294
f 3296 3295 3294
f 3296 3294 3297
f 3298 3297 3299
f 3298 3296 3297
f 3300 3298 3299
f 3300 3299 3301
f 3302 3300 3301
f 3302 3301 3303
f 3302 3303 3304
f 3305 3302 3304
f 3306 3304 3307
f 3306 3305 3304
f 3308 3307 3309
f 3308 3309 3310
f 3308 3306 3307
f 3311 3308 3310
f 3312 3310 3313
f 3312 3311 3310
f 3314 3313 3315
f 3314 3315 3316
f 3314 3312 3313
f 3317 3314 3316
f 3318 3316 3319
f 3318 3317 3316
f 3320 3319 3321
f 3320 3321 3322
f 3320 3318 3319
f 3323 3322 3324
f 3323 3320 3322
f 3325 3323 3324
f 3325 3324 3326
f 3327 3325 3326
f 3328 3327 3326
f 3328 3326 3329
f 3330 3329 3331
f 3330 3328 3329
f 480 3333 3332
f 482 3332 3334
f 482 480 3332
f 478 3335 3333
f 478 3333 480
f 484 3334 3336
f 484 482 3334
f 476 3337 3335
f 476 3335 478
f 486 3336 3338
f 486 484 3336
f 474 3339 3337
f 474 3337 476
f 488 3338 3340
f 488 486 3338
f 471 3341 3339
f 471 3339 474
f 3342 3330 3331
f 3342 3331 3343
f 490 3340 3344
f 490 488 3340
f 469 3270 3341
f 469 3341 471
f 469 3345 3269
f 469 3269 3270
f 492 490 3344
f 492 3344 3346
f 468 3345 469
f 468 3347 3345
f 494 3346 3348
f 494 492 3346
f 466 3347 468
f 466 3349 3347
f 496 3348 3350
f 496 494 3348
f 3351 3342 3343
f 3351 3343 3352
f 463 3353 3349
f 463 3349 466
f 498 3350 3354
f 498 496 3350
f 462 3355 3353
f 462 3353 463
f 500 3354 3356
f 500 498 3354
f 3357 3351 3352
f 3357 3352 3286
f 460 3358 3355
f 460 3355 462
f 502 3356 3359
f 502 500 3356
f 457 3358 460
f 457 3360 3358
f 504 3359 3361
f 504 502 3359
f 456 3362 3360
f 456 3360 457
f 506 3361 3363
f 506 504 3361
f 454 3364 3362
f 454 3362 456
f 508 3363 3365
f 508 506 3363
f 452 3366 3364
f 452 3364 454
f 510 3365 3367
f 510 508 3365
f 450 3368 3366
f 450 3366 452
f 512 3367 3369
f 512 510 3367
f 448 3368 450
f 448 3370 3368
f 3371 3369 3372
f 3371 512 3369
f 446 3370 448
f 446 3373 3370
f 3374 3371 3372
f 3374 3372 3375
f 444 3373 446
f 444 3376 3373
f 3377 3375 3378
f 3377 3374 3375
f 442 3376 444
f 442 3379 3376
f 3380 3378 3381
f 3380 3377 3378
f 439 3382 3379
f 439 3379 442
f 3383 3381 3384
f 3383 3380 3381
f 437 3382 439
f 437 3385 3382
f 3386 3384 3097
f 3386 3383 3384
f 436 3387 3385
f 436 3385 437
f 3388 3097 2960
f 3388 3386 3097
f 434 3387 436
f 434 3389 3387
f 3390 3388 2960
f 432 3391 3389
f 432 3389 434
f 430 3392 3391
f 430 3391 432
f 428 3393 3392
f 428 3392 430
f 426 3393 428
f 426 3394 3393
f 424 3394 426
f 424 3395 3394
f 422 3395 424
f 422 3396 3395
f 420 3396 422
f 420 3397 3396
f 418 3398 3397
f 418 3397 420
f 416 3398 418
f 416 3399 3398
f 414 3400 3399
f 414 3399 416
f 412 3401 3400
f 412 3400 414
f 410 3402 3401
f 410 3401 412
f 408 3403 3402
f 408 3402 410
f 406 3404 3403
f 406 3403 408
f 404 3405 3404
f 404 3404 406
f 401 3406 3405
f 401 3405 404
f 399 3406 401
f 399 3407 3406
f 398 3407 399
f 864 3409 3408
f 866 3408 3410
f 866 864 3408
f 862 3411 3409
f 862 3409 864
f 868 3410 3412
f 868 866 3410
f 860 3413 3411
f 860 3411 862
f 870 3412 3414
f 870 868 3412
f 858 3415 3413
f 858 3413 860
f 872 3414 3416
f 872 870 3414
f 855 3417 3415
f 855 3415 858
f 874 3416 3418
f 874 872 3416
f 853 3419 3417
f 853 3417 855
f 876 3418 3420
f 876 874 3418
f 852 3421 3419
f 852 3419 853
f 878 876 3420
f 878 3420 3422
f 850 3421 852
f 880 3422 3423
f 880 878 3422
f 847 3424 3421
f 847 3421 850
f 882 880 3423
f 882 3423 3425
f 846 3426 3424
f 846 3424 847
f 884 3425 3427
f 884 882 3425
f 844 3426 846
f 844 3428 3426
f 886 884 3427
f 886 3427 3429
f 841 3430 3428
f 841 3428 844
f 888 886 3429
f 888 3429 3431
f 840 3430 841
f 840 3432 3430
f 890 888 3431
f 890 3431 3433
f 838 3434 3432
f 838 3432 840
f 892 890 3433
f 892 3433 3435
f 836 3434 838
f 836 3436 3434
f 894 892 3435
f 894 3435 3437
f 834 3436 836
f 834 3438 3436
f 896 894 3437
f 832 3438 834
f 832 3439 3438
f 830 3439 832
f 830 3440 3439
f 828 3440 830
f 828 3441 3440
f 826 3441 828
f 826 3442 3441
f 823 3444 3442
f 823 3442 826
f 821 3444 823
f 821 3445 3444
f 820 3445 821
f 820 3446 3445
f 818 3447 3446
f 818 3446 820
f 816 3447 818
f 816 3448 3447
f 814 3448 816
f 814 3449 3448
f 812 3450 3449
f 812 3449 814
f 810 3450 812
f 810 3451 3450
f 808 3451 810
f 808 3452 3451
f 806 3453 3452
f 806 3452 808
f 804 3454 3453
f 804 3453 806
f 802 3454 804
f 2272 3456 3455
f 2274 3455 3457
f 2274 2272 3455
f 2270 3456 2272
f 2270 3458 3456
f 2276 2274 3457
f 2276 3457 3459
f 2268 3460 3458
f 2268 3458 2270
f 2278 3459 3461
f 2278 2276 3459
f 2266 3460 2268
f 2266 3462 3460
f 2280 3461 3463
f 2280 2278 3461
f 2263 3464 3462
f 2263 3462 2266
f 2282 3463 3465
f 2282 2280 3463
f 2261 3466 3464
f 2261 3464 2263
f 2284 3465 3467
f 2284 2282 3465
f 2260 3468 3466
f 2260 3466 2261
f 2286 3467 3469
f 2286 2284 3467
f 2258 3470 3468
f 2258 3468 2260
f 2288 3469 3471
f 2288 2286 3469
f 2255 3472 3470
f 2255 3470 2258
f 2290 3471 3473
f 2290 2288 3471
f 2254 3474 3472
f 2254 3472 2255
f 2292 3473 3475
f 2292 2290 3473
f 2252 3474 2254
f 2252 3476 3474
f 2294 3475 3477
f 2294 2292 3475
f 2249 3476 2252
f 2249 3478 3476
f 2296 3477 3479
f 2296 2294 3477
f 2248 3480 3478
f 2248 3478 2249
f 2298 2296 3479
f 2298 3479 3481
f 2246 3482 3480
f 2246 3480 2248
f 2300 3481 3483
f 2300 2298 3481
f 2244 3484 3482
f 2244 3482 2246
f 2302 3483 3485
f 2302 2300 3483
f 2242 3486 3484
f 2242 3484 2244
f 2304 3485 3487
f 2304 2302 3485
f 2240 3486 2242
f 2240 3488 3486
f 3489 3487 3490
f 3489 2304 3487
f 2238 3491 3488
f 2238 3488 2240
f 3492 3489 3490
f 3492 3490 3357
f 2236 3493 3491
f 2236 3491 2238
f 3494 3286 3287
f 3494 3357 3286
f 3494 3492 3357
f 2234 2305 3493
f 2234 3493 2236
f 3495 3494 3287
f 3495 3287 3496
f 2231 2307 2305
f 2231 2305 2234
f 3497 3495 3496
f 3497 3496 3498
f 3499 3498 3500
f 3499 3500 3407
f 3499 3497 3498
f 3501 3499 3407
f 3175 3443 4941
f 2018 2338 2336
f 2018 2016 2338
f 2014 2338 2016
f 2014 2340 2338
f 2020 2336 2334
f 2020 2018 2336
f 2012 2340 2014
f 2012 2342 2340
f 2022 2334 2332
f 2022 2020 2334
f 2009 2342 2012
f 2009 2344 2342
f 2024 2332 2330
f 2024 2330 2328
f 2024 2022 2332
f 2008 2344 2009
f 2008 2348 2346
f 2008 2346 2344
f 2025 2024 2328
f 2006 2348 2008
f 2028 2328 2326
f 2028 2326 2324
f 2028 2025 2328
f 2004 2348 2006
f 2004 2350 2348
f 2030 2028 2324
f 2002 2350 2004
f 2002 2354 2352
f 2002 2352 2350
f 2032 2324 2321
f 2032 2321 2319
f 2032 2030 2324
f 2000 2354 2002
f 2034 2032 2319
f 1998 2354 2000
f 1998 2356 2354
f 2036 2319 2318
f 2036 2034 2319
f 1996 2356 1998
f 1996 2359 2357
f 1996 2357 2356
f 2038 2318 2316
f 2038 2316 2314
f 2038 2036 2318
f 1994 2359 1996
f 2040 2314 2312
f 2040 2038 2314
f 1992 2359 1994
f 1992 2362 2359
f 2042 2040 2312
f 1990 2362 1992
f 1990 2366 2364
f 1990 2364 2362
f 2044 2312 2310
f 2044 2310 2307
f 2044 2042 2312
f 1988 2366 1990
f 2046 2044 2307
f 1986 2368 2366
f 1986 2366 1988
f 352 3503 3502
f 354 352 3502
f 354 3502 3504
f 350 3505 3503
f 350 3503 352
f 356 3504 3506
f 356 354 3504
f 348 3507 3505
f 348 3505 350
f 358 3506 896
f 358 356 3506
f 358 896 3437
f 358 3437 3508
f 345 3509 3507
f 345 3507 348
f 360 358 3508
f 344 3510 3509
f 344 3509 345
f 361 360 3508
f 361 3508 3511
f 342 3510 344
f 342 3512 3510
f 364 361 3511
f 364 3511 3513
f 364 3513 3514
f 340 3515 3512
f 340 3512 342
f 366 364 3514
f 338 3516 3515
f 338 3515 340
f 368 2960 3443
f 368 3514 3390
f 368 3390 2960
f 368 366 3514
f 336 3517 3516
f 336 3516 338
f 370 368 3443
f 334 3518 3517
f 334 3517 336
f 332 3519 3518
f 332 3518 334
f 330 3520 3519
f 330 3519 332
f 328 3521 3520
f 328 3520 330
f 326 3522 3521
f 326 3521 328
f 324 3523 3522
f 324 3522 326
f 322 3524 3523
f 322 3523 324
f 320 3524 322
f 320 3525 3524
f 318 3526 3525
f 318 3525 320
f 316 3527 3526
f 316 3526 318
f 314 3529 3528
f 314 3528 3527
f 314 3527 316
f 312 3530 3529
f 312 3529 314
f 310 3531 3530
f 310 3530 312
f 307 3532 3531
f 307 3531 310
f 305 3532 307
f 305 3533 3532
f 304 3533 305
f 304 3534 3533
f 2146 2144 2210
f 2146 2210 2208
f 2146 2208 2206
f 2142 2210 2144
f 2142 2214 2212
f 2142 2212 2210
f 2148 2146 2206
f 2140 2214 2142
f 2150 2148 2206
f 2150 2206 2204
f 2137 2214 2140
f 2137 2218 2216
f 2137 2216 2214
f 2152 2150 2204
f 2152 2204 2202
f 2136 2218 2137
f 2153 2152 2202
f 2153 2202 2200
f 2153 2200 2198
f 2134 2218 2136
f 2134 2220 2218
f 302 3535 3534
f 302 3534 304
f 2156 2153 2198
f 2156 2198 2196
f 2132 2220 2134
f 2132 2222 2220
f 2158 2156 2196
f 2130 2222 2132
f 2130 2224 2222
f 2160 2158 2196
f 2160 2196 2193
f 2160 2193 2191
f 2128 2224 2130
f 2128 2228 2226
f 2128 2226 2224
f 300 3535 302
f 300 3536 3535
f 2162 2160 2191
f 2126 2228 2128
f 2126 2229 2228
f 2164 2162 2191
f 2164 2191 2190
f 2124 2229 2126
f 298 3536 300
f 298 3537 3536
f 2166 2164 2190
f 2166 2190 2188
f 2122 2048 2046
f 2122 2307 2231
f 2122 2229 2124
f 2122 2231 2229
f 2122 2046 2307
f 2168 2166 2188
f 2168 2188 2186
f 2120 3538 2048
f 2120 2048 2122
f 296 3537 298
f 296 3539 3537
f 2170 2168 2186
f 2170 2186 2184
f 2118 3538 2120
f 2118 3540 3538
f 2172 2170 2184
f 2172 2184 2182
f 294 3539 296
f 294 3541 3539
f 2116 3542 3540
f 2116 3540 2118
f 2174 2172 2182
f 2174 2182 2179
f 2174 2179 2177
f 2114 3543 3542
f 2114 3542 2116
f 291 3541 294
f 291 3544 3541
f 2176 2174 2177
f 2112 3545 3543
f 2112 3543 2114
f 3546 2176 2177
f 3546 2177 3547
f 3546 3547 3548
f 289 3544 291
f 289 3549 3544
f 2110 3550 3545
f 2110 3545 2112
f 3551 3546 3548
f 3551 3548 3552
f 288 3549 289
f 288 3553 3549
f 2108 3554 3550
f 2108 3550 2110
f 3555 3551 3552
f 3555 3552 3556
f 2106 3554 2108
f 2106 3557 3554
f 286 3553 288
f 286 3558 3553
f 3559 3555 3556
f 2104 3560 3557
f 2104 3557 2106
f 283 3558 286
f 283 3561 3558
f 3562 3559 3556
f 3562 3556 3563
f 2102 3564 3560
f 2102 3560 2104
f 281 3561 283
f 281 3565 3561
f 3566 3562 3563
f 3566 3563 3567
f 2099 3568 3564
f 2099 3564 2102
f 3569 3566 3567
f 3569 3567 3570
f 280 3565 281
f 280 3571 3565
f 2097 3572 3568
f 2097 3568 2099
f 3573 3569 3570
f 3573 3570 3574
f 277 3571 280
f 277 3575 3571
f 2096 3576 3572
f 2096 3572 2097
f 3577 3574 3578
f 3577 3573 3574
f 275 3575 277
f 275 3579 3575
f 2094 3576 2096
f 2094 3580 3576
f 3581 3578 3582
f 3581 3582 3583
f 3581 3577 3578
f 273 3579 275
f 273 3584 3579
f 2092 3585 3580
f 2092 3580 2094
f 3586 3581 3583
f 271 3584 273
f 271 3587 3584
f 2090 3588 3585
f 2090 3585 2092
f 270 3587 271
f 270 3589 3587
f 3590 3583 3591
f 3590 3591 3592
f 3590 3586 3583
f 2088 3588 2090
f 2088 3593 3588
f 268 3589 270
f 268 3594 3589
f 3595 3590 3592
f 2086 3596 3593
f 2086 3593 2088
f 3597 3592 3598
f 3597 3595 3592
f 2083 3599 3596
f 2083 3596 2086
f 3600 3598 3601
f 3600 3597 3598
f 2081 3602 3599
f 2081 3599 2083
f 3603 3601 3604
f 3603 3600 3601
f 2080 3605 3602
f 2080 3602 2081
f 3606 3604 3607
f 3606 3603 3604
f 2078 3608 3605
f 2078 3605 2080
f 3609 3607 3610
f 3609 3606 3607
f 2075 3611 3608
f 2075 3608 2078
f 3612 3610 3613
f 3612 3609 3610
f 2073 3614 3611
f 2073 3611 2075
f 3615 3612 3613
f 3615 3613 3616
f 2072 3614 2073
f 2072 3617 3614
f 2069 3618 3617
f 2069 3617 2072
f 2067 3619 3618
f 2067 3618 2069
f 2065 3620 3619
f 2065 3619 2067
f 2063 3621 3620
f 2063 3620 2065
f 2062 3622 3621
f 2062 3621 2063
f 2060 3622 2062
f 2060 3623 3622
f 2058 3624 3623
f 2058 3623 2060
f 2056 3624 2058
f 2056 3625 3624
f 2054 3625 2056
f 2054 3626 3625
f 2051 3626 2054
f 2051 3627 3626
f 2049 3627 2051
f 2049 3628 3627
f 3629 3628 2049
f 3629 3630 3628
f 3631 3630 3629
f 3631 3632 3630
f 3633 3632 3631
f 3633 3634 3632
f 3635 3634 3633
f 3635 3636 3634
f 1120 374 372
f 1122 1120 372
f 1122 370 3443
f 1122 372 370
f 1118 376 374
f 1118 374 1120
f 1124 1122 3443
f 1116 376 1118
f 1116 378 376
f 1126 1124 3443
f 1113 378 1116
f 1113 380 378
f 1128 1126 3443
f 1112 382 380
f 1112 380 1113
f 1129 1128 3443
f 1110 382 1112
f 1110 384 382
f 1132 1129 3443
f 1108 384 1110
f 1108 3637 384
f 1134 1132 3443
f 1106 3638 3637
f 1106 3637 1108
f 1136 1134 3443
f 1104 3638 1106
f 1104 3639 3638
f 1138 1136 3443
f 1102 3639 1104
f 1102 3640 3639
f 1140 1138 3443
f 1100 3640 1102
f 1100 3641 3640
f 1142 1140 3443
f 1098 3641 1100
f 1098 3642 3641
f 1144 1142 3443
f 1096 3643 3642
f 1096 3642 1098
f 1094 3643 1096
f 1094 3644 3643
f 1092 3644 1094
f 1092 3645 3644
f 1090 3645 1092
f 1090 3646 3645
f 1088 3646 1090
f 1088 3647 3646
f 1086 3647 1088
f 1086 3648 3647
f 1084 3648 1086
f 1084 3649 3648
f 1082 3649 1084
f 1082 3650 3649
f 1080 3650 1082
f 1080 3651 3650
f 1078 3652 3651
f 1078 3651 1080
f 1075 3652 1078
f 1075 3653 3652
f 1073 3653 1075
f 1073 3654 3653
f 1072 3654 1073
f 1072 3655 3654
f 96 3657 3656
f 98 3656 3658
f 98 96 3656
f 94 3659 3657
f 94 3657 96
f 100 98 3658
f 100 3658 3660
f 92 3661 3659
f 92 3659 94
f 102 3660 3662
f 102 100 3660
f 89 3663 3661
f 89 3661 92
f 104 102 3662
f 104 3662 3664
f 88 3665 3663
f 88 3663 89
f 105 3664 3666
f 105 104 3664
f 86 3667 3665
f 86 3665 88
f 1070 3668 3655
f 1070 3655 1072
f 108 105 3666
f 108 3666 3669
f 84 3670 3667
f 84 3667 86
f 110 108 3669
f 110 3669 3671
f 82 3672 3670
f 82 3670 84
f 112 3671 3673
f 112 110 3671
f 80 3674 3672
f 80 3672 82
f 1068 3675 3668
f 1068 3668 1070
f 114 3673 3501
f 114 112 3673
f 78 3676 3674
f 78 3674 80
f 116 3407 398
f 116 3501 3407
f 116 114 3501
f 76 3677 3676
f 76 3676 78
f 1066 3675 1068
f 118 398 396
f 118 116 398
f 74 3678 3677
f 74 3677 76
f 120 396 394
f 120 118 396
f 72 3679 3678
f 72 3678 74
f 122 394 392
f 122 120 394
f 70 3679 72
f 70 3680 3679
f 68 3681 3680
f 68 3680 70
f 66 3681 68
f 66 3682 3681
f 64 3682 66
f 64 3683 3682
f 62 3684 3683
f 62 3683 64
f 60 3685 3684
f 60 3684 62
f 58 3685 60
f 58 3686 3685
f 56 3686 58
f 56 3687 3686
f 54 3688 3687
f 54 3687 56
f 51 3688 54
f 51 3689 3688
f 49 3690 3689
f 49 3689 51
f 48 3691 3690
f 48 3690 49
f 46 3692 3691
f 46 3691 48
f 44 3616 3692
f 44 3615 3616
f 44 3693 3615
f 44 3692 46
f 42 3693 44
f 42 3694 3693
f 40 3694 42
f 40 3695 3694
f 994 992 3443
f 990 3443 992
f 996 994 3443
f 38 3695 40
f 38 3696 3695
f 988 3443 990
f 998 3443 3175
f 998 996 3443
f 985 3443 988
f 1000 998 3175
f 984 3443 985
f 1001 1000 3175
f 982 3443 984
f 1004 1001 3175
f 980 3443 982
f 35 3696 38
f 35 3697 3696
f 1006 1004 3175
f 978 1144 3443
f 978 3443 980
f 1008 1006 3175
f 976 1146 1144
f 976 1144 978
f 1010 1008 3175
f 33 3697 35
f 33 3698 3697
f 974 1146 976
f 974 1148 1146
f 1012 1010 3175
f 972 1148 974
f 972 1150 1148
f 1014 1012 3175
f 970 1150 972
f 970 1152 1150
f 32 3698 33
f 32 3699 3698
f 1016 1014 3175
f 968 3700 1152
f 968 1152 970
f 1018 1016 3175
f 30 3699 32
f 30 3701 3699
f 966 3702 3700
f 966 3700 968
f 1020 1018 3175
f 964 3702 966
f 964 3703 3702
f 27 3701 30
f 27 3704 3701
f 1022 1020 3175
f 962 3703 964
f 962 3705 3703
f 1024 1022 3175
f 25 3706 3704
f 25 3704 27
f 960 3705 962
f 960 3707 3705
f 3708 1024 3175
f 958 3707 960
f 958 3709 3707
f 24 3710 3706
f 24 3706 25
f 3711 3708 3175
f 956 3709 958
f 956 3712 3709
f 21 3713 3710
f 21 3710 24
f 3714 3711 3175
f 954 3712 956
f 954 3715 3712
f 19 3713 21
f 19 3716 3713
f 3717 3714 3175
f 952 3715 954
f 952 3718 3715
f 3719 3717 3175
f 17 3716 19
f 17 3720 3716
f 950 3718 952
f 950 3721 3718
f 3722 3719 3175
f 15 3723 3720
f 15 3720 17
f 947 3721 950
f 947 3724 3721
f 3725 3722 3175
f 14 3723 15
f 14 3726 3723
f 945 3724 947
f 945 3727 3724
f 3728 3725 3175
f 12 3729 3726
f 12 3726 14
f 944 3727 945
f 944 3730 3727
f 10 3731 3729
f 10 3729 12
f 3732 3728 3175
f 942 3733 3730
f 942 3730 944
f 8 3731 10
f 8 3734 3731
f 3735 3732 3175
f 940 3733 942
f 940 3736 3733
f 6 3737 3734
f 6 3734 8
f 3738 3735 3175
f 3 3737 6
f 3 3739 3737
f 938 3736 940
f 938 3740 3736
f 3741 3738 3175
f 1 3739 3
f 1 3742 3739
f 936 3740 938
f 936 3743 3740
f 3744 3742 1
f 3744 3745 3742
f 3746 3741 3175
f 934 3743 936
f 934 3747 3743
f 3748 3745 3744
f 3748 3749 3745
f 3750 3746 3175
f 3751 3752 3749
f 3751 3749 3748
f 931 3747 934
f 931 3753 3747
f 3754 3752 3751
f 3754 3755 3752
f 3756 3750 3175
f 3757 3755 3754
f 3757 3758 3755
f 929 3753 931
f 929 3759 3753
f 3760 3758 3757
f 3760 3761 3758
f 3762 3756 3175
f 3763 3761 3760
f 928 3759 929
f 928 3764 3759
f 3765 3762 3175
f 926 3764 928
f 926 3766 3764
f 3767 3765 3175
f 923 3768 3766
f 923 3766 926
f 3769 3767 3175
f 921 3768 923
f 921 3770 3768
f 3771 3769 3175
f 920 3770 921
f 920 3772 3770
f 3773 3771 3175
f 917 3772 920
f 917 3774 3772
f 3775 3773 3175
f 915 3774 917
f 915 3776 3774
f 3777 3775 3175
f 913 3776 915
f 913 3778 3776
f 3779 3777 3175
f 911 3778 913
f 911 3780 3778
f 3781 3779 3175
f 910 3780 911
f 910 3782 3780
f 3783 3781 3175
f 908 3782 910
f 908 3784 3782
f 3785 3783 3175
f 906 3784 908
f 906 3786 3784
f 3787 3785 3175
f 904 3786 906
f 904 3788 3786
f 3789 3787 3175
f 902 3788 904
f 902 3790 3788
f 3184 3789 3175
f 899 3790 902
f 899 3791 3790
f 897 3791 899
f 897 3792 3791
f 3793 3792 897
f 610 122 392
f 610 608 124
f 610 124 122
f 606 124 608
f 606 126 124
f 612 392 390
f 612 610 392
f 604 126 606
f 604 128 126
f 614 390 387
f 614 612 390
f 602 3794 128
f 602 128 604
f 616 387 385
f 616 614 387
f 599 3794 602
f 599 3795 3794
f 618 385 3796
f 618 616 385
f 597 3795 599
f 597 3797 3795
f 620 3796 3798
f 620 618 3796
f 596 3797 597
f 596 3799 3797
f 622 3798 3800
f 622 620 3798
f 594 3799 596
f 594 3801 3799
f 624 622 3800
f 591 3801 594
f 591 3802 3801
f 626 3800 3803
f 626 624 3800
f 590 3802 591
f 590 3804 3802
f 628 626 3803
f 628 3803 3454
f 628 802 800
f 628 3454 802
f 588 3804 590
f 588 3805 3804
f 630 800 798
f 630 628 800
f 585 3805 588
f 585 3806 3805
f 632 798 796
f 632 630 798
f 584 3806 585
f 584 3807 3806
f 634 632 796
f 634 796 794
f 582 3807 584
f 582 3808 3807
f 636 634 794
f 636 794 792
f 580 3808 582
f 580 3809 3808
f 638 792 790
f 638 636 792
f 578 3809 580
f 578 3810 3809
f 640 790 788
f 640 638 790
f 576 3811 3810
f 576 3810 578
f 3812 788 785
f 3812 640 788
f 574 3813 3811
f 574 3811 576
f 3814 785 783
f 3814 3812 785
f 572 3815 3813
f 572 3813 574
f 3816 783 782
f 3816 3814 783
f 570 3815 572
f 570 3817 3815
f 3818 782 780
f 3818 3816 782
f 567 3817 570
f 3819 780 778
f 3819 3818 780
f 565 3817 567
f 565 3820 3817
f 3821 3819 778
f 3821 778 776
f 564 3820 565
f 564 3822 3820
f 3823 3821 776
f 3823 776 774
f 562 3822 564
f 562 3824 3822
f 3825 774 771
f 3825 3823 774
f 560 3824 562
f 560 3826 3824
f 3827 3825 771
f 3827 771 769
f 558 3826 560
f 558 3828 3826
f 556 3828 558
f 556 3829 3828
f 554 3829 556
f 554 3830 3829
f 552 3830 554
f 552 3831 3830
f 550 3831 552
f 550 3832 3831
f 548 3832 550
f 548 3833 3832
f 546 3833 548
f 546 3834 3833
f 544 3834 546
f 544 3835 3834
f 542 3835 544
f 542 3836 3835
f 3174 1986 1984
f 3174 1984 1982
f 3174 1982 1980
f 3174 1980 1978
f 3174 1978 1976
f 3174 1976 1974
f 3174 1974 1971
f 3174 1971 1969
f 3174 1969 1968
f 3174 1968 1966
f 3174 1966 1964
f 3174 1964 1962
f 3174 1962 1960
f 3174 1960 1958
f 3174 1958 1955
f 3174 1955 1953
f 3174 1953 1952
f 3174 1952 1950
f 3174 1950 1947
f 3174 1947 1945
f 3174 1945 1944
f 3174 1944 1941
f 3174 1941 1939
f 3174 1939 1937
f 3174 1937 1935
f 3174 1935 1934
f 3174 1934 1932
f 3174 1932 1930
f 3174 1930 1928
f 3174 1928 1926
f 3174 1926 1923
f 3174 1923 1921
f 3174 1921 3837
f 3174 3837 3838
f 3174 3838 3839
f 3174 3839 3840
f 3174 3840 3841
f 3174 3841 3842
f 3174 3842 3843
f 3174 3843 3844
f 3174 3844 3845
f 3174 3845 3846
f 3174 3846 3847
f 3174 3847 3848
f 3174 3848 3849
f 540 3836 542
f 538 3836 540
f 538 3850 3836
f 536 3851 3850
f 536 3850 538
f 534 3852 3851
f 534 3851 536
f 532 3853 3852
f 532 3852 534
f 529 3854 3853
f 529 3853 532
f 527 3855 3854
f 527 3854 529
f 526 3856 3855
f 526 3855 527
f 524 3856 526
f 524 3857 3856
f 522 3857 524
f 522 3858 3857
f 1248 1059 1057
f 1250 1057 1056
f 1250 1056 1054
f 1250 1248 1057
f 1246 1059 1248
f 520 3858 522
f 520 3859 3858
f 1252 1250 1054
f 1244 1062 1059
f 1244 1059 1246
f 1254 1054 1051
f 1254 1252 1054
f 1242 1064 1062
f 1242 1062 1244
f 1256 1254 1051
f 1256 1051 1049
f 1239 1066 1064
f 1239 3675 1066
f 1239 1064 1242
f 1258 1256 1049
f 1258 1049 1048
f 518 3859 520
f 518 3860 3859
f 1237 3675 1239
f 1237 3861 3675
f 1260 1258 1048
f 1260 1048 1045
f 1260 1045 1043
f 1236 3861 1237
f 1236 3862 3861
f 515 3860 518
f 515 3863 3860
f 1262 1260 1043
f 1234 3862 1236
f 1234 3864 3862
f 1264 1043 1041
f 1264 1041 1039
f 1264 1262 1043
f 513 3863 515
f 513 3865 3863
f 1231 3866 3864
f 1231 3864 1234
f 1266 1264 1039
f 3867 3868 3865
f 3867 3865 513
f 1230 3869 3866
f 1230 3866 1231
f 1268 1039 1038
f 1268 1266 1039
f 3870 3871 3868
f 3870 3868 3867
f 1228 3872 3869
f 1228 3869 1230
f 1270 1038 1036
f 1270 1268 1038
f 3873 3871 3870
f 3873 3874 3871
f 1225 3875 3872
f 1225 3872 1228
f 1272 1036 1034
f 1272 1034 1032
f 1272 1270 1036
f 3876 3877 3874
f 3876 3874 3873
f 1224 3878 3875
f 1224 3875 1225
f 3879 3877 3876
f 3879 3880 3877
f 1274 1272 1032
f 3881 3880 3879
f 1222 3882 3878
f 1222 3878 1224
f 1276 1274 1032
f 1276 1032 1030
f 1220 3883 3882
f 1220 3882 1222
f 1278 1276 1030
f 1278 1030 1027
f 1218 3883 1220
f 1218 3884 3883
f 1280 1027 1025
f 1280 1278 1027
f 1216 3884 1218
f 1216 3885 3884
f 3886 1280 1025
f 3886 1025 3887
f 1214 3888 3885
f 1214 3885 1216
f 3889 3887 3890
f 3889 3886 3887
f 1212 3891 3888
f 1212 3888 1214
f 3892 3890 3893
f 3892 3889 3890
f 1210 3894 3891
f 1210 3891 1212
f 3895 3893 3896
f 3895 3892 3893
f 1207 3894 1210
f 1207 3897 3894
f 3898 3896 3899
f 3898 3895 3896
f 1205 3897 1207
f 1205 3900 3897
f 3901 3898 3899
f 3901 3899 3902
f 3901 3902 3903
f 1204 3904 3900
f 1204 3900 1205
f 3905 3901 3903
f 1202 3906 3904
f 1202 3904 1204
f 3907 3903 3908
f 3907 3908 3909
f 3907 3905 3903
f 1200 3906 1202
f 1200 3910 3906
f 3911 3907 3909
f 3911 3909 3912
f 1198 3910 1200
f 1198 3913 3910
f 3914 3912 3915
f 3914 3911 3912
f 1196 3916 3913
f 1196 3913 1198
f 3917 3914 3915
f 1194 3918 3916
f 1194 3916 1196
f 3919 3915 3920
f 3919 3917 3915
f 1192 3918 1194
f 1192 3921 3918
f 3922 3919 3920
f 3922 3920 3923
f 1190 3921 1192
f 1190 3924 3921
f 3925 3922 3923
f 3925 3923 3926
f 1188 3924 1190
f 1188 3927 3924
f 3928 3926 3929
f 3928 3925 3926
f 1186 3927 1188
f 1186 3930 3927
f 3931 3929 3932
f 3931 3928 3929
f 1184 3930 1186
f 1184 3933 3930
f 3934 3932 3935
f 3934 3931 3932
f 1182 3936 3933
f 1182 3933 1184
f 3937 3935 3938
f 3937 3934 3935
f 1180 3936 1182
f 1180 3939 3936
f 3940 3937 3938
f 3940 3938 3941
f 3940 3941 3942
f 1178 3943 3939
f 1178 3939 1180
f 3944 3940 3942
f 3944 3942 3945
f 1176 3946 3943
f 1176 3943 1178
f 3947 3944 3945
f 1174 3948 3946
f 1174 3946 1176
f 3949 3947 3945
f 3949 3945 3950
f 1172 3951 3948
f 1172 3948 1174
f 3952 3950 3953
f 3952 3949 3950
f 1169 3954 3951
f 1169 3951 1172
f 3955 3952 3953
f 3955 3953 3956
f 1167 3957 3954
f 1167 3954 1169
f 3958 3955 3956
f 3958 3956 3959
f 3958 3959 3960
f 3961 3958 3960
f 3962 3960 3792
f 3962 3961 3960
f 3962 3792 3793
f 3142 3174 3849
f 3142 3636 3635
f 3142 3635 3963
f 3142 3963 3964
f 3142 3763 3141
f 3142 3964 3965
f 3142 3965 3966
f 3142 3966 3967
f 3142 3967 3968
f 3142 3968 3969
f 3142 3969 3970
f 3142 3970 3971
f 3142 3971 3972
f 3142 3972 3761
f 3142 5316 3174
f 3142 3761 3763
f 3142 3849 3973
f 3142 3973 3974
f 3142 3974 3975
f 3142 3975 3976
f 3142 3976 3977
f 3142 3977 3978
f 3142 3978 3979
f 3142 3979 3980
f 3142 3980 3981
f 3142 3981 3636
f 738 3983 3982
f 738 736 3983
f 734 3984 3983
f 734 3983 736
f 740 738 3982
f 740 3982 3985
f 732 3986 3984
f 732 3984 734
f 742 3985 3987
f 742 740 3985
f 730 3988 3986
f 730 3986 732
f 744 742 3987
f 744 3987 3989
f 727 3990 3988
f 727 3988 730
f 746 3989 3991
f 746 3991 3992
f 746 744 3989
f 725 3993 3990
f 725 3990 727
f 748 746 3992
f 724 3994 3993
f 724 3993 725
f 750 3827 769
f 750 748 3992
f 750 3992 3827
f 750 769 3995
f 722 3996 3994
f 722 3994 724
f 752 3995 3997
f 752 750 3995
f 719 3998 3996
f 719 3996 722
f 754 752 3997
f 754 3997 3999
f 718 4001 4000
f 718 4000 3998
f 718 3998 719
f 756 754 3999
f 756 3999 4002
f 716 4001 718
f 758 4002 4003
f 758 756 4002
f 713 4005 4004
f 713 4004 4001
f 713 4001 716
f 760 758 4003
f 760 4003 4006
f 712 4005 713
f 762 4006 4007
f 762 760 4006
f 710 4008 4005
f 710 4005 712
f 764 762 4007
f 764 4007 4009
f 708 4010 4008
f 708 4008 710
f 766 764 4009
f 766 4009 4011
f 706 4012 4010
f 706 4010 708
f 768 766 4011
f 768 4011 4013
f 704 4012 706
f 704 4015 4014
f 704 4014 4012
f 4016 768 4013
f 4016 4013 4017
f 702 4018 4015
f 702 4015 704
f 4019 4016 4017
f 4019 4017 4020
f 700 4018 702
f 4021 4019 4020
f 4021 4020 4022
f 698 4024 4023
f 698 4023 4018
f 698 4018 700
f 4025 4021 4022
f 4025 4022 4026
f 695 4024 698
f 4027 4025 4026
f 4027 4026 4028
f 693 4029 4024
f 693 4024 695
f 4030 268 266
f 4030 4027 4028
f 4030 3594 268
f 4030 4028 3594
f 692 4031 4029
f 692 4029 693
f 4032 4030 266
f 4032 266 264
f 690 4034 4033
f 690 4033 4031
f 690 4031 692
f 4035 4032 264
f 688 4036 4034
f 688 4034 690
f 4037 264 262
f 4037 4035 264
f 686 4038 4036
f 686 4036 688
f 4039 262 259
f 4039 4037 262
f 684 4040 4038
f 684 4038 686
f 4041 259 257
f 4041 4039 259
f 682 4040 684
f 4042 257 4043
f 4042 4041 257
f 680 4044 4040
f 680 4040 682
f 4045 4043 4046
f 4045 4042 4043
f 678 4044 680
f 678 4047 4044
f 4048 4046 4049
f 4048 4045 4046
f 676 4051 4050
f 676 4050 4047
f 676 4047 678
f 4052 4048 4049
f 674 4051 676
f 672 4054 4053
f 672 4053 4051
f 672 4051 674
f 670 4054 672
f 668 4054 670
f 668 4055 4054
f 666 4057 4056
f 666 4056 4055
f 666 4055 668
f 664 4057 666
f 662 4057 664
f 662 4058 4057
f 660 4058 662
f 660 4060 4059
f 660 4059 4058
f 657 4060 660
f 655 4060 657
f 655 3881 4061
f 655 4061 4060
f 654 3881 655
f 224 4063 4062
f 226 224 4062
f 226 4062 4064
f 222 4063 224
f 222 4066 4065
f 222 4065 4063
f 228 226 4064
f 228 4064 4067
f 220 4066 222
f 220 4068 4066
f 230 228 4067
f 230 4067 4069
f 218 4068 220
f 218 4070 4068
f 232 230 4069
f 232 4069 4071
f 215 4070 218
f 215 4072 4070
f 234 232 4071
f 234 4071 4073
f 213 4072 215
f 213 4074 4072
f 236 234 4073
f 236 4073 4075
f 212 4076 4074
f 212 4074 213
f 238 236 4075
f 238 4075 4077
f 210 4076 212
f 210 4078 4076
f 240 238 4077
f 240 4077 4079
f 207 4080 4078
f 207 4078 210
f 242 240 4079
f 242 4079 4081
f 206 4082 4080
f 206 4080 207
f 244 242 4081
f 244 4081 4083
f 204 4084 4082
f 204 4082 206
f 246 244 4083
f 246 4083 4085
f 201 4084 204
f 201 4086 4084
f 248 246 4085
f 248 4085 4087
f 200 4086 201
f 200 4088 4086
f 250 248 4087
f 250 4087 4089
f 198 4088 200
f 198 4090 4088
f 252 250 4089
f 252 4089 4091
f 196 4093 4092
f 196 4092 4090
f 196 4090 198
f 254 252 4091
f 254 4091 4094
f 194 4095 4093
f 194 4093 196
f 256 254 4094
f 256 4094 4096
f 192 4097 4095
f 192 4095 194
f 4098 256 4096
f 4098 4096 4099
f 190 4100 4097
f 190 4097 192
f 4101 4098 4099
f 4101 4099 4102
f 4101 4102 4052
f 188 4103 4100
f 188 4100 190
f 4104 4049 4105
f 4104 4101 4052
f 4104 4052 4049
f 186 4106 4103
f 186 4103 188
f 4107 4104 4105
f 183 4108 4106
f 183 4106 186
f 4109 4107 4105
f 4109 4105 4110
f 181 4111 4108
f 181 4108 183
f 4112 4109 4110
f 4112 4110 3957
f 180 4113 4111
f 180 4111 181
f 178 4113 180
f 178 4114 4113
f 176 4114 178
f 176 4115 4114
f 174 4115 176
f 174 4116 4115
f 172 4116 174
f 172 641 4116
f 170 641 172
f 170 643 641
f 168 643 170
f 168 646 643
f 166 648 646
f 166 646 168
f 164 648 166
f 164 650 648
f 162 650 164
f 162 652 650
f 160 3880 3881
f 160 3881 654
f 160 654 652
f 160 652 162
f 160 4117 3880
f 158 4117 160
f 156 4119 4118
f 156 4118 4117
f 156 4117 158
f 154 4119 156
f 152 4119 154
f 152 4120 4119
f 150 4122 4121
f 150 4121 4120
f 150 4120 152
f 1376 4124 4123
f 1378 4123 4125
f 1378 1376 4123
f 1374 4126 4124
f 1374 4124 1376
f 1380 1378 4125
f 1380 4125 4127
f 148 3141 4122
f 148 4122 150
f 1372 4128 4126
f 1372 4126 1374
f 1382 4127 4129
f 1382 1380 4127
f 1370 4130 4128
f 1370 4128 1372
f 1384 4129 4131
f 1384 1382 4129
f 1367 4130 1370
f 1367 4132 4130
f 1386 4131 4133
f 1386 1384 4131
f 1365 4132 1367
f 1365 4134 4132
f 1388 4133 4135
f 1388 1386 4133
f 1364 4136 4134
f 1364 4134 1365
f 145 3141 148
f 1390 4135 4137
f 1390 1388 4135
f 1362 4138 4136
f 1362 4136 1364
f 1392 1390 4137
f 1392 4137 4139
f 1359 4138 1362
f 1359 4140 4138
f 1394 1392 4139
f 1394 4139 4141
f 1358 4142 4140
f 1358 4140 1359
f 1396 4141 4143
f 1396 1394 4141
f 1356 4144 4142
f 1356 4142 1358
f 1398 1396 4143
f 1398 4143 4145
f 1353 4146 4144
f 1353 4144 1356
f 1400 4145 4147
f 1400 1398 4145
f 1352 4148 4146
f 1352 4146 1353
f 1402 4147 4149
f 1402 1400 4147
f 1350 4148 1352
f 1350 4150 4148
f 1404 4149 4151
f 1404 1402 4149
f 1348 4150 1350
f 1348 4152 4150
f 1406 4151 4153
f 1406 1404 4151
f 1346 4152 1348
f 1346 4154 4152
f 1408 4153 3962
f 1408 1406 4153
f 1344 4154 1346
f 1344 4155 4154
f 4156 1408 3962
f 4156 3962 3793
f 1342 4155 1344
f 1342 4157 4155
f 4158 3793 4159
f 4158 4156 3793
f 1340 4160 4157
f 1340 4157 1342
f 4161 4159 4162
f 4161 4162 4163
f 4161 4158 4159
f 1338 4160 1340
f 1338 1153 4160
f 4164 4161 4163
f 1335 1153 1338
f 1335 1155 1153
f 4165 4163 4166
f 4165 4164 4163
f 1333 1155 1335
f 1333 1158 1155
f 4167 4165 4166
f 4167 4166 4168
f 4167 4168 4169
f 1332 1158 1333
f 1332 1160 1158
f 4170 4167 4169
f 4171 4170 4169
f 4171 4169 4172
f 4173 4171 4172
f 4173 4172 4174
f 4175 4173 4174
f 4175 4174 4176
f 4177 4175 4176
f 4177 4176 4178
f 4179 4178 4180
f 4179 4177 4178
f 4181 4180 4182
f 4181 4182 4183
f 4181 4179 4180
f 4184 4181 4183
f 4185 4184 4183
f 4185 4183 4186
f 4185 4186 4187
f 4188 4185 4187
f 4188 4187 4189
f 4190 4188 4189
f 4191 4190 4189
f 4191 4189 4192
f 4193 4191 4192
f 4193 4192 4194
f 4195 4193 4194
f 4195 4194 4196
f 4195 4196 4197
f 4198 4195 4197
f 4198 4197 4199
f 4200 4198 4199
f 4200 4199 4201
f 4202 4200 4201
f 4203 4202 4201
f 4203 4201 4204
f 4205 4203 4204
f 4205 4204 4206
f 3181 4205 4206
f 3181 4206 3195
f 1632 4208 4207
f 1634 1632 4207
f 1634 4207 4209
f 1630 4208 1632
f 1630 4210 4208
f 1636 1634 4209
f 1636 4209 4211
f 1628 4210 1630
f 1628 4212 4210
f 1638 1636 4211
f 1638 4211 4213
f 1625 4214 4212
f 1625 4212 1628
f 1640 4213 4215
f 1640 1638 4213
f 1624 4216 4214
f 1624 4214 1625
f 1641 1640 4215
f 1641 4215 4217
f 1622 4218 4216
f 1622 4216 1624
f 1644 4217 4219
f 1644 1641 4217
f 1620 4220 4218
f 1620 4218 1622
f 1646 1644 4219
f 1646 4219 4221
f 1618 4220 1620
f 1618 4222 4220
f 1648 1646 4221
f 1648 4221 4223
f 1616 4224 4222
f 1616 4222 1618
f 1650 1648 4223
f 1650 4112 3957
f 1650 4223 4112
f 1650 3957 1167
f 1614 4225 4224
f 1614 4224 1616
f 1652 1650 1167
f 1652 1167 1166
f 1652 1166 1164
f 1612 4225 1614
f 1612 4226 4225
f 1654 1652 1164
f 1610 4227 4226
f 1610 4226 1612
f 1656 1654 1164
f 1656 1164 1162
f 1608 4227 1610
f 1608 4228 4227
f 1658 1656 1162
f 1658 1162 1160
f 1606 4229 4228
f 1606 4228 1608
f 1604 4230 4229
f 1604 4229 1606
f 1602 4230 1604
f 1602 4231 4230
f 1600 4232 4231
f 1600 4231 1602
f 1598 4233 4232
f 1598 4232 1600
f 1596 4234 4233
f 1596 4233 1598
f 1594 4235 4234
f 1594 4234 1596
f 1592 4236 4235
f 1592 4235 1594
f 1590 4237 4236
f 1590 4236 1592
f 1587 4238 4237
f 1587 4237 1590
f 1585 4238 1587
f 1585 4239 4238
f 1584 4239 1585
f 1584 4240 4239
f 1582 4241 4240
f 1582 4240 1584
f 1580 4242 4241
f 1580 4241 1582
f 1578 4242 1580
f 1504 1316 1314
f 1506 1504 1314
f 1506 1314 1312
f 1502 1316 1504
f 1502 1318 1316
f 1508 1312 1310
f 1508 1506 1312
f 1500 1318 1502
f 1510 1310 1308
f 1510 1508 1310
f 1497 1318 1500
f 1497 1320 1318
f 1512 1308 1306
f 1512 1306 1304
f 1512 1510 1308
f 1496 1320 1497
f 1496 1324 1322
f 1496 1322 1320
f 1513 1512 1304
f 1494 1324 1496
f 1516 1304 1302
f 1516 1302 1300
f 1516 1513 1304
f 1492 1324 1494
f 1492 1326 1324
f 1518 1516 1300
f 1490 1326 1492
f 1490 1328 1326
f 1520 1300 1297
f 1520 1297 1295
f 1520 1518 1300
f 1488 1328 1490
f 1488 1330 1328
f 1522 1295 1294
f 1522 1520 1295
f 1486 1660 1658
f 1486 1658 1160
f 1486 1160 1332
f 1486 1330 1488
f 1486 1332 1330
f 1524 1522 1294
f 1484 1662 1660
f 1484 1660 1486
f 1526 1294 1292
f 1526 1524 1294
f 1482 1662 1484
f 1482 1664 1662
f 1528 1292 1290
f 1528 1526 1292
f 1480 1664 1482
f 1480 4243 1664
f 1530 1290 1288
f 1530 1288 1286
f 1530 1528 1290
f 1478 4244 4243
f 1478 4243 1480
f 1532 1530 1286
f 1476 4245 4244
f 1476 4244 1478
f 1534 1286 1283
f 1534 1283 1281
f 1534 1532 1286
f 1474 4245 1476
f 1474 4246 4245
f 1536 1534 1281
f 1472 4246 1474
f 1472 4247 4246
f 4248 1281 4249
f 4248 4249 4250
f 4248 1536 1281
f 1470 4247 1472
f 1470 4251 4247
f 4252 4248 4250
f 1468 4251 1470
f 1468 4253 4251
f 4254 4250 4255
f 4254 4252 4250
f 1466 4253 1468
f 1466 4256 4253
f 4257 4255 4258
f 4257 4258 4259
f 4257 4254 4255
f 1464 4256 1466
f 1464 4260 4256
f 4261 4259 4262
f 4261 4257 4259
f 1462 4263 4260
f 1462 4260 1464
f 4264 4261 4262
f 1459 4263 1462
f 1459 4265 4263
f 4266 4262 4267
f 4266 4264 4262
f 1457 4268 4265
f 1457 4265 1459
f 4269 4267 4270
f 4269 4266 4267
f 1456 4271 4268
f 1456 4268 1457
f 4272 4270 4273
f 4272 4269 4270
f 1454 4271 1456
f 1454 4274 4271
f 4275 4273 4276
f 4275 4276 4277
f 4275 4272 4273
f 1452 4274 1454
f 1452 4278 4274
f 4279 4277 4280
f 4279 4275 4277
f 1450 4278 1452
f 1450 4281 4278
f 4282 4279 4280
f 1448 4281 1450
f 1448 4283 4281
f 4284 4280 4285
f 4284 4282 4280
f 1446 4286 4283
f 1446 4283 1448
f 4287 4284 4285
f 4287 4285 4288
f 1443 4289 4286
f 1443 4286 1446
f 4290 4288 4291
f 4290 4287 4288
f 1441 4292 4289
f 1441 4289 1443
f 4293 4291 4294
f 4293 4290 4291
f 1440 4292 1441
f 1440 4295 4292
f 4296 4293 4294
f 4296 4294 4297
f 1438 4295 1440
f 1438 4298 4295
f 4299 4296 4297
f 4299 4297 4300
f 1435 4298 1438
f 1435 4301 4298
f 4302 4299 4300
f 4302 4300 4303
f 4302 4303 4304
f 1433 4305 4301
f 1433 4301 1435
f 4306 4302 4304
f 1432 4305 1433
f 1432 4307 4305
f 4308 4306 4304
f 4308 4304 4309
f 4308 4309 4310
f 1429 4311 4307
f 1429 4307 1432
f 4312 4308 4310
f 1427 4313 4311
f 1427 4311 1429
f 4314 4312 4310
f 4314 4310 4315
f 4314 4315 4316
f 1425 4313 1427
f 1425 4317 4313
f 4318 4316 4319
f 4318 4314 4316
f 1423 4317 1425
f 1423 4320 4317
f 4321 4318 4319
f 1422 4322 4320
f 1422 4320 1423
f 4323 4321 4319
f 4323 4319 4324
f 4323 4324 4325
f 1420 4322 1422
f 1420 4326 4322
f 4327 4323 4325
f 1418 4328 4326
f 1418 4326 1420
f 4329 4325 4330
f 4329 4330 3187
f 4329 4327 4325
f 1416 4331 4328
f 1416 4328 1418
f 3190 4329 3187
f 1414 4332 4331
f 1414 4331 1416
f 1411 4333 4332
f 1411 4332 1414
f 1409 2975 4333
f 1409 4333 1411
f 3077 2975 1409
f 1762 1760 1569
f 1762 1569 1568
f 1762 1568 1566
f 1758 1569 1760
f 1758 1574 1571
f 1758 1571 1569
f 1764 1566 1563
f 1764 1762 1566
f 1756 1574 1758
f 1766 1764 1563
f 1754 1574 1756
f 1754 1578 1576
f 1754 1576 1574
f 1768 1766 1563
f 1768 1563 1561
f 1768 1561 1560
f 1751 4242 1578
f 1751 1578 1754
f 1770 1768 1560
f 1770 1560 1557
f 1749 4334 4242
f 1749 4242 1751
f 1772 1770 1557
f 1748 4335 4334
f 1748 4334 1749
f 1774 1772 1557
f 1774 1557 1555
f 1774 1555 1553
f 1746 4336 4335
f 1746 4335 1748
f 1776 1774 1553
f 1776 1553 1551
f 1743 4337 4336
f 1743 4336 1746
f 1778 1551 1550
f 1778 1776 1551
f 1742 4338 4337
f 1742 4337 1743
f 1780 1778 1550
f 1780 1550 1548
f 1740 4339 4338
f 1740 4338 1742
f 1782 1780 1548
f 1737 4340 4339
f 1737 4339 1740
f 1784 1782 1548
f 1784 1548 1546
f 1736 4341 4340
f 1736 4340 1737
f 1786 1784 1546
f 1786 1546 1544
f 1734 4342 4341
f 1734 4341 1736
f 1788 1544 1542
f 1788 1786 1544
f 1732 4343 4342
f 1732 4342 1734
f 1790 1542 1539
f 1790 1539 1537
f 1790 1788 1542
f 1730 4344 4343
f 1730 4343 1732
f 1792 1790 1537
f 1792 1537 4345
f 1728 4346 4344
f 1728 4344 1730
f 4347 1792 4345
f 4347 4345 4348
f 1726 4349 4346
f 1726 4346 1728
f 4350 4347 4348
f 4350 4348 4351
f 1724 4352 4349
f 1724 4349 1726
f 4353 4350 4351
f 1722 4354 4352
f 1722 4352 1724
f 4355 4353 4351
f 4355 4351 4356
f 4355 4356 4357
f 1719 4354 1722
f 1719 4358 4354
f 4359 4355 4357
f 1717 4358 1719
f 1717 4360 4358
f 4361 4359 4357
f 4361 4357 4362
f 1716 4360 1717
f 1716 4363 4360
f 4364 4361 4362
f 4364 4362 4365
f 1714 4363 1716
f 1714 4366 4363
f 4367 4364 4365
f 4367 4365 4368
f 1712 4366 1714
f 1712 4369 4366
f 4370 4367 4368
f 4370 4368 4371
f 4370 4371 4372
f 1710 4369 1712
f 1710 129 4369
f 4373 4372 4374
f 4373 4370 4372
f 1708 129 1710
f 1708 131 129
f 4375 4373 4374
f 1706 131 1708
f 1706 134 131
f 4376 4374 4377
f 4376 4375 4374
f 1704 134 1706
f 1704 136 134
f 4378 4377 4379
f 4378 4379 2946
f 4378 4376 4377
f 1702 136 1704
f 1702 138 136
f 2947 4378 2946
f 1700 138 1702
f 1700 140 138
f 2945 2946 2950
f 133 135 1703
f 4380 4382 4381
f 4383 4380 4381
f 1703 135 1701
f 135 137 1701
f 4383 4381 4384
f 4385 4383 4384
f 4386 4385 4384
f 1701 137 1699
f 137 139 1699
f 4386 4384 4387
f 1699 139 1697
f 139 141 1697
f 4386 4387 4388
f 4389 4386 4388
f 1697 141 1695
f 141 144 1695
f 4389 4388 4390
f 4391 4389 4390
f 4392 2956 4393
f 4393 2911 2913
f 4391 4390 4394
f 4395 4391 4394
f 4396 4395 4394
f 2911 4393 2909
f 4393 2913 2915
f 2909 4393 2907
f 4393 2915 2917
f 2907 4393 2905
f 4396 4394 4397
f 4393 2917 2919
f 2905 4393 2904
f 4393 2919 2921
f 2904 4393 2902
f 4393 2921 2923
f 2902 4393 2899
f 4393 2923 2925
f 2899 4393 2897
f 4396 4397 4398
f 4399 4396 4398
f 4400 4399 4398
f 4393 2925 2927
f 2897 4393 2896
f 4393 2927 2929
f 2896 4393 2893
f 4400 4398 4401
f 4402 4400 4403
f 4393 2929 2931
f 2893 4393 2891
f 4393 2931 2933
f 2891 4393 2890
f 4400 4401 4403
f 4404 4402 4405
f 4406 4404 4405
f 4393 2933 2935
f 2890 4393 2887
f 4393 2935 2937
f 2887 4393 2885
f 4393 2937 2939
f 4402 4403 4405
f 2885 4393 2883
f 4393 2939 2941
f 2883 4393 2881
f 4393 2941 2943
f 2881 4393 2879
f 4406 4405 4407
f 4408 4406 4409
f 4393 2943 4410
f 4393 4410 4411
f 4393 4411 4412
f 4406 4407 4409
f 4413 4408 4414
f 4415 4413 4414
f 4393 4412 4416
f 4393 4416 4417
f 4408 4409 4414
f 4415 4414 4418
f 4393 4417 4419
f 4393 4419 4420
f 4393 4420 4421
f 4393 4421 4422
f 4393 4422 4423
f 4393 4423 4424
f 4393 4424 4425
f 4392 4393 4426
f 4393 4425 4426
f 4392 4426 4427
f 4392 4427 4428
f 4392 4428 4429
f 4392 4429 4430
f 4392 4430 4431
f 4392 4431 4432
f 4392 4432 4433
f 4392 4433 4434
f 4392 4434 4435
f 4392 4435 4436
f 4437 4438 1887
f 4437 1887 1889
f 4439 4437 1889
f 1887 4438 1885
f 4438 4440 1885
f 4441 4439 1891
f 4439 1889 1891
f 1885 4440 1883
f 4440 4442 1883
f 4443 4444 2655
f 4443 2655 2657
f 4445 4443 2657
f 4446 4441 1893
f 4441 1891 1893
f 1883 4442 1881
f 4444 4447 2653
f 2655 4444 2653
f 4445 2657 2659
f 4442 4448 1881
f 4449 4445 2659
f 4450 4446 1895
f 4446 1893 1895
f 4447 4451 2651
f 2653 4447 2651
f 4449 2659 2661
f 4452 4449 2661
f 1881 4448 1880
f 4448 4453 1880
f 4450 1895 1897
f 2651 4451 2649
f 4454 4450 1897
f 4451 4455 2649
f 4452 2661 2663
f 4456 4452 2663
f 1880 4453 1878
f 4453 4457 1878
f 4455 4458 2648
f 4454 1897 1899
f 2649 4455 2648
f 4456 2663 2665
f 4459 4456 2665
f 4460 4454 1899
f 1878 4457 1875
f 4458 4461 2646
f 2648 4458 2646
f 4459 2665 2667
f 4462 4459 2667
f 4457 4463 1875
f 4460 1899 1901
f 2646 4461 2643
f 4461 4464 2643
f 4465 4460 1901
f 1875 4463 1873
f 4462 2667 2669
f 4466 4462 2669
f 4463 4467 1873
f 2643 4464 2641
f 4464 4468 2641
f 4465 1901 1903
f 4469 4465 1903
f 1873 4467 1872
f 4470 4466 2671
f 4466 2669 2671
f 2641 4468 2640
f 4467 4471 1872
f 4468 4472 2640
f 4470 2671 2673
f 4473 4470 2673
f 4474 4469 1905
f 4469 1903 1905
f 4472 4475 2637
f 2640 4472 2637
f 4471 4476 1869
f 1872 4471 1869
f 4473 2673 2675
f 4477 4473 2675
f 4474 1905 1907
f 4478 4474 1907
f 4475 4479 2635
f 2637 4475 2635
f 4477 2675 2677
f 4480 4477 2677
f 4476 4481 1867
f 1869 4476 1867
f 4479 4482 2634
f 4478 1907 1909
f 4483 4478 1909
f 2635 4479 2634
f 4480 2677 2679
f 4484 4480 2679
f 2634 4482 2631
f 1867 4481 1866
f 4481 4485 1866
f 4482 4486 2631
f 4484 2679 2681
f 4487 4484 2681
f 4483 1909 1911
f 4488 4483 1911
f 4486 4489 2629
f 2631 4486 2629
f 1866 4485 1863
f 4485 4490 1863
f 4491 4487 2683
f 4487 2681 2683
f 4489 4492 2627
f 2629 4489 2627
f 4488 1911 1913
f 4493 4488 1913
f 1863 4490 1861
f 4491 2683 2685
f 4494 4491 2685
f 2627 4492 2625
f 4490 4495 1861
f 4492 4496 2625
f 4494 2685 2687
f 4497 4494 2687
f 4493 1913 1915
f 4498 4493 1915
f 1861 4495 1859
f 4496 4499 2623
f 2625 4496 2623
f 4500 4497 4501
f 4497 2687 4501
f 4495 4502 1859
f 4499 4503 2621
f 2623 4499 2621
f 4504 4500 4505
f 4500 4501 4505
f 4498 1915 1917
f 4506 4498 1917
f 1859 4502 1857
f 4502 4507 1857
f 4503 4508 2619
f 2621 4503 2619
f 4504 4505 4509
f 4510 4504 4509
f 4508 2820 2617
f 4506 1917 1919
f 4418 4506 1919
f 2619 4508 2617
f 4392 4436 4511
f 4436 4510 4511
f 4510 4509 4511
f 4507 4512 1855
f 1857 4507 1855
f 2820 2818 2616
f 2617 2820 2616
f 4392 4511 4513
f 4418 1919 4514
f 4415 4418 4514
f 4515 4415 4514
f 1855 4512 1853
f 4512 4516 1853
f 4392 4513 4517
f 4392 4517 4518
f 4515 4514 4519
f 4520 4515 4519
f 4392 4518 4521
f 4392 4521 4522
f 1853 4516 1851
f 4516 4523 1851
f 4392 4522 4524
f 4525 4520 4526
f 4520 4519 4526
f 1851 4523 1849
f 4523 1668 1849
f 4392 4524 4527
f 4528 4525 4529
f 4530 4528 4529
f 4392 4527 4531
f 4392 4531 4532
f 4525 4526 4529
f 1849 1668 1848
f 1668 1666 1848
f 4392 4532 4533
f 4530 4529 4534
f 1848 1666 1846
f 4392 4533 4535
f 1666 1669 1846
f 4536 4530 4537
f 4530 4534 4537
f 1846 1669 1843
f 1669 1671 1843
f 4538 4536 4539
f 4536 4537 4539
f 1843 1671 1841
f 1671 1673 1841
f 4540 4538 4541
f 4542 4540 4541
f 4538 4539 4541
f 1841 1673 1839
f 4542 4541 4543
f 4544 4542 4545
f 4542 4543 4545
f 4546 4544 4547
f 4548 4546 4547
f 4544 4545 4547
f 4548 4547 4549
f 4550 4548 4551
f 4552 4550 4551
f 4548 4549 4551
f 4552 4551 4553
f 4552 4553 4554
f 4555 4552 4554
f 4556 4555 4554
f 4556 4554 4557
f 4558 4556 4559
f 4556 4557 4559
f 4558 4559 4560
f 4561 4558 4560
f 4562 4561 4560
f 4562 4560 4563
f 4562 4563 4564
f 4565 4562 4564
f 2849 2783 2785
f 2847 2849 2785
f 2845 2847 2785
f 4565 4564 4566
f 4567 4565 4566
f 4568 4567 4566
f 4568 4566 4569
f 4570 4568 4571
f 4568 4569 4571
f 2849 2851 2781
f 2783 2849 2781
f 4572 4570 4573
f 4570 4571 4573
f 4574 4572 4575
f 4576 4574 4575
f 4572 4573 4575
f 2845 2785 2787
f 4576 4575 4577
f 2853 2855 2779
f 2851 2853 2779
f 2781 2851 2779
f 2845 2787 2789
f 2843 2845 2789
f 2779 2855 2778
f 2841 2843 2791
f 2843 2789 2791
f 2855 2857 2775
f 2778 2855 2775
f 2839 2841 2794
f 2841 2791 2794
f 4578 1796 4579
f 4580 4578 4579
f 4581 4580 4579
f 4582 4581 4579
f 4583 4582 4579
f 4584 4583 4579
f 4585 4584 4579
f 4586 4585 4579
f 4587 4586 4579
f 4588 4587 4579
f 4589 4588 4579
f 4590 4589 4579
f 1817 1819 4579
f 4591 4590 4579
f 1815 1817 4579
f 4592 4591 4579
f 2775 2857 2773
f 2859 2861 2773
f 2857 2859 2773
f 2839 2794 2795
f 2837 2839 2795
f 2835 2837 2795
f 1813 1815 4579
f 4593 4592 4579
f 1811 1813 4579
f 4594 4593 4579
f 1810 1811 4579
f 4595 4594 4579
f 1808 1810 4579
f 4596 4595 4579
f 1805 1808 4579
f 4597 4596 4579
f 1803 1805 4579
f 4598 4597 4579
f 1801 1803 4579
f 4599 4598 4579
f 1799 1801 4579
f 4600 4599 4579
f 1797 1799 4579
f 4601 4600 4579
f 1794 1797 4579
f 4602 4601 4579
f 1796 1794 4579
f 4603 4602 4579
f 4604 4603 4579
f 4605 4604 4579
f 4606 4605 4579
f 4607 4606 4579
f 4608 4607 4579
f 146 4610 4609
f 1695 144 4609
f 1837 1839 4609
f 1835 1837 4609
f 1833 1835 4609
f 1831 1833 4609
f 1829 1831 4609
f 4610 4611 4609
f 1827 1829 4609
f 1825 1827 4609
f 1823 1825 4609
f 1821 1823 4609
f 1819 1821 4609
f 1693 1695 4609
f 1691 1693 4609
f 1689 1691 4609
f 1687 1689 4609
f 144 146 4609
f 1685 1687 4609
f 1683 1685 4609
f 1682 1683 4609
f 1680 1682 4609
f 1677 1680 4609
f 1675 1677 4609
f 1673 1675 4609
f 2773 2861 2771
f 4579 1819 4609
f 1839 1673 4609
f 2835 2795 2797
f 2863 2865 2769
f 2861 2863 2769
f 2771 2861 2769
f 2835 2797 2799
f 2834 2835 2799
f 4579 4609 4612
f 2769 2865 2767
f 2832 2834 2801
f 2829 2832 2801
f 2834 2799 2801
f 4613 4614 4579
f 4613 4615 4614
f 4613 4616 4615
f 4613 4617 4616
f 4613 4618 4617
f 4613 4619 4618
f 4613 4620 4619
f 4613 4621 4620
f 4613 4622 4621
f 4614 4623 4579
f 4623 4624 4579
f 4624 4625 4579
f 4625 4626 4579
f 4625 4627 4626
f 2767 2865 2765
f 2867 2870 2765
f 2865 2867 2765
f 4625 4628 4627
f 4620 4629 4619
f 4629 4630 4619
f 4630 4631 4619
f 4631 4632 4619
f 4632 4633 4619
f 4626 4634 4579
f 4634 4635 4579
f 4635 4636 4579
f 4636 4637 4579
f 4637 4638 4579
f 4638 4576 4579
f 4576 4639 4579
f 4576 4640 4639
f 4576 4641 4640
f 4576 4642 4641
f 4576 4643 4642
f 4576 4577 4643
f 4639 4644 4579
f 4644 4608 4579
f 4645 2367 4393
f 4645 1985 2367
f 2367 2369 4393
f 2369 2751 4393
f 2751 2753 4393
f 2753 2879 4393
f 2829 2801 2803
f 2870 2872 2763
f 2765 2870 2763
f 2829 2803 2805
f 2827 2829 2805
f 2763 2872 2761
f 2825 2827 2807
f 2827 2805 2807
f 2761 2872 2759
f 2872 2873 2759
f 2823 2825 2809
f 2825 2807 2809
f 2759 2873 2757
f 2873 2875 2757
f 2821 2823 2811
f 2823 2809 2811
f 2757 2875 2755
f 2875 2877 2755
f 2821 2811 2813
f 2818 2821 2813
f 2877 2879 2753
f 2755 2877 2753
f 2593 2527 2529
f 2591 2593 2529
f 2527 2593 2525
f 2593 2595 2525
f 2591 2529 2531
f 2589 2591 2531
f 2525 2595 2523
f 2595 2597 2523
f 2589 2531 2533
f 2587 2589 2533
f 2523 2597 2522
f 2599 2601 2522
f 2597 2599 2522
f 2587 2533 2535
f 2585 2587 2535
f 2522 2601 2519
f 2585 2535 2538
f 2583 2585 2538
f 2519 2601 2517
f 2601 2603 2517
f 2583 2538 2539
f 2581 2583 2539
f 2517 2603 2515
f 2605 2607 2515
f 2603 2605 2515
f 2581 2539 2541
f 2579 2581 2541
f 2607 2609 2513
f 2515 2607 2513
f 2579 2541 2543
f 2578 2579 2543
f 2576 2578 2543
f 2513 2609 2511
f 2576 2543 2545
f 2511 2609 2509
f 2609 2611 2509
f 2576 2545 2547
f 2573 2576 2547
f 2614 2616 2507
f 2611 2614 2507
f 2509 2611 2507
f 2571 2573 2549
f 2573 2547 2549
f 2616 2818 2505
f 2818 2813 2505
f 2813 2815 2505
f 2507 2616 2505
f 2569 2571 2551
f 2567 2569 2551
f 2571 2549 2551
f 2815 4646 2503
f 2505 2815 2503
f 2567 2551 2553
f 4646 4647 2501
f 2503 4646 2501
f 2565 2567 2555
f 2567 2553 2555
f 4647 4648 2499
f 2501 4647 2499
f 2562 2565 2557
f 2564 2562 2557
f 2565 2555 2557
f 4648 4649 2497
f 2499 4648 2497
f 2564 2557 2559
f 4649 4650 2495
f 2497 4649 2495
f 2564 2559 4651
f 4652 2564 4651
f 4653 4652 4651
f 4650 4654 2493
f 2495 4650 2493
f 4653 4651 4655
f 4656 4653 4655
f 2493 4654 2491
f 4654 4657 2491
f 4656 4655 4658
f 2491 4657 2489
f 4657 4659 2489
f 4656 4658 4660
f 4661 4656 4660
f 4659 4662 2487
f 2489 4659 2487
f 4661 4660 4663
f 4664 4661 4663
f 4662 4665 2485
f 2487 4662 2485
f 4664 4663 4666
f 4667 4664 4666
f 4665 4668 2484
f 2485 4665 2484
f 4667 4666 4669
f 4670 4667 4669
f 4671 4670 4669
f 4668 4672 2482
f 2484 4668 2482
f 4671 4669 4673
f 4672 4674 2479
f 2482 4672 2479
f 4671 4673 4675
f 4676 4671 4675
f 4677 4676 4675
f 4674 4678 2477
f 2479 4674 2477
f 4677 4675 4679
f 4678 4680 2475
f 2477 4678 2475
f 4677 4679 4681
f 4682 4677 4681
f 4680 4683 2473
f 2475 4680 2473
f 4682 4681 4684
f 4685 4682 4684
f 4683 4686 2471
f 2473 4683 2471
f 4685 4684 4687
f 4688 4685 4687
f 4686 4689 2469
f 2471 4686 2469
f 4688 4687 4690
f 4691 4688 4690
f 4689 4692 2468
f 2469 4689 2468
f 4691 4690 4693
f 4694 4691 4693
f 2468 4692 2466
f 4692 4695 2466
f 4694 4693 4696
f 4697 4694 4696
f 2466 4695 2463
f 4695 4698 2463
f 4697 4696 4699
f 4700 4697 4699
f 2463 4698 2461
f 4698 4701 2461
f 4700 4699 4702
f 4703 4700 4702
f 4704 4703 4702
f 2461 4701 2460
f 4701 4705 2460
f 4706 4704 4707
f 4704 4702 4707
f 2460 4705 2458
f 4705 4708 2458
f 4706 4707 4709
f 2458 4708 2455
f 4708 4710 2455
f 2455 4710 2454
f 4710 4711 2454
f 2454 4711 2452
f 4711 4712 2452
f 2452 4712 2450
f 4712 4713 2450
f 2450 4713 2448
f 4713 4714 2448
f 2448 4714 2445
f 4714 4715 2445
f 2445 4715 2443
f 4715 4716 2443
f 4716 4717 2441
f 2443 4716 2441
f 4717 4718 2439
f 2441 4717 2439
f 4718 4719 2437
f 2439 4718 2437
f 4719 4720 2434
f 2437 4719 2434
f 2434 4720 2436
f 4720 4721 2436
f 2436 4721 4722
f 4721 4723 4722
f 4722 4723 4724
f 4723 4725 4724
f 4724 4725 4726
f 2722 2399 2401
f 2719 2722 2401
f 2399 2722 2397
f 2722 2724 2397
f 2719 2401 2403
f 2717 2719 2403
f 2716 2717 2403
f 2725 2727 2395
f 2724 2725 2395
f 2397 2724 2395
f 2714 2716 2405
f 2716 2403 2405
f 2395 2727 2393
f 2714 2405 2407
f 2393 2727 2392
f 2729 2731 2392
f 2727 2729 2392
f 2714 2407 2409
f 2711 2714 2409
f 2392 2731 2390
f 2711 2409 2411
f 2710 2711 2411
f 2731 2733 2387
f 2390 2731 2387
f 2708 2710 2413
f 2710 2411 2413
f 2387 2733 2385
f 2735 2738 2385
f 2733 2735 2385
f 2708 2413 2415
f 2706 2708 2415
f 2385 2738 2384
f 2704 2706 2417
f 2701 2704 2417
f 2706 2415 2417
f 2384 2738 2381
f 2740 2741 2381
f 2738 2740 2381
f 2701 2417 2419
f 2381 2741 2379
f 2741 2743 2379
f 2701 2419 2421
f 2699 2701 2421
f 2697 2699 2421
f 2379 2743 2378
f 2697 2421 2423
f 2745 2747 2375
f 2743 2745 2375
f 2378 2743 2375
f 2695 2697 2425
f 2697 2423 2425
f 2375 2747 2373
f 2695 2425 2427
f 2693 2695 2427
f 2373 2747 2371
f 2747 2749 2371
f 2693 2427 2429
f 2690 2693 2429
f 2371 2749 2369
f 2749 2751 2369
f 2690 2429 2431
f 4727 2692 2431
f 2692 2690 2431
f 4727 2431 4728
f 4729 4727 4728
f 4729 4728 4730
f 4731 4729 4730
f 4731 4730 4732
f 4731 4732 4733
f 4734 4731 4733
f 4735 4734 4736
f 4734 4733 4736
f 4735 4736 4737
f 4738 4735 4737
f 4739 4738 4737
f 4739 4737 4740
f 4741 4739 4740
f 4741 4740 4742
f 4743 4741 4742
f 4743 4742 4744
f 4743 4744 4745
f 4746 4743 4745
f 4746 4745 4747
f 4748 4746 4747
f 4749 4748 4750
f 4748 4747 4750
f 4751 4749 4752
f 4749 4750 4752
f 4753 4751 4754
f 4755 4753 4754
f 4751 4752 4754
f 4755 4754 4756
f 4757 4755 4758
f 4755 4756 4758
f 4757 4758 4759
f 4760 4757 4759
f 4761 4760 4762
f 4763 4761 4762
f 4760 4759 4762
f 4763 4762 4764
f 4765 4763 4764
f 4765 4764 4766
f 4765 4766 4767
f 4768 4765 4767
f 4768 4767 4769
f 4770 4768 4769
f 4771 4772 479
f 4773 4771 481
f 4771 479 481
f 4772 4774 477
f 479 4772 477
f 4775 4773 483
f 4773 481 483
f 4774 4776 475
f 477 4774 475
f 4777 4775 485
f 4775 483 485
f 4776 4778 473
f 475 4776 473
f 4779 4777 487
f 4777 485 487
f 4778 4780 472
f 473 4778 472
f 4770 4769 4781
f 4782 4770 4781
f 4783 4779 489
f 4779 487 489
f 4780 4706 470
f 472 4780 470
f 4706 4709 470
f 4709 4784 470
f 4785 4783 491
f 4783 489 491
f 4784 4786 467
f 470 4784 467
f 4787 4785 493
f 4785 491 493
f 467 4786 465
f 4786 4788 465
f 4789 4787 495
f 4787 493 495
f 4782 4781 4790
f 4791 4782 4790
f 4788 4792 464
f 465 4788 464
f 4793 4789 497
f 4789 495 497
f 4792 4794 461
f 464 4792 461
f 4795 4793 499
f 4793 497 499
f 4791 4790 4796
f 4725 4791 4796
f 461 4794 459
f 4794 4797 459
f 4798 4795 501
f 4795 499 501
f 4797 4799 458
f 459 4797 458
f 4800 4798 503
f 4798 501 503
f 4799 4801 455
f 458 4799 455
f 4802 4800 505
f 4800 503 505
f 455 4801 453
f 4801 4803 453
f 4804 4802 507
f 4802 505 507
f 4803 4805 451
f 453 4803 451
f 4806 4804 509
f 4804 507 509
f 4805 4807 449
f 451 4805 449
f 4808 4806 511
f 4806 509 511
f 449 4807 447
f 4807 4809 447
f 4808 511 4810
f 4811 4808 4810
f 447 4809 445
f 4809 4812 445
f 4811 4810 4813
f 4814 4811 4813
f 445 4812 443
f 4812 4815 443
f 4814 4813 4816
f 4817 4814 4816
f 443 4815 441
f 4815 4818 441
f 4819 4817 4820
f 4817 4816 4820
f 4818 4821 440
f 441 4818 440
f 4822 4819 4823
f 4819 4820 4823
f 4821 4824 438
f 440 4821 438
f 4822 4823 4825
f 4535 4822 4825
f 4824 4826 435
f 438 4824 435
f 4392 4535 4827
f 4535 4825 4827
f 435 4826 433
f 4826 4828 433
f 4392 4827 4829
f 4828 4830 431
f 433 4828 431
f 4830 4831 429
f 431 4830 429
f 4831 4832 427
f 429 4831 427
f 4832 4833 425
f 427 4832 425
f 425 4833 423
f 4833 4834 423
f 4834 4835 421
f 423 4834 421
f 4835 4836 419
f 421 4835 419
f 4836 4837 417
f 419 4836 417
f 4837 4838 415
f 417 4837 415
f 4838 4839 413
f 415 4838 413
f 4839 4840 411
f 413 4839 411
f 4840 4841 409
f 411 4840 409
f 4841 4842 407
f 409 4841 407
f 4842 4843 405
f 407 4842 405
f 4843 4844 403
f 405 4843 403
f 4844 4845 402
f 403 4844 402
f 4845 4846 400
f 402 4845 400
f 400 4846 397
f 4847 4848 863
f 4847 863 865
f 4849 4847 865
f 863 4848 861
f 4848 4850 861
f 4849 865 867
f 4851 4849 867
f 861 4850 859
f 4850 4852 859
f 4851 867 869
f 4853 4851 869
f 4852 4854 857
f 859 4852 857
f 4855 4853 871
f 4853 869 871
f 4854 4856 856
f 857 4854 856
f 4857 4855 873
f 4855 871 873
f 4856 4858 854
f 856 4856 854
f 4859 4857 875
f 4857 873 875
f 4858 4860 851
f 854 4858 851
f 4861 4859 877
f 4859 875 877
f 851 4860 849
f 4862 4861 879
f 4861 877 879
f 4860 4863 848
f 849 4860 848
f 4864 4862 881
f 4862 879 881
f 4392 4829 4865
f 4863 4866 845
f 848 4863 845
f 4867 4864 883
f 4864 881 883
f 845 4866 843
f 4866 4868 843
f 4867 883 885
f 4869 4867 885
f 4868 4870 842
f 843 4868 842
f 4869 885 887
f 4871 4869 887
f 4870 4872 839
f 842 4870 839
f 4873 4871 889
f 4871 887 889
f 839 4872 837
f 4872 4874 837
f 4873 889 891
f 4875 4873 891
f 4874 4876 835
f 837 4874 835
f 4877 4875 893
f 4875 891 893
f 4876 4878 833
f 835 4876 833
f 4877 893 895
f 4878 4879 831
f 833 4878 831
f 4879 4880 829
f 831 4879 829
f 4880 4881 827
f 829 4880 827
f 4881 4882 825
f 827 4881 825
f 4882 4883 824
f 825 4882 824
f 4883 4884 822
f 824 4883 822
f 4884 4885 819
f 822 4884 819
f 4885 4886 817
f 819 4885 817
f 4886 4887 815
f 817 4886 815
f 4887 4888 813
f 815 4887 813
f 4888 4889 811
f 813 4888 811
f 4889 4890 809
f 811 4889 809
f 809 4890 807
f 4890 4891 807
f 4891 4892 805
f 807 4891 805
f 4892 4893 803
f 805 4892 803
f 803 4893 801
f 4894 4895 2271
f 4894 2271 2273
f 4896 4894 2273
f 4895 4897 2269
f 2271 4895 2269
f 4896 2273 2275
f 4898 4896 2275
f 4897 4899 2267
f 2269 4897 2267
f 4898 2275 2277
f 4900 4898 2277
f 4899 4901 2265
f 2267 4899 2265
f 4900 2277 2279
f 4902 4900 2279
f 4901 4903 2264
f 2265 4901 2264
f 4902 2279 2281
f 4904 4902 2281
f 4903 4905 2262
f 2264 4903 2262
f 4904 2281 2283
f 4906 4904 2283
f 2262 4905 2259
f 4905 4907 2259
f 4906 2283 2285
f 4908 4906 2285
f 2259 4907 2257
f 4907 4909 2257
f 4910 4908 2287
f 4908 2285 2287
f 4909 4911 2256
f 2257 4909 2256
f 4912 4910 2289
f 4910 2287 2289
f 4911 4913 2253
f 2256 4911 2253
f 4914 4912 2291
f 4912 2289 2291
f 4913 4915 2251
f 2253 4913 2251
f 4916 4914 2293
f 4914 2291 2293
f 2251 4915 2250
f 4915 4917 2250
f 4918 4916 2295
f 4916 2293 2295
f 4917 4919 2247
f 2250 4917 2247
f 4920 4918 2297
f 4918 2295 2297
f 2247 4919 2245
f 4919 4921 2245
f 4922 4920 2299
f 4920 2297 2299
f 4921 4923 2243
f 2245 4921 2243
f 4922 2299 2301
f 4924 4922 2301
f 4923 4925 2241
f 2243 4923 2241
f 4924 2301 2303
f 4926 4924 2303
f 4925 4927 2239
f 2241 4925 2239
f 4926 2303 4928
f 4929 4926 4928
f 2239 4927 2237
f 4927 4930 2237
f 4929 4928 4931
f 4796 4929 4931
f 4930 4932 2235
f 2237 4930 2235
f 4796 4931 4933
f 4725 4796 4933
f 4726 4725 4933
f 4932 2308 2233
f 2235 4932 2233
f 4934 4726 4935
f 4726 4933 4935
f 2308 2306 2232
f 2233 2308 2232
f 4936 4934 4937
f 4934 4935 4937
f 4938 4936 4939
f 4846 4938 4939
f 4936 4937 4939
f 4846 4939 4940
f 4941 4865 4613
f 2335 2337 2017
f 2337 2015 2017
f 2337 2339 2013
f 2015 2337 2013
f 2333 2335 2019
f 2335 2017 2019
f 2339 2341 2011
f 2013 2339 2011
f 2333 2019 2021
f 2331 2333 2021
f 2329 2331 2021
f 2341 2343 2010
f 2011 2341 2010
f 2329 2021 2023
f 2010 2343 2007
f 2343 2345 2007
f 2327 2329 2026
f 2329 2023 2026
f 2345 2347 2005
f 2007 2345 2005
f 2325 2327 2027
f 2327 2026 2027
f 2347 2349 2003
f 2005 2347 2003
f 2325 2027 2029
f 2323 2325 2029
f 2322 2323 2029
f 2351 2353 2001
f 2349 2351 2001
f 2003 2349 2001
f 2322 2029 2031
f 2001 2353 1999
f 2320 2322 2033
f 2317 2320 2033
f 2322 2031 2033
f 2353 2355 1997
f 1999 2353 1997
f 2317 2033 2035
f 2355 2358 1995
f 1997 2355 1995
f 2317 2035 2037
f 2315 2317 2037
f 1995 2358 1993
f 2358 2360 1993
f 2313 2315 2039
f 2315 2037 2039
f 2360 2361 1991
f 1993 2360 1991
f 2313 2039 2041
f 2311 2313 2041
f 2361 2363 1989
f 1991 2361 1989
f 2311 2041 2043
f 2309 2311 2043
f 2363 2365 1987
f 1989 2363 1987
f 2309 2043 2045
f 2306 2309 2045
f 2365 2367 1985
f 1987 2365 1985
f 4942 4943 351
f 4942 351 353
f 4944 4942 353
f 351 4943 349
f 4943 4945 349
f 4944 353 355
f 4946 4944 355
f 349 4945 347
f 4945 4947 347
f 4877 895 357
f 4946 355 357
f 895 4946 357
f 347 4947 346
f 4947 4948 346
f 4877 357 359
f 4949 4877 359
f 346 4948 343
f 4948 4950 343
f 4951 4949 362
f 4952 4951 362
f 4949 359 362
f 343 4950 341
f 4950 4953 341
f 4954 4952 363
f 4952 362 363
f 341 4953 339
f 4953 4955 339
f 4954 363 365
f 339 4955 337
f 4955 4956 337
f 4865 4829 367
f 4829 4954 367
f 4954 365 367
f 4956 4957 335
f 337 4956 335
f 4865 367 369
f 4957 4958 333
f 335 4957 333
f 333 4958 331
f 4958 4959 331
f 331 4959 329
f 4959 4960 329
f 329 4960 327
f 4960 4961 327
f 327 4961 325
f 4961 4962 325
f 325 4962 323
f 4962 4963 323
f 323 4963 321
f 4963 4964 321
f 321 4964 319
f 4964 4965 319
f 319 4965 317
f 4965 4966 317
f 317 4966 315
f 4966 4967 315
f 315 4967 313
f 4968 4969 313
f 4967 4968 313
f 4969 4970 311
f 313 4969 311
f 311 4970 309
f 4970 4971 309
f 309 4971 308
f 4971 4972 308
f 4972 4973 306
f 308 4972 306
f 4973 4974 303
f 306 4973 303
f 2209 2211 2143
f 2207 2209 2143
f 2205 2207 2145
f 2207 2143 2145
f 2211 2213 2141
f 2143 2211 2141
f 2205 2145 2147
f 2141 2213 2139
f 2205 2147 2149
f 2203 2205 2149
f 2201 2203 2149
f 2215 2217 2138
f 2213 2215 2138
f 2139 2213 2138
f 2201 2149 2151
f 2138 2217 2135
f 2201 2151 2154
f 2199 2201 2154
f 2135 2217 2133
f 2219 2221 2133
f 2217 2219 2133
f 303 4974 301
f 4974 4975 301
f 2199 2154 2155
f 2197 2199 2155
f 2195 2197 2155
f 2133 2221 2131
f 2195 2155 2157
f 2131 2221 2129
f 2221 2223 2129
f 2195 2157 2159
f 2194 2195 2159
f 2129 2223 2127
f 2223 2225 2127
f 301 4975 299
f 4975 4976 299
f 2194 2159 2161
f 2192 2194 2161
f 2127 2225 2125
f 2225 2227 2125
f 2192 2161 2163
f 2189 2192 2163
f 2230 2232 2123
f 2227 2230 2123
f 2125 2227 2123
f 299 4976 297
f 4976 4977 297
f 2189 2163 2165
f 2187 2189 2165
f 2306 2045 2121
f 2232 2306 2121
f 2123 2232 2121
f 2045 2047 2121
f 2187 2165 2167
f 2185 2187 2167
f 2047 4978 2119
f 2121 2047 2119
f 4977 4979 295
f 297 4977 295
f 2183 2185 2169
f 2185 2167 2169
f 4978 4980 2117
f 2119 4978 2117
f 2183 2169 2171
f 2181 2183 2171
f 295 4979 293
f 4979 4981 293
f 4980 4982 2115
f 2117 4980 2115
f 2181 2171 2173
f 2178 2181 2173
f 2115 4982 2113
f 4982 4983 2113
f 4981 4984 292
f 293 4981 292
f 4985 2180 2175
f 2178 2173 2175
f 2180 2178 2175
f 2113 4983 2111
f 4983 4986 2111
f 4985 2175 4987
f 292 4984 290
f 4984 4988 290
f 2111 4986 2109
f 4986 4989 2109
f 4985 4987 4990
f 4991 4985 4990
f 4992 4991 4990
f 290 4988 287
f 4988 4993 287
f 2109 4989 2107
f 4989 4994 2107
f 4992 4990 4995
f 2107 4994 2105
f 4994 4996 2105
f 287 4993 285
f 4993 4997 285
f 4998 4992 4999
f 4992 4995 4999
f 4996 5000 2103
f 2105 4996 2103
f 4997 5001 284
f 285 4997 284
f 5002 4998 5003
f 4998 4999 5003
f 5000 5004 2101
f 2103 5000 2101
f 5001 5005 282
f 284 5001 282
f 5002 5003 5006
f 5007 5002 5006
f 2101 5004 2100
f 5004 5008 2100
f 5009 5007 5010
f 5007 5006 5010
f 282 5005 279
f 5005 5011 279
f 2100 5008 2098
f 5008 5012 2098
f 5009 5010 5013
f 5014 5009 5013
f 5015 5014 5013
f 279 5011 278
f 5011 5016 278
f 2098 5012 2095
f 5012 5017 2095
f 5015 5013 5018
f 5016 5019 276
f 278 5016 276
f 2095 5017 2093
f 5017 5020 2093
f 5021 5015 5022
f 5023 5021 5022
f 5015 5018 5022
f 276 5019 274
f 5019 5024 274
f 2093 5020 2091
f 5020 5025 2091
f 5023 5022 5026
f 274 5024 272
f 5024 5027 272
f 2091 5025 2089
f 5025 5028 2089
f 5027 5029 269
f 272 5027 269
f 5023 5026 5030
f 5031 5023 5030
f 5028 5032 2087
f 2089 5028 2087
f 269 5029 267
f 5029 5033 267
f 5031 5030 5034
f 5035 5031 5034
f 5032 5036 2085
f 2087 5032 2085
f 5037 5035 5038
f 5039 5037 5038
f 5035 5034 5038
f 5036 5040 2084
f 2085 5036 2084
f 5039 5038 5041
f 2084 5040 2082
f 5040 5042 2082
f 5039 5041 5043
f 5044 5039 5043
f 2082 5042 2079
f 5042 5045 2079
f 5046 5044 5047
f 5044 5043 5047
f 5045 5048 2077
f 2079 5045 2077
f 5046 5047 5049
f 5050 5046 5049
f 2077 5048 2076
f 5048 5051 2076
f 5052 5050 5053
f 5050 5049 5053
f 2076 5051 2074
f 5051 5054 2074
f 5052 5053 5055
f 5056 5052 5055
f 2074 5054 2071
f 5054 5057 2071
f 2071 5057 2070
f 5057 5058 2070
f 5058 5059 2068
f 2070 5058 2068
f 2068 5059 2066
f 5059 5060 2066
f 2066 5060 2064
f 5060 5061 2064
f 2064 5061 2061
f 5061 5062 2061
f 5062 5063 2059
f 2061 5062 2059
f 5063 5064 2057
f 2059 5063 2057
f 2057 5064 2055
f 5064 5065 2055
f 5065 5066 2053
f 2055 5065 2053
f 5066 5067 2050
f 2053 5066 2050
f 5067 5068 2052
f 2050 5067 2052
f 2052 5068 5069
f 5068 5070 5069
f 5070 5072 5071
f 5069 5070 5071
f 5071 5072 5073
f 5072 5074 5073
f 5074 5076 5075
f 5073 5074 5075
f 371 373 1119
f 371 1119 1121
f 4865 369 1121
f 369 371 1121
f 1119 373 1117
f 373 375 1117
f 4865 1121 1123
f 1117 375 1115
f 375 377 1115
f 4865 1123 1125
f 1115 377 1114
f 377 379 1114
f 4865 1125 1127
f 379 381 1111
f 1114 379 1111
f 4865 1127 1130
f 381 383 1109
f 1111 381 1109
f 4865 1130 1131
f 1109 383 1107
f 383 5077 1107
f 4865 1131 1133
f 1107 5077 1105
f 5077 5078 1105
f 4865 1133 1135
f 1105 5078 1103
f 5078 5079 1103
f 4865 1135 1137
f 1103 5079 1101
f 5079 5080 1101
f 4865 1137 1139
f 1101 5080 1099
f 5080 5081 1099
f 4865 1139 1141
f 1099 5081 1097
f 5081 5082 1097
f 4865 1141 1143
f 1097 5082 1095
f 5082 5083 1095
f 1095 5083 1093
f 5083 5084 1093
f 1093 5084 1091
f 5084 5085 1091
f 1091 5085 1089
f 5085 5086 1089
f 1089 5086 1087
f 5086 5087 1087
f 1087 5087 1085
f 5087 5088 1085
f 1085 5088 1083
f 5088 5089 1083
f 1083 5089 1081
f 5089 5090 1081
f 1081 5090 1079
f 5090 5091 1079
f 1079 5091 1077
f 5091 5092 1077
f 1077 5092 1076
f 5092 5093 1076
f 1076 5093 1074
f 5093 5094 1074
f 1074 5094 1071
f 5094 5095 1071
f 5096 5097 95
f 5098 5096 97
f 5096 95 97
f 5097 5099 93
f 95 5097 93
f 5100 5098 99
f 5098 97 99
f 93 5099 91
f 5099 5101 91
f 5102 5100 101
f 5100 99 101
f 91 5101 90
f 5101 5103 90
f 5104 5102 103
f 5102 101 103
f 90 5103 87
f 5103 5105 87
f 5106 5104 106
f 5104 103 106
f 87 5105 85
f 5105 5107 85
f 5095 5108 1069
f 1071 5095 1069
f 5109 5106 107
f 5106 106 107
f 85 5107 83
f 5107 5110 83
f 5111 5109 109
f 5109 107 109
f 83 5110 81
f 5110 5112 81
f 5113 5111 111
f 5111 109 111
f 81 5112 79
f 5112 5114 79
f 1069 5108 1067
f 5108 5115 1067
f 4940 5113 113
f 5113 111 113
f 79 5114 77
f 5114 5116 77
f 4940 113 115
f 395 397 115
f 4846 4940 115
f 397 4846 115
f 77 5116 75
f 5116 5117 75
f 1067 5115 1065
f 395 115 117
f 393 395 117
f 75 5117 73
f 5117 5118 73
f 393 117 119
f 73 5118 71
f 5118 5119 71
f 391 393 121
f 393 119 121
f 71 5119 69
f 5119 5120 69
f 69 5120 67
f 5120 5121 67
f 67 5121 65
f 5121 5122 65
f 65 5122 63
f 5122 5123 63
f 63 5123 61
f 5123 5124 61
f 61 5124 59
f 5124 5125 59
f 59 5125 57
f 5125 5126 57
f 57 5126 55
f 5126 5127 55
f 55 5127 53
f 5127 5128 53
f 53 5128 52
f 5128 5129 52
f 52 5129 50
f 5129 5130 50
f 50 5130 47
f 5130 5131 47
f 47 5131 45
f 5131 5132 45
f 5056 5055 43
f 5055 5133 43
f 5132 5056 43
f 45 5132 43
f 43 5133 41
f 5133 5134 41
f 5134 5135 39
f 41 5134 39
f 4865 991 993
f 991 4865 989
f 4865 993 995
f 5135 5136 37
f 39 5135 37
f 989 4865 987
f 4613 4865 997
f 4865 995 997
f 987 4865 986
f 4613 997 999
f 986 4865 983
f 4613 999 1002
f 983 4865 981
f 4613 1002 1003
f 981 4865 979
f 5136 5137 36
f 37 5136 36
f 4613 1003 1005
f 979 4865 977
f 4865 1143 977
f 4613 1005 1007
f 1143 1145 975
f 977 1143 975
f 4613 1007 1009
f 5137 5138 34
f 36 5137 34
f 975 1145 973
f 1145 1147 973
f 4613 1009 1011
f 973 1147 971
f 1147 1149 971
f 4613 1011 1013
f 971 1149 969
f 1149 1151 969
f 5138 5139 31
f 34 5138 31
f 4613 1013 1015
f 1151 5140 967
f 969 1151 967
f 4613 1015 1017
f 31 5139 29
f 5139 5141 29
f 967 5140 965
f 5140 5142 965
f 4613 1017 1019
f 965 5142 963
f 5142 5143 963
f 5141 5144 28
f 29 5141 28
f 4613 1019 1021
f 5143 5145 961
f 963 5143 961
f 4613 1021 1023
f 5144 5146 26
f 28 5144 26
f 5145 5147 959
f 961 5145 959
f 4613 1023 5148
f 5147 5149 957
f 959 5147 957
f 5146 5150 23
f 26 5146 23
f 4613 5148 5151
f 957 5149 955
f 5149 5152 955
f 5150 5153 22
f 23 5150 22
f 4613 5151 5154
f 955 5152 953
f 5152 5155 953
f 5153 5156 20
f 22 5153 20
f 4613 5154 5157
f 5155 5158 951
f 953 5155 951
f 4613 5157 5159
f 5156 5160 18
f 20 5156 18
f 5158 5161 949
f 951 5158 949
f 4613 5159 5162
f 5160 5163 16
f 18 5160 16
f 5161 5164 948
f 949 5161 948
f 4613 5162 5165
f 5163 5166 13
f 16 5163 13
f 5164 5167 946
f 948 5164 946
f 4613 5165 5168
f 5166 5169 11
f 13 5166 11
f 5167 5170 943
f 946 5167 943
f 5169 5171 9
f 11 5169 9
f 4613 5168 5172
f 5170 5173 941
f 943 5170 941
f 5171 5174 7
f 9 5171 7
f 4613 5172 5175
f 5173 5176 939
f 941 5173 939
f 5174 5177 5
f 7 5174 5
f 4613 5175 5178
f 5177 5179 2
f 5 5177 2
f 5176 5180 937
f 939 5176 937
f 4613 5178 5181
f 5179 5182 4
f 2 5179 4
f 5180 5183 935
f 937 5180 935
f 5182 5185 5184
f 4 5182 5184
f 4613 5181 5186
f 5183 5187 933
f 935 5183 933
f 5184 5185 5188
f 5185 5189 5188
f 4613 5186 5190
f 5188 5189 5191
f 5189 5192 5191
f 5187 5193 932
f 933 5187 932
f 5191 5192 5194
f 5192 5195 5194
f 4613 5190 5196
f 5194 5195 5197
f 5195 5198 5197
f 932 5193 930
f 5193 5199 930
f 5197 5198 5200
f 5198 5201 5200
f 4613 5196 5202
f 5200 5201 5203
f 5199 5204 927
f 930 5199 927
f 4613 5202 5205
f 5204 5206 925
f 927 5204 925
f 4613 5205 5207
f 5206 5208 924
f 925 5206 924
f 4613 5207 5209
f 924 5208 922
f 5208 5210 922
f 4613 5209 5211
f 5210 5212 919
f 922 5210 919
f 4613 5211 5213
f 5212 5214 918
f 919 5212 918
f 4613 5213 5215
f 5214 5216 916
f 918 5214 916
f 4613 5215 5217
f 5216 5218 914
f 916 5216 914
f 4613 5217 5219
f 5218 5220 912
f 914 5218 912
f 4613 5219 5221
f 5220 5222 909
f 912 5220 909
f 4613 5221 5223
f 5222 5224 907
f 909 5222 907
f 4613 5223 5225
f 5224 5226 905
f 907 5224 905
f 4613 5225 5227
f 5226 5228 903
f 905 5226 903
f 4613 5227 5229
f 5228 5230 901
f 903 5228 901
f 4613 5229 4622
f 5230 5231 898
f 901 5230 898
f 5231 5232 900
f 898 5231 900
f 900 5232 5233
f 123 607 609
f 391 121 609
f 121 123 609
f 607 123 605
f 123 125 605
f 391 609 611
f 389 391 611
f 125 127 603
f 605 125 603
f 386 389 613
f 389 611 613
f 127 5234 601
f 603 127 601
f 388 386 615
f 386 613 615
f 601 5234 600
f 5234 5235 600
f 5236 388 617
f 388 615 617
f 5235 5237 598
f 600 5235 598
f 5238 5236 619
f 5236 617 619
f 5237 5239 595
f 598 5237 595
f 5240 5238 621
f 5238 619 621
f 595 5239 593
f 5239 5241 593
f 5240 621 623
f 593 5241 592
f 5241 5242 592
f 5243 5240 625
f 5240 623 625
f 5242 5244 589
f 592 5242 589
f 4893 5243 627
f 799 801 627
f 801 4893 627
f 5243 625 627
f 5244 5245 587
f 589 5244 587
f 797 799 629
f 799 627 629
f 5245 5246 586
f 587 5245 586
f 795 797 631
f 797 629 631
f 5246 5247 583
f 586 5246 583
f 795 631 633
f 793 795 633
f 5247 5248 581
f 583 5247 581
f 791 793 635
f 793 633 635
f 5248 5249 579
f 581 5248 579
f 791 635 637
f 789 791 637
f 579 5249 577
f 5249 5250 577
f 787 789 639
f 789 637 639
f 577 5250 575
f 5250 5251 575
f 787 639 5252
f 786 787 5252
f 5251 5253 573
f 575 5251 573
f 784 786 5254
f 786 5252 5254
f 5253 5255 571
f 573 5253 571
f 781 784 5256
f 784 5254 5256
f 5255 5257 569
f 571 5255 569
f 779 781 5258
f 781 5256 5258
f 569 5257 568
f 777 779 5259
f 779 5258 5259
f 5257 5260 566
f 568 5257 566
f 777 5259 5261
f 775 777 5261
f 5260 5262 563
f 566 5260 563
f 775 5261 5263
f 773 775 5263
f 563 5262 561
f 5262 5264 561
f 773 5263 5265
f 770 773 5265
f 561 5264 559
f 5264 5266 559
f 770 5265 5267
f 772 770 5267
f 5266 5268 557
f 559 5266 557
f 5268 5269 555
f 557 5268 555
f 5269 5270 553
f 555 5269 553
f 5270 5271 551
f 553 5270 551
f 5271 5272 549
f 551 5271 549
f 5272 5273 547
f 549 5272 547
f 5273 5274 545
f 547 5273 545
f 545 5274 543
f 5274 5275 543
f 543 5275 541
f 5275 5276 541
f 1979 1981 4645
f 1977 1979 4645
f 1975 1977 4645
f 1973 1975 4645
f 1972 1973 4645
f 1970 1972 4645
f 5277 1924 4645
f 1967 1970 4645
f 5278 5277 4645
f 1965 1967 4645
f 5279 5278 4645
f 1963 1965 4645
f 5280 5279 4645
f 1961 1963 4645
f 5281 5280 4645
f 1959 1961 4645
f 5282 5281 4645
f 1957 1959 4645
f 5283 5282 4645
f 1956 1957 4645
f 5284 5283 4645
f 1954 1956 4645
f 5285 5284 4645
f 1951 1954 4645
f 5286 5285 4645
f 1949 1951 4645
f 5287 5286 4645
f 1948 1949 4645
f 5288 5287 4645
f 1946 1948 4645
f 5289 5288 4645
f 1943 1946 4645
f 1942 1943 4645
f 1940 1942 4645
f 1938 1940 4645
f 1936 1938 4645
f 1933 1936 4645
f 1931 1933 4645
f 1929 1931 4645
f 1927 1929 4645
f 1925 1927 4645
f 1922 1925 4645
f 1924 1922 4645
f 1983 1985 4645
f 1981 1983 4645
f 541 5276 539
f 5276 5290 537
f 539 5276 537
f 5290 5291 535
f 537 5290 535
f 5291 5292 533
f 535 5291 533
f 5292 5293 531
f 533 5292 531
f 5293 5294 530
f 531 5293 530
f 5294 5295 528
f 530 5294 528
f 5295 5296 525
f 528 5295 525
f 5296 5297 523
f 525 5296 523
f 5297 5298 521
f 523 5297 521
f 1058 1060 1247
f 1058 1247 1249
f 1055 1058 1249
f 1053 1055 1249
f 1247 1060 1245
f 1060 1061 1245
f 521 5298 519
f 5298 5299 519
f 1053 1249 1251
f 1245 1061 1243
f 1061 1063 1243
f 1053 1251 1253
f 1052 1053 1253
f 1243 1063 1241
f 1052 1253 1255
f 1050 1052 1255
f 1241 1063 1240
f 1065 5115 1240
f 1063 1065 1240
f 1050 1255 1257
f 1047 1050 1257
f 1046 1047 1257
f 519 5299 517
f 5299 5300 517
f 1240 5115 1238
f 5115 5301 1238
f 1046 1257 1259
f 1238 5301 1235
f 5301 5302 1235
f 517 5300 514
f 5300 5303 514
f 1046 1259 1261
f 1044 1046 1261
f 1235 5302 1233
f 5302 5304 1233
f 1044 1261 1263
f 1042 1044 1263
f 1040 1042 1263
f 514 5303 516
f 5303 5305 516
f 1233 5304 1232
f 5304 5306 1232
f 1040 1263 1265
f 516 5305 5307
f 5305 5308 5307
f 1232 5306 1229
f 5306 5309 1229
f 1040 1265 1267
f 1037 1040 1267
f 5307 5308 5310
f 5308 5311 5310
f 5309 5312 1227
f 1229 5309 1227
f 1037 1267 1269
f 1035 1037 1269
f 5310 5311 5313
f 5311 5314 5313
f 5312 5315 1226
f 1227 5312 1226
f 1035 1269 1271
f 1033 1035 1271
f 5313 5314 5317
f 5314 5318 5317
f 5315 5319 1223
f 1226 5315 1223
f 5318 5321 5320
f 5317 5318 5320
f 1029 1031 1273
f 1033 1271 1273
f 1031 1033 1273
f 5320 5321 5322
f 5319 5323 1221
f 1223 5319 1221
f 1029 1273 1275
f 1221 5323 1219
f 5323 5324 1219
f 1026 1029 1277
f 1028 1026 1277
f 1029 1275 1277
f 1219 5324 1217
f 5324 5325 1217
f 1028 1277 1279
f 5325 5326 1215
f 1217 5325 1215
f 1028 1279 5327
f 5328 1028 5327
f 5329 5328 5327
f 1215 5326 1213
f 5326 5330 1213
f 5329 5327 5331
f 5330 5332 1211
f 1213 5330 1211
f 5329 5331 5333
f 5334 5329 5333
f 5332 5335 1209
f 1211 5332 1209
f 5334 5333 5336
f 5337 5334 5336
f 1209 5335 1208
f 5335 5338 1208
f 5337 5336 5339
f 5340 5337 5339
f 5338 5341 1206
f 1208 5338 1206
f 5340 5339 5342
f 5343 5340 5342
f 5344 5343 5342
f 5341 5345 1203
f 1206 5341 1203
f 5344 5342 5346
f 5345 5347 1201
f 1203 5345 1201
f 5344 5346 5348
f 5349 5344 5348
f 5350 5349 5348
f 5347 5351 1199
f 1201 5347 1199
f 5350 5348 5352
f 5353 5350 5352
f 1199 5351 1197
f 5351 5354 1197
f 5353 5352 5355
f 1197 5354 1195
f 5354 5356 1195
f 5357 5353 5358
f 5359 5357 5358
f 5353 5355 5358
f 5356 5360 1193
f 1195 5356 1193
f 5359 5358 5361
f 1193 5360 1191
f 5360 5362 1191
f 5359 5361 5363
f 5364 5359 5363
f 5362 5365 1189
f 1191 5362 1189
f 5364 5363 5366
f 5367 5364 5366
f 5368 5367 5366
f 5365 5369 1187
f 1189 5365 1187
f 5368 5366 5370
f 1187 5369 1185
f 5369 5371 1185
f 5368 5370 5372
f 5373 5368 5372
f 5371 5374 1183
f 1185 5371 1183
f 5373 5372 5375
f 5376 5373 5375
f 5377 5376 5375
f 5374 5378 1181
f 1183 5374 1181
f 5377 5375 5379
f 5378 5380 1179
f 1181 5378 1179
f 5377 5379 5381
f 5382 5377 5381
f 5383 5382 5381
f 1179 5380 1177
f 5380 5384 1177
f 5383 5381 5385
f 1177 5384 1175
f 5384 5386 1175
f 5383 5385 5387
f 5388 5383 5387
f 1175 5386 1173
f 5386 5389 1173
f 5388 5387 5390
f 5391 5388 5390
f 5389 5392 1171
f 1173 5389 1171
f 5393 5391 5394
f 5391 5390 5394
f 1171 5392 1170
f 5392 5395 1170
f 5396 5393 5397
f 5393 5394 5397
f 1170 5395 1168
f 5395 5398 1168
f 5399 5396 5400
f 5401 5399 5400
f 5396 5397 5400
f 5401 5400 5402
f 5232 5401 5403
f 5401 5402 5403
f 5233 5232 5403
f 5404 5289 4611
f 5405 5404 4611
f 5406 5405 4611
f 5407 5406 4611
f 5408 5407 4611
f 5409 5408 4611
f 5410 5409 4611
f 4645 5316 4611
f 5411 5410 4611
f 5412 5411 4611
f 5076 5412 4611
f 5075 5076 4611
f 5289 4645 4611
f 5203 5201 4611
f 4610 5203 4611
f 5413 5075 4611
f 5414 5413 4611
f 5415 5414 4611
f 5416 5415 4611
f 5417 5416 4611
f 5418 5417 4611
f 5419 5418 4611
f 5420 5419 4611
f 5421 5420 4611
f 5422 5421 4611
f 5201 5422 4611
f 5423 5424 737
f 5425 5423 737
f 5424 735 737
f 5424 5426 733
f 735 5424 733
f 5425 737 739
f 5426 5427 731
f 733 5426 731
f 5428 5425 741
f 5425 739 741
f 731 5427 729
f 5427 5429 729
f 5430 5428 743
f 5428 741 743
f 729 5429 728
f 5429 5431 728
f 5432 5430 745
f 5430 743 745
f 728 5431 726
f 5431 5433 726
f 5432 745 747
f 5434 5432 747
f 726 5433 723
f 5433 5435 723
f 5434 747 749
f 5436 772 749
f 772 5267 749
f 5267 5434 749
f 723 5435 721
f 5437 5438 721
f 5435 5437 721
f 5439 5436 751
f 5436 749 751
f 721 5438 720
f 5440 5439 753
f 5439 751 753
f 5441 5442 717
f 5438 5441 717
f 720 5438 717
f 5443 5440 755
f 5440 753 755
f 717 5442 715
f 5443 755 757
f 5444 5443 757
f 5442 5445 714
f 715 5442 714
f 5446 5444 759
f 5444 757 759
f 5445 5447 711
f 714 5445 711
f 5446 759 761
f 5448 5446 761
f 5447 5449 709
f 711 5447 709
f 5448 761 763
f 5450 5448 763
f 5449 5451 707
f 709 5449 707
f 5450 763 765
f 5452 5450 765
f 5451 5453 705
f 707 5451 705
f 5452 765 767
f 5454 5452 767
f 5455 5456 703
f 5453 5455 703
f 705 5453 703
f 5454 767 5457
f 5458 5454 5457
f 5456 5459 701
f 703 5456 701
f 5458 5457 5460
f 5461 5458 5460
f 701 5459 699
f 5461 5460 5462
f 5463 5461 5462
f 5459 5464 697
f 699 5459 697
f 5465 5463 5466
f 5463 5462 5466
f 5464 5467 696
f 697 5464 696
f 5468 5465 5469
f 5465 5466 5469
f 5467 5470 694
f 696 5467 694
f 5033 5468 5471
f 265 267 5471
f 5468 5469 5471
f 267 5033 5471
f 5470 5472 691
f 694 5470 691
f 263 265 5473
f 265 5471 5473
f 5474 5475 689
f 5472 5474 689
f 691 5472 689
f 263 5473 5476
f 689 5475 687
f 5475 5477 687
f 263 5476 5478
f 261 263 5478
f 687 5477 685
f 5477 5479 685
f 258 261 5480
f 261 5478 5480
f 685 5479 683
f 5479 5481 683
f 258 5480 5482
f 260 258 5482
f 683 5481 681
f 5483 260 5484
f 260 5482 5484
f 681 5481 679
f 5481 5485 679
f 5486 5483 5487
f 5483 5484 5487
f 679 5485 677
f 5485 5488 677
f 5489 5486 5490
f 5486 5487 5490
f 677 5488 675
f 5491 5492 675
f 5488 5491 675
f 5489 5490 5493
f 675 5492 673
f 673 5492 671
f 5494 5495 671
f 5492 5494 671
f 671 5495 669
f 669 5495 667
f 5495 5496 667
f 667 5496 665
f 5497 5498 665
f 5496 5497 665
f 665 5498 663
f 663 5498 661
f 5498 5499 661
f 661 5499 659
f 5500 5501 659
f 5499 5500 659
f 659 5501 658
f 658 5501 656
f 5501 5502 656
f 656 5502 653
f 5502 5322 653
f 5503 5504 223
f 5503 223 225
f 5505 5503 225
f 223 5504 221
f 5506 5507 221
f 5504 5506 221
f 5505 225 227
f 5508 5505 227
f 221 5507 219
f 5507 5509 219
f 5508 227 229
f 5510 5508 229
f 219 5509 217
f 5509 5511 217
f 5510 229 231
f 5512 5510 231
f 5511 5513 216
f 217 5511 216
f 5512 231 233
f 5514 5512 233
f 216 5513 214
f 5513 5515 214
f 5514 233 235
f 5516 5514 235
f 214 5515 211
f 5515 5517 211
f 5516 235 237
f 5518 5516 237
f 211 5517 209
f 5517 5519 209
f 5518 237 239
f 5520 5518 239
f 209 5519 208
f 5519 5521 208
f 5520 239 241
f 5522 5520 241
f 208 5521 205
f 5521 5523 205
f 5522 241 243
f 5524 5522 243
f 205 5523 203
f 5523 5525 203
f 5524 243 245
f 5526 5524 245
f 5525 5527 202
f 203 5525 202
f 5526 245 247
f 5528 5526 247
f 202 5527 199
f 5527 5529 199
f 5528 247 249
f 5530 5528 249
f 199 5529 197
f 5529 5531 197
f 5530 249 251
f 5532 5530 251
f 197 5531 195
f 5533 5534 195
f 5531 5533 195
f 5532 251 253
f 5535 5532 253
f 195 5534 193
f 5534 5536 193
f 5535 253 255
f 5537 5535 255
f 193 5536 191
f 5536 5538 191
f 5537 255 5539
f 5540 5537 5539
f 5538 5541 189
f 191 5538 189
f 5540 5539 5542
f 5543 5540 5542
f 5493 5543 5542
f 5541 5544 187
f 189 5541 187
f 5493 5542 5545
f 5489 5493 5545
f 187 5544 185
f 5544 5546 185
f 5547 5489 5548
f 5489 5545 5548
f 185 5546 184
f 5546 5549 184
f 5547 5548 5550
f 5551 5547 5550
f 5398 5551 5550
f 184 5549 182
f 5549 5552 182
f 1168 5398 5553
f 5398 5550 5553
f 182 5552 179
f 5552 5554 179
f 179 5554 177
f 5554 5555 177
f 177 5555 175
f 5555 5556 175
f 175 5556 173
f 5556 5557 173
f 173 5557 171
f 5557 644 171
f 644 642 169
f 171 644 169
f 169 642 167
f 642 645 167
f 167 645 165
f 645 647 165
f 165 647 163
f 647 649 163
f 163 649 161
f 649 651 161
f 5322 5321 159
f 653 5322 159
f 161 651 159
f 651 653 159
f 5321 5558 159
f 159 5558 157
f 157 5558 155
f 5559 5560 155
f 5558 5559 155
f 155 5560 153
f 153 5560 151
f 5560 5561 151
f 5561 5562 149
f 151 5561 149
f 5563 5564 1375
f 5563 1375 1377
f 5565 5563 1377
f 5564 5566 1373
f 1375 5564 1373
f 5565 1377 1379
f 5567 5565 1379
f 5568 4610 147
f 5562 5568 147
f 149 5562 147
f 1373 5566 1371
f 5566 5569 1371
f 5570 5567 1381
f 5567 1379 1381
f 5569 5571 1369
f 1371 5569 1369
f 5570 1381 1383
f 5572 5570 1383
f 1369 5571 1368
f 5571 5573 1368
f 5572 1383 1385
f 5574 5572 1385
f 1368 5573 1366
f 5573 5575 1366
f 5574 1385 1387
f 5576 5574 1387
f 1366 5575 1363
f 5575 5577 1363
f 147 4610 146
f 5578 5576 1389
f 5576 1387 1389
f 5577 5579 1361
f 1363 5577 1361
f 5578 1389 1391
f 5580 5578 1391
f 1361 5579 1360
f 5579 5581 1360
f 5582 5580 1393
f 5580 1391 1393
f 1360 5581 1357
f 5581 5583 1357
f 5582 1393 1395
f 5584 5582 1395
f 1357 5583 1355
f 5583 5585 1355
f 5584 1395 1397
f 5586 5584 1397
f 1355 5585 1354
f 5585 5587 1354
f 5588 5586 1399
f 5586 1397 1399
f 1354 5587 1351
f 5587 5589 1351
f 5588 1399 1401
f 5590 5588 1401
f 1351 5589 1349
f 5589 5591 1349
f 5590 1401 1403
f 5592 5590 1403
f 5591 5593 1347
f 1349 5591 1347
f 5592 1403 1405
f 5594 5592 1405
f 1347 5593 1345
f 5593 5595 1345
f 5594 1405 1407
f 5403 5594 1407
f 5595 5596 1343
f 1345 5595 1343
f 5403 1407 5597
f 5233 5403 5597
f 1343 5596 1341
f 5596 5598 1341
f 5599 5233 5600
f 5233 5597 5600
f 5598 5601 1339
f 1341 5598 1339
f 5602 5599 5603
f 5604 5602 5603
f 5599 5600 5603
f 5601 1156 1337
f 1339 5601 1337
f 5604 5603 5605
f 1337 1156 1336
f 1156 1154 1336
f 5606 5604 5607
f 5608 5606 5607
f 5604 5605 5607
f 1336 1154 1334
f 1154 1157 1334
f 5608 5607 5609
f 1157 1159 1331
f 1334 1157 1331
f 5610 5608 5611
f 5608 5609 5611
f 5612 5610 5613
f 5610 5611 5613
f 5614 5612 5615
f 5612 5613 5615
f 5616 5614 5617
f 5614 5615 5617
f 5616 5617 5618
f 5619 5616 5618
f 5620 5619 5621
f 5619 5618 5621
f 5622 5620 5623
f 5620 5621 5623
f 5624 5622 5625
f 5622 5623 5625
f 5624 5625 5626
f 5627 5624 5626
f 5627 5626 5628
f 5629 5627 5628
f 5630 5629 5628
f 5630 5628 5631
f 5632 5630 5633
f 5630 5631 5633
f 5634 5632 5635
f 5632 5633 5635
f 5636 5634 5637
f 5634 5635 5637
f 5638 5636 5639
f 5640 5638 5639
f 5636 5637 5639
f 5640 5639 5641
f 5642 5640 5643
f 5640 5641 5643
f 5642 5643 5644
f 5645 5642 5644
f 5646 5645 5647
f 5645 5644 5647
f 5646 5647 4619
f 4633 5646 4619
f 5648 5649 1631
f 5648 1631 1633
f 5650 5648 1633
f 1631 5649 1629
f 5649 5651 1629
f 5652 5650 1635
f 5650 1633 1635
f 1629 5651 1627
f 5651 5653 1627
f 5654 5652 1637
f 5652 1635 1637
f 1627 5653 1626
f 5653 5655 1626
f 5656 5654 1639
f 5654 1637 1639
f 1626 5655 1623
f 5655 5657 1623
f 5658 5656 1642
f 5656 1639 1642
f 1623 5657 1621
f 5657 5659 1621
f 5660 5658 1643
f 5658 1642 1643
f 1621 5659 1619
f 5659 5661 1619
f 5662 5660 1645
f 5660 1643 1645
f 1619 5661 1617
f 5661 5663 1617
f 5664 5662 1647
f 5662 1645 1647
f 1617 5663 1615
f 5663 5665 1615
f 5553 5664 1649
f 5664 1647 1649
f 1168 5553 1649
f 1615 5665 1613
f 5665 5666 1613
f 1168 1649 1651
f 1165 1168 1651
f 1163 1165 1651
f 1613 5666 1611
f 5666 5667 1611
f 1163 1651 1653
f 1611 5667 1609
f 5667 5668 1609
f 1161 1163 1655
f 1163 1653 1655
f 5668 5669 1607
f 1609 5668 1607
f 1159 1161 1657
f 1161 1655 1657
f 5669 5670 1605
f 1607 5669 1605
f 5670 5671 1603
f 1605 5670 1603
f 5671 5672 1601
f 1603 5671 1601
f 1601 5672 1599
f 5672 5673 1599
f 1599 5673 1597
f 5673 5674 1597
f 1597 5674 1595
f 5674 5675 1595
f 1595 5675 1593
f 5675 5676 1593
f 1593 5676 1591
f 5676 5677 1591
f 1591 5677 1589
f 5677 5678 1589
f 1589 5678 1588
f 5678 5679 1588
f 1588 5679 1586
f 5679 5680 1586
f 1586 5680 1583
f 5680 5681 1583
f 1583 5681 1581
f 5681 5682 1581
f 1581 5682 1579
f 5682 5683 1579
f 1579 5683 1577
f 1311 1313 1505
f 1313 1503 1505
f 1313 1315 1501
f 1503 1313 1501
f 1309 1311 1507
f 1311 1505 1507
f 1315 1317 1499
f 1501 1315 1499
f 1307 1309 1509
f 1309 1507 1509
f 1317 1319 1498
f 1499 1317 1498
f 1307 1509 1511
f 1305 1307 1511
f 1303 1305 1511
f 1498 1319 1495
f 1321 1323 1495
f 1319 1321 1495
f 1303 1511 1514
f 1495 1323 1493
f 1303 1514 1515
f 1301 1303 1515
f 1493 1323 1491
f 1323 1325 1491
f 1301 1515 1517
f 1299 1301 1517
f 1491 1325 1489
f 1327 1329 1489
f 1325 1327 1489
f 1298 1299 1519
f 1299 1517 1519
f 1489 1329 1487
f 1298 1519 1521
f 1296 1298 1521
f 1331 1159 1485
f 1329 1331 1485
f 1159 1657 1485
f 1657 1659 1485
f 1487 1329 1485
f 1296 1521 1523
f 1293 1296 1523
f 1291 1293 1523
f 1485 1659 1483
f 1659 1661 1483
f 1291 1523 1525
f 1483 1661 1481
f 1661 1663 1481
f 1289 1291 1527
f 1291 1525 1527
f 1663 5684 1479
f 1481 1663 1479
f 1289 1527 1529
f 1287 1289 1529
f 5684 5685 1477
f 1479 5684 1477
f 1285 1287 1531
f 1287 1529 1531
f 1477 5685 1475
f 5685 5686 1475
f 1285 1531 1533
f 1282 1285 1533
f 1284 1282 1533
f 1475 5686 1473
f 5686 5687 1473
f 1284 1533 1535
f 1473 5687 1471
f 5687 5688 1471
f 5689 1284 5690
f 5691 5689 5690
f 1284 1535 5690
f 1471 5688 1469
f 5688 5692 1469
f 5691 5690 5693
f 5692 5694 1467
f 1469 5692 1467
f 5695 5691 5696
f 5691 5693 5696
f 5694 5697 1465
f 1467 5694 1465
f 5695 5696 5698
f 5699 5695 5698
f 5697 5700 1463
f 1465 5697 1463
f 5699 5698 5701
f 5702 5699 5701
f 5700 5703 1461
f 1463 5700 1461
f 5704 5702 5705
f 5702 5701 5705
f 5706 5704 5705
f 5703 5707 1460
f 1461 5703 1460
f 5706 5705 5708
f 5707 5709 1458
f 1460 5707 1458
f 5710 5706 5711
f 5706 5708 5711
f 5709 5712 1455
f 1458 5709 1455
f 5713 5710 5714
f 5710 5711 5714
f 5712 5715 1453
f 1455 5712 1453
f 5716 5713 5717
f 5718 5716 5717
f 5713 5714 5717
f 5715 5719 1451
f 1453 5715 1451
f 5718 5717 5720
f 5719 5721 1449
f 1451 5719 1449
f 5722 5718 5723
f 5718 5720 5723
f 5721 5724 1447
f 1449 5721 1447
f 5725 5722 5726
f 5727 5725 5726
f 5722 5723 5726
f 5724 5728 1445
f 1447 5724 1445
f 5729 5727 5730
f 5727 5726 5730
f 5728 5731 1444
f 1445 5728 1444
f 5729 5730 5732
f 1444 5731 1442
f 5731 5733 1442
f 5734 5729 5735
f 5729 5732 5735
f 5733 5736 1439
f 1442 5733 1439
f 5734 5735 5737
f 5738 5734 5737
f 1439 5736 1437
f 5736 5739 1437
f 5738 5737 5740
f 5741 5738 5740
f 1437 5739 1436
f 5739 5742 1436
f 5743 5741 5744
f 5741 5740 5744
f 1436 5742 1434
f 5742 5745 1434
f 5743 5744 5746
f 5747 5743 5746
f 5745 5748 1431
f 1434 5745 1431
f 5747 5746 5749
f 5750 5747 5749
f 5751 5750 5749
f 5748 5752 1430
f 1431 5748 1430
f 5751 5749 5753
f 5752 5754 1428
f 1430 5752 1428
f 5751 5753 5755
f 5756 5751 5755
f 5757 5756 5755
f 5754 5758 1426
f 1428 5754 1426
f 5757 5755 5759
f 5758 5760 1424
f 1426 5758 1424
f 5757 5759 5761
f 5762 5757 5761
f 5760 5763 1421
f 1424 5760 1421
f 5762 5761 5764
f 5765 5762 5764
f 5763 5766 1419
f 1421 5763 1419
f 5767 5765 5768
f 5769 5767 5768
f 5765 5764 5768
f 5766 5770 1417
f 1419 5766 1417
f 5769 5768 5771
f 5770 5772 1415
f 1417 5770 1415
f 4625 5769 4628
f 5769 5771 4628
f 5772 5773 1413
f 1415 5772 1413
f 5773 5774 1410
f 1413 5773 1410
f 5774 4415 1412
f 1410 5774 1412
f 1412 4415 4515
f 1567 1570 1761
f 1570 1759 1761
f 1570 1572 1757
f 1759 1570 1757
f 1565 1567 1763
f 1567 1761 1763
f 1757 1572 1755
f 1573 1575 1755
f 1572 1573 1755
f 1565 1763 1765
f 1564 1565 1765
f 1755 1575 1753
f 1564 1765 1767
f 1562 1564 1767
f 1753 1575 1752
f 1577 5683 1752
f 1575 1577 1752
f 1562 1767 1769
f 1559 1562 1769
f 1558 1559 1769
f 5683 5775 1750
f 1752 5683 1750
f 1558 1769 1771
f 1750 5775 1747
f 5775 5776 1747
f 1558 1771 1773
f 1556 1558 1773
f 1747 5776 1745
f 5776 5777 1745
f 1556 1773 1775
f 1554 1556 1775
f 1745 5777 1744
f 5777 5778 1744
f 1554 1775 1777
f 1552 1554 1777
f 1549 1552 1777
f 1744 5778 1741
f 5778 5779 1741
f 1549 1777 1779
f 1547 1549 1779
f 1741 5779 1739
f 5779 5780 1739
f 1547 1779 1781
f 1739 5780 1738
f 5780 5781 1738
f 1547 1781 1783
f 1545 1547 1783
f 5781 5782 1735
f 1738 5781 1735
f 1543 1545 1785
f 1545 1783 1785
f 1735 5782 1733
f 5782 5783 1733
f 1541 1543 1787
f 1538 1541 1787
f 1543 1785 1787
f 1733 5783 1731
f 5783 5784 1731
f 1538 1787 1789
f 5784 5785 1729
f 1731 5784 1729
f 1540 1538 1791
f 5786 1540 1791
f 1538 1789 1791
f 5785 5787 1727
f 1729 5785 1727
f 5786 1791 5788
f 5789 5786 5788
f 5787 5790 1725
f 1727 5787 1725
f 5789 5788 5791
f 5790 5792 1723
f 1725 5790 1723
f 5793 5789 5794
f 5795 5793 5794
f 5789 5791 5794
f 5792 5796 1721
f 1723 5792 1721
f 5795 5794 5797
f 5798 5795 5797
f 5796 5799 1720
f 1721 5796 1720
f 5798 5797 5800
f 5799 5801 1718
f 1720 5799 1718
f 5798 5800 5802
f 5803 5798 5802
f 5801 5804 1715
f 1718 5801 1715
f 5803 5802 5805
f 5806 5803 5805
f 1715 5804 1713
f 5804 5807 1713
f 5806 5805 5808
f 5809 5806 5808
f 5810 5809 5808
f 5807 5811 1711
f 1713 5807 1711
f 5810 5808 5812
f 5813 5810 5812
f 1711 5811 1709
f 5811 132 1709
f 5813 5812 5814
f 132 130 1707
f 1709 132 1707
f 5813 5814 5815
f 5816 5813 5815
f 130 133 1705
f 1707 130 1705
f 5816 5815 4382
f 4380 5816 4382
f 1705 133 1703
f 3175 4613 3143
f 4613 4579 3143
f 2960 4392 3443
f 4392 4865 3443
f 3174 4645 2961
f 4645 4393 2961
f 3140 4609 3142
f 4609 4611 3142
f 2944 2976 4410
f 2943 2944 4410
f 2976 2977 4411
f 4410 2976 4411
f 2977 2978 4412
f 4411 2977 4412
f 2978 2979 4416
f 4412 2978 4416
f 2979 2980 4417
f 4416 2979 4417
f 2980 2981 4419
f 4417 2980 4419
f 2982 2983 4420
f 2981 2982 4420
f 4419 2981 4420
f 4420 2983 4421
f 2984 2985 4422
f 2983 2984 4422
f 4421 2983 4422
f 4422 2985 4423
f 2985 2986 4424
f 4423 2985 4424
f 2987 2988 4425
f 2986 2987 4425
f 4424 2986 4425
f 4425 2988 4426
f 2988 2989 4427
f 4426 2988 4427
f 2989 2990 4428
f 4427 2989 4428
f 2991 2992 4429
f 2990 2991 4429
f 4428 2990 4429
f 4429 2992 4430
f 2992 2993 4431
f 4430 2992 4431
f 4431 2993 4432
f 2993 2994 4432
f 2994 2995 4433
f 4432 2994 4433
f 2995 2996 4434
f 4433 2995 4434
f 2996 2997 4435
f 4434 2996 4435
f 2997 2998 4436
f 4435 2997 4436
f 2998 3072 4510
f 4436 2998 4510
f 3072 3068 4504
f 4510 3072 4504
f 3064 3060 4500
f 3068 3064 4500
f 4504 3068 4500
f 4500 3060 4497
f 4497 3060 4494
f 3060 3057 4494
f 4494 3057 4491
f 3057 3054 4491
f 4491 3054 4487
f 3054 3051 4487
f 4487 3051 4484
f 3051 3047 4484
f 4484 3047 4480
f 3047 3044 4480
f 4480 3044 4477
f 3044 3040 4477
f 4477 3040 4473
f 3040 3037 4473
f 4473 3037 4470
f 3037 3033 4470
f 4470 3033 4466
f 3033 3029 4466
f 4466 3029 4462
f 3029 3026 4462
f 4462 3026 4459
f 3026 3022 4459
f 3022 3018 4456
f 4459 3022 4456
f 3018 3015 4452
f 4456 3018 4452
f 3015 3012 4449
f 4452 3015 4449
f 3012 3008 4445
f 4449 3012 4445
f 4445 3008 4443
f 3008 3005 4443
f 4443 3005 4444
f 3005 3006 4444
f 4444 3006 4447
f 3006 3010 4447
f 4447 3010 4451
f 3010 3013 4451
f 4451 3013 4455
f 3013 3017 4455
f 4455 3017 4458
f 3017 3021 4458
f 4458 3021 4461
f 3021 3024 4461
f 4461 3024 4464
f 3024 3028 4464
f 4464 3028 4468
f 3028 3032 4468
f 4468 3032 4472
f 3032 3035 4472
f 4472 3035 4475
f 3035 3039 4475
f 4475 3039 4479
f 3039 3042 4479
f 4479 3042 4482
f 3042 3046 4482
f 4482 3046 4486
f 3046 3049 4486
f 4486 3049 4489
f 3049 3053 4489
f 4489 3053 4492
f 3053 3056 4492
f 3056 3059 4496
f 4492 3056 4496
f 3059 3062 4499
f 4496 3059 4499
f 3066 3070 4503
f 3062 3066 4503
f 4499 3062 4503
f 4503 3070 4508
f 3070 2817 2820
f 4508 3070 2820
f 2816 3207 4646
f 2815 2816 4646
f 3207 3208 4647
f 4646 3207 4647
f 3208 3209 4648
f 4647 3208 4648
f 3209 3210 4649
f 4648 3209 4649
f 3210 3211 4650
f 4649 3210 4650
f 3211 3214 4654
f 4650 3211 4654
f 3218 3220 4657
f 3214 3218 4657
f 4654 3214 4657
f 4657 3220 4659
f 3220 3223 4662
f 4659 3220 4662
f 3223 3226 4665
f 4662 3223 4665
f 3226 3230 4668
f 4665 3226 4668
f 3230 3232 4672
f 4668 3230 4672
f 3232 3235 4674
f 4672 3232 4674
f 3235 3238 4678
f 4674 3235 4678
f 3238 3241 4680
f 4678 3238 4680
f 3241 3244 4683
f 4680 3241 4683
f 3244 3247 4686
f 4683 3244 4686
f 4686 3247 4689
f 3247 3250 4689
f 3250 3254 4692
f 4689 3250 4692
f 4692 3254 4695
f 3254 3256 4695
f 3256 3259 4698
f 4695 3256 4698
f 3259 3262 4701
f 4698 3259 4701
f 3262 3265 4705
f 4701 3262 4705
f 3265 3268 4708
f 4705 3265 4708
f 3268 3271 4710
f 4708 3268 4710
f 3272 3273 4711
f 3271 3272 4711
f 4710 3271 4711
f 4711 3273 4712
f 4712 3273 4713
f 3273 3274 4713
f 4713 3274 4714
f 3274 3275 4714
f 4714 3275 4715
f 3275 3276 4715
f 4715 3276 4716
f 3276 3277 4716
f 4716 3277 4717
f 3277 3278 4717
f 4717 3278 4718
f 3278 3279 4718
f 4718 3279 4719
f 3279 3280 4719
f 4719 3280 4720
f 3281 3282 4720
f 3280 3281 4720
f 4720 3282 4721
f 4721 3282 4723
f 3282 3284 4723
f 4723 3284 4725
f 3286 3352 4725
f 3284 3286 4725
f 4725 3352 4791
f 3352 3343 4782
f 4791 3352 4782
f 3343 3331 4770
f 4782 3343 4770
f 3329 3326 4768
f 3331 3329 4768
f 4770 3331 4768
f 4768 3326 4765
f 4765 3326 4763
f 3326 3324 4763
f 4763 3324 4761
f 3324 3322 4761
f 4761 3322 4760
f 3322 3321 4760
f 4760 3321 4757
f 3321 3319 4757
f 4757 3319 4755
f 3319 3316 4755
f 4755 3316 4753
f 3316 3315 4753
f 4753 3315 4751
f 3315 3313 4751
f 4751 3313 4749
f 3313 3310 4749
f 4749 3310 4748
f 3310 3309 4748
f 4748 3309 4746
f 3309 3307 4746
f 4746 3307 4743
f 3307 3304 4743
f 4743 3304 4741
f 3304 3303 4741
f 4741 3303 4739
f 3303 3301 4739
f 4739 3301 4738
f 3301 3299 4738
f 4738 3299 4735
f 3299 3297 4735
f 3297 3294 4734
f 4735 3297 4734
f 3294 3293 4731
f 4734 3294 4731
f 3293 3291 4729
f 4731 3293 4729
f 3291 3288 4727
f 4729 3291 4727
f 3288 2689 2692
f 4727 3288 2692
f 2688 3063 4501
f 2687 2688 4501
f 3063 3067 4505
f 4501 3063 4505
f 3067 3071 4509
f 4505 3067 4509
f 3071 3075 4511
f 4509 3071 4511
f 3075 3076 4513
f 4511 3075 4513
f 3076 3078 4517
f 4513 3076 4517
f 3082 3084 4518
f 3078 3082 4518
f 4517 3078 4518
f 4518 3084 4521
f 3085 3088 4522
f 3084 3085 4522
f 4521 3084 4522
f 4522 3088 4524
f 3088 3091 4527
f 4524 3088 4527
f 3092 3095 4531
f 3091 3092 4531
f 4527 3091 4531
f 4531 3095 4532
f 3095 3096 4533
f 4532 3095 4533
f 3096 3097 4535
f 4533 3096 4535
f 3384 3381 4822
f 3097 3384 4822
f 4535 3097 4822
f 4822 3381 4819
f 3381 3378 4817
f 4819 3381 4817
f 4817 3378 4814
f 3378 3375 4814
f 3375 3372 4811
f 4814 3375 4811
f 3372 3369 4808
f 4811 3372 4808
f 3369 3367 4806
f 4808 3369 4806
f 3367 3365 4804
f 4806 3367 4804
f 3365 3363 4802
f 4804 3365 4802
f 3363 3361 4800
f 4802 3363 4800
f 3359 3356 4798
f 3361 3359 4798
f 4800 3361 4798
f 4798 3356 4795
f 4795 3356 4793
f 3356 3354 4793
f 4793 3354 4789
f 3354 3350 4789
f 4789 3350 4787
f 3350 3348 4787
f 4787 3348 4785
f 3348 3346 4785
f 4785 3346 4783
f 3346 3344 4783
f 4783 3344 4779
f 3344 3340 4779
f 4779 3340 4777
f 3340 3338 4777
f 4777 3338 4775
f 3338 3336 4775
f 4775 3336 4773
f 3336 3334 4773
f 4773 3334 4771
f 3334 3332 4771
f 4771 3332 4772
f 3332 3333 4772
f 3333 3335 4774
f 4772 3333 4774
f 3335 3337 4776
f 4774 3335 4776
f 3337 3339 4778
f 4776 3337 4778
f 3339 3341 4780
f 4778 3339 4780
f 4780 3341 4706
f 3341 3270 4706
f 4706 3270 4704
f 3270 3267 4704
f 4704 3267 4703
f 3267 3264 4703
f 4703 3264 4700
f 3264 3261 4700
f 4700 3261 4697
f 3261 3258 4697
f 4697 3258 4694
f 3258 3253 4694
f 4694 3253 4691
f 3253 3252 4691
f 4691 3252 4688
f 3252 3249 4688
f 4688 3249 4685
f 3249 3246 4685
f 4685 3246 4682
f 3246 3243 4682
f 4682 3243 4677
f 3243 3240 4677
f 4677 3240 4676
f 3240 3237 4676
f 4676 3237 4671
f 3237 3234 4671
f 4671 3234 4670
f 3234 3229 4670
f 4670 3229 4667
f 3229 3228 4667
f 4667 3228 4664
f 3228 3225 4664
f 3225 3222 4661
f 4664 3225 4661
f 3222 3217 4656
f 4661 3222 4656
f 3216 3213 4653
f 3217 3216 4653
f 4656 3217 4653
f 4653 3213 4652
f 3213 2561 2564
f 4652 3213 2564
f 2560 3212 4651
f 2559 2560 4651
f 3212 3215 4655
f 4651 3212 4655
f 3215 3219 4658
f 4655 3215 4658
f 3219 3221 4660
f 4658 3219 4660
f 3221 3224 4663
f 4660 3221 4663
f 3224 3227 4666
f 4663 3224 4666
f 3231 3233 4669
f 3227 3231 4669
f 4666 3227 4669
f 4669 3233 4673
f 3233 3236 4675
f 4673 3233 4675
f 3236 3239 4679
f 4675 3236 4679
f 3239 3242 4681
f 4679 3239 4681
f 3242 3245 4684
f 4681 3242 4684
f 3245 3248 4687
f 4684 3245 4687
f 3248 3251 4690
f 4687 3248 4690
f 3251 3255 4693
f 4690 3251 4693
f 3255 3257 4696
f 4693 3255 4696
f 3257 3260 4699
f 4696 3257 4699
f 4699 3260 4702
f 3260 3263 4702
f 3263 3266 4707
f 4702 3263 4707
f 4707 3266 4709
f 3266 3269 4709
f 3269 3345 4784
f 4709 3269 4784
f 3345 3347 4786
f 4784 3345 4786
f 3347 3349 4788
f 4786 3347 4788
f 3349 3353 4792
f 4788 3349 4792
f 3353 3355 4794
f 4792 3353 4794
f 3358 3360 4797
f 3355 3358 4797
f 4794 3355 4797
f 4797 3360 4799
f 4799 3360 4801
f 3360 3362 4801
f 4801 3362 4803
f 3362 3364 4803
f 4803 3364 4805
f 3364 3366 4805
f 4805 3366 4807
f 3366 3368 4807
f 4807 3368 4809
f 3368 3370 4809
f 4809 3370 4812
f 3370 3373 4812
f 4812 3373 4815
f 3373 3376 4815
f 4815 3376 4818
f 3379 3382 4818
f 3376 3379 4818
f 4818 3382 4821
f 4821 3382 4824
f 3382 3385 4824
f 4824 3385 4826
f 3387 3389 4826
f 3385 3387 4826
f 4826 3389 4828
f 3389 3391 4830
f 4828 3389 4830
f 3391 3392 4831
f 4830 3391 4831
f 3393 3394 4832
f 3392 3393 4832
f 4831 3392 4832
f 4832 3394 4833
f 4833 3394 4834
f 3394 3395 4834
f 4834 3395 4835
f 3395 3396 4835
f 4835 3396 4836
f 3396 3397 4836
f 4836 3397 4837
f 3397 3398 4837
f 4837 3398 4838
f 3398 3399 4838
f 4838 3399 4839
f 3399 3400 4839
f 4839 3400 4840
f 3400 3401 4840
f 4840 3401 4841
f 3401 3402 4841
f 4841 3402 4842
f 3402 3403 4842
f 4842 3403 4843
f 3403 3404 4843
f 4843 3404 4844
f 3404 3405 4844
f 4844 3405 4845
f 3405 3406 4845
f 4845 3406 4846
f 3406 3407 4846
f 4846 3407 4938
f 3407 3500 4938
f 4938 3500 4936
f 3500 3498 4936
f 3498 3496 4934
f 4936 3498 4934
f 3496 3287 4726
f 4934 3496 4726
f 3287 3285 4724
f 4726 3287 4724
f 3285 3283 4722
f 4724 3285 4722
f 3283 2433 2436
f 4722 3283 2436
f 2432 3289 4728
f 2431 2432 4728
f 3289 3290 4730
f 4728 3289 4730
f 3290 3292 4732
f 4730 3290 4732
f 3292 3295 4733
f 4732 3292 4733
f 3295 3296 4736
f 4733 3295 4736
f 3296 3298 4737
f 4736 3296 4737
f 3300 3302 4740
f 3298 3300 4740
f 4737 3298 4740
f 4740 3302 4742
f 3305 3306 4744
f 3302 3305 4744
f 4742 3302 4744
f 4744 3306 4745
f 3306 3308 4747
f 4745 3306 4747
f 3311 3312 4750
f 3308 3311 4750
f 4747 3308 4750
f 4750 3312 4752
f 3312 3314 4754
f 4752 3312 4754
f 3314 3317 4756
f 4754 3314 4756
f 3318 3320 4758
f 3317 3318 4758
f 4756 3317 4758
f 4758 3320 4759
f 3320 3323 4762
f 4759 3320 4762
f 4762 3323 4764
f 3323 3325 4764
f 3325 3327 4766
f 4764 3325 4766
f 3327 3328 4767
f 4766 3327 4767
f 3328 3330 4769
f 4767 3328 4769
f 3330 3342 4781
f 4769 3330 4781
f 3342 3351 4790
f 4781 3342 4790
f 3351 3357 4796
f 4790 3351 4796
f 3490 3487 4929
f 3357 3490 4929
f 4796 3357 4929
f 4929 3487 4926
f 4926 3487 4924
f 3487 3485 4924
f 4924 3485 4922
f 3485 3483 4922
f 4922 3483 4920
f 3483 3481 4920
f 4920 3481 4918
f 3481 3479 4918
f 4918 3479 4916
f 3479 3477 4916
f 4916 3477 4914
f 3477 3475 4914
f 4914 3475 4912
f 3475 3473 4912
f 4912 3473 4910
f 3473 3471 4910
f 4910 3471 4908
f 3471 3469 4908
f 4908 3469 4906
f 3469 3467 4906
f 4906 3467 4904
f 3467 3465 4904
f 3465 3463 4902
f 4904 3465 4902
f 3463 3461 4900
f 4902 3463 4900
f 3461 3459 4898
f 4900 3461 4898
f 3459 3457 4896
f 4898 3459 4896
f 4896 3457 4894
f 3457 3455 4894
f 4894 3455 4895
f 3455 3456 4895
f 4895 3456 4897
f 3456 3458 4897
f 4897 3458 4899
f 3458 3460 4899
f 4899 3460 4901
f 3460 3462 4901
f 4901 3462 4903
f 3462 3464 4903
f 4903 3464 4905
f 3464 3466 4905
f 4905 3466 4907
f 3466 3468 4907
f 4907 3468 4909
f 3468 3470 4909
f 4909 3470 4911
f 3470 3472 4911
f 4911 3472 4913
f 3472 3474 4913
f 4913 3474 4915
f 3474 3476 4915
f 4915 3476 4917
f 3476 3478 4917
f 4917 3478 4919
f 3478 3480 4919
f 4919 3480 4921
f 3480 3482 4921
f 4921 3482 4923
f 3482 3484 4923
f 3484 3486 4925
f 4923 3484 4925
f 3486 3488 4927
f 4925 3486 4927
f 3491 3493 4930
f 3488 3491 4930
f 4927 3488 4930
f 4930 3493 4932
f 3493 2305 2308
f 4932 3493 2308
f 2304 3489 4928
f 2303 2304 4928
f 3489 3492 4931
f 4928 3489 4931
f 3492 3494 4933
f 4931 3492 4933
f 3494 3495 4935
f 4933 3494 4935
f 3495 3497 4937
f 4935 3495 4937
f 3497 3499 4939
f 4937 3497 4939
f 3501 3673 4940
f 3499 3501 4940
f 4939 3499 4940
f 4940 3673 5113
f 3671 3669 5111
f 3673 3671 5111
f 5113 3673 5111
f 5111 3669 5109
f 3669 3666 5106
f 5109 3669 5106
f 3664 3662 5104
f 3666 3664 5104
f 5106 3666 5104
f 5104 3662 5102
f 3662 3660 5100
f 5102 3662 5100
f 3660 3658 5098
f 5100 3660 5098
f 3656 3657 5096
f 3658 3656 5096
f 5098 3658 5096
f 5096 3657 5097
f 3657 3659 5099
f 5097 3657 5099
f 5099 3659 5101
f 3659 3661 5101
f 3661 3663 5103
f 5101 3661 5103
f 3663 3665 5105
f 5103 3663 5105
f 3665 3667 5107
f 5105 3665 5107
f 3667 3670 5110
f 5107 3667 5110
f 3670 3672 5112
f 5110 3670 5112
f 3672 3674 5114
f 5112 3672 5114
f 3676 3677 5116
f 3674 3676 5116
f 5114 3674 5116
f 5116 3677 5117
f 5117 3677 5118
f 3677 3678 5118
f 5118 3678 5119
f 3678 3679 5119
f 5119 3679 5120
f 3679 3680 5120
f 5120 3680 5121
f 3680 3681 5121
f 5121 3681 5122
f 3681 3682 5122
f 5122 3682 5123
f 3682 3683 5123
f 5123 3683 5124
f 3683 3684 5124
f 5124 3684 5125
f 3684 3685 5125
f 5125 3685 5126
f 3685 3686 5126
f 5126 3686 5127
f 3686 3687 5127
f 5127 3687 5128
f 3687 3688 5128
f 3688 3689 5129
f 5128 3688 5129
f 3689 3690 5130
f 5129 3689 5130
f 3690 3691 5131
f 5130 3690 5131
f 3691 3692 5132
f 5131 3691 5132
f 5132 3692 5056
f 3692 3616 5056
f 5056 3616 5052
f 3616 3613 5052
f 5052 3613 5050
f 3613 3610 5050
f 5050 3610 5046
f 3610 3607 5046
f 5046 3607 5044
f 3607 3604 5044
f 5044 3604 5039
f 3604 3601 5039
f 5039 3601 5037
f 3601 3598 5037
f 5037 3598 5035
f 3598 3592 5035
f 5035 3592 5031
f 3592 3591 5031
f 5031 3591 5023
f 3591 3583 5023
f 5023 3583 5021
f 3583 3582 5021
f 5021 3582 5015
f 3582 3578 5015
f 5015 3578 5014
f 3578 3574 5014
f 5014 3574 5009
f 3574 3570 5009
f 5009 3570 5007
f 3570 3567 5007
f 5007 3567 5002
f 3567 3563 5002
f 3563 3556 4998
f 5002 3563 4998
f 3556 3552 4992
f 4998 3556 4992
f 3548 3547 4991
f 3552 3548 4991
f 4992 3552 4991
f 4991 3547 4985
f 3547 2177 2180
f 4985 3547 2180
f 2176 3546 4987
f 2175 2176 4987
f 3546 3551 4990
f 4987 3546 4990
f 3551 3555 4995
f 4990 3551 4995
f 3555 3559 4999
f 4995 3555 4999
f 3559 3562 5003
f 4999 3559 5003
f 3562 3566 5006
f 5003 3562 5006
f 3569 3573 5010
f 3566 3569 5010
f 5006 3566 5010
f 5010 3573 5013
f 3573 3577 5018
f 5013 3573 5018
f 3577 3581 5022
f 5018 3577 5022
f 3581 3586 5026
f 5022 3581 5026
f 3586 3590 5030
f 5026 3586 5030
f 3590 3595 5034
f 5030 3590 5034
f 3595 3597 5038
f 5034 3595 5038
f 3597 3600 5041
f 5038 3597 5041
f 3600 3603 5043
f 5041 3600 5043
f 3603 3606 5047
f 5043 3603 5047
f 5047 3606 5049
f 3606 3609 5049
f 3609 3612 5053
f 5049 3609 5053
f 5053 3612 5055
f 3612 3615 5055
f 3615 3693 5133
f 5055 3615 5133
f 3693 3694 5134
f 5133 3693 5134
f 3694 3695 5135
f 5134 3694 5135
f 3695 3696 5136
f 5135 3695 5136
f 3696 3697 5137
f 5136 3696 5137
f 3698 3699 5138
f 3697 3698 5138
f 5137 3697 5138
f 5138 3699 5139
f 5139 3699 5141
f 3699 3701 5141
f 5141 3701 5144
f 3701 3704 5144
f 5144 3704 5146
f 3704 3706 5146
f 5146 3706 5150
f 3706 3710 5150
f 5150 3710 5153
f 3710 3713 5153
f 5153 3713 5156
f 3713 3716 5156
f 5156 3716 5160
f 3716 3720 5160
f 5160 3720 5163
f 3723 3726 5163
f 3720 3723 5163
f 5163 3726 5166
f 5166 3726 5169
f 3726 3729 5169
f 5169 3729 5171
f 3731 3734 5171
f 3729 3731 5171
f 5171 3734 5174
f 3734 3737 5177
f 5174 3734 5177
f 3737 3739 5179
f 5177 3737 5179
f 3742 3745 5182
f 3739 3742 5182
f 5179 3739 5182
f 5182 3745 5185
f 5185 3745 5189
f 3745 3749 5189
f 5189 3749 5192
f 3749 3752 5192
f 5192 3752 5195
f 3752 3755 5195
f 5195 3755 5198
f 3755 3758 5198
f 5198 3758 5201
f 3758 3761 5201
f 5201 3761 5422
f 3761 3972 5422
f 5422 3972 5421
f 3972 3971 5421
f 5421 3971 5420
f 3971 3970 5420
f 5420 3970 5419
f 3970 3969 5419
f 5419 3969 5418
f 3969 3968 5418
f 5418 3968 5417
f 3968 3967 5417
f 5417 3967 5416
f 3967 3966 5416
f 5416 3966 5415
f 3966 3965 5415
f 5415 3965 5414
f 3965 3964 5414
f 5414 3964 5413
f 3964 3963 5413
f 3963 3635 5075
f 5413 3963 5075
f 3635 3633 5073
f 5075 3635 5073
f 3633 3631 5071
f 5073 3633 5071
f 3631 3629 5069
f 5071 3631 5069
f 3629 2049 2052
f 5069 3629 2052
f 2048 3538 4978
f 2047 2048 4978
f 3538 3540 4980
f 4978 3538 4980
f 3540 3542 4982
f 4980 3540 4982
f 3542 3543 4983
f 4982 3542 4983
f 3543 3545 4986
f 4983 3543 4986
f 3545 3550 4989
f 4986 3545 4989
f 3554 3557 4994
f 3550 3554 4994
f 4989 3550 4994
f 4994 3557 4996
f 3557 3560 5000
f 4996 3557 5000
f 3560 3564 5004
f 5000 3560 5004
f 3564 3568 5008
f 5004 3564 5008
f 3568 3572 5012
f 5008 3568 5012
f 3572 3576 5017
f 5012 3572 5017
f 3576 3580 5020
f 5017 3576 5020
f 3580 3585 5025
f 5020 3580 5025
f 3585 3588 5028
f 5025 3585 5028
f 3588 3593 5032
f 5028 3588 5032
f 5032 3593 5036
f 3593 3596 5036
f 3596 3599 5040
f 5036 3596 5040
f 5040 3599 5042
f 3599 3602 5042
f 3602 3605 5045
f 5042 3602 5045
f 3605 3608 5048
f 5045 3605 5048
f 3608 3611 5051
f 5048 3608 5051
f 3611 3614 5054
f 5051 3611 5054
f 3614 3617 5057
f 5054 3614 5057
f 3618 3619 5058
f 3617 3618 5058
f 5057 3617 5058
f 5058 3619 5059
f 5059 3619 5060
f 3619 3620 5060
f 5060 3620 5061
f 3620 3621 5061
f 5061 3621 5062
f 3621 3622 5062
f 5062 3622 5063
f 3622 3623 5063
f 5063 3623 5064
f 3623 3624 5064
f 5064 3624 5065
f 3624 3625 5065
f 5065 3625 5066
f 3625 3626 5066
f 5066 3626 5067
f 3627 3628 5067
f 3626 3627 5067
f 5067 3628 5068
f 5068 3628 5070
f 3628 3630 5070
f 5070 3630 5072
f 3632 3634 5072
f 3630 3632 5072
f 5072 3634 5074
f 3634 3636 5076
f 5074 3634 5076
f 3636 3981 5412
f 5076 3636 5412
f 3980 3979 5411
f 3981 3980 5411
f 5412 3981 5411
f 5411 3979 5410
f 5410 3979 5409
f 3979 3978 5409
f 5409 3978 5408
f 3978 3977 5408
f 5408 3977 5407
f 3977 3976 5407
f 5407 3976 5406
f 3976 3975 5406
f 5406 3975 5405
f 3975 3974 5405
f 5405 3974 5404
f 3974 3973 5404
f 5404 3973 5289
f 3973 3849 5289
f 5289 3849 5288
f 3849 3848 5288
f 5288 3848 5287
f 3848 3847 5287
f 5287 3847 5286
f 3847 3846 5286
f 5286 3846 5285
f 3846 3845 5285
f 5285 3845 5284
f 3845 3844 5284
f 5284 3844 5283
f 3844 3843 5283
f 5283 3843 5282
f 3843 3842 5282
f 5282 3842 5281
f 3842 3841 5281
f 3841 3840 5280
f 5281 3841 5280
f 3840 3839 5279
f 5280 3840 5279
f 3839 3838 5278
f 5279 3839 5278
f 3838 3837 5277
f 5278 3838 5277
f 3837 1921 1924
f 5277 3837 1924
f 1920 3074 4514
f 1919 1920 4514
f 3074 3080 4519
f 4514 3074 4519
f 3080 3086 4526
f 4519 3080 4526
f 3086 3089 4529
f 4526 3086 4529
f 3089 3093 4534
f 4529 3089 4534
f 3093 3098 4537
f 4534 3093 4537
f 3100 3102 4539
f 3098 3100 4539
f 4537 3098 4539
f 4539 3102 4541
f 3104 3106 4543
f 3102 3104 4543
f 4541 3102 4543
f 4543 3106 4545
f 3106 3108 4547
f 4545 3106 4547
f 3111 3112 4549
f 3108 3111 4549
f 4547 3108 4549
f 4549 3112 4551
f 3112 3115 4553
f 4551 3112 4553
f 3115 3116 4554
f 4553 3115 4554
f 3119 3120 4557
f 3116 3119 4557
f 4554 3116 4557
f 4557 3120 4559
f 3120 3122 4560
f 4559 3120 4560
f 4560 3122 4563
f 3122 3124 4563
f 3124 3126 4564
f 4563 3124 4564
f 3126 3129 4566
f 4564 3126 4566
f 3129 3131 4569
f 4566 3129 4569
f 3131 3132 4571
f 4569 3131 4571
f 3132 3134 4573
f 4571 3132 4573
f 3134 3136 4575
f 4573 3134 4575
f 3138 3205 4577
f 3136 3138 4577
f 4575 3136 4577
f 4577 3205 4643
f 4643 3205 4642
f 3205 3204 4642
f 4642 3204 4641
f 3204 3203 4641
f 4641 3203 4640
f 3203 3202 4640
f 4640 3202 4639
f 3202 3201 4639
f 4639 3201 4644
f 3201 3206 4644
f 4644 3206 4608
f 3206 3173 4608
f 4608 3173 4607
f 3173 3172 4607
f 4607 3172 4606
f 3172 3171 4606
f 4606 3171 4605
f 3171 3170 4605
f 4605 3170 4604
f 3170 3169 4604
f 4604 3169 4603
f 3169 3168 4603
f 3168 3167 4602
f 4603 3168 4602
f 3167 3166 4601
f 4602 3167 4601
f 3166 3165 4600
f 4601 3166 4600
f 3165 3164 4599
f 4600 3165 4599
f 4599 3164 4598
f 3164 3163 4598
f 4598 3163 4597
f 3163 3162 4597
f 4597 3162 4596
f 3162 3161 4596
f 4596 3161 4595
f 3161 3160 4595
f 4595 3160 4594
f 3160 3159 4594
f 4594 3159 4593
f 3159 3158 4593
f 4593 3158 4592
f 3158 3157 4592
f 4592 3157 4591
f 3157 3156 4591
f 4591 3156 4590
f 3156 3155 4590
f 4590 3155 4589
f 3155 3154 4589
f 4589 3154 4588
f 3154 3153 4588
f 4588 3153 4587
f 3153 3152 4587
f 4587 3152 4586
f 3152 3151 4586
f 4586 3151 4585
f 3151 3150 4585
f 4585 3150 4584
f 3150 3149 4584
f 4584 3149 4583
f 3149 3148 4583
f 3148 3147 4582
f 4583 3148 4582
f 3147 3146 4581
f 4582 3147 4581
f 3145 3144 4580
f 3146 3145 4580
f 4581 3146 4580
f 4580 3144 4578
f 3144 1793 1796
f 4578 3144 1796
f 1792 4347 5788
f 1791 1792 5788
f 4347 4350 5791
f 5788 4347 5791
f 4350 4353 5794
f 5791 4350 5794
f 4353 4355 5797
f 5794 4353 5797
f 4355 4359 5800
f 5797 4355 5800
f 4359 4361 5802
f 5800 4359 5802
f 4364 4367 5805
f 4361 4364 5805
f 5802 4361 5805
f 5805 4367 5808
f 4370 4373 5812
f 4367 4370 5812
f 5808 4367 5812
f 5812 4373 5814
f 4373 4375 5815
f 5814 4373 5815
f 4376 4378 4382
f 4375 4376 4382
f 5815 4375 4382
f 4382 4378 4381
f 4378 2947 4384
f 4381 4378 4384
f 2947 2945 4387
f 4384 2947 4387
f 2948 2951 4388
f 2945 2948 4388
f 4387 2945 4388
f 4388 2951 4390
f 2951 2953 4394
f 4390 2951 4394
f 4394 2953 4397
f 2953 2957 4397
f 2957 2958 4398
f 4397 2957 4398
f 2958 2962 4401
f 4398 2958 4401
f 2962 2965 4403
f 4401 2962 4403
f 2965 2966 4405
f 4403 2965 4405
f 2966 2968 4407
f 4405 2966 4407
f 2968 2970 4409
f 4407 2968 4409
f 2972 2974 4414
f 2970 2972 4414
f 4409 2970 4414
f 4414 2974 4418
f 4418 2974 4506
f 2974 3065 4506
f 4506 3065 4498
f 3065 3058 4498
f 4498 3058 4493
f 3058 3052 4493
f 4493 3052 4488
f 3052 3048 4488
f 4488 3048 4483
f 3048 3043 4483
f 4483 3043 4478
f 3043 3038 4478
f 4478 3038 4474
f 3038 3034 4474
f 4474 3034 4469
f 3034 3030 4469
f 4469 3030 4465
f 3030 3025 4465
f 4465 3025 4460
f 3025 3020 4460
f 4460 3020 4454
f 3020 3016 4454
f 3016 3011 4450
f 4454 3016 4450
f 3011 3007 4446
f 4450 3011 4446
f 3007 3003 4441
f 4446 3007 4441
f 3003 3001 4439
f 4441 3003 4439
f 4439 3001 4437
f 3001 2999 4437
f 4437 2999 4438
f 2999 3000 4438
f 4438 3000 4440
f 3000 3002 4440
f 4440 3002 4442
f 3002 3004 4442
f 4442 3004 4448
f 3004 3009 4448
f 4448 3009 4453
f 3009 3014 4453
f 4453 3014 4457
f 3014 3019 4457
f 4457 3019 4463
f 3019 3023 4463
f 4463 3023 4467
f 3023 3027 4467
f 4467 3027 4471
f 3027 3031 4471
f 4471 3031 4476
f 3031 3036 4476
f 4476 3036 4481
f 3036 3041 4481
f 4481 3041 4485
f 3041 3045 4485
f 4485 3045 4490
f 3045 3050 4490
f 4490 3050 4495
f 3050 3055 4495
f 4495 3055 4502
f 3055 3061 4502
f 3061 3069 4507
f 4502 3061 4507
f 3069 3073 4512
f 4507 3069 4512
f 3079 3083 4516
f 3073 3079 4516
f 4512 3073 4516
f 4516 3083 4523
f 3083 1665 1668
f 4523 3083 1668
f 1664 4243 5684
f 1663 1664 5684
f 4243 4244 5685
f 5684 4243 5685
f 4244 4245 5686
f 5685 4244 5686
f 4245 4246 5687
f 5686 4245 5687
f 4246 4247 5688
f 5687 4246 5688
f 4247 4251 5692
f 5688 4247 5692
f 4253 4256 5694
f 4251 4253 5694
f 5692 4251 5694
f 5694 4256 5697
f 4256 4260 5700
f 5697 4256 5700
f 4260 4263 5703
f 5700 4260 5703
f 4263 4265 5707
f 5703 4263 5707
f 4265 4268 5709
f 5707 4265 5709
f 4268 4271 5712
f 5709 4268 5712
f 4271 4274 5715
f 5712 4271 5715
f 4274 4278 5719
f 5715 4274 5719
f 4278 4281 5721
f 5719 4278 5721
f 4281 4283 5724
f 5721 4281 5724
f 5724 4283 5728
f 4283 4286 5728
f 4286 4289 5731
f 5728 4286 5731
f 5731 4289 5733
f 4289 4292 5733
f 4292 4295 5736
f 5733 4292 5736
f 4295 4298 5739
f 5736 4295 5739
f 4298 4301 5742
f 5739 4298 5742
f 4301 4305 5745
f 5742 4301 5745
f 4305 4307 5748
f 5745 4305 5748
f 4311 4313 5752
f 4307 4311 5752
f 5748 4307 5752
f 5752 4313 5754
f 5754 4313 5758
f 4313 4317 5758
f 5758 4317 5760
f 4317 4320 5760
f 5760 4320 5763
f 4320 4322 5763
f 5763 4322 5766
f 4322 4326 5766
f 5766 4326 5770
f 4326 4328 5770
f 5770 4328 5772
f 4328 4331 5772
f 5772 4331 5773
f 4331 4332 5773
f 5773 4332 5774
f 4333 2975 5774
f 4332 4333 5774
f 5774 2975 4415
f 4415 2975 4413
f 2975 2973 4413
f 4413 2973 4408
f 2971 2969 4408
f 2973 2971 4408
f 4408 2969 4406
f 2969 2967 4404
f 4406 2969 4404
f 2967 2964 4402
f 4404 2967 4402
f 2963 2959 4400
f 2964 2963 4400
f 4402 2964 4400
f 4400 2959 4399
f 4399 2959 4396
f 2959 2955 4396
f 4396 2955 4395
f 2955 2954 4395
f 4395 2954 4391
f 2954 2952 4391
f 4391 2952 4389
f 2952 2949 4389
f 4389 2949 4386
f 2949 2950 4386
f 4386 2950 4385
f 2950 2946 4385
f 4385 2946 4383
f 2946 4379 4383
f 4383 4379 4380
f 4379 4377 4380
f 4380 4377 5816
f 4377 4374 5816
f 5816 4374 5813
f 4374 4372 5813
f 5813 4372 5810
f 4372 4371 5810
f 5810 4371 5809
f 4371 4368 5809
f 5809 4368 5806
f 4368 4365 5806
f 5806 4365 5803
f 4365 4362 5803
f 5803 4362 5798
f 4362 4357 5798
f 4357 4356 5795
f 5798 4357 5795
f 4356 4351 5793
f 5795 4356 5793
f 4351 4348 5789
f 5793 4351 5789
f 4348 4345 5786
f 5789 4348 5786
f 4345 1537 1540
f 5786 4345 1540
f 1536 4248 5690
f 1535 1536 5690
f 4248 4252 5693
f 5690 4248 5693
f 4252 4254 5696
f 5693 4252 5696
f 4254 4257 5698
f 5696 4254 5698
f 4257 4261 5701
f 5698 4257 5701
f 4261 4264 5705
f 5701 4261 5705
f 4266 4269 5708
f 4264 4266 5708
f 5705 4264 5708
f 5708 4269 5711
f 4269 4272 5714
f 5711 4269 5714
f 4272 4275 5717
f 5714 4272 5717
f 4275 4279 5720
f 5717 4275 5720
f 4279 4282 5723
f 5720 4279 5723
f 4282 4284 5726
f 5723 4282 5726
f 4284 4287 5730
f 5726 4284 5730
f 4287 4290 5732
f 5730 4287 5732
f 4290 4293 5735
f 5732 4290 5735
f 4293 4296 5737
f 5735 4293 5737
f 5737 4296 5740
f 4296 4299 5740
f 4299 4302 5744
f 5740 4299 5744
f 5744 4302 5746
f 4302 4306 5746
f 4306 4308 5749
f 5746 4306 5749
f 4308 4312 5753
f 5749 4308 5753
f 4312 4314 5755
f 5753 4312 5755
f 4314 4318 5759
f 5755 4314 5759
f 4318 4321 5761
f 5759 4318 5761
f 4323 4327 5764
f 4321 4323 5764
f 5761 4321 5764
f 5764 4327 5768
f 5768 4327 5771
f 4327 4329 5771
f 5771 4329 4628
f 4329 3190 4628
f 4628 3190 4627
f 3190 3189 4627
f 4627 3189 4626
f 3189 3188 4626
f 4626 3188 4634
f 3188 3196 4634
f 4634 3196 4635
f 3196 3197 4635
f 4635 3197 4636
f 3197 3198 4636
f 4636 3198 4637
f 3199 3200 4637
f 3198 3199 4637
f 4637 3200 4638
f 4638 3200 4576
f 3200 3139 4576
f 4576 3139 4574
f 3137 3135 4574
f 3139 3137 4574
f 4574 3135 4572
f 3135 3133 4570
f 4572 3135 4570
f 3133 3130 4568
f 4570 3133 4568
f 3128 3127 4567
f 3130 3128 4567
f 4568 3130 4567
f 4567 3127 4565
f 4565 3127 4562
f 3127 3125 4562
f 4562 3125 4561
f 3125 3123 4561
f 4561 3123 4558
f 3123 3121 4558
f 4558 3121 4556
f 3121 3118 4556
f 4556 3118 4555
f 3118 3117 4555
f 4555 3117 4552
f 3117 3114 4552
f 4552 3114 4550
f 3114 3113 4550
f 4550 3113 4548
f 3113 3110 4548
f 4548 3110 4546
f 3110 3109 4546
f 4546 3109 4544
f 3109 3107 4544
f 4544 3107 4542
f 3107 3105 4542
f 4542 3105 4540
f 3105 3103 4540
f 4540 3103 4538
f 3103 3101 4538
f 4538 3101 4536
f 3101 3099 4536
f 4536 3099 4530
f 3099 3094 4530
f 3094 3090 4528
f 4530 3094 4528
f 3090 3087 4525
f 4528 3090 4525
f 3087 3081 4520
f 4525 3087 4520
f 3081 3077 4515
f 4520 3081 4515
f 3077 1409 1412
f 4515 3077 1412
f 1408 4156 5597
f 1407 1408 5597
f 4156 4158 5600
f 5597 4156 5600
f 4158 4161 5603
f 5600 4158 5603
f 4161 4164 5605
f 5603 4161 5605
f 4164 4165 5607
f 5605 4164 5607
f 4165 4167 5609
f 5607 4165 5609
f 4170 4171 5611
f 4167 4170 5611
f 5609 4167 5611
f 5611 4171 5613
f 4173 4175 5615
f 4171 4173 5615
f 5613 4171 5615
f 5615 4175 5617
f 4175 4177 5618
f 5617 4175 5618
f 4179 4181 5621
f 4177 4179 5621
f 5618 4177 5621
f 5621 4181 5623
f 4181 4184 5625
f 5623 4181 5625
f 4184 4185 5626
f 5625 4184 5626
f 4188 4190 5628
f 4185 4188 5628
f 5626 4185 5628
f 5628 4190 5631
f 4190 4191 5633
f 5631 4190 5633
f 5633 4191 5635
f 4191 4193 5635
f 4193 4195 5637
f 5635 4193 5637
f 4195 4198 5639
f 5637 4195 5639
f 4198 4200 5641
f 5639 4198 5641
f 4200 4202 5643
f 5641 4200 5643
f 4202 4203 5644
f 5643 4202 5644
f 4203 4205 5647
f 5644 4203 5647
f 3181 3180 4619
f 4205 3181 4619
f 5647 4205 4619
f 4619 3180 4618
f 4618 3180 4617
f 3180 3179 4617
f 4617 3179 4616
f 3179 3178 4616
f 4616 3178 4615
f 3178 3177 4615
f 4615 3177 4614
f 3177 3176 4614
f 4614 3176 4623
f 3176 3185 4623
f 4623 3185 4624
f 3185 3186 4624
f 4624 3186 4625
f 3186 3187 4625
f 4625 3187 5769
f 3187 4330 5769
f 5769 4330 5767
f 4330 4325 5767
f 5767 4325 5765
f 4325 4324 5765
f 5765 4324 5762
f 4324 4319 5762
f 4319 4316 5757
f 5762 4319 5757
f 4316 4315 5756
f 5757 4316 5756
f 4315 4310 5751
f 5756 4315 5751
f 4310 4309 5750
f 5751 4310 5750
f 5750 4309 5747
f 4309 4304 5747
f 5747 4304 5743
f 4304 4303 5743
f 5743 4303 5741
f 4303 4300 5741
f 5741 4300 5738
f 4300 4297 5738
f 5738 4297 5734
f 4297 4294 5734
f 5734 4294 5729
f 4294 4291 5729
f 5729 4291 5727
f 4291 4288 5727
f 5727 4288 5725
f 4288 4285 5725
f 5725 4285 5722
f 4285 4280 5722
f 5722 4280 5718
f 4280 4277 5718
f 5718 4277 5716
f 4277 4276 5716
f 5716 4276 5713
f 4276 4273 5713
f 5713 4273 5710
f 4273 4270 5710
f 5710 4270 5706
f 4270 4267 5706
f 5706 4267 5704
f 4267 4262 5704
f 5704 4262 5702
f 4262 4259 5702
f 4259 4258 5699
f 5702 4259 5699
f 4258 4255 5695
f 5699 4258 5695
f 4250 4249 5691
f 4255 4250 5691
f 5695 4255 5691
f 5691 4249 5689
f 4249 1281 1284
f 5689 4249 1284
f 1280 3886 5327
f 1279 1280 5327
f 3886 3889 5331
f 5327 3886 5331
f 3889 3892 5333
f 5331 3889 5333
f 3892 3895 5336
f 5333 3892 5336
f 3895 3898 5339
f 5336 3895 5339
f 3898 3901 5342
f 5339 3898 5342
f 3905 3907 5346
f 3901 3905 5346
f 5342 3901 5346
f 5346 3907 5348
f 3911 3914 5352
f 3907 3911 5352
f 5348 3907 5352
f 5352 3914 5355
f 3914 3917 5358
f 5355 3914 5358
f 3919 3922 5361
f 3917 3919 5361
f 5358 3917 5361
f 5361 3922 5363
f 3922 3925 5366
f 5363 3922 5366
f 3925 3928 5370
f 5366 3925 5370
f 3931 3934 5372
f 3928 3931 5372
f 5370 3928 5372
f 5372 3934 5375
f 3934 3937 5379
f 5375 3934 5379
f 5379 3937 5381
f 3937 3940 5381
f 3940 3944 5385
f 5381 3940 5385
f 3944 3947 5387
f 5385 3944 5387
f 3947 3949 5390
f 5387 3947 5390
f 3949 3952 5394
f 5390 3949 5394
f 3952 3955 5397
f 5394 3952 5397
f 3955 3958 5400
f 5397 3955 5400
f 3961 3962 5402
f 3958 3961 5402
f 5400 3958 5402
f 5402 3962 5403
f 5403 3962 5594
f 3962 4153 5594
f 5594 4153 5592
f 4153 4151 5592
f 5592 4151 5590
f 4151 4149 5590
f 5590 4149 5588
f 4149 4147 5588
f 5588 4147 5586
f 4147 4145 5586
f 5586 4145 5584
f 4145 4143 5584
f 5584 4143 5582
f 4143 4141 5582
f 5582 4141 5580
f 4141 4139 5580
f 5580 4139 5578
f 4139 4137 5578
f 5578 4137 5576
f 4137 4135 5576
f 5576 4135 5574
f 4135 4133 5574
f 4133 4131 5572
f 5574 4133 5572
f 4131 4129 5570
f 5572 4131 5570
f 4129 4127 5567
f 5570 4129 5567
f 4127 4125 5565
f 5567 4127 5565
f 5565 4125 5563
f 4125 4123 5563
f 5563 4123 5564
f 4123 4124 5564
f 5564 4124 5566
f 4124 4126 5566
f 5566 4126 5569
f 4126 4128 5569
f 5569 4128 5571
f 4128 4130 5571
f 5571 4130 5573
f 4130 4132 5573
f 5573 4132 5575
f 4132 4134 5575
f 5575 4134 5577
f 4134 4136 5577
f 5577 4136 5579
f 4136 4138 5579
f 5579 4138 5581
f 4138 4140 5581
f 5581 4140 5583
f 4140 4142 5583
f 5583 4142 5585
f 4142 4144 5585
f 5585 4144 5587
f 4144 4146 5587
f 5587 4146 5589
f 4146 4148 5589
f 5589 4148 5591
f 4148 4150 5591
f 5591 4150 5593
f 4150 4152 5593
f 4152 4154 5595
f 5593 4152 5595
f 4154 4155 5596
f 5595 4154 5596
f 4157 4160 5598
f 4155 4157 5598
f 5596 4155 5598
f 5598 4160 5601
f 4160 1153 1156
f 5601 4160 1156
f 1152 3700 5140
f 1151 1152 5140
f 3700 3702 5142
f 5140 3700 5142
f 3702 3703 5143
f 5142 3702 5143
f 3703 3705 5145
f 5143 3703 5145
f 3705 3707 5147
f 5145 3705 5147
f 3707 3709 5149
f 5147 3707 5149
f 3712 3715 5152
f 3709 3712 5152
f 5149 3709 5152
f 5152 3715 5155
f 3715 3718 5158
f 5155 3715 5158
f 3718 3721 5161
f 5158 3718 5161
f 3721 3724 5164
f 5161 3721 5164
f 3724 3727 5167
f 5164 3724 5167
f 3727 3730 5170
f 5167 3727 5170
f 3730 3733 5173
f 5170 3730 5173
f 3733 3736 5176
f 5173 3733 5176
f 3736 3740 5180
f 5176 3736 5180
f 3740 3743 5183
f 5180 3740 5183
f 5183 3743 5187
f 3743 3747 5187
f 3747 3753 5193
f 5187 3747 5193
f 5193 3753 5199
f 3753 3759 5199
f 3759 3764 5204
f 5199 3759 5204
f 3764 3766 5206
f 5204 3764 5206
f 3766 3768 5208
f 5206 3766 5208
f 3768 3770 5210
f 5208 3768 5210
f 3770 3772 5212
f 5210 3770 5212
f 3774 3776 5214
f 3772 3774 5214
f 5212 3772 5214
f 5214 3776 5216
f 5216 3776 5218
f 3776 3778 5218
f 5218 3778 5220
f 3778 3780 5220
f 5220 3780 5222
f 3780 3782 5222
f 5222 3782 5224
f 3782 3784 5224
f 5224 3784 5226
f 3784 3786 5226
f 5226 3786 5228
f 3786 3788 5228
f 5228 3788 5230
f 3788 3790 5230
f 5230 3790 5231
f 3791 3792 5231
f 3790 3791 5231
f 5231 3792 5232
f 5232 3792 5401
f 3792 3960 5401
f 5401 3960 5399
f 3959 3956 5399
f 3960 3959 5399
f 5399 3956 5396
f 3956 3953 5393
f 5396 3956 5393
f 3953 3950 5391
f 5393 3953 5391
f 3945 3942 5388
f 3950 3945 5388
f 5391 3950 5388
f 5388 3942 5383
f 5383 3942 5382
f 3942 3941 5382
f 5382 3941 5377
f 3941 3938 5377
f 5377 3938 5376
f 3938 3935 5376
f 5376 3935 5373
f 3935 3932 5373
f 5373 3932 5368
f 3932 3929 5368
f 5368 3929 5367
f 3929 3926 5367
f 5367 3926 5364
f 3926 3923 5364
f 5364 3923 5359
f 3923 3920 5359
f 5359 3920 5357
f 3920 3915 5357
f 5357 3915 5353
f 3915 3912 5353
f 5353 3912 5350
f 3912 3909 5350
f 5350 3909 5349
f 3909 3908 5349
f 5349 3908 5344
f 3908 3903 5344
f 5344 3903 5343
f 3903 3902 5343
f 5343 3902 5340
f 3902 3899 5340
f 3899 3896 5337
f 5340 3899 5337
f 3896 3893 5334
f 5337 3896 5334
f 3893 3890 5329
f 5334 3893 5329
f 3890 3887 5328
f 5329 3890 5328
f 3887 1025 1028
f 5328 3887 1028
f 1024 3708 5148
f 1023 1024 5148
f 3708 3711 5151
f 5148 3708 5151
f 3711 3714 5154
f 5151 3711 5154
f 3714 3717 5157
f 5154 3714 5157
f 3717 3719 5159
f 5157 3717 5159
f 3719 3722 5162
f 5159 3719 5162
f 3725 3728 5165
f 3722 3725 5165
f 5162 3722 5165
f 5165 3728 5168
f 3728 3732 5172
f 5168 3728 5172
f 3732 3735 5175
f 5172 3732 5175
f 3735 3738 5178
f 5175 3735 5178
f 3738 3741 5181
f 5178 3738 5181
f 3741 3746 5186
f 5181 3741 5186
f 3746 3750 5190
f 5186 3746 5190
f 3750 3756 5196
f 5190 3750 5196
f 3756 3762 5202
f 5196 3756 5202
f 3762 3765 5205
f 5202 3762 5205
f 5205 3765 5207
f 3765 3767 5207
f 3767 3769 5209
f 5207 3767 5209
f 5209 3769 5211
f 3769 3771 5211
f 3771 3773 5213
f 5211 3771 5213
f 3773 3775 5215
f 5213 3773 5215
f 3775 3777 5217
f 5215 3775 5217
f 3777 3779 5219
f 5217 3777 5219
f 3779 3781 5221
f 5219 3779 5221
f 3783 3785 5223
f 3781 3783 5223
f 5221 3781 5223
f 5223 3785 5225
f 5225 3785 5227
f 3785 3787 5227
f 5227 3787 5229
f 3787 3789 5229
f 5229 3789 4622
f 3789 3184 4622
f 4622 3184 4621
f 3184 3183 4621
f 4621 3183 4620
f 3183 3182 4620
f 4620 3182 4629
f 3182 3191 4629
f 4629 3191 4630
f 3191 3192 4630
f 4630 3192 4631
f 3193 3194 4631
f 3192 3193 4631
f 4631 3194 4632
f 4632 3194 4633
f 3194 3195 4633
f 4633 3195 5646
f 4206 4204 5646
f 3195 4206 5646
f 5646 4204 5645
f 4204 4201 5642
f 5645 4204 5642
f 4201 4199 5640
f 5642 4201 5640
f 4197 4196 5638
f 4199 4197 5638
f 5640 4199 5638
f 5638 4196 5636
f 5636 4196 5634
f 4196 4194 5634
f 5634 4194 5632
f 4194 4192 5632
f 5632 4192 5630
f 4192 4189 5630
f 5630 4189 5629
f 4189 4187 5629
f 5629 4187 5627
f 4187 4186 5627
f 5627 4186 5624
f 4186 4183 5624
f 5624 4183 5622
f 4183 4182 5622
f 5622 4182 5620
f 4182 4180 5620
f 5620 4180 5619
f 4180 4178 5619
f 5619 4178 5616
f 4178 4176 5616
f 5616 4176 5614
f 4176 4174 5614
f 5614 4174 5612
f 4174 4172 5612
f 5612 4172 5610
f 4172 4169 5610
f 5610 4169 5608
f 4169 4168 5608
f 5608 4168 5606
f 4168 4166 5606
f 4166 4163 5604
f 5606 4166 5604
f 4163 4162 5602
f 5604 4163 5602
f 4162 4159 5599
f 5602 4162 5599
f 4159 3793 5233
f 5599 4159 5233
f 3793 897 900
f 5233 3793 900
f 896 3506 4946
f 895 896 4946
f 3506 3504 4944
f 4946 3506 4944
f 3504 3502 4942
f 4944 3504 4942
f 3502 3503 4943
f 4942 3502 4943
f 3503 3505 4945
f 4943 3503 4945
f 3505 3507 4947
f 4945 3505 4947
f 3509 3510 4948
f 3507 3509 4948
f 4947 3507 4948
f 4948 3510 4950
f 3512 3515 4953
f 3510 3512 4953
f 4950 3510 4953
f 4953 3515 4955
f 3515 3516 4956
f 4955 3515 4956
f 3517 3518 4957
f 3516 3517 4957
f 4956 3516 4957
f 4957 3518 4958
f 3518 3519 4959
f 4958 3518 4959
f 3519 3520 4960
f 4959 3519 4960
f 3521 3522 4961
f 3520 3521 4961
f 4960 3520 4961
f 4961 3522 4962
f 3522 3523 4963
f 4962 3522 4963
f 4963 3523 4964
f 3523 3524 4964
f 3524 3525 4965
f 4964 3524 4965
f 3525 3526 4966
f 4965 3525 4966
f 3526 3527 4967
f 4966 3526 4967
f 3527 3528 4968
f 4967 3527 4968
f 3528 3529 4969
f 4968 3528 4969
f 3529 3530 4970
f 4969 3529 4970
f 3531 3532 4971
f 3530 3531 4971
f 4970 3530 4971
f 4971 3532 4972
f 4972 3532 4973
f 3532 3533 4973
f 4973 3533 4974
f 3533 3534 4974
f 4974 3534 4975
f 3534 3535 4975
f 4975 3535 4976
f 3535 3536 4976
f 4976 3536 4977
f 3536 3537 4977
f 4977 3537 4979
f 3537 3539 4979
f 4979 3539 4981
f 3539 3541 4981
f 4981 3541 4984
f 3541 3544 4984
f 4984 3544 4988
f 3544 3549 4988
f 4988 3549 4993
f 3549 3553 4993
f 4993 3553 4997
f 3553 3558 4997
f 3558 3561 5001
f 4997 3558 5001
f 3561 3565 5005
f 5001 3561 5005
f 3565 3571 5011
f 5005 3565 5011
f 3571 3575 5016
f 5011 3571 5016
f 5016 3575 5019
f 3575 3579 5019
f 5019 3579 5024
f 3579 3584 5024
f 5024 3584 5027
f 3584 3587 5027
f 5027 3587 5029
f 3587 3589 5029
f 5029 3589 5033
f 3589 3594 5033
f 5033 3594 5468
f 3594 4028 5468
f 5468 4028 5465
f 4028 4026 5465
f 5465 4026 5463
f 4026 4022 5463
f 5463 4022 5461
f 4022 4020 5461
f 5461 4020 5458
f 4020 4017 5458
f 5458 4017 5454
f 4017 4013 5454
f 5454 4013 5452
f 4013 4011 5452
f 5452 4011 5450
f 4011 4009 5450
f 5450 4009 5448
f 4009 4007 5448
f 5448 4007 5446
f 4007 4006 5446
f 5446 4006 5444
f 4006 4003 5444
f 4003 4002 5443
f 5444 4003 5443
f 4002 3999 5440
f 5443 4002 5440
f 3997 3995 5439
f 3999 3997 5439
f 5440 3999 5439
f 5439 3995 5436
f 3995 769 772
f 5436 3995 772
f 768 4016 5457
f 767 768 5457
f 4016 4019 5460
f 5457 4016 5460
f 4019 4021 5462
f 5460 4019 5462
f 4021 4025 5466
f 5462 4021 5466
f 4025 4027 5469
f 5466 4025 5469
f 4027 4030 5471
f 5469 4027 5471
f 4032 4035 5473
f 4030 4032 5473
f 5471 4030 5473
f 5473 4035 5476
f 4037 4039 5478
f 4035 4037 5478
f 5476 4035 5478
f 5478 4039 5480
f 4039 4041 5482
f 5480 4039 5482
f 4042 4045 5484
f 4041 4042 5484
f 5482 4041 5484
f 5484 4045 5487
f 4045 4048 5490
f 5487 4045 5490
f 4048 4052 5493
f 5490 4048 5493
f 4102 4099 5543
f 4052 4102 5543
f 5493 4052 5543
f 5543 4099 5540
f 4099 4096 5537
f 5540 4099 5537
f 5537 4096 5535
f 4096 4094 5535
f 4094 4091 5532
f 5535 4094 5532
f 4091 4089 5530
f 5532 4091 5530
f 4089 4087 5528
f 5530 4089 5528
f 4087 4085 5526
f 5528 4087 5526
f 4085 4083 5524
f 5526 4085 5524
f 4083 4081 5522
f 5524 4083 5522
f 4079 4077 5520
f 4081 4079 5520
f 5522 4081 5520
f 5520 4077 5518
f 5518 4077 5516
f 4077 4075 5516
f 5516 4075 5514
f 4075 4073 5514
f 5514 4073 5512
f 4073 4071 5512
f 5512 4071 5510
f 4071 4069 5510
f 5510 4069 5508
f 4069 4067 5508
f 5508 4067 5505
f 4067 4064 5505
f 5505 4064 5503
f 4064 4062 5503
f 5503 4062 5504
f 4062 4063 5504
f 5504 4063 5506
f 4063 4065 5506
f 5506 4065 5507
f 4065 4066 5507
f 5507 4066 5509
f 4066 4068 5509
f 4068 4070 5511
f 5509 4068 5511
f 4070 4072 5513
f 5511 4070 5513
f 4072 4074 5515
f 5513 4072 5515
f 4074 4076 5517
f 5515 4074 5517
f 5517 4076 5519
f 4076 4078 5519
f 5519 4078 5521
f 4078 4080 5521
f 5521 4080 5523
f 4080 4082 5523
f 5523 4082 5525
f 4082 4084 5525
f 5525 4084 5527
f 4084 4086 5527
f 5527 4086 5529
f 4086 4088 5529
f 5529 4088 5531
f 4088 4090 5531
f 5531 4090 5533
f 4090 4092 5533
f 5533 4092 5534
f 4092 4093 5534
f 5534 4093 5536
f 4093 4095 5536
f 5536 4095 5538
f 4095 4097 5538
f 5538 4097 5541
f 4097 4100 5541
f 5541 4100 5544
f 4100 4103 5544
f 5544 4103 5546
f 4103 4106 5546
f 5546 4106 5549
f 4106 4108 5549
f 5549 4108 5552
f 4108 4111 5552
f 4111 4113 5554
f 5552 4111 5554
f 4113 4114 5555
f 5554 4113 5555
f 4115 4116 5556
f 4114 4115 5556
f 5555 4114 5556
f 5556 4116 5557
f 4116 641 644
f 5557 4116 644
f 640 3812 5252
f 639 640 5252
f 3812 3814 5254
f 5252 3812 5254
f 3814 3816 5256
f 5254 3814 5256
f 3816 3818 5258
f 5256 3816 5258
f 3818 3819 5259
f 5258 3818 5259
f 3819 3821 5261
f 5259 3819 5261
f 3823 3825 5263
f 3821 3823 5263
f 5261 3821 5263
f 5263 3825 5265
f 3827 3992 5267
f 3825 3827 5267
f 5265 3825 5267
f 5267 3992 5434
f 3992 3991 5432
f 5434 3992 5432
f 3989 3987 5430
f 3991 3989 5430
f 5432 3991 5430
f 5430 3987 5428
f 3987 3985 5425
f 5428 3987 5425
f 3985 3982 5423
f 5425 3985 5423
f 3983 3984 5424
f 3982 3983 5424
f 5423 3982 5424
f 5424 3984 5426
f 3984 3986 5427
f 5426 3984 5427
f 5427 3986 5429
f 3986 3988 5429
f 3988 3990 5431
f 5429 3988 5431
f 3990 3993 5433
f 5431 3990 5433
f 3993 3994 5435
f 5433 3993 5435
f 3994 3996 5437
f 5435 3994 5437
f 3996 3998 5438
f 5437 3996 5438
f 3998 4000 5441
f 5438 3998 5441
f 4001 4004 5442
f 4000 4001 5442
f 5441 4000 5442
f 5442 4004 5445
f 5445 4004 5447
f 4004 4005 5447
f 5447 4005 5449
f 4005 4008 5449
f 5449 4008 5451
f 4008 4010 5451
f 5451 4010 5453
f 4010 4012 5453
f 5453 4012 5455
f 4012 4014 5455
f 5455 4014 5456
f 4014 4015 5456
f 5456 4015 5459
f 4015 4018 5459
f 5459 4018 5464
f 4018 4023 5464
f 5464 4023 5467
f 4023 4024 5467
f 5467 4024 5470
f 4024 4029 5470
f 5470 4029 5472
f 4029 4031 5472
f 4031 4033 5474
f 5472 4031 5474
f 4033 4034 5475
f 5474 4033 5475
f 4034 4036 5477
f 5475 4034 5477
f 4036 4038 5479
f 5477 4036 5479
f 5479 4038 5481
f 4038 4040 5481
f 5481 4040 5485
f 4040 4044 5485
f 5485 4044 5488
f 4044 4047 5488
f 5488 4047 5491
f 4047 4050 5491
f 5491 4050 5492
f 4050 4051 5492
f 5492 4051 5494
f 4051 4053 5494
f 5494 4053 5495
f 4053 4054 5495
f 5495 4054 5496
f 4054 4055 5496
f 5496 4055 5497
f 4055 4056 5497
f 5497 4056 5498
f 4056 4057 5498
f 5498 4057 5499
f 4057 4058 5499
f 5499 4058 5500
f 4058 4059 5500
f 5500 4059 5501
f 4059 4060 5501
f 5501 4060 5502
f 4060 4061 5502
f 5502 4061 5322
f 4061 3881 5322
f 5322 3881 5320
f 3881 3879 5320
f 3879 3876 5317
f 5320 3879 5317
f 3876 3873 5313
f 5317 3876 5313
f 3870 3867 5310
f 3873 3870 5310
f 5313 3873 5310
f 5310 3867 5307
f 3867 513 516
f 5307 3867 516
f 512 3371 4810
f 511 512 4810
f 3371 3374 4813
f 4810 3371 4813
f 3374 3377 4816
f 4813 3374 4816
f 3377 3380 4820
f 4816 3377 4820
f 3380 3383 4823
f 4820 3380 4823
f 3383 3386 4825
f 4823 3383 4825
f 3388 3390 4827
f 3386 3388 4827
f 4825 3386 4827
f 4827 3390 4829
f 3514 3513 4954
f 3390 3514 4954
f 4829 3390 4954
f 4954 3513 4952
f 3513 3511 4951
f 4952 3513 4951
f 3508 3437 4949
f 3511 3508 4949
f 4951 3511 4949
f 4949 3437 4877
f 3437 3435 4875
f 4877 3437 4875
f 3435 3433 4873
f 4875 3435 4873
f 3431 3429 4871
f 3433 3431 4871
f 4873 3433 4871
f 4871 3429 4869
f 3429 3427 4867
f 4869 3429 4867
f 4867 3427 4864
f 3427 3425 4864
f 3425 3423 4862
f 4864 3425 4862
f 3423 3422 4861
f 4862 3423 4861
f 3422 3420 4859
f 4861 3422 4859
f 3420 3418 4857
f 4859 3420 4857
f 3418 3416 4855
f 4857 3418 4855
f 3416 3414 4853
f 4855 3416 4853
f 3412 3410 4851
f 3414 3412 4851
f 4853 3414 4851
f 4851 3410 4849
f 4849 3410 4847
f 3410 3408 4847
f 4847 3408 4848
f 3408 3409 4848
f 4848 3409 4850
f 3409 3411 4850
f 4850 3411 4852
f 3411 3413 4852
f 4852 3413 4854
f 3413 3415 4854
f 4854 3415 4856
f 3415 3417 4856
f 4856 3417 4858
f 3417 3419 4858
f 4858 3419 4860
f 3419 3421 4860
f 4860 3421 4863
f 3421 3424 4863
f 4863 3424 4866
f 3424 3426 4866
f 4866 3426 4868
f 3426 3428 4868
f 3428 3430 4870
f 4868 3428 4870
f 3430 3432 4872
f 4870 3430 4872
f 3432 3434 4874
f 4872 3432 4874
f 3434 3436 4876
f 4874 3434 4876
f 4876 3436 4878
f 3436 3438 4878
f 4878 3438 4879
f 3438 3439 4879
f 4879 3439 4880
f 3439 3440 4880
f 4880 3440 4881
f 3440 3441 4881
f 4881 3441 4882
f 3441 3442 4882
f 4882 3442 4883
f 3442 3444 4883
f 4883 3444 4884
f 3444 3445 4884
f 4884 3445 4885
f 3445 3446 4885
f 4885 3446 4886
f 3446 3447 4886
f 4886 3447 4887
f 3447 3448 4887
f 4887 3448 4888
f 3448 3449 4888
f 4888 3449 4889
f 3449 3450 4889
f 4889 3450 4890
f 3450 3451 4890
f 4890 3451 4891
f 3451 3452 4891
f 4891 3452 4892
f 3452 3453 4892
f 4892 3453 4893
f 3453 3454 4893
f 3454 3803 5243
f 4893 3454 5243
f 3803 3800 5240
f 5243 3803 5240
f 3798 3796 5238
f 3800 3798 5238
f 5240 3800 5238
f 5238 3796 5236
f 3796 385 388
f 5236 3796 388
f 384 3637 5077
f 383 384 5077
f 3637 3638 5078
f 5077 3637 5078
f 3638 3639 5079
f 5078 3638 5079
f 3639 3640 5080
f 5079 3639 5080
f 3640 3641 5081
f 5080 3640 5081
f 3641 3642 5082
f 5081 3641 5082
f 3643 3644 5083
f 3642 3643 5083
f 5082 3642 5083
f 5083 3644 5084
f 3644 3645 5085
f 5084 3644 5085
f 3645 3646 5086
f 5085 3645 5086
f 3646 3647 5087
f 5086 3646 5087
f 3647 3648 5088
f 5087 3647 5088
f 3648 3649 5089
f 5088 3648 5089
f 3649 3650 5090
f 5089 3649 5090
f 3650 3651 5091
f 5090 3650 5091
f 3651 3652 5092
f 5091 3651 5092
f 3652 3653 5093
f 5092 3652 5093
f 5093 3653 5094
f 3653 3654 5094
f 3654 3655 5095
f 5094 3654 5095
f 5095 3655 5108
f 3655 3668 5108
f 3668 3675 5115
f 5108 3668 5115
f 3675 3861 5301
f 5115 3675 5301
f 3861 3862 5302
f 5301 3861 5302
f 3862 3864 5304
f 5302 3862 5304
f 3864 3866 5306
f 5304 3864 5306
f 3869 3872 5309
f 3866 3869 5309
f 5306 3866 5309
f 5309 3872 5312
f 5312 3872 5315
f 3872 3875 5315
f 5315 3875 5319
f 3875 3878 5319
f 5319 3878 5323
f 3878 3882 5323
f 5323 3882 5324
f 3882 3883 5324
f 5324 3883 5325
f 3883 3884 5325
f 5325 3884 5326
f 3884 3885 5326
f 5326 3885 5330
f 3885 3888 5330
f 5330 3888 5332
f 3891 3894 5332
f 3888 3891 5332
f 5332 3894 5335
f 5335 3894 5338
f 3894 3897 5338
f 5338 3897 5341
f 3900 3904 5341
f 3897 3900 5341
f 5341 3904 5345
f 3904 3906 5347
f 5345 3904 5347
f 3906 3910 5351
f 5347 3906 5351
f 3913 3916 5354
f 3910 3913 5354
f 5351 3910 5354
f 5354 3916 5356
f 5356 3916 5360
f 3916 3918 5360
f 5360 3918 5362
f 3918 3921 5362
f 5362 3921 5365
f 3921 3924 5365
f 5365 3924 5369
f 3924 3927 5369
f 5369 3927 5371
f 3927 3930 5371
f 5371 3930 5374
f 3930 3933 5374
f 5374 3933 5378
f 3933 3936 5378
f 5378 3936 5380
f 3936 3939 5380
f 5380 3939 5384
f 3939 3943 5384
f 5384 3943 5386
f 3943 3946 5386
f 5386 3946 5389
f 3946 3948 5389
f 5389 3948 5392
f 3948 3951 5392
f 5392 3951 5395
f 3951 3954 5395
f 5395 3954 5398
f 3954 3957 5398
f 5398 3957 5551
f 3957 4110 5551
f 4110 4105 5547
f 5551 4110 5547
f 4105 4049 5489
f 5547 4105 5489
f 4049 4046 5486
f 5489 4049 5486
f 4046 4043 5483
f 5486 4046 5483
f 4043 257 260
f 5483 4043 260
f 256 4098 5539
f 255 256 5539
f 4098 4101 5542
f 5539 4098 5542
f 4101 4104 5545
f 5542 4101 5545
f 4104 4107 5548
f 5545 4104 5548
f 4107 4109 5550
f 5548 4107 5550
f 4109 4112 5553
f 5550 4109 5553
f 4223 4221 5664
f 4112 4223 5664
f 5553 4112 5664
f 5664 4221 5662
f 4219 4217 5660
f 4221 4219 5660
f 5662 4221 5660
f 5660 4217 5658
f 4217 4215 5656
f 5658 4217 5656
f 4213 4211 5654
f 4215 4213 5654
f 5656 4215 5654
f 5654 4211 5652
f 4211 4209 5650
f 5652 4211 5650
f 4209 4207 5648
f 5650 4209 5648
f 4208 4210 5649
f 4207 4208 5649
f 5648 4207 5649
f 5649 4210 5651
f 4210 4212 5653
f 5651 4210 5653
f 5653 4212 5655
f 4212 4214 5655
f 4214 4216 5657
f 5655 4214 5657
f 4216 4218 5659
f 5657 4216 5659
f 4218 4220 5661
f 5659 4218 5661
f 4220 4222 5663
f 5661 4220 5663
f 4222 4224 5665
f 5663 4222 5665
f 4224 4225 5666
f 5665 4224 5666
f 4226 4227 5667
f 4225 4226 5667
f 5666 4225 5667
f 5667 4227 5668
f 5668 4227 5669
f 4227 4228 5669
f 5669 4228 5670
f 4228 4229 5670
f 5670 4229 5671
f 4229 4230 5671
f 5671 4230 5672
f 4230 4231 5672
f 5672 4231 5673
f 4231 4232 5673
f 5673 4232 5674
f 4232 4233 5674
f 5674 4233 5675
f 4233 4234 5675
f 5675 4234 5676
f 4234 4235 5676
f 5676 4235 5677
f 4235 4236 5677
f 5677 4236 5678
f 4236 4237 5678
f 5678 4237 5679
f 4237 4238 5679
f 4238 4239 5680
f 5679 4238 5680
f 4239 4240 5681
f 5680 4239 5681
f 4240 4241 5682
f 5681 4240 5682
f 4241 4242 5683
f 5682 4241 5683
f 5683 4242 5775
f 4242 4334 5775
f 5775 4334 5776
f 4334 4335 5776
f 5776 4335 5777
f 4335 4336 5777
f 5777 4336 5778
f 4336 4337 5778
f 5778 4337 5779
f 4337 4338 5779
f 5779 4338 5780
f 4338 4339 5780
f 5780 4339 5781
f 4339 4340 5781
f 5781 4340 5782
f 4340 4341 5782
f 5782 4341 5783
f 4341 4342 5783
f 5783 4342 5784
f 4342 4343 5784
f 5784 4343 5785
f 4343 4344 5785
f 5785 4344 5787
f 4344 4346 5787
f 5787 4346 5790
f 4346 4349 5790
f 5790 4349 5792
f 4349 4352 5792
f 5792 4352 5796
f 4352 4354 5796
f 5796 4354 5799
f 4354 4358 5799
f 4358 4360 5801
f 5799 4358 5801
f 4360 4363 5804
f 5801 4360 5804
f 4366 4369 5807
f 4363 4366 5807
f 5804 4363 5807
f 5807 4369 5811
f 4369 129 132
f 5811 4369 132
f 128 3794 5234
f 127 128 5234
f 3794 3795 5235
f 5234 3794 5235
f 3795 3797 5237
f 5235 3795 5237
f 3797 3799 5239
f 5237 3797 5239
f 3799 3801 5241
f 5239 3799 5241
f 3801 3802 5242
f 5241 3801 5242
f 3804 3805 5244
f 3802 3804 5244
f 5242 3802 5244
f 5244 3805 5245
f 3805 3806 5246
f 5245 3805 5246
f 3806 3807 5247
f 5246 3806 5247
f 3807 3808 5248
f 5247 3807 5248
f 3808 3809 5249
f 5248 3808 5249
f 3809 3810 5250
f 5249 3809 5250
f 3810 3811 5251
f 5250 3810 5251
f 3811 3813 5253
f 5251 3811 5253
f 3813 3815 5255
f 5253 3813 5255
f 3815 3817 5257
f 5255 3815 5257
f 5257 3817 5260
f 3817 3820 5260
f 3820 3822 5262
f 5260 3820 5262
f 5262 3822 5264
f 3822 3824 5264
f 3824 3826 5266
f 5264 3824 5266
f 3826 3828 5268
f 5266 3826 5268
f 3828 3829 5269
f 5268 3828 5269
f 3829 3830 5270
f 5269 3829 5270
f 3830 3831 5271
f 5270 3830 5271
f 3832 3833 5272
f 3831 3832 5272
f 5271 3831 5272
f 5272 3833 5273
f 5273 3833 5274
f 3833 3834 5274
f 5274 3834 5275
f 3834 3835 5275
f 5275 3835 5276
f 3835 3836 5276
f 5276 3836 5290
f 3836 3850 5290
f 5290 3850 5291
f 3850 3851 5291
f 5291 3851 5292
f 3851 3852 5292
f 5292 3852 5293
f 3852 3853 5293
f 5293 3853 5294
f 3854 3855 5294
f 3853 3854 5294
f 5294 3855 5295
f 5295 3855 5296
f 3855 3856 5296
f 5296 3856 5297
f 3857 3858 5297
f 3856 3857 5297
f 5297 3858 5298
f 3858 3859 5299
f 5298 3858 5299
f 3859 3860 5300
f 5299 3859 5300
f 3863 3865 5303
f 3860 3863 5303
f 5300 3860 5303
f 5303 3865 5305
f 5305 3865 5308
f 3865 3868 5308
f 5308 3868 5311
f 3868 3871 5311
f 5311 3871 5314
f 3871 3874 5314
f 5314 3874 5318
f 3874 3877 5318
f 5318 3877 5321
f 3877 3880 5321
f 5321 3880 5558
f 3880 4117 5558
f 5558 4117 5559
f 4117 4118 5559
f 5559 4118 5560
f 4118 4119 5560
f 5560 4119 5561
f 4119 4120 5561
f 5561 4120 5562
f 4120 4121 5562
f 5562 4121 5568
f 4121 4122 5568
f 5568 4122 4610
f 4122 3141 4610
f 4610 3141 5203
f 3141 3763 5203
f 5203 3763 5200
f 3763 3760 5200
f 5200 3760 5197
f 3760 3757 5197
f 3757 3754 5194
f 5197 3757 5194
f 3754 3751 5191
f 5194 3754 5191
f 3751 3748 5188
f 5191 3751 5188
f 3748 3744 5184
f 5188 3748 5184
f 3744 1 4
f 5184 3744 4
f 2956 2961 4393
f 4392 2960 2956
f 4941 3443 4865
f 4613 3175 4941
f 4579 4612 3143
f 4609 3140 4612
f 5316 3142 4611
f 4645 3174 5316
