# https://github.com/mikedh/trimesh
v -0.06130000 0.00877635 0.00113939
v -0.05650000 0.00877635 0.00113939
v -0.05650000 0.00878090 0.00111003
v -0.06130000 0.00878090 0.00111003
v -0.05650000 0.00878690 0.00108092
v -0.06130000 0.00878690 0.00108092
v -0.05650000 0.00879434 0.00105215
v -0.06130000 0.00879434 0.00105215
v -0.05650000 0.00880319 0.00102379
v -0.06130000 0.00880319 0.00102379
v -0.05650000 0.00881344 0.00099589
v -0.06130000 0.00881344 0.00099589
v -0.05650000 0.00882505 0.00096854
v -0.06130000 0.00882505 0.00096854
v -0.05650000 0.00883800 0.00094180
v -0.06130000 0.00883800 0.00094180
v -0.05650000 0.00885226 0.00091573
v -0.06130000 0.00885226 0.00091573
v -0.05650000 0.00886780 0.00089040
v -0.06130000 0.00886780 0.00089040
v -0.06130000 0.00888457 0.00086587
v -0.05650000 0.00888457 0.00086587
v -0.06130000 0.00890253 0.00084220
v -0.05650000 0.00890253 0.00084220
v -0.06130000 0.00892164 0.00081945
v -0.05650000 0.00892164 0.00081945
v -0.05650000 0.01318250 -0.00133576
v -0.05650000 0.01246258 -0.00186254
v -0.05650000 0.01249167 -0.00186788
v -0.05650000 0.01252099 -0.00187179
v -0.05650000 0.01255046 -0.00187425
v -0.05650000 0.01258002 -0.00187525
v -0.05650000 0.01260960 -0.00187479
v -0.05650000 0.01263911 -0.00187288
v -0.05650000 0.01266850 -0.00186951
v -0.05650000 0.01269768 -0.00186470
v -0.05650000 0.01272660 -0.00185846
v -0.05650000 0.01275516 -0.00185080
v -0.05650000 0.01278332 -0.00184174
v -0.05650000 0.01281100 -0.00183131
v -0.05650000 0.01283812 -0.00181952
v -0.05650000 0.01286464 -0.00180641
v -0.05650000 0.01289048 -0.00179202
v -0.05650000 0.01291557 -0.00177636
v -0.05650000 0.01293986 -0.00175949
v -0.05650000 0.01296330 -0.00174144
v -0.05650000 0.01298581 -0.00172226
v -0.05650000 0.01300735 -0.00170199
v -0.05650000 0.01302787 -0.00168068
v -0.05650000 0.01304731 -0.00165839
v -0.05650000 0.01306563 -0.00163517
v -0.05650000 0.01308278 -0.00161108
v -0.05650000 0.01309873 -0.00158617
v -0.05650000 0.01311342 -0.00156050
v -0.05650000 0.01312684 -0.00153414
v -0.05650000 0.01313894 -0.00150715
v -0.05650000 0.01314969 -0.00147959
v -0.05650000 0.01315908 -0.00145155
v -0.05650000 0.01316707 -0.00142307
v -0.05650000 0.01317364 -0.00139423
v -0.05650000 0.01317879 -0.00136510
v -0.05650000 0.00902746 0.00072497
v -0.05650000 0.00900455 0.00074181
v -0.05650000 0.00905114 0.00070923
v -0.05650000 0.00896126 0.00077866
v -0.05650000 0.00898247 0.00075973
v -0.05650000 0.00907554 0.00069463
v -0.05650000 0.00894097 0.00079859
v -0.05650000 0.01193217 -0.00135674
v -0.05850000 0.00867624 0.00175754
v -0.05650000 0.00852078 0.00239421
v -0.05650000 0.00851505 0.00242281
v -0.05650000 0.00852789 0.00236593
v -0.05650000 0.00851072 0.00245166
v -0.05650000 0.00850628 0.00250980
v -0.05650000 0.00850618 0.00253897
v -0.05650000 0.00850779 0.00248067
v -0.05650000 0.00850751 0.00256810
v -0.05650000 0.00851024 0.00259714
v -0.05650000 0.00851439 0.00262601
v -0.05650000 0.00851993 0.00265465
v -0.05650000 0.00852686 0.00268298
v -0.05650000 0.00853516 0.00271094
v -0.05650000 0.00854480 0.00273847
v -0.05650000 0.00855577 0.00276549
v -0.05650000 0.00856805 0.00279195
v -0.05650000 0.00858159 0.00281778
v -0.05650000 0.00859637 0.00284292
v -0.05650000 0.00861236 0.00286732
v -0.05650000 0.00862952 0.00289090
v -0.05650000 0.00864780 0.00291363
v -0.05650000 0.00866716 0.00293544
v -0.05650000 0.01056280 0.00634569
v -0.05650000 0.01057708 0.00637199
v -0.05650000 0.01054985 0.00631871
v -0.05650000 0.01059266 0.00639755
v -0.05650000 0.01060949 0.00642231
v -0.05650000 0.01053826 0.00629111
v -0.05650000 0.01052806 0.00626297
v -0.05650000 0.01162343 0.00636069
v -0.05650000 0.00991147 0.00453733
v -0.05650000 0.01161008 0.00638385
v -0.05650000 0.01158035 0.00642826
v -0.05650000 0.01159571 0.00640639
v -0.05650000 0.01156404 0.00644943
v -0.05650000 0.01154679 0.00646985
v -0.05650000 0.01152643 0.00649179
v -0.05650000 0.01071090 0.00653186
v -0.05650000 0.01073428 0.00655054
v -0.05650000 0.01068848 0.00651203
v -0.05650000 0.01066707 0.00649110
v -0.05650000 0.01064674 0.00646914
v -0.05650000 0.01062753 0.00644619
v -0.05650000 0.01148254 0.00653247
v -0.05650000 0.01150499 0.00651268
v -0.05650000 0.01075856 0.00656804
v -0.05650000 0.01078368 0.00658431
v -0.05650000 0.01143482 0.00656858
v -0.05650000 0.01145913 0.00655112
v -0.05650000 0.01080959 0.00659930
v -0.05650000 0.01083621 0.00661298
v -0.05650000 0.01086348 0.00662532
v -0.05650000 0.01089133 0.00663628
v -0.05650000 0.01091969 0.00664584
v -0.05650000 0.01140967 0.00658481
v -0.05650000 0.01132981 0.00662569
v -0.05650000 0.01138374 0.00659976
v -0.05650000 0.01135710 0.00661340
v -0.05650000 0.01130194 0.00663661
v -0.05650000 0.01094850 0.00665397
v -0.05650000 0.01097767 0.00666066
v -0.05650000 0.01100714 0.00666588
v -0.05650000 0.01124474 0.00665421
v -0.05650000 0.01127356 0.00664612
v -0.05650000 0.01121556 0.00666085
v -0.05650000 0.01115638 0.00666973
v -0.05650000 0.01118608 0.00666603
v -0.05650000 0.01112653 0.00667194
v -0.05650000 0.01109661 0.00667266
v -0.05650000 0.01106669 0.00667189
v -0.05650000 0.01103684 0.00666963
v -0.06130000 0.00852789 0.00236593
v -0.06130000 0.00864780 0.00291363
v -0.06130000 0.00966840 0.00416062
v -0.06130000 0.00862952 0.00289090
v -0.06130000 0.00861236 0.00286732
v -0.06130000 0.00859637 0.00284292
v -0.06130000 0.00858159 0.00281778
v -0.06130000 0.00856805 0.00279195
v -0.06130000 0.00855577 0.00276549
v -0.06130000 0.00854480 0.00273847
v -0.06130000 0.00853516 0.00271094
v -0.06130000 0.00852686 0.00268298
v -0.06130000 0.00851993 0.00265465
v -0.06130000 0.00851439 0.00262601
v -0.06130000 0.00851024 0.00259714
v -0.06130000 0.00850751 0.00256810
v -0.06130000 0.00850618 0.00253897
v -0.06130000 0.00850628 0.00250980
v -0.06130000 0.00850779 0.00248067
v -0.06130000 0.00851072 0.00245166
v -0.06130000 0.00851505 0.00242281
v -0.06130000 0.00852078 0.00239421
v -0.06130000 0.01045148 0.00601253
v -0.06130000 0.01161008 0.00638385
v -0.06130000 0.01159571 0.00640639
v -0.06130000 0.01158035 0.00642826
v -0.06130000 0.01156404 0.00644943
v -0.06130000 0.01154679 0.00646985
v -0.06130000 0.01152643 0.00649179
v -0.06130000 0.01150499 0.00651268
v -0.06130000 0.01148254 0.00653247
v -0.06130000 0.01145913 0.00655112
v -0.06130000 0.01143482 0.00656858
v -0.06130000 0.01140967 0.00658481
v -0.06130000 0.01138374 0.00659976
v -0.06130000 0.01135710 0.00661340
v -0.06130000 0.01132981 0.00662569
v -0.06130000 0.01130194 0.00663661
v -0.06130000 0.01127356 0.00664612
v -0.06130000 0.01124474 0.00665421
v -0.06130000 0.01121556 0.00666085
v -0.06130000 0.01118608 0.00666603
v -0.06130000 0.01115638 0.00666973
v -0.06130000 0.01112653 0.00667194
v -0.06130000 0.01109661 0.00667266
v -0.06130000 0.01106669 0.00667189
v -0.06130000 0.01103684 0.00666963
v -0.06130000 0.01100714 0.00666588
v -0.06130000 0.01097767 0.00666066
v -0.06130000 0.01094850 0.00665397
v -0.06130000 0.01091969 0.00664584
v -0.06130000 0.01089133 0.00663628
v -0.06130000 0.01086348 0.00662532
v -0.06130000 0.01083621 0.00661298
v -0.06130000 0.01080959 0.00659930
v -0.06130000 0.01078368 0.00658431
v -0.06130000 0.01075856 0.00656804
v -0.06130000 0.01073428 0.00655054
v -0.06130000 0.01071090 0.00653186
v -0.06130000 0.01068848 0.00651203
v -0.06130000 0.01066707 0.00649110
v -0.06130000 0.01064674 0.00646914
v -0.06130000 0.01062753 0.00644619
v -0.06130000 0.01060949 0.00642231
v -0.06130000 0.01059266 0.00639755
v -0.06130000 0.01057708 0.00637199
v -0.06130000 0.01056280 0.00634569
v -0.06130000 0.01054985 0.00631871
v -0.06130000 0.01053826 0.00629111
v -0.06176667 -0.00204970 -0.01464517
v -0.06130000 -0.00030319 -0.01324653
v -0.06130000 0.00000599 -0.01500000
v -0.06130000 -0.00027361 -0.01324648
v -0.06130000 -0.00024407 -0.01324497
v -0.06130000 -0.00021465 -0.01324200
v -0.06130000 -0.00018540 -0.01323759
v -0.06130000 -0.00015640 -0.01323175
v -0.06130000 -0.00012773 -0.01322448
v -0.06130000 -0.00009946 -0.01321581
v -0.06130000 -0.00007164 -0.01320575
v -0.06130000 -0.00004435 -0.01319434
v -0.06130000 0.00075367 -0.01498105
v -0.06130000 -0.00001766 -0.01318159
v -0.06130000 0.00000837 -0.01316755
v -0.06130000 0.00003367 -0.01315224
v -0.06130000 0.00005820 -0.01313570
v -0.06130000 0.00008187 -0.01311797
v -0.06130000 0.00010465 -0.01309910
v -0.06130000 0.00012646 -0.01307913
v -0.06130000 0.00014727 -0.01305811
v -0.06130000 0.00016701 -0.01303609
v -0.06130000 0.00149948 -0.01492486
v -0.06130000 0.00018565 -0.01301312
v -0.06130000 0.00020313 -0.01298926
v -0.06130000 0.00021941 -0.01296457
v -0.06130000 0.00023446 -0.01293910
v -0.06130000 0.00024823 -0.01291293
v -0.06130000 0.00026070 -0.01288611
v -0.06130000 0.00027183 -0.01285870
v -0.06130000 0.00224156 -0.01483157
v -0.06130000 0.00028160 -0.01283078
v -0.06130000 0.00028998 -0.01280242
v -0.06130000 0.00029695 -0.01277367
v -0.06130000 0.00030249 -0.01274462
v -0.06130000 0.00030660 -0.01271533
v -0.06130000 0.00030926 -0.01268587
v -0.06130000 0.00297806 -0.01470140
v -0.06130000 0.00031046 -0.01265632
v -0.06130000 0.00031021 -0.01262674
v -0.06130000 0.00030850 -0.01259721
v -0.06130000 0.00030533 -0.01256781
v -0.06130000 0.00370716 -0.01453468
v -0.06130000 0.00030072 -0.01253859
v -0.06130000 0.00029468 -0.01250964
v -0.06130000 0.00028721 -0.01248102
v -0.06130000 -0.00905229 -0.01196060
v -0.06130000 -0.00776938 -0.01073239
v -0.06130000 -0.00778997 -0.01071535
v -0.06130000 -0.00780978 -0.01069741
v -0.06130000 -0.00782877 -0.01067860
v -0.06130000 -0.00784691 -0.01065896
v -0.06130000 -0.00786615 -0.01063604
v -0.06130000 -0.00788423 -0.01061219
v -0.06130000 -0.00790110 -0.01058747
v -0.06130000 -0.00791672 -0.01056193
v -0.06130000 -0.00963723 -0.01149452
v -0.06130000 -0.00793104 -0.01053565
v -0.06130000 -0.00794404 -0.01050869
v -0.06130000 -0.00795567 -0.01048111
v -0.06130000 -0.00796591 -0.01045299
v -0.06130000 -0.00797474 -0.01042439
v -0.06130000 -0.00798213 -0.01039538
v -0.06130000 -0.00798807 -0.01036605
v -0.06130000 -0.00799253 -0.01033645
v -0.06130000 -0.01019820 -0.01099985
v -0.06130000 -0.00799551 -0.01030667
v -0.06130000 -0.00799701 -0.01027678
v -0.06130000 -0.00799701 -0.01024684
v -0.06130000 -0.00799552 -0.01021695
v -0.06130000 -0.00799254 -0.01018717
v -0.06130000 -0.00798808 -0.01015757
v -0.06130000 -0.00798215 -0.01012824
v -0.06130000 -0.00797476 -0.01009923
v -0.06130000 -0.01073382 -0.01047784
v -0.06130000 -0.00796593 -0.01007063
v -0.06130000 -0.00795569 -0.01004251
v -0.06130000 -0.00794407 -0.01001493
v -0.06130000 -0.00793107 -0.00998796
v -0.06130000 -0.00791676 -0.00996168
v -0.06130000 -0.01124275 -0.00992978
v -0.06130000 -0.00790114 -0.00993614
v -0.06130000 -0.00788428 -0.00991142
v -0.06130000 -0.00786620 -0.00988756
v -0.06130000 -0.00784695 -0.00986464
v -0.06130000 -0.00782659 -0.00984270
v -0.06130000 -0.01172374 -0.00935703
v -0.06130000 -0.00780516 -0.00982181
v -0.06130000 -0.00778271 -0.00980201
v -0.06130000 -0.00775930 -0.00978336
v -0.06120000 0.00566928 -0.00965467
v -0.06116286 0.00464160 -0.00939125
v -0.06130000 0.00429528 -0.00919372
v -0.06130000 0.00026810 -0.01242505
v -0.06130000 0.00027835 -0.01245280
v -0.06117368 0.00693634 -0.00945168
v -0.06130000 0.00416960 -0.00911262
v -0.06130000 0.00024358 -0.01237124
v -0.06130000 0.00025650 -0.01239784
v -0.06130000 0.00404811 -0.00902535
v -0.06130000 0.00021387 -0.01232010
v -0.06130000 0.00022935 -0.01234531
v -0.06130000 0.00393112 -0.00893213
v -0.06130000 0.00019716 -0.01229570
v -0.06130000 0.00381893 -0.00883320
v -0.06130000 0.00016025 -0.01224950
v -0.06130000 0.00017928 -0.01227214
v -0.06113448 0.00795390 -0.00881201
v -0.06130000 0.00371180 -0.00872879
v -0.06130000 0.00013947 -0.01222714
v -0.06130000 0.00014652 -0.01223448
v -0.06130000 0.00015345 -0.01224193
v -0.06130000 0.00341827 -0.00838916
v -0.06116667 0.00301980 -0.00765318
v -0.06130000 -0.00105152 -0.01083756
v -0.06130000 -0.00181060 -0.00892018
v -0.06130000 0.00297102 -0.00744690
v -0.06130000 -0.00180037 -0.00894671
v -0.06130000 -0.00183477 -0.00886872
v -0.06130000 0.00293405 -0.00730196
v -0.06130000 -0.00182208 -0.00889417
v -0.06130000 0.00290435 -0.00715535
v -0.06130000 -0.00184866 -0.00884391
v -0.06130000 -0.00770984 -0.00974967
v -0.06130000 -0.00882217 -0.00475339
v -0.06130000 -0.00768392 -0.00973471
v -0.06130000 -0.00765728 -0.00972107
v -0.06130000 -0.00897134 -0.00474227
v -0.06130000 -0.00773499 -0.00976590
v -0.06112857 -0.00872483 -0.00477389
v -0.05895854 -0.00584058 -0.00925933
v -0.06122381 -0.01021427 -0.00440671
v -0.06122258 -0.00769798 -0.00463213
v -0.06130000 -0.00195693 -0.00870952
v -0.06130000 -0.00024724 -0.00499388
v -0.06130000 -0.00193567 -0.00873027
v -0.06130000 -0.00191545 -0.00875205
v -0.06130000 -0.00049585 -0.00497535
v -0.06130000 -0.00202653 -0.00865393
v -0.06130000 -0.00200242 -0.00867130
v -0.06130000 -0.00197921 -0.00868984
v -0.06130000 0.00000200 -0.00500000
v -0.06130000 -0.00189714 -0.00877380
v -0.06130000 -0.00187987 -0.00879639
v -0.06130000 -0.00186370 -0.00881978
v -0.06130000 -0.00210359 -0.00860925
v -0.06130000 -0.00074324 -0.00494445
v -0.06130000 -0.00207718 -0.00862287
v -0.06130000 -0.00205147 -0.00863777
v -0.06130000 0.00025122 -0.00499368
v -0.06130000 -0.00135470 -0.00482229
v -0.06130000 -0.00238849 -0.00852256
v -0.06130000 -0.00194033 -0.00460816
v -0.06130000 -0.00345630 -0.00815047
v -0.06130000 -0.00342862 -0.00815968
v -0.06130000 -0.00398379 -0.00823807
v -0.06130000 -0.00351282 -0.00813611
v -0.06130000 -0.00216762 -0.00450571
v -0.06130000 -0.00348438 -0.00814260
v -0.06433988 0.01152151 -0.01045731
v -0.06124483 0.00892631 -0.00741739
v -0.06130000 -0.00686146 -0.00414773
v -0.06130000 -0.00395975 -0.00822155
v -0.06130000 -0.00393494 -0.00820622
v -0.06130000 -0.00359954 -0.00812503
v -0.06130000 -0.00238952 -0.00439206
v -0.06130000 -0.00357047 -0.00812732
v -0.06130000 -0.00354153 -0.00813101
v -0.06130000 -0.00674455 -0.00405442
v -0.06130000 -0.00390942 -0.00819211
v -0.06130000 -0.00388323 -0.00817926
v -0.06130000 -0.00368696 -0.00812667
v -0.06130000 -0.00260547 -0.00426749
v -0.06130000 -0.00365786 -0.00812471
v -0.06130000 -0.00362870 -0.00812416
v -0.06119333 0.00326677 -0.00505083
v -0.06130000 -0.00663243 -0.00395540
v -0.06130000 -0.00385646 -0.00816770
v -0.06130000 -0.00377321 -0.00814099
v -0.06130000 -0.00281495 -0.00413232
v -0.06130000 -0.00374470 -0.00813482
v -0.06130000 -0.00371593 -0.00813004
v -0.06130000 -0.00382915 -0.00815745
v -0.06130000 -0.00301743 -0.00398687
v -0.06130000 -0.00380138 -0.00814854
v -0.06130000 0.00225914 -0.00458953
v -0.06130000 -0.00321241 -0.00383151
v -0.06130000 -0.00500098 -0.00159022
v -0.06130000 0.00407032 -0.00371935
v -0.06121579 -0.01170387 -0.00143946
v -0.06123600 -0.00575608 -0.00275733
v -0.06130000 0.01422082 -0.00477162
v -0.06130000 0.01255046 -0.00187425
v -0.06130000 0.01444098 -0.00405684
v -0.06130000 0.01252099 -0.00187179
v -0.06130000 0.01258002 -0.00187525
v -0.06130000 0.01249167 -0.00186788
v -0.06130000 0.01260960 -0.00187479
v -0.06130000 0.01201265 -0.00143140
v -0.06130000 0.01263911 -0.00187288
v -0.06130000 0.01266850 -0.00186951
v -0.06130000 0.01269768 -0.00186470
v -0.06130000 0.01272660 -0.00185846
v -0.06130000 0.01462525 -0.00333198
v -0.06112857 0.00864943 -0.00548745
v -0.06130000 0.01275516 -0.00185080
v -0.06130000 0.01278332 -0.00184174
v -0.06123514 0.00798277 -0.00445365
v -0.06130000 0.01281100 -0.00183131
v -0.06130000 0.01283812 -0.00181952
v -0.06130000 0.01286464 -0.00180641
v -0.06130000 0.01289048 -0.00179202
v -0.06130000 0.01291557 -0.00177636
v -0.06130000 0.01477315 -0.00259882
v -0.06130000 0.01293986 -0.00175949
v -0.06130000 0.01296330 -0.00174144
v -0.06117027 -0.00585164 -0.00067929
v -0.06130000 0.01298581 -0.00172226
v -0.06130000 0.01300735 -0.00170199
v -0.06130000 0.01302787 -0.00168068
v -0.06130000 0.01304731 -0.00165839
v -0.06130000 0.01306563 -0.00163517
v -0.06130000 0.01308278 -0.00161108
v -0.06130000 0.01309873 -0.00158617
v -0.06130000 0.01488433 -0.00185921
v -0.06130000 0.01311342 -0.00156050
v -0.06130000 0.01312684 -0.00153414
v -0.06130000 0.01313894 -0.00150715
v -0.06130000 0.01314969 -0.00147959
v -0.06130000 0.01315908 -0.00145155
v -0.06130000 0.01316707 -0.00142307
v -0.06130000 0.01317364 -0.00139423
v -0.06121111 -0.01085379 0.00035777
v -0.06130000 0.00492439 -0.00086627
v -0.06130000 0.00674169 -0.00376615
v -0.06130000 0.01317879 -0.00136510
v -0.06130000 0.01318250 -0.00133576
v -0.06112857 0.00693258 -0.00381326
v -0.06130000 0.00688350 -0.00381374
v -0.06130000 0.00907554 0.00069463
v -0.06130000 0.00905114 0.00070923
v -0.06130000 0.00902746 0.00072497
v -0.06130000 0.00900455 0.00074181
v -0.06130000 0.00898247 0.00075973
v -0.06130000 0.00496144 -0.00061974
v -0.06130000 0.00896126 0.00077866
v -0.06130000 0.00894097 0.00079859
v -0.06130000 0.00498617 -0.00037166
v -0.06130000 0.00499850 -0.00012266
v -0.06130000 0.00499840 0.00012665
v -0.06130000 0.00498587 0.00037564
v -0.06130000 0.00496095 0.00062370
v -0.06432400 -0.00507941 0.00047657
v -0.06130000 -0.00445027 0.00227928
v -0.06130000 -0.00764889 0.00106243
v -0.06130000 0.00490618 0.00097137
v -0.06130000 0.00481258 0.00135612
v -0.06130000 0.00473900 0.00159433
v -0.06130000 0.00465364 0.00182856
v -0.06130000 0.00455671 0.00205825
v -0.06130000 -0.01444098 0.00405684
v -0.06130000 0.00444845 0.00228283
v -0.06130000 0.00432913 0.00250173
v -0.06130000 0.00419905 0.00271441
v -0.06130000 -0.00997656 0.00094533
v -0.06130000 -0.01083685 0.00597474
v -0.06130000 -0.00984023 0.00100691
v -0.06130000 -0.01086672 0.00597694
v -0.06130000 -0.01080692 0.00597403
v -0.06130000 -0.01089643 0.00598063
v -0.06130000 -0.01010964 0.00087704
v -0.06130000 -0.01077698 0.00597481
v -0.06130000 -0.00970101 0.00106161
v -0.06130000 -0.01092593 0.00598580
v -0.06130000 -0.01074713 0.00597708
v -0.06130000 -0.00955924 0.00110931
v -0.06130000 -0.01095513 0.00599244
v -0.06130000 -0.01071742 0.00598084
v -0.06130000 -0.01098396 0.00600052
v -0.06130000 -0.01068794 0.00598608
v -0.06130000 -0.00941526 0.00114988
v -0.06130000 -0.01101235 0.00601003
v -0.06130000 -0.01065875 0.00599279
v -0.06130000 -0.01422082 0.00477162
v -0.06130000 -0.01104024 0.00602095
v -0.06130000 -0.01106754 0.00603324
v -0.06130000 -0.01109420 0.00604689
v -0.06130000 -0.01112014 0.00606184
v -0.06130000 -0.01396529 0.00547454
v -0.06130000 -0.01114530 0.00607807
v -0.06130000 -0.01116963 0.00609553
v -0.06130000 -0.01119305 0.00611419
v -0.06130000 -0.01121551 0.00613399
v -0.06119474 -0.00813799 0.00125822
v -0.06130000 -0.01123696 0.00615489
v -0.06130000 -0.01125733 0.00617683
v -0.06130000 -0.01367505 0.00616385
v -0.06130000 -0.01127619 0.00619926
v -0.06130000 -0.01129393 0.00622259
v -0.06130000 -0.01131051 0.00624675
v -0.06130000 -0.01132589 0.00627170
v -0.06130000 -0.01134003 0.00629736
v -0.06130000 -0.00678935 0.00602487
v -0.06130000 -0.00676023 0.00602322
v -0.06130000 -0.00779070 0.00111001
v -0.06130000 -0.00681835 0.00602793
v -0.06130000 -0.00793471 0.00115047
v -0.06130000 -0.00673106 0.00602299
v -0.06130000 -0.00684718 0.00603239
v -0.06130000 -0.00670192 0.00602417
v -0.06130000 -0.00433112 0.00249827
v -0.06130000 -0.00667287 0.00602677
v -0.06130000 -0.00664398 0.00603078
v -0.06130000 -0.00420121 0.00271105
v -0.06130000 -0.01135290 0.00632368
v -0.06130000 -0.00661532 0.00603619
v -0.06130000 -0.00658696 0.00604299
v -0.06130000 -0.00655896 0.00605115
v -0.06130000 -0.00406085 0.00291710
v -0.06130000 -0.01136447 0.00635061
v -0.06130000 -0.00653139 0.00606067
v -0.06130000 -0.00650431 0.00607152
v -0.06130000 -0.01137472 0.00637806
v -0.06130000 -0.00647780 0.00608366
v -0.06130000 -0.00391040 0.00311589
v -0.06130000 -0.00645190 0.00609709
v -0.06130000 -0.00642669 0.00611175
v -0.06130000 -0.00758673 0.00617754
v -0.06130000 -0.00640222 0.00612762
v -0.06130000 -0.00375023 0.00330693
v -0.06130000 -0.00637855 0.00614467
v -0.06130000 -0.00635574 0.00616284
v -0.06130000 -0.00358073 0.00348975
v -0.06130000 -0.00633384 0.00618210
v -0.06125932 0.00189861 0.00519449
v -0.06130000 -0.01335081 0.00683783
v -0.06130000 -0.01138361 0.00640598
v -0.06130000 -0.01139113 0.00643431
v -0.06130000 -0.01139725 0.00646296
v -0.06469091 -0.01172690 0.01058970
v -0.06130000 0.00474454 0.00609292
v -0.06130000 0.00485665 0.00619194
v -0.06130000 0.00496369 0.00629643
v -0.06130000 -0.00315131 0.00389169
v -0.06130000 -0.00552671 0.00691261
v -0.06130000 -0.00528967 0.00711025
v -0.06130000 -0.00260888 0.00426541
v -0.06130000 -0.00527090 0.00713257
v -0.06130000 -0.00525323 0.00715577
v -0.06130000 -0.00523671 0.00717981
v -0.06130000 -0.00239302 0.00439015
v -0.06130000 -0.00522138 0.00720462
v -0.06130000 -0.00520727 0.00723015
v -0.06130000 -0.00519442 0.00725633
v -0.06130000 -0.00217122 0.00450398
v -0.06130000 -0.00518286 0.00728311
v -0.06130000 -0.00517261 0.00731042
v -0.06130000 -0.00516370 0.00733819
v -0.06130000 -0.00194401 0.00460661
v -0.06117368 -0.00001545 0.00734827
v -0.06130000 -0.00515616 0.00736636
v -0.06130000 -0.00514998 0.00739487
v -0.06130000 -0.00171198 0.00469778
v -0.06130000 -0.00514521 0.00742364
v -0.06118571 0.00508101 0.00638122
v -0.06130000 -0.00514183 0.00745261
v -0.06130000 -0.00010926 0.00772155
v -0.06130000 -0.00013896 0.00786816
v -0.06130000 -0.00513933 0.00751087
v -0.06130000 -0.00513987 0.00748171
v -0.06130000 -0.00016131 0.00801606
v -0.06130000 -0.00514020 0.00754003
v -0.06130000 0.00574031 0.00772389
v -0.06121273 -0.00019032 0.00877136
v -0.06130000 0.00576989 0.00787052
v -0.06130000 0.01298739 0.00750519
v -0.06130000 0.00579212 0.00801844
v -0.06130000 0.00580696 0.00816729
v -0.06130000 0.00581435 0.00831669
v -0.06130000 0.01259714 0.00814322
v -0.06130000 0.01217557 0.00876102
v -0.06130000 0.01172374 0.00935703
v -0.06130000 0.01124275 0.00992978
v -0.06112857 0.00008637 0.00967755
v -0.05900141 -0.00517731 0.00955343
v -0.06130000 -0.00460346 0.01140326
v -0.06130000 0.00014510 0.00975785
v -0.06130000 0.01073382 0.01047784
v -0.06130000 -0.00459752 0.01143261
v -0.06130000 0.00021658 0.00988924
v -0.06130000 -0.00459304 0.01146222
v -0.06130000 -0.00459005 0.01149201
v -0.06130000 0.00029453 0.01001691
v -0.06130000 -0.00458855 0.01152192
v -0.06130000 -0.00458854 0.01155186
v -0.06130000 0.00037874 0.01014054
v -0.06130000 -0.00459003 0.01158177
v -0.06130000 -0.00459300 0.01161156
v -0.06120204 0.00089891 0.01073390
v -0.06130000 -0.00529483 0.01212752
v -0.06130000 -0.00583204 0.01381982
v -0.06130000 -0.00526587 0.01213202
v -0.06130000 -0.00523673 0.01213509
v -0.06130000 -0.00520747 0.01213674
v -0.06130000 -0.00517817 0.01213696
v -0.06130000 -0.00540744 0.01209562
v -0.06130000 -0.00537990 0.01210565
v -0.06130000 -0.00535191 0.01211432
v -0.06130000 -0.00532353 0.01212162
v -0.06122727 0.00561972 0.00963019
v -0.06130000 -0.00513593 0.01409334
v -0.06130000 -0.00514889 0.01213575
v -0.06130000 -0.00511971 0.01213311
v -0.06130000 -0.00509069 0.01212904
v -0.06130000 -0.00506190 0.01212357
v -0.06130000 -0.00503341 0.01211669
v -0.06130000 -0.00500530 0.01210844
v -0.06130000 -0.00497762 0.01209882
v -0.06130000 -0.00495044 0.01208786
v -0.06130000 -0.00492383 0.01207559
v -0.06130000 -0.00442705 0.01433183
v -0.06130000 -0.00489785 0.01206203
v -0.06130000 -0.00487257 0.01204722
v -0.06130000 -0.00484803 0.01203119
v -0.06130000 -0.00482431 0.01201399
v -0.06130000 -0.00480146 0.01199564
v -0.06130000 -0.00477953 0.01197621
v -0.06130000 -0.00475858 0.01195572
v -0.06117368 0.00478823 0.01069041
v -0.06130000 -0.00370716 0.01453468
v -0.06130000 -0.00473865 0.01193424
v -0.06130000 -0.00471939 0.01191131
v -0.06130000 -0.00470130 0.01188744
v -0.06130000 -0.00468443 0.01186271
v -0.06130000 -0.00466881 0.01183716
v -0.06130000 -0.00465448 0.01181086
v -0.06130000 -0.00297806 0.01470140
v -0.06130000 -0.00464149 0.01178389
v -0.06130000 -0.00462985 0.01175630
v -0.06130000 -0.00461961 0.01172816
v -0.06130000 -0.00461078 0.01169954
v -0.06130000 -0.00224156 0.01483157
v -0.06130000 -0.00460339 0.01167053
v -0.06130000 -0.00459746 0.01164117
v -0.06304118 -0.00156173 0.01508410
v -0.06218407 0.00845702 0.01195568
v -0.06567568 0.01167231 0.01083440
v -0.06562500 0.00695246 0.01422918
v -0.06560000 -0.00274032 0.01570517
v -0.06358158 -0.01558992 0.00124945
v -0.06546667 -0.01563732 -0.00379938
v -0.06565116 0.00153246 -0.01585726
v -0.06548276 0.01497973 -0.00544819
v -0.06628571 0.00198745 -0.01487056
v -0.06636364 0.00370716 -0.01453468
v -0.06407152 0.00578717 -0.01432720
v -0.06541429 -0.00688727 -0.01399025
v -0.06628571 -0.01049749 -0.01072237
v -0.06636364 -0.01172374 -0.00935703
v -0.06543158 -0.01238426 -0.00971432
v -0.06600000 -0.01447628 -0.00420265
v -0.06636364 0.01396529 -0.00547454
v -0.06626667 0.01433060 -0.00444976
v -0.06551351 0.01579309 -0.00034113
v -0.06628571 -0.01453459 0.00372991
v -0.06636364 -0.01396529 0.00547454
v -0.06260549 0.01389848 0.00582449
v -0.06636364 0.01124275 0.00992978
v -0.06636364 0.01073382 0.01047784
v -0.06600000 0.00905229 0.01196060
v -0.06520000 0.00341389 0.01525318
v -0.06636364 -0.00370716 0.01453468
v -0.06636364 -0.00297806 0.01470140
v -0.06600000 -0.00075367 0.01498105
v -0.06633333 -0.01124275 -0.00992978
v -0.06650000 -0.01217557 -0.00876102
v -0.06650000 -0.01259714 -0.00814322
v -0.06650000 -0.01298739 -0.00750519
v -0.06650000 -0.01334534 -0.00684849
v -0.06650000 -0.01367012 -0.00617476
v -0.06650000 -0.01396092 -0.00548569
v -0.06650000 -0.01421700 -0.00478298
v -0.06650000 -0.01443774 -0.00406837
v -0.06650000 -0.01462258 -0.00334365
v -0.06650000 -0.01477108 -0.00261062
v -0.06650000 -0.01488284 -0.00187110
v -0.06650000 -0.01495761 -0.00112692
v -0.06650000 -0.01499519 -0.00037995
v -0.06650000 -0.01499549 0.00036797
v -0.06650000 -0.01495850 0.00111498
v -0.06650000 -0.01488433 0.00185921
v -0.06650000 -0.01477315 0.00259882
v -0.06650000 -0.01462525 0.00333198
v -0.06650000 -0.01422082 0.00477162
v -0.06650000 -0.01367505 0.00616385
v -0.06650000 -0.01335081 0.00683783
v -0.06650000 -0.01299337 0.00749481
v -0.06650000 -0.01260364 0.00813316
v -0.06650000 -0.01218256 0.00875129
v -0.06650000 -0.01173121 0.00934766
v -0.06650000 -0.01125068 0.00992080
v -0.06650000 -0.01074218 0.01046926
v -0.06650000 -0.01020698 0.01099170
v -0.06650000 -0.00964640 0.01148682
v -0.06650000 -0.00906184 0.01195337
v -0.06650000 -0.00845475 0.01239021
v -0.06650000 -0.00782664 0.01279624
v -0.06650000 -0.00717907 0.01317046
v -0.06650000 -0.00651365 0.01351193
v -0.06650000 -0.00583204 0.01381982
v -0.06650000 -0.00513593 0.01409334
v -0.06650000 -0.00442705 0.01433183
v -0.06636364 -0.00187129 0.01488438
v -0.06650000 -0.00149948 0.01492486
v -0.06650000 -0.00075367 0.01498105
v -0.06650000 -0.00000599 0.01500000
v -0.06650000 0.00074171 0.01498165
v -0.06650000 0.00148756 0.01492606
v -0.06650000 0.00222971 0.01483335
v -0.06650000 0.00296632 0.01470377
v -0.06650000 0.00369556 0.01453764
v -0.06650000 0.00441560 0.01433536
v -0.06650000 0.00512467 0.01409744
v -0.06650000 0.00582100 0.01382447
v -0.06650000 0.00650286 0.01351713
v -0.06650000 0.00716855 0.01317619
v -0.06650000 0.00781642 0.01280248
v -0.06650000 0.00844485 0.01239695
v -0.06650000 0.00905229 0.01196060
v -0.06650000 0.00963723 0.01149452
v -0.06650000 0.01019820 0.01099985
v -0.06630769 0.01188456 0.00915646
v -0.06650000 0.01217557 0.00876102
v -0.06650000 0.01259714 0.00814322
v -0.06650000 0.01298739 0.00750519
v -0.06650000 0.01334534 0.00684849
v -0.06650000 0.01367012 0.00617476
v -0.06650000 0.01396092 0.00548569
v -0.06650000 0.01421700 0.00478298
v -0.06650000 0.01443774 0.00406837
v -0.06650000 0.01462258 0.00334365
v -0.06650000 0.01477108 0.00261062
v -0.06650000 0.01488284 0.00187110
v -0.06650000 0.01495761 0.00112692
v -0.06650000 0.01499519 0.00037995
v -0.06650000 0.01499549 -0.00036797
v -0.06650000 0.01495850 -0.00111498
v -0.06650000 0.01488433 -0.00185921
v -0.06650000 0.01477315 -0.00259882
v -0.06650000 0.01462525 -0.00333198
v -0.06650000 0.01444098 -0.00405684
v -0.06650000 0.01367505 -0.00616385
v -0.06650000 0.01335081 -0.00683783
v -0.06650000 0.01299337 -0.00749481
v -0.06650000 0.01260364 -0.00813316
v -0.06650000 0.01218256 -0.00875129
v -0.06650000 0.01173121 -0.00934766
v -0.06650000 0.01125068 -0.00992080
v -0.06650000 0.01074218 -0.01046926
v -0.06650000 0.01020698 -0.01099170
v -0.06650000 0.00964640 -0.01148682
v -0.06650000 0.00906184 -0.01195337
v -0.06650000 0.00845475 -0.01239021
v -0.06650000 0.00782664 -0.01279624
v -0.06650000 0.00717907 -0.01317046
v -0.06650000 0.00651365 -0.01351193
v -0.06650000 0.00583204 -0.01381982
v -0.06650000 0.00513593 -0.01409334
v -0.06650000 0.00442705 -0.01433183
v -0.06650000 0.00297806 -0.01470140
v -0.06650000 0.00149948 -0.01492486
v -0.06650000 0.00075367 -0.01498105
v -0.06650000 0.00000599 -0.01500000
v -0.06650000 -0.00074171 -0.01498165
v -0.06650000 -0.00148756 -0.01492606
v -0.06650000 -0.00222971 -0.01483335
v -0.06650000 -0.00296632 -0.01470377
v -0.06650000 -0.00369556 -0.01453764
v -0.06650000 -0.00441560 -0.01433536
v -0.06650000 -0.00512467 -0.01409744
v -0.06650000 -0.00582100 -0.01382447
v -0.06650000 -0.00650286 -0.01351713
v -0.06650000 -0.00716855 -0.01317619
v -0.06650000 -0.00781642 -0.01280248
v -0.06650000 -0.00844485 -0.01239695
v -0.06650000 -0.00905229 -0.01196060
v -0.06650000 -0.00963723 -0.01149452
v -0.06650000 -0.01019820 -0.01099985
v -0.06650000 -0.00222378 0.01335323
v -0.06650000 -0.00230333 0.01335916
v -0.06650000 -0.00238309 0.01336112
v -0.06650000 -0.00214461 0.01334334
v -0.06650000 -0.00246284 0.01335910
v -0.06650000 -0.00206604 0.01332952
v -0.06650000 -0.00254239 0.01335311
v -0.06650000 -0.00198826 0.01331180
v -0.06650000 -0.00262155 0.01334315
v -0.06650000 -0.00191145 0.01329022
v -0.06650000 -0.00270011 0.01332927
v -0.06650000 -0.00183582 0.01326485
v -0.06650000 -0.00277788 0.01331149
v -0.06650000 -0.00176154 0.01323573
v -0.06650000 -0.00285467 0.01328985
v -0.06650000 -0.00168881 0.01320295
v -0.06650000 -0.00293028 0.01326441
v -0.06650000 -0.00161780 0.01316658
v -0.06650000 -0.00300453 0.01323523
v -0.06650000 -0.00154870 0.01312672
v -0.06650000 -0.00307724 0.01320239
v -0.06650000 -0.00148167 0.01308346
v -0.06650000 -0.00314822 0.01316597
v -0.06650000 -0.00141687 0.01303692
v -0.06650000 -0.00321729 0.01312605
v -0.06650000 -0.00135448 0.01298720
v -0.06650000 -0.00328429 0.01308274
v -0.06650000 -0.00129464 0.01293444
v -0.06650000 -0.00334905 0.01303615
v -0.06650000 -0.00123751 0.01287876
v -0.06650000 -0.00341140 0.01298638
v -0.06650000 -0.00118322 0.01282030
v -0.06650000 -0.00347119 0.01293357
v -0.06650000 -0.00113192 0.01275920
v -0.06650000 -0.00352828 0.01287784
v -0.06650000 -0.00108372 0.01269563
v -0.06650000 -0.00358252 0.01281934
v -0.06650000 -0.00103875 0.01262973
v -0.06650000 -0.00363378 0.01275820
v -0.06650000 -0.00099713 0.01256167
v -0.06650000 -0.00368192 0.01269459
v -0.06650000 -0.00095895 0.01249163
v -0.06650000 -0.00372684 0.01262866
v -0.06650000 -0.00092430 0.01241976
v -0.06650000 -0.00376841 0.01256057
v -0.06650000 -0.00089328 0.01234626
v -0.06650000 -0.00380654 0.01249049
v -0.06650000 -0.00086597 0.01227130
v -0.06650000 -0.00384112 0.01241860
v -0.06650000 -0.00084242 0.01219508
v -0.06650000 -0.00387208 0.01234507
v -0.06650000 -0.00082271 0.01211778
v -0.06650000 -0.00389934 0.01227009
v -0.06650000 -0.00392282 0.01219385
v -0.06650000 -0.00394248 0.01211653
v -0.06650000 -0.00395825 0.01203833
v -0.06650000 -0.00397011 0.01195944
v -0.06650000 -0.00397802 0.01188005
v -0.06650000 -0.00398197 0.01180037
v -0.06650000 -0.00398194 0.01172059
v -0.06650000 -0.00397793 0.01164091
v -0.06650000 -0.00396995 0.01156154
v -0.06650000 -0.00395803 0.01148265
v -0.06650000 -0.00394219 0.01140446
v -0.06650000 -0.00392248 0.01132716
v -0.06650000 -0.00389893 0.01125094
v -0.06650000 -0.00387161 0.01117598
v -0.06650000 -0.00384060 0.01110248
v -0.06650000 -0.00380595 0.01103061
v -0.06650000 -0.00376777 0.01096057
v -0.06650000 -0.00372614 0.01089251
v -0.06650000 -0.00368118 0.01082661
v -0.06650000 0.00301360 0.01038042
v -0.06650000 0.00291415 0.01038784
v -0.06650000 0.00281446 0.01039028
v -0.06650000 0.00311255 0.01036806
v -0.06650000 0.00271477 0.01038776
v -0.06650000 0.00321077 0.01035078
v -0.06650000 0.00261533 0.01038026
v -0.06650000 -0.00363298 0.01076304
v -0.06650000 0.00330800 0.01032863
v -0.06650000 0.00251638 0.01036782
v -0.06650000 0.00340400 0.01030166
v -0.06650000 0.00241818 0.01035047
v -0.06650000 0.00349855 0.01026994
v -0.06650000 0.00232097 0.01032824
v -0.06650000 0.00359139 0.01023354
v -0.06650000 0.00222498 0.01030119
v -0.06650000 -0.00080687 0.01203959
v -0.06650000 0.00368231 0.01019257
v -0.06650000 0.00213047 0.01026939
v -0.06650000 -0.00079495 0.01196070
v -0.06650000 0.00377106 0.01014711
v -0.06650000 0.00203765 0.01023292
v -0.06650000 -0.00078697 0.01188132
v -0.06650000 0.00385745 0.01009728
v -0.06650000 0.00194677 0.01019187
v -0.06650000 -0.00078296 0.01180165
v -0.06650000 0.00394124 0.01004321
v -0.06650000 0.00185805 0.01014634
v -0.06650000 -0.00078293 0.01172187
v -0.06650000 0.00402223 0.00998503
v -0.06650000 0.00177171 0.01009645
v -0.06650000 -0.00078688 0.01164219
v -0.06650000 0.00410022 0.00992288
v -0.06650000 0.00168796 0.01004231
v -0.06650000 -0.00079479 0.01156280
v -0.06650000 -0.00080665 0.01148391
v -0.06650000 0.00417502 0.00985693
v -0.06650000 0.00915288 0.00953593
v -0.06650000 0.00907332 0.00954186
v -0.06650000 0.00899356 0.00954382
v -0.06650000 0.00923204 0.00952605
v -0.06650000 0.00891381 0.00954180
v -0.06650000 0.00931061 0.00951222
v -0.06650000 0.00160701 0.00998406
v -0.06650000 -0.00082242 0.01140571
v -0.06650000 0.00883426 0.00953581
v -0.06650000 0.00938840 0.00949450
v -0.06650000 0.00875510 0.00952586
v -0.06650000 0.00946520 0.00947293
v -0.06650000 0.00424643 0.00978733
v -0.06650000 0.00867654 0.00951197
v -0.06650000 0.00954084 0.00944755
v -0.06650000 0.00859877 0.00949419
v -0.06650000 0.00152907 0.00992186
v -0.06650000 -0.00084208 0.01132839
v -0.06650000 0.00961511 0.00941843
v -0.06650000 0.00852199 0.00947255
v -0.06650000 0.00968784 0.00938565
v -0.06650000 0.00431429 0.00971425
v -0.06650000 0.00844637 0.00944711
v -0.06650000 0.00975885 0.00934928
v -0.06650000 0.00145433 0.00985584
v -0.06650000 -0.00086556 0.01125215
v -0.06650000 0.00837212 0.00941794
v -0.06650000 0.00982795 0.00930942
v -0.06650000 0.00437842 0.00963789
v -0.06650000 0.00829941 0.00938509
v -0.06650000 0.00989499 0.00926616
v -0.06650000 0.00138297 0.00978618
v -0.06650000 -0.00089282 0.01117717
v -0.06650000 0.00822844 0.00934867
v -0.06650000 0.00995978 0.00921962
v -0.06650000 0.00443867 0.00955842
v -0.06650000 0.00815936 0.00930875
v -0.06650000 0.00131517 0.00971305
v -0.06650000 -0.00092378 0.01110364
v -0.06650000 0.01002217 0.00916990
v -0.06650000 0.00809236 0.00926544
v -0.06650000 0.01008201 0.00911714
v -0.06650000 0.00802761 0.00921885
v -0.06650000 0.00125110 0.00963664
v -0.06650000 -0.00095836 0.01103175
v -0.06650000 0.01013914 0.00906146
v -0.06650000 0.00796525 0.00916908
v -0.06650000 0.01019343 0.00900300
v -0.06650000 0.00119092 0.00955712
v -0.06650000 -0.00099649 0.01096167
v -0.06650000 -0.00103806 0.01089358
v -0.06650000 0.00790546 0.00911627
v -0.06650000 0.00449488 0.00947604
v -0.06650000 0.01024474 0.00894190
v -0.06650000 0.00784837 0.00906054
v -0.06650000 0.00454691 0.00939097
v -0.06650000 0.00113477 0.00947470
v -0.06650000 -0.00108298 0.01082765
v -0.06650000 0.01029293 0.00887833
v -0.06650000 0.00779413 0.00900204
v -0.06650000 0.00459464 0.00930341
v -0.06650000 0.00108281 0.00938959
v -0.06650000 -0.00113112 0.01076404
v -0.06650000 0.01033790 0.00881243
v -0.06650000 0.00774288 0.00894091
v -0.06650000 0.00463794 0.00921358
v -0.06650000 0.01037952 0.00874437
v -0.06650000 0.00103515 0.00930199
v -0.06650000 -0.00118238 0.01070290
v -0.06650000 0.00769473 0.00887729
v -0.06650000 0.00467671 0.00912171
v -0.06650000 0.01041771 0.00867433
v -0.06650000 0.00764982 0.00881136
v -0.06650000 0.00471086 0.00902801
v -0.06650000 0.00099192 0.00921213
v -0.06650000 -0.00123662 0.01064440
v -0.06650000 0.01045235 0.00860246
v -0.06650000 0.00760824 0.00874327
v -0.06650000 0.00095322 0.00912022
v -0.06650000 -0.00129370 0.01058867
v -0.06650000 0.01048337 0.00852896
v -0.06650000 0.00757012 0.00867319
v -0.06650000 0.00474029 0.00893273
v -0.06650000 0.01051068 0.00845401
v -0.06650000 0.00091915 0.00902650
v -0.06650000 -0.00135350 0.01053586
v -0.06650000 0.00753553 0.00860130
v -0.06650000 0.00476494 0.00883610
v -0.06650000 0.01053423 0.00837778
v -0.06650000 0.00750457 0.00852777
v -0.06650000 0.00478473 0.00873836
v -0.06650000 0.00088979 0.00893119
v -0.06650000 -0.00141585 0.01048609
v -0.06650000 0.01055395 0.00830048
v -0.06650000 0.00747732 0.00845279
v -0.06650000 0.00479964 0.00863976
v -0.06650000 0.00086522 0.00883455
v -0.06650000 -0.00148061 0.01043950
v -0.06650000 -0.00154761 0.01039619
v -0.06650000 0.01056979 0.00822229
v -0.06650000 0.00745383 0.00837655
v -0.06650000 0.00480961 0.00854054
v -0.06650000 0.01058171 0.00814341
v -0.06650000 0.00084550 0.00873679
v -0.06650000 -0.00161668 0.01035627
v -0.06650000 0.00743418 0.00829923
v -0.06650000 0.00481462 0.00844094
v -0.06650000 0.01058968 0.00806403
v -0.06650000 0.00083068 0.00863818
v -0.06650000 -0.00168766 0.01031985
v -0.06650000 0.00741840 0.00822103
v -0.06650000 0.01059369 0.00798435
v -0.06650000 0.00481466 0.00834122
v -0.06650000 0.00740654 0.00814214
v -0.06650000 0.00082079 0.00853895
v -0.06650000 -0.00176037 0.01028701
v -0.06650000 0.01059372 0.00790457
v -0.06650000 0.00739863 0.00806275
v -0.06650000 0.00480972 0.00824162
v -0.06650000 0.00081586 0.00843934
v -0.06650000 -0.00183462 0.01025783
v -0.06650000 0.01058978 0.00782489
v -0.06650000 0.00739469 0.00798307
v -0.06650000 0.00479983 0.00814239
v -0.06650000 0.01058187 0.00774551
v -0.06650000 0.00081590 0.00833962
v -0.06650000 -0.00191023 0.01023239
v -0.06650000 0.00739472 0.00790329
v -0.06650000 0.00478501 0.00804377
v -0.06650000 0.01057001 0.00766661
v -0.06650000 0.00082091 0.00824003
v -0.06650000 -0.00198702 0.01021075
v -0.06650000 0.00739873 0.00782362
v -0.06650000 0.01055423 0.00758841
v -0.06650000 0.00476529 0.00794602
v -0.06650000 0.00740670 0.00774424
v -0.06650000 0.00083088 0.00814080
v -0.06650000 -0.00206479 0.01019297
v -0.06650000 0.01053458 0.00751109
v -0.06650000 0.00474072 0.00784937
v -0.06650000 0.00741862 0.00766536
v -0.06650000 0.00084578 0.00804220
v -0.06650000 -0.00214335 0.01017909
v -0.06650000 0.01051109 0.00743485
v -0.06650000 0.00471137 0.00775407
v -0.06650000 0.00743446 0.00758717
v -0.06650000 0.01048384 0.00735987
v -0.06650000 0.00086558 0.00794446
v -0.06650000 -0.00222251 0.01016913
v -0.06650000 0.00467730 0.00766034
v -0.06650000 0.00745418 0.00750986
v -0.06650000 0.01045288 0.00728634
v -0.06650000 0.01041829 0.00721445
v -0.06650000 0.00463860 0.00756844
v -0.06650000 0.00747772 0.00743364
v -0.06650000 0.00750504 0.00735868
v -0.06650000 0.00459537 0.00747857
v -0.06650000 0.00753606 0.00728518
v -0.06650000 0.01038016 0.00714437
v -0.06650000 0.01033859 0.00707628
v -0.06650000 0.00454771 0.00739097
v -0.06650000 0.00757070 0.00721332
v -0.06650000 0.01029368 0.00701035
v -0.06650000 0.00449574 0.00730586
v -0.06650000 0.00760888 0.00714327
v -0.06650000 0.01024553 0.00694674
v -0.06650000 0.00443960 0.00722344
v -0.06650000 0.00765051 0.00707521
v -0.06650000 0.00437942 0.00714393
v -0.06650000 0.00769548 0.00700931
v -0.06650000 0.00431535 0.00706751
v -0.06650000 0.00774367 0.00694574
v -0.06650000 0.00424755 0.00699438
v -0.06650000 0.00779498 0.00688465
v -0.06650000 0.00417619 0.00692472
v -0.06650000 0.00784926 0.00682619
v -0.06650000 0.00410144 0.00685871
v -0.06650000 0.00790640 0.00677050
v -0.06650000 0.01008295 0.00677137
v -0.06650000 0.01002315 0.00671856
v -0.06650000 0.01014004 0.00682710
v -0.06650000 0.01019428 0.00688560
v -0.06650000 0.00989604 0.00662220
v -0.06650000 0.00982905 0.00657889
v -0.06650000 0.00996080 0.00666880
v -0.06650000 0.00975997 0.00653897
v -0.06650000 0.00968899 0.00650255
v -0.06650000 0.00961629 0.00646971
v -0.06650000 0.00954204 0.00644053
v -0.06650000 -0.01121798 0.00540941
v -0.06650000 -0.01129754 0.00541534
v -0.06650000 -0.01137729 0.00541730
v -0.06650000 -0.01113882 0.00539952
v -0.06650000 -0.01145704 0.00541528
v -0.06650000 -0.01106025 0.00538570
v -0.06650000 -0.01153660 0.00540928
v -0.06650000 -0.01098246 0.00536798
v -0.06650000 -0.01161575 0.00539933
v -0.06650000 -0.01090566 0.00534640
v -0.06650000 -0.01169431 0.00538545
v -0.06650000 -0.01083002 0.00532102
v -0.06650000 -0.01177208 0.00536766
v -0.06650000 -0.01075575 0.00529191
v -0.06650000 -0.01184887 0.00534603
v -0.06650000 -0.01068301 0.00525913
v -0.06650000 -0.01192449 0.00532059
v -0.06650000 -0.01061201 0.00522276
v -0.06650000 -0.01199874 0.00529141
v -0.06650000 -0.01054290 0.00518290
v -0.06650000 -0.01207144 0.00525857
v -0.06650000 0.00022251 0.00449450
v -0.06650000 0.00138408 0.00699324
v -0.06650000 0.00131622 0.00706631
v -0.06650000 0.00145550 0.00692363
v -0.06650000 0.00044627 0.00447782
v -0.06650000 0.00153029 0.00685768
v -0.06650000 -0.00000180 0.00450000
v -0.06650000 0.00125209 0.00714268
v -0.06650000 0.00119185 0.00722215
v -0.06650000 0.00066891 0.00445001
v -0.06650000 0.00160829 0.00679553
v -0.06650000 0.00168928 0.00673735
v -0.06650000 -0.01047587 0.00513964
v -0.06650000 -0.00022610 0.00449432
v -0.06650000 0.00113564 0.00730452
v -0.06650000 -0.01214242 0.00522215
v -0.06650000 0.00088990 0.00441113
v -0.06650000 0.00177307 0.00668328
v -0.06650000 0.00185945 0.00663346
v -0.06650000 -0.00044984 0.00447746
v -0.06650000 0.00108361 0.00738959
v -0.06650000 0.00103588 0.00747715
v -0.06650000 -0.01041108 0.00509310
v -0.06650000 0.00110867 0.00436129
v -0.06650000 0.00194821 0.00658800
v -0.06650000 0.00203912 0.00654702
v -0.06650000 -0.01221149 0.00518223
v -0.06650000 -0.00067247 0.00444947
v -0.06650000 0.00099257 0.00756698
v -0.06650000 0.00095380 0.00765886
v -0.06650000 -0.01034868 0.00504338
v -0.06650000 0.00132468 0.00430061
v -0.06650000 0.00213197 0.00651062
v -0.06650000 -0.01227849 0.00513892
v -0.06650000 -0.00089342 0.00441042
v -0.06650000 0.00091966 0.00775255
v -0.06650000 -0.01028884 0.00499062
v -0.06650000 -0.01234325 0.00509232
v -0.06650000 0.00153740 0.00422923
v -0.06650000 0.00222651 0.00647890
v -0.06650000 0.00232252 0.00645193
v -0.06650000 -0.01023171 0.00493493
v -0.06650000 -0.00111215 0.00436040
v -0.06650000 0.00089023 0.00784783
v -0.06650000 -0.01240560 0.00504256
v -0.06650000 0.00174630 0.00414734
v -0.06650000 0.00241975 0.00642978
v -0.06650000 0.00251796 0.00641250
v -0.06650000 0.00946642 0.00641509
v -0.06650000 0.00938963 0.00639346
v -0.06650000 -0.01017743 0.00487647
v -0.06650000 -0.00358168 0.01070194
v -0.06650000 -0.00352739 0.01064348
v -0.06650000 -0.00132811 0.00429955
v -0.06650000 -0.00230206 0.01016314
v -0.06650000 -0.00238181 0.01016112
v -0.06650000 -0.01246540 0.00498975
v -0.06650000 -0.01012612 0.00481538
v -0.06650000 0.00195086 0.00405514
v -0.06650000 0.00261692 0.00640014
v -0.06650000 0.00271636 0.00639273
v -0.06650000 -0.01252249 0.00493402
v -0.06650000 -0.00154078 0.00422800
v -0.06650000 -0.00246156 0.01016308
v -0.06650000 -0.00254112 0.01016901
v -0.06650000 -0.01007793 0.00475181
v -0.06650000 -0.00347026 0.01058780
v -0.06650000 -0.00341042 0.01053504
v -0.06650000 -0.01257673 0.00487552
v -0.06650000 0.00215056 0.00395286
v -0.06650000 0.00281606 0.00639028
v -0.06650000 0.00291575 0.00639281
v -0.06650000 -0.01003296 0.00468591
v -0.06650000 -0.00174961 0.00414594
v -0.06650000 -0.00262029 0.01017890
v -0.06650000 -0.01262798 0.00481438
v -0.06650000 -0.00999133 0.00461785
v -0.06650000 -0.00334803 0.01048532
v -0.06650000 0.00234493 0.00384075
v -0.06650000 0.00301519 0.00640030
v -0.06650000 -0.01267613 0.00475077
v -0.06650000 -0.00195410 0.00405358
v -0.06650000 -0.00269886 0.01019272
v -0.06650000 -0.00277664 0.01021044
v -0.06650000 -0.01272104 0.00468484
v -0.06650000 0.00253346 0.00371909
v -0.06650000 0.00311413 0.00641274
v -0.06650000 0.00321233 0.00643010
v -0.06650000 -0.01276261 0.00461674
v -0.06650000 -0.00215372 0.00395114
v -0.06650000 -0.00285345 0.01023202
v -0.06650000 0.00271569 0.00358818
v -0.06650000 0.00330955 0.00645232
v -0.06650000 0.00340553 0.00647937
v -0.06650000 -0.01280074 0.00454667
v -0.06650000 -0.00234799 0.00383887
v -0.06650000 -0.00292908 0.01025739
v -0.06650000 -0.00300336 0.01028651
v -0.06650000 -0.01283532 0.00447478
v -0.06650000 0.00289117 0.00344835
v -0.06650000 0.00350005 0.00651117
v -0.06650000 -0.01286628 0.00440125
v -0.06650000 -0.00253642 0.00371706
v -0.06650000 -0.00307609 0.01031929
v -0.06650000 -0.00314709 0.01035566
v -0.06650000 -0.01289354 0.00432627
v -0.06650000 0.00305946 0.00329996
v -0.06650000 0.00359286 0.00654764
v -0.06650000 0.00368374 0.00658869
v -0.06650000 -0.01291702 0.00425003
v -0.06650000 -0.00271855 0.00358601
v -0.06650000 -0.00321620 0.01039552
v -0.06650000 -0.01293668 0.00417271
v -0.06650000 0.00322015 0.00314335
v -0.06650000 0.00377247 0.00663422
v -0.06650000 0.00385881 0.00668412
v -0.06650000 -0.01295246 0.00409451
v -0.06650000 -0.00289392 0.00344604
v -0.06650000 -0.00328323 0.01043878
v -0.06650000 0.00337283 0.00297893
v -0.06650000 0.00394256 0.00673825
v -0.06650000 -0.01296432 0.00401561
v -0.06650000 -0.01297223 0.00393623
v -0.06650000 -0.00306209 0.00329751
v -0.06650000 -0.00995315 0.00454780
v -0.06650000 -0.00991851 0.00447594
v -0.06650000 -0.01297617 0.00385655
v -0.06650000 0.00351712 0.00280711
v -0.06650000 0.00402350 0.00679650
v -0.06650000 -0.01297614 0.00377677
v -0.06650000 -0.00322265 0.00314078
v -0.06650000 -0.00988749 0.00440244
v -0.06650000 -0.01297213 0.00369709
v -0.06650000 0.00365267 0.00262831
v -0.06650000 0.00796623 0.00671774
v -0.06650000 0.00802863 0.00666802
v -0.06650000 -0.01296416 0.00361771
v -0.06650000 -0.00337520 0.00297624
v -0.06650000 -0.00986017 0.00432748
v -0.06650000 -0.00983663 0.00425126
v -0.06650000 0.00377914 0.00244297
v -0.06650000 0.00809342 0.00662148
v -0.06650000 0.00816045 0.00657822
v -0.06650000 -0.00351936 0.00280430
v -0.06650000 -0.00981691 0.00417395
v -0.06650000 -0.00980107 0.00409576
v -0.06650000 0.00389622 0.00225156
v -0.06650000 0.00822956 0.00653836
v -0.06650000 -0.01295223 0.00353883
v -0.06650000 -0.01293640 0.00346064
v -0.06650000 -0.01291668 0.00338334
v -0.06650000 -0.01289313 0.00330711
v -0.06650000 -0.01286582 0.00323216
v -0.06650000 -0.00365477 0.00262539
v -0.06650000 -0.00978915 0.00401688
v -0.06650000 -0.01283480 0.00315866
v -0.06650000 0.00400360 0.00205455
v -0.06650000 0.00830057 0.00650199
v -0.06650000 0.00837330 0.00646921
v -0.06650000 -0.00378109 0.00243995
v -0.06650000 -0.00978117 0.00393750
v -0.06650000 -0.00977717 0.00385783
v -0.06650000 0.00410104 0.00185243
v -0.06650000 0.00844757 0.00644009
v -0.06650000 -0.00389801 0.00224844
v -0.06650000 -0.00977713 0.00377805
v -0.06650000 0.00418828 0.00164571
v -0.06650000 0.00852321 0.00641472
v -0.06650000 0.00860001 0.00639314
v -0.06650000 -0.00400524 0.00205135
v -0.06650000 -0.00978108 0.00369837
v -0.06650000 -0.00978899 0.00361898
v -0.06650000 0.00426510 0.00143489
v -0.06650000 0.00867780 0.00637542
v -0.06650000 0.00875637 0.00636160
v -0.06650000 -0.01280016 0.00308679
v -0.06650000 -0.01276197 0.00301675
v -0.06650000 -0.01272035 0.00294869
v -0.06650000 -0.01267538 0.00288279
v -0.06650000 -0.01262719 0.00281922
v -0.06650000 -0.00410251 0.00184915
v -0.06650000 -0.00980085 0.00354009
v -0.06650000 -0.00981663 0.00346189
v -0.06650000 0.00433132 0.00122051
v -0.06650000 0.00883553 0.00635171
v -0.06650000 -0.00418959 0.00164236
v -0.06650000 0.00438678 0.00100310
v -0.06650000 0.00891509 0.00634578
v -0.06650000 0.00899484 0.00634382
v -0.06650000 -0.01257588 0.00275812
v -0.06650000 -0.01252159 0.00269966
v -0.06650000 -0.01246446 0.00264398
v -0.06650000 -0.01240462 0.00259122
v -0.06650000 -0.01234223 0.00254150
v -0.06650000 -0.01227744 0.00249496
v -0.06650000 -0.01221040 0.00245170
v -0.06650000 -0.01214130 0.00241184
v -0.06650000 -0.00857493 0.00024050
v -0.06650000 -0.00999069 0.00301785
v -0.06650000 -0.01003227 0.00294976
v -0.06650000 -0.00847548 0.00023308
v -0.06650000 -0.00995257 0.00308793
v -0.06650000 -0.00867462 0.00024294
v -0.06650000 -0.01007718 0.00288383
v -0.06650000 -0.00837653 0.00022072
v -0.06650000 -0.00991798 0.00315982
v -0.06650000 -0.00877431 0.00024042
v -0.06650000 -0.01012532 0.00282021
v -0.06650000 -0.00827832 0.00020345
v -0.06650000 -0.00988702 0.00323335
v -0.06650000 -0.00887376 0.00023293
v -0.06650000 -0.01017658 0.00275908
v -0.06650000 -0.01023082 0.00270058
v -0.06650000 -0.00818108 0.00018130
v -0.06650000 -0.00985977 0.00330833
v -0.06650000 -0.00897270 0.00022049
v -0.06650000 -0.01028791 0.00264485
v -0.06650000 -0.00808508 0.00015432
v -0.06650000 -0.00983628 0.00338457
v -0.06650000 -0.00907090 0.00020313
v -0.06650000 -0.01034770 0.00259204
v -0.06650000 -0.00799054 0.00012260
v -0.06650000 -0.00916811 0.00018090
v -0.06650000 -0.01041006 0.00254227
v -0.06650000 -0.00789769 0.00008621
v -0.06650000 -0.00926410 0.00015385
v -0.06650000 -0.01047481 0.00249568
v -0.06650000 -0.00780678 0.00004523
v -0.06650000 -0.00426624 0.00143149
v -0.06650000 -0.00935862 0.00012206
v -0.06650000 -0.01054181 0.00245237
v -0.06650000 -0.00771802 -0.00000023
v -0.06650000 -0.00433230 0.00121705
v -0.06650000 -0.00945143 0.00008559
v -0.06650000 -0.01061089 0.00241245
v -0.06650000 -0.00763164 -0.00005006
v -0.06650000 -0.00954231 0.00004453
v -0.06650000 -0.01068186 0.00237603
v -0.06650000 -0.01207029 0.00237547
v -0.06650000 -0.01199756 0.00234269
v -0.06650000 -0.01192329 0.00231357
v -0.06650000 -0.00754785 -0.00010413
v -0.06650000 -0.00438758 0.00099959
v -0.06650000 -0.00963103 -0.00000100
v -0.06650000 -0.01075457 0.00234318
v -0.06650000 -0.01082882 0.00231401
v -0.06650000 -0.00746685 -0.00016231
v -0.06650000 -0.00971738 -0.00005089
v -0.06650000 -0.01090443 0.00228857
v -0.06650000 -0.00738886 -0.00022445
v -0.06650000 -0.00443195 0.00077965
v -0.06650000 -0.00980113 -0.00010503
v -0.06650000 -0.01098122 0.00226693
v -0.06650000 -0.00731407 -0.00029041
v -0.06650000 -0.00446530 0.00055776
v -0.06650000 -0.00988207 -0.00016327
v -0.06650000 -0.01105899 0.00224915
v -0.06650000 -0.00724265 -0.00036001
v -0.06650000 -0.00996001 -0.00022548
v -0.06650000 -0.01113755 0.00223526
v -0.06650000 -0.00717479 -0.00043309
v -0.06650000 -0.00448755 0.00033449
v -0.06650000 -0.01003476 -0.00029150
v -0.06650000 -0.01121671 0.00222531
v -0.06650000 -0.00711066 -0.00050945
v -0.06650000 -0.01010612 -0.00036115
v -0.06650000 -0.01129626 0.00221932
v -0.06650000 -0.00705042 -0.00058892
v -0.06650000 -0.00449865 0.00011039
v -0.06650000 -0.01017392 -0.00043428
v -0.06650000 -0.01137601 0.00221730
v -0.06650000 -0.01145577 0.00221926
v -0.06650000 -0.00699421 -0.00067129
v -0.06650000 -0.00449856 -0.00011398
v -0.06650000 -0.01023799 -0.00051070
v -0.06650000 -0.01153533 0.00222519
v -0.06650000 -0.00694217 -0.00075636
v -0.06650000 -0.01029817 -0.00059022
v -0.06650000 -0.01161449 0.00223507
v -0.06650000 -0.00689445 -0.00084392
v -0.06650000 -0.00448728 -0.00033808
v -0.06650000 -0.01035431 -0.00067263
v -0.06650000 -0.01169306 0.00224890
v -0.06650000 -0.00685114 -0.00093375
v -0.06650000 -0.01040628 -0.00075775
v -0.06650000 -0.01177085 0.00226662
v -0.06650000 -0.00681237 -0.00102563
v -0.06650000 -0.00446485 -0.00056133
v -0.06650000 -0.01045393 -0.00084535
v -0.06650000 -0.01184765 0.00228819
v -0.06650000 0.01145577 -0.00221926
v -0.06650000 0.01153533 -0.00222519
v -0.06650000 0.01137601 -0.00221730
v -0.06650000 0.01161449 -0.00223507
v -0.06650000 0.01129626 -0.00221932
v -0.06650000 0.01169306 -0.00224890
v -0.06650000 0.01121671 -0.00222531
v -0.06650000 0.01177085 -0.00226662
v -0.06650000 -0.00677823 -0.00111933
v -0.06650000 0.01113755 -0.00223526
v -0.06650000 0.00931186 0.00637567
v -0.06650000 0.01184765 -0.00228819
v -0.06650000 0.01105899 -0.00224915
v -0.06650000 0.00923330 0.00636179
v -0.06650000 0.01192329 -0.00231357
v -0.06650000 0.01098122 -0.00226693
v -0.06650000 0.00915415 0.00635184
v -0.06650000 -0.01049717 -0.00093521
v -0.06650000 0.01199756 -0.00234269
v -0.06650000 0.01090443 -0.00228857
v -0.06650000 0.00907460 0.00634584
v -0.06650000 0.01207029 -0.00237547
v -0.06650000 -0.00674879 -0.00121461
v -0.06650000 -0.00443132 -0.00078319
v -0.06650000 0.01082882 -0.00231401
v -0.06650000 0.01214130 -0.00241184
v -0.06650000 0.01075457 -0.00234318
v -0.06650000 0.00443132 0.00078319
v -0.06650000 -0.01053586 -0.00102712
v -0.06650000 0.01221040 -0.00245170
v -0.06650000 0.01068186 -0.00237603
v -0.06650000 -0.00672415 -0.00131124
v -0.06650000 -0.00438678 -0.00100310
v -0.06650000 0.01227744 -0.00249496
v -0.06650000 0.01061089 -0.00241245
v -0.06650000 0.00446485 0.00056133
v -0.06650000 0.01234223 -0.00254150
v -0.06650000 -0.01056993 -0.00112084
v -0.06650000 0.01054181 -0.00245237
v -0.06650000 0.00448728 0.00033808
v -0.06650000 0.01240462 -0.00259122
v -0.06650000 -0.00670435 -0.00140897
v -0.06650000 0.01047481 -0.00249568
v -0.06650000 0.01246446 -0.00264398
v -0.06650000 -0.01059929 -0.00121614
v -0.06650000 0.01041006 -0.00254227
v -0.06650000 0.00449856 0.00011398
v -0.06650000 -0.00668945 -0.00150758
v -0.06650000 -0.00433132 -0.00122051
v -0.06650000 0.01252159 -0.00269966
v -0.06650000 0.01034770 -0.00259204
v -0.06650000 0.01257588 -0.00275812
v -0.06650000 0.01028791 -0.00264485
v -0.06650000 0.00449865 -0.00011039
v -0.06650000 -0.00667948 -0.00160680
v -0.06650000 0.01262719 -0.00281922
v -0.06650000 -0.01062386 -0.00131279
v -0.06650000 0.01023082 -0.00270058
v -0.06650000 0.00448755 -0.00033449
v -0.06650000 -0.01064358 -0.00141055
v -0.06650000 0.01267538 -0.00288279
v -0.06650000 -0.00667447 -0.00170640
v -0.06650000 -0.00426510 -0.00143489
v -0.06650000 0.01017658 -0.00275908
v -0.06650000 0.01272035 -0.00294869
v -0.06650000 -0.01065840 -0.00150916
v -0.06650000 0.01012532 -0.00282021
v -0.06650000 0.00446530 -0.00055776
v -0.06650000 -0.00667443 -0.00180612
v -0.06650000 0.01276197 -0.00301675
v -0.06650000 0.01007718 -0.00288383
v -0.06650000 0.00443195 -0.00077965
v -0.06650000 0.01280016 -0.00308679
v -0.06650000 -0.00667936 -0.00190572
v -0.06650000 -0.00418828 -0.00164571
v -0.06650000 0.01003227 -0.00294976
v -0.06650000 0.01283480 -0.00315866
v -0.06650000 0.00999069 -0.00301785
v -0.06650000 0.00438758 -0.00099959
v -0.06650000 -0.00668925 -0.00200495
v -0.06650000 0.01286582 -0.00323216
v -0.06650000 0.00995257 -0.00308793
v -0.06650000 0.01289313 -0.00330711
v -0.06650000 -0.00670407 -0.00210357
v -0.06650000 -0.00410104 -0.00185243
v -0.06650000 0.00991798 -0.00315982
v -0.06650000 0.00433230 -0.00121705
v -0.06650000 0.01291668 -0.00338334
v -0.06650000 -0.00672379 -0.00220132
v -0.06650000 -0.00400360 -0.00205455
v -0.06650000 0.01293640 -0.00346064
v -0.06650000 -0.00674836 -0.00229797
v -0.06650000 0.01295223 -0.00353883
v -0.06650000 -0.01066829 -0.00160839
v -0.06650000 -0.01067322 -0.00170799
v -0.06650000 -0.01067318 -0.00180772
v -0.06650000 -0.00677772 -0.00239327
v -0.06650000 -0.00389622 -0.00225156
v -0.06650000 0.01296416 -0.00361771
v -0.06650000 -0.00681179 -0.00248700
v -0.06650000 -0.00685049 -0.00257890
v -0.06650000 -0.00377914 -0.00244297
v -0.06650000 -0.00689372 -0.00266877
v -0.06650000 -0.00365267 -0.00262831
v -0.06650000 0.01297617 -0.00385655
v -0.06650000 0.01297223 -0.00393623
v -0.06650000 0.01297614 -0.00377677
v -0.06650000 0.01297213 -0.00369709
v -0.06650000 -0.00694138 -0.00275636
v -0.06650000 0.01296432 -0.00401561
v -0.06650000 -0.00699334 -0.00284148
v -0.06650000 -0.00351712 -0.00280711
v -0.06650000 0.01295246 -0.00409451
v -0.06650000 -0.00704948 -0.00292390
v -0.06650000 -0.00710967 -0.00300341
v -0.06650000 -0.00337283 -0.00297893
v -0.06650000 -0.00717374 -0.00307983
v -0.06650000 -0.00322015 -0.00314335
v -0.06650000 -0.01066817 -0.00190731
v -0.06650000 -0.01065820 -0.00200654
v -0.06650000 -0.01064330 -0.00210514
v -0.06650000 -0.00724153 -0.00315296
v -0.06650000 -0.00731290 -0.00322262
v -0.06650000 0.01283532 -0.00447478
v -0.06650000 0.01280074 -0.00454667
v -0.06650000 0.01286628 -0.00440125
v -0.06650000 0.01289354 -0.00432627
v -0.06650000 0.01291702 -0.00425003
v -0.06650000 0.01293668 -0.00417271
v -0.06650000 -0.01062350 -0.00220288
v -0.06650000 -0.01059886 -0.00229951
v -0.06650000 -0.01056943 -0.00239479
v -0.06650000 -0.01053528 -0.00248848
v -0.06650000 0.00595746 -0.00463567
v -0.06650000 0.00418959 -0.00164236
v -0.06650000 0.00410251 -0.00184915
v -0.06650000 0.00605691 -0.00464308
v -0.06650000 0.00585777 -0.00463323
v -0.06650000 0.00615586 -0.00465544
v -0.06650000 0.00426624 -0.00143149
v -0.06650000 0.00575808 -0.00463575
v -0.06650000 0.00400524 -0.00205135
v -0.06650000 0.00625408 -0.00467272
v -0.06650000 0.00565864 -0.00464324
v -0.06650000 0.00389801 -0.00224844
v -0.06650000 0.00635131 -0.00469487
v -0.06650000 0.00555969 -0.00465568
v -0.06650000 0.00644732 -0.00472184
v -0.06650000 0.00988702 -0.00323335
v -0.06650000 0.00546149 -0.00467304
v -0.06650000 0.00378109 -0.00243995
v -0.06650000 0.00654186 -0.00475357
v -0.06650000 0.00985977 -0.00330833
v -0.06650000 0.00536428 -0.00469527
v -0.06650000 0.00663470 -0.00478996
v -0.06650000 0.00983628 -0.00338457
v -0.06650000 0.00526830 -0.00472232
v -0.06650000 0.00365477 -0.00262539
v -0.06650000 0.00672562 -0.00483094
v -0.06650000 0.00981663 -0.00346189
v -0.06650000 0.00517378 -0.00475411
v -0.06650000 0.00351936 -0.00280430
v -0.06650000 0.00681438 -0.00487640
v -0.06650000 0.00980085 -0.00354009
v -0.06650000 0.00508096 -0.00479058
v -0.06650000 0.00690076 -0.00492623
v -0.06650000 0.00978899 -0.00361898
v -0.06650000 0.00499008 -0.00483163
v -0.06650000 0.00337520 -0.00297624
v -0.06650000 0.00698455 -0.00498030
v -0.06650000 0.00978108 -0.00369837
v -0.06650000 0.00490136 -0.00487716
v -0.06650000 0.00706554 -0.00503848
v -0.06650000 0.00977713 -0.00377805
v -0.06650000 0.01257673 -0.00487552
v -0.06650000 0.01252249 -0.00493402
v -0.06650000 0.01262798 -0.00481438
v -0.06650000 0.01267613 -0.00475077
v -0.06650000 0.01272104 -0.00468484
v -0.06650000 0.01276261 -0.00461674
v -0.06650000 0.00481502 -0.00492706
v -0.06650000 0.00322265 -0.00314078
v -0.06650000 0.00714353 -0.00510062
v -0.06650000 0.00977717 -0.00385783
v -0.06650000 0.00473127 -0.00498120
v -0.06650000 0.00721833 -0.00516658
v -0.06650000 0.00978117 -0.00393750
v -0.06650000 0.00978915 -0.00401688
v -0.06650000 0.00465032 -0.00503944
v -0.06650000 0.00306209 -0.00329751
v -0.06650000 0.00728974 -0.00523618
v -0.06650000 0.00980107 -0.00409576
v -0.06650000 0.00457238 -0.00510165
v -0.06650000 0.00735760 -0.00530925
v -0.06650000 0.00981691 -0.00417395
v -0.06650000 0.00449764 -0.00516766
v -0.06650000 0.00289392 -0.00344604
v -0.06650000 0.00742173 -0.00538562
v -0.06650000 0.00983663 -0.00425126
v -0.06650000 0.00442628 -0.00523732
v -0.06650000 0.00271855 -0.00358601
v -0.06650000 -0.01049651 -0.00258036
v -0.06650000 -0.01045320 -0.00267019
v -0.06650000 -0.01040548 -0.00275775
v -0.06650000 0.00748198 -0.00546509
v -0.06650000 0.00986017 -0.00432748
v -0.06650000 0.00435848 -0.00531045
v -0.06650000 0.00753819 -0.00554746
v -0.06650000 0.00988749 -0.00440244
v -0.06650000 0.00429441 -0.00538687
v -0.06650000 0.00253642 -0.00371706
v -0.06650000 0.00759022 -0.00563253
v -0.06650000 0.00991851 -0.00447594
v -0.06650000 0.00423423 -0.00546639
v -0.06650000 0.00763795 -0.00572009
v -0.06650000 0.00995315 -0.00454780
v -0.06650000 0.00417808 -0.00554880
v -0.06650000 0.00234799 -0.00383887
v -0.06650000 0.01221149 -0.00518223
v -0.06650000 0.01214242 -0.00522215
v -0.06650000 0.01227849 -0.00513892
v -0.06650000 0.01234325 -0.00509232
v -0.06650000 0.01240560 -0.00504256
v -0.06650000 0.01246540 -0.00498975
v -0.06650000 0.00768125 -0.00580992
v -0.06650000 0.00999133 -0.00461785
v -0.06650000 0.01003296 -0.00468591
v -0.06650000 0.00412612 -0.00563392
v -0.06650000 0.00772002 -0.00590180
v -0.06650000 0.01007793 -0.00475181
v -0.06650000 0.00407846 -0.00572151
v -0.06650000 0.00215372 -0.00395114
v -0.06650000 0.00775417 -0.00599550
v -0.06650000 0.01012612 -0.00481538
v -0.06650000 0.00403523 -0.00581138
v -0.06650000 0.00195410 -0.00405358
v -0.06650000 0.00778360 -0.00609078
v -0.06650000 0.01017743 -0.00487647
v -0.06650000 0.00399653 -0.00590329
v -0.06650000 -0.01035344 -0.00284282
v -0.06650000 -0.01029724 -0.00292519
v -0.06650000 -0.01023699 -0.00300466
v -0.06650000 0.00780825 -0.00618740
v -0.06650000 0.01023171 -0.00493493
v -0.06650000 0.00396246 -0.00599701
v -0.06650000 0.00174961 -0.00414594
v -0.06650000 0.00782805 -0.00628514
v -0.06650000 0.01028884 -0.00499062
v -0.06650000 0.00393310 -0.00609231
v -0.06650000 0.00784295 -0.00638375
v -0.06650000 0.01034868 -0.00504338
v -0.06650000 0.00390854 -0.00618896
v -0.06650000 0.00154078 -0.00422800
v -0.06650000 0.00785292 -0.00648297
v -0.06650000 0.01041108 -0.00509310
v -0.06650000 0.01047587 -0.00513964
v -0.06650000 0.01184887 -0.00534603
v -0.06650000 0.01177208 -0.00536766
v -0.06650000 0.01192449 -0.00532059
v -0.06650000 0.01199874 -0.00529141
v -0.06650000 0.01207144 -0.00525857
v -0.06650000 0.00388881 -0.00628672
v -0.06650000 0.00132811 -0.00429955
v -0.06650000 0.00785793 -0.00658257
v -0.06650000 0.01054290 -0.00518290
v -0.06650000 0.00387399 -0.00638533
v -0.06650000 0.00785797 -0.00668229
v -0.06650000 0.01061201 -0.00522276
v -0.06650000 0.00386410 -0.00648456
v -0.06650000 0.00111215 -0.00436040
v -0.06650000 0.00785304 -0.00678189
v -0.06650000 0.01068301 -0.00525913
v -0.06650000 0.00385917 -0.00658416
v -0.06650000 -0.01017286 -0.00308103
v -0.06650000 -0.01010500 -0.00315410
v -0.06650000 -0.01003359 -0.00322370
v -0.06650000 0.00784315 -0.00688112
v -0.06650000 0.01075575 -0.00529191
v -0.06650000 0.00385921 -0.00668388
v -0.06650000 0.00089342 -0.00441042
v -0.06650000 0.00782832 -0.00697974
v -0.06650000 0.01083002 -0.00532102
v -0.06650000 0.00386422 -0.00678348
v -0.06650000 0.00067247 -0.00444947
v -0.06650000 0.00780860 -0.00707749
v -0.06650000 0.01090566 -0.00534640
v -0.06650000 0.00387419 -0.00688270
v -0.06650000 0.01153660 -0.00540928
v -0.06650000 0.01145704 -0.00541528
v -0.06650000 0.01161575 -0.00539933
v -0.06650000 0.01169431 -0.00538545
v -0.06650000 0.00388909 -0.00698131
v -0.06650000 -0.00891509 -0.00634578
v -0.06650000 -0.00877272 -0.00375461
v -0.06650000 -0.00887217 -0.00374720
v -0.06650000 -0.00883553 -0.00635171
v -0.06650000 -0.00867303 -0.00375706
v -0.06650000 -0.00899484 -0.00634382
v -0.06650000 -0.00875637 -0.00636160
v -0.06650000 -0.00857334 -0.00375453
v -0.06650000 -0.00907460 -0.00634584
v -0.06650000 -0.00897112 -0.00373484
v -0.06650000 -0.00867780 -0.00637542
v -0.06650000 -0.00847390 -0.00374704
v -0.06650000 -0.00915415 -0.00635184
v -0.06650000 -0.00906934 -0.00371756
v -0.06650000 -0.00860001 -0.00639314
v -0.06650000 -0.00837495 -0.00373460
v -0.06650000 -0.00923330 -0.00636179
v -0.06650000 -0.00916657 -0.00369541
v -0.06650000 -0.00852321 -0.00641472
v -0.06650000 -0.00827675 -0.00371724
v -0.06650000 -0.00931186 -0.00637567
v -0.06650000 -0.00926257 -0.00366844
v -0.06650000 -0.00844757 -0.00644009
v -0.06650000 -0.00817954 -0.00369501
v -0.06650000 -0.00938963 -0.00639346
v -0.06650000 -0.00935712 -0.00363671
v -0.06650000 -0.00837330 -0.00646921
v -0.06650000 -0.00808355 -0.00366797
v -0.06650000 -0.00946642 -0.00641509
v -0.06650000 -0.00944996 -0.00360032
v -0.06650000 -0.00830057 -0.00650199
v -0.06650000 -0.00954204 -0.00644053
v -0.06650000 -0.00954087 -0.00355934
v -0.06650000 -0.00822956 -0.00653836
v -0.06650000 -0.00798904 -0.00363617
v -0.06650000 -0.00961629 -0.00646971
v -0.06650000 -0.00816045 -0.00657822
v -0.06650000 -0.00789622 -0.00359970
v -0.06650000 -0.00968899 -0.00650255
v -0.06650000 -0.00962963 -0.00351388
v -0.06650000 -0.00809342 -0.00662148
v -0.06650000 -0.00780534 -0.00355865
v -0.06650000 -0.00975997 -0.00653897
v -0.06650000 -0.00971601 -0.00346405
v -0.06650000 -0.00802863 -0.00666802
v -0.06650000 -0.00771662 -0.00351312
v -0.06650000 -0.00982905 -0.00657889
v -0.06650000 -0.00979981 -0.00340998
v -0.06650000 -0.00796623 -0.00671774
v -0.06650000 -0.00763027 -0.00346322
v -0.06650000 -0.00989604 -0.00662220
v -0.06650000 -0.00988080 -0.00335180
v -0.06650000 -0.00790640 -0.00677050
v -0.06650000 -0.00754653 -0.00340908
v -0.06650000 -0.00996080 -0.00666880
v -0.06650000 -0.00995879 -0.00328966
v -0.06650000 -0.00784926 -0.00682619
v -0.06650000 -0.00746558 -0.00335084
v -0.06650000 -0.01002315 -0.00671856
v -0.06650000 0.01121798 -0.00540941
v -0.06650000 0.01113882 -0.00539952
v -0.06650000 0.01129754 -0.00541534
v -0.06650000 0.01137729 -0.00541730
v -0.06650000 -0.00779498 -0.00688465
v -0.06650000 -0.00738764 -0.00328863
v -0.06650000 -0.01008295 -0.00677137
v -0.06650000 -0.00774367 -0.00694574
v -0.06650000 -0.01014004 -0.00682710
v -0.06650000 -0.00769548 -0.00700931
v -0.06650000 -0.00305946 -0.00329996
v -0.06650000 -0.01019428 -0.00688560
v -0.06650000 -0.00765051 -0.00707521
v -0.06650000 -0.01024553 -0.00694674
v -0.06650000 -0.00760888 -0.00714327
v -0.06650000 -0.00289117 -0.00344835
v -0.06650000 -0.01029368 -0.00701035
v -0.06650000 -0.00757070 -0.00721332
v -0.06650000 -0.01033859 -0.00707628
v -0.06650000 -0.00753606 -0.00728518
v -0.06650000 -0.00271569 -0.00358818
v -0.06650000 -0.01038016 -0.00714437
v -0.06650000 -0.00750504 -0.00735868
v -0.06650000 -0.00253346 -0.00371909
v -0.06650000 -0.01041829 -0.00721445
v -0.06650000 -0.00747772 -0.00743364
v -0.06650000 -0.00745418 -0.00750986
v -0.06650000 -0.00234493 -0.00384075
v -0.06650000 0.01098246 -0.00536798
v -0.06650000 0.01106025 -0.00538570
v -0.06650000 -0.00743446 -0.00758717
v -0.06650000 -0.00215056 -0.00395286
v -0.06650000 -0.00741862 -0.00766536
v -0.06650000 -0.00740670 -0.00774424
v -0.06650000 -0.00195086 -0.00405514
v -0.06650000 -0.00739873 -0.00782362
v -0.06650000 -0.01045288 -0.00728634
v -0.06650000 -0.01048383 -0.00735987
v -0.06650000 -0.01051109 -0.00743485
v -0.06650000 -0.01053458 -0.00751109
v -0.06650000 -0.00739472 -0.00790329
v -0.06650000 -0.00174630 -0.00414734
v -0.06650000 -0.00739469 -0.00798307
v -0.06650000 -0.00153740 -0.00422923
v -0.06650000 -0.00739863 -0.00806275
v -0.06650000 -0.00740654 -0.00814214
v -0.06650000 0.00775468 -0.00726944
v -0.06650000 0.00772061 -0.00736316
v -0.06650000 0.00778403 -0.00717414
v -0.06650000 -0.01055423 -0.00758841
v -0.06650000 -0.01057001 -0.00766661
v -0.06650000 -0.01058187 -0.00774551
v -0.06650000 -0.01058978 -0.00782489
v -0.06650000 -0.01059372 -0.00790457
v -0.06650000 0.00763868 -0.00754494
v -0.06650000 0.00759102 -0.00763253
v -0.06650000 0.00768191 -0.00745507
v -0.06650000 -0.01059369 -0.00798435
v -0.06650000 -0.01058968 -0.00806403
v -0.06650000 -0.01058171 -0.00814341
v -0.06650000 -0.01056978 -0.00822229
v -0.06650000 -0.01055395 -0.00830048
v -0.06650000 -0.01053423 -0.00837778
v -0.06650000 0.00748291 -0.00780006
v -0.06650000 0.00742273 -0.00787958
v -0.06650000 0.00753905 -0.00771765
v -0.06650000 0.00246156 -0.01016308
v -0.06650000 0.00412692 -0.00763392
v -0.06650000 0.00407919 -0.00754636
v -0.06650000 0.00254112 -0.01016901
v -0.06650000 0.00417895 -0.00771899
v -0.06650000 0.00238181 -0.01016112
v -0.06650000 0.00403589 -0.00745653
v -0.06650000 0.00262029 -0.01017890
v -0.06650000 0.00423516 -0.00780136
v -0.06650000 0.00230206 -0.01016314
v -0.06650000 0.00399711 -0.00736465
v -0.06650000 0.00269886 -0.01019272
v -0.06650000 0.00222251 -0.01016913
v -0.06650000 0.00396297 -0.00727096
v -0.06650000 0.00277664 -0.01021044
v -0.06650000 0.00429540 -0.00788083
v -0.06650000 0.00214335 -0.01017909
v -0.06650000 0.00393354 -0.00717567
v -0.06650000 0.00285345 -0.01023202
v -0.06650000 0.00435953 -0.00795720
v -0.06650000 0.00206479 -0.01019297
v -0.06650000 0.00390889 -0.00707905
v -0.06650000 0.00292908 -0.01025739
v -0.06650000 0.00442739 -0.00803027
v -0.06650000 -0.01051068 -0.00845401
v -0.06650000 -0.01048337 -0.00852896
v -0.06650000 -0.01045235 -0.00860246
v -0.06650000 -0.01041771 -0.00867433
v -0.06650000 -0.01037952 -0.00874437
v -0.06650000 -0.01033790 -0.00881243
v -0.06650000 0.00198702 -0.01021075
v -0.06650000 0.00300336 -0.01028651
v -0.06650000 0.00449881 -0.00809987
v -0.06650000 0.00191023 -0.01023239
v -0.06650000 0.00044984 -0.00447746
v -0.06650000 0.00307609 -0.01031929
v -0.06650000 0.00457360 -0.00816583
v -0.06650000 0.00183462 -0.01025783
v -0.06650000 0.00314709 -0.01035566
v -0.06650000 0.00465160 -0.00822797
v -0.06650000 0.00176037 -0.01028701
v -0.06650000 0.00022610 -0.00449432
v -0.06650000 0.00321620 -0.01039552
v -0.06650000 0.00473259 -0.00828615
v -0.06650000 0.00168766 -0.01031985
v -0.06650000 0.00328323 -0.01043878
v -0.06650000 0.00481638 -0.00834022
v -0.06650000 0.00161668 -0.01035627
v -0.06650000 0.00000180 -0.00450000
v -0.06650000 0.00334803 -0.01048532
v -0.06650000 0.00154761 -0.01039619
v -0.06650000 -0.00022251 -0.00449450
v -0.06650000 0.00341042 -0.01053504
v -0.06650000 0.00490276 -0.00839005
v -0.06650000 0.00148061 -0.01043950
v -0.06650000 0.00729086 -0.00802913
v -0.06650000 0.00721950 -0.00809879
v -0.06650000 0.00735866 -0.00795600
v -0.06650000 0.00347026 -0.01058780
v -0.06650000 0.00499152 -0.00843551
v -0.06650000 0.00141585 -0.01048609
v -0.06650000 -0.00044627 -0.00447782
v -0.06650000 0.00352739 -0.01064348
v -0.06650000 0.00508243 -0.00847649
v -0.06650000 0.00135350 -0.01053586
v -0.06650000 -0.00066891 -0.00445001
v -0.06650000 0.00358168 -0.01070194
v -0.06650000 0.00517528 -0.00851288
v -0.06650000 0.00129370 -0.01058867
v -0.06650000 0.00363298 -0.01076304
v -0.06650000 0.00526982 -0.00854461
v -0.06650000 0.00123662 -0.01064440
v -0.06650000 -0.00088990 -0.00441113
v -0.06650000 0.00368118 -0.01082661
v -0.06650000 0.00536583 -0.00857158
v -0.06650000 -0.01029293 -0.00887833
v -0.06650000 -0.01024474 -0.00894190
v -0.06650000 -0.01019343 -0.00900300
v -0.06650000 -0.01013914 -0.00906146
v -0.06650000 -0.01008201 -0.00911714
v -0.06650000 -0.01002217 -0.00916990
v -0.06650000 0.00118238 -0.01070290
v -0.06650000 0.00372614 -0.01089251
v -0.06650000 0.00546306 -0.00859373
v -0.06650000 0.00113112 -0.01076404
v -0.06650000 -0.00110867 -0.00436129
v -0.06650000 0.00376777 -0.01096057
v -0.06650000 0.00108298 -0.01082765
v -0.06650000 -0.00132468 -0.00430061
v -0.06650000 0.00380595 -0.01103061
v -0.06650000 0.00556127 -0.00861101
v -0.06650000 0.00103806 -0.01089358
v -0.06650000 0.00384060 -0.01110248
v -0.06650000 0.00566023 -0.00862337
v -0.06650000 0.00698587 -0.00828525
v -0.06650000 0.00690212 -0.00833939
v -0.06650000 0.00706681 -0.00822701
v -0.06650000 0.00714476 -0.00816480
v -0.06650000 0.00099649 -0.01096167
v -0.06650000 0.00387161 -0.01117598
v -0.06650000 0.00575967 -0.00863078
v -0.06650000 0.00095836 -0.01103175
v -0.06650000 -0.00741840 -0.00822103
v -0.06650000 0.00389893 -0.01125094
v -0.06650000 0.00585937 -0.00863323
v -0.06650000 0.00092378 -0.01110364
v -0.06650000 -0.00743418 -0.00829923
v -0.06650000 0.00392248 -0.01132716
v -0.06650000 0.00595906 -0.00863070
v -0.06650000 0.00089282 -0.01117717
v -0.06650000 -0.00745383 -0.00837655
v -0.06650000 -0.00995978 -0.00921962
v -0.06650000 -0.00989499 -0.00926616
v -0.06650000 -0.00982795 -0.00930942
v -0.06650000 -0.00975885 -0.00934928
v -0.06650000 -0.00968784 -0.00938565
v -0.06650000 -0.00961511 -0.00941843
v -0.06650000 0.00394219 -0.01140446
v -0.06650000 0.00605850 -0.00862321
v -0.06650000 0.00086556 -0.01125215
v -0.06650000 -0.00747732 -0.00845279
v -0.06650000 0.00395803 -0.01148265
v -0.06650000 0.00084208 -0.01132839
v -0.06650000 -0.00750457 -0.00852777
v -0.06650000 0.00672706 -0.00843482
v -0.06650000 0.00663617 -0.00847587
v -0.06650000 0.00681578 -0.00838929
v -0.06650000 -0.00931061 -0.00951222
v -0.06650000 -0.00938840 -0.00949450
v -0.06650000 -0.00923204 -0.00952605
v -0.06650000 -0.00915288 -0.00953593
v -0.06650000 -0.00954084 -0.00944755
v -0.06650000 -0.00946520 -0.00947293
v -0.06650000 0.00644884 -0.00854414
v -0.06650000 0.00635286 -0.00857118
v -0.06650000 0.00654336 -0.00851234
v -0.06650000 -0.00907332 -0.00954186
v -0.06650000 -0.00899356 -0.00954382
v -0.06650000 -0.00891381 -0.00954180
v -0.06650000 -0.00883426 -0.00953581
v -0.06650000 -0.00875510 -0.00952586
v -0.06650000 0.00615744 -0.00861077
v -0.06650000 0.00625564 -0.00859341
v -0.06650000 -0.00867654 -0.00951197
v -0.06650000 -0.00859877 -0.00949419
v -0.06650000 -0.00852199 -0.00947255
v -0.06650000 -0.00844637 -0.00944711
v -0.06650000 0.00397793 -0.01164091
v -0.06650000 0.00398194 -0.01172059
v -0.06650000 0.00396995 -0.01156154
v -0.06650000 -0.00837212 -0.00941794
v -0.06650000 -0.00829941 -0.00938509
v -0.06650000 -0.00822844 -0.00934867
v -0.06650000 -0.00815936 -0.00930875
v -0.06650000 0.00397011 -0.01195944
v -0.06650000 0.00395825 -0.01203833
v -0.06650000 0.00397802 -0.01188005
v -0.06650000 0.00398197 -0.01180037
v -0.06650000 -0.00809236 -0.00926544
v -0.06650000 -0.00802761 -0.00921885
v -0.06650000 -0.00796525 -0.00916908
v -0.06650000 -0.00790546 -0.00911627
v -0.06650000 0.00389934 -0.01227009
v -0.06650000 0.00387208 -0.01234507
v -0.06650000 0.00392282 -0.01219385
v -0.06650000 0.00394248 -0.01211653
v -0.06650000 -0.00784837 -0.00906054
v -0.06650000 -0.00779413 -0.00900204
v -0.06650000 -0.00774288 -0.00894091
v -0.06650000 0.00372684 -0.01262866
v -0.06650000 0.00368192 -0.01269459
v -0.06650000 0.00376841 -0.01256057
v -0.06650000 0.00380654 -0.01249049
v -0.06650000 0.00384112 -0.01241860
v -0.06650000 -0.00769473 -0.00887729
v -0.06650000 -0.00764982 -0.00881136
v -0.06650000 0.00341140 -0.01298638
v -0.06650000 0.00334905 -0.01303615
v -0.06650000 0.00347119 -0.01293357
v -0.06650000 0.00352828 -0.01287784
v -0.06650000 0.00358252 -0.01281934
v -0.06650000 0.00363378 -0.01275820
v -0.06650000 -0.00760824 -0.00874327
v -0.06650000 -0.00757012 -0.00867319
v -0.06650000 0.00300453 -0.01323523
v -0.06650000 0.00293028 -0.01326441
v -0.06650000 0.00307724 -0.01320239
v -0.06650000 0.00314822 -0.01316597
v -0.06650000 0.00321729 -0.01312605
v -0.06650000 0.00328429 -0.01308274
v -0.06650000 -0.00753553 -0.00860130
v -0.06650000 0.00254239 -0.01335311
v -0.06650000 0.00246284 -0.01335910
v -0.06650000 0.00262155 -0.01334315
v -0.06650000 0.00270011 -0.01332927
v -0.06650000 0.00277788 -0.01331149
v -0.06650000 0.00285467 -0.01328985
v -0.06650000 0.00082242 -0.01140571
v -0.06650000 0.00080665 -0.01148391
v -0.06650000 0.00214461 -0.01334334
v -0.06650000 0.00206604 -0.01332952
v -0.06650000 0.00222378 -0.01335323
v -0.06650000 0.00230333 -0.01335916
v -0.06650000 0.00238309 -0.01336112
v -0.06650000 0.00198826 -0.01331180
v -0.06650000 0.00079479 -0.01156280
v -0.06650000 0.00078688 -0.01164219
v -0.06650000 0.00161780 -0.01316658
v -0.06650000 0.00154870 -0.01312672
v -0.06650000 0.00168881 -0.01320295
v -0.06650000 0.00176154 -0.01323573
v -0.06650000 0.00183582 -0.01326485
v -0.06650000 0.00191145 -0.01329022
v -0.06650000 0.00078293 -0.01172187
v -0.06650000 0.00078296 -0.01180165
v -0.06650000 0.00129464 -0.01293444
v -0.06650000 0.00123751 -0.01287876
v -0.06650000 0.00135448 -0.01298720
v -0.06650000 0.00141687 -0.01303692
v -0.06650000 0.00148167 -0.01308346
v -0.06650000 0.00078697 -0.01188132
v -0.06650000 0.00079495 -0.01196070
v -0.06650000 0.00080687 -0.01203959
v -0.06650000 0.00108372 -0.01269563
v -0.06650000 0.00103875 -0.01262973
v -0.06650000 0.00113192 -0.01275920
v -0.06650000 0.00118322 -0.01282030
v -0.06650000 0.00082271 -0.01211778
v -0.06650000 0.00084242 -0.01219508
v -0.06650000 0.00086597 -0.01227130
v -0.06650000 0.00089328 -0.01234626
v -0.06650000 0.00092430 -0.01241976
v -0.06650000 0.00095895 -0.01249163
v -0.06650000 0.00099713 -0.01256167
v -0.06350000 -0.01019343 -0.00900300
v -0.06350000 -0.01013914 -0.00906146
v -0.06350000 -0.01008201 -0.00911714
v -0.06350000 -0.01002217 -0.00916990
v -0.06350000 -0.00995978 -0.00921962
v -0.06350000 -0.00989499 -0.00926616
v -0.06350000 -0.00982795 -0.00930942
v -0.06350000 -0.00975885 -0.00934928
v -0.06350000 -0.00968784 -0.00938565
v -0.06350000 -0.00961511 -0.00941843
v -0.06350000 -0.00954084 -0.00944755
v -0.06350000 -0.00946520 -0.00947293
v -0.06350000 -0.00938840 -0.00949450
v -0.06350000 -0.00931061 -0.00951222
v -0.06350000 -0.00923204 -0.00952605
v -0.06350000 -0.00915288 -0.00953593
v -0.06350000 -0.00907332 -0.00954186
v -0.06350000 -0.00899356 -0.00954382
v -0.06350000 -0.00891381 -0.00954180
v -0.06350000 -0.00883426 -0.00953581
v -0.06350000 -0.00875510 -0.00952586
v -0.06350000 -0.00867654 -0.00951197
v -0.06350000 -0.00859877 -0.00949419
v -0.06350000 -0.00852199 -0.00947255
v -0.06350000 -0.00844637 -0.00944711
v -0.06350000 -0.00837212 -0.00941794
v -0.06350000 -0.00829941 -0.00938509
v -0.06350000 -0.00822844 -0.00934867
v -0.06350000 -0.00815936 -0.00930875
v -0.06350000 -0.00809236 -0.00926544
v -0.06350000 -0.00802761 -0.00921885
v -0.06350000 -0.00796525 -0.00916908
v -0.06350000 -0.00790546 -0.00911627
v -0.06350000 -0.00784837 -0.00906054
v -0.06350000 -0.00779413 -0.00900204
v -0.06350000 -0.00774288 -0.00894091
v -0.06350000 -0.00769473 -0.00887729
v -0.06350000 -0.00764982 -0.00881136
v -0.06350000 -0.00760824 -0.00874327
v -0.06350000 -0.00757012 -0.00867319
v -0.06350000 -0.00753553 -0.00860130
v -0.06350000 -0.00750457 -0.00852777
v -0.06350000 -0.00747732 -0.00845279
v -0.06350000 -0.00745383 -0.00837655
v -0.06350000 -0.00743418 -0.00829923
v -0.06350000 -0.00741840 -0.00822103
v -0.06350000 -0.00740654 -0.00814214
v -0.06350000 -0.00739863 -0.00806275
v -0.06350000 -0.00739469 -0.00798307
v -0.06350000 -0.00739472 -0.00790329
v -0.06350000 -0.00739873 -0.00782362
v -0.06350000 -0.00740670 -0.00774424
v -0.06350000 -0.00741862 -0.00766536
v -0.06350000 -0.00743446 -0.00758717
v -0.06350000 -0.00745418 -0.00750986
v -0.06350000 -0.00747772 -0.00743364
v -0.06350000 -0.00750504 -0.00735868
v -0.06350000 -0.00753606 -0.00728518
v -0.06350000 -0.00757070 -0.00721332
v -0.06350000 -0.00760888 -0.00714327
v -0.06350000 -0.00765051 -0.00707521
v -0.06350000 -0.00769548 -0.00700931
v -0.06350000 -0.00774367 -0.00694574
v -0.06350000 -0.00779498 -0.00688465
v -0.06350000 -0.00899484 -0.00634382
v -0.06350000 -0.00883553 -0.00635171
v -0.06350000 -0.00891509 -0.00634578
v -0.06350000 -0.00915415 -0.00635184
v -0.06350000 -0.00907460 -0.00634584
v -0.06350000 -0.00852321 -0.00641472
v -0.06350000 -0.00860001 -0.00639314
v -0.06350000 -0.00867780 -0.00637542
v -0.06350000 -0.00938963 -0.00639346
v -0.06350000 -0.00923330 -0.00636179
v -0.06350000 -0.00931186 -0.00637567
v -0.06350000 -0.00837330 -0.00646921
v -0.06350000 -0.00844757 -0.00644009
v -0.06350000 -0.00875637 -0.00636160
v -0.06350000 -0.00954204 -0.00644053
v -0.06350000 -0.00946642 -0.00641509
v -0.06350000 -0.00822956 -0.00653836
v -0.06350000 -0.00830057 -0.00650199
v -0.06350000 -0.00816045 -0.00657822
v -0.06350000 -0.00968899 -0.00650255
v -0.06350000 -0.00961629 -0.00646971
v -0.06350000 -0.00809342 -0.00662148
v -0.06350000 -0.00796623 -0.00671774
v -0.06350000 -0.00802863 -0.00666802
v -0.06350000 -0.01002315 -0.00671856
v -0.06350000 -0.00982905 -0.00657889
v -0.06350000 -0.00989604 -0.00662220
v -0.06350000 -0.00996080 -0.00666880
v -0.06350000 -0.01014004 -0.00682710
v -0.06350000 -0.01008295 -0.00677137
v -0.06350000 -0.00784926 -0.00682619
v -0.06350000 -0.00790640 -0.00677050
v -0.06350000 -0.01024553 -0.00694674
v -0.06350000 -0.01019428 -0.00688560
v -0.06350000 -0.01033859 -0.00707628
v -0.06350000 -0.01029368 -0.00701035
v -0.06350000 -0.01038016 -0.00714437
v -0.06350000 -0.01045288 -0.00728634
v -0.06350000 -0.01041829 -0.00721445
v -0.06350000 -0.01053458 -0.00751109
v -0.06350000 -0.01048383 -0.00735987
v -0.06350000 -0.01051109 -0.00743485
v -0.06350000 -0.01055423 -0.00758841
v -0.06350000 -0.01057001 -0.00766661
v -0.06350000 -0.00975997 -0.00653897
v -0.06350000 -0.01059369 -0.00798435
v -0.06350000 -0.01058187 -0.00774551
v -0.06350000 -0.01058978 -0.00782489
v -0.06350000 -0.01059372 -0.00790457
v -0.06350000 -0.01058171 -0.00814341
v -0.06350000 -0.01058968 -0.00806403
v -0.06350000 -0.01056978 -0.00822229
v -0.06350000 -0.01055395 -0.00830048
v -0.06350000 -0.01051068 -0.00845401
v -0.06350000 -0.01053423 -0.00837778
v -0.06350000 -0.01048337 -0.00852896
v -0.06350000 -0.01033790 -0.00881243
v -0.06350000 -0.01045235 -0.00860246
v -0.06350000 -0.01041771 -0.00867433
v -0.06350000 -0.01037952 -0.00874437
v -0.06350000 -0.01029293 -0.00887833
v -0.06350000 -0.01024474 -0.00894190
v -0.06350000 -0.01137729 0.00541730
v -0.06350000 -0.01121798 0.00540941
v -0.06350000 -0.01129754 0.00541534
v -0.06350000 -0.01098246 0.00536798
v -0.06350000 -0.01106025 0.00538570
v -0.06350000 -0.01113882 0.00539952
v -0.06350000 -0.01090566 0.00534640
v -0.06350000 -0.01169431 0.00538545
v -0.06350000 -0.01145704 0.00541528
v -0.06350000 -0.01153660 0.00540928
v -0.06350000 -0.01161575 0.00539933
v -0.06350000 -0.01075575 0.00529191
v -0.06350000 -0.01083002 0.00532102
v -0.06350000 -0.01192449 0.00532059
v -0.06350000 -0.01177208 0.00536766
v -0.06350000 -0.01184887 0.00534603
v -0.06350000 -0.01061201 0.00522276
v -0.06350000 -0.01068301 0.00525913
v -0.06350000 -0.01207144 0.00525857
v -0.06350000 -0.01199874 0.00529141
v -0.06350000 -0.01047587 0.00513964
v -0.06350000 -0.01054290 0.00518290
v -0.06350000 -0.01221149 0.00518223
v -0.06350000 -0.01214242 0.00522215
v -0.06350000 -0.01034868 0.00504338
v -0.06350000 -0.01041108 0.00509310
v -0.06350000 -0.01017743 0.00487647
v -0.06350000 -0.01023171 0.00493493
v -0.06350000 -0.01028884 0.00499062
v -0.06350000 -0.01252249 0.00493402
v -0.06350000 -0.01227849 0.00513892
v -0.06350000 -0.01234325 0.00509232
v -0.06350000 -0.01240560 0.00504256
v -0.06350000 -0.01246540 0.00498975
v -0.06350000 -0.01262798 0.00481438
v -0.06350000 -0.01257673 0.00487552
v -0.06350000 -0.00995315 0.00454780
v -0.06350000 -0.00999133 0.00461785
v -0.06350000 -0.01003296 0.00468591
v -0.06350000 -0.01007793 0.00475181
v -0.06350000 -0.01012612 0.00481538
v -0.06350000 -0.01276261 0.00461674
v -0.06350000 -0.01267613 0.00475077
v -0.06350000 -0.01272104 0.00468484
v -0.06350000 -0.00988749 0.00440244
v -0.06350000 -0.00991851 0.00447594
v -0.06350000 -0.01283532 0.00447478
v -0.06350000 -0.01280074 0.00454667
v -0.06350000 -0.00983663 0.00425126
v -0.06350000 -0.00986017 0.00432748
v -0.06350000 -0.00981691 0.00417395
v -0.06350000 -0.00980107 0.00409576
v -0.06350000 -0.01291702 0.00425003
v -0.06350000 -0.01286628 0.00440125
v -0.06350000 -0.01289354 0.00432627
v -0.06350000 -0.00978915 0.00401688
v -0.06350000 -0.01295246 0.00409451
v -0.06350000 -0.01293668 0.00417271
v -0.06350000 -0.00977717 0.00385783
v -0.06350000 -0.00978117 0.00393750
v -0.06350000 -0.00977713 0.00377805
v -0.06350000 -0.01297617 0.00385655
v -0.06350000 -0.01296432 0.00401561
v -0.06350000 -0.01297223 0.00393623
v -0.06350000 -0.00978899 0.00361898
v -0.06350000 -0.00978108 0.00369837
v -0.06350000 -0.01296416 0.00361771
v -0.06350000 -0.01297614 0.00377677
v -0.06350000 -0.01297213 0.00369709
v -0.06350000 -0.00988702 0.00323335
v -0.06350000 -0.00985977 0.00330833
v -0.06350000 -0.00983628 0.00338457
v -0.06350000 -0.00981663 0.00346189
v -0.06350000 -0.01291668 0.00338334
v -0.06350000 -0.01295223 0.00353883
v -0.06350000 -0.01293640 0.00346064
v -0.06350000 -0.01289313 0.00330711
v -0.06350000 -0.01286582 0.00323216
v -0.06350000 -0.00999069 0.00301785
v -0.06350000 -0.00995257 0.00308793
v -0.06350000 -0.00991798 0.00315982
v -0.06350000 -0.00980085 0.00354009
v -0.06350000 -0.01280016 0.00308679
v -0.06350000 -0.01283480 0.00315866
v -0.06350000 -0.01007718 0.00288383
v -0.06350000 -0.01003227 0.00294976
v -0.06350000 -0.01017658 0.00275908
v -0.06350000 -0.01012532 0.00282021
v -0.06350000 -0.01267538 0.00288279
v -0.06350000 -0.01276197 0.00301675
v -0.06350000 -0.01272035 0.00294869
v -0.06350000 -0.01023082 0.00270058
v -0.06350000 -0.01041006 0.00254227
v -0.06350000 -0.01034770 0.00259204
v -0.06350000 -0.01028791 0.00264485
v -0.06350000 -0.01246446 0.00264398
v -0.06350000 -0.01262719 0.00281922
v -0.06350000 -0.01257588 0.00275812
v -0.06350000 -0.01252159 0.00269966
v -0.06350000 -0.01047481 0.00249568
v -0.06350000 -0.01061089 0.00241245
v -0.06350000 -0.01054181 0.00245237
v -0.06350000 -0.01227744 0.00249496
v -0.06350000 -0.01240462 0.00259122
v -0.06350000 -0.01234223 0.00254150
v -0.06350000 -0.01221040 0.00245170
v -0.06350000 -0.01214130 0.00241184
v -0.06350000 -0.01082882 0.00231401
v -0.06350000 -0.01075457 0.00234318
v -0.06350000 -0.01068186 0.00237603
v -0.06350000 -0.01098122 0.00226693
v -0.06350000 -0.01090443 0.00228857
v -0.06350000 -0.01192329 0.00231357
v -0.06350000 -0.01207029 0.00237547
v -0.06350000 -0.01199756 0.00234269
v -0.06350000 -0.01184765 0.00228819
v -0.06350000 -0.01113755 0.00223526
v -0.06350000 -0.01105899 0.00224915
v -0.06350000 -0.01177085 0.00226662
v -0.06350000 -0.01129626 0.00221932
v -0.06350000 -0.01121671 0.00222531
v -0.06350000 -0.01153533 0.00222519
v -0.06350000 -0.01169306 0.00224890
v -0.06350000 -0.01161449 0.00223507
v -0.06350000 -0.01145577 0.00221926
v -0.06350000 -0.01137601 0.00221730
v -0.06350000 -0.00238309 0.01336112
v -0.06350000 -0.00222378 0.01335323
v -0.06350000 -0.00230333 0.01335916
v -0.06350000 -0.00198826 0.01331180
v -0.06350000 -0.00206604 0.01332952
v -0.06350000 -0.00214461 0.01334334
v -0.06350000 -0.00262155 0.01334315
v -0.06350000 -0.00246284 0.01335910
v -0.06350000 -0.00254239 0.01335311
v -0.06350000 -0.00191145 0.01329022
v -0.06350000 -0.00270011 0.01332927
v -0.06350000 -0.00176154 0.01323573
v -0.06350000 -0.00183582 0.01326485
v -0.06350000 -0.00293028 0.01326441
v -0.06350000 -0.00277788 0.01331149
v -0.06350000 -0.00285467 0.01328985
v -0.06350000 -0.00161780 0.01316658
v -0.06350000 -0.00168881 0.01320295
v -0.06350000 -0.00300453 0.01323523
v -0.06350000 -0.00307724 0.01320239
v -0.06350000 -0.00148167 0.01308346
v -0.06350000 -0.00154870 0.01312672
v -0.06350000 -0.00321729 0.01312605
v -0.06350000 -0.00314822 0.01316597
v -0.06350000 -0.00135448 0.01298720
v -0.06350000 -0.00141687 0.01303692
v -0.06350000 -0.00328429 0.01308274
v -0.06350000 -0.00118322 0.01282030
v -0.06350000 -0.00123751 0.01287876
v -0.06350000 -0.00129464 0.01293444
v -0.06350000 -0.00352828 0.01287784
v -0.06350000 -0.00334905 0.01303615
v -0.06350000 -0.00341140 0.01298638
v -0.06350000 -0.00347119 0.01293357
v -0.06350000 -0.00363378 0.01275820
v -0.06350000 -0.00358252 0.01281934
v -0.06350000 -0.00095895 0.01249163
v -0.06350000 -0.00099713 0.01256167
v -0.06350000 -0.00103875 0.01262973
v -0.06350000 -0.00108372 0.01269563
v -0.06350000 -0.00113192 0.01275920
v -0.06350000 -0.00372684 0.01262866
v -0.06350000 -0.00368192 0.01269459
v -0.06350000 -0.00089328 0.01234626
v -0.06350000 -0.00092430 0.01241976
v -0.06350000 -0.00384112 0.01241860
v -0.06350000 -0.00376841 0.01256057
v -0.06350000 -0.00380654 0.01249049
v -0.06350000 -0.00084242 0.01219508
v -0.06350000 -0.00086597 0.01227130
v -0.06350000 -0.00389934 0.01227009
v -0.06350000 -0.00387208 0.01234507
v -0.06350000 -0.00080687 0.01203959
v -0.06350000 -0.00082271 0.01211778
v -0.06350000 -0.00079495 0.01196070
v -0.06350000 -0.00394248 0.01211653
v -0.06350000 -0.00392282 0.01219385
v -0.06350000 -0.00395825 0.01203833
v -0.06350000 -0.00078293 0.01172187
v -0.06350000 -0.00078296 0.01180165
v -0.06350000 -0.00078697 0.01188132
v -0.06350000 -0.00398197 0.01180037
v -0.06350000 -0.00397011 0.01195944
v -0.06350000 -0.00397802 0.01188005
v -0.06350000 -0.00079479 0.01156280
v -0.06350000 -0.00078688 0.01164219
v -0.06350000 -0.00082242 0.01140571
v -0.06350000 -0.00080665 0.01148391
v -0.06350000 -0.00396995 0.01156154
v -0.06350000 -0.00398194 0.01172059
v -0.06350000 -0.00397793 0.01164091
v -0.06350000 -0.00395803 0.01148265
v -0.06350000 -0.00089282 0.01117717
v -0.06350000 -0.00086556 0.01125215
v -0.06350000 -0.00084208 0.01132839
v -0.06350000 -0.00392248 0.01132716
v -0.06350000 -0.00394219 0.01140446
v -0.06350000 -0.00389893 0.01125094
v -0.06350000 -0.00099649 0.01096167
v -0.06350000 -0.00095836 0.01103175
v -0.06350000 -0.00092378 0.01110364
v -0.06350000 -0.00108298 0.01082765
v -0.06350000 -0.00103806 0.01089358
v -0.06350000 -0.00376777 0.01096057
v -0.06350000 -0.00387161 0.01117598
v -0.06350000 -0.00384060 0.01110248
v -0.06350000 -0.00380595 0.01103061
v -0.06350000 -0.00118238 0.01070290
v -0.06350000 -0.00113112 0.01076404
v -0.06350000 -0.00368118 0.01082661
v -0.06350000 -0.00372614 0.01089251
v -0.06350000 -0.00123662 0.01064440
v -0.06350000 -0.00352739 0.01064348
v -0.06350000 -0.00363298 0.01076304
v -0.06350000 -0.00358168 0.01070194
v -0.06350000 -0.00141585 0.01048609
v -0.06350000 -0.00135350 0.01053586
v -0.06350000 -0.00129370 0.01058867
v -0.06350000 -0.00347026 0.01058780
v -0.06350000 -0.00341042 0.01053504
v -0.06350000 -0.00161668 0.01035627
v -0.06350000 -0.00154761 0.01039619
v -0.06350000 -0.00148061 0.01043950
v -0.06350000 -0.00328323 0.01043878
v -0.06350000 -0.00334803 0.01048532
v -0.06350000 -0.00168766 0.01031985
v -0.06350000 -0.00314709 0.01035566
v -0.06350000 -0.00321620 0.01039552
v -0.06350000 -0.00183462 0.01025783
v -0.06350000 -0.00176037 0.01028701
v -0.06350000 -0.00307609 0.01031929
v -0.06350000 -0.00198702 0.01021075
v -0.06350000 -0.00191023 0.01023239
v -0.06350000 -0.00292908 0.01025739
v -0.06350000 -0.00300336 0.01028651
v -0.06350000 -0.00214335 0.01017909
v -0.06350000 -0.00206479 0.01019297
v -0.06350000 -0.00277664 0.01021044
v -0.06350000 -0.00285345 0.01023202
v -0.06350000 -0.00269886 0.01019272
v -0.06350000 -0.00238181 0.01016112
v -0.06350000 -0.00230206 0.01016314
v -0.06350000 -0.00222251 0.01016913
v -0.06350000 -0.00254112 0.01016901
v -0.06350000 -0.00262029 0.01017890
v -0.06350000 -0.00246156 0.01016308
v -0.06350000 0.00899356 0.00954382
v -0.06350000 0.00915288 0.00953593
v -0.06350000 0.00907332 0.00954186
v -0.06350000 0.00946520 0.00947293
v -0.06350000 0.00938840 0.00949450
v -0.06350000 0.00931061 0.00951222
v -0.06350000 0.00859877 0.00949419
v -0.06350000 0.00891381 0.00954180
v -0.06350000 0.00883426 0.00953581
v -0.06350000 0.00875510 0.00952586
v -0.06350000 0.00867654 0.00951197
v -0.06350000 0.00961511 0.00941843
v -0.06350000 0.00954084 0.00944755
v -0.06350000 0.00923204 0.00952605
v -0.06350000 0.00844637 0.00944711
v -0.06350000 0.00852199 0.00947255
v -0.06350000 0.00975885 0.00934928
v -0.06350000 0.00968784 0.00938565
v -0.06350000 0.00982795 0.00930942
v -0.06350000 0.00829941 0.00938509
v -0.06350000 0.00837212 0.00941794
v -0.06350000 0.00989499 0.00926616
v -0.06350000 0.01008201 0.00911714
v -0.06350000 0.01002217 0.00916990
v -0.06350000 0.00995978 0.00921962
v -0.06350000 0.00784837 0.00906054
v -0.06350000 0.00822844 0.00934867
v -0.06350000 0.00815936 0.00930875
v -0.06350000 0.00809236 0.00926544
v -0.06350000 0.00802761 0.00921885
v -0.06350000 0.00796525 0.00916908
v -0.06350000 0.00790546 0.00911627
v -0.06350000 0.01033790 0.00881243
v -0.06350000 0.01019343 0.00900300
v -0.06350000 0.01013914 0.00906146
v -0.06350000 0.01029293 0.00887833
v -0.06350000 0.01024474 0.00894190
v -0.06350000 0.00769473 0.00887729
v -0.06350000 0.00779413 0.00900204
v -0.06350000 0.00774288 0.00894091
v -0.06350000 0.01041771 0.00867433
v -0.06350000 0.01037952 0.00874437
v -0.06350000 0.01045235 0.00860246
v -0.06350000 0.00753553 0.00860130
v -0.06350000 0.00760824 0.00874327
v -0.06350000 0.00757012 0.00867319
v -0.06350000 0.00750457 0.00852777
v -0.06350000 0.01055395 0.00830048
v -0.06350000 0.01053423 0.00837778
v -0.06350000 0.01051068 0.00845401
v -0.06350000 0.01048337 0.00852896
v -0.06350000 0.00747732 0.00845279
v -0.06350000 0.00764982 0.00881136
v -0.06350000 0.00745383 0.00837655
v -0.06350000 0.00741840 0.00822103
v -0.06350000 0.00743418 0.00829923
v -0.06350000 0.01059369 0.00798435
v -0.06350000 0.01058968 0.00806403
v -0.06350000 0.01058171 0.00814341
v -0.06350000 0.01056979 0.00822229
v -0.06350000 0.01058187 0.00774551
v -0.06350000 0.01058978 0.00782489
v -0.06350000 0.01059372 0.00790457
v -0.06350000 0.00739873 0.00782362
v -0.06350000 0.00740654 0.00814214
v -0.06350000 0.00739863 0.00806275
v -0.06350000 0.00739469 0.00798307
v -0.06350000 0.00739472 0.00790329
v -0.06350000 0.01053458 0.00751109
v -0.06350000 0.01055423 0.00758841
v -0.06350000 0.01057001 0.00766661
v -0.06350000 0.00741862 0.00766536
v -0.06350000 0.00740670 0.00774424
v -0.06350000 0.00743446 0.00758717
v -0.06350000 0.01048384 0.00735987
v -0.06350000 0.01051109 0.00743485
v -0.06350000 0.01045288 0.00728634
v -0.06350000 0.00747772 0.00743364
v -0.06350000 0.00745418 0.00750986
v -0.06350000 0.00750504 0.00735868
v -0.06350000 0.00753606 0.00728518
v -0.06350000 0.01029368 0.00701035
v -0.06350000 0.01033859 0.00707628
v -0.06350000 0.01038016 0.00714437
v -0.06350000 0.01041829 0.00721445
v -0.06350000 0.00765051 0.00707521
v -0.06350000 0.00757070 0.00721332
v -0.06350000 0.00760888 0.00714327
v -0.06350000 0.00784926 0.00682619
v -0.06350000 0.00769548 0.00700931
v -0.06350000 0.00774367 0.00694574
v -0.06350000 0.00779498 0.00688465
v -0.06350000 0.00790640 0.00677050
v -0.06350000 0.00989604 0.00662220
v -0.06350000 0.00996080 0.00666880
v -0.06350000 0.01002315 0.00671856
v -0.06350000 0.01008295 0.00677137
v -0.06350000 0.00802863 0.00666802
v -0.06350000 0.00796623 0.00671774
v -0.06350000 0.00975997 0.00653897
v -0.06350000 0.00982905 0.00657889
v -0.06350000 0.00961629 0.00646971
v -0.06350000 0.00968899 0.00650255
v -0.06350000 0.01014004 0.00682710
v -0.06350000 0.01019428 0.00688560
v -0.06350000 0.00822956 0.00653836
v -0.06350000 0.00809342 0.00662148
v -0.06350000 0.00816045 0.00657822
v -0.06350000 0.00830057 0.00650199
v -0.06350000 0.00946642 0.00641509
v -0.06350000 0.00954204 0.00644053
v -0.06350000 0.01024553 0.00694674
v -0.06350000 0.00837330 0.00646921
v -0.06350000 0.00931186 0.00637567
v -0.06350000 0.00938963 0.00639346
v -0.06350000 0.00852321 0.00641472
v -0.06350000 0.00844757 0.00644009
v -0.06350000 0.00915415 0.00635184
v -0.06350000 0.00923330 0.00636179
v -0.06350000 0.00867780 0.00637542
v -0.06350000 0.00860001 0.00639314
v -0.06350000 0.00907460 0.00634584
v -0.06350000 0.00899484 0.00634382
v -0.06350000 0.00883553 0.00635171
v -0.06350000 0.00875637 0.00636160
v -0.06350000 0.00891509 0.00634578
v -0.06350000 0.00262029 -0.01017890
v -0.06350000 0.00254112 -0.01016901
v -0.06350000 0.00246156 -0.01016308
v -0.06350000 0.00214335 -0.01017909
v -0.06350000 0.00238181 -0.01016112
v -0.06350000 0.00230206 -0.01016314
v -0.06350000 0.00222251 -0.01016913
v -0.06350000 0.00198702 -0.01021075
v -0.06350000 0.00206479 -0.01019297
v -0.06350000 0.00300336 -0.01028651
v -0.06350000 0.00292908 -0.01025739
v -0.06350000 0.00285345 -0.01023202
v -0.06350000 0.00277664 -0.01021044
v -0.06350000 0.00269886 -0.01019272
v -0.06350000 0.00183462 -0.01025783
v -0.06350000 0.00191023 -0.01023239
v -0.06350000 0.00321620 -0.01039552
v -0.06350000 0.00314709 -0.01035566
v -0.06350000 0.00307609 -0.01031929
v -0.06350000 0.00168766 -0.01031985
v -0.06350000 0.00176037 -0.01028701
v -0.06350000 0.00161668 -0.01035627
v -0.06350000 0.00148061 -0.01043950
v -0.06350000 0.00154761 -0.01039619
v -0.06350000 0.00347026 -0.01058780
v -0.06350000 0.00341042 -0.01053504
v -0.06350000 0.00334803 -0.01048532
v -0.06350000 0.00328323 -0.01043878
v -0.06350000 0.00135350 -0.01053586
v -0.06350000 0.00141585 -0.01048609
v -0.06350000 0.00363298 -0.01076304
v -0.06350000 0.00358168 -0.01070194
v -0.06350000 0.00352739 -0.01064348
v -0.06350000 0.00123662 -0.01064440
v -0.06350000 0.00129370 -0.01058867
v -0.06350000 0.00372614 -0.01089251
v -0.06350000 0.00368118 -0.01082661
v -0.06350000 0.00113112 -0.01076404
v -0.06350000 0.00118238 -0.01070290
v -0.06350000 0.00108298 -0.01082765
v -0.06350000 0.00380595 -0.01103061
v -0.06350000 0.00376777 -0.01096057
v -0.06350000 0.00099649 -0.01096167
v -0.06350000 0.00103806 -0.01089358
v -0.06350000 0.00389893 -0.01125094
v -0.06350000 0.00387161 -0.01117598
v -0.06350000 0.00384060 -0.01110248
v -0.06350000 0.00392248 -0.01132716
v -0.06350000 0.00089282 -0.01117717
v -0.06350000 0.00095836 -0.01103175
v -0.06350000 0.00092378 -0.01110364
v -0.06350000 0.00395803 -0.01148265
v -0.06350000 0.00394219 -0.01140446
v -0.06350000 0.00084208 -0.01132839
v -0.06350000 0.00086556 -0.01125215
v -0.06350000 0.00397793 -0.01164091
v -0.06350000 0.00396995 -0.01156154
v -0.06350000 0.00080665 -0.01148391
v -0.06350000 0.00082242 -0.01140571
v -0.06350000 0.00078688 -0.01164219
v -0.06350000 0.00079479 -0.01156280
v -0.06350000 0.00397802 -0.01188005
v -0.06350000 0.00398197 -0.01180037
v -0.06350000 0.00398194 -0.01172059
v -0.06350000 0.00397011 -0.01195944
v -0.06350000 0.00395825 -0.01203833
v -0.06350000 0.00079495 -0.01196070
v -0.06350000 0.00078293 -0.01172187
v -0.06350000 0.00078296 -0.01180165
v -0.06350000 0.00078697 -0.01188132
v -0.06350000 0.00392282 -0.01219385
v -0.06350000 0.00394248 -0.01211653
v -0.06350000 0.00080687 -0.01203959
v -0.06350000 0.00387208 -0.01234507
v -0.06350000 0.00389934 -0.01227009
v -0.06350000 0.00084242 -0.01219508
v -0.06350000 0.00082271 -0.01211778
v -0.06350000 0.00376841 -0.01256057
v -0.06350000 0.00380654 -0.01249049
v -0.06350000 0.00384112 -0.01241860
v -0.06350000 0.00092430 -0.01241976
v -0.06350000 0.00086597 -0.01227130
v -0.06350000 0.00089328 -0.01234626
v -0.06350000 0.00372684 -0.01262866
v -0.06350000 0.00095895 -0.01249163
v -0.06350000 0.00099713 -0.01256167
v -0.06350000 0.00363378 -0.01275820
v -0.06350000 0.00368192 -0.01269459
v -0.06350000 0.00113192 -0.01275920
v -0.06350000 0.00103875 -0.01262973
v -0.06350000 0.00108372 -0.01269563
v -0.06350000 0.00347119 -0.01293357
v -0.06350000 0.00352828 -0.01287784
v -0.06350000 0.00358252 -0.01281934
v -0.06350000 0.00118322 -0.01282030
v -0.06350000 0.00321729 -0.01312605
v -0.06350000 0.00328429 -0.01308274
v -0.06350000 0.00334905 -0.01303615
v -0.06350000 0.00341140 -0.01298638
v -0.06350000 0.00141687 -0.01303692
v -0.06350000 0.00123751 -0.01287876
v -0.06350000 0.00129464 -0.01293444
v -0.06350000 0.00135448 -0.01298720
v -0.06350000 0.00148167 -0.01308346
v -0.06350000 0.00307724 -0.01320239
v -0.06350000 0.00314822 -0.01316597
v -0.06350000 0.00300453 -0.01323523
v -0.06350000 0.00161780 -0.01316658
v -0.06350000 0.00154870 -0.01312672
v -0.06350000 0.00277788 -0.01331149
v -0.06350000 0.00285467 -0.01328985
v -0.06350000 0.00293028 -0.01326441
v -0.06350000 0.00183582 -0.01326485
v -0.06350000 0.00168881 -0.01320295
v -0.06350000 0.00176154 -0.01323573
v -0.06350000 0.00254239 -0.01335311
v -0.06350000 0.00262155 -0.01334315
v -0.06350000 0.00270011 -0.01332927
v -0.06350000 0.00206604 -0.01332952
v -0.06350000 0.00191145 -0.01329022
v -0.06350000 0.00198826 -0.01331180
v -0.06350000 0.00238309 -0.01336112
v -0.06350000 0.00246284 -0.01335910
v -0.06350000 0.00230333 -0.01335916
v -0.06350000 0.00214461 -0.01334334
v -0.06350000 0.00222378 -0.01335323
v -0.06350000 0.01161449 -0.00223507
v -0.06350000 0.01153533 -0.00222519
v -0.06350000 0.01145577 -0.00221926
v -0.06350000 0.01129626 -0.00221932
v -0.06350000 0.01137601 -0.00221730
v -0.06350000 0.01113755 -0.00223526
v -0.06350000 0.01121671 -0.00222531
v -0.06350000 0.01098122 -0.00226693
v -0.06350000 0.01105899 -0.00224915
v -0.06350000 0.01199756 -0.00234269
v -0.06350000 0.01192329 -0.00231357
v -0.06350000 0.01184765 -0.00228819
v -0.06350000 0.01177085 -0.00226662
v -0.06350000 0.01169306 -0.00224890
v -0.06350000 0.01082882 -0.00231401
v -0.06350000 0.01090443 -0.00228857
v -0.06350000 0.01075457 -0.00234318
v -0.06350000 0.01221040 -0.00245170
v -0.06350000 0.01214130 -0.00241184
v -0.06350000 0.01207029 -0.00237547
v -0.06350000 0.01061089 -0.00241245
v -0.06350000 0.01068186 -0.00237603
v -0.06350000 0.01047481 -0.00249568
v -0.06350000 0.01054181 -0.00245237
v -0.06350000 0.01246446 -0.00264398
v -0.06350000 0.01240462 -0.00259122
v -0.06350000 0.01234223 -0.00254150
v -0.06350000 0.01227744 -0.00249496
v -0.06350000 0.01034770 -0.00259204
v -0.06350000 0.01041006 -0.00254227
v -0.06350000 0.01028791 -0.00264485
v -0.06350000 0.01262719 -0.00281922
v -0.06350000 0.01257588 -0.00275812
v -0.06350000 0.01252159 -0.00269966
v -0.06350000 0.01023082 -0.00270058
v -0.06350000 0.01272035 -0.00294869
v -0.06350000 0.01267538 -0.00288279
v -0.06350000 0.01012532 -0.00282021
v -0.06350000 0.01017658 -0.00275908
v -0.06350000 0.01007718 -0.00288383
v -0.06350000 0.01280016 -0.00308679
v -0.06350000 0.01276197 -0.00301675
v -0.06350000 0.00991798 -0.00315982
v -0.06350000 0.00999069 -0.00301785
v -0.06350000 0.00995257 -0.00308793
v -0.06350000 0.01291668 -0.00338334
v -0.06350000 0.01289313 -0.00330711
v -0.06350000 0.01286582 -0.00323216
v -0.06350000 0.00985977 -0.00330833
v -0.06350000 0.01003227 -0.00294976
v -0.06350000 0.00988702 -0.00323335
v -0.06350000 0.00983628 -0.00338457
v -0.06350000 0.01296416 -0.00361771
v -0.06350000 0.01295223 -0.00353883
v -0.06350000 0.01293640 -0.00346064
v -0.06350000 0.00980085 -0.00354009
v -0.06350000 0.00981663 -0.00346189
v -0.06350000 0.01297614 -0.00377677
v -0.06350000 0.01297213 -0.00369709
v -0.06350000 0.00978108 -0.00369837
v -0.06350000 0.00978899 -0.00361898
v -0.06350000 0.00977713 -0.00377805
v -0.06350000 0.01296432 -0.00401561
v -0.06350000 0.01297223 -0.00393623
v -0.06350000 0.01297617 -0.00385655
v -0.06350000 0.00977717 -0.00385783
v -0.06350000 0.01295246 -0.00409451
v -0.06350000 0.00978915 -0.00401688
v -0.06350000 0.00978117 -0.00393750
v -0.06350000 0.01286628 -0.00440125
v -0.06350000 0.01289354 -0.00432627
v -0.06350000 0.01291702 -0.00425003
v -0.06350000 0.01293668 -0.00417271
v -0.06350000 0.01283480 -0.00315866
v -0.06350000 0.00983663 -0.00425126
v -0.06350000 0.00980107 -0.00409576
v -0.06350000 0.00981691 -0.00417395
v -0.06350000 0.00988749 -0.00440244
v -0.06350000 0.00986017 -0.00432748
v -0.06350000 0.00991851 -0.00447594
v -0.06350000 0.01272104 -0.00468484
v -0.06350000 0.01276261 -0.00461674
v -0.06350000 0.01280074 -0.00454667
v -0.06350000 0.01283532 -0.00447478
v -0.06350000 0.00999133 -0.00461785
v -0.06350000 0.00995315 -0.00454780
v -0.06350000 0.01257673 -0.00487552
v -0.06350000 0.01262798 -0.00481438
v -0.06350000 0.01267613 -0.00475077
v -0.06350000 0.01007793 -0.00475181
v -0.06350000 0.01003296 -0.00468591
v -0.06350000 0.01246540 -0.00498975
v -0.06350000 0.01252249 -0.00493402
v -0.06350000 0.01017743 -0.00487647
v -0.06350000 0.01012612 -0.00481538
v -0.06350000 0.01234325 -0.00509232
v -0.06350000 0.01240560 -0.00504256
v -0.06350000 0.01028884 -0.00499062
v -0.06350000 0.01023171 -0.00493493
v -0.06350000 0.01221149 -0.00518223
v -0.06350000 0.01227849 -0.00513892
v -0.06350000 0.01047587 -0.00513964
v -0.06350000 0.01034868 -0.00504338
v -0.06350000 0.01041108 -0.00509310
v -0.06350000 0.01207144 -0.00525857
v -0.06350000 0.01214242 -0.00522215
v -0.06350000 0.01192449 -0.00532059
v -0.06350000 0.01199874 -0.00529141
v -0.06350000 0.01075575 -0.00529191
v -0.06350000 0.01061201 -0.00522276
v -0.06350000 0.01068301 -0.00525913
v -0.06350000 0.01177208 -0.00536766
v -0.06350000 0.01184887 -0.00534603
v -0.06350000 0.01083002 -0.00532102
v -0.06350000 0.01054290 -0.00518290
v -0.06350000 0.01161575 -0.00539933
v -0.06350000 0.01169431 -0.00538545
v -0.06350000 0.01098246 -0.00536798
v -0.06350000 0.01090566 -0.00534640
v -0.06350000 0.01153660 -0.00540928
v -0.06350000 0.01106025 -0.00538570
v -0.06350000 0.01129754 -0.00541534
v -0.06350000 0.01113882 -0.00539952
v -0.06350000 0.01121798 -0.00540941
v -0.06350000 0.01137729 -0.00541730
v -0.06350000 0.01145704 -0.00541528
v -0.06550000 -0.00435194 -0.00154548
v -0.06550000 -0.00414504 0.00203630
v -0.06550000 -0.00148798 0.00451988
v -0.06550000 0.00347986 0.00311754
v -0.06550000 0.00459152 -0.00049581
v -0.06550000 0.00285103 -0.00363311
v -0.06550000 -0.00061012 -0.00457773
v -0.06550000 -0.00284158 -0.00351013
v -0.06550000 0.00214619 -0.00454325
v -0.06550000 -0.00119810 -0.00506525
v -0.06550000 0.00402050 -0.00309485
v -0.06550000 -0.00432484 -0.00264523
v -0.06550000 0.00514065 0.00126591
v -0.06550000 -0.00388149 0.00330894
v -0.06454265 0.00055373 0.00494329
v -0.06110000 -0.00711066 -0.00050945
v -0.06110000 -0.00717479 -0.00043309
v -0.06110000 -0.00705042 -0.00058892
v -0.06110000 -0.00699421 -0.00067129
v -0.06110000 -0.00694217 -0.00075636
v -0.06110000 -0.00689445 -0.00084392
v -0.06110000 -0.00685114 -0.00093375
v -0.06110000 -0.00681237 -0.00102563
v -0.06110000 -0.00677823 -0.00111933
v -0.06110000 -0.00674879 -0.00121461
v -0.06110000 -0.00672415 -0.00131124
v -0.06110000 -0.00670435 -0.00140897
v -0.06110000 -0.00668945 -0.00150758
v -0.06110000 -0.00667948 -0.00160680
v -0.06110000 -0.00667447 -0.00170640
v -0.06110000 -0.00667443 -0.00180612
v -0.06110000 -0.00667936 -0.00190572
v -0.06110000 -0.00668925 -0.00200495
v -0.06110000 -0.00670407 -0.00210357
v -0.06110000 -0.00672379 -0.00220132
v -0.06110000 -0.00674836 -0.00229797
v -0.06110000 -0.00677772 -0.00239327
v -0.06110000 -0.00681179 -0.00248700
v -0.06110000 -0.00685049 -0.00257890
v -0.06110000 -0.00689372 -0.00266877
v -0.06110000 -0.00694138 -0.00275636
v -0.06110000 -0.00699334 -0.00284148
v -0.06110000 -0.00704948 -0.00292390
v -0.06110000 -0.00710967 -0.00300341
v -0.06110000 -0.00717374 -0.00307983
v -0.06110000 -0.00724153 -0.00315296
v -0.06110000 -0.00731290 -0.00322262
v -0.06110000 -0.00738764 -0.00328863
v -0.06110000 -0.00746558 -0.00335084
v -0.06110000 -0.00754653 -0.00340908
v -0.06110000 -0.00763027 -0.00346322
v -0.06110000 -0.00771662 -0.00351312
v -0.06110000 -0.00780534 -0.00355865
v -0.06110000 -0.00789622 -0.00359970
v -0.06110000 -0.00798904 -0.00363617
v -0.06110000 -0.00808355 -0.00366797
v -0.06110000 -0.00817954 -0.00369501
v -0.06110000 -0.00827675 -0.00371724
v -0.06110000 -0.00837495 -0.00373460
v -0.06110000 -0.00847390 -0.00374704
v -0.06110000 -0.00857334 -0.00375453
v -0.06110000 -0.00867303 -0.00375706
v -0.06110000 -0.00877272 -0.00375461
v -0.06110000 -0.00887217 -0.00374720
v -0.06110000 -0.00897112 -0.00373484
v -0.06110000 -0.00906934 -0.00371756
v -0.06110000 -0.00916657 -0.00369541
v -0.06110000 -0.00926257 -0.00366844
v -0.06110000 -0.00935712 -0.00363671
v -0.06110000 -0.00944996 -0.00360032
v -0.06110000 -0.00954087 -0.00355934
v -0.06110000 -0.00962963 -0.00351388
v -0.06110000 -0.00971601 -0.00346405
v -0.06110000 -0.00979981 -0.00340998
v -0.06110000 -0.00988080 -0.00335180
v -0.06110000 -0.00995879 -0.00328966
v -0.06110000 -0.01003359 -0.00322370
v -0.06110000 -0.01010500 -0.00315410
v -0.06110000 -0.01017286 -0.00308103
v -0.06110000 -0.00654750 -0.00390084
v -0.06110000 -0.01023699 -0.00300466
v -0.06110000 -0.01086995 -0.00382928
v -0.06110000 -0.01029724 -0.00292519
v -0.06110000 -0.01035344 -0.00284282
v -0.06110000 -0.01040548 -0.00275775
v -0.06110000 -0.01045320 -0.00267019
v -0.06110000 -0.01049651 -0.00258036
v -0.06110000 -0.01053528 -0.00248848
v -0.06110000 -0.01056943 -0.00239479
v -0.06110000 -0.01059886 -0.00229951
v -0.06110000 -0.01151233 -0.00279147
v -0.06110000 -0.01062350 -0.00220288
v -0.06110000 -0.01064330 -0.00210514
v -0.06110000 -0.01065820 -0.00200654
v -0.06110000 -0.01066817 -0.00190731
v -0.06110000 -0.00565598 -0.00175585
v -0.06110000 -0.01067318 -0.00180772
v -0.06110000 -0.01067322 -0.00170799
v -0.06110000 -0.01066829 -0.00160839
v -0.06110000 -0.01065840 -0.00150916
v -0.06110000 -0.01064358 -0.00141055
v -0.06110000 -0.01062386 -0.00131279
v -0.06110000 -0.01059929 -0.00121614
v -0.06110000 -0.01056993 -0.00112084
v -0.06110000 -0.01053586 -0.00102712
v -0.06110000 -0.01049717 -0.00093521
v -0.06110000 -0.01045393 -0.00084535
v -0.06110000 -0.01040628 -0.00075775
v -0.06110000 -0.01035431 -0.00067263
v -0.06110000 -0.01140514 -0.00046981
v -0.06110000 -0.01029817 -0.00059022
v -0.06110000 -0.01023799 -0.00051070
v -0.06110000 -0.01017392 -0.00043428
v -0.06122836 -0.00652151 0.00041606
v -0.06110000 -0.01010612 -0.00036115
v -0.06110000 -0.01003476 -0.00029150
v -0.06110000 -0.00724265 -0.00036001
v -0.06110000 -0.00996001 -0.00022548
v -0.06110000 -0.00731407 -0.00029041
v -0.06110000 -0.00988207 -0.00016327
v -0.06110000 -0.00738886 -0.00022445
v -0.06110000 -0.00980113 -0.00010503
v -0.06110000 -0.00746685 -0.00016231
v -0.06110000 -0.00971738 -0.00005089
v -0.06110000 -0.00754785 -0.00010413
v -0.06110000 -0.00963103 -0.00000100
v -0.06110000 -0.00763164 -0.00005006
v -0.06110000 -0.00954231 0.00004453
v -0.06110000 -0.00771802 -0.00000023
v -0.06110000 -0.00997785 0.00094802
v -0.06110000 -0.00945143 0.00008559
v -0.06110000 -0.00780678 0.00004523
v -0.06110000 -0.00952981 0.00059183
v -0.06110000 -0.00789769 0.00008621
v -0.06110000 -0.00926410 0.00015385
v -0.06110000 -0.00799054 0.00012260
v -0.06110000 -0.00916811 0.00018090
v -0.06110000 -0.00808508 0.00015432
v -0.06110000 -0.00907090 0.00020313
v -0.06110000 -0.00818108 0.00018130
v -0.06110000 -0.00897270 0.00022049
v -0.06110000 -0.00827832 0.00020345
v -0.06110000 -0.00887376 0.00023293
v -0.06110000 -0.00837653 0.00022072
v -0.06110000 -0.00877431 0.00024042
v -0.06110000 -0.00847548 0.00023308
v -0.06110000 -0.00867462 0.00024294
v -0.06110000 -0.00857493 0.00024050
v -0.06110000 -0.00907437 0.00123571
v -0.06110000 0.00437842 0.00963789
v -0.06110000 0.00431429 0.00971425
v -0.06110000 0.00443867 0.00955842
v -0.06110000 0.00449488 0.00947604
v -0.06110000 0.00454691 0.00939097
v -0.06110000 0.00459464 0.00930341
v -0.06110000 0.00463794 0.00921358
v -0.06110000 0.00467671 0.00912171
v -0.06110000 0.00471086 0.00902801
v -0.06110000 0.00474029 0.00893273
v -0.06110000 0.00476494 0.00883610
v -0.06110000 0.00478473 0.00873836
v -0.06110000 0.00479964 0.00863976
v -0.06110000 0.00480961 0.00854054
v -0.06110000 0.00481462 0.00844094
v -0.06110000 0.00481466 0.00834122
v -0.06110000 0.00480972 0.00824162
v -0.06110000 0.00479983 0.00814239
v -0.06110000 0.00478501 0.00804377
v -0.06110000 0.00476529 0.00794602
v -0.06110000 0.00474072 0.00784937
v -0.06110000 0.00471137 0.00775407
v -0.06110000 0.00467730 0.00766034
v -0.06110000 0.00463860 0.00756844
v -0.06110000 0.00459537 0.00747857
v -0.06110000 0.00454771 0.00739097
v -0.06110000 0.00449574 0.00730586
v -0.06110000 0.00443960 0.00722344
v -0.06110000 0.00437942 0.00714393
v -0.06110000 0.00431535 0.00706751
v -0.06110000 0.00424755 0.00699438
v -0.06110000 0.00417619 0.00692472
v -0.06110000 0.00410144 0.00685871
v -0.06110000 0.00402350 0.00679650
v -0.06110000 0.00394256 0.00673825
v -0.06110000 0.00385881 0.00668412
v -0.06110000 0.00377247 0.00663422
v -0.06110000 0.00368374 0.00658869
v -0.06110000 0.00359286 0.00654764
v -0.06110000 0.00350005 0.00651117
v -0.06110000 0.00340553 0.00647937
v -0.06110000 0.00330955 0.00645232
v -0.06110000 0.00321233 0.00643010
v -0.06110000 0.00311413 0.00641274
v -0.06110000 0.00301519 0.00640030
v -0.06110000 0.00291575 0.00639281
v -0.06110000 0.00281606 0.00639028
v -0.06110000 0.00271636 0.00639273
v -0.06110000 0.00261692 0.00640014
v -0.06110000 0.00251796 0.00641250
v -0.06110000 0.00241975 0.00642978
v -0.06110000 0.00232252 0.00645193
v -0.06110000 0.00222651 0.00647890
v -0.06110000 0.00213197 0.00651062
v -0.06110000 0.00203912 0.00654702
v -0.06110000 0.00194821 0.00658800
v -0.06110000 0.00185945 0.00663346
v -0.06110000 0.00177307 0.00668328
v -0.06110000 0.00168928 0.00673735
v -0.06110000 0.00160829 0.00679553
v -0.06110000 0.00153029 0.00685768
v -0.06110000 0.00145550 0.00692363
v -0.06110000 0.00138408 0.00699324
v -0.06110000 0.00131622 0.00706631
v -0.06110000 0.00276528 0.00537125
v -0.06119565 0.00406129 0.00563740
v -0.06110000 0.00125209 0.00714268
v -0.06110000 0.00119185 0.00722215
v -0.06122131 0.00077912 0.00612341
v -0.06110000 0.00113564 0.00730452
v -0.06110000 0.00108361 0.00738959
v -0.06110000 0.00103588 0.00747715
v -0.06117027 0.00560632 0.00724922
v -0.06110000 0.00099257 0.00756698
v -0.06110000 0.00095380 0.00765886
v -0.06110000 0.00091966 0.00775255
v -0.06110000 0.00089023 0.00784783
v -0.06110000 0.00086558 0.00794446
v -0.06110000 0.00084578 0.00804220
v -0.06110000 0.00083088 0.00814080
v -0.06110000 0.00082091 0.00824003
v -0.06110000 0.00583311 0.00839149
v -0.06110000 0.00081590 0.00833962
v -0.06110000 0.00081586 0.00843934
v -0.06110000 0.00082079 0.00853895
v -0.06110000 0.00083068 0.00863818
v -0.06110000 0.00084550 0.00873679
v -0.06110000 0.00086522 0.00883455
v -0.06110000 0.00088979 0.00893119
v -0.06110000 0.00091915 0.00902650
v -0.06110000 0.00095322 0.00912022
v -0.06110000 0.00099192 0.00921213
v -0.06110000 0.00103515 0.00930199
v -0.06110000 0.00108281 0.00938959
v -0.06110000 0.00113477 0.00947470
v -0.06110000 0.00119092 0.00955712
v -0.06110000 0.00125110 0.00963664
v -0.06110000 0.00131517 0.00971305
v -0.06110000 0.00138297 0.00978618
v -0.06110000 0.00145433 0.00985584
v -0.06110000 0.00424643 0.00978733
v -0.06110000 0.00152907 0.00992186
v -0.06110000 0.00417502 0.00985693
v -0.06110000 0.00160701 0.00998406
v -0.06110000 0.00410022 0.00992288
v -0.06110000 0.00168796 0.01004231
v -0.06110000 0.00402223 0.00998503
v -0.06110000 0.00177171 0.01009645
v -0.06110000 0.00394124 0.01004321
v -0.06110000 0.00185805 0.01014634
v -0.06110000 0.00385745 0.01009728
v -0.06110000 0.00194677 0.01019187
v -0.06110000 0.00389479 0.01121015
v -0.06110000 0.00377106 0.01014711
v -0.06110000 0.00203765 0.01023292
v -0.06110000 0.00368231 0.01019257
v -0.06110000 0.00213047 0.01026939
v -0.06110000 0.00359139 0.01023354
v -0.06110000 0.00222498 0.01030119
v -0.06110000 0.00349855 0.01026994
v -0.06110000 0.00232097 0.01032824
v -0.06110000 0.00340400 0.01030166
v -0.06110000 0.00241818 0.01035047
v -0.06110000 0.00330800 0.01032863
v -0.06110000 0.00251638 0.01036782
v -0.06110000 0.00321077 0.01035078
v -0.06110000 0.00261533 0.01038026
v -0.06110000 0.00311255 0.01036806
v -0.06110000 0.00271477 0.01038776
v -0.06110000 0.00301360 0.01038042
v -0.06110000 0.00225792 0.01139940
v -0.06110000 0.00281446 0.01039028
v -0.06110000 0.00291415 0.01038784
v -0.06110000 0.00742173 -0.00538562
v -0.06110000 0.00735760 -0.00530925
v -0.06110000 0.00748198 -0.00546509
v -0.06110000 0.00753819 -0.00554746
v -0.06110000 0.00759022 -0.00563253
v -0.06110000 0.00763795 -0.00572009
v -0.06110000 0.00768125 -0.00580992
v -0.06110000 0.00772002 -0.00590180
v -0.06110000 0.00775417 -0.00599550
v -0.06110000 0.00778360 -0.00609078
v -0.06110000 0.00780825 -0.00618740
v -0.06110000 0.00782805 -0.00628514
v -0.06110000 0.00784295 -0.00638375
v -0.06110000 0.00785292 -0.00648297
v -0.06110000 0.00785793 -0.00658257
v -0.06110000 0.00785797 -0.00668229
v -0.06110000 0.00785304 -0.00678189
v -0.06110000 0.00784315 -0.00688112
v -0.06110000 0.00782832 -0.00697974
v -0.06110000 0.00780860 -0.00707749
v -0.06110000 0.00778403 -0.00717414
v -0.06110000 0.00775468 -0.00726944
v -0.06110000 0.00772061 -0.00736316
v -0.06110000 0.00768191 -0.00745507
v -0.06110000 0.00763868 -0.00754494
v -0.06110000 0.00759102 -0.00763253
v -0.06110000 0.00753905 -0.00771765
v -0.06110000 0.00748291 -0.00780006
v -0.06110000 0.00742273 -0.00787958
v -0.06110000 0.00735866 -0.00795600
v -0.06110000 0.00729086 -0.00802913
v -0.06110000 0.00721950 -0.00809879
v -0.06110000 0.00714476 -0.00816480
v -0.06110000 0.00706681 -0.00822701
v -0.06110000 0.00698587 -0.00828525
v -0.06110000 0.00690212 -0.00833939
v -0.06110000 0.00681578 -0.00838929
v -0.06110000 0.00672706 -0.00843482
v -0.06110000 0.00663617 -0.00847587
v -0.06110000 0.00654336 -0.00851234
v -0.06110000 0.00644884 -0.00854414
v -0.06110000 0.00635286 -0.00857118
v -0.06110000 0.00625564 -0.00859341
v -0.06110000 0.00615744 -0.00861077
v -0.06110000 0.00605850 -0.00862321
v -0.06110000 0.00595906 -0.00863070
v -0.06110000 0.00585937 -0.00863323
v -0.06110000 0.00575967 -0.00863078
v -0.06110000 0.00566023 -0.00862337
v -0.06110000 0.00556127 -0.00861101
v -0.06110000 0.00546306 -0.00859373
v -0.06110000 0.00536583 -0.00857158
v -0.06110000 0.00526982 -0.00854461
v -0.06110000 0.00517528 -0.00851288
v -0.06110000 0.00508243 -0.00847649
v -0.06110000 0.00499152 -0.00843551
v -0.06110000 0.00490276 -0.00839005
v -0.06110000 0.00481638 -0.00834022
v -0.06110000 0.00473259 -0.00828615
v -0.06110000 0.00465160 -0.00822797
v -0.06110000 0.00457360 -0.00816583
v -0.06110000 0.00449881 -0.00809987
v -0.06110000 0.00442739 -0.00803027
v -0.06110000 0.00435953 -0.00795720
v -0.06110000 0.00429540 -0.00788083
v -0.06110000 0.00423516 -0.00780136
v -0.06110000 0.00364475 -0.00868899
v -0.06110000 0.00417895 -0.00771899
v -0.06110000 0.00412692 -0.00763392
v -0.06110000 0.00407919 -0.00754636
v -0.06110000 0.00403589 -0.00745653
v -0.06110000 0.00399711 -0.00736465
v -0.06110000 0.00396297 -0.00727096
v -0.06110000 0.00393354 -0.00717567
v -0.06110000 0.00390889 -0.00707905
v -0.06110000 0.00388909 -0.00698131
v -0.06110000 0.00387419 -0.00688270
v -0.06110000 0.00386422 -0.00678348
v -0.06110000 0.00887642 -0.00663202
v -0.06110000 0.00385921 -0.00668388
v -0.06110000 0.00385917 -0.00658416
v -0.06110000 0.00386410 -0.00648456
v -0.06110000 0.00387399 -0.00638533
v -0.06110000 0.00388881 -0.00628672
v -0.06121429 0.00284636 -0.00622362
v -0.06110000 0.00390854 -0.00618896
v -0.06110000 0.00393310 -0.00609231
v -0.06110000 0.00396246 -0.00599701
v -0.06110000 0.00399653 -0.00590329
v -0.06110000 0.00403523 -0.00581138
v -0.06110000 0.00407846 -0.00572151
v -0.06110000 0.00412612 -0.00563392
v -0.06110000 0.00417808 -0.00554880
v -0.06110000 0.00423423 -0.00546639
v -0.06110000 0.00429441 -0.00538687
v -0.06110000 0.00435848 -0.00531045
v -0.06110000 0.00442628 -0.00523732
v -0.06110000 0.00449764 -0.00516766
v -0.06110000 0.00728974 -0.00523618
v -0.06110000 0.00457238 -0.00510165
v -0.06110000 0.00721833 -0.00516658
v -0.06110000 0.00465032 -0.00503944
v -0.06110000 0.00714353 -0.00510062
v -0.06110000 0.00473127 -0.00498120
v -0.06110000 0.00706554 -0.00503848
v -0.06110000 0.00385863 -0.00436885
v -0.06110000 0.00481502 -0.00492706
v -0.06110000 0.00698455 -0.00498030
v -0.06110000 0.00490136 -0.00487716
v -0.06110000 0.00690076 -0.00492623
v -0.06110000 0.00499008 -0.00483163
v -0.06110000 0.00681438 -0.00487640
v -0.06110000 0.00508096 -0.00479058
v -0.06110000 0.00672562 -0.00483094
v -0.06110000 0.00517378 -0.00475411
v -0.06110000 0.00663470 -0.00478996
v -0.06110000 0.00526830 -0.00472232
v -0.06110000 0.00654186 -0.00475357
v -0.06110000 0.00536428 -0.00469527
v -0.06110000 0.00644732 -0.00472184
v -0.06110000 0.00546149 -0.00467304
v -0.06110000 0.00635131 -0.00469487
v -0.06110000 0.00555969 -0.00465568
v -0.06110000 0.00625408 -0.00467272
v -0.06110000 0.00565864 -0.00464324
v -0.06110000 0.00615586 -0.00465544
v -0.06110000 0.00575808 -0.00463575
v -0.06110000 0.00605691 -0.00464308
v -0.06110000 0.00532644 -0.00362243
v -0.06110000 0.00585777 -0.00463323
v -0.06110000 0.00595746 -0.00463567
v -0.05650000 -0.00687575 0.00603826
v -0.05837826 -0.00884541 0.00629642
v -0.05650000 -0.01065875 0.00599279
v -0.05650000 -0.01125733 0.00617683
v -0.05650000 -0.01123696 0.00615489
v -0.05650000 -0.01121551 0.00613399
v -0.05650000 -0.01119305 0.00611419
v -0.05650000 -0.01116963 0.00609553
v -0.05650000 -0.01114530 0.00607807
v -0.05650000 -0.01112014 0.00606184
v -0.05650000 -0.01109420 0.00604689
v -0.05650000 -0.01106754 0.00603324
v -0.05650000 -0.01104024 0.00602095
v -0.05650000 -0.01101235 0.00601003
v -0.05650000 -0.01098396 0.00600052
v -0.05650000 -0.01095513 0.00599244
v -0.05650000 -0.01092593 0.00598580
v -0.05650000 -0.01089643 0.00598063
v -0.05650000 -0.01086672 0.00597694
v -0.05650000 -0.01083685 0.00597474
v -0.05650000 -0.01080692 0.00597403
v -0.05650000 -0.01077698 0.00597481
v -0.05650000 -0.01074713 0.00597708
v -0.05650000 -0.01071742 0.00598084
v -0.05650000 -0.01068794 0.00598608
v -0.06166545 -0.01048616 0.01052209
v -0.05650000 -0.01139725 0.00646296
v -0.05650000 -0.01139113 0.00643431
v -0.05650000 -0.01138361 0.00640598
v -0.05650000 -0.01137472 0.00637806
v -0.05650000 -0.01136447 0.00635061
v -0.05650000 -0.01135290 0.00632368
v -0.05650000 -0.01134003 0.00629736
v -0.05650000 -0.01132589 0.00627170
v -0.05650000 -0.01131051 0.00624675
v -0.05650000 -0.01129393 0.00622259
v -0.05650000 -0.01127619 0.00619926
v -0.05650000 -0.00681835 0.00602793
v -0.05650000 -0.00684718 0.00603239
v -0.05650000 -0.00678935 0.00602487
v -0.05650000 -0.00676023 0.00602322
v -0.05650000 -0.00673106 0.00602299
v -0.05650000 -0.00667287 0.00602677
v -0.05650000 -0.00670192 0.00602417
v -0.05650000 -0.00664398 0.00603078
v -0.05650000 -0.00661532 0.00603619
v -0.05650000 -0.00655896 0.00605115
v -0.05650000 -0.00658696 0.00604299
v -0.05650000 -0.00650431 0.00607152
v -0.05650000 -0.00653139 0.00606067
v -0.05650000 -0.00647780 0.00608366
v -0.05650000 -0.00642669 0.00611175
v -0.05650000 -0.00645190 0.00609709
v -0.05650000 -0.00640222 0.00612762
v -0.05650000 -0.00637855 0.00614467
v -0.05650000 -0.00633384 0.00618210
v -0.05650000 -0.00635574 0.00616284
v -0.05650000 -0.00631290 0.00620240
v -0.05650000 -0.00541314 0.00700662
v -0.05650000 -0.00514248 0.00756910
v -0.05650000 -0.00528967 0.00711025
v -0.05650000 -0.00527090 0.00713257
v -0.05650000 -0.00525323 0.00715577
v -0.05650000 -0.00523671 0.00717981
v -0.05650000 -0.00522138 0.00720462
v -0.05650000 -0.00520727 0.00723015
v -0.05650000 -0.00519442 0.00725633
v -0.05650000 -0.00518286 0.00728311
v -0.05650000 -0.00517261 0.00731042
v -0.05650000 -0.00516370 0.00733819
v -0.05650000 -0.00515616 0.00736636
v -0.05650000 -0.00514998 0.00739487
v -0.05650000 -0.00514521 0.00742364
v -0.05650000 -0.00514183 0.00745261
v -0.05650000 -0.00513987 0.00748171
v -0.05650000 -0.00513933 0.00751087
v -0.05650000 -0.00514020 0.00754003
v -0.05650000 -0.00543445 0.01208426
v -0.05650000 -0.00460346 0.01140326
v -0.05650000 -0.00459752 0.01143261
v -0.05650000 -0.00459304 0.01146222
v -0.05650000 -0.00459005 0.01149201
v -0.05650000 -0.00458855 0.01152192
v -0.05650000 -0.00458854 0.01155186
v -0.05650000 -0.00459003 0.01158177
v -0.05650000 -0.00459300 0.01161156
v -0.05650000 -0.00459746 0.01164117
v -0.05650000 -0.00460339 0.01167053
v -0.05650000 -0.00461078 0.01169954
v -0.05650000 -0.00461961 0.01172816
v -0.05650000 -0.00462985 0.01175630
v -0.05650000 -0.00464149 0.01178389
v -0.05650000 -0.00465448 0.01181086
v -0.05650000 -0.00466881 0.01183716
v -0.05650000 -0.00468443 0.01186271
v -0.05650000 -0.00470130 0.01188744
v -0.05650000 -0.00471939 0.01191131
v -0.05650000 -0.00473865 0.01193424
v -0.05650000 -0.00475858 0.01195572
v -0.05650000 -0.00477953 0.01197621
v -0.05650000 -0.00480146 0.01199564
v -0.05650000 -0.00482431 0.01201399
v -0.05650000 -0.00484803 0.01203119
v -0.05650000 -0.00487257 0.01204722
v -0.05650000 -0.00489785 0.01206203
v -0.05650000 -0.00492383 0.01207559
v -0.05650000 -0.00540744 0.01209562
v -0.05650000 -0.00537990 0.01210565
v -0.05650000 -0.00495044 0.01208786
v -0.05650000 -0.00535191 0.01211432
v -0.05650000 -0.00497762 0.01209882
v -0.05650000 -0.00532353 0.01212162
v -0.05650000 -0.00500530 0.01210844
v -0.05650000 -0.00529483 0.01212752
v -0.05650000 -0.00503341 0.01211669
v -0.05650000 -0.00526587 0.01213202
v -0.05650000 -0.00506190 0.01212357
v -0.05650000 -0.00523673 0.01213509
v -0.05650000 -0.00509069 0.01212904
v -0.05650000 -0.00520747 0.01213674
v -0.05650000 -0.00511971 0.01213311
v -0.05650000 -0.00517817 0.01213696
v -0.05650000 -0.00514889 0.01213575
v -0.05650000 -0.00179141 -0.00897370
v -0.05650000 -0.00180037 -0.00894671
v -0.05650000 -0.00181060 -0.00892018
v -0.05650000 -0.00182208 -0.00889417
v -0.05650000 -0.00183477 -0.00886872
v -0.05650000 -0.00184866 -0.00884391
v -0.05650000 -0.00186370 -0.00881978
v -0.05650000 -0.00187987 -0.00879639
v -0.05650000 -0.00189714 -0.00877380
v -0.05650000 -0.00191545 -0.00875205
v -0.05650000 -0.00193567 -0.00873027
v -0.05650000 -0.00195693 -0.00870952
v -0.05650000 -0.00197921 -0.00868984
v -0.05650000 -0.00200242 -0.00867130
v -0.05650000 -0.00202653 -0.00865393
v -0.05650000 -0.00205147 -0.00863777
v -0.05650000 -0.00207718 -0.00862287
v -0.05650000 -0.00210359 -0.00860925
v -0.05650000 -0.00225167 -0.00856353
v -0.05650000 -0.00027361 -0.01324648
v -0.05650000 -0.00021465 -0.01324200
v -0.05650000 -0.00024407 -0.01324497
v -0.05650000 -0.00018540 -0.01323759
v -0.05650000 -0.00030319 -0.01324653
v -0.05650000 -0.00015640 -0.01323175
v -0.05650000 -0.00012773 -0.01322448
v -0.05650000 -0.00004435 -0.01319434
v -0.05650000 -0.00009946 -0.01321581
v -0.05650000 -0.00007164 -0.01320575
v -0.05650000 -0.00001766 -0.01318159
v -0.05650000 0.00000837 -0.01316755
v -0.05650000 0.00005820 -0.01313570
v -0.05650000 0.00003367 -0.01315224
v -0.05650000 0.00008187 -0.01311797
v -0.05650000 0.00010465 -0.01309910
v -0.05650000 0.00014727 -0.01305811
v -0.05650000 0.00012646 -0.01307913
v -0.05650000 0.00020313 -0.01298926
v -0.05650000 0.00016701 -0.01303609
v -0.05650000 0.00018565 -0.01301312
v -0.05650000 0.00021941 -0.01296457
v -0.05650000 0.00023446 -0.01293910
v -0.05650000 0.00024823 -0.01291293
v -0.05650000 0.00026070 -0.01288611
v -0.05650000 0.00028160 -0.01283078
v -0.05650000 0.00027183 -0.01285870
v -0.05650000 0.00028998 -0.01280242
v -0.05650000 0.00030249 -0.01274462
v -0.05650000 0.00029695 -0.01277367
v -0.05650000 0.00030660 -0.01271533
v -0.05650000 0.00030926 -0.01268587
v -0.05650000 0.00031021 -0.01262674
v -0.05650000 0.00031046 -0.01265632
v -0.05650000 0.00030533 -0.01256781
v -0.05650000 0.00030850 -0.01259721
v -0.05650000 0.00030072 -0.01253859
v -0.05650000 0.00029468 -0.01250964
v -0.05650000 0.00028721 -0.01248102
v -0.05650000 0.00026810 -0.01242505
v -0.05650000 0.00027835 -0.01245280
v -0.05650000 0.00024358 -0.01237124
v -0.05650000 0.00025650 -0.01239784
v -0.05650000 0.00022935 -0.01234531
v -0.05650000 0.00019716 -0.01229570
v -0.05650000 0.00021387 -0.01232010
v -0.05650000 0.00016025 -0.01224950
v -0.05650000 0.00017928 -0.01227214
v -0.05650000 0.00015345 -0.01224193
v -0.05650000 0.00014652 -0.01223448
v -0.05650000 -0.00097970 -0.01094570
v -0.05650000 -0.00776938 -0.01073239
v -0.05650000 -0.00778997 -0.01071535
v -0.05650000 -0.00774805 -0.01074850
v -0.05650000 -0.00780978 -0.01069741
v -0.05650000 -0.00782877 -0.01067860
v -0.05650000 -0.00784691 -0.01065896
v -0.05650000 -0.00786615 -0.01063604
v -0.05650000 -0.00788423 -0.01061219
v -0.05650000 -0.00790110 -0.01058747
v -0.05650000 -0.00791672 -0.01056193
v -0.05650000 -0.00793104 -0.01053565
v -0.05650000 -0.00794404 -0.01050869
v -0.05650000 -0.00795567 -0.01048111
v -0.05650000 -0.00796591 -0.01045299
v -0.05650000 -0.00797474 -0.01042439
v -0.05650000 -0.00798213 -0.01039538
v -0.05650000 -0.00798807 -0.01036605
v -0.05650000 -0.00799253 -0.01033645
v -0.05650000 -0.00799551 -0.01030667
v -0.05650000 -0.00799701 -0.01027678
v -0.05650000 -0.00799701 -0.01024684
v -0.05650000 -0.00799552 -0.01021695
v -0.05650000 -0.00799254 -0.01018717
v -0.05650000 -0.00798808 -0.01015757
v -0.05650000 -0.00798215 -0.01012824
v -0.05650000 -0.00797476 -0.01009923
v -0.05650000 -0.00796593 -0.01007063
v -0.05650000 -0.00795569 -0.01004251
v -0.05650000 -0.00794407 -0.01001493
v -0.05650000 -0.00793107 -0.00998796
v -0.05650000 -0.00791676 -0.00996168
v -0.05650000 -0.00790114 -0.00993614
v -0.05650000 -0.00788428 -0.00991142
v -0.05650000 -0.00786620 -0.00988756
v -0.05650000 -0.00784695 -0.00986464
v -0.05650000 -0.00782659 -0.00984270
v -0.05650000 -0.00780516 -0.00982181
v -0.05650000 -0.00778271 -0.00980201
v -0.05650000 -0.00775930 -0.00978336
v -0.05650000 -0.00773499 -0.00976590
v -0.05650000 -0.00770984 -0.00974967
v -0.05650000 -0.00768392 -0.00973471
v -0.05650000 -0.00765728 -0.00972107
v -0.05650000 -0.00395975 -0.00822155
v -0.05650000 -0.00393494 -0.00820622
v -0.05650000 -0.00398379 -0.00823807
v -0.05650000 -0.00390942 -0.00819211
v -0.05650000 -0.00388323 -0.00817926
v -0.05650000 -0.00385646 -0.00816770
v -0.05650000 -0.00382915 -0.00815745
v -0.05650000 -0.00340143 -0.00817024
v -0.05650000 -0.00377321 -0.00814099
v -0.05650000 -0.00374470 -0.00813482
v -0.05650000 -0.00380138 -0.00814854
v -0.05650000 -0.00345630 -0.00815047
v -0.05650000 -0.00342862 -0.00815968
v -0.05650000 -0.00371593 -0.00813004
v -0.05650000 -0.00348438 -0.00814260
v -0.05650000 -0.00351282 -0.00813611
v -0.05650000 -0.00362870 -0.00812416
v -0.05650000 -0.00365786 -0.00812471
v -0.05650000 -0.00368696 -0.00812667
v -0.05650000 -0.00357047 -0.00812732
v -0.05650000 -0.00354153 -0.00813101
v -0.05650000 -0.00359954 -0.00812503
v -0.06920000 0.00124252 0.00715477
v -0.06920000 0.00130606 0.00707791
v -0.06920000 0.00432446 0.00970265
v -0.06920000 0.00425716 0.00977625
v -0.06920000 0.00418629 0.00984640
v -0.06920000 0.00411200 0.00991293
v -0.06920000 0.00403449 0.00997567
v -0.06920000 0.00395395 0.01003448
v -0.06920000 0.00387058 0.01008919
v -0.06920000 0.00378458 0.01013968
v -0.06920000 0.00369618 0.01018583
v -0.06920000 0.00360558 0.01022750
v -0.06920000 0.00351302 0.01026461
v -0.06920000 0.00341873 0.01029707
v -0.06920000 0.00332293 0.01032478
v -0.06920000 0.00322587 0.01034768
v -0.06920000 0.00312780 0.01036571
v -0.06920000 0.00302894 0.01037883
v -0.06920000 0.00292955 0.01038701
v -0.06920000 0.00282988 0.01039023
v -0.06920000 0.00273018 0.01038847
v -0.06920000 0.00263068 0.01038175
v -0.06920000 0.00253164 0.01037007
v -0.06920000 0.00243331 0.01035347
v -0.06920000 0.00233593 0.01033199
v -0.06920000 0.00223974 0.01030569
v -0.06920000 0.00214498 0.01027462
v -0.06920000 0.00205189 0.01023887
v -0.06920000 0.00196069 0.01019852
v -0.06920000 0.00187162 0.01015367
v -0.06920000 0.00178489 0.01010444
v -0.06920000 0.00170073 0.01005095
v -0.06941570 0.00228093 0.01028398
v -0.06920000 0.00161934 0.00999333
v -0.06920000 0.00154092 0.00993173
v -0.06920000 0.00146567 0.00986629
v -0.06920000 0.00139377 0.00979719
v -0.06920000 0.00132541 0.00972458
v -0.06920000 0.00126075 0.00964866
v -0.06920000 0.00119996 0.00956961
v -0.06920000 0.00114319 0.00948763
v -0.06920000 0.00109057 0.00940292
v -0.06946422 0.00136451 0.00967426
v -0.06920000 0.00104223 0.00931569
v -0.06920000 0.00099831 0.00922616
v -0.06920000 0.00095890 0.00913456
v -0.06920000 0.00092411 0.00904110
v -0.06920000 0.00089402 0.00894603
v -0.06920000 0.00086871 0.00884957
v -0.06920000 0.00084823 0.00875197
v -0.06949098 0.00083979 0.00843558
v -0.06920000 0.00083265 0.00865347
v -0.06920000 0.00082200 0.00855432
v -0.06920000 0.00081630 0.00845476
v -0.06920000 0.00081557 0.00835504
v -0.06920000 0.00081981 0.00825541
v -0.06920000 0.00082901 0.00815611
v -0.06920000 0.00084315 0.00805740
v -0.06920000 0.00086220 0.00795951
v -0.06920000 0.00088610 0.00786269
v -0.06920000 0.00091480 0.00776719
v -0.06920000 0.00094822 0.00767323
v -0.06944035 0.00091656 0.00786982
v -0.06920000 0.00098628 0.00758106
v -0.06920000 0.00102889 0.00749090
v -0.06920000 0.00107594 0.00740297
v -0.06920000 0.00112732 0.00731750
v -0.06920000 0.00118289 0.00723470
v -0.06944241 0.00150337 0.00693981
v -0.06946616 0.00407275 0.00691136
v -0.06920000 0.00438800 0.00962579
v -0.06920000 0.00137335 0.00700431
v -0.06920000 0.00144423 0.00693416
v -0.06920000 0.00151851 0.00686763
v -0.06920000 0.00159602 0.00680489
v -0.06920000 0.00167656 0.00674609
v -0.06920000 0.00175994 0.00669137
v -0.06920000 0.00184593 0.00664088
v -0.06920000 0.00193434 0.00659474
v -0.06920000 0.00202493 0.00655306
v -0.06920000 0.00211749 0.00651595
v -0.06920000 0.00221179 0.00648350
v -0.06920000 0.00230758 0.00645579
v -0.06920000 0.00240464 0.00643289
v -0.06920000 0.00250272 0.00641485
v -0.06920000 0.00260157 0.00640173
v -0.06920000 0.00270096 0.00639355
v -0.06920000 0.00280063 0.00639034
v -0.06920000 0.00290034 0.00639209
v -0.06920000 0.00299984 0.00639882
v -0.06939224 0.00371426 0.00662563
v -0.06920000 0.00309887 0.00641049
v -0.06920000 0.00319720 0.00642709
v -0.06943924 0.00259966 0.00643657
v -0.06920000 0.00329459 0.00644857
v -0.06920000 0.00339078 0.00647488
v -0.06920000 0.00348554 0.00650594
v -0.06920000 0.00357863 0.00654170
v -0.06920000 0.00366982 0.00658205
v -0.06920000 0.00375890 0.00662689
v -0.06920000 0.00384562 0.00667612
v -0.06920000 0.00392978 0.00672961
v -0.06920000 0.00401118 0.00678723
v -0.06920000 0.00408959 0.00684883
v -0.06920000 0.00416485 0.00691427
v -0.06920000 0.00423674 0.00698338
v -0.06920000 0.00430510 0.00705598
v -0.06920000 0.00436976 0.00713190
v -0.06920000 0.00443055 0.00721095
v -0.06920000 0.00448733 0.00729293
v -0.06920000 0.00453995 0.00737764
v -0.06920000 0.00458828 0.00746487
v -0.06920000 0.00463221 0.00755440
v -0.06920000 0.00467161 0.00764600
v -0.06920000 0.00470640 0.00773946
v -0.06920000 0.00473649 0.00783454
v -0.06941492 0.00473104 0.00790849
v -0.06920000 0.00476181 0.00793099
v -0.06920000 0.00478228 0.00802859
v -0.06920000 0.00479786 0.00812709
v -0.06920000 0.00480852 0.00822624
v -0.06920000 0.00481422 0.00832580
v -0.06920000 0.00481495 0.00842552
v -0.06920000 0.00481070 0.00852515
v -0.06920000 0.00480150 0.00862445
v -0.06920000 0.00478736 0.00872317
v -0.06920000 0.00476832 0.00882105
v -0.06920000 0.00474442 0.00891787
v -0.06920000 0.00471572 0.00901337
v -0.06920000 0.00468230 0.00910733
v -0.06920000 0.00464424 0.00919950
v -0.06920000 0.00460163 0.00928966
v -0.06920000 0.00455457 0.00937759
v -0.06920000 0.00450320 0.00946306
v -0.06920000 0.00444763 0.00954586
v -0.06951577 0.00370639 0.01013049
v -0.06941044 0.00466204 0.00907805
v -0.05530000 0.00130606 0.00707791
v -0.05530000 0.00137335 0.00700431
v -0.05530000 0.00144423 0.00693416
v -0.05530000 0.00151851 0.00686763
v -0.05530000 0.00159602 0.00680489
v -0.05530000 0.00167656 0.00674609
v -0.05530000 0.00175994 0.00669137
v -0.05530000 0.00184593 0.00664088
v -0.05530000 0.00193434 0.00659474
v -0.05530000 0.00202493 0.00655306
v -0.05530000 0.00211749 0.00651595
v -0.05530000 0.00221179 0.00648350
v -0.05530000 0.00230758 0.00645579
v -0.05530000 0.00240464 0.00643289
v -0.05530000 0.00250272 0.00641485
v -0.05530000 0.00260157 0.00640173
v -0.05530000 0.00270096 0.00639355
v -0.05530000 0.00280063 0.00639034
v -0.05530000 0.00290034 0.00639209
v -0.05530000 0.00299984 0.00639882
v -0.05530000 0.00309887 0.00641049
v -0.05530000 0.00319720 0.00642709
v -0.05530000 0.00329459 0.00644857
v -0.05530000 0.00339078 0.00647488
v -0.05530000 0.00348554 0.00650594
v -0.05530000 0.00357863 0.00654170
v -0.05530000 0.00366982 0.00658205
v -0.05530000 0.00375890 0.00662689
v -0.05530000 0.00384562 0.00667612
v -0.05530000 0.00392978 0.00672961
v -0.05530000 0.00401118 0.00678723
v -0.05530000 0.00408959 0.00684883
v -0.05530000 0.00416485 0.00691427
v -0.05530000 0.00423674 0.00698338
v -0.05530000 0.00430510 0.00705598
v -0.05530000 0.00436976 0.00713190
v -0.05530000 0.00443055 0.00721095
v -0.05530000 0.00448733 0.00729293
v -0.05530000 0.00453995 0.00737764
v -0.05530000 0.00458828 0.00746487
v -0.05530000 0.00463221 0.00755440
v -0.05530000 0.00467161 0.00764600
v -0.05530000 0.00470640 0.00773946
v -0.05530000 0.00473649 0.00783454
v -0.05530000 0.00476181 0.00793099
v -0.05530000 0.00478228 0.00802859
v -0.05530000 0.00479786 0.00812709
v -0.05530000 0.00480852 0.00822624
v -0.05530000 0.00481422 0.00832580
v -0.05530000 0.00481495 0.00842552
v -0.05530000 0.00481070 0.00852515
v -0.05530000 0.00480150 0.00862445
v -0.05530000 0.00478736 0.00872317
v -0.05530000 0.00476832 0.00882105
v -0.05530000 0.00474442 0.00891787
v -0.05530000 0.00471572 0.00901337
v -0.05530000 0.00468230 0.00910733
v -0.05530000 0.00464424 0.00919950
v -0.05530000 0.00460163 0.00928966
v -0.05530000 0.00455457 0.00937759
v -0.05530000 0.00450320 0.00946306
v -0.05530000 0.00444763 0.00954586
v -0.05530000 0.00438800 0.00962579
v -0.05530000 0.00432446 0.00970265
v -0.05530000 0.00425716 0.00977625
v -0.05530000 0.00418629 0.00984640
v -0.05530000 0.00411200 0.00991293
v -0.05530000 0.00403449 0.00997567
v -0.05530000 0.00395395 0.01003448
v -0.05530000 0.00387058 0.01008919
v -0.05530000 0.00378458 0.01013968
v -0.05530000 0.00369618 0.01018583
v -0.05530000 0.00360558 0.01022750
v -0.05530000 0.00351302 0.01026461
v -0.05530000 0.00341873 0.01029707
v -0.05530000 0.00332293 0.01032478
v -0.05530000 0.00322587 0.01034768
v -0.05530000 0.00312780 0.01036571
v -0.05530000 0.00302894 0.01037883
v -0.05530000 0.00292955 0.01038701
v -0.05530000 0.00282988 0.01039023
v -0.05530000 0.00273018 0.01038847
v -0.05530000 0.00263068 0.01038175
v -0.05530000 0.00253164 0.01037007
v -0.05530000 0.00243331 0.01035347
v -0.05530000 0.00233593 0.01033199
v -0.05530000 0.00223974 0.01030569
v -0.05530000 0.00214498 0.01027462
v -0.05530000 0.00205189 0.01023887
v -0.05530000 0.00196069 0.01019852
v -0.05530000 0.00187162 0.01015367
v -0.05530000 0.00178489 0.01010444
v -0.05530000 0.00170073 0.01005095
v -0.05530000 0.00161934 0.00999333
v -0.05530000 0.00154092 0.00993173
v -0.05530000 0.00146567 0.00986629
v -0.05530000 0.00139377 0.00979719
v -0.05530000 0.00132541 0.00972458
v -0.05530000 0.00126075 0.00964866
v -0.05530000 0.00119996 0.00956961
v -0.05530000 0.00114319 0.00948763
v -0.05530000 0.00109057 0.00940292
v -0.05530000 0.00104223 0.00931569
v -0.05530000 0.00099831 0.00922616
v -0.05530000 0.00095890 0.00913456
v -0.05530000 0.00092411 0.00904110
v -0.05530000 0.00089402 0.00894603
v -0.05530000 0.00086871 0.00884957
v -0.05530000 0.00084823 0.00875197
v -0.05530000 0.00083265 0.00865347
v -0.05530000 0.00082200 0.00855432
v -0.05530000 0.00081630 0.00845476
v -0.05530000 0.00081557 0.00835504
v -0.05530000 0.00081981 0.00825541
v -0.05530000 0.00082901 0.00815611
v -0.05530000 0.00084315 0.00805740
v -0.05530000 0.00086220 0.00795951
v -0.05530000 0.00088610 0.00786269
v -0.05530000 0.00091480 0.00776719
v -0.05530000 0.00094822 0.00767323
v -0.05530000 0.00098628 0.00758106
v -0.05530000 0.00102889 0.00749090
v -0.05530000 0.00107594 0.00740297
v -0.05530000 0.00112732 0.00731750
v -0.05530000 0.00118289 0.00723470
v -0.05530000 0.00124252 0.00715477
v -0.05504750 0.00297328 0.01036046
v -0.05513357 0.00173558 0.01005947
v -0.05496323 0.00092484 0.00898511
v -0.05502784 0.00105382 0.00746366
v -0.05504335 0.00197356 0.00662008
v -0.05504489 0.00391920 0.00677350
v -0.05511617 0.00287066 0.00640631
v -0.05505524 0.00464248 0.00773155
v -0.05505721 0.00472501 0.00885789
v -0.05505593 0.00414436 0.00980566
v -0.06920000 -0.01024657 -0.00299257
v -0.06920000 -0.01018303 -0.00306943
v -0.06920000 -0.00716463 -0.00044469
v -0.06920000 -0.00723192 -0.00037109
v -0.06920000 -0.00730280 -0.00030094
v -0.06920000 -0.00737708 -0.00023441
v -0.06920000 -0.00745459 -0.00017166
v -0.06946779 -0.00742993 -0.00030073
v -0.06920000 -0.00753513 -0.00011286
v -0.06920000 -0.00761850 -0.00005815
v -0.06920000 -0.00770450 -0.00000765
v -0.06920000 -0.00779290 0.00003849
v -0.06920000 -0.00788350 0.00008017
v -0.06920000 -0.00797606 0.00011728
v -0.06920000 -0.00807036 0.00014973
v -0.06920000 -0.00816615 0.00017744
v -0.06920000 -0.00826321 0.00020034
v -0.06920000 -0.00836129 0.00021837
v -0.06920000 -0.00846014 0.00023150
v -0.06945463 -0.00812732 0.00010817
v -0.06920000 -0.00855953 0.00023968
v -0.06920000 -0.00865920 0.00024289
v -0.06920000 -0.00875891 0.00024113
v -0.06920000 -0.00885840 0.00023441
v -0.06920000 -0.00895744 0.00022273
v -0.06920000 -0.00905577 0.00020613
v -0.06920000 -0.00915315 0.00018466
v -0.06920000 -0.00924934 0.00015835
v -0.06920000 -0.00934410 0.00012728
v -0.06944921 -0.00908772 0.00014863
v -0.06920000 -0.00943720 0.00009153
v -0.06920000 -0.00952839 0.00005118
v -0.06920000 -0.00961746 0.00000633
v -0.06920000 -0.00970419 -0.00004289
v -0.06920000 -0.00978835 -0.00009638
v -0.06920000 -0.00986974 -0.00015400
v -0.06920000 -0.00994816 -0.00021561
v -0.06920000 -0.01002341 -0.00028104
v -0.06920000 -0.01009531 -0.00035015
v -0.06920000 -0.01016367 -0.00042275
v -0.06920000 -0.01022833 -0.00049868
v -0.06920000 -0.01028912 -0.00057773
v -0.06920000 -0.01034590 -0.00065971
v -0.06920000 -0.01039852 -0.00074442
v -0.06920000 -0.01044685 -0.00083164
v -0.06920000 -0.01049077 -0.00092117
v -0.06920000 -0.01053018 -0.00101278
v -0.06920000 -0.01056497 -0.00110624
v -0.06933195 -0.01062827 -0.00130783
v -0.06920000 -0.01059506 -0.00120131
v -0.06920000 -0.01062037 -0.00129777
v -0.06920000 -0.01064085 -0.00139537
v -0.06944766 -0.01004505 -0.00037352
v -0.06920000 -0.01065643 -0.00149386
v -0.06920000 -0.01066709 -0.00159302
v -0.06920000 -0.01067279 -0.00169258
v -0.06949149 -0.01060410 -0.00207730
v -0.06920000 -0.01067352 -0.00179230
v -0.06920000 -0.01066927 -0.00189193
v -0.06920000 -0.01066007 -0.00199123
v -0.06920000 -0.01064593 -0.00208994
v -0.06920000 -0.01062688 -0.00218783
v -0.06920000 -0.01060298 -0.00228464
v -0.06920000 -0.01057429 -0.00238015
v -0.06920000 -0.01054087 -0.00247410
v -0.06920000 -0.01050280 -0.00256628
v -0.06920000 -0.01046019 -0.00265644
v -0.06920000 -0.01041314 -0.00274436
v -0.06920000 -0.01036177 -0.00282983
v -0.06920000 -0.01030620 -0.00291264
v -0.06943878 -0.01034915 -0.00278346
v -0.06920000 -0.00710109 -0.00052154
v -0.06920000 -0.01011573 -0.00314302
v -0.06920000 -0.01004486 -0.00321317
v -0.06920000 -0.00997057 -0.00327970
v -0.06920000 -0.00989306 -0.00334245
v -0.06920000 -0.00981252 -0.00340125
v -0.06920000 -0.00972915 -0.00345597
v -0.06920000 -0.00964315 -0.00350646
v -0.06920000 -0.00955475 -0.00355260
v -0.06920000 -0.00946415 -0.00359428
v -0.06920000 -0.00937159 -0.00363139
v -0.06920000 -0.00927730 -0.00366384
v -0.06920000 -0.00918150 -0.00369155
v -0.06920000 -0.00908444 -0.00371445
v -0.06920000 -0.00898636 -0.00373249
v -0.06920000 -0.00888751 -0.00374561
v -0.06920000 -0.00878812 -0.00375379
v -0.06920000 -0.00868845 -0.00375700
v -0.06920000 -0.00858874 -0.00375525
v -0.06920000 -0.00848925 -0.00374852
v -0.06942145 -0.00943586 -0.00358254
v -0.06920000 -0.00839021 -0.00373684
v -0.06920000 -0.00829188 -0.00372025
v -0.06939725 -0.00818636 -0.00366971
v -0.06920000 -0.00819450 -0.00369877
v -0.06920000 -0.00809831 -0.00367246
v -0.06920000 -0.00800355 -0.00364139
v -0.06920000 -0.00791045 -0.00360564
v -0.06920000 -0.00781926 -0.00356529
v -0.06920000 -0.00773019 -0.00352045
v -0.06920000 -0.00764346 -0.00347122
v -0.06920000 -0.00755930 -0.00341773
v -0.06920000 -0.00747791 -0.00336011
v -0.06920000 -0.00739949 -0.00329851
v -0.06920000 -0.00732424 -0.00323307
v -0.06920000 -0.00725234 -0.00316396
v -0.06920000 -0.00718398 -0.00309136
v -0.06920000 -0.00711932 -0.00301544
v -0.06920000 -0.00705853 -0.00293639
v -0.06920000 -0.00700175 -0.00285441
v -0.06920000 -0.00694913 -0.00276970
v -0.06920000 -0.00690080 -0.00268247
v -0.06920000 -0.00685688 -0.00259294
v -0.06920000 -0.00681747 -0.00250133
v -0.06947600 -0.00741335 -0.00324118
v -0.06920000 -0.00678268 -0.00240788
v -0.06920000 -0.00675259 -0.00231280
v -0.06920000 -0.00672728 -0.00221634
v -0.06920000 -0.00670680 -0.00211875
v -0.06920000 -0.00669122 -0.00202025
v -0.06920000 -0.00668056 -0.00192110
v -0.06920000 -0.00667487 -0.00182154
v -0.06920000 -0.00667414 -0.00172182
v -0.06920000 -0.00667838 -0.00162218
v -0.06946304 -0.00678519 -0.00215987
v -0.06920000 -0.00668758 -0.00152289
v -0.06920000 -0.00670172 -0.00142417
v -0.06920000 -0.00672077 -0.00132628
v -0.06920000 -0.00674467 -0.00122947
v -0.06920000 -0.00677336 -0.00113396
v -0.06920000 -0.00680678 -0.00104001
v -0.06941596 -0.00682095 -0.00108529
v -0.06920000 -0.00684485 -0.00094784
v -0.06920000 -0.00688746 -0.00085767
v -0.06920000 -0.00693451 -0.00076975
v -0.06920000 -0.00698588 -0.00068428
v -0.06920000 -0.00704146 -0.00060147
v -0.05530000 -0.01018303 -0.00306943
v -0.05530000 -0.01011573 -0.00314302
v -0.05530000 -0.01004486 -0.00321317
v -0.05530000 -0.00997057 -0.00327970
v -0.05530000 -0.00989306 -0.00334245
v -0.05530000 -0.00981252 -0.00340125
v -0.05530000 -0.00972915 -0.00345597
v -0.05530000 -0.00964315 -0.00350646
v -0.05530000 -0.00955475 -0.00355260
v -0.05530000 -0.00946415 -0.00359428
v -0.05530000 -0.00937159 -0.00363139
v -0.05530000 -0.00927730 -0.00366384
v -0.05530000 -0.00918150 -0.00369155
v -0.05530000 -0.00908444 -0.00371445
v -0.05530000 -0.00898636 -0.00373249
v -0.05530000 -0.00888751 -0.00374561
v -0.05530000 -0.00878812 -0.00375379
v -0.05530000 -0.00868845 -0.00375700
v -0.05530000 -0.00858874 -0.00375525
v -0.05530000 -0.00848925 -0.00374852
v -0.05530000 -0.00839021 -0.00373684
v -0.05530000 -0.00829188 -0.00372025
v -0.05530000 -0.00819450 -0.00369877
v -0.05530000 -0.00809831 -0.00367246
v -0.05530000 -0.00800355 -0.00364139
v -0.05530000 -0.00791045 -0.00360564
v -0.05530000 -0.00781926 -0.00356529
v -0.05530000 -0.00773019 -0.00352045
v -0.05530000 -0.00764346 -0.00347122
v -0.05530000 -0.00755930 -0.00341773
v -0.05530000 -0.00747791 -0.00336011
v -0.05530000 -0.00739949 -0.00329851
v -0.05530000 -0.00732424 -0.00323307
v -0.05530000 -0.00725234 -0.00316396
v -0.05530000 -0.00718398 -0.00309136
v -0.05530000 -0.00711932 -0.00301544
v -0.05530000 -0.00705853 -0.00293639
v -0.05530000 -0.00700175 -0.00285441
v -0.05530000 -0.00694913 -0.00276970
v -0.05530000 -0.00690080 -0.00268247
v -0.05530000 -0.00685688 -0.00259294
v -0.05530000 -0.00681747 -0.00250133
v -0.05530000 -0.00678268 -0.00240788
v -0.05530000 -0.00675259 -0.00231280
v -0.05530000 -0.00672728 -0.00221634
v -0.05530000 -0.00670680 -0.00211875
v -0.05530000 -0.00669122 -0.00202025
v -0.05530000 -0.00668056 -0.00192110
v -0.05530000 -0.00667487 -0.00182154
v -0.05530000 -0.00667414 -0.00172182
v -0.05530000 -0.00667838 -0.00162218
v -0.05530000 -0.00668758 -0.00152289
v -0.05530000 -0.00670172 -0.00142417
v -0.05530000 -0.00672077 -0.00132628
v -0.05530000 -0.00674467 -0.00122947
v -0.05530000 -0.00677336 -0.00113396
v -0.05530000 -0.00680678 -0.00104001
v -0.05530000 -0.00684485 -0.00094784
v -0.05530000 -0.00688746 -0.00085767
v -0.05530000 -0.00693451 -0.00076975
v -0.05530000 -0.00698588 -0.00068428
v -0.05530000 -0.00704146 -0.00060147
v -0.05530000 -0.00710109 -0.00052154
v -0.05530000 -0.00716463 -0.00044469
v -0.05530000 -0.00723192 -0.00037109
v -0.05530000 -0.00730280 -0.00030094
v -0.05530000 -0.00737708 -0.00023441
v -0.05530000 -0.00745459 -0.00017166
v -0.05530000 -0.00753513 -0.00011286
v -0.05530000 -0.00761850 -0.00005815
v -0.05530000 -0.00770450 -0.00000765
v -0.05530000 -0.00779290 0.00003849
v -0.05530000 -0.00788350 0.00008017
v -0.05530000 -0.00797606 0.00011728
v -0.05530000 -0.00807036 0.00014973
v -0.05530000 -0.00816615 0.00017744
v -0.05530000 -0.00826321 0.00020034
v -0.05530000 -0.00836129 0.00021837
v -0.05530000 -0.00846014 0.00023150
v -0.05530000 -0.00855953 0.00023968
v -0.05530000 -0.00865920 0.00024289
v -0.05530000 -0.00875891 0.00024113
v -0.05530000 -0.00885840 0.00023441
v -0.05530000 -0.00895744 0.00022273
v -0.05530000 -0.00905577 0.00020613
v -0.05530000 -0.00915315 0.00018466
v -0.05530000 -0.00924934 0.00015835
v -0.05530000 -0.00934410 0.00012728
v -0.05530000 -0.00943720 0.00009153
v -0.05530000 -0.00952839 0.00005118
v -0.05530000 -0.00961746 0.00000633
v -0.05530000 -0.00970419 -0.00004289
v -0.05530000 -0.00978835 -0.00009638
v -0.05530000 -0.00986974 -0.00015400
v -0.05530000 -0.00994816 -0.00021561
v -0.05530000 -0.01002341 -0.00028104
v -0.05530000 -0.01009531 -0.00035015
v -0.05530000 -0.01016367 -0.00042275
v -0.05530000 -0.01022833 -0.00049868
v -0.05530000 -0.01028912 -0.00057773
v -0.05530000 -0.01034590 -0.00065971
v -0.05530000 -0.01039852 -0.00074442
v -0.05530000 -0.01044685 -0.00083164
v -0.05530000 -0.01049077 -0.00092117
v -0.05530000 -0.01053018 -0.00101278
v -0.05530000 -0.01056497 -0.00110624
v -0.05530000 -0.01059506 -0.00120131
v -0.05530000 -0.01062037 -0.00129777
v -0.05530000 -0.01064085 -0.00139537
v -0.05530000 -0.01065643 -0.00149386
v -0.05530000 -0.01066709 -0.00159302
v -0.05530000 -0.01067279 -0.00169258
v -0.05530000 -0.01067352 -0.00179230
v -0.05530000 -0.01066927 -0.00189193
v -0.05530000 -0.01066007 -0.00199123
v -0.05530000 -0.01064593 -0.00208994
v -0.05530000 -0.01062688 -0.00218783
v -0.05530000 -0.01060298 -0.00228464
v -0.05530000 -0.01057429 -0.00238015
v -0.05530000 -0.01054087 -0.00247410
v -0.05530000 -0.01050280 -0.00256628
v -0.05530000 -0.01046019 -0.00265644
v -0.05530000 -0.01041314 -0.00274436
v -0.05530000 -0.01036177 -0.00282983
v -0.05530000 -0.01030620 -0.00291264
v -0.05530000 -0.01024657 -0.00299257
v -0.05504909 -0.00759642 -0.00013271
v -0.05508041 -0.00875350 0.00021581
v -0.05501495 -0.00976174 -0.00013040
v -0.05505424 -0.01050236 -0.00105693
v -0.05503523 -0.01060778 -0.00220608
v -0.05505066 -0.00859133 -0.00371689
v -0.05504186 -0.01005266 -0.00319163
v -0.05505141 -0.00715778 -0.00302796
v -0.05517941 -0.00777913 -0.00355127
v -0.05514248 -0.00687385 -0.00261436
v -0.05503048 -0.00675763 -0.00186997
v -0.05505477 -0.00686976 -0.00102105
v -0.06948071 0.00678582 -0.00490837
v -0.06920000 0.00428583 -0.00786874
v -0.06920000 0.00434937 -0.00794560
v -0.06920000 0.00736777 -0.00532085
v -0.06920000 0.00730048 -0.00524726
v -0.06920000 0.00722960 -0.00517711
v -0.06920000 0.00715531 -0.00511058
v -0.06920000 0.00707780 -0.00504783
v -0.06920000 0.00699726 -0.00498903
v -0.06920000 0.00691389 -0.00493432
v -0.06920000 0.00682789 -0.00488382
v -0.06920000 0.00673949 -0.00483768
v -0.06920000 0.00664889 -0.00479600
v -0.06920000 0.00655633 -0.00475889
v -0.06920000 0.00646204 -0.00472644
v -0.06920000 0.00636624 -0.00469873
v -0.06920000 0.00626919 -0.00467583
v -0.06920000 0.00617111 -0.00465780
v -0.06920000 0.00607225 -0.00464467
v -0.06920000 0.00597286 -0.00463649
v -0.06920000 0.00587319 -0.00463328
v -0.06920000 0.00577349 -0.00463504
v -0.06920000 0.00567399 -0.00464176
v -0.06920000 0.00557495 -0.00465344
v -0.06945137 0.00533661 -0.00475001
v -0.06920000 0.00547662 -0.00467003
v -0.06920000 0.00537924 -0.00469151
v -0.06920000 0.00528305 -0.00471782
v -0.06920000 0.00518829 -0.00474889
v -0.06920000 0.00509520 -0.00478464
v -0.06920000 0.00500400 -0.00482499
v -0.06920000 0.00491493 -0.00486983
v -0.06920000 0.00482821 -0.00491906
v -0.06920000 0.00474404 -0.00497255
v -0.06920000 0.00466265 -0.00503017
v -0.06920000 0.00458423 -0.00509178
v -0.06920000 0.00450898 -0.00515721
v -0.06920000 0.00443708 -0.00522632
v -0.06920000 0.00436872 -0.00529892
v -0.06920000 0.00430407 -0.00537484
v -0.06920000 0.00424327 -0.00545389
v -0.06920000 0.00418650 -0.00553588
v -0.06939755 0.00450605 -0.00520740
v -0.06920000 0.00413388 -0.00562059
v -0.06920000 0.00408554 -0.00570781
v -0.06920000 0.00404162 -0.00579734
v -0.06920000 0.00400221 -0.00588895
v -0.06920000 0.00396742 -0.00598241
v -0.06920000 0.00393733 -0.00607748
v -0.06920000 0.00391202 -0.00617394
v -0.06920000 0.00389155 -0.00627154
v -0.06920000 0.00387596 -0.00637003
v -0.06920000 0.00386531 -0.00646918
v -0.06920000 0.00385961 -0.00656874
v -0.06920000 0.00385888 -0.00666846
v -0.06920000 0.00386312 -0.00676810
v -0.06920000 0.00387232 -0.00686739
v -0.06920000 0.00388647 -0.00696611
v -0.06920000 0.00390551 -0.00706400
v -0.06943524 0.00402719 -0.00595664
v -0.06920000 0.00392941 -0.00716081
v -0.06920000 0.00395811 -0.00725632
v -0.06920000 0.00399153 -0.00735027
v -0.06920000 0.00402959 -0.00744245
v -0.06920000 0.00407220 -0.00753261
v -0.06920000 0.00411925 -0.00762053
v -0.06920000 0.00417063 -0.00770600
v -0.06920000 0.00422620 -0.00778881
v -0.06944203 0.00448026 -0.00799460
v -0.06920000 0.00743131 -0.00539771
v -0.06920000 0.00441666 -0.00801919
v -0.06920000 0.00448754 -0.00808934
v -0.06920000 0.00456182 -0.00815587
v -0.06920000 0.00463933 -0.00821862
v -0.06920000 0.00471987 -0.00827742
v -0.06920000 0.00480325 -0.00833214
v -0.06920000 0.00488924 -0.00838263
v -0.06920000 0.00497765 -0.00842877
v -0.06946416 0.00396830 -0.00709939
v -0.06920000 0.00506824 -0.00847045
v -0.06920000 0.00516080 -0.00850756
v -0.06937632 0.00492925 -0.00837646
v -0.06920000 0.00525510 -0.00854001
v -0.06920000 0.00535089 -0.00856772
v -0.06920000 0.00544795 -0.00859062
v -0.06920000 0.00554603 -0.00860865
v -0.06920000 0.00564489 -0.00862178
v -0.06943400 0.00585561 -0.00858903
v -0.06920000 0.00574427 -0.00862996
v -0.06920000 0.00584394 -0.00863317
v -0.06920000 0.00594365 -0.00863141
v -0.06920000 0.00604315 -0.00862469
v -0.06920000 0.00614218 -0.00861301
v -0.06920000 0.00624051 -0.00859642
v -0.06920000 0.00633790 -0.00857494
v -0.06920000 0.00643409 -0.00854863
v -0.06920000 0.00652885 -0.00851756
v -0.06920000 0.00662194 -0.00848181
v -0.06920000 0.00671314 -0.00844146
v -0.06920000 0.00680221 -0.00839662
v -0.06920000 0.00688893 -0.00834739
v -0.06920000 0.00697309 -0.00829390
v -0.06920000 0.00705449 -0.00823628
v -0.06920000 0.00713291 -0.00817467
v -0.06920000 0.00720816 -0.00810924
v -0.06920000 0.00728005 -0.00804013
v -0.06920000 0.00734841 -0.00796753
v -0.06920000 0.00741307 -0.00789161
v -0.06920000 0.00747386 -0.00781256
v -0.06920000 0.00753064 -0.00773057
v -0.06920000 0.00758326 -0.00764586
v -0.06943817 0.00702123 -0.00822114
v -0.06920000 0.00763159 -0.00755864
v -0.06920000 0.00767552 -0.00746911
v -0.06920000 0.00771492 -0.00737750
v -0.06920000 0.00774971 -0.00728405
v -0.06920000 0.00777980 -0.00718897
v -0.06940823 0.00776764 -0.00721340
v -0.06920000 0.00780512 -0.00709251
v -0.06920000 0.00782559 -0.00699492
v -0.06920000 0.00784118 -0.00689642
v -0.06920000 0.00785183 -0.00679727
v -0.06920000 0.00785753 -0.00669771
v -0.06920000 0.00785826 -0.00659799
v -0.06920000 0.00785402 -0.00649835
v -0.06920000 0.00784481 -0.00639906
v -0.06920000 0.00783067 -0.00630034
v -0.06920000 0.00781163 -0.00620245
v -0.06920000 0.00778773 -0.00610564
v -0.06920000 0.00775903 -0.00601013
v -0.06920000 0.00772561 -0.00591618
v -0.06951224 0.00765383 -0.00596487
v -0.06920000 0.00768755 -0.00582400
v -0.06920000 0.00764494 -0.00573384
v -0.06920000 0.00759789 -0.00564592
v -0.06920000 0.00754651 -0.00556045
v -0.06920000 0.00749094 -0.00547764
v -0.05530000 0.00434937 -0.00794560
v -0.05530000 0.00441666 -0.00801919
v -0.05530000 0.00448754 -0.00808934
v -0.05530000 0.00456182 -0.00815587
v -0.05530000 0.00463933 -0.00821862
v -0.05530000 0.00471987 -0.00827742
v -0.05530000 0.00480325 -0.00833214
v -0.05530000 0.00488924 -0.00838263
v -0.05530000 0.00497765 -0.00842877
v -0.05530000 0.00506824 -0.00847045
v -0.05530000 0.00516080 -0.00850756
v -0.05530000 0.00525510 -0.00854001
v -0.05530000 0.00535089 -0.00856772
v -0.05530000 0.00544795 -0.00859062
v -0.05530000 0.00554603 -0.00860865
v -0.05530000 0.00564489 -0.00862178
v -0.05530000 0.00574427 -0.00862996
v -0.05530000 0.00584394 -0.00863317
v -0.05530000 0.00594365 -0.00863141
v -0.05530000 0.00604315 -0.00862469
v -0.05530000 0.00614218 -0.00861301
v -0.05530000 0.00624051 -0.00859642
v -0.05530000 0.00633790 -0.00857494
v -0.05530000 0.00643409 -0.00854863
v -0.05530000 0.00652885 -0.00851756
v -0.05530000 0.00662194 -0.00848181
v -0.05530000 0.00671314 -0.00844146
v -0.05530000 0.00680221 -0.00839662
v -0.05530000 0.00688893 -0.00834739
v -0.05530000 0.00697309 -0.00829390
v -0.05530000 0.00705449 -0.00823628
v -0.05530000 0.00713291 -0.00817467
v -0.05530000 0.00720816 -0.00810924
v -0.05530000 0.00728005 -0.00804013
v -0.05530000 0.00734841 -0.00796753
v -0.05530000 0.00741307 -0.00789161
v -0.05530000 0.00747386 -0.00781256
v -0.05530000 0.00753064 -0.00773057
v -0.05530000 0.00758326 -0.00764586
v -0.05530000 0.00763159 -0.00755864
v -0.05530000 0.00767552 -0.00746911
v -0.05530000 0.00771492 -0.00737750
v -0.05530000 0.00774971 -0.00728405
v -0.05530000 0.00777980 -0.00718897
v -0.05530000 0.00780512 -0.00709251
v -0.05530000 0.00782559 -0.00699492
v -0.05530000 0.00784118 -0.00689642
v -0.05530000 0.00785183 -0.00679727
v -0.05530000 0.00785753 -0.00669771
v -0.05530000 0.00785826 -0.00659799
v -0.05530000 0.00785402 -0.00649835
v -0.05530000 0.00784481 -0.00639906
v -0.05530000 0.00783067 -0.00630034
v -0.05530000 0.00781163 -0.00620245
v -0.05530000 0.00778773 -0.00610564
v -0.05530000 0.00775903 -0.00601013
v -0.05530000 0.00772561 -0.00591618
v -0.05530000 0.00768755 -0.00582400
v -0.05530000 0.00764494 -0.00573384
v -0.05530000 0.00759789 -0.00564592
v -0.05530000 0.00754651 -0.00556045
v -0.05530000 0.00749094 -0.00547764
v -0.05530000 0.00743131 -0.00539771
v -0.05530000 0.00736777 -0.00532085
v -0.05530000 0.00730048 -0.00524726
v -0.05530000 0.00722960 -0.00517711
v -0.05530000 0.00715531 -0.00511058
v -0.05530000 0.00707780 -0.00504783
v -0.05530000 0.00699726 -0.00498903
v -0.05530000 0.00691389 -0.00493432
v -0.05530000 0.00682789 -0.00488382
v -0.05530000 0.00673949 -0.00483768
v -0.05530000 0.00664889 -0.00479600
v -0.05530000 0.00655633 -0.00475889
v -0.05530000 0.00646204 -0.00472644
v -0.05530000 0.00636624 -0.00469873
v -0.05530000 0.00626919 -0.00467583
v -0.05530000 0.00617111 -0.00465780
v -0.05530000 0.00607225 -0.00464467
v -0.05530000 0.00597286 -0.00463649
v -0.05530000 0.00587319 -0.00463328
v -0.05530000 0.00577349 -0.00463504
v -0.05530000 0.00567399 -0.00464176
v -0.05530000 0.00557495 -0.00465344
v -0.05530000 0.00547662 -0.00467003
v -0.05530000 0.00537924 -0.00469151
v -0.05530000 0.00528305 -0.00471782
v -0.05530000 0.00518829 -0.00474889
v -0.05530000 0.00509520 -0.00478464
v -0.05530000 0.00500400 -0.00482499
v -0.05530000 0.00491493 -0.00486983
v -0.05530000 0.00482821 -0.00491906
v -0.05530000 0.00474404 -0.00497255
v -0.05530000 0.00466265 -0.00503017
v -0.05530000 0.00458423 -0.00509178
v -0.05530000 0.00450898 -0.00515721
v -0.05530000 0.00443708 -0.00522632
v -0.05530000 0.00436872 -0.00529892
v -0.05530000 0.00430407 -0.00537484
v -0.05530000 0.00424327 -0.00545389
v -0.05530000 0.00418650 -0.00553588
v -0.05530000 0.00413388 -0.00562059
v -0.05530000 0.00408554 -0.00570781
v -0.05530000 0.00404162 -0.00579734
v -0.05530000 0.00400221 -0.00588895
v -0.05530000 0.00396742 -0.00598241
v -0.05530000 0.00393733 -0.00607748
v -0.05530000 0.00391202 -0.00617394
v -0.05530000 0.00389155 -0.00627154
v -0.05530000 0.00387596 -0.00637003
v -0.05530000 0.00386531 -0.00646918
v -0.05530000 0.00385961 -0.00656874
v -0.05530000 0.00385888 -0.00666846
v -0.05530000 0.00386312 -0.00676810
v -0.05530000 0.00387232 -0.00686739
v -0.05530000 0.00388647 -0.00696611
v -0.05530000 0.00390551 -0.00706400
v -0.05530000 0.00392941 -0.00716081
v -0.05530000 0.00395811 -0.00725632
v -0.05530000 0.00399153 -0.00735027
v -0.05530000 0.00402959 -0.00744245
v -0.05530000 0.00407220 -0.00753261
v -0.05530000 0.00411925 -0.00762053
v -0.05530000 0.00417063 -0.00770600
v -0.05530000 0.00422620 -0.00778881
v -0.05530000 0.00428583 -0.00786874
v -0.05504193 0.00694212 -0.00499406
v -0.05512328 0.00592342 -0.00464576
v -0.05505357 0.00434968 -0.00538221
v -0.05504098 0.00531534 -0.00477760
v -0.05504502 0.00393496 -0.00636846
v -0.05504576 0.00408865 -0.00743720
v -0.05501928 0.00498729 -0.00838800
v -0.05509490 0.00560821 -0.00860764
v -0.05507218 0.00689317 -0.00830960
v -0.05504507 0.00780718 -0.00653882
v -0.05505144 0.00758159 -0.00753020
v -0.05515481 0.00769372 -0.00584519
f 1 3 2
f 4 5 3
f 4 3 1
f 6 7 5
f 6 5 4
f 8 9 7
f 8 7 6
f 10 11 9
f 10 9 8
f 12 13 11
f 12 11 10
f 14 15 13
f 14 13 12
f 16 17 15
f 16 15 14
f 18 19 17
f 18 17 16
f 20 19 18
f 21 22 19
f 21 19 20
f 23 24 22
f 23 22 21
f 25 26 24
f 25 24 23
f 69 28 27
f 28 29 27
f 29 30 27
f 30 31 27
f 31 32 27
f 32 33 27
f 33 34 27
f 34 35 27
f 35 36 27
f 36 37 27
f 37 38 27
f 38 39 27
f 39 40 27
f 40 41 27
f 41 42 27
f 42 43 27
f 43 44 27
f 44 45 27
f 45 46 27
f 46 47 27
f 47 48 27
f 48 49 27
f 49 50 27
f 50 51 27
f 51 52 27
f 52 53 27
f 53 54 27
f 54 55 27
f 55 56 27
f 56 57 27
f 57 58 27
f 58 59 27
f 59 60 27
f 60 61 27
f 69 27 677
f 62 64 63
f 63 64 65
f 66 63 65
f 64 67 65
f 68 65 26
f 22 24 19
f 24 26 19
f 26 65 19
f 17 19 15
f 15 19 13
f 9 11 7
f 11 13 7
f 65 67 7
f 19 65 7
f 13 19 7
f 3 5 2
f 5 7 2
f 67 69 2
f 7 67 2
f 2 69 70
f 71 73 72
f 72 73 74
f 75 77 76
f 77 74 76
f 76 74 78
f 74 73 79
f 78 74 79
f 80 79 81
f 79 73 82
f 81 79 82
f 83 82 84
f 85 84 86
f 84 82 87
f 86 84 87
f 87 82 88
f 89 88 90
f 90 88 91
f 88 82 91
f 91 82 92
f 82 73 92
f 73 70 101
f 92 73 101
f 70 69 101
f 69 677 101
f 93 95 94
f 96 94 97
f 95 98 97
f 94 95 97
f 98 99 97
f 101 677 100
f 99 101 100
f 102 104 103
f 102 103 105
f 102 105 106
f 100 102 106
f 100 106 107
f 108 110 109
f 110 111 109
f 111 112 109
f 112 113 109
f 113 97 109
f 107 115 114
f 100 107 114
f 116 109 117
f 109 97 117
f 114 119 118
f 100 114 118
f 120 117 121
f 121 117 122
f 123 122 124
f 117 97 124
f 122 117 124
f 125 127 126
f 127 128 126
f 125 126 129
f 130 124 131
f 124 97 132
f 131 124 132
f 118 125 133
f 129 134 133
f 100 118 133
f 125 129 133
f 100 133 135
f 135 137 136
f 132 97 138
f 139 140 138
f 140 141 138
f 100 135 138
f 141 132 138
f 135 136 138
f 99 100 138
f 97 99 138
f 1 2 70
f 70 73 142
f 143 92 144
f 143 91 92
f 145 90 91
f 145 91 143
f 146 89 90
f 146 90 145
f 147 88 89
f 147 89 146
f 148 87 88
f 148 88 147
f 149 86 87
f 149 87 148
f 150 85 86
f 150 86 149
f 151 84 85
f 151 85 150
f 152 83 84
f 152 84 151
f 153 82 83
f 153 83 152
f 154 81 82
f 154 82 153
f 155 80 81
f 155 81 154
f 156 80 155
f 156 79 80
f 157 79 156
f 157 78 79
f 158 78 157
f 158 76 78
f 159 76 158
f 159 75 76
f 160 75 159
f 160 77 75
f 161 77 160
f 161 74 77
f 161 72 74
f 162 72 161
f 162 71 72
f 163 71 162
f 163 73 71
f 142 73 163
f 92 101 144
f 144 101 164
f 165 100 677
f 165 102 100
f 166 104 102
f 166 102 165
f 167 103 104
f 167 104 166
f 168 105 103
f 168 103 167
f 169 106 105
f 169 107 106
f 169 105 168
f 170 115 107
f 170 107 169
f 171 114 115
f 171 115 170
f 172 119 114
f 172 114 171
f 173 118 119
f 173 119 172
f 174 125 118
f 174 118 173
f 175 127 125
f 175 125 174
f 176 128 127
f 176 127 175
f 177 126 128
f 177 128 176
f 178 129 126
f 178 126 177
f 179 134 129
f 179 129 178
f 180 133 134
f 180 134 179
f 181 135 133
f 181 133 180
f 182 137 135
f 182 135 181
f 183 136 137
f 183 137 182
f 184 138 136
f 184 136 183
f 185 139 138
f 185 138 184
f 186 140 139
f 186 139 185
f 187 141 140
f 187 140 186
f 188 132 141
f 188 141 187
f 189 132 188
f 189 131 132
f 190 131 189
f 190 130 131
f 191 130 190
f 191 124 130
f 192 124 191
f 192 123 124
f 193 123 192
f 193 122 123
f 194 122 193
f 194 121 122
f 195 121 194
f 195 120 121
f 196 120 195
f 196 117 120
f 197 116 117
f 197 117 196
f 198 109 116
f 198 116 197
f 199 108 109
f 199 109 198
f 200 110 108
f 200 108 199
f 201 111 110
f 201 110 200
f 202 112 111
f 202 111 201
f 203 113 112
f 203 112 202
f 204 97 113
f 204 113 203
f 205 96 97
f 205 97 204
f 206 94 96
f 206 96 205
f 207 93 94
f 207 94 206
f 208 95 93
f 208 93 207
f 209 98 95
f 209 95 208
f 210 99 98
f 210 98 209
f 164 101 99
f 164 99 210
f 211 213 212
f 212 213 214
f 214 213 215
f 215 213 216
f 216 213 217
f 217 213 218
f 218 213 219
f 219 213 220
f 220 213 221
f 221 213 222
f 213 223 222
f 222 223 224
f 224 223 225
f 225 223 226
f 226 223 227
f 227 223 228
f 228 223 229
f 229 223 230
f 230 223 231
f 231 223 232
f 223 233 232
f 232 233 234
f 234 233 235
f 235 233 236
f 236 233 237
f 237 233 238
f 238 233 239
f 239 233 240
f 233 241 240
f 240 241 242
f 242 241 243
f 243 241 244
f 244 241 245
f 245 241 246
f 246 241 247
f 241 248 247
f 247 248 249
f 249 248 250
f 250 248 251
f 251 248 252
f 248 253 252
f 252 253 254
f 254 253 255
f 255 253 256
f 257 667 211
f 257 211 258
f 257 258 259
f 257 259 260
f 257 260 261
f 257 261 262
f 257 262 263
f 257 263 264
f 257 264 265
f 257 265 266
f 267 257 266
f 267 266 268
f 267 268 269
f 267 269 270
f 267 270 271
f 267 271 272
f 267 272 273
f 267 273 274
f 267 274 275
f 276 267 277
f 267 275 277
f 276 277 278
f 276 278 279
f 276 279 280
f 276 280 281
f 276 281 282
f 276 282 283
f 276 283 284
f 285 276 284
f 285 284 286
f 285 286 287
f 285 287 288
f 285 288 289
f 285 289 290
f 291 285 292
f 285 290 292
f 291 292 293
f 291 293 294
f 291 294 295
f 291 295 296
f 291 296 297
f 296 298 297
f 298 299 297
f 299 300 297
f 301 666 306
f 666 301 302
f 253 666 302
f 256 253 302
f 256 302 303
f 304 305 303
f 305 256 303
f 304 303 307
f 308 309 307
f 309 304 307
f 308 307 310
f 311 312 310
f 312 308 310
f 311 310 313
f 314 311 313
f 314 313 315
f 316 317 315
f 317 314 315
f 325 320 319
f 316 315 319
f 320 321 319
f 321 322 319
f 322 316 319
f 318 666 371
f 325 319 323
f 666 370 371
f 325 323 324
f 326 328 327
f 328 325 327
f 325 324 327
f 329 331 330
f 331 326 330
f 326 327 330
f 329 330 332
f 333 329 332
f 334 336 335
f 336 337 335
f 334 335 338
f 300 339 338
f 339 334 338
f 335 337 340
f 337 341 340
f 297 300 342
f 300 338 342
f 340 341 343
f 660 297 342
f 344 346 345
f 346 347 345
f 344 345 348
f 349 350 348
f 350 351 348
f 351 344 348
f 347 353 352
f 353 354 352
f 354 355 352
f 345 347 352
f 356 358 357
f 358 359 357
f 359 349 357
f 349 348 357
f 352 355 360
f 355 333 360
f 333 332 360
f 332 3181 360
f 362 356 361
f 356 357 361
f 360 3181 396
f 362 361 363
f 364 365 363
f 365 362 363
f 341 366 343
f 367 369 368
f 369 364 368
f 364 363 368
f 366 373 372
f 373 374 372
f 343 366 372
f 375 377 376
f 377 378 376
f 378 367 376
f 367 368 376
f 374 380 379
f 380 381 379
f 372 374 379
f 382 384 383
f 384 385 383
f 385 375 383
f 375 376 383
f 3181 386 396
f 381 388 387
f 379 381 387
f 389 391 390
f 391 392 390
f 392 382 390
f 382 383 390
f 393 395 394
f 395 389 394
f 389 390 394
f 388 393 397
f 401 387 397
f 393 394 397
f 387 388 397
f 401 397 398
f 386 399 396
f 427 401 398
f 402 404 403
f 402 403 405
f 403 404 406
f 402 405 407
f 406 404 408
f 402 407 409
f 408 404 410
f 370 402 409
f 410 404 411
f 411 404 412
f 412 404 413
f 404 414 413
f 415 371 409
f 371 370 409
f 413 414 416
f 416 414 417
f 418 415 409
f 417 414 419
f 419 414 420
f 420 414 421
f 421 414 422
f 414 424 423
f 422 414 423
f 423 424 425
f 425 424 426
f 426 424 428
f 428 424 429
f 429 424 430
f 430 424 431
f 431 424 432
f 432 424 433
f 424 435 434
f 433 424 434
f 434 435 436
f 436 435 437
f 437 435 438
f 2928 427 398
f 438 435 439
f 439 435 440
f 440 435 441
f 441 435 442
f 400 443 660
f 399 445 444
f 442 435 446
f 446 435 447
f 447 435 677
f 2928 398 463
f 448 418 409
f 449 448 450
f 448 409 450
f 449 450 451
f 445 449 452
f 449 451 452
f 444 445 453
f 445 452 453
f 444 453 454
f 455 444 454
f 455 454 456
f 455 456 457
f 455 457 25
f 458 455 25
f 458 25 23
f 458 23 21
f 459 458 21
f 459 21 20
f 459 20 18
f 459 18 16
f 460 459 16
f 460 16 14
f 460 14 12
f 461 460 10
f 460 12 10
f 461 10 8
f 461 8 6
f 462 461 6
f 462 6 4
f 462 4 1
f 466 462 1
f 2928 463 464
f 465 2928 464
f 466 1 70
f 467 466 142
f 466 70 142
f 467 142 163
f 468 467 162
f 467 163 162
f 468 162 161
f 469 468 160
f 468 161 160
f 469 160 159
f 469 159 158
f 469 158 157
f 470 469 157
f 470 157 156
f 470 156 155
f 660 443 471
f 470 155 154
f 472 470 154
f 472 154 153
f 472 153 152
f 472 152 151
f 473 472 151
f 473 151 150
f 473 150 149
f 474 473 149
f 474 149 148
f 475 477 476
f 475 476 478
f 476 477 479
f 475 478 480
f 481 475 480
f 479 477 482
f 477 483 482
f 481 480 484
f 483 486 485
f 482 483 485
f 471 443 487
f 443 481 487
f 481 484 487
f 485 486 488
f 471 487 489
f 488 486 490
f 486 491 490
f 471 489 492
f 490 491 493
f 494 471 495
f 471 492 495
f 494 495 496
f 494 496 497
f 494 497 498
f 499 494 500
f 494 498 500
f 499 500 501
f 499 501 502
f 499 502 503
f 491 504 3229
f 493 491 3229
f 499 503 505
f 499 505 506
f 507 499 508
f 499 506 508
f 507 508 509
f 507 509 510
f 507 510 511
f 507 511 512
f 513 515 514
f 515 465 514
f 515 513 516
f 517 515 516
f 514 465 518
f 465 464 518
f 517 516 519
f 518 464 520
f 464 521 520
f 517 519 538
f 504 517 538
f 520 521 522
f 521 524 523
f 522 521 523
f 507 512 525
f 523 524 526
f 526 524 527
f 524 529 528
f 527 524 528
f 507 525 530
f 528 529 531
f 531 529 532
f 507 530 533
f 529 535 534
f 532 529 534
f 534 535 536
f 536 535 537
f 3229 504 538
f 535 540 539
f 537 535 539
f 539 540 541
f 540 543 542
f 541 540 542
f 542 543 544
f 543 554 555
f 544 543 555
f 533 547 546
f 547 548 546
f 548 549 546
f 549 3253 546
f 3253 550 546
f 507 533 546
f 2829 545 3032
f 545 474 3029
f 474 148 551
f 148 147 551
f 3029 474 551
f 551 147 552
f 147 146 552
f 146 145 552
f 552 145 553
f 145 143 553
f 143 144 553
f 553 144 575
f 554 557 556
f 555 554 556
f 556 557 558
f 558 557 559
f 559 557 560
f 557 561 560
f 560 561 562
f 562 561 563
f 563 561 564
f 561 565 564
f 564 565 566
f 566 565 567
f 567 565 568
f 565 569 568
f 2829 3032 570
f 568 569 571
f 569 573 572
f 571 569 572
f 572 573 574
f 575 144 3036
f 573 2829 570
f 576 574 577
f 574 573 577
f 573 570 577
f 144 164 3036
f 576 577 578
f 579 580 578
f 580 576 578
f 579 578 581
f 595 582 581
f 582 579 581
f 164 210 583
f 210 209 583
f 3036 164 583
f 595 581 584
f 209 208 585
f 583 209 585
f 173 172 586
f 172 171 586
f 171 170 586
f 170 169 586
f 169 168 586
f 168 167 586
f 167 166 586
f 166 165 586
f 165 677 586
f 208 207 587
f 207 206 587
f 585 208 587
f 206 205 588
f 205 204 588
f 587 206 588
f 204 203 589
f 203 202 589
f 588 204 589
f 589 202 620
f 173 586 590
f 182 181 590
f 181 180 590
f 180 179 590
f 179 178 590
f 178 177 590
f 177 176 590
f 176 175 590
f 175 174 590
f 174 173 590
f 189 188 591
f 188 187 591
f 187 186 591
f 186 185 591
f 185 184 591
f 184 183 591
f 183 182 591
f 182 590 591
f 195 194 592
f 194 193 592
f 193 192 592
f 192 191 592
f 191 190 592
f 190 189 592
f 189 591 592
f 199 198 593
f 198 197 593
f 197 196 593
f 196 195 593
f 195 592 593
f 584 594 595
f 595 594 596
f 594 597 596
f 202 201 598
f 201 200 598
f 200 199 598
f 620 202 598
f 199 593 598
f 597 600 599
f 596 597 599
f 599 600 601
f 600 603 602
f 601 600 602
f 602 603 604
f 603 606 605
f 604 603 605
f 605 606 607
f 606 609 608
f 607 606 608
f 620 598 656
f 610 612 611
f 612 613 611
f 613 614 611
f 614 615 611
f 3253 616 611
f 616 617 611
f 617 618 611
f 618 619 611
f 619 610 611
f 615 622 621
f 622 623 621
f 623 624 621
f 624 625 621
f 625 626 621
f 626 627 621
f 627 628 621
f 628 629 621
f 629 630 621
f 611 615 621
f 639 620 656
f 630 632 631
f 632 633 631
f 633 634 631
f 634 635 631
f 635 636 631
f 636 637 631
f 637 638 631
f 621 630 631
f 631 638 640
f 638 641 640
f 641 642 640
f 642 643 640
f 643 644 640
f 644 645 640
f 645 646 640
f 646 648 647
f 648 649 647
f 649 650 647
f 650 651 647
f 640 646 647
f 651 653 652
f 653 654 652
f 654 608 652
f 608 609 652
f 647 651 652
f 652 609 655
f 656 681 655
f 609 656 655
f 656 598 593
f 655 647 652
f 655 640 647
f 655 631 640
f 655 621 631
f 655 611 621
f 3253 611 655
f 550 507 546
f 550 499 507
f 550 494 499
f 550 471 494
f 550 660 471
f 670 297 660
f 670 291 297
f 670 285 291
f 670 276 285
f 670 267 276
f 670 257 267
f 670 667 257
f 666 213 211
f 666 223 213
f 666 233 223
f 666 241 233
f 666 248 241
f 666 253 248
f 674 402 370
f 674 404 402
f 674 414 404
f 674 424 414
f 674 435 424
f 677 435 674
f 677 590 586
f 677 591 590
f 677 592 591
f 656 593 592
f 656 592 677
f 211 662 666
f 661 670 660
f 370 663 674
f 656 677 657
f 656 657 658
f 3253 655 659
f 656 658 681
f 659 655 681
f 666 662 665
f 668 667 670
f 685 668 670
f 669 685 670
f 661 671 670
f 673 663 672
f 673 674 663
f 660 671 661
f 657 677 742
f 657 742 678
f 657 678 679
f 657 680 658
f 659 683 682
f 659 684 723
f 681 684 659
f 670 686 669
f 670 687 686
f 670 688 687
f 670 689 688
f 671 690 689
f 671 689 670
f 671 691 690
f 671 692 691
f 671 693 692
f 671 694 693
f 671 695 694
f 671 696 695
f 660 697 696
f 660 696 671
f 660 698 697
f 660 699 698
f 660 700 699
f 660 701 700
f 660 702 701
f 675 702 660
f 675 703 702
f 660 704 675
f 676 704 660
f 660 705 676
f 550 706 705
f 550 705 660
f 550 707 706
f 550 708 707
f 550 709 708
f 550 710 709
f 550 711 710
f 3253 712 711
f 3253 711 550
f 3253 713 712
f 3253 714 713
f 3253 715 714
f 3253 716 715
f 3253 717 716
f 3253 718 717
f 3253 719 718
f 659 720 719
f 659 719 3253
f 659 721 720
f 659 722 721
f 682 722 659
f 659 723 683
f 684 724 723
f 684 725 724
f 681 725 684
f 681 726 725
f 681 727 726
f 681 728 727
f 681 729 728
f 681 730 729
f 681 731 730
f 681 732 731
f 681 733 732
f 681 734 733
f 681 735 734
f 681 736 735
f 658 737 736
f 658 736 681
f 658 738 737
f 680 739 738
f 680 738 658
f 657 740 739
f 657 739 680
f 657 741 740
f 679 741 657
f 677 743 742
f 677 744 743
f 677 745 744
f 677 746 745
f 677 747 746
f 677 748 747
f 677 749 748
f 677 750 749
f 677 751 750
f 677 752 751
f 674 753 752
f 674 752 677
f 674 754 753
f 674 755 754
f 674 756 755
f 674 757 756
f 674 758 757
f 674 759 758
f 674 760 759
f 673 760 674
f 673 761 760
f 663 762 672
f 370 762 663
f 370 763 762
f 370 764 763
f 370 765 764
f 370 766 765
f 370 767 766
f 370 768 767
f 370 769 768
f 370 770 769
f 370 771 770
f 370 772 771
f 370 773 772
f 370 774 773
f 666 775 774
f 666 774 370
f 666 776 775
f 666 777 776
f 666 778 777
f 666 779 778
f 665 779 666
f 662 780 665
f 664 780 662
f 662 781 664
f 662 782 781
f 211 783 782
f 211 782 662
f 211 784 783
f 211 785 784
f 211 786 785
f 211 787 786
f 667 788 787
f 667 787 211
f 667 789 788
f 667 790 789
f 667 791 790
f 667 792 791
f 667 793 792
f 667 794 793
f 667 795 794
f 667 796 795
f 667 797 796
f 668 798 797
f 668 797 667
f 799 800 723
f 801 723 800
f 802 799 723
f 803 683 723
f 803 723 801
f 804 802 723
f 805 683 803
f 806 723 724
f 806 804 723
f 807 683 805
f 808 806 724
f 809 683 807
f 810 808 724
f 811 683 809
f 812 810 724
f 813 683 811
f 814 812 724
f 815 682 683
f 815 683 813
f 816 814 724
f 817 682 815
f 818 724 725
f 818 816 724
f 819 682 817
f 820 818 725
f 821 682 819
f 822 820 725
f 823 682 821
f 824 822 725
f 825 682 823
f 826 824 725
f 827 722 682
f 827 682 825
f 828 725 726
f 828 826 725
f 829 722 827
f 830 828 726
f 831 722 829
f 832 830 726
f 833 722 831
f 834 832 726
f 835 722 833
f 836 726 727
f 836 834 726
f 837 722 835
f 838 836 727
f 839 721 722
f 839 722 837
f 840 838 727
f 841 721 839
f 842 840 727
f 843 721 841
f 844 842 727
f 844 727 728
f 845 721 843
f 846 844 728
f 847 721 845
f 848 846 728
f 849 720 721
f 849 721 847
f 850 848 728
f 851 720 849
f 852 720 851
f 853 720 852
f 854 719 720
f 854 720 853
f 855 719 854
f 856 719 855
f 857 719 856
f 858 719 857
f 858 718 719
f 859 718 858
f 860 718 859
f 861 718 860
f 862 718 861
f 862 717 718
f 863 717 862
f 864 717 863
f 865 717 864
f 865 716 717
f 866 716 865
f 867 716 866
f 867 715 716
f 868 715 867
f 869 715 868
f 869 714 715
f 870 714 869
f 871 872 731
f 873 730 731
f 873 731 872
f 874 731 732
f 874 871 731
f 875 730 873
f 876 874 732
f 877 730 875
f 878 714 870
f 879 876 732
f 880 729 730
f 880 730 877
f 881 732 733
f 881 879 732
f 882 729 880
f 883 881 733
f 884 729 882
f 885 883 733
f 886 728 729
f 886 729 884
f 886 850 728
f 886 887 850
f 888 885 733
f 889 887 886
f 889 890 887
f 891 733 734
f 891 888 733
f 892 890 889
f 892 893 890
f 713 714 878
f 894 891 734
f 895 893 892
f 895 896 893
f 897 894 734
f 898 899 896
f 898 896 895
f 900 897 734
f 900 734 735
f 901 902 899
f 901 899 898
f 903 900 735
f 904 902 901
f 904 906 905
f 904 905 902
f 907 903 735
f 908 740 741
f 908 909 740
f 910 740 909
f 911 908 741
f 912 740 910
f 913 911 741
f 914 906 904
f 914 915 906
f 916 740 912
f 917 913 741
f 918 740 916
f 918 739 740
f 919 917 741
f 920 907 735
f 920 735 736
f 921 739 918
f 922 919 741
f 923 739 921
f 924 915 914
f 924 925 915
f 926 741 679
f 926 922 741
f 927 739 923
f 928 926 679
f 929 920 736
f 930 738 739
f 930 739 927
f 931 928 679
f 932 925 924
f 932 933 925
f 934 738 930
f 935 931 679
f 936 929 736
f 937 738 934
f 938 935 679
f 939 940 933
f 939 933 932
f 941 738 937
f 942 938 679
f 943 736 737
f 943 936 736
f 944 737 738
f 944 738 941
f 945 940 939
f 945 946 940
f 947 942 679
f 947 679 678
f 948 737 944
f 949 947 678
f 950 737 948
f 951 946 945
f 951 952 946
f 953 949 678
f 954 737 950
f 954 943 737
f 955 953 678
f 956 952 951
f 956 958 957
f 956 957 952
f 959 943 954
f 959 960 943
f 961 955 678
f 962 960 959
f 962 963 960
f 964 958 956
f 964 965 958
f 966 961 678
f 967 968 963
f 967 963 962
f 969 965 964
f 969 970 965
f 971 678 742
f 971 966 678
f 972 973 968
f 972 968 967
f 974 971 742
f 975 970 969
f 975 976 970
f 977 978 973
f 977 973 972
f 979 974 742
f 980 981 978
f 980 978 977
f 982 983 976
f 982 976 975
f 984 979 742
f 985 981 980
f 986 987 983
f 986 983 982
f 988 984 742
f 989 990 981
f 989 981 985
f 991 988 742
f 992 987 986
f 992 993 987
f 994 995 990
f 994 990 989
f 996 742 743
f 996 991 742
f 997 998 995
f 997 995 994
f 999 993 992
f 999 1000 993
f 1001 996 743
f 1002 998 997
f 1002 1003 998
f 1004 1006 1005
f 1004 1005 1000
f 1004 1000 999
f 1007 1001 743
f 1008 1003 1002
f 1008 1009 1003
f 1010 1007 743
f 1011 1012 1006
f 1011 1006 1004
f 1013 1009 1008
f 1014 1009 1013
f 1015 1010 743
f 1016 1012 1011
f 1016 1017 1012
f 1018 1014 1013
f 1019 1015 743
f 1020 1014 1018
f 1021 1020 1018
f 1022 1017 1016
f 1022 1023 1017
f 1024 743 744
f 1024 1019 743
f 1025 1026 1020
f 1025 1020 1021
f 1027 1023 1022
f 1027 1028 1023
f 1029 1024 744
f 1030 1026 1025
f 1031 1026 1030
f 1032 1029 744
f 1033 1028 1027
f 1033 1034 1028
f 1035 1031 1030
f 1036 1031 1035
f 1037 1032 744
f 1038 1039 1034
f 1038 1034 1033
f 1040 1036 1035
f 1041 1037 744
f 1042 1036 1040
f 1043 1042 1040
f 1044 1045 1039
f 1044 1039 1038
f 1046 744 745
f 1046 1041 744
f 1047 1042 1043
f 1048 1047 1043
f 1049 1050 1045
f 1049 1045 1044
f 1051 1046 745
f 1052 1048 1053
f 1052 1047 1048
f 1054 1051 745
f 1055 1050 1049
f 1055 1056 1050
f 1057 1053 1058
f 1057 1052 1053
f 1059 1054 745
f 1060 1059 745
f 1061 1057 1058
f 1061 1058 1062
f 1063 1061 1062
f 1064 1061 1063
f 1065 1064 1063
f 746 1066 1060
f 746 1060 745
f 746 1067 1066
f 1068 1065 1069
f 1068 1064 1065
f 1070 1067 746
f 1071 1068 1069
f 1071 1069 1072
f 1073 1070 746
f 1074 1071 1072
f 1074 1072 1075
f 1076 1074 1075
f 1076 1075 1077
f 1078 1077 1079
f 1078 1076 1077
f 1080 1078 1079
f 1080 1079 1081
f 1082 1081 1083
f 1082 1080 1081
f 1084 1083 1085
f 1084 1082 1083
f 747 1073 746
f 747 1087 1086
f 747 1086 1088
f 747 1088 1089
f 747 1089 1073
f 748 1087 747
f 748 1091 1090
f 748 1090 1092
f 748 1092 1087
f 749 1091 748
f 749 1094 1093
f 749 1093 1091
f 750 1094 749
f 750 1096 1095
f 750 1095 1094
f 1097 1098 708
f 1099 708 1098
f 1100 1097 708
f 1100 708 709
f 1101 708 1099
f 1101 707 708
f 1102 1100 709
f 1103 707 1101
f 1104 1102 709
f 1105 707 1103
f 1106 1104 709
f 1107 707 1105
f 1108 1106 709
f 1108 709 710
f 1109 707 1107
f 1109 706 707
f 1110 1108 710
f 1111 706 1109
f 1112 1110 710
f 1113 706 1111
f 1114 1112 710
f 1114 710 711
f 1115 706 1113
f 1116 1114 711
f 1117 706 1115
f 1118 1120 1119
f 1118 1119 1121
f 1122 1118 1121
f 1122 1121 1123
f 1124 1120 1118
f 1124 1126 1125
f 1124 1125 1120
f 1127 1122 1123
f 1127 1123 1128
f 1127 1128 1129
f 1130 1116 711
f 1130 711 712
f 1131 1126 1124
f 1131 1132 1126
f 1133 706 1117
f 1133 705 706
f 1134 1127 1129
f 1134 1129 1135
f 1134 1135 1136
f 1137 1132 1131
f 1137 1139 1138
f 1137 1138 1132
f 1140 1130 712
f 1141 1134 1136
f 1141 1136 1142
f 1141 1142 1143
f 1144 705 1133
f 1145 1147 1146
f 1145 1146 1139
f 1145 1139 1137
f 1148 1140 712
f 1148 712 713
f 1149 1141 1143
f 1149 1143 1150
f 1151 705 1144
f 1152 1147 1145
f 1152 1153 1147
f 1154 1148 713
f 1155 705 1151
f 1156 1149 1150
f 1156 1150 1157
f 1156 1157 1158
f 1159 713 878
f 1159 1154 713
f 1160 1153 1152
f 1160 1056 1055
f 1160 1055 1161
f 1160 1161 1153
f 1162 705 1155
f 1163 1156 1158
f 1163 1158 1164
f 1163 1164 1165
f 751 1096 750
f 751 1167 1166
f 751 1166 1096
f 1168 1159 878
f 1168 878 1169
f 1168 1169 1170
f 1171 1056 1160
f 1171 1173 1172
f 1171 1172 1056
f 1174 705 1162
f 1175 1168 1170
f 1176 1165 1177
f 1176 1177 1178
f 1176 1163 1165
f 1179 705 1174
f 1179 676 705
f 1180 1173 1171
f 1180 1182 1181
f 1180 1181 1173
f 1183 1170 1184
f 1183 1184 1185
f 1183 1175 1170
f 1186 676 1179
f 1187 1178 1188
f 1187 1188 1189
f 1187 1176 1178
f 1190 1183 1185
f 1191 1182 1180
f 1191 1192 1182
f 1193 676 1186
f 1194 1190 1185
f 1194 1185 1195
f 1196 1189 1197
f 1196 1187 1189
f 1198 676 1193
f 1199 1192 1191
f 1199 1201 1200
f 1199 1200 1192
f 1202 676 1198
f 1203 1197 1204
f 1203 1204 1205
f 1203 1196 1197
f 1206 676 1202
f 1207 1208 1201
f 1207 1201 1199
f 1209 1205 1210
f 1209 1210 1211
f 1209 1203 1205
f 1212 676 1206
f 1212 704 676
f 1213 1208 1207
f 1213 1215 1214
f 1213 1214 1208
f 1216 704 1212
f 1217 1211 1218
f 1217 1209 1211
f 1219 704 1216
f 1220 1222 1221
f 1220 1221 1215
f 1220 1215 1213
f 1223 704 1219
f 1224 1218 1225
f 1224 1225 1226
f 1224 1217 1218
f 1227 704 1223
f 1228 1229 1222
f 1228 1222 1220
f 1230 704 1227
f 1231 1226 1232
f 1231 1232 1233
f 1231 1224 1226
f 1234 704 1230
f 1235 1195 1236
f 1235 1236 1229
f 1235 1229 1228
f 1237 1233 1238
f 1237 1231 1233
f 675 704 1234
f 675 1234 1239
f 1240 675 1239
f 1241 1195 1235
f 1241 1194 1195
f 1241 1243 1242
f 1241 1242 1194
f 1244 675 1240
f 1245 1084 1085
f 1245 1237 1238
f 1245 1238 1246
f 1245 1246 1084
f 1247 675 1244
f 1248 1243 1241
f 1248 1249 1243
f 1250 675 1247
f 1251 1085 1252
f 1251 1252 1253
f 1251 1245 1085
f 1254 675 1250
f 1255 1249 1248
f 1255 1257 1256
f 1255 1256 1249
f 1258 1251 1253
f 1258 1253 1259
f 1258 1259 1260
f 1261 1257 1255
f 1261 1263 1262
f 1261 1262 1257
f 1264 1258 1260
f 1264 1260 1265
f 703 1254 1266
f 703 1266 1267
f 703 675 1254
f 703 1267 1268
f 703 1268 1269
f 703 1269 1270
f 1271 1272 1263
f 1271 1263 1261
f 1273 703 1270
f 1274 1264 1265
f 1274 1265 1275
f 1274 1275 1276
f 1277 1279 1278
f 1277 1278 1272
f 1277 1272 1271
f 1280 1274 1276
f 1280 1276 1281
f 1282 1279 1277
f 1282 1283 1279
f 1284 1281 1285
f 1284 1285 1286
f 1284 1280 1281
f 1287 1283 1282
f 1287 1289 1288
f 1287 1288 1283
f 1290 1284 1286
f 1290 1286 1291
f 1290 1291 1292
f 702 1273 1293
f 702 1293 1294
f 702 1294 1295
f 702 1295 1296
f 702 1296 1297
f 702 703 1273
f 1298 1289 1287
f 1298 1300 1299
f 1298 1299 1289
f 1301 1290 1292
f 1301 1292 1302
f 1303 1300 1298
f 1304 1301 1302
f 1304 1302 1305
f 1304 1305 1306
f 701 1297 1307
f 701 1307 1308
f 701 1308 1309
f 701 1309 1310
f 701 702 1297
f 700 1310 1311
f 700 1311 1312
f 700 1312 1313
f 700 1313 1314
f 700 701 1310
f 1315 1317 1316
f 1318 1315 1316
f 1318 1316 1319
f 1320 1317 1315
f 1320 1321 1317
f 1322 1318 1319
f 1322 1319 1323
f 1324 1321 1320
f 1324 1325 1321
f 1326 1322 1323
f 1326 1323 1327
f 1328 1325 1324
f 1328 1330 1329
f 1328 1329 1325
f 1331 1327 1332
f 1331 1326 1327
f 1333 1330 1328
f 1333 1334 1330
f 1335 1331 1332
f 1335 1332 1336
f 1337 1338 1334
f 1337 1334 1333
f 1339 1335 1336
f 1339 1336 1300
f 1339 1300 1303
f 1340 1338 1337
f 1340 1341 1338
f 1342 1339 1303
f 1343 1341 1340
f 1343 1344 1341
f 1345 1342 1303
f 1345 1303 1346
f 1347 1348 1344
f 1347 1344 1343
f 1349 1346 1350
f 1349 1345 1346
f 1351 1352 1348
f 1351 1348 1347
f 1353 1349 1350
f 1354 1355 1352
f 1354 1352 1351
f 699 1314 1356
f 699 1356 1357
f 699 1357 1358
f 699 700 1314
f 1359 1353 1350
f 1359 1350 1360
f 1361 1363 1362
f 1361 1362 1355
f 1361 1355 1354
f 1364 1359 1360
f 1365 1363 1361
f 1365 1366 1363
f 1367 1360 1368
f 1367 1364 1360
f 1369 1366 1365
f 1369 1370 1366
f 1371 1367 1368
f 1371 1368 1372
f 1373 1374 1370
f 1373 1370 1369
f 1375 1371 1372
f 1376 1377 1374
f 1376 1374 1373
f 1378 1372 1379
f 1378 1375 1372
f 1380 1381 1377
f 1380 1377 1376
f 1382 1378 1379
f 1383 1384 1381
f 1383 1381 1380
f 1385 1382 1379
f 1385 1379 1386
f 1387 1389 1388
f 1387 1388 1384
f 1387 1384 1383
f 1390 1386 1391
f 1390 1385 1386
f 1392 1393 1389
f 1392 1389 1387
f 1394 1390 1391
f 1395 1393 1392
f 1395 1396 1393
f 1397 1394 1391
f 1397 1391 1398
f 1399 1400 1396
f 1399 1396 1395
f 1401 1397 1398
f 1402 1400 1399
f 1402 1403 1400
f 1404 1401 1398
f 1404 1398 1405
f 1406 1407 1403
f 1406 1403 1402
f 1408 753 754
f 1409 1408 754
f 1410 753 1408
f 1411 754 755
f 1411 1409 754
f 1412 752 753
f 1412 753 1410
f 1413 1411 755
f 1414 752 1412
f 1415 1413 755
f 1416 1404 1405
f 1417 752 1414
f 1417 751 752
f 1417 1167 751
f 1417 1418 1167
f 1419 755 756
f 1419 1415 755
f 1420 1418 1417
f 1420 1421 1418
f 1422 1419 756
f 1423 1421 1420
f 1423 1424 1421
f 1425 1358 1407
f 1425 699 1358
f 1425 698 699
f 1425 1407 1406
f 1426 1422 756
f 1427 1428 1424
f 1427 1424 1423
f 1429 1426 756
f 1430 1416 1405
f 1430 1405 1431
f 1432 1306 1428
f 1432 1428 1427
f 1433 756 757
f 1433 1429 756
f 1434 1435 1304
f 1434 1306 1432
f 1434 1304 1306
f 1436 698 1425
f 1437 1433 757
f 1438 1435 1434
f 1439 1431 1440
f 1439 1430 1431
f 1441 1437 757
f 1442 1435 1438
f 1442 1443 1435
f 1444 1441 757
f 1445 698 1436
f 1446 1447 1443
f 1446 1443 1442
f 1448 757 758
f 1448 1444 757
f 1449 1439 1440
f 1450 1447 1446
f 1451 1448 758
f 1452 698 1445
f 1453 1454 1447
f 1453 1447 1450
f 1455 1449 1440
f 1455 1440 1456
f 1457 1451 758
f 1458 1454 1453
f 1459 1457 758
f 1460 1461 1454
f 1460 1454 1458
f 1462 1455 1456
f 1463 758 759
f 1463 1459 758
f 697 1452 1464
f 697 698 1452
f 1465 1466 1461
f 1465 1461 1460
f 1467 697 1464
f 1468 1463 759
f 1469 1462 1456
f 1469 1456 1470
f 1471 1466 1465
f 1472 1468 759
f 1473 697 1467
f 1474 1475 1466
f 1474 1466 1471
f 1476 1469 1470
f 1477 1472 759
f 1478 1479 1475
f 1478 1475 1474
f 1480 1477 759
f 1481 1476 1470
f 1481 1470 1482
f 1483 1479 1478
f 1484 1480 759
f 1485 1479 1483
f 1485 1486 1479
f 1487 1481 1482
f 760 1484 759
f 1488 1484 760
f 1489 1486 1485
f 1490 1488 760
f 1491 1487 1482
f 1491 1482 1492
f 1493 1494 1486
f 1493 1486 1489
f 1495 1490 760
f 1496 1491 1492
f 1496 1492 1497
f 1498 1495 760
f 1499 1496 1497
f 1500 1498 760
f 696 1473 1501
f 696 1501 1502
f 696 1502 1503
f 696 697 1473
f 1504 1499 1497
f 1504 1497 1505
f 1506 1500 760
f 1507 1504 1505
f 1508 1507 1505
f 1508 1505 1509
f 1510 1508 1509
f 1510 1509 1511
f 761 1513 1512
f 761 1512 1514
f 761 1514 1515
f 761 1515 1506
f 761 1506 760
f 1516 1510 1511
f 1517 1513 761
f 1518 1516 1511
f 1518 1511 1519
f 1520 1517 761
f 1521 1518 1519
f 1522 1521 1519
f 1522 1519 1523
f 1524 1522 1523
f 1524 1523 1525
f 695 1503 1526
f 695 1526 1527
f 695 1527 1528
f 695 696 1503
f 1529 1524 1525
f 1530 1529 1525
f 673 1520 761
f 673 1532 1531
f 673 1531 1533
f 673 1533 1534
f 673 1534 1535
f 673 1535 1536
f 673 1536 1520
f 694 1528 1537
f 694 1537 1538
f 694 1538 1539
f 694 1539 1540
f 694 695 1528
f 1541 1543 1542
f 1544 1541 1542
f 1545 1543 1541
f 1546 1542 1547
f 1546 1544 1542
f 1548 1549 1543
f 1548 1543 1545
f 1550 1546 1547
f 1550 1547 1494
f 1551 1549 1548
f 1551 1552 1549
f 1553 1550 1494
f 1554 1552 1551
f 1555 1494 1493
f 1555 1493 1556
f 1555 1553 1494
f 1557 1558 1552
f 1557 1552 1554
f 1559 1555 1556
f 1559 1556 1560
f 1561 1558 1557
f 1562 1559 1560
f 1562 1560 1563
f 1564 1565 1558
f 1564 1558 1561
f 1566 1562 1563
f 1566 1563 1567
f 1568 1569 1565
f 1568 1565 1564
f 1570 1566 1567
f 1570 1567 1571
f 1572 1569 1568
f 1573 1570 1571
f 1573 1571 1574
f 1575 1576 1569
f 1575 1569 1572
f 1577 1573 1574
f 1577 1574 1578
f 1579 1576 1575
f 1580 1577 1578
f 1580 1578 1581
f 672 1583 1582
f 672 1582 1584
f 672 1584 1585
f 672 1585 1586
f 672 1586 1587
f 672 1587 1532
f 672 1532 673
f 1588 1589 1576
f 1588 1576 1579
f 1590 1580 1581
f 1590 1581 1591
f 1592 1589 1588
f 1593 1590 1591
f 1593 1591 1594
f 1593 1594 1595
f 1596 1597 1589
f 1596 1589 1592
f 1598 1595 1599
f 1598 1593 1595
f 1600 1597 1596
f 1601 1599 1602
f 1601 1598 1599
f 1603 1604 1597
f 1603 1597 1600
f 1605 1601 1602
f 1605 1602 1606
f 1607 1608 1604
f 1607 1604 1603
f 693 694 1540
f 693 1540 1609
f 693 1609 1610
f 693 1610 1611
f 1612 1606 1613
f 1612 1605 1606
f 1614 1608 1607
f 1615 1613 1616
f 1615 1612 1613
f 1617 1618 1608
f 1617 1608 1614
f 1619 1616 1620
f 1619 1615 1616
f 1621 1618 1617
f 1622 1619 1620
f 1622 1620 1623
f 1624 1625 1618
f 1624 1618 1621
f 762 1583 672
f 762 1627 1626
f 762 1626 1628
f 762 1628 1629
f 762 1629 1630
f 762 1630 1631
f 762 1631 1583
f 1632 1623 1633
f 1632 1633 1634
f 1632 1622 1623
f 1635 1625 1624
f 1636 1634 1637
f 1636 1632 1634
f 1638 1639 1625
f 1638 1625 1635
f 1640 1637 1641
f 1640 1636 1637
f 1642 1643 1639
f 1642 1639 1638
f 1644 1641 1645
f 1644 1640 1641
f 1646 1643 1642
f 692 1611 1647
f 692 1647 1648
f 692 1648 1649
f 692 693 1611
f 1650 1645 1651
f 1650 1644 1645
f 1652 1643 1646
f 1652 1653 1643
f 1654 1650 1651
f 1654 1651 1655
f 1656 1653 1652
f 1657 1655 1658
f 1657 1654 1655
f 1659 1653 1656
f 1659 1660 1653
f 1661 1658 1662
f 1661 1662 1663
f 1661 1657 1658
f 763 1665 1664
f 763 1664 1666
f 763 1627 762
f 763 1666 1667
f 763 1667 1668
f 763 1668 1627
f 1669 1660 1659
f 1669 1670 1660
f 1671 1663 1672
f 1671 1661 1663
f 1673 1670 1669
f 1674 1672 1675
f 1674 1671 1672
f 1676 1670 1673
f 1676 1677 1670
f 1678 1675 1679
f 1678 1674 1675
f 1680 1677 1676
f 691 1649 1681
f 691 1681 1682
f 691 1682 1683
f 691 692 1649
f 1684 1679 1685
f 1684 1678 1679
f 1686 1677 1680
f 1686 1687 1677
f 1688 1684 1685
f 1688 1685 1689
f 1690 1687 1686
f 1690 1691 1687
f 1692 1689 1693
f 1692 1688 1689
f 1694 1691 1690
f 764 1665 763
f 764 1696 1695
f 764 1695 1697
f 764 1697 1698
f 764 1698 1665
f 1699 1691 1694
f 1700 1702 1701
f 1703 1700 1701
f 1703 1701 1704
f 1705 1702 1700
f 1706 1703 1704
f 1706 1704 1707
f 1708 1702 1705
f 1708 1709 1702
f 1710 1706 1707
f 1710 1707 1711
f 1712 1709 1708
f 1712 1713 1709
f 1714 1710 1711
f 1714 1711 1715
f 1716 1713 1712
f 1716 1717 1713
f 1718 1714 1715
f 1718 1715 1719
f 1720 1717 1716
f 1720 1721 1717
f 1722 1718 1719
f 1722 1719 1723
f 1724 1721 1720
f 1724 1725 1721
f 1726 1722 1723
f 1726 1723 1727
f 1728 1725 1724
f 1728 1729 1725
f 1730 1726 1727
f 690 691 1683
f 1731 1732 1729
f 1731 1729 1728
f 1733 1730 1727
f 1733 1727 1734
f 1735 1732 1731
f 1736 1733 1734
f 1736 1734 1737
f 1738 1739 1732
f 1738 1732 1735
f 1740 1736 1737
f 1740 1737 1741
f 1742 1743 1739
f 1742 1739 1738
f 1744 1740 1741
f 1744 1741 1745
f 1746 1743 1742
f 1746 1747 1743
f 1748 1744 1745
f 1748 1745 1749
f 1750 1751 1747
f 1750 1747 1746
f 1752 1748 1749
f 1752 1749 1753
f 1754 1755 1751
f 1754 1751 1750
f 1756 1752 1753
f 1756 1753 1757
f 1758 1755 1754
f 1758 1683 1755
f 765 1760 1759
f 765 1696 764
f 765 1759 1761
f 765 1761 1762
f 765 1762 1696
f 1763 1756 1757
f 1763 1757 1764
f 1765 1683 1758
f 1765 690 1683
f 1766 1763 1764
f 1766 1764 1530
f 1767 690 1765
f 1768 1530 1525
f 1768 1766 1530
f 1768 1525 1769
f 1770 690 1767
f 1771 1768 1769
f 1772 690 1770
f 1773 1771 1769
f 1773 1769 1774
f 689 690 1772
f 689 1772 1775
f 1776 1773 1774
f 1777 689 1775
f 1778 1774 1779
f 1778 1776 1774
f 1780 689 1777
f 1781 1778 1779
f 1781 1779 1782
f 1783 689 1780
f 1784 1781 1782
f 1785 1782 1786
f 1785 1784 1782
f 766 1692 1693
f 766 1693 1787
f 766 1787 1788
f 766 1788 1760
f 766 1760 765
f 1789 1786 1790
f 1789 1785 1786
f 1791 1789 1790
f 1792 1791 1790
f 1792 1790 1793
f 1794 1792 1793
f 688 689 1783
f 688 1783 1795
f 688 1795 1796
f 688 1796 1797
f 688 1797 1798
f 1799 1794 1793
f 1799 1793 1800
f 1801 1799 1800
f 1801 1800 1802
f 1803 1801 1802
f 1804 1803 1802
f 767 1806 1805
f 767 1805 1807
f 767 1807 1692
f 767 1692 766
f 687 688 1798
f 687 1798 1808
f 687 1808 1809
f 687 1809 1810
f 687 1810 1811
f 687 1811 1812
f 768 1806 767
f 768 1814 1813
f 768 1813 1815
f 768 1815 1806
f 686 687 1812
f 686 1812 1816
f 686 1816 1817
f 686 1817 1818
f 686 1818 1819
f 686 1819 1820
f 686 1820 1821
f 769 1823 1822
f 769 1822 1824
f 769 1824 1814
f 769 1814 768
f 1825 1827 1826
f 1828 1826 1829
f 1828 1825 1826
f 1830 1831 1827
f 1830 1827 1825
f 1832 1829 1833
f 1832 1828 1829
f 1834 1835 1831
f 1834 1831 1830
f 1836 1832 1833
f 1837 1838 1835
f 1837 1835 1834
f 1839 1833 1840
f 1839 1836 1833
f 1841 1842 1838
f 1841 1838 1837
f 1843 1840 1844
f 1843 1839 1840
f 1845 1846 1842
f 1845 1842 1841
f 1847 1844 1848
f 1847 1843 1844
f 669 686 1821
f 669 1821 1849
f 669 1849 1850
f 669 1850 1851
f 669 1851 1852
f 669 1852 1853
f 669 1853 1854
f 1855 1699 1846
f 1855 1846 1845
f 1856 1848 1857
f 1856 1847 1848
f 1858 1691 1699
f 1858 1699 1855
f 1858 1859 1691
f 1860 1856 1857
f 1860 1857 1861
f 1862 1859 1858
f 1863 1860 1861
f 1863 1861 1864
f 1865 1859 1862
f 1865 1866 1859
f 1867 1863 1864
f 1867 1864 1868
f 1869 1866 1865
f 1870 1867 1868
f 1870 1868 1871
f 1872 1866 1869
f 1872 1873 1866
f 1874 1870 1871
f 1875 1873 1872
f 1875 1876 1873
f 1877 1871 1878
f 1877 1874 1871
f 1879 1876 1875
f 770 1881 1880
f 770 1880 1882
f 770 1882 1823
f 770 1823 769
f 1883 1878 1884
f 1883 1877 1878
f 1885 1876 1879
f 1885 1886 1876
f 1887 1883 1884
f 1887 1884 1888
f 1889 1886 1885
f 1889 1890 1886
f 1891 1888 1892
f 1891 1887 1888
f 1893 1890 1889
f 1894 1892 1895
f 1894 1891 1892
f 1896 1897 1890
f 1896 1890 1893
f 1898 1894 1895
f 1898 1895 1899
f 685 669 1854
f 685 1854 1900
f 685 1900 1901
f 685 1901 1902
f 685 1902 1903
f 685 1903 1904
f 685 1904 1905
f 1906 1897 1896
f 1907 1899 1908
f 1907 1898 1899
f 1909 1897 1906
f 1909 1910 1897
f 1911 1907 1908
f 1912 1913 1910
f 1912 1910 1909
f 1914 1911 1908
f 1914 1908 1915
f 1916 1913 1912
f 1917 1915 1918
f 1917 1914 1915
f 771 1920 1919
f 771 1919 1921
f 771 1921 1922
f 771 1922 1881
f 771 1881 770
f 1923 1804 1802
f 1923 1802 1913
f 1923 1913 1916
f 1924 1918 1925
f 1924 1917 1918
f 1926 1804 1923
f 1926 1927 1804
f 1928 1925 1929
f 1928 1924 1925
f 1930 1927 1926
f 1930 1931 1927
f 1932 1929 1933
f 1932 1928 1929
f 1934 1931 1930
f 1934 1935 1931
f 668 685 1905
f 668 1905 1936
f 668 1936 1937
f 668 1937 1938
f 668 1938 1939
f 668 1939 1940
f 668 1940 1941
f 1942 1933 1943
f 1942 1932 1933
f 1944 1935 1934
f 1944 1945 1935
f 1946 1942 1943
f 1947 1945 1944
f 1947 1948 1945
f 772 1950 1949
f 772 1949 1951
f 772 1951 1920
f 772 1920 771
f 798 1953 1952
f 798 1952 1954
f 798 1954 1955
f 798 668 1941
f 798 1941 1956
f 798 1956 1957
f 798 1957 1953
f 773 1950 772
f 773 1959 1958
f 773 1958 1960
f 773 1960 1950
f 797 1955 1961
f 797 1961 1962
f 797 1962 1963
f 797 1963 1964
f 797 1964 1965
f 797 798 1955
f 774 1943 1966
f 774 1966 1967
f 774 1967 1959
f 774 1959 773
f 796 1965 1968
f 796 1968 1969
f 796 1969 1970
f 796 1970 1971
f 796 797 1965
f 775 1973 1972
f 775 1972 1974
f 775 1974 1946
f 775 1943 774
f 775 1946 1943
f 795 1971 1975
f 795 1975 1976
f 795 1976 1977
f 795 1977 1978
f 795 796 1971
f 776 1980 1979
f 776 1979 1981
f 776 1981 1982
f 776 1982 1973
f 776 1973 775
f 794 1978 1983
f 794 795 1978
f 794 1983 1984
f 794 1984 1985
f 794 1985 1986
f 777 1980 776
f 777 1988 1987
f 777 1987 1989
f 777 1989 1990
f 777 1990 1980
f 793 1986 1991
f 793 1991 1992
f 793 1992 1993
f 793 794 1986
f 778 1995 1994
f 778 1994 1996
f 778 1996 1997
f 778 1997 1998
f 778 1998 1988
f 778 1988 777
f 792 793 1993
f 792 1993 1999
f 792 1999 2000
f 779 2002 2001
f 779 2001 2003
f 779 2003 2004
f 779 2004 2005
f 779 2005 2006
f 779 2006 1995
f 779 1995 778
f 791 2000 2007
f 791 2007 2008
f 791 792 2000
f 665 2010 2009
f 665 2002 779
f 665 2009 2011
f 665 2011 2012
f 665 2012 2013
f 665 2013 2014
f 665 2014 2002
f 790 791 2008
f 790 2008 2015
f 790 2015 1948
f 780 2017 2016
f 780 2016 2018
f 780 2018 2019
f 780 2019 2020
f 780 2020 2021
f 780 2021 2010
f 780 2010 665
f 789 1948 1947
f 789 790 1948
f 789 1947 2022
f 789 2022 2023
f 664 2025 2024
f 664 2024 2026
f 664 2026 2027
f 664 2027 2028
f 664 2028 2017
f 664 2017 780
f 664 2029 2025
f 788 789 2023
f 788 2023 2030
f 788 2030 2031
f 781 2029 664
f 781 2033 2032
f 781 2032 2034
f 781 2034 2035
f 781 2035 2036
f 781 2036 2037
f 781 2037 2029
f 787 788 2031
f 787 2031 2038
f 787 2038 2039
f 782 2041 2040
f 782 2040 2042
f 782 2042 2043
f 782 2043 2044
f 782 2044 2033
f 782 2033 781
f 786 787 2039
f 786 2039 2045
f 786 2045 2046
f 786 2046 2047
f 783 2041 782
f 783 2049 2048
f 783 2048 2050
f 783 2050 2051
f 783 2051 2041
f 785 786 2047
f 785 2047 2052
f 785 2052 2053
f 785 2053 2054
f 785 2054 2055
f 784 785 2055
f 784 2049 783
f 784 2055 2056
f 784 2056 2057
f 784 2057 2058
f 784 2058 2049
f 2059 2060 1903
f 1902 2059 1903
f 2060 2061 1904
f 1903 2060 1904
f 2061 2062 1905
f 1904 2061 1905
f 2062 2063 1936
f 1905 2062 1936
f 2063 2064 1937
f 1936 2063 1937
f 2064 2065 1938
f 1937 2064 1938
f 2065 2066 1939
f 1938 2065 1939
f 2066 2067 1940
f 1939 2066 1940
f 2067 2068 1941
f 1940 2067 1941
f 2068 2069 1956
f 1941 2068 1956
f 2069 2070 1957
f 1956 2069 1957
f 2070 2071 1953
f 1957 2070 1953
f 2071 2072 1952
f 1953 2071 1952
f 2072 2073 1954
f 1952 2072 1954
f 2073 2074 1955
f 1954 2073 1955
f 2074 2075 1961
f 1955 2074 1961
f 2075 2076 1962
f 1961 2075 1962
f 2076 2077 1963
f 1962 2076 1963
f 1963 2077 1964
f 2077 2078 1964
f 1964 2078 1965
f 2078 2079 1965
f 1965 2079 1968
f 2079 2080 1968
f 1968 2080 1969
f 2080 2081 1969
f 2081 2082 1970
f 1969 2081 1970
f 2082 2083 1971
f 1970 2082 1971
f 2083 2084 1975
f 1971 2083 1975
f 2084 2085 1976
f 1975 2084 1976
f 2085 2086 1977
f 1976 2085 1977
f 2086 2087 1978
f 1977 2086 1978
f 2087 2088 1983
f 1978 2087 1983
f 2088 2089 1984
f 1983 2088 1984
f 2089 2090 1985
f 1984 2089 1985
f 2090 2091 1986
f 1985 2090 1986
f 2091 2092 1991
f 1986 2091 1991
f 2092 2093 1992
f 1991 2092 1992
f 2093 2094 1993
f 1992 2093 1993
f 2094 2095 1999
f 1993 2094 1999
f 2095 2096 2000
f 1999 2095 2000
f 2096 2097 2007
f 2000 2096 2007
f 2097 2098 2008
f 2007 2097 2008
f 2098 2099 2015
f 2008 2098 2015
f 2099 2100 1948
f 2015 2099 1948
f 2100 2101 1945
f 1948 2100 1945
f 1945 2101 1935
f 2101 2102 1935
f 1935 2102 1931
f 2102 2103 1931
f 1931 2103 1927
f 2103 2104 1927
f 1927 2104 1804
f 2104 2105 1804
f 1804 2105 1803
f 2105 2106 1803
f 1803 2106 1801
f 2106 2107 1801
f 1801 2107 1799
f 2107 2108 1799
f 1799 2108 1794
f 2108 2109 1794
f 1794 2109 1792
f 2109 2110 1792
f 1792 2110 1791
f 2110 2111 1791
f 1791 2111 1789
f 2111 2112 1789
f 1789 2112 1785
f 2112 2113 1785
f 1785 2113 1784
f 2113 2114 1784
f 2114 2115 1781
f 1784 2114 1781
f 2115 2116 1778
f 1781 2115 1778
f 2116 2117 1776
f 1778 2116 1776
f 2117 2118 1773
f 1776 2117 1773
f 2118 2119 1771
f 1773 2118 1771
f 2119 2120 1768
f 1771 2119 1768
f 2120 2121 1766
f 1768 2120 1766
f 2121 2122 1763
f 1766 2121 1763
f 2123 2125 2124
f 2126 2127 2123
f 2128 2130 2129
f 2131 2132 2126
f 2131 2133 2132
f 2131 2123 2124
f 2131 2126 2123
f 2134 2128 2135
f 2134 2136 2130
f 2134 2124 2136
f 2134 2130 2128
f 2134 2131 2124
f 2137 2138 2131
f 2139 2134 2140
f 2141 2134 2139
f 2142 2143 2137
f 2142 2137 2131
f 2144 2134 2141
f 2145 2144 2146
f 2147 2149 2148
f 2147 2150 2149
f 2151 2152 2147
f 2119 2153 2122
f 2119 2154 2153
f 2119 2145 2154
f 2119 2121 2120
f 2119 2122 2121
f 2119 2144 2145
f 2155 2156 2151
f 2157 2158 2155
f 2116 2118 2117
f 2116 2119 2118
f 2159 2157 2155
f 2160 2161 2159
f 2112 2119 2116
f 2112 2114 2113
f 2112 2115 2114
f 2112 2116 2115
f 2112 2134 2144
f 2112 2144 2119
f 2162 2160 2159
f 2162 2163 2160
f 2162 2164 2163
f 2162 2159 2155
f 2110 2112 2111
f 2165 2155 2151
f 2165 2162 2155
f 2109 2112 2110
f 2166 2165 2151
f 2166 2167 2142
f 2166 2148 2167
f 2166 2147 2148
f 2166 2151 2147
f 2108 2112 2109
f 2105 2107 2106
f 2168 2169 2166
f 2168 2170 2169
f 2168 2171 2170
f 2103 2105 2104
f 2172 2173 2168
f 2172 2168 2166
f 2102 2108 2107
f 2102 2107 2105
f 2102 2105 2103
f 2174 2172 2166
f 2175 2174 2166
f 2099 2101 2100
f 2099 2102 2101
f 2099 2134 2112
f 2099 2112 2108
f 2099 2108 2102
f 2176 2177 2175
f 2178 2176 2175
f 2097 2099 2098
f 2096 2099 2097
f 2179 2181 2180
f 2179 2182 2181
f 2093 2095 2094
f 2093 2096 2095
f 2183 2180 2178
f 2183 2179 2180
f 2092 2096 2093
f 2092 2099 2096
f 2060 2184 2183
f 2060 2059 2184
f 2061 2183 2178
f 2061 2060 2183
f 2061 2178 2175
f 2088 2090 2089
f 2088 2091 2090
f 2063 2062 2061
f 2086 2091 2088
f 2086 2088 2087
f 2065 2064 2063
f 2084 2099 2092
f 2084 2061 2175
f 2084 2091 2086
f 2084 2063 2061
f 2084 2166 2142
f 2084 2131 2134
f 2084 2175 2166
f 2084 2142 2131
f 2084 2134 2099
f 2084 2086 2085
f 2084 2092 2091
f 2082 2084 2083
f 2068 2065 2063
f 2068 2066 2065
f 2068 2067 2066
f 2070 2068 2063
f 2070 2069 2068
f 2079 2081 2080
f 2078 2084 2082
f 2078 2081 2079
f 2078 2082 2081
f 2072 2071 2070
f 2076 2078 2077
f 2075 2063 2084
f 2075 2070 2063
f 2075 2078 2076
f 2075 2084 2078
f 2075 2072 2070
f 2075 2073 2072
f 2075 2074 2073
f 2185 2187 2186
f 2188 2190 2189
f 2188 2186 2190
f 2191 2185 2186
f 2191 2186 2188
f 2192 2193 2185
f 2192 2194 2193
f 2192 2195 2194
f 2196 2191 2197
f 2198 2200 2199
f 2201 2196 2202
f 2201 2191 2196
f 2201 2185 2191
f 2203 2199 2192
f 2203 2204 2198
f 2203 2198 2199
f 2205 2201 2206
f 2207 2208 2203
f 2209 2205 2210
f 2209 2201 2205
f 2211 2213 2212
f 2211 2209 2213
f 2214 2216 2215
f 2214 2217 2216
f 2214 2218 2217
f 2219 2215 2207
f 2219 2220 2214
f 2219 2207 2203
f 2219 2214 2215
f 2221 2223 2222
f 2221 2224 2223
f 2221 2225 2224
f 2221 2211 2225
f 2221 2201 2209
f 2221 2209 2211
f 2226 2227 2219
f 2226 2228 2227
f 2229 2221 2230
f 2231 2226 2219
f 2231 2232 2226
f 2233 2229 2234
f 2235 2229 2233
f 2236 2221 2229
f 2236 2229 2235
f 2237 2238 2231
f 2237 2239 2238
f 2240 2221 2236
f 2241 2237 2231
f 2241 2242 2237
f 2243 2240 2244
f 2245 2240 2243
f 2246 2241 2231
f 2246 2247 2241
f 2246 2248 2247
f 2249 2245 2250
f 2249 2221 2240
f 2249 2240 2245
f 2251 2252 2246
f 2251 2253 2252
f 2254 2256 2255
f 2254 2257 2256
f 2258 2260 2259
f 2261 2259 2251
f 2261 2258 2259
f 2262 2246 2231
f 2262 2261 2251
f 2262 2251 2246
f 2263 2265 2264
f 2263 2254 2265
f 2263 2266 2257
f 2263 2249 2266
f 2263 2257 2254
f 2267 2268 2262
f 2269 2201 2221
f 2269 2263 2270
f 2269 2249 2263
f 2269 2221 2249
f 2271 2269 2272
f 2273 2274 2267
f 2273 2275 2274
f 2276 2269 2271
f 2277 2279 2278
f 2277 2276 2279
f 2280 2282 2281
f 2280 2283 2282
f 2284 2276 2277
f 2285 2284 2286
f 2287 2289 2288
f 2290 2287 2288
f 2291 2290 2288
f 2292 2284 2285
f 2292 2276 2284
f 2292 2192 2185
f 2292 2185 2201
f 2292 2203 2192
f 2292 2269 2276
f 2292 2294 2293
f 2292 2285 2294
f 2292 2201 2269
f 2295 2292 2296
f 2297 2298 2291
f 2297 2299 2298
f 2300 2297 2291
f 2301 2203 2292
f 2301 2219 2203
f 2301 2273 2267
f 2301 2231 2219
f 2301 2280 2281
f 2301 2292 2295
f 2301 2281 2273
f 2301 2288 2280
f 2301 2262 2231
f 2301 2295 2302
f 2301 2267 2262
f 2303 2300 2291
f 2304 2301 2305
f 2306 2303 2291
f 2306 2291 2288
f 2306 2307 2303
f 2306 2308 2307
f 2309 2288 2301
f 2309 2301 2304
f 2309 2306 2288
f 2309 2304 2310
f 2311 2313 2312
f 2314 2316 2315
f 2317 2319 2318
f 2320 2312 2316
f 2320 2311 2312
f 2320 2316 2314
f 2321 2318 2311
f 2321 2317 2318
f 2322 2320 2323
f 2324 2326 2325
f 2327 2322 2328
f 2327 2320 2322
f 2327 2311 2320
f 2329 2325 2321
f 2329 2324 2325
f 2330 2321 2311
f 2330 2329 2321
f 2331 2327 2332
f 2333 2334 2330
f 2335 2331 2336
f 2335 2327 2331
f 2337 2333 2330
f 2338 2340 2339
f 2338 2335 2340
f 2341 2342 2337
f 2341 2343 2342
f 2341 2344 2343
f 2345 2346 2341
f 2345 2337 2330
f 2345 2341 2337
f 2347 2349 2348
f 2347 2350 2349
f 2347 2351 2350
f 2347 2338 2351
f 2347 2327 2335
f 2347 2335 2338
f 2352 2353 2345
f 2354 2347 2355
f 2356 2358 2357
f 2359 2354 2360
f 2361 2352 2345
f 2361 2356 2357
f 2361 2357 2352
f 2361 2362 2356
f 2363 2359 2364
f 2365 2354 2359
f 2365 2359 2363
f 2366 2367 2361
f 2368 2361 2345
f 2368 2366 2361
f 2369 2371 2370
f 2369 2365 2371
f 2372 2368 2345
f 2372 2373 2368
f 2372 2374 2373
f 2375 2365 2369
f 2375 2369 2376
f 2375 2347 2354
f 2375 2354 2365
f 2377 2375 2378
f 2379 2380 2372
f 2379 2381 2380
f 2382 2379 2372
f 2383 2385 2384
f 2383 2377 2385
f 2383 2375 2377
f 2386 2387 2382
f 2386 2382 2372
f 2388 2386 2372
f 2389 2391 2390
f 2389 2383 2391
f 2392 2389 2393
f 2392 2347 2375
f 2392 2311 2327
f 2392 2383 2389
f 2392 2375 2383
f 2392 2327 2347
f 2394 2396 2395
f 2394 2397 2396
f 2398 2392 2399
f 2400 2394 2395
f 2400 2401 2394
f 2402 2392 2398
f 2403 2405 2404
f 2406 2408 2407
f 2406 2402 2408
f 2409 2403 2404
f 2410 2409 2404
f 2411 2413 2412
f 2414 2415 2410
f 2416 2402 2406
f 2416 2413 2411
f 2416 2330 2311
f 2416 2311 2392
f 2416 2406 2413
f 2416 2392 2402
f 2417 2418 2414
f 2419 2330 2416
f 2419 2416 2420
f 2419 2345 2330
f 2421 2414 2410
f 2421 2417 2414
f 2422 2419 2423
f 2424 2421 2410
f 2424 2425 2421
f 2426 2419 2422
f 2426 2422 2427
f 2428 2429 2424
f 2430 2410 2404
f 2430 2424 2410
f 2430 2428 2424
f 2431 2433 2432
f 2431 2426 2433
f 2434 2435 2430
f 2436 2345 2419
f 2436 2372 2345
f 2436 2419 2426
f 2436 2395 2388
f 2436 2404 2400
f 2436 2426 2431
f 2436 2430 2404
f 2436 2434 2430
f 2436 2388 2372
f 2436 2400 2395
f 2437 2439 2438
f 2440 2442 2441
f 2443 2444 2437
f 2443 2445 2444
f 2443 2446 2445
f 2443 2447 2446
f 2443 2437 2438
f 2448 2440 2449
f 2448 2450 2442
f 2448 2438 2450
f 2448 2442 2440
f 2448 2443 2438
f 2451 2452 2443
f 2453 2448 2454
f 2455 2448 2453
f 2456 2457 2451
f 2458 2448 2455
f 2459 2461 2460
f 2459 2458 2461
f 2462 2463 2456
f 2462 2464 2463
f 2462 2465 2464
f 2462 2466 2465
f 2462 2467 2466
f 2462 2468 2467
f 2469 2471 2470
f 2469 2459 2471
f 2469 2473 2472
f 2469 2470 2473
f 2469 2458 2459
f 2474 2475 2462
f 2474 2476 2475
f 2477 2469 2478
f 2479 2469 2477
f 2480 2482 2481
f 2483 2480 2481
f 2484 2458 2469
f 2484 2486 2485
f 2484 2487 2486
f 2484 2479 2487
f 2484 2448 2458
f 2484 2469 2479
f 2488 2483 2481
f 2488 2481 2489
f 2490 2488 2489
f 2490 2489 2474
f 2491 2492 2490
f 2493 2495 2494
f 2493 2496 2495
f 2493 2484 2496
f 2497 2499 2498
f 2497 2493 2499
f 2500 2474 2462
f 2500 2491 2490
f 2500 2490 2474
f 2500 2501 2491
f 2500 2502 2501
f 2500 2503 2502
f 2500 2504 2503
f 2500 2456 2451
f 2500 2451 2443
f 2500 2462 2456
f 2505 2507 2506
f 2508 2509 2500
f 2510 2508 2500
f 2511 2505 2512
f 2511 2507 2505
f 2513 2497 2507
f 2513 2448 2484
f 2513 2484 2493
f 2513 2493 2497
f 2513 2507 2511
f 2514 2515 2510
f 2516 2514 2510
f 2517 2510 2500
f 2517 2516 2510
f 2518 2520 2519
f 2518 2521 2520
f 2518 2513 2521
f 2522 2523 2517
f 2522 2524 2523
f 2522 2517 2500
f 2525 2527 2526
f 2525 2528 2527
f 2529 2525 2526
f 2530 2532 2531
f 2530 2533 2532
f 2534 2529 2526
f 2534 2526 2522
f 2534 2535 2529
f 2536 2533 2530
f 2536 2530 2537
f 2538 2533 2536
f 2538 2536 2539
f 2538 2540 2533
f 2538 2541 2540
f 2542 2544 2543
f 2545 2542 2543
f 2545 2543 2534
f 2546 2541 2538
f 2546 2538 2547
f 2546 2548 2541
f 2546 2518 2548
f 2549 2545 2534
f 2550 2546 2551
f 2552 2553 2549
f 2554 2550 2555
f 2556 2534 2522
f 2556 2549 2534
f 2556 2552 2549
f 2556 2557 2552
f 2558 2550 2554
f 2559 2550 2558
f 2560 2561 2556
f 2562 2522 2500
f 2562 2500 2443
f 2562 2518 2546
f 2562 2546 2550
f 2562 2443 2448
f 2562 2550 2559
f 2562 2556 2522
f 2562 2448 2513
f 2562 2513 2518
f 2562 2560 2556
f 2563 2565 2564
f 2566 2567 2565
f 2566 2568 2567
f 2566 2569 2568
f 2570 2571 2566
f 2572 2574 2573
f 2572 2575 2574
f 2572 2576 2575
f 2572 2563 2576
f 2577 2578 2570
f 2577 2570 2566
f 2579 2581 2580
f 2579 2572 2581
f 2582 2583 2577
f 2584 2582 2577
f 2585 2586 2584
f 2587 2589 2588
f 2587 2590 2589
f 2591 2592 2585
f 2593 2595 2594
f 2593 2587 2595
f 2593 2579 2590
f 2593 2590 2587
f 2596 2597 2591
f 2596 2566 2565
f 2596 2577 2566
f 2596 2585 2584
f 2596 2584 2577
f 2596 2591 2585
f 2598 2593 2599
f 2600 2601 2596
f 2602 2600 2596
f 2603 2593 2598
f 2603 2598 2604
f 2605 2602 2596
f 2605 2606 2602
f 2607 2609 2608
f 2610 2609 2607
f 2610 2603 2609
f 2611 2605 2596
f 2611 2612 2605
f 2611 2613 2612
f 2614 2610 2615
f 2616 2617 2611
f 2618 2614 2619
f 2618 2610 2614
f 2620 2621 2616
f 2622 2620 2616
f 2622 2616 2611
f 2622 2623 2620
f 2624 2626 2625
f 2627 2626 2624
f 2628 2618 2626
f 2628 2603 2610
f 2628 2610 2618
f 2628 2626 2627
f 2629 2630 2622
f 2629 2631 2630
f 2629 2632 2631
f 2633 2628 2634
f 2635 2629 2622
f 2636 2633 2637
f 2636 2628 2633
f 2638 2611 2596
f 2638 2565 2563
f 2638 2563 2572
f 2638 2622 2611
f 2638 2639 2635
f 2638 2635 2622
f 2638 2596 2565
f 2640 2642 2641
f 2640 2636 2642
f 2643 2645 2644
f 2646 2636 2640
f 2647 2644 2638
f 2647 2643 2644
f 2648 2647 2638
f 2649 2646 2650
f 2651 2652 2648
f 2651 2653 2652
f 2654 2646 2649
f 2654 2656 2655
f 2654 2649 2656
f 2657 2651 2648
f 2658 2660 2659
f 2658 2661 2660
f 2658 2654 2661
f 2662 2663 2657
f 2662 2664 2663
f 2662 2665 2664
f 2666 2657 2648
f 2666 2662 2657
f 2667 2658 2668
f 2669 2658 2667
f 2670 2671 2666
f 2672 2654 2658
f 2672 2658 2669
f 2672 2674 2673
f 2672 2669 2674
f 2675 2670 2666
f 2675 2638 2572
f 2675 2666 2648
f 2675 2572 2579
f 2675 2676 2670
f 2675 2677 2676
f 2675 2579 2593
f 2675 2648 2638
f 2678 2646 2654
f 2678 2654 2672
f 2678 2680 2679
f 2678 2672 2680
f 2681 2682 2675
f 2681 2683 2682
f 2684 2678 2685
f 2686 2603 2628
f 2686 2675 2593
f 2686 2628 2636
f 2686 2681 2675
f 2686 2646 2678
f 2686 2678 2684
f 2686 2687 2681
f 2686 2688 2687
f 2686 2636 2646
f 2686 2593 2603
f 2689 2691 2690
f 2692 2693 2691
f 2694 2695 2692
f 2696 2697 2694
f 2698 2700 2699
f 2698 2701 2700
f 2698 2702 2701
f 2698 2689 2702
f 2703 2704 2696
f 2705 2696 2694
f 2705 2703 2696
f 2706 2708 2707
f 2706 2698 2708
f 2706 2691 2689
f 2706 2689 2698
f 2709 2710 2705
f 2711 2712 2709
f 2711 2709 2705
f 2713 2715 2714
f 2713 2716 2715
f 2717 2718 2711
f 2719 2717 2711
f 2720 2722 2721
f 2720 2713 2722
f 2720 2706 2716
f 2720 2716 2713
f 2723 2692 2691
f 2723 2694 2692
f 2723 2705 2694
f 2723 2711 2705
f 2723 2719 2711
f 2724 2720 2725
f 2726 2727 2723
f 2728 2726 2723
f 2729 2724 2730
f 2731 2733 2732
f 2734 2736 2735
f 2737 2731 2732
f 2737 2732 2738
f 2737 2739 2731
f 2740 2728 2723
f 2740 2737 2738
f 2740 2738 2728
f 2741 2743 2742
f 2744 2740 2723
f 2744 2745 2740
f 2746 2741 2747
f 2746 2736 2734
f 2746 2734 2743
f 2746 2743 2741
f 2748 2749 2744
f 2750 2748 2744
f 2751 2753 2752
f 2751 2746 2753
f 2754 2750 2744
f 2755 2746 2751
f 2756 2744 2723
f 2756 2757 2754
f 2756 2754 2744
f 2758 2760 2759
f 2758 2761 2760
f 2758 2755 2761
f 2758 2762 2736
f 2758 2729 2762
f 2758 2736 2746
f 2758 2746 2755
f 2763 2764 2756
f 2763 2765 2764
f 2766 2767 2763
f 2768 2766 2763
f 2769 2771 2770
f 2769 2772 2771
f 2769 2758 2772
f 2769 2729 2758
f 2773 2774 2768
f 2773 2756 2723
f 2773 2723 2691
f 2773 2763 2756
f 2773 2768 2763
f 2775 2777 2776
f 2775 2769 2777
f 2778 2779 2773
f 2780 2775 2781
f 2782 2783 2778
f 2782 2778 2773
f 2784 2780 2785
f 2786 2787 2782
f 2788 2780 2784
f 2788 2769 2775
f 2788 2775 2780
f 2788 2784 2789
f 2790 2720 2724
f 2790 2782 2773
f 2790 2786 2782
f 2790 2791 2786
f 2790 2792 2791
f 2790 2691 2706
f 2790 2724 2729
f 2790 2706 2720
f 2790 2773 2691
f 2793 2788 2794
f 2795 2793 2796
f 2797 2799 2798
f 2800 2795 2801
f 2802 2797 2798
f 2802 2803 2790
f 2802 2798 2803
f 2804 2788 2793
f 2804 2793 2795
f 2804 2795 2800
f 2804 2800 2805
f 2806 2807 2802
f 2808 2788 2804
f 2809 2806 2802
f 2809 2802 2790
f 2810 2769 2788
f 2810 2790 2729
f 2810 2809 2790
f 2810 2729 2769
f 2810 2788 2808
f 2810 2811 2809
f 2810 2812 2811
f 2810 2814 2813
f 2810 2808 2814
f 2122 2153 1756
f 1763 2122 1756
f 2153 2154 1752
f 1756 2153 1752
f 2154 2145 1748
f 1752 2154 1748
f 2145 2146 1744
f 1748 2145 1744
f 2146 2144 1740
f 1744 2146 1740
f 2144 2141 1736
f 1740 2144 1736
f 2141 2139 1733
f 1736 2141 1733
f 2139 2140 1730
f 1733 2139 1730
f 2140 2134 1726
f 1730 2140 1726
f 2134 2135 1722
f 1726 2134 1722
f 2135 2128 1718
f 1722 2135 1718
f 2128 2129 1714
f 1718 2128 1714
f 2129 2130 1710
f 1714 2129 1710
f 2130 2136 1706
f 1710 2130 1706
f 2136 2124 1703
f 1706 2136 1703
f 2124 2125 1700
f 1703 2124 1700
f 2125 2123 1705
f 1700 2125 1705
f 2123 2127 1708
f 1705 2123 1708
f 1708 2127 1712
f 2127 2126 1712
f 1712 2126 1716
f 2126 2132 1716
f 1716 2132 1720
f 2132 2133 1720
f 1720 2133 1724
f 2133 2131 1724
f 2131 2138 1728
f 1724 2131 1728
f 2138 2137 1731
f 1728 2138 1731
f 2137 2143 1735
f 1731 2137 1735
f 2143 2142 1738
f 1735 2143 1738
f 2142 2167 1742
f 1738 2142 1742
f 2167 2148 1746
f 1742 2167 1746
f 2148 2149 1750
f 1746 2148 1750
f 2149 2150 1754
f 1750 2149 1754
f 2150 2147 1758
f 1754 2150 1758
f 2147 2152 1765
f 1758 2147 1765
f 2152 2151 1767
f 1765 2152 1767
f 2151 2156 1770
f 1767 2151 1770
f 2156 2155 1772
f 1770 2156 1772
f 2155 2158 1775
f 1772 2155 1775
f 2158 2157 1777
f 1775 2158 1777
f 2157 2159 1780
f 1777 2157 1780
f 2159 2161 1783
f 1780 2159 1783
f 2161 2160 1795
f 1783 2161 1795
f 2160 2163 1796
f 1795 2160 1796
f 2163 2164 1797
f 1796 2163 1797
f 1797 2164 1798
f 2164 2162 1798
f 1798 2162 1808
f 2162 2165 1808
f 1808 2165 1809
f 2165 2166 1809
f 1809 2166 1810
f 2166 2169 1810
f 1810 2169 1811
f 2169 2170 1811
f 1811 2170 1812
f 2170 2171 1812
f 1812 2171 1816
f 2171 2168 1816
f 1816 2168 1817
f 2168 2173 1817
f 1817 2173 1818
f 2173 2172 1818
f 1818 2172 1819
f 2172 2174 1819
f 1819 2174 1820
f 2174 2175 1820
f 1820 2175 1821
f 2175 2177 1821
f 1821 2177 1849
f 2177 2176 1849
f 2176 2178 1850
f 1849 2176 1850
f 2178 2180 1851
f 1850 2178 1851
f 2180 2181 1852
f 1851 2180 1852
f 2181 2182 1853
f 1852 2181 1853
f 2182 2179 1854
f 1853 2182 1854
f 2179 2183 1900
f 1854 2179 1900
f 2183 2184 1901
f 1900 2183 1901
f 2184 2059 1902
f 1901 2184 1902
f 2282 2283 1307
f 2283 2280 1308
f 1307 2283 1308
f 2280 2288 1309
f 1308 2280 1309
f 2288 2289 1310
f 1309 2288 1310
f 2289 2287 1311
f 1310 2289 1311
f 2287 2290 1312
f 1311 2287 1312
f 2290 2291 1313
f 1312 2290 1313
f 2291 2298 1314
f 1313 2291 1314
f 2298 2299 1356
f 1314 2298 1356
f 2299 2297 1357
f 1356 2299 1357
f 2297 2300 1358
f 1357 2297 1358
f 2300 2303 1407
f 1358 2300 1407
f 2303 2307 1403
f 1407 2303 1403
f 2307 2308 1400
f 1403 2307 1400
f 2308 2306 1396
f 1400 2308 1396
f 2306 2309 1393
f 1396 2306 1393
f 2309 2310 1389
f 1393 2309 1389
f 2310 2304 1388
f 1389 2310 1388
f 1388 2304 1384
f 2304 2305 1384
f 1384 2305 1381
f 2305 2301 1381
f 1381 2301 1377
f 2301 2302 1377
f 1377 2302 1374
f 2302 2295 1374
f 1374 2295 1370
f 2295 2296 1370
f 2296 2292 1366
f 1370 2296 1366
f 2292 2293 1363
f 1366 2292 1363
f 2293 2294 1362
f 1363 2293 1362
f 2294 2285 1355
f 1362 2294 1355
f 2285 2286 1352
f 1355 2285 1352
f 2286 2284 1348
f 1352 2286 1348
f 2284 2277 1344
f 1348 2284 1344
f 2277 2278 1341
f 1344 2277 1341
f 2278 2279 1338
f 1341 2278 1338
f 2279 2276 1334
f 1338 2279 1334
f 2276 2271 1330
f 1334 2276 1330
f 2271 2272 1329
f 1330 2271 1329
f 2272 2269 1325
f 1329 2272 1325
f 2269 2270 1321
f 1325 2269 1321
f 2270 2263 1317
f 1321 2270 1317
f 2263 2264 1316
f 1317 2263 1316
f 2264 2265 1319
f 1316 2264 1319
f 2265 2254 1323
f 1319 2265 1323
f 2254 2255 1327
f 1323 2254 1327
f 2255 2256 1332
f 1327 2255 1332
f 1332 2256 1336
f 2256 2257 1336
f 1336 2257 1300
f 2257 2266 1300
f 1300 2266 1299
f 2266 2249 1299
f 1299 2249 1289
f 2249 2250 1289
f 1289 2250 1288
f 2250 2245 1288
f 1288 2245 1283
f 2245 2243 1283
f 1283 2243 1279
f 2243 2244 1279
f 1279 2244 1278
f 2244 2240 1278
f 1278 2240 1272
f 2240 2236 1272
f 1272 2236 1263
f 2236 2235 1263
f 1263 2235 1262
f 2235 2233 1262
f 1262 2233 1257
f 2233 2234 1257
f 1257 2234 1256
f 2234 2229 1256
f 2229 2230 1249
f 1256 2229 1249
f 2230 2221 1243
f 1249 2230 1243
f 2221 2222 1242
f 1243 2221 1242
f 2222 2223 1194
f 1242 2222 1194
f 2223 2224 1190
f 1194 2223 1190
f 2224 2225 1183
f 1190 2224 1183
f 2225 2211 1175
f 1183 2225 1175
f 1175 2211 1168
f 2211 2212 1168
f 2212 2213 1159
f 1168 2212 1159
f 2213 2209 1154
f 1159 2213 1154
f 2209 2210 1148
f 1154 2209 1148
f 2210 2205 1140
f 1148 2210 1140
f 2205 2206 1130
f 1140 2205 1130
f 2206 2201 1116
f 1130 2206 1116
f 2201 2202 1114
f 1116 2201 1114
f 2202 2196 1112
f 1114 2202 1112
f 2196 2197 1110
f 1112 2196 1110
f 2197 2191 1108
f 1110 2197 1108
f 2191 2188 1106
f 1108 2191 1106
f 2188 2189 1104
f 1106 2188 1104
f 2189 2190 1102
f 1104 2189 1102
f 2190 2186 1100
f 1102 2190 1100
f 2186 2187 1097
f 1100 2186 1097
f 2187 2185 1098
f 1097 2187 1098
f 2185 2193 1099
f 1098 2185 1099
f 1099 2193 1101
f 2193 2194 1101
f 1101 2194 1103
f 2194 2195 1103
f 1103 2195 1105
f 2195 2192 1105
f 1105 2192 1107
f 2192 2199 1107
f 1107 2199 1109
f 2199 2200 1109
f 2200 2198 1111
f 1109 2200 1111
f 2198 2204 1113
f 1111 2198 1113
f 2204 2203 1115
f 1113 2204 1115
f 2203 2208 1117
f 1115 2203 1117
f 2208 2207 1133
f 1117 2208 1133
f 2207 2215 1144
f 1133 2207 1144
f 2215 2216 1151
f 1144 2215 1151
f 2216 2217 1155
f 1151 2216 1155
f 2217 2218 1162
f 1155 2217 1162
f 2218 2214 1174
f 1162 2218 1174
f 2214 2220 1179
f 1174 2214 1179
f 2220 2219 1186
f 1179 2220 1186
f 2219 2227 1193
f 1186 2219 1193
f 2227 2228 1198
f 1193 2227 1198
f 2228 2226 1202
f 1198 2228 1202
f 2226 2232 1206
f 1202 2226 1206
f 2232 2231 1212
f 1206 2232 1212
f 2231 2238 1216
f 1212 2231 1216
f 2238 2239 1219
f 1216 2238 1219
f 2239 2237 1223
f 1219 2239 1223
f 1223 2237 1227
f 2237 2242 1227
f 1227 2242 1230
f 2242 2241 1230
f 1230 2241 1234
f 2241 2247 1234
f 1234 2247 1239
f 2247 2248 1239
f 1239 2248 1240
f 2248 2246 1240
f 1240 2246 1244
f 2246 2252 1244
f 1244 2252 1247
f 2252 2253 1247
f 1247 2253 1250
f 2253 2251 1250
f 1250 2251 1254
f 2251 2259 1254
f 1254 2259 1266
f 2259 2260 1266
f 1266 2260 1267
f 2260 2258 1267
f 1267 2258 1268
f 2258 2261 1268
f 1268 2261 1269
f 2261 2262 1269
f 2262 2268 1270
f 1269 2262 1270
f 2268 2267 1273
f 1270 2268 1273
f 2267 2274 1293
f 1273 2267 1293
f 2274 2275 1294
f 1293 2274 1294
f 2275 2273 1295
f 1294 2275 1295
f 2273 2281 1296
f 1295 2273 1296
f 2281 2282 1297
f 1296 2281 1297
f 1297 2282 1307
f 2405 2403 1169
f 2403 2409 1170
f 1169 2403 1170
f 2409 2410 1184
f 1170 2409 1184
f 2410 2415 1185
f 1184 2410 1185
f 2415 2414 1195
f 1185 2415 1195
f 2414 2418 1236
f 1195 2414 1236
f 2418 2417 1229
f 1236 2418 1229
f 2417 2421 1222
f 1229 2417 1222
f 2421 2425 1221
f 1222 2421 1221
f 2425 2424 1215
f 1221 2425 1215
f 2424 2429 1214
f 1215 2424 1214
f 2429 2428 1208
f 1214 2429 1208
f 2428 2430 1201
f 1208 2428 1201
f 2430 2435 1200
f 1201 2430 1200
f 2435 2434 1192
f 1200 2435 1192
f 2434 2436 1182
f 1192 2434 1182
f 2436 2431 1181
f 1182 2436 1181
f 2431 2432 1173
f 1181 2431 1173
f 1173 2432 1172
f 2432 2433 1172
f 1172 2433 1056
f 2433 2426 1056
f 1056 2426 1050
f 2426 2427 1050
f 1050 2427 1045
f 2427 2422 1045
f 1045 2422 1039
f 2422 2423 1039
f 2423 2419 1034
f 1039 2423 1034
f 2419 2420 1028
f 1034 2419 1028
f 2420 2416 1023
f 1028 2420 1023
f 2416 2411 1017
f 1023 2416 1017
f 2411 2412 1012
f 1017 2411 1012
f 2412 2413 1006
f 1012 2412 1006
f 2413 2406 1005
f 1006 2413 1005
f 2406 2407 1000
f 1005 2406 1000
f 2407 2408 993
f 1000 2407 993
f 2408 2402 987
f 993 2408 987
f 2402 2398 983
f 987 2402 983
f 2398 2399 976
f 983 2398 976
f 2399 2392 970
f 976 2399 970
f 2392 2393 965
f 970 2392 965
f 2393 2389 958
f 965 2393 958
f 2389 2390 957
f 958 2389 957
f 2390 2391 952
f 957 2390 952
f 2391 2383 946
f 952 2391 946
f 2383 2384 940
f 946 2383 940
f 2384 2385 933
f 940 2384 933
f 933 2385 925
f 2385 2377 925
f 925 2377 915
f 2377 2378 915
f 915 2378 906
f 2378 2375 906
f 906 2375 905
f 2375 2376 905
f 905 2376 902
f 2376 2369 902
f 902 2369 899
f 2369 2370 899
f 899 2370 896
f 2370 2371 896
f 896 2371 893
f 2371 2365 893
f 893 2365 890
f 2365 2363 890
f 890 2363 887
f 2363 2364 887
f 887 2364 850
f 2364 2359 850
f 850 2359 848
f 2359 2360 848
f 848 2360 846
f 2360 2354 846
f 2354 2355 844
f 846 2354 844
f 2355 2347 842
f 844 2355 842
f 2347 2348 840
f 842 2347 840
f 2348 2349 838
f 840 2348 838
f 2349 2350 836
f 838 2349 836
f 2350 2351 834
f 836 2350 834
f 2351 2338 832
f 834 2351 832
f 832 2338 830
f 2338 2339 830
f 2339 2340 828
f 830 2339 828
f 2340 2335 826
f 828 2340 826
f 2335 2336 824
f 826 2335 824
f 2336 2331 822
f 824 2336 822
f 2331 2332 820
f 822 2331 820
f 2332 2327 818
f 820 2332 818
f 2327 2328 816
f 818 2327 816
f 2328 2322 814
f 816 2328 814
f 2322 2323 812
f 814 2322 812
f 2323 2320 810
f 812 2323 810
f 2320 2314 808
f 810 2320 808
f 2314 2315 806
f 808 2314 806
f 2315 2316 804
f 806 2315 804
f 2316 2312 802
f 804 2316 802
f 2312 2313 799
f 802 2312 799
f 2313 2311 800
f 799 2313 800
f 2311 2318 801
f 800 2311 801
f 801 2318 803
f 2318 2319 803
f 803 2319 805
f 2319 2317 805
f 805 2317 807
f 2317 2321 807
f 807 2321 809
f 2321 2325 809
f 809 2325 811
f 2325 2326 811
f 2326 2324 813
f 811 2326 813
f 2324 2329 815
f 813 2324 815
f 2329 2330 817
f 815 2329 817
f 2330 2334 819
f 817 2330 819
f 2334 2333 821
f 819 2334 821
f 2333 2337 823
f 821 2333 823
f 2337 2342 825
f 823 2337 825
f 2342 2343 827
f 825 2342 827
f 2343 2344 829
f 827 2343 829
f 2344 2341 831
f 829 2344 831
f 2341 2346 833
f 831 2341 833
f 2346 2345 835
f 833 2346 835
f 2345 2353 837
f 835 2345 837
f 2353 2352 839
f 837 2353 839
f 2352 2357 841
f 839 2352 841
f 2357 2358 843
f 841 2357 843
f 2358 2356 845
f 843 2358 845
f 2356 2362 847
f 845 2356 847
f 2362 2361 849
f 847 2362 849
f 2361 2367 851
f 849 2361 851
f 851 2367 852
f 2367 2366 852
f 852 2366 853
f 2366 2368 853
f 853 2368 854
f 2368 2373 854
f 854 2373 855
f 2373 2374 855
f 855 2374 856
f 2374 2372 856
f 856 2372 857
f 2372 2380 857
f 857 2380 858
f 2380 2381 858
f 858 2381 859
f 2381 2379 859
f 859 2379 860
f 2379 2382 860
f 860 2382 861
f 2382 2387 861
f 861 2387 862
f 2387 2386 862
f 862 2386 863
f 2386 2388 863
f 863 2388 864
f 2388 2395 864
f 2395 2396 865
f 864 2395 865
f 2396 2397 866
f 865 2396 866
f 2397 2394 867
f 866 2397 867
f 2394 2401 868
f 867 2394 868
f 2401 2400 869
f 868 2401 869
f 2400 2404 870
f 869 2400 870
f 2404 2405 878
f 870 2404 878
f 878 2405 1169
f 2528 2525 1083
f 1081 2528 1083
f 2525 2529 1085
f 1083 2525 1085
f 2529 2535 1252
f 1085 2529 1252
f 2535 2534 1253
f 1252 2535 1253
f 2534 2543 1259
f 1253 2534 1259
f 2543 2544 1260
f 1259 2543 1260
f 2544 2542 1265
f 1260 2544 1265
f 2542 2545 1275
f 1265 2542 1275
f 2545 2549 1276
f 1275 2545 1276
f 2549 2553 1281
f 1276 2549 1281
f 2553 2552 1285
f 1281 2553 1285
f 2552 2557 1286
f 1285 2552 1286
f 2557 2556 1291
f 1286 2557 1291
f 2556 2561 1292
f 1291 2556 1292
f 2561 2560 1302
f 1292 2561 1302
f 2560 2562 1305
f 1302 2560 1305
f 2562 2559 1306
f 1305 2562 1306
f 2559 2558 1428
f 1306 2559 1428
f 1428 2558 1424
f 2558 2554 1424
f 1424 2554 1421
f 2554 2555 1421
f 1421 2555 1418
f 2555 2550 1418
f 1418 2550 1167
f 2550 2551 1167
f 2551 2546 1166
f 1167 2551 1166
f 2546 2547 1096
f 1166 2546 1096
f 2547 2538 1095
f 1096 2547 1095
f 2538 2539 1094
f 1095 2538 1094
f 2539 2536 1093
f 1094 2539 1093
f 2536 2537 1091
f 1093 2536 1091
f 2537 2530 1090
f 1091 2537 1090
f 2530 2531 1092
f 1090 2530 1092
f 2531 2532 1087
f 1092 2531 1087
f 2532 2533 1086
f 1087 2532 1086
f 2533 2540 1088
f 1086 2533 1088
f 2540 2541 1089
f 1088 2540 1089
f 2541 2548 1073
f 1089 2541 1073
f 2548 2518 1070
f 1073 2548 1070
f 2518 2519 1067
f 1070 2518 1067
f 2519 2520 1066
f 1067 2519 1066
f 2520 2521 1060
f 1066 2520 1060
f 2521 2513 1059
f 1060 2521 1059
f 2513 2511 1054
f 1059 2513 1054
f 2511 2512 1051
f 1054 2511 1051
f 1051 2512 1046
f 2512 2505 1046
f 1046 2505 1041
f 2505 2506 1041
f 1041 2506 1037
f 2506 2507 1037
f 1037 2507 1032
f 2507 2497 1032
f 1032 2497 1029
f 2497 2498 1029
f 1029 2498 1024
f 2498 2499 1024
f 1024 2499 1019
f 2499 2493 1019
f 1019 2493 1015
f 2493 2494 1015
f 1015 2494 1010
f 2494 2495 1010
f 1010 2495 1007
f 2495 2496 1007
f 1007 2496 1001
f 2496 2484 1001
f 1001 2484 996
f 2484 2485 996
f 996 2485 991
f 2485 2486 991
f 2486 2487 988
f 991 2486 988
f 2487 2479 984
f 988 2487 984
f 2479 2477 979
f 984 2479 979
f 2477 2478 974
f 979 2477 974
f 2478 2469 971
f 974 2478 971
f 2469 2472 966
f 971 2469 966
f 2472 2473 961
f 966 2472 961
f 2473 2470 955
f 961 2473 955
f 2470 2471 953
f 955 2470 953
f 2471 2459 949
f 953 2471 949
f 2459 2460 947
f 949 2459 947
f 2460 2461 942
f 947 2460 942
f 2461 2458 938
f 942 2461 938
f 2458 2455 935
f 938 2458 935
f 2455 2453 931
f 935 2455 931
f 2453 2454 928
f 931 2453 928
f 2454 2448 926
f 928 2454 926
f 2448 2449 922
f 926 2448 922
f 2449 2440 919
f 922 2449 919
f 2440 2441 917
f 919 2440 917
f 2441 2442 913
f 917 2441 913
f 2442 2450 911
f 913 2442 911
f 2450 2438 908
f 911 2450 908
f 2438 2439 909
f 908 2438 909
f 2439 2437 910
f 909 2439 910
f 2437 2444 912
f 910 2437 912
f 912 2444 916
f 2444 2445 916
f 916 2445 918
f 2445 2446 918
f 918 2446 921
f 2446 2447 921
f 921 2447 923
f 2447 2443 923
f 2443 2452 927
f 923 2443 927
f 2452 2451 930
f 927 2452 930
f 2451 2457 934
f 930 2451 934
f 2457 2456 937
f 934 2457 937
f 2456 2463 941
f 937 2456 941
f 2463 2464 944
f 941 2463 944
f 2464 2465 948
f 944 2464 948
f 2465 2466 950
f 948 2465 950
f 2466 2467 954
f 950 2466 954
f 2467 2468 959
f 954 2467 959
f 2468 2462 962
f 959 2468 962
f 2462 2475 967
f 962 2462 967
f 2475 2476 972
f 967 2475 972
f 2476 2474 977
f 972 2476 977
f 2474 2489 980
f 977 2474 980
f 2489 2481 985
f 980 2489 985
f 2481 2482 989
f 985 2481 989
f 2482 2480 994
f 989 2482 994
f 2480 2483 997
f 994 2480 997
f 2483 2488 1002
f 997 2483 1002
f 1002 2488 1008
f 2488 2490 1008
f 1008 2490 1013
f 2490 2492 1013
f 1013 2492 1018
f 2492 2491 1018
f 1018 2491 1021
f 2491 2501 1021
f 1021 2501 1025
f 2501 2502 1025
f 1025 2502 1030
f 2502 2503 1030
f 1030 2503 1035
f 2503 2504 1035
f 1035 2504 1040
f 2504 2500 1040
f 1040 2500 1043
f 2500 2509 1043
f 1043 2509 1048
f 2509 2508 1048
f 1048 2508 1053
f 2508 2510 1053
f 1053 2510 1058
f 2510 2515 1058
f 1058 2515 1062
f 2515 2514 1062
f 2514 2516 1063
f 1062 2514 1063
f 2516 2517 1065
f 1063 2516 1065
f 2517 2523 1069
f 1065 2517 1069
f 2523 2524 1072
f 1069 2523 1072
f 2524 2522 1075
f 1072 2524 1075
f 2522 2526 1077
f 1075 2522 1077
f 2526 2527 1079
f 1077 2526 1079
f 2527 2528 1081
f 1079 2527 1081
f 2657 2663 2041
f 2051 2657 2041
f 2663 2664 2040
f 2041 2663 2040
f 2664 2665 2042
f 2040 2664 2042
f 2665 2662 2043
f 2042 2665 2043
f 2662 2666 2044
f 2043 2662 2044
f 2666 2671 2033
f 2044 2666 2033
f 2671 2670 2032
f 2033 2671 2032
f 2670 2676 2034
f 2032 2670 2034
f 2676 2677 2035
f 2034 2676 2035
f 2677 2675 2036
f 2035 2677 2036
f 2675 2682 2037
f 2036 2675 2037
f 2682 2683 2029
f 2037 2682 2029
f 2683 2681 2025
f 2029 2683 2025
f 2681 2687 2024
f 2025 2681 2024
f 2687 2688 2026
f 2024 2687 2026
f 2688 2686 2027
f 2026 2688 2027
f 2686 2684 2028
f 2027 2686 2028
f 2684 2685 2017
f 2028 2684 2017
f 2017 2685 2016
f 2685 2678 2016
f 2016 2678 2018
f 2678 2679 2018
f 2018 2679 2019
f 2679 2680 2019
f 2019 2680 2020
f 2680 2672 2020
f 2672 2673 2021
f 2020 2672 2021
f 2673 2674 2010
f 2021 2673 2010
f 2674 2669 2009
f 2010 2674 2009
f 2669 2667 2011
f 2009 2669 2011
f 2667 2668 2012
f 2011 2667 2012
f 2668 2658 2013
f 2012 2668 2013
f 2658 2659 2014
f 2013 2658 2014
f 2659 2660 2002
f 2014 2659 2002
f 2660 2661 2001
f 2002 2660 2001
f 2661 2654 2003
f 2001 2661 2003
f 2654 2655 2004
f 2003 2654 2004
f 2655 2656 2005
f 2004 2655 2005
f 2656 2649 2006
f 2005 2656 2006
f 2649 2650 1995
f 2006 2649 1995
f 2650 2646 1994
f 1995 2650 1994
f 2646 2640 1996
f 1994 2646 1996
f 2640 2641 1997
f 1996 2640 1997
f 2641 2642 1998
f 1997 2641 1998
f 2642 2636 1988
f 1998 2642 1988
f 2636 2637 1987
f 1988 2636 1987
f 1987 2637 1989
f 2637 2633 1989
f 1989 2633 1990
f 2633 2634 1990
f 1990 2634 1980
f 2634 2628 1980
f 1980 2628 1979
f 2628 2627 1979
f 1979 2627 1981
f 2627 2624 1981
f 1981 2624 1982
f 2624 2625 1982
f 1982 2625 1973
f 2625 2626 1973
f 1973 2626 1972
f 2626 2618 1972
f 1972 2618 1974
f 2618 2619 1974
f 1974 2619 1946
f 2619 2614 1946
f 1946 2614 1942
f 2614 2615 1942
f 1942 2615 1932
f 2615 2610 1932
f 1932 2610 1928
f 2610 2607 1928
f 2607 2608 1924
f 1928 2607 1924
f 2608 2609 1917
f 1924 2608 1917
f 2609 2603 1914
f 1917 2609 1914
f 2603 2604 1911
f 1914 2603 1911
f 2604 2598 1907
f 1911 2604 1907
f 2598 2599 1898
f 1907 2598 1898
f 2599 2593 1894
f 1898 2599 1894
f 2593 2594 1891
f 1894 2593 1891
f 2594 2595 1887
f 1891 2594 1887
f 2595 2587 1883
f 1887 2595 1883
f 2587 2588 1877
f 1883 2587 1877
f 2588 2589 1874
f 1877 2588 1874
f 2589 2590 1870
f 1874 2589 1870
f 2590 2579 1867
f 1870 2590 1867
f 2579 2580 1863
f 1867 2579 1863
f 2580 2581 1860
f 1863 2580 1860
f 2581 2572 1856
f 1860 2581 1856
f 2572 2573 1847
f 1856 2572 1847
f 2573 2574 1843
f 1847 2573 1843
f 2574 2575 1839
f 1843 2574 1839
f 2575 2576 1836
f 1839 2575 1836
f 2576 2563 1832
f 1836 2576 1832
f 2563 2564 1828
f 1832 2563 1828
f 2564 2565 1825
f 1828 2564 1825
f 2565 2567 1830
f 1825 2565 1830
f 2567 2568 1834
f 1830 2567 1834
f 1834 2568 1837
f 2568 2569 1837
f 1837 2569 1841
f 2569 2566 1841
f 1841 2566 1845
f 2566 2571 1845
f 1845 2571 1855
f 2571 2570 1855
f 2570 2578 1858
f 1855 2570 1858
f 2578 2577 1862
f 1858 2578 1862
f 2577 2583 1865
f 1862 2577 1865
f 2583 2582 1869
f 1865 2583 1869
f 2582 2584 1872
f 1869 2582 1872
f 2584 2586 1875
f 1872 2584 1875
f 2586 2585 1879
f 1875 2586 1879
f 2585 2592 1885
f 1879 2585 1885
f 2592 2591 1889
f 1885 2592 1889
f 2591 2597 1893
f 1889 2591 1893
f 2597 2596 1896
f 1893 2597 1896
f 2596 2601 1906
f 1896 2596 1906
f 2601 2600 1909
f 1906 2601 1909
f 2600 2602 1912
f 1909 2600 1912
f 2602 2606 1916
f 1912 2602 1916
f 2606 2605 1923
f 1916 2606 1923
f 2605 2612 1926
f 1923 2605 1926
f 2612 2613 1930
f 1926 2612 1930
f 2613 2611 1934
f 1930 2613 1934
f 2611 2617 1944
f 1934 2611 1944
f 1944 2617 1947
f 2617 2616 1947
f 1947 2616 2022
f 2616 2621 2022
f 2022 2621 2023
f 2621 2620 2023
f 2023 2620 2030
f 2620 2623 2030
f 2030 2623 2031
f 2623 2622 2031
f 2031 2622 2038
f 2622 2630 2038
f 2038 2630 2039
f 2630 2631 2039
f 2039 2631 2045
f 2631 2632 2045
f 2045 2632 2046
f 2632 2629 2046
f 2046 2629 2047
f 2629 2635 2047
f 2047 2635 2052
f 2635 2639 2052
f 2052 2639 2053
f 2639 2638 2053
f 2053 2638 2054
f 2638 2644 2054
f 2644 2645 2055
f 2054 2644 2055
f 2645 2643 2056
f 2055 2645 2056
f 2643 2647 2057
f 2056 2643 2057
f 2647 2648 2058
f 2057 2647 2058
f 2648 2652 2049
f 2058 2648 2049
f 2652 2653 2048
f 2049 2652 2048
f 2653 2651 2050
f 2048 2653 2050
f 2651 2657 2051
f 2050 2651 2051
f 2782 2787 1651
f 1645 2782 1651
f 2787 2786 1655
f 1651 2787 1655
f 2786 2791 1658
f 1655 2786 1658
f 2791 2792 1662
f 1658 2791 1662
f 2792 2790 1663
f 1662 2792 1663
f 2790 2803 1672
f 1663 2790 1672
f 2803 2798 1675
f 1672 2803 1675
f 2798 2799 1679
f 1675 2798 1679
f 2799 2797 1685
f 1679 2799 1685
f 2797 2802 1689
f 1685 2797 1689
f 2802 2807 1693
f 1689 2802 1693
f 2807 2806 1787
f 1693 2807 1787
f 2806 2809 1788
f 1787 2806 1788
f 2809 2811 1760
f 1788 2809 1760
f 2811 2812 1759
f 1760 2811 1759
f 2812 2810 1761
f 1759 2812 1761
f 2810 2813 1762
f 1761 2810 1762
f 2813 2814 1696
f 1762 2813 1696
f 1696 2814 1695
f 2814 2808 1695
f 1695 2808 1697
f 2808 2804 1697
f 1697 2804 1698
f 2804 2805 1698
f 1698 2805 1665
f 2805 2800 1665
f 2800 2801 1664
f 1665 2800 1664
f 2801 2795 1666
f 1664 2801 1666
f 2795 2796 1667
f 1666 2795 1667
f 2796 2793 1668
f 1667 2796 1668
f 2793 2794 1627
f 1668 2793 1627
f 2794 2788 1626
f 1627 2794 1626
f 2788 2789 1628
f 1626 2788 1628
f 2789 2784 1629
f 1628 2789 1629
f 2784 2785 1630
f 1629 2784 1630
f 2785 2780 1631
f 1630 2785 1631
f 2780 2781 1583
f 1631 2780 1583
f 2781 2775 1582
f 1583 2781 1582
f 2775 2776 1584
f 1582 2775 1584
f 2776 2777 1585
f 1584 2776 1585
f 2777 2769 1586
f 1585 2777 1586
f 2769 2770 1587
f 1586 2769 1587
f 2770 2771 1532
f 1587 2770 1532
f 2771 2772 1531
f 1532 2771 1531
f 2772 2758 1533
f 1531 2772 1533
f 2758 2759 1534
f 1533 2758 1534
f 1534 2759 1535
f 2759 2760 1535
f 1535 2760 1536
f 2760 2761 1536
f 1536 2761 1520
f 2761 2755 1520
f 1520 2755 1517
f 2755 2751 1517
f 1517 2751 1513
f 2751 2752 1513
f 1513 2752 1512
f 2752 2753 1512
f 1512 2753 1514
f 2753 2746 1514
f 1514 2746 1515
f 2746 2747 1515
f 1515 2747 1506
f 2747 2741 1506
f 1506 2741 1500
f 2741 2742 1500
f 1500 2742 1498
f 2742 2743 1498
f 1498 2743 1495
f 2743 2734 1495
f 1495 2734 1490
f 2734 2735 1490
f 2735 2736 1488
f 1490 2735 1488
f 2736 2762 1484
f 1488 2736 1484
f 2762 2729 1480
f 1484 2762 1480
f 2729 2730 1477
f 1480 2729 1477
f 2730 2724 1472
f 1477 2730 1472
f 2724 2725 1468
f 1472 2724 1468
f 2725 2720 1463
f 1468 2725 1463
f 2720 2721 1459
f 1463 2720 1459
f 2721 2722 1457
f 1459 2721 1457
f 2722 2713 1451
f 1457 2722 1451
f 2713 2714 1448
f 1451 2713 1448
f 2714 2715 1444
f 1448 2714 1444
f 2715 2716 1441
f 1444 2715 1441
f 2716 2706 1437
f 1441 2716 1437
f 2706 2707 1433
f 1437 2706 1433
f 2707 2708 1429
f 1433 2707 1429
f 2708 2698 1426
f 1429 2708 1426
f 2698 2699 1422
f 1426 2698 1422
f 2699 2700 1419
f 1422 2699 1419
f 2700 2701 1415
f 1419 2700 1415
f 2701 2702 1413
f 1415 2701 1413
f 2702 2689 1411
f 1413 2702 1411
f 2689 2690 1409
f 1411 2689 1409
f 2690 2691 1408
f 1409 2690 1408
f 2691 2693 1410
f 1408 2691 1410
f 2693 2692 1412
f 1410 2693 1412
f 1412 2692 1414
f 2692 2695 1414
f 1414 2695 1417
f 2695 2694 1417
f 1417 2694 1420
f 2694 2697 1420
f 1420 2697 1423
f 2697 2696 1423
f 2696 2704 1427
f 1423 2696 1427
f 2704 2703 1432
f 1427 2704 1432
f 2703 2705 1434
f 1432 2703 1434
f 2705 2710 1438
f 1434 2705 1438
f 2710 2709 1442
f 1438 2710 1442
f 2709 2712 1446
f 1442 2709 1446
f 2712 2711 1450
f 1446 2712 1450
f 2711 2718 1453
f 1450 2711 1453
f 2718 2717 1458
f 1453 2718 1458
f 2717 2719 1460
f 1458 2717 1460
f 2719 2723 1465
f 1460 2719 1465
f 2723 2727 1471
f 1465 2723 1471
f 2727 2726 1474
f 1471 2727 1474
f 2726 2728 1478
f 1474 2726 1478
f 2728 2738 1483
f 1478 2728 1483
f 2738 2732 1485
f 1483 2738 1485
f 2732 2733 1489
f 1485 2732 1489
f 2733 2731 1493
f 1489 2733 1493
f 2731 2739 1556
f 1493 2731 1556
f 2739 2737 1560
f 1556 2739 1560
f 1560 2737 1563
f 2737 2740 1563
f 1563 2740 1567
f 2740 2745 1567
f 1567 2745 1571
f 2745 2744 1571
f 1571 2744 1574
f 2744 2749 1574
f 1574 2749 1578
f 2749 2748 1578
f 1578 2748 1581
f 2748 2750 1581
f 1581 2750 1591
f 2750 2754 1591
f 1591 2754 1594
f 2754 2757 1594
f 1594 2757 1595
f 2757 2756 1595
f 1595 2756 1599
f 2756 2764 1599
f 1599 2764 1602
f 2764 2765 1602
f 1602 2765 1606
f 2765 2763 1606
f 1606 2763 1613
f 2763 2767 1613
f 2767 2766 1616
f 1613 2767 1616
f 2766 2768 1620
f 1616 2766 1620
f 2768 2774 1623
f 1620 2768 1623
f 2774 2773 1633
f 1623 2774 1633
f 2773 2779 1634
f 1633 2773 1634
f 2779 2778 1637
f 1634 2779 1637
f 2778 2783 1641
f 1637 2778 1641
f 2783 2782 1645
f 1641 2783 1645
f 1523 1519 2815
f 1519 1511 2815
f 1511 1509 2815
f 1509 1505 2815
f 1505 1497 2815
f 1497 1492 2815
f 1492 1482 2815
f 1482 1470 2815
f 1470 1456 2815
f 1456 1440 2815
f 1440 1431 2815
f 1431 1405 2815
f 1405 1398 2815
f 1398 1391 2815
f 1391 1386 2815
f 1386 1379 2815
f 1379 1372 2816
f 2815 1379 2816
f 1372 1368 2816
f 1368 1360 2816
f 1360 1350 2816
f 1350 1346 2816
f 1346 1303 2816
f 1303 1298 2816
f 1298 1287 2816
f 1287 1282 2816
f 1282 1277 2816
f 1277 1271 2816
f 1271 1261 2816
f 1261 1255 2816
f 1255 1248 2816
f 1248 1241 2816
f 1241 1235 2816
f 2816 1235 2817
f 1235 1228 2817
f 1228 1220 2817
f 1220 1213 2817
f 1213 1207 2817
f 1207 1199 2817
f 1199 1191 2817
f 1191 1180 2817
f 1180 1171 2817
f 1171 1160 2829
f 2817 1171 2829
f 1160 1152 2829
f 1152 1145 2829
f 1145 1137 2829
f 1137 1131 2829
f 1131 1124 2829
f 1124 1118 2829
f 1118 1122 2829
f 1122 1127 2829
f 1127 1134 2829
f 1134 1141 2829
f 1141 1149 2829
f 1149 1156 2829
f 1156 1163 2829
f 1163 1176 2829
f 1176 1187 2829
f 2829 1187 2818
f 1187 1196 2818
f 1196 1203 2818
f 1203 1209 2818
f 1209 1217 2818
f 1217 1224 2818
f 1224 1231 2818
f 1231 1237 2818
f 1237 1245 2818
f 1245 1251 2818
f 1251 1258 2818
f 1258 1264 2818
f 1264 1274 2818
f 1274 1280 2818
f 1280 1284 2818
f 1284 1290 2818
f 1290 1301 2818
f 1301 1304 2819
f 2818 1301 2819
f 1304 1435 2819
f 1435 1443 2819
f 1443 1447 2819
f 1447 1454 2819
f 1454 1461 2819
f 1461 1466 2819
f 1466 1475 2819
f 1475 1479 2819
f 1479 1486 2819
f 1486 1494 2819
f 1494 1547 2819
f 1547 1542 2819
f 1542 1543 2819
f 1543 1549 2819
f 1549 1552 2819
f 1552 1558 2820
f 2819 1552 2820
f 1558 1565 2820
f 1565 1569 2820
f 1569 1576 2820
f 1576 1589 2820
f 1589 1597 2820
f 1597 1604 2820
f 1604 1608 2820
f 1608 1618 2820
f 1618 1625 2820
f 1625 1639 2820
f 1639 1643 2820
f 1643 1653 2820
f 1653 1660 2820
f 1660 1670 2820
f 1670 1677 2820
f 1677 1687 2821
f 2820 1677 2821
f 1687 1691 2821
f 1691 1859 2821
f 1859 1866 2821
f 1866 1873 2821
f 1873 1876 2821
f 1876 1886 2821
f 1886 1890 2821
f 1890 1897 2821
f 1897 1910 2821
f 1910 1913 2821
f 1913 1802 2821
f 1802 1800 2821
f 1800 1793 2821
f 1793 1790 2821
f 1790 1786 2821
f 2821 1786 2822
f 1786 1782 2822
f 1782 1779 2822
f 1779 1774 2822
f 1774 1769 2822
f 1769 1525 2822
f 1525 1523 2822
f 2822 1523 2815
f 2821 2824 2820
f 2824 2823 2820
f 2824 2821 2822
f 2826 2824 2822
f 2823 2825 2820
f 2826 2822 2815
f 2820 2825 2819
f 2826 2815 463
f 2825 2827 2819
f 2815 2816 463
f 463 2816 2828
f 2819 2827 2818
f 2816 2817 2828
f 545 2827 474
f 474 2827 473
f 473 2827 472
f 472 2827 470
f 470 2827 469
f 469 2827 468
f 468 2827 467
f 467 2827 466
f 466 2827 462
f 462 2827 461
f 461 2827 460
f 460 2827 459
f 459 2827 458
f 458 2827 455
f 455 2827 444
f 444 2827 399
f 2827 2825 399
f 399 2825 396
f 2825 2823 396
f 2823 2824 396
f 396 2824 360
f 360 2824 352
f 352 2824 345
f 345 2824 348
f 348 2824 357
f 357 2824 361
f 361 2824 363
f 363 2824 368
f 368 2824 376
f 376 2824 383
f 383 2824 390
f 390 2824 394
f 394 2824 397
f 2824 2826 398
f 397 2824 398
f 2826 463 398
f 463 2828 464
f 464 2828 521
f 521 2828 524
f 524 2828 529
f 529 2828 535
f 535 2828 540
f 540 2828 543
f 543 2828 554
f 554 2828 557
f 557 2828 561
f 2828 2817 561
f 561 2817 565
f 565 2817 569
f 569 2817 573
f 573 2817 2829
f 2829 2818 545
f 2818 2827 545
f 1378 1382 2830
f 2831 1378 2830
f 1382 1385 2832
f 2830 1382 2832
f 1385 1390 2833
f 2832 1385 2833
f 1390 1394 2834
f 2833 1390 2834
f 1394 1397 2835
f 2834 1394 2835
f 1397 1401 2836
f 2835 1397 2836
f 1401 1404 2837
f 2836 1401 2837
f 1404 1416 2838
f 2837 1404 2838
f 1416 1430 2839
f 2838 1416 2839
f 1430 1439 2840
f 2839 1430 2840
f 1439 1449 2841
f 2840 1439 2841
f 1449 1455 2842
f 2841 1449 2842
f 1455 1462 2843
f 2842 1455 2843
f 1462 1469 2844
f 2843 1462 2844
f 1469 1476 2845
f 2844 1469 2845
f 1476 1481 2846
f 2845 1476 2846
f 1481 1487 2847
f 2846 1481 2847
f 2847 1487 2848
f 1487 1491 2848
f 1491 1496 2849
f 2848 1491 2849
f 2849 1496 2850
f 1496 1499 2850
f 1499 1504 2851
f 2850 1499 2851
f 1504 1507 2852
f 2851 1504 2852
f 1507 1508 2853
f 2852 1507 2853
f 1510 1516 2854
f 1508 1510 2854
f 2853 1508 2854
f 1516 1518 2855
f 2854 1516 2855
f 1518 1521 2856
f 2855 1518 2856
f 2856 1521 2857
f 1521 1522 2857
f 2857 1522 2858
f 1522 1524 2858
f 2858 1524 2859
f 1524 1529 2859
f 2859 1529 2860
f 1529 1530 2860
f 2860 1530 2861
f 1530 1764 2861
f 2861 1764 2862
f 1764 1757 2862
f 2862 1757 2863
f 1757 1753 2863
f 2863 1753 2864
f 1753 1749 2864
f 2864 1749 2865
f 1749 1745 2865
f 2865 1745 2866
f 1745 1741 2866
f 2866 1741 2867
f 1741 1737 2867
f 2867 1737 2868
f 1737 1734 2868
f 1734 1727 2869
f 2868 1734 2869
f 1727 1723 2870
f 2869 1727 2870
f 1723 1719 2871
f 2870 1723 2871
f 1719 1715 2872
f 2871 1719 2872
f 1715 1711 2873
f 2872 1715 2873
f 2873 1711 2874
f 1711 1707 2874
f 2874 1707 2875
f 1707 1704 2875
f 2875 1704 2876
f 1704 1701 2876
f 2876 1701 2877
f 1701 1702 2877
f 2877 1702 2878
f 1702 1709 2878
f 2878 1709 2879
f 1709 1713 2879
f 2879 1713 2880
f 1713 1717 2880
f 2880 1717 2881
f 1717 1721 2881
f 2881 1721 2882
f 1721 1725 2882
f 2882 1725 2883
f 1725 1729 2883
f 2883 1729 2884
f 1729 1732 2884
f 2884 1732 2885
f 1732 1739 2885
f 2885 1739 2886
f 1739 1743 2886
f 2886 1743 2887
f 1743 1747 2887
f 2887 1747 2888
f 1747 1751 2888
f 1751 1755 2889
f 2888 1751 2889
f 1755 1683 2890
f 2889 1755 2890
f 2890 1683 2891
f 1683 1682 2891
f 1682 1681 2892
f 2891 1682 2892
f 2892 1681 2893
f 340 2877 2878
f 2877 340 2876
f 340 2878 2879
f 2876 340 2875
f 340 2879 2880
f 342 340 2880
f 2875 340 2874
f 342 2880 2881
f 2874 340 2873
f 342 2881 2882
f 2873 340 2872
f 340 343 2872
f 342 2882 2883
f 2872 343 2871
f 342 2883 2884
f 2871 343 2870
f 342 2884 2885
f 2870 343 2869
f 342 2885 2886
f 2869 343 2868
f 342 2886 2887
f 2868 343 2867
f 342 2887 2888
f 2896 342 2888
f 2867 343 2866
f 2896 2888 2889
f 2866 343 2865
f 2896 2889 2890
f 2865 343 2864
f 343 2894 2864
f 2896 2890 2891
f 2864 2894 2863
f 2896 2891 2892
f 2863 2894 2862
f 2896 2892 2893
f 2862 2894 2861
f 2896 2893 2895
f 2861 2894 2860
f 2896 2895 2897
f 2860 2894 2859
f 2896 2897 2898
f 2905 2896 2898
f 2859 2894 2858
f 2905 2898 2899
f 2858 2894 2857
f 2905 2899 2900
f 2857 2894 2856
f 2894 401 2856
f 2905 2900 2901
f 2856 401 2855
f 2905 2901 2902
f 2855 401 2854
f 2905 2902 2903
f 2854 401 2853
f 2905 2903 2904
f 2853 401 2852
f 2905 2904 2906
f 2852 401 2851
f 2905 2906 2907
f 400 2905 2907
f 2851 401 2850
f 400 2907 2908
f 2850 401 2849
f 400 2908 2909
f 401 2910 2848
f 2849 401 2848
f 400 2909 2911
f 2848 2910 2847
f 400 2911 2912
f 2847 2910 2846
f 2912 2913 400
f 2846 2910 2845
f 2845 2910 2844
f 2913 2914 400
f 2844 2910 2843
f 2914 2915 400
f 2842 2843 2910
f 2915 2916 400
f 2841 2842 2910
f 2916 2917 2924
f 400 2916 2924
f 2840 2841 2910
f 2917 2918 2924
f 2840 2910 427
f 2839 2840 427
f 2918 2919 2924
f 2838 2839 427
f 2919 2920 2924
f 2837 2838 427
f 2920 2921 2924
f 2836 2837 427
f 2921 2922 2924
f 2835 2836 427
f 2922 2923 2924
f 2834 2835 427
f 2923 2925 2924
f 2833 2834 427
f 2924 2925 443
f 2925 2926 443
f 2832 2833 427
f 2926 2927 443
f 2832 427 2928
f 2830 2832 2928
f 2927 2929 443
f 2831 2830 2928
f 2929 2930 443
f 2931 2831 2928
f 2930 2932 443
f 2933 2931 2928
f 2932 2934 443
f 2935 2933 2928
f 2934 2936 443
f 2937 2935 2928
f 2936 2938 443
f 2939 2937 2928
f 2938 2940 2944
f 443 2938 2944
f 2941 2939 2928
f 2940 2942 2944
f 2941 2928 504
f 2943 2941 504
f 2942 2945 2944
f 2946 2943 504
f 2944 2945 2947
f 2948 2946 504
f 2947 2949 2963
f 2950 2948 504
f 2949 2951 2963
f 2952 2950 504
f 2951 2953 2963
f 2954 2952 504
f 2953 2955 2963
f 2956 2954 504
f 2955 2957 2963
f 2958 2956 504
f 2957 2959 2963
f 2960 2958 504
f 2959 2961 2963
f 2962 2960 504
f 2961 2962 2963
f 2962 504 2963
f 465 504 2928
f 515 504 465
f 517 504 515
f 491 2963 504
f 486 2963 491
f 483 2963 486
f 483 2947 2963
f 483 2944 2947
f 477 2944 483
f 475 2944 477
f 481 2944 475
f 443 2944 481
f 400 2924 443
f 660 2905 400
f 660 2896 2905
f 342 2896 660
f 338 340 342
f 335 340 338
f 372 2894 343
f 379 2894 372
f 387 2894 379
f 401 2894 387
f 427 2910 401
f 1681 1649 2893
f 1649 1648 2895
f 2893 1649 2895
f 1648 1647 2897
f 2895 1648 2897
f 1647 1611 2898
f 2897 1647 2898
f 1611 1610 2899
f 2898 1611 2899
f 1610 1609 2900
f 2899 1610 2900
f 1609 1540 2901
f 2900 1609 2901
f 1540 1539 2902
f 2901 1540 2902
f 1539 1538 2903
f 2902 1539 2903
f 1538 1537 2904
f 2903 1538 2904
f 1537 1528 2906
f 2904 1537 2906
f 1528 1527 2907
f 2906 1528 2907
f 1527 1526 2908
f 2907 1527 2908
f 1526 1503 2909
f 2908 1526 2909
f 1503 1502 2911
f 2909 1503 2911
f 1502 1501 2912
f 2911 1502 2912
f 1501 1473 2913
f 2912 1501 2913
f 2913 1473 2914
f 1473 1467 2914
f 2914 1467 2915
f 1467 1464 2915
f 2915 1464 2916
f 1464 1452 2916
f 1452 1445 2917
f 2916 1452 2917
f 1445 1436 2918
f 2917 1445 2918
f 1436 1425 2919
f 2918 1436 2919
f 1425 1406 2920
f 2919 1425 2920
f 1406 1402 2921
f 2920 1406 2921
f 1402 1399 2922
f 2921 1402 2922
f 1399 1395 2923
f 2922 1399 2923
f 1395 1392 2925
f 2923 1395 2925
f 2925 1392 2926
f 1392 1387 2926
f 2926 1387 2927
f 1387 1383 2927
f 2927 1383 2929
f 1383 1380 2929
f 2929 1380 2930
f 1380 1376 2930
f 2930 1376 2932
f 1376 1373 2932
f 2932 1373 2934
f 1373 1369 2934
f 2934 1369 2936
f 1369 1365 2936
f 2936 1365 2938
f 1365 1361 2938
f 2938 1361 2940
f 1361 1354 2940
f 2940 1354 2942
f 1354 1351 2942
f 2942 1351 2945
f 1351 1347 2945
f 2945 1347 2947
f 1347 1343 2949
f 2947 1347 2949
f 1343 1340 2951
f 2949 1343 2951
f 1340 1337 2953
f 2951 1340 2953
f 2953 1337 2955
f 1337 1333 2955
f 2955 1333 2957
f 1333 1328 2957
f 2957 1328 2959
f 1328 1324 2959
f 2959 1324 2961
f 1324 1320 2961
f 2961 1320 2962
f 1320 1315 2962
f 2962 1315 2960
f 1315 1318 2960
f 2960 1318 2958
f 1318 1322 2958
f 2958 1322 2956
f 1322 1326 2956
f 2956 1326 2954
f 1326 1331 2954
f 2954 1331 2952
f 1331 1335 2952
f 2952 1335 2950
f 1335 1339 2950
f 2950 1339 2948
f 1339 1342 2948
f 2948 1342 2946
f 1342 1345 2946
f 2946 1345 2943
f 1345 1349 2943
f 2943 1349 2941
f 1349 1353 2941
f 2941 1353 2939
f 1353 1359 2939
f 2939 1359 2937
f 1359 1364 2937
f 1364 1367 2935
f 2937 1364 2935
f 1367 1371 2933
f 2935 1367 2933
f 1371 1375 2931
f 2933 1371 2931
f 1375 1378 2831
f 2931 1375 2831
f 929 936 2964
f 2965 929 2964
f 936 943 2966
f 2964 936 2966
f 943 960 2967
f 2966 943 2967
f 960 963 2968
f 2967 960 2968
f 963 968 2969
f 2968 963 2969
f 968 973 2970
f 2969 968 2970
f 973 978 2971
f 2970 973 2971
f 978 981 2972
f 2971 978 2972
f 981 990 2973
f 2972 981 2973
f 990 995 2974
f 2973 990 2974
f 995 998 2975
f 2974 995 2975
f 998 1003 2976
f 2975 998 2976
f 1003 1009 2977
f 2976 1003 2977
f 1009 1014 2978
f 2977 1009 2978
f 1014 1020 2979
f 2978 1014 2979
f 1020 1026 2980
f 2979 1020 2980
f 1026 1031 2981
f 2980 1026 2981
f 2981 1031 2982
f 1031 1036 2982
f 1036 1042 2983
f 2982 1036 2983
f 2983 1042 2984
f 1042 1047 2984
f 1047 1052 2985
f 2984 1047 2985
f 1052 1057 2986
f 2985 1052 2986
f 1057 1061 2987
f 2986 1057 2987
f 1064 1068 2988
f 1061 1064 2988
f 2987 1061 2988
f 1068 1071 2989
f 2988 1068 2989
f 1071 1074 2990
f 2989 1071 2990
f 2990 1074 2991
f 1074 1076 2991
f 2991 1076 2992
f 1076 1078 2992
f 2992 1078 2993
f 1078 1080 2993
f 2993 1080 2994
f 1080 1082 2994
f 2994 1082 2995
f 1082 1084 2995
f 2995 1084 2996
f 1084 1246 2996
f 2996 1246 2997
f 1246 1238 2997
f 2997 1238 2998
f 1238 1233 2998
f 2998 1233 2999
f 1233 1232 2999
f 2999 1232 3000
f 1232 1226 3000
f 3000 1226 3001
f 1226 1225 3001
f 3001 1225 3002
f 1225 1218 3002
f 1218 1211 3003
f 3002 1218 3003
f 1211 1210 3004
f 3003 1211 3004
f 1210 1205 3005
f 3004 1210 3005
f 1205 1204 3006
f 3005 1205 3006
f 1204 1197 3007
f 3006 1204 3007
f 3007 1197 3008
f 1197 1189 3008
f 3008 1189 3009
f 1189 1188 3009
f 3009 1188 3010
f 1188 1178 3010
f 3010 1178 3011
f 1178 1177 3011
f 3011 1177 3012
f 1177 1165 3012
f 3012 1165 3013
f 1165 1164 3013
f 3013 1164 3014
f 1164 1158 3014
f 3014 1158 3015
f 1158 1157 3015
f 3015 1157 3016
f 1157 1150 3016
f 3016 1150 3017
f 1150 1143 3017
f 3017 1143 3018
f 1143 1142 3018
f 3018 1142 3019
f 1142 1136 3019
f 3019 1136 3020
f 1136 1135 3020
f 3020 1135 3021
f 1135 1129 3021
f 3021 1129 3022
f 1129 1128 3022
f 1128 1123 3023
f 3022 1128 3023
f 1123 1121 3024
f 3023 1123 3024
f 3024 1121 3025
f 1121 1119 3025
f 1119 1120 3026
f 3025 1119 3026
f 3026 1120 3027
f 3028 3011 3012
f 3011 3028 3010
f 3028 3012 3013
f 3010 3028 3009
f 3028 3013 3014
f 545 3028 3014
f 3009 3028 3008
f 545 3014 3015
f 3008 3028 3007
f 545 3015 3016
f 3007 3028 3006
f 3028 3029 3006
f 545 3016 3017
f 3006 3029 3005
f 545 3017 3018
f 3005 3029 3004
f 545 3018 3019
f 3004 3029 3003
f 545 3019 3020
f 3003 3029 3002
f 545 3020 3021
f 3002 3029 3001
f 3032 545 3022
f 545 3021 3022
f 3001 3029 3000
f 3032 3022 3023
f 3000 3029 2999
f 3032 3023 3024
f 2999 3029 2998
f 3029 575 2998
f 3032 3024 3025
f 2998 575 2997
f 3032 3025 3026
f 2997 575 2996
f 3032 3026 3027
f 2996 575 2995
f 3032 3027 3030
f 2995 575 2994
f 3032 3030 3031
f 2994 575 2993
f 3032 3031 3033
f 570 3032 3033
f 2993 575 2992
f 570 3033 3034
f 2992 575 2991
f 570 3034 3035
f 2991 575 2990
f 575 3036 2990
f 570 3035 3037
f 2990 3036 2989
f 570 3037 3038
f 2989 3036 2988
f 570 3038 3039
f 2988 3036 2987
f 570 3039 3040
f 2987 3036 2986
f 570 3040 3041
f 2986 3036 2985
f 584 570 3042
f 570 3041 3042
f 2985 3036 2984
f 584 3042 3043
f 2984 3036 2983
f 584 3043 3044
f 3036 3045 2982
f 2983 3036 2982
f 584 3044 3046
f 2982 3045 2981
f 584 3046 3047
f 2981 3045 2980
f 3047 3048 584
f 2980 3045 2979
f 2979 3045 2978
f 3048 3049 584
f 2978 3045 2977
f 3049 3050 584
f 2976 2977 3045
f 3050 3051 584
f 2975 2976 3045
f 3051 3052 594
f 584 3051 594
f 2974 2975 3045
f 3052 3053 594
f 2973 2974 620
f 2974 3045 620
f 3053 3054 594
f 2972 2973 620
f 3054 3055 594
f 2971 2972 620
f 3055 3056 594
f 2970 2971 620
f 3056 3057 594
f 2969 2970 620
f 3057 3058 594
f 2968 2969 620
f 3058 3059 594
f 2967 2968 620
f 594 3059 609
f 3059 3060 609
f 2966 2967 620
f 3060 3061 609
f 2964 2966 639
f 2966 620 639
f 3061 3062 609
f 2965 2964 639
f 3062 3063 609
f 3064 2965 639
f 3063 3065 609
f 3066 3064 639
f 3065 3067 609
f 3068 3066 639
f 3067 3069 609
f 3070 3068 639
f 3069 3071 609
f 3072 3070 639
f 609 3071 3094
f 3071 3073 3094
f 3074 3072 639
f 3073 3075 3094
f 3074 639 3076
f 3077 3074 3076
f 3075 3078 3094
f 3079 3077 3076
f 3078 3080 3094
f 3081 3079 3076
f 3080 3082 3094
f 3083 3081 3076
f 3082 3084 3094
f 3085 3083 3076
f 3084 3086 3094
f 3087 3085 3076
f 3086 3088 3094
f 3089 3087 3076
f 3088 3090 3094
f 3091 3089 3076
f 3090 3092 3094
f 3093 3091 3094
f 3091 3076 3094
f 3092 3095 3094
f 3096 3093 3094
f 3095 3096 3094
f 656 3076 639
f 656 3094 3076
f 609 3094 656
f 606 594 609
f 603 594 606
f 600 594 603
f 597 594 600
f 581 570 584
f 578 570 581
f 577 570 578
f 545 3029 3028
f 551 575 3029
f 552 575 551
f 553 575 552
f 585 3036 583
f 585 3045 3036
f 587 3045 585
f 588 3045 587
f 589 3045 588
f 620 3045 589
f 1120 1125 3027
f 1125 1126 3030
f 3027 1125 3030
f 1126 1132 3031
f 3030 1126 3031
f 1132 1138 3033
f 3031 1132 3033
f 1138 1139 3034
f 3033 1138 3034
f 1139 1146 3035
f 3034 1139 3035
f 1146 1147 3037
f 3035 1146 3037
f 1147 1153 3038
f 3037 1147 3038
f 1153 1161 3039
f 3038 1153 3039
f 1161 1055 3040
f 3039 1161 3040
f 1055 1049 3041
f 3040 1055 3041
f 1049 1044 3042
f 3041 1049 3042
f 1044 1038 3043
f 3042 1044 3043
f 1038 1033 3044
f 3043 1038 3044
f 1033 1027 3046
f 3044 1033 3046
f 1027 1022 3047
f 3046 1027 3047
f 1022 1016 3048
f 3047 1022 3048
f 3048 1016 3049
f 1016 1011 3049
f 3049 1011 3050
f 1011 1004 3050
f 3050 1004 3051
f 1004 999 3051
f 999 992 3052
f 3051 999 3052
f 992 986 3053
f 3052 992 3053
f 986 982 3054
f 3053 986 3054
f 982 975 3055
f 3054 982 3055
f 975 969 3056
f 3055 975 3056
f 969 964 3057
f 3056 969 3057
f 964 956 3058
f 3057 964 3058
f 956 951 3059
f 3058 956 3059
f 3059 951 3060
f 951 945 3060
f 3060 945 3061
f 945 939 3061
f 3061 939 3062
f 939 932 3062
f 3062 932 3063
f 932 924 3063
f 3063 924 3065
f 924 914 3065
f 3065 914 3067
f 914 904 3067
f 3067 904 3069
f 904 901 3069
f 3069 901 3071
f 901 898 3071
f 3071 898 3073
f 898 895 3073
f 3073 895 3075
f 895 892 3075
f 3075 892 3078
f 892 889 3078
f 3078 889 3080
f 889 886 3082
f 3080 889 3082
f 886 884 3084
f 3082 886 3084
f 884 882 3086
f 3084 884 3086
f 3086 882 3088
f 882 880 3088
f 3088 880 3090
f 880 877 3090
f 3090 877 3092
f 877 875 3092
f 3092 875 3095
f 875 873 3095
f 3095 873 3096
f 873 872 3096
f 3096 872 3093
f 872 871 3093
f 3093 871 3091
f 871 874 3091
f 3091 874 3089
f 874 876 3089
f 3089 876 3087
f 876 879 3087
f 3087 879 3085
f 879 881 3085
f 3085 881 3083
f 881 883 3083
f 3083 883 3081
f 883 885 3081
f 3081 885 3079
f 885 888 3079
f 3079 888 3077
f 888 891 3077
f 3077 891 3074
f 891 894 3074
f 3074 894 3072
f 894 897 3072
f 3072 897 3070
f 897 900 3070
f 900 903 3068
f 3070 900 3068
f 903 907 3066
f 3068 903 3066
f 907 920 3064
f 3066 907 3064
f 920 929 2965
f 3064 920 2965
f 1601 1605 3097
f 3098 1601 3097
f 1605 1612 3099
f 3097 1605 3099
f 1612 1615 3100
f 3099 1612 3100
f 1615 1619 3101
f 3100 1615 3101
f 1619 1622 3102
f 3101 1619 3102
f 1622 1632 3103
f 3102 1622 3103
f 1632 1636 3104
f 3103 1632 3104
f 1636 1640 3105
f 3104 1636 3105
f 1640 1644 3106
f 3105 1640 3106
f 1644 1650 3107
f 3106 1644 3107
f 1650 1654 3108
f 3107 1650 3108
f 1654 1657 3109
f 3108 1654 3109
f 1657 1661 3110
f 3109 1657 3110
f 1661 1671 3111
f 3110 1661 3111
f 1671 1674 3112
f 3111 1671 3112
f 1674 1678 3113
f 3112 1674 3113
f 1678 1684 3114
f 3113 1678 3114
f 3114 1684 3115
f 1684 1688 3115
f 1688 1692 3116
f 3115 1688 3116
f 3116 1692 3117
f 1692 1807 3117
f 1807 1805 3118
f 3117 1807 3118
f 1805 1806 3119
f 3118 1805 3119
f 1806 1815 3120
f 3119 1806 3120
f 1815 1813 3121
f 3120 1815 3121
f 1813 1814 3122
f 3121 1813 3122
f 1814 1824 3123
f 3122 1814 3123
f 1824 1822 3124
f 3123 1824 3124
f 3124 1822 3125
f 1822 1823 3125
f 3125 1823 3126
f 1823 1882 3126
f 3126 1882 3127
f 1882 1880 3127
f 3127 1880 3128
f 1880 1881 3128
f 3128 1881 3129
f 1881 1922 3129
f 3129 1922 3130
f 1922 1921 3130
f 3130 1921 3131
f 1921 1919 3131
f 3131 1919 3132
f 1919 1920 3132
f 3132 1920 3133
f 1920 1951 3133
f 3133 1951 3134
f 1951 1949 3134
f 3134 1949 3135
f 1949 1950 3135
f 1950 1960 3136
f 3135 1950 3136
f 1960 1958 3137
f 3136 1960 3137
f 1958 1959 3138
f 3137 1958 3138
f 1959 1967 3139
f 3138 1959 3139
f 3139 1967 3140
f 1967 1966 3140
f 3140 1966 3141
f 1966 1943 3141
f 3141 1943 3142
f 1943 1933 3142
f 3142 1933 3143
f 1933 1929 3143
f 3143 1929 3144
f 1929 1925 3144
f 3144 1925 3145
f 1925 1918 3145
f 3145 1918 3146
f 1918 1915 3146
f 3146 1915 3147
f 1915 1908 3147
f 3147 1908 3148
f 1908 1899 3148
f 3148 1899 3149
f 1899 1895 3149
f 3149 1895 3150
f 1895 1892 3150
f 3150 1892 3151
f 1892 1888 3151
f 3151 1888 3152
f 1888 1884 3152
f 3152 1884 3153
f 1884 1878 3153
f 3153 1878 3154
f 1878 1871 3154
f 3154 1871 3155
f 1871 1868 3155
f 1868 1864 3156
f 3155 1868 3156
f 1864 1861 3157
f 3156 1864 3157
f 1861 1857 3158
f 3157 1861 3158
f 1857 1848 3159
f 3158 1857 3159
f 1848 1844 3160
f 3159 1848 3160
f 301 3144 3145
f 3144 301 3143
f 301 3145 3146
f 3143 301 3142
f 301 3146 3147
f 302 301 3147
f 3142 301 3141
f 302 3147 3148
f 3141 301 3140
f 302 3148 3149
f 3140 301 3139
f 301 306 3139
f 302 3149 3150
f 3139 306 3138
f 302 3150 3151
f 3138 306 3137
f 302 3151 3152
f 3137 306 3136
f 302 3152 3153
f 3136 306 3135
f 302 3153 3154
f 3135 306 3134
f 3163 302 3155
f 302 3154 3155
f 3134 306 3133
f 3163 3155 3156
f 3133 306 3132
f 3163 3156 3157
f 3132 306 3131
f 306 318 3131
f 3163 3157 3158
f 3131 318 3130
f 3163 3158 3159
f 3130 318 3129
f 3163 3159 3160
f 3129 318 3128
f 3163 3160 3161
f 3128 318 3127
f 3163 3161 3162
f 3127 318 3126
f 324 3163 3164
f 3163 3162 3164
f 3126 318 3125
f 324 3164 3165
f 3125 318 3124
f 324 3165 3166
f 3124 318 3123
f 318 371 3123
f 324 3166 3167
f 3123 371 3122
f 324 3167 3168
f 3122 371 3121
f 324 3168 3169
f 3121 371 3120
f 324 3169 3170
f 3120 371 3119
f 324 3170 3171
f 3119 371 3118
f 324 3171 3172
f 3181 324 3172
f 3118 371 3117
f 3181 3172 3173
f 3117 371 3116
f 3181 3173 3174
f 371 3175 3115
f 3116 371 3115
f 3181 3174 3176
f 3115 3175 3114
f 3181 3176 3177
f 3114 3175 3113
f 3177 3178 3181
f 3113 3175 3112
f 3112 3175 3111
f 3178 3179 3181
f 3111 3175 3110
f 3179 3180 3181
f 3109 3110 3175
f 3180 3182 3181
f 3108 3109 3175
f 3182 3183 386
f 3181 3182 386
f 3107 3108 3175
f 3183 3184 386
f 3107 3175 415
f 3106 3107 415
f 3184 3185 386
f 3105 3106 415
f 3185 3186 386
f 3104 3105 415
f 3186 3187 386
f 3103 3104 415
f 3187 3188 386
f 3102 3103 415
f 3188 3189 386
f 3101 3102 415
f 3189 3190 386
f 3100 3101 415
f 386 3190 3202
f 3190 3191 3202
f 3099 3100 415
f 3191 3192 3202
f 3097 3099 418
f 3099 415 418
f 3192 3193 3202
f 3098 3097 418
f 3193 3194 3202
f 3195 3098 418
f 3194 3196 3202
f 3197 3195 418
f 3196 3198 3202
f 3199 3197 418
f 3198 3200 3202
f 3201 3199 418
f 3200 3203 3202
f 3204 3201 418
f 3203 3205 3225
f 3202 3203 3225
f 3206 3204 418
f 3205 3207 3225
f 3206 418 448
f 3208 3206 448
f 3207 3209 3225
f 3210 3208 448
f 3209 3211 3225
f 3212 3210 448
f 3211 3213 3225
f 3214 3212 448
f 3213 3215 3225
f 3216 3214 448
f 3215 3217 3225
f 3218 3216 448
f 3217 3219 3225
f 3220 3218 448
f 3219 3221 3225
f 3222 3220 448
f 3221 3223 3225
f 3224 3222 3225
f 3222 448 3225
f 3223 3226 3225
f 3227 3224 3225
f 3226 3227 3225
f 445 448 449
f 399 448 445
f 399 3225 448
f 399 3202 3225
f 386 3202 399
f 332 324 3181
f 330 324 332
f 327 324 330
f 323 3163 324
f 319 3163 323
f 315 3163 319
f 313 3163 315
f 310 3163 313
f 307 3163 310
f 307 302 3163
f 303 302 307
f 318 306 666
f 371 415 3175
f 1844 1840 3161
f 3160 1844 3161
f 1840 1833 3162
f 3161 1840 3162
f 1833 1829 3164
f 3162 1833 3164
f 1829 1826 3165
f 3164 1829 3165
f 1826 1827 3166
f 3165 1826 3166
f 1827 1831 3167
f 3166 1827 3167
f 1831 1835 3168
f 3167 1831 3168
f 1835 1838 3169
f 3168 1835 3169
f 1838 1842 3170
f 3169 1838 3170
f 1842 1846 3171
f 3170 1842 3171
f 1846 1699 3172
f 3171 1846 3172
f 1699 1694 3173
f 3172 1699 3173
f 1694 1690 3174
f 3173 1694 3174
f 1690 1686 3176
f 3174 1690 3176
f 1686 1680 3177
f 3176 1686 3177
f 1680 1676 3178
f 3177 1680 3178
f 1676 1673 3179
f 3178 1676 3179
f 3179 1673 3180
f 1673 1669 3180
f 1669 1659 3182
f 3180 1669 3182
f 1659 1656 3183
f 3182 1659 3183
f 1656 1652 3184
f 3183 1656 3184
f 1652 1646 3185
f 3184 1652 3185
f 1646 1642 3186
f 3185 1646 3186
f 1642 1638 3187
f 3186 1642 3187
f 1638 1635 3188
f 3187 1638 3188
f 1635 1624 3189
f 3188 1635 3189
f 1624 1621 3190
f 3189 1624 3190
f 1621 1617 3191
f 3190 1621 3191
f 3191 1617 3192
f 1617 1614 3192
f 3192 1614 3193
f 1614 1607 3193
f 3193 1607 3194
f 1607 1603 3194
f 3194 1603 3196
f 1603 1600 3196
f 3196 1600 3198
f 1600 1596 3198
f 3198 1596 3200
f 1596 1592 3200
f 3200 1592 3203
f 1592 1588 3203
f 3203 1588 3205
f 1588 1579 3205
f 3205 1579 3207
f 1579 1575 3207
f 3207 1575 3209
f 1575 1572 3209
f 1572 1568 3211
f 3209 1572 3211
f 1568 1564 3213
f 3211 1568 3213
f 1564 1561 3215
f 3213 1564 3215
f 1561 1557 3217
f 3215 1561 3217
f 3217 1557 3219
f 1557 1554 3219
f 3219 1554 3221
f 1554 1551 3221
f 3221 1551 3223
f 1551 1548 3223
f 3223 1548 3226
f 1548 1545 3226
f 3226 1545 3227
f 1545 1541 3227
f 3227 1541 3224
f 1541 1544 3224
f 3224 1544 3222
f 1544 1546 3222
f 3222 1546 3220
f 1546 1550 3220
f 3220 1550 3218
f 1550 1553 3218
f 3218 1553 3216
f 1553 1555 3216
f 3216 1555 3214
f 1555 1559 3214
f 3214 1559 3212
f 1559 1562 3212
f 3212 1562 3210
f 1562 1566 3210
f 3210 1566 3208
f 1566 1570 3208
f 3208 1570 3206
f 1570 1573 3206
f 3206 1573 3204
f 1573 1577 3204
f 3204 1577 3201
f 1577 1580 3201
f 1580 1590 3199
f 3201 1580 3199
f 1590 1593 3197
f 3199 1590 3197
f 1593 1598 3195
f 3197 1593 3195
f 1598 1601 3098
f 3195 1598 3098
f 3228 3229 538
f 3229 3230 493
f 506 3232 3231
f 505 3233 3232
f 505 3232 506
f 503 3233 505
f 502 3234 3233
f 502 3233 503
f 501 3235 3234
f 501 3234 502
f 500 3236 3235
f 500 3235 501
f 498 3237 3236
f 498 3236 500
f 497 3238 3237
f 497 3237 498
f 496 3239 3238
f 496 3238 497
f 495 3240 3239
f 495 3239 496
f 492 3241 3240
f 492 3240 495
f 489 3242 3241
f 489 3241 492
f 487 3243 3242
f 487 3242 489
f 484 3243 487
f 484 3244 3243
f 480 3244 484
f 480 3245 3244
f 478 3245 480
f 478 3246 3245
f 476 3247 3246
f 476 3246 478
f 479 3247 476
f 479 3248 3247
f 482 3249 3248
f 482 3248 479
f 485 3250 3249
f 485 3249 482
f 488 3251 3250
f 488 3250 485
f 490 3252 3251
f 490 3251 488
f 493 3230 3252
f 493 3252 490
f 549 3254 3253
f 548 3254 549
f 548 3255 3254
f 547 3255 548
f 547 3256 3255
f 533 3256 547
f 533 3257 3256
f 530 3257 533
f 530 3258 3257
f 525 3258 530
f 525 3259 3258
f 512 3259 525
f 512 3260 3259
f 511 3260 512
f 511 3261 3260
f 510 3261 511
f 510 3262 3261
f 509 3263 3262
f 509 3262 510
f 508 3264 3263
f 508 3231 3264
f 508 3263 509
f 506 3231 508
f 3241 3242 3230
f 3242 3243 3230
f 3243 3244 3230
f 3244 3245 3230
f 3245 3246 3230
f 3246 3247 3230
f 3247 3248 3230
f 3248 3249 3230
f 3249 3250 3230
f 3250 3251 3230
f 3251 3252 3230
f 3241 3230 3240
f 3240 3230 3239
f 3239 3230 3238
f 3238 3230 3237
f 3237 3230 3236
f 3236 3230 3235
f 3235 3230 3234
f 3234 3230 3233
f 3233 3230 3232
f 3232 3230 3231
f 3231 3230 3264
f 3264 3230 3263
f 3263 3230 3262
f 3262 3230 3261
f 3261 3230 3260
f 3265 3267 3266
f 3267 3268 3266
f 3268 3269 3266
f 3266 3269 3270
f 3228 3266 3270
f 3269 3271 3270
f 3228 3270 3272
f 3260 3230 3259
f 3228 3272 3273
f 3273 3275 3274
f 3259 3230 3258
f 3274 3277 3276
f 3258 3230 3257
f 3273 3274 3278
f 3274 3276 3278
f 3257 3230 3256
f 3278 3280 3279
f 3273 3278 3279
f 3256 3230 3255
f 3273 3279 3281
f 3273 3281 3282
f 3255 3230 3254
f 3254 3230 3253
f 3282 3284 3283
f 3229 3228 3285
f 3228 3273 3285
f 3273 3282 3285
f 3282 3283 3285
f 3229 3285 3286
f 3230 3229 3253
f 3286 3288 3287
f 3288 3289 3287
f 3289 3290 3287
f 3290 3291 3287
f 3291 3292 3287
f 3292 3293 3287
f 3293 3294 3287
f 3294 3295 3287
f 3295 3296 3287
f 3296 3297 3287
f 3297 3298 3287
f 3298 3299 3287
f 3299 3300 3287
f 3300 3301 3287
f 3301 3302 3287
f 3302 3303 3287
f 3303 3304 3287
f 3286 3287 595
f 3229 3286 595
f 3229 595 3253
f 3253 595 3305
f 595 3306 3305
f 3306 3307 3305
f 3307 3308 3305
f 3308 3309 3305
f 3309 3310 3305
f 3310 3311 3305
f 3311 3312 3305
f 3312 3313 3305
f 3313 3314 3305
f 3314 3315 3305
f 3315 3316 3305
f 3316 3317 3305
f 3317 3318 3305
f 3318 3319 3305
f 3319 3320 3305
f 3320 3321 3305
f 3321 3322 3305
f 3322 3323 3305
f 3323 3324 3305
f 3324 3325 3305
f 3325 3326 3305
f 3326 3327 3305
f 3327 3328 3305
f 3328 3329 3305
f 3329 3330 3305
f 3330 3331 3305
f 3305 3331 3332
f 3305 3332 3333
f 3334 3305 3335
f 3305 3333 3336
f 3335 3305 3337
f 3305 3336 3338
f 3337 3305 3339
f 3305 3338 3340
f 3339 3305 3341
f 3305 3340 3342
f 3341 3305 3343
f 3305 3342 3344
f 3343 3305 3345
f 3305 3344 3346
f 3345 3305 3347
f 3305 3346 3348
f 3347 3305 3349
f 3305 3348 3350
f 3349 3305 3350
f 3286 3285 555
f 556 3288 3286
f 556 3286 555
f 558 3289 3288
f 558 3288 556
f 559 3290 3289
f 559 3289 558
f 560 3291 3290
f 560 3290 559
f 562 3292 3291
f 562 3291 560
f 563 3293 3292
f 563 3292 562
f 564 3294 3293
f 564 3293 563
f 566 3295 3294
f 566 3294 564
f 567 3296 3295
f 567 3295 566
f 568 3296 567
f 568 3297 3296
f 568 3298 3297
f 571 3298 568
f 571 3299 3298
f 572 3299 571
f 572 3300 3299
f 574 3300 572
f 574 3301 3300
f 576 3301 574
f 576 3302 3301
f 580 3302 576
f 580 3303 3302
f 579 3303 580
f 579 3304 3303
f 582 3304 579
f 582 3287 3304
f 595 3287 582
f 596 3306 595
f 599 3307 3306
f 599 3306 596
f 601 3308 3307
f 601 3307 599
f 602 3309 3308
f 602 3308 601
f 604 3310 3309
f 604 3309 602
f 605 3311 3310
f 605 3310 604
f 607 3312 3311
f 607 3311 605
f 608 3313 3312
f 608 3312 607
f 654 3314 3313
f 654 3313 608
f 653 3315 3314
f 653 3314 654
f 651 3316 3315
f 651 3315 653
f 650 3317 3316
f 650 3316 651
f 649 3318 3317
f 649 3317 650
f 648 3319 3318
f 648 3318 649
f 646 3320 3319
f 646 3319 648
f 645 3321 3320
f 645 3320 646
f 644 3322 3321
f 644 3321 645
f 643 3323 3322
f 643 3322 644
f 642 3324 3323
f 642 3323 643
f 641 3325 3324
f 641 3326 3325
f 641 3324 642
f 638 3327 3326
f 638 3326 641
f 637 3328 3327
f 637 3327 638
f 636 3328 637
f 636 3329 3328
f 635 3329 636
f 635 3330 3329
f 634 3330 635
f 634 3331 3330
f 633 3331 634
f 633 3332 3331
f 632 3332 633
f 632 3333 3332
f 630 3333 632
f 630 3336 3333
f 629 3336 630
f 629 3338 3336
f 628 3338 629
f 628 3340 3338
f 627 3342 3340
f 627 3340 628
f 626 3344 3342
f 626 3342 627
f 625 3346 3344
f 625 3344 626
f 624 3348 3346
f 624 3346 625
f 623 3350 3348
f 623 3348 624
f 622 3349 3350
f 622 3350 623
f 615 3347 3349
f 615 3349 622
f 614 3345 3347
f 614 3347 615
f 613 3343 3345
f 613 3345 614
f 612 3341 3343
f 612 3343 613
f 610 3339 3341
f 610 3341 612
f 619 3337 3339
f 619 3339 610
f 618 3335 3337
f 618 3337 619
f 617 3334 3335
f 617 3335 618
f 616 3305 3334
f 616 3334 617
f 3253 3305 616
f 519 3228 538
f 519 3266 3228
f 516 3265 3266
f 516 3266 519
f 513 3267 3265
f 513 3265 516
f 514 3268 3267
f 514 3267 513
f 518 3269 3268
f 518 3268 514
f 520 3271 3269
f 520 3269 518
f 522 3270 3271
f 522 3272 3270
f 522 3271 520
f 523 3273 3272
f 523 3272 522
f 526 3275 3273
f 526 3273 523
f 527 3274 3275
f 527 3275 526
f 528 3277 3274
f 528 3274 527
f 531 3276 3277
f 531 3277 528
f 532 3276 531
f 532 3278 3276
f 534 3278 532
f 534 3280 3278
f 536 3280 534
f 536 3279 3280
f 537 3279 536
f 537 3281 3279
f 539 3281 537
f 539 3282 3281
f 541 3282 539
f 541 3284 3282
f 542 3284 541
f 542 3283 3284
f 544 3283 542
f 544 3285 3283
f 555 3285 544
f 677 27 447
f 409 28 69
f 407 29 28
f 407 28 409
f 405 30 29
f 405 29 407
f 403 31 30
f 403 30 405
f 406 32 31
f 406 31 403
f 408 33 32
f 408 32 406
f 410 34 33
f 410 33 408
f 411 35 34
f 411 34 410
f 412 36 35
f 412 35 411
f 413 37 36
f 413 36 412
f 416 38 37
f 416 37 413
f 417 39 38
f 417 38 416
f 419 39 417
f 419 40 39
f 420 40 419
f 420 41 40
f 421 41 420
f 421 42 41
f 422 42 421
f 422 43 42
f 423 43 422
f 423 44 43
f 425 44 423
f 425 45 44
f 426 45 425
f 426 46 45
f 428 46 426
f 428 47 46
f 429 47 428
f 429 48 47
f 430 49 48
f 430 48 429
f 431 50 49
f 431 49 430
f 432 51 50
f 432 50 431
f 433 52 51
f 433 51 432
f 434 53 52
f 434 52 433
f 436 54 53
f 436 53 434
f 437 55 54
f 437 54 436
f 438 56 55
f 438 55 437
f 439 57 56
f 439 56 438
f 440 58 57
f 440 57 439
f 441 59 58
f 441 58 440
f 442 60 59
f 442 59 441
f 446 61 60
f 446 60 442
f 447 61 446
f 447 27 61
f 457 68 26
f 457 26 25
f 456 65 68
f 456 68 457
f 454 66 65
f 454 65 456
f 453 63 66
f 453 62 63
f 453 66 454
f 452 64 62
f 452 62 453
f 451 67 64
f 451 64 452
f 450 69 67
f 450 67 451
f 409 69 450
f 3351 3420 325
f 328 3351 325
f 328 3352 3351
f 326 3353 3352
f 326 3352 328
f 331 3354 3353
f 331 3353 326
f 329 3355 3354
f 329 3354 331
f 333 3356 3355
f 333 3355 329
f 355 3357 3356
f 355 3356 333
f 354 3358 3357
f 354 3357 355
f 353 3359 3358
f 353 3358 354
f 347 3360 3359
f 347 3361 3360
f 347 3359 353
f 346 3362 3361
f 346 3361 347
f 344 3363 3362
f 344 3362 346
f 351 3364 3363
f 351 3363 344
f 350 3364 351
f 350 3365 3364
f 349 3365 350
f 349 3366 3365
f 359 3366 349
f 359 3367 3366
f 358 3367 359
f 358 3368 3367
f 356 3368 358
f 356 3369 3368
f 362 3369 356
f 3370 3372 3371
f 3370 3371 3373
f 3374 3370 3375
f 3370 3373 3375
f 3374 3375 3376
f 3376 3378 3377
f 3378 3379 3377
f 3374 3376 3380
f 3376 3377 3380
f 3381 3383 3382
f 3381 3382 3384
f 3380 3381 3384
f 3380 3384 3385
f 3380 3385 3386
f 3385 3387 3386
f 3386 3389 3388
f 3389 3390 3388
f 3386 3388 3391
f 3386 3391 3392
f 3386 3392 3393
f 3386 3393 3394
f 3374 3380 3395
f 3380 3386 3395
f 3386 3394 3395
f 3394 3396 3395
f 3397 3399 3398
f 3397 3398 3400
f 3397 3400 3401
f 3395 3397 3401
f 3401 3403 3402
f 3402 3405 3404
f 3401 3402 3406
f 3402 3404 3406
f 3395 3401 3407
f 3401 3406 3407
f 3395 3407 3408
f 3408 3410 3409
f 3409 3412 3411
f 3408 3409 3413
f 3395 3408 3413
f 3409 3411 3413
f 3413 3415 3414
f 3414 3417 3416
f 3413 3414 3418
f 3414 3416 3418
f 3374 3395 3419
f 3395 3413 3419
f 3413 3418 3419
f 3374 3419 3420
f 211 3374 3420
f 3421 3423 3422
f 3422 3423 3424
f 3424 3423 3425
f 3425 3423 3426
f 3426 3423 3427
f 3427 3423 3428
f 3428 3423 3429
f 3429 3423 3430
f 3430 3423 3431
f 3431 3423 3432
f 3432 3423 3433
f 3433 3423 3434
f 3434 3423 3435
f 3435 3423 3436
f 3436 3423 3437
f 3437 3423 3438
f 3438 3423 3439
f 3439 3423 3440
f 3440 3423 3441
f 3441 3423 3442
f 3442 3423 3443
f 3443 3423 3444
f 3444 3423 3445
f 3445 3423 3446
f 3446 3423 3447
f 3447 3423 3448
f 3448 3423 3449
f 3449 3423 3450
f 3450 3423 3451
f 3451 3423 3452
f 3452 3423 3453
f 3453 3423 3454
f 3454 3423 3455
f 3455 3423 3456
f 3456 3423 3457
f 3457 3423 3458
f 3458 3423 3459
f 3459 3423 3460
f 3460 3423 3461
f 3461 3423 3462
f 3462 3423 3463
f 3463 3423 341
f 3423 211 341
f 3351 3352 3354
f 3352 3353 3354
f 3351 3354 3355
f 3351 3355 3356
f 211 3420 341
f 3351 3356 3357
f 3357 3358 3361
f 3358 3359 3361
f 3359 3360 3361
f 3351 3357 3362
f 3357 3361 3362
f 3362 3363 3365
f 3363 3364 3365
f 3351 3362 3365
f 3365 3366 3368
f 3366 3367 3368
f 3351 3365 3369
f 3365 3368 3369
f 3420 3351 3369
f 341 3420 3369
f 3464 3466 3465
f 3467 3465 3468
f 3469 3468 3470
f 3468 3465 3470
f 3466 341 3471
f 341 3369 3471
f 3472 3474 3473
f 3474 3470 3473
f 3471 3476 3475
f 3470 3465 3477
f 3473 3470 3477
f 3465 3466 3477
f 3471 3475 3478
f 3471 3478 3479
f 3477 3466 3480
f 3481 3482 3480
f 3482 3477 3480
f 3471 3479 3483
f 3479 3484 3483
f 3466 3471 3485
f 3471 3483 3485
f 3480 3466 3485
f 341 3466 366
f 337 3463 341
f 336 3463 337
f 336 3462 3463
f 334 3462 336
f 334 3461 3462
f 339 3461 334
f 339 3460 3461
f 300 3460 339
f 300 3459 3460
f 299 3459 300
f 299 3458 3459
f 298 3458 299
f 298 3457 3458
f 296 3457 298
f 296 3456 3457
f 295 3456 296
f 295 3455 3456
f 294 3455 295
f 294 3454 3455
f 293 3454 294
f 293 3453 3454
f 292 3452 3453
f 292 3453 293
f 290 3451 3452
f 290 3452 292
f 289 3450 3451
f 289 3451 290
f 288 3449 3450
f 288 3450 289
f 287 3448 3449
f 287 3449 288
f 286 3447 3448
f 286 3448 287
f 284 3446 3447
f 284 3447 286
f 283 3445 3446
f 283 3446 284
f 282 3444 3445
f 282 3445 283
f 281 3443 3444
f 281 3444 282
f 280 3442 3443
f 280 3443 281
f 279 3442 280
f 279 3441 3442
f 278 3441 279
f 278 3440 3441
f 277 3440 278
f 277 3439 3440
f 275 3439 277
f 275 3438 3439
f 274 3438 275
f 274 3437 3438
f 273 3437 274
f 273 3436 3437
f 272 3436 273
f 272 3435 3436
f 271 3435 272
f 271 3434 3435
f 270 3434 271
f 270 3433 3434
f 269 3433 270
f 269 3432 3433
f 269 3431 3432
f 268 3431 269
f 268 3430 3431
f 266 3430 268
f 266 3429 3430
f 265 3429 266
f 265 3428 3429
f 264 3428 265
f 264 3427 3428
f 263 3427 264
f 263 3426 3427
f 262 3426 263
f 262 3425 3426
f 261 3424 3425
f 261 3425 262
f 260 3422 3424
f 260 3424 261
f 259 3421 3422
f 259 3422 260
f 258 3423 3421
f 258 3421 259
f 211 3423 258
f 212 3374 211
f 212 3370 3374
f 214 3372 3370
f 214 3370 212
f 215 3371 3372
f 215 3372 214
f 216 3373 3371
f 216 3371 215
f 217 3375 3373
f 217 3373 216
f 218 3376 3375
f 218 3375 217
f 219 3378 3376
f 219 3376 218
f 220 3379 3378
f 220 3378 219
f 221 3377 3379
f 221 3379 220
f 222 3380 3377
f 222 3377 221
f 224 3381 3380
f 224 3380 222
f 225 3383 3381
f 225 3381 224
f 226 3382 3383
f 226 3383 225
f 227 3384 3382
f 227 3382 226
f 228 3385 3384
f 228 3384 227
f 229 3387 3385
f 229 3385 228
f 230 3386 3387
f 230 3387 229
f 231 3389 3386
f 231 3386 230
f 232 3390 3389
f 232 3389 231
f 234 3388 3390
f 234 3390 232
f 235 3391 3388
f 235 3388 234
f 236 3392 3391
f 236 3391 235
f 237 3393 3392
f 237 3392 236
f 238 3394 3393
f 238 3393 237
f 239 3394 238
f 239 3396 3394
f 240 3396 239
f 240 3395 3396
f 242 3395 240
f 242 3397 3395
f 243 3397 242
f 243 3399 3397
f 244 3399 243
f 244 3398 3399
f 245 3398 244
f 245 3400 3398
f 246 3400 245
f 246 3401 3400
f 247 3401 246
f 247 3403 3401
f 249 3402 3403
f 249 3403 247
f 250 3405 3402
f 250 3402 249
f 251 3404 3405
f 251 3405 250
f 252 3406 3404
f 252 3404 251
f 254 3407 3406
f 254 3406 252
f 255 3408 3407
f 255 3407 254
f 256 3410 3408
f 256 3408 255
f 305 3409 3410
f 305 3410 256
f 304 3412 3409
f 304 3409 305
f 309 3411 3412
f 309 3412 304
f 308 3413 3411
f 308 3411 309
f 312 3415 3413
f 312 3413 308
f 311 3414 3415
f 311 3415 312
f 314 3417 3414
f 314 3414 311
f 317 3416 3417
f 317 3417 314
f 316 3416 317
f 322 3418 3416
f 322 3416 316
f 321 3419 3418
f 321 3418 322
f 320 3419 321
f 320 3420 3419
f 325 3420 320
f 365 3471 362
f 365 3476 3471
f 364 3475 3476
f 364 3476 365
f 369 3478 3475
f 369 3475 364
f 367 3479 3478
f 367 3478 369
f 378 3484 3479
f 378 3479 367
f 377 3483 3484
f 377 3484 378
f 375 3485 3483
f 375 3483 377
f 385 3480 3485
f 385 3485 375
f 384 3481 3480
f 384 3480 385
f 382 3482 3481
f 382 3481 384
f 392 3477 3482
f 392 3482 382
f 391 3473 3477
f 391 3477 392
f 389 3473 391
f 389 3472 3473
f 395 3472 389
f 395 3474 3472
f 393 3474 395
f 393 3470 3474
f 388 3470 393
f 388 3469 3470
f 381 3469 388
f 381 3468 3469
f 380 3468 381
f 380 3467 3468
f 374 3467 380
f 374 3465 3467
f 373 3465 374
f 373 3464 3465
f 366 3464 373
f 366 3466 3464
f 3471 3369 362
f 3554 3487 3486
f 3621 3489 3488
f 3621 3490 3489
f 3621 3491 3490
f 3621 3492 3491
f 3621 3493 3492
f 3621 3494 3493
f 3621 3495 3494
f 3621 3496 3495
f 3621 3497 3496
f 3621 3498 3497
f 3621 3499 3498
f 3621 3500 3499
f 3621 3501 3500
f 3621 3502 3501
f 3621 3503 3502
f 3621 3504 3503
f 3621 3505 3504
f 3518 3505 3621
f 3518 3506 3505
f 3518 3507 3506
f 3518 3508 3507
f 3518 3509 3508
f 3518 3510 3509
f 3518 3511 3510
f 3518 3512 3511
f 3518 3513 3512
f 3518 3514 3513
f 3518 3515 3514
f 3528 3516 3515
f 3528 3515 3518
f 3528 3517 3516
f 3528 3519 3517
f 3528 3520 3519
f 3528 3518 3621
f 3528 3521 3520
f 3528 3522 3521
f 3528 3523 3522
f 3528 3524 3523
f 3528 3525 3524
f 3528 3526 3525
f 3528 3527 3526
f 3528 3529 3527
f 3528 3530 3529
f 3536 3531 3530
f 3536 3530 3528
f 3536 3532 3531
f 3536 3533 3532
f 3536 3534 3533
f 3536 3535 3534
f 3536 3537 3535
f 3536 3538 3537
f 3536 3539 3538
f 3536 3540 3539
f 3536 3541 3540
f 3548 3542 3541
f 3548 3541 3536
f 3548 3543 3542
f 3548 3544 3543
f 3548 3545 3544
f 3548 3546 3545
f 3548 3547 3546
f 3548 3549 3547
f 3548 3550 3549
f 3548 3551 3550
f 3554 3552 3551
f 3554 3551 3548
f 3554 3553 3552
f 3554 3486 3553
f 3555 3579 3536
f 3621 3555 3536
f 3528 3621 3536
f 3621 3488 3556
f 3554 3557 3487
f 3554 3558 3557
f 3554 3559 3558
f 3554 3560 3559
f 3554 3561 3560
f 3554 3562 3561
f 3536 3554 3548
f 3554 3563 3562
f 3554 3564 3563
f 3579 3564 3554
f 3579 3565 3564
f 3579 3566 3565
f 3554 3536 3579
f 3579 3567 3566
f 3579 3568 3567
f 3579 3569 3568
f 3579 3570 3569
f 3579 3571 3570
f 3579 3572 3571
f 3579 3573 3572
f 3579 3574 3573
f 3579 3575 3574
f 3576 3577 3575
f 3576 3575 3579
f 3576 3578 3577
f 3576 3580 3578
f 3576 3581 3580
f 3576 3582 3581
f 3576 3583 3582
f 3576 3584 3583
f 3576 3585 3584
f 3555 3576 3579
f 3576 3586 3585
f 3576 3587 3586
f 3555 3588 3587
f 3555 3587 3576
f 3555 3589 3588
f 3555 3590 3589
f 3555 3591 3590
f 3555 3592 3591
f 3555 3593 3592
f 3555 3594 3593
f 3602 3595 3594
f 3602 3594 3555
f 3602 3596 3595
f 3602 3597 3596
f 3602 3598 3597
f 3602 3599 3598
f 3602 3600 3599
f 3602 3601 3600
f 3602 3603 3601
f 3602 3604 3603
f 3602 3605 3604
f 3621 3602 3555
f 3602 3606 3605
f 3602 3607 3606
f 3602 3608 3607
f 3622 3608 3602
f 3622 3609 3608
f 3622 3610 3609
f 3622 3611 3610
f 3622 3612 3611
f 3622 3613 3612
f 3622 3614 3613
f 3622 3615 3614
f 3622 3616 3615
f 3621 3622 3602
f 3622 3617 3616
f 3622 3618 3617
f 3622 3619 3618
f 3622 3620 3619
f 3622 3621 3556
f 3622 3556 3620
f 3487 3624 3623
f 3557 3625 3624
f 3557 3624 3487
f 3558 3626 3625
f 3558 3625 3557
f 3559 3627 3626
f 3559 3626 3558
f 3560 3628 3627
f 3560 3627 3559
f 3561 3629 3628
f 3561 3628 3560
f 3562 3630 3629
f 3562 3629 3561
f 3563 3631 3630
f 3563 3630 3562
f 3564 3632 3631
f 3564 3631 3563
f 3565 3633 3632
f 3565 3632 3564
f 3566 3634 3633
f 3566 3633 3565
f 3567 3635 3634
f 3567 3634 3566
f 3568 3636 3635
f 3568 3635 3567
f 3569 3637 3636
f 3569 3636 3568
f 3570 3638 3637
f 3570 3637 3569
f 3571 3639 3638
f 3571 3638 3570
f 3572 3640 3639
f 3572 3639 3571
f 3573 3641 3640
f 3573 3640 3572
f 3574 3641 3573
f 3574 3642 3641
f 3575 3642 3574
f 3575 3643 3642
f 3577 3643 3575
f 3577 3644 3643
f 3578 3644 3577
f 3578 3645 3644
f 3580 3645 3578
f 3580 3646 3645
f 3581 3647 3646
f 3581 3646 3580
f 3582 3648 3647
f 3582 3647 3581
f 3583 3649 3648
f 3583 3648 3582
f 3584 3650 3649
f 3584 3649 3583
f 3585 3651 3650
f 3585 3650 3584
f 3586 3652 3651
f 3586 3651 3585
f 3587 3653 3652
f 3587 3652 3586
f 3588 3654 3653
f 3588 3653 3587
f 3589 3655 3654
f 3589 3654 3588
f 3590 3656 3655
f 3590 3655 3589
f 3591 3657 3656
f 3591 3656 3590
f 3592 3658 3657
f 3592 3657 3591
f 3593 3659 3658
f 3593 3658 3592
f 3594 3660 3659
f 3594 3659 3593
f 3595 3661 3660
f 3595 3660 3594
f 3596 3662 3661
f 3596 3661 3595
f 3597 3663 3662
f 3597 3662 3596
f 3598 3664 3663
f 3598 3663 3597
f 3599 3665 3664
f 3599 3664 3598
f 3600 3666 3665
f 3600 3665 3599
f 3601 3666 3600
f 3601 3667 3666
f 3603 3667 3601
f 3603 3668 3667
f 3604 3668 3603
f 3604 3669 3668
f 3605 3669 3604
f 3605 3670 3669
f 3606 3670 3605
f 3606 3671 3670
f 3607 3671 3606
f 3607 3672 3671
f 3608 3672 3607
f 3608 3673 3672
f 3609 3673 3608
f 3609 3674 3673
f 3610 3674 3609
f 3610 3675 3674
f 3611 3675 3610
f 3611 3676 3675
f 3612 3676 3611
f 3612 3677 3676
f 3613 3677 3612
f 3613 3678 3677
f 3614 3678 3613
f 3614 3679 3678
f 3615 3680 3679
f 3615 3679 3614
f 3616 3681 3680
f 3616 3680 3615
f 3617 3682 3681
f 3617 3681 3616
f 3618 3683 3682
f 3618 3682 3617
f 3619 3684 3683
f 3619 3683 3618
f 3620 3685 3684
f 3620 3684 3619
f 3556 3686 3685
f 3556 3685 3620
f 3488 3686 3556
f 3488 3687 3686
f 3489 3687 3488
f 3489 3688 3687
f 3490 3688 3489
f 3490 3689 3688
f 3491 3689 3490
f 3491 3690 3689
f 3492 3690 3491
f 3492 3691 3690
f 3493 3691 3492
f 3493 3692 3691
f 3494 3692 3493
f 3494 3693 3692
f 3495 3693 3494
f 3495 3694 3693
f 3496 3694 3495
f 3496 3695 3694
f 3497 3695 3496
f 3497 3696 3695
f 3498 3696 3497
f 3498 3697 3696
f 3499 3698 3697
f 3499 3697 3498
f 3500 3699 3698
f 3500 3698 3499
f 3501 3700 3699
f 3501 3699 3500
f 3502 3701 3700
f 3502 3700 3501
f 3503 3702 3701
f 3503 3701 3502
f 3504 3703 3702
f 3504 3702 3503
f 3505 3704 3703
f 3505 3703 3504
f 3506 3704 3505
f 3506 3705 3704
f 3507 3705 3506
f 3507 3706 3705
f 3508 3706 3507
f 3508 3707 3706
f 3509 3707 3508
f 3509 3708 3707
f 3510 3708 3509
f 3510 3709 3708
f 3511 3709 3510
f 3511 3710 3709
f 3512 3710 3511
f 3512 3711 3710
f 3513 3711 3512
f 3513 3712 3711
f 3514 3712 3513
f 3514 3713 3712
f 3515 3713 3514
f 3515 3714 3713
f 3516 3714 3515
f 3516 3715 3714
f 3517 3715 3516
f 3517 3716 3715
f 3519 3716 3517
f 3519 3717 3716
f 3520 3717 3519
f 3520 3718 3717
f 3521 3718 3520
f 3521 3719 3718
f 3522 3719 3521
f 3522 3720 3719
f 3523 3720 3522
f 3523 3721 3720
f 3524 3722 3721
f 3524 3721 3523
f 3525 3723 3722
f 3525 3722 3524
f 3526 3724 3723
f 3526 3723 3525
f 3527 3725 3724
f 3527 3724 3526
f 3529 3726 3725
f 3529 3725 3527
f 3530 3727 3726
f 3530 3726 3529
f 3531 3728 3727
f 3531 3727 3530
f 3532 3729 3728
f 3532 3728 3531
f 3533 3729 3532
f 3533 3730 3729
f 3534 3731 3730
f 3534 3730 3533
f 3535 3732 3731
f 3535 3731 3534
f 3537 3733 3732
f 3537 3732 3535
f 3538 3734 3733
f 3538 3733 3537
f 3539 3735 3734
f 3539 3734 3538
f 3540 3736 3735
f 3540 3735 3539
f 3541 3737 3736
f 3541 3736 3540
f 3542 3738 3737
f 3542 3737 3541
f 3543 3739 3738
f 3543 3738 3542
f 3544 3740 3739
f 3544 3739 3543
f 3545 3741 3740
f 3545 3740 3544
f 3546 3742 3741
f 3546 3741 3545
f 3547 3743 3742
f 3547 3742 3546
f 3549 3744 3743
f 3549 3743 3547
f 3550 3745 3744
f 3550 3744 3549
f 3551 3746 3745
f 3551 3745 3550
f 3552 3747 3746
f 3552 3746 3551
f 3553 3748 3747
f 3553 3747 3552
f 3486 3623 3748
f 3486 3748 3553
f 3487 3623 3486
f 3623 3752 3748
f 3758 3686 3687
f 3758 3687 3688
f 3758 3688 3689
f 3758 3689 3690
f 3758 3690 3691
f 3758 3691 3692
f 3758 3692 3693
f 3749 3693 3694
f 3749 3758 3693
f 3749 3694 3695
f 3749 3695 3696
f 3749 3696 3697
f 3749 3697 3698
f 3749 3698 3699
f 3749 3699 3700
f 3749 3700 3701
f 3749 3701 3702
f 3749 3702 3703
f 3749 3703 3704
f 3749 3704 3705
f 3751 3749 3750
f 3749 3705 3706
f 3749 3706 3707
f 3749 3707 3708
f 3749 3708 3709
f 3749 3709 3710
f 3750 3749 3710
f 3750 3710 3711
f 3750 3711 3712
f 3750 3712 3713
f 3750 3713 3714
f 3750 3714 3715
f 3750 3715 3716
f 3750 3716 3717
f 3750 3717 3718
f 3750 3718 3719
f 3750 3719 3720
f 3751 3720 3721
f 3751 3750 3720
f 3751 3721 3722
f 3751 3722 3723
f 3751 3723 3724
f 3751 3724 3725
f 3751 3725 3726
f 3751 3726 3727
f 3751 3727 3728
f 3751 3728 3729
f 3751 3729 3730
f 3751 3730 3731
f 3751 3731 3732
f 3751 3732 3733
f 3751 3733 3734
f 3751 3734 3735
f 3751 3735 3736
f 3751 3736 3737
f 3752 3737 3738
f 3752 3751 3737
f 3752 3738 3739
f 3752 3739 3740
f 3752 3740 3741
f 3752 3741 3742
f 3752 3742 3743
f 3752 3743 3744
f 3752 3744 3745
f 3752 3745 3746
f 3752 3746 3747
f 3752 3747 3748
f 3624 3752 3623
f 3753 3624 3625
f 3753 3752 3624
f 3753 3625 3626
f 3753 3626 3627
f 3753 3627 3628
f 3753 3628 3629
f 3753 3629 3630
f 3753 3630 3631
f 3753 3631 3632
f 3753 3632 3633
f 3753 3633 3634
f 3753 3634 3635
f 3753 3635 3636
f 3753 3636 3637
f 3753 3637 3638
f 3755 3638 3639
f 3755 3753 3638
f 3755 3639 3640
f 3754 3753 3755
f 3755 3640 3641
f 3755 3641 3642
f 3755 3642 3643
f 3755 3643 3644
f 3755 3644 3645
f 3755 3645 3646
f 3755 3646 3647
f 3755 3647 3648
f 3754 3648 3649
f 3754 3755 3648
f 3754 3649 3650
f 3754 3650 3651
f 3754 3651 3652
f 3754 3652 3653
f 3754 3653 3654
f 3754 3654 3655
f 3754 3655 3656
f 3754 3656 3657
f 3754 3657 3658
f 3754 3658 3659
f 3754 3659 3660
f 3754 3660 3661
f 3756 3754 3661
f 3756 3661 3662
f 3756 3662 3663
f 3756 3663 3664
f 3756 3664 3665
f 3756 3665 3666
f 3756 3666 3667
f 3756 3667 3668
f 3756 3668 3669
f 3756 3669 3670
f 3756 3670 3671
f 3757 3756 3671
f 3757 3671 3672
f 3757 3672 3673
f 3757 3673 3674
f 3757 3674 3675
f 3757 3675 3676
f 3757 3676 3677
f 3757 3677 3678
f 3757 3678 3679
f 3757 3679 3680
f 3757 3680 3681
f 3757 3681 3682
f 3757 3682 3683
f 3757 3683 3684
f 3758 3757 3684
f 3758 3684 3685
f 3758 3685 3686
f 3752 3753 3754
f 3752 3756 3757
f 3752 3757 3758
f 3752 3754 3756
f 3751 3752 3758
f 3751 3758 3749
f 3829 3760 3759
f 3766 3762 3761
f 3766 3763 3762
f 3766 3764 3763
f 3766 3765 3764
f 3766 3767 3765
f 3778 3768 3767
f 3778 3767 3766
f 3778 3769 3768
f 3778 3770 3769
f 3778 3771 3770
f 3778 3772 3771
f 3778 3773 3772
f 3778 3774 3773
f 3778 3775 3774
f 3778 3776 3775
f 3778 3777 3776
f 3788 3777 3778
f 3788 3779 3777
f 3788 3780 3779
f 3788 3781 3780
f 3788 3782 3781
f 3788 3783 3782
f 3788 3784 3783
f 3788 3785 3784
f 3788 3786 3785
f 3788 3787 3786
f 3788 3789 3787
f 3788 3790 3789
f 3811 3790 3788
f 3811 3791 3790
f 3811 3792 3791
f 3811 3793 3792
f 3811 3794 3793
f 3811 3795 3794
f 3811 3796 3795
f 3811 3797 3796
f 3811 3798 3797
f 3811 3799 3798
f 3811 3800 3799
f 3811 3801 3800
f 3811 3802 3801
f 3807 3803 3802
f 3807 3802 3811
f 3807 3804 3803
f 3807 3805 3804
f 3807 3806 3805
f 3815 3807 3811
f 3807 3808 3806
f 3807 3809 3808
f 3807 3810 3809
f 3807 3812 3810
f 3807 3813 3812
f 3807 3814 3813
f 3807 3816 3814
f 3807 3817 3816
f 3815 3817 3807
f 3815 3818 3817
f 3815 3819 3818
f 3815 3820 3819
f 3815 3821 3820
f 3815 3822 3821
f 3815 3823 3822
f 3815 3824 3823
f 3815 3825 3824
f 3815 3826 3825
f 3829 3827 3826
f 3829 3826 3815
f 3829 3828 3827
f 3829 3759 3828
f 3766 3884 3815
f 3884 3874 3815
f 3811 3788 3766
f 3788 3778 3766
f 3811 3766 3815
f 3766 3761 3830
f 3829 3831 3760
f 3829 3832 3831
f 3829 3833 3832
f 3829 3834 3833
f 3850 3834 3829
f 3850 3835 3834
f 3850 3836 3835
f 3850 3837 3836
f 3850 3838 3837
f 3815 3850 3829
f 3850 3839 3838
f 3850 3840 3839
f 3850 3841 3840
f 3850 3842 3841
f 3850 3843 3842
f 3850 3844 3843
f 3850 3845 3844
f 3850 3846 3845
f 3853 3847 3846
f 3853 3846 3850
f 3853 3848 3847
f 3853 3849 3848
f 3850 3815 3874
f 3853 3850 3874
f 3853 3851 3849
f 3853 3852 3851
f 3853 3854 3852
f 3853 3855 3854
f 3853 3856 3855
f 3853 3857 3856
f 3853 3858 3857
f 3853 3859 3858
f 3874 3860 3859
f 3874 3859 3853
f 3874 3861 3860
f 3874 3862 3861
f 3874 3863 3862
f 3874 3864 3863
f 3874 3865 3864
f 3874 3866 3865
f 3874 3867 3866
f 3874 3868 3867
f 3874 3869 3868
f 3874 3870 3869
f 3874 3871 3870
f 3884 3872 3871
f 3884 3871 3874
f 3884 3873 3872
f 3884 3875 3873
f 3884 3876 3875
f 3884 3877 3876
f 3884 3878 3877
f 3884 3879 3878
f 3884 3880 3879
f 3884 3881 3880
f 3884 3882 3881
f 3891 3882 3884
f 3891 3883 3882
f 3891 3885 3883
f 3891 3886 3885
f 3891 3887 3886
f 3891 3888 3887
f 3891 3889 3888
f 3891 3890 3889
f 3891 3892 3890
f 3891 3893 3892
f 3891 3894 3893
f 3891 3895 3894
f 3891 3896 3895
f 3891 3766 3830
f 3891 3830 3896
f 3891 3884 3766
f 3760 3898 3897
f 3831 3899 3898
f 3831 3898 3760
f 3832 3900 3899
f 3832 3899 3831
f 3833 3901 3900
f 3833 3900 3832
f 3834 3902 3901
f 3834 3901 3833
f 3835 3903 3902
f 3835 3902 3834
f 3836 3904 3903
f 3836 3903 3835
f 3837 3905 3904
f 3837 3904 3836
f 3838 3906 3905
f 3838 3905 3837
f 3839 3907 3906
f 3839 3906 3838
f 3840 3908 3907
f 3840 3907 3839
f 3841 3909 3908
f 3841 3908 3840
f 3842 3910 3909
f 3842 3909 3841
f 3843 3911 3910
f 3843 3910 3842
f 3844 3912 3911
f 3844 3911 3843
f 3845 3913 3912
f 3845 3912 3844
f 3846 3914 3913
f 3846 3913 3845
f 3847 3915 3914
f 3847 3914 3846
f 3848 3915 3847
f 3848 3916 3915
f 3849 3916 3848
f 3849 3917 3916
f 3851 3917 3849
f 3851 3918 3917
f 3852 3918 3851
f 3852 3919 3918
f 3854 3919 3852
f 3854 3920 3919
f 3855 3921 3920
f 3855 3920 3854
f 3856 3922 3921
f 3856 3921 3855
f 3857 3923 3922
f 3857 3922 3856
f 3858 3924 3923
f 3858 3923 3857
f 3859 3925 3924
f 3859 3924 3858
f 3860 3926 3925
f 3860 3925 3859
f 3861 3927 3926
f 3861 3926 3860
f 3862 3928 3927
f 3862 3927 3861
f 3863 3929 3928
f 3863 3928 3862
f 3864 3930 3929
f 3864 3929 3863
f 3865 3931 3930
f 3865 3930 3864
f 3866 3932 3931
f 3866 3931 3865
f 3867 3933 3932
f 3867 3932 3866
f 3868 3934 3933
f 3868 3933 3867
f 3869 3935 3934
f 3869 3934 3868
f 3870 3936 3935
f 3870 3935 3869
f 3871 3937 3936
f 3871 3936 3870
f 3872 3938 3937
f 3872 3937 3871
f 3873 3939 3938
f 3873 3938 3872
f 3875 3940 3939
f 3875 3939 3873
f 3876 3940 3875
f 3876 3941 3940
f 3877 3941 3876
f 3877 3942 3941
f 3878 3942 3877
f 3878 3943 3942
f 3879 3943 3878
f 3879 3944 3943
f 3880 3944 3879
f 3880 3945 3944
f 3881 3945 3880
f 3881 3946 3945
f 3882 3946 3881
f 3882 3947 3946
f 3883 3947 3882
f 3883 3948 3947
f 3885 3948 3883
f 3885 3949 3948
f 3886 3949 3885
f 3886 3950 3949
f 3887 3950 3886
f 3887 3951 3950
f 3888 3951 3887
f 3888 3952 3951
f 3889 3952 3888
f 3889 3953 3952
f 3890 3954 3953
f 3890 3953 3889
f 3892 3955 3954
f 3892 3954 3890
f 3893 3956 3955
f 3893 3955 3892
f 3894 3957 3956
f 3894 3956 3893
f 3895 3958 3957
f 3895 3957 3894
f 3896 3959 3958
f 3896 3958 3895
f 3830 3960 3959
f 3830 3959 3896
f 3761 3960 3830
f 3761 3961 3960
f 3762 3961 3761
f 3762 3962 3961
f 3763 3962 3762
f 3763 3963 3962
f 3764 3963 3763
f 3764 3964 3963
f 3765 3964 3764
f 3765 3965 3964
f 3767 3965 3765
f 3767 3966 3965
f 3768 3966 3767
f 3768 3967 3966
f 3769 3967 3768
f 3769 3968 3967
f 3770 3968 3769
f 3770 3969 3968
f 3771 3969 3770
f 3771 3970 3969
f 3772 3970 3771
f 3772 3971 3970
f 3773 3972 3971
f 3773 3971 3772
f 3774 3973 3972
f 3774 3972 3773
f 3775 3974 3973
f 3775 3973 3774
f 3776 3975 3974
f 3776 3974 3775
f 3777 3976 3975
f 3777 3975 3776
f 3779 3977 3976
f 3779 3976 3777
f 3780 3978 3977
f 3780 3977 3779
f 3781 3978 3780
f 3781 3979 3978
f 3782 3979 3781
f 3782 3980 3979
f 3783 3980 3782
f 3783 3981 3980
f 3784 3981 3783
f 3784 3982 3981
f 3785 3982 3784
f 3785 3983 3982
f 3786 3983 3785
f 3786 3984 3983
f 3787 3984 3786
f 3787 3985 3984
f 3789 3985 3787
f 3789 3986 3985
f 3790 3986 3789
f 3790 3987 3986
f 3791 3987 3790
f 3791 3988 3987
f 3792 3988 3791
f 3792 3989 3988
f 3793 3989 3792
f 3793 3990 3989
f 3794 3990 3793
f 3794 3991 3990
f 3795 3991 3794
f 3795 3992 3991
f 3796 3992 3795
f 3796 3993 3992
f 3797 3993 3796
f 3797 3994 3993
f 3798 3994 3797
f 3798 3995 3994
f 3799 3996 3995
f 3799 3995 3798
f 3800 3997 3996
f 3800 3996 3799
f 3801 3998 3997
f 3801 3997 3800
f 3802 3999 3998
f 3802 3998 3801
f 3803 4000 3999
f 3803 3999 3802
f 3804 4001 4000
f 3804 4000 3803
f 3805 4002 4001
f 3805 4001 3804
f 3806 4003 4002
f 3806 4002 3805
f 3808 4003 3806
f 3808 4004 4003
f 3809 4005 4004
f 3809 4004 3808
f 3810 4006 4005
f 3810 4005 3809
f 3812 4007 4006
f 3812 4006 3810
f 3813 4008 4007
f 3813 4007 3812
f 3814 4009 4008
f 3814 4008 3813
f 3816 4010 4009
f 3816 4009 3814
f 3817 4011 4010
f 3817 4010 3816
f 3818 4012 4011
f 3818 4011 3817
f 3819 4013 4012
f 3819 4012 3818
f 3820 4014 4013
f 3820 4013 3819
f 3821 4015 4014
f 3821 4014 3820
f 3822 4016 4015
f 3822 4015 3821
f 3823 4017 4016
f 3823 4016 3822
f 3824 4018 4017
f 3824 4017 3823
f 3825 4019 4018
f 3825 4018 3824
f 3826 4020 4019
f 3826 4019 3825
f 3827 4021 4020
f 3827 4020 3826
f 3828 4022 4021
f 3828 4021 3827
f 3759 3897 4022
f 3759 4022 3828
f 3760 3897 3759
f 3897 4029 4022
f 4023 3960 3961
f 4023 3961 3962
f 4023 3962 3963
f 4023 3963 3964
f 4023 3964 3965
f 4023 3965 3966
f 4023 3966 3967
f 4023 3967 3968
f 4023 3968 3969
f 4023 3969 3970
f 4023 3970 3971
f 4024 3971 3972
f 4024 4023 3971
f 4024 3972 3973
f 4024 3973 3974
f 4024 3974 3975
f 4024 3975 3976
f 4024 3976 3977
f 4024 3977 3978
f 4024 3978 3979
f 4024 3979 3980
f 4024 3980 3981
f 4024 3981 3982
f 4024 3982 3983
f 4025 3983 3984
f 4025 4024 3983
f 4025 3984 3985
f 4025 3985 3986
f 4025 3986 3987
f 4025 3987 3988
f 4025 3988 3989
f 4025 3989 3990
f 4025 3990 3991
f 4025 3991 3992
f 4025 3992 3993
f 4025 3993 3994
f 4025 3994 3995
f 4025 3995 3996
f 4025 3996 3997
f 4025 3997 3998
f 4026 3998 3999
f 4026 4025 3998
f 4026 3999 4000
f 4026 4000 4001
f 4026 4001 4002
f 4026 4002 4003
f 4026 4003 4004
f 4026 4027 4025
f 4026 4004 4005
f 4026 4005 4006
f 4027 4006 4007
f 4027 4026 4006
f 4027 4007 4008
f 4027 4008 4009
f 4027 4009 4010
f 4027 4010 4011
f 4027 4011 4012
f 4027 4012 4013
f 4027 4013 4014
f 4027 4014 4015
f 4027 4015 4016
f 4027 4016 4017
f 4029 4017 4018
f 4029 4027 4017
f 4029 4018 4019
f 4029 4019 4020
f 4029 4020 4021
f 4029 4021 4022
f 3898 4029 3897
f 4029 3898 3899
f 4029 3899 3900
f 4029 3900 3901
f 4029 3901 3902
f 4029 3902 3903
f 4029 3903 3904
f 4029 3904 3905
f 4029 3905 3906
f 4029 3906 3907
f 4028 3907 3908
f 4028 4029 3907
f 4028 3908 3909
f 4028 3909 3910
f 4028 3910 3911
f 4028 3911 3912
f 4028 3912 3913
f 4028 3913 3914
f 4028 3914 3915
f 4028 3915 3916
f 4028 3916 3917
f 4028 3917 3918
f 4028 3918 3919
f 4028 3919 3920
f 4031 3920 3921
f 4031 4028 3920
f 4031 3921 3922
f 4031 3922 3923
f 4031 3923 3924
f 4031 4030 4028
f 4031 3924 3925
f 4031 3925 3926
f 4031 3926 3927
f 4031 3927 3928
f 4030 3928 3929
f 4030 4031 3928
f 4030 3929 3930
f 4030 3930 3931
f 4032 3931 3932
f 4032 4030 3931
f 4032 3932 3933
f 4032 3933 3934
f 4032 3934 3935
f 4032 3935 3936
f 4032 3936 3937
f 4032 3937 3938
f 4032 3938 3939
f 4032 4033 4030
f 4032 3939 3940
f 4032 3940 3941
f 4033 3941 3942
f 4033 4032 3941
f 4033 3942 3943
f 4033 3943 3944
f 4033 3944 3945
f 4033 3945 3946
f 4033 3946 3947
f 4034 4033 3947
f 4034 3947 3948
f 4034 3948 3949
f 4034 3949 3950
f 4034 3950 3951
f 4034 3951 3952
f 4034 3952 3953
f 4034 3953 3954
f 4034 3954 3955
f 4034 3955 3956
f 4034 3956 3957
f 4034 3957 3958
f 4034 3960 4023
f 4034 3958 3959
f 4034 3959 3960
f 4025 4023 4024
f 4028 4030 4033
f 4029 4028 4033
f 4029 4033 4034
f 4029 4034 4023
f 4027 4029 4023
f 4027 4023 4025
f 4103 4037 4036
f 4035 4039 4038
f 4035 4040 4039
f 4035 4041 4040
f 4035 4042 4041
f 4035 4043 4042
f 4035 4044 4043
f 4035 4045 4044
f 4035 4046 4045
f 4035 4047 4046
f 4035 4048 4047
f 4035 4049 4048
f 4035 4050 4049
f 4035 4051 4050
f 4035 4052 4051
f 4035 4053 4052
f 4035 4054 4053
f 4059 4055 4054
f 4059 4054 4035
f 4059 4056 4055
f 4059 4057 4056
f 4059 4058 4057
f 4059 4060 4058
f 4059 4061 4060
f 4059 4062 4061
f 4059 4063 4062
f 4059 4064 4063
f 4059 4065 4064
f 4059 4066 4065
f 4077 4067 4066
f 4077 4066 4059
f 4077 4068 4067
f 4077 4069 4068
f 4077 4070 4069
f 4077 4071 4070
f 4077 4072 4071
f 4077 4073 4072
f 4077 4074 4073
f 4094 4075 4074
f 4094 4074 4077
f 4094 4076 4075
f 4094 4078 4076
f 4094 4079 4078
f 4094 4080 4079
f 4059 4094 4077
f 4094 4081 4080
f 4094 4082 4081
f 4094 4083 4082
f 4094 4084 4083
f 4094 4085 4084
f 4094 4086 4085
f 4094 4087 4086
f 4113 4088 4087
f 4113 4087 4094
f 4113 4089 4088
f 4113 4090 4089
f 4113 4091 4090
f 4113 4092 4091
f 4113 4093 4092
f 4113 4095 4093
f 4113 4096 4095
f 4113 4097 4096
f 4113 4098 4097
f 4113 4099 4098
f 4113 4100 4099
f 4103 4100 4113
f 4103 4101 4100
f 4103 4102 4101
f 4103 4036 4102
f 4035 4166 4113
f 4094 4059 4035
f 4094 4035 4113
f 4035 4038 4104
f 4103 4105 4037
f 4103 4106 4105
f 4116 4107 4106
f 4116 4106 4103
f 4116 4108 4107
f 4116 4109 4108
f 4116 4110 4109
f 4116 4111 4110
f 4116 4112 4111
f 4116 4114 4112
f 4116 4115 4114
f 4103 4113 4166
f 4122 4117 4115
f 4122 4115 4116
f 4122 4118 4117
f 4122 4119 4118
f 4122 4120 4119
f 4122 4121 4120
f 4122 4116 4103
f 4122 4123 4121
f 4166 4122 4103
f 4122 4124 4123
f 4122 4125 4124
f 4122 4126 4125
f 4122 4127 4126
f 4122 4128 4127
f 4122 4129 4128
f 4146 4130 4129
f 4146 4129 4122
f 4146 4131 4130
f 4146 4132 4131
f 4146 4133 4132
f 4146 4134 4133
f 4122 4166 4146
f 4146 4135 4134
f 4146 4136 4135
f 4146 4137 4136
f 4146 4138 4137
f 4146 4139 4138
f 4146 4140 4139
f 4146 4141 4140
f 4146 4142 4141
f 4146 4143 4142
f 4146 4144 4143
f 4152 4145 4144
f 4152 4144 4146
f 4152 4147 4145
f 4152 4148 4147
f 4152 4149 4148
f 4152 4150 4149
f 4152 4151 4150
f 4152 4153 4151
f 4166 4152 4146
f 4152 4154 4153
f 4152 4155 4154
f 4152 4156 4155
f 4152 4157 4156
f 4152 4158 4157
f 4166 4158 4152
f 4166 4159 4158
f 4166 4160 4159
f 4166 4161 4160
f 4166 4162 4161
f 4166 4163 4162
f 4166 4164 4163
f 4166 4165 4164
f 4166 4167 4165
f 4166 4168 4167
f 4166 4169 4168
f 4166 4170 4169
f 4166 4171 4170
f 4166 4035 4104
f 4166 4104 4171
f 4037 4173 4172
f 4105 4174 4173
f 4105 4173 4037
f 4106 4175 4174
f 4106 4174 4105
f 4107 4176 4175
f 4107 4175 4106
f 4108 4177 4176
f 4108 4176 4107
f 4109 4178 4177
f 4109 4177 4108
f 4110 4179 4178
f 4110 4178 4109
f 4111 4180 4179
f 4111 4179 4110
f 4112 4181 4180
f 4112 4180 4111
f 4114 4182 4181
f 4114 4181 4112
f 4115 4183 4182
f 4115 4182 4114
f 4117 4184 4183
f 4117 4183 4115
f 4118 4185 4184
f 4118 4184 4117
f 4119 4186 4185
f 4119 4185 4118
f 4120 4187 4186
f 4120 4186 4119
f 4121 4188 4187
f 4121 4187 4120
f 4123 4189 4188
f 4123 4188 4121
f 4124 4190 4189
f 4124 4189 4123
f 4125 4190 4124
f 4125 4191 4190
f 4126 4191 4125
f 4126 4192 4191
f 4127 4192 4126
f 4127 4193 4192
f 4128 4193 4127
f 4128 4194 4193
f 4129 4194 4128
f 4129 4195 4194
f 4130 4196 4195
f 4130 4195 4129
f 4131 4197 4196
f 4131 4196 4130
f 4132 4198 4197
f 4132 4197 4131
f 4133 4199 4198
f 4133 4198 4132
f 4134 4200 4199
f 4134 4199 4133
f 4135 4201 4200
f 4135 4200 4134
f 4136 4202 4201
f 4136 4201 4135
f 4137 4203 4202
f 4137 4202 4136
f 4138 4204 4203
f 4138 4203 4137
f 4139 4205 4204
f 4139 4204 4138
f 4140 4206 4205
f 4140 4205 4139
f 4141 4207 4206
f 4141 4206 4140
f 4142 4208 4207
f 4142 4207 4141
f 4143 4209 4208
f 4143 4208 4142
f 4144 4210 4209
f 4144 4209 4143
f 4145 4211 4210
f 4145 4210 4144
f 4147 4212 4211
f 4147 4211 4145
f 4148 4213 4212
f 4148 4212 4147
f 4149 4214 4213
f 4149 4213 4148
f 4150 4215 4214
f 4150 4214 4149
f 4151 4215 4150
f 4151 4216 4215
f 4153 4216 4151
f 4153 4217 4216
f 4154 4217 4153
f 4154 4218 4217
f 4155 4218 4154
f 4155 4219 4218
f 4156 4219 4155
f 4156 4220 4219
f 4157 4220 4156
f 4157 4221 4220
f 4158 4221 4157
f 4158 4222 4221
f 4159 4222 4158
f 4159 4223 4222
f 4160 4223 4159
f 4160 4224 4223
f 4161 4224 4160
f 4161 4225 4224
f 4162 4225 4161
f 4162 4226 4225
f 4163 4226 4162
f 4163 4227 4226
f 4164 4227 4163
f 4164 4228 4227
f 4165 4229 4228
f 4165 4228 4164
f 4167 4230 4229
f 4167 4229 4165
f 4168 4231 4230
f 4168 4230 4167
f 4169 4232 4231
f 4169 4231 4168
f 4170 4233 4232
f 4170 4232 4169
f 4171 4234 4233
f 4171 4233 4170
f 4104 4235 4234
f 4104 4234 4171
f 4038 4235 4104
f 4038 4236 4235
f 4039 4236 4038
f 4039 4237 4236
f 4040 4237 4039
f 4040 4238 4237
f 4041 4238 4040
f 4041 4239 4238
f 4042 4239 4041
f 4042 4240 4239
f 4043 4240 4042
f 4043 4241 4240
f 4044 4241 4043
f 4044 4242 4241
f 4045 4242 4044
f 4045 4243 4242
f 4046 4243 4045
f 4046 4244 4243
f 4047 4244 4046
f 4047 4245 4244
f 4048 4245 4047
f 4048 4246 4245
f 4049 4247 4246
f 4049 4246 4048
f 4050 4248 4247
f 4050 4247 4049
f 4051 4249 4248
f 4051 4248 4050
f 4052 4250 4249
f 4052 4249 4051
f 4053 4251 4250
f 4053 4250 4052
f 4054 4252 4251
f 4054 4251 4053
f 4055 4253 4252
f 4055 4252 4054
f 4056 4253 4055
f 4056 4254 4253
f 4057 4254 4056
f 4057 4255 4254
f 4058 4255 4057
f 4058 4256 4255
f 4060 4256 4058
f 4060 4257 4256
f 4061 4257 4060
f 4061 4258 4257
f 4062 4258 4061
f 4062 4259 4258
f 4063 4259 4062
f 4063 4260 4259
f 4064 4260 4063
f 4064 4261 4260
f 4065 4261 4064
f 4065 4262 4261
f 4066 4262 4065
f 4066 4263 4262
f 4067 4263 4066
f 4067 4264 4263
f 4068 4264 4067
f 4068 4265 4264
f 4069 4265 4068
f 4069 4266 4265
f 4070 4266 4069
f 4070 4267 4266
f 4071 4267 4070
f 4071 4268 4267
f 4072 4268 4071
f 4072 4269 4268
f 4073 4269 4072
f 4073 4270 4269
f 4074 4271 4270
f 4074 4270 4073
f 4075 4272 4271
f 4075 4271 4074
f 4076 4273 4272
f 4076 4272 4075
f 4078 4274 4273
f 4078 4273 4076
f 4079 4275 4274
f 4079 4274 4078
f 4080 4276 4275
f 4080 4275 4079
f 4081 4277 4276
f 4081 4276 4080
f 4082 4278 4277
f 4082 4277 4081
f 4083 4278 4082
f 4083 4279 4278
f 4084 4280 4279
f 4084 4279 4083
f 4085 4281 4280
f 4085 4280 4084
f 4086 4282 4281
f 4086 4281 4085
f 4087 4283 4282
f 4087 4282 4086
f 4088 4284 4283
f 4088 4283 4087
f 4089 4285 4284
f 4089 4284 4088
f 4090 4286 4285
f 4090 4285 4089
f 4091 4287 4286
f 4091 4286 4090
f 4092 4288 4287
f 4092 4287 4091
f 4093 4289 4288
f 4093 4288 4092
f 4095 4290 4289
f 4095 4289 4093
f 4096 4291 4290
f 4096 4290 4095
f 4097 4292 4291
f 4097 4291 4096
f 4098 4293 4292
f 4098 4292 4097
f 4099 4294 4293
f 4099 4293 4098
f 4100 4295 4294
f 4100 4294 4099
f 4101 4296 4295
f 4101 4295 4100
f 4102 4297 4296
f 4102 4296 4101
f 4036 4172 4297
f 4036 4297 4102
f 4037 4172 4036
f 4172 4304 4297
f 4298 4235 4236
f 4298 4236 4237
f 4298 4237 4238
f 4298 4238 4239
f 4298 4239 4240
f 4298 4240 4241
f 4298 4241 4242
f 4298 4242 4243
f 4298 4243 4244
f 4298 4244 4245
f 4299 4301 4298
f 4298 4245 4246
f 4299 4246 4247
f 4299 4298 4246
f 4299 4247 4248
f 4299 4248 4249
f 4299 4249 4250
f 4299 4250 4251
f 4299 4251 4252
f 4299 4252 4253
f 4299 4253 4254
f 4299 4254 4255
f 4299 4255 4256
f 4299 4256 4257
f 4301 4257 4258
f 4301 4299 4257
f 4301 4258 4259
f 4301 4259 4260
f 4301 4260 4261
f 4301 4261 4262
f 4301 4262 4263
f 4300 4263 4264
f 4300 4264 4265
f 4300 4301 4263
f 4300 4265 4266
f 4300 4266 4267
f 4300 4267 4268
f 4300 4268 4269
f 4300 4269 4270
f 4300 4270 4271
f 4300 4271 4272
f 4300 4272 4273
f 4300 4273 4274
f 4300 4274 4275
f 4302 4300 4275
f 4302 4275 4276
f 4302 4276 4277
f 4302 4277 4278
f 4302 4278 4279
f 4302 4279 4280
f 4302 4280 4281
f 4302 4281 4282
f 4302 4282 4283
f 4302 4283 4284
f 4302 4284 4285
f 4302 4285 4286
f 4302 4286 4287
f 4303 4287 4288
f 4303 4288 4289
f 4303 4302 4287
f 4303 4289 4290
f 4303 4290 4291
f 4303 4291 4292
f 4303 4292 4293
f 4303 4293 4294
f 4303 4294 4295
f 4303 4295 4296
f 4303 4296 4297
f 4303 4297 4304
f 4173 4304 4172
f 4304 4173 4174
f 4304 4174 4175
f 4304 4175 4176
f 4304 4176 4177
f 4304 4177 4178
f 4304 4178 4179
f 4305 4179 4180
f 4305 4304 4179
f 4305 4180 4181
f 4305 4181 4182
f 4305 4182 4183
f 4305 4183 4184
f 4305 4184 4185
f 4305 4185 4186
f 4305 4186 4187
f 4305 4187 4188
f 4306 4304 4305
f 4305 4188 4189
f 4305 4189 4190
f 4305 4190 4191
f 4305 4191 4192
f 4305 4192 4193
f 4306 4193 4194
f 4306 4305 4193
f 4306 4194 4195
f 4306 4195 4196
f 4306 4196 4197
f 4306 4197 4198
f 4306 4198 4199
f 4306 4199 4200
f 4306 4200 4201
f 4306 4201 4202
f 4306 4202 4203
f 4306 4203 4204
f 4306 4204 4205
f 4306 4205 4206
f 4306 4206 4207
f 4308 4207 4208
f 4308 4306 4207
f 4308 4208 4209
f 4308 4209 4210
f 4308 4210 4211
f 4308 4211 4212
f 4308 4212 4213
f 4307 4213 4214
f 4307 4308 4213
f 4307 4214 4215
f 4307 4215 4216
f 4307 4216 4217
f 4307 4217 4218
f 4307 4218 4219
f 4307 4219 4220
f 4307 4220 4221
f 4307 4221 4222
f 4307 4222 4223
f 4307 4223 4224
f 4307 4224 4225
f 4309 4307 4225
f 4309 4225 4226
f 4309 4226 4227
f 4309 4227 4228
f 4309 4228 4229
f 4309 4229 4230
f 4309 4298 4307
f 4309 4230 4231
f 4309 4231 4232
f 4309 4232 4233
f 4298 4309 4233
f 4298 4233 4234
f 4298 4234 4235
f 4304 4306 4308
f 4304 4308 4307
f 4304 4307 4298
f 4302 4304 4298
f 4302 4303 4304
f 4302 4298 4301
f 4302 4301 4300
