# https://github.com/mikedh/trimesh
v 0.06130000 -0.00221499 -0.00856833
v 0.05650000 -0.00221499 -0.00856833
v 0.05650000 -0.00218641 -0.00857648
v 0.06130000 -0.00218641 -0.00857648
v 0.05650000 -0.00215828 -0.00858603
v 0.06130000 -0.00215828 -0.00858603
v 0.05650000 -0.00213065 -0.00859697
v 0.06130000 -0.00213065 -0.00859697
v 0.05650000 -0.00210359 -0.00860925
v 0.06130000 -0.00210359 -0.00860925
v 0.05650000 -0.00207718 -0.00862287
v 0.06130000 -0.00207718 -0.00862287
v 0.05650000 -0.00205147 -0.00863777
v 0.06130000 -0.00205147 -0.00863777
v 0.05650000 -0.00202653 -0.00865393
v 0.06130000 -0.00202653 -0.00865393
v 0.05650000 -0.00200242 -0.00867130
v 0.06130000 -0.00200242 -0.00867130
v 0.05650000 -0.00197921 -0.00868984
v 0.06130000 -0.00197921 -0.00868984
v 0.06130000 -0.00195693 -0.00870952
v 0.05650000 -0.00195693 -0.00870952
v 0.06130000 -0.00193567 -0.00873027
v 0.05650000 -0.00193567 -0.00873027
v 0.06130000 -0.00191545 -0.00875205
v 0.05650000 -0.00191545 -0.00875205
v 0.05650000 -0.00030319 -0.01324653
v 0.05650000 0.00030850 -0.01259721
v 0.05650000 0.00031021 -0.01262674
v 0.05650000 0.00031046 -0.01265632
v 0.05650000 0.00030926 -0.01268587
v 0.05650000 0.00030660 -0.01271533
v 0.05650000 0.00030249 -0.01274462
v 0.05650000 0.00029695 -0.01277367
v 0.05650000 0.00028998 -0.01280242
v 0.05650000 0.00028160 -0.01283078
v 0.05650000 0.00027183 -0.01285870
v 0.05650000 0.00026070 -0.01288611
v 0.05650000 0.00024823 -0.01291293
v 0.05650000 0.00023446 -0.01293910
v 0.05650000 0.00021941 -0.01296457
v 0.05650000 0.00020313 -0.01298926
v 0.05650000 0.00018565 -0.01301312
v 0.05650000 0.00016701 -0.01303609
v 0.05650000 0.00014727 -0.01305811
v 0.05650000 0.00012646 -0.01307913
v 0.05650000 0.00010465 -0.01309910
v 0.05650000 0.00008187 -0.01311797
v 0.05650000 0.00005820 -0.01313570
v 0.05650000 0.00003367 -0.01315224
v 0.05650000 0.00000837 -0.01316755
v 0.05650000 -0.00001766 -0.01318159
v 0.05650000 -0.00004435 -0.01319434
v 0.05650000 -0.00007164 -0.01320575
v 0.05650000 -0.00009946 -0.01321581
v 0.05650000 -0.00012773 -0.01322448
v 0.05650000 -0.00015640 -0.01323175
v 0.05650000 -0.00018540 -0.01323759
v 0.05650000 -0.00021465 -0.01324200
v 0.05650000 -0.00024407 -0.01324497
v 0.05650000 -0.00027361 -0.01324648
v 0.05650000 -0.00184866 -0.00884391
v 0.05650000 -0.00186370 -0.00881978
v 0.05650000 -0.00183477 -0.00886872
v 0.05650000 -0.00182208 -0.00889417
v 0.05650000 -0.00181060 -0.00892018
v 0.05650000 -0.00189714 -0.00877380
v 0.05650000 -0.00187987 -0.00879639
v 0.05650000 -0.00012789 -0.01200837
v 0.05850000 -0.00281604 -0.00839261
v 0.05650000 -0.00342862 -0.00815968
v 0.05650000 -0.00345630 -0.00815047
v 0.05650000 -0.00340143 -0.00817024
v 0.05650000 -0.00348438 -0.00814260
v 0.05650000 -0.00354153 -0.00813101
v 0.05650000 -0.00357047 -0.00812732
v 0.05650000 -0.00351282 -0.00813611
v 0.06025971 -0.00409367 -0.01357661
v 0.05650000 -0.00365786 -0.00812471
v 0.05650000 -0.00368696 -0.00812667
v 0.05650000 -0.00362870 -0.00812416
v 0.05650000 -0.00359954 -0.00812503
v 0.05650000 -0.00371593 -0.00813004
v 0.05650000 -0.00374470 -0.00813482
v 0.05650000 -0.00380138 -0.00814854
v 0.05650000 -0.00382915 -0.00815745
v 0.05650000 -0.00377321 -0.00814099
v 0.05650000 -0.00385646 -0.00816770
v 0.05650000 -0.00390942 -0.00819211
v 0.05650000 -0.00393494 -0.00820622
v 0.05650000 -0.00388323 -0.00817926
v 0.05650000 -0.00395975 -0.00822155
v 0.05650000 -0.00398379 -0.00823807
v 0.05650000 -0.00757374 -0.00968834
v 0.05650000 -0.00760212 -0.00969785
v 0.05650000 -0.00754493 -0.00968024
v 0.05650000 -0.00762999 -0.00970877
v 0.05650000 -0.00751574 -0.00967360
v 0.05650000 -0.00765728 -0.00972107
v 0.05650000 -0.00768392 -0.00973471
v 0.05650000 -0.00572714 -0.00927494
v 0.05650000 -0.00776938 -0.01073239
v 0.05650000 -0.00770984 -0.00974967
v 0.05650000 -0.00778997 -0.01071535
v 0.05650000 -0.00782877 -0.01067860
v 0.05650000 -0.00780978 -0.01069741
v 0.05650000 -0.00778271 -0.00980201
v 0.05650000 -0.00780516 -0.00982181
v 0.05650000 -0.00775930 -0.00978336
v 0.05650000 -0.00773499 -0.00976590
v 0.05650000 -0.00786615 -0.01063604
v 0.05650000 -0.00784691 -0.01065896
v 0.05650000 -0.00790110 -0.01058747
v 0.05650000 -0.00788423 -0.01061219
v 0.05650000 -0.00784695 -0.00986464
v 0.05650000 -0.00786620 -0.00988756
v 0.05650000 -0.00782659 -0.00984270
v 0.05650000 -0.00788428 -0.00991142
v 0.05650000 -0.00790114 -0.00993614
v 0.05650000 -0.00794404 -0.01050869
v 0.05650000 -0.00791672 -0.01056193
v 0.05650000 -0.00793104 -0.01053565
v 0.05650000 -0.00791676 -0.00996168
v 0.05650000 -0.00793107 -0.00998796
v 0.05650000 -0.00796591 -0.01045299
v 0.05650000 -0.00795567 -0.01048111
v 0.05650000 -0.00794407 -0.01001493
v 0.05650000 -0.00795569 -0.01004251
v 0.05650000 -0.00798213 -0.01039538
v 0.05650000 -0.00797474 -0.01042439
v 0.05650000 -0.00796593 -0.01007063
v 0.05650000 -0.00798807 -0.01036605
v 0.05650000 -0.00797476 -0.01009923
v 0.05650000 -0.00798215 -0.01012824
v 0.05650000 -0.00798808 -0.01015757
v 0.05650000 -0.00799701 -0.01027678
v 0.05650000 -0.00799253 -0.01033645
v 0.05650000 -0.00799551 -0.01030667
v 0.05650000 -0.00799254 -0.01018717
v 0.05650000 -0.00799552 -0.01021695
v 0.05650000 -0.00799701 -0.01024684
v 0.06130000 -0.00340143 -0.00817024
v 0.06130000 -0.00395975 -0.00822155
v 0.06130000 -0.00393494 -0.00820622
v 0.06130000 -0.00390942 -0.00819211
v 0.06130000 -0.00388323 -0.00817926
v 0.06130000 -0.00385646 -0.00816770
v 0.06130000 -0.00382915 -0.00815745
v 0.06130000 -0.00380138 -0.00814854
v 0.06130000 -0.00377321 -0.00814099
v 0.06130000 -0.00374470 -0.00813482
v 0.06130000 -0.00371593 -0.00813004
v 0.06130000 -0.00368696 -0.00812667
v 0.06130000 -0.00365786 -0.00812471
v 0.06130000 -0.00362870 -0.00812416
v 0.06130000 -0.00359954 -0.00812503
v 0.06130000 -0.00357047 -0.00812732
v 0.06130000 -0.00354153 -0.00813101
v 0.06130000 -0.00351282 -0.00813611
v 0.06130000 -0.00348438 -0.00814260
v 0.06130000 -0.00345630 -0.00815047
v 0.06130000 -0.00342862 -0.00815968
v 0.06130000 -0.00532329 -0.00908028
v 0.06130000 -0.00725775 -0.00962855
v 0.06130000 -0.00778997 -0.01071535
v 0.06130000 -0.00780978 -0.01069741
v 0.06130000 -0.00782877 -0.01067860
v 0.06130000 -0.00784691 -0.01065896
v 0.06130000 -0.00786615 -0.01063604
v 0.06130000 -0.00788423 -0.01061219
v 0.06130000 -0.00790110 -0.01058747
v 0.06130000 -0.00791672 -0.01056193
v 0.06130000 -0.00793104 -0.01053565
v 0.06130000 -0.00794404 -0.01050869
v 0.06130000 -0.00795567 -0.01048111
v 0.06130000 -0.00796591 -0.01045299
v 0.06130000 -0.00797474 -0.01042439
v 0.06130000 -0.00798213 -0.01039538
v 0.06130000 -0.00798807 -0.01036605
v 0.06130000 -0.00799253 -0.01033645
v 0.06130000 -0.00799551 -0.01030667
v 0.06130000 -0.00799701 -0.01027678
v 0.06130000 -0.00799701 -0.01024684
v 0.06130000 -0.00799552 -0.01021695
v 0.06130000 -0.00799254 -0.01018717
v 0.06130000 -0.00798808 -0.01015757
v 0.06130000 -0.00798215 -0.01012824
v 0.06130000 -0.00797476 -0.01009923
v 0.06130000 -0.00796593 -0.01007063
v 0.06130000 -0.00795569 -0.01004251
v 0.06130000 -0.00794407 -0.01001493
v 0.06130000 -0.00793107 -0.00998796
v 0.06130000 -0.00791676 -0.00996168
v 0.06130000 -0.00790114 -0.00993614
v 0.06130000 -0.00788428 -0.00991142
v 0.06130000 -0.00786620 -0.00988756
v 0.06130000 -0.00784695 -0.00986464
v 0.06130000 -0.00782659 -0.00984270
v 0.06130000 -0.00780516 -0.00982181
v 0.06130000 -0.00778271 -0.00980201
v 0.06130000 -0.00775930 -0.00978336
v 0.06130000 -0.00773499 -0.00976590
v 0.06130000 -0.00770984 -0.00974967
v 0.06130000 -0.00768392 -0.00973471
v 0.06130000 -0.00765728 -0.00972107
v 0.06130000 -0.00762999 -0.00970877
v 0.06130000 -0.00760212 -0.00969785
v 0.06130000 -0.00757374 -0.00968834
v 0.06130000 -0.00754493 -0.00968024
v 0.06130000 0.01318250 -0.00133576
v 0.06130000 0.01488433 -0.00185921
v 0.06130000 0.01317879 -0.00136510
v 0.06130000 0.01317364 -0.00139423
v 0.06130000 0.01316707 -0.00142307
v 0.06130000 0.01315908 -0.00145155
v 0.06130000 0.01314969 -0.00147959
v 0.06130000 0.01313894 -0.00150715
v 0.06130000 0.01312684 -0.00153414
v 0.06130000 0.01311342 -0.00156050
v 0.06130000 0.01309873 -0.00158617
v 0.06130000 0.01477315 -0.00259882
v 0.06130000 0.01308278 -0.00161108
v 0.06130000 0.01306563 -0.00163517
v 0.06130000 0.01304731 -0.00165839
v 0.06130000 0.01302787 -0.00168068
v 0.06130000 0.01300735 -0.00170199
v 0.06130000 0.01298581 -0.00172226
v 0.06130000 0.01296330 -0.00174144
v 0.06130000 0.01293986 -0.00175949
v 0.06130000 0.01291557 -0.00177636
v 0.06130000 0.01462525 -0.00333198
v 0.06130000 0.01289048 -0.00179202
v 0.06130000 0.01286464 -0.00180641
v 0.06130000 0.01283812 -0.00181952
v 0.06130000 0.01281100 -0.00183131
v 0.06130000 0.01278332 -0.00184174
v 0.06130000 0.01275516 -0.00185080
v 0.06130000 0.01272660 -0.00185846
v 0.06130000 0.01444098 -0.00405684
v 0.06130000 0.01269768 -0.00186470
v 0.06130000 0.01266850 -0.00186951
v 0.06130000 0.01263911 -0.00187288
v 0.06130000 0.01260960 -0.00187479
v 0.06130000 0.01258002 -0.00187525
v 0.06130000 0.01255046 -0.00187425
v 0.06130000 0.01422082 -0.00477162
v 0.06130000 0.01252099 -0.00187179
v 0.06130000 0.01249167 -0.00186788
v 0.06130000 0.01246258 -0.00186254
v 0.05798966 0.01307481 0.00305126
v 0.06130000 0.01243379 -0.00185576
v 0.06130000 0.01396529 -0.00547454
v 0.06130000 0.01240537 -0.00184758
v 0.06130000 0.01237738 -0.00183800
v 0.06130000 0.01234990 -0.00182706
v 0.06130000 0.01298739 0.00750519
v 0.06130000 0.01161008 0.00638385
v 0.06130000 0.01159571 0.00640639
v 0.06130000 0.01158035 0.00642826
v 0.06130000 0.01156404 0.00644943
v 0.06130000 0.01154679 0.00646985
v 0.06130000 0.01152643 0.00649179
v 0.06130000 0.01150499 0.00651268
v 0.06130000 0.01148254 0.00653247
v 0.06130000 0.01145913 0.00655112
v 0.06130000 0.01259714 0.00814322
v 0.06130000 0.01143482 0.00656858
v 0.06130000 0.01140967 0.00658481
v 0.06130000 0.01138374 0.00659976
v 0.06130000 0.01135710 0.00661340
v 0.06130000 0.01132981 0.00662569
v 0.06130000 0.01130194 0.00663661
v 0.06130000 0.01127356 0.00664612
v 0.06130000 0.01124474 0.00665421
v 0.06130000 0.01217557 0.00876102
v 0.06130000 0.01121556 0.00666085
v 0.06130000 0.01118608 0.00666603
v 0.06130000 0.01115638 0.00666973
v 0.06130000 0.01112653 0.00667194
v 0.06130000 0.01109661 0.00667266
v 0.06130000 0.01106669 0.00667189
v 0.06130000 0.01103684 0.00666963
v 0.06130000 0.01100714 0.00666588
v 0.06130000 0.01172374 0.00935703
v 0.06130000 0.01097767 0.00666066
v 0.06130000 0.01094850 0.00665397
v 0.06130000 0.01091969 0.00664584
v 0.06130000 0.01089133 0.00663628
v 0.06130000 0.01086348 0.00662532
v 0.06130000 0.01083621 0.00661298
v 0.06130000 0.01124275 0.00992978
v 0.06130000 0.01080959 0.00659930
v 0.06130000 0.01078368 0.00658431
v 0.06130000 0.01075856 0.00656804
v 0.06130000 0.01073428 0.00655054
v 0.06130000 0.01073382 0.01047784
v 0.06130000 0.01071090 0.00653186
v 0.06130000 0.01068848 0.00651203
v 0.06130000 0.01066707 0.00649110
v 0.06120000 0.00888025 -0.00681869
v 0.06116286 0.00874582 -0.00576634
v 0.06130000 0.00859259 -0.00539827
v 0.06130000 0.01229673 -0.00180118
v 0.06130000 0.01232300 -0.00181478
v 0.06130000 0.00852764 -0.00526353
v 0.06130000 0.01224636 -0.00177019
v 0.06130000 0.01227116 -0.00178631
v 0.06130000 0.00845605 -0.00513219
v 0.06130000 0.01219929 -0.00173440
v 0.06130000 0.01222238 -0.00175288
v 0.06118571 0.00851098 -0.00807628
v 0.06130000 0.00837800 -0.00500458
v 0.06130000 0.01217713 -0.00171480
v 0.06130000 0.00829368 -0.00488102
v 0.06130000 0.01213584 -0.00167246
v 0.06130000 0.01215596 -0.00169414
v 0.06130000 0.00820332 -0.00476182
v 0.06130000 0.01203082 -0.00154370
v 0.06130000 0.01211623 -0.00164908
v 0.06130000 0.01212264 -0.00165699
v 0.06130000 0.01212917 -0.00166478
v 0.06130000 0.01088003 -0.00032300
v 0.06118571 0.00728811 -0.00397302
v 0.06130000 0.00702277 -0.00386833
v 0.06130000 0.00907554 0.00069463
v 0.06130000 0.00910060 0.00068120
v 0.06130000 0.00688350 -0.00381374
v 0.06130000 0.00902746 0.00072497
v 0.06130000 0.00905114 0.00070923
v 0.06130000 0.00674169 -0.00376615
v 0.06130000 0.00900455 0.00074181
v 0.06130000 0.01062753 0.00644619
v 0.06130000 0.00580696 0.00816729
v 0.06130000 0.01060949 0.00642231
v 0.06130000 0.01059266 0.00639755
v 0.06130000 0.00581435 0.00831669
v 0.06130000 0.01064674 0.00646914
v 0.06112857 0.00581528 0.00806816
v 0.05895854 0.00991000 0.00465183
v 0.06130000 0.00500790 0.01091885
v 0.06122258 0.00554773 0.00706669
v 0.06130000 0.00888457 0.00086587
v 0.06130000 0.00498617 -0.00037166
v 0.06130000 0.00890253 0.00084220
v 0.06130000 0.00892164 0.00081945
v 0.06130000 0.00499850 -0.00012266
v 0.06130000 0.00883800 0.00094180
v 0.06130000 0.00885226 0.00091573
v 0.06130000 0.00886780 0.00089040
v 0.06130000 0.00496144 -0.00061974
v 0.06130000 0.00894097 0.00079859
v 0.06130000 0.00896126 0.00077866
v 0.06130000 0.00898247 0.00075973
v 0.06130000 0.00499840 0.00012665
v 0.06130000 0.00880319 0.00102379
v 0.06130000 0.00881344 0.00099589
v 0.06130000 0.00882505 0.00096854
v 0.06130000 0.00492439 -0.00086627
v 0.06121864 0.00574867 -0.00358727
v 0.06130000 0.00878690 0.00108092
v 0.06130000 0.00498587 0.00037564
v 0.06130000 0.00879434 0.00105215
v 0.06130000 0.00492208 0.00090162
v 0.06130000 0.00868053 0.00173696
v 0.06130000 0.00851505 0.00242281
v 0.06130000 0.00481258 0.00135612
v 0.06130000 0.00852078 0.00239421
v 0.06130000 0.00866716 0.00293544
v 0.06130000 0.00850779 0.00248067
v 0.06130000 0.00473900 0.00159433
v 0.06130000 0.00851072 0.00245166
v 0.06119091 0.00448454 -0.00932439
v 0.06440656 0.01142802 -0.01135441
v 0.06130000 0.00496369 0.00629643
v 0.06130000 0.00864780 0.00291363
v 0.06130000 0.00862952 0.00289090
v 0.06130000 0.00850751 0.00256810
v 0.06130000 0.00465364 0.00182856
v 0.06130000 0.00850618 0.00253897
v 0.06130000 0.00850628 0.00250980
v 0.06130000 0.00485665 0.00619194
v 0.06130000 0.00861236 0.00286732
v 0.06130000 0.00859637 0.00284292
v 0.06130000 0.00851993 0.00265465
v 0.06130000 0.00455671 0.00205825
v 0.06130000 0.00851439 0.00262601
v 0.06130000 0.00851024 0.00259714
v 0.06130000 0.00474454 0.00609292
v 0.06130000 0.00858159 0.00281778
v 0.06130000 0.00854480 0.00273847
v 0.06130000 0.00444845 0.00228283
v 0.06130000 0.00853516 0.00271094
v 0.06130000 0.00852686 0.00268298
v 0.06116286 0.00484400 -0.00378512
v 0.06390562 0.00982138 0.01202913
v 0.06130000 0.00856805 0.00279195
v 0.06130000 0.00432913 0.00250173
v 0.06130000 0.00855577 0.00276549
v 0.06130000 0.00419905 0.00271441
v 0.06130000 0.00409353 -0.00315161
v 0.06120769 0.00129578 0.01105052
v 0.06124217 0.00321634 0.00529586
v 0.06130000 0.00297806 -0.01470140
v 0.06130000 0.00030926 -0.01268587
v 0.06130000 0.00224156 -0.01483157
v 0.06130000 0.00031046 -0.01265632
v 0.06130000 0.00030660 -0.01271533
v 0.06130000 0.00031021 -0.01262674
v 0.06130000 0.00030249 -0.01274462
v 0.06130000 -0.00006375 -0.01209746
v 0.06130000 0.00029695 -0.01277367
v 0.06130000 0.00028998 -0.01280242
v 0.06130000 0.00028160 -0.01283078
v 0.06130000 0.00027183 -0.01285870
v 0.06130000 0.00149948 -0.01492486
v 0.06130000 0.00026070 -0.01288611
v 0.06130000 0.00318491 -0.00466220
v 0.06130000 0.00024823 -0.01291293
v 0.06123514 0.00343324 -0.00847186
v 0.06130000 0.00023446 -0.01293910
v 0.06130000 0.00021941 -0.01296457
v 0.06130000 0.00020313 -0.01298926
v 0.06130000 0.00018565 -0.01301312
v 0.06130000 0.00016701 -0.01303609
v 0.06130000 0.00075367 -0.01498105
v 0.06130000 0.00014727 -0.01305811
v 0.06130000 0.00012646 -0.01307913
v 0.06130000 0.00010465 -0.01309910
v 0.06130000 0.00008187 -0.01311797
v 0.06130000 0.00005820 -0.01313570
v 0.06130000 0.00003367 -0.01315224
v 0.06130000 0.00000837 -0.01316755
v 0.06130000 -0.00001766 -0.01318159
v 0.06130000 -0.00004435 -0.01319434
v 0.06130000 0.00000599 -0.01500000
v 0.06130000 -0.00007164 -0.01320575
v 0.06130000 -0.00009946 -0.01321581
v 0.06130000 -0.00012773 -0.01322448
v 0.06130000 -0.00015640 -0.01323175
v 0.06130000 -0.00018540 -0.01323759
v 0.06130000 -0.00021465 -0.01324200
v 0.06130000 -0.00024407 -0.01324497
v 0.06130000 0.00025122 -0.00499368
v 0.06130000 0.00290435 -0.00715535
v 0.06130000 -0.00027361 -0.01324648
v 0.06130000 -0.00030319 -0.01324653
v 0.06123333 0.00047729 0.00639190
v 0.06112857 0.00292751 -0.00735060
v 0.06130000 0.00293405 -0.00730196
v 0.06130000 -0.00181060 -0.00892018
v 0.06130000 -0.00182208 -0.00889417
v 0.06130000 -0.00183477 -0.00886872
v 0.06130000 -0.00184866 -0.00884391
v 0.06130000 0.00000200 -0.00500000
v 0.06130000 -0.00186370 -0.00881978
v 0.06130000 -0.00187987 -0.00879639
v 0.06130000 -0.00189714 -0.00877380
v 0.06130000 -0.00024724 -0.00499388
v 0.06130000 -0.00049585 -0.00497535
v 0.06130000 -0.00074324 -0.00494445
v 0.06130000 -0.00098877 -0.00490126
v 0.06130000 -0.00123185 -0.00484588
v 0.06121000 0.00044395 0.01025083
v 0.06130000 -0.00171198 0.00469778
v 0.06130000 -0.00010926 0.00772155
v 0.06130000 -0.00157010 -0.00474858
v 0.06130000 -0.00194033 -0.00460816
v 0.06130000 -0.00216762 -0.00450571
v 0.06130000 -0.00238952 -0.00439206
v 0.06130000 -0.00260547 -0.00426749
v 0.06130000 -0.00224156 0.01483157
v 0.06130000 -0.00281495 -0.00413232
v 0.06130000 -0.00301743 -0.00398687
v 0.06130000 -0.00321241 -0.00383151
v 0.06130000 0.00029453 0.01001691
v 0.06130000 -0.00459005 0.01149201
v 0.06130000 0.00021658 0.00988924
v 0.06130000 -0.00458855 0.01152192
v 0.06130000 -0.00459304 0.01146222
v 0.06130000 -0.00458854 0.01155186
v 0.06130000 0.00037874 0.01014054
v 0.06130000 -0.00459752 0.01143261
v 0.06130000 0.00014510 0.00975785
v 0.06130000 -0.00459003 0.01158177
v 0.06130000 -0.00460346 0.01140326
v 0.06130000 0.00008025 0.00962305
v 0.06130000 -0.00459300 0.01161156
v 0.06130000 -0.00461087 0.01137425
v 0.06130000 -0.00459746 0.01164117
v 0.06130000 -0.00461971 0.01134564
v 0.06130000 0.00002220 0.00948519
v 0.06130000 -0.00460339 0.01167053
v 0.06130000 -0.00462997 0.01131750
v 0.06130000 -0.00297806 0.01470140
v 0.06130000 -0.00461078 0.01169954
v 0.06130000 -0.00461961 0.01172816
v 0.06130000 -0.00462985 0.01175630
v 0.06130000 -0.00464149 0.01178389
v 0.06130000 -0.00370716 0.01453468
v 0.06130000 -0.00465448 0.01181086
v 0.06130000 -0.00466881 0.01183716
v 0.06130000 -0.00468443 0.01186271
v 0.06130000 -0.00471011 0.01189955
v 0.06116667 -0.00010043 0.00915609
v 0.05944104 -0.00536643 0.01232187
v 0.06130000 -0.00513987 0.00748171
v 0.06130000 -0.00514183 0.00745261
v 0.06130000 -0.00013896 0.00786816
v 0.06130000 -0.00513933 0.00751087
v 0.06130000 -0.00016131 0.00801606
v 0.06130000 -0.00514521 0.00742364
v 0.06130000 -0.00514020 0.00754003
v 0.06130000 -0.00514998 0.00739487
v 0.06130000 -0.00194401 0.00460661
v 0.06130000 -0.00515616 0.00736636
v 0.06130000 -0.00516370 0.00733819
v 0.06130000 -0.00217122 0.00450398
v 0.06130000 -0.00517261 0.00731042
v 0.06130000 -0.00518286 0.00728311
v 0.06130000 -0.00519442 0.00725633
v 0.06130000 -0.00239302 0.00439015
v 0.06130000 -0.00520727 0.00723015
v 0.06130000 -0.00522138 0.00720462
v 0.06130000 -0.00523671 0.00717981
v 0.06130000 -0.00260888 0.00426541
v 0.06130000 -0.00525323 0.00715577
v 0.06130000 -0.00019165 0.00844155
v 0.06130000 -0.00527090 0.00713257
v 0.06130000 -0.00528967 0.00711025
v 0.06130000 -0.00281825 0.00413007
v 0.06130000 -0.00530951 0.00708886
v 0.06130000 -0.00533036 0.00706847
v 0.06130000 -0.00302061 0.00398446
v 0.06130000 -0.00535218 0.00704912
v 0.06130000 -0.00663243 -0.00395540
v 0.06130000 -0.00674455 -0.00405442
v 0.06130000 -0.00686146 -0.00414773
v 0.06130000 -0.00347252 0.00360799
v 0.06130000 -0.00617682 0.00633843
v 0.06130000 -0.00640222 0.00612762
v 0.06130000 -0.00391040 0.00311589
v 0.06130000 -0.00642669 0.00611175
v 0.06130000 -0.00645190 0.00609709
v 0.06130000 -0.00647780 0.00608366
v 0.06130000 -0.00406085 0.00291710
v 0.06130000 -0.00650431 0.00607152
v 0.06130000 -0.00653139 0.00606067
v 0.06130000 -0.00655896 0.00605115
v 0.06130000 -0.00420121 0.00271105
v 0.06130000 -0.00658696 0.00604299
v 0.06130000 -0.00661532 0.00603619
v 0.06130000 -0.00664398 0.00603078
v 0.06130000 -0.00433112 0.00249827
v 0.06130000 -0.00667287 0.00602677
v 0.06130000 -0.00670192 0.00602417
v 0.06130000 -0.00445027 0.00227928
v 0.06118571 -0.00696009 -0.00425367
v 0.06130000 -0.00673106 0.00602299
v 0.06114000 -0.00729082 0.00092569
v 0.06130000 -0.00764889 0.00106243
v 0.06130000 -0.00676023 0.00602322
v 0.06130000 -0.00779070 0.00111001
v 0.06130000 -0.00681835 0.00602793
v 0.06130000 -0.00678935 0.00602487
v 0.06130000 -0.00793471 0.00115047
v 0.06130000 -0.00684718 0.00603239
v 0.06130000 -0.00837393 -0.00474203
v 0.06121273 -0.00868064 0.00127257
v 0.06130000 -0.00852309 -0.00475327
v 0.06130000 -0.00905229 -0.01196060
v 0.06130000 -0.00867263 -0.00475706
v 0.06130000 -0.00882217 -0.00475339
v 0.06130000 -0.00897134 -0.00474227
v 0.06130000 -0.00963723 -0.01149452
v 0.06130000 -0.01019820 -0.01099985
v 0.06130000 -0.01073382 -0.01047784
v 0.06130000 -0.01124275 -0.00992978
v 0.06112857 -0.00961408 0.00110996
v 0.05900141 -0.00884057 0.00631799
v 0.06130000 -0.01074713 0.00597708
v 0.06130000 -0.00970101 0.00106161
v 0.06130000 -0.01172374 -0.00935703
v 0.06130000 -0.01077698 0.00597481
v 0.06130000 -0.00984023 0.00100691
v 0.06130000 -0.01080692 0.00597403
v 0.06130000 -0.01083685 0.00597474
v 0.06130000 -0.00997656 0.00094533
v 0.06130000 -0.01086672 0.00597694
v 0.06130000 -0.01089643 0.00598063
v 0.06130000 -0.01010964 0.00087704
v 0.06130000 -0.01092593 0.00598580
v 0.06130000 -0.01095513 0.00599244
v 0.06130000 -0.01138042 0.00675263
v 0.06130000 -0.01299337 0.00749481
v 0.06130000 -0.01138846 0.00672445
v 0.06130000 -0.01139511 0.00669591
v 0.06130000 -0.01140036 0.00666709
v 0.06130000 -0.01140420 0.00663803
v 0.06130000 -0.01133485 0.00686044
v 0.06130000 -0.01134820 0.00683435
v 0.06130000 -0.01136027 0.00680765
v 0.06130000 -0.01137102 0.00678039
v 0.06122727 -0.01025073 -0.00438684
v 0.06130000 -0.01335081 0.00683783
v 0.06130000 -0.01140661 0.00660883
v 0.06130000 -0.01140760 0.00657954
v 0.06130000 -0.01140715 0.00655024
v 0.06130000 -0.01140527 0.00652100
v 0.06130000 -0.01140197 0.00649188
v 0.06130000 -0.01139725 0.00646296
v 0.06130000 -0.01139113 0.00643431
v 0.06130000 -0.01138361 0.00640598
v 0.06130000 -0.01137472 0.00637806
v 0.06130000 -0.01367505 0.00616385
v 0.06130000 -0.01136447 0.00635061
v 0.06130000 -0.01135290 0.00632368
v 0.06130000 -0.01134003 0.00629736
v 0.06130000 -0.01132589 0.00627170
v 0.06130000 -0.01131051 0.00624675
v 0.06130000 -0.01129393 0.00622259
v 0.06130000 -0.01127619 0.00619926
v 0.06117368 -0.01120010 -0.00343073
v 0.06130000 -0.01396529 0.00547454
v 0.06130000 -0.01125733 0.00617683
v 0.06130000 -0.01123696 0.00615489
v 0.06130000 -0.01121551 0.00613399
v 0.06130000 -0.01119305 0.00611419
v 0.06130000 -0.01116963 0.00609553
v 0.06130000 -0.01114530 0.00607807
v 0.06130000 -0.01422082 0.00477162
v 0.06130000 -0.01112014 0.00606184
v 0.06130000 -0.01109420 0.00604689
v 0.06130000 -0.01106754 0.00603324
v 0.06130000 -0.01104024 0.00602095
v 0.06130000 -0.01444098 0.00405684
v 0.06130000 -0.01101235 0.00601003
v 0.06130000 -0.01098396 0.00600052
v 0.06266849 -0.01350818 -0.00693626
v 0.06219516 0.01111955 -0.00892026
v 0.06541463 -0.00656969 -0.01441225
v 0.06600000 -0.01399580 -0.00667112
v 0.06525000 -0.01461358 -0.00655472
v 0.06566667 -0.01514645 0.00462546
v 0.06296029 -0.01202684 0.00909225
v 0.06443623 0.00403223 0.01513385
v 0.06542857 0.01605669 0.00084129
v 0.06548780 -0.01172068 -0.01077181
v 0.06542308 0.01495361 -0.00434808
v 0.06628571 0.01451107 -0.00380950
v 0.06636364 0.01396529 -0.00547454
v 0.06600000 0.01482016 0.00287918
v 0.06600000 0.01324091 0.00709663
v 0.06600000 0.01260099 -0.00827284
v 0.06628571 0.01193719 0.00909229
v 0.06636364 0.01073382 0.01047784
v 0.06392468 0.01370326 0.00808595
v 0.06600000 0.00575028 -0.01386696
v 0.06550000 0.00355568 -0.01553809
v 0.06636364 0.00370716 -0.01453468
v 0.06628571 -0.00190556 0.01488406
v 0.06552632 -0.00122971 -0.01564639
v 0.06600000 -0.00764753 -0.01301699
v 0.06636364 -0.00370716 0.01453468
v 0.06544828 -0.00303825 0.01541981
v 0.06636364 -0.01124275 -0.00992978
v 0.06562500 -0.00771916 0.01369805
v 0.06636364 -0.01172374 -0.00935703
v 0.06397119 -0.01460613 -0.00335977
v 0.06636364 -0.01396529 0.00547454
v 0.06636364 -0.01422082 0.00477162
v 0.06633333 0.01124275 0.00992978
v 0.06650000 0.01019820 0.01099985
v 0.06650000 0.00963723 0.01149452
v 0.06650000 0.00905229 0.01196060
v 0.06650000 0.00844485 0.01239695
v 0.06650000 0.00781642 0.01280248
v 0.06650000 0.00716855 0.01317619
v 0.06650000 0.00650286 0.01351713
v 0.06650000 0.00582100 0.01382447
v 0.06650000 0.00512467 0.01409744
v 0.06650000 0.00441560 0.01433536
v 0.06650000 0.00369556 0.01453764
v 0.06650000 0.00296632 0.01470377
v 0.06650000 0.00222971 0.01483335
v 0.06650000 0.00148756 0.01492606
v 0.06650000 0.00074171 0.01498165
v 0.06650000 -0.00000599 0.01500000
v 0.06650000 -0.00075367 0.01498105
v 0.06650000 -0.00149948 0.01492486
v 0.06650000 -0.00297806 0.01470140
v 0.06650000 -0.00442705 0.01433183
v 0.06650000 -0.00513593 0.01409334
v 0.06650000 -0.00583204 0.01381982
v 0.06650000 -0.00651365 0.01351193
v 0.06650000 -0.00717907 0.01317046
v 0.06650000 -0.00782664 0.01279624
v 0.06650000 -0.00845475 0.01239021
v 0.06650000 -0.00906184 0.01195337
v 0.06650000 -0.00964640 0.01148682
v 0.06650000 -0.01020698 0.01099170
v 0.06650000 -0.01074218 0.01046926
v 0.06650000 -0.01125068 0.00992080
v 0.06650000 -0.01173121 0.00934766
v 0.06650000 -0.01218256 0.00875129
v 0.06650000 -0.01260364 0.00813316
v 0.06650000 -0.01299337 0.00749481
v 0.06650000 -0.01335081 0.00683783
v 0.06650000 -0.01367505 0.00616385
v 0.06636364 -0.01453914 0.00369594
v 0.06650000 -0.01462525 0.00333198
v 0.06650000 -0.01477315 0.00259882
v 0.06650000 -0.01488433 0.00185921
v 0.06650000 -0.01495850 0.00111498
v 0.06650000 -0.01499549 0.00036797
v 0.06650000 -0.01499519 -0.00037995
v 0.06650000 -0.01495761 -0.00112692
v 0.06650000 -0.01488284 -0.00187110
v 0.06650000 -0.01477108 -0.00261062
v 0.06650000 -0.01462258 -0.00334365
v 0.06650000 -0.01443774 -0.00406837
v 0.06650000 -0.01421700 -0.00478298
v 0.06650000 -0.01396092 -0.00548569
v 0.06650000 -0.01367012 -0.00617476
v 0.06650000 -0.01334534 -0.00684849
v 0.06650000 -0.01298739 -0.00750519
v 0.06650000 -0.01259714 -0.00814322
v 0.06650000 -0.01217557 -0.00876102
v 0.06630769 -0.01055466 -0.01066221
v 0.06650000 -0.01019820 -0.01099985
v 0.06650000 -0.00963723 -0.01149452
v 0.06650000 -0.00905229 -0.01196060
v 0.06650000 -0.00844485 -0.01239695
v 0.06650000 -0.00781642 -0.01280248
v 0.06650000 -0.00716855 -0.01317619
v 0.06650000 -0.00650286 -0.01351713
v 0.06650000 -0.00582100 -0.01382447
v 0.06650000 -0.00512467 -0.01409744
v 0.06650000 -0.00441560 -0.01433536
v 0.06650000 -0.00369556 -0.01453764
v 0.06650000 -0.00296632 -0.01470377
v 0.06650000 -0.00222971 -0.01483335
v 0.06650000 -0.00148756 -0.01492606
v 0.06650000 -0.00074171 -0.01498165
v 0.06650000 0.00000599 -0.01500000
v 0.06650000 0.00075367 -0.01498105
v 0.06650000 0.00149948 -0.01492486
v 0.06650000 0.00224156 -0.01483157
v 0.06650000 0.00297806 -0.01470140
v 0.06650000 0.00442705 -0.01433183
v 0.06650000 0.00513593 -0.01409334
v 0.06650000 0.00583204 -0.01381982
v 0.06650000 0.00651365 -0.01351193
v 0.06650000 0.00717907 -0.01317046
v 0.06650000 0.00782664 -0.01279624
v 0.06650000 0.00845475 -0.01239021
v 0.06650000 0.00906184 -0.01195337
v 0.06650000 0.00964640 -0.01148682
v 0.06650000 0.01020698 -0.01099170
v 0.06650000 0.01074218 -0.01046926
v 0.06650000 0.01125068 -0.00992080
v 0.06650000 0.01173121 -0.00934766
v 0.06650000 0.01218256 -0.00875129
v 0.06650000 0.01260364 -0.00813316
v 0.06650000 0.01299337 -0.00749481
v 0.06650000 0.01335081 -0.00683783
v 0.06650000 0.01367505 -0.00616385
v 0.06650000 0.01422082 -0.00477162
v 0.06650000 0.01462525 -0.00333198
v 0.06650000 0.01477315 -0.00259882
v 0.06650000 0.01488433 -0.00185921
v 0.06650000 0.01495850 -0.00111498
v 0.06650000 0.01499549 -0.00036797
v 0.06650000 0.01499519 0.00037995
v 0.06650000 0.01495761 0.00112692
v 0.06650000 0.01488284 0.00187110
v 0.06650000 0.01477108 0.00261062
v 0.06650000 0.01462258 0.00334365
v 0.06650000 0.01443774 0.00406837
v 0.06650000 0.01421700 0.00478298
v 0.06650000 0.01396092 0.00548569
v 0.06650000 0.01367012 0.00617476
v 0.06650000 0.01334534 0.00684849
v 0.06650000 0.01298739 0.00750519
v 0.06650000 0.01259714 0.00814322
v 0.06650000 0.01217557 0.00876102
v 0.06650000 -0.01297617 0.00385655
v 0.06650000 -0.01297223 0.00393623
v 0.06650000 -0.01296432 0.00401561
v 0.06650000 -0.01297614 0.00377677
v 0.06650000 -0.01295246 0.00409451
v 0.06650000 -0.01297213 0.00369709
v 0.06650000 -0.01293668 0.00417271
v 0.06650000 -0.01296416 0.00361771
v 0.06650000 -0.01291702 0.00425003
v 0.06650000 -0.01295223 0.00353883
v 0.06650000 -0.01289354 0.00432627
v 0.06650000 -0.01293640 0.00346064
v 0.06650000 -0.01286628 0.00440125
v 0.06650000 -0.01291668 0.00338334
v 0.06650000 -0.01283532 0.00447478
v 0.06650000 -0.01289313 0.00330711
v 0.06650000 -0.01280074 0.00454667
v 0.06650000 -0.01286582 0.00323216
v 0.06650000 -0.01276261 0.00461674
v 0.06650000 -0.01283480 0.00315866
v 0.06650000 -0.01272104 0.00468484
v 0.06650000 -0.01280016 0.00308679
v 0.06650000 -0.01267613 0.00475077
v 0.06650000 -0.01276197 0.00301674
v 0.06650000 -0.01262798 0.00481438
v 0.06650000 -0.01272035 0.00294869
v 0.06650000 -0.01257673 0.00487552
v 0.06650000 -0.01267538 0.00288279
v 0.06650000 -0.01252249 0.00493402
v 0.06650000 -0.01262719 0.00281922
v 0.06650000 -0.01246540 0.00498975
v 0.06650000 -0.01257588 0.00275812
v 0.06650000 -0.01240560 0.00504256
v 0.06650000 -0.01252159 0.00269966
v 0.06650000 -0.01234325 0.00509232
v 0.06650000 -0.01246446 0.00264398
v 0.06650000 -0.01227849 0.00513892
v 0.06650000 -0.01240462 0.00259122
v 0.06650000 -0.01221149 0.00518223
v 0.06650000 -0.01234223 0.00254150
v 0.06650000 -0.01214242 0.00522215
v 0.06650000 -0.01227744 0.00249496
v 0.06650000 -0.01207144 0.00525857
v 0.06650000 -0.01221040 0.00245170
v 0.06650000 -0.01199874 0.00529141
v 0.06650000 -0.01214130 0.00241184
v 0.06650000 -0.01192449 0.00532059
v 0.06650000 -0.01207029 0.00237547
v 0.06650000 -0.01184887 0.00534603
v 0.06650000 -0.01199756 0.00234269
v 0.06650000 -0.01177208 0.00536766
v 0.06650000 -0.01192329 0.00231357
v 0.06650000 -0.01169431 0.00538545
v 0.06650000 -0.01161575 0.00539933
v 0.06650000 -0.01153660 0.00540928
v 0.06650000 -0.01145704 0.00541528
v 0.06650000 -0.01137729 0.00541730
v 0.06650000 -0.01129754 0.00541534
v 0.06650000 -0.01121798 0.00540941
v 0.06650000 -0.01113882 0.00539952
v 0.06650000 -0.01106025 0.00538570
v 0.06650000 -0.01098246 0.00536798
v 0.06650000 -0.01090566 0.00534640
v 0.06650000 -0.01083002 0.00532102
v 0.06650000 -0.01075575 0.00529191
v 0.06650000 -0.01068301 0.00525913
v 0.06650000 -0.01061201 0.00522276
v 0.06650000 -0.01054290 0.00518290
v 0.06650000 -0.01047587 0.00513964
v 0.06650000 -0.01041108 0.00509310
v 0.06650000 -0.01034868 0.00504338
v 0.06650000 -0.01028884 0.00499062
v 0.06650000 -0.01067322 -0.00170799
v 0.06650000 -0.01066829 -0.00160839
v 0.06650000 -0.01065840 -0.00150916
v 0.06650000 -0.01067318 -0.00180772
v 0.06650000 -0.01064358 -0.00141055
v 0.06650000 -0.01066817 -0.00190731
v 0.06650000 -0.01062386 -0.00131279
v 0.06650000 -0.01023171 0.00493493
v 0.06650000 -0.01065820 -0.00200654
v 0.06650000 -0.01059929 -0.00121614
v 0.06650000 -0.01064330 -0.00210514
v 0.06650000 -0.01056993 -0.00112084
v 0.06650000 -0.01062350 -0.00220288
v 0.06650000 -0.01053586 -0.00102712
v 0.06650000 -0.01059886 -0.00229951
v 0.06650000 -0.01049717 -0.00093521
v 0.06650000 -0.01184765 0.00228819
v 0.06650000 -0.01056943 -0.00239479
v 0.06650000 -0.01045393 -0.00084535
v 0.06650000 -0.01177085 0.00226662
v 0.06650000 -0.01053528 -0.00248848
v 0.06650000 -0.01040628 -0.00075775
v 0.06650000 -0.01169306 0.00224890
v 0.06650000 -0.01049651 -0.00258036
v 0.06650000 -0.01035431 -0.00067263
v 0.06650000 -0.01161449 0.00223507
v 0.06650000 -0.01045320 -0.00267019
v 0.06650000 -0.01029817 -0.00059022
v 0.06650000 -0.01153533 0.00222519
v 0.06650000 -0.01040548 -0.00275775
v 0.06650000 -0.01023799 -0.00051070
v 0.06650000 -0.01145577 0.00221926
v 0.06650000 -0.01035344 -0.00284282
v 0.06650000 -0.01017392 -0.00043428
v 0.06650000 -0.01137601 0.00221730
v 0.06650000 -0.01129626 0.00221932
v 0.06650000 -0.01029724 -0.00292519
v 0.06650000 -0.01059372 -0.00790457
v 0.06650000 -0.01058978 -0.00782489
v 0.06650000 -0.01058187 -0.00774551
v 0.06650000 -0.01059369 -0.00798435
v 0.06650000 -0.01057001 -0.00766661
v 0.06650000 -0.01058968 -0.00806403
v 0.06650000 -0.01010612 -0.00036115
v 0.06650000 -0.01121671 0.00222531
v 0.06650000 -0.01055423 -0.00758841
v 0.06650000 -0.01058171 -0.00814341
v 0.06650000 -0.01053458 -0.00751109
v 0.06650000 -0.01056979 -0.00822229
v 0.06650000 -0.01023699 -0.00300466
v 0.06650000 -0.01051109 -0.00743485
v 0.06650000 -0.01055395 -0.00830048
v 0.06650000 -0.01048383 -0.00735987
v 0.06650000 -0.01003476 -0.00029150
v 0.06650000 -0.01113755 0.00223526
v 0.06650000 -0.01053423 -0.00837778
v 0.06650000 -0.01045288 -0.00728634
v 0.06650000 -0.01051068 -0.00845401
v 0.06650000 -0.01017286 -0.00308103
v 0.06650000 -0.01041829 -0.00721445
v 0.06650000 -0.01048337 -0.00852896
v 0.06650000 -0.00996001 -0.00022548
v 0.06650000 -0.01105899 0.00224915
v 0.06650000 -0.01038016 -0.00714437
v 0.06650000 -0.01045235 -0.00860246
v 0.06650000 -0.01010500 -0.00315410
v 0.06650000 -0.01033859 -0.00707628
v 0.06650000 -0.01041771 -0.00867433
v 0.06650000 -0.00988207 -0.00016327
v 0.06650000 -0.01098122 0.00226693
v 0.06650000 -0.01029368 -0.00701035
v 0.06650000 -0.01037952 -0.00874437
v 0.06650000 -0.01003359 -0.00322370
v 0.06650000 -0.01024553 -0.00694674
v 0.06650000 -0.00980113 -0.00010503
v 0.06650000 -0.01090443 0.00228857
v 0.06650000 -0.01033790 -0.00881243
v 0.06650000 -0.01019428 -0.00688560
v 0.06650000 -0.01029293 -0.00887833
v 0.06650000 -0.01014004 -0.00682710
v 0.06650000 -0.00971738 -0.00005089
v 0.06650000 -0.01082882 0.00231401
v 0.06650000 -0.01024474 -0.00894190
v 0.06650000 -0.01008295 -0.00677137
v 0.06650000 -0.01019343 -0.00900300
v 0.06650000 -0.00963103 -0.00000100
v 0.06650000 -0.01075457 0.00234318
v 0.06650000 -0.01068186 0.00237603
v 0.06650000 -0.01002315 -0.00671856
v 0.06650000 -0.00995879 -0.00328966
v 0.06650000 -0.01013914 -0.00906146
v 0.06650000 -0.00996080 -0.00666880
v 0.06650000 -0.00988080 -0.00335180
v 0.06650000 -0.00954231 0.00004453
v 0.06650000 -0.01061089 0.00241245
v 0.06650000 -0.01008201 -0.00911714
v 0.06650000 -0.00989604 -0.00662220
v 0.06650000 -0.00979981 -0.00340998
v 0.06650000 -0.00945143 0.00008559
v 0.06650000 -0.01054181 0.00245237
v 0.06650000 -0.01002217 -0.00916990
v 0.06650000 -0.00982905 -0.00657889
v 0.06650000 -0.00971601 -0.00346405
v 0.06650000 -0.00995978 -0.00921962
v 0.06650000 -0.00935862 0.00012206
v 0.06650000 -0.01047481 0.00249568
v 0.06650000 -0.00975997 -0.00653897
v 0.06650000 -0.00962963 -0.00351388
v 0.06650000 -0.00989499 -0.00926616
v 0.06650000 -0.00968899 -0.00650255
v 0.06650000 -0.00954087 -0.00355934
v 0.06650000 -0.00926410 0.00015385
v 0.06650000 -0.01041006 0.00254227
v 0.06650000 -0.00982795 -0.00930942
v 0.06650000 -0.00961629 -0.00646971
v 0.06650000 -0.00916811 0.00018090
v 0.06650000 -0.01034770 0.00259204
v 0.06650000 -0.00975885 -0.00934928
v 0.06650000 -0.00954204 -0.00644053
v 0.06650000 -0.00944996 -0.00360032
v 0.06650000 -0.00968784 -0.00938565
v 0.06650000 -0.00907090 0.00020313
v 0.06650000 -0.01028791 0.00264485
v 0.06650000 -0.00946642 -0.00641509
v 0.06650000 -0.00935712 -0.00363671
v 0.06650000 -0.00961511 -0.00941843
v 0.06650000 -0.00938963 -0.00639346
v 0.06650000 -0.00926257 -0.00366844
v 0.06650000 -0.00897270 0.00022049
v 0.06650000 -0.01023082 0.00270058
v 0.06650000 -0.00954084 -0.00944755
v 0.06650000 -0.00931186 -0.00637567
v 0.06650000 -0.00916657 -0.00369541
v 0.06650000 -0.00887376 0.00023293
v 0.06650000 -0.01017658 0.00275908
v 0.06650000 -0.01012532 0.00282021
v 0.06650000 -0.00946520 -0.00947293
v 0.06650000 -0.00923330 -0.00636179
v 0.06650000 -0.00906934 -0.00371756
v 0.06650000 -0.00938840 -0.00949450
v 0.06650000 -0.00877431 0.00024042
v 0.06650000 -0.01007718 0.00288383
v 0.06650000 -0.00915415 -0.00635184
v 0.06650000 -0.00897112 -0.00373484
v 0.06650000 -0.00931061 -0.00951222
v 0.06650000 -0.00867462 0.00024294
v 0.06650000 -0.01003227 0.00294976
v 0.06650000 -0.00907460 -0.00634584
v 0.06650000 -0.00923204 -0.00952605
v 0.06650000 -0.00887217 -0.00374720
v 0.06650000 -0.00899484 -0.00634382
v 0.06650000 -0.00857493 0.00024050
v 0.06650000 -0.00999069 0.00301785
v 0.06650000 -0.00915288 -0.00953593
v 0.06650000 -0.00891509 -0.00634578
v 0.06650000 -0.00877272 -0.00375461
v 0.06650000 -0.00847548 0.00023308
v 0.06650000 -0.00995257 0.00308793
v 0.06650000 -0.00907332 -0.00954186
v 0.06650000 -0.00883553 -0.00635171
v 0.06650000 -0.00867303 -0.00375706
v 0.06650000 -0.00899356 -0.00954382
v 0.06650000 -0.00837653 0.00022072
v 0.06650000 -0.00991798 0.00315982
v 0.06650000 -0.00875637 -0.00636160
v 0.06650000 -0.00857334 -0.00375453
v 0.06650000 -0.00891381 -0.00954180
v 0.06650000 -0.00827832 0.00020345
v 0.06650000 -0.00988702 0.00323335
v 0.06650000 -0.00867780 -0.00637542
v 0.06650000 -0.00883426 -0.00953581
v 0.06650000 -0.00847390 -0.00374704
v 0.06650000 -0.00860001 -0.00639314
v 0.06650000 -0.00818108 0.00018130
v 0.06650000 -0.00985977 0.00330833
v 0.06650000 -0.00875510 -0.00952586
v 0.06650000 -0.00837495 -0.00373460
v 0.06650000 -0.00852321 -0.00641472
v 0.06650000 -0.00808508 0.00015432
v 0.06650000 -0.00983628 0.00338457
v 0.06650000 -0.00867654 -0.00951197
v 0.06650000 -0.00827675 -0.00371724
v 0.06650000 -0.00844757 -0.00644009
v 0.06650000 -0.00859877 -0.00949419
v 0.06650000 -0.00799054 0.00012260
v 0.06650000 -0.00981663 0.00346189
v 0.06650000 -0.00817954 -0.00369501
v 0.06650000 -0.00837330 -0.00646921
v 0.06650000 -0.00852199 -0.00947255
v 0.06650000 -0.00844637 -0.00944711
v 0.06650000 -0.00808355 -0.00366797
v 0.06650000 -0.00830057 -0.00650199
v 0.06650000 -0.00822956 -0.00653836
v 0.06650000 -0.00798904 -0.00363617
v 0.06650000 -0.00816045 -0.00657822
v 0.06650000 -0.00837212 -0.00941794
v 0.06650000 -0.00829941 -0.00938509
v 0.06650000 -0.00789622 -0.00359970
v 0.06650000 -0.00809342 -0.00662148
v 0.06650000 -0.00822844 -0.00934867
v 0.06650000 -0.00780534 -0.00355865
v 0.06650000 -0.00802863 -0.00666802
v 0.06650000 -0.00815936 -0.00930875
v 0.06650000 -0.00771662 -0.00351312
v 0.06650000 -0.00796623 -0.00671774
v 0.06650000 -0.00763027 -0.00346322
v 0.06650000 -0.00790640 -0.00677050
v 0.06650000 -0.00754653 -0.00340908
v 0.06650000 -0.00784926 -0.00682619
v 0.06650000 -0.00746558 -0.00335084
v 0.06650000 -0.00779498 -0.00688465
v 0.06650000 -0.00738764 -0.00328863
v 0.06650000 -0.00774367 -0.00694574
v 0.06650000 -0.00731290 -0.00322262
v 0.06650000 -0.00769548 -0.00700931
v 0.06650000 -0.00796525 -0.00916908
v 0.06650000 -0.00790546 -0.00911627
v 0.06650000 -0.00802761 -0.00921885
v 0.06650000 -0.00809236 -0.00926544
v 0.06650000 -0.00779413 -0.00900204
v 0.06650000 -0.00774288 -0.00894091
v 0.06650000 -0.00784837 -0.00906054
v 0.06650000 -0.00769473 -0.00887729
v 0.06650000 -0.00764982 -0.00881136
v 0.06650000 -0.00760824 -0.00874327
v 0.06650000 -0.00757012 -0.00867319
v 0.06650000 -0.00398197 0.01180037
v 0.06650000 -0.00397802 0.01188005
v 0.06650000 -0.00397011 0.01195944
v 0.06650000 -0.00398194 0.01172059
v 0.06650000 -0.00395825 0.01203833
v 0.06650000 -0.00397793 0.01164091
v 0.06650000 -0.00394248 0.01211653
v 0.06650000 -0.00396995 0.01156154
v 0.06650000 -0.00392282 0.01219385
v 0.06650000 -0.00395803 0.01148265
v 0.06650000 -0.00389934 0.01227009
v 0.06650000 -0.00394219 0.01140446
v 0.06650000 -0.00387208 0.01234507
v 0.06650000 -0.00392248 0.01132716
v 0.06650000 -0.00384112 0.01241860
v 0.06650000 -0.00389893 0.01125094
v 0.06650000 -0.00380654 0.01249049
v 0.06650000 -0.00387161 0.01117598
v 0.06650000 -0.00376841 0.01256057
v 0.06650000 -0.00384060 0.01110248
v 0.06650000 -0.00372684 0.01262866
v 0.06650000 -0.00448755 0.00033449
v 0.06650000 -0.00711066 -0.00050945
v 0.06650000 -0.00717479 -0.00043309
v 0.06650000 -0.00705042 -0.00058892
v 0.06650000 -0.00449865 0.00011039
v 0.06650000 -0.00699421 -0.00067129
v 0.06650000 -0.00446530 0.00055776
v 0.06650000 -0.00724265 -0.00036001
v 0.06650000 -0.00731407 -0.00029041
v 0.06650000 -0.00449856 -0.00011398
v 0.06650000 -0.00694217 -0.00075636
v 0.06650000 -0.00689445 -0.00084392
v 0.06650000 -0.00380595 0.01103061
v 0.06650000 -0.00443195 0.00077965
v 0.06650000 -0.00738886 -0.00022445
v 0.06650000 -0.00368192 0.01269459
v 0.06650000 -0.00448728 -0.00033808
v 0.06650000 -0.00685114 -0.00093375
v 0.06650000 -0.00681237 -0.00102563
v 0.06650000 -0.00438758 0.00099959
v 0.06650000 -0.00746685 -0.00016231
v 0.06650000 -0.00754785 -0.00010413
v 0.06650000 -0.00376777 0.01096057
v 0.06650000 -0.00446485 -0.00056133
v 0.06650000 -0.00677823 -0.00111933
v 0.06650000 -0.00674879 -0.00121461
v 0.06650000 -0.00363378 0.01275820
v 0.06650000 -0.00433230 0.00121705
v 0.06650000 -0.00763164 -0.00005006
v 0.06650000 -0.00771802 -0.00000023
v 0.06650000 -0.00372614 0.01089251
v 0.06650000 -0.00443132 -0.00078319
v 0.06650000 -0.00672415 -0.00131124
v 0.06650000 -0.00358252 0.01281934
v 0.06650000 -0.00426624 0.00143149
v 0.06650000 -0.00780678 0.00004523
v 0.06650000 -0.00368118 0.01082661
v 0.06650000 -0.00352828 0.01287784
v 0.06650000 -0.00438678 -0.00100310
v 0.06650000 -0.00670435 -0.00140897
v 0.06650000 -0.00668945 -0.00150758
v 0.06650000 -0.00363298 0.01076304
v 0.06650000 -0.00418959 0.00164236
v 0.06650000 -0.00789769 0.00008621
v 0.06650000 -0.00347119 0.01293357
v 0.06650000 -0.00433132 -0.00122051
v 0.06650000 -0.00667948 -0.00160680
v 0.06650000 -0.00667447 -0.00170640
v 0.06650000 -0.00753553 -0.00860130
v 0.06650000 -0.00750457 -0.00852777
v 0.06650000 -0.00358168 0.01070194
v 0.06650000 -0.01017743 0.00487647
v 0.06650000 -0.01012612 0.00481538
v 0.06650000 -0.00410251 0.00184915
v 0.06650000 -0.00980085 0.00354009
v 0.06650000 -0.00978899 0.00361898
v 0.06650000 -0.00341140 0.01298638
v 0.06650000 -0.00352739 0.01064348
v 0.06650000 -0.00426510 -0.00143489
v 0.06650000 -0.00667443 -0.00180612
v 0.06650000 -0.00667936 -0.00190572
v 0.06650000 -0.00334905 0.01303615
v 0.06650000 -0.00400524 0.00205135
v 0.06650000 -0.00978108 0.00369837
v 0.06650000 -0.00977713 0.00377805
v 0.06650000 -0.00347026 0.01058780
v 0.06650000 -0.01007793 0.00475181
v 0.06650000 -0.01003296 0.00468591
v 0.06650000 -0.00328429 0.01308274
v 0.06650000 -0.00418828 -0.00164571
v 0.06650000 -0.00668925 -0.00200495
v 0.06650000 -0.00670407 -0.00210357
v 0.06650000 -0.00341042 0.01053504
v 0.06650000 -0.00389801 0.00224844
v 0.06650000 -0.00977717 0.00385783
v 0.06650000 -0.00321729 0.01312605
v 0.06650000 -0.00334803 0.01048532
v 0.06650000 -0.00999133 0.00461785
v 0.06650000 -0.00410104 -0.00185243
v 0.06650000 -0.00672379 -0.00220132
v 0.06650000 -0.00314822 0.01316597
v 0.06650000 -0.00378109 0.00243995
v 0.06650000 -0.00978117 0.00393750
v 0.06650000 -0.00978915 0.00401688
v 0.06650000 -0.00307724 0.01320239
v 0.06650000 -0.00400360 -0.00205455
v 0.06650000 -0.00674836 -0.00229797
v 0.06650000 -0.00677772 -0.00239327
v 0.06650000 -0.00300453 0.01323523
v 0.06650000 -0.00365477 0.00262539
v 0.06650000 -0.00980107 0.00409576
v 0.06650000 -0.00389622 -0.00225156
v 0.06650000 -0.00681179 -0.00248700
v 0.06650000 -0.00685049 -0.00257890
v 0.06650000 -0.00293028 0.01326441
v 0.06650000 -0.00351936 0.00280430
v 0.06650000 -0.00981691 0.00417395
v 0.06650000 -0.00983663 0.00425126
v 0.06650000 -0.00285467 0.01328985
v 0.06650000 -0.00377914 -0.00244297
v 0.06650000 -0.00689372 -0.00266877
v 0.06650000 -0.00277788 0.01331149
v 0.06650000 -0.00337520 0.00297624
v 0.06650000 -0.00986017 0.00432748
v 0.06650000 -0.00988749 0.00440244
v 0.06650000 -0.00270011 0.01332927
v 0.06650000 -0.00365267 -0.00262831
v 0.06650000 -0.00694138 -0.00275636
v 0.06650000 -0.00699334 -0.00284148
v 0.06650000 -0.00262155 0.01334315
v 0.06650000 -0.00322265 0.00314078
v 0.06650000 -0.00991851 0.00447594
v 0.06650000 -0.00254239 0.01335311
v 0.06650000 -0.00351712 -0.00280711
v 0.06650000 -0.00704948 -0.00292390
v 0.06650000 -0.00710967 -0.00300341
v 0.06650000 -0.00246284 0.01335910
v 0.06650000 -0.00306209 0.00329751
v 0.06650000 -0.00995315 0.00454780
v 0.06650000 -0.00337283 -0.00297893
v 0.06650000 -0.00717374 -0.00307983
v 0.06650000 -0.00238309 0.01336112
v 0.06650000 -0.00230333 0.01335916
v 0.06650000 -0.00289392 0.00344604
v 0.06650000 -0.00328323 0.01043878
v 0.06650000 -0.00321620 0.01039552
v 0.06650000 -0.00222378 0.01335323
v 0.06650000 -0.00322015 -0.00314335
v 0.06650000 -0.00724153 -0.00315296
v 0.06650000 -0.00214461 0.01334334
v 0.06650000 -0.00271855 0.00358601
v 0.06650000 -0.00314709 0.01035566
v 0.06650000 -0.00206604 0.01332952
v 0.06650000 -0.00305946 -0.00329996
v 0.06650000 -0.00765051 -0.00707521
v 0.06650000 -0.00760888 -0.00714327
v 0.06650000 -0.00198826 0.01331180
v 0.06650000 -0.00253642 0.00371706
v 0.06650000 -0.00307609 0.01031929
v 0.06650000 -0.00300336 0.01028651
v 0.06650000 -0.00289117 -0.00344835
v 0.06650000 -0.00757070 -0.00721332
v 0.06650000 -0.00753606 -0.00728518
v 0.06650000 -0.00234799 0.00383887
v 0.06650000 -0.00292908 0.01025739
v 0.06650000 -0.00285345 0.01023202
v 0.06650000 -0.00271569 -0.00358818
v 0.06650000 -0.00750504 -0.00735868
v 0.06650000 -0.00191145 0.01329022
v 0.06650000 -0.00183582 0.01326485
v 0.06650000 -0.00176154 0.01323573
v 0.06650000 -0.00168881 0.01320295
v 0.06650000 -0.00161780 0.01316658
v 0.06650000 -0.00215372 0.00395114
v 0.06650000 -0.00277664 0.01021044
v 0.06650000 -0.00154870 0.01312672
v 0.06650000 -0.00253346 -0.00371909
v 0.06650000 -0.00747772 -0.00743364
v 0.06650000 -0.00745418 -0.00750986
v 0.06650000 -0.00195410 0.00405358
v 0.06650000 -0.00269886 0.01019272
v 0.06650000 -0.00262029 0.01017890
v 0.06650000 -0.00234493 -0.00384075
v 0.06650000 -0.00743446 -0.00758717
v 0.06650000 -0.00174961 0.00414594
v 0.06650000 -0.00254112 0.01016901
v 0.06650000 -0.00215056 -0.00395286
v 0.06650000 -0.00741862 -0.00766536
v 0.06650000 -0.00740670 -0.00774424
v 0.06650000 -0.00154078 0.00422800
v 0.06650000 -0.00246156 0.01016308
v 0.06650000 -0.00238181 0.01016112
v 0.06650000 -0.00195086 -0.00405514
v 0.06650000 -0.00739873 -0.00782362
v 0.06650000 -0.00739472 -0.00790329
v 0.06650000 -0.00148167 0.01308346
v 0.06650000 -0.00141687 0.01303692
v 0.06650000 -0.00135448 0.01298720
v 0.06650000 -0.00129464 0.01293444
v 0.06650000 -0.00123751 0.01287876
v 0.06650000 -0.00132811 0.00429955
v 0.06650000 -0.00230206 0.01016314
v 0.06650000 -0.00222251 0.01016913
v 0.06650000 -0.00174630 -0.00414734
v 0.06650000 -0.00739469 -0.00798307
v 0.06650000 -0.00111215 0.00436040
v 0.06650000 -0.00153740 -0.00422923
v 0.06650000 -0.00739863 -0.00806275
v 0.06650000 -0.00740654 -0.00814214
v 0.06650000 -0.00118322 0.01282030
v 0.06650000 -0.00113192 0.01275920
v 0.06650000 -0.00108372 0.01269563
v 0.06650000 -0.00103875 0.01262973
v 0.06650000 -0.00099713 0.01256167
v 0.06650000 -0.00095895 0.01249163
v 0.06650000 -0.00092430 0.01241976
v 0.06650000 -0.00089328 0.01234626
v 0.06650000 0.00082079 0.00853895
v 0.06650000 -0.00176037 0.01028701
v 0.06650000 -0.00168766 0.01031985
v 0.06650000 0.00081586 0.00843934
v 0.06650000 -0.00183462 0.01025783
v 0.06650000 0.00083068 0.00863818
v 0.06650000 -0.00161668 0.01035627
v 0.06650000 0.00081590 0.00833962
v 0.06650000 -0.00191023 0.01023239
v 0.06650000 0.00084550 0.00873679
v 0.06650000 -0.00154761 0.01039619
v 0.06650000 0.00082091 0.00824003
v 0.06650000 -0.00198702 0.01021075
v 0.06650000 0.00086522 0.00883455
v 0.06650000 -0.00148061 0.01043950
v 0.06650000 -0.00141585 0.01048609
v 0.06650000 0.00083088 0.00814080
v 0.06650000 -0.00206479 0.01019297
v 0.06650000 0.00088979 0.00893119
v 0.06650000 -0.00135350 0.01053586
v 0.06650000 0.00084578 0.00804220
v 0.06650000 -0.00214335 0.01017909
v 0.06650000 0.00091915 0.00902650
v 0.06650000 -0.00129370 0.01058867
v 0.06650000 0.00086558 0.00794446
v 0.06650000 0.00095322 0.00912022
v 0.06650000 -0.00123662 0.01064440
v 0.06650000 0.00089023 0.00784783
v 0.06650000 0.00099192 0.00921213
v 0.06650000 -0.00118238 0.01070290
v 0.06650000 0.00091966 0.00775255
v 0.06650000 -0.00089342 0.00441042
v 0.06650000 0.00103515 0.00930199
v 0.06650000 -0.00113112 0.01076404
v 0.06650000 0.00095380 0.00765886
v 0.06650000 -0.00067247 0.00444947
v 0.06650000 0.00108281 0.00938959
v 0.06650000 -0.00108298 0.01082765
v 0.06650000 0.00099257 0.00756698
v 0.06650000 0.00113477 0.00947470
v 0.06650000 -0.00103806 0.01089358
v 0.06650000 -0.00086597 0.01227130
v 0.06650000 -0.00084242 0.01219508
v 0.06650000 -0.00082271 0.01211778
v 0.06650000 0.00103588 0.00747715
v 0.06650000 -0.00044984 0.00447746
v 0.06650000 0.00119092 0.00955712
v 0.06650000 -0.00099649 0.01096167
v 0.06650000 -0.00095836 0.01103175
v 0.06650000 0.00108361 0.00738959
v 0.06650000 0.00125110 0.00963664
v 0.06650000 -0.00092378 0.01110364
v 0.06650000 0.00113564 0.00730452
v 0.06650000 -0.00022610 0.00449432
v 0.06650000 0.00131517 0.00971305
v 0.06650000 -0.00089282 0.01117717
v 0.06650000 0.00119185 0.00722215
v 0.06650000 -0.00000180 0.00450000
v 0.06650000 0.00138297 0.00978618
v 0.06650000 -0.00086556 0.01125215
v 0.06650000 0.00125209 0.00714268
v 0.06650000 0.00145433 0.00985584
v 0.06650000 -0.00084208 0.01132839
v 0.06650000 0.00131622 0.00706631
v 0.06650000 0.00022251 0.00449450
v 0.06650000 0.00152907 0.00992186
v 0.06650000 -0.00082242 0.01140571
v 0.06650000 0.00138408 0.00699324
v 0.06650000 0.00160701 0.00998406
v 0.06650000 -0.00080665 0.01148391
v 0.06650000 0.00145550 0.00692363
v 0.06650000 0.00044627 0.00447782
v 0.06650000 0.00168796 0.01004231
v 0.06650000 -0.00079479 0.01156280
v 0.06650000 -0.00078688 0.01164219
v 0.06650000 0.00153029 0.00685768
v 0.06650000 0.00066891 0.00445001
v 0.06650000 0.00177171 0.01009645
v 0.06650000 -0.00078293 0.01172187
v 0.06650000 0.00160829 0.00679553
v 0.06650000 0.00185805 0.01014634
v 0.06650000 -0.00078296 0.01180165
v 0.06650000 0.00168928 0.00673735
v 0.06650000 0.00088990 0.00441113
v 0.06650000 0.00194677 0.01019187
v 0.06650000 -0.00078697 0.01188132
v 0.06650000 0.00177307 0.00668328
v 0.06650000 0.00203765 0.01023292
v 0.06650000 -0.00079495 0.01196070
v 0.06650000 0.00185945 0.00663346
v 0.06650000 0.00110867 0.00436129
v 0.06650000 0.00213047 0.01026939
v 0.06650000 -0.00080687 0.01203959
v 0.06650000 0.00078688 -0.01164219
v 0.06650000 0.00078293 -0.01172187
v 0.06650000 0.00079479 -0.01156280
v 0.06650000 0.00078296 -0.01180165
v 0.06650000 0.00080665 -0.01148391
v 0.06650000 0.00078697 -0.01188132
v 0.06650000 0.00082242 -0.01140571
v 0.06650000 0.00079495 -0.01196070
v 0.06650000 0.00194821 0.00658800
v 0.06650000 0.00084208 -0.01132839
v 0.06650000 -0.00747732 -0.00845279
v 0.06650000 0.00080687 -0.01203959
v 0.06650000 0.00086556 -0.01125215
v 0.06650000 -0.00745383 -0.00837655
v 0.06650000 0.00082271 -0.01211778
v 0.06650000 0.00089282 -0.01117717
v 0.06650000 -0.00743418 -0.00829923
v 0.06650000 0.00222498 0.01030119
v 0.06650000 0.00084242 -0.01219508
v 0.06650000 0.00092378 -0.01110364
v 0.06650000 -0.00741840 -0.00822103
v 0.06650000 0.00086597 -0.01227130
v 0.06650000 0.00203912 0.00654702
v 0.06650000 0.00132468 0.00430061
v 0.06650000 0.00095836 -0.01103175
v 0.06650000 0.00089328 -0.01234626
v 0.06650000 0.00099649 -0.01096167
v 0.06650000 -0.00132468 -0.00430061
v 0.06650000 0.00232097 0.01032824
v 0.06650000 0.00092430 -0.01241976
v 0.06650000 0.00103806 -0.01089358
v 0.06650000 0.00213197 0.00651062
v 0.06650000 0.00153740 0.00422923
v 0.06650000 0.00095895 -0.01249163
v 0.06650000 0.00108298 -0.01082765
v 0.06650000 -0.00110867 -0.00436129
v 0.06650000 0.00099713 -0.01256167
v 0.06650000 0.00241818 0.01035047
v 0.06650000 0.00113112 -0.01076404
v 0.06650000 -0.00088990 -0.00441113
v 0.06650000 0.00103875 -0.01262973
v 0.06650000 0.00222651 0.00647890
v 0.06650000 0.00118238 -0.01070290
v 0.06650000 0.00108372 -0.01269563
v 0.06650000 0.00251638 0.01036782
v 0.06650000 0.00123662 -0.01064440
v 0.06650000 -0.00066891 -0.00445001
v 0.06650000 0.00232252 0.00645193
v 0.06650000 0.00174630 0.00414734
v 0.06650000 0.00113192 -0.01275920
v 0.06650000 0.00129370 -0.01058867
v 0.06650000 0.00118322 -0.01282030
v 0.06650000 0.00135350 -0.01053586
v 0.06650000 -0.00044627 -0.00447782
v 0.06650000 0.00241975 0.00642978
v 0.06650000 0.00123751 -0.01287876
v 0.06650000 0.00261533 0.01038026
v 0.06650000 0.00141585 -0.01048609
v 0.06650000 -0.00022251 -0.00449450
v 0.06650000 0.00271477 0.01038776
v 0.06650000 0.00129464 -0.01293444
v 0.06650000 0.00251796 0.00641250
v 0.06650000 0.00195086 0.00405514
v 0.06650000 0.00148061 -0.01043950
v 0.06650000 0.00135448 -0.01298720
v 0.06650000 0.00281446 0.01039028
v 0.06650000 0.00154761 -0.01039619
v 0.06650000 0.00000180 -0.00450000
v 0.06650000 0.00261692 0.00640014
v 0.06650000 0.00141687 -0.01303692
v 0.06650000 0.00161668 -0.01035627
v 0.06650000 0.00022610 -0.00449432
v 0.06650000 0.00148167 -0.01308346
v 0.06650000 0.00271636 0.00639273
v 0.06650000 0.00215056 0.00395286
v 0.06650000 0.00168766 -0.01031985
v 0.06650000 0.00154870 -0.01312672
v 0.06650000 0.00176037 -0.01028701
v 0.06650000 0.00044984 -0.00447746
v 0.06650000 0.00281606 0.00639028
v 0.06650000 0.00161780 -0.01316658
v 0.06650000 0.00183462 -0.01025783
v 0.06650000 0.00168881 -0.01320295
v 0.06650000 0.00291575 0.00639281
v 0.06650000 0.00234493 0.00384075
v 0.06650000 0.00191023 -0.01023239
v 0.06650000 0.00067247 -0.00444947
v 0.06650000 0.00176154 -0.01323573
v 0.06650000 0.00301519 0.00640030
v 0.06650000 0.00253346 0.00371909
v 0.06650000 0.00183582 -0.01326485
v 0.06650000 0.00311413 0.00641274
v 0.06650000 0.00191145 -0.01329022
v 0.06650000 0.00291415 0.01038784
v 0.06650000 0.00301360 0.01038042
v 0.06650000 0.00311255 0.01036806
v 0.06650000 0.00321233 0.00643010
v 0.06650000 0.00271569 0.00358818
v 0.06650000 0.00198826 -0.01331180
v 0.06650000 0.00330955 0.00645232
v 0.06650000 0.00340553 0.00647937
v 0.06650000 0.00289117 0.00344835
v 0.06650000 0.00350005 0.00651117
v 0.06650000 0.00305946 0.00329996
v 0.06650000 0.00222378 -0.01335323
v 0.06650000 0.00230333 -0.01335916
v 0.06650000 0.00214461 -0.01334334
v 0.06650000 0.00206604 -0.01332952
v 0.06650000 0.00359286 0.00654764
v 0.06650000 0.00238309 -0.01336112
v 0.06650000 0.00368374 0.00658869
v 0.06650000 0.00322015 0.00314335
v 0.06650000 0.00246284 -0.01335910
v 0.06650000 0.00377247 0.00663422
v 0.06650000 0.00385881 0.00668412
v 0.06650000 0.00337283 0.00297893
v 0.06650000 0.00394256 0.00673825
v 0.06650000 0.00351712 0.00280711
v 0.06650000 0.00321077 0.01035078
v 0.06650000 0.00330800 0.01032863
v 0.06650000 0.00340400 0.01030166
v 0.06650000 0.00402350 0.00679650
v 0.06650000 0.00410144 0.00685871
v 0.06650000 0.00285467 -0.01328985
v 0.06650000 0.00293028 -0.01326441
v 0.06650000 0.00277788 -0.01331149
v 0.06650000 0.00270011 -0.01332927
v 0.06650000 0.00262155 -0.01334315
v 0.06650000 0.00254239 -0.01335311
v 0.06650000 0.00349855 0.01026994
v 0.06650000 0.00359139 0.01023354
v 0.06650000 0.00368231 0.01019257
v 0.06650000 0.00377106 0.01014711
v 0.06650000 0.00386410 -0.00648456
v 0.06650000 0.00111215 -0.00436040
v 0.06650000 0.00132811 -0.00429955
v 0.06650000 0.00385917 -0.00658416
v 0.06650000 0.00387399 -0.00638533
v 0.06650000 0.00385921 -0.00668388
v 0.06650000 0.00089342 -0.00441042
v 0.06650000 0.00388881 -0.00628672
v 0.06650000 0.00154078 -0.00422800
v 0.06650000 0.00386422 -0.00678348
v 0.06650000 0.00390854 -0.00618896
v 0.06650000 0.00174961 -0.00414594
v 0.06650000 0.00387419 -0.00688270
v 0.06650000 0.00393310 -0.00609231
v 0.06650000 0.00388909 -0.00698131
v 0.06650000 0.00198702 -0.01021075
v 0.06650000 0.00396246 -0.00599701
v 0.06650000 0.00195410 -0.00405358
v 0.06650000 0.00390889 -0.00707905
v 0.06650000 0.00206479 -0.01019297
v 0.06650000 0.00399653 -0.00590329
v 0.06650000 0.00393354 -0.00717567
v 0.06650000 0.00214335 -0.01017909
v 0.06650000 0.00403523 -0.00581138
v 0.06650000 0.00215372 -0.00395114
v 0.06650000 0.00396297 -0.00727096
v 0.06650000 0.00222251 -0.01016913
v 0.06650000 0.00407846 -0.00572151
v 0.06650000 0.00234799 -0.00383887
v 0.06650000 0.00399711 -0.00736465
v 0.06650000 0.00230206 -0.01016314
v 0.06650000 0.00412612 -0.00563392
v 0.06650000 0.00403589 -0.00745653
v 0.06650000 0.00238181 -0.01016112
v 0.06650000 0.00417808 -0.00554880
v 0.06650000 0.00253642 -0.00371706
v 0.06650000 0.00407919 -0.00754636
v 0.06650000 0.00246156 -0.01016308
v 0.06650000 0.00423423 -0.00546639
v 0.06650000 0.00412692 -0.00763392
v 0.06650000 0.00254112 -0.01016901
v 0.06650000 0.00328429 -0.01308274
v 0.06650000 0.00334905 -0.01303615
v 0.06650000 0.00321729 -0.01312605
v 0.06650000 0.00314822 -0.01316597
v 0.06650000 0.00307724 -0.01320239
v 0.06650000 0.00300453 -0.01323523
v 0.06650000 0.00429441 -0.00538687
v 0.06650000 0.00271855 -0.00358601
v 0.06650000 0.00417895 -0.00771899
v 0.06650000 0.00262029 -0.01017890
v 0.06650000 0.00435848 -0.00531045
v 0.06650000 0.00423516 -0.00780136
v 0.06650000 0.00269886 -0.01019272
v 0.06650000 0.00277664 -0.01021044
v 0.06650000 0.00442628 -0.00523732
v 0.06650000 0.00289392 -0.00344604
v 0.06650000 0.00429540 -0.00788083
v 0.06650000 0.00285345 -0.01023202
v 0.06650000 0.00449764 -0.00516766
v 0.06650000 0.00435953 -0.00795720
v 0.06650000 0.00292908 -0.01025739
v 0.06650000 0.00457238 -0.00510165
v 0.06650000 0.00306209 -0.00329751
v 0.06650000 0.00442739 -0.00803027
v 0.06650000 0.00300336 -0.01028651
v 0.06650000 0.00465032 -0.00503944
v 0.06650000 0.00322265 -0.00314078
v 0.06650000 0.00385745 0.01009728
v 0.06650000 0.00394124 0.01004321
v 0.06650000 0.00402223 0.00998503
v 0.06650000 0.00449881 -0.00809987
v 0.06650000 0.00307609 -0.01031929
v 0.06650000 0.00473127 -0.00498120
v 0.06650000 0.00457360 -0.00816583
v 0.06650000 0.00314709 -0.01035566
v 0.06650000 0.00481502 -0.00492706
v 0.06650000 0.00337520 -0.00297624
v 0.06650000 0.00465160 -0.00822797
v 0.06650000 0.00321620 -0.01039552
v 0.06650000 0.00490136 -0.00487716
v 0.06650000 0.00473259 -0.00828615
v 0.06650000 0.00328323 -0.01043878
v 0.06650000 0.00499008 -0.00483163
v 0.06650000 0.00351936 -0.00280430
v 0.06650000 0.00363378 -0.01275820
v 0.06650000 0.00368192 -0.01269459
v 0.06650000 0.00358252 -0.01281934
v 0.06650000 0.00352828 -0.01287784
v 0.06650000 0.00347119 -0.01293357
v 0.06650000 0.00341140 -0.01298638
v 0.06650000 0.00481638 -0.00834022
v 0.06650000 0.00334803 -0.01048532
v 0.06650000 0.00341042 -0.01053504
v 0.06650000 0.00508096 -0.00479058
v 0.06650000 0.00490276 -0.00839005
v 0.06650000 0.00347026 -0.01058780
v 0.06650000 0.00517378 -0.00475411
v 0.06650000 0.00365477 -0.00262539
v 0.06650000 0.00499152 -0.00843551
v 0.06650000 0.00352739 -0.01064348
v 0.06650000 0.00526830 -0.00472232
v 0.06650000 0.00378109 -0.00243995
v 0.06650000 0.00508243 -0.00847649
v 0.06650000 0.00358168 -0.01070194
v 0.06650000 0.00536428 -0.00469527
v 0.06650000 0.00410022 0.00992288
v 0.06650000 0.00417502 0.00985693
v 0.06650000 0.00424643 0.00978733
v 0.06650000 0.00517528 -0.00851288
v 0.06650000 0.00363298 -0.01076304
v 0.06650000 0.00546149 -0.00467304
v 0.06650000 0.00389801 -0.00224844
v 0.06650000 0.00526982 -0.00854461
v 0.06650000 0.00368118 -0.01082661
v 0.06650000 0.00555969 -0.00465568
v 0.06650000 0.00536583 -0.00857158
v 0.06650000 0.00372614 -0.01089251
v 0.06650000 0.00565864 -0.00464324
v 0.06650000 0.00400524 -0.00205135
v 0.06650000 0.00546306 -0.00859373
v 0.06650000 0.00376777 -0.01096057
v 0.06650000 0.00380595 -0.01103061
v 0.06650000 0.00384112 -0.01241860
v 0.06650000 0.00387208 -0.01234507
v 0.06650000 0.00380654 -0.01249049
v 0.06650000 0.00376841 -0.01256057
v 0.06650000 0.00372684 -0.01262866
v 0.06650000 0.00575808 -0.00463575
v 0.06650000 0.00410251 -0.00184915
v 0.06650000 0.00556127 -0.00861101
v 0.06650000 0.00384060 -0.01110248
v 0.06650000 0.00585777 -0.00463323
v 0.06650000 0.00566023 -0.00862337
v 0.06650000 0.00387161 -0.01117598
v 0.06650000 0.00595746 -0.00463567
v 0.06650000 0.00418959 -0.00164236
v 0.06650000 0.00575967 -0.00863078
v 0.06650000 0.00389893 -0.01125094
v 0.06650000 0.00605691 -0.00464308
v 0.06650000 0.00431429 0.00971425
v 0.06650000 0.00437842 0.00963789
v 0.06650000 0.00443867 0.00955842
v 0.06650000 0.00585937 -0.00863323
v 0.06650000 0.00392248 -0.01132716
v 0.06650000 0.00615586 -0.00465544
v 0.06650000 0.00426624 -0.00143149
v 0.06650000 0.00595906 -0.00863070
v 0.06650000 0.00394219 -0.01140446
v 0.06650000 0.00625408 -0.00467272
v 0.06650000 0.00433230 -0.00121705
v 0.06650000 0.00605850 -0.00862321
v 0.06650000 0.00395803 -0.01148265
v 0.06650000 0.00635131 -0.00469487
v 0.06650000 0.00394248 -0.01211653
v 0.06650000 0.00395825 -0.01203833
v 0.06650000 0.00392282 -0.01219385
v 0.06650000 0.00389934 -0.01227009
v 0.06650000 0.00644732 -0.00472184
v 0.06650000 0.00739863 0.00806275
v 0.06650000 0.00480972 0.00824162
v 0.06650000 0.00481466 0.00834122
v 0.06650000 0.00739469 0.00798307
v 0.06650000 0.00479983 0.00814239
v 0.06650000 0.00740654 0.00814214
v 0.06650000 0.00739472 0.00790329
v 0.06650000 0.00478501 0.00804377
v 0.06650000 0.00741840 0.00822103
v 0.06650000 0.00481462 0.00844094
v 0.06650000 0.00739873 0.00782362
v 0.06650000 0.00476529 0.00794602
v 0.06650000 0.00743418 0.00829923
v 0.06650000 0.00480961 0.00854054
v 0.06650000 0.00740670 0.00774424
v 0.06650000 0.00474072 0.00784937
v 0.06650000 0.00745383 0.00837655
v 0.06650000 0.00479964 0.00863976
v 0.06650000 0.00741862 0.00766536
v 0.06650000 0.00471137 0.00775407
v 0.06650000 0.00747732 0.00845279
v 0.06650000 0.00478473 0.00873836
v 0.06650000 0.00743446 0.00758717
v 0.06650000 0.00467730 0.00766034
v 0.06650000 0.00750457 0.00852777
v 0.06650000 0.00476494 0.00883610
v 0.06650000 0.00745418 0.00750986
v 0.06650000 0.00463860 0.00756844
v 0.06650000 0.00753553 0.00860130
v 0.06650000 0.00474029 0.00893273
v 0.06650000 0.00747772 0.00743364
v 0.06650000 0.00757012 0.00867319
v 0.06650000 0.00471086 0.00902801
v 0.06650000 0.00750504 0.00735868
v 0.06650000 0.00459537 0.00747857
v 0.06650000 0.00760824 0.00874327
v 0.06650000 0.00753606 0.00728518
v 0.06650000 0.00454771 0.00739097
v 0.06650000 0.00764982 0.00881136
v 0.06650000 0.00467671 0.00912171
v 0.06650000 0.00757070 0.00721332
v 0.06650000 0.00449574 0.00730586
v 0.06650000 0.00769473 0.00887729
v 0.06650000 0.00463794 0.00921358
v 0.06650000 0.00760888 0.00714327
v 0.06650000 0.00443960 0.00722344
v 0.06650000 0.00774288 0.00894091
v 0.06650000 0.00459464 0.00930341
v 0.06650000 0.00765051 0.00707521
v 0.06650000 0.00437942 0.00714393
v 0.06650000 0.00779413 0.00900204
v 0.06650000 0.00454691 0.00939097
v 0.06650000 0.00769548 0.00700931
v 0.06650000 0.00431535 0.00706751
v 0.06650000 0.00784837 0.00906054
v 0.06650000 0.00449488 0.00947604
v 0.06650000 0.00774367 0.00694574
v 0.06650000 0.00424755 0.00699438
v 0.06650000 0.00790546 0.00911627
v 0.06650000 0.00398197 -0.01180037
v 0.06650000 0.00398194 -0.01172059
v 0.06650000 0.00397802 -0.01188005
v 0.06650000 0.00397011 -0.01195944
v 0.06650000 0.00779498 0.00688465
v 0.06650000 0.00417619 0.00692472
v 0.06650000 0.00796525 0.00916908
v 0.06650000 0.00784926 0.00682619
v 0.06650000 0.00802761 0.00921885
v 0.06650000 0.00790640 0.00677050
v 0.06650000 0.00365267 0.00262831
v 0.06650000 0.00809236 0.00926544
v 0.06650000 0.00796623 0.00671774
v 0.06650000 0.00815936 0.00930875
v 0.06650000 0.00802863 0.00666802
v 0.06650000 0.00377914 0.00244297
v 0.06650000 0.00822844 0.00934867
v 0.06650000 0.00809342 0.00662148
v 0.06650000 0.00829941 0.00938509
v 0.06650000 0.00816045 0.00657822
v 0.06650000 0.00389622 0.00225156
v 0.06650000 0.00837212 0.00941794
v 0.06650000 0.00822956 0.00653836
v 0.06650000 0.00400360 0.00205455
v 0.06650000 0.00844637 0.00944711
v 0.06650000 0.00830057 0.00650199
v 0.06650000 0.00837330 0.00646921
v 0.06650000 0.00410104 0.00185243
v 0.06650000 0.00396995 -0.01156154
v 0.06650000 0.00397793 -0.01164091
v 0.06650000 0.00844757 0.00644009
v 0.06650000 0.00418828 0.00164571
v 0.06650000 0.00852321 0.00641472
v 0.06650000 0.00860001 0.00639314
v 0.06650000 0.00426510 0.00143489
v 0.06650000 0.00867780 0.00637542
v 0.06650000 0.00852199 0.00947255
v 0.06650000 0.00859877 0.00949419
v 0.06650000 0.00867654 0.00951197
v 0.06650000 0.00875510 0.00952586
v 0.06650000 0.00875637 0.00636160
v 0.06650000 0.00433132 0.00122051
v 0.06650000 0.00883553 0.00635171
v 0.06650000 0.00438678 0.00100310
v 0.06650000 0.00891509 0.00634578
v 0.06650000 0.00899484 0.00634382
v 0.06650000 0.00625564 -0.00859341
v 0.06650000 0.00635286 -0.00857118
v 0.06650000 0.00615744 -0.00861077
v 0.06650000 0.00883426 0.00953581
v 0.06650000 0.00891381 0.00954180
v 0.06650000 0.00899356 0.00954382
v 0.06650000 0.00907332 0.00954186
v 0.06650000 0.00915288 0.00953593
v 0.06650000 0.00654336 -0.00851234
v 0.06650000 0.00663617 -0.00847587
v 0.06650000 0.00644884 -0.00854414
v 0.06650000 0.00923204 0.00952605
v 0.06650000 0.00931061 0.00951222
v 0.06650000 0.00938840 0.00949450
v 0.06650000 0.00946520 0.00947293
v 0.06650000 0.00954084 0.00944755
v 0.06650000 0.00961511 0.00941843
v 0.06650000 0.00681578 -0.00838929
v 0.06650000 0.00690212 -0.00833939
v 0.06650000 0.00672706 -0.00843482
v 0.06650000 0.00978108 -0.00369837
v 0.06650000 0.00706554 -0.00503848
v 0.06650000 0.00698455 -0.00498030
v 0.06650000 0.00977713 -0.00377805
v 0.06650000 0.00714353 -0.00510062
v 0.06650000 0.00978899 -0.00361898
v 0.06650000 0.00690076 -0.00492623
v 0.06650000 0.00977717 -0.00385783
v 0.06650000 0.00721833 -0.00516658
v 0.06650000 0.00980085 -0.00354009
v 0.06650000 0.00681437 -0.00487640
v 0.06650000 0.00978117 -0.00393750
v 0.06650000 0.00981663 -0.00346189
v 0.06650000 0.00672562 -0.00483094
v 0.06650000 0.00978915 -0.00401688
v 0.06650000 0.00728974 -0.00523618
v 0.06650000 0.00983628 -0.00338457
v 0.06650000 0.00663470 -0.00478996
v 0.06650000 0.00980107 -0.00409576
v 0.06650000 0.00735760 -0.00530925
v 0.06650000 0.00985977 -0.00330833
v 0.06650000 0.00654186 -0.00475357
v 0.06650000 0.00981691 -0.00417395
v 0.06650000 0.00742173 -0.00538562
v 0.06650000 0.00968784 0.00938565
v 0.06650000 0.00975885 0.00934928
v 0.06650000 0.00982795 0.00930942
v 0.06650000 0.00989499 0.00926616
v 0.06650000 0.00995978 0.00921962
v 0.06650000 0.01002217 0.00916990
v 0.06650000 0.00988702 -0.00323335
v 0.06650000 0.00983663 -0.00425126
v 0.06650000 0.00748198 -0.00546509
v 0.06650000 0.00991798 -0.00315982
v 0.06650000 0.00438758 -0.00099959
v 0.06650000 0.00986017 -0.00432748
v 0.06650000 0.00753819 -0.00554746
v 0.06650000 0.00995257 -0.00308793
v 0.06650000 0.00988749 -0.00440244
v 0.06650000 0.00759022 -0.00563253
v 0.06650000 0.00999069 -0.00301785
v 0.06650000 0.00443195 -0.00077965
v 0.06650000 0.00991851 -0.00447594
v 0.06650000 0.00763795 -0.00572009
v 0.06650000 0.01003227 -0.00294976
v 0.06650000 0.00995315 -0.00454780
v 0.06650000 0.00768125 -0.00580992
v 0.06650000 0.01007718 -0.00288383
v 0.06650000 0.00446530 -0.00055776
v 0.06650000 0.00999133 -0.00461785
v 0.06650000 0.01012532 -0.00282021
v 0.06650000 0.00448755 -0.00033449
v 0.06650000 0.01003296 -0.00468591
v 0.06650000 0.00772002 -0.00590180
v 0.06650000 0.01017658 -0.00275908
v 0.06650000 0.00706681 -0.00822701
v 0.06650000 0.00714476 -0.00816480
v 0.06650000 0.00698587 -0.00828525
v 0.06650000 0.01007793 -0.00475181
v 0.06650000 0.00775417 -0.00599550
v 0.06650000 0.01023082 -0.00270058
v 0.06650000 0.00449865 -0.00011039
v 0.06650000 0.01012612 -0.00481538
v 0.06650000 0.00778360 -0.00609078
v 0.06650000 0.01028791 -0.00264485
v 0.06650000 0.00449856 0.00011398
v 0.06650000 0.01017743 -0.00487647
v 0.06650000 0.00780825 -0.00618740
v 0.06650000 0.01034770 -0.00259204
v 0.06650000 0.01023171 -0.00493493
v 0.06650000 0.00782805 -0.00628514
v 0.06650000 0.01041006 -0.00254227
v 0.06650000 0.00448728 0.00033808
v 0.06650000 0.01028884 -0.00499062
v 0.06650000 0.00784295 -0.00638375
v 0.06650000 0.01008201 0.00911714
v 0.06650000 0.01013914 0.00906146
v 0.06650000 0.01019343 0.00900300
v 0.06650000 0.01024474 0.00894190
v 0.06650000 0.01029293 0.00887833
v 0.06650000 0.01033790 0.00881243
v 0.06650000 0.01047481 -0.00249568
v 0.06650000 0.01034868 -0.00504338
v 0.06650000 0.00785292 -0.00648297
v 0.06650000 0.01054181 -0.00245237
v 0.06650000 0.00446485 0.00056133
v 0.06650000 0.01041108 -0.00509310
v 0.06650000 0.01061089 -0.00241245
v 0.06650000 0.00443132 0.00078319
v 0.06650000 0.01047587 -0.00513964
v 0.06650000 0.00785793 -0.00658257
v 0.06650000 0.01068186 -0.00237603
v 0.06650000 0.01054290 -0.00518290
v 0.06650000 0.00785797 -0.00668229
v 0.06650000 0.00735866 -0.00795600
v 0.06650000 0.00742273 -0.00787958
v 0.06650000 0.00729086 -0.00802913
v 0.06650000 0.00721950 -0.00809879
v 0.06650000 0.01075457 -0.00234318
v 0.06650000 0.01061201 -0.00522276
v 0.06650000 0.00785304 -0.00678189
v 0.06650000 0.01082882 -0.00231401
v 0.06650000 0.00907460 0.00634584
v 0.06650000 0.01068301 -0.00525913
v 0.06650000 0.00784315 -0.00688112
v 0.06650000 0.01090443 -0.00228857
v 0.06650000 0.00915415 0.00635184
v 0.06650000 0.01075575 -0.00529191
v 0.06650000 0.00782832 -0.00697974
v 0.06650000 0.01098122 -0.00226693
v 0.06650000 0.00923330 0.00636179
v 0.06650000 0.01037952 0.00874437
v 0.06650000 0.01041771 0.00867433
v 0.06650000 0.01045235 0.00860246
v 0.06650000 0.01048337 0.00852896
v 0.06650000 0.01051068 0.00845401
v 0.06650000 0.01053423 0.00837778
v 0.06650000 0.01083002 -0.00532102
v 0.06650000 0.00780860 -0.00707749
v 0.06650000 0.01105899 -0.00224915
v 0.06650000 0.00931186 0.00637567
v 0.06650000 0.01090566 -0.00534640
v 0.06650000 0.01113755 -0.00223526
v 0.06650000 0.00938963 0.00639346
v 0.06650000 0.00753905 -0.00771765
v 0.06650000 0.00759102 -0.00763253
v 0.06650000 0.00748291 -0.00780006
v 0.06650000 0.01058968 0.00806403
v 0.06650000 0.01058171 0.00814341
v 0.06650000 0.01059369 0.00798435
v 0.06650000 0.01059372 0.00790457
v 0.06650000 0.01055395 0.00830048
v 0.06650000 0.01056979 0.00822229
v 0.06650000 0.00768191 -0.00745507
v 0.06650000 0.00772061 -0.00736316
v 0.06650000 0.00763868 -0.00754494
v 0.06650000 0.01058978 0.00782489
v 0.06650000 0.01058187 0.00774551
v 0.06650000 0.01057001 0.00766661
v 0.06650000 0.01055423 0.00758841
v 0.06650000 0.01053458 0.00751109
v 0.06650000 0.00778403 -0.00717414
v 0.06650000 0.00775468 -0.00726944
v 0.06650000 0.01051109 0.00743485
v 0.06650000 0.01048383 0.00735987
v 0.06650000 0.01045288 0.00728634
v 0.06650000 0.01041829 0.00721445
v 0.06650000 0.01106025 -0.00538570
v 0.06650000 0.01113882 -0.00539952
v 0.06650000 0.01098246 -0.00536798
v 0.06650000 0.01038016 0.00714437
v 0.06650000 0.01033859 0.00707628
v 0.06650000 0.01029368 0.00701035
v 0.06650000 0.01024553 0.00694674
v 0.06650000 0.01137729 -0.00541730
v 0.06650000 0.01145704 -0.00541528
v 0.06650000 0.01129754 -0.00541534
v 0.06650000 0.01121798 -0.00540941
v 0.06650000 0.01019428 0.00688560
v 0.06650000 0.01014004 0.00682710
v 0.06650000 0.01008295 0.00677137
v 0.06650000 0.01002315 0.00671856
v 0.06650000 0.01169431 -0.00538545
v 0.06650000 0.01177208 -0.00536766
v 0.06650000 0.01161575 -0.00539933
v 0.06650000 0.01153660 -0.00540928
v 0.06650000 0.00996080 0.00666880
v 0.06650000 0.00989604 0.00662220
v 0.06650000 0.00982905 0.00657889
v 0.06650000 0.01207144 -0.00525857
v 0.06650000 0.01214242 -0.00522215
v 0.06650000 0.01199874 -0.00529141
v 0.06650000 0.01192449 -0.00532059
v 0.06650000 0.01184887 -0.00534603
v 0.06650000 0.00975997 0.00653897
v 0.06650000 0.00968899 0.00650255
v 0.06650000 0.01246540 -0.00498975
v 0.06650000 0.01252249 -0.00493402
v 0.06650000 0.01240560 -0.00504256
v 0.06650000 0.01234325 -0.00509232
v 0.06650000 0.01227849 -0.00513892
v 0.06650000 0.01221149 -0.00518223
v 0.06650000 0.00961629 0.00646971
v 0.06650000 0.00954204 0.00644053
v 0.06650000 0.01276261 -0.00461674
v 0.06650000 0.01280074 -0.00454667
v 0.06650000 0.01272104 -0.00468484
v 0.06650000 0.01267613 -0.00475077
v 0.06650000 0.01262798 -0.00481438
v 0.06650000 0.01257673 -0.00487552
v 0.06650000 0.00946642 0.00641509
v 0.06650000 0.01293668 -0.00417271
v 0.06650000 0.01295246 -0.00409451
v 0.06650000 0.01291702 -0.00425003
v 0.06650000 0.01289354 -0.00432627
v 0.06650000 0.01286628 -0.00440125
v 0.06650000 0.01283532 -0.00447478
v 0.06650000 0.01121671 -0.00222531
v 0.06650000 0.01129626 -0.00221932
v 0.06650000 0.01297614 -0.00377677
v 0.06650000 0.01297213 -0.00369709
v 0.06650000 0.01297617 -0.00385655
v 0.06650000 0.01297223 -0.00393623
v 0.06650000 0.01296432 -0.00401561
v 0.06650000 0.01296416 -0.00361771
v 0.06650000 0.01137601 -0.00221730
v 0.06650000 0.01145577 -0.00221926
v 0.06650000 0.01286582 -0.00323216
v 0.06650000 0.01283480 -0.00315866
v 0.06650000 0.01289313 -0.00330711
v 0.06650000 0.01291668 -0.00338334
v 0.06650000 0.01293640 -0.00346064
v 0.06650000 0.01295223 -0.00353883
v 0.06650000 0.01153533 -0.00222519
v 0.06650000 0.01161449 -0.00223507
v 0.06650000 0.01267538 -0.00288279
v 0.06650000 0.01262719 -0.00281922
v 0.06650000 0.01272035 -0.00294869
v 0.06650000 0.01276197 -0.00301675
v 0.06650000 0.01280016 -0.00308679
v 0.06650000 0.01169306 -0.00224890
v 0.06650000 0.01177085 -0.00226662
v 0.06650000 0.01184765 -0.00228819
v 0.06650000 0.01246446 -0.00264398
v 0.06650000 0.01240462 -0.00259122
v 0.06650000 0.01252159 -0.00269966
v 0.06650000 0.01257588 -0.00275812
v 0.06650000 0.01192329 -0.00231357
v 0.06650000 0.01199756 -0.00234269
v 0.06650000 0.01207029 -0.00237547
v 0.06650000 0.01214130 -0.00241184
v 0.06650000 0.01221040 -0.00245170
v 0.06650000 0.01227744 -0.00249496
v 0.06650000 0.01234223 -0.00254150
v 0.06350000 0.01019343 0.00900300
v 0.06350000 0.01024474 0.00894190
v 0.06350000 0.01029293 0.00887833
v 0.06350000 0.01033790 0.00881243
v 0.06350000 0.01037952 0.00874437
v 0.06350000 0.01041771 0.00867433
v 0.06350000 0.01045235 0.00860246
v 0.06350000 0.01048337 0.00852896
v 0.06350000 0.01051068 0.00845401
v 0.06350000 0.01053423 0.00837778
v 0.06350000 0.01055395 0.00830048
v 0.06350000 0.01056979 0.00822229
v 0.06350000 0.01058171 0.00814341
v 0.06350000 0.01058968 0.00806403
v 0.06350000 0.01059369 0.00798435
v 0.06350000 0.01059372 0.00790457
v 0.06350000 0.01058978 0.00782489
v 0.06350000 0.01058187 0.00774551
v 0.06350000 0.01057001 0.00766661
v 0.06350000 0.01055423 0.00758841
v 0.06350000 0.01053458 0.00751109
v 0.06350000 0.01051109 0.00743485
v 0.06350000 0.01048383 0.00735987
v 0.06350000 0.01045288 0.00728634
v 0.06350000 0.01041829 0.00721445
v 0.06350000 0.01038016 0.00714437
v 0.06350000 0.01033859 0.00707628
v 0.06350000 0.01029368 0.00701035
v 0.06350000 0.01024553 0.00694674
v 0.06350000 0.01019428 0.00688560
v 0.06350000 0.01014004 0.00682710
v 0.06350000 0.01008295 0.00677137
v 0.06350000 0.01002315 0.00671856
v 0.06350000 0.00996080 0.00666880
v 0.06350000 0.00989604 0.00662220
v 0.06350000 0.00982905 0.00657889
v 0.06350000 0.00975997 0.00653897
v 0.06350000 0.00968899 0.00650255
v 0.06350000 0.00961629 0.00646971
v 0.06350000 0.00954204 0.00644053
v 0.06350000 0.00946642 0.00641509
v 0.06350000 0.00938963 0.00639346
v 0.06350000 0.00931186 0.00637567
v 0.06350000 0.00923330 0.00636179
v 0.06350000 0.00915415 0.00635184
v 0.06350000 0.00907460 0.00634584
v 0.06350000 0.00899484 0.00634382
v 0.06350000 0.00891509 0.00634578
v 0.06350000 0.00883553 0.00635171
v 0.06350000 0.00875637 0.00636160
v 0.06350000 0.00867780 0.00637542
v 0.06350000 0.00860001 0.00639314
v 0.06350000 0.00852321 0.00641472
v 0.06350000 0.00844757 0.00644009
v 0.06350000 0.00837330 0.00646921
v 0.06350000 0.00830057 0.00650199
v 0.06350000 0.00822956 0.00653836
v 0.06350000 0.00816045 0.00657822
v 0.06350000 0.00809342 0.00662148
v 0.06350000 0.00802863 0.00666802
v 0.06350000 0.00796623 0.00671774
v 0.06350000 0.00790640 0.00677050
v 0.06350000 0.00784926 0.00682619
v 0.06350000 0.00779498 0.00688465
v 0.06350000 0.00740654 0.00814214
v 0.06350000 0.00739469 0.00798307
v 0.06350000 0.00739863 0.00806275
v 0.06350000 0.00743418 0.00829923
v 0.06350000 0.00741840 0.00822103
v 0.06350000 0.00741862 0.00766536
v 0.06350000 0.00740670 0.00774424
v 0.06350000 0.00739873 0.00782362
v 0.06350000 0.00739472 0.00790329
v 0.06350000 0.00747732 0.00845279
v 0.06350000 0.00745383 0.00837655
v 0.06350000 0.00745418 0.00750986
v 0.06350000 0.00743446 0.00758717
v 0.06350000 0.00757012 0.00867319
v 0.06350000 0.00750457 0.00852777
v 0.06350000 0.00753553 0.00860130
v 0.06350000 0.00753606 0.00728518
v 0.06350000 0.00750504 0.00735868
v 0.06350000 0.00747772 0.00743364
v 0.06350000 0.00764982 0.00881136
v 0.06350000 0.00760824 0.00874327
v 0.06350000 0.00757070 0.00721332
v 0.06350000 0.00774288 0.00894091
v 0.06350000 0.00769473 0.00887729
v 0.06350000 0.00769548 0.00700931
v 0.06350000 0.00765051 0.00707521
v 0.06350000 0.00760888 0.00714327
v 0.06350000 0.00790546 0.00911627
v 0.06350000 0.00779413 0.00900204
v 0.06350000 0.00784837 0.00906054
v 0.06350000 0.00802761 0.00921885
v 0.06350000 0.00796525 0.00916908
v 0.06350000 0.00774367 0.00694574
v 0.06350000 0.00815936 0.00930875
v 0.06350000 0.00809236 0.00926544
v 0.06350000 0.00837212 0.00941794
v 0.06350000 0.00822844 0.00934867
v 0.06350000 0.00829941 0.00938509
v 0.06350000 0.00844637 0.00944711
v 0.06350000 0.00875510 0.00952586
v 0.06350000 0.00852199 0.00947255
v 0.06350000 0.00859877 0.00949419
v 0.06350000 0.00867654 0.00951197
v 0.06350000 0.00883426 0.00953581
v 0.06350000 0.00891381 0.00954180
v 0.06350000 0.00907332 0.00954186
v 0.06350000 0.00899356 0.00954382
v 0.06350000 0.00931061 0.00951222
v 0.06350000 0.00915288 0.00953593
v 0.06350000 0.00923204 0.00952605
v 0.06350000 0.00954084 0.00944755
v 0.06350000 0.00938840 0.00949450
v 0.06350000 0.00946520 0.00947293
v 0.06350000 0.00968784 0.00938565
v 0.06350000 0.00961511 0.00941843
v 0.06350000 0.00975885 0.00934928
v 0.06350000 0.00982795 0.00930942
v 0.06350000 0.01002217 0.00916990
v 0.06350000 0.00989499 0.00926616
v 0.06350000 0.00995978 0.00921962
v 0.06350000 0.01008201 0.00911714
v 0.06350000 0.01013914 0.00906146
v 0.06350000 -0.00397011 0.01195944
v 0.06350000 -0.00398197 0.01180037
v 0.06350000 -0.00397802 0.01188005
v 0.06350000 -0.00396995 0.01156154
v 0.06350000 -0.00397793 0.01164091
v 0.06350000 -0.00398194 0.01172059
v 0.06350000 -0.00395803 0.01148265
v 0.06350000 -0.00389934 0.01227009
v 0.06350000 -0.00395825 0.01203833
v 0.06350000 -0.00394248 0.01211653
v 0.06350000 -0.00392282 0.01219385
v 0.06350000 -0.00392248 0.01132716
v 0.06350000 -0.00394219 0.01140446
v 0.06350000 -0.00384112 0.01241860
v 0.06350000 -0.00387208 0.01234507
v 0.06350000 -0.00387161 0.01117598
v 0.06350000 -0.00389893 0.01125094
v 0.06350000 -0.00376841 0.01256057
v 0.06350000 -0.00380654 0.01249049
v 0.06350000 -0.00372684 0.01262866
v 0.06350000 -0.00380595 0.01103061
v 0.06350000 -0.00384060 0.01110248
v 0.06350000 -0.00372614 0.01089251
v 0.06350000 -0.00376777 0.01096057
v 0.06350000 -0.00358252 0.01281934
v 0.06350000 -0.00368192 0.01269459
v 0.06350000 -0.00363378 0.01275820
v 0.06350000 -0.00358168 0.01070194
v 0.06350000 -0.00363298 0.01076304
v 0.06350000 -0.00368118 0.01082661
v 0.06350000 -0.00334905 0.01303615
v 0.06350000 -0.00352828 0.01287784
v 0.06350000 -0.00347119 0.01293357
v 0.06350000 -0.00341140 0.01298638
v 0.06350000 -0.00321729 0.01312605
v 0.06350000 -0.00328429 0.01308274
v 0.06350000 -0.00328323 0.01043878
v 0.06350000 -0.00334803 0.01048532
v 0.06350000 -0.00341042 0.01053504
v 0.06350000 -0.00347026 0.01058780
v 0.06350000 -0.00352739 0.01064348
v 0.06350000 -0.00300453 0.01323523
v 0.06350000 -0.00314822 0.01316597
v 0.06350000 -0.00307724 0.01320239
v 0.06350000 -0.00285467 0.01328985
v 0.06350000 -0.00293028 0.01326441
v 0.06350000 -0.00300336 0.01028651
v 0.06350000 -0.00307609 0.01031929
v 0.06350000 -0.00314709 0.01035566
v 0.06350000 -0.00321620 0.01039552
v 0.06350000 -0.00292908 0.01025739
v 0.06350000 -0.00270011 0.01332927
v 0.06350000 -0.00277788 0.01331149
v 0.06350000 -0.00277664 0.01021044
v 0.06350000 -0.00285345 0.01023202
v 0.06350000 -0.00254112 0.01016901
v 0.06350000 -0.00262029 0.01017890
v 0.06350000 -0.00269886 0.01019272
v 0.06350000 -0.00230333 0.01335916
v 0.06350000 -0.00246284 0.01335910
v 0.06350000 -0.00238309 0.01336112
v 0.06350000 -0.00246156 0.01016308
v 0.06350000 -0.00222378 0.01335323
v 0.06350000 -0.00262155 0.01334315
v 0.06350000 -0.00254239 0.01335311
v 0.06350000 -0.00238181 0.01016112
v 0.06350000 -0.00191145 0.01329022
v 0.06350000 -0.00214461 0.01334334
v 0.06350000 -0.00206604 0.01332952
v 0.06350000 -0.00198826 0.01331180
v 0.06350000 -0.00198702 0.01021075
v 0.06350000 -0.00206479 0.01019297
v 0.06350000 -0.00214335 0.01017909
v 0.06350000 -0.00222251 0.01016913
v 0.06350000 -0.00230206 0.01016314
v 0.06350000 -0.00168881 0.01320295
v 0.06350000 -0.00183582 0.01326485
v 0.06350000 -0.00176154 0.01323573
v 0.06350000 -0.00161780 0.01316658
v 0.06350000 -0.00176037 0.01028701
v 0.06350000 -0.00183462 0.01025783
v 0.06350000 -0.00191023 0.01023239
v 0.06350000 -0.00148167 0.01308346
v 0.06350000 -0.00154870 0.01312672
v 0.06350000 -0.00161668 0.01035627
v 0.06350000 -0.00168766 0.01031985
v 0.06350000 -0.00129464 0.01293444
v 0.06350000 -0.00141687 0.01303692
v 0.06350000 -0.00135448 0.01298720
v 0.06350000 -0.00141585 0.01048609
v 0.06350000 -0.00148061 0.01043950
v 0.06350000 -0.00154761 0.01039619
v 0.06350000 -0.00118322 0.01282030
v 0.06350000 -0.00123751 0.01287876
v 0.06350000 -0.00113192 0.01275920
v 0.06350000 -0.00123662 0.01064440
v 0.06350000 -0.00129370 0.01058867
v 0.06350000 -0.00135350 0.01053586
v 0.06350000 -0.00103875 0.01262973
v 0.06350000 -0.00108372 0.01269563
v 0.06350000 -0.00108298 0.01082765
v 0.06350000 -0.00113112 0.01076404
v 0.06350000 -0.00118238 0.01070290
v 0.06350000 -0.00103806 0.01089358
v 0.06350000 -0.00089328 0.01234626
v 0.06350000 -0.00095895 0.01249163
v 0.06350000 -0.00092430 0.01241976
v 0.06350000 -0.00095836 0.01103175
v 0.06350000 -0.00099649 0.01096167
v 0.06350000 -0.00086597 0.01227130
v 0.06350000 -0.00099713 0.01256167
v 0.06350000 -0.00084242 0.01219508
v 0.06350000 -0.00089282 0.01117717
v 0.06350000 -0.00092378 0.01110364
v 0.06350000 -0.00086556 0.01125215
v 0.06350000 -0.00084208 0.01132839
v 0.06350000 -0.00078697 0.01188132
v 0.06350000 -0.00082271 0.01211778
v 0.06350000 -0.00080687 0.01203959
v 0.06350000 -0.00079495 0.01196070
v 0.06350000 -0.00079479 0.01156280
v 0.06350000 -0.00080665 0.01148391
v 0.06350000 -0.00082242 0.01140571
v 0.06350000 -0.00078293 0.01172187
v 0.06350000 -0.00078296 0.01180165
v 0.06350000 -0.00078688 0.01164219
v 0.06350000 -0.01296432 0.00401561
v 0.06350000 -0.01297617 0.00385655
v 0.06350000 -0.01297223 0.00393623
v 0.06350000 -0.01296416 0.00361771
v 0.06350000 -0.01297213 0.00369709
v 0.06350000 -0.01297614 0.00377677
v 0.06350000 -0.01295223 0.00353883
v 0.06350000 -0.01286628 0.00440125
v 0.06350000 -0.01295246 0.00409451
v 0.06350000 -0.01293668 0.00417271
v 0.06350000 -0.01291702 0.00425003
v 0.06350000 -0.01289354 0.00432627
v 0.06350000 -0.01291668 0.00338334
v 0.06350000 -0.01293640 0.00346064
v 0.06350000 -0.01280074 0.00454667
v 0.06350000 -0.01283532 0.00447478
v 0.06350000 -0.01286582 0.00323216
v 0.06350000 -0.01289313 0.00330711
v 0.06350000 -0.01272104 0.00468484
v 0.06350000 -0.01276261 0.00461674
v 0.06350000 -0.01280016 0.00308679
v 0.06350000 -0.01283480 0.00315866
v 0.06350000 -0.01262798 0.00481438
v 0.06350000 -0.01267613 0.00475077
v 0.06350000 -0.01272035 0.00294869
v 0.06350000 -0.01276197 0.00301674
v 0.06350000 -0.01257588 0.00275812
v 0.06350000 -0.01262719 0.00281922
v 0.06350000 -0.01267538 0.00288279
v 0.06350000 -0.01234325 0.00509232
v 0.06350000 -0.01257673 0.00487552
v 0.06350000 -0.01252249 0.00493402
v 0.06350000 -0.01246540 0.00498975
v 0.06350000 -0.01240560 0.00504256
v 0.06350000 -0.01221149 0.00518223
v 0.06350000 -0.01227849 0.00513892
v 0.06350000 -0.01227744 0.00249496
v 0.06350000 -0.01234223 0.00254150
v 0.06350000 -0.01240462 0.00259122
v 0.06350000 -0.01246446 0.00264398
v 0.06350000 -0.01252159 0.00269966
v 0.06350000 -0.01214130 0.00241184
v 0.06350000 -0.01221040 0.00245170
v 0.06350000 -0.01192449 0.00532059
v 0.06350000 -0.01207144 0.00525857
v 0.06350000 -0.01199874 0.00529141
v 0.06350000 -0.01184887 0.00534603
v 0.06350000 -0.01214242 0.00522215
v 0.06350000 -0.01199756 0.00234269
v 0.06350000 -0.01207029 0.00237547
v 0.06350000 -0.01161575 0.00539933
v 0.06350000 -0.01177208 0.00536766
v 0.06350000 -0.01169431 0.00538545
v 0.06350000 -0.01177085 0.00226662
v 0.06350000 -0.01184765 0.00228819
v 0.06350000 -0.01192329 0.00231357
v 0.06350000 -0.01145704 0.00541528
v 0.06350000 -0.01153660 0.00540928
v 0.06350000 -0.01161449 0.00223507
v 0.06350000 -0.01169306 0.00224890
v 0.06350000 -0.01153533 0.00222519
v 0.06350000 -0.01137601 0.00221730
v 0.06350000 -0.01145577 0.00221926
v 0.06350000 -0.01106025 0.00538570
v 0.06350000 -0.01137729 0.00541730
v 0.06350000 -0.01129754 0.00541534
v 0.06350000 -0.01121798 0.00540941
v 0.06350000 -0.01113882 0.00539952
v 0.06350000 -0.01083002 0.00532102
v 0.06350000 -0.01098246 0.00536798
v 0.06350000 -0.01090566 0.00534640
v 0.06350000 -0.01098122 0.00226693
v 0.06350000 -0.01105899 0.00224915
v 0.06350000 -0.01113755 0.00223526
v 0.06350000 -0.01121671 0.00222531
v 0.06350000 -0.01129626 0.00221932
v 0.06350000 -0.01068301 0.00525913
v 0.06350000 -0.01075575 0.00529191
v 0.06350000 -0.01082882 0.00231401
v 0.06350000 -0.01090443 0.00228857
v 0.06350000 -0.01061201 0.00522276
v 0.06350000 -0.01075457 0.00234318
v 0.06350000 -0.01047587 0.00513964
v 0.06350000 -0.01054290 0.00518290
v 0.06350000 -0.01061089 0.00241245
v 0.06350000 -0.01068186 0.00237603
v 0.06350000 -0.01034868 0.00504338
v 0.06350000 -0.01041108 0.00509310
v 0.06350000 -0.01047481 0.00249568
v 0.06350000 -0.01054181 0.00245237
v 0.06350000 -0.01028884 0.00499062
v 0.06350000 -0.01023171 0.00493493
v 0.06350000 -0.01028791 0.00264485
v 0.06350000 -0.01034770 0.00259204
v 0.06350000 -0.01041006 0.00254227
v 0.06350000 -0.01023082 0.00270058
v 0.06350000 -0.01007793 0.00475181
v 0.06350000 -0.01017743 0.00487647
v 0.06350000 -0.01012612 0.00481538
v 0.06350000 -0.01003296 0.00468591
v 0.06350000 -0.01007718 0.00288383
v 0.06350000 -0.01012532 0.00282021
v 0.06350000 -0.01017658 0.00275908
v 0.06350000 -0.01003227 0.00294976
v 0.06350000 -0.00991851 0.00447594
v 0.06350000 -0.00999133 0.00461785
v 0.06350000 -0.00995315 0.00454780
v 0.06350000 -0.00988749 0.00440244
v 0.06350000 -0.00995257 0.00308793
v 0.06350000 -0.00999069 0.00301785
v 0.06350000 -0.00981691 0.00417395
v 0.06350000 -0.00986017 0.00432748
v 0.06350000 -0.00983663 0.00425126
v 0.06350000 -0.00983628 0.00338457
v 0.06350000 -0.00985977 0.00330833
v 0.06350000 -0.00988702 0.00323335
v 0.06350000 -0.00991798 0.00315982
v 0.06350000 -0.00978915 0.00401688
v 0.06350000 -0.00980107 0.00409576
v 0.06350000 -0.00978117 0.00393750
v 0.06350000 -0.00980085 0.00354009
v 0.06350000 -0.00981663 0.00346189
v 0.06350000 -0.00977713 0.00377805
v 0.06350000 -0.00977717 0.00385783
v 0.06350000 -0.00978108 0.00369837
v 0.06350000 -0.00978899 0.00361898
v 0.06350000 -0.01058187 -0.00774551
v 0.06350000 -0.01059372 -0.00790457
v 0.06350000 -0.01058978 -0.00782489
v 0.06350000 -0.01055423 -0.00758841
v 0.06350000 -0.01057001 -0.00766661
v 0.06350000 -0.01056979 -0.00822229
v 0.06350000 -0.01058171 -0.00814341
v 0.06350000 -0.01058968 -0.00806403
v 0.06350000 -0.01051109 -0.00743485
v 0.06350000 -0.01053458 -0.00751109
v 0.06350000 -0.01053423 -0.00837778
v 0.06350000 -0.01055395 -0.00830048
v 0.06350000 -0.01059369 -0.00798435
v 0.06350000 -0.01048337 -0.00852896
v 0.06350000 -0.01051068 -0.00845401
v 0.06350000 -0.01038016 -0.00714437
v 0.06350000 -0.01048383 -0.00735987
v 0.06350000 -0.01045288 -0.00728634
v 0.06350000 -0.01041829 -0.00721445
v 0.06350000 -0.01045235 -0.00860246
v 0.06350000 -0.01033859 -0.00707628
v 0.06350000 -0.01041771 -0.00867433
v 0.06350000 -0.01024553 -0.00694674
v 0.06350000 -0.01029368 -0.00701035
v 0.06350000 -0.01033790 -0.00881243
v 0.06350000 -0.01037952 -0.00874437
v 0.06350000 -0.01029293 -0.00887833
v 0.06350000 -0.00996080 -0.00666880
v 0.06350000 -0.01019428 -0.00688560
v 0.06350000 -0.01014004 -0.00682710
v 0.06350000 -0.01008295 -0.00677137
v 0.06350000 -0.01002315 -0.00671856
v 0.06350000 -0.01002217 -0.00916990
v 0.06350000 -0.01019343 -0.00900300
v 0.06350000 -0.01024474 -0.00894190
v 0.06350000 -0.01008201 -0.00911714
v 0.06350000 -0.01013914 -0.00906146
v 0.06350000 -0.00982905 -0.00657889
v 0.06350000 -0.00989604 -0.00662220
v 0.06350000 -0.00982795 -0.00930942
v 0.06350000 -0.00989499 -0.00926616
v 0.06350000 -0.00995978 -0.00921962
v 0.06350000 -0.00961629 -0.00646971
v 0.06350000 -0.00975997 -0.00653897
v 0.06350000 -0.00968899 -0.00650255
v 0.06350000 -0.00975885 -0.00934928
v 0.06350000 -0.00954204 -0.00644053
v 0.06350000 -0.00961511 -0.00941843
v 0.06350000 -0.00968784 -0.00938565
v 0.06350000 -0.00954084 -0.00944755
v 0.06350000 -0.00923330 -0.00636179
v 0.06350000 -0.00946642 -0.00641509
v 0.06350000 -0.00938963 -0.00639346
v 0.06350000 -0.00931186 -0.00637567
v 0.06350000 -0.00938840 -0.00949450
v 0.06350000 -0.00946520 -0.00947293
v 0.06350000 -0.00923204 -0.00952605
v 0.06350000 -0.00931061 -0.00951222
v 0.06350000 -0.00915288 -0.00953593
v 0.06350000 -0.00891509 -0.00634578
v 0.06350000 -0.00907460 -0.00634584
v 0.06350000 -0.00899484 -0.00634382
v 0.06350000 -0.00883553 -0.00635171
v 0.06350000 -0.00915415 -0.00635184
v 0.06350000 -0.00899356 -0.00954382
v 0.06350000 -0.00907332 -0.00954186
v 0.06350000 -0.00860001 -0.00639314
v 0.06350000 -0.00875637 -0.00636160
v 0.06350000 -0.00867780 -0.00637542
v 0.06350000 -0.00875510 -0.00952586
v 0.06350000 -0.00883426 -0.00953581
v 0.06350000 -0.00891381 -0.00954180
v 0.06350000 -0.00852321 -0.00641472
v 0.06350000 -0.00844757 -0.00644009
v 0.06350000 -0.00859877 -0.00949419
v 0.06350000 -0.00867654 -0.00951197
v 0.06350000 -0.00852199 -0.00947255
v 0.06350000 -0.00830057 -0.00650199
v 0.06350000 -0.00837330 -0.00646921
v 0.06350000 -0.00822956 -0.00653836
v 0.06350000 -0.00837212 -0.00941794
v 0.06350000 -0.00844637 -0.00944711
v 0.06350000 -0.00816045 -0.00657822
v 0.06350000 -0.00802863 -0.00666802
v 0.06350000 -0.00809342 -0.00662148
v 0.06350000 -0.00815936 -0.00930875
v 0.06350000 -0.00829941 -0.00938509
v 0.06350000 -0.00822844 -0.00934867
v 0.06350000 -0.00796623 -0.00671774
v 0.06350000 -0.00809236 -0.00926544
v 0.06350000 -0.00790546 -0.00911627
v 0.06350000 -0.00796525 -0.00916908
v 0.06350000 -0.00802761 -0.00921885
v 0.06350000 -0.00774367 -0.00694574
v 0.06350000 -0.00790640 -0.00677050
v 0.06350000 -0.00784926 -0.00682619
v 0.06350000 -0.00779498 -0.00688465
v 0.06350000 -0.00769548 -0.00700931
v 0.06350000 -0.00774288 -0.00894091
v 0.06350000 -0.00779413 -0.00900204
v 0.06350000 -0.00784837 -0.00906054
v 0.06350000 -0.00757070 -0.00721332
v 0.06350000 -0.00765051 -0.00707521
v 0.06350000 -0.00760888 -0.00714327
v 0.06350000 -0.00764982 -0.00881136
v 0.06350000 -0.00769473 -0.00887729
v 0.06350000 -0.00757012 -0.00867319
v 0.06350000 -0.00760824 -0.00874327
v 0.06350000 -0.00753553 -0.00860130
v 0.06350000 -0.00743446 -0.00758717
v 0.06350000 -0.00753606 -0.00728518
v 0.06350000 -0.00750504 -0.00735868
v 0.06350000 -0.00747772 -0.00743364
v 0.06350000 -0.00745418 -0.00750986
v 0.06350000 -0.00747732 -0.00845279
v 0.06350000 -0.00750457 -0.00852777
v 0.06350000 -0.00741862 -0.00766536
v 0.06350000 -0.00740670 -0.00774424
v 0.06350000 -0.00743418 -0.00829923
v 0.06350000 -0.00745383 -0.00837655
v 0.06350000 -0.00739469 -0.00798307
v 0.06350000 -0.00739873 -0.00782362
v 0.06350000 -0.00739472 -0.00790329
v 0.06350000 -0.00739863 -0.00806275
v 0.06350000 -0.00740654 -0.00814214
v 0.06350000 -0.00741840 -0.00822103
v 0.06350000 0.00977717 -0.00385783
v 0.06350000 0.00977713 -0.00377805
v 0.06350000 0.00978108 -0.00369837
v 0.06350000 0.00980085 -0.00354009
v 0.06350000 0.00978899 -0.00361898
v 0.06350000 0.00978915 -0.00401688
v 0.06350000 0.00978117 -0.00393750
v 0.06350000 0.00983628 -0.00338457
v 0.06350000 0.00981663 -0.00346189
v 0.06350000 0.00988702 -0.00323335
v 0.06350000 0.00985977 -0.00330833
v 0.06350000 0.00983663 -0.00425126
v 0.06350000 0.00981691 -0.00417395
v 0.06350000 0.00980107 -0.00409576
v 0.06350000 0.00995257 -0.00308793
v 0.06350000 0.00991798 -0.00315982
v 0.06350000 0.00991851 -0.00447594
v 0.06350000 0.00988749 -0.00440244
v 0.06350000 0.00986017 -0.00432748
v 0.06350000 0.01007718 -0.00288383
v 0.06350000 0.00999069 -0.00301785
v 0.06350000 0.01003227 -0.00294976
v 0.06350000 0.01017658 -0.00275908
v 0.06350000 0.01012532 -0.00282021
v 0.06350000 0.01007793 -0.00475181
v 0.06350000 0.01003296 -0.00468591
v 0.06350000 0.00999133 -0.00461785
v 0.06350000 0.00995315 -0.00454780
v 0.06350000 0.01028791 -0.00264485
v 0.06350000 0.01023082 -0.00270058
v 0.06350000 0.01034770 -0.00259204
v 0.06350000 0.01023171 -0.00493493
v 0.06350000 0.01017743 -0.00487647
v 0.06350000 0.01012612 -0.00481538
v 0.06350000 0.01041006 -0.00254227
v 0.06350000 0.01054181 -0.00245237
v 0.06350000 0.01047481 -0.00249568
v 0.06350000 0.01061089 -0.00241245
v 0.06350000 0.01047587 -0.00513964
v 0.06350000 0.01041108 -0.00509310
v 0.06350000 0.01034868 -0.00504338
v 0.06350000 0.01028884 -0.00499062
v 0.06350000 0.01075457 -0.00234318
v 0.06350000 0.01068186 -0.00237603
v 0.06350000 0.01061201 -0.00522276
v 0.06350000 0.01054290 -0.00518290
v 0.06350000 0.01068301 -0.00525913
v 0.06350000 0.01075575 -0.00529191
v 0.06350000 0.01098122 -0.00226693
v 0.06350000 0.01082882 -0.00231401
v 0.06350000 0.01090443 -0.00228857
v 0.06350000 0.01105899 -0.00224915
v 0.06350000 0.01098246 -0.00536798
v 0.06350000 0.01090566 -0.00534640
v 0.06350000 0.01083002 -0.00532102
v 0.06350000 0.01106025 -0.00538570
v 0.06350000 0.01129626 -0.00221932
v 0.06350000 0.01113755 -0.00223526
v 0.06350000 0.01121671 -0.00222531
v 0.06350000 0.01113882 -0.00539952
v 0.06350000 0.01145577 -0.00221926
v 0.06350000 0.01137601 -0.00221730
v 0.06350000 0.01137729 -0.00541730
v 0.06350000 0.01129754 -0.00541534
v 0.06350000 0.01121798 -0.00540941
v 0.06350000 0.01161449 -0.00223507
v 0.06350000 0.01153533 -0.00222519
v 0.06350000 0.01145704 -0.00541528
v 0.06350000 0.01177085 -0.00226662
v 0.06350000 0.01169306 -0.00224890
v 0.06350000 0.01192329 -0.00231357
v 0.06350000 0.01184765 -0.00228819
v 0.06350000 0.01177208 -0.00536766
v 0.06350000 0.01169431 -0.00538545
v 0.06350000 0.01161575 -0.00539933
v 0.06350000 0.01153660 -0.00540928
v 0.06350000 0.01199756 -0.00234269
v 0.06350000 0.01199874 -0.00529141
v 0.06350000 0.01192449 -0.00532059
v 0.06350000 0.01184887 -0.00534603
v 0.06350000 0.01221040 -0.00245170
v 0.06350000 0.01207029 -0.00237547
v 0.06350000 0.01214130 -0.00241184
v 0.06350000 0.01207144 -0.00525857
v 0.06350000 0.01227744 -0.00249496
v 0.06350000 0.01221149 -0.00518223
v 0.06350000 0.01214242 -0.00522215
v 0.06350000 0.01240462 -0.00259122
v 0.06350000 0.01234223 -0.00254150
v 0.06350000 0.01246446 -0.00264398
v 0.06350000 0.01252159 -0.00269966
v 0.06350000 0.01240560 -0.00504256
v 0.06350000 0.01234325 -0.00509232
v 0.06350000 0.01227849 -0.00513892
v 0.06350000 0.01252249 -0.00493402
v 0.06350000 0.01246540 -0.00498975
v 0.06350000 0.01267538 -0.00288279
v 0.06350000 0.01257588 -0.00275812
v 0.06350000 0.01262719 -0.00281922
v 0.06350000 0.01262798 -0.00481438
v 0.06350000 0.01257673 -0.00487552
v 0.06350000 0.01280016 -0.00308679
v 0.06350000 0.01272035 -0.00294869
v 0.06350000 0.01276197 -0.00301675
v 0.06350000 0.01272104 -0.00468484
v 0.06350000 0.01267613 -0.00475077
v 0.06350000 0.01276261 -0.00461674
v 0.06350000 0.01289313 -0.00330711
v 0.06350000 0.01283480 -0.00315866
v 0.06350000 0.01286582 -0.00323216
v 0.06350000 0.01286628 -0.00440125
v 0.06350000 0.01283532 -0.00447478
v 0.06350000 0.01280074 -0.00454667
v 0.06350000 0.01293640 -0.00346064
v 0.06350000 0.01291668 -0.00338334
v 0.06350000 0.01293668 -0.00417271
v 0.06350000 0.01291702 -0.00425003
v 0.06350000 0.01289354 -0.00432627
v 0.06350000 0.01297614 -0.00377677
v 0.06350000 0.01295223 -0.00353883
v 0.06350000 0.01296416 -0.00361771
v 0.06350000 0.01297213 -0.00369709
v 0.06350000 0.01296432 -0.00401561
v 0.06350000 0.01295246 -0.00409451
v 0.06350000 0.01297223 -0.00393623
v 0.06350000 0.01297617 -0.00385655
v 0.06350000 0.00078296 -0.01180165
v 0.06350000 0.00078293 -0.01172187
v 0.06350000 0.00078688 -0.01164219
v 0.06350000 0.00080665 -0.01148391
v 0.06350000 0.00079479 -0.01156280
v 0.06350000 0.00084208 -0.01132839
v 0.06350000 0.00082242 -0.01140571
v 0.06350000 0.00089282 -0.01117717
v 0.06350000 0.00086556 -0.01125215
v 0.06350000 0.00084242 -0.01219508
v 0.06350000 0.00082271 -0.01211778
v 0.06350000 0.00080687 -0.01203959
v 0.06350000 0.00079495 -0.01196070
v 0.06350000 0.00078697 -0.01188132
v 0.06350000 0.00095836 -0.01103175
v 0.06350000 0.00092378 -0.01110364
v 0.06350000 0.00092430 -0.01241976
v 0.06350000 0.00089328 -0.01234626
v 0.06350000 0.00086597 -0.01227130
v 0.06350000 0.00108298 -0.01082765
v 0.06350000 0.00099649 -0.01096167
v 0.06350000 0.00103806 -0.01089358
v 0.06350000 0.00099713 -0.01256167
v 0.06350000 0.00095895 -0.01249163
v 0.06350000 0.00118238 -0.01070290
v 0.06350000 0.00113112 -0.01076404
v 0.06350000 0.00108372 -0.01269563
v 0.06350000 0.00103875 -0.01262973
v 0.06350000 0.00129370 -0.01058867
v 0.06350000 0.00123662 -0.01064440
v 0.06350000 0.00123751 -0.01287876
v 0.06350000 0.00118322 -0.01282030
v 0.06350000 0.00113192 -0.01275920
v 0.06350000 0.00141585 -0.01048609
v 0.06350000 0.00135350 -0.01053586
v 0.06350000 0.00135448 -0.01298720
v 0.06350000 0.00129464 -0.01293444
v 0.06350000 0.00161668 -0.01035627
v 0.06350000 0.00148061 -0.01043950
v 0.06350000 0.00154761 -0.01039619
v 0.06350000 0.00148167 -0.01308346
v 0.06350000 0.00141687 -0.01303692
v 0.06350000 0.00176037 -0.01028701
v 0.06350000 0.00168766 -0.01031985
v 0.06350000 0.00161780 -0.01316658
v 0.06350000 0.00154870 -0.01312672
v 0.06350000 0.00191023 -0.01023239
v 0.06350000 0.00183462 -0.01025783
v 0.06350000 0.00198702 -0.01021075
v 0.06350000 0.00191145 -0.01329022
v 0.06350000 0.00183582 -0.01326485
v 0.06350000 0.00176154 -0.01323573
v 0.06350000 0.00168881 -0.01320295
v 0.06350000 0.00206604 -0.01332952
v 0.06350000 0.00198826 -0.01331180
v 0.06350000 0.00230206 -0.01016314
v 0.06350000 0.00206479 -0.01019297
v 0.06350000 0.00214335 -0.01017909
v 0.06350000 0.00222251 -0.01016913
v 0.06350000 0.00214461 -0.01334334
v 0.06350000 0.00238181 -0.01016112
v 0.06350000 0.00238309 -0.01336112
v 0.06350000 0.00230333 -0.01335916
v 0.06350000 0.00222378 -0.01335323
v 0.06350000 0.00262029 -0.01017890
v 0.06350000 0.00246156 -0.01016308
v 0.06350000 0.00254112 -0.01016901
v 0.06350000 0.00246284 -0.01335910
v 0.06350000 0.00277664 -0.01021044
v 0.06350000 0.00269886 -0.01019272
v 0.06350000 0.00262155 -0.01334315
v 0.06350000 0.00254239 -0.01335311
v 0.06350000 0.00285345 -0.01023202
v 0.06350000 0.00277788 -0.01331149
v 0.06350000 0.00270011 -0.01332927
v 0.06350000 0.00300336 -0.01028651
v 0.06350000 0.00292908 -0.01025739
v 0.06350000 0.00314709 -0.01035566
v 0.06350000 0.00307609 -0.01031929
v 0.06350000 0.00300453 -0.01323523
v 0.06350000 0.00293028 -0.01326441
v 0.06350000 0.00285467 -0.01328985
v 0.06350000 0.00307724 -0.01320239
v 0.06350000 0.00334803 -0.01048532
v 0.06350000 0.00321620 -0.01039552
v 0.06350000 0.00328323 -0.01043878
v 0.06350000 0.00334905 -0.01303615
v 0.06350000 0.00328429 -0.01308274
v 0.06350000 0.00321729 -0.01312605
v 0.06350000 0.00314822 -0.01316597
v 0.06350000 0.00352739 -0.01064348
v 0.06350000 0.00341042 -0.01053504
v 0.06350000 0.00347026 -0.01058780
v 0.06350000 0.00341140 -0.01298638
v 0.06350000 0.00363298 -0.01076304
v 0.06350000 0.00358168 -0.01070194
v 0.06350000 0.00368118 -0.01082661
v 0.06350000 0.00363378 -0.01275820
v 0.06350000 0.00358252 -0.01281934
v 0.06350000 0.00352828 -0.01287784
v 0.06350000 0.00347119 -0.01293357
v 0.06350000 0.00380595 -0.01103061
v 0.06350000 0.00372614 -0.01089251
v 0.06350000 0.00376777 -0.01096057
v 0.06350000 0.00372684 -0.01262866
v 0.06350000 0.00368192 -0.01269459
v 0.06350000 0.00376841 -0.01256057
v 0.06350000 0.00389893 -0.01125094
v 0.06350000 0.00384060 -0.01110248
v 0.06350000 0.00387161 -0.01117598
v 0.06350000 0.00392248 -0.01132716
v 0.06350000 0.00387208 -0.01234507
v 0.06350000 0.00384112 -0.01241860
v 0.06350000 0.00380654 -0.01249049
v 0.06350000 0.00394219 -0.01140446
v 0.06350000 0.00396995 -0.01156154
v 0.06350000 0.00395803 -0.01148265
v 0.06350000 0.00394248 -0.01211653
v 0.06350000 0.00392282 -0.01219385
v 0.06350000 0.00389934 -0.01227009
v 0.06350000 0.00397793 -0.01164091
v 0.06350000 0.00397011 -0.01195944
v 0.06350000 0.00395825 -0.01203833
v 0.06350000 0.00397802 -0.01188005
v 0.06350000 0.00398194 -0.01172059
v 0.06350000 0.00398197 -0.01180037
v 0.06550000 0.00207132 0.00412765
v 0.06550000 -0.00129054 0.00449601
v 0.06550000 -0.00186300 -0.00422576
v 0.06550000 0.00172427 -0.00428425
v 0.06550000 0.00429994 0.00160709
v 0.06550000 0.00513910 0.00068925
v 0.06550000 0.00431840 -0.00180894
v 0.06550000 0.00305191 -0.00416839
v 0.06550000 0.00277934 0.00430703
v 0.06550000 -0.00200503 -0.00487422
v 0.06178932 0.00176685 0.00501883
v 0.06550000 -0.00330736 0.00407431
v 0.06550000 -0.00453018 -0.00159405
v 0.06550000 -0.00433517 0.00179355
v 0.06157847 -0.00541896 -0.00090084
v 0.06110000 0.00138408 0.00699324
v 0.06110000 0.00131622 0.00706631
v 0.06110000 0.00145550 0.00692363
v 0.06110000 0.00153029 0.00685768
v 0.06110000 0.00160829 0.00679553
v 0.06110000 0.00168928 0.00673735
v 0.06110000 0.00177307 0.00668328
v 0.06110000 0.00185945 0.00663346
v 0.06110000 0.00194821 0.00658800
v 0.06110000 0.00203912 0.00654702
v 0.06110000 0.00213197 0.00651062
v 0.06110000 0.00222651 0.00647890
v 0.06110000 0.00232252 0.00645193
v 0.06110000 0.00241975 0.00642978
v 0.06110000 0.00251796 0.00641250
v 0.06110000 0.00261692 0.00640014
v 0.06110000 0.00271636 0.00639273
v 0.06110000 0.00281606 0.00639028
v 0.06110000 0.00291575 0.00639281
v 0.06110000 0.00301519 0.00640030
v 0.06110000 0.00311413 0.00641274
v 0.06110000 0.00321233 0.00643010
v 0.06110000 0.00330955 0.00645232
v 0.06110000 0.00340553 0.00647937
v 0.06110000 0.00350005 0.00651117
v 0.06110000 0.00359286 0.00654764
v 0.06110000 0.00368374 0.00658869
v 0.06110000 0.00377247 0.00663422
v 0.06110000 0.00385881 0.00668412
v 0.06110000 0.00394256 0.00673825
v 0.06110000 0.00402350 0.00679650
v 0.06110000 0.00410144 0.00685871
v 0.06110000 0.00417619 0.00692472
v 0.06110000 0.00424755 0.00699438
v 0.06110000 0.00431535 0.00706751
v 0.06110000 0.00437942 0.00714393
v 0.06110000 0.00443960 0.00722344
v 0.06110000 0.00449574 0.00730586
v 0.06110000 0.00454771 0.00739097
v 0.06110000 0.00459537 0.00747857
v 0.06110000 0.00463860 0.00756844
v 0.06110000 0.00467730 0.00766034
v 0.06110000 0.00471137 0.00775407
v 0.06110000 0.00474072 0.00784937
v 0.06110000 0.00476529 0.00794602
v 0.06110000 0.00478501 0.00804377
v 0.06110000 0.00479983 0.00814239
v 0.06110000 0.00480972 0.00824162
v 0.06110000 0.00481466 0.00834122
v 0.06110000 0.00481462 0.00844094
v 0.06110000 0.00480961 0.00854054
v 0.06110000 0.00479964 0.00863976
v 0.06110000 0.00478473 0.00873836
v 0.06110000 0.00476494 0.00883610
v 0.06110000 0.00474029 0.00893273
v 0.06110000 0.00471086 0.00902801
v 0.06110000 0.00467671 0.00912171
v 0.06110000 0.00463794 0.00921358
v 0.06110000 0.00459464 0.00930341
v 0.06110000 0.00454691 0.00939097
v 0.06110000 0.00449488 0.00947604
v 0.06110000 0.00443867 0.00955842
v 0.06110000 0.00437842 0.00963789
v 0.06110000 0.00431429 0.00971425
v 0.06110000 0.00570722 0.00925838
v 0.06110000 0.00467990 0.00601538
v 0.06110000 0.00424643 0.00978733
v 0.06110000 0.00417502 0.00985693
v 0.06110000 0.00514294 0.01031355
v 0.06110000 0.00410022 0.00992288
v 0.06110000 0.00402223 0.00998503
v 0.06110000 0.00394124 0.01004321
v 0.06110000 0.00385745 0.01009728
v 0.06110000 0.00377106 0.01014711
v 0.06110000 0.00368231 0.01019257
v 0.06110000 0.00359139 0.01023354
v 0.06110000 0.00349855 0.01026994
v 0.06110000 0.00419245 0.01107924
v 0.06110000 0.00340400 0.01030166
v 0.06110000 0.00330800 0.01032863
v 0.06110000 0.00321077 0.01035078
v 0.06110000 0.00244120 0.00539570
v 0.06110000 0.00311255 0.01036806
v 0.06110000 0.00301360 0.01038042
v 0.06110000 0.00291415 0.01038784
v 0.06110000 0.00281446 0.01039028
v 0.06110000 0.00271477 0.01038776
v 0.06110000 0.00303958 0.01139978
v 0.06110000 0.00261533 0.01038026
v 0.06110000 0.00251638 0.01036782
v 0.06110000 0.00241818 0.01035047
v 0.06110000 0.00132750 0.00576280
v 0.06110000 0.00232097 0.01032824
v 0.06110000 0.00222498 0.01030119
v 0.06110000 0.00213047 0.01026939
v 0.06110000 0.00203765 0.01023292
v 0.06110000 0.00194677 0.01019187
v 0.06110000 0.00187533 0.01125971
v 0.06110000 0.00185805 0.01014634
v 0.06110000 0.00177171 0.01009645
v 0.06110000 0.00168796 0.01004231
v 0.06110000 0.00160701 0.00998406
v 0.06110000 0.00152907 0.00992186
v 0.06110000 0.00125209 0.00714268
v 0.06110000 0.00145433 0.00985584
v 0.06110000 0.00119185 0.00722215
v 0.06110000 0.00138297 0.00978618
v 0.06110000 0.00113564 0.00730452
v 0.06110000 0.00131517 0.00971305
v 0.06110000 0.00108361 0.00738959
v 0.06110000 0.00125110 0.00963664
v 0.06110000 0.00103588 0.00747715
v 0.06110000 0.00119092 0.00955712
v 0.06110000 0.00099257 0.00756698
v 0.06110000 0.00113477 0.00947470
v 0.06110000 -0.00015980 0.00781267
v 0.06110000 0.00095380 0.00765886
v 0.06110000 0.00108281 0.00938959
v 0.06110000 0.00091966 0.00775255
v 0.06110000 0.00059013 0.00952993
v 0.06110000 0.00089023 0.00784783
v 0.06110000 0.00099192 0.00921213
v 0.06110000 0.00086558 0.00794446
v 0.06110000 0.00095322 0.00912022
v 0.06110000 0.00084578 0.00804220
v 0.06110000 0.00091915 0.00902650
v 0.06110000 0.00083088 0.00814080
v 0.06110000 0.00088979 0.00893119
v 0.06110000 0.00082091 0.00824003
v 0.06110000 0.00086522 0.00883455
v 0.06110000 0.00081590 0.00833962
v 0.06110000 0.00084550 0.00873679
v 0.06110000 0.00081586 0.00843934
v 0.06110000 0.00083068 0.00863818
v 0.06110000 0.00082079 0.00853895
v 0.06110000 -0.01010500 -0.00315410
v 0.06110000 -0.01017286 -0.00308103
v 0.06110000 -0.01003359 -0.00322370
v 0.06110000 -0.00995879 -0.00328966
v 0.06110000 -0.00988080 -0.00335180
v 0.06110000 -0.00979981 -0.00340998
v 0.06110000 -0.00971601 -0.00346405
v 0.06110000 -0.00962963 -0.00351388
v 0.06110000 -0.00954087 -0.00355934
v 0.06110000 -0.00944996 -0.00360032
v 0.06110000 -0.00935712 -0.00363671
v 0.06110000 -0.00926257 -0.00366844
v 0.06110000 -0.00916657 -0.00369541
v 0.06110000 -0.00906934 -0.00371756
v 0.06110000 -0.00897112 -0.00373484
v 0.06110000 -0.00887217 -0.00374720
v 0.06110000 -0.00877272 -0.00375461
v 0.06110000 -0.00867303 -0.00375706
v 0.06110000 -0.00857334 -0.00375453
v 0.06110000 -0.00847390 -0.00374704
v 0.06110000 -0.00837495 -0.00373460
v 0.06110000 -0.00827675 -0.00371724
v 0.06110000 -0.00817954 -0.00369501
v 0.06110000 -0.00808355 -0.00366797
v 0.06110000 -0.00798904 -0.00363617
v 0.06110000 -0.00789622 -0.00359970
v 0.06110000 -0.00780534 -0.00355865
v 0.06110000 -0.00771662 -0.00351312
v 0.06110000 -0.00763027 -0.00346322
v 0.06110000 -0.00754653 -0.00340908
v 0.06110000 -0.00746558 -0.00335084
v 0.06110000 -0.00738764 -0.00328863
v 0.06110000 -0.00731290 -0.00322262
v 0.06110000 -0.00724153 -0.00315296
v 0.06110000 -0.00717374 -0.00307983
v 0.06110000 -0.00710967 -0.00300341
v 0.06110000 -0.00704948 -0.00292390
v 0.06110000 -0.00699334 -0.00284148
v 0.06110000 -0.00694138 -0.00275636
v 0.06110000 -0.00689372 -0.00266877
v 0.06110000 -0.00685049 -0.00257890
v 0.06110000 -0.00681179 -0.00248700
v 0.06110000 -0.00677772 -0.00239327
v 0.06110000 -0.00674836 -0.00229797
v 0.06110000 -0.00672379 -0.00220132
v 0.06110000 -0.00670407 -0.00210357
v 0.06110000 -0.00668925 -0.00200495
v 0.06110000 -0.00667936 -0.00190572
v 0.06110000 -0.00667443 -0.00180612
v 0.06110000 -0.00667447 -0.00170640
v 0.06110000 -0.00667948 -0.00160680
v 0.06110000 -0.00668945 -0.00150758
v 0.06110000 -0.00670435 -0.00140897
v 0.06110000 -0.00672415 -0.00131124
v 0.06110000 -0.00674879 -0.00121461
v 0.06110000 -0.00677823 -0.00111933
v 0.06110000 -0.00681237 -0.00102563
v 0.06110000 -0.00685114 -0.00093375
v 0.06110000 -0.00689445 -0.00084392
v 0.06110000 -0.00694217 -0.00075636
v 0.06110000 -0.00699421 -0.00067129
v 0.06110000 -0.00705042 -0.00058892
v 0.06110000 -0.00711066 -0.00050945
v 0.06110000 -0.00717479 -0.00043309
v 0.06110000 -0.00567175 -0.00208047
v 0.06119565 -0.00609599 -0.00333367
v 0.06110000 -0.00724265 -0.00036001
v 0.06110000 -0.00634615 0.00016621
v 0.06110000 -0.00731407 -0.00029041
v 0.06110000 -0.00738886 -0.00022445
v 0.06110000 -0.00746685 -0.00016231
v 0.06110000 -0.00754785 -0.00010413
v 0.06117027 -0.00788635 -0.00466771
v 0.06110000 -0.00763164 -0.00005006
v 0.06110000 -0.00771802 -0.00000023
v 0.06110000 -0.00780678 0.00004523
v 0.06110000 -0.00789769 0.00008621
v 0.06110000 -0.00799054 0.00012260
v 0.06110000 -0.00808508 0.00015432
v 0.06110000 -0.00818108 0.00018130
v 0.06110000 -0.00827832 0.00020345
v 0.06110000 -0.00904788 -0.00475164
v 0.06110000 -0.00837653 0.00022072
v 0.06110000 -0.00847548 0.00023308
v 0.06110000 -0.00857493 0.00024050
v 0.06110000 -0.00867462 0.00024294
v 0.06110000 -0.00877431 0.00024042
v 0.06110000 -0.00887376 0.00023293
v 0.06110000 -0.00897270 0.00022049
v 0.06110000 -0.00907090 0.00020313
v 0.06110000 -0.00916811 0.00018090
v 0.06110000 -0.00926410 0.00015385
v 0.06110000 -0.00935862 0.00012206
v 0.06110000 -0.00945143 0.00008559
v 0.06110000 -0.00954231 0.00004453
v 0.06110000 -0.00963103 -0.00000100
v 0.06110000 -0.00971738 -0.00005089
v 0.06110000 -0.00980113 -0.00010503
v 0.06110000 -0.00988207 -0.00016327
v 0.06110000 -0.00996001 -0.00022548
v 0.06110000 -0.01023699 -0.00300466
v 0.06110000 -0.01003476 -0.00029150
v 0.06110000 -0.01029724 -0.00292519
v 0.06110000 -0.01010612 -0.00036115
v 0.06110000 -0.01035344 -0.00284282
v 0.06110000 -0.01017392 -0.00043428
v 0.06110000 -0.01040548 -0.00275775
v 0.06120204 -0.01076272 0.00043417
v 0.06110000 -0.01023799 -0.00051070
v 0.06110000 -0.01045320 -0.00267019
v 0.06110000 -0.01029817 -0.00059022
v 0.06110000 -0.01049651 -0.00258036
v 0.06110000 -0.01035431 -0.00067263
v 0.06110000 -0.01160547 -0.00247992
v 0.06110000 -0.01053528 -0.00248848
v 0.06110000 -0.01040628 -0.00075775
v 0.06110000 -0.01056943 -0.00239479
v 0.06110000 -0.01045393 -0.00084535
v 0.06110000 -0.01059886 -0.00229951
v 0.06110000 -0.01049717 -0.00093521
v 0.06110000 -0.01062350 -0.00220288
v 0.06110000 -0.01053586 -0.00102712
v 0.06110000 -0.01064330 -0.00210514
v 0.06110000 -0.01056993 -0.00112084
v 0.06110000 -0.01065820 -0.00200654
v 0.06110000 -0.01059929 -0.00121614
v 0.06110000 -0.01066817 -0.00190731
v 0.06110000 -0.01062386 -0.00131279
v 0.06110000 -0.01067318 -0.00180772
v 0.06110000 -0.01064358 -0.00141055
v 0.06110000 -0.01067322 -0.00170799
v 0.06115000 -0.01158176 -0.00083970
v 0.06110000 -0.01065840 -0.00150916
v 0.06110000 -0.01066829 -0.00160839
v 0.06110000 0.00442739 -0.00803027
v 0.06110000 0.00435953 -0.00795720
v 0.06110000 0.00449881 -0.00809987
v 0.06110000 0.00457360 -0.00816583
v 0.06110000 0.00465160 -0.00822797
v 0.06110000 0.00473259 -0.00828615
v 0.06110000 0.00481638 -0.00834022
v 0.06110000 0.00490276 -0.00839005
v 0.06110000 0.00499152 -0.00843551
v 0.06110000 0.00508243 -0.00847649
v 0.06110000 0.00517528 -0.00851288
v 0.06110000 0.00526982 -0.00854461
v 0.06110000 0.00536583 -0.00857158
v 0.06110000 0.00546306 -0.00859373
v 0.06110000 0.00556127 -0.00861101
v 0.06110000 0.00566023 -0.00862337
v 0.06110000 0.00575967 -0.00863078
v 0.06110000 0.00585937 -0.00863323
v 0.06110000 0.00595906 -0.00863070
v 0.06110000 0.00605850 -0.00862321
v 0.06110000 0.00615744 -0.00861077
v 0.06110000 0.00625564 -0.00859341
v 0.06110000 0.00635286 -0.00857118
v 0.06110000 0.00644884 -0.00854414
v 0.06110000 0.00654336 -0.00851234
v 0.06110000 0.00663617 -0.00847587
v 0.06110000 0.00672706 -0.00843482
v 0.06110000 0.00681578 -0.00838929
v 0.06110000 0.00690212 -0.00833939
v 0.06110000 0.00698587 -0.00828525
v 0.06110000 0.00706681 -0.00822701
v 0.06110000 0.00714476 -0.00816480
v 0.06110000 0.00721950 -0.00809879
v 0.06110000 0.00729086 -0.00802913
v 0.06110000 0.00735866 -0.00795600
v 0.06110000 0.00742273 -0.00787958
v 0.06110000 0.00748291 -0.00780006
v 0.06110000 0.00753905 -0.00771765
v 0.06110000 0.00759102 -0.00763253
v 0.06110000 0.00763868 -0.00754494
v 0.06110000 0.00768191 -0.00745507
v 0.06110000 0.00772061 -0.00736316
v 0.06110000 0.00775468 -0.00726944
v 0.06110000 0.00778403 -0.00717414
v 0.06110000 0.00780860 -0.00707749
v 0.06110000 0.00782832 -0.00697974
v 0.06110000 0.00784315 -0.00688112
v 0.06110000 0.00785304 -0.00678189
v 0.06110000 0.00785797 -0.00668229
v 0.06110000 0.00785793 -0.00658257
v 0.06110000 0.00785292 -0.00648297
v 0.06110000 0.00784295 -0.00638375
v 0.06110000 0.00782805 -0.00628514
v 0.06110000 0.00780825 -0.00618740
v 0.06110000 0.00778360 -0.00609078
v 0.06110000 0.00775417 -0.00599550
v 0.06110000 0.00772002 -0.00590180
v 0.06110000 0.00768125 -0.00580992
v 0.06110000 0.00763795 -0.00572009
v 0.06110000 0.00759022 -0.00563253
v 0.06110000 0.00753819 -0.00554746
v 0.06110000 0.00748198 -0.00546509
v 0.06110000 0.00742173 -0.00538562
v 0.06110000 0.00735760 -0.00530925
v 0.06110000 0.00772321 -0.00900813
v 0.06110000 0.00728974 -0.00523618
v 0.06110000 0.00721833 -0.00516658
v 0.06115882 0.00816994 -0.00469127
v 0.06110000 0.00714353 -0.00510062
v 0.06110000 0.00706554 -0.00503848
v 0.06110000 0.00698455 -0.00498030
v 0.06110000 0.00665430 -0.00954594
v 0.06110000 0.00690076 -0.00492623
v 0.06110000 0.00681438 -0.00487640
v 0.06110000 0.00672562 -0.00483094
v 0.06110000 0.00663470 -0.00478996
v 0.06110000 0.00654186 -0.00475357
v 0.06110000 0.00644732 -0.00472184
v 0.06110000 0.00635131 -0.00469487
v 0.06110000 0.00625408 -0.00467272
v 0.06110000 0.00548451 -0.00962780
v 0.06110000 0.00615586 -0.00465544
v 0.06110000 0.00605691 -0.00464308
v 0.06110000 0.00595746 -0.00463567
v 0.06110000 0.00585777 -0.00463323
v 0.06110000 0.00575808 -0.00463575
v 0.06110000 0.00565864 -0.00464324
v 0.06110000 0.00555969 -0.00465568
v 0.06110000 0.00546149 -0.00467304
v 0.06110000 0.00536428 -0.00469527
v 0.06110000 0.00526830 -0.00472232
v 0.06110000 0.00517378 -0.00475411
v 0.06110000 0.00508096 -0.00479058
v 0.06110000 0.00499008 -0.00483163
v 0.06110000 0.00490136 -0.00487716
v 0.06110000 0.00481502 -0.00492706
v 0.06110000 0.00473127 -0.00498120
v 0.06110000 0.00465032 -0.00503944
v 0.06110000 0.00457238 -0.00510165
v 0.06110000 0.00429540 -0.00788083
v 0.06110000 0.00449764 -0.00516766
v 0.06110000 0.00423516 -0.00780136
v 0.06110000 0.00442628 -0.00523732
v 0.06110000 0.00417895 -0.00771899
v 0.06110000 0.00435848 -0.00531045
v 0.06110000 0.00412692 -0.00763392
v 0.06110000 0.00385863 -0.00436885
v 0.06110000 0.00429441 -0.00538687
v 0.06110000 0.00407919 -0.00754636
v 0.06110000 0.00423423 -0.00546639
v 0.06110000 0.00403589 -0.00745653
v 0.06110000 0.00417808 -0.00554880
v 0.06110000 0.00399711 -0.00736465
v 0.06110000 0.00412612 -0.00563392
v 0.06110000 0.00396297 -0.00727096
v 0.06110000 0.00407846 -0.00572151
v 0.06110000 0.00393354 -0.00717567
v 0.06110000 0.00403523 -0.00581138
v 0.06110000 0.00390889 -0.00707905
v 0.06110000 0.00399653 -0.00590329
v 0.06110000 0.00388909 -0.00698131
v 0.06110000 0.00396246 -0.00599701
v 0.06110000 0.00387419 -0.00688270
v 0.06110000 0.00393310 -0.00609231
v 0.06110000 0.00386422 -0.00678348
v 0.06110000 0.00390854 -0.00618896
v 0.06110000 0.00385921 -0.00668388
v 0.06110000 0.00388881 -0.00628672
v 0.06110000 0.00385917 -0.00658416
v 0.06110000 0.00293658 -0.00573319
v 0.06110000 0.00387399 -0.00638533
v 0.06110000 0.00386410 -0.00648456
v 0.05650000 -0.00514248 0.00756910
v 0.05898276 -0.00518692 0.00940756
v 0.05650000 -0.00462997 0.01131750
v 0.05650000 -0.00470130 0.01188744
v 0.05650000 -0.00468443 0.01186271
v 0.05650000 -0.00466881 0.01183716
v 0.05650000 -0.00465448 0.01181086
v 0.05650000 -0.00464149 0.01178389
v 0.05650000 -0.00462985 0.01175630
v 0.05650000 -0.00461961 0.01172816
v 0.05650000 -0.00461078 0.01169954
v 0.05650000 -0.00460339 0.01167053
v 0.05650000 -0.00459746 0.01164117
v 0.05650000 -0.00459300 0.01161156
v 0.05650000 -0.00459003 0.01158177
v 0.05650000 -0.00458854 0.01155186
v 0.05650000 -0.00458855 0.01152192
v 0.05650000 -0.00459005 0.01149201
v 0.05650000 -0.00459304 0.01146222
v 0.05650000 -0.00459752 0.01143261
v 0.05650000 -0.00460346 0.01140326
v 0.05650000 -0.00461087 0.01137425
v 0.05650000 -0.00461971 0.01134564
v 0.05650000 -0.00513987 0.00748171
v 0.05650000 -0.00514998 0.00739487
v 0.05650000 -0.00514183 0.00745261
v 0.05650000 -0.00514521 0.00742364
v 0.05650000 -0.00514020 0.00754003
v 0.05650000 -0.00513933 0.00751087
v 0.05650000 -0.00516370 0.00733819
v 0.05650000 -0.00515616 0.00736636
v 0.05650000 -0.00518286 0.00728311
v 0.05650000 -0.00517261 0.00731042
v 0.05650000 -0.00520727 0.00723015
v 0.05650000 -0.00519442 0.00725633
v 0.05650000 -0.00523671 0.00717981
v 0.05650000 -0.00522138 0.00720462
v 0.05650000 -0.00525323 0.00715577
v 0.05650000 -0.00528967 0.00711025
v 0.05650000 -0.00527090 0.00713257
v 0.05650000 -0.00533036 0.00706847
v 0.05650000 -0.00530951 0.00708886
v 0.05650000 -0.00535218 0.00704912
v 0.05650000 -0.00537491 0.00703085
v 0.05650000 -0.00628414 0.00623735
v 0.05650000 -0.00687575 0.00603826
v 0.05650000 -0.00640222 0.00612762
v 0.05650000 -0.00642669 0.00611175
v 0.05650000 -0.00645190 0.00609709
v 0.05650000 -0.00647780 0.00608366
v 0.05650000 -0.00650431 0.00607152
v 0.05650000 -0.00653139 0.00606067
v 0.05650000 -0.00655896 0.00605115
v 0.05650000 -0.00658696 0.00604299
v 0.05650000 -0.00661532 0.00603619
v 0.05650000 -0.00664398 0.00603078
v 0.05650000 -0.00667287 0.00602677
v 0.05650000 -0.00670192 0.00602417
v 0.05650000 -0.00673106 0.00602299
v 0.05650000 -0.00676023 0.00602322
v 0.05650000 -0.00678935 0.00602487
v 0.05650000 -0.00681835 0.00602793
v 0.05650000 -0.00684718 0.00603239
v 0.05650000 -0.01132024 0.00688584
v 0.05650000 -0.01074713 0.00597708
v 0.05650000 -0.01077698 0.00597481
v 0.05650000 -0.01080692 0.00597403
v 0.05650000 -0.01083685 0.00597474
v 0.05650000 -0.01086672 0.00597694
v 0.05650000 -0.01089643 0.00598063
v 0.05650000 -0.01092593 0.00598580
v 0.05650000 -0.01095513 0.00599244
v 0.05650000 -0.01098396 0.00600052
v 0.05650000 -0.01101235 0.00601003
v 0.05650000 -0.01104024 0.00602095
v 0.05650000 -0.01106754 0.00603324
v 0.05650000 -0.01109420 0.00604689
v 0.05650000 -0.01112014 0.00606184
v 0.05650000 -0.01114530 0.00607807
v 0.05650000 -0.01116963 0.00609553
v 0.05650000 -0.01119305 0.00611419
v 0.05650000 -0.01121551 0.00613399
v 0.05650000 -0.01123696 0.00615489
v 0.05650000 -0.01125733 0.00617683
v 0.05650000 -0.01127619 0.00619926
v 0.05650000 -0.01129393 0.00622259
v 0.05650000 -0.01131051 0.00624675
v 0.05650000 -0.01132589 0.00627170
v 0.05650000 -0.01134003 0.00629736
v 0.05650000 -0.01136447 0.00635061
v 0.05650000 -0.01135290 0.00632368
v 0.05650000 -0.01137472 0.00637806
v 0.05650000 -0.01133485 0.00686044
v 0.05650000 -0.01134820 0.00683435
v 0.05650000 -0.01138361 0.00640598
v 0.05650000 -0.01136027 0.00680765
v 0.05650000 -0.01139113 0.00643431
v 0.05650000 -0.01137102 0.00678039
v 0.05650000 -0.01139725 0.00646296
v 0.05650000 -0.01138042 0.00675263
v 0.05650000 -0.01140197 0.00649188
v 0.05650000 -0.01138846 0.00672445
v 0.05650000 -0.01140527 0.00652100
v 0.05650000 -0.01139511 0.00669591
v 0.05650000 -0.01140715 0.00655024
v 0.05650000 -0.01140036 0.00666709
v 0.05650000 -0.01140760 0.00657954
v 0.05650000 -0.01140420 0.00663803
v 0.05650000 -0.01140661 0.00660883
v 0.05650000 0.00912628 0.00066897
v 0.05734706 0.00991675 0.00027954
v 0.05650000 0.00910060 0.00068120
v 0.05650000 0.00907554 0.00069463
v 0.05650000 0.00905114 0.00070923
v 0.05650000 0.00902746 0.00072497
v 0.05650000 0.00900455 0.00074181
v 0.05650000 0.00898247 0.00075973
v 0.05650000 0.00896126 0.00077866
v 0.05650000 0.00894097 0.00079859
v 0.05650000 0.00892164 0.00081945
v 0.05650000 0.00890253 0.00084220
v 0.05650000 0.00888457 0.00086587
v 0.05650000 0.00886780 0.00089040
v 0.05650000 0.00885226 0.00091573
v 0.05650000 0.00883800 0.00094180
v 0.05650000 0.00882505 0.00096854
v 0.05650000 0.00881344 0.00099589
v 0.05650000 0.00880319 0.00102379
v 0.05650000 0.00879434 0.00105215
v 0.05650000 0.00878690 0.00108092
v 0.05650000 0.00878090 0.00111003
v 0.05650000 0.00868304 0.00173122
v 0.05650000 0.01318250 -0.00133576
v 0.05650000 0.01316707 -0.00142307
v 0.05650000 0.01317879 -0.00136510
v 0.05650000 0.01317364 -0.00139423
v 0.05650000 0.01314969 -0.00147959
v 0.05650000 0.01315908 -0.00145155
v 0.05650000 0.01312684 -0.00153414
v 0.05650000 0.01313894 -0.00150715
v 0.05650000 0.01311342 -0.00156050
v 0.05650000 0.01309873 -0.00158617
v 0.05650000 0.01308278 -0.00161108
v 0.05650000 0.01304731 -0.00165839
v 0.05650000 0.01306563 -0.00163517
v 0.05650000 0.01302787 -0.00168068
v 0.05650000 0.01300735 -0.00170199
v 0.05650000 0.01296330 -0.00174144
v 0.05650000 0.01298581 -0.00172226
v 0.05650000 0.01289048 -0.00179202
v 0.05650000 0.01293986 -0.00175949
v 0.05650000 0.01291557 -0.00177636
v 0.05650000 0.01283812 -0.00181952
v 0.05650000 0.01286464 -0.00180641
v 0.05650000 0.01281100 -0.00183131
v 0.05650000 0.01272660 -0.00185846
v 0.05650000 0.01278332 -0.00184174
v 0.05650000 0.01275516 -0.00185080
v 0.05650000 0.01266850 -0.00186951
v 0.05650000 0.01269768 -0.00186470
v 0.05650000 0.01260960 -0.00187479
v 0.05650000 0.01263911 -0.00187288
v 0.05650000 0.01255046 -0.00187425
v 0.05650000 0.01258002 -0.00187525
v 0.05650000 0.01252099 -0.00187179
v 0.05650000 0.01249167 -0.00186788
v 0.05650000 0.01246258 -0.00186254
v 0.05650000 0.01243379 -0.00185576
v 0.05650000 0.01234990 -0.00182706
v 0.05650000 0.01240537 -0.00184758
v 0.05650000 0.01237738 -0.00183800
v 0.05650000 0.01229673 -0.00180118
v 0.05650000 0.01232300 -0.00181478
v 0.05650000 0.01222238 -0.00175288
v 0.05650000 0.01227116 -0.00178631
v 0.05650000 0.01224636 -0.00177019
v 0.05650000 0.01217713 -0.00171480
v 0.05650000 0.01213584 -0.00167246
v 0.05650000 0.01215596 -0.00169414
v 0.05650000 0.01212917 -0.00166478
v 0.05650000 0.01219929 -0.00173440
v 0.05650000 0.01212264 -0.00165699
v 0.05650000 0.01211623 -0.00164908
v 0.05650000 0.01146069 -0.00089018
v 0.05650000 0.01161008 0.00638385
v 0.05650000 0.01159571 0.00640639
v 0.05650000 0.01162343 0.00636069
v 0.05650000 0.01158035 0.00642826
v 0.05650000 0.01156404 0.00644943
v 0.05650000 0.01154679 0.00646985
v 0.05650000 0.01152643 0.00649179
v 0.05650000 0.01150499 0.00651268
v 0.05650000 0.01148254 0.00653247
v 0.05650000 0.01145913 0.00655112
v 0.05650000 0.01143482 0.00656858
v 0.05650000 0.01140967 0.00658481
v 0.05650000 0.01138374 0.00659976
v 0.05650000 0.01135710 0.00661340
v 0.05650000 0.01132981 0.00662569
v 0.05650000 0.01130194 0.00663661
v 0.05650000 0.01127356 0.00664612
v 0.05650000 0.01124474 0.00665421
v 0.05650000 0.01121556 0.00666085
v 0.05650000 0.01118608 0.00666603
v 0.05650000 0.01115638 0.00666973
v 0.05650000 0.01112653 0.00667194
v 0.05650000 0.01109661 0.00667266
v 0.05650000 0.01106669 0.00667189
v 0.05650000 0.01103684 0.00666963
v 0.05650000 0.01100714 0.00666588
v 0.05650000 0.01097767 0.00666066
v 0.05650000 0.01094850 0.00665397
v 0.05650000 0.01091969 0.00664584
v 0.05650000 0.01089133 0.00663628
v 0.05650000 0.01086348 0.00662532
v 0.05650000 0.01083621 0.00661298
v 0.05650000 0.01080959 0.00659930
v 0.05650000 0.01078368 0.00658431
v 0.05650000 0.01075856 0.00656804
v 0.05650000 0.01073428 0.00655054
v 0.05650000 0.01071090 0.00653186
v 0.05650000 0.01068848 0.00651203
v 0.05650000 0.01066707 0.00649110
v 0.05650000 0.01064674 0.00646914
v 0.05650000 0.01062753 0.00644619
v 0.05650000 0.01060949 0.00642231
v 0.05650000 0.01059266 0.00639755
v 0.05650000 0.00861236 0.00286732
v 0.05650000 0.00859637 0.00284292
v 0.05650000 0.00862952 0.00289090
v 0.05650000 0.00864780 0.00291363
v 0.05650000 0.00858159 0.00281778
v 0.05650000 0.00856805 0.00279195
v 0.05650000 0.00866716 0.00293544
v 0.05650000 0.00852789 0.00236593
v 0.05650000 0.00854480 0.00273847
v 0.05650000 0.00853516 0.00271094
v 0.05650000 0.00855577 0.00276549
v 0.05650000 0.00851993 0.00265465
v 0.05650000 0.00852686 0.00268298
v 0.05650000 0.00850779 0.00248067
v 0.05650000 0.00852078 0.00239421
v 0.05650000 0.00851505 0.00242281
v 0.05650000 0.00851072 0.00245166
v 0.05650000 0.00851024 0.00259714
v 0.05650000 0.00851439 0.00262601
v 0.05650000 0.00850618 0.00253897
v 0.05650000 0.00850628 0.00250980
v 0.05650000 0.00850751 0.00256810
v 0.06920000 -0.00725347 -0.00034902
v 0.06920000 -0.00718505 -0.00042157
v 0.06920000 -0.01016260 -0.00309255
v 0.06920000 -0.01022732 -0.00301668
v 0.06920000 -0.01028818 -0.00293768
v 0.06920000 -0.01034502 -0.00285574
v 0.06920000 -0.01039771 -0.00277107
v 0.06920000 -0.01044611 -0.00268388
v 0.06920000 -0.01049011 -0.00259439
v 0.06920000 -0.01052959 -0.00250282
v 0.06920000 -0.01056445 -0.00240939
v 0.06920000 -0.01059462 -0.00231434
v 0.06941620 -0.00985141 -0.00335587
v 0.06920000 -0.01062001 -0.00221790
v 0.06920000 -0.01064056 -0.00212032
v 0.06920000 -0.01065622 -0.00202183
v 0.06945424 -0.01037721 -0.00271225
v 0.06920000 -0.01066696 -0.00192269
v 0.06920000 -0.01067273 -0.00182313
v 0.06920000 -0.01067354 -0.00172341
v 0.06920000 -0.01066938 -0.00162378
v 0.06920000 -0.01066026 -0.00152447
v 0.06920000 -0.01064619 -0.00142575
v 0.06945976 -0.01060973 -0.00165549
v 0.06920000 -0.01062723 -0.00132784
v 0.06920000 -0.01060340 -0.00123101
v 0.06920000 -0.01057478 -0.00113548
v 0.06920000 -0.01054144 -0.00104150
v 0.06943563 -0.01039478 -0.00081162
v 0.06920000 -0.01050345 -0.00094930
v 0.06920000 -0.01046091 -0.00085910
v 0.06920000 -0.01041393 -0.00077114
v 0.06920000 -0.01036262 -0.00068563
v 0.06920000 -0.01030712 -0.00060278
v 0.06920000 -0.01024755 -0.00052280
v 0.06920000 -0.01018407 -0.00044589
v 0.06920000 -0.01011684 -0.00037224
v 0.06920000 -0.01004602 -0.00030203
v 0.06920000 -0.00997179 -0.00023545
v 0.06920000 -0.00989433 -0.00017264
v 0.06920000 -0.00981383 -0.00011377
v 0.06920000 -0.00973050 -0.00005899
v 0.06920000 -0.00964455 -0.00000843
v 0.06920000 -0.00955618 0.00003778
v 0.06999834 -0.00864616 -0.00029493
v 0.06920000 -0.00946562 0.00007953
v 0.06920000 -0.00937309 0.00011672
v 0.06920000 -0.00927882 0.00014924
v 0.06920000 -0.00918304 0.00017703
v 0.06920000 -0.00908601 0.00020001
v 0.06920000 -0.00898794 0.00021812
v 0.06920000 -0.00888910 0.00023132
v 0.06920000 -0.00878972 0.00023958
v 0.06920000 -0.00869005 0.00024288
v 0.06920000 -0.00859034 0.00024120
v 0.06920000 -0.00849084 0.00023455
v 0.06920000 -0.00839179 0.00022296
v 0.06920000 -0.00829345 0.00020644
v 0.06920000 -0.00819605 0.00018504
v 0.06920000 -0.00809984 0.00015881
v 0.06920000 -0.00800505 0.00012782
v 0.06920000 -0.00791193 0.00009214
v 0.06920000 -0.00782070 0.00005186
v 0.06920000 -0.00773160 0.00000709
v 0.06920000 -0.00764483 -0.00004207
v 0.06920000 -0.00756063 -0.00009550
v 0.06920000 -0.00747919 -0.00015305
v 0.06920000 -0.00740072 -0.00021459
v 0.06920000 -0.00732542 -0.00027997
v 0.06920000 -0.01009419 -0.00316510
v 0.06920000 -0.00712033 -0.00049743
v 0.06920000 -0.00705947 -0.00057644
v 0.06920000 -0.00700263 -0.00065837
v 0.06920000 -0.00694994 -0.00074304
v 0.06946397 -0.00701652 -0.00075648
v 0.06920000 -0.00690154 -0.00083023
v 0.06920000 -0.00685755 -0.00091972
v 0.06920000 -0.00681807 -0.00101130
v 0.06920000 -0.00678320 -0.00110473
v 0.06920000 -0.00675303 -0.00119978
v 0.06920000 -0.00672764 -0.00129621
v 0.06920000 -0.00670709 -0.00139380
v 0.06920000 -0.00669143 -0.00149228
v 0.06920000 -0.00668070 -0.00159142
v 0.06920000 -0.00667492 -0.00169098
v 0.06920000 -0.00667411 -0.00179070
v 0.06940245 -0.00671134 -0.00160479
v 0.06920000 -0.00667827 -0.00189033
v 0.06920000 -0.00668740 -0.00198964
v 0.06920000 -0.00670146 -0.00208837
v 0.06920000 -0.00672042 -0.00218627
v 0.06920000 -0.00674425 -0.00228310
v 0.06920000 -0.00677287 -0.00237863
v 0.06920000 -0.00680621 -0.00247261
v 0.06920000 -0.00684420 -0.00256482
v 0.06920000 -0.00688674 -0.00265501
v 0.06920000 -0.00693372 -0.00274297
v 0.06920000 -0.00698503 -0.00282849
v 0.06920000 -0.00704053 -0.00291133
v 0.06920000 -0.00710010 -0.00299131
v 0.06920000 -0.00716358 -0.00306822
v 0.06920000 -0.00723081 -0.00314187
v 0.06920000 -0.00730163 -0.00321208
v 0.06941425 -0.00737257 -0.00322044
v 0.06920000 -0.00737587 -0.00327867
v 0.06920000 -0.00745333 -0.00334147
v 0.06920000 -0.00753382 -0.00340034
v 0.06920000 -0.00761715 -0.00345512
v 0.06920000 -0.00770310 -0.00350568
v 0.06920000 -0.00779147 -0.00355190
v 0.06937852 -0.00807769 -0.00363761
v 0.06920000 -0.00788203 -0.00359365
v 0.06920000 -0.00797456 -0.00363083
v 0.06920000 -0.00806883 -0.00366336
v 0.06947241 -0.00696428 -0.00267017
v 0.06920000 -0.00816461 -0.00369114
v 0.06920000 -0.00826165 -0.00371412
v 0.06920000 -0.00835971 -0.00373224
v 0.06920000 -0.00845856 -0.00374544
v 0.06920000 -0.00855794 -0.00375370
v 0.06920000 -0.00865760 -0.00375699
v 0.06920000 -0.00875731 -0.00375531
v 0.06931283 -0.00865422 -0.00375963
v 0.06920000 -0.00885681 -0.00374867
v 0.06920000 -0.00895586 -0.00373707
v 0.06920000 -0.00905420 -0.00372055
v 0.06920000 -0.00915160 -0.00369915
v 0.06920000 -0.00924782 -0.00367292
v 0.06920000 -0.00934260 -0.00364193
v 0.06920000 -0.00943572 -0.00360625
v 0.06920000 -0.00952695 -0.00356597
v 0.06920000 -0.00961606 -0.00352120
v 0.06920000 -0.00970282 -0.00347204
v 0.06920000 -0.00978703 -0.00341862
v 0.06920000 -0.00986846 -0.00336106
v 0.06920000 -0.00994693 -0.00329952
v 0.06920000 -0.01002223 -0.00323415
v 0.05530000 -0.00718505 -0.00042157
v 0.05530000 -0.00712033 -0.00049743
v 0.05530000 -0.00705947 -0.00057644
v 0.05530000 -0.00700263 -0.00065837
v 0.05530000 -0.00694994 -0.00074304
v 0.05530000 -0.00690154 -0.00083023
v 0.05530000 -0.00685755 -0.00091972
v 0.05530000 -0.00681807 -0.00101130
v 0.05530000 -0.00678320 -0.00110473
v 0.05530000 -0.00675303 -0.00119978
v 0.05530000 -0.00672764 -0.00129621
v 0.05530000 -0.00670709 -0.00139380
v 0.05530000 -0.00669143 -0.00149228
v 0.05530000 -0.00668070 -0.00159142
v 0.05530000 -0.00667492 -0.00169098
v 0.05530000 -0.00667411 -0.00179070
v 0.05530000 -0.00667827 -0.00189033
v 0.05530000 -0.00668740 -0.00198964
v 0.05530000 -0.00670146 -0.00208837
v 0.05530000 -0.00672042 -0.00218627
v 0.05530000 -0.00674425 -0.00228310
v 0.05530000 -0.00677287 -0.00237863
v 0.05530000 -0.00680621 -0.00247261
v 0.05530000 -0.00684420 -0.00256482
v 0.05530000 -0.00688674 -0.00265501
v 0.05530000 -0.00693372 -0.00274297
v 0.05530000 -0.00698503 -0.00282849
v 0.05530000 -0.00704053 -0.00291133
v 0.05530000 -0.00710010 -0.00299131
v 0.05530000 -0.00716358 -0.00306822
v 0.05530000 -0.00723081 -0.00314187
v 0.05530000 -0.00730163 -0.00321208
v 0.05530000 -0.00737587 -0.00327867
v 0.05530000 -0.00745333 -0.00334147
v 0.05530000 -0.00753382 -0.00340034
v 0.05530000 -0.00761715 -0.00345512
v 0.05530000 -0.00770310 -0.00350568
v 0.05530000 -0.00779147 -0.00355190
v 0.05530000 -0.00788203 -0.00359365
v 0.05530000 -0.00797456 -0.00363083
v 0.05530000 -0.00806883 -0.00366336
v 0.05530000 -0.00816461 -0.00369114
v 0.05530000 -0.00826165 -0.00371412
v 0.05530000 -0.00835971 -0.00373224
v 0.05530000 -0.00845856 -0.00374544
v 0.05530000 -0.00855794 -0.00375370
v 0.05530000 -0.00865760 -0.00375699
v 0.05530000 -0.00875731 -0.00375531
v 0.05530000 -0.00885681 -0.00374867
v 0.05530000 -0.00895586 -0.00373707
v 0.05530000 -0.00905420 -0.00372055
v 0.05530000 -0.00915160 -0.00369915
v 0.05530000 -0.00924782 -0.00367292
v 0.05530000 -0.00934260 -0.00364193
v 0.05530000 -0.00943572 -0.00360625
v 0.05530000 -0.00952695 -0.00356597
v 0.05530000 -0.00961606 -0.00352120
v 0.05530000 -0.00970282 -0.00347204
v 0.05530000 -0.00978703 -0.00341862
v 0.05530000 -0.00986846 -0.00336106
v 0.05530000 -0.00994693 -0.00329952
v 0.05530000 -0.01002223 -0.00323415
v 0.05530000 -0.01009419 -0.00316510
v 0.05530000 -0.01016260 -0.00309255
v 0.05530000 -0.01022732 -0.00301668
v 0.05530000 -0.01028818 -0.00293768
v 0.05530000 -0.01034502 -0.00285574
v 0.05530000 -0.01039771 -0.00277107
v 0.05530000 -0.01044611 -0.00268388
v 0.05530000 -0.01049011 -0.00259439
v 0.05530000 -0.01052959 -0.00250282
v 0.05530000 -0.01056445 -0.00240939
v 0.05530000 -0.01059462 -0.00231434
v 0.05530000 -0.01062001 -0.00221790
v 0.05530000 -0.01064056 -0.00212032
v 0.05530000 -0.01065622 -0.00202183
v 0.05530000 -0.01066696 -0.00192269
v 0.05530000 -0.01067273 -0.00182313
v 0.05530000 -0.01067354 -0.00172341
v 0.05530000 -0.01066938 -0.00162378
v 0.05530000 -0.01066026 -0.00152447
v 0.05530000 -0.01064619 -0.00142575
v 0.05530000 -0.01062723 -0.00132784
v 0.05530000 -0.01060340 -0.00123101
v 0.05530000 -0.01057478 -0.00113548
v 0.05530000 -0.01054144 -0.00104150
v 0.05530000 -0.01050345 -0.00094930
v 0.05530000 -0.01046091 -0.00085910
v 0.05530000 -0.01041393 -0.00077114
v 0.05530000 -0.01036262 -0.00068563
v 0.05530000 -0.01030712 -0.00060278
v 0.05530000 -0.01024755 -0.00052280
v 0.05530000 -0.01018407 -0.00044589
v 0.05530000 -0.01011684 -0.00037224
v 0.05530000 -0.01004602 -0.00030203
v 0.05530000 -0.00997179 -0.00023545
v 0.05530000 -0.00989433 -0.00017264
v 0.05530000 -0.00981383 -0.00011377
v 0.05530000 -0.00973050 -0.00005899
v 0.05530000 -0.00964455 -0.00000843
v 0.05530000 -0.00955618 0.00003778
v 0.05530000 -0.00946562 0.00007953
v 0.05530000 -0.00937309 0.00011672
v 0.05530000 -0.00927882 0.00014924
v 0.05530000 -0.00918304 0.00017703
v 0.05530000 -0.00908601 0.00020001
v 0.05530000 -0.00898794 0.00021812
v 0.05530000 -0.00888910 0.00023132
v 0.05530000 -0.00878972 0.00023958
v 0.05530000 -0.00869005 0.00024288
v 0.05530000 -0.00859034 0.00024120
v 0.05530000 -0.00849084 0.00023455
v 0.05530000 -0.00839179 0.00022296
v 0.05530000 -0.00829345 0.00020644
v 0.05530000 -0.00819605 0.00018504
v 0.05530000 -0.00809984 0.00015881
v 0.05530000 -0.00800505 0.00012782
v 0.05530000 -0.00791193 0.00009214
v 0.05530000 -0.00782070 0.00005186
v 0.05530000 -0.00773160 0.00000709
v 0.05530000 -0.00764483 -0.00004207
v 0.05530000 -0.00756063 -0.00009550
v 0.05530000 -0.00747919 -0.00015305
v 0.05530000 -0.00740072 -0.00021459
v 0.05530000 -0.00732542 -0.00027997
v 0.05530000 -0.00725347 -0.00034902
v 0.05504741 -0.01053850 -0.00229742
v 0.05504200 -0.01058099 -0.00140258
v 0.05506085 -0.01011542 -0.00043008
v 0.05504751 -0.00916818 0.00012926
v 0.05505124 -0.00811100 0.00009528
v 0.05514684 -0.00740405 -0.00022673
v 0.05503933 -0.00686050 -0.00103422
v 0.05505363 -0.00682949 -0.00250746
v 0.05514850 -0.00845440 -0.00373531
v 0.05501347 -0.00796908 -0.00357216
v 0.05506526 -0.00948704 -0.00353223
v 0.05513739 -0.01016613 -0.00309232
v 0.06920000 0.00423562 0.00979832
v 0.06920000 0.00430404 0.00972577
v 0.06920000 0.00132648 0.00705479
v 0.06920000 0.00126176 0.00713066
v 0.06920000 0.00120090 0.00720966
v 0.06920000 0.00114406 0.00729160
v 0.06920000 0.00109137 0.00737627
v 0.06920000 0.00104297 0.00746345
v 0.06920000 0.00099898 0.00755295
v 0.06920000 0.00095950 0.00764452
v 0.06920000 0.00092463 0.00773795
v 0.06920000 0.00089447 0.00783300
v 0.06920000 0.00086908 0.00792944
v 0.06920000 0.00084852 0.00802702
v 0.06920000 0.00083286 0.00812551
v 0.06920000 0.00082213 0.00822465
v 0.06920000 0.00081635 0.00832420
v 0.06920000 0.00081554 0.00842392
v 0.06920000 0.00081970 0.00852356
v 0.06946144 0.00092531 0.00785857
v 0.06920000 0.00082883 0.00862286
v 0.06920000 0.00084289 0.00872159
v 0.06920000 0.00086186 0.00881949
v 0.06920000 0.00088568 0.00891633
v 0.06920000 0.00091430 0.00901186
v 0.06920000 0.00094764 0.00910584
v 0.06920000 0.00098563 0.00919804
v 0.06920000 0.00102817 0.00928824
v 0.06920000 0.00107515 0.00937620
v 0.06920000 0.00112646 0.00946171
v 0.06920000 0.00118197 0.00954456
v 0.06920000 0.00124153 0.00962454
v 0.06920000 0.00130501 0.00970145
v 0.06920000 0.00137224 0.00977510
v 0.06920000 0.00144307 0.00984530
v 0.06920000 0.00151730 0.00991189
v 0.06920000 0.00159476 0.00997470
v 0.06920000 0.00167525 0.01003357
v 0.06946495 0.00127963 0.00955842
v 0.06920000 0.00175858 0.01008835
v 0.06943116 0.00179326 0.01006365
v 0.06920000 0.00184453 0.01013891
v 0.06920000 0.00193290 0.01018512
v 0.06946574 0.00098585 0.00901886
v 0.06920000 0.00202347 0.01022687
v 0.06920000 0.00211600 0.01026406
v 0.06920000 0.00221027 0.01029658
v 0.06920000 0.00230604 0.01032437
v 0.06944051 0.00276840 0.01034013
v 0.06920000 0.00240308 0.01034735
v 0.06920000 0.00250114 0.01036546
v 0.06920000 0.00259999 0.01037866
v 0.06920000 0.00269937 0.01038692
v 0.06920000 0.00279904 0.01039022
v 0.06920000 0.00289874 0.01038854
v 0.06920000 0.00299825 0.01038189
v 0.06920000 0.00309729 0.01037030
v 0.06920000 0.00319564 0.01035378
v 0.06920000 0.00329304 0.01033238
v 0.06920000 0.00338925 0.01030615
v 0.06920000 0.00348403 0.01027515
v 0.06920000 0.00357715 0.01023947
v 0.06920000 0.00366838 0.01019920
v 0.06920000 0.00375749 0.01015443
v 0.06920000 0.00384425 0.01010527
v 0.06920000 0.00392846 0.01005184
v 0.06946328 0.00373097 0.01010985
v 0.06920000 0.00400990 0.00999429
v 0.06920000 0.00408836 0.00993275
v 0.06920000 0.00416367 0.00986737
v 0.06920000 0.00139490 0.00698224
v 0.06920000 0.00436875 0.00964990
v 0.06920000 0.00442961 0.00957090
v 0.06920000 0.00448645 0.00948897
v 0.06920000 0.00453914 0.00940430
v 0.06920000 0.00458754 0.00931711
v 0.06920000 0.00463154 0.00922762
v 0.06920000 0.00467102 0.00913604
v 0.06920000 0.00470588 0.00904261
v 0.06920000 0.00473605 0.00894756
v 0.06944911 0.00453302 0.00931053
v 0.06920000 0.00476144 0.00885112
v 0.06920000 0.00478199 0.00875354
v 0.06920000 0.00479765 0.00865506
v 0.06920000 0.00480839 0.00855591
v 0.06920000 0.00481417 0.00845636
v 0.06920000 0.00481497 0.00835664
v 0.06920000 0.00481081 0.00825700
v 0.06920000 0.00480169 0.00815770
v 0.06920000 0.00478763 0.00805897
v 0.06920000 0.00476866 0.00796107
v 0.06920000 0.00474484 0.00786423
v 0.06920000 0.00471622 0.00776871
v 0.06920000 0.00468287 0.00767472
v 0.06920000 0.00464488 0.00758252
v 0.06920000 0.00460234 0.00749233
v 0.06920000 0.00455536 0.00740436
v 0.06920000 0.00450406 0.00731885
v 0.06920000 0.00444855 0.00723600
v 0.06920000 0.00438898 0.00715603
v 0.06920000 0.00432550 0.00707912
v 0.06941312 0.00478306 0.00816542
v 0.06920000 0.00425827 0.00700547
v 0.06920000 0.00418745 0.00693526
v 0.06920000 0.00411322 0.00686867
v 0.06937134 0.00442934 0.00724872
v 0.06920000 0.00403576 0.00680586
v 0.06948494 0.00375908 0.00671010
v 0.06920000 0.00395526 0.00674700
v 0.06920000 0.00387194 0.00669221
v 0.06920000 0.00378598 0.00664165
v 0.06920000 0.00369761 0.00659544
v 0.06920000 0.00360705 0.00655369
v 0.06920000 0.00351452 0.00651651
v 0.06920000 0.00342025 0.00648398
v 0.06920000 0.00332448 0.00645619
v 0.06920000 0.00322744 0.00643322
v 0.06920000 0.00312937 0.00641510
v 0.06920000 0.00303053 0.00640190
v 0.06920000 0.00293115 0.00639364
v 0.06920000 0.00283148 0.00639035
v 0.06941843 0.00280699 0.00644170
v 0.06920000 0.00273177 0.00639202
v 0.06920000 0.00263227 0.00639867
v 0.06920000 0.00253322 0.00641027
v 0.06920000 0.00243488 0.00642679
v 0.06920000 0.00233748 0.00644819
v 0.06920000 0.00224127 0.00647442
v 0.06920000 0.00214648 0.00650541
v 0.06920000 0.00205336 0.00654109
v 0.06920000 0.00196213 0.00658136
v 0.06920000 0.00187303 0.00662614
v 0.06945566 0.00189701 0.00666878
v 0.06920000 0.00178626 0.00667530
v 0.06920000 0.00170206 0.00672872
v 0.06920000 0.00162062 0.00678627
v 0.06920000 0.00154215 0.00684782
v 0.06920000 0.00146685 0.00691319
v 0.06940265 0.00126266 0.00714481
v 0.05530000 0.00430404 0.00972577
v 0.05530000 0.00436875 0.00964990
v 0.05530000 0.00442961 0.00957090
v 0.05530000 0.00448645 0.00948897
v 0.05530000 0.00453914 0.00940430
v 0.05530000 0.00458754 0.00931711
v 0.05530000 0.00463154 0.00922762
v 0.05530000 0.00467102 0.00913604
v 0.05530000 0.00470588 0.00904261
v 0.05530000 0.00473605 0.00894756
v 0.05530000 0.00476144 0.00885112
v 0.05530000 0.00478199 0.00875354
v 0.05530000 0.00479765 0.00865506
v 0.05530000 0.00480839 0.00855591
v 0.05530000 0.00481417 0.00845636
v 0.05530000 0.00481497 0.00835664
v 0.05530000 0.00481081 0.00825700
v 0.05530000 0.00480169 0.00815770
v 0.05530000 0.00478763 0.00805897
v 0.05530000 0.00476866 0.00796107
v 0.05530000 0.00474484 0.00786423
v 0.05530000 0.00471622 0.00776871
v 0.05530000 0.00468287 0.00767472
v 0.05530000 0.00464488 0.00758252
v 0.05530000 0.00460234 0.00749233
v 0.05530000 0.00455536 0.00740436
v 0.05530000 0.00450406 0.00731885
v 0.05530000 0.00444855 0.00723600
v 0.05530000 0.00438898 0.00715603
v 0.05530000 0.00432550 0.00707912
v 0.05530000 0.00425827 0.00700547
v 0.05530000 0.00418745 0.00693526
v 0.05530000 0.00411322 0.00686867
v 0.05530000 0.00403576 0.00680586
v 0.05530000 0.00395526 0.00674700
v 0.05530000 0.00387194 0.00669221
v 0.05530000 0.00378598 0.00664165
v 0.05530000 0.00369761 0.00659544
v 0.05530000 0.00360705 0.00655369
v 0.05530000 0.00351452 0.00651651
v 0.05530000 0.00342025 0.00648398
v 0.05530000 0.00332448 0.00645619
v 0.05530000 0.00322744 0.00643322
v 0.05530000 0.00312937 0.00641510
v 0.05530000 0.00303053 0.00640190
v 0.05530000 0.00293115 0.00639364
v 0.05530000 0.00283148 0.00639035
v 0.05530000 0.00273177 0.00639202
v 0.05530000 0.00263227 0.00639867
v 0.05530000 0.00253322 0.00641027
v 0.05530000 0.00243488 0.00642679
v 0.05530000 0.00233748 0.00644819
v 0.05530000 0.00224127 0.00647442
v 0.05530000 0.00214648 0.00650541
v 0.05530000 0.00205336 0.00654109
v 0.05530000 0.00196213 0.00658136
v 0.05530000 0.00187303 0.00662614
v 0.05530000 0.00178626 0.00667530
v 0.05530000 0.00170206 0.00672872
v 0.05530000 0.00162062 0.00678627
v 0.05530000 0.00154215 0.00684782
v 0.05530000 0.00146685 0.00691319
v 0.05530000 0.00139490 0.00698224
v 0.05530000 0.00132648 0.00705479
v 0.05530000 0.00126176 0.00713066
v 0.05530000 0.00120090 0.00720966
v 0.05530000 0.00114406 0.00729160
v 0.05530000 0.00109137 0.00737627
v 0.05530000 0.00104297 0.00746345
v 0.05530000 0.00099898 0.00755295
v 0.05530000 0.00095950 0.00764452
v 0.05530000 0.00092463 0.00773795
v 0.05530000 0.00089447 0.00783300
v 0.05530000 0.00086908 0.00792944
v 0.05530000 0.00084852 0.00802702
v 0.05530000 0.00083286 0.00812551
v 0.05530000 0.00082213 0.00822465
v 0.05530000 0.00081635 0.00832420
v 0.05530000 0.00081554 0.00842392
v 0.05530000 0.00081970 0.00852356
v 0.05530000 0.00082883 0.00862286
v 0.05530000 0.00084289 0.00872159
v 0.05530000 0.00086186 0.00881949
v 0.05530000 0.00088568 0.00891633
v 0.05530000 0.00091430 0.00901186
v 0.05530000 0.00094764 0.00910584
v 0.05530000 0.00098563 0.00919804
v 0.05530000 0.00102817 0.00928824
v 0.05530000 0.00107515 0.00937620
v 0.05530000 0.00112646 0.00946171
v 0.05530000 0.00118197 0.00954456
v 0.05530000 0.00124153 0.00962454
v 0.05530000 0.00130501 0.00970145
v 0.05530000 0.00137224 0.00977510
v 0.05530000 0.00144307 0.00984530
v 0.05530000 0.00151730 0.00991189
v 0.05530000 0.00159476 0.00997470
v 0.05530000 0.00167525 0.01003357
v 0.05530000 0.00175858 0.01008835
v 0.05530000 0.00184453 0.01013891
v 0.05530000 0.00193290 0.01018512
v 0.05530000 0.00202347 0.01022687
v 0.05530000 0.00211600 0.01026406
v 0.05530000 0.00221027 0.01029658
v 0.05530000 0.00230604 0.01032437
v 0.05530000 0.00240308 0.01034735
v 0.05530000 0.00250114 0.01036546
v 0.05530000 0.00259999 0.01037866
v 0.05530000 0.00269937 0.01038692
v 0.05530000 0.00279904 0.01039022
v 0.05530000 0.00289874 0.01038854
v 0.05530000 0.00299825 0.01038189
v 0.05530000 0.00309729 0.01037030
v 0.05530000 0.00319564 0.01035378
v 0.05530000 0.00329304 0.01033238
v 0.05530000 0.00338925 0.01030615
v 0.05530000 0.00348403 0.01027515
v 0.05530000 0.00357715 0.01023947
v 0.05530000 0.00366838 0.01019920
v 0.05530000 0.00375749 0.01015443
v 0.05530000 0.00384425 0.01010527
v 0.05530000 0.00392846 0.01005184
v 0.05530000 0.00400990 0.00999429
v 0.05530000 0.00408836 0.00993275
v 0.05530000 0.00416367 0.00986737
v 0.05530000 0.00423562 0.00979832
v 0.05503894 0.00205091 0.00658918
v 0.05502227 0.00119665 0.00726823
v 0.05518976 0.00082273 0.00827560
v 0.05508959 0.00092586 0.00890266
v 0.05506053 0.00132602 0.00965396
v 0.05503169 0.00223351 0.01023945
v 0.05506013 0.00336353 0.01031392
v 0.05504245 0.00438164 0.00723780
v 0.05503665 0.00438123 0.00952408
v 0.05513057 0.00474685 0.00881259
v 0.05506526 0.00473857 0.00804031
v 0.05504738 0.00389294 0.00678178
v 0.05504987 0.00290969 0.00644390
v 0.06920000 0.00727893 -0.00522518
v 0.06920000 0.00734735 -0.00529773
v 0.06920000 0.00436979 -0.00796872
v 0.06920000 0.00430507 -0.00789285
v 0.06920000 0.00424422 -0.00781385
v 0.06920000 0.00418737 -0.00773191
v 0.06920000 0.00413469 -0.00764724
v 0.06920000 0.00408628 -0.00756005
v 0.06920000 0.00404229 -0.00747056
v 0.06920000 0.00400281 -0.00737898
v 0.06920000 0.00396794 -0.00728555
v 0.06920000 0.00393778 -0.00719050
v 0.06948450 0.00387915 -0.00668396
v 0.06920000 0.00391239 -0.00709407
v 0.06920000 0.00389183 -0.00699649
v 0.06920000 0.00387617 -0.00689800
v 0.06920000 0.00386544 -0.00679886
v 0.06920000 0.00385966 -0.00669930
v 0.06920000 0.00385885 -0.00659958
v 0.06920000 0.00386301 -0.00649995
v 0.06920000 0.00387214 -0.00640064
v 0.06920000 0.00388620 -0.00630192
v 0.06920000 0.00390517 -0.00620401
v 0.06920000 0.00392899 -0.00610718
v 0.06920000 0.00395761 -0.00601165
v 0.06920000 0.00399096 -0.00591767
v 0.06920000 0.00402894 -0.00582546
v 0.06920000 0.00407148 -0.00573527
v 0.06920000 0.00411846 -0.00564731
v 0.06947689 0.00451456 -0.00521453
v 0.06920000 0.00416977 -0.00556180
v 0.06920000 0.00422528 -0.00547895
v 0.06920000 0.00428484 -0.00539897
v 0.06920000 0.00434832 -0.00532206
v 0.06920000 0.00441555 -0.00524841
v 0.06920000 0.00448638 -0.00517820
v 0.06920000 0.00456061 -0.00511161
v 0.06920000 0.00463807 -0.00504881
v 0.06920000 0.00471856 -0.00498994
v 0.06920000 0.00480189 -0.00493516
v 0.06920000 0.00488785 -0.00488460
v 0.06920000 0.00497621 -0.00483839
v 0.06920000 0.00506678 -0.00479663
v 0.06943366 0.00527452 -0.00473807
v 0.06920000 0.00515931 -0.00475945
v 0.06920000 0.00525358 -0.00472692
v 0.06920000 0.00534935 -0.00469914
v 0.06920000 0.00544639 -0.00467616
v 0.06920000 0.00554445 -0.00465805
v 0.06920000 0.00564330 -0.00464484
v 0.06920000 0.00574268 -0.00463659
v 0.06920000 0.00584235 -0.00463329
v 0.06920000 0.00594205 -0.00463497
v 0.06920000 0.00604156 -0.00464161
v 0.06920000 0.00614060 -0.00465321
v 0.06920000 0.00623895 -0.00466973
v 0.06941649 0.00590285 -0.00465825
v 0.06920000 0.00633635 -0.00469113
v 0.06920000 0.00643256 -0.00471736
v 0.06920000 0.00652734 -0.00474835
v 0.06920000 0.00662046 -0.00478403
v 0.06920000 0.00671169 -0.00482431
v 0.06920000 0.00680080 -0.00486908
v 0.06920000 0.00688756 -0.00491824
v 0.06945183 0.00703701 -0.00507018
v 0.06920000 0.00697177 -0.00497166
v 0.06920000 0.00705321 -0.00502922
v 0.06920000 0.00713167 -0.00509076
v 0.06920000 0.00720698 -0.00515614
v 0.06948525 0.00508108 -0.00840004
v 0.06920000 0.00443821 -0.00804127
v 0.06920000 0.00741207 -0.00537360
v 0.06920000 0.00747292 -0.00545260
v 0.06920000 0.00752976 -0.00553454
v 0.06920000 0.00758245 -0.00561921
v 0.06920000 0.00763085 -0.00570640
v 0.06920000 0.00767485 -0.00579589
v 0.06920000 0.00771433 -0.00588747
v 0.06946837 0.00752414 -0.00561571
v 0.06920000 0.00774919 -0.00598090
v 0.06920000 0.00777936 -0.00607595
v 0.06920000 0.00780475 -0.00617238
v 0.06920000 0.00782530 -0.00626996
v 0.06920000 0.00784096 -0.00636845
v 0.06920000 0.00785170 -0.00646759
v 0.06920000 0.00785748 -0.00656715
v 0.06920000 0.00785829 -0.00666687
v 0.06920000 0.00785412 -0.00676650
v 0.06920000 0.00784500 -0.00686581
v 0.06920000 0.00783094 -0.00696453
v 0.06920000 0.00781197 -0.00706244
v 0.06940500 0.00781514 -0.00661494
v 0.06920000 0.00778815 -0.00715927
v 0.06920000 0.00775953 -0.00725480
v 0.06920000 0.00772618 -0.00734878
v 0.06920000 0.00768819 -0.00744099
v 0.06920000 0.00764565 -0.00753118
v 0.06920000 0.00759867 -0.00761914
v 0.06920000 0.00754737 -0.00770466
v 0.06920000 0.00749186 -0.00778750
v 0.06920000 0.00743229 -0.00786748
v 0.06920000 0.00736882 -0.00794439
v 0.06920000 0.00730158 -0.00801804
v 0.06920000 0.00723076 -0.00808825
v 0.06920000 0.00715653 -0.00815484
v 0.06920000 0.00707907 -0.00821764
v 0.06920000 0.00699857 -0.00827651
v 0.06920000 0.00691525 -0.00833129
v 0.06946970 0.00748373 -0.00774672
v 0.06920000 0.00682929 -0.00838185
v 0.06920000 0.00674092 -0.00842807
v 0.06920000 0.00665036 -0.00846982
v 0.06920000 0.00655783 -0.00850700
v 0.06920000 0.00646356 -0.00853953
v 0.06920000 0.00636779 -0.00856731
v 0.06920000 0.00627075 -0.00859029
v 0.06920000 0.00617268 -0.00860840
v 0.06920000 0.00607384 -0.00862161
v 0.06920000 0.00597446 -0.00862986
v 0.06920000 0.00587479 -0.00863316
v 0.06920000 0.00577508 -0.00863148
v 0.06920000 0.00567558 -0.00862484
v 0.06920000 0.00557653 -0.00861324
v 0.06939671 0.00632756 -0.00857871
v 0.06920000 0.00547819 -0.00859672
v 0.06920000 0.00538079 -0.00857532
v 0.06920000 0.00528458 -0.00854909
v 0.06920000 0.00518979 -0.00851810
v 0.06920000 0.00509667 -0.00848242
v 0.06920000 0.00500544 -0.00844214
v 0.06920000 0.00491634 -0.00839737
v 0.06920000 0.00482957 -0.00834821
v 0.06920000 0.00474537 -0.00829479
v 0.06920000 0.00466393 -0.00823723
v 0.06920000 0.00458546 -0.00817569
v 0.06920000 0.00451016 -0.00811031
v 0.06945054 0.00404060 -0.00741478
v 0.05530000 0.00734735 -0.00529773
v 0.05530000 0.00741207 -0.00537360
v 0.05530000 0.00747292 -0.00545260
v 0.05530000 0.00752976 -0.00553454
v 0.05530000 0.00758245 -0.00561921
v 0.05530000 0.00763085 -0.00570640
v 0.05530000 0.00767485 -0.00579589
v 0.05530000 0.00771433 -0.00588747
v 0.05530000 0.00774919 -0.00598090
v 0.05530000 0.00777936 -0.00607595
v 0.05530000 0.00780475 -0.00617238
v 0.05530000 0.00782530 -0.00626996
v 0.05530000 0.00784096 -0.00636845
v 0.05530000 0.00785170 -0.00646759
v 0.05530000 0.00785748 -0.00656715
v 0.05530000 0.00785829 -0.00666687
v 0.05530000 0.00785412 -0.00676650
v 0.05530000 0.00784500 -0.00686581
v 0.05530000 0.00783094 -0.00696453
v 0.05530000 0.00781197 -0.00706244
v 0.05530000 0.00778815 -0.00715927
v 0.05530000 0.00775953 -0.00725480
v 0.05530000 0.00772618 -0.00734878
v 0.05530000 0.00768819 -0.00744099
v 0.05530000 0.00764565 -0.00753118
v 0.05530000 0.00759867 -0.00761914
v 0.05530000 0.00754737 -0.00770466
v 0.05530000 0.00749186 -0.00778750
v 0.05530000 0.00743229 -0.00786748
v 0.05530000 0.00736882 -0.00794439
v 0.05530000 0.00730158 -0.00801804
v 0.05530000 0.00723076 -0.00808825
v 0.05530000 0.00715653 -0.00815484
v 0.05530000 0.00707907 -0.00821764
v 0.05530000 0.00699857 -0.00827651
v 0.05530000 0.00691525 -0.00833129
v 0.05530000 0.00682929 -0.00838185
v 0.05530000 0.00674092 -0.00842807
v 0.05530000 0.00665036 -0.00846982
v 0.05530000 0.00655783 -0.00850700
v 0.05530000 0.00646356 -0.00853953
v 0.05530000 0.00636779 -0.00856731
v 0.05530000 0.00627075 -0.00859029
v 0.05530000 0.00617268 -0.00860840
v 0.05530000 0.00607384 -0.00862161
v 0.05530000 0.00597446 -0.00862986
v 0.05530000 0.00587479 -0.00863316
v 0.05530000 0.00577508 -0.00863148
v 0.05530000 0.00567558 -0.00862484
v 0.05530000 0.00557653 -0.00861324
v 0.05530000 0.00547819 -0.00859672
v 0.05530000 0.00538079 -0.00857532
v 0.05530000 0.00528458 -0.00854909
v 0.05530000 0.00518979 -0.00851810
v 0.05530000 0.00509667 -0.00848242
v 0.05530000 0.00500544 -0.00844214
v 0.05530000 0.00491634 -0.00839737
v 0.05530000 0.00482957 -0.00834821
v 0.05530000 0.00474537 -0.00829479
v 0.05530000 0.00466393 -0.00823723
v 0.05530000 0.00458546 -0.00817569
v 0.05530000 0.00451016 -0.00811031
v 0.05530000 0.00443821 -0.00804127
v 0.05530000 0.00436979 -0.00796872
v 0.05530000 0.00430507 -0.00789285
v 0.05530000 0.00424422 -0.00781385
v 0.05530000 0.00418737 -0.00773191
v 0.05530000 0.00413469 -0.00764724
v 0.05530000 0.00408628 -0.00756005
v 0.05530000 0.00404229 -0.00747056
v 0.05530000 0.00400281 -0.00737898
v 0.05530000 0.00396794 -0.00728555
v 0.05530000 0.00393778 -0.00719050
v 0.05530000 0.00391239 -0.00709407
v 0.05530000 0.00389183 -0.00699649
v 0.05530000 0.00387617 -0.00689800
v 0.05530000 0.00386544 -0.00679886
v 0.05530000 0.00385966 -0.00669930
v 0.05530000 0.00385885 -0.00659958
v 0.05530000 0.00386301 -0.00649995
v 0.05530000 0.00387214 -0.00640064
v 0.05530000 0.00388620 -0.00630192
v 0.05530000 0.00390517 -0.00620401
v 0.05530000 0.00392899 -0.00610718
v 0.05530000 0.00395761 -0.00601165
v 0.05530000 0.00399096 -0.00591767
v 0.05530000 0.00402894 -0.00582546
v 0.05530000 0.00407148 -0.00573527
v 0.05530000 0.00411846 -0.00564731
v 0.05530000 0.00416977 -0.00556180
v 0.05530000 0.00422528 -0.00547895
v 0.05530000 0.00428484 -0.00539897
v 0.05530000 0.00434832 -0.00532206
v 0.05530000 0.00441555 -0.00524841
v 0.05530000 0.00448638 -0.00517820
v 0.05530000 0.00456061 -0.00511161
v 0.05530000 0.00463807 -0.00504881
v 0.05530000 0.00471856 -0.00498994
v 0.05530000 0.00480189 -0.00493516
v 0.05530000 0.00488785 -0.00488460
v 0.05530000 0.00497621 -0.00483839
v 0.05530000 0.00506678 -0.00479663
v 0.05530000 0.00515931 -0.00475945
v 0.05530000 0.00525358 -0.00472692
v 0.05530000 0.00534935 -0.00469914
v 0.05530000 0.00544639 -0.00467616
v 0.05530000 0.00554445 -0.00465805
v 0.05530000 0.00564330 -0.00464484
v 0.05530000 0.00574268 -0.00463659
v 0.05530000 0.00584235 -0.00463329
v 0.05530000 0.00594205 -0.00463497
v 0.05530000 0.00604156 -0.00464161
v 0.05530000 0.00614060 -0.00465321
v 0.05530000 0.00623895 -0.00466973
v 0.05530000 0.00633635 -0.00469113
v 0.05530000 0.00643256 -0.00471736
v 0.05530000 0.00652734 -0.00474835
v 0.05530000 0.00662046 -0.00478403
v 0.05530000 0.00671169 -0.00482431
v 0.05530000 0.00680080 -0.00486908
v 0.05530000 0.00688756 -0.00491824
v 0.05530000 0.00697177 -0.00497166
v 0.05530000 0.00705321 -0.00502922
v 0.05530000 0.00713167 -0.00509076
v 0.05530000 0.00720698 -0.00515614
v 0.05530000 0.00727893 -0.00522518
v 0.05505449 0.00415508 -0.00763147
v 0.05503306 0.00393503 -0.00663803
v 0.05506066 0.00440194 -0.00535194
v 0.05513659 0.00399980 -0.00593133
v 0.05505091 0.00535619 -0.00472792
v 0.05502628 0.00645212 -0.00477087
v 0.05502462 0.00767865 -0.00587701
v 0.05509085 0.00776161 -0.00714507
v 0.05504902 0.00711901 -0.00814034
v 0.05501928 0.00614198 -0.00858747
v 0.05503475 0.00528862 -0.00850280
f 1 3 2
f 4 5 3
f 4 3 1
f 6 7 5
f 6 5 4
f 8 9 7
f 8 7 6
f 10 11 9
f 10 9 8
f 12 13 11
f 12 11 10
f 14 15 13
f 14 13 12
f 16 17 15
f 16 15 14
f 18 19 17
f 18 17 16
f 20 19 18
f 21 22 19
f 21 19 20
f 23 24 22
f 23 22 21
f 25 26 24
f 25 24 23
f 69 28 27
f 28 29 27
f 29 30 27
f 30 31 27
f 31 32 27
f 32 33 27
f 33 34 27
f 34 35 27
f 35 36 27
f 36 37 27
f 37 38 27
f 38 39 27
f 39 40 27
f 40 41 27
f 41 42 27
f 42 43 27
f 43 44 27
f 44 45 27
f 45 46 27
f 46 47 27
f 47 48 27
f 48 49 27
f 49 50 27
f 50 51 27
f 51 52 27
f 52 53 27
f 53 54 27
f 54 55 27
f 55 56 27
f 56 57 27
f 57 58 27
f 58 59 27
f 59 60 27
f 60 61 27
f 69 27 78
f 62 64 63
f 64 65 63
f 65 66 63
f 67 68 26
f 26 68 24
f 22 24 19
f 24 68 19
f 17 19 15
f 19 68 15
f 15 68 13
f 13 68 11
f 68 63 9
f 11 68 9
f 7 9 5
f 3 5 2
f 5 9 2
f 9 63 2
f 63 66 2
f 66 69 2
f 2 69 70
f 71 73 72
f 72 73 74
f 75 77 76
f 79 81 80
f 81 82 80
f 83 80 84
f 74 73 84
f 82 76 84
f 77 74 84
f 76 77 84
f 80 82 84
f 85 87 86
f 87 84 86
f 84 73 86
f 86 73 88
f 89 91 90
f 91 88 90
f 88 73 90
f 92 90 93
f 90 73 93
f 73 70 101
f 93 73 101
f 70 69 101
f 69 78 101
f 94 96 95
f 96 98 97
f 95 96 97
f 97 98 99
f 99 98 100
f 98 101 78
f 98 78 102
f 100 98 103
f 98 102 103
f 104 106 105
f 107 109 108
f 109 110 108
f 110 103 108
f 102 104 111
f 105 112 111
f 104 105 111
f 111 114 113
f 102 111 113
f 115 117 116
f 117 108 116
f 118 116 119
f 113 121 120
f 121 122 120
f 116 108 123
f 119 116 123
f 108 103 124
f 123 108 124
f 120 126 125
f 113 120 125
f 127 124 128
f 125 130 129
f 128 124 131
f 113 125 132
f 125 129 132
f 102 113 132
f 131 124 133
f 124 103 133
f 134 133 135
f 132 137 136
f 137 138 136
f 133 103 139
f 135 133 139
f 102 132 140
f 136 141 140
f 139 103 140
f 132 136 140
f 103 102 140
f 1 2 70
f 70 73 142
f 143 93 163
f 143 92 93
f 144 90 92
f 144 92 143
f 145 89 90
f 145 90 144
f 146 91 89
f 146 89 145
f 147 88 91
f 147 91 146
f 148 86 88
f 148 88 147
f 149 85 86
f 149 86 148
f 150 87 85
f 150 85 149
f 151 84 87
f 151 87 150
f 152 83 84
f 152 84 151
f 153 80 83
f 153 83 152
f 154 79 80
f 154 80 153
f 155 79 154
f 155 81 79
f 156 81 155
f 156 82 81
f 157 82 156
f 157 76 82
f 158 76 157
f 158 75 76
f 159 75 158
f 159 77 75
f 160 77 159
f 160 74 77
f 160 72 74
f 161 72 160
f 161 71 72
f 162 71 161
f 162 73 71
f 142 73 162
f 93 101 163
f 163 101 164
f 165 104 102
f 165 102 78
f 166 106 104
f 166 104 165
f 167 105 106
f 167 106 166
f 168 112 105
f 168 111 112
f 168 105 167
f 169 114 111
f 169 111 168
f 170 113 114
f 170 114 169
f 171 121 113
f 171 113 170
f 172 122 121
f 172 121 171
f 173 120 122
f 173 122 172
f 174 126 120
f 174 120 173
f 175 125 126
f 175 126 174
f 176 130 125
f 176 125 175
f 177 129 130
f 177 130 176
f 178 132 129
f 178 129 177
f 179 137 132
f 179 132 178
f 180 138 137
f 180 137 179
f 181 136 138
f 181 138 180
f 182 141 136
f 182 136 181
f 183 140 141
f 183 141 182
f 184 139 140
f 184 140 183
f 185 135 139
f 185 139 184
f 186 134 135
f 186 135 185
f 187 133 134
f 187 134 186
f 188 133 187
f 188 131 133
f 189 131 188
f 189 128 131
f 190 128 189
f 190 127 128
f 191 127 190
f 191 124 127
f 192 124 191
f 192 123 124
f 193 123 192
f 193 119 123
f 194 119 193
f 194 118 119
f 195 118 194
f 195 116 118
f 196 115 116
f 196 116 195
f 197 117 115
f 197 115 196
f 198 108 117
f 198 117 197
f 199 107 108
f 199 108 198
f 200 109 107
f 200 107 199
f 201 110 109
f 201 109 200
f 202 103 110
f 202 110 201
f 203 100 103
f 203 103 202
f 204 99 100
f 204 100 203
f 205 97 99
f 205 99 204
f 206 95 97
f 206 97 205
f 207 94 95
f 207 95 206
f 208 96 94
f 208 94 207
f 209 98 96
f 209 96 208
f 164 101 98
f 164 98 209
f 656 211 210
f 210 211 212
f 212 211 213
f 213 211 214
f 214 211 215
f 215 211 216
f 216 211 217
f 217 211 218
f 218 211 219
f 219 211 220
f 211 221 220
f 220 221 222
f 222 221 223
f 223 221 224
f 224 221 225
f 225 221 226
f 226 221 227
f 227 221 228
f 228 221 229
f 229 221 230
f 221 231 230
f 230 231 232
f 232 231 233
f 233 231 234
f 234 231 235
f 235 231 236
f 236 231 237
f 237 231 238
f 231 239 238
f 238 239 240
f 240 239 241
f 241 239 242
f 242 239 243
f 243 239 244
f 244 239 245
f 239 246 245
f 245 246 247
f 247 246 248
f 248 246 249
f 249 246 251
f 246 252 251
f 251 252 253
f 253 252 254
f 254 252 255
f 256 656 250
f 256 250 257
f 256 257 258
f 256 258 259
f 256 259 260
f 256 260 261
f 256 261 262
f 256 262 263
f 256 263 264
f 256 264 265
f 266 256 265
f 266 265 267
f 266 267 268
f 266 268 269
f 266 269 270
f 266 270 271
f 266 271 272
f 266 272 273
f 266 273 274
f 275 266 276
f 266 274 276
f 275 276 277
f 275 277 278
f 275 278 279
f 275 279 280
f 275 280 281
f 275 281 282
f 275 282 283
f 284 275 283
f 284 283 285
f 284 285 286
f 284 286 287
f 284 287 288
f 284 288 289
f 284 289 290
f 291 284 290
f 291 290 292
f 291 292 293
f 291 293 294
f 291 294 295
f 291 295 296
f 295 297 296
f 297 298 296
f 298 299 296
f 300 639 311
f 639 300 301
f 252 639 301
f 255 252 301
f 255 301 302
f 303 304 302
f 304 255 302
f 303 302 305
f 306 307 305
f 307 303 305
f 306 305 308
f 309 310 308
f 310 306 308
f 309 308 312
f 313 309 312
f 313 312 314
f 315 316 314
f 316 313 314
f 315 314 317
f 322 318 317
f 318 319 317
f 319 320 317
f 320 321 317
f 321 315 317
f 322 317 3153
f 322 3153 323
f 3328 322 323
f 3328 323 324
f 325 326 324
f 326 3328 324
f 325 324 327
f 328 329 327
f 329 325 327
f 328 327 330
f 331 328 330
f 639 373 372
f 332 334 333
f 334 335 333
f 332 333 336
f 299 337 336
f 337 332 336
f 333 335 338
f 335 339 338
f 296 299 340
f 299 336 340
f 338 339 341
f 395 296 340
f 342 344 343
f 344 345 343
f 342 343 346
f 347 348 346
f 348 349 346
f 349 342 346
f 345 351 350
f 351 352 350
f 352 353 350
f 343 345 350
f 347 346 354
f 355 356 354
f 356 357 354
f 357 347 354
f 350 353 358
f 353 331 358
f 331 330 358
f 330 359 358
f 360 362 361
f 362 355 361
f 355 354 361
f 358 359 400
f 360 361 363
f 364 360 363
f 365 367 366
f 367 364 366
f 364 363 366
f 339 368 341
f 369 371 370
f 371 365 370
f 365 366 370
f 368 375 374
f 375 376 374
f 341 368 374
f 377 379 378
f 379 380 378
f 380 369 378
f 369 370 378
f 376 382 381
f 382 383 381
f 374 376 381
f 384 386 385
f 386 387 385
f 387 377 385
f 377 378 385
f 383 389 388
f 381 383 388
f 390 392 391
f 392 393 391
f 393 384 391
f 384 385 391
f 359 394 400
f 396 398 397
f 398 390 397
f 390 391 397
f 396 397 399
f 389 396 399
f 402 388 399
f 388 389 399
f 402 399 2812
f 645 395 340
f 394 417 400
f 340 401 645
f 403 405 404
f 403 404 406
f 404 405 407
f 403 406 408
f 407 405 409
f 403 408 410
f 409 405 411
f 373 403 410
f 411 405 412
f 412 405 413
f 405 415 414
f 413 405 414
f 372 373 410
f 414 415 416
f 416 415 418
f 419 372 410
f 418 415 420
f 420 415 421
f 421 415 422
f 422 415 423
f 415 425 424
f 423 415 424
f 424 425 426
f 426 425 427
f 447 402 2812
f 427 425 428
f 428 425 429
f 429 425 430
f 430 425 431
f 431 425 432
f 432 425 433
f 425 435 434
f 433 425 434
f 434 435 436
f 436 435 437
f 437 435 438
f 438 435 439
f 439 435 440
f 440 435 441
f 441 435 442
f 417 444 443
f 442 435 445
f 445 435 446
f 446 435 78
f 448 419 410
f 449 448 450
f 448 410 450
f 449 450 451
f 449 451 452
f 444 449 452
f 444 452 453
f 443 444 453
f 454 443 455
f 443 453 455
f 454 455 456
f 454 456 457
f 458 454 25
f 454 457 25
f 458 25 23
f 458 23 21
f 459 458 21
f 459 21 20
f 459 20 18
f 460 459 16
f 459 18 16
f 460 16 14
f 460 14 12
f 460 12 10
f 461 460 10
f 461 10 8
f 461 8 6
f 462 461 6
f 462 6 4
f 401 463 645
f 462 4 1
f 466 462 1
f 447 2812 464
f 465 447 464
f 466 1 70
f 467 466 142
f 466 70 142
f 467 142 162
f 467 162 161
f 468 467 161
f 468 161 160
f 469 468 159
f 468 160 159
f 469 159 158
f 469 158 157
f 469 157 156
f 470 469 156
f 470 156 155
f 470 155 154
f 645 463 471
f 470 154 153
f 472 470 153
f 472 153 152
f 472 152 151
f 472 151 150
f 473 472 150
f 473 150 149
f 473 149 148
f 474 473 148
f 474 148 147
f 475 477 476
f 475 476 478
f 476 477 479
f 475 478 480
f 481 475 480
f 479 477 482
f 477 483 482
f 481 480 484
f 482 483 485
f 483 486 485
f 471 463 487
f 463 481 487
f 481 484 487
f 485 486 488
f 471 487 489
f 488 486 490
f 486 491 490
f 471 489 492
f 490 491 493
f 494 471 495
f 471 492 495
f 494 495 496
f 494 496 497
f 494 497 498
f 499 494 500
f 494 498 500
f 499 500 501
f 499 501 502
f 499 502 503
f 491 504 3219
f 493 491 3219
f 499 503 505
f 506 508 507
f 508 465 507
f 508 506 509
f 510 508 509
f 507 465 511
f 465 464 511
f 510 509 512
f 464 514 513
f 511 464 513
f 510 512 3219
f 527 510 3219
f 513 514 515
f 514 517 516
f 515 514 516
f 516 517 518
f 518 517 519
f 519 517 520
f 517 521 520
f 520 521 522
f 522 521 523
f 521 525 524
f 523 521 524
f 524 525 526
f 504 527 3219
f 526 525 528
f 525 530 529
f 528 525 529
f 529 530 531
f 531 530 532
f 530 533 532
f 532 533 534
f 534 533 539
f 533 538 539
f 2816 474 3017
f 474 147 535
f 147 146 535
f 3017 474 535
f 535 146 536
f 146 145 536
f 145 144 536
f 536 144 537
f 144 143 537
f 143 163 537
f 537 163 557
f 538 541 540
f 539 538 540
f 540 541 542
f 542 541 543
f 543 541 544
f 541 545 544
f 544 545 546
f 546 545 547
f 547 545 548
f 545 549 548
f 548 549 550
f 550 549 551
f 551 549 552
f 549 553 552
f 552 553 554
f 554 553 555
f 553 556 555
f 555 556 558
f 557 163 3024
f 556 2816 559
f 556 559 560
f 561 558 560
f 558 556 560
f 163 164 3024
f 561 560 562
f 563 564 562
f 564 561 562
f 579 566 565
f 566 563 565
f 563 562 565
f 164 209 567
f 209 208 567
f 3024 164 567
f 579 565 568
f 208 207 569
f 567 208 569
f 172 171 570
f 171 170 570
f 170 169 570
f 169 168 570
f 168 167 570
f 167 166 570
f 166 165 570
f 165 78 570
f 207 206 571
f 206 205 571
f 569 207 571
f 205 204 572
f 204 203 572
f 571 205 572
f 203 202 573
f 202 201 573
f 572 203 573
f 573 201 603
f 172 570 574
f 181 180 574
f 180 179 574
f 179 178 574
f 178 177 574
f 177 176 574
f 176 175 574
f 175 174 574
f 174 173 574
f 173 172 574
f 188 187 575
f 187 186 575
f 186 185 575
f 185 184 575
f 184 183 575
f 183 182 575
f 182 181 575
f 181 574 575
f 194 193 576
f 193 192 576
f 192 191 576
f 191 190 576
f 190 189 576
f 189 188 576
f 188 575 576
f 194 576 577
f 198 197 577
f 197 196 577
f 196 195 577
f 195 194 577
f 568 578 579
f 578 581 580
f 579 578 580
f 201 200 582
f 200 199 582
f 199 198 582
f 603 201 582
f 198 577 582
f 581 584 583
f 580 581 583
f 583 584 585
f 584 587 586
f 585 584 586
f 586 587 588
f 587 590 589
f 588 587 589
f 589 590 591
f 590 3059 592
f 591 590 592
f 603 582 638
f 593 595 594
f 595 596 594
f 596 597 594
f 597 598 594
f 644 599 594
f 599 600 594
f 600 601 594
f 601 602 594
f 602 593 594
f 598 605 604
f 605 606 604
f 606 607 604
f 607 608 604
f 608 609 604
f 609 610 604
f 610 611 604
f 611 612 604
f 612 613 604
f 594 598 604
f 622 603 638
f 613 615 614
f 615 616 614
f 616 617 614
f 617 618 614
f 618 619 614
f 619 620 614
f 620 621 614
f 604 613 614
f 621 624 623
f 614 621 623
f 624 625 623
f 625 626 623
f 626 627 623
f 627 628 623
f 628 629 623
f 668 622 638
f 623 629 630
f 629 631 630
f 631 632 630
f 632 633 630
f 633 634 630
f 634 636 635
f 636 637 635
f 637 592 635
f 630 634 635
f 592 3059 635
f 635 3059 668
f 3059 3083 668
f 638 582 577
f 644 635 668
f 644 630 635
f 644 623 630
f 644 614 623
f 644 604 614
f 644 594 604
f 664 505 644
f 664 499 505
f 664 494 499
f 664 471 494
f 664 645 471
f 395 291 296
f 395 284 291
f 395 275 284
f 395 266 275
f 395 256 266
f 395 656 256
f 648 211 656
f 648 221 211
f 648 231 221
f 648 239 231
f 648 246 239
f 648 252 246
f 648 639 252
f 661 403 373
f 661 405 403
f 661 415 405
f 661 425 415
f 661 435 425
f 661 78 435
f 640 78 661
f 647 570 78
f 647 78 640
f 647 574 570
f 647 575 574
f 647 576 575
f 638 577 576
f 638 576 647
f 646 648 656
f 648 373 639
f 373 658 661
f 666 664 644
f 638 647 642
f 638 642 668
f 644 668 643
f 641 642 647
f 651 648 646
f 651 646 656
f 653 373 648
f 653 648 650
f 652 651 656
f 654 652 656
f 671 654 656
f 655 671 656
f 657 658 373
f 661 658 659
f 664 660 645
f 662 640 661
f 647 640 662
f 647 662 728
f 647 728 665
f 647 665 667
f 642 641 668
f 643 670 669
f 656 672 655
f 395 673 672
f 395 672 656
f 395 674 673
f 395 675 674
f 645 676 675
f 645 675 395
f 645 677 676
f 645 678 677
f 645 679 678
f 645 680 679
f 645 681 680
f 645 682 681
f 645 683 682
f 645 684 683
f 645 685 684
f 645 686 685
f 645 687 686
f 645 688 687
f 660 688 645
f 660 689 688
f 664 690 660
f 663 690 664
f 664 691 663
f 664 692 691
f 664 693 692
f 664 694 693
f 666 695 694
f 666 694 664
f 666 696 695
f 666 697 696
f 666 698 697
f 666 699 698
f 666 700 699
f 644 701 700
f 644 700 666
f 644 702 701
f 644 703 702
f 644 704 703
f 644 705 704
f 644 706 705
f 643 707 706
f 643 706 644
f 643 708 707
f 669 708 643
f 643 709 670
f 643 710 709
f 643 711 710
f 643 712 711
f 643 713 712
f 668 713 643
f 668 714 713
f 668 715 714
f 668 716 715
f 668 717 716
f 668 718 717
f 668 719 718
f 668 720 719
f 668 721 720
f 668 722 721
f 641 723 722
f 641 722 668
f 641 724 723
f 647 725 724
f 647 724 641
f 647 726 725
f 647 727 726
f 667 727 647
f 662 729 728
f 662 730 729
f 662 731 730
f 662 732 731
f 662 733 732
f 662 734 733
f 662 735 734
f 662 736 735
f 662 737 736
f 661 737 662
f 661 738 737
f 661 739 738
f 661 740 739
f 661 741 740
f 661 742 741
f 661 743 742
f 661 744 743
f 661 745 744
f 661 746 745
f 661 747 746
f 661 748 747
f 659 748 661
f 658 749 659
f 657 749 658
f 657 750 749
f 657 751 750
f 657 752 751
f 373 752 657
f 373 753 752
f 373 754 753
f 373 755 754
f 373 756 755
f 373 757 756
f 373 758 757
f 373 759 758
f 653 759 373
f 653 760 759
f 653 761 760
f 653 762 761
f 653 763 762
f 653 764 763
f 653 765 764
f 653 766 765
f 650 766 653
f 648 767 650
f 649 767 648
f 648 768 649
f 648 769 768
f 648 770 769
f 648 771 770
f 648 772 771
f 651 773 772
f 651 772 648
f 651 774 773
f 651 775 774
f 651 776 775
f 651 777 776
f 651 778 777
f 651 779 778
f 651 780 779
f 652 781 780
f 652 780 651
f 652 782 781
f 652 783 782
f 652 784 783
f 654 785 784
f 654 784 652
f 786 787 709
f 788 709 787
f 789 786 709
f 790 670 709
f 790 709 788
f 791 789 709
f 792 670 790
f 793 709 710
f 793 791 709
f 794 670 792
f 795 793 710
f 796 670 794
f 797 795 710
f 798 670 796
f 799 797 710
f 800 670 798
f 801 799 710
f 802 670 800
f 802 669 670
f 803 801 710
f 804 669 802
f 805 710 711
f 805 803 710
f 806 669 804
f 807 805 711
f 808 669 806
f 809 807 711
f 810 669 808
f 811 809 711
f 812 669 810
f 813 811 711
f 814 708 669
f 814 669 812
f 815 711 712
f 815 813 711
f 816 708 814
f 817 815 712
f 818 708 816
f 819 817 712
f 820 708 818
f 821 819 712
f 822 708 820
f 823 712 713
f 823 821 712
f 824 708 822
f 825 823 713
f 826 707 708
f 826 708 824
f 827 825 713
f 828 707 826
f 829 827 713
f 830 707 828
f 831 713 714
f 831 829 713
f 832 707 830
f 833 831 714
f 834 707 832
f 835 833 714
f 836 706 707
f 836 707 834
f 837 835 714
f 838 706 836
f 839 706 838
f 840 706 839
f 841 705 706
f 841 706 840
f 842 705 841
f 843 705 842
f 844 705 843
f 845 705 844
f 845 704 705
f 846 704 845
f 847 704 846
f 848 704 847
f 849 704 848
f 849 703 704
f 850 703 849
f 851 703 850
f 852 703 851
f 852 702 703
f 853 702 852
f 854 702 853
f 854 701 702
f 855 701 854
f 856 701 855
f 856 700 701
f 857 700 856
f 858 859 717
f 860 716 717
f 860 717 859
f 861 717 718
f 861 858 717
f 862 716 860
f 863 861 718
f 864 716 862
f 865 700 857
f 866 863 718
f 867 715 716
f 867 716 864
f 868 718 719
f 868 866 718
f 869 715 867
f 870 868 719
f 871 715 869
f 872 870 719
f 873 714 715
f 873 837 714
f 873 715 871
f 873 874 837
f 875 872 719
f 876 874 873
f 876 877 874
f 878 719 720
f 878 875 719
f 879 877 876
f 879 880 877
f 699 700 865
f 881 878 720
f 882 880 879
f 882 883 880
f 884 881 720
f 885 886 883
f 885 883 882
f 887 720 721
f 887 884 720
f 888 889 886
f 888 886 885
f 890 887 721
f 891 889 888
f 891 893 892
f 891 892 889
f 894 890 721
f 895 726 727
f 895 896 726
f 897 726 896
f 898 895 727
f 899 726 897
f 900 898 727
f 901 893 891
f 901 902 893
f 903 726 899
f 904 900 727
f 905 726 903
f 905 725 726
f 906 904 727
f 907 721 722
f 907 894 721
f 908 725 905
f 909 906 727
f 910 725 908
f 911 902 901
f 911 912 902
f 913 727 667
f 913 909 727
f 914 725 910
f 915 913 667
f 916 907 722
f 917 724 725
f 917 725 914
f 918 915 667
f 919 912 911
f 919 920 912
f 921 724 917
f 922 918 667
f 923 916 722
f 924 724 921
f 925 922 667
f 926 927 920
f 926 920 919
f 928 724 924
f 929 925 667
f 930 722 723
f 930 923 722
f 931 724 928
f 931 723 724
f 932 927 926
f 932 933 927
f 934 929 667
f 934 667 665
f 935 723 931
f 936 934 665
f 937 723 935
f 938 933 932
f 938 939 933
f 940 936 665
f 941 723 937
f 941 930 723
f 942 940 665
f 943 939 938
f 943 945 944
f 943 944 939
f 946 930 941
f 946 947 930
f 948 942 665
f 949 947 946
f 949 950 947
f 951 945 943
f 951 952 945
f 953 948 665
f 954 950 949
f 954 955 950
f 956 952 951
f 956 957 952
f 958 665 728
f 958 953 665
f 959 960 955
f 959 955 954
f 961 958 728
f 962 957 956
f 962 963 957
f 964 965 960
f 964 960 959
f 966 961 728
f 967 968 965
f 967 965 964
f 969 970 963
f 969 963 962
f 971 966 728
f 972 968 967
f 973 970 969
f 973 974 970
f 975 971 728
f 976 977 968
f 976 968 972
f 978 975 728
f 979 974 973
f 979 980 974
f 981 982 977
f 981 977 976
f 983 728 729
f 983 978 728
f 984 985 982
f 984 982 981
f 986 987 980
f 986 980 979
f 988 983 729
f 989 985 984
f 989 990 985
f 991 993 992
f 991 992 987
f 991 987 986
f 994 988 729
f 995 990 989
f 995 996 990
f 997 994 729
f 998 999 993
f 998 993 991
f 1000 996 995
f 1001 996 1000
f 1002 997 729
f 1003 999 998
f 1003 1004 999
f 1005 1001 1000
f 1006 1002 729
f 1007 1001 1005
f 1008 1007 1005
f 1009 1004 1003
f 1009 1010 1004
f 1011 729 730
f 1011 1006 729
f 1012 1013 1007
f 1012 1007 1008
f 1014 1010 1009
f 1014 1015 1010
f 1016 1011 730
f 1017 1013 1012
f 1018 1013 1017
f 1019 1016 730
f 1020 1015 1014
f 1020 1021 1015
f 1022 1018 1017
f 1023 1018 1022
f 1024 1019 730
f 1025 1026 1021
f 1025 1021 1020
f 1027 1023 1022
f 1028 1024 730
f 1029 1023 1027
f 1030 1029 1027
f 1031 1032 1026
f 1031 1026 1025
f 1033 730 731
f 1033 1028 730
f 1034 1029 1030
f 1035 1034 1030
f 1036 1037 1032
f 1036 1032 1031
f 1038 1033 731
f 1039 1035 1040
f 1039 1034 1035
f 1041 1038 731
f 1042 1043 1037
f 1042 1037 1036
f 1044 1040 1045
f 1044 1039 1040
f 1046 1041 731
f 1047 1046 731
f 1048 1044 1045
f 1048 1045 1049
f 1050 1048 1049
f 1051 1048 1050
f 1052 1051 1050
f 732 1053 1047
f 732 1047 731
f 732 1054 1053
f 1055 1051 1052
f 1055 1052 1056
f 1057 1054 732
f 1058 1055 1056
f 1058 1056 1059
f 1060 1057 732
f 1061 1058 1059
f 1061 1059 1062
f 1063 1061 1062
f 1063 1062 1064
f 1065 1063 1064
f 1065 1064 1066
f 1067 1065 1066
f 1067 1066 1068
f 1069 1068 1070
f 1069 1067 1068
f 1071 1069 1070
f 1071 1070 1072
f 733 1060 732
f 733 1074 1073
f 733 1073 1075
f 733 1075 1076
f 733 1076 1060
f 734 1074 733
f 734 1078 1077
f 734 1077 1079
f 734 1079 1074
f 735 1078 734
f 735 1081 1080
f 735 1080 1078
f 736 1081 735
f 736 1083 1082
f 736 1082 1081
f 1084 1085 694
f 1086 694 1085
f 1087 1084 694
f 1087 694 695
f 1088 694 1086
f 1088 693 694
f 1089 1087 695
f 1090 693 1088
f 1091 1089 695
f 1092 693 1090
f 1093 1091 695
f 1094 693 1092
f 1095 1093 695
f 1095 695 696
f 1096 693 1094
f 1096 692 693
f 1097 1095 696
f 1098 692 1096
f 1099 1097 696
f 1100 692 1098
f 1101 1099 696
f 1101 696 697
f 1102 692 1100
f 1103 1101 697
f 1104 692 1102
f 1105 1107 1106
f 1105 1106 1108
f 1109 1105 1108
f 1109 1108 1110
f 1111 1107 1105
f 1111 1113 1112
f 1111 1112 1107
f 1114 1109 1110
f 1114 1110 1115
f 1114 1115 1116
f 1117 1103 697
f 1117 697 698
f 1118 1113 1111
f 1118 1119 1113
f 1120 692 1104
f 1120 691 692
f 1121 1114 1116
f 1121 1116 1122
f 1121 1122 1123
f 1124 1119 1118
f 1124 1126 1125
f 1124 1125 1119
f 1127 1117 698
f 1128 1121 1123
f 1128 1123 1129
f 1128 1129 1130
f 1131 691 1120
f 1132 1134 1133
f 1132 1133 1126
f 1132 1126 1124
f 1135 1127 698
f 1135 698 699
f 1136 1128 1130
f 1136 1130 1137
f 1138 691 1131
f 1139 1134 1132
f 1139 1140 1134
f 1141 1135 699
f 1142 691 1138
f 1143 1136 1137
f 1143 1137 1144
f 1143 1144 1145
f 1146 699 865
f 1146 1141 699
f 1147 1140 1139
f 1147 1043 1042
f 1147 1042 1148
f 1147 1148 1140
f 1149 691 1142
f 1150 1143 1145
f 1150 1145 1151
f 1150 1151 1152
f 737 1083 736
f 737 1154 1153
f 737 1153 1083
f 1155 865 1156
f 1155 1156 1157
f 1155 1146 865
f 1158 1043 1147
f 1158 1160 1159
f 1158 1159 1043
f 1161 691 1149
f 1162 1155 1157
f 1163 1152 1164
f 1163 1164 1165
f 1163 1150 1152
f 1166 691 1161
f 1166 663 691
f 1167 1160 1158
f 1167 1169 1168
f 1167 1168 1160
f 1170 1157 1171
f 1170 1171 1172
f 1170 1162 1157
f 1173 663 1166
f 1174 1165 1175
f 1174 1175 1176
f 1174 1163 1165
f 1177 1170 1172
f 1178 1169 1167
f 1178 1179 1169
f 1180 663 1173
f 1181 1172 1182
f 1181 1177 1172
f 1183 1176 1184
f 1183 1174 1176
f 1185 663 1180
f 1186 1179 1178
f 1186 1188 1187
f 1186 1187 1179
f 1189 663 1185
f 1190 1184 1191
f 1190 1191 1192
f 1190 1183 1184
f 1193 663 1189
f 1194 1195 1188
f 1194 1188 1186
f 1196 1192 1197
f 1196 1197 1198
f 1196 1190 1192
f 1199 663 1193
f 1199 690 663
f 1200 1195 1194
f 1200 1202 1201
f 1200 1201 1195
f 1203 690 1199
f 1204 1198 1205
f 1204 1196 1198
f 1206 690 1203
f 1207 1202 1200
f 1207 1209 1208
f 1207 1208 1202
f 1210 690 1206
f 1211 1205 1212
f 1211 1212 1213
f 1211 1204 1205
f 1214 690 1210
f 1215 1216 1209
f 1215 1209 1207
f 1217 690 1214
f 1218 1213 1219
f 1218 1219 1220
f 1218 1211 1213
f 1221 690 1217
f 1222 1182 1223
f 1222 1223 1216
f 1222 1216 1215
f 1224 1220 1225
f 1224 1218 1220
f 660 690 1221
f 660 1221 1226
f 1227 660 1226
f 1228 1182 1222
f 1228 1181 1182
f 1228 1230 1229
f 1228 1229 1181
f 1231 660 1227
f 1232 1225 1233
f 1232 1233 1071
f 1232 1224 1225
f 1232 1071 1072
f 1234 660 1231
f 1235 1230 1228
f 1235 1236 1230
f 1237 660 1234
f 1238 1232 1072
f 1238 1072 1239
f 1238 1239 1240
f 1241 660 1237
f 1242 1236 1235
f 1242 1244 1243
f 1242 1243 1236
f 1245 1238 1240
f 1245 1240 1246
f 1245 1246 1247
f 1248 1244 1242
f 1248 1250 1249
f 1248 1249 1244
f 1251 1245 1247
f 1251 1247 1252
f 689 1241 1253
f 689 1253 1254
f 689 1254 1255
f 689 1255 1256
f 689 1256 1257
f 689 660 1241
f 1258 1250 1248
f 1258 1259 1250
f 1260 689 1257
f 1261 1251 1252
f 1261 1252 1262
f 1261 1262 1263
f 1264 1259 1258
f 1264 1266 1265
f 1264 1265 1259
f 1267 1261 1263
f 1267 1263 1268
f 1269 1270 1266
f 1269 1266 1264
f 1271 1267 1268
f 1271 1268 1272
f 1271 1272 1273
f 1274 1276 1275
f 1274 1275 1270
f 1274 1270 1269
f 1277 1273 1278
f 1277 1271 1273
f 1277 1278 1279
f 688 1260 1280
f 688 1280 1281
f 688 1281 1282
f 688 1282 1283
f 688 1283 1284
f 688 689 1260
f 1285 1287 1286
f 1285 1286 1276
f 1285 1276 1274
f 1288 1277 1279
f 1288 1279 1289
f 1290 1287 1285
f 1291 1288 1289
f 1291 1289 1292
f 1291 1292 1293
f 687 1284 1294
f 687 1294 1295
f 687 1295 1296
f 687 1296 1297
f 687 688 1284
f 686 1297 1298
f 686 1298 1299
f 686 1299 1300
f 686 1300 1301
f 686 687 1297
f 1302 1304 1303
f 1305 1303 1306
f 1305 1302 1303
f 1307 1304 1302
f 1307 1308 1304
f 1309 1305 1306
f 1309 1306 1310
f 1311 1308 1307
f 1311 1312 1308
f 1313 1309 1310
f 1313 1310 1314
f 1315 1312 1311
f 1315 1317 1316
f 1315 1316 1312
f 1318 1313 1314
f 1318 1314 1319
f 1320 1321 1317
f 1320 1317 1315
f 1322 1318 1319
f 1322 1319 1323
f 1324 1325 1321
f 1324 1321 1320
f 1326 1322 1323
f 1326 1323 1287
f 1326 1287 1290
f 1327 1328 1325
f 1327 1325 1324
f 1329 1326 1290
f 1330 1331 1328
f 1330 1328 1327
f 1332 1329 1290
f 1332 1290 1333
f 1334 1335 1331
f 1334 1331 1330
f 1336 1333 1337
f 1336 1332 1333
f 1338 1339 1335
f 1338 1335 1334
f 1340 1336 1337
f 1341 1342 1339
f 1341 1339 1338
f 685 1301 1343
f 685 1343 1344
f 685 1344 1345
f 685 686 1301
f 1346 1340 1337
f 1346 1337 1347
f 1348 1350 1349
f 1348 1349 1342
f 1348 1342 1341
f 1351 1346 1347
f 1352 1353 1350
f 1352 1350 1348
f 1354 1351 1347
f 1354 1347 1355
f 1356 1357 1353
f 1356 1353 1352
f 1358 1354 1355
f 1358 1355 1359
f 1360 1361 1357
f 1360 1357 1356
f 1362 1358 1359
f 1363 1361 1360
f 1363 1364 1361
f 1365 1359 1366
f 1365 1362 1359
f 1367 1368 1364
f 1367 1364 1363
f 1369 1365 1366
f 1370 1368 1367
f 1370 1371 1368
f 1372 1369 1366
f 1372 1366 1373
f 1374 1371 1370
f 1374 1376 1375
f 1374 1375 1371
f 1377 1373 1378
f 1377 1372 1373
f 1379 1380 1376
f 1379 1376 1374
f 1381 1377 1378
f 1382 1383 1380
f 1382 1380 1379
f 1384 1381 1378
f 1384 1378 1385
f 1386 1383 1382
f 1386 1387 1383
f 1388 1384 1385
f 1389 1390 1387
f 1389 1387 1386
f 1391 1388 1385
f 1391 1385 1392
f 1393 1394 1390
f 1393 1390 1389
f 1395 739 740
f 1396 1395 740
f 1397 739 1395
f 1398 1396 740
f 1398 740 741
f 1399 738 739
f 1399 739 1397
f 1400 1398 741
f 1401 738 1399
f 1402 1400 741
f 1403 1391 1392
f 1404 1154 737
f 1404 737 738
f 1404 738 1401
f 1404 1405 1154
f 1406 741 742
f 1406 1402 741
f 1407 1405 1404
f 1407 1408 1405
f 1409 1406 742
f 1410 1408 1407
f 1410 1411 1408
f 1412 1345 1394
f 1412 1394 1393
f 1412 684 685
f 1412 685 1345
f 1413 1409 742
f 1414 1415 1411
f 1414 1411 1410
f 1416 1413 742
f 1417 1403 1392
f 1417 1392 1418
f 1419 1415 1414
f 1419 1293 1415
f 1420 742 743
f 1420 1416 742
f 1421 1422 1291
f 1421 1291 1293
f 1421 1293 1419
f 1423 684 1412
f 1424 1420 743
f 1425 1422 1421
f 1426 1418 1427
f 1426 1417 1418
f 1428 1424 743
f 1429 1422 1425
f 1429 1430 1422
f 1431 1428 743
f 1432 684 1423
f 1433 1430 1429
f 1433 1434 1430
f 1435 1431 743
f 1435 743 744
f 1436 1426 1427
f 1437 1434 1433
f 1438 1435 744
f 1439 684 1432
f 1440 1441 1434
f 1440 1434 1437
f 1442 1436 1427
f 1442 1427 1443
f 1444 1438 744
f 1445 1441 1440
f 1446 1444 744
f 1447 1448 1441
f 1447 1441 1445
f 1449 1442 1443
f 1450 744 745
f 1450 1446 744
f 683 684 1439
f 683 1439 1451
f 1452 1453 1448
f 1452 1448 1447
f 1454 683 1451
f 1455 1450 745
f 1456 1449 1443
f 1456 1443 1457
f 1458 1453 1452
f 1459 1455 745
f 1460 683 1454
f 1461 1453 1458
f 1461 1462 1453
f 1463 1456 1457
f 1464 1459 745
f 1465 1466 1462
f 1465 1462 1461
f 1467 1464 745
f 1468 1463 1457
f 1468 1457 1469
f 1470 1466 1465
f 1471 1467 745
f 1472 1473 1466
f 1472 1466 1470
f 1474 1468 1469
f 746 1471 745
f 1475 1471 746
f 1476 1473 1472
f 1477 1475 746
f 1478 1474 1469
f 1478 1469 1479
f 1480 1481 1473
f 1480 1473 1476
f 1482 1477 746
f 1483 1478 1479
f 1483 1479 1484
f 1485 1482 746
f 1486 1483 1484
f 1487 1485 746
f 682 1460 1488
f 682 1488 1489
f 682 1489 1490
f 682 683 1460
f 1491 1486 1484
f 1491 1484 1492
f 1493 1487 746
f 1494 1491 1492
f 1495 1494 1492
f 1495 1492 1496
f 1497 1495 1496
f 1497 1496 1498
f 747 1493 746
f 747 1500 1499
f 747 1499 1501
f 747 1501 1502
f 747 1502 1493
f 1503 1497 1498
f 1504 1500 747
f 1505 1503 1498
f 1505 1498 1506
f 1507 1504 747
f 1508 1505 1506
f 1509 1508 1506
f 1509 1506 1510
f 1511 1509 1510
f 1511 1510 1512
f 681 1490 1513
f 681 1513 1514
f 681 1514 1515
f 681 682 1490
f 1516 1511 1512
f 1517 1516 1512
f 748 1519 1518
f 748 1518 1520
f 748 1520 1521
f 748 1521 1522
f 748 1522 1523
f 748 1523 1507
f 748 1507 747
f 680 681 1515
f 680 1515 1524
f 680 1524 1525
f 680 1525 1526
f 680 1526 1527
f 1528 1530 1529
f 1531 1528 1529
f 1532 1530 1528
f 1533 1529 1534
f 1533 1531 1529
f 1535 1536 1530
f 1535 1530 1532
f 1537 1533 1534
f 1537 1534 1481
f 1538 1539 1536
f 1538 1536 1535
f 1540 1537 1481
f 1541 1539 1538
f 1542 1481 1480
f 1542 1480 1543
f 1542 1540 1481
f 1544 1545 1539
f 1544 1539 1541
f 1546 1543 1547
f 1546 1542 1543
f 1548 1545 1544
f 1549 1546 1547
f 1549 1547 1550
f 1551 1552 1545
f 1551 1545 1548
f 1553 1549 1550
f 1553 1550 1554
f 1555 1556 1552
f 1555 1552 1551
f 1557 1553 1554
f 1557 1554 1558
f 1559 1556 1555
f 1560 1557 1558
f 1560 1558 1561
f 1562 1563 1556
f 1562 1556 1559
f 1564 1560 1561
f 1564 1561 1565
f 1566 1563 1562
f 1567 1564 1565
f 1567 1565 1568
f 659 1570 1569
f 659 1569 1571
f 659 1571 1572
f 659 1572 1573
f 659 1573 1574
f 659 1574 1519
f 659 1519 748
f 1575 1576 1563
f 1575 1563 1566
f 1577 1567 1568
f 1577 1568 1578
f 1579 1576 1575
f 1580 1577 1578
f 1580 1578 1581
f 1580 1581 1582
f 1583 1584 1576
f 1583 1576 1579
f 1585 1582 1586
f 1585 1580 1582
f 1587 1584 1583
f 1588 1586 1589
f 1588 1585 1586
f 1590 1591 1584
f 1590 1584 1587
f 1592 1589 1593
f 1592 1588 1589
f 1594 1595 1591
f 1594 1591 1590
f 679 680 1527
f 679 1527 1596
f 679 1596 1597
f 679 1597 1598
f 1599 1593 1600
f 1599 1592 1593
f 1601 1595 1594
f 1602 1600 1603
f 1602 1599 1600
f 1604 1605 1595
f 1604 1595 1601
f 1606 1603 1607
f 1606 1602 1603
f 1608 1605 1604
f 1609 1607 1610
f 1609 1606 1607
f 1611 1612 1605
f 1611 1605 1608
f 749 1614 1613
f 749 1613 1615
f 749 1615 1616
f 749 1616 1617
f 749 1617 1618
f 749 1618 1570
f 749 1570 659
f 1619 1610 1620
f 1619 1620 1621
f 1619 1609 1610
f 1622 1612 1611
f 1623 1621 1624
f 1623 1619 1621
f 1625 1626 1612
f 1625 1612 1622
f 1627 1624 1628
f 1627 1623 1624
f 1629 1630 1626
f 1629 1626 1625
f 1631 1628 1632
f 1631 1627 1628
f 1633 1630 1629
f 678 1598 1634
f 678 1634 1635
f 678 1635 1636
f 678 679 1598
f 1637 1632 1638
f 1637 1631 1632
f 1639 1630 1633
f 1639 1640 1630
f 1641 1638 1642
f 1641 1637 1638
f 1643 1640 1639
f 1644 1642 1645
f 1644 1641 1642
f 1646 1640 1643
f 1646 1647 1640
f 1648 1645 1649
f 1648 1649 1650
f 1648 1644 1645
f 750 1652 1651
f 750 1651 1653
f 750 1653 1654
f 750 1654 1655
f 750 1655 1614
f 750 1614 749
f 1656 1647 1646
f 1656 1657 1647
f 1658 1650 1659
f 1658 1648 1650
f 1660 1657 1656
f 1661 1659 1662
f 1661 1658 1659
f 1663 1657 1660
f 1663 1664 1657
f 1665 1661 1662
f 1665 1662 1666
f 1667 1664 1663
f 677 1636 1668
f 677 1668 1669
f 677 1669 1670
f 677 678 1636
f 1671 1665 1666
f 1671 1666 1672
f 1673 1664 1667
f 1673 1674 1664
f 1675 1672 1676
f 1675 1671 1672
f 1677 1674 1673
f 1677 1678 1674
f 1679 1675 1676
f 1679 1676 1680
f 1681 1678 1677
f 751 1652 750
f 751 1683 1682
f 751 1682 1684
f 751 1684 1685
f 751 1685 1652
f 1686 1678 1681
f 1687 1689 1688
f 1690 1688 1691
f 1690 1687 1688
f 1692 1689 1687
f 1693 1690 1691
f 1693 1691 1694
f 1695 1689 1692
f 1695 1696 1689
f 1697 1693 1694
f 1697 1694 1698
f 1699 1696 1695
f 1699 1700 1696
f 1701 1697 1698
f 1701 1698 1702
f 1703 1700 1699
f 1703 1704 1700
f 1705 1702 1706
f 1705 1701 1702
f 1707 1704 1703
f 1707 1708 1704
f 1709 1705 1706
f 1709 1706 1710
f 1711 1708 1707
f 1711 1712 1708
f 1713 1709 1710
f 1713 1710 1714
f 1715 1712 1711
f 1715 1716 1712
f 1717 1713 1714
f 676 677 1670
f 1718 1719 1716
f 1718 1716 1715
f 1720 1717 1714
f 1720 1714 1721
f 1722 1719 1718
f 1723 1720 1721
f 1723 1721 1724
f 1725 1726 1719
f 1725 1719 1722
f 1727 1723 1724
f 1727 1724 1728
f 1729 1730 1726
f 1729 1726 1725
f 1731 1727 1728
f 1731 1728 1732
f 1733 1734 1730
f 1733 1730 1729
f 1735 1731 1732
f 1735 1732 1736
f 1737 1738 1734
f 1737 1734 1733
f 1739 1735 1736
f 1739 1736 1740
f 1741 1738 1737
f 1741 1742 1738
f 1743 1739 1740
f 1743 1740 1744
f 1745 1742 1741
f 1745 1670 1742
f 752 1683 751
f 752 1747 1746
f 752 1746 1748
f 752 1748 1749
f 752 1749 1683
f 1750 1743 1744
f 1750 1744 1751
f 1752 1670 1745
f 1752 676 1670
f 1753 1750 1751
f 1753 1751 1517
f 1754 676 1752
f 1755 1517 1512
f 1755 1512 1756
f 1755 1753 1517
f 1757 676 1754
f 1758 1755 1756
f 1759 676 1757
f 1760 1758 1756
f 1760 1756 1761
f 675 676 1759
f 675 1759 1762
f 1763 1760 1761
f 1764 675 1762
f 1765 1763 1761
f 1765 1761 1766
f 1767 675 1764
f 1768 1765 1766
f 1768 1766 1769
f 1770 675 1767
f 1771 1768 1769
f 1772 1771 1769
f 1772 1769 1773
f 753 1680 1774
f 753 1774 1775
f 753 1775 1747
f 753 1679 1680
f 753 1747 752
f 1776 1773 1777
f 1776 1772 1773
f 1778 1776 1777
f 1779 1778 1777
f 1779 1777 1780
f 1781 1779 1780
f 674 1770 1782
f 674 1782 1783
f 674 1783 1784
f 674 1784 1785
f 674 675 1770
f 1786 1781 1780
f 1786 1780 1787
f 1788 1786 1787
f 1788 1787 1789
f 1790 1788 1789
f 1791 1790 1789
f 754 1679 753
f 754 1793 1792
f 754 1792 1794
f 754 1794 1679
f 673 674 1785
f 673 1785 1795
f 673 1795 1796
f 673 1796 1797
f 673 1797 1798
f 673 1798 1799
f 755 1793 754
f 755 1801 1800
f 755 1800 1802
f 755 1802 1793
f 672 673 1799
f 672 1799 1803
f 672 1803 1804
f 672 1804 1805
f 672 1805 1806
f 672 1806 1807
f 672 1807 1808
f 756 1810 1809
f 756 1809 1811
f 756 1811 1801
f 756 1801 755
f 1812 1814 1813
f 1815 1813 1816
f 1815 1812 1813
f 1817 1818 1814
f 1817 1814 1812
f 1819 1816 1820
f 1819 1815 1816
f 1821 1822 1818
f 1821 1818 1817
f 1823 1819 1820
f 1824 1825 1822
f 1824 1822 1821
f 1826 1820 1827
f 1826 1823 1820
f 1828 1829 1825
f 1828 1825 1824
f 1830 1827 1831
f 1830 1826 1827
f 1832 1833 1829
f 1832 1829 1828
f 1834 1831 1835
f 1834 1830 1831
f 655 1808 1836
f 655 1836 1837
f 655 1837 1838
f 655 1838 1839
f 655 1839 1840
f 655 1840 1841
f 655 672 1808
f 1842 1686 1833
f 1842 1833 1832
f 1843 1835 1844
f 1843 1834 1835
f 1845 1678 1686
f 1845 1686 1842
f 1845 1846 1678
f 1847 1844 1848
f 1847 1843 1844
f 1849 1846 1845
f 1850 1848 1851
f 1850 1847 1848
f 1852 1846 1849
f 1852 1853 1846
f 1854 1851 1855
f 1854 1850 1851
f 1856 1853 1852
f 1857 1854 1855
f 1857 1855 1858
f 1859 1853 1856
f 1859 1860 1853
f 1861 1857 1858
f 1862 1860 1859
f 1862 1863 1860
f 1864 1858 1865
f 1864 1861 1858
f 1866 1863 1862
f 757 1868 1867
f 757 1867 1869
f 757 1869 1810
f 757 1810 756
f 1870 1865 1871
f 1870 1864 1865
f 1872 1863 1866
f 1872 1873 1863
f 1874 1871 1875
f 1874 1870 1871
f 1876 1873 1872
f 1876 1877 1873
f 1878 1875 1879
f 1878 1874 1875
f 1880 1877 1876
f 1881 1879 1882
f 1881 1878 1879
f 1883 1877 1880
f 1883 1884 1877
f 1885 1881 1882
f 1885 1882 1886
f 671 655 1841
f 671 1841 1887
f 671 1887 1888
f 671 1888 1889
f 671 1889 1890
f 671 1890 1891
f 671 1891 1892
f 1893 1884 1883
f 1894 1886 1895
f 1894 1885 1886
f 1896 1884 1893
f 1896 1897 1884
f 1898 1894 1895
f 1899 1900 1897
f 1899 1897 1896
f 1901 1895 1902
f 1901 1898 1895
f 1903 1900 1899
f 1904 1902 1905
f 1904 1901 1902
f 758 1907 1906
f 758 1906 1908
f 758 1908 1909
f 758 1909 1868
f 758 1868 757
f 1910 1791 1789
f 1910 1789 1900
f 1910 1900 1903
f 1911 1905 1912
f 1911 1904 1905
f 1913 1914 1791
f 1913 1791 1910
f 1915 1912 1916
f 1915 1911 1912
f 1917 1914 1913
f 1917 1918 1914
f 1919 1916 1920
f 1919 1915 1916
f 1921 1918 1917
f 1921 1922 1918
f 654 671 1892
f 654 1892 1923
f 654 1923 1924
f 654 1924 1925
f 654 1925 1926
f 654 1926 1927
f 654 1927 1928
f 1929 1920 1930
f 1929 1919 1920
f 1931 1922 1921
f 1931 1932 1922
f 1933 1929 1930
f 1934 1932 1931
f 1934 1935 1932
f 759 1937 1936
f 759 1936 1938
f 759 1938 1907
f 759 1907 758
f 785 1940 1939
f 785 1939 1941
f 785 1941 1942
f 785 654 1928
f 785 1928 1943
f 785 1943 1944
f 785 1944 1940
f 760 1937 759
f 760 1946 1945
f 760 1945 1947
f 760 1947 1937
f 784 785 1942
f 784 1942 1948
f 784 1948 1949
f 784 1949 1950
f 784 1950 1951
f 784 1951 1952
f 761 1946 760
f 761 1930 1953
f 761 1953 1954
f 761 1954 1946
f 783 1952 1955
f 783 1955 1956
f 783 1956 1957
f 783 1957 1958
f 783 784 1952
f 762 1933 1930
f 762 1960 1959
f 762 1959 1961
f 762 1961 1933
f 762 1930 761
f 782 1958 1962
f 782 1962 1963
f 782 1963 1964
f 782 1964 1965
f 782 783 1958
f 763 1967 1966
f 763 1966 1968
f 763 1968 1969
f 763 1969 1960
f 763 1960 762
f 781 782 1965
f 781 1965 1970
f 781 1970 1971
f 781 1971 1972
f 781 1972 1973
f 764 1975 1974
f 764 1974 1976
f 764 1976 1977
f 764 1977 1967
f 764 1967 763
f 780 1973 1978
f 780 1978 1979
f 780 1979 1980
f 780 781 1973
f 765 1975 764
f 765 1982 1981
f 765 1981 1983
f 765 1983 1984
f 765 1984 1985
f 765 1985 1975
f 779 780 1980
f 779 1980 1986
f 779 1986 1987
f 766 1989 1988
f 766 1988 1990
f 766 1990 1991
f 766 1991 1992
f 766 1992 1993
f 766 1993 1982
f 766 1982 765
f 778 1987 1994
f 778 1994 1995
f 778 779 1987
f 650 1989 766
f 650 1997 1996
f 650 1996 1998
f 650 1998 1999
f 650 1999 2000
f 650 2000 2001
f 650 2001 1989
f 777 778 1995
f 777 1995 2002
f 777 2002 1935
f 767 2004 2003
f 767 2003 2005
f 767 2005 2006
f 767 2006 2007
f 767 2007 2008
f 767 2008 1997
f 767 1997 650
f 776 777 1935
f 776 1934 2009
f 776 2009 2010
f 776 1935 1934
f 649 2012 2011
f 649 2011 2013
f 649 2013 2014
f 649 2014 2015
f 649 2015 2004
f 649 2004 767
f 649 2016 2012
f 775 2010 2017
f 775 2017 2018
f 775 776 2010
f 768 2016 649
f 768 2020 2019
f 768 2019 2021
f 768 2021 2022
f 768 2022 2023
f 768 2023 2024
f 768 2024 2016
f 774 775 2018
f 774 2018 2025
f 774 2025 2026
f 769 2028 2027
f 769 2027 2029
f 769 2029 2030
f 769 2030 2031
f 769 2031 2020
f 769 2020 768
f 773 774 2026
f 773 2026 2032
f 773 2032 2033
f 773 2033 2034
f 770 2028 769
f 770 2036 2035
f 770 2035 2037
f 770 2037 2038
f 770 2038 2028
f 772 773 2034
f 772 2034 2039
f 772 2039 2040
f 772 2040 2041
f 772 2041 2042
f 771 772 2042
f 771 2036 770
f 771 2042 2043
f 771 2043 2044
f 771 2044 2045
f 771 2045 2036
f 2046 2047 1890
f 1889 2046 1890
f 2047 2048 1891
f 1890 2047 1891
f 2048 2049 1892
f 1891 2048 1892
f 2049 2050 1923
f 1892 2049 1923
f 2050 2051 1924
f 1923 2050 1924
f 2051 2052 1925
f 1924 2051 1925
f 2052 2053 1926
f 1925 2052 1926
f 2053 2054 1927
f 1926 2053 1927
f 2054 2055 1928
f 1927 2054 1928
f 2055 2056 1943
f 1928 2055 1943
f 2056 2057 1944
f 1943 2056 1944
f 2057 2058 1940
f 1944 2057 1940
f 2058 2059 1939
f 1940 2058 1939
f 2059 2060 1941
f 1939 2059 1941
f 2060 2061 1942
f 1941 2060 1942
f 2061 2062 1948
f 1942 2061 1948
f 2062 2063 1949
f 1948 2062 1949
f 2063 2064 1950
f 1949 2063 1950
f 1950 2064 1951
f 2064 2065 1951
f 1951 2065 1952
f 2065 2066 1952
f 1952 2066 1955
f 2066 2067 1955
f 1955 2067 1956
f 2067 2068 1956
f 2068 2069 1957
f 1956 2068 1957
f 2069 2070 1958
f 1957 2069 1958
f 2070 2071 1962
f 1958 2070 1962
f 2071 2072 1963
f 1962 2071 1963
f 2072 2073 1964
f 1963 2072 1964
f 2073 2074 1965
f 1964 2073 1965
f 2074 2075 1970
f 1965 2074 1970
f 2075 2076 1971
f 1970 2075 1971
f 2076 2077 1972
f 1971 2076 1972
f 2077 2078 1973
f 1972 2077 1973
f 2078 2079 1978
f 1973 2078 1978
f 2079 2080 1979
f 1978 2079 1979
f 2080 2081 1980
f 1979 2080 1980
f 2081 2082 1986
f 1980 2081 1986
f 2082 2083 1987
f 1986 2082 1987
f 2083 2084 1994
f 1987 2083 1994
f 2084 2085 1995
f 1994 2084 1995
f 2085 2086 2002
f 1995 2085 2002
f 2086 2087 1935
f 2002 2086 1935
f 2087 2088 1932
f 1935 2087 1932
f 1932 2088 1922
f 2088 2089 1922
f 1922 2089 1918
f 2089 2090 1918
f 1918 2090 1914
f 2090 2091 1914
f 1914 2091 1791
f 2091 2092 1791
f 1791 2092 1790
f 2092 2093 1790
f 1790 2093 1788
f 2093 2094 1788
f 1788 2094 1786
f 2094 2095 1786
f 1786 2095 1781
f 2095 2096 1781
f 1781 2096 1779
f 2096 2097 1779
f 1779 2097 1778
f 2097 2098 1778
f 1778 2098 1776
f 2098 2099 1776
f 1776 2099 1772
f 2099 2100 1772
f 1772 2100 1771
f 2100 2101 1771
f 2101 2102 1768
f 1771 2101 1768
f 2102 2103 1765
f 1768 2102 1765
f 2103 2104 1763
f 1765 2103 1763
f 2104 2105 1760
f 1763 2104 1760
f 2105 2106 1758
f 1760 2105 1758
f 2106 2107 1755
f 1758 2106 1755
f 2107 2108 1753
f 1755 2107 1753
f 2108 2109 1750
f 1753 2108 1750
f 2110 2112 2111
f 2113 2114 2110
f 2115 2117 2116
f 2115 2118 2117
f 2115 2111 2118
f 2119 2120 2113
f 2119 2110 2111
f 2119 2113 2110
f 2121 2115 2122
f 2121 2111 2115
f 2121 2119 2111
f 2123 2125 2124
f 2126 2128 2127
f 2126 2121 2128
f 2129 2130 2123
f 2131 2121 2126
f 2132 2133 2129
f 2134 2136 2135
f 2134 2131 2136
f 2137 2139 2138
f 2140 2141 2137
f 2106 2142 2109
f 2106 2134 2142
f 2106 2108 2107
f 2106 2109 2108
f 2106 2131 2134
f 2143 2144 2140
f 2104 2106 2105
f 2145 2146 2143
f 2145 2147 2146
f 2102 2106 2104
f 2102 2104 2103
f 2148 2145 2143
f 2148 2143 2140
f 2100 2102 2101
f 2099 2106 2102
f 2099 2102 2100
f 2149 2151 2150
f 2149 2152 2151
f 2097 2099 2098
f 2153 2149 2150
f 2153 2148 2140
f 2153 2150 2148
f 2096 2099 2097
f 2154 2138 2132
f 2154 2153 2140
f 2154 2123 2124
f 2154 2132 2129
f 2154 2129 2123
f 2154 2137 2138
f 2154 2140 2137
f 2094 2096 2095
f 2155 2156 2154
f 2093 2096 2094
f 2092 2096 2093
f 2091 2096 2092
f 2157 2155 2154
f 2157 2158 2155
f 2157 2159 2158
f 2089 2091 2090
f 2089 2099 2096
f 2089 2096 2091
f 2160 2154 2124
f 2160 2124 2119
f 2160 2161 2157
f 2160 2162 2161
f 2160 2157 2154
f 2086 2131 2106
f 2086 2088 2087
f 2086 2089 2088
f 2086 2106 2099
f 2086 2099 2089
f 2086 2121 2131
f 2163 2164 2160
f 2165 2163 2160
f 2084 2086 2085
f 2166 2165 2160
f 2082 2084 2083
f 2082 2086 2084
f 2167 2168 2166
f 2167 2169 2168
f 2167 2166 2160
f 2079 2081 2080
f 2046 2171 2170
f 2077 2079 2078
f 2047 2046 2170
f 2047 2170 2167
f 2075 2077 2076
f 2050 2047 2167
f 2050 2048 2047
f 2050 2049 2048
f 2073 2077 2075
f 2073 2075 2074
f 2071 2077 2073
f 2071 2073 2072
f 2054 2052 2051
f 2054 2053 2052
f 2069 2081 2079
f 2069 2079 2077
f 2069 2077 2071
f 2069 2071 2070
f 2069 2082 2081
f 2057 2054 2051
f 2057 2055 2054
f 2057 2056 2055
f 2059 2057 2051
f 2059 2051 2050
f 2059 2058 2057
f 2063 2065 2064
f 2061 2060 2059
f 2062 2050 2167
f 2062 2119 2121
f 2062 2059 2050
f 2062 2082 2069
f 2062 2065 2063
f 2062 2061 2059
f 2062 2160 2119
f 2062 2121 2086
f 2062 2066 2065
f 2062 2067 2066
f 2062 2068 2067
f 2062 2069 2068
f 2062 2167 2160
f 2062 2086 2082
f 2172 2174 2173
f 2175 2177 2176
f 2175 2173 2177
f 2178 2172 2173
f 2178 2173 2175
f 2179 2180 2172
f 2179 2181 2180
f 2179 2182 2181
f 2183 2178 2184
f 2185 2186 2179
f 2187 2183 2188
f 2187 2178 2183
f 2187 2172 2178
f 2189 2190 2185
f 2191 2179 2172
f 2191 2185 2179
f 2191 2189 2185
f 2192 2187 2193
f 2194 2192 2195
f 2194 2187 2192
f 2196 2197 2191
f 2196 2198 2197
f 2199 2201 2200
f 2199 2194 2201
f 2202 2203 2196
f 2202 2204 2203
f 2202 2205 2204
f 2206 2207 2202
f 2206 2202 2196
f 2208 2210 2209
f 2208 2211 2210
f 2208 2212 2211
f 2208 2199 2212
f 2208 2187 2194
f 2208 2194 2199
f 2213 2214 2206
f 2213 2215 2214
f 2216 2213 2206
f 2216 2206 2196
f 2216 2217 2213
f 2216 2196 2191
f 2218 2220 2219
f 2218 2221 2220
f 2218 2208 2221
f 2222 2208 2218
f 2223 2224 2216
f 2225 2222 2226
f 2227 2229 2228
f 2230 2232 2231
f 2233 2225 2229
f 2233 2229 2227
f 2234 2223 2216
f 2234 2235 2223
f 2234 2236 2235
f 2234 2231 2236
f 2234 2230 2231
f 2237 2187 2208
f 2237 2222 2225
f 2237 2208 2222
f 2237 2225 2233
f 2237 2172 2187
f 2238 2239 2234
f 2238 2240 2239
f 2238 2241 2240
f 2242 2244 2243
f 2242 2245 2244
f 2242 2246 2245
f 2242 2237 2246
f 2247 2248 2238
f 2247 2249 2248
f 2247 2238 2234
f 2250 2247 2234
f 2251 2253 2252
f 2254 2255 2250
f 2256 2251 2257
f 2256 2242 2253
f 2256 2237 2242
f 2256 2253 2251
f 2258 2259 2254
f 2258 2260 2259
f 2261 2263 2262
f 2261 2256 2263
f 2264 2258 2254
f 2264 2265 2258
f 2266 2264 2254
f 2266 2254 2250
f 2267 2269 2268
f 2267 2261 2269
f 2270 2266 2250
f 2270 2271 2266
f 2272 2261 2267
f 2272 2274 2273
f 2272 2267 2274
f 2275 2256 2261
f 2275 2261 2272
f 2276 2278 2277
f 2279 2275 2280
f 2281 2276 2277
f 2281 2277 2282
f 2283 2281 2282
f 2284 2279 2285
f 2286 2279 2284
f 2287 2216 2191
f 2287 2275 2279
f 2287 2279 2286
f 2287 2172 2237
f 2287 2191 2172
f 2287 2237 2256
f 2287 2256 2275
f 2288 2283 2282
f 2288 2289 2283
f 2288 2290 2289
f 2288 2291 2290
f 2292 2294 2293
f 2292 2287 2294
f 2295 2234 2216
f 2295 2216 2287
f 2295 2288 2282
f 2295 2282 2270
f 2295 2270 2250
f 2295 2296 2288
f 2295 2250 2234
f 2297 2295 2287
f 2297 2287 2292
f 2298 2300 2299
f 2301 2303 2302
f 2304 2299 2303
f 2304 2298 2299
f 2304 2303 2301
f 2305 2307 2306
f 2305 2308 2307
f 2305 2309 2308
f 2310 2304 2311
f 2312 2313 2305
f 2314 2310 2315
f 2314 2304 2310
f 2314 2298 2304
f 2316 2306 2298
f 2316 2317 2312
f 2316 2305 2306
f 2316 2312 2305
f 2318 2314 2319
f 2320 2321 2316
f 2322 2318 2323
f 2322 2314 2318
f 2324 2326 2325
f 2324 2322 2326
f 2327 2329 2328
f 2327 2330 2329
f 2327 2331 2330
f 2332 2328 2320
f 2332 2333 2327
f 2332 2327 2328
f 2332 2320 2316
f 2334 2336 2335
f 2334 2337 2336
f 2334 2338 2337
f 2334 2324 2338
f 2334 2314 2322
f 2334 2322 2324
f 2339 2334 2340
f 2341 2343 2342
f 2344 2341 2342
f 2344 2345 2332
f 2344 2342 2345
f 2346 2339 2347
f 2348 2349 2344
f 2348 2350 2349
f 2351 2353 2352
f 2351 2346 2353
f 2351 2339 2346
f 2354 2348 2344
f 2354 2355 2348
f 2356 2351 2357
f 2356 2339 2351
f 2358 2339 2356
f 2359 2358 2360
f 2359 2339 2358
f 2361 2354 2344
f 2361 2362 2354
f 2361 2363 2362
f 2361 2364 2363
f 2361 2365 2364
f 2366 2367 2361
f 2366 2368 2367
f 2369 2371 2370
f 2369 2372 2371
f 2369 2373 2372
f 2369 2359 2373
f 2369 2334 2339
f 2369 2339 2359
f 2374 2375 2366
f 2374 2366 2361
f 2376 2369 2377
f 2378 2361 2344
f 2378 2374 2361
f 2379 2369 2376
f 2380 2381 2378
f 2382 2379 2383
f 2382 2369 2379
f 2382 2298 2314
f 2382 2334 2369
f 2382 2314 2334
f 2384 2385 2380
f 2386 2382 2387
f 2388 2384 2380
f 2389 2388 2380
f 2389 2380 2378
f 2390 2392 2391
f 2393 2392 2390
f 2394 2395 2389
f 2394 2396 2395
f 2397 2394 2389
f 2398 2400 2399
f 2398 2393 2400
f 2401 2393 2398
f 2401 2392 2393
f 2401 2386 2392
f 2402 2403 2397
f 2402 2404 2403
f 2405 2397 2389
f 2405 2402 2397
f 2406 2401 2407
f 2406 2386 2401
f 2408 2409 2405
f 2408 2410 2409
f 2411 2382 2386
f 2411 2386 2406
f 2411 2316 2298
f 2411 2298 2382
f 2411 2413 2412
f 2411 2414 2413
f 2411 2406 2414
f 2415 2408 2405
f 2415 2416 2408
f 2417 2405 2389
f 2417 2415 2405
f 2418 2411 2419
f 2420 2332 2316
f 2420 2389 2378
f 2420 2344 2332
f 2420 2417 2389
f 2420 2316 2411
f 2420 2421 2417
f 2420 2378 2344
f 2422 2411 2418
f 2422 2420 2411
f 2422 2418 2423
f 2424 2426 2425
f 2427 2428 2424
f 2427 2424 2425
f 2429 2431 2430
f 2432 2433 2427
f 2434 2429 2435
f 2434 2436 2431
f 2434 2425 2436
f 2434 2431 2429
f 2434 2427 2425
f 2434 2432 2427
f 2437 2434 2438
f 2439 2441 2440
f 2439 2442 2441
f 2443 2434 2437
f 2444 2439 2440
f 2445 2434 2443
f 2446 2447 2444
f 2448 2445 2449
f 2450 2445 2448
f 2451 2452 2446
f 2451 2453 2452
f 2451 2454 2453
f 2451 2455 2454
f 2456 2458 2457
f 2456 2450 2458
f 2456 2460 2459
f 2456 2457 2460
f 2456 2445 2450
f 2461 2462 2451
f 2463 2465 2464
f 2466 2468 2467
f 2469 2456 2465
f 2469 2465 2463
f 2470 2466 2467
f 2470 2467 2461
f 2470 2461 2451
f 2471 2469 2472
f 2473 2445 2456
f 2473 2456 2469
f 2473 2469 2471
f 2473 2434 2445
f 2474 2475 2470
f 2474 2476 2475
f 2474 2477 2476
f 2478 2473 2479
f 2480 2478 2481
f 2480 2473 2478
f 2482 2473 2480
f 2483 2485 2484
f 2486 2484 2487
f 2486 2483 2484
f 2488 2482 2489
f 2488 2473 2482
f 2490 2486 2487
f 2490 2491 2486
f 2490 2492 2491
f 2493 2495 2494
f 2493 2488 2495
f 2496 2490 2487
f 2497 2496 2487
f 2498 2493 2499
f 2500 2440 2432
f 2500 2470 2451
f 2500 2474 2470
f 2500 2434 2473
f 2500 2487 2474
f 2500 2473 2488
f 2500 2432 2434
f 2500 2488 2493
f 2500 2446 2444
f 2500 2444 2440
f 2500 2493 2498
f 2500 2451 2446
f 2501 2502 2497
f 2503 2501 2497
f 2504 2500 2505
f 2506 2503 2497
f 2507 2508 2506
f 2509 2504 2510
f 2509 2500 2504
f 2509 2510 2511
f 2512 2507 2506
f 2513 2500 2509
f 2514 2516 2515
f 2514 2513 2516
f 2517 2518 2512
f 2517 2519 2518
f 2517 2520 2519
f 2521 2512 2506
f 2521 2517 2512
f 2521 2506 2497
f 2522 2524 2523
f 2522 2514 2524
f 2525 2526 2521
f 2525 2527 2526
f 2528 2522 2529
f 2530 2522 2528
f 2530 2528 2531
f 2532 2522 2530
f 2533 2535 2534
f 2533 2536 2535
f 2533 2537 2536
f 2538 2532 2539
f 2540 2525 2521
f 2540 2533 2534
f 2540 2534 2525
f 2541 2540 2521
f 2542 2514 2522
f 2542 2522 2532
f 2542 2532 2538
f 2542 2538 2543
f 2544 2546 2545
f 2547 2513 2514
f 2547 2521 2497
f 2547 2541 2521
f 2547 2514 2542
f 2547 2487 2500
f 2547 2544 2545
f 2547 2545 2541
f 2547 2497 2487
f 2547 2549 2548
f 2547 2542 2549
f 2547 2500 2513
f 2550 2552 2551
f 2553 2554 2552
f 2555 2550 2556
f 2557 2558 2553
f 2557 2553 2552
f 2559 2560 2557
f 2561 2563 2562
f 2561 2555 2563
f 2561 2552 2550
f 2561 2550 2555
f 2564 2565 2559
f 2564 2559 2557
f 2566 2568 2567
f 2566 2561 2568
f 2569 2570 2564
f 2569 2571 2570
f 2572 2573 2569
f 2574 2576 2575
f 2574 2577 2576
f 2574 2566 2577
f 2578 2579 2572
f 2580 2578 2572
f 2581 2583 2582
f 2581 2574 2583
f 2584 2569 2564
f 2584 2572 2569
f 2584 2580 2572
f 2585 2586 2584
f 2587 2585 2584
f 2588 2590 2589
f 2588 2591 2590
f 2588 2581 2591
f 2592 2587 2584
f 2592 2593 2587
f 2594 2588 2595
f 2596 2588 2594
f 2597 2588 2596
f 2598 2599 2592
f 2598 2600 2599
f 2601 2598 2592
f 2602 2604 2603
f 2602 2597 2604
f 2605 2597 2602
f 2606 2607 2601
f 2606 2608 2607
f 2609 2588 2597
f 2609 2597 2605
f 2610 2611 2606
f 2612 2614 2613
f 2615 2592 2584
f 2615 2601 2592
f 2615 2610 2606
f 2615 2606 2601
f 2615 2616 2610
f 2617 2609 2614
f 2617 2614 2612
f 2617 2588 2609
f 2618 2619 2615
f 2620 2618 2615
f 2620 2621 2618
f 2622 2624 2623
f 2622 2625 2624
f 2622 2617 2625
f 2626 2557 2552
f 2626 2615 2584
f 2626 2564 2557
f 2626 2620 2615
f 2626 2584 2564
f 2627 2629 2628
f 2630 2632 2631
f 2633 2622 2629
f 2633 2629 2627
f 2634 2631 2626
f 2634 2630 2631
f 2635 2633 2636
f 2637 2638 2634
f 2639 2637 2634
f 2640 2639 2634
f 2640 2634 2626
f 2641 2633 2635
f 2641 2643 2642
f 2641 2635 2643
f 2644 2641 2645
f 2646 2640 2626
f 2646 2552 2561
f 2646 2647 2640
f 2646 2648 2647
f 2646 2626 2552
f 2649 2644 2650
f 2651 2652 2646
f 2651 2561 2566
f 2651 2653 2652
f 2651 2566 2574
f 2651 2574 2581
f 2651 2646 2561
f 2654 2649 2655
f 2656 2649 2654
f 2656 2644 2649
f 2656 2641 2644
f 2657 2659 2658
f 2660 2641 2656
f 2660 2662 2661
f 2660 2656 2662
f 2663 2657 2658
f 2663 2664 2657
f 2665 2633 2641
f 2665 2641 2660
f 2665 2667 2666
f 2665 2660 2667
f 2668 2663 2658
f 2668 2658 2651
f 2668 2669 2663
f 2668 2670 2669
f 2668 2671 2670
f 2672 2665 2673
f 2674 2588 2617
f 2674 2651 2581
f 2674 2622 2633
f 2674 2633 2665
f 2674 2617 2622
f 2674 2668 2651
f 2674 2665 2672
f 2674 2675 2668
f 2674 2581 2588
f 2676 2678 2677
f 2679 2680 2678
f 2681 2682 2679
f 2681 2679 2678
f 2683 2684 2681
f 2685 2687 2686
f 2685 2688 2687
f 2685 2689 2688
f 2685 2676 2689
f 2685 2678 2676
f 2690 2691 2683
f 2690 2683 2681
f 2692 2694 2693
f 2692 2685 2694
f 2695 2697 2696
f 2698 2692 2699
f 2700 2701 2695
f 2702 2698 2703
f 2702 2685 2692
f 2702 2692 2698
f 2704 2705 2700
f 2706 2708 2707
f 2706 2702 2708
f 2709 2696 2690
f 2709 2710 2704
f 2709 2681 2678
f 2709 2690 2681
f 2709 2695 2696
f 2709 2704 2700
f 2709 2700 2695
f 2711 2706 2712
f 2713 2714 2709
f 2713 2715 2714
f 2716 2711 2717
f 2716 2706 2711
f 2718 2719 2713
f 2720 2716 2721
f 2722 2723 2718
f 2724 2713 2709
f 2724 2718 2713
f 2724 2722 2718
f 2725 2727 2726
f 2725 2728 2727
f 2729 2728 2725
f 2729 2725 2730
f 2729 2720 2728
f 2731 2733 2732
f 2731 2734 2733
f 2735 2720 2729
f 2736 2731 2732
f 2737 2739 2738
f 2740 2732 2724
f 2740 2736 2732
f 2740 2741 2736
f 2740 2742 2741
f 2743 2735 2739
f 2743 2720 2735
f 2743 2739 2737
f 2744 2745 2740
f 2744 2740 2724
f 2746 2743 2747
f 2748 2744 2724
f 2749 2746 2750
f 2751 2724 2709
f 2751 2752 2748
f 2751 2748 2724
f 2751 2709 2678
f 2753 2754 2751
f 2755 2757 2756
f 2758 2749 2757
f 2758 2746 2749
f 2758 2757 2755
f 2759 2760 2753
f 2759 2761 2760
f 2759 2753 2751
f 2762 2764 2763
f 2762 2765 2764
f 2762 2758 2765
f 2766 2767 2759
f 2766 2768 2767
f 2766 2759 2751
f 2769 2758 2762
f 2770 2771 2766
f 2772 2770 2766
f 2773 2775 2774
f 2773 2776 2775
f 2773 2769 2776
f 2777 2766 2751
f 2777 2706 2716
f 2777 2678 2685
f 2777 2772 2766
f 2777 2778 2772
f 2777 2779 2778
f 2777 2751 2678
f 2777 2685 2702
f 2777 2702 2706
f 2780 2773 2781
f 2782 2773 2780
f 2782 2769 2773
f 2783 2784 2777
f 2783 2785 2784
f 2786 2783 2777
f 2787 2789 2788
f 2790 2786 2777
f 2790 2777 2716
f 2791 2792 2790
f 2793 2769 2782
f 2793 2789 2787
f 2793 2758 2769
f 2793 2795 2794
f 2793 2787 2795
f 2793 2782 2789
f 2796 2791 2790
f 2797 2793 2798
f 2799 2716 2720
f 2799 2796 2790
f 2799 2790 2716
f 2799 2720 2743
f 2799 2793 2797
f 2799 2743 2746
f 2799 2758 2793
f 2799 2800 2796
f 2799 2801 2800
f 2799 2746 2758
f 2109 2142 1743
f 1750 2109 1743
f 2142 2134 1739
f 1743 2142 1739
f 2134 2135 1735
f 1739 2134 1735
f 2135 2136 1731
f 1735 2135 1731
f 2136 2131 1727
f 1731 2136 1727
f 2131 2126 1723
f 1727 2131 1723
f 2126 2127 1720
f 1723 2126 1720
f 2127 2128 1717
f 1720 2127 1717
f 2128 2121 1713
f 1717 2128 1713
f 2121 2122 1709
f 1713 2121 1709
f 2122 2115 1705
f 1709 2122 1705
f 2115 2116 1701
f 1705 2115 1701
f 2116 2117 1697
f 1701 2116 1697
f 2117 2118 1693
f 1697 2117 1693
f 2118 2111 1690
f 1693 2118 1690
f 2111 2112 1687
f 1690 2111 1687
f 2112 2110 1692
f 1687 2112 1692
f 2110 2114 1695
f 1692 2110 1695
f 1695 2114 1699
f 2114 2113 1699
f 1699 2113 1703
f 2113 2120 1703
f 1703 2120 1707
f 2120 2119 1707
f 1707 2119 1711
f 2119 2124 1711
f 2124 2125 1715
f 1711 2124 1715
f 2125 2123 1718
f 1715 2125 1718
f 2123 2130 1722
f 1718 2123 1722
f 2130 2129 1725
f 1722 2130 1725
f 2129 2133 1729
f 1725 2129 1729
f 2133 2132 1733
f 1729 2133 1733
f 2132 2138 1737
f 1733 2132 1737
f 2138 2139 1741
f 1737 2138 1741
f 2139 2137 1745
f 1741 2139 1745
f 2137 2141 1752
f 1745 2137 1752
f 2141 2140 1754
f 1752 2141 1754
f 2140 2144 1757
f 1754 2140 1757
f 2144 2143 1759
f 1757 2144 1759
f 2143 2146 1762
f 1759 2143 1762
f 2146 2147 1764
f 1762 2146 1764
f 2147 2145 1767
f 1764 2147 1767
f 2145 2148 1770
f 1767 2145 1770
f 2148 2150 1782
f 1770 2148 1782
f 2150 2151 1783
f 1782 2150 1783
f 2151 2152 1784
f 1783 2151 1784
f 1784 2152 1785
f 2152 2149 1785
f 1785 2149 1795
f 2149 2153 1795
f 1795 2153 1796
f 2153 2154 1796
f 1796 2154 1797
f 2154 2156 1797
f 1797 2156 1798
f 2156 2155 1798
f 1798 2155 1799
f 2155 2158 1799
f 1799 2158 1803
f 2158 2159 1803
f 1803 2159 1804
f 2159 2157 1804
f 1804 2157 1805
f 2157 2161 1805
f 1805 2161 1806
f 2161 2162 1806
f 1806 2162 1807
f 2162 2160 1807
f 1807 2160 1808
f 2160 2164 1808
f 1808 2164 1836
f 2164 2163 1836
f 2163 2165 1837
f 1836 2163 1837
f 2165 2166 1838
f 1837 2165 1838
f 2166 2168 1839
f 1838 2166 1839
f 2168 2169 1840
f 1839 2168 1840
f 2169 2167 1841
f 1840 2169 1841
f 2167 2170 1887
f 1841 2167 1887
f 2170 2171 1888
f 1887 2170 1888
f 2171 2046 1889
f 1888 2171 1889
f 2264 2266 1294
f 2266 2271 1295
f 1294 2266 1295
f 2271 2270 1296
f 1295 2271 1296
f 2270 2282 1297
f 1296 2270 1297
f 2282 2277 1298
f 1297 2282 1298
f 2277 2278 1299
f 1298 2277 1299
f 2278 2276 1300
f 1299 2278 1300
f 2276 2281 1301
f 1300 2276 1301
f 2281 2283 1343
f 1301 2281 1343
f 2283 2289 1344
f 1343 2283 1344
f 2289 2290 1345
f 1344 2289 1345
f 2290 2291 1394
f 1345 2290 1394
f 2291 2288 1390
f 1394 2291 1390
f 2288 2296 1387
f 1390 2288 1387
f 2296 2295 1383
f 1387 2296 1383
f 2295 2297 1380
f 1383 2295 1380
f 2297 2292 1376
f 1380 2297 1376
f 2292 2293 1375
f 1376 2292 1375
f 1375 2293 1371
f 2293 2294 1371
f 1371 2294 1368
f 2294 2287 1368
f 1368 2287 1364
f 2287 2286 1364
f 1364 2286 1361
f 2286 2284 1361
f 1361 2284 1357
f 2284 2285 1357
f 2285 2279 1353
f 1357 2285 1353
f 2279 2280 1350
f 1353 2279 1350
f 2280 2275 1349
f 1350 2280 1349
f 2275 2272 1342
f 1349 2275 1342
f 2272 2273 1339
f 1342 2272 1339
f 2273 2274 1335
f 1339 2273 1335
f 2274 2267 1331
f 1335 2274 1331
f 2267 2268 1328
f 1331 2267 1328
f 2268 2269 1325
f 1328 2268 1325
f 2269 2261 1321
f 1325 2269 1321
f 2261 2262 1317
f 1321 2261 1317
f 2262 2263 1316
f 1317 2262 1316
f 2263 2256 1312
f 1316 2263 1312
f 2256 2257 1308
f 1312 2256 1308
f 2257 2251 1304
f 1308 2257 1304
f 2251 2252 1303
f 1304 2251 1303
f 2252 2253 1306
f 1303 2252 1306
f 2253 2242 1310
f 1306 2253 1310
f 2242 2243 1314
f 1310 2242 1314
f 2243 2244 1319
f 1314 2243 1319
f 1319 2244 1323
f 2244 2245 1323
f 1323 2245 1287
f 2245 2246 1287
f 1287 2246 1286
f 2246 2237 1286
f 1286 2237 1276
f 2237 2233 1276
f 1276 2233 1275
f 2233 2227 1275
f 1275 2227 1270
f 2227 2228 1270
f 1270 2228 1266
f 2228 2229 1266
f 1266 2229 1265
f 2229 2225 1265
f 1265 2225 1259
f 2225 2226 1259
f 1259 2226 1250
f 2226 2222 1250
f 1250 2222 1249
f 2222 2218 1249
f 1249 2218 1244
f 2218 2219 1244
f 1244 2219 1243
f 2219 2220 1243
f 2220 2221 1236
f 1243 2220 1236
f 2221 2208 1230
f 1236 2221 1230
f 2208 2209 1229
f 1230 2208 1229
f 2209 2210 1181
f 1229 2209 1181
f 2210 2211 1177
f 1181 2210 1177
f 2211 2212 1170
f 1177 2211 1170
f 2212 2199 1162
f 1170 2212 1162
f 1162 2199 1155
f 2199 2200 1155
f 2200 2201 1146
f 1155 2200 1146
f 2201 2194 1141
f 1146 2201 1141
f 2194 2195 1135
f 1141 2194 1135
f 2195 2192 1127
f 1135 2195 1127
f 2192 2193 1117
f 1127 2192 1117
f 2193 2187 1103
f 1117 2193 1103
f 2187 2188 1101
f 1103 2187 1101
f 2188 2183 1099
f 1101 2188 1099
f 2183 2184 1097
f 1099 2183 1097
f 2184 2178 1095
f 1097 2184 1095
f 2178 2175 1093
f 1095 2178 1093
f 2175 2176 1091
f 1093 2175 1091
f 2176 2177 1089
f 1091 2176 1089
f 2177 2173 1087
f 1089 2177 1087
f 2173 2174 1084
f 1087 2173 1084
f 2174 2172 1085
f 1084 2174 1085
f 2172 2180 1086
f 1085 2172 1086
f 1086 2180 1088
f 2180 2181 1088
f 1088 2181 1090
f 2181 2182 1090
f 1090 2182 1092
f 2182 2179 1092
f 1092 2179 1094
f 2179 2186 1094
f 1094 2186 1096
f 2186 2185 1096
f 2185 2190 1098
f 1096 2185 1098
f 2190 2189 1100
f 1098 2190 1100
f 2189 2191 1102
f 1100 2189 1102
f 2191 2197 1104
f 1102 2191 1104
f 2197 2198 1120
f 1104 2197 1120
f 2198 2196 1131
f 1120 2198 1131
f 2196 2203 1138
f 1131 2196 1138
f 2203 2204 1142
f 1138 2203 1142
f 2204 2205 1149
f 1142 2204 1149
f 2205 2202 1161
f 1149 2205 1161
f 2202 2207 1166
f 1161 2202 1166
f 2207 2206 1173
f 1166 2207 1173
f 2206 2214 1180
f 1173 2206 1180
f 2214 2215 1185
f 1180 2214 1185
f 2215 2213 1189
f 1185 2215 1189
f 2213 2217 1193
f 1189 2213 1193
f 2217 2216 1199
f 1193 2217 1199
f 2216 2224 1203
f 1199 2216 1203
f 2224 2223 1206
f 1203 2224 1206
f 2223 2235 1210
f 1206 2223 1210
f 1210 2235 1214
f 2235 2236 1214
f 1214 2236 1217
f 2236 2231 1217
f 1217 2231 1221
f 2231 2232 1221
f 1221 2232 1226
f 2232 2230 1226
f 1226 2230 1227
f 2230 2234 1227
f 1227 2234 1231
f 2234 2239 1231
f 1231 2239 1234
f 2239 2240 1234
f 1234 2240 1237
f 2240 2241 1237
f 1237 2241 1241
f 2241 2238 1241
f 1241 2238 1253
f 2238 2248 1253
f 1253 2248 1254
f 2248 2249 1254
f 1254 2249 1255
f 2249 2247 1255
f 1255 2247 1256
f 2247 2250 1256
f 2250 2255 1257
f 1256 2250 1257
f 2255 2254 1260
f 1257 2255 1260
f 2254 2259 1280
f 1260 2254 1280
f 2259 2260 1281
f 1280 2259 1281
f 2260 2258 1282
f 1281 2260 1282
f 2258 2265 1283
f 1282 2258 1283
f 2265 2264 1284
f 1283 2265 1284
f 1284 2264 1294
f 2395 2396 1156
f 2396 2394 1157
f 1156 2396 1157
f 2394 2397 1171
f 1157 2394 1171
f 2397 2403 1172
f 1171 2397 1172
f 2403 2404 1182
f 1172 2403 1182
f 2404 2402 1223
f 1182 2404 1223
f 2402 2405 1216
f 1223 2402 1216
f 2405 2409 1209
f 1216 2405 1209
f 2409 2410 1208
f 1209 2409 1208
f 2410 2408 1202
f 1208 2410 1202
f 2408 2416 1201
f 1202 2408 1201
f 2416 2415 1195
f 1201 2416 1195
f 2415 2417 1188
f 1195 2415 1188
f 2417 2421 1187
f 1188 2417 1187
f 2421 2420 1179
f 1187 2421 1179
f 2420 2422 1169
f 1179 2420 1169
f 2422 2423 1168
f 1169 2422 1168
f 2423 2418 1160
f 1168 2423 1160
f 1160 2418 1159
f 2418 2419 1159
f 1159 2419 1043
f 2419 2411 1043
f 1043 2411 1037
f 2411 2412 1037
f 1037 2412 1032
f 2412 2413 1032
f 1032 2413 1026
f 2413 2414 1026
f 2414 2406 1021
f 1026 2414 1021
f 2406 2407 1015
f 1021 2406 1015
f 2407 2401 1010
f 1015 2407 1010
f 2401 2398 1004
f 1010 2401 1004
f 2398 2399 999
f 1004 2398 999
f 2399 2400 993
f 999 2399 993
f 2400 2393 992
f 993 2400 992
f 2393 2390 987
f 992 2393 987
f 2390 2391 980
f 987 2390 980
f 2391 2392 974
f 980 2391 974
f 2392 2386 970
f 974 2392 970
f 2386 2387 963
f 970 2386 963
f 2387 2382 957
f 963 2387 957
f 2382 2383 952
f 957 2382 952
f 2383 2379 945
f 952 2383 945
f 2379 2376 944
f 945 2379 944
f 2376 2377 939
f 944 2376 939
f 2377 2369 933
f 939 2377 933
f 2369 2370 927
f 933 2369 927
f 2370 2371 920
f 927 2370 920
f 920 2371 912
f 2371 2372 912
f 912 2372 902
f 2372 2373 902
f 902 2373 893
f 2373 2359 893
f 893 2359 892
f 2359 2360 892
f 892 2360 889
f 2360 2358 889
f 889 2358 886
f 2358 2356 886
f 886 2356 883
f 2356 2357 883
f 883 2357 880
f 2357 2351 880
f 880 2351 877
f 2351 2352 877
f 877 2352 874
f 2352 2353 874
f 874 2353 837
f 2353 2346 837
f 837 2346 835
f 2346 2347 835
f 835 2347 833
f 2347 2339 833
f 2339 2340 831
f 833 2339 831
f 2340 2334 829
f 831 2340 829
f 2334 2335 827
f 829 2334 827
f 2335 2336 825
f 827 2335 825
f 2336 2337 823
f 825 2336 823
f 2337 2338 821
f 823 2337 821
f 2338 2324 819
f 821 2338 819
f 819 2324 817
f 2324 2325 817
f 2325 2326 815
f 817 2325 815
f 2326 2322 813
f 815 2326 813
f 2322 2323 811
f 813 2322 811
f 2323 2318 809
f 811 2323 809
f 2318 2319 807
f 809 2318 807
f 2319 2314 805
f 807 2319 805
f 2314 2315 803
f 805 2314 803
f 2315 2310 801
f 803 2315 801
f 2310 2311 799
f 801 2310 799
f 2311 2304 797
f 799 2311 797
f 2304 2301 795
f 797 2304 795
f 2301 2302 793
f 795 2301 793
f 2302 2303 791
f 793 2302 791
f 2303 2299 789
f 791 2303 789
f 2299 2300 786
f 789 2299 786
f 2300 2298 787
f 786 2300 787
f 2298 2306 788
f 787 2298 788
f 788 2306 790
f 2306 2307 790
f 790 2307 792
f 2307 2308 792
f 792 2308 794
f 2308 2309 794
f 794 2309 796
f 2309 2305 796
f 796 2305 798
f 2305 2313 798
f 2313 2312 800
f 798 2313 800
f 2312 2317 802
f 800 2312 802
f 2317 2316 804
f 802 2317 804
f 2316 2321 806
f 804 2316 806
f 2321 2320 808
f 806 2321 808
f 2320 2328 810
f 808 2320 810
f 2328 2329 812
f 810 2328 812
f 2329 2330 814
f 812 2329 814
f 2330 2331 816
f 814 2330 816
f 2331 2327 818
f 816 2331 818
f 2327 2333 820
f 818 2327 820
f 2333 2332 822
f 820 2333 822
f 2332 2345 824
f 822 2332 824
f 2345 2342 826
f 824 2345 826
f 2342 2343 828
f 826 2342 828
f 2343 2341 830
f 828 2343 830
f 2341 2344 832
f 830 2341 832
f 2344 2349 834
f 832 2344 834
f 2349 2350 836
f 834 2349 836
f 2350 2348 838
f 836 2350 838
f 838 2348 839
f 2348 2355 839
f 839 2355 840
f 2355 2354 840
f 840 2354 841
f 2354 2362 841
f 841 2362 842
f 2362 2363 842
f 842 2363 843
f 2363 2364 843
f 843 2364 844
f 2364 2365 844
f 844 2365 845
f 2365 2361 845
f 845 2361 846
f 2361 2367 846
f 846 2367 847
f 2367 2368 847
f 847 2368 848
f 2368 2366 848
f 848 2366 849
f 2366 2375 849
f 849 2375 850
f 2375 2374 850
f 850 2374 851
f 2374 2378 851
f 2378 2381 852
f 851 2378 852
f 2381 2380 853
f 852 2381 853
f 2380 2385 854
f 853 2380 854
f 2385 2384 855
f 854 2385 855
f 2384 2388 856
f 855 2384 856
f 2388 2389 857
f 856 2388 857
f 2389 2395 865
f 857 2389 865
f 865 2395 1156
f 2520 2517 1070
f 1068 2520 1070
f 2517 2521 1072
f 1070 2517 1072
f 2521 2526 1239
f 1072 2521 1239
f 2526 2527 1240
f 1239 2526 1240
f 2527 2525 1246
f 1240 2527 1246
f 2525 2534 1247
f 1246 2525 1247
f 2534 2535 1252
f 1247 2534 1252
f 2535 2536 1262
f 1252 2535 1262
f 2536 2537 1263
f 1262 2536 1263
f 2537 2533 1268
f 1263 2537 1268
f 2533 2540 1272
f 1268 2533 1272
f 2540 2541 1273
f 1272 2540 1273
f 2541 2545 1278
f 1273 2541 1278
f 2545 2546 1279
f 1278 2545 1279
f 2546 2544 1289
f 1279 2546 1289
f 2544 2547 1292
f 1289 2544 1292
f 2547 2548 1293
f 1292 2547 1293
f 2548 2549 1415
f 1293 2548 1415
f 1415 2549 1411
f 2549 2542 1411
f 1411 2542 1408
f 2542 2543 1408
f 1408 2543 1405
f 2543 2538 1405
f 1405 2538 1154
f 2538 2539 1154
f 2539 2532 1153
f 1154 2539 1153
f 2532 2530 1083
f 1153 2532 1083
f 2530 2531 1082
f 1083 2530 1082
f 2531 2528 1081
f 1082 2531 1081
f 2528 2529 1080
f 1081 2528 1080
f 2529 2522 1078
f 1080 2529 1078
f 2522 2523 1077
f 1078 2522 1077
f 2523 2524 1079
f 1077 2523 1079
f 2524 2514 1074
f 1079 2524 1074
f 2514 2515 1073
f 1074 2514 1073
f 2515 2516 1075
f 1073 2515 1075
f 2516 2513 1076
f 1075 2516 1076
f 2513 2509 1060
f 1076 2513 1060
f 2509 2511 1057
f 1060 2509 1057
f 2511 2510 1054
f 1057 2511 1054
f 2510 2504 1053
f 1054 2510 1053
f 2504 2505 1047
f 1053 2504 1047
f 2505 2500 1046
f 1047 2505 1046
f 2500 2498 1041
f 1046 2500 1041
f 2498 2499 1038
f 1041 2498 1038
f 1038 2499 1033
f 2499 2493 1033
f 1033 2493 1028
f 2493 2494 1028
f 1028 2494 1024
f 2494 2495 1024
f 1024 2495 1019
f 2495 2488 1019
f 1019 2488 1016
f 2488 2489 1016
f 1016 2489 1011
f 2489 2482 1011
f 1011 2482 1006
f 2482 2480 1006
f 1006 2480 1002
f 2480 2481 1002
f 1002 2481 997
f 2481 2478 997
f 997 2478 994
f 2478 2479 994
f 994 2479 988
f 2479 2473 988
f 988 2473 983
f 2473 2471 983
f 983 2471 978
f 2471 2472 978
f 2472 2469 975
f 978 2472 975
f 2469 2463 971
f 975 2469 971
f 2463 2464 966
f 971 2463 966
f 2464 2465 961
f 966 2464 961
f 2465 2456 958
f 961 2465 958
f 2456 2459 953
f 958 2456 953
f 2459 2460 948
f 953 2459 948
f 2460 2457 942
f 948 2460 942
f 2457 2458 940
f 942 2457 940
f 2458 2450 936
f 940 2458 936
f 2450 2448 934
f 936 2450 934
f 2448 2449 929
f 934 2448 929
f 2449 2445 925
f 929 2449 925
f 2445 2443 922
f 925 2445 922
f 2443 2437 918
f 922 2443 918
f 2437 2438 915
f 918 2437 915
f 2438 2434 913
f 915 2438 913
f 2434 2435 909
f 913 2434 909
f 2435 2429 906
f 909 2435 906
f 2429 2430 904
f 906 2429 904
f 2430 2431 900
f 904 2430 900
f 2431 2436 898
f 900 2431 898
f 2436 2425 895
f 898 2436 895
f 2425 2426 896
f 895 2425 896
f 2426 2424 897
f 896 2426 897
f 2424 2428 899
f 897 2424 899
f 899 2428 903
f 2428 2427 903
f 903 2427 905
f 2427 2433 905
f 905 2433 908
f 2433 2432 908
f 908 2432 910
f 2432 2440 910
f 2440 2441 914
f 910 2440 914
f 2441 2442 917
f 914 2441 917
f 2442 2439 921
f 917 2442 921
f 2439 2444 924
f 921 2439 924
f 2444 2447 928
f 924 2444 928
f 2447 2446 931
f 928 2447 931
f 2446 2452 935
f 931 2446 935
f 2452 2453 937
f 935 2452 937
f 2453 2454 941
f 937 2453 941
f 2454 2455 946
f 941 2454 946
f 2455 2451 949
f 946 2455 949
f 2451 2462 954
f 949 2451 954
f 2462 2461 959
f 954 2462 959
f 2461 2467 964
f 959 2461 964
f 2467 2468 967
f 964 2467 967
f 2468 2466 972
f 967 2468 972
f 2466 2470 976
f 972 2466 976
f 2470 2475 981
f 976 2470 981
f 2475 2476 984
f 981 2475 984
f 2476 2477 989
f 984 2476 989
f 989 2477 995
f 2477 2474 995
f 995 2474 1000
f 2474 2487 1000
f 1000 2487 1005
f 2487 2484 1005
f 1005 2484 1008
f 2484 2485 1008
f 1008 2485 1012
f 2485 2483 1012
f 1012 2483 1017
f 2483 2486 1017
f 1017 2486 1022
f 2486 2491 1022
f 1022 2491 1027
f 2491 2492 1027
f 1027 2492 1030
f 2492 2490 1030
f 1030 2490 1035
f 2490 2496 1035
f 1035 2496 1040
f 2496 2497 1040
f 1040 2497 1045
f 2497 2502 1045
f 1045 2502 1049
f 2502 2501 1049
f 2501 2503 1050
f 1049 2501 1050
f 2503 2506 1052
f 1050 2503 1052
f 2506 2508 1056
f 1052 2506 1056
f 2508 2507 1059
f 1056 2508 1059
f 2507 2512 1062
f 1059 2507 1062
f 2512 2518 1064
f 1062 2512 1064
f 2518 2519 1066
f 1064 2518 1066
f 2519 2520 1068
f 1066 2519 1068
f 2647 2648 2028
f 2038 2647 2028
f 2648 2646 2027
f 2028 2648 2027
f 2646 2652 2029
f 2027 2646 2029
f 2652 2653 2030
f 2029 2652 2030
f 2653 2651 2031
f 2030 2653 2031
f 2651 2658 2020
f 2031 2651 2020
f 2658 2659 2019
f 2020 2658 2019
f 2659 2657 2021
f 2019 2659 2021
f 2657 2664 2022
f 2021 2657 2022
f 2664 2663 2023
f 2022 2664 2023
f 2663 2669 2024
f 2023 2663 2024
f 2669 2670 2016
f 2024 2669 2016
f 2670 2671 2012
f 2016 2670 2012
f 2671 2668 2011
f 2012 2671 2011
f 2668 2675 2013
f 2011 2668 2013
f 2675 2674 2014
f 2013 2675 2014
f 2674 2672 2015
f 2014 2674 2015
f 2672 2673 2004
f 2015 2672 2004
f 2004 2673 2003
f 2673 2665 2003
f 2003 2665 2005
f 2665 2666 2005
f 2005 2666 2006
f 2666 2667 2006
f 2006 2667 2007
f 2667 2660 2007
f 2660 2661 2008
f 2007 2660 2008
f 2661 2662 1997
f 2008 2661 1997
f 2662 2656 1996
f 1997 2662 1996
f 2656 2654 1998
f 1996 2656 1998
f 2654 2655 1999
f 1998 2654 1999
f 2655 2649 2000
f 1999 2655 2000
f 2649 2650 2001
f 2000 2649 2001
f 2650 2644 1989
f 2001 2650 1989
f 2644 2645 1988
f 1989 2644 1988
f 2645 2641 1990
f 1988 2645 1990
f 2641 2642 1991
f 1990 2641 1991
f 2642 2643 1992
f 1991 2642 1992
f 2643 2635 1993
f 1992 2643 1993
f 2635 2636 1982
f 1993 2635 1982
f 2636 2633 1981
f 1982 2636 1981
f 2633 2627 1983
f 1981 2633 1983
f 2627 2628 1984
f 1983 2627 1984
f 2628 2629 1985
f 1984 2628 1985
f 2629 2622 1975
f 1985 2629 1975
f 2622 2623 1974
f 1975 2622 1974
f 1974 2623 1976
f 2623 2624 1976
f 1976 2624 1977
f 2624 2625 1977
f 1977 2625 1967
f 2625 2617 1967
f 1967 2617 1966
f 2617 2612 1966
f 1966 2612 1968
f 2612 2613 1968
f 1968 2613 1969
f 2613 2614 1969
f 1969 2614 1960
f 2614 2609 1960
f 1960 2609 1959
f 2609 2605 1959
f 1959 2605 1961
f 2605 2602 1961
f 1961 2602 1933
f 2602 2603 1933
f 1933 2603 1929
f 2603 2604 1929
f 1929 2604 1919
f 2604 2597 1919
f 1919 2597 1915
f 2597 2596 1915
f 2596 2594 1911
f 1915 2596 1911
f 2594 2595 1904
f 1911 2594 1904
f 2595 2588 1901
f 1904 2595 1901
f 2588 2589 1898
f 1901 2588 1898
f 2589 2590 1894
f 1898 2589 1894
f 2590 2591 1885
f 1894 2590 1885
f 2591 2581 1881
f 1885 2591 1881
f 2581 2582 1878
f 1881 2581 1878
f 2582 2583 1874
f 1878 2582 1874
f 2583 2574 1870
f 1874 2583 1870
f 2574 2575 1864
f 1870 2574 1864
f 2575 2576 1861
f 1864 2575 1861
f 2576 2577 1857
f 1861 2576 1857
f 2577 2566 1854
f 1857 2577 1854
f 2566 2567 1850
f 1854 2566 1850
f 2567 2568 1847
f 1850 2567 1847
f 2568 2561 1843
f 1847 2568 1843
f 2561 2562 1834
f 1843 2561 1834
f 2562 2563 1830
f 1834 2562 1830
f 2563 2555 1826
f 1830 2563 1826
f 2555 2556 1823
f 1826 2555 1823
f 2556 2550 1819
f 1823 2556 1819
f 2550 2551 1815
f 1819 2550 1815
f 2551 2552 1812
f 1815 2551 1812
f 2552 2554 1817
f 1812 2552 1817
f 2554 2553 1821
f 1817 2554 1821
f 1821 2553 1824
f 2553 2558 1824
f 1824 2558 1828
f 2558 2557 1828
f 1828 2557 1832
f 2557 2560 1832
f 1832 2560 1842
f 2560 2559 1842
f 2559 2565 1845
f 1842 2559 1845
f 2565 2564 1849
f 1845 2565 1849
f 2564 2570 1852
f 1849 2564 1852
f 2570 2571 1856
f 1852 2570 1856
f 2571 2569 1859
f 1856 2571 1859
f 2569 2573 1862
f 1859 2569 1862
f 2573 2572 1866
f 1862 2573 1866
f 2572 2579 1872
f 1866 2572 1872
f 2579 2578 1876
f 1872 2579 1876
f 2578 2580 1880
f 1876 2578 1880
f 2580 2584 1883
f 1880 2580 1883
f 2584 2586 1893
f 1883 2584 1893
f 2586 2585 1896
f 1893 2586 1896
f 2585 2587 1899
f 1896 2585 1899
f 2587 2593 1903
f 1899 2587 1903
f 2593 2592 1910
f 1903 2593 1910
f 2592 2599 1913
f 1910 2592 1913
f 2599 2600 1917
f 1913 2599 1917
f 2600 2598 1921
f 1917 2600 1921
f 2598 2601 1931
f 1921 2598 1931
f 1931 2601 1934
f 2601 2607 1934
f 1934 2607 2009
f 2607 2608 2009
f 2009 2608 2010
f 2608 2606 2010
f 2010 2606 2017
f 2606 2611 2017
f 2017 2611 2018
f 2611 2610 2018
f 2018 2610 2025
f 2610 2616 2025
f 2025 2616 2026
f 2616 2615 2026
f 2026 2615 2032
f 2615 2619 2032
f 2032 2619 2033
f 2619 2618 2033
f 2033 2618 2034
f 2618 2621 2034
f 2034 2621 2039
f 2621 2620 2039
f 2039 2620 2040
f 2620 2626 2040
f 2040 2626 2041
f 2626 2631 2041
f 2631 2632 2042
f 2041 2631 2042
f 2632 2630 2043
f 2042 2632 2043
f 2630 2634 2044
f 2043 2630 2044
f 2634 2638 2045
f 2044 2634 2045
f 2638 2637 2036
f 2045 2638 2036
f 2637 2639 2035
f 2036 2637 2035
f 2639 2640 2037
f 2035 2639 2037
f 2640 2647 2038
f 2037 2640 2038
f 2771 2770 1638
f 1632 2771 1638
f 2770 2772 1642
f 1638 2770 1642
f 2772 2778 1645
f 1642 2772 1645
f 2778 2779 1649
f 1645 2778 1649
f 2779 2777 1650
f 1649 2779 1650
f 2777 2784 1659
f 1650 2777 1659
f 2784 2785 1662
f 1659 2784 1662
f 2785 2783 1666
f 1662 2785 1666
f 2783 2786 1672
f 1666 2783 1672
f 2786 2790 1676
f 1672 2786 1676
f 2790 2792 1680
f 1676 2790 1680
f 2792 2791 1774
f 1680 2792 1774
f 2791 2796 1775
f 1774 2791 1775
f 2796 2800 1747
f 1775 2796 1747
f 2800 2801 1746
f 1747 2800 1746
f 2801 2799 1748
f 1746 2801 1748
f 2799 2797 1749
f 1748 2799 1749
f 2797 2798 1683
f 1749 2797 1683
f 1683 2798 1682
f 2798 2793 1682
f 1682 2793 1684
f 2793 2794 1684
f 1684 2794 1685
f 2794 2795 1685
f 1685 2795 1652
f 2795 2787 1652
f 2787 2788 1651
f 1652 2787 1651
f 2788 2789 1653
f 1651 2788 1653
f 2789 2782 1654
f 1653 2789 1654
f 2782 2780 1655
f 1654 2782 1655
f 2780 2781 1614
f 1655 2780 1614
f 2781 2773 1613
f 1614 2781 1613
f 2773 2774 1615
f 1613 2773 1615
f 2774 2775 1616
f 1615 2774 1616
f 2775 2776 1617
f 1616 2775 1617
f 2776 2769 1618
f 1617 2776 1618
f 2769 2762 1570
f 1618 2769 1570
f 2762 2763 1569
f 1570 2762 1569
f 2763 2764 1571
f 1569 2763 1571
f 2764 2765 1572
f 1571 2764 1572
f 2765 2758 1573
f 1572 2765 1573
f 2758 2755 1574
f 1573 2758 1574
f 2755 2756 1519
f 1574 2755 1519
f 2756 2757 1518
f 1519 2756 1518
f 2757 2749 1520
f 1518 2757 1520
f 2749 2750 1521
f 1520 2749 1521
f 1521 2750 1522
f 2750 2746 1522
f 1522 2746 1523
f 2746 2747 1523
f 1523 2747 1507
f 2747 2743 1507
f 1507 2743 1504
f 2743 2737 1504
f 1504 2737 1500
f 2737 2738 1500
f 1500 2738 1499
f 2738 2739 1499
f 1499 2739 1501
f 2739 2735 1501
f 1501 2735 1502
f 2735 2729 1502
f 1502 2729 1493
f 2729 2730 1493
f 1493 2730 1487
f 2730 2725 1487
f 1487 2725 1485
f 2725 2726 1485
f 1485 2726 1482
f 2726 2727 1482
f 1482 2727 1477
f 2727 2728 1477
f 2728 2720 1475
f 1477 2728 1475
f 2720 2721 1471
f 1475 2720 1471
f 2721 2716 1467
f 1471 2721 1467
f 2716 2717 1464
f 1467 2716 1464
f 2717 2711 1459
f 1464 2717 1459
f 2711 2712 1455
f 1459 2711 1455
f 2712 2706 1450
f 1455 2712 1450
f 2706 2707 1446
f 1450 2706 1446
f 2707 2708 1444
f 1446 2707 1444
f 2708 2702 1438
f 1444 2708 1438
f 2702 2703 1435
f 1438 2702 1435
f 2703 2698 1431
f 1435 2703 1431
f 2698 2699 1428
f 1431 2698 1428
f 2699 2692 1424
f 1428 2699 1424
f 2692 2693 1420
f 1424 2692 1420
f 2693 2694 1416
f 1420 2693 1416
f 2694 2685 1413
f 1416 2694 1413
f 2685 2686 1409
f 1413 2685 1409
f 2686 2687 1406
f 1409 2686 1406
f 2687 2688 1402
f 1406 2687 1402
f 2688 2689 1400
f 1402 2688 1400
f 2689 2676 1398
f 1400 2689 1398
f 2676 2677 1396
f 1398 2676 1396
f 2677 2678 1395
f 1396 2677 1395
f 2678 2680 1397
f 1395 2678 1397
f 2680 2679 1399
f 1397 2680 1399
f 1399 2679 1401
f 2679 2682 1401
f 1401 2682 1404
f 2682 2681 1404
f 1404 2681 1407
f 2681 2684 1407
f 1407 2684 1410
f 2684 2683 1410
f 2683 2691 1414
f 1410 2683 1414
f 2691 2690 1419
f 1414 2691 1419
f 2690 2696 1421
f 1419 2690 1421
f 2696 2697 1425
f 1421 2696 1425
f 2697 2695 1429
f 1425 2697 1429
f 2695 2701 1433
f 1429 2695 1433
f 2701 2700 1437
f 1433 2701 1437
f 2700 2705 1440
f 1437 2700 1440
f 2705 2704 1445
f 1440 2705 1445
f 2704 2710 1447
f 1445 2704 1447
f 2710 2709 1452
f 1447 2710 1452
f 2709 2714 1458
f 1452 2709 1458
f 2714 2715 1461
f 1458 2714 1461
f 2715 2713 1465
f 1461 2715 1465
f 2713 2719 1470
f 1465 2713 1470
f 2719 2718 1472
f 1470 2719 1472
f 2718 2723 1476
f 1472 2718 1476
f 2723 2722 1480
f 1476 2723 1480
f 2722 2724 1543
f 1480 2722 1543
f 2724 2732 1547
f 1543 2724 1547
f 1547 2732 1550
f 2732 2733 1550
f 1550 2733 1554
f 2733 2734 1554
f 1554 2734 1558
f 2734 2731 1558
f 1558 2731 1561
f 2731 2736 1561
f 1561 2736 1565
f 2736 2741 1565
f 1565 2741 1568
f 2741 2742 1568
f 1568 2742 1578
f 2742 2740 1578
f 1578 2740 1581
f 2740 2745 1581
f 1581 2745 1582
f 2745 2744 1582
f 1582 2744 1586
f 2744 2748 1586
f 1586 2748 1589
f 2748 2752 1589
f 1589 2752 1593
f 2752 2751 1593
f 1593 2751 1600
f 2751 2754 1600
f 2754 2753 1603
f 1600 2754 1603
f 2753 2760 1607
f 1603 2753 1607
f 2760 2761 1610
f 1607 2760 1610
f 2761 2759 1620
f 1610 2761 1620
f 2759 2767 1621
f 1620 2759 1621
f 2767 2768 1624
f 1621 2767 1624
f 2768 2766 1628
f 1624 2768 1628
f 2766 2771 1632
f 1628 2766 1632
f 1510 1506 2802
f 1506 1498 2802
f 1498 1496 2802
f 1496 1492 2802
f 1492 1484 2802
f 1484 1479 2802
f 1479 1469 2802
f 1469 1457 2802
f 1457 1443 2802
f 1443 1427 2802
f 1427 1418 2802
f 1418 1392 2802
f 1392 1385 2802
f 1385 1378 2802
f 1378 1373 2802
f 1373 1366 2802
f 1366 1359 2803
f 2802 1366 2803
f 1359 1355 2803
f 1355 1347 2803
f 1347 1337 2803
f 1337 1333 2803
f 1333 1290 2803
f 1290 1285 2803
f 1285 1274 2803
f 1274 1269 2803
f 1269 1264 2803
f 1264 1258 2803
f 1258 1248 2803
f 1248 1242 2803
f 1242 1235 2803
f 1235 1228 2803
f 1228 1222 2803
f 2803 1222 2815
f 1222 1215 2815
f 1215 1207 2815
f 1207 1200 2815
f 1200 1194 2815
f 1194 1186 2815
f 1186 1178 2815
f 1178 1167 2815
f 1167 1158 2815
f 1158 1147 2815
f 1147 1139 2815
f 1139 1132 2815
f 1132 1124 2815
f 1124 1118 2815
f 1118 1111 2815
f 1111 1105 2815
f 1105 1109 2815
f 2815 1109 2814
f 1109 1114 2814
f 1114 1121 2814
f 1121 1128 2814
f 1128 1136 2814
f 1136 1143 2814
f 1143 1150 2814
f 1150 1163 2814
f 1163 1174 2814
f 1174 1183 2814
f 1183 1190 2814
f 1190 1196 2814
f 1196 1204 2814
f 1204 1211 2814
f 1211 1218 2814
f 1218 1224 2814
f 1224 1232 2814
f 1232 1238 2804
f 2814 1232 2804
f 1238 1245 2804
f 1245 1251 2804
f 1251 1261 2804
f 1261 1267 2804
f 1267 1271 2804
f 1271 1277 2804
f 1277 1288 2804
f 1288 1291 2804
f 1291 1422 2804
f 1422 1430 2804
f 1430 1434 2804
f 1434 1441 2804
f 1441 1448 2804
f 1448 1453 2804
f 1453 1462 2804
f 2804 1462 2805
f 1462 1466 2805
f 1466 1473 2805
f 1473 1481 2805
f 1481 1534 2805
f 1534 1529 2805
f 1529 1530 2805
f 1530 1536 2805
f 1536 1539 2805
f 1539 1545 2805
f 1545 1552 2805
f 1552 1556 2805
f 1556 1563 2805
f 1563 1576 2805
f 1576 1584 2805
f 1584 1591 2805
f 1591 1595 2805
f 2805 1595 2808
f 1595 1605 2808
f 1605 1612 2808
f 1612 1626 2808
f 1626 1630 2808
f 1630 1640 2808
f 1640 1647 2808
f 1647 1657 2808
f 1657 1664 2808
f 1664 1674 2808
f 1674 1678 2808
f 1678 1846 2808
f 1846 1853 2808
f 1853 1860 2808
f 1860 1863 2808
f 1863 1873 2808
f 1873 1877 2808
f 2808 1877 2806
f 1877 1884 2806
f 1884 1897 2806
f 1897 1900 2806
f 1900 1789 2806
f 1789 1787 2806
f 1787 1780 2806
f 1780 1777 2806
f 1777 1773 2806
f 1773 1769 2806
f 1769 1766 2806
f 1766 1761 2806
f 1761 1756 2806
f 1756 1512 2806
f 1512 1510 2806
f 2806 1510 2802
f 2807 2808 2806
f 2810 2807 2806
f 2808 2809 2805
f 2810 2806 2802
f 2809 2811 2805
f 2810 2802 2812
f 2805 2811 2804
f 2802 2803 2812
f 2814 2804 2811
f 2803 2815 2813
f 2815 2814 2816
f 2816 2811 474
f 474 2811 473
f 473 2811 472
f 472 2811 470
f 470 2811 469
f 469 2811 468
f 468 2811 467
f 467 2811 466
f 466 2811 462
f 462 2811 461
f 461 2811 460
f 460 2811 459
f 459 2811 458
f 458 2811 454
f 454 2811 443
f 443 2811 417
f 2811 2809 417
f 417 2809 400
f 2809 2808 400
f 2808 2807 400
f 400 2807 358
f 358 2807 350
f 350 2807 343
f 343 2807 346
f 346 2807 354
f 354 2807 361
f 361 2807 363
f 363 2807 366
f 366 2807 370
f 370 2807 378
f 378 2807 385
f 385 2807 391
f 391 2807 397
f 397 2807 399
f 2807 2810 2812
f 399 2807 2812
f 2803 2813 2812
f 2812 2813 464
f 464 2813 514
f 514 2813 517
f 517 2813 521
f 521 2813 525
f 525 2813 530
f 530 2813 533
f 533 2813 538
f 538 2813 541
f 541 2813 545
f 545 2813 549
f 549 2813 553
f 553 2813 556
f 556 2813 2816
f 2813 2815 2816
f 2814 2811 2816
f 1365 1369 2817
f 2818 1365 2817
f 1369 1372 2819
f 2817 1369 2819
f 1372 1377 2820
f 2819 1372 2820
f 1377 1381 2821
f 2820 1377 2821
f 1381 1384 2822
f 2821 1381 2822
f 1384 1388 2823
f 2822 1384 2823
f 1388 1391 2824
f 2823 1388 2824
f 1391 1403 2825
f 2824 1391 2825
f 1403 1417 2826
f 2825 1403 2826
f 1417 1426 2827
f 2826 1417 2827
f 1426 1436 2828
f 2827 1426 2828
f 1436 1442 2829
f 2828 1436 2829
f 1442 1449 2830
f 2829 1442 2830
f 1449 1456 2831
f 2830 1449 2831
f 1456 1463 2832
f 2831 1456 2832
f 1463 1468 2833
f 2832 1463 2833
f 1468 1474 2834
f 2833 1468 2834
f 2834 1474 2835
f 1474 1478 2835
f 1478 1483 2836
f 2835 1478 2836
f 2836 1483 2837
f 1483 1486 2837
f 1486 1491 2838
f 2837 1486 2838
f 1491 1494 2839
f 2838 1491 2839
f 1494 1495 2840
f 2839 1494 2840
f 1497 1503 2841
f 1495 1497 2841
f 2840 1495 2841
f 1503 1505 2842
f 2841 1503 2842
f 1505 1508 2843
f 2842 1505 2843
f 2843 1508 2844
f 1508 1509 2844
f 2844 1509 2845
f 1509 1511 2845
f 2845 1511 2846
f 1511 1516 2846
f 2846 1516 2847
f 1516 1517 2847
f 2847 1517 2848
f 1517 1751 2848
f 2848 1751 2849
f 1751 1744 2849
f 2849 1744 2850
f 1744 1740 2850
f 2850 1740 2851
f 1740 1736 2851
f 2851 1736 2852
f 1736 1732 2852
f 2852 1732 2853
f 1732 1728 2853
f 2853 1728 2854
f 1728 1724 2854
f 2854 1724 2855
f 1724 1721 2855
f 1721 1714 2856
f 2855 1721 2856
f 1714 1710 2857
f 2856 1714 2857
f 1710 1706 2858
f 2857 1710 2858
f 1706 1702 2859
f 2858 1706 2859
f 1702 1698 2860
f 2859 1702 2860
f 2860 1698 2861
f 1698 1694 2861
f 2861 1694 2862
f 1694 1691 2862
f 2862 1691 2863
f 1691 1688 2863
f 2863 1688 2864
f 1688 1689 2864
f 2864 1689 2865
f 1689 1696 2865
f 2865 1696 2866
f 1696 1700 2866
f 2866 1700 2867
f 1700 1704 2867
f 2867 1704 2868
f 1704 1708 2868
f 2868 1708 2869
f 1708 1712 2869
f 2869 1712 2870
f 1712 1716 2870
f 2870 1716 2871
f 1716 1719 2871
f 2871 1719 2872
f 1719 1726 2872
f 2872 1726 2873
f 1726 1730 2873
f 2873 1730 2874
f 1730 1734 2874
f 2874 1734 2875
f 1734 1738 2875
f 1738 1742 2876
f 2875 1738 2876
f 1742 1670 2877
f 2876 1742 2877
f 2877 1670 2878
f 1670 1669 2878
f 1669 1668 2879
f 2878 1669 2879
f 2879 1668 2880
f 338 2864 2865
f 2864 338 2863
f 338 2865 2866
f 2863 338 2862
f 338 2866 2867
f 2881 338 2867
f 2862 338 2861
f 2881 2867 2868
f 2861 338 2860
f 2881 2868 2869
f 2860 338 2859
f 338 341 2859
f 2881 2869 2870
f 2859 341 2858
f 2881 2870 2871
f 2858 341 2857
f 2881 2871 2872
f 2857 341 2856
f 2881 2872 2873
f 2856 341 2855
f 2881 2873 2874
f 2855 341 2854
f 2885 2881 2875
f 2881 2874 2875
f 2854 341 2853
f 2885 2875 2876
f 2853 341 2852
f 2885 2876 2877
f 2852 341 2851
f 341 2882 2851
f 2885 2877 2878
f 2851 2882 2850
f 2885 2878 2879
f 2850 2882 2849
f 2885 2879 2880
f 2849 2882 2848
f 2885 2880 2883
f 2848 2882 2847
f 2885 2883 2884
f 2847 2882 2846
f 2885 2884 2886
f 2894 2885 2886
f 2846 2882 2845
f 2894 2886 2887
f 2845 2882 2844
f 2894 2887 2888
f 2844 2882 2843
f 2882 402 2843
f 2894 2888 2889
f 2843 402 2842
f 2894 2889 2890
f 2842 402 2841
f 2894 2890 2891
f 2841 402 2840
f 2894 2891 2892
f 2840 402 2839
f 2894 2892 2893
f 2839 402 2838
f 2894 2893 2895
f 2904 2894 2895
f 2838 402 2837
f 2904 2895 2896
f 2837 402 2836
f 2904 2896 2897
f 402 2898 2835
f 2836 402 2835
f 2904 2897 2899
f 2835 2898 2834
f 2904 2899 2900
f 2834 2898 2833
f 2900 2901 2904
f 2833 2898 2832
f 2832 2898 2831
f 2901 2902 2904
f 2831 2898 2830
f 2902 2903 2904
f 2829 2830 2898
f 2903 2905 2904
f 2828 2829 2898
f 2905 2906 2914
f 2904 2905 2914
f 2827 2828 2898
f 2906 2907 2914
f 2826 2827 2908
f 2827 2898 2908
f 2907 2909 2914
f 2825 2826 2908
f 2909 2910 2914
f 2824 2825 2908
f 2910 2911 2914
f 2823 2824 2908
f 2911 2912 2914
f 2822 2823 2908
f 2912 2913 2914
f 2821 2822 2908
f 2913 2915 2914
f 2820 2821 2908
f 2914 2915 401
f 2915 2916 401
f 2819 2820 2908
f 2916 2917 401
f 2817 2819 447
f 2819 2908 447
f 2917 2918 401
f 2818 2817 447
f 2918 2919 401
f 2920 2818 447
f 2919 2921 401
f 2922 2920 447
f 2921 2923 401
f 2924 2922 447
f 2923 2925 401
f 2926 2924 447
f 2925 2927 401
f 2928 2926 447
f 2927 2929 463
f 401 2927 463
f 2930 2928 447
f 2929 2931 463
f 2930 447 2932
f 2933 2930 2932
f 2931 2934 463
f 2935 2933 2932
f 463 2934 2936
f 2937 2935 2932
f 2936 2938 504
f 2939 2937 2932
f 2938 2940 504
f 2941 2939 2932
f 2940 2942 504
f 2943 2941 2932
f 2942 2944 504
f 2945 2943 2932
f 2944 2946 504
f 2947 2945 2932
f 2946 2948 504
f 2949 2947 2932
f 2948 2950 504
f 2951 2949 2932
f 2951 2932 504
f 2950 2951 504
f 465 2932 447
f 508 2932 465
f 510 2932 508
f 527 2932 510
f 527 504 2932
f 486 504 491
f 483 504 486
f 483 2936 504
f 483 463 2936
f 477 463 483
f 475 463 477
f 481 463 475
f 340 2914 401
f 340 2904 2914
f 340 2894 2904
f 340 2885 2894
f 340 2881 2885
f 340 338 2881
f 336 338 340
f 333 338 336
f 374 2882 341
f 381 2882 374
f 388 2882 381
f 402 2882 388
f 402 2908 2898
f 447 2908 402
f 1668 1636 2880
f 1636 1635 2883
f 2880 1636 2883
f 1635 1634 2884
f 2883 1635 2884
f 1634 1598 2886
f 2884 1634 2886
f 1598 1597 2887
f 2886 1598 2887
f 1597 1596 2888
f 2887 1597 2888
f 1596 1527 2889
f 2888 1596 2889
f 1527 1526 2890
f 2889 1527 2890
f 1526 1525 2891
f 2890 1526 2891
f 1525 1524 2892
f 2891 1525 2892
f 1524 1515 2893
f 2892 1524 2893
f 1515 1514 2895
f 2893 1515 2895
f 1514 1513 2896
f 2895 1514 2896
f 1513 1490 2897
f 2896 1513 2897
f 1490 1489 2899
f 2897 1490 2899
f 1489 1488 2900
f 2899 1489 2900
f 1488 1460 2901
f 2900 1488 2901
f 2901 1460 2902
f 1460 1454 2902
f 2902 1454 2903
f 1454 1451 2903
f 2903 1451 2905
f 1451 1439 2905
f 1439 1432 2906
f 2905 1439 2906
f 1432 1423 2907
f 2906 1432 2907
f 1423 1412 2909
f 2907 1423 2909
f 1412 1393 2910
f 2909 1412 2910
f 1393 1389 2911
f 2910 1393 2911
f 1389 1386 2912
f 2911 1389 2912
f 1386 1382 2913
f 2912 1386 2913
f 1382 1379 2915
f 2913 1382 2915
f 2915 1379 2916
f 1379 1374 2916
f 2916 1374 2917
f 1374 1370 2917
f 2917 1370 2918
f 1370 1367 2918
f 2918 1367 2919
f 1367 1363 2919
f 2919 1363 2921
f 1363 1360 2921
f 2921 1360 2923
f 1360 1356 2923
f 2923 1356 2925
f 1356 1352 2925
f 2925 1352 2927
f 1352 1348 2927
f 2927 1348 2929
f 1348 1341 2929
f 2929 1341 2931
f 1341 1338 2931
f 2931 1338 2934
f 1338 1334 2934
f 2934 1334 2936
f 1334 1330 2938
f 2936 1334 2938
f 1330 1327 2940
f 2938 1330 2940
f 1327 1324 2942
f 2940 1327 2942
f 2942 1324 2944
f 1324 1320 2944
f 2944 1320 2946
f 1320 1315 2946
f 2946 1315 2948
f 1315 1311 2948
f 2948 1311 2950
f 1311 1307 2950
f 2950 1307 2951
f 1307 1302 2951
f 2951 1302 2949
f 1302 1305 2949
f 2949 1305 2947
f 1305 1309 2947
f 2947 1309 2945
f 1309 1313 2945
f 2945 1313 2943
f 1313 1318 2943
f 2943 1318 2941
f 1318 1322 2941
f 2941 1322 2939
f 1322 1326 2939
f 2939 1326 2937
f 1326 1329 2937
f 2937 1329 2935
f 1329 1332 2935
f 2935 1332 2933
f 1332 1336 2933
f 2933 1336 2930
f 1336 1340 2930
f 2930 1340 2928
f 1340 1346 2928
f 2928 1346 2926
f 1346 1351 2926
f 1351 1354 2924
f 2926 1351 2924
f 1354 1358 2922
f 2924 1354 2922
f 1358 1362 2920
f 2922 1358 2920
f 1362 1365 2818
f 2920 1362 2818
f 916 923 2952
f 2953 916 2952
f 923 930 2954
f 2952 923 2954
f 930 947 2955
f 2954 930 2955
f 947 950 2956
f 2955 947 2956
f 950 955 2957
f 2956 950 2957
f 955 960 2958
f 2957 955 2958
f 960 965 2959
f 2958 960 2959
f 965 968 2960
f 2959 965 2960
f 968 977 2961
f 2960 968 2961
f 977 982 2962
f 2961 977 2962
f 982 985 2963
f 2962 982 2963
f 985 990 2964
f 2963 985 2964
f 990 996 2965
f 2964 990 2965
f 996 1001 2966
f 2965 996 2966
f 1001 1007 2967
f 2966 1001 2967
f 1007 1013 2968
f 2967 1007 2968
f 1013 1018 2969
f 2968 1013 2969
f 2969 1018 2970
f 1018 1023 2970
f 1023 1029 2971
f 2970 1023 2971
f 2971 1029 2972
f 1029 1034 2972
f 1034 1039 2973
f 2972 1034 2973
f 1039 1044 2974
f 2973 1039 2974
f 1044 1048 2975
f 2974 1044 2975
f 1051 1055 2976
f 1048 1051 2976
f 2975 1048 2976
f 1055 1058 2977
f 2976 1055 2977
f 1058 1061 2978
f 2977 1058 2978
f 2978 1061 2979
f 1061 1063 2979
f 2979 1063 2980
f 1063 1065 2980
f 2980 1065 2981
f 1065 1067 2981
f 2981 1067 2982
f 1067 1069 2982
f 2982 1069 2983
f 1069 1071 2983
f 2983 1071 2984
f 1071 1233 2984
f 2984 1233 2985
f 1233 1225 2985
f 2985 1225 2986
f 1225 1220 2986
f 2986 1220 2987
f 1220 1219 2987
f 2987 1219 2988
f 1219 1213 2988
f 2988 1213 2989
f 1213 1212 2989
f 2989 1212 2990
f 1212 1205 2990
f 1205 1198 2991
f 2990 1205 2991
f 1198 1197 2992
f 2991 1198 2992
f 1197 1192 2993
f 2992 1197 2993
f 1192 1191 2994
f 2993 1192 2994
f 1191 1184 2995
f 2994 1191 2995
f 2995 1184 2996
f 1184 1176 2996
f 2996 1176 2997
f 1176 1175 2997
f 2997 1175 2998
f 1175 1165 2998
f 2998 1165 2999
f 1165 1164 2999
f 2999 1164 3000
f 1164 1152 3000
f 3000 1152 3001
f 1152 1151 3001
f 3001 1151 3002
f 1151 1145 3002
f 3002 1145 3003
f 1145 1144 3003
f 3003 1144 3004
f 1144 1137 3004
f 3004 1137 3005
f 1137 1130 3005
f 3005 1130 3006
f 1130 1129 3006
f 3006 1129 3007
f 1129 1123 3007
f 3007 1123 3008
f 1123 1122 3008
f 3008 1122 3009
f 1122 1116 3009
f 3009 1116 3010
f 1116 1115 3010
f 1115 1110 3011
f 3010 1115 3011
f 1110 1108 3012
f 3011 1110 3012
f 3012 1108 3013
f 1108 1106 3013
f 1106 1107 3014
f 3013 1106 3014
f 3014 1107 3015
f 3016 2999 3000
f 2999 3016 2998
f 3016 3000 3001
f 2998 3016 2997
f 3016 3001 3002
f 2816 3016 3002
f 2997 3016 2996
f 2816 3002 3003
f 2996 3016 2995
f 2816 3003 3004
f 2995 3016 2994
f 3016 3017 2994
f 2816 3004 3005
f 2994 3017 2993
f 2816 3005 3006
f 2993 3017 2992
f 2816 3006 3007
f 2992 3017 2991
f 2816 3007 3008
f 2991 3017 2990
f 2816 3008 3009
f 2990 3017 2989
f 3019 2816 3010
f 2816 3009 3010
f 2989 3017 2988
f 3019 3010 3011
f 2988 3017 2987
f 3019 3011 3012
f 2987 3017 2986
f 3017 557 2986
f 3019 3012 3013
f 2986 557 2985
f 3019 3013 3014
f 2985 557 2984
f 3019 3014 3015
f 2984 557 2983
f 3019 3015 3018
f 2983 557 2982
f 3019 3018 3020
f 2982 557 2981
f 559 3019 3021
f 3019 3020 3021
f 2981 557 2980
f 559 3021 3022
f 2980 557 2979
f 559 3022 3023
f 2979 557 2978
f 557 3024 2978
f 559 3023 3025
f 2978 3024 2977
f 559 3025 3026
f 2977 3024 2976
f 559 3026 3027
f 2976 3024 2975
f 559 3027 3028
f 2975 3024 2974
f 559 3028 3029
f 2974 3024 2973
f 568 559 3030
f 559 3029 3030
f 2973 3024 2972
f 568 3030 3031
f 2972 3024 2971
f 568 3031 3032
f 3024 3033 2970
f 2971 3024 2970
f 568 3032 3034
f 2970 3033 2969
f 568 3034 3035
f 2969 3033 2968
f 3035 3036 568
f 2968 3033 2967
f 2967 3033 2966
f 3036 3037 568
f 2966 3033 2965
f 3037 3038 568
f 2964 2965 3033
f 3038 3039 568
f 2963 2964 3033
f 3039 3040 578
f 568 3039 578
f 2962 2963 3033
f 3040 3041 578
f 2962 3033 603
f 2961 2962 603
f 3041 3042 578
f 2960 2961 603
f 3042 3043 578
f 2959 2960 603
f 3043 3044 578
f 2958 2959 603
f 3044 3045 578
f 2957 2958 603
f 3045 3046 578
f 2956 2957 603
f 3046 3047 578
f 2955 2956 603
f 3047 3048 3059
f 578 3047 3059
f 2954 2955 603
f 3048 3049 3059
f 2952 2954 622
f 2954 603 622
f 3049 3050 3059
f 2953 2952 622
f 3050 3051 3059
f 3052 2953 622
f 3051 3053 3059
f 3054 3052 622
f 3053 3055 3059
f 3056 3054 622
f 3055 3057 3059
f 3058 3056 622
f 3057 3060 3059
f 3061 3058 622
f 3060 3062 3083
f 3059 3060 3083
f 3063 3061 622
f 3062 3064 3083
f 3063 622 3065
f 3066 3063 3065
f 3064 3067 3083
f 3068 3066 3065
f 3067 3069 3083
f 3070 3068 3065
f 3069 3071 3083
f 3072 3070 3065
f 3071 3073 3083
f 3074 3072 3065
f 3073 3075 3083
f 3076 3074 3065
f 3075 3077 3083
f 3078 3076 3065
f 3077 3079 3083
f 3080 3078 3065
f 3079 3081 3083
f 3082 3080 3083
f 3080 3065 3083
f 3081 3084 3083
f 3085 3082 3083
f 3084 3085 3083
f 668 3065 622
f 668 3083 3065
f 590 578 3059
f 587 578 590
f 584 578 587
f 581 578 584
f 565 559 568
f 562 559 565
f 560 559 562
f 2816 3019 559
f 2816 3017 3016
f 535 557 3017
f 536 557 535
f 537 557 536
f 569 3024 567
f 569 3033 3024
f 571 3033 569
f 572 3033 571
f 573 3033 572
f 603 3033 573
f 1107 1112 3015
f 1112 1113 3018
f 3015 1112 3018
f 1113 1119 3020
f 3018 1113 3020
f 1119 1125 3021
f 3020 1119 3021
f 1125 1126 3022
f 3021 1125 3022
f 1126 1133 3023
f 3022 1126 3023
f 1133 1134 3025
f 3023 1133 3025
f 1134 1140 3026
f 3025 1134 3026
f 1140 1148 3027
f 3026 1140 3027
f 1148 1042 3028
f 3027 1148 3028
f 1042 1036 3029
f 3028 1042 3029
f 1036 1031 3030
f 3029 1036 3030
f 1031 1025 3031
f 3030 1031 3031
f 1025 1020 3032
f 3031 1025 3032
f 1020 1014 3034
f 3032 1020 3034
f 1014 1009 3035
f 3034 1014 3035
f 1009 1003 3036
f 3035 1009 3036
f 3036 1003 3037
f 1003 998 3037
f 3037 998 3038
f 998 991 3038
f 3038 991 3039
f 991 986 3039
f 986 979 3040
f 3039 986 3040
f 979 973 3041
f 3040 979 3041
f 973 969 3042
f 3041 973 3042
f 969 962 3043
f 3042 969 3043
f 962 956 3044
f 3043 962 3044
f 956 951 3045
f 3044 956 3045
f 951 943 3046
f 3045 951 3046
f 943 938 3047
f 3046 943 3047
f 3047 938 3048
f 938 932 3048
f 3048 932 3049
f 932 926 3049
f 3049 926 3050
f 926 919 3050
f 3050 919 3051
f 919 911 3051
f 3051 911 3053
f 911 901 3053
f 3053 901 3055
f 901 891 3055
f 3055 891 3057
f 891 888 3057
f 3057 888 3060
f 888 885 3060
f 3060 885 3062
f 885 882 3062
f 3062 882 3064
f 882 879 3064
f 3064 879 3067
f 879 876 3067
f 3067 876 3069
f 876 873 3071
f 3069 876 3071
f 873 871 3073
f 3071 873 3073
f 871 869 3075
f 3073 871 3075
f 3075 869 3077
f 869 867 3077
f 3077 867 3079
f 867 864 3079
f 3079 864 3081
f 864 862 3081
f 3081 862 3084
f 862 860 3084
f 3084 860 3085
f 860 859 3085
f 3085 859 3082
f 859 858 3082
f 3082 858 3080
f 858 861 3080
f 3080 861 3078
f 861 863 3078
f 3078 863 3076
f 863 866 3076
f 3076 866 3074
f 866 868 3074
f 3074 868 3072
f 868 870 3072
f 3072 870 3070
f 870 872 3070
f 3070 872 3068
f 872 875 3068
f 3068 875 3066
f 875 878 3066
f 3066 878 3063
f 878 881 3063
f 3063 881 3061
f 881 884 3061
f 3061 884 3058
f 884 887 3058
f 887 890 3056
f 3058 887 3056
f 890 894 3054
f 3056 890 3054
f 894 907 3052
f 3054 894 3052
f 907 916 2953
f 3052 907 2953
f 1588 1592 3086
f 3087 1588 3086
f 1592 1599 3088
f 3086 1592 3088
f 1599 1602 3089
f 3088 1599 3089
f 1602 1606 3090
f 3089 1602 3090
f 1606 1609 3091
f 3090 1606 3091
f 1609 1619 3092
f 3091 1609 3092
f 1619 1623 3093
f 3092 1619 3093
f 1623 1627 3094
f 3093 1623 3094
f 1627 1631 3095
f 3094 1627 3095
f 1631 1637 3096
f 3095 1631 3096
f 1637 1641 3097
f 3096 1637 3097
f 1641 1644 3098
f 3097 1641 3098
f 1644 1648 3099
f 3098 1644 3099
f 1648 1658 3100
f 3099 1648 3100
f 1658 1661 3101
f 3100 1658 3101
f 1661 1665 3102
f 3101 1661 3102
f 1665 1671 3103
f 3102 1665 3103
f 3103 1671 3104
f 1671 1675 3104
f 1675 1679 3105
f 3104 1675 3105
f 3105 1679 3106
f 1679 1794 3106
f 1794 1792 3107
f 3106 1794 3107
f 1792 1793 3108
f 3107 1792 3108
f 1793 1802 3109
f 3108 1793 3109
f 1802 1800 3110
f 3109 1802 3110
f 1800 1801 3111
f 3110 1800 3111
f 1801 1811 3112
f 3111 1801 3112
f 1811 1809 3113
f 3112 1811 3113
f 3113 1809 3114
f 1809 1810 3114
f 3114 1810 3115
f 1810 1869 3115
f 3115 1869 3116
f 1869 1867 3116
f 3116 1867 3117
f 1867 1868 3117
f 3117 1868 3118
f 1868 1909 3118
f 3118 1909 3119
f 1909 1908 3119
f 3119 1908 3120
f 1908 1906 3120
f 3120 1906 3121
f 1906 1907 3121
f 3121 1907 3122
f 1907 1938 3122
f 3122 1938 3123
f 1938 1936 3123
f 3123 1936 3124
f 1936 1937 3124
f 1937 1947 3125
f 3124 1937 3125
f 1947 1945 3126
f 3125 1947 3126
f 1945 1946 3127
f 3126 1945 3127
f 1946 1954 3128
f 3127 1946 3128
f 3128 1954 3129
f 1954 1953 3129
f 3129 1953 3130
f 1953 1930 3130
f 3130 1930 3131
f 1930 1920 3131
f 3131 1920 3132
f 1920 1916 3132
f 3132 1916 3133
f 1916 1912 3133
f 3133 1912 3134
f 1912 1905 3134
f 3134 1905 3135
f 1905 1902 3135
f 3135 1902 3136
f 1902 1895 3136
f 3136 1895 3137
f 1895 1886 3137
f 3137 1886 3138
f 1886 1882 3138
f 3138 1882 3139
f 1882 1879 3139
f 3139 1879 3140
f 1879 1875 3140
f 3140 1875 3141
f 1875 1871 3141
f 3141 1871 3142
f 1871 1865 3142
f 3142 1865 3143
f 1865 1858 3143
f 3143 1858 3144
f 1858 1855 3144
f 1855 1851 3145
f 3144 1855 3145
f 1851 1848 3146
f 3145 1851 3146
f 1848 1844 3147
f 3146 1848 3147
f 1844 1835 3148
f 3147 1844 3148
f 1835 1831 3149
f 3148 1835 3149
f 300 3133 3134
f 3133 300 3132
f 300 3134 3135
f 3132 300 3131
f 300 3135 3136
f 301 300 3136
f 3131 300 3130
f 301 3136 3137
f 3130 300 3129
f 301 3137 3138
f 3129 300 3128
f 300 311 3128
f 301 3138 3139
f 3128 311 3127
f 301 3139 3140
f 3127 311 3126
f 301 3140 3141
f 3126 311 3125
f 301 3141 3142
f 3125 311 3124
f 301 3142 3143
f 3124 311 3123
f 3153 301 3144
f 301 3143 3144
f 3123 311 3122
f 3153 3144 3145
f 3122 311 3121
f 3153 3145 3146
f 3121 311 3120
f 311 3150 3120
f 3153 3146 3147
f 3120 3150 3119
f 3153 3147 3148
f 3119 3150 3118
f 3153 3148 3149
f 3118 3150 3117
f 3153 3149 3151
f 3117 3150 3116
f 3153 3151 3152
f 3116 3150 3115
f 323 3153 3154
f 3153 3152 3154
f 3115 3150 3114
f 323 3154 3155
f 3114 3150 3113
f 323 3155 3156
f 3113 3150 3112
f 3150 3157 3112
f 323 3156 3158
f 3112 3157 3111
f 323 3158 3159
f 3111 3157 3110
f 323 3159 3160
f 3110 3157 3109
f 323 3160 3161
f 3109 3157 3108
f 323 3161 3162
f 3108 3157 3107
f 323 3162 3163
f 359 323 3163
f 3107 3157 3106
f 359 3163 3164
f 3106 3157 3105
f 359 3164 3165
f 3157 3166 3104
f 3105 3157 3104
f 359 3165 3167
f 3104 3166 3103
f 359 3167 3168
f 3103 3166 3102
f 3168 3169 359
f 3102 3166 3101
f 3101 3166 3100
f 3169 3170 359
f 3100 3166 3099
f 3170 3171 359
f 3098 3099 3166
f 3171 3172 359
f 3097 3098 3166
f 3172 3173 394
f 359 3172 394
f 3096 3097 3166
f 3173 3174 394
f 3096 3166 372
f 3095 3096 372
f 3174 3175 394
f 3094 3095 372
f 3175 3176 394
f 3093 3094 372
f 3176 3177 394
f 3092 3093 372
f 3177 3178 394
f 3091 3092 372
f 3178 3179 394
f 3090 3091 372
f 3179 3180 394
f 3089 3090 372
f 394 3180 3192
f 3180 3181 3192
f 3088 3089 372
f 3181 3182 3192
f 3086 3088 419
f 3088 372 419
f 3182 3183 3192
f 3087 3086 419
f 3183 3184 3192
f 3185 3087 419
f 3184 3186 3192
f 3187 3185 419
f 3186 3188 3192
f 3189 3187 419
f 3188 3190 3192
f 3191 3189 419
f 3190 3193 3192
f 3194 3191 419
f 3193 3195 3215
f 3192 3193 3215
f 3196 3194 419
f 3195 3197 3215
f 3196 419 448
f 3198 3196 448
f 3197 3199 3215
f 3200 3198 448
f 3199 3201 3215
f 3202 3200 448
f 3201 3203 3215
f 3204 3202 448
f 3203 3205 3215
f 3206 3204 448
f 3205 3207 3215
f 3208 3206 448
f 3207 3209 3215
f 3210 3208 448
f 3209 3211 3215
f 3212 3210 448
f 3211 3213 3215
f 3214 3212 3215
f 3212 448 3215
f 3213 3216 3215
f 3217 3214 3215
f 3216 3217 3215
f 444 448 449
f 417 448 444
f 417 3215 448
f 417 3192 3215
f 394 3192 417
f 330 323 359
f 327 323 330
f 324 323 327
f 314 3153 317
f 312 3153 314
f 308 3153 312
f 305 3153 308
f 305 301 3153
f 302 301 305
f 639 3150 311
f 639 3157 3150
f 639 3166 3157
f 372 3166 639
f 1831 1827 3151
f 3149 1831 3151
f 1827 1820 3152
f 3151 1827 3152
f 1820 1816 3154
f 3152 1820 3154
f 1816 1813 3155
f 3154 1816 3155
f 1813 1814 3156
f 3155 1813 3156
f 1814 1818 3158
f 3156 1814 3158
f 1818 1822 3159
f 3158 1818 3159
f 1822 1825 3160
f 3159 1822 3160
f 1825 1829 3161
f 3160 1825 3161
f 1829 1833 3162
f 3161 1829 3162
f 1833 1686 3163
f 3162 1833 3163
f 1686 1681 3164
f 3163 1686 3164
f 1681 1677 3165
f 3164 1681 3165
f 1677 1673 3167
f 3165 1677 3167
f 1673 1667 3168
f 3167 1673 3168
f 1667 1663 3169
f 3168 1667 3169
f 1663 1660 3170
f 3169 1663 3170
f 3170 1660 3171
f 1660 1656 3171
f 1656 1646 3172
f 3171 1656 3172
f 1646 1643 3173
f 3172 1646 3173
f 1643 1639 3174
f 3173 1643 3174
f 1639 1633 3175
f 3174 1639 3175
f 1633 1629 3176
f 3175 1633 3176
f 1629 1625 3177
f 3176 1629 3177
f 1625 1622 3178
f 3177 1625 3178
f 1622 1611 3179
f 3178 1622 3179
f 1611 1608 3180
f 3179 1611 3180
f 1608 1604 3181
f 3180 1608 3181
f 3181 1604 3182
f 1604 1601 3182
f 3182 1601 3183
f 1601 1594 3183
f 3183 1594 3184
f 1594 1590 3184
f 3184 1590 3186
f 1590 1587 3186
f 3186 1587 3188
f 1587 1583 3188
f 3188 1583 3190
f 1583 1579 3190
f 3190 1579 3193
f 1579 1575 3193
f 3193 1575 3195
f 1575 1566 3195
f 3195 1566 3197
f 1566 1562 3197
f 3197 1562 3199
f 1562 1559 3199
f 1559 1555 3201
f 3199 1559 3201
f 1555 1551 3203
f 3201 1555 3203
f 1551 1548 3205
f 3203 1551 3205
f 1548 1544 3207
f 3205 1548 3207
f 3207 1544 3209
f 1544 1541 3209
f 3209 1541 3211
f 1541 1538 3211
f 3211 1538 3213
f 1538 1535 3213
f 3213 1535 3216
f 1535 1532 3216
f 3216 1532 3217
f 1532 1528 3217
f 3217 1528 3214
f 1528 1531 3214
f 3214 1531 3212
f 1531 1533 3212
f 3212 1533 3210
f 1533 1537 3210
f 3210 1537 3208
f 1537 1540 3208
f 3208 1540 3206
f 1540 1542 3206
f 3206 1542 3204
f 1542 1546 3204
f 3204 1546 3202
f 1546 1549 3202
f 3202 1549 3200
f 1549 1553 3200
f 3200 1553 3198
f 1553 1557 3198
f 3198 1557 3196
f 1557 1560 3196
f 3196 1560 3194
f 1560 1564 3194
f 3194 1564 3191
f 1564 1567 3191
f 1567 1577 3189
f 3191 1567 3189
f 1577 1580 3187
f 3189 1577 3187
f 1580 1585 3185
f 3187 1580 3185
f 1585 1588 3087
f 3185 1585 3087
f 3219 3220 493
f 503 3221 505
f 502 3222 3221
f 502 3221 503
f 501 3223 3222
f 501 3222 502
f 500 3224 3223
f 500 3223 501
f 498 3225 3224
f 498 3224 500
f 497 3226 3225
f 497 3225 498
f 496 3227 3226
f 496 3226 497
f 495 3228 3227
f 495 3227 496
f 492 3229 3228
f 492 3228 495
f 489 3230 3229
f 489 3229 492
f 487 3231 3230
f 487 3230 489
f 484 3231 487
f 484 3232 3231
f 480 3232 484
f 480 3233 3232
f 478 3233 480
f 478 3234 3233
f 476 3235 3234
f 476 3234 478
f 479 3235 476
f 479 3236 3235
f 482 3237 3236
f 482 3236 479
f 485 3238 3237
f 485 3237 482
f 488 3239 3238
f 488 3238 485
f 490 3240 3239
f 490 3239 488
f 493 3220 3240
f 493 3240 490
f 3229 3230 3220
f 3230 3231 3220
f 3231 3232 3220
f 3232 3233 3220
f 3233 3234 3220
f 3234 3235 3220
f 3235 3236 3220
f 3236 3237 3220
f 3237 3238 3220
f 3238 3239 3220
f 3239 3240 3220
f 3229 3220 3228
f 3228 3220 3227
f 3227 3220 3226
f 3226 3220 3225
f 3225 3220 3224
f 3224 3220 3223
f 3223 3220 3222
f 3222 3220 3221
f 3221 3220 505
f 3241 3243 3242
f 3243 3244 3242
f 3241 3242 3218
f 3245 3246 3218
f 3246 3241 3218
f 3242 3248 3247
f 3218 3242 3247
f 3247 3250 3249
f 3247 3249 3251
f 3218 3247 3251
f 3249 3252 3251
f 3251 3254 3253
f 3251 3253 3255
f 3218 3251 3256
f 3255 3257 3256
f 3251 3255 3256
f 3256 3259 3258
f 3256 3258 3260
f 3256 3260 3261
f 3219 3218 3261
f 3218 3256 3261
f 3219 3261 3262
f 3220 3219 505
f 3262 3264 3263
f 3264 3265 3263
f 3265 3266 3263
f 3266 3267 3263
f 3267 3268 3263
f 3268 3269 3263
f 3269 3270 3263
f 3270 3271 3263
f 3271 3272 3263
f 3272 3273 3263
f 3273 3274 3263
f 3274 3275 3263
f 3275 3276 3263
f 3276 3277 3263
f 3277 3278 3263
f 3278 3279 3263
f 3279 3280 3263
f 3262 3263 579
f 3219 3262 579
f 505 3219 644
f 3219 579 644
f 579 3282 3281
f 3282 3283 3281
f 3283 3284 3281
f 3284 3285 3281
f 3285 3286 3281
f 3286 3287 3281
f 3287 3288 3281
f 3288 3289 3281
f 3289 3290 3281
f 3290 3291 3281
f 3291 3292 3281
f 3292 3293 3281
f 3293 3294 3281
f 3294 3295 3281
f 3295 3296 3281
f 3296 3297 3281
f 644 579 3281
f 3297 3298 3281
f 3298 3299 3281
f 3299 3300 3281
f 3300 3301 3281
f 3301 3302 3281
f 3302 3303 3281
f 3303 3304 3281
f 3304 3305 3281
f 3305 3306 3281
f 3306 3308 3307
f 3281 3306 3307
f 3281 3307 3309
f 3310 3281 3311
f 3281 3309 3312
f 3311 3281 3313
f 3281 3312 3314
f 3313 3281 3315
f 3281 3314 3316
f 3315 3281 3317
f 3281 3316 3318
f 3317 3281 3319
f 3281 3318 3320
f 3319 3281 3321
f 3281 3320 3322
f 3321 3281 3323
f 3281 3322 3324
f 3323 3281 3325
f 3281 3324 3326
f 3325 3281 3326
f 3262 3261 539
f 540 3264 3262
f 540 3262 539
f 542 3265 3264
f 542 3264 540
f 543 3266 3265
f 543 3265 542
f 544 3267 3266
f 544 3266 543
f 546 3268 3267
f 546 3267 544
f 547 3269 3268
f 547 3268 546
f 548 3270 3269
f 548 3269 547
f 550 3271 3270
f 550 3270 548
f 551 3272 3271
f 551 3271 550
f 552 3272 551
f 552 3273 3272
f 552 3274 3273
f 554 3274 552
f 554 3275 3274
f 555 3275 554
f 555 3276 3275
f 558 3276 555
f 558 3277 3276
f 561 3277 558
f 561 3278 3277
f 564 3278 561
f 564 3279 3278
f 563 3279 564
f 563 3280 3279
f 566 3280 563
f 566 3263 3280
f 579 3263 566
f 580 3282 579
f 583 3283 3282
f 583 3282 580
f 585 3284 3283
f 585 3283 583
f 586 3285 3284
f 586 3284 585
f 588 3286 3285
f 588 3285 586
f 589 3287 3286
f 589 3286 588
f 591 3288 3287
f 591 3287 589
f 592 3289 3288
f 592 3288 591
f 637 3290 3289
f 637 3289 592
f 636 3291 3290
f 636 3290 637
f 634 3292 3291
f 634 3291 636
f 633 3293 3292
f 633 3292 634
f 632 3294 3293
f 632 3293 633
f 631 3295 3294
f 631 3294 632
f 629 3296 3295
f 629 3295 631
f 628 3297 3296
f 628 3296 629
f 627 3298 3297
f 627 3297 628
f 626 3299 3298
f 626 3298 627
f 625 3300 3299
f 625 3299 626
f 624 3301 3300
f 624 3302 3301
f 624 3300 625
f 621 3303 3302
f 621 3302 624
f 620 3304 3303
f 620 3303 621
f 619 3304 620
f 619 3305 3304
f 618 3305 619
f 618 3306 3305
f 617 3306 618
f 617 3308 3306
f 616 3308 617
f 616 3307 3308
f 615 3307 616
f 615 3309 3307
f 613 3309 615
f 613 3312 3309
f 612 3312 613
f 612 3314 3312
f 611 3314 612
f 611 3316 3314
f 610 3318 3316
f 610 3316 611
f 609 3320 3318
f 609 3318 610
f 608 3322 3320
f 608 3320 609
f 607 3324 3322
f 607 3322 608
f 606 3326 3324
f 606 3324 607
f 605 3325 3326
f 605 3326 606
f 598 3323 3325
f 598 3325 605
f 597 3321 3323
f 597 3323 598
f 596 3319 3321
f 596 3321 597
f 595 3317 3319
f 595 3319 596
f 593 3315 3317
f 593 3317 595
f 602 3313 3315
f 602 3315 593
f 601 3311 3313
f 601 3313 602
f 600 3310 3311
f 600 3311 601
f 599 3281 3310
f 599 3310 600
f 644 3281 599
f 512 3218 3219
f 512 3245 3218
f 509 3246 3245
f 509 3245 512
f 506 3241 3246
f 506 3246 509
f 507 3243 3241
f 507 3241 506
f 511 3244 3243
f 511 3243 507
f 513 3242 3244
f 513 3244 511
f 515 3248 3242
f 515 3247 3248
f 515 3242 513
f 516 3250 3247
f 516 3247 515
f 518 3249 3250
f 518 3250 516
f 519 3252 3249
f 519 3249 518
f 520 3251 3252
f 520 3252 519
f 522 3254 3251
f 522 3251 520
f 523 3254 522
f 523 3253 3254
f 524 3253 523
f 524 3255 3253
f 526 3255 524
f 526 3257 3255
f 528 3257 526
f 528 3256 3257
f 529 3256 528
f 529 3259 3256
f 531 3259 529
f 531 3258 3259
f 532 3258 531
f 532 3260 3258
f 534 3260 532
f 534 3261 3260
f 539 3261 534
f 78 27 446
f 410 28 69
f 408 29 28
f 408 28 410
f 406 30 29
f 406 29 408
f 404 31 30
f 404 30 406
f 407 32 31
f 407 31 404
f 409 33 32
f 409 32 407
f 411 34 33
f 411 33 409
f 412 35 34
f 412 34 411
f 413 36 35
f 413 35 412
f 414 37 36
f 414 36 413
f 416 38 37
f 416 37 414
f 418 39 38
f 418 38 416
f 420 39 418
f 420 40 39
f 421 40 420
f 421 41 40
f 422 41 421
f 422 42 41
f 423 42 422
f 423 43 42
f 424 43 423
f 424 44 43
f 426 44 424
f 426 45 44
f 427 45 426
f 427 46 45
f 428 46 427
f 428 47 46
f 429 47 428
f 429 48 47
f 430 49 48
f 430 48 429
f 431 50 49
f 431 49 430
f 432 51 50
f 432 50 431
f 433 52 51
f 433 51 432
f 434 53 52
f 434 52 433
f 436 54 53
f 436 53 434
f 437 55 54
f 437 54 436
f 438 56 55
f 438 55 437
f 439 57 56
f 439 56 438
f 440 58 57
f 440 57 439
f 441 59 58
f 441 58 440
f 442 60 59
f 442 59 441
f 445 61 60
f 445 60 442
f 446 61 445
f 446 27 61
f 457 67 26
f 457 26 25
f 456 68 67
f 456 67 457
f 455 63 68
f 455 68 456
f 453 62 63
f 453 64 62
f 453 63 455
f 452 65 64
f 452 64 453
f 451 66 65
f 451 65 452
f 450 69 66
f 450 66 451
f 410 69 450
f 3328 3401 322
f 326 3327 3328
f 326 3329 3327
f 325 3330 3329
f 325 3329 326
f 329 3331 3330
f 329 3330 325
f 328 3332 3331
f 328 3331 329
f 331 3333 3332
f 331 3332 328
f 353 3334 3333
f 353 3333 331
f 352 3335 3334
f 352 3334 353
f 351 3336 3335
f 351 3335 352
f 345 3337 3336
f 345 3338 3337
f 345 3336 351
f 344 3339 3338
f 344 3338 345
f 342 3340 3339
f 342 3339 344
f 349 3341 3340
f 349 3340 342
f 348 3341 349
f 348 3342 3341
f 347 3342 348
f 347 3343 3342
f 357 3343 347
f 357 3344 3343
f 356 3344 357
f 356 3345 3344
f 355 3345 356
f 355 3346 3345
f 362 3346 355
f 362 3347 3346
f 360 3347 362
f 360 3348 3347
f 364 3348 360
f 364 3349 3348
f 3350 3352 3351
f 3352 3353 3351
f 3351 3355 3354
f 3350 3351 3354
f 3354 3357 3356
f 3350 3354 3358
f 3354 3356 3358
f 3350 3358 3359
f 3350 3359 3360
f 3360 3362 3361
f 3350 3360 3363
f 3360 3361 3363
f 3350 3363 3364
f 3364 3366 3365
f 3365 3368 3367
f 3368 3369 3367
f 3367 3371 3370
f 3365 3367 3372
f 3367 3370 3372
f 3364 3365 3373
f 3365 3372 3373
f 3372 3374 3373
f 3374 3375 3373
f 3373 3377 3376
f 3373 3376 3378
f 3376 3379 3378
f 3378 3381 3380
f 3373 3378 3380
f 3364 3373 3382
f 3373 3380 3382
f 3364 3382 3383
f 3364 3383 3384
f 3364 3384 3385
f 3385 3387 3386
f 3387 3388 3386
f 3386 3390 3389
f 3350 3364 3389
f 3364 3385 3389
f 3385 3386 3389
f 3389 3392 3391
f 3392 3393 3391
f 3394 3396 3395
f 3391 3398 3397
f 3398 3394 3397
f 3394 3395 3397
f 3389 3391 3397
f 3389 3397 3399
f 3350 3389 3399
f 3350 3399 3400
f 3350 3400 3401
f 250 3350 3401
f 3402 3404 3403
f 3403 3404 3405
f 3405 3404 3406
f 3406 3404 3407
f 3407 3404 3408
f 3408 3404 3409
f 3409 3404 3410
f 3410 3404 3411
f 3411 3404 3412
f 3412 3404 3413
f 3413 3404 3414
f 3414 3404 3415
f 3415 3404 3416
f 3416 3404 3417
f 3417 3404 3418
f 3418 3404 3419
f 3419 3404 3420
f 3420 3404 3421
f 3421 3404 3422
f 3422 3404 3423
f 3423 3404 3424
f 3424 3404 3425
f 3425 3404 3426
f 3426 3404 3427
f 3427 3404 3428
f 3428 3404 3429
f 3429 3404 3430
f 3430 3404 3431
f 3431 3404 3432
f 250 3401 3328
f 3432 3404 3433
f 3433 3404 3434
f 3434 3404 3435
f 3435 3404 3436
f 3436 3404 3437
f 3437 3404 3438
f 3438 3404 3439
f 3439 3404 3440
f 3440 3404 3441
f 3441 3404 3442
f 3442 3404 3443
f 3443 3404 3444
f 3444 3404 339
f 3404 250 339
f 3327 3329 3332
f 3329 3330 3332
f 3330 3331 3332
f 250 3328 339
f 3332 3333 3334
f 3334 3335 3336
f 3327 3332 3336
f 3332 3334 3336
f 3336 3337 3338
f 3327 3336 3338
f 3327 3338 3340
f 3338 3339 3340
f 3327 3340 3341
f 3341 3342 3343
f 3327 3341 3343
f 3343 3344 3345
f 3327 3343 3345
f 3345 3346 3347
f 3345 3347 3348
f 3327 3345 3348
f 3328 3327 3349
f 3327 3348 3349
f 339 3328 3349
f 3445 3447 3446
f 3447 3448 3446
f 3449 3446 3450
f 3448 3451 3450
f 3446 3448 3450
f 3451 339 3452
f 339 3349 3452
f 3453 3455 3454
f 3450 3451 3456
f 3454 3455 3456
f 3457 3454 3456
f 3455 3450 3456
f 3452 3459 3458
f 3459 3460 3458
f 3460 3461 3458
f 3456 3451 3462
f 3463 3456 3462
f 3452 3458 3464
f 3458 3465 3464
f 3451 3452 3466
f 3452 3464 3466
f 3462 3451 3466
f 339 3451 368
f 335 3444 339
f 334 3444 335
f 334 3443 3444
f 332 3443 334
f 332 3442 3443
f 337 3442 332
f 337 3441 3442
f 299 3441 337
f 299 3440 3441
f 298 3440 299
f 298 3439 3440
f 297 3439 298
f 297 3438 3439
f 295 3438 297
f 295 3437 3438
f 294 3437 295
f 294 3436 3437
f 293 3436 294
f 293 3435 3436
f 292 3435 293
f 292 3434 3435
f 290 3433 3434
f 290 3434 292
f 289 3432 3433
f 289 3433 290
f 288 3431 3432
f 288 3432 289
f 287 3430 3431
f 287 3431 288
f 286 3429 3430
f 286 3430 287
f 285 3428 3429
f 285 3429 286
f 283 3427 3428
f 283 3428 285
f 282 3426 3427
f 282 3427 283
f 281 3425 3426
f 281 3426 282
f 280 3424 3425
f 280 3425 281
f 279 3423 3424
f 279 3424 280
f 278 3423 279
f 278 3422 3423
f 277 3422 278
f 277 3421 3422
f 276 3421 277
f 276 3420 3421
f 274 3420 276
f 274 3419 3420
f 273 3419 274
f 273 3418 3419
f 272 3418 273
f 272 3417 3418
f 271 3417 272
f 271 3416 3417
f 270 3416 271
f 270 3415 3416
f 269 3415 270
f 269 3414 3415
f 268 3414 269
f 268 3413 3414
f 268 3412 3413
f 267 3412 268
f 267 3411 3412
f 265 3411 267
f 265 3410 3411
f 264 3410 265
f 264 3409 3410
f 263 3409 264
f 263 3408 3409
f 262 3408 263
f 262 3407 3408
f 261 3407 262
f 261 3406 3407
f 260 3405 3406
f 260 3406 261
f 259 3403 3405
f 259 3405 260
f 258 3402 3403
f 258 3403 259
f 257 3404 3402
f 257 3402 258
f 250 3404 257
f 656 3350 250
f 210 3350 656
f 210 3352 3350
f 212 3353 3352
f 212 3352 210
f 213 3351 3353
f 213 3353 212
f 214 3355 3351
f 214 3351 213
f 215 3354 3355
f 215 3355 214
f 216 3357 3354
f 216 3354 215
f 217 3356 3357
f 217 3357 216
f 218 3358 3356
f 218 3356 217
f 219 3359 3358
f 219 3358 218
f 220 3360 3359
f 220 3359 219
f 222 3362 3360
f 222 3360 220
f 223 3361 3362
f 223 3362 222
f 224 3363 3361
f 224 3361 223
f 225 3364 3363
f 225 3363 224
f 226 3366 3364
f 226 3364 225
f 227 3365 3366
f 227 3366 226
f 228 3368 3365
f 228 3365 227
f 229 3369 3368
f 229 3368 228
f 230 3367 3369
f 230 3369 229
f 232 3371 3367
f 232 3367 230
f 233 3370 3371
f 233 3371 232
f 234 3372 3370
f 234 3370 233
f 235 3374 3372
f 235 3372 234
f 236 3375 3374
f 236 3374 235
f 237 3375 236
f 237 3373 3375
f 238 3373 237
f 238 3377 3373
f 240 3377 238
f 240 3376 3377
f 241 3376 240
f 241 3379 3376
f 242 3379 241
f 242 3378 3379
f 243 3378 242
f 243 3381 3378
f 244 3381 243
f 244 3380 3381
f 245 3380 244
f 245 3382 3380
f 247 3383 3382
f 247 3382 245
f 248 3384 3383
f 248 3383 247
f 249 3385 3384
f 249 3384 248
f 251 3387 3385
f 251 3385 249
f 253 3388 3387
f 253 3387 251
f 254 3386 3388
f 254 3388 253
f 255 3390 3386
f 255 3386 254
f 304 3389 3390
f 304 3390 255
f 303 3392 3389
f 303 3389 304
f 307 3393 3392
f 307 3392 303
f 306 3391 3393
f 306 3393 307
f 310 3398 3391
f 310 3391 306
f 309 3394 3398
f 309 3398 310
f 313 3396 3394
f 313 3394 309
f 316 3395 3396
f 316 3396 313
f 315 3395 316
f 321 3397 3395
f 321 3395 315
f 320 3399 3397
f 320 3397 321
f 319 3399 320
f 319 3400 3399
f 3401 3400 318
f 322 3401 318
f 318 3400 319
f 367 3452 364
f 367 3459 3452
f 365 3460 3459
f 365 3459 367
f 371 3461 3460
f 371 3460 365
f 369 3458 3461
f 369 3461 371
f 380 3465 3458
f 380 3458 369
f 379 3464 3465
f 379 3465 380
f 377 3466 3464
f 377 3464 379
f 387 3462 3466
f 387 3466 377
f 386 3463 3462
f 386 3462 387
f 384 3456 3463
f 384 3463 386
f 393 3457 3456
f 393 3456 384
f 392 3454 3457
f 392 3457 393
f 390 3454 392
f 390 3453 3454
f 398 3453 390
f 398 3455 3453
f 396 3455 398
f 396 3450 3455
f 389 3450 396
f 389 3449 3450
f 383 3449 389
f 383 3446 3449
f 382 3446 383
f 382 3445 3446
f 376 3445 382
f 376 3447 3445
f 375 3447 376
f 375 3448 3447
f 368 3448 375
f 368 3451 3448
f 3452 3349 364
f 3511 3468 3467
f 3483 3470 3469
f 3483 3471 3470
f 3483 3472 3471
f 3483 3473 3472
f 3483 3474 3473
f 3483 3475 3474
f 3483 3476 3475
f 3483 3477 3476
f 3483 3478 3477
f 3490 3480 3478
f 3490 3478 3483
f 3490 3481 3480
f 3490 3482 3481
f 3490 3484 3482
f 3490 3485 3484
f 3490 3486 3485
f 3490 3487 3486
f 3490 3488 3487
f 3490 3489 3488
f 3495 3489 3490
f 3495 3491 3489
f 3495 3492 3491
f 3495 3493 3492
f 3495 3494 3493
f 3495 3496 3494
f 3495 3497 3496
f 3495 3498 3497
f 3495 3499 3498
f 3495 3500 3499
f 3495 3501 3500
f 3495 3502 3501
f 3495 3503 3502
f 3495 3504 3503
f 3511 3505 3504
f 3511 3504 3495
f 3511 3506 3505
f 3511 3507 3506
f 3511 3508 3507
f 3511 3509 3508
f 3511 3510 3509
f 3511 3512 3510
f 3511 3513 3512
f 3511 3514 3513
f 3511 3515 3514
f 3511 3516 3515
f 3511 3517 3516
f 3511 3518 3517
f 3511 3519 3518
f 3511 3520 3519
f 3511 3521 3520
f 3511 3522 3521
f 3511 3523 3522
f 3511 3524 3523
f 3511 3525 3524
f 3511 3526 3525
f 3511 3527 3526
f 3511 3528 3527
f 3511 3529 3528
f 3511 3530 3529
f 3511 3531 3530
f 3511 3532 3531
f 3511 3533 3532
f 3511 3534 3533
f 3511 3535 3534
f 3511 3467 3535
f 3511 3581 3541
f 3495 3490 3511
f 3490 3483 3511
f 3483 3469 3536
f 3541 3537 3468
f 3541 3468 3511
f 3541 3538 3537
f 3541 3539 3538
f 3541 3540 3539
f 3541 3542 3540
f 3541 3543 3542
f 3541 3544 3543
f 3541 3545 3544
f 3553 3545 3541
f 3553 3546 3545
f 3553 3547 3546
f 3553 3548 3547
f 3553 3549 3548
f 3553 3550 3549
f 3553 3551 3550
f 3553 3552 3551
f 3553 3554 3552
f 3553 3555 3554
f 3581 3556 3555
f 3581 3555 3553
f 3581 3553 3541
f 3581 3557 3556
f 3581 3558 3557
f 3581 3559 3558
f 3581 3560 3559
f 3581 3561 3560
f 3581 3562 3561
f 3581 3563 3562
f 3581 3564 3563
f 3581 3565 3564
f 3570 3566 3565
f 3570 3565 3581
f 3570 3567 3566
f 3570 3568 3567
f 3570 3569 3568
f 3570 3571 3569
f 3570 3572 3571
f 3570 3573 3572
f 3570 3574 3573
f 3577 3575 3574
f 3577 3574 3570
f 3577 3576 3575
f 3577 3578 3576
f 3577 3579 3578
f 3577 3580 3579
f 3577 3582 3580
f 3511 3570 3581
f 3589 3583 3582
f 3589 3582 3577
f 3589 3584 3583
f 3589 3585 3584
f 3511 3577 3570
f 3589 3586 3585
f 3589 3587 3586
f 3589 3588 3587
f 3589 3590 3588
f 3589 3591 3590
f 3511 3589 3577
f 3589 3592 3591
f 3589 3593 3592
f 3479 3593 3589
f 3479 3594 3593
f 3511 3479 3589
f 3479 3595 3594
f 3479 3596 3595
f 3479 3597 3596
f 3479 3598 3597
f 3479 3599 3598
f 3479 3600 3599
f 3479 3601 3600
f 3479 3602 3601
f 3479 3603 3602
f 3479 3483 3536
f 3479 3536 3603
f 3483 3479 3511
f 3468 3605 3604
f 3537 3606 3605
f 3537 3605 3468
f 3538 3607 3606
f 3538 3606 3537
f 3539 3608 3607
f 3539 3607 3538
f 3540 3609 3608
f 3540 3608 3539
f 3542 3610 3609
f 3542 3609 3540
f 3543 3611 3610
f 3543 3610 3542
f 3544 3612 3611
f 3544 3611 3543
f 3545 3613 3612
f 3545 3612 3544
f 3546 3614 3613
f 3546 3613 3545
f 3547 3615 3614
f 3547 3614 3546
f 3548 3616 3615
f 3548 3615 3547
f 3549 3617 3616
f 3549 3616 3548
f 3550 3618 3617
f 3550 3617 3549
f 3551 3619 3618
f 3551 3618 3550
f 3552 3620 3619
f 3552 3619 3551
f 3554 3621 3620
f 3554 3620 3552
f 3555 3622 3621
f 3555 3621 3554
f 3556 3622 3555
f 3556 3623 3622
f 3557 3623 3556
f 3557 3624 3623
f 3558 3624 3557
f 3558 3625 3624
f 3559 3625 3558
f 3559 3626 3625
f 3560 3626 3559
f 3560 3627 3626
f 3561 3628 3627
f 3561 3627 3560
f 3562 3629 3628
f 3562 3628 3561
f 3563 3630 3629
f 3563 3629 3562
f 3564 3631 3630
f 3564 3630 3563
f 3565 3632 3631
f 3565 3631 3564
f 3566 3633 3632
f 3566 3632 3565
f 3567 3634 3633
f 3567 3633 3566
f 3568 3635 3634
f 3568 3634 3567
f 3569 3636 3635
f 3569 3635 3568
f 3571 3637 3636
f 3571 3636 3569
f 3572 3638 3637
f 3572 3637 3571
f 3573 3639 3638
f 3573 3638 3572
f 3574 3640 3639
f 3574 3639 3573
f 3575 3641 3640
f 3575 3640 3574
f 3576 3642 3641
f 3576 3641 3575
f 3578 3643 3642
f 3578 3642 3576
f 3579 3644 3643
f 3579 3643 3578
f 3580 3645 3644
f 3580 3644 3579
f 3582 3646 3645
f 3582 3645 3580
f 3583 3647 3646
f 3583 3646 3582
f 3584 3647 3583
f 3584 3648 3647
f 3585 3648 3584
f 3585 3649 3648
f 3586 3649 3585
f 3586 3650 3649
f 3587 3650 3586
f 3587 3651 3650
f 3588 3651 3587
f 3588 3652 3651
f 3590 3652 3588
f 3590 3653 3652
f 3591 3653 3590
f 3591 3654 3653
f 3592 3654 3591
f 3592 3655 3654
f 3593 3655 3592
f 3593 3656 3655
f 3594 3656 3593
f 3594 3657 3656
f 3595 3657 3594
f 3595 3658 3657
f 3596 3658 3595
f 3596 3659 3658
f 3597 3659 3596
f 3597 3660 3659
f 3598 3661 3660
f 3598 3660 3597
f 3599 3662 3661
f 3599 3661 3598
f 3600 3663 3662
f 3600 3662 3599
f 3601 3664 3663
f 3601 3663 3600
f 3602 3665 3664
f 3602 3664 3601
f 3603 3666 3665
f 3603 3665 3602
f 3536 3667 3666
f 3536 3666 3603
f 3469 3667 3536
f 3469 3668 3667
f 3470 3668 3469
f 3470 3669 3668
f 3471 3669 3470
f 3471 3670 3669
f 3472 3670 3471
f 3472 3671 3670
f 3473 3671 3472
f 3473 3672 3671
f 3474 3672 3473
f 3474 3673 3672
f 3475 3673 3474
f 3475 3674 3673
f 3476 3674 3475
f 3476 3675 3674
f 3477 3675 3476
f 3477 3676 3675
f 3478 3676 3477
f 3478 3677 3676
f 3480 3677 3478
f 3480 3678 3677
f 3481 3679 3678
f 3481 3678 3480
f 3482 3680 3679
f 3482 3679 3481
f 3484 3681 3680
f 3484 3680 3482
f 3485 3682 3681
f 3485 3681 3484
f 3486 3683 3682
f 3486 3682 3485
f 3487 3684 3683
f 3487 3683 3486
f 3488 3685 3684
f 3488 3684 3487
f 3489 3685 3488
f 3489 3686 3685
f 3491 3686 3489
f 3491 3687 3686
f 3492 3687 3491
f 3492 3688 3687
f 3493 3688 3492
f 3493 3689 3688
f 3494 3689 3493
f 3494 3690 3689
f 3496 3690 3494
f 3496 3691 3690
f 3497 3691 3496
f 3497 3692 3691
f 3498 3692 3497
f 3498 3693 3692
f 3499 3693 3498
f 3499 3694 3693
f 3500 3694 3499
f 3500 3695 3694
f 3501 3695 3500
f 3501 3696 3695
f 3502 3696 3501
f 3502 3697 3696
f 3503 3697 3502
f 3503 3698 3697
f 3504 3698 3503
f 3504 3699 3698
f 3505 3699 3504
f 3505 3700 3699
f 3506 3700 3505
f 3506 3701 3700
f 3507 3701 3506
f 3507 3702 3701
f 3508 3703 3702
f 3508 3702 3507
f 3509 3704 3703
f 3509 3703 3508
f 3510 3705 3704
f 3510 3704 3509
f 3512 3706 3705
f 3512 3705 3510
f 3513 3707 3706
f 3513 3706 3512
f 3514 3708 3707
f 3514 3707 3513
f 3515 3709 3708
f 3515 3708 3514
f 3516 3710 3709
f 3516 3709 3515
f 3517 3710 3516
f 3517 3711 3710
f 3518 3712 3711
f 3518 3711 3517
f 3519 3713 3712
f 3519 3712 3518
f 3520 3714 3713
f 3520 3713 3519
f 3521 3715 3714
f 3521 3714 3520
f 3522 3716 3715
f 3522 3715 3521
f 3523 3717 3716
f 3523 3716 3522
f 3524 3718 3717
f 3524 3717 3523
f 3525 3719 3718
f 3525 3718 3524
f 3526 3720 3719
f 3526 3719 3525
f 3527 3721 3720
f 3527 3720 3526
f 3528 3722 3721
f 3528 3721 3527
f 3529 3723 3722
f 3529 3722 3528
f 3530 3724 3723
f 3530 3723 3529
f 3531 3725 3724
f 3531 3724 3530
f 3532 3726 3725
f 3532 3725 3531
f 3533 3727 3726
f 3533 3726 3532
f 3534 3728 3727
f 3534 3727 3533
f 3535 3729 3728
f 3535 3728 3534
f 3467 3604 3729
f 3467 3729 3535
f 3468 3604 3467
f 3604 3735 3729
f 3741 3667 3668
f 3741 3668 3669
f 3741 3669 3670
f 3741 3670 3671
f 3730 3741 3671
f 3730 3671 3672
f 3730 3672 3673
f 3730 3673 3674
f 3730 3674 3675
f 3730 3675 3676
f 3730 3676 3677
f 3730 3677 3678
f 3730 3678 3679
f 3730 3679 3680
f 3730 3680 3681
f 3731 3681 3682
f 3731 3730 3681
f 3731 3682 3683
f 3731 3683 3684
f 3731 3684 3685
f 3731 3685 3686
f 3731 3686 3687
f 3731 3687 3688
f 3731 3688 3689
f 3731 3689 3690
f 3732 3690 3691
f 3732 3731 3690
f 3732 3691 3692
f 3732 3692 3693
f 3732 3693 3694
f 3732 3694 3695
f 3732 3695 3696
f 3732 3696 3697
f 3732 3697 3698
f 3732 3698 3699
f 3732 3699 3700
f 3732 3700 3701
f 3732 3701 3702
f 3732 3702 3703
f 3732 3703 3704
f 3733 3704 3705
f 3733 3732 3704
f 3733 3705 3706
f 3733 3706 3707
f 3733 3707 3708
f 3734 3736 3733
f 3733 3708 3709
f 3733 3709 3710
f 3733 3710 3711
f 3733 3711 3712
f 3733 3712 3713
f 3733 3713 3714
f 3734 3733 3714
f 3734 3714 3715
f 3734 3715 3716
f 3734 3716 3717
f 3734 3717 3718
f 3734 3718 3719
f 3734 3719 3720
f 3734 3720 3721
f 3734 3721 3722
f 3736 3734 3735
f 3734 3722 3723
f 3735 3723 3724
f 3735 3734 3723
f 3735 3724 3725
f 3735 3725 3726
f 3735 3726 3727
f 3735 3727 3728
f 3735 3728 3729
f 3605 3735 3604
f 3735 3605 3606
f 3735 3606 3607
f 3736 3607 3608
f 3736 3735 3607
f 3736 3608 3609
f 3736 3609 3610
f 3736 3610 3611
f 3736 3611 3612
f 3736 3612 3613
f 3736 3613 3614
f 3736 3614 3615
f 3736 3615 3616
f 3736 3616 3617
f 3736 3617 3618
f 3736 3618 3619
f 3736 3619 3620
f 3737 3620 3621
f 3737 3736 3620
f 3737 3621 3622
f 3737 3622 3623
f 3737 3623 3624
f 3737 3624 3625
f 3737 3625 3626
f 3737 3626 3627
f 3737 3627 3628
f 3737 3628 3629
f 3737 3629 3630
f 3737 3630 3631
f 3737 3631 3632
f 3737 3632 3633
f 3737 3633 3634
f 3739 3634 3635
f 3739 3737 3634
f 3739 3635 3636
f 3739 3636 3637
f 3739 3637 3638
f 3739 3638 3639
f 3739 3639 3640
f 3739 3640 3641
f 3739 3641 3642
f 3739 3642 3643
f 3739 3643 3644
f 3739 3644 3645
f 3738 3645 3646
f 3738 3739 3645
f 3738 3646 3647
f 3738 3647 3648
f 3738 3648 3649
f 3738 3649 3650
f 3738 3650 3651
f 3738 3651 3652
f 3740 3739 3738
f 3738 3652 3653
f 3740 3653 3654
f 3740 3654 3655
f 3740 3738 3653
f 3740 3655 3656
f 3740 3656 3657
f 3740 3657 3658
f 3740 3658 3659
f 3740 3659 3660
f 3740 3660 3661
f 3740 3661 3662
f 3741 3740 3662
f 3741 3662 3663
f 3741 3730 3740
f 3741 3663 3664
f 3741 3664 3665
f 3741 3665 3666
f 3741 3666 3667
f 3730 3739 3740
f 3736 3737 3739
f 3736 3739 3730
f 3733 3731 3732
f 3736 3730 3731
f 3736 3731 3733
f 3822 3743 3742
f 3880 3745 3744
f 3880 3746 3745
f 3880 3747 3746
f 3880 3748 3747
f 3880 3749 3748
f 3880 3750 3749
f 3880 3751 3750
f 3761 3751 3880
f 3761 3752 3751
f 3761 3753 3752
f 3761 3754 3753
f 3761 3755 3754
f 3761 3756 3755
f 3761 3757 3756
f 3761 3758 3757
f 3761 3759 3758
f 3785 3759 3761
f 3785 3760 3759
f 3785 3762 3760
f 3785 3763 3762
f 3785 3764 3763
f 3785 3765 3764
f 3785 3766 3765
f 3785 3767 3766
f 3785 3768 3767
f 3780 3768 3785
f 3780 3769 3768
f 3780 3770 3769
f 3780 3771 3770
f 3780 3772 3771
f 3780 3773 3772
f 3780 3774 3773
f 3780 3775 3774
f 3782 3775 3780
f 3782 3776 3775
f 3782 3777 3776
f 3782 3778 3777
f 3782 3779 3778
f 3782 3781 3779
f 3782 3783 3781
f 3782 3784 3783
f 3782 3786 3784
f 3782 3787 3786
f 3782 3788 3787
f 3790 3789 3788
f 3790 3788 3782
f 3790 3791 3789
f 3790 3792 3791
f 3790 3793 3792
f 3790 3794 3793
f 3790 3795 3794
f 3790 3796 3795
f 3790 3797 3796
f 3790 3798 3797
f 3790 3799 3798
f 3790 3800 3799
f 3808 3801 3800
f 3808 3800 3790
f 3808 3802 3801
f 3808 3803 3802
f 3808 3804 3803
f 3808 3805 3804
f 3808 3806 3805
f 3808 3807 3806
f 3808 3809 3807
f 3808 3810 3809
f 3808 3811 3810
f 3822 3742 3811
f 3822 3811 3808
f 3785 3761 3780
f 3849 3822 3808
f 3874 3849 3808
f 3782 3780 3790
f 3761 3874 3808
f 3780 3761 3808
f 3790 3780 3808
f 3880 3744 3812
f 3822 3813 3743
f 3822 3814 3813
f 3822 3815 3814
f 3822 3816 3815
f 3822 3817 3816
f 3822 3818 3817
f 3822 3819 3818
f 3822 3820 3819
f 3822 3821 3820
f 3822 3823 3821
f 3843 3824 3823
f 3843 3823 3822
f 3843 3825 3824
f 3843 3826 3825
f 3843 3827 3826
f 3843 3828 3827
f 3843 3829 3828
f 3843 3830 3829
f 3843 3831 3830
f 3843 3832 3831
f 3843 3833 3832
f 3843 3822 3849
f 3843 3834 3833
f 3843 3835 3834
f 3847 3836 3835
f 3847 3835 3843
f 3847 3837 3836
f 3847 3838 3837
f 3847 3839 3838
f 3847 3840 3839
f 3847 3841 3840
f 3847 3842 3841
f 3847 3844 3842
f 3849 3847 3843
f 3849 3845 3844
f 3849 3844 3847
f 3849 3846 3845
f 3849 3848 3846
f 3849 3850 3848
f 3849 3851 3850
f 3849 3852 3851
f 3849 3853 3852
f 3849 3854 3853
f 3849 3855 3854
f 3849 3856 3855
f 3849 3857 3856
f 3849 3858 3857
f 3863 3858 3849
f 3863 3859 3858
f 3863 3860 3859
f 3863 3861 3860
f 3863 3862 3861
f 3863 3864 3862
f 3863 3865 3864
f 3874 3865 3863
f 3874 3866 3865
f 3874 3867 3866
f 3874 3868 3867
f 3874 3869 3868
f 3874 3870 3869
f 3874 3871 3870
f 3874 3872 3871
f 3874 3863 3849
f 3874 3873 3872
f 3874 3875 3873
f 3874 3876 3875
f 3874 3877 3876
f 3880 3877 3874
f 3880 3878 3877
f 3880 3879 3878
f 3880 3812 3879
f 3880 3874 3761
f 3743 3882 3881
f 3813 3883 3882
f 3813 3882 3743
f 3814 3884 3883
f 3814 3883 3813
f 3815 3885 3884
f 3815 3884 3814
f 3816 3886 3885
f 3816 3885 3815
f 3817 3887 3886
f 3817 3886 3816
f 3818 3888 3887
f 3818 3887 3817
f 3819 3889 3888
f 3819 3888 3818
f 3820 3890 3889
f 3820 3889 3819
f 3821 3891 3890
f 3821 3890 3820
f 3823 3892 3891
f 3823 3891 3821
f 3824 3893 3892
f 3824 3892 3823
f 3825 3894 3893
f 3825 3893 3824
f 3826 3895 3894
f 3826 3894 3825
f 3827 3896 3895
f 3827 3895 3826
f 3828 3897 3896
f 3828 3896 3827
f 3829 3898 3897
f 3829 3897 3828
f 3830 3899 3898
f 3830 3898 3829
f 3831 3899 3830
f 3831 3900 3899
f 3832 3900 3831
f 3832 3901 3900
f 3833 3901 3832
f 3833 3902 3901
f 3834 3902 3833
f 3834 3903 3902
f 3835 3903 3834
f 3835 3904 3903
f 3836 3905 3904
f 3836 3904 3835
f 3837 3906 3905
f 3837 3905 3836
f 3838 3907 3906
f 3838 3906 3837
f 3839 3908 3907
f 3839 3907 3838
f 3840 3909 3908
f 3840 3908 3839
f 3841 3910 3909
f 3841 3909 3840
f 3842 3911 3910
f 3842 3910 3841
f 3844 3912 3911
f 3844 3911 3842
f 3845 3913 3912
f 3845 3912 3844
f 3846 3914 3913
f 3846 3913 3845
f 3848 3915 3914
f 3848 3914 3846
f 3850 3916 3915
f 3850 3915 3848
f 3851 3917 3916
f 3851 3916 3850
f 3852 3918 3917
f 3852 3917 3851
f 3853 3919 3918
f 3853 3918 3852
f 3854 3920 3919
f 3854 3919 3853
f 3855 3921 3920
f 3855 3920 3854
f 3856 3922 3921
f 3856 3921 3855
f 3857 3923 3922
f 3857 3922 3856
f 3858 3924 3923
f 3858 3923 3857
f 3859 3924 3858
f 3859 3925 3924
f 3860 3925 3859
f 3860 3926 3925
f 3861 3926 3860
f 3861 3927 3926
f 3862 3927 3861
f 3862 3928 3927
f 3864 3928 3862
f 3864 3929 3928
f 3865 3929 3864
f 3865 3930 3929
f 3866 3930 3865
f 3866 3931 3930
f 3867 3931 3866
f 3867 3932 3931
f 3868 3932 3867
f 3868 3933 3932
f 3869 3933 3868
f 3869 3934 3933
f 3870 3934 3869
f 3870 3935 3934
f 3871 3935 3870
f 3871 3936 3935
f 3872 3936 3871
f 3872 3937 3936
f 3873 3938 3937
f 3873 3937 3872
f 3875 3939 3938
f 3875 3938 3873
f 3876 3940 3939
f 3876 3939 3875
f 3877 3941 3940
f 3877 3940 3876
f 3878 3942 3941
f 3878 3941 3877
f 3879 3943 3942
f 3879 3942 3878
f 3812 3944 3943
f 3812 3943 3879
f 3744 3944 3812
f 3744 3945 3944
f 3745 3945 3744
f 3745 3946 3945
f 3746 3946 3745
f 3746 3947 3946
f 3747 3947 3746
f 3747 3948 3947
f 3748 3948 3747
f 3748 3949 3948
f 3749 3949 3748
f 3749 3950 3949
f 3750 3950 3749
f 3750 3951 3950
f 3751 3951 3750
f 3751 3952 3951
f 3752 3952 3751
f 3752 3953 3952
f 3753 3953 3752
f 3753 3954 3953
f 3754 3954 3753
f 3754 3955 3954
f 3755 3956 3955
f 3755 3955 3754
f 3756 3957 3956
f 3756 3956 3755
f 3757 3958 3957
f 3757 3957 3756
f 3758 3959 3958
f 3758 3958 3757
f 3759 3960 3959
f 3759 3959 3758
f 3760 3961 3960
f 3760 3960 3759
f 3762 3962 3961
f 3762 3961 3760
f 3763 3962 3762
f 3763 3963 3962
f 3764 3963 3763
f 3764 3964 3963
f 3765 3964 3764
f 3765 3965 3964
f 3766 3965 3765
f 3766 3966 3965
f 3767 3966 3766
f 3767 3967 3966
f 3768 3967 3767
f 3768 3968 3967
f 3769 3968 3768
f 3769 3969 3968
f 3770 3969 3769
f 3770 3970 3969
f 3771 3970 3770
f 3771 3971 3970
f 3772 3971 3771
f 3772 3972 3971
f 3773 3972 3772
f 3773 3973 3972
f 3774 3973 3773
f 3774 3974 3973
f 3775 3974 3774
f 3775 3975 3974
f 3776 3975 3775
f 3776 3976 3975
f 3777 3976 3776
f 3777 3977 3976
f 3778 3977 3777
f 3778 3978 3977
f 3779 3978 3778
f 3779 3979 3978
f 3781 3980 3979
f 3781 3979 3779
f 3783 3981 3980
f 3783 3980 3781
f 3784 3982 3981
f 3784 3981 3783
f 3786 3983 3982
f 3786 3982 3784
f 3787 3984 3983
f 3787 3983 3786
f 3788 3985 3984
f 3788 3984 3787
f 3789 3986 3985
f 3789 3985 3788
f 3791 3987 3986
f 3791 3986 3789
f 3792 3987 3791
f 3792 3988 3987
f 3793 3989 3988
f 3793 3988 3792
f 3794 3990 3989
f 3794 3989 3793
f 3795 3991 3990
f 3795 3990 3794
f 3796 3992 3991
f 3796 3991 3795
f 3797 3993 3992
f 3797 3992 3796
f 3798 3994 3993
f 3798 3993 3797
f 3799 3995 3994
f 3799 3994 3798
f 3800 3996 3995
f 3800 3995 3799
f 3801 3997 3996
f 3801 3996 3800
f 3802 3998 3997
f 3802 3997 3801
f 3803 3999 3998
f 3803 3998 3802
f 3804 4000 3999
f 3804 3999 3803
f 3805 4001 4000
f 3805 4000 3804
f 3806 4002 4001
f 3806 4001 3805
f 3807 4003 4002
f 3807 4002 3806
f 3809 4004 4003
f 3809 4003 3807
f 3810 4005 4004
f 3810 4004 3809
f 3811 4006 4005
f 3811 4005 3810
f 3742 3881 4006
f 3742 4006 3811
f 3743 3881 3742
f 3881 4015 4006
f 4008 3944 3945
f 4008 3945 3946
f 4008 3946 3947
f 4008 3947 3948
f 4008 3948 3949
f 4008 3949 3950
f 4008 3950 3951
f 4008 3951 3952
f 4008 3952 3953
f 4009 3953 3954
f 4009 4008 3953
f 4009 3954 3955
f 4009 3955 3956
f 4009 3956 3957
f 4009 3957 3958
f 4009 4010 4008
f 4009 3958 3959
f 4011 4012 4008
f 4010 4011 4008
f 4010 3959 3960
f 4010 4009 3959
f 4010 3960 3961
f 4010 3961 3962
f 4010 3962 3963
f 4010 3963 3964
f 4010 3964 3965
f 4010 3965 3966
f 4011 3966 3967
f 4011 4010 3966
f 4011 3967 3968
f 4011 3968 3969
f 4011 3969 3970
f 4011 3970 3971
f 4011 3971 3972
f 4011 3972 3973
f 4011 3973 3974
f 4011 3974 3975
f 4011 3975 3976
f 4011 3976 3977
f 4011 3977 3978
f 4011 3978 3979
f 4012 3979 3980
f 4012 3980 3981
f 4012 4011 3979
f 4012 3981 3982
f 4012 3982 3983
f 4012 3983 3984
f 4012 3984 3985
f 4012 3985 3986
f 4012 3986 3987
f 4012 3987 3988
f 4013 3988 3989
f 4013 4012 3988
f 4013 3989 3990
f 4013 3990 3991
f 4013 3991 3992
f 4013 3992 3993
f 4013 3993 3994
f 4013 3994 3995
f 4013 3995 3996
f 4013 3996 3997
f 4013 3997 3998
f 4013 3998 3999
f 4013 3999 4000
f 4013 4000 4001
f 4013 4001 4002
f 4013 4002 4003
f 4015 4003 4004
f 4015 4013 4003
f 4015 4004 4005
f 4015 4005 4006
f 3882 4015 3881
f 4015 3882 3883
f 4015 3883 3884
f 4015 3884 3885
f 4015 3885 3886
f 4015 3886 3887
f 4016 3887 3888
f 4016 4015 3887
f 4016 4017 4015
f 4016 3888 3889
f 4016 3889 3890
f 4016 3890 3891
f 4016 3891 3892
f 4016 3892 3893
f 4016 3893 3894
f 4016 3894 3895
f 4017 3895 3896
f 4017 4016 3895
f 4017 3896 3897
f 4017 3897 3898
f 4017 3898 3899
f 4017 3899 3900
f 4017 3900 3901
f 4017 3901 3902
f 4014 3902 3903
f 4014 4017 3902
f 4014 3903 3904
f 4014 3904 3905
f 4014 3905 3906
f 4014 3906 3907
f 4014 3907 3908
f 4014 3908 3909
f 4014 3909 3910
f 4014 3910 3911
f 4014 3911 3912
f 4018 4014 3912
f 4018 3912 3913
f 4018 3913 3914
f 4018 3914 3915
f 4018 3915 3916
f 4018 3916 3917
f 4018 3917 3918
f 4018 3918 3919
f 4018 3919 3920
f 4018 3920 3921
f 4019 4018 3921
f 4019 3921 3922
f 4019 3922 3923
f 4019 3923 3924
f 4019 3924 3925
f 4019 3925 3926
f 4019 3926 3927
f 4019 3927 3928
f 4019 3928 3929
f 4019 3929 3930
f 4007 3930 3931
f 4007 3931 3932
f 4007 4019 3930
f 4007 3932 3933
f 4007 3933 3934
f 4007 3934 3935
f 4007 3935 3936
f 4007 3936 3937
f 4007 3937 3938
f 4007 3938 3939
f 4007 3939 3940
f 4007 3940 3941
f 4007 3941 3942
f 4008 4007 3942
f 4008 3942 3943
f 4008 3943 3944
f 4015 4017 4014
f 4014 4018 4019
f 4015 4019 4007
f 4015 4014 4019
f 4015 4007 4008
f 4015 4008 4012
f 4012 4013 4015
f 4084 4021 4020
f 4156 4023 4022
f 4156 4024 4023
f 4156 4025 4024
f 4156 4026 4025
f 4156 4027 4026
f 4156 4028 4027
f 4156 4029 4028
f 4156 4030 4029
f 4156 4031 4030
f 4156 4033 4031
f 4156 4034 4033
f 4156 4035 4034
f 4156 4036 4035
f 4032 4037 4036
f 4032 4036 4156
f 4032 4038 4037
f 4032 4039 4038
f 4032 4040 4039
f 4032 4041 4040
f 4032 4042 4041
f 4032 4043 4042
f 4032 4044 4043
f 4032 4045 4044
f 4049 4046 4045
f 4049 4045 4032
f 4049 4047 4046
f 4049 4048 4047
f 4049 4050 4048
f 4049 4051 4050
f 4049 4052 4051
f 4049 4053 4052
f 4049 4054 4053
f 4049 4055 4054
f 4049 4056 4055
f 4049 4057 4056
f 4049 4058 4057
f 4063 4059 4058
f 4063 4058 4049
f 4063 4060 4059
f 4063 4061 4060
f 4063 4062 4061
f 4063 4064 4062
f 4063 4065 4064
f 4063 4066 4065
f 4063 4067 4066
f 4063 4068 4067
f 4049 4076 4063
f 4063 4069 4068
f 4063 4070 4069
f 4063 4071 4070
f 4063 4072 4071
f 4076 4073 4072
f 4076 4072 4063
f 4076 4074 4073
f 4076 4075 4074
f 4076 4077 4075
f 4076 4078 4077
f 4076 4079 4078
f 4084 4080 4079
f 4084 4079 4076
f 4084 4081 4080
f 4084 4082 4081
f 4084 4083 4082
f 4084 4085 4083
f 4084 4086 4085
f 4084 4087 4086
f 4084 4088 4087
f 4084 4020 4088
f 4089 4128 4098
f 4032 4089 4098
f 4032 4098 4084
f 4049 4032 4084
f 4076 4049 4084
f 4156 4022 4090
f 4084 4091 4021
f 4084 4092 4091
f 4098 4093 4092
f 4098 4092 4084
f 4098 4094 4093
f 4098 4095 4094
f 4098 4096 4095
f 4098 4097 4096
f 4098 4099 4097
f 4098 4100 4099
f 4098 4101 4100
f 4111 4102 4101
f 4111 4101 4098
f 4111 4103 4102
f 4111 4104 4103
f 4111 4105 4104
f 4111 4106 4105
f 4111 4107 4106
f 4111 4108 4107
f 4111 4109 4108
f 4111 4098 4128
f 4128 4110 4109
f 4128 4109 4111
f 4128 4112 4110
f 4128 4113 4112
f 4128 4114 4113
f 4128 4115 4114
f 4128 4116 4115
f 4128 4117 4116
f 4128 4118 4117
f 4128 4119 4118
f 4128 4120 4119
f 4128 4121 4120
f 4128 4122 4121
f 4128 4123 4122
f 4128 4124 4123
f 4128 4125 4124
f 4128 4126 4125
f 4143 4127 4126
f 4143 4126 4128
f 4143 4129 4127
f 4143 4130 4129
f 4143 4131 4130
f 4143 4132 4131
f 4143 4133 4132
f 4143 4134 4133
f 4143 4135 4134
f 4143 4136 4135
f 4143 4137 4136
f 4143 4138 4137
f 4143 4139 4138
f 4089 4143 4128
f 4143 4140 4139
f 4143 4141 4140
f 4089 4141 4143
f 4089 4142 4141
f 4089 4144 4142
f 4089 4145 4144
f 4089 4146 4145
f 4089 4147 4146
f 4089 4148 4147
f 4089 4149 4148
f 4089 4150 4149
f 4089 4151 4150
f 4089 4152 4151
f 4089 4153 4152
f 4089 4154 4153
f 4089 4155 4154
f 4089 4156 4090
f 4089 4090 4155
f 4089 4032 4156
f 4021 4158 4157
f 4091 4159 4158
f 4091 4158 4021
f 4092 4160 4159
f 4092 4159 4091
f 4093 4161 4160
f 4093 4160 4092
f 4094 4162 4161
f 4094 4161 4093
f 4095 4163 4162
f 4095 4162 4094
f 4096 4164 4163
f 4096 4163 4095
f 4097 4165 4164
f 4097 4164 4096
f 4099 4166 4165
f 4099 4165 4097
f 4100 4167 4166
f 4100 4166 4099
f 4101 4168 4167
f 4101 4167 4100
f 4102 4169 4168
f 4102 4168 4101
f 4103 4170 4169
f 4103 4169 4102
f 4104 4171 4170
f 4104 4170 4103
f 4105 4172 4171
f 4105 4171 4104
f 4106 4173 4172
f 4106 4172 4105
f 4107 4174 4173
f 4107 4173 4106
f 4108 4175 4174
f 4108 4174 4107
f 4109 4175 4108
f 4109 4176 4175
f 4110 4176 4109
f 4110 4177 4176
f 4112 4177 4110
f 4112 4178 4177
f 4113 4178 4112
f 4113 4179 4178
f 4114 4179 4113
f 4114 4180 4179
f 4115 4181 4180
f 4115 4180 4114
f 4116 4182 4181
f 4116 4181 4115
f 4117 4183 4182
f 4117 4182 4116
f 4118 4184 4183
f 4118 4183 4117
f 4119 4185 4184
f 4119 4184 4118
f 4120 4186 4185
f 4120 4185 4119
f 4121 4187 4186
f 4121 4186 4120
f 4122 4188 4187
f 4122 4187 4121
f 4123 4189 4188
f 4123 4188 4122
f 4124 4190 4189
f 4124 4189 4123
f 4125 4191 4190
f 4125 4190 4124
f 4126 4192 4191
f 4126 4191 4125
f 4127 4193 4192
f 4127 4192 4126
f 4129 4194 4193
f 4129 4193 4127
f 4130 4195 4194
f 4130 4194 4129
f 4131 4196 4195
f 4131 4195 4130
f 4132 4197 4196
f 4132 4196 4131
f 4133 4198 4197
f 4133 4197 4132
f 4134 4199 4198
f 4134 4198 4133
f 4135 4200 4199
f 4135 4199 4134
f 4136 4200 4135
f 4136 4201 4200
f 4137 4201 4136
f 4137 4202 4201
f 4138 4202 4137
f 4138 4203 4202
f 4139 4203 4138
f 4139 4204 4203
f 4140 4204 4139
f 4140 4205 4204
f 4141 4205 4140
f 4141 4206 4205
f 4142 4206 4141
f 4142 4207 4206
f 4144 4207 4142
f 4144 4208 4207
f 4145 4208 4144
f 4145 4209 4208
f 4146 4209 4145
f 4146 4210 4209
f 4147 4210 4146
f 4147 4211 4210
f 4148 4211 4147
f 4148 4212 4211
f 4149 4212 4148
f 4149 4213 4212
f 4150 4214 4213
f 4150 4213 4149
f 4151 4215 4214
f 4151 4214 4150
f 4152 4216 4215
f 4152 4215 4151
f 4153 4217 4216
f 4153 4216 4152
f 4154 4218 4217
f 4154 4217 4153
f 4155 4219 4218
f 4155 4218 4154
f 4090 4220 4219
f 4090 4219 4155
f 4022 4220 4090
f 4022 4221 4220
f 4023 4221 4022
f 4023 4222 4221
f 4024 4222 4023
f 4024 4223 4222
f 4025 4223 4024
f 4025 4224 4223
f 4026 4224 4025
f 4026 4225 4224
f 4027 4225 4026
f 4027 4226 4225
f 4028 4226 4027
f 4028 4227 4226
f 4029 4227 4028
f 4029 4228 4227
f 4030 4228 4029
f 4030 4229 4228
f 4031 4229 4030
f 4031 4230 4229
f 4033 4230 4031
f 4033 4231 4230
f 4034 4232 4231
f 4034 4231 4033
f 4035 4233 4232
f 4035 4232 4034
f 4036 4234 4233
f 4036 4233 4035
f 4037 4235 4234
f 4037 4234 4036
f 4038 4236 4235
f 4038 4235 4037
f 4039 4237 4236
f 4039 4236 4038
f 4040 4238 4237
f 4040 4237 4039
f 4041 4238 4040
f 4041 4239 4238
f 4042 4239 4041
f 4042 4240 4239
f 4043 4240 4042
f 4043 4241 4240
f 4044 4241 4043
f 4044 4242 4241
f 4045 4242 4044
f 4045 4243 4242
f 4046 4243 4045
f 4046 4244 4243
f 4047 4244 4046
f 4047 4245 4244
f 4048 4245 4047
f 4048 4246 4245
f 4050 4246 4048
f 4050 4247 4246
f 4051 4247 4050
f 4051 4248 4247
f 4052 4248 4051
f 4052 4249 4248
f 4053 4249 4052
f 4053 4250 4249
f 4054 4250 4053
f 4054 4251 4250
f 4055 4251 4054
f 4055 4252 4251
f 4056 4252 4055
f 4056 4253 4252
f 4057 4253 4056
f 4057 4254 4253
f 4058 4254 4057
f 4058 4255 4254
f 4059 4256 4255
f 4059 4255 4058
f 4060 4257 4256
f 4060 4256 4059
f 4061 4258 4257
f 4061 4257 4060
f 4062 4259 4258
f 4062 4258 4061
f 4064 4260 4259
f 4064 4259 4062
f 4065 4261 4260
f 4065 4260 4064
f 4066 4262 4261
f 4066 4261 4065
f 4067 4263 4262
f 4067 4262 4066
f 4068 4263 4067
f 4068 4264 4263
f 4069 4265 4264
f 4069 4264 4068
f 4070 4266 4265
f 4070 4265 4069
f 4071 4267 4266
f 4071 4266 4070
f 4072 4268 4267
f 4072 4267 4071
f 4073 4269 4268
f 4073 4268 4072
f 4074 4270 4269
f 4074 4269 4073
f 4075 4271 4270
f 4075 4270 4074
f 4077 4272 4271
f 4077 4271 4075
f 4078 4273 4272
f 4078 4272 4077
f 4079 4274 4273
f 4079 4273 4078
f 4080 4275 4274
f 4080 4274 4079
f 4081 4276 4275
f 4081 4275 4080
f 4082 4277 4276
f 4082 4276 4081
f 4083 4278 4277
f 4083 4277 4082
f 4085 4279 4278
f 4085 4278 4083
f 4086 4280 4279
f 4086 4279 4085
f 4087 4281 4280
f 4087 4280 4086
f 4088 4282 4281
f 4088 4281 4087
f 4020 4157 4282
f 4020 4282 4088
f 4021 4157 4020
f 4157 4289 4282
f 4283 4220 4221
f 4283 4221 4222
f 4283 4222 4223
f 4283 4223 4224
f 4283 4224 4225
f 4283 4225 4226
f 4283 4226 4227
f 4283 4227 4228
f 4283 4228 4229
f 4283 4229 4230
f 4283 4230 4231
f 4284 4231 4232
f 4284 4283 4231
f 4284 4232 4233
f 4284 4233 4234
f 4284 4234 4235
f 4284 4235 4236
f 4284 4236 4237
f 4286 4237 4238
f 4286 4284 4237
f 4285 4284 4286
f 4286 4238 4239
f 4286 4239 4240
f 4286 4240 4241
f 4286 4241 4242
f 4286 4242 4243
f 4286 4243 4244
f 4286 4244 4245
f 4286 4245 4246
f 4286 4246 4247
f 4285 4247 4248
f 4285 4286 4247
f 4285 4248 4249
f 4285 4249 4250
f 4285 4250 4251
f 4285 4251 4252
f 4285 4252 4253
f 4285 4253 4254
f 4287 4254 4255
f 4287 4285 4254
f 4287 4255 4256
f 4287 4256 4257
f 4287 4257 4258
f 4287 4258 4259
f 4287 4259 4260
f 4287 4260 4261
f 4287 4261 4262
f 4287 4262 4263
f 4287 4263 4264
f 4287 4264 4265
f 4287 4265 4266
f 4287 4266 4267
f 4287 4267 4268
f 4287 4268 4269
f 4288 4269 4270
f 4288 4270 4271
f 4288 4287 4269
f 4288 4271 4272
f 4288 4272 4273
f 4288 4273 4274
f 4288 4274 4275
f 4288 4275 4276
f 4288 4276 4277
f 4288 4277 4278
f 4288 4278 4279
f 4288 4279 4280
f 4288 4280 4281
f 4289 4281 4282
f 4289 4288 4281
f 4158 4289 4157
f 4289 4158 4159
f 4289 4159 4160
f 4289 4160 4161
f 4289 4161 4162
f 4289 4162 4163
f 4289 4163 4164
f 4289 4164 4165
f 4289 4165 4166
f 4289 4166 4167
f 4289 4167 4168
f 4289 4168 4169
f 4289 4169 4170
f 4289 4170 4171
f 4290 4171 4172
f 4290 4289 4171
f 4290 4172 4173
f 4290 4173 4174
f 4290 4174 4175
f 4290 4175 4176
f 4290 4176 4177
f 4290 4177 4178
f 4290 4178 4179
f 4290 4179 4180
f 4290 4180 4181
f 4290 4181 4182
f 4291 4182 4183
f 4291 4290 4182
f 4291 4183 4184
f 4291 4184 4185
f 4291 4185 4186
f 4291 4186 4187
f 4291 4187 4188
f 4291 4188 4189
f 4291 4189 4190
f 4291 4190 4191
f 4291 4191 4192
f 4291 4192 4193
f 4291 4193 4194
f 4291 4194 4195
f 4291 4195 4196
f 4292 4196 4197
f 4292 4291 4196
f 4292 4197 4198
f 4292 4198 4199
f 4292 4199 4200
f 4292 4200 4201
f 4292 4201 4202
f 4292 4202 4203
f 4292 4203 4204
f 4292 4204 4205
f 4292 4205 4206
f 4292 4206 4207
f 4292 4207 4208
f 4292 4208 4209
f 4293 4209 4210
f 4293 4292 4209
f 4293 4210 4211
f 4293 4211 4212
f 4293 4212 4213
f 4293 4213 4214
f 4293 4214 4215
f 4293 4215 4216
f 4293 4216 4217
f 4293 4217 4218
f 4283 4293 4218
f 4283 4218 4219
f 4283 4219 4220
f 4289 4293 4283
f 4289 4290 4291
f 4284 4289 4283
f 4289 4292 4293
f 4289 4291 4292
f 4288 4285 4287
f 4288 4284 4285
f 4288 4289 4284
