# https://github.com/mikedh/trimesh
v -0.06130000 0.00607273 0.00643773
v -0.05650000 0.00607273 0.00643773
v -0.05650000 0.00609485 0.00641788
v -0.06130000 0.00609485 0.00641788
v -0.05650000 0.00611792 0.00639916
v -0.06130000 0.00611792 0.00639916
v -0.05650000 0.00614189 0.00638159
v -0.06130000 0.00614189 0.00638159
v -0.05650000 0.00616669 0.00636523
v -0.06130000 0.00616669 0.00636523
v -0.05650000 0.00619228 0.00635013
v -0.06130000 0.00619228 0.00635013
v -0.05650000 0.00621859 0.00633631
v -0.06130000 0.00621859 0.00633631
v -0.05650000 0.00624554 0.00632380
v -0.06130000 0.00624554 0.00632380
v -0.05650000 0.00627309 0.00631265
v -0.06130000 0.00627309 0.00631265
v -0.05650000 0.00630115 0.00630287
v -0.06130000 0.00630115 0.00630287
v -0.06130000 0.00632966 0.00629450
v -0.05650000 0.00632966 0.00629450
v -0.06130000 0.00635855 0.00628755
v -0.05650000 0.00635855 0.00628755
v -0.06130000 0.00638775 0.00628203
v -0.05650000 0.00638775 0.00628203
v -0.05650000 0.01105050 0.00731088
v -0.05650000 0.01082665 0.00644736
v -0.05650000 0.01085256 0.00646164
v -0.05650000 0.01087773 0.00647717
v -0.05650000 0.01090210 0.00649393
v -0.05650000 0.01092562 0.00651187
v -0.05650000 0.01094822 0.00653094
v -0.05650000 0.01096986 0.00655111
v -0.05650000 0.01099048 0.00657232
v -0.05650000 0.01101003 0.00659451
v -0.05650000 0.01102846 0.00661765
v -0.05650000 0.01104572 0.00664166
v -0.05650000 0.01106179 0.00666650
v -0.05650000 0.01107661 0.00669209
v -0.05650000 0.01109015 0.00671839
v -0.05650000 0.01110237 0.00674532
v -0.05650000 0.01111326 0.00677282
v -0.05650000 0.01112278 0.00680083
v -0.05650000 0.01113090 0.00682927
v -0.05650000 0.01113761 0.00685807
v -0.05650000 0.01114290 0.00688718
v -0.05650000 0.01114675 0.00691650
v -0.05650000 0.01114914 0.00694598
v -0.05650000 0.01115008 0.00697555
v -0.05650000 0.01114956 0.00700512
v -0.05650000 0.01114759 0.00703463
v -0.05650000 0.01114416 0.00706401
v -0.05650000 0.01113929 0.00709318
v -0.05650000 0.01113299 0.00712208
v -0.05650000 0.01112527 0.00715063
v -0.05650000 0.01111615 0.00717877
v -0.05650000 0.01110566 0.00720642
v -0.05650000 0.01109382 0.00723353
v -0.05650000 0.01108066 0.00726002
v -0.05650000 0.01106620 0.00728582
v -0.05650000 0.00652947 0.00627588
v -0.05650000 0.00650107 0.00627442
v -0.05650000 0.00655776 0.00627869
v -0.05650000 0.00658590 0.00628283
v -0.05650000 0.00647264 0.00627431
v -0.05650000 0.00644423 0.00627554
v -0.05650000 0.00641591 0.00627812
v -0.05650000 0.01009587 0.00650314
v -0.05850000 0.00560392 0.00685289
v -0.05650000 0.00508055 0.00724734
v -0.05650000 0.00505801 0.00726585
v -0.05650000 0.00510396 0.00722995
v -0.05650000 0.00503640 0.00728544
v -0.05650000 0.00501576 0.00730605
v -0.05650000 0.00499615 0.00732764
v -0.05650000 0.00497762 0.00735016
v -0.05650000 0.00496020 0.00737355
v -0.05650000 0.00494393 0.00739776
v -0.05650000 0.00841533 0.01045153
v -0.05650000 0.00492887 0.00742274
v -0.05650000 0.00488122 0.00752904
v -0.05650000 0.00487261 0.00755691
v -0.05650000 0.00489118 0.00750163
v -0.05650000 0.00490246 0.00747473
v -0.05650000 0.00491503 0.00744841
v -0.05650000 0.00485502 0.00764255
v -0.05650000 0.00485196 0.00767156
v -0.05650000 0.00485949 0.00761373
v -0.05650000 0.00486536 0.00758516
v -0.05650000 0.00485030 0.00770068
v -0.05650000 0.00485007 0.00772984
v -0.05650000 0.00485125 0.00775898
v -0.05650000 0.00416698 0.01156986
v -0.05650000 0.00415993 0.01159895
v -0.05650000 0.00417548 0.01154116
v -0.05650000 0.00418540 0.01151292
v -0.05650000 0.00415433 0.01162835
v -0.05650000 0.00415021 0.01165800
v -0.05650000 0.00497148 0.01228197
v -0.05650000 0.00480046 0.00978673
v -0.05650000 0.00414757 0.01168781
v -0.05650000 0.00414642 0.01171772
v -0.05650000 0.00494649 0.01229145
v -0.05650000 0.00489537 0.01230701
v -0.05650000 0.00492110 0.01229980
v -0.05650000 0.00414676 0.01174765
v -0.05650000 0.00414859 0.01177752
v -0.05650000 0.00415192 0.01180727
v -0.05650000 0.00484306 0.01231796
v -0.05650000 0.00486934 0.01231307
v -0.05650000 0.00478359 0.01232465
v -0.05650000 0.00481341 0.01232205
v -0.05650000 0.00416299 0.01186608
v -0.05650000 0.00417071 0.01189500
v -0.05650000 0.00415672 0.01183681
v -0.05650000 0.00472375 0.01232538
v -0.05650000 0.00466414 0.01232015
v -0.05650000 0.00469388 0.01232351
v -0.05650000 0.00420237 0.01197894
v -0.05650000 0.00421567 0.01200575
v -0.05650000 0.00419043 0.01195150
v -0.05650000 0.00417986 0.01192349
v -0.05650000 0.00463460 0.01231531
v -0.05650000 0.00475368 0.01232576
v -0.05650000 0.00423029 0.01203187
v -0.05650000 0.00424620 0.01205723
v -0.05650000 0.00454795 0.01229205
v -0.05650000 0.00460534 0.01230900
v -0.05650000 0.00457644 0.01230124
v -0.05650000 0.00428170 0.01210540
v -0.05650000 0.00426335 0.01208176
v -0.05650000 0.00432183 0.01214980
v -0.05650000 0.00430121 0.01212810
v -0.05650000 0.00446573 0.01225614
v -0.05650000 0.00451996 0.01228145
v -0.05650000 0.00449253 0.01226947
v -0.05650000 0.00436617 0.01218998
v -0.05650000 0.00434350 0.01217044
v -0.05650000 0.00441430 0.01222554
v -0.05650000 0.00443964 0.01224148
v -0.05650000 0.00438979 0.01220836
v -0.06130000 0.00510396 0.00722995
v -0.06130000 0.00485007 0.00772984
v -0.06130000 0.00485076 0.00934125
v -0.06130000 0.00485030 0.00770068
v -0.06130000 0.00485196 0.00767156
v -0.06130000 0.00485502 0.00764255
v -0.06130000 0.00485949 0.00761373
v -0.06130000 0.00486536 0.00758516
v -0.06130000 0.00487261 0.00755691
v -0.06130000 0.00488122 0.00752904
v -0.06130000 0.00489118 0.00750163
v -0.06130000 0.00490246 0.00747473
v -0.06130000 0.00491503 0.00744841
v -0.06130000 0.00492887 0.00742274
v -0.06130000 0.00494393 0.00739776
v -0.06130000 0.00496020 0.00737355
v -0.06130000 0.00497762 0.00735016
v -0.06130000 0.00499615 0.00732764
v -0.06130000 0.00501576 0.00730605
v -0.06130000 0.00503640 0.00728544
v -0.06130000 0.00505801 0.00726585
v -0.06130000 0.00508055 0.00724734
v -0.06130000 0.00428466 0.01127056
v -0.06130000 0.00494649 0.01229145
v -0.06250361 0.00575189 0.01344813
v -0.06130000 0.00492110 0.01229980
v -0.06130000 0.00489537 0.01230701
v -0.06130000 0.00486934 0.01231307
v -0.06130000 0.00484306 0.01231796
v -0.06130000 0.00481341 0.01232205
v -0.06130000 0.00478359 0.01232465
v -0.06130000 0.00475368 0.01232576
v -0.06130000 0.00472375 0.01232538
v -0.06130000 0.00469388 0.01232351
v -0.06130000 0.00466414 0.01232015
v -0.06130000 0.00463460 0.01231531
v -0.06130000 0.00460534 0.01230900
v -0.06130000 0.00457644 0.01230124
v -0.06130000 0.00454795 0.01229205
v -0.06130000 0.00451996 0.01228145
v -0.06130000 0.00449253 0.01226947
v -0.06130000 0.00446573 0.01225614
v -0.06130000 0.00443964 0.01224148
v -0.06130000 0.00441430 0.01222554
v -0.06130000 0.00438979 0.01220836
v -0.06130000 0.00436617 0.01218998
v -0.06130000 0.00434350 0.01217044
v -0.06130000 0.00432183 0.01214980
v -0.06130000 0.00430121 0.01212810
v -0.06130000 0.00428170 0.01210540
v -0.06130000 0.00426335 0.01208176
v -0.06130000 0.00424620 0.01205723
v -0.06130000 0.00423029 0.01203187
v -0.06130000 0.00421567 0.01200575
v -0.06130000 0.00420237 0.01197894
v -0.06130000 0.00419043 0.01195150
v -0.06130000 0.00417986 0.01192349
v -0.06130000 0.00417071 0.01189500
v -0.06130000 0.00416299 0.01186608
v -0.06130000 0.00415672 0.01183681
v -0.06130000 0.00415192 0.01180727
v -0.06130000 0.00414859 0.01177752
v -0.06130000 0.00414676 0.01174765
v -0.06130000 0.00414642 0.01171772
v -0.06130000 0.00414757 0.01168781
v -0.06130000 0.00415021 0.01165800
v -0.06130000 0.00415433 0.01162835
v -0.06130000 0.00415993 0.01159895
v -0.06130000 0.00416698 0.01156986
v -0.06130000 0.00417548 0.01154116
v -0.06130000 0.00815076 -0.01044642
v -0.06130000 0.00950010 -0.01160810
v -0.06130000 0.00817362 -0.01042765
v -0.06130000 0.00819553 -0.01040779
v -0.06130000 0.00821644 -0.01038686
v -0.06130000 0.00823629 -0.01036493
v -0.06130000 0.00825503 -0.01034205
v -0.06130000 0.00827262 -0.01031828
v -0.06130000 0.00828903 -0.01029366
v -0.06130000 0.00830419 -0.01026827
v -0.06130000 0.00831809 -0.01024216
v -0.06130000 0.01006691 -0.01112013
v -0.06130000 0.00833069 -0.01021540
v -0.06130000 0.00834195 -0.01018805
v -0.06130000 0.00835185 -0.01016018
v -0.06130000 0.00836036 -0.01013185
v -0.06130000 0.00836747 -0.01010314
v -0.06130000 0.00837315 -0.01007412
v -0.06130000 0.00837739 -0.01004484
v -0.06130000 0.00838019 -0.01001540
v -0.06130000 0.00838154 -0.00998585
v -0.06130000 0.01060869 -0.01060452
v -0.06130000 0.00838142 -0.00995628
v -0.06130000 0.00837985 -0.00992674
v -0.06130000 0.00837683 -0.00989732
v -0.06130000 0.00837236 -0.00986808
v -0.06130000 0.00836645 -0.00983910
v -0.06130000 0.00835912 -0.00981044
v -0.06130000 0.00835039 -0.00978218
v -0.06130000 0.01112409 -0.01006253
v -0.06130000 0.00834028 -0.00975439
v -0.06130000 0.00832881 -0.00972712
v -0.06130000 0.00831601 -0.00970046
v -0.06130000 0.00830191 -0.00967446
v -0.06130000 0.00828654 -0.00964918
v -0.06130000 0.00826995 -0.00962470
v -0.06130000 0.01161184 -0.00949554
v -0.06130000 0.00825218 -0.00960106
v -0.06130000 0.00823326 -0.00957832
v -0.06130000 0.00821324 -0.00955655
v -0.06130000 0.00819218 -0.00953579
v -0.06130000 0.01207072 -0.00890493
v -0.06130000 0.00817011 -0.00951609
v -0.06130000 0.00814710 -0.00949750
v -0.06130000 0.00812321 -0.00948007
v -0.06130000 0.00056381 -0.01498940
v -0.06130000 0.00077945 -0.01322648
v -0.06130000 0.00075273 -0.01322633
v -0.06130000 0.00072603 -0.01322498
v -0.06130000 0.00069943 -0.01322244
v -0.06130000 0.00067296 -0.01321872
v -0.06130000 0.00064355 -0.01321316
v -0.06130000 0.00061445 -0.01320614
v -0.06130000 0.00058574 -0.01319768
v -0.06130000 0.00055749 -0.01318780
v -0.06130000 -0.00018405 -0.01499887
v -0.06130000 0.00052977 -0.01317652
v -0.06130000 0.00050264 -0.01316387
v -0.06130000 0.00047618 -0.01314989
v -0.06130000 0.00045044 -0.01313460
v -0.06130000 0.00042550 -0.01311805
v -0.06130000 0.00040142 -0.01310028
v -0.06130000 0.00037826 -0.01308132
v -0.06130000 0.00035607 -0.01306124
v -0.06130000 -0.00093145 -0.01497105
v -0.06130000 0.00033490 -0.01304007
v -0.06130000 0.00031482 -0.01301788
v -0.06130000 0.00029587 -0.01299471
v -0.06130000 0.00027811 -0.01297062
v -0.06130000 0.00026156 -0.01294568
v -0.06130000 0.00024628 -0.01291995
v -0.06130000 0.00023230 -0.01289348
v -0.06130000 0.00021966 -0.01286635
v -0.06130000 -0.00167654 -0.01490601
v -0.06130000 0.00020838 -0.01283862
v -0.06130000 0.00019850 -0.01281037
v -0.06130000 0.00019005 -0.01278166
v -0.06130000 0.00018304 -0.01275256
v -0.06130000 0.00017748 -0.01272315
v -0.06130000 0.00017340 -0.01269350
v -0.06130000 -0.00241746 -0.01480392
v -0.06130000 0.00017081 -0.01266368
v -0.06130000 0.00016970 -0.01263377
v -0.06130000 0.00017009 -0.01260384
v -0.06130000 0.00017197 -0.01257397
v -0.06130000 -0.00315237 -0.01466501
v -0.06130000 0.00017533 -0.01254423
v -0.06130000 0.00018018 -0.01251469
v -0.06130000 0.00018649 -0.01248544
v -0.06120000 0.01050045 -0.00388510
v -0.06116286 0.00953814 -0.00433174
v -0.06130000 0.00914501 -0.00439805
v -0.06130000 0.00807299 -0.00944884
v -0.06130000 0.00809848 -0.00946384
v -0.06130000 0.00899636 -0.00441483
v -0.06130000 0.00801994 -0.00942271
v -0.06130000 0.00804678 -0.00943512
v -0.06130000 0.00884707 -0.00442418
v -0.06130000 0.00796457 -0.00940193
v -0.06130000 0.00799251 -0.00941164
v -0.06118571 0.01136823 -0.00290284
v -0.06130000 0.00869750 -0.00442607
v -0.06130000 0.00793619 -0.00939361
v -0.06130000 0.00854802 -0.00442051
v -0.06130000 0.00787836 -0.00938122
v -0.06130000 0.00790743 -0.00938670
v -0.06130000 0.00839900 -0.00440750
v -0.06130000 0.00784813 -0.00937707
v -0.06130000 0.00785823 -0.00937828
v -0.06130000 0.00786831 -0.00937966
v -0.06130000 0.00795677 -0.00433040
v -0.06115882 0.01173317 -0.00178200
v -0.06116667 0.00718241 -0.00401291
v -0.06130000 0.00604651 -0.00905529
v -0.06130000 0.00424512 -0.00805152
v -0.06130000 0.00701406 -0.00388409
v -0.06130000 0.00426983 -0.00806558
v -0.06130000 0.00419383 -0.00802698
v -0.06130000 0.00689369 -0.00379529
v -0.06130000 0.00421977 -0.00803864
v -0.06130000 0.00677789 -0.00370060
v -0.06130000 0.00416738 -0.00801656
v -0.06121579 0.01169869 -0.00072027
v -0.06130000 0.00020345 -0.01242805
v -0.06130000 -0.00382043 -0.00926443
v -0.06130000 0.00021405 -0.01240006
v -0.06130000 0.00022604 -0.01237263
v -0.06130000 -0.00394295 -0.00935025
v -0.06130000 0.00019425 -0.01245653
v -0.06112857 -0.00373210 -0.00921868
v -0.05895854 0.00134009 -0.01086516
v -0.06124894 -0.00615327 -0.01000203
v -0.06118837 0.01097603 0.00059994
v -0.06122258 -0.00302693 -0.00845891
v -0.06130000 0.00399848 -0.00798107
v -0.06130000 0.00296989 -0.00402241
v -0.06130000 0.00402808 -0.00798367
v -0.06130000 0.00405752 -0.00798773
v -0.06130000 0.00390941 -0.00798209
v -0.06130000 0.00276570 -0.00416544
v -0.06130000 0.00393907 -0.00798028
v -0.06130000 0.00396879 -0.00797994
v -0.06130000 0.00316670 -0.00386937
v -0.06130000 0.00408546 -0.00799297
v -0.06130000 0.00411313 -0.00799954
v -0.06130000 0.00414046 -0.00800741
v -0.06130000 0.00255463 -0.00429812
v -0.06130000 0.00382148 -0.00799629
v -0.06130000 0.00385054 -0.00799010
v -0.06130000 0.00387988 -0.00798537
v -0.06130000 0.00335564 -0.00370671
v -0.06127193 0.00537757 -0.00133090
v -0.06130000 0.00233721 -0.00442012
v -0.06130000 0.00376445 -0.00801293
v -0.06130000 0.00379276 -0.00800390
v -0.06130000 0.00315253 -0.00827225
v -0.06130000 0.00185805 -0.00464623
v -0.06130000 0.00248389 -0.00849743
v -0.06130000 0.00141504 -0.00479559
v -0.06130000 0.00251114 -0.00848705
v -0.06130000 0.00213100 -0.00889917
v -0.06130000 0.00117424 -0.00486016
v -0.06130000 0.00243105 -0.00852210
v -0.06130000 0.00245717 -0.00850913
v -0.06296500 0.01494615 0.00308021
v -0.06130000 -0.00268599 -0.00755438
v -0.06130000 0.00213915 -0.00887117
v -0.06130000 0.00214865 -0.00884359
v -0.06130000 0.00093052 -0.00491265
v -0.06130000 0.00235690 -0.00856842
v -0.06130000 0.00238085 -0.00855179
v -0.06130000 0.00240559 -0.00853633
v -0.06130000 -0.00265456 -0.00740814
v -0.06130000 0.00215948 -0.00881651
v -0.06130000 0.00217161 -0.00878999
v -0.06130000 0.00229026 -0.00862503
v -0.06130000 0.00068449 -0.00495293
v -0.06130000 0.00231155 -0.00860509
v -0.06130000 0.00233378 -0.00858620
v -0.06130000 -0.00263045 -0.00726051
v -0.06130000 0.00218502 -0.00876409
v -0.06130000 0.00223256 -0.00869071
v -0.06130000 0.00043676 -0.00498089
v -0.06130000 0.00225072 -0.00866789
v -0.06130000 0.00226997 -0.00864598
v -0.06130000 0.00018794 -0.00499647
v -0.06130000 0.00219967 -0.00873887
v -0.06130000 0.00221553 -0.00871439
v -0.06130000 -0.00006135 -0.00499962
v -0.06120968 0.00636667 0.00055658
v -0.06122500 -0.00857019 -0.00762083
v -0.06124217 -0.00276964 -0.00554257
v -0.06130000 0.01402929 0.00530838
v -0.06130000 0.01090210 0.00649393
v -0.06130000 0.01374725 0.00600108
v -0.06130000 0.01087773 0.00647717
v -0.06130000 0.01092562 0.00651187
v -0.06130000 0.01085256 0.00646164
v -0.06130000 0.01094822 0.00653094
v -0.06130000 0.01020543 0.00649630
v -0.06130000 0.01096986 0.00655111
v -0.06130000 0.01099048 0.00657232
v -0.06130000 0.01101003 0.00659451
v -0.06130000 0.01102846 0.00661765
v -0.06130000 0.01343104 0.00667887
v -0.06130000 0.01104572 0.00664166
v -0.06130000 0.01106179 0.00666650
v -0.06123514 0.00899897 0.00160566
v -0.06130000 0.01107661 0.00669209
v -0.06130000 0.01109015 0.00671839
v -0.06130000 0.01110237 0.00674532
v -0.06130000 0.01111326 0.00677282
v -0.06130000 0.01112278 0.00680083
v -0.06130000 0.01308143 0.00734005
v -0.06130000 0.01113090 0.00682927
v -0.06130000 0.01113761 0.00685807
v -0.06130000 0.01114290 0.00688718
v -0.06130000 0.01114675 0.00691650
v -0.06130000 0.01114914 0.00694598
v -0.06130000 0.01115008 0.00697555
v -0.06130000 0.01114956 0.00700512
v -0.06130000 0.01114759 0.00703463
v -0.06130000 0.01114416 0.00706401
v -0.06130000 0.01269929 0.00798298
v -0.06130000 0.01113929 0.00709318
v -0.06130000 0.01113299 0.00712208
v -0.06130000 0.01112527 0.00715063
v -0.06130000 0.01111615 0.00717877
v -0.06130000 0.01110566 0.00720642
v -0.06130000 0.01109382 0.00723353
v -0.06130000 0.01108066 0.00726002
v -0.06130000 0.00436048 0.00244668
v -0.06130000 0.00760301 0.00135222
v -0.06130000 0.01106620 0.00728582
v -0.06130000 0.01105050 0.00731088
v -0.06123333 -0.00515597 -0.00380790
v -0.06112857 0.00778060 0.00143659
v -0.06130000 0.00774292 0.00140516
v -0.06130000 0.00658590 0.00628283
v -0.06130000 0.00655776 0.00627869
v -0.06130000 0.00652947 0.00627588
v -0.06130000 0.00650107 0.00627442
v -0.06130000 0.00647264 0.00627431
v -0.06130000 0.00423310 0.00266099
v -0.06130000 0.00644423 0.00627554
v -0.06130000 0.00641591 0.00627812
v -0.06130000 0.00409520 0.00286869
v -0.06130000 0.00394711 0.00306925
v -0.06130000 0.00378922 0.00326218
v -0.06130000 0.00362190 0.00344700
v -0.06130000 0.00344558 0.00362326
v -0.06116286 -0.00857977 -0.00634624
v -0.06130000 -0.00488792 -0.00105271
v -0.06130000 -0.00659376 -0.00401953
v -0.06130000 0.00318309 0.00385773
v -0.06130000 0.00286708 0.00409632
v -0.06130000 0.00265933 0.00423414
v -0.06130000 0.00244497 0.00436144
v -0.06130000 0.00222453 0.00447789
v -0.06130000 0.00199856 0.00458320
v -0.06130000 0.00176762 0.00467713
v -0.06130000 0.00153229 0.00475942
v -0.06130000 -0.00832154 -0.00558366
v -0.06130000 -0.01217129 -0.00223486
v -0.06130000 -0.00825499 -0.00544970
v -0.06130000 -0.01219580 -0.00225206
v -0.06130000 -0.01214766 -0.00221646
v -0.06130000 -0.01222114 -0.00226801
v -0.06130000 -0.00838133 -0.00572078
v -0.06130000 -0.01212499 -0.00219691
v -0.06130000 -0.00818184 -0.00531922
v -0.06130000 -0.01224725 -0.00228268
v -0.06130000 -0.01210331 -0.00217625
v -0.06130000 -0.00810228 -0.00519255
v -0.06130000 -0.01208270 -0.00215453
v -0.06130000 -0.01206319 -0.00213181
v -0.06130000 -0.00801651 -0.00507000
v -0.06130000 -0.01204484 -0.00210815
v -0.06393609 -0.01078148 -0.01123241
v -0.06130000 -0.00906974 0.00036614
v -0.06130000 -0.00904616 0.00038330
v -0.06130000 -0.00673366 -0.00407247
v -0.06130000 -0.00909413 0.00035015
v -0.06130000 -0.00687076 -0.00413231
v -0.06130000 -0.00902343 0.00040158
v -0.06130000 -0.00911927 0.00033536
v -0.06130000 -0.00900162 0.00042095
v -0.06130000 -0.00493432 -0.00080776
v -0.06130000 -0.00898078 0.00044135
v -0.06130000 -0.00896096 0.00046274
v -0.06130000 -0.00496845 -0.00056080
v -0.06130000 -0.00894219 0.00048507
v -0.06130000 -0.00892454 0.00050829
v -0.06130000 -0.00890803 0.00053233
v -0.06130000 -0.00499023 -0.00031245
v -0.06130000 -0.00889271 0.00055715
v -0.06130000 -0.00887862 0.00058269
v -0.06130000 -0.00886578 0.00060888
v -0.06130000 -0.00499960 -0.00006331
v -0.06130000 -0.00885423 0.00063566
v -0.06130000 -0.00712023 -0.00426054
v -0.06130000 -0.00884400 0.00066297
v -0.06130000 -0.00883511 0.00069075
v -0.06130000 -0.00499654 0.00018597
v -0.06130000 -0.00882757 0.00071893
v -0.06130000 -0.00882142 0.00074744
v -0.06130000 -0.00498106 0.00043480
v -0.06130000 -0.00881665 0.00077621
v -0.06119565 -0.00042470 0.00693499
v -0.06130000 -0.00018413 0.00772013
v -0.06130000 -0.00016003 0.00786776
v -0.06130000 -0.00014331 0.00801640
v -0.06119565 -0.00399579 0.00534546
v -0.06130000 -0.00490307 0.00101778
v -0.06130000 -0.00865427 0.00185266
v -0.06130000 -0.00859588 0.00215570
v -0.06130000 -0.00471974 0.00165047
v -0.06130000 -0.00859548 0.00218487
v -0.06130000 -0.00859649 0.00221401
v -0.06130000 -0.00859892 0.00224308
v -0.06130000 -0.00463161 0.00188368
v -0.06130000 -0.00860276 0.00227199
v -0.06130000 -0.00860800 0.00230068
v -0.06130000 -0.00861462 0.00232909
v -0.06130000 -0.00453195 0.00211220
v -0.06130000 -0.00862262 0.00235714
v -0.06130000 -0.00863198 0.00238476
v -0.06130000 -0.00864266 0.00241190
v -0.06130000 -0.00442104 0.00233547
v -0.06130000 -0.00865465 0.00243849
v -0.06130000 -0.00866792 0.00246446
v -0.06130000 -0.00429913 0.00255294
v -0.06130000 -0.00868244 0.00248976
v -0.06118571 -0.00010617 0.00815631
v -0.06130000 -0.00497256 0.00590829
v -0.06130000 -0.00869816 0.00251432
v -0.06130000 -0.00873310 0.00256101
v -0.06130000 -0.00508836 0.00600298
v -0.06130000 -0.00871506 0.00253809
v -0.06130000 -0.00519929 0.00610333
v -0.06130000 -0.00875223 0.00258303
v -0.06130000 -0.00044574 0.00961306
v -0.06121273 -0.00569987 0.00666967
v -0.06130000 -0.00051566 0.00974529
v -0.06130000 0.00530286 0.01403138
v -0.06130000 -0.00059209 0.00987388
v -0.06130000 -0.00067483 0.00999850
v -0.06130000 -0.00076368 0.01011883
v -0.06130000 0.00459686 0.01427826
v -0.06130000 0.00387944 0.01448965
v -0.06130000 0.00315237 0.01466501
v -0.06130000 0.00241746 0.01480392
v -0.06112857 -0.00605933 0.00754633
v -0.05900141 -0.01005551 0.00411816
v -0.06130000 -0.01078228 0.00591343
v -0.06130000 -0.00606470 0.00764566
v -0.06130000 0.00167654 0.01490601
v -0.06130000 -0.01079626 0.00593991
v -0.06130000 -0.00609254 0.00779263
v -0.06130000 -0.01081154 0.00596566
v -0.06130000 -0.01082808 0.00599062
v -0.06130000 -0.00611301 0.00794080
v -0.06130000 -0.01084585 0.00601473
v -0.06130000 -0.01086480 0.00603791
v -0.06130000 -0.00612608 0.00808982
v -0.06130000 -0.01088488 0.00606012
v -0.06130000 -0.01090605 0.00608130
v -0.06120204 -0.00609902 0.00887844
v -0.06130000 -0.01177597 0.00603645
v -0.06130000 -0.01326311 0.00700642
v -0.06130000 -0.01175639 0.00605825
v -0.06130000 -0.01173578 0.00607908
v -0.06130000 -0.01171418 0.00609888
v -0.06130000 -0.01169163 0.00611760
v -0.06130000 -0.01184294 0.00594046
v -0.06130000 -0.01182798 0.00596566
v -0.06130000 -0.01181180 0.00599009
v -0.06130000 -0.01179445 0.00601371
v -0.06122727 -0.00174583 0.01101244
v -0.06130000 -0.01289738 0.00765882
v -0.06130000 -0.01166820 0.00613519
v -0.06130000 -0.01164393 0.00615162
v -0.06130000 -0.01161890 0.00616685
v -0.06130000 -0.01159314 0.00618083
v -0.06130000 -0.01156674 0.00619355
v -0.06130000 -0.01153975 0.00620495
v -0.06130000 -0.01151223 0.00621503
v -0.06130000 -0.01148426 0.00622375
v -0.06130000 -0.01145589 0.00623109
v -0.06130000 -0.01249959 0.00829218
v -0.06130000 -0.01142719 0.00623704
v -0.06130000 -0.01139825 0.00624158
v -0.06130000 -0.01136911 0.00624471
v -0.06130000 -0.01133985 0.00624640
v -0.06130000 -0.01131055 0.00624667
v -0.06130000 -0.01128127 0.00624550
v -0.06130000 -0.01125208 0.00624291
v -0.06117368 -0.00306067 0.01130683
v -0.06130000 -0.01207072 0.00890493
v -0.06130000 -0.01122306 0.00623890
v -0.06130000 -0.01119363 0.00623333
v -0.06130000 -0.01116452 0.00622631
v -0.06130000 -0.01113580 0.00621784
v -0.06130000 -0.01110754 0.00620796
v -0.06130000 -0.01107980 0.00619667
v -0.06130000 -0.01161184 0.00949554
v -0.06130000 -0.01105266 0.00618401
v -0.06130000 -0.01102619 0.00617002
v -0.06130000 -0.01100045 0.00615472
v -0.06130000 -0.01097550 0.00613816
v -0.06130000 -0.01112409 0.01006253
v -0.06130000 -0.01095141 0.00612037
v -0.06130000 -0.01092824 0.00610140
v -0.06286333 -0.01401404 0.00554012
v -0.06427080 -0.00452841 -0.01491682
v -0.06542697 0.00068041 -0.01563709
v -0.06545455 0.01591224 -0.00151534
v -0.06567568 0.00217733 0.01577613
v -0.06566667 -0.01198106 0.01035684
v -0.06205000 -0.01475321 -0.00202849
v -0.06572727 0.00985199 -0.01249524
v -0.06628571 0.01095206 -0.01025358
v -0.06636364 0.01207072 -0.00890493
v -0.06516983 0.00664851 -0.01408005
v -0.06435801 0.01361779 -0.00770217
v -0.06628571 -0.00133879 -0.01494570
v -0.06636364 -0.00315237 -0.01466501
v -0.06600000 0.01498915 -0.00119541
v -0.06600000 0.01486645 0.00216165
v -0.06555446 0.01520053 0.00622881
v -0.06636364 0.01427646 0.00460248
v -0.06628571 0.01391053 0.00562704
v -0.06600000 0.01207349 0.00906408
v -0.06628571 -0.01361275 -0.00631342
v -0.06490432 0.00814535 0.01367188
v -0.06636364 -0.01427646 -0.00460248
v -0.06636364 0.00241746 0.01480392
v -0.06636364 0.00167654 0.01490601
v -0.06367320 -0.00303309 0.01508689
v -0.06636364 -0.01207072 0.00890493
v -0.06636364 -0.01161184 0.00949554
v -0.06633333 -0.00241746 -0.01480392
v -0.06650000 -0.00387944 -0.01448965
v -0.06650000 -0.00459686 -0.01427826
v -0.06650000 -0.00530286 -0.01403138
v -0.06650000 -0.00599568 -0.01374961
v -0.06650000 -0.00667359 -0.01343366
v -0.06650000 -0.00733490 -0.01308431
v -0.06650000 -0.00797798 -0.01270243
v -0.06650000 -0.00860123 -0.01228897
v -0.06650000 -0.00920309 -0.01184496
v -0.06650000 -0.00978208 -0.01137150
v -0.06650000 -0.01033674 -0.01086977
v -0.06650000 -0.01086570 -0.01034101
v -0.06650000 -0.01136765 -0.00978655
v -0.06650000 -0.01184134 -0.00920775
v -0.06650000 -0.01228559 -0.00860606
v -0.06650000 -0.01269929 -0.00798298
v -0.06650000 -0.01308143 -0.00734005
v -0.06650000 -0.01343104 -0.00667887
v -0.06650000 -0.01402929 -0.00530838
v -0.06650000 -0.01448812 -0.00388513
v -0.06650000 -0.01466377 -0.00315813
v -0.06650000 -0.01480296 -0.00242328
v -0.06650000 -0.01490535 -0.00168240
v -0.06650000 -0.01497068 -0.00093734
v -0.06650000 -0.01499880 -0.00018994
v -0.06650000 -0.01498962 0.00055792
v -0.06650000 -0.01494318 0.00130440
v -0.06650000 -0.01485958 0.00204763
v -0.06650000 -0.01473905 0.00278578
v -0.06650000 -0.01458186 0.00351699
v -0.06650000 -0.01438843 0.00423947
v -0.06650000 -0.01415922 0.00495140
v -0.06650000 -0.01389482 0.00565103
v -0.06650000 -0.01359586 0.00633660
v -0.06650000 -0.01326311 0.00700642
v -0.06650000 -0.01289738 0.00765882
v -0.06650000 -0.01249959 0.00829218
v -0.06636364 -0.01087089 0.01033780
v -0.06650000 -0.01060869 0.01060452
v -0.06650000 -0.01006691 0.01112013
v -0.06650000 -0.00950010 0.01160810
v -0.06650000 -0.00890968 0.01206722
v -0.06650000 -0.00829710 0.01249633
v -0.06650000 -0.00766389 0.01289437
v -0.06650000 -0.00701164 0.01326035
v -0.06650000 -0.00634195 0.01359337
v -0.06650000 -0.00565649 0.01389259
v -0.06650000 -0.00495697 0.01415728
v -0.06650000 -0.00424513 0.01438676
v -0.06650000 -0.00352273 0.01458048
v -0.06650000 -0.00279157 0.01473795
v -0.06650000 -0.00205348 0.01485878
v -0.06650000 -0.00131027 0.01494266
v -0.06650000 -0.00056381 0.01498940
v -0.06650000 0.00018405 0.01499887
v -0.06650000 0.00093145 0.01497105
v -0.06630769 0.00340383 0.01461155
v -0.06650000 0.00387944 0.01448965
v -0.06650000 0.00459686 0.01427826
v -0.06650000 0.00530286 0.01403138
v -0.06650000 0.00599568 0.01374961
v -0.06650000 0.00667359 0.01343366
v -0.06650000 0.00733490 0.01308431
v -0.06650000 0.00797798 0.01270243
v -0.06650000 0.00860123 0.01228897
v -0.06650000 0.00920309 0.01184496
v -0.06650000 0.00978208 0.01137150
v -0.06650000 0.01033674 0.01086977
v -0.06650000 0.01086570 0.01034101
v -0.06650000 0.01136765 0.00978655
v -0.06650000 0.01184134 0.00920775
v -0.06650000 0.01228559 0.00860606
v -0.06650000 0.01269929 0.00798298
v -0.06650000 0.01308143 0.00734005
v -0.06650000 0.01343104 0.00667887
v -0.06650000 0.01374725 0.00600108
v -0.06650000 0.01448812 0.00388513
v -0.06650000 0.01466377 0.00315813
v -0.06650000 0.01480296 0.00242328
v -0.06650000 0.01490535 0.00168240
v -0.06650000 0.01497068 0.00093734
v -0.06650000 0.01499880 0.00018994
v -0.06650000 0.01498962 -0.00055792
v -0.06650000 0.01494318 -0.00130440
v -0.06650000 0.01485958 -0.00204763
v -0.06650000 0.01473905 -0.00278578
v -0.06650000 0.01458186 -0.00351699
v -0.06650000 0.01438843 -0.00423947
v -0.06650000 0.01415922 -0.00495140
v -0.06650000 0.01389482 -0.00565103
v -0.06650000 0.01359586 -0.00633660
v -0.06650000 0.01326311 -0.00700642
v -0.06650000 0.01289738 -0.00765882
v -0.06650000 0.01249959 -0.00829218
v -0.06650000 0.01161184 -0.00949554
v -0.06650000 0.01060869 -0.01060452
v -0.06650000 0.01006691 -0.01112013
v -0.06650000 0.00950010 -0.01160810
v -0.06650000 0.00890968 -0.01206722
v -0.06650000 0.00829710 -0.01249633
v -0.06650000 0.00766389 -0.01289437
v -0.06650000 0.00701164 -0.01326035
v -0.06650000 0.00634195 -0.01359337
v -0.06650000 0.00565649 -0.01389259
v -0.06650000 0.00495697 -0.01415728
v -0.06650000 0.00424513 -0.01438676
v -0.06650000 0.00352273 -0.01458048
v -0.06650000 0.00279157 -0.01473795
v -0.06650000 0.00205348 -0.01485878
v -0.06650000 0.00131027 -0.01494266
v -0.06650000 0.00056381 -0.01498940
v -0.06650000 -0.00018405 -0.01499887
v -0.06650000 -0.00093145 -0.01497105
v -0.06650000 -0.01017449 0.00892937
v -0.06650000 -0.01023984 0.00888360
v -0.06650000 -0.01030282 0.00883463
v -0.06650000 -0.01010695 0.00897183
v -0.06650000 -0.01036327 0.00878258
v -0.06650000 -0.01003738 0.00901087
v -0.06650000 -0.01042106 0.00872758
v -0.06650000 -0.00996595 0.00904639
v -0.06650000 -0.01047604 0.00866977
v -0.06650000 -0.00989283 0.00907831
v -0.06650000 -0.01052807 0.00860929
v -0.06650000 -0.00981821 0.00910654
v -0.06650000 -0.01057701 0.00854629
v -0.06650000 -0.00974228 0.00913102
v -0.06650000 -0.01062276 0.00848093
v -0.06650000 -0.00966523 0.00915168
v -0.06650000 -0.01066519 0.00841337
v -0.06650000 -0.00958724 0.00916848
v -0.06650000 -0.01070420 0.00834378
v -0.06650000 -0.00950851 0.00918136
v -0.06650000 -0.01073970 0.00827233
v -0.06650000 -0.00942923 0.00919031
v -0.06650000 -0.01077158 0.00819920
v -0.06650000 -0.00934961 0.00919530
v -0.06650000 -0.01079979 0.00812458
v -0.06650000 -0.00926984 0.00919631
v -0.06650000 -0.01082424 0.00804864
v -0.06650000 -0.00919012 0.00919334
v -0.06650000 -0.01084487 0.00797157
v -0.06650000 -0.00911064 0.00918640
v -0.06650000 -0.01086164 0.00789358
v -0.06650000 -0.00903161 0.00917551
v -0.06650000 -0.01087449 0.00781484
v -0.06650000 -0.00895322 0.00916070
v -0.06650000 -0.01088341 0.00773556
v -0.06650000 -0.00887566 0.00914199
v -0.06650000 -0.01088836 0.00765594
v -0.06650000 -0.00879914 0.00911944
v -0.06650000 -0.01088934 0.00757617
v -0.06650000 -0.00872383 0.00909311
v -0.06650000 -0.01088634 0.00749645
v -0.06650000 -0.00864993 0.00906305
v -0.06650000 -0.01087938 0.00741697
v -0.06650000 -0.00857762 0.00902935
v -0.06650000 -0.01086845 0.00733795
v -0.06650000 -0.00850708 0.00899209
v -0.06650000 -0.01085361 0.00725956
v -0.06650000 -0.00843849 0.00895135
v -0.06650000 -0.01083487 0.00718201
v -0.06650000 -0.00837201 0.00890725
v -0.06650000 -0.01081229 0.00710550
v -0.06650000 -0.00830781 0.00885989
v -0.06650000 -0.01078593 0.00703020
v -0.06650000 -0.01075584 0.00695631
v -0.06650000 -0.01072211 0.00688402
v -0.06650000 -0.01068482 0.00681349
v -0.06650000 -0.01064406 0.00674491
v -0.06650000 -0.01059993 0.00667845
v -0.06650000 -0.01055255 0.00661427
v -0.06650000 -0.01050202 0.00655253
v -0.06650000 -0.01044848 0.00649339
v -0.06650000 -0.01039206 0.00643699
v -0.06650000 -0.01033289 0.00638347
v -0.06650000 -0.01027113 0.00633297
v -0.06650000 -0.01020694 0.00628561
v -0.06650000 -0.01014046 0.00624150
v -0.06650000 -0.01007186 0.00620077
v -0.06650000 -0.01000132 0.00616350
v -0.06650000 -0.00992901 0.00612980
v -0.06650000 -0.00985511 0.00609975
v -0.06650000 -0.00977980 0.00607341
v -0.06650000 -0.00970328 0.00605087
v -0.06650000 -0.00423822 0.00994346
v -0.06650000 -0.00431990 0.00988625
v -0.06650000 -0.00439862 0.00982503
v -0.06650000 -0.00415380 0.00999653
v -0.06650000 -0.00447420 0.00975997
v -0.06650000 -0.00406683 0.01004533
v -0.06650000 -0.00454644 0.00969122
v -0.06650000 -0.00962572 0.00603216
v -0.06650000 -0.00397754 0.01008973
v -0.06650000 -0.00461516 0.00961896
v -0.06650000 -0.00388614 0.01012963
v -0.06650000 -0.00468019 0.00954336
v -0.06650000 -0.00379287 0.01016492
v -0.06650000 -0.00474137 0.00946461
v -0.06650000 -0.00369796 0.01019552
v -0.06650000 -0.00479856 0.00938291
v -0.06650000 -0.00824605 0.00880939
v -0.06650000 -0.00360164 0.01022135
v -0.06650000 -0.00485159 0.00929846
v -0.06650000 -0.00818689 0.00875587
v -0.06650000 -0.00350415 0.01024234
v -0.06650000 -0.00490036 0.00921147
v -0.06650000 -0.00813046 0.00869947
v -0.06650000 -0.00340574 0.01025845
v -0.06650000 -0.00494473 0.00912216
v -0.06650000 -0.00807692 0.00864033
v -0.06650000 -0.00330665 0.01026964
v -0.06650000 -0.00498459 0.00903075
v -0.06650000 -0.00802639 0.00857859
v -0.06650000 -0.00320712 0.01027587
v -0.06650000 -0.00501984 0.00893747
v -0.06650000 -0.00797901 0.00851441
v -0.06650000 -0.00310740 0.01027713
v -0.06650000 -0.00505040 0.00884255
v -0.06650000 -0.00793488 0.00844795
v -0.06650000 -0.00789412 0.00837937
v -0.06650000 -0.00300775 0.01027342
v -0.06650000 0.00104894 0.01317607
v -0.06650000 0.00098360 0.01313030
v -0.06650000 0.00092062 0.01308133
v -0.06650000 0.00111648 0.01321853
v -0.06650000 0.00086016 0.01302928
v -0.06650000 0.00118606 0.01325757
v -0.06650000 -0.00507619 0.00874622
v -0.06650000 -0.00785683 0.00830884
v -0.06650000 0.00080237 0.01297428
v -0.06650000 0.00125749 0.01329309
v -0.06650000 0.00074740 0.01291647
v -0.06650000 0.00133061 0.01332501
v -0.06650000 -0.00290841 0.01026475
v -0.06650000 0.00069537 0.01285599
v -0.06650000 0.00140522 0.01335324
v -0.06650000 0.00064642 0.01279299
v -0.06650000 -0.00509715 0.00864872
v -0.06650000 -0.00782310 0.00823654
v -0.06650000 0.00148115 0.01337772
v -0.06650000 0.00060068 0.01272763
v -0.06650000 0.00155821 0.01339838
v -0.06650000 -0.00280962 0.01025114
v -0.06650000 0.00055824 0.01266007
v -0.06650000 0.00163620 0.01341518
v -0.06650000 -0.00511322 0.00855030
v -0.06650000 -0.00779301 0.00816266
v -0.06650000 0.00051923 0.01259048
v -0.06650000 0.00171493 0.01342807
v -0.06650000 -0.00271163 0.01023262
v -0.06650000 0.00048374 0.01251904
v -0.06650000 0.00179420 0.01343702
v -0.06650000 -0.00512437 0.00845120
v -0.06650000 -0.00776665 0.00808736
v -0.06650000 0.00045185 0.01244591
v -0.06650000 0.00187382 0.01344200
v -0.06650000 -0.00261469 0.01020924
v -0.06650000 0.00042365 0.01237128
v -0.06650000 -0.00513056 0.00835167
v -0.06650000 -0.00774407 0.00801084
v -0.06650000 0.00195360 0.01344301
v -0.06650000 0.00039920 0.01229534
v -0.06650000 0.00203332 0.01344004
v -0.06650000 0.00037857 0.01221828
v -0.06650000 -0.00513178 0.00825196
v -0.06650000 -0.00772534 0.00793330
v -0.06650000 0.00211280 0.01343311
v -0.06650000 0.00036180 0.01214028
v -0.06650000 0.00219183 0.01342222
v -0.06650000 -0.00512804 0.00815231
v -0.06650000 -0.00771049 0.00785491
v -0.06650000 -0.00769957 0.00777588
v -0.06650000 0.00034894 0.01206155
v -0.06650000 -0.00251903 0.01018105
v -0.06650000 0.00227022 0.01340740
v -0.06650000 0.00034003 0.01198227
v -0.06650000 -0.00242490 0.01014813
v -0.06650000 -0.00511932 0.00805296
v -0.06650000 -0.00769260 0.00769641
v -0.06650000 0.00234777 0.01338869
v -0.06650000 0.00033507 0.01190264
v -0.06650000 -0.00233252 0.01011057
v -0.06650000 -0.00510567 0.00795418
v -0.06650000 -0.00768960 0.00761669
v -0.06650000 0.00242430 0.01336615
v -0.06650000 0.00033409 0.01182287
v -0.06650000 -0.00224213 0.01006844
v -0.06650000 0.00249960 0.01333981
v -0.06650000 -0.00508711 0.00785620
v -0.06650000 -0.00769058 0.00753692
v -0.06650000 0.00033709 0.01174315
v -0.06650000 -0.00215396 0.01002186
v -0.06650000 0.00257350 0.01330976
v -0.06650000 0.00034406 0.01166368
v -0.06650000 -0.00206821 0.00997094
v -0.06650000 -0.00506369 0.00775927
v -0.06650000 -0.00769553 0.00745729
v -0.06650000 0.00264581 0.01327606
v -0.06650000 0.00035498 0.01158465
v -0.06650000 -0.00503547 0.00766362
v -0.06650000 -0.00770445 0.00737801
v -0.06650000 0.00271635 0.01323879
v -0.06650000 0.00036983 0.01150626
v -0.06650000 -0.00198511 0.00991581
v -0.06650000 0.00278495 0.01319806
v -0.06650000 -0.00500252 0.00756950
v -0.06650000 -0.00771731 0.00729928
v -0.06650000 0.00038856 0.01142872
v -0.06650000 -0.00190486 0.00985661
v -0.06650000 0.00285143 0.01315396
v -0.06650000 0.00041114 0.01135220
v -0.06650000 -0.00182767 0.00979348
v -0.06650000 -0.00496491 0.00747714
v -0.06650000 -0.00773407 0.00722128
v -0.06650000 0.00291563 0.01310659
v -0.06650000 0.00043751 0.01127691
v -0.06650000 -0.00175371 0.00972659
v -0.06650000 -0.00492275 0.00738677
v -0.06650000 -0.00775471 0.00714422
v -0.06650000 -0.00777915 0.00706828
v -0.06650000 0.00297739 0.01305609
v -0.06650000 0.00046759 0.01120302
v -0.06650000 -0.00168318 0.00965609
v -0.06650000 0.00303655 0.01300257
v -0.06650000 -0.00487613 0.00729861
v -0.06650000 -0.00780736 0.00699365
v -0.06650000 0.00050132 0.01113072
v -0.06650000 -0.00161626 0.00958216
v -0.06650000 0.00309297 0.01294617
v -0.06650000 -0.00482518 0.00721289
v -0.06650000 -0.00783925 0.00692052
v -0.06650000 0.00053861 0.01106019
v -0.06650000 0.00314651 0.01288703
v -0.06650000 -0.00155310 0.00950498
v -0.06650000 0.00057937 0.01099161
v -0.06650000 -0.00477002 0.00712981
v -0.06650000 -0.00787474 0.00684908
v -0.06650000 0.00319704 0.01282529
v -0.06650000 0.00062350 0.01092515
v -0.06650000 -0.00149387 0.00942476
v -0.06650000 -0.00471079 0.00704958
v -0.06650000 -0.00791375 0.00677949
v -0.06650000 0.00324443 0.01276111
v -0.06650000 0.00067089 0.01086097
v -0.06650000 -0.00143870 0.00934168
v -0.06650000 0.00328856 0.01269465
v -0.06650000 -0.00464763 0.00697241
v -0.06650000 -0.00795618 0.00671193
v -0.06650000 0.00072142 0.01079923
v -0.06650000 -0.00138775 0.00925596
v -0.06650000 0.00332932 0.01262607
v -0.06650000 -0.00458070 0.00689848
v -0.06650000 -0.00800193 0.00664657
v -0.06650000 0.00077496 0.01074009
v -0.06650000 0.00336661 0.01255554
v -0.06650000 -0.00134114 0.00916780
v -0.06650000 0.00083138 0.01068369
v -0.06650000 -0.00451018 0.00682798
v -0.06650000 -0.00805087 0.00658357
v -0.06650000 0.00340034 0.01248325
v -0.06650000 -0.00129898 0.00907743
v -0.06650000 0.00089054 0.01063017
v -0.06650000 -0.00443622 0.00676108
v -0.06650000 -0.00810290 0.00652309
v -0.06650000 0.00343042 0.01240936
v -0.06650000 -0.00126137 0.00898507
v -0.06650000 0.00095230 0.01057967
v -0.06650000 0.00345679 0.01233406
v -0.06650000 -0.00435902 0.00669796
v -0.06650000 -0.00815788 0.00646528
v -0.06650000 -0.00122842 0.00889095
v -0.06650000 0.00101650 0.01053231
v -0.06650000 0.00347936 0.01225755
v -0.06650000 0.00349810 0.01218000
v -0.06650000 -0.00120019 0.00879530
v -0.06650000 0.00108298 0.01048821
v -0.06650000 0.00115158 0.01044747
v -0.06650000 -0.00117677 0.00869837
v -0.06650000 0.00122212 0.01041021
v -0.06650000 0.00351295 0.01210162
v -0.06650000 0.00352387 0.01202259
v -0.06650000 -0.00115822 0.00860039
v -0.06650000 0.00129443 0.01037651
v -0.06650000 0.00353084 0.01194311
v -0.06650000 -0.00114456 0.00850160
v -0.06650000 0.00136833 0.01034645
v -0.06650000 0.00353384 0.01186339
v -0.06650000 -0.00113585 0.00840226
v -0.06650000 0.00144363 0.01032012
v -0.06650000 -0.00113210 0.00830261
v -0.06650000 0.00152016 0.01029757
v -0.06650000 -0.00113333 0.00820289
v -0.06650000 0.00159771 0.01027886
v -0.06650000 -0.00113952 0.00810336
v -0.06650000 0.00167610 0.01026405
v -0.06650000 -0.00115067 0.00800427
v -0.06650000 0.00175513 0.01025316
v -0.06650000 -0.00116674 0.00790585
v -0.06650000 0.00183461 0.01024622
v -0.06650000 0.00351899 0.01162472
v -0.06650000 0.00350613 0.01154598
v -0.06650000 0.00352790 0.01170400
v -0.06650000 0.00353286 0.01178362
v -0.06650000 0.00346873 0.01139092
v -0.06650000 0.00344428 0.01131498
v -0.06650000 0.00348936 0.01146799
v -0.06650000 0.00341608 0.01124036
v -0.06650000 0.00338419 0.01116723
v -0.06650000 0.00334870 0.01109578
v -0.06650000 0.00330969 0.01102619
v -0.06650000 -0.01210846 -0.00291376
v -0.06650000 -0.01217380 -0.00295953
v -0.06650000 -0.01223678 -0.00300851
v -0.06650000 -0.01204092 -0.00287130
v -0.06650000 -0.01229724 -0.00306056
v -0.06650000 -0.01197134 -0.00283227
v -0.06650000 -0.01235503 -0.00311556
v -0.06650000 -0.01189991 -0.00279674
v -0.06650000 -0.01241001 -0.00317337
v -0.06650000 -0.01182679 -0.00276483
v -0.06650000 -0.01246203 -0.00323385
v -0.06650000 -0.01175218 -0.00273659
v -0.06650000 -0.01251098 -0.00329684
v -0.06650000 -0.01167625 -0.00271212
v -0.06650000 -0.01255672 -0.00336220
v -0.06650000 -0.01159919 -0.00269145
v -0.06650000 -0.01259916 -0.00342976
v -0.06650000 -0.01152120 -0.00267466
v -0.06650000 -0.01263817 -0.00349935
v -0.06650000 -0.01144247 -0.00266177
v -0.06650000 -0.01267366 -0.00357080
v -0.06650000 -0.00267290 0.00362016
v -0.06650000 -0.00335548 0.00628982
v -0.06650000 -0.00345427 0.00630343
v -0.06650000 -0.00325614 0.00628114
v -0.06650000 -0.00248913 0.00374890
v -0.06650000 -0.00315648 0.00627743
v -0.06650000 -0.00285003 0.00348243
v -0.06650000 -0.00355226 0.00632195
v -0.06650000 -0.00364920 0.00634533
v -0.06650000 -0.00229917 0.00386831
v -0.06650000 -0.00305677 0.00627870
v -0.06650000 -0.00295724 0.00628493
v -0.06650000 -0.01136320 -0.00265282
v -0.06650000 -0.00302007 0.00333604
v -0.06650000 -0.00374486 0.00637352
v -0.06650000 -0.01270555 -0.00364393
v -0.06650000 -0.00210349 0.00397811
v -0.06650000 -0.00285815 0.00629611
v -0.06650000 -0.00275973 0.00631222
v -0.06650000 -0.00318261 0.00318135
v -0.06650000 -0.00383899 0.00640643
v -0.06650000 -0.00393137 0.00644400
v -0.06650000 -0.01128358 -0.00264783
v -0.06650000 -0.00190258 0.00407801
v -0.06650000 -0.00266225 0.00633322
v -0.06650000 -0.00256593 0.00635905
v -0.06650000 -0.01273375 -0.00371855
v -0.06650000 -0.00333723 0.00301876
v -0.06650000 -0.00402176 0.00648613
v -0.06650000 -0.00410993 0.00653271
v -0.06650000 -0.01120380 -0.00264682
v -0.06650000 -0.00169695 0.00416778
v -0.06650000 -0.00247101 0.00638965
v -0.06650000 -0.01275820 -0.00379449
v -0.06650000 -0.00348355 0.00284866
v -0.06650000 -0.00419568 0.00658363
v -0.06650000 -0.01112408 -0.00264979
v -0.06650000 -0.01277883 -0.00387156
v -0.06650000 -0.00148709 0.00424718
v -0.06650000 -0.00237775 0.00642494
v -0.06650000 -0.00228635 0.00646483
v -0.06650000 -0.01104461 -0.00265673
v -0.06650000 -0.00362122 0.00267148
v -0.06650000 -0.00427877 0.00663875
v -0.06650000 -0.01279560 -0.00394955
v -0.06650000 -0.00127354 0.00431603
v -0.06650000 -0.00219706 0.00650924
v -0.06650000 -0.00211009 0.00655803
v -0.06650000 0.00326725 0.01095863
v -0.06650000 0.00322151 0.01089327
v -0.06650000 -0.01096557 -0.00266762
v -0.06650000 -0.00954733 0.00601734
v -0.06650000 -0.00946830 0.00600645
v -0.06650000 -0.00374988 0.00248766
v -0.06650000 -0.00821567 0.00641028
v -0.06650000 -0.00827613 0.00635823
v -0.06650000 -0.01280846 -0.00402829
v -0.06650000 -0.01088718 -0.00268244
v -0.06650000 -0.00105682 0.00437414
v -0.06650000 -0.00202566 0.00661111
v -0.06650000 -0.00194399 0.00666832
v -0.06650000 -0.01281737 -0.00410757
v -0.06650000 -0.00386921 0.00229765
v -0.06650000 -0.00833911 0.00630926
v -0.06650000 -0.00840445 0.00626349
v -0.06650000 -0.01080963 -0.00270114
v -0.06650000 -0.00938883 0.00599952
v -0.06650000 -0.00930910 0.00599655
v -0.06650000 -0.01282233 -0.00418719
v -0.06650000 -0.00083747 0.00442138
v -0.06650000 -0.00186526 0.00672954
v -0.06650000 -0.00178969 0.00679460
v -0.06650000 -0.01073310 -0.00272369
v -0.06650000 -0.00397893 0.00210193
v -0.06650000 -0.00847199 0.00622103
v -0.06650000 -0.01282331 -0.00426696
v -0.06650000 -0.01065780 -0.00275002
v -0.06650000 -0.00922933 0.00599756
v -0.06650000 -0.00061604 0.00445763
v -0.06650000 -0.00171745 0.00686335
v -0.06650000 -0.01282031 -0.00434669
v -0.06650000 -0.00407876 0.00190098
v -0.06650000 -0.00854156 0.00618199
v -0.06650000 -0.00861300 0.00614647
v -0.06650000 -0.01281334 -0.00442616
v -0.06650000 -0.00039308 0.00448280
v -0.06650000 -0.00164873 0.00693561
v -0.06650000 -0.00158370 0.00701121
v -0.06650000 -0.01280242 -0.00450519
v -0.06650000 -0.00416844 0.00169531
v -0.06650000 -0.00868611 0.00611455
v -0.06650000 -0.00016914 0.00449682
v -0.06650000 -0.00152251 0.00708996
v -0.06650000 -0.00146533 0.00717166
v -0.06650000 -0.01278757 -0.00458357
v -0.06650000 -0.00424777 0.00148542
v -0.06650000 -0.00876073 0.00608632
v -0.06650000 -0.00883666 0.00606184
v -0.06650000 -0.01276884 -0.00466112
v -0.06650000 0.00005521 0.00449966
v -0.06650000 -0.00141229 0.00725611
v -0.06650000 -0.01274626 -0.00473763
v -0.06650000 -0.00431653 0.00127184
v -0.06650000 -0.00891371 0.00604118
v -0.06650000 -0.00899170 0.00602438
v -0.06650000 -0.01271989 -0.00481293
v -0.06650000 0.00027943 0.00449132
v -0.06650000 -0.00136353 0.00734309
v -0.06650000 -0.00131916 0.00743240
v -0.06650000 -0.01268981 -0.00488682
v -0.06650000 -0.00437456 0.00105510
v -0.06650000 -0.00907043 0.00601149
v -0.06650000 -0.01265608 -0.00495912
v -0.06650000 0.00050296 0.00447180
v -0.06650000 -0.00127930 0.00752381
v -0.06650000 -0.00124405 0.00761710
v -0.06650000 -0.01261879 -0.00502964
v -0.06650000 -0.00442171 0.00083573
v -0.06650000 -0.00914971 0.00600254
v -0.06650000 0.00072524 0.00444117
v -0.06650000 -0.00121349 0.00771202
v -0.06650000 -0.01257803 -0.00509822
v -0.06650000 -0.01253390 -0.00516468
v -0.06650000 -0.00445787 0.00061429
v -0.06650000 -0.01058390 -0.00278008
v -0.06650000 -0.01051159 -0.00281378
v -0.06650000 -0.01248651 -0.00522886
v -0.06650000 0.00094571 0.00439950
v -0.06650000 -0.00118770 0.00780835
v -0.06650000 -0.01243599 -0.00529060
v -0.06650000 -0.00448295 0.00039132
v -0.06650000 -0.01044105 -0.00285104
v -0.06650000 -0.01238244 -0.00534974
v -0.06650000 0.00116383 0.00434690
v -0.06650000 0.00191433 0.01024325
v -0.06650000 0.00199410 0.01024426
v -0.06650000 -0.01232602 -0.00540615
v -0.06650000 -0.00449689 0.00016738
v -0.06650000 -0.01037245 -0.00289178
v -0.06650000 -0.01030597 -0.00293588
v -0.06650000 0.00137906 0.00428348
v -0.06650000 0.00207373 0.01024925
v -0.06650000 0.00215300 0.01025820
v -0.06650000 -0.00449964 -0.00005698
v -0.06650000 -0.01024177 -0.00298324
v -0.06650000 -0.01018001 -0.00303374
v -0.06650000 0.00159086 0.00420941
v -0.06650000 0.00223173 0.01027108
v -0.06650000 -0.01226686 -0.00545966
v -0.06650000 -0.01220510 -0.00551017
v -0.06650000 -0.01214090 -0.00555753
v -0.06650000 -0.01207442 -0.00560163
v -0.06650000 -0.01200583 -0.00564236
v -0.06650000 -0.00449121 -0.00028120
v -0.06650000 -0.01012085 -0.00308726
v -0.06650000 -0.01193528 -0.00567963
v -0.06650000 0.00179870 0.00412488
v -0.06650000 0.00230972 0.01028788
v -0.06650000 0.00238678 0.01030854
v -0.06650000 -0.00447161 -0.00050472
v -0.06650000 -0.01006443 -0.00314366
v -0.06650000 -0.01001089 -0.00320281
v -0.06650000 0.00200208 0.00403010
v -0.06650000 0.00246271 0.01033302
v -0.06650000 -0.00444089 -0.00072698
v -0.06650000 -0.00996036 -0.00326454
v -0.06650000 0.00220047 0.00392529
v -0.06650000 0.00253732 0.01036126
v -0.06650000 0.00261044 0.01039317
v -0.06650000 -0.00439913 -0.00094744
v -0.06650000 -0.00991297 -0.00332872
v -0.06650000 -0.00986884 -0.00339519
v -0.06650000 0.00239340 0.00381073
v -0.06650000 0.00268187 0.01042869
v -0.06650000 0.00275145 0.01046773
v -0.06650000 -0.01186297 -0.00571333
v -0.06650000 -0.01178907 -0.00574338
v -0.06650000 -0.01171377 -0.00576972
v -0.06650000 -0.01163724 -0.00579227
v -0.06650000 -0.01155969 -0.00581097
v -0.06650000 -0.00434644 -0.00116554
v -0.06650000 -0.00982808 -0.00346377
v -0.06650000 -0.00979079 -0.00353429
v -0.06650000 0.00258037 0.00368669
v -0.06650000 0.00281899 0.01051019
v -0.06650000 -0.00428294 -0.00138074
v -0.06650000 0.00276093 0.00355349
v -0.06650000 0.00288433 0.01055596
v -0.06650000 0.00294731 0.01060493
v -0.06650000 -0.01148130 -0.00582579
v -0.06650000 -0.01140227 -0.00583668
v -0.06650000 -0.01132279 -0.00584362
v -0.06650000 -0.01124307 -0.00584658
v -0.06650000 -0.01116330 -0.00584557
v -0.06650000 -0.01108367 -0.00584059
v -0.06650000 -0.01100440 -0.00583164
v -0.06650000 -0.01092567 -0.00581875
v -0.06650000 -0.00679032 -0.00524202
v -0.06650000 -0.00964445 -0.00398822
v -0.06650000 -0.00963353 -0.00406725
v -0.06650000 -0.00670865 -0.00518481
v -0.06650000 -0.00965930 -0.00390984
v -0.06650000 -0.00686905 -0.00530324
v -0.06650000 -0.00962656 -0.00414672
v -0.06650000 -0.00662422 -0.00513174
v -0.06650000 -0.00967804 -0.00383229
v -0.06650000 -0.00694462 -0.00536830
v -0.06650000 -0.00962356 -0.00422644
v -0.06650000 -0.00653725 -0.00508294
v -0.06650000 -0.00970061 -0.00375577
v -0.06650000 -0.00701686 -0.00543705
v -0.06650000 -0.00962454 -0.00430622
v -0.06650000 -0.00962950 -0.00438584
v -0.06650000 -0.00644796 -0.00503854
v -0.06650000 -0.00972698 -0.00368048
v -0.06650000 -0.00708558 -0.00550931
v -0.06650000 -0.00963841 -0.00446512
v -0.06650000 -0.00635656 -0.00499864
v -0.06650000 -0.00975706 -0.00360659
v -0.06650000 -0.00715061 -0.00558491
v -0.06650000 -0.00965127 -0.00454385
v -0.06650000 -0.00626330 -0.00496335
v -0.06650000 -0.00721180 -0.00566366
v -0.06650000 -0.00966804 -0.00462185
v -0.06650000 -0.00616838 -0.00493275
v -0.06650000 -0.00726898 -0.00574536
v -0.06650000 -0.00968867 -0.00469891
v -0.06650000 -0.00607206 -0.00490692
v -0.06650000 -0.00420879 -0.00159251
v -0.06650000 -0.00732202 -0.00582981
v -0.06650000 -0.00971312 -0.00477485
v -0.06650000 -0.00597458 -0.00488593
v -0.06650000 -0.00412418 -0.00180032
v -0.06650000 -0.00737078 -0.00591680
v -0.06650000 -0.00974132 -0.00484948
v -0.06650000 -0.00587616 -0.00486981
v -0.06650000 -0.00741515 -0.00600610
v -0.06650000 -0.00977321 -0.00492261
v -0.06650000 -0.01084768 -0.00580195
v -0.06650000 -0.01077062 -0.00578129
v -0.06650000 -0.01069469 -0.00575681
v -0.06650000 -0.00577707 -0.00485863
v -0.06650000 -0.00402931 -0.00200366
v -0.06650000 -0.00745501 -0.00609751
v -0.06650000 -0.00980870 -0.00499406
v -0.06650000 -0.00984772 -0.00506364
v -0.06650000 -0.00567754 -0.00485240
v -0.06650000 -0.00749026 -0.00619080
v -0.06650000 -0.00989015 -0.00513120
v -0.06650000 -0.00557783 -0.00485114
v -0.06650000 -0.00392443 -0.00220201
v -0.06650000 -0.00752082 -0.00628572
v -0.06650000 -0.00993589 -0.00519656
v -0.06650000 -0.00547817 -0.00485484
v -0.06650000 -0.00380979 -0.00239489
v -0.06650000 -0.00754661 -0.00638205
v -0.06650000 -0.00998484 -0.00525956
v -0.06650000 -0.00537883 -0.00486352
v -0.06650000 -0.00756757 -0.00647955
v -0.06650000 -0.01003687 -0.00532004
v -0.06650000 -0.00528004 -0.00487713
v -0.06650000 -0.00368568 -0.00258182
v -0.06650000 -0.00758364 -0.00657797
v -0.06650000 -0.01009184 -0.00537785
v -0.06650000 -0.00518205 -0.00489565
v -0.06650000 -0.00759479 -0.00667707
v -0.06650000 -0.01014963 -0.00543285
v -0.06650000 -0.00508511 -0.00491903
v -0.06650000 -0.00355240 -0.00276233
v -0.06650000 -0.00760098 -0.00677660
v -0.06650000 -0.01021009 -0.00548490
v -0.06650000 -0.01027307 -0.00553387
v -0.06650000 -0.00498945 -0.00494722
v -0.06650000 -0.00341030 -0.00293596
v -0.06650000 -0.00760221 -0.00687631
v -0.06650000 -0.01033841 -0.00557964
v -0.06650000 -0.00489532 -0.00498013
v -0.06650000 -0.00759846 -0.00697596
v -0.06650000 -0.01040595 -0.00562210
v -0.06650000 -0.00480294 -0.00501770
v -0.06650000 -0.00325971 -0.00310230
v -0.06650000 -0.00758975 -0.00707530
v -0.06650000 -0.01047553 -0.00566114
v -0.06650000 -0.00471255 -0.00505983
v -0.06650000 -0.00757609 -0.00717409
v -0.06650000 -0.01054696 -0.00569666
v -0.06650000 -0.00462438 -0.00510641
v -0.06650000 -0.00310102 -0.00326093
v -0.06650000 -0.00755754 -0.00727207
v -0.06650000 -0.01062008 -0.00572858
v -0.06650000 0.01027307 0.00553387
v -0.06650000 0.01033841 0.00557964
v -0.06650000 0.01021009 0.00548490
v -0.06650000 0.01040595 0.00562210
v -0.06650000 0.01014963 0.00543285
v -0.06650000 0.01047553 0.00566114
v -0.06650000 0.01009184 0.00537785
v -0.06650000 0.01054696 0.00569666
v -0.06650000 -0.00453863 -0.00515733
v -0.06650000 0.01003687 0.00532004
v -0.06650000 0.00317256 0.01083028
v -0.06650000 0.01062008 0.00572858
v -0.06650000 0.00998484 0.00525956
v -0.06650000 0.00312053 0.01076980
v -0.06650000 0.01069469 0.00575681
v -0.06650000 0.00993589 0.00519656
v -0.06650000 0.00306556 0.01071198
v -0.06650000 -0.00753412 -0.00736900
v -0.06650000 0.01077062 0.00578129
v -0.06650000 0.00989015 0.00513120
v -0.06650000 0.00300777 0.01065698
v -0.06650000 0.01084768 0.00580195
v -0.06650000 -0.00445554 -0.00521246
v -0.06650000 -0.00293462 -0.00341145
v -0.06650000 0.00984772 0.00506364
v -0.06650000 0.01092567 0.00581875
v -0.06650000 0.00980870 0.00499406
v -0.06650000 0.00293462 0.00341145
v -0.06650000 -0.00750589 -0.00746465
v -0.06650000 0.01100440 0.00583164
v -0.06650000 0.00977321 0.00492261
v -0.06650000 -0.00437529 -0.00527166
v -0.06650000 -0.00276093 -0.00355349
v -0.06650000 0.01108367 0.00584059
v -0.06650000 0.00974132 0.00484948
v -0.06650000 0.00310102 0.00326093
v -0.06650000 0.01116330 0.00584557
v -0.06650000 -0.00747294 -0.00755877
v -0.06650000 0.00971312 0.00477485
v -0.06650000 0.00325971 0.00310230
v -0.06650000 0.01124307 0.00584658
v -0.06650000 -0.00429809 -0.00533478
v -0.06650000 0.00968867 0.00469891
v -0.06650000 0.01132279 0.00584362
v -0.06650000 -0.00743533 -0.00765113
v -0.06650000 0.00966804 0.00462185
v -0.06650000 0.00341030 0.00293596
v -0.06650000 -0.00422413 -0.00540168
v -0.06650000 -0.00258037 -0.00368669
v -0.06650000 0.01140227 0.00583668
v -0.06650000 0.00965127 0.00454385
v -0.06650000 0.01148130 0.00582579
v -0.06650000 0.00963841 0.00446512
v -0.06650000 0.00355240 0.00276233
v -0.06650000 -0.00415361 -0.00547218
v -0.06650000 0.01155969 0.00581097
v -0.06650000 -0.00739317 -0.00774150
v -0.06650000 0.00962950 0.00438584
v -0.06650000 0.00368568 0.00258182
v -0.06650000 -0.00734656 -0.00782966
v -0.06650000 0.01163724 0.00579227
v -0.06650000 -0.00408668 -0.00554611
v -0.06650000 -0.00239340 -0.00381073
v -0.06650000 0.00962454 0.00430622
v -0.06650000 0.01171377 0.00576972
v -0.06650000 -0.00729561 -0.00791538
v -0.06650000 0.00962356 0.00422644
v -0.06650000 0.00380979 0.00239489
v -0.06650000 -0.00402352 -0.00562328
v -0.06650000 0.01178907 0.00574338
v -0.06650000 0.00962656 0.00414672
v -0.06650000 0.00392443 0.00220201
v -0.06650000 0.01186297 0.00571333
v -0.06650000 -0.00396429 -0.00570351
v -0.06650000 -0.00220047 -0.00392529
v -0.06650000 0.00963353 0.00406725
v -0.06650000 0.01193528 0.00567963
v -0.06650000 0.00964445 0.00398822
v -0.06650000 0.00402931 0.00200366
v -0.06650000 -0.00390913 -0.00578659
v -0.06650000 0.01200583 0.00564236
v -0.06650000 0.00965930 0.00390984
v -0.06650000 0.01207442 0.00560163
v -0.06650000 -0.00385818 -0.00587231
v -0.06650000 -0.00200208 -0.00403010
v -0.06650000 0.00967804 0.00383229
v -0.06650000 0.00412418 0.00180032
v -0.06650000 0.01214090 0.00555753
v -0.06650000 -0.00381156 -0.00596047
v -0.06650000 -0.00179870 -0.00412488
v -0.06650000 0.01220510 0.00551017
v -0.06650000 -0.00376940 -0.00605084
v -0.06650000 0.01226686 0.00545966
v -0.06650000 -0.00724044 -0.00799846
v -0.06650000 -0.00718121 -0.00807868
v -0.06650000 -0.00711805 -0.00815586
v -0.06650000 -0.00373179 -0.00614320
v -0.06650000 -0.00159086 -0.00420941
v -0.06650000 0.01232602 0.00540615
v -0.06650000 -0.00369884 -0.00623732
v -0.06650000 -0.00367062 -0.00633297
v -0.06650000 -0.00137906 -0.00428348
v -0.06650000 -0.00364720 -0.00642990
v -0.06650000 -0.00116383 -0.00434690
v -0.06650000 0.01248651 0.00522886
v -0.06650000 0.01253390 0.00516468
v -0.06650000 0.01243599 0.00529060
v -0.06650000 0.01238244 0.00534974
v -0.06650000 -0.00362864 -0.00652788
v -0.06650000 0.01257803 0.00509822
v -0.06650000 -0.00361499 -0.00662667
v -0.06650000 -0.00094571 -0.00439950
v -0.06650000 0.01261879 0.00502964
v -0.06650000 -0.00360627 -0.00672601
v -0.06650000 -0.00360253 -0.00682566
v -0.06650000 -0.00072524 -0.00444117
v -0.06650000 -0.00360375 -0.00692537
v -0.06650000 -0.00050296 -0.00447180
v -0.06650000 -0.00705113 -0.00822979
v -0.06650000 -0.00698060 -0.00830029
v -0.06650000 -0.00690664 -0.00836718
v -0.06650000 -0.00360994 -0.00702490
v -0.06650000 -0.00362109 -0.00712400
v -0.06650000 0.01276884 0.00466112
v -0.06650000 0.01278757 0.00458357
v -0.06650000 0.01274626 0.00473763
v -0.06650000 0.01271989 0.00481293
v -0.06650000 0.01268981 0.00488682
v -0.06650000 0.01265608 0.00495912
v -0.06650000 -0.00682945 -0.00843031
v -0.06650000 -0.00674920 -0.00848951
v -0.06650000 -0.00666610 -0.00854464
v -0.06650000 -0.00658035 -0.00859556
v -0.06650000 0.00754635 0.00018266
v -0.06650000 0.00428294 0.00138074
v -0.06650000 0.00434644 0.00116554
v -0.06650000 0.00762803 0.00023988
v -0.06650000 0.00746763 0.00012145
v -0.06650000 0.00771246 0.00029295
v -0.06650000 0.00420879 0.00159251
v -0.06650000 0.00739206 0.00005639
v -0.06650000 0.00439913 0.00094744
v -0.06650000 0.00779943 0.00034175
v -0.06650000 0.00731982 -0.00001236
v -0.06650000 0.00444089 0.00072698
v -0.06650000 0.00788872 0.00038615
v -0.06650000 0.00725110 -0.00008463
v -0.06650000 0.00798011 0.00042605
v -0.06650000 0.00970061 0.00375577
v -0.06650000 0.00718606 -0.00016023
v -0.06650000 0.00447161 0.00050472
v -0.06650000 0.00807338 0.00046134
v -0.06650000 0.00972698 0.00368048
v -0.06650000 0.00712488 -0.00023898
v -0.06650000 0.00816829 0.00049194
v -0.06650000 0.00975706 0.00360659
v -0.06650000 0.00706770 -0.00032067
v -0.06650000 0.00449121 0.00028120
v -0.06650000 0.00826461 0.00051776
v -0.06650000 0.00979079 0.00353429
v -0.06650000 0.00701466 -0.00040512
v -0.06650000 0.00449964 0.00005698
v -0.06650000 0.00836210 0.00053876
v -0.06650000 0.00982808 0.00346377
v -0.06650000 0.00696590 -0.00049211
v -0.06650000 0.00846051 0.00055487
v -0.06650000 0.00986884 0.00339519
v -0.06650000 0.00692153 -0.00058142
v -0.06650000 0.00449689 -0.00016738
v -0.06650000 0.00855961 0.00056606
v -0.06650000 0.00991297 0.00332872
v -0.06650000 0.00688167 -0.00067283
v -0.06650000 0.00865913 0.00057229
v -0.06650000 0.00996036 0.00326454
v -0.06650000 0.01282233 0.00418719
v -0.06650000 0.01281737 0.00410757
v -0.06650000 0.01282331 0.00426696
v -0.06650000 0.01282031 0.00434669
v -0.06650000 0.01281334 0.00442616
v -0.06650000 0.01280242 0.00450519
v -0.06650000 0.00684641 -0.00076611
v -0.06650000 0.00448295 -0.00039132
v -0.06650000 0.00875885 0.00057355
v -0.06650000 0.01001089 0.00320281
v -0.06650000 0.00681585 -0.00086104
v -0.06650000 0.00885850 0.00056984
v -0.06650000 0.01006443 0.00314366
v -0.06650000 0.01012085 0.00308726
v -0.06650000 0.00679006 -0.00095737
v -0.06650000 0.00445787 -0.00061429
v -0.06650000 0.00895785 0.00056117
v -0.06650000 0.01018001 0.00303374
v -0.06650000 0.00676910 -0.00105486
v -0.06650000 0.00905664 0.00054756
v -0.06650000 0.01024177 0.00298324
v -0.06650000 0.00675303 -0.00115328
v -0.06650000 0.00442171 -0.00083573
v -0.06650000 0.00915463 0.00052904
v -0.06650000 0.01030597 0.00293588
v -0.06650000 0.00674189 -0.00125238
v -0.06650000 0.00437456 -0.00105510
v -0.06650000 -0.00649218 -0.00864214
v -0.06650000 -0.00640179 -0.00868427
v -0.06650000 -0.00630941 -0.00872184
v -0.06650000 0.00925157 0.00050565
v -0.06650000 0.01037245 0.00289178
v -0.06650000 0.00673569 -0.00135191
v -0.06650000 0.00934723 0.00047747
v -0.06650000 0.01044105 0.00285104
v -0.06650000 0.00673447 -0.00145162
v -0.06650000 0.00431653 -0.00127184
v -0.06650000 0.00944136 0.00044455
v -0.06650000 0.01051159 0.00281378
v -0.06650000 0.00673822 -0.00155128
v -0.06650000 0.00953373 0.00040698
v -0.06650000 0.01058390 0.00278008
v -0.06650000 0.00674693 -0.00165062
v -0.06650000 0.00424777 -0.00148542
v -0.06650000 0.01273375 0.00371855
v -0.06650000 0.01270555 0.00364393
v -0.06650000 0.01275820 0.00379449
v -0.06650000 0.01277883 0.00387156
v -0.06650000 0.01279560 0.00394955
v -0.06650000 0.01280846 0.00402829
v -0.06650000 0.00962412 0.00036486
v -0.06650000 0.01065780 0.00275002
v -0.06650000 0.01073310 0.00272369
v -0.06650000 0.00676058 -0.00174940
v -0.06650000 0.00971230 0.00031828
v -0.06650000 0.01080963 0.00270114
v -0.06650000 0.00677914 -0.00184738
v -0.06650000 0.00416844 -0.00169531
v -0.06650000 0.00979804 0.00026736
v -0.06650000 0.01088718 0.00268244
v -0.06650000 0.00680256 -0.00194432
v -0.06650000 0.00407876 -0.00190098
v -0.06650000 0.00988114 0.00021223
v -0.06650000 0.01096557 0.00266762
v -0.06650000 0.00683078 -0.00203996
v -0.06650000 -0.00621528 -0.00875475
v -0.06650000 -0.00611962 -0.00878294
v -0.06650000 -0.00602268 -0.00880632
v -0.06650000 0.00996139 0.00015303
v -0.06650000 0.01104461 0.00265673
v -0.06650000 0.00686374 -0.00213408
v -0.06650000 0.00397893 -0.00210193
v -0.06650000 0.01003859 0.00008990
v -0.06650000 0.01112408 0.00264979
v -0.06650000 0.00690134 -0.00222644
v -0.06650000 0.01011254 0.00002300
v -0.06650000 0.01120380 0.00264682
v -0.06650000 0.00694351 -0.00231681
v -0.06650000 0.00386921 -0.00229765
v -0.06650000 0.01018307 -0.00004750
v -0.06650000 0.01128358 0.00264783
v -0.06650000 0.01136320 0.00265282
v -0.06650000 0.01255672 0.00336220
v -0.06650000 0.01251098 0.00329684
v -0.06650000 0.01259916 0.00342976
v -0.06650000 0.01263817 0.00349935
v -0.06650000 0.01267366 0.00357080
v -0.06650000 0.00699012 -0.00240497
v -0.06650000 0.00374988 -0.00248766
v -0.06650000 0.01025000 -0.00012143
v -0.06650000 0.01144247 0.00266177
v -0.06650000 0.00704107 -0.00249070
v -0.06650000 0.01031316 -0.00019860
v -0.06650000 0.01152120 0.00267466
v -0.06650000 0.00709623 -0.00257377
v -0.06650000 0.00362122 -0.00267148
v -0.06650000 0.01037239 -0.00027882
v -0.06650000 0.01159919 0.00269145
v -0.06650000 0.00715546 -0.00265400
v -0.06650000 -0.00592469 -0.00882484
v -0.06650000 -0.00582590 -0.00883845
v -0.06650000 -0.00572656 -0.00884713
v -0.06650000 0.01042755 -0.00036190
v -0.06650000 0.01167625 0.00271212
v -0.06650000 0.00721862 -0.00273117
v -0.06650000 0.00348355 -0.00284866
v -0.06650000 0.01047850 -0.00044763
v -0.06650000 0.01175218 0.00273659
v -0.06650000 0.00728555 -0.00280510
v -0.06650000 0.00333723 -0.00301876
v -0.06650000 0.01052511 -0.00053578
v -0.06650000 0.01182679 0.00276483
v -0.06650000 0.00735608 -0.00287560
v -0.06650000 0.01235503 0.00311556
v -0.06650000 0.01229724 0.00306056
v -0.06650000 0.01241001 0.00317337
v -0.06650000 0.01246203 0.00323385
v -0.06650000 0.00743003 -0.00294250
v -0.06650000 -0.00288433 -0.01055596
v -0.06650000 -0.00441441 -0.00845995
v -0.06650000 -0.00449609 -0.00851716
v -0.06650000 -0.00281899 -0.01051019
v -0.06650000 -0.00433569 -0.00839873
v -0.06650000 -0.00294731 -0.01060493
v -0.06650000 -0.00275145 -0.01046773
v -0.06650000 -0.00426011 -0.00833367
v -0.06650000 -0.00300777 -0.01065698
v -0.06650000 -0.00458051 -0.00857023
v -0.06650000 -0.00268187 -0.01042869
v -0.06650000 -0.00418787 -0.00826492
v -0.06650000 -0.00306556 -0.01071198
v -0.06650000 -0.00466748 -0.00861903
v -0.06650000 -0.00261044 -0.01039317
v -0.06650000 -0.00411915 -0.00819266
v -0.06650000 -0.00312053 -0.01076980
v -0.06650000 -0.00475677 -0.00866343
v -0.06650000 -0.00253732 -0.01036126
v -0.06650000 -0.00405412 -0.00811706
v -0.06650000 -0.00317256 -0.01083028
v -0.06650000 -0.00484817 -0.00870333
v -0.06650000 -0.00246271 -0.01033302
v -0.06650000 -0.00399294 -0.00803831
v -0.06650000 -0.00322151 -0.01089327
v -0.06650000 -0.00494144 -0.00873862
v -0.06650000 -0.00238678 -0.01030854
v -0.06650000 -0.00393575 -0.00795661
v -0.06650000 -0.00326725 -0.01095863
v -0.06650000 -0.00503635 -0.00876922
v -0.06650000 -0.00230972 -0.01028788
v -0.06650000 -0.00330969 -0.01102619
v -0.06650000 -0.00513267 -0.00879505
v -0.06650000 -0.00223173 -0.01027108
v -0.06650000 -0.00388272 -0.00787216
v -0.06650000 -0.00334870 -0.01109578
v -0.06650000 -0.00215300 -0.01025820
v -0.06650000 -0.00383395 -0.00778517
v -0.06650000 -0.00338419 -0.01116723
v -0.06650000 -0.00523016 -0.00881604
v -0.06650000 -0.00207373 -0.01024925
v -0.06650000 -0.00378958 -0.00769586
v -0.06650000 -0.00341608 -0.01124036
v -0.06650000 -0.00532857 -0.00883216
v -0.06650000 -0.00199410 -0.01024426
v -0.06650000 -0.00374972 -0.00760446
v -0.06650000 -0.00344428 -0.01131498
v -0.06650000 -0.00542766 -0.00884334
v -0.06650000 -0.00191433 -0.01024325
v -0.06650000 -0.00371447 -0.00751117
v -0.06650000 -0.00346873 -0.01139092
v -0.06650000 -0.00552719 -0.00884957
v -0.06650000 -0.00183461 -0.01024622
v -0.06650000 -0.00368391 -0.00741625
v -0.06650000 -0.00348936 -0.01146799
v -0.06650000 -0.00562691 -0.00885083
v -0.06650000 -0.00175513 -0.01025316
v -0.06650000 -0.00365812 -0.00731992
v -0.06650000 -0.00350613 -0.01154598
v -0.06650000 0.01210846 0.00291376
v -0.06650000 0.01204092 0.00287130
v -0.06650000 0.01217380 0.00295953
v -0.06650000 0.01223678 0.00300851
v -0.06650000 -0.00167610 -0.01026405
v -0.06650000 -0.00363716 -0.00722242
v -0.06650000 -0.00351899 -0.01162472
v -0.06650000 -0.00159771 -0.01027886
v -0.06650000 -0.00352790 -0.01170400
v -0.06650000 -0.00152016 -0.01029757
v -0.06650000 -0.00027943 -0.00449132
v -0.06650000 -0.00353286 -0.01178362
v -0.06650000 -0.00144363 -0.01032012
v -0.06650000 -0.00353384 -0.01186339
v -0.06650000 -0.00136833 -0.01034645
v -0.06650000 -0.00005521 -0.00449966
v -0.06650000 -0.00353084 -0.01194311
v -0.06650000 -0.00129443 -0.01037651
v -0.06650000 -0.00352387 -0.01202259
v -0.06650000 -0.00122212 -0.01041021
v -0.06650000 0.00016914 -0.00449682
v -0.06650000 -0.00351295 -0.01210162
v -0.06650000 -0.00115158 -0.01044747
v -0.06650000 0.00039308 -0.00448280
v -0.06650000 -0.00349810 -0.01218000
v -0.06650000 -0.00108298 -0.01048821
v -0.06650000 -0.00101650 -0.01053231
v -0.06650000 0.00061604 -0.00445763
v -0.06650000 0.01189991 0.00279674
v -0.06650000 0.01197134 0.00283227
v -0.06650000 -0.00095230 -0.01057967
v -0.06650000 0.00083747 -0.00442138
v -0.06650000 -0.00089054 -0.01063017
v -0.06650000 -0.00083138 -0.01068369
v -0.06650000 0.00105682 -0.00437414
v -0.06650000 -0.00077496 -0.01074009
v -0.06650000 -0.00347936 -0.01225755
v -0.06650000 -0.00345679 -0.01233406
v -0.06650000 -0.00343042 -0.01240936
v -0.06650000 -0.00340034 -0.01248325
v -0.06650000 -0.00072142 -0.01079923
v -0.06650000 0.00127354 -0.00431603
v -0.06650000 -0.00067089 -0.01086097
v -0.06650000 0.00148709 -0.00424718
v -0.06650000 -0.00062350 -0.01092515
v -0.06650000 -0.00057937 -0.01099161
v -0.06650000 0.01060488 -0.00071852
v -0.06650000 0.01063784 -0.00081264
v -0.06650000 0.01056728 -0.00062615
v -0.06650000 -0.00336661 -0.01255554
v -0.06650000 -0.00332932 -0.01262607
v -0.06650000 -0.00328856 -0.01269465
v -0.06650000 -0.00324443 -0.01276111
v -0.06650000 -0.00319704 -0.01282529
v -0.06650000 0.01068948 -0.00100521
v -0.06650000 0.01070804 -0.00110320
v -0.06650000 0.01066606 -0.00090828
v -0.06650000 -0.00314651 -0.01288703
v -0.06650000 -0.00309297 -0.01294617
v -0.06650000 -0.00303655 -0.01300257
v -0.06650000 -0.00297739 -0.01305609
v -0.06650000 -0.00291563 -0.01310659
v -0.06650000 -0.00285143 -0.01315396
v -0.06650000 0.01073040 -0.00130132
v -0.06650000 0.01073415 -0.00140097
v -0.06650000 0.01072169 -0.00120198
v -0.06650000 0.00833911 -0.00630926
v -0.06650000 0.00802726 -0.00329715
v -0.06650000 0.00793489 -0.00325958
v -0.06650000 0.00840445 -0.00626349
v -0.06650000 0.00812139 -0.00333007
v -0.06650000 0.00827613 -0.00635823
v -0.06650000 0.00784450 -0.00321745
v -0.06650000 0.00847199 -0.00622103
v -0.06650000 0.00821705 -0.00335825
v -0.06650000 0.00821567 -0.00641028
v -0.06650000 0.00775632 -0.00317087
v -0.06650000 0.00854156 -0.00618199
v -0.06650000 0.00815788 -0.00646528
v -0.06650000 0.00767058 -0.00311996
v -0.06650000 0.00861300 -0.00614647
v -0.06650000 0.00831399 -0.00338163
v -0.06650000 0.00810290 -0.00652309
v -0.06650000 0.00758748 -0.00306483
v -0.06650000 0.00868611 -0.00611455
v -0.06650000 0.00841198 -0.00340015
v -0.06650000 0.00805087 -0.00658357
v -0.06650000 0.00750723 -0.00300563
v -0.06650000 0.00876073 -0.00608632
v -0.06650000 0.00851077 -0.00341377
v -0.06650000 -0.00278495 -0.01319806
v -0.06650000 -0.00271635 -0.01323879
v -0.06650000 -0.00264581 -0.01327606
v -0.06650000 -0.00257350 -0.01330976
v -0.06650000 -0.00249960 -0.01333981
v -0.06650000 -0.00242430 -0.01336615
v -0.06650000 0.00800193 -0.00664657
v -0.06650000 0.00883666 -0.00606184
v -0.06650000 0.00861012 -0.00342244
v -0.06650000 0.00795618 -0.00671193
v -0.06650000 0.00318261 -0.00318135
v -0.06650000 0.00891371 -0.00604118
v -0.06650000 0.00870977 -0.00342615
v -0.06650000 0.00791375 -0.00677949
v -0.06650000 0.00899170 -0.00602438
v -0.06650000 0.00880949 -0.00342489
v -0.06650000 0.00787474 -0.00684908
v -0.06650000 0.00302007 -0.00333604
v -0.06650000 0.00907043 -0.00601149
v -0.06650000 0.00890901 -0.00341865
v -0.06650000 0.00783925 -0.00692052
v -0.06650000 0.00914971 -0.00600254
v -0.06650000 0.00900811 -0.00340747
v -0.06650000 0.00780736 -0.00699365
v -0.06650000 0.00285003 -0.00348243
v -0.06650000 0.00922933 -0.00599756
v -0.06650000 0.00777915 -0.00706828
v -0.06650000 0.00267290 -0.00362016
v -0.06650000 0.00930910 -0.00599655
v -0.06650000 0.00910652 -0.00339136
v -0.06650000 0.00775471 -0.00714422
v -0.06650000 0.01072673 -0.00160022
v -0.06650000 0.01071559 -0.00169932
v -0.06650000 0.01073293 -0.00150069
v -0.06650000 0.00938883 -0.00599952
v -0.06650000 0.00920401 -0.00337036
v -0.06650000 0.00773407 -0.00722128
v -0.06650000 0.00248913 -0.00374890
v -0.06650000 0.00946830 -0.00600645
v -0.06650000 0.00930033 -0.00334453
v -0.06650000 0.00771731 -0.00729928
v -0.06650000 0.00229917 -0.00386831
v -0.06650000 0.00954733 -0.00601734
v -0.06650000 0.00939524 -0.00331394
v -0.06650000 0.00770445 -0.00737801
v -0.06650000 0.00962572 -0.00603216
v -0.06650000 0.00948851 -0.00327864
v -0.06650000 0.00769553 -0.00745729
v -0.06650000 0.00210349 -0.00397811
v -0.06650000 0.00970328 -0.00605087
v -0.06650000 0.00957990 -0.00323875
v -0.06650000 -0.00234777 -0.01338869
v -0.06650000 -0.00227022 -0.01340740
v -0.06650000 -0.00219183 -0.01342222
v -0.06650000 -0.00211280 -0.01343311
v -0.06650000 -0.00203332 -0.01344004
v -0.06650000 -0.00195360 -0.01344301
v -0.06650000 0.00769058 -0.00753692
v -0.06650000 0.00977980 -0.00607341
v -0.06650000 0.00966919 -0.00319435
v -0.06650000 0.00768960 -0.00761669
v -0.06650000 0.00190258 -0.00407801
v -0.06650000 0.00985511 -0.00609975
v -0.06650000 0.00769260 -0.00769641
v -0.06650000 0.00169695 -0.00416778
v -0.06650000 0.00992901 -0.00612980
v -0.06650000 0.00975616 -0.00314555
v -0.06650000 0.00769957 -0.00777588
v -0.06650000 0.01000132 -0.00616350
v -0.06650000 0.00984059 -0.00309248
v -0.06650000 0.01065277 -0.00199156
v -0.06650000 0.01062221 -0.00208649
v -0.06650000 0.01067856 -0.00189523
v -0.06650000 0.01069952 -0.00179774
v -0.06650000 0.00771049 -0.00785491
v -0.06650000 0.01007186 -0.00620077
v -0.06650000 0.00992227 -0.00303526
v -0.06650000 0.00772534 -0.00793330
v -0.06650000 -0.00053861 -0.01106019
v -0.06650000 0.01014046 -0.00624150
v -0.06650000 0.01000099 -0.00297405
v -0.06650000 0.00774407 -0.00801084
v -0.06650000 -0.00050132 -0.01113072
v -0.06650000 0.01020694 -0.00628561
v -0.06650000 0.01007656 -0.00290898
v -0.06650000 0.00776665 -0.00808736
v -0.06650000 -0.00046759 -0.01120302
v -0.06650000 -0.00187382 -0.01344200
v -0.06650000 -0.00179420 -0.01343702
v -0.06650000 -0.00171493 -0.01342807
v -0.06650000 -0.00163620 -0.01341518
v -0.06650000 -0.00155821 -0.01339838
v -0.06650000 -0.00148115 -0.01337772
v -0.06650000 0.01027113 -0.00633297
v -0.06650000 0.01014880 -0.00284023
v -0.06650000 0.00779301 -0.00816266
v -0.06650000 -0.00043751 -0.01127691
v -0.06650000 0.01033289 -0.00638347
v -0.06650000 0.00782310 -0.00823654
v -0.06650000 -0.00041114 -0.01135220
v -0.06650000 0.01054709 -0.00227118
v -0.06650000 0.01050272 -0.00236049
v -0.06650000 0.01058695 -0.00217977
v -0.06650000 -0.00118606 -0.01325757
v -0.06650000 -0.00125749 -0.01329309
v -0.06650000 -0.00111648 -0.01321853
v -0.06650000 -0.00104894 -0.01317607
v -0.06650000 -0.00140522 -0.01335324
v -0.06650000 -0.00133061 -0.01332501
v -0.06650000 0.01040092 -0.00253192
v -0.06650000 0.01034374 -0.00261362
v -0.06650000 0.01045396 -0.00244748
v -0.06650000 -0.00098360 -0.01313030
v -0.06650000 -0.00092062 -0.01308133
v -0.06650000 -0.00086016 -0.01302928
v -0.06650000 -0.00080237 -0.01297428
v -0.06650000 -0.00074740 -0.01291647
v -0.06650000 0.01021752 -0.00276797
v -0.06650000 0.01028256 -0.00269237
v -0.06650000 -0.00069537 -0.01285599
v -0.06650000 -0.00064642 -0.01279299
v -0.06650000 -0.00060068 -0.01272763
v -0.06650000 -0.00055824 -0.01266007
v -0.06650000 0.01044848 -0.00649339
v -0.06650000 0.01050202 -0.00655253
v -0.06650000 0.01039206 -0.00643699
v -0.06650000 -0.00051923 -0.01259048
v -0.06650000 -0.00048374 -0.01251904
v -0.06650000 -0.00045185 -0.01244591
v -0.06650000 -0.00042365 -0.01237128
v -0.06650000 0.01064406 -0.00674491
v -0.06650000 0.01068482 -0.00681349
v -0.06650000 0.01059993 -0.00667845
v -0.06650000 0.01055255 -0.00661427
v -0.06650000 -0.00039920 -0.01229534
v -0.06650000 -0.00037857 -0.01221828
v -0.06650000 -0.00036180 -0.01214028
v -0.06650000 -0.00034894 -0.01206155
v -0.06650000 0.01078593 -0.00703020
v -0.06650000 0.01081229 -0.00710550
v -0.06650000 0.01075584 -0.00695631
v -0.06650000 0.01072211 -0.00688402
v -0.06650000 -0.00034003 -0.01198227
v -0.06650000 -0.00033507 -0.01190264
v -0.06650000 -0.00033409 -0.01182287
v -0.06650000 0.01087938 -0.00741697
v -0.06650000 0.01088634 -0.00749645
v -0.06650000 0.01086845 -0.00733795
v -0.06650000 0.01085361 -0.00725956
v -0.06650000 0.01083487 -0.00718201
v -0.06650000 -0.00033709 -0.01174315
v -0.06650000 -0.00034406 -0.01166368
v -0.06650000 0.01086164 -0.00789358
v -0.06650000 0.01084487 -0.00797157
v -0.06650000 0.01087449 -0.00781484
v -0.06650000 0.01088341 -0.00773556
v -0.06650000 0.01088836 -0.00765594
v -0.06650000 0.01088934 -0.00757617
v -0.06650000 -0.00035498 -0.01158465
v -0.06650000 -0.00036983 -0.01150626
v -0.06650000 0.01070420 -0.00834378
v -0.06650000 0.01066519 -0.00841337
v -0.06650000 0.01073970 -0.00827233
v -0.06650000 0.01077158 -0.00819920
v -0.06650000 0.01079979 -0.00812458
v -0.06650000 0.01082424 -0.00804864
v -0.06650000 -0.00038856 -0.01142872
v -0.06650000 0.01042106 -0.00872758
v -0.06650000 0.01036327 -0.00878258
v -0.06650000 0.01047604 -0.00866977
v -0.06650000 0.01052807 -0.00860929
v -0.06650000 0.01057701 -0.00854629
v -0.06650000 0.01062276 -0.00848093
v -0.06650000 0.00785683 -0.00830884
v -0.06650000 0.00789412 -0.00837937
v -0.06650000 0.01010695 -0.00897183
v -0.06650000 0.01003738 -0.00901087
v -0.06650000 0.01017449 -0.00892937
v -0.06650000 0.01023984 -0.00888360
v -0.06650000 0.01030282 -0.00883463
v -0.06650000 0.00996595 -0.00904639
v -0.06650000 0.00793488 -0.00844795
v -0.06650000 0.00797901 -0.00851441
v -0.06650000 0.00958724 -0.00916848
v -0.06650000 0.00950851 -0.00918136
v -0.06650000 0.00966523 -0.00915168
v -0.06650000 0.00974228 -0.00913102
v -0.06650000 0.00981821 -0.00910654
v -0.06650000 0.00989283 -0.00907831
v -0.06650000 0.00802639 -0.00857859
v -0.06650000 0.00807692 -0.00864033
v -0.06650000 0.00919012 -0.00919334
v -0.06650000 0.00911064 -0.00918640
v -0.06650000 0.00926984 -0.00919631
v -0.06650000 0.00934961 -0.00919530
v -0.06650000 0.00942923 -0.00919031
v -0.06650000 0.00813046 -0.00869947
v -0.06650000 0.00818689 -0.00875587
v -0.06650000 0.00824605 -0.00880939
v -0.06650000 0.00887566 -0.00914199
v -0.06650000 0.00879914 -0.00911944
v -0.06650000 0.00895322 -0.00916070
v -0.06650000 0.00903161 -0.00917551
v -0.06650000 0.00830781 -0.00885989
v -0.06650000 0.00837201 -0.00890725
v -0.06650000 0.00843849 -0.00895135
v -0.06650000 0.00850708 -0.00899209
v -0.06650000 0.00857762 -0.00902935
v -0.06650000 0.00864993 -0.00906305
v -0.06650000 0.00872383 -0.00909311
v -0.06350000 -0.00219183 -0.01342222
v -0.06350000 -0.00211280 -0.01343311
v -0.06350000 -0.00203332 -0.01344004
v -0.06350000 -0.00195360 -0.01344301
v -0.06350000 -0.00187382 -0.01344200
v -0.06350000 -0.00179420 -0.01343702
v -0.06350000 -0.00171493 -0.01342807
v -0.06350000 -0.00163620 -0.01341518
v -0.06350000 -0.00155821 -0.01339838
v -0.06350000 -0.00148115 -0.01337772
v -0.06350000 -0.00140522 -0.01335324
v -0.06350000 -0.00133061 -0.01332501
v -0.06350000 -0.00125749 -0.01329309
v -0.06350000 -0.00118606 -0.01325757
v -0.06350000 -0.00111648 -0.01321853
v -0.06350000 -0.00104894 -0.01317607
v -0.06350000 -0.00098360 -0.01313030
v -0.06350000 -0.00092062 -0.01308133
v -0.06350000 -0.00086016 -0.01302928
v -0.06350000 -0.00080237 -0.01297428
v -0.06350000 -0.00074740 -0.01291647
v -0.06350000 -0.00069537 -0.01285599
v -0.06350000 -0.00064642 -0.01279299
v -0.06350000 -0.00060068 -0.01272763
v -0.06350000 -0.00055824 -0.01266007
v -0.06350000 -0.00051923 -0.01259048
v -0.06350000 -0.00048374 -0.01251904
v -0.06350000 -0.00045185 -0.01244591
v -0.06350000 -0.00042365 -0.01237128
v -0.06350000 -0.00039920 -0.01229534
v -0.06350000 -0.00037857 -0.01221828
v -0.06350000 -0.00036180 -0.01214028
v -0.06350000 -0.00034894 -0.01206155
v -0.06350000 -0.00034003 -0.01198227
v -0.06350000 -0.00033507 -0.01190264
v -0.06350000 -0.00033409 -0.01182287
v -0.06350000 -0.00033709 -0.01174315
v -0.06350000 -0.00034406 -0.01166368
v -0.06350000 -0.00035498 -0.01158465
v -0.06350000 -0.00036983 -0.01150626
v -0.06350000 -0.00038856 -0.01142872
v -0.06350000 -0.00041114 -0.01135220
v -0.06350000 -0.00043751 -0.01127691
v -0.06350000 -0.00046759 -0.01120302
v -0.06350000 -0.00050132 -0.01113072
v -0.06350000 -0.00053861 -0.01106019
v -0.06350000 -0.00057937 -0.01099161
v -0.06350000 -0.00062350 -0.01092515
v -0.06350000 -0.00067089 -0.01086097
v -0.06350000 -0.00072142 -0.01079923
v -0.06350000 -0.00077496 -0.01074009
v -0.06350000 -0.00083138 -0.01068369
v -0.06350000 -0.00089054 -0.01063017
v -0.06350000 -0.00095230 -0.01057967
v -0.06350000 -0.00101650 -0.01053231
v -0.06350000 -0.00108298 -0.01048821
v -0.06350000 -0.00115158 -0.01044747
v -0.06350000 -0.00122212 -0.01041021
v -0.06350000 -0.00129443 -0.01037651
v -0.06350000 -0.00136833 -0.01034645
v -0.06350000 -0.00144363 -0.01032012
v -0.06350000 -0.00152016 -0.01029757
v -0.06350000 -0.00159771 -0.01027886
v -0.06350000 -0.00167610 -0.01026405
v -0.06350000 -0.00294731 -0.01060493
v -0.06350000 -0.00281899 -0.01051019
v -0.06350000 -0.00288433 -0.01055596
v -0.06350000 -0.00306556 -0.01071198
v -0.06350000 -0.00300777 -0.01065698
v -0.06350000 -0.00253732 -0.01036126
v -0.06350000 -0.00261044 -0.01039317
v -0.06350000 -0.00268187 -0.01042869
v -0.06350000 -0.00275145 -0.01046773
v -0.06350000 -0.00238678 -0.01030854
v -0.06350000 -0.00246271 -0.01033302
v -0.06350000 -0.00330969 -0.01102619
v -0.06350000 -0.00322151 -0.01089327
v -0.06350000 -0.00326725 -0.01095863
v -0.06350000 -0.00223173 -0.01027108
v -0.06350000 -0.00230972 -0.01028788
v -0.06350000 -0.00215300 -0.01025820
v -0.06350000 -0.00338419 -0.01116723
v -0.06350000 -0.00334870 -0.01109578
v -0.06350000 -0.00207373 -0.01024925
v -0.06350000 -0.00312053 -0.01076980
v -0.06350000 -0.00317256 -0.01083028
v -0.06350000 -0.00344428 -0.01131498
v -0.06350000 -0.00341608 -0.01124036
v -0.06350000 -0.00183461 -0.01024622
v -0.06350000 -0.00191433 -0.01024325
v -0.06350000 -0.00199410 -0.01024426
v -0.06350000 -0.00350613 -0.01154598
v -0.06350000 -0.00346873 -0.01139092
v -0.06350000 -0.00348936 -0.01146799
v -0.06350000 -0.00352790 -0.01170400
v -0.06350000 -0.00351899 -0.01162472
v -0.06350000 -0.00175513 -0.01025316
v -0.06350000 -0.00353084 -0.01194311
v -0.06350000 -0.00353286 -0.01178362
v -0.06350000 -0.00353384 -0.01186339
v -0.06350000 -0.00352387 -0.01202259
v -0.06350000 -0.00347936 -0.01225755
v -0.06350000 -0.00351295 -0.01210162
v -0.06350000 -0.00349810 -0.01218000
v -0.06350000 -0.00340034 -0.01248325
v -0.06350000 -0.00345679 -0.01233406
v -0.06350000 -0.00343042 -0.01240936
v -0.06350000 -0.00336661 -0.01255554
v -0.06350000 -0.00319704 -0.01282529
v -0.06350000 -0.00332932 -0.01262607
v -0.06350000 -0.00328856 -0.01269465
v -0.06350000 -0.00324443 -0.01276111
v -0.06350000 -0.00309297 -0.01294617
v -0.06350000 -0.00314651 -0.01288703
v -0.06350000 -0.00291563 -0.01310659
v -0.06350000 -0.00303655 -0.01300257
v -0.06350000 -0.00297739 -0.01305609
v -0.06350000 -0.00278495 -0.01319806
v -0.06350000 -0.00285143 -0.01315396
v -0.06350000 -0.00249960 -0.01333981
v -0.06350000 -0.00271635 -0.01323879
v -0.06350000 -0.00264581 -0.01327606
v -0.06350000 -0.00257350 -0.01330976
v -0.06350000 -0.00242430 -0.01336615
v -0.06350000 -0.00234777 -0.01338869
v -0.06350000 -0.00227022 -0.01340740
v -0.06350000 -0.01223678 -0.00300851
v -0.06350000 -0.01210846 -0.00291376
v -0.06350000 -0.01217380 -0.00295953
v -0.06350000 -0.01189991 -0.00279674
v -0.06350000 -0.01197134 -0.00283227
v -0.06350000 -0.01204092 -0.00287130
v -0.06350000 -0.01241001 -0.00317337
v -0.06350000 -0.01229724 -0.00306056
v -0.06350000 -0.01235503 -0.00311556
v -0.06350000 -0.01182679 -0.00276483
v -0.06350000 -0.01246203 -0.00323385
v -0.06350000 -0.01251098 -0.00329684
v -0.06350000 -0.01167625 -0.00271212
v -0.06350000 -0.01175218 -0.00273659
v -0.06350000 -0.01259916 -0.00342976
v -0.06350000 -0.01255672 -0.00336220
v -0.06350000 -0.01152120 -0.00267466
v -0.06350000 -0.01159919 -0.00269145
v -0.06350000 -0.01267366 -0.00357080
v -0.06350000 -0.01263817 -0.00349935
v -0.06350000 -0.01273375 -0.00371855
v -0.06350000 -0.01270555 -0.00364393
v -0.06350000 -0.01120380 -0.00264682
v -0.06350000 -0.01128358 -0.00264783
v -0.06350000 -0.01136320 -0.00265282
v -0.06350000 -0.01144247 -0.00266177
v -0.06350000 -0.01275820 -0.00379449
v -0.06350000 -0.01096557 -0.00266762
v -0.06350000 -0.01104461 -0.00265673
v -0.06350000 -0.01112408 -0.00264979
v -0.06350000 -0.01281737 -0.00410757
v -0.06350000 -0.01277883 -0.00387156
v -0.06350000 -0.01279560 -0.00394955
v -0.06350000 -0.01280846 -0.00402829
v -0.06350000 -0.01282331 -0.00426696
v -0.06350000 -0.01282233 -0.00418719
v -0.06350000 -0.01058390 -0.00278008
v -0.06350000 -0.01065780 -0.00275002
v -0.06350000 -0.01073310 -0.00272369
v -0.06350000 -0.01080963 -0.00270114
v -0.06350000 -0.01088718 -0.00268244
v -0.06350000 -0.01280242 -0.00450519
v -0.06350000 -0.01282031 -0.00434669
v -0.06350000 -0.01281334 -0.00442616
v -0.06350000 -0.01044105 -0.00285104
v -0.06350000 -0.01051159 -0.00281378
v -0.06350000 -0.01276884 -0.00466112
v -0.06350000 -0.01278757 -0.00458357
v -0.06350000 -0.01024177 -0.00298324
v -0.06350000 -0.01030597 -0.00293588
v -0.06350000 -0.01037245 -0.00289178
v -0.06350000 -0.01271989 -0.00481293
v -0.06350000 -0.01274626 -0.00473763
v -0.06350000 -0.01018001 -0.00303374
v -0.06350000 -0.01268981 -0.00488682
v -0.06350000 -0.01261879 -0.00502964
v -0.06350000 -0.01265608 -0.00495912
v -0.06350000 -0.00996036 -0.00326454
v -0.06350000 -0.01001089 -0.00320281
v -0.06350000 -0.01006443 -0.00314366
v -0.06350000 -0.01012085 -0.00308726
v -0.06350000 -0.01248651 -0.00522886
v -0.06350000 -0.01257803 -0.00509822
v -0.06350000 -0.01253390 -0.00516468
v -0.06350000 -0.00982808 -0.00346377
v -0.06350000 -0.00986884 -0.00339519
v -0.06350000 -0.00991297 -0.00332872
v -0.06350000 -0.01238244 -0.00534974
v -0.06350000 -0.01243599 -0.00529060
v -0.06350000 -0.00975706 -0.00360659
v -0.06350000 -0.00979079 -0.00353429
v -0.06350000 -0.01226686 -0.00545966
v -0.06350000 -0.01232602 -0.00540615
v -0.06350000 -0.00970061 -0.00375577
v -0.06350000 -0.00972698 -0.00368048
v -0.06350000 -0.01207442 -0.00560163
v -0.06350000 -0.01220510 -0.00551017
v -0.06350000 -0.01214090 -0.00555753
v -0.06350000 -0.00965930 -0.00390984
v -0.06350000 -0.00967804 -0.00383229
v -0.06350000 -0.00964445 -0.00398822
v -0.06350000 -0.01186297 -0.00571333
v -0.06350000 -0.01200583 -0.00564236
v -0.06350000 -0.01193528 -0.00567963
v -0.06350000 -0.00962656 -0.00414672
v -0.06350000 -0.00963353 -0.00406725
v -0.06350000 -0.01171377 -0.00576972
v -0.06350000 -0.01178907 -0.00574338
v -0.06350000 -0.00962454 -0.00430622
v -0.06350000 -0.00962356 -0.00422644
v -0.06350000 -0.00962950 -0.00438584
v -0.06350000 -0.01155969 -0.00581097
v -0.06350000 -0.01163724 -0.00579227
v -0.06350000 -0.00966804 -0.00462185
v -0.06350000 -0.00965127 -0.00454385
v -0.06350000 -0.00963841 -0.00446512
v -0.06350000 -0.00968867 -0.00469891
v -0.06350000 -0.01124307 -0.00584658
v -0.06350000 -0.01148130 -0.00582579
v -0.06350000 -0.01140227 -0.00583668
v -0.06350000 -0.01132279 -0.00584362
v -0.06350000 -0.01116330 -0.00584557
v -0.06350000 -0.00977321 -0.00492261
v -0.06350000 -0.00974132 -0.00484948
v -0.06350000 -0.00971312 -0.00477485
v -0.06350000 -0.01100440 -0.00583164
v -0.06350000 -0.01108367 -0.00584059
v -0.06350000 -0.00984772 -0.00506364
v -0.06350000 -0.00980870 -0.00499406
v -0.06350000 -0.01084768 -0.00580195
v -0.06350000 -0.01092567 -0.00581875
v -0.06350000 -0.00993589 -0.00519656
v -0.06350000 -0.00989015 -0.00513120
v -0.06350000 -0.01069469 -0.00575681
v -0.06350000 -0.01077062 -0.00578129
v -0.06350000 -0.01003687 -0.00532004
v -0.06350000 -0.00998484 -0.00525956
v -0.06350000 -0.01054696 -0.00569666
v -0.06350000 -0.01062008 -0.00572858
v -0.06350000 -0.01009184 -0.00537785
v -0.06350000 -0.01047553 -0.00566114
v -0.06350000 -0.01021009 -0.00548490
v -0.06350000 -0.01014963 -0.00543285
v -0.06350000 -0.01027307 -0.00553387
v -0.06350000 -0.01040595 -0.00562210
v -0.06350000 -0.01033841 -0.00557964
v -0.06350000 -0.01030282 0.00883463
v -0.06350000 -0.01017449 0.00892937
v -0.06350000 -0.01023984 0.00888360
v -0.06350000 -0.00996595 0.00904639
v -0.06350000 -0.01003738 0.00901087
v -0.06350000 -0.01010695 0.00897183
v -0.06350000 -0.01047604 0.00866977
v -0.06350000 -0.01036327 0.00878258
v -0.06350000 -0.01042106 0.00872758
v -0.06350000 -0.00989283 0.00907831
v -0.06350000 -0.01052807 0.00860929
v -0.06350000 -0.00974228 0.00913102
v -0.06350000 -0.00981821 0.00910654
v -0.06350000 -0.01066519 0.00841337
v -0.06350000 -0.01057701 0.00854629
v -0.06350000 -0.01062276 0.00848093
v -0.06350000 -0.00958724 0.00916848
v -0.06350000 -0.00966523 0.00915168
v -0.06350000 -0.01073970 0.00827233
v -0.06350000 -0.01070420 0.00834378
v -0.06350000 -0.00942923 0.00919031
v -0.06350000 -0.00950851 0.00918136
v -0.06350000 -0.01079979 0.00812458
v -0.06350000 -0.01077158 0.00819920
v -0.06350000 -0.00926984 0.00919631
v -0.06350000 -0.00934961 0.00919530
v -0.06350000 -0.01082424 0.00804864
v -0.06350000 -0.01086164 0.00789358
v -0.06350000 -0.01084487 0.00797157
v -0.06350000 -0.00903161 0.00917551
v -0.06350000 -0.00911064 0.00918640
v -0.06350000 -0.00919012 0.00919334
v -0.06350000 -0.01088341 0.00773556
v -0.06350000 -0.01087449 0.00781484
v -0.06350000 -0.00879914 0.00911944
v -0.06350000 -0.00887566 0.00914199
v -0.06350000 -0.00895322 0.00916070
v -0.06350000 -0.00864993 0.00906305
v -0.06350000 -0.00872383 0.00909311
v -0.06350000 -0.01087938 0.00741697
v -0.06350000 -0.01088934 0.00757617
v -0.06350000 -0.01088634 0.00749645
v -0.06350000 -0.00850708 0.00899209
v -0.06350000 -0.00857762 0.00902935
v -0.06350000 -0.01085361 0.00725956
v -0.06350000 -0.01086845 0.00733795
v -0.06350000 -0.01083487 0.00718201
v -0.06350000 -0.01088836 0.00765594
v -0.06350000 -0.00824605 0.00880939
v -0.06350000 -0.00830781 0.00885989
v -0.06350000 -0.00837201 0.00890725
v -0.06350000 -0.00843849 0.00895135
v -0.06350000 -0.01068482 0.00681349
v -0.06350000 -0.01081229 0.00710550
v -0.06350000 -0.01078593 0.00703020
v -0.06350000 -0.01075584 0.00695631
v -0.06350000 -0.01072211 0.00688402
v -0.06350000 -0.01059993 0.00667845
v -0.06350000 -0.01064406 0.00674491
v -0.06350000 -0.00793488 0.00844795
v -0.06350000 -0.00797901 0.00851441
v -0.06350000 -0.00802639 0.00857859
v -0.06350000 -0.00807692 0.00864033
v -0.06350000 -0.00813046 0.00869947
v -0.06350000 -0.00818689 0.00875587
v -0.06350000 -0.00789412 0.00837937
v -0.06350000 -0.01044848 0.00649339
v -0.06350000 -0.01055255 0.00661427
v -0.06350000 -0.01050202 0.00655253
v -0.06350000 -0.01039206 0.00643699
v -0.06350000 -0.00776665 0.00808736
v -0.06350000 -0.00779301 0.00816266
v -0.06350000 -0.00782310 0.00823654
v -0.06350000 -0.01014046 0.00624150
v -0.06350000 -0.01033289 0.00638347
v -0.06350000 -0.01027113 0.00633297
v -0.06350000 -0.01020694 0.00628561
v -0.06350000 -0.00772534 0.00793330
v -0.06350000 -0.00774407 0.00801084
v -0.06350000 -0.01007186 0.00620077
v -0.06350000 -0.00771049 0.00785491
v -0.06350000 -0.00992901 0.00612980
v -0.06350000 -0.01000132 0.00616350
v -0.06350000 -0.00769260 0.00769641
v -0.06350000 -0.00769957 0.00777588
v -0.06350000 -0.00785683 0.00830884
v -0.06350000 -0.00977980 0.00607341
v -0.06350000 -0.00985511 0.00609975
v -0.06350000 -0.00769058 0.00753692
v -0.06350000 -0.00768960 0.00761669
v -0.06350000 -0.00970328 0.00605087
v -0.06350000 -0.00769553 0.00745729
v -0.06350000 -0.00954733 0.00601734
v -0.06350000 -0.00962572 0.00603216
v -0.06350000 -0.00773407 0.00722128
v -0.06350000 -0.00771731 0.00729928
v -0.06350000 -0.00770445 0.00737801
v -0.06350000 -0.00775471 0.00714422
v -0.06350000 -0.00930910 0.00599655
v -0.06350000 -0.00946830 0.00600645
v -0.06350000 -0.00938883 0.00599952
v -0.06350000 -0.00780736 0.00699365
v -0.06350000 -0.00777915 0.00706828
v -0.06350000 -0.00899170 0.00602438
v -0.06350000 -0.00922933 0.00599756
v -0.06350000 -0.00914971 0.00600254
v -0.06350000 -0.00907043 0.00601149
v -0.06350000 -0.00791375 0.00677949
v -0.06350000 -0.00787474 0.00684908
v -0.06350000 -0.00783925 0.00692052
v -0.06350000 -0.00891371 0.00604118
v -0.06350000 -0.00876073 0.00608632
v -0.06350000 -0.00883666 0.00606184
v -0.06350000 -0.00805087 0.00658357
v -0.06350000 -0.00800193 0.00664657
v -0.06350000 -0.00795618 0.00671193
v -0.06350000 -0.00810290 0.00652309
v -0.06350000 -0.00861300 0.00614647
v -0.06350000 -0.00868611 0.00611455
v -0.06350000 -0.00827613 0.00635823
v -0.06350000 -0.00821567 0.00641028
v -0.06350000 -0.00815788 0.00646528
v -0.06350000 -0.00840445 0.00626349
v -0.06350000 -0.00854156 0.00618199
v -0.06350000 -0.00847199 0.00622103
v -0.06350000 -0.00833911 0.00630926
v -0.06350000 0.00092062 0.01308133
v -0.06350000 0.00104894 0.01317607
v -0.06350000 0.00098360 0.01313030
v -0.06350000 0.00080237 0.01297428
v -0.06350000 0.00086016 0.01302928
v -0.06350000 0.00133061 0.01332501
v -0.06350000 0.00125749 0.01329309
v -0.06350000 0.00118606 0.01325757
v -0.06350000 0.00111648 0.01321853
v -0.06350000 0.00064642 0.01279299
v -0.06350000 0.00074740 0.01291647
v -0.06350000 0.00069537 0.01285599
v -0.06350000 0.00148115 0.01337772
v -0.06350000 0.00140522 0.01335324
v -0.06350000 0.00055824 0.01266007
v -0.06350000 0.00060068 0.01272763
v -0.06350000 0.00163620 0.01341518
v -0.06350000 0.00155821 0.01339838
v -0.06350000 0.00171493 0.01342807
v -0.06350000 0.00048374 0.01251904
v -0.06350000 0.00051923 0.01259048
v -0.06350000 0.00179420 0.01343702
v -0.06350000 0.00042365 0.01237128
v -0.06350000 0.00045185 0.01244591
v -0.06350000 0.00203332 0.01344004
v -0.06350000 0.00195360 0.01344301
v -0.06350000 0.00187382 0.01344200
v -0.06350000 0.00036180 0.01214028
v -0.06350000 0.00039920 0.01229534
v -0.06350000 0.00037857 0.01221828
v -0.06350000 0.00034003 0.01198227
v -0.06350000 0.00034894 0.01206155
v -0.06350000 0.00242430 0.01336615
v -0.06350000 0.00219183 0.01342222
v -0.06350000 0.00211280 0.01343311
v -0.06350000 0.00234777 0.01338869
v -0.06350000 0.00227022 0.01340740
v -0.06350000 0.00033409 0.01182287
v -0.06350000 0.00033507 0.01190264
v -0.06350000 0.00033709 0.01174315
v -0.06350000 0.00034406 0.01166368
v -0.06350000 0.00264581 0.01327606
v -0.06350000 0.00257350 0.01330976
v -0.06350000 0.00249960 0.01333981
v -0.06350000 0.00271635 0.01323879
v -0.06350000 0.00036983 0.01150626
v -0.06350000 0.00035498 0.01158465
v -0.06350000 0.00038856 0.01142872
v -0.06350000 0.00285143 0.01315396
v -0.06350000 0.00278495 0.01319806
v -0.06350000 0.00291563 0.01310659
v -0.06350000 0.00046759 0.01120302
v -0.06350000 0.00041114 0.01135220
v -0.06350000 0.00043751 0.01127691
v -0.06350000 0.00303655 0.01300257
v -0.06350000 0.00297739 0.01305609
v -0.06350000 0.00053861 0.01106019
v -0.06350000 0.00050132 0.01113072
v -0.06350000 0.00314651 0.01288703
v -0.06350000 0.00309297 0.01294617
v -0.06350000 0.00328856 0.01269465
v -0.06350000 0.00324443 0.01276111
v -0.06350000 0.00319704 0.01282529
v -0.06350000 0.00072142 0.01079923
v -0.06350000 0.00057937 0.01099161
v -0.06350000 0.00062350 0.01092515
v -0.06350000 0.00067089 0.01086097
v -0.06350000 0.00077496 0.01074009
v -0.06350000 0.00083138 0.01068369
v -0.06350000 0.00340034 0.01248325
v -0.06350000 0.00336661 0.01255554
v -0.06350000 0.00332932 0.01262607
v -0.06350000 0.00089054 0.01063017
v -0.06350000 0.00343042 0.01240936
v -0.06350000 0.00095230 0.01057967
v -0.06350000 0.00347936 0.01225755
v -0.06350000 0.00345679 0.01233406
v -0.06350000 0.00108298 0.01048821
v -0.06350000 0.00101650 0.01053231
v -0.06350000 0.00351295 0.01210162
v -0.06350000 0.00349810 0.01218000
v -0.06350000 0.00122212 0.01041021
v -0.06350000 0.00115158 0.01044747
v -0.06350000 0.00129443 0.01037651
v -0.06350000 0.00353084 0.01194311
v -0.06350000 0.00352387 0.01202259
v -0.06350000 0.00144363 0.01032012
v -0.06350000 0.00136833 0.01034645
v -0.06350000 0.00353286 0.01178362
v -0.06350000 0.00353384 0.01186339
v -0.06350000 0.00167610 0.01026405
v -0.06350000 0.00152016 0.01029757
v -0.06350000 0.00159771 0.01027886
v -0.06350000 0.00183461 0.01024622
v -0.06350000 0.00175513 0.01025316
v -0.06350000 0.00346873 0.01139092
v -0.06350000 0.00348936 0.01146799
v -0.06350000 0.00350613 0.01154598
v -0.06350000 0.00351899 0.01162472
v -0.06350000 0.00344428 0.01131498
v -0.06350000 0.00352790 0.01170400
v -0.06350000 0.00215300 0.01025820
v -0.06350000 0.00191433 0.01024325
v -0.06350000 0.00199410 0.01024426
v -0.06350000 0.00207373 0.01024925
v -0.06350000 0.00334870 0.01109578
v -0.06350000 0.00338419 0.01116723
v -0.06350000 0.00341608 0.01124036
v -0.06350000 0.00326725 0.01095863
v -0.06350000 0.00330969 0.01102619
v -0.06350000 0.00253732 0.01036126
v -0.06350000 0.00223173 0.01027108
v -0.06350000 0.00230972 0.01028788
v -0.06350000 0.00238678 0.01030854
v -0.06350000 0.00246271 0.01033302
v -0.06350000 0.00306556 0.01071198
v -0.06350000 0.00312053 0.01076980
v -0.06350000 0.00317256 0.01083028
v -0.06350000 0.00322151 0.01089327
v -0.06350000 0.00268187 0.01042869
v -0.06350000 0.00261044 0.01039317
v -0.06350000 0.00294731 0.01060493
v -0.06350000 0.00300777 0.01065698
v -0.06350000 0.00281899 0.01051019
v -0.06350000 0.00275145 0.01046773
v -0.06350000 0.00288433 0.01055596
v -0.06350000 0.00847199 -0.00622103
v -0.06350000 0.00840445 -0.00626349
v -0.06350000 0.00833911 -0.00630926
v -0.06350000 0.00821567 -0.00641028
v -0.06350000 0.00827613 -0.00635823
v -0.06350000 0.00861300 -0.00614647
v -0.06350000 0.00854156 -0.00618199
v -0.06350000 0.00810290 -0.00652309
v -0.06350000 0.00815788 -0.00646528
v -0.06350000 0.00800193 -0.00664657
v -0.06350000 0.00805087 -0.00658357
v -0.06350000 0.00883666 -0.00606184
v -0.06350000 0.00876073 -0.00608632
v -0.06350000 0.00868611 -0.00611455
v -0.06350000 0.00791375 -0.00677949
v -0.06350000 0.00795618 -0.00671193
v -0.06350000 0.00907043 -0.00601149
v -0.06350000 0.00899170 -0.00602438
v -0.06350000 0.00891371 -0.00604118
v -0.06350000 0.00780736 -0.00699365
v -0.06350000 0.00787474 -0.00684908
v -0.06350000 0.00783925 -0.00692052
v -0.06350000 0.00775471 -0.00714422
v -0.06350000 0.00777915 -0.00706828
v -0.06350000 0.00938883 -0.00599952
v -0.06350000 0.00930910 -0.00599655
v -0.06350000 0.00922933 -0.00599756
v -0.06350000 0.00914971 -0.00600254
v -0.06350000 0.00771731 -0.00729928
v -0.06350000 0.00773407 -0.00722128
v -0.06350000 0.00954733 -0.00601734
v -0.06350000 0.00946830 -0.00600645
v -0.06350000 0.00770445 -0.00737801
v -0.06350000 0.00962572 -0.00603216
v -0.06350000 0.00769553 -0.00745729
v -0.06350000 0.00769260 -0.00769641
v -0.06350000 0.00769058 -0.00753692
v -0.06350000 0.00768960 -0.00761669
v -0.06350000 0.00992901 -0.00612980
v -0.06350000 0.00985511 -0.00609975
v -0.06350000 0.00977980 -0.00607341
v -0.06350000 0.00970328 -0.00605087
v -0.06350000 0.00771049 -0.00785491
v -0.06350000 0.00769957 -0.00777588
v -0.06350000 0.01014046 -0.00624150
v -0.06350000 0.01007186 -0.00620077
v -0.06350000 0.01000132 -0.00616350
v -0.06350000 0.00776665 -0.00808736
v -0.06350000 0.00772534 -0.00793330
v -0.06350000 0.00774407 -0.00801084
v -0.06350000 0.01033289 -0.00638347
v -0.06350000 0.01027113 -0.00633297
v -0.06350000 0.01020694 -0.00628561
v -0.06350000 0.00782310 -0.00823654
v -0.06350000 0.00779301 -0.00816266
v -0.06350000 0.01044848 -0.00649339
v -0.06350000 0.01039206 -0.00643699
v -0.06350000 0.00789412 -0.00837937
v -0.06350000 0.00785683 -0.00830884
v -0.06350000 0.00797901 -0.00851441
v -0.06350000 0.00793488 -0.00844795
v -0.06350000 0.00802639 -0.00857859
v -0.06350000 0.01068482 -0.00681349
v -0.06350000 0.01064406 -0.00674491
v -0.06350000 0.01059993 -0.00667845
v -0.06350000 0.01055255 -0.00661427
v -0.06350000 0.01050202 -0.00655253
v -0.06350000 0.00813046 -0.00869947
v -0.06350000 0.00807692 -0.00864033
v -0.06350000 0.00818689 -0.00875587
v -0.06350000 0.01075584 -0.00695631
v -0.06350000 0.01072211 -0.00688402
v -0.06350000 0.00830781 -0.00885989
v -0.06350000 0.00824605 -0.00880939
v -0.06350000 0.01081229 -0.00710550
v -0.06350000 0.01078593 -0.00703020
v -0.06350000 0.00837201 -0.00890725
v -0.06350000 0.00850708 -0.00899209
v -0.06350000 0.00843849 -0.00895135
v -0.06350000 0.01086845 -0.00733795
v -0.06350000 0.01085361 -0.00725956
v -0.06350000 0.01083487 -0.00718201
v -0.06350000 0.01087938 -0.00741697
v -0.06350000 0.00864993 -0.00906305
v -0.06350000 0.00857762 -0.00902935
v -0.06350000 0.00872383 -0.00909311
v -0.06350000 0.01088934 -0.00757617
v -0.06350000 0.01088634 -0.00749645
v -0.06350000 0.01088836 -0.00765594
v -0.06350000 0.00895322 -0.00916070
v -0.06350000 0.00879914 -0.00911944
v -0.06350000 0.00887566 -0.00914199
v -0.06350000 0.01087449 -0.00781484
v -0.06350000 0.01088341 -0.00773556
v -0.06350000 0.00903161 -0.00917551
v -0.06350000 0.01086164 -0.00789358
v -0.06350000 0.00919012 -0.00919334
v -0.06350000 0.00911064 -0.00918640
v -0.06350000 0.01079979 -0.00812458
v -0.06350000 0.01082424 -0.00804864
v -0.06350000 0.01084487 -0.00797157
v -0.06350000 0.00942923 -0.00919031
v -0.06350000 0.00926984 -0.00919631
v -0.06350000 0.00934961 -0.00919530
v -0.06350000 0.01073970 -0.00827233
v -0.06350000 0.01077158 -0.00819920
v -0.06350000 0.00966523 -0.00915168
v -0.06350000 0.00950851 -0.00918136
v -0.06350000 0.00958724 -0.00916848
v -0.06350000 0.01062276 -0.00848093
v -0.06350000 0.01066519 -0.00841337
v -0.06350000 0.01070420 -0.00834378
v -0.06350000 0.00974228 -0.00913102
v -0.06350000 0.01057701 -0.00854629
v -0.06350000 0.00981821 -0.00910654
v -0.06350000 0.01047604 -0.00866977
v -0.06350000 0.01052807 -0.00860929
v -0.06350000 0.00996595 -0.00904639
v -0.06350000 0.00989283 -0.00907831
v -0.06350000 0.01030282 -0.00883463
v -0.06350000 0.01036327 -0.00878258
v -0.06350000 0.01042106 -0.00872758
v -0.06350000 0.01017449 -0.00892937
v -0.06350000 0.01003738 -0.00901087
v -0.06350000 0.01010695 -0.00897183
v -0.06350000 0.01023984 -0.00888360
v -0.06350000 0.01040595 0.00562210
v -0.06350000 0.01033841 0.00557964
v -0.06350000 0.01027307 0.00553387
v -0.06350000 0.01014963 0.00543285
v -0.06350000 0.01021009 0.00548490
v -0.06350000 0.01054696 0.00569666
v -0.06350000 0.01047553 0.00566114
v -0.06350000 0.01003687 0.00532004
v -0.06350000 0.01009184 0.00537785
v -0.06350000 0.00993589 0.00519656
v -0.06350000 0.00998484 0.00525956
v -0.06350000 0.01077062 0.00578129
v -0.06350000 0.01069469 0.00575681
v -0.06350000 0.01062008 0.00572858
v -0.06350000 0.00984772 0.00506364
v -0.06350000 0.00989015 0.00513120
v -0.06350000 0.01100440 0.00583164
v -0.06350000 0.01092567 0.00581875
v -0.06350000 0.01084768 0.00580195
v -0.06350000 0.00968867 0.00469891
v -0.06350000 0.00980870 0.00499406
v -0.06350000 0.00977321 0.00492261
v -0.06350000 0.00974132 0.00484948
v -0.06350000 0.00971312 0.00477485
v -0.06350000 0.01132279 0.00584362
v -0.06350000 0.01124307 0.00584658
v -0.06350000 0.01116330 0.00584557
v -0.06350000 0.01108367 0.00584059
v -0.06350000 0.00965127 0.00454385
v -0.06350000 0.00966804 0.00462185
v -0.06350000 0.00962950 0.00438584
v -0.06350000 0.00963841 0.00446512
v -0.06350000 0.01171377 0.00576972
v -0.06350000 0.01163724 0.00579227
v -0.06350000 0.01155969 0.00581097
v -0.06350000 0.00962656 0.00414672
v -0.06350000 0.00962454 0.00430622
v -0.06350000 0.00962356 0.00422644
v -0.06350000 0.00964445 0.00398822
v -0.06350000 0.00963353 0.00406725
v -0.06350000 0.01200583 0.00564236
v -0.06350000 0.01193528 0.00567963
v -0.06350000 0.01186297 0.00571333
v -0.06350000 0.01178907 0.00574338
v -0.06350000 0.01207442 0.00560163
v -0.06350000 0.01148130 0.00582579
v -0.06350000 0.01140227 0.00583668
v -0.06350000 0.00970061 0.00375577
v -0.06350000 0.00965930 0.00390984
v -0.06350000 0.00967804 0.00383229
v -0.06350000 0.01220510 0.00551017
v -0.06350000 0.01214090 0.00555753
v -0.06350000 0.00972698 0.00368048
v -0.06350000 0.01226686 0.00545966
v -0.06350000 0.01243599 0.00529060
v -0.06350000 0.01238244 0.00534974
v -0.06350000 0.01232602 0.00540615
v -0.06350000 0.00991297 0.00332872
v -0.06350000 0.00975706 0.00360659
v -0.06350000 0.00979079 0.00353429
v -0.06350000 0.00982808 0.00346377
v -0.06350000 0.00986884 0.00339519
v -0.06350000 0.01257803 0.00509822
v -0.06350000 0.01253390 0.00516468
v -0.06350000 0.01248651 0.00522886
v -0.06350000 0.01001089 0.00320281
v -0.06350000 0.00996036 0.00326454
v -0.06350000 0.01268981 0.00488682
v -0.06350000 0.01265608 0.00495912
v -0.06350000 0.01261879 0.00502964
v -0.06350000 0.01018001 0.00303374
v -0.06350000 0.01006443 0.00314366
v -0.06350000 0.01012085 0.00308726
v -0.06350000 0.01024177 0.00298324
v -0.06350000 0.01030597 0.00293588
v -0.06350000 0.01051159 0.00281378
v -0.06350000 0.01037245 0.00289178
v -0.06350000 0.01044105 0.00285104
v -0.06350000 0.01281334 0.00442616
v -0.06350000 0.01280242 0.00450519
v -0.06350000 0.01278757 0.00458357
v -0.06350000 0.01276884 0.00466112
v -0.06350000 0.01274626 0.00473763
v -0.06350000 0.01271989 0.00481293
v -0.06350000 0.01058390 0.00278008
v -0.06350000 0.01065780 0.00275002
v -0.06350000 0.01282331 0.00426696
v -0.06350000 0.01282031 0.00434669
v -0.06350000 0.01282233 0.00418719
v -0.06350000 0.01080963 0.00270114
v -0.06350000 0.01073310 0.00272369
v -0.06350000 0.01088718 0.00268244
v -0.06350000 0.01280846 0.00402829
v -0.06350000 0.01281737 0.00410757
v -0.06350000 0.01104461 0.00265673
v -0.06350000 0.01096557 0.00266762
v -0.06350000 0.01277883 0.00387156
v -0.06350000 0.01279560 0.00394955
v -0.06350000 0.01112408 0.00264979
v -0.06350000 0.01273375 0.00371855
v -0.06350000 0.01275820 0.00379449
v -0.06350000 0.01136320 0.00265282
v -0.06350000 0.01120380 0.00264682
v -0.06350000 0.01128358 0.00264783
v -0.06350000 0.01267366 0.00357080
v -0.06350000 0.01270555 0.00364393
v -0.06350000 0.01152120 0.00267466
v -0.06350000 0.01144247 0.00266177
v -0.06350000 0.01159919 0.00269145
v -0.06350000 0.01251098 0.00329684
v -0.06350000 0.01255672 0.00336220
v -0.06350000 0.01259916 0.00342976
v -0.06350000 0.01263817 0.00349935
v -0.06350000 0.01175218 0.00273659
v -0.06350000 0.01167625 0.00271212
v -0.06350000 0.01241001 0.00317337
v -0.06350000 0.01246203 0.00323385
v -0.06350000 0.01197134 0.00283227
v -0.06350000 0.01182679 0.00276483
v -0.06350000 0.01189991 0.00279674
v -0.06350000 0.01204092 0.00287130
v -0.06350000 0.01223678 0.00300851
v -0.06350000 0.01229724 0.00306056
v -0.06350000 0.01235503 0.00311556
v -0.06350000 0.01217380 0.00295953
v -0.06350000 0.01210846 0.00291376
v -0.06550000 -0.00239061 -0.00395131
v -0.06550000 -0.00476590 -0.00088432
v -0.06550000 -0.00382671 0.00271419
v -0.06550000 -0.00097777 0.00463382
v -0.06550000 0.00473762 0.00061900
v -0.06550000 0.00376161 -0.00267921
v -0.06550000 0.00092962 -0.00449534
v -0.06550000 0.00227898 -0.00467958
v -0.06550000 0.00471022 -0.00182387
v -0.06550000 -0.00216540 -0.00464610
v -0.06178932 -0.00330706 -0.00416818
v -0.06550000 0.00282813 0.00418747
v -0.06550000 -0.00461346 0.00205639
v -0.06177525 -0.00185988 0.00517925
v -0.06110000 -0.00518205 -0.00489565
v -0.06110000 -0.00528004 -0.00487713
v -0.06110000 -0.00508511 -0.00491903
v -0.06110000 -0.00498945 -0.00494722
v -0.06110000 -0.00489532 -0.00498013
v -0.06110000 -0.00480294 -0.00501770
v -0.06110000 -0.00471255 -0.00505983
v -0.06110000 -0.00462438 -0.00510641
v -0.06110000 -0.00453863 -0.00515733
v -0.06110000 -0.00445554 -0.00521246
v -0.06110000 -0.00437529 -0.00527166
v -0.06110000 -0.00429809 -0.00533478
v -0.06110000 -0.00422413 -0.00540168
v -0.06110000 -0.00415361 -0.00547218
v -0.06110000 -0.00408668 -0.00554611
v -0.06110000 -0.00402352 -0.00562328
v -0.06110000 -0.00396429 -0.00570351
v -0.06110000 -0.00390913 -0.00578659
v -0.06110000 -0.00385818 -0.00587231
v -0.06110000 -0.00381156 -0.00596047
v -0.06110000 -0.00376940 -0.00605084
v -0.06110000 -0.00373179 -0.00614320
v -0.06110000 -0.00369884 -0.00623732
v -0.06110000 -0.00367062 -0.00633297
v -0.06110000 -0.00364720 -0.00642990
v -0.06110000 -0.00362864 -0.00652788
v -0.06110000 -0.00361499 -0.00662667
v -0.06110000 -0.00360627 -0.00672601
v -0.06110000 -0.00360253 -0.00682566
v -0.06110000 -0.00360375 -0.00692537
v -0.06110000 -0.00360994 -0.00702490
v -0.06110000 -0.00362109 -0.00712400
v -0.06110000 -0.00363716 -0.00722242
v -0.06110000 -0.00365812 -0.00731992
v -0.06110000 -0.00368391 -0.00741625
v -0.06110000 -0.00371447 -0.00751117
v -0.06110000 -0.00374972 -0.00760446
v -0.06110000 -0.00378958 -0.00769586
v -0.06110000 -0.00383395 -0.00778517
v -0.06110000 -0.00388272 -0.00787216
v -0.06110000 -0.00393575 -0.00795661
v -0.06110000 -0.00399294 -0.00803831
v -0.06110000 -0.00405412 -0.00811706
v -0.06110000 -0.00411915 -0.00819266
v -0.06110000 -0.00418787 -0.00826492
v -0.06110000 -0.00426011 -0.00833367
v -0.06110000 -0.00433569 -0.00839873
v -0.06110000 -0.00441441 -0.00845995
v -0.06110000 -0.00449609 -0.00851716
v -0.06110000 -0.00458051 -0.00857023
v -0.06110000 -0.00466748 -0.00861903
v -0.06110000 -0.00475677 -0.00866343
v -0.06110000 -0.00484817 -0.00870333
v -0.06110000 -0.00494144 -0.00873862
v -0.06110000 -0.00503635 -0.00876922
v -0.06110000 -0.00513267 -0.00879505
v -0.06110000 -0.00523016 -0.00881604
v -0.06110000 -0.00532857 -0.00883216
v -0.06110000 -0.00542766 -0.00884334
v -0.06110000 -0.00552719 -0.00884957
v -0.06110000 -0.00562691 -0.00885083
v -0.06110000 -0.00572656 -0.00884713
v -0.06110000 -0.00582590 -0.00883845
v -0.06110000 -0.00592469 -0.00882484
v -0.06110000 -0.00479705 -0.00976106
v -0.06110000 -0.00259924 -0.00716451
v -0.06110000 -0.00602268 -0.00880632
v -0.06110000 -0.00611962 -0.00878294
v -0.06110000 -0.00621528 -0.00875475
v -0.06110000 -0.00630941 -0.00872184
v -0.06110000 -0.00640179 -0.00868427
v -0.06110000 -0.00649218 -0.00864214
v -0.06110000 -0.00658035 -0.00859556
v -0.06110000 -0.00666610 -0.00854464
v -0.06110000 -0.00674920 -0.00848951
v -0.06110000 -0.00714491 -0.00944862
v -0.06110000 -0.00682945 -0.00843031
v -0.06110000 -0.00690664 -0.00836718
v -0.06110000 -0.00698060 -0.00830029
v -0.06110000 -0.00705113 -0.00822979
v -0.06110000 -0.00326693 -0.00493966
v -0.06110000 -0.00711805 -0.00815586
v -0.06110000 -0.00718121 -0.00807868
v -0.06110000 -0.00724044 -0.00799846
v -0.06110000 -0.00729561 -0.00791538
v -0.06110000 -0.00734656 -0.00782966
v -0.06110000 -0.00803017 -0.00864352
v -0.06110000 -0.00739317 -0.00774150
v -0.06110000 -0.00743533 -0.00765113
v -0.06110000 -0.00747294 -0.00755877
v -0.06110000 -0.00417073 -0.00419251
v -0.06110000 -0.00750589 -0.00746465
v -0.06110000 -0.00753412 -0.00736900
v -0.06110000 -0.00755754 -0.00727207
v -0.06110000 -0.00757609 -0.00717409
v -0.06110000 -0.00758975 -0.00707530
v -0.06110000 -0.00759846 -0.00697596
v -0.06110000 -0.00760221 -0.00687631
v -0.06110000 -0.00760098 -0.00677660
v -0.06110000 -0.00759479 -0.00667707
v -0.06110000 -0.00758364 -0.00657797
v -0.06110000 -0.00537883 -0.00486352
v -0.06110000 -0.00756757 -0.00647955
v -0.06110000 -0.00547817 -0.00485484
v -0.06110000 -0.00754661 -0.00638205
v -0.06110000 -0.00557783 -0.00485114
v -0.06110000 -0.00752082 -0.00628572
v -0.06110000 -0.00567754 -0.00485240
v -0.06110000 -0.00749026 -0.00619080
v -0.06110000 -0.00577707 -0.00485863
v -0.06110000 -0.00745501 -0.00609751
v -0.06110000 -0.00587616 -0.00486981
v -0.06110000 -0.00741515 -0.00600610
v -0.06110000 -0.00669780 -0.00402528
v -0.06110000 -0.00597458 -0.00488593
v -0.06110000 -0.00832424 -0.00558240
v -0.06110000 -0.00737078 -0.00591680
v -0.06110000 -0.00607206 -0.00490692
v -0.06110000 -0.00775192 -0.00557450
v -0.06110000 -0.00616838 -0.00493275
v -0.06110000 -0.00726898 -0.00574536
v -0.06110000 -0.00626330 -0.00496335
v -0.06110000 -0.00721180 -0.00566366
v -0.06110000 -0.00635656 -0.00499864
v -0.06110000 -0.00715061 -0.00558491
v -0.06110000 -0.00644796 -0.00503854
v -0.06110000 -0.00708558 -0.00550931
v -0.06110000 -0.00653725 -0.00508294
v -0.06110000 -0.00701686 -0.00543705
v -0.06110000 -0.00662422 -0.00513174
v -0.06110000 -0.00694462 -0.00536830
v -0.06110000 -0.00670865 -0.00518481
v -0.06110000 -0.00686905 -0.00530324
v -0.06110000 -0.00679032 -0.00524202
v -0.06118571 -0.00776996 -0.00475173
v -0.06110000 -0.00271163 0.01023262
v -0.06110000 -0.00280962 0.01025114
v -0.06110000 -0.00261469 0.01020924
v -0.06110000 -0.00251903 0.01018105
v -0.06110000 -0.00242490 0.01014813
v -0.06110000 -0.00233252 0.01011057
v -0.06110000 -0.00224213 0.01006844
v -0.06110000 -0.00215396 0.01002186
v -0.06110000 -0.00206821 0.00997094
v -0.06110000 -0.00198511 0.00991581
v -0.06110000 -0.00190486 0.00985661
v -0.06110000 -0.00182767 0.00979348
v -0.06110000 -0.00175371 0.00972659
v -0.06110000 -0.00168318 0.00965609
v -0.06110000 -0.00161626 0.00958216
v -0.06110000 -0.00155310 0.00950498
v -0.06110000 -0.00149387 0.00942476
v -0.06110000 -0.00143870 0.00934168
v -0.06110000 -0.00138775 0.00925596
v -0.06110000 -0.00134114 0.00916780
v -0.06110000 -0.00129898 0.00907743
v -0.06110000 -0.00126137 0.00898507
v -0.06110000 -0.00122842 0.00889095
v -0.06110000 -0.00120019 0.00879530
v -0.06110000 -0.00117677 0.00869837
v -0.06110000 -0.00115822 0.00860039
v -0.06110000 -0.00114456 0.00850160
v -0.06110000 -0.00113585 0.00840226
v -0.06110000 -0.00113210 0.00830261
v -0.06110000 -0.00113333 0.00820289
v -0.06110000 -0.00113952 0.00810336
v -0.06110000 -0.00115067 0.00800427
v -0.06110000 -0.00116674 0.00790585
v -0.06110000 -0.00118770 0.00780835
v -0.06110000 -0.00121349 0.00771202
v -0.06110000 -0.00124405 0.00761710
v -0.06110000 -0.00127930 0.00752381
v -0.06110000 -0.00131916 0.00743240
v -0.06110000 -0.00136353 0.00734309
v -0.06110000 -0.00141229 0.00725611
v -0.06110000 -0.00146533 0.00717166
v -0.06110000 -0.00152251 0.00708996
v -0.06110000 -0.00158370 0.00701121
v -0.06110000 -0.00164873 0.00693561
v -0.06110000 -0.00171745 0.00686335
v -0.06110000 -0.00178969 0.00679460
v -0.06110000 -0.00186526 0.00672954
v -0.06110000 -0.00194399 0.00666832
v -0.06110000 -0.00202566 0.00661111
v -0.06110000 -0.00211009 0.00655803
v -0.06110000 -0.00219706 0.00650924
v -0.06110000 -0.00228635 0.00646483
v -0.06110000 -0.00237775 0.00642494
v -0.06110000 -0.00247101 0.00638965
v -0.06110000 -0.00256593 0.00635905
v -0.06110000 -0.00266225 0.00633322
v -0.06110000 -0.00275973 0.00631222
v -0.06110000 -0.00285815 0.00629611
v -0.06110000 -0.00295724 0.00628493
v -0.06110000 -0.00305677 0.00627870
v -0.06110000 -0.00315648 0.00627743
v -0.06110000 -0.00325614 0.00628114
v -0.06110000 -0.00335548 0.00628982
v -0.06110000 -0.00345427 0.00630343
v -0.06110000 -0.00125949 0.00590853
v -0.06110000 -0.00355226 0.00632195
v -0.06110000 -0.00364920 0.00634533
v -0.06110000 -0.00374486 0.00637352
v -0.06110000 -0.00383899 0.00640643
v -0.06110000 -0.00393137 0.00644400
v -0.06117027 -0.00024898 0.00916079
v -0.06110000 -0.00402176 0.00648613
v -0.06110000 -0.00410993 0.00653271
v -0.06110000 -0.00419568 0.00658363
v -0.06110000 -0.00427877 0.00663875
v -0.06110000 -0.00435902 0.00669796
v -0.06110000 -0.00467449 0.00567965
v -0.06110000 -0.00443622 0.00676108
v -0.06110000 -0.00451018 0.00682798
v -0.06110000 -0.00458070 0.00689848
v -0.06110000 -0.00079651 0.01018861
v -0.06110000 -0.00464763 0.00697241
v -0.06110000 -0.00471079 0.00704958
v -0.06110000 -0.00477002 0.00712981
v -0.06110000 -0.00482518 0.00721289
v -0.06110000 -0.00487613 0.00729861
v -0.06110000 -0.00492275 0.00738677
v -0.06110000 -0.00496491 0.00747714
v -0.06110000 -0.00500252 0.00756950
v -0.06110000 -0.00503547 0.00766362
v -0.06110000 -0.00506369 0.00775927
v -0.06110000 -0.00508711 0.00785620
v -0.06110000 -0.00510567 0.00795418
v -0.06110000 -0.00511932 0.00805296
v -0.06110000 -0.00512804 0.00815231
v -0.06110000 -0.00513178 0.00825196
v -0.06110000 -0.00513056 0.00835167
v -0.06110000 -0.00512437 0.00845120
v -0.06110000 -0.00511322 0.00855030
v -0.06110000 -0.00290841 0.01026475
v -0.06110000 -0.00509715 0.00864872
v -0.06110000 -0.00300775 0.01027342
v -0.06110000 -0.00507619 0.00874622
v -0.06110000 -0.00310740 0.01027713
v -0.06110000 -0.00505040 0.00884255
v -0.06110000 -0.00320712 0.01027587
v -0.06110000 -0.00501984 0.00893747
v -0.06110000 -0.00330665 0.01026964
v -0.06110000 -0.00498459 0.00903075
v -0.06110000 -0.00340574 0.01025845
v -0.06110000 -0.00494473 0.00912216
v -0.06110000 -0.00408131 0.01114360
v -0.06110000 -0.00350415 0.01024234
v -0.06110000 -0.00490036 0.00921147
v -0.06110000 -0.00360164 0.01022135
v -0.06110000 -0.00485159 0.00929846
v -0.06110000 -0.00369796 0.01019552
v -0.06110000 -0.00479856 0.00938291
v -0.06110000 -0.00379287 0.01016492
v -0.06110000 -0.00474137 0.00946461
v -0.06110000 -0.00388614 0.01012963
v -0.06110000 -0.00468019 0.00954336
v -0.06110000 -0.00397754 0.01008973
v -0.06110000 -0.00461516 0.00961896
v -0.06110000 -0.00406683 0.01004533
v -0.06110000 -0.00454644 0.00969122
v -0.06110000 -0.00415380 0.00999653
v -0.06110000 -0.00447420 0.00975997
v -0.06110000 -0.00546826 0.01025392
v -0.06110000 -0.00423822 0.00994346
v -0.06110000 -0.00439862 0.00982503
v -0.06110000 -0.00431990 0.00988625
v -0.06110000 0.00915463 0.00052904
v -0.06110000 0.00905664 0.00054756
v -0.06110000 0.00925157 0.00050565
v -0.06110000 0.00934723 0.00047747
v -0.06110000 0.00944136 0.00044455
v -0.06110000 0.00953373 0.00040698
v -0.06110000 0.00962412 0.00036486
v -0.06110000 0.00971230 0.00031828
v -0.06110000 0.00979804 0.00026736
v -0.06110000 0.00988114 0.00021223
v -0.06110000 0.00996139 0.00015303
v -0.06110000 0.01003859 0.00008990
v -0.06110000 0.01011254 0.00002300
v -0.06110000 0.01018307 -0.00004750
v -0.06110000 0.01025000 -0.00012143
v -0.06110000 0.01031316 -0.00019860
v -0.06110000 0.01037239 -0.00027882
v -0.06110000 0.01042755 -0.00036190
v -0.06110000 0.01047850 -0.00044763
v -0.06110000 0.01052511 -0.00053578
v -0.06110000 0.01056728 -0.00062615
v -0.06110000 0.01060488 -0.00071852
v -0.06110000 0.01063784 -0.00081264
v -0.06110000 0.01066606 -0.00090828
v -0.06110000 0.01068948 -0.00100521
v -0.06110000 0.01070804 -0.00110320
v -0.06110000 0.01072169 -0.00120198
v -0.06110000 0.01073040 -0.00130132
v -0.06110000 0.01073415 -0.00140097
v -0.06110000 0.01073293 -0.00150069
v -0.06110000 0.01072673 -0.00160022
v -0.06110000 0.01071559 -0.00169932
v -0.06110000 0.01069952 -0.00179774
v -0.06110000 0.01067856 -0.00189523
v -0.06110000 0.01065277 -0.00199156
v -0.06110000 0.01062221 -0.00208649
v -0.06110000 0.01058695 -0.00217977
v -0.06110000 0.01054709 -0.00227118
v -0.06110000 0.01050272 -0.00236049
v -0.06110000 0.01045396 -0.00244748
v -0.06110000 0.01040092 -0.00253192
v -0.06110000 0.01034374 -0.00261362
v -0.06110000 0.01028256 -0.00269237
v -0.06110000 0.01021752 -0.00276797
v -0.06110000 0.01014880 -0.00284023
v -0.06110000 0.01007656 -0.00290898
v -0.06110000 0.01000099 -0.00297405
v -0.06110000 0.00992227 -0.00303526
v -0.06110000 0.00984059 -0.00309248
v -0.06110000 0.00975616 -0.00314555
v -0.06110000 0.00966919 -0.00319435
v -0.06110000 0.00957990 -0.00323875
v -0.06110000 0.00948851 -0.00327864
v -0.06110000 0.00939524 -0.00331394
v -0.06110000 0.00930033 -0.00334453
v -0.06110000 0.00920401 -0.00337036
v -0.06110000 0.00910652 -0.00339136
v -0.06110000 0.00900811 -0.00340747
v -0.06110000 0.00890901 -0.00341865
v -0.06110000 0.00880949 -0.00342489
v -0.06110000 0.00870977 -0.00342615
v -0.06110000 0.00861012 -0.00342244
v -0.06110000 0.00851077 -0.00341377
v -0.06110000 0.00841198 -0.00340015
v -0.06110000 0.00831399 -0.00338163
v -0.06110000 0.00821705 -0.00335825
v -0.06110000 0.00832190 -0.00441913
v -0.06110000 0.00812139 -0.00333007
v -0.06110000 0.00802726 -0.00329715
v -0.06110000 0.00793489 -0.00325958
v -0.06110000 0.00784450 -0.00321745
v -0.06110000 0.00775632 -0.00317087
v -0.06110000 0.00767058 -0.00311996
v -0.06110000 0.00758748 -0.00306483
v -0.06110000 0.00750723 -0.00300563
v -0.06110000 0.00743003 -0.00294250
v -0.06110000 0.00735608 -0.00287560
v -0.06110000 0.00728555 -0.00280510
v -0.06110000 0.00721862 -0.00273117
v -0.06110000 0.00715546 -0.00265400
v -0.06110000 0.00709623 -0.00257377
v -0.06110000 0.00704107 -0.00249070
v -0.06110000 0.00699012 -0.00240497
v -0.06110000 0.00630651 -0.00321884
v -0.06110000 0.00694351 -0.00231681
v -0.06110000 0.00690134 -0.00222644
v -0.06110000 0.00686374 -0.00213408
v -0.06115882 0.01016235 0.00122873
v -0.06110000 0.00683078 -0.00203996
v -0.06110000 0.00680256 -0.00194432
v -0.06110000 0.00677914 -0.00184738
v -0.06110000 0.00676058 -0.00174940
v -0.06110000 0.00674693 -0.00165062
v -0.06110000 0.00580506 -0.00215881
v -0.06110000 0.00673822 -0.00155128
v -0.06110000 0.00673447 -0.00145162
v -0.06110000 0.00673569 -0.00135191
v -0.06110000 0.00674189 -0.00125238
v -0.06110000 0.00675303 -0.00115328
v -0.06110000 0.00895785 0.00056117
v -0.06110000 0.00676910 -0.00105486
v -0.06110000 0.00885850 0.00056984
v -0.06110000 0.00679006 -0.00095737
v -0.06110000 0.00875885 0.00057355
v -0.06110000 0.00681585 -0.00086104
v -0.06110000 0.00865913 0.00057229
v -0.06110000 0.00684641 -0.00076611
v -0.06110000 0.00855961 0.00056606
v -0.06110000 0.00688167 -0.00067283
v -0.06110000 0.00846051 0.00055487
v -0.06110000 0.00692153 -0.00058142
v -0.06110000 0.00836210 0.00053876
v -0.06110000 0.00696590 -0.00049211
v -0.06110000 0.00826461 0.00051776
v -0.06110000 0.00701466 -0.00040512
v -0.06110000 0.00816829 0.00049194
v -0.06110000 0.00706770 -0.00032067
v -0.06110000 0.00807338 0.00046134
v -0.06110000 0.00712488 -0.00023898
v -0.06110000 0.00798011 0.00042605
v -0.06110000 0.00718606 -0.00016023
v -0.06110000 0.00788872 0.00038615
v -0.06110000 0.00725110 -0.00008463
v -0.06110000 0.00779943 0.00034175
v -0.06110000 0.00731982 -0.00001236
v -0.06110000 0.00771246 0.00029295
v -0.06110000 0.00739206 0.00005639
v -0.06110000 0.00762803 0.00023988
v -0.06110000 0.00746763 0.00012145
v -0.06110000 0.00754635 0.00018266
v -0.05650000 -0.00914510 0.00032181
v -0.05898276 -0.01072485 -0.00061962
v -0.05650000 -0.01204484 -0.00210815
v -0.05650000 -0.01227405 -0.00229603
v -0.05650000 -0.01224725 -0.00228268
v -0.05650000 -0.01222114 -0.00226801
v -0.05650000 -0.01219580 -0.00225206
v -0.05650000 -0.01217129 -0.00223486
v -0.05650000 -0.01214766 -0.00221646
v -0.05650000 -0.01212499 -0.00219691
v -0.05650000 -0.01210331 -0.00217625
v -0.05650000 -0.01208270 -0.00215453
v -0.05650000 -0.01206319 -0.00213181
v -0.05650000 -0.00906974 0.00036614
v -0.05650000 -0.00909413 0.00035015
v -0.05650000 -0.00904616 0.00038330
v -0.05650000 -0.00900162 0.00042095
v -0.05650000 -0.00902343 0.00040158
v -0.05650000 -0.00898078 0.00044135
v -0.05650000 -0.00911927 0.00033536
v -0.05650000 -0.00896096 0.00046274
v -0.05650000 -0.00890803 0.00053233
v -0.05650000 -0.00894219 0.00048507
v -0.05650000 -0.00892454 0.00050829
v -0.05650000 -0.00887862 0.00058269
v -0.05650000 -0.00889271 0.00055715
v -0.05650000 -0.00886578 0.00060888
v -0.05650000 -0.00883511 0.00069075
v -0.05650000 -0.00885423 0.00063566
v -0.05650000 -0.00884400 0.00066297
v -0.05650000 -0.00882142 0.00074744
v -0.05650000 -0.00882757 0.00071893
v -0.05650000 -0.00881330 0.00080518
v -0.05650000 -0.00881665 0.00077621
v -0.05650000 -0.00862586 0.00199732
v -0.05650000 -0.00877241 0.00260409
v -0.05650000 -0.00859588 0.00215570
v -0.05650000 -0.00859548 0.00218487
v -0.05650000 -0.00859649 0.00221401
v -0.05650000 -0.00859892 0.00224308
v -0.05650000 -0.00860276 0.00227199
v -0.05650000 -0.00860800 0.00230068
v -0.05650000 -0.00861462 0.00232909
v -0.05650000 -0.00862262 0.00235714
v -0.05650000 -0.00863198 0.00238476
v -0.05650000 -0.00864266 0.00241190
v -0.05650000 -0.00865465 0.00243849
v -0.05650000 -0.00866792 0.00246446
v -0.05650000 -0.00868244 0.00248976
v -0.05650000 -0.00869816 0.00251432
v -0.05650000 -0.00871506 0.00253809
v -0.05650000 -0.00873310 0.00256101
v -0.05650000 -0.00875223 0.00258303
v -0.05650000 -0.01185666 0.00591457
v -0.05650000 -0.01078228 0.00591343
v -0.05650000 -0.01079626 0.00593991
v -0.05650000 -0.01081154 0.00596566
v -0.05650000 -0.01082808 0.00599062
v -0.05650000 -0.01084585 0.00601473
v -0.05650000 -0.01086480 0.00603791
v -0.05650000 -0.01088488 0.00606012
v -0.05650000 -0.01090605 0.00608130
v -0.05650000 -0.01092824 0.00610140
v -0.05650000 -0.01095141 0.00612037
v -0.05650000 -0.01097550 0.00613816
v -0.05650000 -0.01100045 0.00615472
v -0.05650000 -0.01102619 0.00617002
v -0.05650000 -0.01105266 0.00618401
v -0.05650000 -0.01107980 0.00619667
v -0.05650000 -0.01110754 0.00620796
v -0.05650000 -0.01113580 0.00621784
v -0.05650000 -0.01116452 0.00622631
v -0.05650000 -0.01119363 0.00623333
v -0.05650000 -0.01122306 0.00623890
v -0.05650000 -0.01125208 0.00624291
v -0.05650000 -0.01128127 0.00624550
v -0.05650000 -0.01131055 0.00624667
v -0.05650000 -0.01133985 0.00624640
v -0.05650000 -0.01136911 0.00624471
v -0.05650000 -0.01139825 0.00624158
v -0.05650000 -0.01142719 0.00623704
v -0.05650000 -0.01145589 0.00623109
v -0.05650000 -0.01184294 0.00594046
v -0.05650000 -0.01182798 0.00596566
v -0.05650000 -0.01148426 0.00622375
v -0.05650000 -0.01181180 0.00599009
v -0.05650000 -0.01151223 0.00621503
v -0.05650000 -0.01179445 0.00601371
v -0.05650000 -0.01153975 0.00620495
v -0.05650000 -0.01177597 0.00603645
v -0.05650000 -0.01156674 0.00619355
v -0.05650000 -0.01175639 0.00605825
v -0.05650000 -0.01159314 0.00618083
v -0.05650000 -0.01173578 0.00607908
v -0.05650000 -0.01161890 0.00616685
v -0.05650000 -0.01171418 0.00609888
v -0.05650000 -0.01164393 0.00615162
v -0.05650000 -0.01169163 0.00611760
v -0.05650000 -0.01166820 0.00613519
v -0.05650000 0.00429385 -0.00808080
v -0.05650000 0.00617055 -0.00909353
v -0.05650000 0.00426983 -0.00806558
v -0.05650000 0.00424512 -0.00805152
v -0.05650000 0.00421977 -0.00803864
v -0.05650000 0.00419383 -0.00802698
v -0.05650000 0.00416738 -0.00801656
v -0.05650000 0.00414046 -0.00800741
v -0.05650000 0.00411313 -0.00799954
v -0.05650000 0.00408546 -0.00799297
v -0.05650000 0.00405752 -0.00798773
v -0.05650000 0.00402808 -0.00798367
v -0.05650000 0.00399848 -0.00798107
v -0.05650000 0.00396879 -0.00797994
v -0.05650000 0.00393907 -0.00798028
v -0.05650000 0.00390941 -0.00798209
v -0.05650000 0.00387988 -0.00798537
v -0.05650000 0.00385054 -0.00799010
v -0.05650000 0.00382148 -0.00799629
v -0.05650000 0.00379276 -0.00800390
v -0.05650000 0.00376445 -0.00801293
v -0.05650000 0.00373662 -0.00802335
v -0.05650000 0.00315872 -0.00827133
v -0.05650000 0.00815076 -0.01044642
v -0.05650000 0.00819553 -0.01040779
v -0.05650000 0.00817362 -0.01042765
v -0.05650000 0.00825503 -0.01034205
v -0.05650000 0.00821644 -0.01038686
v -0.05650000 0.00823629 -0.01036493
v -0.05650000 0.00828903 -0.01029366
v -0.05650000 0.00827262 -0.01031828
v -0.05650000 0.00830419 -0.01026827
v -0.05650000 0.00831809 -0.01024216
v -0.05650000 0.00835185 -0.01016018
v -0.05650000 0.00833069 -0.01021540
v -0.05650000 0.00834195 -0.01018805
v -0.05650000 0.00837315 -0.01007412
v -0.05650000 0.00836036 -0.01013185
v -0.05650000 0.00836747 -0.01010314
v -0.05650000 0.00838154 -0.00998585
v -0.05650000 0.00837739 -0.01004484
v -0.05650000 0.00838019 -0.01001540
v -0.05650000 0.00837985 -0.00992674
v -0.05650000 0.00838142 -0.00995628
v -0.05650000 0.00835912 -0.00981044
v -0.05650000 0.00837683 -0.00989732
v -0.05650000 0.00837236 -0.00986808
v -0.05650000 0.00836645 -0.00983910
v -0.05650000 0.00834028 -0.00975439
v -0.05650000 0.00835039 -0.00978218
v -0.05650000 0.00828654 -0.00964918
v -0.05650000 0.00832881 -0.00972712
v -0.05650000 0.00831601 -0.00970046
v -0.05650000 0.00830191 -0.00967446
v -0.05650000 0.00826995 -0.00962470
v -0.05650000 0.00821324 -0.00955655
v -0.05650000 0.00825218 -0.00960106
v -0.05650000 0.00823326 -0.00957832
v -0.05650000 0.00819218 -0.00953579
v -0.05650000 0.00817011 -0.00951609
v -0.05650000 0.00814710 -0.00949750
v -0.05650000 0.00807299 -0.00944884
v -0.05650000 0.00812321 -0.00948007
v -0.05650000 0.00809848 -0.00946384
v -0.05650000 0.00804678 -0.00943512
v -0.05650000 0.00801994 -0.00942271
v -0.05650000 0.00796457 -0.00940193
v -0.05650000 0.00799251 -0.00941164
v -0.05650000 0.00793619 -0.00939361
v -0.05650000 0.00787836 -0.00938122
v -0.05650000 0.00790743 -0.00938670
v -0.05650000 0.00785823 -0.00937828
v -0.05650000 0.00786831 -0.00937966
v -0.05650000 0.00077945 -0.01322648
v -0.05650000 0.00075273 -0.01322633
v -0.05650000 0.00080616 -0.01322545
v -0.05650000 0.00072603 -0.01322498
v -0.05650000 0.00069943 -0.01322244
v -0.05650000 0.00067296 -0.01321872
v -0.05650000 0.00064355 -0.01321316
v -0.05650000 0.00061445 -0.01320614
v -0.05650000 0.00058574 -0.01319768
v -0.05650000 0.00055749 -0.01318780
v -0.05650000 0.00052977 -0.01317652
v -0.05650000 0.00050264 -0.01316387
v -0.05650000 0.00047618 -0.01314989
v -0.05650000 0.00045044 -0.01313460
v -0.05650000 0.00042550 -0.01311805
v -0.05650000 0.00040142 -0.01310028
v -0.05650000 0.00037826 -0.01308132
v -0.05650000 0.00035607 -0.01306124
v -0.05650000 0.00033490 -0.01304007
v -0.05650000 0.00031482 -0.01301788
v -0.05650000 0.00029587 -0.01299471
v -0.05650000 0.00027811 -0.01297062
v -0.05650000 0.00026156 -0.01294568
v -0.05650000 0.00024628 -0.01291995
v -0.05650000 0.00023230 -0.01289348
v -0.05650000 0.00021966 -0.01286635
v -0.05650000 0.00020838 -0.01283862
v -0.05650000 0.00019850 -0.01281037
v -0.05650000 0.00019005 -0.01278166
v -0.05650000 0.00018304 -0.01275256
v -0.05650000 0.00017748 -0.01272315
v -0.05650000 0.00017340 -0.01269350
v -0.05650000 0.00017081 -0.01266368
v -0.05650000 0.00016970 -0.01263377
v -0.05650000 0.00017009 -0.01260384
v -0.05650000 0.00017197 -0.01257397
v -0.05650000 0.00017533 -0.01254423
v -0.05650000 0.00018018 -0.01251469
v -0.05650000 0.00018649 -0.01248544
v -0.05650000 0.00019425 -0.01245653
v -0.05650000 0.00020345 -0.01242805
v -0.05650000 0.00021405 -0.01240006
v -0.05650000 0.00022604 -0.01237263
v -0.05948868 0.00374108 -0.01340251
v -0.05650000 0.00213915 -0.00887117
v -0.05650000 0.00214865 -0.00884359
v -0.05650000 0.00213100 -0.00889917
v -0.05650000 0.00217161 -0.00878999
v -0.05650000 0.00218502 -0.00876409
v -0.05650000 0.00215948 -0.00881651
v -0.05650000 0.00219967 -0.00873887
v -0.05650000 0.00253887 -0.00847801
v -0.05650000 0.00223256 -0.00869071
v -0.05650000 0.00225072 -0.00866789
v -0.05650000 0.00221553 -0.00871439
v -0.05650000 0.00248389 -0.00849743
v -0.05650000 0.00251114 -0.00848705
v -0.05650000 0.00226997 -0.00864598
v -0.05650000 0.00229026 -0.00862503
v -0.05650000 0.00240559 -0.00853633
v -0.05650000 0.00245717 -0.00850913
v -0.05650000 0.00243105 -0.00852210
v -0.05650000 0.00233378 -0.00858620
v -0.05650000 0.00231155 -0.00860509
v -0.05650000 0.00238085 -0.00855179
v -0.05650000 0.00235690 -0.00856842
v -0.06920000 -0.00356733 0.00632525
v -0.06920000 -0.00346948 0.00630597
v -0.06920000 -0.00279440 0.01024859
v -0.06920000 -0.00289309 0.01026297
v -0.06947264 -0.00337238 0.01020834
v -0.06920000 -0.00299236 0.01027241
v -0.06920000 -0.00309198 0.01027688
v -0.06920000 -0.00319170 0.01027639
v -0.06920000 -0.00329128 0.01027093
v -0.06920000 -0.00339045 0.01026051
v -0.06920000 -0.00348899 0.01024516
v -0.06920000 -0.00358663 0.01022491
v -0.06920000 -0.00368315 0.01019983
v -0.06944392 -0.00215524 0.00997236
v -0.06920000 -0.00377830 0.01016996
v -0.06920000 -0.00387184 0.01013539
v -0.06920000 -0.00396353 0.01009620
v -0.06920000 -0.00405317 0.01005249
v -0.06920000 -0.00414051 0.01000436
v -0.06920000 -0.00422534 0.00995194
v -0.06920000 -0.00430746 0.00989536
v -0.06920000 -0.00438665 0.00983475
v -0.06920000 -0.00446272 0.00977028
v -0.06920000 -0.00453549 0.00970209
v -0.06944846 -0.00445889 0.00969236
v -0.06920000 -0.00460477 0.00963035
v -0.06920000 -0.00467038 0.00955526
v -0.06920000 -0.00473217 0.00947698
v -0.06920000 -0.00478998 0.00939573
v -0.06920000 -0.00484367 0.00931169
v -0.06920000 -0.00489310 0.00922508
v -0.06920000 -0.00493816 0.00913612
v -0.06920000 -0.00497872 0.00904502
v -0.06920000 -0.00501469 0.00895201
v -0.06920000 -0.00504598 0.00885732
v -0.06920000 -0.00507252 0.00876120
v -0.06920000 -0.00509423 0.00866386
v -0.06946273 -0.00496688 0.00887924
v -0.06920000 -0.00511106 0.00856557
v -0.06920000 -0.00512297 0.00846656
v -0.06920000 -0.00512993 0.00836708
v -0.06920000 -0.00513192 0.00826738
v -0.06920000 -0.00512894 0.00816770
v -0.06946730 -0.00504980 0.00819407
v -0.06920000 -0.00512099 0.00806830
v -0.06920000 -0.00510811 0.00796941
v -0.06920000 -0.00509030 0.00787129
v -0.06937928 -0.00491815 0.00740854
v -0.06920000 -0.00506763 0.00777418
v -0.06920000 -0.00504015 0.00767832
v -0.06920000 -0.00500792 0.00758395
v -0.06920000 -0.00497103 0.00749130
v -0.06920000 -0.00492956 0.00740060
v -0.06920000 -0.00488363 0.00731209
v -0.06920000 -0.00483334 0.00722598
v -0.06920000 -0.00477882 0.00714248
v -0.06920000 -0.00472021 0.00706180
v -0.06920000 -0.00465765 0.00698414
v -0.06920000 -0.00459129 0.00690970
v -0.06920000 -0.00452131 0.00683865
v -0.06920000 -0.00444787 0.00677119
v -0.06920000 -0.00437117 0.00670747
v -0.06920000 -0.00429138 0.00664765
v -0.06920000 -0.00420870 0.00659188
v -0.06920000 -0.00412336 0.00654030
v -0.06920000 -0.00403554 0.00649304
v -0.06920000 -0.00394548 0.00645022
v -0.06920000 -0.00385340 0.00641194
v -0.06943935 -0.00410145 0.00657237
v -0.06920000 -0.00375952 0.00637830
v -0.06920000 -0.00366409 0.00634938
v -0.06920000 -0.00269656 0.01022932
v -0.06920000 -0.00337080 0.00629160
v -0.06920000 -0.00327153 0.00628216
v -0.06920000 -0.00317191 0.00627768
v -0.06920000 -0.00307218 0.00627818
v -0.06933719 -0.00311216 0.00627800
v -0.06920000 -0.00297261 0.00628364
v -0.06920000 -0.00287343 0.00629406
v -0.06920000 -0.00277490 0.00630941
v -0.06920000 -0.00267725 0.00632966
v -0.06920000 -0.00258074 0.00635474
v -0.06920000 -0.00248559 0.00638461
v -0.06920000 -0.00239205 0.00641918
v -0.06920000 -0.00230035 0.00645837
v -0.06920000 -0.00221072 0.00650208
v -0.06920000 -0.00212338 0.00655021
v -0.06920000 -0.00203855 0.00660263
v -0.06920000 -0.00195643 0.00665921
v -0.06920000 -0.00187724 0.00671981
v -0.06920000 -0.00180116 0.00678429
v -0.06920000 -0.00172840 0.00685248
v -0.06920000 -0.00165912 0.00692421
v -0.06949340 -0.00214759 0.00657240
v -0.06920000 -0.00159351 0.00699931
v -0.06920000 -0.00153172 0.00707758
v -0.06920000 -0.00147391 0.00715884
v -0.06920000 -0.00142022 0.00724288
v -0.06920000 -0.00137079 0.00732948
v -0.06920000 -0.00132573 0.00741845
v -0.06920000 -0.00128517 0.00750955
v -0.06920000 -0.00124919 0.00760256
v -0.06920000 -0.00121790 0.00769724
v -0.06920000 -0.00119137 0.00779337
v -0.06940869 -0.00121308 0.00781439
v -0.06920000 -0.00116966 0.00789070
v -0.06920000 -0.00115283 0.00798900
v -0.06920000 -0.00114092 0.00808800
v -0.06920000 -0.00113396 0.00818748
v -0.06920000 -0.00113197 0.00828719
v -0.06920000 -0.00113495 0.00838686
v -0.06920000 -0.00114289 0.00848627
v -0.06920000 -0.00115578 0.00858516
v -0.06920000 -0.00117359 0.00868328
v -0.06920000 -0.00119626 0.00878039
v -0.06920000 -0.00122374 0.00887625
v -0.06920000 -0.00125597 0.00897062
v -0.06920000 -0.00129286 0.00906327
v -0.06920000 -0.00133432 0.00915396
v -0.06920000 -0.00138026 0.00924248
v -0.06920000 -0.00143055 0.00932859
v -0.06920000 -0.00148506 0.00941209
v -0.06920000 -0.00154368 0.00949277
v -0.06920000 -0.00160624 0.00957043
v -0.06920000 -0.00167259 0.00964487
v -0.06947444 -0.00128731 0.00893341
v -0.06920000 -0.00174258 0.00971591
v -0.06920000 -0.00181601 0.00978338
v -0.06920000 -0.00189272 0.00984710
v -0.06920000 -0.00197251 0.00990692
v -0.06920000 -0.00205518 0.00996269
v -0.06920000 -0.00214053 0.01001426
v -0.06920000 -0.00222835 0.01006152
v -0.06920000 -0.00231841 0.01010435
v -0.06920000 -0.00241049 0.01014263
v -0.06920000 -0.00250437 0.01017627
v -0.06920000 -0.00259980 0.01020519
v -0.05530000 -0.00346948 0.00630597
v -0.05530000 -0.00337080 0.00629160
v -0.05530000 -0.00327153 0.00628216
v -0.05530000 -0.00317191 0.00627768
v -0.05530000 -0.00307218 0.00627818
v -0.05530000 -0.00297261 0.00628364
v -0.05530000 -0.00287343 0.00629406
v -0.05530000 -0.00277490 0.00630941
v -0.05530000 -0.00267725 0.00632966
v -0.05530000 -0.00258074 0.00635474
v -0.05530000 -0.00248559 0.00638461
v -0.05530000 -0.00239205 0.00641918
v -0.05530000 -0.00230035 0.00645837
v -0.05530000 -0.00221072 0.00650208
v -0.05530000 -0.00212338 0.00655021
v -0.05530000 -0.00203855 0.00660263
v -0.05530000 -0.00195643 0.00665921
v -0.05530000 -0.00187724 0.00671981
v -0.05530000 -0.00180116 0.00678429
v -0.05530000 -0.00172840 0.00685248
v -0.05530000 -0.00165912 0.00692421
v -0.05530000 -0.00159351 0.00699931
v -0.05530000 -0.00153172 0.00707758
v -0.05530000 -0.00147391 0.00715884
v -0.05530000 -0.00142022 0.00724288
v -0.05530000 -0.00137079 0.00732948
v -0.05530000 -0.00132573 0.00741845
v -0.05530000 -0.00128517 0.00750955
v -0.05530000 -0.00124919 0.00760256
v -0.05530000 -0.00121790 0.00769724
v -0.05530000 -0.00119137 0.00779337
v -0.05530000 -0.00116966 0.00789070
v -0.05530000 -0.00115283 0.00798900
v -0.05530000 -0.00114092 0.00808800
v -0.05530000 -0.00113396 0.00818748
v -0.05530000 -0.00113197 0.00828719
v -0.05530000 -0.00113495 0.00838686
v -0.05530000 -0.00114289 0.00848627
v -0.05530000 -0.00115578 0.00858516
v -0.05530000 -0.00117359 0.00868328
v -0.05530000 -0.00119626 0.00878039
v -0.05530000 -0.00122374 0.00887625
v -0.05530000 -0.00125597 0.00897062
v -0.05530000 -0.00129286 0.00906327
v -0.05530000 -0.00133432 0.00915396
v -0.05530000 -0.00138026 0.00924248
v -0.05530000 -0.00143055 0.00932859
v -0.05530000 -0.00148506 0.00941209
v -0.05530000 -0.00154368 0.00949277
v -0.05530000 -0.00160624 0.00957043
v -0.05530000 -0.00167259 0.00964487
v -0.05530000 -0.00174258 0.00971591
v -0.05530000 -0.00181601 0.00978338
v -0.05530000 -0.00189272 0.00984710
v -0.05530000 -0.00197251 0.00990692
v -0.05530000 -0.00205518 0.00996269
v -0.05530000 -0.00214053 0.01001426
v -0.05530000 -0.00222835 0.01006152
v -0.05530000 -0.00231841 0.01010435
v -0.05530000 -0.00241049 0.01014263
v -0.05530000 -0.00250437 0.01017627
v -0.05530000 -0.00259980 0.01020519
v -0.05530000 -0.00269656 0.01022932
v -0.05530000 -0.00279440 0.01024859
v -0.05530000 -0.00289309 0.01026297
v -0.05530000 -0.00299236 0.01027241
v -0.05530000 -0.00309198 0.01027688
v -0.05530000 -0.00319170 0.01027639
v -0.05530000 -0.00329128 0.01027093
v -0.05530000 -0.00339045 0.01026051
v -0.05530000 -0.00348899 0.01024516
v -0.05530000 -0.00358663 0.01022491
v -0.05530000 -0.00368315 0.01019983
v -0.05530000 -0.00377830 0.01016996
v -0.05530000 -0.00387184 0.01013539
v -0.05530000 -0.00396353 0.01009620
v -0.05530000 -0.00405317 0.01005249
v -0.05530000 -0.00414051 0.01000436
v -0.05530000 -0.00422534 0.00995194
v -0.05530000 -0.00430746 0.00989536
v -0.05530000 -0.00438665 0.00983475
v -0.05530000 -0.00446272 0.00977028
v -0.05530000 -0.00453549 0.00970209
v -0.05530000 -0.00460477 0.00963035
v -0.05530000 -0.00467038 0.00955526
v -0.05530000 -0.00473217 0.00947698
v -0.05530000 -0.00478998 0.00939573
v -0.05530000 -0.00484367 0.00931169
v -0.05530000 -0.00489310 0.00922508
v -0.05530000 -0.00493816 0.00913612
v -0.05530000 -0.00497872 0.00904502
v -0.05530000 -0.00501469 0.00895201
v -0.05530000 -0.00504598 0.00885732
v -0.05530000 -0.00507252 0.00876120
v -0.05530000 -0.00509423 0.00866386
v -0.05530000 -0.00511106 0.00856557
v -0.05530000 -0.00512297 0.00846656
v -0.05530000 -0.00512993 0.00836708
v -0.05530000 -0.00513192 0.00826738
v -0.05530000 -0.00512894 0.00816770
v -0.05530000 -0.00512099 0.00806830
v -0.05530000 -0.00510811 0.00796941
v -0.05530000 -0.00509030 0.00787129
v -0.05530000 -0.00506763 0.00777418
v -0.05530000 -0.00504015 0.00767832
v -0.05530000 -0.00500792 0.00758395
v -0.05530000 -0.00497103 0.00749130
v -0.05530000 -0.00492956 0.00740060
v -0.05530000 -0.00488363 0.00731209
v -0.05530000 -0.00483334 0.00722598
v -0.05530000 -0.00477882 0.00714248
v -0.05530000 -0.00472021 0.00706180
v -0.05530000 -0.00465765 0.00698414
v -0.05530000 -0.00459129 0.00690970
v -0.05530000 -0.00452131 0.00683865
v -0.05530000 -0.00444787 0.00677119
v -0.05530000 -0.00437117 0.00670747
v -0.05530000 -0.00429138 0.00664765
v -0.05530000 -0.00420870 0.00659188
v -0.05530000 -0.00412336 0.00654030
v -0.05530000 -0.00403554 0.00649304
v -0.05530000 -0.00394548 0.00645022
v -0.05530000 -0.00385340 0.00641194
v -0.05530000 -0.00375952 0.00637830
v -0.05530000 -0.00366409 0.00634938
v -0.05530000 -0.00356733 0.00632525
v -0.05521738 -0.00402483 0.01006969
v -0.05503854 -0.00459786 0.00958185
v -0.05505191 -0.00509052 0.00818800
v -0.05520486 -0.00500989 0.00761037
v -0.05504880 -0.00284124 0.01023554
v -0.05503383 -0.00446783 0.00686779
v -0.05506538 -0.00345862 0.00633226
v -0.05514795 -0.00277492 0.00632429
v -0.05504767 -0.00203643 0.00667911
v -0.05505543 -0.00141257 0.00734222
v -0.05505008 -0.00118944 0.00838821
v -0.05515218 -0.00128043 0.00901920
v -0.05501442 -0.00167628 0.00957027
v -0.06920000 -0.00603775 -0.00880302
v -0.06920000 -0.00593991 -0.00882230
v -0.06920000 -0.00526483 -0.00487967
v -0.06920000 -0.00536351 -0.00486530
v -0.06920000 -0.00546278 -0.00485586
v -0.06920000 -0.00556240 -0.00485138
v -0.06920000 -0.00566213 -0.00485188
v -0.06920000 -0.00576170 -0.00485734
v -0.06920000 -0.00586088 -0.00486776
v -0.06945473 -0.00585187 -0.00491687
v -0.06920000 -0.00595941 -0.00488311
v -0.06920000 -0.00605706 -0.00490336
v -0.06920000 -0.00615357 -0.00492844
v -0.06920000 -0.00624872 -0.00495831
v -0.06920000 -0.00634226 -0.00499288
v -0.06920000 -0.00643396 -0.00503207
v -0.06946399 -0.00683195 -0.00536148
v -0.06920000 -0.00652359 -0.00507578
v -0.06920000 -0.00661093 -0.00512391
v -0.06920000 -0.00669576 -0.00517633
v -0.06920000 -0.00677788 -0.00523291
v -0.06920000 -0.00685707 -0.00529352
v -0.06920000 -0.00693315 -0.00535799
v -0.06920000 -0.00700591 -0.00542618
v -0.06920000 -0.00707519 -0.00549792
v -0.06920000 -0.00714080 -0.00557301
v -0.06920000 -0.00720259 -0.00565128
v -0.06920000 -0.00726040 -0.00573254
v -0.06920000 -0.00731409 -0.00581658
v -0.06920000 -0.00736352 -0.00590319
v -0.06920000 -0.00740858 -0.00599215
v -0.06920000 -0.00744914 -0.00608325
v -0.06920000 -0.00748512 -0.00617626
v -0.06933486 -0.00728526 -0.00578100
v -0.06920000 -0.00751641 -0.00627094
v -0.06920000 -0.00754294 -0.00636707
v -0.06920000 -0.00756465 -0.00646440
v -0.06920000 -0.00758148 -0.00656270
v -0.06920000 -0.00759339 -0.00666171
v -0.06920000 -0.00760035 -0.00676118
v -0.06920000 -0.00760234 -0.00686089
v -0.06920000 -0.00759936 -0.00696057
v -0.06920000 -0.00759142 -0.00705997
v -0.06920000 -0.00757853 -0.00715886
v -0.06920000 -0.00756072 -0.00725698
v -0.06944288 -0.00751168 -0.00652482
v -0.06920000 -0.00753805 -0.00735409
v -0.06920000 -0.00751057 -0.00744995
v -0.06943743 -0.00745284 -0.00751730
v -0.06920000 -0.00747834 -0.00754432
v -0.06920000 -0.00744145 -0.00763697
v -0.06920000 -0.00739999 -0.00772766
v -0.06920000 -0.00735405 -0.00781618
v -0.06920000 -0.00730376 -0.00790229
v -0.06920000 -0.00724925 -0.00798579
v -0.06920000 -0.00719063 -0.00806647
v -0.06920000 -0.00712807 -0.00814413
v -0.06920000 -0.00706172 -0.00821857
v -0.06920000 -0.00699173 -0.00828962
v -0.06920000 -0.00691830 -0.00835708
v -0.06920000 -0.00684159 -0.00842080
v -0.06920000 -0.00676180 -0.00848062
v -0.06920000 -0.00667913 -0.00853639
v -0.06920000 -0.00659378 -0.00858797
v -0.06920000 -0.00650596 -0.00863522
v -0.06920000 -0.00641590 -0.00867805
v -0.06920000 -0.00632382 -0.00871633
v -0.06920000 -0.00622994 -0.00874997
v -0.06920000 -0.00613451 -0.00877889
v -0.06948945 -0.00589863 -0.00877047
v -0.06947124 -0.00672575 -0.00841983
v -0.06920000 -0.00516698 -0.00489895
v -0.06920000 -0.00584122 -0.00883667
v -0.06920000 -0.00574195 -0.00884611
v -0.06920000 -0.00564233 -0.00885059
v -0.06920000 -0.00554261 -0.00885009
v -0.06920000 -0.00544303 -0.00884463
v -0.06920000 -0.00534386 -0.00883421
v -0.06920000 -0.00524532 -0.00881886
v -0.06920000 -0.00514768 -0.00879861
v -0.06920000 -0.00505116 -0.00877353
v -0.06920000 -0.00495601 -0.00874366
v -0.06920000 -0.00486247 -0.00870909
v -0.06920000 -0.00477078 -0.00866990
v -0.06920000 -0.00468114 -0.00862619
v -0.06920000 -0.00459380 -0.00857806
v -0.06920000 -0.00450897 -0.00852564
v -0.06920000 -0.00442685 -0.00846906
v -0.06920000 -0.00434766 -0.00840845
v -0.06920000 -0.00427159 -0.00834398
v -0.06920000 -0.00419882 -0.00827579
v -0.06920000 -0.00412954 -0.00820405
v -0.06920000 -0.00406393 -0.00812896
v -0.06938528 -0.00483713 -0.00867575
v -0.06920000 -0.00400214 -0.00805069
v -0.06920000 -0.00394433 -0.00796943
v -0.06920000 -0.00389064 -0.00788539
v -0.06920000 -0.00384121 -0.00779878
v -0.06944661 -0.00391167 -0.00787066
v -0.06920000 -0.00379615 -0.00770982
v -0.06920000 -0.00375559 -0.00761872
v -0.06920000 -0.00371962 -0.00752571
v -0.06920000 -0.00368833 -0.00743103
v -0.06920000 -0.00366179 -0.00733490
v -0.06920000 -0.00364008 -0.00723757
v -0.06920000 -0.00362325 -0.00713927
v -0.06920000 -0.00361134 -0.00704026
v -0.06920000 -0.00360438 -0.00694079
v -0.06920000 -0.00360239 -0.00684108
v -0.06920000 -0.00360537 -0.00674140
v -0.06920000 -0.00361331 -0.00664200
v -0.06920000 -0.00362620 -0.00654311
v -0.06920000 -0.00364401 -0.00644499
v -0.06920000 -0.00366668 -0.00634788
v -0.06945532 -0.00368731 -0.00644354
v -0.06920000 -0.00369416 -0.00625202
v -0.06920000 -0.00372639 -0.00615765
v -0.06920000 -0.00376328 -0.00606500
v -0.06920000 -0.00380475 -0.00597431
v -0.06920000 -0.00385068 -0.00588579
v -0.06920000 -0.00390097 -0.00579968
v -0.06920000 -0.00395549 -0.00571618
v -0.06920000 -0.00401410 -0.00563550
v -0.06920000 -0.00407666 -0.00555784
v -0.06920000 -0.00414302 -0.00548340
v -0.06920000 -0.00421300 -0.00541235
v -0.06920000 -0.00428644 -0.00534489
v -0.06920000 -0.00436314 -0.00528117
v -0.06920000 -0.00444293 -0.00522135
v -0.06920000 -0.00452561 -0.00516558
v -0.06920000 -0.00461095 -0.00511400
v -0.06920000 -0.00469877 -0.00506675
v -0.06920000 -0.00478883 -0.00502392
v -0.06920000 -0.00488091 -0.00498564
v -0.06943477 -0.00435576 -0.00533935
v -0.06920000 -0.00497479 -0.00495200
v -0.06920000 -0.00507022 -0.00492308
v -0.06934204 -0.00503081 -0.00495781
v -0.05530000 -0.00593991 -0.00882230
v -0.05530000 -0.00584122 -0.00883667
v -0.05530000 -0.00574195 -0.00884611
v -0.05530000 -0.00564233 -0.00885059
v -0.05530000 -0.00554261 -0.00885009
v -0.05530000 -0.00544303 -0.00884463
v -0.05530000 -0.00534386 -0.00883421
v -0.05530000 -0.00524532 -0.00881886
v -0.05530000 -0.00514768 -0.00879861
v -0.05530000 -0.00505116 -0.00877353
v -0.05530000 -0.00495601 -0.00874366
v -0.05530000 -0.00486247 -0.00870909
v -0.05530000 -0.00477078 -0.00866990
v -0.05530000 -0.00468114 -0.00862619
v -0.05530000 -0.00459380 -0.00857806
v -0.05530000 -0.00450897 -0.00852564
v -0.05530000 -0.00442685 -0.00846906
v -0.05530000 -0.00434766 -0.00840845
v -0.05530000 -0.00427159 -0.00834398
v -0.05530000 -0.00419882 -0.00827579
v -0.05530000 -0.00412954 -0.00820405
v -0.05530000 -0.00406393 -0.00812896
v -0.05530000 -0.00400214 -0.00805069
v -0.05530000 -0.00394433 -0.00796943
v -0.05530000 -0.00389064 -0.00788539
v -0.05530000 -0.00384121 -0.00779878
v -0.05530000 -0.00379615 -0.00770982
v -0.05530000 -0.00375559 -0.00761872
v -0.05530000 -0.00371962 -0.00752571
v -0.05530000 -0.00368833 -0.00743103
v -0.05530000 -0.00366179 -0.00733490
v -0.05530000 -0.00364008 -0.00723757
v -0.05530000 -0.00362325 -0.00713927
v -0.05530000 -0.00361134 -0.00704026
v -0.05530000 -0.00360438 -0.00694079
v -0.05530000 -0.00360239 -0.00684108
v -0.05530000 -0.00360537 -0.00674140
v -0.05530000 -0.00361331 -0.00664200
v -0.05530000 -0.00362620 -0.00654311
v -0.05530000 -0.00364401 -0.00644499
v -0.05530000 -0.00366668 -0.00634788
v -0.05530000 -0.00369416 -0.00625202
v -0.05530000 -0.00372639 -0.00615765
v -0.05530000 -0.00376328 -0.00606500
v -0.05530000 -0.00380475 -0.00597431
v -0.05530000 -0.00385068 -0.00588579
v -0.05530000 -0.00390097 -0.00579968
v -0.05530000 -0.00395549 -0.00571618
v -0.05530000 -0.00401410 -0.00563550
v -0.05530000 -0.00407666 -0.00555784
v -0.05530000 -0.00414302 -0.00548340
v -0.05530000 -0.00421300 -0.00541235
v -0.05530000 -0.00428644 -0.00534489
v -0.05530000 -0.00436314 -0.00528117
v -0.05530000 -0.00444293 -0.00522135
v -0.05530000 -0.00452561 -0.00516558
v -0.05530000 -0.00461095 -0.00511400
v -0.05530000 -0.00469877 -0.00506675
v -0.05530000 -0.00478883 -0.00502392
v -0.05530000 -0.00488091 -0.00498564
v -0.05530000 -0.00497479 -0.00495200
v -0.05530000 -0.00507022 -0.00492308
v -0.05530000 -0.00516698 -0.00489895
v -0.05530000 -0.00526483 -0.00487967
v -0.05530000 -0.00536351 -0.00486530
v -0.05530000 -0.00546278 -0.00485586
v -0.05530000 -0.00556240 -0.00485138
v -0.05530000 -0.00566213 -0.00485188
v -0.05530000 -0.00576170 -0.00485734
v -0.05530000 -0.00586088 -0.00486776
v -0.05530000 -0.00595941 -0.00488311
v -0.05530000 -0.00605706 -0.00490336
v -0.05530000 -0.00615357 -0.00492844
v -0.05530000 -0.00624872 -0.00495831
v -0.05530000 -0.00634226 -0.00499288
v -0.05530000 -0.00643396 -0.00503207
v -0.05530000 -0.00652359 -0.00507578
v -0.05530000 -0.00661093 -0.00512391
v -0.05530000 -0.00669576 -0.00517633
v -0.05530000 -0.00677788 -0.00523291
v -0.05530000 -0.00685707 -0.00529352
v -0.05530000 -0.00693315 -0.00535799
v -0.05530000 -0.00700591 -0.00542618
v -0.05530000 -0.00707519 -0.00549792
v -0.05530000 -0.00714080 -0.00557301
v -0.05530000 -0.00720259 -0.00565128
v -0.05530000 -0.00726040 -0.00573254
v -0.05530000 -0.00731409 -0.00581658
v -0.05530000 -0.00736352 -0.00590319
v -0.05530000 -0.00740858 -0.00599215
v -0.05530000 -0.00744914 -0.00608325
v -0.05530000 -0.00748512 -0.00617626
v -0.05530000 -0.00751641 -0.00627094
v -0.05530000 -0.00754294 -0.00636707
v -0.05530000 -0.00756465 -0.00646440
v -0.05530000 -0.00758148 -0.00656270
v -0.05530000 -0.00759339 -0.00666171
v -0.05530000 -0.00760035 -0.00676118
v -0.05530000 -0.00760234 -0.00686089
v -0.05530000 -0.00759936 -0.00696057
v -0.05530000 -0.00759142 -0.00705997
v -0.05530000 -0.00757853 -0.00715886
v -0.05530000 -0.00756072 -0.00725698
v -0.05530000 -0.00753805 -0.00735409
v -0.05530000 -0.00751057 -0.00744995
v -0.05530000 -0.00747834 -0.00754432
v -0.05530000 -0.00744145 -0.00763697
v -0.05530000 -0.00739999 -0.00772766
v -0.05530000 -0.00735405 -0.00781618
v -0.05530000 -0.00730376 -0.00790229
v -0.05530000 -0.00724925 -0.00798579
v -0.05530000 -0.00719063 -0.00806647
v -0.05530000 -0.00712807 -0.00814413
v -0.05530000 -0.00706172 -0.00821857
v -0.05530000 -0.00699173 -0.00828962
v -0.05530000 -0.00691830 -0.00835708
v -0.05530000 -0.00684159 -0.00842080
v -0.05530000 -0.00676180 -0.00848062
v -0.05530000 -0.00667913 -0.00853639
v -0.05530000 -0.00659378 -0.00858797
v -0.05530000 -0.00650596 -0.00863522
v -0.05530000 -0.00641590 -0.00867805
v -0.05530000 -0.00632382 -0.00871633
v -0.05530000 -0.00622994 -0.00874997
v -0.05530000 -0.00613451 -0.00877889
v -0.05530000 -0.00603775 -0.00880302
v -0.05502525 -0.00674331 -0.00528066
v -0.05504309 -0.00734869 -0.00599136
v -0.05503550 -0.00752770 -0.00695042
v -0.05520375 -0.00738173 -0.00776850
v -0.05504275 -0.00693371 -0.00828281
v -0.05503660 -0.00562507 -0.00883773
v -0.05503783 -0.00476606 -0.00860700
v -0.05505308 -0.00374961 -0.00744862
v -0.05513720 -0.00409113 -0.00813842
v -0.05521682 -0.00360151 -0.00676768
v -0.05504171 -0.00385854 -0.00599461
v -0.05504189 -0.00590239 -0.00493601
v -0.05505785 -0.00476648 -0.00506894
v -0.06920000 0.00829893 -0.00337833
v -0.06920000 0.00839677 -0.00339761
v -0.06920000 0.00907185 0.00054501
v -0.06920000 0.00897317 0.00055939
v -0.06920000 0.00887389 0.00056882
v -0.06920000 0.00877427 0.00057330
v -0.06920000 0.00867455 0.00057281
v -0.06920000 0.00857498 0.00056734
v -0.06920000 0.00847580 0.00055692
v -0.06920000 0.00837727 0.00054157
v -0.06920000 0.00827962 0.00052133
v -0.06920000 0.00818310 0.00049624
v -0.06920000 0.00808796 0.00046638
v -0.06945960 0.00883289 0.00048930
v -0.06920000 0.00799442 0.00043181
v -0.06920000 0.00790272 0.00039262
v -0.06920000 0.00781309 0.00034891
v -0.06920000 0.00772575 0.00030078
v -0.06920000 0.00764091 0.00024836
v -0.06920000 0.00755880 0.00019178
v -0.06920000 0.00747960 0.00013117
v -0.06920000 0.00740353 0.00006669
v -0.06920000 0.00733076 -0.00000150
v -0.06920000 0.00726149 -0.00007323
v -0.06920000 0.00719587 -0.00014833
v -0.06920000 0.00713409 -0.00022660
v -0.06920000 0.00707627 -0.00030785
v -0.06920000 0.00702259 -0.00039189
v -0.06946228 0.00725109 -0.00016474
v -0.06920000 0.00697315 -0.00047850
v -0.06920000 0.00692810 -0.00056746
v -0.06920000 0.00688753 -0.00065856
v -0.06920000 0.00685156 -0.00075157
v -0.06945522 0.00778596 0.00028765
v -0.06920000 0.00682027 -0.00084626
v -0.06920000 0.00679374 -0.00094239
v -0.06920000 0.00677203 -0.00103972
v -0.06920000 0.00675520 -0.00113801
v -0.06920000 0.00674329 -0.00123702
v -0.06944302 0.00685867 -0.00092535
v -0.06920000 0.00673633 -0.00133650
v -0.06920000 0.00673433 -0.00143620
v -0.06920000 0.00673731 -0.00153588
v -0.06920000 0.00674526 -0.00163529
v -0.06920000 0.00675815 -0.00173417
v -0.06920000 0.00677595 -0.00183229
v -0.06920000 0.00679862 -0.00192940
v -0.06920000 0.00682611 -0.00202526
v -0.06920000 0.00685833 -0.00211964
v -0.06920000 0.00689523 -0.00221228
v -0.06920000 0.00693669 -0.00230298
v -0.06920000 0.00698262 -0.00239149
v -0.06920000 0.00703291 -0.00247761
v -0.06920000 0.00708743 -0.00256111
v -0.06920000 0.00714604 -0.00264179
v -0.06920000 0.00720861 -0.00271944
v -0.06920000 0.00727496 -0.00279389
v -0.06920000 0.00734494 -0.00286493
v -0.06940752 0.00732891 -0.00280358
v -0.06920000 0.00741838 -0.00293240
v -0.06920000 0.00749509 -0.00299612
v -0.06920000 0.00757488 -0.00305594
v -0.06920000 0.00765755 -0.00311170
v -0.06920000 0.00774290 -0.00316328
v -0.06920000 0.00783071 -0.00321054
v -0.06946604 0.00689268 -0.00204172
v -0.06920000 0.00792077 -0.00325336
v -0.06920000 0.00801286 -0.00329164
v -0.06920000 0.00810673 -0.00332528
v -0.06920000 0.00820217 -0.00335421
v -0.06944837 0.00810399 -0.00326218
v -0.06943716 0.00932608 -0.00330966
v -0.06920000 0.00916969 0.00052574
v -0.06920000 0.00849545 -0.00341198
v -0.06920000 0.00859473 -0.00342142
v -0.06920000 0.00869435 -0.00342590
v -0.06920000 0.00879407 -0.00342541
v -0.06920000 0.00889364 -0.00341994
v -0.06920000 0.00899282 -0.00340952
v -0.06920000 0.00909135 -0.00339417
v -0.06920000 0.00918900 -0.00337393
v -0.06920000 0.00928552 -0.00334884
v -0.06920000 0.00938066 -0.00331898
v -0.06920000 0.00947420 -0.00328441
v -0.06920000 0.00956590 -0.00324522
v -0.06920000 0.00965553 -0.00320150
v -0.06920000 0.00974287 -0.00315338
v -0.06920000 0.00982771 -0.00310096
v -0.06920000 0.00990982 -0.00304437
v -0.06920000 0.00998902 -0.00298377
v -0.06920000 0.01006509 -0.00291929
v -0.06920000 0.01013786 -0.00285110
v -0.06920000 0.01020713 -0.00277937
v -0.06920000 0.01027275 -0.00270427
v -0.06920000 0.01033453 -0.00262600
v -0.06920000 0.01039235 -0.00254474
v -0.06920000 0.01044603 -0.00246071
v -0.06920000 0.01049547 -0.00237410
v -0.06945794 0.01028990 -0.00261220
v -0.06920000 0.01054052 -0.00228513
v -0.06920000 0.01058109 -0.00219403
v -0.06920000 0.01061706 -0.00210103
v -0.06920000 0.01064835 -0.00200634
v -0.06941818 0.01069967 -0.00147187
v -0.06920000 0.01067488 -0.00191021
v -0.06920000 0.01069659 -0.00181288
v -0.06920000 0.01071342 -0.00171459
v -0.06920000 0.01072533 -0.00161558
v -0.06920000 0.01073229 -0.00151610
v -0.06920000 0.01073429 -0.00141640
v -0.06920000 0.01073131 -0.00131672
v -0.06920000 0.01072336 -0.00121731
v -0.06920000 0.01071047 -0.00111843
v -0.06920000 0.01069267 -0.00102031
v -0.06931503 0.01069780 -0.00105460
v -0.06920000 0.01067000 -0.00092319
v -0.06920000 0.01064251 -0.00082733
v -0.06920000 0.01061029 -0.00073296
v -0.06920000 0.01057339 -0.00064031
v -0.06920000 0.01053193 -0.00054962
v -0.06920000 0.01048600 -0.00046111
v -0.06920000 0.01043571 -0.00037499
v -0.06920000 0.01038119 -0.00029149
v -0.06920000 0.01032258 -0.00021081
v -0.06920000 0.01026001 -0.00013315
v -0.06920000 0.01019366 -0.00005871
v -0.06920000 0.01012368 0.00001233
v -0.06920000 0.01005024 0.00007980
v -0.06948586 0.01043280 -0.00050732
v -0.06920000 0.00997353 0.00014352
v -0.06920000 0.00989374 0.00020334
v -0.06920000 0.00981107 0.00025910
v -0.06920000 0.00972572 0.00031068
v -0.06941630 0.00959149 0.00033598
v -0.06920000 0.00963791 0.00035794
v -0.06920000 0.00954785 0.00040076
v -0.06920000 0.00945576 0.00043904
v -0.06920000 0.00936189 0.00047269
v -0.06920000 0.00926645 0.00050161
v -0.05530000 0.00839677 -0.00339761
v -0.05530000 0.00849545 -0.00341198
v -0.05530000 0.00859473 -0.00342142
v -0.05530000 0.00869435 -0.00342590
v -0.05530000 0.00879407 -0.00342541
v -0.05530000 0.00889364 -0.00341994
v -0.05530000 0.00899282 -0.00340952
v -0.05530000 0.00909135 -0.00339417
v -0.05530000 0.00918900 -0.00337393
v -0.05530000 0.00928552 -0.00334884
v -0.05530000 0.00938066 -0.00331898
v -0.05530000 0.00947420 -0.00328441
v -0.05530000 0.00956590 -0.00324522
v -0.05530000 0.00965553 -0.00320150
v -0.05530000 0.00974287 -0.00315338
v -0.05530000 0.00982771 -0.00310096
v -0.05530000 0.00990982 -0.00304437
v -0.05530000 0.00998902 -0.00298377
v -0.05530000 0.01006509 -0.00291929
v -0.05530000 0.01013786 -0.00285110
v -0.05530000 0.01020713 -0.00277937
v -0.05530000 0.01027275 -0.00270427
v -0.05530000 0.01033453 -0.00262600
v -0.05530000 0.01039235 -0.00254474
v -0.05530000 0.01044603 -0.00246071
v -0.05530000 0.01049547 -0.00237410
v -0.05530000 0.01054052 -0.00228513
v -0.05530000 0.01058109 -0.00219403
v -0.05530000 0.01061706 -0.00210103
v -0.05530000 0.01064835 -0.00200634
v -0.05530000 0.01067488 -0.00191021
v -0.05530000 0.01069659 -0.00181288
v -0.05530000 0.01071342 -0.00171459
v -0.05530000 0.01072533 -0.00161558
v -0.05530000 0.01073229 -0.00151610
v -0.05530000 0.01073429 -0.00141640
v -0.05530000 0.01073131 -0.00131672
v -0.05530000 0.01072336 -0.00121731
v -0.05530000 0.01071047 -0.00111843
v -0.05530000 0.01069267 -0.00102031
v -0.05530000 0.01067000 -0.00092319
v -0.05530000 0.01064251 -0.00082733
v -0.05530000 0.01061029 -0.00073296
v -0.05530000 0.01057339 -0.00064031
v -0.05530000 0.01053193 -0.00054962
v -0.05530000 0.01048600 -0.00046111
v -0.05530000 0.01043571 -0.00037499
v -0.05530000 0.01038119 -0.00029149
v -0.05530000 0.01032258 -0.00021081
v -0.05530000 0.01026001 -0.00013315
v -0.05530000 0.01019366 -0.00005871
v -0.05530000 0.01012368 0.00001233
v -0.05530000 0.01005024 0.00007980
v -0.05530000 0.00997353 0.00014352
v -0.05530000 0.00989374 0.00020334
v -0.05530000 0.00981107 0.00025910
v -0.05530000 0.00972572 0.00031068
v -0.05530000 0.00963791 0.00035794
v -0.05530000 0.00954785 0.00040076
v -0.05530000 0.00945576 0.00043904
v -0.05530000 0.00936189 0.00047269
v -0.05530000 0.00926645 0.00050161
v -0.05530000 0.00916969 0.00052574
v -0.05530000 0.00907185 0.00054501
v -0.05530000 0.00897317 0.00055939
v -0.05530000 0.00887389 0.00056882
v -0.05530000 0.00877427 0.00057330
v -0.05530000 0.00867455 0.00057281
v -0.05530000 0.00857498 0.00056734
v -0.05530000 0.00847580 0.00055692
v -0.05530000 0.00837727 0.00054157
v -0.05530000 0.00827962 0.00052133
v -0.05530000 0.00818310 0.00049624
v -0.05530000 0.00808796 0.00046638
v -0.05530000 0.00799442 0.00043181
v -0.05530000 0.00790272 0.00039262
v -0.05530000 0.00781309 0.00034891
v -0.05530000 0.00772575 0.00030078
v -0.05530000 0.00764091 0.00024836
v -0.05530000 0.00755880 0.00019178
v -0.05530000 0.00747960 0.00013117
v -0.05530000 0.00740353 0.00006669
v -0.05530000 0.00733076 -0.00000150
v -0.05530000 0.00726149 -0.00007323
v -0.05530000 0.00719587 -0.00014833
v -0.05530000 0.00713409 -0.00022660
v -0.05530000 0.00707627 -0.00030785
v -0.05530000 0.00702259 -0.00039189
v -0.05530000 0.00697315 -0.00047850
v -0.05530000 0.00692810 -0.00056746
v -0.05530000 0.00688753 -0.00065856
v -0.05530000 0.00685156 -0.00075157
v -0.05530000 0.00682027 -0.00084626
v -0.05530000 0.00679374 -0.00094239
v -0.05530000 0.00677203 -0.00103972
v -0.05530000 0.00675520 -0.00113801
v -0.05530000 0.00674329 -0.00123702
v -0.05530000 0.00673633 -0.00133650
v -0.05530000 0.00673433 -0.00143620
v -0.05530000 0.00673731 -0.00153588
v -0.05530000 0.00674526 -0.00163529
v -0.05530000 0.00675815 -0.00173417
v -0.05530000 0.00677595 -0.00183229
v -0.05530000 0.00679862 -0.00192940
v -0.05530000 0.00682611 -0.00202526
v -0.05530000 0.00685833 -0.00211964
v -0.05530000 0.00689523 -0.00221228
v -0.05530000 0.00693669 -0.00230298
v -0.05530000 0.00698262 -0.00239149
v -0.05530000 0.00703291 -0.00247761
v -0.05530000 0.00708743 -0.00256111
v -0.05530000 0.00714604 -0.00264179
v -0.05530000 0.00720861 -0.00271944
v -0.05530000 0.00727496 -0.00279389
v -0.05530000 0.00734494 -0.00286493
v -0.05530000 0.00741838 -0.00293240
v -0.05530000 0.00749509 -0.00299612
v -0.05530000 0.00757488 -0.00305594
v -0.05530000 0.00765755 -0.00311170
v -0.05530000 0.00774290 -0.00316328
v -0.05530000 0.00783071 -0.00321054
v -0.05530000 0.00792077 -0.00325336
v -0.05530000 0.00801286 -0.00329164
v -0.05530000 0.00810673 -0.00332528
v -0.05530000 0.00820217 -0.00335421
v -0.05530000 0.00829893 -0.00337833
v -0.05503961 0.00791731 0.00032693
v -0.05511503 0.00712933 -0.00026177
v -0.05502199 0.00692709 -0.00077358
v -0.05506432 0.00678750 -0.00168888
v -0.05505127 0.00741705 -0.00288644
v -0.05504851 0.00875392 -0.00338932
v -0.05511568 0.00985013 -0.00306167
v -0.05504001 0.01057358 -0.00209390
v -0.05507406 0.01062333 -0.00088361
v -0.05494934 0.01007402 -0.00011049
v -0.05511423 0.00895362 0.00054780
f 1 3 2
f 4 5 3
f 4 3 1
f 6 7 5
f 6 5 4
f 8 9 7
f 8 7 6
f 10 11 9
f 10 9 8
f 12 13 11
f 12 11 10
f 14 15 13
f 14 13 12
f 16 17 15
f 16 15 14
f 18 19 17
f 18 17 16
f 20 19 18
f 21 22 19
f 21 19 20
f 23 24 22
f 23 22 21
f 25 26 24
f 25 24 23
f 69 28 27
f 28 29 27
f 29 30 27
f 30 31 27
f 31 32 27
f 32 33 27
f 33 34 27
f 34 35 27
f 35 36 27
f 36 37 27
f 37 38 27
f 38 39 27
f 39 40 27
f 40 41 27
f 41 42 27
f 42 43 27
f 43 44 27
f 44 45 27
f 45 46 27
f 46 47 27
f 47 48 27
f 48 49 27
f 49 50 27
f 50 51 27
f 51 52 27
f 52 53 27
f 53 54 27
f 54 55 27
f 55 56 27
f 56 57 27
f 57 58 27
f 58 59 27
f 59 60 27
f 60 61 27
f 69 27 80
f 62 64 63
f 64 65 63
f 63 65 66
f 66 65 67
f 68 67 26
f 22 24 19
f 17 19 15
f 24 26 15
f 26 67 15
f 19 24 15
f 15 67 13
f 7 9 5
f 9 11 3
f 11 13 3
f 5 9 3
f 3 13 2
f 67 65 2
f 65 69 2
f 13 67 2
f 2 69 70
f 71 73 72
f 72 73 74
f 74 73 75
f 76 75 77
f 75 73 78
f 77 75 78
f 78 73 79
f 79 73 81
f 82 84 83
f 84 85 83
f 85 86 83
f 86 81 83
f 81 73 83
f 87 89 88
f 89 90 88
f 90 83 88
f 88 83 91
f 91 83 92
f 92 83 93
f 83 73 93
f 73 70 101
f 93 73 101
f 70 69 101
f 69 80 101
f 94 96 95
f 96 97 95
f 95 97 98
f 98 97 99
f 101 80 100
f 97 101 100
f 102 99 103
f 104 106 105
f 100 104 105
f 107 103 108
f 108 103 109
f 105 111 110
f 100 105 110
f 110 113 112
f 97 100 112
f 99 97 112
f 100 110 112
f 114 116 115
f 116 109 115
f 103 99 115
f 109 103 115
f 117 119 118
f 120 122 121
f 122 123 121
f 123 115 121
f 112 125 124
f 125 117 124
f 115 99 124
f 99 112 124
f 117 118 124
f 121 115 126
f 126 115 127
f 124 129 128
f 129 130 128
f 127 115 131
f 132 127 131
f 131 115 133
f 134 131 133
f 128 136 135
f 136 137 135
f 124 128 138
f 133 115 138
f 139 133 138
f 115 124 138
f 135 141 140
f 128 135 140
f 138 128 142
f 128 140 142
f 1 2 70
f 70 73 143
f 144 93 145
f 144 92 93
f 146 91 92
f 146 92 144
f 147 88 91
f 147 91 146
f 148 87 88
f 148 88 147
f 149 89 87
f 149 87 148
f 150 90 89
f 150 89 149
f 151 83 90
f 151 90 150
f 152 82 83
f 152 83 151
f 153 84 82
f 153 82 152
f 154 85 84
f 154 84 153
f 155 86 85
f 155 85 154
f 156 81 86
f 156 86 155
f 157 81 156
f 157 79 81
f 158 79 157
f 158 78 79
f 159 78 158
f 159 77 78
f 160 77 159
f 160 76 77
f 161 76 160
f 161 75 76
f 162 75 161
f 162 74 75
f 162 72 74
f 163 72 162
f 163 71 72
f 164 71 163
f 164 73 71
f 143 73 164
f 93 101 145
f 145 101 165
f 166 100 167
f 166 104 100
f 168 106 104
f 168 104 166
f 169 105 106
f 169 106 168
f 170 111 105
f 170 105 169
f 171 110 111
f 171 113 110
f 171 111 170
f 172 112 113
f 172 113 171
f 173 125 112
f 173 112 172
f 174 117 125
f 174 125 173
f 175 119 117
f 175 117 174
f 176 118 119
f 176 119 175
f 177 124 118
f 177 118 176
f 178 129 124
f 178 124 177
f 179 130 129
f 179 129 178
f 180 128 130
f 180 130 179
f 181 136 128
f 181 128 180
f 182 137 136
f 182 136 181
f 183 135 137
f 183 137 182
f 184 141 135
f 184 135 183
f 185 140 141
f 185 141 184
f 186 142 140
f 186 140 185
f 187 138 142
f 187 142 186
f 188 139 138
f 188 138 187
f 189 133 139
f 189 139 188
f 190 134 133
f 190 133 189
f 191 134 190
f 191 131 134
f 192 131 191
f 192 132 131
f 193 132 192
f 193 127 132
f 194 127 193
f 194 126 127
f 195 126 194
f 195 121 126
f 196 121 195
f 196 120 121
f 197 120 196
f 197 122 120
f 198 122 197
f 198 123 122
f 199 115 123
f 199 123 198
f 200 114 115
f 200 115 199
f 201 116 114
f 201 114 200
f 202 109 116
f 202 116 201
f 203 108 109
f 203 109 202
f 204 107 108
f 204 108 203
f 205 103 107
f 205 107 204
f 206 102 103
f 206 103 205
f 207 99 102
f 207 102 206
f 208 98 99
f 208 99 207
f 209 95 98
f 209 98 208
f 210 94 95
f 210 95 209
f 211 96 94
f 211 94 210
f 212 97 96
f 212 96 211
f 165 101 97
f 165 97 212
f 3410 636 213
f 636 214 213
f 213 214 215
f 215 214 216
f 216 214 217
f 217 214 218
f 218 214 219
f 219 214 220
f 220 214 221
f 221 214 222
f 222 214 223
f 214 224 223
f 223 224 225
f 225 224 226
f 226 224 227
f 227 224 228
f 228 224 229
f 229 224 230
f 230 224 231
f 231 224 232
f 232 224 233
f 224 234 233
f 233 234 235
f 235 234 236
f 236 234 237
f 237 234 238
f 238 234 239
f 239 234 240
f 240 234 241
f 234 242 241
f 241 242 243
f 243 242 244
f 244 242 245
f 245 242 246
f 246 242 247
f 247 242 248
f 242 249 248
f 248 249 250
f 250 249 251
f 251 249 252
f 252 249 253
f 249 254 253
f 253 254 255
f 255 254 256
f 256 254 257
f 258 3410 259
f 258 259 260
f 258 260 261
f 258 261 262
f 258 262 263
f 258 263 264
f 258 264 265
f 258 265 266
f 258 266 267
f 268 258 267
f 268 267 269
f 268 269 270
f 268 270 271
f 268 271 272
f 268 272 273
f 268 273 274
f 268 274 275
f 268 275 276
f 277 268 278
f 268 276 278
f 277 278 279
f 277 279 280
f 277 280 281
f 277 281 282
f 277 282 283
f 277 283 284
f 277 284 285
f 286 277 285
f 286 285 287
f 286 287 288
f 286 288 289
f 286 289 290
f 286 290 291
f 286 291 292
f 293 286 292
f 293 292 294
f 293 294 295
f 293 295 296
f 293 296 297
f 293 297 298
f 297 299 298
f 299 300 298
f 300 301 298
f 302 637 313
f 637 302 303
f 254 637 303
f 257 254 303
f 257 303 304
f 305 306 304
f 306 257 304
f 305 304 307
f 308 309 307
f 309 305 307
f 308 307 310
f 311 312 310
f 312 308 310
f 311 310 314
f 315 311 314
f 313 637 324
f 315 314 316
f 317 318 316
f 318 315 316
f 317 316 319
f 326 320 319
f 320 321 319
f 321 322 319
f 322 317 319
f 326 319 323
f 324 637 335
f 637 377 335
f 326 323 325
f 327 329 328
f 329 326 328
f 326 325 328
f 330 332 331
f 332 327 331
f 327 328 331
f 330 331 333
f 334 330 333
f 335 377 345
f 336 338 337
f 338 339 337
f 336 337 340
f 301 341 340
f 341 336 340
f 337 339 342
f 339 343 342
f 298 301 344
f 301 340 344
f 342 343 346
f 627 298 344
f 345 377 3152
f 347 349 348
f 349 350 348
f 351 353 352
f 353 354 352
f 354 347 352
f 347 348 352
f 348 350 355
f 350 356 355
f 356 357 355
f 357 358 355
f 351 352 359
f 360 361 359
f 361 362 359
f 362 351 359
f 355 358 363
f 358 334 363
f 334 333 363
f 333 364 363
f 360 359 365
f 366 367 365
f 367 360 365
f 368 366 369
f 366 365 369
f 370 372 371
f 372 368 371
f 368 369 371
f 343 373 346
f 370 371 374
f 375 376 374
f 376 370 374
f 373 379 378
f 379 380 378
f 346 373 378
f 375 374 381
f 382 383 381
f 383 384 381
f 384 375 381
f 380 386 385
f 386 387 385
f 378 380 385
f 388 390 389
f 390 391 389
f 391 382 389
f 382 381 389
f 387 393 392
f 385 387 392
f 394 396 395
f 396 397 395
f 397 388 395
f 388 389 395
f 394 395 398
f 399 400 398
f 400 394 398
f 399 398 401
f 393 399 401
f 404 392 401
f 392 393 401
f 404 401 2794
f 491 627 344
f 491 344 403
f 405 407 406
f 405 406 408
f 406 407 409
f 405 408 410
f 409 407 411
f 405 410 412
f 411 407 413
f 377 405 412
f 413 407 414
f 414 407 415
f 407 417 416
f 415 407 416
f 3152 377 412
f 416 417 418
f 418 417 419
f 420 3152 412
f 419 417 421
f 421 417 422
f 422 417 423
f 423 417 424
f 417 426 425
f 424 417 425
f 425 426 427
f 427 426 428
f 448 404 2794
f 428 426 429
f 429 426 430
f 430 426 431
f 431 426 432
f 432 426 433
f 433 426 434
f 434 426 435
f 426 436 435
f 435 436 437
f 437 436 438
f 438 436 439
f 439 436 440
f 440 436 441
f 441 436 442
f 442 436 443
f 402 445 444
f 364 402 444
f 443 436 446
f 446 436 447
f 447 436 647
f 447 647 167
f 449 420 412
f 450 449 451
f 449 412 451
f 450 451 452
f 445 450 453
f 450 452 453
f 445 453 454
f 444 445 454
f 444 454 455
f 456 444 455
f 456 455 457
f 456 457 458
f 459 456 25
f 456 458 25
f 459 25 23
f 459 23 21
f 460 459 21
f 460 21 20
f 460 20 18
f 460 18 16
f 461 460 16
f 461 16 14
f 461 14 12
f 461 12 10
f 462 461 10
f 462 10 8
f 462 8 6
f 463 462 6
f 463 6 4
f 403 464 491
f 463 4 1
f 467 463 1
f 448 2794 465
f 466 448 465
f 467 1 70
f 467 70 143
f 468 467 143
f 468 143 164
f 469 468 163
f 468 164 163
f 469 163 162
f 470 469 161
f 469 162 161
f 470 161 160
f 470 160 159
f 470 159 158
f 471 470 158
f 471 158 157
f 471 157 156
f 471 156 155
f 472 471 155
f 472 155 154
f 472 154 153
f 472 153 152
f 473 472 152
f 473 152 151
f 473 151 150
f 474 473 150
f 474 150 149
f 475 477 476
f 475 476 478
f 476 477 479
f 475 478 480
f 481 475 480
f 477 483 482
f 479 477 482
f 481 480 484
f 482 483 485
f 483 486 485
f 481 484 632
f 464 481 632
f 491 464 632
f 485 486 487
f 487 486 488
f 486 489 488
f 488 489 490
f 489 2932 3196
f 490 489 3196
f 492 494 493
f 494 466 493
f 494 492 495
f 496 494 495
f 493 466 497
f 466 465 497
f 496 495 498
f 497 465 499
f 465 500 499
f 496 498 3196
f 513 496 3196
f 499 500 501
f 501 500 502
f 500 503 502
f 502 503 504
f 504 503 505
f 503 507 506
f 505 503 506
f 506 507 508
f 508 507 509
f 507 511 510
f 509 507 510
f 510 511 512
f 512 511 514
f 2932 513 3196
f 511 516 515
f 514 511 515
f 515 516 517
f 516 519 518
f 517 516 518
f 518 519 520
f 519 526 527
f 520 519 527
f 2797 474 521
f 474 149 522
f 521 474 522
f 149 148 522
f 522 148 523
f 148 147 523
f 147 146 523
f 523 146 524
f 146 144 524
f 144 145 524
f 524 145 546
f 527 526 528
f 526 529 528
f 528 529 530
f 530 529 531
f 531 529 532
f 529 533 532
f 532 533 534
f 534 533 535
f 533 537 536
f 535 533 536
f 536 537 538
f 538 537 539
f 539 537 540
f 537 541 540
f 540 541 542
f 541 544 543
f 542 541 543
f 543 544 545
f 546 145 3003
f 544 2797 525
f 544 525 547
f 545 544 547
f 548 545 547
f 145 165 3003
f 549 551 550
f 551 548 550
f 548 547 550
f 549 550 552
f 566 553 552
f 553 549 552
f 165 212 554
f 212 211 554
f 3003 165 554
f 566 552 555
f 211 210 556
f 554 211 556
f 175 174 557
f 174 173 557
f 173 172 557
f 172 171 557
f 171 170 557
f 170 169 557
f 169 168 557
f 168 166 557
f 166 167 557
f 556 210 558
f 210 209 558
f 209 208 558
f 558 208 559
f 208 207 559
f 207 206 559
f 206 205 560
f 205 204 560
f 559 206 560
f 560 204 591
f 175 557 561
f 184 183 561
f 183 182 561
f 182 181 561
f 181 180 561
f 180 179 561
f 179 178 561
f 178 177 561
f 177 176 561
f 176 175 561
f 191 190 562
f 190 189 562
f 189 188 562
f 188 187 562
f 187 186 562
f 186 185 562
f 185 184 562
f 184 561 562
f 197 196 563
f 196 195 563
f 195 194 563
f 194 193 563
f 193 192 563
f 192 191 563
f 191 562 563
f 201 200 564
f 200 199 564
f 199 198 564
f 198 197 564
f 197 563 564
f 555 565 566
f 566 565 567
f 565 568 567
f 204 203 569
f 203 202 569
f 202 201 569
f 201 564 569
f 591 204 569
f 568 571 570
f 567 568 570
f 570 571 572
f 571 574 573
f 572 571 573
f 573 574 575
f 574 577 576
f 575 574 576
f 576 577 578
f 577 580 579
f 578 577 579
f 591 569 651
f 581 583 582
f 583 584 582
f 584 585 582
f 585 586 582
f 626 587 582
f 587 588 582
f 588 589 582
f 589 590 582
f 590 581 582
f 586 593 592
f 593 594 592
f 594 595 592
f 595 596 592
f 596 597 592
f 597 598 592
f 598 599 592
f 599 600 592
f 600 601 592
f 582 586 592
f 610 591 651
f 592 601 602
f 601 603 602
f 603 604 602
f 604 605 602
f 605 606 602
f 606 607 602
f 607 608 602
f 608 609 602
f 602 609 611
f 609 612 611
f 612 613 611
f 613 614 611
f 614 615 611
f 615 616 611
f 616 617 611
f 617 619 618
f 619 620 618
f 620 621 618
f 621 622 618
f 611 617 618
f 622 624 623
f 624 625 623
f 625 579 623
f 579 580 623
f 618 622 623
f 623 580 651
f 651 569 564
f 626 623 651
f 626 618 623
f 626 611 618
f 626 602 611
f 626 592 602
f 626 582 592
f 628 298 627
f 628 293 298
f 628 286 293
f 628 277 286
f 628 268 277
f 628 258 268
f 628 3410 258
f 636 3410 628
f 637 214 636
f 637 224 214
f 637 234 224
f 637 242 234
f 637 249 242
f 637 254 249
f 377 407 405
f 377 417 407
f 377 426 417
f 377 436 426
f 647 436 377
f 167 561 557
f 167 562 561
f 167 563 562
f 651 564 563
f 651 563 167
f 636 633 637
f 637 629 377
f 377 629 642
f 377 642 647
f 651 167 647
f 651 647 630
f 626 651 631
f 634 637 633
f 654 628 627
f 654 638 628
f 639 654 627
f 640 642 629
f 641 642 640
f 644 642 643
f 645 642 644
f 647 642 645
f 630 647 711
f 630 711 649
f 630 649 650
f 631 653 652
f 627 655 639
f 627 656 655
f 627 657 656
f 627 658 657
f 627 659 658
f 491 660 659
f 491 659 627
f 491 661 660
f 491 662 661
f 491 663 662
f 491 664 663
f 491 665 664
f 491 666 665
f 491 667 666
f 491 668 667
f 491 669 668
f 491 670 669
f 632 671 670
f 632 670 491
f 646 671 632
f 646 672 671
f 632 673 646
f 648 673 632
f 632 674 648
f 632 675 674
f 632 676 675
f 632 677 676
f 632 678 677
f 632 679 678
f 632 680 679
f 632 681 680
f 626 682 681
f 626 681 632
f 626 683 682
f 626 684 683
f 626 685 684
f 626 686 685
f 626 687 686
f 626 688 687
f 626 689 688
f 631 690 689
f 631 689 626
f 631 691 690
f 652 691 631
f 631 692 653
f 631 693 692
f 631 694 693
f 631 695 694
f 631 696 695
f 651 696 631
f 651 697 696
f 651 698 697
f 651 699 698
f 651 700 699
f 651 701 700
f 651 702 701
f 651 703 702
f 651 704 703
f 651 705 704
f 651 706 705
f 651 707 706
f 651 708 707
f 630 709 708
f 630 708 651
f 630 710 709
f 650 710 630
f 647 712 711
f 647 713 712
f 647 714 713
f 647 715 714
f 647 716 715
f 647 717 716
f 647 718 717
f 647 719 718
f 647 720 719
f 647 721 720
f 645 722 721
f 645 721 647
f 645 723 722
f 645 724 723
f 645 725 724
f 645 726 725
f 645 727 726
f 645 728 727
f 645 729 728
f 644 729 645
f 644 730 729
f 642 731 643
f 641 731 642
f 641 732 731
f 641 733 732
f 641 734 733
f 641 735 734
f 640 735 641
f 640 736 735
f 640 737 736
f 640 738 737
f 640 739 738
f 640 740 739
f 629 740 640
f 629 741 740
f 637 741 629
f 637 742 741
f 637 743 742
f 637 744 743
f 637 745 744
f 637 746 745
f 637 747 746
f 637 748 747
f 635 748 637
f 637 749 635
f 634 749 637
f 633 750 634
f 633 751 750
f 636 752 751
f 636 751 633
f 636 753 752
f 636 754 753
f 636 755 754
f 636 756 755
f 636 757 756
f 636 758 757
f 636 759 758
f 636 760 759
f 636 761 760
f 636 762 761
f 628 763 762
f 628 762 636
f 628 764 763
f 628 765 764
f 628 766 765
f 638 767 766
f 638 766 628
f 768 769 692
f 770 692 769
f 771 768 692
f 772 653 692
f 772 692 770
f 773 771 692
f 774 653 772
f 775 692 693
f 775 773 692
f 776 653 774
f 777 775 693
f 778 653 776
f 779 777 693
f 780 653 778
f 781 779 693
f 782 653 780
f 783 781 693
f 784 652 653
f 784 653 782
f 785 783 693
f 786 652 784
f 787 693 694
f 787 785 693
f 788 652 786
f 789 787 694
f 790 652 788
f 791 789 694
f 792 652 790
f 793 791 694
f 794 652 792
f 795 793 694
f 796 691 652
f 796 652 794
f 797 694 695
f 797 795 694
f 798 691 796
f 799 797 695
f 800 691 798
f 801 799 695
f 802 691 800
f 803 801 695
f 804 691 802
f 805 695 696
f 805 803 695
f 806 691 804
f 807 805 696
f 808 690 691
f 808 691 806
f 809 807 696
f 810 690 808
f 811 809 696
f 812 690 810
f 813 811 696
f 813 696 697
f 814 690 812
f 815 813 697
f 816 690 814
f 817 815 697
f 818 689 690
f 818 690 816
f 819 817 697
f 820 689 818
f 821 689 820
f 822 689 821
f 823 688 689
f 823 689 822
f 824 688 823
f 825 688 824
f 826 688 825
f 827 688 826
f 827 687 688
f 828 687 827
f 829 687 828
f 830 687 829
f 831 687 830
f 831 686 687
f 832 686 831
f 833 686 832
f 834 686 833
f 834 685 686
f 835 685 834
f 836 685 835
f 836 684 685
f 837 684 836
f 838 684 837
f 838 683 684
f 839 683 838
f 840 841 700
f 842 699 700
f 842 700 841
f 843 700 701
f 843 840 700
f 844 699 842
f 845 843 701
f 846 699 844
f 847 683 839
f 848 845 701
f 849 698 699
f 849 699 846
f 850 701 702
f 850 848 701
f 851 698 849
f 852 850 702
f 853 698 851
f 854 852 702
f 855 697 698
f 855 698 853
f 855 819 697
f 855 856 819
f 857 854 702
f 858 856 855
f 858 859 856
f 860 702 703
f 860 857 702
f 861 859 858
f 861 862 859
f 682 683 847
f 863 860 703
f 864 862 861
f 864 865 862
f 866 863 703
f 867 868 865
f 867 865 864
f 869 866 703
f 869 703 704
f 870 871 868
f 870 868 867
f 872 869 704
f 873 871 870
f 873 875 874
f 873 874 871
f 876 872 704
f 877 709 710
f 877 878 709
f 879 709 878
f 880 877 710
f 881 709 879
f 882 880 710
f 883 875 873
f 883 884 875
f 885 709 881
f 886 882 710
f 887 709 885
f 887 708 709
f 888 886 710
f 889 876 704
f 889 704 705
f 890 708 887
f 891 888 710
f 892 708 890
f 893 884 883
f 893 894 884
f 895 710 650
f 895 891 710
f 896 708 892
f 897 895 650
f 898 889 705
f 899 707 708
f 899 708 896
f 900 897 650
f 901 894 893
f 901 902 894
f 903 707 899
f 904 900 650
f 905 898 705
f 906 707 903
f 907 904 650
f 908 909 902
f 908 902 901
f 910 707 906
f 911 907 650
f 912 705 706
f 912 905 705
f 913 706 707
f 913 707 910
f 914 909 908
f 914 915 909
f 916 911 650
f 916 650 649
f 917 706 913
f 918 916 649
f 919 706 917
f 920 915 914
f 920 921 915
f 922 918 649
f 923 706 919
f 923 912 706
f 924 922 649
f 925 921 920
f 925 927 926
f 925 926 921
f 928 912 923
f 928 929 912
f 930 924 649
f 931 929 928
f 931 932 929
f 933 927 925
f 933 934 927
f 935 930 649
f 936 937 932
f 936 932 931
f 938 934 933
f 938 939 934
f 940 649 711
f 940 935 649
f 941 942 937
f 941 937 936
f 943 940 711
f 944 939 938
f 944 945 939
f 946 947 942
f 946 942 941
f 948 943 711
f 949 950 947
f 949 947 946
f 951 952 945
f 951 945 944
f 953 948 711
f 954 950 949
f 955 956 952
f 955 952 951
f 957 953 711
f 958 959 950
f 958 950 954
f 960 957 711
f 961 956 955
f 961 962 956
f 963 964 959
f 963 959 958
f 965 711 712
f 965 960 711
f 966 967 964
f 966 964 963
f 968 962 961
f 968 969 962
f 970 965 712
f 971 967 966
f 971 972 967
f 973 975 974
f 973 974 969
f 973 969 968
f 976 970 712
f 977 972 971
f 977 978 972
f 979 976 712
f 980 981 975
f 980 975 973
f 982 978 977
f 983 978 982
f 984 979 712
f 985 981 980
f 985 986 981
f 987 983 982
f 988 984 712
f 989 983 987
f 990 989 987
f 991 986 985
f 991 992 986
f 993 712 713
f 993 988 712
f 994 995 989
f 994 989 990
f 996 992 991
f 996 997 992
f 998 993 713
f 999 995 994
f 1000 995 999
f 1001 998 713
f 1002 997 996
f 1002 1003 997
f 1004 1000 999
f 1005 1000 1004
f 1006 1001 713
f 1007 1008 1003
f 1007 1003 1002
f 1009 1005 1004
f 1010 1006 713
f 1011 1005 1009
f 1012 1011 1009
f 1013 1014 1008
f 1013 1008 1007
f 1015 713 714
f 1015 1010 713
f 1016 1011 1012
f 1017 1016 1012
f 1018 1019 1014
f 1018 1014 1013
f 1020 1015 714
f 1021 1017 1022
f 1021 1016 1017
f 1023 1020 714
f 1024 1019 1018
f 1024 1025 1019
f 1026 1022 1027
f 1026 1021 1022
f 1028 1023 714
f 1029 1028 714
f 1030 1026 1027
f 1030 1027 1031
f 1032 1030 1031
f 1033 1030 1032
f 1034 1033 1032
f 715 1035 1029
f 715 1029 714
f 715 1036 1035
f 1037 1034 1038
f 1037 1033 1034
f 1039 1036 715
f 1040 1037 1038
f 1040 1038 1041
f 1042 1039 715
f 1043 1040 1041
f 1043 1041 1044
f 1045 1043 1044
f 1045 1044 1046
f 1047 1046 1048
f 1047 1045 1046
f 1049 1047 1048
f 1049 1048 1050
f 1051 1050 1052
f 1051 1049 1050
f 1053 1052 1054
f 1053 1051 1052
f 716 1042 715
f 716 1056 1055
f 716 1055 1057
f 716 1057 1058
f 716 1058 1042
f 717 1056 716
f 717 1060 1059
f 717 1059 1061
f 717 1061 1056
f 718 1060 717
f 718 1063 1062
f 718 1062 1060
f 719 1063 718
f 719 1065 1064
f 719 1064 1063
f 1066 1067 677
f 1068 677 1067
f 1069 1066 677
f 1069 677 678
f 1070 677 1068
f 1070 676 677
f 1071 1069 678
f 1072 676 1070
f 1073 1071 678
f 1074 676 1072
f 1075 1073 678
f 1076 676 1074
f 1077 1075 678
f 1077 678 679
f 1078 676 1076
f 1078 675 676
f 1079 1077 679
f 1080 675 1078
f 1081 1079 679
f 1082 675 1080
f 1083 1081 679
f 1083 679 680
f 1084 675 1082
f 1085 1083 680
f 1086 675 1084
f 1087 1089 1088
f 1087 1088 1090
f 1091 1087 1090
f 1091 1090 1092
f 1093 1089 1087
f 1093 1095 1094
f 1093 1094 1089
f 1096 1091 1092
f 1096 1092 1097
f 1096 1097 1098
f 1099 1085 680
f 1099 680 681
f 1100 1095 1093
f 1100 1101 1095
f 1102 675 1086
f 1102 674 675
f 1103 1096 1098
f 1103 1098 1104
f 1103 1104 1105
f 1106 1101 1100
f 1106 1108 1107
f 1106 1107 1101
f 1109 1099 681
f 1110 1103 1105
f 1110 1105 1111
f 1110 1111 1112
f 1113 674 1102
f 1114 1116 1115
f 1114 1115 1108
f 1114 1108 1106
f 1117 1109 681
f 1117 681 682
f 1118 1110 1112
f 1118 1112 1119
f 1120 674 1113
f 1121 1116 1114
f 1121 1122 1116
f 1123 1117 682
f 1124 674 1120
f 1125 1118 1119
f 1125 1119 1126
f 1125 1126 1127
f 1128 682 847
f 1128 1123 682
f 1129 1122 1121
f 1129 1025 1024
f 1129 1024 1130
f 1129 1130 1122
f 1131 674 1124
f 1132 1125 1127
f 1132 1127 1133
f 1132 1133 1134
f 720 1065 719
f 720 1136 1135
f 720 1135 1065
f 1137 1128 847
f 1137 847 1138
f 1137 1138 1139
f 1140 1025 1129
f 1140 1142 1141
f 1140 1141 1025
f 1143 674 1131
f 1144 1137 1139
f 1145 1134 1146
f 1145 1146 1147
f 1145 1132 1134
f 1148 674 1143
f 1148 648 674
f 1149 1142 1140
f 1149 1151 1150
f 1149 1150 1142
f 1152 1139 1153
f 1152 1153 1154
f 1152 1144 1139
f 1155 648 1148
f 1156 1147 1157
f 1156 1157 1158
f 1156 1145 1147
f 1159 1152 1154
f 1160 1151 1149
f 1160 1161 1151
f 1162 648 1155
f 1163 1159 1154
f 1163 1154 1164
f 1165 1158 1166
f 1165 1156 1158
f 1167 648 1162
f 1168 1161 1160
f 1168 1170 1169
f 1168 1169 1161
f 1171 648 1167
f 1172 1166 1173
f 1172 1173 1174
f 1172 1165 1166
f 1175 648 1171
f 1176 1177 1170
f 1176 1170 1168
f 1178 1174 1179
f 1178 1179 1180
f 1178 1172 1174
f 1181 648 1175
f 1181 673 648
f 1182 1177 1176
f 1182 1184 1183
f 1182 1183 1177
f 1185 673 1181
f 1186 1180 1187
f 1186 1178 1180
f 1188 673 1185
f 1189 1191 1190
f 1189 1190 1184
f 1189 1184 1182
f 1192 673 1188
f 1193 1187 1194
f 1193 1194 1195
f 1193 1186 1187
f 1196 673 1192
f 1197 1198 1191
f 1197 1191 1189
f 1199 673 1196
f 1200 1195 1201
f 1200 1201 1202
f 1200 1193 1195
f 1203 673 1199
f 1204 1164 1205
f 1204 1205 1198
f 1204 1198 1197
f 1206 1202 1207
f 1206 1200 1202
f 646 673 1203
f 646 1203 1208
f 1209 646 1208
f 1210 1164 1204
f 1210 1163 1164
f 1210 1212 1211
f 1210 1211 1163
f 1213 646 1209
f 1214 1053 1054
f 1214 1206 1207
f 1214 1207 1215
f 1214 1215 1053
f 1216 646 1213
f 1217 1212 1210
f 1217 1218 1212
f 1219 646 1216
f 1220 1054 1221
f 1220 1221 1222
f 1220 1214 1054
f 1223 646 1219
f 1224 1218 1217
f 1224 1226 1225
f 1224 1225 1218
f 1227 1220 1222
f 1227 1222 1228
f 1227 1228 1229
f 1230 1226 1224
f 1230 1232 1231
f 1230 1231 1226
f 1233 1227 1229
f 1233 1229 1234
f 672 1223 1235
f 672 1235 1236
f 672 646 1223
f 672 1236 1237
f 672 1237 1238
f 672 1238 1239
f 1240 1241 1232
f 1240 1232 1230
f 1242 672 1239
f 1243 1233 1234
f 1243 1234 1244
f 1243 1244 1245
f 1246 1248 1247
f 1246 1247 1241
f 1246 1241 1240
f 1249 1243 1245
f 1249 1245 1250
f 1251 1248 1246
f 1251 1252 1248
f 1253 1250 1254
f 1253 1254 1255
f 1253 1249 1250
f 1256 1252 1251
f 1256 1258 1257
f 1256 1257 1252
f 1259 1253 1255
f 1259 1255 1260
f 1259 1260 1261
f 671 1242 1262
f 671 1262 1263
f 671 1263 1264
f 671 1264 1265
f 671 1265 1266
f 671 672 1242
f 1267 1258 1256
f 1267 1269 1268
f 1267 1268 1258
f 1270 1259 1261
f 1270 1261 1271
f 1272 1269 1267
f 1273 1270 1271
f 1273 1271 1274
f 1273 1274 1275
f 670 1266 1276
f 670 1276 1277
f 670 1277 1278
f 670 1278 1279
f 670 671 1266
f 669 1279 1280
f 669 1280 1281
f 669 1281 1282
f 669 1282 1283
f 669 670 1279
f 1284 1286 1285
f 1287 1284 1285
f 1287 1285 1288
f 1289 1286 1284
f 1289 1290 1286
f 1291 1287 1288
f 1291 1288 1292
f 1293 1290 1289
f 1293 1294 1290
f 1295 1291 1292
f 1295 1292 1296
f 1297 1294 1293
f 1297 1299 1298
f 1297 1298 1294
f 1300 1296 1301
f 1300 1295 1296
f 1302 1299 1297
f 1302 1303 1299
f 1304 1300 1301
f 1304 1301 1305
f 1306 1307 1303
f 1306 1303 1302
f 1308 1304 1305
f 1308 1305 1269
f 1308 1269 1272
f 1309 1307 1306
f 1309 1310 1307
f 1311 1308 1272
f 1312 1310 1309
f 1312 1313 1310
f 1314 1311 1272
f 1314 1272 1315
f 1316 1317 1313
f 1316 1313 1312
f 1318 1315 1319
f 1318 1314 1315
f 1320 1321 1317
f 1320 1317 1316
f 1322 1318 1319
f 1323 1324 1321
f 1323 1321 1320
f 668 1283 1325
f 668 1325 1326
f 668 1326 1327
f 668 669 1283
f 1328 1322 1319
f 1328 1319 1329
f 1330 1332 1331
f 1330 1331 1324
f 1330 1324 1323
f 1333 1328 1329
f 1334 1332 1330
f 1334 1335 1332
f 1336 1329 1337
f 1336 1333 1329
f 1338 1335 1334
f 1338 1339 1335
f 1340 1336 1337
f 1340 1337 1341
f 1342 1343 1339
f 1342 1339 1338
f 1344 1340 1341
f 1345 1346 1343
f 1345 1343 1342
f 1347 1341 1348
f 1347 1344 1341
f 1349 1350 1346
f 1349 1346 1345
f 1351 1347 1348
f 1352 1353 1350
f 1352 1350 1349
f 1354 1351 1348
f 1354 1348 1355
f 1356 1358 1357
f 1356 1357 1353
f 1356 1353 1352
f 1359 1355 1360
f 1359 1354 1355
f 1361 1362 1358
f 1361 1358 1356
f 1363 1359 1360
f 1364 1362 1361
f 1364 1365 1362
f 1366 1363 1360
f 1366 1360 1367
f 1368 1369 1365
f 1368 1365 1364
f 1370 1366 1367
f 1371 1369 1368
f 1371 1372 1369
f 1373 1370 1367
f 1373 1367 1374
f 1375 1376 1372
f 1375 1372 1371
f 1377 722 723
f 1378 1377 723
f 1379 722 1377
f 1380 723 724
f 1380 1378 723
f 1381 721 722
f 1381 722 1379
f 1382 1380 724
f 1383 721 1381
f 1384 1382 724
f 1385 1373 1374
f 1386 721 1383
f 1386 720 721
f 1386 1136 720
f 1386 1387 1136
f 1388 724 725
f 1388 1384 724
f 1389 1387 1386
f 1389 1390 1387
f 1391 1388 725
f 1392 1390 1389
f 1392 1393 1390
f 1394 1327 1376
f 1394 668 1327
f 1394 667 668
f 1394 1376 1375
f 1395 1391 725
f 1396 1397 1393
f 1396 1393 1392
f 1398 1395 725
f 1399 1385 1374
f 1399 1374 1400
f 1401 1275 1397
f 1401 1397 1396
f 1402 725 726
f 1402 1398 725
f 1403 1404 1273
f 1403 1275 1401
f 1403 1273 1275
f 1405 667 1394
f 1406 1402 726
f 1407 1404 1403
f 1408 1400 1409
f 1408 1399 1400
f 1410 1406 726
f 1411 1404 1407
f 1411 1412 1404
f 1413 1410 726
f 1414 667 1405
f 1415 1416 1412
f 1415 1412 1411
f 1417 726 727
f 1417 1413 726
f 1418 1408 1409
f 1419 1416 1415
f 1420 1417 727
f 1421 667 1414
f 1422 1423 1416
f 1422 1416 1419
f 1424 1418 1409
f 1424 1409 1425
f 1426 1420 727
f 1427 1423 1422
f 1428 1426 727
f 1429 1430 1423
f 1429 1423 1427
f 1431 1424 1425
f 1432 727 728
f 1432 1428 727
f 666 1421 1433
f 666 667 1421
f 1434 1435 1430
f 1434 1430 1429
f 1436 666 1433
f 1437 1432 728
f 1438 1431 1425
f 1438 1425 1439
f 1440 1435 1434
f 1441 1437 728
f 1442 666 1436
f 1443 1444 1435
f 1443 1435 1440
f 1445 1438 1439
f 1446 1441 728
f 1447 1448 1444
f 1447 1444 1443
f 1449 1446 728
f 1450 1445 1439
f 1450 1439 1451
f 1452 1448 1447
f 1453 1449 728
f 1454 1448 1452
f 1454 1455 1448
f 1456 1450 1451
f 729 1453 728
f 1457 1453 729
f 1458 1455 1454
f 1459 1457 729
f 1460 1456 1451
f 1460 1451 1461
f 1462 1463 1455
f 1462 1455 1458
f 1464 1459 729
f 1465 1460 1461
f 1465 1461 1466
f 1467 1464 729
f 1468 1465 1466
f 1469 1467 729
f 665 1442 1470
f 665 1470 1471
f 665 1471 1472
f 665 666 1442
f 1473 1468 1466
f 1473 1466 1474
f 1475 1469 729
f 1476 1473 1474
f 1477 1476 1474
f 1477 1474 1478
f 1479 1477 1478
f 1479 1478 1480
f 730 1482 1481
f 730 1481 1483
f 730 1483 1484
f 730 1484 1475
f 730 1475 729
f 1485 1479 1480
f 1486 1482 730
f 1487 1485 1480
f 1487 1480 1488
f 1489 1486 730
f 1490 1487 1488
f 1491 1490 1488
f 1491 1488 1492
f 1493 1491 1492
f 1493 1492 1494
f 664 1472 1495
f 664 1495 1496
f 664 1496 1497
f 664 665 1472
f 1498 1493 1494
f 1499 1498 1494
f 644 1489 730
f 644 1501 1500
f 644 1500 1502
f 644 1502 1503
f 644 1503 1504
f 644 1504 1505
f 644 1505 1489
f 663 1497 1506
f 663 1506 1507
f 663 1507 1508
f 663 1508 1509
f 663 664 1497
f 1510 1512 1511
f 1513 1510 1511
f 1514 1512 1510
f 1515 1511 1516
f 1515 1513 1511
f 1517 1518 1512
f 1517 1512 1514
f 1519 1515 1516
f 1519 1516 1463
f 1520 1518 1517
f 1520 1521 1518
f 1522 1519 1463
f 1523 1521 1520
f 1524 1463 1462
f 1524 1462 1525
f 1524 1522 1463
f 1526 1527 1521
f 1526 1521 1523
f 1528 1524 1525
f 1528 1525 1529
f 1530 1527 1526
f 1531 1528 1529
f 1531 1529 1532
f 1533 1534 1527
f 1533 1527 1530
f 1535 1531 1532
f 1535 1532 1536
f 1537 1538 1534
f 1537 1534 1533
f 1539 1535 1536
f 1539 1536 1540
f 1541 1538 1537
f 1542 1539 1540
f 1542 1540 1543
f 1544 1545 1538
f 1544 1538 1541
f 1546 1542 1543
f 1546 1543 1547
f 1548 1545 1544
f 1549 1546 1547
f 1549 1547 1550
f 643 1552 1551
f 643 1551 1553
f 643 1553 1554
f 643 1554 1555
f 643 1555 1556
f 643 1556 1501
f 643 1501 644
f 1557 1558 1545
f 1557 1545 1548
f 1559 1549 1550
f 1559 1550 1560
f 1561 1558 1557
f 1562 1559 1560
f 1562 1560 1563
f 1562 1563 1564
f 1565 1566 1558
f 1565 1558 1561
f 1567 1564 1568
f 1567 1562 1564
f 1569 1566 1565
f 1570 1568 1571
f 1570 1567 1568
f 1572 1573 1566
f 1572 1566 1569
f 1574 1570 1571
f 1574 1571 1575
f 1576 1577 1573
f 1576 1573 1572
f 662 663 1509
f 662 1509 1578
f 662 1578 1579
f 662 1579 1580
f 1581 1575 1582
f 1581 1574 1575
f 1583 1577 1576
f 1584 1582 1585
f 1584 1581 1582
f 1586 1587 1577
f 1586 1577 1583
f 1588 1585 1589
f 1588 1584 1585
f 1590 1587 1586
f 1591 1588 1589
f 1591 1589 1592
f 1593 1594 1587
f 1593 1587 1590
f 731 1552 643
f 731 1596 1595
f 731 1595 1597
f 731 1597 1598
f 731 1598 1599
f 731 1599 1600
f 731 1600 1552
f 1601 1592 1602
f 1601 1602 1603
f 1601 1591 1592
f 1604 1594 1593
f 1605 1603 1606
f 1605 1601 1603
f 1607 1608 1594
f 1607 1594 1604
f 1609 1606 1610
f 1609 1605 1606
f 1611 1612 1608
f 1611 1608 1607
f 1613 1610 1614
f 1613 1609 1610
f 1615 1612 1611
f 661 1580 1616
f 661 1616 1617
f 661 1617 1618
f 661 662 1580
f 1619 1614 1620
f 1619 1613 1614
f 1621 1612 1615
f 1621 1622 1612
f 1623 1619 1620
f 1623 1620 1624
f 1625 1622 1621
f 1626 1624 1627
f 1626 1623 1624
f 1628 1622 1625
f 1628 1629 1622
f 1630 1627 1631
f 1630 1631 1632
f 1630 1626 1627
f 732 1634 1633
f 732 1633 1635
f 732 1596 731
f 732 1635 1636
f 732 1636 1637
f 732 1637 1596
f 1638 1629 1628
f 1638 1639 1629
f 1640 1632 1641
f 1640 1630 1632
f 1642 1639 1638
f 1643 1641 1644
f 1643 1640 1641
f 1645 1639 1642
f 1645 1646 1639
f 1647 1644 1648
f 1647 1643 1644
f 1649 1646 1645
f 660 1618 1650
f 660 1650 1651
f 660 1651 1652
f 660 661 1618
f 1653 1648 1654
f 1653 1647 1648
f 1655 1646 1649
f 1655 1656 1646
f 1657 1653 1654
f 1657 1654 1658
f 1659 1656 1655
f 1659 1660 1656
f 1661 1658 1662
f 1661 1657 1658
f 1663 1660 1659
f 733 1634 732
f 733 1665 1664
f 733 1664 1666
f 733 1666 1667
f 733 1667 1634
f 1668 1660 1663
f 1669 1671 1670
f 1672 1669 1670
f 1672 1670 1673
f 1674 1671 1669
f 1675 1672 1673
f 1675 1673 1676
f 1677 1671 1674
f 1677 1678 1671
f 1679 1675 1676
f 1679 1676 1680
f 1681 1678 1677
f 1681 1682 1678
f 1683 1679 1680
f 1683 1680 1684
f 1685 1682 1681
f 1685 1686 1682
f 1687 1683 1684
f 1687 1684 1688
f 1689 1686 1685
f 1689 1690 1686
f 1691 1687 1688
f 1691 1688 1692
f 1693 1690 1689
f 1693 1694 1690
f 1695 1691 1692
f 1695 1692 1696
f 1697 1694 1693
f 1697 1698 1694
f 1699 1695 1696
f 659 660 1652
f 1700 1701 1698
f 1700 1698 1697
f 1702 1699 1696
f 1702 1696 1703
f 1704 1701 1700
f 1705 1702 1703
f 1705 1703 1706
f 1707 1708 1701
f 1707 1701 1704
f 1709 1705 1706
f 1709 1706 1710
f 1711 1712 1708
f 1711 1708 1707
f 1713 1709 1710
f 1713 1710 1714
f 1715 1712 1711
f 1715 1716 1712
f 1717 1713 1714
f 1717 1714 1718
f 1719 1720 1716
f 1719 1716 1715
f 1721 1717 1718
f 1721 1718 1722
f 1723 1724 1720
f 1723 1720 1719
f 1725 1721 1722
f 1725 1722 1726
f 1727 1724 1723
f 1727 1652 1724
f 734 1729 1728
f 734 1665 733
f 734 1728 1730
f 734 1730 1731
f 734 1731 1665
f 1732 1725 1726
f 1732 1726 1733
f 1734 1652 1727
f 1734 659 1652
f 1735 1732 1733
f 1735 1733 1499
f 1736 659 1734
f 1737 1499 1494
f 1737 1735 1499
f 1737 1494 1738
f 1739 659 1736
f 1740 1737 1738
f 1741 659 1739
f 1742 1740 1738
f 1742 1738 1743
f 658 659 1741
f 658 1741 1744
f 1745 1742 1743
f 1746 658 1744
f 1747 1743 1748
f 1747 1745 1743
f 1749 658 1746
f 1750 1747 1748
f 1750 1748 1751
f 1752 658 1749
f 1753 1750 1751
f 1754 1751 1755
f 1754 1753 1751
f 735 1661 1662
f 735 1662 1756
f 735 1756 1757
f 735 1757 1729
f 735 1729 734
f 1758 1755 1759
f 1758 1754 1755
f 1760 1758 1759
f 1761 1760 1759
f 1761 1759 1762
f 1763 1761 1762
f 657 658 1752
f 657 1752 1764
f 657 1764 1765
f 657 1765 1766
f 657 1766 1767
f 1768 1763 1762
f 1768 1762 1769
f 1770 1768 1769
f 1770 1769 1771
f 1772 1770 1771
f 1773 1772 1771
f 736 1775 1774
f 736 1774 1776
f 736 1776 1661
f 736 1661 735
f 656 657 1767
f 656 1767 1777
f 656 1777 1778
f 656 1778 1779
f 656 1779 1780
f 656 1780 1781
f 737 1775 736
f 737 1783 1782
f 737 1782 1784
f 737 1784 1775
f 655 656 1781
f 655 1781 1785
f 655 1785 1786
f 655 1786 1787
f 655 1787 1788
f 655 1788 1789
f 655 1789 1790
f 738 1792 1791
f 738 1791 1793
f 738 1793 1783
f 738 1783 737
f 1794 1796 1795
f 1797 1795 1798
f 1797 1794 1795
f 1799 1800 1796
f 1799 1796 1794
f 1801 1798 1802
f 1801 1797 1798
f 1803 1804 1800
f 1803 1800 1799
f 1805 1801 1802
f 1806 1807 1804
f 1806 1804 1803
f 1808 1802 1809
f 1808 1805 1802
f 1810 1811 1807
f 1810 1807 1806
f 1812 1809 1813
f 1812 1808 1809
f 1814 1815 1811
f 1814 1811 1810
f 1816 1813 1817
f 1816 1812 1813
f 639 655 1790
f 639 1790 1818
f 639 1818 1819
f 639 1819 1820
f 639 1820 1821
f 639 1821 1822
f 639 1822 1823
f 1824 1668 1815
f 1824 1815 1814
f 1825 1817 1826
f 1825 1816 1817
f 1827 1660 1668
f 1827 1668 1824
f 1827 1828 1660
f 1829 1825 1826
f 1829 1826 1830
f 1831 1828 1827
f 1832 1829 1830
f 1832 1830 1833
f 1834 1828 1831
f 1834 1835 1828
f 1836 1832 1833
f 1836 1833 1837
f 1838 1835 1834
f 1839 1836 1837
f 1839 1837 1840
f 1841 1835 1838
f 1841 1842 1835
f 1843 1839 1840
f 1844 1842 1841
f 1844 1845 1842
f 1846 1840 1847
f 1846 1843 1840
f 1848 1845 1844
f 739 1850 1849
f 739 1849 1851
f 739 1851 1792
f 739 1792 738
f 1852 1847 1853
f 1852 1846 1847
f 1854 1845 1848
f 1854 1855 1845
f 1856 1852 1853
f 1856 1853 1857
f 1858 1855 1854
f 1858 1859 1855
f 1860 1857 1861
f 1860 1856 1857
f 1862 1859 1858
f 1863 1861 1864
f 1863 1860 1861
f 1865 1866 1859
f 1865 1859 1862
f 1867 1863 1864
f 1867 1864 1868
f 654 639 1823
f 654 1823 1869
f 654 1869 1870
f 654 1870 1871
f 654 1871 1872
f 654 1872 1873
f 654 1873 1874
f 1875 1866 1865
f 1876 1868 1877
f 1876 1867 1868
f 1878 1866 1875
f 1878 1879 1866
f 1880 1876 1877
f 1881 1882 1879
f 1881 1879 1878
f 1883 1880 1877
f 1883 1877 1884
f 1885 1882 1881
f 1886 1884 1887
f 1886 1883 1884
f 740 1889 1888
f 740 1888 1890
f 740 1890 1891
f 740 1891 1850
f 740 1850 739
f 1892 1773 1771
f 1892 1771 1882
f 1892 1882 1885
f 1893 1887 1894
f 1893 1886 1887
f 1895 1773 1892
f 1895 1896 1773
f 1897 1894 1898
f 1897 1893 1894
f 1899 1896 1895
f 1899 1900 1896
f 1901 1898 1902
f 1901 1897 1898
f 1903 1900 1899
f 1903 1904 1900
f 638 654 1874
f 638 1874 1905
f 638 1905 1906
f 638 1906 1907
f 638 1907 1908
f 638 1908 1909
f 638 1909 1910
f 1911 1902 1912
f 1911 1901 1902
f 1913 1904 1903
f 1913 1914 1904
f 1915 1911 1912
f 1916 1914 1913
f 1916 1917 1914
f 741 1919 1918
f 741 1918 1920
f 741 1920 1889
f 741 1889 740
f 767 1922 1921
f 767 1921 1923
f 767 1923 1924
f 767 638 1910
f 767 1910 1925
f 767 1925 1926
f 767 1926 1922
f 742 1919 741
f 742 1928 1927
f 742 1927 1929
f 742 1929 1919
f 766 1924 1930
f 766 1930 1931
f 766 1931 1932
f 766 1932 1933
f 766 1933 1934
f 766 767 1924
f 743 1912 1935
f 743 1935 1936
f 743 1936 1928
f 743 1928 742
f 765 1934 1937
f 765 1937 1938
f 765 1938 1939
f 765 1939 1940
f 765 766 1934
f 744 1942 1941
f 744 1941 1943
f 744 1943 1915
f 744 1912 743
f 744 1915 1912
f 764 1940 1944
f 764 1944 1945
f 764 1945 1946
f 764 1946 1947
f 764 765 1940
f 745 1949 1948
f 745 1948 1950
f 745 1950 1951
f 745 1951 1942
f 745 1942 744
f 763 1947 1952
f 763 764 1947
f 763 1952 1953
f 763 1953 1954
f 763 1954 1955
f 746 1949 745
f 746 1957 1956
f 746 1956 1958
f 746 1958 1959
f 746 1959 1949
f 762 1955 1960
f 762 1960 1961
f 762 1961 1962
f 762 763 1955
f 747 1964 1963
f 747 1963 1965
f 747 1965 1966
f 747 1966 1967
f 747 1967 1957
f 747 1957 746
f 761 762 1962
f 761 1962 1968
f 761 1968 1969
f 748 1971 1970
f 748 1970 1972
f 748 1972 1973
f 748 1973 1974
f 748 1974 1975
f 748 1975 1964
f 748 1964 747
f 760 1969 1976
f 760 1976 1977
f 760 761 1969
f 635 1979 1978
f 635 1971 748
f 635 1978 1980
f 635 1980 1981
f 635 1981 1982
f 635 1982 1983
f 635 1983 1971
f 759 760 1977
f 759 1977 1984
f 759 1984 1917
f 749 1986 1985
f 749 1985 1987
f 749 1987 1988
f 749 1988 1989
f 749 1989 1990
f 749 1990 1979
f 749 1979 635
f 758 1917 1916
f 758 759 1917
f 758 1916 1991
f 758 1991 1992
f 634 1994 1993
f 634 1993 1995
f 634 1995 1996
f 634 1996 1997
f 634 1997 1986
f 634 1986 749
f 634 1998 1994
f 757 758 1992
f 757 1992 1999
f 757 1999 2000
f 750 1998 634
f 750 2002 2001
f 750 2001 2003
f 750 2003 2004
f 750 2004 2005
f 750 2005 2006
f 750 2006 1998
f 756 757 2000
f 756 2000 2007
f 756 2007 2008
f 751 2010 2009
f 751 2009 2011
f 751 2011 2012
f 751 2012 2013
f 751 2013 2002
f 751 2002 750
f 755 756 2008
f 755 2008 2014
f 755 2014 2015
f 755 2015 2016
f 752 2010 751
f 752 2018 2017
f 752 2017 2019
f 752 2019 2020
f 752 2020 2010
f 754 755 2016
f 754 2016 2021
f 754 2021 2022
f 754 2022 2023
f 754 2023 2024
f 753 754 2024
f 753 2018 752
f 753 2024 2025
f 753 2025 2026
f 753 2026 2027
f 753 2027 2018
f 2028 2029 1872
f 1871 2028 1872
f 2029 2030 1873
f 1872 2029 1873
f 2030 2031 1874
f 1873 2030 1874
f 2031 2032 1905
f 1874 2031 1905
f 2032 2033 1906
f 1905 2032 1906
f 2033 2034 1907
f 1906 2033 1907
f 2034 2035 1908
f 1907 2034 1908
f 2035 2036 1909
f 1908 2035 1909
f 2036 2037 1910
f 1909 2036 1910
f 2037 2038 1925
f 1910 2037 1925
f 2038 2039 1926
f 1925 2038 1926
f 2039 2040 1922
f 1926 2039 1922
f 2040 2041 1921
f 1922 2040 1921
f 2041 2042 1923
f 1921 2041 1923
f 2042 2043 1924
f 1923 2042 1924
f 2043 2044 1930
f 1924 2043 1930
f 2044 2045 1931
f 1930 2044 1931
f 2045 2046 1932
f 1931 2045 1932
f 1932 2046 1933
f 2046 2047 1933
f 1933 2047 1934
f 2047 2048 1934
f 1934 2048 1937
f 2048 2049 1937
f 1937 2049 1938
f 2049 2050 1938
f 2050 2051 1939
f 1938 2050 1939
f 2051 2052 1940
f 1939 2051 1940
f 2052 2053 1944
f 1940 2052 1944
f 2053 2054 1945
f 1944 2053 1945
f 2054 2055 1946
f 1945 2054 1946
f 2055 2056 1947
f 1946 2055 1947
f 2056 2057 1952
f 1947 2056 1952
f 2057 2058 1953
f 1952 2057 1953
f 2058 2059 1954
f 1953 2058 1954
f 2059 2060 1955
f 1954 2059 1955
f 2060 2061 1960
f 1955 2060 1960
f 2061 2062 1961
f 1960 2061 1961
f 2062 2063 1962
f 1961 2062 1962
f 2063 2064 1968
f 1962 2063 1968
f 2064 2065 1969
f 1968 2064 1969
f 2065 2066 1976
f 1969 2065 1976
f 2066 2067 1977
f 1976 2066 1977
f 2067 2068 1984
f 1977 2067 1984
f 2068 2069 1917
f 1984 2068 1917
f 2069 2070 1914
f 1917 2069 1914
f 1914 2070 1904
f 2070 2071 1904
f 1904 2071 1900
f 2071 2072 1900
f 1900 2072 1896
f 2072 2073 1896
f 1896 2073 1773
f 2073 2074 1773
f 1773 2074 1772
f 2074 2075 1772
f 1772 2075 1770
f 2075 2076 1770
f 1770 2076 1768
f 2076 2077 1768
f 1768 2077 1763
f 2077 2078 1763
f 1763 2078 1761
f 2078 2079 1761
f 1761 2079 1760
f 2079 2080 1760
f 1760 2080 1758
f 2080 2081 1758
f 1758 2081 1754
f 2081 2082 1754
f 1754 2082 1753
f 2082 2083 1753
f 2083 2084 1750
f 1753 2083 1750
f 2084 2085 1747
f 1750 2084 1747
f 2085 2086 1745
f 1747 2085 1745
f 2086 2087 1742
f 1745 2086 1742
f 2087 2088 1740
f 1742 2087 1740
f 2088 2089 1737
f 1740 2088 1737
f 2089 2090 1735
f 1737 2089 1735
f 2090 2091 1732
f 1735 2090 1732
f 2092 2094 2093
f 2095 2096 2092
f 2095 2092 2093
f 2097 2099 2098
f 2097 2100 2099
f 2097 2093 2100
f 2101 2097 2102
f 2101 2095 2093
f 2101 2093 2097
f 2103 2105 2104
f 2106 2101 2107
f 2108 2101 2106
f 2109 2110 2103
f 2109 2103 2104
f 2111 2112 2095
f 2111 2113 2112
f 2111 2095 2101
f 2111 2101 2108
f 2114 2115 2109
f 2116 2118 2117
f 2116 2111 2118
f 2119 2121 2120
f 2122 2123 2119
f 2088 2124 2091
f 2088 2116 2124
f 2088 2090 2089
f 2088 2091 2090
f 2125 2126 2122
f 2125 2127 2126
f 2086 2088 2087
f 2128 2125 2122
f 2084 2088 2086
f 2084 2086 2085
f 2129 2130 2128
f 2129 2131 2130
f 2082 2084 2083
f 2081 2088 2084
f 2081 2084 2082
f 2081 2116 2088
f 2081 2111 2116
f 2132 2133 2129
f 2132 2134 2133
f 2079 2081 2080
f 2135 2129 2128
f 2135 2128 2122
f 2135 2104 2113
f 2135 2120 2114
f 2135 2132 2129
f 2135 2109 2104
f 2135 2114 2109
f 2135 2119 2120
f 2135 2122 2119
f 2078 2081 2079
f 2136 2137 2135
f 2136 2138 2137
f 2136 2139 2138
f 2073 2075 2074
f 2073 2076 2075
f 2140 2141 2136
f 2140 2136 2135
f 2072 2077 2076
f 2072 2076 2073
f 2071 2077 2072
f 2142 2135 2113
f 2142 2143 2140
f 2142 2144 2143
f 2142 2140 2135
f 2068 2070 2069
f 2068 2071 2070
f 2068 2078 2077
f 2068 2081 2078
f 2068 2077 2071
f 2145 2146 2142
f 2066 2068 2067
f 2065 2068 2066
f 2064 2068 2065
f 2147 2149 2148
f 2147 2150 2149
f 2151 2148 2145
f 2151 2145 2142
f 2151 2147 2148
f 2028 2153 2152
f 2059 2061 2060
f 2029 2028 2152
f 2029 2152 2151
f 2057 2061 2059
f 2057 2059 2058
f 2057 2062 2061
f 2057 2063 2062
f 2057 2064 2063
f 2055 2057 2056
f 2054 2057 2055
f 2034 2031 2030
f 2034 2032 2031
f 2034 2033 2032
f 2036 2035 2034
f 2051 2057 2054
f 2051 2053 2052
f 2051 2054 2053
f 2037 2036 2034
f 2037 2034 2030
f 2048 2050 2049
f 2048 2051 2050
f 2047 2051 2048
f 2041 2029 2151
f 2041 2037 2030
f 2041 2030 2029
f 2041 2038 2037
f 2041 2039 2038
f 2041 2040 2039
f 2045 2047 2046
f 2043 2042 2041
f 2044 2151 2142
f 2044 2064 2057
f 2044 2111 2081
f 2044 2051 2047
f 2044 2043 2041
f 2044 2057 2051
f 2044 2041 2151
f 2044 2081 2068
f 2044 2113 2111
f 2044 2047 2045
f 2044 2142 2113
f 2044 2068 2064
f 2154 2156 2155
f 2157 2159 2158
f 2160 2162 2161
f 2163 2155 2159
f 2163 2154 2155
f 2163 2159 2157
f 2164 2160 2161
f 2165 2161 2154
f 2165 2164 2161
f 2166 2163 2167
f 2168 2169 2165
f 2170 2166 2171
f 2170 2163 2166
f 2172 2173 2168
f 2172 2165 2154
f 2172 2168 2165
f 2174 2175 2172
f 2176 2178 2177
f 2176 2179 2178
f 2176 2170 2179
f 2176 2154 2163
f 2176 2163 2170
f 2180 2174 2172
f 2181 2183 2182
f 2181 2176 2183
f 2184 2185 2180
f 2184 2186 2185
f 2184 2187 2186
f 2188 2189 2184
f 2188 2180 2172
f 2188 2184 2180
f 2190 2192 2191
f 2190 2193 2192
f 2190 2194 2193
f 2190 2181 2194
f 2190 2154 2176
f 2190 2176 2181
f 2195 2196 2188
f 2195 2197 2196
f 2198 2190 2199
f 2200 2201 2195
f 2202 2204 2203
f 2205 2206 2200
f 2207 2204 2202
f 2207 2198 2204
f 2208 2205 2200
f 2209 2195 2188
f 2209 2200 2195
f 2209 2208 2200
f 2209 2210 2208
f 2211 2213 2212
f 2211 2214 2213
f 2215 2209 2188
f 2215 2216 2209
f 2215 2217 2216
f 2218 2220 2219
f 2218 2211 2220
f 2218 2190 2198
f 2218 2207 2214
f 2218 2198 2207
f 2218 2214 2211
f 2221 2222 2215
f 2223 2218 2224
f 2223 2190 2218
f 2225 2226 2221
f 2225 2221 2215
f 2227 2223 2228
f 2227 2190 2223
f 2229 2230 2225
f 2229 2231 2230
f 2232 2227 2233
f 2234 2227 2232
f 2235 2236 2229
f 2235 2237 2236
f 2238 2234 2239
f 2238 2190 2227
f 2238 2227 2234
f 2240 2241 2235
f 2240 2235 2229
f 2242 2238 2243
f 2244 2238 2242
f 2244 2190 2238
f 2245 2240 2229
f 2245 2246 2240
f 2247 2249 2248
f 2247 2244 2249
f 2250 2188 2172
f 2250 2190 2244
f 2250 2154 2190
f 2250 2244 2247
f 2250 2215 2188
f 2250 2172 2154
f 2250 2229 2225
f 2250 2225 2215
f 2251 2253 2252
f 2251 2254 2253
f 2255 2251 2252
f 2255 2252 2245
f 2256 2258 2257
f 2259 2255 2245
f 2259 2260 2255
f 2261 2229 2250
f 2261 2258 2256
f 2261 2256 2262
f 2261 2250 2258
f 2263 2264 2259
f 2265 2261 2266
f 2267 2259 2245
f 2267 2263 2259
f 2267 2268 2263
f 2269 2265 2270
f 2271 2272 2267
f 2273 2265 2269
f 2274 2267 2245
f 2274 2271 2267
f 2274 2245 2229
f 2275 2273 2276
f 2277 2229 2261
f 2277 2261 2265
f 2277 2274 2229
f 2277 2273 2275
f 2277 2265 2273
f 2277 2278 2274
f 2277 2279 2278
f 2280 2282 2281
f 2283 2285 2284
f 2286 2288 2287
f 2289 2281 2285
f 2289 2280 2281
f 2289 2285 2283
f 2290 2287 2280
f 2290 2286 2287
f 2291 2289 2292
f 2293 2294 2290
f 2293 2295 2294
f 2296 2291 2297
f 2296 2289 2291
f 2296 2280 2289
f 2298 2299 2293
f 2298 2290 2280
f 2298 2293 2290
f 2300 2296 2301
f 2302 2303 2298
f 2304 2300 2305
f 2304 2296 2300
f 2306 2302 2298
f 2307 2308 2306
f 2309 2311 2310
f 2309 2304 2311
f 2312 2313 2307
f 2312 2307 2306
f 2314 2316 2315
f 2317 2314 2318
f 2317 2309 2316
f 2317 2280 2296
f 2317 2296 2304
f 2317 2304 2309
f 2317 2316 2314
f 2319 2321 2320
f 2322 2317 2323
f 2324 2325 2319
f 2326 2319 2320
f 2326 2324 2319
f 2326 2327 2312
f 2326 2320 2327
f 2326 2298 2280
f 2326 2306 2298
f 2326 2312 2306
f 2328 2330 2329
f 2328 2331 2330
f 2328 2322 2331
f 2328 2317 2322
f 2332 2333 2326
f 2332 2334 2333
f 2332 2335 2334
f 2332 2336 2335
f 2337 2338 2332
f 2339 2341 2340
f 2339 2342 2341
f 2339 2343 2342
f 2339 2344 2343
f 2339 2328 2344
f 2345 2317 2328
f 2345 2328 2339
f 2346 2348 2347
f 2349 2347 2337
f 2349 2337 2332
f 2349 2346 2347
f 2350 2352 2351
f 2353 2355 2354
f 2353 2356 2355
f 2357 2350 2358
f 2359 2354 2349
f 2359 2349 2332
f 2359 2332 2326
f 2359 2353 2354
f 2360 2350 2357
f 2361 2362 2359
f 2363 2360 2364
f 2363 2365 2352
f 2363 2345 2365
f 2363 2352 2350
f 2363 2350 2360
f 2366 2367 2361
f 2368 2363 2369
f 2370 2366 2361
f 2371 2363 2368
f 2372 2370 2361
f 2372 2373 2370
f 2372 2361 2359
f 2374 2376 2375
f 2374 2371 2376
f 2377 2371 2374
f 2378 2379 2372
f 2378 2380 2379
f 2381 2377 2382
f 2383 2384 2378
f 2383 2385 2384
f 2383 2386 2385
f 2387 2389 2388
f 2387 2381 2389
f 2390 2383 2378
f 2391 2372 2359
f 2391 2378 2372
f 2391 2390 2378
f 2391 2392 2390
f 2393 2395 2394
f 2393 2387 2395
f 2396 2371 2377
f 2396 2377 2381
f 2396 2381 2387
f 2396 2387 2393
f 2397 2398 2391
f 2399 2401 2400
f 2402 2397 2391
f 2402 2403 2397
f 2402 2404 2403
f 2405 2280 2317
f 2405 2326 2280
f 2405 2371 2396
f 2405 2391 2359
f 2405 2317 2345
f 2405 2402 2391
f 2405 2401 2399
f 2405 2363 2371
f 2405 2359 2326
f 2405 2396 2401
f 2405 2345 2363
f 2406 2408 2407
f 2409 2410 2406
f 2411 2413 2412
f 2411 2414 2413
f 2411 2407 2414
f 2415 2416 2409
f 2415 2417 2416
f 2415 2406 2407
f 2415 2409 2406
f 2418 2411 2419
f 2420 2421 2415
f 2422 2418 2423
f 2424 2418 2422
f 2425 2426 2420
f 2425 2420 2415
f 2427 2418 2424
f 2428 2429 2425
f 2430 2432 2431
f 2430 2427 2432
f 2433 2434 2428
f 2433 2435 2434
f 2436 2437 2433
f 2438 2440 2439
f 2438 2430 2440
f 2438 2442 2441
f 2438 2439 2442
f 2438 2427 2430
f 2443 2444 2436
f 2445 2443 2436
f 2446 2445 2436
f 2447 2449 2448
f 2447 2438 2449
f 2450 2438 2447
f 2451 2452 2446
f 2453 2451 2446
f 2453 2446 2436
f 2454 2450 2455
f 2456 2450 2454
f 2457 2458 2453
f 2457 2459 2458
f 2460 2456 2461
f 2462 2457 2453
f 2462 2453 2436
f 2462 2463 2457
f 2464 2460 2465
f 2464 2456 2460
f 2466 2468 2467
f 2466 2464 2468
f 2469 2471 2470
f 2469 2472 2471
f 2473 2469 2470
f 2474 2470 2462
f 2474 2473 2470
f 2475 2477 2476
f 2475 2466 2477
f 2478 2474 2462
f 2479 2466 2475
f 2480 2462 2436
f 2480 2411 2418
f 2480 2407 2411
f 2480 2415 2407
f 2480 2478 2462
f 2480 2428 2425
f 2480 2433 2428
f 2480 2425 2415
f 2480 2436 2433
f 2481 2479 2482
f 2481 2438 2450
f 2481 2450 2456
f 2481 2464 2466
f 2481 2466 2479
f 2481 2456 2464
f 2481 2418 2427
f 2481 2427 2438
f 2483 2484 2480
f 2485 2481 2486
f 2487 2488 2483
f 2489 2487 2483
f 2490 2485 2491
f 2492 2493 2489
f 2492 2489 2483
f 2494 2481 2485
f 2494 2485 2490
f 2494 2490 2495
f 2496 2498 2497
f 2499 2492 2483
f 2499 2496 2497
f 2499 2497 2492
f 2499 2500 2496
f 2499 2483 2480
f 2501 2503 2502
f 2501 2504 2503
f 2505 2504 2501
f 2505 2506 2504
f 2505 2494 2506
f 2507 2499 2480
f 2507 2508 2499
f 2507 2509 2508
f 2507 2510 2509
f 2511 2513 2512
f 2511 2505 2513
f 2514 2511 2515
f 2516 2517 2507
f 2516 2518 2517
f 2516 2519 2518
f 2516 2520 2519
f 2521 2523 2522
f 2521 2524 2523
f 2521 2514 2524
f 2525 2526 2516
f 2527 2521 2528
f 2529 2530 2525
f 2531 2481 2494
f 2531 2507 2480
f 2531 2494 2505
f 2531 2511 2514
f 2531 2505 2511
f 2531 2480 2418
f 2531 2516 2507
f 2531 2525 2516
f 2531 2529 2525
f 2531 2514 2521
f 2531 2521 2527
f 2531 2418 2481
f 2532 2534 2533
f 2535 2536 2534
f 2537 2532 2538
f 2539 2540 2535
f 2541 2542 2539
f 2543 2545 2544
f 2543 2537 2545
f 2543 2532 2537
f 2546 2547 2541
f 2546 2541 2539
f 2548 2550 2549
f 2548 2543 2550
f 2551 2553 2552
f 2554 2552 2546
f 2554 2555 2551
f 2554 2551 2552
f 2556 2558 2557
f 2556 2559 2558
f 2556 2548 2559
f 2556 2543 2548
f 2560 2561 2554
f 2562 2556 2563
f 2564 2560 2554
f 2565 2556 2562
f 2566 2535 2534
f 2566 2539 2535
f 2566 2546 2539
f 2566 2564 2554
f 2566 2554 2546
f 2567 2568 2566
f 2567 2569 2568
f 2570 2572 2571
f 2570 2573 2572
f 2570 2565 2573
f 2574 2567 2566
f 2574 2575 2567
f 2576 2578 2577
f 2576 2570 2578
f 2579 2580 2574
f 2579 2581 2580
f 2582 2584 2583
f 2585 2579 2574
f 2585 2586 2579
f 2587 2582 2588
f 2587 2576 2584
f 2587 2584 2582
f 2589 2590 2585
f 2591 2592 2589
f 2593 2589 2585
f 2593 2591 2589
f 2594 2596 2595
f 2594 2597 2596
f 2594 2598 2597
f 2594 2587 2598
f 2599 2600 2593
f 2601 2599 2593
f 2602 2594 2603
f 2604 2605 2601
f 2606 2602 2607
f 2608 2585 2574
f 2608 2574 2566
f 2608 2534 2532
f 2608 2566 2534
f 2608 2593 2585
f 2608 2604 2601
f 2608 2601 2593
f 2609 2610 2608
f 2611 2613 2612
f 2614 2606 2613
f 2614 2613 2611
f 2614 2602 2606
f 2615 2616 2609
f 2617 2532 2543
f 2617 2608 2532
f 2617 2615 2609
f 2617 2609 2608
f 2618 2614 2619
f 2620 2614 2618
f 2621 2623 2622
f 2624 2620 2625
f 2626 2621 2622
f 2626 2622 2617
f 2627 2620 2624
f 2627 2614 2620
f 2628 2626 2617
f 2628 2629 2626
f 2630 2632 2631
f 2633 2628 2617
f 2633 2565 2570
f 2633 2634 2628
f 2633 2635 2634
f 2633 2543 2556
f 2633 2617 2543
f 2633 2556 2565
f 2636 2632 2630
f 2636 2630 2637
f 2636 2627 2632
f 2638 2640 2639
f 2641 2643 2642
f 2644 2638 2639
f 2645 2614 2627
f 2645 2627 2636
f 2645 2643 2641
f 2645 2636 2643
f 2646 2644 2639
f 2647 2594 2602
f 2647 2614 2645
f 2647 2645 2648
f 2647 2602 2614
f 2649 2646 2639
f 2649 2639 2633
f 2649 2650 2646
f 2651 2653 2652
f 2651 2647 2653
f 2654 2655 2649
f 2654 2656 2655
f 2657 2570 2576
f 2657 2587 2594
f 2657 2576 2587
f 2657 2594 2647
f 2657 2647 2651
f 2657 2649 2633
f 2657 2654 2649
f 2657 2633 2570
f 2658 2660 2659
f 2661 2662 2660
f 2663 2658 2664
f 2665 2666 2661
f 2665 2661 2660
f 2667 2668 2665
f 2669 2671 2670
f 2669 2663 2671
f 2669 2658 2663
f 2672 2673 2667
f 2674 2676 2675
f 2674 2669 2676
f 2677 2679 2678
f 2677 2680 2679
f 2677 2681 2680
f 2682 2684 2683
f 2682 2685 2684
f 2682 2674 2685
f 2686 2687 2677
f 2688 2678 2672
f 2688 2667 2665
f 2688 2689 2686
f 2688 2672 2667
f 2688 2686 2677
f 2688 2677 2678
f 2690 2692 2691
f 2693 2695 2694
f 2696 2694 2688
f 2696 2697 2693
f 2696 2693 2694
f 2698 2700 2699
f 2698 2701 2700
f 2698 2690 2701
f 2702 2704 2703
f 2702 2682 2704
f 2702 2703 2692
f 2702 2690 2698
f 2702 2692 2690
f 2705 2707 2706
f 2708 2702 2709
f 2710 2705 2706
f 2710 2706 2696
f 2711 2702 2708
f 2712 2714 2713
f 2712 2711 2714
f 2712 2702 2711
f 2715 2710 2696
f 2715 2716 2710
f 2715 2717 2716
f 2715 2718 2717
f 2715 2719 2718
f 2720 2722 2721
f 2720 2712 2722
f 2723 2715 2696
f 2723 2724 2715
f 2725 2727 2726
f 2725 2720 2727
f 2725 2712 2720
f 2728 2730 2729
f 2731 2728 2729
f 2732 2696 2688
f 2732 2665 2660
f 2732 2729 2723
f 2732 2723 2696
f 2732 2688 2665
f 2732 2731 2729
f 2733 2735 2734
f 2736 2738 2737
f 2736 2739 2738
f 2736 2740 2739
f 2736 2741 2740
f 2736 2725 2741
f 2742 2734 2732
f 2742 2733 2734
f 2743 2742 2732
f 2744 2736 2745
f 2746 2736 2744
f 2747 2748 2743
f 2749 2743 2732
f 2749 2747 2743
f 2750 2746 2751
f 2752 2749 2732
f 2752 2753 2749
f 2754 2750 2755
f 2756 2752 2732
f 2757 2746 2750
f 2757 2750 2754
f 2757 2754 2758
f 2757 2736 2746
f 2759 2756 2732
f 2759 2760 2756
f 2759 2761 2760
f 2759 2732 2660
f 2762 2757 2763
f 2764 2765 2759
f 2766 2764 2759
f 2767 2757 2762
f 2767 2769 2768
f 2767 2770 2769
f 2767 2762 2770
f 2771 2660 2658
f 2771 2766 2759
f 2771 2658 2669
f 2771 2669 2674
f 2771 2772 2766
f 2771 2759 2660
f 2771 2674 2682
f 2773 2736 2757
f 2773 2757 2767
f 2773 2712 2725
f 2773 2725 2736
f 2773 2767 2774
f 2775 2777 2776
f 2778 2775 2776
f 2778 2776 2771
f 2779 2781 2780
f 2782 2682 2702
f 2782 2712 2773
f 2782 2771 2682
f 2782 2702 2712
f 2782 2778 2771
f 2782 2781 2779
f 2782 2783 2778
f 2782 2773 2781
f 2091 2124 1725
f 1732 2091 1725
f 2124 2116 1721
f 1725 2124 1721
f 2116 2117 1717
f 1721 2116 1717
f 2117 2118 1713
f 1717 2117 1713
f 2118 2111 1709
f 1713 2118 1709
f 2111 2108 1705
f 1709 2111 1705
f 2108 2106 1702
f 1705 2108 1702
f 2106 2107 1699
f 1702 2106 1699
f 2107 2101 1695
f 1699 2107 1695
f 2101 2102 1691
f 1695 2101 1691
f 2102 2097 1687
f 1691 2102 1687
f 2097 2098 1683
f 1687 2097 1683
f 2098 2099 1679
f 1683 2098 1679
f 2099 2100 1675
f 1679 2099 1675
f 2100 2093 1672
f 1675 2100 1672
f 2093 2094 1669
f 1672 2093 1669
f 2094 2092 1674
f 1669 2094 1674
f 2092 2096 1677
f 1674 2092 1677
f 1677 2096 1681
f 2096 2095 1681
f 1681 2095 1685
f 2095 2112 1685
f 1685 2112 1689
f 2112 2113 1689
f 1689 2113 1693
f 2113 2104 1693
f 2104 2105 1697
f 1693 2104 1697
f 2105 2103 1700
f 1697 2105 1700
f 2103 2110 1704
f 1700 2103 1704
f 2110 2109 1707
f 1704 2110 1707
f 2109 2115 1711
f 1707 2109 1711
f 2115 2114 1715
f 1711 2115 1715
f 2114 2120 1719
f 1715 2114 1719
f 2120 2121 1723
f 1719 2120 1723
f 2121 2119 1727
f 1723 2121 1727
f 2119 2123 1734
f 1727 2119 1734
f 2123 2122 1736
f 1734 2123 1736
f 2122 2126 1739
f 1736 2122 1739
f 2126 2127 1741
f 1739 2126 1741
f 2127 2125 1744
f 1741 2127 1744
f 2125 2128 1746
f 1744 2125 1746
f 2128 2130 1749
f 1746 2128 1749
f 2130 2131 1752
f 1749 2130 1752
f 2131 2129 1764
f 1752 2131 1764
f 2129 2133 1765
f 1764 2129 1765
f 2133 2134 1766
f 1765 2133 1766
f 1766 2134 1767
f 2134 2132 1767
f 1767 2132 1777
f 2132 2135 1777
f 1777 2135 1778
f 2135 2137 1778
f 1778 2137 1779
f 2137 2138 1779
f 1779 2138 1780
f 2138 2139 1780
f 1780 2139 1781
f 2139 2136 1781
f 1781 2136 1785
f 2136 2141 1785
f 1785 2141 1786
f 2141 2140 1786
f 1786 2140 1787
f 2140 2143 1787
f 1787 2143 1788
f 2143 2144 1788
f 1788 2144 1789
f 2144 2142 1789
f 1789 2142 1790
f 2142 2146 1790
f 1790 2146 1818
f 2146 2145 1818
f 2145 2148 1819
f 1818 2145 1819
f 2148 2149 1820
f 1819 2148 1820
f 2149 2150 1821
f 1820 2149 1821
f 2150 2147 1822
f 1821 2150 1822
f 2147 2151 1823
f 1822 2147 1823
f 2151 2152 1869
f 1823 2151 1869
f 2152 2153 1870
f 1869 2152 1870
f 2153 2028 1871
f 1870 2153 1871
f 2252 2253 1276
f 2253 2254 1277
f 1276 2253 1277
f 2254 2251 1278
f 1277 2254 1278
f 2251 2255 1279
f 1278 2251 1279
f 2255 2260 1280
f 1279 2255 1280
f 2260 2259 1281
f 1280 2260 1281
f 2259 2264 1282
f 1281 2259 1282
f 2264 2263 1283
f 1282 2264 1283
f 2263 2268 1325
f 1283 2263 1325
f 2268 2267 1326
f 1325 2268 1326
f 2267 2272 1327
f 1326 2267 1327
f 2272 2271 1376
f 1327 2272 1376
f 2271 2274 1372
f 1376 2271 1372
f 2274 2278 1369
f 1372 2274 1369
f 2278 2279 1365
f 1369 2278 1365
f 2279 2277 1362
f 1365 2279 1362
f 2277 2275 1358
f 1362 2277 1358
f 2275 2276 1357
f 1358 2275 1357
f 1357 2276 1353
f 2276 2273 1353
f 1353 2273 1350
f 2273 2269 1350
f 1350 2269 1346
f 2269 2270 1346
f 1346 2270 1343
f 2270 2265 1343
f 1343 2265 1339
f 2265 2266 1339
f 2266 2261 1335
f 1339 2266 1335
f 2261 2262 1332
f 1335 2261 1332
f 2262 2256 1331
f 1332 2262 1331
f 2256 2257 1324
f 1331 2256 1324
f 2257 2258 1321
f 1324 2257 1321
f 2258 2250 1317
f 1321 2258 1317
f 2250 2247 1313
f 1317 2250 1313
f 2247 2248 1310
f 1313 2247 1310
f 2248 2249 1307
f 1310 2248 1307
f 2249 2244 1303
f 1307 2249 1303
f 2244 2242 1299
f 1303 2244 1299
f 2242 2243 1298
f 1299 2242 1298
f 2243 2238 1294
f 1298 2243 1294
f 2238 2239 1290
f 1294 2238 1290
f 2239 2234 1286
f 1290 2239 1286
f 2234 2232 1285
f 1286 2234 1285
f 2232 2233 1288
f 1285 2232 1288
f 2233 2227 1292
f 1288 2233 1292
f 2227 2228 1296
f 1292 2227 1296
f 2228 2223 1301
f 1296 2228 1301
f 1301 2223 1305
f 2223 2224 1305
f 1305 2224 1269
f 2224 2218 1269
f 1269 2218 1268
f 2218 2219 1268
f 1268 2219 1258
f 2219 2220 1258
f 1258 2220 1257
f 2220 2211 1257
f 1257 2211 1252
f 2211 2212 1252
f 1252 2212 1248
f 2212 2213 1248
f 1248 2213 1247
f 2213 2214 1247
f 1247 2214 1241
f 2214 2207 1241
f 1241 2207 1232
f 2207 2202 1232
f 1232 2202 1231
f 2202 2203 1231
f 1231 2203 1226
f 2203 2204 1226
f 1226 2204 1225
f 2204 2198 1225
f 2198 2199 1218
f 1225 2198 1218
f 2199 2190 1212
f 1218 2199 1212
f 2190 2191 1211
f 1212 2190 1211
f 2191 2192 1163
f 1211 2191 1163
f 2192 2193 1159
f 1163 2192 1159
f 2193 2194 1152
f 1159 2193 1152
f 2194 2181 1144
f 1152 2194 1144
f 1144 2181 1137
f 2181 2182 1137
f 2182 2183 1128
f 1137 2182 1128
f 2183 2176 1123
f 1128 2183 1123
f 2176 2177 1117
f 1123 2176 1117
f 2177 2178 1109
f 1117 2177 1109
f 2178 2179 1099
f 1109 2178 1099
f 2179 2170 1085
f 1099 2179 1085
f 2170 2171 1083
f 1085 2170 1083
f 2171 2166 1081
f 1083 2171 1081
f 2166 2167 1079
f 1081 2166 1079
f 2167 2163 1077
f 1079 2167 1077
f 2163 2157 1075
f 1077 2163 1075
f 2157 2158 1073
f 1075 2157 1073
f 2158 2159 1071
f 1073 2158 1071
f 2159 2155 1069
f 1071 2159 1069
f 2155 2156 1066
f 1069 2155 1066
f 2156 2154 1067
f 1066 2156 1067
f 2154 2161 1068
f 1067 2154 1068
f 1068 2161 1070
f 2161 2162 1070
f 1070 2162 1072
f 2162 2160 1072
f 1072 2160 1074
f 2160 2164 1074
f 1074 2164 1076
f 2164 2165 1076
f 1076 2165 1078
f 2165 2169 1078
f 2169 2168 1080
f 1078 2169 1080
f 2168 2173 1082
f 1080 2168 1082
f 2173 2172 1084
f 1082 2173 1084
f 2172 2175 1086
f 1084 2172 1086
f 2175 2174 1102
f 1086 2175 1102
f 2174 2180 1113
f 1102 2174 1113
f 2180 2185 1120
f 1113 2180 1120
f 2185 2186 1124
f 1120 2185 1124
f 2186 2187 1131
f 1124 2186 1131
f 2187 2184 1143
f 1131 2187 1143
f 2184 2189 1148
f 1143 2184 1148
f 2189 2188 1155
f 1148 2189 1155
f 2188 2196 1162
f 1155 2188 1162
f 2196 2197 1167
f 1162 2196 1167
f 2197 2195 1171
f 1167 2197 1171
f 2195 2201 1175
f 1171 2195 1175
f 2201 2200 1181
f 1175 2201 1181
f 2200 2206 1185
f 1181 2200 1185
f 2206 2205 1188
f 1185 2206 1188
f 2205 2208 1192
f 1188 2205 1192
f 1192 2208 1196
f 2208 2210 1196
f 1196 2210 1199
f 2210 2209 1199
f 1199 2209 1203
f 2209 2216 1203
f 1203 2216 1208
f 2216 2217 1208
f 1208 2217 1209
f 2217 2215 1209
f 1209 2215 1213
f 2215 2222 1213
f 1213 2222 1216
f 2222 2221 1216
f 1216 2221 1219
f 2221 2226 1219
f 1219 2226 1223
f 2226 2225 1223
f 1223 2225 1235
f 2225 2230 1235
f 1235 2230 1236
f 2230 2231 1236
f 1236 2231 1237
f 2231 2229 1237
f 1237 2229 1238
f 2229 2236 1238
f 2236 2237 1239
f 1238 2236 1239
f 2237 2235 1242
f 1239 2237 1242
f 2235 2241 1262
f 1242 2235 1262
f 2241 2240 1263
f 1262 2241 1263
f 2240 2246 1264
f 1263 2240 1264
f 2246 2245 1265
f 1264 2246 1265
f 2245 2252 1266
f 1265 2245 1266
f 1266 2252 1276
f 2372 2379 1138
f 2379 2380 1139
f 1138 2379 1139
f 2380 2378 1153
f 1139 2380 1153
f 2378 2384 1154
f 1153 2378 1154
f 2384 2385 1164
f 1154 2384 1164
f 2385 2386 1205
f 1164 2385 1205
f 2386 2383 1198
f 1205 2386 1198
f 2383 2390 1191
f 1198 2383 1191
f 2390 2392 1190
f 1191 2390 1190
f 2392 2391 1184
f 1190 2392 1184
f 2391 2398 1183
f 1184 2391 1183
f 2398 2397 1177
f 1183 2398 1177
f 2397 2403 1170
f 1177 2397 1170
f 2403 2404 1169
f 1170 2403 1169
f 2404 2402 1161
f 1169 2404 1161
f 2402 2405 1151
f 1161 2402 1151
f 2405 2399 1150
f 1151 2405 1150
f 2399 2400 1142
f 1150 2399 1142
f 1142 2400 1141
f 2400 2401 1141
f 1141 2401 1025
f 2401 2396 1025
f 1025 2396 1019
f 2396 2393 1019
f 1019 2393 1014
f 2393 2394 1014
f 1014 2394 1008
f 2394 2395 1008
f 2395 2387 1003
f 1008 2395 1003
f 2387 2388 997
f 1003 2387 997
f 2388 2389 992
f 997 2388 992
f 2389 2381 986
f 992 2389 986
f 2381 2382 981
f 986 2381 981
f 2382 2377 975
f 981 2382 975
f 2377 2374 974
f 975 2377 974
f 2374 2375 969
f 974 2374 969
f 2375 2376 962
f 969 2375 962
f 2376 2371 956
f 962 2376 956
f 2371 2368 952
f 956 2371 952
f 2368 2369 945
f 952 2368 945
f 2369 2363 939
f 945 2369 939
f 2363 2364 934
f 939 2363 934
f 2364 2360 927
f 934 2364 927
f 2360 2357 926
f 927 2360 926
f 2357 2358 921
f 926 2357 921
f 2358 2350 915
f 921 2358 915
f 2350 2351 909
f 915 2350 909
f 2351 2352 902
f 909 2351 902
f 902 2352 894
f 2352 2365 894
f 894 2365 884
f 2365 2345 884
f 884 2345 875
f 2345 2339 875
f 875 2339 874
f 2339 2340 874
f 874 2340 871
f 2340 2341 871
f 871 2341 868
f 2341 2342 868
f 868 2342 865
f 2342 2343 865
f 865 2343 862
f 2343 2344 862
f 862 2344 859
f 2344 2328 859
f 859 2328 856
f 2328 2329 856
f 856 2329 819
f 2329 2330 819
f 819 2330 817
f 2330 2331 817
f 817 2331 815
f 2331 2322 815
f 2322 2323 813
f 815 2322 813
f 2323 2317 811
f 813 2323 811
f 2317 2318 809
f 811 2317 809
f 2318 2314 807
f 809 2318 807
f 2314 2315 805
f 807 2314 805
f 2315 2316 803
f 805 2315 803
f 2316 2309 801
f 803 2316 801
f 801 2309 799
f 2309 2310 799
f 2310 2311 797
f 799 2310 797
f 2311 2304 795
f 797 2311 795
f 2304 2305 793
f 795 2304 793
f 2305 2300 791
f 793 2305 791
f 2300 2301 789
f 791 2300 789
f 2301 2296 787
f 789 2301 787
f 2296 2297 785
f 787 2296 785
f 2297 2291 783
f 785 2297 783
f 2291 2292 781
f 783 2291 781
f 2292 2289 779
f 781 2292 779
f 2289 2283 777
f 779 2289 777
f 2283 2284 775
f 777 2283 775
f 2284 2285 773
f 775 2284 773
f 2285 2281 771
f 773 2285 771
f 2281 2282 768
f 771 2281 768
f 2282 2280 769
f 768 2282 769
f 2280 2287 770
f 769 2280 770
f 770 2287 772
f 2287 2288 772
f 772 2288 774
f 2288 2286 774
f 774 2286 776
f 2286 2290 776
f 776 2290 778
f 2290 2294 778
f 778 2294 780
f 2294 2295 780
f 2295 2293 782
f 780 2295 782
f 2293 2299 784
f 782 2293 784
f 2299 2298 786
f 784 2299 786
f 2298 2303 788
f 786 2298 788
f 2303 2302 790
f 788 2303 790
f 2302 2306 792
f 790 2302 792
f 2306 2308 794
f 792 2306 794
f 2308 2307 796
f 794 2308 796
f 2307 2313 798
f 796 2307 798
f 2313 2312 800
f 798 2313 800
f 2312 2327 802
f 800 2312 802
f 2327 2320 804
f 802 2327 804
f 2320 2321 806
f 804 2320 806
f 2321 2319 808
f 806 2321 808
f 2319 2325 810
f 808 2319 810
f 2325 2324 812
f 810 2325 812
f 2324 2326 814
f 812 2324 814
f 2326 2333 816
f 814 2326 816
f 2333 2334 818
f 816 2333 818
f 2334 2335 820
f 818 2334 820
f 820 2335 821
f 2335 2336 821
f 821 2336 822
f 2336 2332 822
f 822 2332 823
f 2332 2338 823
f 823 2338 824
f 2338 2337 824
f 824 2337 825
f 2337 2347 825
f 825 2347 826
f 2347 2348 826
f 826 2348 827
f 2348 2346 827
f 827 2346 828
f 2346 2349 828
f 828 2349 829
f 2349 2354 829
f 829 2354 830
f 2354 2355 830
f 830 2355 831
f 2355 2356 831
f 831 2356 832
f 2356 2353 832
f 832 2353 833
f 2353 2359 833
f 2359 2362 834
f 833 2359 834
f 2362 2361 835
f 834 2362 835
f 2361 2367 836
f 835 2361 836
f 2367 2366 837
f 836 2367 837
f 2366 2370 838
f 837 2366 838
f 2370 2373 839
f 838 2370 839
f 2373 2372 847
f 839 2373 847
f 847 2372 1138
f 2496 2500 1052
f 1050 2496 1052
f 2500 2499 1054
f 1052 2500 1054
f 2499 2508 1221
f 1054 2499 1221
f 2508 2509 1222
f 1221 2508 1222
f 2509 2510 1228
f 1222 2509 1228
f 2510 2507 1229
f 1228 2510 1229
f 2507 2517 1234
f 1229 2507 1234
f 2517 2518 1244
f 1234 2517 1244
f 2518 2519 1245
f 1244 2518 1245
f 2519 2520 1250
f 1245 2519 1250
f 2520 2516 1254
f 1250 2520 1254
f 2516 2526 1255
f 1254 2516 1255
f 2526 2525 1260
f 1255 2526 1260
f 2525 2530 1261
f 1260 2525 1261
f 2530 2529 1271
f 1261 2530 1271
f 2529 2531 1274
f 1271 2529 1274
f 2531 2527 1275
f 1274 2531 1275
f 2527 2528 1397
f 1275 2527 1397
f 1397 2528 1393
f 2528 2521 1393
f 1393 2521 1390
f 2521 2522 1390
f 1390 2522 1387
f 2522 2523 1387
f 1387 2523 1136
f 2523 2524 1136
f 2524 2514 1135
f 1136 2524 1135
f 2514 2515 1065
f 1135 2514 1065
f 2515 2511 1064
f 1065 2515 1064
f 2511 2512 1063
f 1064 2511 1063
f 2512 2513 1062
f 1063 2512 1062
f 2513 2505 1060
f 1062 2513 1060
f 2505 2501 1059
f 1060 2505 1059
f 2501 2502 1061
f 1059 2501 1061
f 2502 2503 1056
f 1061 2502 1056
f 2503 2504 1055
f 1056 2503 1055
f 2504 2506 1057
f 1055 2504 1057
f 2506 2494 1058
f 1057 2506 1058
f 2494 2495 1042
f 1058 2494 1042
f 2495 2490 1039
f 1042 2495 1039
f 2490 2491 1036
f 1039 2490 1036
f 2491 2485 1035
f 1036 2491 1035
f 2485 2486 1029
f 1035 2485 1029
f 2486 2481 1028
f 1029 2486 1028
f 2481 2482 1023
f 1028 2481 1023
f 2482 2479 1020
f 1023 2482 1020
f 1020 2479 1015
f 2479 2475 1015
f 1015 2475 1010
f 2475 2476 1010
f 1010 2476 1006
f 2476 2477 1006
f 1006 2477 1001
f 2477 2466 1001
f 1001 2466 998
f 2466 2467 998
f 998 2467 993
f 2467 2468 993
f 993 2468 988
f 2468 2464 988
f 988 2464 984
f 2464 2465 984
f 984 2465 979
f 2465 2460 979
f 979 2460 976
f 2460 2461 976
f 976 2461 970
f 2461 2456 970
f 970 2456 965
f 2456 2454 965
f 965 2454 960
f 2454 2455 960
f 2455 2450 957
f 960 2455 957
f 2450 2447 953
f 957 2450 953
f 2447 2448 948
f 953 2447 948
f 2448 2449 943
f 948 2448 943
f 2449 2438 940
f 943 2449 940
f 2438 2441 935
f 940 2438 935
f 2441 2442 930
f 935 2441 930
f 2442 2439 924
f 930 2442 924
f 2439 2440 922
f 924 2439 922
f 2440 2430 918
f 922 2440 918
f 2430 2431 916
f 918 2430 916
f 2431 2432 911
f 916 2431 911
f 2432 2427 907
f 911 2432 907
f 2427 2424 904
f 907 2427 904
f 2424 2422 900
f 904 2424 900
f 2422 2423 897
f 900 2422 897
f 2423 2418 895
f 897 2423 895
f 2418 2419 891
f 895 2418 891
f 2419 2411 888
f 891 2419 888
f 2411 2412 886
f 888 2411 886
f 2412 2413 882
f 886 2412 882
f 2413 2414 880
f 882 2413 880
f 2414 2407 877
f 880 2414 877
f 2407 2408 878
f 877 2407 878
f 2408 2406 879
f 878 2408 879
f 2406 2410 881
f 879 2406 881
f 881 2410 885
f 2410 2409 885
f 885 2409 887
f 2409 2416 887
f 887 2416 890
f 2416 2417 890
f 890 2417 892
f 2417 2415 892
f 2415 2421 896
f 892 2415 896
f 2421 2420 899
f 896 2421 899
f 2420 2426 903
f 899 2420 903
f 2426 2425 906
f 903 2426 906
f 2425 2429 910
f 906 2425 910
f 2429 2428 913
f 910 2429 913
f 2428 2434 917
f 913 2428 917
f 2434 2435 919
f 917 2434 919
f 2435 2433 923
f 919 2435 923
f 2433 2437 928
f 923 2433 928
f 2437 2436 931
f 928 2437 931
f 2436 2444 936
f 931 2436 936
f 2444 2443 941
f 936 2444 941
f 2443 2445 946
f 941 2443 946
f 2445 2446 949
f 946 2445 949
f 2446 2452 954
f 949 2446 954
f 2452 2451 958
f 954 2452 958
f 2451 2453 963
f 958 2451 963
f 2453 2458 966
f 963 2453 966
f 2458 2459 971
f 966 2458 971
f 971 2459 977
f 2459 2457 977
f 977 2457 982
f 2457 2463 982
f 982 2463 987
f 2463 2462 987
f 987 2462 990
f 2462 2470 990
f 990 2470 994
f 2470 2471 994
f 994 2471 999
f 2471 2472 999
f 999 2472 1004
f 2472 2469 1004
f 1004 2469 1009
f 2469 2473 1009
f 1009 2473 1012
f 2473 2474 1012
f 1012 2474 1017
f 2474 2478 1017
f 1017 2478 1022
f 2478 2480 1022
f 1022 2480 1027
f 2480 2484 1027
f 1027 2484 1031
f 2484 2483 1031
f 2483 2488 1032
f 1031 2483 1032
f 2488 2487 1034
f 1032 2488 1034
f 2487 2489 1038
f 1034 2487 1038
f 2489 2493 1041
f 1038 2489 1041
f 2493 2492 1044
f 1041 2493 1044
f 2492 2497 1046
f 1044 2492 1046
f 2497 2498 1048
f 1046 2497 1048
f 2498 2496 1050
f 1048 2498 1050
f 2626 2629 2010
f 2020 2626 2010
f 2629 2628 2009
f 2010 2629 2009
f 2628 2634 2011
f 2009 2628 2011
f 2634 2635 2012
f 2011 2634 2012
f 2635 2633 2013
f 2012 2635 2013
f 2633 2639 2002
f 2013 2633 2002
f 2639 2640 2001
f 2002 2639 2001
f 2640 2638 2003
f 2001 2640 2003
f 2638 2644 2004
f 2003 2638 2004
f 2644 2646 2005
f 2004 2644 2005
f 2646 2650 2006
f 2005 2646 2006
f 2650 2649 1998
f 2006 2650 1998
f 2649 2655 1994
f 1998 2649 1994
f 2655 2656 1993
f 1994 2655 1993
f 2656 2654 1995
f 1993 2656 1995
f 2654 2657 1996
f 1995 2654 1996
f 2657 2651 1997
f 1996 2657 1997
f 2651 2652 1986
f 1997 2651 1986
f 1986 2652 1985
f 2652 2653 1985
f 1985 2653 1987
f 2653 2647 1987
f 1987 2647 1988
f 2647 2648 1988
f 1988 2648 1989
f 2648 2645 1989
f 2645 2641 1990
f 1989 2645 1990
f 2641 2642 1979
f 1990 2641 1979
f 2642 2643 1978
f 1979 2642 1978
f 2643 2636 1980
f 1978 2643 1980
f 2636 2637 1981
f 1980 2636 1981
f 2637 2630 1982
f 1981 2637 1982
f 2630 2631 1983
f 1982 2630 1983
f 2631 2632 1971
f 1983 2631 1971
f 2632 2627 1970
f 1971 2632 1970
f 2627 2624 1972
f 1970 2627 1972
f 2624 2625 1973
f 1972 2624 1973
f 2625 2620 1974
f 1973 2625 1974
f 2620 2618 1975
f 1974 2620 1975
f 2618 2619 1964
f 1975 2618 1964
f 2619 2614 1963
f 1964 2619 1963
f 2614 2611 1965
f 1963 2614 1965
f 2611 2612 1966
f 1965 2611 1966
f 2612 2613 1967
f 1966 2612 1967
f 2613 2606 1957
f 1967 2613 1957
f 2606 2607 1956
f 1957 2606 1956
f 1956 2607 1958
f 2607 2602 1958
f 1958 2602 1959
f 2602 2603 1959
f 1959 2603 1949
f 2603 2594 1949
f 1949 2594 1948
f 2594 2595 1948
f 1948 2595 1950
f 2595 2596 1950
f 1950 2596 1951
f 2596 2597 1951
f 1951 2597 1942
f 2597 2598 1942
f 1942 2598 1941
f 2598 2587 1941
f 1941 2587 1943
f 2587 2588 1943
f 1943 2588 1915
f 2588 2582 1915
f 1915 2582 1911
f 2582 2583 1911
f 1911 2583 1901
f 2583 2584 1901
f 1901 2584 1897
f 2584 2576 1897
f 2576 2577 1893
f 1897 2576 1893
f 2577 2578 1886
f 1893 2577 1886
f 2578 2570 1883
f 1886 2578 1883
f 2570 2571 1880
f 1883 2570 1880
f 2571 2572 1876
f 1880 2571 1876
f 2572 2573 1867
f 1876 2572 1867
f 2573 2565 1863
f 1867 2573 1863
f 2565 2562 1860
f 1863 2565 1860
f 2562 2563 1856
f 1860 2562 1856
f 2563 2556 1852
f 1856 2563 1852
f 2556 2557 1846
f 1852 2556 1846
f 2557 2558 1843
f 1846 2557 1843
f 2558 2559 1839
f 1843 2558 1839
f 2559 2548 1836
f 1839 2559 1836
f 2548 2549 1832
f 1836 2548 1832
f 2549 2550 1829
f 1832 2549 1829
f 2550 2543 1825
f 1829 2550 1825
f 2543 2544 1816
f 1825 2543 1816
f 2544 2545 1812
f 1816 2544 1812
f 2545 2537 1808
f 1812 2545 1808
f 2537 2538 1805
f 1808 2537 1805
f 2538 2532 1801
f 1805 2538 1801
f 2532 2533 1797
f 1801 2532 1797
f 2533 2534 1794
f 1797 2533 1794
f 2534 2536 1799
f 1794 2534 1799
f 2536 2535 1803
f 1799 2536 1803
f 1803 2535 1806
f 2535 2540 1806
f 1806 2540 1810
f 2540 2539 1810
f 1810 2539 1814
f 2539 2542 1814
f 1814 2542 1824
f 2542 2541 1824
f 2541 2547 1827
f 1824 2541 1827
f 2547 2546 1831
f 1827 2547 1831
f 2546 2552 1834
f 1831 2546 1834
f 2552 2553 1838
f 1834 2552 1838
f 2553 2551 1841
f 1838 2553 1841
f 2551 2555 1844
f 1841 2551 1844
f 2555 2554 1848
f 1844 2555 1848
f 2554 2561 1854
f 1848 2554 1854
f 2561 2560 1858
f 1854 2561 1858
f 2560 2564 1862
f 1858 2560 1862
f 2564 2566 1865
f 1862 2564 1865
f 2566 2568 1875
f 1865 2566 1875
f 2568 2569 1878
f 1875 2568 1878
f 2569 2567 1881
f 1878 2569 1881
f 2567 2575 1885
f 1881 2567 1885
f 2575 2574 1892
f 1885 2575 1892
f 2574 2580 1895
f 1892 2574 1895
f 2580 2581 1899
f 1895 2580 1899
f 2581 2579 1903
f 1899 2581 1903
f 2579 2586 1913
f 1903 2579 1913
f 1913 2586 1916
f 2586 2585 1916
f 1916 2585 1991
f 2585 2590 1991
f 1991 2590 1992
f 2590 2589 1992
f 1992 2589 1999
f 2589 2592 1999
f 1999 2592 2000
f 2592 2591 2000
f 2000 2591 2007
f 2591 2593 2007
f 2007 2593 2008
f 2593 2600 2008
f 2008 2600 2014
f 2600 2599 2014
f 2014 2599 2015
f 2599 2601 2015
f 2015 2601 2016
f 2601 2605 2016
f 2016 2605 2021
f 2605 2604 2021
f 2021 2604 2022
f 2604 2608 2022
f 2022 2608 2023
f 2608 2610 2023
f 2610 2609 2024
f 2023 2610 2024
f 2609 2616 2025
f 2024 2609 2025
f 2616 2615 2026
f 2025 2616 2026
f 2615 2617 2027
f 2026 2615 2027
f 2617 2622 2018
f 2027 2617 2018
f 2622 2623 2017
f 2018 2622 2017
f 2623 2621 2019
f 2017 2623 2019
f 2621 2626 2020
f 2019 2621 2020
f 2753 2752 1620
f 1614 2753 1620
f 2752 2756 1624
f 1620 2752 1624
f 2756 2760 1627
f 1624 2756 1627
f 2760 2761 1631
f 1627 2760 1631
f 2761 2759 1632
f 1631 2761 1632
f 2759 2765 1641
f 1632 2759 1641
f 2765 2764 1644
f 1641 2765 1644
f 2764 2766 1648
f 1644 2764 1648
f 2766 2772 1654
f 1648 2766 1654
f 2772 2771 1658
f 1654 2772 1658
f 2771 2776 1662
f 1658 2771 1662
f 2776 2777 1756
f 1662 2776 1756
f 2777 2775 1757
f 1756 2777 1757
f 2775 2778 1729
f 1757 2775 1729
f 2778 2783 1728
f 1729 2778 1728
f 2783 2782 1730
f 1728 2783 1730
f 2782 2779 1731
f 1730 2782 1731
f 2779 2780 1665
f 1731 2779 1665
f 1665 2780 1664
f 2780 2781 1664
f 1664 2781 1666
f 2781 2773 1666
f 1666 2773 1667
f 2773 2774 1667
f 1667 2774 1634
f 2774 2767 1634
f 2767 2768 1633
f 1634 2767 1633
f 2768 2769 1635
f 1633 2768 1635
f 2769 2770 1636
f 1635 2769 1636
f 2770 2762 1637
f 1636 2770 1637
f 2762 2763 1596
f 1637 2762 1596
f 2763 2757 1595
f 1596 2763 1595
f 2757 2758 1597
f 1595 2757 1597
f 2758 2754 1598
f 1597 2758 1598
f 2754 2755 1599
f 1598 2754 1599
f 2755 2750 1600
f 1599 2755 1600
f 2750 2751 1552
f 1600 2750 1552
f 2751 2746 1551
f 1552 2751 1551
f 2746 2744 1553
f 1551 2746 1553
f 2744 2745 1554
f 1553 2744 1554
f 2745 2736 1555
f 1554 2745 1555
f 2736 2737 1556
f 1555 2736 1556
f 2737 2738 1501
f 1556 2737 1501
f 2738 2739 1500
f 1501 2738 1500
f 2739 2740 1502
f 1500 2739 1502
f 2740 2741 1503
f 1502 2740 1503
f 1503 2741 1504
f 2741 2725 1504
f 1504 2725 1505
f 2725 2726 1505
f 1505 2726 1489
f 2726 2727 1489
f 1489 2727 1486
f 2727 2720 1486
f 1486 2720 1482
f 2720 2721 1482
f 1482 2721 1481
f 2721 2722 1481
f 1481 2722 1483
f 2722 2712 1483
f 1483 2712 1484
f 2712 2713 1484
f 1484 2713 1475
f 2713 2714 1475
f 1475 2714 1469
f 2714 2711 1469
f 1469 2711 1467
f 2711 2708 1467
f 1467 2708 1464
f 2708 2709 1464
f 1464 2709 1459
f 2709 2702 1459
f 2702 2698 1457
f 1459 2702 1457
f 2698 2699 1453
f 1457 2698 1453
f 2699 2700 1449
f 1453 2699 1449
f 2700 2701 1446
f 1449 2700 1446
f 2701 2690 1441
f 1446 2701 1441
f 2690 2691 1437
f 1441 2690 1437
f 2691 2692 1432
f 1437 2691 1432
f 2692 2703 1428
f 1432 2692 1428
f 2703 2704 1426
f 1428 2703 1426
f 2704 2682 1420
f 1426 2704 1420
f 2682 2683 1417
f 1420 2682 1417
f 2683 2684 1413
f 1417 2683 1413
f 2684 2685 1410
f 1413 2684 1410
f 2685 2674 1406
f 1410 2685 1406
f 2674 2675 1402
f 1406 2674 1402
f 2675 2676 1398
f 1402 2675 1398
f 2676 2669 1395
f 1398 2676 1395
f 2669 2670 1391
f 1395 2669 1391
f 2670 2671 1388
f 1391 2670 1388
f 2671 2663 1384
f 1388 2671 1384
f 2663 2664 1382
f 1384 2663 1382
f 2664 2658 1380
f 1382 2664 1380
f 2658 2659 1378
f 1380 2658 1378
f 2659 2660 1377
f 1378 2659 1377
f 2660 2662 1379
f 1377 2660 1379
f 2662 2661 1381
f 1379 2662 1381
f 1381 2661 1383
f 2661 2666 1383
f 1383 2666 1386
f 2666 2665 1386
f 1386 2665 1389
f 2665 2668 1389
f 1389 2668 1392
f 2668 2667 1392
f 2667 2673 1396
f 1392 2667 1396
f 2673 2672 1401
f 1396 2673 1401
f 2672 2678 1403
f 1401 2672 1403
f 2678 2679 1407
f 1403 2678 1407
f 2679 2680 1411
f 1407 2679 1411
f 2680 2681 1415
f 1411 2680 1415
f 2681 2677 1419
f 1415 2681 1419
f 2677 2687 1422
f 1419 2677 1422
f 2687 2686 1427
f 1422 2687 1427
f 2686 2689 1429
f 1427 2686 1429
f 2689 2688 1434
f 1429 2689 1434
f 2688 2694 1440
f 1434 2688 1440
f 2694 2695 1443
f 1440 2694 1443
f 2695 2693 1447
f 1443 2695 1447
f 2693 2697 1452
f 1447 2693 1452
f 2697 2696 1454
f 1452 2697 1454
f 2696 2706 1458
f 1454 2696 1458
f 2706 2707 1462
f 1458 2706 1462
f 2707 2705 1525
f 1462 2707 1525
f 2705 2710 1529
f 1525 2705 1529
f 1529 2710 1532
f 2710 2716 1532
f 1532 2716 1536
f 2716 2717 1536
f 1536 2717 1540
f 2717 2718 1540
f 1540 2718 1543
f 2718 2719 1543
f 1543 2719 1547
f 2719 2715 1547
f 1547 2715 1550
f 2715 2724 1550
f 1550 2724 1560
f 2724 2723 1560
f 1560 2723 1563
f 2723 2729 1563
f 1563 2729 1564
f 2729 2730 1564
f 1564 2730 1568
f 2730 2728 1568
f 1568 2728 1571
f 2728 2731 1571
f 1571 2731 1575
f 2731 2732 1575
f 1575 2732 1582
f 2732 2734 1582
f 2734 2735 1585
f 1582 2734 1585
f 2735 2733 1589
f 1585 2735 1589
f 2733 2742 1592
f 1589 2733 1592
f 2742 2743 1602
f 1592 2742 1602
f 2743 2748 1603
f 1602 2743 1603
f 2748 2747 1606
f 1603 2748 1606
f 2747 2749 1610
f 1606 2747 1610
f 2749 2753 1614
f 1610 2749 1614
f 1492 1488 2784
f 1488 1480 2784
f 1480 1478 2784
f 1478 1474 2784
f 1474 1466 2784
f 1466 1461 2784
f 1461 1451 2784
f 1451 1439 2784
f 1439 1425 2784
f 1425 1409 2784
f 1409 1400 2784
f 1400 1374 2784
f 1374 1367 2784
f 1367 1360 2784
f 1360 1355 2784
f 1355 1348 2784
f 1348 1341 2785
f 2784 1348 2785
f 1341 1337 2785
f 1337 1329 2785
f 1329 1319 2785
f 1319 1315 2785
f 1315 1272 2785
f 1272 1267 2785
f 1267 1256 2785
f 1256 1251 2785
f 1251 1246 2785
f 1246 1240 2785
f 1240 1230 2785
f 1230 1224 2785
f 1224 1217 2785
f 1217 1210 2785
f 1210 1204 2785
f 2785 1204 2786
f 1204 1197 2786
f 1197 1189 2786
f 1189 1182 2786
f 1182 1176 2786
f 1176 1168 2786
f 1168 1160 2786
f 1160 1149 2786
f 1149 1140 2786
f 1140 1129 2786
f 1129 1121 2786
f 1121 1114 2786
f 1114 1106 2786
f 1106 1100 2786
f 1100 1093 2786
f 1093 1087 2786
f 1087 1091 2786
f 2786 1091 2787
f 1091 1096 2787
f 1096 1103 2787
f 1103 1110 2787
f 1110 1118 2787
f 1118 1125 2787
f 1125 1132 2787
f 1132 1145 2787
f 1145 1156 2787
f 1156 1165 2787
f 1165 1172 2787
f 1172 1178 2787
f 1178 1186 2787
f 1186 1193 2787
f 1193 1200 2787
f 1200 1206 2787
f 1206 1214 2787
f 1214 1220 2795
f 2787 1214 2795
f 1220 1227 2795
f 1227 1233 2795
f 1233 1243 2795
f 1243 1249 2795
f 1249 1253 2795
f 1253 1259 2795
f 1259 1270 2795
f 1270 1273 2795
f 1273 1404 2795
f 1404 1412 2795
f 1412 1416 2795
f 1416 1423 2795
f 1423 1430 2795
f 1430 1435 2795
f 1435 1444 2795
f 2795 1444 2788
f 1444 1448 2788
f 1448 1455 2788
f 1455 1463 2788
f 1463 1516 2788
f 1516 1511 2788
f 1511 1512 2788
f 1512 1518 2788
f 1518 1521 2788
f 1521 1527 2788
f 1527 1534 2788
f 1534 1538 2788
f 1538 1545 2788
f 1545 1558 2788
f 1558 1566 2788
f 1566 1573 2788
f 1573 1577 2788
f 2788 1577 2789
f 1577 1587 2789
f 1587 1594 2789
f 1594 1608 2789
f 1608 1612 2789
f 1612 1622 2789
f 1622 1629 2789
f 1629 1639 2789
f 1639 1646 2789
f 1646 1656 2789
f 1656 1660 2789
f 1660 1828 2789
f 1828 1835 2789
f 1835 1842 2789
f 1842 1845 2789
f 1845 1855 2789
f 1855 1859 2789
f 2789 1859 2790
f 1859 1866 2790
f 1866 1879 2790
f 1879 1882 2790
f 1882 1771 2790
f 1771 1769 2790
f 1769 1762 2790
f 1762 1759 2790
f 1759 1755 2790
f 1755 1751 2790
f 1751 1748 2790
f 1748 1743 2790
f 1743 1738 2790
f 1738 1494 2790
f 1494 1492 2790
f 2790 1492 2784
f 2791 2789 2790
f 2791 2792 2789
f 2793 2791 2790
f 2789 2792 2788
f 2793 2790 2784
f 2793 2784 2794
f 2784 2785 2794
f 2785 2786 2796
f 2786 2787 2797
f 2797 2795 474
f 474 2795 473
f 473 2795 472
f 472 2795 471
f 471 2795 470
f 470 2795 469
f 469 2795 468
f 468 2795 467
f 467 2795 463
f 463 2795 462
f 462 2795 461
f 461 2795 460
f 460 2795 459
f 459 2795 456
f 456 2795 444
f 444 2795 364
f 2795 2788 364
f 2788 2792 364
f 2792 2791 364
f 364 2791 363
f 363 2791 355
f 355 2791 348
f 348 2791 352
f 352 2791 359
f 359 2791 365
f 365 2791 369
f 369 2791 371
f 371 2791 374
f 374 2791 381
f 381 2791 389
f 389 2791 395
f 395 2791 398
f 398 2791 401
f 2791 2793 2794
f 401 2791 2794
f 2794 2785 465
f 465 2785 500
f 500 2785 503
f 503 2785 507
f 507 2785 511
f 511 2785 516
f 516 2785 519
f 519 2785 526
f 2785 2796 526
f 526 2796 529
f 529 2796 533
f 533 2796 537
f 537 2796 541
f 541 2796 544
f 544 2796 2797
f 2796 2786 2797
f 2787 2795 2797
f 1347 1351 2798
f 2799 1347 2798
f 1351 1354 2800
f 2798 1351 2800
f 1354 1359 2801
f 2800 1354 2801
f 1359 1363 2802
f 2801 1359 2802
f 1363 1366 2803
f 2802 1363 2803
f 1366 1370 2804
f 2803 1366 2804
f 1370 1373 2805
f 2804 1370 2805
f 1373 1385 2806
f 2805 1373 2806
f 1385 1399 2807
f 2806 1385 2807
f 1399 1408 2808
f 2807 1399 2808
f 1408 1418 2809
f 2808 1408 2809
f 1418 1424 2810
f 2809 1418 2810
f 1424 1431 2811
f 2810 1424 2811
f 1431 1438 2812
f 2811 1431 2812
f 1438 1445 2813
f 2812 1438 2813
f 1445 1450 2814
f 2813 1445 2814
f 1450 1456 2815
f 2814 1450 2815
f 2815 1456 2816
f 1456 1460 2816
f 1460 1465 2817
f 2816 1460 2817
f 2817 1465 2818
f 1465 1468 2818
f 1468 1473 2819
f 2818 1468 2819
f 1473 1476 2820
f 2819 1473 2820
f 1476 1477 2821
f 2820 1476 2821
f 1479 1485 2822
f 1477 1479 2822
f 2821 1477 2822
f 1485 1487 2823
f 2822 1485 2823
f 1487 1490 2824
f 2823 1487 2824
f 2824 1490 2825
f 1490 1491 2825
f 2825 1491 2826
f 1491 1493 2826
f 2826 1493 2827
f 1493 1498 2827
f 2827 1498 2828
f 1498 1499 2828
f 2828 1499 2829
f 1499 1733 2829
f 2829 1733 2830
f 1733 1726 2830
f 2830 1726 2831
f 1726 1722 2831
f 2831 1722 2832
f 1722 1718 2832
f 2832 1718 2833
f 1718 1714 2833
f 2833 1714 2834
f 1714 1710 2834
f 2834 1710 2835
f 1710 1706 2835
f 2835 1706 2836
f 1706 1703 2836
f 1703 1696 2837
f 2836 1703 2837
f 1696 1692 2838
f 2837 1696 2838
f 1692 1688 2839
f 2838 1692 2839
f 1688 1684 2840
f 2839 1688 2840
f 1684 1680 2841
f 2840 1684 2841
f 2841 1680 2842
f 1680 1676 2842
f 2842 1676 2843
f 1676 1673 2843
f 2843 1673 2844
f 1673 1670 2844
f 2844 1670 2845
f 1670 1671 2845
f 2845 1671 2846
f 1671 1678 2846
f 2846 1678 2847
f 1678 1682 2847
f 2847 1682 2848
f 1682 1686 2848
f 2848 1686 2849
f 1686 1690 2849
f 2849 1690 2850
f 1690 1694 2850
f 2850 1694 2851
f 1694 1698 2851
f 2851 1698 2852
f 1698 1701 2852
f 2852 1701 2853
f 1701 1708 2853
f 2853 1708 2854
f 1708 1712 2854
f 2854 1712 2855
f 1712 1716 2855
f 2855 1716 2856
f 1716 1720 2856
f 1720 1724 2857
f 2856 1720 2857
f 1724 1652 2858
f 2857 1724 2858
f 2858 1652 2859
f 1652 1651 2859
f 1651 1650 2860
f 2859 1651 2860
f 2860 1650 2861
f 342 2845 2846
f 2845 342 2844
f 342 2846 2847
f 2844 342 2843
f 342 2847 2848
f 2862 342 2848
f 2843 342 2842
f 2862 2848 2849
f 2842 342 2841
f 2862 2849 2850
f 2841 342 2840
f 342 346 2840
f 2862 2850 2851
f 2840 346 2839
f 2862 2851 2852
f 2839 346 2838
f 2862 2852 2853
f 2838 346 2837
f 2862 2853 2854
f 2837 346 2836
f 2862 2854 2855
f 2836 346 2835
f 344 2862 2856
f 2862 2855 2856
f 2835 346 2834
f 344 2856 2857
f 2834 346 2833
f 344 2857 2858
f 2833 346 2832
f 346 2863 2832
f 344 2858 2859
f 2832 2863 2831
f 344 2859 2860
f 2831 2863 2830
f 344 2860 2861
f 2830 2863 2829
f 344 2861 2864
f 2829 2863 2828
f 344 2864 2865
f 2828 2863 2827
f 344 2865 2866
f 2873 344 2866
f 2827 2863 2826
f 2873 2866 2867
f 2826 2863 2825
f 2873 2867 2868
f 2825 2863 2824
f 2863 404 2824
f 2873 2868 2869
f 2824 404 2823
f 2873 2869 2870
f 2823 404 2822
f 2873 2870 2871
f 2822 404 2821
f 2873 2871 2872
f 2821 404 2820
f 2873 2872 2874
f 2820 404 2819
f 2873 2874 2875
f 2884 2873 2875
f 2819 404 2818
f 2884 2875 2876
f 2818 404 2817
f 2884 2876 2877
f 404 2878 2816
f 2817 404 2816
f 2884 2877 2879
f 2816 2878 2815
f 2884 2879 2880
f 2815 2878 2814
f 2880 2881 2884
f 2814 2878 2813
f 2813 2878 2812
f 2881 2882 2884
f 2812 2878 2811
f 2882 2883 2884
f 2810 2811 2878
f 2883 2885 2884
f 2809 2810 2878
f 2885 2886 403
f 2884 2885 403
f 2808 2809 2878
f 2886 2887 403
f 2807 2808 2888
f 2808 2878 2888
f 2887 2889 403
f 2806 2807 2888
f 2889 2890 403
f 2805 2806 2888
f 2890 2891 403
f 2804 2805 2888
f 2891 2892 403
f 2803 2804 2888
f 2892 2893 403
f 2802 2803 2888
f 2893 2894 403
f 2801 2802 2888
f 403 2894 464
f 2894 2895 464
f 2800 2801 2888
f 2895 2896 464
f 2800 2888 448
f 2798 2800 448
f 2896 2897 464
f 2799 2798 448
f 2897 2898 464
f 2899 2799 448
f 2898 2900 464
f 2901 2899 448
f 2900 2902 464
f 2903 2901 448
f 2902 2904 464
f 2905 2903 448
f 2904 2906 464
f 2907 2905 448
f 2906 2908 2913
f 464 2906 2913
f 2909 2907 448
f 2908 2910 2913
f 2909 448 2911
f 2912 2909 2911
f 2910 2914 2913
f 2915 2912 2911
f 2913 2914 2916
f 2917 2915 2911
f 2916 2918 2932
f 2919 2917 2911
f 2918 2920 2932
f 2921 2919 2911
f 2920 2922 2932
f 2923 2921 2911
f 2922 2924 2932
f 2925 2923 2911
f 2924 2926 2932
f 2927 2925 2911
f 2926 2928 2932
f 2929 2927 2911
f 2928 2930 2932
f 2931 2929 2911
f 2931 2911 2932
f 2930 2931 2932
f 466 2911 448
f 494 2911 466
f 496 2911 494
f 513 2911 496
f 2932 2911 513
f 486 2932 489
f 483 2932 486
f 483 2916 2932
f 483 2913 2916
f 477 2913 483
f 475 2913 477
f 481 2913 475
f 464 2913 481
f 344 2884 403
f 344 2873 2884
f 344 342 2862
f 340 342 344
f 337 342 340
f 378 2863 346
f 385 2863 378
f 392 2863 385
f 404 2863 392
f 404 2888 2878
f 448 2888 404
f 1650 1618 2861
f 1618 1617 2864
f 2861 1618 2864
f 1617 1616 2865
f 2864 1617 2865
f 1616 1580 2866
f 2865 1616 2866
f 1580 1579 2867
f 2866 1580 2867
f 1579 1578 2868
f 2867 1579 2868
f 1578 1509 2869
f 2868 1578 2869
f 1509 1508 2870
f 2869 1509 2870
f 1508 1507 2871
f 2870 1508 2871
f 1507 1506 2872
f 2871 1507 2872
f 1506 1497 2874
f 2872 1506 2874
f 1497 1496 2875
f 2874 1497 2875
f 1496 1495 2876
f 2875 1496 2876
f 1495 1472 2877
f 2876 1495 2877
f 1472 1471 2879
f 2877 1472 2879
f 1471 1470 2880
f 2879 1471 2880
f 1470 1442 2881
f 2880 1470 2881
f 2881 1442 2882
f 1442 1436 2882
f 2882 1436 2883
f 1436 1433 2883
f 2883 1433 2885
f 1433 1421 2885
f 1421 1414 2886
f 2885 1421 2886
f 1414 1405 2887
f 2886 1414 2887
f 1405 1394 2889
f 2887 1405 2889
f 1394 1375 2890
f 2889 1394 2890
f 1375 1371 2891
f 2890 1375 2891
f 1371 1368 2892
f 2891 1371 2892
f 1368 1364 2893
f 2892 1368 2893
f 1364 1361 2894
f 2893 1364 2894
f 2894 1361 2895
f 1361 1356 2895
f 2895 1356 2896
f 1356 1352 2896
f 2896 1352 2897
f 1352 1349 2897
f 2897 1349 2898
f 1349 1345 2898
f 2898 1345 2900
f 1345 1342 2900
f 2900 1342 2902
f 1342 1338 2902
f 2902 1338 2904
f 1338 1334 2904
f 2904 1334 2906
f 1334 1330 2906
f 2906 1330 2908
f 1330 1323 2908
f 2908 1323 2910
f 1323 1320 2910
f 2910 1320 2914
f 1320 1316 2914
f 2914 1316 2916
f 1316 1312 2918
f 2916 1316 2918
f 1312 1309 2920
f 2918 1312 2920
f 1309 1306 2922
f 2920 1309 2922
f 2922 1306 2924
f 1306 1302 2924
f 2924 1302 2926
f 1302 1297 2926
f 2926 1297 2928
f 1297 1293 2928
f 2928 1293 2930
f 1293 1289 2930
f 2930 1289 2931
f 1289 1284 2931
f 2931 1284 2929
f 1284 1287 2929
f 2929 1287 2927
f 1287 1291 2927
f 2927 1291 2925
f 1291 1295 2925
f 2925 1295 2923
f 1295 1300 2923
f 2923 1300 2921
f 1300 1304 2921
f 2921 1304 2919
f 1304 1308 2919
f 2919 1308 2917
f 1308 1311 2917
f 2917 1311 2915
f 1311 1314 2915
f 2915 1314 2912
f 1314 1318 2912
f 2912 1318 2909
f 1318 1322 2909
f 2909 1322 2907
f 1322 1328 2907
f 2907 1328 2905
f 1328 1333 2905
f 1333 1336 2903
f 2905 1333 2903
f 1336 1340 2901
f 2903 1336 2901
f 1340 1344 2899
f 2901 1340 2899
f 1344 1347 2799
f 2899 1344 2799
f 898 905 2933
f 2934 898 2933
f 905 912 2935
f 2933 905 2935
f 912 929 2936
f 2935 912 2936
f 929 932 2937
f 2936 929 2937
f 932 937 2938
f 2937 932 2938
f 937 942 2939
f 2938 937 2939
f 942 947 2940
f 2939 942 2940
f 947 950 2941
f 2940 947 2941
f 950 959 2942
f 2941 950 2942
f 959 964 2943
f 2942 959 2943
f 964 967 2944
f 2943 964 2944
f 967 972 2945
f 2944 967 2945
f 972 978 2946
f 2945 972 2946
f 978 983 2947
f 2946 978 2947
f 983 989 2948
f 2947 983 2948
f 989 995 2949
f 2948 989 2949
f 995 1000 2950
f 2949 995 2950
f 2950 1000 2951
f 1000 1005 2951
f 1005 1011 2952
f 2951 1005 2952
f 2952 1011 2953
f 1011 1016 2953
f 1016 1021 2954
f 2953 1016 2954
f 1021 1026 2955
f 2954 1021 2955
f 1026 1030 2956
f 2955 1026 2956
f 1033 1037 2957
f 1030 1033 2957
f 2956 1030 2957
f 1037 1040 2958
f 2957 1037 2958
f 1040 1043 2959
f 2958 1040 2959
f 2959 1043 2960
f 1043 1045 2960
f 2960 1045 2961
f 1045 1047 2961
f 2961 1047 2962
f 1047 1049 2962
f 2962 1049 2963
f 1049 1051 2963
f 2963 1051 2964
f 1051 1053 2964
f 2964 1053 2965
f 1053 1215 2965
f 2965 1215 2966
f 1215 1207 2966
f 2966 1207 2967
f 1207 1202 2967
f 2967 1202 2968
f 1202 1201 2968
f 2968 1201 2969
f 1201 1195 2969
f 2969 1195 2970
f 1195 1194 2970
f 2970 1194 2971
f 1194 1187 2971
f 1187 1180 2972
f 2971 1187 2972
f 1180 1179 2973
f 2972 1180 2973
f 1179 1174 2974
f 2973 1179 2974
f 1174 1173 2975
f 2974 1174 2975
f 1173 1166 2976
f 2975 1173 2976
f 2976 1166 2977
f 1166 1158 2977
f 2977 1158 2978
f 1158 1157 2978
f 2978 1157 2979
f 1157 1147 2979
f 2979 1147 2980
f 1147 1146 2980
f 2980 1146 2981
f 1146 1134 2981
f 2981 1134 2982
f 1134 1133 2982
f 2982 1133 2983
f 1133 1127 2983
f 2983 1127 2984
f 1127 1126 2984
f 2984 1126 2985
f 1126 1119 2985
f 2985 1119 2986
f 1119 1112 2986
f 2986 1112 2987
f 1112 1111 2987
f 2987 1111 2988
f 1111 1105 2988
f 2988 1105 2989
f 1105 1104 2989
f 2989 1104 2990
f 1104 1098 2990
f 2990 1098 2991
f 1098 1097 2991
f 1097 1092 2992
f 2991 1097 2992
f 1092 1090 2993
f 2992 1092 2993
f 2993 1090 2994
f 1090 1088 2994
f 1088 1089 2995
f 2994 1088 2995
f 2995 1089 2996
f 2997 2980 2981
f 2980 2997 2979
f 2997 2981 2982
f 2979 2997 2978
f 2997 2982 2983
f 2797 2997 2983
f 2978 2997 2977
f 2797 2983 2984
f 2977 2997 2976
f 2797 2984 2985
f 2976 2997 2975
f 2997 521 2975
f 2797 2985 2986
f 2975 521 2974
f 2797 2986 2987
f 2974 521 2973
f 2797 2987 2988
f 2973 521 2972
f 2797 2988 2989
f 2972 521 2971
f 2797 2989 2990
f 2971 521 2970
f 525 2797 2991
f 2797 2990 2991
f 2970 521 2969
f 525 2991 2992
f 2969 521 2968
f 525 2992 2993
f 521 546 2967
f 2968 521 2967
f 525 2993 2994
f 2967 546 2966
f 525 2994 2995
f 2966 546 2965
f 525 2995 2996
f 2965 546 2964
f 525 2996 2998
f 2964 546 2963
f 525 2998 2999
f 2963 546 2962
f 525 2999 3000
f 3009 525 3000
f 2962 546 2961
f 3009 3000 3001
f 2961 546 2960
f 3009 3001 3002
f 2960 546 2959
f 546 3003 2959
f 3009 3002 3004
f 2959 3003 2958
f 3009 3004 3005
f 2958 3003 2957
f 3009 3005 3006
f 2957 3003 2956
f 3009 3006 3007
f 2956 3003 2955
f 3009 3007 3008
f 2955 3003 2954
f 555 3009 3010
f 3009 3008 3010
f 2954 3003 2953
f 555 3010 3011
f 2953 3003 2952
f 555 3011 3012
f 3003 3013 2951
f 2952 3003 2951
f 555 3012 3014
f 2951 3013 2950
f 555 3014 3015
f 2950 3013 2949
f 3015 3016 555
f 2949 3013 2948
f 2948 3013 2947
f 3016 3017 555
f 2947 3013 2946
f 3017 3018 555
f 2945 2946 3013
f 3018 3019 555
f 2944 2945 3013
f 3019 3020 565
f 555 3019 565
f 2943 2944 3013
f 3020 3021 565
f 2943 3013 591
f 2942 2943 591
f 3021 3022 565
f 2941 2942 591
f 3022 3023 565
f 2940 2941 591
f 3023 3024 565
f 2939 2940 591
f 3024 3025 565
f 2938 2939 591
f 3025 3026 565
f 2937 2938 591
f 3026 3027 565
f 2936 2937 591
f 565 3027 580
f 3027 3028 580
f 2935 2936 591
f 3028 3029 580
f 2933 2935 610
f 2935 591 610
f 3029 3030 580
f 2934 2933 610
f 3030 3031 580
f 3032 2934 610
f 3031 3033 580
f 3034 3032 610
f 3033 3035 580
f 3036 3034 610
f 3035 3037 580
f 3038 3036 610
f 3037 3039 580
f 3040 3038 610
f 3039 3041 3061
f 580 3039 3061
f 3042 3040 610
f 3041 3043 3061
f 3042 610 3044
f 3045 3042 3044
f 3043 3046 3061
f 3047 3045 3044
f 3046 3048 3061
f 3049 3047 3044
f 3048 3050 3061
f 3051 3049 3044
f 3050 3052 3061
f 3053 3051 3044
f 3052 3054 3061
f 3055 3053 3044
f 3054 3056 3061
f 3057 3055 3044
f 3056 3058 3061
f 3059 3057 3044
f 3058 3060 3061
f 3059 3044 3061
f 3062 3059 3061
f 3060 3063 3061
f 3064 3062 3061
f 3063 3064 3061
f 651 3044 610
f 651 3061 3044
f 580 3061 651
f 577 565 580
f 574 565 577
f 571 565 574
f 568 565 571
f 552 3009 555
f 550 3009 552
f 547 3009 550
f 525 3009 547
f 2797 521 2997
f 522 546 521
f 523 546 522
f 524 546 523
f 556 3003 554
f 556 3013 3003
f 558 3013 556
f 559 3013 558
f 560 3013 559
f 591 3013 560
f 1089 1094 2996
f 1094 1095 2998
f 2996 1094 2998
f 1095 1101 2999
f 2998 1095 2999
f 1101 1107 3000
f 2999 1101 3000
f 1107 1108 3001
f 3000 1107 3001
f 1108 1115 3002
f 3001 1108 3002
f 1115 1116 3004
f 3002 1115 3004
f 1116 1122 3005
f 3004 1116 3005
f 1122 1130 3006
f 3005 1122 3006
f 1130 1024 3007
f 3006 1130 3007
f 1024 1018 3008
f 3007 1024 3008
f 1018 1013 3010
f 3008 1018 3010
f 1013 1007 3011
f 3010 1013 3011
f 1007 1002 3012
f 3011 1007 3012
f 1002 996 3014
f 3012 1002 3014
f 996 991 3015
f 3014 996 3015
f 991 985 3016
f 3015 991 3016
f 3016 985 3017
f 985 980 3017
f 3017 980 3018
f 980 973 3018
f 3018 973 3019
f 973 968 3019
f 968 961 3020
f 3019 968 3020
f 961 955 3021
f 3020 961 3021
f 955 951 3022
f 3021 955 3022
f 951 944 3023
f 3022 951 3023
f 944 938 3024
f 3023 944 3024
f 938 933 3025
f 3024 938 3025
f 933 925 3026
f 3025 933 3026
f 925 920 3027
f 3026 925 3027
f 3027 920 3028
f 920 914 3028
f 3028 914 3029
f 914 908 3029
f 3029 908 3030
f 908 901 3030
f 3030 901 3031
f 901 893 3031
f 3031 893 3033
f 893 883 3033
f 3033 883 3035
f 883 873 3035
f 3035 873 3037
f 873 870 3037
f 3037 870 3039
f 870 867 3039
f 3039 867 3041
f 867 864 3041
f 3041 864 3043
f 864 861 3043
f 3043 861 3046
f 861 858 3046
f 3046 858 3048
f 858 855 3050
f 3048 858 3050
f 855 853 3052
f 3050 855 3052
f 853 851 3054
f 3052 853 3054
f 3054 851 3056
f 851 849 3056
f 3056 849 3058
f 849 846 3058
f 3058 846 3060
f 846 844 3060
f 3060 844 3063
f 844 842 3063
f 3063 842 3064
f 842 841 3064
f 3064 841 3062
f 841 840 3062
f 3062 840 3059
f 840 843 3059
f 3059 843 3057
f 843 845 3057
f 3057 845 3055
f 845 848 3055
f 3055 848 3053
f 848 850 3053
f 3053 850 3051
f 850 852 3051
f 3051 852 3049
f 852 854 3049
f 3049 854 3047
f 854 857 3047
f 3047 857 3045
f 857 860 3045
f 3045 860 3042
f 860 863 3042
f 3042 863 3040
f 863 866 3040
f 3040 866 3038
f 866 869 3038
f 869 872 3036
f 3038 869 3036
f 872 876 3034
f 3036 872 3034
f 876 889 3032
f 3034 876 3032
f 889 898 2934
f 3032 889 2934
f 1570 1574 3065
f 3066 1570 3065
f 1574 1581 3067
f 3065 1574 3067
f 1581 1584 3068
f 3067 1581 3068
f 1584 1588 3069
f 3068 1584 3069
f 1588 1591 3070
f 3069 1588 3070
f 1591 1601 3071
f 3070 1591 3071
f 1601 1605 3072
f 3071 1601 3072
f 1605 1609 3073
f 3072 1605 3073
f 1609 1613 3074
f 3073 1609 3074
f 1613 1619 3075
f 3074 1613 3075
f 1619 1623 3076
f 3075 1619 3076
f 1623 1626 3077
f 3076 1623 3077
f 1626 1630 3078
f 3077 1626 3078
f 1630 1640 3079
f 3078 1630 3079
f 1640 1643 3080
f 3079 1640 3080
f 1643 1647 3081
f 3080 1643 3081
f 1647 1653 3082
f 3081 1647 3082
f 3082 1653 3083
f 1653 1657 3083
f 1657 1661 3084
f 3083 1657 3084
f 3084 1661 3085
f 1661 1776 3085
f 1776 1774 3086
f 3085 1776 3086
f 1774 1775 3087
f 3086 1774 3087
f 1775 1784 3088
f 3087 1775 3088
f 1784 1782 3089
f 3088 1784 3089
f 1782 1783 3090
f 3089 1782 3090
f 1783 1793 3091
f 3090 1783 3091
f 1793 1791 3092
f 3091 1793 3092
f 3092 1791 3093
f 1791 1792 3093
f 3093 1792 3094
f 1792 1851 3094
f 3094 1851 3095
f 1851 1849 3095
f 3095 1849 3096
f 1849 1850 3096
f 3096 1850 3097
f 1850 1891 3097
f 3097 1891 3098
f 1891 1890 3098
f 3098 1890 3099
f 1890 1888 3099
f 3099 1888 3100
f 1888 1889 3100
f 3100 1889 3101
f 1889 1920 3101
f 3101 1920 3102
f 1920 1918 3102
f 3102 1918 3103
f 1918 1919 3103
f 1919 1929 3104
f 3103 1919 3104
f 1929 1927 3105
f 3104 1929 3105
f 1927 1928 3106
f 3105 1927 3106
f 1928 1936 3107
f 3106 1928 3107
f 3107 1936 3108
f 1936 1935 3108
f 3108 1935 3109
f 1935 1912 3109
f 3109 1912 3110
f 1912 1902 3110
f 3110 1902 3111
f 1902 1898 3111
f 3111 1898 3112
f 1898 1894 3112
f 3112 1894 3113
f 1894 1887 3113
f 3113 1887 3114
f 1887 1884 3114
f 3114 1884 3115
f 1884 1877 3115
f 3115 1877 3116
f 1877 1868 3116
f 3116 1868 3117
f 1868 1864 3117
f 3117 1864 3118
f 1864 1861 3118
f 3118 1861 3119
f 1861 1857 3119
f 3119 1857 3120
f 1857 1853 3120
f 3120 1853 3121
f 1853 1847 3121
f 3121 1847 3122
f 1847 1840 3122
f 3122 1840 3123
f 1840 1837 3123
f 1837 1833 3124
f 3123 1837 3124
f 1833 1830 3125
f 3124 1833 3125
f 1830 1826 3126
f 3125 1830 3126
f 1826 1817 3127
f 3126 1826 3127
f 1817 1813 3128
f 3127 1817 3128
f 302 3112 3113
f 3112 302 3111
f 302 3113 3114
f 3111 302 3110
f 302 3114 3115
f 303 302 3115
f 3110 302 3109
f 303 3115 3116
f 3109 302 3108
f 303 3116 3117
f 302 313 3107
f 3108 302 3107
f 303 3117 3118
f 3107 313 3106
f 303 3118 3119
f 3106 313 3105
f 303 3119 3120
f 3105 313 3104
f 303 3120 3121
f 3104 313 3103
f 303 3121 3122
f 3103 313 3102
f 303 3122 3123
f 3131 303 3123
f 3102 313 3101
f 3131 3123 3124
f 3101 313 3100
f 3131 3124 3125
f 3100 313 3099
f 313 324 3099
f 3131 3125 3126
f 3099 324 3098
f 3131 3126 3127
f 3098 324 3097
f 3131 3127 3128
f 3097 324 3096
f 3131 3128 3129
f 3096 324 3095
f 3131 3129 3130
f 3095 324 3094
f 325 3131 3132
f 3131 3130 3132
f 3094 324 3093
f 325 3132 3133
f 3093 324 3092
f 325 3133 3134
f 3092 324 3091
f 324 335 3091
f 325 3134 3135
f 3091 335 3090
f 325 3135 3136
f 3090 335 3089
f 325 3136 3137
f 3089 335 3088
f 325 3137 3138
f 3088 335 3087
f 325 3138 3139
f 3087 335 3086
f 3148 325 3140
f 325 3139 3140
f 3086 335 3085
f 3148 3140 3141
f 3085 335 3084
f 3148 3141 3142
f 335 345 3083
f 3084 335 3083
f 3148 3142 3143
f 3083 345 3082
f 3148 3143 3144
f 3082 345 3081
f 3144 3145 3148
f 3081 345 3080
f 3080 345 3079
f 3145 3146 3148
f 3079 345 3078
f 3146 3147 3148
f 3077 3078 345
f 3147 3149 3148
f 3076 3077 345
f 3149 3150 3158
f 3148 3149 3158
f 3075 3076 345
f 3150 3151 3158
f 3075 345 3152
f 3074 3075 3152
f 3151 3153 3158
f 3073 3074 3152
f 3153 3154 3158
f 3072 3073 3152
f 3154 3155 3158
f 3071 3072 3152
f 3155 3156 3158
f 3070 3071 3152
f 3156 3157 3158
f 3069 3070 3152
f 3157 3159 3158
f 3068 3069 3152
f 3158 3159 364
f 3159 3160 364
f 3067 3068 3152
f 3160 3161 364
f 3067 3152 420
f 3065 3067 420
f 3161 3162 364
f 3066 3065 420
f 3162 3163 364
f 3164 3066 420
f 3163 3165 364
f 3166 3164 420
f 3165 3167 364
f 3168 3166 420
f 3167 3169 364
f 3170 3168 420
f 3169 3171 364
f 3172 3170 420
f 3171 3173 402
f 364 3171 402
f 3174 3172 420
f 3173 3175 402
f 3174 420 449
f 3176 3174 449
f 3175 3177 402
f 3178 3176 449
f 3177 3179 402
f 3180 3178 449
f 3179 3181 402
f 3182 3180 449
f 3181 3183 402
f 3184 3182 449
f 3183 3185 402
f 3186 3184 449
f 3185 3187 402
f 3188 3186 449
f 3187 3189 402
f 3190 3188 449
f 3189 3191 402
f 3190 449 402
f 3192 3190 402
f 3191 3193 402
f 3194 3192 402
f 3193 3194 402
f 445 449 450
f 402 449 445
f 364 3148 3158
f 364 325 3148
f 333 325 364
f 331 325 333
f 328 325 331
f 323 3131 325
f 319 3131 323
f 316 3131 319
f 314 3131 316
f 310 3131 314
f 307 3131 310
f 307 303 3131
f 304 303 307
f 1813 1809 3129
f 3128 1813 3129
f 1809 1802 3130
f 3129 1809 3130
f 1802 1798 3132
f 3130 1802 3132
f 1798 1795 3133
f 3132 1798 3133
f 1795 1796 3134
f 3133 1795 3134
f 1796 1800 3135
f 3134 1796 3135
f 1800 1804 3136
f 3135 1800 3136
f 1804 1807 3137
f 3136 1804 3137
f 1807 1811 3138
f 3137 1807 3138
f 1811 1815 3139
f 3138 1811 3139
f 1815 1668 3140
f 3139 1815 3140
f 1668 1663 3141
f 3140 1668 3141
f 1663 1659 3142
f 3141 1663 3142
f 1659 1655 3143
f 3142 1659 3143
f 1655 1649 3144
f 3143 1655 3144
f 1649 1645 3145
f 3144 1649 3145
f 1645 1642 3146
f 3145 1645 3146
f 3146 1642 3147
f 1642 1638 3147
f 1638 1628 3149
f 3147 1638 3149
f 1628 1625 3150
f 3149 1628 3150
f 1625 1621 3151
f 3150 1625 3151
f 1621 1615 3153
f 3151 1621 3153
f 1615 1611 3154
f 3153 1615 3154
f 1611 1607 3155
f 3154 1611 3155
f 1607 1604 3156
f 3155 1607 3156
f 1604 1593 3157
f 3156 1604 3157
f 1593 1590 3159
f 3157 1593 3159
f 1590 1586 3160
f 3159 1590 3160
f 3160 1586 3161
f 1586 1583 3161
f 3161 1583 3162
f 1583 1576 3162
f 3162 1576 3163
f 1576 1572 3163
f 3163 1572 3165
f 1572 1569 3165
f 3165 1569 3167
f 1569 1565 3167
f 3167 1565 3169
f 1565 1561 3169
f 3169 1561 3171
f 1561 1557 3171
f 3171 1557 3173
f 1557 1548 3173
f 3173 1548 3175
f 1548 1544 3175
f 3175 1544 3177
f 1544 1541 3177
f 1541 1537 3179
f 3177 1541 3179
f 1537 1533 3181
f 3179 1537 3181
f 1533 1530 3183
f 3181 1533 3183
f 1530 1526 3185
f 3183 1530 3185
f 3185 1526 3187
f 1526 1523 3187
f 3187 1523 3189
f 1523 1520 3189
f 3189 1520 3191
f 1520 1517 3191
f 3191 1517 3193
f 1517 1514 3193
f 3193 1514 3194
f 1514 1510 3194
f 3194 1510 3192
f 1510 1513 3192
f 3192 1513 3190
f 1513 1515 3190
f 3190 1515 3188
f 1515 1519 3188
f 3188 1519 3186
f 1519 1522 3186
f 3186 1522 3184
f 1522 1524 3184
f 3184 1524 3182
f 1524 1528 3182
f 3182 1528 3180
f 1528 1531 3180
f 3180 1531 3178
f 1531 1535 3178
f 3178 1535 3176
f 1535 1539 3176
f 3176 1539 3174
f 1539 1542 3174
f 3174 1542 3172
f 1542 1546 3172
f 3172 1546 3170
f 1546 1549 3170
f 1549 1559 3168
f 3170 1549 3168
f 1559 1562 3166
f 3168 1559 3166
f 1562 1567 3164
f 3166 1562 3164
f 1567 1570 3066
f 3164 1567 3066
f 3196 3197 490
f 484 3198 632
f 484 3199 3198
f 480 3199 484
f 480 3200 3199
f 478 3200 480
f 478 3201 3200
f 476 3202 3201
f 476 3201 478
f 479 3202 476
f 479 3203 3202
f 482 3204 3203
f 482 3203 479
f 485 3205 3204
f 485 3204 482
f 487 3206 3205
f 487 3205 485
f 488 3207 3206
f 488 3206 487
f 490 3197 3207
f 490 3207 488
f 632 3198 3197
f 3198 3199 3197
f 3199 3200 3197
f 3200 3201 3197
f 3201 3202 3197
f 3202 3203 3197
f 3203 3204 3197
f 3204 3205 3197
f 3205 3206 3197
f 3206 3207 3197
f 3208 3210 3209
f 3209 3210 3211
f 3210 3212 3211
f 3209 3211 3213
f 3195 3214 3213
f 3214 3209 3213
f 3195 3213 3215
f 3195 3215 3216
f 3215 3217 3216
f 3217 3218 3216
f 3195 3216 3219
f 3216 3220 3219
f 3195 3219 3221
f 3221 3223 3222
f 3223 3224 3222
f 3195 3221 3222
f 3222 3226 3225
f 3196 3195 3227
f 3225 3228 3227
f 3195 3222 3227
f 3222 3225 3227
f 3196 3227 3229
f 3197 3196 632
f 3229 3231 3230
f 3231 3232 3230
f 3232 3233 3230
f 3233 3234 3230
f 3234 3235 3230
f 3235 3236 3230
f 3236 3237 3230
f 3237 3238 3230
f 3238 3239 3230
f 3239 3240 3230
f 3240 3241 3230
f 3241 3242 3230
f 3242 3243 3230
f 3243 3244 3230
f 3244 3245 3230
f 3245 3246 3230
f 3246 3247 3230
f 3229 3230 566
f 3196 3229 566
f 632 3196 626
f 3196 566 626
f 626 566 3248
f 566 3249 3248
f 3249 3250 3248
f 3250 3251 3248
f 3251 3252 3248
f 3252 3253 3248
f 3253 3254 3248
f 3254 3255 3248
f 3255 3256 3248
f 3256 3257 3248
f 3257 3258 3248
f 3258 3259 3248
f 3259 3260 3248
f 3260 3261 3248
f 3261 3262 3248
f 3262 3263 3248
f 3263 3264 3248
f 3264 3265 3248
f 3265 3266 3248
f 3266 3267 3248
f 3267 3268 3248
f 3268 3269 3248
f 3269 3270 3248
f 3270 3271 3248
f 3271 3272 3248
f 3272 3273 3248
f 3273 3274 3248
f 3248 3274 3275
f 3248 3275 3276
f 3277 3248 3278
f 3248 3276 3279
f 3278 3248 3280
f 3248 3279 3281
f 3280 3248 3282
f 3248 3281 3283
f 3282 3248 3284
f 3248 3283 3285
f 3284 3248 3286
f 3248 3285 3287
f 3286 3248 3288
f 3248 3287 3289
f 3288 3248 3290
f 3248 3289 3291
f 3290 3248 3292
f 3248 3291 3293
f 3292 3248 3293
f 3229 3227 527
f 528 3231 3229
f 528 3229 527
f 530 3232 3231
f 530 3231 528
f 531 3233 3232
f 531 3232 530
f 532 3234 3233
f 532 3233 531
f 534 3235 3234
f 534 3234 532
f 535 3236 3235
f 535 3235 534
f 536 3237 3236
f 536 3236 535
f 538 3238 3237
f 538 3237 536
f 539 3239 3238
f 539 3238 538
f 540 3239 539
f 540 3240 3239
f 540 3241 3240
f 542 3241 540
f 542 3242 3241
f 543 3242 542
f 543 3243 3242
f 545 3243 543
f 545 3244 3243
f 548 3244 545
f 548 3245 3244
f 551 3245 548
f 551 3246 3245
f 549 3246 551
f 549 3247 3246
f 553 3247 549
f 553 3230 3247
f 566 3230 553
f 567 3249 566
f 570 3250 3249
f 570 3249 567
f 572 3251 3250
f 572 3250 570
f 573 3252 3251
f 573 3251 572
f 575 3253 3252
f 575 3252 573
f 576 3254 3253
f 576 3253 575
f 578 3255 3254
f 578 3254 576
f 579 3256 3255
f 579 3255 578
f 625 3257 3256
f 625 3256 579
f 624 3258 3257
f 624 3257 625
f 622 3259 3258
f 622 3258 624
f 621 3260 3259
f 621 3259 622
f 620 3261 3260
f 620 3260 621
f 619 3262 3261
f 619 3261 620
f 617 3263 3262
f 617 3262 619
f 616 3264 3263
f 616 3263 617
f 615 3265 3264
f 615 3264 616
f 614 3266 3265
f 614 3265 615
f 613 3267 3266
f 613 3266 614
f 612 3268 3267
f 612 3269 3268
f 612 3267 613
f 609 3270 3269
f 609 3269 612
f 608 3271 3270
f 608 3270 609
f 607 3271 608
f 607 3272 3271
f 606 3272 607
f 606 3273 3272
f 605 3273 606
f 605 3274 3273
f 604 3274 605
f 604 3275 3274
f 603 3275 604
f 603 3276 3275
f 601 3276 603
f 601 3279 3276
f 600 3279 601
f 600 3281 3279
f 599 3281 600
f 599 3283 3281
f 598 3285 3283
f 598 3283 599
f 597 3287 3285
f 597 3285 598
f 596 3289 3287
f 596 3287 597
f 595 3291 3289
f 595 3289 596
f 594 3293 3291
f 594 3291 595
f 593 3292 3293
f 593 3293 594
f 586 3290 3292
f 586 3292 593
f 585 3288 3290
f 585 3290 586
f 584 3286 3288
f 584 3288 585
f 583 3284 3286
f 583 3286 584
f 581 3282 3284
f 581 3284 583
f 590 3280 3282
f 590 3282 581
f 589 3278 3280
f 589 3280 590
f 588 3277 3278
f 588 3278 589
f 587 3248 3277
f 587 3277 588
f 626 3248 587
f 498 3195 3196
f 498 3214 3195
f 495 3209 3214
f 495 3214 498
f 492 3208 3209
f 492 3209 495
f 493 3210 3208
f 493 3208 492
f 497 3212 3210
f 497 3210 493
f 499 3211 3212
f 499 3212 497
f 501 3213 3211
f 501 3215 3213
f 501 3211 499
f 502 3217 3215
f 502 3215 501
f 504 3218 3217
f 504 3217 502
f 505 3216 3218
f 505 3218 504
f 506 3220 3216
f 506 3216 505
f 508 3219 3220
f 508 3220 506
f 509 3219 508
f 509 3221 3219
f 510 3221 509
f 510 3223 3221
f 512 3223 510
f 512 3224 3223
f 514 3224 512
f 514 3222 3224
f 515 3222 514
f 515 3226 3222
f 517 3226 515
f 517 3225 3226
f 518 3225 517
f 518 3228 3225
f 520 3228 518
f 520 3227 3228
f 527 3227 520
f 167 27 447
f 167 80 27
f 167 100 80
f 412 28 69
f 410 29 28
f 410 28 412
f 408 30 29
f 408 29 410
f 406 31 30
f 406 30 408
f 409 32 31
f 409 31 406
f 411 33 32
f 411 32 409
f 413 34 33
f 413 33 411
f 414 35 34
f 414 34 413
f 415 36 35
f 415 35 414
f 416 37 36
f 416 36 415
f 418 38 37
f 418 37 416
f 419 39 38
f 419 38 418
f 421 39 419
f 421 40 39
f 422 40 421
f 422 41 40
f 423 41 422
f 423 42 41
f 424 42 423
f 424 43 42
f 425 43 424
f 425 44 43
f 427 44 425
f 427 45 44
f 428 45 427
f 428 46 45
f 429 46 428
f 429 47 46
f 430 47 429
f 430 48 47
f 431 49 48
f 431 48 430
f 432 50 49
f 432 49 431
f 433 51 50
f 433 50 432
f 434 52 51
f 434 51 433
f 435 53 52
f 435 52 434
f 437 54 53
f 437 53 435
f 438 55 54
f 438 54 437
f 439 56 55
f 439 55 438
f 440 57 56
f 440 56 439
f 441 58 57
f 441 57 440
f 442 59 58
f 442 58 441
f 443 60 59
f 443 59 442
f 446 61 60
f 446 60 443
f 447 61 446
f 447 27 61
f 458 68 26
f 458 26 25
f 457 67 68
f 457 68 458
f 455 66 67
f 455 67 457
f 454 63 66
f 454 62 63
f 454 66 455
f 453 64 62
f 453 62 454
f 452 65 64
f 452 64 453
f 451 69 65
f 451 65 452
f 412 69 451
f 3294 3295 326
f 329 3294 326
f 329 3296 3294
f 327 3297 3296
f 327 3296 329
f 332 3298 3297
f 332 3297 327
f 330 3299 3298
f 330 3298 332
f 334 3300 3299
f 334 3299 330
f 358 3301 3300
f 358 3300 334
f 357 3302 3301
f 357 3301 358
f 356 3303 3302
f 356 3302 357
f 350 3304 3303
f 350 3305 3304
f 350 3303 356
f 349 3306 3305
f 349 3305 350
f 347 3307 3306
f 347 3306 349
f 354 3308 3307
f 354 3307 347
f 353 3308 354
f 353 3309 3308
f 351 3309 353
f 351 3310 3309
f 362 3310 351
f 362 3311 3310
f 361 3311 362
f 361 3312 3311
f 360 3312 361
f 360 3313 3312
f 367 3313 360
f 367 3314 3313
f 366 3314 367
f 366 3315 3314
f 368 3315 366
f 368 3316 3315
f 3317 3319 3318
f 3318 3321 3320
f 3321 3322 3320
f 3317 3318 3320
f 3320 3324 3323
f 3317 3320 3323
f 3317 3323 3325
f 3317 3325 3326
f 3326 3328 3327
f 3328 3329 3327
f 3317 3326 3330
f 3327 3331 3330
f 3331 3332 3330
f 3326 3327 3330
f 3330 3334 3333
f 3334 3335 3333
f 3330 3333 3336
f 3333 3337 3336
f 3336 3339 3338
f 3339 3340 3338
f 3340 3341 3338
f 3330 3336 3342
f 3336 3338 3342
f 3338 3343 3342
f 3330 3342 3344
f 3342 3345 3344
f 3345 3346 3344
f 3346 3347 3344
f 3330 3344 3348
f 3348 3350 3349
f 3350 3351 3349
f 3330 3348 3352
f 3348 3349 3352
f 3317 3330 3353
f 3330 3352 3353
f 3317 3353 3354
f 3354 3356 3355
f 3356 3357 3355
f 3354 3355 3358
f 3354 3358 3359
f 3359 3361 3360
f 3359 3360 3362
f 3362 3364 3363
f 3359 3362 3363
f 3363 3366 3365
f 3317 3354 3365
f 3359 3363 3365
f 3354 3359 3365
f 3317 3365 3295
f 3410 3317 3295
f 3367 3369 3368
f 3368 3369 3370
f 3370 3369 3371
f 3371 3369 3372
f 3372 3369 3373
f 3373 3369 3374
f 3374 3369 3375
f 3375 3369 3376
f 3376 3369 3377
f 3377 3369 3378
f 3378 3369 3379
f 3379 3369 3380
f 3380 3369 3381
f 3381 3369 3382
f 3382 3369 3383
f 3383 3369 3384
f 3384 3369 3385
f 3385 3369 3386
f 3386 3369 3387
f 3387 3369 3388
f 3388 3369 3389
f 3389 3369 3390
f 3390 3369 3391
f 3391 3369 3392
f 3392 3369 3393
f 3393 3369 3394
f 3394 3369 3395
f 3395 3369 3396
f 3396 3369 3397
f 3397 3369 3398
f 3398 3369 3399
f 3399 3369 3400
f 3400 3369 3401
f 3401 3369 3402
f 3402 3369 3403
f 3403 3369 3404
f 3404 3369 3405
f 3405 3369 3406
f 3406 3369 3407
f 3407 3369 3408
f 3408 3369 3409
f 3409 3369 343
f 3369 3410 343
f 3294 3296 3297
f 3294 3297 3298
f 3294 3298 3299
f 3410 3295 343
f 3299 3300 3303
f 3300 3301 3303
f 3301 3302 3303
f 3294 3299 3303
f 3303 3304 3305
f 3294 3303 3305
f 3306 3307 3308
f 3294 3305 3310
f 3305 3306 3310
f 3308 3309 3310
f 3306 3308 3310
f 3310 3311 3312
f 3312 3313 3315
f 3313 3314 3315
f 3294 3310 3315
f 3310 3312 3315
f 3295 3294 3316
f 3294 3315 3316
f 343 3295 3316
f 3411 3413 3412
f 3414 3416 3415
f 3416 3412 3417
f 3412 3413 3417
f 3415 3416 3417
f 3413 343 3418
f 343 3316 3418
f 3419 3421 3420
f 3421 3417 3420
f 3418 3423 3422
f 3420 3417 3424
f 3424 3417 3425
f 3422 3427 3426
f 3427 3428 3426
f 3417 3413 3429
f 3425 3417 3429
f 3430 3425 3429
f 3422 3426 3431
f 3418 3422 3431
f 3413 3418 3432
f 3418 3431 3432
f 3429 3413 3432
f 343 3413 373
f 339 3409 343
f 338 3409 339
f 338 3408 3409
f 336 3408 338
f 336 3407 3408
f 341 3407 336
f 341 3406 3407
f 301 3406 341
f 301 3405 3406
f 300 3405 301
f 300 3404 3405
f 299 3404 300
f 299 3403 3404
f 297 3403 299
f 297 3402 3403
f 296 3402 297
f 296 3401 3402
f 295 3401 296
f 295 3400 3401
f 294 3400 295
f 294 3399 3400
f 292 3398 3399
f 292 3399 294
f 291 3397 3398
f 291 3398 292
f 290 3396 3397
f 290 3397 291
f 289 3395 3396
f 289 3396 290
f 288 3394 3395
f 288 3395 289
f 287 3393 3394
f 287 3394 288
f 285 3392 3393
f 285 3393 287
f 284 3391 3392
f 284 3392 285
f 283 3390 3391
f 283 3391 284
f 282 3389 3390
f 282 3390 283
f 281 3388 3389
f 281 3389 282
f 280 3388 281
f 280 3387 3388
f 279 3387 280
f 279 3386 3387
f 278 3386 279
f 278 3385 3386
f 276 3385 278
f 276 3384 3385
f 275 3384 276
f 275 3383 3384
f 274 3383 275
f 274 3382 3383
f 273 3382 274
f 273 3381 3382
f 272 3381 273
f 272 3380 3381
f 271 3380 272
f 271 3379 3380
f 270 3379 271
f 270 3378 3379
f 270 3377 3378
f 269 3377 270
f 269 3376 3377
f 267 3376 269
f 267 3375 3376
f 266 3375 267
f 266 3374 3375
f 265 3374 266
f 265 3373 3374
f 264 3373 265
f 264 3372 3373
f 263 3372 264
f 263 3371 3372
f 262 3370 3371
f 262 3371 263
f 261 3368 3370
f 261 3370 262
f 260 3367 3368
f 260 3368 261
f 259 3369 3367
f 259 3367 260
f 3410 3369 259
f 213 3317 3410
f 213 3319 3317
f 215 3318 3319
f 215 3319 213
f 216 3321 3318
f 216 3318 215
f 217 3322 3321
f 217 3321 216
f 218 3320 3322
f 218 3322 217
f 219 3324 3320
f 219 3320 218
f 220 3323 3324
f 220 3324 219
f 221 3325 3323
f 221 3323 220
f 222 3326 3325
f 222 3325 221
f 223 3328 3326
f 223 3326 222
f 225 3329 3328
f 225 3328 223
f 226 3327 3329
f 226 3329 225
f 227 3331 3327
f 227 3327 226
f 228 3332 3331
f 228 3331 227
f 229 3330 3332
f 229 3332 228
f 230 3334 3330
f 230 3330 229
f 231 3335 3334
f 231 3334 230
f 232 3333 3335
f 232 3335 231
f 233 3337 3333
f 233 3333 232
f 235 3336 3337
f 235 3337 233
f 236 3339 3336
f 236 3336 235
f 237 3340 3339
f 237 3339 236
f 238 3341 3340
f 238 3340 237
f 239 3338 3341
f 239 3341 238
f 240 3338 239
f 240 3343 3338
f 241 3343 240
f 241 3342 3343
f 243 3342 241
f 243 3345 3342
f 244 3345 243
f 244 3346 3345
f 245 3346 244
f 245 3347 3346
f 246 3347 245
f 246 3344 3347
f 247 3344 246
f 247 3348 3344
f 248 3348 247
f 248 3350 3348
f 250 3351 3350
f 250 3350 248
f 251 3349 3351
f 251 3351 250
f 252 3352 3349
f 252 3349 251
f 253 3353 3352
f 253 3352 252
f 255 3354 3353
f 255 3353 253
f 256 3356 3354
f 256 3354 255
f 257 3357 3356
f 257 3356 256
f 306 3355 3357
f 306 3357 257
f 305 3358 3355
f 305 3355 306
f 309 3359 3358
f 309 3358 305
f 308 3361 3359
f 308 3359 309
f 312 3360 3361
f 312 3361 308
f 311 3362 3360
f 311 3360 312
f 315 3364 3362
f 315 3362 311
f 318 3363 3364
f 318 3364 315
f 317 3363 318
f 322 3366 3363
f 322 3363 317
f 321 3365 3366
f 321 3366 322
f 320 3365 321
f 320 3295 3365
f 326 3295 320
f 372 3418 368
f 372 3423 3418
f 370 3422 3423
f 370 3423 372
f 376 3427 3422
f 376 3422 370
f 375 3428 3427
f 375 3427 376
f 384 3426 3428
f 384 3428 375
f 383 3431 3426
f 383 3426 384
f 382 3432 3431
f 382 3431 383
f 391 3429 3432
f 391 3432 382
f 390 3430 3429
f 390 3429 391
f 388 3425 3430
f 388 3430 390
f 397 3424 3425
f 397 3425 388
f 396 3420 3424
f 396 3424 397
f 394 3420 396
f 394 3419 3420
f 400 3419 394
f 400 3421 3419
f 399 3421 400
f 399 3417 3421
f 393 3417 399
f 393 3415 3417
f 387 3415 393
f 387 3414 3415
f 386 3414 387
f 386 3416 3414
f 380 3416 386
f 380 3412 3416
f 379 3412 380
f 379 3411 3412
f 373 3411 379
f 373 3413 3411
f 3418 3316 368
f 3509 3434 3433
f 3437 3436 3435
f 3437 3438 3436
f 3437 3439 3438
f 3437 3440 3439
f 3437 3441 3440
f 3437 3442 3441
f 3437 3443 3442
f 3437 3444 3443
f 3437 3445 3444
f 3437 3447 3445
f 3437 3448 3447
f 3437 3449 3448
f 3437 3450 3449
f 3457 3451 3450
f 3457 3450 3437
f 3457 3452 3451
f 3457 3453 3452
f 3457 3454 3453
f 3457 3455 3454
f 3457 3456 3455
f 3457 3458 3456
f 3457 3459 3458
f 3457 3460 3459
f 3470 3461 3460
f 3470 3460 3457
f 3470 3462 3461
f 3470 3463 3462
f 3470 3464 3463
f 3470 3465 3464
f 3470 3466 3465
f 3470 3467 3466
f 3470 3468 3467
f 3470 3469 3468
f 3476 3471 3469
f 3476 3469 3470
f 3476 3472 3471
f 3476 3473 3472
f 3476 3474 3473
f 3476 3475 3474
f 3476 3477 3475
f 3480 3478 3477
f 3480 3477 3476
f 3480 3479 3478
f 3480 3481 3479
f 3480 3482 3481
f 3480 3483 3482
f 3480 3484 3483
f 3480 3485 3484
f 3480 3486 3485
f 3480 3487 3486
f 3480 3488 3487
f 3480 3489 3488
f 3480 3490 3489
f 3480 3491 3490
f 3501 3491 3480
f 3501 3492 3491
f 3501 3493 3492
f 3501 3480 3476
f 3501 3494 3493
f 3501 3495 3494
f 3501 3496 3495
f 3501 3497 3496
f 3501 3498 3497
f 3501 3499 3498
f 3501 3500 3499
f 3501 3502 3500
f 3501 3503 3502
f 3509 3433 3503
f 3509 3503 3501
f 3437 3558 3526
f 3501 3476 3526
f 3470 3457 3526
f 3476 3470 3526
f 3457 3437 3526
f 3437 3435 3504
f 3509 3505 3434
f 3509 3506 3505
f 3509 3507 3506
f 3509 3508 3507
f 3526 3509 3501
f 3509 3510 3508
f 3509 3511 3510
f 3509 3512 3511
f 3509 3513 3512
f 3526 3514 3513
f 3526 3513 3509
f 3526 3515 3514
f 3526 3516 3515
f 3526 3517 3516
f 3526 3518 3517
f 3526 3519 3518
f 3526 3520 3519
f 3526 3521 3520
f 3526 3522 3521
f 3526 3523 3522
f 3526 3524 3523
f 3526 3525 3524
f 3526 3527 3525
f 3526 3528 3527
f 3526 3529 3528
f 3537 3530 3529
f 3537 3529 3526
f 3537 3531 3530
f 3537 3532 3531
f 3537 3533 3532
f 3537 3534 3533
f 3537 3526 3558
f 3537 3535 3534
f 3537 3536 3535
f 3537 3538 3536
f 3537 3539 3538
f 3537 3540 3539
f 3537 3541 3540
f 3537 3542 3541
f 3537 3543 3542
f 3558 3544 3543
f 3558 3543 3537
f 3558 3545 3544
f 3558 3546 3545
f 3558 3547 3546
f 3558 3548 3547
f 3558 3549 3548
f 3558 3550 3549
f 3558 3551 3550
f 3558 3552 3551
f 3558 3553 3552
f 3558 3554 3553
f 3558 3555 3554
f 3446 3555 3558
f 3446 3556 3555
f 3446 3557 3556
f 3446 3559 3557
f 3446 3560 3559
f 3446 3561 3560
f 3446 3562 3561
f 3437 3446 3558
f 3446 3563 3562
f 3446 3564 3563
f 3446 3565 3564
f 3446 3566 3565
f 3446 3567 3566
f 3446 3568 3567
f 3446 3569 3568
f 3446 3437 3504
f 3446 3504 3569
f 3434 3571 3570
f 3505 3572 3571
f 3505 3571 3434
f 3506 3573 3572
f 3506 3572 3505
f 3507 3574 3573
f 3507 3573 3506
f 3508 3575 3574
f 3508 3574 3507
f 3510 3576 3575
f 3510 3575 3508
f 3511 3577 3576
f 3511 3576 3510
f 3512 3578 3577
f 3512 3577 3511
f 3513 3579 3578
f 3513 3578 3512
f 3514 3580 3579
f 3514 3579 3513
f 3515 3581 3580
f 3515 3580 3514
f 3516 3582 3581
f 3516 3581 3515
f 3517 3583 3582
f 3517 3582 3516
f 3518 3584 3583
f 3518 3583 3517
f 3519 3585 3584
f 3519 3584 3518
f 3520 3586 3585
f 3520 3585 3519
f 3521 3587 3586
f 3521 3586 3520
f 3522 3588 3587
f 3522 3587 3521
f 3523 3588 3522
f 3523 3589 3588
f 3524 3589 3523
f 3524 3590 3589
f 3525 3590 3524
f 3525 3591 3590
f 3527 3591 3525
f 3527 3592 3591
f 3528 3592 3527
f 3528 3593 3592
f 3529 3594 3593
f 3529 3593 3528
f 3530 3595 3594
f 3530 3594 3529
f 3531 3596 3595
f 3531 3595 3530
f 3532 3597 3596
f 3532 3596 3531
f 3533 3598 3597
f 3533 3597 3532
f 3534 3599 3598
f 3534 3598 3533
f 3535 3600 3599
f 3535 3599 3534
f 3536 3601 3600
f 3536 3600 3535
f 3538 3602 3601
f 3538 3601 3536
f 3539 3603 3602
f 3539 3602 3538
f 3540 3604 3603
f 3540 3603 3539
f 3541 3605 3604
f 3541 3604 3540
f 3542 3606 3605
f 3542 3605 3541
f 3543 3607 3606
f 3543 3606 3542
f 3544 3608 3607
f 3544 3607 3543
f 3545 3609 3608
f 3545 3608 3544
f 3546 3610 3609
f 3546 3609 3545
f 3547 3611 3610
f 3547 3610 3546
f 3548 3612 3611
f 3548 3611 3547
f 3549 3613 3612
f 3549 3612 3548
f 3550 3613 3549
f 3550 3614 3613
f 3551 3614 3550
f 3551 3615 3614
f 3552 3615 3551
f 3552 3616 3615
f 3553 3616 3552
f 3553 3617 3616
f 3554 3617 3553
f 3554 3618 3617
f 3555 3618 3554
f 3555 3619 3618
f 3556 3619 3555
f 3556 3620 3619
f 3557 3620 3556
f 3557 3621 3620
f 3559 3621 3557
f 3559 3622 3621
f 3560 3622 3559
f 3560 3623 3622
f 3561 3623 3560
f 3561 3624 3623
f 3562 3624 3561
f 3562 3625 3624
f 3563 3625 3562
f 3563 3626 3625
f 3564 3627 3626
f 3564 3626 3563
f 3565 3628 3627
f 3565 3627 3564
f 3566 3629 3628
f 3566 3628 3565
f 3567 3630 3629
f 3567 3629 3566
f 3568 3631 3630
f 3568 3630 3567
f 3569 3632 3631
f 3569 3631 3568
f 3504 3633 3632
f 3504 3632 3569
f 3435 3633 3504
f 3435 3634 3633
f 3436 3634 3435
f 3436 3635 3634
f 3438 3635 3436
f 3438 3636 3635
f 3439 3636 3438
f 3439 3637 3636
f 3440 3637 3439
f 3440 3638 3637
f 3441 3638 3440
f 3441 3639 3638
f 3442 3639 3441
f 3442 3640 3639
f 3443 3640 3442
f 3443 3641 3640
f 3444 3641 3443
f 3444 3642 3641
f 3445 3642 3444
f 3445 3643 3642
f 3447 3643 3445
f 3447 3644 3643
f 3448 3645 3644
f 3448 3644 3447
f 3449 3646 3645
f 3449 3645 3448
f 3450 3647 3646
f 3450 3646 3449
f 3451 3648 3647
f 3451 3647 3450
f 3452 3649 3648
f 3452 3648 3451
f 3453 3650 3649
f 3453 3649 3452
f 3454 3651 3650
f 3454 3650 3453
f 3455 3651 3454
f 3455 3652 3651
f 3456 3652 3455
f 3456 3653 3652
f 3458 3653 3456
f 3458 3654 3653
f 3459 3654 3458
f 3459 3655 3654
f 3460 3655 3459
f 3460 3656 3655
f 3461 3656 3460
f 3461 3657 3656
f 3462 3657 3461
f 3462 3658 3657
f 3463 3658 3462
f 3463 3659 3658
f 3464 3659 3463
f 3464 3660 3659
f 3465 3660 3464
f 3465 3661 3660
f 3466 3661 3465
f 3466 3662 3661
f 3467 3662 3466
f 3467 3663 3662
f 3468 3663 3467
f 3468 3664 3663
f 3469 3664 3468
f 3469 3665 3664
f 3471 3665 3469
f 3471 3666 3665
f 3472 3666 3471
f 3472 3667 3666
f 3473 3667 3472
f 3473 3668 3667
f 3474 3669 3668
f 3474 3668 3473
f 3475 3670 3669
f 3475 3669 3474
f 3477 3671 3670
f 3477 3670 3475
f 3478 3672 3671
f 3478 3671 3477
f 3479 3673 3672
f 3479 3672 3478
f 3481 3674 3673
f 3481 3673 3479
f 3482 3675 3674
f 3482 3674 3481
f 3483 3676 3675
f 3483 3675 3482
f 3484 3676 3483
f 3484 3677 3676
f 3485 3678 3677
f 3485 3677 3484
f 3486 3679 3678
f 3486 3678 3485
f 3487 3680 3679
f 3487 3679 3486
f 3488 3681 3680
f 3488 3680 3487
f 3489 3682 3681
f 3489 3681 3488
f 3490 3683 3682
f 3490 3682 3489
f 3491 3684 3683
f 3491 3683 3490
f 3492 3685 3684
f 3492 3684 3491
f 3493 3686 3685
f 3493 3685 3492
f 3494 3687 3686
f 3494 3686 3493
f 3495 3688 3687
f 3495 3687 3494
f 3496 3689 3688
f 3496 3688 3495
f 3497 3690 3689
f 3497 3689 3496
f 3498 3691 3690
f 3498 3690 3497
f 3499 3692 3691
f 3499 3691 3498
f 3500 3693 3692
f 3500 3692 3499
f 3502 3694 3693
f 3502 3693 3500
f 3503 3695 3694
f 3503 3694 3502
f 3433 3570 3695
f 3433 3695 3503
f 3434 3570 3433
f 3570 3702 3695
f 3700 3633 3634
f 3700 3634 3635
f 3700 3635 3636
f 3700 3636 3637
f 3700 3637 3638
f 3700 3638 3639
f 3700 3639 3640
f 3700 3640 3641
f 3696 3697 3700
f 3696 3641 3642
f 3696 3700 3641
f 3696 3642 3643
f 3696 3643 3644
f 3696 3644 3645
f 3696 3645 3646
f 3696 3646 3647
f 3697 3647 3648
f 3697 3696 3647
f 3697 3648 3649
f 3697 3649 3650
f 3697 3650 3651
f 3697 3651 3652
f 3697 3652 3653
f 3697 3653 3654
f 3697 3654 3655
f 3697 3655 3656
f 3697 3656 3657
f 3697 3657 3658
f 3697 3658 3659
f 3697 3659 3660
f 3697 3660 3661
f 3697 3661 3662
f 3698 3662 3663
f 3698 3697 3662
f 3698 3663 3664
f 3698 3664 3665
f 3698 3665 3666
f 3698 3666 3667
f 3698 3667 3668
f 3698 3668 3669
f 3698 3669 3670
f 3698 3670 3671
f 3698 3671 3672
f 3698 3672 3673
f 3699 3673 3674
f 3699 3698 3673
f 3699 3674 3675
f 3699 3675 3676
f 3699 3676 3677
f 3699 3677 3678
f 3701 3698 3699
f 3701 3678 3679
f 3701 3699 3678
f 3701 3679 3680
f 3701 3680 3681
f 3701 3681 3682
f 3701 3682 3683
f 3701 3683 3684
f 3701 3684 3685
f 3701 3685 3686
f 3701 3686 3687
f 3701 3687 3688
f 3701 3688 3689
f 3701 3689 3690
f 3702 3701 3690
f 3702 3690 3691
f 3702 3691 3692
f 3702 3692 3693
f 3702 3693 3694
f 3702 3694 3695
f 3571 3702 3570
f 3702 3571 3572
f 3702 3572 3573
f 3703 3573 3574
f 3703 3702 3573
f 3703 3574 3575
f 3703 3575 3576
f 3703 3576 3577
f 3703 3704 3702
f 3703 3577 3578
f 3703 3578 3579
f 3703 3579 3580
f 3704 3580 3581
f 3704 3703 3580
f 3704 3581 3582
f 3704 3582 3583
f 3704 3583 3584
f 3704 3584 3585
f 3704 3585 3586
f 3704 3586 3587
f 3704 3587 3588
f 3704 3588 3589
f 3705 3704 3589
f 3705 3589 3590
f 3705 3590 3591
f 3705 3591 3592
f 3705 3592 3593
f 3705 3593 3594
f 3705 3594 3595
f 3705 3595 3596
f 3705 3596 3597
f 3705 3597 3598
f 3705 3598 3599
f 3705 3599 3600
f 3706 3600 3601
f 3706 3705 3600
f 3706 3601 3602
f 3706 3602 3603
f 3706 3603 3604
f 3706 3604 3605
f 3706 3605 3606
f 3706 3606 3607
f 3706 3607 3608
f 3707 3706 3608
f 3707 3608 3609
f 3707 3609 3610
f 3707 3610 3611
f 3707 3611 3612
f 3707 3612 3613
f 3707 3708 3706
f 3707 3613 3614
f 3707 3614 3615
f 3707 3615 3616
f 3707 3616 3617
f 3708 3617 3618
f 3708 3707 3617
f 3708 3618 3619
f 3708 3619 3620
f 3708 3620 3621
f 3708 3621 3622
f 3708 3622 3623
f 3708 3623 3624
f 3708 3624 3625
f 3708 3625 3626
f 3700 3708 3626
f 3700 3626 3627
f 3700 3627 3628
f 3700 3628 3629
f 3700 3629 3630
f 3700 3630 3631
f 3700 3631 3632
f 3700 3632 3633
f 3701 3702 3704
f 3701 3705 3706
f 3701 3704 3705
f 3701 3706 3708
f 3701 3697 3698
f 3700 3701 3708
f 3700 3697 3701
f 3778 3710 3709
f 3718 3712 3711
f 3718 3713 3712
f 3718 3714 3713
f 3718 3715 3714
f 3718 3716 3715
f 3718 3717 3716
f 3718 3719 3717
f 3718 3720 3719
f 3718 3721 3720
f 3725 3722 3721
f 3725 3721 3718
f 3725 3723 3722
f 3725 3724 3723
f 3725 3726 3724
f 3725 3727 3726
f 3725 3728 3727
f 3725 3729 3728
f 3725 3730 3729
f 3725 3731 3730
f 3742 3731 3725
f 3742 3732 3731
f 3742 3733 3732
f 3742 3734 3733
f 3742 3735 3734
f 3742 3736 3735
f 3742 3737 3736
f 3742 3738 3737
f 3742 3739 3738
f 3742 3740 3739
f 3754 3741 3740
f 3754 3740 3742
f 3754 3743 3741
f 3754 3742 3725
f 3754 3744 3743
f 3754 3745 3744
f 3754 3746 3745
f 3754 3747 3746
f 3754 3748 3747
f 3754 3749 3748
f 3757 3750 3749
f 3757 3749 3754
f 3757 3751 3750
f 3757 3752 3751
f 3757 3753 3752
f 3757 3755 3753
f 3757 3756 3755
f 3757 3758 3756
f 3757 3759 3758
f 3757 3760 3759
f 3757 3761 3760
f 3757 3762 3761
f 3757 3763 3762
f 3757 3764 3763
f 3779 3765 3764
f 3779 3764 3757
f 3779 3766 3765
f 3779 3767 3766
f 3779 3768 3767
f 3779 3769 3768
f 3779 3770 3769
f 3779 3771 3770
f 3779 3772 3771
f 3778 3773 3772
f 3778 3772 3779
f 3778 3774 3773
f 3778 3775 3774
f 3778 3776 3775
f 3778 3777 3776
f 3778 3709 3777
f 3718 3823 3779
f 3823 3778 3779
f 3725 3718 3779
f 3757 3754 3779
f 3754 3725 3779
f 3718 3711 3780
f 3778 3781 3710
f 3778 3782 3781
f 3778 3783 3782
f 3778 3784 3783
f 3778 3785 3784
f 3778 3786 3785
f 3802 3787 3786
f 3802 3786 3778
f 3802 3788 3787
f 3802 3789 3788
f 3802 3790 3789
f 3802 3791 3790
f 3802 3792 3791
f 3802 3793 3792
f 3802 3794 3793
f 3802 3795 3794
f 3802 3796 3795
f 3807 3796 3802
f 3807 3797 3796
f 3807 3802 3778
f 3807 3798 3797
f 3807 3799 3798
f 3807 3800 3799
f 3807 3801 3800
f 3807 3803 3801
f 3807 3804 3803
f 3807 3805 3804
f 3807 3806 3805
f 3807 3808 3806
f 3807 3809 3808
f 3807 3810 3809
f 3807 3811 3810
f 3807 3812 3811
f 3807 3813 3812
f 3823 3814 3813
f 3823 3813 3807
f 3823 3815 3814
f 3807 3778 3823
f 3823 3816 3815
f 3823 3817 3816
f 3823 3818 3817
f 3823 3819 3818
f 3823 3820 3819
f 3823 3821 3820
f 3823 3822 3821
f 3823 3824 3822
f 3823 3825 3824
f 3823 3826 3825
f 3823 3827 3826
f 3823 3828 3827
f 3823 3829 3828
f 3843 3829 3823
f 3843 3830 3829
f 3843 3831 3830
f 3843 3832 3831
f 3843 3833 3832
f 3843 3834 3833
f 3843 3835 3834
f 3843 3836 3835
f 3843 3837 3836
f 3843 3838 3837
f 3843 3839 3838
f 3843 3840 3839
f 3843 3841 3840
f 3846 3841 3843
f 3846 3842 3841
f 3846 3844 3842
f 3846 3845 3844
f 3843 3823 3718
f 3846 3718 3780
f 3846 3780 3845
f 3718 3846 3843
f 3710 3848 3847
f 3781 3849 3848
f 3781 3848 3710
f 3782 3850 3849
f 3782 3849 3781
f 3783 3851 3850
f 3783 3850 3782
f 3784 3852 3851
f 3784 3851 3783
f 3785 3853 3852
f 3785 3852 3784
f 3786 3854 3853
f 3786 3853 3785
f 3787 3855 3854
f 3787 3854 3786
f 3788 3856 3855
f 3788 3855 3787
f 3789 3857 3856
f 3789 3856 3788
f 3790 3858 3857
f 3790 3857 3789
f 3791 3859 3858
f 3791 3858 3790
f 3792 3860 3859
f 3792 3859 3791
f 3793 3861 3860
f 3793 3860 3792
f 3794 3862 3861
f 3794 3861 3793
f 3795 3863 3862
f 3795 3862 3794
f 3796 3864 3863
f 3796 3863 3795
f 3797 3865 3864
f 3797 3864 3796
f 3798 3865 3797
f 3798 3866 3865
f 3799 3866 3798
f 3799 3867 3866
f 3800 3867 3799
f 3800 3868 3867
f 3801 3868 3800
f 3801 3869 3868
f 3803 3869 3801
f 3803 3870 3869
f 3804 3871 3870
f 3804 3870 3803
f 3805 3872 3871
f 3805 3871 3804
f 3806 3873 3872
f 3806 3872 3805
f 3808 3874 3873
f 3808 3873 3806
f 3809 3875 3874
f 3809 3874 3808
f 3810 3876 3875
f 3810 3875 3809
f 3811 3877 3876
f 3811 3876 3810
f 3812 3878 3877
f 3812 3877 3811
f 3813 3879 3878
f 3813 3878 3812
f 3814 3880 3879
f 3814 3879 3813
f 3815 3881 3880
f 3815 3880 3814
f 3816 3882 3881
f 3816 3881 3815
f 3817 3883 3882
f 3817 3882 3816
f 3818 3884 3883
f 3818 3883 3817
f 3819 3885 3884
f 3819 3884 3818
f 3820 3886 3885
f 3820 3885 3819
f 3821 3887 3886
f 3821 3886 3820
f 3822 3888 3887
f 3822 3887 3821
f 3824 3889 3888
f 3824 3888 3822
f 3825 3890 3889
f 3825 3889 3824
f 3826 3890 3825
f 3826 3891 3890
f 3827 3891 3826
f 3827 3892 3891
f 3828 3892 3827
f 3828 3893 3892
f 3829 3893 3828
f 3829 3894 3893
f 3830 3894 3829
f 3830 3895 3894
f 3831 3895 3830
f 3831 3896 3895
f 3832 3896 3831
f 3832 3897 3896
f 3833 3897 3832
f 3833 3898 3897
f 3834 3898 3833
f 3834 3899 3898
f 3835 3899 3834
f 3835 3900 3899
f 3836 3900 3835
f 3836 3901 3900
f 3837 3901 3836
f 3837 3902 3901
f 3838 3902 3837
f 3838 3903 3902
f 3839 3904 3903
f 3839 3903 3838
f 3840 3905 3904
f 3840 3904 3839
f 3841 3906 3905
f 3841 3905 3840
f 3842 3907 3906
f 3842 3906 3841
f 3844 3908 3907
f 3844 3907 3842
f 3845 3909 3908
f 3845 3908 3844
f 3780 3910 3909
f 3780 3909 3845
f 3711 3910 3780
f 3711 3911 3910
f 3712 3911 3711
f 3712 3912 3911
f 3713 3912 3712
f 3713 3913 3912
f 3714 3913 3713
f 3714 3914 3913
f 3715 3914 3714
f 3715 3915 3914
f 3716 3915 3715
f 3716 3916 3915
f 3717 3916 3716
f 3717 3917 3916
f 3719 3917 3717
f 3719 3918 3917
f 3720 3918 3719
f 3720 3919 3918
f 3721 3919 3720
f 3721 3920 3919
f 3722 3920 3721
f 3722 3921 3920
f 3723 3922 3921
f 3723 3921 3722
f 3724 3923 3922
f 3724 3922 3723
f 3726 3924 3923
f 3726 3923 3724
f 3727 3925 3924
f 3727 3924 3726
f 3728 3926 3925
f 3728 3925 3727
f 3729 3927 3926
f 3729 3926 3728
f 3730 3928 3927
f 3730 3927 3729
f 3731 3928 3730
f 3731 3929 3928
f 3732 3929 3731
f 3732 3930 3929
f 3733 3930 3732
f 3733 3931 3930
f 3734 3931 3733
f 3734 3932 3931
f 3735 3932 3734
f 3735 3933 3932
f 3736 3933 3735
f 3736 3934 3933
f 3737 3934 3736
f 3737 3935 3934
f 3738 3935 3737
f 3738 3936 3935
f 3739 3936 3738
f 3739 3937 3936
f 3740 3937 3739
f 3740 3938 3937
f 3741 3938 3740
f 3741 3939 3938
f 3743 3939 3741
f 3743 3940 3939
f 3744 3940 3743
f 3744 3941 3940
f 3745 3941 3744
f 3745 3942 3941
f 3746 3942 3745
f 3746 3943 3942
f 3747 3943 3746
f 3747 3944 3943
f 3748 3944 3747
f 3748 3945 3944
f 3749 3946 3945
f 3749 3945 3748
f 3750 3947 3946
f 3750 3946 3749
f 3751 3948 3947
f 3751 3947 3750
f 3752 3949 3948
f 3752 3948 3751
f 3753 3950 3949
f 3753 3949 3752
f 3755 3951 3950
f 3755 3950 3753
f 3756 3952 3951
f 3756 3951 3755
f 3758 3953 3952
f 3758 3952 3756
f 3759 3953 3758
f 3759 3954 3953
f 3760 3955 3954
f 3760 3954 3759
f 3761 3956 3955
f 3761 3955 3760
f 3762 3957 3956
f 3762 3956 3761
f 3763 3958 3957
f 3763 3957 3762
f 3764 3959 3958
f 3764 3958 3763
f 3765 3960 3959
f 3765 3959 3764
f 3766 3961 3960
f 3766 3960 3765
f 3767 3962 3961
f 3767 3961 3766
f 3768 3963 3962
f 3768 3962 3767
f 3769 3964 3963
f 3769 3963 3768
f 3770 3965 3964
f 3770 3964 3769
f 3771 3966 3965
f 3771 3965 3770
f 3772 3967 3966
f 3772 3966 3771
f 3773 3968 3967
f 3773 3967 3772
f 3774 3969 3968
f 3774 3968 3773
f 3775 3970 3969
f 3775 3969 3774
f 3776 3971 3970
f 3776 3970 3775
f 3777 3972 3971
f 3777 3971 3776
f 3709 3847 3972
f 3709 3972 3777
f 3710 3847 3709
f 3847 3978 3972
f 3985 3910 3911
f 3985 3911 3912
f 3985 3912 3913
f 3984 3985 3913
f 3984 3913 3914
f 3984 3914 3915
f 3984 3915 3916
f 3984 3916 3917
f 3984 3917 3918
f 3984 3918 3919
f 3984 3919 3920
f 3984 3920 3921
f 3973 3921 3922
f 3973 3984 3921
f 3973 3922 3923
f 3973 3923 3924
f 3973 3924 3925
f 3973 3925 3926
f 3973 3926 3927
f 3973 3927 3928
f 3973 3928 3929
f 3973 3929 3930
f 3973 3930 3931
f 3973 3931 3932
f 3974 3932 3933
f 3974 3973 3932
f 3974 3933 3934
f 3974 3934 3935
f 3974 3935 3936
f 3974 3936 3937
f 3974 3937 3938
f 3974 3938 3939
f 3974 3939 3940
f 3974 3940 3941
f 3974 3941 3942
f 3974 3942 3943
f 3975 3974 3943
f 3975 3943 3944
f 3975 3944 3945
f 3975 3945 3946
f 3975 3946 3947
f 3975 3947 3948
f 3975 3948 3949
f 3975 3949 3950
f 3976 3975 3950
f 3976 3950 3951
f 3977 3975 3976
f 3976 3951 3952
f 3976 3952 3953
f 3976 3953 3954
f 3976 3954 3955
f 3976 3955 3956
f 3976 3956 3957
f 3976 3957 3958
f 3976 3958 3959
f 3977 3976 3959
f 3977 3959 3960
f 3977 3960 3961
f 3977 3961 3962
f 3977 3962 3963
f 3977 3963 3964
f 3977 3964 3965
f 3977 3965 3966
f 3977 3966 3967
f 3977 3967 3968
f 3977 3968 3969
f 3977 3969 3970
f 3978 3977 3970
f 3978 3970 3971
f 3978 3971 3972
f 3848 3978 3847
f 3910 3985 3909
f 3978 3848 3849
f 3978 3849 3850
f 3978 3850 3851
f 3978 3851 3852
f 3978 3852 3853
f 3978 3853 3854
f 3978 3854 3855
f 3978 3855 3856
f 3978 3856 3857
f 3978 3857 3858
f 3979 3858 3859
f 3979 3978 3858
f 3979 3859 3860
f 3979 3860 3861
f 3979 3861 3862
f 3981 3862 3863
f 3981 3979 3862
f 3981 3863 3864
f 3981 3864 3865
f 3981 3865 3866
f 3980 3979 3981
f 3981 3866 3867
f 3981 3867 3868
f 3981 3868 3869
f 3981 3869 3870
f 3981 3870 3871
f 3981 3871 3872
f 3980 3872 3873
f 3980 3981 3872
f 3980 3873 3874
f 3980 3874 3875
f 3980 3875 3876
f 3980 3876 3877
f 3980 3877 3878
f 3980 3878 3879
f 3982 3879 3880
f 3982 3980 3879
f 3982 3880 3881
f 3982 3881 3882
f 3982 3882 3883
f 3982 3883 3884
f 3982 3884 3885
f 3983 3980 3982
f 3982 3885 3886
f 3982 3886 3887
f 3983 3982 3887
f 3983 3887 3888
f 3983 3888 3889
f 3983 3889 3890
f 3983 3890 3891
f 3983 3891 3892
f 3983 3892 3893
f 3983 3893 3894
f 3983 3894 3895
f 3983 3895 3896
f 3983 3896 3897
f 3985 3983 3897
f 3985 3897 3898
f 3985 3898 3899
f 3985 3899 3900
f 3985 3900 3901
f 3985 3901 3902
f 3985 3902 3903
f 3985 3903 3904
f 3985 3904 3905
f 3985 3905 3906
f 3985 3906 3907
f 3985 3907 3908
f 3985 3908 3909
f 3985 3984 3973
f 3978 3979 3980
f 3978 3983 3985
f 3978 3980 3983
f 3977 3985 3973
f 3977 3978 3985
f 3977 3973 3974
f 3977 3974 3975
f 4056 3987 3986
f 3999 3989 3988
f 3999 3990 3989
f 3999 3991 3990
f 3999 3992 3991
f 3999 3993 3992
f 4019 3994 3993
f 4019 3993 3999
f 4019 3995 3994
f 4019 3996 3995
f 4019 3997 3996
f 4019 3998 3997
f 4019 4000 3998
f 4019 4001 4000
f 4019 4002 4001
f 4019 4003 4002
f 4019 4004 4003
f 4019 4005 4004
f 4019 4006 4005
f 4014 4006 4019
f 4014 4007 4006
f 4014 4008 4007
f 4014 4009 4008
f 4014 4010 4009
f 4014 4011 4010
f 4014 4012 4011
f 4014 4013 4012
f 4014 4015 4013
f 4025 4015 4014
f 4025 4016 4015
f 4025 4017 4016
f 4025 4018 4017
f 4025 4020 4018
f 4025 4021 4020
f 4025 4022 4021
f 4025 4023 4022
f 4025 4024 4023
f 4025 4026 4024
f 4051 4026 4025
f 4051 4027 4026
f 4051 4028 4027
f 4051 4029 4028
f 4051 4030 4029
f 4051 4031 4030
f 4051 4032 4031
f 4051 4033 4032
f 4051 4034 4033
f 4051 4035 4034
f 4044 4036 4035
f 4044 4035 4051
f 4044 4037 4036
f 4044 4038 4037
f 4044 4039 4038
f 4044 4040 4039
f 4044 4041 4040
f 4044 4042 4041
f 4044 4043 4042
f 4044 4045 4043
f 4044 4046 4045
f 4044 4047 4046
f 4044 4048 4047
f 4056 4049 4048
f 4056 4048 4044
f 4056 4050 4049
f 4056 4052 4050
f 4056 4053 4052
f 4056 4044 4051
f 4056 4054 4053
f 4056 4055 4054
f 4056 3986 4055
f 3999 4114 4056
f 4114 4084 4056
f 3999 4056 4051
f 4019 3999 4051
f 4014 4019 4051
f 4025 4014 4051
f 3999 3988 4058
f 4056 4059 3987
f 4056 4060 4059
f 4057 4061 4060
f 4057 4060 4056
f 4057 4062 4061
f 4057 4063 4062
f 4057 4056 4084
f 4057 4064 4063
f 4057 4065 4064
f 4057 4066 4065
f 4057 4067 4066
f 4057 4068 4067
f 4057 4069 4068
f 4057 4070 4069
f 4057 4071 4070
f 4057 4072 4071
f 4057 4073 4072
f 4084 4074 4073
f 4084 4073 4057
f 4084 4075 4074
f 4084 4076 4075
f 4084 4077 4076
f 4084 4078 4077
f 4084 4079 4078
f 4084 4080 4079
f 4084 4081 4080
f 4084 4082 4081
f 4084 4083 4082
f 4084 4085 4083
f 4084 4086 4085
f 4084 4087 4086
f 4089 4088 4087
f 4089 4087 4084
f 4089 4090 4088
f 4089 4091 4090
f 4089 4092 4091
f 4089 4093 4092
f 4089 4094 4093
f 4100 4095 4094
f 4100 4094 4089
f 4114 4089 4084
f 4100 4096 4095
f 4100 4097 4096
f 4100 4098 4097
f 4100 4099 4098
f 4100 4101 4099
f 4100 4102 4101
f 4100 4103 4102
f 4100 4104 4103
f 4114 4100 4089
f 4114 4104 4100
f 4114 4105 4104
f 4114 4106 4105
f 4114 4107 4106
f 4114 4108 4107
f 4114 4109 4108
f 4114 4110 4109
f 4114 4111 4110
f 4114 4112 4111
f 4114 4113 4112
f 4119 4113 4114
f 4119 4115 4113
f 4119 4116 4115
f 4119 4117 4116
f 4119 4118 4117
f 4119 4120 4118
f 4119 4121 4120
f 4119 4122 4121
f 4119 4123 4122
f 4119 4124 4123
f 3999 4119 4114
f 4119 3999 4058
f 4119 4058 4124
f 3987 4126 4125
f 4059 4127 4126
f 4059 4126 3987
f 4060 4128 4127
f 4060 4127 4059
f 4061 4129 4128
f 4061 4128 4060
f 4062 4130 4129
f 4062 4129 4061
f 4063 4131 4130
f 4063 4130 4062
f 4064 4132 4131
f 4064 4131 4063
f 4065 4133 4132
f 4065 4132 4064
f 4066 4134 4133
f 4066 4133 4065
f 4067 4135 4134
f 4067 4134 4066
f 4068 4136 4135
f 4068 4135 4067
f 4069 4137 4136
f 4069 4136 4068
f 4070 4138 4137
f 4070 4137 4069
f 4071 4139 4138
f 4071 4138 4070
f 4072 4140 4139
f 4072 4139 4071
f 4073 4141 4140
f 4073 4140 4072
f 4074 4142 4141
f 4074 4141 4073
f 4075 4143 4142
f 4075 4142 4074
f 4076 4143 4075
f 4076 4144 4143
f 4077 4144 4076
f 4077 4145 4144
f 4078 4145 4077
f 4078 4146 4145
f 4079 4146 4078
f 4079 4147 4146
f 4080 4147 4079
f 4080 4148 4147
f 4081 4149 4148
f 4081 4148 4080
f 4082 4150 4149
f 4082 4149 4081
f 4083 4151 4150
f 4083 4150 4082
f 4085 4152 4151
f 4085 4151 4083
f 4086 4153 4152
f 4086 4152 4085
f 4087 4154 4153
f 4087 4153 4086
f 4088 4155 4154
f 4088 4154 4087
f 4090 4156 4155
f 4090 4155 4088
f 4091 4157 4156
f 4091 4156 4090
f 4092 4158 4157
f 4092 4157 4091
f 4093 4159 4158
f 4093 4158 4092
f 4094 4160 4159
f 4094 4159 4093
f 4095 4161 4160
f 4095 4160 4094
f 4096 4162 4161
f 4096 4161 4095
f 4097 4163 4162
f 4097 4162 4096
f 4098 4164 4163
f 4098 4163 4097
f 4099 4165 4164
f 4099 4164 4098
f 4101 4166 4165
f 4101 4165 4099
f 4102 4167 4166
f 4102 4166 4101
f 4103 4168 4167
f 4103 4167 4102
f 4104 4168 4103
f 4104 4169 4168
f 4105 4169 4104
f 4105 4170 4169
f 4106 4170 4105
f 4106 4171 4170
f 4107 4171 4106
f 4107 4172 4171
f 4108 4172 4107
f 4108 4173 4172
f 4109 4173 4108
f 4109 4174 4173
f 4110 4174 4109
f 4110 4175 4174
f 4111 4175 4110
f 4111 4176 4175
f 4112 4176 4111
f 4112 4177 4176
f 4113 4177 4112
f 4113 4178 4177
f 4115 4178 4113
f 4115 4179 4178
f 4116 4179 4115
f 4116 4180 4179
f 4117 4180 4116
f 4117 4181 4180
f 4118 4182 4181
f 4118 4181 4117
f 4120 4183 4182
f 4120 4182 4118
f 4121 4184 4183
f 4121 4183 4120
f 4122 4185 4184
f 4122 4184 4121
f 4123 4186 4185
f 4123 4185 4122
f 4124 4187 4186
f 4124 4186 4123
f 4058 4188 4187
f 4058 4187 4124
f 3988 4188 4058
f 3988 4189 4188
f 3989 4189 3988
f 3989 4190 4189
f 3990 4190 3989
f 3990 4191 4190
f 3991 4191 3990
f 3991 4192 4191
f 3992 4192 3991
f 3992 4193 4192
f 3993 4193 3992
f 3993 4194 4193
f 3994 4194 3993
f 3994 4195 4194
f 3995 4195 3994
f 3995 4196 4195
f 3996 4196 3995
f 3996 4197 4196
f 3997 4197 3996
f 3997 4198 4197
f 3998 4198 3997
f 3998 4199 4198
f 4000 4200 4199
f 4000 4199 3998
f 4001 4201 4200
f 4001 4200 4000
f 4002 4202 4201
f 4002 4201 4001
f 4003 4203 4202
f 4003 4202 4002
f 4004 4204 4203
f 4004 4203 4003
f 4005 4205 4204
f 4005 4204 4004
f 4006 4206 4205
f 4006 4205 4005
f 4007 4206 4006
f 4007 4207 4206
f 4008 4207 4007
f 4008 4208 4207
f 4009 4208 4008
f 4009 4209 4208
f 4010 4209 4009
f 4010 4210 4209
f 4011 4210 4010
f 4011 4211 4210
f 4012 4211 4011
f 4012 4212 4211
f 4013 4212 4012
f 4013 4213 4212
f 4015 4213 4013
f 4015 4214 4213
f 4016 4214 4015
f 4016 4215 4214
f 4017 4215 4016
f 4017 4216 4215
f 4018 4216 4017
f 4018 4217 4216
f 4020 4217 4018
f 4020 4218 4217
f 4021 4218 4020
f 4021 4219 4218
f 4022 4219 4021
f 4022 4220 4219
f 4023 4220 4022
f 4023 4221 4220
f 4024 4221 4023
f 4024 4222 4221
f 4026 4222 4024
f 4026 4223 4222
f 4027 4224 4223
f 4027 4223 4026
f 4028 4225 4224
f 4028 4224 4027
f 4029 4226 4225
f 4029 4225 4028
f 4030 4227 4226
f 4030 4226 4029
f 4031 4228 4227
f 4031 4227 4030
f 4032 4229 4228
f 4032 4228 4031
f 4033 4230 4229
f 4033 4229 4032
f 4034 4231 4230
f 4034 4230 4033
f 4035 4231 4034
f 4035 4232 4231
f 4036 4233 4232
f 4036 4232 4035
f 4037 4234 4233
f 4037 4233 4036
f 4038 4235 4234
f 4038 4234 4037
f 4039 4236 4235
f 4039 4235 4038
f 4040 4237 4236
f 4040 4236 4039
f 4041 4238 4237
f 4041 4237 4040
f 4042 4239 4238
f 4042 4238 4041
f 4043 4240 4239
f 4043 4239 4042
f 4045 4241 4240
f 4045 4240 4043
f 4046 4242 4241
f 4046 4241 4045
f 4047 4243 4242
f 4047 4242 4046
f 4048 4244 4243
f 4048 4243 4047
f 4049 4245 4244
f 4049 4244 4048
f 4050 4246 4245
f 4050 4245 4049
f 4052 4247 4246
f 4052 4246 4050
f 4053 4248 4247
f 4053 4247 4052
f 4054 4249 4248
f 4054 4248 4053
f 4055 4250 4249
f 4055 4249 4054
f 3986 4125 4250
f 3986 4250 4055
f 3987 4125 3986
f 4125 4256 4250
f 4261 4188 4189
f 4261 4189 4190
f 4261 4190 4191
f 4261 4191 4192
f 4261 4192 4193
f 4261 4193 4194
f 4261 4194 4195
f 4251 4195 4196
f 4251 4261 4195
f 4251 4196 4197
f 4251 4197 4198
f 4251 4198 4199
f 4251 4199 4200
f 4251 4200 4201
f 4252 4253 4251
f 4251 4201 4202
f 4251 4202 4203
f 4251 4203 4204
f 4251 4204 4205
f 4252 4205 4206
f 4252 4251 4205
f 4252 4206 4207
f 4252 4207 4208
f 4252 4208 4209
f 4252 4209 4210
f 4252 4210 4211
f 4252 4211 4212
f 4252 4212 4213
f 4252 4213 4214
f 4252 4214 4215
f 4252 4215 4216
f 4253 4252 4216
f 4253 4216 4217
f 4253 4217 4218
f 4253 4218 4219
f 4254 4219 4220
f 4254 4220 4221
f 4254 4253 4219
f 4254 4221 4222
f 4254 4222 4223
f 4254 4223 4224
f 4254 4224 4225
f 4254 4225 4226
f 4254 4226 4227
f 4254 4227 4228
f 4254 4228 4229
f 4254 4229 4230
f 4254 4230 4231
f 4254 4231 4232
f 4255 4232 4233
f 4255 4254 4232
f 4255 4233 4234
f 4255 4234 4235
f 4255 4235 4236
f 4255 4236 4237
f 4255 4237 4238
f 4255 4238 4239
f 4255 4239 4240
f 4255 4240 4241
f 4255 4241 4242
f 4255 4242 4243
f 4255 4243 4244
f 4255 4244 4245
f 4255 4245 4246
f 4255 4246 4247
f 4256 4247 4248
f 4256 4255 4247
f 4256 4248 4249
f 4256 4249 4250
f 4126 4256 4125
f 4256 4126 4127
f 4256 4127 4128
f 4256 4128 4129
f 4256 4129 4130
f 4256 4130 4131
f 4256 4131 4132
f 4256 4132 4133
f 4256 4133 4134
f 4257 4134 4135
f 4257 4256 4134
f 4257 4135 4136
f 4258 4256 4257
f 4257 4136 4137
f 4257 4137 4138
f 4257 4138 4139
f 4257 4139 4140
f 4257 4140 4141
f 4257 4141 4142
f 4257 4142 4143
f 4257 4143 4144
f 4257 4144 4145
f 4257 4145 4146
f 4258 4257 4146
f 4258 4146 4147
f 4258 4147 4148
f 4258 4148 4149
f 4258 4149 4150
f 4258 4150 4151
f 4258 4151 4152
f 4258 4152 4153
f 4258 4153 4154
f 4258 4154 4155
f 4258 4155 4156
f 4258 4156 4157
f 4258 4157 4158
f 4258 4158 4159
f 4259 4159 4160
f 4259 4258 4159
f 4259 4160 4161
f 4259 4161 4162
f 4259 4162 4163
f 4259 4163 4164
f 4259 4164 4165
f 4259 4165 4166
f 4259 4166 4167
f 4259 4167 4168
f 4259 4168 4169
f 4259 4169 4170
f 4259 4170 4171
f 4259 4171 4172
f 4259 4172 4173
f 4260 4259 4173
f 4260 4173 4174
f 4260 4174 4175
f 4260 4175 4176
f 4260 4176 4177
f 4260 4177 4178
f 4260 4178 4179
f 4260 4179 4180
f 4260 4180 4181
f 4260 4181 4182
f 4260 4182 4183
f 4261 4251 4260
f 4261 4260 4183
f 4261 4183 4184
f 4261 4184 4185
f 4261 4185 4186
f 4261 4186 4187
f 4261 4187 4188
f 4258 4259 4260
f 4256 4258 4260
f 4253 4256 4260
f 4253 4260 4251
f 4255 4253 4254
f 4255 4256 4253
