# https://github.com/mikedh/trimesh
v 0.06130000 0.00370934 -0.00803513
v 0.05650000 0.00370934 -0.00803513
v 0.05650000 0.00373662 -0.00802335
v 0.06130000 0.00373662 -0.00802335
v 0.05650000 0.00376445 -0.00801293
v 0.06130000 0.00376445 -0.00801293
v 0.05650000 0.00379276 -0.00800390
v 0.06130000 0.00379276 -0.00800390
v 0.05650000 0.00382148 -0.00799629
v 0.06130000 0.00382148 -0.00799629
v 0.05650000 0.00385054 -0.00799010
v 0.06130000 0.00385054 -0.00799010
v 0.05650000 0.00387988 -0.00798537
v 0.06130000 0.00387988 -0.00798537
v 0.05650000 0.00390941 -0.00798209
v 0.06130000 0.00390941 -0.00798209
v 0.05650000 0.00393907 -0.00798028
v 0.06130000 0.00393907 -0.00798028
v 0.05650000 0.00396879 -0.00797994
v 0.06130000 0.00396879 -0.00797994
v 0.06130000 0.00399848 -0.00798107
v 0.05650000 0.00399848 -0.00798107
v 0.06130000 0.00402808 -0.00798367
v 0.05650000 0.00402808 -0.00798367
v 0.06130000 0.00405752 -0.00798773
v 0.05650000 0.00405752 -0.00798773
v 0.05650000 0.00815076 -0.01044642
v 0.05650000 0.00821324 -0.00955655
v 0.05650000 0.00823326 -0.00957832
v 0.05650000 0.00825218 -0.00960106
v 0.05650000 0.00826995 -0.00962470
v 0.05650000 0.00828654 -0.00964918
v 0.05650000 0.00830191 -0.00967446
v 0.05650000 0.00831601 -0.00970046
v 0.05650000 0.00832881 -0.00972712
v 0.05650000 0.00834028 -0.00975439
v 0.05650000 0.00835039 -0.00978218
v 0.05650000 0.00835912 -0.00981044
v 0.05650000 0.00836645 -0.00983910
v 0.05650000 0.00837236 -0.00986808
v 0.05650000 0.00837683 -0.00989732
v 0.05650000 0.00837985 -0.00992674
v 0.05650000 0.00838142 -0.00995628
v 0.05650000 0.00838154 -0.00998585
v 0.05650000 0.00838019 -0.01001540
v 0.05650000 0.00837739 -0.01004484
v 0.05650000 0.00837315 -0.01007412
v 0.05650000 0.00836747 -0.01010314
v 0.05650000 0.00836036 -0.01013185
v 0.05650000 0.00835185 -0.01016018
v 0.05650000 0.00834195 -0.01018805
v 0.05650000 0.00833069 -0.01021540
v 0.05650000 0.00831809 -0.01024216
v 0.05650000 0.00830419 -0.01026827
v 0.05650000 0.00828903 -0.01029366
v 0.05650000 0.00827262 -0.01031828
v 0.05650000 0.00825503 -0.01034205
v 0.05650000 0.00823629 -0.01036493
v 0.05650000 0.00821644 -0.01038686
v 0.05650000 0.00819553 -0.01040779
v 0.05650000 0.00817362 -0.01042765
v 0.05650000 0.00419383 -0.00802698
v 0.05650000 0.00416738 -0.00801656
v 0.05650000 0.00421977 -0.00803864
v 0.05650000 0.00424512 -0.00805152
v 0.05650000 0.00414046 -0.00800741
v 0.05650000 0.00408546 -0.00799297
v 0.05650000 0.00411313 -0.00799954
v 0.05650000 0.00750267 -0.00937696
v 0.05850000 0.00313281 -0.00827958
v 0.05650000 0.00248389 -0.00849743
v 0.05650000 0.00245717 -0.00850913
v 0.05650000 0.00251114 -0.00848705
v 0.05650000 0.00253887 -0.00847801
v 0.05650000 0.00240559 -0.00853633
v 0.05650000 0.00243105 -0.00852210
v 0.05650000 0.00235690 -0.00856842
v 0.05650000 0.00238085 -0.00855179
v 0.05650000 0.00233378 -0.00858620
v 0.05650000 0.00231155 -0.00860509
v 0.05650000 0.00229026 -0.00862503
v 0.05650000 0.00226997 -0.00864598
v 0.05650000 0.00225072 -0.00866789
v 0.05650000 0.00223256 -0.00869071
v 0.05650000 0.00221553 -0.00871439
v 0.05650000 0.00219967 -0.00873887
v 0.05650000 0.00218502 -0.00876409
v 0.05650000 0.00217161 -0.00878999
v 0.05650000 0.00215948 -0.00881651
v 0.05650000 0.00214865 -0.00884359
v 0.05650000 0.00025404 -0.01231974
v 0.05650000 0.00023938 -0.01234584
v 0.05650000 0.00026998 -0.01229441
v 0.05650000 0.00028717 -0.01226991
v 0.05650000 0.00022604 -0.01237263
v 0.05650000 0.00080616 -0.01322545
v 0.05650000 0.00030556 -0.01224629
v 0.05650000 0.00151665 -0.01068986
v 0.05650000 0.00021405 -0.01240006
v 0.05650000 0.00020345 -0.01242805
v 0.05650000 0.00019425 -0.01245653
v 0.05650000 0.00077945 -0.01322648
v 0.05650000 0.00072603 -0.01322498
v 0.05650000 0.00075273 -0.01322633
v 0.05650000 0.00069943 -0.01322244
v 0.05650000 0.00017533 -0.01254423
v 0.05650000 0.00017197 -0.01257397
v 0.05650000 0.00018018 -0.01251469
v 0.05650000 0.00018649 -0.01248544
v 0.05650000 0.00017009 -0.01260384
v 0.05650000 0.00067296 -0.01321872
v 0.05650000 0.00058574 -0.01319768
v 0.05650000 0.00064355 -0.01321316
v 0.05650000 0.00061445 -0.01320614
v 0.05650000 0.00055749 -0.01318780
v 0.05650000 0.00052977 -0.01317652
v 0.05650000 0.00017081 -0.01266368
v 0.05650000 0.00017340 -0.01269350
v 0.05650000 0.00016970 -0.01263377
v 0.05650000 0.00017748 -0.01272315
v 0.05650000 0.00018304 -0.01275256
v 0.05650000 0.00045044 -0.01313460
v 0.05650000 0.00050264 -0.01316387
v 0.05650000 0.00047618 -0.01314989
v 0.05650000 0.00019005 -0.01278166
v 0.05650000 0.00019850 -0.01281037
v 0.05650000 0.00020838 -0.01283862
v 0.05650000 0.00035607 -0.01306124
v 0.05650000 0.00042550 -0.01311805
v 0.05650000 0.00040142 -0.01310028
v 0.05650000 0.00037826 -0.01308132
v 0.05650000 0.00023230 -0.01289348
v 0.05650000 0.00021966 -0.01286635
v 0.05650000 0.00033490 -0.01304007
v 0.05650000 0.00024628 -0.01291995
v 0.05650000 0.00029587 -0.01299471
v 0.05650000 0.00031482 -0.01301788
v 0.05650000 0.00026156 -0.01294568
v 0.05650000 0.00027811 -0.01297062
v 0.06130000 0.00253887 -0.00847801
v 0.06130000 0.00214865 -0.00884359
v 0.06130000 0.00215948 -0.00881651
v 0.06130000 0.00217161 -0.00878999
v 0.06130000 0.00218502 -0.00876409
v 0.06130000 0.00219967 -0.00873887
v 0.06130000 0.00221553 -0.00871439
v 0.06130000 0.00223256 -0.00869071
v 0.06130000 0.00225072 -0.00866789
v 0.06130000 0.00226997 -0.00864598
v 0.06130000 0.00229026 -0.00862503
v 0.06130000 0.00231155 -0.00860509
v 0.06130000 0.00233378 -0.00858620
v 0.06130000 0.00235690 -0.00856842
v 0.06130000 0.00238085 -0.00855179
v 0.06130000 0.00240559 -0.00853633
v 0.06130000 0.00243105 -0.00852210
v 0.06130000 0.00245717 -0.00850913
v 0.06130000 0.00248389 -0.00849743
v 0.06130000 0.00251114 -0.00848705
v 0.06130000 0.00077945 -0.01322648
v 0.06164529 0.00786036 -0.01236947
v 0.06130000 0.00075273 -0.01322633
v 0.06130000 0.00072603 -0.01322498
v 0.06130000 0.00069943 -0.01322244
v 0.06130000 0.00067296 -0.01321872
v 0.06130000 0.00064355 -0.01321316
v 0.06130000 0.00061445 -0.01320614
v 0.06130000 0.00058574 -0.01319768
v 0.06130000 0.00055749 -0.01318780
v 0.06130000 0.00052977 -0.01317652
v 0.06130000 0.00050264 -0.01316387
v 0.06130000 0.00047618 -0.01314989
v 0.06130000 0.00045044 -0.01313460
v 0.06130000 0.00042550 -0.01311805
v 0.06130000 0.00040142 -0.01310028
v 0.06130000 0.00037826 -0.01308132
v 0.06130000 0.00035607 -0.01306124
v 0.06130000 0.00033490 -0.01304007
v 0.06130000 0.00031482 -0.01301788
v 0.06130000 0.00029587 -0.01299471
v 0.06130000 0.00027811 -0.01297062
v 0.06130000 0.00026156 -0.01294568
v 0.06130000 0.00024628 -0.01291995
v 0.06130000 0.00023230 -0.01289348
v 0.06130000 0.00021966 -0.01286635
v 0.06130000 0.00020838 -0.01283862
v 0.06130000 0.00019850 -0.01281037
v 0.06130000 0.00019005 -0.01278166
v 0.06130000 0.00018304 -0.01275256
v 0.06130000 0.00017748 -0.01272315
v 0.06130000 0.00017340 -0.01269350
v 0.06130000 0.00017081 -0.01266368
v 0.06130000 0.00016970 -0.01263377
v 0.06130000 0.00017009 -0.01260384
v 0.06130000 0.00017197 -0.01257397
v 0.06130000 0.00017533 -0.01254423
v 0.06130000 0.00018018 -0.01251469
v 0.06130000 0.00018649 -0.01248544
v 0.06130000 0.00019425 -0.01245653
v 0.06130000 0.00020345 -0.01242805
v 0.06130000 0.00021405 -0.01240006
v 0.06130000 0.00022604 -0.01237263
v 0.06130000 0.00023938 -0.01234584
v 0.06130000 0.00025404 -0.01231974
v 0.06130000 0.00026998 -0.01229441
v 0.06130000 0.00028717 -0.01226991
v 0.06130000 0.00150801 -0.01071147
v 0.06176667 0.01130424 0.00953397
v 0.06130000 0.01105050 0.00731088
v 0.06130000 0.01269929 0.00798298
v 0.06130000 0.01106620 0.00728582
v 0.06130000 0.01108066 0.00726002
v 0.06130000 0.01109382 0.00723353
v 0.06130000 0.01110566 0.00720642
v 0.06130000 0.01111615 0.00717877
v 0.06130000 0.01112527 0.00715063
v 0.06130000 0.01113299 0.00712208
v 0.06130000 0.01113929 0.00709318
v 0.06130000 0.01114416 0.00706401
v 0.06130000 0.01308143 0.00734005
v 0.06130000 0.01114759 0.00703463
v 0.06130000 0.01114956 0.00700512
v 0.06130000 0.01115008 0.00697555
v 0.06130000 0.01114914 0.00694598
v 0.06130000 0.01114675 0.00691650
v 0.06130000 0.01114290 0.00688718
v 0.06130000 0.01113761 0.00685807
v 0.06130000 0.01113090 0.00682927
v 0.06130000 0.01112278 0.00680083
v 0.06130000 0.01343104 0.00667887
v 0.06130000 0.01111326 0.00677282
v 0.06130000 0.01110237 0.00674532
v 0.06130000 0.01109015 0.00671839
v 0.06130000 0.01107661 0.00669209
v 0.06130000 0.01106179 0.00666650
v 0.06130000 0.01104572 0.00664166
v 0.06130000 0.01102846 0.00661765
v 0.06130000 0.01374725 0.00600108
v 0.06130000 0.01101003 0.00659451
v 0.06130000 0.01099048 0.00657232
v 0.06130000 0.01096986 0.00655111
v 0.06130000 0.01094822 0.00653094
v 0.06130000 0.01092562 0.00651187
v 0.06130000 0.01090210 0.00649393
v 0.06130000 0.01402929 0.00530838
v 0.06130000 0.01087773 0.00647717
v 0.06130000 0.01085256 0.00646164
v 0.06130000 0.01082665 0.00644736
v 0.06130000 0.01080008 0.00643438
v 0.06130000 0.01427646 0.00460248
v 0.06130000 0.01077289 0.00642272
v 0.06130000 0.01074517 0.00641242
v 0.06130000 0.01071697 0.00640350
v 0.06130000 0.00530286 0.01403138
v 0.06130000 0.00494649 0.01229145
v 0.06130000 0.00492110 0.01229980
v 0.06130000 0.00489537 0.01230701
v 0.06130000 0.00486934 0.01231307
v 0.06130000 0.00484306 0.01231796
v 0.06130000 0.00481341 0.01232205
v 0.06130000 0.00478359 0.01232465
v 0.06130000 0.00475368 0.01232576
v 0.06130000 0.00472375 0.01232538
v 0.06130000 0.00459686 0.01427826
v 0.06130000 0.00469388 0.01232351
v 0.06130000 0.00466414 0.01232015
v 0.06130000 0.00463460 0.01231531
v 0.06130000 0.00460534 0.01230900
v 0.06130000 0.00457644 0.01230124
v 0.06130000 0.00454795 0.01229205
v 0.06130000 0.00451996 0.01228145
v 0.06130000 0.00449253 0.01226947
v 0.06130000 0.00387944 0.01448965
v 0.06130000 0.00446573 0.01225614
v 0.06130000 0.00443964 0.01224148
v 0.06130000 0.00441430 0.01222554
v 0.06130000 0.00438979 0.01220836
v 0.06130000 0.00436617 0.01218998
v 0.06130000 0.00434350 0.01217044
v 0.06130000 0.00432183 0.01214980
v 0.06130000 0.00315237 0.01466501
v 0.06130000 0.00430121 0.01212810
v 0.06130000 0.00428170 0.01210540
v 0.06130000 0.00426335 0.01208176
v 0.06130000 0.00424620 0.01205723
v 0.06130000 0.00423029 0.01203187
v 0.06130000 0.00421567 0.01200575
v 0.06130000 0.00420237 0.01197894
v 0.06130000 0.00241746 0.01480392
v 0.06130000 0.00419043 0.01195150
v 0.06130000 0.00417986 0.01192349
v 0.06130000 0.00417071 0.01189500
v 0.06130000 0.00416299 0.01186608
v 0.06130000 0.00167654 0.01490601
v 0.06130000 0.00415672 0.01183681
v 0.06130000 0.00415192 0.01180727
v 0.06130000 0.00414859 0.01177752
v 0.06116286 0.01042064 0.00107250
v 0.06130000 0.01065942 0.00638987
v 0.06130000 0.01006903 0.00126043
v 0.06130000 0.01068837 0.00639597
v 0.06130000 0.00993345 0.00132362
v 0.06130000 0.01060082 0.00638197
v 0.06130000 0.01063022 0.00638520
v 0.06130000 0.00979488 0.00137998
v 0.06130000 0.01054172 0.00637988
v 0.06130000 0.01057129 0.00638020
v 0.06130000 0.00965368 0.00142935
v 0.06130000 0.01051216 0.00638103
v 0.06130000 0.00951020 0.00147163
v 0.06130000 0.01045340 0.00638767
v 0.06130000 0.01048270 0.00638362
v 0.06130000 0.00936478 0.00150670
v 0.06130000 0.01029058 0.00642087
v 0.06130000 0.01042341 0.00639335
v 0.06130000 0.01043338 0.00639129
v 0.06130000 0.01044337 0.00638939
v 0.06118571 0.00815697 0.00153798
v 0.06130000 0.00911922 0.00659595
v 0.06124783 0.01188630 -0.00088533
v 0.05835806 0.00784353 0.00655424
v 0.06130000 0.00788528 0.00145105
v 0.06130000 0.00658590 0.00628283
v 0.06130000 0.00661380 0.00628830
v 0.06130000 0.00774292 0.00140516
v 0.06130000 0.00652947 0.00627588
v 0.06130000 0.00655776 0.00627869
v 0.06130000 0.00650107 0.00627442
v 0.06130000 0.00760301 0.00135222
v 0.06120943 0.01066637 -0.00377859
v 0.06130000 0.00414642 0.01171772
v 0.06130000 -0.00067483 0.00999850
v 0.06130000 0.00414757 0.01168781
v 0.06130000 0.00415021 0.01165800
v 0.06130000 -0.00076368 0.01011883
v 0.06130000 0.00414676 0.01174765
v 0.06112857 -0.00060563 0.00992703
v 0.05895854 0.00472684 0.00987444
v 0.06122381 -0.00170960 0.01099216
v 0.06122258 -0.00017879 0.00898240
v 0.06130000 0.00632966 0.00629450
v 0.06130000 0.00409520 0.00286869
v 0.06130000 0.00635855 0.00628755
v 0.06130000 0.00638775 0.00628203
v 0.06130000 0.00394711 0.00306925
v 0.06130000 0.00624554 0.00632380
v 0.06130000 0.00627309 0.00631265
v 0.06130000 0.00630115 0.00630287
v 0.06130000 0.00423310 0.00266099
v 0.06130000 0.00641591 0.00627812
v 0.06130000 0.00644423 0.00627554
v 0.06130000 0.00647264 0.00627431
v 0.06130000 0.00616669 0.00636523
v 0.06130000 0.00378922 0.00326218
v 0.06130000 0.00619228 0.00635013
v 0.06130000 0.00621859 0.00633631
v 0.06130000 0.00436048 0.00244668
v 0.06130000 0.00611792 0.00639916
v 0.06130000 0.00362190 0.00344700
v 0.06130000 0.00614189 0.00638159
v 0.06130000 0.00323956 0.00381380
v 0.06130000 0.00562028 0.00683967
v 0.06130000 0.00505801 0.00726585
v 0.06130000 0.00286708 0.00409632
v 0.06130000 0.00508055 0.00724734
v 0.06130000 0.00485125 0.00775898
v 0.06130000 0.00501576 0.00730605
v 0.06130000 0.00265933 0.00423414
v 0.06130000 0.00503640 0.00728544
v 0.06330357 0.01525060 -0.00356840
v 0.06130000 -0.00014331 0.00801640
v 0.06130000 0.00485007 0.00772984
v 0.06130000 0.00485030 0.00770068
v 0.06130000 0.00496020 0.00737355
v 0.06130000 0.00244497 0.00436144
v 0.06130000 0.00497762 0.00735016
v 0.06130000 0.00499615 0.00732764
v 0.06130000 -0.00016003 0.00786776
v 0.06130000 0.00485196 0.00767156
v 0.06130000 0.00485502 0.00764255
v 0.06130000 0.00491503 0.00744841
v 0.06130000 0.00222453 0.00447789
v 0.06130000 0.00492887 0.00742274
v 0.06130000 0.00494393 0.00739776
v 0.06130000 -0.00018413 0.00772013
v 0.06130000 0.00485949 0.00761373
v 0.06130000 0.00488122 0.00752904
v 0.06130000 0.00199856 0.00458320
v 0.06130000 0.00489118 0.00750163
v 0.06130000 0.00490246 0.00747473
v 0.06130000 0.00486536 0.00758516
v 0.06130000 0.00176762 0.00467713
v 0.06130000 0.00487261 0.00755691
v 0.06130000 0.00153229 0.00475942
v 0.06124217 -0.00086259 0.00613571
v 0.06130000 0.01161184 -0.00949554
v 0.06130000 0.00826995 -0.00962470
v 0.06130000 0.01112409 -0.01006253
v 0.06130000 0.00825218 -0.00960106
v 0.06130000 0.00828654 -0.00964918
v 0.06130000 0.00823326 -0.00957832
v 0.06130000 0.00830191 -0.00967446
v 0.06130000 0.00760872 -0.00940532
v 0.06130000 0.00831601 -0.00970046
v 0.06130000 0.00832881 -0.00972712
v 0.06130000 0.00834028 -0.00975439
v 0.06130000 0.00835039 -0.00978218
v 0.06130000 0.01060869 -0.01060452
v 0.06130000 0.00835912 -0.00981044
v 0.06130000 0.00836645 -0.00983910
v 0.06123514 0.00802071 -0.00438495
v 0.06130000 0.00837236 -0.00986808
v 0.06130000 0.00837683 -0.00989732
v 0.06130000 0.00837985 -0.00992674
v 0.06130000 0.00838142 -0.00995628
v 0.06130000 0.00838154 -0.00998585
v 0.06130000 0.01006691 -0.01112013
v 0.06130000 0.00838019 -0.01001540
v 0.06130000 0.00837739 -0.01004484
v 0.06130000 0.00837315 -0.01007412
v 0.06130000 0.00836747 -0.01010314
v 0.06130000 0.00836036 -0.01013185
v 0.06130000 0.00835185 -0.01016018
v 0.06130000 0.00834195 -0.01018805
v 0.06130000 0.00833069 -0.01021540
v 0.06130000 0.00831809 -0.01024216
v 0.06130000 0.00950010 -0.01160810
v 0.06130000 0.00830419 -0.01026827
v 0.06130000 0.00828903 -0.01029366
v 0.06130000 0.00827262 -0.01031828
v 0.06130000 0.00825503 -0.01034205
v 0.06130000 0.00823629 -0.01036493
v 0.06130000 0.00821644 -0.01038686
v 0.06130000 0.00819553 -0.01040779
v 0.06130000 0.00335564 -0.00370671
v 0.06130000 0.00677789 -0.00370060
v 0.06130000 0.00817362 -0.01042765
v 0.06130000 0.00815076 -0.01044642
v 0.06123333 -0.00367679 0.00525027
v 0.06112857 0.00691942 -0.00383708
v 0.06130000 0.00424512 -0.00805152
v 0.06130000 0.00689369 -0.00379529
v 0.06130000 0.00421977 -0.00803864
v 0.06130000 0.00419383 -0.00802698
v 0.06130000 0.00416738 -0.00801656
v 0.06130000 0.00414046 -0.00800741
v 0.06130000 0.00316670 -0.00386937
v 0.06130000 0.00411313 -0.00799954
v 0.06130000 0.00408546 -0.00799297
v 0.06130000 0.00296989 -0.00402241
v 0.06130000 0.00276570 -0.00416544
v 0.06130000 0.00255463 -0.00429812
v 0.06130000 0.00233721 -0.00442012
v 0.06130000 0.00211398 -0.00453112
v 0.06130000 -0.00429913 0.00255294
v 0.06130000 -0.00497256 0.00590829
v 0.06130000 0.00179054 -0.00466992
v 0.06130000 0.00141504 -0.00479559
v 0.06130000 0.00117424 -0.00486016
v 0.06130000 0.00093052 -0.00491265
v 0.06130000 0.00068449 -0.00495293
v 0.06327634 -0.00454798 0.01403584
v 0.06130000 0.00043676 -0.00498089
v 0.06130000 0.00018794 -0.00499647
v 0.06130000 -0.00006135 -0.00499962
v 0.06116154 -0.00611513 0.00794057
v 0.06130000 -0.01082808 0.00599062
v 0.06130000 -0.00609254 0.00779263
v 0.06343153 -0.01343290 0.00699525
v 0.06130000 -0.01081154 0.00596566
v 0.06120943 -0.00610986 0.00882766
v 0.06130000 -0.01079626 0.00593991
v 0.06130000 -0.00606470 0.00764566
v 0.06130000 -0.01078228 0.00591343
v 0.06130000 -0.00602957 0.00750026
v 0.06130000 -0.01076965 0.00588628
v 0.06130000 -0.01075838 0.00585854
v 0.06130000 -0.00598724 0.00735679
v 0.06130000 -0.01074851 0.00583027
v 0.06116667 -0.00587384 0.00702439
v 0.06130000 -0.00871506 0.00253809
v 0.06130000 -0.00869816 0.00251432
v 0.06130000 -0.00508836 0.00600298
v 0.06130000 -0.00873310 0.00256101
v 0.06130000 -0.00519929 0.00610333
v 0.06130000 -0.00868244 0.00248976
v 0.06130000 -0.00875223 0.00258303
v 0.06130000 -0.00866792 0.00246446
v 0.06130000 -0.00442104 0.00233547
v 0.06130000 -0.00865465 0.00243849
v 0.06130000 -0.00864266 0.00241190
v 0.06130000 -0.00453195 0.00211220
v 0.06130000 -0.00863198 0.00238476
v 0.06130000 -0.00862262 0.00235714
v 0.06130000 -0.00861462 0.00232909
v 0.06130000 -0.00463161 0.00188368
v 0.06130000 -0.00860800 0.00230068
v 0.06130000 -0.00860276 0.00227199
v 0.06130000 -0.00859892 0.00224308
v 0.06130000 -0.00471974 0.00165047
v 0.06130000 -0.00859649 0.00221401
v 0.06130000 -0.00549213 0.00641350
v 0.06130000 -0.00859548 0.00218487
v 0.06130000 -0.00859588 0.00215570
v 0.06130000 -0.00479614 0.00141316
v 0.06130000 -0.00859770 0.00212659
v 0.06130000 -0.00493631 0.00084193
v 0.06121864 -0.00473648 -0.00393213
v 0.06126160 -0.00334631 -0.00438669
v 0.06130000 -0.00263045 -0.00726051
v 0.06130000 -0.00265456 -0.00740814
v 0.06112857 -0.00265741 -0.00750758
v 0.06130000 -0.00872627 0.00142499
v 0.06130000 -0.00499654 0.00018597
v 0.06130000 -0.00882757 0.00071893
v 0.06130000 -0.00883511 0.00069075
v 0.06130000 -0.00499960 -0.00006331
v 0.06130000 -0.00884400 0.00066297
v 0.06130000 -0.00885423 0.00063566
v 0.06130000 -0.00886578 0.00060888
v 0.06130000 -0.00499023 -0.00031245
v 0.06130000 -0.00887862 0.00058269
v 0.06118000 -0.00621063 -0.00389544
v 0.06130000 -0.00889271 0.00055715
v 0.06130000 -0.00890803 0.00053233
v 0.06130000 -0.00496845 -0.00056080
v 0.06130000 -0.00892454 0.00050829
v 0.06130000 -0.00894219 0.00048507
v 0.06130000 -0.00896096 0.00046274
v 0.06130000 -0.00493432 -0.00080776
v 0.06130000 -0.00898078 0.00044135
v 0.06130000 -0.00900162 0.00042095
v 0.06130000 -0.00488792 -0.00105271
v 0.06130000 -0.00902343 0.00040158
v 0.06130000 -0.00904616 0.00038330
v 0.06130000 -0.00659376 -0.00401953
v 0.06130000 -0.00909413 0.00035015
v 0.06130000 -0.00673366 -0.00407247
v 0.06130000 -0.00906974 0.00036614
v 0.06130000 -0.00295699 -0.00833395
v 0.06130000 -0.00687076 -0.00413231
v 0.06130000 -0.00911927 0.00033536
v 0.06130000 -0.00348063 -0.00897189
v 0.06121273 -0.00752549 -0.00450999
v 0.06130000 -0.00358898 -0.00907501
v 0.06130000 0.00056381 -0.01498940
v 0.06130000 -0.00370235 -0.00917261
v 0.06130000 -0.00382043 -0.00926443
v 0.06130000 -0.00394295 -0.00935025
v 0.06130000 -0.00018405 -0.01499887
v 0.06130000 -0.00093145 -0.01497105
v 0.06130000 -0.00167654 -0.01490601
v 0.06130000 -0.00241746 -0.01480392
v 0.06112857 -0.00814515 -0.00522676
v 0.05900141 -0.01084320 -0.00070543
v 0.06130000 -0.01210331 -0.00217625
v 0.06130000 -0.00818184 -0.00531922
v 0.06130000 -0.00315237 -0.01466501
v 0.06130000 -0.01212499 -0.00219691
v 0.06130000 -0.00825499 -0.00544970
v 0.06130000 -0.01214766 -0.00221646
v 0.06130000 -0.01217129 -0.00223486
v 0.06130000 -0.00832154 -0.00558366
v 0.06130000 -0.01219580 -0.00225206
v 0.06130000 -0.01222114 -0.00226801
v 0.06130000 -0.00838133 -0.00572078
v 0.06130000 -0.01224725 -0.00228268
v 0.06130000 -0.01227405 -0.00229603
v 0.06120204 -0.00860655 -0.00647704
v 0.06130000 -0.01308451 -0.00197677
v 0.06130000 -0.01480296 -0.00242328
v 0.06130000 -0.01307289 -0.00200367
v 0.06130000 -0.01305998 -0.00202997
v 0.06130000 -0.01304579 -0.00205562
v 0.06130000 -0.01303037 -0.00208053
v 0.06130000 -0.01311748 -0.00186447
v 0.06130000 -0.01311130 -0.00189311
v 0.06130000 -0.01310374 -0.00192142
v 0.06130000 -0.01309480 -0.00194933
v 0.06122727 -0.00515835 -0.00988500
v 0.06130000 -0.01466377 -0.00315813
v 0.06130000 -0.01301375 -0.00210467
v 0.06130000 -0.01299598 -0.00212797
v 0.06130000 -0.01297708 -0.00215036
v 0.06130000 -0.01295712 -0.00217182
v 0.06130000 -0.01293613 -0.00219227
v 0.06130000 -0.01291417 -0.00221167
v 0.06130000 -0.01289129 -0.00222997
v 0.06130000 -0.01286754 -0.00224714
v 0.06130000 -0.01284298 -0.00226313
v 0.06130000 -0.01448812 -0.00388513
v 0.06130000 -0.01281767 -0.00227789
v 0.06130000 -0.01279167 -0.00229141
v 0.06130000 -0.01276504 -0.00230364
v 0.06130000 -0.01273784 -0.00231455
v 0.06130000 -0.01271015 -0.00232413
v 0.06130000 -0.01268202 -0.00233234
v 0.06130000 -0.01265352 -0.00233916
v 0.06117368 -0.00649853 -0.00974583
v 0.06130000 -0.01427646 -0.00460248
v 0.06130000 -0.01262473 -0.00234459
v 0.06130000 -0.01259506 -0.00234868
v 0.06130000 -0.01256523 -0.00235128
v 0.06130000 -0.01253531 -0.00235239
v 0.06130000 -0.01250537 -0.00235201
v 0.06130000 -0.01247548 -0.00235013
v 0.06130000 -0.01402929 -0.00530838
v 0.06130000 -0.01244573 -0.00234676
v 0.06130000 -0.01241618 -0.00234192
v 0.06130000 -0.01238691 -0.00233560
v 0.06130000 -0.01235799 -0.00232784
v 0.06130000 -0.01374725 -0.00600108
v 0.06130000 -0.01232949 -0.00231864
v 0.06130000 -0.01230149 -0.00230802
v 0.06532143 0.01183381 -0.01035891
v 0.06556364 -0.00219867 -0.01586892
v 0.06566667 -0.01465333 -0.00600748
v 0.06296029 -0.01506597 -0.00057481
v 0.06543158 0.00162720 0.01565535
v 0.06565116 0.01423778 0.00714749
v 0.06628571 0.01364493 0.00623693
v 0.06636364 0.01427646 0.00460248
v 0.06543448 0.00816133 0.01328744
v 0.06539535 0.01558706 0.00202349
v 0.06636364 0.00315237 0.01466501
v 0.06636364 0.00167654 0.01490601
v 0.06636364 0.01207072 -0.00890493
v 0.06626667 0.01139787 -0.00975986
v 0.06628571 -0.01089722 0.01031586
v 0.06530092 0.00495968 -0.01506901
v 0.06636364 -0.01207072 0.00890493
v 0.06600000 0.00047066 -0.01500456
v 0.06636364 -0.00241746 -0.01480392
v 0.06636364 -0.00315237 -0.01466501
v 0.06367320 -0.00767487 -0.01333829
v 0.06636364 -0.01427646 -0.00460248
v 0.06636364 -0.01402929 -0.00530838
v 0.06633333 0.00241746 0.01480392
v 0.06650000 0.00093145 0.01497105
v 0.06650000 0.00018405 0.01499887
v 0.06650000 -0.00056381 0.01498940
v 0.06650000 -0.00131027 0.01494266
v 0.06650000 -0.00205348 0.01485878
v 0.06650000 -0.00279157 0.01473795
v 0.06650000 -0.00352273 0.01458048
v 0.06650000 -0.00424513 0.01438676
v 0.06650000 -0.00495697 0.01415728
v 0.06650000 -0.00565649 0.01389259
v 0.06650000 -0.00634195 0.01359337
v 0.06650000 -0.00701164 0.01326035
v 0.06650000 -0.00766389 0.01289437
v 0.06650000 -0.00829710 0.01249633
v 0.06650000 -0.00890968 0.01206722
v 0.06650000 -0.00950010 0.01160810
v 0.06650000 -0.01006691 0.01112013
v 0.06650000 -0.01060869 0.01060452
v 0.06650000 -0.01161184 0.00949554
v 0.06650000 -0.01249959 0.00829218
v 0.06650000 -0.01289738 0.00765882
v 0.06650000 -0.01326311 0.00700642
v 0.06650000 -0.01359586 0.00633660
v 0.06650000 -0.01389482 0.00565103
v 0.06650000 -0.01415922 0.00495140
v 0.06650000 -0.01438843 0.00423947
v 0.06650000 -0.01458186 0.00351699
v 0.06650000 -0.01473905 0.00278578
v 0.06650000 -0.01485958 0.00204763
v 0.06650000 -0.01494318 0.00130440
v 0.06650000 -0.01498962 0.00055792
v 0.06650000 -0.01499880 -0.00018994
v 0.06650000 -0.01497068 -0.00093734
v 0.06650000 -0.01490535 -0.00168240
v 0.06650000 -0.01480296 -0.00242328
v 0.06650000 -0.01466377 -0.00315813
v 0.06650000 -0.01448812 -0.00388513
v 0.06636364 -0.01359477 -0.00634260
v 0.06650000 -0.01343104 -0.00667887
v 0.06650000 -0.01308143 -0.00734005
v 0.06650000 -0.01269929 -0.00798298
v 0.06650000 -0.01228559 -0.00860606
v 0.06650000 -0.01184134 -0.00920775
v 0.06650000 -0.01136765 -0.00978655
v 0.06650000 -0.01086570 -0.01034101
v 0.06650000 -0.01033674 -0.01086977
v 0.06650000 -0.00978208 -0.01137150
v 0.06650000 -0.00920309 -0.01184496
v 0.06650000 -0.00860123 -0.01228897
v 0.06650000 -0.00797798 -0.01270243
v 0.06650000 -0.00733490 -0.01308431
v 0.06650000 -0.00667359 -0.01343366
v 0.06650000 -0.00599568 -0.01374961
v 0.06650000 -0.00530286 -0.01403138
v 0.06650000 -0.00459686 -0.01427826
v 0.06650000 -0.00387944 -0.01448965
v 0.06630769 -0.00142113 -0.01493532
v 0.06650000 -0.00093145 -0.01497105
v 0.06650000 -0.00018405 -0.01499887
v 0.06650000 0.00056381 -0.01498940
v 0.06650000 0.00131027 -0.01494266
v 0.06650000 0.00205348 -0.01485878
v 0.06650000 0.00279157 -0.01473795
v 0.06650000 0.00352273 -0.01458048
v 0.06650000 0.00424513 -0.01438676
v 0.06650000 0.00495697 -0.01415728
v 0.06650000 0.00565649 -0.01389259
v 0.06650000 0.00634195 -0.01359337
v 0.06650000 0.00701164 -0.01326035
v 0.06650000 0.00766389 -0.01289437
v 0.06650000 0.00829710 -0.01249633
v 0.06650000 0.00890968 -0.01206722
v 0.06650000 0.00950010 -0.01160810
v 0.06650000 0.01006691 -0.01112013
v 0.06650000 0.01060869 -0.01060452
v 0.06650000 0.01112409 -0.01006253
v 0.06650000 0.01249959 -0.00829218
v 0.06650000 0.01289738 -0.00765882
v 0.06650000 0.01326311 -0.00700642
v 0.06650000 0.01359586 -0.00633660
v 0.06650000 0.01389482 -0.00565103
v 0.06650000 0.01415922 -0.00495140
v 0.06650000 0.01438843 -0.00423947
v 0.06650000 0.01458186 -0.00351699
v 0.06650000 0.01473905 -0.00278578
v 0.06650000 0.01485958 -0.00204763
v 0.06650000 0.01494318 -0.00130440
v 0.06650000 0.01498962 -0.00055792
v 0.06650000 0.01499880 0.00018994
v 0.06650000 0.01497068 0.00093734
v 0.06650000 0.01490535 0.00168240
v 0.06650000 0.01480296 0.00242328
v 0.06650000 0.01466377 0.00315813
v 0.06650000 0.01448812 0.00388513
v 0.06650000 0.01402929 0.00530838
v 0.06650000 0.01343104 0.00667887
v 0.06650000 0.01308143 0.00734005
v 0.06650000 0.01269929 0.00798298
v 0.06650000 0.01228559 0.00860606
v 0.06650000 0.01184134 0.00920775
v 0.06650000 0.01136765 0.00978655
v 0.06650000 0.01086570 0.01034101
v 0.06650000 0.01033674 0.01086977
v 0.06650000 0.00978208 0.01137150
v 0.06650000 0.00920309 0.01184496
v 0.06650000 0.00860123 0.01228897
v 0.06650000 0.00797798 0.01270243
v 0.06650000 0.00733490 0.01308431
v 0.06650000 0.00667359 0.01343366
v 0.06650000 0.00599568 0.01374961
v 0.06650000 0.00530286 0.01403138
v 0.06650000 0.00459686 0.01427826
v 0.06650000 0.00387944 0.01448965
v 0.06650000 -0.01248651 -0.00522886
v 0.06650000 -0.01253390 -0.00516468
v 0.06650000 -0.01257803 -0.00509822
v 0.06650000 -0.01243599 -0.00529060
v 0.06650000 -0.01261879 -0.00502964
v 0.06650000 -0.01238244 -0.00534974
v 0.06650000 -0.01265608 -0.00495912
v 0.06650000 -0.01232602 -0.00540615
v 0.06650000 -0.01268981 -0.00488682
v 0.06650000 -0.01226686 -0.00545966
v 0.06650000 -0.01271989 -0.00481293
v 0.06650000 -0.01220510 -0.00551017
v 0.06650000 -0.01274626 -0.00473763
v 0.06650000 -0.01214090 -0.00555753
v 0.06650000 -0.01276884 -0.00466112
v 0.06650000 -0.01207442 -0.00560163
v 0.06650000 -0.01278757 -0.00458357
v 0.06650000 -0.01200583 -0.00564236
v 0.06650000 -0.01280242 -0.00450519
v 0.06650000 -0.01193528 -0.00567963
v 0.06650000 -0.01281334 -0.00442616
v 0.06650000 -0.01186297 -0.00571333
v 0.06650000 -0.01282031 -0.00434669
v 0.06650000 -0.01178907 -0.00574338
v 0.06650000 -0.01282331 -0.00426696
v 0.06650000 -0.01171377 -0.00576972
v 0.06650000 -0.01282233 -0.00418719
v 0.06650000 -0.01163724 -0.00579227
v 0.06650000 -0.01281737 -0.00410757
v 0.06650000 -0.01155969 -0.00581097
v 0.06650000 -0.01280846 -0.00402829
v 0.06650000 -0.01148130 -0.00582579
v 0.06650000 -0.01279560 -0.00394955
v 0.06650000 -0.01140227 -0.00583668
v 0.06650000 -0.01277883 -0.00387156
v 0.06650000 -0.01132279 -0.00584362
v 0.06650000 -0.01275820 -0.00379449
v 0.06650000 -0.01124307 -0.00584658
v 0.06650000 -0.01273375 -0.00371855
v 0.06650000 -0.01116330 -0.00584557
v 0.06650000 -0.01270555 -0.00364393
v 0.06650000 -0.01108367 -0.00584059
v 0.06650000 -0.01267366 -0.00357080
v 0.06650000 -0.01100440 -0.00583164
v 0.06650000 -0.01263817 -0.00349935
v 0.06650000 -0.01092567 -0.00581875
v 0.06650000 -0.01259916 -0.00342976
v 0.06650000 -0.01084768 -0.00580195
v 0.06650000 -0.01255672 -0.00336220
v 0.06650000 -0.01077062 -0.00578129
v 0.06650000 -0.01251098 -0.00329684
v 0.06650000 -0.01069469 -0.00575681
v 0.06650000 -0.01246203 -0.00323385
v 0.06650000 -0.01241001 -0.00317337
v 0.06650000 -0.01235503 -0.00311556
v 0.06650000 -0.01229724 -0.00306056
v 0.06650000 -0.01223678 -0.00300851
v 0.06650000 -0.01217380 -0.00295953
v 0.06650000 -0.01210846 -0.00291376
v 0.06650000 -0.01204092 -0.00287130
v 0.06650000 -0.01197134 -0.00283227
v 0.06650000 -0.01189991 -0.00279674
v 0.06650000 -0.01182679 -0.00276483
v 0.06650000 -0.01175218 -0.00273659
v 0.06650000 -0.01167625 -0.00271212
v 0.06650000 -0.01159919 -0.00269145
v 0.06650000 -0.01152120 -0.00267466
v 0.06650000 -0.01144247 -0.00266177
v 0.06650000 -0.01136320 -0.00265282
v 0.06650000 -0.01128358 -0.00264783
v 0.06650000 -0.01120380 -0.00264682
v 0.06650000 -0.01112408 -0.00264979
v 0.06650000 -0.00718121 -0.00807868
v 0.06650000 -0.00724044 -0.00799846
v 0.06650000 -0.00729561 -0.00791538
v 0.06650000 -0.00711805 -0.00815586
v 0.06650000 -0.00734656 -0.00782966
v 0.06650000 -0.00705113 -0.00822979
v 0.06650000 -0.00739317 -0.00774150
v 0.06650000 -0.01104461 -0.00265673
v 0.06650000 -0.00698060 -0.00830029
v 0.06650000 -0.00743533 -0.00765113
v 0.06650000 -0.00690664 -0.00836718
v 0.06650000 -0.00747294 -0.00755877
v 0.06650000 -0.00682945 -0.00843031
v 0.06650000 -0.00750589 -0.00746465
v 0.06650000 -0.00674920 -0.00848951
v 0.06650000 -0.00753412 -0.00736900
v 0.06650000 -0.01062008 -0.00572858
v 0.06650000 -0.00666610 -0.00854464
v 0.06650000 -0.00755754 -0.00727207
v 0.06650000 -0.01054696 -0.00569666
v 0.06650000 -0.00658035 -0.00859556
v 0.06650000 -0.00757609 -0.00717409
v 0.06650000 -0.01047553 -0.00566114
v 0.06650000 -0.00649218 -0.00864214
v 0.06650000 -0.00758975 -0.00707530
v 0.06650000 -0.01040595 -0.00562210
v 0.06650000 -0.00640179 -0.00868427
v 0.06650000 -0.00759846 -0.00697596
v 0.06650000 -0.01033841 -0.00557964
v 0.06650000 -0.00630941 -0.00872184
v 0.06650000 -0.00760221 -0.00687631
v 0.06650000 -0.01027307 -0.00553387
v 0.06650000 -0.00621528 -0.00875475
v 0.06650000 -0.00760098 -0.00677660
v 0.06650000 -0.01021009 -0.00548490
v 0.06650000 -0.01014963 -0.00543285
v 0.06650000 -0.00611962 -0.00878294
v 0.06650000 -0.00319704 -0.01282529
v 0.06650000 -0.00324443 -0.01276111
v 0.06650000 -0.00328856 -0.01269465
v 0.06650000 -0.00314651 -0.01288703
v 0.06650000 -0.00332932 -0.01262607
v 0.06650000 -0.00309297 -0.01294617
v 0.06650000 -0.00759479 -0.00667707
v 0.06650000 -0.01009184 -0.00537785
v 0.06650000 -0.00336661 -0.01255554
v 0.06650000 -0.00303655 -0.01300257
v 0.06650000 -0.00340034 -0.01248325
v 0.06650000 -0.00297739 -0.01305609
v 0.06650000 -0.00602268 -0.00880632
v 0.06650000 -0.00343042 -0.01240936
v 0.06650000 -0.00291563 -0.01310659
v 0.06650000 -0.00345679 -0.01233406
v 0.06650000 -0.00758364 -0.00657797
v 0.06650000 -0.01003687 -0.00532004
v 0.06650000 -0.00285143 -0.01315396
v 0.06650000 -0.00347936 -0.01225755
v 0.06650000 -0.00278495 -0.01319806
v 0.06650000 -0.00592469 -0.00882484
v 0.06650000 -0.00349810 -0.01218000
v 0.06650000 -0.00271635 -0.01323879
v 0.06650000 -0.00756757 -0.00647955
v 0.06650000 -0.00998484 -0.00525956
v 0.06650000 -0.00351295 -0.01210162
v 0.06650000 -0.00264581 -0.01327606
v 0.06650000 -0.00582590 -0.00883845
v 0.06650000 -0.00352387 -0.01202259
v 0.06650000 -0.00257350 -0.01330976
v 0.06650000 -0.00754661 -0.00638205
v 0.06650000 -0.00993589 -0.00519656
v 0.06650000 -0.00353084 -0.01194311
v 0.06650000 -0.00249960 -0.01333981
v 0.06650000 -0.00572656 -0.00884713
v 0.06650000 -0.00353384 -0.01186339
v 0.06650000 -0.00752082 -0.00628572
v 0.06650000 -0.00989015 -0.00513120
v 0.06650000 -0.00242430 -0.01336615
v 0.06650000 -0.00353286 -0.01178362
v 0.06650000 -0.00234777 -0.01338869
v 0.06650000 -0.00352790 -0.01170400
v 0.06650000 -0.00749026 -0.00619080
v 0.06650000 -0.00984772 -0.00506364
v 0.06650000 -0.00227022 -0.01340740
v 0.06650000 -0.00351899 -0.01162472
v 0.06650000 -0.00219183 -0.01342222
v 0.06650000 -0.00745501 -0.00609751
v 0.06650000 -0.00980870 -0.00499406
v 0.06650000 -0.00977321 -0.00492261
v 0.06650000 -0.00350613 -0.01154598
v 0.06650000 -0.00562691 -0.00885083
v 0.06650000 -0.00211280 -0.01343311
v 0.06650000 -0.00348936 -0.01146799
v 0.06650000 -0.00552719 -0.00884957
v 0.06650000 -0.00741515 -0.00600610
v 0.06650000 -0.00974132 -0.00484948
v 0.06650000 -0.00203332 -0.01344004
v 0.06650000 -0.00346873 -0.01139092
v 0.06650000 -0.00542766 -0.00884334
v 0.06650000 -0.00737078 -0.00591680
v 0.06650000 -0.00971312 -0.00477485
v 0.06650000 -0.00195360 -0.01344301
v 0.06650000 -0.00344428 -0.01131498
v 0.06650000 -0.00532857 -0.00883216
v 0.06650000 -0.00187382 -0.01344200
v 0.06650000 -0.00732202 -0.00582981
v 0.06650000 -0.00968867 -0.00469891
v 0.06650000 -0.00341608 -0.01124036
v 0.06650000 -0.00523016 -0.00881604
v 0.06650000 -0.00179420 -0.01343702
v 0.06650000 -0.00338419 -0.01116723
v 0.06650000 -0.00513267 -0.00879505
v 0.06650000 -0.00726898 -0.00574536
v 0.06650000 -0.00966804 -0.00462185
v 0.06650000 -0.00171493 -0.01342807
v 0.06650000 -0.00334870 -0.01109578
v 0.06650000 -0.00721180 -0.00566366
v 0.06650000 -0.00965127 -0.00454385
v 0.06650000 -0.00163620 -0.01341518
v 0.06650000 -0.00330969 -0.01102619
v 0.06650000 -0.00503635 -0.00876922
v 0.06650000 -0.00155821 -0.01339838
v 0.06650000 -0.00715061 -0.00558491
v 0.06650000 -0.00963841 -0.00446512
v 0.06650000 -0.00326725 -0.01095863
v 0.06650000 -0.00494144 -0.00873862
v 0.06650000 -0.00148115 -0.01337772
v 0.06650000 -0.00322151 -0.01089327
v 0.06650000 -0.00484817 -0.00870333
v 0.06650000 -0.00708558 -0.00550931
v 0.06650000 -0.00962950 -0.00438584
v 0.06650000 -0.00140522 -0.01335324
v 0.06650000 -0.00317256 -0.01083028
v 0.06650000 -0.00475677 -0.00866343
v 0.06650000 -0.00701686 -0.00543705
v 0.06650000 -0.00962454 -0.00430622
v 0.06650000 -0.00962356 -0.00422644
v 0.06650000 -0.00133061 -0.01332501
v 0.06650000 -0.00312053 -0.01076980
v 0.06650000 -0.00466748 -0.00861903
v 0.06650000 -0.00125749 -0.01329309
v 0.06650000 -0.00694462 -0.00536830
v 0.06650000 -0.00962656 -0.00414672
v 0.06650000 -0.00306556 -0.01071198
v 0.06650000 -0.00458051 -0.00857023
v 0.06650000 -0.00118606 -0.01325757
v 0.06650000 -0.00686905 -0.00530324
v 0.06650000 -0.00963353 -0.00406725
v 0.06650000 -0.00300777 -0.01065698
v 0.06650000 -0.00111648 -0.01321853
v 0.06650000 -0.00449609 -0.00851716
v 0.06650000 -0.00294731 -0.01060493
v 0.06650000 -0.00679032 -0.00524202
v 0.06650000 -0.00964445 -0.00398822
v 0.06650000 -0.00104894 -0.01317607
v 0.06650000 -0.00288433 -0.01055596
v 0.06650000 -0.00441441 -0.00845995
v 0.06650000 -0.00670865 -0.00518481
v 0.06650000 -0.00965930 -0.00390984
v 0.06650000 -0.00098360 -0.01313030
v 0.06650000 -0.00281899 -0.01051019
v 0.06650000 -0.00433569 -0.00839873
v 0.06650000 -0.00092062 -0.01308133
v 0.06650000 -0.00662422 -0.00513174
v 0.06650000 -0.00967804 -0.00383229
v 0.06650000 -0.00275145 -0.01046773
v 0.06650000 -0.00426011 -0.00833367
v 0.06650000 -0.00086016 -0.01302928
v 0.06650000 -0.00653725 -0.00508294
v 0.06650000 -0.00970061 -0.00375577
v 0.06650000 -0.00268187 -0.01042869
v 0.06650000 -0.00080237 -0.01297428
v 0.06650000 -0.00418787 -0.00826492
v 0.06650000 -0.00261044 -0.01039317
v 0.06650000 -0.00644796 -0.00503854
v 0.06650000 -0.00972698 -0.00368048
v 0.06650000 -0.00074740 -0.01291647
v 0.06650000 -0.00411915 -0.00819266
v 0.06650000 -0.00253732 -0.01036126
v 0.06650000 -0.00635656 -0.00499864
v 0.06650000 -0.00975706 -0.00360659
v 0.06650000 -0.00069537 -0.01285599
v 0.06650000 -0.00405412 -0.00811706
v 0.06650000 -0.00246271 -0.01033302
v 0.06650000 -0.00064642 -0.01279299
v 0.06650000 -0.00626330 -0.00496335
v 0.06650000 -0.00979079 -0.00353429
v 0.06650000 -0.00399294 -0.00803831
v 0.06650000 -0.00238678 -0.01030854
v 0.06650000 -0.00060068 -0.01272763
v 0.06650000 -0.00055824 -0.01266007
v 0.06650000 -0.00393575 -0.00795661
v 0.06650000 -0.00230972 -0.01028788
v 0.06650000 -0.00223173 -0.01027108
v 0.06650000 -0.00388272 -0.00787216
v 0.06650000 -0.00215300 -0.01025820
v 0.06650000 -0.00051923 -0.01259048
v 0.06650000 -0.00048374 -0.01251904
v 0.06650000 -0.00383395 -0.00778517
v 0.06650000 -0.00207373 -0.01024925
v 0.06650000 -0.00045185 -0.01244591
v 0.06650000 -0.00378958 -0.00769586
v 0.06650000 -0.00199410 -0.01024426
v 0.06650000 -0.00042365 -0.01237128
v 0.06650000 -0.00374972 -0.00760446
v 0.06650000 -0.00191433 -0.01024325
v 0.06650000 -0.00371447 -0.00751117
v 0.06650000 -0.00183461 -0.01024622
v 0.06650000 -0.00368391 -0.00741625
v 0.06650000 -0.00175513 -0.01025316
v 0.06650000 -0.00365812 -0.00731992
v 0.06650000 -0.00167610 -0.01026405
v 0.06650000 -0.00363716 -0.00722242
v 0.06650000 -0.00159771 -0.01027886
v 0.06650000 -0.00362109 -0.00712400
v 0.06650000 -0.00152016 -0.01029757
v 0.06650000 -0.00036180 -0.01214028
v 0.06650000 -0.00034894 -0.01206155
v 0.06650000 -0.00037857 -0.01221828
v 0.06650000 -0.00039920 -0.01229534
v 0.06650000 -0.00033507 -0.01190264
v 0.06650000 -0.00033409 -0.01182287
v 0.06650000 -0.00034003 -0.01198227
v 0.06650000 -0.00033709 -0.01174315
v 0.06650000 -0.00034406 -0.01166368
v 0.06650000 -0.00035498 -0.01158465
v 0.06650000 -0.00036983 -0.01150626
v 0.06650000 -0.01055255 0.00661427
v 0.06650000 -0.01059993 0.00667845
v 0.06650000 -0.01064406 0.00674491
v 0.06650000 -0.01050202 0.00655253
v 0.06650000 -0.01068482 0.00681349
v 0.06650000 -0.01044848 0.00649339
v 0.06650000 -0.01072211 0.00688402
v 0.06650000 -0.01039206 0.00643699
v 0.06650000 -0.01075584 0.00695631
v 0.06650000 -0.01033289 0.00638347
v 0.06650000 -0.01078593 0.00703020
v 0.06650000 -0.01027113 0.00633297
v 0.06650000 -0.01081229 0.00710550
v 0.06650000 -0.01020694 0.00628561
v 0.06650000 -0.01083487 0.00718201
v 0.06650000 -0.01014046 0.00624150
v 0.06650000 -0.01085361 0.00725956
v 0.06650000 -0.01007186 0.00620077
v 0.06650000 -0.01086845 0.00733795
v 0.06650000 -0.01000132 0.00616350
v 0.06650000 -0.01087938 0.00741697
v 0.06650000 -0.00368568 -0.00258182
v 0.06650000 -0.00518205 -0.00489565
v 0.06650000 -0.00528004 -0.00487713
v 0.06650000 -0.00508511 -0.00491903
v 0.06650000 -0.00355240 -0.00276233
v 0.06650000 -0.00498945 -0.00494722
v 0.06650000 -0.00380979 -0.00239489
v 0.06650000 -0.00537883 -0.00486352
v 0.06650000 -0.00547817 -0.00485484
v 0.06650000 -0.00341030 -0.00293596
v 0.06650000 -0.00489532 -0.00498013
v 0.06650000 -0.00480294 -0.00501770
v 0.06650000 -0.00992901 0.00612980
v 0.06650000 -0.00392443 -0.00220201
v 0.06650000 -0.00557783 -0.00485114
v 0.06650000 -0.01088634 0.00749645
v 0.06650000 -0.00325971 -0.00310230
v 0.06650000 -0.00471255 -0.00505983
v 0.06650000 -0.00462438 -0.00510641
v 0.06650000 -0.00402931 -0.00200366
v 0.06650000 -0.00567754 -0.00485240
v 0.06650000 -0.00577707 -0.00485863
v 0.06650000 -0.00985511 0.00609975
v 0.06650000 -0.00310102 -0.00326093
v 0.06650000 -0.00453863 -0.00515733
v 0.06650000 -0.00445554 -0.00521246
v 0.06650000 -0.01088934 0.00757617
v 0.06650000 -0.00412418 -0.00180032
v 0.06650000 -0.00587616 -0.00486981
v 0.06650000 -0.00597458 -0.00488593
v 0.06650000 -0.00977980 0.00607341
v 0.06650000 -0.00293462 -0.00341145
v 0.06650000 -0.00437529 -0.00527166
v 0.06650000 -0.01088836 0.00765594
v 0.06650000 -0.00420879 -0.00159251
v 0.06650000 -0.00607206 -0.00490692
v 0.06650000 -0.00970328 0.00605087
v 0.06650000 -0.01088341 0.00773556
v 0.06650000 -0.00276093 -0.00355349
v 0.06650000 -0.00429809 -0.00533478
v 0.06650000 -0.00422413 -0.00540168
v 0.06650000 -0.00962572 0.00603216
v 0.06650000 -0.00428294 -0.00138074
v 0.06650000 -0.00616838 -0.00493275
v 0.06650000 -0.01087449 0.00781484
v 0.06650000 -0.00258037 -0.00368669
v 0.06650000 -0.00415361 -0.00547218
v 0.06650000 -0.00408668 -0.00554611
v 0.06650000 -0.00038856 -0.01142872
v 0.06650000 -0.00041114 -0.01135220
v 0.06650000 -0.00954733 0.00601734
v 0.06650000 -0.01096557 -0.00266762
v 0.06650000 -0.01088718 -0.00268244
v 0.06650000 -0.00434644 -0.00116554
v 0.06650000 -0.00982808 -0.00346377
v 0.06650000 -0.00986884 -0.00339519
v 0.06650000 -0.01086164 0.00789358
v 0.06650000 -0.00946830 0.00600645
v 0.06650000 -0.00239340 -0.00381073
v 0.06650000 -0.00402352 -0.00562328
v 0.06650000 -0.00396429 -0.00570351
v 0.06650000 -0.01084487 0.00797157
v 0.06650000 -0.00439913 -0.00094744
v 0.06650000 -0.00991297 -0.00332872
v 0.06650000 -0.00996036 -0.00326454
v 0.06650000 -0.00938883 0.00599952
v 0.06650000 -0.01080963 -0.00270114
v 0.06650000 -0.01073310 -0.00272369
v 0.06650000 -0.01082424 0.00804864
v 0.06650000 -0.00220047 -0.00392529
v 0.06650000 -0.00390913 -0.00578659
v 0.06650000 -0.00385818 -0.00587231
v 0.06650000 -0.00930910 0.00599655
v 0.06650000 -0.00444089 -0.00072698
v 0.06650000 -0.01001089 -0.00320281
v 0.06650000 -0.01079979 0.00812458
v 0.06650000 -0.00922933 0.00599756
v 0.06650000 -0.01065780 -0.00275002
v 0.06650000 -0.00200208 -0.00403010
v 0.06650000 -0.00381156 -0.00596047
v 0.06650000 -0.01077158 0.00819920
v 0.06650000 -0.00447161 -0.00050472
v 0.06650000 -0.01006443 -0.00314366
v 0.06650000 -0.01012085 -0.00308726
v 0.06650000 -0.01073970 0.00827233
v 0.06650000 -0.00179870 -0.00412488
v 0.06650000 -0.00376940 -0.00605084
v 0.06650000 -0.00373179 -0.00614320
v 0.06650000 -0.01070420 0.00834378
v 0.06650000 -0.00449121 -0.00028120
v 0.06650000 -0.01018001 -0.00303374
v 0.06650000 -0.00159086 -0.00420941
v 0.06650000 -0.00369884 -0.00623732
v 0.06650000 -0.00367062 -0.00633297
v 0.06650000 -0.01066519 0.00841337
v 0.06650000 -0.00449964 -0.00005698
v 0.06650000 -0.01024177 -0.00298324
v 0.06650000 -0.01030597 -0.00293588
v 0.06650000 -0.01062276 0.00848093
v 0.06650000 -0.00137906 -0.00428348
v 0.06650000 -0.00364720 -0.00642990
v 0.06650000 -0.01057701 0.00854629
v 0.06650000 -0.00449689 0.00016738
v 0.06650000 -0.01037245 -0.00289178
v 0.06650000 -0.01044105 -0.00285104
v 0.06650000 -0.01052807 0.00860929
v 0.06650000 -0.00116383 -0.00434690
v 0.06650000 -0.00362864 -0.00652788
v 0.06650000 -0.00361499 -0.00662667
v 0.06650000 -0.01047604 0.00866977
v 0.06650000 -0.00448295 0.00039132
v 0.06650000 -0.01051159 -0.00281378
v 0.06650000 -0.01042106 0.00872758
v 0.06650000 -0.00094571 -0.00439950
v 0.06650000 -0.00360627 -0.00672601
v 0.06650000 -0.00360253 -0.00682566
v 0.06650000 -0.01036327 0.00878258
v 0.06650000 -0.00445787 0.00061429
v 0.06650000 -0.01058390 -0.00278008
v 0.06650000 -0.00072524 -0.00444117
v 0.06650000 -0.00360375 -0.00692537
v 0.06650000 -0.01030282 0.00883463
v 0.06650000 -0.01023984 0.00888360
v 0.06650000 -0.00442171 0.00083573
v 0.06650000 -0.00914971 0.00600254
v 0.06650000 -0.00907043 0.00601149
v 0.06650000 -0.01017449 0.00892937
v 0.06650000 -0.00050296 -0.00447180
v 0.06650000 -0.00360994 -0.00702490
v 0.06650000 -0.01010695 0.00897183
v 0.06650000 -0.00437456 0.00105510
v 0.06650000 -0.00899170 0.00602438
v 0.06650000 -0.01003738 0.00901087
v 0.06650000 -0.00027943 -0.00449132
v 0.06650000 -0.00144363 -0.01032012
v 0.06650000 -0.00136833 -0.01034645
v 0.06650000 -0.00996595 0.00904639
v 0.06650000 -0.00431653 0.00127184
v 0.06650000 -0.00891371 0.00604118
v 0.06650000 -0.00883666 0.00606184
v 0.06650000 -0.00005521 -0.00449966
v 0.06650000 -0.00129443 -0.01037651
v 0.06650000 -0.00122212 -0.01041021
v 0.06650000 -0.00424777 0.00148542
v 0.06650000 -0.00876073 0.00608632
v 0.06650000 -0.00868611 0.00611455
v 0.06650000 0.00016914 -0.00449682
v 0.06650000 -0.00115158 -0.01044747
v 0.06650000 -0.00989283 0.00907831
v 0.06650000 -0.00981821 0.00910654
v 0.06650000 -0.00974228 0.00913102
v 0.06650000 -0.00966523 0.00915168
v 0.06650000 -0.00958724 0.00916848
v 0.06650000 -0.00416844 0.00169531
v 0.06650000 -0.00861300 0.00614647
v 0.06650000 -0.00950851 0.00918136
v 0.06650000 0.00039308 -0.00448280
v 0.06650000 -0.00108298 -0.01048821
v 0.06650000 -0.00101650 -0.01053231
v 0.06650000 -0.00407876 0.00190098
v 0.06650000 -0.00854156 0.00618199
v 0.06650000 -0.00847199 0.00622103
v 0.06650000 0.00061604 -0.00445763
v 0.06650000 -0.00095230 -0.01057967
v 0.06650000 -0.00397893 0.00210193
v 0.06650000 -0.00840445 0.00626349
v 0.06650000 0.00083747 -0.00442138
v 0.06650000 -0.00089054 -0.01063017
v 0.06650000 -0.00083138 -0.01068369
v 0.06650000 -0.00386921 0.00229765
v 0.06650000 -0.00833911 0.00630926
v 0.06650000 -0.00827613 0.00635823
v 0.06650000 0.00105682 -0.00437414
v 0.06650000 -0.00077496 -0.01074009
v 0.06650000 -0.00072142 -0.01079923
v 0.06650000 -0.00942923 0.00919031
v 0.06650000 -0.00934961 0.00919530
v 0.06650000 -0.00926984 0.00919631
v 0.06650000 -0.00919012 0.00919334
v 0.06650000 -0.00911064 0.00918640
v 0.06650000 -0.00374988 0.00248766
v 0.06650000 -0.00821567 0.00641028
v 0.06650000 -0.00815788 0.00646528
v 0.06650000 0.00127354 -0.00431603
v 0.06650000 -0.00067089 -0.01086097
v 0.06650000 -0.00362122 0.00267148
v 0.06650000 0.00148709 -0.00424718
v 0.06650000 -0.00062350 -0.01092515
v 0.06650000 -0.00057937 -0.01099161
v 0.06650000 -0.00903161 0.00917551
v 0.06650000 -0.00895322 0.00916070
v 0.06650000 -0.00887566 0.00914199
v 0.06650000 -0.00879914 0.00911944
v 0.06650000 -0.00872383 0.00909311
v 0.06650000 -0.00864993 0.00906305
v 0.06650000 -0.00857762 0.00902935
v 0.06650000 -0.00850708 0.00899209
v 0.06650000 -0.00477002 0.00712981
v 0.06650000 -0.00787474 0.00684908
v 0.06650000 -0.00783925 0.00692052
v 0.06650000 -0.00471079 0.00704958
v 0.06650000 -0.00791375 0.00677949
v 0.06650000 -0.00482518 0.00721289
v 0.06650000 -0.00780736 0.00699365
v 0.06650000 -0.00464763 0.00697241
v 0.06650000 -0.00795618 0.00671193
v 0.06650000 -0.00487613 0.00729861
v 0.06650000 -0.00777915 0.00706828
v 0.06650000 -0.00458070 0.00689848
v 0.06650000 -0.00800193 0.00664657
v 0.06650000 -0.00492275 0.00738677
v 0.06650000 -0.00775471 0.00714422
v 0.06650000 -0.00773407 0.00722128
v 0.06650000 -0.00451018 0.00682798
v 0.06650000 -0.00805087 0.00658357
v 0.06650000 -0.00496491 0.00747714
v 0.06650000 -0.00771731 0.00729928
v 0.06650000 -0.00443622 0.00676108
v 0.06650000 -0.00810290 0.00652309
v 0.06650000 -0.00500252 0.00756950
v 0.06650000 -0.00770445 0.00737801
v 0.06650000 -0.00435902 0.00669796
v 0.06650000 -0.00503547 0.00766362
v 0.06650000 -0.00769553 0.00745729
v 0.06650000 -0.00427877 0.00663875
v 0.06650000 -0.00506369 0.00775927
v 0.06650000 -0.00769058 0.00753692
v 0.06650000 -0.00419568 0.00658363
v 0.06650000 -0.00348355 0.00284866
v 0.06650000 -0.00508711 0.00785620
v 0.06650000 -0.00768960 0.00761669
v 0.06650000 -0.00410993 0.00653271
v 0.06650000 -0.00333723 0.00301876
v 0.06650000 -0.00510567 0.00795418
v 0.06650000 -0.00769260 0.00769641
v 0.06650000 -0.00402176 0.00648613
v 0.06650000 -0.00511932 0.00805296
v 0.06650000 -0.00769957 0.00777588
v 0.06650000 -0.00843849 0.00895135
v 0.06650000 -0.00837201 0.00890725
v 0.06650000 -0.00830781 0.00885989
v 0.06650000 -0.00393137 0.00644400
v 0.06650000 -0.00318261 0.00318135
v 0.06650000 -0.00512804 0.00815231
v 0.06650000 -0.00771049 0.00785491
v 0.06650000 -0.00772534 0.00793330
v 0.06650000 -0.00383899 0.00640643
v 0.06650000 -0.00513178 0.00825196
v 0.06650000 -0.00774407 0.00801084
v 0.06650000 -0.00374486 0.00637352
v 0.06650000 -0.00302007 0.00333604
v 0.06650000 -0.00513056 0.00835167
v 0.06650000 -0.00776665 0.00808736
v 0.06650000 -0.00364920 0.00634533
v 0.06650000 -0.00285003 0.00348243
v 0.06650000 -0.00512437 0.00845120
v 0.06650000 -0.00779301 0.00816266
v 0.06650000 -0.00355226 0.00632195
v 0.06650000 -0.00511322 0.00855030
v 0.06650000 -0.00782310 0.00823654
v 0.06650000 -0.00345427 0.00630343
v 0.06650000 -0.00267290 0.00362016
v 0.06650000 -0.00509715 0.00864872
v 0.06650000 -0.00785683 0.00830884
v 0.06650000 -0.00335548 0.00628982
v 0.06650000 -0.00507619 0.00874622
v 0.06650000 -0.00789412 0.00837937
v 0.06650000 -0.00325614 0.00628114
v 0.06650000 -0.00248913 0.00374890
v 0.06650000 -0.00505040 0.00884255
v 0.06650000 -0.00793488 0.00844795
v 0.06650000 -0.00797901 0.00851441
v 0.06650000 -0.00315648 0.00627743
v 0.06650000 -0.00229917 0.00386831
v 0.06650000 -0.00501984 0.00893747
v 0.06650000 -0.00802639 0.00857859
v 0.06650000 -0.00305677 0.00627870
v 0.06650000 -0.00498459 0.00903075
v 0.06650000 -0.00807692 0.00864033
v 0.06650000 -0.00295724 0.00628493
v 0.06650000 -0.00210349 0.00397811
v 0.06650000 -0.00494473 0.00912216
v 0.06650000 -0.00813046 0.00869947
v 0.06650000 -0.00285815 0.00629611
v 0.06650000 -0.00490036 0.00921147
v 0.06650000 -0.00818689 0.00875587
v 0.06650000 -0.00275973 0.00631222
v 0.06650000 -0.00190258 0.00407801
v 0.06650000 -0.00485159 0.00929846
v 0.06650000 -0.00824605 0.00880939
v 0.06650000 0.00797901 -0.00851441
v 0.06650000 0.00802639 -0.00857859
v 0.06650000 0.00793488 -0.00844795
v 0.06650000 0.00807692 -0.00864033
v 0.06650000 0.00789412 -0.00837937
v 0.06650000 0.00813046 -0.00869947
v 0.06650000 0.00785683 -0.00830884
v 0.06650000 0.00818689 -0.00875587
v 0.06650000 -0.00266225 0.00633322
v 0.06650000 0.00782310 -0.00823654
v 0.06650000 -0.00043751 -0.01127691
v 0.06650000 0.00824605 -0.00880939
v 0.06650000 0.00779301 -0.00816266
v 0.06650000 -0.00046759 -0.01120302
v 0.06650000 0.00830781 -0.00885989
v 0.06650000 0.00776665 -0.00808736
v 0.06650000 -0.00050132 -0.01113072
v 0.06650000 -0.00479856 0.00938291
v 0.06650000 0.00837201 -0.00890725
v 0.06650000 0.00774407 -0.00801084
v 0.06650000 -0.00053861 -0.01106019
v 0.06650000 0.00843849 -0.00895135
v 0.06650000 -0.00256593 0.00635905
v 0.06650000 -0.00169695 0.00416778
v 0.06650000 0.00772534 -0.00793330
v 0.06650000 0.00850708 -0.00899209
v 0.06650000 0.00771049 -0.00785491
v 0.06650000 0.00169695 -0.00416778
v 0.06650000 -0.00474137 0.00946461
v 0.06650000 0.00857762 -0.00902935
v 0.06650000 0.00769957 -0.00777588
v 0.06650000 -0.00247101 0.00638965
v 0.06650000 -0.00148709 0.00424718
v 0.06650000 0.00864993 -0.00906305
v 0.06650000 0.00769260 -0.00769641
v 0.06650000 0.00190258 -0.00407801
v 0.06650000 0.00872383 -0.00909311
v 0.06650000 -0.00468019 0.00954336
v 0.06650000 0.00768960 -0.00761669
v 0.06650000 0.00210349 -0.00397811
v 0.06650000 0.00879914 -0.00911944
v 0.06650000 -0.00237775 0.00642494
v 0.06650000 0.00769058 -0.00753692
v 0.06650000 0.00887566 -0.00914199
v 0.06650000 -0.00461516 0.00961896
v 0.06650000 0.00769553 -0.00745729
v 0.06650000 0.00229917 -0.00386831
v 0.06650000 -0.00228635 0.00646483
v 0.06650000 -0.00127354 0.00431603
v 0.06650000 0.00895322 -0.00916070
v 0.06650000 0.00770445 -0.00737801
v 0.06650000 0.00903161 -0.00917551
v 0.06650000 0.00771731 -0.00729928
v 0.06650000 0.00248913 -0.00374890
v 0.06650000 -0.00219706 0.00650924
v 0.06650000 0.00911064 -0.00918640
v 0.06650000 -0.00454644 0.00969122
v 0.06650000 0.00773407 -0.00722128
v 0.06650000 0.00267290 -0.00362016
v 0.06650000 -0.00447420 0.00975997
v 0.06650000 0.00919012 -0.00919334
v 0.06650000 -0.00211009 0.00655803
v 0.06650000 -0.00105682 0.00437414
v 0.06650000 0.00775471 -0.00714422
v 0.06650000 0.00926984 -0.00919631
v 0.06650000 -0.00439862 0.00982503
v 0.06650000 0.00777915 -0.00706828
v 0.06650000 0.00285003 -0.00348243
v 0.06650000 -0.00202566 0.00661111
v 0.06650000 0.00934961 -0.00919530
v 0.06650000 0.00780736 -0.00699365
v 0.06650000 0.00302007 -0.00333604
v 0.06650000 0.00942923 -0.00919031
v 0.06650000 -0.00194399 0.00666832
v 0.06650000 -0.00083747 0.00442138
v 0.06650000 0.00783925 -0.00692052
v 0.06650000 0.00950851 -0.00918136
v 0.06650000 0.00787474 -0.00684908
v 0.06650000 0.00318261 -0.00318135
v 0.06650000 -0.00186526 0.00672954
v 0.06650000 0.00958724 -0.00916848
v 0.06650000 0.00791375 -0.00677949
v 0.06650000 0.00966523 -0.00915168
v 0.06650000 -0.00178969 0.00679460
v 0.06650000 -0.00061604 0.00445763
v 0.06650000 0.00795618 -0.00671193
v 0.06650000 0.00333723 -0.00301876
v 0.06650000 0.00974228 -0.00913102
v 0.06650000 -0.00171745 0.00686335
v 0.06650000 -0.00039308 0.00448280
v 0.06650000 0.00981821 -0.00910654
v 0.06650000 -0.00164873 0.00693561
v 0.06650000 0.00989283 -0.00907831
v 0.06650000 -0.00431990 0.00988625
v 0.06650000 -0.00423822 0.00994346
v 0.06650000 -0.00415380 0.00999653
v 0.06650000 -0.00158370 0.00701121
v 0.06650000 -0.00016914 0.00449682
v 0.06650000 0.00996595 -0.00904639
v 0.06650000 -0.00152251 0.00708996
v 0.06650000 -0.00146533 0.00717166
v 0.06650000 0.00005521 0.00449966
v 0.06650000 -0.00141229 0.00725611
v 0.06650000 0.00027943 0.00449132
v 0.06650000 0.01017449 -0.00892937
v 0.06650000 0.01023984 -0.00888360
v 0.06650000 0.01010695 -0.00897183
v 0.06650000 0.01003738 -0.00901087
v 0.06650000 -0.00136353 0.00734309
v 0.06650000 0.01030282 -0.00883463
v 0.06650000 -0.00131916 0.00743240
v 0.06650000 0.00050296 0.00447180
v 0.06650000 0.01036327 -0.00878258
v 0.06650000 -0.00127930 0.00752381
v 0.06650000 -0.00124405 0.00761710
v 0.06650000 0.00072524 0.00444117
v 0.06650000 -0.00121349 0.00771202
v 0.06650000 0.00094571 0.00439950
v 0.06650000 -0.00406683 0.01004533
v 0.06650000 -0.00397754 0.01008973
v 0.06650000 -0.00388614 0.01012963
v 0.06650000 -0.00118770 0.00780835
v 0.06650000 -0.00116674 0.00790585
v 0.06650000 0.01062276 -0.00848093
v 0.06650000 0.01066519 -0.00841337
v 0.06650000 0.01057701 -0.00854629
v 0.06650000 0.01052807 -0.00860929
v 0.06650000 0.01047604 -0.00866977
v 0.06650000 0.01042106 -0.00872758
v 0.06650000 -0.00379287 0.01016492
v 0.06650000 -0.00369796 0.01019552
v 0.06650000 -0.00360164 0.01022135
v 0.06650000 -0.00350415 0.01024234
v 0.06650000 0.00709623 -0.00257377
v 0.06650000 0.00362122 -0.00267148
v 0.06650000 0.00374988 -0.00248766
v 0.06650000 0.00715546 -0.00265400
v 0.06650000 0.00704107 -0.00249070
v 0.06650000 0.00721862 -0.00273117
v 0.06650000 0.00348355 -0.00284866
v 0.06650000 0.00699012 -0.00240497
v 0.06650000 0.00386921 -0.00229765
v 0.06650000 0.00728555 -0.00280510
v 0.06650000 0.00694351 -0.00231681
v 0.06650000 0.00397893 -0.00210193
v 0.06650000 0.00735608 -0.00287560
v 0.06650000 0.00690134 -0.00222644
v 0.06650000 0.00743003 -0.00294250
v 0.06650000 0.00800193 -0.00664657
v 0.06650000 0.00686374 -0.00213408
v 0.06650000 0.00407876 -0.00190098
v 0.06650000 0.00750723 -0.00300563
v 0.06650000 0.00805087 -0.00658357
v 0.06650000 0.00683078 -0.00203996
v 0.06650000 0.00758748 -0.00306483
v 0.06650000 0.00810290 -0.00652309
v 0.06650000 0.00680256 -0.00194432
v 0.06650000 0.00416844 -0.00169531
v 0.06650000 0.00767058 -0.00311996
v 0.06650000 0.00815788 -0.00646528
v 0.06650000 0.00677914 -0.00184738
v 0.06650000 0.00424777 -0.00148542
v 0.06650000 0.00775632 -0.00317087
v 0.06650000 0.00821567 -0.00641028
v 0.06650000 0.00676058 -0.00174940
v 0.06650000 0.00784450 -0.00321745
v 0.06650000 0.00827613 -0.00635823
v 0.06650000 0.00674693 -0.00165062
v 0.06650000 0.00431653 -0.00127184
v 0.06650000 0.00793489 -0.00325958
v 0.06650000 0.00833911 -0.00630926
v 0.06650000 0.00673822 -0.00155128
v 0.06650000 0.00802726 -0.00329715
v 0.06650000 0.00840445 -0.00626349
v 0.06650000 0.01082424 -0.00804864
v 0.06650000 0.01084487 -0.00797157
v 0.06650000 0.01079979 -0.00812458
v 0.06650000 0.01077158 -0.00819920
v 0.06650000 0.01073970 -0.00827233
v 0.06650000 0.01070420 -0.00834378
v 0.06650000 0.00673447 -0.00145162
v 0.06650000 0.00437456 -0.00105510
v 0.06650000 0.00812139 -0.00333007
v 0.06650000 0.00847199 -0.00622103
v 0.06650000 0.00673569 -0.00135191
v 0.06650000 0.00821705 -0.00335825
v 0.06650000 0.00854156 -0.00618199
v 0.06650000 0.00861300 -0.00614647
v 0.06650000 0.00674189 -0.00125238
v 0.06650000 0.00442171 -0.00083573
v 0.06650000 0.00831399 -0.00338163
v 0.06650000 0.00868611 -0.00611455
v 0.06650000 0.00675303 -0.00115328
v 0.06650000 0.00841198 -0.00340015
v 0.06650000 0.00876073 -0.00608632
v 0.06650000 0.00676910 -0.00105486
v 0.06650000 0.00445787 -0.00061429
v 0.06650000 0.00851077 -0.00341377
v 0.06650000 0.00883666 -0.00606184
v 0.06650000 0.00679006 -0.00095737
v 0.06650000 0.00448295 -0.00039132
v 0.06650000 -0.00340574 0.01025845
v 0.06650000 -0.00330665 0.01026964
v 0.06650000 -0.00320712 0.01027587
v 0.06650000 0.00861012 -0.00342244
v 0.06650000 0.00891371 -0.00604118
v 0.06650000 0.00681585 -0.00086104
v 0.06650000 0.00870977 -0.00342615
v 0.06650000 0.00899170 -0.00602438
v 0.06650000 0.00684641 -0.00076611
v 0.06650000 0.00449689 -0.00016738
v 0.06650000 0.00880949 -0.00342489
v 0.06650000 0.00907043 -0.00601149
v 0.06650000 0.00688167 -0.00067283
v 0.06650000 0.00890901 -0.00341865
v 0.06650000 0.00914971 -0.00600254
v 0.06650000 0.00692153 -0.00058142
v 0.06650000 0.00449964 0.00005698
v 0.06650000 0.01088934 -0.00757617
v 0.06650000 0.01088634 -0.00749645
v 0.06650000 0.01088836 -0.00765594
v 0.06650000 0.01088341 -0.00773556
v 0.06650000 0.01087449 -0.00781484
v 0.06650000 0.01086164 -0.00789358
v 0.06650000 0.00900811 -0.00340747
v 0.06650000 0.00922933 -0.00599756
v 0.06650000 0.00930910 -0.00599655
v 0.06650000 0.00696590 -0.00049211
v 0.06650000 0.00910652 -0.00339136
v 0.06650000 0.00938883 -0.00599952
v 0.06650000 0.00701466 -0.00040512
v 0.06650000 0.00449121 0.00028120
v 0.06650000 0.00920401 -0.00337036
v 0.06650000 0.00946830 -0.00600645
v 0.06650000 0.00706770 -0.00032067
v 0.06650000 0.00447161 0.00050472
v 0.06650000 0.00930033 -0.00334453
v 0.06650000 0.00954733 -0.00601734
v 0.06650000 0.00712488 -0.00023898
v 0.06650000 -0.00310740 0.01027713
v 0.06650000 -0.00300775 0.01027342
v 0.06650000 -0.00290841 0.01026475
v 0.06650000 0.00939524 -0.00331394
v 0.06650000 0.00962572 -0.00603216
v 0.06650000 0.00718606 -0.00016023
v 0.06650000 0.00444089 0.00072698
v 0.06650000 0.00948851 -0.00327864
v 0.06650000 0.00970328 -0.00605087
v 0.06650000 0.00725110 -0.00008463
v 0.06650000 0.00957990 -0.00323875
v 0.06650000 0.00977980 -0.00607341
v 0.06650000 0.00731982 -0.00001236
v 0.06650000 0.00439913 0.00094744
v 0.06650000 0.00966919 -0.00319435
v 0.06650000 0.00985511 -0.00609975
v 0.06650000 0.00992901 -0.00612980
v 0.06650000 0.01083487 -0.00718201
v 0.06650000 0.01081229 -0.00710550
v 0.06650000 0.01085361 -0.00725956
v 0.06650000 0.01086845 -0.00733795
v 0.06650000 0.01087938 -0.00741697
v 0.06650000 0.00739206 0.00005639
v 0.06650000 0.00434644 0.00116554
v 0.06650000 0.00975616 -0.00314555
v 0.06650000 0.01000132 -0.00616350
v 0.06650000 0.00746763 0.00012145
v 0.06650000 0.00984059 -0.00309248
v 0.06650000 0.01007186 -0.00620077
v 0.06650000 0.00754635 0.00018266
v 0.06650000 0.00428294 0.00138074
v 0.06650000 0.00992227 -0.00303526
v 0.06650000 0.01014046 -0.00624150
v 0.06650000 0.00762803 0.00023988
v 0.06650000 -0.00280962 0.01025114
v 0.06650000 -0.00271163 0.01023262
v 0.06650000 -0.00261469 0.01020924
v 0.06650000 0.01000099 -0.00297405
v 0.06650000 0.01020694 -0.00628561
v 0.06650000 0.00771246 0.00029295
v 0.06650000 0.00420879 0.00159251
v 0.06650000 0.01007656 -0.00290898
v 0.06650000 0.01027113 -0.00633297
v 0.06650000 0.00779943 0.00034175
v 0.06650000 0.00412418 0.00180032
v 0.06650000 0.01014880 -0.00284023
v 0.06650000 0.01033289 -0.00638347
v 0.06650000 0.00788872 0.00038615
v 0.06650000 0.01072211 -0.00688402
v 0.06650000 0.01068482 -0.00681349
v 0.06650000 0.01075584 -0.00695631
v 0.06650000 0.01078593 -0.00703020
v 0.06650000 0.00798011 0.00042605
v 0.06650000 0.00062350 0.01092515
v 0.06650000 -0.00149387 0.00942476
v 0.06650000 -0.00155310 0.00950498
v 0.06650000 0.00067089 0.01086097
v 0.06650000 -0.00143870 0.00934168
v 0.06650000 0.00057937 0.01099161
v 0.06650000 0.00072142 0.01079923
v 0.06650000 -0.00138775 0.00925596
v 0.06650000 0.00053861 0.01106019
v 0.06650000 -0.00161626 0.00958216
v 0.06650000 0.00077496 0.01074009
v 0.06650000 -0.00134114 0.00916780
v 0.06650000 0.00050132 0.01113072
v 0.06650000 -0.00168318 0.00965609
v 0.06650000 0.00083138 0.01068369
v 0.06650000 -0.00129898 0.00907743
v 0.06650000 0.00046759 0.01120302
v 0.06650000 -0.00175371 0.00972659
v 0.06650000 0.00089054 0.01063017
v 0.06650000 -0.00126137 0.00898507
v 0.06650000 0.00043751 0.01127691
v 0.06650000 -0.00182767 0.00979348
v 0.06650000 0.00095230 0.01057967
v 0.06650000 -0.00122842 0.00889095
v 0.06650000 0.00041114 0.01135220
v 0.06650000 -0.00190486 0.00985661
v 0.06650000 0.00101650 0.01053231
v 0.06650000 -0.00120019 0.00879530
v 0.06650000 0.00038856 0.01142872
v 0.06650000 -0.00198511 0.00991581
v 0.06650000 0.00108298 0.01048821
v 0.06650000 0.00036983 0.01150626
v 0.06650000 -0.00206821 0.00997094
v 0.06650000 0.00115158 0.01044747
v 0.06650000 -0.00117677 0.00869837
v 0.06650000 0.00035498 0.01158465
v 0.06650000 0.00122212 0.01041021
v 0.06650000 -0.00115822 0.00860039
v 0.06650000 0.00034406 0.01166368
v 0.06650000 -0.00215396 0.01002186
v 0.06650000 0.00129443 0.01037651
v 0.06650000 -0.00114456 0.00850160
v 0.06650000 0.00033709 0.01174315
v 0.06650000 -0.00224213 0.01006844
v 0.06650000 0.00136833 0.01034645
v 0.06650000 -0.00113585 0.00840226
v 0.06650000 0.00033409 0.01182287
v 0.06650000 -0.00233252 0.01011057
v 0.06650000 0.00144363 0.01032012
v 0.06650000 -0.00113210 0.00830261
v 0.06650000 0.00033507 0.01190264
v 0.06650000 -0.00242490 0.01014813
v 0.06650000 0.00152016 0.01029757
v 0.06650000 -0.00113333 0.00820289
v 0.06650000 0.00034003 0.01198227
v 0.06650000 -0.00251903 0.01018105
v 0.06650000 0.00159771 0.01027886
v 0.06650000 -0.00113952 0.00810336
v 0.06650000 0.00034894 0.01206155
v 0.06650000 0.01055255 -0.00661427
v 0.06650000 0.01050202 -0.00655253
v 0.06650000 0.01059993 -0.00667845
v 0.06650000 0.01064406 -0.00674491
v 0.06650000 0.00167610 0.01026405
v 0.06650000 -0.00115067 0.00800427
v 0.06650000 0.00036180 0.01214028
v 0.06650000 0.00175513 0.01025316
v 0.06650000 0.00037857 0.01221828
v 0.06650000 0.00183461 0.01024622
v 0.06650000 0.00116383 0.00434690
v 0.06650000 0.00039920 0.01229534
v 0.06650000 0.00191433 0.01024325
v 0.06650000 0.00042365 0.01237128
v 0.06650000 0.00199410 0.01024426
v 0.06650000 0.00137906 0.00428348
v 0.06650000 0.00045185 0.01244591
v 0.06650000 0.00207373 0.01024925
v 0.06650000 0.00048374 0.01251904
v 0.06650000 0.00215300 0.01025820
v 0.06650000 0.00159086 0.00420941
v 0.06650000 0.00051923 0.01259048
v 0.06650000 0.00223173 0.01027108
v 0.06650000 0.00179870 0.00412488
v 0.06650000 0.00055824 0.01266007
v 0.06650000 0.00230972 0.01028788
v 0.06650000 0.00238678 0.01030854
v 0.06650000 0.00200208 0.00403010
v 0.06650000 0.01039206 -0.00643699
v 0.06650000 0.01044848 -0.00649339
v 0.06650000 0.00246271 0.01033302
v 0.06650000 0.00220047 0.00392529
v 0.06650000 0.00253732 0.01036126
v 0.06650000 0.00261044 0.01039317
v 0.06650000 0.00239340 0.00381073
v 0.06650000 0.00268187 0.01042869
v 0.06650000 0.00060068 0.01272763
v 0.06650000 0.00064642 0.01279299
v 0.06650000 0.00069537 0.01285599
v 0.06650000 0.00074740 0.01291647
v 0.06650000 0.00275145 0.01046773
v 0.06650000 0.00258037 0.00368669
v 0.06650000 0.00281899 0.01051019
v 0.06650000 0.00276093 0.00355349
v 0.06650000 0.00288433 0.01055596
v 0.06650000 0.00294731 0.01060493
v 0.06650000 0.01028256 -0.00269237
v 0.06650000 0.01034374 -0.00261362
v 0.06650000 0.01021752 -0.00276797
v 0.06650000 0.00080237 0.01297428
v 0.06650000 0.00086016 0.01302928
v 0.06650000 0.00092062 0.01308133
v 0.06650000 0.00098360 0.01313030
v 0.06650000 0.00104894 0.01317607
v 0.06650000 0.01045396 -0.00244748
v 0.06650000 0.01050272 -0.00236049
v 0.06650000 0.01040092 -0.00253192
v 0.06650000 0.00111648 0.01321853
v 0.06650000 0.00118606 0.01325757
v 0.06650000 0.00125749 0.01329309
v 0.06650000 0.00133061 0.01332501
v 0.06650000 0.00140522 0.01335324
v 0.06650000 0.00148115 0.01337772
v 0.06650000 0.01058695 -0.00217977
v 0.06650000 0.01062221 -0.00208649
v 0.06650000 0.01054709 -0.00227118
v 0.06650000 0.00991297 0.00332872
v 0.06650000 0.00865913 0.00057229
v 0.06650000 0.00855961 0.00056606
v 0.06650000 0.00996036 0.00326454
v 0.06650000 0.00875885 0.00057355
v 0.06650000 0.00986884 0.00339519
v 0.06650000 0.00846051 0.00055487
v 0.06650000 0.01001089 0.00320281
v 0.06650000 0.00885850 0.00056984
v 0.06650000 0.00982808 0.00346377
v 0.06650000 0.00836210 0.00053876
v 0.06650000 0.01006443 0.00314366
v 0.06650000 0.00979079 0.00353429
v 0.06650000 0.00826461 0.00051776
v 0.06650000 0.01012085 0.00308726
v 0.06650000 0.00895785 0.00056117
v 0.06650000 0.00975706 0.00360659
v 0.06650000 0.00816829 0.00049194
v 0.06650000 0.01018001 0.00303374
v 0.06650000 0.00905664 0.00054756
v 0.06650000 0.00972698 0.00368048
v 0.06650000 0.00807338 0.00046134
v 0.06650000 0.01024177 0.00298324
v 0.06650000 0.00915463 0.00052904
v 0.06650000 0.00155821 0.01339838
v 0.06650000 0.00163620 0.01341518
v 0.06650000 0.00171493 0.01342807
v 0.06650000 0.00179420 0.01343702
v 0.06650000 0.00187382 0.01344200
v 0.06650000 0.00195360 0.01344301
v 0.06650000 0.00970061 0.00375577
v 0.06650000 0.01030597 0.00293588
v 0.06650000 0.00925157 0.00050565
v 0.06650000 0.00967804 0.00383229
v 0.06650000 0.00402931 0.00200366
v 0.06650000 0.01037245 0.00289178
v 0.06650000 0.00934723 0.00047747
v 0.06650000 0.00965930 0.00390984
v 0.06650000 0.01044105 0.00285104
v 0.06650000 0.00944136 0.00044455
v 0.06650000 0.00964445 0.00398822
v 0.06650000 0.00392443 0.00220201
v 0.06650000 0.01051159 0.00281378
v 0.06650000 0.00953373 0.00040698
v 0.06650000 0.00963353 0.00406725
v 0.06650000 0.01058390 0.00278008
v 0.06650000 0.00962412 0.00036486
v 0.06650000 0.00962656 0.00414672
v 0.06650000 0.00380979 0.00239489
v 0.06650000 0.01065780 0.00275002
v 0.06650000 0.00962356 0.00422644
v 0.06650000 0.00368568 0.00258182
v 0.06650000 0.01073310 0.00272369
v 0.06650000 0.00971230 0.00031828
v 0.06650000 0.00962454 0.00430622
v 0.06650000 0.01067856 -0.00189523
v 0.06650000 0.01069952 -0.00179774
v 0.06650000 0.01065277 -0.00199156
v 0.06650000 0.01080963 0.00270114
v 0.06650000 0.00979804 0.00026736
v 0.06650000 0.00962950 0.00438584
v 0.06650000 0.00355240 0.00276233
v 0.06650000 0.01088718 0.00268244
v 0.06650000 0.00988114 0.00021223
v 0.06650000 0.00963841 0.00446512
v 0.06650000 0.00341030 0.00293596
v 0.06650000 0.01096557 0.00266762
v 0.06650000 0.00996139 0.00015303
v 0.06650000 0.00965127 0.00454385
v 0.06650000 0.01104461 0.00265673
v 0.06650000 0.01003859 0.00008990
v 0.06650000 0.00966804 0.00462185
v 0.06650000 0.00325971 0.00310230
v 0.06650000 0.01112408 0.00264979
v 0.06650000 0.01011254 0.00002300
v 0.06650000 0.00203332 0.01344004
v 0.06650000 0.00211280 0.01343311
v 0.06650000 0.00219183 0.01342222
v 0.06650000 0.00227022 0.01340740
v 0.06650000 0.00234777 0.01338869
v 0.06650000 0.00242430 0.01336615
v 0.06650000 0.00968867 0.00469891
v 0.06650000 0.01120380 0.00264682
v 0.06650000 0.01018307 -0.00004750
v 0.06650000 0.00971312 0.00477485
v 0.06650000 0.00310102 0.00326093
v 0.06650000 0.01128358 0.00264783
v 0.06650000 0.00974132 0.00484948
v 0.06650000 0.00293462 0.00341145
v 0.06650000 0.01136320 0.00265282
v 0.06650000 0.01025000 -0.00012143
v 0.06650000 0.00977321 0.00492261
v 0.06650000 0.01144247 0.00266177
v 0.06650000 0.01031316 -0.00019860
v 0.06650000 0.01073293 -0.00150069
v 0.06650000 0.01073415 -0.00140097
v 0.06650000 0.01072673 -0.00160022
v 0.06650000 0.01071559 -0.00169932
v 0.06650000 0.00980870 0.00499406
v 0.06650000 0.01152120 0.00267466
v 0.06650000 0.01037239 -0.00027882
v 0.06650000 0.00984772 0.00506364
v 0.06650000 0.00300777 0.01065698
v 0.06650000 0.01159919 0.00269145
v 0.06650000 0.01042755 -0.00036190
v 0.06650000 0.00989015 0.00513120
v 0.06650000 0.00306556 0.01071198
v 0.06650000 0.01167625 0.00271212
v 0.06650000 0.01047850 -0.00044763
v 0.06650000 0.00993589 0.00519656
v 0.06650000 0.00312053 0.01076980
v 0.06650000 0.00249960 0.01333981
v 0.06650000 0.00257350 0.01330976
v 0.06650000 0.00264581 0.01327606
v 0.06650000 0.00271635 0.01323879
v 0.06650000 0.00278495 0.01319806
v 0.06650000 0.00285143 0.01315396
v 0.06650000 0.01175218 0.00273659
v 0.06650000 0.01052511 -0.00053578
v 0.06650000 0.00998484 0.00525956
v 0.06650000 0.00317256 0.01083028
v 0.06650000 0.01182679 0.00276483
v 0.06650000 0.01003687 0.00532004
v 0.06650000 0.00322151 0.01089327
v 0.06650000 0.01072169 -0.00120198
v 0.06650000 0.01070804 -0.00110320
v 0.06650000 0.01073040 -0.00130132
v 0.06650000 0.00309297 0.01294617
v 0.06650000 0.00303655 0.01300257
v 0.06650000 0.00314651 0.01288703
v 0.06650000 0.00319704 0.01282529
v 0.06650000 0.00291563 0.01310659
v 0.06650000 0.00297739 0.01305609
v 0.06650000 0.01066606 -0.00090828
v 0.06650000 0.01063784 -0.00081264
v 0.06650000 0.01068948 -0.00100521
v 0.06650000 0.00324443 0.01276111
v 0.06650000 0.00328856 0.01269465
v 0.06650000 0.00332932 0.01262607
v 0.06650000 0.00336661 0.01255554
v 0.06650000 0.00340034 0.01248325
v 0.06650000 0.01056728 -0.00062615
v 0.06650000 0.01060488 -0.00071852
v 0.06650000 0.00343042 0.01240936
v 0.06650000 0.00345679 0.01233406
v 0.06650000 0.00347936 0.01225755
v 0.06650000 0.00349810 0.01218000
v 0.06650000 0.01197134 0.00283227
v 0.06650000 0.01204092 0.00287130
v 0.06650000 0.01189991 0.00279674
v 0.06650000 0.00351295 0.01210162
v 0.06650000 0.00352387 0.01202259
v 0.06650000 0.00353084 0.01194311
v 0.06650000 0.00353384 0.01186339
v 0.06650000 0.01223678 0.00300851
v 0.06650000 0.01229724 0.00306056
v 0.06650000 0.01217380 0.00295953
v 0.06650000 0.01210846 0.00291376
v 0.06650000 0.00353286 0.01178362
v 0.06650000 0.00352790 0.01170400
v 0.06650000 0.00351899 0.01162472
v 0.06650000 0.00350613 0.01154598
v 0.06650000 0.01246203 0.00323385
v 0.06650000 0.01251098 0.00329684
v 0.06650000 0.01241001 0.00317337
v 0.06650000 0.01235503 0.00311556
v 0.06650000 0.00348936 0.01146799
v 0.06650000 0.00346873 0.01139092
v 0.06650000 0.00344428 0.01131498
v 0.06650000 0.01267366 0.00357080
v 0.06650000 0.01270555 0.00364393
v 0.06650000 0.01263817 0.00349935
v 0.06650000 0.01259916 0.00342976
v 0.06650000 0.01255672 0.00336220
v 0.06650000 0.00341608 0.01124036
v 0.06650000 0.00338419 0.01116723
v 0.06650000 0.01280846 0.00402829
v 0.06650000 0.01281737 0.00410757
v 0.06650000 0.01279560 0.00394955
v 0.06650000 0.01277883 0.00387156
v 0.06650000 0.01275820 0.00379449
v 0.06650000 0.01273375 0.00371855
v 0.06650000 0.00334870 0.01109578
v 0.06650000 0.00330969 0.01102619
v 0.06650000 0.01280242 0.00450519
v 0.06650000 0.01278757 0.00458357
v 0.06650000 0.01281334 0.00442616
v 0.06650000 0.01282031 0.00434669
v 0.06650000 0.01282331 0.00426696
v 0.06650000 0.01282233 0.00418719
v 0.06650000 0.00326725 0.01095863
v 0.06650000 0.01265608 0.00495912
v 0.06650000 0.01261879 0.00502964
v 0.06650000 0.01268981 0.00488682
v 0.06650000 0.01271989 0.00481293
v 0.06650000 0.01274626 0.00473763
v 0.06650000 0.01276884 0.00466112
v 0.06650000 0.01009184 0.00537785
v 0.06650000 0.01014963 0.00543285
v 0.06650000 0.01243599 0.00529060
v 0.06650000 0.01238244 0.00534974
v 0.06650000 0.01248651 0.00522886
v 0.06650000 0.01253390 0.00516468
v 0.06650000 0.01257803 0.00509822
v 0.06650000 0.01232602 0.00540615
v 0.06650000 0.01021009 0.00548490
v 0.06650000 0.01027307 0.00553387
v 0.06650000 0.01200583 0.00564236
v 0.06650000 0.01193528 0.00567963
v 0.06650000 0.01207442 0.00560163
v 0.06650000 0.01214090 0.00555753
v 0.06650000 0.01220510 0.00551017
v 0.06650000 0.01226686 0.00545966
v 0.06650000 0.01033841 0.00557964
v 0.06650000 0.01040595 0.00562210
v 0.06650000 0.01163724 0.00579227
v 0.06650000 0.01155969 0.00581097
v 0.06650000 0.01171377 0.00576972
v 0.06650000 0.01178907 0.00574338
v 0.06650000 0.01186297 0.00571333
v 0.06650000 0.01047553 0.00566114
v 0.06650000 0.01054696 0.00569666
v 0.06650000 0.01062008 0.00572858
v 0.06650000 0.01132279 0.00584362
v 0.06650000 0.01124307 0.00584658
v 0.06650000 0.01140227 0.00583668
v 0.06650000 0.01148130 0.00582579
v 0.06650000 0.01069469 0.00575681
v 0.06650000 0.01077062 0.00578129
v 0.06650000 0.01084768 0.00580195
v 0.06650000 0.01092567 0.00581875
v 0.06650000 0.01100440 0.00583164
v 0.06650000 0.01108367 0.00584059
v 0.06650000 0.01116330 0.00584557
v 0.06350000 0.00219183 0.01342222
v 0.06350000 0.00227022 0.01340740
v 0.06350000 0.00234777 0.01338869
v 0.06350000 0.00242430 0.01336615
v 0.06350000 0.00249960 0.01333981
v 0.06350000 0.00257350 0.01330976
v 0.06350000 0.00264581 0.01327606
v 0.06350000 0.00271635 0.01323879
v 0.06350000 0.00278495 0.01319806
v 0.06350000 0.00285143 0.01315396
v 0.06350000 0.00291563 0.01310659
v 0.06350000 0.00297739 0.01305609
v 0.06350000 0.00303655 0.01300257
v 0.06350000 0.00309297 0.01294617
v 0.06350000 0.00314651 0.01288703
v 0.06350000 0.00319704 0.01282529
v 0.06350000 0.00324443 0.01276111
v 0.06350000 0.00328856 0.01269465
v 0.06350000 0.00332932 0.01262607
v 0.06350000 0.00336661 0.01255554
v 0.06350000 0.00340034 0.01248325
v 0.06350000 0.00343042 0.01240936
v 0.06350000 0.00345679 0.01233406
v 0.06350000 0.00347936 0.01225755
v 0.06350000 0.00349810 0.01218000
v 0.06350000 0.00351295 0.01210162
v 0.06350000 0.00352387 0.01202259
v 0.06350000 0.00353084 0.01194311
v 0.06350000 0.00353384 0.01186339
v 0.06350000 0.00353286 0.01178362
v 0.06350000 0.00352790 0.01170400
v 0.06350000 0.00351899 0.01162472
v 0.06350000 0.00350613 0.01154598
v 0.06350000 0.00348936 0.01146799
v 0.06350000 0.00346873 0.01139092
v 0.06350000 0.00344428 0.01131498
v 0.06350000 0.00341608 0.01124036
v 0.06350000 0.00338419 0.01116723
v 0.06350000 0.00334870 0.01109578
v 0.06350000 0.00330969 0.01102619
v 0.06350000 0.00326725 0.01095863
v 0.06350000 0.00322151 0.01089327
v 0.06350000 0.00317256 0.01083028
v 0.06350000 0.00312053 0.01076980
v 0.06350000 0.00306556 0.01071198
v 0.06350000 0.00300777 0.01065698
v 0.06350000 0.00294731 0.01060493
v 0.06350000 0.00288433 0.01055596
v 0.06350000 0.00281899 0.01051019
v 0.06350000 0.00275145 0.01046773
v 0.06350000 0.00268187 0.01042869
v 0.06350000 0.00261044 0.01039317
v 0.06350000 0.00253732 0.01036126
v 0.06350000 0.00246271 0.01033302
v 0.06350000 0.00238678 0.01030854
v 0.06350000 0.00230972 0.01028788
v 0.06350000 0.00223173 0.01027108
v 0.06350000 0.00215300 0.01025820
v 0.06350000 0.00207373 0.01024925
v 0.06350000 0.00199410 0.01024426
v 0.06350000 0.00191433 0.01024325
v 0.06350000 0.00183461 0.01024622
v 0.06350000 0.00175513 0.01025316
v 0.06350000 0.00167610 0.01026405
v 0.06350000 0.00057937 0.01099161
v 0.06350000 0.00067089 0.01086097
v 0.06350000 0.00062350 0.01092515
v 0.06350000 0.00077496 0.01074009
v 0.06350000 0.00072142 0.01079923
v 0.06350000 0.00050132 0.01113072
v 0.06350000 0.00053861 0.01106019
v 0.06350000 0.00089054 0.01063017
v 0.06350000 0.00083138 0.01068369
v 0.06350000 0.00101650 0.01053231
v 0.06350000 0.00095230 0.01057967
v 0.06350000 0.00036983 0.01150626
v 0.06350000 0.00041114 0.01135220
v 0.06350000 0.00038856 0.01142872
v 0.06350000 0.00115158 0.01044747
v 0.06350000 0.00108298 0.01048821
v 0.06350000 0.00122212 0.01041021
v 0.06350000 0.00034406 0.01166368
v 0.06350000 0.00043751 0.01127691
v 0.06350000 0.00035498 0.01158465
v 0.06350000 0.00129443 0.01037651
v 0.06350000 0.00046759 0.01120302
v 0.06350000 0.00152016 0.01029757
v 0.06350000 0.00144363 0.01032012
v 0.06350000 0.00136833 0.01034645
v 0.06350000 0.00034894 0.01206155
v 0.06350000 0.00033409 0.01182287
v 0.06350000 0.00033507 0.01190264
v 0.06350000 0.00034003 0.01198227
v 0.06350000 0.00037857 0.01221828
v 0.06350000 0.00036180 0.01214028
v 0.06350000 0.00159771 0.01027886
v 0.06350000 0.00042365 0.01237128
v 0.06350000 0.00039920 0.01229534
v 0.06350000 0.00048374 0.01251904
v 0.06350000 0.00045185 0.01244591
v 0.06350000 0.00055824 0.01266007
v 0.06350000 0.00051923 0.01259048
v 0.06350000 0.00064642 0.01279299
v 0.06350000 0.00060068 0.01272763
v 0.06350000 0.00074740 0.01291647
v 0.06350000 0.00069537 0.01285599
v 0.06350000 0.00080237 0.01297428
v 0.06350000 0.00098360 0.01313030
v 0.06350000 0.00086016 0.01302928
v 0.06350000 0.00092062 0.01308133
v 0.06350000 0.00033709 0.01174315
v 0.06350000 0.00111648 0.01321853
v 0.06350000 0.00104894 0.01317607
v 0.06350000 0.00118606 0.01325757
v 0.06350000 0.00133061 0.01332501
v 0.06350000 0.00125749 0.01329309
v 0.06350000 0.00155821 0.01339838
v 0.06350000 0.00140522 0.01335324
v 0.06350000 0.00148115 0.01337772
v 0.06350000 0.00179420 0.01343702
v 0.06350000 0.00163620 0.01341518
v 0.06350000 0.00171493 0.01342807
v 0.06350000 0.00187382 0.01344200
v 0.06350000 0.00203332 0.01344004
v 0.06350000 0.00195360 0.01344301
v 0.06350000 0.00211280 0.01343311
v 0.06350000 -0.01064406 0.00674491
v 0.06350000 -0.01055255 0.00661427
v 0.06350000 -0.01059993 0.00667845
v 0.06350000 -0.01039206 0.00643699
v 0.06350000 -0.01044848 0.00649339
v 0.06350000 -0.01050202 0.00655253
v 0.06350000 -0.01075584 0.00695631
v 0.06350000 -0.01068482 0.00681349
v 0.06350000 -0.01072211 0.00688402
v 0.06350000 -0.01033289 0.00638347
v 0.06350000 -0.01078593 0.00703020
v 0.06350000 -0.01020694 0.00628561
v 0.06350000 -0.01027113 0.00633297
v 0.06350000 -0.01085361 0.00725956
v 0.06350000 -0.01081229 0.00710550
v 0.06350000 -0.01083487 0.00718201
v 0.06350000 -0.01007186 0.00620077
v 0.06350000 -0.01014046 0.00624150
v 0.06350000 -0.01086845 0.00733795
v 0.06350000 -0.01087938 0.00741697
v 0.06350000 -0.00992901 0.00612980
v 0.06350000 -0.01000132 0.00616350
v 0.06350000 -0.01088934 0.00757617
v 0.06350000 -0.01088634 0.00749645
v 0.06350000 -0.00977980 0.00607341
v 0.06350000 -0.00985511 0.00609975
v 0.06350000 -0.01088836 0.00765594
v 0.06350000 -0.00954733 0.00601734
v 0.06350000 -0.00962572 0.00603216
v 0.06350000 -0.00970328 0.00605087
v 0.06350000 -0.01084487 0.00797157
v 0.06350000 -0.01088341 0.00773556
v 0.06350000 -0.01087449 0.00781484
v 0.06350000 -0.01086164 0.00789358
v 0.06350000 -0.01079979 0.00812458
v 0.06350000 -0.01082424 0.00804864
v 0.06350000 -0.00914971 0.00600254
v 0.06350000 -0.00922933 0.00599756
v 0.06350000 -0.00930910 0.00599655
v 0.06350000 -0.00938883 0.00599952
v 0.06350000 -0.00946830 0.00600645
v 0.06350000 -0.01070420 0.00834378
v 0.06350000 -0.01077158 0.00819920
v 0.06350000 -0.01073970 0.00827233
v 0.06350000 -0.00899170 0.00602438
v 0.06350000 -0.00907043 0.00601149
v 0.06350000 -0.01066519 0.00841337
v 0.06350000 -0.01062276 0.00848093
v 0.06350000 -0.00883666 0.00606184
v 0.06350000 -0.00891371 0.00604118
v 0.06350000 -0.01052807 0.00860929
v 0.06350000 -0.01057701 0.00854629
v 0.06350000 -0.01047604 0.00866977
v 0.06350000 -0.00861300 0.00614647
v 0.06350000 -0.00868611 0.00611455
v 0.06350000 -0.00876073 0.00608632
v 0.06350000 -0.01042106 0.00872758
v 0.06350000 -0.00847199 0.00622103
v 0.06350000 -0.00854156 0.00618199
v 0.06350000 -0.01017449 0.00892937
v 0.06350000 -0.01036327 0.00878258
v 0.06350000 -0.01030282 0.00883463
v 0.06350000 -0.01023984 0.00888360
v 0.06350000 -0.00827613 0.00635823
v 0.06350000 -0.00833911 0.00630926
v 0.06350000 -0.00840445 0.00626349
v 0.06350000 -0.00821567 0.00641028
v 0.06350000 -0.01003738 0.00901087
v 0.06350000 -0.01010695 0.00897183
v 0.06350000 -0.00810290 0.00652309
v 0.06350000 -0.00815788 0.00646528
v 0.06350000 -0.00981821 0.00910654
v 0.06350000 -0.00996595 0.00904639
v 0.06350000 -0.00989283 0.00907831
v 0.06350000 -0.00800193 0.00664657
v 0.06350000 -0.00805087 0.00658357
v 0.06350000 -0.00966523 0.00915168
v 0.06350000 -0.00974228 0.00913102
v 0.06350000 -0.00787474 0.00684908
v 0.06350000 -0.00791375 0.00677949
v 0.06350000 -0.00795618 0.00671193
v 0.06350000 -0.00942923 0.00919031
v 0.06350000 -0.00958724 0.00916848
v 0.06350000 -0.00950851 0.00918136
v 0.06350000 -0.00780736 0.00699365
v 0.06350000 -0.00783925 0.00692052
v 0.06350000 -0.00919012 0.00919334
v 0.06350000 -0.00934961 0.00919530
v 0.06350000 -0.00926984 0.00919631
v 0.06350000 -0.00773407 0.00722128
v 0.06350000 -0.00775471 0.00714422
v 0.06350000 -0.00777915 0.00706828
v 0.06350000 -0.00903161 0.00917551
v 0.06350000 -0.00911064 0.00918640
v 0.06350000 -0.00770445 0.00737801
v 0.06350000 -0.00771731 0.00729928
v 0.06350000 -0.00769553 0.00745729
v 0.06350000 -0.00879914 0.00911944
v 0.06350000 -0.00895322 0.00916070
v 0.06350000 -0.00887566 0.00914199
v 0.06350000 -0.00769260 0.00769641
v 0.06350000 -0.00768960 0.00761669
v 0.06350000 -0.00769058 0.00753692
v 0.06350000 -0.00769957 0.00777588
v 0.06350000 -0.00772534 0.00793330
v 0.06350000 -0.00771049 0.00785491
v 0.06350000 -0.00843849 0.00895135
v 0.06350000 -0.00872383 0.00909311
v 0.06350000 -0.00864993 0.00906305
v 0.06350000 -0.00857762 0.00902935
v 0.06350000 -0.00850708 0.00899209
v 0.06350000 -0.00776665 0.00808736
v 0.06350000 -0.00774407 0.00801084
v 0.06350000 -0.00824605 0.00880939
v 0.06350000 -0.00837201 0.00890725
v 0.06350000 -0.00830781 0.00885989
v 0.06350000 -0.00782310 0.00823654
v 0.06350000 -0.00779301 0.00816266
v 0.06350000 -0.00818689 0.00875587
v 0.06350000 -0.00813046 0.00869947
v 0.06350000 -0.00789412 0.00837937
v 0.06350000 -0.00785683 0.00830884
v 0.06350000 -0.00793488 0.00844795
v 0.06350000 -0.00802639 0.00857859
v 0.06350000 -0.00807692 0.00864033
v 0.06350000 -0.00797901 0.00851441
v 0.06350000 -0.01257803 -0.00509822
v 0.06350000 -0.01248651 -0.00522886
v 0.06350000 -0.01253390 -0.00516468
v 0.06350000 -0.01232602 -0.00540615
v 0.06350000 -0.01238244 -0.00534974
v 0.06350000 -0.01243599 -0.00529060
v 0.06350000 -0.01268981 -0.00488682
v 0.06350000 -0.01261879 -0.00502964
v 0.06350000 -0.01265608 -0.00495912
v 0.06350000 -0.01226686 -0.00545966
v 0.06350000 -0.01271989 -0.00481293
v 0.06350000 -0.01214090 -0.00555753
v 0.06350000 -0.01220510 -0.00551017
v 0.06350000 -0.01278757 -0.00458357
v 0.06350000 -0.01274626 -0.00473763
v 0.06350000 -0.01276884 -0.00466112
v 0.06350000 -0.01200583 -0.00564236
v 0.06350000 -0.01207442 -0.00560163
v 0.06350000 -0.01280242 -0.00450519
v 0.06350000 -0.01281334 -0.00442616
v 0.06350000 -0.01186297 -0.00571333
v 0.06350000 -0.01193528 -0.00567963
v 0.06350000 -0.01171377 -0.00576972
v 0.06350000 -0.01178907 -0.00574338
v 0.06350000 -0.01282233 -0.00418719
v 0.06350000 -0.01282031 -0.00434669
v 0.06350000 -0.01282331 -0.00426696
v 0.06350000 -0.01148130 -0.00582579
v 0.06350000 -0.01155969 -0.00581097
v 0.06350000 -0.01163724 -0.00579227
v 0.06350000 -0.01279560 -0.00394955
v 0.06350000 -0.01281737 -0.00410757
v 0.06350000 -0.01280846 -0.00402829
v 0.06350000 -0.01277883 -0.00387156
v 0.06350000 -0.01273375 -0.00371855
v 0.06350000 -0.01275820 -0.00379449
v 0.06350000 -0.01108367 -0.00584059
v 0.06350000 -0.01116330 -0.00584557
v 0.06350000 -0.01124307 -0.00584658
v 0.06350000 -0.01132279 -0.00584362
v 0.06350000 -0.01140227 -0.00583668
v 0.06350000 -0.01263817 -0.00349935
v 0.06350000 -0.01270555 -0.00364393
v 0.06350000 -0.01267366 -0.00357080
v 0.06350000 -0.01092567 -0.00581875
v 0.06350000 -0.01100440 -0.00583164
v 0.06350000 -0.01255672 -0.00336220
v 0.06350000 -0.01259916 -0.00342976
v 0.06350000 -0.01062008 -0.00572858
v 0.06350000 -0.01069469 -0.00575681
v 0.06350000 -0.01077062 -0.00578129
v 0.06350000 -0.01084768 -0.00580195
v 0.06350000 -0.01054696 -0.00569666
v 0.06350000 -0.01229724 -0.00306056
v 0.06350000 -0.01251098 -0.00329684
v 0.06350000 -0.01246203 -0.00323385
v 0.06350000 -0.01241001 -0.00317337
v 0.06350000 -0.01235503 -0.00311556
v 0.06350000 -0.01040595 -0.00562210
v 0.06350000 -0.01047553 -0.00566114
v 0.06350000 -0.01223678 -0.00300851
v 0.06350000 -0.01217380 -0.00295953
v 0.06350000 -0.01021009 -0.00548490
v 0.06350000 -0.01027307 -0.00553387
v 0.06350000 -0.01033841 -0.00557964
v 0.06350000 -0.01197134 -0.00283227
v 0.06350000 -0.01210846 -0.00291376
v 0.06350000 -0.01204092 -0.00287130
v 0.06350000 -0.01003687 -0.00532004
v 0.06350000 -0.01009184 -0.00537785
v 0.06350000 -0.01014963 -0.00543285
v 0.06350000 -0.00993589 -0.00519656
v 0.06350000 -0.00998484 -0.00525956
v 0.06350000 -0.01159919 -0.00269145
v 0.06350000 -0.01189991 -0.00279674
v 0.06350000 -0.01182679 -0.00276483
v 0.06350000 -0.01175218 -0.00273659
v 0.06350000 -0.01167625 -0.00271212
v 0.06350000 -0.01152120 -0.00267466
v 0.06350000 -0.00980870 -0.00499406
v 0.06350000 -0.00984772 -0.00506364
v 0.06350000 -0.00989015 -0.00513120
v 0.06350000 -0.00974132 -0.00484948
v 0.06350000 -0.00977321 -0.00492261
v 0.06350000 -0.01120380 -0.00264682
v 0.06350000 -0.01144247 -0.00266177
v 0.06350000 -0.01136320 -0.00265282
v 0.06350000 -0.01128358 -0.00264783
v 0.06350000 -0.00968867 -0.00469891
v 0.06350000 -0.00971312 -0.00477485
v 0.06350000 -0.01112408 -0.00264979
v 0.06350000 -0.00966804 -0.00462185
v 0.06350000 -0.01096557 -0.00266762
v 0.06350000 -0.01104461 -0.00265673
v 0.06350000 -0.01088718 -0.00268244
v 0.06350000 -0.00962950 -0.00438584
v 0.06350000 -0.00963841 -0.00446512
v 0.06350000 -0.00965127 -0.00454385
v 0.06350000 -0.00962454 -0.00430622
v 0.06350000 -0.01065780 -0.00275002
v 0.06350000 -0.01080963 -0.00270114
v 0.06350000 -0.01073310 -0.00272369
v 0.06350000 -0.00962656 -0.00414672
v 0.06350000 -0.00962356 -0.00422644
v 0.06350000 -0.00963353 -0.00406725
v 0.06350000 -0.01051159 -0.00281378
v 0.06350000 -0.01058390 -0.00278008
v 0.06350000 -0.00965930 -0.00390984
v 0.06350000 -0.00964445 -0.00398822
v 0.06350000 -0.01037245 -0.00289178
v 0.06350000 -0.01044105 -0.00285104
v 0.06350000 -0.00972698 -0.00368048
v 0.06350000 -0.00970061 -0.00375577
v 0.06350000 -0.00967804 -0.00383229
v 0.06350000 -0.01018001 -0.00303374
v 0.06350000 -0.01030597 -0.00293588
v 0.06350000 -0.01024177 -0.00298324
v 0.06350000 -0.00975706 -0.00360659
v 0.06350000 -0.01012085 -0.00308726
v 0.06350000 -0.00979079 -0.00353429
v 0.06350000 -0.00986884 -0.00339519
v 0.06350000 -0.00982808 -0.00346377
v 0.06350000 -0.00996036 -0.00326454
v 0.06350000 -0.01006443 -0.00314366
v 0.06350000 -0.01001089 -0.00320281
v 0.06350000 -0.00991297 -0.00332872
v 0.06350000 -0.00328856 -0.01269465
v 0.06350000 -0.00319704 -0.01282529
v 0.06350000 -0.00324443 -0.01276111
v 0.06350000 -0.00336661 -0.01255554
v 0.06350000 -0.00332932 -0.01262607
v 0.06350000 -0.00297739 -0.01305609
v 0.06350000 -0.00303655 -0.01300257
v 0.06350000 -0.00309297 -0.01294617
v 0.06350000 -0.00314651 -0.01288703
v 0.06350000 -0.00343042 -0.01240936
v 0.06350000 -0.00340034 -0.01248325
v 0.06350000 -0.00345679 -0.01233406
v 0.06350000 -0.00285143 -0.01315396
v 0.06350000 -0.00291563 -0.01310659
v 0.06350000 -0.00271635 -0.01323879
v 0.06350000 -0.00278495 -0.01319806
v 0.06350000 -0.00352387 -0.01202259
v 0.06350000 -0.00347936 -0.01225755
v 0.06350000 -0.00349810 -0.01218000
v 0.06350000 -0.00351295 -0.01210162
v 0.06350000 -0.00257350 -0.01330976
v 0.06350000 -0.00264581 -0.01327606
v 0.06350000 -0.00353384 -0.01186339
v 0.06350000 -0.00353084 -0.01194311
v 0.06350000 -0.00242430 -0.01336615
v 0.06350000 -0.00249960 -0.01333981
v 0.06350000 -0.00348936 -0.01146799
v 0.06350000 -0.00353286 -0.01178362
v 0.06350000 -0.00352790 -0.01170400
v 0.06350000 -0.00351899 -0.01162472
v 0.06350000 -0.00350613 -0.01154598
v 0.06350000 -0.00195360 -0.01344301
v 0.06350000 -0.00219183 -0.01342222
v 0.06350000 -0.00227022 -0.01340740
v 0.06350000 -0.00234777 -0.01338869
v 0.06350000 -0.00203332 -0.01344004
v 0.06350000 -0.00211280 -0.01343311
v 0.06350000 -0.00344428 -0.01131498
v 0.06350000 -0.00346873 -0.01139092
v 0.06350000 -0.00171493 -0.01342807
v 0.06350000 -0.00179420 -0.01343702
v 0.06350000 -0.00187382 -0.01344200
v 0.06350000 -0.00334870 -0.01109578
v 0.06350000 -0.00341608 -0.01124036
v 0.06350000 -0.00338419 -0.01116723
v 0.06350000 -0.00163620 -0.01341518
v 0.06350000 -0.00326725 -0.01095863
v 0.06350000 -0.00330969 -0.01102619
v 0.06350000 -0.00140522 -0.01335324
v 0.06350000 -0.00148115 -0.01337772
v 0.06350000 -0.00155821 -0.01339838
v 0.06350000 -0.00317256 -0.01083028
v 0.06350000 -0.00322151 -0.01089327
v 0.06350000 -0.00125749 -0.01329309
v 0.06350000 -0.00133061 -0.01332501
v 0.06350000 -0.00306556 -0.01071198
v 0.06350000 -0.00312053 -0.01076980
v 0.06350000 -0.00300777 -0.01065698
v 0.06350000 -0.00111648 -0.01321853
v 0.06350000 -0.00118606 -0.01325757
v 0.06350000 -0.00104894 -0.01317607
v 0.06350000 -0.00281899 -0.01051019
v 0.06350000 -0.00294731 -0.01060493
v 0.06350000 -0.00288433 -0.01055596
v 0.06350000 -0.00092062 -0.01308133
v 0.06350000 -0.00098360 -0.01313030
v 0.06350000 -0.00275145 -0.01046773
v 0.06350000 -0.00074740 -0.01291647
v 0.06350000 -0.00080237 -0.01297428
v 0.06350000 -0.00086016 -0.01302928
v 0.06350000 -0.00253732 -0.01036126
v 0.06350000 -0.00268187 -0.01042869
v 0.06350000 -0.00261044 -0.01039317
v 0.06350000 -0.00246271 -0.01033302
v 0.06350000 -0.00060068 -0.01272763
v 0.06350000 -0.00064642 -0.01279299
v 0.06350000 -0.00069537 -0.01285599
v 0.06350000 -0.00230972 -0.01028788
v 0.06350000 -0.00238678 -0.01030854
v 0.06350000 -0.00051923 -0.01259048
v 0.06350000 -0.00055824 -0.01266007
v 0.06350000 -0.00215300 -0.01025820
v 0.06350000 -0.00223173 -0.01027108
v 0.06350000 -0.00045185 -0.01244591
v 0.06350000 -0.00048374 -0.01251904
v 0.06350000 -0.00191433 -0.01024325
v 0.06350000 -0.00207373 -0.01024925
v 0.06350000 -0.00199410 -0.01024426
v 0.06350000 -0.00183461 -0.01024622
v 0.06350000 -0.00037857 -0.01221828
v 0.06350000 -0.00039920 -0.01229534
v 0.06350000 -0.00042365 -0.01237128
v 0.06350000 -0.00167610 -0.01026405
v 0.06350000 -0.00175513 -0.01025316
v 0.06350000 -0.00034894 -0.01206155
v 0.06350000 -0.00036180 -0.01214028
v 0.06350000 -0.00152016 -0.01029757
v 0.06350000 -0.00159771 -0.01027886
v 0.06350000 -0.00136833 -0.01034645
v 0.06350000 -0.00144363 -0.01032012
v 0.06350000 -0.00033709 -0.01174315
v 0.06350000 -0.00033409 -0.01182287
v 0.06350000 -0.00033507 -0.01190264
v 0.06350000 -0.00034003 -0.01198227
v 0.06350000 -0.00129443 -0.01037651
v 0.06350000 -0.00035498 -0.01158465
v 0.06350000 -0.00034406 -0.01166368
v 0.06350000 -0.00038856 -0.01142872
v 0.06350000 -0.00036983 -0.01150626
v 0.06350000 -0.00101650 -0.01053231
v 0.06350000 -0.00122212 -0.01041021
v 0.06350000 -0.00115158 -0.01044747
v 0.06350000 -0.00108298 -0.01048821
v 0.06350000 -0.00089054 -0.01063017
v 0.06350000 -0.00095230 -0.01057967
v 0.06350000 -0.00083138 -0.01068369
v 0.06350000 -0.00050132 -0.01113072
v 0.06350000 -0.00046759 -0.01120302
v 0.06350000 -0.00043751 -0.01127691
v 0.06350000 -0.00041114 -0.01135220
v 0.06350000 -0.00077496 -0.01074009
v 0.06350000 -0.00072142 -0.01079923
v 0.06350000 -0.00057937 -0.01099161
v 0.06350000 -0.00053861 -0.01106019
v 0.06350000 -0.00062350 -0.01092515
v 0.06350000 -0.00067089 -0.01086097
v 0.06350000 0.01001089 0.00320281
v 0.06350000 0.00996036 0.00326454
v 0.06350000 0.00991297 0.00332872
v 0.06350000 0.01012085 0.00308726
v 0.06350000 0.01006443 0.00314366
v 0.06350000 0.00975706 0.00360659
v 0.06350000 0.00986884 0.00339519
v 0.06350000 0.00982808 0.00346377
v 0.06350000 0.00979079 0.00353429
v 0.06350000 0.00970061 0.00375577
v 0.06350000 0.00972698 0.00368048
v 0.06350000 0.01030597 0.00293588
v 0.06350000 0.01024177 0.00298324
v 0.06350000 0.01018001 0.00303374
v 0.06350000 0.00965930 0.00390984
v 0.06350000 0.00967804 0.00383229
v 0.06350000 0.01051159 0.00281378
v 0.06350000 0.01044105 0.00285104
v 0.06350000 0.01037245 0.00289178
v 0.06350000 0.00962454 0.00430622
v 0.06350000 0.00964445 0.00398822
v 0.06350000 0.00963353 0.00406725
v 0.06350000 0.00962656 0.00414672
v 0.06350000 0.00962356 0.00422644
v 0.06350000 0.01080963 0.00270114
v 0.06350000 0.01073310 0.00272369
v 0.06350000 0.01065780 0.00275002
v 0.06350000 0.01058390 0.00278008
v 0.06350000 0.00963841 0.00446512
v 0.06350000 0.00962950 0.00438584
v 0.06350000 0.00965127 0.00454385
v 0.06350000 0.01104461 0.00265673
v 0.06350000 0.01096557 0.00266762
v 0.06350000 0.01088718 0.00268244
v 0.06350000 0.00966804 0.00462185
v 0.06350000 0.01120380 0.00264682
v 0.06350000 0.01112408 0.00264979
v 0.06350000 0.00974132 0.00484948
v 0.06350000 0.00968867 0.00469891
v 0.06350000 0.00971312 0.00477485
v 0.06350000 0.01136320 0.00265282
v 0.06350000 0.01128358 0.00264783
v 0.06350000 0.00980870 0.00499406
v 0.06350000 0.00977321 0.00492261
v 0.06350000 0.01152120 0.00267466
v 0.06350000 0.01144247 0.00266177
v 0.06350000 0.01159919 0.00269145
v 0.06350000 0.00993589 0.00519656
v 0.06350000 0.00984772 0.00506364
v 0.06350000 0.00989015 0.00513120
v 0.06350000 0.01175218 0.00273659
v 0.06350000 0.01167625 0.00271212
v 0.06350000 0.01003687 0.00532004
v 0.06350000 0.00998484 0.00525956
v 0.06350000 0.01197134 0.00283227
v 0.06350000 0.01189991 0.00279674
v 0.06350000 0.01182679 0.00276483
v 0.06350000 0.01014963 0.00543285
v 0.06350000 0.01009184 0.00537785
v 0.06350000 0.01027307 0.00553387
v 0.06350000 0.01021009 0.00548490
v 0.06350000 0.01223678 0.00300851
v 0.06350000 0.01217380 0.00295953
v 0.06350000 0.01210846 0.00291376
v 0.06350000 0.01204092 0.00287130
v 0.06350000 0.01040595 0.00562210
v 0.06350000 0.01033841 0.00557964
v 0.06350000 0.01229724 0.00306056
v 0.06350000 0.01054696 0.00569666
v 0.06350000 0.01047553 0.00566114
v 0.06350000 0.01241001 0.00317337
v 0.06350000 0.01235503 0.00311556
v 0.06350000 0.01069469 0.00575681
v 0.06350000 0.01062008 0.00572858
v 0.06350000 0.01251098 0.00329684
v 0.06350000 0.01246203 0.00323385
v 0.06350000 0.01077062 0.00578129
v 0.06350000 0.01100440 0.00583164
v 0.06350000 0.01084768 0.00580195
v 0.06350000 0.01092567 0.00581875
v 0.06350000 0.01267366 0.00357080
v 0.06350000 0.01263817 0.00349935
v 0.06350000 0.01259916 0.00342976
v 0.06350000 0.01255672 0.00336220
v 0.06350000 0.01108367 0.00584059
v 0.06350000 0.01273375 0.00371855
v 0.06350000 0.01270555 0.00364393
v 0.06350000 0.01140227 0.00583668
v 0.06350000 0.01116330 0.00584557
v 0.06350000 0.01124307 0.00584658
v 0.06350000 0.01132279 0.00584362
v 0.06350000 0.01279560 0.00394955
v 0.06350000 0.01277883 0.00387156
v 0.06350000 0.01275820 0.00379449
v 0.06350000 0.01155969 0.00581097
v 0.06350000 0.01148130 0.00582579
v 0.06350000 0.01282331 0.00426696
v 0.06350000 0.01282233 0.00418719
v 0.06350000 0.01281737 0.00410757
v 0.06350000 0.01280846 0.00402829
v 0.06350000 0.01178907 0.00574338
v 0.06350000 0.01163724 0.00579227
v 0.06350000 0.01171377 0.00576972
v 0.06350000 0.01186297 0.00571333
v 0.06350000 0.01280242 0.00450519
v 0.06350000 0.01281334 0.00442616
v 0.06350000 0.01282031 0.00434669
v 0.06350000 0.01200583 0.00564236
v 0.06350000 0.01193528 0.00567963
v 0.06350000 0.01207442 0.00560163
v 0.06350000 0.01214090 0.00555753
v 0.06350000 0.01274626 0.00473763
v 0.06350000 0.01276884 0.00466112
v 0.06350000 0.01278757 0.00458357
v 0.06350000 0.01220510 0.00551017
v 0.06350000 0.01268981 0.00488682
v 0.06350000 0.01271989 0.00481293
v 0.06350000 0.01232602 0.00540615
v 0.06350000 0.01226686 0.00545966
v 0.06350000 0.01265608 0.00495912
v 0.06350000 0.01238244 0.00534974
v 0.06350000 0.01257803 0.00509822
v 0.06350000 0.01261879 0.00502964
v 0.06350000 0.01253390 0.00516468
v 0.06350000 0.01243599 0.00529060
v 0.06350000 0.01248651 0.00522886
v 0.06350000 0.00807692 -0.00864033
v 0.06350000 0.00802639 -0.00857859
v 0.06350000 0.00797901 -0.00851441
v 0.06350000 0.00789412 -0.00837937
v 0.06350000 0.00793488 -0.00844795
v 0.06350000 0.00782310 -0.00823654
v 0.06350000 0.00785683 -0.00830884
v 0.06350000 0.00776665 -0.00808736
v 0.06350000 0.00779301 -0.00816266
v 0.06350000 0.00837201 -0.00890725
v 0.06350000 0.00830781 -0.00885989
v 0.06350000 0.00824605 -0.00880939
v 0.06350000 0.00818689 -0.00875587
v 0.06350000 0.00813046 -0.00869947
v 0.06350000 0.00772534 -0.00793330
v 0.06350000 0.00774407 -0.00801084
v 0.06350000 0.00857762 -0.00902935
v 0.06350000 0.00850708 -0.00899209
v 0.06350000 0.00843849 -0.00895135
v 0.06350000 0.00769957 -0.00777588
v 0.06350000 0.00771049 -0.00785491
v 0.06350000 0.00864993 -0.00906305
v 0.06350000 0.00887566 -0.00914199
v 0.06350000 0.00879914 -0.00911944
v 0.06350000 0.00872383 -0.00909311
v 0.06350000 0.00770445 -0.00737801
v 0.06350000 0.00769058 -0.00753692
v 0.06350000 0.00769553 -0.00745729
v 0.06350000 0.00771731 -0.00729928
v 0.06350000 0.00769260 -0.00769641
v 0.06350000 0.00768960 -0.00761669
v 0.06350000 0.00911064 -0.00918640
v 0.06350000 0.00903161 -0.00917551
v 0.06350000 0.00895322 -0.00916070
v 0.06350000 0.00773407 -0.00722128
v 0.06350000 0.00926984 -0.00919631
v 0.06350000 0.00919012 -0.00919334
v 0.06350000 0.00780736 -0.00699365
v 0.06350000 0.00775471 -0.00714422
v 0.06350000 0.00777915 -0.00706828
v 0.06350000 0.00942923 -0.00919031
v 0.06350000 0.00934961 -0.00919530
v 0.06350000 0.00787474 -0.00684908
v 0.06350000 0.00783925 -0.00692052
v 0.06350000 0.00958724 -0.00916848
v 0.06350000 0.00950851 -0.00918136
v 0.06350000 0.00800193 -0.00664657
v 0.06350000 0.00791375 -0.00677949
v 0.06350000 0.00795618 -0.00671193
v 0.06350000 0.00981821 -0.00910654
v 0.06350000 0.00974228 -0.00913102
v 0.06350000 0.00966523 -0.00915168
v 0.06350000 0.00815788 -0.00646528
v 0.06350000 0.00805087 -0.00658357
v 0.06350000 0.00810290 -0.00652309
v 0.06350000 0.01003738 -0.00901087
v 0.06350000 0.00996595 -0.00904639
v 0.06350000 0.00989283 -0.00907831
v 0.06350000 0.01010695 -0.00897183
v 0.06350000 0.00827613 -0.00635823
v 0.06350000 0.00821567 -0.00641028
v 0.06350000 0.00833911 -0.00630926
v 0.06350000 0.00847199 -0.00622103
v 0.06350000 0.00840445 -0.00626349
v 0.06350000 0.01036327 -0.00878258
v 0.06350000 0.01030282 -0.00883463
v 0.06350000 0.01023984 -0.00888360
v 0.06350000 0.01017449 -0.00892937
v 0.06350000 0.00861300 -0.00614647
v 0.06350000 0.00854156 -0.00618199
v 0.06350000 0.01047604 -0.00866977
v 0.06350000 0.01042106 -0.00872758
v 0.06350000 0.00876073 -0.00608632
v 0.06350000 0.00868611 -0.00611455
v 0.06350000 0.01057701 -0.00854629
v 0.06350000 0.01052807 -0.00860929
v 0.06350000 0.00883666 -0.00606184
v 0.06350000 0.01066519 -0.00841337
v 0.06350000 0.01062276 -0.00848093
v 0.06350000 0.00899170 -0.00602438
v 0.06350000 0.00891371 -0.00604118
v 0.06350000 0.00907043 -0.00601149
v 0.06350000 0.01073970 -0.00827233
v 0.06350000 0.01070420 -0.00834378
v 0.06350000 0.00922933 -0.00599756
v 0.06350000 0.00914971 -0.00600254
v 0.06350000 0.01079979 -0.00812458
v 0.06350000 0.01077158 -0.00819920
v 0.06350000 0.00946830 -0.00600645
v 0.06350000 0.00930910 -0.00599655
v 0.06350000 0.00938883 -0.00599952
v 0.06350000 0.01086164 -0.00789358
v 0.06350000 0.01084487 -0.00797157
v 0.06350000 0.01082424 -0.00804864
v 0.06350000 0.00954733 -0.00601734
v 0.06350000 0.00962572 -0.00603216
v 0.06350000 0.01088341 -0.00773556
v 0.06350000 0.01087449 -0.00781484
v 0.06350000 0.00970328 -0.00605087
v 0.06350000 0.01088934 -0.00757617
v 0.06350000 0.01088836 -0.00765594
v 0.06350000 0.00985511 -0.00609975
v 0.06350000 0.00977980 -0.00607341
v 0.06350000 0.00992901 -0.00612980
v 0.06350000 0.01086845 -0.00733795
v 0.06350000 0.01087938 -0.00741697
v 0.06350000 0.01088634 -0.00749645
v 0.06350000 0.01014046 -0.00624150
v 0.06350000 0.01000132 -0.00616350
v 0.06350000 0.01007186 -0.00620077
v 0.06350000 0.01020694 -0.00628561
v 0.06350000 0.01081229 -0.00710550
v 0.06350000 0.01083487 -0.00718201
v 0.06350000 0.01085361 -0.00725956
v 0.06350000 0.01027113 -0.00633297
v 0.06350000 0.01075584 -0.00695631
v 0.06350000 0.01078593 -0.00703020
v 0.06350000 0.01039206 -0.00643699
v 0.06350000 0.01033289 -0.00638347
v 0.06350000 0.01050202 -0.00655253
v 0.06350000 0.01044848 -0.00649339
v 0.06350000 0.01064406 -0.00674491
v 0.06350000 0.01068482 -0.00681349
v 0.06350000 0.01072211 -0.00688402
v 0.06350000 0.01059993 -0.00667845
v 0.06350000 0.01055255 -0.00661427
v 0.06550000 -0.00100946 0.00450653
v 0.06550000 -0.00423701 0.00235448
v 0.06550000 -0.00449386 -0.00126294
v 0.06550000 -0.00249994 -0.00399553
v 0.06550000 0.00123284 -0.00445061
v 0.06550000 0.00404686 -0.00222503
v 0.06550000 0.00231136 0.00396609
v 0.06550000 0.00364923 0.00371151
v 0.06550000 0.00454277 0.00121749
v 0.06199648 0.00525953 -0.00126436
v 0.06550000 -0.00057492 0.00509359
v 0.06550000 0.00326432 -0.00398865
v 0.06178932 -0.00180931 0.00500368
v 0.06550000 -0.00061352 -0.00507849
v 0.06550000 -0.00502796 -0.00048196
v 0.06340000 -0.00434950 -0.00259194
v 0.06110000 -0.00335548 0.00628982
v 0.06110000 -0.00345427 0.00630343
v 0.06110000 -0.00325614 0.00628114
v 0.06110000 -0.00315648 0.00627743
v 0.06110000 -0.00305677 0.00627870
v 0.06110000 -0.00295724 0.00628493
v 0.06110000 -0.00285815 0.00629611
v 0.06110000 -0.00275973 0.00631222
v 0.06110000 -0.00266225 0.00633322
v 0.06110000 -0.00256593 0.00635905
v 0.06110000 -0.00247101 0.00638965
v 0.06110000 -0.00237775 0.00642494
v 0.06110000 -0.00228635 0.00646483
v 0.06110000 -0.00219706 0.00650924
v 0.06110000 -0.00211009 0.00655803
v 0.06110000 -0.00202566 0.00661111
v 0.06110000 -0.00194399 0.00666832
v 0.06110000 -0.00186526 0.00672954
v 0.06110000 -0.00178969 0.00679460
v 0.06110000 -0.00171745 0.00686335
v 0.06110000 -0.00164873 0.00693561
v 0.06110000 -0.00158370 0.00701121
v 0.06110000 -0.00152251 0.00708996
v 0.06110000 -0.00146533 0.00717166
v 0.06110000 -0.00141229 0.00725611
v 0.06110000 -0.00136353 0.00734309
v 0.06110000 -0.00131916 0.00743240
v 0.06110000 -0.00127930 0.00752381
v 0.06110000 -0.00124405 0.00761710
v 0.06110000 -0.00121349 0.00771202
v 0.06110000 -0.00118770 0.00780835
v 0.06110000 -0.00116674 0.00790585
v 0.06110000 -0.00115067 0.00800427
v 0.06110000 -0.00113952 0.00810336
v 0.06110000 -0.00113333 0.00820289
v 0.06110000 -0.00113210 0.00830261
v 0.06110000 -0.00113585 0.00840226
v 0.06110000 -0.00114456 0.00850160
v 0.06110000 -0.00115822 0.00860039
v 0.06110000 -0.00117677 0.00869837
v 0.06110000 -0.00120019 0.00879530
v 0.06110000 -0.00122842 0.00889095
v 0.06110000 -0.00126137 0.00898507
v 0.06110000 -0.00129898 0.00907743
v 0.06110000 -0.00134114 0.00916780
v 0.06110000 -0.00138775 0.00925596
v 0.06110000 -0.00143870 0.00934168
v 0.06110000 -0.00149387 0.00942476
v 0.06110000 -0.00155310 0.00950498
v 0.06110000 -0.00161626 0.00958216
v 0.06110000 -0.00168318 0.00965609
v 0.06110000 -0.00175371 0.00972659
v 0.06110000 -0.00182767 0.00979348
v 0.06110000 -0.00190486 0.00985661
v 0.06110000 -0.00198511 0.00991581
v 0.06110000 -0.00206821 0.00997094
v 0.06110000 -0.00215396 0.01002186
v 0.06110000 -0.00224213 0.01006844
v 0.06110000 -0.00233252 0.01011057
v 0.06110000 -0.00242490 0.01014813
v 0.06110000 -0.00251903 0.01018105
v 0.06110000 -0.00261469 0.01020924
v 0.06110000 -0.00271163 0.01023262
v 0.06110000 -0.00280962 0.01025114
v 0.06110000 -0.00018509 0.00761918
v 0.06110000 -0.00290841 0.01026475
v 0.06110000 -0.00300775 0.01027342
v 0.06110000 -0.00254752 0.01123963
v 0.06110000 -0.00310740 0.01027713
v 0.06110000 -0.00320712 0.01027587
v 0.06110000 -0.00330665 0.01026964
v 0.06110000 -0.00340574 0.01025845
v 0.06110000 -0.00350415 0.01024234
v 0.06110000 -0.00360164 0.01022135
v 0.06110000 -0.00369796 0.01019552
v 0.06110000 -0.00379287 0.01016492
v 0.06110000 -0.00376802 0.01123068
v 0.06110000 -0.00388614 0.01012963
v 0.06110000 -0.00397754 0.01008973
v 0.06110000 -0.00406683 0.01004533
v 0.06110000 -0.00152585 0.00572231
v 0.06110000 -0.00415380 0.00999653
v 0.06110000 -0.00423822 0.00994346
v 0.06110000 -0.00431990 0.00988625
v 0.06110000 -0.00439862 0.00982503
v 0.06110000 -0.00447420 0.00975997
v 0.06110000 -0.00486340 0.01074902
v 0.06110000 -0.00454644 0.00969122
v 0.06110000 -0.00461516 0.00961896
v 0.06110000 -0.00468019 0.00954336
v 0.06110000 -0.00262038 0.00530149
v 0.06110000 -0.00474137 0.00946461
v 0.06110000 -0.00479856 0.00938291
v 0.06110000 -0.00485159 0.00929846
v 0.06110000 -0.00490036 0.00921147
v 0.06110000 -0.00494473 0.00912216
v 0.06110000 -0.00567600 0.00990358
v 0.06110000 -0.00498459 0.00903075
v 0.06110000 -0.00501984 0.00893747
v 0.06110000 -0.00505040 0.00884255
v 0.06110000 -0.00507619 0.00874622
v 0.06110000 -0.00509715 0.00864872
v 0.06110000 -0.00355226 0.00632195
v 0.06110000 -0.00511322 0.00855030
v 0.06110000 -0.00364920 0.00634533
v 0.06110000 -0.00512437 0.00845120
v 0.06110000 -0.00374486 0.00637352
v 0.06110000 -0.00513056 0.00835167
v 0.06110000 -0.00383899 0.00640643
v 0.06110000 -0.00513178 0.00825196
v 0.06110000 -0.00393137 0.00644400
v 0.06110000 -0.00512804 0.00815231
v 0.06110000 -0.00402176 0.00648613
v 0.06110000 -0.00511932 0.00805296
v 0.06110000 -0.00506937 0.00594684
v 0.06110000 -0.00410993 0.00653271
v 0.06110000 -0.00510567 0.00795418
v 0.06110000 -0.00419568 0.00658363
v 0.06110000 -0.00557591 0.00775093
v 0.06110000 -0.00427877 0.00663875
v 0.06110000 -0.00506369 0.00775927
v 0.06110000 -0.00435902 0.00669796
v 0.06110000 -0.00503547 0.00766362
v 0.06110000 -0.00443622 0.00676108
v 0.06110000 -0.00500252 0.00756950
v 0.06110000 -0.00451018 0.00682798
v 0.06110000 -0.00496491 0.00747714
v 0.06110000 -0.00458070 0.00689848
v 0.06110000 -0.00492275 0.00738677
v 0.06110000 -0.00464763 0.00697241
v 0.06110000 -0.00487613 0.00729861
v 0.06110000 -0.00471079 0.00704958
v 0.06110000 -0.00482518 0.00721289
v 0.06110000 -0.00477002 0.00712981
v 0.06110000 -0.00582590 -0.00883845
v 0.06110000 -0.00592469 -0.00882484
v 0.06110000 -0.00572656 -0.00884713
v 0.06110000 -0.00562691 -0.00885083
v 0.06110000 -0.00552719 -0.00884957
v 0.06110000 -0.00542766 -0.00884334
v 0.06110000 -0.00532857 -0.00883216
v 0.06110000 -0.00523016 -0.00881604
v 0.06110000 -0.00513267 -0.00879505
v 0.06110000 -0.00503635 -0.00876922
v 0.06110000 -0.00494144 -0.00873862
v 0.06110000 -0.00484817 -0.00870333
v 0.06110000 -0.00475677 -0.00866343
v 0.06110000 -0.00466748 -0.00861903
v 0.06110000 -0.00458051 -0.00857023
v 0.06110000 -0.00449609 -0.00851716
v 0.06110000 -0.00441441 -0.00845995
v 0.06110000 -0.00433569 -0.00839873
v 0.06110000 -0.00426011 -0.00833367
v 0.06110000 -0.00418787 -0.00826492
v 0.06110000 -0.00411915 -0.00819266
v 0.06110000 -0.00405412 -0.00811706
v 0.06110000 -0.00399294 -0.00803831
v 0.06110000 -0.00393575 -0.00795661
v 0.06110000 -0.00388272 -0.00787216
v 0.06110000 -0.00383395 -0.00778517
v 0.06110000 -0.00378958 -0.00769586
v 0.06110000 -0.00374972 -0.00760446
v 0.06110000 -0.00371447 -0.00751117
v 0.06110000 -0.00368391 -0.00741625
v 0.06110000 -0.00365812 -0.00731992
v 0.06110000 -0.00363716 -0.00722242
v 0.06110000 -0.00362109 -0.00712400
v 0.06110000 -0.00360994 -0.00702490
v 0.06110000 -0.00360375 -0.00692537
v 0.06110000 -0.00360253 -0.00682566
v 0.06110000 -0.00360627 -0.00672601
v 0.06110000 -0.00361499 -0.00662667
v 0.06110000 -0.00362864 -0.00652788
v 0.06110000 -0.00364720 -0.00642990
v 0.06110000 -0.00367062 -0.00633297
v 0.06110000 -0.00369884 -0.00623732
v 0.06110000 -0.00373179 -0.00614320
v 0.06110000 -0.00376940 -0.00605084
v 0.06110000 -0.00381156 -0.00596047
v 0.06110000 -0.00385818 -0.00587231
v 0.06110000 -0.00390913 -0.00578659
v 0.06110000 -0.00396429 -0.00570351
v 0.06110000 -0.00402352 -0.00562328
v 0.06110000 -0.00408668 -0.00554611
v 0.06110000 -0.00415361 -0.00547218
v 0.06110000 -0.00422413 -0.00540168
v 0.06110000 -0.00429809 -0.00533478
v 0.06110000 -0.00437529 -0.00527166
v 0.06110000 -0.00445554 -0.00521246
v 0.06110000 -0.00453863 -0.00515733
v 0.06110000 -0.00462438 -0.00510641
v 0.06110000 -0.00471255 -0.00505983
v 0.06110000 -0.00480294 -0.00501770
v 0.06110000 -0.00489532 -0.00498013
v 0.06110000 -0.00498945 -0.00494722
v 0.06110000 -0.00508511 -0.00491903
v 0.06110000 -0.00518205 -0.00489565
v 0.06110000 -0.00528004 -0.00487713
v 0.06110000 -0.00307365 -0.00520094
v 0.06119565 -0.00260875 -0.00643963
v 0.06110000 -0.00537883 -0.00486352
v 0.06110000 -0.00547817 -0.00485484
v 0.06110000 -0.00557783 -0.00485114
v 0.06110000 -0.00567754 -0.00485240
v 0.06110000 -0.00577707 -0.00485863
v 0.06110000 -0.00314254 -0.00860207
v 0.06110000 -0.00587616 -0.00486981
v 0.06110000 -0.00597458 -0.00488593
v 0.06110000 -0.00607206 -0.00490692
v 0.06110000 -0.00616838 -0.00493275
v 0.06110000 -0.00626330 -0.00496335
v 0.06110000 -0.00635656 -0.00499864
v 0.06110000 -0.00644796 -0.00503854
v 0.06110000 -0.00653725 -0.00508294
v 0.06110000 -0.00399627 -0.00940596
v 0.06110000 -0.00662422 -0.00513174
v 0.06110000 -0.00670865 -0.00518481
v 0.06110000 -0.00679032 -0.00524202
v 0.06110000 -0.00686905 -0.00530324
v 0.06110000 -0.00694462 -0.00536830
v 0.06110000 -0.00701686 -0.00543705
v 0.06110000 -0.00708558 -0.00550931
v 0.06110000 -0.00715061 -0.00558491
v 0.06110000 -0.00721180 -0.00566366
v 0.06110000 -0.00726898 -0.00574536
v 0.06110000 -0.00732202 -0.00582981
v 0.06110000 -0.00737078 -0.00591680
v 0.06110000 -0.00741515 -0.00600610
v 0.06110000 -0.00745501 -0.00609751
v 0.06110000 -0.00749026 -0.00619080
v 0.06110000 -0.00752082 -0.00628572
v 0.06110000 -0.00754661 -0.00638205
v 0.06110000 -0.00756757 -0.00647955
v 0.06110000 -0.00602268 -0.00880632
v 0.06110000 -0.00758364 -0.00657797
v 0.06110000 -0.00611962 -0.00878294
v 0.06110000 -0.00759479 -0.00667707
v 0.06110000 -0.00621528 -0.00875475
v 0.06110000 -0.00760098 -0.00677660
v 0.06110000 -0.00630941 -0.00872184
v 0.06110000 -0.00760221 -0.00687631
v 0.06110000 -0.00640179 -0.00868427
v 0.06110000 -0.00759846 -0.00697596
v 0.06110000 -0.00649218 -0.00864214
v 0.06110000 -0.00758975 -0.00707530
v 0.06110000 -0.00741423 -0.00926640
v 0.06110000 -0.00658035 -0.00859556
v 0.06110000 -0.00757609 -0.00717409
v 0.06110000 -0.00666610 -0.00854464
v 0.06110000 -0.00755754 -0.00727207
v 0.06110000 -0.00674920 -0.00848951
v 0.06110000 -0.00753412 -0.00736900
v 0.06110000 -0.00682945 -0.00843031
v 0.06110000 -0.00750589 -0.00746465
v 0.06110000 -0.00690664 -0.00836718
v 0.06110000 -0.00747294 -0.00755877
v 0.06110000 -0.00698060 -0.00830029
v 0.06110000 -0.00743533 -0.00765113
v 0.06110000 -0.00705113 -0.00822979
v 0.06110000 -0.00739317 -0.00774150
v 0.06110000 -0.00711805 -0.00815586
v 0.06110000 -0.00734656 -0.00782966
v 0.06110000 -0.00718121 -0.00807868
v 0.06110000 -0.00844611 -0.00798172
v 0.06110000 -0.00729561 -0.00791538
v 0.06110000 -0.00724044 -0.00799846
v 0.06110000 0.00851077 -0.00341377
v 0.06110000 0.00841198 -0.00340015
v 0.06110000 0.00861012 -0.00342244
v 0.06110000 0.00870977 -0.00342615
v 0.06110000 0.00880949 -0.00342489
v 0.06110000 0.00890901 -0.00341865
v 0.06110000 0.00900811 -0.00340747
v 0.06110000 0.00910652 -0.00339136
v 0.06110000 0.00920401 -0.00337036
v 0.06110000 0.00930033 -0.00334453
v 0.06110000 0.00939524 -0.00331394
v 0.06110000 0.00948851 -0.00327864
v 0.06110000 0.00957990 -0.00323875
v 0.06110000 0.00966919 -0.00319435
v 0.06110000 0.00975616 -0.00314555
v 0.06110000 0.00984059 -0.00309248
v 0.06110000 0.00992227 -0.00303526
v 0.06110000 0.01000099 -0.00297405
v 0.06110000 0.01007656 -0.00290898
v 0.06110000 0.01014880 -0.00284023
v 0.06110000 0.01021752 -0.00276797
v 0.06110000 0.01028256 -0.00269237
v 0.06110000 0.01034374 -0.00261362
v 0.06110000 0.01040092 -0.00253192
v 0.06110000 0.01045396 -0.00244748
v 0.06110000 0.01050272 -0.00236049
v 0.06110000 0.01054709 -0.00227118
v 0.06110000 0.01058695 -0.00217977
v 0.06110000 0.01062221 -0.00208649
v 0.06110000 0.01065277 -0.00199156
v 0.06110000 0.01067856 -0.00189523
v 0.06110000 0.01069952 -0.00179774
v 0.06110000 0.01071559 -0.00169932
v 0.06110000 0.01072673 -0.00160022
v 0.06110000 0.01073293 -0.00150069
v 0.06110000 0.01073415 -0.00140097
v 0.06110000 0.01073040 -0.00130132
v 0.06110000 0.01072169 -0.00120198
v 0.06110000 0.01070804 -0.00110320
v 0.06110000 0.01068948 -0.00100521
v 0.06110000 0.01066606 -0.00090828
v 0.06110000 0.01063784 -0.00081264
v 0.06110000 0.01060488 -0.00071852
v 0.06110000 0.01056728 -0.00062615
v 0.06110000 0.01052511 -0.00053578
v 0.06110000 0.01047850 -0.00044763
v 0.06110000 0.01042755 -0.00036190
v 0.06110000 0.01037239 -0.00027882
v 0.06110000 0.01031316 -0.00019860
v 0.06110000 0.01025000 -0.00012143
v 0.06110000 0.01018307 -0.00004750
v 0.06110000 0.01011254 0.00002300
v 0.06110000 0.01003859 0.00008990
v 0.06110000 0.00996139 0.00015303
v 0.06110000 0.00988114 0.00021223
v 0.06110000 0.00979804 0.00026736
v 0.06110000 0.00971230 0.00031828
v 0.06110000 0.00962412 0.00036486
v 0.06110000 0.00953373 0.00040698
v 0.06110000 0.00944136 0.00044455
v 0.06110000 0.00934723 0.00047747
v 0.06110000 0.00925157 0.00050565
v 0.06110000 0.00915463 0.00052904
v 0.06110000 0.00905664 0.00054756
v 0.06110000 0.01126303 0.00022375
v 0.06110000 0.01168117 -0.00208440
v 0.06110000 0.00895785 0.00056117
v 0.06110000 0.00885850 0.00056984
v 0.06115882 0.00929429 0.00154019
v 0.06110000 0.00875885 0.00057355
v 0.06110000 0.00865913 0.00057229
v 0.06110000 0.00855961 0.00056606
v 0.06110000 0.01119414 -0.00317738
v 0.06110000 0.00846051 0.00055487
v 0.06110000 0.00836210 0.00053876
v 0.06110000 0.00826461 0.00051776
v 0.06110000 0.00816829 0.00049194
v 0.06110000 0.00807338 0.00046134
v 0.06110000 0.00798011 0.00042605
v 0.06110000 0.00788872 0.00038615
v 0.06110000 0.00779943 0.00034175
v 0.06110000 0.00771246 0.00029295
v 0.06110000 0.00762803 0.00023988
v 0.06110000 0.00754635 0.00018266
v 0.06110000 0.00746763 0.00012145
v 0.06110000 0.00739206 0.00005639
v 0.06121429 0.00678351 0.00090513
v 0.06110000 0.00731982 -0.00001236
v 0.06110000 0.00725110 -0.00008463
v 0.06110000 0.00718606 -0.00016023
v 0.06118293 0.00933180 -0.00438601
v 0.06110000 0.00712488 -0.00023898
v 0.06110000 0.00706770 -0.00032067
v 0.06110000 0.00701466 -0.00040512
v 0.06110000 0.00696590 -0.00049211
v 0.06110000 0.00692153 -0.00058142
v 0.06110000 0.00619025 0.00020000
v 0.06110000 0.00688167 -0.00067283
v 0.06110000 0.00684641 -0.00076611
v 0.06110000 0.00681585 -0.00086104
v 0.06110000 0.00679006 -0.00095737
v 0.06110000 0.00676910 -0.00105486
v 0.06110000 0.00831399 -0.00338163
v 0.06110000 0.00675303 -0.00115328
v 0.06110000 0.00821705 -0.00335825
v 0.06110000 0.00674189 -0.00125238
v 0.06110000 0.00812139 -0.00333007
v 0.06110000 0.00673569 -0.00135191
v 0.06110000 0.00802726 -0.00329715
v 0.06110000 0.00575269 -0.00093940
v 0.06110000 0.00673447 -0.00145162
v 0.06110000 0.00793489 -0.00325958
v 0.06110000 0.00673822 -0.00155128
v 0.06110000 0.00784450 -0.00321745
v 0.06110000 0.00674693 -0.00165062
v 0.06110000 0.00775632 -0.00317087
v 0.06110000 0.00676058 -0.00174940
v 0.06110000 0.00767058 -0.00311996
v 0.06110000 0.00677914 -0.00184738
v 0.06110000 0.00758748 -0.00306483
v 0.06110000 0.00680256 -0.00194432
v 0.06110000 0.00750723 -0.00300563
v 0.06110000 0.00683078 -0.00203996
v 0.06110000 0.00743003 -0.00294250
v 0.06110000 0.00686374 -0.00213408
v 0.06110000 0.00735608 -0.00287560
v 0.06110000 0.00690134 -0.00222644
v 0.06110000 0.00728555 -0.00280510
v 0.06110000 0.00694351 -0.00231681
v 0.06110000 0.00721862 -0.00273117
v 0.06110000 0.00699012 -0.00240497
v 0.06110000 0.00715546 -0.00265400
v 0.06110000 0.00590257 -0.00257927
v 0.06110000 0.00704107 -0.00249070
v 0.06110000 0.00709623 -0.00257377
v 0.05650000 -0.00877241 0.00260409
v 0.05898276 -0.00997061 0.00399916
v 0.05650000 -0.01074851 0.00583027
v 0.05650000 -0.01082808 0.00599062
v 0.05650000 -0.01081154 0.00596566
v 0.05650000 -0.01079626 0.00593991
v 0.05650000 -0.01078228 0.00591343
v 0.05650000 -0.01076965 0.00588628
v 0.05650000 -0.01075838 0.00585854
v 0.05650000 -0.00873310 0.00256101
v 0.05650000 -0.00875223 0.00258303
v 0.05650000 -0.00871506 0.00253809
v 0.05650000 -0.00869816 0.00251432
v 0.05650000 -0.00868244 0.00248976
v 0.05650000 -0.00865465 0.00243849
v 0.05650000 -0.00866792 0.00246446
v 0.05650000 -0.00863198 0.00238476
v 0.05650000 -0.00864266 0.00241190
v 0.05650000 -0.00861462 0.00232909
v 0.05650000 -0.00862262 0.00235714
v 0.05650000 -0.00860800 0.00230068
v 0.05650000 -0.00859892 0.00224308
v 0.05650000 -0.00859548 0.00218487
v 0.05650000 -0.00859649 0.00221401
v 0.05650000 -0.00860276 0.00227199
v 0.05650000 -0.00859588 0.00215570
v 0.05650000 -0.00859770 0.00212659
v 0.05650000 -0.00860094 0.00209761
v 0.05650000 -0.00873320 0.00142612
v 0.05650000 -0.01144667 0.00634942
v 0.05650000 -0.00914510 0.00032181
v 0.05650000 -0.00882142 0.00074744
v 0.05650000 -0.00882757 0.00071893
v 0.05650000 -0.00883511 0.00069075
v 0.05650000 -0.00884400 0.00066297
v 0.05650000 -0.00885423 0.00063566
v 0.05650000 -0.00886578 0.00060888
v 0.05650000 -0.00887862 0.00058269
v 0.05650000 -0.00889271 0.00055715
v 0.05650000 -0.00890803 0.00053233
v 0.05650000 -0.00892454 0.00050829
v 0.05650000 -0.00894219 0.00048507
v 0.05650000 -0.00896096 0.00046274
v 0.05650000 -0.00898078 0.00044135
v 0.05650000 -0.00900162 0.00042095
v 0.05650000 -0.00902343 0.00040158
v 0.05650000 -0.00904616 0.00038330
v 0.05650000 -0.00906974 0.00036614
v 0.05650000 -0.00909413 0.00035015
v 0.05650000 -0.00911927 0.00033536
v 0.05650000 -0.01312224 -0.00183555
v 0.05650000 -0.01210331 -0.00217625
v 0.05650000 -0.01212499 -0.00219691
v 0.05650000 -0.01214766 -0.00221646
v 0.05650000 -0.01217129 -0.00223486
v 0.05650000 -0.01219580 -0.00225206
v 0.05650000 -0.01222114 -0.00226801
v 0.05650000 -0.01224725 -0.00228268
v 0.05650000 -0.01227405 -0.00229603
v 0.05650000 -0.01230149 -0.00230802
v 0.05650000 -0.01232949 -0.00231864
v 0.05650000 -0.01235799 -0.00232784
v 0.05650000 -0.01238691 -0.00233560
v 0.05650000 -0.01241618 -0.00234192
v 0.05650000 -0.01244573 -0.00234676
v 0.05650000 -0.01247548 -0.00235013
v 0.05650000 -0.01250537 -0.00235201
v 0.05650000 -0.01253531 -0.00235239
v 0.05650000 -0.01256523 -0.00235128
v 0.05650000 -0.01259506 -0.00234868
v 0.05650000 -0.01262473 -0.00234459
v 0.05650000 -0.01265352 -0.00233916
v 0.05650000 -0.01268202 -0.00233234
v 0.05650000 -0.01271015 -0.00232413
v 0.05650000 -0.01273784 -0.00231455
v 0.05650000 -0.01276504 -0.00230364
v 0.05650000 -0.01279167 -0.00229141
v 0.05650000 -0.01281767 -0.00227789
v 0.05650000 -0.01284298 -0.00226313
v 0.05650000 -0.01311748 -0.00186447
v 0.05650000 -0.01311130 -0.00189311
v 0.05650000 -0.01286754 -0.00224714
v 0.05650000 -0.01310374 -0.00192142
v 0.05650000 -0.01289129 -0.00222997
v 0.05650000 -0.01309480 -0.00194933
v 0.05650000 -0.01291417 -0.00221167
v 0.05650000 -0.01308451 -0.00197677
v 0.05650000 -0.01293613 -0.00219227
v 0.05650000 -0.01307289 -0.00200367
v 0.05650000 -0.01295712 -0.00217182
v 0.05650000 -0.01305998 -0.00202997
v 0.05650000 -0.01297708 -0.00215036
v 0.05650000 -0.01304579 -0.00205562
v 0.05650000 -0.01299598 -0.00212797
v 0.05650000 -0.01303037 -0.00208053
v 0.05650000 -0.01301375 -0.00210467
v 0.05650000 0.00664141 0.00629509
v 0.05650000 0.00661380 0.00628830
v 0.05650000 0.00658590 0.00628283
v 0.05650000 0.00655776 0.00627869
v 0.05650000 0.00652947 0.00627588
v 0.05650000 0.00650107 0.00627442
v 0.05650000 0.00647264 0.00627431
v 0.05650000 0.00644423 0.00627554
v 0.05650000 0.00641591 0.00627812
v 0.05650000 0.00638775 0.00628203
v 0.05650000 0.00635855 0.00628755
v 0.05650000 0.00632966 0.00629450
v 0.05650000 0.00630115 0.00630287
v 0.05650000 0.00627309 0.00631265
v 0.05650000 0.00624554 0.00632380
v 0.05650000 0.00621859 0.00633631
v 0.05650000 0.00619228 0.00635013
v 0.05650000 0.00616669 0.00636523
v 0.05650000 0.00614189 0.00638159
v 0.05650000 0.00611792 0.00639916
v 0.05650000 0.00609485 0.00641788
v 0.05650000 0.01105050 0.00731088
v 0.05650000 0.01108066 0.00726002
v 0.05650000 0.01106620 0.00728582
v 0.05650000 0.01109382 0.00723353
v 0.05650000 0.01110566 0.00720642
v 0.05650000 0.01112527 0.00715063
v 0.05650000 0.01111615 0.00717877
v 0.05650000 0.01113929 0.00709318
v 0.05650000 0.01113299 0.00712208
v 0.05650000 0.01114416 0.00706401
v 0.05650000 0.01114956 0.00700512
v 0.05650000 0.01114759 0.00703463
v 0.05650000 0.01115008 0.00697555
v 0.05650000 0.01114914 0.00694598
v 0.05650000 0.01114675 0.00691650
v 0.05650000 0.01113090 0.00682927
v 0.05650000 0.01114290 0.00688718
v 0.05650000 0.01113761 0.00685807
v 0.05650000 0.01112278 0.00680083
v 0.05650000 0.01110237 0.00674532
v 0.05650000 0.01107661 0.00669209
v 0.05650000 0.01109015 0.00671839
v 0.05650000 0.01106179 0.00666650
v 0.05650000 0.01111326 0.00677282
v 0.05650000 0.01102846 0.00661765
v 0.05650000 0.01104572 0.00664166
v 0.05650000 0.01099048 0.00657232
v 0.05650000 0.01101003 0.00659451
v 0.05650000 0.01094822 0.00653094
v 0.05650000 0.01096986 0.00655111
v 0.05650000 0.01092562 0.00651187
v 0.05650000 0.01090210 0.00649393
v 0.05650000 0.01085256 0.00646164
v 0.05650000 0.01087773 0.00647717
v 0.05650000 0.01082665 0.00644736
v 0.05650000 0.01071697 0.00640350
v 0.05650000 0.01080008 0.00643438
v 0.05650000 0.01077289 0.00642272
v 0.05650000 0.01074517 0.00641242
v 0.05650000 0.01068837 0.00639597
v 0.05650000 0.01065942 0.00638987
v 0.05650000 0.01060082 0.00638197
v 0.05650000 0.01063022 0.00638520
v 0.05650000 0.01057129 0.00638020
v 0.05650000 0.01054172 0.00637988
v 0.05650000 0.01048270 0.00638362
v 0.05650000 0.01051216 0.00638103
v 0.05650000 0.01044337 0.00638939
v 0.05650000 0.01045340 0.00638767
v 0.05650000 0.01043338 0.00639129
v 0.05650000 0.01042341 0.00639335
v 0.05650000 0.00977775 0.00651340
v 0.05650000 0.00494649 0.01229145
v 0.05650000 0.00492110 0.01229980
v 0.05650000 0.00497148 0.01228197
v 0.05650000 0.00489537 0.01230701
v 0.05650000 0.00486934 0.01231307
v 0.05650000 0.00484306 0.01231796
v 0.05650000 0.00481341 0.01232205
v 0.05650000 0.00478359 0.01232465
v 0.05650000 0.00475368 0.01232576
v 0.05650000 0.00472375 0.01232538
v 0.05650000 0.00469388 0.01232351
v 0.05650000 0.00466414 0.01232015
v 0.05650000 0.00463460 0.01231531
v 0.05650000 0.00460534 0.01230900
v 0.05650000 0.00457644 0.01230124
v 0.05650000 0.00454795 0.01229205
v 0.05650000 0.00451996 0.01228145
v 0.05650000 0.00449253 0.01226947
v 0.05650000 0.00446573 0.01225614
v 0.05650000 0.00443964 0.01224148
v 0.05650000 0.00441430 0.01222554
v 0.05650000 0.00438979 0.01220836
v 0.05650000 0.00436617 0.01218998
v 0.05650000 0.00434350 0.01217044
v 0.05650000 0.00432183 0.01214980
v 0.05650000 0.00430121 0.01212810
v 0.05650000 0.00428170 0.01210540
v 0.05650000 0.00426335 0.01208176
v 0.05650000 0.00424620 0.01205723
v 0.05650000 0.00423029 0.01203187
v 0.05650000 0.00421567 0.01200575
v 0.05650000 0.00420237 0.01197894
v 0.05650000 0.00419043 0.01195150
v 0.05650000 0.00417986 0.01192349
v 0.05650000 0.00417071 0.01189500
v 0.05650000 0.00416299 0.01186608
v 0.05650000 0.00415672 0.01183681
v 0.05650000 0.00415192 0.01180727
v 0.05650000 0.00414859 0.01177752
v 0.05650000 0.00414676 0.01174765
v 0.05650000 0.00414642 0.01171772
v 0.05650000 0.00414757 0.01168781
v 0.05650000 0.00415021 0.01165800
v 0.05650000 0.00562585 0.00683682
v 0.05650000 0.00485502 0.00764255
v 0.05650000 0.00485949 0.00761373
v 0.05650000 0.00485196 0.00767156
v 0.05650000 0.00486536 0.00758516
v 0.05650000 0.00485030 0.00770068
v 0.05650000 0.00485007 0.00772984
v 0.05650000 0.00485125 0.00775898
v 0.05650000 0.00510396 0.00722995
v 0.05650000 0.00488122 0.00752904
v 0.05650000 0.00487261 0.00755691
v 0.05650000 0.00505801 0.00726585
v 0.05650000 0.00508055 0.00724734
v 0.05650000 0.00489118 0.00750163
v 0.05650000 0.00490246 0.00747473
v 0.05650000 0.00503640 0.00728544
v 0.05650000 0.00499615 0.00732764
v 0.05650000 0.00501576 0.00730605
v 0.05650000 0.00494393 0.00739776
v 0.05650000 0.00492887 0.00742274
v 0.05650000 0.00491503 0.00744841
v 0.05650000 0.00497762 0.00735016
v 0.05650000 0.00496020 0.00737355
v 0.06920000 -0.00539416 -0.00486185
v 0.06920000 -0.00529527 -0.00487470
v 0.06920000 -0.00590946 -0.00882727
v 0.06920000 -0.00600759 -0.00880950
v 0.06920000 -0.00610471 -0.00878687
v 0.06920000 -0.00620058 -0.00875942
v 0.06920000 -0.00629497 -0.00872723
v 0.06920000 -0.00638763 -0.00869038
v 0.06920000 -0.00647834 -0.00864895
v 0.06920000 -0.00656687 -0.00860305
v 0.06920000 -0.00665300 -0.00855280
v 0.06920000 -0.00673653 -0.00849831
v 0.06920000 -0.00681723 -0.00843973
v 0.06944854 -0.00617848 -0.00872717
v 0.06920000 -0.00689491 -0.00837720
v 0.06920000 -0.00696938 -0.00831087
v 0.06920000 -0.00704045 -0.00824092
v 0.06920000 -0.00710795 -0.00816751
v 0.06920000 -0.00717170 -0.00809082
v 0.06920000 -0.00723155 -0.00801106
v 0.06920000 -0.00728735 -0.00792841
v 0.06920000 -0.00733896 -0.00784308
v 0.06920000 -0.00738625 -0.00775528
v 0.06939167 -0.00755561 -0.00716836
v 0.06920000 -0.00742911 -0.00766524
v 0.06944793 -0.00710386 -0.00808334
v 0.06920000 -0.00746742 -0.00757317
v 0.06920000 -0.00750110 -0.00747931
v 0.06920000 -0.00753006 -0.00738388
v 0.06920000 -0.00755423 -0.00728713
v 0.06920000 -0.00757354 -0.00718930
v 0.06920000 -0.00758796 -0.00709062
v 0.06920000 -0.00759743 -0.00699135
v 0.06920000 -0.00760195 -0.00689173
v 0.06920000 -0.00760150 -0.00679201
v 0.06920000 -0.00759607 -0.00669244
v 0.06920000 -0.00758569 -0.00659325
v 0.06920000 -0.00757038 -0.00649471
v 0.06920000 -0.00755017 -0.00639706
v 0.06920000 -0.00752513 -0.00630053
v 0.06920000 -0.00749530 -0.00620538
v 0.06920000 -0.00746076 -0.00611182
v 0.06920000 -0.00742161 -0.00602011
v 0.06920000 -0.00737793 -0.00593046
v 0.06920000 -0.00732984 -0.00584310
v 0.06947376 -0.00745156 -0.00632773
v 0.06920000 -0.00727745 -0.00575825
v 0.06920000 -0.00722090 -0.00567611
v 0.06920000 -0.00716033 -0.00559689
v 0.06920000 -0.00709588 -0.00552079
v 0.06920000 -0.00702772 -0.00544800
v 0.06945566 -0.00717491 -0.00571815
v 0.06920000 -0.00695601 -0.00537870
v 0.06920000 -0.00688094 -0.00531305
v 0.06920000 -0.00680270 -0.00525123
v 0.06920000 -0.00672146 -0.00519339
v 0.06920000 -0.00663745 -0.00513967
v 0.06920000 -0.00655086 -0.00509020
v 0.06920000 -0.00646191 -0.00504511
v 0.06920000 -0.00637083 -0.00500451
v 0.06920000 -0.00627783 -0.00496850
v 0.06946428 -0.00618855 -0.00498199
v 0.06920000 -0.00618316 -0.00493717
v 0.06920000 -0.00608704 -0.00491060
v 0.06920000 -0.00598972 -0.00488885
v 0.06920000 -0.00589143 -0.00487199
v 0.06920000 -0.00579243 -0.00486004
v 0.06939918 -0.00549650 -0.00487305
v 0.06920000 -0.00569295 -0.00485304
v 0.06920000 -0.00559325 -0.00485101
v 0.06920000 -0.00549357 -0.00485395
v 0.06946629 -0.00445645 -0.00528018
v 0.06920000 -0.00581057 -0.00884012
v 0.06920000 -0.00519714 -0.00489247
v 0.06920000 -0.00510002 -0.00491510
v 0.06920000 -0.00500415 -0.00494255
v 0.06920000 -0.00490977 -0.00497474
v 0.06920000 -0.00481710 -0.00501159
v 0.06920000 -0.00472639 -0.00505302
v 0.06920000 -0.00463786 -0.00509892
v 0.06920000 -0.00455173 -0.00514917
v 0.06920000 -0.00446821 -0.00520366
v 0.06920000 -0.00438750 -0.00526224
v 0.06920000 -0.00430982 -0.00532477
v 0.06920000 -0.00423535 -0.00539110
v 0.06920000 -0.00416428 -0.00546105
v 0.06920000 -0.00409679 -0.00553446
v 0.06920000 -0.00403304 -0.00561115
v 0.06920000 -0.00397319 -0.00569091
v 0.06920000 -0.00391739 -0.00577356
v 0.06920000 -0.00386578 -0.00585889
v 0.06920000 -0.00381848 -0.00594669
v 0.06920000 -0.00377562 -0.00603673
v 0.06941671 -0.00390882 -0.00586319
v 0.06920000 -0.00373731 -0.00612880
v 0.06920000 -0.00370363 -0.00622266
v 0.06920000 -0.00367467 -0.00631809
v 0.06920000 -0.00365050 -0.00641484
v 0.06920000 -0.00363119 -0.00651267
v 0.06920000 -0.00361677 -0.00661135
v 0.06920000 -0.00360730 -0.00671062
v 0.06920000 -0.00360278 -0.00681024
v 0.06920000 -0.00360324 -0.00690996
v 0.06920000 -0.00360866 -0.00700953
v 0.06920000 -0.00361904 -0.00710872
v 0.06920000 -0.00363435 -0.00720726
v 0.06920000 -0.00365456 -0.00730491
v 0.06920000 -0.00367961 -0.00740144
v 0.06947073 -0.00366900 -0.00685353
v 0.06920000 -0.00370943 -0.00749659
v 0.06920000 -0.00374397 -0.00759015
v 0.06920000 -0.00378312 -0.00768186
v 0.06950844 -0.00397828 -0.00788918
v 0.06920000 -0.00382680 -0.00777151
v 0.06920000 -0.00387489 -0.00785887
v 0.06920000 -0.00392728 -0.00794372
v 0.06920000 -0.00398383 -0.00802586
v 0.06920000 -0.00404440 -0.00810508
v 0.06920000 -0.00410885 -0.00818118
v 0.06920000 -0.00417701 -0.00825397
v 0.06920000 -0.00424872 -0.00832327
v 0.06920000 -0.00432379 -0.00838892
v 0.06920000 -0.00440204 -0.00845074
v 0.06920000 -0.00448327 -0.00850858
v 0.06920000 -0.00456729 -0.00856230
v 0.06920000 -0.00465387 -0.00861177
v 0.06920000 -0.00474282 -0.00865686
v 0.06920000 -0.00483391 -0.00869746
v 0.06920000 -0.00492690 -0.00873347
v 0.06920000 -0.00502157 -0.00876480
v 0.06920000 -0.00511769 -0.00879137
v 0.06920000 -0.00521501 -0.00881312
v 0.06920000 -0.00531330 -0.00882998
v 0.06920000 -0.00541230 -0.00884193
v 0.06944141 -0.00447900 -0.00843628
v 0.06920000 -0.00551178 -0.00884893
v 0.06920000 -0.00561148 -0.00885096
v 0.06920000 -0.00571116 -0.00884802
v 0.06943275 -0.00520681 -0.00876189
v 0.05530000 -0.00529527 -0.00487470
v 0.05530000 -0.00519714 -0.00489247
v 0.05530000 -0.00510002 -0.00491510
v 0.05530000 -0.00500415 -0.00494255
v 0.05530000 -0.00490977 -0.00497474
v 0.05530000 -0.00481710 -0.00501159
v 0.05530000 -0.00472639 -0.00505302
v 0.05530000 -0.00463786 -0.00509892
v 0.05530000 -0.00455173 -0.00514917
v 0.05530000 -0.00446821 -0.00520366
v 0.05530000 -0.00438750 -0.00526224
v 0.05530000 -0.00430982 -0.00532477
v 0.05530000 -0.00423535 -0.00539110
v 0.05530000 -0.00416428 -0.00546105
v 0.05530000 -0.00409679 -0.00553446
v 0.05530000 -0.00403304 -0.00561115
v 0.05530000 -0.00397319 -0.00569091
v 0.05530000 -0.00391739 -0.00577356
v 0.05530000 -0.00386578 -0.00585889
v 0.05530000 -0.00381848 -0.00594669
v 0.05530000 -0.00377562 -0.00603673
v 0.05530000 -0.00373731 -0.00612880
v 0.05530000 -0.00370363 -0.00622266
v 0.05530000 -0.00367467 -0.00631809
v 0.05530000 -0.00365050 -0.00641484
v 0.05530000 -0.00363119 -0.00651267
v 0.05530000 -0.00361677 -0.00661135
v 0.05530000 -0.00360730 -0.00671062
v 0.05530000 -0.00360278 -0.00681024
v 0.05530000 -0.00360324 -0.00690996
v 0.05530000 -0.00360866 -0.00700953
v 0.05530000 -0.00361904 -0.00710872
v 0.05530000 -0.00363435 -0.00720726
v 0.05530000 -0.00365456 -0.00730491
v 0.05530000 -0.00367961 -0.00740144
v 0.05530000 -0.00370943 -0.00749659
v 0.05530000 -0.00374397 -0.00759015
v 0.05530000 -0.00378312 -0.00768186
v 0.05530000 -0.00382680 -0.00777151
v 0.05530000 -0.00387489 -0.00785887
v 0.05530000 -0.00392728 -0.00794372
v 0.05530000 -0.00398383 -0.00802586
v 0.05530000 -0.00404440 -0.00810508
v 0.05530000 -0.00410885 -0.00818118
v 0.05530000 -0.00417701 -0.00825397
v 0.05530000 -0.00424872 -0.00832327
v 0.05530000 -0.00432379 -0.00838892
v 0.05530000 -0.00440204 -0.00845074
v 0.05530000 -0.00448327 -0.00850858
v 0.05530000 -0.00456729 -0.00856230
v 0.05530000 -0.00465387 -0.00861177
v 0.05530000 -0.00474282 -0.00865686
v 0.05530000 -0.00483391 -0.00869746
v 0.05530000 -0.00492690 -0.00873347
v 0.05530000 -0.00502157 -0.00876480
v 0.05530000 -0.00511769 -0.00879137
v 0.05530000 -0.00521501 -0.00881312
v 0.05530000 -0.00531330 -0.00882998
v 0.05530000 -0.00541230 -0.00884193
v 0.05530000 -0.00551178 -0.00884893
v 0.05530000 -0.00561148 -0.00885096
v 0.05530000 -0.00571116 -0.00884802
v 0.05530000 -0.00581057 -0.00884012
v 0.05530000 -0.00590946 -0.00882727
v 0.05530000 -0.00600759 -0.00880950
v 0.05530000 -0.00610471 -0.00878687
v 0.05530000 -0.00620058 -0.00875942
v 0.05530000 -0.00629497 -0.00872723
v 0.05530000 -0.00638763 -0.00869038
v 0.05530000 -0.00647834 -0.00864895
v 0.05530000 -0.00656687 -0.00860305
v 0.05530000 -0.00665300 -0.00855280
v 0.05530000 -0.00673653 -0.00849831
v 0.05530000 -0.00681723 -0.00843973
v 0.05530000 -0.00689491 -0.00837720
v 0.05530000 -0.00696938 -0.00831087
v 0.05530000 -0.00704045 -0.00824092
v 0.05530000 -0.00710795 -0.00816751
v 0.05530000 -0.00717170 -0.00809082
v 0.05530000 -0.00723155 -0.00801106
v 0.05530000 -0.00728735 -0.00792841
v 0.05530000 -0.00733896 -0.00784308
v 0.05530000 -0.00738625 -0.00775528
v 0.05530000 -0.00742911 -0.00766524
v 0.05530000 -0.00746742 -0.00757317
v 0.05530000 -0.00750110 -0.00747931
v 0.05530000 -0.00753006 -0.00738388
v 0.05530000 -0.00755423 -0.00728713
v 0.05530000 -0.00757354 -0.00718930
v 0.05530000 -0.00758796 -0.00709062
v 0.05530000 -0.00759743 -0.00699135
v 0.05530000 -0.00760195 -0.00689173
v 0.05530000 -0.00760150 -0.00679201
v 0.05530000 -0.00759607 -0.00669244
v 0.05530000 -0.00758569 -0.00659325
v 0.05530000 -0.00757038 -0.00649471
v 0.05530000 -0.00755017 -0.00639706
v 0.05530000 -0.00752513 -0.00630053
v 0.05530000 -0.00749530 -0.00620538
v 0.05530000 -0.00746076 -0.00611182
v 0.05530000 -0.00742161 -0.00602011
v 0.05530000 -0.00737793 -0.00593046
v 0.05530000 -0.00732984 -0.00584310
v 0.05530000 -0.00727745 -0.00575825
v 0.05530000 -0.00722090 -0.00567611
v 0.05530000 -0.00716033 -0.00559689
v 0.05530000 -0.00709588 -0.00552079
v 0.05530000 -0.00702772 -0.00544800
v 0.05530000 -0.00695601 -0.00537870
v 0.05530000 -0.00688094 -0.00531305
v 0.05530000 -0.00680270 -0.00525123
v 0.05530000 -0.00672146 -0.00519339
v 0.05530000 -0.00663745 -0.00513967
v 0.05530000 -0.00655086 -0.00509020
v 0.05530000 -0.00646191 -0.00504511
v 0.05530000 -0.00637083 -0.00500451
v 0.05530000 -0.00627783 -0.00496850
v 0.05530000 -0.00618316 -0.00493717
v 0.05530000 -0.00608704 -0.00491060
v 0.05530000 -0.00598972 -0.00488885
v 0.05530000 -0.00589143 -0.00487199
v 0.05530000 -0.00579243 -0.00486004
v 0.05530000 -0.00569295 -0.00485304
v 0.05530000 -0.00559325 -0.00485101
v 0.05530000 -0.00549357 -0.00485395
v 0.05530000 -0.00539416 -0.00486185
v 0.05501764 -0.00719628 -0.00804548
v 0.05510890 -0.00670804 -0.00851816
v 0.05503971 -0.00756155 -0.00675786
v 0.05513223 -0.00713268 -0.00556217
v 0.05525398 -0.00662734 -0.00512976
v 0.05500006 -0.00579501 -0.00492528
v 0.05502957 -0.00482858 -0.00504223
v 0.05509279 -0.00389680 -0.00585779
v 0.05504938 -0.00365626 -0.00689761
v 0.05506108 -0.00386981 -0.00781503
v 0.05506582 -0.00429970 -0.00831903
v 0.05507221 -0.00542817 -0.00881836
v 0.06920000 -0.00292374 0.01026642
v 0.06920000 -0.00282485 0.01025357
v 0.06920000 -0.00343904 0.00630100
v 0.06920000 -0.00353717 0.00631877
v 0.06920000 -0.00363429 0.00634140
v 0.06920000 -0.00373016 0.00636885
v 0.06920000 -0.00382454 0.00640104
v 0.06920000 -0.00391721 0.00643789
v 0.06920000 -0.00400792 0.00647932
v 0.06920000 -0.00409645 0.00652522
v 0.06920000 -0.00418258 0.00657547
v 0.06920000 -0.00426610 0.00662996
v 0.06920000 -0.00434681 0.00668854
v 0.06949954 -0.00455173 0.00693540
v 0.06920000 -0.00442449 0.00675107
v 0.06920000 -0.00449896 0.00681740
v 0.06920000 -0.00457003 0.00688735
v 0.06920000 -0.00463752 0.00696076
v 0.06920000 -0.00470127 0.00703744
v 0.06920000 -0.00476112 0.00711721
v 0.06920000 -0.00481692 0.00719986
v 0.06920000 -0.00486853 0.00728519
v 0.06920000 -0.00491583 0.00737298
v 0.06920000 -0.00495869 0.00746303
v 0.06920000 -0.00499700 0.00755510
v 0.06920000 -0.00503068 0.00764896
v 0.06920000 -0.00505964 0.00774438
v 0.06920000 -0.00508381 0.00784113
v 0.06920000 -0.00510312 0.00793897
v 0.06920000 -0.00511754 0.00803764
v 0.06920000 -0.00512701 0.00813692
v 0.06920000 -0.00513153 0.00823654
v 0.06920000 -0.00513107 0.00833626
v 0.06920000 -0.00512565 0.00843583
v 0.06920000 -0.00511527 0.00853501
v 0.06920000 -0.00509996 0.00863355
v 0.06920000 -0.00507975 0.00873121
v 0.06920000 -0.00505470 0.00882773
v 0.06920000 -0.00502488 0.00892289
v 0.06920000 -0.00499034 0.00901644
v 0.06920000 -0.00495119 0.00910816
v 0.06920000 -0.00490751 0.00919781
v 0.06920000 -0.00485942 0.00928517
v 0.06920000 -0.00480703 0.00937002
v 0.06920000 -0.00475048 0.00945216
v 0.06945515 -0.00507209 0.00819151
v 0.06920000 -0.00468991 0.00953138
v 0.06920000 -0.00462546 0.00960748
v 0.06920000 -0.00455730 0.00968027
v 0.06920000 -0.00448559 0.00974957
v 0.06945167 -0.00495402 0.00891704
v 0.06920000 -0.00441052 0.00981522
v 0.06920000 -0.00433227 0.00987704
v 0.06920000 -0.00425104 0.00993488
v 0.06920000 -0.00416702 0.00998860
v 0.06920000 -0.00408044 0.01003807
v 0.06920000 -0.00399149 0.01008316
v 0.06938131 -0.00456858 0.00963396
v 0.06920000 -0.00390040 0.01012376
v 0.06920000 -0.00380741 0.01015977
v 0.06920000 -0.00371274 0.01019110
v 0.06920000 -0.00361662 0.01021767
v 0.06920000 -0.00351930 0.01023941
v 0.06920000 -0.00342101 0.01025628
v 0.06920000 -0.00332201 0.01026823
v 0.06944043 -0.00383882 0.01008821
v 0.06920000 -0.00322253 0.01027523
v 0.06920000 -0.00312283 0.01027726
v 0.06920000 -0.00302315 0.01027432
v 0.06946698 -0.00309601 0.01020558
v 0.06920000 -0.00334015 0.00628815
v 0.06920000 -0.00272672 0.01023580
v 0.06920000 -0.00262960 0.01021317
v 0.06920000 -0.00253373 0.01018572
v 0.06920000 -0.00243934 0.01015353
v 0.06920000 -0.00234668 0.01011668
v 0.06920000 -0.00225597 0.01007525
v 0.06920000 -0.00216744 0.01002935
v 0.06920000 -0.00208131 0.00997909
v 0.06920000 -0.00199778 0.00992461
v 0.06920000 -0.00191708 0.00986603
v 0.06920000 -0.00183940 0.00980350
v 0.06920000 -0.00176493 0.00973717
v 0.06920000 -0.00169386 0.00966722
v 0.06945910 -0.00140145 0.00918962
v 0.06920000 -0.00162636 0.00959381
v 0.06920000 -0.00156261 0.00951712
v 0.06920000 -0.00150276 0.00943736
v 0.06920000 -0.00144696 0.00935471
v 0.06946010 -0.00220711 0.00999042
v 0.06920000 -0.00139535 0.00926938
v 0.06920000 -0.00134806 0.00918158
v 0.06920000 -0.00130520 0.00909154
v 0.06920000 -0.00126689 0.00899947
v 0.06920000 -0.00123321 0.00890561
v 0.06920000 -0.00120425 0.00881018
v 0.06920000 -0.00118008 0.00871343
v 0.06920000 -0.00116077 0.00861560
v 0.06920000 -0.00114635 0.00851692
v 0.06920000 -0.00113688 0.00841765
v 0.06920000 -0.00113236 0.00831803
v 0.06920000 -0.00113281 0.00821831
v 0.06920000 -0.00113824 0.00811873
v 0.06920000 -0.00114862 0.00801955
v 0.06920000 -0.00116393 0.00792101
v 0.06920000 -0.00118414 0.00782336
v 0.06920000 -0.00120918 0.00772683
v 0.06920000 -0.00123901 0.00763168
v 0.06920000 -0.00127355 0.00753812
v 0.06920000 -0.00131270 0.00744641
v 0.06920000 -0.00135638 0.00735676
v 0.06941840 -0.00116171 0.00820231
v 0.06920000 -0.00140447 0.00726940
v 0.06920000 -0.00145686 0.00718454
v 0.06920000 -0.00151341 0.00710241
v 0.06920000 -0.00157398 0.00702319
v 0.06920000 -0.00163843 0.00694709
v 0.06920000 -0.00170659 0.00687430
v 0.06920000 -0.00177830 0.00680499
v 0.06920000 -0.00185337 0.00673935
v 0.06920000 -0.00193161 0.00667753
v 0.06920000 -0.00201285 0.00661969
v 0.06920000 -0.00209686 0.00656597
v 0.06920000 -0.00218345 0.00651650
v 0.06920000 -0.00227240 0.00647141
v 0.06920000 -0.00236348 0.00643081
v 0.06920000 -0.00245648 0.00639480
v 0.06920000 -0.00255115 0.00636347
v 0.06920000 -0.00264727 0.00633690
v 0.06920000 -0.00274459 0.00631515
v 0.06920000 -0.00284288 0.00629828
v 0.06945604 -0.00242671 0.00646540
v 0.06920000 -0.00294188 0.00628634
v 0.06947044 -0.00160437 0.00705798
v 0.06920000 -0.00304136 0.00627934
v 0.06920000 -0.00314106 0.00627730
v 0.06920000 -0.00324074 0.00628025
v 0.06944658 -0.00338741 0.00633399
v 0.05530000 -0.00282485 0.01025357
v 0.05530000 -0.00272672 0.01023580
v 0.05530000 -0.00262960 0.01021317
v 0.05530000 -0.00253373 0.01018572
v 0.05530000 -0.00243934 0.01015353
v 0.05530000 -0.00234668 0.01011668
v 0.05530000 -0.00225597 0.01007525
v 0.05530000 -0.00216744 0.01002935
v 0.05530000 -0.00208131 0.00997909
v 0.05530000 -0.00199778 0.00992461
v 0.05530000 -0.00191708 0.00986603
v 0.05530000 -0.00183940 0.00980350
v 0.05530000 -0.00176493 0.00973717
v 0.05530000 -0.00169386 0.00966722
v 0.05530000 -0.00162636 0.00959381
v 0.05530000 -0.00156261 0.00951712
v 0.05530000 -0.00150276 0.00943736
v 0.05530000 -0.00144696 0.00935471
v 0.05530000 -0.00139535 0.00926938
v 0.05530000 -0.00134806 0.00918158
v 0.05530000 -0.00130520 0.00909154
v 0.05530000 -0.00126689 0.00899947
v 0.05530000 -0.00123321 0.00890561
v 0.05530000 -0.00120425 0.00881018
v 0.05530000 -0.00118008 0.00871343
v 0.05530000 -0.00116077 0.00861560
v 0.05530000 -0.00114635 0.00851692
v 0.05530000 -0.00113688 0.00841765
v 0.05530000 -0.00113236 0.00831803
v 0.05530000 -0.00113281 0.00821831
v 0.05530000 -0.00113824 0.00811873
v 0.05530000 -0.00114862 0.00801955
v 0.05530000 -0.00116393 0.00792101
v 0.05530000 -0.00118414 0.00782336
v 0.05530000 -0.00120918 0.00772683
v 0.05530000 -0.00123901 0.00763168
v 0.05530000 -0.00127355 0.00753812
v 0.05530000 -0.00131270 0.00744641
v 0.05530000 -0.00135638 0.00735676
v 0.05530000 -0.00140447 0.00726940
v 0.05530000 -0.00145686 0.00718454
v 0.05530000 -0.00151341 0.00710241
v 0.05530000 -0.00157398 0.00702319
v 0.05530000 -0.00163843 0.00694709
v 0.05530000 -0.00170659 0.00687430
v 0.05530000 -0.00177830 0.00680499
v 0.05530000 -0.00185337 0.00673935
v 0.05530000 -0.00193161 0.00667753
v 0.05530000 -0.00201285 0.00661969
v 0.05530000 -0.00209686 0.00656597
v 0.05530000 -0.00218345 0.00651650
v 0.05530000 -0.00227240 0.00647141
v 0.05530000 -0.00236348 0.00643081
v 0.05530000 -0.00245648 0.00639480
v 0.05530000 -0.00255115 0.00636347
v 0.05530000 -0.00264727 0.00633690
v 0.05530000 -0.00274459 0.00631515
v 0.05530000 -0.00284288 0.00629828
v 0.05530000 -0.00294188 0.00628634
v 0.05530000 -0.00304136 0.00627934
v 0.05530000 -0.00314106 0.00627730
v 0.05530000 -0.00324074 0.00628025
v 0.05530000 -0.00334015 0.00628815
v 0.05530000 -0.00343904 0.00630100
v 0.05530000 -0.00353717 0.00631877
v 0.05530000 -0.00363429 0.00634140
v 0.05530000 -0.00373016 0.00636885
v 0.05530000 -0.00382454 0.00640104
v 0.05530000 -0.00391721 0.00643789
v 0.05530000 -0.00400792 0.00647932
v 0.05530000 -0.00409645 0.00652522
v 0.05530000 -0.00418258 0.00657547
v 0.05530000 -0.00426610 0.00662996
v 0.05530000 -0.00434681 0.00668854
v 0.05530000 -0.00442449 0.00675107
v 0.05530000 -0.00449896 0.00681740
v 0.05530000 -0.00457003 0.00688735
v 0.05530000 -0.00463752 0.00696076
v 0.05530000 -0.00470127 0.00703744
v 0.05530000 -0.00476112 0.00711721
v 0.05530000 -0.00481692 0.00719986
v 0.05530000 -0.00486853 0.00728519
v 0.05530000 -0.00491583 0.00737298
v 0.05530000 -0.00495869 0.00746303
v 0.05530000 -0.00499700 0.00755510
v 0.05530000 -0.00503068 0.00764896
v 0.05530000 -0.00505964 0.00774438
v 0.05530000 -0.00508381 0.00784113
v 0.05530000 -0.00510312 0.00793897
v 0.05530000 -0.00511754 0.00803764
v 0.05530000 -0.00512701 0.00813692
v 0.05530000 -0.00513153 0.00823654
v 0.05530000 -0.00513107 0.00833626
v 0.05530000 -0.00512565 0.00843583
v 0.05530000 -0.00511527 0.00853501
v 0.05530000 -0.00509996 0.00863355
v 0.05530000 -0.00507975 0.00873121
v 0.05530000 -0.00505470 0.00882773
v 0.05530000 -0.00502488 0.00892289
v 0.05530000 -0.00499034 0.00901644
v 0.05530000 -0.00495119 0.00910816
v 0.05530000 -0.00490751 0.00919781
v 0.05530000 -0.00485942 0.00928517
v 0.05530000 -0.00480703 0.00937002
v 0.05530000 -0.00475048 0.00945216
v 0.05530000 -0.00468991 0.00953138
v 0.05530000 -0.00462546 0.00960748
v 0.05530000 -0.00455730 0.00968027
v 0.05530000 -0.00448559 0.00974957
v 0.05530000 -0.00441052 0.00981522
v 0.05530000 -0.00433227 0.00987704
v 0.05530000 -0.00425104 0.00993488
v 0.05530000 -0.00416702 0.00998860
v 0.05530000 -0.00408044 0.01003807
v 0.05530000 -0.00399149 0.01008316
v 0.05530000 -0.00390040 0.01012376
v 0.05530000 -0.00380741 0.01015977
v 0.05530000 -0.00371274 0.01019110
v 0.05530000 -0.00361662 0.01021767
v 0.05530000 -0.00351930 0.01023941
v 0.05530000 -0.00342101 0.01025628
v 0.05530000 -0.00332201 0.01026823
v 0.05530000 -0.00322253 0.01027523
v 0.05530000 -0.00312283 0.01027726
v 0.05530000 -0.00302315 0.01027432
v 0.05530000 -0.00292374 0.01026642
v 0.05503143 -0.00329943 0.00629132
v 0.05498806 -0.00458319 0.00691591
v 0.05510557 -0.00492083 0.00746128
v 0.05502786 -0.00506608 0.00852411
v 0.05514747 -0.00468592 0.00955139
v 0.05496099 -0.00367868 0.01022090
v 0.05505619 -0.00315930 0.01023406
v 0.05503909 -0.00183158 0.00976095
v 0.05517605 -0.00126985 0.00900484
v 0.05503619 -0.00120566 0.00796605
v 0.05504124 -0.00154684 0.00713190
v 0.05503070 -0.00239642 0.00647157
v 0.06920000 0.00894251 0.00056283
v 0.06920000 0.00904141 0.00054998
v 0.06920000 0.00842721 -0.00340258
v 0.06920000 0.00832909 -0.00338482
v 0.06920000 0.00823197 -0.00336218
v 0.06920000 0.00813609 -0.00333474
v 0.06920000 0.00804171 -0.00330255
v 0.06920000 0.00794905 -0.00326569
v 0.06920000 0.00785834 -0.00322426
v 0.06920000 0.00776981 -0.00317836
v 0.06920000 0.00768367 -0.00312811
v 0.06920000 0.00760015 -0.00307362
v 0.06920000 0.00751945 -0.00301504
v 0.06920000 0.00744176 -0.00295251
v 0.06920000 0.00736730 -0.00288619
v 0.06920000 0.00729623 -0.00281623
v 0.06920000 0.00722873 -0.00274282
v 0.06920000 0.00716498 -0.00266614
v 0.06920000 0.00710513 -0.00258637
v 0.06920000 0.00704933 -0.00250372
v 0.06920000 0.00699772 -0.00241839
v 0.06920000 0.00695043 -0.00233060
v 0.06920000 0.00690757 -0.00224056
v 0.06920000 0.00686925 -0.00214849
v 0.06920000 0.00683557 -0.00205462
v 0.06920000 0.00680661 -0.00195920
v 0.06920000 0.00678245 -0.00186245
v 0.06920000 0.00676313 -0.00176461
v 0.06920000 0.00674872 -0.00166594
v 0.06920000 0.00673924 -0.00156667
v 0.06920000 0.00673473 -0.00146705
v 0.06920000 0.00673518 -0.00136732
v 0.06920000 0.00674060 -0.00126775
v 0.06945406 0.00698965 -0.00226771
v 0.06920000 0.00675099 -0.00116857
v 0.06920000 0.00676630 -0.00107003
v 0.06920000 0.00678650 -0.00097237
v 0.06920000 0.00681155 -0.00087585
v 0.06942330 0.00678544 -0.00143604
v 0.06920000 0.00684138 -0.00078069
v 0.06920000 0.00687591 -0.00068714
v 0.06920000 0.00691507 -0.00059542
v 0.06920000 0.00695874 -0.00050577
v 0.06943318 0.00697304 -0.00057819
v 0.06920000 0.00700684 -0.00041841
v 0.06920000 0.00705922 -0.00033356
v 0.06920000 0.00711577 -0.00025142
v 0.06920000 0.00717635 -0.00017220
v 0.06920000 0.00724080 -0.00009611
v 0.06920000 0.00730896 -0.00002331
v 0.06920000 0.00738066 0.00004599
v 0.06920000 0.00745573 0.00011163
v 0.06920000 0.00753398 0.00017345
v 0.06920000 0.00761521 0.00023130
v 0.06920000 0.00769923 0.00028502
v 0.06920000 0.00778582 0.00033449
v 0.06920000 0.00787477 0.00037958
v 0.06920000 0.00796585 0.00042018
v 0.06920000 0.00805884 0.00045618
v 0.06936817 0.00827098 0.00049890
v 0.06920000 0.00815352 0.00048751
v 0.06947225 0.00766028 0.00018279
v 0.06920000 0.00824963 0.00051408
v 0.06920000 0.00834696 0.00053583
v 0.06920000 0.00844524 0.00055270
v 0.06920000 0.00854425 0.00056465
v 0.06920000 0.00864372 0.00057165
v 0.06920000 0.00874343 0.00057368
v 0.06920000 0.00884311 0.00057074
v 0.06934506 0.00869732 0.00055672
v 0.06947843 0.00964415 0.00029449
v 0.06950901 0.00968398 -0.00313938
v 0.06920000 0.00852611 -0.00341543
v 0.06920000 0.00913953 0.00053222
v 0.06920000 0.00923665 0.00050959
v 0.06920000 0.00933253 0.00048214
v 0.06920000 0.00942691 0.00044995
v 0.06920000 0.00951957 0.00041309
v 0.06920000 0.00961028 0.00037166
v 0.06920000 0.00969881 0.00032577
v 0.06920000 0.00978495 0.00027551
v 0.06920000 0.00986847 0.00022103
v 0.06920000 0.00994917 0.00016245
v 0.06920000 0.01002686 0.00009991
v 0.06920000 0.01010132 0.00003359
v 0.06920000 0.01017239 -0.00003637
v 0.06928136 0.01012648 0.00001393
v 0.06920000 0.01023989 -0.00010978
v 0.06920000 0.01030364 -0.00018646
v 0.06920000 0.01036349 -0.00026623
v 0.06920000 0.01041929 -0.00034888
v 0.06920000 0.01047090 -0.00043420
v 0.06920000 0.01051819 -0.00052200
v 0.06920000 0.01056105 -0.00061204
v 0.06920000 0.01059937 -0.00070411
v 0.06920000 0.01063305 -0.00079797
v 0.06920000 0.01066201 -0.00089340
v 0.06920000 0.01068617 -0.00099015
v 0.06920000 0.01070549 -0.00108798
v 0.06945640 0.01068147 -0.00101859
v 0.06920000 0.01071990 -0.00118666
v 0.06920000 0.01072938 -0.00128593
v 0.06920000 0.01073389 -0.00138555
v 0.06920000 0.01073344 -0.00148527
v 0.06920000 0.01072802 -0.00158485
v 0.06920000 0.01071763 -0.00168403
v 0.06920000 0.01070232 -0.00178257
v 0.06920000 0.01068212 -0.00188022
v 0.06934551 0.01057758 -0.00219910
v 0.06920000 0.01065707 -0.00197675
v 0.06920000 0.01062724 -0.00207191
v 0.06920000 0.01059271 -0.00216546
v 0.06920000 0.01055355 -0.00225717
v 0.06920000 0.01050988 -0.00234682
v 0.06920000 0.01046178 -0.00243418
v 0.06920000 0.01040940 -0.00251904
v 0.06920000 0.01035285 -0.00260118
v 0.06920000 0.01029227 -0.00268039
v 0.06920000 0.01022782 -0.00275649
v 0.06920000 0.01015966 -0.00282928
v 0.06920000 0.01008796 -0.00289859
v 0.06920000 0.01001289 -0.00296423
v 0.06920000 0.00993464 -0.00302605
v 0.06920000 0.00985341 -0.00308389
v 0.06920000 0.00976939 -0.00313762
v 0.06920000 0.00968280 -0.00318708
v 0.06920000 0.00959385 -0.00323217
v 0.06920000 0.00950277 -0.00327277
v 0.06920000 0.00940978 -0.00330878
v 0.06920000 0.00931510 -0.00334011
v 0.06920000 0.00921899 -0.00336668
v 0.06920000 0.00912166 -0.00338843
v 0.06920000 0.00902338 -0.00340530
v 0.06920000 0.00892437 -0.00341725
v 0.06920000 0.00882490 -0.00342425
v 0.06920000 0.00872519 -0.00342628
v 0.06920000 0.00862551 -0.00342334
v 0.06947234 0.00770180 -0.00306049
v 0.06935237 0.00829419 -0.00336083
v 0.05530000 0.00904141 0.00054998
v 0.05530000 0.00913953 0.00053222
v 0.05530000 0.00923665 0.00050959
v 0.05530000 0.00933253 0.00048214
v 0.05530000 0.00942691 0.00044995
v 0.05530000 0.00951957 0.00041309
v 0.05530000 0.00961028 0.00037166
v 0.05530000 0.00969881 0.00032577
v 0.05530000 0.00978495 0.00027551
v 0.05530000 0.00986847 0.00022103
v 0.05530000 0.00994917 0.00016245
v 0.05530000 0.01002686 0.00009991
v 0.05530000 0.01010132 0.00003359
v 0.05530000 0.01017239 -0.00003637
v 0.05530000 0.01023989 -0.00010978
v 0.05530000 0.01030364 -0.00018646
v 0.05530000 0.01036349 -0.00026623
v 0.05530000 0.01041929 -0.00034888
v 0.05530000 0.01047090 -0.00043420
v 0.05530000 0.01051819 -0.00052200
v 0.05530000 0.01056105 -0.00061204
v 0.05530000 0.01059937 -0.00070411
v 0.05530000 0.01063305 -0.00079797
v 0.05530000 0.01066201 -0.00089340
v 0.05530000 0.01068617 -0.00099015
v 0.05530000 0.01070549 -0.00108798
v 0.05530000 0.01071990 -0.00118666
v 0.05530000 0.01072938 -0.00128593
v 0.05530000 0.01073389 -0.00138555
v 0.05530000 0.01073344 -0.00148527
v 0.05530000 0.01072802 -0.00158485
v 0.05530000 0.01071763 -0.00168403
v 0.05530000 0.01070232 -0.00178257
v 0.05530000 0.01068212 -0.00188022
v 0.05530000 0.01065707 -0.00197675
v 0.05530000 0.01062724 -0.00207191
v 0.05530000 0.01059271 -0.00216546
v 0.05530000 0.01055355 -0.00225717
v 0.05530000 0.01050988 -0.00234682
v 0.05530000 0.01046178 -0.00243418
v 0.05530000 0.01040940 -0.00251904
v 0.05530000 0.01035285 -0.00260118
v 0.05530000 0.01029227 -0.00268039
v 0.05530000 0.01022782 -0.00275649
v 0.05530000 0.01015966 -0.00282928
v 0.05530000 0.01008796 -0.00289859
v 0.05530000 0.01001289 -0.00296423
v 0.05530000 0.00993464 -0.00302605
v 0.05530000 0.00985341 -0.00308389
v 0.05530000 0.00976939 -0.00313762
v 0.05530000 0.00968280 -0.00318708
v 0.05530000 0.00959385 -0.00323217
v 0.05530000 0.00950277 -0.00327277
v 0.05530000 0.00940978 -0.00330878
v 0.05530000 0.00931510 -0.00334011
v 0.05530000 0.00921899 -0.00336668
v 0.05530000 0.00912166 -0.00338843
v 0.05530000 0.00902338 -0.00340530
v 0.05530000 0.00892437 -0.00341725
v 0.05530000 0.00882490 -0.00342425
v 0.05530000 0.00872519 -0.00342628
v 0.05530000 0.00862551 -0.00342334
v 0.05530000 0.00852611 -0.00341543
v 0.05530000 0.00842721 -0.00340258
v 0.05530000 0.00832909 -0.00338482
v 0.05530000 0.00823197 -0.00336218
v 0.05530000 0.00813609 -0.00333474
v 0.05530000 0.00804171 -0.00330255
v 0.05530000 0.00794905 -0.00326569
v 0.05530000 0.00785834 -0.00322426
v 0.05530000 0.00776981 -0.00317836
v 0.05530000 0.00768367 -0.00312811
v 0.05530000 0.00760015 -0.00307362
v 0.05530000 0.00751945 -0.00301504
v 0.05530000 0.00744176 -0.00295251
v 0.05530000 0.00736730 -0.00288619
v 0.05530000 0.00729623 -0.00281623
v 0.05530000 0.00722873 -0.00274282
v 0.05530000 0.00716498 -0.00266614
v 0.05530000 0.00710513 -0.00258637
v 0.05530000 0.00704933 -0.00250372
v 0.05530000 0.00699772 -0.00241839
v 0.05530000 0.00695043 -0.00233060
v 0.05530000 0.00690757 -0.00224056
v 0.05530000 0.00686925 -0.00214849
v 0.05530000 0.00683557 -0.00205462
v 0.05530000 0.00680661 -0.00195920
v 0.05530000 0.00678245 -0.00186245
v 0.05530000 0.00676313 -0.00176461
v 0.05530000 0.00674872 -0.00166594
v 0.05530000 0.00673924 -0.00156667
v 0.05530000 0.00673473 -0.00146705
v 0.05530000 0.00673518 -0.00136732
v 0.05530000 0.00674060 -0.00126775
v 0.05530000 0.00675099 -0.00116857
v 0.05530000 0.00676630 -0.00107003
v 0.05530000 0.00678650 -0.00097237
v 0.05530000 0.00681155 -0.00087585
v 0.05530000 0.00684138 -0.00078069
v 0.05530000 0.00687591 -0.00068714
v 0.05530000 0.00691507 -0.00059542
v 0.05530000 0.00695874 -0.00050577
v 0.05530000 0.00700684 -0.00041841
v 0.05530000 0.00705922 -0.00033356
v 0.05530000 0.00711577 -0.00025142
v 0.05530000 0.00717635 -0.00017220
v 0.05530000 0.00724080 -0.00009611
v 0.05530000 0.00730896 -0.00002331
v 0.05530000 0.00738066 0.00004599
v 0.05530000 0.00745573 0.00011163
v 0.05530000 0.00753398 0.00017345
v 0.05530000 0.00761521 0.00023130
v 0.05530000 0.00769923 0.00028502
v 0.05530000 0.00778582 0.00033449
v 0.05530000 0.00787477 0.00037958
v 0.05530000 0.00796585 0.00042018
v 0.05530000 0.00805884 0.00045618
v 0.05530000 0.00815352 0.00048751
v 0.05530000 0.00824963 0.00051408
v 0.05530000 0.00834696 0.00053583
v 0.05530000 0.00844524 0.00055270
v 0.05530000 0.00854425 0.00056465
v 0.05530000 0.00864372 0.00057165
v 0.05530000 0.00874343 0.00057368
v 0.05530000 0.00884311 0.00057074
v 0.05530000 0.00894251 0.00056283
v 0.05518505 0.00814381 -0.00333657
v 0.05503771 0.00764955 -0.00305480
v 0.05502853 0.00684182 -0.00188873
v 0.05522158 0.00675186 -0.00109806
v 0.05517515 0.00683376 -0.00077335
v 0.05521428 0.00702474 -0.00038144
v 0.05503443 0.00743990 0.00000733
v 0.05507536 0.00852553 0.00053618
v 0.05503642 0.00953442 0.00032924
v 0.05505352 0.01011064 -0.00002043
v 0.05505604 0.01063947 -0.00097589
v 0.05504854 0.01067675 -0.00171563
v 0.05505802 0.01018776 -0.00271727
v 0.05510101 0.00971526 -0.00316402
v 0.05504217 0.00904960 -0.00333916
f 1 3 2
f 4 5 3
f 4 3 1
f 6 7 5
f 6 5 4
f 8 9 7
f 8 7 6
f 10 11 9
f 10 9 8
f 12 13 11
f 12 11 10
f 14 15 13
f 14 13 12
f 16 17 15
f 16 15 14
f 18 19 17
f 18 17 16
f 20 19 18
f 21 22 19
f 21 19 20
f 23 24 22
f 23 22 21
f 25 26 24
f 25 24 23
f 69 28 27
f 28 29 27
f 29 30 27
f 30 31 27
f 31 32 27
f 32 33 27
f 33 34 27
f 34 35 27
f 35 36 27
f 36 37 27
f 37 38 27
f 38 39 27
f 39 40 27
f 40 41 27
f 41 42 27
f 42 43 27
f 43 44 27
f 44 45 27
f 45 46 27
f 46 47 27
f 47 48 27
f 48 49 27
f 49 50 27
f 50 51 27
f 51 52 27
f 52 53 27
f 53 54 27
f 54 55 27
f 55 56 27
f 56 57 27
f 57 58 27
f 58 59 27
f 59 60 27
f 60 61 27
f 69 27 161
f 62 64 63
f 64 65 63
f 63 65 66
f 22 24 19
f 24 26 17
f 26 67 17
f 19 24 17
f 13 15 11
f 15 17 11
f 67 68 11
f 17 67 11
f 68 66 9
f 11 68 9
f 9 66 7
f 5 7 3
f 7 66 3
f 66 65 2
f 65 69 2
f 3 66 2
f 2 69 70
f 71 73 72
f 73 74 72
f 72 74 75
f 76 72 75
f 75 74 77
f 78 75 77
f 77 74 79
f 79 74 80
f 81 80 82
f 80 74 82
f 82 74 83
f 83 74 84
f 85 84 86
f 84 74 86
f 87 86 88
f 86 74 89
f 88 86 89
f 89 74 90
f 90 74 98
f 74 70 98
f 70 69 98
f 69 161 98
f 91 93 92
f 93 94 92
f 92 94 95
f 98 161 96
f 97 98 96
f 99 95 100
f 95 94 100
f 100 94 101
f 102 104 103
f 96 102 103
f 94 97 105
f 97 96 105
f 96 103 105
f 106 108 107
f 108 109 107
f 109 101 107
f 107 101 110
f 111 113 112
f 113 114 112
f 111 112 115
f 105 111 116
f 111 115 116
f 117 119 118
f 119 110 118
f 110 101 118
f 120 118 121
f 116 123 122
f 123 124 122
f 105 116 122
f 125 121 126
f 121 118 126
f 126 118 127
f 105 122 128
f 122 129 128
f 129 130 128
f 130 131 128
f 127 118 132
f 133 127 132
f 105 128 134
f 94 105 134
f 101 94 134
f 132 118 135
f 134 137 136
f 101 134 136
f 138 135 139
f 135 118 139
f 101 136 139
f 118 101 139
f 1 2 70
f 70 74 140
f 141 90 98
f 141 98 207
f 142 89 90
f 142 90 141
f 143 88 89
f 143 89 142
f 144 87 88
f 144 88 143
f 145 86 87
f 145 87 144
f 146 85 86
f 146 86 145
f 147 84 85
f 147 85 146
f 148 83 84
f 148 84 147
f 149 82 83
f 149 83 148
f 150 81 82
f 150 82 149
f 151 80 81
f 151 81 150
f 152 80 151
f 152 79 80
f 153 79 152
f 153 77 79
f 154 77 153
f 154 78 77
f 155 78 154
f 155 75 78
f 156 75 155
f 156 76 75
f 157 76 156
f 157 72 76
f 157 71 72
f 158 71 157
f 158 73 71
f 159 73 158
f 159 74 73
f 140 74 159
f 160 96 161
f 160 102 96
f 162 104 102
f 162 102 160
f 163 103 104
f 163 104 162
f 164 105 103
f 164 103 163
f 165 111 105
f 165 113 111
f 165 105 164
f 166 114 113
f 166 113 165
f 167 112 114
f 167 114 166
f 168 115 112
f 168 112 167
f 169 116 115
f 169 115 168
f 170 123 116
f 170 116 169
f 171 124 123
f 171 123 170
f 172 122 124
f 172 124 171
f 173 129 122
f 173 122 172
f 174 130 129
f 174 129 173
f 175 131 130
f 175 130 174
f 176 128 131
f 176 131 175
f 177 134 128
f 177 128 176
f 178 137 134
f 178 134 177
f 179 136 137
f 179 137 178
f 180 139 136
f 180 136 179
f 181 138 139
f 181 139 180
f 182 135 138
f 182 138 181
f 183 132 135
f 183 135 182
f 184 133 132
f 184 132 183
f 185 133 184
f 185 127 133
f 186 127 185
f 186 126 127
f 187 126 186
f 187 125 126
f 188 125 187
f 188 121 125
f 189 121 188
f 189 120 121
f 190 120 189
f 190 118 120
f 191 118 190
f 191 117 118
f 192 117 191
f 192 119 117
f 193 110 119
f 193 119 192
f 194 107 110
f 194 110 193
f 195 106 107
f 195 107 194
f 196 108 106
f 196 106 195
f 197 109 108
f 197 108 196
f 198 101 109
f 198 109 197
f 199 100 101
f 199 101 198
f 200 99 100
f 200 100 199
f 201 95 99
f 201 99 200
f 202 92 95
f 202 95 201
f 203 91 92
f 203 92 202
f 204 93 91
f 204 91 203
f 205 94 93
f 205 93 204
f 206 97 94
f 206 94 205
f 207 98 97
f 207 97 206
f 208 210 209
f 209 210 211
f 211 210 212
f 212 210 213
f 213 210 214
f 214 210 215
f 215 210 216
f 216 210 217
f 217 210 218
f 218 210 219
f 210 220 219
f 219 220 221
f 221 220 222
f 222 220 223
f 223 220 224
f 224 220 225
f 225 220 226
f 226 220 227
f 227 220 228
f 228 220 229
f 220 230 229
f 229 230 231
f 231 230 232
f 232 230 233
f 233 230 234
f 234 230 235
f 235 230 236
f 236 230 237
f 230 238 237
f 237 238 239
f 239 238 240
f 240 238 241
f 241 238 242
f 242 238 243
f 243 238 244
f 238 245 244
f 244 245 246
f 246 245 247
f 247 245 248
f 248 245 249
f 245 250 249
f 249 250 251
f 251 250 252
f 252 250 253
f 254 623 208
f 254 208 255
f 254 255 256
f 254 256 257
f 254 257 258
f 254 258 259
f 254 259 260
f 254 260 261
f 254 261 262
f 254 262 263
f 264 254 263
f 264 263 265
f 264 265 266
f 264 266 267
f 264 267 268
f 264 268 269
f 264 269 270
f 264 270 271
f 264 271 272
f 273 264 274
f 264 272 274
f 273 274 275
f 273 275 276
f 273 276 277
f 273 277 278
f 273 278 279
f 273 279 280
f 281 273 282
f 273 280 282
f 281 282 283
f 281 283 284
f 281 284 285
f 281 285 286
f 281 286 287
f 281 287 288
f 289 281 288
f 289 288 290
f 289 290 291
f 289 291 292
f 289 292 293
f 289 293 294
f 293 295 294
f 295 296 294
f 296 297 294
f 370 320 298
f 250 370 298
f 253 250 298
f 299 301 300
f 253 298 300
f 301 253 300
f 299 300 302
f 303 304 302
f 304 299 302
f 303 302 305
f 306 307 305
f 307 303 305
f 306 305 308
f 309 306 308
f 309 308 310
f 311 312 310
f 312 309 310
f 311 310 313
f 319 314 313
f 314 315 313
f 315 316 313
f 316 317 313
f 317 311 313
f 319 313 3118
f 319 3118 318
f 321 319 318
f 320 370 330
f 321 318 322
f 323 324 322
f 324 321 322
f 323 322 325
f 326 327 325
f 327 323 325
f 328 326 329
f 326 325 329
f 330 370 3140
f 331 333 332
f 333 334 332
f 331 332 335
f 297 336 335
f 336 331 335
f 332 334 337
f 334 338 337
f 297 335 339
f 294 297 339
f 337 338 340
f 462 294 339
f 341 343 342
f 343 344 342
f 341 342 345
f 346 347 345
f 347 348 345
f 348 341 345
f 344 350 349
f 350 351 349
f 351 352 349
f 342 344 349
f 353 355 354
f 355 356 354
f 356 346 354
f 346 345 354
f 328 329 357
f 349 352 357
f 352 328 357
f 329 3136 357
f 358 360 359
f 360 353 359
f 353 354 359
f 357 3136 2777
f 362 358 361
f 358 359 361
f 363 365 364
f 365 362 364
f 362 361 364
f 338 366 340
f 367 369 368
f 369 363 368
f 363 364 368
f 366 372 371
f 372 373 371
f 340 366 371
f 374 376 375
f 376 377 375
f 377 367 375
f 367 368 375
f 373 379 378
f 379 380 378
f 371 373 378
f 381 383 382
f 383 384 382
f 384 374 382
f 374 375 382
f 380 386 385
f 378 380 385
f 387 389 388
f 389 390 388
f 390 381 388
f 381 382 388
f 391 393 392
f 393 387 392
f 387 388 392
f 386 391 394
f 395 385 394
f 391 392 394
f 385 386 394
f 395 394 2780
f 396 398 397
f 396 397 399
f 397 398 400
f 396 399 401
f 400 398 402
f 396 401 403
f 402 398 404
f 370 396 403
f 404 398 405
f 405 398 406
f 398 408 407
f 406 398 407
f 3140 370 403
f 407 408 409
f 409 408 410
f 411 3140 403
f 410 408 412
f 412 408 413
f 413 408 414
f 414 408 415
f 408 417 416
f 415 408 416
f 416 417 418
f 418 417 419
f 439 395 2780
f 419 417 420
f 420 417 421
f 421 417 422
f 422 417 423
f 423 417 424
f 424 417 425
f 417 427 426
f 425 417 426
f 426 427 428
f 428 427 429
f 429 427 430
f 430 427 431
f 431 427 432
f 432 427 433
f 433 427 434
f 2777 436 435
f 434 427 437
f 437 427 438
f 438 427 161
f 440 411 403
f 440 403 441
f 442 440 441
f 442 441 443
f 436 442 444
f 442 443 444
f 435 436 445
f 436 444 445
f 435 445 446
f 447 435 446
f 447 446 448
f 447 448 449
f 447 449 25
f 450 447 25
f 450 25 23
f 450 23 21
f 451 450 21
f 451 21 20
f 451 20 18
f 451 18 16
f 452 451 16
f 452 16 14
f 452 14 12
f 452 12 10
f 453 452 10
f 453 10 8
f 453 8 6
f 454 453 6
f 454 6 4
f 454 4 1
f 457 454 1
f 439 2780 455
f 456 439 455
f 457 1 70
f 458 457 140
f 457 70 140
f 458 140 159
f 458 159 158
f 459 458 158
f 459 158 157
f 460 459 156
f 459 157 156
f 460 156 155
f 460 155 154
f 460 154 153
f 461 460 153
f 461 153 152
f 461 152 151
f 461 151 150
f 463 461 150
f 463 150 149
f 463 149 148
f 463 148 147
f 464 463 147
f 464 147 146
f 464 146 145
f 465 464 145
f 465 145 144
f 466 468 467
f 466 467 469
f 467 468 470
f 471 466 469
f 470 468 472
f 468 473 472
f 472 473 474
f 473 475 474
f 462 471 469
f 474 475 476
f 476 475 477
f 475 478 477
f 477 478 479
f 479 478 3186
f 478 480 3186
f 481 483 482
f 483 456 482
f 483 481 484
f 485 483 484
f 482 456 486
f 456 455 486
f 485 484 487
f 486 455 488
f 455 489 488
f 485 487 3186
f 502 485 3186
f 488 489 490
f 489 492 491
f 490 489 491
f 491 492 493
f 493 492 494
f 492 496 495
f 494 492 495
f 495 496 497
f 497 496 498
f 496 500 499
f 498 496 499
f 499 500 501
f 480 502 3186
f 501 500 503
f 500 505 504
f 503 500 504
f 504 505 506
f 505 507 513
f 506 505 513
f 509 465 2983
f 2783 509 508
f 2983 465 510
f 465 144 510
f 144 143 510
f 143 142 511
f 142 141 511
f 510 143 511
f 511 141 512
f 141 207 512
f 512 207 540
f 507 514 513
f 513 514 515
f 515 514 516
f 514 517 516
f 516 517 518
f 518 517 519
f 519 517 520
f 517 521 520
f 520 521 522
f 2783 508 523
f 522 521 524
f 524 521 525
f 521 526 525
f 525 526 527
f 527 526 528
f 528 526 529
f 526 530 529
f 529 530 531
f 530 533 532
f 531 530 532
f 532 533 534
f 533 2783 523
f 535 534 536
f 533 523 536
f 534 533 536
f 537 539 538
f 539 535 538
f 535 536 538
f 555 542 541
f 542 537 541
f 537 538 541
f 207 206 543
f 206 205 543
f 540 207 543
f 555 541 544
f 543 205 545
f 205 204 545
f 169 168 546
f 168 167 546
f 167 166 546
f 166 165 546
f 165 164 546
f 164 163 546
f 163 162 546
f 162 160 546
f 160 161 546
f 161 630 546
f 545 204 547
f 204 203 547
f 203 202 547
f 202 201 548
f 201 200 548
f 547 202 548
f 200 199 549
f 199 198 549
f 548 200 549
f 549 198 580
f 169 546 550
f 178 177 550
f 177 176 550
f 176 175 550
f 175 174 550
f 174 173 550
f 173 172 550
f 172 171 550
f 171 170 550
f 170 169 550
f 185 184 551
f 184 183 551
f 183 182 551
f 182 181 551
f 181 180 551
f 180 179 551
f 179 178 551
f 178 550 551
f 191 190 552
f 190 189 552
f 189 188 552
f 188 187 552
f 187 186 552
f 186 185 552
f 185 551 552
f 195 194 553
f 194 193 553
f 193 192 553
f 192 191 553
f 191 552 553
f 544 554 555
f 554 557 556
f 555 554 556
f 195 553 558
f 198 197 558
f 197 196 558
f 580 198 558
f 196 195 558
f 557 560 559
f 556 557 559
f 559 560 561
f 560 563 562
f 561 560 562
f 562 563 564
f 563 566 565
f 564 563 565
f 565 566 567
f 566 569 568
f 567 566 568
f 580 558 635
f 570 572 571
f 572 573 571
f 573 574 571
f 574 575 571
f 618 576 571
f 576 577 571
f 577 578 571
f 578 579 571
f 579 570 571
f 575 582 581
f 582 583 581
f 583 584 581
f 584 585 581
f 585 586 581
f 586 587 581
f 587 588 581
f 588 589 581
f 589 590 581
f 571 575 581
f 599 580 635
f 581 590 591
f 590 592 591
f 592 593 591
f 593 594 591
f 594 595 591
f 595 596 591
f 596 597 591
f 597 598 591
f 598 601 600
f 601 602 600
f 602 603 600
f 603 604 600
f 604 605 600
f 605 606 600
f 591 598 600
f 606 608 607
f 608 609 607
f 609 610 607
f 610 611 607
f 600 606 607
f 611 613 612
f 613 614 612
f 614 568 612
f 568 569 612
f 607 611 612
f 612 569 635
f 635 558 553
f 618 612 635
f 618 607 612
f 618 600 607
f 618 591 600
f 618 581 591
f 618 571 581
f 619 294 462
f 619 289 294
f 619 281 289
f 619 273 281
f 619 264 273
f 619 254 264
f 619 623 254
f 624 210 208
f 624 220 210
f 624 230 220
f 624 238 230
f 624 245 238
f 624 250 245
f 624 370 250
f 615 396 370
f 615 398 396
f 615 408 398
f 615 417 408
f 615 427 417
f 615 161 427
f 630 550 546
f 630 551 550
f 630 552 551
f 635 553 552
f 635 552 630
f 208 620 624
f 635 630 616
f 618 635 617
f 624 620 622
f 625 623 619
f 638 625 619
f 626 638 619
f 628 615 627
f 161 615 628
f 616 630 632
f 616 632 695
f 616 695 633
f 616 633 634
f 617 637 636
f 619 639 626
f 619 640 639
f 619 641 640
f 619 642 641
f 462 643 642
f 462 642 619
f 462 644 643
f 462 645 644
f 462 646 645
f 462 647 646
f 462 648 647
f 462 649 648
f 462 650 649
f 462 651 650
f 462 652 651
f 462 653 652
f 462 654 653
f 469 655 654
f 469 654 462
f 629 655 469
f 629 656 655
f 469 657 629
f 631 657 469
f 469 658 631
f 469 659 658
f 469 660 659
f 469 661 660
f 469 662 661
f 469 663 662
f 469 664 663
f 469 665 664
f 469 666 665
f 469 667 666
f 618 668 667
f 618 667 469
f 618 669 668
f 618 670 669
f 618 671 670
f 618 672 671
f 618 673 672
f 617 674 673
f 617 673 618
f 617 675 674
f 636 675 617
f 617 676 637
f 617 677 676
f 617 678 677
f 617 679 678
f 617 680 679
f 635 680 617
f 635 681 680
f 635 682 681
f 635 683 682
f 635 684 683
f 635 685 684
f 635 686 685
f 635 687 686
f 635 688 687
f 635 689 688
f 635 690 689
f 635 691 690
f 635 692 691
f 616 693 692
f 616 692 635
f 616 694 693
f 634 694 616
f 632 696 695
f 632 697 696
f 632 698 697
f 632 699 698
f 630 699 632
f 630 700 699
f 630 701 700
f 630 702 701
f 630 703 702
f 630 704 703
f 630 705 704
f 630 706 705
f 161 707 706
f 161 706 630
f 161 708 707
f 161 709 708
f 161 710 709
f 161 711 710
f 161 712 711
f 161 713 712
f 628 713 161
f 628 714 713
f 615 715 627
f 370 715 615
f 370 716 715
f 370 717 716
f 370 718 717
f 370 719 718
f 370 720 719
f 370 721 720
f 370 722 721
f 370 723 722
f 370 724 723
f 624 724 370
f 624 725 724
f 624 726 725
f 624 727 726
f 624 728 727
f 624 729 728
f 624 730 729
f 624 731 730
f 624 732 731
f 622 732 624
f 620 733 622
f 621 733 620
f 620 734 621
f 620 735 734
f 208 736 735
f 208 735 620
f 208 737 736
f 208 738 737
f 208 739 738
f 208 740 739
f 623 741 740
f 623 740 208
f 623 742 741
f 623 743 742
f 623 744 743
f 623 745 744
f 623 746 745
f 623 747 746
f 623 748 747
f 623 749 748
f 623 750 749
f 623 751 750
f 625 751 623
f 752 753 676
f 754 676 753
f 755 752 676
f 756 637 676
f 756 676 754
f 757 755 676
f 758 637 756
f 759 676 677
f 759 757 676
f 760 637 758
f 761 759 677
f 762 637 760
f 763 761 677
f 764 637 762
f 765 763 677
f 766 637 764
f 767 765 677
f 768 636 637
f 768 637 766
f 769 767 677
f 770 636 768
f 771 677 678
f 771 769 677
f 772 636 770
f 773 771 678
f 774 636 772
f 775 773 678
f 776 636 774
f 777 775 678
f 778 636 776
f 779 777 678
f 780 675 636
f 780 636 778
f 781 678 679
f 781 779 678
f 782 675 780
f 783 781 679
f 784 675 782
f 785 783 679
f 786 675 784
f 787 785 679
f 788 675 786
f 789 679 680
f 789 787 679
f 790 675 788
f 791 789 680
f 792 674 675
f 792 675 790
f 793 791 680
f 794 674 792
f 795 793 680
f 796 674 794
f 797 680 681
f 797 795 680
f 798 674 796
f 799 797 681
f 800 674 798
f 801 799 681
f 802 673 674
f 802 674 800
f 803 801 681
f 804 673 802
f 805 673 804
f 806 673 805
f 807 672 673
f 807 673 806
f 808 672 807
f 809 672 808
f 810 672 809
f 811 672 810
f 811 671 672
f 812 671 811
f 813 671 812
f 814 671 813
f 815 671 814
f 815 670 671
f 816 670 815
f 817 670 816
f 818 670 817
f 818 669 670
f 819 669 818
f 820 669 819
f 820 668 669
f 821 668 820
f 822 668 821
f 822 667 668
f 823 667 822
f 824 825 684
f 826 683 684
f 826 684 825
f 827 684 685
f 827 824 684
f 828 683 826
f 829 827 685
f 830 683 828
f 831 667 823
f 832 829 685
f 833 682 683
f 833 683 830
f 834 685 686
f 834 832 685
f 835 682 833
f 836 834 686
f 837 682 835
f 838 836 686
f 839 681 682
f 839 803 681
f 839 682 837
f 839 840 803
f 841 838 686
f 842 840 839
f 842 843 840
f 844 686 687
f 844 841 686
f 845 843 842
f 845 846 843
f 666 667 831
f 847 844 687
f 848 846 845
f 848 849 846
f 850 847 687
f 851 852 849
f 851 849 848
f 853 687 688
f 853 850 687
f 854 855 852
f 854 852 851
f 856 853 688
f 857 855 854
f 857 859 858
f 857 858 855
f 860 856 688
f 861 693 694
f 861 862 693
f 863 693 862
f 864 861 694
f 865 693 863
f 866 864 694
f 867 859 857
f 867 868 859
f 869 693 865
f 870 866 694
f 871 692 693
f 871 693 869
f 872 870 694
f 873 688 689
f 873 860 688
f 874 692 871
f 875 872 694
f 876 692 874
f 877 868 867
f 877 878 868
f 879 875 694
f 879 694 634
f 880 692 876
f 881 879 634
f 882 873 689
f 883 691 692
f 883 692 880
f 884 881 634
f 885 878 877
f 885 886 878
f 887 691 883
f 888 884 634
f 889 882 689
f 890 691 887
f 891 888 634
f 892 893 886
f 892 886 885
f 894 691 890
f 895 891 634
f 896 689 690
f 896 889 689
f 897 691 894
f 897 690 691
f 898 893 892
f 898 899 893
f 900 634 633
f 900 895 634
f 901 690 897
f 902 900 633
f 903 690 901
f 904 899 898
f 904 905 899
f 906 902 633
f 907 690 903
f 907 896 690
f 908 906 633
f 909 911 910
f 909 910 905
f 909 905 904
f 912 896 907
f 912 913 896
f 914 908 633
f 915 913 912
f 915 916 913
f 917 918 911
f 917 911 909
f 919 914 633
f 920 921 916
f 920 916 915
f 922 918 917
f 922 923 918
f 924 633 695
f 924 919 633
f 925 926 921
f 925 921 920
f 927 924 695
f 928 923 922
f 928 929 923
f 930 931 926
f 930 926 925
f 932 927 695
f 933 934 931
f 933 931 930
f 935 936 929
f 935 929 928
f 937 932 695
f 938 934 933
f 939 940 936
f 939 936 935
f 941 937 695
f 942 943 934
f 942 934 938
f 944 941 695
f 945 940 939
f 945 946 940
f 947 948 943
f 947 943 942
f 949 695 696
f 949 944 695
f 950 951 948
f 950 948 947
f 952 953 946
f 952 946 945
f 954 949 696
f 955 951 950
f 955 956 951
f 957 953 952
f 957 959 958
f 957 958 953
f 960 954 696
f 961 956 955
f 961 962 956
f 963 960 696
f 964 959 957
f 964 965 959
f 966 962 961
f 967 962 966
f 968 963 696
f 969 965 964
f 969 970 965
f 971 967 966
f 972 968 696
f 973 967 971
f 974 973 971
f 975 970 969
f 975 976 970
f 977 696 697
f 977 972 696
f 978 979 973
f 978 973 974
f 980 976 975
f 980 981 976
f 982 977 697
f 983 979 978
f 984 979 983
f 985 982 697
f 986 981 980
f 986 987 981
f 988 984 983
f 989 984 988
f 990 985 697
f 991 992 987
f 991 987 986
f 993 989 988
f 994 990 697
f 995 989 993
f 996 995 993
f 997 998 992
f 997 992 991
f 999 697 698
f 999 994 697
f 1000 995 996
f 1001 1000 996
f 1002 998 997
f 1002 1003 998
f 1004 999 698
f 1005 1001 1006
f 1005 1000 1001
f 1007 1004 698
f 1008 1003 1002
f 1008 1009 1003
f 1010 1006 1011
f 1010 1005 1006
f 1012 1007 698
f 1013 1012 698
f 1014 1010 1011
f 1014 1011 1015
f 1016 1014 1015
f 1017 1014 1016
f 1018 1017 1016
f 699 1019 1013
f 699 1013 698
f 699 1020 1019
f 1021 1017 1018
f 1021 1018 1022
f 1023 1020 699
f 1024 1021 1022
f 1024 1022 1025
f 1026 1023 699
f 1027 1024 1025
f 1027 1025 1028
f 1029 1027 1028
f 1029 1028 1030
f 1031 1029 1030
f 1031 1030 1032
f 1033 1032 1034
f 1033 1031 1032
f 1035 1034 1036
f 1035 1033 1034
f 1037 1036 1038
f 1037 1035 1036
f 700 1026 699
f 700 1040 1039
f 700 1039 1041
f 700 1041 1042
f 700 1042 1026
f 701 1040 700
f 701 1044 1043
f 701 1043 1045
f 701 1045 1040
f 702 1044 701
f 702 1047 1046
f 702 1046 1044
f 703 1047 702
f 703 1049 1048
f 703 1048 1047
f 1050 1051 661
f 1052 661 1051
f 1053 661 662
f 1053 1050 661
f 1054 661 1052
f 1054 660 661
f 1055 1053 662
f 1056 660 1054
f 1057 1055 662
f 1058 660 1056
f 1059 1057 662
f 1060 660 1058
f 1061 1059 662
f 1061 662 663
f 1062 660 1060
f 1062 659 660
f 1063 1061 663
f 1064 659 1062
f 1065 1063 663
f 1066 659 1064
f 1067 1065 663
f 1067 663 664
f 1068 659 1066
f 1069 1067 664
f 1070 659 1068
f 1071 1073 1072
f 1071 1072 1074
f 1075 1071 1074
f 1075 1074 1076
f 1077 1073 1071
f 1077 1079 1078
f 1077 1078 1073
f 1080 1075 1076
f 1080 1076 1081
f 1080 1081 1082
f 1083 1069 664
f 1083 664 665
f 1084 1079 1077
f 1084 1085 1079
f 1086 659 1070
f 1086 658 659
f 1087 1080 1082
f 1087 1082 1088
f 1087 1088 1089
f 1090 1085 1084
f 1090 1092 1091
f 1090 1091 1085
f 1093 1083 665
f 1094 1087 1089
f 1094 1089 1095
f 1094 1095 1096
f 1097 658 1086
f 1098 1100 1099
f 1098 1099 1092
f 1098 1092 1090
f 1101 1093 665
f 1101 665 666
f 1102 1094 1096
f 1102 1096 1103
f 1104 658 1097
f 1105 1100 1098
f 1105 1106 1100
f 1107 1101 666
f 1108 658 1104
f 1109 1102 1103
f 1109 1103 1110
f 1109 1110 1111
f 1112 1107 666
f 1112 666 831
f 1113 1106 1105
f 1113 1009 1008
f 1113 1008 1114
f 1113 1114 1106
f 1115 658 1108
f 1116 1109 1111
f 1116 1111 1117
f 1116 1117 1118
f 704 1049 703
f 704 1120 1119
f 704 1119 1049
f 1121 831 1122
f 1121 1122 1123
f 1121 1112 831
f 1124 1009 1113
f 1124 1126 1125
f 1124 1125 1009
f 1127 658 1115
f 1128 1121 1123
f 1129 1118 1130
f 1129 1130 1131
f 1129 1116 1118
f 1132 658 1127
f 1132 631 658
f 1133 1126 1124
f 1133 1135 1134
f 1133 1134 1126
f 1136 1123 1137
f 1136 1137 1138
f 1136 1128 1123
f 1139 631 1132
f 1140 1131 1141
f 1140 1141 1142
f 1140 1129 1131
f 1143 1136 1138
f 1144 1145 1135
f 1144 1135 1133
f 1146 631 1139
f 1147 1143 1138
f 1147 1138 1148
f 1149 1142 1150
f 1149 1140 1142
f 1151 631 1146
f 1152 1145 1144
f 1152 1154 1153
f 1152 1153 1145
f 1155 631 1151
f 1156 1150 1157
f 1156 1157 1158
f 1156 1149 1150
f 1159 631 1155
f 1160 1154 1152
f 1160 1161 1154
f 1162 1158 1163
f 1162 1163 1164
f 1162 1156 1158
f 1165 631 1159
f 1165 657 631
f 1166 1168 1167
f 1166 1167 1161
f 1166 1161 1160
f 1169 657 1165
f 1170 1164 1171
f 1170 1162 1164
f 1172 657 1169
f 1173 1175 1174
f 1173 1174 1168
f 1173 1168 1166
f 1176 657 1172
f 1177 1171 1178
f 1177 1178 1179
f 1177 1170 1171
f 1180 657 1176
f 1181 1175 1173
f 1181 1182 1175
f 1183 657 1180
f 1184 1179 1185
f 1184 1185 1186
f 1184 1177 1179
f 1187 657 1183
f 1188 1148 1189
f 1188 1189 1182
f 1188 1182 1181
f 1190 1186 1191
f 1190 1184 1186
f 629 657 1187
f 629 1187 1192
f 1193 629 1192
f 1194 1147 1148
f 1194 1196 1195
f 1194 1195 1147
f 1194 1148 1188
f 1197 629 1193
f 1198 1190 1191
f 1198 1191 1199
f 1198 1199 1037
f 1198 1037 1038
f 1200 629 1197
f 1201 1196 1194
f 1201 1202 1196
f 1203 629 1200
f 1204 1198 1038
f 1204 1038 1205
f 1204 1205 1206
f 1207 629 1203
f 1208 1202 1201
f 1208 1210 1209
f 1208 1209 1202
f 1211 1204 1206
f 1211 1206 1212
f 1211 1212 1213
f 1214 1210 1208
f 1214 1216 1215
f 1214 1215 1210
f 1217 1213 1218
f 1217 1211 1213
f 656 1207 1219
f 656 1219 1220
f 656 1220 1221
f 656 1221 1222
f 656 1222 1223
f 656 629 1207
f 1224 1225 1216
f 1224 1216 1214
f 1226 656 1223
f 1227 1217 1218
f 1227 1218 1228
f 1227 1228 1229
f 1230 1232 1231
f 1230 1231 1225
f 1230 1225 1224
f 1233 1229 1234
f 1233 1227 1229
f 1235 1236 1232
f 1235 1232 1230
f 1237 1234 1238
f 1237 1238 1239
f 1237 1233 1234
f 1240 1236 1235
f 1240 1242 1241
f 1240 1241 1236
f 1243 1237 1239
f 1243 1239 1244
f 1243 1244 1245
f 655 1226 1246
f 655 1246 1247
f 655 1247 1248
f 655 1248 1249
f 655 1249 1250
f 655 656 1226
f 1251 1242 1240
f 1251 1253 1252
f 1251 1252 1242
f 1254 1243 1245
f 1254 1245 1255
f 1256 1253 1251
f 1257 1254 1255
f 1257 1255 1258
f 1257 1258 1259
f 654 1250 1260
f 654 1260 1261
f 654 1261 1262
f 654 1262 1263
f 654 655 1250
f 653 1263 1264
f 653 1264 1265
f 653 1265 1266
f 653 1266 1267
f 653 654 1263
f 1268 1270 1269
f 1271 1268 1269
f 1271 1269 1272
f 1273 1274 1270
f 1273 1270 1268
f 1275 1272 1276
f 1275 1271 1272
f 1277 1274 1273
f 1277 1278 1274
f 1279 1276 1280
f 1279 1275 1276
f 1281 1278 1277
f 1281 1283 1282
f 1281 1282 1278
f 1284 1280 1285
f 1284 1279 1280
f 1286 1287 1283
f 1286 1283 1281
f 1288 1284 1285
f 1288 1285 1289
f 1290 1291 1287
f 1290 1287 1286
f 1292 1288 1289
f 1292 1253 1256
f 1292 1289 1253
f 1293 1294 1291
f 1293 1291 1290
f 1295 1292 1256
f 1296 1297 1294
f 1296 1294 1293
f 1298 1295 1256
f 1298 1256 1299
f 1300 1301 1297
f 1300 1297 1296
f 1302 1298 1299
f 1302 1299 1303
f 1304 1305 1301
f 1304 1301 1300
f 1306 1302 1303
f 1307 1308 1305
f 1307 1305 1304
f 652 653 1267
f 652 1267 1309
f 652 1309 1310
f 652 1310 1311
f 1312 1306 1303
f 1312 1303 1313
f 1314 1316 1315
f 1314 1315 1308
f 1314 1308 1307
f 1317 1312 1313
f 1318 1319 1316
f 1318 1316 1314
f 1320 1317 1313
f 1320 1313 1321
f 1322 1323 1319
f 1322 1319 1318
f 1324 1320 1321
f 1324 1321 1325
f 1326 1327 1323
f 1326 1323 1322
f 1328 1324 1325
f 1329 1330 1327
f 1329 1327 1326
f 1331 1328 1325
f 1331 1325 1332
f 1333 1334 1330
f 1333 1330 1329
f 1335 1331 1332
f 1336 1337 1334
f 1336 1334 1333
f 1338 1335 1332
f 1338 1332 1339
f 1340 1337 1336
f 1340 1342 1341
f 1340 1341 1337
f 1343 1338 1339
f 1343 1339 1344
f 1345 1346 1342
f 1345 1342 1340
f 1347 1343 1344
f 1348 1349 1346
f 1348 1346 1345
f 1350 1344 1351
f 1350 1347 1344
f 1352 1349 1348
f 1352 1353 1349
f 1354 1350 1351
f 1355 1356 1353
f 1355 1353 1352
f 1357 1354 1351
f 1357 1351 1358
f 1359 1356 1355
f 1359 1360 1356
f 1361 706 707
f 1362 1361 707
f 1363 706 1361
f 1364 707 708
f 1364 1362 707
f 1365 705 706
f 1365 706 1363
f 1366 1364 708
f 1367 705 1365
f 1368 1366 708
f 1369 1357 1358
f 1370 705 1367
f 1370 704 705
f 1370 1120 704
f 1370 1371 1120
f 1372 708 709
f 1372 1368 708
f 1373 1371 1370
f 1373 1374 1371
f 1375 1372 709
f 1376 1374 1373
f 1376 1377 1374
f 1378 652 1311
f 1378 1311 1360
f 1378 651 652
f 1378 1360 1359
f 1379 1375 709
f 1380 1381 1377
f 1380 1377 1376
f 1382 1379 709
f 1383 1369 1358
f 1383 1358 1384
f 1385 1259 1381
f 1385 1381 1380
f 1386 709 710
f 1386 1382 709
f 1387 1388 1257
f 1387 1259 1385
f 1387 1257 1259
f 1389 651 1378
f 1390 1386 710
f 1391 1388 1387
f 1392 1384 1393
f 1392 1383 1384
f 1394 1390 710
f 1395 1388 1391
f 1395 1396 1388
f 1397 1394 710
f 1398 651 1389
f 1399 1400 1396
f 1399 1396 1395
f 1401 710 711
f 1401 1397 710
f 1402 1392 1393
f 1403 1400 1399
f 1404 1401 711
f 1405 651 1398
f 1406 1407 1400
f 1406 1400 1403
f 1408 1402 1393
f 1408 1393 1409
f 1410 1404 711
f 1411 1407 1406
f 1412 1410 711
f 1413 1414 1407
f 1413 1407 1411
f 1415 1408 1409
f 1416 711 712
f 1416 1412 711
f 650 1405 1417
f 650 651 1405
f 1418 1419 1414
f 1418 1414 1413
f 1420 650 1417
f 1421 1416 712
f 1422 1415 1409
f 1422 1409 1423
f 1424 1419 1418
f 1425 1421 712
f 1426 650 1420
f 1427 1428 1419
f 1427 1419 1424
f 1429 1422 1423
f 1430 1425 712
f 1431 1432 1428
f 1431 1428 1427
f 1433 1430 712
f 1434 1429 1423
f 1434 1423 1435
f 1436 1432 1431
f 1437 1433 712
f 1438 1439 1432
f 1438 1432 1436
f 1440 1434 1435
f 713 1437 712
f 1441 1437 713
f 1442 1439 1438
f 1443 1441 713
f 1444 1440 1435
f 1444 1435 1445
f 1446 1447 1439
f 1446 1439 1442
f 1448 1443 713
f 1449 1444 1445
f 1449 1445 1450
f 1451 1448 713
f 1452 1449 1450
f 1453 1451 713
f 649 1426 1454
f 649 1454 1455
f 649 1455 1456
f 649 650 1426
f 1457 1452 1450
f 1457 1450 1458
f 1459 1453 713
f 1460 1457 1458
f 1461 1460 1458
f 1461 1458 1462
f 1463 1461 1462
f 1463 1462 1464
f 714 1459 713
f 714 1466 1465
f 714 1465 1467
f 714 1467 1468
f 714 1468 1459
f 1469 1463 1464
f 1470 1466 714
f 1471 1469 1464
f 1471 1464 1472
f 1473 1470 714
f 1474 1471 1472
f 1475 1474 1472
f 1475 1472 1476
f 1477 1475 1476
f 1477 1476 1478
f 648 1456 1479
f 648 1479 1480
f 648 1480 1481
f 648 649 1456
f 1482 1477 1478
f 1483 1482 1478
f 628 1473 714
f 628 1485 1484
f 628 1484 1486
f 628 1486 1487
f 628 1487 1488
f 628 1488 1489
f 628 1489 1473
f 647 1481 1490
f 647 1490 1491
f 647 1491 1492
f 647 1492 1493
f 647 648 1481
f 1494 1496 1495
f 1497 1494 1495
f 1498 1496 1494
f 1499 1495 1500
f 1499 1497 1495
f 1501 1502 1496
f 1501 1496 1498
f 1503 1500 1447
f 1503 1499 1500
f 1504 1502 1501
f 1504 1505 1502
f 1506 1503 1447
f 1507 1505 1504
f 1508 1447 1446
f 1508 1506 1447
f 1508 1446 1509
f 1510 1511 1505
f 1510 1505 1507
f 1512 1508 1509
f 1512 1509 1513
f 1514 1511 1510
f 1515 1512 1513
f 1515 1513 1516
f 1517 1518 1511
f 1517 1511 1514
f 1519 1515 1516
f 1519 1516 1520
f 1521 1522 1518
f 1521 1518 1517
f 1523 1519 1520
f 1523 1520 1524
f 1525 1522 1521
f 1526 1523 1524
f 1526 1524 1527
f 1528 1529 1522
f 1528 1522 1525
f 1530 1526 1527
f 1530 1527 1531
f 1532 1529 1528
f 1533 1530 1531
f 1533 1531 1534
f 627 1536 1535
f 627 1535 1537
f 627 1537 1538
f 627 1538 1539
f 627 1539 1540
f 627 1540 1485
f 627 1485 628
f 1541 1542 1529
f 1541 1529 1532
f 1543 1533 1534
f 1543 1534 1544
f 1545 1542 1541
f 1546 1543 1544
f 1546 1544 1547
f 1546 1547 1548
f 1549 1542 1545
f 1549 1550 1542
f 1551 1548 1552
f 1551 1546 1548
f 1553 1550 1549
f 1554 1552 1555
f 1554 1551 1552
f 1556 1550 1553
f 1556 1557 1550
f 1558 1555 1559
f 1558 1554 1555
f 1560 1561 1557
f 1560 1557 1556
f 646 647 1493
f 646 1493 1562
f 646 1562 1563
f 646 1563 1564
f 1565 1558 1559
f 1565 1559 1566
f 1567 1561 1560
f 1568 1566 1569
f 1568 1565 1566
f 1570 1571 1561
f 1570 1561 1567
f 1572 1569 1573
f 1572 1568 1569
f 1574 1571 1570
f 1575 1573 1576
f 1575 1572 1573
f 1577 1578 1571
f 1577 1571 1574
f 715 1580 1579
f 715 1579 1581
f 715 1581 1582
f 715 1582 1583
f 715 1583 1584
f 715 1584 1536
f 715 1536 627
f 1585 1576 1586
f 1585 1586 1587
f 1585 1575 1576
f 1588 1578 1577
f 1589 1587 1590
f 1589 1585 1587
f 1591 1592 1578
f 1591 1578 1588
f 1593 1590 1594
f 1593 1589 1590
f 1595 1596 1592
f 1595 1592 1591
f 1597 1594 1598
f 1597 1593 1594
f 1599 1596 1595
f 645 646 1564
f 645 1564 1600
f 645 1600 1601
f 645 1601 1602
f 1603 1598 1604
f 1603 1597 1598
f 1605 1596 1599
f 1605 1606 1596
f 1607 1604 1608
f 1607 1603 1604
f 1609 1606 1605
f 1610 1608 1611
f 1610 1607 1608
f 1612 1606 1609
f 1612 1613 1606
f 1614 1611 1615
f 1614 1615 1616
f 1614 1610 1611
f 716 1618 1617
f 716 1617 1619
f 716 1619 1620
f 716 1620 1621
f 716 1621 1580
f 716 1580 715
f 1622 1613 1612
f 1622 1623 1613
f 1624 1616 1625
f 1624 1614 1616
f 1626 1623 1622
f 1627 1624 1625
f 1627 1625 1628
f 1629 1623 1626
f 1629 1630 1623
f 1631 1627 1628
f 1631 1628 1632
f 1633 1630 1629
f 644 1602 1634
f 644 1634 1635
f 644 1635 1636
f 644 645 1602
f 1637 1632 1638
f 1637 1631 1632
f 1639 1630 1633
f 1639 1640 1630
f 1641 1638 1642
f 1641 1637 1638
f 1643 1640 1639
f 1643 1644 1640
f 1645 1641 1642
f 1645 1642 1646
f 1647 1644 1643
f 717 1649 1648
f 717 1648 1650
f 717 1650 1651
f 717 1651 1618
f 717 1618 716
f 1652 1644 1647
f 1653 1655 1654
f 1656 1653 1654
f 1656 1654 1657
f 1658 1655 1653
f 1659 1656 1657
f 1659 1657 1660
f 1661 1655 1658
f 1661 1662 1655
f 1663 1659 1660
f 1663 1660 1664
f 1665 1662 1661
f 1665 1666 1662
f 1667 1663 1664
f 1667 1664 1668
f 1669 1666 1665
f 1669 1670 1666
f 1671 1667 1668
f 1671 1668 1672
f 1673 1670 1669
f 1673 1674 1670
f 1675 1671 1672
f 1675 1672 1676
f 1677 1674 1673
f 1677 1678 1674
f 1679 1676 1680
f 1679 1675 1676
f 1681 1678 1677
f 1681 1682 1678
f 1683 1679 1680
f 643 644 1636
f 1684 1685 1682
f 1684 1682 1681
f 1686 1683 1680
f 1686 1680 1687
f 1688 1685 1684
f 1689 1686 1687
f 1689 1687 1690
f 1691 1685 1688
f 1691 1692 1685
f 1693 1689 1690
f 1693 1690 1694
f 1695 1696 1692
f 1695 1692 1691
f 1697 1693 1694
f 1697 1694 1698
f 1699 1700 1696
f 1699 1696 1695
f 1701 1697 1698
f 1701 1698 1702
f 1703 1704 1700
f 1703 1700 1699
f 1705 1701 1702
f 1705 1702 1706
f 1707 1708 1704
f 1707 1704 1703
f 1709 1705 1706
f 1709 1706 1710
f 1711 1636 1708
f 1711 1708 1707
f 718 1649 717
f 718 1713 1712
f 718 1712 1714
f 718 1714 1715
f 718 1715 1649
f 1716 1709 1710
f 1716 1710 1717
f 1718 1636 1711
f 1718 643 1636
f 1719 1716 1717
f 1719 1717 1483
f 1720 643 1718
f 1721 1483 1478
f 1721 1719 1483
f 1721 1478 1722
f 1723 643 1720
f 1724 1721 1722
f 1725 643 1723
f 1726 1722 1727
f 1726 1724 1722
f 642 643 1725
f 642 1725 1728
f 1729 1726 1727
f 1730 642 1728
f 1731 1729 1727
f 1731 1727 1732
f 1733 642 1730
f 1734 1732 1735
f 1734 1731 1732
f 1736 642 1733
f 1737 1734 1735
f 1738 1737 1735
f 1738 1735 1739
f 719 1713 718
f 719 1645 1646
f 719 1646 1740
f 719 1740 1741
f 719 1741 1713
f 1742 1738 1739
f 1742 1739 1743
f 1744 1742 1743
f 1745 1743 1746
f 1745 1744 1743
f 1747 1745 1746
f 641 642 1736
f 641 1736 1748
f 641 1748 1749
f 641 1749 1750
f 641 1750 1751
f 1752 1746 1753
f 1752 1747 1746
f 1754 1752 1753
f 1754 1753 1755
f 1756 1754 1755
f 1757 1756 1755
f 720 1759 1758
f 720 1758 1760
f 720 1760 1645
f 720 1645 719
f 640 641 1751
f 640 1751 1761
f 640 1761 1762
f 640 1762 1763
f 640 1763 1764
f 640 1764 1765
f 721 1759 720
f 721 1767 1766
f 721 1766 1768
f 721 1768 1759
f 639 640 1765
f 639 1765 1769
f 639 1769 1770
f 639 1770 1771
f 639 1771 1772
f 639 1772 1773
f 639 1773 1774
f 722 1776 1775
f 722 1775 1777
f 722 1777 1767
f 722 1767 721
f 1778 1780 1779
f 1781 1779 1782
f 1781 1778 1779
f 1783 1784 1780
f 1783 1780 1778
f 1785 1782 1786
f 1785 1781 1782
f 1787 1788 1784
f 1787 1784 1783
f 1789 1785 1786
f 1790 1788 1787
f 1790 1791 1788
f 1792 1786 1793
f 1792 1789 1786
f 1794 1795 1791
f 1794 1791 1790
f 1796 1793 1797
f 1796 1792 1793
f 1798 1799 1795
f 1798 1795 1794
f 1800 1797 1801
f 1800 1796 1797
f 626 1774 1802
f 626 1802 1803
f 626 1803 1804
f 626 1804 1805
f 626 1805 1806
f 626 1806 1807
f 626 639 1774
f 1808 1652 1799
f 1808 1799 1798
f 1809 1801 1810
f 1809 1800 1801
f 1811 1652 1808
f 1811 1644 1652
f 1811 1812 1644
f 1813 1810 1814
f 1813 1809 1810
f 1815 1812 1811
f 1816 1814 1817
f 1816 1813 1814
f 1818 1812 1815
f 1818 1819 1812
f 1820 1817 1821
f 1820 1816 1817
f 1822 1819 1818
f 1823 1821 1824
f 1823 1820 1821
f 1825 1819 1822
f 1825 1826 1819
f 1827 1823 1824
f 1828 1826 1825
f 1828 1829 1826
f 1830 1824 1831
f 1830 1827 1824
f 1832 1829 1828
f 723 1834 1833
f 723 1833 1835
f 723 1835 1776
f 723 1776 722
f 1836 1831 1837
f 1836 1830 1831
f 1838 1829 1832
f 1838 1839 1829
f 1840 1837 1841
f 1840 1836 1837
f 1842 1839 1838
f 1842 1843 1839
f 1844 1841 1845
f 1844 1840 1841
f 1846 1843 1842
f 1847 1845 1848
f 1847 1844 1845
f 1849 1843 1846
f 1849 1850 1843
f 1851 1848 1852
f 1851 1847 1848
f 638 626 1807
f 638 1807 1853
f 638 1853 1854
f 638 1854 1855
f 638 1855 1856
f 638 1856 1857
f 638 1857 1858
f 1859 1850 1849
f 1860 1852 1861
f 1860 1851 1852
f 1862 1850 1859
f 1862 1863 1850
f 1864 1860 1861
f 1865 1866 1863
f 1865 1863 1862
f 1867 1861 1868
f 1867 1864 1861
f 1869 1866 1865
f 1870 1868 1871
f 1870 1867 1868
f 724 1873 1872
f 724 1872 1874
f 724 1874 1875
f 724 1875 1834
f 724 1834 723
f 1876 1866 1869
f 1876 1757 1755
f 1876 1755 1866
f 1877 1871 1878
f 1877 1870 1871
f 1879 1757 1876
f 1879 1880 1757
f 1881 1877 1878
f 1881 1878 1882
f 1883 1884 1880
f 1883 1880 1879
f 1885 1882 1886
f 1885 1881 1882
f 1887 1888 1884
f 1887 1884 1883
f 625 638 1858
f 625 1858 1889
f 625 1889 1890
f 625 1890 1891
f 625 1891 1892
f 625 1892 1893
f 625 1893 1894
f 1895 1886 1896
f 1895 1885 1886
f 1897 1888 1887
f 1897 1898 1888
f 1899 1895 1896
f 1900 1901 1898
f 1900 1898 1897
f 725 1873 724
f 725 1903 1902
f 725 1902 1904
f 725 1904 1873
f 751 1906 1905
f 751 625 1894
f 751 1905 1907
f 751 1907 1908
f 751 1894 1909
f 751 1909 1910
f 751 1910 1906
f 726 1903 725
f 726 1912 1911
f 726 1911 1913
f 726 1913 1903
f 750 1908 1914
f 750 1914 1915
f 750 1915 1916
f 750 1916 1917
f 750 1917 1918
f 750 751 1908
f 727 1912 726
f 727 1896 1919
f 727 1919 1920
f 727 1920 1912
f 749 750 1918
f 749 1918 1921
f 749 1921 1922
f 749 1922 1923
f 749 1923 1924
f 728 1899 1896
f 728 1926 1925
f 728 1925 1927
f 728 1927 1899
f 728 1896 727
f 748 1924 1928
f 748 1928 1929
f 748 1929 1930
f 748 1930 1931
f 748 749 1924
f 729 1933 1932
f 729 1932 1934
f 729 1934 1935
f 729 1935 1926
f 729 1926 728
f 747 748 1931
f 747 1931 1936
f 747 1936 1937
f 747 1937 1938
f 747 1938 1939
f 730 1933 729
f 730 1941 1940
f 730 1940 1942
f 730 1942 1943
f 730 1943 1933
f 746 1939 1944
f 746 1944 1945
f 746 1945 1946
f 746 747 1939
f 731 1948 1947
f 731 1947 1949
f 731 1949 1950
f 731 1950 1951
f 731 1951 1941
f 731 1941 730
f 745 1946 1952
f 745 1952 1953
f 745 746 1946
f 732 1955 1954
f 732 1954 1956
f 732 1956 1957
f 732 1957 1958
f 732 1958 1959
f 732 1959 1948
f 732 1948 731
f 744 1953 1960
f 744 1960 1961
f 744 745 1953
f 622 1955 732
f 622 1963 1962
f 622 1962 1964
f 622 1964 1965
f 622 1965 1966
f 622 1966 1967
f 622 1967 1955
f 743 1961 1968
f 743 1968 1901
f 743 744 1961
f 733 1970 1969
f 733 1969 1971
f 733 1971 1972
f 733 1972 1973
f 733 1973 1974
f 733 1974 1963
f 733 1963 622
f 742 1901 1900
f 742 743 1901
f 742 1900 1975
f 742 1975 1976
f 621 1978 1977
f 621 1977 1979
f 621 1979 1980
f 621 1980 1981
f 621 1981 1970
f 621 1970 733
f 621 1982 1978
f 741 1976 1983
f 741 1983 1984
f 741 742 1976
f 734 1982 621
f 734 1986 1985
f 734 1985 1987
f 734 1987 1988
f 734 1988 1989
f 734 1989 1990
f 734 1990 1982
f 740 1984 1991
f 740 1991 1992
f 740 741 1984
f 735 1994 1993
f 735 1993 1995
f 735 1995 1996
f 735 1996 1997
f 735 1997 1986
f 735 1986 734
f 739 1992 1998
f 739 1998 1999
f 739 1999 2000
f 739 740 1992
f 736 1994 735
f 736 2002 2001
f 736 2001 2003
f 736 2003 2004
f 736 2004 1994
f 738 739 2000
f 738 2000 2005
f 738 2005 2006
f 738 2006 2007
f 738 2007 2008
f 737 738 2008
f 737 2002 736
f 737 2008 2009
f 737 2009 2010
f 737 2010 2011
f 737 2011 2002
f 2012 2013 1856
f 1855 2012 1856
f 2013 2014 1857
f 1856 2013 1857
f 2014 2015 1858
f 1857 2014 1858
f 2015 2016 1889
f 1858 2015 1889
f 2016 2017 1890
f 1889 2016 1890
f 2017 2018 1891
f 1890 2017 1891
f 2018 2019 1892
f 1891 2018 1892
f 2019 2020 1893
f 1892 2019 1893
f 2020 2021 1894
f 1893 2020 1894
f 2021 2022 1909
f 1894 2021 1909
f 2022 2023 1910
f 1909 2022 1910
f 2023 2024 1906
f 1910 2023 1906
f 2024 2025 1905
f 1906 2024 1905
f 2025 2026 1907
f 1905 2025 1907
f 2026 2027 1908
f 1907 2026 1908
f 2027 2028 1914
f 1908 2027 1914
f 2028 2029 1915
f 1914 2028 1915
f 2029 2030 1916
f 1915 2029 1916
f 1916 2030 1917
f 2030 2031 1917
f 1917 2031 1918
f 2031 2032 1918
f 1918 2032 1921
f 2032 2033 1921
f 1921 2033 1922
f 2033 2034 1922
f 2034 2035 1923
f 1922 2034 1923
f 2035 2036 1924
f 1923 2035 1924
f 2036 2037 1928
f 1924 2036 1928
f 2037 2038 1929
f 1928 2037 1929
f 2038 2039 1930
f 1929 2038 1930
f 2039 2040 1931
f 1930 2039 1931
f 2040 2041 1936
f 1931 2040 1936
f 2041 2042 1937
f 1936 2041 1937
f 2042 2043 1938
f 1937 2042 1938
f 2043 2044 1939
f 1938 2043 1939
f 2044 2045 1944
f 1939 2044 1944
f 2045 2046 1945
f 1944 2045 1945
f 2046 2047 1946
f 1945 2046 1946
f 2047 2048 1952
f 1946 2047 1952
f 2048 2049 1953
f 1952 2048 1953
f 2049 2050 1960
f 1953 2049 1960
f 2050 2051 1961
f 1960 2050 1961
f 2051 2052 1968
f 1961 2051 1968
f 2052 2053 1901
f 1968 2052 1901
f 2053 2054 1898
f 1901 2053 1898
f 1898 2054 1888
f 2054 2055 1888
f 1888 2055 1884
f 2055 2056 1884
f 1884 2056 1880
f 2056 2057 1880
f 1880 2057 1757
f 2057 2058 1757
f 1757 2058 1756
f 2058 2059 1756
f 1756 2059 1754
f 2059 2060 1754
f 1754 2060 1752
f 2060 2061 1752
f 1752 2061 1747
f 2061 2062 1747
f 1747 2062 1745
f 2062 2063 1745
f 1745 2063 1744
f 2063 2064 1744
f 1744 2064 1742
f 2064 2065 1742
f 1742 2065 1738
f 2065 2066 1738
f 1738 2066 1737
f 2066 2067 1737
f 2067 2068 1734
f 1737 2067 1734
f 2068 2069 1731
f 1734 2068 1731
f 2069 2070 1729
f 1731 2069 1729
f 2070 2071 1726
f 1729 2070 1726
f 2071 2072 1724
f 1726 2071 1724
f 2072 2073 1721
f 1724 2072 1721
f 2073 2074 1719
f 1721 2073 1719
f 2074 2075 1716
f 1719 2074 1716
f 2076 2078 2077
f 2079 2077 2080
f 2081 2082 2076
f 2081 2076 2077
f 2083 2079 2084
f 2083 2077 2079
f 2085 2083 2086
f 2085 2081 2077
f 2085 2077 2083
f 2087 2089 2088
f 2090 2085 2091
f 2092 2085 2090
f 2093 2088 2094
f 2093 2095 2087
f 2093 2087 2088
f 2096 2097 2081
f 2096 2081 2085
f 2096 2085 2092
f 2098 2100 2099
f 2098 2096 2100
f 2101 2103 2102
f 2101 2104 2103
f 2105 2106 2101
f 2072 2107 2075
f 2072 2098 2107
f 2072 2074 2073
f 2072 2075 2074
f 2072 2096 2098
f 2108 2109 2105
f 2110 2111 2108
f 2069 2071 2070
f 2069 2072 2071
f 2112 2110 2108
f 2112 2113 2110
f 2112 2108 2105
f 2114 2115 2112
f 2065 2096 2072
f 2065 2067 2066
f 2065 2068 2067
f 2065 2069 2068
f 2065 2072 2069
f 2116 2117 2114
f 2118 2114 2112
f 2118 2116 2114
f 2061 2063 2062
f 2061 2064 2063
f 2061 2065 2064
f 2119 2120 2118
f 2119 2121 2120
f 2058 2060 2059
f 2058 2061 2060
f 2058 2096 2065
f 2058 2094 2097
f 2058 2122 2093
f 2058 2102 2122
f 2058 2093 2094
f 2058 2065 2061
f 2058 2097 2096
f 2123 2124 2119
f 2125 2119 2118
f 2125 2123 2119
f 2126 2127 2125
f 2053 2055 2054
f 2053 2056 2055
f 2053 2057 2056
f 2052 2058 2057
f 2052 2102 2058
f 2052 2057 2053
f 2052 2101 2102
f 2128 2125 2118
f 2128 2129 2126
f 2128 2130 2129
f 2128 2126 2125
f 2131 2133 2132
f 2048 2050 2049
f 2048 2051 2050
f 2048 2052 2051
f 2134 2132 2128
f 2134 2131 2132
f 2047 2052 2048
f 2046 2052 2047
f 2135 2136 2134
f 2137 2135 2134
f 2012 2137 2134
f 2012 2134 2128
f 2042 2044 2043
f 2014 2012 2128
f 2014 2013 2012
f 2041 2044 2042
f 2016 2014 2128
f 2016 2015 2014
f 2038 2040 2039
f 2019 2017 2016
f 2019 2018 2017
f 2036 2040 2038
f 2036 2038 2037
f 2036 2041 2040
f 2035 2052 2046
f 2035 2044 2041
f 2035 2112 2105
f 2035 2041 2036
f 2035 2118 2112
f 2035 2101 2052
f 2035 2105 2101
f 2035 2045 2044
f 2035 2046 2045
f 2023 2019 2016
f 2023 2020 2019
f 2023 2021 2020
f 2023 2022 2021
f 2031 2033 2032
f 2031 2034 2033
f 2025 2024 2023
f 2030 2034 2031
f 2030 2035 2034
f 2029 2035 2030
f 2028 2016 2128
f 2028 2118 2035
f 2028 2023 2016
f 2028 2035 2029
f 2028 2025 2023
f 2028 2128 2118
f 2028 2026 2025
f 2028 2027 2026
f 2138 2140 2139
f 2141 2143 2142
f 2141 2139 2143
f 2144 2146 2145
f 2147 2138 2139
f 2147 2139 2141
f 2148 2145 2138
f 2148 2144 2145
f 2149 2147 2150
f 2151 2152 2148
f 2151 2153 2152
f 2154 2149 2155
f 2154 2147 2149
f 2154 2138 2147
f 2156 2151 2148
f 2157 2156 2148
f 2158 2154 2159
f 2160 2161 2157
f 2162 2158 2163
f 2162 2154 2158
f 2164 2160 2157
f 2165 2167 2166
f 2165 2162 2167
f 2168 2169 2164
f 2168 2170 2169
f 2168 2171 2170
f 2172 2173 2168
f 2172 2164 2157
f 2172 2168 2164
f 2174 2176 2175
f 2174 2177 2176
f 2174 2178 2177
f 2174 2165 2178
f 2174 2154 2162
f 2174 2162 2165
f 2179 2181 2180
f 2182 2174 2183
f 2184 2179 2180
f 2184 2180 2172
f 2185 2172 2157
f 2185 2184 2172
f 2186 2182 2187
f 2188 2189 2185
f 2190 2188 2185
f 2191 2182 2186
f 2191 2193 2192
f 2191 2186 2193
f 2191 2174 2182
f 2194 2190 2185
f 2195 2191 2196
f 2195 2174 2191
f 2197 2194 2185
f 2197 2198 2194
f 2197 2199 2198
f 2197 2200 2199
f 2201 2203 2202
f 2204 2203 2201
f 2205 2206 2197
f 2207 2204 2208
f 2209 2211 2210
f 2212 2207 2213
f 2212 2204 2207
f 2214 2205 2197
f 2214 2210 2205
f 2214 2215 2209
f 2214 2209 2210
f 2216 2218 2217
f 2216 2212 2218
f 2216 2195 2203
f 2216 2203 2204
f 2216 2204 2212
f 2219 2221 2220
f 2222 2216 2223
f 2224 2220 2214
f 2224 2225 2219
f 2224 2226 2225
f 2224 2219 2220
f 2227 2229 2228
f 2227 2222 2229
f 2230 2224 2214
f 2230 2231 2224
f 2232 2227 2233
f 2234 2227 2232
f 2235 2230 2214
f 2235 2236 2230
f 2235 2237 2236
f 2238 2240 2239
f 2241 2240 2238
f 2241 2234 2240
f 2242 2222 2227
f 2242 2154 2174
f 2242 2227 2234
f 2242 2234 2241
f 2242 2195 2216
f 2242 2148 2138
f 2242 2174 2195
f 2242 2138 2154
f 2242 2157 2148
f 2242 2216 2222
f 2242 2241 2243
f 2244 2245 2235
f 2244 2246 2245
f 2244 2247 2246
f 2244 2248 2247
f 2249 2242 2250
f 2251 2252 2244
f 2251 2253 2252
f 2254 2249 2255
f 2256 2251 2244
f 2257 2256 2244
f 2258 2254 2259
f 2260 2249 2254
f 2260 2254 2258
f 2261 2257 2244
f 2261 2262 2257
f 2263 2185 2157
f 2263 2157 2242
f 2263 2235 2214
f 2263 2244 2235
f 2263 2242 2249
f 2263 2197 2185
f 2263 2249 2260
f 2263 2261 2244
f 2263 2214 2197
f 2264 2266 2265
f 2267 2269 2268
f 2270 2272 2271
f 2273 2265 2269
f 2273 2264 2265
f 2273 2269 2267
f 2274 2271 2264
f 2274 2270 2271
f 2275 2273 2276
f 2277 2278 2274
f 2277 2279 2278
f 2280 2275 2281
f 2280 2273 2275
f 2280 2264 2273
f 2282 2277 2274
f 2283 2274 2264
f 2283 2282 2274
f 2284 2280 2285
f 2286 2284 2287
f 2286 2280 2284
f 2288 2289 2283
f 2288 2290 2289
f 2291 2293 2292
f 2291 2286 2293
f 2294 2296 2295
f 2297 2295 2288
f 2297 2294 2295
f 2298 2299 2297
f 2298 2288 2283
f 2298 2297 2288
f 2300 2302 2301
f 2300 2303 2302
f 2300 2304 2303
f 2300 2291 2304
f 2300 2280 2286
f 2300 2286 2291
f 2305 2307 2306
f 2308 2300 2309
f 2310 2298 2283
f 2310 2305 2306
f 2310 2306 2298
f 2310 2311 2305
f 2312 2314 2313
f 2312 2315 2314
f 2312 2308 2315
f 2316 2300 2308
f 2316 2308 2312
f 2317 2319 2318
f 2317 2320 2319
f 2317 2321 2320
f 2322 2316 2323
f 2324 2317 2318
f 2325 2318 2310
f 2325 2324 2318
f 2326 2328 2327
f 2326 2322 2328
f 2326 2300 2316
f 2326 2316 2322
f 2329 2330 2325
f 2329 2331 2330
f 2332 2334 2333
f 2335 2332 2336
f 2335 2326 2334
f 2335 2334 2332
f 2337 2339 2338
f 2337 2340 2339
f 2337 2341 2340
f 2342 2337 2338
f 2343 2345 2344
f 2343 2335 2345
f 2343 2326 2335
f 2346 2343 2347
f 2348 2349 2342
f 2348 2350 2349
f 2348 2351 2350
f 2352 2346 2353
f 2354 2348 2342
f 2355 2346 2352
f 2355 2300 2326
f 2355 2264 2280
f 2355 2326 2343
f 2355 2343 2346
f 2355 2280 2300
f 2356 2357 2354
f 2356 2354 2342
f 2358 2356 2342
f 2359 2361 2360
f 2359 2355 2361
f 2362 2355 2359
f 2363 2364 2358
f 2363 2365 2364
f 2366 2362 2367
f 2368 2362 2366
f 2369 2370 2363
f 2369 2363 2358
f 2371 2368 2372
f 2373 2358 2342
f 2373 2369 2358
f 2373 2338 2329
f 2373 2342 2338
f 2373 2374 2369
f 2375 2377 2376
f 2375 2371 2377
f 2378 2379 2373
f 2378 2380 2379
f 2381 2368 2371
f 2381 2371 2375
f 2381 2362 2368
f 2381 2283 2264
f 2381 2264 2355
f 2381 2355 2362
f 2382 2378 2373
f 2383 2283 2381
f 2384 2383 2385
f 2386 2382 2373
f 2386 2387 2382
f 2386 2388 2387
f 2389 2310 2283
f 2389 2283 2383
f 2389 2386 2373
f 2389 2373 2329
f 2389 2325 2310
f 2389 2329 2325
f 2389 2383 2384
f 2390 2392 2391
f 2393 2394 2390
f 2395 2397 2396
f 2395 2398 2397
f 2395 2391 2398
f 2399 2400 2393
f 2401 2390 2391
f 2401 2399 2393
f 2401 2393 2390
f 2402 2395 2403
f 2402 2391 2395
f 2404 2402 2405
f 2406 2407 2401
f 2406 2408 2407
f 2406 2409 2408
f 2410 2404 2411
f 2410 2402 2404
f 2412 2413 2406
f 2414 2410 2415
f 2416 2417 2412
f 2416 2418 2417
f 2416 2419 2418
f 2416 2420 2419
f 2421 2423 2422
f 2421 2424 2423
f 2421 2414 2424
f 2421 2426 2425
f 2421 2422 2426
f 2421 2410 2414
f 2427 2428 2416
f 2429 2431 2430
f 2432 2433 2427
f 2432 2434 2433
f 2435 2431 2429
f 2435 2421 2431
f 2436 2432 2427
f 2436 2437 2432
f 2438 2410 2421
f 2438 2440 2439
f 2438 2435 2440
f 2438 2402 2410
f 2438 2421 2435
f 2441 2442 2436
f 2443 2438 2444
f 2445 2446 2441
f 2447 2441 2436
f 2447 2436 2427
f 2447 2445 2441
f 2447 2427 2416
f 2448 2443 2449
f 2448 2438 2443
f 2450 2438 2448
f 2451 2452 2447
f 2451 2453 2452
f 2454 2450 2455
f 2454 2438 2450
f 2456 2451 2447
f 2457 2459 2458
f 2457 2454 2459
f 2460 2461 2456
f 2460 2462 2461
f 2463 2447 2416
f 2463 2456 2447
f 2463 2460 2456
f 2464 2466 2465
f 2464 2457 2466
f 2464 2402 2438
f 2464 2401 2391
f 2464 2438 2454
f 2464 2391 2402
f 2464 2454 2457
f 2467 2468 2463
f 2469 2464 2470
f 2471 2472 2467
f 2471 2467 2463
f 2473 2469 2474
f 2473 2464 2469
f 2475 2476 2471
f 2475 2477 2476
f 2475 2471 2463
f 2478 2475 2463
f 2479 2481 2480
f 2479 2473 2481
f 2482 2483 2478
f 2484 2473 2479
f 2484 2479 2485
f 2486 2487 2482
f 2488 2486 2482
f 2488 2489 2486
f 2490 2492 2491
f 2490 2493 2492
f 2490 2484 2493
f 2494 2482 2478
f 2494 2488 2482
f 2494 2478 2463
f 2495 2484 2490
f 2495 2490 2496
f 2497 2495 2498
f 2499 2501 2500
f 2499 2502 2501
f 2503 2499 2500
f 2503 2504 2499
f 2505 2503 2500
f 2506 2484 2495
f 2506 2495 2497
f 2506 2508 2507
f 2506 2509 2508
f 2506 2497 2509
f 2510 2505 2500
f 2511 2510 2500
f 2511 2500 2494
f 2512 2506 2513
f 2514 2473 2484
f 2514 2494 2463
f 2514 2511 2494
f 2514 2463 2416
f 2514 2406 2401
f 2514 2484 2506
f 2514 2412 2406
f 2514 2401 2464
f 2514 2506 2512
f 2514 2416 2412
f 2514 2464 2473
f 2514 2515 2511
f 2516 2518 2517
f 2519 2516 2520
f 2521 2522 2518
f 2521 2523 2522
f 2521 2524 2523
f 2525 2526 2521
f 2527 2529 2528
f 2527 2519 2529
f 2527 2518 2516
f 2527 2516 2519
f 2530 2531 2525
f 2530 2525 2521
f 2532 2534 2533
f 2532 2527 2534
f 2535 2536 2530
f 2535 2537 2536
f 2535 2538 2537
f 2535 2539 2538
f 2540 2542 2541
f 2540 2543 2542
f 2540 2532 2543
f 2544 2545 2535
f 2546 2544 2535
f 2547 2549 2548
f 2547 2540 2549
f 2550 2521 2518
f 2550 2530 2521
f 2550 2535 2530
f 2550 2546 2535
f 2551 2547 2552
f 2553 2554 2550
f 2553 2555 2554
f 2556 2551 2557
f 2556 2547 2551
f 2558 2553 2550
f 2558 2559 2553
f 2560 2556 2561
f 2562 2556 2560
f 2563 2565 2564
f 2566 2562 2567
f 2568 2563 2564
f 2568 2564 2558
f 2568 2569 2563
f 2570 2572 2571
f 2570 2566 2572
f 2570 2562 2566
f 2573 2568 2558
f 2573 2574 2568
f 2575 2576 2573
f 2577 2579 2578
f 2577 2580 2579
f 2581 2558 2550
f 2581 2573 2558
f 2581 2575 2573
f 2581 2582 2575
f 2583 2570 2580
f 2583 2562 2570
f 2583 2580 2577
f 2584 2585 2581
f 2586 2583 2587
f 2588 2589 2584
f 2588 2584 2581
f 2590 2586 2591
f 2590 2583 2586
f 2592 2581 2550
f 2592 2588 2581
f 2592 2550 2518
f 2593 2595 2594
f 2596 2598 2597
f 2596 2599 2598
f 2596 2590 2599
f 2600 2594 2592
f 2600 2593 2594
f 2601 2596 2602
f 2603 2605 2604
f 2603 2606 2605
f 2607 2596 2601
f 2607 2609 2608
f 2607 2601 2609
f 2610 2604 2600
f 2610 2611 2603
f 2610 2603 2604
f 2612 2596 2607
f 2612 2614 2613
f 2612 2615 2614
f 2612 2607 2615
f 2616 2618 2617
f 2619 2616 2617
f 2619 2518 2527
f 2619 2600 2592
f 2619 2617 2610
f 2619 2527 2532
f 2619 2592 2518
f 2619 2532 2540
f 2619 2610 2600
f 2620 2622 2621
f 2620 2612 2622
f 2623 2624 2619
f 2625 2623 2619
f 2626 2625 2619
f 2627 2612 2620
f 2627 2629 2628
f 2627 2620 2629
f 2630 2626 2619
f 2631 2627 2632
f 2633 2634 2630
f 2635 2627 2631
f 2636 2633 2630
f 2637 2635 2638
f 2639 2556 2562
f 2639 2630 2619
f 2639 2547 2556
f 2639 2596 2612
f 2639 2619 2540
f 2639 2612 2627
f 2639 2562 2583
f 2639 2627 2635
f 2639 2635 2637
f 2639 2636 2630
f 2639 2583 2590
f 2639 2640 2636
f 2639 2641 2640
f 2639 2590 2596
f 2639 2540 2547
f 2642 2644 2643
f 2645 2646 2644
f 2647 2648 2645
f 2647 2645 2644
f 2649 2650 2647
f 2651 2653 2652
f 2651 2654 2653
f 2651 2655 2654
f 2651 2642 2655
f 2656 2657 2649
f 2656 2649 2647
f 2658 2660 2659
f 2661 2662 2656
f 2663 2651 2660
f 2663 2660 2658
f 2664 2666 2665
f 2664 2663 2666
f 2664 2651 2663
f 2667 2669 2668
f 2670 2672 2671
f 2670 2668 2672
f 2670 2667 2668
f 2673 2675 2674
f 2673 2664 2675
f 2676 2671 2661
f 2676 2647 2644
f 2676 2661 2656
f 2676 2656 2647
f 2676 2670 2671
f 2677 2673 2678
f 2679 2680 2676
f 2679 2681 2680
f 2682 2677 2683
f 2682 2664 2673
f 2682 2673 2677
f 2684 2679 2676
f 2684 2685 2679
f 2686 2682 2687
f 2688 2689 2684
f 2688 2690 2689
f 2691 2693 2692
f 2694 2695 2688
f 2694 2696 2695
f 2697 2699 2698
f 2700 2693 2691
f 2700 2691 2699
f 2700 2699 2697
f 2701 2702 2694
f 2703 2701 2694
f 2703 2694 2688
f 2704 2705 2703
f 2706 2708 2707
f 2706 2709 2708
f 2706 2700 2709
f 2710 2688 2684
f 2710 2703 2688
f 2710 2711 2704
f 2710 2704 2703
f 2712 2706 2713
f 2714 2715 2710
f 2714 2710 2684
f 2716 2712 2717
f 2716 2700 2706
f 2716 2706 2712
f 2718 2684 2676
f 2718 2714 2684
f 2719 2716 2720
f 2721 2722 2718
f 2723 2721 2718
f 2724 2719 2725
f 2724 2716 2719
f 2726 2644 2642
f 2726 2642 2651
f 2726 2727 2723
f 2726 2718 2676
f 2726 2723 2718
f 2726 2676 2644
f 2728 2724 2729
f 2730 2731 2726
f 2730 2732 2731
f 2733 2735 2734
f 2733 2728 2735
f 2736 2730 2726
f 2737 2736 2726
f 2738 2724 2728
f 2738 2728 2733
f 2738 2733 2739
f 2740 2737 2726
f 2741 2724 2738
f 2741 2738 2742
f 2743 2744 2740
f 2745 2740 2726
f 2745 2664 2682
f 2745 2743 2740
f 2745 2726 2651
f 2745 2651 2664
f 2746 2724 2741
f 2746 2748 2747
f 2746 2741 2748
f 2749 2750 2745
f 2749 2751 2750
f 2752 2749 2745
f 2753 2755 2754
f 2753 2746 2755
f 2756 2682 2686
f 2756 2752 2745
f 2756 2745 2682
f 2757 2753 2758
f 2759 2760 2756
f 2761 2759 2756
f 2761 2762 2759
f 2763 2765 2764
f 2763 2757 2765
f 2766 2686 2693
f 2766 2693 2700
f 2766 2724 2746
f 2766 2746 2753
f 2766 2756 2686
f 2766 2757 2763
f 2766 2753 2757
f 2766 2761 2756
f 2766 2700 2716
f 2766 2767 2761
f 2766 2716 2724
f 2075 2107 1709
f 1716 2075 1709
f 2107 2098 1705
f 1709 2107 1705
f 2098 2099 1701
f 1705 2098 1701
f 2099 2100 1697
f 1701 2099 1697
f 2100 2096 1693
f 1697 2100 1693
f 2096 2092 1689
f 1693 2096 1689
f 2092 2090 1686
f 1689 2092 1686
f 2090 2091 1683
f 1686 2090 1683
f 2091 2085 1679
f 1683 2091 1679
f 2085 2086 1675
f 1679 2085 1675
f 2086 2083 1671
f 1675 2086 1671
f 2083 2084 1667
f 1671 2083 1667
f 2084 2079 1663
f 1667 2084 1663
f 2079 2080 1659
f 1663 2079 1659
f 2080 2077 1656
f 1659 2080 1656
f 2077 2078 1653
f 1656 2077 1653
f 2078 2076 1658
f 1653 2078 1658
f 2076 2082 1661
f 1658 2076 1661
f 1661 2082 1665
f 2082 2081 1665
f 1665 2081 1669
f 2081 2097 1669
f 1669 2097 1673
f 2097 2094 1673
f 1673 2094 1677
f 2094 2088 1677
f 2088 2089 1681
f 1677 2088 1681
f 2089 2087 1684
f 1681 2089 1684
f 2087 2095 1688
f 1684 2087 1688
f 2095 2093 1691
f 1688 2095 1691
f 2093 2122 1695
f 1691 2093 1695
f 2122 2102 1699
f 1695 2122 1699
f 2102 2103 1703
f 1699 2102 1703
f 2103 2104 1707
f 1703 2103 1707
f 2104 2101 1711
f 1707 2104 1711
f 2101 2106 1718
f 1711 2101 1718
f 2106 2105 1720
f 1718 2106 1720
f 2105 2109 1723
f 1720 2105 1723
f 2109 2108 1725
f 1723 2109 1725
f 2108 2111 1728
f 1725 2108 1728
f 2111 2110 1730
f 1728 2111 1730
f 2110 2113 1733
f 1730 2110 1733
f 2113 2112 1736
f 1733 2113 1736
f 2112 2115 1748
f 1736 2112 1748
f 2115 2114 1749
f 1748 2115 1749
f 2114 2117 1750
f 1749 2114 1750
f 1750 2117 1751
f 2117 2116 1751
f 1751 2116 1761
f 2116 2118 1761
f 1761 2118 1762
f 2118 2120 1762
f 1762 2120 1763
f 2120 2121 1763
f 1763 2121 1764
f 2121 2119 1764
f 1764 2119 1765
f 2119 2124 1765
f 1765 2124 1769
f 2124 2123 1769
f 1769 2123 1770
f 2123 2125 1770
f 1770 2125 1771
f 2125 2127 1771
f 1771 2127 1772
f 2127 2126 1772
f 1772 2126 1773
f 2126 2129 1773
f 1773 2129 1774
f 2129 2130 1774
f 1774 2130 1802
f 2130 2128 1802
f 2128 2132 1803
f 1802 2128 1803
f 2132 2133 1804
f 1803 2132 1804
f 2133 2131 1805
f 1804 2133 1805
f 2131 2134 1806
f 1805 2131 1806
f 2134 2136 1807
f 1806 2134 1807
f 2136 2135 1853
f 1807 2136 1853
f 2135 2137 1854
f 1853 2135 1854
f 2137 2012 1855
f 1854 2137 1855
f 2230 2236 1260
f 2236 2237 1261
f 1260 2236 1261
f 2237 2235 1262
f 1261 2237 1262
f 2235 2245 1263
f 1262 2235 1263
f 2245 2246 1264
f 1263 2245 1264
f 2246 2247 1265
f 1264 2246 1265
f 2247 2248 1266
f 1265 2247 1266
f 2248 2244 1267
f 1266 2248 1267
f 2244 2252 1309
f 1267 2244 1309
f 2252 2253 1310
f 1309 2252 1310
f 2253 2251 1311
f 1310 2253 1311
f 2251 2256 1360
f 1311 2251 1360
f 2256 2257 1356
f 1360 2256 1356
f 2257 2262 1353
f 1356 2257 1353
f 2262 2261 1349
f 1353 2262 1349
f 2261 2263 1346
f 1349 2261 1346
f 2263 2260 1342
f 1346 2263 1342
f 2260 2258 1341
f 1342 2260 1341
f 1341 2258 1337
f 2258 2259 1337
f 1337 2259 1334
f 2259 2254 1334
f 1334 2254 1330
f 2254 2255 1330
f 1330 2255 1327
f 2255 2249 1327
f 1327 2249 1323
f 2249 2250 1323
f 2250 2242 1319
f 1323 2250 1319
f 2242 2243 1316
f 1319 2242 1316
f 2243 2241 1315
f 1316 2243 1315
f 2241 2238 1308
f 1315 2241 1308
f 2238 2239 1305
f 1308 2238 1305
f 2239 2240 1301
f 1305 2239 1301
f 2240 2234 1297
f 1301 2240 1297
f 2234 2232 1294
f 1297 2234 1294
f 2232 2233 1291
f 1294 2232 1291
f 2233 2227 1287
f 1291 2233 1287
f 2227 2228 1283
f 1287 2227 1283
f 2228 2229 1282
f 1283 2228 1282
f 2229 2222 1278
f 1282 2229 1278
f 2222 2223 1274
f 1278 2222 1274
f 2223 2216 1270
f 1274 2223 1270
f 2216 2217 1269
f 1270 2216 1269
f 2217 2218 1272
f 1269 2217 1272
f 2218 2212 1276
f 1272 2218 1276
f 2212 2213 1280
f 1276 2212 1280
f 2213 2207 1285
f 1280 2213 1285
f 1285 2207 1289
f 2207 2208 1289
f 1289 2208 1253
f 2208 2204 1253
f 1253 2204 1252
f 2204 2201 1252
f 1252 2201 1242
f 2201 2202 1242
f 1242 2202 1241
f 2202 2203 1241
f 1241 2203 1236
f 2203 2195 1236
f 1236 2195 1232
f 2195 2196 1232
f 1232 2196 1231
f 2196 2191 1231
f 1231 2191 1225
f 2191 2192 1225
f 1225 2192 1216
f 2192 2193 1216
f 1216 2193 1215
f 2193 2186 1215
f 1215 2186 1210
f 2186 2187 1210
f 1210 2187 1209
f 2187 2182 1209
f 2182 2183 1202
f 1209 2182 1202
f 2183 2174 1196
f 1202 2183 1196
f 2174 2175 1195
f 1196 2174 1195
f 2175 2176 1147
f 1195 2175 1147
f 2176 2177 1143
f 1147 2176 1143
f 2177 2178 1136
f 1143 2177 1136
f 2178 2165 1128
f 1136 2178 1128
f 1128 2165 1121
f 2165 2166 1121
f 2166 2167 1112
f 1121 2166 1112
f 2167 2162 1107
f 1112 2167 1107
f 2162 2163 1101
f 1107 2162 1101
f 2163 2158 1093
f 1101 2163 1093
f 2158 2159 1083
f 1093 2158 1083
f 2159 2154 1069
f 1083 2159 1069
f 2154 2155 1067
f 1069 2154 1067
f 2155 2149 1065
f 1067 2155 1065
f 2149 2150 1063
f 1065 2149 1063
f 2150 2147 1061
f 1063 2150 1061
f 2147 2141 1059
f 1061 2147 1059
f 2141 2142 1057
f 1059 2141 1057
f 2142 2143 1055
f 1057 2142 1055
f 2143 2139 1053
f 1055 2143 1053
f 2139 2140 1050
f 1053 2139 1050
f 2140 2138 1051
f 1050 2140 1051
f 2138 2145 1052
f 1051 2138 1052
f 1052 2145 1054
f 2145 2146 1054
f 1054 2146 1056
f 2146 2144 1056
f 1056 2144 1058
f 2144 2148 1058
f 1058 2148 1060
f 2148 2152 1060
f 1060 2152 1062
f 2152 2153 1062
f 2153 2151 1064
f 1062 2153 1064
f 2151 2156 1066
f 1064 2151 1066
f 2156 2157 1068
f 1066 2156 1068
f 2157 2161 1070
f 1068 2157 1070
f 2161 2160 1086
f 1070 2161 1086
f 2160 2164 1097
f 1086 2160 1097
f 2164 2169 1104
f 1097 2164 1104
f 2169 2170 1108
f 1104 2169 1108
f 2170 2171 1115
f 1108 2170 1115
f 2171 2168 1127
f 1115 2171 1127
f 2168 2173 1132
f 1127 2168 1132
f 2173 2172 1139
f 1132 2173 1139
f 2172 2180 1146
f 1139 2172 1146
f 2180 2181 1151
f 1146 2180 1151
f 2181 2179 1155
f 1151 2181 1155
f 2179 2184 1159
f 1155 2179 1159
f 2184 2185 1165
f 1159 2184 1165
f 2185 2189 1169
f 1165 2185 1169
f 2189 2188 1172
f 1169 2189 1172
f 2188 2190 1176
f 1172 2188 1176
f 1176 2190 1180
f 2190 2194 1180
f 1180 2194 1183
f 2194 2198 1183
f 1183 2198 1187
f 2198 2199 1187
f 1187 2199 1192
f 2199 2200 1192
f 1192 2200 1193
f 2200 2197 1193
f 1193 2197 1197
f 2197 2206 1197
f 1197 2206 1200
f 2206 2205 1200
f 1200 2205 1203
f 2205 2210 1203
f 1203 2210 1207
f 2210 2211 1207
f 1207 2211 1219
f 2211 2209 1219
f 1219 2209 1220
f 2209 2215 1220
f 1220 2215 1221
f 2215 2214 1221
f 1221 2214 1222
f 2214 2220 1222
f 2220 2221 1223
f 1222 2220 1223
f 2221 2219 1226
f 1223 2221 1226
f 2219 2225 1246
f 1226 2219 1246
f 2225 2226 1247
f 1246 2225 1247
f 2226 2224 1248
f 1247 2226 1248
f 2224 2231 1249
f 1248 2224 1249
f 2231 2230 1250
f 1249 2231 1250
f 1250 2230 1260
f 2356 2358 1122
f 2358 2364 1123
f 1122 2358 1123
f 2364 2365 1137
f 1123 2364 1137
f 2365 2363 1138
f 1137 2365 1138
f 2363 2370 1148
f 1138 2363 1148
f 2370 2369 1189
f 1148 2370 1189
f 2369 2374 1182
f 1189 2369 1182
f 2374 2373 1175
f 1182 2374 1175
f 2373 2379 1174
f 1175 2373 1174
f 2379 2380 1168
f 1174 2379 1168
f 2380 2378 1167
f 1168 2380 1167
f 2378 2382 1161
f 1167 2378 1161
f 2382 2387 1154
f 1161 2382 1154
f 2387 2388 1153
f 1154 2387 1153
f 2388 2386 1145
f 1153 2388 1145
f 2386 2389 1135
f 1145 2386 1135
f 2389 2384 1134
f 1135 2389 1134
f 2384 2385 1126
f 1134 2384 1126
f 1126 2385 1125
f 2385 2383 1125
f 1125 2383 1009
f 2383 2381 1009
f 1009 2381 1003
f 2381 2375 1003
f 1003 2375 998
f 2375 2376 998
f 998 2376 992
f 2376 2377 992
f 2377 2371 987
f 992 2377 987
f 2371 2372 981
f 987 2371 981
f 2372 2368 976
f 981 2372 976
f 2368 2366 970
f 976 2368 970
f 2366 2367 965
f 970 2366 965
f 2367 2362 959
f 965 2367 959
f 2362 2359 958
f 959 2362 958
f 2359 2360 953
f 958 2359 953
f 2360 2361 946
f 953 2360 946
f 2361 2355 940
f 946 2361 940
f 2355 2352 936
f 940 2355 936
f 2352 2353 929
f 936 2352 929
f 2353 2346 923
f 929 2353 923
f 2346 2347 918
f 923 2346 918
f 2347 2343 911
f 918 2347 911
f 2343 2344 910
f 911 2343 910
f 2344 2345 905
f 910 2344 905
f 2345 2335 899
f 905 2345 899
f 2335 2336 893
f 899 2335 893
f 2336 2332 886
f 893 2336 886
f 886 2332 878
f 2332 2333 878
f 878 2333 868
f 2333 2334 868
f 868 2334 859
f 2334 2326 859
f 859 2326 858
f 2326 2327 858
f 858 2327 855
f 2327 2328 855
f 855 2328 852
f 2328 2322 852
f 852 2322 849
f 2322 2323 849
f 849 2323 846
f 2323 2316 846
f 846 2316 843
f 2316 2312 843
f 843 2312 840
f 2312 2313 840
f 840 2313 803
f 2313 2314 803
f 803 2314 801
f 2314 2315 801
f 801 2315 799
f 2315 2308 799
f 2308 2309 797
f 799 2308 797
f 2309 2300 795
f 797 2309 795
f 2300 2301 793
f 795 2300 793
f 2301 2302 791
f 793 2301 791
f 2302 2303 789
f 791 2302 789
f 2303 2304 787
f 789 2303 787
f 2304 2291 785
f 787 2304 785
f 785 2291 783
f 2291 2292 783
f 2292 2293 781
f 783 2292 781
f 2293 2286 779
f 781 2293 779
f 2286 2287 777
f 779 2286 777
f 2287 2284 775
f 777 2287 775
f 2284 2285 773
f 775 2284 773
f 2285 2280 771
f 773 2285 771
f 2280 2281 769
f 771 2280 769
f 2281 2275 767
f 769 2281 767
f 2275 2276 765
f 767 2275 765
f 2276 2273 763
f 765 2276 763
f 2273 2267 761
f 763 2273 761
f 2267 2268 759
f 761 2267 759
f 2268 2269 757
f 759 2268 757
f 2269 2265 755
f 757 2269 755
f 2265 2266 752
f 755 2265 752
f 2266 2264 753
f 752 2266 753
f 2264 2271 754
f 753 2264 754
f 754 2271 756
f 2271 2272 756
f 756 2272 758
f 2272 2270 758
f 758 2270 760
f 2270 2274 760
f 760 2274 762
f 2274 2278 762
f 762 2278 764
f 2278 2279 764
f 2279 2277 766
f 764 2279 766
f 2277 2282 768
f 766 2277 768
f 2282 2283 770
f 768 2282 770
f 2283 2289 772
f 770 2283 772
f 2289 2290 774
f 772 2289 774
f 2290 2288 776
f 774 2290 776
f 2288 2295 778
f 776 2288 778
f 2295 2296 780
f 778 2295 780
f 2296 2294 782
f 780 2296 782
f 2294 2297 784
f 782 2294 784
f 2297 2299 786
f 784 2297 786
f 2299 2298 788
f 786 2299 788
f 2298 2306 790
f 788 2298 790
f 2306 2307 792
f 790 2306 792
f 2307 2305 794
f 792 2307 794
f 2305 2311 796
f 794 2305 796
f 2311 2310 798
f 796 2311 798
f 2310 2318 800
f 798 2310 800
f 2318 2319 802
f 800 2318 802
f 2319 2320 804
f 802 2319 804
f 804 2320 805
f 2320 2321 805
f 805 2321 806
f 2321 2317 806
f 806 2317 807
f 2317 2324 807
f 807 2324 808
f 2324 2325 808
f 808 2325 809
f 2325 2330 809
f 809 2330 810
f 2330 2331 810
f 810 2331 811
f 2331 2329 811
f 811 2329 812
f 2329 2338 812
f 812 2338 813
f 2338 2339 813
f 813 2339 814
f 2339 2340 814
f 814 2340 815
f 2340 2341 815
f 815 2341 816
f 2341 2337 816
f 816 2337 817
f 2337 2342 817
f 2342 2349 818
f 817 2342 818
f 2349 2350 819
f 818 2349 819
f 2350 2351 820
f 819 2350 820
f 2351 2348 821
f 820 2351 821
f 2348 2354 822
f 821 2348 822
f 2354 2357 823
f 822 2354 823
f 2357 2356 831
f 823 2357 831
f 831 2356 1122
f 2482 2487 1036
f 1034 2482 1036
f 2487 2486 1038
f 1036 2487 1038
f 2486 2489 1205
f 1038 2486 1205
f 2489 2488 1206
f 1205 2489 1206
f 2488 2494 1212
f 1206 2488 1212
f 2494 2500 1213
f 1212 2494 1213
f 2500 2501 1218
f 1213 2500 1218
f 2501 2502 1228
f 1218 2501 1228
f 2502 2499 1229
f 1228 2502 1229
f 2499 2504 1234
f 1229 2499 1234
f 2504 2503 1238
f 1234 2504 1238
f 2503 2505 1239
f 1238 2503 1239
f 2505 2510 1244
f 1239 2505 1244
f 2510 2511 1245
f 1244 2510 1245
f 2511 2515 1255
f 1245 2511 1255
f 2515 2514 1258
f 1255 2515 1258
f 2514 2512 1259
f 1258 2514 1259
f 2512 2513 1381
f 1259 2512 1381
f 1381 2513 1377
f 2513 2506 1377
f 1377 2506 1374
f 2506 2507 1374
f 1374 2507 1371
f 2507 2508 1371
f 1371 2508 1120
f 2508 2509 1120
f 2509 2497 1119
f 1120 2509 1119
f 2497 2498 1049
f 1119 2497 1049
f 2498 2495 1048
f 1049 2498 1048
f 2495 2496 1047
f 1048 2495 1047
f 2496 2490 1046
f 1047 2496 1046
f 2490 2491 1044
f 1046 2490 1044
f 2491 2492 1043
f 1044 2491 1043
f 2492 2493 1045
f 1043 2492 1045
f 2493 2484 1040
f 1045 2493 1040
f 2484 2485 1039
f 1040 2484 1039
f 2485 2479 1041
f 1039 2485 1041
f 2479 2480 1042
f 1041 2479 1042
f 2480 2481 1026
f 1042 2480 1026
f 2481 2473 1023
f 1026 2481 1023
f 2473 2474 1020
f 1023 2473 1020
f 2474 2469 1019
f 1020 2474 1019
f 2469 2470 1013
f 1019 2469 1013
f 2470 2464 1012
f 1013 2470 1012
f 2464 2465 1007
f 1012 2464 1007
f 2465 2466 1004
f 1007 2465 1004
f 1004 2466 999
f 2466 2457 999
f 999 2457 994
f 2457 2458 994
f 994 2458 990
f 2458 2459 990
f 990 2459 985
f 2459 2454 985
f 985 2454 982
f 2454 2455 982
f 982 2455 977
f 2455 2450 977
f 977 2450 972
f 2450 2448 972
f 972 2448 968
f 2448 2449 968
f 968 2449 963
f 2449 2443 963
f 963 2443 960
f 2443 2444 960
f 960 2444 954
f 2444 2438 954
f 954 2438 949
f 2438 2439 949
f 949 2439 944
f 2439 2440 944
f 2440 2435 941
f 944 2440 941
f 2435 2429 937
f 941 2435 937
f 2429 2430 932
f 937 2429 932
f 2430 2431 927
f 932 2430 927
f 2431 2421 924
f 927 2431 924
f 2421 2425 919
f 924 2421 919
f 2425 2426 914
f 919 2425 914
f 2426 2422 908
f 914 2426 908
f 2422 2423 906
f 908 2422 906
f 2423 2424 902
f 906 2423 902
f 2424 2414 900
f 902 2424 900
f 2414 2415 895
f 900 2414 895
f 2415 2410 891
f 895 2415 891
f 2410 2411 888
f 891 2410 888
f 2411 2404 884
f 888 2411 884
f 2404 2405 881
f 884 2404 881
f 2405 2402 879
f 881 2405 879
f 2402 2403 875
f 879 2402 875
f 2403 2395 872
f 875 2403 872
f 2395 2396 870
f 872 2395 870
f 2396 2397 866
f 870 2396 866
f 2397 2398 864
f 866 2397 864
f 2398 2391 861
f 864 2398 861
f 2391 2392 862
f 861 2391 862
f 2392 2390 863
f 862 2392 863
f 2390 2394 865
f 863 2390 865
f 865 2394 869
f 2394 2393 869
f 869 2393 871
f 2393 2400 871
f 871 2400 874
f 2400 2399 874
f 874 2399 876
f 2399 2401 876
f 2401 2407 880
f 876 2401 880
f 2407 2408 883
f 880 2407 883
f 2408 2409 887
f 883 2408 887
f 2409 2406 890
f 887 2409 890
f 2406 2413 894
f 890 2406 894
f 2413 2412 897
f 894 2413 897
f 2412 2417 901
f 897 2412 901
f 2417 2418 903
f 901 2417 903
f 2418 2419 907
f 903 2418 907
f 2419 2420 912
f 907 2419 912
f 2420 2416 915
f 912 2420 915
f 2416 2428 920
f 915 2416 920
f 2428 2427 925
f 920 2428 925
f 2427 2433 930
f 925 2427 930
f 2433 2434 933
f 930 2433 933
f 2434 2432 938
f 933 2434 938
f 2432 2437 942
f 938 2432 942
f 2437 2436 947
f 942 2437 947
f 2436 2442 950
f 947 2436 950
f 2442 2441 955
f 950 2442 955
f 955 2441 961
f 2441 2446 961
f 961 2446 966
f 2446 2445 966
f 966 2445 971
f 2445 2447 971
f 971 2447 974
f 2447 2452 974
f 974 2452 978
f 2452 2453 978
f 978 2453 983
f 2453 2451 983
f 983 2451 988
f 2451 2456 988
f 988 2456 993
f 2456 2461 993
f 993 2461 996
f 2461 2462 996
f 996 2462 1001
f 2462 2460 1001
f 1001 2460 1006
f 2460 2463 1006
f 1006 2463 1011
f 2463 2468 1011
f 1011 2468 1015
f 2468 2467 1015
f 2467 2472 1016
f 1015 2467 1016
f 2472 2471 1018
f 1016 2472 1018
f 2471 2476 1022
f 1018 2471 1022
f 2476 2477 1025
f 1022 2476 1025
f 2477 2475 1028
f 1025 2477 1028
f 2475 2478 1030
f 1028 2475 1030
f 2478 2483 1032
f 1030 2478 1032
f 2483 2482 1034
f 1032 2483 1034
f 2611 2610 1994
f 2004 2611 1994
f 2610 2617 1993
f 1994 2610 1993
f 2617 2618 1995
f 1993 2617 1995
f 2618 2616 1996
f 1995 2618 1996
f 2616 2619 1997
f 1996 2616 1997
f 2619 2624 1986
f 1997 2619 1986
f 2624 2623 1985
f 1986 2624 1985
f 2623 2625 1987
f 1985 2623 1987
f 2625 2626 1988
f 1987 2625 1988
f 2626 2630 1989
f 1988 2626 1989
f 2630 2634 1990
f 1989 2630 1990
f 2634 2633 1982
f 1990 2634 1982
f 2633 2636 1978
f 1982 2633 1978
f 2636 2640 1977
f 1978 2636 1977
f 2640 2641 1979
f 1977 2640 1979
f 2641 2639 1980
f 1979 2641 1980
f 2639 2637 1981
f 1980 2639 1981
f 2637 2638 1970
f 1981 2637 1970
f 1970 2638 1969
f 2638 2635 1969
f 1969 2635 1971
f 2635 2631 1971
f 1971 2631 1972
f 2631 2632 1972
f 1972 2632 1973
f 2632 2627 1973
f 2627 2628 1974
f 1973 2627 1974
f 2628 2629 1963
f 1974 2628 1963
f 2629 2620 1962
f 1963 2629 1962
f 2620 2621 1964
f 1962 2620 1964
f 2621 2622 1965
f 1964 2621 1965
f 2622 2612 1966
f 1965 2622 1966
f 2612 2613 1967
f 1966 2612 1967
f 2613 2614 1955
f 1967 2613 1955
f 2614 2615 1954
f 1955 2614 1954
f 2615 2607 1956
f 1954 2615 1956
f 2607 2608 1957
f 1956 2607 1957
f 2608 2609 1958
f 1957 2608 1958
f 2609 2601 1959
f 1958 2609 1959
f 2601 2602 1948
f 1959 2601 1948
f 2602 2596 1947
f 1948 2602 1947
f 2596 2597 1949
f 1947 2596 1949
f 2597 2598 1950
f 1949 2597 1950
f 2598 2599 1951
f 1950 2598 1951
f 2599 2590 1941
f 1951 2599 1941
f 2590 2591 1940
f 1941 2590 1940
f 1940 2591 1942
f 2591 2586 1942
f 1942 2586 1943
f 2586 2587 1943
f 1943 2587 1933
f 2587 2583 1933
f 1933 2583 1932
f 2583 2577 1932
f 1932 2577 1934
f 2577 2578 1934
f 1934 2578 1935
f 2578 2579 1935
f 1935 2579 1926
f 2579 2580 1926
f 1926 2580 1925
f 2580 2570 1925
f 1925 2570 1927
f 2570 2571 1927
f 1927 2571 1899
f 2571 2572 1899
f 1899 2572 1895
f 2572 2566 1895
f 1895 2566 1885
f 2566 2567 1885
f 1885 2567 1881
f 2567 2562 1881
f 2562 2560 1877
f 1881 2562 1877
f 2560 2561 1870
f 1877 2560 1870
f 2561 2556 1867
f 1870 2561 1867
f 2556 2557 1864
f 1867 2556 1864
f 2557 2551 1860
f 1864 2557 1860
f 2551 2552 1851
f 1860 2551 1851
f 2552 2547 1847
f 1851 2552 1847
f 2547 2548 1844
f 1847 2547 1844
f 2548 2549 1840
f 1844 2548 1840
f 2549 2540 1836
f 1840 2549 1836
f 2540 2541 1830
f 1836 2540 1830
f 2541 2542 1827
f 1830 2541 1827
f 2542 2543 1823
f 1827 2542 1823
f 2543 2532 1820
f 1823 2543 1820
f 2532 2533 1816
f 1820 2532 1816
f 2533 2534 1813
f 1816 2533 1813
f 2534 2527 1809
f 1813 2534 1809
f 2527 2528 1800
f 1809 2527 1800
f 2528 2529 1796
f 1800 2528 1796
f 2529 2519 1792
f 1796 2529 1792
f 2519 2520 1789
f 1792 2519 1789
f 2520 2516 1785
f 1789 2520 1785
f 2516 2517 1781
f 1785 2516 1781
f 2517 2518 1778
f 1781 2517 1778
f 2518 2522 1783
f 1778 2518 1783
f 2522 2523 1787
f 1783 2522 1787
f 1787 2523 1790
f 2523 2524 1790
f 1790 2524 1794
f 2524 2521 1794
f 1794 2521 1798
f 2521 2526 1798
f 1798 2526 1808
f 2526 2525 1808
f 2525 2531 1811
f 1808 2525 1811
f 2531 2530 1815
f 1811 2531 1815
f 2530 2536 1818
f 1815 2530 1818
f 2536 2537 1822
f 1818 2536 1822
f 2537 2538 1825
f 1822 2537 1825
f 2538 2539 1828
f 1825 2538 1828
f 2539 2535 1832
f 1828 2539 1832
f 2535 2545 1838
f 1832 2535 1838
f 2545 2544 1842
f 1838 2545 1842
f 2544 2546 1846
f 1842 2544 1846
f 2546 2550 1849
f 1846 2546 1849
f 2550 2554 1859
f 1849 2550 1859
f 2554 2555 1862
f 1859 2554 1862
f 2555 2553 1865
f 1862 2555 1865
f 2553 2559 1869
f 1865 2553 1869
f 2559 2558 1876
f 1869 2559 1876
f 2558 2564 1879
f 1876 2558 1879
f 2564 2565 1883
f 1879 2564 1883
f 2565 2563 1887
f 1883 2565 1887
f 2563 2569 1897
f 1887 2563 1897
f 1897 2569 1900
f 2569 2568 1900
f 1900 2568 1975
f 2568 2574 1975
f 1975 2574 1976
f 2574 2573 1976
f 1976 2573 1983
f 2573 2576 1983
f 1983 2576 1984
f 2576 2575 1984
f 1984 2575 1991
f 2575 2582 1991
f 1991 2582 1992
f 2582 2581 1992
f 1992 2581 1998
f 2581 2585 1998
f 1998 2585 1999
f 2585 2584 1999
f 1999 2584 2000
f 2584 2589 2000
f 2000 2589 2005
f 2589 2588 2005
f 2005 2588 2006
f 2588 2592 2006
f 2006 2592 2007
f 2592 2594 2007
f 2594 2595 2008
f 2007 2594 2008
f 2595 2593 2009
f 2008 2595 2009
f 2593 2600 2010
f 2009 2593 2010
f 2600 2604 2011
f 2010 2600 2011
f 2604 2605 2002
f 2011 2604 2002
f 2605 2606 2001
f 2002 2605 2001
f 2606 2603 2003
f 2001 2606 2003
f 2603 2611 2004
f 2003 2603 2004
f 2736 2737 1604
f 1598 2736 1604
f 2737 2740 1608
f 1604 2737 1608
f 2740 2744 1611
f 1608 2740 1611
f 2744 2743 1615
f 1611 2744 1615
f 2743 2745 1616
f 1615 2743 1616
f 2745 2750 1625
f 1616 2745 1625
f 2750 2751 1628
f 1625 2750 1628
f 2751 2749 1632
f 1628 2751 1632
f 2749 2752 1638
f 1632 2749 1638
f 2752 2756 1642
f 1638 2752 1642
f 2756 2760 1646
f 1642 2756 1646
f 2760 2759 1740
f 1646 2760 1740
f 2759 2762 1741
f 1740 2759 1741
f 2762 2761 1713
f 1741 2762 1713
f 2761 2767 1712
f 1713 2761 1712
f 2767 2766 1714
f 1712 2767 1714
f 2766 2763 1715
f 1714 2766 1715
f 2763 2764 1649
f 1715 2763 1649
f 1649 2764 1648
f 2764 2765 1648
f 1648 2765 1650
f 2765 2757 1650
f 1650 2757 1651
f 2757 2758 1651
f 1651 2758 1618
f 2758 2753 1618
f 2753 2754 1617
f 1618 2753 1617
f 2754 2755 1619
f 1617 2754 1619
f 2755 2746 1620
f 1619 2755 1620
f 2746 2747 1621
f 1620 2746 1621
f 2747 2748 1580
f 1621 2747 1580
f 2748 2741 1579
f 1580 2748 1579
f 2741 2742 1581
f 1579 2741 1581
f 2742 2738 1582
f 1581 2742 1582
f 2738 2739 1583
f 1582 2738 1583
f 2739 2733 1584
f 1583 2739 1584
f 2733 2734 1536
f 1584 2733 1536
f 2734 2735 1535
f 1536 2734 1535
f 2735 2728 1537
f 1535 2735 1537
f 2728 2729 1538
f 1537 2728 1538
f 2729 2724 1539
f 1538 2729 1539
f 2724 2725 1540
f 1539 2724 1540
f 2725 2719 1485
f 1540 2725 1485
f 2719 2720 1484
f 1485 2719 1484
f 2720 2716 1486
f 1484 2720 1486
f 2716 2717 1487
f 1486 2716 1487
f 1487 2717 1488
f 2717 2712 1488
f 1488 2712 1489
f 2712 2713 1489
f 1489 2713 1473
f 2713 2706 1473
f 1473 2706 1470
f 2706 2707 1470
f 1470 2707 1466
f 2707 2708 1466
f 1466 2708 1465
f 2708 2709 1465
f 1465 2709 1467
f 2709 2700 1467
f 1467 2700 1468
f 2700 2697 1468
f 1468 2697 1459
f 2697 2698 1459
f 1459 2698 1453
f 2698 2699 1453
f 1453 2699 1451
f 2699 2691 1451
f 1451 2691 1448
f 2691 2692 1448
f 1448 2692 1443
f 2692 2693 1443
f 2693 2686 1441
f 1443 2693 1441
f 2686 2687 1437
f 1441 2686 1437
f 2687 2682 1433
f 1437 2687 1433
f 2682 2683 1430
f 1433 2682 1430
f 2683 2677 1425
f 1430 2683 1425
f 2677 2678 1421
f 1425 2677 1421
f 2678 2673 1416
f 1421 2678 1416
f 2673 2674 1412
f 1416 2673 1412
f 2674 2675 1410
f 1412 2674 1410
f 2675 2664 1404
f 1410 2675 1404
f 2664 2665 1401
f 1404 2664 1401
f 2665 2666 1397
f 1401 2665 1397
f 2666 2663 1394
f 1397 2666 1394
f 2663 2658 1390
f 1394 2663 1390
f 2658 2659 1386
f 1390 2658 1386
f 2659 2660 1382
f 1386 2659 1382
f 2660 2651 1379
f 1382 2660 1379
f 2651 2652 1375
f 1379 2651 1375
f 2652 2653 1372
f 1375 2652 1372
f 2653 2654 1368
f 1372 2653 1368
f 2654 2655 1366
f 1368 2654 1366
f 2655 2642 1364
f 1366 2655 1364
f 2642 2643 1362
f 1364 2642 1362
f 2643 2644 1361
f 1362 2643 1361
f 2644 2646 1363
f 1361 2644 1363
f 2646 2645 1365
f 1363 2646 1365
f 1365 2645 1367
f 2645 2648 1367
f 1367 2648 1370
f 2648 2647 1370
f 1370 2647 1373
f 2647 2650 1373
f 1373 2650 1376
f 2650 2649 1376
f 2649 2657 1380
f 1376 2649 1380
f 2657 2656 1385
f 1380 2657 1385
f 2656 2662 1387
f 1385 2656 1387
f 2662 2661 1391
f 1387 2662 1391
f 2661 2671 1395
f 1391 2661 1395
f 2671 2672 1399
f 1395 2671 1399
f 2672 2668 1403
f 1399 2672 1403
f 2668 2669 1406
f 1403 2668 1406
f 2669 2667 1411
f 1406 2669 1411
f 2667 2670 1413
f 1411 2667 1413
f 2670 2676 1418
f 1413 2670 1418
f 2676 2680 1424
f 1418 2676 1424
f 2680 2681 1427
f 1424 2680 1427
f 2681 2679 1431
f 1427 2681 1431
f 2679 2685 1436
f 1431 2679 1436
f 2685 2684 1438
f 1436 2685 1438
f 2684 2689 1442
f 1438 2684 1442
f 2689 2690 1446
f 1442 2689 1446
f 2690 2688 1509
f 1446 2690 1509
f 2688 2695 1513
f 1509 2688 1513
f 1513 2695 1516
f 2695 2696 1516
f 1516 2696 1520
f 2696 2694 1520
f 1520 2694 1524
f 2694 2702 1524
f 1524 2702 1527
f 2702 2701 1527
f 1527 2701 1531
f 2701 2703 1531
f 1531 2703 1534
f 2703 2705 1534
f 1534 2705 1544
f 2705 2704 1544
f 1544 2704 1547
f 2704 2711 1547
f 1547 2711 1548
f 2711 2710 1548
f 1548 2710 1552
f 2710 2715 1552
f 1552 2715 1555
f 2715 2714 1555
f 1555 2714 1559
f 2714 2718 1559
f 1559 2718 1566
f 2718 2722 1566
f 2722 2721 1569
f 1566 2722 1569
f 2721 2723 1573
f 1569 2721 1573
f 2723 2727 1576
f 1573 2723 1576
f 2727 2726 1586
f 1576 2727 1586
f 2726 2731 1587
f 1586 2726 1587
f 2731 2732 1590
f 1587 2731 1590
f 2732 2730 1594
f 1590 2732 1594
f 2730 2736 1598
f 1594 2730 1598
f 1476 1472 2768
f 1472 1464 2768
f 1464 1462 2768
f 1462 1458 2768
f 1458 1450 2768
f 1450 1445 2768
f 1445 1435 2768
f 1435 1423 2768
f 1423 1409 2768
f 1409 1393 2768
f 1393 1384 2768
f 1384 1358 2768
f 1358 1351 2768
f 1351 1344 2768
f 1344 1339 2768
f 1339 1332 2768
f 1332 1325 2769
f 2768 1332 2769
f 1325 1321 2769
f 1321 1313 2769
f 1313 1303 2769
f 1303 1299 2769
f 1299 1256 2769
f 1256 1251 2769
f 1251 1240 2769
f 1240 1235 2769
f 1235 1230 2769
f 1230 1224 2769
f 1224 1214 2769
f 1214 1208 2769
f 1208 1201 2769
f 1201 1194 2769
f 1194 1188 2769
f 2769 1188 2770
f 1188 1181 2770
f 1181 1173 2770
f 1173 1166 2770
f 1166 1160 2770
f 1160 1152 2770
f 1152 1144 2770
f 1144 1133 2770
f 1133 1124 2770
f 1124 1113 2770
f 1113 1105 2770
f 1105 1098 2770
f 1098 1090 2770
f 1090 1084 2770
f 1084 1077 2770
f 1077 1071 2770
f 1071 1075 2770
f 2770 1075 2771
f 1075 1080 2771
f 1080 1087 2771
f 1087 1094 2771
f 1094 1102 2771
f 1102 1109 2771
f 1109 1116 2771
f 1116 1129 2771
f 1129 1140 2771
f 1140 1149 2771
f 1149 1156 2771
f 1156 1162 2771
f 1162 1170 2771
f 1170 1177 2771
f 1177 1184 2771
f 1184 1190 2771
f 1190 1198 2771
f 1198 1204 2772
f 2771 1198 2772
f 1204 1211 2772
f 1211 1217 2772
f 1217 1227 2772
f 1227 1233 2772
f 1233 1237 2772
f 1237 1243 2772
f 1243 1254 2772
f 1254 1257 2772
f 1257 1388 2772
f 1388 1396 2772
f 1396 1400 2772
f 1400 1407 2772
f 1407 1414 2772
f 1414 1419 2772
f 1419 1428 2772
f 2772 1428 2773
f 1428 1432 2773
f 1432 1439 2773
f 1439 1447 2773
f 1447 1500 2773
f 1500 1495 2773
f 1495 1496 2773
f 1496 1502 2773
f 1502 1505 2773
f 1505 1511 2773
f 1511 1518 2773
f 1518 1522 2773
f 1522 1529 2773
f 1529 1542 2773
f 1542 1550 2773
f 1550 1557 2773
f 1557 1561 2773
f 2773 1561 2776
f 1561 1571 2776
f 1571 1578 2776
f 1578 1592 2776
f 1592 1596 2776
f 1596 1606 2776
f 1606 1613 2776
f 1613 1623 2776
f 1623 1630 2776
f 1630 1640 2776
f 1640 1644 2776
f 1644 1812 2776
f 1812 1819 2776
f 1819 1826 2776
f 1826 1829 2776
f 1829 1839 2776
f 1839 1843 2776
f 2776 1843 2774
f 1843 1850 2774
f 1850 1863 2774
f 1863 1866 2774
f 1866 1755 2774
f 1755 1753 2774
f 1753 1746 2774
f 1746 1743 2774
f 1743 1739 2774
f 1739 1735 2774
f 1735 1732 2774
f 1732 1727 2774
f 1727 1722 2774
f 1722 1478 2774
f 1478 1476 2774
f 2774 1476 2768
f 2775 2776 2774
f 2778 2775 2774
f 2776 2777 2773
f 2778 2774 2768
f 2777 2779 2773
f 2778 2768 2780
f 2773 2779 2772
f 2768 2769 2780
f 2772 2779 2781
f 2771 2772 2781
f 2769 2770 2782
f 2770 2771 2783
f 509 2781 465
f 465 2781 464
f 464 2781 463
f 463 2781 461
f 461 2781 460
f 2781 2779 459
f 460 2781 459
f 459 2779 458
f 458 2779 457
f 457 2779 454
f 454 2779 453
f 453 2779 452
f 452 2779 451
f 451 2779 450
f 450 2779 447
f 447 2779 435
f 435 2779 2777
f 2776 2775 2777
f 2777 2775 357
f 357 2775 349
f 349 2775 342
f 342 2775 345
f 345 2775 354
f 354 2775 359
f 359 2775 361
f 361 2775 364
f 364 2775 368
f 368 2775 375
f 375 2775 382
f 382 2775 388
f 388 2775 392
f 392 2775 394
f 2775 2778 2780
f 394 2775 2780
f 2780 2769 455
f 455 2769 489
f 489 2769 492
f 492 2769 496
f 496 2769 500
f 500 2769 505
f 505 2769 507
f 2769 2782 507
f 507 2782 514
f 514 2782 517
f 517 2782 521
f 521 2782 526
f 526 2782 530
f 530 2782 533
f 533 2782 2783
f 2782 2770 2783
f 2783 2771 509
f 2771 2781 509
f 1331 1335 2784
f 2785 1331 2784
f 1335 1338 2786
f 2784 1335 2786
f 1338 1343 2787
f 2786 1338 2787
f 1343 1347 2788
f 2787 1343 2788
f 1347 1350 2789
f 2788 1347 2789
f 1350 1354 2790
f 2789 1350 2790
f 1354 1357 2791
f 2790 1354 2791
f 1357 1369 2792
f 2791 1357 2792
f 1369 1383 2793
f 2792 1369 2793
f 1383 1392 2794
f 2793 1383 2794
f 1392 1402 2795
f 2794 1392 2795
f 1402 1408 2796
f 2795 1402 2796
f 1408 1415 2797
f 2796 1408 2797
f 1415 1422 2798
f 2797 1415 2798
f 1422 1429 2799
f 2798 1422 2799
f 1429 1434 2800
f 2799 1429 2800
f 1434 1440 2801
f 2800 1434 2801
f 2801 1440 2802
f 1440 1444 2802
f 1444 1449 2803
f 2802 1444 2803
f 2803 1449 2804
f 1449 1452 2804
f 1452 1457 2805
f 2804 1452 2805
f 1457 1460 2806
f 2805 1457 2806
f 1460 1461 2807
f 2806 1460 2807
f 1463 1469 2808
f 1461 1463 2808
f 2807 1461 2808
f 1469 1471 2809
f 2808 1469 2809
f 1471 1474 2810
f 2809 1471 2810
f 2810 1474 2811
f 1474 1475 2811
f 2811 1475 2812
f 1475 1477 2812
f 2812 1477 2813
f 1477 1482 2813
f 2813 1482 2814
f 1482 1483 2814
f 2814 1483 2815
f 1483 1717 2815
f 2815 1717 2816
f 1717 1710 2816
f 2816 1710 2817
f 1710 1706 2817
f 2817 1706 2818
f 1706 1702 2818
f 2818 1702 2819
f 1702 1698 2819
f 2819 1698 2820
f 1698 1694 2820
f 2820 1694 2821
f 1694 1690 2821
f 2821 1690 2822
f 1690 1687 2822
f 1687 1680 2823
f 2822 1687 2823
f 1680 1676 2824
f 2823 1680 2824
f 1676 1672 2825
f 2824 1676 2825
f 1672 1668 2826
f 2825 1672 2826
f 1668 1664 2827
f 2826 1668 2827
f 2827 1664 2828
f 1664 1660 2828
f 2828 1660 2829
f 1660 1657 2829
f 2829 1657 2830
f 1657 1654 2830
f 2830 1654 2831
f 1654 1655 2831
f 2831 1655 2832
f 1655 1662 2832
f 2832 1662 2833
f 1662 1666 2833
f 2833 1666 2834
f 1666 1670 2834
f 2834 1670 2835
f 1670 1674 2835
f 2835 1674 2836
f 1674 1678 2836
f 2836 1678 2837
f 1678 1682 2837
f 2837 1682 2838
f 1682 1685 2838
f 2838 1685 2839
f 1685 1692 2839
f 2839 1692 2840
f 1692 1696 2840
f 2840 1696 2841
f 1696 1700 2841
f 2841 1700 2842
f 1700 1704 2842
f 1704 1708 2843
f 2842 1704 2843
f 1708 1636 2844
f 2843 1708 2844
f 2844 1636 2845
f 1636 1635 2845
f 1635 1634 2846
f 2845 1635 2846
f 2846 1634 2847
f 337 2831 2832
f 2831 337 2830
f 337 2832 2833
f 2830 337 2829
f 337 2833 2834
f 339 337 2834
f 2829 337 2828
f 339 2834 2835
f 2828 337 2827
f 339 2835 2836
f 2827 337 2826
f 337 340 2826
f 339 2836 2837
f 2826 340 2825
f 339 2837 2838
f 2825 340 2824
f 339 2838 2839
f 2824 340 2823
f 339 2839 2840
f 2823 340 2822
f 339 2840 2841
f 2822 340 2821
f 339 2841 2842
f 2851 339 2842
f 2821 340 2820
f 2851 2842 2843
f 2820 340 2819
f 2851 2843 2844
f 2819 340 2818
f 340 2848 2818
f 2851 2844 2845
f 2818 2848 2817
f 2851 2845 2846
f 2817 2848 2816
f 2851 2846 2847
f 2816 2848 2815
f 2851 2847 2849
f 2815 2848 2814
f 2851 2849 2850
f 2814 2848 2813
f 2851 2850 2852
f 2860 2851 2852
f 2813 2848 2812
f 2860 2852 2853
f 2812 2848 2811
f 2860 2853 2854
f 2811 2848 2810
f 2848 395 2810
f 2860 2854 2855
f 2810 395 2809
f 2860 2855 2856
f 2809 395 2808
f 2860 2856 2857
f 2808 395 2807
f 2860 2857 2858
f 2807 395 2806
f 2860 2858 2859
f 2806 395 2805
f 2860 2859 2861
f 2870 2860 2861
f 2805 395 2804
f 2870 2861 2862
f 2804 395 2803
f 2870 2862 2863
f 395 2864 2802
f 2803 395 2802
f 2870 2863 2865
f 2802 2864 2801
f 2870 2865 2866
f 2801 2864 2800
f 2866 2867 2870
f 2800 2864 2799
f 2799 2864 2798
f 2867 2868 2870
f 2798 2864 2797
f 2868 2869 2870
f 2796 2797 2864
f 2869 2871 2870
f 2795 2796 2864
f 2871 2872 2880
f 2870 2871 2880
f 2794 2795 2864
f 2872 2873 2880
f 2793 2794 2874
f 2794 2864 2874
f 2873 2875 2880
f 2792 2793 2874
f 2875 2876 2880
f 2791 2792 2874
f 2876 2877 2880
f 2790 2791 2874
f 2877 2878 2880
f 2789 2790 2874
f 2878 2879 2880
f 2788 2789 2874
f 2879 2881 2880
f 2787 2788 2874
f 2881 2882 471
f 2880 2881 471
f 2786 2787 2874
f 2882 2883 471
f 2784 2786 439
f 2786 2874 439
f 2883 2884 471
f 2785 2784 439
f 2884 2885 471
f 2886 2785 439
f 2885 2887 471
f 2888 2886 439
f 2887 2889 471
f 2890 2888 439
f 2889 2891 471
f 2892 2890 439
f 2891 2893 471
f 2894 2892 439
f 2893 2895 466
f 471 2893 466
f 2896 2894 439
f 2895 2897 466
f 2896 439 2898
f 2899 2896 2898
f 2897 2900 466
f 2901 2899 2898
f 466 2900 2902
f 2903 2901 2898
f 2902 2904 480
f 2905 2903 2898
f 2904 2906 480
f 2907 2905 2898
f 2906 2908 480
f 2909 2907 2898
f 2908 2910 480
f 2911 2909 2898
f 2910 2912 480
f 2913 2911 2898
f 2912 2914 480
f 2915 2913 2898
f 2914 2916 480
f 2917 2915 2898
f 2916 2917 480
f 2917 2898 480
f 456 2898 439
f 483 2898 456
f 485 2898 483
f 502 2898 485
f 502 480 2898
f 475 480 478
f 473 480 475
f 473 2902 480
f 473 466 2902
f 468 466 473
f 462 2880 471
f 462 2870 2880
f 462 2860 2870
f 462 2851 2860
f 339 2851 462
f 335 337 339
f 332 337 335
f 371 2848 340
f 378 2848 371
f 385 2848 378
f 395 2848 385
f 395 2874 2864
f 439 2874 395
f 1634 1602 2847
f 1602 1601 2849
f 2847 1602 2849
f 1601 1600 2850
f 2849 1601 2850
f 1600 1564 2852
f 2850 1600 2852
f 1564 1563 2853
f 2852 1564 2853
f 1563 1562 2854
f 2853 1563 2854
f 1562 1493 2855
f 2854 1562 2855
f 1493 1492 2856
f 2855 1493 2856
f 1492 1491 2857
f 2856 1492 2857
f 1491 1490 2858
f 2857 1491 2858
f 1490 1481 2859
f 2858 1490 2859
f 1481 1480 2861
f 2859 1481 2861
f 1480 1479 2862
f 2861 1480 2862
f 1479 1456 2863
f 2862 1479 2863
f 1456 1455 2865
f 2863 1456 2865
f 1455 1454 2866
f 2865 1455 2866
f 1454 1426 2867
f 2866 1454 2867
f 2867 1426 2868
f 1426 1420 2868
f 2868 1420 2869
f 1420 1417 2869
f 2869 1417 2871
f 1417 1405 2871
f 1405 1398 2872
f 2871 1405 2872
f 1398 1389 2873
f 2872 1398 2873
f 1389 1378 2875
f 2873 1389 2875
f 1378 1359 2876
f 2875 1378 2876
f 1359 1355 2877
f 2876 1359 2877
f 1355 1352 2878
f 2877 1355 2878
f 1352 1348 2879
f 2878 1352 2879
f 1348 1345 2881
f 2879 1348 2881
f 2881 1345 2882
f 1345 1340 2882
f 2882 1340 2883
f 1340 1336 2883
f 2883 1336 2884
f 1336 1333 2884
f 2884 1333 2885
f 1333 1329 2885
f 2885 1329 2887
f 1329 1326 2887
f 2887 1326 2889
f 1326 1322 2889
f 2889 1322 2891
f 1322 1318 2891
f 2891 1318 2893
f 1318 1314 2893
f 2893 1314 2895
f 1314 1307 2895
f 2895 1307 2897
f 1307 1304 2897
f 2897 1304 2900
f 1304 1300 2900
f 2900 1300 2902
f 1300 1296 2904
f 2902 1300 2904
f 1296 1293 2906
f 2904 1296 2906
f 1293 1290 2908
f 2906 1293 2908
f 2908 1290 2910
f 1290 1286 2910
f 2910 1286 2912
f 1286 1281 2912
f 2912 1281 2914
f 1281 1277 2914
f 2914 1277 2916
f 1277 1273 2916
f 2916 1273 2917
f 1273 1268 2917
f 2917 1268 2915
f 1268 1271 2915
f 2915 1271 2913
f 1271 1275 2913
f 2913 1275 2911
f 1275 1279 2911
f 2911 1279 2909
f 1279 1284 2909
f 2909 1284 2907
f 1284 1288 2907
f 2907 1288 2905
f 1288 1292 2905
f 2905 1292 2903
f 1292 1295 2903
f 2903 1295 2901
f 1295 1298 2901
f 2901 1298 2899
f 1298 1302 2899
f 2899 1302 2896
f 1302 1306 2896
f 2896 1306 2894
f 1306 1312 2894
f 2894 1312 2892
f 1312 1317 2892
f 1317 1320 2890
f 2892 1317 2890
f 1320 1324 2888
f 2890 1320 2888
f 1324 1328 2886
f 2888 1324 2886
f 1328 1331 2785
f 2886 1328 2785
f 882 889 2918
f 2919 882 2918
f 889 896 2920
f 2918 889 2920
f 896 913 2921
f 2920 896 2921
f 913 916 2922
f 2921 913 2922
f 916 921 2923
f 2922 916 2923
f 921 926 2924
f 2923 921 2924
f 926 931 2925
f 2924 926 2925
f 931 934 2926
f 2925 931 2926
f 934 943 2927
f 2926 934 2927
f 943 948 2928
f 2927 943 2928
f 948 951 2929
f 2928 948 2929
f 951 956 2930
f 2929 951 2930
f 956 962 2931
f 2930 956 2931
f 962 967 2932
f 2931 962 2932
f 967 973 2933
f 2932 967 2933
f 973 979 2934
f 2933 973 2934
f 979 984 2935
f 2934 979 2935
f 2935 984 2936
f 984 989 2936
f 989 995 2937
f 2936 989 2937
f 2937 995 2938
f 995 1000 2938
f 1000 1005 2939
f 2938 1000 2939
f 1005 1010 2940
f 2939 1005 2940
f 1010 1014 2941
f 2940 1010 2941
f 1017 1021 2942
f 1014 1017 2942
f 2941 1014 2942
f 1021 1024 2943
f 2942 1021 2943
f 1024 1027 2944
f 2943 1024 2944
f 2944 1027 2945
f 1027 1029 2945
f 2945 1029 2946
f 1029 1031 2946
f 2946 1031 2947
f 1031 1033 2947
f 2947 1033 2948
f 1033 1035 2948
f 2948 1035 2949
f 1035 1037 2949
f 2949 1037 2950
f 1037 1199 2950
f 2950 1199 2951
f 1199 1191 2951
f 2951 1191 2952
f 1191 1186 2952
f 2952 1186 2953
f 1186 1185 2953
f 2953 1185 2954
f 1185 1179 2954
f 2954 1179 2955
f 1179 1178 2955
f 2955 1178 2956
f 1178 1171 2956
f 1171 1164 2957
f 2956 1171 2957
f 1164 1163 2958
f 2957 1164 2958
f 1163 1158 2959
f 2958 1163 2959
f 1158 1157 2960
f 2959 1158 2960
f 1157 1150 2961
f 2960 1157 2961
f 2961 1150 2962
f 1150 1142 2962
f 2962 1142 2963
f 1142 1141 2963
f 2963 1141 2964
f 1141 1131 2964
f 2964 1131 2965
f 1131 1130 2965
f 2965 1130 2966
f 1130 1118 2966
f 2966 1118 2967
f 1118 1117 2967
f 2967 1117 2968
f 1117 1111 2968
f 2968 1111 2969
f 1111 1110 2969
f 2969 1110 2970
f 1110 1103 2970
f 2970 1103 2971
f 1103 1096 2971
f 2971 1096 2972
f 1096 1095 2972
f 2972 1095 2973
f 1095 1089 2973
f 2973 1089 2974
f 1089 1088 2974
f 2974 1088 2975
f 1088 1082 2975
f 2975 1082 2976
f 1082 1081 2976
f 1081 1076 2977
f 2976 1081 2977
f 1076 1074 2978
f 2977 1076 2978
f 2978 1074 2979
f 1074 1072 2979
f 1072 1073 2980
f 2979 1072 2980
f 2980 1073 2981
f 2982 2965 2966
f 2965 2982 2964
f 2982 2966 2967
f 2964 2982 2963
f 2982 2967 2968
f 509 2982 2968
f 2963 2982 2962
f 509 2968 2969
f 2962 2982 2961
f 509 2969 2970
f 2961 2982 2960
f 2982 2983 2960
f 509 2970 2971
f 2960 2983 2959
f 509 2971 2972
f 2959 2983 2958
f 509 2972 2973
f 2958 2983 2957
f 509 2973 2974
f 2957 2983 2956
f 509 2974 2975
f 2956 2983 2955
f 508 509 2976
f 509 2975 2976
f 2955 2983 2954
f 508 2976 2977
f 2954 2983 2953
f 508 2977 2978
f 2953 2983 2952
f 2983 512 2952
f 508 2978 2979
f 2952 512 2951
f 508 2979 2980
f 2951 512 2950
f 508 2980 2981
f 2950 512 2949
f 508 2981 2984
f 2949 512 2948
f 508 2984 2985
f 2948 512 2947
f 523 508 2986
f 508 2985 2986
f 2947 512 2946
f 523 2986 2987
f 2946 512 2945
f 523 2987 2988
f 2945 512 2944
f 512 2989 2944
f 523 2988 2990
f 2944 2989 2943
f 523 2990 2991
f 2943 2989 2942
f 523 2991 2992
f 2942 2989 2941
f 523 2992 2993
f 2941 2989 2940
f 523 2993 2994
f 2940 2989 2939
f 544 523 2995
f 523 2994 2995
f 2939 2989 2938
f 544 2995 2996
f 2938 2989 2937
f 544 2996 2997
f 2989 2998 2936
f 2937 2989 2936
f 544 2997 2999
f 2936 2998 2935
f 544 2999 3000
f 2935 2998 2934
f 3000 3001 544
f 2934 2998 2933
f 2933 2998 2932
f 3001 3002 544
f 2932 2998 2931
f 3002 3003 544
f 2930 2931 2998
f 3003 3004 544
f 2929 2930 2998
f 3004 3005 554
f 544 3004 554
f 2928 2929 2998
f 3005 3006 554
f 2928 2998 580
f 2927 2928 580
f 3006 3007 554
f 2926 2927 580
f 3007 3008 554
f 2925 2926 580
f 3008 3009 554
f 2924 2925 580
f 3009 3010 554
f 2923 2924 580
f 3010 3011 554
f 2922 2923 580
f 3011 3012 554
f 2921 2922 580
f 3012 3013 569
f 554 3012 569
f 2920 2921 580
f 3013 3014 569
f 2920 580 599
f 2918 2920 599
f 3014 3015 569
f 2919 2918 599
f 3015 3016 569
f 3017 2919 599
f 3016 3018 569
f 3019 3017 599
f 3018 3020 569
f 3021 3019 599
f 3020 3022 569
f 3023 3021 599
f 3022 3024 569
f 3025 3023 599
f 3024 3026 3047
f 569 3024 3047
f 3027 3025 599
f 3026 3028 3047
f 3027 599 3029
f 3030 3027 3029
f 3028 3031 3047
f 3032 3030 3029
f 3031 3033 3047
f 3034 3032 3029
f 3033 3035 3047
f 3036 3034 3029
f 3035 3037 3047
f 3038 3036 3029
f 3037 3039 3047
f 3040 3038 3029
f 3039 3041 3047
f 3042 3040 3029
f 3041 3043 3047
f 3044 3042 3029
f 3043 3045 3047
f 3046 3044 3047
f 3044 3029 3047
f 3045 3048 3047
f 3049 3046 3047
f 3048 3049 3047
f 635 3029 599
f 635 3047 3029
f 569 3047 635
f 566 554 569
f 563 554 566
f 560 554 563
f 557 554 560
f 541 523 544
f 538 523 541
f 536 523 538
f 509 2983 2982
f 510 512 2983
f 511 512 510
f 540 2989 512
f 543 2989 540
f 545 2989 543
f 545 2998 2989
f 547 2998 545
f 548 2998 547
f 549 2998 548
f 580 2998 549
f 1073 1078 2981
f 1078 1079 2984
f 2981 1078 2984
f 1079 1085 2985
f 2984 1079 2985
f 1085 1091 2986
f 2985 1085 2986
f 1091 1092 2987
f 2986 1091 2987
f 1092 1099 2988
f 2987 1092 2988
f 1099 1100 2990
f 2988 1099 2990
f 1100 1106 2991
f 2990 1100 2991
f 1106 1114 2992
f 2991 1106 2992
f 1114 1008 2993
f 2992 1114 2993
f 1008 1002 2994
f 2993 1008 2994
f 1002 997 2995
f 2994 1002 2995
f 997 991 2996
f 2995 997 2996
f 991 986 2997
f 2996 991 2997
f 986 980 2999
f 2997 986 2999
f 980 975 3000
f 2999 980 3000
f 975 969 3001
f 3000 975 3001
f 3001 969 3002
f 969 964 3002
f 3002 964 3003
f 964 957 3003
f 3003 957 3004
f 957 952 3004
f 952 945 3005
f 3004 952 3005
f 945 939 3006
f 3005 945 3006
f 939 935 3007
f 3006 939 3007
f 935 928 3008
f 3007 935 3008
f 928 922 3009
f 3008 928 3009
f 922 917 3010
f 3009 922 3010
f 917 909 3011
f 3010 917 3011
f 909 904 3012
f 3011 909 3012
f 3012 904 3013
f 904 898 3013
f 3013 898 3014
f 898 892 3014
f 3014 892 3015
f 892 885 3015
f 3015 885 3016
f 885 877 3016
f 3016 877 3018
f 877 867 3018
f 3018 867 3020
f 867 857 3020
f 3020 857 3022
f 857 854 3022
f 3022 854 3024
f 854 851 3024
f 3024 851 3026
f 851 848 3026
f 3026 848 3028
f 848 845 3028
f 3028 845 3031
f 845 842 3031
f 3031 842 3033
f 842 839 3035
f 3033 842 3035
f 839 837 3037
f 3035 839 3037
f 837 835 3039
f 3037 837 3039
f 3039 835 3041
f 835 833 3041
f 3041 833 3043
f 833 830 3043
f 3043 830 3045
f 830 828 3045
f 3045 828 3048
f 828 826 3048
f 3048 826 3049
f 826 825 3049
f 3049 825 3046
f 825 824 3046
f 3046 824 3044
f 824 827 3044
f 3044 827 3042
f 827 829 3042
f 3042 829 3040
f 829 832 3040
f 3040 832 3038
f 832 834 3038
f 3038 834 3036
f 834 836 3036
f 3036 836 3034
f 836 838 3034
f 3034 838 3032
f 838 841 3032
f 3032 841 3030
f 841 844 3030
f 3030 844 3027
f 844 847 3027
f 3027 847 3025
f 847 850 3025
f 3025 850 3023
f 850 853 3023
f 853 856 3021
f 3023 853 3021
f 856 860 3019
f 3021 856 3019
f 860 873 3017
f 3019 860 3017
f 873 882 2919
f 3017 873 2919
f 1554 1558 3050
f 3051 1554 3050
f 1558 1565 3052
f 3050 1558 3052
f 1565 1568 3053
f 3052 1565 3053
f 1568 1572 3054
f 3053 1568 3054
f 1572 1575 3055
f 3054 1572 3055
f 1575 1585 3056
f 3055 1575 3056
f 1585 1589 3057
f 3056 1585 3057
f 1589 1593 3058
f 3057 1589 3058
f 1593 1597 3059
f 3058 1593 3059
f 1597 1603 3060
f 3059 1597 3060
f 1603 1607 3061
f 3060 1603 3061
f 1607 1610 3062
f 3061 1607 3062
f 1610 1614 3063
f 3062 1610 3063
f 1614 1624 3064
f 3063 1614 3064
f 1624 1627 3065
f 3064 1624 3065
f 1627 1631 3066
f 3065 1627 3066
f 1631 1637 3067
f 3066 1631 3067
f 3067 1637 3068
f 1637 1641 3068
f 1641 1645 3069
f 3068 1641 3069
f 3069 1645 3070
f 1645 1760 3070
f 1760 1758 3071
f 3070 1760 3071
f 1758 1759 3072
f 3071 1758 3072
f 1759 1768 3073
f 3072 1759 3073
f 1768 1766 3074
f 3073 1768 3074
f 1766 1767 3075
f 3074 1766 3075
f 1767 1777 3076
f 3075 1767 3076
f 1777 1775 3077
f 3076 1777 3077
f 3077 1775 3078
f 1775 1776 3078
f 3078 1776 3079
f 1776 1835 3079
f 3079 1835 3080
f 1835 1833 3080
f 3080 1833 3081
f 1833 1834 3081
f 3081 1834 3082
f 1834 1875 3082
f 3082 1875 3083
f 1875 1874 3083
f 3083 1874 3084
f 1874 1872 3084
f 3084 1872 3085
f 1872 1873 3085
f 3085 1873 3086
f 1873 1904 3086
f 3086 1904 3087
f 1904 1902 3087
f 3087 1902 3088
f 1902 1903 3088
f 1903 1913 3089
f 3088 1903 3089
f 1913 1911 3090
f 3089 1913 3090
f 1911 1912 3091
f 3090 1911 3091
f 1912 1920 3092
f 3091 1912 3092
f 3092 1920 3093
f 1920 1919 3093
f 3093 1919 3094
f 1919 1896 3094
f 3094 1896 3095
f 1896 1886 3095
f 3095 1886 3096
f 1886 1882 3096
f 3096 1882 3097
f 1882 1878 3097
f 3097 1878 3098
f 1878 1871 3098
f 3098 1871 3099
f 1871 1868 3099
f 3099 1868 3100
f 1868 1861 3100
f 3100 1861 3101
f 1861 1852 3101
f 3101 1852 3102
f 1852 1848 3102
f 3102 1848 3103
f 1848 1845 3103
f 3103 1845 3104
f 1845 1841 3104
f 3104 1841 3105
f 1841 1837 3105
f 3105 1837 3106
f 1837 1831 3106
f 3106 1831 3107
f 1831 1824 3107
f 3107 1824 3108
f 1824 1821 3108
f 1821 1817 3109
f 3108 1821 3109
f 1817 1814 3110
f 3109 1817 3110
f 1814 1810 3111
f 3110 1814 3111
f 1810 1801 3112
f 3111 1810 3112
f 1801 1797 3113
f 3112 1801 3113
f 3114 3097 3098
f 3097 3114 3096
f 3114 3098 3099
f 3096 3114 3095
f 3114 3099 3100
f 298 3114 3100
f 3095 3114 3094
f 298 3100 3101
f 3094 3114 3093
f 298 3101 3102
f 3093 3114 3092
f 3114 320 3092
f 298 3102 3103
f 3092 320 3091
f 298 3103 3104
f 3091 320 3090
f 298 3104 3105
f 3090 320 3089
f 298 3105 3106
f 3089 320 3088
f 298 3106 3107
f 3088 320 3087
f 3118 298 3108
f 298 3107 3108
f 3087 320 3086
f 3118 3108 3109
f 3086 320 3085
f 3118 3109 3110
f 3085 320 3084
f 320 3115 3084
f 3118 3110 3111
f 3084 3115 3083
f 3118 3111 3112
f 3083 3115 3082
f 3118 3112 3113
f 3082 3115 3081
f 3118 3113 3116
f 3081 3115 3080
f 3118 3116 3117
f 3080 3115 3079
f 318 3118 3119
f 3118 3117 3119
f 3079 3115 3078
f 318 3119 3120
f 3078 3115 3077
f 318 3120 3121
f 3077 3115 3076
f 3115 3122 3076
f 318 3121 3123
f 3076 3122 3075
f 318 3123 3124
f 3075 3122 3074
f 318 3124 3125
f 3074 3122 3073
f 318 3125 3126
f 3073 3122 3072
f 318 3126 3127
f 3072 3122 3071
f 318 3127 3128
f 3136 318 3128
f 3071 3122 3070
f 3136 3128 3129
f 3070 3122 3069
f 3136 3129 3130
f 3122 330 3068
f 3069 3122 3068
f 3136 3130 3131
f 3068 330 3067
f 3136 3131 3132
f 3067 330 3066
f 3132 3133 3136
f 3066 330 3065
f 3065 330 3064
f 3133 3134 3136
f 3064 330 3063
f 3134 3135 3136
f 3062 3063 330
f 3135 3137 3136
f 3061 3062 330
f 3137 3138 3146
f 3136 3137 3146
f 3060 3061 330
f 3138 3139 3146
f 3060 330 3140
f 3059 3060 3140
f 3139 3141 3146
f 3058 3059 3140
f 3141 3142 3146
f 3057 3058 3140
f 3142 3143 3146
f 3056 3057 3140
f 3143 3144 3146
f 3055 3056 3140
f 3144 3145 3146
f 3054 3055 3140
f 3145 3147 3146
f 3053 3054 3140
f 3146 3147 3159
f 3147 3148 3159
f 3052 3053 3140
f 3148 3149 3159
f 3050 3052 411
f 3052 3140 411
f 3149 3150 3159
f 3051 3050 411
f 3150 3151 3159
f 3152 3051 411
f 3151 3153 3159
f 3154 3152 411
f 3153 3155 3159
f 3156 3154 411
f 3155 3157 3159
f 3158 3156 411
f 3157 3160 3159
f 3161 3158 411
f 3160 3162 3182
f 3159 3160 3182
f 3163 3161 411
f 3162 3164 3182
f 3163 411 440
f 3165 3163 440
f 3164 3166 3182
f 3167 3165 440
f 3166 3168 3182
f 3169 3167 440
f 3168 3170 3182
f 3171 3169 440
f 3170 3172 3182
f 3173 3171 440
f 3172 3174 3182
f 3175 3173 440
f 3174 3176 3182
f 3177 3175 440
f 3176 3178 3182
f 3179 3177 440
f 3178 3180 3182
f 3181 3179 3182
f 3179 440 3182
f 3180 3183 3182
f 3184 3181 3182
f 3183 3184 3182
f 436 440 442
f 2777 440 436
f 2777 3182 440
f 2777 3159 3182
f 2777 3146 3159
f 3136 3146 2777
f 329 318 3136
f 325 318 329
f 322 318 325
f 310 3118 313
f 308 3118 310
f 305 3118 308
f 302 3118 305
f 302 298 3118
f 300 298 302
f 320 3114 298
f 320 3122 3115
f 330 3122 320
f 1797 1793 3116
f 3113 1797 3116
f 1793 1786 3117
f 3116 1793 3117
f 1786 1782 3119
f 3117 1786 3119
f 1782 1779 3120
f 3119 1782 3120
f 1779 1780 3121
f 3120 1779 3121
f 1780 1784 3123
f 3121 1780 3123
f 1784 1788 3124
f 3123 1784 3124
f 1788 1791 3125
f 3124 1788 3125
f 1791 1795 3126
f 3125 1791 3126
f 1795 1799 3127
f 3126 1795 3127
f 1799 1652 3128
f 3127 1799 3128
f 1652 1647 3129
f 3128 1652 3129
f 1647 1643 3130
f 3129 1647 3130
f 1643 1639 3131
f 3130 1643 3131
f 1639 1633 3132
f 3131 1639 3132
f 1633 1629 3133
f 3132 1633 3133
f 1629 1626 3134
f 3133 1629 3134
f 3134 1626 3135
f 1626 1622 3135
f 1622 1612 3137
f 3135 1622 3137
f 1612 1609 3138
f 3137 1612 3138
f 1609 1605 3139
f 3138 1609 3139
f 1605 1599 3141
f 3139 1605 3141
f 1599 1595 3142
f 3141 1599 3142
f 1595 1591 3143
f 3142 1595 3143
f 1591 1588 3144
f 3143 1591 3144
f 1588 1577 3145
f 3144 1588 3145
f 1577 1574 3147
f 3145 1577 3147
f 1574 1570 3148
f 3147 1574 3148
f 3148 1570 3149
f 1570 1567 3149
f 3149 1567 3150
f 1567 1560 3150
f 3150 1560 3151
f 1560 1556 3151
f 3151 1556 3153
f 1556 1553 3153
f 3153 1553 3155
f 1553 1549 3155
f 3155 1549 3157
f 1549 1545 3157
f 3157 1545 3160
f 1545 1541 3160
f 3160 1541 3162
f 1541 1532 3162
f 3162 1532 3164
f 1532 1528 3164
f 3164 1528 3166
f 1528 1525 3166
f 1525 1521 3168
f 3166 1525 3168
f 1521 1517 3170
f 3168 1521 3170
f 1517 1514 3172
f 3170 1517 3172
f 1514 1510 3174
f 3172 1514 3174
f 3174 1510 3176
f 1510 1507 3176
f 3176 1507 3178
f 1507 1504 3178
f 3178 1504 3180
f 1504 1501 3180
f 3180 1501 3183
f 1501 1498 3183
f 3183 1498 3184
f 1498 1494 3184
f 3184 1494 3181
f 1494 1497 3181
f 3181 1497 3179
f 1497 1499 3179
f 3179 1499 3177
f 1499 1503 3177
f 3177 1503 3175
f 1503 1506 3175
f 3175 1506 3173
f 1506 1508 3173
f 3173 1508 3171
f 1508 1512 3171
f 3171 1512 3169
f 1512 1515 3169
f 3169 1515 3167
f 1515 1519 3167
f 3167 1519 3165
f 1519 1523 3165
f 3165 1523 3163
f 1523 1526 3163
f 3163 1526 3161
f 1526 1530 3161
f 3161 1530 3158
f 1530 1533 3158
f 1533 1543 3156
f 3158 1533 3156
f 1543 1546 3154
f 3156 1543 3154
f 1546 1551 3152
f 3154 1546 3152
f 1551 1554 3051
f 3152 1551 3051
f 3186 3187 479
f 467 3188 3214
f 467 3214 469
f 470 3188 467
f 470 3189 3188
f 472 3190 3189
f 472 3189 470
f 474 3191 3190
f 474 3190 472
f 476 3192 3191
f 476 3191 474
f 477 3193 3192
f 477 3192 476
f 479 3187 3193
f 479 3193 477
f 3214 3188 3187
f 3188 3189 3187
f 3189 3190 3187
f 3190 3191 3187
f 3191 3192 3187
f 3192 3193 3187
f 3194 3196 3195
f 3196 3197 3195
f 3197 3198 3195
f 3195 3198 3199
f 3185 3195 3199
f 3198 3200 3199
f 3199 3202 3201
f 3185 3199 3203
f 3199 3201 3203
f 3201 3204 3203
f 3185 3203 3205
f 3206 3208 3207
f 3209 3206 3210
f 3206 3207 3210
f 3209 3210 3211
f 3205 3209 3212
f 3209 3211 3212
f 3205 3212 3213
f 3186 3185 3213
f 3185 3205 3213
f 3187 3186 3214
f 3213 3216 3215
f 3216 3217 3215
f 3217 3218 3215
f 3218 3219 3215
f 3219 3220 3215
f 3220 3221 3215
f 3221 3222 3215
f 3222 3223 3215
f 3223 3224 3215
f 3224 3225 3215
f 3225 3226 3215
f 3226 3227 3215
f 3227 3228 3215
f 3228 3229 3215
f 3229 3230 3215
f 3230 3231 3215
f 3231 3232 3215
f 3232 3233 3215
f 3233 3234 3215
f 3213 3215 555
f 3186 3213 555
f 3214 3186 618
f 3186 555 618
f 618 555 3235
f 555 3236 3235
f 3236 3237 3235
f 3237 3238 3235
f 3238 3239 3235
f 3239 3240 3235
f 3240 3241 3235
f 3241 3242 3235
f 3242 3243 3235
f 3243 3244 3235
f 3244 3245 3235
f 3245 3246 3235
f 3246 3247 3235
f 3247 3248 3235
f 3248 3249 3235
f 3249 3250 3235
f 3250 3251 3235
f 3251 3252 3235
f 3252 3253 3235
f 3253 3254 3235
f 3254 3255 3235
f 3255 3256 3235
f 3256 3257 3235
f 3257 3258 3235
f 3258 3259 3235
f 3259 3260 3235
f 3260 3261 3235
f 3235 3261 3262
f 3235 3262 3263
f 3264 3235 3265
f 3235 3263 3266
f 3265 3235 3267
f 3235 3266 3268
f 3267 3235 3269
f 3235 3268 3270
f 3269 3235 3271
f 3235 3270 3272
f 3271 3235 3273
f 3235 3272 3274
f 3273 3235 3275
f 3235 3274 3276
f 3275 3235 3277
f 3235 3276 3278
f 3277 3235 3279
f 3235 3278 3280
f 3279 3235 3280
f 513 3216 3213
f 515 3217 3216
f 515 3216 513
f 516 3218 3217
f 516 3217 515
f 518 3219 3218
f 518 3218 516
f 519 3220 3219
f 519 3219 518
f 520 3221 3220
f 520 3220 519
f 522 3222 3221
f 522 3221 520
f 524 3223 3222
f 524 3222 522
f 525 3224 3223
f 525 3223 524
f 527 3225 3224
f 527 3224 525
f 528 3226 3225
f 528 3225 527
f 529 3226 528
f 529 3227 3226
f 529 3228 3227
f 531 3228 529
f 531 3229 3228
f 532 3229 531
f 532 3230 3229
f 534 3230 532
f 534 3231 3230
f 535 3231 534
f 535 3232 3231
f 539 3232 535
f 539 3233 3232
f 537 3233 539
f 537 3234 3233
f 542 3234 537
f 542 3215 3234
f 555 3215 542
f 556 3236 555
f 559 3237 3236
f 559 3236 556
f 561 3238 3237
f 561 3237 559
f 562 3239 3238
f 562 3238 561
f 564 3240 3239
f 564 3239 562
f 565 3241 3240
f 565 3240 564
f 567 3242 3241
f 567 3241 565
f 568 3243 3242
f 568 3242 567
f 614 3244 3243
f 614 3243 568
f 613 3245 3244
f 613 3244 614
f 611 3246 3245
f 611 3245 613
f 610 3247 3246
f 610 3246 611
f 609 3248 3247
f 609 3247 610
f 608 3249 3248
f 608 3248 609
f 606 3250 3249
f 606 3249 608
f 605 3251 3250
f 605 3250 606
f 604 3252 3251
f 604 3251 605
f 603 3253 3252
f 603 3252 604
f 602 3254 3253
f 602 3253 603
f 601 3255 3254
f 601 3256 3255
f 601 3254 602
f 598 3257 3256
f 598 3256 601
f 597 3258 3257
f 597 3257 598
f 596 3258 597
f 596 3259 3258
f 595 3259 596
f 595 3260 3259
f 594 3260 595
f 594 3261 3260
f 593 3261 594
f 593 3262 3261
f 592 3262 593
f 592 3263 3262
f 590 3263 592
f 590 3266 3263
f 589 3266 590
f 589 3268 3266
f 588 3268 589
f 588 3270 3268
f 587 3272 3270
f 587 3270 588
f 586 3274 3272
f 586 3272 587
f 585 3276 3274
f 585 3274 586
f 584 3278 3276
f 584 3276 585
f 583 3280 3278
f 583 3278 584
f 582 3279 3280
f 582 3280 583
f 575 3277 3279
f 575 3279 582
f 574 3275 3277
f 574 3277 575
f 573 3273 3275
f 573 3275 574
f 572 3271 3273
f 572 3273 573
f 570 3269 3271
f 570 3271 572
f 579 3267 3269
f 579 3269 570
f 578 3265 3267
f 578 3267 579
f 577 3264 3265
f 577 3265 578
f 576 3235 3264
f 576 3264 577
f 618 3235 576
f 469 3214 618
f 487 3185 3186
f 487 3195 3185
f 484 3194 3195
f 484 3195 487
f 481 3196 3194
f 481 3194 484
f 482 3197 3196
f 482 3196 481
f 486 3198 3197
f 486 3197 482
f 488 3200 3198
f 488 3198 486
f 490 3199 3200
f 490 3202 3199
f 490 3200 488
f 491 3201 3202
f 491 3202 490
f 493 3204 3201
f 493 3201 491
f 494 3203 3204
f 494 3204 493
f 495 3205 3203
f 495 3203 494
f 497 3209 3205
f 497 3205 495
f 498 3209 497
f 498 3206 3209
f 499 3206 498
f 499 3208 3206
f 501 3208 499
f 501 3207 3208
f 503 3207 501
f 503 3210 3207
f 504 3210 503
f 504 3211 3210
f 506 3211 504
f 506 3212 3211
f 513 3212 506
f 513 3213 3212
f 161 27 438
f 403 28 69
f 401 29 28
f 401 28 403
f 399 30 29
f 399 29 401
f 397 31 30
f 397 30 399
f 400 32 31
f 400 31 397
f 402 33 32
f 402 32 400
f 404 34 33
f 404 33 402
f 405 35 34
f 405 34 404
f 406 36 35
f 406 35 405
f 407 37 36
f 407 36 406
f 409 38 37
f 409 37 407
f 410 39 38
f 410 38 409
f 412 39 410
f 412 40 39
f 413 40 412
f 413 41 40
f 414 41 413
f 414 42 41
f 415 42 414
f 415 43 42
f 416 43 415
f 416 44 43
f 418 44 416
f 418 45 44
f 419 45 418
f 419 46 45
f 420 46 419
f 420 47 46
f 421 47 420
f 421 48 47
f 422 49 48
f 422 48 421
f 423 50 49
f 423 49 422
f 424 51 50
f 424 50 423
f 425 52 51
f 425 51 424
f 426 53 52
f 426 52 425
f 428 54 53
f 428 53 426
f 429 55 54
f 429 54 428
f 430 56 55
f 430 55 429
f 431 57 56
f 431 56 430
f 432 58 57
f 432 57 431
f 433 59 58
f 433 58 432
f 434 60 59
f 434 59 433
f 437 61 60
f 437 60 434
f 438 61 437
f 438 27 61
f 449 67 26
f 449 26 25
f 448 68 67
f 448 67 449
f 446 66 68
f 446 68 448
f 445 63 66
f 445 62 63
f 445 66 446
f 444 64 62
f 444 62 445
f 443 65 64
f 443 64 444
f 441 69 65
f 441 65 443
f 403 69 441
f 321 3353 319
f 324 3281 321
f 324 3282 3281
f 323 3283 3282
f 323 3282 324
f 327 3284 3283
f 327 3283 323
f 326 3285 3284
f 326 3284 327
f 328 3286 3285
f 328 3285 326
f 352 3287 3286
f 352 3286 328
f 351 3288 3287
f 351 3287 352
f 350 3289 3288
f 350 3288 351
f 344 3290 3289
f 344 3291 3290
f 344 3289 350
f 343 3292 3291
f 343 3291 344
f 341 3293 3292
f 341 3292 343
f 348 3294 3293
f 348 3293 341
f 347 3294 348
f 347 3295 3294
f 346 3295 347
f 346 3296 3295
f 356 3296 346
f 356 3297 3296
f 355 3297 356
f 355 3298 3297
f 353 3298 355
f 353 3299 3298
f 360 3299 353
f 360 3300 3299
f 358 3300 360
f 358 3301 3300
f 362 3301 358
f 362 3397 3301
f 3302 3304 3303
f 3302 3303 3305
f 3302 3305 3306
f 3306 3308 3307
f 3302 3306 3307
f 3307 3310 3309
f 3302 3307 3309
f 3302 3309 3311
f 3311 3313 3312
f 3302 3311 3314
f 3311 3312 3314
f 3302 3314 3315
f 3302 3315 3316
f 3316 3318 3317
f 3318 3319 3317
f 3302 3316 3320
f 3316 3317 3320
f 3321 3323 3322
f 3321 3322 3324
f 3320 3325 3324
f 3325 3321 3324
f 3324 3327 3326
f 3320 3324 3328
f 3324 3326 3328
f 3326 3329 3328
f 3328 3331 3330
f 3328 3330 3332
f 3302 3320 3333
f 3320 3328 3333
f 3328 3332 3333
f 3333 3335 3334
f 3333 3334 3336
f 3336 3338 3337
f 3338 3339 3337
f 3339 3340 3337
f 3333 3336 3341
f 3336 3337 3341
f 3342 3344 3343
f 3341 3342 3345
f 3342 3343 3345
f 3333 3341 3346
f 3341 3345 3346
f 3346 3348 3347
f 3347 3350 3349
f 3333 3346 3349
f 3346 3347 3349
f 3302 3333 3351
f 3333 3349 3351
f 3302 3351 3352
f 3302 3352 3353
f 208 3302 3353
f 3354 3356 3355
f 3355 3356 3357
f 3357 3356 3358
f 3358 3356 3359
f 3359 3356 3360
f 3360 3356 3361
f 3361 3356 3362
f 208 3353 321
f 3362 3356 3363
f 3363 3356 3364
f 3364 3356 3365
f 3365 3356 3366
f 3366 3356 3367
f 3367 3356 3368
f 3368 3356 3369
f 3369 3356 3370
f 3370 3356 3371
f 3371 3356 3372
f 3372 3356 3373
f 3373 3356 3374
f 3374 3356 3375
f 3375 3356 3376
f 3376 3356 3377
f 3377 3356 3378
f 3378 3356 3379
f 3379 3356 3380
f 3380 3356 3381
f 3381 3356 3382
f 3382 3356 3383
f 3383 3356 3384
f 3384 3356 3385
f 3385 3356 3386
f 3386 3356 3387
f 3387 3356 3388
f 3388 3356 3389
f 3389 3356 3390
f 3390 3356 3391
f 3391 3356 3392
f 3392 3356 3393
f 3393 3356 3394
f 3394 3356 3395
f 3395 3356 3396
f 3396 3356 338
f 3356 208 338
f 3281 3282 3283
f 3281 3283 3284
f 3284 3285 3286
f 208 321 338
f 3281 3284 3287
f 3284 3286 3287
f 3281 3287 3288
f 3288 3289 3290
f 3281 3288 3290
f 3290 3291 3292
f 3281 3290 3292
f 3281 3292 3293
f 3293 3294 3295
f 3281 3293 3295
f 3295 3296 3297
f 3295 3297 3298
f 3281 3295 3299
f 3295 3298 3299
f 3299 3300 3301
f 3281 3299 3301
f 321 3281 3397
f 3281 3301 3397
f 338 321 3397
f 3398 3400 3399
f 3400 3402 3401
f 3402 3403 3401
f 3403 3404 3401
f 3399 3400 3401
f 3404 338 3405
f 338 3397 3405
f 3401 3404 3406
f 3407 3401 3406
f 3405 3409 3408
f 3410 3406 3411
f 3406 3404 3411
f 3405 3408 3412
f 3405 3412 3413
f 3412 3414 3413
f 3411 3404 3415
f 3416 3417 3415
f 3417 3411 3415
f 3405 3413 3418
f 3404 3405 3419
f 3415 3404 3419
f 3405 3418 3419
f 338 3404 366
f 334 3396 338
f 333 3396 334
f 333 3395 3396
f 331 3395 333
f 331 3394 3395
f 336 3394 331
f 336 3393 3394
f 297 3393 336
f 297 3392 3393
f 296 3392 297
f 296 3391 3392
f 295 3391 296
f 295 3390 3391
f 293 3390 295
f 293 3389 3390
f 292 3389 293
f 292 3388 3389
f 291 3388 292
f 291 3387 3388
f 290 3387 291
f 290 3386 3387
f 288 3385 3386
f 288 3386 290
f 287 3384 3385
f 287 3385 288
f 286 3383 3384
f 286 3384 287
f 285 3382 3383
f 285 3383 286
f 284 3381 3382
f 284 3382 285
f 283 3380 3381
f 283 3381 284
f 282 3379 3380
f 282 3380 283
f 280 3378 3379
f 280 3379 282
f 279 3377 3378
f 279 3378 280
f 278 3376 3377
f 278 3377 279
f 277 3375 3376
f 277 3376 278
f 276 3375 277
f 276 3374 3375
f 275 3374 276
f 275 3373 3374
f 274 3373 275
f 274 3372 3373
f 272 3372 274
f 272 3371 3372
f 271 3371 272
f 271 3370 3371
f 270 3370 271
f 270 3369 3370
f 269 3369 270
f 269 3368 3369
f 268 3368 269
f 268 3367 3368
f 267 3367 268
f 267 3366 3367
f 266 3366 267
f 266 3365 3366
f 266 3364 3365
f 265 3364 266
f 265 3363 3364
f 263 3363 265
f 263 3362 3363
f 262 3362 263
f 262 3361 3362
f 261 3361 262
f 261 3360 3361
f 260 3360 261
f 260 3359 3360
f 259 3359 260
f 259 3358 3359
f 258 3357 3358
f 258 3358 259
f 257 3355 3357
f 257 3357 258
f 256 3354 3355
f 256 3355 257
f 255 3356 3354
f 255 3354 256
f 208 3356 255
f 209 3302 208
f 209 3304 3302
f 211 3303 3304
f 211 3304 209
f 212 3305 3303
f 212 3303 211
f 213 3306 3305
f 213 3305 212
f 214 3308 3306
f 214 3306 213
f 215 3307 3308
f 215 3308 214
f 216 3310 3307
f 216 3307 215
f 217 3309 3310
f 217 3310 216
f 218 3311 3309
f 218 3309 217
f 219 3313 3311
f 219 3311 218
f 221 3312 3313
f 221 3313 219
f 222 3314 3312
f 222 3312 221
f 223 3315 3314
f 223 3314 222
f 224 3316 3315
f 224 3315 223
f 225 3318 3316
f 225 3316 224
f 226 3319 3318
f 226 3318 225
f 227 3317 3319
f 227 3319 226
f 228 3320 3317
f 228 3317 227
f 229 3325 3320
f 229 3320 228
f 231 3321 3325
f 231 3325 229
f 232 3323 3321
f 232 3321 231
f 233 3322 3323
f 233 3323 232
f 234 3324 3322
f 234 3322 233
f 235 3327 3324
f 235 3324 234
f 236 3327 235
f 236 3326 3327
f 237 3326 236
f 237 3329 3326
f 239 3329 237
f 239 3328 3329
f 240 3328 239
f 240 3331 3328
f 241 3331 240
f 241 3330 3331
f 242 3330 241
f 242 3332 3330
f 243 3332 242
f 243 3333 3332
f 244 3333 243
f 244 3335 3333
f 246 3334 3335
f 246 3335 244
f 247 3336 3334
f 247 3334 246
f 248 3338 3336
f 248 3336 247
f 249 3339 3338
f 249 3338 248
f 251 3340 3339
f 251 3339 249
f 252 3337 3340
f 252 3340 251
f 253 3341 3337
f 253 3337 252
f 301 3342 3341
f 301 3341 253
f 299 3344 3342
f 299 3342 301
f 304 3343 3344
f 304 3344 299
f 303 3345 3343
f 303 3343 304
f 307 3346 3345
f 307 3345 303
f 306 3348 3346
f 306 3346 307
f 309 3347 3348
f 309 3348 306
f 312 3350 3347
f 312 3347 309
f 311 3350 312
f 317 3349 3350
f 317 3350 311
f 316 3351 3349
f 316 3349 317
f 315 3351 316
f 315 3352 3351
f 3353 3352 314
f 319 3353 314
f 314 3352 315
f 365 3405 362
f 365 3409 3405
f 363 3408 3409
f 363 3409 365
f 369 3412 3408
f 369 3408 363
f 367 3414 3412
f 367 3412 369
f 377 3413 3414
f 377 3414 367
f 376 3418 3413
f 376 3413 377
f 374 3419 3418
f 374 3418 376
f 384 3415 3419
f 384 3419 374
f 383 3416 3415
f 383 3415 384
f 381 3417 3416
f 381 3416 383
f 390 3411 3417
f 390 3417 381
f 389 3410 3411
f 389 3411 390
f 387 3410 389
f 387 3406 3410
f 393 3406 387
f 393 3407 3406
f 391 3407 393
f 391 3401 3407
f 386 3401 391
f 386 3399 3401
f 380 3399 386
f 380 3398 3399
f 379 3398 380
f 379 3400 3398
f 373 3400 379
f 373 3402 3400
f 372 3402 373
f 372 3403 3402
f 366 3403 372
f 366 3404 3403
f 3405 3397 362
f 3487 3421 3420
f 3433 3423 3422
f 3433 3424 3423
f 3433 3425 3424
f 3433 3426 3425
f 3433 3427 3426
f 3433 3428 3427
f 3433 3429 3428
f 3433 3430 3429
f 3433 3431 3430
f 3445 3432 3431
f 3445 3431 3433
f 3445 3434 3432
f 3445 3435 3434
f 3445 3436 3435
f 3445 3437 3436
f 3445 3438 3437
f 3445 3439 3438
f 3445 3440 3439
f 3445 3441 3440
f 3443 3442 3441
f 3443 3441 3445
f 3443 3444 3442
f 3443 3446 3444
f 3443 3447 3446
f 3443 3448 3447
f 3443 3449 3448
f 3443 3450 3449
f 3443 3445 3465
f 3443 3451 3450
f 3443 3452 3451
f 3443 3453 3452
f 3443 3454 3453
f 3443 3455 3454
f 3443 3456 3455
f 3465 3457 3456
f 3465 3456 3443
f 3465 3458 3457
f 3465 3459 3458
f 3465 3460 3459
f 3465 3461 3460
f 3471 3462 3461
f 3471 3461 3465
f 3471 3463 3462
f 3471 3464 3463
f 3471 3466 3464
f 3471 3467 3466
f 3471 3468 3467
f 3471 3469 3468
f 3471 3470 3469
f 3471 3472 3470
f 3471 3473 3472
f 3471 3474 3473
f 3481 3475 3474
f 3481 3474 3471
f 3481 3476 3475
f 3481 3477 3476
f 3481 3478 3477
f 3481 3479 3478
f 3481 3480 3479
f 3481 3482 3480
f 3481 3483 3482
f 3487 3484 3483
f 3487 3483 3481
f 3487 3485 3484
f 3487 3486 3485
f 3487 3488 3486
f 3487 3489 3488
f 3487 3490 3489
f 3487 3420 3490
f 3528 3491 3481
f 3532 3528 3481
f 3465 3445 3471
f 3445 3433 3471
f 3433 3532 3471
f 3532 3481 3471
f 3433 3422 3492
f 3487 3493 3421
f 3487 3494 3493
f 3491 3495 3494
f 3491 3494 3487
f 3491 3496 3495
f 3491 3497 3496
f 3491 3487 3481
f 3491 3498 3497
f 3491 3499 3498
f 3491 3500 3499
f 3491 3501 3500
f 3491 3502 3501
f 3491 3503 3502
f 3491 3504 3503
f 3491 3505 3504
f 3491 3506 3505
f 3513 3506 3491
f 3513 3507 3506
f 3513 3508 3507
f 3513 3509 3508
f 3513 3510 3509
f 3513 3511 3510
f 3513 3512 3511
f 3513 3514 3512
f 3513 3515 3514
f 3528 3516 3515
f 3528 3515 3513
f 3528 3517 3516
f 3491 3528 3513
f 3528 3518 3517
f 3528 3519 3518
f 3528 3520 3519
f 3528 3521 3520
f 3528 3522 3521
f 3528 3523 3522
f 3532 3523 3528
f 3532 3524 3523
f 3532 3525 3524
f 3532 3526 3525
f 3532 3527 3526
f 3532 3529 3527
f 3532 3530 3529
f 3532 3531 3530
f 3532 3533 3531
f 3532 3534 3533
f 3532 3535 3534
f 3532 3536 3535
f 3532 3537 3536
f 3554 3537 3532
f 3554 3538 3537
f 3554 3539 3538
f 3554 3540 3539
f 3554 3541 3540
f 3554 3542 3541
f 3554 3543 3542
f 3554 3544 3543
f 3554 3545 3544
f 3558 3545 3554
f 3558 3546 3545
f 3558 3547 3546
f 3558 3548 3547
f 3558 3549 3548
f 3558 3550 3549
f 3558 3551 3550
f 3558 3552 3551
f 3558 3553 3552
f 3433 3553 3558
f 3433 3555 3553
f 3433 3556 3555
f 3433 3557 3556
f 3532 3558 3554
f 3433 3492 3557
f 3558 3532 3433
f 3421 3560 3559
f 3493 3561 3560
f 3493 3560 3421
f 3494 3562 3561
f 3494 3561 3493
f 3495 3563 3562
f 3495 3562 3494
f 3496 3564 3563
f 3496 3563 3495
f 3497 3565 3564
f 3497 3564 3496
f 3498 3566 3565
f 3498 3565 3497
f 3499 3567 3566
f 3499 3566 3498
f 3500 3568 3567
f 3500 3567 3499
f 3501 3569 3568
f 3501 3568 3500
f 3502 3570 3569
f 3502 3569 3501
f 3503 3571 3570
f 3503 3570 3502
f 3504 3572 3571
f 3504 3571 3503
f 3505 3573 3572
f 3505 3572 3504
f 3506 3574 3573
f 3506 3573 3505
f 3507 3575 3574
f 3507 3574 3506
f 3508 3576 3575
f 3508 3575 3507
f 3509 3577 3576
f 3509 3576 3508
f 3510 3577 3509
f 3510 3578 3577
f 3511 3578 3510
f 3511 3579 3578
f 3512 3579 3511
f 3512 3580 3579
f 3514 3580 3512
f 3514 3581 3580
f 3515 3581 3514
f 3515 3582 3581
f 3516 3583 3582
f 3516 3582 3515
f 3517 3584 3583
f 3517 3583 3516
f 3518 3585 3584
f 3518 3584 3517
f 3519 3586 3585
f 3519 3585 3518
f 3520 3587 3586
f 3520 3586 3519
f 3521 3588 3587
f 3521 3587 3520
f 3522 3589 3588
f 3522 3588 3521
f 3523 3590 3589
f 3523 3589 3522
f 3524 3591 3590
f 3524 3590 3523
f 3525 3592 3591
f 3525 3591 3524
f 3526 3593 3592
f 3526 3592 3525
f 3527 3594 3593
f 3527 3593 3526
f 3529 3595 3594
f 3529 3594 3527
f 3530 3596 3595
f 3530 3595 3529
f 3531 3597 3596
f 3531 3596 3530
f 3533 3598 3597
f 3533 3597 3531
f 3534 3599 3598
f 3534 3598 3533
f 3535 3600 3599
f 3535 3599 3534
f 3536 3601 3600
f 3536 3600 3535
f 3537 3602 3601
f 3537 3601 3536
f 3538 3602 3537
f 3538 3603 3602
f 3539 3603 3538
f 3539 3604 3603
f 3540 3604 3539
f 3540 3605 3604
f 3541 3605 3540
f 3541 3606 3605
f 3542 3606 3541
f 3542 3607 3606
f 3543 3607 3542
f 3543 3608 3607
f 3544 3608 3543
f 3544 3609 3608
f 3545 3609 3544
f 3545 3610 3609
f 3546 3610 3545
f 3546 3611 3610
f 3547 3611 3546
f 3547 3612 3611
f 3548 3612 3547
f 3548 3613 3612
f 3549 3613 3548
f 3549 3614 3613
f 3550 3614 3549
f 3550 3615 3614
f 3551 3616 3615
f 3551 3615 3550
f 3552 3617 3616
f 3552 3616 3551
f 3553 3618 3617
f 3553 3617 3552
f 3555 3619 3618
f 3555 3618 3553
f 3556 3620 3619
f 3556 3619 3555
f 3557 3621 3620
f 3557 3620 3556
f 3492 3622 3621
f 3492 3621 3557
f 3422 3622 3492
f 3422 3623 3622
f 3423 3623 3422
f 3423 3624 3623
f 3424 3624 3423
f 3424 3625 3624
f 3425 3625 3424
f 3425 3626 3625
f 3426 3626 3425
f 3426 3627 3626
f 3427 3627 3426
f 3427 3628 3627
f 3428 3628 3427
f 3428 3629 3628
f 3429 3629 3428
f 3429 3630 3629
f 3430 3630 3429
f 3430 3631 3630
f 3431 3631 3430
f 3431 3632 3631
f 3432 3632 3431
f 3432 3633 3632
f 3434 3634 3633
f 3434 3633 3432
f 3435 3635 3634
f 3435 3634 3434
f 3436 3636 3635
f 3436 3635 3435
f 3437 3637 3636
f 3437 3636 3436
f 3438 3638 3637
f 3438 3637 3437
f 3439 3639 3638
f 3439 3638 3438
f 3440 3640 3639
f 3440 3639 3439
f 3441 3640 3440
f 3441 3641 3640
f 3442 3641 3441
f 3442 3642 3641
f 3444 3642 3442
f 3444 3643 3642
f 3446 3643 3444
f 3446 3644 3643
f 3447 3644 3446
f 3447 3645 3644
f 3448 3645 3447
f 3448 3646 3645
f 3449 3646 3448
f 3449 3647 3646
f 3450 3647 3449
f 3450 3648 3647
f 3451 3648 3450
f 3451 3649 3648
f 3452 3649 3451
f 3452 3650 3649
f 3453 3650 3452
f 3453 3651 3650
f 3454 3651 3453
f 3454 3652 3651
f 3455 3652 3454
f 3455 3653 3652
f 3456 3653 3455
f 3456 3654 3653
f 3457 3654 3456
f 3457 3655 3654
f 3458 3655 3457
f 3458 3656 3655
f 3459 3656 3458
f 3459 3657 3656
f 3460 3658 3657
f 3460 3657 3459
f 3461 3659 3658
f 3461 3658 3460
f 3462 3660 3659
f 3462 3659 3461
f 3463 3661 3660
f 3463 3660 3462
f 3464 3662 3661
f 3464 3661 3463
f 3466 3663 3662
f 3466 3662 3464
f 3467 3664 3663
f 3467 3663 3466
f 3468 3665 3664
f 3468 3664 3467
f 3469 3665 3468
f 3469 3666 3665
f 3470 3667 3666
f 3470 3666 3469
f 3472 3668 3667
f 3472 3667 3470
f 3473 3669 3668
f 3473 3668 3472
f 3474 3670 3669
f 3474 3669 3473
f 3475 3671 3670
f 3475 3670 3474
f 3476 3672 3671
f 3476 3671 3475
f 3477 3673 3672
f 3477 3672 3476
f 3478 3674 3673
f 3478 3673 3477
f 3479 3675 3674
f 3479 3674 3478
f 3480 3676 3675
f 3480 3675 3479
f 3482 3677 3676
f 3482 3676 3480
f 3483 3678 3677
f 3483 3677 3482
f 3484 3679 3678
f 3484 3678 3483
f 3485 3680 3679
f 3485 3679 3484
f 3486 3681 3680
f 3486 3680 3485
f 3488 3682 3681
f 3488 3681 3486
f 3489 3683 3682
f 3489 3682 3488
f 3490 3684 3683
f 3490 3683 3489
f 3420 3559 3684
f 3420 3684 3490
f 3421 3559 3420
f 3559 3691 3684
f 3696 3622 3623
f 3696 3623 3624
f 3696 3624 3625
f 3686 3696 3625
f 3686 3625 3626
f 3686 3626 3627
f 3686 3627 3628
f 3686 3628 3629
f 3686 3629 3630
f 3686 3630 3631
f 3686 3631 3632
f 3686 3632 3633
f 3686 3633 3634
f 3686 3634 3635
f 3686 3635 3636
f 3686 3636 3637
f 3686 3637 3638
f 3685 3638 3639
f 3685 3686 3638
f 3685 3639 3640
f 3685 3640 3641
f 3685 3641 3642
f 3685 3642 3643
f 3685 3643 3644
f 3685 3644 3645
f 3685 3645 3646
f 3687 3685 3646
f 3687 3646 3647
f 3687 3647 3648
f 3687 3648 3649
f 3687 3649 3650
f 3687 3650 3651
f 3687 3651 3652
f 3687 3652 3653
f 3687 3653 3654
f 3687 3654 3655
f 3687 3655 3656
f 3687 3656 3657
f 3687 3657 3658
f 3687 3658 3659
f 3687 3659 3660
f 3688 3690 3687
f 3688 3660 3661
f 3688 3687 3660
f 3688 3661 3662
f 3688 3662 3663
f 3688 3663 3664
f 3688 3664 3665
f 3688 3665 3666
f 3688 3666 3667
f 3688 3667 3668
f 3689 3688 3668
f 3689 3668 3669
f 3689 3669 3670
f 3689 3670 3671
f 3689 3671 3672
f 3690 3688 3689
f 3689 3672 3673
f 3689 3673 3674
f 3690 3674 3675
f 3690 3675 3676
f 3690 3689 3674
f 3690 3676 3677
f 3690 3677 3678
f 3690 3678 3679
f 3690 3679 3680
f 3690 3680 3681
f 3690 3681 3682
f 3691 3690 3682
f 3691 3682 3683
f 3691 3683 3684
f 3560 3691 3559
f 3691 3560 3561
f 3691 3561 3562
f 3691 3562 3563
f 3691 3563 3564
f 3691 3564 3565
f 3691 3565 3566
f 3691 3566 3567
f 3691 3567 3568
f 3691 3568 3569
f 3691 3569 3570
f 3691 3570 3571
f 3692 3691 3571
f 3692 3571 3572
f 3692 3572 3573
f 3692 3573 3574
f 3692 3574 3575
f 3692 3575 3576
f 3692 3576 3577
f 3692 3577 3578
f 3692 3578 3579
f 3692 3579 3580
f 3692 3580 3581
f 3693 3692 3581
f 3693 3581 3582
f 3693 3582 3583
f 3693 3583 3584
f 3693 3584 3585
f 3693 3585 3586
f 3693 3586 3587
f 3693 3587 3588
f 3693 3588 3589
f 3693 3589 3590
f 3693 3590 3591
f 3693 3591 3592
f 3693 3592 3593
f 3694 3593 3594
f 3694 3693 3593
f 3694 3594 3595
f 3694 3595 3596
f 3694 3596 3597
f 3694 3597 3598
f 3694 3598 3599
f 3695 3694 3599
f 3695 3599 3600
f 3695 3600 3601
f 3695 3601 3602
f 3695 3602 3603
f 3695 3603 3604
f 3695 3604 3605
f 3695 3605 3606
f 3695 3606 3607
f 3695 3607 3608
f 3695 3608 3609
f 3696 3609 3610
f 3696 3610 3611
f 3696 3695 3609
f 3696 3611 3612
f 3696 3612 3613
f 3696 3613 3614
f 3696 3614 3615
f 3696 3615 3616
f 3696 3616 3617
f 3696 3617 3618
f 3696 3686 3685
f 3696 3618 3619
f 3696 3619 3620
f 3696 3620 3621
f 3696 3621 3622
f 3691 3692 3693
f 3691 3693 3694
f 3690 3691 3694
f 3690 3694 3695
f 3690 3695 3696
f 3690 3696 3685
f 3690 3685 3687
f 3766 3698 3697
f 3834 3700 3699
f 3834 3701 3700
f 3834 3702 3701
f 3834 3703 3702
f 3834 3704 3703
f 3710 3705 3704
f 3710 3704 3834
f 3710 3706 3705
f 3710 3707 3706
f 3710 3708 3707
f 3710 3709 3708
f 3710 3711 3709
f 3710 3712 3711
f 3710 3713 3712
f 3710 3714 3713
f 3710 3715 3714
f 3710 3716 3715
f 3710 3717 3716
f 3710 3718 3717
f 3710 3719 3718
f 3710 3720 3719
f 3710 3721 3720
f 3710 3722 3721
f 3742 3723 3722
f 3742 3722 3710
f 3742 3724 3723
f 3742 3725 3724
f 3742 3726 3725
f 3742 3727 3726
f 3742 3728 3727
f 3742 3729 3728
f 3742 3730 3729
f 3747 3730 3742
f 3747 3731 3730
f 3747 3732 3731
f 3747 3733 3732
f 3747 3734 3733
f 3747 3735 3734
f 3747 3736 3735
f 3747 3737 3736
f 3747 3738 3737
f 3754 3738 3747
f 3754 3739 3738
f 3754 3740 3739
f 3754 3741 3740
f 3754 3743 3741
f 3754 3744 3743
f 3754 3745 3744
f 3754 3746 3745
f 3754 3748 3746
f 3754 3749 3748
f 3762 3750 3749
f 3762 3749 3754
f 3762 3751 3750
f 3762 3754 3747
f 3762 3752 3751
f 3762 3753 3752
f 3762 3755 3753
f 3762 3756 3755
f 3762 3757 3756
f 3762 3758 3757
f 3766 3758 3762
f 3766 3759 3758
f 3766 3760 3759
f 3766 3761 3760
f 3766 3763 3761
f 3766 3764 3763
f 3766 3765 3764
f 3766 3697 3765
f 3830 3781 3766
f 3710 3830 3766
f 3747 3742 3762
f 3742 3710 3762
f 3710 3766 3762
f 3834 3699 3767
f 3786 3768 3698
f 3786 3698 3766
f 3786 3769 3768
f 3786 3770 3769
f 3786 3771 3770
f 3786 3772 3771
f 3786 3773 3772
f 3786 3774 3773
f 3786 3775 3774
f 3786 3776 3775
f 3786 3777 3776
f 3781 3778 3777
f 3781 3777 3786
f 3781 3779 3778
f 3786 3766 3781
f 3781 3780 3779
f 3781 3782 3780
f 3781 3783 3782
f 3781 3784 3783
f 3781 3785 3784
f 3781 3787 3785
f 3781 3788 3787
f 3781 3789 3788
f 3781 3790 3789
f 3781 3791 3790
f 3808 3792 3791
f 3808 3791 3781
f 3808 3793 3792
f 3808 3794 3793
f 3808 3795 3794
f 3808 3796 3795
f 3808 3797 3796
f 3808 3798 3797
f 3808 3799 3798
f 3808 3800 3799
f 3830 3808 3781
f 3808 3801 3800
f 3808 3802 3801
f 3830 3803 3802
f 3830 3802 3808
f 3830 3804 3803
f 3830 3805 3804
f 3830 3806 3805
f 3830 3807 3806
f 3830 3809 3807
f 3830 3810 3809
f 3830 3811 3810
f 3830 3812 3811
f 3830 3813 3812
f 3830 3814 3813
f 3830 3815 3814
f 3830 3816 3815
f 3828 3816 3830
f 3828 3817 3816
f 3828 3818 3817
f 3828 3819 3818
f 3828 3820 3819
f 3828 3821 3820
f 3828 3822 3821
f 3828 3823 3822
f 3828 3824 3823
f 3828 3825 3824
f 3828 3826 3825
f 3834 3827 3826
f 3834 3826 3828
f 3834 3829 3827
f 3834 3831 3829
f 3710 3828 3830
f 3834 3832 3831
f 3834 3833 3832
f 3834 3767 3833
f 3828 3710 3834
f 3698 3836 3835
f 3768 3837 3836
f 3768 3836 3698
f 3769 3838 3837
f 3769 3837 3768
f 3770 3839 3838
f 3770 3838 3769
f 3771 3840 3839
f 3771 3839 3770
f 3772 3841 3840
f 3772 3840 3771
f 3773 3842 3841
f 3773 3841 3772
f 3774 3843 3842
f 3774 3842 3773
f 3775 3844 3843
f 3775 3843 3774
f 3776 3845 3844
f 3776 3844 3775
f 3777 3846 3845
f 3777 3845 3776
f 3778 3847 3846
f 3778 3846 3777
f 3779 3848 3847
f 3779 3847 3778
f 3780 3849 3848
f 3780 3848 3779
f 3782 3850 3849
f 3782 3849 3780
f 3783 3851 3850
f 3783 3850 3782
f 3784 3852 3851
f 3784 3851 3783
f 3785 3853 3852
f 3785 3852 3784
f 3787 3853 3785
f 3787 3854 3853
f 3788 3854 3787
f 3788 3855 3854
f 3789 3855 3788
f 3789 3856 3855
f 3790 3856 3789
f 3790 3857 3856
f 3791 3857 3790
f 3791 3858 3857
f 3792 3859 3858
f 3792 3858 3791
f 3793 3860 3859
f 3793 3859 3792
f 3794 3861 3860
f 3794 3860 3793
f 3795 3862 3861
f 3795 3861 3794
f 3796 3863 3862
f 3796 3862 3795
f 3797 3864 3863
f 3797 3863 3796
f 3798 3865 3864
f 3798 3864 3797
f 3799 3866 3865
f 3799 3865 3798
f 3800 3867 3866
f 3800 3866 3799
f 3801 3868 3867
f 3801 3867 3800
f 3802 3869 3868
f 3802 3868 3801
f 3803 3870 3869
f 3803 3869 3802
f 3804 3871 3870
f 3804 3870 3803
f 3805 3872 3871
f 3805 3871 3804
f 3806 3873 3872
f 3806 3872 3805
f 3807 3874 3873
f 3807 3873 3806
f 3809 3875 3874
f 3809 3874 3807
f 3810 3876 3875
f 3810 3875 3809
f 3811 3877 3876
f 3811 3876 3810
f 3812 3878 3877
f 3812 3877 3811
f 3813 3878 3812
f 3813 3879 3878
f 3814 3879 3813
f 3814 3880 3879
f 3815 3880 3814
f 3815 3881 3880
f 3816 3881 3815
f 3816 3882 3881
f 3817 3882 3816
f 3817 3883 3882
f 3818 3883 3817
f 3818 3884 3883
f 3819 3884 3818
f 3819 3885 3884
f 3820 3885 3819
f 3820 3886 3885
f 3821 3886 3820
f 3821 3887 3886
f 3822 3887 3821
f 3822 3888 3887
f 3823 3888 3822
f 3823 3889 3888
f 3824 3889 3823
f 3824 3890 3889
f 3825 3890 3824
f 3825 3891 3890
f 3826 3892 3891
f 3826 3891 3825
f 3827 3893 3892
f 3827 3892 3826
f 3829 3894 3893
f 3829 3893 3827
f 3831 3895 3894
f 3831 3894 3829
f 3832 3896 3895
f 3832 3895 3831
f 3833 3897 3896
f 3833 3896 3832
f 3767 3898 3897
f 3767 3897 3833
f 3699 3898 3767
f 3699 3899 3898
f 3700 3899 3699
f 3700 3900 3899
f 3701 3900 3700
f 3701 3901 3900
f 3702 3901 3701
f 3702 3902 3901
f 3703 3902 3702
f 3703 3903 3902
f 3704 3903 3703
f 3704 3904 3903
f 3705 3904 3704
f 3705 3905 3904
f 3706 3905 3705
f 3706 3906 3905
f 3707 3906 3706
f 3707 3907 3906
f 3708 3907 3707
f 3708 3908 3907
f 3709 3908 3708
f 3709 3909 3908
f 3711 3910 3909
f 3711 3909 3709
f 3712 3911 3910
f 3712 3910 3711
f 3713 3912 3911
f 3713 3911 3712
f 3714 3913 3912
f 3714 3912 3713
f 3715 3914 3913
f 3715 3913 3714
f 3716 3915 3914
f 3716 3914 3715
f 3717 3916 3915
f 3717 3915 3716
f 3718 3916 3717
f 3718 3917 3916
f 3719 3917 3718
f 3719 3918 3917
f 3720 3918 3719
f 3720 3919 3918
f 3721 3919 3720
f 3721 3920 3919
f 3722 3920 3721
f 3722 3921 3920
f 3723 3921 3722
f 3723 3922 3921
f 3724 3922 3723
f 3724 3923 3922
f 3725 3923 3724
f 3725 3924 3923
f 3726 3924 3725
f 3726 3925 3924
f 3727 3925 3726
f 3727 3926 3925
f 3728 3926 3727
f 3728 3927 3926
f 3729 3927 3728
f 3729 3928 3927
f 3730 3928 3729
f 3730 3929 3928
f 3731 3929 3730
f 3731 3930 3929
f 3732 3930 3731
f 3732 3931 3930
f 3733 3931 3732
f 3733 3932 3931
f 3734 3932 3733
f 3734 3933 3932
f 3735 3934 3933
f 3735 3933 3734
f 3736 3935 3934
f 3736 3934 3735
f 3737 3936 3935
f 3737 3935 3736
f 3738 3937 3936
f 3738 3936 3737
f 3739 3938 3937
f 3739 3937 3738
f 3740 3939 3938
f 3740 3938 3739
f 3741 3940 3939
f 3741 3939 3740
f 3743 3941 3940
f 3743 3940 3741
f 3744 3941 3743
f 3744 3942 3941
f 3745 3943 3942
f 3745 3942 3744
f 3746 3944 3943
f 3746 3943 3745
f 3748 3945 3944
f 3748 3944 3746
f 3749 3946 3945
f 3749 3945 3748
f 3750 3947 3946
f 3750 3946 3749
f 3751 3948 3947
f 3751 3947 3750
f 3752 3949 3948
f 3752 3948 3751
f 3753 3950 3949
f 3753 3949 3752
f 3755 3951 3950
f 3755 3950 3753
f 3756 3952 3951
f 3756 3951 3755
f 3757 3953 3952
f 3757 3952 3756
f 3758 3954 3953
f 3758 3953 3757
f 3759 3955 3954
f 3759 3954 3758
f 3760 3956 3955
f 3760 3955 3759
f 3761 3957 3956
f 3761 3956 3760
f 3763 3958 3957
f 3763 3957 3761
f 3764 3959 3958
f 3764 3958 3763
f 3765 3960 3959
f 3765 3959 3764
f 3697 3835 3960
f 3697 3960 3765
f 3698 3835 3697
f 3835 3967 3960
f 3961 3898 3899
f 3961 3899 3900
f 3961 3900 3901
f 3961 3901 3902
f 3961 3902 3903
f 3961 3903 3904
f 3961 3904 3905
f 3962 3905 3906
f 3962 3961 3905
f 3962 3906 3907
f 3962 3907 3908
f 3962 3908 3909
f 3962 3909 3910
f 3962 3910 3911
f 3962 3911 3912
f 3962 3912 3913
f 3962 3913 3914
f 3962 3914 3915
f 3963 3915 3916
f 3963 3962 3915
f 3963 3916 3917
f 3963 3917 3918
f 3963 3918 3919
f 3963 3919 3920
f 3963 3920 3921
f 3964 3921 3922
f 3964 3963 3921
f 3964 3962 3963
f 3964 3922 3923
f 3964 3923 3924
f 3964 3924 3925
f 3964 3925 3926
f 3964 3926 3927
f 3964 3927 3928
f 3964 3928 3929
f 3964 3929 3930
f 3964 3930 3931
f 3964 3931 3932
f 3964 3932 3933
f 3964 3933 3934
f 3964 3934 3935
f 3965 3935 3936
f 3965 3964 3935
f 3966 3964 3965
f 3965 3936 3937
f 3965 3937 3938
f 3965 3938 3939
f 3965 3939 3940
f 3965 3940 3941
f 3965 3941 3942
f 3965 3942 3943
f 3965 3943 3944
f 3965 3944 3945
f 3965 3945 3946
f 3966 3965 3946
f 3966 3946 3947
f 3966 3947 3948
f 3966 3948 3949
f 3966 3949 3950
f 3967 3966 3950
f 3967 3950 3951
f 3967 3951 3952
f 3967 3952 3953
f 3967 3953 3954
f 3967 3954 3955
f 3967 3955 3956
f 3967 3956 3957
f 3967 3957 3958
f 3967 3958 3959
f 3967 3959 3960
f 3836 3967 3835
f 3968 3966 3967
f 3967 3836 3837
f 3967 3837 3838
f 3967 3838 3839
f 3968 3839 3840
f 3968 3967 3839
f 3968 3840 3841
f 3968 3841 3842
f 3968 3842 3843
f 3968 3843 3844
f 3968 3844 3845
f 3968 3845 3846
f 3968 3846 3847
f 3968 3847 3848
f 3968 3848 3849
f 3968 3849 3850
f 3968 3850 3851
f 3969 3851 3852
f 3969 3968 3851
f 3969 3852 3853
f 3969 3853 3854
f 3969 3854 3855
f 3969 3855 3856
f 3969 3856 3857
f 3969 3857 3858
f 3970 3968 3969
f 3969 3858 3859
f 3969 3859 3860
f 3969 3860 3861
f 3970 3861 3862
f 3970 3969 3861
f 3970 3862 3863
f 3970 3863 3864
f 3970 3864 3865
f 3970 3865 3866
f 3970 3866 3867
f 3970 3867 3868
f 3970 3868 3869
f 3970 3869 3870
f 3970 3870 3871
f 3970 3871 3872
f 3971 3970 3872
f 3971 3872 3873
f 3971 3873 3874
f 3971 3874 3875
f 3971 3875 3876
f 3971 3876 3877
f 3971 3877 3878
f 3971 3878 3879
f 3971 3879 3880
f 3971 3880 3881
f 3971 3881 3882
f 3971 3882 3883
f 3971 3883 3884
f 3972 3884 3885
f 3972 3971 3884
f 3972 3885 3886
f 3972 3886 3887
f 3972 3887 3888
f 3972 3888 3889
f 3972 3889 3890
f 3972 3890 3891
f 3972 3891 3892
f 3961 3972 3892
f 3961 3892 3893
f 3961 3893 3894
f 3961 3962 3972
f 3961 3894 3895
f 3961 3895 3896
f 3961 3896 3897
f 3961 3897 3898
f 3968 3970 3971
f 3966 3968 3971
f 3962 3971 3972
f 3962 3966 3971
f 3966 3962 3964
f 4043 3974 3973
f 4111 3976 3975
f 4111 3977 3976
f 4111 3978 3977
f 4111 3979 3978
f 4111 3980 3979
f 4110 3981 3980
f 4110 3980 4111
f 4110 3982 3981
f 4110 3983 3982
f 4110 3984 3983
f 4110 3985 3984
f 4110 3986 3985
f 4110 3987 3986
f 4110 3988 3987
f 4110 3989 3988
f 4006 3990 3989
f 4006 3989 4110
f 4006 3991 3990
f 4006 3992 3991
f 4006 3993 3992
f 4006 3994 3993
f 4006 3995 3994
f 4006 3996 3995
f 4006 3997 3996
f 4006 3998 3997
f 4006 3999 3998
f 4011 4000 3999
f 4011 3999 4006
f 4011 4001 4000
f 4011 4002 4001
f 4011 4003 4002
f 4011 4004 4003
f 4011 4005 4004
f 4011 4007 4005
f 4016 4008 4007
f 4016 4007 4011
f 4016 4009 4008
f 4016 4010 4009
f 4016 4012 4010
f 4016 4013 4012
f 4016 4014 4013
f 4016 4015 4014
f 4016 4017 4015
f 4016 4018 4017
f 4016 4019 4018
f 4034 4020 4019
f 4034 4019 4016
f 4034 4021 4020
f 4034 4022 4021
f 4034 4023 4022
f 4034 4024 4023
f 4034 4025 4024
f 4034 4026 4025
f 4034 4027 4026
f 4032 4027 4034
f 4032 4028 4027
f 4032 4029 4028
f 4032 4030 4029
f 4032 4031 4030
f 4032 4033 4031
f 4032 4035 4033
f 4042 4036 4035
f 4042 4035 4032
f 4042 4037 4036
f 4042 4038 4037
f 4042 4039 4038
f 4042 4040 4039
f 4042 4041 4040
f 4043 3973 4041
f 4043 4041 4042
f 4043 4032 4034
f 4043 4042 4032
f 4011 4006 4016
f 4110 4044 4043
f 4016 4006 4034
f 4110 4043 4034
f 4006 4110 4034
f 4111 3975 4045
f 4043 4046 3974
f 4043 4047 4046
f 4043 4048 4047
f 4043 4049 4048
f 4043 4050 4049
f 4043 4051 4050
f 4043 4052 4051
f 4043 4053 4052
f 4059 4053 4043
f 4059 4054 4053
f 4059 4055 4054
f 4059 4056 4055
f 4059 4057 4056
f 4059 4058 4057
f 4059 4060 4058
f 4072 4059 4043
f 4059 4061 4060
f 4059 4062 4061
f 4072 4062 4059
f 4072 4063 4062
f 4072 4064 4063
f 4072 4065 4064
f 4072 4066 4065
f 4072 4067 4066
f 4072 4068 4067
f 4072 4069 4068
f 4072 4070 4069
f 4072 4043 4044
f 4072 4071 4070
f 4072 4073 4071
f 4072 4074 4073
f 4072 4075 4074
f 4072 4076 4075
f 4072 4077 4076
f 4081 4078 4077
f 4081 4077 4072
f 4081 4079 4078
f 4081 4080 4079
f 4081 4082 4080
f 4081 4083 4082
f 4081 4084 4083
f 4081 4085 4084
f 4081 4086 4085
f 4081 4087 4086
f 4081 4088 4087
f 4044 4081 4072
f 4081 4089 4088
f 4044 4090 4089
f 4044 4089 4081
f 4044 4091 4090
f 4044 4092 4091
f 4044 4093 4092
f 4044 4094 4093
f 4044 4095 4094
f 4044 4096 4095
f 4044 4097 4096
f 4044 4098 4097
f 4044 4099 4098
f 4044 4100 4099
f 4044 4101 4100
f 4044 4102 4101
f 4044 4103 4102
f 4044 4104 4103
f 4044 4105 4104
f 4044 4106 4105
f 4044 4107 4106
f 4111 4107 4044
f 4111 4108 4107
f 4111 4109 4108
f 4111 4045 4109
f 4044 4110 4111
f 3974 4113 4112
f 4046 4114 4113
f 4046 4113 3974
f 4047 4115 4114
f 4047 4114 4046
f 4048 4116 4115
f 4048 4115 4047
f 4049 4117 4116
f 4049 4116 4048
f 4050 4118 4117
f 4050 4117 4049
f 4051 4119 4118
f 4051 4118 4050
f 4052 4120 4119
f 4052 4119 4051
f 4053 4121 4120
f 4053 4120 4052
f 4054 4122 4121
f 4054 4121 4053
f 4055 4123 4122
f 4055 4122 4054
f 4056 4124 4123
f 4056 4123 4055
f 4057 4125 4124
f 4057 4124 4056
f 4058 4126 4125
f 4058 4125 4057
f 4060 4127 4126
f 4060 4126 4058
f 4061 4128 4127
f 4061 4127 4060
f 4062 4129 4128
f 4062 4128 4061
f 4063 4130 4129
f 4063 4129 4062
f 4064 4130 4063
f 4064 4131 4130
f 4065 4131 4064
f 4065 4132 4131
f 4066 4132 4065
f 4066 4133 4132
f 4067 4133 4066
f 4067 4134 4133
f 4068 4134 4067
f 4068 4135 4134
f 4069 4136 4135
f 4069 4135 4068
f 4070 4137 4136
f 4070 4136 4069
f 4071 4138 4137
f 4071 4137 4070
f 4073 4139 4138
f 4073 4138 4071
f 4074 4140 4139
f 4074 4139 4073
f 4075 4141 4140
f 4075 4140 4074
f 4076 4142 4141
f 4076 4141 4075
f 4077 4143 4142
f 4077 4142 4076
f 4078 4144 4143
f 4078 4143 4077
f 4079 4145 4144
f 4079 4144 4078
f 4080 4146 4145
f 4080 4145 4079
f 4082 4147 4146
f 4082 4146 4080
f 4083 4148 4147
f 4083 4147 4082
f 4084 4149 4148
f 4084 4148 4083
f 4085 4150 4149
f 4085 4149 4084
f 4086 4151 4150
f 4086 4150 4085
f 4087 4152 4151
f 4087 4151 4086
f 4088 4153 4152
f 4088 4152 4087
f 4089 4154 4153
f 4089 4153 4088
f 4090 4155 4154
f 4090 4154 4089
f 4091 4155 4090
f 4091 4156 4155
f 4092 4156 4091
f 4092 4157 4156
f 4093 4157 4092
f 4093 4158 4157
f 4094 4158 4093
f 4094 4159 4158
f 4095 4159 4094
f 4095 4160 4159
f 4096 4160 4095
f 4096 4161 4160
f 4097 4161 4096
f 4097 4162 4161
f 4098 4162 4097
f 4098 4163 4162
f 4099 4163 4098
f 4099 4164 4163
f 4100 4164 4099
f 4100 4165 4164
f 4101 4165 4100
f 4101 4166 4165
f 4102 4166 4101
f 4102 4167 4166
f 4103 4167 4102
f 4103 4168 4167
f 4104 4169 4168
f 4104 4168 4103
f 4105 4170 4169
f 4105 4169 4104
f 4106 4171 4170
f 4106 4170 4105
f 4107 4172 4171
f 4107 4171 4106
f 4108 4173 4172
f 4108 4172 4107
f 4109 4174 4173
f 4109 4173 4108
f 4045 4175 4174
f 4045 4174 4109
f 3975 4175 4045
f 3975 4176 4175
f 3976 4176 3975
f 3976 4177 4176
f 3977 4177 3976
f 3977 4178 4177
f 3978 4178 3977
f 3978 4179 4178
f 3979 4179 3978
f 3979 4180 4179
f 3980 4180 3979
f 3980 4181 4180
f 3981 4181 3980
f 3981 4182 4181
f 3982 4182 3981
f 3982 4183 4182
f 3983 4183 3982
f 3983 4184 4183
f 3984 4184 3983
f 3984 4185 4184
f 3985 4185 3984
f 3985 4186 4185
f 3986 4187 4186
f 3986 4186 3985
f 3987 4188 4187
f 3987 4187 3986
f 3988 4189 4188
f 3988 4188 3987
f 3989 4190 4189
f 3989 4189 3988
f 3990 4191 4190
f 3990 4190 3989
f 3991 4192 4191
f 3991 4191 3990
f 3992 4193 4192
f 3992 4192 3991
f 3993 4193 3992
f 3993 4194 4193
f 3994 4194 3993
f 3994 4195 4194
f 3995 4195 3994
f 3995 4196 4195
f 3996 4196 3995
f 3996 4197 4196
f 3997 4197 3996
f 3997 4198 4197
f 3998 4198 3997
f 3998 4199 4198
f 3999 4199 3998
f 3999 4200 4199
f 4000 4200 3999
f 4000 4201 4200
f 4001 4201 4000
f 4001 4202 4201
f 4002 4202 4001
f 4002 4203 4202
f 4003 4203 4002
f 4003 4204 4203
f 4004 4204 4003
f 4004 4205 4204
f 4005 4205 4004
f 4005 4206 4205
f 4007 4206 4005
f 4007 4207 4206
f 4008 4207 4007
f 4008 4208 4207
f 4009 4208 4008
f 4009 4209 4208
f 4010 4209 4009
f 4010 4210 4209
f 4012 4211 4210
f 4012 4210 4010
f 4013 4212 4211
f 4013 4211 4012
f 4014 4213 4212
f 4014 4212 4013
f 4015 4214 4213
f 4015 4213 4014
f 4017 4215 4214
f 4017 4214 4015
f 4018 4216 4215
f 4018 4215 4017
f 4019 4217 4216
f 4019 4216 4018
f 4020 4218 4217
f 4020 4217 4019
f 4021 4218 4020
f 4021 4219 4218
f 4022 4220 4219
f 4022 4219 4021
f 4023 4221 4220
f 4023 4220 4022
f 4024 4222 4221
f 4024 4221 4023
f 4025 4223 4222
f 4025 4222 4024
f 4026 4224 4223
f 4026 4223 4025
f 4027 4225 4224
f 4027 4224 4026
f 4028 4226 4225
f 4028 4225 4027
f 4029 4227 4226
f 4029 4226 4028
f 4030 4228 4227
f 4030 4227 4029
f 4031 4229 4228
f 4031 4228 4030
f 4033 4230 4229
f 4033 4229 4031
f 4035 4231 4230
f 4035 4230 4033
f 4036 4232 4231
f 4036 4231 4035
f 4037 4233 4232
f 4037 4232 4036
f 4038 4234 4233
f 4038 4233 4037
f 4039 4235 4234
f 4039 4234 4038
f 4040 4236 4235
f 4040 4235 4039
f 4041 4237 4236
f 4041 4236 4040
f 3973 4112 4237
f 3973 4237 4041
f 3974 4112 3973
f 4112 4245 4237
f 4238 4175 4176
f 4238 4176 4177
f 4238 4177 4178
f 4238 4178 4179
f 4238 4179 4180
f 4238 4180 4181
f 4238 4181 4182
f 4239 4182 4183
f 4239 4238 4182
f 4239 4183 4184
f 4239 4184 4185
f 4239 4185 4186
f 4239 4186 4187
f 4239 4187 4188
f 4239 4188 4189
f 4239 4189 4190
f 4239 4190 4191
f 4239 4191 4192
f 4240 4192 4193
f 4240 4239 4192
f 4240 4193 4194
f 4240 4194 4195
f 4240 4195 4196
f 4240 4196 4197
f 4240 4197 4198
f 4240 4198 4199
f 4240 4199 4200
f 4240 4200 4201
f 4240 4201 4202
f 4241 4202 4203
f 4241 4240 4202
f 4241 4203 4204
f 4241 4204 4205
f 4242 4240 4241
f 4241 4205 4206
f 4241 4206 4207
f 4242 4244 4240
f 4241 4207 4208
f 4241 4208 4209
f 4241 4209 4210
f 4243 4242 4241
f 4241 4210 4211
f 4243 4211 4212
f 4243 4212 4213
f 4243 4241 4211
f 4243 4213 4214
f 4243 4214 4215
f 4243 4215 4216
f 4243 4216 4217
f 4243 4244 4242
f 4243 4217 4218
f 4244 4218 4219
f 4244 4243 4218
f 4244 4219 4220
f 4244 4220 4221
f 4244 4221 4222
f 4244 4222 4223
f 4244 4223 4224
f 4244 4224 4225
f 4245 4244 4225
f 4245 4225 4226
f 4245 4226 4227
f 4245 4227 4228
f 4245 4228 4229
f 4245 4229 4230
f 4245 4230 4231
f 4245 4231 4232
f 4245 4232 4233
f 4245 4233 4234
f 4245 4234 4235
f 4245 4235 4236
f 4245 4236 4237
f 4113 4245 4112
f 4246 4113 4114
f 4246 4245 4113
f 4246 4114 4115
f 4246 4115 4116
f 4246 4116 4117
f 4247 4117 4118
f 4247 4246 4117
f 4247 4118 4119
f 4247 4119 4120
f 4247 4120 4121
f 4247 4121 4122
f 4247 4122 4123
f 4247 4123 4124
f 4247 4124 4125
f 4247 4125 4126
f 4247 4126 4127
f 4247 4127 4128
f 4247 4128 4129
f 4247 4129 4130
f 4247 4130 4131
f 4247 4131 4132
f 4248 4132 4133
f 4248 4247 4132
f 4248 4133 4134
f 4248 4134 4135
f 4248 4135 4136
f 4249 4136 4137
f 4249 4248 4136
f 4249 4137 4138
f 4249 4138 4139
f 4249 4139 4140
f 4249 4140 4141
f 4249 4141 4142
f 4249 4142 4143
f 4249 4143 4144
f 4249 4144 4145
f 4249 4145 4146
f 4249 4146 4147
f 4249 4147 4148
f 4249 4148 4149
f 4249 4149 4150
f 4250 4150 4151
f 4250 4151 4152
f 4250 4249 4150
f 4250 4152 4153
f 4250 4153 4154
f 4250 4154 4155
f 4251 4250 4155
f 4251 4155 4156
f 4251 4156 4157
f 4251 4157 4158
f 4251 4158 4159
f 4251 4159 4160
f 4251 4160 4161
f 4251 4161 4162
f 4252 4250 4251
f 4251 4162 4163
f 4251 4163 4164
f 4251 4164 4165
f 4252 4251 4165
f 4252 4165 4166
f 4252 4166 4167
f 4252 4167 4168
f 4252 4168 4169
f 4252 4169 4170
f 4252 4170 4171
f 4252 4171 4172
f 4252 4172 4173
f 4238 4239 4252
f 4238 4252 4173
f 4238 4173 4174
f 4238 4174 4175
f 4247 4248 4249
f 4246 4247 4249
f 4246 4250 4252
f 4246 4249 4250
f 4246 4252 4239
f 4244 4239 4240
f 4244 4246 4239
f 4244 4245 4246
