# https://github.com/mikedh/trimesh

o left_bracket
v -0.00800000 -0.05800000 0.00400000
v -0.00800000 -0.05800000 0.01000000
v -0.00800000 -0.05400000 0.01000000
v -0.00800000 -0.00200000 0.01000000
v -0.00800000 0.05800000 0.00400000
v -0.00800000 0.00200000 0.01000000
v -0.00800000 0.05400000 0.01000000
v -0.00800000 0.05800000 0.01000000
v -0.06200000 -0.05800000 0.00400000
v -0.05835022 -0.05241631 0.00400000
v -0.05839483 -0.05237280 0.00400000
v -0.05843723 -0.05232711 0.00400000
v -0.05830348 -0.05245756 0.00400000
v -0.05847729 -0.05227936 0.00400000
v -0.05825476 -0.05249642 0.00400000
v -0.05851492 -0.05222968 0.00400000
v -0.05820415 -0.05253280 0.00400000
v -0.05855003 -0.05217818 0.00400000
v -0.05815179 -0.05256661 0.00400000
v -0.05858253 -0.05212500 0.00400000
v -0.05809782 -0.05259778 0.00400000
v -0.05861234 -0.05207026 0.00400000
v -0.05804235 -0.05262621 0.00400000
v -0.05863938 -0.05201411 0.00400000
v -0.05798554 -0.05265185 0.00400000
v -0.05866359 -0.05195668 0.00400000
v -0.05792753 -0.05267462 0.00400000
v -0.05868491 -0.05189811 0.00400000
v -0.05786844 -0.05269447 0.00400000
v -0.05870328 -0.05183855 0.00400000
v -0.05780845 -0.05271135 0.00400000
v -0.05871866 -0.05177815 0.00400000
v -0.05774768 -0.05272522 0.00400000
v -0.05873101 -0.05171706 0.00400000
v -0.05768630 -0.05273604 0.00400000
v -0.05874030 -0.05165543 0.00400000
v -0.05762446 -0.05274379 0.00400000
v -0.05874650 -0.05159341 0.00400000
v -0.05756231 -0.05274845 0.00400000
v -0.05874961 -0.05153116 0.00400000
v -0.05750000 -0.05275000 0.00400000
v -0.05874961 -0.05146884 0.00400000
v -0.05743769 -0.05274845 0.00400000
v -0.05874650 -0.05140659 0.00400000
v -0.05737554 -0.05274379 0.00400000
v -0.05874030 -0.05134457 0.00400000
v -0.05731370 -0.05273604 0.00400000
v -0.05873101 -0.05128294 0.00400000
v -0.05725232 -0.05272522 0.00400000
v -0.05871866 -0.05122185 0.00400000
v -0.05719155 -0.05271135 0.00400000
v -0.05870328 -0.05116145 0.00400000
v -0.05713156 -0.05269447 0.00400000
v -0.05868491 -0.05110189 0.00400000
v -0.05707247 -0.05267462 0.00400000
v -0.05866359 -0.05104332 0.00400000
v -0.05701446 -0.05265185 0.00400000
v -0.05695765 -0.05262621 0.00400000
v -0.05690218 -0.05259778 0.00400000
v -0.05684821 -0.05256661 0.00400000
v -0.05679585 -0.05253280 0.00400000
v -0.05674524 -0.05249642 0.00400000
v -0.05669652 -0.05245756 0.00400000
v -0.05644997 -0.05082182 0.00400000
v -0.03864483 -0.03610280 0.00400000
v -0.05648508 -0.05077032 0.00400000
v -0.05641747 -0.05087500 0.00400000
v -0.03860022 -0.03614631 0.00400000
v -0.03868723 -0.03605711 0.00400000
v -0.05652271 -0.05072064 0.00400000
v -0.05638766 -0.05092974 0.00400000
v -0.03855348 -0.03618756 0.00400000
v -0.03872729 -0.03600936 0.00400000
v -0.05656277 -0.05067289 0.00400000
v -0.05636062 -0.05098589 0.00400000
v -0.03850476 -0.03622642 0.00400000
v -0.03876492 -0.03595968 0.00400000
v -0.05660517 -0.05062720 0.00400000
v -0.05633641 -0.05104332 0.00400000
v -0.03845415 -0.03626280 0.00400000
v -0.03880003 -0.03590818 0.00400000
v -0.05664978 -0.05058369 0.00400000
v -0.05631509 -0.05110189 0.00400000
v -0.03840179 -0.03629661 0.00400000
v -0.03883253 -0.03585500 0.00400000
v -0.05669652 -0.05054244 0.00400000
v -0.05629672 -0.05116145 0.00400000
v -0.03834782 -0.03632778 0.00400000
v -0.03886234 -0.03580026 0.00400000
v -0.05674524 -0.05050358 0.00400000
v -0.05628134 -0.05122185 0.00400000
v -0.03829235 -0.03635621 0.00400000
v -0.03888938 -0.03574411 0.00400000
v -0.05679585 -0.05046720 0.00400000
v -0.05626899 -0.05128294 0.00400000
v -0.03823554 -0.03638185 0.00400000
v -0.03891359 -0.03568668 0.00400000
v -0.05684821 -0.05043339 0.00400000
v -0.05625970 -0.05134457 0.00400000
v -0.03817753 -0.03640462 0.00400000
v -0.03893491 -0.03562811 0.00400000
v -0.05690218 -0.05040222 0.00400000
v -0.05625350 -0.05140659 0.00400000
v -0.03811844 -0.03642447 0.00400000
v -0.03895328 -0.03556855 0.00400000
v -0.05695765 -0.05037379 0.00400000
v -0.05625039 -0.05146884 0.00400000
v -0.03805845 -0.03644135 0.00400000
v -0.03896866 -0.03550815 0.00400000
v -0.05701446 -0.05034815 0.00400000
v -0.05625039 -0.05153116 0.00400000
v -0.03799768 -0.03645522 0.00400000
v -0.03898101 -0.03544706 0.00400000
v -0.05707247 -0.05032538 0.00400000
v -0.05625350 -0.05159341 0.00400000
v -0.03793630 -0.03646604 0.00400000
v -0.03899030 -0.03538543 0.00400000
v -0.05713156 -0.05030553 0.00400000
v -0.03787446 -0.03647379 0.00400000
v -0.05625970 -0.05165543 0.00400000
v -0.03899650 -0.03532341 0.00400000
v -0.05719155 -0.05028865 0.00400000
v -0.03781231 -0.03647845 0.00400000
v -0.05626899 -0.05171706 0.00400000
v -0.03899961 -0.03526116 0.00400000
v -0.05725232 -0.05027478 0.00400000
v -0.05628134 -0.05177815 0.00400000
v -0.03775000 -0.03648000 0.00400000
v -0.03899961 -0.03519884 0.00400000
v -0.05731370 -0.05026396 0.00400000
v -0.05629672 -0.05183855 0.00400000
v -0.03768769 -0.03647845 0.00400000
v -0.03899650 -0.03513659 0.00400000
v -0.05737554 -0.05025621 0.00400000
v -0.05631509 -0.05189811 0.00400000
v -0.03762554 -0.03647379 0.00400000
v -0.03899030 -0.03507457 0.00400000
v -0.05743769 -0.05025155 0.00400000
v -0.05633641 -0.05195668 0.00400000
v -0.03756370 -0.03646604 0.00400000
v -0.03898101 -0.03501294 0.00400000
v -0.05750000 -0.05025000 0.00400000
v -0.03750232 -0.03645522 0.00400000
v -0.03896866 -0.03495185 0.00400000
v -0.05756231 -0.05025155 0.00400000
v -0.05835022 -0.05058369 0.00400000
v -0.05835022 -0.00941631 0.00400000
v -0.05839483 -0.05062720 0.00400000
v -0.05839483 -0.00937280 0.00400000
v -0.05843723 -0.00932711 0.00400000
v -0.05843723 -0.05067289 0.00400000
v -0.05830348 -0.05054244 0.00400000
v -0.05830348 -0.00945756 0.00400000
v -0.05847729 -0.00927936 0.00400000
v -0.05847729 -0.05072064 0.00400000
v -0.05825476 -0.05050358 0.00400000
v -0.05825476 -0.00949642 0.00400000
v -0.05851492 -0.00922968 0.00400000
v -0.05851492 -0.05077032 0.00400000
v -0.05820415 -0.05046720 0.00400000
v -0.05820415 -0.00953280 0.00400000
v -0.05855003 -0.05082182 0.00400000
v -0.05855003 -0.00917818 0.00400000
v -0.05858253 -0.05087500 0.00400000
v -0.05815179 -0.05043339 0.00400000
v -0.05815179 -0.00956661 0.00400000
v -0.05858253 -0.00912500 0.00400000
v -0.05861234 -0.05092974 0.00400000
v -0.05809782 -0.05040222 0.00400000
v -0.05809782 -0.00959778 0.00400000
v -0.05861234 -0.00907026 0.00400000
v -0.05804235 -0.05037379 0.00400000
v -0.05804235 -0.00962621 0.00400000
v -0.05863938 -0.05098589 0.00400000
v -0.05863938 -0.00901411 0.00400000
v -0.05798554 -0.00965185 0.00400000
v -0.05798554 -0.05034815 0.00400000
v -0.05792753 -0.05032538 0.00400000
v -0.05866359 -0.00895668 0.00400000
v -0.05792753 -0.00967462 0.00400000
v -0.05868491 -0.00889811 0.00400000
v -0.05786844 -0.05030553 0.00400000
v -0.05786844 -0.00969447 0.00400000
v -0.05870328 -0.00883855 0.00400000
v -0.05780845 -0.00971135 0.00400000
v -0.05780845 -0.05028865 0.00400000
v -0.05774768 -0.05027478 0.00400000
v -0.05871866 -0.00877815 0.00400000
v -0.05774768 -0.00972522 0.00400000
v -0.05873101 -0.00871706 0.00400000
v -0.05768630 -0.00973604 0.00400000
v -0.05768630 -0.05026396 0.00400000
v -0.05874030 -0.00865543 0.00400000
v -0.05762446 -0.05025621 0.00400000
v -0.05762446 -0.00974379 0.00400000
v -0.05874650 -0.00859341 0.00400000
v -0.05756231 -0.00974845 0.00400000
v -0.05874961 -0.00853116 0.00400000
v -0.05874961 -0.00846884 0.00400000
v -0.03650970 -0.03507457 0.00400000
v -0.03651899 -0.03501294 0.00400000
v -0.03650350 -0.03513659 0.00400000
v -0.03650039 -0.03519884 0.00400000
v -0.03650039 -0.03526116 0.00400000
v -0.03650350 -0.03532341 0.00400000
v -0.03650970 -0.03538543 0.00400000
v -0.03651899 -0.03544706 0.00400000
v -0.03653134 -0.03550815 0.00400000
v -0.03654672 -0.03556855 0.00400000
v -0.03656509 -0.03562811 0.00400000
v -0.03658641 -0.03568668 0.00400000
v -0.03661062 -0.03574411 0.00400000
v -0.05636062 -0.05201411 0.00400000
v -0.03663766 -0.03580026 0.00400000
v -0.05638766 -0.05207026 0.00400000
v -0.03666747 -0.03585500 0.00400000
v -0.05641747 -0.05212500 0.00400000
v -0.03669997 -0.03590818 0.00400000
v -0.05644997 -0.05217818 0.00400000
v -0.03673508 -0.03595968 0.00400000
v -0.05648508 -0.05222968 0.00400000
v -0.03677271 -0.03600936 0.00400000
v -0.05652271 -0.05227936 0.00400000
v -0.03681277 -0.03605711 0.00400000
v -0.05656277 -0.05232711 0.00400000
v -0.03685517 -0.03610280 0.00400000
v -0.05660517 -0.05237280 0.00400000
v -0.03689978 -0.03614631 0.00400000
v -0.05664978 -0.05241631 0.00400000
v -0.03694652 -0.03618756 0.00400000
v -0.03699524 -0.03622642 0.00400000
v -0.03704585 -0.03626280 0.00400000
v -0.03709821 -0.03629661 0.00400000
v -0.03715218 -0.03632778 0.00400000
v -0.03720765 -0.03635621 0.00400000
v -0.03726446 -0.03638185 0.00400000
v -0.03732247 -0.03640462 0.00400000
v -0.03738156 -0.03642447 0.00400000
v -0.03744155 -0.03644135 0.00400000
v -0.03860022 -0.03431369 0.00400000
v -0.03864483 -0.02564280 0.00400000
v -0.03864483 -0.03435720 0.00400000
v -0.03860022 -0.02568631 0.00400000
v -0.03868723 -0.02559711 0.00400000
v -0.03868723 -0.03440289 0.00400000
v -0.03855348 -0.03427244 0.00400000
v -0.03855348 -0.02572756 0.00400000
v -0.03872729 -0.02554936 0.00400000
v -0.03872729 -0.03445064 0.00400000
v -0.03850476 -0.03423358 0.00400000
v -0.03850476 -0.02576642 0.00400000
v -0.03876492 -0.02549968 0.00400000
v -0.03876492 -0.03450032 0.00400000
v -0.03845415 -0.03419720 0.00400000
v -0.03845415 -0.02580280 0.00400000
v -0.03840179 -0.03416339 0.00400000
v -0.03880003 -0.03455182 0.00400000
v -0.03880003 -0.02544818 0.00400000
v -0.03883253 -0.03460500 0.00400000
v -0.03840179 -0.02583661 0.00400000
v -0.03883253 -0.02539500 0.00400000
v -0.03834782 -0.03413222 0.00400000
v -0.03834782 -0.02586778 0.00400000
v -0.03886234 -0.02534026 0.00400000
v -0.03886234 -0.03465974 0.00400000
v -0.03829235 -0.03410379 0.00400000
v -0.03829235 -0.02589621 0.00400000
v -0.03888938 -0.02528411 0.00400000
v -0.03888938 -0.03471589 0.00400000
v -0.03823554 -0.03407815 0.00400000
v -0.03823554 -0.02592185 0.00400000
v -0.03817753 -0.03405538 0.00400000
v -0.03891359 -0.03477332 0.00400000
v -0.03891359 -0.02522668 0.00400000
v -0.03893491 -0.03483189 0.00400000
v -0.03817753 -0.02594462 0.00400000
v -0.03893491 -0.02516811 0.00400000
v -0.03811844 -0.03403553 0.00400000
v -0.03811844 -0.02596447 0.00400000
v -0.03805845 -0.03401865 0.00400000
v -0.03895328 -0.02510855 0.00400000
v -0.03895328 -0.03489145 0.00400000
v -0.03805845 -0.02598135 0.00400000
v -0.03896866 -0.02504815 0.00400000
v -0.05750000 -0.00975000 0.00400000
v -0.03799768 -0.03400478 0.00400000
v -0.03799768 -0.02599522 0.00400000
v -0.03898101 -0.02498706 0.00400000
v -0.05743769 -0.00974845 0.00400000
v -0.03793630 -0.03399396 0.00400000
v -0.03793630 -0.02600604 0.00400000
v -0.03787446 -0.03398621 0.00400000
v -0.03899030 -0.02492543 0.00400000
v -0.05737554 -0.00974379 0.00400000
v -0.03781231 -0.03398155 0.00400000
v -0.03787446 -0.02601379 0.00400000
v -0.03899650 -0.02486341 0.00400000
v -0.05731370 -0.00973604 0.00400000
v -0.03781231 -0.02601845 0.00400000
v -0.03899961 -0.02480116 0.00400000
v -0.05725232 -0.00972522 0.00400000
v -0.03775000 -0.02602000 0.00400000
v -0.03775000 -0.03398000 0.00400000
v -0.03899961 -0.02473884 0.00400000
v -0.05719155 -0.00971135 0.00400000
v -0.03768769 -0.03398155 0.00400000
v -0.03768769 -0.02601845 0.00400000
v -0.03899650 -0.02467659 0.00400000
v -0.05713156 -0.00969447 0.00400000
v -0.03762554 -0.03398621 0.00400000
v -0.03762554 -0.02601379 0.00400000
v -0.03899030 -0.02461457 0.00400000
v -0.05707247 -0.00967462 0.00400000
v -0.03756370 -0.03399396 0.00400000
v -0.03756370 -0.02600604 0.00400000
v -0.03750232 -0.03400478 0.00400000
v -0.03898101 -0.02455294 0.00400000
v -0.05701446 -0.00965185 0.00400000
v -0.03744155 -0.03401865 0.00400000
v -0.03750232 -0.02599522 0.00400000
v -0.03896866 -0.02449185 0.00400000
v -0.05695765 -0.00962621 0.00400000
v -0.03738156 -0.03403553 0.00400000
v -0.03744155 -0.02598135 0.00400000
v -0.03895328 -0.02443145 0.00400000
v -0.05690218 -0.00959778 0.00400000
v -0.03738156 -0.02596447 0.00400000
v -0.03893491 -0.02437189 0.00400000
v -0.05684821 -0.00956661 0.00400000
v -0.03732247 -0.03405538 0.00400000
v -0.03732247 -0.02594462 0.00400000
v -0.03891359 -0.02431332 0.00400000
v -0.05679585 -0.00953280 0.00400000
v -0.03726446 -0.03407815 0.00400000
v -0.03726446 -0.02592185 0.00400000
v -0.03720765 -0.03410379 0.00400000
v -0.03888938 -0.02425589 0.00400000
v -0.05674524 -0.00949642 0.00400000
v -0.03715218 -0.03413222 0.00400000
v -0.03720765 -0.02589621 0.00400000
v -0.03886234 -0.02419974 0.00400000
v -0.05669652 -0.00945756 0.00400000
v -0.03715218 -0.02586778 0.00400000
v -0.03883253 -0.02414500 0.00400000
v -0.05664978 -0.00941631 0.00400000
v -0.03709821 -0.02583661 0.00400000
v -0.03709821 -0.03416339 0.00400000
v -0.03880003 -0.02409182 0.00400000
v -0.05660517 -0.00937280 0.00400000
v -0.03704585 -0.02580280 0.00400000
v -0.03704585 -0.03419720 0.00400000
v -0.03876492 -0.02404032 0.00400000
v -0.05656277 -0.00932711 0.00400000
v -0.03699524 -0.03423358 0.00400000
v -0.03699524 -0.02576642 0.00400000
v -0.03872729 -0.02399064 0.00400000
v -0.05652271 -0.00927936 0.00400000
v -0.03694652 -0.03427244 0.00400000
v -0.03694652 -0.02572756 0.00400000
v -0.03868723 -0.02394289 0.00400000
v -0.05648508 -0.00922968 0.00400000
v -0.03689978 -0.03431369 0.00400000
v -0.03689978 -0.02568631 0.00400000
v -0.03864483 -0.02389720 0.00400000
v -0.05644997 -0.00917818 0.00400000
v -0.03685517 -0.03435720 0.00400000
v -0.03685517 -0.02564280 0.00400000
v -0.03681277 -0.03440289 0.00400000
v -0.03860022 -0.02385369 0.00400000
v -0.05641747 -0.00912500 0.00400000
v -0.03681277 -0.02559711 0.00400000
v -0.03855348 -0.02381244 0.00400000
v -0.05638766 -0.00907026 0.00400000
v -0.03677271 -0.02554936 0.00400000
v -0.03677271 -0.03445064 0.00400000
v -0.03850476 -0.02377358 0.00400000
v -0.05636062 -0.00901411 0.00400000
v -0.03673508 -0.03450032 0.00400000
v -0.03673508 -0.02549968 0.00400000
v -0.03669997 -0.03455182 0.00400000
v -0.03845415 -0.02373720 0.00400000
v -0.05633641 -0.00895668 0.00400000
v -0.03666747 -0.03460500 0.00400000
v -0.03669997 -0.02544818 0.00400000
v -0.03840179 -0.02370339 0.00400000
v -0.05631509 -0.00889811 0.00400000
v -0.03663766 -0.03465974 0.00400000
v -0.03666747 -0.02539500 0.00400000
v -0.03834782 -0.02367222 0.00400000
v -0.05629672 -0.00883855 0.00400000
v -0.03663766 -0.02534026 0.00400000
v -0.03829235 -0.02364379 0.00400000
v -0.05628134 -0.00877815 0.00400000
v -0.03661062 -0.02528411 0.00400000
v -0.03661062 -0.03471589 0.00400000
v -0.03658641 -0.03477332 0.00400000
v -0.03823554 -0.02361815 0.00400000
v -0.05626899 -0.00871706 0.00400000
v -0.03658641 -0.02522668 0.00400000
v -0.03817753 -0.02359538 0.00400000
v -0.05625970 -0.00865543 0.00400000
v -0.03656509 -0.02516811 0.00400000
v -0.03656509 -0.03483189 0.00400000
v -0.03811844 -0.02357553 0.00400000
v -0.05625350 -0.00859341 0.00400000
v -0.03654672 -0.02510855 0.00400000
v -0.03654672 -0.03489145 0.00400000
v -0.03653134 -0.03495185 0.00400000
v -0.03805845 -0.02355865 0.00400000
v -0.05625039 -0.00853116 0.00400000
v -0.03653134 -0.02504815 0.00400000
v -0.03799768 -0.02354478 0.00400000
v -0.05625039 -0.00846884 0.00400000
v -0.03651899 -0.02498706 0.00400000
v -0.03793630 -0.02353396 0.00400000
v -0.05625350 -0.00840659 0.00400000
v -0.03650970 -0.02492543 0.00400000
v -0.03787446 -0.02352621 0.00400000
v -0.05625970 -0.00834457 0.00400000
v -0.03650350 -0.02486341 0.00400000
v -0.03781231 -0.02352155 0.00400000
v -0.05626899 -0.00828294 0.00400000
v -0.03650039 -0.02480116 0.00400000
v -0.03775000 -0.02352000 0.00400000
v -0.05628134 -0.00822185 0.00400000
v -0.03650039 -0.02473884 0.00400000
v -0.03768769 -0.02352155 0.00400000
v -0.05629672 -0.00816145 0.00400000
v -0.03650350 -0.02467659 0.00400000
v -0.03762554 -0.02352621 0.00400000
v -0.05631509 -0.00810189 0.00400000
v -0.03650970 -0.02461457 0.00400000
v -0.03756370 -0.02353396 0.00400000
v -0.03651899 -0.02455294 0.00400000
v -0.03653134 -0.02449185 0.00400000
v -0.03654672 -0.02443145 0.00400000
v -0.03656509 -0.02437189 0.00400000
v -0.03658641 -0.02431332 0.00400000
v -0.05839483 -0.00762720 0.00400000
v -0.05839483 0.00762720 0.00400000
v -0.05843723 -0.00767289 0.00400000
v -0.05835022 -0.00758369 0.00400000
v -0.05835022 0.00758369 0.00400000
v -0.05843723 0.00767289 0.00400000
v -0.05847729 -0.00772064 0.00400000
v -0.05830348 0.00754244 0.00400000
v -0.05830348 -0.00754244 0.00400000
v -0.05847729 0.00772064 0.00400000
v -0.05825476 -0.00750358 0.00400000
v -0.05825476 0.00750358 0.00400000
v -0.05820415 -0.00746720 0.00400000
v -0.05851492 0.00777032 0.00400000
v -0.05851492 -0.00777032 0.00400000
v -0.05820415 0.00746720 0.00400000
v -0.05855003 0.00782182 0.00400000
v -0.05855003 -0.00782182 0.00400000
v -0.05815179 -0.00743339 0.00400000
v -0.05815179 0.00743339 0.00400000
v -0.05858253 0.00787500 0.00400000
v -0.05858253 -0.00787500 0.00400000
v -0.05809782 0.00740222 0.00400000
v -0.05809782 -0.00740222 0.00400000
v -0.05861234 0.00792974 0.00400000
v -0.05861234 -0.00792974 0.00400000
v -0.05804235 0.00737379 0.00400000
v -0.05804235 -0.00737379 0.00400000
v -0.05863938 -0.00798589 0.00400000
v -0.05863938 0.00798589 0.00400000
v -0.05866359 -0.00804332 0.00400000
v -0.05798554 -0.00734815 0.00400000
v -0.05798554 0.00734815 0.00400000
v -0.05866359 0.00804332 0.00400000
v -0.05792753 -0.00732538 0.00400000
v -0.05792753 0.00732538 0.00400000
v -0.05868491 0.00810189 0.00400000
v -0.05868491 -0.00810189 0.00400000
v -0.05786844 0.00730553 0.00400000
v -0.05786844 -0.00730553 0.00400000
v -0.05870328 0.00816145 0.00400000
v -0.05870328 -0.00816145 0.00400000
v -0.05780845 -0.00728865 0.00400000
v -0.05780845 0.00728865 0.00400000
v -0.05871866 0.00822185 0.00400000
v -0.05871866 -0.00822185 0.00400000
v -0.05774768 -0.00727478 0.00400000
v -0.05774768 0.00727478 0.00400000
v -0.05873101 -0.00828294 0.00400000
v -0.05873101 0.00828294 0.00400000
v -0.05874030 -0.00834457 0.00400000
v -0.05768630 0.00726396 0.00400000
v -0.05768630 -0.00726396 0.00400000
v -0.05874030 0.00834457 0.00400000
v -0.05874650 -0.00840659 0.00400000
v -0.05762446 0.00725621 0.00400000
v -0.05762446 -0.00725621 0.00400000
v -0.05874650 0.00840659 0.00400000
v -0.05756231 -0.00725155 0.00400000
v -0.05756231 0.00725155 0.00400000
v -0.05874961 0.00846884 0.00400000
v -0.05743769 -0.00725155 0.00400000
v -0.05750000 0.00725000 0.00400000
v -0.05750000 -0.00725000 0.00400000
v -0.05743769 0.00725155 0.00400000
v -0.05737554 0.00725621 0.00400000
v -0.05737554 -0.00725621 0.00400000
v -0.05731370 -0.00726396 0.00400000
v -0.05731370 0.00726396 0.00400000
v -0.05725232 -0.00727478 0.00400000
v -0.05725232 0.00727478 0.00400000
v -0.05719155 -0.00728865 0.00400000
v -0.05719155 0.00728865 0.00400000
v -0.05713156 -0.00730553 0.00400000
v -0.05713156 0.00730553 0.00400000
v -0.05707247 -0.00732538 0.00400000
v -0.05707247 0.00732538 0.00400000
v -0.05701446 0.00734815 0.00400000
v -0.05701446 -0.00734815 0.00400000
v -0.05695765 -0.00737379 0.00400000
v -0.05695765 0.00737379 0.00400000
v -0.05690218 0.00740222 0.00400000
v -0.05690218 -0.00740222 0.00400000
v -0.05684821 -0.00743339 0.00400000
v -0.05684821 0.00743339 0.00400000
v -0.05679585 0.00746720 0.00400000
v -0.05679585 -0.00746720 0.00400000
v -0.05674524 -0.00750358 0.00400000
v -0.05674524 0.00750358 0.00400000
v -0.05669652 0.00754244 0.00400000
v -0.05669652 -0.00754244 0.00400000
v -0.05664978 0.00758369 0.00400000
v -0.05664978 -0.00758369 0.00400000
v -0.05660517 -0.00762720 0.00400000
v -0.05656277 -0.00767289 0.00400000
v -0.05660517 0.00762720 0.00400000
v -0.05656277 0.00767289 0.00400000
v -0.05652271 -0.00772064 0.00400000
v -0.05652271 0.00772064 0.00400000
v -0.05648508 0.00777032 0.00400000
v -0.05648508 -0.00777032 0.00400000
v -0.05644997 -0.00782182 0.00400000
v -0.05644997 0.00782182 0.00400000
v -0.05641747 0.00787500 0.00400000
v -0.05641747 -0.00787500 0.00400000
v -0.05638766 0.00792974 0.00400000
v -0.05638766 -0.00792974 0.00400000
v -0.05636062 -0.00798589 0.00400000
v -0.05636062 0.00798589 0.00400000
v -0.05633641 0.00804332 0.00400000
v -0.05633641 -0.00804332 0.00400000
v -0.05631509 0.00810189 0.00400000
v -0.05644997 0.00917818 0.00400000
v -0.03864483 0.02389720 0.00400000
v -0.05648508 0.00922968 0.00400000
v -0.03860022 0.02385369 0.00400000
v -0.05641747 0.00912500 0.00400000
v -0.03868723 0.02394289 0.00400000
v -0.05652271 0.00927936 0.00400000
v -0.03855348 0.02381244 0.00400000
v -0.05638766 0.00907026 0.00400000
v -0.03872729 0.02399064 0.00400000
v -0.05656277 0.00932711 0.00400000
v -0.03850476 0.02377358 0.00400000
v -0.05636062 0.00901411 0.00400000
v -0.03876492 0.02404032 0.00400000
v -0.05660517 0.00937280 0.00400000
v -0.05633641 0.00895668 0.00400000
v -0.03845415 0.02373720 0.00400000
v -0.03880003 0.02409182 0.00400000
v -0.05664978 0.00941631 0.00400000
v -0.03840179 0.02370339 0.00400000
v -0.05631509 0.00889811 0.00400000
v -0.03883253 0.02414500 0.00400000
v -0.05669652 0.00945756 0.00400000
v -0.03834782 0.02367222 0.00400000
v -0.05629672 0.00883855 0.00400000
v -0.03886234 0.02419974 0.00400000
v -0.05674524 0.00949642 0.00400000
v -0.03829235 0.02364379 0.00400000
v -0.05628134 0.00877815 0.00400000
v -0.03888938 0.02425589 0.00400000
v -0.05679585 0.00953280 0.00400000
v -0.05626899 0.00871706 0.00400000
v -0.03823554 0.02361815 0.00400000
v -0.03891359 0.02431332 0.00400000
v -0.05684821 0.00956661 0.00400000
v -0.05625970 0.00865543 0.00400000
v -0.03817753 0.02359538 0.00400000
v -0.03893491 0.02437189 0.00400000
v -0.05690218 0.00959778 0.00400000
v -0.05625350 0.00859341 0.00400000
v -0.03811844 0.02357553 0.00400000
v -0.03895328 0.02443145 0.00400000
v -0.05695765 0.00962621 0.00400000
v -0.05625039 0.00853116 0.00400000
v -0.03805845 0.02355865 0.00400000
v -0.03896866 0.02449185 0.00400000
v -0.05701446 0.00965185 0.00400000
v -0.03799768 0.02354478 0.00400000
v -0.05625039 0.00846884 0.00400000
v -0.03898101 0.02455294 0.00400000
v -0.05707247 0.00967462 0.00400000
v -0.03793630 0.02353396 0.00400000
v -0.05625350 0.00840659 0.00400000
v -0.03899030 0.02461457 0.00400000
v -0.05713156 0.00969447 0.00400000
v -0.03787446 0.02352621 0.00400000
v -0.05625970 0.00834457 0.00400000
v -0.03899650 0.02467659 0.00400000
v -0.05719155 0.00971135 0.00400000
v -0.03781231 0.02352155 0.00400000
v -0.05626899 0.00828294 0.00400000
v -0.03899961 0.02473884 0.00400000
v -0.05725232 0.00972522 0.00400000
v -0.03775000 0.02352000 0.00400000
v -0.05628134 0.00822185 0.00400000
v -0.03899961 0.02480116 0.00400000
v -0.05731370 0.00973604 0.00400000
v -0.03768769 0.02352155 0.00400000
v -0.05629672 0.00816145 0.00400000
v -0.03899650 0.02486341 0.00400000
v -0.05737554 0.00974379 0.00400000
v -0.03762554 0.02352621 0.00400000
v -0.03899030 0.02492543 0.00400000
v -0.05743769 0.00974845 0.00400000
v -0.03756370 0.02353396 0.00400000
v -0.03750232 -0.02354478 0.00400000
v -0.03898101 0.02498706 0.00400000
v -0.05750000 0.00975000 0.00400000
v -0.03750232 0.02354478 0.00400000
v -0.03896866 0.02504815 0.00400000
v -0.05756231 0.00974845 0.00400000
v -0.03744155 0.02355865 0.00400000
v -0.03744155 -0.02355865 0.00400000
v -0.03738156 -0.02357553 0.00400000
v -0.03732247 -0.02359538 0.00400000
v -0.03738156 0.02357553 0.00400000
v -0.03732247 0.02359538 0.00400000
v -0.03726446 -0.02361815 0.00400000
v -0.03726446 0.02361815 0.00400000
v -0.03720765 -0.02364379 0.00400000
v -0.03715218 -0.02367222 0.00400000
v -0.03720765 0.02364379 0.00400000
v -0.03715218 0.02367222 0.00400000
v -0.03709821 -0.02370339 0.00400000
v -0.03709821 0.02370339 0.00400000
v -0.03704585 -0.02373720 0.00400000
v -0.03704585 0.02373720 0.00400000
v -0.03699524 -0.02377358 0.00400000
v -0.03699524 0.02377358 0.00400000
v -0.03694652 -0.02381244 0.00400000
v -0.03694652 0.02381244 0.00400000
v -0.03689978 -0.02385369 0.00400000
v -0.03689978 0.02385369 0.00400000
v -0.03685517 -0.02389720 0.00400000
v -0.03685517 0.02389720 0.00400000
v -0.03681277 -0.02394289 0.00400000
v -0.03681277 0.02394289 0.00400000
v -0.03677271 0.02399064 0.00400000
v -0.03677271 -0.02399064 0.00400000
v -0.03673508 -0.02404032 0.00400000
v -0.03673508 0.02404032 0.00400000
v -0.03669997 0.02409182 0.00400000
v -0.03669997 -0.02409182 0.00400000
v -0.03666747 -0.02414500 0.00400000
v -0.03666747 0.02414500 0.00400000
v -0.03663766 0.02419974 0.00400000
v -0.03663766 -0.02419974 0.00400000
v -0.03661062 0.02425589 0.00400000
v -0.03661062 -0.02425589 0.00400000
v -0.03658641 0.02431332 0.00400000
v -0.05839483 0.00937280 0.00400000
v -0.05839483 0.05062720 0.00400000
v -0.05843723 0.00932711 0.00400000
v -0.05835022 0.05058369 0.00400000
v -0.05835022 0.00941631 0.00400000
v -0.05843723 0.05067289 0.00400000
v -0.05830348 0.05054244 0.00400000
v -0.05830348 0.00945756 0.00400000
v -0.05847729 0.05072064 0.00400000
v -0.05847729 0.00927936 0.00400000
v -0.05825476 0.05050358 0.00400000
v -0.05825476 0.00949642 0.00400000
v -0.05820415 0.00953280 0.00400000
v -0.05851492 0.05077032 0.00400000
v -0.05851492 0.00922968 0.00400000
v -0.05820415 0.05046720 0.00400000
v -0.05855003 0.05082182 0.00400000
v -0.05855003 0.00917818 0.00400000
v -0.05858253 0.00912500 0.00400000
v -0.05815179 0.00956661 0.00400000
v -0.05815179 0.05043339 0.00400000
v -0.05858253 0.05087500 0.00400000
v -0.05809782 0.05040222 0.00400000
v -0.05809782 0.00959778 0.00400000
v -0.05861234 0.05092974 0.00400000
v -0.05861234 0.00907026 0.00400000
v -0.05804235 0.05037379 0.00400000
v -0.05804235 0.00962621 0.00400000
v -0.05863938 0.05098589 0.00400000
v -0.05863938 0.00901411 0.00400000
v -0.05866359 0.00895668 0.00400000
v -0.05798554 0.05034815 0.00400000
v -0.05798554 0.00965185 0.00400000
v -0.05866359 0.05104332 0.00400000
v -0.05792753 0.05032538 0.00400000
v -0.05792753 0.00967462 0.00400000
v -0.05786844 0.05030553 0.00400000
v -0.05786844 0.00969447 0.00400000
v -0.05780845 0.00971135 0.00400000
v -0.05780845 0.05028865 0.00400000
v -0.05774768 0.05027478 0.00400000
v -0.05774768 0.00972522 0.00400000
v -0.05768630 0.05026396 0.00400000
v -0.05768630 0.00973604 0.00400000
v -0.05762446 0.05025621 0.00400000
v -0.05762446 0.00974379 0.00400000
v -0.05756231 0.05025155 0.00400000
v -0.03860022 0.02568631 0.00400000
v -0.03864483 0.03435720 0.00400000
v -0.03864483 0.02564280 0.00400000
v -0.03860022 0.03431369 0.00400000
v -0.03868723 0.03440289 0.00400000
v -0.03868723 0.02559711 0.00400000
v -0.03872729 0.02554936 0.00400000
v -0.03855348 0.03427244 0.00400000
v -0.03855348 0.02572756 0.00400000
v -0.03872729 0.03445064 0.00400000
v -0.03850476 0.03423358 0.00400000
v -0.03850476 0.02576642 0.00400000
v -0.03876492 0.03450032 0.00400000
v -0.03876492 0.02549968 0.00400000
v -0.03845415 0.03419720 0.00400000
v -0.03845415 0.02580280 0.00400000
v -0.03840179 0.02583661 0.00400000
v -0.03880003 0.03455182 0.00400000
v -0.03880003 0.02544818 0.00400000
v -0.03834782 0.02586778 0.00400000
v -0.03840179 0.03416339 0.00400000
v -0.03883253 0.03460500 0.00400000
v -0.03883253 0.02539500 0.00400000
v -0.03834782 0.03413222 0.00400000
v -0.03886234 0.03465974 0.00400000
v -0.03886234 0.02534026 0.00400000
v -0.03829235 0.02589621 0.00400000
v -0.03829235 0.03410379 0.00400000
v -0.03888938 0.03471589 0.00400000
v -0.03888938 0.02528411 0.00400000
v -0.03823554 0.03407815 0.00400000
v -0.03823554 0.02592185 0.00400000
v -0.03891359 0.03477332 0.00400000
v -0.03891359 0.02522668 0.00400000
v -0.03817753 0.03405538 0.00400000
v -0.03817753 0.02594462 0.00400000
v -0.03893491 0.02516811 0.00400000
v -0.03893491 0.03483189 0.00400000
v -0.03895328 0.02510855 0.00400000
v -0.03811844 0.02596447 0.00400000
v -0.03811844 0.03403553 0.00400000
v -0.03805845 0.02598135 0.00400000
v -0.03895328 0.03489145 0.00400000
v -0.03799768 0.02599522 0.00400000
v -0.03805845 0.03401865 0.00400000
v -0.03896866 0.03495185 0.00400000
v -0.05750000 0.05025000 0.00400000
v -0.05768630 0.05273604 0.00400000
v -0.06200000 0.05800000 0.00400000
v -0.05774768 0.05272522 0.00400000
v -0.05762446 0.05274379 0.00400000
v -0.05756231 0.05274845 0.00400000
v -0.05750000 0.05275000 0.00400000
v -0.05874961 0.00853116 0.00400000
v -0.05874650 0.00859341 0.00400000
v -0.05874030 0.00865543 0.00400000
v -0.05873101 0.00871706 0.00400000
v -0.05871866 0.00877815 0.00400000
v -0.05870328 0.00883855 0.00400000
v -0.05868491 0.00889811 0.00400000
v -0.05868491 0.05110189 0.00400000
v -0.05870328 0.05116145 0.00400000
v -0.05871866 0.05122185 0.00400000
v -0.05873101 0.05128294 0.00400000
v -0.05874030 0.05134457 0.00400000
v -0.05874650 0.05140659 0.00400000
v -0.05874961 0.05146884 0.00400000
v -0.05874961 0.05153116 0.00400000
v -0.05874650 0.05159341 0.00400000
v -0.05874030 0.05165543 0.00400000
v -0.05873101 0.05171706 0.00400000
v -0.05871866 0.05177815 0.00400000
v -0.05870328 0.05183855 0.00400000
v -0.05868491 0.05189811 0.00400000
v -0.05743769 0.05274845 0.00400000
v -0.05866359 0.05195668 0.00400000
v -0.05737554 0.05274379 0.00400000
v -0.05863938 0.05201411 0.00400000
v -0.05731370 0.05273604 0.00400000
v -0.05861234 0.05207026 0.00400000
v -0.05725232 0.05272522 0.00400000
v -0.05858253 0.05212500 0.00400000
v -0.05719155 0.05271135 0.00400000
v -0.05855003 0.05217818 0.00400000
v -0.05713156 0.05269447 0.00400000
v -0.05851492 0.05222968 0.00400000
v -0.05707247 0.05267462 0.00400000
v -0.05847729 0.05227936 0.00400000
v -0.05701446 0.05265185 0.00400000
v -0.05843723 0.05232711 0.00400000
v -0.05695765 0.05262621 0.00400000
v -0.05839483 0.05237280 0.00400000
v -0.05690218 0.05259778 0.00400000
v -0.05835022 0.05241631 0.00400000
v -0.05684821 0.05256661 0.00400000
v -0.05830348 0.05245756 0.00400000
v -0.05679585 0.05253280 0.00400000
v -0.05825476 0.05249642 0.00400000
v -0.05674524 0.05249642 0.00400000
v -0.05820415 0.05253280 0.00400000
v -0.05669652 0.05245756 0.00400000
v -0.05815179 0.05256661 0.00400000
v -0.05809782 0.05259778 0.00400000
v -0.05804235 0.05262621 0.00400000
v -0.05798554 0.05265185 0.00400000
v -0.05792753 0.05267462 0.00400000
v -0.05786844 0.05269447 0.00400000
v -0.05780845 0.05271135 0.00400000
v -0.03799768 0.03400478 0.00400000
v -0.03898101 0.03501294 0.00400000
v -0.05743769 0.05025155 0.00400000
v -0.03793630 0.02600604 0.00400000
v -0.03793630 0.03399396 0.00400000
v -0.03899030 0.03507457 0.00400000
v -0.05737554 0.05025621 0.00400000
v -0.03787446 0.03398621 0.00400000
v -0.03787446 0.02601379 0.00400000
v -0.03899650 0.03513659 0.00400000
v -0.05731370 0.05026396 0.00400000
v -0.03781231 0.03398155 0.00400000
v -0.03781231 0.02601845 0.00400000
v -0.03899961 0.03519884 0.00400000
v -0.05725232 0.05027478 0.00400000
v -0.03775000 0.03398000 0.00400000
v -0.03775000 0.02602000 0.00400000
v -0.03899961 0.03526116 0.00400000
v -0.05719155 0.05028865 0.00400000
v -0.03768769 0.03398155 0.00400000
v -0.03768769 0.02601845 0.00400000
v -0.03762554 0.02601379 0.00400000
v -0.03899650 0.03532341 0.00400000
v -0.05713156 0.05030553 0.00400000
v -0.03762554 0.03398621 0.00400000
v -0.03899030 0.03538543 0.00400000
v -0.05707247 0.05032538 0.00400000
v -0.03756370 0.03399396 0.00400000
v -0.03756370 0.02600604 0.00400000
v -0.03898101 0.03544706 0.00400000
v -0.05701446 0.05034815 0.00400000
v -0.03750232 0.03400478 0.00400000
v -0.03750232 0.02599522 0.00400000
v -0.03744155 0.02598135 0.00400000
v -0.03896866 0.03550815 0.00400000
v -0.05695765 0.05037379 0.00400000
v -0.03744155 0.03401865 0.00400000
v -0.03895328 0.03556855 0.00400000
v -0.05690218 0.05040222 0.00400000
v -0.03738156 0.03403553 0.00400000
v -0.03738156 0.02596447 0.00400000
v -0.03893491 0.03562811 0.00400000
v -0.05684821 0.05043339 0.00400000
v -0.03732247 0.03405538 0.00400000
v -0.03732247 0.02594462 0.00400000
v -0.03891359 0.03568668 0.00400000
v -0.05679585 0.05046720 0.00400000
v -0.03726446 0.03407815 0.00400000
v -0.03726446 0.02592185 0.00400000
v -0.03888938 0.03574411 0.00400000
v -0.05674524 0.05050358 0.00400000
v -0.03720765 0.03410379 0.00400000
v -0.03720765 0.02589621 0.00400000
v -0.03886234 0.03580026 0.00400000
v -0.05669652 0.05054244 0.00400000
v -0.03715218 0.03413222 0.00400000
v -0.03715218 0.02586778 0.00400000
v -0.03883253 0.03585500 0.00400000
v -0.05664978 0.05058369 0.00400000
v -0.03709821 0.03416339 0.00400000
v -0.03709821 0.02583661 0.00400000
v -0.03880003 0.03590818 0.00400000
v -0.05660517 0.05062720 0.00400000
v -0.03704585 0.02580280 0.00400000
v -0.03704585 0.03419720 0.00400000
v -0.03876492 0.03595968 0.00400000
v -0.05656277 0.05067289 0.00400000
v -0.03699524 0.03423358 0.00400000
v -0.03699524 0.02576642 0.00400000
v -0.03694652 0.02572756 0.00400000
v -0.03872729 0.03600936 0.00400000
v -0.05652271 0.05072064 0.00400000
v -0.03694652 0.03427244 0.00400000
v -0.03868723 0.03605711 0.00400000
v -0.05648508 0.05077032 0.00400000
v -0.03689978 0.02568631 0.00400000
v -0.03689978 0.03431369 0.00400000
v -0.03864483 0.03610280 0.00400000
v -0.05644997 0.05082182 0.00400000
v -0.03685517 0.03435720 0.00400000
v -0.03685517 0.02564280 0.00400000
v -0.03860022 0.03614631 0.00400000
v -0.05641747 0.05087500 0.00400000
v -0.03681277 0.03440289 0.00400000
v -0.03681277 0.02559711 0.00400000
v -0.03855348 0.03618756 0.00400000
v -0.05638766 0.05092974 0.00400000
v -0.03677271 0.02554936 0.00400000
v -0.03677271 0.03445064 0.00400000
v -0.03673508 0.02549968 0.00400000
v -0.03850476 0.03622642 0.00400000
v -0.05636062 0.05098589 0.00400000
v -0.03673508 0.03450032 0.00400000
v -0.03845415 0.03626280 0.00400000
v -0.05633641 0.05104332 0.00400000
v -0.03669997 0.02544818 0.00400000
v -0.03669997 0.03455182 0.00400000
v -0.03840179 0.03629661 0.00400000
v -0.05631509 0.05110189 0.00400000
v -0.03666747 0.03460500 0.00400000
v -0.03666747 0.02539500 0.00400000
v -0.03834782 0.03632778 0.00400000
v -0.05629672 0.05116145 0.00400000
v -0.03663766 0.03465974 0.00400000
v -0.03663766 0.02534026 0.00400000
v -0.03829235 0.03635621 0.00400000
v -0.05628134 0.05122185 0.00400000
v -0.03661062 0.02528411 0.00400000
v -0.03661062 0.03471589 0.00400000
v -0.03823554 0.03638185 0.00400000
v -0.05626899 0.05128294 0.00400000
v -0.03658641 0.03477332 0.00400000
v -0.03658641 0.02522668 0.00400000
v -0.03817753 0.03640462 0.00400000
v -0.05625970 0.05134457 0.00400000
v -0.03656509 0.03483189 0.00400000
v -0.03656509 0.02516811 0.00400000
v -0.03811844 0.03642447 0.00400000
v -0.05625350 0.05140659 0.00400000
v -0.03654672 0.03489145 0.00400000
v -0.03654672 0.02510855 0.00400000
v -0.03653134 0.02504815 0.00400000
v -0.03805845 0.03644135 0.00400000
v -0.05625039 0.05146884 0.00400000
v -0.03653134 0.03495185 0.00400000
v -0.03799768 0.03645522 0.00400000
v -0.05625039 0.05153116 0.00400000
v -0.03651899 0.03501294 0.00400000
v -0.03651899 0.02498706 0.00400000
v -0.03793630 0.03646604 0.00400000
v -0.05625350 0.05159341 0.00400000
v -0.03787446 0.03647379 0.00400000
v -0.05625970 0.05165543 0.00400000
v -0.03781231 0.03647845 0.00400000
v -0.05626899 0.05171706 0.00400000
v -0.03775000 0.03648000 0.00400000
v -0.05628134 0.05177815 0.00400000
v -0.03768769 0.03647845 0.00400000
v -0.05629672 0.05183855 0.00400000
v -0.03762554 0.03647379 0.00400000
v -0.05631509 0.05189811 0.00400000
v -0.03756370 0.03646604 0.00400000
v -0.05633641 0.05195668 0.00400000
v -0.03750232 0.03645522 0.00400000
v -0.05638766 0.05207026 0.00400000
v -0.05641747 0.05212500 0.00400000
v -0.03661062 0.03574411 0.00400000
v -0.03663766 0.03580026 0.00400000
v -0.05636062 0.05201411 0.00400000
v -0.03658641 0.03568668 0.00400000
v -0.03656509 0.03562811 0.00400000
v -0.03654672 0.03556855 0.00400000
v -0.03653134 0.03550815 0.00400000
v -0.03651899 0.03544706 0.00400000
v -0.03650970 0.03538543 0.00400000
v -0.03650350 0.03532341 0.00400000
v -0.03650039 0.03526116 0.00400000
v -0.03650039 0.03519884 0.00400000
v -0.03650350 0.03513659 0.00400000
v -0.03650970 0.03507457 0.00400000
v -0.03650970 0.02492543 0.00400000
v -0.03650350 0.02486341 0.00400000
v -0.03744155 0.03644135 0.00400000
v -0.03650039 0.02480116 0.00400000
v -0.03738156 0.03642447 0.00400000
v -0.03650039 0.02473884 0.00400000
v -0.03732247 0.03640462 0.00400000
v -0.03650350 0.02467659 0.00400000
v -0.03726446 0.03638185 0.00400000
v -0.03650970 0.02461457 0.00400000
v -0.03720765 0.03635621 0.00400000
v -0.03651899 0.02455294 0.00400000
v -0.03715218 0.03632778 0.00400000
v -0.03653134 0.02449185 0.00400000
v -0.03709821 0.03629661 0.00400000
v -0.03654672 0.02443145 0.00400000
v -0.03704585 0.03626280 0.00400000
v -0.03656509 0.02437189 0.00400000
v -0.03699524 0.03622642 0.00400000
v -0.03694652 0.03618756 0.00400000
v -0.03689978 0.03614631 0.00400000
v -0.05664978 0.05241631 0.00400000
v -0.03685517 0.03610280 0.00400000
v -0.05660517 0.05237280 0.00400000
v -0.03681277 0.03605711 0.00400000
v -0.05656277 0.05232711 0.00400000
v -0.03677271 0.03600936 0.00400000
v -0.05652271 0.05227936 0.00400000
v -0.03673508 0.03595968 0.00400000
v -0.05648508 0.05222968 0.00400000
v -0.03669997 0.03590818 0.00400000
v -0.05644997 0.05217818 0.00400000
v -0.03666747 0.03585500 0.00400000
v -0.06200000 -0.05800000 0.01000000
v -0.06200000 0.05800000 0.01000000
v -0.05835022 -0.05241631 0.01000000
v -0.05839483 -0.05237280 0.01000000
v -0.05843723 -0.05232711 0.01000000
v -0.05830348 -0.05245756 0.01000000
v -0.05847729 -0.05227936 0.01000000
v -0.05825476 -0.05249642 0.01000000
v -0.05851492 -0.05222968 0.01000000
v -0.05820415 -0.05253280 0.01000000
v -0.05855003 -0.05217818 0.01000000
v -0.05815179 -0.05256661 0.01000000
v -0.05858253 -0.05212500 0.01000000
v -0.05809782 -0.05259778 0.01000000
v -0.05861234 -0.05207026 0.01000000
v -0.05804235 -0.05262621 0.01000000
v -0.05863938 -0.05201411 0.01000000
v -0.05798554 -0.05265185 0.01000000
v -0.05866359 -0.05195668 0.01000000
v -0.05792753 -0.05267462 0.01000000
v -0.05868491 -0.05189811 0.01000000
v -0.05786844 -0.05269447 0.01000000
v -0.05870328 -0.05183855 0.01000000
v -0.05780845 -0.05271135 0.01000000
v -0.05871866 -0.05177815 0.01000000
v -0.05774768 -0.05272522 0.01000000
v -0.05873101 -0.05171706 0.01000000
v -0.05768630 -0.05273604 0.01000000
v -0.05874030 -0.05165543 0.01000000
v -0.05762446 -0.05274379 0.01000000
v -0.05874650 -0.05159341 0.01000000
v -0.05756231 -0.05274845 0.01000000
v -0.05874961 -0.05153116 0.01000000
v -0.05750000 -0.05275000 0.01000000
v -0.05874961 -0.05146884 0.01000000
v -0.05743769 -0.05274845 0.01000000
v -0.05874650 -0.05140659 0.01000000
v -0.05737554 -0.05274379 0.01000000
v -0.05874030 -0.05134457 0.01000000
v -0.05731370 -0.05273604 0.01000000
v -0.05873101 -0.05128294 0.01000000
v -0.05725232 -0.05272522 0.01000000
v -0.05871866 -0.05122185 0.01000000
v -0.05719155 -0.05271135 0.01000000
v -0.05870328 -0.05116145 0.01000000
v -0.05713156 -0.05269447 0.01000000
v -0.05868491 -0.05110189 0.01000000
v -0.05707247 -0.05267462 0.01000000
v -0.05866359 -0.05104332 0.01000000
v -0.05701446 -0.05265185 0.01000000
v -0.05695765 -0.05262621 0.01000000
v -0.05690218 -0.05259778 0.01000000
v -0.05684821 -0.05256661 0.01000000
v -0.05679585 -0.05253280 0.01000000
v -0.05674524 -0.05249642 0.01000000
v -0.02250000 -0.05800000 0.01000000
v -0.05626899 -0.05171706 0.01000000
v -0.05625970 -0.05165543 0.01000000
v -0.05628134 -0.05177815 0.01000000
v -0.05629672 -0.05183855 0.01000000
v -0.05631509 -0.05189811 0.01000000
v -0.05633641 -0.05195668 0.01000000
v -0.05636062 -0.05201411 0.01000000
v -0.05638766 -0.05207026 0.01000000
v -0.05641747 -0.05212500 0.01000000
v -0.05644997 -0.05217818 0.01000000
v -0.05648508 -0.05222968 0.01000000
v -0.05652271 -0.05227936 0.01000000
v -0.05656277 -0.05232711 0.01000000
v -0.05660517 -0.05237280 0.01000000
v -0.05664978 -0.05241631 0.01000000
v -0.05669652 -0.05245756 0.01000000
v -0.03864483 -0.03610280 0.01000000
v -0.05644997 -0.05082182 0.01000000
v -0.05648508 -0.05077032 0.01000000
v -0.03860022 -0.03614631 0.01000000
v -0.05641747 -0.05087500 0.01000000
v -0.03868723 -0.03605711 0.01000000
v -0.05652271 -0.05072064 0.01000000
v -0.03855348 -0.03618756 0.01000000
v -0.05638766 -0.05092974 0.01000000
v -0.03872729 -0.03600936 0.01000000
v -0.05656277 -0.05067289 0.01000000
v -0.03850476 -0.03622642 0.01000000
v -0.05636062 -0.05098589 0.01000000
v -0.03876492 -0.03595968 0.01000000
v -0.05660517 -0.05062720 0.01000000
v -0.03845415 -0.03626280 0.01000000
v -0.05633641 -0.05104332 0.01000000
v -0.03880003 -0.03590818 0.01000000
v -0.05664978 -0.05058369 0.01000000
v -0.03840179 -0.03629661 0.01000000
v -0.05631509 -0.05110189 0.01000000
v -0.03883253 -0.03585500 0.01000000
v -0.05669652 -0.05054244 0.01000000
v -0.03834782 -0.03632778 0.01000000
v -0.05629672 -0.05116145 0.01000000
v -0.03886234 -0.03580026 0.01000000
v -0.05674524 -0.05050358 0.01000000
v -0.03829235 -0.03635621 0.01000000
v -0.05628134 -0.05122185 0.01000000
v -0.03888938 -0.03574411 0.01000000
v -0.05679585 -0.05046720 0.01000000
v -0.03823554 -0.03638185 0.01000000
v -0.05626899 -0.05128294 0.01000000
v -0.03891359 -0.03568668 0.01000000
v -0.05684821 -0.05043339 0.01000000
v -0.03817753 -0.03640462 0.01000000
v -0.05625970 -0.05134457 0.01000000
v -0.03893491 -0.03562811 0.01000000
v -0.05690218 -0.05040222 0.01000000
v -0.03811844 -0.03642447 0.01000000
v -0.05625350 -0.05140659 0.01000000
v -0.03895328 -0.03556855 0.01000000
v -0.05695765 -0.05037379 0.01000000
v -0.03805845 -0.03644135 0.01000000
v -0.05625039 -0.05146884 0.01000000
v -0.03896866 -0.03550815 0.01000000
v -0.05701446 -0.05034815 0.01000000
v -0.03799768 -0.03645522 0.01000000
v -0.05625039 -0.05153116 0.01000000
v -0.03898101 -0.03544706 0.01000000
v -0.05707247 -0.05032538 0.01000000
v -0.03793630 -0.03646604 0.01000000
v -0.05625350 -0.05159341 0.01000000
v -0.03899030 -0.03538543 0.01000000
v -0.05713156 -0.05030553 0.01000000
v -0.03787446 -0.03647379 0.01000000
v -0.03899650 -0.03532341 0.01000000
v -0.05719155 -0.05028865 0.01000000
v -0.03781231 -0.03647845 0.01000000
v -0.03899961 -0.03526116 0.01000000
v -0.05725232 -0.05027478 0.01000000
v -0.03775000 -0.03648000 0.01000000
v -0.03899961 -0.03519884 0.01000000
v -0.05731370 -0.05026396 0.01000000
v -0.03768769 -0.03647845 0.01000000
v -0.03899650 -0.03513659 0.01000000
v -0.05737554 -0.05025621 0.01000000
v -0.03762554 -0.03647379 0.01000000
v -0.03899030 -0.03507457 0.01000000
v -0.05743769 -0.05025155 0.01000000
v -0.03756370 -0.03646604 0.01000000
v -0.03898101 -0.03501294 0.01000000
v -0.05750000 -0.05025000 0.01000000
v -0.03750232 -0.03645522 0.01000000
v -0.03896866 -0.03495185 0.01000000
v -0.05756231 -0.05025155 0.01000000
v -0.03744155 -0.03644135 0.01000000
v -0.03738156 -0.03642447 0.01000000
v -0.03732247 -0.03640462 0.01000000
v -0.03726446 -0.03638185 0.01000000
v -0.03720765 -0.03635621 0.01000000
v -0.03715218 -0.03632778 0.01000000
v -0.03709821 -0.03629661 0.01000000
v -0.03704585 -0.03626280 0.01000000
v -0.03699524 -0.03622642 0.01000000
v -0.03694652 -0.03618756 0.01000000
v -0.03689978 -0.03614631 0.01000000
v -0.03685517 -0.03610280 0.01000000
v -0.03681277 -0.03605711 0.01000000
v -0.03677271 -0.03600936 0.01000000
v -0.03673508 -0.03595968 0.01000000
v -0.03669997 -0.03590818 0.01000000
v -0.03666747 -0.03585500 0.01000000
v -0.03663766 -0.03580026 0.01000000
v -0.03661062 -0.03574411 0.01000000
v -0.03658641 -0.03568668 0.01000000
v -0.03656509 -0.03562811 0.01000000
v -0.03654672 -0.03556855 0.01000000
v -0.03653134 -0.03550815 0.01000000
v -0.03651899 -0.03544706 0.01000000
v -0.03650970 -0.03538543 0.01000000
v -0.03650350 -0.03532341 0.01000000
v -0.03650039 -0.03526116 0.01000000
v -0.03650039 -0.03519884 0.01000000
v -0.03650350 -0.03513659 0.01000000
v -0.03650970 -0.03507457 0.01000000
v -0.05835022 -0.00941631 0.01000000
v -0.05835022 -0.05058369 0.01000000
v -0.05839483 -0.05062720 0.01000000
v -0.05839483 -0.00937280 0.01000000
v -0.05843723 -0.00932711 0.01000000
v -0.05843723 -0.05067289 0.01000000
v -0.05830348 -0.00945756 0.01000000
v -0.05830348 -0.05054244 0.01000000
v -0.05847729 -0.00927936 0.01000000
v -0.05847729 -0.05072064 0.01000000
v -0.05825476 -0.00949642 0.01000000
v -0.05825476 -0.05050358 0.01000000
v -0.05851492 -0.00922968 0.01000000
v -0.05851492 -0.05077032 0.01000000
v -0.05820415 -0.00953280 0.01000000
v -0.05820415 -0.05046720 0.01000000
v -0.05855003 -0.00917818 0.01000000
v -0.05855003 -0.05082182 0.01000000
v -0.05815179 -0.00956661 0.01000000
v -0.05815179 -0.05043339 0.01000000
v -0.05858253 -0.00912500 0.01000000
v -0.05858253 -0.05087500 0.01000000
v -0.05861234 -0.05092974 0.01000000
v -0.05809782 -0.00959778 0.01000000
v -0.05809782 -0.05040222 0.01000000
v -0.05861234 -0.00907026 0.01000000
v -0.05863938 -0.05098589 0.01000000
v -0.05804235 -0.00962621 0.01000000
v -0.05804235 -0.05037379 0.01000000
v -0.05863938 -0.00901411 0.01000000
v -0.05798554 -0.00965185 0.01000000
v -0.05798554 -0.05034815 0.01000000
v -0.05792753 -0.05032538 0.01000000
v -0.05866359 -0.00895668 0.01000000
v -0.05792753 -0.00967462 0.01000000
v -0.05868491 -0.00889811 0.01000000
v -0.05786844 -0.00969447 0.01000000
v -0.05786844 -0.05030553 0.01000000
v -0.05870328 -0.00883855 0.01000000
v -0.05780845 -0.00971135 0.01000000
v -0.05780845 -0.05028865 0.01000000
v -0.05774768 -0.05027478 0.01000000
v -0.05871866 -0.00877815 0.01000000
v -0.05774768 -0.00972522 0.01000000
v -0.05873101 -0.00871706 0.01000000
v -0.05768630 -0.00973604 0.01000000
v -0.05768630 -0.05026396 0.01000000
v -0.05874030 -0.00865543 0.01000000
v -0.05762446 -0.00974379 0.01000000
v -0.05762446 -0.05025621 0.01000000
v -0.05874650 -0.00859341 0.01000000
v -0.05756231 -0.00974845 0.01000000
v -0.05874961 -0.00853116 0.01000000
v -0.05874961 -0.00846884 0.01000000
v -0.03860022 -0.02568631 0.01000000
v -0.03860022 -0.03431369 0.01000000
v -0.03864483 -0.03435720 0.01000000
v -0.03855348 -0.03427244 0.01000000
v -0.03864483 -0.02564280 0.01000000
v -0.03868723 -0.02559711 0.01000000
v -0.03868723 -0.03440289 0.01000000
v -0.03872729 -0.03445064 0.01000000
v -0.03855348 -0.02572756 0.01000000
v -0.03872729 -0.02554936 0.01000000
v -0.03850476 -0.02576642 0.01000000
v -0.03850476 -0.03423358 0.01000000
v -0.03876492 -0.02549968 0.01000000
v -0.03876492 -0.03450032 0.01000000
v -0.03845415 -0.02580280 0.01000000
v -0.03845415 -0.03419720 0.01000000
v -0.03840179 -0.03416339 0.01000000
v -0.03880003 -0.02544818 0.01000000
v -0.03880003 -0.03455182 0.01000000
v -0.03840179 -0.02583661 0.01000000
v -0.03883253 -0.02539500 0.01000000
v -0.03883253 -0.03460500 0.01000000
v -0.03834782 -0.02586778 0.01000000
v -0.03834782 -0.03413222 0.01000000
v -0.03886234 -0.02534026 0.01000000
v -0.03886234 -0.03465974 0.01000000
v -0.03829235 -0.02589621 0.01000000
v -0.03829235 -0.03410379 0.01000000
v -0.03888938 -0.02528411 0.01000000
v -0.03888938 -0.03471589 0.01000000
v -0.03823554 -0.02592185 0.01000000
v -0.03823554 -0.03407815 0.01000000
v -0.03817753 -0.03405538 0.01000000
v -0.03891359 -0.02522668 0.01000000
v -0.03891359 -0.03477332 0.01000000
v -0.03817753 -0.02594462 0.01000000
v -0.03811844 -0.03403553 0.01000000
v -0.03893491 -0.02516811 0.01000000
v -0.03893491 -0.03483189 0.01000000
v -0.03811844 -0.02596447 0.01000000
v -0.03805845 -0.03401865 0.01000000
v -0.03895328 -0.02510855 0.01000000
v -0.03895328 -0.03489145 0.01000000
v -0.03805845 -0.02598135 0.01000000
v -0.03896866 -0.02504815 0.01000000
v -0.05750000 -0.00975000 0.01000000
v -0.03799768 -0.02599522 0.01000000
v -0.03799768 -0.03400478 0.01000000
v -0.03898101 -0.02498706 0.01000000
v -0.05743769 -0.00974845 0.01000000
v -0.03793630 -0.02600604 0.01000000
v -0.03793630 -0.03399396 0.01000000
v -0.03899030 -0.02492543 0.01000000
v -0.05737554 -0.00974379 0.01000000
v -0.03787446 -0.02601379 0.01000000
v -0.03787446 -0.03398621 0.01000000
v -0.03899650 -0.02486341 0.01000000
v -0.05731370 -0.00973604 0.01000000
v -0.03781231 -0.02601845 0.01000000
v -0.03781231 -0.03398155 0.01000000
v -0.03899961 -0.02480116 0.01000000
v -0.05725232 -0.00972522 0.01000000
v -0.03775000 -0.02602000 0.01000000
v -0.03768769 -0.03398155 0.01000000
v -0.03775000 -0.03398000 0.01000000
v -0.03899961 -0.02473884 0.01000000
v -0.05719155 -0.00971135 0.01000000
v -0.03768769 -0.02601845 0.01000000
v -0.03899650 -0.02467659 0.01000000
v -0.05713156 -0.00969447 0.01000000
v -0.03762554 -0.02601379 0.01000000
v -0.03762554 -0.03398621 0.01000000
v -0.03899030 -0.02461457 0.01000000
v -0.05707247 -0.00967462 0.01000000
v -0.03756370 -0.02600604 0.01000000
v -0.03756370 -0.03399396 0.01000000
v -0.03750232 -0.03400478 0.01000000
v -0.03898101 -0.02455294 0.01000000
v -0.05701446 -0.00965185 0.01000000
v -0.03750232 -0.02599522 0.01000000
v -0.03896866 -0.02449185 0.01000000
v -0.05695765 -0.00962621 0.01000000
v -0.03744155 -0.02598135 0.01000000
v -0.03744155 -0.03401865 0.01000000
v -0.03895328 -0.02443145 0.01000000
v -0.05690218 -0.00959778 0.01000000
v -0.03738156 -0.02596447 0.01000000
v -0.03738156 -0.03403553 0.01000000
v -0.03893491 -0.02437189 0.01000000
v -0.05684821 -0.00956661 0.01000000
v -0.03732247 -0.02594462 0.01000000
v -0.03732247 -0.03405538 0.01000000
v -0.03726446 -0.03407815 0.01000000
v -0.03891359 -0.02431332 0.01000000
v -0.05679585 -0.00953280 0.01000000
v -0.03726446 -0.02592185 0.01000000
v -0.03720765 -0.03410379 0.01000000
v -0.03888938 -0.02425589 0.01000000
v -0.05674524 -0.00949642 0.01000000
v -0.03720765 -0.02589621 0.01000000
v -0.03715218 -0.03413222 0.01000000
v -0.03886234 -0.02419974 0.01000000
v -0.05669652 -0.00945756 0.01000000
v -0.03715218 -0.02586778 0.01000000
v -0.03883253 -0.02414500 0.01000000
v -0.05664978 -0.00941631 0.01000000
v -0.03709821 -0.02583661 0.01000000
v -0.03709821 -0.03416339 0.01000000
v -0.03704585 -0.03419720 0.01000000
v -0.03880003 -0.02409182 0.01000000
v -0.05660517 -0.00937280 0.01000000
v -0.03704585 -0.02580280 0.01000000
v -0.03699524 -0.03423358 0.01000000
v -0.03876492 -0.02404032 0.01000000
v -0.05656277 -0.00932711 0.01000000
v -0.03699524 -0.02576642 0.01000000
v -0.03872729 -0.02399064 0.01000000
v -0.05652271 -0.00927936 0.01000000
v -0.03694652 -0.02572756 0.01000000
v -0.03694652 -0.03427244 0.01000000
v -0.03689978 -0.03431369 0.01000000
v -0.03868723 -0.02394289 0.01000000
v -0.05648508 -0.00922968 0.01000000
v -0.03689978 -0.02568631 0.01000000
v -0.03864483 -0.02389720 0.01000000
v -0.05644997 -0.00917818 0.01000000
v -0.03685517 -0.02564280 0.01000000
v -0.03685517 -0.03435720 0.01000000
v -0.03860022 -0.02385369 0.01000000
v -0.05641747 -0.00912500 0.01000000
v -0.03681277 -0.02559711 0.01000000
v -0.03681277 -0.03440289 0.01000000
v -0.03855348 -0.02381244 0.01000000
v -0.05638766 -0.00907026 0.01000000
v -0.03677271 -0.02554936 0.01000000
v -0.03677271 -0.03445064 0.01000000
v -0.03673508 -0.03450032 0.01000000
v -0.03850476 -0.02377358 0.01000000
v -0.05636062 -0.00901411 0.01000000
v -0.03673508 -0.02549968 0.01000000
v -0.03845415 -0.02373720 0.01000000
v -0.05633641 -0.00895668 0.01000000
v -0.03669997 -0.02544818 0.01000000
v -0.03669997 -0.03455182 0.01000000
v -0.03666747 -0.03460500 0.01000000
v -0.03840179 -0.02370339 0.01000000
v -0.05631509 -0.00889811 0.01000000
v -0.03666747 -0.02539500 0.01000000
v -0.03834782 -0.02367222 0.01000000
v -0.05629672 -0.00883855 0.01000000
v -0.03663766 -0.02534026 0.01000000
v -0.03663766 -0.03465974 0.01000000
v -0.03829235 -0.02364379 0.01000000
v -0.05628134 -0.00877815 0.01000000
v -0.03661062 -0.02528411 0.01000000
v -0.03661062 -0.03471589 0.01000000
v -0.03658641 -0.03477332 0.01000000
v -0.03823554 -0.02361815 0.01000000
v -0.05626899 -0.00871706 0.01000000
v -0.03658641 -0.02522668 0.01000000
v -0.03817753 -0.02359538 0.01000000
v -0.05625970 -0.00865543 0.01000000
v -0.03656509 -0.02516811 0.01000000
v -0.03656509 -0.03483189 0.01000000
v -0.03654672 -0.03489145 0.01000000
v -0.03811844 -0.02357553 0.01000000
v -0.05625350 -0.00859341 0.01000000
v -0.03654672 -0.02510855 0.01000000
v -0.03805845 -0.02355865 0.01000000
v -0.05625039 -0.00853116 0.01000000
v -0.03653134 -0.02504815 0.01000000
v -0.03653134 -0.03495185 0.01000000
v -0.03799768 -0.02354478 0.01000000
v -0.05625039 -0.00846884 0.01000000
v -0.03651899 -0.02498706 0.01000000
v -0.03651899 -0.03501294 0.01000000
v -0.03793630 -0.02353396 0.01000000
v -0.05625350 -0.00840659 0.01000000
v -0.03650970 -0.02492543 0.01000000
v -0.03787446 -0.02352621 0.01000000
v -0.05625970 -0.00834457 0.01000000
v -0.03650350 -0.02486341 0.01000000
v -0.03781231 -0.02352155 0.01000000
v -0.05626899 -0.00828294 0.01000000
v -0.03650039 -0.02480116 0.01000000
v -0.03775000 -0.02352000 0.01000000
v -0.05628134 -0.00822185 0.01000000
v -0.03650039 -0.02473884 0.01000000
v -0.03768769 -0.02352155 0.01000000
v -0.05629672 -0.00816145 0.01000000
v -0.03650350 -0.02467659 0.01000000
v -0.03762554 -0.02352621 0.01000000
v -0.05631509 -0.00810189 0.01000000
v -0.03650970 -0.02461457 0.01000000
v -0.03756370 -0.02353396 0.01000000
v -0.05839483 0.00762720 0.01000000
v -0.05839483 -0.00762720 0.01000000
v -0.05843723 -0.00767289 0.01000000
v -0.05835022 -0.00758369 0.01000000
v -0.05835022 0.00758369 0.01000000
v -0.05843723 0.00767289 0.01000000
v -0.05847729 -0.00772064 0.01000000
v -0.05830348 0.00754244 0.01000000
v -0.05830348 -0.00754244 0.01000000
v -0.05847729 0.00772064 0.01000000
v -0.05825476 0.00750358 0.01000000
v -0.05825476 -0.00750358 0.01000000
v -0.05820415 -0.00746720 0.01000000
v -0.05851492 0.00777032 0.01000000
v -0.05851492 -0.00777032 0.01000000
v -0.05820415 0.00746720 0.01000000
v -0.05855003 0.00782182 0.01000000
v -0.05855003 -0.00782182 0.01000000
v -0.05815179 0.00743339 0.01000000
v -0.05815179 -0.00743339 0.01000000
v -0.05858253 0.00787500 0.01000000
v -0.05858253 -0.00787500 0.01000000
v -0.05809782 0.00740222 0.01000000
v -0.05809782 -0.00740222 0.01000000
v -0.05861234 0.00792974 0.01000000
v -0.05861234 -0.00792974 0.01000000
v -0.05804235 0.00737379 0.01000000
v -0.05804235 -0.00737379 0.01000000
v -0.05863938 0.00798589 0.01000000
v -0.05863938 -0.00798589 0.01000000
v -0.05866359 -0.00804332 0.01000000
v -0.05798554 0.00734815 0.01000000
v -0.05798554 -0.00734815 0.01000000
v -0.05866359 0.00804332 0.01000000
v -0.05868491 -0.00810189 0.01000000
v -0.05792753 0.00732538 0.01000000
v -0.05792753 -0.00732538 0.01000000
v -0.05868491 0.00810189 0.01000000
v -0.05786844 0.00730553 0.01000000
v -0.05786844 -0.00730553 0.01000000
v -0.05870328 0.00816145 0.01000000
v -0.05870328 -0.00816145 0.01000000
v -0.05780845 0.00728865 0.01000000
v -0.05780845 -0.00728865 0.01000000
v -0.05871866 0.00822185 0.01000000
v -0.05871866 -0.00822185 0.01000000
v -0.05774768 0.00727478 0.01000000
v -0.05774768 -0.00727478 0.01000000
v -0.05873101 0.00828294 0.01000000
v -0.05873101 -0.00828294 0.01000000
v -0.05874030 -0.00834457 0.01000000
v -0.05768630 0.00726396 0.01000000
v -0.05768630 -0.00726396 0.01000000
v -0.05874030 0.00834457 0.01000000
v -0.05762446 0.00725621 0.01000000
v -0.05762446 -0.00725621 0.01000000
v -0.05874650 0.00840659 0.01000000
v -0.05874650 -0.00840659 0.01000000
v -0.05756231 0.00725155 0.01000000
v -0.05756231 -0.00725155 0.01000000
v -0.05750000 -0.00725000 0.01000000
v -0.05874961 0.00846884 0.01000000
v -0.05750000 0.00725000 0.01000000
v -0.05743769 -0.00725155 0.01000000
v -0.05743769 0.00725155 0.01000000
v -0.05737554 0.00725621 0.01000000
v -0.05737554 -0.00725621 0.01000000
v -0.05731370 -0.00726396 0.01000000
v -0.05731370 0.00726396 0.01000000
v -0.05725232 0.00727478 0.01000000
v -0.05725232 -0.00727478 0.01000000
v -0.05719155 -0.00728865 0.01000000
v -0.05719155 0.00728865 0.01000000
v -0.05713156 0.00730553 0.01000000
v -0.05713156 -0.00730553 0.01000000
v -0.05707247 -0.00732538 0.01000000
v -0.05707247 0.00732538 0.01000000
v -0.05701446 0.00734815 0.01000000
v -0.05701446 -0.00734815 0.01000000
v -0.05695765 -0.00737379 0.01000000
v -0.05695765 0.00737379 0.01000000
v -0.05690218 0.00740222 0.01000000
v -0.05690218 -0.00740222 0.01000000
v -0.05684821 -0.00743339 0.01000000
v -0.05684821 0.00743339 0.01000000
v -0.05679585 0.00746720 0.01000000
v -0.05679585 -0.00746720 0.01000000
v -0.05674524 -0.00750358 0.01000000
v -0.05674524 0.00750358 0.01000000
v -0.05669652 0.00754244 0.01000000
v -0.05669652 -0.00754244 0.01000000
v -0.05664978 0.00758369 0.01000000
v -0.05664978 -0.00758369 0.01000000
v -0.05660517 -0.00762720 0.01000000
v -0.05660517 0.00762720 0.01000000
v -0.05656277 -0.00767289 0.01000000
v -0.05656277 0.00767289 0.01000000
v -0.05652271 0.00772064 0.01000000
v -0.05652271 -0.00772064 0.01000000
v -0.05648508 0.00777032 0.01000000
v -0.05648508 -0.00777032 0.01000000
v -0.05644997 -0.00782182 0.01000000
v -0.05644997 0.00782182 0.01000000
v -0.05641747 0.00787500 0.01000000
v -0.05641747 -0.00787500 0.01000000
v -0.05638766 0.00792974 0.01000000
v -0.05638766 -0.00792974 0.01000000
v -0.05636062 0.00798589 0.01000000
v -0.05636062 -0.00798589 0.01000000
v -0.05633641 -0.00804332 0.01000000
v -0.05633641 0.00804332 0.01000000
v -0.05631509 0.00810189 0.01000000
v -0.03864483 0.02389720 0.01000000
v -0.05644997 0.00917818 0.01000000
v -0.05648508 0.00922968 0.01000000
v -0.03860022 0.02385369 0.01000000
v -0.05641747 0.00912500 0.01000000
v -0.03868723 0.02394289 0.01000000
v -0.05652271 0.00927936 0.01000000
v -0.03855348 0.02381244 0.01000000
v -0.05638766 0.00907026 0.01000000
v -0.03872729 0.02399064 0.01000000
v -0.05656277 0.00932711 0.01000000
v -0.03850476 0.02377358 0.01000000
v -0.05636062 0.00901411 0.01000000
v -0.03876492 0.02404032 0.01000000
v -0.05660517 0.00937280 0.01000000
v -0.03845415 0.02373720 0.01000000
v -0.05633641 0.00895668 0.01000000
v -0.03880003 0.02409182 0.01000000
v -0.05664978 0.00941631 0.01000000
v -0.03840179 0.02370339 0.01000000
v -0.05631509 0.00889811 0.01000000
v -0.03883253 0.02414500 0.01000000
v -0.05669652 0.00945756 0.01000000
v -0.03834782 0.02367222 0.01000000
v -0.05629672 0.00883855 0.01000000
v -0.03886234 0.02419974 0.01000000
v -0.05674524 0.00949642 0.01000000
v -0.03829235 0.02364379 0.01000000
v -0.05628134 0.00877815 0.01000000
v -0.03888938 0.02425589 0.01000000
v -0.05679585 0.00953280 0.01000000
v -0.03823554 0.02361815 0.01000000
v -0.05626899 0.00871706 0.01000000
v -0.03891359 0.02431332 0.01000000
v -0.05684821 0.00956661 0.01000000
v -0.03817753 0.02359538 0.01000000
v -0.05625970 0.00865543 0.01000000
v -0.03893491 0.02437189 0.01000000
v -0.05690218 0.00959778 0.01000000
v -0.03811844 0.02357553 0.01000000
v -0.05625350 0.00859341 0.01000000
v -0.03895328 0.02443145 0.01000000
v -0.05695765 0.00962621 0.01000000
v -0.03805845 0.02355865 0.01000000
v -0.05625039 0.00853116 0.01000000
v -0.03896866 0.02449185 0.01000000
v -0.05701446 0.00965185 0.01000000
v -0.03799768 0.02354478 0.01000000
v -0.05625039 0.00846884 0.01000000
v -0.03898101 0.02455294 0.01000000
v -0.05707247 0.00967462 0.01000000
v -0.03793630 0.02353396 0.01000000
v -0.05625350 0.00840659 0.01000000
v -0.03899030 0.02461457 0.01000000
v -0.05713156 0.00969447 0.01000000
v -0.03787446 0.02352621 0.01000000
v -0.05625970 0.00834457 0.01000000
v -0.03899650 0.02467659 0.01000000
v -0.05719155 0.00971135 0.01000000
v -0.03781231 0.02352155 0.01000000
v -0.05626899 0.00828294 0.01000000
v -0.03899961 0.02473884 0.01000000
v -0.05725232 0.00972522 0.01000000
v -0.03775000 0.02352000 0.01000000
v -0.05628134 0.00822185 0.01000000
v -0.03899961 0.02480116 0.01000000
v -0.05731370 0.00973604 0.01000000
v -0.03768769 0.02352155 0.01000000
v -0.05629672 0.00816145 0.01000000
v -0.03899650 0.02486341 0.01000000
v -0.05737554 0.00974379 0.01000000
v -0.03762554 0.02352621 0.01000000
v -0.03899030 0.02492543 0.01000000
v -0.05743769 0.00974845 0.01000000
v -0.03756370 0.02353396 0.01000000
v -0.03898101 0.02498706 0.01000000
v -0.05750000 0.00975000 0.01000000
v -0.03750232 0.02354478 0.01000000
v -0.03750232 -0.02354478 0.01000000
v -0.03896866 0.02504815 0.01000000
v -0.05756231 0.00974845 0.01000000
v -0.03744155 0.02355865 0.01000000
v -0.03744155 -0.02355865 0.01000000
v -0.03738156 -0.02357553 0.01000000
v -0.03738156 0.02357553 0.01000000
v -0.03732247 0.02359538 0.01000000
v -0.03732247 -0.02359538 0.01000000
v -0.03726446 0.02361815 0.01000000
v -0.03726446 -0.02361815 0.01000000
v -0.03720765 -0.02364379 0.01000000
v -0.03720765 0.02364379 0.01000000
v -0.03715218 0.02367222 0.01000000
v -0.03715218 -0.02367222 0.01000000
v -0.03709821 0.02370339 0.01000000
v -0.03709821 -0.02370339 0.01000000
v -0.03704585 0.02373720 0.01000000
v -0.03704585 -0.02373720 0.01000000
v -0.03699524 0.02377358 0.01000000
v -0.03699524 -0.02377358 0.01000000
v -0.03694652 0.02381244 0.01000000
v -0.03694652 -0.02381244 0.01000000
v -0.03689978 0.02385369 0.01000000
v -0.03689978 -0.02385369 0.01000000
v -0.03685517 -0.02389720 0.01000000
v -0.03685517 0.02389720 0.01000000
v -0.03681277 -0.02394289 0.01000000
v -0.03681277 0.02394289 0.01000000
v -0.03677271 0.02399064 0.01000000
v -0.03677271 -0.02399064 0.01000000
v -0.03673508 0.02404032 0.01000000
v -0.03673508 -0.02404032 0.01000000
v -0.03669997 0.02409182 0.01000000
v -0.03669997 -0.02409182 0.01000000
v -0.03666747 -0.02414500 0.01000000
v -0.03666747 0.02414500 0.01000000
v -0.03663766 0.02419974 0.01000000
v -0.03663766 -0.02419974 0.01000000
v -0.03661062 0.02425589 0.01000000
v -0.03661062 -0.02425589 0.01000000
v -0.03658641 0.02431332 0.01000000
v -0.03658641 -0.02431332 0.01000000
v -0.05839483 0.05062720 0.01000000
v -0.05839483 0.00937280 0.01000000
v -0.05843723 0.00932711 0.01000000
v -0.05835022 0.05058369 0.01000000
v -0.05835022 0.00941631 0.01000000
v -0.05843723 0.05067289 0.01000000
v -0.05830348 0.05054244 0.01000000
v -0.05830348 0.00945756 0.01000000
v -0.05847729 0.05072064 0.01000000
v -0.05847729 0.00927936 0.01000000
v -0.05825476 0.05050358 0.01000000
v -0.05825476 0.00949642 0.01000000
v -0.05820415 0.00953280 0.01000000
v -0.05851492 0.05077032 0.01000000
v -0.05851492 0.00922968 0.01000000
v -0.05820415 0.05046720 0.01000000
v -0.05855003 0.05082182 0.01000000
v -0.05855003 0.00917818 0.01000000
v -0.05858253 0.00912500 0.01000000
v -0.05815179 0.05043339 0.01000000
v -0.05815179 0.00956661 0.01000000
v -0.05858253 0.05087500 0.01000000
v -0.05809782 0.05040222 0.01000000
v -0.05809782 0.00959778 0.01000000
v -0.05861234 0.05092974 0.01000000
v -0.05861234 0.00907026 0.01000000
v -0.05804235 0.05037379 0.01000000
v -0.05804235 0.00962621 0.01000000
v -0.05863938 0.05098589 0.01000000
v -0.05863938 0.00901411 0.01000000
v -0.05866359 0.00895668 0.01000000
v -0.05798554 0.05034815 0.01000000
v -0.05798554 0.00965185 0.01000000
v -0.05866359 0.05104332 0.01000000
v -0.05792753 0.05032538 0.01000000
v -0.05792753 0.00967462 0.01000000
v -0.05786844 0.05030553 0.01000000
v -0.05786844 0.00969447 0.01000000
v -0.05780845 0.05028865 0.01000000
v -0.05780845 0.00971135 0.01000000
v -0.05774768 0.05027478 0.01000000
v -0.05774768 0.00972522 0.01000000
v -0.05768630 0.05026396 0.01000000
v -0.05768630 0.00973604 0.01000000
v -0.05762446 0.05025621 0.01000000
v -0.05762446 0.00974379 0.01000000
v -0.05756231 0.05025155 0.01000000
v -0.03864483 0.03435720 0.01000000
v -0.03864483 0.02564280 0.01000000
v -0.03868723 0.02559711 0.01000000
v -0.03860022 0.03431369 0.01000000
v -0.03860022 0.02568631 0.01000000
v -0.03868723 0.03440289 0.01000000
v -0.03855348 0.03427244 0.01000000
v -0.03855348 0.02572756 0.01000000
v -0.03850476 0.02576642 0.01000000
v -0.03872729 0.03445064 0.01000000
v -0.03872729 0.02554936 0.01000000
v -0.03876492 0.02549968 0.01000000
v -0.03850476 0.03423358 0.01000000
v -0.03876492 0.03450032 0.01000000
v -0.03845415 0.03419720 0.01000000
v -0.03845415 0.02580280 0.01000000
v -0.03840179 0.02583661 0.01000000
v -0.03880003 0.03455182 0.01000000
v -0.03880003 0.02544818 0.01000000
v -0.03883253 0.02539500 0.01000000
v -0.03840179 0.03416339 0.01000000
v -0.03883253 0.03460500 0.01000000
v -0.03834782 0.03413222 0.01000000
v -0.03834782 0.02586778 0.01000000
v -0.03886234 0.03465974 0.01000000
v -0.03886234 0.02534026 0.01000000
v -0.03829235 0.03410379 0.01000000
v -0.03829235 0.02589621 0.01000000
v -0.03888938 0.03471589 0.01000000
v -0.03888938 0.02528411 0.01000000
v -0.03823554 0.03407815 0.01000000
v -0.03823554 0.02592185 0.01000000
v -0.03891359 0.03477332 0.01000000
v -0.03891359 0.02522668 0.01000000
v -0.03817753 0.03405538 0.01000000
v -0.03817753 0.02594462 0.01000000
v -0.03893491 0.03483189 0.01000000
v -0.03893491 0.02516811 0.01000000
v -0.03811844 0.03403553 0.01000000
v -0.03811844 0.02596447 0.01000000
v -0.03805845 0.02598135 0.01000000
v -0.03895328 0.03489145 0.01000000
v -0.03895328 0.02510855 0.01000000
v -0.03805845 0.03401865 0.01000000
v -0.03799768 0.02599522 0.01000000
v -0.03896866 0.03495185 0.01000000
v -0.05750000 0.05025000 0.01000000
v -0.05768630 0.05273604 0.01000000
v -0.05774768 0.05272522 0.01000000
v -0.05762446 0.05274379 0.01000000
v -0.05756231 0.05274845 0.01000000
v -0.05750000 0.05275000 0.01000000
v -0.05874961 0.00853116 0.01000000
v -0.05874650 0.00859341 0.01000000
v -0.05874030 0.00865543 0.01000000
v -0.05873101 0.00871706 0.01000000
v -0.05871866 0.00877815 0.01000000
v -0.05870328 0.00883855 0.01000000
v -0.05868491 0.00889811 0.01000000
v -0.05868491 0.05110189 0.01000000
v -0.05870328 0.05116145 0.01000000
v -0.05871866 0.05122185 0.01000000
v -0.05873101 0.05128294 0.01000000
v -0.05874030 0.05134457 0.01000000
v -0.05874650 0.05140659 0.01000000
v -0.05874961 0.05146884 0.01000000
v -0.05874961 0.05153116 0.01000000
v -0.05874650 0.05159341 0.01000000
v -0.05874030 0.05165543 0.01000000
v -0.05873101 0.05171706 0.01000000
v -0.05871866 0.05177815 0.01000000
v -0.05870328 0.05183855 0.01000000
v -0.05868491 0.05189811 0.01000000
v -0.05743769 0.05274845 0.01000000
v -0.05866359 0.05195668 0.01000000
v -0.05737554 0.05274379 0.01000000
v -0.05863938 0.05201411 0.01000000
v -0.05731370 0.05273604 0.01000000
v -0.05861234 0.05207026 0.01000000
v -0.05725232 0.05272522 0.01000000
v -0.05858253 0.05212500 0.01000000
v -0.05719155 0.05271135 0.01000000
v -0.05855003 0.05217818 0.01000000
v -0.05713156 0.05269447 0.01000000
v -0.05851492 0.05222968 0.01000000
v -0.05707247 0.05267462 0.01000000
v -0.05847729 0.05227936 0.01000000
v -0.05701446 0.05265185 0.01000000
v -0.05843723 0.05232711 0.01000000
v -0.05695765 0.05262621 0.01000000
v -0.05839483 0.05237280 0.01000000
v -0.05690218 0.05259778 0.01000000
v -0.05835022 0.05241631 0.01000000
v -0.05684821 0.05256661 0.01000000
v -0.05830348 0.05245756 0.01000000
v -0.05679585 0.05253280 0.01000000
v -0.05825476 0.05249642 0.01000000
v -0.05674524 0.05249642 0.01000000
v -0.05820415 0.05253280 0.01000000
v -0.05815179 0.05256661 0.01000000
v -0.05809782 0.05259778 0.01000000
v -0.05804235 0.05262621 0.01000000
v -0.05798554 0.05265185 0.01000000
v -0.05792753 0.05267462 0.01000000
v -0.05786844 0.05269447 0.01000000
v -0.05780845 0.05271135 0.01000000
v -0.03799768 0.03400478 0.01000000
v -0.03898101 0.03501294 0.01000000
v -0.05743769 0.05025155 0.01000000
v -0.03793630 0.03399396 0.01000000
v -0.03793630 0.02600604 0.01000000
v -0.03899030 0.03507457 0.01000000
v -0.05737554 0.05025621 0.01000000
v -0.03787446 0.03398621 0.01000000
v -0.03787446 0.02601379 0.01000000
v -0.03781231 0.02601845 0.01000000
v -0.03899650 0.03513659 0.01000000
v -0.05731370 0.05026396 0.01000000
v -0.03781231 0.03398155 0.01000000
v -0.03899961 0.03519884 0.01000000
v -0.05725232 0.05027478 0.01000000
v -0.03775000 0.03398000 0.01000000
v -0.03775000 0.02602000 0.01000000
v -0.03899961 0.03526116 0.01000000
v -0.05719155 0.05028865 0.01000000
v -0.03768769 0.03398155 0.01000000
v -0.03768769 0.02601845 0.01000000
v -0.03762554 0.02601379 0.01000000
v -0.03899650 0.03532341 0.01000000
v -0.05713156 0.05030553 0.01000000
v -0.03762554 0.03398621 0.01000000
v -0.03899030 0.03538543 0.01000000
v -0.05707247 0.05032538 0.01000000
v -0.03756370 0.03399396 0.01000000
v -0.03756370 0.02600604 0.01000000
v -0.03898101 0.03544706 0.01000000
v -0.05701446 0.05034815 0.01000000
v -0.03750232 0.03400478 0.01000000
v -0.03750232 0.02599522 0.01000000
v -0.03744155 0.02598135 0.01000000
v -0.03896866 0.03550815 0.01000000
v -0.05695765 0.05037379 0.01000000
v -0.03744155 0.03401865 0.01000000
v -0.03895328 0.03556855 0.01000000
v -0.05690218 0.05040222 0.01000000
v -0.03738156 0.03403553 0.01000000
v -0.03738156 0.02596447 0.01000000
v -0.03893491 0.03562811 0.01000000
v -0.05684821 0.05043339 0.01000000
v -0.03732247 0.03405538 0.01000000
v -0.03732247 0.02594462 0.01000000
v -0.03891359 0.03568668 0.01000000
v -0.05679585 0.05046720 0.01000000
v -0.03726446 0.03407815 0.01000000
v -0.03726446 0.02592185 0.01000000
v -0.03888938 0.03574411 0.01000000
v -0.05674524 0.05050358 0.01000000
v -0.03720765 0.03410379 0.01000000
v -0.03720765 0.02589621 0.01000000
v -0.03886234 0.03580026 0.01000000
v -0.05669652 0.05054244 0.01000000
v -0.03715218 0.03413222 0.01000000
v -0.03715218 0.02586778 0.01000000
v -0.03883253 0.03585500 0.01000000
v -0.05664978 0.05058369 0.01000000
v -0.03709821 0.03416339 0.01000000
v -0.03709821 0.02583661 0.01000000
v -0.03880003 0.03590818 0.01000000
v -0.05660517 0.05062720 0.01000000
v -0.03704585 0.03419720 0.01000000
v -0.03704585 0.02580280 0.01000000
v -0.03876492 0.03595968 0.01000000
v -0.05656277 0.05067289 0.01000000
v -0.03699524 0.03423358 0.01000000
v -0.03699524 0.02576642 0.01000000
v -0.03694652 0.02572756 0.01000000
v -0.03872729 0.03600936 0.01000000
v -0.05652271 0.05072064 0.01000000
v -0.03694652 0.03427244 0.01000000
v -0.03868723 0.03605711 0.01000000
v -0.05648508 0.05077032 0.01000000
v -0.03689978 0.03431369 0.01000000
v -0.03689978 0.02568631 0.01000000
v -0.03864483 0.03610280 0.01000000
v -0.05644997 0.05082182 0.01000000
v -0.03685517 0.03435720 0.01000000
v -0.03685517 0.02564280 0.01000000
v -0.03860022 0.03614631 0.01000000
v -0.05641747 0.05087500 0.01000000
v -0.03681277 0.03440289 0.01000000
v -0.03681277 0.02559711 0.01000000
v -0.03855348 0.03618756 0.01000000
v -0.05638766 0.05092974 0.01000000
v -0.03677271 0.03445064 0.01000000
v -0.03677271 0.02554936 0.01000000
v -0.03673508 0.02549968 0.01000000
v -0.03850476 0.03622642 0.01000000
v -0.05636062 0.05098589 0.01000000
v -0.03673508 0.03450032 0.01000000
v -0.03845415 0.03626280 0.01000000
v -0.05633641 0.05104332 0.01000000
v -0.03669997 0.03455182 0.01000000
v -0.03669997 0.02544818 0.01000000
v -0.03840179 0.03629661 0.01000000
v -0.05631509 0.05110189 0.01000000
v -0.03666747 0.03460500 0.01000000
v -0.03666747 0.02539500 0.01000000
v -0.03834782 0.03632778 0.01000000
v -0.05629672 0.05116145 0.01000000
v -0.03663766 0.03465974 0.01000000
v -0.03663766 0.02534026 0.01000000
v -0.03829235 0.03635621 0.01000000
v -0.05628134 0.05122185 0.01000000
v -0.03661062 0.03471589 0.01000000
v -0.03661062 0.02528411 0.01000000
v -0.03823554 0.03638185 0.01000000
v -0.05626899 0.05128294 0.01000000
v -0.03658641 0.03477332 0.01000000
v -0.03658641 0.02522668 0.01000000
v -0.03817753 0.03640462 0.01000000
v -0.05625970 0.05134457 0.01000000
v -0.03656509 0.03483189 0.01000000
v -0.03656509 0.02516811 0.01000000
v -0.03811844 0.03642447 0.01000000
v -0.05625350 0.05140659 0.01000000
v -0.03654672 0.03489145 0.01000000
v -0.03654672 0.02510855 0.01000000
v -0.03805845 0.03644135 0.01000000
v -0.05625039 0.05146884 0.01000000
v -0.03653134 0.03495185 0.01000000
v -0.03653134 0.02504815 0.01000000
v -0.03799768 0.03645522 0.01000000
v -0.05625039 0.05153116 0.01000000
v -0.03651899 0.03501294 0.01000000
v -0.03651899 0.02498706 0.01000000
v -0.03793630 0.03646604 0.01000000
v -0.05625350 0.05159341 0.01000000
v -0.03650970 0.03507457 0.01000000
v -0.03650970 0.02492543 0.01000000
v -0.03787446 0.03647379 0.01000000
v -0.05625970 0.05165543 0.01000000
v -0.02250000 0.05800000 0.01000000
v -0.05638766 0.05207026 0.01000000
v -0.05641747 0.05212500 0.01000000
v -0.03661062 0.03574411 0.01000000
v -0.03663766 0.03580026 0.01000000
v -0.03781231 0.03647845 0.01000000
v -0.05636062 0.05201411 0.01000000
v -0.03658641 0.03568668 0.01000000
v -0.03775000 0.03648000 0.01000000
v -0.05633641 0.05195668 0.01000000
v -0.03656509 0.03562811 0.01000000
v -0.05631509 0.05189811 0.01000000
v -0.03654672 0.03556855 0.01000000
v -0.05629672 0.05183855 0.01000000
v -0.03653134 0.03550815 0.01000000
v -0.05628134 0.05177815 0.01000000
v -0.03651899 0.03544706 0.01000000
v -0.05626899 0.05171706 0.01000000
v -0.03650970 0.03538543 0.01000000
v -0.03650350 0.03532341 0.01000000
v -0.03650039 0.03526116 0.01000000
v -0.03650039 0.03519884 0.01000000
v -0.03650350 0.03513659 0.01000000
v -0.03768769 0.03647845 0.01000000
v -0.03762554 0.03647379 0.01000000
v -0.03756370 0.03646604 0.01000000
v -0.03750232 0.03645522 0.01000000
v -0.03650350 0.02486341 0.01000000
v -0.03744155 0.03644135 0.01000000
v -0.03650039 0.02480116 0.01000000
v -0.03738156 0.03642447 0.01000000
v -0.03650039 0.02473884 0.01000000
v -0.03732247 0.03640462 0.01000000
v -0.03650350 0.02467659 0.01000000
v -0.03726446 0.03638185 0.01000000
v -0.03650970 0.02461457 0.01000000
v -0.03720765 0.03635621 0.01000000
v -0.03715218 0.03632778 0.01000000
v -0.03709821 0.03629661 0.01000000
v -0.03704585 0.03626280 0.01000000
v -0.03699524 0.03622642 0.01000000
v -0.03694652 0.03618756 0.01000000
v -0.05669652 0.05245756 0.01000000
v -0.03689978 0.03614631 0.01000000
v -0.05664978 0.05241631 0.01000000
v -0.03685517 0.03610280 0.01000000
v -0.05660517 0.05237280 0.01000000
v -0.03681277 0.03605711 0.01000000
v -0.05656277 0.05232711 0.01000000
v -0.03677271 0.03600936 0.01000000
v -0.05652271 0.05227936 0.01000000
v -0.03673508 0.03595968 0.01000000
v -0.05648508 0.05222968 0.01000000
v -0.03669997 0.03590818 0.01000000
v -0.05644997 0.05217818 0.01000000
v -0.03666747 0.03585500 0.01000000
v -0.03651899 -0.02455294 0.01000000
v -0.03653134 -0.02449185 0.01000000
v -0.03654672 -0.02443145 0.01000000
v -0.03656509 -0.02437189 0.01000000
v -0.03651899 0.02455294 0.01000000
v -0.03653134 0.02449185 0.01000000
v -0.03654672 0.02443145 0.01000000
v -0.03656509 0.02437189 0.01000000
v -0.02250000 -0.05800000 0.06000000
v -0.02250000 -0.04283113 0.05053003
v -0.02250000 -0.04277194 0.05059071
v -0.02250000 -0.04270981 0.05064836
v -0.02250000 -0.04288721 0.05046647
v -0.02250000 -0.04264487 0.05070285
v -0.02250000 -0.04294006 0.05040020
v -0.02250000 -0.04257730 0.05075403
v -0.02250000 -0.04298955 0.05033138
v -0.02250000 -0.04250727 0.05080178
v -0.02250000 -0.04303553 0.05026017
v -0.02250000 -0.04243494 0.05084598
v -0.02250000 -0.04307792 0.05018677
v -0.02250000 -0.04236050 0.05088652
v -0.02250000 -0.04311659 0.05011134
v -0.02250000 -0.04228413 0.05092329
v -0.02250000 -0.04315145 0.05003407
v -0.02250000 -0.04220602 0.05095622
v -0.02250000 -0.04318242 0.04995517
v -0.02250000 -0.04212637 0.05098521
v -0.02250000 -0.04320941 0.04987482
v -0.02250000 -0.04204537 0.05101019
v -0.02250000 -0.04323237 0.04979322
v -0.02250000 -0.04196322 0.05103111
v -0.02250000 -0.04325123 0.04971058
v -0.02250000 -0.04188014 0.05104791
v -0.02250000 -0.04326595 0.04962711
v -0.02250000 -0.04179632 0.05106054
v -0.02250000 -0.04327649 0.04954300
v -0.02250000 -0.04171198 0.05106898
v -0.02250000 -0.04328283 0.04945847
v -0.02250000 -0.04162732 0.05107321
v -0.02250000 -0.04328494 0.04937373
v -0.02250000 -0.04154256 0.05107321
v -0.02250000 -0.04328283 0.04928900
v -0.02250000 -0.04145790 0.05106898
v -0.02250000 -0.04327649 0.04920447
v -0.02250000 -0.04137355 0.05106054
v -0.02250000 -0.04326595 0.04912036
v -0.02250000 -0.04128974 0.05104791
v -0.02250000 -0.04325123 0.04903689
v -0.02250000 -0.04120665 0.05103111
v -0.02250000 -0.04323237 0.04895425
v -0.02250000 -0.04112451 0.05101019
v -0.02250000 -0.04320941 0.04887265
v -0.02250000 -0.04104351 0.05098521
v -0.02250000 -0.04318242 0.04879230
v -0.02250000 -0.04315145 0.04871339
v -0.02250000 -0.04311659 0.04863613
v -0.02250000 -0.04307792 0.04856070
v -0.02250000 -0.04656074 0.02363203
v -0.02250000 -0.04303553 0.04848729
v -0.02250000 -0.04661992 0.02357135
v -0.02250000 -0.04649860 0.02368969
v -0.02250000 -0.04298955 0.04841609
v -0.02250000 -0.04667601 0.02350780
v -0.02250000 -0.04643367 0.02374417
v -0.02250000 -0.04294006 0.04834727
v -0.02250000 -0.04672886 0.02344153
v -0.02250000 -0.04636610 0.02379536
v -0.02250000 -0.04288721 0.04828099
v -0.02250000 -0.04677834 0.02337270
v -0.02250000 -0.04629606 0.02384310
v -0.02250000 -0.04283113 0.04821744
v -0.02250000 -0.04682433 0.02330150
v -0.02250000 -0.04622373 0.02388730
v -0.02250000 -0.04277194 0.04815676
v -0.02250000 -0.04686671 0.02322809
v -0.02250000 -0.04614929 0.02392784
v -0.02250000 -0.04270981 0.04809911
v -0.02250000 -0.04690538 0.02315266
v -0.02250000 -0.04607292 0.02396462
v -0.02250000 -0.04264487 0.04804462
v -0.02250000 -0.04694024 0.02307540
v -0.02250000 -0.04599481 0.02399755
v -0.02250000 -0.04257730 0.04799344
v -0.02250000 -0.04591516 0.02402654
v -0.02250000 -0.04250727 0.04794569
v -0.02250000 -0.04583416 0.02405152
v -0.02250000 -0.04243494 0.04790149
v -0.02250000 -0.04575202 0.02407244
v -0.02250000 -0.04236050 0.04786095
v -0.02250000 -0.04566894 0.02408923
v -0.02250000 -0.04228413 0.04782417
v -0.02250000 -0.04558512 0.02410187
v -0.02250000 -0.04220602 0.04779125
v -0.02250000 -0.04550077 0.02411031
v -0.02250000 -0.04212637 0.04776226
v -0.02250000 -0.04541612 0.02411453
v -0.02250000 -0.04204537 0.04773727
v -0.02250000 -0.04533135 0.02411453
v -0.02250000 -0.04196322 0.04771636
v -0.02250000 -0.04524669 0.02411031
v -0.02250000 -0.04188014 0.04769956
v -0.02250000 -0.04516235 0.02410187
v -0.02250000 -0.04179632 0.04768693
v -0.02250000 -0.04507853 0.02408923
v -0.02250000 -0.04171198 0.04767849
v -0.02250000 -0.04499545 0.02407244
v -0.02250000 -0.04162732 0.04767426
v -0.02250000 -0.04491330 0.02405152
v -0.02250000 -0.04154256 0.04767426
v -0.02250000 -0.04483231 0.02402654
v -0.02250000 -0.04145790 0.04767849
v -0.02250000 -0.04475265 0.02399755
v -0.02250000 -0.04137355 0.04768693
v -0.02250000 -0.04467455 0.02396462
v -0.02250000 -0.04128974 0.04769956
v -0.02250000 -0.04459818 0.02392784
v -0.02250000 -0.04120665 0.04771636
v -0.02250000 -0.04452373 0.02388730
v -0.02250000 -0.04112451 0.04773727
v -0.02250000 -0.04445140 0.02384310
v -0.02250000 -0.04104351 0.04776226
v -0.02250000 -0.04438137 0.02379536
v -0.02250000 -0.04096386 0.04779125
v -0.02250000 -0.04431380 0.02374417
v -0.02250000 -0.04088575 0.04782417
v -0.02250000 -0.04677834 0.02145742
v -0.02250000 -0.04672886 0.02138859
v -0.02250000 -0.04682433 0.02152862
v -0.02250000 -0.04686671 0.02160203
v -0.02250000 -0.04690538 0.02167746
v -0.02250000 -0.04694024 0.02175472
v -0.02250000 -0.04697121 0.02183363
v -0.02250000 -0.04699821 0.02191398
v -0.02250000 -0.04702116 0.02199557
v -0.02250000 -0.04704003 0.02207821
v -0.02250000 -0.04705475 0.02216169
v -0.02250000 -0.04706529 0.02224580
v -0.02250000 -0.04707162 0.02233032
v -0.02250000 -0.04707373 0.02241506
v -0.02250000 -0.04707162 0.02249980
v -0.02250000 -0.04706529 0.02258433
v -0.02250000 -0.04705475 0.02266843
v -0.02250000 -0.04704003 0.02275191
v -0.02250000 -0.04702116 0.02283455
v -0.02250000 -0.04699821 0.02291614
v -0.02250000 -0.04697121 0.02299649
v -0.02250000 -0.04667601 0.02132232
v -0.02250000 -0.04424887 0.02368969
v -0.02250000 -0.04080938 0.04786095
v -0.02250000 -0.04661992 0.02125877
v -0.02250000 -0.04418673 0.02363203
v -0.02250000 -0.04073494 0.04790149
v -0.02250000 -0.04656074 0.02119809
v -0.02250000 -0.04412755 0.02357135
v -0.02250000 -0.04066261 0.04794569
v -0.02250000 -0.04649860 0.02114043
v -0.02250000 -0.04407146 0.02350780
v -0.02250000 -0.04059257 0.04799344
v -0.02250000 -0.04643367 0.02108595
v -0.02250000 -0.04401861 0.02344153
v -0.02250000 -0.04636610 0.02103477
v -0.02250000 -0.04629606 0.02098702
v -0.02250000 -0.04622373 0.02094282
v -0.02250000 -0.04614929 0.02090228
v -0.02250000 -0.04607292 0.02086550
v -0.02250000 -0.04599481 0.02083258
v -0.02250000 -0.04591516 0.02080358
v -0.02250000 -0.04583416 0.02077860
v -0.02250000 -0.04575202 0.02075768
v -0.02250000 -0.04566894 0.02074089
v -0.02250000 -0.04558512 0.02072825
v -0.02250000 -0.04550077 0.02071981
v -0.02250000 -0.04541612 0.02071559
v -0.02250000 -0.04533135 0.02071559
v -0.02250000 -0.04524669 0.02071981
v -0.02250000 -0.04516235 0.02072825
v -0.02250000 -0.04507853 0.02074089
v -0.02250000 -0.04499545 0.02075768
v -0.02250000 -0.04491330 0.02077860
v -0.02250000 -0.04483231 0.02080358
v -0.02250000 -0.04475265 0.02083258
v -0.02250000 -0.04009196 0.05018677
v -0.02250000 -0.01581327 0.04680191
v -0.02250000 -0.04013434 0.05026017
v -0.02250000 -0.04005329 0.05011134
v -0.02250000 -0.01587245 0.04674123
v -0.02250000 -0.01575113 0.04685957
v -0.02250000 -0.04018033 0.05033138
v -0.02250000 -0.01592854 0.04667768
v -0.02250000 -0.04001843 0.05003407
v -0.02250000 -0.01568620 0.04691405
v -0.02250000 -0.04022981 0.05040020
v -0.02250000 -0.01598139 0.04661141
v -0.02250000 -0.03998746 0.04995517
v -0.02250000 -0.01561863 0.04696523
v -0.02250000 -0.04028266 0.05046647
v -0.02250000 -0.01603087 0.04654258
v -0.02250000 -0.03996047 0.04987482
v -0.02250000 -0.01554860 0.04701298
v -0.02250000 -0.04033875 0.05053003
v -0.02250000 -0.03993751 0.04979322
v -0.02250000 -0.01607686 0.04647138
v -0.02250000 -0.01547627 0.04705718
v -0.02250000 -0.04039794 0.05059071
v -0.02250000 -0.01611924 0.04639797
v -0.02250000 -0.03991865 0.04971058
v -0.02250000 -0.01540182 0.04709772
v -0.02250000 -0.04046007 0.05064836
v -0.02250000 -0.01615791 0.04632254
v -0.02250000 -0.03990393 0.04962711
v -0.02250000 -0.01532545 0.04713450
v -0.02250000 -0.04052501 0.05070285
v -0.02250000 -0.03989339 0.04954300
v -0.02250000 -0.01619278 0.04624528
v -0.02250000 -0.01524735 0.04716742
v -0.02250000 -0.04059257 0.05075403
v -0.02250000 -0.03988705 0.04945847
v -0.02250000 -0.01622374 0.04616637
v -0.02250000 -0.01516769 0.04719642
v -0.02250000 -0.04066261 0.05080178
v -0.02250000 -0.03988494 0.04937373
v -0.02250000 -0.01625074 0.04608602
v -0.02250000 -0.01508670 0.04722140
v -0.02250000 -0.04073494 0.05084598
v -0.02250000 -0.03988705 0.04928900
v -0.02250000 -0.01627370 0.04600443
v -0.02250000 -0.01500455 0.04724232
v -0.02250000 -0.04080938 0.05088652
v -0.02250000 -0.03989339 0.04920447
v -0.02250000 -0.01629256 0.04592179
v -0.02250000 -0.01492147 0.04725911
v -0.02250000 -0.04088575 0.05092329
v -0.02250000 -0.03990393 0.04912036
v -0.02250000 -0.01630728 0.04583831
v -0.02250000 -0.01483765 0.04727175
v -0.02250000 -0.04096386 0.05095622
v -0.02250000 -0.03991865 0.04903689
v -0.02250000 -0.01631782 0.04575420
v -0.02250000 -0.01475331 0.04728019
v -0.02250000 -0.01632415 0.04566968
v -0.02250000 -0.03993751 0.04895425
v -0.02250000 -0.01466865 0.04728441
v -0.02250000 -0.01632627 0.04558494
v -0.02250000 -0.03996047 0.04887265
v -0.02250000 -0.01458388 0.04728441
v -0.02250000 -0.03998746 0.04879230
v -0.02250000 -0.01632415 0.04550020
v -0.02250000 -0.01449923 0.04728019
v -0.02250000 -0.04001843 0.04871339
v -0.02250000 -0.01631782 0.04541567
v -0.02250000 -0.04005329 0.04863613
v -0.02250000 -0.01630728 0.04533157
v -0.02250000 -0.04009196 0.04856070
v -0.02250000 -0.01629256 0.04524809
v -0.02250000 -0.04013434 0.04848729
v -0.02250000 -0.01627370 0.04516545
v -0.02250000 -0.04018033 0.04841609
v -0.02250000 -0.01625074 0.04508386
v -0.02250000 -0.04022981 0.04834727
v -0.02250000 -0.01622374 0.04500350
v -0.02250000 -0.04028266 0.04828099
v -0.02250000 -0.01619278 0.04492460
v -0.02250000 -0.04033875 0.04821744
v -0.02250000 -0.01615791 0.04484734
v -0.02250000 -0.04039794 0.04815676
v -0.02250000 -0.01611924 0.04477191
v -0.02250000 -0.04046007 0.04809911
v -0.02250000 -0.01607686 0.04469850
v -0.02250000 -0.04052501 0.04804462
v -0.02250000 -0.01603087 0.04462730
v -0.02250000 -0.01598139 0.04455847
v -0.02250000 -0.04388076 0.02322809
v -0.02250000 -0.01960206 0.01984324
v -0.02250000 -0.04392314 0.02330150
v -0.02250000 -0.04384209 0.02315266
v -0.02250000 -0.01966125 0.01978256
v -0.02250000 -0.01953993 0.01990089
v -0.02250000 -0.04396913 0.02337270
v -0.02250000 -0.01971734 0.01971901
v -0.02250000 -0.04380722 0.02307540
v -0.02250000 -0.01947499 0.01995538
v -0.02250000 -0.01977019 0.01965273
v -0.02250000 -0.04377626 0.02299649
v -0.02250000 -0.01940742 0.02000656
v -0.02250000 -0.01592854 0.04449220
v -0.02250000 -0.01981967 0.01958391
v -0.02250000 -0.04374926 0.02291614
v -0.02250000 -0.01933739 0.02005431
v -0.02250000 -0.01587245 0.04442865
v -0.02250000 -0.04372630 0.02283455
v -0.02250000 -0.01986566 0.01951271
v -0.02250000 -0.01926506 0.02009851
v -0.02250000 -0.01581327 0.04436797
v -0.02250000 -0.04370744 0.02275191
v -0.02250000 -0.01990804 0.01943930
v -0.02250000 -0.01919062 0.02013905
v -0.02250000 -0.01575113 0.04431031
v -0.02250000 -0.04369272 0.02266843
v -0.02250000 -0.01994671 0.01936387
v -0.02250000 -0.01911425 0.02017583
v -0.02250000 -0.01568620 0.04425583
v -0.02250000 -0.04368218 0.02258433
v -0.02250000 -0.01998157 0.01928661
v -0.02250000 -0.01903614 0.02020875
v -0.02250000 -0.01561863 0.04420464
v -0.02250000 -0.04367585 0.02249980
v -0.02250000 -0.02001254 0.01920770
v -0.02250000 -0.01895649 0.02023774
v -0.02250000 -0.01554860 0.04415690
v -0.02250000 -0.04367373 0.02241506
v -0.02250000 -0.02003953 0.01912735
v -0.02250000 -0.01887549 0.02026273
v -0.02250000 -0.01547627 0.04411270
v -0.02250000 -0.04367585 0.02233032
v -0.02250000 -0.02006249 0.01904575
v -0.02250000 -0.01879335 0.02028364
v -0.02250000 -0.01540182 0.04407216
v -0.02250000 -0.04368218 0.02224580
v -0.02250000 -0.02008135 0.01896311
v -0.02250000 -0.01871026 0.02030044
v -0.02250000 -0.01532545 0.04403538
v -0.02250000 -0.02009607 0.01887964
v -0.02250000 -0.04369272 0.02216169
v -0.02250000 -0.01862645 0.02031307
v -0.02250000 -0.01524735 0.04400245
v -0.02250000 -0.04370744 0.02207821
v -0.02250000 -0.02010661 0.01879553
v -0.02250000 -0.01854210 0.02032151
v -0.02250000 -0.01516769 0.04397346
v -0.02250000 -0.04372630 0.02199557
v -0.02250000 -0.02011295 0.01871100
v -0.02250000 -0.01845744 0.02032574
v -0.02250000 -0.01508670 0.04394848
v -0.02250000 -0.04374926 0.02191398
v -0.02250000 -0.02011506 0.01862627
v -0.02250000 -0.01837268 0.02032574
v -0.02250000 -0.01500455 0.04392756
v -0.02250000 -0.04377626 0.02183363
v -0.02250000 -0.02011295 0.01854153
v -0.02250000 -0.01828802 0.02032151
v -0.02250000 -0.01492147 0.04391077
v -0.02250000 -0.04380722 0.02175472
v -0.02250000 -0.02010661 0.01845700
v -0.02250000 -0.01820368 0.02031307
v -0.02250000 -0.01483765 0.04389813
v -0.02250000 -0.04384209 0.02167746
v -0.02250000 -0.02009607 0.01837289
v -0.02250000 -0.01811986 0.02030044
v -0.02250000 -0.01475331 0.04388969
v -0.02250000 -0.04388076 0.02160203
v -0.02250000 -0.02008135 0.01828942
v -0.02250000 -0.01803678 0.02028364
v -0.02250000 -0.01466865 0.04388547
v -0.02250000 -0.04392314 0.02152862
v -0.02250000 -0.02006249 0.01820678
v -0.02250000 -0.01795463 0.02026273
v -0.02250000 -0.01458388 0.04388547
v -0.02250000 -0.04396913 0.02145742
v -0.02250000 -0.02003953 0.01812518
v -0.02250000 -0.01787363 0.02023774
v -0.02250000 -0.01449923 0.04388969
v -0.02250000 -0.04401861 0.02138859
v -0.02250000 -0.02001254 0.01804483
v -0.02250000 -0.01779398 0.02020875
v -0.02250000 -0.01441488 0.04389813
v -0.02250000 -0.04407146 0.02132232
v -0.02250000 -0.01998157 0.01796593
v -0.02250000 -0.01771587 0.02017583
v -0.02250000 -0.01433106 0.04391077
v -0.02250000 -0.04412755 0.02125877
v -0.02250000 -0.01994671 0.01788866
v -0.02250000 -0.01763950 0.02013905
v -0.02250000 -0.01424798 0.04392756
v -0.02250000 -0.04418673 0.02119809
v -0.02250000 -0.01990804 0.01781323
v -0.02250000 -0.01756506 0.02009851
v -0.02250000 -0.01416584 0.04394848
v -0.02250000 -0.01986566 0.01773983
v -0.02250000 -0.04424887 0.02114043
v -0.02250000 -0.01749273 0.02005431
v -0.02250000 -0.01408484 0.04397346
v -0.02250000 -0.04431380 0.02108595
v -0.02250000 -0.01981967 0.01766862
v -0.02250000 -0.01742270 0.02000656
v -0.02250000 -0.01400519 0.04400245
v -0.02250000 -0.04438137 0.02103477
v -0.02250000 -0.01977019 0.01759980
v -0.02250000 -0.01735513 0.01995538
v -0.02250000 -0.01392708 0.04403538
v -0.02250000 -0.04445140 0.02098702
v -0.02250000 -0.01971734 0.01753353
v -0.02250000 -0.01729019 0.01990089
v -0.02250000 -0.01385071 0.04407216
v -0.02250000 -0.04452373 0.02094282
v -0.02250000 -0.01966125 0.01746997
v -0.02250000 -0.01722806 0.01984324
v -0.02250000 -0.01377627 0.04411270
v -0.02250000 -0.04459818 0.02090228
v -0.02250000 -0.01960206 0.01740929
v -0.02250000 -0.01716887 0.01978256
v -0.02250000 -0.01370394 0.04415690
v -0.02250000 -0.04467455 0.02086550
v -0.02250000 -0.01953993 0.01735164
v -0.02250000 -0.01711279 0.01971901
v -0.02250000 -0.01363390 0.04420464
v -0.02250000 -0.01947499 0.01729715
v -0.02250000 -0.01705994 0.01965273
v -0.02250000 -0.01940742 0.01724597
v -0.02250000 -0.01933739 0.01719822
v -0.02250000 -0.01926506 0.01715402
v -0.02250000 -0.01919062 0.01711348
v -0.02250000 -0.01911425 0.01707671
v -0.02250000 -0.01903614 0.01704378
v -0.02250000 -0.01895649 0.01701479
v -0.02250000 -0.01887549 0.01698981
v -0.02250000 -0.01879335 0.01696889
v -0.02250000 -0.01871026 0.01695209
v -0.02250000 -0.01862645 0.01693946
v -0.02250000 -0.01370394 0.04701298
v -0.02250000 0.01722806 0.05059071
v -0.02250000 -0.01377627 0.04705718
v -0.02250000 0.01716887 0.05053003
v -0.02250000 -0.01363390 0.04696523
v -0.02250000 0.01729019 0.05064836
v -0.02250000 -0.01385071 0.04709772
v -0.02250000 -0.01356633 0.04691405
v -0.02250000 0.01711279 0.05046647
v -0.02250000 0.01735513 0.05070285
v -0.02250000 -0.01392708 0.04713450
v -0.02250000 0.01705994 0.05040020
v -0.02250000 -0.01350140 0.04685957
v -0.02250000 0.01742270 0.05075403
v -0.02250000 -0.01400519 0.04716742
v -0.02250000 0.01701045 0.05033138
v -0.02250000 -0.01343926 0.04680191
v -0.02250000 0.01749273 0.05080178
v -0.02250000 -0.01408484 0.04719642
v -0.02250000 -0.01338008 0.04674123
v -0.02250000 0.01696447 0.05026017
v -0.02250000 0.01756506 0.05084598
v -0.02250000 -0.01416584 0.04722140
v -0.02250000 -0.01332399 0.04667768
v -0.02250000 0.01692208 0.05018677
v -0.02250000 0.01763950 0.05088652
v -0.02250000 -0.01424798 0.04724232
v -0.02250000 0.01688341 0.05011134
v -0.02250000 -0.01327114 0.04661141
v -0.02250000 0.01771587 0.05092329
v -0.02250000 -0.01433106 0.04725911
v -0.02250000 0.01684855 0.05003407
v -0.02250000 -0.01322166 0.04654258
v -0.02250000 0.01779398 0.05095622
v -0.02250000 -0.01441488 0.04727175
v -0.02250000 0.01681758 0.04995517
v -0.02250000 -0.01317567 0.04647138
v -0.02250000 0.01787363 0.05098521
v -0.02250000 -0.01313329 0.04639797
v -0.02250000 0.01679059 0.04987482
v -0.02250000 0.01795463 0.05101019
v -0.02250000 0.01676763 0.04979322
v -0.02250000 -0.01309462 0.04632254
v -0.02250000 0.01803678 0.05103111
v -0.02250000 0.01674877 0.04971058
v -0.02250000 -0.01305976 0.04624528
v -0.02250000 0.01811986 0.05104791
v -0.02250000 0.01673405 0.04962711
v -0.02250000 -0.01302879 0.04616637
v -0.02250000 0.01820368 0.05106054
v -0.02250000 0.01672351 0.04954300
v -0.02250000 -0.01300179 0.04608602
v -0.02250000 0.01671717 0.04945847
v -0.02250000 -0.01297883 0.04600443
v -0.02250000 0.01671506 0.04937373
v -0.02250000 -0.01295997 0.04592179
v -0.02250000 0.01671717 0.04928900
v -0.02250000 -0.01294525 0.04583831
v -0.02250000 0.01672351 0.04920447
v -0.02250000 -0.01293471 0.04575420
v -0.02250000 -0.01292838 0.04566968
v -0.02250000 0.01673405 0.04912036
v -0.02250000 -0.01292627 0.04558494
v -0.02250000 0.01674877 0.04903689
v -0.02250000 -0.01292838 0.04550020
v -0.02250000 0.01676763 0.04895425
v -0.02250000 -0.01293471 0.04541567
v -0.02250000 0.01679059 0.04887265
v -0.02250000 0.01681758 0.04879230
v -0.02250000 -0.01294525 0.04533157
v -0.02250000 -0.01295997 0.04524809
v -0.02250000 0.01684855 0.04871339
v -0.02250000 -0.01297883 0.04516545
v -0.02250000 0.01688341 0.04863613
v -0.02250000 0.01692208 0.04856070
v -0.02250000 -0.01300179 0.04508386
v -0.02250000 -0.01302879 0.04500350
v -0.02250000 0.01696447 0.04848729
v -0.02250000 -0.01305976 0.04492460
v -0.02250000 0.01701045 0.04841609
v -0.02250000 0.01705994 0.04834727
v -0.02250000 -0.01317567 0.04469850
v -0.02250000 0.01343926 0.02363203
v -0.02250000 -0.01313329 0.04477191
v -0.02250000 0.01338008 0.02357135
v -0.02250000 -0.01322166 0.04462730
v -0.02250000 0.01350140 0.02368969
v -0.02250000 -0.01309462 0.04484734
v -0.02250000 0.01332399 0.02350780
v -0.02250000 -0.01327114 0.04455847
v -0.02250000 0.01356633 0.02374417
v -0.02250000 0.01327114 0.02344153
v -0.02250000 -0.01332399 0.04449220
v -0.02250000 0.01363390 0.02379536
v -0.02250000 0.01711279 0.04828099
v -0.02250000 0.01322166 0.02337270
v -0.02250000 -0.01338008 0.04442865
v -0.02250000 0.01370394 0.02384310
v -0.02250000 0.01716887 0.04821744
v -0.02250000 -0.01343926 0.04436797
v -0.02250000 0.01317567 0.02330150
v -0.02250000 0.01377627 0.02388730
v -0.02250000 0.01722806 0.04815676
v -0.02250000 -0.01350140 0.04431031
v -0.02250000 0.01313329 0.02322809
v -0.02250000 0.01385071 0.02392784
v -0.02250000 0.01729019 0.04809911
v -0.02250000 0.01309462 0.02315266
v -0.02250000 -0.01356633 0.04425583
v -0.02250000 0.01392708 0.02396462
v -0.02250000 0.01735513 0.04804462
v -0.02250000 0.01305976 0.02307540
v -0.02250000 -0.01701045 0.01958391
v -0.02250000 0.01400519 0.02399755
v -0.02250000 0.01742270 0.04799344
v -0.02250000 -0.01696447 0.01951271
v -0.02250000 0.01302879 0.02299649
v -0.02250000 0.01408484 0.02402654
v -0.02250000 0.01749273 0.04794569
v -0.02250000 -0.01692208 0.01943930
v -0.02250000 0.01300179 0.02291614
v -0.02250000 0.01416584 0.02405152
v -0.02250000 0.01756506 0.04790149
v -0.02250000 -0.01688341 0.01936387
v -0.02250000 0.01297883 0.02283455
v -0.02250000 0.01424798 0.02407244
v -0.02250000 0.01763950 0.04786095
v -0.02250000 -0.01684855 0.01928661
v -0.02250000 0.01295997 0.02275191
v -0.02250000 0.01433106 0.02408923
v -0.02250000 0.01771587 0.04782417
v -0.02250000 0.01294525 0.02266843
v -0.02250000 -0.01681758 0.01920770
v -0.02250000 0.01441488 0.02410187
v -0.02250000 0.01779398 0.04779125
v -0.02250000 0.01293471 0.02258433
v -0.02250000 -0.01679059 0.01912735
v -0.02250000 0.01449923 0.02411031
v -0.02250000 0.01787363 0.04776226
v -0.02250000 -0.01676763 0.01904575
v -0.02250000 0.01292838 0.02249980
v -0.02250000 0.01458388 0.02411453
v -0.02250000 0.01795463 0.04773727
v -0.02250000 0.01292627 0.02241506
v -0.02250000 -0.01674877 0.01896311
v -0.02250000 0.01466865 0.02411453
v -0.02250000 0.01803678 0.04771636
v -0.02250000 0.01292838 0.02233032
v -0.02250000 -0.01673405 0.01887964
v -0.02250000 0.01475331 0.02411031
v -0.02250000 0.01811986 0.04769956
v -0.02250000 -0.01672351 0.01879553
v -0.02250000 0.01293471 0.02224580
v -0.02250000 0.01483765 0.02410187
v -0.02250000 0.01820368 0.04768693
v -0.02250000 0.01294525 0.02216169
v -0.02250000 -0.01671717 0.01871100
v -0.02250000 0.01492147 0.02408923
v -0.02250000 0.01828802 0.04767849
v -0.02250000 0.01295997 0.02207821
v -0.02250000 -0.01671506 0.01862627
v -0.02250000 0.01500455 0.02407244
v -0.02250000 0.01837268 0.04767426
v -0.02250000 -0.01671717 0.01854153
v -0.02250000 0.01297883 0.02199557
v -0.02250000 0.01508670 0.02405152
v -0.02250000 0.01845744 0.04767426
v -0.02250000 -0.01672351 0.01845700
v -0.02250000 0.01300179 0.02191398
v -0.02250000 0.01516769 0.02402654
v -0.02250000 0.01854210 0.04767849
v -0.02250000 -0.01673405 0.01837289
v -0.02250000 0.01302879 0.02183363
v -0.02250000 0.01524735 0.02399755
v -0.02250000 0.01862645 0.04768693
v -0.02250000 -0.01674877 0.01828942
v -0.02250000 0.01305976 0.02175472
v -0.02250000 0.01532545 0.02396462
v -0.02250000 0.01871026 0.04769956
v -0.02250000 -0.01676763 0.01820678
v -0.02250000 0.01309462 0.02167746
v -0.02250000 0.01540182 0.02392784
v -0.02250000 0.01879335 0.04771636
v -0.02250000 -0.01679059 0.01812518
v -0.02250000 0.01313329 0.02160203
v -0.02250000 0.01547627 0.02388730
v -0.02250000 0.01887549 0.04773727
v -0.02250000 -0.01681758 0.01804483
v -0.02250000 0.01317567 0.02152862
v -0.02250000 0.01554860 0.02384310
v -0.02250000 0.01895649 0.04776226
v -0.02250000 -0.01684855 0.01796593
v -0.02250000 0.01322166 0.02145742
v -0.02250000 0.01561863 0.02379536
v -0.02250000 0.01903614 0.04779125
v -0.02250000 -0.01688341 0.01788866
v -0.02250000 0.01327114 0.02138859
v -0.02250000 0.01568620 0.02374417
v -0.02250000 0.01911425 0.04782417
v -0.02250000 -0.01692208 0.01781323
v -0.02250000 0.01332399 0.02132232
v -0.02250000 0.01575113 0.02368969
v -0.02250000 0.01919062 0.04786095
v -0.02250000 -0.01696447 0.01773983
v -0.02250000 0.01338008 0.02125877
v -0.02250000 0.01581327 0.02363203
v -0.02250000 0.01926506 0.04790149
v -0.02250000 -0.01701045 0.01766862
v -0.02250000 0.01343926 0.02119809
v -0.02250000 0.01587245 0.02357135
v -0.02250000 0.01933739 0.04794569
v -0.02250000 0.01350140 0.02114043
v -0.02250000 -0.01705994 0.01759980
v -0.02250000 0.01592854 0.02350780
v -0.02250000 0.01940742 0.04799344
v -0.02250000 -0.01711279 0.01753353
v -0.02250000 0.01356633 0.02108595
v -0.02250000 0.01598139 0.02344153
v -0.02250000 -0.01716887 0.01746997
v -0.02250000 0.01363390 0.02103477
v -0.02250000 0.01370394 0.02098702
v -0.02250000 -0.01722806 0.01740929
v -0.02250000 -0.01729019 0.01735164
v -0.02250000 0.01377627 0.02094282
v -0.02250000 0.01385071 0.02090228
v -0.02250000 -0.01735513 0.01729715
v -0.02250000 0.01392708 0.02086550
v -0.02250000 -0.01742270 0.01724597
v -0.02250000 0.01400519 0.02083258
v -0.02250000 -0.01749273 0.01719822
v -0.02250000 -0.01756506 0.01715402
v -0.02250000 0.01408484 0.02080358
v -0.02250000 -0.01763950 0.01711348
v -0.02250000 0.01416584 0.02077860
v -0.02250000 0.01424798 0.02075768
v -0.02250000 -0.01771587 0.01707671
v -0.02250000 0.01433106 0.02074089
v -0.02250000 -0.01779398 0.01704378
v -0.02250000 0.01441488 0.02072825
v -0.02250000 0.01990804 0.05018677
v -0.02250000 0.04418673 0.04680191
v -0.02250000 0.01986566 0.05026017
v -0.02250000 0.04412755 0.04674123
v -0.02250000 0.01994671 0.05011134
v -0.02250000 0.04424887 0.04685957
v -0.02250000 0.01981967 0.05033138
v -0.02250000 0.04407146 0.04667768
v -0.02250000 0.01998157 0.05003407
v -0.02250000 0.04431380 0.04691405
v -0.02250000 0.01977019 0.05040020
v -0.02250000 0.02001254 0.04995517
v -0.02250000 0.04401861 0.04661141
v -0.02250000 0.04438137 0.04696523
v -0.02250000 0.01971734 0.05046647
v -0.02250000 0.04396913 0.04654258
v -0.02250000 0.02003953 0.04987482
v -0.02250000 0.04445140 0.04701298
v -0.02250000 0.01966125 0.05053003
v -0.02250000 0.04392314 0.04647138
v -0.02250000 0.02006249 0.04979322
v -0.02250000 0.04452373 0.04705718
v -0.02250000 0.01960206 0.05059071
v -0.02250000 0.02008135 0.04971058
v -0.02250000 0.04388076 0.04639797
v -0.02250000 0.04459818 0.04709772
v -0.02250000 0.01953993 0.05064836
v -0.02250000 0.04384209 0.04632254
v -0.02250000 0.02009607 0.04962711
v -0.02250000 0.04467455 0.04713450
v -0.02250000 0.01947499 0.05070285
v -0.02250000 0.04380722 0.04624528
v -0.02250000 0.02010661 0.04954300
v -0.02250000 0.04475265 0.04716742
v -0.02250000 0.04377626 0.04616637
v -0.02250000 0.02011295 0.04945847
v -0.02250000 0.04374926 0.04608602
v -0.02250000 0.02011506 0.04937373
v -0.02250000 0.04372630 0.04600443
v -0.02250000 0.02011295 0.04928900
v -0.02250000 0.04370744 0.04592179
v -0.02250000 0.02010661 0.04920447
v -0.02250000 0.02009607 0.04912036
v -0.02250000 0.04369272 0.04583831
v -0.02250000 0.04368218 0.04575420
v -0.02250000 0.02008135 0.04903689
v -0.02250000 0.01828802 0.05106898
v -0.02250000 0.05800000 0.06000000
v -0.02250000 0.01837268 0.05107321
v -0.02250000 0.01845744 0.05107321
v -0.02250000 0.01854210 0.05106898
v -0.02250000 0.01862645 0.05106054
v -0.02250000 0.01871026 0.05104791
v -0.02250000 0.01879335 0.05103111
v -0.02250000 0.01887549 0.05101019
v -0.02250000 0.01895649 0.05098521
v -0.02250000 0.01903614 0.05095622
v -0.02250000 0.01911425 0.05092329
v -0.02250000 0.01919062 0.05088652
v -0.02250000 0.01926506 0.05084598
v -0.02250000 0.01933739 0.05080178
v -0.02250000 0.01940742 0.05075403
v -0.02250000 0.04483231 0.04719642
v -0.02250000 0.04491330 0.04722140
v -0.02250000 0.04499545 0.04724232
v -0.02250000 0.04507853 0.04725911
v -0.02250000 0.04516235 0.04727175
v -0.02250000 0.04524669 0.04728019
v -0.02250000 0.04367585 0.04566968
v -0.02250000 0.02006249 0.04895425
v -0.02250000 0.04533135 0.04728441
v -0.02250000 0.04367373 0.04558494
v -0.02250000 0.02003953 0.04887265
v -0.02250000 0.04541612 0.04728441
v -0.02250000 0.04367585 0.04550020
v -0.02250000 0.02001254 0.04879230
v -0.02250000 0.04550077 0.04728019
v -0.02250000 0.04368218 0.04541567
v -0.02250000 0.01998157 0.04871339
v -0.02250000 0.04558512 0.04727175
v -0.02250000 0.04369272 0.04533157
v -0.02250000 0.01994671 0.04863613
v -0.02250000 0.04566894 0.04725911
v -0.02250000 0.01990804 0.04856070
v -0.02250000 0.04370744 0.04524809
v -0.02250000 0.04575202 0.04724232
v -0.02250000 0.04372630 0.04516545
v -0.02250000 0.01986566 0.04848729
v -0.02250000 0.04583416 0.04722140
v -0.02250000 0.01981967 0.04841609
v -0.02250000 0.04374926 0.04508386
v -0.02250000 0.04591516 0.04719642
v -0.02250000 0.04377626 0.04500350
v -0.02250000 0.01977019 0.04834727
v -0.02250000 0.04599481 0.04716742
v -0.02250000 0.01971734 0.04828099
v -0.02250000 0.04380722 0.04492460
v -0.02250000 0.04607292 0.04713450
v -0.02250000 0.04384209 0.04484734
v -0.02250000 0.01966125 0.04821744
v -0.02250000 0.04614929 0.04709772
v -0.02250000 0.04388076 0.04477191
v -0.02250000 0.01960206 0.04815676
v -0.02250000 0.04622373 0.04705718
v -0.02250000 0.01953993 0.04809911
v -0.02250000 0.04392314 0.04469850
v -0.02250000 0.04629606 0.04701298
v -0.02250000 0.04396913 0.04462730
v -0.02250000 0.01947499 0.04804462
v -0.02250000 0.04636610 0.04696523
v -0.02250000 0.04401861 0.04455847
v -0.02250000 0.04643367 0.04691405
v -0.02250000 0.04649860 0.04685957
v -0.02250000 0.04656074 0.04680191
v -0.02250000 0.04661992 0.04674123
v -0.02250000 0.04667601 0.04667768
v -0.02250000 0.04672886 0.04661141
v -0.02250000 0.04677834 0.04654258
v -0.02250000 0.04682433 0.04647138
v -0.02250000 0.04686671 0.04639797
v -0.02250000 0.04690538 0.04632254
v -0.02250000 0.04694024 0.04624528
v -0.02250000 0.04697121 0.04616637
v -0.02250000 0.04699821 0.04608602
v -0.02250000 0.04702116 0.04600443
v -0.02250000 0.04704003 0.04592179
v -0.02250000 0.04705475 0.04583831
v -0.02250000 0.04706529 0.04575420
v -0.02250000 0.04707162 0.04566968
v -0.02250000 0.04707373 0.04558494
v -0.02250000 0.04707162 0.04550020
v -0.02250000 0.04706529 0.04541567
v -0.02250000 0.04705475 0.04533157
v -0.02250000 0.04704003 0.04524809
v -0.02250000 0.04702116 0.04516545
v -0.02250000 0.04699821 0.04508386
v -0.02250000 0.04697121 0.04500350
v -0.02250000 0.01611924 0.02322809
v -0.02250000 0.04039794 0.01984324
v -0.02250000 0.01607686 0.02330150
v -0.02250000 0.04033875 0.01978256
v -0.02250000 0.01615791 0.02315266
v -0.02250000 0.04046007 0.01990089
v -0.02250000 0.01603087 0.02337270
v -0.02250000 0.01619278 0.02307540
v -0.02250000 0.04028266 0.01971901
v -0.02250000 0.04052501 0.01995538
v -0.02250000 0.04022981 0.01965273
v -0.02250000 0.01622374 0.02299649
v -0.02250000 0.04059257 0.02000656
v -0.02250000 0.04407146 0.04449220
v -0.02250000 0.04018033 0.01958391
v -0.02250000 0.01625074 0.02291614
v -0.02250000 0.04066261 0.02005431
v -0.02250000 0.04412755 0.04442865
v -0.02250000 0.04013434 0.01951271
v -0.02250000 0.01627370 0.02283455
v -0.02250000 0.04073494 0.02009851
v -0.02250000 0.04418673 0.04436797
v -0.02250000 0.04009196 0.01943930
v -0.02250000 0.01629256 0.02275191
v -0.02250000 0.04080938 0.02013905
v -0.02250000 0.04424887 0.04431031
v -0.02250000 0.04005329 0.01936387
v -0.02250000 0.01630728 0.02266843
v -0.02250000 0.04088575 0.02017583
v -0.02250000 0.04431380 0.04425583
v -0.02250000 0.04001843 0.01928661
v -0.02250000 0.01631782 0.02258433
v -0.02250000 0.04096386 0.02020875
v -0.02250000 0.04438137 0.04420464
v -0.02250000 0.03998746 0.01920770
v -0.02250000 0.01632415 0.02249980
v -0.02250000 0.04104351 0.02023774
v -0.02250000 0.04445140 0.04415690
v -0.02250000 0.03996047 0.01912735
v -0.02250000 0.01632627 0.02241506
v -0.02250000 0.04112451 0.02026273
v -0.02250000 0.04452373 0.04411270
v -0.02250000 0.01632415 0.02233032
v -0.02250000 0.03993751 0.01904575
v -0.02250000 0.04120665 0.02028364
v -0.02250000 0.04459818 0.04407216
v -0.02250000 0.01631782 0.02224580
v -0.02250000 0.03991865 0.01896311
v -0.02250000 0.04128974 0.02030044
v -0.02250000 0.04467455 0.04403538
v -0.02250000 0.01630728 0.02216169
v -0.02250000 0.03990393 0.01887964
v -0.02250000 0.04137355 0.02031307
v -0.02250000 0.04475265 0.04400245
v -0.02250000 0.01629256 0.02207821
v -0.02250000 0.03989339 0.01879553
v -0.02250000 0.04145790 0.02032151
v -0.02250000 0.04483231 0.04397346
v -0.02250000 0.03988705 0.01871100
v -0.02250000 0.01627370 0.02199557
v -0.02250000 0.04154256 0.02032574
v -0.02250000 0.04491330 0.04394848
v -0.02250000 0.01625074 0.02191398
v -0.02250000 0.03988494 0.01862627
v -0.02250000 0.04162732 0.02032574
v -0.02250000 0.04499545 0.04392756
v -0.02250000 0.03988705 0.01854153
v -0.02250000 0.01622374 0.02183363
v -0.02250000 0.04171198 0.02032151
v -0.02250000 0.04507853 0.04391077
v -0.02250000 0.03989339 0.01845700
v -0.02250000 0.01619278 0.02175472
v -0.02250000 0.04179632 0.02031307
v -0.02250000 0.04516235 0.04389813
v -0.02250000 0.01615791 0.02167746
v -0.02250000 0.03990393 0.01837289
v -0.02250000 0.04188014 0.02030044
v -0.02250000 0.04524669 0.04388969
v -0.02250000 0.03991865 0.01828942
v -0.02250000 0.01611924 0.02160203
v -0.02250000 0.04196322 0.02028364
v -0.02250000 0.04533135 0.04388547
v -0.02250000 0.01607686 0.02152862
v -0.02250000 0.03993751 0.01820678
v -0.02250000 0.04204537 0.02026273
v -0.02250000 0.04541612 0.04388547
v -0.02250000 0.03996047 0.01812518
v -0.02250000 0.01603087 0.02145742
v -0.02250000 0.04212637 0.02023774
v -0.02250000 0.04550077 0.04388969
v -0.02250000 0.03998746 0.01804483
v -0.02250000 0.01598139 0.02138859
v -0.02250000 0.04220602 0.02020875
v -0.02250000 0.04558512 0.04389813
v -0.02250000 0.01592854 0.02132232
v -0.02250000 0.04001843 0.01796593
v -0.02250000 0.04228413 0.02017583
v -0.02250000 0.04566894 0.04391077
v -0.02250000 0.01587245 0.02125877
v -0.02250000 0.04005329 0.01788866
v -0.02250000 0.04236050 0.02013905
v -0.02250000 0.04575202 0.04392756
v -0.02250000 0.04009196 0.01781323
v -0.02250000 0.01581327 0.02119809
v -0.02250000 0.04243494 0.02009851
v -0.02250000 0.04583416 0.04394848
v -0.02250000 0.01575113 0.02114043
v -0.02250000 0.04013434 0.01773983
v -0.02250000 0.04250727 0.02005431
v -0.02250000 0.04591516 0.04397346
v -0.02250000 0.04018033 0.01766862
v -0.02250000 0.01568620 0.02108595
v -0.02250000 0.04257730 0.02000656
v -0.02250000 0.04599481 0.04400245
v -0.02250000 0.04022981 0.01759980
v -0.02250000 0.01561863 0.02103477
v -0.02250000 0.04264487 0.01995538
v -0.02250000 0.04607292 0.04403538
v -0.02250000 0.04028266 0.01753353
v -0.02250000 0.01554860 0.02098702
v -0.02250000 0.04270981 0.01990089
v -0.02250000 0.04614929 0.04407216
v -0.02250000 0.04033875 0.01746997
v -0.02250000 0.01547627 0.02094282
v -0.02250000 0.04277194 0.01984324
v -0.02250000 0.04622373 0.04411270
v -0.02250000 0.04039794 0.01740929
v -0.02250000 0.01540182 0.02090228
v -0.02250000 0.04283113 0.01978256
v -0.02250000 0.04629606 0.04415690
v -0.02250000 0.04046007 0.01735164
v -0.02250000 0.01532545 0.02086550
v -0.02250000 0.04288721 0.01971901
v -0.02250000 0.04636610 0.04420464
v -0.02250000 0.04052501 0.01729715
v -0.02250000 0.01524735 0.02083258
v -0.02250000 0.04294006 0.01965273
v -0.02250000 0.04643367 0.04425583
v -0.02250000 0.04059257 0.01724597
v -0.02250000 0.01516769 0.02080358
v -0.02250000 0.04298955 0.01958391
v -0.02250000 0.04649860 0.04431031
v -0.02250000 0.04066261 0.01719822
v -0.02250000 0.01508670 0.02077860
v -0.02250000 0.04303553 0.01951271
v -0.02250000 0.04656074 0.04436797
v -0.02250000 0.01500455 0.02075768
v -0.02250000 0.04073494 0.01715402
v -0.02250000 0.04080938 0.01711348
v -0.02250000 0.01492147 0.02074089
v -0.02250000 0.04088575 0.01707671
v -0.02250000 0.01483765 0.02072825
v -0.02250000 0.01475331 0.02071981
v -0.02250000 0.04096386 0.01704378
v -0.02250000 0.04104351 0.01701479
v -0.02250000 0.04327649 0.01879553
v -0.02250000 0.04326595 0.01887964
v -0.02250000 0.04228413 0.01707671
v -0.02250000 0.04236050 0.01711348
v -0.02250000 0.04328283 0.01871100
v -0.02250000 0.04220602 0.01704378
v -0.02250000 0.04328494 0.01862627
v -0.02250000 0.04212637 0.01701479
v -0.02250000 0.04204537 0.01698981
v -0.02250000 0.04196322 0.01696889
v -0.02250000 0.04188014 0.01695209
v -0.02250000 0.04179632 0.01693946
v -0.02250000 0.04171198 0.01693102
v -0.02250000 0.04162732 0.01692679
v -0.02250000 0.04154256 0.01692679
v -0.02250000 0.04145790 0.01693102
v -0.02250000 0.04137355 0.01693946
v -0.02250000 0.04128974 0.01695209
v -0.02250000 0.04120665 0.01696889
v -0.02250000 0.04112451 0.01698981
v -0.02250000 0.04328283 0.01854153
v -0.02250000 0.04327649 0.01845700
v -0.02250000 0.04326595 0.01837289
v -0.02250000 0.04325123 0.01828942
v -0.02250000 0.04323237 0.01820678
v -0.02250000 0.04320941 0.01812518
v -0.02250000 0.04318242 0.01804483
v -0.02250000 0.04315145 0.01796593
v -0.02250000 0.04694024 0.04492460
v -0.02250000 0.04311659 0.01788866
v -0.02250000 0.04690538 0.04484734
v -0.02250000 0.04307792 0.01781323
v -0.02250000 0.04686671 0.04477191
v -0.02250000 0.04303553 0.01773983
v -0.02250000 0.04682433 0.04469850
v -0.02250000 0.04298955 0.01766862
v -0.02250000 0.04677834 0.04462730
v -0.02250000 0.04294006 0.01759980
v -0.02250000 0.04672886 0.04455847
v -0.02250000 0.04288721 0.01753353
v -0.02250000 0.04307792 0.01943930
v -0.02250000 0.04667601 0.04449220
v -0.02250000 0.04283113 0.01746997
v -0.02250000 0.04311659 0.01936387
v -0.02250000 0.04661992 0.04442865
v -0.02250000 0.04277194 0.01740929
v -0.02250000 0.04315145 0.01928661
v -0.02250000 0.04270981 0.01735164
v -0.02250000 0.04318242 0.01920770
v -0.02250000 0.04264487 0.01729715
v -0.02250000 0.04320941 0.01912735
v -0.02250000 0.04257730 0.01724597
v -0.02250000 0.04323237 0.01904575
v -0.02250000 0.04250727 0.01719822
v -0.02250000 0.04325123 0.01896311
v -0.02250000 0.04243494 0.01715402
v -0.02250000 -0.01845744 0.01692679
v -0.02250000 -0.01854210 0.01693102
v -0.02250000 -0.01837268 0.01692679
v -0.02250000 -0.01828802 0.01693102
v -0.02250000 -0.01820368 0.01693946
v -0.02250000 -0.01811986 0.01695209
v -0.02250000 -0.01803678 0.01696889
v -0.02250000 -0.01795463 0.01698981
v -0.02250000 -0.01787363 0.01701479
v -0.02250000 0.01458388 0.02071559
v -0.02250000 0.01449923 0.02071981
v -0.02250000 0.01466865 0.02071559
v -0.01850000 0.05800000 0.06000000
v -0.01850000 -0.05800000 0.06000000
v -0.01850000 -0.04283113 0.05053003
v -0.01850000 -0.04277194 0.05059071
v -0.01850000 -0.04270981 0.05064836
v -0.01850000 -0.04288721 0.05046647
v -0.01850000 -0.04264487 0.05070285
v -0.01850000 -0.04294006 0.05040020
v -0.01850000 -0.04257730 0.05075403
v -0.01850000 -0.04298955 0.05033138
v -0.01850000 -0.04250727 0.05080178
v -0.01850000 -0.04303553 0.05026017
v -0.01850000 -0.04243494 0.05084598
v -0.01850000 -0.04307792 0.05018677
v -0.01850000 -0.04236050 0.05088652
v -0.01850000 -0.04311659 0.05011134
v -0.01850000 -0.04228413 0.05092329
v -0.01850000 -0.04315145 0.05003407
v -0.01850000 -0.04220602 0.05095622
v -0.01850000 -0.04318242 0.04995517
v -0.01850000 -0.04212637 0.05098521
v -0.01850000 -0.04320941 0.04987482
v -0.01850000 -0.04204537 0.05101019
v -0.01850000 -0.04323237 0.04979322
v -0.01850000 -0.04196322 0.05103111
v -0.01850000 -0.04325123 0.04971058
v -0.01850000 -0.04188014 0.05104791
v -0.01850000 -0.04326595 0.04962711
v -0.01850000 -0.04179632 0.05106054
v -0.01850000 -0.04327649 0.04954300
v -0.01850000 -0.04171198 0.05106898
v -0.01850000 -0.04328283 0.04945847
v -0.01850000 -0.04162732 0.05107321
v -0.01850000 -0.04328494 0.04937373
v -0.01850000 -0.04154256 0.05107321
v -0.01850000 -0.04328283 0.04928900
v -0.01850000 -0.04145790 0.05106898
v -0.01850000 -0.04327649 0.04920447
v -0.01850000 -0.04137355 0.05106054
v -0.01850000 -0.04326595 0.04912036
v -0.01850000 -0.04128974 0.05104791
v -0.01850000 -0.04325123 0.04903689
v -0.01850000 -0.04120665 0.05103111
v -0.01850000 -0.04323237 0.04895425
v -0.01850000 -0.04112451 0.05101019
v -0.01850000 -0.04320941 0.04887265
v -0.01850000 -0.04104351 0.05098521
v -0.01850000 -0.04318242 0.04879230
v -0.01850000 -0.04315145 0.04871339
v -0.01850000 -0.05800000 0.02400000
v -0.01850000 -0.04303553 0.04848729
v -0.01850000 -0.04298955 0.04841609
v -0.01850000 -0.04307792 0.04856070
v -0.01850000 -0.04311659 0.04863613
v -0.01850000 -0.05400000 0.02400000
v -0.01850000 -0.04257730 0.04799344
v -0.01850000 -0.04250727 0.04794569
v -0.01850000 -0.04264487 0.04804462
v -0.01850000 -0.04270981 0.04809911
v -0.01850000 -0.04277194 0.04815676
v -0.01850000 -0.04283113 0.04821744
v -0.01850000 -0.04288721 0.04828099
v -0.01850000 -0.04294006 0.04834727
v -0.01850000 -0.04661992 0.02357135
v -0.01850000 -0.04656074 0.02363203
v -0.01850000 -0.04649860 0.02368969
v -0.01850000 -0.04667601 0.02350780
v -0.01850000 -0.04643367 0.02374417
v -0.01850000 -0.04672886 0.02344153
v -0.01850000 -0.04636610 0.02379536
v -0.01850000 -0.04677834 0.02337270
v -0.01850000 -0.04629606 0.02384310
v -0.01850000 -0.04682433 0.02330150
v -0.01850000 -0.04622373 0.02388730
v -0.01850000 -0.04686671 0.02322809
v -0.01850000 -0.04614929 0.02392784
v -0.01850000 -0.04690538 0.02315266
v -0.01850000 -0.04607292 0.02396462
v -0.01850000 -0.04694024 0.02307540
v -0.01850000 -0.04599481 0.02399755
v -0.01850000 -0.04697121 0.02299649
v -0.01850000 -0.04591516 0.02402654
v -0.01850000 -0.04699821 0.02291614
v -0.01850000 -0.04583416 0.02405152
v -0.01850000 -0.04243494 0.04790149
v -0.01850000 -0.04702116 0.02283455
v -0.01850000 -0.04575202 0.02407244
v -0.01850000 -0.04236050 0.04786095
v -0.01850000 -0.04704003 0.02275191
v -0.01850000 -0.04566894 0.02408923
v -0.01850000 -0.04228413 0.04782417
v -0.01850000 -0.04705475 0.02266843
v -0.01850000 -0.04558512 0.02410187
v -0.01850000 -0.04220602 0.04779125
v -0.01850000 -0.04706529 0.02258433
v -0.01850000 -0.04550077 0.02411031
v -0.01850000 -0.04212637 0.04776226
v -0.01850000 -0.04707162 0.02249980
v -0.01850000 -0.04541612 0.02411453
v -0.01850000 -0.04204537 0.04773727
v -0.01850000 -0.04707373 0.02241506
v -0.01850000 -0.04533135 0.02411453
v -0.01850000 -0.04196322 0.04771636
v -0.01850000 -0.04707162 0.02233032
v -0.01850000 -0.04524669 0.02411031
v -0.01850000 -0.04188014 0.04769956
v -0.01850000 -0.04706529 0.02224580
v -0.01850000 -0.04516235 0.02410187
v -0.01850000 -0.04179632 0.04768693
v -0.01850000 -0.04705475 0.02216169
v -0.01850000 -0.04507853 0.02408923
v -0.01850000 -0.04171198 0.04767849
v -0.01850000 -0.04704003 0.02207821
v -0.01850000 -0.04499545 0.02407244
v -0.01850000 -0.04162732 0.04767426
v -0.01850000 -0.04702116 0.02199557
v -0.01850000 -0.04491330 0.02405152
v -0.01850000 -0.04154256 0.04767426
v -0.01850000 -0.04699821 0.02191398
v -0.01850000 -0.04483231 0.02402654
v -0.01850000 -0.04145790 0.04767849
v -0.01850000 -0.04697121 0.02183363
v -0.01850000 -0.04475265 0.02399755
v -0.01850000 -0.04137355 0.04768693
v -0.01850000 -0.04694024 0.02175472
v -0.01850000 -0.04467455 0.02396462
v -0.01850000 -0.04128974 0.04769956
v -0.01850000 -0.04690538 0.02167746
v -0.01850000 -0.04459818 0.02392784
v -0.01850000 -0.04120665 0.04771636
v -0.01850000 -0.04686671 0.02160203
v -0.01850000 -0.04452373 0.02388730
v -0.01850000 -0.04112451 0.04773727
v -0.01850000 -0.04682433 0.02152862
v -0.01850000 -0.04445140 0.02384310
v -0.01850000 -0.04104351 0.04776226
v -0.01850000 -0.04677834 0.02145742
v -0.01850000 -0.04438137 0.02379536
v -0.01850000 -0.04096386 0.04779125
v -0.01850000 -0.04672886 0.02138859
v -0.01850000 -0.04431380 0.02374417
v -0.01850000 -0.04088575 0.04782417
v -0.01850000 -0.04424887 0.02368969
v -0.01850000 -0.04080938 0.04786095
v -0.01850000 -0.04418673 0.02363203
v -0.01850000 -0.04073494 0.04790149
v -0.01850000 -0.04412755 0.02357135
v -0.01850000 -0.04066261 0.04794569
v -0.01850000 -0.04407146 0.02350780
v -0.01850000 -0.04059257 0.04799344
v -0.01850000 -0.04401861 0.02344153
v -0.01850000 -0.05400000 0.01000000
v -0.01850000 -0.04459818 0.02090228
v -0.01850000 -0.04452373 0.02094282
v -0.01850000 -0.04467455 0.02086550
v -0.01850000 -0.04475265 0.02083258
v -0.01850000 -0.04483231 0.02080358
v -0.01850000 -0.04491330 0.02077860
v -0.01850000 -0.04499545 0.02075768
v -0.01850000 -0.04507853 0.02074089
v -0.01850000 -0.04516235 0.02072825
v -0.01850000 -0.04524669 0.02071981
v -0.01850000 -0.04533135 0.02071559
v -0.01850000 -0.04541612 0.02071559
v -0.01850000 -0.04550077 0.02071981
v -0.01850000 -0.04558512 0.02072825
v -0.01850000 -0.04566894 0.02074089
v -0.01850000 -0.04575202 0.02075768
v -0.01850000 -0.04583416 0.02077860
v -0.01850000 -0.04591516 0.02080358
v -0.01850000 -0.04599481 0.02083258
v -0.01850000 -0.04607292 0.02086550
v -0.01850000 -0.04614929 0.02090228
v -0.01850000 -0.04622373 0.02094282
v -0.01850000 -0.04629606 0.02098702
v -0.01850000 -0.04636610 0.02103477
v -0.01850000 -0.04643367 0.02108595
v -0.01850000 -0.04649860 0.02114043
v -0.01850000 -0.04656074 0.02119809
v -0.01850000 -0.04661992 0.02125877
v -0.01850000 -0.04667601 0.02132232
v -0.01850000 -0.01581327 0.04680191
v -0.01850000 -0.04009196 0.05018677
v -0.01850000 -0.04013434 0.05026017
v -0.01850000 -0.01587245 0.04674123
v -0.01850000 -0.04005329 0.05011134
v -0.01850000 -0.01575113 0.04685957
v -0.01850000 -0.04018033 0.05033138
v -0.01850000 -0.01592854 0.04667768
v -0.01850000 -0.04001843 0.05003407
v -0.01850000 -0.01568620 0.04691405
v -0.01850000 -0.04022981 0.05040020
v -0.01850000 -0.01598139 0.04661141
v -0.01850000 -0.03998746 0.04995517
v -0.01850000 -0.01561863 0.04696523
v -0.01850000 -0.04028266 0.05046647
v -0.01850000 -0.01603087 0.04654258
v -0.01850000 -0.03996047 0.04987482
v -0.01850000 -0.01554860 0.04701298
v -0.01850000 -0.04033875 0.05053003
v -0.01850000 -0.01607686 0.04647138
v -0.01850000 -0.03993751 0.04979322
v -0.01850000 -0.01547627 0.04705718
v -0.01850000 -0.04039794 0.05059071
v -0.01850000 -0.01611924 0.04639797
v -0.01850000 -0.03991865 0.04971058
v -0.01850000 -0.01540182 0.04709772
v -0.01850000 -0.04046007 0.05064836
v -0.01850000 -0.01615791 0.04632254
v -0.01850000 -0.03990393 0.04962711
v -0.01850000 -0.01532545 0.04713450
v -0.01850000 -0.04052501 0.05070285
v -0.01850000 -0.01619278 0.04624528
v -0.01850000 -0.03989339 0.04954300
v -0.01850000 -0.01524735 0.04716742
v -0.01850000 -0.04059257 0.05075403
v -0.01850000 -0.01622374 0.04616637
v -0.01850000 -0.03988705 0.04945847
v -0.01850000 -0.01516769 0.04719642
v -0.01850000 -0.04066261 0.05080178
v -0.01850000 -0.01625074 0.04608602
v -0.01850000 -0.03988494 0.04937373
v -0.01850000 -0.01508670 0.04722140
v -0.01850000 -0.04073494 0.05084598
v -0.01850000 -0.01627370 0.04600443
v -0.01850000 -0.03988705 0.04928900
v -0.01850000 -0.01500455 0.04724232
v -0.01850000 -0.04080938 0.05088652
v -0.01850000 -0.01629256 0.04592179
v -0.01850000 -0.03989339 0.04920447
v -0.01850000 -0.01492147 0.04725911
v -0.01850000 -0.04088575 0.05092329
v -0.01850000 -0.01630728 0.04583831
v -0.01850000 -0.03990393 0.04912036
v -0.01850000 -0.01483765 0.04727175
v -0.01850000 -0.04096386 0.05095622
v -0.01850000 -0.01631782 0.04575420
v -0.01850000 -0.03991865 0.04903689
v -0.01850000 -0.01475331 0.04728019
v -0.01850000 -0.01632415 0.04566968
v -0.01850000 -0.03993751 0.04895425
v -0.01850000 -0.01466865 0.04728441
v -0.01850000 -0.01632627 0.04558494
v -0.01850000 -0.03996047 0.04887265
v -0.01850000 -0.01458388 0.04728441
v -0.01850000 -0.01632415 0.04550020
v -0.01850000 -0.03998746 0.04879230
v -0.01850000 -0.01449923 0.04728019
v -0.01850000 -0.01631782 0.04541567
v -0.01850000 -0.04001843 0.04871339
v -0.01850000 -0.01630728 0.04533157
v -0.01850000 -0.04005329 0.04863613
v -0.01850000 -0.01629256 0.04524809
v -0.01850000 -0.04009196 0.04856070
v -0.01850000 -0.01627370 0.04516545
v -0.01850000 -0.04013434 0.04848729
v -0.01850000 -0.01625074 0.04508386
v -0.01850000 -0.04018033 0.04841609
v -0.01850000 -0.01622374 0.04500350
v -0.01850000 -0.04022981 0.04834727
v -0.01850000 -0.01619278 0.04492460
v -0.01850000 -0.04028266 0.04828099
v -0.01850000 -0.01615791 0.04484734
v -0.01850000 -0.04033875 0.04821744
v -0.01850000 -0.01611924 0.04477191
v -0.01850000 -0.04039794 0.04815676
v -0.01850000 -0.01607686 0.04469850
v -0.01850000 -0.04046007 0.04809911
v -0.01850000 -0.01603087 0.04462730
v -0.01850000 -0.04052501 0.04804462
v -0.01850000 -0.01598139 0.04455847
v -0.01850000 -0.01960206 0.01984324
v -0.01850000 -0.04388076 0.02322809
v -0.01850000 -0.04392314 0.02330150
v -0.01850000 -0.01966125 0.01978256
v -0.01850000 -0.04384209 0.02315266
v -0.01850000 -0.01953993 0.01990089
v -0.01850000 -0.04396913 0.02337270
v -0.01850000 -0.01971734 0.01971901
v -0.01850000 -0.04380722 0.02307540
v -0.01850000 -0.01947499 0.01995538
v -0.01850000 -0.01977019 0.01965273
v -0.01850000 -0.04377626 0.02299649
v -0.01850000 -0.01940742 0.02000656
v -0.01850000 -0.01592854 0.04449220
v -0.01850000 -0.01981967 0.01958391
v -0.01850000 -0.04374926 0.02291614
v -0.01850000 -0.01933739 0.02005431
v -0.01850000 -0.01587245 0.04442865
v -0.01850000 -0.01986566 0.01951271
v -0.01850000 -0.04372630 0.02283455
v -0.01850000 -0.01926506 0.02009851
v -0.01850000 -0.01581327 0.04436797
v -0.01850000 -0.01990804 0.01943930
v -0.01850000 -0.04370744 0.02275191
v -0.01850000 -0.01919062 0.02013905
v -0.01850000 -0.01575113 0.04431031
v -0.01850000 -0.01994671 0.01936387
v -0.01850000 -0.04369272 0.02266843
v -0.01850000 -0.01911425 0.02017583
v -0.01850000 -0.01568620 0.04425583
v -0.01850000 -0.01998157 0.01928661
v -0.01850000 -0.04368218 0.02258433
v -0.01850000 -0.01903614 0.02020875
v -0.01850000 -0.01561863 0.04420464
v -0.01850000 -0.02001254 0.01920770
v -0.01850000 -0.04367585 0.02249980
v -0.01850000 -0.01895649 0.02023774
v -0.01850000 -0.01554860 0.04415690
v -0.01850000 -0.02003953 0.01912735
v -0.01850000 -0.04367373 0.02241506
v -0.01850000 -0.01887549 0.02026273
v -0.01850000 -0.01547627 0.04411270
v -0.01850000 -0.02006249 0.01904575
v -0.01850000 -0.04367585 0.02233032
v -0.01850000 -0.01879335 0.02028364
v -0.01850000 -0.01540182 0.04407216
v -0.01850000 -0.02008135 0.01896311
v -0.01850000 -0.04368218 0.02224580
v -0.01850000 -0.01871026 0.02030044
v -0.01850000 -0.01532545 0.04403538
v -0.01850000 -0.02009607 0.01887964
v -0.01850000 -0.04369272 0.02216169
v -0.01850000 -0.01862645 0.02031307
v -0.01850000 -0.01524735 0.04400245
v -0.01850000 -0.02010661 0.01879553
v -0.01850000 -0.04370744 0.02207821
v -0.01850000 -0.01854210 0.02032151
v -0.01850000 -0.01516769 0.04397346
v -0.01850000 -0.02011295 0.01871100
v -0.01850000 -0.04372630 0.02199557
v -0.01850000 -0.01845744 0.02032574
v -0.01850000 -0.01508670 0.04394848
v -0.01850000 -0.02011506 0.01862627
v -0.01850000 -0.04374926 0.02191398
v -0.01850000 -0.01837268 0.02032574
v -0.01850000 -0.01500455 0.04392756
v -0.01850000 -0.02011295 0.01854153
v -0.01850000 -0.04377626 0.02183363
v -0.01850000 -0.01828802 0.02032151
v -0.01850000 -0.01492147 0.04391077
v -0.01850000 -0.02010661 0.01845700
v -0.01850000 -0.04380722 0.02175472
v -0.01850000 -0.01820368 0.02031307
v -0.01850000 -0.01483765 0.04389813
v -0.01850000 -0.02009607 0.01837289
v -0.01850000 -0.04384209 0.02167746
v -0.01850000 -0.01811986 0.02030044
v -0.01850000 -0.01475331 0.04388969
v -0.01850000 -0.02008135 0.01828942
v -0.01850000 -0.04388076 0.02160203
v -0.01850000 -0.01803678 0.02028364
v -0.01850000 -0.01466865 0.04388547
v -0.01850000 -0.02006249 0.01820678
v -0.01850000 -0.04392314 0.02152862
v -0.01850000 -0.01795463 0.02026273
v -0.01850000 -0.01458388 0.04388547
v -0.01850000 -0.02003953 0.01812518
v -0.01850000 -0.04396913 0.02145742
v -0.01850000 -0.01787363 0.02023774
v -0.01850000 -0.01449923 0.04388969
v -0.01850000 -0.02001254 0.01804483
v -0.01850000 -0.04401861 0.02138859
v -0.01850000 -0.01779398 0.02020875
v -0.01850000 -0.01441488 0.04389813
v -0.01850000 -0.01998157 0.01796593
v -0.01850000 -0.04407146 0.02132232
v -0.01850000 -0.01771587 0.02017583
v -0.01850000 -0.01433106 0.04391077
v -0.01850000 -0.01994671 0.01788866
v -0.01850000 -0.04412755 0.02125877
v -0.01850000 -0.01763950 0.02013905
v -0.01850000 -0.01990804 0.01781323
v -0.01850000 -0.04418673 0.02119809
v -0.01850000 -0.01986566 0.01773983
v -0.01850000 -0.04424887 0.02114043
v -0.01850000 -0.01981967 0.01766862
v -0.01850000 -0.04431380 0.02108595
v -0.01850000 -0.01977019 0.01759980
v -0.01850000 -0.04438137 0.02103477
v -0.01850000 -0.01971734 0.01753353
v -0.01850000 -0.04445140 0.02098702
v -0.01850000 -0.01966125 0.01746997
v -0.01850000 -0.01960206 0.01740929
v -0.01850000 -0.01953993 0.01735164
v -0.01850000 -0.01947499 0.01729715
v -0.01850000 -0.01940742 0.01724597
v -0.01850000 -0.01933739 0.01719822
v -0.01850000 -0.01926506 0.01715402
v -0.01850000 -0.01919062 0.01711348
v -0.01850000 -0.01911425 0.01707671
v -0.01850000 -0.01903614 0.01704378
v -0.01850000 -0.01895649 0.01701479
v -0.01850000 -0.01887549 0.01698981
v -0.01850000 -0.01879335 0.01696889
v -0.01850000 -0.01871026 0.01695209
v -0.01850000 0.01722806 0.05059071
v -0.01850000 -0.01370394 0.04701298
v -0.01850000 -0.01377627 0.04705718
v -0.01850000 0.01716887 0.05053003
v -0.01850000 -0.01363390 0.04696523
v -0.01850000 0.01729019 0.05064836
v -0.01850000 -0.01385071 0.04709772
v -0.01850000 0.01711279 0.05046647
v -0.01850000 -0.01356633 0.04691405
v -0.01850000 0.01735513 0.05070285
v -0.01850000 -0.01392708 0.04713450
v -0.01850000 0.01705994 0.05040020
v -0.01850000 -0.01350140 0.04685957
v -0.01850000 0.01742270 0.05075403
v -0.01850000 -0.01400519 0.04716742
v -0.01850000 0.01701045 0.05033138
v -0.01850000 -0.01343926 0.04680191
v -0.01850000 0.01749273 0.05080178
v -0.01850000 -0.01408484 0.04719642
v -0.01850000 0.01696447 0.05026017
v -0.01850000 -0.01338008 0.04674123
v -0.01850000 0.01756506 0.05084598
v -0.01850000 -0.01416584 0.04722140
v -0.01850000 0.01692208 0.05018677
v -0.01850000 -0.01332399 0.04667768
v -0.01850000 0.01763950 0.05088652
v -0.01850000 -0.01424798 0.04724232
v -0.01850000 0.01688341 0.05011134
v -0.01850000 -0.01327114 0.04661141
v -0.01850000 0.01771587 0.05092329
v -0.01850000 -0.01433106 0.04725911
v -0.01850000 0.01684855 0.05003407
v -0.01850000 -0.01322166 0.04654258
v -0.01850000 0.01779398 0.05095622
v -0.01850000 -0.01441488 0.04727175
v -0.01850000 0.01681758 0.04995517
v -0.01850000 -0.01317567 0.04647138
v -0.01850000 0.01787363 0.05098521
v -0.01850000 0.01679059 0.04987482
v -0.01850000 -0.01313329 0.04639797
v -0.01850000 0.01795463 0.05101019
v -0.01850000 0.01676763 0.04979322
v -0.01850000 -0.01309462 0.04632254
v -0.01850000 0.01803678 0.05103111
v -0.01850000 0.01674877 0.04971058
v -0.01850000 -0.01305976 0.04624528
v -0.01850000 0.01811986 0.05104791
v -0.01850000 0.01673405 0.04962711
v -0.01850000 -0.01302879 0.04616637
v -0.01850000 0.01820368 0.05106054
v -0.01850000 0.01672351 0.04954300
v -0.01850000 -0.01300179 0.04608602
v -0.01850000 0.01671717 0.04945847
v -0.01850000 -0.01297883 0.04600443
v -0.01850000 0.01671506 0.04937373
v -0.01850000 -0.01295997 0.04592179
v -0.01850000 0.01671717 0.04928900
v -0.01850000 -0.01294525 0.04583831
v -0.01850000 0.01672351 0.04920447
v -0.01850000 -0.01293471 0.04575420
v -0.01850000 0.01673405 0.04912036
v -0.01850000 -0.01292838 0.04566968
v -0.01850000 0.01674877 0.04903689
v -0.01850000 -0.01292627 0.04558494
v -0.01850000 0.01676763 0.04895425
v -0.01850000 -0.01292838 0.04550020
v -0.01850000 0.01679059 0.04887265
v -0.01850000 -0.01293471 0.04541567
v -0.01850000 0.01681758 0.04879230
v -0.01850000 -0.01294525 0.04533157
v -0.01850000 0.01684855 0.04871339
v -0.01850000 -0.01295997 0.04524809
v -0.01850000 0.01688341 0.04863613
v -0.01850000 -0.01297883 0.04516545
v -0.01850000 0.01692208 0.04856070
v -0.01850000 -0.01300179 0.04508386
v -0.01850000 -0.00200000 0.02400000
v -0.01850000 -0.01313329 0.04477191
v -0.01850000 -0.01309462 0.04484734
v -0.01850000 -0.01317567 0.04469850
v -0.01850000 -0.01322166 0.04462730
v -0.01850000 -0.01327114 0.04455847
v -0.01850000 -0.01332399 0.04449220
v -0.01850000 -0.01338008 0.04442865
v -0.01850000 -0.01343926 0.04436797
v -0.01850000 -0.01350140 0.04431031
v -0.01850000 -0.01356633 0.04425583
v -0.01850000 -0.01363390 0.04420464
v -0.01850000 -0.01370394 0.04415690
v -0.01850000 -0.01377627 0.04411270
v -0.01850000 -0.01385071 0.04407216
v -0.01850000 -0.01392708 0.04403538
v -0.01850000 -0.01400519 0.04400245
v -0.01850000 -0.01408484 0.04397346
v -0.01850000 -0.01416584 0.04394848
v -0.01850000 -0.01424798 0.04392756
v -0.01850000 -0.01671717 0.01854153
v -0.01850000 -0.01671506 0.01862627
v -0.01850000 -0.01672351 0.01845700
v -0.01850000 -0.01673405 0.01837289
v -0.01850000 -0.01756506 0.02009851
v -0.01850000 -0.01749273 0.02005431
v -0.01850000 -0.01742270 0.02000656
v -0.01850000 -0.01735513 0.01995538
v -0.01850000 -0.01729019 0.01990089
v -0.01850000 -0.01722806 0.01984324
v -0.01850000 -0.01716887 0.01978256
v -0.01850000 -0.01711279 0.01971901
v -0.01850000 -0.01705994 0.01965273
v -0.01850000 -0.01701045 0.01958391
v -0.01850000 -0.01696447 0.01951271
v -0.01850000 -0.01692208 0.01943930
v -0.01850000 -0.01688341 0.01936387
v -0.01850000 -0.01684855 0.01928661
v -0.01850000 -0.01681758 0.01920770
v -0.01850000 -0.01679059 0.01912735
v -0.01850000 -0.01676763 0.01904575
v -0.01850000 -0.01674877 0.01896311
v -0.01850000 -0.01673405 0.01887964
v -0.01850000 -0.01672351 0.01879553
v -0.01850000 -0.01671717 0.01871100
v -0.01850000 0.00200000 0.02400000
v -0.01850000 0.01722806 0.04815676
v -0.01850000 0.01729019 0.04809911
v -0.01850000 0.01716887 0.04821744
v -0.01850000 0.01711279 0.04828099
v -0.01850000 0.01705994 0.04834727
v -0.01850000 0.01701045 0.04841609
v -0.01850000 0.01696447 0.04848729
v -0.01850000 -0.01302879 0.04500350
v -0.01850000 -0.01305976 0.04492460
v -0.01850000 -0.00200000 0.01000000
v -0.01850000 -0.01674877 0.01828942
v -0.01850000 -0.01676763 0.01820678
v -0.01850000 -0.01679059 0.01812518
v -0.01850000 -0.01681758 0.01804483
v -0.01850000 -0.01684855 0.01796593
v -0.01850000 -0.01688341 0.01788866
v -0.01850000 -0.01692208 0.01781323
v -0.01850000 -0.01696447 0.01773983
v -0.01850000 -0.01701045 0.01766862
v -0.01850000 -0.01705994 0.01759980
v -0.01850000 -0.01711279 0.01753353
v -0.01850000 -0.01716887 0.01746997
v -0.01850000 -0.01722806 0.01740929
v -0.01850000 -0.01729019 0.01735164
v -0.01850000 -0.01735513 0.01729715
v -0.01850000 -0.01742270 0.01724597
v -0.01850000 -0.01749273 0.01719822
v -0.01850000 -0.01756506 0.01715402
v -0.01850000 -0.01763950 0.01711348
v -0.01850000 -0.01771587 0.01707671
v -0.01850000 -0.01779398 0.01704378
v -0.01850000 -0.01787363 0.01701479
v -0.01850000 -0.01795463 0.01698981
v -0.01850000 -0.01803678 0.01696889
v -0.01850000 -0.01811986 0.01695209
v -0.01850000 -0.01820368 0.01693946
v -0.01850000 -0.01828802 0.01693102
v -0.01850000 -0.01837268 0.01692679
v -0.01850000 -0.01845744 0.01692679
v -0.01850000 -0.01854210 0.01693102
v -0.01850000 -0.01862645 0.01693946
v -0.01850000 0.01338008 0.02357135
v -0.01850000 0.01343926 0.02363203
v -0.01850000 0.01350140 0.02368969
v -0.01850000 0.01332399 0.02350780
v -0.01850000 0.01356633 0.02374417
v -0.01850000 0.01327114 0.02344153
v -0.01850000 0.01363390 0.02379536
v -0.01850000 0.01322166 0.02337270
v -0.01850000 0.01370394 0.02384310
v -0.01850000 0.01317567 0.02330150
v -0.01850000 0.01377627 0.02388730
v -0.01850000 0.01313329 0.02322809
v -0.01850000 0.01385071 0.02392784
v -0.01850000 0.01309462 0.02315266
v -0.01850000 0.01392708 0.02396462
v -0.01850000 0.01735513 0.04804462
v -0.01850000 0.01305976 0.02307540
v -0.01850000 0.01400519 0.02399755
v -0.01850000 0.01742270 0.04799344
v -0.01850000 0.01302879 0.02299649
v -0.01850000 0.01408484 0.02402654
v -0.01850000 0.01749273 0.04794569
v -0.01850000 0.01300179 0.02291614
v -0.01850000 0.01416584 0.02405152
v -0.01850000 0.01756506 0.04790149
v -0.01850000 0.01297883 0.02283455
v -0.01850000 0.01424798 0.02407244
v -0.01850000 0.01763950 0.04786095
v -0.01850000 0.01295997 0.02275191
v -0.01850000 0.01433106 0.02408923
v -0.01850000 0.01771587 0.04782417
v -0.01850000 0.01294525 0.02266843
v -0.01850000 0.01441488 0.02410187
v -0.01850000 0.01779398 0.04779125
v -0.01850000 0.01293471 0.02258433
v -0.01850000 0.01449923 0.02411031
v -0.01850000 0.01787363 0.04776226
v -0.01850000 0.01292838 0.02249980
v -0.01850000 0.01458388 0.02411453
v -0.01850000 0.01795463 0.04773727
v -0.01850000 0.01292627 0.02241506
v -0.01850000 0.01466865 0.02411453
v -0.01850000 0.01803678 0.04771636
v -0.01850000 0.01292838 0.02233032
v -0.01850000 0.01475331 0.02411031
v -0.01850000 0.01811986 0.04769956
v -0.01850000 0.01293471 0.02224580
v -0.01850000 0.01483765 0.02410187
v -0.01850000 0.01820368 0.04768693
v -0.01850000 0.01294525 0.02216169
v -0.01850000 0.01492147 0.02408923
v -0.01850000 0.01828802 0.04767849
v -0.01850000 0.01295997 0.02207821
v -0.01850000 0.01500455 0.02407244
v -0.01850000 0.01837268 0.04767426
v -0.01850000 0.01297883 0.02199557
v -0.01850000 0.01508670 0.02405152
v -0.01850000 0.01845744 0.04767426
v -0.01850000 0.01300179 0.02191398
v -0.01850000 0.01516769 0.02402654
v -0.01850000 0.01854210 0.04767849
v -0.01850000 0.01302879 0.02183363
v -0.01850000 0.01524735 0.02399755
v -0.01850000 0.01862645 0.04768693
v -0.01850000 0.01305976 0.02175472
v -0.01850000 0.01532545 0.02396462
v -0.01850000 0.01871026 0.04769956
v -0.01850000 0.01309462 0.02167746
v -0.01850000 0.01540182 0.02392784
v -0.01850000 0.01879335 0.04771636
v -0.01850000 0.01313329 0.02160203
v -0.01850000 0.01547627 0.02388730
v -0.01850000 0.01887549 0.04773727
v -0.01850000 0.01317567 0.02152862
v -0.01850000 0.01554860 0.02384310
v -0.01850000 0.01895649 0.04776226
v -0.01850000 0.01322166 0.02145742
v -0.01850000 0.01561863 0.02379536
v -0.01850000 0.01903614 0.04779125
v -0.01850000 0.01568620 0.02374417
v -0.01850000 0.01911425 0.04782417
v -0.01850000 0.00200000 0.01000000
v -0.01850000 0.01327114 0.02138859
v -0.01850000 0.01332399 0.02132232
v -0.01850000 0.01575113 0.02368969
v -0.01850000 0.01919062 0.04786095
v -0.01850000 0.01338008 0.02125877
v -0.01850000 0.01581327 0.02363203
v -0.01850000 0.01926506 0.04790149
v -0.01850000 0.01343926 0.02119809
v -0.01850000 0.01587245 0.02357135
v -0.01850000 0.01933739 0.04794569
v -0.01850000 0.01350140 0.02114043
v -0.01850000 0.01592854 0.02350780
v -0.01850000 0.01940742 0.04799344
v -0.01850000 0.01356633 0.02108595
v -0.01850000 0.01598139 0.02344153
v -0.01850000 0.01363390 0.02103477
v -0.01850000 0.01370394 0.02098702
v -0.01850000 0.01377627 0.02094282
v -0.01850000 0.01385071 0.02090228
v -0.01850000 0.01392708 0.02086550
v -0.01850000 0.01400519 0.02083258
v -0.01850000 0.01408484 0.02080358
v -0.01850000 0.01416584 0.02077860
v -0.01850000 0.01424798 0.02075768
v -0.01850000 0.01433106 0.02074089
v -0.01850000 0.01441488 0.02072825
v -0.01850000 0.01449923 0.02071981
v -0.01850000 0.01458388 0.02071559
v -0.01850000 0.01466865 0.02071559
v -0.01850000 0.01475331 0.02071981
v -0.01850000 0.01483765 0.02072825
v -0.01850000 0.01492147 0.02074089
v -0.01850000 0.01500455 0.02075768
v -0.01850000 0.01508670 0.02077860
v -0.01850000 0.01516769 0.02080358
v -0.01850000 0.01524735 0.02083258
v -0.01850000 0.04418673 0.04680191
v -0.01850000 0.01990804 0.05018677
v -0.01850000 0.01986566 0.05026017
v -0.01850000 0.04412755 0.04674123
v -0.01850000 0.01994671 0.05011134
v -0.01850000 0.04424887 0.04685957
v -0.01850000 0.01981967 0.05033138
v -0.01850000 0.04407146 0.04667768
v -0.01850000 0.01998157 0.05003407
v -0.01850000 0.04431380 0.04691405
v -0.01850000 0.01977019 0.05040020
v -0.01850000 0.04401861 0.04661141
v -0.01850000 0.02001254 0.04995517
v -0.01850000 0.04438137 0.04696523
v -0.01850000 0.01971734 0.05046647
v -0.01850000 0.04396913 0.04654258
v -0.01850000 0.02003953 0.04987482
v -0.01850000 0.04445140 0.04701298
v -0.01850000 0.01966125 0.05053003
v -0.01850000 0.04392314 0.04647138
v -0.01850000 0.02006249 0.04979322
v -0.01850000 0.04452373 0.04705718
v -0.01850000 0.01960206 0.05059071
v -0.01850000 0.04388076 0.04639797
v -0.01850000 0.02008135 0.04971058
v -0.01850000 0.04459818 0.04709772
v -0.01850000 0.01953993 0.05064836
v -0.01850000 0.04384209 0.04632254
v -0.01850000 0.02009607 0.04962711
v -0.01850000 0.04467455 0.04713450
v -0.01850000 0.01947499 0.05070285
v -0.01850000 0.04380722 0.04624528
v -0.01850000 0.02010661 0.04954300
v -0.01850000 0.04475265 0.04716742
v -0.01850000 0.04377626 0.04616637
v -0.01850000 0.02011295 0.04945847
v -0.01850000 0.04374926 0.04608602
v -0.01850000 0.02011506 0.04937373
v -0.01850000 0.04372630 0.04600443
v -0.01850000 0.02011295 0.04928900
v -0.01850000 0.04370744 0.04592179
v -0.01850000 0.02010661 0.04920447
v -0.01850000 0.04369272 0.04583831
v -0.01850000 0.02009607 0.04912036
v -0.01850000 0.04368218 0.04575420
v -0.01850000 0.02008135 0.04903689
v -0.01850000 0.01828802 0.05106898
v -0.01850000 0.01837268 0.05107321
v -0.01850000 0.01845744 0.05107321
v -0.01850000 0.01854210 0.05106898
v -0.01850000 0.01862645 0.05106054
v -0.01850000 0.01871026 0.05104791
v -0.01850000 0.01879335 0.05103111
v -0.01850000 0.01887549 0.05101019
v -0.01850000 0.01895649 0.05098521
v -0.01850000 0.01903614 0.05095622
v -0.01850000 0.01911425 0.05092329
v -0.01850000 0.01919062 0.05088652
v -0.01850000 0.01926506 0.05084598
v -0.01850000 0.01933739 0.05080178
v -0.01850000 0.01940742 0.05075403
v -0.01850000 0.04483231 0.04719642
v -0.01850000 0.04491330 0.04722140
v -0.01850000 0.04499545 0.04724232
v -0.01850000 0.04507853 0.04725911
v -0.01850000 0.04516235 0.04727175
v -0.01850000 0.04524669 0.04728019
v -0.01850000 0.04367585 0.04566968
v -0.01850000 0.02006249 0.04895425
v -0.01850000 0.04533135 0.04728441
v -0.01850000 0.04367373 0.04558494
v -0.01850000 0.02003953 0.04887265
v -0.01850000 0.04541612 0.04728441
v -0.01850000 0.04367585 0.04550020
v -0.01850000 0.02001254 0.04879230
v -0.01850000 0.04550077 0.04728019
v -0.01850000 0.04368218 0.04541567
v -0.01850000 0.01998157 0.04871339
v -0.01850000 0.04558512 0.04727175
v -0.01850000 0.04369272 0.04533157
v -0.01850000 0.01994671 0.04863613
v -0.01850000 0.04566894 0.04725911
v -0.01850000 0.04370744 0.04524809
v -0.01850000 0.01990804 0.04856070
v -0.01850000 0.04575202 0.04724232
v -0.01850000 0.04372630 0.04516545
v -0.01850000 0.01986566 0.04848729
v -0.01850000 0.04583416 0.04722140
v -0.01850000 0.04374926 0.04508386
v -0.01850000 0.01981967 0.04841609
v -0.01850000 0.04591516 0.04719642
v -0.01850000 0.04377626 0.04500350
v -0.01850000 0.01977019 0.04834727
v -0.01850000 0.04599481 0.04716742
v -0.01850000 0.04380722 0.04492460
v -0.01850000 0.01971734 0.04828099
v -0.01850000 0.04607292 0.04713450
v -0.01850000 0.04384209 0.04484734
v -0.01850000 0.01966125 0.04821744
v -0.01850000 0.04614929 0.04709772
v -0.01850000 0.04388076 0.04477191
v -0.01850000 0.01960206 0.04815676
v -0.01850000 0.04622373 0.04705718
v -0.01850000 0.04392314 0.04469850
v -0.01850000 0.01953993 0.04809911
v -0.01850000 0.04629606 0.04701298
v -0.01850000 0.04396913 0.04462730
v -0.01850000 0.01947499 0.04804462
v -0.01850000 0.04636610 0.04696523
v -0.01850000 0.04401861 0.04455847
v -0.01850000 0.04643367 0.04691405
v -0.01850000 0.04649860 0.04685957
v -0.01850000 0.04656074 0.04680191
v -0.01850000 0.04661992 0.04674123
v -0.01850000 0.04667601 0.04667768
v -0.01850000 0.04672886 0.04661141
v -0.01850000 0.04677834 0.04654258
v -0.01850000 0.04682433 0.04647138
v -0.01850000 0.04686671 0.04639797
v -0.01850000 0.04690538 0.04632254
v -0.01850000 0.04694024 0.04624528
v -0.01850000 0.04697121 0.04616637
v -0.01850000 0.04699821 0.04608602
v -0.01850000 0.04702116 0.04600443
v -0.01850000 0.04704003 0.04592179
v -0.01850000 0.04705475 0.04583831
v -0.01850000 0.04706529 0.04575420
v -0.01850000 0.04707162 0.04566968
v -0.01850000 0.04707373 0.04558494
v -0.01850000 0.04707162 0.04550020
v -0.01850000 0.04706529 0.04541567
v -0.01850000 0.04705475 0.04533157
v -0.01850000 0.04039794 0.01984324
v -0.01850000 0.01611924 0.02322809
v -0.01850000 0.01607686 0.02330150
v -0.01850000 0.04033875 0.01978256
v -0.01850000 0.01615791 0.02315266
v -0.01850000 0.04046007 0.01990089
v -0.01850000 0.01603087 0.02337270
v -0.01850000 0.04028266 0.01971901
v -0.01850000 0.01619278 0.02307540
v -0.01850000 0.04052501 0.01995538
v -0.01850000 0.04022981 0.01965273
v -0.01850000 0.01622374 0.02299649
v -0.01850000 0.04059257 0.02000656
v -0.01850000 0.04407146 0.04449220
v -0.01850000 0.04018033 0.01958391
v -0.01850000 0.01625074 0.02291614
v -0.01850000 0.04066261 0.02005431
v -0.01850000 0.04412755 0.04442865
v -0.01850000 0.04013434 0.01951271
v -0.01850000 0.01627370 0.02283455
v -0.01850000 0.04073494 0.02009851
v -0.01850000 0.04418673 0.04436797
v -0.01850000 0.04009196 0.01943930
v -0.01850000 0.01629256 0.02275191
v -0.01850000 0.04080938 0.02013905
v -0.01850000 0.04424887 0.04431031
v -0.01850000 0.04005329 0.01936387
v -0.01850000 0.01630728 0.02266843
v -0.01850000 0.04088575 0.02017583
v -0.01850000 0.04431380 0.04425583
v -0.01850000 0.04001843 0.01928661
v -0.01850000 0.01631782 0.02258433
v -0.01850000 0.04096386 0.02020875
v -0.01850000 0.04438137 0.04420464
v -0.01850000 0.03998746 0.01920770
v -0.01850000 0.01632415 0.02249980
v -0.01850000 0.04104351 0.02023774
v -0.01850000 0.04445140 0.04415690
v -0.01850000 0.03996047 0.01912735
v -0.01850000 0.01632627 0.02241506
v -0.01850000 0.04112451 0.02026273
v -0.01850000 0.04452373 0.04411270
v -0.01850000 0.03993751 0.01904575
v -0.01850000 0.01632415 0.02233032
v -0.01850000 0.04120665 0.02028364
v -0.01850000 0.04459818 0.04407216
v -0.01850000 0.03991865 0.01896311
v -0.01850000 0.01631782 0.02224580
v -0.01850000 0.04128974 0.02030044
v -0.01850000 0.04467455 0.04403538
v -0.01850000 0.03990393 0.01887964
v -0.01850000 0.01630728 0.02216169
v -0.01850000 0.04137355 0.02031307
v -0.01850000 0.04475265 0.04400245
v -0.01850000 0.03989339 0.01879553
v -0.01850000 0.01629256 0.02207821
v -0.01850000 0.04145790 0.02032151
v -0.01850000 0.04483231 0.04397346
v -0.01850000 0.03988705 0.01871100
v -0.01850000 0.01627370 0.02199557
v -0.01850000 0.04154256 0.02032574
v -0.01850000 0.04491330 0.04394848
v -0.01850000 0.03988494 0.01862627
v -0.01850000 0.01625074 0.02191398
v -0.01850000 0.04162732 0.02032574
v -0.01850000 0.04499545 0.04392756
v -0.01850000 0.03988705 0.01854153
v -0.01850000 0.01622374 0.02183363
v -0.01850000 0.04171198 0.02032151
v -0.01850000 0.04507853 0.04391077
v -0.01850000 0.03989339 0.01845700
v -0.01850000 0.01619278 0.02175472
v -0.01850000 0.04179632 0.02031307
v -0.01850000 0.04516235 0.04389813
v -0.01850000 0.03990393 0.01837289
v -0.01850000 0.01615791 0.02167746
v -0.01850000 0.04188014 0.02030044
v -0.01850000 0.04524669 0.04388969
v -0.01850000 0.03991865 0.01828942
v -0.01850000 0.01611924 0.02160203
v -0.01850000 0.04196322 0.02028364
v -0.01850000 0.04533135 0.04388547
v -0.01850000 0.03993751 0.01820678
v -0.01850000 0.01607686 0.02152862
v -0.01850000 0.04204537 0.02026273
v -0.01850000 0.03996047 0.01812518
v -0.01850000 0.01603087 0.02145742
v -0.01850000 0.03998746 0.01804483
v -0.01850000 0.01598139 0.02138859
v -0.01850000 0.04001843 0.01796593
v -0.01850000 0.01592854 0.02132232
v -0.01850000 0.04005329 0.01788866
v -0.01850000 0.01587245 0.02125877
v -0.01850000 0.04009196 0.01781323
v -0.01850000 0.01581327 0.02119809
v -0.01850000 0.04013434 0.01773983
v -0.01850000 0.01575113 0.02114043
v -0.01850000 0.04018033 0.01766862
v -0.01850000 0.01568620 0.02108595
v -0.01850000 0.04022981 0.01759980
v -0.01850000 0.01561863 0.02103477
v -0.01850000 0.04028266 0.01753353
v -0.01850000 0.01554860 0.02098702
v -0.01850000 0.04033875 0.01746997
v -0.01850000 0.01547627 0.02094282
v -0.01850000 0.04039794 0.01740929
v -0.01850000 0.01540182 0.02090228
v -0.01850000 0.04046007 0.01735164
v -0.01850000 0.01532545 0.02086550
v -0.01850000 0.04052501 0.01729715
v -0.01850000 0.04059257 0.01724597
v -0.01850000 0.04066261 0.01719822
v -0.01850000 0.04073494 0.01715402
v -0.01850000 0.04080938 0.01711348
v -0.01850000 0.04088575 0.01707671
v -0.01850000 0.04096386 0.01704378
v -0.01850000 0.04104351 0.01701479
v -0.01850000 0.05400000 0.02400000
v -0.01850000 0.04307792 0.01943930
v -0.01850000 0.04303553 0.01951271
v -0.01850000 0.04311659 0.01936387
v -0.01850000 0.04661992 0.04442865
v -0.01850000 0.04667601 0.04449220
v -0.01850000 0.04656074 0.04436797
v -0.01850000 0.04315145 0.01928661
v -0.01850000 0.04649860 0.04431031
v -0.01850000 0.04318242 0.01920770
v -0.01850000 0.04643367 0.04425583
v -0.01850000 0.04320941 0.01912735
v -0.01850000 0.04636610 0.04420464
v -0.01850000 0.04323237 0.01904575
v -0.01850000 0.04629606 0.04415690
v -0.01850000 0.04325123 0.01896311
v -0.01850000 0.04622373 0.04411270
v -0.01850000 0.04326595 0.01887964
v -0.01850000 0.04614929 0.04407216
v -0.01850000 0.04327649 0.01879553
v -0.01850000 0.04607292 0.04403538
v -0.01850000 0.04328283 0.01871100
v -0.01850000 0.04599481 0.04400245
v -0.01850000 0.04328494 0.01862627
v -0.01850000 0.04591516 0.04397346
v -0.01850000 0.04583416 0.04394848
v -0.01850000 0.04575202 0.04392756
v -0.01850000 0.04566894 0.04391077
v -0.01850000 0.04558512 0.04389813
v -0.01850000 0.04550077 0.04388969
v -0.01850000 0.04541612 0.04388547
v -0.01850000 0.04212637 0.02023774
v -0.01850000 0.04220602 0.02020875
v -0.01850000 0.04328283 0.01854153
v -0.01850000 0.04228413 0.02017583
v -0.01850000 0.04327649 0.01845700
v -0.01850000 0.04236050 0.02013905
v -0.01850000 0.04326595 0.01837289
v -0.01850000 0.04243494 0.02009851
v -0.01850000 0.04250727 0.02005431
v -0.01850000 0.04257730 0.02000656
v -0.01850000 0.04264487 0.01995538
v -0.01850000 0.04270981 0.01990089
v -0.01850000 0.04277194 0.01984324
v -0.01850000 0.04283113 0.01978256
v -0.01850000 0.04288721 0.01971901
v -0.01850000 0.04294006 0.01965273
v -0.01850000 0.04298955 0.01958391
v -0.01850000 0.05800000 0.02400000
v -0.01850000 0.04672886 0.04455847
v -0.01850000 0.04704003 0.04524809
v -0.01850000 0.04702116 0.04516545
v -0.01850000 0.04699821 0.04508386
v -0.01850000 0.04697121 0.04500350
v -0.01850000 0.04694024 0.04492460
v -0.01850000 0.04690538 0.04484734
v -0.01850000 0.04686671 0.04477191
v -0.01850000 0.04682433 0.04469850
v -0.01850000 0.04677834 0.04462730
v -0.01850000 0.05400000 0.01000000
v -0.01850000 0.04283113 0.01746997
v -0.01850000 0.04288721 0.01753353
v -0.01850000 0.04277194 0.01740929
v -0.01850000 0.04270981 0.01735164
v -0.01850000 0.04264487 0.01729715
v -0.01850000 0.04257730 0.01724597
v -0.01850000 0.04250727 0.01719822
v -0.01850000 0.04243494 0.01715402
v -0.01850000 0.04236050 0.01711348
v -0.01850000 0.04228413 0.01707671
v -0.01850000 0.04220602 0.01704378
v -0.01850000 0.04212637 0.01701479
v -0.01850000 0.04204537 0.01698981
v -0.01850000 0.04196322 0.01696889
v -0.01850000 0.04188014 0.01695209
v -0.01850000 0.04179632 0.01693946
v -0.01850000 0.04171198 0.01693102
v -0.01850000 0.04162732 0.01692679
v -0.01850000 0.04154256 0.01692679
v -0.01850000 0.04145790 0.01693102
v -0.01850000 0.04137355 0.01693946
v -0.01850000 0.04128974 0.01695209
v -0.01850000 0.04120665 0.01696889
v -0.01850000 0.04112451 0.01698981
v -0.01850000 0.04325123 0.01828942
v -0.01850000 0.04323237 0.01820678
v -0.01850000 0.04320941 0.01812518
v -0.01850000 0.04318242 0.01804483
v -0.01850000 0.04315145 0.01796593
v -0.01850000 0.04311659 0.01788866
v -0.01850000 0.04307792 0.01781323
v -0.01850000 0.04303553 0.01773983
v -0.01850000 0.04298955 0.01766862
v -0.01850000 0.04294006 0.01759980
f 1 3 2
f 4 3 1
f 5 7 6
f 5 8 7
f 5 4 1
f 5 6 4
f 9 11 10
f 11 9 12
f 9 10 13
f 12 9 14
f 9 13 15
f 14 9 16
f 9 15 17
f 16 9 18
f 9 17 19
f 18 9 20
f 9 19 21
f 20 9 22
f 9 21 23
f 22 9 24
f 9 23 25
f 24 9 26
f 9 25 27
f 26 9 28
f 9 27 29
f 28 9 30
f 9 29 31
f 30 9 32
f 9 31 33
f 32 9 34
f 9 33 35
f 34 9 36
f 9 35 37
f 36 9 38
f 9 37 39
f 38 9 40
f 9 39 41
f 40 9 42
f 9 41 43
f 42 9 44
f 9 43 45
f 44 9 46
f 9 45 47
f 46 9 48
f 9 47 49
f 48 9 50
f 9 49 51
f 50 9 52
f 9 51 53
f 52 9 54
f 9 53 55
f 54 9 56
f 9 55 57
f 9 57 58
f 9 58 59
f 9 59 60
f 9 60 61
f 9 61 62
f 9 62 63
f 64 66 65
f 67 64 68
f 64 65 68
f 66 70 69
f 65 66 69
f 71 67 72
f 67 68 72
f 70 74 73
f 69 70 73
f 75 71 76
f 71 72 76
f 73 74 77
f 74 78 77
f 79 75 80
f 75 76 80
f 78 82 81
f 77 78 81
f 83 79 84
f 79 80 84
f 82 86 85
f 81 82 85
f 87 83 88
f 83 84 88
f 86 90 89
f 85 86 89
f 91 87 92
f 87 88 92
f 90 94 93
f 89 90 93
f 95 91 96
f 91 92 96
f 94 98 97
f 93 94 97
f 99 95 100
f 95 96 100
f 98 102 101
f 97 98 101
f 103 99 104
f 99 100 104
f 102 106 105
f 101 102 105
f 107 103 108
f 103 104 108
f 106 110 109
f 105 106 109
f 111 107 112
f 107 108 112
f 109 110 113
f 110 114 113
f 115 111 116
f 111 112 116
f 114 118 117
f 113 114 117
f 115 116 119
f 120 115 119
f 118 122 121
f 117 118 121
f 120 119 123
f 124 120 123
f 121 122 125
f 122 126 125
f 127 124 128
f 124 123 128
f 126 130 129
f 125 126 129
f 131 127 132
f 127 128 132
f 130 134 133
f 129 130 133
f 135 131 136
f 131 132 136
f 134 138 137
f 133 134 137
f 139 135 140
f 135 136 140
f 138 142 141
f 137 138 141
f 139 140 143
f 141 142 144
f 142 145 144
f 146 148 147
f 148 149 147
f 148 151 150
f 149 148 150
f 152 146 153
f 146 147 153
f 151 155 154
f 150 151 154
f 156 152 157
f 152 153 157
f 155 159 158
f 154 155 158
f 160 156 161
f 156 157 161
f 162 164 163
f 159 162 163
f 158 159 163
f 165 160 166
f 160 161 166
f 164 168 167
f 163 164 167
f 169 165 170
f 165 166 170
f 167 168 171
f 172 169 173
f 169 170 173
f 174 56 175
f 168 174 175
f 171 168 175
f 172 173 176
f 177 172 176
f 178 177 176
f 56 9 179
f 175 56 179
f 178 176 180
f 179 9 181
f 182 178 183
f 178 180 183
f 181 9 184
f 182 183 185
f 186 182 185
f 187 186 185
f 184 9 188
f 187 185 189
f 188 9 190
f 187 189 191
f 192 187 191
f 190 9 193
f 194 192 195
f 192 191 195
f 193 9 196
f 145 194 197
f 194 195 197
f 196 9 198
f 198 9 199
f 139 143 1
f 9 63 1
f 200 201 1
f 202 200 1
f 203 202 1
f 204 203 1
f 205 204 1
f 206 205 1
f 207 206 1
f 208 207 1
f 209 208 1
f 210 209 1
f 211 210 1
f 212 211 1
f 213 139 1
f 214 212 1
f 215 213 1
f 216 214 1
f 217 215 1
f 218 216 1
f 219 217 1
f 220 218 1
f 221 219 1
f 222 220 1
f 223 221 1
f 224 222 1
f 225 223 1
f 226 224 1
f 227 225 1
f 228 226 1
f 229 227 1
f 230 228 1
f 63 229 1
f 231 230 1
f 232 231 1
f 233 232 1
f 234 233 1
f 235 234 1
f 236 235 1
f 237 236 1
f 238 237 1
f 239 238 1
f 143 239 1
f 240 242 241
f 240 241 243
f 242 245 244
f 241 242 244
f 246 240 247
f 240 243 247
f 245 249 248
f 244 245 248
f 250 246 251
f 246 247 251
f 249 253 252
f 248 249 252
f 254 250 255
f 256 254 255
f 250 251 255
f 257 259 258
f 253 257 258
f 252 253 258
f 256 255 260
f 258 259 261
f 262 256 263
f 256 260 263
f 259 265 264
f 261 259 264
f 266 262 267
f 262 263 267
f 265 269 268
f 264 265 268
f 270 266 271
f 272 270 271
f 266 267 271
f 273 275 274
f 269 273 274
f 268 269 274
f 272 271 276
f 274 275 277
f 278 272 279
f 280 278 279
f 272 276 279
f 275 282 281
f 277 275 281
f 280 279 283
f 282 144 284
f 145 197 284
f 144 145 284
f 281 282 284
f 197 285 284
f 286 280 287
f 280 283 287
f 284 285 288
f 285 289 288
f 290 286 291
f 292 290 291
f 286 287 291
f 288 289 293
f 289 294 293
f 295 292 296
f 292 291 296
f 293 294 297
f 294 298 297
f 295 296 299
f 297 298 300
f 298 301 300
f 295 299 302
f 303 295 302
f 300 301 304
f 301 305 304
f 306 303 307
f 303 302 307
f 304 305 308
f 305 309 308
f 310 306 311
f 306 307 311
f 308 309 312
f 309 313 312
f 314 310 315
f 316 314 315
f 310 311 315
f 312 313 317
f 313 318 317
f 319 316 320
f 316 315 320
f 317 318 321
f 318 322 321
f 323 319 324
f 319 320 324
f 321 322 325
f 322 326 325
f 323 324 327
f 325 326 328
f 326 329 328
f 330 323 331
f 323 327 331
f 328 329 332
f 329 333 332
f 334 330 335
f 336 334 335
f 330 331 335
f 332 333 337
f 333 338 337
f 339 336 340
f 336 335 340
f 337 338 341
f 338 342 341
f 339 340 343
f 341 342 344
f 342 345 344
f 339 343 346
f 347 339 346
f 344 345 348
f 345 349 348
f 347 346 350
f 351 347 350
f 348 349 352
f 349 353 352
f 354 351 355
f 351 350 355
f 352 353 356
f 353 357 356
f 358 354 359
f 354 355 359
f 357 361 360
f 356 357 360
f 362 358 363
f 358 359 363
f 361 365 364
f 360 361 364
f 366 362 367
f 368 366 367
f 362 363 367
f 365 370 369
f 364 365 369
f 368 367 371
f 369 370 372
f 370 373 372
f 368 371 374
f 375 368 374
f 372 373 376
f 373 377 376
f 378 375 379
f 380 378 379
f 375 374 379
f 377 382 381
f 376 377 381
f 383 380 384
f 380 379 384
f 382 386 385
f 381 382 385
f 387 383 388
f 383 384 388
f 385 386 389
f 386 390 389
f 387 388 391
f 389 390 392
f 390 393 392
f 387 391 394
f 395 387 394
f 396 395 394
f 392 393 397
f 393 398 397
f 396 394 399
f 397 398 400
f 398 401 400
f 396 399 402
f 403 396 402
f 400 401 404
f 401 405 404
f 403 402 406
f 407 403 406
f 408 407 406
f 404 405 409
f 405 410 409
f 408 406 411
f 409 410 412
f 410 413 412
f 1 201 414
f 408 411 414
f 201 408 414
f 413 416 415
f 412 413 415
f 1 414 417
f 415 416 418
f 416 419 418
f 1 417 420
f 419 422 421
f 418 419 421
f 1 420 423
f 421 422 424
f 422 425 424
f 1 423 426
f 424 425 427
f 425 428 427
f 1 426 429
f 427 428 430
f 428 431 430
f 1 429 432
f 430 431 433
f 1 432 434
f 1 434 435
f 1 435 436
f 1 436 437
f 1 437 438
f 439 441 440
f 442 439 440
f 442 440 443
f 441 445 444
f 440 441 444
f 442 443 446
f 447 442 446
f 444 445 448
f 449 447 450
f 451 449 450
f 447 446 450
f 445 453 452
f 448 445 452
f 451 450 454
f 452 453 455
f 453 456 455
f 457 451 458
f 451 454 458
f 455 456 459
f 456 460 459
f 457 458 461
f 462 457 461
f 459 460 463
f 460 464 463
f 462 461 465
f 466 462 465
f 467 469 468
f 464 467 468
f 463 464 468
f 470 466 471
f 466 465 471
f 468 469 472
f 473 470 474
f 470 471 474
f 469 476 475
f 472 469 475
f 473 474 477
f 478 473 477
f 476 480 479
f 475 476 479
f 481 478 482
f 478 477 482
f 480 484 483
f 479 480 483
f 485 481 486
f 481 482 486
f 487 489 488
f 484 487 488
f 483 484 488
f 485 486 490
f 491 485 490
f 489 493 492
f 488 489 492
f 491 490 494
f 495 491 494
f 492 493 496
f 497 495 498
f 495 494 498
f 493 199 499
f 496 493 499
f 500 502 501
f 502 497 501
f 497 498 501
f 500 501 503
f 500 503 504
f 505 500 504
f 506 505 504
f 506 504 507
f 508 506 509
f 510 508 509
f 506 507 509
f 510 509 511
f 512 510 513
f 514 512 513
f 510 511 513
f 514 513 515
f 514 515 516
f 517 514 516
f 518 517 516
f 518 516 519
f 518 519 520
f 521 518 520
f 522 521 520
f 522 520 523
f 522 523 524
f 525 522 524
f 526 525 524
f 526 524 527
f 526 527 528
f 529 526 528
f 529 528 530
f 531 529 530
f 532 531 530
f 533 532 534
f 532 530 534
f 533 534 535
f 536 533 537
f 533 535 537
f 536 537 538
f 539 536 538
f 540 539 538
f 540 538 541
f 540 541 542
f 543 540 542
f 543 542 544
f 545 543 544
f 546 545 547
f 545 544 547
f 546 547 548
f 549 546 548
f 431 549 550
f 549 548 550
f 551 553 552
f 551 552 554
f 555 551 554
f 553 557 556
f 552 553 556
f 555 554 558
f 559 555 558
f 557 561 560
f 556 557 560
f 559 558 562
f 563 559 562
f 560 561 564
f 561 565 564
f 566 563 567
f 563 562 567
f 564 565 568
f 565 569 568
f 566 567 570
f 571 566 570
f 568 569 572
f 569 573 572
f 571 570 574
f 575 571 574
f 572 573 576
f 573 577 576
f 575 574 578
f 579 575 578
f 576 577 580
f 577 581 580
f 582 579 583
f 579 578 583
f 581 585 584
f 580 581 584
f 586 582 587
f 582 583 587
f 585 589 588
f 584 585 588
f 590 586 591
f 586 587 591
f 589 593 592
f 588 589 592
f 594 590 595
f 590 591 595
f 593 597 596
f 592 593 596
f 594 595 598
f 599 594 598
f 596 597 600
f 597 601 600
f 599 598 602
f 603 599 602
f 600 601 604
f 601 605 604
f 603 602 606
f 607 603 606
f 604 605 608
f 605 609 608
f 607 606 610
f 611 607 610
f 609 613 612
f 608 609 612
f 611 610 614
f 615 611 614
f 612 613 616
f 613 617 616
f 615 614 618
f 619 615 618
f 617 621 620
f 616 617 620
f 619 618 622
f 550 619 622
f 620 621 623
f 621 624 623
f 550 622 625
f 626 433 625
f 431 550 625
f 433 431 625
f 624 628 627
f 623 624 627
f 626 625 629
f 627 628 630
f 628 631 630
f 626 629 632
f 633 626 632
f 634 633 632
f 635 634 636
f 634 632 636
f 635 636 637
f 638 635 639
f 640 638 639
f 635 637 639
f 641 640 642
f 640 639 642
f 641 642 643
f 644 641 645
f 641 643 645
f 646 644 647
f 648 646 647
f 644 645 647
f 648 647 649
f 650 648 651
f 648 649 651
f 652 650 653
f 654 652 653
f 650 651 653
f 654 653 655
f 656 654 657
f 654 655 657
f 656 657 658
f 659 656 658
f 660 659 658
f 660 658 661
f 660 661 662
f 663 660 662
f 664 663 662
f 664 662 665
f 664 665 666
f 667 664 666
f 667 666 668
f 669 667 668
f 438 669 670
f 669 668 670
f 671 673 672
f 671 672 674
f 675 671 674
f 672 673 676
f 675 674 677
f 678 675 677
f 676 673 679
f 673 680 679
f 678 677 681
f 682 678 681
f 683 682 681
f 679 680 684
f 680 685 684
f 683 681 686
f 684 685 687
f 688 689 687
f 685 688 687
f 690 683 691
f 683 686 691
f 687 689 692
f 690 691 693
f 694 690 693
f 689 696 695
f 692 689 695
f 694 693 697
f 698 694 697
f 695 696 699
f 700 701 699
f 696 700 699
f 698 697 702
f 703 698 702
f 699 701 704
f 703 702 705
f 706 703 705
f 706 705 707
f 708 706 707
f 709 708 710
f 708 707 710
f 709 710 711
f 712 709 711
f 712 711 713
f 714 712 713
f 714 713 715
f 716 714 715
f 716 715 717
f 631 716 717
f 718 720 719
f 718 719 721
f 719 720 722
f 723 724 722
f 720 723 722
f 718 721 725
f 726 718 725
f 722 724 727
f 726 725 728
f 729 726 728
f 724 731 730
f 727 724 730
f 729 728 732
f 733 729 732
f 734 733 732
f 730 731 735
f 731 736 735
f 737 734 738
f 734 732 738
f 736 740 739
f 735 736 739
f 737 738 741
f 739 740 742
f 740 743 742
f 744 737 745
f 737 741 745
f 742 743 746
f 743 747 746
f 744 745 748
f 749 744 748
f 747 751 750
f 746 747 750
f 749 748 752
f 753 749 752
f 754 756 755
f 751 754 755
f 750 751 755
f 757 753 758
f 759 757 758
f 753 752 758
f 755 756 760
f 761 759 762
f 759 758 762
f 630 631 763
f 717 764 763
f 756 630 763
f 760 756 763
f 631 717 763
f 765 767 766
f 768 765 766
f 769 768 766
f 770 769 766
f 771 499 766
f 772 771 766
f 773 772 766
f 774 773 766
f 775 774 766
f 776 775 766
f 777 776 766
f 701 777 766
f 778 704 766
f 779 778 766
f 780 779 766
f 781 780 766
f 782 781 766
f 783 782 766
f 784 783 766
f 785 784 766
f 786 785 766
f 787 786 766
f 788 787 766
f 789 788 766
f 790 789 766
f 791 790 766
f 792 770 766
f 793 791 766
f 794 792 766
f 795 793 766
f 796 794 766
f 797 795 766
f 798 796 766
f 799 797 766
f 800 798 766
f 801 799 766
f 802 800 766
f 803 801 766
f 804 802 766
f 805 803 766
f 806 804 766
f 807 805 766
f 808 806 766
f 809 807 766
f 810 808 766
f 811 809 766
f 812 810 766
f 813 811 766
f 814 812 766
f 815 813 766
f 816 814 766
f 817 815 766
f 818 816 766
f 819 817 766
f 704 701 766
f 820 819 766
f 821 820 766
f 822 821 766
f 823 822 766
f 824 823 766
f 825 824 766
f 767 825 766
f 761 762 826
f 764 828 827
f 763 764 827
f 829 761 830
f 761 826 830
f 828 832 831
f 827 828 831
f 829 830 833
f 834 829 833
f 832 836 835
f 831 832 835
f 834 833 837
f 838 834 837
f 836 840 839
f 835 836 839
f 838 837 841
f 842 838 841
f 840 844 843
f 839 840 843
f 842 841 845
f 846 842 845
f 847 846 845
f 843 844 848
f 844 849 848
f 847 845 850
f 848 849 851
f 849 852 851
f 847 850 853
f 854 847 853
f 852 856 855
f 851 852 855
f 854 853 857
f 858 854 857
f 859 858 857
f 856 861 860
f 855 856 860
f 859 857 862
f 861 864 863
f 860 861 863
f 859 862 865
f 866 859 865
f 864 868 867
f 863 864 867
f 866 865 869
f 870 866 869
f 868 872 871
f 867 868 871
f 870 869 873
f 874 870 873
f 872 876 875
f 871 872 875
f 874 873 877
f 878 874 877
f 876 880 879
f 875 876 879
f 878 877 881
f 882 878 881
f 880 884 883
f 879 880 883
f 882 881 885
f 886 882 885
f 884 888 887
f 883 884 887
f 889 886 890
f 886 885 890
f 887 888 891
f 888 892 891
f 889 890 893
f 894 889 893
f 895 894 893
f 892 897 896
f 891 892 896
f 895 893 898
f 897 900 899
f 896 897 899
f 901 895 902
f 895 898 902
f 900 904 903
f 899 900 903
f 901 902 905
f 906 901 905
f 904 908 907
f 903 904 907
f 906 905 909
f 910 906 909
f 908 912 911
f 907 908 911
f 913 910 914
f 915 913 914
f 910 909 914
f 912 917 916
f 911 912 916
f 915 914 918
f 916 917 919
f 917 920 919
f 921 915 922
f 915 918 922
f 920 924 923
f 919 920 923
f 921 922 925
f 926 921 925
f 924 928 927
f 923 924 927
f 926 925 929
f 930 926 929
f 928 932 931
f 927 928 931
f 933 930 934
f 930 929 934
f 932 936 935
f 931 932 935
f 933 934 937
f 938 933 937
f 936 940 939
f 935 936 939
f 938 937 941
f 942 938 941
f 940 944 943
f 939 940 943
f 942 941 945
f 946 942 945
f 947 946 945
f 944 949 948
f 943 944 948
f 947 945 950
f 949 952 951
f 948 949 951
f 947 950 953
f 954 947 953
f 952 956 955
f 951 952 955
f 956 958 957
f 955 956 957
f 958 960 959
f 957 958 959
f 960 962 961
f 959 960 961
f 962 964 963
f 961 962 963
f 964 966 965
f 963 964 965
f 966 968 967
f 965 966 967
f 967 968 969
f 970 971 5
f 972 973 5
f 974 970 5
f 975 972 5
f 968 974 5
f 976 975 5
f 977 976 5
f 978 977 5
f 979 978 5
f 980 979 5
f 981 980 5
f 982 981 5
f 983 982 5
f 984 983 5
f 985 984 5
f 953 985 5
f 969 968 5
f 954 953 5
f 818 766 5
f 1 438 5
f 986 954 5
f 987 986 5
f 988 969 5
f 989 987 5
f 990 988 5
f 991 989 5
f 992 990 5
f 993 991 5
f 994 992 5
f 995 993 5
f 996 994 5
f 997 995 5
f 998 996 5
f 999 997 5
f 1000 998 5
f 1001 999 5
f 1002 1000 5
f 1003 1001 5
f 1004 1002 5
f 670 1003 5
f 1005 1004 5
f 1006 1005 5
f 1007 818 5
f 1008 1006 5
f 1009 1007 5
f 1010 1008 5
f 1011 1009 5
f 1012 1010 5
f 1013 1011 5
f 1014 1012 5
f 1015 1013 5
f 1016 1014 5
f 438 670 5
f 1017 1015 5
f 1018 1016 5
f 971 1017 5
f 973 1018 5
f 766 499 9
f 499 199 9
f 9 1019 766
f 1019 1020 766
f 1021 1022 1019
f 1023 1019 1022
f 1024 1021 1019
f 1025 1019 1023
f 1026 1024 1019
f 1027 1019 1025
f 1028 1026 1019
f 1029 1019 1027
f 1030 1028 1019
f 1031 1019 1029
f 1032 1030 1019
f 1033 1019 1031
f 1034 1032 1019
f 1035 1019 1033
f 1036 1034 1019
f 1037 1019 1035
f 1038 1036 1019
f 1039 1019 1037
f 1040 1038 1019
f 1041 1019 1039
f 1042 1040 1019
f 1043 1019 1041
f 1044 1042 1019
f 1045 1019 1043
f 1046 1044 1019
f 1047 1019 1045
f 1048 1046 1019
f 1049 1019 1047
f 1050 1048 1019
f 1051 1019 1049
f 1052 1050 1019
f 1053 1019 1051
f 1054 1052 1019
f 1055 1019 1053
f 1056 1054 1019
f 1057 1019 1055
f 1058 1056 1019
f 1059 1019 1057
f 1060 1058 1019
f 1061 1019 1059
f 1062 1060 1019
f 1063 1019 1061
f 1064 1062 1019
f 1065 1019 1063
f 1066 1064 1019
f 1067 1019 1065
f 1068 1066 1019
f 1069 1068 1019
f 1070 1069 1019
f 1071 1070 1019
f 1072 1071 1019
f 1073 1072 1019
f 1074 1073 1019
f 1074 1076 1075
f 1074 1075 1077
f 1074 1077 1078
f 1074 1078 1079
f 1074 1079 1080
f 1074 1080 1081
f 1074 1081 1082
f 1074 1082 1083
f 1074 1083 1084
f 1074 1084 1085
f 1074 1085 1086
f 1074 1086 1087
f 1074 1087 1088
f 1074 1088 1089
f 1074 1089 1090
f 1074 1090 1073
f 1091 1093 1092
f 1094 1091 1092
f 1094 1092 1095
f 1096 1097 1093
f 1096 1093 1091
f 1098 1095 1099
f 1098 1094 1095
f 1100 1101 1097
f 1100 1097 1096
f 1102 1099 1103
f 1102 1098 1099
f 1104 1101 1100
f 1104 1105 1101
f 1106 1103 1107
f 1106 1102 1103
f 1108 1109 1105
f 1108 1105 1104
f 1110 1107 1111
f 1110 1106 1107
f 1112 1109 1108
f 1112 1113 1109
f 1114 1111 1115
f 1114 1110 1111
f 1116 1117 1113
f 1116 1113 1112
f 1118 1115 1119
f 1118 1114 1115
f 1120 1121 1117
f 1120 1117 1116
f 1122 1119 1123
f 1122 1118 1119
f 1124 1121 1120
f 1124 1125 1121
f 1126 1123 1127
f 1126 1122 1123
f 1128 1129 1125
f 1128 1125 1124
f 1130 1127 1131
f 1130 1126 1127
f 1132 1133 1129
f 1132 1129 1128
f 1134 1131 1135
f 1134 1130 1131
f 1136 1137 1133
f 1136 1133 1132
f 1138 1135 1139
f 1138 1134 1135
f 1140 1141 1137
f 1140 1137 1136
f 1142 1139 1143
f 1142 1138 1139
f 1144 1141 1140
f 1144 1145 1141
f 1146 1142 1143
f 1146 1143 1076
f 1146 1076 1074
f 1147 1148 1145
f 1147 1145 1144
f 1149 1146 1074
f 1150 1151 1148
f 1150 1148 1147
f 1152 1149 1074
f 1153 1154 1151
f 1153 1151 1150
f 1155 1152 1074
f 1156 1157 1154
f 1156 1154 1153
f 1158 1155 1074
f 1159 1160 1157
f 1159 1157 1156
f 1161 1158 1074
f 1162 1163 1160
f 1162 1160 1159
f 1164 1161 1074
f 1165 1166 1163
f 1165 1163 1162
f 1167 1164 1074
f 1168 1167 1074
f 1169 1168 1074
f 1170 1169 1074
f 1171 1170 1074
f 1172 1171 1074
f 1173 1172 1074
f 1174 1173 1074
f 1175 1174 1074
f 1176 1175 1074
f 1177 1176 1074
f 1178 1177 1074
f 1179 1178 1074
f 1180 1179 1074
f 1181 1180 1074
f 1182 1181 1074
f 1183 1182 1074
f 1184 1183 1074
f 1185 1184 1074
f 1186 1185 1074
f 1187 1186 1074
f 1188 1187 1074
f 1189 1188 1074
f 1190 1189 1074
f 1191 1190 1074
f 1192 1191 1074
f 1193 1192 1074
f 1194 1193 1074
f 1195 1194 1074
f 1196 1195 1074
f 1197 1199 1198
f 1197 1200 1199
f 1201 1202 1199
f 1201 1199 1200
f 1203 1198 1204
f 1203 1197 1198
f 1205 1206 1202
f 1205 1202 1201
f 1207 1204 1208
f 1207 1203 1204
f 1209 1210 1206
f 1209 1206 1205
f 1211 1207 1208
f 1211 1208 1212
f 1213 1214 1210
f 1213 1210 1209
f 1215 1212 1216
f 1215 1211 1212
f 1217 1219 1218
f 1217 1218 1214
f 1217 1214 1213
f 1220 1215 1216
f 1220 1216 1221
f 1222 1223 1219
f 1222 1219 1217
f 1224 1220 1221
f 1224 1221 1225
f 1226 1223 1222
f 1227 1225 1228
f 1227 1228 1229
f 1227 1224 1225
f 1230 1019 1067
f 1230 1067 1223
f 1230 1223 1226
f 1231 1227 1229
f 1232 1019 1230
f 1233 1229 1234
f 1233 1231 1229
f 1235 1019 1232
f 1236 1233 1234
f 1236 1234 1237
f 1236 1237 1238
f 1239 1019 1235
f 1240 1236 1238
f 1241 1019 1239
f 1242 1238 1243
f 1242 1240 1238
f 1244 1019 1241
f 1245 1242 1243
f 1245 1243 1246
f 1247 1019 1244
f 1248 1246 1166
f 1248 1245 1246
f 1249 1019 1247
f 1250 1019 1249
f 1251 1253 1252
f 1251 1252 1254
f 1251 1255 1253
f 1256 1258 1257
f 1256 1257 1253
f 1256 1253 1255
f 1259 1251 1254
f 1260 1258 1256
f 1261 1254 1262
f 1261 1259 1254
f 1263 1264 1258
f 1263 1258 1260
f 1265 1262 1266
f 1265 1266 1267
f 1265 1261 1262
f 1268 1264 1263
f 1268 1269 1264
f 1270 1265 1267
f 1271 1272 1269
f 1271 1269 1268
f 1273 1267 1274
f 1273 1270 1267
f 1275 1276 1272
f 1275 1272 1271
f 1277 1273 1274
f 1277 1274 1278
f 1279 1280 1276
f 1279 1276 1275
f 1281 1277 1278
f 1281 1278 1282
f 1281 1282 1283
f 1284 1285 1280
f 1284 1280 1279
f 1286 1283 1287
f 1286 1281 1283
f 1288 1289 1285
f 1288 1285 1284
f 1290 1287 1291
f 1290 1286 1287
f 1292 1293 1289
f 1292 1289 1288
f 1294 1290 1291
f 1295 1165 1293
f 1295 1248 1166
f 1295 1293 1292
f 1295 1166 1165
f 1295 1296 1248
f 1297 1291 1298
f 1297 1294 1291
f 1299 1296 1295
f 1299 1300 1296
f 1301 1298 1302
f 1301 1297 1298
f 1303 1300 1299
f 1303 1304 1300
f 1305 1302 1306
f 1305 1301 1302
f 1307 1304 1303
f 1307 1308 1304
f 1309 1306 1310
f 1309 1305 1306
f 1311 1308 1307
f 1311 1312 1308
f 1313 1315 1314
f 1313 1309 1310
f 1313 1310 1315
f 1316 1312 1311
f 1316 1317 1312
f 1318 1313 1314
f 1319 1317 1316
f 1319 1320 1317
f 1321 1314 1322
f 1321 1318 1314
f 1323 1320 1319
f 1323 1324 1320
f 1325 1322 1326
f 1325 1326 1327
f 1325 1321 1322
f 1328 1324 1323
f 1328 1329 1324
f 1330 1325 1327
f 1331 1329 1328
f 1331 1332 1329
f 1333 1327 1334
f 1333 1330 1327
f 1335 1332 1331
f 1335 1336 1332
f 1337 1334 1338
f 1337 1333 1334
f 1339 1336 1335
f 1339 1340 1336
f 1341 1338 1342
f 1341 1342 1343
f 1341 1337 1338
f 1344 1340 1339
f 1344 1345 1340
f 1346 1343 1347
f 1346 1341 1343
f 1348 1345 1344
f 1348 1349 1345
f 1350 1347 1351
f 1350 1346 1347
f 1352 1349 1348
f 1352 1353 1349
f 1354 1350 1351
f 1355 1353 1352
f 1355 1356 1353
f 1357 1351 1358
f 1357 1358 1359
f 1357 1354 1351
f 1360 1356 1355
f 1360 1361 1356
f 1362 1359 1363
f 1362 1357 1359
f 1364 1361 1360
f 1364 1365 1361
f 1366 1362 1363
f 1367 1365 1364
f 1367 1368 1365
f 1369 1363 1370
f 1369 1370 1371
f 1369 1366 1363
f 1372 1368 1367
f 1372 1373 1368
f 1374 1369 1371
f 1375 1373 1372
f 1375 1376 1373
f 1377 1371 1378
f 1377 1374 1371
f 1379 1376 1375
f 1379 1380 1376
f 1381 1378 1382
f 1381 1377 1378
f 1383 1384 1380
f 1383 1380 1379
f 1385 1382 1386
f 1385 1386 1387
f 1385 1381 1382
f 1388 1389 1384
f 1388 1384 1383
f 1390 1385 1387
f 1391 1392 1389
f 1391 1389 1388
f 1393 1387 1394
f 1393 1394 1395
f 1393 1390 1387
f 1396 1397 1392
f 1396 1392 1391
f 1398 1393 1395
f 1399 1400 1397
f 1399 1397 1396
f 1401 1395 1402
f 1401 1398 1395
f 1403 1404 1400
f 1403 1400 1399
f 1405 1402 1406
f 1405 1406 1407
f 1405 1401 1402
f 1408 1404 1403
f 1408 1409 1404
f 1410 1405 1407
f 1411 1409 1408
f 1411 1412 1409
f 1413 1410 1407
f 1413 1407 1414
f 1413 1414 1415
f 1416 1412 1411
f 1416 1417 1412
f 1418 1413 1415
f 1419 1417 1416
f 1419 1420 1417
f 1421 1415 1422
f 1421 1418 1415
f 1423 1420 1419
f 1423 1424 1420
f 1425 1421 1422
f 1425 1422 1426
f 1427 1428 1424
f 1427 1424 1423
f 1429 1426 1196
f 1429 1196 1074
f 1429 1425 1426
f 1430 1428 1427
f 1430 1431 1428
f 1432 1429 1074
f 1433 1431 1430
f 1433 1434 1431
f 1435 1432 1074
f 1436 1434 1433
f 1436 1437 1434
f 1438 1435 1074
f 1439 1437 1436
f 1439 1440 1437
f 1441 1438 1074
f 1442 1440 1439
f 1442 1443 1440
f 1444 1441 1074
f 1445 1443 1442
f 1446 1448 1447
f 1446 1447 1449
f 1450 1446 1449
f 1451 1448 1446
f 1451 1452 1448
f 1453 1449 1454
f 1453 1450 1449
f 1455 1452 1451
f 1456 1454 1457
f 1456 1457 1458
f 1456 1453 1454
f 1459 1460 1452
f 1459 1452 1455
f 1461 1456 1458
f 1462 1460 1459
f 1462 1463 1460
f 1464 1458 1465
f 1464 1461 1458
f 1466 1463 1462
f 1466 1467 1463
f 1468 1464 1465
f 1468 1465 1469
f 1470 1467 1466
f 1470 1471 1467
f 1472 1469 1473
f 1472 1468 1469
f 1474 1476 1475
f 1474 1475 1471
f 1474 1471 1470
f 1477 1473 1478
f 1477 1472 1473
f 1479 1476 1474
f 1479 1480 1476
f 1481 1477 1478
f 1481 1478 1482
f 1483 1480 1479
f 1484 1481 1482
f 1484 1482 1485
f 1486 1487 1480
f 1486 1480 1483
f 1488 1484 1485
f 1488 1485 1489
f 1490 1491 1487
f 1490 1487 1486
f 1492 1489 1493
f 1492 1488 1489
f 1494 1496 1495
f 1494 1495 1491
f 1494 1491 1490
f 1497 1493 1498
f 1497 1492 1493
f 1499 1496 1494
f 1500 1497 1498
f 1500 1498 1501
f 1502 1496 1499
f 1502 1503 1496
f 1504 1500 1501
f 1504 1501 1505
f 1504 1505 1506
f 1507 1250 1503
f 1507 1503 1502
f 1507 1019 1250
f 1508 1504 1506
f 1508 1506 1509
f 1510 1508 1509
f 1511 1510 1509
f 1511 1509 1512
f 1511 1512 1513
f 1514 1511 1513
f 1515 1514 1513
f 1515 1513 1516
f 1515 1516 1517
f 1518 1515 1517
f 1519 1517 1520
f 1519 1518 1517
f 1519 1520 1521
f 1522 1519 1521
f 1523 1521 1524
f 1523 1524 1525
f 1523 1522 1521
f 1526 1523 1525
f 1527 1525 1528
f 1527 1528 1529
f 1527 1526 1525
f 1530 1527 1529
f 1531 1530 1529
f 1531 1529 1532
f 1531 1532 1533
f 1534 1531 1533
f 1535 1534 1533
f 1535 1533 1536
f 1537 1535 1536
f 1537 1536 1538
f 1537 1538 1539
f 1540 1537 1539
f 1540 1539 1541
f 1542 1540 1541
f 1543 1542 1541
f 1543 1541 1544
f 1545 1543 1544
f 1545 1544 1546
f 1545 1546 1547
f 1548 1545 1547
f 1549 1547 1550
f 1549 1548 1547
f 1551 1549 1550
f 1551 1550 1552
f 1553 1552 1554
f 1553 1554 1555
f 1553 1551 1552
f 1556 1553 1555
f 1557 1556 1555
f 1557 1555 1443
f 1557 1443 1445
f 1558 1560 1559
f 1561 1559 1562
f 1561 1558 1559
f 1563 1564 1560
f 1563 1560 1558
f 1565 1561 1562
f 1565 1562 1566
f 1567 1568 1564
f 1567 1564 1563
f 1569 1565 1566
f 1569 1566 1570
f 1571 1572 1568
f 1571 1568 1567
f 1573 1569 1570
f 1573 1570 1574
f 1575 1576 1572
f 1575 1572 1571
f 1577 1573 1574
f 1577 1574 1578
f 1579 1576 1575
f 1579 1580 1576
f 1581 1578 1582
f 1581 1577 1578
f 1583 1584 1580
f 1583 1580 1579
f 1585 1581 1582
f 1585 1582 1586
f 1587 1588 1584
f 1587 1584 1583
f 1589 1585 1586
f 1589 1586 1590
f 1591 1592 1588
f 1591 1588 1587
f 1593 1589 1590
f 1593 1590 1594
f 1595 1596 1592
f 1595 1592 1591
f 1597 1594 1598
f 1597 1593 1594
f 1599 1600 1596
f 1599 1596 1595
f 1601 1598 1602
f 1601 1597 1598
f 1603 1604 1600
f 1603 1600 1599
f 1605 1602 1606
f 1605 1601 1602
f 1607 1608 1604
f 1607 1604 1603
f 1609 1605 1606
f 1609 1606 1610
f 1611 1612 1608
f 1611 1608 1607
f 1613 1610 1614
f 1613 1609 1610
f 1615 1616 1612
f 1615 1612 1611
f 1617 1613 1614
f 1617 1614 1618
f 1619 1620 1616
f 1619 1616 1615
f 1621 1617 1618
f 1621 1618 1622
f 1623 1624 1620
f 1623 1620 1619
f 1625 1621 1622
f 1625 1622 1626
f 1627 1628 1624
f 1627 1624 1623
f 1629 1625 1626
f 1629 1626 1557
f 1630 1628 1627
f 1630 1631 1628
f 1632 1629 1557
f 1632 1557 1445
f 1633 1634 1631
f 1633 1631 1630
f 1635 1445 1636
f 1635 1632 1445
f 1637 1634 1633
f 1637 1638 1634
f 1639 1636 1640
f 1639 1635 1636
f 1639 1640 1641
f 1642 1639 1641
f 1643 1641 1644
f 1643 1642 1641
f 1645 1644 1646
f 1645 1646 1647
f 1645 1643 1644
f 1648 1645 1647
f 1649 1647 1650
f 1649 1648 1647
f 1651 1650 1652
f 1651 1649 1650
f 1653 1652 1654
f 1653 1651 1652
f 1655 1654 1656
f 1655 1653 1654
f 1657 1656 1658
f 1657 1655 1656
f 1659 1658 1660
f 1659 1660 1661
f 1659 1657 1658
f 1662 1661 1663
f 1662 1659 1661
f 1664 1662 1663
f 1665 1663 1666
f 1665 1664 1663
f 1667 1666 1668
f 1667 1665 1666
f 1669 1668 1670
f 1669 1670 1671
f 1669 1667 1668
f 1672 1669 1671
f 1673 1672 1671
f 1673 1671 1674
f 1675 1673 1674
f 1675 1674 1676
f 1677 1675 1676
f 1677 1676 1678
f 1679 1681 1680
f 1682 1679 1680
f 1682 1680 1683
f 1684 1681 1679
f 1685 1682 1683
f 1685 1683 1686
f 1687 1681 1684
f 1687 1688 1681
f 1689 1685 1686
f 1689 1686 1690
f 1689 1690 1691
f 1692 1688 1687
f 1692 1693 1688
f 1694 1689 1691
f 1695 1693 1692
f 1695 1697 1696
f 1695 1696 1693
f 1698 1694 1691
f 1698 1691 1699
f 1700 1697 1695
f 1701 1698 1699
f 1701 1699 1702
f 1703 1697 1700
f 1703 1704 1697
f 1705 1702 1706
f 1705 1701 1702
f 1707 1704 1703
f 1707 1709 1708
f 1707 1708 1704
f 1710 1705 1706
f 1710 1706 1711
f 1712 1709 1707
f 1713 1710 1711
f 1713 1711 1714
f 1715 1713 1714
f 1715 1714 1716
f 1717 1715 1716
f 1717 1716 1718
f 1719 1718 1720
f 1719 1717 1718
f 1721 1719 1720
f 1721 1720 1722
f 1723 1721 1722
f 1723 1722 1724
f 1725 1723 1724
f 1725 1724 1638
f 1726 1728 1727
f 1729 1726 1727
f 1729 1727 1730
f 1731 1728 1726
f 1732 1729 1730
f 1732 1730 1733
f 1732 1733 1734
f 1735 1728 1731
f 1735 1737 1736
f 1735 1736 1728
f 1738 1732 1734
f 1739 1737 1735
f 1740 1734 1741
f 1740 1741 1742
f 1740 1738 1734
f 1743 1737 1739
f 1743 1745 1744
f 1743 1744 1737
f 1746 1740 1742
f 1747 1745 1743
f 1748 1742 1749
f 1748 1746 1742
f 1750 1745 1747
f 1750 1751 1745
f 1752 1748 1749
f 1752 1749 1753
f 1754 1751 1750
f 1754 1755 1751
f 1756 1752 1753
f 1756 1753 1757
f 1758 1759 1755
f 1758 1755 1754
f 1760 1756 1757
f 1760 1757 1761
f 1762 1759 1758
f 1762 1763 1759
f 1764 1760 1761
f 1764 1761 1765
f 1764 1765 1766
f 1767 1763 1762
f 1767 1768 1763
f 1769 1764 1766
f 1769 1766 1770
f 1771 1638 1637
f 1771 1772 1725
f 1771 1637 1768
f 1771 1725 1638
f 1771 1768 1767
f 1020 1774 1773
f 1020 1773 1775
f 1020 1775 1776
f 1020 1776 1777
f 1020 1709 1712
f 1020 1507 1778
f 1020 1778 1779
f 1020 1779 1780
f 1020 1780 1781
f 1020 1781 1782
f 1020 1782 1783
f 1020 1783 1784
f 1020 1784 1709
f 1020 1019 1507
f 1020 1712 1785
f 1020 1785 1786
f 1020 1786 1787
f 1020 1787 1788
f 1020 1788 1789
f 1020 1789 1790
f 1020 1790 1791
f 1020 1791 1792
f 1020 1792 1793
f 1020 1793 1794
f 1020 1794 1795
f 1020 1795 1796
f 1020 1796 1797
f 1020 1797 1798
f 1020 1777 1799
f 1020 1798 1800
f 1020 1799 1801
f 1020 1800 1802
f 1020 1801 1803
f 1020 1802 1804
f 1020 1803 1805
f 1020 1804 1806
f 1020 1805 1807
f 1020 1806 1808
f 1020 1807 1809
f 1020 1808 1810
f 1020 1809 1811
f 1020 1810 1812
f 1020 1811 1813
f 1020 1812 1814
f 1020 1813 1815
f 1020 1814 1816
f 1020 1815 1817
f 1020 1816 1818
f 1020 1817 1819
f 1020 1818 1820
f 1020 1819 1821
f 1020 1820 1822
f 1020 1821 1823
f 1020 1822 1824
f 1020 1824 1825
f 1020 1825 1826
f 1020 1826 1827
f 1020 1827 1828
f 1020 1828 1829
f 1020 1829 1830
f 1020 1830 1831
f 1020 1831 1774
f 1832 1769 1770
f 1833 1834 1772
f 1833 1772 1771
f 1835 1832 1770
f 1835 1770 1836
f 1837 1838 1834
f 1837 1834 1833
f 1839 1835 1836
f 1839 1836 1840
f 1839 1840 1841
f 1842 1843 1838
f 1842 1838 1837
f 1844 1839 1841
f 1845 1846 1843
f 1845 1843 1842
f 1847 1841 1848
f 1847 1844 1841
f 1849 1850 1846
f 1849 1846 1845
f 1851 1847 1848
f 1851 1848 1852
f 1851 1852 1853
f 1854 1855 1850
f 1854 1850 1849
f 1856 1851 1853
f 1857 1858 1855
f 1857 1855 1854
f 1859 1856 1853
f 1859 1853 1860
f 1861 1862 1858
f 1861 1858 1857
f 1863 1859 1860
f 1863 1860 1864
f 1863 1864 1865
f 1866 1862 1861
f 1866 1867 1862
f 1868 1863 1865
f 1869 1867 1866
f 1869 1870 1867
f 1871 1868 1865
f 1871 1865 1872
f 1873 1874 1870
f 1873 1870 1869
f 1875 1871 1872
f 1875 1872 1876
f 1877 1874 1873
f 1877 1878 1874
f 1879 1875 1876
f 1879 1876 1880
f 1881 1882 1878
f 1881 1878 1877
f 1883 1879 1880
f 1883 1880 1884
f 1885 1886 1882
f 1885 1882 1881
f 1887 1883 1884
f 1887 1884 1888
f 1889 1890 1886
f 1889 1886 1885
f 1891 1887 1888
f 1891 1888 1892
f 1893 1894 1890
f 1893 1890 1889
f 1895 1891 1892
f 1895 1892 1896
f 1897 1898 1894
f 1897 1894 1893
f 1899 1895 1896
f 1899 1896 1900
f 1899 1900 1901
f 1902 1903 1898
f 1902 1898 1897
f 1904 1899 1901
f 1905 1906 1903
f 1905 1903 1902
f 1907 1901 1908
f 1907 1904 1901
f 1909 1910 1906
f 1909 1906 1905
f 1911 1908 1912
f 1911 1907 1908
f 1913 1914 1910
f 1913 1910 1909
f 1915 1911 1912
f 1915 1912 1916
f 1917 1918 1914
f 1917 1914 1913
f 1919 1916 1920
f 1919 1920 1921
f 1919 1915 1916
f 1922 1923 1918
f 1922 1918 1917
f 1924 1919 1921
f 1925 1926 1923
f 1925 1923 1922
f 1927 1924 1921
f 1927 1921 1928
f 1929 1930 1926
f 1929 1926 1925
f 1931 1928 1932
f 1931 1927 1928
f 1933 1934 1930
f 1933 1930 1929
f 1935 1932 1936
f 1935 1931 1932
f 1937 1938 1934
f 1937 1934 1933
f 1939 1935 1936
f 1939 1936 1940
f 1941 1942 1938
f 1941 1938 1937
f 1943 1939 1940
f 1943 1940 1944
f 1945 1946 1942
f 1945 1942 1941
f 1947 1943 1944
f 1947 1944 1948
f 1949 1950 1946
f 1949 1946 1945
f 1951 1947 1948
f 1951 1948 1952
f 1953 1954 1950
f 1953 1950 1949
f 1955 1951 1952
f 1955 1952 1956
f 1957 1958 1954
f 1957 1954 1953
f 1959 1955 1956
f 1959 1956 1960
f 1961 1958 1957
f 1961 1962 1958
f 1963 1959 1960
f 1963 1960 1964
f 1965 1962 1961
f 1965 1966 1962
f 1967 1969 1968
f 1967 1971 1970
f 1967 1965 1972
f 1967 1968 1973
f 1967 1970 1974
f 1967 1972 1975
f 1967 1973 1976
f 1967 1974 1977
f 1967 1976 1978
f 1967 1977 1979
f 1967 1978 1980
f 1967 1979 1981
f 1967 1980 1982
f 1967 1981 1983
f 1967 1982 1984
f 1967 1983 1985
f 1967 1984 1966
f 1967 1985 1986
f 1967 1986 1987
f 1967 1987 1988
f 1967 1988 1989
f 1967 1989 1963
f 1967 1966 1965
f 1967 1963 1964
f 1967 1020 1823
f 1967 1975 1990
f 1967 1990 1991
f 1967 1991 1992
f 1967 1992 1993
f 1967 1964 1994
f 1967 1993 1995
f 1967 1994 1996
f 1967 1995 1997
f 1967 1996 1998
f 1967 1997 1999
f 1967 1998 2000
f 1967 1999 2001
f 1967 2000 2002
f 1967 2001 2003
f 1967 2003 2004
f 1967 2004 2005
f 1967 2005 2006
f 1967 2006 2007
f 1967 2007 2008
f 1967 1823 2009
f 1967 2008 2010
f 1967 2009 2011
f 1967 2010 2012
f 1967 2011 2013
f 1967 2012 2014
f 1967 2013 2015
f 1967 2014 2016
f 1967 2015 2017
f 1967 2016 2018
f 1967 2017 2019
f 1967 2018 2020
f 1967 2019 2021
f 1967 2020 2022
f 1967 2021 1969
f 1967 2022 1971
f 1967 1444 1074
f 1967 2023 1444
f 1967 2024 2023
f 1967 2025 2024
f 1967 2026 2025
f 1967 1678 2026
f 1967 2027 1678
f 2027 2028 1678
f 2028 2029 1678
f 2029 2030 1678
f 2030 1677 1678
f 1967 2002 2027
f 2031 2033 2032
f 2033 2031 2034
f 2031 2032 2035
f 2034 2031 2036
f 2031 2035 2037
f 2036 2031 2038
f 2031 2037 2039
f 2038 2031 2040
f 2031 2039 2041
f 2040 2031 2042
f 2031 2041 2043
f 2042 2031 2044
f 2031 2043 2045
f 2044 2031 2046
f 2031 2045 2047
f 2046 2031 2048
f 2031 2047 2049
f 2048 2031 2050
f 2031 2049 2051
f 2050 2031 2052
f 2031 2051 2053
f 2052 2031 2054
f 2031 2053 2055
f 2054 2031 2056
f 2031 2055 2057
f 2056 2031 2058
f 2031 2057 2059
f 2058 2031 2060
f 2031 2059 2061
f 2060 2031 2062
f 2031 2061 2063
f 2062 2031 2064
f 2031 2063 2065
f 2064 2031 2066
f 2031 2065 2067
f 2066 2031 2068
f 2031 2067 2069
f 2068 2031 2070
f 2031 2069 2071
f 2070 2031 2072
f 2031 2071 2073
f 2072 2031 2074
f 2031 2073 2075
f 2074 2031 2076
f 2031 2075 2077
f 2031 2077 2078
f 2031 2078 2079
f 2031 2079 2080
f 2080 2082 2081
f 2031 2080 2083
f 2080 2081 2083
f 2082 2085 2084
f 2081 2082 2084
f 2031 2083 2086
f 2085 2088 2087
f 2084 2085 2087
f 2031 2086 2089
f 2088 2091 2090
f 2087 2088 2090
f 2031 2089 2092
f 2091 2094 2093
f 2090 2091 2093
f 2031 2092 2095
f 2094 2097 2096
f 2093 2094 2096
f 2031 2095 2098
f 2097 2100 2099
f 2096 2097 2099
f 2031 2098 2101
f 2100 2103 2102
f 2099 2100 2102
f 2031 2101 2104
f 2102 2103 2105
f 2103 2106 2105
f 2105 2106 2107
f 2106 2108 2107
f 2108 2110 2109
f 2107 2108 2109
f 2110 2112 2111
f 2109 2110 2111
f 2112 2114 2113
f 2111 2112 2113
f 2113 2114 2115
f 2114 2116 2115
f 2115 2116 2117
f 2116 2118 2117
f 2117 2118 2119
f 2118 2120 2119
f 2119 2120 2121
f 2120 2122 2121
f 2121 2122 2123
f 2122 2124 2123
f 2123 2124 2125
f 2124 2126 2125
f 2125 2126 2127
f 2126 2128 2127
f 2127 2128 2129
f 2128 2130 2129
f 2129 2130 2131
f 2130 2132 2131
f 2131 2132 2133
f 2132 2134 2133
f 2133 2134 2135
f 2134 2136 2135
f 2135 2136 2137
f 2136 2138 2137
f 2138 2140 2139
f 2137 2138 2139
f 2139 2140 2141
f 2140 2142 2141
f 2141 2142 2143
f 2142 2144 2143
f 2143 2144 2145
f 2144 2146 2145
f 2146 2148 2147
f 2145 2146 2147
f 2031 2104 1074
f 2149 2150 1074
f 2151 2149 1074
f 2152 2151 1074
f 2153 2152 1074
f 2154 2153 1074
f 2155 2154 1074
f 2156 2155 1074
f 2157 2156 1074
f 2158 2157 1074
f 2159 2158 1074
f 2160 2159 1074
f 2161 2160 1074
f 2162 2161 1074
f 2163 2162 1074
f 2164 2163 1074
f 2165 2164 1074
f 2166 2165 1074
f 2167 2166 1074
f 2168 2167 1074
f 2169 2168 1074
f 2104 2169 1074
f 1074 2150 2170
f 2148 2172 2171
f 2147 2148 2171
f 1074 2170 2173
f 2172 2175 2174
f 2171 2172 2174
f 1074 2173 2176
f 2175 2178 2177
f 2174 2175 2177
f 1074 2176 2179
f 2178 2181 2180
f 2177 2178 2180
f 1074 2179 2182
f 2180 2181 2183
f 1074 2182 2184
f 1074 2184 2185
f 1074 2185 2186
f 1074 2186 2187
f 1074 2187 2188
f 1074 2188 2189
f 1074 2189 2190
f 1074 2190 2191
f 1074 2191 2192
f 1074 2192 2193
f 1074 2193 2194
f 1074 2194 2195
f 1074 2195 2196
f 1074 2196 2197
f 1074 2197 2198
f 1074 2198 2199
f 1074 2199 2200
f 1074 2200 2201
f 1074 2201 2202
f 1074 2202 2203
f 1074 2203 2204
f 2205 2207 2206
f 2208 2205 2209
f 2205 2206 2209
f 2207 2211 2210
f 2206 2207 2210
f 2208 2209 2212
f 2213 2208 2212
f 2210 2211 2214
f 2211 2215 2214
f 2213 2212 2216
f 2217 2213 2216
f 2215 2219 2218
f 2214 2215 2218
f 2217 2216 2220
f 2221 2217 2220
f 2219 2223 2222
f 2218 2219 2222
f 2224 2221 2225
f 2221 2220 2225
f 2223 2227 2226
f 2222 2223 2226
f 2224 2225 2228
f 2229 2224 2228
f 2226 2227 2230
f 2227 2231 2230
f 2229 2228 2232
f 2233 2229 2232
f 2231 2235 2234
f 2230 2231 2234
f 2236 2233 2237
f 2233 2232 2237
f 2235 2239 2238
f 2234 2235 2238
f 2240 2236 2241
f 2236 2237 2241
f 2239 2243 2242
f 2238 2239 2242
f 2244 2240 2245
f 2240 2241 2245
f 2242 2243 2246
f 2243 2247 2246
f 2248 2244 2249
f 2244 2245 2249
f 2247 2251 2250
f 2246 2247 2250
f 2252 2248 2253
f 2248 2249 2253
f 2251 2255 2254
f 2250 2251 2254
f 2256 2252 2257
f 2252 2253 2257
f 2255 2259 2258
f 2254 2255 2258
f 2260 2256 2261
f 2256 2257 2261
f 2259 2076 2262
f 2258 2259 2262
f 2076 2031 2262
f 2260 2261 2263
f 2264 2260 2263
f 2262 2031 2265
f 2264 2263 2266
f 2267 2264 2266
f 2265 2031 2268
f 2269 2267 2270
f 2267 2266 2270
f 2268 2031 2271
f 2272 2269 2273
f 2269 2270 2273
f 2274 2272 2275
f 2272 2273 2275
f 2276 2274 2277
f 2274 2275 2277
f 2278 2276 2279
f 2276 2277 2279
f 2280 2278 2281
f 2278 2279 2281
f 2282 2280 2283
f 2280 2281 2283
f 2284 2282 2285
f 2282 2283 2285
f 2286 2284 2287
f 2284 2285 2287
f 2288 2286 2289
f 2286 2287 2289
f 2290 2288 2291
f 2288 2289 2291
f 2292 2290 2293
f 2290 2291 2293
f 2181 2292 2294
f 2292 2293 2294
f 2183 2181 2294
f 2295 2297 2296
f 2298 2295 2299
f 2295 2296 2299
f 2296 2297 2300
f 2297 2301 2300
f 2298 2299 2302
f 2303 2298 2302
f 2301 2183 2304
f 2300 2301 2304
f 2303 2302 2305
f 2306 2303 2305
f 2304 2183 2307
f 2294 2308 2307
f 2183 2294 2307
f 2306 2305 2309
f 2310 2306 2309
f 2307 2308 2311
f 2308 2312 2311
f 2313 2310 2314
f 2310 2309 2314
f 2312 2316 2315
f 2311 2312 2315
f 2317 2313 2318
f 2313 2314 2318
f 2316 2320 2319
f 2315 2316 2319
f 2321 2317 2322
f 2317 2318 2322
f 2320 2324 2323
f 2319 2320 2323
f 2325 2321 2326
f 2321 2322 2326
f 2323 2324 2327
f 2324 2328 2327
f 2329 2325 2330
f 2325 2326 2330
f 2328 2332 2331
f 2327 2328 2331
f 2333 2329 2334
f 2329 2330 2334
f 2331 2332 2335
f 2332 2336 2335
f 2337 2333 2338
f 2333 2334 2338
f 2335 2336 2339
f 2336 2340 2339
f 2341 2337 2342
f 2337 2338 2342
f 2339 2340 2343
f 2340 2344 2343
f 2341 2342 2345
f 2346 2341 2345
f 2343 2344 2347
f 2344 2348 2347
f 2349 2346 2350
f 2346 2345 2350
f 2347 2348 2351
f 2348 2352 2351
f 2353 2349 2354
f 2349 2350 2354
f 2351 2352 2355
f 2352 2356 2355
f 2357 2353 2358
f 2353 2354 2358
f 2355 2356 2359
f 2356 2360 2359
f 2361 2357 2362
f 2357 2358 2362
f 2359 2360 2363
f 2360 2364 2363
f 2365 2361 2366
f 2361 2362 2366
f 2363 2364 2367
f 2364 2368 2367
f 2369 2365 2370
f 2365 2366 2370
f 2367 2368 2371
f 2368 2372 2371
f 2373 2369 2374
f 2369 2370 2374
f 2371 2372 2375
f 2372 2376 2375
f 2377 2373 2378
f 2373 2374 2378
f 2375 2376 2379
f 2376 2380 2379
f 2381 2377 2382
f 2377 2378 2382
f 2379 2380 2383
f 2380 2384 2383
f 2385 2381 2386
f 2381 2382 2386
f 2383 2384 2387
f 2384 2388 2387
f 2389 2385 2390
f 2385 2386 2390
f 2387 2388 2391
f 2388 2392 2391
f 2393 2389 2394
f 2389 2390 2394
f 2391 2392 2395
f 2392 2396 2395
f 2397 2393 2398
f 2393 2394 2398
f 2395 2396 2399
f 2396 2400 2399
f 2397 2398 2401
f 2402 2397 2401
f 2399 2400 2403
f 2400 2404 2403
f 2405 2402 2406
f 2402 2401 2406
f 2403 2404 2407
f 2404 2408 2407
f 2409 2405 2410
f 2405 2406 2410
f 2407 2408 2411
f 2408 2412 2411
f 2413 2409 2414
f 2409 2410 2414
f 2411 2412 2415
f 2412 2416 2415
f 2417 2413 2418
f 2413 2414 2418
f 2416 2420 2419
f 2415 2416 2419
f 2421 2417 2422
f 2417 2418 2422
f 2420 2424 2423
f 2419 2420 2423
f 2425 2421 2426
f 2421 2422 2426
f 2424 2428 2427
f 2423 2424 2427
f 2204 2425 2429
f 2425 2426 2429
f 2427 2428 2430
f 1074 2204 2431
f 2204 2429 2431
f 1074 2431 2432
f 1074 2432 2433
f 1074 2433 2434
f 1074 2434 2435
f 1074 2435 2436
f 1074 2436 2437
f 1074 2437 2438
f 1074 2438 2439
f 1074 2439 2440
f 1074 2440 2441
f 2442 2444 2443
f 2442 2443 2445
f 2446 2442 2445
f 2443 2444 2447
f 2444 2448 2447
f 2449 2446 2450
f 2446 2445 2450
f 2447 2448 2451
f 2448 2452 2451
f 2449 2450 2453
f 2454 2449 2453
f 2451 2452 2455
f 2452 2456 2455
f 2454 2453 2457
f 2458 2454 2457
f 2455 2456 2459
f 2456 2460 2459
f 2461 2458 2462
f 2458 2457 2462
f 2459 2460 2463
f 2460 2464 2463
f 2465 2461 2466
f 2461 2462 2466
f 2464 2468 2467
f 2463 2464 2467
f 2465 2466 2469
f 2470 2465 2469
f 2468 2472 2471
f 2467 2468 2471
f 2470 2469 2473
f 2474 2470 2473
f 2472 2476 2475
f 2471 2472 2475
f 2474 2473 2477
f 2478 2474 2477
f 2476 2271 2479
f 2475 2476 2479
f 2480 2478 2481
f 2478 2477 2481
f 2479 2271 2482
f 2271 2031 2482
f 2480 2481 2483
f 2484 2480 2483
f 2482 2031 2485
f 2484 2483 2486
f 2487 2484 2486
f 2485 2031 2488
f 2487 2486 2489
f 2490 2487 2489
f 2488 2031 2491
f 2490 2489 2492
f 2493 2490 2492
f 2493 2492 2494
f 2495 2493 2494
f 2495 2494 2496
f 2497 2495 2496
f 2497 2496 2498
f 2499 2497 2498
f 2499 2498 2500
f 2501 2499 2500
f 2502 2501 2503
f 2501 2500 2503
f 2504 2502 2505
f 2502 2503 2505
f 2506 2504 2507
f 2504 2505 2507
f 2508 2506 2509
f 2506 2507 2509
f 2508 2509 2510
f 2511 2508 2510
f 2512 2511 2513
f 2511 2510 2513
f 2514 2512 2515
f 2512 2513 2515
f 2514 2515 2516
f 2517 2514 2516
f 2518 2517 2519
f 2517 2516 2519
f 2520 2518 2521
f 2518 2519 2521
f 2520 2521 2522
f 2523 2525 2524
f 2523 2524 2526
f 2527 2523 2526
f 2525 2529 2528
f 2524 2525 2528
f 2527 2526 2530
f 2531 2527 2530
f 2528 2529 2532
f 2529 2520 2532
f 2531 2530 2533
f 2534 2531 2533
f 2532 2520 2535
f 2522 2536 2535
f 2520 2522 2535
f 2534 2533 2537
f 2538 2534 2537
f 2536 2540 2539
f 2535 2536 2539
f 2541 2538 2542
f 2538 2537 2542
f 2540 2544 2543
f 2539 2540 2543
f 2545 2541 2546
f 2541 2542 2546
f 2544 2548 2547
f 2543 2544 2547
f 2545 2546 2549
f 2550 2545 2549
f 2547 2548 2551
f 2548 2552 2551
f 2430 2428 2553
f 2554 2430 2553
f 2428 2550 2553
f 2550 2549 2553
f 2551 2552 2555
f 2552 2556 2555
f 2557 2554 2558
f 2554 2553 2558
f 2555 2556 2559
f 2556 2560 2559
f 2561 2557 2562
f 2557 2558 2562
f 2560 2564 2563
f 2559 2560 2563
f 2565 2561 2566
f 2561 2562 2566
f 2564 2568 2567
f 2563 2564 2567
f 2569 2565 2570
f 2565 2566 2570
f 2567 2568 2571
f 2568 2572 2571
f 2569 2570 2573
f 2574 2569 2573
f 2571 2572 2575
f 2572 2576 2575
f 2574 2573 2577
f 2578 2574 2577
f 2575 2576 2579
f 2576 2580 2579
f 2581 2578 2582
f 2578 2577 2582
f 2579 2580 2583
f 2580 2584 2583
f 2581 2582 2585
f 2586 2581 2585
f 2583 2584 2587
f 2584 2588 2587
f 2586 2585 2589
f 2590 2586 2589
f 2587 2588 2591
f 2588 2592 2591
f 2593 2590 2594
f 2590 2589 2594
f 2591 2592 2595
f 2592 2596 2595
f 2593 2594 2597
f 2598 2593 2597
f 2595 2596 2599
f 2596 2600 2599
f 2598 2597 2601
f 2602 2598 2601
f 2599 2600 2603
f 2600 2604 2603
f 2605 2602 2606
f 2602 2601 2606
f 2603 2604 2607
f 2604 2608 2607
f 2609 2605 2610
f 2605 2606 2610
f 2607 2608 2611
f 2608 2612 2611
f 2613 2609 2614
f 2609 2610 2614
f 2611 2612 2615
f 2612 2616 2615
f 2617 2613 2618
f 2613 2614 2618
f 2615 2616 2619
f 2616 2620 2619
f 2621 2617 2622
f 2617 2618 2622
f 2619 2620 2623
f 2620 2624 2623
f 2625 2621 2626
f 2621 2622 2626
f 2623 2624 2627
f 2624 2628 2627
f 2629 2625 2630
f 2625 2626 2630
f 2627 2628 2631
f 2628 2632 2631
f 2633 2629 2634
f 2629 2630 2634
f 2631 2632 2635
f 2632 2636 2635
f 2637 2633 2638
f 2633 2634 2638
f 2635 2636 2639
f 2636 2640 2639
f 2641 2637 2642
f 2637 2638 2642
f 2639 2640 2643
f 2640 2644 2643
f 2645 2641 2646
f 2641 2642 2646
f 2644 2648 2647
f 2643 2644 2647
f 2649 2645 2650
f 2645 2646 2650
f 2648 2652 2651
f 2647 2648 2651
f 2649 2650 2653
f 2654 2649 2653
f 2652 2656 2655
f 2651 2652 2655
f 2657 2654 2658
f 2654 2653 2658
f 2655 2656 2659
f 2660 2657 2661
f 2657 2658 2661
f 2660 2661 2662
f 2663 2660 2662
f 2664 2663 2665
f 2663 2662 2665
f 2664 2665 2666
f 2667 2664 2666
f 2667 2666 2668
f 2669 2667 2668
f 2669 2668 2670
f 2671 2669 2670
f 2672 2671 2673
f 2671 2670 2673
f 2674 2672 2675
f 2672 2673 2675
f 2674 2675 2676
f 2677 2674 2676
f 2677 2676 2678
f 2679 2677 2678
f 2679 2678 2680
f 2681 2683 2682
f 2681 2682 2684
f 2685 2681 2684
f 2682 2683 2686
f 2683 2687 2686
f 2685 2684 2688
f 2689 2685 2688
f 2686 2687 2690
f 2687 2691 2690
f 2692 2689 2693
f 2689 2688 2693
f 2690 2691 2694
f 2691 2695 2694
f 2692 2693 2696
f 2697 2692 2696
f 2694 2695 2698
f 2695 2699 2698
f 2697 2696 2700
f 2701 2697 2700
f 2698 2699 2702
f 2699 2703 2702
f 2704 2701 2705
f 2701 2700 2705
f 2702 2703 2706
f 2703 2707 2706
f 2704 2705 2708
f 2709 2704 2708
f 2706 2707 2710
f 2707 2711 2710
f 2709 2708 2712
f 2713 2709 2712
f 2710 2711 2714
f 2713 2712 2715
f 2716 2713 2715
f 2716 2715 2717
f 2718 2716 2717
f 2718 2717 2719
f 2720 2718 2719
f 2720 2719 2721
f 2722 2720 2721
f 2723 2722 2724
f 2722 2721 2724
f 2723 2724 2725
f 2726 2723 2725
f 2727 2491 2728
f 2729 2727 2728
f 2730 2729 2728
f 2731 2730 2728
f 2732 2731 2728
f 2733 2732 2728
f 2734 2733 2728
f 2735 2734 2728
f 2736 2735 2728
f 2737 2736 2728
f 2738 2737 2728
f 2739 2738 2728
f 2740 2739 2728
f 2741 2740 2728
f 2742 2741 2728
f 2711 2742 2728
f 2491 2031 2728
f 2743 2714 2728
f 2744 2743 2728
f 2745 2744 2728
f 2746 2745 2728
f 2747 2746 2728
f 2748 2747 2728
f 2714 2711 2728
f 2726 2725 2749
f 2750 2726 2749
f 2748 2728 2751
f 2750 2749 2752
f 2753 2750 2752
f 2751 2728 2754
f 2753 2752 2755
f 2756 2753 2755
f 2754 2728 2757
f 2756 2755 2758
f 2759 2756 2758
f 2757 2728 2760
f 2759 2758 2761
f 2762 2759 2761
f 2760 2728 2763
f 2764 2762 2765
f 2762 2761 2765
f 2763 2728 2766
f 2764 2765 2767
f 2768 2764 2767
f 2766 2728 2769
f 2770 2768 2771
f 2768 2767 2771
f 2769 2728 2772
f 2770 2771 2773
f 2774 2770 2773
f 2772 2728 2775
f 2776 2774 2777
f 2774 2773 2777
f 2775 2728 2778
f 2776 2777 2779
f 2780 2776 2779
f 2778 2728 2781
f 2780 2779 2782
f 2783 2780 2782
f 2781 2728 2784
f 2785 2783 2786
f 2783 2782 2786
f 2784 2728 2787
f 2785 2786 2788
f 2789 2785 2788
f 2787 2728 2790
f 2789 2788 2791
f 2659 2656 2791
f 2656 2789 2791
f 2790 2728 2792
f 2792 2728 2793
f 2793 2728 2794
f 2794 2728 2795
f 2795 2728 2796
f 2796 2728 2797
f 2797 2728 2798
f 2798 2728 2799
f 2799 2728 2800
f 2800 2728 2801
f 2801 2728 2802
f 2802 2728 2803
f 2803 2728 2804
f 2804 2728 2805
f 2805 2728 2806
f 2806 2728 2807
f 2807 2728 2808
f 2808 2728 2809
f 2809 2728 2810
f 2810 2728 2811
f 2811 2728 2812
f 2812 2728 2813
f 2813 2728 2814
f 2814 2728 2815
f 2815 2728 2816
f 2816 2728 2817
f 2818 2820 2819
f 2818 2819 2821
f 2822 2818 2821
f 2819 2820 2823
f 2820 2824 2823
f 2825 2822 2826
f 2822 2821 2826
f 2824 2659 2827
f 2823 2824 2827
f 2825 2826 2828
f 2829 2825 2828
f 2827 2659 2830
f 2659 2791 2830
f 2791 2831 2830
f 2829 2828 2832
f 2833 2829 2832
f 2830 2831 2834
f 2831 2835 2834
f 2833 2832 2836
f 2837 2833 2836
f 2834 2835 2838
f 2835 2839 2838
f 2837 2836 2840
f 2841 2837 2840
f 2838 2839 2842
f 2839 2843 2842
f 2841 2840 2844
f 2845 2841 2844
f 2843 2847 2846
f 2842 2843 2846
f 2845 2844 2848
f 2849 2845 2848
f 2847 2851 2850
f 2846 2847 2850
f 2849 2848 2852
f 2853 2849 2852
f 2851 2855 2854
f 2850 2851 2854
f 2853 2852 2856
f 2857 2853 2856
f 2855 2859 2858
f 2854 2855 2858
f 2860 2857 2861
f 2857 2856 2861
f 2859 2863 2862
f 2858 2859 2862
f 2864 2860 2865
f 2860 2861 2865
f 2863 2867 2866
f 2862 2863 2866
f 2868 2864 2869
f 2864 2865 2869
f 2867 2871 2870
f 2866 2867 2870
f 2872 2868 2873
f 2868 2869 2873
f 2871 2875 2874
f 2870 2871 2874
f 2872 2873 2876
f 2877 2872 2876
f 2875 2879 2878
f 2874 2875 2878
f 2880 2877 2881
f 2877 2876 2881
f 2879 2883 2882
f 2878 2879 2882
f 2880 2881 2884
f 2885 2880 2884
f 2883 2887 2886
f 2882 2883 2886
f 2885 2884 2888
f 2889 2885 2888
f 2887 2891 2890
f 2886 2887 2890
f 2892 2889 2893
f 2889 2888 2893
f 2891 2895 2894
f 2890 2891 2894
f 2892 2893 2896
f 2897 2892 2896
f 2895 2899 2898
f 2894 2895 2898
f 2900 2897 2901
f 2897 2896 2901
f 2899 2903 2902
f 2898 2899 2902
f 2900 2901 2904
f 2905 2900 2904
f 2902 2903 2906
f 2903 2907 2906
f 2905 2904 2908
f 2909 2905 2908
f 2906 2907 2910
f 2907 2911 2910
f 2912 2909 2913
f 2909 2908 2913
f 2911 2915 2914
f 2910 2911 2914
f 2916 2912 2917
f 2912 2913 2917
f 2915 2919 2918
f 2914 2915 2918
f 2916 2917 2920
f 2921 2916 2920
f 2919 2923 2922
f 2918 2919 2922
f 2924 2921 2925
f 2921 2920 2925
f 2923 2927 2926
f 2922 2923 2926
f 2924 2925 2928
f 2929 2924 2928
f 2927 2931 2930
f 2926 2927 2930
f 2929 2928 2932
f 2933 2929 2932
f 2931 2935 2934
f 2930 2931 2934
f 2933 2932 2936
f 2937 2933 2936
f 2935 2939 2938
f 2934 2935 2938
f 2937 2936 2940
f 2941 2937 2940
f 2939 2943 2942
f 2938 2939 2942
f 2941 2940 2944
f 2945 2941 2944
f 2942 2943 2946
f 2943 2947 2946
f 2945 2944 2948
f 2949 2945 2948
f 2946 2947 2950
f 2947 2951 2950
f 2949 2948 2952
f 2953 2949 2952
f 2950 2951 2954
f 2951 2955 2954
f 2953 2952 2956
f 2957 2953 2956
f 2955 2959 2958
f 2954 2955 2958
f 2957 2956 2960
f 2961 2957 2960
f 2959 2963 2962
f 2958 2959 2962
f 2964 2961 2965
f 2961 2960 2965
f 2964 2965 2966
f 2967 2964 2966
f 2967 2966 2968
f 2969 2967 2968
f 2970 2969 2971
f 2969 2968 2971
f 2970 2971 2972
f 2973 2974 1967
f 2975 2976 1967
f 2977 2973 1967
f 2978 2975 1967
f 2979 2977 1967
f 2980 2978 1967
f 2962 2963 1967
f 2981 2980 1967
f 2982 2981 1967
f 2983 2982 1967
f 2984 2983 1967
f 2985 2984 1967
f 2986 2985 1967
f 2987 2986 1967
f 2988 2987 1967
f 2989 2988 1967
f 2990 2989 1967
f 2991 2990 1967
f 2992 2991 1967
f 2817 2728 1967
f 2993 2979 1967
f 2994 2993 1967
f 2995 2994 1967
f 2996 2995 1967
f 2997 2996 1967
f 2998 2997 1967
f 2999 2998 1967
f 3000 2999 1967
f 3001 2817 1967
f 3002 3000 1967
f 3003 3001 1967
f 3004 3002 1967
f 3005 3003 1967
f 3006 3004 1967
f 3007 3005 1967
f 3008 3006 1967
f 3009 3007 1967
f 3010 3008 1967
f 3011 3009 1967
f 3012 3010 1967
f 3013 2962 1967
f 3014 3011 1967
f 3015 3012 1967
f 3016 3013 1967
f 3017 3014 1967
f 3018 3015 1967
f 2963 3017 1967
f 3019 3016 1967
f 3020 3018 1967
f 3021 3019 1967
f 3022 3020 1967
f 3023 3021 1967
f 3024 3022 1967
f 3025 3023 1967
f 3026 3024 1967
f 3027 3025 1967
f 3028 3026 1967
f 2974 3027 1967
f 2976 3028 1967
f 1074 3029 1967
f 1074 3030 3029
f 1074 2441 3030
f 3029 3031 1967
f 3031 3032 1967
f 3032 3033 1967
f 3033 3034 1967
f 3034 3035 1967
f 3035 3036 1967
f 3036 3037 1967
f 3037 2679 1967
f 2679 2992 1967
f 2679 2972 2992
f 2679 3038 2972
f 2679 3039 3038
f 2679 2680 3039
f 3038 3040 2972
f 3040 2970 2972
f 3041 2031 3042
f 3041 2728 2031
f 3043 3044 3042
f 3045 3042 3044
f 3046 3043 3042
f 3047 3042 3045
f 3048 3046 3042
f 3049 3042 3047
f 3050 3048 3042
f 3051 3042 3049
f 3052 3050 3042
f 3053 3042 3051
f 3054 3052 3042
f 3055 3042 3053
f 3056 3054 3042
f 3057 3042 3055
f 3058 3056 3042
f 3059 3042 3057
f 3060 3058 3042
f 3061 3042 3059
f 3062 3060 3042
f 3063 3042 3061
f 3064 3062 3042
f 3065 3042 3063
f 3066 3064 3042
f 3067 3042 3065
f 3068 3066 3042
f 3069 3042 3067
f 3070 3068 3042
f 3071 3042 3069
f 3072 3070 3042
f 3073 3042 3071
f 3074 3072 3042
f 3075 3042 3073
f 3076 3074 3042
f 3077 3042 3075
f 3078 3076 3042
f 3079 3042 3077
f 3080 3078 3042
f 3081 3042 3079
f 3082 3080 3042
f 3083 3042 3081
f 3084 3082 3042
f 3085 3042 3083
f 3086 3084 3042
f 3087 3042 3085
f 3088 3086 3042
f 3089 3088 3042
f 3090 3089 3042
f 3090 3092 3091
f 3090 3091 3093
f 3090 3093 3094
f 3090 3094 3089
f 3095 3092 3090
f 3095 3097 3096
f 3095 3096 3098
f 3095 3098 3099
f 3095 3099 3100
f 3095 3100 3101
f 3095 3101 3102
f 3095 3102 3103
f 3095 3103 3092
f 3104 3105 3095
f 3106 3095 3105
f 3107 3104 3095
f 3108 3095 3106
f 3109 3107 3095
f 3110 3095 3108
f 3111 3109 3095
f 3112 3095 3110
f 3113 3111 3095
f 3114 3095 3112
f 3115 3113 3095
f 3116 3095 3114
f 3117 3115 3095
f 3118 3095 3116
f 3119 3117 3095
f 3120 3095 3118
f 3121 3119 3095
f 3122 3097 3095
f 3122 3095 3120
f 3123 3121 3095
f 3124 3097 3122
f 3124 3125 3097
f 3126 3123 3095
f 3127 3125 3124
f 3127 3128 3125
f 3129 3126 3095
f 3130 3131 3128
f 3130 3128 3127
f 3132 3129 3095
f 3133 3131 3130
f 3133 3134 3131
f 3135 3132 3095
f 3136 3134 3133
f 3136 3137 3134
f 3138 3135 3095
f 3139 3137 3136
f 3139 3140 3137
f 3141 3138 3095
f 3142 3140 3139
f 3142 3143 3140
f 3144 3141 3095
f 3145 3143 3142
f 3145 3146 3143
f 3147 3144 3095
f 3148 3146 3145
f 3148 3149 3146
f 3150 3147 3095
f 3151 3149 3148
f 3151 3152 3149
f 3153 3150 3095
f 3154 3155 3152
f 3154 3152 3151
f 3156 3153 3095
f 3157 3155 3154
f 3157 3158 3155
f 3159 3156 3095
f 3160 3158 3157
f 3160 3161 3158
f 3162 3159 3095
f 3163 3164 3161
f 3163 3161 3160
f 3165 3162 3095
f 3166 3164 3163
f 3166 3167 3164
f 3168 3165 3095
f 3169 3170 3167
f 3169 3167 3166
f 3171 3168 3095
f 3172 3170 3169
f 3172 3173 3170
f 3174 3171 3095
f 3175 3173 3172
f 3175 3176 3173
f 3177 3174 3095
f 3178 3176 3175
f 3178 3179 3176
f 3180 3177 3095
f 3181 3182 3179
f 3181 3179 3178
f 3183 3184 3182
f 3183 3182 3181
f 3185 3186 3184
f 3185 3184 3183
f 3187 3186 3185
f 3187 3188 3186
f 3189 3188 3187
f 3189 3190 3188
f 3191 3190 3189
f 3192 3194 3193
f 3192 3193 3195
f 3192 3195 3196
f 3192 3196 3197
f 3192 3197 3198
f 3192 3198 3199
f 3192 3199 3200
f 3192 3200 3201
f 3192 3201 3202
f 3192 3202 3203
f 3192 3203 3204
f 3192 3204 3205
f 3192 3205 3206
f 3192 3206 3207
f 3192 3207 3208
f 3192 3208 3209
f 3192 3209 3210
f 3192 3210 3211
f 3192 3211 3212
f 3192 3212 3213
f 3192 3213 3214
f 3192 3214 3215
f 3192 3215 3216
f 3192 3216 3217
f 3192 3217 3218
f 3192 3218 3219
f 3192 3219 3220
f 3192 3220 3221
f 3192 3221 3180
f 3192 3180 3095
f 3222 3224 3223
f 3225 3223 3226
f 3225 3222 3223
f 3227 3228 3224
f 3227 3224 3222
f 3229 3225 3226
f 3229 3226 3230
f 3231 3232 3228
f 3231 3228 3227
f 3233 3229 3230
f 3233 3230 3234
f 3235 3236 3232
f 3235 3232 3231
f 3237 3234 3238
f 3237 3233 3234
f 3239 3236 3235
f 3239 3240 3236
f 3241 3237 3238
f 3241 3238 3242
f 3243 3244 3240
f 3243 3240 3239
f 3245 3242 3246
f 3245 3241 3242
f 3247 3248 3244
f 3247 3244 3243
f 3249 3246 3250
f 3249 3245 3246
f 3251 3252 3248
f 3251 3248 3247
f 3253 3249 3250
f 3253 3250 3254
f 3255 3252 3251
f 3255 3256 3252
f 3257 3254 3258
f 3257 3253 3254
f 3259 3260 3256
f 3259 3256 3255
f 3261 3258 3262
f 3261 3257 3258
f 3263 3264 3260
f 3263 3260 3259
f 3265 3262 3266
f 3265 3261 3262
f 3267 3268 3264
f 3267 3264 3263
f 3269 3266 3270
f 3269 3265 3266
f 3271 3272 3268
f 3271 3268 3267
f 3273 3270 3274
f 3273 3269 3270
f 3275 3276 3272
f 3275 3272 3271
f 3277 3274 3278
f 3277 3273 3274
f 3279 3042 3087
f 3279 3087 3276
f 3279 3276 3275
f 3280 3278 3281
f 3280 3277 3278
f 3282 3042 3279
f 3283 3281 3284
f 3283 3280 3281
f 3285 3042 3282
f 3286 3284 3287
f 3286 3283 3284
f 3288 3042 3285
f 3289 3287 3290
f 3289 3286 3287
f 3291 3290 3292
f 3291 3289 3290
f 3293 3292 3294
f 3293 3291 3292
f 3295 3294 3296
f 3295 3293 3294
f 3297 3296 3298
f 3297 3295 3296
f 3299 3298 3300
f 3299 3297 3298
f 3301 3300 3302
f 3301 3299 3300
f 3303 3302 3304
f 3303 3301 3302
f 3305 3304 3306
f 3305 3303 3304
f 3307 3306 3308
f 3307 3305 3306
f 3309 3307 3308
f 3309 3308 3310
f 3311 3310 3190
f 3311 3190 3191
f 3311 3309 3310
f 3312 3314 3313
f 3315 3313 3316
f 3315 3312 3313
f 3317 3314 3312
f 3317 3318 3314
f 3319 3316 3320
f 3319 3315 3316
f 3321 3191 3318
f 3321 3318 3317
f 3322 3320 3323
f 3322 3319 3320
f 3324 3311 3191
f 3324 3191 3321
f 3324 3325 3311
f 3326 3323 3327
f 3326 3322 3323
f 3328 3329 3325
f 3328 3325 3324
f 3330 3327 3331
f 3330 3326 3327
f 3332 3333 3329
f 3332 3329 3328
f 3334 3331 3335
f 3334 3330 3331
f 3336 3337 3333
f 3336 3333 3332
f 3338 3335 3339
f 3338 3334 3335
f 3340 3341 3337
f 3340 3337 3336
f 3342 3339 3343
f 3342 3338 3339
f 3344 3341 3340
f 3344 3345 3341
f 3346 3342 3343
f 3346 3343 3347
f 3348 3345 3344
f 3348 3349 3345
f 3350 3346 3347
f 3350 3347 3351
f 3352 3349 3348
f 3352 3353 3349
f 3354 3351 3355
f 3354 3350 3351
f 3356 3353 3352
f 3356 3357 3353
f 3358 3355 3359
f 3358 3354 3355
f 3360 3357 3356
f 3360 3361 3357
f 3362 3359 3363
f 3362 3358 3359
f 3364 3361 3360
f 3364 3365 3361
f 3366 3363 3367
f 3366 3362 3363
f 3368 3365 3364
f 3368 3369 3365
f 3370 3366 3367
f 3370 3367 3371
f 3372 3369 3368
f 3372 3373 3369
f 3374 3371 3375
f 3374 3370 3371
f 3376 3373 3372
f 3376 3377 3373
f 3378 3375 3379
f 3378 3374 3375
f 3380 3377 3376
f 3380 3381 3377
f 3382 3379 3383
f 3382 3378 3379
f 3384 3381 3380
f 3384 3385 3381
f 3386 3383 3387
f 3386 3382 3383
f 3388 3389 3385
f 3388 3385 3384
f 3390 3387 3391
f 3390 3386 3387
f 3392 3389 3388
f 3392 3393 3389
f 3394 3391 3395
f 3394 3390 3391
f 3396 3393 3392
f 3396 3397 3393
f 3398 3395 3399
f 3398 3394 3395
f 3400 3397 3396
f 3400 3401 3397
f 3402 3399 3403
f 3402 3398 3399
f 3404 3401 3400
f 3404 3405 3401
f 3406 3402 3403
f 3406 3403 3407
f 3408 3405 3404
f 3408 3409 3405
f 3410 3407 3411
f 3410 3406 3407
f 3412 3409 3408
f 3413 3411 3414
f 3413 3410 3411
f 3415 3414 3416
f 3415 3413 3414
f 3417 3416 3418
f 3417 3415 3416
f 3419 3418 3420
f 3419 3417 3418
f 3421 3419 3420
f 3421 3420 3422
f 3423 3422 3194
f 3423 3421 3422
f 3424 3423 3194
f 3424 3194 3192
f 3425 3424 3192
f 3426 3425 3192
f 3427 3426 3192
f 3428 3427 3192
f 3429 3428 3192
f 3430 3429 3192
f 3431 3430 3192
f 3432 3431 3192
f 3433 3432 3192
f 3434 3433 3192
f 3435 3434 3192
f 3436 3435 3192
f 3437 3439 3438
f 3440 3437 3438
f 3440 3438 3441
f 3442 3439 3437
f 3442 3443 3439
f 3444 3440 3441
f 3444 3441 3445
f 3446 3443 3442
f 3446 3447 3443
f 3448 3445 3449
f 3448 3444 3445
f 3450 3447 3446
f 3450 3451 3447
f 3452 3448 3449
f 3452 3449 3453
f 3454 3455 3451
f 3454 3451 3450
f 3456 3452 3453
f 3456 3453 3457
f 3458 3459 3455
f 3458 3455 3454
f 3460 3456 3457
f 3460 3457 3461
f 3462 3463 3459
f 3462 3459 3458
f 3464 3461 3465
f 3464 3460 3461
f 3466 3467 3463
f 3466 3463 3462
f 3468 3465 3469
f 3468 3464 3465
f 3470 3471 3467
f 3470 3467 3466
f 3472 3468 3469
f 3472 3469 3473
f 3474 3288 3471
f 3474 3471 3470
f 3475 3472 3473
f 3475 3473 3476
f 3477 3288 3474
f 3477 3042 3288
f 3478 3475 3476
f 3478 3476 3479
f 3480 3042 3477
f 3481 3479 3482
f 3481 3478 3479
f 3483 3042 3480
f 3484 3482 3485
f 3484 3481 3482
f 3486 3042 3483
f 3487 3484 3485
f 3487 3485 3488
f 3489 3488 3490
f 3489 3487 3488
f 3491 3489 3490
f 3491 3490 3492
f 3493 3491 3492
f 3493 3492 3494
f 3495 3493 3494
f 3495 3494 3496
f 3497 3495 3496
f 3497 3496 3498
f 3499 3498 3500
f 3499 3497 3498
f 3501 3499 3500
f 3501 3500 3502
f 3503 3502 3504
f 3503 3501 3502
f 3505 3503 3504
f 3505 3504 3506
f 3507 3506 3508
f 3507 3505 3506
f 3509 3507 3508
f 3509 3508 3510
f 3511 3509 3510
f 3511 3510 3512
f 3513 3515 3514
f 3513 3514 3516
f 3513 3516 3517
f 3513 3517 3518
f 3513 3518 3519
f 3513 3519 3520
f 3513 3520 3521
f 3513 3521 3522
f 3513 3522 3523
f 3513 3523 3524
f 3513 3524 3525
f 3513 3525 3526
f 3513 3526 3527
f 3513 3527 3528
f 3513 3528 3529
f 3513 3529 3530
f 3513 3530 3531
f 3513 3531 3532
f 3513 3532 3409
f 3513 3534 3533
f 3513 3533 3535
f 3513 3535 3536
f 3513 3409 3412
f 3513 3412 3537
f 3513 3537 3538
f 3513 3538 3539
f 3513 3539 3540
f 3513 3540 3541
f 3513 3541 3542
f 3513 3542 3543
f 3513 3543 3544
f 3513 3544 3545
f 3513 3545 3546
f 3513 3546 3547
f 3513 3547 3548
f 3513 3548 3549
f 3513 3549 3550
f 3513 3550 3551
f 3513 3551 3552
f 3513 3552 3553
f 3513 3553 3554
f 3513 3554 3555
f 3513 3555 3556
f 3513 3556 3557
f 3513 3557 3534
f 3558 3511 3512
f 3558 3560 3559
f 3558 3559 3561
f 3558 3561 3562
f 3558 3562 3563
f 3558 3563 3564
f 3558 3515 3513
f 3558 3564 3565
f 3558 3565 3511
f 3558 3512 3566
f 3558 3566 3567
f 3558 3567 3515
f 3568 3536 3569
f 3568 3569 3570
f 3568 3570 3571
f 3568 3571 3572
f 3568 3572 3573
f 3568 3436 3192
f 3568 3573 3574
f 3568 3574 3575
f 3568 3575 3576
f 3568 3576 3577
f 3568 3577 3578
f 3568 3578 3579
f 3568 3579 3580
f 3568 3580 3581
f 3568 3581 3582
f 3568 3582 3583
f 3568 3583 3584
f 3568 3584 3585
f 3568 3585 3586
f 3568 3586 3587
f 3568 3587 3588
f 3568 3588 3589
f 3568 3589 3590
f 3568 3590 3591
f 3568 3591 3592
f 3568 3592 3593
f 3568 3593 3594
f 3568 3594 3595
f 3568 3595 3596
f 3568 3596 3597
f 3568 3597 3598
f 3568 3598 3599
f 3568 3599 3436
f 3568 3513 3536
f 3600 3601 3558
f 3602 3558 3601
f 3603 3600 3558
f 3604 3558 3602
f 3605 3603 3558
f 3606 3558 3604
f 3607 3605 3558
f 3608 3558 3606
f 3609 3607 3558
f 3610 3558 3608
f 3611 3609 3558
f 3612 3558 3610
f 3613 3611 3558
f 3614 3615 3560
f 3614 3560 3558
f 3614 3558 3612
f 3616 3613 3558
f 3617 3618 3615
f 3617 3615 3614
f 3619 3616 3558
f 3620 3621 3618
f 3620 3618 3617
f 3622 3619 3558
f 3623 3621 3620
f 3623 3624 3621
f 3625 3622 3558
f 3626 3627 3624
f 3626 3624 3623
f 3628 3625 3558
f 3629 3630 3627
f 3629 3627 3626
f 3631 3628 3558
f 3632 3633 3630
f 3632 3630 3629
f 3634 3631 3558
f 3635 3636 3633
f 3635 3633 3632
f 3637 3634 3558
f 3638 3636 3635
f 3638 3639 3636
f 3640 3637 3558
f 3641 3639 3638
f 3641 3642 3639
f 3643 3640 3558
f 3644 3642 3641
f 3644 3645 3642
f 3646 3643 3558
f 3647 3645 3644
f 3647 3648 3645
f 3649 3646 3558
f 3650 3648 3647
f 3650 3651 3648
f 3652 3649 3558
f 3653 3651 3650
f 3653 3654 3651
f 3655 3652 3558
f 3656 3654 3653
f 3656 3657 3654
f 3658 3655 3558
f 3659 3657 3656
f 3659 3660 3657
f 3661 3658 3558
f 3662 3660 3659
f 3662 3663 3660
f 3664 3661 3558
f 3665 3663 3662
f 3665 3666 3663
f 3667 3664 3558
f 3668 3666 3665
f 3668 3669 3666
f 3670 3667 3558
f 3671 3669 3668
f 3671 3672 3669
f 3673 3670 3558
f 3674 3672 3671
f 3674 3675 3672
f 3676 3673 3558
f 3677 3675 3674
f 3677 3678 3675
f 3679 3680 3678
f 3679 3678 3677
f 3681 3682 3676
f 3681 3676 3558
f 3683 3682 3681
f 3684 3685 3680
f 3684 3680 3679
f 3686 3683 3681
f 3687 3688 3685
f 3687 3685 3684
f 3689 3686 3681
f 3690 3688 3687
f 3690 3691 3688
f 3692 3689 3681
f 3693 3691 3690
f 3693 3694 3691
f 3695 3692 3681
f 3696 3694 3693
f 3697 3695 3681
f 3698 3697 3681
f 3699 3698 3681
f 3700 3699 3681
f 3701 3700 3681
f 3702 3701 3681
f 3703 3702 3681
f 3704 3703 3681
f 3705 3704 3681
f 3706 3705 3681
f 3707 3706 3681
f 3708 3707 3681
f 3709 3708 3681
f 3710 3709 3681
f 3711 3710 3681
f 3712 3711 3681
f 3713 3712 3681
f 3714 3713 3681
f 3715 3714 3681
f 3716 3715 3681
f 3717 3716 3681
f 3718 3720 3719
f 3721 3718 3719
f 3721 3719 3722
f 3723 3724 3720
f 3723 3720 3718
f 3725 3721 3722
f 3725 3722 3726
f 3727 3724 3723
f 3727 3728 3724
f 3729 3725 3726
f 3729 3726 3730
f 3731 3728 3727
f 3731 3732 3728
f 3733 3729 3730
f 3733 3730 3734
f 3735 3732 3731
f 3735 3736 3732
f 3737 3733 3734
f 3737 3734 3738
f 3739 3736 3735
f 3739 3740 3736
f 3741 3737 3738
f 3741 3738 3742
f 3743 3740 3739
f 3743 3744 3740
f 3745 3742 3746
f 3745 3741 3742
f 3747 3744 3743
f 3747 3748 3744
f 3749 3745 3746
f 3749 3746 3750
f 3751 3748 3747
f 3752 3749 3750
f 3752 3750 3753
f 3754 3752 3753
f 3754 3753 3755
f 3756 3754 3755
f 3756 3755 3757
f 3758 3756 3757
f 3758 3757 3759
f 3760 3758 3759
f 3760 3759 3761
f 3762 3761 3763
f 3762 3760 3761
f 3041 3748 3751
f 3041 3486 3764
f 3041 3764 3765
f 3041 3765 3766
f 3041 3766 3767
f 3041 3767 3768
f 3041 3768 3769
f 3041 3769 3770
f 3041 3770 3771
f 3041 3771 3772
f 3041 3772 3773
f 3041 3773 3774
f 3041 3774 3775
f 3041 3775 3776
f 3041 3776 3777
f 3041 3777 3778
f 3041 3778 3748
f 3041 3042 3486
f 3041 3751 3779
f 3041 3779 3780
f 3041 3780 3781
f 3041 3781 3782
f 3041 3782 3783
f 3041 3783 3784
f 3785 3763 3786
f 3785 3762 3763
f 3787 3041 3784
f 3788 3785 3786
f 3788 3786 3789
f 3790 3041 3787
f 3791 3789 3792
f 3791 3788 3789
f 3793 3041 3790
f 3794 3791 3792
f 3794 3792 3795
f 3796 3041 3793
f 3797 3795 3798
f 3797 3794 3795
f 3799 3041 3796
f 3800 3797 3798
f 3800 3798 3801
f 3802 3041 3799
f 3803 3800 3801
f 3803 3801 3804
f 3805 3041 3802
f 3806 3803 3804
f 3806 3804 3807
f 3808 3041 3805
f 3809 3806 3807
f 3809 3807 3810
f 3811 3041 3808
f 3812 3809 3810
f 3812 3810 3813
f 3814 3041 3811
f 3815 3813 3816
f 3815 3812 3813
f 3817 3041 3814
f 3818 3815 3816
f 3818 3816 3819
f 3820 3041 3817
f 3821 3818 3819
f 3821 3819 3822
f 3823 3041 3820
f 3824 3821 3822
f 3824 3822 3825
f 3826 3041 3823
f 3827 3694 3696
f 3827 3824 3825
f 3827 3825 3694
f 3828 3041 3826
f 3829 3041 3828
f 3830 3041 3829
f 3831 3041 3830
f 3832 3041 3831
f 3833 3041 3832
f 3834 3041 3833
f 3835 3041 3834
f 3836 3041 3835
f 3837 3041 3836
f 3838 3041 3837
f 3839 3041 3838
f 3840 3041 3839
f 3841 3041 3840
f 3842 3041 3841
f 3843 3041 3842
f 3844 3041 3843
f 3845 3041 3844
f 3846 3041 3845
f 3847 3041 3846
f 3848 3041 3847
f 3849 3041 3848
f 3850 3852 3851
f 3853 3851 3854
f 3853 3850 3851
f 3855 3852 3850
f 3855 3856 3852
f 3857 3853 3854
f 3857 3854 3858
f 3859 3856 3855
f 3859 3696 3856
f 3860 3857 3858
f 3860 3858 3861
f 3862 3696 3859
f 3862 3863 3827
f 3862 3827 3696
f 3864 3861 3865
f 3864 3860 3861
f 3866 3867 3863
f 3866 3863 3862
f 3868 3864 3865
f 3868 3865 3869
f 3870 3871 3867
f 3870 3867 3866
f 3872 3868 3869
f 3872 3869 3873
f 3874 3875 3871
f 3874 3871 3870
f 3876 3873 3877
f 3876 3872 3873
f 3878 3879 3875
f 3878 3875 3874
f 3880 3876 3877
f 3880 3877 3881
f 3882 3879 3878
f 3882 3883 3879
f 3884 3881 3885
f 3884 3880 3881
f 3886 3887 3883
f 3886 3883 3882
f 3888 3884 3885
f 3888 3885 3889
f 3890 3891 3887
f 3890 3887 3886
f 3892 3888 3889
f 3892 3889 3893
f 3894 3891 3890
f 3894 3895 3891
f 3896 3892 3893
f 3896 3893 3897
f 3898 3895 3894
f 3898 3899 3895
f 3900 3897 3901
f 3900 3896 3897
f 3902 3899 3898
f 3902 3903 3899
f 3904 3900 3901
f 3904 3901 3905
f 3906 3903 3902
f 3906 3907 3903
f 3908 3904 3905
f 3908 3905 3909
f 3910 3907 3906
f 3910 3911 3907
f 3912 3908 3909
f 3912 3909 3913
f 3914 3915 3911
f 3914 3911 3910
f 3916 3913 3917
f 3916 3912 3913
f 3918 3915 3914
f 3918 3919 3915
f 3920 3916 3917
f 3920 3917 3921
f 3922 3923 3919
f 3922 3919 3918
f 3924 3921 3925
f 3924 3920 3921
f 3926 3927 3923
f 3926 3923 3922
f 3928 3924 3925
f 3928 3925 3929
f 3930 3931 3927
f 3930 3927 3926
f 3932 3928 3929
f 3932 3929 3933
f 3934 3931 3930
f 3935 3933 3936
f 3935 3932 3933
f 3937 3935 3936
f 3937 3936 3938
f 3939 3937 3938
f 3939 3938 3940
f 3941 3939 3940
f 3941 3940 3942
f 3943 3941 3942
f 3943 3942 3944
f 3945 3943 3944
f 3945 3944 3946
f 3947 3945 3946
f 3947 3946 3948
f 3949 3947 3948
f 3949 3948 3950
f 3951 3949 3950
f 3951 3950 3952
f 3953 3951 3952
f 3953 3952 3954
f 3955 3954 3956
f 3955 3953 3954
f 3957 3956 3958
f 3957 3955 3956
f 3959 3957 3958
f 3959 3958 3717
f 3960 3959 3717
f 3960 3717 3681
f 3961 3960 3681
f 3962 3961 3681
f 3963 3962 3681
f 3964 3963 3681
f 3965 3964 3681
f 3966 3965 3681
f 3967 3969 3968
f 3967 3968 3970
f 3967 3972 3971
f 3967 3971 3973
f 3967 3970 3974
f 3967 3973 3975
f 3967 3974 3976
f 3967 3975 3977
f 3967 3976 3978
f 3967 3977 3979
f 3967 3978 3980
f 3967 3979 3981
f 3967 3980 3982
f 3967 3981 3983
f 3967 3982 3984
f 3967 3983 3985
f 3967 3984 3986
f 3967 3985 3987
f 3967 3986 3988
f 3967 3987 3989
f 3967 3988 3990
f 3967 3989 3991
f 3967 3991 3992
f 3967 3992 3993
f 3967 3993 3994
f 3967 3994 3995
f 3967 3995 3996
f 3967 3996 3997
f 3967 3997 3931
f 3967 3931 3934
f 3967 3934 3998
f 3967 3998 3999
f 3967 3990 4000
f 3967 3999 4001
f 3967 4000 4002
f 3967 4001 4003
f 3967 4002 4004
f 3967 4003 4005
f 3967 4005 4006
f 3967 4006 4007
f 3967 4007 4008
f 3967 4008 4009
f 3967 4009 4010
f 3967 4010 4011
f 3967 4011 4012
f 3967 4012 4013
f 3967 4013 4014
f 3967 4014 3969
f 4015 4016 3972
f 4015 3041 3849
f 4015 3972 3967
f 4015 3849 4017
f 4015 4017 4018
f 4015 4018 4019
f 4015 4019 4020
f 4015 4020 4021
f 4015 4021 4022
f 4015 4022 4023
f 4015 4023 4024
f 4015 4024 4025
f 4015 4025 4016
f 4026 4028 4027
f 4026 4027 4029
f 4026 4029 4030
f 4026 4030 4031
f 4026 4031 4032
f 4026 4032 4033
f 4026 4033 4034
f 4026 4034 4035
f 4026 4035 4036
f 4026 4036 4037
f 4026 4037 4038
f 4026 4038 4039
f 4026 4039 4040
f 4026 4040 4041
f 4026 4041 4042
f 4026 4042 4043
f 4026 4043 4044
f 4026 4044 4045
f 4026 4045 4046
f 4026 4046 4047
f 4026 4047 4048
f 4026 4048 4049
f 4026 4049 4050
f 4026 4050 3966
f 4026 3966 3681
f 4026 3967 4004
f 4026 4004 4051
f 4026 4051 4052
f 4026 4052 4053
f 4026 4053 4054
f 4026 4054 4055
f 4026 4055 4056
f 4026 4056 4057
f 4026 4057 4058
f 4026 4058 4059
f 4026 4059 4060
f 4026 4060 4028
f 1163 142 1160
f 142 138 1160
f 138 134 1157
f 134 130 1157
f 1160 138 1157
f 1157 130 1154
f 130 126 1151
f 126 122 1151
f 1154 130 1151
f 122 118 1148
f 1151 122 1148
f 1148 118 1145
f 118 114 1141
f 1145 118 1141
f 114 110 1137
f 110 106 1137
f 1141 114 1137
f 1137 106 1133
f 106 102 1129
f 1133 106 1129
f 1129 102 1125
f 102 98 1125
f 1125 98 1121
f 98 94 1121
f 1121 94 1117
f 94 90 1117
f 1117 90 1113
f 90 86 1113
f 1113 86 1109
f 86 82 1109
f 1109 82 1105
f 82 78 1105
f 1105 78 1101
f 78 74 1101
f 1101 74 1097
f 74 70 1097
f 1097 70 1093
f 70 66 1093
f 1093 66 1092
f 66 64 1092
f 64 67 1092
f 1092 67 1095
f 1095 67 1099
f 67 71 1099
f 71 75 1099
f 1099 75 1103
f 75 79 1107
f 79 83 1107
f 1103 75 1107
f 1107 83 1111
f 83 87 1115
f 1111 83 1115
f 87 91 1119
f 91 95 1119
f 1115 87 1119
f 95 99 1123
f 1119 95 1123
f 1123 99 1127
f 99 103 1131
f 103 107 1131
f 1127 99 1131
f 1131 107 1135
f 107 111 1139
f 111 115 1139
f 1135 107 1139
f 1139 115 1143
f 115 120 1076
f 120 124 1076
f 1143 115 1076
f 1076 124 1075
f 1075 124 1077
f 124 127 1077
f 1077 127 1078
f 127 131 1078
f 1078 131 1079
f 131 135 1079
f 1079 135 1080
f 135 139 1080
f 1080 139 1081
f 139 213 1081
f 213 215 1081
f 1081 215 1082
f 1082 215 1083
f 215 217 1083
f 1083 217 1084
f 217 219 1084
f 1084 219 1085
f 219 221 1085
f 1085 221 1086
f 221 223 1086
f 1086 223 1087
f 223 225 1087
f 1087 225 1088
f 225 227 1088
f 1088 227 1089
f 227 229 1089
f 1089 229 1090
f 229 63 1090
f 1090 63 1073
f 63 62 1073
f 1073 62 1072
f 62 61 1072
f 1072 61 1071
f 61 60 1071
f 1071 60 1070
f 60 59 1070
f 1070 59 1069
f 59 58 1069
f 1069 58 1068
f 58 57 1068
f 1068 57 1066
f 57 55 1066
f 1066 55 1064
f 55 53 1064
f 53 51 1062
f 1064 53 1062
f 51 49 1060
f 1062 51 1060
f 49 47 1058
f 1060 49 1058
f 47 45 1056
f 1058 47 1056
f 1056 45 1054
f 45 43 1054
f 1054 43 1052
f 43 41 1052
f 1052 41 1050
f 41 39 1050
f 1050 39 1048
f 39 37 1048
f 1048 37 1046
f 37 35 1046
f 1046 35 1044
f 35 33 1044
f 1044 33 1042
f 33 31 1042
f 1042 31 1040
f 31 29 1040
f 1040 29 1038
f 29 27 1038
f 1038 27 1036
f 27 25 1036
f 1036 25 1034
f 25 23 1034
f 1034 23 1032
f 23 21 1032
f 1032 21 1030
f 21 19 1030
f 19 17 1028
f 1030 19 1028
f 17 15 1026
f 1028 17 1026
f 15 13 1024
f 1026 15 1024
f 13 10 1021
f 1024 13 1021
f 10 11 1022
f 1021 10 1022
f 11 12 1023
f 1022 11 1023
f 12 14 1025
f 1023 12 1025
f 14 16 1027
f 1025 14 1027
f 16 18 1029
f 1027 16 1029
f 18 20 1031
f 1029 18 1031
f 20 22 1033
f 1031 20 1033
f 22 24 1035
f 1033 22 1035
f 24 26 1037
f 1035 24 1037
f 1037 26 1039
f 26 28 1039
f 1039 28 1041
f 28 30 1041
f 1041 30 1043
f 30 32 1043
f 1043 32 1045
f 32 34 1045
f 34 36 1047
f 1045 34 1047
f 36 38 1049
f 38 40 1049
f 1047 36 1049
f 1049 40 1051
f 40 42 1053
f 1051 40 1053
f 42 44 1055
f 1053 42 1055
f 44 46 1057
f 1055 44 1057
f 46 48 1059
f 1057 46 1059
f 48 50 1061
f 50 52 1061
f 1059 48 1061
f 1061 52 1063
f 52 54 1065
f 1063 52 1065
f 54 56 1067
f 1065 54 1067
f 56 174 1223
f 174 168 1223
f 1067 56 1223
f 1223 168 1219
f 168 164 1218
f 1219 168 1218
f 164 162 1214
f 1218 164 1214
f 162 159 1210
f 159 155 1210
f 1214 162 1210
f 1210 155 1206
f 155 151 1202
f 151 148 1202
f 1206 155 1202
f 1202 148 1199
f 148 146 1198
f 1199 148 1198
f 1198 146 1204
f 146 152 1204
f 1204 152 1208
f 152 156 1208
f 1208 156 1212
f 156 160 1212
f 1212 160 1216
f 160 165 1216
f 1216 165 1221
f 165 169 1221
f 1221 169 1225
f 169 172 1225
f 1225 172 1228
f 172 177 1228
f 1228 177 1229
f 177 178 1229
f 1229 178 1234
f 178 182 1234
f 1234 182 1237
f 182 186 1237
f 1237 186 1238
f 186 187 1238
f 1238 187 1243
f 187 192 1243
f 192 194 1246
f 1243 192 1246
f 1246 194 1166
f 194 145 1166
f 145 142 1163
f 1166 145 1163
f 1506 502 1509
f 502 500 1509
f 500 505 1512
f 505 506 1512
f 1509 500 1512
f 1512 506 1513
f 506 508 1516
f 508 510 1516
f 1513 506 1516
f 510 512 1517
f 1516 510 1517
f 1517 512 1520
f 512 514 1521
f 1520 512 1521
f 514 517 1524
f 517 518 1524
f 1521 514 1524
f 1524 518 1525
f 518 521 1528
f 1525 518 1528
f 1528 521 1529
f 521 522 1529
f 1529 522 1532
f 522 525 1532
f 1532 525 1533
f 525 526 1533
f 1533 526 1536
f 526 529 1536
f 1536 529 1538
f 529 531 1538
f 1538 531 1539
f 531 532 1539
f 1539 532 1541
f 532 533 1541
f 1541 533 1544
f 533 536 1544
f 1544 536 1546
f 536 539 1546
f 1546 539 1547
f 539 540 1547
f 540 543 1547
f 1547 543 1550
f 1550 543 1552
f 543 545 1552
f 545 546 1552
f 1552 546 1554
f 546 549 1555
f 549 431 1555
f 1554 546 1555
f 1555 431 1443
f 431 428 1440
f 1443 431 1440
f 428 425 1437
f 425 422 1437
f 1440 428 1437
f 422 419 1434
f 1437 422 1434
f 1434 419 1431
f 419 416 1428
f 416 413 1428
f 1431 419 1428
f 1428 413 1424
f 413 410 1420
f 410 405 1420
f 1424 413 1420
f 1420 405 1417
f 405 401 1412
f 401 398 1412
f 1417 405 1412
f 1412 398 1409
f 1409 398 1404
f 398 393 1404
f 1404 393 1400
f 393 390 1400
f 1400 390 1397
f 390 386 1397
f 1397 386 1392
f 386 382 1392
f 1392 382 1389
f 382 377 1389
f 377 373 1389
f 1389 373 1384
f 1384 373 1380
f 373 370 1380
f 1380 370 1376
f 370 365 1376
f 1376 365 1373
f 365 361 1373
f 1373 361 1368
f 361 357 1368
f 1368 357 1365
f 357 353 1365
f 1365 353 1361
f 353 349 1361
f 1361 349 1356
f 349 345 1356
f 1356 345 1353
f 345 342 1353
f 1353 342 1349
f 342 338 1349
f 1349 338 1345
f 338 333 1345
f 1345 333 1340
f 333 329 1340
f 1340 329 1336
f 329 326 1336
f 1336 326 1332
f 326 322 1332
f 1332 322 1329
f 322 318 1329
f 1329 318 1324
f 318 313 1324
f 1324 313 1320
f 313 309 1320
f 309 305 1317
f 1320 309 1317
f 305 301 1312
f 1317 305 1312
f 301 298 1308
f 1312 301 1308
f 298 294 1304
f 1308 298 1304
f 1304 294 1300
f 294 289 1300
f 1300 289 1296
f 289 285 1296
f 1296 285 1248
f 285 197 1248
f 1248 197 1245
f 197 195 1245
f 1245 195 1242
f 195 191 1242
f 1242 191 1240
f 191 189 1240
f 1240 189 1236
f 189 185 1236
f 1236 185 1233
f 185 183 1233
f 1233 183 1231
f 183 180 1231
f 1231 180 1227
f 180 176 1227
f 1227 176 1224
f 176 173 1224
f 1224 173 1220
f 173 170 1220
f 1220 170 1215
f 170 166 1215
f 166 161 1211
f 1215 166 1211
f 161 157 1207
f 1211 161 1207
f 157 153 1203
f 1207 157 1203
f 153 147 1197
f 1203 153 1197
f 147 149 1200
f 1197 147 1200
f 149 150 1201
f 1200 149 1201
f 150 154 1205
f 1201 150 1205
f 154 158 1209
f 1205 154 1209
f 158 163 1213
f 1209 158 1213
f 163 167 1217
f 1213 163 1217
f 167 171 1222
f 1217 167 1222
f 171 175 1226
f 1222 171 1226
f 175 179 1230
f 1226 175 1230
f 1230 179 1232
f 179 181 1232
f 1232 181 1235
f 181 184 1235
f 1235 184 1239
f 184 188 1239
f 1239 188 1241
f 188 190 1241
f 190 193 1244
f 1241 190 1244
f 193 196 1247
f 196 198 1247
f 1244 193 1247
f 1247 198 1249
f 198 199 1250
f 1249 198 1250
f 199 493 1503
f 1250 199 1503
f 493 489 1496
f 1503 493 1496
f 489 487 1495
f 1496 489 1495
f 487 484 1491
f 484 480 1491
f 1495 487 1491
f 1491 480 1487
f 480 476 1480
f 1487 480 1480
f 476 469 1476
f 1480 476 1476
f 469 467 1475
f 467 464 1475
f 1476 469 1475
f 1475 464 1471
f 464 460 1467
f 1471 464 1467
f 460 456 1463
f 1467 460 1463
f 456 453 1460
f 453 445 1460
f 1463 456 1460
f 1460 445 1452
f 445 441 1448
f 441 439 1448
f 1452 445 1448
f 1448 439 1447
f 439 442 1449
f 1447 439 1449
f 1449 442 1454
f 442 447 1454
f 1454 447 1457
f 447 449 1457
f 1457 449 1458
f 449 451 1458
f 1458 451 1465
f 451 457 1465
f 1465 457 1469
f 457 462 1469
f 1469 462 1473
f 462 466 1473
f 1473 466 1478
f 466 470 1478
f 1478 470 1482
f 470 473 1482
f 1482 473 1485
f 473 478 1485
f 1485 478 1489
f 478 481 1489
f 1489 481 1493
f 481 485 1493
f 1493 485 1498
f 485 491 1498
f 491 495 1501
f 1498 491 1501
f 1501 495 1505
f 495 497 1505
f 497 502 1506
f 1505 497 1506
f 1634 628 1631
f 628 624 1631
f 624 621 1628
f 621 617 1628
f 1631 624 1628
f 1628 617 1624
f 617 613 1620
f 613 609 1620
f 1624 617 1620
f 609 605 1616
f 1620 609 1616
f 1616 605 1612
f 605 601 1608
f 1612 605 1608
f 601 597 1604
f 597 593 1604
f 1608 601 1604
f 1604 593 1600
f 593 589 1596
f 1600 593 1596
f 1596 589 1592
f 589 585 1592
f 1592 585 1588
f 585 581 1588
f 1588 581 1584
f 581 577 1584
f 1584 577 1580
f 577 573 1580
f 1580 573 1576
f 573 569 1576
f 1576 569 1572
f 569 565 1572
f 1572 565 1568
f 565 561 1568
f 1568 561 1564
f 561 557 1564
f 1564 557 1560
f 557 553 1560
f 1560 553 1559
f 553 551 1559
f 551 555 1559
f 1559 555 1562
f 1562 555 1566
f 555 559 1566
f 559 563 1566
f 1566 563 1570
f 563 566 1574
f 566 571 1574
f 1570 563 1574
f 1574 571 1578
f 571 575 1582
f 1578 571 1582
f 575 579 1586
f 579 582 1586
f 1582 575 1586
f 582 586 1590
f 1586 582 1590
f 1590 586 1594
f 586 590 1598
f 590 594 1598
f 1594 586 1598
f 1598 594 1602
f 594 599 1606
f 599 603 1606
f 1602 594 1606
f 1606 603 1610
f 603 607 1614
f 607 611 1614
f 1610 603 1614
f 1614 611 1618
f 1618 611 1622
f 611 615 1622
f 1622 615 1626
f 615 619 1626
f 1626 619 1557
f 619 550 1557
f 1557 550 1556
f 550 548 1556
f 1556 548 1553
f 548 547 1553
f 547 544 1553
f 1553 544 1551
f 1551 544 1549
f 544 542 1549
f 1549 542 1548
f 542 541 1548
f 1548 541 1545
f 541 538 1545
f 1545 538 1543
f 538 537 1543
f 1543 537 1542
f 537 535 1542
f 1542 535 1540
f 535 534 1540
f 1540 534 1537
f 534 530 1537
f 1537 530 1535
f 530 528 1535
f 1535 528 1534
f 528 527 1534
f 1534 527 1531
f 527 524 1531
f 1531 524 1530
f 524 523 1530
f 1530 523 1527
f 523 520 1527
f 1527 520 1526
f 520 519 1526
f 1526 519 1523
f 519 516 1523
f 1523 516 1522
f 516 515 1522
f 1522 515 1519
f 515 513 1519
f 513 511 1518
f 1519 513 1518
f 511 509 1515
f 1518 511 1515
f 509 507 1514
f 1515 509 1514
f 507 504 1511
f 1514 507 1511
f 1511 504 1510
f 504 503 1510
f 1510 503 1508
f 503 501 1508
f 1508 501 1504
f 501 498 1504
f 1504 498 1500
f 498 494 1500
f 1500 494 1497
f 494 490 1497
f 1497 490 1492
f 490 486 1492
f 1492 486 1488
f 486 482 1488
f 1488 482 1484
f 482 477 1484
f 1484 477 1481
f 477 474 1481
f 1481 474 1477
f 474 471 1477
f 1477 471 1472
f 471 465 1472
f 1472 465 1468
f 465 461 1468
f 1468 461 1464
f 461 458 1464
f 458 454 1461
f 1464 458 1461
f 454 450 1456
f 1461 454 1456
f 450 446 1453
f 1456 450 1453
f 446 443 1450
f 1453 446 1450
f 443 440 1446
f 1450 443 1446
f 440 444 1451
f 1446 440 1451
f 444 448 1455
f 1451 444 1455
f 448 452 1459
f 1455 448 1459
f 452 455 1462
f 1459 452 1462
f 455 459 1466
f 1462 455 1466
f 459 463 1470
f 1466 459 1470
f 463 468 1474
f 1470 463 1474
f 468 472 1479
f 1474 468 1479
f 1479 472 1483
f 472 475 1483
f 1483 475 1486
f 475 479 1486
f 1486 479 1490
f 479 483 1490
f 1490 483 1494
f 483 488 1494
f 488 492 1499
f 1494 488 1499
f 492 496 1502
f 496 499 1502
f 1499 492 1502
f 1502 499 1507
f 499 771 1778
f 1507 499 1778
f 771 772 1779
f 1778 771 1779
f 772 773 1780
f 1779 772 1780
f 773 774 1781
f 1780 773 1781
f 774 775 1782
f 775 776 1782
f 1781 774 1782
f 1782 776 1783
f 776 777 1784
f 1783 776 1784
f 777 701 1709
f 1784 777 1709
f 701 700 1708
f 700 696 1708
f 1709 701 1708
f 1708 696 1704
f 696 689 1697
f 1704 696 1697
f 689 688 1696
f 1697 689 1696
f 688 685 1693
f 685 680 1693
f 1696 688 1693
f 1693 680 1688
f 680 673 1681
f 673 671 1681
f 1688 680 1681
f 1681 671 1680
f 671 675 1683
f 1680 671 1683
f 1683 675 1686
f 675 678 1686
f 1686 678 1690
f 678 682 1690
f 1690 682 1691
f 682 683 1691
f 1691 683 1699
f 683 690 1699
f 1699 690 1702
f 690 694 1702
f 1702 694 1706
f 694 698 1706
f 1706 698 1711
f 698 703 1711
f 1711 703 1714
f 703 706 1714
f 1714 706 1716
f 706 708 1716
f 1716 708 1718
f 708 709 1718
f 1718 709 1720
f 709 712 1720
f 1720 712 1722
f 712 714 1722
f 714 716 1724
f 1722 714 1724
f 1724 716 1638
f 716 631 1638
f 631 628 1634
f 1638 631 1634
f 1777 770 1799
f 770 792 1799
f 792 794 1801
f 794 796 1801
f 1799 792 1801
f 1801 796 1803
f 796 798 1805
f 798 800 1805
f 1803 796 1805
f 800 802 1807
f 1805 800 1807
f 1807 802 1809
f 802 804 1811
f 1809 802 1811
f 804 806 1813
f 806 808 1813
f 1811 804 1813
f 1813 808 1815
f 808 810 1817
f 1815 808 1817
f 1817 810 1819
f 810 812 1819
f 1819 812 1821
f 812 814 1821
f 1821 814 1823
f 814 816 1823
f 1823 816 2009
f 816 818 2009
f 2009 818 2011
f 818 1007 2011
f 2011 1007 2013
f 1007 1009 2013
f 2013 1009 2015
f 1009 1011 2015
f 2015 1011 2017
f 1011 1013 2017
f 2017 1013 2019
f 1013 1015 2019
f 2019 1015 2021
f 1015 1017 2021
f 1017 971 2021
f 2021 971 1969
f 1969 971 1968
f 971 970 1968
f 970 974 1968
f 1968 974 1973
f 974 968 1976
f 968 966 1976
f 1973 974 1976
f 1976 966 1978
f 966 964 1980
f 1978 966 1980
f 964 962 1982
f 962 960 1982
f 1980 964 1982
f 960 958 1984
f 1982 960 1984
f 1984 958 1966
f 958 956 1962
f 956 952 1962
f 1966 958 1962
f 1962 952 1958
f 952 949 1954
f 949 944 1954
f 1958 952 1954
f 1954 944 1950
f 944 940 1946
f 940 936 1946
f 1950 944 1946
f 1946 936 1942
f 1942 936 1938
f 936 932 1938
f 1938 932 1934
f 932 928 1934
f 1934 928 1930
f 928 924 1930
f 1930 924 1926
f 924 920 1926
f 1926 920 1923
f 920 917 1923
f 917 912 1923
f 1923 912 1918
f 1918 912 1914
f 912 908 1914
f 1914 908 1910
f 908 904 1910
f 1910 904 1906
f 904 900 1906
f 1906 900 1903
f 900 897 1903
f 1903 897 1898
f 897 892 1898
f 1898 892 1894
f 892 888 1894
f 1894 888 1890
f 888 884 1890
f 1890 884 1886
f 884 880 1886
f 1886 880 1882
f 880 876 1882
f 1882 876 1878
f 876 872 1878
f 1878 872 1874
f 872 868 1874
f 1874 868 1870
f 868 864 1870
f 1870 864 1867
f 864 861 1867
f 1867 861 1862
f 861 856 1862
f 1862 856 1858
f 856 852 1858
f 1858 852 1855
f 852 849 1855
f 849 844 1850
f 1855 849 1850
f 844 840 1846
f 1850 844 1846
f 840 836 1843
f 1846 840 1843
f 836 832 1838
f 1843 836 1838
f 1838 832 1834
f 832 828 1834
f 1834 828 1772
f 828 764 1772
f 1772 764 1725
f 764 717 1725
f 1725 717 1723
f 717 715 1723
f 1723 715 1721
f 715 713 1721
f 1721 713 1719
f 713 711 1719
f 1719 711 1717
f 711 710 1717
f 1717 710 1715
f 710 707 1715
f 1715 707 1713
f 707 705 1713
f 1713 705 1710
f 705 702 1710
f 1710 702 1705
f 702 697 1705
f 1705 697 1701
f 697 693 1701
f 1701 693 1698
f 693 691 1698
f 691 686 1694
f 1698 691 1694
f 686 681 1689
f 1694 686 1689
f 681 677 1685
f 1689 681 1685
f 677 674 1682
f 1685 677 1682
f 674 672 1679
f 1682 674 1679
f 672 676 1684
f 1679 672 1684
f 676 679 1687
f 1684 676 1687
f 679 684 1692
f 1687 679 1692
f 684 687 1695
f 1692 684 1695
f 687 692 1700
f 1695 687 1700
f 692 695 1703
f 1700 692 1703
f 695 699 1707
f 1703 695 1707
f 699 704 1712
f 1707 699 1712
f 1712 704 1785
f 704 778 1785
f 1785 778 1786
f 778 779 1786
f 1786 779 1787
f 779 780 1787
f 1787 780 1788
f 780 781 1788
f 781 782 1789
f 1788 781 1789
f 782 783 1790
f 783 784 1790
f 1789 782 1790
f 1790 784 1791
f 784 785 1792
f 1791 784 1792
f 785 786 1793
f 1792 785 1793
f 786 787 1794
f 1793 786 1794
f 787 788 1795
f 1794 787 1795
f 788 789 1796
f 789 790 1796
f 1795 788 1796
f 1796 790 1797
f 790 791 1798
f 1797 790 1798
f 791 793 1800
f 1798 791 1800
f 793 795 1802
f 795 797 1802
f 1800 793 1802
f 1802 797 1804
f 797 799 1806
f 1804 797 1806
f 799 801 1808
f 1806 799 1808
f 801 803 1810
f 803 805 1810
f 1808 801 1810
f 1810 805 1812
f 805 807 1814
f 807 809 1814
f 1812 805 1814
f 1814 809 1816
f 809 811 1818
f 1816 809 1818
f 1818 811 1820
f 811 813 1820
f 1820 813 1822
f 813 815 1822
f 1822 815 1824
f 815 817 1824
f 1824 817 1825
f 817 819 1825
f 1825 819 1826
f 819 820 1826
f 1826 820 1827
f 820 821 1827
f 1827 821 1828
f 821 822 1828
f 1828 822 1829
f 822 823 1829
f 1829 823 1830
f 823 824 1830
f 1830 824 1831
f 824 825 1831
f 1831 825 1774
f 825 767 1774
f 1774 767 1773
f 767 765 1773
f 765 768 1775
f 1773 765 1775
f 1775 768 1776
f 768 769 1776
f 769 770 1777
f 1776 769 1777
f 1315 303 1314
f 303 306 1314
f 306 310 1322
f 310 314 1322
f 1314 306 1322
f 1322 314 1326
f 314 316 1327
f 316 319 1327
f 1326 314 1327
f 319 323 1334
f 1327 319 1334
f 1334 323 1338
f 323 330 1342
f 1338 323 1342
f 330 334 1343
f 334 336 1343
f 1342 330 1343
f 1343 336 1347
f 336 339 1351
f 1347 336 1351
f 1351 339 1358
f 339 347 1358
f 1358 347 1359
f 347 351 1359
f 1359 351 1363
f 351 354 1363
f 1363 354 1370
f 354 358 1370
f 1370 358 1371
f 358 362 1371
f 1371 362 1378
f 362 366 1378
f 1378 366 1382
f 366 368 1382
f 1382 368 1386
f 368 375 1386
f 1386 375 1387
f 375 378 1387
f 1387 378 1394
f 378 380 1394
f 380 383 1394
f 1394 383 1395
f 1395 383 1402
f 383 387 1402
f 387 395 1402
f 1402 395 1406
f 395 396 1407
f 396 403 1407
f 1406 395 1407
f 1407 403 1414
f 403 407 1415
f 1414 403 1415
f 407 408 1422
f 408 201 1422
f 1415 407 1422
f 201 200 1426
f 1422 201 1426
f 1426 200 1196
f 200 202 1195
f 202 203 1195
f 1196 200 1195
f 1195 203 1194
f 203 204 1193
f 204 205 1193
f 1194 203 1193
f 1193 205 1192
f 205 206 1191
f 206 207 1191
f 1192 205 1191
f 1191 207 1190
f 1190 207 1189
f 207 208 1189
f 1189 208 1188
f 208 209 1188
f 1188 209 1187
f 209 210 1187
f 1187 210 1186
f 210 211 1186
f 1186 211 1185
f 211 212 1185
f 212 214 1185
f 1185 214 1184
f 1184 214 1183
f 214 216 1183
f 1183 216 1182
f 216 218 1182
f 1182 218 1181
f 218 220 1181
f 1181 220 1180
f 220 222 1180
f 1180 222 1179
f 222 224 1179
f 1179 224 1178
f 224 226 1178
f 1178 226 1177
f 226 228 1177
f 1177 228 1176
f 228 230 1176
f 1176 230 1175
f 230 231 1175
f 1175 231 1174
f 231 232 1174
f 1174 232 1173
f 232 233 1173
f 1173 233 1172
f 233 234 1172
f 1172 234 1171
f 234 235 1171
f 1171 235 1170
f 235 236 1170
f 1170 236 1169
f 236 237 1169
f 1169 237 1168
f 237 238 1168
f 238 239 1167
f 1168 238 1167
f 239 143 1164
f 1167 239 1164
f 143 140 1161
f 1164 143 1161
f 140 136 1158
f 1161 140 1158
f 1158 136 1155
f 136 132 1155
f 1155 132 1152
f 132 128 1152
f 1152 128 1149
f 128 123 1149
f 1149 123 1146
f 123 119 1146
f 1146 119 1142
f 119 116 1142
f 1142 116 1138
f 116 112 1138
f 1138 112 1134
f 112 108 1134
f 1134 108 1130
f 108 104 1130
f 1130 104 1126
f 104 100 1126
f 1126 100 1122
f 100 96 1122
f 1122 96 1118
f 96 92 1118
f 1118 92 1114
f 92 88 1114
f 1114 88 1110
f 88 84 1110
f 84 80 1106
f 1110 84 1106
f 80 76 1102
f 1106 80 1102
f 76 72 1098
f 1102 76 1098
f 72 68 1094
f 1098 72 1094
f 68 65 1091
f 1094 68 1091
f 65 69 1096
f 1091 65 1096
f 69 73 1100
f 1096 69 1100
f 73 77 1104
f 1100 73 1104
f 77 81 1108
f 1104 77 1108
f 81 85 1112
f 1108 81 1112
f 85 89 1116
f 1112 85 1116
f 89 93 1120
f 1116 89 1120
f 93 97 1124
f 1120 93 1124
f 1124 97 1128
f 97 101 1128
f 1128 101 1132
f 101 105 1132
f 1132 105 1136
f 105 109 1136
f 1136 109 1140
f 109 113 1140
f 113 117 1144
f 1140 113 1144
f 117 121 1147
f 121 125 1147
f 1144 117 1147
f 1147 125 1150
f 125 129 1153
f 1150 125 1153
f 129 133 1156
f 1153 129 1156
f 133 137 1159
f 1156 133 1159
f 137 141 1162
f 1159 137 1162
f 141 144 1165
f 144 282 1165
f 1162 141 1165
f 1165 282 1293
f 282 275 1289
f 1293 282 1289
f 275 273 1285
f 1289 275 1285
f 273 269 1280
f 269 265 1280
f 1285 273 1280
f 1280 265 1276
f 265 259 1272
f 1276 265 1272
f 259 257 1269
f 1272 259 1269
f 257 253 1264
f 253 249 1264
f 1269 257 1264
f 1264 249 1258
f 249 245 1257
f 245 242 1257
f 1258 249 1257
f 1257 242 1253
f 242 240 1252
f 1253 242 1252
f 1252 240 1254
f 240 246 1254
f 1254 246 1262
f 246 250 1262
f 1262 250 1266
f 250 254 1266
f 1266 254 1267
f 254 256 1267
f 1267 256 1274
f 256 262 1274
f 1274 262 1278
f 262 266 1278
f 1278 266 1282
f 266 270 1282
f 1282 270 1283
f 270 272 1283
f 1283 272 1287
f 272 278 1287
f 1287 278 1291
f 278 280 1291
f 1291 280 1298
f 280 286 1298
f 1298 286 1302
f 286 290 1302
f 290 292 1306
f 1302 290 1306
f 1306 292 1310
f 292 295 1310
f 295 303 1315
f 1310 295 1315
f 1436 424 1439
f 424 427 1439
f 427 430 1442
f 430 433 1442
f 1439 427 1442
f 1442 433 1445
f 433 626 1636
f 626 633 1636
f 1445 433 1636
f 633 634 1640
f 1636 633 1640
f 1640 634 1641
f 634 635 1644
f 1641 634 1644
f 635 638 1646
f 638 640 1646
f 1644 635 1646
f 1646 640 1647
f 640 641 1650
f 1647 640 1650
f 1650 641 1652
f 641 644 1652
f 1652 644 1654
f 644 646 1654
f 1654 646 1656
f 646 648 1656
f 1656 648 1658
f 648 650 1658
f 1658 650 1660
f 650 652 1660
f 1660 652 1661
f 652 654 1661
f 1661 654 1663
f 654 656 1663
f 1663 656 1666
f 656 659 1666
f 1666 659 1668
f 659 660 1668
f 1668 660 1670
f 660 663 1670
f 663 664 1670
f 1670 664 1671
f 1671 664 1674
f 664 667 1674
f 667 669 1674
f 1674 669 1676
f 669 438 1678
f 438 437 1678
f 1676 669 1678
f 1678 437 2026
f 437 436 2025
f 2026 437 2025
f 436 435 2024
f 435 434 2024
f 2025 436 2024
f 434 432 2023
f 2024 434 2023
f 2023 432 1444
f 432 429 1441
f 429 426 1441
f 1444 432 1441
f 1441 426 1438
f 426 423 1435
f 423 420 1435
f 1438 426 1435
f 1435 420 1432
f 420 417 1429
f 417 414 1429
f 1432 420 1429
f 1429 414 1425
f 1425 414 1421
f 414 411 1421
f 1421 411 1418
f 411 406 1418
f 1418 406 1413
f 406 402 1413
f 1413 402 1410
f 402 399 1410
f 1410 399 1405
f 399 394 1405
f 394 391 1405
f 1405 391 1401
f 1401 391 1398
f 391 388 1398
f 1398 388 1393
f 388 384 1393
f 1393 384 1390
f 384 379 1390
f 1390 379 1385
f 379 374 1385
f 1385 374 1381
f 374 371 1381
f 1381 371 1377
f 371 367 1377
f 1377 367 1374
f 367 363 1374
f 1374 363 1369
f 363 359 1369
f 1369 359 1366
f 359 355 1366
f 1366 355 1362
f 355 350 1362
f 1362 350 1357
f 350 346 1357
f 1357 346 1354
f 346 343 1354
f 1354 343 1350
f 343 340 1350
f 1350 340 1346
f 340 335 1346
f 1346 335 1341
f 335 331 1341
f 1341 331 1337
f 331 327 1337
f 327 324 1333
f 1337 327 1333
f 324 320 1330
f 1333 324 1330
f 320 315 1325
f 1330 320 1325
f 315 311 1321
f 1325 315 1321
f 1321 311 1318
f 311 307 1318
f 1318 307 1313
f 307 302 1313
f 1313 302 1309
f 302 299 1309
f 1309 299 1305
f 299 296 1305
f 1305 296 1301
f 296 291 1301
f 1301 291 1297
f 291 287 1297
f 1297 287 1294
f 287 283 1294
f 1294 283 1290
f 283 279 1290
f 1290 279 1286
f 279 276 1286
f 1286 276 1281
f 276 271 1281
f 1281 271 1277
f 271 267 1277
f 1277 267 1273
f 267 263 1273
f 1273 263 1270
f 263 260 1270
f 260 255 1265
f 1270 260 1265
f 255 251 1261
f 1265 255 1261
f 251 247 1259
f 1261 251 1259
f 247 243 1251
f 1259 247 1251
f 243 241 1255
f 1251 243 1255
f 241 244 1256
f 1255 241 1256
f 244 248 1260
f 1256 244 1260
f 248 252 1263
f 1260 248 1263
f 252 258 1268
f 1263 252 1268
f 258 261 1271
f 1268 258 1271
f 261 264 1275
f 1271 261 1275
f 264 268 1279
f 1275 264 1279
f 268 274 1284
f 1279 268 1284
f 1284 274 1288
f 274 277 1288
f 1288 277 1292
f 277 281 1292
f 1292 281 1295
f 281 284 1295
f 1295 284 1299
f 284 288 1299
f 288 293 1303
f 1299 288 1303
f 293 297 1307
f 297 300 1307
f 1303 293 1307
f 1307 300 1311
f 300 304 1316
f 1311 300 1316
f 304 308 1319
f 1316 304 1319
f 308 312 1323
f 1319 308 1323
f 312 317 1328
f 1323 312 1328
f 317 321 1331
f 321 325 1331
f 1328 317 1331
f 1331 325 1335
f 325 328 1339
f 1335 325 1339
f 328 332 1344
f 1339 328 1344
f 332 337 1348
f 337 341 1348
f 1344 332 1348
f 1348 341 1352
f 341 344 1355
f 1352 341 1355
f 344 348 1360
f 1355 344 1360
f 348 352 1364
f 352 356 1364
f 1360 348 1364
f 1364 356 1367
f 356 360 1372
f 360 364 1372
f 1367 356 1372
f 1372 364 1375
f 364 369 1379
f 1375 364 1379
f 1379 369 1383
f 369 372 1383
f 1383 372 1388
f 372 376 1388
f 1388 376 1391
f 376 381 1391
f 1391 381 1396
f 381 385 1396
f 1396 385 1399
f 385 389 1399
f 1399 389 1403
f 389 392 1403
f 1403 392 1408
f 392 397 1408
f 1408 397 1411
f 397 400 1411
f 1411 400 1416
f 400 404 1416
f 1416 404 1419
f 404 409 1419
f 1419 409 1423
f 409 412 1423
f 1423 412 1427
f 412 415 1427
f 415 418 1430
f 1427 415 1430
f 1430 418 1433
f 418 421 1433
f 421 424 1436
f 1433 421 1436
f 1848 842 1852
f 842 846 1852
f 846 847 1853
f 847 854 1853
f 1852 846 1853
f 1853 854 1860
f 854 858 1864
f 858 859 1864
f 1860 854 1864
f 859 866 1865
f 1864 859 1865
f 1865 866 1872
f 866 870 1876
f 1872 866 1876
f 870 874 1880
f 874 878 1880
f 1876 870 1880
f 1880 878 1884
f 878 882 1888
f 1884 878 1888
f 1888 882 1892
f 882 886 1892
f 1892 886 1896
f 886 889 1896
f 1896 889 1900
f 889 894 1900
f 1900 894 1901
f 894 895 1901
f 1901 895 1908
f 895 901 1908
f 1908 901 1912
f 901 906 1912
f 1912 906 1916
f 906 910 1916
f 1916 910 1920
f 910 913 1920
f 1920 913 1921
f 913 915 1921
f 1921 915 1928
f 915 921 1928
f 921 926 1928
f 1928 926 1932
f 1932 926 1936
f 926 930 1936
f 930 933 1936
f 1936 933 1940
f 933 938 1944
f 938 942 1944
f 1940 933 1944
f 1944 942 1948
f 942 946 1952
f 1948 942 1952
f 946 947 1956
f 947 954 1956
f 1952 946 1956
f 954 986 1960
f 1956 954 1960
f 1960 986 1964
f 986 987 1994
f 987 989 1994
f 1964 986 1994
f 1994 989 1996
f 989 991 1998
f 991 993 1998
f 1996 989 1998
f 1998 993 2000
f 993 995 2002
f 995 997 2002
f 2000 993 2002
f 2002 997 2027
f 2027 997 2028
f 997 999 2028
f 2028 999 2029
f 999 1001 2029
f 2029 1001 2030
f 1001 1003 2030
f 2030 1003 1677
f 1003 670 1677
f 1677 670 1675
f 670 668 1675
f 668 666 1675
f 1675 666 1673
f 1673 666 1672
f 666 665 1672
f 1672 665 1669
f 665 662 1669
f 1669 662 1667
f 662 661 1667
f 1667 661 1665
f 661 658 1665
f 1665 658 1664
f 658 657 1664
f 1664 657 1662
f 657 655 1662
f 1662 655 1659
f 655 653 1659
f 1659 653 1657
f 653 651 1657
f 1657 651 1655
f 651 649 1655
f 1655 649 1653
f 649 647 1653
f 1653 647 1651
f 647 645 1651
f 1651 645 1649
f 645 643 1649
f 1649 643 1648
f 643 642 1648
f 1648 642 1645
f 642 639 1645
f 1645 639 1643
f 639 637 1643
f 1643 637 1642
f 637 636 1642
f 636 632 1639
f 1642 636 1639
f 632 629 1635
f 1639 632 1635
f 629 625 1632
f 1635 629 1632
f 625 622 1629
f 1632 625 1629
f 1629 622 1625
f 622 618 1625
f 1625 618 1621
f 618 614 1621
f 1621 614 1617
f 614 610 1617
f 1617 610 1613
f 610 606 1613
f 1613 606 1609
f 606 602 1609
f 1609 602 1605
f 602 598 1605
f 1605 598 1601
f 598 595 1601
f 1601 595 1597
f 595 591 1597
f 1597 591 1593
f 591 587 1593
f 1593 587 1589
f 587 583 1589
f 1589 583 1585
f 583 578 1585
f 1585 578 1581
f 578 574 1581
f 1581 574 1577
f 574 570 1577
f 570 567 1573
f 1577 570 1573
f 567 562 1569
f 1573 567 1569
f 562 558 1565
f 1569 562 1565
f 558 554 1561
f 1565 558 1561
f 554 552 1558
f 1561 554 1558
f 552 556 1563
f 1558 552 1563
f 556 560 1567
f 1563 556 1567
f 560 564 1571
f 1567 560 1571
f 564 568 1575
f 1571 564 1575
f 568 572 1579
f 1575 568 1579
f 572 576 1583
f 1579 572 1583
f 576 580 1587
f 1583 576 1587
f 580 584 1591
f 1587 580 1591
f 1591 584 1595
f 584 588 1595
f 1595 588 1599
f 588 592 1599
f 1599 592 1603
f 592 596 1603
f 1603 596 1607
f 596 600 1607
f 600 604 1611
f 1607 600 1611
f 604 608 1615
f 608 612 1615
f 1611 604 1615
f 1615 612 1619
f 612 616 1623
f 1619 612 1623
f 616 620 1627
f 1623 616 1627
f 620 623 1630
f 1627 620 1630
f 623 627 1633
f 1630 623 1633
f 627 630 1637
f 630 756 1637
f 1633 627 1637
f 1637 756 1768
f 756 754 1763
f 1768 756 1763
f 754 751 1759
f 1763 754 1759
f 751 747 1755
f 747 743 1755
f 1759 751 1755
f 1755 743 1751
f 743 740 1745
f 1751 743 1745
f 740 736 1744
f 1745 740 1744
f 736 731 1737
f 731 724 1737
f 1744 736 1737
f 1737 724 1736
f 724 723 1728
f 723 720 1728
f 1736 724 1728
f 1728 720 1727
f 720 718 1730
f 1727 720 1730
f 1730 718 1733
f 718 726 1733
f 1733 726 1734
f 726 729 1734
f 1734 729 1741
f 729 733 1741
f 1741 733 1742
f 733 734 1742
f 1742 734 1749
f 734 737 1749
f 1749 737 1753
f 737 744 1753
f 1753 744 1757
f 744 749 1757
f 1757 749 1761
f 749 753 1761
f 1761 753 1765
f 753 757 1765
f 1765 757 1766
f 757 759 1766
f 1766 759 1770
f 759 761 1770
f 1770 761 1836
f 761 829 1836
f 829 834 1840
f 1836 829 1840
f 1840 834 1841
f 834 838 1841
f 838 842 1848
f 1841 838 1848
f 1975 961 1990
f 961 963 1990
f 963 965 1991
f 965 967 1991
f 1990 963 1991
f 1991 967 1992
f 967 969 1993
f 969 988 1993
f 1992 967 1993
f 988 990 1995
f 1993 988 1995
f 1995 990 1997
f 990 992 1999
f 1997 990 1999
f 992 994 2001
f 994 996 2001
f 1999 992 2001
f 2001 996 2003
f 996 998 2004
f 2003 996 2004
f 2004 998 2005
f 998 1000 2005
f 2005 1000 2006
f 1000 1002 2006
f 2006 1002 2007
f 1002 1004 2007
f 2007 1004 2008
f 1004 1005 2008
f 2008 1005 2010
f 1005 1006 2010
f 2010 1006 2012
f 1006 1008 2012
f 2012 1008 2014
f 1008 1010 2014
f 2014 1010 2016
f 1010 1012 2016
f 2016 1012 2018
f 1012 1014 2018
f 2018 1014 2020
f 1014 1016 2020
f 1016 1018 2020
f 2020 1018 2022
f 2022 1018 1971
f 1018 973 1971
f 973 972 1971
f 1971 972 1970
f 972 975 1974
f 975 976 1974
f 1970 972 1974
f 1974 976 1977
f 976 977 1979
f 1977 976 1979
f 977 978 1981
f 978 979 1981
f 1979 977 1981
f 979 980 1983
f 1981 979 1983
f 1983 980 1985
f 980 981 1986
f 981 982 1986
f 1985 980 1986
f 1986 982 1987
f 982 983 1988
f 983 984 1988
f 1987 982 1988
f 1988 984 1989
f 984 985 1963
f 985 953 1963
f 1989 984 1963
f 1963 953 1959
f 1959 953 1955
f 953 950 1955
f 1955 950 1951
f 950 945 1951
f 1951 945 1947
f 945 941 1947
f 1947 941 1943
f 941 937 1943
f 1943 937 1939
f 937 934 1939
f 934 929 1939
f 1939 929 1935
f 1935 929 1931
f 929 925 1931
f 1931 925 1927
f 925 922 1927
f 1927 922 1924
f 922 918 1924
f 1924 918 1919
f 918 914 1919
f 1919 914 1915
f 914 909 1915
f 1915 909 1911
f 909 905 1911
f 1911 905 1907
f 905 902 1907
f 1907 902 1904
f 902 898 1904
f 1904 898 1899
f 898 893 1899
f 1899 893 1895
f 893 890 1895
f 1895 890 1891
f 890 885 1891
f 1891 885 1887
f 885 881 1887
f 1887 881 1883
f 881 877 1883
f 1883 877 1879
f 877 873 1879
f 1879 873 1875
f 873 869 1875
f 1875 869 1871
f 869 865 1871
f 865 862 1868
f 1871 865 1868
f 862 857 1863
f 1868 862 1863
f 857 853 1859
f 1863 857 1859
f 853 850 1856
f 1859 853 1856
f 1856 850 1851
f 850 845 1851
f 1851 845 1847
f 845 841 1847
f 1847 841 1844
f 841 837 1844
f 1844 837 1839
f 837 833 1839
f 1839 833 1835
f 833 830 1835
f 1835 830 1832
f 830 826 1832
f 1832 826 1769
f 826 762 1769
f 1769 762 1764
f 762 758 1764
f 1764 758 1760
f 758 752 1760
f 1760 752 1756
f 752 748 1756
f 1756 748 1752
f 748 745 1752
f 1752 745 1748
f 745 741 1748
f 1748 741 1746
f 741 738 1746
f 738 732 1740
f 1746 738 1740
f 732 728 1738
f 1740 732 1738
f 728 725 1732
f 1738 728 1732
f 725 721 1729
f 1732 725 1729
f 721 719 1726
f 1729 721 1726
f 719 722 1731
f 1726 719 1731
f 722 727 1735
f 1731 722 1735
f 727 730 1739
f 1735 727 1739
f 730 735 1743
f 1739 730 1743
f 735 739 1747
f 1743 735 1747
f 739 742 1750
f 1747 739 1750
f 742 746 1754
f 1750 742 1754
f 746 750 1758
f 1754 746 1758
f 1758 750 1762
f 750 755 1762
f 1762 755 1767
f 755 760 1767
f 1767 760 1771
f 760 763 1771
f 1771 763 1833
f 763 827 1833
f 827 831 1837
f 1833 827 1837
f 831 835 1842
f 835 839 1842
f 1837 831 1842
f 1842 839 1845
f 839 843 1849
f 1845 839 1849
f 843 848 1854
f 1849 843 1854
f 848 851 1857
f 1854 848 1857
f 851 855 1861
f 1857 851 1861
f 855 860 1866
f 860 863 1866
f 1861 855 1866
f 1866 863 1869
f 863 867 1873
f 1869 863 1873
f 867 871 1877
f 1873 867 1877
f 871 875 1881
f 875 879 1881
f 1877 871 1881
f 1881 879 1885
f 879 883 1889
f 1885 879 1889
f 883 887 1893
f 1889 883 1893
f 887 891 1897
f 891 896 1897
f 1893 887 1897
f 1897 896 1902
f 896 899 1905
f 899 903 1905
f 1902 896 1905
f 1905 903 1909
f 903 907 1913
f 1909 903 1913
f 1913 907 1917
f 907 911 1917
f 1917 911 1922
f 911 916 1922
f 1922 916 1925
f 916 919 1925
f 1925 919 1929
f 919 923 1929
f 1929 923 1933
f 923 927 1933
f 1933 927 1937
f 927 931 1937
f 1937 931 1941
f 931 935 1941
f 1941 935 1945
f 935 939 1945
f 1945 939 1949
f 939 943 1949
f 1949 943 1953
f 943 948 1953
f 1953 948 1957
f 948 951 1957
f 1957 951 1961
f 951 955 1961
f 955 957 1965
f 1961 955 1965
f 1965 957 1972
f 957 959 1972
f 959 961 1975
f 1972 959 1975
f 7 8 4015
f 7 4015 3967
f 2 3 3095
f 2 3095 3090
f 4 3192 3
f 4 3568 3192
f 4 6 3558
f 4 3558 3513
f 7 3681 6
f 7 4026 3681
f 3262 2244 3266
f 2244 2248 3266
f 2248 2252 3270
f 3266 2248 3270
f 2252 2256 3274
f 3270 2252 3274
f 2256 2260 3278
f 3274 2256 3278
f 2260 2264 3281
f 3278 2260 3281
f 2264 2267 3284
f 2267 2269 3284
f 3281 2264 3284
f 3284 2269 3287
f 2269 2272 3290
f 3287 2269 3290
f 2272 2274 3292
f 3290 2272 3292
f 2274 2276 3294
f 3292 2274 3294
f 3294 2276 3296
f 2276 2278 3296
f 3296 2278 3298
f 2278 2280 3298
f 3298 2280 3300
f 2280 2282 3300
f 3300 2282 3302
f 2282 2284 3302
f 3302 2284 3304
f 2284 2286 3304
f 3304 2286 3306
f 2286 2288 3306
f 3306 2288 3308
f 2288 2290 3308
f 3308 2290 3310
f 2290 2292 3310
f 3310 2292 3190
f 2292 2181 3190
f 2181 2178 3190
f 3190 2178 3188
f 2178 2175 3188
f 3188 2175 3186
f 3186 2175 3184
f 2175 2172 3184
f 2172 2148 3182
f 3184 2172 3182
f 2148 2146 3179
f 3182 2148 3179
f 2146 2144 3176
f 3179 2146 3176
f 2144 2142 3173
f 3176 2144 3173
f 2142 2140 3170
f 3173 2142 3170
f 2140 2138 3167
f 3170 2140 3167
f 2138 2136 3164
f 3167 2138 3164
f 2136 2134 3161
f 3164 2136 3161
f 2134 2132 3158
f 3161 2134 3158
f 2132 2130 3155
f 2130 2128 3155
f 3158 2132 3155
f 3155 2128 3152
f 2128 2126 3149
f 3152 2128 3149
f 2126 2124 3146
f 3149 2126 3146
f 2124 2122 3143
f 3146 2124 3143
f 3143 2122 3140
f 2122 2120 3140
f 3140 2120 3137
f 2120 2118 3137
f 3137 2118 3134
f 2118 2116 3134
f 3134 2116 3131
f 2116 2114 3131
f 3131 2114 3128
f 2114 2112 3128
f 2112 2110 3128
f 3128 2110 3125
f 3125 2110 3097
f 2110 2108 3097
f 3097 2108 3096
f 2108 2106 3096
f 3096 2106 3098
f 2106 2103 3098
f 3098 2103 3099
f 2103 2100 3099
f 3099 2100 3100
f 2100 2097 3100
f 3100 2097 3101
f 2097 2094 3101
f 3101 2094 3102
f 2094 2091 3102
f 3102 2091 3103
f 2091 2088 3103
f 3103 2088 3092
f 2088 2085 3092
f 3092 2085 3091
f 2085 2082 3091
f 3091 2082 3093
f 2082 2080 3093
f 3093 2080 3094
f 2080 2079 3094
f 3094 2079 3089
f 2079 2078 3089
f 3089 2078 3088
f 2078 2077 3088
f 3088 2077 3086
f 2077 2075 3086
f 2075 2073 3084
f 3086 2075 3084
f 2073 2071 3082
f 3084 2073 3082
f 2071 2069 3080
f 3082 2071 3080
f 2069 2067 3078
f 3080 2069 3078
f 3078 2067 3076
f 2067 2065 3076
f 3076 2065 3074
f 2065 2063 3074
f 3074 2063 3072
f 2063 2061 3072
f 3072 2061 3070
f 2061 2059 3070
f 3070 2059 3068
f 2059 2057 3068
f 3068 2057 3066
f 2057 2055 3066
f 3066 2055 3064
f 2055 2053 3064
f 3064 2053 3062
f 2053 2051 3062
f 3062 2051 3060
f 2051 2049 3060
f 3060 2049 3058
f 2049 2047 3058
f 3058 2047 3056
f 2047 2045 3056
f 3056 2045 3054
f 2045 2043 3054
f 2043 2041 3054
f 3054 2041 3052
f 2041 2039 3050
f 3052 2041 3050
f 2039 2037 3048
f 3050 2039 3048
f 2037 2035 3046
f 3048 2037 3046
f 2035 2032 3043
f 3046 2035 3043
f 2032 2033 3044
f 3043 2032 3044
f 2033 2034 3045
f 3044 2033 3045
f 2034 2036 3047
f 3045 2034 3047
f 2036 2038 3049
f 3047 2036 3049
f 2038 2040 3051
f 3049 2038 3051
f 2040 2042 3053
f 3051 2040 3053
f 2042 2044 3055
f 3053 2042 3055
f 2044 2046 3057
f 3055 2044 3057
f 2046 2048 3059
f 3057 2046 3059
f 3059 2048 3061
f 2048 2050 3061
f 3061 2050 3063
f 2050 2052 3063
f 3063 2052 3065
f 2052 2054 3065
f 3065 2054 3067
f 2054 2056 3067
f 2056 2058 3069
f 3067 2056 3069
f 2058 2060 3071
f 3069 2058 3071
f 2060 2062 3073
f 3071 2060 3073
f 2062 2064 3075
f 3073 2062 3075
f 2064 2066 3077
f 3075 2064 3077
f 2066 2068 3079
f 3077 2066 3079
f 2068 2070 3081
f 3079 2068 3081
f 2070 2072 3083
f 3081 2070 3083
f 2072 2074 3085
f 3083 2072 3085
f 2074 2076 3087
f 3085 2074 3087
f 2076 2259 3276
f 3087 2076 3276
f 2259 2255 3272
f 3276 2259 3272
f 2255 2251 3268
f 3272 2255 3268
f 2251 2247 3264
f 3268 2251 3264
f 2247 2243 3260
f 3264 2247 3260
f 2243 2239 3256
f 3260 2243 3256
f 2239 2235 3252
f 3256 2239 3252
f 2235 2231 3248
f 3252 2235 3248
f 2231 2227 3244
f 3248 2231 3244
f 2227 2223 3240
f 3244 2227 3240
f 3240 2223 3236
f 2223 2219 3236
f 3236 2219 3232
f 2219 2215 3232
f 3232 2215 3228
f 2215 2211 3228
f 3228 2211 3224
f 2211 2207 3224
f 3224 2207 3223
f 2207 2205 3223
f 3223 2205 3226
f 2205 2208 3226
f 3226 2208 3230
f 2208 2213 3230
f 3230 2213 3234
f 2213 2217 3234
f 3234 2217 3238
f 2217 2221 3238
f 3238 2221 3242
f 2221 2224 3242
f 3242 2224 3246
f 2224 2229 3246
f 3246 2229 3250
f 2229 2233 3250
f 3250 2233 3254
f 2233 2236 3254
f 2236 2240 3258
f 3254 2236 3258
f 2240 2244 3262
f 3258 2240 3262
f 3500 2504 3502
f 2504 2506 3502
f 2506 2508 3504
f 3502 2506 3504
f 2508 2511 3506
f 3504 2508 3506
f 2511 2512 3508
f 3506 2511 3508
f 2512 2514 3510
f 3508 2512 3510
f 2514 2517 3512
f 2517 2518 3512
f 3510 2514 3512
f 3512 2518 3566
f 2518 2520 3567
f 3566 2518 3567
f 2520 2529 3515
f 3567 2520 3515
f 2529 2525 3514
f 3515 2529 3514
f 3514 2525 3516
f 2525 2523 3516
f 3516 2523 3517
f 2523 2527 3517
f 3517 2527 3518
f 2527 2531 3518
f 3518 2531 3519
f 2531 2534 3519
f 3519 2534 3520
f 2534 2538 3520
f 3520 2538 3521
f 2538 2541 3521
f 3521 2541 3522
f 2541 2545 3522
f 3522 2545 3523
f 2545 2550 3523
f 3523 2550 3524
f 2550 2428 3524
f 2428 2424 3524
f 3524 2424 3525
f 2424 2420 3525
f 3525 2420 3526
f 3526 2420 3527
f 2420 2416 3527
f 2416 2412 3528
f 3527 2416 3528
f 2412 2408 3529
f 3528 2412 3529
f 2408 2404 3530
f 3529 2408 3530
f 2404 2400 3531
f 3530 2404 3531
f 2400 2396 3532
f 3531 2400 3532
f 2396 2392 3409
f 3532 2396 3409
f 2392 2388 3405
f 3409 2392 3405
f 2388 2384 3401
f 3405 2388 3401
f 2384 2380 3397
f 3401 2384 3397
f 2380 2376 3393
f 2376 2372 3393
f 3397 2380 3393
f 3393 2372 3389
f 2372 2368 3385
f 3389 2372 3385
f 2368 2364 3381
f 3385 2368 3381
f 2364 2360 3377
f 3381 2364 3377
f 3377 2360 3373
f 2360 2356 3373
f 3373 2356 3369
f 2356 2352 3369
f 3369 2352 3365
f 2352 2348 3365
f 3365 2348 3361
f 2348 2344 3361
f 3361 2344 3357
f 2344 2340 3357
f 2340 2336 3357
f 3357 2336 3353
f 3353 2336 3349
f 2336 2332 3349
f 3349 2332 3345
f 2332 2328 3345
f 3345 2328 3341
f 2328 2324 3341
f 3341 2324 3337
f 2324 2320 3337
f 3337 2320 3333
f 2320 2316 3333
f 3333 2316 3329
f 2316 2312 3329
f 3329 2312 3325
f 2312 2308 3325
f 3325 2308 3311
f 2308 2294 3311
f 3311 2294 3309
f 2294 2293 3309
f 3309 2293 3307
f 2293 2291 3307
f 3307 2291 3305
f 2291 2289 3305
f 3305 2289 3303
f 2289 2287 3303
f 3303 2287 3301
f 2287 2285 3301
f 3301 2285 3299
f 2285 2283 3299
f 3299 2283 3297
f 2283 2281 3297
f 2281 2279 3295
f 3297 2281 3295
f 2279 2277 3293
f 3295 2279 3293
f 2277 2275 3291
f 3293 2277 3291
f 2275 2273 3289
f 3291 2275 3289
f 3289 2273 3286
f 2273 2270 3286
f 3286 2270 3283
f 2270 2266 3283
f 3283 2266 3280
f 2266 2263 3280
f 3280 2263 3277
f 2263 2261 3277
f 3277 2261 3273
f 2261 2257 3273
f 3273 2257 3269
f 2257 2253 3269
f 3269 2253 3265
f 2253 2249 3265
f 3265 2249 3261
f 2249 2245 3261
f 3261 2245 3257
f 2245 2241 3257
f 3257 2241 3253
f 2241 2237 3253
f 3253 2237 3249
f 2237 2232 3249
f 3249 2232 3245
f 2232 2228 3245
f 2228 2225 3245
f 3245 2225 3241
f 2225 2220 3237
f 3241 2225 3237
f 2220 2216 3233
f 3237 2220 3233
f 2216 2212 3229
f 3233 2216 3229
f 2212 2209 3225
f 3229 2212 3225
f 2209 2206 3222
f 3225 2209 3222
f 2206 2210 3227
f 3222 2206 3227
f 2210 2214 3231
f 3227 2210 3231
f 2214 2218 3235
f 3231 2214 3235
f 2218 2222 3239
f 3235 2218 3239
f 2222 2226 3243
f 3239 2222 3243
f 2226 2230 3247
f 3243 2226 3247
f 2230 2234 3251
f 3247 2230 3251
f 2234 2238 3255
f 3251 2234 3255
f 3255 2238 3259
f 2238 2242 3259
f 3259 2242 3263
f 2242 2246 3263
f 3263 2246 3267
f 2246 2250 3267
f 3267 2250 3271
f 2250 2254 3271
f 2254 2258 3275
f 3271 2254 3275
f 2258 2262 3279
f 3275 2258 3279
f 2262 2265 3282
f 3279 2262 3282
f 2265 2268 3285
f 3282 2265 3285
f 2268 2271 3288
f 3285 2268 3288
f 2271 2476 3471
f 3288 2271 3471
f 2476 2472 3467
f 3471 2476 3467
f 2472 2468 3463
f 3467 2472 3463
f 2468 2464 3459
f 3463 2468 3459
f 2464 2460 3455
f 3459 2464 3455
f 2460 2456 3451
f 3455 2460 3451
f 2456 2452 3447
f 3451 2456 3447
f 2452 2448 3443
f 3447 2452 3443
f 2448 2444 3439
f 3443 2448 3439
f 2444 2442 3438
f 3439 2444 3438
f 2442 2446 3441
f 3438 2442 3441
f 2446 2449 3445
f 3441 2446 3445
f 2449 2454 3449
f 3445 2449 3449
f 2454 2458 3453
f 3449 2454 3453
f 2458 2461 3457
f 3453 2458 3457
f 3457 2461 3461
f 2461 2465 3461
f 3461 2465 3465
f 2465 2470 3465
f 3465 2470 3469
f 2470 2474 3469
f 3469 2474 3473
f 2474 2478 3473
f 3473 2478 3476
f 2478 2480 3476
f 3476 2480 3479
f 2480 2484 3479
f 3479 2484 3482
f 2484 2487 3482
f 3482 2487 3485
f 2487 2490 3485
f 3485 2490 3488
f 2490 2493 3488
f 3488 2493 3490
f 2493 2495 3490
f 3490 2495 3492
f 2495 2497 3492
f 3492 2497 3494
f 2497 2499 3494
f 3494 2499 3496
f 2499 2501 3496
f 2501 2502 3498
f 3496 2501 3498
f 2502 2504 3500
f 3498 2502 3500
f 3755 2718 3757
f 2718 2720 3757
f 2720 2722 3759
f 3757 2720 3759
f 2722 2723 3761
f 3759 2722 3761
f 2723 2726 3763
f 3761 2723 3763
f 2726 2750 3786
f 3763 2726 3786
f 2750 2753 3789
f 2753 2756 3789
f 3786 2750 3789
f 3789 2756 3792
f 2756 2759 3795
f 3792 2756 3795
f 2759 2762 3798
f 3795 2759 3798
f 2762 2764 3801
f 3798 2762 3801
f 3801 2764 3804
f 2764 2768 3804
f 3804 2768 3807
f 2768 2770 3807
f 3807 2770 3810
f 2770 2774 3810
f 3810 2774 3813
f 2774 2776 3813
f 3813 2776 3816
f 2776 2780 3816
f 3816 2780 3819
f 2780 2783 3819
f 3819 2783 3822
f 2783 2785 3822
f 3822 2785 3825
f 2785 2789 3825
f 3825 2789 3694
f 2789 2656 3694
f 2656 2652 3694
f 3694 2652 3691
f 2652 2648 3691
f 3691 2648 3688
f 3688 2648 3685
f 2648 2644 3685
f 2644 2640 3680
f 3685 2644 3680
f 2640 2636 3678
f 3680 2640 3678
f 2636 2632 3675
f 3678 2636 3675
f 2632 2628 3672
f 3675 2632 3672
f 2628 2624 3669
f 3672 2628 3669
f 2624 2620 3666
f 3669 2624 3666
f 2620 2616 3663
f 3666 2620 3663
f 2616 2612 3660
f 3663 2616 3660
f 2612 2608 3657
f 3660 2612 3657
f 2608 2604 3654
f 2604 2600 3654
f 3657 2608 3654
f 3654 2600 3651
f 2600 2596 3648
f 3651 2600 3648
f 2596 2592 3645
f 3648 2596 3645
f 2592 2588 3642
f 3645 2592 3642
f 3642 2588 3639
f 2588 2584 3639
f 3639 2584 3636
f 2584 2580 3636
f 3636 2580 3633
f 2580 2576 3633
f 3633 2576 3630
f 2576 2572 3630
f 3630 2572 3627
f 2572 2568 3627
f 2568 2564 3627
f 3627 2564 3624
f 3624 2564 3621
f 2564 2560 3621
f 3621 2560 3618
f 2560 2556 3618
f 3618 2556 3615
f 2556 2552 3615
f 3615 2552 3560
f 2552 2548 3560
f 3560 2548 3559
f 2548 2544 3559
f 3559 2544 3561
f 2544 2540 3561
f 3561 2540 3562
f 2540 2536 3562
f 3562 2536 3563
f 2536 2522 3563
f 3563 2522 3564
f 2522 2521 3564
f 3564 2521 3565
f 2521 2519 3565
f 3565 2519 3511
f 2519 2516 3511
f 3511 2516 3509
f 2516 2515 3509
f 3509 2515 3507
f 2515 2513 3507
f 3507 2513 3505
f 2513 2510 3505
f 3505 2510 3503
f 2510 2509 3503
f 2509 2507 3501
f 3503 2509 3501
f 2507 2505 3499
f 3501 2507 3499
f 2505 2503 3497
f 3499 2505 3497
f 2503 2500 3495
f 3497 2503 3495
f 3495 2500 3493
f 2500 2498 3493
f 3493 2498 3491
f 2498 2496 3491
f 3491 2496 3489
f 2496 2494 3489
f 3489 2494 3487
f 2494 2492 3487
f 3487 2492 3484
f 2492 2489 3484
f 3484 2489 3481
f 2489 2486 3481
f 3481 2486 3478
f 2486 2483 3478
f 3478 2483 3475
f 2483 2481 3475
f 3475 2481 3472
f 2481 2477 3472
f 3472 2477 3468
f 2477 2473 3468
f 3468 2473 3464
f 2473 2469 3464
f 3464 2469 3460
f 2469 2466 3460
f 2466 2462 3460
f 3460 2462 3456
f 2462 2457 3452
f 3456 2462 3452
f 2457 2453 3448
f 3452 2457 3448
f 2453 2450 3444
f 3448 2453 3444
f 2450 2445 3440
f 3444 2450 3440
f 2445 2443 3437
f 3440 2445 3437
f 2443 2447 3442
f 3437 2443 3442
f 2447 2451 3446
f 3442 2447 3446
f 2451 2455 3450
f 3446 2451 3450
f 2455 2459 3454
f 3450 2455 3454
f 2459 2463 3458
f 3454 2459 3458
f 2463 2467 3462
f 3458 2463 3462
f 2467 2471 3466
f 3462 2467 3466
f 2471 2475 3470
f 3466 2471 3470
f 3470 2475 3474
f 2475 2479 3474
f 3474 2479 3477
f 2479 2482 3477
f 3477 2482 3480
f 2482 2485 3480
f 3480 2485 3483
f 2485 2488 3483
f 2488 2491 3486
f 3483 2488 3486
f 2491 2727 3764
f 3486 2491 3764
f 2727 2729 3765
f 3764 2727 3765
f 2729 2730 3766
f 3765 2729 3766
f 2730 2731 3767
f 3766 2730 3767
f 2731 2732 3768
f 3767 2731 3768
f 2732 2733 3769
f 3768 2732 3769
f 2733 2734 3770
f 3769 2733 3770
f 2734 2735 3771
f 3770 2734 3771
f 2735 2736 3772
f 3771 2735 3772
f 2736 2737 3773
f 3772 2736 3773
f 2737 2738 3774
f 3773 2737 3774
f 2738 2739 3775
f 3774 2738 3775
f 2739 2740 3776
f 3775 2739 3776
f 2740 2741 3777
f 3776 2740 3777
f 2741 2742 3778
f 3777 2741 3778
f 2742 2711 3748
f 3778 2742 3748
f 2711 2707 3744
f 3748 2711 3744
f 2707 2703 3740
f 3744 2707 3740
f 2703 2699 3736
f 3740 2703 3736
f 3736 2699 3732
f 2699 2695 3732
f 3732 2695 3728
f 2695 2691 3728
f 3728 2691 3724
f 2691 2687 3724
f 3724 2687 3720
f 2687 2683 3720
f 3720 2683 3719
f 2683 2681 3719
f 3719 2681 3722
f 2681 2685 3722
f 3722 2685 3726
f 2685 2689 3726
f 3726 2689 3730
f 2689 2692 3730
f 3730 2692 3734
f 2692 2697 3734
f 3734 2697 3738
f 2697 2701 3738
f 3738 2701 3742
f 2701 2704 3742
f 3742 2704 3746
f 2704 2709 3746
f 3746 2709 3750
f 2709 2713 3750
f 2713 2716 3753
f 3750 2713 3753
f 2716 2718 3755
f 3753 2716 3755
f 3846 2810 3847
f 2810 2811 3847
f 2811 2812 3848
f 3847 2811 3848
f 2812 2813 3849
f 3848 2812 3849
f 2813 2814 4017
f 3849 2813 4017
f 2814 2815 4018
f 4017 2814 4018
f 2815 2816 4019
f 2816 2817 4019
f 4018 2815 4019
f 4019 2817 4020
f 2817 3001 4021
f 4020 2817 4021
f 3001 3003 4022
f 4021 3001 4022
f 3003 3005 4023
f 4022 3003 4023
f 4023 3005 4024
f 3005 3007 4024
f 4024 3007 4025
f 3007 3009 4025
f 4025 3009 4016
f 3009 3011 4016
f 4016 3011 3972
f 3011 3014 3972
f 3972 3014 3971
f 3014 3017 3971
f 3971 3017 3973
f 3017 2963 3973
f 3973 2963 3975
f 2963 2959 3975
f 3975 2959 3977
f 2959 2955 3977
f 3977 2955 3979
f 2955 2951 3979
f 2951 2947 3979
f 3979 2947 3981
f 2947 2943 3981
f 3981 2943 3983
f 3983 2943 3985
f 2943 2939 3985
f 2939 2935 3987
f 3985 2939 3987
f 2935 2931 3989
f 3987 2935 3989
f 2931 2927 3991
f 3989 2931 3991
f 2927 2923 3992
f 3991 2927 3992
f 2923 2919 3993
f 3992 2923 3993
f 2919 2915 3994
f 3993 2919 3994
f 2915 2911 3995
f 3994 2915 3995
f 2911 2907 3996
f 3995 2911 3996
f 2907 2903 3997
f 3996 2907 3997
f 2903 2899 3931
f 2899 2895 3931
f 3997 2903 3931
f 3931 2895 3927
f 2895 2891 3923
f 3927 2895 3923
f 2891 2887 3919
f 3923 2891 3919
f 2887 2883 3915
f 3919 2887 3915
f 3915 2883 3911
f 2883 2879 3911
f 3911 2879 3907
f 2879 2875 3907
f 3907 2875 3903
f 2875 2871 3903
f 3903 2871 3899
f 2871 2867 3899
f 3899 2867 3895
f 2867 2863 3895
f 2863 2859 3895
f 3895 2859 3891
f 3891 2859 3887
f 2859 2855 3887
f 3887 2855 3883
f 2855 2851 3883
f 3883 2851 3879
f 2851 2847 3879
f 3879 2847 3875
f 2847 2843 3875
f 3875 2843 3871
f 2843 2839 3871
f 3871 2839 3867
f 2839 2835 3867
f 3867 2835 3863
f 2835 2831 3863
f 3863 2831 3827
f 2831 2791 3827
f 3827 2791 3824
f 2791 2788 3824
f 3824 2788 3821
f 2788 2786 3821
f 3821 2786 3818
f 2786 2782 3818
f 3818 2782 3815
f 2782 2779 3815
f 3815 2779 3812
f 2779 2777 3812
f 3812 2777 3809
f 2777 2773 3809
f 3809 2773 3806
f 2773 2771 3806
f 2771 2767 3803
f 3806 2771 3803
f 2767 2765 3800
f 3803 2767 3800
f 2765 2761 3797
f 3800 2765 3797
f 2761 2758 3794
f 3797 2761 3794
f 3794 2758 3791
f 2758 2755 3791
f 3791 2755 3788
f 2755 2752 3788
f 3788 2752 3785
f 2752 2749 3785
f 3785 2749 3762
f 2749 2725 3762
f 3762 2725 3760
f 2725 2724 3760
f 3760 2724 3758
f 2724 2721 3758
f 3758 2721 3756
f 2721 2719 3756
f 3756 2719 3754
f 2719 2717 3754
f 3754 2717 3752
f 2717 2715 3752
f 3752 2715 3749
f 2715 2712 3749
f 3749 2712 3745
f 2712 2708 3745
f 3745 2708 3741
f 2708 2705 3741
f 2705 2700 3741
f 3741 2700 3737
f 2700 2696 3733
f 3737 2700 3733
f 2696 2693 3729
f 3733 2696 3729
f 2693 2688 3725
f 3729 2693 3725
f 2688 2684 3721
f 3725 2688 3721
f 2684 2682 3718
f 3721 2684 3718
f 2682 2686 3723
f 3718 2682 3723
f 2686 2690 3727
f 3723 2686 3727
f 2690 2694 3731
f 3727 2690 3731
f 2694 2698 3735
f 3731 2694 3735
f 2698 2702 3739
f 3735 2698 3739
f 2702 2706 3743
f 3739 2702 3743
f 2706 2710 3747
f 3743 2706 3747
f 2710 2714 3751
f 3747 2710 3751
f 3751 2714 3779
f 2714 2743 3779
f 3779 2743 3780
f 2743 2744 3780
f 3780 2744 3781
f 2744 2745 3781
f 3781 2745 3782
f 2745 2746 3782
f 2746 2747 3783
f 3782 2746 3783
f 2747 2748 3784
f 3783 2747 3784
f 2748 2751 3787
f 3784 2748 3787
f 2751 2754 3790
f 3787 2751 3790
f 2754 2757 3793
f 3790 2754 3793
f 2757 2760 3796
f 3793 2757 3796
f 2760 2763 3799
f 3796 2760 3799
f 2763 2766 3802
f 3799 2763 3802
f 2766 2769 3805
f 3802 2766 3805
f 2769 2772 3808
f 3805 2769 3808
f 2772 2775 3811
f 3808 2772 3811
f 2775 2778 3814
f 3811 2775 3814
f 2778 2781 3817
f 3814 2778 3817
f 2781 2784 3820
f 3817 2781 3820
f 2784 2787 3823
f 3820 2784 3823
f 2787 2790 3826
f 3823 2787 3826
f 2790 2792 3828
f 3826 2790 3828
f 2792 2793 3829
f 3828 2792 3829
f 2793 2794 3830
f 3829 2793 3830
f 2794 2795 3831
f 3830 2794 3831
f 3831 2795 3832
f 2795 2796 3832
f 3832 2796 3833
f 2796 2797 3833
f 3833 2797 3834
f 2797 2798 3834
f 3834 2798 3835
f 2798 2799 3835
f 3835 2799 3836
f 2799 2800 3836
f 3836 2800 3837
f 2800 2801 3837
f 3837 2801 3838
f 2801 2802 3838
f 3838 2802 3839
f 2802 2803 3839
f 3839 2803 3840
f 2803 2804 3840
f 3840 2804 3841
f 2804 2805 3841
f 3841 2805 3842
f 2805 2806 3842
f 3842 2806 3843
f 2806 2807 3843
f 3843 2807 3844
f 2807 2808 3844
f 2808 2809 3845
f 3844 2808 3845
f 2809 2810 3846
f 3845 2809 3846
f 3351 2333 3355
f 2333 2337 3355
f 2337 2341 3359
f 3355 2337 3359
f 2341 2346 3363
f 3359 2341 3363
f 2346 2349 3367
f 3363 2346 3367
f 2349 2353 3371
f 3367 2349 3371
f 2353 2357 3375
f 2357 2361 3375
f 3371 2353 3375
f 3375 2361 3379
f 2361 2365 3383
f 3379 2361 3383
f 2365 2369 3387
f 3383 2365 3387
f 2369 2373 3391
f 3387 2369 3391
f 3391 2373 3395
f 2373 2377 3395
f 3395 2377 3399
f 2377 2381 3399
f 3399 2381 3403
f 2381 2385 3403
f 3403 2385 3407
f 2385 2389 3407
f 3407 2389 3411
f 2389 2393 3411
f 3411 2393 3414
f 2393 2397 3414
f 3414 2397 3416
f 2397 2402 3416
f 3416 2402 3418
f 2402 2405 3418
f 3418 2405 3420
f 2405 2409 3420
f 2409 2413 3420
f 3420 2413 3422
f 2413 2417 3422
f 3422 2417 3194
f 3194 2417 3193
f 2417 2421 3193
f 2421 2425 3195
f 3193 2421 3195
f 2425 2204 3196
f 3195 2425 3196
f 2204 2203 3197
f 3196 2204 3197
f 2203 2202 3198
f 3197 2203 3198
f 2202 2201 3199
f 3198 2202 3199
f 2201 2200 3200
f 3199 2201 3200
f 2200 2199 3201
f 3200 2200 3201
f 2199 2198 3202
f 3201 2199 3202
f 2198 2197 3203
f 3202 2198 3203
f 2197 2196 3204
f 2196 2195 3204
f 3203 2197 3204
f 3204 2195 3205
f 2195 2194 3206
f 3205 2195 3206
f 2194 2193 3207
f 3206 2194 3207
f 2193 2192 3208
f 3207 2193 3208
f 3208 2192 3209
f 2192 2191 3209
f 3209 2191 3210
f 2191 2190 3210
f 3210 2190 3211
f 2190 2189 3211
f 3211 2189 3212
f 2189 2188 3212
f 3212 2188 3213
f 2188 2187 3213
f 2187 2186 3213
f 3213 2186 3214
f 3214 2186 3215
f 2186 2185 3215
f 3215 2185 3216
f 2185 2184 3216
f 3216 2184 3217
f 2184 2182 3217
f 3217 2182 3218
f 2182 2179 3218
f 3218 2179 3219
f 2179 2176 3219
f 3219 2176 3220
f 2176 2173 3220
f 3220 2173 3221
f 2173 2170 3221
f 3221 2170 3180
f 2170 2150 3180
f 3180 2150 3177
f 2150 2149 3177
f 3177 2149 3174
f 2149 2151 3174
f 3174 2151 3171
f 2151 2152 3171
f 3171 2152 3168
f 2152 2153 3168
f 3168 2153 3165
f 2153 2154 3165
f 3165 2154 3162
f 2154 2155 3162
f 3162 2155 3159
f 2155 2156 3159
f 2156 2157 3156
f 3159 2156 3156
f 2157 2158 3153
f 3156 2157 3153
f 2158 2159 3150
f 3153 2158 3150
f 2159 2160 3147
f 3150 2159 3147
f 3147 2160 3144
f 2160 2161 3144
f 3144 2161 3141
f 2161 2162 3141
f 3141 2162 3138
f 2162 2163 3138
f 3138 2163 3135
f 2163 2164 3135
f 3135 2164 3132
f 2164 2165 3132
f 3132 2165 3129
f 2165 2166 3129
f 3129 2166 3126
f 2166 2167 3126
f 3126 2167 3123
f 2167 2168 3123
f 3123 2168 3121
f 2168 2169 3121
f 3121 2169 3119
f 2169 2104 3119
f 3119 2104 3117
f 2104 2101 3117
f 3117 2101 3115
f 2101 2098 3115
f 2098 2095 3115
f 3115 2095 3113
f 2095 2092 3111
f 3113 2095 3111
f 2092 2089 3109
f 3111 2092 3109
f 2089 2086 3107
f 3109 2089 3107
f 2086 2083 3104
f 3107 2086 3104
f 2083 2081 3105
f 3104 2083 3105
f 2081 2084 3106
f 3105 2081 3106
f 2084 2087 3108
f 3106 2084 3108
f 2087 2090 3110
f 3108 2087 3110
f 2090 2093 3112
f 3110 2090 3112
f 2093 2096 3114
f 3112 2093 3114
f 2096 2099 3116
f 3114 2096 3116
f 2099 2102 3118
f 3116 2099 3118
f 2102 2105 3120
f 3118 2102 3120
f 3120 2105 3122
f 2105 2107 3122
f 3122 2107 3124
f 2107 2109 3124
f 3124 2109 3127
f 2109 2111 3127
f 3127 2111 3130
f 2111 2113 3130
f 2113 2115 3133
f 3130 2113 3133
f 2115 2117 3136
f 3133 2115 3136
f 2117 2119 3139
f 3136 2117 3139
f 2119 2121 3142
f 3139 2119 3142
f 2121 2123 3145
f 3142 2121 3145
f 2123 2125 3148
f 3145 2123 3148
f 2125 2127 3151
f 3148 2125 3151
f 2127 2129 3154
f 3151 2127 3154
f 2129 2131 3157
f 3154 2129 3157
f 2131 2133 3160
f 3157 2131 3160
f 2133 2135 3163
f 3160 2133 3163
f 2135 2137 3166
f 3163 2135 3166
f 2137 2139 3169
f 3166 2137 3169
f 2139 2141 3172
f 3169 2139 3172
f 2141 2143 3175
f 3172 2141 3175
f 2143 2145 3178
f 3175 2143 3178
f 2145 2147 3181
f 3178 2145 3181
f 2147 2171 3183
f 3181 2147 3183
f 2171 2174 3185
f 3183 2171 3185
f 2174 2177 3187
f 3185 2174 3187
f 3187 2177 3189
f 2177 2180 3189
f 3189 2180 3191
f 2180 2183 3191
f 3191 2183 3318
f 2183 2301 3318
f 3318 2301 3314
f 2301 2297 3314
f 3314 2297 3313
f 2297 2295 3313
f 3313 2295 3316
f 2295 2298 3316
f 3316 2298 3320
f 2298 2303 3320
f 3320 2303 3323
f 2303 2306 3323
f 3323 2306 3327
f 2306 2310 3327
f 3327 2310 3331
f 2310 2313 3331
f 3331 2313 3335
f 2313 2317 3335
f 3335 2317 3339
f 2317 2321 3339
f 3339 2321 3343
f 2321 2325 3343
f 2325 2329 3347
f 3343 2325 3347
f 2329 2333 3351
f 3347 2329 3351
f 3534 2602 3533
f 2602 2605 3533
f 2605 2609 3535
f 3533 2605 3535
f 2609 2613 3536
f 3535 2609 3536
f 2613 2617 3569
f 3536 2613 3569
f 2617 2621 3570
f 3569 2617 3570
f 2621 2625 3571
f 2625 2629 3571
f 3570 2621 3571
f 3571 2629 3572
f 2629 2633 3573
f 3572 2629 3573
f 2633 2637 3574
f 3573 2633 3574
f 2637 2641 3575
f 3574 2637 3575
f 3575 2641 3576
f 2641 2645 3576
f 3576 2645 3577
f 2645 2649 3577
f 3577 2649 3578
f 2649 2654 3578
f 3578 2654 3579
f 2654 2657 3579
f 3579 2657 3580
f 2657 2660 3580
f 3580 2660 3581
f 2660 2663 3581
f 3581 2663 3582
f 2663 2664 3582
f 3582 2664 3583
f 2664 2667 3583
f 3583 2667 3584
f 2667 2669 3584
f 2669 2671 3584
f 3584 2671 3585
f 2671 2672 3585
f 3585 2672 3586
f 3586 2672 3587
f 2672 2674 3587
f 2674 2677 3588
f 3587 2674 3588
f 2677 2679 3589
f 3588 2677 3589
f 2679 3037 3590
f 3589 2679 3590
f 3037 3036 3591
f 3590 3037 3591
f 3036 3035 3592
f 3591 3036 3592
f 3035 3034 3593
f 3592 3035 3593
f 3034 3033 3594
f 3593 3034 3594
f 3033 3032 3595
f 3594 3033 3595
f 3032 3031 3596
f 3595 3032 3596
f 3031 3029 3597
f 3029 3030 3597
f 3596 3031 3597
f 3597 3030 3598
f 3030 2441 3599
f 3598 3030 3599
f 2441 2440 3436
f 3599 2441 3436
f 2440 2439 3435
f 3436 2440 3435
f 3435 2439 3434
f 2439 2438 3434
f 3434 2438 3433
f 2438 2437 3433
f 3433 2437 3432
f 2437 2436 3432
f 3432 2436 3431
f 2436 2435 3431
f 3431 2435 3430
f 2435 2434 3430
f 2434 2433 3430
f 3430 2433 3429
f 3429 2433 3428
f 2433 2432 3428
f 3428 2432 3427
f 2432 2431 3427
f 3427 2431 3426
f 2431 2429 3426
f 3426 2429 3425
f 2429 2426 3425
f 3425 2426 3424
f 2426 2422 3424
f 3424 2422 3423
f 2422 2418 3423
f 3423 2418 3421
f 2418 2414 3421
f 3421 2414 3419
f 2414 2410 3419
f 3419 2410 3417
f 2410 2406 3417
f 3417 2406 3415
f 2406 2401 3415
f 3415 2401 3413
f 2401 2398 3413
f 3413 2398 3410
f 2398 2394 3410
f 3410 2394 3406
f 2394 2390 3406
f 3406 2390 3402
f 2390 2386 3402
f 3402 2386 3398
f 2386 2382 3398
f 2382 2378 3394
f 3398 2382 3394
f 2378 2374 3390
f 3394 2378 3390
f 2374 2370 3386
f 3390 2374 3386
f 2370 2366 3382
f 3386 2370 3382
f 3382 2366 3378
f 2366 2362 3378
f 3378 2362 3374
f 2362 2358 3374
f 3374 2358 3370
f 2358 2354 3370
f 3370 2354 3366
f 2354 2350 3366
f 3366 2350 3362
f 2350 2345 3362
f 3362 2345 3358
f 2345 2342 3358
f 3358 2342 3354
f 2342 2338 3354
f 3354 2338 3350
f 2338 2334 3350
f 3350 2334 3346
f 2334 2330 3346
f 3346 2330 3342
f 2330 2326 3342
f 3342 2326 3338
f 2326 2322 3338
f 3338 2322 3334
f 2322 2318 3334
f 2318 2314 3334
f 3334 2314 3330
f 2314 2309 3326
f 3330 2314 3326
f 2309 2305 3322
f 3326 2309 3322
f 2305 2302 3319
f 3322 2305 3319
f 2302 2299 3315
f 3319 2302 3315
f 2299 2296 3312
f 3315 2299 3312
f 2296 2300 3317
f 3312 2296 3317
f 2300 2304 3321
f 3317 2300 3321
f 2304 2307 3324
f 3321 2304 3324
f 2307 2311 3328
f 3324 2307 3328
f 2311 2315 3332
f 3328 2311 3332
f 2315 2319 3336
f 3332 2315 3336
f 2319 2323 3340
f 3336 2319 3340
f 2323 2327 3344
f 3340 2323 3344
f 3344 2327 3348
f 2327 2331 3348
f 3348 2331 3352
f 2331 2335 3352
f 3352 2335 3356
f 2335 2339 3356
f 3356 2339 3360
f 2339 2343 3360
f 2343 2347 3364
f 3360 2343 3364
f 2347 2351 3368
f 3364 2347 3368
f 2351 2355 3372
f 3368 2351 3372
f 2355 2359 3376
f 3372 2355 3376
f 2359 2363 3380
f 3376 2359 3380
f 2363 2367 3384
f 3380 2363 3384
f 2367 2371 3388
f 3384 2367 3388
f 2371 2375 3392
f 3388 2371 3392
f 2375 2379 3396
f 3392 2375 3396
f 2379 2383 3400
f 3396 2379 3400
f 2383 2387 3404
f 3400 2383 3404
f 2387 2391 3408
f 3404 2387 3408
f 2391 2395 3412
f 3408 2391 3412
f 2395 2399 3537
f 3412 2395 3537
f 2399 2403 3538
f 3537 2399 3538
f 2403 2407 3539
f 3538 2403 3539
f 2407 2411 3540
f 3539 2407 3540
f 2411 2415 3541
f 3540 2411 3541
f 2415 2419 3542
f 3541 2415 3542
f 2419 2423 3543
f 3542 2419 3543
f 3543 2423 3544
f 2423 2427 3544
f 3544 2427 3545
f 2427 2430 3545
f 3545 2430 3546
f 2430 2554 3546
f 3546 2554 3547
f 2554 2557 3547
f 3547 2557 3548
f 2557 2561 3548
f 3548 2561 3549
f 2561 2565 3549
f 3549 2565 3550
f 2565 2569 3550
f 3550 2569 3551
f 2569 2574 3551
f 3551 2574 3552
f 2574 2578 3552
f 3552 2578 3553
f 2578 2581 3553
f 3553 2581 3554
f 2581 2586 3554
f 3554 2586 3555
f 2586 2590 3555
f 3555 2590 3556
f 2590 2593 3556
f 2593 2598 3557
f 3556 2593 3557
f 2598 2602 3534
f 3557 2598 3534
f 3889 2857 3893
f 2857 2860 3893
f 2860 2864 3897
f 3893 2860 3897
f 2864 2868 3901
f 3897 2864 3901
f 2868 2872 3905
f 3901 2868 3905
f 2872 2877 3909
f 3905 2872 3909
f 2877 2880 3913
f 2880 2885 3913
f 3909 2877 3913
f 3913 2885 3917
f 2885 2889 3921
f 3917 2885 3921
f 2889 2892 3925
f 3921 2889 3925
f 2892 2897 3929
f 3925 2892 3929
f 3929 2897 3933
f 2897 2900 3933
f 3933 2900 3936
f 2900 2905 3936
f 3936 2905 3938
f 2905 2909 3938
f 3938 2909 3940
f 2909 2912 3940
f 3940 2912 3942
f 2912 2916 3942
f 3942 2916 3944
f 2916 2921 3944
f 3944 2921 3946
f 2921 2924 3946
f 3946 2924 3948
f 2924 2929 3948
f 3948 2929 3950
f 2929 2933 3950
f 2933 2937 3950
f 3950 2937 3952
f 2937 2941 3952
f 3952 2941 3954
f 3954 2941 3956
f 2941 2945 3956
f 2945 2949 3958
f 3956 2945 3958
f 2949 2953 3717
f 3958 2949 3717
f 2953 2957 3716
f 3717 2953 3716
f 2957 2961 3715
f 3716 2957 3715
f 2961 2964 3714
f 3715 2961 3714
f 2964 2967 3713
f 3714 2964 3713
f 2967 2969 3712
f 3713 2967 3712
f 2969 2970 3711
f 3712 2969 3711
f 2970 3040 3710
f 3711 2970 3710
f 3040 3038 3709
f 3038 3039 3709
f 3710 3040 3709
f 3709 3039 3708
f 3039 2680 3707
f 3708 3039 3707
f 2680 2678 3706
f 3707 2680 3706
f 2678 2676 3705
f 3706 2678 3705
f 3705 2676 3704
f 2676 2675 3704
f 3704 2675 3703
f 2675 2673 3703
f 3703 2673 3702
f 2673 2670 3702
f 3702 2670 3701
f 2670 2668 3701
f 3701 2668 3700
f 2668 2666 3700
f 2666 2665 3700
f 3700 2665 3699
f 3699 2665 3698
f 2665 2662 3698
f 3698 2662 3697
f 2662 2661 3697
f 3697 2661 3695
f 2661 2658 3695
f 3695 2658 3692
f 2658 2653 3692
f 3692 2653 3689
f 2653 2650 3689
f 3689 2650 3686
f 2650 2646 3686
f 3686 2646 3683
f 2646 2642 3683
f 3683 2642 3682
f 2642 2638 3682
f 3682 2638 3676
f 2638 2634 3676
f 3676 2634 3673
f 2634 2630 3673
f 3673 2630 3670
f 2630 2626 3670
f 3670 2626 3667
f 2626 2622 3667
f 3667 2622 3664
f 2622 2618 3664
f 3664 2618 3661
f 2618 2614 3661
f 3661 2614 3658
f 2614 2610 3658
f 2610 2606 3655
f 3658 2610 3655
f 2606 2601 3652
f 3655 2606 3652
f 2601 2597 3649
f 3652 2601 3649
f 2597 2594 3646
f 3649 2597 3646
f 3646 2594 3643
f 2594 2589 3643
f 3643 2589 3640
f 2589 2585 3640
f 3640 2585 3637
f 2585 2582 3637
f 3637 2582 3634
f 2582 2577 3634
f 3634 2577 3631
f 2577 2573 3631
f 3631 2573 3628
f 2573 2570 3628
f 3628 2570 3625
f 2570 2566 3625
f 3625 2566 3622
f 2566 2562 3622
f 3622 2562 3619
f 2562 2558 3619
f 3619 2558 3616
f 2558 2553 3616
f 3616 2553 3613
f 2553 2549 3613
f 3613 2549 3611
f 2549 2546 3611
f 2546 2542 3611
f 3611 2542 3609
f 2542 2537 3607
f 3609 2542 3607
f 2537 2533 3605
f 3607 2537 3605
f 2533 2530 3603
f 3605 2533 3603
f 2530 2526 3600
f 3603 2530 3600
f 2526 2524 3601
f 3600 2526 3601
f 2524 2528 3602
f 3601 2524 3602
f 2528 2532 3604
f 3602 2528 3604
f 2532 2535 3606
f 3604 2532 3606
f 2535 2539 3608
f 3606 2535 3608
f 2539 2543 3610
f 3608 2539 3610
f 2543 2547 3612
f 3610 2543 3612
f 2547 2551 3614
f 3612 2547 3614
f 2551 2555 3617
f 3614 2551 3617
f 3617 2555 3620
f 2555 2559 3620
f 3620 2559 3623
f 2559 2563 3623
f 3623 2563 3626
f 2563 2567 3626
f 3626 2567 3629
f 2567 2571 3629
f 2571 2575 3632
f 3629 2571 3632
f 2575 2579 3635
f 3632 2575 3635
f 2579 2583 3638
f 3635 2579 3638
f 2583 2587 3641
f 3638 2583 3641
f 2587 2591 3644
f 3641 2587 3644
f 2591 2595 3647
f 3644 2591 3647
f 2595 2599 3650
f 3647 2595 3650
f 2599 2603 3653
f 3650 2599 3653
f 2603 2607 3656
f 3653 2603 3656
f 2607 2611 3659
f 3656 2607 3659
f 2611 2615 3662
f 3659 2611 3662
f 2615 2619 3665
f 3662 2615 3665
f 2619 2623 3668
f 3665 2619 3668
f 2623 2627 3671
f 3668 2623 3671
f 2627 2631 3674
f 3671 2627 3674
f 2631 2635 3677
f 3674 2631 3677
f 2635 2639 3679
f 3677 2635 3679
f 2639 2643 3684
f 3679 2639 3684
f 2643 2647 3687
f 3684 2643 3687
f 2647 2651 3690
f 3687 2647 3690
f 3690 2651 3693
f 2651 2655 3693
f 3693 2655 3696
f 2655 2659 3696
f 3696 2659 3856
f 2659 2824 3856
f 3856 2824 3852
f 2824 2820 3852
f 3852 2820 3851
f 2820 2818 3851
f 3851 2818 3854
f 2818 2822 3854
f 3854 2822 3858
f 2822 2825 3858
f 3858 2825 3861
f 2825 2829 3861
f 3861 2829 3865
f 2829 2833 3865
f 3865 2833 3869
f 2833 2837 3869
f 3869 2837 3873
f 2837 2841 3873
f 3873 2841 3877
f 2841 2845 3877
f 3877 2845 3881
f 2845 2849 3881
f 2849 2853 3885
f 3881 2849 3885
f 2853 2857 3889
f 3885 2853 3889
f 3990 2979 4000
f 2979 2993 4000
f 2993 2994 4002
f 4000 2993 4002
f 2994 2995 4004
f 4002 2994 4004
f 2995 2996 4051
f 4004 2995 4051
f 2996 2997 4052
f 4051 2996 4052
f 2997 2998 4053
f 2998 2999 4053
f 4052 2997 4053
f 4053 2999 4054
f 2999 3000 4055
f 4054 2999 4055
f 3000 3002 4056
f 4055 3000 4056
f 3002 3004 4057
f 4056 3002 4057
f 4057 3004 4058
f 3004 3006 4058
f 4058 3006 4059
f 3006 3008 4059
f 4059 3008 4060
f 3008 3010 4060
f 4060 3010 4028
f 3010 3012 4028
f 4028 3012 4027
f 3012 3015 4027
f 4027 3015 4029
f 3015 3018 4029
f 4029 3018 4030
f 3018 3020 4030
f 4030 3020 4031
f 3020 3022 4031
f 4031 3022 4032
f 3022 3024 4032
f 3024 3026 4032
f 4032 3026 4033
f 3026 3028 4033
f 4033 3028 4034
f 4034 3028 4035
f 3028 2976 4035
f 2976 2975 4036
f 4035 2976 4036
f 2975 2978 4037
f 4036 2975 4037
f 2978 2980 4038
f 4037 2978 4038
f 2980 2981 4039
f 4038 2980 4039
f 2981 2982 4040
f 4039 2981 4040
f 2982 2983 4041
f 4040 2982 4041
f 2983 2984 4042
f 4041 2983 4042
f 2984 2985 4043
f 4042 2984 4043
f 2985 2986 4044
f 4043 2985 4044
f 2986 2987 4045
f 2987 2988 4045
f 4044 2986 4045
f 4045 2988 4046
f 2988 2989 4047
f 4046 2988 4047
f 2989 2990 4048
f 4047 2989 4048
f 2990 2991 4049
f 4048 2990 4049
f 4049 2991 4050
f 2991 2992 4050
f 4050 2992 3966
f 2992 2972 3966
f 3966 2972 3965
f 2972 2971 3965
f 3965 2971 3964
f 2971 2968 3964
f 3964 2968 3963
f 2968 2966 3963
f 2966 2965 3963
f 3963 2965 3962
f 3962 2965 3961
f 2965 2960 3961
f 3961 2960 3960
f 2960 2956 3960
f 3960 2956 3959
f 2956 2952 3959
f 3959 2952 3957
f 2952 2948 3957
f 3957 2948 3955
f 2948 2944 3955
f 3955 2944 3953
f 2944 2940 3953
f 3953 2940 3951
f 2940 2936 3951
f 3951 2936 3949
f 2936 2932 3949
f 3949 2932 3947
f 2932 2928 3947
f 3947 2928 3945
f 2928 2925 3945
f 3945 2925 3943
f 2925 2920 3943
f 3943 2920 3941
f 2920 2917 3941
f 3941 2917 3939
f 2917 2913 3939
f 3939 2913 3937
f 2913 2908 3937
f 3937 2908 3935
f 2908 2904 3935
f 2904 2901 3932
f 3935 2904 3932
f 2901 2896 3928
f 3932 2901 3928
f 2896 2893 3924
f 3928 2896 3924
f 2893 2888 3920
f 3924 2893 3920
f 3920 2888 3916
f 2888 2884 3916
f 3916 2884 3912
f 2884 2881 3912
f 3912 2881 3908
f 2881 2876 3908
f 3908 2876 3904
f 2876 2873 3904
f 3904 2873 3900
f 2873 2869 3900
f 3900 2869 3896
f 2869 2865 3896
f 3896 2865 3892
f 2865 2861 3892
f 3892 2861 3888
f 2861 2856 3888
f 3888 2856 3884
f 2856 2852 3884
f 3884 2852 3880
f 2852 2848 3880
f 3880 2848 3876
f 2848 2844 3876
f 3876 2844 3872
f 2844 2840 3872
f 2840 2836 3872
f 3872 2836 3868
f 2836 2832 3864
f 3868 2836 3864
f 2832 2828 3860
f 3864 2832 3860
f 2828 2826 3857
f 3860 2828 3857
f 2826 2821 3853
f 3857 2826 3853
f 2821 2819 3850
f 3853 2821 3850
f 2819 2823 3855
f 3850 2819 3855
f 2823 2827 3859
f 3855 2823 3859
f 2827 2830 3862
f 3859 2827 3862
f 2830 2834 3866
f 3862 2830 3866
f 2834 2838 3870
f 3866 2834 3870
f 2838 2842 3874
f 3870 2838 3874
f 2842 2846 3878
f 3874 2842 3878
f 2846 2850 3882
f 3878 2846 3882
f 3882 2850 3886
f 2850 2854 3886
f 3886 2854 3890
f 2854 2858 3890
f 3890 2858 3894
f 2858 2862 3894
f 3894 2862 3898
f 2862 2866 3898
f 2866 2870 3902
f 3898 2866 3902
f 2870 2874 3906
f 3902 2870 3906
f 2874 2878 3910
f 3906 2874 3910
f 2878 2882 3914
f 3910 2878 3914
f 2882 2886 3918
f 3914 2882 3918
f 2886 2890 3922
f 3918 2886 3922
f 2890 2894 3926
f 3922 2890 3926
f 2894 2898 3930
f 3926 2894 3930
f 2898 2902 3934
f 3930 2898 3934
f 2902 2906 3998
f 3934 2902 3998
f 2906 2910 3999
f 3998 2906 3999
f 2910 2914 4001
f 3999 2910 4001
f 2914 2918 4003
f 4001 2914 4003
f 2918 2922 4005
f 4003 2918 4005
f 2922 2926 4006
f 4005 2922 4006
f 2926 2930 4007
f 4006 2926 4007
f 2930 2934 4008
f 4007 2930 4008
f 2934 2938 4009
f 4008 2934 4009
f 2938 2942 4010
f 4009 2938 4010
f 2942 2946 4011
f 4010 2942 4011
f 4011 2946 4012
f 2946 2950 4012
f 4012 2950 4013
f 2950 2954 4013
f 4013 2954 4014
f 2954 2958 4014
f 4014 2958 3969
f 2958 2962 3969
f 3969 2962 3968
f 2962 3013 3968
f 3968 3013 3970
f 3013 3016 3970
f 3970 3016 3974
f 3016 3019 3974
f 3974 3019 3976
f 3019 3021 3976
f 3976 3021 3978
f 3021 3023 3978
f 3978 3023 3980
f 3023 3025 3980
f 3980 3025 3982
f 3025 3027 3982
f 3982 3027 3984
f 3027 2974 3984
f 3984 2974 3986
f 2974 2973 3986
f 2973 2977 3988
f 3986 2973 3988
f 2977 2979 3990
f 3988 2977 3990
f 3095 3 3192
f 3568 4 3513
f 3558 6 3681
f 4026 7 3967
f 1967 766 1020
f 5 766 1967
f 8 5 1967
f 4015 8 1967
f 3041 4015 2728
f 2728 4015 1967
f 1074 1 2
f 3090 1074 2
f 9 1 1074
f 1019 9 1074
f 2031 3090 3042
f 1074 3090 2031
