# https://github.com/mikedh/trimesh
v -0.06650000 0.01878665 0.00283930
v -0.06650000 0.01862177 0.00377221
v -0.07250000 0.01862177 0.00377221
v -0.07250000 0.01878665 0.00283930
v -0.06650000 0.01890483 0.00189934
v -0.07250000 0.01890483 0.00189934
v -0.07250000 0.01897600 0.00095465
v -0.06650000 0.01897600 0.00095465
v -0.06650000 0.01900000 0.00000759
v -0.07250000 0.01900000 0.00000759
v -0.07250000 0.01897676 -0.00093950
v -0.06650000 0.01897676 -0.00093950
v -0.07250000 0.01890634 -0.00188424
v -0.06650000 0.01890634 -0.00188424
v -0.06650000 0.01878891 -0.00282430
v -0.07250000 0.01878891 -0.00282430
v -0.06650000 0.01862478 -0.00375734
v -0.07250000 0.01862478 -0.00375734
v -0.07250000 0.01841434 -0.00468104
v -0.06650000 0.01841434 -0.00468104
v -0.06650000 0.01815812 -0.00559310
v -0.07250000 0.01815812 -0.00559310
v -0.06650000 0.01785675 -0.00649125
v -0.07250000 0.01785675 -0.00649125
v -0.06650000 0.01751099 -0.00737327
v -0.07250000 0.01751099 -0.00737327
v -0.06650000 0.01712170 -0.00823696
v -0.07250000 0.01712170 -0.00823696
v -0.06650000 0.01668984 -0.00908016
v -0.07250000 0.01668984 -0.00908016
v -0.06650000 0.01621648 -0.00990080
v -0.07250000 0.01621648 -0.00990080
v -0.06650000 0.01570281 -0.01069681
v -0.07250000 0.01570281 -0.01069681
v -0.06650000 0.01515010 -0.01146624
v -0.07250000 0.01515010 -0.01146624
v -0.06650000 0.01455972 -0.01220715
v -0.07250000 0.01455972 -0.01220715
v -0.06650000 0.01393314 -0.01291772
v -0.07250000 0.01393314 -0.01291772
v -0.06650000 0.01327193 -0.01359617
v -0.07250000 0.01327193 -0.01359617
v -0.07250000 0.01257772 -0.01424082
v -0.06650000 0.01257772 -0.01424082
v -0.06650000 0.01185224 -0.01485007
v -0.07250000 0.01185224 -0.01485007
v -0.07250000 0.01109729 -0.01542239
v -0.06650000 0.01109729 -0.01542239
v -0.06650000 0.01031475 -0.01595638
v -0.07250000 0.01031475 -0.01595638
v -0.07250000 0.00950657 -0.01645069
v -0.06650000 0.00950657 -0.01645069
v -0.06650000 0.00867475 -0.01690410
v -0.07250000 0.00867475 -0.01690410
v -0.06650000 0.00782137 -0.01731549
v -0.07250000 0.00782137 -0.01731549
v -0.07250000 0.00694854 -0.01768383
v -0.06650000 0.00694854 -0.01768383
v -0.07250000 0.00605844 -0.01800820
v -0.06650000 0.00605844 -0.01800820
v -0.06650000 0.00515327 -0.01828780
v -0.07250000 0.00515327 -0.01828780
v -0.07250000 0.00423529 -0.01852194
v -0.06650000 0.00423529 -0.01852194
v -0.06650000 0.00330679 -0.01871003
v -0.07250000 0.00330679 -0.01871003
v -0.07250000 0.00237006 -0.01885160
v -0.06650000 0.00237006 -0.01885160
v -0.06650000 0.00142744 -0.01894630
v -0.07250000 0.00142744 -0.01894630
v -0.07250000 0.00048127 -0.01899390
v -0.06650000 0.00048127 -0.01899390
v -0.06650000 -0.00046610 -0.01899428
v -0.07250000 -0.00046610 -0.01899428
v -0.06650000 -0.00141231 -0.01894744
v -0.07250000 -0.00141231 -0.01894744
v -0.06650000 -0.00235500 -0.01885349
v -0.07250000 -0.00235500 -0.01885349
v -0.06650000 -0.00329184 -0.01871266
v -0.07250000 -0.00329184 -0.01871266
v -0.06650000 -0.00422050 -0.01852532
v -0.07250000 -0.00422050 -0.01852532
v -0.07250000 -0.00513867 -0.01829191
v -0.06650000 -0.00513867 -0.01829191
v -0.06650000 -0.00604406 -0.01801303
v -0.07250000 -0.00604406 -0.01801303
v -0.06650000 -0.00693442 -0.01768937
v -0.07250000 -0.00693442 -0.01768937
v -0.06650000 -0.00780754 -0.01732173
v -0.07250000 -0.00780754 -0.01732173
v -0.06650000 -0.00866125 -0.01691102
v -0.07250000 -0.00866125 -0.01691102
v -0.06650000 -0.00949343 -0.01645827
v -0.07250000 -0.00949343 -0.01645827
v -0.06650000 -0.01030201 -0.01596461
v -0.07250000 -0.01030201 -0.01596461
v -0.06650000 -0.01108497 -0.01543125
v -0.07250000 -0.01108497 -0.01543125
v -0.06650000 -0.01184037 -0.01485953
v -0.07250000 -0.01184037 -0.01485953
v -0.06650000 -0.01256634 -0.01425086
v -0.07250000 -0.01256634 -0.01425086
v -0.06650000 -0.01326107 -0.01360677
v -0.07250000 -0.01326107 -0.01360677
v -0.06650000 -0.01392282 -0.01292884
v -0.07250000 -0.01392282 -0.01292884
v -0.06650000 -0.01454997 -0.01221877
v -0.07250000 -0.01454997 -0.01221877
v -0.06650000 -0.01514094 -0.01147833
v -0.07250000 -0.01514094 -0.01147833
v -0.06650000 -0.01569426 -0.01070935
v -0.07250000 -0.01569426 -0.01070935
v -0.06650000 -0.01620857 -0.00991374
v -0.07250000 -0.01620857 -0.00991374
v -0.06650000 -0.01668258 -0.00909349
v -0.07250000 -0.01668258 -0.00909349
v -0.06650000 -0.01711512 -0.00825062
v -0.07250000 -0.01711512 -0.00825062
v -0.06650000 -0.01750510 -0.00738725
v -0.07250000 -0.01750510 -0.00738725
v -0.06650000 -0.01785156 -0.00650551
v -0.07250000 -0.01785156 -0.00650551
v -0.06650000 -0.01815365 -0.00560760
v -0.07250000 -0.01815365 -0.00560760
v -0.06650000 -0.01841060 -0.00469574
v -0.07250000 -0.01841060 -0.00469574
v -0.06650000 -0.01862177 -0.00377221
v -0.07250000 -0.01862177 -0.00377221
v -0.06650000 -0.01878665 -0.00283930
v -0.07250000 -0.01878665 -0.00283930
v -0.06650000 -0.01890483 -0.00189934
v -0.07250000 -0.01890483 -0.00189934
v -0.06650000 -0.01897600 -0.00095465
v -0.07250000 -0.01897600 -0.00095465
v -0.06650000 -0.01900000 -0.00000759
v -0.07250000 -0.01900000 -0.00000759
v -0.06650000 -0.01897676 0.00093950
v -0.07250000 -0.01897676 0.00093950
v -0.06650000 -0.01890634 0.00188424
v -0.07250000 -0.01890634 0.00188424
v -0.06650000 -0.01878891 0.00282430
v -0.07250000 -0.01878891 0.00282430
v -0.06650000 -0.01862478 0.00375734
v -0.07250000 -0.01862478 0.00375734
v -0.06650000 -0.01841434 0.00468104
v -0.07250000 -0.01841434 0.00468104
v -0.06650000 -0.01815812 0.00559310
v -0.07250000 -0.01815812 0.00559310
v -0.06650000 -0.01785675 0.00649125
v -0.07250000 -0.01785675 0.00649125
v -0.06650000 -0.01751099 0.00737327
v -0.07250000 -0.01751099 0.00737327
v -0.06650000 -0.01712170 0.00823696
v -0.07250000 -0.01712170 0.00823696
v -0.06650000 -0.01668984 0.00908016
v -0.07250000 -0.01668984 0.00908016
v -0.06650000 -0.01621648 0.00990080
v -0.07250000 -0.01621648 0.00990080
v -0.06650000 -0.01570281 0.01069681
v -0.07250000 -0.01570281 0.01069681
v -0.06650000 -0.01515010 0.01146624
v -0.07250000 -0.01515010 0.01146624
v -0.06650000 -0.01455972 0.01220715
v -0.07250000 -0.01455972 0.01220715
v -0.06650000 -0.01393314 0.01291772
v -0.07250000 -0.01393314 0.01291772
v -0.06650000 -0.01327193 0.01359617
v -0.07250000 -0.01327193 0.01359617
v -0.06650000 -0.01257772 0.01424082
v -0.07250000 -0.01257772 0.01424082
v -0.06650000 -0.01185224 0.01485007
v -0.07250000 -0.01185224 0.01485007
v -0.06650000 -0.01109729 0.01542239
v -0.07250000 -0.01109729 0.01542239
v -0.06650000 -0.01031475 0.01595638
v -0.07250000 -0.01031475 0.01595638
v -0.06650000 -0.00950657 0.01645069
v -0.07250000 -0.00950657 0.01645069
v -0.06650000 -0.00867475 0.01690410
v -0.07250000 -0.00867475 0.01690410
v -0.06650000 -0.00782137 0.01731549
v -0.07250000 -0.00782137 0.01731549
v -0.06650000 -0.00694854 0.01768383
v -0.07250000 -0.00694854 0.01768383
v -0.06650000 -0.00605844 0.01800820
v -0.07250000 -0.00605844 0.01800820
v -0.06650000 -0.00515327 0.01828780
v -0.07250000 -0.00515327 0.01828780
v -0.07250000 -0.00423529 0.01852194
v -0.06650000 -0.00423529 0.01852194
v -0.06650000 -0.00330679 0.01871003
v -0.07250000 -0.00330679 0.01871003
v -0.06650000 -0.00237006 0.01885160
v -0.07250000 -0.00237006 0.01885160
v -0.06650000 -0.00142744 0.01894630
v -0.07250000 -0.00142744 0.01894630
v -0.06650000 -0.00048127 0.01899390
v -0.07250000 -0.00048127 0.01899390
v -0.06650000 0.00046610 0.01899428
v -0.07250000 0.00046610 0.01899428
v -0.07250000 0.00141231 0.01894744
v -0.06650000 0.00141231 0.01894744
v -0.06650000 0.00235500 0.01885349
v -0.07250000 0.00235500 0.01885349
v -0.06650000 0.00329184 0.01871266
v -0.07250000 0.00329184 0.01871266
v -0.06650000 0.00422050 0.01852532
v -0.07250000 0.00422050 0.01852532
v -0.07250000 0.00513867 0.01829191
v -0.06650000 0.00513867 0.01829191
v -0.06650000 0.00604406 0.01801303
v -0.07250000 0.00604406 0.01801303
v -0.06650000 0.00693442 0.01768937
v -0.07250000 0.00693442 0.01768937
v -0.06650000 0.00780754 0.01732173
v -0.07250000 0.00780754 0.01732173
v -0.07250000 0.00866125 0.01691102
v -0.06650000 0.00866125 0.01691102
v -0.06650000 0.00949343 0.01645827
v -0.07250000 0.00949343 0.01645827
v -0.07250000 0.01030201 0.01596461
v -0.06650000 0.01030201 0.01596461
v -0.06650000 0.01108497 0.01543125
v -0.07250000 0.01108497 0.01543125
v -0.06650000 0.01184037 0.01485953
v -0.07250000 0.01184037 0.01485953
v -0.06650000 0.01256634 0.01425086
v -0.07250000 0.01256634 0.01425086
v -0.06650000 0.01326107 0.01360677
v -0.07250000 0.01326107 0.01360677
v -0.06650000 0.01392282 0.01292884
v -0.07250000 0.01392282 0.01292884
v -0.06650000 0.01454997 0.01221877
v -0.07250000 0.01454997 0.01221877
v -0.06650000 0.01514094 0.01147833
v -0.07250000 0.01514094 0.01147833
v -0.06650000 0.01569426 0.01070935
v -0.07250000 0.01569426 0.01070935
v -0.06650000 0.01620857 0.00991374
v -0.07250000 0.01620857 0.00991374
v -0.06650000 0.01668258 0.00909349
v -0.07250000 0.01668258 0.00909349
v -0.06650000 0.01711512 0.00825062
v -0.07250000 0.01711512 0.00825062
v -0.06650000 0.01750510 0.00738725
v -0.07250000 0.01750510 0.00738725
v -0.06650000 0.01785156 0.00650551
v -0.07250000 0.01785156 0.00650551
v -0.06650000 0.01815365 0.00560760
v -0.07250000 0.01815365 0.00560760
v -0.06650000 0.01841060 0.00469574
v -0.07250000 0.01841060 0.00469574
v -0.06650000 -0.01321168 0.00493765
v -0.06650000 -0.01315355 0.00502773
v -0.06650000 -0.01309101 0.00511479
v -0.06650000 -0.01326524 0.00484479
v -0.06650000 -0.01302420 0.00519863
v -0.06650000 -0.01331411 0.00474937
v -0.06650000 -0.01295330 0.00527904
v -0.06650000 -0.01335816 0.00465164
v -0.06650000 -0.01287848 0.00535581
v -0.06650000 -0.01339729 0.00455183
v -0.06650000 -0.01279992 0.00542876
v -0.06650000 -0.01343139 0.00445020
v -0.06650000 -0.01271783 0.00549770
v -0.06650000 -0.01346038 0.00434699
v -0.06650000 -0.01263240 0.00556246
v -0.06650000 -0.01348419 0.00424247
v -0.06650000 -0.01254385 0.00562289
v -0.06650000 -0.01350277 0.00413689
v -0.06650000 -0.01245240 0.00567882
v -0.06650000 -0.01351605 0.00403051
v -0.06650000 -0.01235827 0.00573013
v -0.06650000 -0.01352402 0.00392361
v -0.06650000 -0.01226170 0.00577668
v -0.06650000 -0.01352665 0.00381644
v -0.06650000 -0.01216294 0.00581836
v -0.06650000 -0.01352394 0.00370927
v -0.06650000 -0.01206221 0.00585507
v -0.06650000 -0.01351588 0.00360237
v -0.06650000 -0.01195979 0.00588671
v -0.06650000 -0.01350251 0.00349601
v -0.06650000 -0.01185591 0.00591320
v -0.06650000 -0.01348385 0.00339044
v -0.06650000 -0.01175084 0.00593449
v -0.06650000 -0.01345996 0.00328594
v -0.06650000 -0.01164484 0.00595051
v -0.06650000 -0.01343088 0.00318275
v -0.06650000 -0.01153818 0.00596122
v -0.06650000 -0.01339670 0.00308115
v -0.06650000 -0.01143111 0.00596661
v -0.06650000 -0.01335749 0.00298137
v -0.06650000 -0.01132391 0.00596665
v -0.06650000 -0.01331336 0.00288367
v -0.06650000 -0.01121684 0.00596135
v -0.06650000 -0.01326442 0.00278830
v -0.06650000 -0.01111017 0.00595072
v -0.06650000 -0.01321078 0.00269548
v -0.06650000 -0.01100415 0.00593478
v -0.06650000 -0.01315258 0.00260545
v -0.06650000 -0.01089907 0.00591358
v -0.06650000 -0.01308997 0.00251843
v -0.06650000 -0.01079517 0.00588717
v -0.06650000 -0.01302310 0.00243465
v -0.06650000 -0.01295213 0.00235430
v -0.06650000 -0.01287725 0.00227759
v -0.06650000 -0.01279863 0.00220470
v -0.06650000 -0.01271648 0.00213583
v -0.06650000 -0.01263100 0.00207113
v -0.06650000 -0.01254241 0.00201078
v -0.06650000 -0.00421747 0.01288147
v -0.06650000 -0.00415935 0.01297155
v -0.06650000 -0.00409680 0.01305861
v -0.06650000 -0.00427104 0.01278861
v -0.06650000 -0.00403000 0.01314246
v -0.06650000 -0.00431990 0.01269320
v -0.06650000 -0.00395909 0.01322286
v -0.06650000 -0.00436396 0.01259546
v -0.06650000 -0.00388427 0.01329963
v -0.06650000 -0.00440308 0.01249566
v -0.06650000 -0.00380572 0.01337258
v -0.06650000 -0.00443718 0.01239402
v -0.06650000 -0.00372362 0.01344152
v -0.06650000 -0.00446618 0.01229082
v -0.06650000 -0.00363820 0.01350629
v -0.06650000 -0.00448999 0.01218629
v -0.06650000 -0.00354964 0.01356671
v -0.06650000 -0.00450856 0.01208071
v -0.06650000 -0.00345819 0.01362264
v -0.06650000 -0.00452185 0.01197434
v -0.06650000 -0.00336407 0.01367395
v -0.06650000 -0.00452982 0.01186743
v -0.06650000 -0.00326750 0.01372050
v -0.06650000 -0.00453245 0.01176026
v -0.06650000 -0.00316873 0.01376218
v -0.06650000 -0.00452973 0.01165309
v -0.06650000 -0.00306801 0.01379889
v -0.06650000 -0.00452168 0.01154619
v -0.06650000 -0.00296558 0.01383053
v -0.06650000 -0.00450831 0.01143983
v -0.06650000 -0.00286171 0.01385702
v -0.06650000 -0.00448965 0.01133426
v -0.06650000 -0.01069272 0.00585562
v -0.06650000 -0.00275664 0.01387831
v -0.06650000 -0.00446575 0.01122976
v -0.06650000 -0.01059197 0.00581899
v -0.06650000 -0.00265064 0.01389433
v -0.06650000 -0.00443668 0.01112658
v -0.06650000 -0.01049317 0.00577739
v -0.06650000 -0.00254398 0.01390504
v -0.06650000 -0.00440249 0.01102497
v -0.06650000 -0.01039656 0.00573091
v -0.06650000 -0.00243691 0.01391043
v -0.06650000 -0.00436329 0.01092519
v -0.06650000 -0.01030240 0.00567968
v -0.06650000 -0.00232971 0.01391047
v -0.06650000 -0.00431916 0.01082750
v -0.06650000 -0.01021090 0.00562382
v -0.06650000 -0.00222264 0.01390517
v -0.06650000 -0.00427022 0.01073212
v -0.06650000 -0.01012230 0.00556347
v -0.06650000 -0.00211596 0.01389454
v -0.06650000 -0.00421658 0.01063930
v -0.06650000 -0.01003682 0.00549877
v -0.06650000 -0.00200995 0.01387861
v -0.06650000 -0.00415838 0.01054927
v -0.06650000 -0.00995467 0.00542990
v -0.06650000 -0.00190487 0.01385741
v -0.06650000 -0.00409577 0.01046226
v -0.06650000 -0.00987606 0.00535701
v -0.06650000 -0.00180097 0.01383099
v -0.06650000 -0.00402889 0.01037847
v -0.06650000 -0.00980118 0.00528030
v -0.06650000 -0.00169852 0.01379944
v -0.06650000 -0.00395793 0.01029812
v -0.06650000 -0.00973021 0.00519995
v -0.06650000 -0.00159777 0.01376281
v -0.06650000 -0.00388304 0.01022141
v -0.06650000 -0.00966334 0.00511616
v -0.06650000 -0.00149896 0.01372121
v -0.06650000 -0.00380443 0.01014852
v -0.06650000 -0.00960072 0.00502915
v -0.06650000 -0.00140236 0.01367474
v -0.06650000 -0.00372228 0.01007965
v -0.06650000 -0.00954253 0.00493912
v -0.06650000 -0.00948889 0.00484630
v -0.06650000 -0.00130819 0.01362350
v -0.06650000 -0.00363680 0.01001495
v -0.06650000 -0.00121670 0.01356764
v -0.06650000 -0.00112810 0.01350729
v -0.06650000 -0.01044246 -0.00062483
v -0.06650000 -0.01164314 0.00168388
v -0.06650000 -0.01153647 0.00167325
v -0.06650000 -0.01038458 -0.00053913
v -0.06650000 -0.01142940 0.00166795
v -0.06650000 -0.01049605 -0.00071327
v -0.06650000 -0.01174915 0.00169981
v -0.06650000 -0.01032255 -0.00045640
v -0.06650000 -0.01132219 0.00166799
v -0.06650000 -0.01054522 -0.00080424
v -0.06650000 -0.01185424 0.00172101
v -0.06650000 -0.01025652 -0.00037681
v -0.06650000 -0.01121513 0.00167337
v -0.06650000 -0.01058986 -0.00089751
v -0.06650000 -0.01195813 0.00174742
v -0.06650000 -0.01018665 -0.00030057
v -0.06650000 -0.01110846 0.00168409
v -0.06650000 -0.01062985 -0.00099288
v -0.06650000 -0.01206059 0.00177898
v -0.06650000 -0.01011312 -0.00022786
v -0.06650000 -0.01100246 0.00170011
v -0.06650000 -0.00104262 0.01344259
v -0.06650000 -0.01066510 -0.00109010
v -0.06650000 -0.01216134 0.00181561
v -0.06650000 -0.01003610 -0.00015886
v -0.06650000 -0.01089740 0.00172139
v -0.06650000 -0.01069552 -0.00118893
v -0.06650000 -0.01226014 0.00185721
v -0.06650000 -0.00995577 -0.00009374
v -0.06650000 -0.01079352 0.00174789
v -0.06650000 -0.01072133 -0.00129043
v -0.06650000 -0.01235674 0.00190368
v -0.06650000 -0.00987234 -0.00003265
v -0.06650000 -0.01069109 0.00177953
v -0.06650000 -0.00096047 0.01337372
v -0.06650000 -0.01074204 -0.00139308
v -0.06650000 -0.01245091 0.00195491
v -0.06650000 -0.00978599 0.00002426
v -0.06650000 -0.01059037 0.00181623
v -0.06650000 -0.01075762 -0.00149665
v -0.06650000 -0.00969696 0.00007685
v -0.06650000 -0.01049160 0.00185791
v -0.06650000 -0.01076801 -0.00160086
v -0.06650000 -0.00088185 0.01330083
v -0.06650000 -0.00960544 0.00012499
v -0.06650000 -0.01039504 0.00190447
v -0.06650000 -0.01077319 -0.00170546
v -0.06650000 -0.00951166 0.00016857
v -0.06650000 -0.01030091 0.00195577
v -0.06650000 -0.00080697 0.01322412
v -0.06650000 -0.01077315 -0.00181018
v -0.06650000 -0.00941585 0.00020748
v -0.06650000 -0.01020946 0.00201171
v -0.06650000 -0.01076789 -0.00191478
v -0.06650000 -0.00931824 0.00024163
v -0.06650000 -0.01012091 0.00207213
v -0.06650000 -0.00073601 0.01314377
v -0.06650000 -0.01075743 -0.00201898
v -0.06650000 -0.00921907 0.00027093
v -0.06650000 -0.01003548 0.00213690
v -0.06650000 -0.01074178 -0.00212253
v -0.06650000 -0.00066913 0.01305998
v -0.06650000 -0.00911857 0.00029531
v -0.06650000 -0.00995339 0.00220584
v -0.06650000 -0.01072099 -0.00222518
v -0.06650000 -0.00901700 0.00031471
v -0.06650000 -0.00987483 0.00227878
v -0.06650000 -0.01069510 -0.00232666
v -0.06650000 -0.00891460 0.00032910
v -0.06650000 -0.00980001 0.00235556
v -0.06650000 -0.00060652 0.01297297
v -0.06650000 -0.00054832 0.01288294
v -0.06650000 -0.01066419 -0.00242672
v -0.06650000 -0.00881161 0.00033842
v -0.06650000 -0.00972911 0.00243596
v -0.06650000 -0.00049468 0.01279012
v -0.06650000 -0.01062833 -0.00252511
v -0.06650000 -0.00870829 0.00034266
v -0.06650000 -0.00966230 0.00251980
v -0.06650000 -0.01058761 -0.00262160
v -0.06650000 -0.00860488 0.00034181
v -0.06650000 -0.00959976 0.00260687
v -0.06650000 -0.01054213 -0.00271594
v -0.06650000 -0.00850164 0.00033587
v -0.06650000 -0.00954163 0.00269694
v -0.06650000 -0.00839882 0.00032486
v -0.06650000 -0.00948807 0.00278981
v -0.06650000 -0.00829667 0.00030880
v -0.06650000 -0.00943920 0.00288522
v -0.06650000 -0.00819543 0.00028773
v -0.06650000 -0.00809535 0.00026170
v -0.06650000 -0.00939515 0.00298295
v -0.06650000 -0.00799667 0.00023077
v -0.06650000 -0.00935602 0.00308276
v -0.06650000 -0.00044574 0.01269474
v -0.06650000 -0.00789885 0.00019472
v -0.06650000 -0.00932192 0.00318439
v -0.06650000 -0.01077110 -0.00673339
v -0.06650000 -0.01049200 -0.00280789
v -0.06650000 -0.01082923 -0.00682347
v -0.06650000 -0.01070856 -0.00664633
v -0.06650000 -0.01043735 -0.00289722
v -0.06650000 -0.01088279 -0.00691633
v -0.06650000 -0.01064175 -0.00656249
v -0.06650000 -0.01037831 -0.00298373
v -0.06650000 -0.01093166 -0.00701174
v -0.06650000 -0.01057085 -0.00648208
v -0.06650000 -0.01031504 -0.00306718
v -0.06650000 -0.01097571 -0.00710948
v -0.06650000 -0.01049603 -0.00640531
v -0.06650000 -0.01024856 -0.00314638
v -0.06650000 -0.01101484 -0.00720928
v -0.06650000 -0.01041747 -0.00633236
v -0.06650000 -0.01017825 -0.00322222
v -0.06650000 -0.01104894 -0.00731092
v -0.06650000 -0.01033538 -0.00626342
v -0.06650000 -0.01010430 -0.00329450
v -0.06650000 -0.01107793 -0.00741412
v -0.06650000 -0.01024995 -0.00619866
v -0.06650000 -0.01002688 -0.00336306
v -0.06650000 -0.01110174 -0.00751865
v -0.06650000 -0.01016140 -0.00613823
v -0.06650000 -0.00994618 -0.00342772
v -0.06650000 -0.01112032 -0.00762423
v -0.06650000 -0.01006995 -0.00608230
v -0.06650000 -0.00986240 -0.00348833
v -0.06650000 -0.01113361 -0.00773060
v -0.06650000 -0.00413232 0.00281495
v -0.06650000 -0.00923742 0.00403222
v -0.06650000 -0.00925079 0.00413859
v -0.06650000 -0.00426749 0.00260547
v -0.06650000 -0.00922937 0.00392532
v -0.06650000 -0.00922665 0.00381816
v -0.06650000 -0.00398687 0.00301743
v -0.06650000 -0.00926945 0.00424415
v -0.06650000 -0.00929335 0.00434866
v -0.06650000 -0.00997582 -0.00603099
v -0.06650000 -0.00977573 -0.00354474
v -0.06650000 -0.00439206 0.00238952
v -0.06650000 -0.00922928 0.00371099
v -0.06650000 -0.00923725 0.00360408
v -0.06650000 -0.00383151 0.00321241
v -0.06650000 -0.00932242 0.00445184
v -0.06650000 -0.01114157 -0.00783751
v -0.06650000 -0.00450571 0.00216762
v -0.06650000 -0.00925054 0.00349771
v -0.06650000 -0.00366662 0.00339940
v -0.06650000 -0.00935661 0.00455345
v -0.06650000 -0.00939581 0.00465322
v -0.06650000 -0.00987925 -0.00598444
v -0.06650000 -0.00968639 -0.00359681
v -0.06650000 -0.00460816 0.00194033
v -0.06650000 -0.00926911 0.00339213
v -0.06650000 -0.00929293 0.00328760
v -0.06650000 -0.01114420 -0.00794468
v -0.06650000 -0.00349261 0.00357794
v -0.06650000 -0.00943994 0.00475092
v -0.06650000 -0.00978049 -0.00594276
v -0.06650000 -0.00959460 -0.00364443
v -0.06650000 -0.00469915 0.00170822
v -0.06650000 -0.01114149 -0.00805185
v -0.06650000 -0.00330993 0.00374758
v -0.06650000 -0.00354820 0.00995460
v -0.06650000 -0.00967976 -0.00590605
v -0.06650000 -0.00950057 -0.00368747
v -0.06650000 -0.00477845 0.00147187
v -0.06650000 -0.00780295 0.00015385
v -0.06650000 -0.00770919 0.00010828
v -0.06650000 -0.01113343 -0.00815875
v -0.06650000 -0.00311901 0.00390791
v -0.06650000 -0.00345671 0.00989874
v -0.06650000 -0.00957734 -0.00587441
v -0.06650000 -0.00940454 -0.00372583
v -0.06650000 -0.00484588 0.00123185
v -0.06650000 -0.00761780 0.00005811
v -0.06650000 -0.00752902 0.00000346
v -0.06650000 -0.01112006 -0.00826511
v -0.06650000 -0.00292034 0.00405852
v -0.06650000 -0.00336254 0.00984750
v -0.06650000 -0.00326593 0.00980103
v -0.06650000 -0.00947346 -0.00584792
v -0.06650000 -0.00930673 -0.00375941
v -0.06650000 -0.00490126 0.00098877
v -0.06650000 -0.00744306 -0.00005552
v -0.06650000 -0.00736014 -0.00011870
v -0.06650000 -0.01110140 -0.00837068
v -0.06650000 -0.00936839 -0.00582663
v -0.06650000 -0.00920740 -0.00378814
v -0.06650000 -0.00271441 0.00419905
v -0.06650000 -0.00316713 0.00975943
v -0.06650000 -0.01107751 -0.00847518
v -0.06650000 -0.00494445 0.00074324
v -0.06650000 -0.00728045 -0.00018591
v -0.06650000 -0.00926239 -0.00581061
v -0.06650000 -0.00910676 -0.00381194
v -0.06650000 -0.00250173 0.00432913
v -0.06650000 -0.00306638 0.00972280
v -0.06650000 -0.00296393 0.00969125
v -0.06650000 -0.01104843 -0.00857837
v -0.06650000 -0.00915573 -0.00579990
v -0.06650000 -0.00900508 -0.00383077
v -0.06650000 -0.00497535 0.00049585
v -0.06650000 -0.00720419 -0.00025700
v -0.06650000 -0.00713156 -0.00033178
v -0.06650000 0.00107565 0.00956661
v -0.06650000 -0.00060555 0.01055069
v -0.06650000 -0.00054743 0.01064077
v -0.06650000 0.00101910 0.00947831
v -0.06650000 -0.00066810 0.01046362
v -0.06650000 0.00113654 0.00965199
v -0.06650000 -0.00049386 0.01073363
v -0.06650000 -0.01101425 -0.00867997
v -0.06650000 0.00096702 0.00938729
v -0.06650000 -0.00073490 0.01037978
v -0.06650000 0.00120161 0.00973421
v -0.06650000 -0.00044499 0.01082904
v -0.06650000 0.00091956 0.00929378
v -0.06650000 -0.00080580 0.01029938
v -0.06650000 0.00127071 0.00981309
v -0.06650000 -0.00040094 0.01092678
v -0.06650000 -0.00228283 0.00444845
v -0.06650000 -0.00286003 0.00966483
v -0.06650000 0.00087682 0.00919803
v -0.06650000 -0.00088063 0.01022261
v -0.06650000 0.00134366 0.00988842
v -0.06650000 -0.00036182 0.01102658
v -0.06650000 -0.00904866 -0.00579451
v -0.06650000 -0.00890260 -0.00384456
v -0.06650000 0.00083891 0.00910026
v -0.06650000 -0.00095918 0.01014966
v -0.06650000 0.00142028 0.00996001
v -0.06650000 -0.00032771 0.01112822
v -0.06650000 0.00080594 0.00900071
v -0.06650000 -0.00104128 0.01008072
v -0.06650000 -0.00499388 0.00024724
v -0.06650000 -0.00706272 -0.00041008
v -0.06650000 -0.00699786 -0.00049169
v -0.06650000 -0.01097504 -0.00877975
v -0.06650000 0.00150038 0.01002769
v -0.06650000 -0.00029872 0.01123142
v -0.06650000 0.00077797 0.00889965
v -0.06650000 -0.00112670 0.01001595
v -0.06650000 0.00158375 0.01009128
v -0.06650000 -0.00027491 0.01133595
v -0.06650000 -0.00894146 -0.00579447
v -0.06650000 -0.00879956 -0.00385329
v -0.06650000 -0.00205825 0.00455671
v -0.06650000 -0.00275495 0.00964363
v -0.06650000 -0.00264894 0.00962770
v -0.06650000 0.00075508 0.00879732
v -0.06650000 -0.00121525 0.00995553
v -0.06650000 0.00167020 0.01015064
v -0.06650000 -0.00025634 0.01144153
v -0.06650000 -0.01093091 -0.00887744
v -0.06650000 0.00073733 0.00869397
v -0.06650000 -0.00130671 0.00989959
v -0.06650000 0.00175950 0.01020560
v -0.06650000 -0.00024305 0.01154790
v -0.06650000 -0.00500000 -0.00000200
v -0.06650000 -0.00693713 -0.00057643
v -0.06650000 -0.00688068 -0.00066407
v -0.06650000 -0.00883439 -0.00579977
v -0.06650000 -0.00869621 -0.00385694
v -0.06650000 0.00072476 0.00858986
v -0.06650000 -0.00140083 0.00984829
v -0.06650000 0.00185144 0.01025604
v -0.06650000 -0.00023508 0.01165481
v -0.06650000 -0.01088197 -0.00897282
v -0.06650000 -0.00182856 0.00465364
v -0.06650000 -0.00254226 0.00961707
v -0.06650000 -0.00243519 0.00961177
v -0.06650000 0.00071741 0.00848526
v -0.06650000 -0.00149740 0.00980174
v -0.06650000 0.00194578 0.01030183
v -0.06650000 -0.00023245 0.01176198
v -0.06650000 -0.00872772 -0.00581040
v -0.06650000 -0.00859281 -0.00385549
v -0.06650000 0.00071528 0.00838042
v -0.06650000 -0.00499368 -0.00025122
v -0.06650000 -0.00682865 -0.00075440
v -0.06650000 -0.00678116 -0.00084721
v -0.06650000 -0.01082833 -0.00906564
v -0.06650000 0.00204228 0.01034285
v -0.06650000 -0.00023516 0.01186915
v -0.06650000 0.00071839 0.00827560
v -0.06650000 -0.00159617 0.00976005
v -0.06650000 -0.00862171 -0.00582634
v -0.06650000 -0.00848961 -0.00384896
v -0.06650000 0.00214071 0.01037900
v -0.06650000 -0.00024322 0.01197604
v -0.06650000 -0.00159433 0.00473900
v -0.06650000 -0.00232799 0.00961181
v -0.06650000 -0.01077013 -0.00915567
v -0.06650000 0.00072673 0.00817107
v -0.06650000 -0.00169689 0.00972335
v -0.06650000 0.00224083 0.01041019
v -0.06650000 -0.00025659 0.01208241
v -0.06650000 -0.00497495 -0.00049983
v -0.06650000 -0.00673834 -0.00094226
v -0.06650000 -0.00670029 -0.00103932
v -0.06650000 -0.00851662 -0.00584754
v -0.06650000 -0.00838685 -0.00383736
v -0.06650000 0.00074028 0.00806709
v -0.06650000 -0.00179932 0.00969171
v -0.06650000 -0.01070752 -0.00924269
v -0.06650000 0.00234238 0.01043635
v -0.06650000 -0.00027525 0.01218798
v -0.06650000 -0.00135612 0.00481258
v -0.06650000 -0.00222092 0.00961720
v -0.06650000 -0.00211426 0.00962791
v -0.06650000 0.00075900 0.00796391
v -0.06650000 -0.00190319 0.00966522
v -0.06650000 -0.00841272 -0.00587395
v -0.06650000 -0.00828479 -0.00382071
v -0.06650000 0.00244510 0.01045740
v -0.06650000 -0.00029915 0.01229248
v -0.06650000 -0.01064065 -0.00932647
v -0.06650000 -0.00494386 -0.00074719
v -0.06650000 -0.00666710 -0.00113815
v -0.06650000 -0.00663886 -0.00123850
v -0.06650000 0.00078269 0.00786239
v -0.06650000 -0.00200826 0.00964393
v -0.06650000 0.00254875 0.01047330
v -0.06650000 -0.00032822 0.01239566
v -0.06650000 -0.00831027 -0.00590550
v -0.06650000 -0.00818368 -0.00379905
v -0.06650000 -0.00111455 0.00487419
v -0.06650000 -0.01056968 -0.00940682
v -0.06650000 0.00265307 0.01048401
v -0.06650000 -0.00036240 0.01249727
v -0.06650000 -0.00820952 -0.00594213
v -0.06650000 -0.00808375 -0.00377245
v -0.06650000 -0.00490047 -0.00099269
v -0.06650000 -0.00661563 -0.00134013
v -0.06650000 -0.00659747 -0.00144278
v -0.06650000 -0.01049480 -0.00948353
v -0.06650000 0.00275778 0.01048949
v -0.06650000 -0.00040161 0.01259705
v -0.06650000 -0.00811072 -0.00598373
v -0.06650000 -0.00798525 -0.00374096
v -0.06650000 -0.00087021 0.00492369
v -0.06650000 0.00081139 0.00776217
v -0.06650000 0.00084503 0.00766350
v -0.06650000 0.00286265 0.01048975
v -0.06650000 -0.01041618 -0.00955642
v -0.06650000 -0.00484489 -0.00123572
v -0.06650000 -0.00658444 -0.00154622
v -0.06650000 -0.00657655 -0.00165017
v -0.06650000 -0.00801411 -0.00603021
v -0.06650000 -0.00788842 -0.00370466
v -0.06650000 0.00296739 0.01048476
v -0.06650000 -0.01033404 -0.00962529
v -0.06650000 -0.00062370 0.00496095
v -0.06650000 0.00088353 0.00756662
v -0.06650000 0.00092679 0.00747176
v -0.06650000 -0.00791995 -0.00608144
v -0.06650000 -0.00779350 -0.00366363
v -0.06650000 0.00307175 0.01047456
v -0.06650000 -0.01024856 -0.00968999
v -0.06650000 -0.00477728 -0.00147568
v -0.06650000 -0.00657383 -0.00175438
v -0.06650000 -0.00657628 -0.00185860
v -0.06650000 0.00317548 0.01045916
v -0.06650000 -0.00782845 -0.00613730
v -0.06650000 -0.00770071 -0.00361798
v -0.06650000 -0.01015996 -0.00975034
v -0.06650000 -0.00037564 0.00498587
v -0.06650000 0.00097470 0.00737917
v -0.06650000 0.00102714 0.00728908
v -0.06650000 0.00327830 0.01043860
v -0.06650000 -0.00773985 -0.00619765
v -0.06650000 -0.00761028 -0.00356782
v -0.06650000 -0.01006846 -0.00980621
v -0.06650000 -0.00469778 -0.00171198
v -0.06650000 -0.00658391 -0.00196258
v -0.06650000 -0.00659668 -0.00206604
v -0.06650000 0.00337998 0.01041293
v -0.06650000 -0.00765437 -0.00626235
v -0.06650000 -0.00752243 -0.00351327
v -0.06650000 -0.00012665 0.00499840
v -0.06650000 0.00108400 0.00720169
v -0.06650000 -0.00997429 -0.00985744
v -0.06650000 0.00348024 0.01038222
v -0.06650000 -0.00757222 -0.00633122
v -0.06650000 -0.00743737 -0.00345446
v -0.06650000 -0.00735531 -0.00339154
v -0.06650000 -0.00460661 -0.00194401
v -0.06650000 -0.00661457 -0.00216874
v -0.06650000 -0.00663754 -0.00227043
v -0.06650000 0.00357884 0.01034654
v -0.06650000 -0.00749361 -0.00640411
v -0.06650000 -0.00727645 -0.00332465
v -0.06650000 0.00012266 0.00499850
v -0.06650000 0.00114512 0.00711724
v -0.06650000 0.00121035 0.00703592
v -0.06650000 0.00367555 0.01030598
v -0.06650000 -0.00741873 -0.00648082
v -0.06650000 -0.00720038 -0.00325337
v -0.06650000 -0.00987769 -0.00990391
v -0.06650000 -0.00977889 -0.00994551
v -0.06650000 -0.00450398 -0.00217122
v -0.06650000 -0.00666553 -0.00237085
v -0.06650000 -0.00669847 -0.00246977
v -0.06650000 -0.00967814 -0.00998214
v -0.06650000 0.00377010 0.01026065
v -0.06650000 -0.00734776 -0.00656117
v -0.06650000 0.00037166 0.00498617
v -0.06650000 0.00127954 0.00695795
v -0.06650000 0.00135252 0.00688350
v -0.06650000 0.00386228 0.01021065
v -0.06650000 -0.00439015 -0.00239302
v -0.06650000 -0.00673627 -0.00256692
v -0.06650000 -0.00677885 -0.00266208
v -0.06650000 0.00395184 0.01015612
v -0.06650000 0.00061974 0.00496144
v -0.06650000 0.00142910 0.00681276
v -0.06650000 0.00150910 0.00674591
v -0.06650000 -0.00426541 -0.00260888
v -0.06650000 -0.00682610 -0.00275501
v -0.06650000 0.00086627 0.00492439
v -0.06650000 0.00159231 0.00668312
v -0.06650000 0.00167854 0.00662453
v -0.06650000 -0.00413007 -0.00281825
v -0.06650000 -0.00687790 -0.00284547
v -0.06650000 -0.00693413 -0.00293326
v -0.06650000 0.00111066 0.00487508
v -0.06650000 0.00176757 0.00657029
v -0.06650000 0.00185919 0.00652054
v -0.06650000 -0.00947179 -0.01004011
v -0.06650000 -0.00936670 -0.01006131
v -0.06650000 -0.00957568 -0.01001370
v -0.06650000 -0.00398446 -0.00302061
v -0.06650000 -0.00705930 -0.00309993
v -0.06650000 -0.00699465 -0.00301815
v -0.06650000 0.00135228 0.00481366
v -0.06650000 0.00195316 0.00647540
v -0.06650000 0.00204925 0.00643497
v -0.06650000 -0.00382894 -0.00321547
v -0.06650000 -0.00712793 -0.00317840
v -0.06650000 0.00159054 0.00474027
v -0.06650000 0.00214723 0.00639937
v -0.06650000 0.00224686 0.00636867
v -0.06650000 -0.00366390 -0.00340233
v -0.06650000 -0.00728089 -0.00664496
v -0.06650000 0.00182485 0.00465510
v -0.06650000 0.00234789 0.00634295
v -0.06650000 0.00245007 0.00632228
v -0.06650000 -0.00348975 -0.00358073
v -0.06650000 -0.00721827 -0.00673197
v -0.06650000 -0.00716008 -0.00682200
v -0.06650000 0.00205462 0.00455835
v -0.06650000 0.00255315 0.00630670
v -0.06650000 0.00265687 0.00629626
v -0.06650000 -0.00904695 -0.01009317
v -0.06650000 -0.00893974 -0.01009313
v -0.06650000 -0.00915402 -0.01008787
v -0.06650000 -0.00926069 -0.01007724
v -0.06650000 -0.00330693 -0.00375023
v -0.06650000 -0.00710644 -0.00691482
v -0.06650000 0.00227928 0.00445027
v -0.06650000 0.00276099 0.00629098
v -0.06650000 0.00286524 0.00629088
v -0.06650000 -0.00311589 -0.00391040
v -0.06650000 -0.00705749 -0.00701020
v -0.06650000 -0.00701336 -0.00710790
v -0.06650000 0.00249827 0.00433112
v -0.06650000 0.00296937 0.00629594
v -0.06650000 0.00307311 0.00630617
v -0.06650000 -0.00291710 -0.00406085
v -0.06650000 -0.00697416 -0.00720767
v -0.06650000 -0.00693998 -0.00730928
v -0.06650000 0.00271105 0.00420121
v -0.06650000 0.00317623 0.00632154
v -0.06650000 0.00327845 0.00634200
v -0.06650000 -0.00271105 -0.00420121
v -0.06650000 -0.00691090 -0.00741246
v -0.06650000 0.00291710 0.00406085
v -0.06650000 0.00337953 0.00636751
v -0.06650000 0.00347922 0.00639801
v -0.06650000 -0.00872601 -0.01007703
v -0.06650000 -0.00862001 -0.01006101
v -0.06650000 -0.00883268 -0.01008775
v -0.06650000 -0.00249827 -0.00433112
v -0.06650000 -0.00686835 -0.00762253
v -0.06650000 -0.00688700 -0.00751697
v -0.06650000 0.00311589 0.00391040
v -0.06650000 0.00357727 0.00643341
v -0.06650000 -0.00227928 -0.00445027
v -0.06650000 -0.00685497 -0.00772890
v -0.06650000 0.00330693 0.00375023
v -0.06650000 0.00367345 0.00647364
v -0.06650000 0.00376751 0.00651859
v -0.06650000 -0.00205462 -0.00455835
v -0.06650000 -0.00684692 -0.00783580
v -0.06650000 -0.00684420 -0.00794296
v -0.06650000 0.00348975 0.00358073
v -0.06650000 0.00385922 0.00656816
v -0.06650000 0.00394836 0.00662221
v -0.06650000 0.00721731 0.00915425
v -0.06650000 0.00470660 0.00930288
v -0.06650000 0.00465868 0.00939616
v -0.06650000 0.00715918 0.00906417
v -0.06650000 0.00474979 0.00920733
v -0.06650000 0.00727985 0.00924132
v -0.06650000 0.00460617 0.00948692
v -0.06650000 0.00710562 0.00897131
v -0.06650000 0.00478817 0.00910974
v -0.06650000 0.00734666 0.00932516
v -0.06650000 0.00454920 0.00957496
v -0.06650000 0.00705675 0.00887590
v -0.06650000 0.00482162 0.00901036
v -0.06650000 0.00741756 0.00940556
v -0.06650000 0.00448790 0.00966004
v -0.06650000 0.00701270 0.00877817
v -0.06650000 0.00485007 0.00890943
v -0.06650000 0.00749238 0.00948234
v -0.06650000 0.00442243 0.00974195
v -0.06650000 0.00697357 0.00867836
v -0.06650000 0.00487345 0.00880721
v -0.06650000 0.00757094 0.00955528
v -0.06650000 0.00435295 0.00982049
v -0.06650000 0.00693947 0.00857672
v -0.06650000 0.00489103 0.00870837
v -0.06650000 -0.00182485 -0.00465510
v -0.06650000 -0.00684683 -0.00805013
v -0.06650000 0.00765303 0.00962422
v -0.06650000 0.00427964 0.00989547
v -0.06650000 0.00691048 0.00847352
v -0.06650000 0.00490386 0.00860881
v -0.06650000 0.00773846 0.00968899
v -0.06650000 0.00420268 0.00996669
v -0.06650000 0.00688666 0.00836899
v -0.06650000 0.00491191 0.00850874
v -0.06650000 0.00491518 0.00840841
v -0.06650000 0.00782701 0.00974941
v -0.06650000 0.00412226 0.01003398
v -0.06650000 0.00686809 0.00826341
v -0.06650000 0.00491365 0.00830803
v -0.06650000 0.00366390 0.00340233
v -0.06650000 0.00403471 0.00668062
v -0.06650000 0.00411806 0.00674325
v -0.06650000 0.00791846 0.00980535
v -0.06650000 0.00403857 0.01009718
v -0.06650000 -0.00851495 -0.01003973
v -0.06650000 -0.00841107 -0.01001323
v -0.06650000 0.00685480 0.00815704
v -0.06650000 0.00490732 0.00820784
v -0.06650000 0.00801259 0.00985665
v -0.06650000 0.00684683 0.00805013
v -0.06650000 0.00489621 0.00810807
v -0.06650000 0.00810915 0.00990321
v -0.06650000 -0.00159054 -0.00474027
v -0.06650000 -0.00685480 -0.00815704
v -0.06650000 0.00684420 0.00794296
v -0.06650000 0.00488034 0.00800894
v -0.06650000 0.00820792 0.00994489
v -0.06650000 0.00684692 0.00783580
v -0.06650000 0.00485976 0.00791069
v -0.06650000 0.00830864 0.00998159
v -0.06650000 0.00382894 0.00321547
v -0.06650000 0.00685497 0.00772890
v -0.06650000 0.00483450 0.00781353
v -0.06650000 0.00841107 0.01001323
v -0.06650000 0.00686835 0.00762253
v -0.06650000 0.00480463 0.00771769
v -0.06650000 0.00851495 0.01003973
v -0.06650000 0.00688700 0.00751697
v -0.06650000 0.00477022 0.00762338
v -0.06650000 0.00862001 0.01006101
v -0.06650000 0.00691090 0.00741246
v -0.06650000 0.00473133 0.00753083
v -0.06650000 0.00872601 0.01007703
v -0.06650000 0.00693998 0.00730928
v -0.06650000 0.00468807 0.00744025
v -0.06650000 0.00883268 0.01008775
v -0.06650000 0.00697416 0.00720767
v -0.06650000 0.00464053 0.00735183
v -0.06650000 0.00893974 0.01009313
v -0.06650000 0.00701336 0.00710790
v -0.06650000 0.00458882 0.00726578
v -0.06650000 0.00904695 0.01009317
v -0.06650000 0.00705749 0.00701020
v -0.06650000 0.00453305 0.00718231
v -0.06650000 0.00915402 0.01008787
v -0.06650000 0.00710644 0.00691482
v -0.06650000 0.00447336 0.00710160
v -0.06650000 -0.00820792 -0.00994489
v -0.06650000 -0.00810915 -0.00990321
v -0.06650000 -0.00830864 -0.00998159
v -0.06650000 0.00926069 0.01007724
v -0.06650000 0.00716008 0.00682200
v -0.06650000 0.00440988 0.00702383
v -0.06650000 0.00936670 0.01006131
v -0.06650000 0.00721827 0.00673197
v -0.06650000 0.00434275 0.00694918
v -0.06650000 0.00947179 0.01004011
v -0.06650000 0.00728089 0.00664496
v -0.06650000 0.00427213 0.00687783
v -0.06650000 0.00419819 0.00680993
v -0.06650000 0.00957568 0.01001370
v -0.06650000 0.00734776 0.00656117
v -0.06650000 0.00967814 0.00998214
v -0.06650000 0.00741873 0.00648082
v -0.06650000 0.00977889 0.00994551
v -0.06650000 0.00749361 0.00640411
v -0.06650000 0.00398446 0.00302061
v -0.06650000 0.00987769 0.00990391
v -0.06650000 0.00757222 0.00633122
v -0.06650000 0.00997429 0.00985744
v -0.06650000 0.00765437 0.00626235
v -0.06650000 0.00413007 0.00281825
v -0.06650000 0.00773985 0.00619765
v -0.06650000 0.00426541 0.00260888
v -0.06650000 -0.00801259 -0.00985665
v -0.06650000 -0.00791846 -0.00980535
v -0.06650000 0.00782845 0.00613730
v -0.06650000 0.00791995 0.00608144
v -0.06650000 0.00439015 0.00239302
v -0.06650000 0.00801411 0.00603021
v -0.06650000 0.00811072 0.00598373
v -0.06650000 0.00450398 0.00217122
v -0.06650000 0.01006846 0.00980621
v -0.06650000 0.01015996 0.00975034
v -0.06650000 0.01024856 0.00968999
v -0.06650000 0.01033404 0.00962529
v -0.06650000 0.00820952 0.00594213
v -0.06650000 0.00460661 0.00194401
v -0.06650000 0.00831027 0.00590550
v -0.06650000 0.00841272 0.00587395
v -0.06650000 0.00469778 0.00171198
v -0.06650000 0.00851662 0.00584754
v -0.06650000 0.00477728 0.00147568
v -0.06650000 0.00862171 0.00582634
v -0.06650000 -0.00782701 -0.00974941
v -0.06650000 -0.00773846 -0.00968899
v -0.06650000 0.00872772 0.00581040
v -0.06650000 0.00484489 0.00123572
v -0.06650000 0.00883439 0.00579977
v -0.06650000 0.00490047 0.00099269
v -0.06650000 0.00894146 0.00579447
v -0.06650000 0.01041618 0.00955642
v -0.06650000 0.01049480 0.00948353
v -0.06650000 0.01056968 0.00940682
v -0.06650000 -0.00765303 -0.00962422
v -0.06650000 0.01064065 0.00932647
v -0.06650000 0.01070752 0.00924269
v -0.06650000 0.01077013 0.00915567
v -0.06650000 0.01082833 0.00906564
v -0.06650000 0.01088197 0.00897282
v -0.06650000 0.01093091 0.00887744
v -0.06650000 0.01097504 0.00877975
v -0.06650000 0.01101425 0.00867997
v -0.06650000 0.00060555 -0.01055069
v -0.06650000 -0.00135228 -0.00481366
v -0.06650000 0.00054743 -0.01064077
v -0.06650000 0.00066810 -0.01046362
v -0.06650000 -0.00111066 -0.00487508
v -0.06650000 0.00049386 -0.01073363
v -0.06650000 -0.00686809 -0.00826341
v -0.06650000 0.00073490 -0.01037978
v -0.06650000 0.00044499 -0.01082904
v -0.06650000 -0.00688666 -0.00836899
v -0.06650000 -0.00691048 -0.00847352
v -0.06650000 0.00080580 -0.01029938
v -0.06650000 -0.00086627 -0.00492439
v -0.06650000 0.00040094 -0.01092678
v -0.06650000 -0.00693947 -0.00857672
v -0.06650000 0.00088063 -0.01022261
v -0.06650000 -0.00061974 -0.00496144
v -0.06650000 0.00036182 -0.01102658
v -0.06650000 0.00095918 -0.01014966
v -0.06650000 0.00032771 -0.01112822
v -0.06650000 -0.00697357 -0.00867836
v -0.06650000 0.00104128 -0.01008072
v -0.06650000 -0.00037166 -0.00498617
v -0.06650000 0.00412429 -0.00544905
v -0.06650000 0.00271441 -0.00419905
v -0.06650000 0.00292034 -0.00405852
v -0.06650000 0.00406766 -0.00553658
v -0.06650000 0.00418519 -0.00536444
v -0.06650000 0.00029872 -0.01123142
v -0.06650000 -0.00701270 -0.00877817
v -0.06650000 0.00401544 -0.00562681
v -0.06650000 0.00250173 -0.00432913
v -0.06650000 0.00425022 -0.00528296
v -0.06650000 0.00311901 -0.00390791
v -0.06650000 0.00396776 -0.00571952
v -0.06650000 0.00112670 -0.01001595
v -0.06650000 -0.00012266 -0.00499850
v -0.06650000 0.00431921 -0.00520480
v -0.06650000 0.00392475 -0.00581448
v -0.06650000 0.00228283 -0.00444845
v -0.06650000 0.00027491 -0.01133595
v -0.06650000 -0.00705675 -0.00887590
v -0.06650000 -0.00710562 -0.00897131
v -0.06650000 0.00439200 -0.00513017
v -0.06650000 0.00330993 -0.00374758
v -0.06650000 0.00388650 -0.00591146
v -0.06650000 0.00121525 -0.00995553
v -0.06650000 0.00446840 -0.00505924
v -0.06650000 0.00385311 -0.00601022
v -0.06650000 0.00205825 -0.00455671
v -0.06650000 0.00025634 -0.01144153
v -0.06650000 -0.00715918 -0.00906417
v -0.06650000 0.00454823 -0.00499219
v -0.06650000 0.00349261 -0.00357794
v -0.06650000 0.00130671 -0.00989959
v -0.06650000 0.00012665 -0.00499840
v -0.06650000 0.00382466 -0.00611051
v -0.06650000 0.00463128 -0.00492918
v -0.06650000 0.00024305 -0.01154790
v -0.06650000 0.00380123 -0.00621209
v -0.06650000 0.00182856 -0.00465364
v -0.06650000 0.00140083 -0.00984829
v -0.06650000 0.00471736 -0.00487037
v -0.06650000 0.00366662 -0.00339940
v -0.06650000 0.00023508 -0.01165481
v -0.06650000 -0.00721731 -0.00915425
v -0.06650000 -0.00727985 -0.00924132
v -0.06650000 0.00378286 -0.00631471
v -0.06650000 0.00159433 -0.00473900
v -0.06650000 0.00149740 -0.00980174
v -0.06650000 0.00037564 -0.00498587
v -0.06650000 0.00480625 -0.00481591
v -0.06650000 0.00376961 -0.00641812
v -0.06650000 0.00023245 -0.01176198
v -0.06650000 0.00489774 -0.00476593
v -0.06650000 0.00383151 -0.00321241
v -0.06650000 0.00159617 -0.00976005
v -0.06650000 0.00062370 -0.00496095
v -0.06650000 0.00376151 -0.00652205
v -0.06650000 0.00135612 -0.00481258
v -0.06650000 0.00023516 -0.01186915
v -0.06650000 -0.00734666 -0.00932516
v -0.06650000 0.00499159 -0.00472054
v -0.06650000 0.00169689 -0.00972335
v -0.06650000 0.00375858 -0.00662626
v -0.06650000 0.00024322 -0.01197604
v -0.06650000 -0.00741756 -0.00940556
v -0.06650000 -0.00749238 -0.00948234
v -0.06650000 0.00508758 -0.00467987
v -0.06650000 0.00398687 -0.00301743
v -0.06650000 0.00376082 -0.00673049
v -0.06650000 0.00111455 -0.00487419
v -0.06650000 0.00179932 -0.00969171
v -0.06650000 0.00087021 -0.00492369
v -0.06650000 0.00518547 -0.00464402
v -0.06650000 0.00025659 -0.01208241
v -0.06650000 0.00376823 -0.00683448
v -0.06650000 0.00190319 -0.00966522
v -0.06650000 0.00528502 -0.00461307
v -0.06650000 0.00413232 -0.00281495
v -0.06650000 0.00027525 -0.01218798
v -0.06650000 -0.00757094 -0.00955528
v -0.06650000 0.00378080 -0.00693797
v -0.06650000 0.00200826 -0.00964393
v -0.06650000 0.00538599 -0.00458709
v -0.06650000 0.00029915 -0.01229248
v -0.06650000 0.00379848 -0.00704071
v -0.06650000 0.00211426 -0.00962791
v -0.06650000 0.00548811 -0.00456616
v -0.06650000 0.00426749 -0.00260547
v -0.06650000 0.00032822 -0.01239566
v -0.06650000 0.00382139 -0.00714303
v -0.06650000 0.01104843 0.00857837
v -0.06650000 0.01107751 0.00847518
v -0.06650000 0.01110140 0.00837068
v -0.06650000 0.00222092 -0.00961720
v -0.06650000 0.00559115 -0.00455032
v -0.06650000 0.00036240 -0.01249727
v -0.06650000 0.00384938 -0.00724409
v -0.06650000 0.00232799 -0.00961181
v -0.06650000 0.00569485 -0.00453962
v -0.06650000 0.00439206 -0.00238952
v -0.06650000 0.00388238 -0.00734363
v -0.06650000 0.00040161 -0.01259705
v -0.06650000 0.00579895 -0.00453407
v -0.06650000 0.00450571 -0.00216762
v -0.06650000 0.00243519 -0.00961177
v -0.06650000 0.00392030 -0.00744139
v -0.06650000 0.00044574 -0.01269474
v -0.06650000 0.00590320 -0.00453370
v -0.06650000 0.00396306 -0.00753714
v -0.06650000 0.00254226 -0.00961707
v -0.06650000 0.00049468 -0.01279012
v -0.06650000 0.00600734 -0.00453850
v -0.06650000 0.00460816 -0.00194033
v -0.06650000 0.00401055 -0.00763063
v -0.06650000 0.00264894 -0.00962770
v -0.06650000 0.00054832 -0.01288294
v -0.06650000 0.00611112 -0.00454847
v -0.06650000 0.00406264 -0.00772164
v -0.06650000 0.00275495 -0.00964363
v -0.06650000 0.00060652 -0.01297297
v -0.06650000 0.00621427 -0.00456357
v -0.06650000 0.00469915 -0.00170822
v -0.06650000 0.00411921 -0.00780993
v -0.06650000 0.00286003 -0.00966483
v -0.06650000 0.00066913 -0.01305998
v -0.06650000 0.00631654 -0.00458377
v -0.06650000 0.00418012 -0.00789529
v -0.06650000 0.00296393 -0.00969125
v -0.06650000 0.00641769 -0.00460902
v -0.06650000 0.00477845 -0.00147187
v -0.06650000 0.00424521 -0.00797750
v -0.06650000 0.00306638 -0.00972280
v -0.06650000 0.01112006 0.00826511
v -0.06650000 0.01113343 0.00815875
v -0.06650000 0.01114149 0.00805185
v -0.06650000 0.00431433 -0.00805636
v -0.06650000 0.00316713 -0.00975943
v -0.06650000 0.00438730 -0.00813168
v -0.06650000 0.00326593 -0.00980103
v -0.06650000 0.00446393 -0.00820325
v -0.06650000 0.00336254 -0.00984750
v -0.06650000 0.00454404 -0.00827091
v -0.06650000 0.00345671 -0.00989874
v -0.06650000 0.00073601 -0.01314377
v -0.06650000 0.00080697 -0.01322412
v -0.06650000 0.00462743 -0.00833449
v -0.06650000 0.00354820 -0.00995460
v -0.06650000 0.00471389 -0.00839383
v -0.06650000 0.00363680 -0.01001495
v -0.06650000 0.00480321 -0.00844877
v -0.06650000 0.00372228 -0.01007965
v -0.06650000 0.00489515 -0.00849919
v -0.06650000 0.00380443 -0.01014852
v -0.06650000 0.01114420 0.00794468
v -0.06650000 0.01114157 0.00783751
v -0.06650000 0.01113361 0.00773060
v -0.06650000 0.01112032 0.00762423
v -0.06650000 0.00498950 -0.00854496
v -0.06650000 0.00388304 -0.01022141
v -0.06650000 0.00508601 -0.00858596
v -0.06650000 0.00395793 -0.01029812
v -0.06650000 0.00518445 -0.00862209
v -0.06650000 0.00402889 -0.01037847
v -0.06650000 0.00528458 -0.00865326
v -0.06650000 0.00409577 -0.01046226
v -0.06650000 0.00538613 -0.00867939
v -0.06650000 0.00096047 -0.01337372
v -0.06650000 0.00104262 -0.01344259
v -0.06650000 0.00088185 -0.01330083
v -0.06650000 0.00415838 -0.01054927
v -0.06650000 0.00548886 -0.00870043
v -0.06650000 0.00421658 -0.01063930
v -0.06650000 0.00954163 -0.00269694
v -0.06650000 0.00490126 -0.00098877
v -0.06650000 0.00494445 -0.00074324
v -0.06650000 0.00959976 -0.00260687
v -0.06650000 0.00966230 -0.00251980
v -0.06650000 0.00497535 -0.00049585
v -0.06650000 0.00948807 -0.00278981
v -0.06650000 0.00484588 -0.00123185
v -0.06650000 0.00972911 -0.00243596
v -0.06650000 0.00943920 -0.00288522
v -0.06650000 0.00980001 -0.00235556
v -0.06650000 0.00499388 -0.00024724
v -0.06650000 0.00559251 -0.00871630
v -0.06650000 0.00939515 -0.00298295
v -0.06650000 0.00987483 -0.00227878
v -0.06650000 0.00500000 0.00000200
v -0.06650000 0.00427022 -0.01073212
v -0.06650000 0.00935602 -0.00308276
v -0.06650000 0.00995339 -0.00220584
v -0.06650000 0.00932192 -0.00318439
v -0.06650000 0.00651745 -0.00463927
v -0.06650000 0.01003548 -0.00213690
v -0.06650000 0.00499368 0.00025122
v -0.06650000 0.00929293 -0.00328760
v -0.06650000 0.00661199 -0.00467303
v -0.06650000 0.00670481 -0.00471128
v -0.06650000 0.00569683 -0.00872699
v -0.06650000 0.01012091 -0.00207213
v -0.06650000 0.00497495 0.00049983
v -0.06650000 0.00431916 -0.01082750
v -0.06650000 0.00926911 -0.00339213
v -0.06650000 0.00679569 -0.00475392
v -0.06650000 0.01020946 -0.00201171
v -0.06650000 0.00925054 -0.00349771
v -0.06650000 0.00688443 -0.00480085
v -0.06650000 0.00580155 -0.00873245
v -0.06650000 0.01030091 -0.00195577
v -0.06650000 0.00494386 0.00074719
v -0.06650000 0.00436329 -0.01092519
v -0.06650000 0.00923725 -0.00360408
v -0.06650000 0.00697083 -0.00485197
v -0.06650000 0.01110174 0.00751865
v -0.06650000 0.01107793 0.00741412
v -0.06650000 0.01104894 0.00731092
v -0.06650000 0.01039504 -0.00190447
v -0.06650000 0.00922928 -0.00371099
v -0.06650000 0.00705469 -0.00490716
v -0.06650000 0.00590641 -0.00873268
v -0.06650000 0.00440249 -0.01102497
v -0.06650000 0.01049160 -0.00185791
v -0.06650000 0.00922665 -0.00381816
v -0.06650000 0.00713581 -0.00496630
v -0.06650000 0.01059037 -0.00181623
v -0.06650000 0.00904866 0.00579451
v -0.06650000 0.00601115 -0.00872767
v -0.06650000 0.00443668 -0.01112658
v -0.06650000 0.00922937 -0.00392532
v -0.06650000 0.00721401 -0.00502924
v -0.06650000 0.01069109 -0.00177953
v -0.06650000 0.00915573 0.00579990
v -0.06650000 0.00611551 -0.00871745
v -0.06650000 0.00923742 -0.00403222
v -0.06650000 0.00728912 -0.00509585
v -0.06650000 0.00446575 -0.01122976
v -0.06650000 0.01079352 -0.00174789
v -0.06650000 0.00926239 0.00581061
v -0.06650000 0.00621923 -0.00870202
v -0.06650000 0.00925079 -0.00413859
v -0.06650000 0.00736096 -0.00516597
v -0.06650000 0.00448965 -0.01133426
v -0.06650000 0.01089740 -0.00172139
v -0.06650000 0.00936839 0.00582663
v -0.06650000 0.00947346 0.00584792
v -0.06650000 0.00632206 -0.00868144
v -0.06650000 0.00926945 -0.00424415
v -0.06650000 0.00742936 -0.00523945
v -0.06650000 0.00450831 -0.01143983
v -0.06650000 0.00130819 -0.01362350
v -0.06650000 0.00140236 -0.01367474
v -0.06650000 0.00121670 -0.01356764
v -0.06650000 0.00112810 -0.01350729
v -0.06650000 0.01100246 -0.00170011
v -0.06650000 0.00642372 -0.00865575
v -0.06650000 0.00929335 -0.00434866
v -0.06650000 0.00749417 -0.00531611
v -0.06650000 0.00452168 -0.01154619
v -0.06650000 0.01110846 -0.00168409
v -0.06650000 0.00957734 0.00587441
v -0.06650000 0.00967976 0.00590605
v -0.06650000 0.00652398 -0.00862502
v -0.06650000 0.00452973 -0.01165309
v -0.06650000 0.00932242 -0.00445184
v -0.06650000 0.00755525 -0.00539578
v -0.06650000 0.00662258 -0.00858932
v -0.06650000 0.01121513 -0.00167337
v -0.06650000 0.00453245 -0.01176026
v -0.06650000 0.00935661 -0.00455345
v -0.06650000 0.00761245 -0.00547828
v -0.06650000 0.00671927 -0.00854874
v -0.06650000 0.00452982 -0.01186743
v -0.06650000 0.01132219 -0.00166799
v -0.06650000 0.00978049 0.00594276
v -0.06650000 0.00987925 0.00598444
v -0.06650000 0.00681382 -0.00850339
v -0.06650000 0.00939581 -0.00465322
v -0.06650000 0.00766564 -0.00556342
v -0.06650000 0.01142940 -0.00166795
v -0.06650000 0.00997582 0.00603099
v -0.06650000 0.00943994 -0.00475092
v -0.06650000 0.00771470 -0.00565100
v -0.06650000 0.01101484 0.00720928
v -0.06650000 0.01097571 0.00710948
v -0.06650000 0.01153647 -0.00167325
v -0.06650000 0.00948889 -0.00484630
v -0.06650000 0.00775952 -0.00574083
v -0.06650000 0.01164314 -0.00168388
v -0.06650000 0.01006995 0.00608230
v -0.06650000 0.00954253 -0.00493912
v -0.06650000 0.00780000 -0.00583270
v -0.06650000 0.01174915 -0.00169981
v -0.06650000 0.01016140 0.00613823
v -0.06650000 0.00960072 -0.00502915
v -0.06650000 0.00783604 -0.00592639
v -0.06650000 0.00786756 -0.00602170
v -0.06650000 0.01185424 -0.00172101
v -0.06650000 0.01024995 0.00619866
v -0.06650000 0.00966334 -0.00511616
v -0.06650000 0.00789449 -0.00611841
v -0.06650000 0.00159777 -0.01376281
v -0.06650000 0.00169852 -0.01379944
v -0.06650000 0.00149896 -0.01372121
v -0.06650000 0.01195813 -0.00174742
v -0.06650000 0.01033538 0.00626342
v -0.06650000 0.00973021 -0.00519995
v -0.06650000 0.00791676 -0.00621630
v -0.06650000 0.01206059 -0.00177898
v -0.06650000 0.01041747 0.00633236
v -0.06650000 0.00980118 -0.00528030
v -0.06650000 0.00793501 -0.00631956
v -0.06650000 0.01216134 -0.00181561
v -0.06650000 0.01049603 0.00640531
v -0.06650000 0.00987606 -0.00535701
v -0.06650000 0.00794808 -0.00642360
v -0.06650000 0.01093166 0.00701174
v -0.06650000 0.01088279 0.00691633
v -0.06650000 0.01082923 0.00682347
v -0.06650000 0.00995467 -0.00542990
v -0.06650000 0.00795594 -0.00652817
v -0.06650000 0.01003682 -0.00549877
v -0.06650000 0.00795857 -0.00663300
v -0.06650000 0.01012230 -0.00556347
v -0.06650000 0.00795596 -0.00673783
v -0.06650000 0.01021090 -0.00562382
v -0.06650000 0.00794813 -0.00684240
v -0.06650000 0.00190487 -0.01385741
v -0.06650000 0.00200995 -0.01387861
v -0.06650000 0.00180097 -0.01383099
v -0.06650000 0.01030240 -0.00567968
v -0.06650000 0.00793508 -0.00694644
v -0.06650000 0.01039656 -0.00573091
v -0.06650000 0.00791685 -0.00704971
v -0.06650000 0.01049317 -0.00577739
v -0.06650000 0.00789350 -0.00715194
v -0.06650000 0.01077110 0.00673339
v -0.06650000 0.01070856 0.00664633
v -0.06650000 0.01059197 -0.00581899
v -0.06650000 0.00786507 -0.00725287
v -0.06650000 0.01069272 -0.00585562
v -0.06650000 0.00783163 -0.00735226
v -0.06650000 0.01079517 -0.00588717
v -0.06650000 0.00779328 -0.00744986
v -0.06650000 0.01089907 -0.00591358
v -0.06650000 0.00775010 -0.00754542
v -0.06650000 0.00232971 -0.01391047
v -0.06650000 0.00243691 -0.01391043
v -0.06650000 0.00222264 -0.01390517
v -0.06650000 0.00211596 -0.01389454
v -0.06650000 0.01100415 -0.00593478
v -0.06650000 0.00770221 -0.00763870
v -0.06650000 0.01111017 -0.00595072
v -0.06650000 0.00764972 -0.00772948
v -0.06650000 0.01121684 -0.00596135
v -0.06650000 0.00759276 -0.00781753
v -0.06650000 0.01064175 0.00656249
v -0.06650000 0.01057085 0.00648208
v -0.06650000 0.00275664 -0.01387831
v -0.06650000 0.00286171 -0.01385702
v -0.06650000 0.00265064 -0.01389433
v -0.06650000 0.00254398 -0.01390504
v -0.06650000 0.01226014 -0.00185721
v -0.06650000 0.00306801 -0.01379889
v -0.06650000 0.00316873 -0.01376218
v -0.06650000 0.00296558 -0.01383053
v -0.06650000 0.01235674 -0.00190368
v -0.06650000 0.01245091 -0.00195491
v -0.06650000 0.00336407 -0.01367395
v -0.06650000 0.00345819 -0.01362264
v -0.06650000 0.00326750 -0.01372050
v -0.06650000 0.00354964 -0.01356671
v -0.06650000 0.01254241 -0.00201078
v -0.06650000 0.01263100 -0.00207113
v -0.06650000 0.00372362 -0.01344152
v -0.06650000 0.00380572 -0.01337258
v -0.06650000 0.00363820 -0.01350629
v -0.06650000 0.01271648 -0.00213583
v -0.06650000 0.01279863 -0.00220470
v -0.06650000 0.01287725 -0.00227759
v -0.06650000 0.00395909 -0.01322286
v -0.06650000 0.00403000 -0.01314246
v -0.06650000 0.00388427 -0.01329963
v -0.06650000 0.01295213 -0.00235430
v -0.06650000 0.01302310 -0.00243465
v -0.06650000 0.00421747 -0.01288147
v -0.06650000 0.00427104 -0.01278861
v -0.06650000 0.00415935 -0.01297155
v -0.06650000 0.00409680 -0.01305861
v -0.06650000 0.01308997 -0.00251843
v -0.06650000 0.01315258 -0.00260545
v -0.06650000 0.01321078 -0.00269548
v -0.06650000 0.00436396 -0.01259546
v -0.06650000 0.00440308 -0.01249566
v -0.06650000 0.00431990 -0.01269320
v -0.06650000 0.01326442 -0.00278830
v -0.06650000 0.01331336 -0.00288367
v -0.06650000 0.01335749 -0.00298137
v -0.06650000 0.01339670 -0.00308115
v -0.06650000 0.00443718 -0.01239402
v -0.06650000 0.00446618 -0.01229082
v -0.06650000 0.01343088 -0.00318275
v -0.06650000 0.01345996 -0.00328594
v -0.06650000 0.01348385 -0.00339044
v -0.06650000 0.00450856 -0.01208071
v -0.06650000 0.00452185 -0.01197434
v -0.06650000 0.00448999 -0.01218629
v -0.06650000 0.01350251 -0.00349601
v -0.06650000 0.01351588 -0.00360237
v -0.06650000 0.01352394 -0.00370927
v -0.06650000 0.00690598 -0.00845337
v -0.06650000 0.01352665 -0.00381644
v -0.06650000 0.01352402 -0.00392361
v -0.06650000 0.01351605 -0.00403051
v -0.06650000 0.01350277 -0.00413689
v -0.06650000 0.00708225 -0.00833986
v -0.06650000 0.00716592 -0.00827665
v -0.06650000 0.00699554 -0.00839881
v -0.06650000 0.01348419 -0.00424247
v -0.06650000 0.01346038 -0.00434699
v -0.06650000 0.01343139 -0.00445020
v -0.06650000 0.00724633 -0.00820934
v -0.06650000 0.00732328 -0.00813810
v -0.06650000 0.01339729 -0.00455183
v -0.06650000 0.01335816 -0.00465164
v -0.06650000 0.01331411 -0.00474937
v -0.06650000 0.01326524 -0.00484479
v -0.06650000 0.00746603 -0.00798455
v -0.06650000 0.00753148 -0.00790262
v -0.06650000 0.00739657 -0.00806310
v -0.06650000 0.01321168 -0.00493765
v -0.06650000 0.01315355 -0.00502773
v -0.06650000 0.01309101 -0.00511479
v -0.06650000 0.01302420 -0.00519863
v -0.06650000 0.01132391 -0.00596665
v -0.06650000 0.01295330 -0.00527904
v -0.06650000 0.01287848 -0.00535581
v -0.06650000 0.01279992 -0.00542876
v -0.06650000 0.01153818 -0.00596122
v -0.06650000 0.01164484 -0.00595051
v -0.06650000 0.01143111 -0.00596661
v -0.06650000 0.01271783 -0.00549770
v -0.06650000 0.01263240 -0.00556246
v -0.06650000 0.01254385 -0.00562289
v -0.06650000 0.01175084 -0.00593449
v -0.06650000 0.01185591 -0.00591320
v -0.06650000 0.01245240 -0.00567882
v -0.06650000 0.01235827 -0.00573013
v -0.06650000 0.01226170 -0.00577668
v -0.06650000 0.01216294 -0.00581836
v -0.06650000 0.01206221 -0.00585507
v -0.06650000 0.01195979 -0.00588671
v -0.07250000 0.00490047 0.00099269
v -0.07250000 0.00494386 0.00074719
v -0.07250000 0.00497495 0.00049983
v -0.07250000 0.00499368 0.00025122
v -0.07250000 0.00500000 0.00000200
v -0.07250000 0.00499388 -0.00024724
v -0.07250000 0.00497535 -0.00049585
v -0.07250000 0.00494445 -0.00074324
v -0.07250000 0.00490126 -0.00098877
v -0.07250000 0.00484588 -0.00123185
v -0.07250000 0.00477845 -0.00147187
v -0.07250000 0.00469915 -0.00170822
v -0.07250000 0.00460816 -0.00194033
v -0.07250000 0.00450571 -0.00216762
v -0.07250000 0.00439206 -0.00238952
v -0.07250000 0.00426749 -0.00260547
v -0.07250000 0.00413232 -0.00281495
v -0.07250000 0.00398687 -0.00301743
v -0.07250000 0.00383151 -0.00321241
v -0.07250000 0.00366662 -0.00339940
v -0.07250000 0.00349261 -0.00357794
v -0.07250000 0.00330993 -0.00374758
v -0.07250000 0.00311901 -0.00390791
v -0.07250000 0.00292034 -0.00405852
v -0.07250000 0.00271441 -0.00419905
v -0.07250000 0.00250173 -0.00432913
v -0.07250000 0.00228283 -0.00444845
v -0.07250000 0.00205825 -0.00455671
v -0.07250000 0.00182856 -0.00465364
v -0.07250000 0.00159433 -0.00473900
v -0.07250000 0.00135612 -0.00481258
v -0.07250000 0.00111455 -0.00487419
v -0.07250000 0.00087021 -0.00492369
v -0.07250000 0.00062370 -0.00496095
v -0.07250000 0.00037564 -0.00498587
v -0.07250000 0.00012665 -0.00499840
v -0.07250000 -0.00012266 -0.00499850
v -0.07250000 -0.00037166 -0.00498617
v -0.07250000 -0.00061974 -0.00496144
v -0.07250000 -0.00086627 -0.00492439
v -0.07250000 -0.00111066 -0.00487508
v -0.07250000 -0.00135228 -0.00481366
v -0.07250000 -0.00159054 -0.00474027
v -0.07250000 -0.00182485 -0.00465510
v -0.07250000 -0.00205462 -0.00455835
v -0.07250000 -0.00227928 -0.00445027
v -0.07250000 -0.00249827 -0.00433112
v -0.07250000 -0.00271105 -0.00420121
v -0.07250000 -0.00291710 -0.00406085
v -0.07250000 -0.00311589 -0.00391040
v -0.07250000 -0.00330693 -0.00375023
v -0.07250000 -0.00348975 -0.00358073
v -0.07250000 -0.00366390 -0.00340233
v -0.07250000 -0.00382894 -0.00321547
v -0.07250000 -0.00398446 -0.00302061
v -0.07250000 -0.00413007 -0.00281825
v -0.07250000 -0.00426541 -0.00260888
v -0.07250000 -0.00439015 -0.00239302
v -0.07250000 -0.00450398 -0.00217122
v -0.07250000 -0.00460661 -0.00194401
v -0.07250000 -0.00469778 -0.00171198
v -0.07250000 -0.00477728 -0.00147568
v -0.07250000 -0.00484489 -0.00123572
v -0.07250000 -0.00490047 -0.00099269
v -0.07250000 -0.00494386 -0.00074719
v -0.07250000 -0.00497495 -0.00049983
v -0.07250000 -0.00499368 -0.00025122
v -0.07250000 -0.00500000 -0.00000200
v -0.07250000 -0.00499388 0.00024724
v -0.07250000 -0.00497535 0.00049585
v -0.07250000 -0.00494445 0.00074324
v -0.07250000 -0.00490126 0.00098877
v -0.07250000 -0.00484588 0.00123185
v -0.07250000 -0.00477845 0.00147187
v -0.07250000 -0.00469915 0.00170822
v -0.07250000 -0.00460816 0.00194033
v -0.07250000 -0.00450571 0.00216762
v -0.07250000 -0.00439206 0.00238952
v -0.07250000 -0.00426749 0.00260547
v -0.07250000 -0.00413232 0.00281495
v -0.07250000 -0.00398687 0.00301743
v -0.07250000 -0.00383151 0.00321241
v -0.07250000 -0.00366662 0.00339940
v -0.07250000 -0.00349261 0.00357794
v -0.07250000 -0.00330993 0.00374758
v -0.07250000 -0.00311901 0.00390791
v -0.07250000 -0.00292034 0.00405852
v -0.07250000 -0.00271441 0.00419905
v -0.07250000 -0.00250173 0.00432913
v -0.07250000 -0.00228283 0.00444845
v -0.07250000 -0.00205825 0.00455671
v -0.07250000 -0.00182856 0.00465364
v -0.07250000 -0.00159433 0.00473900
v -0.07250000 -0.00135612 0.00481258
v -0.07250000 -0.00111455 0.00487419
v -0.07250000 -0.00087021 0.00492369
v -0.07250000 -0.00062370 0.00496095
v -0.07250000 -0.00037564 0.00498587
v -0.07250000 -0.00012665 0.00499840
v -0.07250000 0.00012266 0.00499850
v -0.07250000 0.00037166 0.00498617
v -0.07250000 0.00061974 0.00496144
v -0.07250000 0.00086627 0.00492439
v -0.07250000 0.00111066 0.00487508
v -0.07250000 0.00135228 0.00481366
v -0.07250000 0.00159054 0.00474027
v -0.07250000 0.00182485 0.00465510
v -0.07250000 0.00205462 0.00455835
v -0.07250000 0.00227928 0.00445027
v -0.07250000 0.00249827 0.00433112
v -0.07250000 0.00271105 0.00420121
v -0.07250000 0.00291710 0.00406085
v -0.07250000 0.00311589 0.00391040
v -0.07250000 0.00330693 0.00375023
v -0.07250000 0.00348975 0.00358073
v -0.07250000 0.00366390 0.00340233
v -0.07250000 0.00382894 0.00321547
v -0.07250000 0.00398446 0.00302061
v -0.07250000 0.00413007 0.00281825
v -0.07250000 0.00426541 0.00260888
v -0.07250000 0.00439015 0.00239302
v -0.07250000 0.00450398 0.00217122
v -0.07250000 0.00460661 0.00194401
v -0.07250000 0.00469778 0.00171198
v -0.07250000 0.00477728 0.00147568
v -0.07250000 0.00484489 0.00123572
v -0.07250000 -0.00688700 -0.00751697
v -0.07250000 -0.00686835 -0.00762253
v -0.07250000 -0.00685497 -0.00772890
v -0.07250000 -0.00684692 -0.00783580
v -0.07250000 -0.00684420 -0.00794296
v -0.07250000 -0.00684683 -0.00805013
v -0.07250000 -0.00685480 -0.00815704
v -0.07250000 -0.00686809 -0.00826341
v -0.07250000 -0.00688666 -0.00836899
v -0.07250000 -0.00691048 -0.00847352
v -0.07250000 -0.00693947 -0.00857672
v -0.07250000 -0.00697357 -0.00867836
v -0.07250000 -0.00701270 -0.00877817
v -0.07250000 -0.00705675 -0.00887590
v -0.07250000 -0.00710562 -0.00897131
v -0.07250000 -0.00715918 -0.00906417
v -0.07250000 -0.00721731 -0.00915425
v -0.07250000 -0.00727985 -0.00924132
v -0.07250000 -0.00734666 -0.00932516
v -0.07250000 -0.00741756 -0.00940556
v -0.07250000 -0.00749238 -0.00948234
v -0.07250000 -0.00757094 -0.00955528
v -0.07250000 -0.00765303 -0.00962422
v -0.07250000 -0.00773846 -0.00968899
v -0.07250000 -0.00782701 -0.00974941
v -0.07250000 -0.00791846 -0.00980535
v -0.07250000 -0.00801259 -0.00985665
v -0.07250000 -0.00810915 -0.00990321
v -0.07250000 -0.00820792 -0.00994489
v -0.07250000 -0.00830864 -0.00998159
v -0.07250000 -0.00841107 -0.01001323
v -0.07250000 -0.00851495 -0.01003973
v -0.07250000 -0.00862001 -0.01006101
v -0.07250000 -0.00872601 -0.01007703
v -0.07250000 -0.00883268 -0.01008775
v -0.07250000 -0.00893974 -0.01009313
v -0.07250000 -0.00904695 -0.01009317
v -0.07250000 -0.00915402 -0.01008787
v -0.07250000 -0.00926069 -0.01007724
v -0.07250000 -0.00936670 -0.01006131
v -0.07250000 -0.00947179 -0.01004011
v -0.07250000 -0.00957568 -0.01001370
v -0.07250000 -0.00967814 -0.00998214
v -0.07250000 -0.00977889 -0.00994551
v -0.07250000 -0.00987769 -0.00990391
v -0.07250000 -0.00997429 -0.00985744
v -0.07250000 -0.01006846 -0.00980621
v -0.07250000 -0.01015996 -0.00975034
v -0.07250000 -0.01024856 -0.00968999
v -0.07250000 -0.01033404 -0.00962529
v -0.07250000 -0.01041618 -0.00955642
v -0.07250000 -0.01049480 -0.00948353
v -0.07250000 -0.01056968 -0.00940682
v -0.07250000 -0.01064065 -0.00932647
v -0.07250000 -0.01070752 -0.00924269
v -0.07250000 -0.01077013 -0.00915567
v -0.07250000 -0.01082833 -0.00906564
v -0.07250000 -0.01088197 -0.00897282
v -0.07250000 -0.01093091 -0.00887744
v -0.07250000 -0.01097504 -0.00877975
v -0.07250000 -0.01101425 -0.00867997
v -0.07250000 -0.01104843 -0.00857837
v -0.07250000 -0.01107751 -0.00847518
v -0.07250000 -0.01110140 -0.00837068
v -0.07250000 -0.01112006 -0.00826511
v -0.07250000 -0.01113343 -0.00815875
v -0.07250000 -0.01114149 -0.00805185
v -0.07250000 -0.01114420 -0.00794468
v -0.07250000 -0.01114157 -0.00783751
v -0.07250000 -0.01113361 -0.00773060
v -0.07250000 -0.01112032 -0.00762423
v -0.07250000 -0.01110174 -0.00751865
v -0.07250000 -0.01107793 -0.00741412
v -0.07250000 -0.01104894 -0.00731092
v -0.07250000 -0.01101484 -0.00720928
v -0.07250000 -0.01097571 -0.00710948
v -0.07250000 -0.01093166 -0.00701174
v -0.07250000 -0.01088279 -0.00691633
v -0.07250000 -0.01082923 -0.00682347
v -0.07250000 -0.01077110 -0.00673339
v -0.07250000 -0.01070856 -0.00664633
v -0.07250000 -0.01064175 -0.00656249
v -0.07250000 -0.01057085 -0.00648208
v -0.07250000 -0.01049603 -0.00640531
v -0.07250000 -0.01041747 -0.00633236
v -0.07250000 -0.01033538 -0.00626342
v -0.07250000 -0.01024995 -0.00619866
v -0.07250000 -0.01016140 -0.00613823
v -0.07250000 -0.01006995 -0.00608230
v -0.07250000 -0.00997582 -0.00603099
v -0.07250000 -0.00987925 -0.00598444
v -0.07250000 -0.00978049 -0.00594276
v -0.07250000 -0.00967976 -0.00590605
v -0.07250000 -0.00957734 -0.00587441
v -0.07250000 -0.00947346 -0.00584792
v -0.07250000 -0.00936839 -0.00582663
v -0.07250000 -0.00926239 -0.00581061
v -0.07250000 -0.00915573 -0.00579990
v -0.07250000 -0.00904866 -0.00579451
v -0.07250000 -0.00894146 -0.00579447
v -0.07250000 -0.00883439 -0.00579977
v -0.07250000 -0.00872772 -0.00581040
v -0.07250000 -0.00862171 -0.00582634
v -0.07250000 -0.00851662 -0.00584754
v -0.07250000 -0.00841272 -0.00587395
v -0.07250000 -0.00831027 -0.00590550
v -0.07250000 -0.00820952 -0.00594213
v -0.07250000 -0.00811072 -0.00598373
v -0.07250000 -0.00801411 -0.00603021
v -0.07250000 -0.00791995 -0.00608144
v -0.07250000 -0.00782845 -0.00613730
v -0.07250000 -0.00773985 -0.00619765
v -0.07250000 -0.00765437 -0.00626235
v -0.07250000 -0.00757222 -0.00633122
v -0.07250000 -0.00749361 -0.00640411
v -0.07250000 -0.00741873 -0.00648082
v -0.07250000 -0.00734776 -0.00656117
v -0.07250000 -0.00728089 -0.00664496
v -0.07250000 -0.00721827 -0.00673197
v -0.07250000 -0.00716008 -0.00682200
v -0.07250000 -0.00710644 -0.00691482
v -0.07250000 -0.00705749 -0.00701020
v -0.07250000 -0.00701336 -0.00710790
v -0.07250000 -0.00697416 -0.00720767
v -0.07250000 -0.00693998 -0.00730928
v -0.07250000 -0.00691090 -0.00741246
v -0.07250000 0.00448965 -0.01133426
v -0.07250000 0.00450831 -0.01143983
v -0.07250000 0.00452168 -0.01154619
v -0.07250000 0.00452973 -0.01165309
v -0.07250000 0.00453245 -0.01176026
v -0.07250000 0.00452982 -0.01186743
v -0.07250000 0.00452185 -0.01197434
v -0.07250000 0.00450856 -0.01208071
v -0.07250000 0.00448999 -0.01218629
v -0.07250000 0.00446618 -0.01229082
v -0.07250000 0.00443718 -0.01239402
v -0.07250000 0.00440308 -0.01249566
v -0.07250000 0.00436396 -0.01259546
v -0.07250000 0.00431990 -0.01269320
v -0.07250000 0.00427104 -0.01278861
v -0.07250000 0.00421747 -0.01288147
v -0.07250000 0.00415935 -0.01297155
v -0.07250000 0.00409680 -0.01305861
v -0.07250000 0.00403000 -0.01314246
v -0.07250000 0.00395909 -0.01322286
v -0.07250000 0.00388427 -0.01329963
v -0.07250000 0.00380572 -0.01337258
v -0.07250000 0.00372362 -0.01344152
v -0.07250000 0.00363820 -0.01350629
v -0.07250000 0.00354964 -0.01356671
v -0.07250000 0.00345819 -0.01362264
v -0.07250000 0.00336407 -0.01367395
v -0.07250000 0.00326750 -0.01372050
v -0.07250000 0.00316873 -0.01376218
v -0.07250000 0.00306801 -0.01379889
v -0.07250000 0.00296558 -0.01383053
v -0.07250000 0.00286171 -0.01385702
v -0.07250000 0.00275664 -0.01387831
v -0.07250000 0.00265064 -0.01389433
v -0.07250000 0.00254398 -0.01390504
v -0.07250000 0.00243691 -0.01391043
v -0.07250000 0.00232971 -0.01391047
v -0.07250000 0.00222264 -0.01390517
v -0.07250000 0.00211596 -0.01389454
v -0.07250000 0.00200995 -0.01387861
v -0.07250000 0.00190487 -0.01385741
v -0.07250000 0.00180097 -0.01383099
v -0.07250000 0.00169852 -0.01379944
v -0.07250000 0.00159777 -0.01376281
v -0.07250000 0.00149896 -0.01372121
v -0.07250000 0.00140236 -0.01367474
v -0.07250000 0.00130819 -0.01362350
v -0.07250000 0.00121670 -0.01356764
v -0.07250000 0.00112810 -0.01350729
v -0.07250000 0.00104262 -0.01344259
v -0.07250000 0.00096047 -0.01337372
v -0.07250000 0.00088185 -0.01330083
v -0.07250000 0.00080697 -0.01322412
v -0.07250000 0.00073601 -0.01314377
v -0.07250000 0.00066913 -0.01305998
v -0.07250000 0.00060652 -0.01297297
v -0.07250000 0.00054832 -0.01288294
v -0.07250000 0.00049468 -0.01279012
v -0.07250000 0.00044574 -0.01269474
v -0.07250000 0.00040161 -0.01259705
v -0.07250000 0.00036240 -0.01249727
v -0.07250000 0.00032822 -0.01239566
v -0.07250000 0.00029915 -0.01229248
v -0.07250000 0.00027525 -0.01218798
v -0.07250000 0.00025659 -0.01208241
v -0.07250000 0.00024322 -0.01197604
v -0.07250000 0.00023516 -0.01186915
v -0.07250000 0.00023245 -0.01176198
v -0.07250000 0.00023508 -0.01165481
v -0.07250000 0.00024305 -0.01154790
v -0.07250000 0.00025634 -0.01144153
v -0.07250000 0.00027491 -0.01133595
v -0.07250000 0.00029872 -0.01123142
v -0.07250000 0.00032771 -0.01112822
v -0.07250000 0.00036182 -0.01102658
v -0.07250000 0.00040094 -0.01092678
v -0.07250000 0.00044499 -0.01082904
v -0.07250000 0.00049386 -0.01073363
v -0.07250000 0.00054743 -0.01064077
v -0.07250000 0.00060555 -0.01055069
v -0.07250000 0.00066810 -0.01046362
v -0.07250000 0.00073490 -0.01037978
v -0.07250000 0.00080580 -0.01029938
v -0.07250000 0.00088063 -0.01022261
v -0.07250000 0.00095918 -0.01014966
v -0.07250000 0.00104128 -0.01008072
v -0.07250000 0.00112670 -0.01001595
v -0.07250000 0.00121525 -0.00995553
v -0.07250000 0.00130671 -0.00989959
v -0.07250000 0.00140083 -0.00984829
v -0.07250000 0.00149740 -0.00980174
v -0.07250000 0.00159617 -0.00976005
v -0.07250000 0.00169689 -0.00972335
v -0.07250000 0.00179932 -0.00969171
v -0.07250000 0.00190319 -0.00966522
v -0.07250000 0.00200826 -0.00964393
v -0.07250000 0.00211426 -0.00962791
v -0.07250000 0.00222092 -0.00961720
v -0.07250000 0.00232799 -0.00961181
v -0.07250000 0.00243519 -0.00961177
v -0.07250000 0.00254226 -0.00961707
v -0.07250000 0.00264894 -0.00962770
v -0.07250000 0.00275495 -0.00964363
v -0.07250000 0.00286003 -0.00966483
v -0.07250000 0.00296393 -0.00969125
v -0.07250000 0.00306638 -0.00972280
v -0.07250000 0.00316713 -0.00975943
v -0.07250000 0.00326593 -0.00980103
v -0.07250000 0.00336254 -0.00984750
v -0.07250000 0.00345671 -0.00989874
v -0.07250000 0.00354820 -0.00995460
v -0.07250000 0.00363680 -0.01001495
v -0.07250000 0.00372228 -0.01007965
v -0.07250000 0.00380443 -0.01014852
v -0.07250000 0.00388304 -0.01022141
v -0.07250000 0.00395793 -0.01029812
v -0.07250000 0.00402889 -0.01037847
v -0.07250000 0.00409577 -0.01046226
v -0.07250000 0.00415838 -0.01054927
v -0.07250000 0.00421658 -0.01063930
v -0.07250000 0.00427022 -0.01073212
v -0.07250000 0.00431916 -0.01082750
v -0.07250000 0.00436329 -0.01092519
v -0.07250000 0.00440249 -0.01102497
v -0.07250000 0.00443668 -0.01112658
v -0.07250000 0.00446575 -0.01122976
v -0.07250000 -0.00926945 0.00424415
v -0.07250000 -0.00925079 0.00413859
v -0.07250000 -0.00923742 0.00403222
v -0.07250000 -0.00922937 0.00392532
v -0.07250000 -0.00922665 0.00381816
v -0.07250000 -0.00922928 0.00371099
v -0.07250000 -0.00923725 0.00360408
v -0.07250000 -0.00925054 0.00349771
v -0.07250000 -0.00926911 0.00339213
v -0.07250000 -0.00929293 0.00328760
v -0.07250000 -0.00932192 0.00318439
v -0.07250000 -0.00935602 0.00308276
v -0.07250000 -0.00939515 0.00298295
v -0.07250000 -0.00943920 0.00288522
v -0.07250000 -0.00948807 0.00278981
v -0.07250000 -0.00954163 0.00269694
v -0.07250000 -0.00959976 0.00260687
v -0.07250000 -0.00966230 0.00251980
v -0.07250000 -0.00972911 0.00243596
v -0.07250000 -0.00980001 0.00235556
v -0.07250000 -0.00987483 0.00227878
v -0.07250000 -0.00995339 0.00220584
v -0.07250000 -0.01003548 0.00213690
v -0.07250000 -0.01012091 0.00207213
v -0.07250000 -0.01020946 0.00201171
v -0.07250000 -0.01030091 0.00195577
v -0.07250000 -0.01039504 0.00190447
v -0.07250000 -0.01049160 0.00185791
v -0.07250000 -0.01059037 0.00181623
v -0.07250000 -0.01069109 0.00177953
v -0.07250000 -0.01079352 0.00174789
v -0.07250000 -0.01089740 0.00172139
v -0.07250000 -0.01100246 0.00170011
v -0.07250000 -0.01110846 0.00168409
v -0.07250000 -0.01121513 0.00167337
v -0.07250000 -0.01132219 0.00166799
v -0.07250000 -0.01142940 0.00166795
v -0.07250000 -0.01153647 0.00167325
v -0.07250000 -0.01164314 0.00168388
v -0.07250000 -0.01174915 0.00169981
v -0.07250000 -0.01185424 0.00172101
v -0.07250000 -0.01195813 0.00174742
v -0.07250000 -0.01206059 0.00177898
v -0.07250000 -0.01216134 0.00181561
v -0.07250000 -0.01226014 0.00185721
v -0.07250000 -0.01235674 0.00190368
v -0.07250000 -0.01245091 0.00195491
v -0.07250000 -0.01254241 0.00201078
v -0.07250000 -0.01263100 0.00207113
v -0.07250000 -0.01271648 0.00213583
v -0.07250000 -0.01279863 0.00220470
v -0.07250000 -0.01287725 0.00227759
v -0.07250000 -0.01295213 0.00235430
v -0.07250000 -0.01302310 0.00243465
v -0.07250000 -0.01308997 0.00251843
v -0.07250000 -0.01315258 0.00260545
v -0.07250000 -0.01321078 0.00269548
v -0.07250000 -0.01326442 0.00278830
v -0.07250000 -0.01331336 0.00288367
v -0.07250000 -0.01335749 0.00298137
v -0.07250000 -0.01339670 0.00308115
v -0.07250000 -0.01343088 0.00318275
v -0.07250000 -0.01345996 0.00328594
v -0.07250000 -0.01348385 0.00339044
v -0.07250000 -0.01350251 0.00349601
v -0.07250000 -0.01351588 0.00360237
v -0.07250000 -0.01352394 0.00370927
v -0.07250000 -0.01352665 0.00381644
v -0.07250000 -0.01352402 0.00392361
v -0.07250000 -0.01351605 0.00403051
v -0.07250000 -0.01350277 0.00413689
v -0.07250000 -0.01348419 0.00424247
v -0.07250000 -0.01346038 0.00434699
v -0.07250000 -0.01343139 0.00445020
v -0.07250000 -0.01339729 0.00455183
v -0.07250000 -0.01335816 0.00465164
v -0.07250000 -0.01331411 0.00474937
v -0.07250000 -0.01326524 0.00484479
v -0.07250000 -0.01321168 0.00493765
v -0.07250000 -0.01315355 0.00502773
v -0.07250000 -0.01309101 0.00511479
v -0.07250000 -0.01302420 0.00519863
v -0.07250000 -0.01295330 0.00527904
v -0.07250000 -0.01287848 0.00535581
v -0.07250000 -0.01279992 0.00542876
v -0.07250000 -0.01271783 0.00549770
v -0.07250000 -0.01263240 0.00556246
v -0.07250000 -0.01254385 0.00562289
v -0.07250000 -0.01245240 0.00567882
v -0.07250000 -0.01235827 0.00573013
v -0.07250000 -0.01226170 0.00577668
v -0.07250000 -0.01216294 0.00581836
v -0.07250000 -0.01206221 0.00585507
v -0.07250000 -0.01195979 0.00588671
v -0.07250000 -0.01185591 0.00591320
v -0.07250000 -0.01175084 0.00593449
v -0.07250000 -0.01164484 0.00595051
v -0.07250000 -0.01153818 0.00596122
v -0.07250000 -0.01143111 0.00596661
v -0.07250000 -0.01132391 0.00596665
v -0.07250000 -0.01121684 0.00596135
v -0.07250000 -0.01111017 0.00595072
v -0.07250000 -0.01100415 0.00593478
v -0.07250000 -0.01089907 0.00591358
v -0.07250000 -0.01079517 0.00588717
v -0.07250000 -0.01069272 0.00585562
v -0.07250000 -0.01059197 0.00581899
v -0.07250000 -0.01049317 0.00577739
v -0.07250000 -0.01039656 0.00573091
v -0.07250000 -0.01030240 0.00567968
v -0.07250000 -0.01021090 0.00562382
v -0.07250000 -0.01012230 0.00556347
v -0.07250000 -0.01003682 0.00549877
v -0.07250000 -0.00995467 0.00542990
v -0.07250000 -0.00987606 0.00535701
v -0.07250000 -0.00980118 0.00528030
v -0.07250000 -0.00973021 0.00519995
v -0.07250000 -0.00966334 0.00511616
v -0.07250000 -0.00960072 0.00502915
v -0.07250000 -0.00954253 0.00493912
v -0.07250000 -0.00948889 0.00484630
v -0.07250000 -0.00943994 0.00475092
v -0.07250000 -0.00939581 0.00465322
v -0.07250000 -0.00935661 0.00455345
v -0.07250000 -0.00932242 0.00445184
v -0.07250000 -0.00929335 0.00434866
v -0.07250000 0.01348385 -0.00339044
v -0.07250000 0.01350251 -0.00349601
v -0.07250000 0.01351588 -0.00360237
v -0.07250000 0.01352394 -0.00370927
v -0.07250000 0.01352665 -0.00381644
v -0.07250000 0.01352402 -0.00392361
v -0.07250000 0.01351605 -0.00403051
v -0.07250000 0.01350277 -0.00413689
v -0.07250000 0.01348419 -0.00424247
v -0.07250000 0.01346038 -0.00434699
v -0.07250000 0.01343139 -0.00445020
v -0.07250000 0.01339729 -0.00455183
v -0.07250000 0.01335816 -0.00465164
v -0.07250000 0.01331411 -0.00474937
v -0.07250000 0.01326524 -0.00484479
v -0.07250000 0.01321168 -0.00493765
v -0.07250000 0.01315355 -0.00502773
v -0.07250000 0.01309101 -0.00511479
v -0.07250000 0.01302420 -0.00519863
v -0.07250000 0.01295330 -0.00527904
v -0.07250000 0.01287848 -0.00535581
v -0.07250000 0.01279992 -0.00542876
v -0.07250000 0.01271783 -0.00549770
v -0.07250000 0.01263240 -0.00556246
v -0.07250000 0.01254385 -0.00562289
v -0.07250000 0.01245240 -0.00567882
v -0.07250000 0.01235827 -0.00573013
v -0.07250000 0.01226170 -0.00577668
v -0.07250000 0.01216294 -0.00581836
v -0.07250000 0.01206221 -0.00585507
v -0.07250000 0.01195979 -0.00588671
v -0.07250000 0.01185591 -0.00591320
v -0.07250000 0.01175084 -0.00593449
v -0.07250000 0.01164484 -0.00595051
v -0.07250000 0.01153818 -0.00596122
v -0.07250000 0.01143111 -0.00596661
v -0.07250000 0.01132391 -0.00596665
v -0.07250000 0.01121684 -0.00596135
v -0.07250000 0.01111017 -0.00595072
v -0.07250000 0.01100415 -0.00593478
v -0.07250000 0.01089907 -0.00591358
v -0.07250000 0.01079517 -0.00588717
v -0.07250000 0.01069272 -0.00585562
v -0.07250000 0.01059197 -0.00581899
v -0.07250000 0.01049317 -0.00577739
v -0.07250000 0.01039656 -0.00573091
v -0.07250000 0.01030240 -0.00567968
v -0.07250000 0.01021090 -0.00562382
v -0.07250000 0.01012230 -0.00556347
v -0.07250000 0.01003682 -0.00549877
v -0.07250000 0.00995467 -0.00542990
v -0.07250000 0.00987606 -0.00535701
v -0.07250000 0.00980118 -0.00528030
v -0.07250000 0.00973021 -0.00519995
v -0.07250000 0.00966334 -0.00511616
v -0.07250000 0.00960072 -0.00502915
v -0.07250000 0.00954253 -0.00493912
v -0.07250000 0.00948889 -0.00484630
v -0.07250000 0.00943994 -0.00475092
v -0.07250000 0.00939581 -0.00465322
v -0.07250000 0.00935661 -0.00455345
v -0.07250000 0.00932242 -0.00445184
v -0.07250000 0.00929335 -0.00434866
v -0.07250000 0.00926945 -0.00424415
v -0.07250000 0.00925079 -0.00413859
v -0.07250000 0.00923742 -0.00403222
v -0.07250000 0.00922937 -0.00392532
v -0.07250000 0.00922665 -0.00381816
v -0.07250000 0.00922928 -0.00371099
v -0.07250000 0.00923725 -0.00360408
v -0.07250000 0.00925054 -0.00349771
v -0.07250000 0.00926911 -0.00339213
v -0.07250000 0.00929293 -0.00328760
v -0.07250000 0.00932192 -0.00318439
v -0.07250000 0.00935602 -0.00308276
v -0.07250000 0.00939515 -0.00298295
v -0.07250000 0.00943920 -0.00288522
v -0.07250000 0.00948807 -0.00278981
v -0.07250000 0.00954163 -0.00269694
v -0.07250000 0.00959976 -0.00260687
v -0.07250000 0.00966230 -0.00251980
v -0.07250000 0.00972911 -0.00243596
v -0.07250000 0.00980001 -0.00235556
v -0.07250000 0.00987483 -0.00227878
v -0.07250000 0.00995339 -0.00220584
v -0.07250000 0.01003548 -0.00213690
v -0.07250000 0.01012091 -0.00207213
v -0.07250000 0.01020946 -0.00201171
v -0.07250000 0.01030091 -0.00195577
v -0.07250000 0.01039504 -0.00190447
v -0.07250000 0.01049160 -0.00185791
v -0.07250000 0.01059037 -0.00181623
v -0.07250000 0.01069109 -0.00177953
v -0.07250000 0.01079352 -0.00174789
v -0.07250000 0.01089740 -0.00172139
v -0.07250000 0.01100246 -0.00170011
v -0.07250000 0.01110846 -0.00168409
v -0.07250000 0.01121513 -0.00167337
v -0.07250000 0.01132219 -0.00166799
v -0.07250000 0.01142940 -0.00166795
v -0.07250000 0.01153647 -0.00167325
v -0.07250000 0.01164314 -0.00168388
v -0.07250000 0.01174915 -0.00169981
v -0.07250000 0.01185424 -0.00172101
v -0.07250000 0.01195813 -0.00174742
v -0.07250000 0.01206059 -0.00177898
v -0.07250000 0.01216134 -0.00181561
v -0.07250000 0.01226014 -0.00185721
v -0.07250000 0.01235674 -0.00190368
v -0.07250000 0.01245091 -0.00195491
v -0.07250000 0.01254241 -0.00201078
v -0.07250000 0.01263100 -0.00207113
v -0.07250000 0.01271648 -0.00213583
v -0.07250000 0.01279863 -0.00220470
v -0.07250000 0.01287725 -0.00227759
v -0.07250000 0.01295213 -0.00235430
v -0.07250000 0.01302310 -0.00243465
v -0.07250000 0.01308997 -0.00251843
v -0.07250000 0.01315258 -0.00260545
v -0.07250000 0.01321078 -0.00269548
v -0.07250000 0.01326442 -0.00278830
v -0.07250000 0.01331336 -0.00288367
v -0.07250000 0.01335749 -0.00298137
v -0.07250000 0.01339670 -0.00308115
v -0.07250000 0.01343088 -0.00318275
v -0.07250000 0.01345996 -0.00328594
v -0.07250000 -0.00027525 0.01218798
v -0.07250000 -0.00025659 0.01208241
v -0.07250000 -0.00024322 0.01197604
v -0.07250000 -0.00023516 0.01186915
v -0.07250000 -0.00023245 0.01176198
v -0.07250000 -0.00023508 0.01165481
v -0.07250000 -0.00024305 0.01154790
v -0.07250000 -0.00025634 0.01144153
v -0.07250000 -0.00027491 0.01133595
v -0.07250000 -0.00029872 0.01123142
v -0.07250000 -0.00032771 0.01112822
v -0.07250000 -0.00036182 0.01102658
v -0.07250000 -0.00040094 0.01092678
v -0.07250000 -0.00044499 0.01082904
v -0.07250000 -0.00049386 0.01073363
v -0.07250000 -0.00054743 0.01064077
v -0.07250000 -0.00060555 0.01055069
v -0.07250000 -0.00066810 0.01046362
v -0.07250000 -0.00073490 0.01037978
v -0.07250000 -0.00080580 0.01029938
v -0.07250000 -0.00088063 0.01022261
v -0.07250000 -0.00095918 0.01014966
v -0.07250000 -0.00104128 0.01008072
v -0.07250000 -0.00112670 0.01001595
v -0.07250000 -0.00121525 0.00995553
v -0.07250000 -0.00130671 0.00989959
v -0.07250000 -0.00140083 0.00984829
v -0.07250000 -0.00149740 0.00980174
v -0.07250000 -0.00159617 0.00976005
v -0.07250000 -0.00169689 0.00972335
v -0.07250000 -0.00179932 0.00969171
v -0.07250000 -0.00190319 0.00966522
v -0.07250000 -0.00200826 0.00964393
v -0.07250000 -0.00211426 0.00962791
v -0.07250000 -0.00222092 0.00961720
v -0.07250000 -0.00232799 0.00961181
v -0.07250000 -0.00243519 0.00961177
v -0.07250000 -0.00254226 0.00961707
v -0.07250000 -0.00264894 0.00962770
v -0.07250000 -0.00275495 0.00964363
v -0.07250000 -0.00286003 0.00966483
v -0.07250000 -0.00296393 0.00969125
v -0.07250000 -0.00306638 0.00972280
v -0.07250000 -0.00316713 0.00975943
v -0.07250000 -0.00326593 0.00980103
v -0.07250000 -0.00336254 0.00984750
v -0.07250000 -0.00345671 0.00989874
v -0.07250000 -0.00354820 0.00995460
v -0.07250000 -0.00363680 0.01001495
v -0.07250000 -0.00372228 0.01007965
v -0.07250000 -0.00380443 0.01014852
v -0.07250000 -0.00388304 0.01022141
v -0.07250000 -0.00395793 0.01029812
v -0.07250000 -0.00402889 0.01037847
v -0.07250000 -0.00409577 0.01046226
v -0.07250000 -0.00415838 0.01054927
v -0.07250000 -0.00421658 0.01063930
v -0.07250000 -0.00427022 0.01073212
v -0.07250000 -0.00431916 0.01082750
v -0.07250000 -0.00436329 0.01092519
v -0.07250000 -0.00440249 0.01102497
v -0.07250000 -0.00443668 0.01112658
v -0.07250000 -0.00446575 0.01122976
v -0.07250000 -0.00448965 0.01133426
v -0.07250000 -0.00450831 0.01143983
v -0.07250000 -0.00452168 0.01154619
v -0.07250000 -0.00452973 0.01165309
v -0.07250000 -0.00453245 0.01176026
v -0.07250000 -0.00452982 0.01186743
v -0.07250000 -0.00452185 0.01197434
v -0.07250000 -0.00450856 0.01208071
v -0.07250000 -0.00448999 0.01218629
v -0.07250000 -0.00446618 0.01229082
v -0.07250000 -0.00443718 0.01239402
v -0.07250000 -0.00440308 0.01249566
v -0.07250000 -0.00436396 0.01259546
v -0.07250000 -0.00431990 0.01269320
v -0.07250000 -0.00427104 0.01278861
v -0.07250000 -0.00421747 0.01288147
v -0.07250000 -0.00415935 0.01297155
v -0.07250000 -0.00409680 0.01305861
v -0.07250000 -0.00403000 0.01314246
v -0.07250000 -0.00395909 0.01322286
v -0.07250000 -0.00388427 0.01329963
v -0.07250000 -0.00380572 0.01337258
v -0.07250000 -0.00372362 0.01344152
v -0.07250000 -0.00363820 0.01350629
v -0.07250000 -0.00354964 0.01356671
v -0.07250000 -0.00345819 0.01362264
v -0.07250000 -0.00336407 0.01367395
v -0.07250000 -0.00326750 0.01372050
v -0.07250000 -0.00316873 0.01376218
v -0.07250000 -0.00306801 0.01379889
v -0.07250000 -0.00296558 0.01383053
v -0.07250000 -0.00286171 0.01385702
v -0.07250000 -0.00275664 0.01387831
v -0.07250000 -0.00265064 0.01389433
v -0.07250000 -0.00254398 0.01390504
v -0.07250000 -0.00243691 0.01391043
v -0.07250000 -0.00232971 0.01391047
v -0.07250000 -0.00222264 0.01390517
v -0.07250000 -0.00211596 0.01389454
v -0.07250000 -0.00200995 0.01387861
v -0.07250000 -0.00190487 0.01385741
v -0.07250000 -0.00180097 0.01383099
v -0.07250000 -0.00169852 0.01379944
v -0.07250000 -0.00159777 0.01376281
v -0.07250000 -0.00149896 0.01372121
v -0.07250000 -0.00140236 0.01367474
v -0.07250000 -0.00130819 0.01362350
v -0.07250000 -0.00121670 0.01356764
v -0.07250000 -0.00112810 0.01350729
v -0.07250000 -0.00104262 0.01344259
v -0.07250000 -0.00096047 0.01337372
v -0.07250000 -0.00088185 0.01330083
v -0.07250000 -0.00080697 0.01322412
v -0.07250000 -0.00073601 0.01314377
v -0.07250000 -0.00066913 0.01305998
v -0.07250000 -0.00060652 0.01297297
v -0.07250000 -0.00054832 0.01288294
v -0.07250000 -0.00049468 0.01279012
v -0.07250000 -0.00044574 0.01269474
v -0.07250000 -0.00040161 0.01259705
v -0.07250000 -0.00036240 0.01249727
v -0.07250000 -0.00032822 0.01239566
v -0.07250000 -0.00029915 0.01229248
v -0.07250000 0.01110140 0.00837068
v -0.07250000 0.01112006 0.00826511
v -0.07250000 0.01113343 0.00815875
v -0.07250000 0.01114149 0.00805185
v -0.07250000 0.01114420 0.00794468
v -0.07250000 0.01114157 0.00783751
v -0.07250000 0.01113361 0.00773060
v -0.07250000 0.01112032 0.00762423
v -0.07250000 0.01110174 0.00751865
v -0.07250000 0.01107793 0.00741412
v -0.07250000 0.01104894 0.00731092
v -0.07250000 0.01101484 0.00720928
v -0.07250000 0.01097571 0.00710948
v -0.07250000 0.01093166 0.00701174
v -0.07250000 0.01088279 0.00691633
v -0.07250000 0.01082923 0.00682347
v -0.07250000 0.01077110 0.00673339
v -0.07250000 0.01070856 0.00664633
v -0.07250000 0.01064175 0.00656249
v -0.07250000 0.01057085 0.00648208
v -0.07250000 0.01049603 0.00640531
v -0.07250000 0.01041747 0.00633236
v -0.07250000 0.01033538 0.00626342
v -0.07250000 0.01024995 0.00619866
v -0.07250000 0.01016140 0.00613823
v -0.07250000 0.01006995 0.00608230
v -0.07250000 0.00997582 0.00603099
v -0.07250000 0.00987925 0.00598444
v -0.07250000 0.00978049 0.00594276
v -0.07250000 0.00967976 0.00590605
v -0.07250000 0.00957734 0.00587441
v -0.07250000 0.00947346 0.00584792
v -0.07250000 0.00936839 0.00582663
v -0.07250000 0.00926239 0.00581061
v -0.07250000 0.00915573 0.00579990
v -0.07250000 0.00904866 0.00579451
v -0.07250000 0.00894146 0.00579447
v -0.07250000 0.00883439 0.00579977
v -0.07250000 0.00872772 0.00581040
v -0.07250000 0.00862171 0.00582634
v -0.07250000 0.00851662 0.00584754
v -0.07250000 0.00841272 0.00587395
v -0.07250000 0.00831027 0.00590550
v -0.07250000 0.00820952 0.00594213
v -0.07250000 0.00811072 0.00598373
v -0.07250000 0.00801411 0.00603021
v -0.07250000 0.00791995 0.00608144
v -0.07250000 0.00782845 0.00613730
v -0.07250000 0.00773985 0.00619765
v -0.07250000 0.00765437 0.00626235
v -0.07250000 0.00757222 0.00633122
v -0.07250000 0.00749361 0.00640411
v -0.07250000 0.00741873 0.00648082
v -0.07250000 0.00734776 0.00656117
v -0.07250000 0.00728089 0.00664496
v -0.07250000 0.00721827 0.00673197
v -0.07250000 0.00716008 0.00682200
v -0.07250000 0.00710644 0.00691482
v -0.07250000 0.00705749 0.00701020
v -0.07250000 0.00701336 0.00710790
v -0.07250000 0.00697416 0.00720767
v -0.07250000 0.00693998 0.00730928
v -0.07250000 0.00691090 0.00741246
v -0.07250000 0.00688700 0.00751697
v -0.07250000 0.00686835 0.00762253
v -0.07250000 0.00685497 0.00772890
v -0.07250000 0.00684692 0.00783580
v -0.07250000 0.00684420 0.00794296
v -0.07250000 0.00684683 0.00805013
v -0.07250000 0.00685480 0.00815704
v -0.07250000 0.00686809 0.00826341
v -0.07250000 0.00688666 0.00836899
v -0.07250000 0.00691048 0.00847352
v -0.07250000 0.00693947 0.00857672
v -0.07250000 0.00697357 0.00867836
v -0.07250000 0.00701270 0.00877817
v -0.07250000 0.00705675 0.00887590
v -0.07250000 0.00710562 0.00897131
v -0.07250000 0.00715918 0.00906417
v -0.07250000 0.00721731 0.00915425
v -0.07250000 0.00727985 0.00924132
v -0.07250000 0.00734666 0.00932516
v -0.07250000 0.00741756 0.00940556
v -0.07250000 0.00749238 0.00948234
v -0.07250000 0.00757094 0.00955528
v -0.07250000 0.00765303 0.00962422
v -0.07250000 0.00773846 0.00968899
v -0.07250000 0.00782701 0.00974941
v -0.07250000 0.00791846 0.00980535
v -0.07250000 0.00801259 0.00985665
v -0.07250000 0.00810915 0.00990321
v -0.07250000 0.00820792 0.00994489
v -0.07250000 0.00830864 0.00998159
v -0.07250000 0.00841107 0.01001323
v -0.07250000 0.00851495 0.01003973
v -0.07250000 0.00862001 0.01006101
v -0.07250000 0.00872601 0.01007703
v -0.07250000 0.00883268 0.01008775
v -0.07250000 0.00893974 0.01009313
v -0.07250000 0.00904695 0.01009317
v -0.07250000 0.00915402 0.01008787
v -0.07250000 0.00926069 0.01007724
v -0.07250000 0.00936670 0.01006131
v -0.07250000 0.00947179 0.01004011
v -0.07250000 0.00957568 0.01001370
v -0.07250000 0.00967814 0.00998214
v -0.07250000 0.00977889 0.00994551
v -0.07250000 0.00987769 0.00990391
v -0.07250000 0.00997429 0.00985744
v -0.07250000 0.01006846 0.00980621
v -0.07250000 0.01015996 0.00975034
v -0.07250000 0.01024856 0.00968999
v -0.07250000 0.01033404 0.00962529
v -0.07250000 0.01041618 0.00955642
v -0.07250000 0.01049480 0.00948353
v -0.07250000 0.01056968 0.00940682
v -0.07250000 0.01064065 0.00932647
v -0.07250000 0.01070752 0.00924269
v -0.07250000 0.01077013 0.00915567
v -0.07250000 0.01082833 0.00906564
v -0.07250000 0.01088197 0.00897282
v -0.07250000 0.01093091 0.00887744
v -0.07250000 0.01097504 0.00877975
v -0.07250000 0.01101425 0.00867997
v -0.07250000 0.01104843 0.00857837
v -0.07250000 0.01107751 0.00847518
v -0.07250000 -0.00661563 -0.00134013
v -0.07250000 -0.00659747 -0.00144278
v -0.07250000 -0.00658444 -0.00154622
v -0.07250000 -0.00657655 -0.00165017
v -0.07250000 -0.00657383 -0.00175438
v -0.07250000 -0.00657628 -0.00185860
v -0.07250000 -0.00658391 -0.00196258
v -0.07250000 -0.00659668 -0.00206604
v -0.07250000 -0.00661457 -0.00216874
v -0.07250000 -0.00663754 -0.00227043
v -0.07250000 -0.00666553 -0.00237085
v -0.07250000 -0.00669847 -0.00246977
v -0.07250000 -0.00673627 -0.00256692
v -0.07250000 -0.00677885 -0.00266208
v -0.07250000 -0.00682610 -0.00275501
v -0.07250000 -0.00687790 -0.00284547
v -0.07250000 -0.00693413 -0.00293326
v -0.07250000 -0.00699465 -0.00301815
v -0.07250000 -0.00705930 -0.00309993
v -0.07250000 -0.00712793 -0.00317840
v -0.07250000 -0.00720038 -0.00325337
v -0.07250000 -0.00727645 -0.00332465
v -0.07250000 -0.00735531 -0.00339154
v -0.07250000 -0.00743737 -0.00345446
v -0.07250000 -0.00752243 -0.00351327
v -0.07250000 -0.00761028 -0.00356782
v -0.07250000 -0.00770071 -0.00361798
v -0.07250000 -0.00779350 -0.00366363
v -0.07250000 -0.00788842 -0.00370466
v -0.07250000 -0.00798525 -0.00374096
v -0.07250000 -0.00808375 -0.00377245
v -0.07250000 -0.00818368 -0.00379905
v -0.07250000 -0.00828479 -0.00382071
v -0.07250000 -0.00838685 -0.00383736
v -0.07250000 -0.00848961 -0.00384896
v -0.07250000 -0.00859281 -0.00385549
v -0.07250000 -0.00869621 -0.00385694
v -0.07250000 -0.00879956 -0.00385329
v -0.07250000 -0.00890260 -0.00384456
v -0.07250000 -0.00900508 -0.00383077
v -0.07250000 -0.00910676 -0.00381194
v -0.07250000 -0.00920740 -0.00378814
v -0.07250000 -0.00930673 -0.00375941
v -0.07250000 -0.00940454 -0.00372583
v -0.07250000 -0.00950057 -0.00368747
v -0.07250000 -0.00959460 -0.00364443
v -0.07250000 -0.00968639 -0.00359681
v -0.07250000 -0.00977573 -0.00354474
v -0.07250000 -0.00986240 -0.00348833
v -0.07250000 -0.00994618 -0.00342772
v -0.07250000 -0.01002688 -0.00336306
v -0.07250000 -0.01010430 -0.00329450
v -0.07250000 -0.01017825 -0.00322222
v -0.07250000 -0.01024856 -0.00314638
v -0.07250000 -0.01031504 -0.00306718
v -0.07250000 -0.01037831 -0.00298373
v -0.07250000 -0.01043735 -0.00289722
v -0.07250000 -0.01049200 -0.00280789
v -0.07250000 -0.01054213 -0.00271594
v -0.07250000 -0.01058761 -0.00262160
v -0.07250000 -0.01062833 -0.00252511
v -0.07250000 -0.01066419 -0.00242672
v -0.07250000 -0.01069510 -0.00232666
v -0.07250000 -0.01072099 -0.00222518
v -0.07250000 -0.01074178 -0.00212253
v -0.07250000 -0.01075743 -0.00201898
v -0.07250000 -0.01076789 -0.00191478
v -0.07250000 -0.01077315 -0.00181018
v -0.07250000 -0.01077319 -0.00170546
v -0.07250000 -0.01076801 -0.00160086
v -0.07250000 -0.01075762 -0.00149665
v -0.07250000 -0.01074204 -0.00139308
v -0.07250000 -0.01072133 -0.00129043
v -0.07250000 -0.01069552 -0.00118893
v -0.07250000 -0.01066510 -0.00109010
v -0.07250000 -0.01062985 -0.00099288
v -0.07250000 -0.01058986 -0.00089751
v -0.07250000 -0.01054522 -0.00080424
v -0.07250000 -0.01049605 -0.00071327
v -0.07250000 -0.01044246 -0.00062483
v -0.07250000 -0.01038458 -0.00053913
v -0.07250000 -0.01032255 -0.00045640
v -0.07250000 -0.01025652 -0.00037681
v -0.07250000 -0.01018665 -0.00030057
v -0.07250000 -0.01011312 -0.00022786
v -0.07250000 -0.01003610 -0.00015886
v -0.07250000 -0.00995577 -0.00009374
v -0.07250000 -0.00987234 -0.00003265
v -0.07250000 -0.00978599 0.00002426
v -0.07250000 -0.00969696 0.00007685
v -0.07250000 -0.00960544 0.00012499
v -0.07250000 -0.00951166 0.00016857
v -0.07250000 -0.00941585 0.00020748
v -0.07250000 -0.00931824 0.00024163
v -0.07250000 -0.00921907 0.00027093
v -0.07250000 -0.00911857 0.00029531
v -0.07250000 -0.00901700 0.00031471
v -0.07250000 -0.00891460 0.00032910
v -0.07250000 -0.00881161 0.00033842
v -0.07250000 -0.00870829 0.00034266
v -0.07250000 -0.00860488 0.00034181
v -0.07250000 -0.00850164 0.00033587
v -0.07250000 -0.00839882 0.00032486
v -0.07250000 -0.00829667 0.00030880
v -0.07250000 -0.00819543 0.00028773
v -0.07250000 -0.00809535 0.00026170
v -0.07250000 -0.00799667 0.00023077
v -0.07250000 -0.00789885 0.00019472
v -0.07250000 -0.00780295 0.00015385
v -0.07250000 -0.00770919 0.00010828
v -0.07250000 -0.00761780 0.00005811
v -0.07250000 -0.00752902 0.00000346
v -0.07250000 -0.00744306 -0.00005552
v -0.07250000 -0.00736014 -0.00011870
v -0.07250000 -0.00728045 -0.00018591
v -0.07250000 -0.00720419 -0.00025700
v -0.07250000 -0.00713156 -0.00033178
v -0.07250000 -0.00706272 -0.00041008
v -0.07250000 -0.00699786 -0.00049169
v -0.07250000 -0.00693713 -0.00057643
v -0.07250000 -0.00688068 -0.00066407
v -0.07250000 -0.00682865 -0.00075440
v -0.07250000 -0.00678116 -0.00084721
v -0.07250000 -0.00673834 -0.00094226
v -0.07250000 -0.00670029 -0.00103932
v -0.07250000 -0.00666710 -0.00113815
v -0.07250000 -0.00663886 -0.00123850
v -0.07250000 0.00487345 0.00880721
v -0.07250000 0.00489103 0.00870837
v -0.07250000 0.00490386 0.00860881
v -0.07250000 0.00491191 0.00850874
v -0.07250000 0.00491518 0.00840841
v -0.07250000 0.00491365 0.00830803
v -0.07250000 0.00490732 0.00820784
v -0.07250000 0.00489621 0.00810807
v -0.07250000 0.00488034 0.00800894
v -0.07250000 0.00485976 0.00791069
v -0.07250000 0.00483450 0.00781353
v -0.07250000 0.00480463 0.00771769
v -0.07250000 0.00477022 0.00762338
v -0.07250000 0.00473133 0.00753083
v -0.07250000 0.00468807 0.00744025
v -0.07250000 0.00464053 0.00735183
v -0.07250000 0.00458882 0.00726578
v -0.07250000 0.00453305 0.00718231
v -0.07250000 0.00447336 0.00710160
v -0.07250000 0.00440988 0.00702383
v -0.07250000 0.00434275 0.00694918
v -0.07250000 0.00427213 0.00687783
v -0.07250000 0.00419819 0.00680993
v -0.07250000 0.00411806 0.00674325
v -0.07250000 0.00403471 0.00668062
v -0.07250000 0.00394836 0.00662221
v -0.07250000 0.00385922 0.00656816
v -0.07250000 0.00376751 0.00651859
v -0.07250000 0.00367345 0.00647364
v -0.07250000 0.00357727 0.00643341
v -0.07250000 0.00347922 0.00639801
v -0.07250000 0.00337953 0.00636751
v -0.07250000 0.00327845 0.00634200
v -0.07250000 0.00317623 0.00632154
v -0.07250000 0.00307311 0.00630617
v -0.07250000 0.00296937 0.00629594
v -0.07250000 0.00286524 0.00629088
v -0.07250000 0.00276099 0.00629098
v -0.07250000 0.00265687 0.00629626
v -0.07250000 0.00255315 0.00630670
v -0.07250000 0.00245007 0.00632228
v -0.07250000 0.00234789 0.00634295
v -0.07250000 0.00224686 0.00636867
v -0.07250000 0.00214723 0.00639937
v -0.07250000 0.00204925 0.00643497
v -0.07250000 0.00195316 0.00647540
v -0.07250000 0.00185919 0.00652054
v -0.07250000 0.00176757 0.00657029
v -0.07250000 0.00167854 0.00662453
v -0.07250000 0.00159231 0.00668312
v -0.07250000 0.00150910 0.00674591
v -0.07250000 0.00142910 0.00681276
v -0.07250000 0.00135252 0.00688350
v -0.07250000 0.00127954 0.00695795
v -0.07250000 0.00121035 0.00703592
v -0.07250000 0.00114512 0.00711724
v -0.07250000 0.00108400 0.00720169
v -0.07250000 0.00102714 0.00728908
v -0.07250000 0.00097470 0.00737917
v -0.07250000 0.00092679 0.00747176
v -0.07250000 0.00088353 0.00756662
v -0.07250000 0.00084503 0.00766350
v -0.07250000 0.00081139 0.00776217
v -0.07250000 0.00078269 0.00786239
v -0.07250000 0.00075900 0.00796391
v -0.07250000 0.00074028 0.00806709
v -0.07250000 0.00072673 0.00817107
v -0.07250000 0.00071839 0.00827560
v -0.07250000 0.00071528 0.00838042
v -0.07250000 0.00071741 0.00848526
v -0.07250000 0.00072476 0.00858986
v -0.07250000 0.00073733 0.00869397
v -0.07250000 0.00075508 0.00879732
v -0.07250000 0.00077797 0.00889965
v -0.07250000 0.00080594 0.00900071
v -0.07250000 0.00083891 0.00910026
v -0.07250000 0.00087682 0.00919803
v -0.07250000 0.00091956 0.00929378
v -0.07250000 0.00096702 0.00938729
v -0.07250000 0.00101910 0.00947831
v -0.07250000 0.00107565 0.00956661
v -0.07250000 0.00113654 0.00965199
v -0.07250000 0.00120161 0.00973421
v -0.07250000 0.00127071 0.00981309
v -0.07250000 0.00134366 0.00988842
v -0.07250000 0.00142028 0.00996001
v -0.07250000 0.00150038 0.01002769
v -0.07250000 0.00158375 0.01009128
v -0.07250000 0.00167020 0.01015064
v -0.07250000 0.00175950 0.01020560
v -0.07250000 0.00185144 0.01025604
v -0.07250000 0.00194578 0.01030183
v -0.07250000 0.00204228 0.01034285
v -0.07250000 0.00214071 0.01037900
v -0.07250000 0.00224083 0.01041019
v -0.07250000 0.00234238 0.01043635
v -0.07250000 0.00244510 0.01045740
v -0.07250000 0.00254875 0.01047330
v -0.07250000 0.00265307 0.01048401
v -0.07250000 0.00275778 0.01048949
v -0.07250000 0.00286265 0.01048975
v -0.07250000 0.00296739 0.01048476
v -0.07250000 0.00307175 0.01047456
v -0.07250000 0.00317548 0.01045916
v -0.07250000 0.00327830 0.01043860
v -0.07250000 0.00337998 0.01041293
v -0.07250000 0.00348024 0.01038222
v -0.07250000 0.00357884 0.01034654
v -0.07250000 0.00367555 0.01030598
v -0.07250000 0.00377010 0.01026065
v -0.07250000 0.00386228 0.01021065
v -0.07250000 0.00395184 0.01015612
v -0.07250000 0.00403857 0.01009718
v -0.07250000 0.00412226 0.01003398
v -0.07250000 0.00420268 0.00996669
v -0.07250000 0.00427964 0.00989547
v -0.07250000 0.00435295 0.00982049
v -0.07250000 0.00442243 0.00974195
v -0.07250000 0.00448790 0.00966004
v -0.07250000 0.00454920 0.00957496
v -0.07250000 0.00460617 0.00948692
v -0.07250000 0.00465868 0.00939616
v -0.07250000 0.00470660 0.00930288
v -0.07250000 0.00474979 0.00920733
v -0.07250000 0.00478817 0.00910974
v -0.07250000 0.00482162 0.00901036
v -0.07250000 0.00485007 0.00890943
v -0.07250000 0.00791676 -0.00621630
v -0.07250000 0.00793501 -0.00631956
v -0.07250000 0.00794808 -0.00642360
v -0.07250000 0.00795594 -0.00652817
v -0.07250000 0.00795857 -0.00663300
v -0.07250000 0.00795596 -0.00673783
v -0.07250000 0.00794813 -0.00684240
v -0.07250000 0.00793508 -0.00694644
v -0.07250000 0.00791685 -0.00704971
v -0.07250000 0.00789350 -0.00715194
v -0.07250000 0.00786507 -0.00725287
v -0.07250000 0.00783163 -0.00735226
v -0.07250000 0.00779328 -0.00744986
v -0.07250000 0.00775010 -0.00754542
v -0.07250000 0.00770221 -0.00763870
v -0.07250000 0.00764972 -0.00772948
v -0.07250000 0.00759276 -0.00781753
v -0.07250000 0.00753148 -0.00790262
v -0.07250000 0.00746603 -0.00798455
v -0.07250000 0.00739657 -0.00806310
v -0.07250000 0.00732328 -0.00813810
v -0.07250000 0.00724633 -0.00820934
v -0.07250000 0.00716592 -0.00827665
v -0.07250000 0.00708225 -0.00833986
v -0.07250000 0.00699554 -0.00839881
v -0.07250000 0.00690598 -0.00845337
v -0.07250000 0.00681382 -0.00850339
v -0.07250000 0.00671927 -0.00854874
v -0.07250000 0.00662258 -0.00858932
v -0.07250000 0.00652398 -0.00862502
v -0.07250000 0.00642372 -0.00865575
v -0.07250000 0.00632206 -0.00868144
v -0.07250000 0.00621923 -0.00870202
v -0.07250000 0.00611551 -0.00871745
v -0.07250000 0.00601115 -0.00872767
v -0.07250000 0.00590641 -0.00873268
v -0.07250000 0.00580155 -0.00873245
v -0.07250000 0.00569683 -0.00872699
v -0.07250000 0.00559251 -0.00871630
v -0.07250000 0.00548886 -0.00870043
v -0.07250000 0.00538613 -0.00867939
v -0.07250000 0.00528458 -0.00865326
v -0.07250000 0.00518445 -0.00862209
v -0.07250000 0.00508601 -0.00858596
v -0.07250000 0.00498950 -0.00854496
v -0.07250000 0.00489515 -0.00849919
v -0.07250000 0.00480321 -0.00844877
v -0.07250000 0.00471389 -0.00839383
v -0.07250000 0.00462743 -0.00833449
v -0.07250000 0.00454404 -0.00827091
v -0.07250000 0.00446393 -0.00820325
v -0.07250000 0.00438730 -0.00813168
v -0.07250000 0.00431433 -0.00805636
v -0.07250000 0.00424521 -0.00797750
v -0.07250000 0.00418012 -0.00789529
v -0.07250000 0.00411921 -0.00780993
v -0.07250000 0.00406264 -0.00772164
v -0.07250000 0.00401055 -0.00763063
v -0.07250000 0.00396306 -0.00753714
v -0.07250000 0.00392030 -0.00744139
v -0.07250000 0.00388238 -0.00734363
v -0.07250000 0.00384938 -0.00724409
v -0.07250000 0.00382139 -0.00714303
v -0.07250000 0.00379848 -0.00704071
v -0.07250000 0.00378080 -0.00693797
v -0.07250000 0.00376823 -0.00683448
v -0.07250000 0.00376082 -0.00673049
v -0.07250000 0.00375858 -0.00662626
v -0.07250000 0.00376151 -0.00652205
v -0.07250000 0.00376961 -0.00641812
v -0.07250000 0.00378286 -0.00631471
v -0.07250000 0.00380123 -0.00621209
v -0.07250000 0.00382466 -0.00611051
v -0.07250000 0.00385311 -0.00601022
v -0.07250000 0.00388650 -0.00591146
v -0.07250000 0.00392475 -0.00581448
v -0.07250000 0.00396776 -0.00571952
v -0.07250000 0.00401544 -0.00562681
v -0.07250000 0.00406766 -0.00553658
v -0.07250000 0.00412429 -0.00544905
v -0.07250000 0.00418519 -0.00536444
v -0.07250000 0.00425022 -0.00528296
v -0.07250000 0.00431921 -0.00520480
v -0.07250000 0.00439200 -0.00513017
v -0.07250000 0.00446840 -0.00505924
v -0.07250000 0.00454823 -0.00499219
v -0.07250000 0.00463128 -0.00492918
v -0.07250000 0.00471736 -0.00487037
v -0.07250000 0.00480625 -0.00481591
v -0.07250000 0.00489774 -0.00476593
v -0.07250000 0.00499159 -0.00472054
v -0.07250000 0.00508758 -0.00467987
v -0.07250000 0.00518547 -0.00464402
v -0.07250000 0.00528502 -0.00461307
v -0.07250000 0.00538599 -0.00458709
v -0.07250000 0.00548811 -0.00456616
v -0.07250000 0.00559115 -0.00455032
v -0.07250000 0.00569485 -0.00453962
v -0.07250000 0.00579895 -0.00453407
v -0.07250000 0.00590320 -0.00453370
v -0.07250000 0.00600734 -0.00453850
v -0.07250000 0.00611112 -0.00454847
v -0.07250000 0.00621427 -0.00456357
v -0.07250000 0.00631654 -0.00458377
v -0.07250000 0.00641769 -0.00460902
v -0.07250000 0.00651745 -0.00463927
v -0.07250000 0.00661199 -0.00467303
v -0.07250000 0.00670481 -0.00471128
v -0.07250000 0.00679569 -0.00475392
v -0.07250000 0.00688443 -0.00480085
v -0.07250000 0.00697083 -0.00485197
v -0.07250000 0.00705469 -0.00490716
v -0.07250000 0.00713581 -0.00496630
v -0.07250000 0.00721401 -0.00502924
v -0.07250000 0.00728912 -0.00509585
v -0.07250000 0.00736096 -0.00516597
v -0.07250000 0.00742936 -0.00523945
v -0.07250000 0.00749417 -0.00531611
v -0.07250000 0.00755525 -0.00539578
v -0.07250000 0.00761245 -0.00547828
v -0.07250000 0.00766564 -0.00556342
v -0.07250000 0.00771470 -0.00565100
v -0.07250000 0.00775952 -0.00574083
v -0.07250000 0.00780000 -0.00583270
v -0.07250000 0.00783604 -0.00592639
v -0.07250000 0.00786756 -0.00602170
v -0.07250000 0.00789449 -0.00611841
v -0.07450000 0.04849668 -0.00146630
v -0.07450000 0.04491735 -0.00495748
v -0.07450000 0.04467655 -0.00469797
v -0.07450000 0.04842546 -0.00138954
v -0.07450000 0.04865015 -0.00160869
v -0.07450000 0.04873201 -0.00167398
v -0.07450000 0.04881703 -0.00173510
v -0.07450000 0.04823595 -0.00113935
v -0.07450000 0.04403582 -0.00385208
v -0.07450000 0.04890499 -0.00179191
v -0.07450000 0.04629781 -0.00605837
v -0.07450000 0.04385122 -0.00355000
v -0.07450000 0.04899567 -0.00184427
v -0.07450000 0.04352831 -0.00292014
v -0.07450000 0.04908884 -0.00189203
v -0.07450000 0.04724211 -0.00654248
v -0.07450000 0.04691943 -0.00639688
v -0.07450000 0.04918429 -0.00193510
v -0.07450000 0.04757166 -0.00667182
v -0.07450000 0.04339080 -0.00259392
v -0.07450000 0.04800935 -0.00066882
v -0.07450000 0.04938101 -0.00200670
v -0.07450000 0.04797849 -0.00056876
v -0.07450000 0.04948181 -0.00203506
v -0.07450000 0.04795265 -0.00046729
v -0.07450000 0.04793190 -0.00036466
v -0.07450000 0.04295510 -0.00088284
v -0.07450000 0.04979091 -0.00208956
v -0.07450000 0.05000000 -0.00710000
v -0.07450000 0.04964609 -0.00709117
v -0.07450000 0.04290221 -0.00017701
v -0.07450000 0.05000000 -0.00210000
v -0.07450000 0.04790065 0.00005235
v -0.07450000 0.05035391 -0.00709117
v -0.07450000 0.04790587 0.00015693
v -0.07450000 0.05105820 -0.00702070
v -0.07450000 0.04300786 0.00123290
v -0.07450000 0.05140684 -0.00695922
v -0.07450000 0.04797849 0.00056876
v -0.07450000 0.05209276 -0.00678457
v -0.07450000 0.04326972 0.00226126
v -0.07450000 0.05071824 -0.00197335
v -0.07450000 0.04804517 0.00076722
v -0.07450000 0.05081571 -0.00193510
v -0.07450000 0.04808584 0.00086370
v -0.07450000 0.04813127 0.00095804
v -0.07450000 0.04368191 0.00323910
v -0.07450000 0.05100433 -0.00184427
v -0.07450000 0.04385122 0.00355000
v -0.07450000 0.04403582 0.00385208
v -0.07450000 0.05118297 -0.00173510
v -0.07450000 0.04829493 0.00122586
v -0.07450000 0.04423524 0.00414458
v -0.07450000 0.05428701 -0.00565964
v -0.07450000 0.04835815 0.00130933
v -0.07450000 0.04444900 0.00442678
v -0.07450000 0.05134985 -0.00160869
v -0.07450000 0.05456379 -0.00543892
v -0.07450000 0.05142836 -0.00153941
v -0.07450000 0.05482923 -0.00520467
v -0.07450000 0.04491735 0.00495748
v -0.07450000 0.04857164 0.00153941
v -0.07450000 0.04517077 0.00520467
v -0.07450000 0.04571299 0.00565964
v -0.07450000 0.04873201 0.00167398
v -0.07450000 0.05176405 -0.00113935
v -0.07450000 0.04890499 0.00179191
v -0.07450000 0.05181865 -0.00105000
v -0.07450000 0.05631809 -0.00323910
v -0.07450000 0.05186873 -0.00095804
v -0.07450000 0.05647169 -0.00292014
v -0.07450000 0.05191416 -0.00086370
v -0.07450000 0.04918429 0.00193510
v -0.07450000 0.05660920 -0.00259392
v -0.07450000 0.05195483 -0.00076722
v -0.07450000 0.04757166 0.00667182
v -0.07450000 0.04790724 0.00678457
v -0.07450000 0.04948181 0.00203506
v -0.07450000 0.05683463 -0.00192297
v -0.07450000 0.04824802 0.00688045
v -0.07450000 0.05204735 -0.00046729
v -0.07450000 0.04968701 0.00207654
v -0.07450000 0.04979091 0.00208956
v -0.07450000 0.05209413 -0.00015693
v -0.07450000 0.04929307 0.00706472
v -0.07450000 0.04989532 0.00209739
v -0.07450000 0.05708015 -0.00053058
v -0.07450000 0.05209935 -0.00005235
v -0.07450000 0.04964609 0.00709117
v -0.07450000 0.05709779 -0.00017701
v -0.07450000 0.05709779 0.00017701
v -0.07450000 0.05209413 0.00015693
v -0.07450000 0.05208370 0.00026112
v -0.07450000 0.05020909 0.00208956
v -0.07450000 0.05105820 0.00702070
v -0.07450000 0.05699213 0.00123290
v -0.07450000 0.05140684 0.00695922
v -0.07450000 0.05051819 0.00203506
v -0.07450000 0.05061899 0.00200670
v -0.07450000 0.05683463 0.00192297
v -0.07450000 0.05199065 0.00066882
v -0.07450000 0.05660920 0.00259392
v -0.07450000 0.05081571 0.00193510
v -0.07450000 0.05647169 0.00292014
v -0.07450000 0.05191416 0.00086370
v -0.07450000 0.05308057 0.00639688
v -0.07450000 0.05631809 0.00323910
v -0.07450000 0.05339560 0.00623537
v -0.07450000 0.05100433 0.00184427
v -0.07450000 0.05109501 0.00179191
v -0.07450000 0.05596418 0.00385208
v -0.07450000 0.05176405 0.00113935
v -0.07450000 0.05399957 0.00586630
v -0.07450000 0.05428701 0.00565964
v -0.07450000 0.05555100 0.00442678
v -0.07450000 0.05134985 0.00160869
v -0.07450000 0.05532345 0.00469797
v -0.07450000 0.05482923 0.00520467
v -0.07450000 0.05142836 0.00153941
v -0.07450000 0.05150332 0.00146630
v -0.07750000 0.05000000 -0.00210000
v -0.07450000 0.05010468 -0.00209739
v -0.07750000 0.05010468 -0.00209739
v -0.07750000 0.05020909 -0.00208956
v -0.07450000 0.05020909 -0.00208956
v -0.07750000 0.05031299 -0.00207654
v -0.07450000 0.05031299 -0.00207654
v -0.07750000 0.05041611 -0.00205836
v -0.07450000 0.05041611 -0.00205836
v -0.07750000 0.05051819 -0.00203506
v -0.07450000 0.05051819 -0.00203506
v -0.07750000 0.05061899 -0.00200670
v -0.07450000 0.05061899 -0.00200670
v -0.07750000 0.05071824 -0.00197335
v -0.07750000 0.05081571 -0.00193510
v -0.07450000 0.05091116 -0.00189203
v -0.07750000 0.05091116 -0.00189203
v -0.07750000 0.05100433 -0.00184427
v -0.07450000 0.05109501 -0.00179191
v -0.07750000 0.05109501 -0.00179191
v -0.07750000 0.05118297 -0.00173510
v -0.07750000 0.05126799 -0.00167398
v -0.07450000 0.05126799 -0.00167398
v -0.07750000 0.05134985 -0.00160869
v -0.07750000 0.05142836 -0.00153941
v -0.07450000 0.05150332 -0.00146630
v -0.07750000 0.05150332 -0.00146630
v -0.07750000 0.05157454 -0.00138954
v -0.07450000 0.05157454 -0.00138954
v -0.07750000 0.05164185 -0.00130933
v -0.07450000 0.05164185 -0.00130933
v -0.07750000 0.05170507 -0.00122586
v -0.07450000 0.05170507 -0.00122586
v -0.07750000 0.05176405 -0.00113935
v -0.07750000 0.05181865 -0.00105000
v -0.07750000 0.05186873 -0.00095804
v -0.07750000 0.05191416 -0.00086370
v -0.07750000 0.05195483 -0.00076722
v -0.07450000 0.05199065 -0.00066882
v -0.07750000 0.05199065 -0.00066882
v -0.07450000 0.05202151 -0.00056876
v -0.07750000 0.05202151 -0.00056876
v -0.07750000 0.05204735 -0.00046729
v -0.07450000 0.05206810 -0.00036466
v -0.07750000 0.05206810 -0.00036466
v -0.07450000 0.05208370 -0.00026112
v -0.07750000 0.05208370 -0.00026112
v -0.07750000 0.05209413 -0.00015693
v -0.07750000 0.05209935 -0.00005235
v -0.07450000 0.05209935 0.00005235
v -0.07750000 0.05209935 0.00005235
v -0.07750000 0.05209413 0.00015693
v -0.07750000 0.05208370 0.00026112
v -0.07450000 0.05206810 0.00036466
v -0.07750000 0.05206810 0.00036466
v -0.07750000 0.05204735 0.00046729
v -0.07450000 0.05204735 0.00046729
v -0.07750000 0.05202151 0.00056876
v -0.07450000 0.05202151 0.00056876
v -0.07750000 0.05199065 0.00066882
v -0.07750000 0.05195483 0.00076722
v -0.07450000 0.05195483 0.00076722
v -0.07750000 0.05191416 0.00086370
v -0.07450000 0.05186873 0.00095804
v -0.07750000 0.05186873 0.00095804
v -0.07750000 0.05181865 0.00105000
v -0.07450000 0.05181865 0.00105000
v -0.07750000 0.05176405 0.00113935
v -0.07750000 0.05170507 0.00122586
v -0.07450000 0.05170507 0.00122586
v -0.07750000 0.05164185 0.00130933
v -0.07450000 0.05164185 0.00130933
v -0.07750000 0.05157454 0.00138954
v -0.07450000 0.05157454 0.00138954
v -0.07750000 0.05150332 0.00146630
v -0.07750000 0.05142836 0.00153941
v -0.07750000 0.05134985 0.00160869
v -0.07750000 0.05126799 0.00167398
v -0.07450000 0.05126799 0.00167398
v -0.07750000 0.05118297 0.00173510
v -0.07450000 0.05118297 0.00173510
v -0.07750000 0.05109501 0.00179191
v -0.07750000 0.05100433 0.00184427
v -0.07750000 0.05091116 0.00189203
v -0.07450000 0.05091116 0.00189203
v -0.07750000 0.05081571 0.00193510
v -0.07750000 0.05071824 0.00197335
v -0.07450000 0.05071824 0.00197335
v -0.07750000 0.05061899 0.00200670
v -0.07750000 0.05051819 0.00203506
v -0.07750000 0.05041611 0.00205836
v -0.07450000 0.05041611 0.00205836
v -0.07450000 0.05031299 0.00207654
v -0.07750000 0.05031299 0.00207654
v -0.07750000 0.05020909 0.00208956
v -0.07750000 0.05010468 0.00209739
v -0.07450000 0.05010468 0.00209739
v -0.07750000 0.05000000 0.00210000
v -0.07450000 0.05000000 0.00210000
v -0.07750000 0.04989532 0.00209739
v -0.07750000 0.04979091 0.00208956
v -0.07750000 0.04968701 0.00207654
v -0.07750000 0.04958389 0.00205836
v -0.07450000 0.04958389 0.00205836
v -0.07750000 0.04948181 0.00203506
v -0.07750000 0.04938101 0.00200670
v -0.07450000 0.04938101 0.00200670
v -0.07750000 0.04928176 0.00197335
v -0.07450000 0.04928176 0.00197335
v -0.07750000 0.04918429 0.00193510
v -0.07750000 0.04908884 0.00189203
v -0.07450000 0.04908884 0.00189203
v -0.07750000 0.04899567 0.00184427
v -0.07450000 0.04899567 0.00184427
v -0.07750000 0.04890499 0.00179191
v -0.07750000 0.04881703 0.00173510
v -0.07450000 0.04881703 0.00173510
v -0.07750000 0.04873201 0.00167398
v -0.07750000 0.04865015 0.00160869
v -0.07450000 0.04865015 0.00160869
v -0.07750000 0.04857164 0.00153941
v -0.07750000 0.04849668 0.00146630
v -0.07450000 0.04849668 0.00146630
v -0.07750000 0.04842546 0.00138954
v -0.07450000 0.04842546 0.00138954
v -0.07750000 0.04835815 0.00130933
v -0.07750000 0.04829493 0.00122586
v -0.07750000 0.04823595 0.00113935
v -0.07450000 0.04823595 0.00113935
v -0.07750000 0.04818135 0.00105000
v -0.07450000 0.04818135 0.00105000
v -0.07750000 0.04813127 0.00095804
v -0.07750000 0.04808584 0.00086370
v -0.07750000 0.04804517 0.00076722
v -0.07750000 0.04800935 0.00066882
v -0.07450000 0.04800935 0.00066882
v -0.07750000 0.04797849 0.00056876
v -0.07750000 0.04795265 0.00046729
v -0.07450000 0.04795265 0.00046729
v -0.07750000 0.04793190 0.00036466
v -0.07450000 0.04793190 0.00036466
v -0.07750000 0.04791630 0.00026112
v -0.07450000 0.04791630 0.00026112
v -0.07750000 0.04790587 0.00015693
v -0.07750000 0.04790065 0.00005235
v -0.07750000 0.04790065 -0.00005235
v -0.07450000 0.04790065 -0.00005235
v -0.07750000 0.04790587 -0.00015693
v -0.07450000 0.04790587 -0.00015693
v -0.07750000 0.04791630 -0.00026112
v -0.07450000 0.04791630 -0.00026112
v -0.07750000 0.04793190 -0.00036466
v -0.07750000 0.04795265 -0.00046729
v -0.07750000 0.04797849 -0.00056876
v -0.07750000 0.04800935 -0.00066882
v -0.07750000 0.04804517 -0.00076722
v -0.07450000 0.04804517 -0.00076722
v -0.07450000 0.04808584 -0.00086370
v -0.07750000 0.04808584 -0.00086370
v -0.07450000 0.04813127 -0.00095804
v -0.07750000 0.04813127 -0.00095804
v -0.07450000 0.04818135 -0.00105000
v -0.07750000 0.04818135 -0.00105000
v -0.07750000 0.04823595 -0.00113935
v -0.07450000 0.04829493 -0.00122586
v -0.07750000 0.04829493 -0.00122586
v -0.07750000 0.04835815 -0.00130933
v -0.07450000 0.04835815 -0.00130933
v -0.07750000 0.04842546 -0.00138954
v -0.07750000 0.04849668 -0.00146630
v -0.07750000 0.04857164 -0.00153941
v -0.07450000 0.04857164 -0.00153941
v -0.07750000 0.04865015 -0.00160869
v -0.07750000 0.04873201 -0.00167398
v -0.07750000 0.04881703 -0.00173510
v -0.07750000 0.04890499 -0.00179191
v -0.07750000 0.04899567 -0.00184427
v -0.07750000 0.04908884 -0.00189203
v -0.07750000 0.04918429 -0.00193510
v -0.07750000 0.04928176 -0.00197335
v -0.07450000 0.04928176 -0.00197335
v -0.07750000 0.04938101 -0.00200670
v -0.07750000 0.04948181 -0.00203506
v -0.07750000 0.04958389 -0.00205836
v -0.07450000 0.04958389 -0.00205836
v -0.07750000 0.04968701 -0.00207654
v -0.07450000 0.04968701 -0.00207654
v -0.07750000 0.04979091 -0.00208956
v -0.07450000 0.04989532 -0.00209739
v -0.07750000 0.04989532 -0.00209739
v -0.07750000 0.01209291 -0.01465475
v -0.07250000 0.01209291 -0.01465475
v -0.07250000 0.05414314 -0.00929190
v -0.07750000 0.05120000 -0.00992774
v -0.07750000 0.05216892 -0.00976196
v -0.07750000 0.05311688 -0.00950185
v -0.07750000 0.05358012 -0.00933717
v -0.07750000 0.05447956 -0.00894056
v -0.07750000 0.05533571 -0.00845755
v -0.07750000 0.05574495 -0.00818508
v -0.07750000 0.05723367 -0.00690464
v -0.07750000 0.05787662 -0.00616107
v -0.07750000 0.05913926 -0.00405881
v -0.07750000 0.05985228 0.00171246
v -0.07750000 0.05975621 0.00219463
v -0.07750000 0.05963655 0.00267149
v -0.07750000 0.05869661 0.00493650
v -0.07750000 0.05756429 0.00654076
v -0.07750000 0.05723367 0.00690464
v -0.07750000 0.05688556 0.00725183
v -0.07750000 0.05652081 0.00758149
v -0.07750000 0.05574495 0.00818508
v -0.07750000 0.05533571 0.00845755
v -0.07750000 0.05358012 0.00933717
v -0.07750000 0.05311688 0.00950185
v -0.07750000 0.05216892 0.00976196
v -0.07250000 0.05501035 0.00898204
v -0.07750000 0.05120000 0.00992774
v -0.07750000 0.01209291 0.01465475
v -0.07250000 0.01209291 0.01465475
v -0.07250000 0.01135015 -0.01523726
v -0.07750000 0.01135015 -0.01523726
v -0.07750000 0.01057937 -0.01578217
v -0.07250000 0.01057937 -0.01578217
v -0.07750000 0.00978249 -0.01628812
v -0.07250000 0.00978249 -0.01628812
v -0.07750000 0.00896146 -0.01675387
v -0.07250000 0.00896146 -0.01675387
v -0.07750000 0.00811831 -0.01717827
v -0.07250000 0.00811831 -0.01717827
v -0.07750000 0.00725513 -0.01756027
v -0.07250000 0.00725513 -0.01756027
v -0.07750000 0.00637404 -0.01789893
v -0.07250000 0.00637404 -0.01789893
v -0.07750000 0.00547721 -0.01819341
v -0.07250000 0.00547721 -0.01819341
v -0.07750000 0.00456687 -0.01844299
v -0.07250000 0.00456687 -0.01844299
v -0.07750000 0.00364525 -0.01864704
v -0.07250000 0.00364525 -0.01864704
v -0.07750000 0.00271464 -0.01880507
v -0.07250000 0.00271464 -0.01880507
v -0.07750000 0.00177733 -0.01891669
v -0.07250000 0.00177733 -0.01891669
v -0.07750000 0.00083563 -0.01898162
v -0.07250000 0.00083563 -0.01898162
v -0.07250000 -0.00010813 -0.01899969
v -0.07750000 -0.00010813 -0.01899969
v -0.07750000 -0.00105163 -0.01897087
v -0.07250000 -0.00105163 -0.01897087
v -0.07250000 -0.00199252 -0.01889523
v -0.07750000 -0.00199252 -0.01889523
v -0.07750000 -0.00292851 -0.01877296
v -0.07250000 -0.00292851 -0.01877296
v -0.07750000 -0.00385726 -0.01860434
v -0.07250000 -0.00385726 -0.01860434
v -0.07750000 -0.00477649 -0.01838981
v -0.07250000 -0.00477649 -0.01838981
v -0.07750000 -0.00568393 -0.01812989
v -0.07250000 -0.00568393 -0.01812989
v -0.07250000 -0.00657735 -0.01782522
v -0.07750000 -0.00657735 -0.01782522
v -0.07750000 -0.00745453 -0.01747656
v -0.07250000 -0.00745453 -0.01747656
v -0.07750000 -0.00831331 -0.01708476
v -0.07250000 -0.00831331 -0.01708476
v -0.07750000 -0.00915157 -0.01665079
v -0.07250000 -0.00915157 -0.01665079
v -0.07250000 -0.00996725 -0.01617572
v -0.07750000 -0.00996725 -0.01617572
v -0.07750000 -0.01075832 -0.01566073
v -0.07250000 -0.01075832 -0.01566073
v -0.07750000 -0.01152284 -0.01510709
v -0.07250000 -0.01152284 -0.01510709
v -0.07750000 -0.01225892 -0.01451616
v -0.07250000 -0.01225892 -0.01451616
v -0.07250000 -0.01296474 -0.01388940
v -0.07750000 -0.01296474 -0.01388940
v -0.07750000 -0.01363857 -0.01322836
v -0.07250000 -0.01363857 -0.01322836
v -0.07250000 -0.01427873 -0.01253467
v -0.07750000 -0.01427873 -0.01253467
v -0.07250000 -0.01488365 -0.01181004
v -0.07750000 -0.01488365 -0.01181004
v -0.07750000 -0.01545183 -0.01105626
v -0.07250000 -0.01545183 -0.01105626
v -0.07750000 -0.01598188 -0.01027520
v -0.07250000 -0.01598188 -0.01027520
v -0.07750000 -0.01647247 -0.00946877
v -0.07250000 -0.01647247 -0.00946877
v -0.07250000 -0.01692242 -0.00863897
v -0.07750000 -0.01692242 -0.00863897
v -0.07250000 -0.01733059 -0.00778785
v -0.07750000 -0.01733059 -0.00778785
v -0.07750000 -0.01769599 -0.00691751
v -0.07250000 -0.01769599 -0.00691751
v -0.07750000 -0.01801771 -0.00603009
v -0.07250000 -0.01801771 -0.00603009
v -0.07250000 -0.01829497 -0.00512779
v -0.07750000 -0.01829497 -0.00512779
v -0.07250000 -0.01852706 -0.00421284
v -0.07750000 -0.01852706 -0.00421284
v -0.07750000 -0.01871343 -0.00328748
v -0.07250000 -0.01871343 -0.00328748
v -0.07250000 -0.01885361 -0.00235401
v -0.07750000 -0.01885361 -0.00235401
v -0.07750000 -0.01894726 -0.00141474
v -0.07250000 -0.01894726 -0.00141474
v -0.07250000 -0.01899414 -0.00047197
v -0.07750000 -0.01899414 -0.00047197
v -0.07750000 -0.01899414 0.00047197
v -0.07250000 -0.01899414 0.00047197
v -0.07250000 -0.01894726 0.00141474
v -0.07750000 -0.01894726 0.00141474
v -0.07250000 -0.01885361 0.00235401
v -0.07750000 -0.01885361 0.00235401
v -0.07750000 -0.01871343 0.00328748
v -0.07250000 -0.01871343 0.00328748
v -0.07250000 -0.01852706 0.00421284
v -0.07750000 -0.01852706 0.00421284
v -0.07750000 -0.01829497 0.00512779
v -0.07250000 -0.01829497 0.00512779
v -0.07250000 -0.01801771 0.00603009
v -0.07750000 -0.01801771 0.00603009
v -0.07250000 -0.01769599 0.00691751
v -0.07750000 -0.01769599 0.00691751
v -0.07250000 -0.01733059 0.00778785
v -0.07750000 -0.01733059 0.00778785
v -0.07250000 -0.01692242 0.00863897
v -0.07750000 -0.01692242 0.00863897
v -0.07750000 -0.01647247 0.00946877
v -0.07250000 -0.01647247 0.00946877
v -0.07250000 -0.01598188 0.01027520
v -0.07750000 -0.01598188 0.01027520
v -0.07250000 -0.01545183 0.01105626
v -0.07750000 -0.01545183 0.01105626
v -0.07750000 -0.01488365 0.01181004
v -0.07250000 -0.01488365 0.01181004
v -0.07250000 -0.01427873 0.01253467
v -0.07750000 -0.01427873 0.01253467
v -0.07250000 -0.01363857 0.01322836
v -0.07750000 -0.01363857 0.01322836
v -0.07750000 -0.01296474 0.01388940
v -0.07250000 -0.01296474 0.01388940
v -0.07250000 -0.01225892 0.01451616
v -0.07750000 -0.01225892 0.01451616
v -0.07250000 -0.01152284 0.01510709
v -0.07750000 -0.01152284 0.01510709
v -0.07750000 -0.01075832 0.01566073
v -0.07250000 -0.01075832 0.01566073
v -0.07250000 -0.00996725 0.01617572
v -0.07750000 -0.00996725 0.01617572
v -0.07750000 -0.00915157 0.01665079
v -0.07250000 -0.00915157 0.01665079
v -0.07250000 -0.00831331 0.01708476
v -0.07750000 -0.00831331 0.01708476
v -0.07250000 -0.00745453 0.01747656
v -0.07750000 -0.00745453 0.01747656
v -0.07250000 -0.00657735 0.01782522
v -0.07750000 -0.00657735 0.01782522
v -0.07250000 -0.00568393 0.01812989
v -0.07750000 -0.00568393 0.01812989
v -0.07250000 -0.00477649 0.01838981
v -0.07750000 -0.00477649 0.01838981
v -0.07250000 -0.00385726 0.01860434
v -0.07750000 -0.00385726 0.01860434
v -0.07250000 -0.00292851 0.01877296
v -0.07750000 -0.00292851 0.01877296
v -0.07250000 -0.00199252 0.01889523
v -0.07750000 -0.00199252 0.01889523
v -0.07250000 -0.00105163 0.01897087
v -0.07750000 -0.00105163 0.01897087
v -0.07250000 -0.00010813 0.01899969
v -0.07750000 -0.00010813 0.01899969
v -0.07250000 0.00083563 0.01898162
v -0.07750000 0.00083563 0.01898162
v -0.07250000 0.00177733 0.01891669
v -0.07750000 0.00177733 0.01891669
v -0.07250000 0.00271464 0.01880507
v -0.07750000 0.00271464 0.01880507
v -0.07750000 0.00364525 0.01864704
v -0.07250000 0.00364525 0.01864704
v -0.07250000 0.00456687 0.01844299
v -0.07750000 0.00456687 0.01844299
v -0.07250000 0.00547721 0.01819341
v -0.07750000 0.00547721 0.01819341
v -0.07250000 0.00637404 0.01789893
v -0.07750000 0.00637404 0.01789893
v -0.07250000 0.00725513 0.01756027
v -0.07750000 0.00725513 0.01756027
v -0.07750000 0.00811831 0.01717827
v -0.07250000 0.00811831 0.01717827
v -0.07250000 0.00896146 0.01675387
v -0.07750000 0.00896146 0.01675387
v -0.07250000 0.00978249 0.01628812
v -0.07750000 0.00978249 0.01628812
v -0.07250000 0.01057937 0.01578217
v -0.07750000 0.01057937 0.01578217
v -0.07250000 0.01135015 0.01523726
v -0.07750000 0.01135015 0.01523726
v -0.07750000 -0.01315355 0.00502773
v -0.07750000 -0.01321168 0.00493765
v -0.07750000 -0.01309101 0.00511479
v -0.07750000 -0.01326524 0.00484479
v -0.07750000 -0.01302420 0.00519863
v -0.07750000 -0.01331411 0.00474937
v -0.07750000 -0.01295330 0.00527904
v -0.07750000 -0.01335816 0.00465164
v -0.07750000 -0.01287848 0.00535581
v -0.07750000 -0.01339729 0.00455183
v -0.07750000 -0.01279992 0.00542876
v -0.07750000 -0.01343139 0.00445020
v -0.07750000 -0.01271783 0.00549770
v -0.07750000 -0.01346038 0.00434699
v -0.07750000 -0.01263240 0.00556246
v -0.07750000 -0.01348419 0.00424247
v -0.07750000 -0.01254385 0.00562289
v -0.07750000 -0.01350277 0.00413689
v -0.07750000 -0.01245240 0.00567882
v -0.07750000 -0.01351605 0.00403051
v -0.07750000 -0.01235827 0.00573013
v -0.07750000 -0.01352402 0.00392361
v -0.07750000 -0.01226170 0.00577668
v -0.07750000 -0.01352665 0.00381644
v -0.07750000 -0.01216294 0.00581836
v -0.07750000 -0.01352394 0.00370927
v -0.07750000 -0.01206221 0.00585507
v -0.07750000 -0.01351588 0.00360237
v -0.07750000 -0.01195979 0.00588671
v -0.07750000 -0.01350251 0.00349601
v -0.07750000 -0.01185591 0.00591320
v -0.07750000 -0.01348385 0.00339044
v -0.07750000 -0.01175084 0.00593449
v -0.07750000 -0.01345996 0.00328594
v -0.07750000 -0.01164484 0.00595051
v -0.07750000 -0.01343088 0.00318275
v -0.07750000 -0.01153818 0.00596122
v -0.07750000 -0.01339670 0.00308115
v -0.07750000 -0.01143111 0.00596661
v -0.07750000 -0.01335749 0.00298137
v -0.07750000 -0.01132391 0.00596665
v -0.07750000 -0.01331336 0.00288367
v -0.07750000 -0.01121684 0.00596135
v -0.07750000 -0.01326442 0.00278830
v -0.07750000 -0.01111017 0.00595072
v -0.07750000 -0.01321078 0.00269548
v -0.07750000 -0.01100415 0.00593478
v -0.07750000 -0.01315258 0.00260545
v -0.07750000 -0.01089907 0.00591358
v -0.07750000 -0.01308997 0.00251843
v -0.07750000 -0.01079517 0.00588717
v -0.07750000 -0.01302310 0.00243465
v -0.07750000 -0.01295213 0.00235430
v -0.07750000 -0.01287725 0.00227759
v -0.07750000 -0.01279863 0.00220470
v -0.07750000 -0.01271648 0.00213583
v -0.07750000 -0.01263100 0.00207113
v -0.07750000 -0.01254241 0.00201078
v -0.07750000 -0.00416383 0.01296493
v -0.07750000 -0.00422131 0.01287516
v -0.07750000 -0.00410198 0.01305175
v -0.07750000 -0.00427427 0.01278264
v -0.07750000 -0.00403589 0.01313539
v -0.07750000 -0.00432258 0.01268762
v -0.07750000 -0.00396574 0.01321566
v -0.07750000 -0.00436612 0.01259031
v -0.07750000 -0.00389170 0.01329235
v -0.07750000 -0.00440478 0.01249097
v -0.07750000 -0.00381395 0.01336528
v -0.07750000 -0.00443847 0.01238983
v -0.07750000 -0.00373267 0.01343426
v -0.07750000 -0.00446711 0.01228715
v -0.07750000 -0.00364808 0.01349913
v -0.07750000 -0.00449062 0.01218317
v -0.07750000 -0.00356038 0.01355972
v -0.07750000 -0.00450895 0.01207816
v -0.07750000 -0.00346978 0.01361590
v -0.07750000 -0.00452205 0.01197237
v -0.07750000 -0.00337651 0.01366751
v -0.07750000 -0.00452989 0.01186606
v -0.07750000 -0.00328080 0.01371444
v -0.07750000 -0.00453245 0.01175949
v -0.07750000 -0.00318287 0.01375657
v -0.07750000 -0.00452973 0.01165292
v -0.07750000 -0.00308298 0.01379379
v -0.07750000 -0.00452172 0.01154662
v -0.07750000 -0.00298137 0.01382602
v -0.07750000 -0.00450846 0.01144085
v -0.07750000 -0.00287828 0.01385316
v -0.07750000 -0.00448997 0.01133586
v -0.07750000 -0.01069272 0.00585562
v -0.07750000 -0.00277398 0.01387517
v -0.07750000 -0.00446630 0.01123192
v -0.07750000 -0.01059197 0.00581899
v -0.07750000 -0.00266871 0.01389198
v -0.07750000 -0.00443751 0.01112929
v -0.07750000 -0.01049317 0.00577739
v -0.07750000 -0.00256274 0.01390355
v -0.07750000 -0.00440367 0.01102820
v -0.07750000 -0.01039656 0.00573091
v -0.07750000 -0.00245633 0.01390985
v -0.07750000 -0.00436486 0.01092892
v -0.07750000 -0.01030240 0.00567968
v -0.07750000 -0.00234973 0.01391087
v -0.07750000 -0.00432117 0.01083168
v -0.07750000 -0.01021090 0.00562382
v -0.07750000 -0.00224321 0.01390661
v -0.07750000 -0.00427272 0.01073673
v -0.07750000 -0.01012230 0.00556347
v -0.07750000 -0.00213704 0.01389707
v -0.07750000 -0.00421962 0.01064429
v -0.07750000 -0.01003682 0.00549877
v -0.07750000 -0.00203147 0.01388228
v -0.07750000 -0.00416200 0.01055460
v -0.07750000 -0.00995467 0.00542990
v -0.07750000 -0.00192677 0.01386227
v -0.07750000 -0.00410001 0.01046788
v -0.07750000 -0.00987606 0.00535701
v -0.07750000 -0.00182318 0.01383711
v -0.07750000 -0.00403380 0.01038434
v -0.07750000 -0.00980118 0.00528030
v -0.07750000 -0.00172097 0.01380683
v -0.07750000 -0.00396353 0.01030418
v -0.07750000 -0.00973021 0.00519995
v -0.07750000 -0.00162038 0.01377153
v -0.07750000 -0.00388937 0.01022760
v -0.07750000 -0.00966334 0.00511616
v -0.07750000 -0.00152167 0.01373129
v -0.07750000 -0.00381151 0.01015479
v -0.07750000 -0.00960072 0.00502915
v -0.07750000 -0.00142507 0.01368620
v -0.07750000 -0.00373013 0.01008593
v -0.07750000 -0.00954253 0.00493912
v -0.07750000 -0.00133083 0.01363638
v -0.07750000 -0.00364544 0.01002119
v -0.07750000 -0.00948889 0.00484630
v -0.07750000 -0.00123917 0.01358195
v -0.07750000 -0.00115033 0.01352304
v -0.07750000 -0.01040733 -0.00057175
v -0.07750000 -0.01142940 0.00166795
v -0.07750000 -0.01153647 0.00167325
v -0.07750000 -0.01046438 -0.00065982
v -0.07750000 -0.01164314 0.00168388
v -0.07750000 -0.01034595 -0.00048663
v -0.07750000 -0.01132219 0.00166799
v -0.07750000 -0.01051695 -0.00075064
v -0.07750000 -0.01174915 0.00169981
v -0.07750000 -0.01028040 -0.00040468
v -0.07750000 -0.01121513 0.00167337
v -0.07750000 -0.01056493 -0.00084397
v -0.07750000 -0.01185424 0.00172101
v -0.07750000 -0.01021084 -0.00032612
v -0.07750000 -0.01110846 0.00168409
v -0.07750000 -0.00106451 0.01345981
v -0.07750000 -0.01060818 -0.00093958
v -0.07750000 -0.01195813 0.00174742
v -0.07750000 -0.01013744 -0.00025112
v -0.07750000 -0.01100246 0.00170011
v -0.07750000 -0.01064660 -0.00103723
v -0.07750000 -0.01206059 0.00177898
v -0.07750000 -0.01006038 -0.00017989
v -0.07750000 -0.01089740 0.00172139
v -0.07750000 -0.01068010 -0.00113668
v -0.07750000 -0.01216134 0.00181561
v -0.07750000 -0.00997986 -0.00011259
v -0.07750000 -0.01079352 0.00174789
v -0.07750000 -0.01070859 -0.00123768
v -0.07750000 -0.01226014 0.00185721
v -0.07750000 -0.00989608 -0.00004940
v -0.07750000 -0.01069109 0.00177953
v -0.07750000 -0.00098193 0.01339239
v -0.07750000 -0.01073199 -0.00133997
v -0.07750000 -0.01235674 0.00190368
v -0.07750000 -0.00980925 0.00000953
v -0.07750000 -0.01059037 0.00181623
v -0.07750000 -0.01075026 -0.00144331
v -0.07750000 -0.01245091 0.00195491
v -0.07750000 -0.00971958 0.00006404
v -0.07750000 -0.01049160 0.00185791
v -0.07750000 -0.01076334 -0.00154743
v -0.07750000 -0.00090280 0.01332097
v -0.07750000 -0.00962730 0.00011401
v -0.07750000 -0.01039504 0.00190447
v -0.07750000 -0.01077120 -0.00165207
v -0.07750000 -0.00953264 0.00015930
v -0.07750000 -0.01030091 0.00195577
v -0.07750000 -0.00083104 0.01324962
v -0.07750000 -0.01077383 -0.00175698
v -0.07750000 -0.00943584 0.00019981
v -0.07750000 -0.01020946 0.00201171
v -0.07750000 -0.01077121 -0.00186188
v -0.07750000 -0.00076272 0.01317497
v -0.07750000 -0.00933713 0.00023544
v -0.07750000 -0.01012091 0.00207213
v -0.07750000 -0.01076335 -0.00196653
v -0.07750000 -0.00923677 0.00026608
v -0.07750000 -0.01003548 0.00213690
v -0.07750000 -0.00069799 0.01309719
v -0.07750000 -0.01075028 -0.00207065
v -0.07750000 -0.00913500 0.00029168
v -0.07750000 -0.00995339 0.00220584
v -0.07750000 -0.01073202 -0.00217399
v -0.07750000 -0.00063699 0.01301646
v -0.07750000 -0.00903208 0.00031216
v -0.07750000 -0.00987483 0.00227878
v -0.07750000 -0.01070862 -0.00227628
v -0.07750000 -0.00057986 0.01293294
v -0.07750000 -0.00892827 0.00032747
v -0.07750000 -0.00980001 0.00235556
v -0.07750000 -0.01068015 -0.00237728
v -0.07750000 -0.00882382 0.00033758
v -0.07750000 -0.00972911 0.00243596
v -0.07750000 -0.01064666 -0.00247673
v -0.07750000 -0.00871899 0.00034246
v -0.07750000 -0.00966230 0.00251980
v -0.07750000 -0.01060824 -0.00257439
v -0.07750000 -0.00861405 0.00034209
v -0.07750000 -0.00959976 0.00260687
v -0.07750000 -0.01056500 -0.00267000
v -0.07750000 -0.00850927 0.00033649
v -0.07750000 -0.00954163 0.00269694
v -0.07750000 -0.00052671 0.01284682
v -0.07750000 -0.00047768 0.01275830
v -0.07750000 -0.00840489 0.00032565
v -0.07750000 -0.00830118 0.00030962
v -0.07750000 -0.00948807 0.00278981
v -0.07750000 -0.00819841 0.00028842
v -0.07750000 -0.00943920 0.00288522
v -0.07750000 -0.00809682 0.00026212
v -0.07750000 -0.00939515 0.00298295
v -0.07750000 -0.00799667 0.00023077
v -0.07750000 -0.00935602 0.00308276
v -0.07750000 -0.00789885 0.00019472
v -0.07750000 -0.00932192 0.00318439
v -0.07750000 -0.01077110 -0.00673339
v -0.07750000 -0.01051703 -0.00276333
v -0.07750000 -0.01082923 -0.00682347
v -0.07750000 -0.01070856 -0.00664633
v -0.07750000 -0.01046446 -0.00285416
v -0.07750000 -0.01088279 -0.00691633
v -0.07750000 -0.01064175 -0.00656249
v -0.07750000 -0.01040742 -0.00294224
v -0.07750000 -0.01093166 -0.00701174
v -0.07750000 -0.01057085 -0.00648208
v -0.07750000 -0.01034605 -0.00302736
v -0.07750000 -0.01097571 -0.00710948
v -0.07750000 -0.01049603 -0.00640531
v -0.07750000 -0.01028050 -0.00310931
v -0.07750000 -0.01101484 -0.00720928
v -0.07750000 -0.01041747 -0.00633236
v -0.07750000 -0.01021095 -0.00318788
v -0.07750000 -0.01104894 -0.00731092
v -0.07750000 -0.01033538 -0.00626342
v -0.07750000 -0.01013755 -0.00326288
v -0.07750000 -0.01107793 -0.00741412
v -0.07750000 -0.01024995 -0.00619866
v -0.07750000 -0.01006050 -0.00333412
v -0.07750000 -0.01110174 -0.00751865
v -0.07750000 -0.01016140 -0.00613823
v -0.07750000 -0.00997999 -0.00340142
v -0.07750000 -0.01112032 -0.00762423
v -0.07750000 -0.01006995 -0.00608230
v -0.07750000 -0.00989621 -0.00346462
v -0.07750000 -0.01113361 -0.00773060
v -0.07750000 -0.00413232 0.00281495
v -0.07750000 -0.00925079 0.00413859
v -0.07750000 -0.00923742 0.00403222
v -0.07750000 -0.00426749 0.00260547
v -0.07750000 -0.00922937 0.00392532
v -0.07750000 -0.00922665 0.00381816
v -0.07750000 -0.00398687 0.00301743
v -0.07750000 -0.00926945 0.00424415
v -0.07750000 -0.00929335 0.00434866
v -0.07750000 -0.00997582 -0.00603099
v -0.07750000 -0.00980938 -0.00352355
v -0.07750000 -0.00439206 0.00238952
v -0.07750000 -0.00922928 0.00371099
v -0.07750000 -0.00923725 0.00360408
v -0.07750000 -0.00383151 0.00321241
v -0.07750000 -0.00932242 0.00445184
v -0.07750000 -0.01114157 -0.00783751
v -0.07750000 -0.00450571 0.00216762
v -0.07750000 -0.00925054 0.00349771
v -0.07750000 -0.00366662 0.00339940
v -0.07750000 -0.00939581 0.00465322
v -0.07750000 -0.00935661 0.00455345
v -0.07750000 -0.00987925 -0.00598444
v -0.07750000 -0.00971972 -0.00357807
v -0.07750000 -0.00460816 0.00194033
v -0.07750000 -0.00926911 0.00339213
v -0.07750000 -0.00929293 0.00328760
v -0.07750000 -0.01114420 -0.00794468
v -0.07750000 -0.00349261 0.00357794
v -0.07750000 -0.00943994 0.00475092
v -0.07750000 -0.00978049 -0.00594276
v -0.07750000 -0.00962744 -0.00362805
v -0.07750000 -0.00469915 0.00170822
v -0.07750000 -0.01114149 -0.00805185
v -0.07750000 -0.00330993 0.00374758
v -0.07750000 -0.00355765 0.00996073
v -0.07750000 -0.00967976 -0.00590605
v -0.07750000 -0.00953279 -0.00367335
v -0.07750000 -0.00477845 0.00147187
v -0.07750000 -0.00780295 0.00015385
v -0.07750000 -0.00770919 0.00010828
v -0.07750000 -0.01113343 -0.00815875
v -0.07750000 -0.00311901 0.00390791
v -0.07750000 -0.00346696 0.00990469
v -0.07750000 -0.00957734 -0.00587441
v -0.07750000 -0.00943599 -0.00371387
v -0.07750000 -0.00484588 0.00123185
v -0.07750000 -0.00761780 0.00005811
v -0.07750000 -0.00752902 0.00000346
v -0.07750000 -0.01112006 -0.00826511
v -0.07750000 -0.00292034 0.00405852
v -0.07750000 -0.00327783 0.00980643
v -0.07750000 -0.00337361 0.00985322
v -0.07750000 -0.00947346 -0.00584792
v -0.07750000 -0.00933728 -0.00374950
v -0.07750000 -0.00490126 0.00098877
v -0.07750000 -0.00744306 -0.00005552
v -0.07750000 -0.00736014 -0.00011870
v -0.07750000 -0.01110140 -0.00837068
v -0.07750000 -0.00936839 -0.00582663
v -0.07750000 -0.00923692 -0.00378015
v -0.07750000 -0.00271441 0.00419905
v -0.07750000 -0.00317984 0.00976446
v -0.07750000 -0.01107751 -0.00847518
v -0.07750000 -0.00494445 0.00074324
v -0.07750000 -0.00728045 -0.00018591
v -0.07750000 -0.00926239 -0.00581061
v -0.07750000 -0.00913516 -0.00380576
v -0.07750000 -0.00250173 0.00432913
v -0.07750000 -0.00297823 0.00969532
v -0.07750000 -0.00307989 0.00972739
v -0.07750000 -0.01104843 -0.00857837
v -0.07750000 -0.00915573 -0.00579990
v -0.07750000 -0.00903224 -0.00382624
v -0.07750000 -0.00497535 0.00049585
v -0.07750000 -0.00720419 -0.00025700
v -0.07750000 -0.00713156 -0.00033178
v -0.07750000 0.00107565 0.00956661
v -0.07750000 -0.00051281 0.01069954
v -0.07750000 -0.00056562 0.01061150
v -0.07750000 0.00101910 0.00947831
v -0.07750000 -0.00062256 0.01052609
v -0.07750000 0.00113654 0.00965199
v -0.07750000 -0.00046427 0.01078999
v -0.07750000 -0.01101425 -0.00867997
v -0.07750000 0.00096702 0.00938729
v -0.07750000 -0.00068594 0.01044038
v -0.07750000 0.00120161 0.00973421
v -0.07750000 -0.00042010 0.01088266
v -0.07750000 0.00091956 0.00929378
v -0.07750000 -0.00075349 0.01035791
v -0.07750000 0.00127071 0.00981309
v -0.07750000 -0.00038041 0.01097733
v -0.07750000 -0.00228283 0.00444845
v -0.07750000 -0.00277077 0.00964648
v -0.07750000 -0.00287510 0.00966832
v -0.07750000 0.00087682 0.00919803
v -0.07750000 -0.00082505 0.01027889
v -0.07750000 0.00134366 0.00988842
v -0.07750000 -0.00034528 0.01107379
v -0.07750000 -0.00904866 -0.00579451
v -0.07750000 -0.00892842 -0.00384157
v -0.07750000 0.00083891 0.00910026
v -0.07750000 -0.00090043 0.01020352
v -0.07750000 0.00142028 0.00996001
v -0.07750000 -0.00031479 0.01117181
v -0.07750000 0.00080594 0.00900071
v -0.07750000 -0.00097946 0.01013198
v -0.07750000 -0.00499388 0.00024724
v -0.07750000 -0.00706272 -0.00041008
v -0.07750000 -0.00699786 -0.00049169
v -0.07750000 -0.01097504 -0.00877975
v -0.07750000 0.00150038 0.01002769
v -0.07750000 -0.00028902 0.01127118
v -0.07750000 0.00077797 0.00889965
v -0.07750000 -0.00106193 0.01006444
v -0.07750000 0.00158375 0.01009128
v -0.07750000 -0.00026802 0.01137167
v -0.07750000 -0.00894146 -0.00579447
v -0.07750000 -0.00882397 -0.00385168
v -0.07750000 -0.00205825 0.00455671
v -0.07750000 -0.00266547 0.00962983
v -0.07750000 0.00075508 0.00879732
v -0.07750000 -0.00114765 0.01000107
v -0.07750000 0.00167020 0.01015064
v -0.07750000 -0.00025184 0.01147304
v -0.07750000 -0.01093091 -0.00887744
v -0.07750000 0.00073733 0.00869397
v -0.07750000 -0.00123641 0.00994203
v -0.07750000 0.00175950 0.01020560
v -0.07750000 -0.00024051 0.01157507
v -0.07750000 -0.00499597 -0.00034093
v -0.07750000 -0.00693713 -0.00057643
v -0.07750000 -0.00688068 -0.00066407
v -0.07750000 -0.00883439 -0.00579977
v -0.07750000 -0.00871915 -0.00385657
v -0.07750000 0.00072476 0.00858986
v -0.07750000 -0.00132798 0.00988746
v -0.07750000 0.00185144 0.01025604
v -0.07750000 -0.00023408 0.01167752
v -0.07750000 -0.01088197 -0.00897282
v -0.07750000 -0.00182856 0.00465364
v -0.07750000 -0.00245306 0.00961228
v -0.07750000 -0.00255949 0.00961842
v -0.07750000 0.00071741 0.00848526
v -0.07750000 -0.00142215 0.00983750
v -0.07750000 0.00194578 0.01030183
v -0.07750000 -0.00023253 0.01178017
v -0.07750000 -0.00872772 -0.00581040
v -0.07750000 -0.00861421 -0.00385621
v -0.07750000 0.00071528 0.00838042
v -0.07750000 -0.00151868 0.00979226
v -0.07750000 -0.00682865 -0.00075440
v -0.07750000 -0.00678116 -0.00084721
v -0.07750000 -0.01082833 -0.00906564
v -0.07750000 0.00204228 0.01034285
v -0.07750000 -0.00023589 0.01188277
v -0.07750000 0.00071839 0.00827560
v -0.07750000 -0.00161733 0.00975187
v -0.07750000 -0.00862171 -0.00582634
v -0.07750000 -0.00850942 -0.00385061
v -0.07750000 0.00214071 0.01037900
v -0.07750000 -0.00024415 0.01198509
v -0.07750000 -0.00159433 0.00473900
v -0.07750000 -0.00234647 0.00961142
v -0.07750000 -0.01077013 -0.00915567
v -0.07750000 0.00072673 0.00817107
v -0.07750000 -0.00171786 0.00971641
v -0.07750000 0.00224083 0.01041019
v -0.07750000 -0.00025728 0.01208690
v -0.07750000 -0.00673834 -0.00094226
v -0.07750000 -0.00670029 -0.00103932
v -0.07750000 -0.00851662 -0.00584754
v -0.07750000 -0.00840504 -0.00383978
v -0.07750000 0.00074028 0.00806709
v -0.07750000 -0.00182003 0.00968599
v -0.07750000 -0.01070752 -0.00924269
v -0.07750000 0.00234238 0.01043635
v -0.07750000 -0.00027525 0.01218798
v -0.07750000 -0.00135612 0.00481258
v -0.07750000 -0.00213380 0.00962555
v -0.07750000 -0.00223996 0.00961585
v -0.07750000 0.00075900 0.00796391
v -0.07750000 -0.00192358 0.00966066
v -0.07750000 -0.00841272 -0.00587395
v -0.07750000 -0.00830134 -0.00382376
v -0.07750000 0.00244510 0.01045740
v -0.07750000 -0.00029767 0.01228665
v -0.07750000 -0.01064065 -0.00932647
v -0.07750000 -0.00666710 -0.00113815
v -0.07750000 -0.00663886 -0.00123850
v -0.07750000 0.00078269 0.00786239
v -0.07750000 -0.00202825 0.00964050
v -0.07750000 0.00254875 0.01047330
v -0.07750000 -0.00032470 0.01238416
v -0.07750000 -0.00831027 -0.00590550
v -0.07750000 -0.00819856 -0.00380257
v -0.07750000 -0.00111455 0.00487419
v -0.07750000 -0.01056968 -0.00940682
v -0.07750000 0.00265307 0.01048401
v -0.07750000 -0.00035630 0.01248030
v -0.07750000 -0.00820952 -0.00594213
v -0.07750000 -0.00809697 -0.00377627
v -0.07750000 -0.00482936 -0.00132411
v -0.07750000 -0.00661563 -0.00134013
v -0.07750000 -0.00659747 -0.00144278
v -0.07750000 -0.01049480 -0.00948353
v -0.07750000 0.00275778 0.01048949
v -0.07750000 -0.00039238 0.01257484
v -0.07750000 -0.00811072 -0.00598373
v -0.07750000 -0.00799682 -0.00374494
v -0.07750000 -0.00087021 0.00492369
v -0.07750000 0.00084503 0.00766350
v -0.07750000 0.00081139 0.00776217
v -0.07750000 0.00286265 0.01048975
v -0.07750000 -0.00043287 0.01266757
v -0.07750000 -0.01041618 -0.00955642
v -0.07750000 -0.00658444 -0.00154622
v -0.07750000 -0.00657655 -0.00165017
v -0.07750000 -0.00801411 -0.00603021
v -0.07750000 -0.00789836 -0.00370863
v -0.07750000 0.00296739 0.01048476
v -0.07750000 -0.01033404 -0.00962529
v -0.07750000 -0.00062370 0.00496095
v -0.07750000 0.00092679 0.00747176
v -0.07750000 0.00088353 0.00756662
v -0.07750000 -0.00791995 -0.00608144
v -0.07750000 -0.00780184 -0.00366746
v -0.07750000 0.00307175 0.01047456
v -0.07750000 -0.01024856 -0.00968999
v -0.07750000 -0.00657383 -0.00175438
v -0.07750000 -0.00657628 -0.00185860
v -0.07750000 0.00317548 0.01045916
v -0.07750000 -0.00782845 -0.00613730
v -0.07750000 -0.00770749 -0.00362151
v -0.07750000 -0.01015996 -0.00975034
v -0.07750000 -0.00037564 0.00498587
v -0.07750000 0.00102714 0.00728908
v -0.07750000 0.00097470 0.00737917
v -0.07750000 0.00327830 0.01043860
v -0.07750000 -0.00773985 -0.00619765
v -0.07750000 -0.00752627 -0.00351578
v -0.07750000 -0.00761556 -0.00357091
v -0.07750000 -0.01006846 -0.00980621
v -0.07750000 -0.00658391 -0.00196258
v -0.07750000 -0.00659668 -0.00206604
v -0.07750000 0.00337998 0.01041293
v -0.07750000 -0.00765437 -0.00626235
v -0.07750000 -0.00743985 -0.00345626
v -0.07750000 -0.00012665 0.00499840
v -0.07750000 0.00108400 0.00720169
v -0.07750000 -0.00997429 -0.00985744
v -0.07750000 0.00348024 0.01038222
v -0.07750000 -0.00757222 -0.00633122
v -0.07750000 -0.00735650 -0.00339250
v -0.07750000 -0.00460661 -0.00194401
v -0.07750000 -0.00661457 -0.00216874
v -0.07750000 -0.00663754 -0.00227043
v -0.07750000 -0.00987769 -0.00990391
v -0.07750000 0.00357884 0.01034654
v -0.07750000 -0.00749361 -0.00640411
v -0.07750000 -0.00727645 -0.00332465
v -0.07750000 0.00012266 0.00499850
v -0.07750000 0.00121035 0.00703592
v -0.07750000 0.00114512 0.00711724
v -0.07750000 0.00367555 0.01030598
v -0.07750000 -0.00741873 -0.00648082
v -0.07750000 -0.00720038 -0.00325337
v -0.07750000 -0.00450398 -0.00217122
v -0.07750000 -0.00666553 -0.00237085
v -0.07750000 -0.00669847 -0.00246977
v -0.07750000 0.00377010 0.01026065
v -0.07750000 -0.00734776 -0.00656117
v -0.07750000 0.00037166 0.00498617
v -0.07750000 0.00135252 0.00688350
v -0.07750000 0.00127954 0.00695795
v -0.07750000 0.00386228 0.01021065
v -0.07750000 -0.00439015 -0.00239302
v -0.07750000 -0.00673627 -0.00256692
v -0.07750000 -0.00677885 -0.00266208
v -0.07750000 0.00395184 0.01015612
v -0.07750000 0.00150910 0.00674591
v -0.07750000 0.00142910 0.00681276
v -0.07750000 -0.00947179 -0.01004011
v -0.07750000 -0.00957568 -0.01001370
v -0.07750000 -0.00967814 -0.00998214
v -0.07750000 -0.00977889 -0.00994551
v -0.07750000 -0.00426541 -0.00260888
v -0.07750000 -0.00682610 -0.00275501
v -0.07750000 0.00076522 0.00494253
v -0.07750000 0.00167854 0.00662453
v -0.07750000 0.00159231 0.00668312
v -0.07750000 -0.00413007 -0.00281825
v -0.07750000 -0.00687790 -0.00284547
v -0.07750000 -0.00693413 -0.00293326
v -0.07750000 0.00185919 0.00652054
v -0.07750000 0.00176757 0.00657029
v -0.07750000 -0.00398446 -0.00302061
v -0.07750000 -0.00699465 -0.00301815
v -0.07750000 -0.00705930 -0.00309993
v -0.07750000 0.00204925 0.00643497
v -0.07750000 0.00195316 0.00647540
v -0.07750000 -0.00382894 -0.00321547
v -0.07750000 -0.00712793 -0.00317840
v -0.07750000 0.00224686 0.00636867
v -0.07750000 0.00214723 0.00639937
v -0.07750000 -0.00915402 -0.01008787
v -0.07750000 -0.00926069 -0.01007724
v -0.07750000 -0.00936670 -0.01006131
v -0.07750000 -0.00366390 -0.00340233
v -0.07750000 -0.00728089 -0.00664496
v -0.07750000 0.00150787 0.00477518
v -0.07750000 0.00245007 0.00632228
v -0.07750000 0.00234789 0.00634295
v -0.07750000 -0.00348975 -0.00358073
v -0.07750000 -0.00721827 -0.00673197
v -0.07750000 -0.00716008 -0.00682200
v -0.07750000 0.00265687 0.00629626
v -0.07750000 0.00255315 0.00630670
v -0.07750000 -0.00330693 -0.00375023
v -0.07750000 -0.00710644 -0.00691482
v -0.07750000 0.00286524 0.00629088
v -0.07750000 0.00276099 0.00629098
v -0.07750000 -0.00311589 -0.00391040
v -0.07750000 -0.00705749 -0.00701020
v -0.07750000 -0.00701336 -0.00710790
v -0.07750000 0.00230883 0.00443949
v -0.07750000 0.00307311 0.00630617
v -0.07750000 0.00296937 0.00629594
v -0.07750000 -0.00883268 -0.01008775
v -0.07750000 -0.00893974 -0.01009313
v -0.07750000 -0.00904695 -0.01009317
v -0.07750000 -0.00291710 -0.00406085
v -0.07750000 -0.00697416 -0.00720767
v -0.07750000 -0.00693998 -0.00730928
v -0.07750000 0.00271105 0.00420121
v -0.07750000 0.00327845 0.00634200
v -0.07750000 0.00317623 0.00632154
v -0.07750000 -0.00271105 -0.00420121
v -0.07750000 -0.00691090 -0.00741246
v -0.07750000 0.00291710 0.00406085
v -0.07750000 0.00347922 0.00639801
v -0.07750000 0.00337953 0.00636751
v -0.07750000 -0.00249827 -0.00433112
v -0.07750000 -0.00688700 -0.00751697
v -0.07750000 -0.00686835 -0.00762253
v -0.07750000 0.00311589 0.00391040
v -0.07750000 0.00357727 0.00643341
v -0.07750000 -0.00227928 -0.00445027
v -0.07750000 -0.00685497 -0.00772890
v -0.07750000 -0.00851495 -0.01003973
v -0.07750000 -0.00862001 -0.01006101
v -0.07750000 -0.00872601 -0.01007703
v -0.07750000 0.00330693 0.00375023
v -0.07750000 0.00376751 0.00651859
v -0.07750000 0.00367345 0.00647364
v -0.07750000 -0.00205462 -0.00455835
v -0.07750000 -0.00684692 -0.00783580
v -0.07750000 -0.00684420 -0.00794296
v -0.07750000 0.00348975 0.00358073
v -0.07750000 0.00394836 0.00662221
v -0.07750000 0.00385922 0.00656816
v -0.07750000 0.00721731 0.00915425
v -0.07750000 0.00465868 0.00939616
v -0.07750000 0.00470660 0.00930288
v -0.07750000 0.00715918 0.00906417
v -0.07750000 0.00474979 0.00920733
v -0.07750000 0.00727985 0.00924132
v -0.07750000 0.00460617 0.00948692
v -0.07750000 0.00710562 0.00897131
v -0.07750000 0.00478817 0.00910974
v -0.07750000 0.00734666 0.00932516
v -0.07750000 0.00454920 0.00957496
v -0.07750000 0.00705675 0.00887590
v -0.07750000 0.00482162 0.00901036
v -0.07750000 0.00741756 0.00940556
v -0.07750000 0.00448790 0.00966004
v -0.07750000 0.00701270 0.00877817
v -0.07750000 0.00485007 0.00890943
v -0.07750000 0.00749238 0.00948234
v -0.07750000 0.00442243 0.00974195
v -0.07750000 0.00697357 0.00867836
v -0.07750000 0.00487345 0.00880721
v -0.07750000 0.00757094 0.00955528
v -0.07750000 0.00435295 0.00982049
v -0.07750000 0.00693947 0.00857672
v -0.07750000 0.00489103 0.00870837
v -0.07750000 -0.00182485 -0.00465510
v -0.07750000 -0.00684683 -0.00805013
v -0.07750000 0.00765303 0.00962422
v -0.07750000 0.00427964 0.00989547
v -0.07750000 0.00691048 0.00847352
v -0.07750000 0.00490386 0.00860881
v -0.07750000 0.00773846 0.00968899
v -0.07750000 0.00420268 0.00996669
v -0.07750000 0.00688666 0.00836899
v -0.07750000 0.00491191 0.00850874
v -0.07750000 0.00491518 0.00840841
v -0.07750000 0.00782701 0.00974941
v -0.07750000 0.00412226 0.01003398
v -0.07750000 0.00686809 0.00826341
v -0.07750000 0.00491365 0.00830803
v -0.07750000 0.00366390 0.00340233
v -0.07750000 0.00411806 0.00674325
v -0.07750000 0.00403471 0.00668062
v -0.07750000 0.00791846 0.00980535
v -0.07750000 0.00403857 0.01009718
v -0.07750000 0.00685480 0.00815704
v -0.07750000 0.00490732 0.00820784
v -0.07750000 0.00801259 0.00985665
v -0.07750000 0.00684683 0.00805013
v -0.07750000 0.00489621 0.00810807
v -0.07750000 0.00810915 0.00990321
v -0.07750000 -0.00159054 -0.00474027
v -0.07750000 -0.00685480 -0.00815704
v -0.07750000 0.00684420 0.00794296
v -0.07750000 0.00488034 0.00800894
v -0.07750000 0.00820792 0.00994489
v -0.07750000 0.00684692 0.00783580
v -0.07750000 0.00485976 0.00791069
v -0.07750000 0.00830864 0.00998159
v -0.07750000 0.00382894 0.00321547
v -0.07750000 0.00685497 0.00772890
v -0.07750000 0.00483450 0.00781353
v -0.07750000 0.00841107 0.01001323
v -0.07750000 0.00686835 0.00762253
v -0.07750000 0.00480463 0.00771769
v -0.07750000 0.00851495 0.01003973
v -0.07750000 -0.00830864 -0.00998159
v -0.07750000 -0.00841107 -0.01001323
v -0.07750000 0.00688700 0.00751697
v -0.07750000 0.00477022 0.00762338
v -0.07750000 0.00862001 0.01006101
v -0.07750000 0.00691090 0.00741246
v -0.07750000 0.00473133 0.00753083
v -0.07750000 0.00872601 0.01007703
v -0.07750000 0.00693998 0.00730928
v -0.07750000 0.00468807 0.00744025
v -0.07750000 0.00883268 0.01008775
v -0.07750000 0.00697416 0.00720767
v -0.07750000 0.00464053 0.00735183
v -0.07750000 0.00893974 0.01009313
v -0.07750000 0.00701336 0.00710790
v -0.07750000 0.00458882 0.00726578
v -0.07750000 0.00904695 0.01009317
v -0.07750000 0.00705749 0.00701020
v -0.07750000 0.00453305 0.00718231
v -0.07750000 0.00915402 0.01008787
v -0.07750000 0.00710644 0.00691482
v -0.07750000 0.00447336 0.00710160
v -0.07750000 0.00926069 0.01007724
v -0.07750000 0.00716008 0.00682200
v -0.07750000 0.00440988 0.00702383
v -0.07750000 0.00936670 0.01006131
v -0.07750000 0.00721827 0.00673197
v -0.07750000 0.00434275 0.00694918
v -0.07750000 0.00947179 0.01004011
v -0.07750000 0.00728089 0.00664496
v -0.07750000 0.00427213 0.00687783
v -0.07750000 0.00419819 0.00680993
v -0.07750000 0.00957568 0.01001370
v -0.07750000 0.00734776 0.00656117
v -0.07750000 -0.00801259 -0.00985665
v -0.07750000 -0.00810915 -0.00990321
v -0.07750000 -0.00820792 -0.00994489
v -0.07750000 0.00967814 0.00998214
v -0.07750000 0.00741873 0.00648082
v -0.07750000 0.00977889 0.00994551
v -0.07750000 0.00749361 0.00640411
v -0.07750000 0.00398446 0.00302061
v -0.07750000 0.00987769 0.00990391
v -0.07750000 0.00757222 0.00633122
v -0.07750000 0.00997429 0.00985744
v -0.07750000 0.00765437 0.00626235
v -0.07750000 0.00413007 0.00281825
v -0.07750000 0.01006846 0.00980621
v -0.07750000 0.00773985 0.00619765
v -0.07750000 0.00426541 0.00260888
v -0.07750000 0.01015996 0.00975034
v -0.07750000 0.00782845 0.00613730
v -0.07750000 0.01024856 0.00968999
v -0.07750000 0.00791995 0.00608144
v -0.07750000 0.00439015 0.00239302
v -0.07750000 0.01033404 0.00962529
v -0.07750000 0.00801411 0.00603021
v -0.07750000 0.01041618 0.00955642
v -0.07750000 -0.00782701 -0.00974941
v -0.07750000 -0.00791846 -0.00980535
v -0.07750000 0.00811072 0.00598373
v -0.07750000 0.00450398 0.00217122
v -0.07750000 0.01049480 0.00948353
v -0.07750000 0.00820952 0.00594213
v -0.07750000 0.00460661 0.00194401
v -0.07750000 0.01056968 0.00940682
v -0.07750000 0.00831027 0.00590550
v -0.07750000 0.01064065 0.00932647
v -0.07750000 0.00841272 0.00587395
v -0.07750000 0.00469778 0.00171198
v -0.07750000 0.01070752 0.00924269
v -0.07750000 0.00851662 0.00584754
v -0.07750000 0.00477728 0.00147568
v -0.07750000 0.01077013 0.00915567
v -0.07750000 0.00862171 0.00582634
v -0.07750000 0.01082833 0.00906564
v -0.07750000 0.00872772 0.00581040
v -0.07750000 0.00484489 0.00123572
v -0.07750000 0.01088197 0.00897282
v -0.07750000 0.00883439 0.00579977
v -0.07750000 0.00490047 0.00099269
v -0.07750000 0.01093091 0.00887744
v -0.07750000 0.00894146 0.00579447
v -0.07750000 0.01097504 0.00877975
v -0.07750000 -0.00765303 -0.00962422
v -0.07750000 -0.00773846 -0.00968899
v -0.07750000 0.01101425 0.00867997
v -0.07750000 0.00056408 -0.01061394
v -0.07750000 0.00062256 -0.01052609
v -0.07750000 -0.00135228 -0.00481366
v -0.07750000 0.00050997 -0.01070455
v -0.07750000 -0.00686809 -0.00826341
v -0.07750000 0.00068592 -0.01044040
v -0.07750000 -0.00111066 -0.00487508
v -0.07750000 0.00046038 -0.01079772
v -0.07750000 -0.00688666 -0.00836899
v -0.07750000 0.00075345 -0.01035796
v -0.07750000 0.00041542 -0.01089320
v -0.07750000 -0.00691048 -0.00847352
v -0.07750000 0.00082497 -0.01027897
v -0.07750000 -0.00086627 -0.00492439
v -0.07750000 0.00037520 -0.01099077
v -0.07750000 -0.00693947 -0.00857672
v -0.07750000 0.00090033 -0.01020362
v -0.07750000 -0.00061974 -0.00496144
v -0.07750000 0.00033981 -0.01109020
v -0.07750000 -0.00697357 -0.00867836
v -0.07750000 0.00097932 -0.01013209
v -0.07750000 0.00030935 -0.01119125
v -0.07750000 -0.00701270 -0.00877817
v -0.07750000 0.00106177 -0.01006456
v -0.07750000 -0.00037166 -0.00498617
v -0.07750000 0.00412429 -0.00544905
v -0.07750000 0.00406766 -0.00553658
v -0.07750000 0.00418519 -0.00536444
v -0.07750000 0.00401544 -0.00562681
v -0.07750000 0.00271711 -0.00420322
v -0.07750000 0.00425022 -0.00528296
v -0.07750000 0.00340665 -0.00366855
v -0.07750000 0.00396776 -0.00571952
v -0.07750000 0.00431921 -0.00520480
v -0.07750000 0.00028388 -0.01129367
v -0.07750000 -0.00705675 -0.00887590
v -0.07750000 0.00114745 -0.01000121
v -0.07750000 -0.00012266 -0.00499850
v -0.07750000 0.00392475 -0.00581448
v -0.07750000 0.00228283 -0.00444845
v -0.07750000 0.00439200 -0.00513017
v -0.07750000 0.00388650 -0.00591146
v -0.07750000 0.00026347 -0.01139721
v -0.07750000 -0.00710562 -0.00897131
v -0.07750000 0.00446840 -0.00505924
v -0.07750000 0.00123617 -0.00994218
v -0.07750000 0.00385311 -0.00601022
v -0.07750000 0.00205825 -0.00455671
v -0.07750000 0.00454823 -0.00499219
v -0.07750000 0.00024817 -0.01150164
v -0.07750000 -0.00715918 -0.00906417
v -0.07750000 0.00382466 -0.00611051
v -0.07750000 0.00132771 -0.00988761
v -0.07750000 0.00012665 -0.00499840
v -0.07750000 0.00463128 -0.00492918
v -0.07750000 0.00380123 -0.00621209
v -0.07750000 0.00182856 -0.00465364
v -0.07750000 0.00023800 -0.01160669
v -0.07750000 -0.00721731 -0.00915425
v -0.07750000 0.00142184 -0.00983765
v -0.07750000 0.00037564 -0.00498587
v -0.07750000 0.00471736 -0.00487037
v -0.07750000 0.00378286 -0.00631471
v -0.07750000 0.00159433 -0.00473900
v -0.07750000 0.00023301 -0.01171211
v -0.07750000 -0.00727985 -0.00924132
v -0.07750000 0.00480625 -0.00481591
v -0.07750000 0.00151833 -0.00979242
v -0.07750000 0.00376961 -0.00641812
v -0.07750000 0.00489774 -0.00476593
v -0.07750000 0.00389775 -0.00313397
v -0.07750000 0.00023319 -0.01181764
v -0.07750000 -0.00734666 -0.00932516
v -0.07750000 0.00161694 -0.00975202
v -0.07750000 0.00062370 -0.00496095
v -0.07750000 0.00376151 -0.00652205
v -0.07750000 0.00135612 -0.00481258
v -0.07750000 0.00499159 -0.00472054
v -0.07750000 0.00023856 -0.01192305
v -0.07750000 -0.00741756 -0.00940556
v -0.07750000 0.00375858 -0.00662626
v -0.07750000 0.00171743 -0.00971655
v -0.07750000 0.00508758 -0.00467987
v -0.07750000 0.00376082 -0.00673049
v -0.07750000 0.00111455 -0.00487419
v -0.07750000 0.00024909 -0.01202806
v -0.07750000 -0.00749238 -0.00948234
v -0.07750000 0.00181956 -0.00968611
v -0.07750000 0.00087021 -0.00492369
v -0.07750000 0.00518547 -0.00464402
v -0.07750000 0.00376823 -0.00683448
v -0.07750000 0.00026475 -0.01213243
v -0.07750000 -0.00757094 -0.00955528
v -0.07750000 0.00192307 -0.00966077
v -0.07750000 0.00528502 -0.00461307
v -0.07750000 0.00413232 -0.00281495
v -0.07750000 0.00378080 -0.00693797
v -0.07750000 0.00028553 -0.01223590
v -0.07750000 0.00538599 -0.00458709
v -0.07750000 0.00379848 -0.00704071
v -0.07750000 0.00202770 -0.00964059
v -0.07750000 0.00031135 -0.01233823
v -0.07750000 0.00548811 -0.00456616
v -0.07750000 0.00426749 -0.00260547
v -0.07750000 0.00382139 -0.00714303
v -0.07750000 0.00213321 -0.00962561
v -0.07750000 0.00034217 -0.01243917
v -0.07750000 0.00559115 -0.00455032
v -0.07750000 0.00384938 -0.00724409
v -0.07750000 0.00223933 -0.00961589
v -0.07750000 0.00037790 -0.01253848
v -0.07750000 0.00569485 -0.00453962
v -0.07750000 0.00439206 -0.00238952
v -0.07750000 0.00388238 -0.00734363
v -0.07750000 0.00234581 -0.00961143
v -0.07750000 0.00041846 -0.01263591
v -0.07750000 0.00579895 -0.00453407
v -0.07750000 0.00450571 -0.00216762
v -0.07750000 0.00392030 -0.00744139
v -0.07750000 0.00245237 -0.00961226
v -0.07750000 0.00046376 -0.01273123
v -0.07750000 0.00590320 -0.00453370
v -0.07750000 0.00396306 -0.00753714
v -0.07750000 0.00255876 -0.00961836
v -0.07750000 0.00600734 -0.00453850
v -0.07750000 0.00460816 -0.00194033
v -0.07750000 0.00051368 -0.01282422
v -0.07750000 0.00401055 -0.00763063
v -0.07750000 0.00266472 -0.00962973
v -0.07750000 0.00611112 -0.00454847
v -0.07750000 0.00056810 -0.01291465
v -0.07750000 0.00406264 -0.00772164
v -0.07750000 0.00276998 -0.00964633
v -0.07750000 0.00621427 -0.00456357
v -0.07750000 0.00469915 -0.00170822
v -0.07750000 0.00411921 -0.00780993
v -0.07750000 0.00287429 -0.00966813
v -0.07750000 0.00631654 -0.00458377
v -0.07750000 0.00418012 -0.00789529
v -0.07750000 0.00297740 -0.00969508
v -0.07750000 0.00641769 -0.00460902
v -0.07750000 0.00477845 -0.00147187
v -0.07750000 0.00068991 -0.01308695
v -0.07750000 0.00062689 -0.01300229
v -0.07750000 0.00424521 -0.00797750
v -0.07750000 0.00307904 -0.00972709
v -0.07750000 0.00431433 -0.00805636
v -0.07750000 0.00317897 -0.00976411
v -0.07750000 0.00438730 -0.00813168
v -0.07750000 0.00327694 -0.00980603
v -0.07750000 0.00446393 -0.00820325
v -0.07750000 0.00337272 -0.00985275
v -0.07750000 0.00454404 -0.00827091
v -0.07750000 0.00346606 -0.00990417
v -0.07750000 0.00462743 -0.00833449
v -0.07750000 0.00355675 -0.00996014
v -0.07750000 0.00471389 -0.00839383
v -0.07750000 0.00364454 -0.01002054
v -0.07750000 0.00480321 -0.00844877
v -0.07750000 0.00372924 -0.01008521
v -0.07750000 0.00489515 -0.00849919
v -0.07750000 0.00090280 -0.01332097
v -0.07750000 0.00082803 -0.01324648
v -0.07750000 0.00075701 -0.01316841
v -0.07750000 0.00381062 -0.01015401
v -0.07750000 0.00498950 -0.00854496
v -0.07750000 0.00388850 -0.01022675
v -0.07750000 0.00508601 -0.00858596
v -0.07750000 0.00396268 -0.01030326
v -0.07750000 0.00518445 -0.00862209
v -0.07750000 0.00403298 -0.01038335
v -0.07750000 0.00528458 -0.00865326
v -0.07750000 0.00409922 -0.01046682
v -0.07750000 0.00538613 -0.00867939
v -0.07750000 0.00416124 -0.01055348
v -0.07750000 0.00548886 -0.00870043
v -0.07750000 0.00421890 -0.01064310
v -0.07750000 0.00954163 -0.00269694
v -0.07750000 0.00494445 -0.00074324
v -0.07750000 0.00490126 -0.00098877
v -0.07750000 0.00959976 -0.00260687
v -0.07750000 0.00966230 -0.00251980
v -0.07750000 0.00497535 -0.00049585
v -0.07750000 0.00948807 -0.00278981
v -0.07750000 0.00484588 -0.00123185
v -0.07750000 0.00972911 -0.00243596
v -0.07750000 0.00943920 -0.00288522
v -0.07750000 0.00980001 -0.00235556
v -0.07750000 0.00499388 -0.00024724
v -0.07750000 0.00559251 -0.00871630
v -0.07750000 0.00939515 -0.00298295
v -0.07750000 0.00987483 -0.00227878
v -0.07750000 0.00500000 0.00000200
v -0.07750000 0.00427204 -0.01073547
v -0.07750000 0.00935602 -0.00308276
v -0.07750000 0.00995339 -0.00220584
v -0.07750000 0.00932192 -0.00318439
v -0.07750000 0.00651745 -0.00463927
v -0.07750000 0.01003548 -0.00213690
v -0.07750000 0.00499368 0.00025122
v -0.07750000 0.00929293 -0.00328760
v -0.07750000 0.00661199 -0.00467303
v -0.07750000 0.00670481 -0.00471128
v -0.07750000 0.00569683 -0.00872699
v -0.07750000 0.01012091 -0.00207213
v -0.07750000 0.00497495 0.00049983
v -0.07750000 0.00432054 -0.01083036
v -0.07750000 0.00926911 -0.00339213
v -0.07750000 0.00679569 -0.00475392
v -0.07750000 0.00115041 -0.01352310
v -0.07750000 0.00106456 -0.01345984
v -0.07750000 0.00098196 -0.01339241
v -0.07750000 0.01020946 -0.00201171
v -0.07750000 0.00925054 -0.00349771
v -0.07750000 0.00688443 -0.00480085
v -0.07750000 0.00580155 -0.00873245
v -0.07750000 0.01030091 -0.00195577
v -0.07750000 0.00494386 0.00074719
v -0.07750000 0.00436428 -0.01092754
v -0.07750000 0.00923725 -0.00360408
v -0.07750000 0.00697083 -0.00485197
v -0.07750000 0.01039504 -0.00190447
v -0.07750000 0.00922928 -0.00371099
v -0.07750000 0.00705469 -0.00490716
v -0.07750000 0.00590641 -0.00873268
v -0.07750000 0.00440315 -0.01102676
v -0.07750000 0.01049160 -0.00185791
v -0.07750000 0.00922665 -0.00381816
v -0.07750000 0.00713581 -0.00496630
v -0.07750000 0.01059037 -0.00181623
v -0.07750000 0.00904866 0.00579451
v -0.07750000 0.00601115 -0.00872767
v -0.07750000 0.00443705 -0.01112779
v -0.07750000 0.00922937 -0.00392532
v -0.07750000 0.00721401 -0.00502924
v -0.07750000 0.01069109 -0.00177953
v -0.07750000 0.00926239 0.00581061
v -0.07750000 0.00915573 0.00579990
v -0.07750000 0.00611551 -0.00871745
v -0.07750000 0.00923742 -0.00403222
v -0.07750000 0.00728912 -0.00509585
v -0.07750000 0.00446591 -0.01123038
v -0.07750000 0.01079352 -0.00174789
v -0.07750000 0.00621923 -0.00870202
v -0.07750000 0.00925079 -0.00413859
v -0.07750000 0.00736096 -0.00516597
v -0.07750000 0.00448965 -0.01133426
v -0.07750000 0.01089740 -0.00172139
v -0.07750000 0.00936839 0.00582663
v -0.07750000 0.00632206 -0.00868144
v -0.07750000 0.00926945 -0.00424415
v -0.07750000 0.00742936 -0.00523945
v -0.07750000 0.00450822 -0.01143927
v -0.07750000 0.01100246 -0.00170011
v -0.07750000 0.00947346 0.00584792
v -0.07750000 0.00642372 -0.00865575
v -0.07750000 0.00929335 -0.00434866
v -0.07750000 0.00749417 -0.00531611
v -0.07750000 0.00452157 -0.01154506
v -0.07750000 0.01110846 -0.00168409
v -0.07750000 0.00967976 0.00590605
v -0.07750000 0.00957734 0.00587441
v -0.07750000 0.00652398 -0.00862502
v -0.07750000 0.00452965 -0.01165139
v -0.07750000 0.00932242 -0.00445184
v -0.07750000 0.00755525 -0.00539578
v -0.07750000 0.00662258 -0.00858932
v -0.07750000 0.01121513 -0.00167337
v -0.07750000 0.00453245 -0.01175798
v -0.07750000 0.00935661 -0.00455345
v -0.07750000 0.00761245 -0.00547828
v -0.07750000 0.00671927 -0.00854874
v -0.07750000 0.00452996 -0.01186459
v -0.07750000 0.01132219 -0.00166799
v -0.07750000 0.00978049 0.00594276
v -0.07750000 0.00681382 -0.00850339
v -0.07750000 0.00939581 -0.00465322
v -0.07750000 0.00766564 -0.00556342
v -0.07750000 0.00152187 -0.01373138
v -0.07750000 0.00142525 -0.01368628
v -0.07750000 0.00133097 -0.01363646
v -0.07750000 0.00123928 -0.01358202
v -0.07750000 0.01142940 -0.00166795
v -0.07750000 0.00997582 0.00603099
v -0.07750000 0.00987925 0.00598444
v -0.07750000 0.00943994 -0.00475092
v -0.07750000 0.00771470 -0.00565100
v -0.07750000 0.01153647 -0.00167325
v -0.07750000 0.00948889 -0.00484630
v -0.07750000 0.00775952 -0.00574083
v -0.07750000 0.01164314 -0.00168388
v -0.07750000 0.01006995 0.00608230
v -0.07750000 0.00954253 -0.00493912
v -0.07750000 0.00780000 -0.00583270
v -0.07750000 0.01174915 -0.00169981
v -0.07750000 0.01016140 0.00613823
v -0.07750000 0.00960072 -0.00502915
v -0.07750000 0.00783604 -0.00592639
v -0.07750000 0.00786756 -0.00602170
v -0.07750000 0.01185424 -0.00172101
v -0.07750000 0.01024995 0.00619866
v -0.07750000 0.00966334 -0.00511616
v -0.07750000 0.00789449 -0.00611841
v -0.07750000 0.01195813 -0.00174742
v -0.07750000 0.01041747 0.00633236
v -0.07750000 0.01033538 0.00626342
v -0.07750000 0.00973021 -0.00519995
v -0.07750000 0.00791676 -0.00621630
v -0.07750000 0.01206059 -0.00177898
v -0.07750000 0.01049603 0.00640531
v -0.07750000 0.00980118 -0.00528030
v -0.07750000 0.00793501 -0.00631956
v -0.07750000 0.01216134 -0.00181561
v -0.07750000 0.00182349 -0.01383719
v -0.07750000 0.00172124 -0.01380692
v -0.07750000 0.00162062 -0.01377162
v -0.07750000 0.00987606 -0.00535701
v -0.07750000 0.00794808 -0.00642360
v -0.07750000 0.00995467 -0.00542990
v -0.07750000 0.00795594 -0.00652817
v -0.07750000 0.01003682 -0.00549877
v -0.07750000 0.00795857 -0.00663300
v -0.07750000 0.01012230 -0.00556347
v -0.07750000 0.00795596 -0.00673783
v -0.07750000 0.01021090 -0.00562382
v -0.07750000 0.00794813 -0.00684240
v -0.07750000 0.01030240 -0.00567968
v -0.07750000 0.00793508 -0.00694644
v -0.07750000 0.01039656 -0.00573091
v -0.07750000 0.00791685 -0.00704971
v -0.07750000 0.00213746 -0.01389712
v -0.07750000 0.00203185 -0.01388234
v -0.07750000 0.00192711 -0.01386235
v -0.07750000 0.01049317 -0.00577739
v -0.07750000 0.00789350 -0.00715194
v -0.07750000 0.01059197 -0.00581899
v -0.07750000 0.00786507 -0.00725287
v -0.07750000 0.01069272 -0.00585562
v -0.07750000 0.00783163 -0.00735226
v -0.07750000 0.01079517 -0.00588717
v -0.07750000 0.00779328 -0.00744986
v -0.07750000 0.01089907 -0.00591358
v -0.07750000 0.00775010 -0.00754542
v -0.07750000 0.01100415 -0.00593478
v -0.07750000 0.00770221 -0.00763870
v -0.07750000 0.01111017 -0.00595072
v -0.07750000 0.00764972 -0.00772948
v -0.07750000 0.01121684 -0.00596135
v -0.07750000 0.00759276 -0.00781753
v -0.07750000 0.00256328 -0.01390350
v -0.07750000 0.00245684 -0.01390983
v -0.07750000 0.00235021 -0.01391088
v -0.07750000 0.00224366 -0.01390664
v -0.07750000 0.01132391 -0.00596665
v -0.07750000 0.01852050 0.00424157
v -0.07750000 0.01110140 0.00837068
v -0.07750000 0.01112006 0.00826511
v -0.07750000 0.01113343 0.00815875
v -0.07750000 0.01114149 0.00805185
v -0.07750000 0.01114420 0.00794468
v -0.07750000 0.01114157 0.00783751
v -0.07750000 0.01113361 0.00773060
v -0.07750000 0.01112032 0.00762423
v -0.07750000 0.01110174 0.00751865
v -0.07750000 0.01107793 0.00741412
v -0.07750000 0.01104894 0.00731092
v -0.07750000 0.01101484 0.00720928
v -0.07750000 0.01097571 0.00710948
v -0.07750000 0.01093166 0.00701174
v -0.07750000 0.01088279 0.00691633
v -0.07750000 0.01082923 0.00682347
v -0.07750000 0.01077110 0.00673339
v -0.07750000 0.01070856 0.00664633
v -0.07750000 0.01064175 0.00656249
v -0.07750000 0.01057085 0.00648208
v -0.07750000 0.01104843 0.00857837
v -0.07750000 0.01107751 0.00847518
v -0.07750000 0.01855558 0.00408540
v -0.07750000 0.01858933 0.00392895
v -0.07750000 0.00298201 -0.01382583
v -0.07750000 0.00287890 -0.01385302
v -0.07750000 0.00277458 -0.01387506
v -0.07750000 0.00266928 -0.01389190
v -0.07750000 0.01862177 0.00377221
v -0.07750000 0.01226014 -0.00185721
v -0.07750000 0.00328149 -0.01371412
v -0.07750000 0.00318356 -0.01375630
v -0.07750000 0.00308365 -0.01379356
v -0.07750000 0.01877908 0.00288897
v -0.07750000 0.01235674 -0.00190368
v -0.07750000 0.01245091 -0.00195491
v -0.07750000 0.00364881 -0.01349860
v -0.07750000 0.00356110 -0.01355925
v -0.07750000 0.00347050 -0.01361548
v -0.07750000 0.00337722 -0.01366714
v -0.07750000 0.01889452 0.00199928
v -0.07750000 0.01254241 -0.00201078
v -0.07750000 0.01263100 -0.00207113
v -0.07750000 0.02265368 0.00766395
v -0.07750000 0.02263310 0.00761893
v -0.07750000 0.02259875 0.00752611
v -0.07750000 0.02258507 0.00747854
v -0.07750000 0.02257375 0.00743035
v -0.07750000 0.02256483 0.00738166
v -0.07750000 0.02255427 0.00728325
v -0.07750000 0.02255266 0.00723377
v -0.07750000 0.02255350 0.00718428
v -0.07750000 0.02262703 0.00684740
v -0.07750000 0.02264689 0.00680206
v -0.07750000 0.01896783 0.00110513
v -0.07750000 0.01271648 -0.00213583
v -0.07750000 0.01279863 -0.00220470
v -0.07750000 0.02269323 0.00671460
v -0.07750000 0.00389240 -0.01329165
v -0.07750000 0.00381466 -0.01336464
v -0.07750000 0.00373340 -0.01343368
v -0.07750000 0.02271958 0.00667270
v -0.07750000 0.02274798 0.00663215
v -0.07750000 0.02284469 0.00651962
v -0.07750000 0.01899886 0.00020852
v -0.07750000 0.01287725 -0.00227759
v -0.07750000 0.01295213 -0.00235430
v -0.07750000 0.01302310 -0.00243465
v -0.07750000 0.00410263 -0.01305088
v -0.07750000 0.00403657 -0.01313458
v -0.07750000 0.00396643 -0.01321491
v -0.07750000 0.01898752 -0.00068855
v -0.07750000 0.01308997 -0.00251843
v -0.07750000 0.01315258 -0.00260545
v -0.07750000 0.01321078 -0.00269548
v -0.07750000 0.00432310 -0.01268652
v -0.07750000 0.00427483 -0.01278160
v -0.07750000 0.00422191 -0.01287417
v -0.07750000 0.00416446 -0.01296400
v -0.07750000 0.01893385 -0.00158409
v -0.07750000 0.01326442 -0.00278830
v -0.07750000 0.01331336 -0.00288367
v -0.07750000 0.00440521 -0.01248976
v -0.07750000 0.00436660 -0.01258916
v -0.07750000 0.01883797 -0.00247609
v -0.07750000 0.01335749 -0.00298137
v -0.07750000 0.01339670 -0.00308115
v -0.07750000 0.01343088 -0.00318275
v -0.07750000 0.01345996 -0.00328594
v -0.07750000 0.00449089 -0.01218182
v -0.07750000 0.00446743 -0.01228585
v -0.07750000 0.00443885 -0.01238858
v -0.07750000 0.01870008 -0.00336258
v -0.07750000 0.01348385 -0.00339044
v -0.07750000 0.01350251 -0.00349601
v -0.07750000 0.01351588 -0.00360237
v -0.07750000 0.00452219 -0.01197094
v -0.07750000 0.00450915 -0.01207677
v -0.07750000 0.01852050 -0.00424157
v -0.07750000 0.01351605 -0.00403051
v -0.07750000 0.01350277 -0.00413689
v -0.07750000 0.01348419 -0.00424247
v -0.07750000 0.01346038 -0.00434699
v -0.07750000 0.01343139 -0.00445020
v -0.07750000 0.01339729 -0.00455183
v -0.07750000 0.01335816 -0.00465164
v -0.07750000 0.01331411 -0.00474937
v -0.07750000 0.01326524 -0.00484479
v -0.07750000 0.01321168 -0.00493765
v -0.07750000 0.01315355 -0.00502773
v -0.07750000 0.01309101 -0.00511479
v -0.07750000 0.01302420 -0.00519863
v -0.07750000 0.01295330 -0.00527904
v -0.07750000 0.01287848 -0.00535581
v -0.07750000 0.01279992 -0.00542876
v -0.07750000 0.01271783 -0.00549770
v -0.07750000 0.01352394 -0.00370927
v -0.07750000 0.01352665 -0.00381644
v -0.07750000 0.01352402 -0.00392361
v -0.07750000 0.00699554 -0.00839881
v -0.07750000 0.00690598 -0.00845337
v -0.07750000 0.01263240 -0.00556246
v -0.07750000 0.01254385 -0.00562289
v -0.07750000 0.01245240 -0.00567882
v -0.07750000 0.01235827 -0.00573013
v -0.07750000 0.01226170 -0.00577668
v -0.07750000 0.01216294 -0.00581836
v -0.07750000 0.01206221 -0.00585507
v -0.07750000 0.01195979 -0.00588671
v -0.07750000 0.01185591 -0.00591320
v -0.07750000 0.01175084 -0.00593449
v -0.07750000 0.01164484 -0.00595051
v -0.07750000 0.01153818 -0.00596122
v -0.07750000 0.01143111 -0.00596661
v -0.07750000 0.00753148 -0.00790262
v -0.07750000 0.00746603 -0.00798455
v -0.07750000 0.00739657 -0.00806310
v -0.07750000 0.00732328 -0.00813810
v -0.07750000 0.00724633 -0.00820934
v -0.07750000 0.00716592 -0.00827665
v -0.07750000 0.00708225 -0.00833986
v -0.07750000 0.02269545 -0.00671088
v -0.07750000 0.02272177 -0.00666942
v -0.07750000 0.02275009 -0.00662930
v -0.07750000 0.02267120 -0.00675358
v -0.07750000 0.02278034 -0.00659062
v -0.07750000 0.02264908 -0.00679742
v -0.07750000 0.02281246 -0.00655348
v -0.07750000 0.02262913 -0.00684230
v -0.07750000 0.02284637 -0.00651795
v -0.07750000 0.02261141 -0.00688810
v -0.07750000 0.02288197 -0.00648413
v -0.07750000 0.02259596 -0.00693471
v -0.07750000 0.02291920 -0.00645210
v -0.07750000 0.02258282 -0.00698203
v -0.07750000 0.02257202 -0.00702993
v -0.07750000 0.02256358 -0.00707831
v -0.07750000 0.02255753 -0.00712704
v -0.07750000 0.02255387 -0.00717601
v -0.07750000 0.02255263 -0.00722510
v -0.07750000 0.02255380 -0.00727420
v -0.07750000 0.02255737 -0.00732318
v -0.07750000 0.02256335 -0.00737192
v -0.07750000 0.02257171 -0.00742031
v -0.07750000 0.02258243 -0.00746823
v -0.07750000 0.02259550 -0.00751557
v -0.07750000 0.02261088 -0.00756220
v -0.07750000 0.02262852 -0.00760803
v -0.07750000 0.02264840 -0.00765294
v -0.07750000 0.02267045 -0.00769681
v -0.07750000 0.02269463 -0.00773955
v -0.07492021 0.02939910 -0.01057850
v -0.07750000 0.03026477 0.00251668
v -0.07750000 0.02482511 0.00088255
v -0.07750000 0.02486790 0.00085839
v -0.07750000 0.02494967 0.00080390
v -0.07750000 0.02506132 0.00070780
v -0.07750000 0.02521228 0.00051468
v -0.07750000 0.02523653 0.00047193
v -0.07750000 0.02527859 0.00038313
v -0.07750000 0.02531173 0.00029063
v -0.07750000 0.02532486 0.00024328
v -0.07750000 0.02308242 0.00634335
v -0.07750000 0.02533564 0.00019533
v -0.07750000 0.03026477 -0.00251668
v -0.07750000 0.02482511 -0.00088255
v -0.07750000 0.02308242 -0.00634335
v -0.07750000 0.02535369 -0.00004913
v -0.07750000 0.02534405 -0.00014691
v -0.07750000 0.02531173 -0.00029063
v -0.07750000 0.02529630 -0.00033729
v -0.07750000 0.02527859 -0.00038313
v -0.07750000 0.02523653 -0.00047193
v -0.07750000 0.02521228 -0.00051468
v -0.07750000 0.02518596 -0.00055618
v -0.07750000 0.02515763 -0.00059634
v -0.07750000 0.02498844 -0.00077371
v -0.07750000 0.03030852 -0.00249473
v -0.07750000 0.03035329 -0.00247494
v -0.07750000 0.03035329 0.00247494
v -0.07750000 0.03039898 -0.00245737
v -0.07750000 0.03039898 0.00245737
v -0.07750000 0.03044547 -0.00244206
v -0.07750000 0.03049265 0.00242904
v -0.07750000 0.03044547 0.00244206
v -0.07750000 0.03049265 -0.00242904
v -0.07750000 0.03054042 -0.00241834
v -0.07750000 0.03054042 0.00241834
v -0.07750000 0.03058865 -0.00240999
v -0.07750000 0.03063723 -0.00240402
v -0.07750000 0.03063723 0.00240402
v -0.07750000 0.03068605 -0.00240043
v -0.07750000 0.03073498 -0.00239923
v -0.07750000 0.03078392 -0.00240043
v -0.07750000 0.03083273 -0.00240402
v -0.07750000 0.03088132 -0.00240999
v -0.07750000 0.03088132 0.00240999
v -0.07750000 0.03092955 -0.00241834
v -0.07750000 0.03092955 0.00241834
v -0.07750000 0.03097731 -0.00242904
v -0.07750000 0.03097731 0.00242904
v -0.07750000 0.03102450 -0.00244206
v -0.07750000 0.03107099 -0.00245737
v -0.07750000 0.03111668 -0.00247494
v -0.07750000 0.03116145 -0.00249473
v -0.07750000 0.03120520 -0.00251668
v -0.07750000 0.03625768 0.00051468
v -0.07750000 0.03621131 0.00042805
v -0.07750000 0.03637473 0.00067224
v -0.07750000 0.03619138 0.00038313
v -0.07750000 0.03640865 0.00070780
v -0.07750000 0.03617367 0.00033729
v -0.07750000 0.03644428 0.00074165
v -0.07750000 0.03615823 0.00029063
v -0.07750000 0.03611628 0.00004913
v -0.07750000 0.03611628 -0.00004913
v -0.07750000 0.03614511 -0.00024328
v -0.07750000 0.03615823 -0.00029063
v -0.07750000 0.03619138 -0.00038313
v -0.07750000 0.03621131 -0.00042805
v -0.07750000 0.03623343 -0.00047193
v -0.07750000 0.03625768 -0.00051468
v -0.07750000 0.03628401 -0.00055618
v -0.07750000 0.03857812 0.00191257
v -0.07750000 0.03596956 0.00510496
v -0.07750000 0.03585701 0.00500765
v -0.07750000 0.03581643 0.00497906
v -0.07750000 0.03862187 0.00193452
v -0.07750000 0.03606643 0.00521790
v -0.07750000 0.03609485 0.00525860
v -0.07750000 0.03875883 0.00198720
v -0.07750000 0.03614547 0.00534396
v -0.07750000 0.03880602 0.00200022
v -0.07750000 0.03616754 0.00538843
v -0.07750000 0.03885379 0.00201091
v -0.07750000 0.03618737 0.00543393
v -0.07750000 0.03890202 0.00201926
v -0.07750000 0.03620493 0.00548036
v -0.07750000 0.03895061 0.00202523
v -0.07750000 0.03622015 0.00552760
v -0.07750000 0.03899943 0.00202882
v -0.07750000 0.03624349 0.00562406
v -0.07750000 0.03625154 0.00567305
v -0.07750000 0.03625715 0.00572236
v -0.07750000 0.03919471 0.00201925
v -0.07750000 0.03626030 0.00577190
v -0.07750000 0.03924295 0.00201090
v -0.07750000 0.03626099 0.00582153
v -0.07750000 0.03929071 0.00200020
v -0.07750000 0.03625922 0.00587114
v -0.07750000 0.03933790 0.00198717
v -0.07750000 0.03625499 0.00592060
v -0.07750000 0.03623920 0.00601858
v -0.07750000 0.03947486 0.00193449
v -0.07750000 0.03622768 0.00606686
v -0.07750000 0.03951861 0.00191254
v -0.07750000 0.03573126 -0.00492811
v -0.07750000 0.03652030 -0.00080390
v -0.07750000 0.03637473 -0.00067224
v -0.07750000 0.03857812 -0.00191257
v -0.07750000 0.03581643 -0.00497906
v -0.07750000 0.03585701 -0.00500765
v -0.07750000 0.03589612 -0.00503821
v -0.07750000 0.03862187 -0.00193452
v -0.07750000 0.03606643 -0.00521790
v -0.07750000 0.03866664 -0.00195431
v -0.07750000 0.03609485 -0.00525860
v -0.07750000 0.03871232 -0.00197188
v -0.07750000 0.03612122 -0.00530065
v -0.07750000 0.03875882 -0.00198719
v -0.07750000 0.03614547 -0.00534396
v -0.07750000 0.03880600 -0.00200021
v -0.07750000 0.03885377 -0.00201091
v -0.07750000 0.03890200 -0.00201925
v -0.07750000 0.03895058 -0.00202523
v -0.07750000 0.03899940 -0.00202882
v -0.07750000 0.03623302 -0.00557554
v -0.07750000 0.03904833 -0.00203002
v -0.07750000 0.03624349 -0.00562406
v -0.07750000 0.03909727 -0.00202882
v -0.07750000 0.03625154 -0.00567305
v -0.07750000 0.03914609 -0.00202523
v -0.07750000 0.03919468 -0.00201925
v -0.07750000 0.03924291 -0.00201090
v -0.07750000 0.03929068 -0.00200021
v -0.07750000 0.03933787 -0.00198718
v -0.07750000 0.03625499 -0.00592060
v -0.07750000 0.03938437 -0.00197187
v -0.07750000 0.03624831 -0.00596978
v -0.07750000 0.03943006 -0.00195429
v -0.07750000 0.03947483 -0.00193450
v -0.07750000 0.03951859 -0.00191255
v -0.07750000 0.03956121 -0.00188848
v -0.07750000 0.03621377 -0.00611451
v -0.07750000 0.03960263 0.00186234
v -0.07491279 0.02784924 0.01043253
v -0.07750000 0.03608265 0.00638073
v -0.07750000 0.03615814 0.00625251
v -0.07750000 0.03617896 0.00620745
v -0.07750000 0.03619752 0.00616141
v -0.07750000 0.03992891 0.00150391
v -0.07750000 0.03981987 0.00166620
v -0.07750000 0.03978782 0.00170319
v -0.07750000 0.04002840 0.00122865
v -0.07750000 0.03975399 0.00173857
v -0.07750000 0.04003695 0.00118045
v -0.07750000 0.03971847 0.00177226
v -0.07750000 0.04000000 0.00000000
v -0.07750000 0.04004733 -0.00098522
v -0.07750000 0.04004832 -0.00103416
v -0.07750000 0.04004692 -0.00108309
v -0.07750000 0.04004313 -0.00113190
v -0.07750000 0.04003695 -0.00118046
v -0.07750000 0.04002840 -0.00122866
v -0.07750000 0.04001751 -0.00127639
v -0.07750000 0.04000429 -0.00132352
v -0.07750000 0.03998878 -0.00136995
v -0.07750000 0.03997102 -0.00141557
v -0.07750000 0.03995104 -0.00146026
v -0.07750000 0.05168650 0.00985676
v -0.07750000 0.03992891 -0.00150392
v -0.07750000 0.03990466 -0.00154645
v -0.07750000 0.03987836 -0.00158774
v -0.07750000 0.05264610 0.00964356
v -0.07750000 0.03985007 -0.00162769
v -0.07750000 0.03981986 -0.00166621
v -0.07750000 0.03978780 -0.00170321
v -0.07750000 0.05403472 0.00914992
v -0.07750000 0.03975397 -0.00173859
v -0.07750000 0.05447956 0.00894056
v -0.07750000 0.03971845 -0.00177227
v -0.07750000 0.03968132 -0.00180418
v -0.07750000 0.05491357 0.00870958
v -0.07750000 0.05614030 0.00789283
v -0.07750000 0.05787662 0.00616107
v -0.07750000 0.05816992 0.00576649
v -0.07750000 0.05844347 0.00535797
v -0.07750000 0.05892872 0.00450310
v -0.07750000 0.05913926 0.00405881
v -0.07750000 0.05932770 0.00360471
v -0.07750000 0.05949360 0.00314190
v -0.07750000 0.03619752 -0.00616141
v -0.07750000 0.03617896 -0.00620745
v -0.07750000 0.03964268 -0.00183423
v -0.07750000 0.03960261 -0.00186235
v -0.07750000 0.05168650 -0.00985676
v -0.07750000 0.05264610 -0.00964356
v -0.07750000 0.05992454 0.00122615
v -0.07750000 0.05997281 0.00073688
v -0.07750000 0.05999698 0.00024582
v -0.07750000 0.05403472 -0.00914992
v -0.07750000 0.05999698 -0.00024582
v -0.07750000 0.05997281 -0.00073688
v -0.07750000 0.05491357 -0.00870958
v -0.07750000 0.05992454 -0.00122615
v -0.07750000 0.05985228 -0.00171246
v -0.07750000 0.05975621 -0.00219463
v -0.07750000 0.05614030 -0.00789283
v -0.07750000 0.05963655 -0.00267149
v -0.07750000 0.05652081 -0.00758149
v -0.07750000 0.05949360 -0.00314190
v -0.07750000 0.05688556 -0.00725183
v -0.07750000 0.05932770 -0.00360471
v -0.07750000 0.05756429 -0.00654076
v -0.07750000 0.05892872 -0.00450310
v -0.07750000 0.05869661 -0.00493650
v -0.07750000 0.05816992 -0.00576649
v -0.07750000 0.05844347 -0.00535797
v -0.07750000 0.02303932 0.00636770
v -0.07750000 0.02299748 0.00639415
v -0.07750000 0.02295700 0.00642264
v -0.07750000 0.02288051 0.00648545
v -0.07750000 0.02303966 -0.00636749
v -0.07750000 0.02299813 -0.00639371
v -0.07750000 0.02295795 -0.00642194
v -0.07250000 0.03026477 0.00251668
v -0.07750000 0.02267646 0.00770790
v -0.07250000 0.02263310 0.00761893
v -0.07250000 0.02261478 0.00757294
v -0.07750000 0.02261478 0.00757294
v -0.07250000 0.02259875 0.00752611
v -0.07250000 0.02258507 0.00747854
v -0.07250000 0.02257375 0.00743035
v -0.07250000 0.02256483 0.00738166
v -0.07750000 0.02255834 0.00733258
v -0.07250000 0.02255427 0.00728325
v -0.07250000 0.02255350 0.00718428
v -0.07250000 0.02255678 0.00713489
v -0.07750000 0.02255678 0.00713489
v -0.07250000 0.02256250 0.00708572
v -0.07750000 0.02256250 0.00708572
v -0.07250000 0.02257065 0.00703689
v -0.07750000 0.02257065 0.00703689
v -0.07750000 0.02258121 0.00698853
v -0.07750000 0.02259415 0.00694075
v -0.07750000 0.02260943 0.00689367
v -0.07750000 0.02266898 0.00675776
v -0.07250000 0.02271958 0.00667270
v -0.07750000 0.02277834 0.00659306
v -0.07250000 0.02281061 0.00655552
v -0.07750000 0.02281061 0.00655552
v -0.07250000 0.02284469 0.00651962
v -0.07250000 0.02288051 0.00648545
v -0.07250000 0.02291798 0.00645310
v -0.07750000 0.02291798 0.00645310
v -0.07250000 0.02295700 0.00642264
v -0.07250000 0.02299748 0.00639415
v -0.07250000 0.02303932 0.00636770
v -0.07250000 0.03120520 0.00251668
v -0.07750000 0.03120520 0.00251668
v -0.07750000 0.03116145 0.00249473
v -0.07250000 0.03111668 0.00247494
v -0.07750000 0.03111668 0.00247494
v -0.07250000 0.03107099 0.00245737
v -0.07750000 0.03107099 0.00245737
v -0.07250000 0.03102450 0.00244206
v -0.07750000 0.03102450 0.00244206
v -0.07750000 0.03083273 0.00240402
v -0.07750000 0.03078392 0.00240043
v -0.07250000 0.03073498 0.00239923
v -0.07750000 0.03073498 0.00239923
v -0.07750000 0.03068605 0.00240043
v -0.07250000 0.03058865 0.00240999
v -0.07750000 0.03058865 0.00240999
v -0.07250000 0.03054042 0.00241834
v -0.07250000 0.03049265 0.00242904
v -0.07250000 0.03035329 0.00247494
v -0.07750000 0.03030852 0.00249473
v -0.07750000 0.03573126 0.00492811
v -0.07750000 0.03577448 0.00495253
v -0.07250000 0.03585701 0.00500765
v -0.07250000 0.03589612 0.00503821
v -0.07750000 0.03589612 0.00503821
v -0.07750000 0.03593367 0.00507068
v -0.07750000 0.03600371 0.00514099
v -0.07750000 0.03603602 0.00517867
v -0.07750000 0.03612122 0.00530065
v -0.07250000 0.03614547 0.00534396
v -0.07250000 0.03616754 0.00538843
v -0.07750000 0.03623302 0.00557554
v -0.07250000 0.03626030 0.00577190
v -0.07250000 0.03626099 0.00582153
v -0.07250000 0.03625499 0.00592060
v -0.07750000 0.03624831 0.00596978
v -0.07250000 0.03624831 0.00596978
v -0.07250000 0.03623920 0.00601858
v -0.07750000 0.03621377 0.00611451
v -0.07250000 0.03615814 0.00625251
v -0.07750000 0.03613511 0.00629648
v -0.07750000 0.03610993 0.00633925
v -0.07250000 0.03120520 -0.00251668
v -0.07250000 0.03573126 -0.00492811
v -0.07250000 0.03619752 -0.00616141
v -0.07250000 0.03621377 -0.00611451
v -0.07250000 0.03622768 -0.00606686
v -0.07750000 0.03622768 -0.00606686
v -0.07250000 0.03623920 -0.00601858
v -0.07750000 0.03623920 -0.00601858
v -0.07250000 0.03624831 -0.00596978
v -0.07250000 0.03625922 -0.00587114
v -0.07750000 0.03625922 -0.00587114
v -0.07250000 0.03626099 -0.00582153
v -0.07750000 0.03626099 -0.00582153
v -0.07750000 0.03626030 -0.00577190
v -0.07250000 0.03626030 -0.00577190
v -0.07750000 0.03625715 -0.00572236
v -0.07250000 0.03625154 -0.00567305
v -0.07250000 0.03624349 -0.00562406
v -0.07250000 0.03623302 -0.00557554
v -0.07250000 0.03622015 -0.00552760
v -0.07750000 0.03622015 -0.00552760
v -0.07250000 0.03620493 -0.00548036
v -0.07750000 0.03620493 -0.00548036
v -0.07750000 0.03618737 -0.00543393
v -0.07250000 0.03616754 -0.00538843
v -0.07750000 0.03616754 -0.00538843
v -0.07250000 0.03614547 -0.00534396
v -0.07250000 0.03612122 -0.00530065
v -0.07250000 0.03606643 -0.00521790
v -0.07250000 0.03603602 -0.00517867
v -0.07750000 0.03603602 -0.00517867
v -0.07250000 0.03600371 -0.00514099
v -0.07750000 0.03600371 -0.00514099
v -0.07750000 0.03596956 -0.00510496
v -0.07250000 0.03596956 -0.00510496
v -0.07250000 0.03593367 -0.00507068
v -0.07750000 0.03593367 -0.00507068
v -0.07250000 0.03589612 -0.00503821
v -0.07250000 0.03585701 -0.00500765
v -0.07250000 0.03581643 -0.00497906
v -0.07750000 0.03577448 -0.00495253
v -0.07250000 0.03577448 -0.00495253
v -0.07250000 0.00377922 -0.00328534
v -0.07250000 0.00321675 -0.00383047
v -0.07250000 0.00271609 -0.00420165
v -0.07250000 -0.00470245 -0.00171368
v -0.07250000 -0.00492994 -0.00087131
v -0.07250000 -0.00499921 -0.00014870
v -0.07250000 0.00095558 0.00491557
v -0.07250000 0.00191064 0.00462877
v -0.07250000 0.01852050 0.00424157
v -0.07750000 0.02486790 -0.00085839
v -0.07250000 0.02482511 -0.00088255
v -0.07250000 0.02490946 -0.00083215
v -0.07750000 0.02490946 -0.00083215
v -0.07250000 0.02494967 -0.00080390
v -0.07750000 0.02494967 -0.00080390
v -0.07750000 0.02502569 -0.00074165
v -0.07250000 0.02506132 -0.00070780
v -0.07750000 0.02506132 -0.00070780
v -0.07250000 0.02509524 -0.00067224
v -0.07750000 0.02509524 -0.00067224
v -0.07250000 0.02512737 -0.00063505
v -0.07750000 0.02512737 -0.00063505
v -0.07250000 0.02515763 -0.00059634
v -0.07250000 0.02518596 -0.00055618
v -0.07750000 0.02525865 -0.00042805
v -0.07250000 0.02527859 -0.00038313
v -0.07250000 0.02529630 -0.00033729
v -0.07250000 0.02531173 -0.00029063
v -0.07750000 0.02532486 -0.00024328
v -0.07750000 0.02533564 -0.00019533
v -0.07750000 0.02535007 -0.00009814
v -0.07250000 0.02535007 -0.00009814
v -0.07750000 0.02535490 0.00000000
v -0.07750000 0.02535369 0.00004913
v -0.07750000 0.02535007 0.00009814
v -0.07750000 0.02534405 0.00014691
v -0.07250000 0.02532486 0.00024328
v -0.07250000 0.02531173 0.00029063
v -0.07750000 0.02529630 0.00033729
v -0.07250000 0.02529630 0.00033729
v -0.07750000 0.02525865 0.00042805
v -0.07750000 0.02518596 0.00055618
v -0.07250000 0.02518596 0.00055618
v -0.07250000 0.02515763 0.00059634
v -0.07750000 0.02515763 0.00059634
v -0.07750000 0.02512737 0.00063505
v -0.07750000 0.02509524 0.00067224
v -0.07250000 0.02506132 0.00070780
v -0.07750000 0.02502569 0.00074165
v -0.07250000 0.02502569 0.00074165
v -0.07250000 0.02498844 0.00077371
v -0.07750000 0.02498844 0.00077371
v -0.07250000 0.02494967 0.00080390
v -0.07750000 0.02490946 0.00083215
v -0.07250000 0.02490946 0.00083215
v -0.07250000 0.02486790 0.00085839
v -0.07250000 0.02482511 0.00088255
v -0.07250000 0.01852050 -0.00424157
v -0.07250000 -0.00025728 0.01208690
v -0.07250000 -0.00024415 0.01198509
v -0.07250000 -0.00023589 0.01188277
v -0.07250000 -0.00023253 0.01178017
v -0.07250000 -0.00023408 0.01167752
v -0.07250000 -0.00024051 0.01157507
v -0.07250000 -0.00025184 0.01147304
v -0.07250000 -0.00026802 0.01137167
v -0.07250000 -0.00028902 0.01127118
v -0.07250000 -0.00031479 0.01117181
v -0.07250000 -0.00034528 0.01107379
v -0.07250000 -0.00038041 0.01097733
v -0.07250000 -0.00042010 0.01088266
v -0.07250000 -0.00046427 0.01078999
v -0.07250000 -0.00051281 0.01069954
v -0.07250000 -0.00056562 0.01061150
v -0.07250000 -0.00062256 0.01052609
v -0.07250000 -0.00068594 0.01044038
v -0.07250000 -0.00075349 0.01035791
v -0.07250000 -0.00082505 0.01027889
v -0.07250000 -0.00090043 0.01020352
v -0.07250000 -0.00097946 0.01013198
v -0.07250000 -0.00106193 0.01006444
v -0.07250000 -0.00114765 0.01000107
v -0.07250000 -0.00123641 0.00994203
v -0.07250000 -0.00132798 0.00988746
v -0.07250000 -0.00142215 0.00983750
v -0.07250000 -0.00151868 0.00979226
v -0.07250000 -0.00161733 0.00975187
v -0.07250000 -0.00171786 0.00971641
v -0.07250000 -0.00182003 0.00968599
v -0.07250000 -0.00192358 0.00966066
v -0.07250000 -0.00202825 0.00964050
v -0.07250000 -0.00213380 0.00962555
v -0.07250000 -0.00223996 0.00961585
v -0.07250000 -0.00234647 0.00961142
v -0.07250000 -0.00245306 0.00961228
v -0.07250000 -0.00255949 0.00961842
v -0.07250000 -0.00266547 0.00962983
v -0.07250000 -0.00277077 0.00964648
v -0.07250000 -0.00287510 0.00966832
v -0.07250000 -0.00297823 0.00969532
v -0.07250000 -0.00307989 0.00972739
v -0.07250000 -0.00317984 0.00976446
v -0.07250000 -0.00327783 0.00980643
v -0.07250000 -0.00337361 0.00985322
v -0.07250000 -0.00346696 0.00990469
v -0.07250000 -0.00355765 0.00996073
v -0.07250000 -0.00364544 0.01002119
v -0.07250000 -0.00373013 0.01008593
v -0.07250000 -0.00381151 0.01015479
v -0.07250000 -0.00388937 0.01022760
v -0.07250000 -0.00396353 0.01030418
v -0.07250000 -0.00403380 0.01038434
v -0.07250000 -0.00410001 0.01046788
v -0.07250000 -0.00416200 0.01055460
v -0.07250000 -0.00421962 0.01064429
v -0.07250000 -0.00427272 0.01073673
v -0.07250000 -0.00432117 0.01083168
v -0.07250000 -0.00436486 0.01092892
v -0.07250000 -0.00440367 0.01102820
v -0.07250000 -0.00443751 0.01112929
v -0.07250000 -0.00446630 0.01123192
v -0.07250000 -0.00448997 0.01133586
v -0.07250000 -0.00450846 0.01144085
v -0.07250000 -0.00452172 0.01154662
v -0.07250000 -0.00452973 0.01165292
v -0.07250000 -0.00453245 0.01175949
v -0.07250000 -0.00452989 0.01186606
v -0.07250000 -0.00452205 0.01197237
v -0.07250000 -0.00450895 0.01207816
v -0.07250000 -0.00449062 0.01218317
v -0.07250000 -0.00446711 0.01228715
v -0.07250000 -0.00443847 0.01238983
v -0.07250000 -0.00440478 0.01249097
v -0.07250000 -0.00436612 0.01259031
v -0.07250000 -0.00432258 0.01268762
v -0.07250000 -0.00427427 0.01278264
v -0.07250000 -0.00422131 0.01287516
v -0.07250000 -0.00416383 0.01296493
v -0.07250000 -0.00410198 0.01305175
v -0.07250000 -0.00403589 0.01313539
v -0.07250000 -0.00396574 0.01321566
v -0.07250000 -0.00389170 0.01329235
v -0.07250000 -0.00381395 0.01336528
v -0.07250000 -0.00373267 0.01343426
v -0.07250000 -0.00364808 0.01349913
v -0.07250000 -0.00356038 0.01355972
v -0.07250000 -0.00346978 0.01361590
v -0.07250000 -0.00337651 0.01366751
v -0.07250000 -0.00328080 0.01371444
v -0.07250000 -0.00318287 0.01375657
v -0.07250000 -0.00308298 0.01379379
v -0.07250000 -0.00298137 0.01382602
v -0.07250000 -0.00287828 0.01385316
v -0.07250000 -0.00277398 0.01387517
v -0.07250000 -0.00266871 0.01389198
v -0.07250000 -0.00256274 0.01390355
v -0.07250000 -0.00245633 0.01390985
v -0.07250000 -0.00234973 0.01391087
v -0.07250000 -0.00224321 0.01390661
v -0.07250000 -0.00213704 0.01389707
v -0.07250000 -0.00203147 0.01388228
v -0.07250000 -0.00192677 0.01386227
v -0.07250000 -0.00182318 0.01383711
v -0.07250000 -0.00172097 0.01380683
v -0.07250000 -0.00162038 0.01377153
v -0.07250000 -0.00152167 0.01373129
v -0.07250000 -0.00142507 0.01368620
v -0.07250000 -0.00133083 0.01363638
v -0.07250000 -0.00123917 0.01358195
v -0.07250000 -0.00115033 0.01352304
v -0.07250000 -0.00106451 0.01345981
v -0.07250000 -0.00098193 0.01339239
v -0.07250000 -0.00090280 0.01332097
v -0.07250000 -0.00083104 0.01324962
v -0.07250000 -0.00076272 0.01317497
v -0.07250000 -0.00069799 0.01309719
v -0.07250000 -0.00063699 0.01301646
v -0.07250000 -0.00057986 0.01293294
v -0.07250000 -0.00052671 0.01284682
v -0.07250000 -0.00047768 0.01275830
v -0.07250000 -0.00043287 0.01266757
v -0.07250000 -0.00039238 0.01257484
v -0.07250000 -0.00035630 0.01248030
v -0.07250000 -0.00032470 0.01238416
v -0.07250000 -0.00029767 0.01228665
v -0.07250000 0.00450822 -0.01143927
v -0.07250000 0.00452157 -0.01154506
v -0.07250000 0.00452965 -0.01165139
v -0.07250000 0.00453245 -0.01175798
v -0.07250000 0.00452996 -0.01186459
v -0.07250000 0.00452219 -0.01197094
v -0.07250000 0.00450915 -0.01207677
v -0.07250000 0.00449089 -0.01218182
v -0.07250000 0.00446743 -0.01228585
v -0.07250000 0.00443885 -0.01238858
v -0.07250000 0.00440521 -0.01248976
v -0.07250000 0.00436660 -0.01258916
v -0.07250000 0.00432310 -0.01268652
v -0.07250000 0.00427483 -0.01278160
v -0.07250000 0.00422191 -0.01287417
v -0.07250000 0.00416446 -0.01296400
v -0.07250000 0.00410263 -0.01305088
v -0.07250000 0.00403657 -0.01313458
v -0.07250000 0.00396643 -0.01321491
v -0.07250000 0.00389240 -0.01329165
v -0.07250000 0.00381466 -0.01336464
v -0.07250000 0.00373340 -0.01343368
v -0.07250000 0.00364881 -0.01349860
v -0.07250000 0.00356110 -0.01355925
v -0.07250000 0.00347050 -0.01361548
v -0.07250000 0.00337722 -0.01366714
v -0.07250000 0.00328149 -0.01371412
v -0.07250000 0.00318356 -0.01375630
v -0.07250000 0.00308365 -0.01379356
v -0.07250000 0.00298201 -0.01382583
v -0.07250000 0.00287890 -0.01385302
v -0.07250000 0.00277458 -0.01387506
v -0.07250000 0.00266928 -0.01389190
v -0.07250000 0.00256328 -0.01390350
v -0.07250000 0.00245684 -0.01390983
v -0.07250000 0.00235021 -0.01391088
v -0.07250000 0.00224366 -0.01390664
v -0.07250000 0.00213746 -0.01389712
v -0.07250000 0.00203185 -0.01388234
v -0.07250000 0.00192711 -0.01386235
v -0.07250000 0.00182349 -0.01383719
v -0.07250000 0.00172124 -0.01380692
v -0.07250000 0.00162062 -0.01377162
v -0.07250000 0.00152187 -0.01373138
v -0.07250000 0.00142525 -0.01368628
v -0.07250000 0.00133097 -0.01363646
v -0.07250000 0.00123928 -0.01358202
v -0.07250000 0.00115041 -0.01352310
v -0.07250000 0.00106456 -0.01345984
v -0.07250000 0.00098196 -0.01339241
v -0.07250000 0.00090280 -0.01332097
v -0.07250000 0.00082803 -0.01324648
v -0.07250000 0.00075701 -0.01316841
v -0.07250000 0.00068991 -0.01308695
v -0.07250000 0.00062689 -0.01300229
v -0.07250000 0.00056810 -0.01291465
v -0.07250000 0.00051368 -0.01282422
v -0.07250000 0.00046376 -0.01273123
v -0.07250000 0.00041846 -0.01263591
v -0.07250000 0.00037790 -0.01253848
v -0.07250000 0.00034217 -0.01243917
v -0.07250000 0.00031135 -0.01233823
v -0.07250000 0.00028553 -0.01223590
v -0.07250000 0.00026475 -0.01213243
v -0.07250000 0.00024909 -0.01202806
v -0.07250000 0.00023856 -0.01192305
v -0.07250000 0.00023319 -0.01181764
v -0.07250000 0.00023301 -0.01171211
v -0.07250000 0.00023800 -0.01160669
v -0.07250000 0.00024817 -0.01150164
v -0.07250000 0.00026347 -0.01139721
v -0.07250000 0.00028388 -0.01129367
v -0.07250000 0.00030935 -0.01119125
v -0.07250000 0.00033981 -0.01109020
v -0.07250000 0.00037520 -0.01099077
v -0.07250000 0.00041542 -0.01089320
v -0.07250000 0.00046038 -0.01079772
v -0.07250000 0.00050997 -0.01070455
v -0.07250000 0.00056408 -0.01061394
v -0.07250000 0.00062256 -0.01052609
v -0.07250000 0.00068592 -0.01044040
v -0.07250000 0.00075345 -0.01035796
v -0.07250000 0.00082497 -0.01027897
v -0.07250000 0.00090033 -0.01020362
v -0.07250000 0.00097932 -0.01013209
v -0.07250000 0.00106177 -0.01006456
v -0.07250000 0.00114745 -0.01000121
v -0.07250000 0.00123617 -0.00994218
v -0.07250000 0.00132771 -0.00988761
v -0.07250000 0.00142184 -0.00983765
v -0.07250000 0.00151833 -0.00979242
v -0.07250000 0.00161694 -0.00975202
v -0.07250000 0.00171743 -0.00971655
v -0.07250000 0.00181956 -0.00968611
v -0.07250000 0.00192307 -0.00966077
v -0.07250000 0.00202770 -0.00964059
v -0.07250000 0.00213321 -0.00962561
v -0.07250000 0.00223933 -0.00961589
v -0.07250000 0.00234581 -0.00961143
v -0.07250000 0.00245237 -0.00961226
v -0.07250000 0.00255876 -0.00961836
v -0.07250000 0.00266472 -0.00962973
v -0.07250000 0.00276998 -0.00964633
v -0.07250000 0.00287429 -0.00966813
v -0.07250000 0.00297740 -0.00969508
v -0.07250000 0.00307904 -0.00972709
v -0.07250000 0.00317897 -0.00976411
v -0.07250000 0.00327694 -0.00980603
v -0.07250000 0.00337272 -0.00985275
v -0.07250000 0.00346606 -0.00990417
v -0.07250000 0.00355675 -0.00996014
v -0.07250000 0.00364454 -0.01002054
v -0.07250000 0.00372924 -0.01008521
v -0.07250000 0.00381062 -0.01015401
v -0.07250000 0.00388850 -0.01022675
v -0.07250000 0.00396268 -0.01030326
v -0.07250000 0.00403298 -0.01038335
v -0.07250000 0.00409922 -0.01046682
v -0.07250000 0.00416124 -0.01055348
v -0.07250000 0.00421890 -0.01064310
v -0.07250000 0.00427204 -0.01073547
v -0.07250000 0.00432054 -0.01083036
v -0.07250000 0.00436428 -0.01092754
v -0.07250000 0.00440315 -0.01102676
v -0.07250000 0.00443705 -0.01112779
v -0.07250000 0.00446591 -0.01123038
v -0.07250000 -0.00735650 -0.00339250
v -0.07250000 -0.00743985 -0.00345626
v -0.07250000 -0.00752627 -0.00351578
v -0.07250000 -0.00761556 -0.00357091
v -0.07250000 -0.00770749 -0.00362151
v -0.07250000 -0.00780184 -0.00366746
v -0.07250000 -0.00789836 -0.00370863
v -0.07250000 -0.00799682 -0.00374494
v -0.07250000 -0.00809697 -0.00377627
v -0.07250000 -0.00819856 -0.00380257
v -0.07250000 -0.00830134 -0.00382376
v -0.07250000 -0.00840504 -0.00383978
v -0.07250000 -0.00850942 -0.00385061
v -0.07250000 -0.00861421 -0.00385621
v -0.07250000 -0.00871915 -0.00385657
v -0.07250000 -0.00882397 -0.00385168
v -0.07250000 -0.00892842 -0.00384157
v -0.07250000 -0.00903224 -0.00382624
v -0.07250000 -0.00913516 -0.00380576
v -0.07250000 -0.00923692 -0.00378015
v -0.07250000 -0.00933728 -0.00374950
v -0.07250000 -0.00943599 -0.00371387
v -0.07250000 -0.00953279 -0.00367335
v -0.07250000 -0.00962744 -0.00362805
v -0.07250000 -0.00971972 -0.00357807
v -0.07250000 -0.00980938 -0.00352355
v -0.07250000 -0.00989621 -0.00346462
v -0.07250000 -0.00997999 -0.00340142
v -0.07250000 -0.01006050 -0.00333412
v -0.07250000 -0.01013755 -0.00326288
v -0.07250000 -0.01021095 -0.00318788
v -0.07250000 -0.01028050 -0.00310931
v -0.07250000 -0.01034605 -0.00302736
v -0.07250000 -0.01040742 -0.00294224
v -0.07250000 -0.01046446 -0.00285416
v -0.07250000 -0.01051703 -0.00276333
v -0.07250000 -0.01056500 -0.00267000
v -0.07250000 -0.01060824 -0.00257439
v -0.07250000 -0.01064666 -0.00247673
v -0.07250000 -0.01068015 -0.00237728
v -0.07250000 -0.01070862 -0.00227628
v -0.07250000 -0.01073202 -0.00217399
v -0.07250000 -0.01075028 -0.00207065
v -0.07250000 -0.01076335 -0.00196653
v -0.07250000 -0.01077121 -0.00186188
v -0.07250000 -0.01077383 -0.00175698
v -0.07250000 -0.01077120 -0.00165207
v -0.07250000 -0.01076334 -0.00154743
v -0.07250000 -0.01075026 -0.00144331
v -0.07250000 -0.01073199 -0.00133997
v -0.07250000 -0.01070859 -0.00123768
v -0.07250000 -0.01068010 -0.00113668
v -0.07250000 -0.01064660 -0.00103723
v -0.07250000 -0.01060818 -0.00093958
v -0.07250000 -0.01056493 -0.00084397
v -0.07250000 -0.01051695 -0.00075064
v -0.07250000 -0.01046438 -0.00065982
v -0.07250000 -0.01040733 -0.00057175
v -0.07250000 -0.01034595 -0.00048663
v -0.07250000 -0.01028040 -0.00040468
v -0.07250000 -0.01021084 -0.00032612
v -0.07250000 -0.01013744 -0.00025112
v -0.07250000 -0.01006038 -0.00017989
v -0.07250000 -0.00997986 -0.00011259
v -0.07250000 -0.00989608 -0.00004940
v -0.07250000 -0.00980925 0.00000953
v -0.07250000 -0.00971958 0.00006404
v -0.07250000 -0.00962730 0.00011401
v -0.07250000 -0.00953264 0.00015930
v -0.07250000 -0.00943584 0.00019981
v -0.07250000 -0.00933713 0.00023544
v -0.07250000 -0.00923677 0.00026608
v -0.07250000 -0.00913500 0.00029168
v -0.07250000 -0.00903208 0.00031216
v -0.07250000 -0.00892827 0.00032747
v -0.07250000 -0.00882382 0.00033758
v -0.07250000 -0.00871899 0.00034246
v -0.07250000 -0.00861405 0.00034209
v -0.07250000 -0.00850927 0.00033649
v -0.07250000 -0.00840489 0.00032565
v -0.07250000 -0.00830118 0.00030962
v -0.07250000 -0.00819841 0.00028842
v -0.07250000 -0.00809682 0.00026212
v -0.07750000 0.03664486 -0.00088255
v -0.07750000 0.03664486 0.00088255
v -0.07250000 0.03660206 0.00085839
v -0.07750000 0.03660206 0.00085839
v -0.07750000 0.03656051 0.00083215
v -0.07250000 0.03656051 0.00083215
v -0.07750000 0.03652030 0.00080390
v -0.07250000 0.03652030 0.00080390
v -0.07750000 0.03648152 0.00077371
v -0.07250000 0.03640865 0.00070780
v -0.07250000 0.03637473 0.00067224
v -0.07750000 0.03634260 0.00063505
v -0.07250000 0.03634260 0.00063505
v -0.07750000 0.03631233 0.00059634
v -0.07250000 0.03631233 0.00059634
v -0.07750000 0.03628401 0.00055618
v -0.07750000 0.03623343 0.00047193
v -0.07250000 0.03623343 0.00047193
v -0.07250000 0.03621131 0.00042805
v -0.07250000 0.03619138 0.00038313
v -0.07250000 0.03617367 0.00033729
v -0.07250000 0.03615823 0.00029063
v -0.07750000 0.03614511 0.00024328
v -0.07250000 0.03614511 0.00024328
v -0.07750000 0.03613433 0.00019533
v -0.07250000 0.03613433 0.00019533
v -0.07750000 0.03612592 0.00014691
v -0.07250000 0.03612592 0.00014691
v -0.07750000 0.03611990 0.00009814
v -0.07250000 0.03611990 0.00009814
v -0.07750000 0.03611507 0.00000000
v -0.07250000 0.03611507 0.00000000
v -0.07250000 0.03611628 -0.00004913
v -0.07750000 0.03611990 -0.00009814
v -0.07750000 0.03612592 -0.00014691
v -0.07750000 0.03613433 -0.00019533
v -0.07750000 0.03617367 -0.00033729
v -0.07250000 0.03617367 -0.00033729
v -0.07250000 0.03619138 -0.00038313
v -0.07250000 0.03623343 -0.00047193
v -0.07750000 0.03631233 -0.00059634
v -0.07250000 0.03631233 -0.00059634
v -0.07750000 0.03634260 -0.00063505
v -0.07750000 0.03640865 -0.00070780
v -0.07250000 0.03640865 -0.00070780
v -0.07750000 0.03644428 -0.00074165
v -0.07250000 0.03644428 -0.00074165
v -0.07250000 0.03648152 -0.00077371
v -0.07750000 0.03648152 -0.00077371
v -0.07750000 0.03656051 -0.00083215
v -0.07250000 0.03656051 -0.00083215
v -0.07750000 0.03660206 -0.00085839
v -0.07250000 0.03660206 -0.00085839
v -0.07750000 0.04004394 0.00093638
v -0.07250000 0.04004733 0.00098521
v -0.07750000 0.04004733 0.00098521
v -0.07750000 0.04004832 0.00103416
v -0.07250000 0.04004692 0.00108309
v -0.07750000 0.04004692 0.00108309
v -0.07750000 0.04004313 0.00113189
v -0.07250000 0.04002840 0.00122865
v -0.07250000 0.04001751 0.00127638
v -0.07750000 0.04001751 0.00127638
v -0.07250000 0.04000429 0.00132351
v -0.07750000 0.04000429 0.00132351
v -0.07250000 0.03998878 0.00136994
v -0.07750000 0.03998878 0.00136994
v -0.07250000 0.03997102 0.00141556
v -0.07750000 0.03997102 0.00141556
v -0.07250000 0.03995105 0.00146025
v -0.07750000 0.03995105 0.00146025
v -0.07250000 0.03992891 0.00150391
v -0.07750000 0.03990467 0.00154644
v -0.07750000 0.03987837 0.00158773
v -0.07250000 0.03985008 0.00162768
v -0.07750000 0.03985008 0.00162768
v -0.07250000 0.03981987 0.00166620
v -0.07250000 0.03975399 0.00173857
v -0.07250000 0.03971847 0.00177226
v -0.07250000 0.03968134 0.00180416
v -0.07750000 0.03968134 0.00180416
v -0.07750000 0.03964270 0.00183421
v -0.07750000 0.03956123 0.00188846
v -0.07750000 0.03943008 0.00195428
v -0.07750000 0.03938440 0.00197186
v -0.07250000 0.03933790 0.00198717
v -0.07250000 0.03924295 0.00201090
v -0.07250000 0.03919471 0.00201925
v -0.07250000 0.03914612 0.00202522
v -0.07750000 0.03914612 0.00202522
v -0.07750000 0.03909730 0.00202882
v -0.07250000 0.03904837 0.00203002
v -0.07750000 0.03904837 0.00203002
v -0.07250000 0.03899943 0.00202882
v -0.07250000 0.03895061 0.00202523
v -0.07250000 0.03890202 0.00201926
v -0.07750000 0.03871234 0.00197188
v -0.07750000 0.03866665 0.00195431
v -0.07750000 0.04001099 0.00046871
v -0.07750000 0.04001099 -0.00046871
v -0.07750000 0.04004394 -0.00093638
v -0.07250000 0.01855558 0.00408540
v -0.07250000 0.01858933 0.00392895
v -0.07250000 0.01877908 0.00288897
v -0.07250000 0.02267646 0.00770790
v -0.07250000 0.01889452 0.00199928
v -0.07250000 0.02265368 0.00766395
v -0.07250000 0.02255834 0.00733258
v -0.07250000 0.02255266 0.00723377
v -0.07250000 0.02258121 0.00698853
v -0.07250000 0.02259415 0.00694075
v -0.07250000 0.02260943 0.00689367
v -0.07250000 0.02262703 0.00684740
v -0.07250000 0.02264689 0.00680206
v -0.07250000 0.02266898 0.00675776
v -0.07250000 0.01896783 0.00110513
v -0.07250000 0.02269323 0.00671460
v -0.07250000 0.02274798 0.00663215
v -0.07250000 0.02277834 0.00659306
v -0.07250000 0.01899886 0.00020852
v -0.07250000 0.01898752 -0.00068855
v -0.07250000 0.01893385 -0.00158409
v -0.07250000 0.01883797 -0.00247609
v -0.07250000 0.01870008 -0.00336258
v -0.07250000 0.02269545 -0.00671088
v -0.07250000 0.02272177 -0.00666942
v -0.07250000 0.02275009 -0.00662930
v -0.07250000 0.02267120 -0.00675358
v -0.07250000 0.02278034 -0.00659062
v -0.07250000 0.02264908 -0.00679742
v -0.07250000 0.02281246 -0.00655348
v -0.07250000 0.02262913 -0.00684230
v -0.07250000 0.02284637 -0.00651795
v -0.07250000 0.02261141 -0.00688810
v -0.07250000 0.02288197 -0.00648413
v -0.07250000 0.02259596 -0.00693471
v -0.07250000 0.02291920 -0.00645210
v -0.07250000 0.02258282 -0.00698203
v -0.07250000 0.02257202 -0.00702993
v -0.07250000 0.02256358 -0.00707831
v -0.07250000 0.02255753 -0.00712704
v -0.07250000 0.02255387 -0.00717601
v -0.07250000 0.02255263 -0.00722510
v -0.07250000 0.02255380 -0.00727420
v -0.07250000 0.02255737 -0.00732318
v -0.07250000 0.02256335 -0.00737192
v -0.07250000 0.02257171 -0.00742031
v -0.07250000 0.02258243 -0.00746823
v -0.07250000 0.02259550 -0.00751557
v -0.07250000 0.02261088 -0.00756220
v -0.07250000 0.02262852 -0.00760803
v -0.07250000 0.02264840 -0.00765294
v -0.07250000 0.02267045 -0.00769681
v -0.07250000 0.02269463 -0.00773955
v -0.07250000 0.02272088 -0.00778106
v -0.07250000 0.02527859 0.00038313
v -0.07250000 0.02525865 0.00042805
v -0.07250000 0.02523653 0.00047193
v -0.07250000 0.02521228 0.00051468
v -0.07250000 0.02512737 0.00063505
v -0.07250000 0.02509524 0.00067224
v -0.07250000 0.02308242 0.00634335
v -0.07250000 0.02535490 0.00000000
v -0.07250000 0.02535369 0.00004913
v -0.07250000 0.02535007 0.00009814
v -0.07250000 0.02534405 0.00014691
v -0.07250000 0.02533564 0.00019533
v -0.07250000 0.03026477 -0.00251668
v -0.07250000 0.02486790 -0.00085839
v -0.07250000 0.02498844 -0.00077371
v -0.07250000 0.02502569 -0.00074165
v -0.07250000 0.02521228 -0.00051468
v -0.07250000 0.02523653 -0.00047193
v -0.07250000 0.02525865 -0.00042805
v -0.07250000 0.02532486 -0.00024328
v -0.07250000 0.02533564 -0.00019533
v -0.07250000 0.02534405 -0.00014691
v -0.07250000 0.02535369 -0.00004913
v -0.07250000 0.02308242 -0.00634335
v -0.07250000 0.03030852 -0.00249473
v -0.07250000 0.03030852 0.00249473
v -0.07250000 0.03035329 -0.00247494
v -0.07250000 0.03039898 0.00245737
v -0.07250000 0.03039898 -0.00245737
v -0.07250000 0.03044547 0.00244206
v -0.07250000 0.03044547 -0.00244206
v -0.07250000 0.03049265 -0.00242904
v -0.07250000 0.03054042 -0.00241834
v -0.07250000 0.03058865 -0.00240999
v -0.07250000 0.03063723 0.00240402
v -0.07250000 0.03063723 -0.00240402
v -0.07250000 0.03068605 -0.00240043
v -0.07250000 0.03068605 0.00240043
v -0.07250000 0.03073498 -0.00239923
v -0.07250000 0.03078392 -0.00240043
v -0.07250000 0.03078392 0.00240043
v -0.07250000 0.03083273 0.00240402
v -0.07250000 0.03083273 -0.00240402
v -0.07250000 0.03088132 0.00240999
v -0.07250000 0.03088132 -0.00240999
v -0.07250000 0.03092955 0.00241834
v -0.07250000 0.03092955 -0.00241834
v -0.07250000 0.03097731 -0.00242904
v -0.07250000 0.03097731 0.00242904
v -0.07250000 0.03102450 -0.00244206
v -0.07250000 0.03107099 -0.00245737
v -0.07250000 0.03111668 -0.00247494
v -0.07250000 0.03116145 -0.00249473
v -0.07250000 0.03116145 0.00249473
v -0.07250000 0.03625768 0.00051468
v -0.07250000 0.03628401 0.00055618
v -0.07250000 0.03573126 0.00492811
v -0.07250000 0.03644428 0.00074165
v -0.07250000 0.03648152 0.00077371
v -0.07250000 0.03664486 0.00088255
v -0.07250000 0.03611628 0.00004913
v -0.07250000 0.03611990 -0.00009814
v -0.07250000 0.03612592 -0.00014691
v -0.07250000 0.03613433 -0.00019533
v -0.07250000 0.03614511 -0.00024328
v -0.07250000 0.03615823 -0.00029063
v -0.07250000 0.03621131 -0.00042805
v -0.07250000 0.03625768 -0.00051468
v -0.07250000 0.03628401 -0.00055618
v -0.07250000 0.03634260 -0.00063505
v -0.07250000 0.03857812 0.00191257
v -0.07250000 0.03577448 0.00495253
v -0.07250000 0.03581643 0.00497906
v -0.07250000 0.03593367 0.00507068
v -0.07250000 0.03596956 0.00510496
v -0.07250000 0.03600371 0.00514099
v -0.07250000 0.03603602 0.00517867
v -0.07250000 0.03862187 0.00193452
v -0.07250000 0.03606643 0.00521790
v -0.07250000 0.03866665 0.00195431
v -0.07250000 0.03609485 0.00525860
v -0.07250000 0.03871234 0.00197188
v -0.07250000 0.03612122 0.00530065
v -0.07250000 0.03875883 0.00198720
v -0.07250000 0.03880602 0.00200022
v -0.07250000 0.03885379 0.00201091
v -0.07250000 0.03618737 0.00543393
v -0.07250000 0.03620493 0.00548036
v -0.07250000 0.03622015 0.00552760
v -0.07250000 0.03623302 0.00557554
v -0.07250000 0.03624349 0.00562406
v -0.07250000 0.03909730 0.00202882
v -0.07250000 0.03625154 0.00567305
v -0.07250000 0.03625715 0.00572236
v -0.07250000 0.03929071 0.00200020
v -0.07250000 0.03625922 0.00587114
v -0.07250000 0.03637473 -0.00067224
v -0.07250000 0.03652030 -0.00080390
v -0.07250000 0.03664486 -0.00088255
v -0.07250000 0.03857812 -0.00191257
v -0.07250000 0.03862187 -0.00193452
v -0.07250000 0.03866664 -0.00195431
v -0.07250000 0.03609485 -0.00525860
v -0.07250000 0.03871232 -0.00197188
v -0.07250000 0.03875882 -0.00198719
v -0.07250000 0.03880600 -0.00200021
v -0.07250000 0.03885377 -0.00201091
v -0.07250000 0.03618737 -0.00543393
v -0.07250000 0.03890200 -0.00201925
v -0.07250000 0.03895058 -0.00202523
v -0.07250000 0.03899940 -0.00202882
v -0.07250000 0.03904833 -0.00203002
v -0.07250000 0.03909727 -0.00202882
v -0.07250000 0.03914609 -0.00202523
v -0.07250000 0.03625715 -0.00572236
v -0.07250000 0.03919468 -0.00201925
v -0.07250000 0.03924291 -0.00201090
v -0.07250000 0.03929068 -0.00200021
v -0.07250000 0.03933787 -0.00198718
v -0.07250000 0.04403582 0.00385208
v -0.07250000 0.04423524 0.00414458
v -0.07250000 0.04385122 0.00355000
v -0.07250000 0.03947486 0.00193449
v -0.07250000 0.03943008 0.00195428
v -0.07250000 0.03938440 0.00197186
v -0.07250000 0.04444900 0.00442678
v -0.07250000 0.03622768 0.00606686
v -0.07250000 0.03621377 0.00611451
v -0.07250000 0.04368191 0.00323910
v -0.07250000 0.03956123 0.00188846
v -0.07250000 0.03951861 0.00191254
v -0.07250000 0.04467655 0.00469797
v -0.07250000 0.03619752 0.00616141
v -0.07250000 0.03617896 0.00620745
v -0.07250000 0.04352831 0.00292014
v -0.07250000 0.03964270 0.00183421
v -0.07250000 0.03960263 0.00186234
v -0.07250000 0.04491735 0.00495748
v -0.07250000 0.03613511 0.00629648
v -0.07250000 0.04339080 0.00259392
v -0.07250000 0.03978782 0.00170319
v -0.07250000 0.04517077 0.00520467
v -0.07250000 0.03610993 0.00633925
v -0.07250000 0.03608265 0.00638073
v -0.07250000 0.04326972 0.00226126
v -0.07250000 0.03987837 0.00158773
v -0.07250000 0.04543621 0.00543892
v -0.07250000 0.04316537 0.00192297
v -0.07250000 0.03990467 0.00154644
v -0.07250000 0.04307801 0.00157990
v -0.07250000 0.04300786 0.00123290
v -0.07250000 0.04004313 0.00113189
v -0.07250000 0.04003695 0.00118045
v -0.07250000 0.04295510 0.00088284
v -0.07250000 0.04004832 0.00103416
v -0.07250000 0.04288939 -0.00005022
v -0.07250000 0.04865644 0.00726798
v -0.07250000 0.03998757 -0.00000000
v -0.07250000 0.04295510 -0.00088284
v -0.07250000 0.04004313 -0.00113190
v -0.07250000 0.04004692 -0.00108309
v -0.07250000 0.04004832 -0.00103416
v -0.07250000 0.04004733 -0.00098522
v -0.07250000 0.04300786 -0.00123290
v -0.07250000 0.04001751 -0.00127639
v -0.07250000 0.04002840 -0.00122866
v -0.07250000 0.04003695 -0.00118046
v -0.07250000 0.04307801 -0.00157990
v -0.07250000 0.03995104 -0.00146026
v -0.07250000 0.03997102 -0.00141557
v -0.07250000 0.03998878 -0.00136995
v -0.07250000 0.04000429 -0.00132352
v -0.07250000 0.04316537 -0.00192297
v -0.07250000 0.03987836 -0.00158774
v -0.07250000 0.03990466 -0.00154645
v -0.07250000 0.03992891 -0.00150392
v -0.07250000 0.04326972 -0.00226126
v -0.07250000 0.03978780 -0.00170321
v -0.07250000 0.03981986 -0.00166621
v -0.07250000 0.03985007 -0.00162769
v -0.07250000 0.04339080 -0.00259392
v -0.07250000 0.03968132 -0.00180418
v -0.07250000 0.03971845 -0.00177227
v -0.07250000 0.03975397 -0.00173859
v -0.07250000 0.04352831 -0.00292014
v -0.07250000 0.03956121 -0.00188848
v -0.07250000 0.03960261 -0.00186235
v -0.07250000 0.03964268 -0.00183423
v -0.07250000 0.04368191 -0.00323910
v -0.07250000 0.03947483 -0.00193450
v -0.07250000 0.03951859 -0.00191255
v -0.07250000 0.04385122 -0.00355000
v -0.07250000 0.03938437 -0.00197187
v -0.07250000 0.03943006 -0.00195429
v -0.07250000 0.04403582 -0.00385208
v -0.07250000 0.03625499 -0.00592060
v -0.07250000 0.04423524 -0.00414458
v -0.07250000 0.04444900 -0.00442678
v -0.07250000 0.04467655 -0.00469797
v -0.07250000 0.03617896 -0.00620745
v -0.07250000 0.04491735 -0.00495748
v -0.07316667 0.04517077 -0.00520467
v -0.07250000 0.04757180 -0.00684602
v -0.07250000 0.05992648 0.00257663
v -0.07250000 0.05477624 0.00550280
v -0.07250000 0.05252590 -0.00676691
v -0.07250000 0.05902628 -0.00474062
v -0.07250000 0.05721357 0.00072183
v -0.07250000 0.05606224 -0.00391541
v -0.07250000 0.02303966 -0.00636749
v -0.07250000 0.02299813 -0.00639371
v -0.07250000 0.02295795 -0.00642194
v -0.07450000 0.05070693 -0.00706472
v -0.07450000 0.05175198 -0.00688045
v -0.07450000 0.05242834 -0.00667182
v -0.07450000 0.05275789 -0.00654248
v -0.07450000 0.05308057 -0.00639688
v -0.07450000 0.05339560 -0.00623537
v -0.07450000 0.05370219 -0.00605837
v -0.07450000 0.05399957 -0.00586630
v -0.07450000 0.05508265 -0.00495748
v -0.07450000 0.05532345 -0.00469797
v -0.07450000 0.05555100 -0.00442678
v -0.07450000 0.05576476 -0.00414458
v -0.07450000 0.05596418 -0.00385208
v -0.07450000 0.05614878 -0.00355000
v -0.07450000 0.05673028 -0.00226126
v -0.07450000 0.05692199 -0.00157990
v -0.07450000 0.05699213 -0.00123290
v -0.07450000 0.05704490 -0.00088284
v -0.07450000 0.05708015 0.00053058
v -0.07450000 0.05704490 0.00088284
v -0.07450000 0.05692199 0.00157990
v -0.07450000 0.05673028 0.00226126
v -0.07450000 0.05614878 0.00355000
v -0.07450000 0.05576476 0.00414458
v -0.07450000 0.05508265 0.00495748
v -0.07450000 0.05456379 0.00543892
v -0.07450000 0.05370219 0.00605837
v -0.07450000 0.05275789 0.00654248
v -0.07450000 0.05242834 0.00667182
v -0.07450000 0.05209276 0.00678457
v -0.07450000 0.05175198 0.00688045
v -0.07450000 0.05070693 0.00706472
v -0.07450000 0.05035391 0.00709117
v -0.07450000 0.05000000 0.00710000
v -0.07450000 0.04894180 0.00702070
v -0.07450000 0.04859316 0.00695922
v -0.07450000 0.04724211 0.00654248
v -0.07450000 0.04691943 0.00639688
v -0.07450000 0.04660440 0.00623537
v -0.07450000 0.04629781 0.00605837
v -0.07450000 0.04600043 0.00586630
v -0.07450000 0.04543621 0.00543892
v -0.07450000 0.04467655 0.00469797
v -0.07450000 0.04352831 0.00292014
v -0.07450000 0.04339080 0.00259392
v -0.07450000 0.04316537 0.00192297
v -0.07450000 0.04307801 0.00157990
v -0.07450000 0.04295510 0.00088284
v -0.07450000 0.04291985 0.00053058
v -0.07450000 0.04290221 0.00017701
v -0.07450000 0.04291985 -0.00053058
v -0.07450000 0.04300786 -0.00123290
v -0.07450000 0.04307801 -0.00157990
v -0.07450000 0.04316537 -0.00192297
v -0.07450000 0.04326972 -0.00226126
v -0.07450000 0.04368191 -0.00323910
v -0.07450000 0.04423524 -0.00414458
v -0.07450000 0.04444900 -0.00442678
v -0.07450000 0.04543621 -0.00543892
v -0.07450000 0.04571299 -0.00565964
v -0.07450000 0.04600043 -0.00586630
v -0.07450000 0.04660440 -0.00623537
v -0.07450000 0.04790724 -0.00678457
v -0.07450000 0.04824802 -0.00688045
v -0.07450000 0.04859316 -0.00695922
v -0.07450000 0.04894180 -0.00702070
v -0.07450000 0.04929307 -0.00706472
v -0.06350000 -0.00246275 0.01181280
v -0.06350000 -0.00249665 0.01190658
v -0.07750000 -0.00249665 0.01190658
v -0.07750000 -0.00246275 0.01181280
v -0.07750000 -0.00243356 0.01171745
v -0.06350000 -0.00243356 0.01171745
v -0.06350000 -0.00240916 0.01162075
v -0.07750000 -0.00240916 0.01162075
v -0.06350000 -0.00238961 0.01152297
v -0.07750000 -0.00238961 0.01152297
v -0.06350000 -0.00237496 0.01142432
v -0.07750000 -0.00237496 0.01142432
v -0.06350000 -0.00236525 0.01132508
v -0.07750000 -0.00236525 0.01132508
v -0.07750000 -0.00236049 0.01122547
v -0.06350000 -0.00236049 0.01122547
v -0.06350000 -0.00236071 0.01112574
v -0.07750000 -0.00236071 0.01112574
v -0.06350000 -0.00236589 0.01102616
v -0.07750000 -0.00236589 0.01102616
v -0.07750000 -0.00237604 0.01092695
v -0.06350000 -0.00237604 0.01092695
v -0.07750000 -0.00239111 0.01082837
v -0.06350000 -0.00239111 0.01082837
v -0.06350000 -0.00241108 0.01073067
v -0.07750000 -0.00241108 0.01073067
v -0.06350000 -0.00243590 0.01063409
v -0.07750000 -0.00243590 0.01063409
v -0.07750000 -0.00246550 0.01053886
v -0.06350000 -0.00246550 0.01053886
v -0.06350000 -0.00249981 0.01044522
v -0.07750000 -0.00249981 0.01044522
v -0.06350000 -0.00253874 0.01035341
v -0.07750000 -0.00253874 0.01035341
v -0.07750000 -0.00258220 0.01026366
v -0.06350000 -0.00258220 0.01026366
v -0.06350000 -0.00263009 0.01017619
v -0.07750000 -0.00263009 0.01017619
v -0.06350000 -0.00268227 0.01009120
v -0.07750000 -0.00268227 0.01009120
v -0.06350000 -0.00273862 0.01000893
v -0.07750000 -0.00273862 0.01000893
v -0.06350000 -0.00279901 0.00992957
v -0.07750000 -0.00279901 0.00992957
v -0.06350000 -0.00286327 0.00985332
v -0.07750000 -0.00286327 0.00985332
v -0.06350000 -0.00293126 0.00978036
v -0.07750000 -0.00293126 0.00978036
v -0.06350000 -0.00300280 0.00971088
v -0.07750000 -0.00300280 0.00971088
v -0.07750000 -0.00307771 0.00964506
v -0.06350000 -0.00307771 0.00964506
v -0.06350000 -0.00315581 0.00958305
v -0.07750000 -0.00315581 0.00958305
v -0.06350000 -0.00323690 0.00952502
v -0.07750000 -0.00323690 0.00952502
v -0.06350000 -0.00332079 0.00947109
v -0.07750000 -0.00332079 0.00947109
v -0.06350000 -0.00340726 0.00942142
v -0.07750000 -0.00340726 0.00942142
v -0.06350000 -0.00349610 0.00937611
v -0.07750000 -0.00349610 0.00937611
v -0.06350000 -0.00358708 0.00933530
v -0.07750000 -0.00358708 0.00933530
v -0.06350000 -0.00367999 0.00929906
v -0.07750000 -0.00367999 0.00929906
v -0.06350000 -0.00377459 0.00926751
v -0.07750000 -0.00377459 0.00926751
v -0.06350000 -0.00387064 0.00924071
v -0.07750000 -0.00387064 0.00924071
v -0.06350000 -0.00396791 0.00921873
v -0.07750000 -0.00396791 0.00921873
v -0.06350000 -0.00406616 0.00920162
v -0.07750000 -0.00406616 0.00920162
v -0.06350000 -0.00416513 0.00918943
v -0.07750000 -0.00416513 0.00918943
v -0.07750000 -0.00426459 0.00918220
v -0.06350000 -0.00426459 0.00918220
v -0.06350000 -0.00436429 0.00917993
v -0.07750000 -0.00436429 0.00917993
v -0.06350000 -0.00446398 0.00918263
v -0.07750000 -0.00446398 0.00918263
v -0.07750000 -0.00456340 0.00919029
v -0.06350000 -0.00456340 0.00919029
v -0.06350000 -0.00466233 0.00920291
v -0.07750000 -0.00466233 0.00920291
v -0.06350000 -0.00476050 0.00922044
v -0.07750000 -0.00476050 0.00922044
v -0.07750000 -0.00485767 0.00924284
v -0.06350000 -0.00485767 0.00924284
v -0.06350000 -0.00495361 0.00927005
v -0.07750000 -0.00495361 0.00927005
v -0.06350000 -0.00504807 0.00930202
v -0.07750000 -0.00504807 0.00930202
v -0.06350000 -0.00514082 0.00933865
v -0.07750000 -0.00514082 0.00933865
v -0.06350000 -0.00523163 0.00937986
v -0.07750000 -0.00523163 0.00937986
v -0.07750000 -0.00532027 0.00942555
v -0.06350000 -0.00532027 0.00942555
v -0.06350000 -0.00540652 0.00947559
v -0.07750000 -0.00540652 0.00947559
v -0.06350000 -0.00549018 0.00952988
v -0.07750000 -0.00549018 0.00952988
v -0.07750000 -0.00557102 0.00958827
v -0.06350000 -0.00557102 0.00958827
v -0.07750000 -0.00564885 0.00965061
v -0.06350000 -0.00564885 0.00965061
v -0.07750000 -0.00572348 0.00971676
v -0.06350000 -0.00572348 0.00971676
v -0.06350000 -0.00579472 0.00978654
v -0.07750000 -0.00579472 0.00978654
v -0.07750000 -0.00586239 0.00985979
v -0.06350000 -0.00586239 0.00985979
v -0.06350000 -0.00592632 0.00993632
v -0.07750000 -0.00592632 0.00993632
v -0.06350000 -0.00598637 0.01001594
v -0.07750000 -0.00598637 0.01001594
v -0.06350000 -0.00604236 0.01009846
v -0.07750000 -0.00604236 0.01009846
v -0.07750000 -0.00609418 0.01018366
v -0.06350000 -0.00609418 0.01018366
v -0.07750000 -0.00614168 0.01027134
v -0.06350000 -0.00614168 0.01027134
v -0.07750000 -0.00618476 0.01036128
v -0.06350000 -0.00618476 0.01036128
v -0.06350000 -0.00622329 0.01045326
v -0.07750000 -0.00622329 0.01045326
v -0.06350000 -0.00625720 0.01054704
v -0.07750000 -0.00625720 0.01054704
v -0.06350000 -0.00628639 0.01064240
v -0.07750000 -0.00628639 0.01064240
v -0.06350000 -0.00631079 0.01073909
v -0.07750000 -0.00631079 0.01073909
v -0.07750000 -0.00633033 0.01083688
v -0.06350000 -0.00633033 0.01083688
v -0.07750000 -0.00634498 0.01093552
v -0.06350000 -0.00634498 0.01093552
v -0.06350000 -0.00635470 0.01103477
v -0.07750000 -0.00635470 0.01103477
v -0.06350000 -0.00635945 0.01113437
v -0.07750000 -0.00635945 0.01113437
v -0.07750000 -0.00635924 0.01123410
v -0.06350000 -0.00635924 0.01123410
v -0.06350000 -0.00635405 0.01133369
v -0.07750000 -0.00635405 0.01133369
v -0.06350000 -0.00634391 0.01143289
v -0.07750000 -0.00634391 0.01143289
v -0.07750000 -0.00632883 0.01153147
v -0.06350000 -0.00632883 0.01153147
v -0.07750000 -0.00630886 0.01162917
v -0.06350000 -0.00630886 0.01162917
v -0.06350000 -0.00628405 0.01172576
v -0.07750000 -0.00628405 0.01172576
v -0.07750000 -0.00625445 0.01182098
v -0.06350000 -0.00625445 0.01182098
v -0.06350000 -0.00622014 0.01191462
v -0.07750000 -0.00622014 0.01191462
v -0.06350000 -0.00618121 0.01200643
v -0.07750000 -0.00618121 0.01200643
v -0.07750000 -0.00613774 0.01209618
v -0.06350000 -0.00613774 0.01209618
v -0.06350000 -0.00608986 0.01218366
v -0.07750000 -0.00608986 0.01218366
v -0.07750000 -0.00603768 0.01226864
v -0.06350000 -0.00603768 0.01226864
v -0.06350000 -0.00598133 0.01235091
v -0.07750000 -0.00598133 0.01235091
v -0.06350000 -0.00592094 0.01243027
v -0.07750000 -0.00592094 0.01243027
v -0.06350000 -0.00585668 0.01250653
v -0.07750000 -0.00585668 0.01250653
v -0.06350000 -0.00578869 0.01257948
v -0.07750000 -0.00578869 0.01257948
v -0.07750000 -0.00571715 0.01264896
v -0.06350000 -0.00571715 0.01264896
v -0.06350000 -0.00564224 0.01271478
v -0.07750000 -0.00564224 0.01271478
v -0.06350000 -0.00556414 0.01277679
v -0.07750000 -0.00556414 0.01277679
v -0.06350000 -0.00548304 0.01283483
v -0.07750000 -0.00548304 0.01283483
v -0.06350000 -0.00539916 0.01288875
v -0.07750000 -0.00539916 0.01288875
v -0.06350000 -0.00531269 0.01293842
v -0.07750000 -0.00531269 0.01293842
v -0.07750000 -0.00522385 0.01298373
v -0.06350000 -0.00522385 0.01298373
v -0.06350000 -0.00513286 0.01302455
v -0.07750000 -0.00513286 0.01302455
v -0.06350000 -0.00503996 0.01306078
v -0.07750000 -0.00503996 0.01306078
v -0.06350000 -0.00494536 0.01309233
v -0.07750000 -0.00494536 0.01309233
v -0.06350000 -0.00484930 0.01311914
v -0.07750000 -0.00484930 0.01311914
v -0.06350000 -0.00475203 0.01314112
v -0.07750000 -0.00475203 0.01314112
v -0.06350000 -0.00465379 0.01315822
v -0.07750000 -0.00465379 0.01315822
v -0.06350000 -0.00455481 0.01317041
v -0.07750000 -0.00455481 0.01317041
v -0.06350000 -0.00445535 0.01317765
v -0.07750000 -0.00445535 0.01317765
v -0.06350000 -0.00435566 0.01317992
v -0.07750000 -0.00435566 0.01317992
v -0.07750000 -0.00425597 0.01317721
v -0.06350000 -0.00425597 0.01317721
v -0.06350000 -0.00415654 0.01316955
v -0.07750000 -0.00415654 0.01316955
v -0.06350000 -0.00405762 0.01315693
v -0.07750000 -0.00405762 0.01315693
v -0.06350000 -0.00395945 0.01313941
v -0.07750000 -0.00395945 0.01313941
v -0.07750000 -0.00386228 0.01311701
v -0.06350000 -0.00386228 0.01311701
v -0.06350000 -0.00376634 0.01308979
v -0.07750000 -0.00376634 0.01308979
v -0.06350000 -0.00367188 0.01305783
v -0.07750000 -0.00367188 0.01305783
v -0.06350000 -0.00357913 0.01302119
v -0.07750000 -0.00357913 0.01302119
v -0.07750000 -0.00348832 0.01297998
v -0.06350000 -0.00348832 0.01297998
v -0.06350000 -0.00339968 0.01293430
v -0.07750000 -0.00339968 0.01293430
v -0.06350000 -0.00331342 0.01288425
v -0.07750000 -0.00331342 0.01288425
v -0.07750000 -0.00322977 0.01282996
v -0.06350000 -0.00322977 0.01282996
v -0.06350000 -0.00314893 0.01277158
v -0.07750000 -0.00314893 0.01277158
v -0.07750000 -0.00307109 0.01270923
v -0.06350000 -0.00307109 0.01270923
v -0.06350000 -0.00299647 0.01264309
v -0.07750000 -0.00299647 0.01264309
v -0.07750000 -0.00292523 0.01257330
v -0.06350000 -0.00292523 0.01257330
v -0.07750000 -0.00285756 0.01250005
v -0.06350000 -0.00285756 0.01250005
v -0.06350000 -0.00279362 0.01242352
v -0.07750000 -0.00279362 0.01242352
v -0.07750000 -0.00273358 0.01234390
v -0.06350000 -0.00273358 0.01234390
v -0.06350000 -0.00267758 0.01226138
v -0.07750000 -0.00267758 0.01226138
v -0.07750000 -0.00262577 0.01217618
v -0.06350000 -0.00262577 0.01217618
v -0.06350000 -0.00257826 0.01208850
v -0.07750000 -0.00257826 0.01208850
v -0.07750000 -0.00253519 0.01199856
v -0.06350000 -0.00253519 0.01199856
v -0.07750000 -0.00761526 0.01246564
v -0.07750000 -0.00754713 0.01262631
v -0.07750000 -0.00747107 0.01278338
v -0.07750000 -0.00767531 0.01230178
v -0.07750000 -0.00738728 0.01293646
v -0.07750000 -0.00772710 0.01213513
v -0.07750000 -0.00729596 0.01308517
v -0.07750000 -0.00777053 0.01196611
v -0.07750000 -0.00719734 0.01322915
v -0.07750000 -0.00709167 0.01336804
v -0.07750000 -0.00780548 0.01179513
v -0.07750000 -0.00784961 0.01144901
v -0.07750000 -0.00783186 0.01162262
v -0.07750000 -0.00697920 0.01350148
v -0.07750000 -0.00686023 0.01362915
v -0.07750000 -0.00785869 0.01127473
v -0.07750000 -0.00673504 0.01375073
v -0.07750000 -0.00785907 0.01110022
v -0.07750000 -0.00660394 0.01386593
v -0.07750000 -0.00785074 0.01092590
v -0.07750000 -0.00646726 0.01397444
v -0.07750000 -0.00780810 0.01057959
v -0.07750000 -0.00783374 0.01075221
v -0.07750000 -0.00632535 0.01407601
v -0.07750000 -0.00617855 0.01417037
v -0.07750000 -0.00602722 0.01425730
v -0.07750000 -0.00777389 0.01040846
v -0.07750000 -0.00773120 0.01023925
v -0.07750000 -0.00587176 0.01433658
v -0.07750000 -0.00768012 0.01007238
v -0.07750000 -0.00571253 0.01440801
v -0.07750000 -0.00762078 0.00990826
v -0.07750000 -0.00554994 0.01447142
v -0.07750000 -0.00755334 0.00974730
v -0.07750000 -0.00538440 0.01452664
v -0.07750000 -0.00747796 0.00958991
v -0.07750000 -0.00521630 0.01457355
v -0.07750000 -0.00504608 0.01461201
v -0.07750000 -0.00739483 0.00943647
v -0.07750000 -0.00730416 0.00928736
v -0.07750000 -0.00487415 0.01464195
v -0.07750000 -0.00720616 0.00914296
v -0.07750000 -0.00470094 0.01466327
v -0.07750000 -0.00452689 0.01467594
v -0.07750000 -0.00710109 0.00900362
v -0.07750000 -0.00698920 0.00886969
v -0.07750000 -0.00435242 0.01467991
v -0.07750000 -0.00674611 0.00861938
v -0.07750000 -0.00687078 0.00874151
v -0.07750000 -0.00417797 0.01467519
v -0.07750000 -0.00400397 0.01466177
v -0.07750000 -0.00383086 0.01463969
v -0.07750000 -0.00661551 0.00850363
v -0.07750000 -0.00365906 0.01460902
v -0.07750000 -0.00647931 0.00839452
v -0.07750000 -0.00633783 0.00829235
v -0.07750000 -0.00348900 0.01456982
v -0.07750000 -0.00604049 0.00810977
v -0.07750000 -0.00619144 0.00819735
v -0.07750000 -0.00332111 0.01452219
v -0.07750000 -0.00315581 0.01446625
v -0.07750000 -0.00588537 0.00802981
v -0.07750000 -0.00299349 0.01440215
v -0.07750000 -0.00572645 0.00795770
v -0.07750000 -0.00283458 0.01433003
v -0.07750000 -0.00556414 0.00789359
v -0.07750000 -0.00267945 0.01425008
v -0.07750000 -0.00539883 0.00783765
v -0.07750000 -0.00252851 0.01416249
v -0.07750000 -0.00523094 0.00779002
v -0.07750000 -0.00238212 0.01406749
v -0.07750000 -0.00506089 0.00775082
v -0.07750000 -0.00224064 0.01396532
v -0.07750000 -0.00488909 0.00772015
v -0.07750000 -0.00210444 0.01385621
v -0.07750000 -0.00471598 0.00769807
v -0.07750000 -0.00197384 0.01374046
v -0.07750000 -0.00454198 0.00768466
v -0.07750000 -0.00184917 0.01361834
v -0.07750000 -0.00436753 0.00767993
v -0.07750000 -0.00173075 0.01349015
v -0.07750000 -0.00419306 0.00768390
v -0.07750000 -0.00161886 0.01335622
v -0.07750000 -0.00401900 0.00769657
v -0.07750000 -0.00151379 0.01321689
v -0.07750000 -0.00384580 0.00771790
v -0.07750000 -0.00141579 0.01307248
v -0.07750000 -0.00367387 0.00774783
v -0.07750000 -0.00132511 0.01292338
v -0.07750000 -0.00350364 0.00778629
v -0.07750000 -0.00124198 0.01276993
v -0.07750000 -0.00333555 0.00783320
v -0.07750000 -0.00116660 0.01261254
v -0.07750000 -0.00317000 0.00788842
v -0.07750000 -0.00109916 0.01245158
v -0.07750000 -0.00300742 0.00795183
v -0.07750000 -0.00103983 0.01228746
v -0.07750000 -0.00284819 0.00802326
v -0.07750000 -0.00098875 0.01212059
v -0.07750000 -0.00269272 0.00810254
v -0.07750000 -0.00094605 0.01195138
v -0.07750000 -0.00254140 0.00818947
v -0.07750000 -0.00091184 0.01178025
v -0.07750000 -0.00239460 0.00828384
v -0.07750000 -0.00088621 0.01160763
v -0.07750000 -0.00225268 0.00838540
v -0.07750000 -0.00086920 0.01143394
v -0.07750000 -0.00211601 0.00849392
v -0.07750000 -0.00086088 0.01125963
v -0.07750000 -0.00198491 0.00860911
v -0.07750000 -0.00086126 0.01108511
v -0.07750000 -0.00185972 0.00873069
v -0.07750000 -0.00087033 0.01091083
v -0.07750000 -0.00174074 0.00885836
v -0.07750000 -0.00088808 0.01073722
v -0.07750000 -0.00162828 0.00899181
v -0.07750000 -0.00091447 0.01056471
v -0.07750000 -0.00152261 0.00913069
v -0.07750000 -0.00094941 0.01039373
v -0.07750000 -0.00142399 0.00927467
v -0.07750000 -0.00099284 0.01022471
v -0.07750000 -0.00133267 0.00942338
v -0.07750000 -0.00104464 0.01005806
v -0.07750000 -0.00124888 0.00957647
v -0.07750000 -0.00110468 0.00989420
v -0.07750000 -0.00117282 0.00973353
v -0.08150000 -0.00109916 0.01245158
v -0.08150000 -0.00103983 0.01228746
v -0.08150000 -0.00098875 0.01212059
v -0.08150000 -0.00094605 0.01195138
v -0.08150000 -0.00091184 0.01178025
v -0.08150000 -0.00088621 0.01160763
v -0.08150000 -0.00086920 0.01143394
v -0.08150000 -0.00086088 0.01125963
v -0.08150000 -0.00086126 0.01108511
v -0.08150000 -0.00087033 0.01091083
v -0.08150000 -0.00088808 0.01073722
v -0.08150000 -0.00091447 0.01056471
v -0.08150000 -0.00094941 0.01039373
v -0.08150000 -0.00099284 0.01022471
v -0.08150000 -0.00104464 0.01005806
v -0.08150000 -0.00110468 0.00989420
v -0.08150000 -0.00117282 0.00973353
v -0.08150000 -0.00124888 0.00957647
v -0.08150000 -0.00133267 0.00942338
v -0.08150000 -0.00142399 0.00927467
v -0.08150000 -0.00152261 0.00913069
v -0.08150000 -0.00162828 0.00899181
v -0.08150000 -0.00174074 0.00885836
v -0.08150000 -0.00185972 0.00873069
v -0.08150000 -0.00198491 0.00860911
v -0.08150000 -0.00211601 0.00849392
v -0.08150000 -0.00225268 0.00838540
v -0.08150000 -0.00239460 0.00828384
v -0.08150000 -0.00254140 0.00818947
v -0.08150000 -0.00269272 0.00810254
v -0.08150000 -0.00284819 0.00802326
v -0.08150000 -0.00300742 0.00795183
v -0.08150000 -0.00317000 0.00788842
v -0.08150000 -0.00333555 0.00783320
v -0.08150000 -0.00350364 0.00778629
v -0.08150000 -0.00367387 0.00774783
v -0.08150000 -0.00384580 0.00771790
v -0.08150000 -0.00401900 0.00769657
v -0.08150000 -0.00419306 0.00768390
v -0.08150000 -0.00436753 0.00767993
v -0.08150000 -0.00454198 0.00768466
v -0.08150000 -0.00471598 0.00769807
v -0.08150000 -0.00488909 0.00772015
v -0.08150000 -0.00506089 0.00775082
v -0.08150000 -0.00523094 0.00779002
v -0.08150000 -0.00539883 0.00783765
v -0.08150000 -0.00556414 0.00789359
v -0.08150000 -0.00572645 0.00795770
v -0.08150000 -0.00588537 0.00802981
v -0.08150000 -0.00604049 0.00810977
v -0.08150000 -0.00619144 0.00819735
v -0.08150000 -0.00633783 0.00829235
v -0.08150000 -0.00647931 0.00839452
v -0.08150000 -0.00661551 0.00850363
v -0.08150000 -0.00674611 0.00861938
v -0.08150000 -0.00687078 0.00874151
v -0.08150000 -0.00698920 0.00886969
v -0.08150000 -0.00710109 0.00900362
v -0.08150000 -0.00720616 0.00914296
v -0.08150000 -0.00730416 0.00928736
v -0.08150000 -0.00739483 0.00943647
v -0.08150000 -0.00747796 0.00958991
v -0.08150000 -0.00755334 0.00974730
v -0.08150000 -0.00762078 0.00990826
v -0.08150000 -0.00768012 0.01007238
v -0.08150000 -0.00773120 0.01023925
v -0.08150000 -0.00777389 0.01040846
v -0.08150000 -0.00780810 0.01057959
v -0.08150000 -0.00783374 0.01075221
v -0.08150000 -0.00785074 0.01092590
v -0.08150000 -0.00785907 0.01110022
v -0.08150000 -0.00785869 0.01127473
v -0.08150000 -0.00784961 0.01144901
v -0.08150000 -0.00783186 0.01162262
v -0.08150000 -0.00780548 0.01179513
v -0.08150000 -0.00777053 0.01196611
v -0.08150000 -0.00772710 0.01213513
v -0.08150000 -0.00767531 0.01230178
v -0.08150000 -0.00761526 0.01246564
v -0.08150000 -0.00754713 0.01262631
v -0.08150000 -0.00747107 0.01278338
v -0.08150000 -0.00738728 0.01293646
v -0.08150000 -0.00729596 0.01308517
v -0.08150000 -0.00719734 0.01322915
v -0.08150000 -0.00709167 0.01336804
v -0.08150000 -0.00697920 0.01350148
v -0.08150000 -0.00686023 0.01362915
v -0.08150000 -0.00673504 0.01375073
v -0.08150000 -0.00660394 0.01386593
v -0.08150000 -0.00646726 0.01397444
v -0.08150000 -0.00632535 0.01407601
v -0.08150000 -0.00617855 0.01417037
v -0.08150000 -0.00602722 0.01425730
v -0.08150000 -0.00587176 0.01433658
v -0.08150000 -0.00571253 0.01440801
v -0.08150000 -0.00554994 0.01447142
v -0.08150000 -0.00538440 0.01452664
v -0.08150000 -0.00521630 0.01457355
v -0.08150000 -0.00504608 0.01461201
v -0.08150000 -0.00487415 0.01464195
v -0.08150000 -0.00470094 0.01466327
v -0.08150000 -0.00452689 0.01467594
v -0.08150000 -0.00435242 0.01467991
v -0.08150000 -0.00417797 0.01467519
v -0.08150000 -0.00400397 0.01466177
v -0.08150000 -0.00383086 0.01463969
v -0.08150000 -0.00365906 0.01460902
v -0.08150000 -0.00348900 0.01456982
v -0.08150000 -0.00332111 0.01452219
v -0.08150000 -0.00315581 0.01446625
v -0.08150000 -0.00299349 0.01440215
v -0.08150000 -0.00283458 0.01433003
v -0.08150000 -0.00267945 0.01425008
v -0.08150000 -0.00252851 0.01416249
v -0.08150000 -0.00238212 0.01406749
v -0.08150000 -0.00224064 0.01396532
v -0.08150000 -0.00210444 0.01385621
v -0.08150000 -0.00197384 0.01374046
v -0.08150000 -0.00184917 0.01361834
v -0.08150000 -0.00173075 0.01349015
v -0.08150000 -0.00161886 0.01335622
v -0.08150000 -0.00151379 0.01321689
v -0.08150000 -0.00141579 0.01307248
v -0.08150000 -0.00132511 0.01292338
v -0.08150000 -0.00124198 0.01276993
v -0.08150000 -0.00116660 0.01261254
v -0.06350000 0.00939933 0.00999869
v -0.06350000 0.00936543 0.01009247
v -0.07750000 0.00936543 0.01009247
v -0.07750000 0.00939933 0.00999869
v -0.07750000 0.00942852 0.00990333
v -0.06350000 0.00942852 0.00990333
v -0.06350000 0.00945292 0.00980664
v -0.07750000 0.00945292 0.00980664
v -0.06350000 0.00947247 0.00970885
v -0.07750000 0.00947247 0.00970885
v -0.06350000 0.00948712 0.00961021
v -0.07750000 0.00948712 0.00961021
v -0.06350000 0.00949683 0.00951096
v -0.07750000 0.00949683 0.00951096
v -0.07750000 0.00950159 0.00941135
v -0.06350000 0.00950159 0.00941135
v -0.06350000 0.00950137 0.00931163
v -0.07750000 0.00950137 0.00931163
v -0.06350000 0.00949619 0.00921204
v -0.07750000 0.00949619 0.00921204
v -0.07750000 0.00948605 0.00911284
v -0.06350000 0.00948605 0.00911284
v -0.07750000 0.00947097 0.00901426
v -0.06350000 0.00947097 0.00901426
v -0.06350000 0.00945100 0.00891656
v -0.07750000 0.00945100 0.00891656
v -0.06350000 0.00942618 0.00881997
v -0.07750000 0.00942618 0.00881997
v -0.07750000 0.00939658 0.00872474
v -0.06350000 0.00939658 0.00872474
v -0.06350000 0.00936227 0.00863111
v -0.07750000 0.00936227 0.00863111
v -0.06350000 0.00932334 0.00853930
v -0.07750000 0.00932334 0.00853930
v -0.07750000 0.00927988 0.00844955
v -0.06350000 0.00927988 0.00844955
v -0.06350000 0.00923200 0.00836207
v -0.07750000 0.00923200 0.00836207
v -0.06350000 0.00917981 0.00827709
v -0.07750000 0.00917981 0.00827709
v -0.06350000 0.00912346 0.00819482
v -0.07750000 0.00912346 0.00819482
v -0.06350000 0.00906308 0.00811546
v -0.07750000 0.00906308 0.00811546
v -0.06350000 0.00899881 0.00803920
v -0.07750000 0.00899881 0.00803920
v -0.06350000 0.00893083 0.00796625
v -0.07750000 0.00893083 0.00796625
v -0.06350000 0.00885929 0.00789677
v -0.07750000 0.00885929 0.00789677
v -0.07750000 0.00878437 0.00783095
v -0.06350000 0.00878437 0.00783095
v -0.06350000 0.00870627 0.00776894
v -0.07750000 0.00870627 0.00776894
v -0.06350000 0.00862518 0.00771090
v -0.07750000 0.00862518 0.00771090
v -0.06350000 0.00854129 0.00765698
v -0.07750000 0.00854129 0.00765698
v -0.06350000 0.00845482 0.00760730
v -0.07750000 0.00845482 0.00760730
v -0.06350000 0.00836599 0.00756200
v -0.07750000 0.00836599 0.00756200
v -0.06350000 0.00827500 0.00752118
v -0.07750000 0.00827500 0.00752118
v -0.06350000 0.00818209 0.00748495
v -0.07750000 0.00818209 0.00748495
v -0.06350000 0.00808749 0.00745339
v -0.07750000 0.00808749 0.00745339
v -0.06350000 0.00799144 0.00742659
v -0.07750000 0.00799144 0.00742659
v -0.06350000 0.00789417 0.00740461
v -0.07750000 0.00789417 0.00740461
v -0.06350000 0.00779592 0.00738751
v -0.07750000 0.00779592 0.00738751
v -0.06350000 0.00769695 0.00737532
v -0.07750000 0.00769695 0.00737532
v -0.07750000 0.00759749 0.00736808
v -0.06350000 0.00759749 0.00736808
v -0.06350000 0.00749779 0.00736581
v -0.07750000 0.00749779 0.00736581
v -0.06350000 0.00739811 0.00736851
v -0.07750000 0.00739811 0.00736851
v -0.07750000 0.00729868 0.00737618
v -0.06350000 0.00729868 0.00737618
v -0.06350000 0.00719976 0.00738879
v -0.07750000 0.00719976 0.00738879
v -0.06350000 0.00710159 0.00740632
v -0.07750000 0.00710159 0.00740632
v -0.07750000 0.00700441 0.00742872
v -0.06350000 0.00700441 0.00742872
v -0.06350000 0.00690847 0.00745594
v -0.07750000 0.00690847 0.00745594
v -0.06350000 0.00681401 0.00748790
v -0.07750000 0.00681401 0.00748790
v -0.06350000 0.00672126 0.00752454
v -0.07750000 0.00672126 0.00752454
v -0.06350000 0.00663045 0.00756575
v -0.07750000 0.00663045 0.00756575
v -0.07750000 0.00654181 0.00761143
v -0.06350000 0.00654181 0.00761143
v -0.06350000 0.00645556 0.00766148
v -0.07750000 0.00645556 0.00766148
v -0.06350000 0.00637190 0.00771577
v -0.07750000 0.00637190 0.00771577
v -0.07750000 0.00629106 0.00777415
v -0.06350000 0.00629106 0.00777415
v -0.07750000 0.00621323 0.00783650
v -0.06350000 0.00621323 0.00783650
v -0.07750000 0.00613860 0.00790264
v -0.06350000 0.00613860 0.00790264
v -0.06350000 0.00606736 0.00797243
v -0.07750000 0.00606736 0.00797243
v -0.07750000 0.00599969 0.00804568
v -0.06350000 0.00599969 0.00804568
v -0.06350000 0.00593576 0.00812221
v -0.07750000 0.00593576 0.00812221
v -0.06350000 0.00587572 0.00820183
v -0.07750000 0.00587572 0.00820183
v -0.06350000 0.00581972 0.00828434
v -0.07750000 0.00581972 0.00828434
v -0.07750000 0.00576790 0.00836955
v -0.06350000 0.00576790 0.00836955
v -0.07750000 0.00572040 0.00845723
v -0.06350000 0.00572040 0.00845723
v -0.07750000 0.00567733 0.00854717
v -0.06350000 0.00567733 0.00854717
v -0.06350000 0.00563879 0.00863915
v -0.07750000 0.00563879 0.00863915
v -0.06350000 0.00560488 0.00873293
v -0.07750000 0.00560488 0.00873293
v -0.06350000 0.00557570 0.00882828
v -0.07750000 0.00557570 0.00882828
v -0.06350000 0.00555130 0.00892498
v -0.07750000 0.00555130 0.00892498
v -0.07750000 0.00553175 0.00902276
v -0.06350000 0.00553175 0.00902276
v -0.07750000 0.00551710 0.00912140
v -0.06350000 0.00551710 0.00912140
v -0.06350000 0.00550738 0.00922065
v -0.07750000 0.00550738 0.00922065
v -0.06350000 0.00550263 0.00932026
v -0.07750000 0.00550263 0.00932026
v -0.07750000 0.00550284 0.00941998
v -0.06350000 0.00550284 0.00941998
v -0.06350000 0.00550803 0.00951957
v -0.07750000 0.00550803 0.00951957
v -0.06350000 0.00551817 0.00961878
v -0.07750000 0.00551817 0.00961878
v -0.07750000 0.00553325 0.00971735
v -0.06350000 0.00553325 0.00971735
v -0.07750000 0.00555322 0.00981506
v -0.06350000 0.00555322 0.00981506
v -0.06350000 0.00557803 0.00991164
v -0.07750000 0.00557803 0.00991164
v -0.07750000 0.00560763 0.01000687
v -0.06350000 0.00560763 0.01000687
v -0.06350000 0.00564194 0.01010051
v -0.07750000 0.00564194 0.01010051
v -0.06350000 0.00568088 0.01019232
v -0.07750000 0.00568088 0.01019232
v -0.07750000 0.00572434 0.01028207
v -0.06350000 0.00572434 0.01028207
v -0.06350000 0.00577222 0.01036954
v -0.07750000 0.00577222 0.01036954
v -0.07750000 0.00582440 0.01045452
v -0.06350000 0.00582440 0.01045452
v -0.06350000 0.00588076 0.01053680
v -0.07750000 0.00588076 0.01053680
v -0.06350000 0.00594114 0.01061616
v -0.07750000 0.00594114 0.01061616
v -0.06350000 0.00600541 0.01069241
v -0.07750000 0.00600541 0.01069241
v -0.06350000 0.00607339 0.01076537
v -0.07750000 0.00607339 0.01076537
v -0.07750000 0.00614493 0.01083484
v -0.06350000 0.00614493 0.01083484
v -0.06350000 0.00621984 0.01090067
v -0.07750000 0.00621984 0.01090067
v -0.06350000 0.00629794 0.01096268
v -0.07750000 0.00629794 0.01096268
v -0.06350000 0.00637904 0.01102071
v -0.07750000 0.00637904 0.01102071
v -0.06350000 0.00646292 0.01107464
v -0.07750000 0.00646292 0.01107464
v -0.06350000 0.00654939 0.01112431
v -0.07750000 0.00654939 0.01112431
v -0.07750000 0.00663823 0.01116961
v -0.06350000 0.00663823 0.01116961
v -0.06350000 0.00672922 0.01121043
v -0.07750000 0.00672922 0.01121043
v -0.06350000 0.00682213 0.01124667
v -0.07750000 0.00682213 0.01124667
v -0.06350000 0.00691672 0.01127822
v -0.07750000 0.00691672 0.01127822
v -0.06350000 0.00701278 0.01130502
v -0.07750000 0.00701278 0.01130502
v -0.06350000 0.00711005 0.01132700
v -0.07750000 0.00711005 0.01132700
v -0.06350000 0.00720829 0.01134411
v -0.07750000 0.00720829 0.01134411
v -0.06350000 0.00730727 0.01135630
v -0.07750000 0.00730727 0.01135630
v -0.06350000 0.00740673 0.01136353
v -0.07750000 0.00740673 0.01136353
v -0.06350000 0.00750643 0.01136580
v -0.07750000 0.00750643 0.01136580
v -0.07750000 0.00760611 0.01136310
v -0.06350000 0.00760611 0.01136310
v -0.06350000 0.00770554 0.01135544
v -0.07750000 0.00770554 0.01135544
v -0.06350000 0.00780446 0.01134282
v -0.07750000 0.00780446 0.01134282
v -0.06350000 0.00790263 0.01132529
v -0.07750000 0.00790263 0.01132529
v -0.07750000 0.00799981 0.01130289
v -0.06350000 0.00799981 0.01130289
v -0.06350000 0.00809574 0.01127568
v -0.07750000 0.00809574 0.01127568
v -0.06350000 0.00819020 0.01124371
v -0.07750000 0.00819020 0.01124371
v -0.06350000 0.00828295 0.01120708
v -0.07750000 0.00828295 0.01120708
v -0.07750000 0.00837376 0.01116587
v -0.06350000 0.00837376 0.01116587
v -0.06350000 0.00846241 0.01112018
v -0.07750000 0.00846241 0.01112018
v -0.06350000 0.00854866 0.01107014
v -0.07750000 0.00854866 0.01107014
v -0.07750000 0.00863231 0.01101585
v -0.06350000 0.00863231 0.01101585
v -0.06350000 0.00871316 0.01095746
v -0.07750000 0.00871316 0.01095746
v -0.07750000 0.00879099 0.01089512
v -0.06350000 0.00879099 0.01089512
v -0.06350000 0.00886562 0.01082897
v -0.07750000 0.00886562 0.01082897
v -0.07750000 0.00893685 0.01075919
v -0.06350000 0.00893685 0.01075919
v -0.07750000 0.00900452 0.01068594
v -0.06350000 0.00900452 0.01068594
v -0.06350000 0.00906846 0.01060941
v -0.07750000 0.00906846 0.01060941
v -0.07750000 0.00912850 0.01052979
v -0.06350000 0.00912850 0.01052979
v -0.06350000 0.00918450 0.01044727
v -0.07750000 0.00918450 0.01044727
v -0.07750000 0.00923631 0.01036207
v -0.06350000 0.00923631 0.01036207
v -0.06350000 0.00928382 0.01027439
v -0.07750000 0.00928382 0.01027439
v -0.07750000 0.00932689 0.01018445
v -0.06350000 0.00932689 0.01018445
v -0.07750000 0.00424682 0.01065153
v -0.07750000 0.00431495 0.01081220
v -0.07750000 0.00439101 0.01096926
v -0.07750000 0.00418678 0.01048767
v -0.07750000 0.00447480 0.01112235
v -0.07750000 0.00413498 0.01032102
v -0.07750000 0.00456612 0.01127106
v -0.07750000 0.00409155 0.01015199
v -0.07750000 0.00466474 0.01141504
v -0.07750000 0.00477041 0.01155392
v -0.07750000 0.00405660 0.00998101
v -0.07750000 0.00401247 0.00963490
v -0.07750000 0.00403022 0.00980851
v -0.07750000 0.00488288 0.01168737
v -0.07750000 0.00500185 0.01181504
v -0.07750000 0.00400339 0.00946062
v -0.07750000 0.00512705 0.01193662
v -0.07750000 0.00400302 0.00928610
v -0.07750000 0.00525814 0.01205181
v -0.07750000 0.00401134 0.00911179
v -0.07750000 0.00539482 0.01216033
v -0.07750000 0.00405398 0.00876548
v -0.07750000 0.00402834 0.00893810
v -0.07750000 0.00553673 0.01226189
v -0.07750000 0.00568354 0.01235626
v -0.07750000 0.00583486 0.01244319
v -0.07750000 0.00408819 0.00859435
v -0.07750000 0.00413089 0.00842514
v -0.07750000 0.00599032 0.01252247
v -0.07750000 0.00418196 0.00825827
v -0.07750000 0.00614955 0.01259390
v -0.07750000 0.00424130 0.00809415
v -0.07750000 0.00631214 0.01265731
v -0.07750000 0.00430874 0.00793319
v -0.07750000 0.00647769 0.01271253
v -0.07750000 0.00438412 0.00777580
v -0.07750000 0.00664578 0.01275943
v -0.07750000 0.00681600 0.01279790
v -0.07750000 0.00446725 0.00762235
v -0.07750000 0.00455793 0.00747325
v -0.07750000 0.00698793 0.01282783
v -0.07750000 0.00465592 0.00732884
v -0.07750000 0.00716114 0.01284916
v -0.07750000 0.00733519 0.01286183
v -0.07750000 0.00476100 0.00718950
v -0.07750000 0.00487288 0.00705558
v -0.07750000 0.00750966 0.01286580
v -0.07750000 0.00511597 0.00680527
v -0.07750000 0.00499131 0.00692739
v -0.07750000 0.00768411 0.01286107
v -0.07750000 0.00785811 0.01284766
v -0.07750000 0.00803122 0.01282558
v -0.07750000 0.00524657 0.00668951
v -0.07750000 0.00820302 0.01279491
v -0.07750000 0.00538278 0.00658041
v -0.07750000 0.00552425 0.00647823
v -0.07750000 0.00837308 0.01275571
v -0.07750000 0.00582159 0.00629565
v -0.07750000 0.00567064 0.00638324
v -0.07750000 0.00854097 0.01270808
v -0.07750000 0.00870627 0.01265214
v -0.07750000 0.00597671 0.00621570
v -0.07750000 0.00886859 0.01258803
v -0.07750000 0.00613563 0.00614358
v -0.07750000 0.00902750 0.01251591
v -0.07750000 0.00629794 0.00607948
v -0.07750000 0.00918263 0.01243596
v -0.07750000 0.00646325 0.00602354
v -0.07750000 0.00933357 0.01234838
v -0.07750000 0.00663114 0.00597591
v -0.07750000 0.00947997 0.01225338
v -0.07750000 0.00680119 0.00593671
v -0.07750000 0.00962144 0.01215120
v -0.07750000 0.00697299 0.00590603
v -0.07750000 0.00975765 0.01204210
v -0.07750000 0.00714611 0.00588396
v -0.07750000 0.00988825 0.01192635
v -0.07750000 0.00732010 0.00587054
v -0.07750000 0.01001291 0.01180422
v -0.07750000 0.00749455 0.00586582
v -0.07750000 0.01013133 0.01167604
v -0.07750000 0.00766902 0.00586979
v -0.07750000 0.01024322 0.01154211
v -0.07750000 0.00784308 0.00588246
v -0.07750000 0.01034829 0.01140277
v -0.07750000 0.00801629 0.00590378
v -0.07750000 0.01044629 0.01125837
v -0.07750000 0.00818821 0.00593372
v -0.07750000 0.01053697 0.01110926
v -0.07750000 0.00835844 0.00597218
v -0.07750000 0.01062010 0.01095582
v -0.07750000 0.00852653 0.00601908
v -0.07750000 0.01069548 0.01079842
v -0.07750000 0.00869208 0.00607431
v -0.07750000 0.01076292 0.01063747
v -0.07750000 0.00885467 0.00613771
v -0.07750000 0.01082225 0.01047335
v -0.07750000 0.00901389 0.00620915
v -0.07750000 0.01087333 0.01030648
v -0.07750000 0.00916936 0.00628843
v -0.07750000 0.01091603 0.01013727
v -0.07750000 0.00932068 0.00637536
v -0.07750000 0.01095024 0.00996614
v -0.07750000 0.00946748 0.00646972
v -0.07750000 0.01097588 0.00979352
v -0.07750000 0.00960940 0.00657129
v -0.07750000 0.01099288 0.00961983
v -0.07750000 0.00974607 0.00667980
v -0.07750000 0.01100120 0.00944551
v -0.07750000 0.00987717 0.00679499
v -0.07750000 0.01100082 0.00927100
v -0.07750000 0.01000236 0.00691658
v -0.07750000 0.01099175 0.00909672
v -0.07750000 0.01012134 0.00704425
v -0.07750000 0.01097400 0.00892311
v -0.07750000 0.01023380 0.00717769
v -0.07750000 0.01094762 0.00875060
v -0.07750000 0.01033948 0.00731658
v -0.07750000 0.01091267 0.00857962
v -0.07750000 0.01043809 0.00746056
v -0.07750000 0.01086924 0.00841060
v -0.07750000 0.01052941 0.00760927
v -0.07750000 0.01081744 0.00824395
v -0.07750000 0.01061321 0.00776235
v -0.07750000 0.01075740 0.00808009
v -0.07750000 0.01068926 0.00791942
v -0.08150000 0.01076292 0.01063747
v -0.08150000 0.01082225 0.01047335
v -0.08150000 0.01087333 0.01030648
v -0.08150000 0.01091603 0.01013727
v -0.08150000 0.01095024 0.00996614
v -0.08150000 0.01097588 0.00979352
v -0.08150000 0.01099288 0.00961983
v -0.08150000 0.01100120 0.00944551
v -0.08150000 0.01100082 0.00927100
v -0.08150000 0.01099175 0.00909672
v -0.08150000 0.01097400 0.00892311
v -0.08150000 0.01094762 0.00875060
v -0.08150000 0.01091267 0.00857962
v -0.08150000 0.01086924 0.00841060
v -0.08150000 0.01081744 0.00824395
v -0.08150000 0.01075740 0.00808009
v -0.08150000 0.01068926 0.00791942
v -0.08150000 0.01061321 0.00776235
v -0.08150000 0.01052941 0.00760927
v -0.08150000 0.01043809 0.00746056
v -0.08150000 0.01033948 0.00731658
v -0.08150000 0.01023380 0.00717769
v -0.08150000 0.01012134 0.00704425
v -0.08150000 0.01000236 0.00691658
v -0.08150000 0.00987717 0.00679499
v -0.08150000 0.00974607 0.00667980
v -0.08150000 0.00960940 0.00657129
v -0.08150000 0.00946748 0.00646972
v -0.08150000 0.00932068 0.00637536
v -0.08150000 0.00916936 0.00628843
v -0.08150000 0.00901389 0.00620915
v -0.08150000 0.00885467 0.00613771
v -0.08150000 0.00869208 0.00607431
v -0.08150000 0.00852653 0.00601908
v -0.08150000 0.00835844 0.00597218
v -0.08150000 0.00818821 0.00593372
v -0.08150000 0.00801629 0.00590378
v -0.08150000 0.00784308 0.00588246
v -0.08150000 0.00766902 0.00586979
v -0.08150000 0.00749455 0.00586582
v -0.08150000 0.00732010 0.00587054
v -0.08150000 0.00714611 0.00588396
v -0.08150000 0.00697299 0.00590603
v -0.08150000 0.00680119 0.00593671
v -0.08150000 0.00663114 0.00597591
v -0.08150000 0.00646325 0.00602354
v -0.08150000 0.00629794 0.00607948
v -0.08150000 0.00613563 0.00614358
v -0.08150000 0.00597671 0.00621570
v -0.08150000 0.00582159 0.00629565
v -0.08150000 0.00567064 0.00638324
v -0.08150000 0.00552425 0.00647823
v -0.08150000 0.00538278 0.00658041
v -0.08150000 0.00524657 0.00668951
v -0.08150000 0.00511597 0.00680527
v -0.08150000 0.00499131 0.00692739
v -0.08150000 0.00487288 0.00705558
v -0.08150000 0.00476100 0.00718950
v -0.08150000 0.00465592 0.00732884
v -0.08150000 0.00455793 0.00747325
v -0.08150000 0.00446725 0.00762235
v -0.08150000 0.00438412 0.00777580
v -0.08150000 0.00430874 0.00793319
v -0.08150000 0.00424130 0.00809415
v -0.08150000 0.00418196 0.00825827
v -0.08150000 0.00413089 0.00842514
v -0.08150000 0.00408819 0.00859435
v -0.08150000 0.00405398 0.00876548
v -0.08150000 0.00402834 0.00893810
v -0.08150000 0.00401134 0.00911179
v -0.08150000 0.00400302 0.00928610
v -0.08150000 0.00400339 0.00946062
v -0.08150000 0.00401247 0.00963490
v -0.08150000 0.00403022 0.00980851
v -0.08150000 0.00405660 0.00998101
v -0.08150000 0.00409155 0.01015199
v -0.08150000 0.00413498 0.01032102
v -0.08150000 0.00418678 0.01048767
v -0.08150000 0.00424682 0.01065153
v -0.08150000 0.00431495 0.01081220
v -0.08150000 0.00439101 0.01096926
v -0.08150000 0.00447480 0.01112235
v -0.08150000 0.00456612 0.01127106
v -0.08150000 0.00466474 0.01141504
v -0.08150000 0.00477041 0.01155392
v -0.08150000 0.00488288 0.01168737
v -0.08150000 0.00500185 0.01181504
v -0.08150000 0.00512705 0.01193662
v -0.08150000 0.00525814 0.01205181
v -0.08150000 0.00539482 0.01216033
v -0.08150000 0.00553673 0.01226189
v -0.08150000 0.00568354 0.01235626
v -0.08150000 0.00583486 0.01244319
v -0.08150000 0.00599032 0.01252247
v -0.08150000 0.00614955 0.01259390
v -0.08150000 0.00631214 0.01265731
v -0.08150000 0.00647769 0.01271253
v -0.08150000 0.00664578 0.01275943
v -0.08150000 0.00681600 0.01279790
v -0.08150000 0.00698793 0.01282783
v -0.08150000 0.00716114 0.01284916
v -0.08150000 0.00733519 0.01286183
v -0.08150000 0.00750966 0.01286580
v -0.08150000 0.00768411 0.01286107
v -0.08150000 0.00785811 0.01284766
v -0.08150000 0.00803122 0.01282558
v -0.08150000 0.00820302 0.01279491
v -0.08150000 0.00837308 0.01275571
v -0.08150000 0.00854097 0.01270808
v -0.08150000 0.00870627 0.01265214
v -0.08150000 0.00886859 0.01258803
v -0.08150000 0.00902750 0.01251591
v -0.08150000 0.00918263 0.01243596
v -0.08150000 0.00933357 0.01234838
v -0.08150000 0.00947997 0.01225338
v -0.08150000 0.00962144 0.01215120
v -0.08150000 0.00975765 0.01204210
v -0.08150000 0.00988825 0.01192635
v -0.08150000 0.01001291 0.01180422
v -0.08150000 0.01013133 0.01167604
v -0.08150000 0.01024322 0.01154211
v -0.08150000 0.01034829 0.01140277
v -0.08150000 0.01044629 0.01125837
v -0.08150000 0.01053697 0.01110926
v -0.08150000 0.01062010 0.01095582
v -0.08150000 0.01069548 0.01079842
v -0.06350000 0.01375931 -0.00118123
v -0.06350000 0.01372540 -0.00108745
v -0.07750000 0.01372540 -0.00108745
v -0.07750000 0.01375931 -0.00118123
v -0.07750000 0.01378850 -0.00127659
v -0.06350000 0.01378850 -0.00127659
v -0.06350000 0.01381289 -0.00137328
v -0.07750000 0.01381289 -0.00137328
v -0.06350000 0.01383244 -0.00147107
v -0.07750000 0.01383244 -0.00147107
v -0.06350000 0.01384709 -0.00156971
v -0.07750000 0.01384709 -0.00156971
v -0.06350000 0.01385681 -0.00166896
v -0.07750000 0.01385681 -0.00166896
v -0.07750000 0.01386156 -0.00176857
v -0.06350000 0.01386156 -0.00176857
v -0.06350000 0.01386135 -0.00186829
v -0.07750000 0.01386135 -0.00186829
v -0.06350000 0.01385616 -0.00196788
v -0.07750000 0.01385616 -0.00196788
v -0.07750000 0.01384602 -0.00206708
v -0.06350000 0.01384602 -0.00206708
v -0.07750000 0.01383094 -0.00216566
v -0.06350000 0.01383094 -0.00216566
v -0.06350000 0.01381097 -0.00226336
v -0.07750000 0.01381097 -0.00226336
v -0.06350000 0.01378616 -0.00235995
v -0.07750000 0.01378616 -0.00235995
v -0.07750000 0.01375656 -0.00245518
v -0.06350000 0.01375656 -0.00245518
v -0.06350000 0.01372225 -0.00254881
v -0.07750000 0.01372225 -0.00254881
v -0.06350000 0.01368331 -0.00264062
v -0.07750000 0.01368331 -0.00264062
v -0.07750000 0.01363985 -0.00273037
v -0.06350000 0.01363985 -0.00273037
v -0.06350000 0.01359197 -0.00281785
v -0.07750000 0.01359197 -0.00281785
v -0.06350000 0.01353979 -0.00290283
v -0.07750000 0.01353979 -0.00290283
v -0.06350000 0.01348343 -0.00298510
v -0.07750000 0.01348343 -0.00298510
v -0.06350000 0.01342305 -0.00306446
v -0.07750000 0.01342305 -0.00306446
v -0.06350000 0.01335878 -0.00314072
v -0.07750000 0.01335878 -0.00314072
v -0.06350000 0.01329080 -0.00321367
v -0.07750000 0.01329080 -0.00321367
v -0.06350000 0.01321926 -0.00328315
v -0.07750000 0.01321926 -0.00328315
v -0.07750000 0.01314435 -0.00334897
v -0.06350000 0.01314435 -0.00334897
v -0.06350000 0.01306625 -0.00341098
v -0.07750000 0.01306625 -0.00341098
v -0.06350000 0.01298515 -0.00346902
v -0.07750000 0.01298515 -0.00346902
v -0.06350000 0.01290127 -0.00352294
v -0.07750000 0.01290127 -0.00352294
v -0.06350000 0.01281480 -0.00357262
v -0.07750000 0.01281480 -0.00357262
v -0.06350000 0.01272596 -0.00361792
v -0.07750000 0.01272596 -0.00361792
v -0.06350000 0.01263497 -0.00365874
v -0.07750000 0.01263497 -0.00365874
v -0.06350000 0.01254206 -0.00369497
v -0.07750000 0.01254206 -0.00369497
v -0.06350000 0.01244747 -0.00372653
v -0.07750000 0.01244747 -0.00372653
v -0.06350000 0.01235141 -0.00375333
v -0.07750000 0.01235141 -0.00375333
v -0.06350000 0.01225414 -0.00377531
v -0.07750000 0.01225414 -0.00377531
v -0.06350000 0.01215590 -0.00379241
v -0.07750000 0.01215590 -0.00379241
v -0.06350000 0.01205692 -0.00380460
v -0.07750000 0.01205692 -0.00380460
v -0.07750000 0.01195746 -0.00381184
v -0.06350000 0.01195746 -0.00381184
v -0.06350000 0.01185777 -0.00381411
v -0.07750000 0.01185777 -0.00381411
v -0.06350000 0.01175808 -0.00381141
v -0.07750000 0.01175808 -0.00381141
v -0.07750000 0.01165865 -0.00380374
v -0.06350000 0.01165865 -0.00380374
v -0.06350000 0.01155973 -0.00379113
v -0.07750000 0.01155973 -0.00379113
v -0.06350000 0.01146156 -0.00377360
v -0.07750000 0.01146156 -0.00377360
v -0.07750000 0.01136439 -0.00375120
v -0.06350000 0.01136439 -0.00375120
v -0.06350000 0.01126845 -0.00372398
v -0.07750000 0.01126845 -0.00372398
v -0.06350000 0.01117399 -0.00369202
v -0.07750000 0.01117399 -0.00369202
v -0.06350000 0.01108124 -0.00365538
v -0.07750000 0.01108124 -0.00365538
v -0.06350000 0.01099043 -0.00361417
v -0.07750000 0.01099043 -0.00361417
v -0.07750000 0.01090179 -0.00356849
v -0.06350000 0.01090179 -0.00356849
v -0.06350000 0.01081553 -0.00351844
v -0.07750000 0.01081553 -0.00351844
v -0.06350000 0.01073188 -0.00346415
v -0.07750000 0.01073188 -0.00346415
v -0.07750000 0.01065104 -0.00340577
v -0.06350000 0.01065104 -0.00340577
v -0.07750000 0.01057320 -0.00334342
v -0.06350000 0.01057320 -0.00334342
v -0.07750000 0.01049858 -0.00327728
v -0.06350000 0.01049858 -0.00327728
v -0.06350000 0.01042734 -0.00320749
v -0.07750000 0.01042734 -0.00320749
v -0.07750000 0.01035967 -0.00313424
v -0.06350000 0.01035967 -0.00313424
v -0.06350000 0.01029573 -0.00305771
v -0.07750000 0.01029573 -0.00305771
v -0.06350000 0.01023569 -0.00297809
v -0.07750000 0.01023569 -0.00297809
v -0.06350000 0.01017969 -0.00289558
v -0.07750000 0.01017969 -0.00289558
v -0.07750000 0.01012788 -0.00281037
v -0.06350000 0.01012788 -0.00281037
v -0.07750000 0.01008037 -0.00272269
v -0.06350000 0.01008037 -0.00272269
v -0.07750000 0.01003730 -0.00263275
v -0.06350000 0.01003730 -0.00263275
v -0.06350000 0.00999876 -0.00254077
v -0.07750000 0.00999876 -0.00254077
v -0.06350000 0.00996486 -0.00244699
v -0.07750000 0.00996486 -0.00244699
v -0.06350000 0.00993567 -0.00235164
v -0.07750000 0.00993567 -0.00235164
v -0.06350000 0.00991127 -0.00225495
v -0.07750000 0.00991127 -0.00225495
v -0.07750000 0.00989172 -0.00215716
v -0.06350000 0.00989172 -0.00215716
v -0.07750000 0.00987707 -0.00205852
v -0.06350000 0.00987707 -0.00205852
v -0.06350000 0.00986736 -0.00195927
v -0.07750000 0.00986736 -0.00195927
v -0.06350000 0.00986260 -0.00185966
v -0.07750000 0.00986260 -0.00185966
v -0.07750000 0.00986282 -0.00175994
v -0.06350000 0.00986282 -0.00175994
v -0.06350000 0.00986800 -0.00166035
v -0.07750000 0.00986800 -0.00166035
v -0.06350000 0.00987815 -0.00156114
v -0.07750000 0.00987815 -0.00156114
v -0.07750000 0.00989322 -0.00146257
v -0.06350000 0.00989322 -0.00146257
v -0.07750000 0.00991319 -0.00136486
v -0.06350000 0.00991319 -0.00136486
v -0.06350000 0.00993801 -0.00126828
v -0.07750000 0.00993801 -0.00126828
v -0.07750000 0.00996761 -0.00117305
v -0.06350000 0.00996761 -0.00117305
v -0.06350000 0.01000192 -0.00107941
v -0.07750000 0.01000192 -0.00107941
v -0.06350000 0.01004085 -0.00098761
v -0.07750000 0.01004085 -0.00098761
v -0.07750000 0.01008431 -0.00089785
v -0.06350000 0.01008431 -0.00089785
v -0.06350000 0.01013219 -0.00081038
v -0.07750000 0.01013219 -0.00081038
v -0.07750000 0.01018438 -0.00072540
v -0.06350000 0.01018438 -0.00072540
v -0.06350000 0.01024073 -0.00064312
v -0.07750000 0.01024073 -0.00064312
v -0.06350000 0.01030111 -0.00056376
v -0.07750000 0.01030111 -0.00056376
v -0.06350000 0.01036538 -0.00048751
v -0.07750000 0.01036538 -0.00048751
v -0.06350000 0.01043337 -0.00041455
v -0.07750000 0.01043337 -0.00041455
v -0.07750000 0.01050490 -0.00034508
v -0.06350000 0.01050490 -0.00034508
v -0.06350000 0.01057982 -0.00027925
v -0.07750000 0.01057982 -0.00027925
v -0.06350000 0.01065792 -0.00021724
v -0.07750000 0.01065792 -0.00021724
v -0.06350000 0.01073901 -0.00015921
v -0.07750000 0.01073901 -0.00015921
v -0.06350000 0.01082290 -0.00010528
v -0.07750000 0.01082290 -0.00010528
v -0.06350000 0.01090937 -0.00005561
v -0.07750000 0.01090937 -0.00005561
v -0.07750000 0.01099821 -0.00001031
v -0.06350000 0.01099821 -0.00001031
v -0.06350000 0.01108919 0.00003051
v -0.07750000 0.01108919 0.00003051
v -0.06350000 0.01118210 0.00006674
v -0.07750000 0.01118210 0.00006674
v -0.06350000 0.01127670 0.00009830
v -0.07750000 0.01127670 0.00009830
v -0.06350000 0.01137275 0.00012510
v -0.07750000 0.01137275 0.00012510
v -0.06350000 0.01147002 0.00014708
v -0.07750000 0.01147002 0.00014708
v -0.06350000 0.01156827 0.00016419
v -0.07750000 0.01156827 0.00016419
v -0.06350000 0.01166724 0.00017637
v -0.07750000 0.01166724 0.00017637
v -0.06350000 0.01176670 0.00018361
v -0.07750000 0.01176670 0.00018361
v -0.06350000 0.01186640 0.00018588
v -0.07750000 0.01186640 0.00018588
v -0.07750000 0.01196608 0.00018318
v -0.06350000 0.01196608 0.00018318
v -0.06350000 0.01206551 0.00017551
v -0.07750000 0.01206551 0.00017551
v -0.06350000 0.01216443 0.00016290
v -0.07750000 0.01216443 0.00016290
v -0.06350000 0.01226260 0.00014537
v -0.07750000 0.01226260 0.00014537
v -0.07750000 0.01235978 0.00012297
v -0.06350000 0.01235978 0.00012297
v -0.06350000 0.01245572 0.00009576
v -0.07750000 0.01245572 0.00009576
v -0.06350000 0.01255018 0.00006379
v -0.07750000 0.01255018 0.00006379
v -0.06350000 0.01264293 0.00002716
v -0.07750000 0.01264293 0.00002716
v -0.07750000 0.01273374 -0.00001405
v -0.06350000 0.01273374 -0.00001405
v -0.06350000 0.01282238 -0.00005974
v -0.07750000 0.01282238 -0.00005974
v -0.06350000 0.01290863 -0.00010979
v -0.07750000 0.01290863 -0.00010979
v -0.07750000 0.01299229 -0.00016407
v -0.06350000 0.01299229 -0.00016407
v -0.06350000 0.01307313 -0.00022246
v -0.07750000 0.01307313 -0.00022246
v -0.07750000 0.01315096 -0.00028480
v -0.06350000 0.01315096 -0.00028480
v -0.06350000 0.01322559 -0.00035095
v -0.07750000 0.01322559 -0.00035095
v -0.07750000 0.01329683 -0.00042073
v -0.06350000 0.01329683 -0.00042073
v -0.07750000 0.01336450 -0.00049398
v -0.06350000 0.01336450 -0.00049398
v -0.06350000 0.01342843 -0.00057051
v -0.07750000 0.01342843 -0.00057051
v -0.07750000 0.01348847 -0.00065013
v -0.06350000 0.01348847 -0.00065013
v -0.06350000 0.01354447 -0.00073265
v -0.07750000 0.01354447 -0.00073265
v -0.07750000 0.01359629 -0.00081785
v -0.06350000 0.01359629 -0.00081785
v -0.06350000 0.01364379 -0.00090553
v -0.07750000 0.01364379 -0.00090553
v -0.07750000 0.01368686 -0.00099547
v -0.06350000 0.01368686 -0.00099547
v -0.07750000 0.00867493 -0.00036773
v -0.07750000 0.00860679 -0.00052839
v -0.07750000 0.00875098 -0.00021066
v -0.07750000 0.00854675 -0.00069225
v -0.07750000 0.00883478 -0.00005757
v -0.07750000 0.00849495 -0.00085890
v -0.07750000 0.00892610 0.00009114
v -0.07750000 0.00845152 -0.00102793
v -0.07750000 0.00902472 0.00023512
v -0.07750000 0.00841657 -0.00119891
v -0.07750000 0.00913039 0.00037400
v -0.07750000 0.00839019 -0.00137142
v -0.07750000 0.00924285 0.00050745
v -0.07750000 0.00837244 -0.00154503
v -0.07750000 0.00936183 0.00063512
v -0.07750000 0.00836337 -0.00171930
v -0.07750000 0.00948702 0.00075670
v -0.07750000 0.00836299 -0.00189382
v -0.07750000 0.00961812 0.00087189
v -0.07750000 0.00837131 -0.00206813
v -0.07750000 0.00975479 0.00098041
v -0.07750000 0.00838831 -0.00224182
v -0.07750000 0.00989671 0.00108197
v -0.07750000 0.00841395 -0.00241444
v -0.07750000 0.01004351 0.00117634
v -0.07750000 0.00844816 -0.00258557
v -0.07750000 0.01019483 0.00126327
v -0.07750000 0.00849086 -0.00275478
v -0.07750000 0.01035030 0.00134255
v -0.07750000 0.00854194 -0.00292165
v -0.07750000 0.01050952 0.00141398
v -0.07750000 0.00860127 -0.00308577
v -0.07750000 0.01067211 0.00147739
v -0.07750000 0.00866871 -0.00324673
v -0.07750000 0.01083766 0.00153261
v -0.07750000 0.00882722 -0.00355757
v -0.07750000 0.00874409 -0.00340412
v -0.07750000 0.01100575 0.00157951
v -0.07750000 0.01117598 0.00161798
v -0.07750000 0.00891790 -0.00370667
v -0.07750000 0.01134791 0.00164791
v -0.07750000 0.00901590 -0.00385108
v -0.07750000 0.01152111 0.00166924
v -0.07750000 0.01169517 0.00168191
v -0.07750000 0.00912097 -0.00399042
v -0.07750000 0.00923286 -0.00412434
v -0.07750000 0.01186964 0.00168588
v -0.07750000 0.00935128 -0.00425253
v -0.07750000 0.01204409 0.00168115
v -0.07750000 0.01221809 0.00166773
v -0.07750000 0.00947595 -0.00437465
v -0.07750000 0.00960654 -0.00449041
v -0.07750000 0.01239120 0.00164566
v -0.07750000 0.00974275 -0.00459951
v -0.07750000 0.01256300 0.00161499
v -0.07750000 0.00988423 -0.00470169
v -0.07750000 0.01273305 0.00157579
v -0.07750000 0.01003062 -0.00479668
v -0.07750000 0.01290094 0.00152816
v -0.07750000 0.01018156 -0.00488427
v -0.07750000 0.01306625 0.00147222
v -0.07750000 0.01033669 -0.00496422
v -0.07750000 0.01322856 0.00140811
v -0.07750000 0.01049560 -0.00503634
v -0.07750000 0.01338748 0.00133599
v -0.07750000 0.01065792 -0.00510045
v -0.07750000 0.01354260 0.00125604
v -0.07750000 0.01082322 -0.00515638
v -0.07750000 0.01369355 0.00116846
v -0.07750000 0.01099111 -0.00520401
v -0.07750000 0.01383994 0.00107346
v -0.07750000 0.01116117 -0.00524321
v -0.07750000 0.01398141 0.00097128
v -0.07750000 0.01133297 -0.00527389
v -0.07750000 0.01411762 0.00086218
v -0.07750000 0.01150608 -0.00529596
v -0.07750000 0.01424822 0.00074643
v -0.07750000 0.01168008 -0.00530938
v -0.07750000 0.01437288 0.00062430
v -0.07750000 0.01185453 -0.00531410
v -0.07750000 0.01449131 0.00049612
v -0.07750000 0.01202900 -0.00531013
v -0.07750000 0.01460320 0.00036219
v -0.07750000 0.01220305 -0.00529746
v -0.07750000 0.01470827 0.00022285
v -0.07750000 0.01237626 -0.00527614
v -0.07750000 0.01480626 0.00007845
v -0.07750000 0.01254819 -0.00524620
v -0.07750000 0.01489694 -0.00007066
v -0.07750000 0.01271841 -0.00520774
v -0.07750000 0.01498007 -0.00022410
v -0.07750000 0.01288650 -0.00516084
v -0.07750000 0.01505545 -0.00038150
v -0.07750000 0.01305205 -0.00510561
v -0.07750000 0.01512289 -0.00054245
v -0.07750000 0.01321464 -0.00504221
v -0.07750000 0.01518223 -0.00070657
v -0.07750000 0.01337387 -0.00497077
v -0.07750000 0.01523331 -0.00087344
v -0.07750000 0.01352933 -0.00489149
v -0.07750000 0.01527600 -0.00104266
v -0.07750000 0.01368066 -0.00480456
v -0.07750000 0.01531021 -0.00121378
v -0.07750000 0.01382746 -0.00471020
v -0.07750000 0.01533585 -0.00138641
v -0.07750000 0.01396937 -0.00460863
v -0.07750000 0.01535285 -0.00156009
v -0.07750000 0.01410605 -0.00450012
v -0.07750000 0.01536117 -0.00173441
v -0.07750000 0.01423714 -0.00438493
v -0.07750000 0.01536080 -0.00190892
v -0.07750000 0.01436234 -0.00426334
v -0.07750000 0.01535172 -0.00208320
v -0.07750000 0.01448131 -0.00413567
v -0.07750000 0.01533397 -0.00225681
v -0.07750000 0.01459378 -0.00400223
v -0.07750000 0.01530759 -0.00242932
v -0.07750000 0.01469945 -0.00386334
v -0.07750000 0.01527264 -0.00260030
v -0.07750000 0.01479807 -0.00371937
v -0.07750000 0.01522921 -0.00276932
v -0.07750000 0.01488939 -0.00357065
v -0.07750000 0.01517741 -0.00293597
v -0.07750000 0.01497318 -0.00341757
v -0.07750000 0.01511737 -0.00309983
v -0.07750000 0.01504924 -0.00326050
v -0.08150000 0.01512289 -0.00054245
v -0.08150000 0.01518223 -0.00070657
v -0.08150000 0.01523331 -0.00087344
v -0.08150000 0.01527600 -0.00104266
v -0.08150000 0.01531021 -0.00121378
v -0.08150000 0.01533585 -0.00138641
v -0.08150000 0.01535285 -0.00156009
v -0.08150000 0.01536117 -0.00173441
v -0.08150000 0.01536080 -0.00190892
v -0.08150000 0.01535172 -0.00208320
v -0.08150000 0.01533397 -0.00225681
v -0.08150000 0.01530759 -0.00242932
v -0.08150000 0.01527264 -0.00260030
v -0.08150000 0.01522921 -0.00276932
v -0.08150000 0.01517741 -0.00293597
v -0.08150000 0.01511737 -0.00309983
v -0.08150000 0.01504924 -0.00326050
v -0.08150000 0.01497318 -0.00341757
v -0.08150000 0.01488939 -0.00357065
v -0.08150000 0.01479807 -0.00371937
v -0.08150000 0.01469945 -0.00386334
v -0.08150000 0.01459378 -0.00400223
v -0.08150000 0.01448131 -0.00413567
v -0.08150000 0.01436234 -0.00426334
v -0.08150000 0.01423714 -0.00438493
v -0.08150000 0.01410605 -0.00450012
v -0.08150000 0.01396937 -0.00460863
v -0.08150000 0.01382746 -0.00471020
v -0.08150000 0.01368066 -0.00480456
v -0.08150000 0.01352933 -0.00489149
v -0.08150000 0.01337387 -0.00497077
v -0.08150000 0.01321464 -0.00504221
v -0.08150000 0.01305205 -0.00510561
v -0.08150000 0.01288650 -0.00516084
v -0.08150000 0.01271841 -0.00520774
v -0.08150000 0.01254819 -0.00524620
v -0.08150000 0.01237626 -0.00527614
v -0.08150000 0.01220305 -0.00529746
v -0.08150000 0.01202900 -0.00531013
v -0.08150000 0.01185453 -0.00531410
v -0.08150000 0.01168008 -0.00530938
v -0.08150000 0.01150608 -0.00529596
v -0.08150000 0.01133297 -0.00527389
v -0.08150000 0.01116117 -0.00524321
v -0.08150000 0.01099111 -0.00520401
v -0.08150000 0.01082322 -0.00515638
v -0.08150000 0.01065792 -0.00510045
v -0.08150000 0.01049560 -0.00503634
v -0.08150000 0.01033669 -0.00496422
v -0.08150000 0.01018156 -0.00488427
v -0.08150000 0.01003062 -0.00479668
v -0.08150000 0.00988423 -0.00470169
v -0.08150000 0.00974275 -0.00459951
v -0.08150000 0.00960654 -0.00449041
v -0.08150000 0.00947595 -0.00437465
v -0.08150000 0.00935128 -0.00425253
v -0.08150000 0.00923286 -0.00412434
v -0.08150000 0.00912097 -0.00399042
v -0.08150000 0.00901590 -0.00385108
v -0.08150000 0.00891790 -0.00370667
v -0.08150000 0.00882722 -0.00355757
v -0.08150000 0.00874409 -0.00340412
v -0.08150000 0.00866871 -0.00324673
v -0.08150000 0.00860127 -0.00308577
v -0.08150000 0.00854194 -0.00292165
v -0.08150000 0.00849086 -0.00275478
v -0.08150000 0.00844816 -0.00258557
v -0.08150000 0.00841395 -0.00241444
v -0.08150000 0.00838831 -0.00224182
v -0.08150000 0.00837131 -0.00206813
v -0.08150000 0.00836299 -0.00189382
v -0.08150000 0.00836337 -0.00171930
v -0.08150000 0.00837244 -0.00154503
v -0.08150000 0.00839019 -0.00137142
v -0.08150000 0.00841657 -0.00119891
v -0.08150000 0.00845152 -0.00102793
v -0.08150000 0.00849495 -0.00085890
v -0.08150000 0.00854675 -0.00069225
v -0.08150000 0.00860679 -0.00052839
v -0.08150000 0.00867493 -0.00036773
v -0.08150000 0.00875098 -0.00021066
v -0.08150000 0.00883478 -0.00005757
v -0.08150000 0.00892610 0.00009114
v -0.08150000 0.00902472 0.00023512
v -0.08150000 0.00913039 0.00037400
v -0.08150000 0.00924285 0.00050745
v -0.08150000 0.00936183 0.00063512
v -0.08150000 0.00948702 0.00075670
v -0.08150000 0.00961812 0.00087189
v -0.08150000 0.00975479 0.00098041
v -0.08150000 0.00989671 0.00108197
v -0.08150000 0.01004351 0.00117634
v -0.08150000 0.01019483 0.00126327
v -0.08150000 0.01035030 0.00134255
v -0.08150000 0.01050952 0.00141398
v -0.08150000 0.01067211 0.00147739
v -0.08150000 0.01083766 0.00153261
v -0.08150000 0.01100575 0.00157951
v -0.08150000 0.01117598 0.00161798
v -0.08150000 0.01134791 0.00164791
v -0.08150000 0.01152111 0.00166924
v -0.08150000 0.01169517 0.00168191
v -0.08150000 0.01186964 0.00168588
v -0.08150000 0.01204409 0.00168115
v -0.08150000 0.01221809 0.00166773
v -0.08150000 0.01239120 0.00164566
v -0.08150000 0.01256300 0.00161499
v -0.08150000 0.01273305 0.00157579
v -0.08150000 0.01290094 0.00152816
v -0.08150000 0.01306625 0.00147222
v -0.08150000 0.01322856 0.00140811
v -0.08150000 0.01338748 0.00133599
v -0.08150000 0.01354260 0.00125604
v -0.08150000 0.01369355 0.00116846
v -0.08150000 0.01383994 0.00107346
v -0.08150000 0.01398141 0.00097128
v -0.08150000 0.01411762 0.00086218
v -0.08150000 0.01424822 0.00074643
v -0.08150000 0.01437288 0.00062430
v -0.08150000 0.01449131 0.00049612
v -0.08150000 0.01460320 0.00036219
v -0.08150000 0.01470827 0.00022285
v -0.08150000 0.01480626 0.00007845
v -0.08150000 0.01489694 -0.00007066
v -0.08150000 0.01498007 -0.00022410
v -0.08150000 0.01505545 -0.00038150
v -0.06350000 0.00625720 -0.01054704
v -0.06350000 0.00622329 -0.01045326
v -0.07750000 0.00622329 -0.01045326
v -0.07750000 0.00625720 -0.01054704
v -0.07750000 0.00628639 -0.01064240
v -0.06350000 0.00628639 -0.01064240
v -0.06350000 0.00631079 -0.01073909
v -0.07750000 0.00631079 -0.01073909
v -0.06350000 0.00633033 -0.01083688
v -0.07750000 0.00633033 -0.01083688
v -0.06350000 0.00634498 -0.01093552
v -0.07750000 0.00634498 -0.01093552
v -0.06350000 0.00635470 -0.01103477
v -0.07750000 0.00635470 -0.01103477
v -0.07750000 0.00635945 -0.01113437
v -0.06350000 0.00635945 -0.01113437
v -0.06350000 0.00635924 -0.01123410
v -0.07750000 0.00635924 -0.01123410
v -0.06350000 0.00635405 -0.01133369
v -0.07750000 0.00635405 -0.01133369
v -0.07750000 0.00634391 -0.01143289
v -0.06350000 0.00634391 -0.01143289
v -0.07750000 0.00632883 -0.01153147
v -0.06350000 0.00632883 -0.01153147
v -0.06350000 0.00630886 -0.01162917
v -0.07750000 0.00630886 -0.01162917
v -0.06350000 0.00628405 -0.01172576
v -0.07750000 0.00628405 -0.01172576
v -0.07750000 0.00625445 -0.01182098
v -0.06350000 0.00625445 -0.01182098
v -0.06350000 0.00622014 -0.01191462
v -0.07750000 0.00622014 -0.01191462
v -0.06350000 0.00618121 -0.01200643
v -0.07750000 0.00618121 -0.01200643
v -0.07750000 0.00613774 -0.01209618
v -0.06350000 0.00613774 -0.01209618
v -0.06350000 0.00608986 -0.01218366
v -0.07750000 0.00608986 -0.01218366
v -0.06350000 0.00603768 -0.01226864
v -0.07750000 0.00603768 -0.01226864
v -0.06350000 0.00598133 -0.01235091
v -0.07750000 0.00598133 -0.01235091
v -0.06350000 0.00592094 -0.01243027
v -0.07750000 0.00592094 -0.01243027
v -0.06350000 0.00585668 -0.01250653
v -0.07750000 0.00585668 -0.01250653
v -0.06350000 0.00578869 -0.01257948
v -0.07750000 0.00578869 -0.01257948
v -0.06350000 0.00571715 -0.01264896
v -0.07750000 0.00571715 -0.01264896
v -0.07750000 0.00564224 -0.01271478
v -0.06350000 0.00564224 -0.01271478
v -0.06350000 0.00556414 -0.01277679
v -0.07750000 0.00556414 -0.01277679
v -0.06350000 0.00548304 -0.01283483
v -0.07750000 0.00548304 -0.01283483
v -0.06350000 0.00539916 -0.01288875
v -0.07750000 0.00539916 -0.01288875
v -0.06350000 0.00531269 -0.01293842
v -0.07750000 0.00531269 -0.01293842
v -0.06350000 0.00522385 -0.01298373
v -0.07750000 0.00522385 -0.01298373
v -0.06350000 0.00513286 -0.01302455
v -0.07750000 0.00513286 -0.01302455
v -0.06350000 0.00503996 -0.01306078
v -0.07750000 0.00503996 -0.01306078
v -0.06350000 0.00494536 -0.01309233
v -0.07750000 0.00494536 -0.01309233
v -0.06350000 0.00484930 -0.01311914
v -0.07750000 0.00484930 -0.01311914
v -0.06350000 0.00475203 -0.01314112
v -0.07750000 0.00475203 -0.01314112
v -0.06350000 0.00465379 -0.01315822
v -0.07750000 0.00465379 -0.01315822
v -0.06350000 0.00455481 -0.01317041
v -0.07750000 0.00455481 -0.01317041
v -0.07750000 0.00445535 -0.01317765
v -0.06350000 0.00445535 -0.01317765
v -0.06350000 0.00435566 -0.01317992
v -0.07750000 0.00435566 -0.01317992
v -0.06350000 0.00425597 -0.01317721
v -0.07750000 0.00425597 -0.01317721
v -0.07750000 0.00415654 -0.01316955
v -0.06350000 0.00415654 -0.01316955
v -0.06350000 0.00405762 -0.01315693
v -0.07750000 0.00405762 -0.01315693
v -0.06350000 0.00395945 -0.01313941
v -0.07750000 0.00395945 -0.01313941
v -0.07750000 0.00386228 -0.01311701
v -0.06350000 0.00386228 -0.01311701
v -0.06350000 0.00376634 -0.01308979
v -0.07750000 0.00376634 -0.01308979
v -0.06350000 0.00367188 -0.01305783
v -0.07750000 0.00367188 -0.01305783
v -0.06350000 0.00357913 -0.01302119
v -0.07750000 0.00357913 -0.01302119
v -0.06350000 0.00348832 -0.01297998
v -0.07750000 0.00348832 -0.01297998
v -0.07750000 0.00339968 -0.01293430
v -0.06350000 0.00339968 -0.01293430
v -0.06350000 0.00331342 -0.01288425
v -0.07750000 0.00331342 -0.01288425
v -0.06350000 0.00322977 -0.01282996
v -0.07750000 0.00322977 -0.01282996
v -0.07750000 0.00314893 -0.01277158
v -0.06350000 0.00314893 -0.01277158
v -0.07750000 0.00307109 -0.01270923
v -0.06350000 0.00307109 -0.01270923
v -0.07750000 0.00299647 -0.01264309
v -0.06350000 0.00299647 -0.01264309
v -0.06350000 0.00292523 -0.01257330
v -0.07750000 0.00292523 -0.01257330
v -0.07750000 0.00285756 -0.01250005
v -0.06350000 0.00285756 -0.01250005
v -0.06350000 0.00279362 -0.01242352
v -0.07750000 0.00279362 -0.01242352
v -0.06350000 0.00273358 -0.01234390
v -0.07750000 0.00273358 -0.01234390
v -0.06350000 0.00267758 -0.01226138
v -0.07750000 0.00267758 -0.01226138
v -0.07750000 0.00262577 -0.01217618
v -0.06350000 0.00262577 -0.01217618
v -0.07750000 0.00257826 -0.01208850
v -0.06350000 0.00257826 -0.01208850
v -0.07750000 0.00253519 -0.01199856
v -0.06350000 0.00253519 -0.01199856
v -0.06350000 0.00249665 -0.01190658
v -0.07750000 0.00249665 -0.01190658
v -0.06350000 0.00246275 -0.01181280
v -0.07750000 0.00246275 -0.01181280
v -0.06350000 0.00243356 -0.01171745
v -0.07750000 0.00243356 -0.01171745
v -0.06350000 0.00240916 -0.01162075
v -0.07750000 0.00240916 -0.01162075
v -0.07750000 0.00238961 -0.01152297
v -0.06350000 0.00238961 -0.01152297
v -0.07750000 0.00237496 -0.01142432
v -0.06350000 0.00237496 -0.01142432
v -0.06350000 0.00236525 -0.01132508
v -0.07750000 0.00236525 -0.01132508
v -0.06350000 0.00236049 -0.01122547
v -0.07750000 0.00236049 -0.01122547
v -0.07750000 0.00236071 -0.01112574
v -0.06350000 0.00236071 -0.01112574
v -0.06350000 0.00236589 -0.01102616
v -0.07750000 0.00236589 -0.01102616
v -0.06350000 0.00237604 -0.01092695
v -0.07750000 0.00237604 -0.01092695
v -0.07750000 0.00239111 -0.01082837
v -0.06350000 0.00239111 -0.01082837
v -0.07750000 0.00241108 -0.01073067
v -0.06350000 0.00241108 -0.01073067
v -0.06350000 0.00243590 -0.01063409
v -0.07750000 0.00243590 -0.01063409
v -0.07750000 0.00246550 -0.01053886
v -0.06350000 0.00246550 -0.01053886
v -0.06350000 0.00249981 -0.01044522
v -0.07750000 0.00249981 -0.01044522
v -0.06350000 0.00253874 -0.01035341
v -0.07750000 0.00253874 -0.01035341
v -0.07750000 0.00258220 -0.01026366
v -0.06350000 0.00258220 -0.01026366
v -0.06350000 0.00263009 -0.01017619
v -0.07750000 0.00263009 -0.01017619
v -0.07750000 0.00268227 -0.01009120
v -0.06350000 0.00268227 -0.01009120
v -0.06350000 0.00273862 -0.01000893
v -0.07750000 0.00273862 -0.01000893
v -0.06350000 0.00279901 -0.00992957
v -0.07750000 0.00279901 -0.00992957
v -0.06350000 0.00286327 -0.00985332
v -0.07750000 0.00286327 -0.00985332
v -0.06350000 0.00293126 -0.00978036
v -0.07750000 0.00293126 -0.00978036
v -0.07750000 0.00300280 -0.00971088
v -0.06350000 0.00300280 -0.00971088
v -0.06350000 0.00307771 -0.00964506
v -0.07750000 0.00307771 -0.00964506
v -0.06350000 0.00315581 -0.00958305
v -0.07750000 0.00315581 -0.00958305
v -0.06350000 0.00323690 -0.00952502
v -0.07750000 0.00323690 -0.00952502
v -0.06350000 0.00332079 -0.00947109
v -0.07750000 0.00332079 -0.00947109
v -0.06350000 0.00340726 -0.00942142
v -0.07750000 0.00340726 -0.00942142
v -0.07750000 0.00349610 -0.00937611
v -0.06350000 0.00349610 -0.00937611
v -0.06350000 0.00358708 -0.00933530
v -0.07750000 0.00358708 -0.00933530
v -0.06350000 0.00367999 -0.00929906
v -0.07750000 0.00367999 -0.00929906
v -0.06350000 0.00377459 -0.00926751
v -0.07750000 0.00377459 -0.00926751
v -0.06350000 0.00387064 -0.00924071
v -0.07750000 0.00387064 -0.00924071
v -0.06350000 0.00396791 -0.00921873
v -0.07750000 0.00396791 -0.00921873
v -0.06350000 0.00406616 -0.00920162
v -0.07750000 0.00406616 -0.00920162
v -0.06350000 0.00416513 -0.00918943
v -0.07750000 0.00416513 -0.00918943
v -0.06350000 0.00426459 -0.00918220
v -0.07750000 0.00426459 -0.00918220
v -0.06350000 0.00436429 -0.00917993
v -0.07750000 0.00436429 -0.00917993
v -0.07750000 0.00446398 -0.00918263
v -0.06350000 0.00446398 -0.00918263
v -0.06350000 0.00456340 -0.00919029
v -0.07750000 0.00456340 -0.00919029
v -0.06350000 0.00466233 -0.00920291
v -0.07750000 0.00466233 -0.00920291
v -0.06350000 0.00476050 -0.00922044
v -0.07750000 0.00476050 -0.00922044
v -0.07750000 0.00485767 -0.00924284
v -0.06350000 0.00485767 -0.00924284
v -0.06350000 0.00495361 -0.00927005
v -0.07750000 0.00495361 -0.00927005
v -0.06350000 0.00504807 -0.00930202
v -0.07750000 0.00504807 -0.00930202
v -0.06350000 0.00514082 -0.00933865
v -0.07750000 0.00514082 -0.00933865
v -0.07750000 0.00523163 -0.00937986
v -0.06350000 0.00523163 -0.00937986
v -0.06350000 0.00532027 -0.00942555
v -0.07750000 0.00532027 -0.00942555
v -0.06350000 0.00540652 -0.00947559
v -0.07750000 0.00540652 -0.00947559
v -0.07750000 0.00549018 -0.00952988
v -0.06350000 0.00549018 -0.00952988
v -0.06350000 0.00557102 -0.00958827
v -0.07750000 0.00557102 -0.00958827
v -0.07750000 0.00564885 -0.00965061
v -0.06350000 0.00564885 -0.00965061
v -0.06350000 0.00572348 -0.00971676
v -0.07750000 0.00572348 -0.00971676
v -0.07750000 0.00579472 -0.00978654
v -0.06350000 0.00579472 -0.00978654
v -0.07750000 0.00586239 -0.00985979
v -0.06350000 0.00586239 -0.00985979
v -0.06350000 0.00592632 -0.00993632
v -0.07750000 0.00592632 -0.00993632
v -0.07750000 0.00598637 -0.01001594
v -0.06350000 0.00598637 -0.01001594
v -0.06350000 0.00604236 -0.01009846
v -0.07750000 0.00604236 -0.01009846
v -0.07750000 0.00609418 -0.01018366
v -0.06350000 0.00609418 -0.01018366
v -0.06350000 0.00614168 -0.01027134
v -0.07750000 0.00614168 -0.01027134
v -0.07750000 0.00618476 -0.01036128
v -0.06350000 0.00618476 -0.01036128
v -0.07750000 0.00117282 -0.00973353
v -0.07750000 0.00110468 -0.00989420
v -0.07750000 0.00124888 -0.00957647
v -0.07750000 0.00104464 -0.01005806
v -0.07750000 0.00133267 -0.00942338
v -0.07750000 0.00099284 -0.01022471
v -0.07750000 0.00142399 -0.00927467
v -0.07750000 0.00094941 -0.01039373
v -0.07750000 0.00152261 -0.00913069
v -0.07750000 0.00091447 -0.01056471
v -0.07750000 0.00162828 -0.00899181
v -0.07750000 0.00088808 -0.01073722
v -0.07750000 0.00174074 -0.00885836
v -0.07750000 0.00087033 -0.01091083
v -0.07750000 0.00185972 -0.00873069
v -0.07750000 0.00086126 -0.01108511
v -0.07750000 0.00198491 -0.00860911
v -0.07750000 0.00086088 -0.01125963
v -0.07750000 0.00211601 -0.00849392
v -0.07750000 0.00086920 -0.01143394
v -0.07750000 0.00225268 -0.00838540
v -0.07750000 0.00088621 -0.01160763
v -0.07750000 0.00239460 -0.00828384
v -0.07750000 0.00091184 -0.01178025
v -0.07750000 0.00254140 -0.00818947
v -0.07750000 0.00094605 -0.01195138
v -0.07750000 0.00269272 -0.00810254
v -0.07750000 0.00098875 -0.01212059
v -0.07750000 0.00284819 -0.00802326
v -0.07750000 0.00103983 -0.01228746
v -0.07750000 0.00300742 -0.00795183
v -0.07750000 0.00109916 -0.01245158
v -0.07750000 0.00317000 -0.00788842
v -0.07750000 0.00116660 -0.01261254
v -0.07750000 0.00333555 -0.00783320
v -0.07750000 0.00132511 -0.01292338
v -0.07750000 0.00124198 -0.01276993
v -0.07750000 0.00350364 -0.00778629
v -0.07750000 0.00367387 -0.00774783
v -0.07750000 0.00141579 -0.01307248
v -0.07750000 0.00384580 -0.00771790
v -0.07750000 0.00151379 -0.01321689
v -0.07750000 0.00401900 -0.00769657
v -0.07750000 0.00419306 -0.00768390
v -0.07750000 0.00161886 -0.01335622
v -0.07750000 0.00173075 -0.01349015
v -0.07750000 0.00436753 -0.00767993
v -0.07750000 0.00184917 -0.01361834
v -0.07750000 0.00454198 -0.00768466
v -0.07750000 0.00471598 -0.00769807
v -0.07750000 0.00197384 -0.01374046
v -0.07750000 0.00210444 -0.01385621
v -0.07750000 0.00488909 -0.00772015
v -0.07750000 0.00224064 -0.01396532
v -0.07750000 0.00506089 -0.00775082
v -0.07750000 0.00238212 -0.01406749
v -0.07750000 0.00523094 -0.00779002
v -0.07750000 0.00252851 -0.01416249
v -0.07750000 0.00539883 -0.00783765
v -0.07750000 0.00267945 -0.01425008
v -0.07750000 0.00556414 -0.00789359
v -0.07750000 0.00283458 -0.01433003
v -0.07750000 0.00572645 -0.00795770
v -0.07750000 0.00299349 -0.01440215
v -0.07750000 0.00588537 -0.00802981
v -0.07750000 0.00315581 -0.01446625
v -0.07750000 0.00604049 -0.00810977
v -0.07750000 0.00332111 -0.01452219
v -0.07750000 0.00619144 -0.00819735
v -0.07750000 0.00348900 -0.01456982
v -0.07750000 0.00633783 -0.00829235
v -0.07750000 0.00365906 -0.01460902
v -0.07750000 0.00647931 -0.00839452
v -0.07750000 0.00383086 -0.01463969
v -0.07750000 0.00661551 -0.00850363
v -0.07750000 0.00400397 -0.01466177
v -0.07750000 0.00674611 -0.00861938
v -0.07750000 0.00417797 -0.01467519
v -0.07750000 0.00687078 -0.00874151
v -0.07750000 0.00435242 -0.01467991
v -0.07750000 0.00698920 -0.00886969
v -0.07750000 0.00452689 -0.01467594
v -0.07750000 0.00710109 -0.00900362
v -0.07750000 0.00470094 -0.01466327
v -0.07750000 0.00720616 -0.00914296
v -0.07750000 0.00487415 -0.01464195
v -0.07750000 0.00730416 -0.00928736
v -0.07750000 0.00504608 -0.01461201
v -0.07750000 0.00739483 -0.00943647
v -0.07750000 0.00521630 -0.01457355
v -0.07750000 0.00747796 -0.00958991
v -0.07750000 0.00538440 -0.01452664
v -0.07750000 0.00755334 -0.00974730
v -0.07750000 0.00554994 -0.01447142
v -0.07750000 0.00762078 -0.00990826
v -0.07750000 0.00571253 -0.01440801
v -0.07750000 0.00768012 -0.01007238
v -0.07750000 0.00587176 -0.01433658
v -0.07750000 0.00773120 -0.01023925
v -0.07750000 0.00602722 -0.01425730
v -0.07750000 0.00777389 -0.01040846
v -0.07750000 0.00617855 -0.01417037
v -0.07750000 0.00780810 -0.01057959
v -0.07750000 0.00632535 -0.01407601
v -0.07750000 0.00783374 -0.01075221
v -0.07750000 0.00646726 -0.01397444
v -0.07750000 0.00785074 -0.01092590
v -0.07750000 0.00660394 -0.01386593
v -0.07750000 0.00785907 -0.01110022
v -0.07750000 0.00673504 -0.01375073
v -0.07750000 0.00785869 -0.01127473
v -0.07750000 0.00686023 -0.01362915
v -0.07750000 0.00784961 -0.01144901
v -0.07750000 0.00697920 -0.01350148
v -0.07750000 0.00783186 -0.01162262
v -0.07750000 0.00709167 -0.01336804
v -0.07750000 0.00780548 -0.01179513
v -0.07750000 0.00719734 -0.01322915
v -0.07750000 0.00777053 -0.01196611
v -0.07750000 0.00729596 -0.01308517
v -0.07750000 0.00772710 -0.01213513
v -0.07750000 0.00738728 -0.01293646
v -0.07750000 0.00767531 -0.01230178
v -0.07750000 0.00747107 -0.01278338
v -0.07750000 0.00761526 -0.01246564
v -0.07750000 0.00754713 -0.01262631
v -0.08150000 0.00762078 -0.00990826
v -0.08150000 0.00768012 -0.01007238
v -0.08150000 0.00773120 -0.01023925
v -0.08150000 0.00777389 -0.01040846
v -0.08150000 0.00780810 -0.01057959
v -0.08150000 0.00783374 -0.01075221
v -0.08150000 0.00785074 -0.01092590
v -0.08150000 0.00785907 -0.01110022
v -0.08150000 0.00785869 -0.01127473
v -0.08150000 0.00784961 -0.01144901
v -0.08150000 0.00783186 -0.01162262
v -0.08150000 0.00780548 -0.01179513
v -0.08150000 0.00777053 -0.01196611
v -0.08150000 0.00772710 -0.01213513
v -0.08150000 0.00767531 -0.01230178
v -0.08150000 0.00761526 -0.01246564
v -0.08150000 0.00754713 -0.01262631
v -0.08150000 0.00747107 -0.01278338
v -0.08150000 0.00738728 -0.01293646
v -0.08150000 0.00729596 -0.01308517
v -0.08150000 0.00719734 -0.01322915
v -0.08150000 0.00709167 -0.01336804
v -0.08150000 0.00697920 -0.01350148
v -0.08150000 0.00686023 -0.01362915
v -0.08150000 0.00673504 -0.01375073
v -0.08150000 0.00660394 -0.01386593
v -0.08150000 0.00646726 -0.01397444
v -0.08150000 0.00632535 -0.01407601
v -0.08150000 0.00617855 -0.01417037
v -0.08150000 0.00602722 -0.01425730
v -0.08150000 0.00587176 -0.01433658
v -0.08150000 0.00571253 -0.01440801
v -0.08150000 0.00554994 -0.01447142
v -0.08150000 0.00538440 -0.01452664
v -0.08150000 0.00521630 -0.01457355
v -0.08150000 0.00504608 -0.01461201
v -0.08150000 0.00487415 -0.01464195
v -0.08150000 0.00470094 -0.01466327
v -0.08150000 0.00452689 -0.01467594
v -0.08150000 0.00435242 -0.01467991
v -0.08150000 0.00417797 -0.01467519
v -0.08150000 0.00400397 -0.01466177
v -0.08150000 0.00383086 -0.01463969
v -0.08150000 0.00365906 -0.01460902
v -0.08150000 0.00348900 -0.01456982
v -0.08150000 0.00332111 -0.01452219
v -0.08150000 0.00315581 -0.01446625
v -0.08150000 0.00299349 -0.01440215
v -0.08150000 0.00283458 -0.01433003
v -0.08150000 0.00267945 -0.01425008
v -0.08150000 0.00252851 -0.01416249
v -0.08150000 0.00238212 -0.01406749
v -0.08150000 0.00224064 -0.01396532
v -0.08150000 0.00210444 -0.01385621
v -0.08150000 0.00197384 -0.01374046
v -0.08150000 0.00184917 -0.01361834
v -0.08150000 0.00173075 -0.01349015
v -0.08150000 0.00161886 -0.01335622
v -0.08150000 0.00151379 -0.01321689
v -0.08150000 0.00141579 -0.01307248
v -0.08150000 0.00132511 -0.01292338
v -0.08150000 0.00124198 -0.01276993
v -0.08150000 0.00116660 -0.01261254
v -0.08150000 0.00109916 -0.01245158
v -0.08150000 0.00103983 -0.01228746
v -0.08150000 0.00098875 -0.01212059
v -0.08150000 0.00094605 -0.01195138
v -0.08150000 0.00091184 -0.01178025
v -0.08150000 0.00088621 -0.01160763
v -0.08150000 0.00086920 -0.01143394
v -0.08150000 0.00086088 -0.01125963
v -0.08150000 0.00086126 -0.01108511
v -0.08150000 0.00087033 -0.01091083
v -0.08150000 0.00088808 -0.01073722
v -0.08150000 0.00091447 -0.01056471
v -0.08150000 0.00094941 -0.01039373
v -0.08150000 0.00099284 -0.01022471
v -0.08150000 0.00104464 -0.01005806
v -0.08150000 0.00110468 -0.00989420
v -0.08150000 0.00117282 -0.00973353
v -0.08150000 0.00124888 -0.00957647
v -0.08150000 0.00133267 -0.00942338
v -0.08150000 0.00142399 -0.00927467
v -0.08150000 0.00152261 -0.00913069
v -0.08150000 0.00162828 -0.00899181
v -0.08150000 0.00174074 -0.00885836
v -0.08150000 0.00185972 -0.00873069
v -0.08150000 0.00198491 -0.00860911
v -0.08150000 0.00211601 -0.00849392
v -0.08150000 0.00225268 -0.00838540
v -0.08150000 0.00239460 -0.00828384
v -0.08150000 0.00254140 -0.00818947
v -0.08150000 0.00269272 -0.00810254
v -0.08150000 0.00284819 -0.00802326
v -0.08150000 0.00300742 -0.00795183
v -0.08150000 0.00317000 -0.00788842
v -0.08150000 0.00333555 -0.00783320
v -0.08150000 0.00350364 -0.00778629
v -0.08150000 0.00367387 -0.00774783
v -0.08150000 0.00384580 -0.00771790
v -0.08150000 0.00401900 -0.00769657
v -0.08150000 0.00419306 -0.00768390
v -0.08150000 0.00436753 -0.00767993
v -0.08150000 0.00454198 -0.00768466
v -0.08150000 0.00471598 -0.00769807
v -0.08150000 0.00488909 -0.00772015
v -0.08150000 0.00506089 -0.00775082
v -0.08150000 0.00523094 -0.00779002
v -0.08150000 0.00539883 -0.00783765
v -0.08150000 0.00556414 -0.00789359
v -0.08150000 0.00572645 -0.00795770
v -0.08150000 0.00588537 -0.00802981
v -0.08150000 0.00604049 -0.00810977
v -0.08150000 0.00619144 -0.00819735
v -0.08150000 0.00633783 -0.00829235
v -0.08150000 0.00647931 -0.00839452
v -0.08150000 0.00661551 -0.00850363
v -0.08150000 0.00674611 -0.00861938
v -0.08150000 0.00687078 -0.00874151
v -0.08150000 0.00698920 -0.00886969
v -0.08150000 0.00710109 -0.00900362
v -0.08150000 0.00720616 -0.00914296
v -0.08150000 0.00730416 -0.00928736
v -0.08150000 0.00739483 -0.00943647
v -0.08150000 0.00747796 -0.00958991
v -0.08150000 0.00755334 -0.00974730
v -0.06350000 -0.00560488 -0.00873293
v -0.06350000 -0.00563879 -0.00863915
v -0.07750000 -0.00563879 -0.00863915
v -0.07750000 -0.00560488 -0.00873293
v -0.07750000 -0.00557570 -0.00882828
v -0.06350000 -0.00557570 -0.00882828
v -0.06350000 -0.00555130 -0.00892498
v -0.07750000 -0.00555130 -0.00892498
v -0.06350000 -0.00553175 -0.00902276
v -0.07750000 -0.00553175 -0.00902276
v -0.06350000 -0.00551710 -0.00912140
v -0.07750000 -0.00551710 -0.00912140
v -0.06350000 -0.00550738 -0.00922065
v -0.07750000 -0.00550738 -0.00922065
v -0.07750000 -0.00550263 -0.00932026
v -0.06350000 -0.00550263 -0.00932026
v -0.06350000 -0.00550284 -0.00941998
v -0.07750000 -0.00550284 -0.00941998
v -0.06350000 -0.00550803 -0.00951957
v -0.07750000 -0.00550803 -0.00951957
v -0.07750000 -0.00551817 -0.00961878
v -0.06350000 -0.00551817 -0.00961878
v -0.07750000 -0.00553325 -0.00971735
v -0.06350000 -0.00553325 -0.00971735
v -0.06350000 -0.00555322 -0.00981506
v -0.07750000 -0.00555322 -0.00981506
v -0.06350000 -0.00557803 -0.00991164
v -0.07750000 -0.00557803 -0.00991164
v -0.07750000 -0.00560763 -0.01000687
v -0.06350000 -0.00560763 -0.01000687
v -0.06350000 -0.00564194 -0.01010051
v -0.07750000 -0.00564194 -0.01010051
v -0.06350000 -0.00568088 -0.01019232
v -0.07750000 -0.00568088 -0.01019232
v -0.07750000 -0.00572434 -0.01028207
v -0.06350000 -0.00572434 -0.01028207
v -0.06350000 -0.00577222 -0.01036954
v -0.07750000 -0.00577222 -0.01036954
v -0.06350000 -0.00582440 -0.01045452
v -0.07750000 -0.00582440 -0.01045452
v -0.06350000 -0.00588076 -0.01053680
v -0.07750000 -0.00588076 -0.01053680
v -0.06350000 -0.00594114 -0.01061616
v -0.07750000 -0.00594114 -0.01061616
v -0.06350000 -0.00600541 -0.01069241
v -0.07750000 -0.00600541 -0.01069241
v -0.06350000 -0.00607339 -0.01076537
v -0.07750000 -0.00607339 -0.01076537
v -0.06350000 -0.00614493 -0.01083484
v -0.07750000 -0.00614493 -0.01083484
v -0.07750000 -0.00621984 -0.01090067
v -0.06350000 -0.00621984 -0.01090067
v -0.06350000 -0.00629794 -0.01096268
v -0.07750000 -0.00629794 -0.01096268
v -0.06350000 -0.00637904 -0.01102071
v -0.07750000 -0.00637904 -0.01102071
v -0.06350000 -0.00646292 -0.01107464
v -0.07750000 -0.00646292 -0.01107464
v -0.06350000 -0.00654939 -0.01112431
v -0.07750000 -0.00654939 -0.01112431
v -0.06350000 -0.00663823 -0.01116961
v -0.07750000 -0.00663823 -0.01116961
v -0.06350000 -0.00672922 -0.01121043
v -0.07750000 -0.00672922 -0.01121043
v -0.06350000 -0.00682213 -0.01124667
v -0.07750000 -0.00682213 -0.01124667
v -0.06350000 -0.00691672 -0.01127822
v -0.07750000 -0.00691672 -0.01127822
v -0.06350000 -0.00701278 -0.01130502
v -0.07750000 -0.00701278 -0.01130502
v -0.06350000 -0.00711005 -0.01132700
v -0.07750000 -0.00711005 -0.01132700
v -0.06350000 -0.00720829 -0.01134411
v -0.07750000 -0.00720829 -0.01134411
v -0.06350000 -0.00730727 -0.01135630
v -0.07750000 -0.00730727 -0.01135630
v -0.07750000 -0.00740673 -0.01136353
v -0.06350000 -0.00740673 -0.01136353
v -0.06350000 -0.00750643 -0.01136580
v -0.07750000 -0.00750643 -0.01136580
v -0.06350000 -0.00760611 -0.01136310
v -0.07750000 -0.00760611 -0.01136310
v -0.07750000 -0.00770554 -0.01135544
v -0.06350000 -0.00770554 -0.01135544
v -0.06350000 -0.00780446 -0.01134282
v -0.07750000 -0.00780446 -0.01134282
v -0.06350000 -0.00790263 -0.01132529
v -0.07750000 -0.00790263 -0.01132529
v -0.07750000 -0.00799981 -0.01130289
v -0.06350000 -0.00799981 -0.01130289
v -0.06350000 -0.00809574 -0.01127568
v -0.07750000 -0.00809574 -0.01127568
v -0.06350000 -0.00819020 -0.01124371
v -0.07750000 -0.00819020 -0.01124371
v -0.06350000 -0.00828295 -0.01120708
v -0.07750000 -0.00828295 -0.01120708
v -0.06350000 -0.00837376 -0.01116587
v -0.07750000 -0.00837376 -0.01116587
v -0.07750000 -0.00846241 -0.01112018
v -0.06350000 -0.00846241 -0.01112018
v -0.06350000 -0.00854866 -0.01107014
v -0.07750000 -0.00854866 -0.01107014
v -0.06350000 -0.00863231 -0.01101585
v -0.07750000 -0.00863231 -0.01101585
v -0.07750000 -0.00871316 -0.01095746
v -0.06350000 -0.00871316 -0.01095746
v -0.07750000 -0.00879099 -0.01089512
v -0.06350000 -0.00879099 -0.01089512
v -0.07750000 -0.00886562 -0.01082897
v -0.06350000 -0.00886562 -0.01082897
v -0.06350000 -0.00893685 -0.01075919
v -0.07750000 -0.00893685 -0.01075919
v -0.07750000 -0.00900452 -0.01068594
v -0.06350000 -0.00900452 -0.01068594
v -0.06350000 -0.00906846 -0.01060941
v -0.07750000 -0.00906846 -0.01060941
v -0.06350000 -0.00912850 -0.01052979
v -0.07750000 -0.00912850 -0.01052979
v -0.06350000 -0.00918450 -0.01044727
v -0.07750000 -0.00918450 -0.01044727
v -0.07750000 -0.00923631 -0.01036207
v -0.06350000 -0.00923631 -0.01036207
v -0.07750000 -0.00928382 -0.01027439
v -0.06350000 -0.00928382 -0.01027439
v -0.07750000 -0.00932689 -0.01018445
v -0.06350000 -0.00932689 -0.01018445
v -0.06350000 -0.00936543 -0.01009247
v -0.07750000 -0.00936543 -0.01009247
v -0.06350000 -0.00939933 -0.00999869
v -0.07750000 -0.00939933 -0.00999869
v -0.06350000 -0.00942852 -0.00990333
v -0.07750000 -0.00942852 -0.00990333
v -0.06350000 -0.00945292 -0.00980664
v -0.07750000 -0.00945292 -0.00980664
v -0.07750000 -0.00947247 -0.00970885
v -0.06350000 -0.00947247 -0.00970885
v -0.07750000 -0.00948712 -0.00961021
v -0.06350000 -0.00948712 -0.00961021
v -0.06350000 -0.00949683 -0.00951096
v -0.07750000 -0.00949683 -0.00951096
v -0.06350000 -0.00950159 -0.00941135
v -0.07750000 -0.00950159 -0.00941135
v -0.07750000 -0.00950137 -0.00931163
v -0.06350000 -0.00950137 -0.00931163
v -0.06350000 -0.00949619 -0.00921204
v -0.07750000 -0.00949619 -0.00921204
v -0.06350000 -0.00948605 -0.00911284
v -0.07750000 -0.00948605 -0.00911284
v -0.07750000 -0.00947097 -0.00901426
v -0.06350000 -0.00947097 -0.00901426
v -0.07750000 -0.00945100 -0.00891656
v -0.06350000 -0.00945100 -0.00891656
v -0.06350000 -0.00942618 -0.00881997
v -0.07750000 -0.00942618 -0.00881997
v -0.07750000 -0.00939658 -0.00872474
v -0.06350000 -0.00939658 -0.00872474
v -0.06350000 -0.00936227 -0.00863111
v -0.07750000 -0.00936227 -0.00863111
v -0.06350000 -0.00932334 -0.00853930
v -0.07750000 -0.00932334 -0.00853930
v -0.07750000 -0.00927988 -0.00844955
v -0.06350000 -0.00927988 -0.00844955
v -0.06350000 -0.00923200 -0.00836207
v -0.07750000 -0.00923200 -0.00836207
v -0.07750000 -0.00917981 -0.00827709
v -0.06350000 -0.00917981 -0.00827709
v -0.06350000 -0.00912346 -0.00819482
v -0.07750000 -0.00912346 -0.00819482
v -0.06350000 -0.00906308 -0.00811546
v -0.07750000 -0.00906308 -0.00811546
v -0.06350000 -0.00899881 -0.00803920
v -0.07750000 -0.00899881 -0.00803920
v -0.06350000 -0.00893083 -0.00796625
v -0.07750000 -0.00893083 -0.00796625
v -0.07750000 -0.00885929 -0.00789677
v -0.06350000 -0.00885929 -0.00789677
v -0.06350000 -0.00878437 -0.00783095
v -0.07750000 -0.00878437 -0.00783095
v -0.06350000 -0.00870627 -0.00776894
v -0.07750000 -0.00870627 -0.00776894
v -0.06350000 -0.00862518 -0.00771090
v -0.07750000 -0.00862518 -0.00771090
v -0.06350000 -0.00854129 -0.00765698
v -0.07750000 -0.00854129 -0.00765698
v -0.06350000 -0.00845482 -0.00760730
v -0.07750000 -0.00845482 -0.00760730
v -0.07750000 -0.00836599 -0.00756200
v -0.06350000 -0.00836599 -0.00756200
v -0.06350000 -0.00827500 -0.00752118
v -0.07750000 -0.00827500 -0.00752118
v -0.06350000 -0.00818209 -0.00748495
v -0.07750000 -0.00818209 -0.00748495
v -0.06350000 -0.00808749 -0.00745339
v -0.07750000 -0.00808749 -0.00745339
v -0.06350000 -0.00799144 -0.00742659
v -0.07750000 -0.00799144 -0.00742659
v -0.06350000 -0.00789417 -0.00740461
v -0.07750000 -0.00789417 -0.00740461
v -0.06350000 -0.00779592 -0.00738751
v -0.07750000 -0.00779592 -0.00738751
v -0.06350000 -0.00769695 -0.00737532
v -0.07750000 -0.00769695 -0.00737532
v -0.06350000 -0.00759749 -0.00736808
v -0.07750000 -0.00759749 -0.00736808
v -0.06350000 -0.00749779 -0.00736581
v -0.07750000 -0.00749779 -0.00736581
v -0.07750000 -0.00739811 -0.00736851
v -0.06350000 -0.00739811 -0.00736851
v -0.06350000 -0.00729868 -0.00737618
v -0.07750000 -0.00729868 -0.00737618
v -0.06350000 -0.00719976 -0.00738879
v -0.07750000 -0.00719976 -0.00738879
v -0.06350000 -0.00710159 -0.00740632
v -0.07750000 -0.00710159 -0.00740632
v -0.07750000 -0.00700441 -0.00742872
v -0.06350000 -0.00700441 -0.00742872
v -0.06350000 -0.00690847 -0.00745594
v -0.07750000 -0.00690847 -0.00745594
v -0.06350000 -0.00681401 -0.00748790
v -0.07750000 -0.00681401 -0.00748790
v -0.06350000 -0.00672126 -0.00752454
v -0.07750000 -0.00672126 -0.00752454
v -0.07750000 -0.00663045 -0.00756575
v -0.06350000 -0.00663045 -0.00756575
v -0.06350000 -0.00654181 -0.00761143
v -0.07750000 -0.00654181 -0.00761143
v -0.06350000 -0.00645556 -0.00766148
v -0.07750000 -0.00645556 -0.00766148
v -0.07750000 -0.00637190 -0.00771577
v -0.06350000 -0.00637190 -0.00771577
v -0.06350000 -0.00629106 -0.00777415
v -0.07750000 -0.00629106 -0.00777415
v -0.07750000 -0.00621323 -0.00783650
v -0.06350000 -0.00621323 -0.00783650
v -0.06350000 -0.00613860 -0.00790264
v -0.07750000 -0.00613860 -0.00790264
v -0.07750000 -0.00606736 -0.00797243
v -0.06350000 -0.00606736 -0.00797243
v -0.07750000 -0.00599969 -0.00804568
v -0.06350000 -0.00599969 -0.00804568
v -0.06350000 -0.00593576 -0.00812221
v -0.07750000 -0.00593576 -0.00812221
v -0.07750000 -0.00587572 -0.00820183
v -0.06350000 -0.00587572 -0.00820183
v -0.06350000 -0.00581972 -0.00828434
v -0.07750000 -0.00581972 -0.00828434
v -0.07750000 -0.00576790 -0.00836955
v -0.06350000 -0.00576790 -0.00836955
v -0.06350000 -0.00572040 -0.00845723
v -0.07750000 -0.00572040 -0.00845723
v -0.07750000 -0.00567733 -0.00854717
v -0.06350000 -0.00567733 -0.00854717
v -0.07750000 -0.01068926 -0.00791942
v -0.07750000 -0.01075740 -0.00808009
v -0.07750000 -0.01061321 -0.00776235
v -0.07750000 -0.01081744 -0.00824395
v -0.07750000 -0.01052941 -0.00760927
v -0.07750000 -0.01086924 -0.00841060
v -0.07750000 -0.01043809 -0.00746056
v -0.07750000 -0.01091267 -0.00857962
v -0.07750000 -0.01033948 -0.00731658
v -0.07750000 -0.01094762 -0.00875060
v -0.07750000 -0.01023380 -0.00717769
v -0.07750000 -0.01097400 -0.00892311
v -0.07750000 -0.01012134 -0.00704425
v -0.07750000 -0.01099175 -0.00909672
v -0.07750000 -0.01000236 -0.00691658
v -0.07750000 -0.01100082 -0.00927100
v -0.07750000 -0.00987717 -0.00679499
v -0.07750000 -0.01100120 -0.00944551
v -0.07750000 -0.00974607 -0.00667980
v -0.07750000 -0.01099288 -0.00961983
v -0.07750000 -0.00960940 -0.00657129
v -0.07750000 -0.01097588 -0.00979352
v -0.07750000 -0.00946748 -0.00646972
v -0.07750000 -0.01095024 -0.00996614
v -0.07750000 -0.00932068 -0.00637536
v -0.07750000 -0.01091603 -0.01013727
v -0.07750000 -0.00916936 -0.00628843
v -0.07750000 -0.01087333 -0.01030648
v -0.07750000 -0.00901389 -0.00620915
v -0.07750000 -0.01082225 -0.01047335
v -0.07750000 -0.00885467 -0.00613771
v -0.07750000 -0.01076292 -0.01063747
v -0.07750000 -0.00869208 -0.00607431
v -0.07750000 -0.01069548 -0.01079842
v -0.07750000 -0.00852653 -0.00601908
v -0.07750000 -0.01053697 -0.01110926
v -0.07750000 -0.01062010 -0.01095582
v -0.07750000 -0.00835844 -0.00597218
v -0.07750000 -0.00818821 -0.00593372
v -0.07750000 -0.01044629 -0.01125837
v -0.07750000 -0.00801629 -0.00590378
v -0.07750000 -0.01034829 -0.01140277
v -0.07750000 -0.00784308 -0.00588246
v -0.07750000 -0.00766902 -0.00586979
v -0.07750000 -0.01024322 -0.01154211
v -0.07750000 -0.01013133 -0.01167604
v -0.07750000 -0.00749455 -0.00586582
v -0.07750000 -0.01001291 -0.01180422
v -0.07750000 -0.00732010 -0.00587054
v -0.07750000 -0.00714611 -0.00588396
v -0.07750000 -0.00988825 -0.01192635
v -0.07750000 -0.00975765 -0.01204210
v -0.07750000 -0.00697299 -0.00590603
v -0.07750000 -0.00962144 -0.01215120
v -0.07750000 -0.00680119 -0.00593671
v -0.07750000 -0.00947997 -0.01225338
v -0.07750000 -0.00663114 -0.00597591
v -0.07750000 -0.00933357 -0.01234838
v -0.07750000 -0.00646325 -0.00602354
v -0.07750000 -0.00918263 -0.01243596
v -0.07750000 -0.00629794 -0.00607948
v -0.07750000 -0.00902750 -0.01251591
v -0.07750000 -0.00613563 -0.00614358
v -0.07750000 -0.00886859 -0.01258803
v -0.07750000 -0.00597671 -0.00621570
v -0.07750000 -0.00870627 -0.01265214
v -0.07750000 -0.00582159 -0.00629565
v -0.07750000 -0.00854097 -0.01270808
v -0.07750000 -0.00567064 -0.00638324
v -0.07750000 -0.00837308 -0.01275571
v -0.07750000 -0.00552425 -0.00647823
v -0.07750000 -0.00820302 -0.01279491
v -0.07750000 -0.00538278 -0.00658041
v -0.07750000 -0.00803122 -0.01282558
v -0.07750000 -0.00524657 -0.00668951
v -0.07750000 -0.00785811 -0.01284766
v -0.07750000 -0.00511597 -0.00680527
v -0.07750000 -0.00768411 -0.01286107
v -0.07750000 -0.00499131 -0.00692739
v -0.07750000 -0.00750966 -0.01286580
v -0.07750000 -0.00487288 -0.00705558
v -0.07750000 -0.00733519 -0.01286183
v -0.07750000 -0.00476100 -0.00718950
v -0.07750000 -0.00716114 -0.01284916
v -0.07750000 -0.00465592 -0.00732884
v -0.07750000 -0.00698793 -0.01282783
v -0.07750000 -0.00455793 -0.00747325
v -0.07750000 -0.00681600 -0.01279790
v -0.07750000 -0.00446725 -0.00762235
v -0.07750000 -0.00664578 -0.01275943
v -0.07750000 -0.00438412 -0.00777580
v -0.07750000 -0.00647769 -0.01271253
v -0.07750000 -0.00430874 -0.00793319
v -0.07750000 -0.00631214 -0.01265731
v -0.07750000 -0.00424130 -0.00809415
v -0.07750000 -0.00614955 -0.01259390
v -0.07750000 -0.00418196 -0.00825827
v -0.07750000 -0.00599032 -0.01252247
v -0.07750000 -0.00413089 -0.00842514
v -0.07750000 -0.00583486 -0.01244319
v -0.07750000 -0.00408819 -0.00859435
v -0.07750000 -0.00568354 -0.01235626
v -0.07750000 -0.00405398 -0.00876548
v -0.07750000 -0.00553673 -0.01226189
v -0.07750000 -0.00402834 -0.00893810
v -0.07750000 -0.00539482 -0.01216033
v -0.07750000 -0.00401134 -0.00911179
v -0.07750000 -0.00525814 -0.01205181
v -0.07750000 -0.00400302 -0.00928610
v -0.07750000 -0.00512705 -0.01193662
v -0.07750000 -0.00400339 -0.00946062
v -0.07750000 -0.00500185 -0.01181504
v -0.07750000 -0.00401247 -0.00963490
v -0.07750000 -0.00488288 -0.01168737
v -0.07750000 -0.00403022 -0.00980851
v -0.07750000 -0.00477041 -0.01155392
v -0.07750000 -0.00405660 -0.00998101
v -0.07750000 -0.00466474 -0.01141504
v -0.07750000 -0.00409155 -0.01015199
v -0.07750000 -0.00456612 -0.01127106
v -0.07750000 -0.00413498 -0.01032102
v -0.07750000 -0.00447480 -0.01112235
v -0.07750000 -0.00418678 -0.01048767
v -0.07750000 -0.00439101 -0.01096926
v -0.07750000 -0.00424682 -0.01065153
v -0.07750000 -0.00431495 -0.01081220
v -0.08150000 -0.00424130 -0.00809415
v -0.08150000 -0.00418196 -0.00825827
v -0.08150000 -0.00413089 -0.00842514
v -0.08150000 -0.00408819 -0.00859435
v -0.08150000 -0.00405398 -0.00876548
v -0.08150000 -0.00402834 -0.00893810
v -0.08150000 -0.00401134 -0.00911179
v -0.08150000 -0.00400302 -0.00928610
v -0.08150000 -0.00400339 -0.00946062
v -0.08150000 -0.00401247 -0.00963490
v -0.08150000 -0.00403022 -0.00980851
v -0.08150000 -0.00405660 -0.00998101
v -0.08150000 -0.00409155 -0.01015199
v -0.08150000 -0.00413498 -0.01032102
v -0.08150000 -0.00418678 -0.01048767
v -0.08150000 -0.00424682 -0.01065153
v -0.08150000 -0.00431495 -0.01081220
v -0.08150000 -0.00439101 -0.01096926
v -0.08150000 -0.00447480 -0.01112235
v -0.08150000 -0.00456612 -0.01127106
v -0.08150000 -0.00466474 -0.01141504
v -0.08150000 -0.00477041 -0.01155392
v -0.08150000 -0.00488288 -0.01168737
v -0.08150000 -0.00500185 -0.01181504
v -0.08150000 -0.00512705 -0.01193662
v -0.08150000 -0.00525814 -0.01205181
v -0.08150000 -0.00539482 -0.01216033
v -0.08150000 -0.00553673 -0.01226189
v -0.08150000 -0.00568354 -0.01235626
v -0.08150000 -0.00583486 -0.01244319
v -0.08150000 -0.00599032 -0.01252247
v -0.08150000 -0.00614955 -0.01259390
v -0.08150000 -0.00631214 -0.01265731
v -0.08150000 -0.00647769 -0.01271253
v -0.08150000 -0.00664578 -0.01275943
v -0.08150000 -0.00681600 -0.01279790
v -0.08150000 -0.00698793 -0.01282783
v -0.08150000 -0.00716114 -0.01284916
v -0.08150000 -0.00733519 -0.01286183
v -0.08150000 -0.00750966 -0.01286580
v -0.08150000 -0.00768411 -0.01286107
v -0.08150000 -0.00785811 -0.01284766
v -0.08150000 -0.00803122 -0.01282558
v -0.08150000 -0.00820302 -0.01279491
v -0.08150000 -0.00837308 -0.01275571
v -0.08150000 -0.00854097 -0.01270808
v -0.08150000 -0.00870627 -0.01265214
v -0.08150000 -0.00886859 -0.01258803
v -0.08150000 -0.00902750 -0.01251591
v -0.08150000 -0.00918263 -0.01243596
v -0.08150000 -0.00933357 -0.01234838
v -0.08150000 -0.00947997 -0.01225338
v -0.08150000 -0.00962144 -0.01215120
v -0.08150000 -0.00975765 -0.01204210
v -0.08150000 -0.00988825 -0.01192635
v -0.08150000 -0.01001291 -0.01180422
v -0.08150000 -0.01013133 -0.01167604
v -0.08150000 -0.01024322 -0.01154211
v -0.08150000 -0.01034829 -0.01140277
v -0.08150000 -0.01044629 -0.01125837
v -0.08150000 -0.01053697 -0.01110926
v -0.08150000 -0.01062010 -0.01095582
v -0.08150000 -0.01069548 -0.01079842
v -0.08150000 -0.01076292 -0.01063747
v -0.08150000 -0.01082225 -0.01047335
v -0.08150000 -0.01087333 -0.01030648
v -0.08150000 -0.01091603 -0.01013727
v -0.08150000 -0.01095024 -0.00996614
v -0.08150000 -0.01097588 -0.00979352
v -0.08150000 -0.01099288 -0.00961983
v -0.08150000 -0.01100120 -0.00944551
v -0.08150000 -0.01100082 -0.00927100
v -0.08150000 -0.01099175 -0.00909672
v -0.08150000 -0.01097400 -0.00892311
v -0.08150000 -0.01094762 -0.00875060
v -0.08150000 -0.01091267 -0.00857962
v -0.08150000 -0.01086924 -0.00841060
v -0.08150000 -0.01081744 -0.00824395
v -0.08150000 -0.01075740 -0.00808009
v -0.08150000 -0.01068926 -0.00791942
v -0.08150000 -0.01061321 -0.00776235
v -0.08150000 -0.01052941 -0.00760927
v -0.08150000 -0.01043809 -0.00746056
v -0.08150000 -0.01033948 -0.00731658
v -0.08150000 -0.01023380 -0.00717769
v -0.08150000 -0.01012134 -0.00704425
v -0.08150000 -0.01000236 -0.00691658
v -0.08150000 -0.00987717 -0.00679499
v -0.08150000 -0.00974607 -0.00667980
v -0.08150000 -0.00960940 -0.00657129
v -0.08150000 -0.00946748 -0.00646972
v -0.08150000 -0.00932068 -0.00637536
v -0.08150000 -0.00916936 -0.00628843
v -0.08150000 -0.00901389 -0.00620915
v -0.08150000 -0.00885467 -0.00613771
v -0.08150000 -0.00869208 -0.00607431
v -0.08150000 -0.00852653 -0.00601908
v -0.08150000 -0.00835844 -0.00597218
v -0.08150000 -0.00818821 -0.00593372
v -0.08150000 -0.00801629 -0.00590378
v -0.08150000 -0.00784308 -0.00588246
v -0.08150000 -0.00766902 -0.00586979
v -0.08150000 -0.00749455 -0.00586582
v -0.08150000 -0.00732010 -0.00587054
v -0.08150000 -0.00714611 -0.00588396
v -0.08150000 -0.00697299 -0.00590603
v -0.08150000 -0.00680119 -0.00593671
v -0.08150000 -0.00663114 -0.00597591
v -0.08150000 -0.00646325 -0.00602354
v -0.08150000 -0.00629794 -0.00607948
v -0.08150000 -0.00613563 -0.00614358
v -0.08150000 -0.00597671 -0.00621570
v -0.08150000 -0.00582159 -0.00629565
v -0.08150000 -0.00567064 -0.00638324
v -0.08150000 -0.00552425 -0.00647823
v -0.08150000 -0.00538278 -0.00658041
v -0.08150000 -0.00524657 -0.00668951
v -0.08150000 -0.00511597 -0.00680527
v -0.08150000 -0.00499131 -0.00692739
v -0.08150000 -0.00487288 -0.00705558
v -0.08150000 -0.00476100 -0.00718950
v -0.08150000 -0.00465592 -0.00732884
v -0.08150000 -0.00455793 -0.00747325
v -0.08150000 -0.00446725 -0.00762235
v -0.08150000 -0.00438412 -0.00777580
v -0.08150000 -0.00430874 -0.00793319
v -0.06350000 -0.00996486 0.00244699
v -0.06350000 -0.00999876 0.00254077
v -0.07750000 -0.00999876 0.00254077
v -0.07750000 -0.00996486 0.00244699
v -0.07750000 -0.00993567 0.00235164
v -0.06350000 -0.00993567 0.00235164
v -0.06350000 -0.00991127 0.00225495
v -0.07750000 -0.00991127 0.00225495
v -0.06350000 -0.00989172 0.00215716
v -0.07750000 -0.00989172 0.00215716
v -0.06350000 -0.00987707 0.00205852
v -0.07750000 -0.00987707 0.00205852
v -0.06350000 -0.00986736 0.00195927
v -0.07750000 -0.00986736 0.00195927
v -0.07750000 -0.00986260 0.00185966
v -0.06350000 -0.00986260 0.00185966
v -0.06350000 -0.00986282 0.00175994
v -0.07750000 -0.00986282 0.00175994
v -0.06350000 -0.00986800 0.00166035
v -0.07750000 -0.00986800 0.00166035
v -0.07750000 -0.00987815 0.00156114
v -0.06350000 -0.00987815 0.00156114
v -0.07750000 -0.00989322 0.00146257
v -0.06350000 -0.00989322 0.00146257
v -0.06350000 -0.00991319 0.00136486
v -0.07750000 -0.00991319 0.00136486
v -0.06350000 -0.00993801 0.00126828
v -0.07750000 -0.00993801 0.00126828
v -0.07750000 -0.00996761 0.00117305
v -0.06350000 -0.00996761 0.00117305
v -0.06350000 -0.01000192 0.00107941
v -0.07750000 -0.01000192 0.00107941
v -0.06350000 -0.01004085 0.00098761
v -0.07750000 -0.01004085 0.00098761
v -0.07750000 -0.01008431 0.00089785
v -0.06350000 -0.01008431 0.00089785
v -0.06350000 -0.01013219 0.00081038
v -0.07750000 -0.01013219 0.00081038
v -0.06350000 -0.01018438 0.00072540
v -0.07750000 -0.01018438 0.00072540
v -0.06350000 -0.01024073 0.00064312
v -0.07750000 -0.01024073 0.00064312
v -0.06350000 -0.01030111 0.00056376
v -0.07750000 -0.01030111 0.00056376
v -0.06350000 -0.01036538 0.00048751
v -0.07750000 -0.01036538 0.00048751
v -0.06350000 -0.01043337 0.00041455
v -0.07750000 -0.01043337 0.00041455
v -0.06350000 -0.01050490 0.00034508
v -0.07750000 -0.01050490 0.00034508
v -0.07750000 -0.01057982 0.00027925
v -0.06350000 -0.01057982 0.00027925
v -0.06350000 -0.01065792 0.00021724
v -0.07750000 -0.01065792 0.00021724
v -0.06350000 -0.01073901 0.00015921
v -0.07750000 -0.01073901 0.00015921
v -0.06350000 -0.01082290 0.00010528
v -0.07750000 -0.01082290 0.00010528
v -0.06350000 -0.01090937 0.00005561
v -0.07750000 -0.01090937 0.00005561
v -0.06350000 -0.01099821 0.00001031
v -0.07750000 -0.01099821 0.00001031
v -0.06350000 -0.01108919 -0.00003051
v -0.07750000 -0.01108919 -0.00003051
v -0.06350000 -0.01118210 -0.00006674
v -0.07750000 -0.01118210 -0.00006674
v -0.06350000 -0.01127670 -0.00009830
v -0.07750000 -0.01127670 -0.00009830
v -0.06350000 -0.01137275 -0.00012510
v -0.07750000 -0.01137275 -0.00012510
v -0.06350000 -0.01147002 -0.00014708
v -0.07750000 -0.01147002 -0.00014708
v -0.06350000 -0.01156827 -0.00016419
v -0.07750000 -0.01156827 -0.00016419
v -0.06350000 -0.01166724 -0.00017637
v -0.07750000 -0.01166724 -0.00017637
v -0.07750000 -0.01176670 -0.00018361
v -0.06350000 -0.01176670 -0.00018361
v -0.06350000 -0.01186640 -0.00018588
v -0.07750000 -0.01186640 -0.00018588
v -0.06350000 -0.01196608 -0.00018318
v -0.07750000 -0.01196608 -0.00018318
v -0.07750000 -0.01206551 -0.00017551
v -0.06350000 -0.01206551 -0.00017551
v -0.06350000 -0.01216443 -0.00016290
v -0.07750000 -0.01216443 -0.00016290
v -0.06350000 -0.01226260 -0.00014537
v -0.07750000 -0.01226260 -0.00014537
v -0.07750000 -0.01235978 -0.00012297
v -0.06350000 -0.01235978 -0.00012297
v -0.06350000 -0.01245572 -0.00009576
v -0.07750000 -0.01245572 -0.00009576
v -0.06350000 -0.01255018 -0.00006379
v -0.07750000 -0.01255018 -0.00006379
v -0.06350000 -0.01264293 -0.00002716
v -0.07750000 -0.01264293 -0.00002716
v -0.06350000 -0.01273374 0.00001405
v -0.07750000 -0.01273374 0.00001405
v -0.07750000 -0.01282238 0.00005974
v -0.06350000 -0.01282238 0.00005974
v -0.06350000 -0.01290863 0.00010979
v -0.07750000 -0.01290863 0.00010979
v -0.06350000 -0.01299229 0.00016407
v -0.07750000 -0.01299229 0.00016407
v -0.07750000 -0.01307313 0.00022246
v -0.06350000 -0.01307313 0.00022246
v -0.07750000 -0.01315096 0.00028480
v -0.06350000 -0.01315096 0.00028480
v -0.07750000 -0.01322559 0.00035095
v -0.06350000 -0.01322559 0.00035095
v -0.06350000 -0.01329683 0.00042073
v -0.07750000 -0.01329683 0.00042073
v -0.07750000 -0.01336450 0.00049398
v -0.06350000 -0.01336450 0.00049398
v -0.06350000 -0.01342843 0.00057051
v -0.07750000 -0.01342843 0.00057051
v -0.06350000 -0.01348847 0.00065013
v -0.07750000 -0.01348847 0.00065013
v -0.06350000 -0.01354447 0.00073265
v -0.07750000 -0.01354447 0.00073265
v -0.07750000 -0.01359629 0.00081785
v -0.06350000 -0.01359629 0.00081785
v -0.07750000 -0.01364379 0.00090553
v -0.06350000 -0.01364379 0.00090553
v -0.07750000 -0.01368686 0.00099547
v -0.06350000 -0.01368686 0.00099547
v -0.06350000 -0.01372540 0.00108745
v -0.07750000 -0.01372540 0.00108745
v -0.06350000 -0.01375931 0.00118123
v -0.07750000 -0.01375931 0.00118123
v -0.06350000 -0.01378850 0.00127659
v -0.07750000 -0.01378850 0.00127659
v -0.06350000 -0.01381289 0.00137328
v -0.07750000 -0.01381289 0.00137328
v -0.07750000 -0.01383244 0.00147107
v -0.06350000 -0.01383244 0.00147107
v -0.07750000 -0.01384709 0.00156971
v -0.06350000 -0.01384709 0.00156971
v -0.06350000 -0.01385681 0.00166896
v -0.07750000 -0.01385681 0.00166896
v -0.06350000 -0.01386156 0.00176857
v -0.07750000 -0.01386156 0.00176857
v -0.07750000 -0.01386135 0.00186829
v -0.06350000 -0.01386135 0.00186829
v -0.06350000 -0.01385616 0.00196788
v -0.07750000 -0.01385616 0.00196788
v -0.06350000 -0.01384602 0.00206708
v -0.07750000 -0.01384602 0.00206708
v -0.07750000 -0.01383094 0.00216566
v -0.06350000 -0.01383094 0.00216566
v -0.07750000 -0.01381097 0.00226336
v -0.06350000 -0.01381097 0.00226336
v -0.06350000 -0.01378616 0.00235995
v -0.07750000 -0.01378616 0.00235995
v -0.07750000 -0.01375656 0.00245518
v -0.06350000 -0.01375656 0.00245518
v -0.06350000 -0.01372225 0.00254881
v -0.07750000 -0.01372225 0.00254881
v -0.06350000 -0.01368331 0.00264062
v -0.07750000 -0.01368331 0.00264062
v -0.07750000 -0.01363985 0.00273037
v -0.06350000 -0.01363985 0.00273037
v -0.06350000 -0.01359197 0.00281785
v -0.07750000 -0.01359197 0.00281785
v -0.07750000 -0.01353979 0.00290283
v -0.06350000 -0.01353979 0.00290283
v -0.06350000 -0.01348343 0.00298510
v -0.07750000 -0.01348343 0.00298510
v -0.06350000 -0.01342305 0.00306446
v -0.07750000 -0.01342305 0.00306446
v -0.06350000 -0.01335878 0.00314072
v -0.07750000 -0.01335878 0.00314072
v -0.06350000 -0.01329080 0.00321367
v -0.07750000 -0.01329080 0.00321367
v -0.07750000 -0.01321926 0.00328315
v -0.06350000 -0.01321926 0.00328315
v -0.06350000 -0.01314435 0.00334897
v -0.07750000 -0.01314435 0.00334897
v -0.06350000 -0.01306625 0.00341098
v -0.07750000 -0.01306625 0.00341098
v -0.06350000 -0.01298515 0.00346902
v -0.07750000 -0.01298515 0.00346902
v -0.06350000 -0.01290127 0.00352294
v -0.07750000 -0.01290127 0.00352294
v -0.06350000 -0.01281480 0.00357262
v -0.07750000 -0.01281480 0.00357262
v -0.07750000 -0.01272596 0.00361792
v -0.06350000 -0.01272596 0.00361792
v -0.06350000 -0.01263497 0.00365874
v -0.07750000 -0.01263497 0.00365874
v -0.06350000 -0.01254206 0.00369497
v -0.07750000 -0.01254206 0.00369497
v -0.06350000 -0.01244747 0.00372653
v -0.07750000 -0.01244747 0.00372653
v -0.06350000 -0.01235141 0.00375333
v -0.07750000 -0.01235141 0.00375333
v -0.06350000 -0.01225414 0.00377531
v -0.07750000 -0.01225414 0.00377531
v -0.06350000 -0.01215590 0.00379241
v -0.07750000 -0.01215590 0.00379241
v -0.06350000 -0.01205692 0.00380460
v -0.07750000 -0.01205692 0.00380460
v -0.06350000 -0.01195746 0.00381184
v -0.07750000 -0.01195746 0.00381184
v -0.06350000 -0.01185777 0.00381411
v -0.07750000 -0.01185777 0.00381411
v -0.07750000 -0.01175808 0.00381141
v -0.06350000 -0.01175808 0.00381141
v -0.06350000 -0.01165865 0.00380374
v -0.07750000 -0.01165865 0.00380374
v -0.06350000 -0.01155973 0.00379113
v -0.07750000 -0.01155973 0.00379113
v -0.06350000 -0.01146156 0.00377360
v -0.07750000 -0.01146156 0.00377360
v -0.07750000 -0.01136439 0.00375120
v -0.06350000 -0.01136439 0.00375120
v -0.06350000 -0.01126845 0.00372398
v -0.07750000 -0.01126845 0.00372398
v -0.06350000 -0.01117399 0.00369202
v -0.07750000 -0.01117399 0.00369202
v -0.06350000 -0.01108124 0.00365538
v -0.07750000 -0.01108124 0.00365538
v -0.07750000 -0.01099043 0.00361417
v -0.06350000 -0.01099043 0.00361417
v -0.06350000 -0.01090179 0.00356849
v -0.07750000 -0.01090179 0.00356849
v -0.06350000 -0.01081553 0.00351844
v -0.07750000 -0.01081553 0.00351844
v -0.07750000 -0.01073188 0.00346415
v -0.06350000 -0.01073188 0.00346415
v -0.06350000 -0.01065104 0.00340577
v -0.07750000 -0.01065104 0.00340577
v -0.07750000 -0.01057320 0.00334342
v -0.06350000 -0.01057320 0.00334342
v -0.06350000 -0.01049858 0.00327728
v -0.07750000 -0.01049858 0.00327728
v -0.07750000 -0.01042734 0.00320749
v -0.06350000 -0.01042734 0.00320749
v -0.07750000 -0.01035967 0.00313424
v -0.06350000 -0.01035967 0.00313424
v -0.06350000 -0.01029573 0.00305771
v -0.07750000 -0.01029573 0.00305771
v -0.07750000 -0.01023569 0.00297809
v -0.06350000 -0.01023569 0.00297809
v -0.06350000 -0.01017969 0.00289558
v -0.07750000 -0.01017969 0.00289558
v -0.07750000 -0.01012788 0.00281037
v -0.06350000 -0.01012788 0.00281037
v -0.06350000 -0.01008037 0.00272269
v -0.07750000 -0.01008037 0.00272269
v -0.07750000 -0.01003730 0.00263275
v -0.06350000 -0.01003730 0.00263275
v -0.07750000 -0.01511737 0.00309983
v -0.07750000 -0.01504924 0.00326050
v -0.07750000 -0.01497318 0.00341757
v -0.07750000 -0.01517741 0.00293597
v -0.07750000 -0.01488939 0.00357065
v -0.07750000 -0.01522921 0.00276932
v -0.07750000 -0.01479807 0.00371937
v -0.07750000 -0.01527264 0.00260030
v -0.07750000 -0.01469945 0.00386334
v -0.07750000 -0.01459378 0.00400223
v -0.07750000 -0.01530759 0.00242932
v -0.07750000 -0.01535172 0.00208320
v -0.07750000 -0.01533397 0.00225681
v -0.07750000 -0.01448131 0.00413567
v -0.07750000 -0.01436234 0.00426334
v -0.07750000 -0.01536080 0.00190892
v -0.07750000 -0.01423714 0.00438493
v -0.07750000 -0.01536117 0.00173441
v -0.07750000 -0.01410605 0.00450012
v -0.07750000 -0.01535285 0.00156009
v -0.07750000 -0.01396937 0.00460863
v -0.07750000 -0.01531021 0.00121378
v -0.07750000 -0.01533585 0.00138641
v -0.07750000 -0.01382746 0.00471020
v -0.07750000 -0.01368066 0.00480456
v -0.07750000 -0.01352933 0.00489149
v -0.07750000 -0.01527600 0.00104266
v -0.07750000 -0.01523331 0.00087344
v -0.07750000 -0.01337387 0.00497077
v -0.07750000 -0.01518223 0.00070657
v -0.07750000 -0.01321464 0.00504221
v -0.07750000 -0.01512289 0.00054245
v -0.07750000 -0.01305205 0.00510561
v -0.07750000 -0.01505545 0.00038150
v -0.07750000 -0.01288650 0.00516084
v -0.07750000 -0.01498007 0.00022410
v -0.07750000 -0.01271841 0.00520774
v -0.07750000 -0.01254819 0.00524620
v -0.07750000 -0.01489694 0.00007066
v -0.07750000 -0.01480626 -0.00007845
v -0.07750000 -0.01237626 0.00527614
v -0.07750000 -0.01470827 -0.00022285
v -0.07750000 -0.01220305 0.00529746
v -0.07750000 -0.01202900 0.00531013
v -0.07750000 -0.01460320 -0.00036219
v -0.07750000 -0.01449131 -0.00049612
v -0.07750000 -0.01185453 0.00531410
v -0.07750000 -0.01424822 -0.00074643
v -0.07750000 -0.01437288 -0.00062430
v -0.07750000 -0.01168008 0.00530938
v -0.07750000 -0.01150608 0.00529596
v -0.07750000 -0.01133297 0.00527389
v -0.07750000 -0.01411762 -0.00086218
v -0.07750000 -0.01116117 0.00524321
v -0.07750000 -0.01398141 -0.00097128
v -0.07750000 -0.01383994 -0.00107346
v -0.07750000 -0.01099111 0.00520401
v -0.07750000 -0.01354260 -0.00125604
v -0.07750000 -0.01369355 -0.00116846
v -0.07750000 -0.01082322 0.00515638
v -0.07750000 -0.01065792 0.00510045
v -0.07750000 -0.01338748 -0.00133599
v -0.07750000 -0.01049560 0.00503634
v -0.07750000 -0.01322856 -0.00140811
v -0.07750000 -0.01033669 0.00496422
v -0.07750000 -0.01306625 -0.00147222
v -0.07750000 -0.01018156 0.00488427
v -0.07750000 -0.01290094 -0.00152816
v -0.07750000 -0.01003062 0.00479668
v -0.07750000 -0.01273305 -0.00157579
v -0.07750000 -0.00988423 0.00470169
v -0.07750000 -0.01256300 -0.00161499
v -0.07750000 -0.00974275 0.00459951
v -0.07750000 -0.01239120 -0.00164566
v -0.07750000 -0.00960654 0.00449041
v -0.07750000 -0.01221809 -0.00166773
v -0.07750000 -0.00947595 0.00437465
v -0.07750000 -0.01204409 -0.00168115
v -0.07750000 -0.00935128 0.00425253
v -0.07750000 -0.01186964 -0.00168588
v -0.07750000 -0.00923286 0.00412434
v -0.07750000 -0.01169517 -0.00168191
v -0.07750000 -0.00912097 0.00399042
v -0.07750000 -0.01152111 -0.00166924
v -0.07750000 -0.00901590 0.00385108
v -0.07750000 -0.01134791 -0.00164791
v -0.07750000 -0.00891790 0.00370667
v -0.07750000 -0.01117598 -0.00161798
v -0.07750000 -0.00882722 0.00355757
v -0.07750000 -0.01100575 -0.00157951
v -0.07750000 -0.00874409 0.00340412
v -0.07750000 -0.01083766 -0.00153261
v -0.07750000 -0.00866871 0.00324673
v -0.07750000 -0.01067211 -0.00147739
v -0.07750000 -0.00860127 0.00308577
v -0.07750000 -0.01050952 -0.00141398
v -0.07750000 -0.00854194 0.00292165
v -0.07750000 -0.01035030 -0.00134255
v -0.07750000 -0.00849086 0.00275478
v -0.07750000 -0.01019483 -0.00126327
v -0.07750000 -0.00844816 0.00258557
v -0.07750000 -0.01004351 -0.00117634
v -0.07750000 -0.00841395 0.00241444
v -0.07750000 -0.00989671 -0.00108197
v -0.07750000 -0.00838831 0.00224182
v -0.07750000 -0.00975479 -0.00098041
v -0.07750000 -0.00837131 0.00206813
v -0.07750000 -0.00961812 -0.00087189
v -0.07750000 -0.00836299 0.00189382
v -0.07750000 -0.00948702 -0.00075670
v -0.07750000 -0.00836337 0.00171930
v -0.07750000 -0.00936183 -0.00063512
v -0.07750000 -0.00837244 0.00154503
v -0.07750000 -0.00924285 -0.00050745
v -0.07750000 -0.00839019 0.00137142
v -0.07750000 -0.00913039 -0.00037400
v -0.07750000 -0.00841657 0.00119891
v -0.07750000 -0.00902472 -0.00023512
v -0.07750000 -0.00845152 0.00102793
v -0.07750000 -0.00892610 -0.00009114
v -0.07750000 -0.00849495 0.00085890
v -0.07750000 -0.00883478 0.00005757
v -0.07750000 -0.00854675 0.00069225
v -0.07750000 -0.00875098 0.00021066
v -0.07750000 -0.00860679 0.00052839
v -0.07750000 -0.00867493 0.00036773
v -0.08150000 -0.00860127 0.00308577
v -0.08150000 -0.00854194 0.00292165
v -0.08150000 -0.00849086 0.00275478
v -0.08150000 -0.00844816 0.00258557
v -0.08150000 -0.00841395 0.00241444
v -0.08150000 -0.00838831 0.00224182
v -0.08150000 -0.00837131 0.00206813
v -0.08150000 -0.00836299 0.00189382
v -0.08150000 -0.00836337 0.00171930
v -0.08150000 -0.00837244 0.00154503
v -0.08150000 -0.00839019 0.00137142
v -0.08150000 -0.00841657 0.00119891
v -0.08150000 -0.00845152 0.00102793
v -0.08150000 -0.00849495 0.00085890
v -0.08150000 -0.00854675 0.00069225
v -0.08150000 -0.00860679 0.00052839
v -0.08150000 -0.00867493 0.00036773
v -0.08150000 -0.00875098 0.00021066
v -0.08150000 -0.00883478 0.00005757
v -0.08150000 -0.00892610 -0.00009114
v -0.08150000 -0.00902472 -0.00023512
v -0.08150000 -0.00913039 -0.00037400
v -0.08150000 -0.00924285 -0.00050745
v -0.08150000 -0.00936183 -0.00063512
v -0.08150000 -0.00948702 -0.00075670
v -0.08150000 -0.00961812 -0.00087189
v -0.08150000 -0.00975479 -0.00098041
v -0.08150000 -0.00989671 -0.00108197
v -0.08150000 -0.01004351 -0.00117634
v -0.08150000 -0.01019483 -0.00126327
v -0.08150000 -0.01035030 -0.00134255
v -0.08150000 -0.01050952 -0.00141398
v -0.08150000 -0.01067211 -0.00147739
v -0.08150000 -0.01083766 -0.00153261
v -0.08150000 -0.01100575 -0.00157951
v -0.08150000 -0.01117598 -0.00161798
v -0.08150000 -0.01134791 -0.00164791
v -0.08150000 -0.01152111 -0.00166924
v -0.08150000 -0.01169517 -0.00168191
v -0.08150000 -0.01186964 -0.00168588
v -0.08150000 -0.01204409 -0.00168115
v -0.08150000 -0.01221809 -0.00166773
v -0.08150000 -0.01239120 -0.00164566
v -0.08150000 -0.01256300 -0.00161499
v -0.08150000 -0.01273305 -0.00157579
v -0.08150000 -0.01290094 -0.00152816
v -0.08150000 -0.01306625 -0.00147222
v -0.08150000 -0.01322856 -0.00140811
v -0.08150000 -0.01338748 -0.00133599
v -0.08150000 -0.01354260 -0.00125604
v -0.08150000 -0.01369355 -0.00116846
v -0.08150000 -0.01383994 -0.00107346
v -0.08150000 -0.01398141 -0.00097128
v -0.08150000 -0.01411762 -0.00086218
v -0.08150000 -0.01424822 -0.00074643
v -0.08150000 -0.01437288 -0.00062430
v -0.08150000 -0.01449131 -0.00049612
v -0.08150000 -0.01460320 -0.00036219
v -0.08150000 -0.01470827 -0.00022285
v -0.08150000 -0.01480626 -0.00007845
v -0.08150000 -0.01489694 0.00007066
v -0.08150000 -0.01498007 0.00022410
v -0.08150000 -0.01505545 0.00038150
v -0.08150000 -0.01512289 0.00054245
v -0.08150000 -0.01518223 0.00070657
v -0.08150000 -0.01523331 0.00087344
v -0.08150000 -0.01527600 0.00104266
v -0.08150000 -0.01531021 0.00121378
v -0.08150000 -0.01533585 0.00138641
v -0.08150000 -0.01535285 0.00156009
v -0.08150000 -0.01536117 0.00173441
v -0.08150000 -0.01536080 0.00190892
v -0.08150000 -0.01535172 0.00208320
v -0.08150000 -0.01533397 0.00225681
v -0.08150000 -0.01530759 0.00242932
v -0.08150000 -0.01527264 0.00260030
v -0.08150000 -0.01522921 0.00276932
v -0.08150000 -0.01517741 0.00293597
v -0.08150000 -0.01511737 0.00309983
v -0.08150000 -0.01504924 0.00326050
v -0.08150000 -0.01497318 0.00341757
v -0.08150000 -0.01488939 0.00357065
v -0.08150000 -0.01479807 0.00371937
v -0.08150000 -0.01469945 0.00386334
v -0.08150000 -0.01459378 0.00400223
v -0.08150000 -0.01448131 0.00413567
v -0.08150000 -0.01436234 0.00426334
v -0.08150000 -0.01423714 0.00438493
v -0.08150000 -0.01410605 0.00450012
v -0.08150000 -0.01396937 0.00460863
v -0.08150000 -0.01382746 0.00471020
v -0.08150000 -0.01368066 0.00480456
v -0.08150000 -0.01352933 0.00489149
v -0.08150000 -0.01337387 0.00497077
v -0.08150000 -0.01321464 0.00504221
v -0.08150000 -0.01305205 0.00510561
v -0.08150000 -0.01288650 0.00516084
v -0.08150000 -0.01271841 0.00520774
v -0.08150000 -0.01254819 0.00524620
v -0.08150000 -0.01237626 0.00527614
v -0.08150000 -0.01220305 0.00529746
v -0.08150000 -0.01202900 0.00531013
v -0.08150000 -0.01185453 0.00531410
v -0.08150000 -0.01168008 0.00530938
v -0.08150000 -0.01150608 0.00529596
v -0.08150000 -0.01133297 0.00527389
v -0.08150000 -0.01116117 0.00524321
v -0.08150000 -0.01099111 0.00520401
v -0.08150000 -0.01082322 0.00515638
v -0.08150000 -0.01065792 0.00510045
v -0.08150000 -0.01049560 0.00503634
v -0.08150000 -0.01033669 0.00496422
v -0.08150000 -0.01018156 0.00488427
v -0.08150000 -0.01003062 0.00479668
v -0.08150000 -0.00988423 0.00470169
v -0.08150000 -0.00974275 0.00459951
v -0.08150000 -0.00960654 0.00449041
v -0.08150000 -0.00947595 0.00437465
v -0.08150000 -0.00935128 0.00425253
v -0.08150000 -0.00923286 0.00412434
v -0.08150000 -0.00912097 0.00399042
v -0.08150000 -0.00901590 0.00385108
v -0.08150000 -0.00891790 0.00370667
v -0.08150000 -0.00882722 0.00355757
v -0.08150000 -0.00874409 0.00340412
v -0.08150000 -0.00866871 0.00324673
f 1 3 2
f 1 4 3
f 5 6 4
f 5 7 6
f 5 4 1
f 8 7 5
f 9 10 7
f 9 11 10
f 9 7 8
f 12 13 11
f 12 11 9
f 14 13 12
f 15 16 13
f 15 13 14
f 17 18 16
f 17 19 18
f 17 16 15
f 20 19 17
f 21 22 19
f 21 19 20
f 23 22 21
f 23 24 22
f 25 24 23
f 25 26 24
f 27 26 25
f 27 28 26
f 29 28 27
f 29 30 28
f 31 30 29
f 31 32 30
f 33 32 31
f 33 34 32
f 35 34 33
f 35 36 34
f 37 36 35
f 37 38 36
f 39 38 37
f 39 40 38
f 41 40 39
f 41 42 40
f 41 43 42
f 44 43 41
f 45 43 44
f 45 46 43
f 45 47 46
f 48 47 45
f 49 50 47
f 49 51 50
f 49 47 48
f 52 51 49
f 53 54 51
f 53 51 52
f 55 56 54
f 55 57 56
f 55 54 53
f 58 59 57
f 58 57 55
f 60 59 58
f 61 62 59
f 61 63 62
f 61 59 60
f 64 63 61
f 65 66 63
f 65 67 66
f 65 63 64
f 68 67 65
f 69 70 67
f 69 71 70
f 69 67 68
f 72 71 69
f 73 71 72
f 73 74 71
f 75 74 73
f 75 76 74
f 77 76 75
f 77 78 76
f 79 78 77
f 79 80 78
f 81 80 79
f 81 82 80
f 81 83 82
f 84 83 81
f 85 83 84
f 85 86 83
f 87 86 85
f 87 88 86
f 89 88 87
f 89 90 88
f 91 90 89
f 91 92 90
f 93 92 91
f 93 94 92
f 95 94 93
f 95 96 94
f 97 96 95
f 97 98 96
f 99 98 97
f 99 100 98
f 101 100 99
f 101 102 100
f 103 102 101
f 103 104 102
f 105 104 103
f 105 106 104
f 107 106 105
f 107 108 106
f 109 108 107
f 109 110 108
f 111 110 109
f 111 112 110
f 113 112 111
f 113 114 112
f 115 114 113
f 115 116 114
f 117 118 116
f 117 116 115
f 119 120 118
f 119 118 117
f 121 122 120
f 121 120 119
f 123 124 122
f 123 122 121
f 125 124 123
f 125 126 124
f 127 126 125
f 127 128 126
f 129 128 127
f 129 130 128
f 131 130 129
f 131 132 130
f 133 132 131
f 133 134 132
f 135 134 133
f 135 136 134
f 137 136 135
f 137 138 136
f 139 138 137
f 139 140 138
f 141 140 139
f 141 142 140
f 143 142 141
f 143 144 142
f 145 144 143
f 145 146 144
f 147 146 145
f 147 148 146
f 149 148 147
f 149 150 148
f 151 152 150
f 151 150 149
f 153 154 152
f 153 152 151
f 155 156 154
f 155 154 153
f 157 158 156
f 157 156 155
f 159 160 158
f 159 158 157
f 161 162 160
f 161 160 159
f 163 164 162
f 163 162 161
f 165 166 164
f 165 164 163
f 167 168 166
f 167 166 165
f 169 170 168
f 169 168 167
f 171 172 170
f 171 170 169
f 173 174 172
f 173 172 171
f 175 176 174
f 175 174 173
f 177 176 175
f 177 178 176
f 179 178 177
f 179 180 178
f 181 180 179
f 181 182 180
f 183 182 181
f 183 184 182
f 185 186 184
f 185 184 183
f 187 188 186
f 187 189 188
f 187 186 185
f 190 189 187
f 191 192 189
f 191 189 190
f 193 194 192
f 193 192 191
f 195 196 194
f 195 194 193
f 197 198 196
f 197 196 195
f 199 200 198
f 199 201 200
f 199 198 197
f 202 201 199
f 203 204 201
f 203 201 202
f 205 206 204
f 205 204 203
f 207 208 206
f 207 209 208
f 207 206 205
f 210 209 207
f 211 212 209
f 211 209 210
f 213 214 212
f 213 212 211
f 215 216 214
f 215 217 216
f 215 214 213
f 218 217 215
f 219 220 217
f 219 221 220
f 219 217 218
f 222 221 219
f 223 224 221
f 223 221 222
f 225 224 223
f 225 226 224
f 227 226 225
f 227 228 226
f 229 228 227
f 229 230 228
f 231 230 229
f 231 232 230
f 233 232 231
f 233 234 232
f 235 234 233
f 235 236 234
f 237 236 235
f 237 238 236
f 239 238 237
f 239 240 238
f 241 240 239
f 241 242 240
f 243 242 241
f 243 244 242
f 245 244 243
f 245 246 244
f 247 246 245
f 247 248 246
f 249 250 248
f 249 248 247
f 251 250 249
f 251 252 250
f 2 3 252
f 2 252 251
f 253 254 151
f 255 151 254
f 256 253 151
f 256 151 149
f 257 151 255
f 257 153 151
f 258 256 149
f 259 153 257
f 260 258 149
f 261 153 259
f 262 260 149
f 262 149 147
f 263 153 261
f 263 155 153
f 264 262 147
f 265 155 263
f 266 264 147
f 267 155 265
f 268 266 147
f 269 155 267
f 269 157 155
f 270 268 147
f 270 147 145
f 271 157 269
f 272 270 145
f 273 157 271
f 274 272 145
f 275 157 273
f 276 274 145
f 277 157 275
f 277 159 157
f 278 145 143
f 278 276 145
f 279 159 277
f 280 278 143
f 281 159 279
f 282 280 143
f 283 159 281
f 283 161 159
f 284 143 141
f 284 282 143
f 285 161 283
f 286 284 141
f 287 161 285
f 287 163 161
f 288 286 141
f 289 163 287
f 290 288 141
f 290 141 139
f 291 163 289
f 292 290 139
f 293 163 291
f 293 165 163
f 294 292 139
f 295 165 293
f 296 294 139
f 297 165 295
f 297 167 165
f 298 139 137
f 298 296 139
f 299 167 297
f 300 298 137
f 301 167 299
f 301 169 167
f 302 300 137
f 303 169 301
f 304 302 137
f 304 137 135
f 305 304 135
f 306 305 135
f 306 135 133
f 307 306 133
f 308 307 133
f 309 308 133
f 309 133 131
f 310 309 131
f 311 312 181
f 313 181 312
f 314 311 181
f 314 181 179
f 315 181 313
f 315 183 181
f 316 314 179
f 317 183 315
f 318 316 179
f 319 183 317
f 320 318 179
f 320 179 177
f 321 183 319
f 321 185 183
f 322 320 177
f 323 185 321
f 324 322 177
f 324 177 175
f 325 185 323
f 326 324 175
f 327 185 325
f 327 187 185
f 328 326 175
f 329 187 327
f 330 328 175
f 330 175 173
f 331 187 329
f 332 330 173
f 333 187 331
f 334 332 173
f 334 173 171
f 335 187 333
f 335 190 187
f 336 334 171
f 337 190 335
f 338 171 169
f 338 336 171
f 339 190 337
f 340 169 303
f 340 338 169
f 341 190 339
f 342 303 343
f 342 340 303
f 344 190 341
f 344 191 190
f 345 343 346
f 345 342 343
f 347 191 344
f 348 346 349
f 348 345 346
f 350 191 347
f 351 349 352
f 351 348 349
f 353 191 350
f 353 193 191
f 354 352 355
f 354 351 352
f 356 193 353
f 357 355 358
f 357 354 355
f 359 193 356
f 360 358 361
f 360 357 358
f 362 193 359
f 363 361 364
f 363 360 361
f 365 193 362
f 365 195 193
f 366 364 367
f 366 363 364
f 368 195 365
f 369 367 370
f 369 366 367
f 371 195 368
f 372 370 373
f 372 369 370
f 374 195 371
f 374 197 195
f 375 373 376
f 375 372 373
f 377 197 374
f 378 375 376
f 378 376 379
f 380 197 377
f 381 379 382
f 381 378 379
f 383 197 380
f 383 199 197
f 384 382 385
f 384 385 386
f 384 381 382
f 387 199 383
f 388 384 386
f 389 199 387
f 390 199 389
f 391 393 392
f 394 395 393
f 394 393 391
f 396 392 397
f 396 391 392
f 398 399 395
f 398 395 394
f 400 397 401
f 400 396 397
f 402 403 399
f 402 399 398
f 404 401 405
f 404 400 401
f 406 407 403
f 406 403 402
f 408 405 409
f 408 404 405
f 410 411 407
f 410 407 406
f 412 199 390
f 412 202 199
f 413 408 409
f 413 409 414
f 415 416 411
f 415 411 410
f 417 414 418
f 417 413 414
f 419 420 416
f 419 416 415
f 421 417 418
f 421 418 422
f 423 424 420
f 423 420 419
f 425 202 412
f 426 422 427
f 426 421 422
f 428 424 423
f 428 429 424
f 430 426 427
f 430 427 310
f 431 429 428
f 431 432 429
f 433 310 131
f 433 430 310
f 434 202 425
f 435 432 431
f 435 436 432
f 437 433 131
f 438 439 436
f 438 436 435
f 440 203 202
f 440 202 434
f 441 437 131
f 441 131 129
f 442 439 438
f 442 443 439
f 444 441 129
f 445 443 442
f 445 446 443
f 447 203 440
f 448 444 129
f 448 129 127
f 449 450 446
f 449 446 445
f 451 448 127
f 452 203 447
f 453 454 450
f 453 450 449
f 455 451 127
f 456 457 454
f 456 454 453
f 458 455 127
f 458 127 125
f 459 460 457
f 459 457 456
f 205 203 452
f 205 452 461
f 462 205 461
f 463 458 125
f 464 465 460
f 464 460 459
f 466 205 462
f 467 125 123
f 467 463 125
f 468 469 465
f 468 465 464
f 470 467 123
f 471 472 469
f 471 469 468
f 473 470 123
f 474 475 472
f 474 472 471
f 476 477 475
f 476 475 474
f 478 479 477
f 478 477 476
f 480 479 478
f 481 479 480
f 481 482 479
f 483 484 482
f 483 482 481
f 207 205 466
f 207 466 485
f 486 487 484
f 486 484 483
f 488 489 473
f 488 473 123
f 490 123 121
f 490 488 123
f 491 489 488
f 491 492 489
f 493 490 121
f 494 492 491
f 494 495 492
f 496 493 121
f 497 495 494
f 497 498 495
f 499 496 121
f 499 121 119
f 500 501 498
f 500 498 497
f 502 499 119
f 503 501 500
f 503 504 501
f 505 119 117
f 505 502 119
f 506 504 503
f 506 507 504
f 508 505 117
f 509 510 507
f 509 507 506
f 511 508 117
f 512 513 510
f 512 510 509
f 514 117 115
f 514 511 117
f 515 516 513
f 515 513 512
f 517 514 115
f 518 520 519
f 521 519 522
f 521 522 523
f 521 518 519
f 524 525 520
f 524 526 525
f 524 520 518
f 527 528 516
f 527 516 515
f 529 523 530
f 529 530 531
f 529 521 523
f 532 533 526
f 532 526 524
f 534 517 115
f 535 531 536
f 535 529 531
f 537 539 538
f 537 538 533
f 537 533 532
f 540 528 527
f 540 541 528
f 542 536 543
f 542 543 544
f 542 535 536
f 545 534 115
f 546 539 537
f 546 547 539
f 548 541 540
f 548 549 541
f 550 544 487
f 550 487 486
f 550 542 544
f 551 545 115
f 551 115 113
f 552 547 546
f 552 386 547
f 552 388 386
f 552 553 388
f 554 549 548
f 554 555 549
f 556 486 557
f 556 557 558
f 556 550 486
f 559 551 113
f 560 553 552
f 560 561 553
f 562 555 554
f 562 563 555
f 564 558 565
f 564 565 566
f 564 556 558
f 567 559 113
f 568 561 560
f 568 570 569
f 568 569 561
f 571 563 562
f 571 572 563
f 573 566 574
f 573 574 575
f 573 564 566
f 576 113 111
f 576 567 113
f 577 578 572
f 577 572 571
f 579 570 568
f 579 580 570
f 581 576 111
f 582 575 583
f 582 573 575
f 584 585 578
f 584 578 577
f 586 580 579
f 586 588 587
f 586 587 580
f 589 581 111
f 590 591 585
f 590 585 584
f 592 583 593
f 592 593 594
f 592 582 583
f 595 597 596
f 598 596 599
f 598 595 596
f 600 601 597
f 600 597 595
f 602 589 111
f 602 111 109
f 603 598 599
f 603 599 604
f 605 601 600
f 605 606 601
f 607 603 604
f 607 604 608
f 609 606 605
f 609 610 606
f 611 612 588
f 611 588 586
f 613 607 608
f 613 608 614
f 615 610 609
f 615 616 610
f 617 591 590
f 617 618 591
f 619 613 614
f 619 614 620
f 621 616 615
f 621 622 616
f 623 619 620
f 623 620 624
f 625 594 626
f 625 626 627
f 625 592 594
f 628 602 109
f 629 622 621
f 629 630 622
f 631 623 624
f 631 624 632
f 633 630 629
f 633 634 630
f 635 618 617
f 635 636 618
f 637 612 611
f 637 639 638
f 637 638 612
f 640 631 632
f 640 632 641
f 642 634 633
f 642 643 634
f 644 628 109
f 645 640 641
f 645 641 646
f 647 643 642
f 647 648 643
f 649 625 627
f 649 627 650
f 649 650 651
f 652 653 636
f 652 636 635
f 654 645 646
f 654 646 655
f 656 657 648
f 656 648 647
f 658 644 109
f 659 639 637
f 659 661 660
f 659 660 639
f 662 654 655
f 662 655 663
f 664 657 656
f 664 665 657
f 666 653 652
f 666 667 653
f 668 662 663
f 669 649 651
f 669 651 670
f 669 670 671
f 672 658 109
f 672 109 107
f 673 674 665
f 673 665 664
f 675 668 663
f 675 663 676
f 677 667 666
f 677 678 667
f 679 674 673
f 679 680 674
f 681 661 659
f 681 682 661
f 683 672 107
f 684 675 676
f 684 676 685
f 686 680 679
f 686 687 680
f 688 671 689
f 688 689 690
f 688 669 671
f 691 678 677
f 691 692 678
f 693 684 685
f 693 685 694
f 695 683 107
f 696 687 686
f 696 697 687
f 698 682 681
f 698 700 699
f 698 699 682
f 701 693 694
f 701 694 702
f 703 692 691
f 703 704 692
f 705 706 697
f 705 697 696
f 707 695 107
f 708 690 709
f 708 709 710
f 708 688 690
f 711 701 702
f 711 702 712
f 713 706 705
f 713 714 706
f 715 716 704
f 715 704 703
f 717 711 712
f 717 700 698
f 717 712 700
f 718 107 105
f 718 707 107
f 719 720 714
f 719 714 713
f 721 722 716
f 721 716 715
f 723 710 724
f 723 708 710
f 723 724 725
f 726 718 105
f 727 728 720
f 727 720 719
f 729 730 722
f 729 722 721
f 731 733 732
f 731 732 711
f 731 711 717
f 734 485 728
f 734 728 727
f 735 726 105
f 736 723 725
f 736 725 737
f 736 737 738
f 739 730 729
f 739 740 730
f 741 485 734
f 741 207 485
f 742 105 103
f 742 735 105
f 743 745 744
f 743 744 733
f 743 733 731
f 746 740 739
f 746 747 740
f 748 210 207
f 748 207 741
f 749 742 103
f 750 738 751
f 750 736 738
f 750 751 752
f 753 210 748
f 754 747 746
f 754 755 747
f 756 749 103
f 757 759 758
f 757 758 745
f 757 745 743
f 760 210 753
f 761 755 754
f 761 762 755
f 763 756 103
f 764 752 765
f 764 765 766
f 764 750 752
f 767 211 210
f 767 210 760
f 768 762 761
f 768 769 762
f 770 759 757
f 770 771 759
f 772 763 103
f 773 211 767
f 774 776 775
f 774 775 769
f 774 769 768
f 777 764 766
f 777 766 778
f 777 778 779
f 780 213 211
f 780 211 773
f 781 782 776
f 781 776 774
f 783 785 784
f 783 784 771
f 783 771 770
f 786 213 780
f 787 788 782
f 787 782 781
f 101 772 103
f 101 790 789
f 101 789 772
f 791 777 779
f 791 779 792
f 791 792 793
f 794 790 101
f 795 213 786
f 796 788 787
f 797 799 798
f 797 798 785
f 797 785 783
f 800 215 213
f 800 213 795
f 801 791 793
f 801 793 802
f 801 802 803
f 804 215 800
f 805 807 806
f 805 806 799
f 805 799 797
f 808 801 803
f 808 803 809
f 810 807 805
f 810 812 811
f 810 811 807
f 813 808 809
f 813 809 814
f 813 814 815
f 816 818 817
f 816 817 812
f 816 812 810
f 99 820 819
f 99 819 821
f 99 821 794
f 99 794 101
f 822 824 823
f 822 813 815
f 822 815 824
f 825 827 826
f 825 826 818
f 825 818 816
f 828 823 829
f 828 829 788
f 828 822 823
f 830 832 831
f 830 831 827
f 830 827 825
f 833 788 796
f 833 796 834
f 833 828 788
f 835 837 836
f 835 836 832
f 835 832 830
f 838 834 839
f 838 839 840
f 838 833 834
f 841 843 842
f 841 842 837
f 841 837 835
f 97 820 99
f 97 845 844
f 97 844 846
f 97 846 847
f 97 847 820
f 848 838 840
f 848 840 849
f 850 852 851
f 850 851 843
f 850 843 841
f 853 849 854
f 853 854 855
f 853 848 849
f 856 857 852
f 856 852 850
f 856 858 857
f 859 855 860
f 859 860 861
f 859 853 855
f 862 858 856
f 862 864 863
f 862 863 858
f 865 861 866
f 865 859 861
f 867 864 862
f 867 869 868
f 867 868 864
f 95 845 97
f 95 871 870
f 95 870 872
f 95 872 845
f 873 875 874
f 873 866 875
f 873 865 866
f 876 869 867
f 876 877 869
f 878 873 874
f 878 874 879
f 880 877 876
f 880 882 881
f 880 881 877
f 883 879 884
f 883 884 885
f 883 878 879
f 886 882 880
f 886 888 887
f 886 887 882
f 889 891 890
f 892 889 890
f 892 890 893
f 894 895 891
f 894 891 889
f 896 892 893
f 896 893 897
f 898 895 894
f 898 899 895
f 900 896 897
f 900 897 901
f 902 899 898
f 902 903 899
f 904 900 901
f 904 901 905
f 906 903 902
f 906 907 903
f 908 904 905
f 908 905 909
f 910 907 906
f 910 911 907
f 912 909 913
f 912 908 909
f 914 883 885
f 914 885 915
f 916 911 910
f 916 917 911
f 918 913 919
f 918 912 913
f 920 917 916
f 920 921 917
f 922 919 923
f 922 923 924
f 922 918 919
f 925 921 920
f 925 926 921
f 927 922 924
f 927 924 928
f 929 888 886
f 929 931 930
f 929 930 888
f 932 926 925
f 932 933 926
f 93 935 934
f 93 934 871
f 93 871 95
f 936 928 937
f 936 927 928
f 938 215 804
f 938 933 932
f 938 804 933
f 939 937 940
f 939 936 937
f 941 218 215
f 941 215 938
f 942 914 915
f 942 915 943
f 944 940 945
f 944 939 940
f 946 218 941
f 947 945 948
f 947 944 945
f 949 218 946
f 950 931 929
f 951 948 952
f 951 947 948
f 953 219 218
f 953 218 949
f 954 951 952
f 954 952 955
f 956 219 953
f 957 955 958
f 957 954 955
f 959 219 956
f 959 222 219
f 960 958 961
f 960 957 958
f 962 222 959
f 963 961 964
f 963 960 961
f 965 222 962
f 966 964 967
f 966 963 964
f 968 223 222
f 968 222 965
f 969 967 970
f 969 966 967
f 971 223 968
f 972 970 973
f 972 969 970
f 974 223 971
f 975 973 976
f 975 972 973
f 91 978 977
f 91 977 979
f 91 979 935
f 91 935 93
f 980 223 974
f 981 975 976
f 981 976 982
f 983 223 980
f 983 225 223
f 984 981 982
f 984 982 985
f 986 225 983
f 987 984 985
f 987 985 988
f 987 988 989
f 990 225 986
f 991 987 989
f 991 989 931
f 992 225 990
f 227 225 992
f 993 991 931
f 993 931 950
f 994 227 992
f 995 993 950
f 995 950 996
f 997 227 994
f 998 995 996
f 999 227 997
f 1000 996 1001
f 1000 998 996
f 1002 1000 1001
f 1002 1001 1003
f 89 978 91
f 89 1005 1004
f 89 1004 978
f 1006 1002 1003
f 1007 1006 1003
f 1007 1003 1008
f 1009 1007 1008
f 1010 1008 1011
f 1010 1009 1008
f 229 227 999
f 229 999 1012
f 229 1012 1013
f 229 1013 1014
f 229 1014 1015
f 1016 1011 1017
f 1016 1010 1011
f 1018 1016 1017
f 1019 1017 1020
f 1019 1018 1017
f 1021 1019 1020
f 1021 1020 1022
f 1023 1021 1022
f 87 1005 89
f 87 1025 1024
f 87 1024 1005
f 1026 1023 1022
f 1026 1022 1027
f 1028 1026 1027
f 1028 1027 1029
f 1030 1028 1029
f 231 229 1015
f 231 1015 1031
f 231 1031 1032
f 231 1032 1033
f 85 1025 87
f 85 1034 1025
f 233 231 1033
f 233 1033 1035
f 233 1035 1036
f 233 1036 1037
f 233 1037 1038
f 235 1038 1039
f 235 1039 1040
f 235 1040 1041
f 235 1041 1042
f 235 233 1038
f 1043 1044 942
f 1045 1043 942
f 1045 942 943
f 1046 1047 1044
f 1046 1044 1043
f 1048 943 1049
f 1048 1045 943
f 1050 1047 1046
f 1051 1049 1052
f 1051 1052 1053
f 1051 1048 1049
f 1054 1055 1047
f 1054 1047 1050
f 1056 1051 1053
f 1056 1053 1057
f 1058 1059 1055
f 1058 1055 1054
f 1060 1056 1057
f 1061 1059 1058
f 1062 1057 1063
f 1062 1060 1057
f 1064 1059 1061
f 1064 1065 1059
f 1066 1068 1067
f 1069 1066 1067
f 1070 1068 1066
f 1071 1062 1063
f 1071 1063 1072
f 1073 1067 1074
f 1073 1069 1067
f 1075 1068 1070
f 1075 1076 1068
f 1077 1073 1074
f 1078 1065 1064
f 1078 1079 1065
f 1080 1076 1075
f 1081 1074 1082
f 1081 1077 1074
f 1083 1072 1084
f 1083 1084 1085
f 1083 1071 1072
f 1086 1076 1080
f 1086 1087 1076
f 1088 1081 1082
f 1089 1079 1078
f 1090 1087 1086
f 1091 1088 1082
f 1091 1082 1092
f 1093 1083 1085
f 1093 1085 1094
f 1095 1087 1090
f 1095 1096 1087
f 1097 1079 1089
f 1097 1098 1079
f 1099 1091 1092
f 1100 1096 1095
f 1101 1093 1094
f 1102 1099 1092
f 1102 1092 1103
f 1104 1098 1097
f 1105 1096 1100
f 1105 1106 1096
f 1107 1094 1108
f 1107 1108 1109
f 1107 1101 1094
f 1110 1102 1103
f 1110 1103 1111
f 1112 1113 1098
f 1112 1098 1104
f 1114 1106 1105
f 1115 1110 1111
f 1116 1107 1109
f 1117 1106 1114
f 1117 1118 1106
f 1119 1120 1113
f 1119 1113 1112
f 1121 1115 1111
f 1121 1111 1122
f 1123 1116 1109
f 1123 1109 1124
f 1125 1118 1117
f 1126 1120 1119
f 1127 1121 1122
f 1128 1123 1124
f 1128 1124 1129
f 1128 1129 1130
f 1131 1132 1118
f 1131 1118 1125
f 1133 1122 1134
f 1133 1127 1122
f 1135 1120 1126
f 1135 1136 1120
f 1137 1132 1131
f 1138 1128 1130
f 1139 1133 1134
f 1140 1136 1135
f 1141 1132 1137
f 1141 1142 1132
f 1143 1130 1144
f 1143 1144 1034
f 1143 1138 1130
f 1145 1134 1136
f 1145 1139 1134
f 1145 1136 1140
f 1146 1145 1140
f 1147 1142 1141
f 1148 1034 85
f 1148 1143 1034
f 1149 1145 1146
f 1150 1149 1146
f 1151 1142 1147
f 1151 1152 1142
f 1153 85 84
f 1153 1148 85
f 1154 1149 1150
f 237 235 1042
f 237 1042 1155
f 237 1155 1156
f 237 1156 1157
f 1158 1154 1150
f 1159 1152 1151
f 1160 1153 84
f 1161 1154 1158
f 1162 1161 1158
f 1163 1152 1159
f 1163 1164 1152
f 1165 1161 1162
f 1166 84 81
f 1166 1160 84
f 1167 1164 1163
f 1167 1168 1164
f 1169 1165 1162
f 1170 1165 1169
f 1171 1166 81
f 1172 1168 1167
f 1173 1170 1169
f 1173 1169 1174
f 1175 1171 81
f 1176 1177 1168
f 1176 1168 1172
f 1178 1173 1174
f 1178 1174 1179
f 79 1180 1175
f 79 1175 81
f 1181 1177 1176
f 1182 1178 1179
f 1182 1179 1183
f 1184 1180 79
f 1185 1186 1177
f 1185 1177 1181
f 1187 1182 1183
f 1187 1183 1188
f 1189 1184 79
f 1190 1186 1185
f 1191 1188 1192
f 1191 1187 1188
f 1193 1194 1186
f 1193 1186 1190
f 1195 1192 1196
f 1195 1191 1192
f 239 237 1157
f 239 1157 1197
f 239 1197 1198
f 239 1198 1199
f 1200 1196 1201
f 1200 1195 1196
f 1202 1200 1201
f 1202 1201 1203
f 1204 1202 1203
f 1204 1203 1205
f 1206 1204 1205
f 1206 1205 1207
f 77 1209 1208
f 77 1208 1189
f 77 1189 79
f 1210 1206 1207
f 1210 1207 1211
f 1212 1210 1211
f 1212 1211 1213
f 1214 1212 1213
f 1215 1214 1213
f 1216 1214 1215
f 1217 1216 1215
f 241 239 1199
f 241 1199 1218
f 241 1218 1219
f 241 1219 1220
f 241 1220 1221
f 1222 1216 1217
f 1223 1222 1217
f 1224 1222 1223
f 1225 1224 1223
f 1226 1224 1225
f 1227 1226 1225
f 1228 1226 1227
f 1229 1228 1227
f 1230 1228 1229
f 75 1232 1231
f 75 1231 1233
f 75 1233 1209
f 75 1209 77
f 1234 1230 1229
f 1235 1230 1234
f 1236 1235 1234
f 1237 1239 1238
f 1237 1240 1239
f 1241 1242 1239
f 1241 1239 1240
f 1243 1238 1244
f 1243 1237 1238
f 1245 1242 1241
f 1246 1243 1244
f 1247 1248 1242
f 1247 1242 1245
f 1249 1235 1236
f 1250 1244 1194
f 1250 1246 1244
f 1251 1248 1247
f 1251 1252 1248
f 1253 1249 1236
f 1254 1250 1194
f 1254 1194 1193
f 1255 1252 1251
f 1256 1193 1257
f 1256 1254 1193
f 1258 1252 1255
f 1258 1259 1252
f 1260 1256 1257
f 1260 1257 1261
f 1260 1261 1262
f 1263 1249 1253
f 1264 1265 1259
f 1264 1259 1258
f 1266 1263 1253
f 1267 1260 1262
f 1267 1262 1268
f 1269 1265 1264
f 1270 1267 1268
f 1270 1268 1271
f 1272 1263 1266
f 1273 1274 1265
f 1273 1265 1269
f 1275 1272 1266
f 1276 1270 1271
f 1276 1271 1277
f 243 241 1221
f 243 1221 1278
f 243 1278 1279
f 243 1279 1280
f 1281 1029 1274
f 1281 1274 1273
f 1282 1276 1277
f 1282 1277 1283
f 1284 1272 1275
f 1285 1284 1275
f 1286 1029 1281
f 1286 1030 1029
f 1287 1283 1288
f 1287 1282 1283
f 1289 1290 1030
f 1289 1030 1286
f 1291 1284 1285
f 1292 1291 1285
f 1293 1288 1294
f 1293 1287 1288
f 1295 1296 1290
f 1295 1290 1289
f 1297 1291 1292
f 1298 1293 1294
f 1298 1294 1299
f 1300 1297 1292
f 1301 1302 1296
f 1301 1296 1295
f 1303 1297 1300
f 1304 1298 1299
f 1304 1299 1305
f 1306 1303 1300
f 1307 1309 1308
f 1307 1308 1302
f 1307 1302 1301
f 1310 1303 1306
f 1311 1304 1305
f 1311 1305 1312
f 1313 1310 1306
f 73 1315 1314
f 73 1314 1316
f 73 1316 1317
f 73 1317 1232
f 73 1232 75
f 1318 1309 1307
f 1319 1310 1313
f 1320 1311 1312
f 1320 1312 1321
f 1322 1319 1313
f 1323 1325 1324
f 1323 1324 1309
f 1323 1309 1318
f 1326 1319 1322
f 1327 1326 1322
f 1328 1320 1321
f 1328 1321 1329
f 1330 1326 1327
f 1331 1325 1323
f 1332 1330 1327
f 1333 1328 1329
f 1333 1329 1334
f 1335 1330 1332
f 1336 1335 1332
f 1337 1339 1338
f 1337 1338 1325
f 1337 1325 1331
f 1340 1335 1336
f 1341 1333 1334
f 1341 1334 1342
f 1343 1344 1339
f 1343 1339 1337
f 1345 1341 1342
f 1345 1342 1346
f 245 1280 1347
f 245 1347 1348
f 245 243 1280
f 1349 1344 1343
f 1350 1345 1346
f 1350 1346 1351
f 1352 1344 1349
f 1352 1353 1344
f 1354 1350 1351
f 1354 1351 1355
f 1356 1353 1352
f 1356 1357 1353
f 1358 1354 1355
f 1358 1355 1359
f 1358 1359 1360
f 1361 1362 1357
f 1361 1357 1356
f 1363 1360 1364
f 1363 1358 1360
f 72 1366 1365
f 72 1365 1367
f 72 1367 1315
f 72 1315 73
f 1368 1362 1361
f 1368 1369 1362
f 1370 1364 1371
f 1370 1363 1364
f 1372 1369 1368
f 1372 1373 1369
f 1374 1371 1375
f 1374 1370 1371
f 1376 1373 1372
f 1376 1377 1373
f 1378 1375 1379
f 1378 1374 1375
f 247 245 1348
f 247 1348 1380
f 247 1380 1381
f 247 1381 1382
f 1383 1379 1384
f 1383 1378 1379
f 1385 1384 1386
f 1385 1383 1384
f 1387 1386 1388
f 1387 1385 1386
f 1389 1388 1390
f 1389 1387 1388
f 69 1392 1391
f 69 1391 1393
f 69 1393 1366
f 69 1366 72
f 1394 1390 1395
f 1394 1389 1390
f 1396 1395 1397
f 1396 1394 1395
f 1398 1397 1399
f 1398 1396 1397
f 249 247 1382
f 249 1382 1400
f 249 1400 1401
f 1402 1399 1403
f 1402 1398 1399
f 1404 1403 1405
f 1404 1402 1403
f 1406 1405 1407
f 1406 1404 1405
f 1408 1407 1409
f 1408 1406 1407
f 68 1411 1410
f 68 1410 1412
f 68 1412 1413
f 68 1413 1392
f 68 1392 69
f 1414 1409 1415
f 1414 1408 1409
f 1416 1415 1417
f 1416 1414 1415
f 1418 1417 1419
f 1418 1416 1417
f 251 249 1401
f 251 1401 1420
f 251 1420 1421
f 65 1423 1422
f 65 1422 1424
f 65 1424 1425
f 65 1425 1411
f 65 1411 68
f 2 1377 1376
f 2 1376 1426
f 2 251 1421
f 2 1421 1377
f 64 1428 1427
f 64 1427 1429
f 64 1429 1423
f 64 1423 65
f 1 1426 1430
f 1 1430 1431
f 1 2 1426
f 61 1433 1432
f 61 1432 1434
f 61 1434 1428
f 61 1428 64
f 61 1435 1433
f 5 1 1431
f 5 1431 1436
f 5 1436 1437
f 60 1435 61
f 60 1439 1438
f 60 1438 1440
f 60 1440 1435
f 8 1437 1441
f 8 1441 1442
f 8 1442 1443
f 8 5 1437
f 58 1439 60
f 58 1445 1444
f 58 1444 1446
f 58 1446 1439
f 9 8 1443
f 9 1443 1447
f 9 1447 1448
f 55 1445 58
f 55 1450 1449
f 55 1449 1451
f 55 1451 1452
f 55 1452 1445
f 12 1448 1453
f 12 1453 1454
f 12 1454 1455
f 12 9 1448
f 53 1457 1456
f 53 1456 1458
f 53 1458 1450
f 53 1450 55
f 14 12 1455
f 14 1455 1459
f 14 1459 1460
f 14 1460 1461
f 14 1461 1462
f 52 1457 53
f 52 1464 1463
f 52 1463 1457
f 15 1462 1465
f 15 1465 1466
f 15 1466 1467
f 15 14 1462
f 49 1464 52
f 49 1469 1468
f 49 1468 1470
f 49 1470 1464
f 17 1467 1471
f 17 1471 1472
f 17 1472 1473
f 17 15 1467
f 48 1469 49
f 48 1474 1340
f 48 1340 1336
f 48 1336 1469
f 20 1473 1475
f 20 1475 1476
f 20 1476 1477
f 20 1477 1478
f 20 17 1473
f 45 1480 1479
f 45 1479 1481
f 45 1481 1474
f 45 1474 48
f 21 1478 1482
f 21 1482 1483
f 21 1483 1484
f 21 20 1478
f 44 1486 1485
f 44 1485 1480
f 44 1480 45
f 23 21 1484
f 23 1484 1487
f 23 1487 1488
f 23 1488 1489
f 23 1489 1490
f 41 1492 1491
f 41 1491 1493
f 41 1493 1486
f 41 1486 44
f 25 1490 1494
f 25 1494 1495
f 25 1495 1496
f 25 1496 1497
f 25 23 1490
f 39 1492 41
f 39 1419 1492
f 39 1498 1418
f 39 1418 1419
f 27 25 1497
f 27 1497 1499
f 27 1499 1500
f 27 1500 1501
f 37 1498 39
f 37 1503 1502
f 37 1502 1504
f 37 1504 1498
f 29 27 1501
f 29 1501 1505
f 29 1505 1506
f 29 1506 1507
f 35 1503 37
f 35 1509 1508
f 35 1508 1503
f 31 29 1507
f 31 1507 1510
f 31 1510 1511
f 31 1511 1512
f 31 1512 1513
f 33 1509 35
f 33 31 1513
f 33 1513 1514
f 33 1514 1515
f 33 1515 1509
f 1029 1516 1274
f 1516 1517 1274
f 1517 1518 1265
f 1518 1519 1265
f 1274 1517 1265
f 1265 1519 1259
f 1519 1520 1252
f 1520 1521 1252
f 1259 1519 1252
f 1521 1522 1248
f 1252 1521 1248
f 1248 1522 1242
f 1522 1523 1239
f 1242 1522 1239
f 1523 1524 1238
f 1524 1525 1238
f 1239 1523 1238
f 1238 1525 1244
f 1525 1526 1194
f 1244 1525 1194
f 1194 1526 1186
f 1526 1527 1186
f 1186 1527 1177
f 1527 1528 1177
f 1177 1528 1168
f 1528 1529 1168
f 1168 1529 1164
f 1529 1530 1164
f 1164 1530 1152
f 1530 1531 1152
f 1152 1531 1142
f 1531 1532 1142
f 1142 1532 1132
f 1532 1533 1132
f 1132 1533 1118
f 1533 1534 1118
f 1118 1534 1106
f 1534 1535 1106
f 1106 1535 1096
f 1535 1536 1096
f 1536 1537 1096
f 1096 1537 1087
f 1087 1537 1076
f 1537 1538 1076
f 1538 1539 1076
f 1076 1539 1068
f 1539 1540 1067
f 1540 1541 1067
f 1068 1539 1067
f 1067 1541 1074
f 1541 1542 1082
f 1074 1541 1082
f 1542 1543 1092
f 1543 1544 1092
f 1082 1542 1092
f 1544 1545 1103
f 1092 1544 1103
f 1103 1545 1111
f 1545 1546 1122
f 1546 1547 1122
f 1111 1545 1122
f 1122 1547 1134
f 1547 1548 1136
f 1548 1549 1136
f 1134 1547 1136
f 1136 1549 1120
f 1549 1550 1113
f 1550 1551 1113
f 1120 1549 1113
f 1113 1551 1098
f 1098 1551 1079
f 1551 1552 1079
f 1079 1552 1065
f 1552 1553 1065
f 1065 1553 1059
f 1553 1554 1059
f 1059 1554 1055
f 1554 1555 1055
f 1055 1555 1047
f 1555 1556 1047
f 1556 1557 1047
f 1047 1557 1044
f 1044 1557 942
f 1557 1558 942
f 942 1558 914
f 1558 1559 914
f 914 1559 883
f 1559 1560 883
f 883 1560 878
f 1560 1561 878
f 878 1561 873
f 1561 1562 873
f 873 1562 865
f 1562 1563 865
f 865 1563 859
f 1563 1564 859
f 859 1564 853
f 1564 1565 853
f 853 1565 848
f 1565 1566 848
f 848 1566 838
f 1566 1567 838
f 838 1567 833
f 1567 1568 833
f 833 1568 828
f 1568 1569 828
f 828 1569 822
f 1569 1570 822
f 822 1570 813
f 1570 1571 813
f 813 1571 808
f 1571 1572 808
f 808 1572 801
f 1572 1573 801
f 1573 1574 791
f 801 1573 791
f 1574 1575 777
f 791 1574 777
f 1575 1576 764
f 777 1575 764
f 1576 1577 750
f 764 1576 750
f 750 1577 736
f 1577 1578 736
f 736 1578 723
f 1578 1579 723
f 723 1579 708
f 1579 1580 708
f 708 1580 688
f 1580 1581 688
f 688 1581 669
f 1581 1582 669
f 669 1582 649
f 1582 1583 649
f 649 1583 625
f 1583 1584 625
f 625 1584 592
f 1584 1585 592
f 592 1585 582
f 1585 1586 582
f 582 1586 573
f 1586 1587 573
f 573 1587 564
f 1587 1588 564
f 564 1588 556
f 1588 1589 556
f 556 1589 550
f 1589 1590 550
f 1590 1591 542
f 550 1590 542
f 1591 1592 535
f 542 1591 535
f 1592 1593 529
f 535 1592 529
f 1593 1594 521
f 529 1593 521
f 1594 1595 518
f 521 1594 518
f 1595 1596 524
f 518 1595 524
f 1596 1597 532
f 524 1596 532
f 1597 1598 537
f 532 1597 537
f 1598 1599 546
f 537 1598 546
f 1599 1600 552
f 546 1599 552
f 1600 1601 560
f 552 1600 560
f 1601 1602 568
f 560 1601 568
f 1602 1603 579
f 568 1602 579
f 579 1603 586
f 1603 1604 586
f 586 1604 611
f 1604 1605 611
f 611 1605 637
f 1605 1606 637
f 637 1606 659
f 1606 1607 659
f 1607 1608 681
f 659 1607 681
f 1608 1609 698
f 1609 1610 698
f 681 1608 698
f 698 1610 717
f 1610 1611 731
f 717 1610 731
f 1611 1612 743
f 731 1611 743
f 1612 1613 757
f 743 1612 757
f 1613 1614 770
f 757 1613 770
f 1614 1615 783
f 1615 1616 783
f 770 1614 783
f 783 1616 797
f 1616 1617 805
f 797 1616 805
f 1617 1618 810
f 805 1617 810
f 1618 1619 816
f 1619 1620 816
f 810 1618 816
f 816 1620 825
f 1620 1621 830
f 825 1620 830
f 1621 1622 835
f 830 1621 835
f 1622 1623 841
f 1623 1624 841
f 835 1622 841
f 841 1624 850
f 1624 1625 856
f 1625 1626 856
f 850 1624 856
f 856 1626 862
f 1626 1627 867
f 862 1626 867
f 867 1627 876
f 1627 1628 876
f 876 1628 880
f 1628 1629 880
f 880 1629 886
f 1629 1630 886
f 886 1630 929
f 1630 1631 929
f 929 1631 950
f 1631 1632 950
f 950 1632 996
f 1632 1633 996
f 996 1633 1001
f 1633 1634 1001
f 1001 1634 1003
f 1634 1635 1003
f 1003 1635 1008
f 1635 1636 1008
f 1008 1636 1011
f 1636 1637 1011
f 1011 1637 1017
f 1637 1638 1017
f 1017 1638 1020
f 1638 1639 1020
f 1639 1640 1022
f 1020 1639 1022
f 1022 1640 1027
f 1640 1641 1027
f 1641 1516 1029
f 1027 1641 1029
f 875 1642 874
f 1642 1643 874
f 1643 1644 879
f 1644 1645 879
f 874 1643 879
f 879 1645 884
f 1645 1646 885
f 1646 1647 885
f 884 1645 885
f 1647 1648 915
f 885 1647 915
f 915 1648 943
f 1648 1649 1049
f 943 1648 1049
f 1649 1650 1052
f 1650 1651 1052
f 1049 1649 1052
f 1052 1651 1053
f 1651 1652 1057
f 1053 1651 1057
f 1057 1652 1063
f 1652 1653 1063
f 1063 1653 1072
f 1653 1654 1072
f 1072 1654 1084
f 1654 1655 1084
f 1084 1655 1085
f 1655 1656 1085
f 1085 1656 1094
f 1656 1657 1094
f 1094 1657 1108
f 1657 1658 1108
f 1108 1658 1109
f 1658 1659 1109
f 1109 1659 1124
f 1659 1660 1124
f 1124 1660 1129
f 1660 1661 1129
f 1129 1661 1130
f 1661 1662 1130
f 1662 1663 1130
f 1130 1663 1144
f 1144 1663 1034
f 1663 1664 1034
f 1664 1665 1034
f 1034 1665 1025
f 1665 1666 1024
f 1666 1667 1024
f 1025 1665 1024
f 1024 1667 1005
f 1667 1668 1004
f 1005 1667 1004
f 1668 1669 978
f 1669 1670 978
f 1004 1668 978
f 1670 1671 977
f 978 1670 977
f 977 1671 979
f 1671 1672 935
f 1672 1673 935
f 979 1671 935
f 935 1673 934
f 1673 1674 871
f 1674 1675 871
f 934 1673 871
f 871 1675 870
f 1675 1676 872
f 1676 1677 872
f 870 1675 872
f 872 1677 845
f 845 1677 844
f 1677 1678 844
f 844 1678 846
f 1678 1679 846
f 846 1679 847
f 1679 1680 847
f 847 1680 820
f 1680 1681 820
f 820 1681 819
f 1681 1682 819
f 1682 1683 819
f 819 1683 821
f 821 1683 794
f 1683 1684 794
f 794 1684 790
f 1684 1685 790
f 790 1685 789
f 1685 1686 789
f 789 1686 772
f 1686 1687 772
f 772 1687 763
f 1687 1688 763
f 763 1688 756
f 1688 1689 756
f 756 1689 749
f 1689 1690 749
f 749 1690 742
f 1690 1691 742
f 742 1691 735
f 1691 1692 735
f 735 1692 726
f 1692 1693 726
f 726 1693 718
f 1693 1694 718
f 718 1694 707
f 1694 1695 707
f 707 1695 695
f 1695 1696 695
f 695 1696 683
f 1696 1697 683
f 683 1697 672
f 1697 1698 672
f 672 1698 658
f 1698 1699 658
f 1699 1700 644
f 658 1699 644
f 1700 1701 628
f 644 1700 628
f 1701 1702 602
f 628 1701 602
f 1702 1703 589
f 602 1702 589
f 589 1703 581
f 1703 1704 581
f 581 1704 576
f 1704 1705 576
f 576 1705 567
f 1705 1706 567
f 567 1706 559
f 1706 1707 559
f 559 1707 551
f 1707 1708 551
f 551 1708 545
f 1708 1709 545
f 545 1709 534
f 1709 1710 534
f 534 1710 517
f 1710 1711 517
f 517 1711 514
f 1711 1712 514
f 514 1712 511
f 1712 1713 511
f 511 1713 508
f 1713 1714 508
f 508 1714 505
f 1714 1715 505
f 505 1715 502
f 1715 1716 502
f 1716 1717 499
f 502 1716 499
f 1717 1718 496
f 499 1717 496
f 1718 1719 493
f 496 1718 493
f 1719 1720 490
f 493 1719 490
f 1720 1721 488
f 490 1720 488
f 1721 1722 491
f 488 1721 491
f 1722 1723 494
f 491 1722 494
f 1723 1724 497
f 494 1723 497
f 1724 1725 500
f 497 1724 500
f 1725 1726 503
f 500 1725 503
f 1726 1727 506
f 503 1726 506
f 1727 1728 509
f 506 1727 509
f 1728 1729 512
f 509 1728 512
f 512 1729 515
f 1729 1730 515
f 515 1730 527
f 1730 1731 527
f 527 1731 540
f 1731 1732 540
f 540 1732 548
f 1732 1733 548
f 1733 1734 554
f 548 1733 554
f 1734 1735 562
f 1735 1736 562
f 554 1734 562
f 562 1736 571
f 1736 1737 577
f 571 1736 577
f 1737 1738 584
f 577 1737 584
f 1738 1739 590
f 584 1738 590
f 1739 1740 617
f 590 1739 617
f 1740 1741 635
f 1741 1742 635
f 617 1740 635
f 635 1742 652
f 1742 1743 666
f 652 1742 666
f 1743 1744 677
f 666 1743 677
f 1744 1745 691
f 1745 1746 691
f 677 1744 691
f 691 1746 703
f 1746 1747 715
f 703 1746 715
f 1747 1748 721
f 715 1747 721
f 1748 1749 729
f 1749 1750 729
f 721 1748 729
f 729 1750 739
f 1750 1751 746
f 1751 1752 746
f 739 1750 746
f 746 1752 754
f 1752 1753 761
f 754 1752 761
f 761 1753 768
f 1753 1754 768
f 768 1754 774
f 1754 1755 774
f 774 1755 781
f 1755 1756 781
f 781 1756 787
f 1756 1757 787
f 787 1757 796
f 1757 1758 796
f 796 1758 834
f 1758 1759 834
f 834 1759 839
f 1759 1760 839
f 839 1760 840
f 1760 1761 840
f 840 1761 849
f 1761 1762 849
f 849 1762 854
f 1762 1763 854
f 854 1763 855
f 1763 1764 855
f 855 1764 860
f 1764 1765 860
f 1765 1766 861
f 860 1765 861
f 861 1766 866
f 1766 1767 866
f 1767 1642 875
f 866 1767 875
f 1306 1768 1313
f 1768 1769 1313
f 1769 1770 1322
f 1770 1771 1322
f 1313 1769 1322
f 1322 1771 1327
f 1771 1772 1332
f 1772 1773 1332
f 1327 1771 1332
f 1773 1774 1336
f 1332 1773 1336
f 1336 1774 1469
f 1774 1775 1468
f 1469 1774 1468
f 1775 1776 1470
f 1776 1777 1470
f 1468 1775 1470
f 1470 1777 1464
f 1777 1778 1463
f 1464 1777 1463
f 1463 1778 1457
f 1778 1779 1457
f 1457 1779 1456
f 1779 1780 1456
f 1456 1780 1458
f 1780 1781 1458
f 1458 1781 1450
f 1781 1782 1450
f 1450 1782 1449
f 1782 1783 1449
f 1449 1783 1451
f 1783 1784 1451
f 1451 1784 1452
f 1784 1785 1452
f 1452 1785 1445
f 1785 1786 1445
f 1445 1786 1444
f 1786 1787 1444
f 1444 1787 1446
f 1787 1788 1446
f 1788 1789 1446
f 1446 1789 1439
f 1439 1789 1438
f 1789 1790 1438
f 1790 1791 1438
f 1438 1791 1440
f 1791 1792 1435
f 1792 1793 1435
f 1440 1791 1435
f 1435 1793 1433
f 1793 1794 1432
f 1433 1793 1432
f 1794 1795 1434
f 1795 1796 1434
f 1432 1794 1434
f 1796 1797 1428
f 1434 1796 1428
f 1428 1797 1427
f 1797 1798 1429
f 1798 1799 1429
f 1427 1797 1429
f 1429 1799 1423
f 1799 1800 1422
f 1800 1801 1422
f 1423 1799 1422
f 1422 1801 1424
f 1801 1802 1425
f 1802 1803 1425
f 1424 1801 1425
f 1425 1803 1411
f 1411 1803 1410
f 1803 1804 1410
f 1410 1804 1412
f 1804 1805 1412
f 1412 1805 1413
f 1805 1806 1413
f 1413 1806 1392
f 1806 1807 1392
f 1392 1807 1391
f 1807 1808 1391
f 1808 1809 1391
f 1391 1809 1393
f 1393 1809 1366
f 1809 1810 1366
f 1366 1810 1365
f 1810 1811 1365
f 1365 1811 1367
f 1811 1812 1367
f 1367 1812 1315
f 1812 1813 1315
f 1315 1813 1314
f 1813 1814 1314
f 1314 1814 1316
f 1814 1815 1316
f 1316 1815 1317
f 1815 1816 1317
f 1317 1816 1232
f 1816 1817 1232
f 1232 1817 1231
f 1817 1818 1231
f 1231 1818 1233
f 1818 1819 1233
f 1233 1819 1209
f 1819 1820 1209
f 1209 1820 1208
f 1820 1821 1208
f 1208 1821 1189
f 1821 1822 1189
f 1189 1822 1184
f 1822 1823 1184
f 1184 1823 1180
f 1823 1824 1180
f 1180 1824 1175
f 1824 1825 1175
f 1825 1826 1171
f 1175 1825 1171
f 1826 1827 1166
f 1171 1826 1166
f 1827 1828 1160
f 1166 1827 1160
f 1828 1829 1153
f 1160 1828 1153
f 1153 1829 1148
f 1829 1830 1148
f 1148 1830 1143
f 1830 1831 1143
f 1143 1831 1138
f 1831 1832 1138
f 1138 1832 1128
f 1832 1833 1128
f 1128 1833 1123
f 1833 1834 1123
f 1123 1834 1116
f 1834 1835 1116
f 1116 1835 1107
f 1835 1836 1107
f 1107 1836 1101
f 1836 1837 1101
f 1101 1837 1093
f 1837 1838 1093
f 1093 1838 1083
f 1838 1839 1083
f 1083 1839 1071
f 1839 1840 1071
f 1071 1840 1062
f 1840 1841 1062
f 1062 1841 1060
f 1841 1842 1060
f 1842 1843 1056
f 1060 1842 1056
f 1843 1844 1051
f 1056 1843 1051
f 1844 1845 1048
f 1051 1844 1048
f 1845 1846 1045
f 1048 1845 1045
f 1846 1847 1043
f 1045 1846 1043
f 1847 1848 1046
f 1043 1847 1046
f 1848 1849 1050
f 1046 1848 1050
f 1849 1850 1054
f 1050 1849 1054
f 1850 1851 1058
f 1054 1850 1058
f 1851 1852 1061
f 1058 1851 1061
f 1852 1853 1064
f 1061 1852 1064
f 1853 1854 1078
f 1064 1853 1078
f 1854 1855 1089
f 1078 1854 1089
f 1089 1855 1097
f 1855 1856 1097
f 1097 1856 1104
f 1856 1857 1104
f 1104 1857 1112
f 1857 1858 1112
f 1112 1858 1119
f 1858 1859 1119
f 1859 1860 1126
f 1119 1859 1126
f 1860 1861 1135
f 1861 1862 1135
f 1126 1860 1135
f 1135 1862 1140
f 1862 1863 1146
f 1140 1862 1146
f 1863 1864 1150
f 1146 1863 1150
f 1864 1865 1158
f 1150 1864 1158
f 1865 1866 1162
f 1158 1865 1162
f 1866 1867 1169
f 1867 1868 1169
f 1162 1866 1169
f 1169 1868 1174
f 1868 1869 1179
f 1174 1868 1179
f 1869 1870 1183
f 1179 1869 1183
f 1870 1871 1188
f 1871 1872 1188
f 1183 1870 1188
f 1188 1872 1192
f 1872 1873 1196
f 1192 1872 1196
f 1873 1874 1201
f 1196 1873 1201
f 1874 1875 1203
f 1875 1876 1203
f 1201 1874 1203
f 1203 1876 1205
f 1876 1877 1207
f 1877 1878 1207
f 1205 1876 1207
f 1207 1878 1211
f 1878 1879 1213
f 1211 1878 1213
f 1213 1879 1215
f 1879 1880 1215
f 1215 1880 1217
f 1880 1881 1217
f 1217 1881 1223
f 1881 1882 1223
f 1223 1882 1225
f 1882 1883 1225
f 1225 1883 1227
f 1883 1884 1227
f 1227 1884 1229
f 1884 1885 1229
f 1229 1885 1234
f 1885 1886 1234
f 1234 1886 1236
f 1886 1887 1236
f 1236 1887 1253
f 1887 1888 1253
f 1253 1888 1266
f 1888 1889 1266
f 1266 1889 1275
f 1889 1890 1275
f 1275 1890 1285
f 1890 1891 1285
f 1891 1892 1292
f 1285 1891 1292
f 1292 1892 1300
f 1892 1893 1300
f 1893 1768 1306
f 1300 1893 1306
f 525 1894 520
f 1894 1895 520
f 1895 1896 519
f 1896 1897 519
f 520 1895 519
f 519 1897 522
f 1897 1898 523
f 1898 1899 523
f 522 1897 523
f 1899 1900 530
f 523 1899 530
f 530 1900 531
f 1900 1901 536
f 531 1900 536
f 1901 1902 543
f 1902 1903 543
f 536 1901 543
f 543 1903 544
f 1903 1904 487
f 544 1903 487
f 487 1904 484
f 1904 1905 484
f 484 1905 482
f 1905 1906 482
f 482 1906 479
f 1906 1907 479
f 479 1907 477
f 1907 1908 477
f 477 1908 475
f 1908 1909 475
f 475 1909 472
f 1909 1910 472
f 472 1910 469
f 1910 1911 469
f 469 1911 465
f 1911 1912 465
f 465 1912 460
f 1912 1913 460
f 460 1913 457
f 1913 1914 457
f 1914 1915 457
f 457 1915 454
f 454 1915 450
f 1915 1916 450
f 1916 1917 450
f 450 1917 446
f 1917 1918 443
f 1918 1919 443
f 446 1917 443
f 443 1919 439
f 1919 1920 436
f 439 1919 436
f 1920 1921 432
f 1921 1922 432
f 436 1920 432
f 1922 1923 429
f 432 1922 429
f 429 1923 424
f 1923 1924 420
f 1924 1925 420
f 424 1923 420
f 420 1925 416
f 1925 1926 411
f 1926 1927 411
f 416 1925 411
f 411 1927 407
f 1927 1928 403
f 1928 1929 403
f 407 1927 403
f 403 1929 399
f 399 1929 395
f 1929 1930 395
f 395 1930 393
f 1930 1931 393
f 393 1931 392
f 1931 1932 392
f 392 1932 397
f 1932 1933 397
f 397 1933 401
f 1933 1934 401
f 1934 1935 401
f 401 1935 405
f 405 1935 409
f 1935 1936 409
f 409 1936 414
f 1936 1937 414
f 414 1937 418
f 1937 1938 418
f 418 1938 422
f 1938 1939 422
f 422 1939 427
f 1939 1940 427
f 427 1940 310
f 1940 1941 310
f 310 1941 309
f 1941 1942 309
f 309 1942 308
f 1942 1943 308
f 308 1943 307
f 1943 1944 307
f 307 1944 306
f 1944 1945 306
f 306 1945 305
f 1945 1946 305
f 305 1946 304
f 1946 1947 304
f 304 1947 302
f 1947 1948 302
f 302 1948 300
f 1948 1949 300
f 300 1949 298
f 1949 1950 298
f 298 1950 296
f 1950 1951 296
f 1951 1952 294
f 296 1951 294
f 1952 1953 292
f 294 1952 292
f 1953 1954 290
f 292 1953 290
f 1954 1955 288
f 290 1954 288
f 288 1955 286
f 1955 1956 286
f 286 1956 284
f 1956 1957 284
f 284 1957 282
f 1957 1958 282
f 282 1958 280
f 1958 1959 280
f 280 1959 278
f 1959 1960 278
f 278 1960 276
f 1960 1961 276
f 276 1961 274
f 1961 1962 274
f 274 1962 272
f 1962 1963 272
f 272 1963 270
f 1963 1964 270
f 270 1964 268
f 1964 1965 268
f 268 1965 266
f 1965 1966 266
f 266 1966 264
f 1966 1967 264
f 264 1967 262
f 1967 1968 262
f 1968 1969 260
f 262 1968 260
f 1969 1970 258
f 260 1969 258
f 1970 1971 256
f 258 1970 256
f 1971 1972 253
f 256 1971 253
f 1972 1973 254
f 253 1972 254
f 1973 1974 255
f 254 1973 255
f 1974 1975 257
f 255 1974 257
f 1975 1976 259
f 257 1975 259
f 1976 1977 261
f 259 1976 261
f 1977 1978 263
f 261 1977 263
f 1978 1979 265
f 263 1978 265
f 1979 1980 267
f 265 1979 267
f 1980 1981 269
f 267 1980 269
f 269 1981 271
f 1981 1982 271
f 271 1982 273
f 1982 1983 273
f 273 1983 275
f 1983 1984 275
f 275 1984 277
f 1984 1985 277
f 1985 1986 279
f 277 1985 279
f 1986 1987 281
f 1987 1988 281
f 279 1986 281
f 281 1988 283
f 1988 1989 285
f 283 1988 285
f 1989 1990 287
f 285 1989 287
f 1990 1991 289
f 287 1990 289
f 1991 1992 291
f 289 1991 291
f 1992 1993 293
f 1993 1994 293
f 291 1992 293
f 293 1994 295
f 1994 1995 297
f 295 1994 297
f 1995 1996 299
f 297 1995 299
f 1996 1997 301
f 1997 1998 301
f 299 1996 301
f 301 1998 303
f 1998 1999 343
f 303 1998 343
f 1999 2000 346
f 343 1999 346
f 2000 2001 349
f 2001 2002 349
f 346 2000 349
f 349 2002 352
f 2002 2003 355
f 2003 2004 355
f 352 2002 355
f 355 2004 358
f 2004 2005 361
f 358 2004 361
f 361 2005 364
f 2005 2006 364
f 364 2006 367
f 2006 2007 367
f 367 2007 370
f 2007 2008 370
f 370 2008 373
f 2008 2009 373
f 373 2009 376
f 2009 2010 376
f 376 2010 379
f 2010 2011 379
f 379 2011 382
f 2011 2012 382
f 382 2012 385
f 2012 2013 385
f 385 2013 386
f 2013 2014 386
f 386 2014 547
f 2014 2015 547
f 547 2015 539
f 2015 2016 539
f 539 2016 538
f 2016 2017 538
f 2017 2018 533
f 538 2017 533
f 533 2018 526
f 2018 2019 526
f 2019 1894 525
f 526 2019 525
f 1467 2020 1471
f 2020 2021 1471
f 2021 2022 1472
f 2022 2023 1472
f 1471 2021 1472
f 1472 2023 1473
f 2023 2024 1475
f 1473 2023 1475
f 2024 2025 1476
f 1475 2024 1476
f 2025 2026 1477
f 2026 2027 1477
f 1476 2025 1477
f 1477 2027 1478
f 2027 2028 1482
f 1478 2027 1482
f 2028 2029 1483
f 1482 2028 1483
f 2029 2030 1484
f 1483 2029 1484
f 1484 2030 1487
f 2030 2031 1487
f 1487 2031 1488
f 2031 2032 1488
f 1488 2032 1489
f 2032 2033 1489
f 1489 2033 1490
f 2033 2034 1490
f 1490 2034 1494
f 2034 2035 1494
f 1494 2035 1495
f 2035 2036 1495
f 1495 2036 1496
f 2036 2037 1496
f 2037 2038 1496
f 1496 2038 1497
f 1497 2038 1499
f 2038 2039 1499
f 2039 2040 1499
f 1499 2040 1500
f 1500 2040 1501
f 2040 2041 1501
f 1501 2041 1505
f 2041 2042 1505
f 2042 2043 1506
f 1505 2042 1506
f 2043 2044 1507
f 1506 2043 1507
f 2044 2045 1510
f 1507 2044 1510
f 2045 2046 1511
f 1510 2045 1511
f 2046 2047 1512
f 1511 2046 1512
f 2047 2048 1513
f 1512 2047 1513
f 2048 2049 1514
f 1513 2048 1514
f 2049 2050 1515
f 2050 2051 1515
f 1514 2049 1515
f 2051 2052 1509
f 1515 2051 1509
f 1509 2052 1508
f 2052 2053 1503
f 1508 2052 1503
f 2053 2054 1502
f 1503 2053 1502
f 2054 2055 1504
f 1502 2054 1504
f 2055 2056 1498
f 1504 2055 1498
f 1498 2056 1418
f 2056 2057 1418
f 1418 2057 1416
f 2057 2058 1416
f 1416 2058 1414
f 2058 2059 1414
f 1414 2059 1408
f 2059 2060 1408
f 2060 2061 1408
f 1408 2061 1406
f 1406 2061 1404
f 2061 2062 1404
f 1404 2062 1402
f 2062 2063 1402
f 1402 2063 1398
f 2063 2064 1398
f 1398 2064 1396
f 2064 2065 1396
f 1396 2065 1394
f 2065 2066 1394
f 1394 2066 1389
f 2066 2067 1389
f 1389 2067 1387
f 2067 2068 1387
f 1387 2068 1385
f 2068 2069 1385
f 1385 2069 1383
f 2069 2070 1383
f 1383 2070 1378
f 2070 2071 1378
f 1378 2071 1374
f 2071 2072 1374
f 1374 2072 1370
f 2072 2073 1370
f 1370 2073 1363
f 2073 2074 1363
f 2074 2075 1363
f 1363 2075 1358
f 1358 2075 1354
f 2075 2076 1354
f 1354 2076 1350
f 2076 2077 1350
f 2077 2078 1345
f 1350 2077 1345
f 2078 2079 1341
f 1345 2078 1341
f 2079 2080 1333
f 1341 2079 1333
f 2080 2081 1328
f 1333 2080 1328
f 1328 2081 1320
f 2081 2082 1320
f 1320 2082 1311
f 2082 2083 1311
f 1311 2083 1304
f 2083 2084 1304
f 1304 2084 1298
f 2084 2085 1298
f 1298 2085 1293
f 2085 2086 1293
f 1293 2086 1287
f 2086 2087 1287
f 2087 2088 1287
f 1287 2088 1282
f 1282 2088 1276
f 2088 2089 1276
f 1276 2089 1270
f 2089 2090 1270
f 1270 2090 1267
f 2090 2091 1267
f 1267 2091 1260
f 2091 2092 1260
f 1260 2092 1256
f 2092 2093 1256
f 1256 2093 1254
f 2093 2094 1254
f 2094 2095 1250
f 1254 2094 1250
f 2095 2096 1246
f 1250 2095 1246
f 2096 2097 1243
f 1246 2096 1243
f 2097 2098 1237
f 1243 2097 1237
f 2098 2099 1240
f 1237 2098 1240
f 2099 2100 1241
f 1240 2099 1241
f 2100 2101 1245
f 1241 2100 1245
f 2101 2102 1247
f 1245 2101 1247
f 2102 2103 1251
f 1247 2102 1251
f 2103 2104 1255
f 1251 2103 1255
f 2104 2105 1258
f 1255 2104 1258
f 2105 2106 1264
f 1258 2105 1264
f 2106 2107 1269
f 1264 2106 1269
f 1269 2107 1273
f 2107 2108 1273
f 1273 2108 1281
f 2108 2109 1281
f 1281 2109 1286
f 2109 2110 1286
f 1286 2110 1289
f 2110 2111 1289
f 2111 2112 1295
f 1289 2111 1295
f 2112 2113 1301
f 1295 2112 1301
f 2113 2114 1307
f 1301 2113 1307
f 2114 2115 1318
f 2115 2116 1318
f 1307 2114 1318
f 1318 2116 1323
f 2116 2117 1331
f 1323 2116 1331
f 2117 2118 1337
f 1331 2117 1337
f 2118 2119 1343
f 2119 2120 1343
f 1337 2118 1343
f 1343 2120 1349
f 2120 2121 1352
f 1349 2120 1352
f 2121 2122 1356
f 1352 2121 1356
f 2122 2123 1361
f 2123 2124 1361
f 1356 2122 1361
f 2124 2125 1368
f 1361 2124 1368
f 1368 2125 1372
f 2125 2126 1376
f 2126 2127 1376
f 1372 2125 1376
f 1376 2127 1426
f 2127 2128 1430
f 1426 2127 1430
f 2128 2129 1431
f 1430 2128 1431
f 2129 2130 1436
f 1431 2129 1436
f 2130 2131 1437
f 2131 2132 1437
f 1436 2130 1437
f 1437 2132 1441
f 1441 2132 1442
f 2132 2133 1442
f 1442 2133 1443
f 2133 2134 1443
f 1443 2134 1447
f 2134 2135 1447
f 1447 2135 1448
f 2135 2136 1448
f 2136 2137 1448
f 1448 2137 1453
f 1453 2137 1454
f 2137 2138 1454
f 2138 2139 1454
f 1454 2139 1455
f 1455 2139 1459
f 2139 2140 1459
f 1459 2140 1460
f 2140 2141 1460
f 2141 2142 1460
f 1460 2142 1461
f 1461 2142 1462
f 2142 2143 1462
f 2143 2144 1462
f 1462 2144 1465
f 2144 2145 1466
f 1465 2144 1466
f 2145 2020 1467
f 1466 2145 1467
f 697 2146 687
f 2146 2147 687
f 2147 2148 680
f 2148 2149 680
f 687 2147 680
f 680 2149 674
f 2149 2150 665
f 2150 2151 665
f 674 2149 665
f 2151 2152 657
f 665 2151 657
f 657 2152 648
f 2152 2153 643
f 648 2152 643
f 2153 2154 634
f 2154 2155 634
f 643 2153 634
f 634 2155 630
f 2155 2156 622
f 630 2155 622
f 622 2156 616
f 2156 2157 616
f 616 2157 610
f 2157 2158 610
f 610 2158 606
f 2158 2159 606
f 606 2159 601
f 2159 2160 601
f 601 2160 597
f 2160 2161 597
f 597 2161 596
f 2161 2162 596
f 596 2162 599
f 2162 2163 599
f 599 2163 604
f 2163 2164 604
f 604 2164 608
f 2164 2165 608
f 608 2165 614
f 2165 2166 614
f 2166 2167 614
f 614 2167 620
f 620 2167 624
f 2167 2168 624
f 2168 2169 624
f 624 2169 632
f 2169 2170 641
f 2170 2171 641
f 632 2169 641
f 641 2171 646
f 2171 2172 655
f 646 2171 655
f 2172 2173 663
f 2173 2174 663
f 655 2172 663
f 2174 2175 676
f 663 2174 676
f 676 2175 685
f 2175 2176 694
f 2176 2177 694
f 685 2175 694
f 694 2177 702
f 2177 2178 712
f 2178 2179 712
f 702 2177 712
f 712 2179 700
f 2179 2180 699
f 2180 2181 699
f 700 2179 699
f 699 2181 682
f 682 2181 661
f 2181 2182 661
f 661 2182 660
f 2182 2183 660
f 660 2183 639
f 2183 2184 639
f 639 2184 638
f 2184 2185 638
f 638 2185 612
f 2185 2186 612
f 2186 2187 612
f 612 2187 588
f 588 2187 587
f 2187 2188 587
f 587 2188 580
f 2188 2189 580
f 580 2189 570
f 2189 2190 570
f 570 2190 569
f 2190 2191 569
f 569 2191 561
f 2191 2192 561
f 561 2192 553
f 2192 2193 553
f 553 2193 388
f 2193 2194 388
f 388 2194 384
f 2194 2195 384
f 384 2195 381
f 2195 2196 381
f 381 2196 378
f 2196 2197 378
f 378 2197 375
f 2197 2198 375
f 375 2198 372
f 2198 2199 372
f 372 2199 369
f 2199 2200 369
f 369 2200 366
f 2200 2201 366
f 366 2201 363
f 2201 2202 363
f 363 2202 360
f 2202 2203 360
f 2203 2204 357
f 360 2203 357
f 2204 2205 354
f 357 2204 354
f 2205 2206 351
f 354 2205 351
f 2206 2207 348
f 351 2206 348
f 348 2207 345
f 2207 2208 345
f 345 2208 342
f 2208 2209 342
f 342 2209 340
f 2209 2210 340
f 340 2210 338
f 2210 2211 338
f 338 2211 336
f 2211 2212 336
f 336 2212 334
f 2212 2213 334
f 334 2213 332
f 2213 2214 332
f 332 2214 330
f 2214 2215 330
f 330 2215 328
f 2215 2216 328
f 328 2216 326
f 2216 2217 326
f 326 2217 324
f 2217 2218 324
f 324 2218 322
f 2218 2219 322
f 322 2219 320
f 2219 2220 320
f 2220 2221 318
f 320 2220 318
f 2221 2222 316
f 318 2221 316
f 2222 2223 314
f 316 2222 314
f 2223 2224 311
f 314 2223 311
f 2224 2225 312
f 311 2224 312
f 2225 2226 313
f 312 2225 313
f 2226 2227 315
f 313 2226 315
f 2227 2228 317
f 315 2227 317
f 2228 2229 319
f 317 2228 319
f 2229 2230 321
f 319 2229 321
f 2230 2231 323
f 321 2230 323
f 2231 2232 325
f 323 2231 325
f 2232 2233 327
f 325 2232 327
f 327 2233 329
f 2233 2234 329
f 329 2234 331
f 2234 2235 331
f 331 2235 333
f 2235 2236 333
f 333 2236 335
f 2236 2237 335
f 2237 2238 337
f 335 2237 337
f 2238 2239 339
f 2239 2240 339
f 337 2238 339
f 339 2240 341
f 2240 2241 344
f 341 2240 344
f 2241 2242 347
f 344 2241 347
f 2242 2243 350
f 347 2242 350
f 2243 2244 353
f 350 2243 353
f 2244 2245 356
f 2245 2246 356
f 353 2244 356
f 356 2246 359
f 2246 2247 362
f 359 2246 362
f 2247 2248 365
f 362 2247 365
f 2248 2249 368
f 2249 2250 368
f 365 2248 368
f 368 2250 371
f 2250 2251 374
f 371 2250 374
f 2251 2252 377
f 374 2251 377
f 2252 2253 380
f 2253 2254 380
f 377 2252 380
f 380 2254 383
f 2254 2255 387
f 2255 2256 387
f 383 2254 387
f 387 2256 389
f 2256 2257 390
f 389 2256 390
f 390 2257 412
f 2257 2258 412
f 412 2258 425
f 2258 2259 425
f 425 2259 434
f 2259 2260 434
f 434 2260 440
f 2260 2261 440
f 440 2261 447
f 2261 2262 447
f 447 2262 452
f 2262 2263 452
f 452 2263 461
f 2263 2264 461
f 461 2264 462
f 2264 2265 462
f 462 2265 466
f 2265 2266 466
f 466 2266 485
f 2266 2267 485
f 485 2267 728
f 2267 2268 728
f 728 2268 720
f 2268 2269 720
f 2269 2270 714
f 720 2269 714
f 714 2270 706
f 2270 2271 706
f 2271 2146 697
f 706 2271 697
f 1157 2272 1197
f 2272 2273 1197
f 2273 2274 1198
f 2274 2275 1198
f 1197 2273 1198
f 1198 2275 1199
f 2275 2276 1218
f 1199 2275 1218
f 2276 2277 1219
f 1218 2276 1219
f 2277 2278 1220
f 2278 2279 1220
f 1219 2277 1220
f 1220 2279 1221
f 2279 2280 1278
f 1221 2279 1278
f 2280 2281 1279
f 1278 2280 1279
f 2281 2282 1280
f 1279 2281 1280
f 1280 2282 1347
f 2282 2283 1347
f 1347 2283 1348
f 2283 2284 1348
f 1348 2284 1380
f 2284 2285 1380
f 1380 2285 1381
f 2285 2286 1381
f 1381 2286 1382
f 2286 2287 1382
f 1382 2287 1400
f 2287 2288 1400
f 1400 2288 1401
f 2288 2289 1401
f 2289 2290 1401
f 1401 2290 1420
f 1420 2290 1421
f 2290 2291 1421
f 2291 2292 1421
f 1421 2292 1377
f 1377 2292 1373
f 2292 2293 1373
f 1373 2293 1369
f 2293 2294 1369
f 2294 2295 1362
f 1369 2294 1362
f 2295 2296 1357
f 1362 2295 1357
f 2296 2297 1353
f 1357 2296 1353
f 2297 2298 1344
f 1353 2297 1344
f 2298 2299 1339
f 1344 2298 1339
f 2299 2300 1338
f 1339 2299 1338
f 2300 2301 1325
f 1338 2300 1325
f 2301 2302 1324
f 2302 2303 1324
f 1325 2301 1324
f 2303 2304 1309
f 1324 2303 1309
f 1309 2304 1308
f 2304 2305 1302
f 1308 2304 1302
f 2305 2306 1296
f 1302 2305 1296
f 2306 2307 1290
f 1296 2306 1290
f 2307 2308 1030
f 1290 2307 1030
f 1030 2308 1028
f 2308 2309 1028
f 1028 2309 1026
f 2309 2310 1026
f 1026 2310 1023
f 2310 2311 1023
f 1023 2311 1021
f 2311 2312 1021
f 2312 2313 1021
f 1021 2313 1019
f 1019 2313 1018
f 2313 2314 1018
f 1018 2314 1016
f 2314 2315 1016
f 1016 2315 1010
f 2315 2316 1010
f 1010 2316 1009
f 2316 2317 1009
f 1009 2317 1007
f 2317 2318 1007
f 1007 2318 1006
f 2318 2319 1006
f 1006 2319 1002
f 2319 2320 1002
f 1002 2320 1000
f 2320 2321 1000
f 1000 2321 998
f 2321 2322 998
f 998 2322 995
f 2322 2323 995
f 995 2323 993
f 2323 2324 993
f 993 2324 991
f 2324 2325 991
f 991 2325 987
f 2325 2326 987
f 2326 2327 987
f 987 2327 984
f 984 2327 981
f 2327 2328 981
f 981 2328 975
f 2328 2329 975
f 2329 2330 972
f 975 2329 972
f 2330 2331 969
f 972 2330 969
f 2331 2332 966
f 969 2331 966
f 2332 2333 963
f 966 2332 963
f 963 2333 960
f 2333 2334 960
f 960 2334 957
f 2334 2335 957
f 957 2335 954
f 2335 2336 954
f 954 2336 951
f 2336 2337 951
f 951 2337 947
f 2337 2338 947
f 947 2338 944
f 2338 2339 944
f 2339 2340 944
f 944 2340 939
f 939 2340 936
f 2340 2341 936
f 936 2341 927
f 2341 2342 927
f 927 2342 922
f 2342 2343 922
f 922 2343 918
f 2343 2344 918
f 918 2344 912
f 2344 2345 912
f 912 2345 908
f 2345 2346 908
f 2346 2347 904
f 908 2346 904
f 2347 2348 900
f 904 2347 900
f 2348 2349 896
f 900 2348 896
f 2349 2350 892
f 896 2349 892
f 2350 2351 889
f 892 2350 889
f 2351 2352 894
f 889 2351 894
f 2352 2353 898
f 894 2352 898
f 2353 2354 902
f 898 2353 902
f 2354 2355 906
f 902 2354 906
f 2355 2356 910
f 906 2355 910
f 2356 2357 916
f 910 2356 916
f 2357 2358 920
f 916 2357 920
f 2358 2359 925
f 920 2358 925
f 925 2359 932
f 2359 2360 932
f 932 2360 938
f 2360 2361 938
f 938 2361 941
f 2361 2362 941
f 941 2362 946
f 2362 2363 946
f 2363 2364 949
f 946 2363 949
f 2364 2365 953
f 949 2364 953
f 2365 2366 956
f 953 2365 956
f 2366 2367 959
f 2367 2368 959
f 956 2366 959
f 959 2368 962
f 2368 2369 965
f 962 2368 965
f 2369 2370 968
f 965 2369 968
f 2370 2371 971
f 2371 2372 971
f 968 2370 971
f 971 2372 974
f 2372 2373 980
f 974 2372 980
f 2373 2374 983
f 980 2373 983
f 2374 2375 986
f 2375 2376 986
f 983 2374 986
f 2376 2377 990
f 986 2376 990
f 990 2377 992
f 2377 2378 994
f 2378 2379 994
f 992 2377 994
f 994 2379 997
f 2379 2380 999
f 997 2379 999
f 2380 2381 1012
f 999 2380 1012
f 2381 2382 1013
f 1012 2381 1013
f 2382 2383 1014
f 2383 2384 1014
f 1013 2382 1014
f 1014 2384 1015
f 1015 2384 1031
f 2384 2385 1031
f 1031 2385 1032
f 2385 2386 1032
f 1032 2386 1033
f 2386 2387 1033
f 1033 2387 1035
f 2387 2388 1035
f 2388 2389 1035
f 1035 2389 1036
f 1036 2389 1037
f 2389 2390 1037
f 2390 2391 1037
f 1037 2391 1038
f 1038 2391 1039
f 2391 2392 1039
f 1039 2392 1040
f 2392 2393 1040
f 2393 2394 1040
f 1040 2394 1041
f 1041 2394 1042
f 2394 2395 1042
f 2395 2396 1042
f 1042 2396 1155
f 2396 2397 1156
f 1155 2396 1156
f 2397 2272 1157
f 1156 2397 1157
f 724 2398 725
f 2398 2399 725
f 2399 2400 737
f 725 2399 737
f 2400 2401 738
f 737 2400 738
f 2401 2402 751
f 2402 2403 751
f 738 2401 751
f 751 2403 752
f 2403 2404 765
f 752 2403 765
f 2404 2405 766
f 765 2404 766
f 2405 2406 778
f 2406 2407 778
f 766 2405 778
f 778 2407 779
f 2407 2408 792
f 779 2407 792
f 2408 2409 793
f 792 2408 793
f 793 2409 802
f 2409 2410 802
f 802 2410 803
f 2410 2411 803
f 2411 2412 803
f 803 2412 809
f 809 2412 814
f 2412 2413 814
f 814 2413 815
f 2413 2414 815
f 815 2414 824
f 2414 2415 824
f 2415 2416 824
f 824 2416 823
f 823 2416 829
f 2416 2417 829
f 829 2417 788
f 2417 2418 788
f 2418 2419 782
f 788 2418 782
f 2419 2420 776
f 782 2419 776
f 2420 2421 775
f 776 2420 775
f 2421 2422 769
f 775 2421 769
f 2422 2423 762
f 769 2422 762
f 2423 2424 755
f 762 2423 755
f 2424 2425 747
f 755 2424 747
f 2425 2426 740
f 747 2425 740
f 2426 2427 730
f 740 2426 730
f 2427 2428 722
f 730 2427 722
f 2428 2429 716
f 722 2428 716
f 2429 2430 704
f 716 2429 704
f 2430 2431 692
f 704 2430 692
f 2431 2432 678
f 692 2431 678
f 2432 2433 667
f 678 2432 667
f 2433 2434 653
f 667 2433 653
f 653 2434 636
f 2434 2435 636
f 636 2435 618
f 2435 2436 618
f 618 2436 591
f 2436 2437 591
f 591 2437 585
f 2437 2438 585
f 585 2438 578
f 2438 2439 578
f 578 2439 572
f 2439 2440 572
f 572 2440 563
f 2440 2441 563
f 563 2441 555
f 2441 2442 555
f 555 2442 549
f 2442 2443 549
f 549 2443 541
f 2443 2444 541
f 541 2444 528
f 2444 2445 528
f 528 2445 516
f 2445 2446 516
f 516 2446 513
f 2446 2447 513
f 513 2447 510
f 2447 2448 510
f 510 2448 507
f 2448 2449 507
f 507 2449 504
f 2449 2450 504
f 504 2450 501
f 2450 2451 501
f 501 2451 498
f 2451 2452 498
f 498 2452 495
f 2452 2453 495
f 2453 2454 492
f 495 2453 492
f 2454 2455 489
f 492 2454 489
f 2455 2456 473
f 489 2455 473
f 2456 2457 470
f 473 2456 470
f 2457 2458 467
f 470 2457 467
f 467 2458 463
f 2458 2459 463
f 463 2459 458
f 2459 2460 458
f 458 2460 455
f 2460 2461 455
f 455 2461 451
f 2461 2462 451
f 2462 2463 451
f 451 2463 448
f 2463 2464 448
f 448 2464 444
f 2464 2465 444
f 444 2465 441
f 441 2465 437
f 2465 2466 437
f 437 2466 433
f 2466 2467 433
f 2467 2468 433
f 433 2468 430
f 430 2468 426
f 2468 2469 426
f 2469 2470 426
f 426 2470 421
f 2470 2471 421
f 421 2471 417
f 2471 2472 417
f 417 2472 413
f 2472 2473 413
f 413 2473 408
f 2473 2474 408
f 408 2474 404
f 404 2474 400
f 2474 2475 400
f 2475 2476 400
f 2476 2477 396
f 400 2476 396
f 2477 2478 391
f 396 2477 391
f 2478 2479 394
f 391 2478 394
f 2479 2480 398
f 394 2479 398
f 398 2480 402
f 2480 2481 406
f 402 2480 406
f 2481 2482 410
f 406 2481 410
f 2482 2483 415
f 410 2482 415
f 2483 2484 419
f 415 2483 419
f 419 2484 423
f 2484 2485 423
f 423 2485 428
f 2485 2486 428
f 428 2486 431
f 2486 2487 431
f 2487 2488 435
f 431 2487 435
f 2488 2489 438
f 2489 2490 438
f 435 2488 438
f 438 2490 442
f 2490 2491 445
f 442 2490 445
f 2491 2492 449
f 445 2491 449
f 2492 2493 453
f 2493 2494 453
f 449 2492 453
f 453 2494 456
f 2494 2495 456
f 2495 2496 459
f 456 2495 459
f 2496 2497 464
f 459 2496 464
f 464 2497 468
f 2497 2498 471
f 468 2497 471
f 2498 2499 474
f 471 2498 474
f 2499 2500 476
f 474 2499 476
f 2500 2501 478
f 2501 2502 478
f 476 2500 478
f 478 2502 480
f 2502 2503 481
f 2503 2504 481
f 480 2502 481
f 481 2504 483
f 2504 2505 486
f 483 2504 486
f 2505 2506 557
f 486 2505 557
f 2506 2507 558
f 2507 2508 558
f 557 2506 558
f 558 2508 565
f 2508 2509 566
f 2509 2510 566
f 565 2508 566
f 566 2510 574
f 2510 2511 575
f 2511 2512 575
f 574 2510 575
f 575 2512 583
f 583 2512 593
f 2512 2513 593
f 2513 2514 593
f 593 2514 594
f 594 2514 626
f 2514 2515 626
f 626 2515 627
f 2515 2516 627
f 627 2516 650
f 2516 2517 650
f 2517 2518 650
f 650 2518 651
f 2518 2519 651
f 651 2519 670
f 670 2519 671
f 2519 2520 671
f 2520 2521 671
f 671 2521 689
f 2521 2522 690
f 2522 2523 690
f 689 2521 690
f 2523 2524 709
f 690 2523 709
f 709 2524 710
f 2524 2398 724
f 710 2524 724
f 909 2525 913
f 2525 2526 913
f 2526 2527 919
f 2527 2528 919
f 913 2526 919
f 919 2528 923
f 2528 2529 924
f 923 2528 924
f 2529 2530 928
f 2530 2531 928
f 924 2529 928
f 928 2531 937
f 2531 2532 940
f 937 2531 940
f 2532 2533 945
f 2533 2534 945
f 940 2532 945
f 945 2534 948
f 2534 2535 952
f 2535 2536 952
f 948 2534 952
f 952 2536 955
f 955 2536 958
f 2536 2537 958
f 958 2537 961
f 2537 2538 961
f 2538 2539 961
f 961 2539 964
f 964 2539 967
f 2539 2540 967
f 967 2540 970
f 2540 2541 970
f 2541 2542 970
f 970 2542 973
f 973 2542 976
f 2542 2543 976
f 2543 2544 976
f 976 2544 982
f 982 2544 985
f 2544 2545 985
f 2545 2546 985
f 2546 2547 988
f 985 2546 988
f 988 2547 989
f 989 2547 931
f 2547 2548 931
f 2548 2549 931
f 2549 2550 930
f 931 2549 930
f 930 2550 888
f 888 2550 887
f 2550 2551 887
f 2551 2552 882
f 887 2551 882
f 2552 2553 881
f 2553 2554 881
f 882 2552 881
f 2554 2555 877
f 881 2554 877
f 877 2555 869
f 2555 2556 868
f 2556 2557 868
f 869 2555 868
f 868 2557 864
f 2557 2558 863
f 2558 2559 863
f 864 2557 863
f 863 2559 858
f 2559 2560 857
f 858 2559 857
f 2560 2561 852
f 2561 2562 852
f 857 2560 852
f 852 2562 851
f 2562 2563 851
f 851 2563 843
f 843 2563 842
f 2563 2564 842
f 2564 2565 842
f 842 2565 837
f 837 2565 836
f 2565 2566 836
f 836 2566 832
f 2566 2567 832
f 832 2567 831
f 2567 2568 831
f 2568 2569 831
f 831 2569 827
f 827 2569 826
f 2569 2570 826
f 2570 2571 826
f 826 2571 818
f 818 2571 817
f 2571 2572 817
f 817 2572 812
f 2572 2573 812
f 2573 2574 812
f 812 2574 811
f 811 2574 807
f 2574 2575 807
f 807 2575 806
f 2575 2576 806
f 2576 2577 806
f 806 2577 799
f 2577 2578 799
f 799 2578 798
f 2578 2579 798
f 798 2579 785
f 785 2579 784
f 2579 2580 784
f 2580 2581 771
f 784 2580 771
f 2581 2582 759
f 2582 2583 759
f 771 2581 759
f 759 2583 758
f 2583 2584 745
f 758 2583 745
f 2584 2585 744
f 2585 2586 744
f 745 2584 744
f 744 2586 733
f 733 2586 732
f 2586 2587 732
f 2587 2588 732
f 732 2588 711
f 711 2588 701
f 2588 2589 701
f 2589 2590 701
f 701 2590 693
f 693 2590 684
f 2590 2591 684
f 684 2591 675
f 2591 2592 675
f 2592 2593 675
f 675 2593 668
f 2593 2594 668
f 668 2594 662
f 662 2594 654
f 2594 2595 654
f 2595 2596 654
f 654 2596 645
f 2596 2597 645
f 645 2597 640
f 640 2597 631
f 2597 2598 631
f 631 2598 623
f 2598 2599 623
f 623 2599 619
f 2599 2600 619
f 2600 2601 619
f 619 2601 613
f 613 2601 607
f 2601 2602 607
f 2602 2603 603
f 2603 2604 603
f 607 2602 603
f 603 2604 598
f 2604 2605 595
f 598 2604 595
f 2605 2606 600
f 2606 2607 600
f 595 2605 600
f 2607 2608 605
f 600 2607 605
f 605 2608 609
f 2608 2609 615
f 609 2608 615
f 2609 2610 621
f 615 2609 621
f 2610 2611 629
f 2611 2612 629
f 621 2610 629
f 629 2612 633
f 633 2612 642
f 2612 2613 642
f 2613 2614 642
f 642 2614 647
f 2614 2615 656
f 2615 2616 656
f 647 2614 656
f 656 2616 664
f 2616 2617 673
f 664 2616 673
f 2617 2618 679
f 673 2617 679
f 2618 2619 686
f 2619 2620 686
f 679 2618 686
f 686 2620 696
f 2620 2621 705
f 2621 2622 705
f 696 2620 705
f 705 2622 713
f 2622 2623 719
f 2623 2624 719
f 713 2622 719
f 2624 2625 727
f 719 2624 727
f 727 2625 734
f 2625 2626 741
f 734 2625 741
f 2626 2627 748
f 741 2626 748
f 2627 2628 753
f 748 2627 753
f 2628 2629 760
f 753 2628 760
f 2629 2630 767
f 760 2629 767
f 2630 2631 773
f 767 2630 773
f 2631 2632 780
f 773 2631 780
f 2632 2633 786
f 780 2632 786
f 2633 2634 795
f 2634 2635 795
f 786 2633 795
f 795 2635 800
f 2635 2636 804
f 2636 2637 804
f 800 2635 804
f 804 2637 933
f 2637 2638 926
f 933 2637 926
f 926 2638 921
f 2638 2639 921
f 921 2639 917
f 2639 2640 917
f 917 2640 911
f 2640 2641 911
f 911 2641 907
f 2641 2642 907
f 907 2642 903
f 2642 2643 903
f 903 2643 899
f 2643 2644 899
f 2644 2645 899
f 899 2645 895
f 895 2645 891
f 2645 2646 891
f 891 2646 890
f 2646 2647 890
f 2647 2648 890
f 890 2648 893
f 2648 2649 897
f 2649 2650 897
f 893 2648 897
f 897 2650 901
f 2650 2651 905
f 901 2650 905
f 2651 2525 909
f 905 2651 909
f 1371 2652 1375
f 2652 2653 1375
f 2653 2654 1379
f 1375 2653 1379
f 2654 2655 1384
f 1379 2654 1384
f 2655 2656 1386
f 1384 2655 1386
f 2656 2657 1388
f 2657 2658 1388
f 1386 2656 1388
f 1388 2658 1390
f 2658 2659 1395
f 2659 2660 1395
f 1390 2658 1395
f 1395 2660 1397
f 2660 2661 1399
f 1397 2660 1399
f 2661 2662 1403
f 1399 2661 1403
f 1403 2662 1405
f 2662 2663 1405
f 2663 2664 1405
f 1405 2664 1407
f 1407 2664 1409
f 2664 2665 1409
f 2665 2666 1409
f 1409 2666 1415
f 2666 2667 1415
f 1415 2667 1417
f 1417 2667 1419
f 2667 2668 1419
f 1419 2668 1492
f 2668 2669 1492
f 2669 2670 1492
f 1492 2670 1491
f 1491 2670 1493
f 2670 2671 1493
f 1493 2671 1486
f 2671 2672 1486
f 1486 2672 1485
f 2672 2673 1485
f 1485 2673 1480
f 2673 2674 1480
f 1480 2674 1479
f 2674 2675 1479
f 2675 2676 1479
f 1479 2676 1481
f 1481 2676 1474
f 2676 2677 1474
f 1474 2677 1340
f 2677 2678 1340
f 1340 2678 1335
f 2678 2679 1335
f 1335 2679 1330
f 2679 2680 1330
f 2680 2681 1330
f 1330 2681 1326
f 1326 2681 1319
f 2681 2682 1319
f 1319 2682 1310
f 2682 2683 1310
f 1310 2683 1303
f 2683 2684 1303
f 2684 2685 1303
f 1303 2685 1297
f 2685 2686 1297
f 1297 2686 1291
f 1291 2686 1284
f 2686 2687 1284
f 1284 2687 1272
f 2687 2688 1272
f 2688 2689 1263
f 1272 2688 1263
f 2689 2690 1249
f 1263 2689 1249
f 2690 2691 1235
f 1249 2690 1235
f 2691 2692 1230
f 1235 2691 1230
f 2692 2693 1228
f 2693 2694 1228
f 1230 2692 1228
f 1228 2694 1226
f 2694 2695 1224
f 1226 2694 1224
f 2695 2696 1222
f 1224 2695 1222
f 2696 2697 1216
f 1222 2696 1216
f 2697 2698 1214
f 1216 2697 1214
f 2698 2699 1212
f 1214 2698 1212
f 2699 2700 1210
f 2700 2701 1210
f 1212 2699 1210
f 2701 2702 1206
f 1210 2701 1206
f 2702 2703 1204
f 1206 2702 1204
f 1204 2703 1202
f 2703 2704 1200
f 1202 2703 1200
f 2704 2705 1195
f 1200 2704 1195
f 2705 2706 1191
f 2706 2707 1191
f 1195 2705 1191
f 1191 2707 1187
f 2707 2708 1182
f 1187 2707 1182
f 2708 2709 1178
f 2709 2710 1178
f 1182 2708 1178
f 2710 2711 1173
f 1178 2710 1173
f 2711 2712 1170
f 1173 2711 1170
f 1170 2712 1165
f 1165 2712 1161
f 2712 2713 1161
f 2713 2714 1161
f 1161 2714 1154
f 2714 2715 1154
f 1154 2715 1149
f 1149 2715 1145
f 2715 2716 1145
f 1145 2716 1139
f 2716 2717 1139
f 2717 2718 1139
f 1139 2718 1133
f 1133 2718 1127
f 2718 2719 1127
f 1127 2719 1121
f 2719 2720 1121
f 2720 2721 1115
f 1121 2720 1115
f 2721 2722 1110
f 1115 2721 1110
f 2722 2723 1102
f 1110 2722 1102
f 2723 2724 1099
f 1102 2723 1099
f 2724 2725 1091
f 2725 2726 1091
f 1099 2724 1091
f 1091 2726 1088
f 2726 2727 1081
f 1088 2726 1081
f 2727 2728 1077
f 2728 2729 1077
f 1081 2727 1077
f 1077 2729 1073
f 2729 2730 1069
f 1073 2729 1069
f 2730 2731 1066
f 1069 2730 1066
f 2731 2732 1070
f 1066 2731 1070
f 2732 2733 1075
f 1070 2732 1075
f 2733 2734 1080
f 1075 2733 1080
f 2734 2735 1086
f 1080 2734 1086
f 2735 2736 1090
f 2736 2737 1090
f 1086 2735 1090
f 1090 2737 1095
f 1095 2737 1100
f 2737 2738 1100
f 1100 2738 1105
f 2738 2739 1105
f 2739 2740 1105
f 1105 2740 1114
f 1114 2740 1117
f 2740 2741 1117
f 1117 2741 1125
f 2741 2742 1125
f 1125 2742 1131
f 2742 2743 1131
f 2743 2744 1131
f 1131 2744 1137
f 1137 2744 1141
f 2744 2745 1141
f 2745 2746 1141
f 1141 2746 1147
f 2746 2747 1147
f 1147 2747 1151
f 1151 2747 1159
f 2747 2748 1159
f 1159 2748 1163
f 2748 2749 1163
f 2749 2750 1163
f 1163 2750 1167
f 2750 2751 1167
f 1167 2751 1172
f 1172 2751 1176
f 2751 2752 1176
f 1176 2752 1181
f 2752 2753 1181
f 2753 2754 1181
f 2754 2755 1185
f 1181 2754 1185
f 1185 2755 1190
f 2755 2756 1193
f 1190 2755 1193
f 2756 2757 1257
f 2757 2758 1257
f 1193 2756 1257
f 1257 2758 1261
f 2758 2759 1262
f 1261 2758 1262
f 2759 2760 1268
f 2760 2761 1268
f 1262 2759 1268
f 2761 2762 1271
f 1268 2761 1271
f 2762 2763 1277
f 1271 2762 1277
f 1277 2763 1283
f 2763 2764 1283
f 1283 2764 1288
f 1288 2764 1294
f 2764 2765 1294
f 1294 2765 1299
f 2765 2766 1299
f 2766 2767 1299
f 1299 2767 1305
f 2767 2768 1305
f 1305 2768 1312
f 1312 2768 1321
f 2768 2769 1321
f 1321 2769 1329
f 2769 2770 1329
f 2770 2771 1329
f 1329 2771 1334
f 1334 2771 1342
f 2771 2772 1342
f 1342 2772 1346
f 2772 2773 1346
f 2773 2774 1346
f 1346 2774 1351
f 2774 2775 1351
f 1351 2775 1355
f 1355 2775 1359
f 2775 2776 1359
f 2776 2777 1359
f 1359 2777 1360
f 1360 2777 1364
f 2777 2778 1364
f 1364 2778 1371
f 2778 2652 1371
f 152 1973 1972
f 1973 152 1974
f 152 1972 1971
f 150 152 1971
f 1974 152 1975
f 152 154 1975
f 150 1971 1970
f 1975 154 1976
f 150 1970 1969
f 1976 154 1977
f 150 1969 1968
f 148 150 1968
f 1977 154 1978
f 154 156 1978
f 148 1968 1967
f 1978 156 1979
f 148 1967 1966
f 1979 156 1980
f 148 1966 1965
f 1980 156 1981
f 156 158 1981
f 148 1965 1964
f 146 148 1964
f 1981 158 1982
f 146 1964 1963
f 1982 158 1983
f 146 1963 1962
f 1983 158 1984
f 146 1962 1961
f 1984 158 1985
f 158 160 1985
f 144 146 1960
f 146 1961 1960
f 1985 160 1986
f 144 1960 1959
f 1986 160 1987
f 144 1959 1958
f 1987 160 1988
f 160 162 1988
f 142 144 1957
f 144 1958 1957
f 1988 162 1989
f 142 1957 1956
f 1989 162 1990
f 162 164 1990
f 142 1956 1955
f 1990 164 1991
f 142 1955 1954
f 140 142 1954
f 1991 164 1992
f 140 1954 1953
f 1992 164 1993
f 164 166 1993
f 140 1953 1952
f 1993 166 1994
f 140 1952 1951
f 1994 166 1995
f 166 168 1995
f 138 140 1950
f 140 1951 1950
f 1995 168 1996
f 138 1950 1949
f 1996 168 1997
f 168 170 1997
f 138 1949 1948
f 1997 170 1998
f 138 1948 1947
f 136 138 1947
f 136 1947 1946
f 136 1946 1945
f 134 136 1945
f 134 1945 1944
f 134 1944 1943
f 134 1943 1942
f 132 134 1942
f 132 1942 1941
f 182 2225 2224
f 2225 182 2226
f 182 2224 2223
f 180 182 2223
f 2226 182 2227
f 182 184 2227
f 180 2223 2222
f 2227 184 2228
f 180 2222 2221
f 2228 184 2229
f 180 2221 2220
f 178 180 2220
f 2229 184 2230
f 184 186 2230
f 178 2220 2219
f 2230 186 2231
f 178 2219 2218
f 176 178 2218
f 2231 186 2232
f 176 2218 2217
f 2232 186 2233
f 186 188 2233
f 176 2217 2216
f 2233 188 2234
f 176 2216 2215
f 174 176 2215
f 2234 188 2235
f 174 2215 2214
f 2235 188 2236
f 174 2214 2213
f 172 174 2213
f 2236 188 2237
f 188 189 2237
f 172 2213 2212
f 2237 189 2238
f 170 172 2211
f 172 2212 2211
f 2238 189 2239
f 1998 170 2210
f 170 2211 2210
f 2239 189 2240
f 1999 1998 2209
f 1998 2210 2209
f 2240 189 2241
f 189 192 2241
f 2000 1999 2208
f 1999 2209 2208
f 2241 192 2242
f 2001 2000 2207
f 2000 2208 2207
f 2242 192 2243
f 2002 2001 2206
f 2001 2207 2206
f 2243 192 2244
f 192 194 2244
f 2003 2002 2205
f 2002 2206 2205
f 2244 194 2245
f 2004 2003 2204
f 2003 2205 2204
f 2245 194 2246
f 2005 2004 2203
f 2004 2204 2203
f 2246 194 2247
f 2006 2005 2202
f 2005 2203 2202
f 2247 194 2248
f 194 196 2248
f 2007 2006 2201
f 2006 2202 2201
f 2248 196 2249
f 2008 2007 2200
f 2007 2201 2200
f 2249 196 2250
f 2009 2008 2199
f 2008 2200 2199
f 2250 196 2251
f 196 198 2251
f 2010 2009 2198
f 2009 2199 2198
f 2251 198 2252
f 2010 2198 2197
f 2011 2010 2197
f 2252 198 2253
f 2012 2011 2196
f 2011 2197 2196
f 2253 198 2254
f 198 200 2254
f 2013 2012 2195
f 2014 2013 2195
f 2012 2196 2195
f 2254 200 2255
f 2014 2195 2194
f 2255 200 2256
f 2256 200 2257
f 1932 1931 2477
f 1931 1930 2478
f 2477 1931 2478
f 1933 1932 2476
f 1932 2477 2476
f 1930 1929 2479
f 2478 1930 2479
f 1934 1933 2475
f 1933 2476 2475
f 2479 1929 2480
f 1929 1928 2480
f 1934 2475 2474
f 1935 1934 2474
f 1928 1927 2481
f 2480 1928 2481
f 1936 1935 2473
f 1935 2474 2473
f 2481 1927 2482
f 1927 1926 2482
f 2257 200 2258
f 200 201 2258
f 1936 2473 2472
f 1937 1936 2472
f 1926 1925 2483
f 2482 1926 2483
f 1938 1937 2471
f 1937 2472 2471
f 1925 1924 2484
f 2483 1925 2484
f 1939 1938 2470
f 1938 2471 2470
f 2484 1924 2485
f 1924 1923 2485
f 2258 201 2259
f 1940 1939 2469
f 1939 2470 2469
f 1923 1922 2486
f 2485 1923 2486
f 1941 1940 2468
f 1940 2469 2468
f 1922 1921 2487
f 2486 1922 2487
f 132 1941 2467
f 1941 2468 2467
f 2259 201 2260
f 1921 1920 2488
f 2487 1921 2488
f 132 2467 2466
f 1920 1919 2489
f 2488 1920 2489
f 201 204 2261
f 2260 201 2261
f 130 132 2465
f 132 2466 2465
f 1919 1918 2490
f 2489 1919 2490
f 130 2465 2464
f 1918 1917 2491
f 2490 1918 2491
f 2261 204 2262
f 128 130 2463
f 130 2464 2463
f 1917 1916 2492
f 2491 1917 2492
f 128 2463 2462
f 2262 204 2263
f 1916 1915 2493
f 2492 1916 2493
f 128 2462 2461
f 1915 1914 2494
f 2493 1915 2494
f 128 2461 2460
f 126 128 2460
f 1914 1913 2495
f 2494 1914 2495
f 2263 204 206
f 2264 2263 206
f 2264 206 2265
f 126 2460 2459
f 1913 1912 2496
f 2495 1913 2496
f 2265 206 2266
f 126 2459 2458
f 124 126 2458
f 1912 1911 2497
f 2496 1912 2497
f 124 2458 2457
f 2497 1911 2498
f 1911 1910 2498
f 124 2457 2456
f 2498 1910 2499
f 1910 1909 2499
f 1909 1908 2500
f 2499 1909 2500
f 1908 1907 2501
f 2500 1908 2501
f 2501 1907 2502
f 1907 1906 2503
f 2502 1907 2503
f 1906 1905 2504
f 2503 1906 2504
f 2266 206 208
f 2267 2266 208
f 1905 1904 2505
f 2504 1905 2505
f 2456 2455 1721
f 124 2456 1721
f 122 124 1720
f 124 1721 1720
f 1721 2455 1722
f 2455 2454 1722
f 122 1720 1719
f 1722 2454 1723
f 2454 2453 1723
f 122 1719 1718
f 1723 2453 1724
f 2453 2452 1724
f 120 122 1717
f 122 1718 1717
f 1724 2452 1725
f 2452 2451 1725
f 120 1717 1716
f 2451 2450 1726
f 1725 2451 1726
f 118 120 1715
f 120 1716 1715
f 2450 2449 1727
f 1726 2450 1727
f 118 1715 1714
f 1727 2449 1728
f 2449 2448 1728
f 118 1714 1713
f 2448 2447 1729
f 1728 2448 1729
f 116 118 1712
f 118 1713 1712
f 2447 2446 1730
f 1729 2447 1730
f 116 1712 1711
f 1896 1895 1595
f 1897 1896 1594
f 1898 1897 1594
f 1896 1595 1594
f 1895 1894 1596
f 1595 1895 1596
f 1894 2019 1596
f 2446 2445 1731
f 1730 2446 1731
f 1899 1898 1593
f 1900 1899 1593
f 1898 1594 1593
f 2019 2018 1597
f 1596 2019 1597
f 116 1711 1710
f 1901 1900 1592
f 1900 1593 1592
f 2017 2016 1598
f 2018 2017 1598
f 1597 2018 1598
f 2445 2444 1732
f 1731 2445 1732
f 1902 1901 1591
f 1903 1902 1591
f 1901 1592 1591
f 116 1710 1709
f 2016 2015 1599
f 1598 2016 1599
f 2444 2443 1733
f 1732 2444 1733
f 1904 1903 1590
f 2505 1904 1590
f 1903 1591 1590
f 116 1709 1708
f 114 116 1708
f 1599 2015 1600
f 2015 2014 1600
f 2014 2194 1600
f 2194 2193 1600
f 2443 2442 1734
f 1733 2443 1734
f 2506 2505 1589
f 2507 2506 1589
f 2505 1590 1589
f 114 1708 1707
f 1600 2193 1601
f 2193 2192 1601
f 2442 2441 1735
f 1734 2442 1735
f 2508 2507 1588
f 2509 2508 1588
f 2507 1589 1588
f 114 1707 1706
f 1601 2192 1602
f 2191 2190 1602
f 2192 2191 1602
f 2441 2440 1736
f 1735 2441 1736
f 2510 2509 1587
f 2511 2510 1587
f 2509 1588 1587
f 114 1706 1705
f 112 114 1705
f 2440 2439 1737
f 1736 2440 1737
f 1602 2190 1603
f 2190 2189 1603
f 112 1705 1704
f 2512 2511 1586
f 2511 1587 1586
f 2439 2438 1738
f 1737 2439 1738
f 1603 2189 1604
f 2188 2187 1604
f 2189 2188 1604
f 112 1704 1703
f 2438 2437 1739
f 1738 2438 1739
f 2512 1586 1585
f 2513 2512 1585
f 2514 2513 1585
f 2162 2161 2605
f 2162 2605 2604
f 2163 2162 2604
f 2161 2160 2606
f 2605 2161 2606
f 112 1703 1702
f 110 112 1702
f 2163 2604 2603
f 2164 2163 2603
f 2606 2160 2607
f 2160 2159 2607
f 2164 2603 2602
f 2165 2164 2602
f 2607 2159 2608
f 2159 2158 2608
f 2187 2186 1605
f 1604 2187 1605
f 2165 2602 2601
f 2166 2165 2601
f 2608 2158 2609
f 2158 2157 2609
f 2437 2436 1740
f 1739 2437 1740
f 2166 2601 2600
f 2167 2166 2600
f 2609 2157 2610
f 2157 2156 2610
f 2167 2600 2599
f 2168 2167 2599
f 2515 2514 1584
f 2516 2515 1584
f 2514 1585 1584
f 110 1702 1701
f 2156 2155 2611
f 2610 2156 2611
f 2168 2599 2598
f 2169 2168 2598
f 2611 2155 2612
f 2155 2154 2612
f 2436 2435 1741
f 1740 2436 1741
f 1605 2186 1606
f 2185 2184 1606
f 2186 2185 1606
f 2169 2598 2597
f 2170 2169 2597
f 2154 2153 2613
f 2612 2154 2613
f 110 1701 1700
f 2171 2170 2596
f 2170 2597 2596
f 2613 2153 2614
f 2153 2152 2614
f 2517 2516 1583
f 2518 2517 1583
f 2516 1584 1583
f 2435 2434 1742
f 1741 2435 1742
f 2172 2171 2595
f 2171 2596 2595
f 2614 2152 2615
f 2152 2151 2615
f 110 1700 1699
f 1606 2184 1607
f 2183 2182 1607
f 2184 2183 1607
f 2172 2595 2594
f 2173 2172 2594
f 2151 2150 2616
f 2615 2151 2616
f 2434 2433 1743
f 1742 2434 1743
f 2173 2594 2593
f 2519 2518 1582
f 2520 2519 1582
f 2518 1583 1582
f 110 1699 1698
f 108 110 1698
f 2616 2150 2617
f 2150 2149 2617
f 2173 2593 2592
f 2174 2173 2592
f 2433 2432 1744
f 1743 2433 1744
f 2149 2148 2618
f 2617 2149 2618
f 1607 2182 1608
f 2182 2181 1608
f 108 1698 1697
f 2174 2592 2591
f 2175 2174 2591
f 2618 2148 2619
f 2148 2147 2619
f 2520 1582 1581
f 2521 2520 1581
f 2522 2521 1581
f 2432 2431 1745
f 1744 2432 1745
f 2175 2591 2590
f 2176 2175 2590
f 108 1697 1696
f 2147 2146 2620
f 2619 2147 2620
f 1608 2181 1609
f 2180 2179 1609
f 2181 2180 1609
f 2176 2590 2589
f 2177 2176 2589
f 2431 2430 1746
f 1745 2431 1746
f 2620 2146 2621
f 2146 2271 2621
f 108 1696 1695
f 2523 2522 1580
f 2522 1581 1580
f 2524 2523 1580
f 2177 2589 2588
f 2178 2177 2588
f 2621 2271 2622
f 2271 2270 2622
f 2430 2429 1747
f 1746 2430 1747
f 2178 2588 1610
f 1609 2179 1610
f 2179 2178 1610
f 106 108 1694
f 108 1695 1694
f 2270 2269 2623
f 2622 2270 2623
f 2429 2428 1748
f 1747 2429 1748
f 2398 2524 1579
f 2524 1580 1579
f 2399 2398 1579
f 106 1694 1693
f 2623 2269 2624
f 2269 2268 2624
f 2428 2427 1749
f 1748 2428 1749
f 1610 2588 1611
f 2587 2586 1611
f 2588 2587 1611
f 2268 2267 2625
f 2624 2268 2625
f 106 1693 1692
f 2400 2399 1578
f 2401 2400 1578
f 2399 1579 1578
f 1749 2427 1750
f 2427 2426 1750
f 2625 2267 2626
f 2267 208 2626
f 106 1692 1691
f 104 106 1691
f 1611 2586 1612
f 2585 2584 1612
f 2586 2585 1612
f 1750 2426 1751
f 2426 2425 1751
f 208 209 2627
f 2626 208 2627
f 104 1691 1690
f 2402 2401 1577
f 2403 2402 1577
f 2401 1578 1577
f 2627 209 2628
f 1751 2425 1752
f 2425 2424 1752
f 104 1690 1689
f 2583 2582 1613
f 2584 2583 1613
f 1612 2584 1613
f 2628 209 2629
f 1752 2424 1753
f 2424 2423 1753
f 104 1689 1688
f 2404 2403 1576
f 2405 2404 1576
f 2403 1577 1576
f 209 212 2630
f 2629 209 2630
f 1753 2423 1754
f 2423 2422 1754
f 1613 2582 1614
f 2582 2581 1614
f 104 1688 1687
f 2630 212 2631
f 1754 2422 1755
f 2421 2420 1755
f 2422 2421 1755
f 2406 2405 1575
f 2407 2406 1575
f 2405 1576 1575
f 212 214 2632
f 2631 212 2632
f 1755 2420 1756
f 2420 2419 1756
f 2580 2579 1615
f 2581 2580 1615
f 1614 2581 1615
f 2632 214 2633
f 2419 2418 1757
f 1756 2419 1757
f 104 1687 102
f 1686 1685 102
f 1687 1686 102
f 2408 2407 1574
f 2409 2408 1574
f 2407 1575 1574
f 102 1685 1684
f 2633 214 2634
f 1757 2418 1758
f 2578 2577 1616
f 2579 2578 1616
f 1615 2579 1616
f 214 216 2635
f 2634 214 2635
f 2410 2409 1573
f 2411 2410 1573
f 2409 1574 1573
f 2635 216 2636
f 2576 2575 1617
f 2577 2576 1617
f 1616 2577 1617
f 2412 2411 1572
f 2411 1573 1572
f 2574 2573 1618
f 2575 2574 1618
f 1617 2575 1618
f 2412 1572 1571
f 2413 2412 1571
f 2414 2413 1571
f 2572 2571 1619
f 2573 2572 1619
f 1618 2573 1619
f 1682 1681 100
f 1683 1682 100
f 1684 1683 100
f 102 1684 100
f 2415 2414 1570
f 2416 2415 1570
f 2414 1571 1570
f 2570 2569 1620
f 2571 2570 1620
f 1619 2571 1620
f 2417 2416 1569
f 2418 2417 1569
f 2416 1570 1569
f 1620 2569 1621
f 2568 2567 1621
f 2569 2568 1621
f 1758 2418 1568
f 1759 1758 1568
f 2418 1569 1568
f 1621 2567 1622
f 2566 2565 1622
f 2567 2566 1622
f 1759 1568 1567
f 1760 1759 1567
f 1761 1760 1567
f 2564 2563 1623
f 2565 2564 1623
f 1622 2565 1623
f 100 1681 98
f 1678 1677 98
f 1679 1678 98
f 1680 1679 98
f 1681 1680 98
f 1761 1567 1566
f 1762 1761 1566
f 1623 2563 1624
f 2562 2561 1624
f 2563 2562 1624
f 1763 1762 1565
f 1764 1763 1565
f 1762 1566 1565
f 2560 2559 1625
f 2561 2560 1625
f 1624 2561 1625
f 1765 1764 1564
f 1766 1765 1564
f 1764 1565 1564
f 1625 2559 1626
f 2558 2557 1626
f 2559 2558 1626
f 1767 1766 1563
f 1766 1564 1563
f 1626 2557 1627
f 2556 2555 1627
f 2557 2556 1627
f 1675 1674 96
f 1676 1675 96
f 1677 1676 96
f 98 1677 96
f 1643 1642 1562
f 1642 1767 1562
f 1767 1563 1562
f 2555 2554 1628
f 1627 2555 1628
f 1644 1643 1561
f 1643 1562 1561
f 2553 2552 1629
f 2554 2553 1629
f 1628 2554 1629
f 1644 1561 1560
f 1645 1644 1560
f 1646 1645 1560
f 2551 2550 1630
f 2552 2551 1630
f 1629 2552 1630
f 2647 2646 2351
f 2648 2647 2350
f 2647 2351 2350
f 2646 2645 2352
f 2351 2646 2352
f 2648 2350 2349
f 2649 2648 2349
f 2352 2645 2353
f 2645 2644 2353
f 2649 2349 2348
f 2650 2649 2348
f 2353 2644 2354
f 2644 2643 2354
f 2650 2348 2347
f 2651 2650 2347
f 2643 2642 2355
f 2354 2643 2355
f 2651 2347 2346
f 2525 2651 2346
f 2642 2641 2356
f 2355 2642 2356
f 2525 2346 2345
f 2526 2525 2345
f 1646 1560 1559
f 1647 1646 1559
f 2641 2640 2357
f 2356 2641 2357
f 2526 2345 2344
f 2527 2526 2344
f 2357 2640 2358
f 2640 2639 2358
f 2528 2527 2343
f 2529 2528 2343
f 2527 2344 2343
f 2639 2638 2359
f 2358 2639 2359
f 2529 2343 2342
f 2530 2529 2342
f 2549 2548 1631
f 2550 2549 1631
f 1630 2550 1631
f 2638 2637 2360
f 2359 2638 2360
f 1673 1672 94
f 1674 1673 94
f 96 1674 94
f 2530 2342 2341
f 2531 2530 2341
f 2360 2637 2361
f 2636 216 2361
f 2637 2636 2361
f 2531 2341 2340
f 2532 2531 2340
f 216 217 2362
f 2361 216 2362
f 1648 1647 1558
f 1647 1559 1558
f 2532 2340 2339
f 2533 2532 2339
f 2362 217 2363
f 2533 2339 2338
f 2534 2533 2338
f 2363 217 2364
f 1631 2548 1632
f 2534 2338 2337
f 2535 2534 2337
f 2364 217 2365
f 217 220 2365
f 2535 2337 2336
f 2536 2535 2336
f 2365 220 2366
f 2536 2336 2335
f 2537 2536 2335
f 220 221 2367
f 2366 220 2367
f 2537 2335 2334
f 2538 2537 2334
f 2367 221 2368
f 2538 2334 2333
f 2539 2538 2333
f 2368 221 2369
f 2539 2333 2332
f 2540 2539 2332
f 221 224 2370
f 2369 221 2370
f 2540 2332 2331
f 2541 2540 2331
f 2370 224 2371
f 2541 2331 2330
f 2542 2541 2330
f 2371 224 2372
f 2542 2330 2329
f 2543 2542 2329
f 1670 1669 92
f 94 1672 92
f 1671 1670 92
f 1672 1671 92
f 2372 224 2373
f 2543 2329 2328
f 2544 2543 2328
f 224 226 2374
f 2373 224 2374
f 2544 2328 2327
f 2545 2544 2327
f 2374 226 2375
f 2546 2545 2326
f 2547 2546 2326
f 2545 2327 2326
f 2375 226 2376
f 2547 2326 2325
f 2548 2547 2325
f 2376 226 2377
f 2377 226 228
f 1632 2548 2324
f 2548 2325 2324
f 2377 228 2378
f 1632 2324 2323
f 1633 1632 2323
f 2378 228 2379
f 1633 2323 2322
f 2379 228 2380
f 1634 1633 2321
f 1633 2322 2321
f 1635 1634 2320
f 1634 2321 2320
f 92 1669 90
f 1668 1667 90
f 1669 1668 90
f 1635 2320 2319
f 1636 1635 2318
f 1635 2319 2318
f 1636 2318 2317
f 1637 1636 2316
f 1636 2317 2316
f 2380 228 230
f 2381 2380 230
f 2382 2381 230
f 2383 2382 230
f 2384 2383 230
f 1638 1637 2315
f 1637 2316 2315
f 1638 2315 2314
f 1639 1638 2313
f 1638 2314 2313
f 1639 2313 2312
f 1640 1639 2312
f 1640 2312 2311
f 90 1667 88
f 1666 1665 88
f 1667 1666 88
f 1640 2311 2310
f 1641 1640 2310
f 1641 2310 2309
f 1516 1641 2309
f 1516 2309 2308
f 2384 230 232
f 2385 2384 232
f 2386 2385 232
f 2387 2386 232
f 88 1665 86
f 1665 1664 86
f 2387 232 234
f 2388 2387 234
f 2389 2388 234
f 2390 2389 234
f 2391 2390 234
f 2392 2391 236
f 2393 2392 236
f 2394 2393 236
f 2395 2394 236
f 2391 234 236
f 1558 1557 1847
f 1648 1558 1846
f 1558 1847 1846
f 1847 1557 1848
f 1557 1556 1848
f 1649 1648 1845
f 1648 1846 1845
f 1848 1556 1849
f 1650 1649 1844
f 1651 1650 1844
f 1649 1845 1844
f 1556 1555 1850
f 1849 1556 1850
f 1651 1844 1843
f 1652 1651 1843
f 1555 1554 1851
f 1850 1555 1851
f 1652 1843 1842
f 1851 1554 1852
f 1653 1652 1841
f 1652 1842 1841
f 1852 1554 1853
f 1554 1553 1853
f 1540 1539 2731
f 1540 2731 2730
f 2731 1539 2732
f 1653 1841 1840
f 1654 1653 1840
f 1541 1540 2729
f 1540 2730 2729
f 2732 1539 2733
f 1539 1538 2733
f 1541 2729 2728
f 1853 1553 1854
f 1553 1552 1854
f 2733 1538 2734
f 1541 2728 2727
f 1542 1541 2727
f 1654 1840 1839
f 1655 1654 1839
f 1656 1655 1839
f 1538 1537 2735
f 2734 1538 2735
f 1542 2727 2726
f 1854 1552 1855
f 2735 1537 2736
f 1542 2726 2725
f 1543 1542 2725
f 1656 1839 1838
f 1657 1656 1838
f 2736 1537 2737
f 1537 1536 2737
f 1855 1552 1856
f 1552 1551 1856
f 1543 2725 2724
f 2737 1536 2738
f 1657 1838 1837
f 1543 2724 2723
f 1544 1543 2723
f 1856 1551 1857
f 2738 1536 2739
f 1536 1535 2739
f 1657 1837 1836
f 1658 1657 1836
f 1659 1658 1836
f 1544 2723 2722
f 1545 1544 2722
f 1857 1551 1858
f 1551 1550 1858
f 2739 1535 2740
f 1545 2722 2721
f 1659 1836 1835
f 1535 1534 2741
f 2740 1535 2741
f 1550 1549 1859
f 1858 1550 1859
f 1546 1545 2720
f 1545 2721 2720
f 1659 1835 1834
f 1660 1659 1834
f 2741 1534 2742
f 1859 1549 1860
f 1546 2720 2719
f 1660 1834 1833
f 1661 1660 1833
f 1662 1661 1833
f 2742 1534 2743
f 1534 1533 2743
f 1547 1546 2718
f 1546 2719 2718
f 1549 1548 1861
f 1860 1549 1861
f 2743 1533 2744
f 1662 1833 1832
f 1547 2718 2717
f 1861 1548 1862
f 2744 1533 2745
f 1533 1532 2745
f 1663 1662 1831
f 1664 1663 1831
f 1662 1832 1831
f 1547 2717 2716
f 1862 1548 2716
f 1548 1547 2716
f 1862 2716 1863
f 2745 1532 2746
f 86 1664 1830
f 1664 1831 1830
f 1863 2716 2715
f 1863 2715 1864
f 1532 1531 2747
f 2746 1532 2747
f 86 1830 1829
f 83 86 1829
f 1864 2715 2714
f 2395 236 238
f 2396 2395 238
f 2397 2396 238
f 2272 2397 238
f 1864 2714 1865
f 2747 1531 2748
f 83 1829 1828
f 1865 2714 2713
f 1865 2713 1866
f 2748 1531 2749
f 1531 1530 2749
f 1866 2713 2712
f 83 1828 1827
f 82 83 1827
f 2749 1530 2750
f 1530 1529 2750
f 1866 2712 1867
f 1867 2712 2711
f 82 1827 1826
f 2750 1529 2751
f 1867 2711 2710
f 1868 1867 2710
f 82 1826 1825
f 2751 1529 2752
f 1529 1528 2752
f 1868 2710 2709
f 1869 1868 2709
f 1825 1824 80
f 82 1825 80
f 2752 1528 2753
f 1869 2709 2708
f 1870 1869 2708
f 80 1824 1823
f 1528 1527 2754
f 2753 1528 2754
f 1870 2708 2707
f 1871 1870 2707
f 80 1823 1822
f 2754 1527 2755
f 1872 1871 2706
f 1871 2707 2706
f 1527 1526 2756
f 2755 1527 2756
f 1873 1872 2705
f 1872 2706 2705
f 2272 238 240
f 2273 2272 240
f 2274 2273 240
f 2275 2274 240
f 1873 2705 2704
f 1874 1873 2704
f 1875 1874 2703
f 1874 2704 2703
f 1875 2703 2702
f 1876 1875 2702
f 1876 2702 2701
f 1877 1876 2701
f 1821 1820 78
f 1822 1821 78
f 80 1822 78
f 1877 2701 2700
f 1878 1877 2700
f 1878 2700 2699
f 1879 1878 2699
f 1879 2699 2698
f 1879 2698 1880
f 1880 2698 2697
f 1880 2697 1881
f 2275 240 242
f 2276 2275 242
f 2277 2276 242
f 2278 2277 242
f 2279 2278 242
f 1881 2697 2696
f 1881 2696 1882
f 1882 2696 2695
f 1882 2695 1883
f 1883 2695 2694
f 1883 2694 1884
f 1884 2694 2693
f 1884 2693 1885
f 1885 2693 2692
f 1818 1817 76
f 1819 1818 76
f 1820 1819 76
f 78 1820 76
f 1885 2692 1886
f 1886 2692 2691
f 1886 2691 1887
f 1523 2099 2098
f 1524 1523 2098
f 2099 1523 2100
f 1523 1522 2100
f 1525 1524 2097
f 1524 2098 2097
f 2100 1522 2101
f 1525 2097 2096
f 1522 1521 2102
f 2101 1522 2102
f 1887 2691 2690
f 1525 2096 2095
f 1526 1525 2095
f 1521 1520 2103
f 2102 1521 2103
f 1887 2690 1888
f 1526 2095 2094
f 2756 1526 2094
f 2103 1520 2104
f 2756 2094 2093
f 2757 2756 2093
f 1520 1519 2105
f 2104 1520 2105
f 2757 2093 2092
f 2758 2757 2092
f 2759 2758 2092
f 1888 2690 2689
f 2105 1519 2106
f 1519 1518 2106
f 1888 2689 1889
f 2760 2759 2091
f 2759 2092 2091
f 2106 1518 2107
f 2761 2760 2090
f 2760 2091 2090
f 1889 2689 2688
f 2107 1518 2108
f 1518 1517 2108
f 1889 2688 1890
f 2761 2090 2089
f 2762 2761 2089
f 2279 242 244
f 2280 2279 244
f 2281 2280 244
f 2282 2281 244
f 1517 1516 2109
f 2108 1517 2109
f 2763 2762 2088
f 2762 2089 2088
f 1890 2688 2687
f 1890 2687 1891
f 1516 2308 2110
f 2109 1516 2110
f 2764 2763 2087
f 2763 2088 2087
f 2308 2307 2111
f 2110 2308 2111
f 1891 2687 2686
f 1891 2686 1892
f 2765 2764 2086
f 2764 2087 2086
f 2307 2306 2112
f 2111 2307 2112
f 1892 2686 2685
f 2765 2086 2085
f 2766 2765 2085
f 1892 2685 1893
f 2306 2305 2113
f 2112 2306 2113
f 1893 2685 2684
f 2766 2085 2084
f 2767 2766 2084
f 1893 2684 1768
f 2304 2303 2114
f 2305 2304 2114
f 2113 2305 2114
f 1768 2684 2683
f 2767 2084 2083
f 2768 2767 2083
f 1768 2683 1769
f 1814 1813 74
f 1815 1814 74
f 1816 1815 74
f 1817 1816 74
f 76 1817 74
f 2114 2303 2115
f 1769 2683 2682
f 2768 2083 2082
f 2769 2768 2082
f 1769 2682 1770
f 2302 2301 2116
f 2303 2302 2116
f 2115 2303 2116
f 1770 2682 2681
f 1770 2681 1771
f 2769 2082 2081
f 2770 2769 2081
f 1771 2681 2680
f 2116 2301 2117
f 1771 2680 1772
f 2770 2081 2080
f 2771 2770 2080
f 1772 2680 2679
f 1772 2679 1773
f 2300 2299 2118
f 2301 2300 2118
f 2117 2301 2118
f 1773 2679 2678
f 2772 2771 2079
f 2771 2080 2079
f 2299 2298 2119
f 2118 2299 2119
f 2773 2772 2078
f 2772 2079 2078
f 2282 244 246
f 2283 2282 246
f 2284 2283 246
f 2119 2298 2120
f 2773 2078 2077
f 2774 2773 2077
f 2120 2298 2121
f 2298 2297 2121
f 2774 2077 2076
f 2775 2774 2076
f 2121 2297 2122
f 2297 2296 2122
f 2775 2076 2075
f 2776 2775 2075
f 2777 2776 2075
f 2296 2295 2123
f 2122 2296 2123
f 2777 2075 2074
f 2778 2777 2074
f 1811 1810 71
f 1812 1811 71
f 1813 1812 71
f 74 1813 71
f 2123 2295 2124
f 2295 2294 2124
f 2652 2778 2073
f 2778 2074 2073
f 2124 2294 2125
f 2294 2293 2125
f 2652 2073 2072
f 2653 2652 2072
f 2125 2293 2126
f 2293 2292 2126
f 2653 2072 2071
f 2654 2653 2071
f 2284 246 248
f 2285 2284 248
f 2286 2285 248
f 2287 2286 248
f 2654 2071 2070
f 2655 2654 2070
f 2655 2070 2069
f 2656 2655 2069
f 2656 2069 2068
f 2657 2656 2068
f 2657 2068 2067
f 2658 2657 2067
f 1808 1807 70
f 1809 1808 70
f 1810 1809 70
f 71 1810 70
f 2658 2067 2066
f 2659 2658 2066
f 2659 2066 2065
f 2660 2659 2065
f 2661 2660 2064
f 2660 2065 2064
f 2287 248 250
f 2288 2287 250
f 2289 2288 250
f 2662 2661 2063
f 2661 2064 2063
f 2663 2662 2062
f 2662 2063 2062
f 2664 2663 2061
f 2663 2062 2061
f 2665 2664 2060
f 2664 2061 2060
f 70 1807 67
f 1804 1803 67
f 1805 1804 67
f 1806 1805 67
f 1807 1806 67
f 2666 2665 2059
f 2665 2060 2059
f 2667 2666 2058
f 2666 2059 2058
f 2668 2667 2057
f 2667 2058 2057
f 2289 250 252
f 2290 2289 252
f 2291 2290 252
f 1800 1799 66
f 1801 1800 66
f 1802 1801 66
f 1803 1802 66
f 67 1803 66
f 2126 2292 3
f 2127 2126 3
f 2291 252 3
f 2292 2291 3
f 1797 1796 63
f 1798 1797 63
f 1799 1798 63
f 66 1799 63
f 2128 2127 4
f 2129 2128 4
f 2127 3 4
f 1794 1793 62
f 1795 1794 62
f 1796 1795 62
f 63 1796 62
f 1793 1792 62
f 2129 4 6
f 2130 2129 6
f 2131 2130 6
f 62 1792 59
f 1790 1789 59
f 1791 1790 59
f 1792 1791 59
f 2132 2131 7
f 2133 2132 7
f 2134 2133 7
f 2131 6 7
f 59 1789 57
f 1787 1786 57
f 1788 1787 57
f 1789 1788 57
f 2134 7 10
f 2135 2134 10
f 2136 2135 10
f 57 1786 56
f 1783 1782 56
f 1784 1783 56
f 1785 1784 56
f 1786 1785 56
f 2137 2136 11
f 2138 2137 11
f 2139 2138 11
f 2136 10 11
f 56 1782 54
f 1780 1779 54
f 1781 1780 54
f 1782 1781 54
f 2140 2139 13
f 2141 2140 13
f 2142 2141 13
f 2143 2142 13
f 2139 11 13
f 54 1779 51
f 1778 1777 51
f 1779 1778 51
f 2144 2143 16
f 2145 2144 16
f 2020 2145 16
f 2143 13 16
f 51 1777 50
f 1775 1774 50
f 1776 1775 50
f 1777 1776 50
f 2021 2020 18
f 2022 2021 18
f 2023 2022 18
f 2020 16 18
f 2678 2677 47
f 1773 2678 47
f 50 1774 47
f 1774 1773 47
f 2024 2023 19
f 2025 2024 19
f 2023 18 19
f 2026 2025 19
f 2027 2026 19
f 2675 2674 46
f 2676 2675 46
f 2677 2676 46
f 47 2677 46
f 2028 2027 22
f 2029 2028 22
f 2030 2029 22
f 2027 19 22
f 2673 2672 43
f 2674 2673 43
f 46 2674 43
f 2030 22 24
f 2031 2030 24
f 2032 2031 24
f 2033 2032 24
f 2034 2033 24
f 43 2672 42
f 2670 2669 42
f 2671 2670 42
f 2672 2671 42
f 2035 2034 26
f 2036 2035 26
f 2037 2036 26
f 2034 24 26
f 2038 2037 26
f 2669 2668 40
f 42 2669 40
f 2057 2056 40
f 2668 2057 40
f 2038 26 28
f 2039 2038 28
f 2040 2039 28
f 2041 2040 28
f 40 2056 38
f 2054 2053 38
f 2055 2054 38
f 2056 2055 38
f 2042 2041 30
f 2043 2042 30
f 2044 2043 30
f 2041 28 30
f 2052 2051 36
f 2053 2052 36
f 38 2053 36
f 2044 30 32
f 2045 2044 32
f 2046 2045 32
f 2047 2046 32
f 2048 2047 32
f 36 2051 34
f 2048 32 34
f 2049 2048 34
f 2050 2049 34
f 2051 2050 34
f 2779 2781 2780
f 3070 5695 5764
f 3070 2780 5695
f 3070 2779 2780
f 2782 2781 2779
f 2783 5764 5765
f 2783 3070 5764
f 3066 5763 2781
f 3066 2781 2782
f 2784 2783 5765
f 3063 5763 3066
f 3063 5762 5763
f 2785 5765 5766
f 2785 2784 5765
f 2786 2787 5762
f 2786 5762 3063
f 2788 5766 2789
f 2788 2785 5766
f 3060 2790 2787
f 3060 2787 2786
f 2791 2789 5767
f 2791 2788 2789
f 3058 5761 2790
f 3058 2792 5761
f 3058 2790 3060
f 2793 2795 2794
f 2793 5767 2795
f 2793 2791 5767
f 3056 2792 3058
f 2796 2794 2797
f 2796 2793 2794
f 3055 2798 2792
f 3055 2792 3056
f 3079 2796 2797
f 2799 5760 2798
f 2799 5759 5760
f 2799 2798 3055
f 2800 2797 5768
f 2800 3079 2797
f 2801 5759 2799
f 2802 5768 5769
f 2802 2800 5768
f 2803 5758 5759
f 2803 5759 2801
f 3083 5770 5771
f 3083 5769 5770
f 3083 2802 5769
f 2804 5757 5758
f 2804 5758 2803
f 3085 3083 5771
f 3049 2805 5757
f 3049 5757 2804
f 2806 5771 5772
f 2806 3085 5771
f 3047 5756 2805
f 3047 2805 3049
f 3087 2808 2807
f 3087 5772 2808
f 3087 2806 5772
f 3045 2809 5756
f 3045 5756 3047
f 2810 3087 2807
f 2811 5755 2809
f 2811 2809 3045
f 2900 2810 2807
f 2900 2807 2812
f 2813 5754 5755
f 2813 5755 2811
f 2903 2900 2812
f 2903 5706 2814
f 2903 2812 5706
f 3041 5753 5754
f 3041 2815 5753
f 3041 5754 2813
f 2905 2903 2814
f 3039 2815 3041
f 2907 2816 5707
f 2907 2814 2816
f 2907 2905 2814
f 3037 2815 3039
f 3037 5752 2815
f 2909 2907 5707
f 2817 5752 3037
f 2817 5751 5752
f 2911 5707 2818
f 2911 2909 5707
f 3034 5751 2817
f 3034 2819 5751
f 3034 5750 2819
f 2820 2818 5708
f 2820 2911 2818
f 2821 5750 3034
f 2822 5708 5709
f 2822 2820 5708
f 2823 5749 5750
f 2823 5750 2821
f 2914 5709 5710
f 2914 2822 5709
f 2824 5749 2823
f 2824 2825 5749
f 2826 5710 5711
f 2826 2914 5710
f 3029 2825 2824
f 3029 2827 2825
f 2917 5711 5712
f 2917 2826 5711
f 3027 2828 2827
f 3027 2827 3029
f 2829 5712 5713
f 2829 2917 5712
f 2830 2831 2828
f 2830 2828 3027
f 2921 5713 2832
f 2921 2829 5713
f 2833 2834 2831
f 2833 2831 2830
f 2835 2832 2836
f 2835 2921 2832
f 3023 5748 2834
f 3023 2834 2833
f 2837 2836 2838
f 2837 2835 2836
f 3021 2839 5748
f 3021 5748 3023
f 2840 2839 3021
f 5714 2837 2838
f 5714 2924 2837
f 2841 2839 2840
f 5715 2924 5714
f 5715 2927 2924
f 5747 2840 3018
f 5747 2841 2840
f 5716 2927 5715
f 5716 2931 2929
f 5716 2929 2927
f 2842 5747 3018
f 2842 3018 2843
f 5717 2844 2931
f 5717 2931 5716
f 5746 2842 2843
f 5746 2843 3015
f 5718 2844 5717
f 5745 5746 3015
f 5745 3015 2845
f 5719 2844 5718
f 5719 2846 2844
f 5744 5745 2845
f 5744 2845 3012
f 5744 3012 3010
f 2847 2846 5719
f 2847 2848 2846
f 5743 5744 3010
f 2849 2850 2848
f 2849 2848 2847
f 5742 5743 3010
f 5742 3010 2851
f 2852 2853 2850
f 2852 2850 2849
f 2854 2851 3007
f 2854 5742 2851
f 5720 2937 2853
f 5720 2853 2852
f 2855 2854 3007
f 2855 3007 3005
f 2855 3005 2856
f 2857 2939 2937
f 2857 2937 5720
f 2858 2855 2856
f 2858 2856 3002
f 5721 2859 2939
f 5721 2939 2857
f 5741 2858 3002
f 5722 2942 2859
f 5722 2859 5721
f 5740 5741 3002
f 5740 3002 2860
f 5740 2860 2861
f 5723 2862 2944
f 5723 2944 2942
f 5723 2942 5722
f 2863 5740 2861
f 2863 2861 2864
f 2865 2862 5723
f 2865 2866 2862
f 2867 2863 2864
f 2868 2866 2865
f 5739 2867 2864
f 5739 2864 2997
f 5739 2997 2995
f 2869 2948 2866
f 2869 2866 2868
f 5738 5739 2995
f 5724 2871 2870
f 5724 2870 2948
f 5724 2948 2869
f 5737 5738 2995
f 5737 2995 2872
f 5737 2872 2991
f 5725 2952 2871
f 5725 2871 5724
f 2873 5737 2991
f 2874 2952 5725
f 2875 2991 2990
f 2875 2873 2991
f 5726 2952 2874
f 5726 2957 2955
f 5726 2955 2952
f 5736 2875 2990
f 5736 2990 2876
f 5736 2876 2877
f 2878 2957 5726
f 2878 2879 2957
f 5735 5736 2877
f 5727 2879 2878
f 5734 5735 2877
f 5734 2877 2986
f 2880 2960 2879
f 2880 2879 5727
f 5733 5734 2986
f 5733 2986 2881
f 2882 2883 2960
f 2882 2960 2880
f 2884 5733 2881
f 2884 2881 2983
f 2885 2883 2882
f 2885 2965 2962
f 2885 2962 2883
f 2886 2884 2983
f 2886 2983 2887
f 5728 2965 2885
f 5732 2886 2887
f 5732 2887 2888
f 2889 2968 2890
f 2889 2890 2965
f 2889 2965 5728
f 2891 5732 2888
f 2891 2888 2979
f 5729 2968 2889
f 2892 2979 2977
f 2892 2891 2979
f 2893 2972 2970
f 2893 2970 2968
f 2893 2968 5729
f 5731 2977 2894
f 5731 2892 2977
f 2895 2972 2893
f 2896 2894 2897
f 2896 5731 2894
f 5730 2897 2898
f 5730 2898 2972
f 5730 2972 2895
f 5730 2896 2897
f 2810 2900 2899
f 2899 2900 2901
f 2900 2903 2902
f 2901 2900 2902
f 2903 2905 2904
f 2902 2903 2904
f 2905 2907 2906
f 2904 2905 2906
f 2907 2909 2908
f 2906 2907 2908
f 2909 2911 2910
f 2908 2909 2910
f 2911 2820 2912
f 2910 2911 2912
f 2820 2822 2913
f 2912 2820 2913
f 2914 2826 2915
f 2822 2914 2915
f 2913 2822 2915
f 2826 2917 2916
f 2915 2826 2916
f 2916 2917 2918
f 2918 2917 2919
f 2917 2829 2919
f 2919 2829 2920
f 2829 2921 2920
f 2920 2921 2922
f 2835 2837 2922
f 2921 2835 2922
f 2922 2837 2923
f 2837 2924 2923
f 2923 2924 2925
f 2925 2924 2926
f 2924 2927 2926
f 2926 2927 2928
f 2927 2929 2928
f 2929 2931 2930
f 2928 2929 2930
f 2931 2844 2932
f 2930 2931 2932
f 2844 2846 2933
f 2932 2844 2933
f 2846 2848 2934
f 2933 2846 2934
f 2848 2850 2935
f 2934 2848 2935
f 2853 2937 2936
f 2850 2853 2936
f 2935 2850 2936
f 2937 2939 2938
f 2936 2937 2938
f 2938 2939 2940
f 2859 2942 2941
f 2939 2859 2941
f 2940 2939 2941
f 2941 2942 2943
f 2944 2862 2945
f 2942 2944 2945
f 2943 2942 2945
f 2862 2866 2946
f 2945 2862 2946
f 2946 2866 2947
f 2948 2870 2949
f 2866 2948 2949
f 2947 2866 2949
f 2949 2870 2950
f 2871 2952 2951
f 2870 2871 2951
f 2950 2870 2951
f 2951 2952 2953
f 2953 2952 2954
f 2952 2955 2954
f 2954 2955 2956
f 2955 2957 2956
f 2956 2957 2958
f 2957 2879 2958
f 2879 2960 2959
f 2958 2879 2959
f 2883 2962 2961
f 2960 2883 2961
f 2959 2960 2961
f 2961 2962 2963
f 2962 2965 2964
f 2963 2962 2964
f 2965 2890 2966
f 2964 2965 2966
f 2890 2968 2967
f 2966 2890 2967
f 2968 2970 2969
f 2967 2968 2969
f 2970 2972 2971
f 2969 2970 2971
f 2972 2898 2973
f 2971 2972 2973
f 2898 2897 2974
f 2973 2898 2974
f 2897 2894 2975
f 2974 2897 2975
f 2894 2977 2976
f 2975 2894 2976
f 2977 2979 2978
f 2976 2977 2978
f 2979 2888 2980
f 2978 2979 2980
f 2888 2887 2981
f 2980 2888 2981
f 2981 2887 2982
f 2887 2983 2982
f 2982 2983 2984
f 2983 2881 2984
f 2984 2881 2985
f 2881 2986 2985
f 2985 2986 2987
f 2986 2877 2987
f 2987 2877 2988
f 2877 2876 2988
f 2988 2876 2989
f 2990 2991 2989
f 2876 2990 2989
f 2989 2991 2992
f 2991 2872 2993
f 2992 2991 2993
f 2993 2872 2994
f 2872 2995 2994
f 2994 2995 2996
f 2997 2864 2996
f 2995 2997 2996
f 2996 2864 2998
f 2998 2864 2999
f 2864 2861 2999
f 2999 2861 3000
f 2861 2860 3000
f 3000 2860 3001
f 2860 3002 3001
f 3001 3002 3003
f 3002 2856 3003
f 3003 2856 3004
f 2856 3005 3004
f 3004 3005 3006
f 3005 3007 3006
f 3006 3007 3008
f 3007 2851 3008
f 3008 2851 3009
f 2851 3010 3009
f 3009 3010 3011
f 3010 3012 3011
f 3012 2845 3013
f 3011 3012 3013
f 2845 3015 3014
f 3013 2845 3014
f 3015 2843 3016
f 3014 3015 3016
f 2843 3018 3017
f 3016 2843 3017
f 3018 2840 3019
f 3017 3018 3019
f 2840 3021 3020
f 3019 2840 3020
f 3021 3023 3022
f 3020 3021 3022
f 3023 2833 3024
f 3022 3023 3024
f 2833 2830 3025
f 3024 2833 3025
f 2830 3027 3026
f 3025 2830 3026
f 3027 3029 3028
f 3026 3027 3028
f 3029 2824 3030
f 3028 3029 3030
f 2824 2823 3031
f 3030 2824 3031
f 3031 2823 3032
f 2823 2821 3032
f 3032 2821 3033
f 2821 3034 3033
f 3033 3034 3035
f 3034 2817 3035
f 3035 2817 3036
f 2817 3037 3036
f 3036 3037 3038
f 3037 3039 3038
f 3038 3039 3040
f 3039 3041 3040
f 3040 3041 3042
f 3041 2813 3042
f 3042 2813 3043
f 2813 2811 3043
f 2811 3045 3044
f 3043 2811 3044
f 3045 3047 3046
f 3044 3045 3046
f 3047 3049 3048
f 3046 3047 3048
f 3049 2804 3050
f 3048 3049 3050
f 2804 2803 3051
f 3050 2804 3051
f 2803 2801 3052
f 3051 2803 3052
f 2801 2799 3053
f 3052 2801 3053
f 2799 3055 3054
f 3053 2799 3054
f 3056 3058 3057
f 3055 3056 3057
f 3054 3055 3057
f 3057 3058 3059
f 3060 2786 3061
f 3058 3060 3061
f 3059 3058 3061
f 2786 3063 3062
f 3061 2786 3062
f 3062 3063 3064
f 3063 3066 3065
f 3064 3063 3065
f 3066 2782 3067
f 3065 3066 3067
f 2782 2779 3068
f 3067 2782 3068
f 2779 3070 3069
f 3068 2779 3069
f 3070 2783 3071
f 3069 3070 3071
f 3071 2783 3072
f 2783 2784 3072
f 3072 2784 3073
f 2784 2785 3073
f 2785 2788 3074
f 3073 2785 3074
f 3074 2788 3075
f 2791 2793 3075
f 2788 2791 3075
f 3075 2793 3076
f 2793 2796 3077
f 3076 2793 3077
f 2796 3079 3078
f 3077 2796 3078
f 3079 2800 3080
f 3078 3079 3080
f 2800 2802 3081
f 3080 2800 3081
f 2802 3083 3082
f 3081 2802 3082
f 3083 3085 3084
f 3082 3083 3084
f 2806 3087 3086
f 3085 2806 3086
f 3084 3085 3086
f 3086 3087 3088
f 3087 2810 2899
f 3088 3087 2899
f 3089 3092 3091
f 3090 3089 3091
f 4798 3091 3092
f 3093 3091 4798
f 4799 3091 3093
f 3094 3091 4799
f 3095 3091 3094
f 4803 3091 3095
f 3096 3091 4803
f 4806 3091 3096
f 3097 3091 4806
f 3098 3091 3097
f 4810 3091 3098
f 4812 3091 4810
f 4814 5700 3091
f 4814 3091 4812
f 3099 5700 4814
f 4816 5700 3099
f 3100 5700 4816
f 4819 5700 3100
f 4820 5700 4819
f 4818 5700 4820
f 4817 5700 4818
f 3101 5700 4817
f 4815 5700 3101
f 4813 5700 4815
f 4811 5700 4813
f 4809 5700 4811
f 4808 5700 4809
f 4807 5700 4808
f 4807 5697 5700
f 4805 5697 4807
f 4804 5697 4805
f 4802 5697 4804
f 4801 5697 4802
f 4800 5697 4801
f 3102 5697 4800
f 3103 5697 3102
f 3104 5697 3103
f 4793 5697 3104
f 4792 5697 4793
f 4791 5697 4792
f 4790 5697 4791
f 3105 5697 4790
f 4789 5697 3105
f 4788 5697 4789
f 4787 3115 5697
f 4787 5697 4788
f 3106 3115 4787
f 3107 3115 3106
f 3108 3115 3107
f 3109 3115 3108
f 4786 3115 3109
f 3110 3115 4786
f 3111 3115 3110
f 4785 3115 3111
f 4782 3115 4785
f 4780 3115 4782
f 3112 3115 4780
f 3113 3115 3112
f 4776 3115 3113
f 3114 3115 4776
f 4772 3115 3114
f 3116 3115 4772
f 3115 3116 3117
f 3115 3117 3118
f 3119 3089 3090
f 3119 3120 3089
f 3119 3121 3120
f 3122 3123 3121
f 3122 3121 3119
f 3124 3125 3123
f 3124 3123 3122
f 3126 3125 3124
f 3126 3127 3125
f 3128 3127 3126
f 3128 3129 3127
f 3130 3129 3128
f 3130 3131 3129
f 3132 3131 3130
f 3132 3133 3131
f 3134 3135 3133
f 3134 3133 3132
f 3136 3137 3135
f 3136 3135 3134
f 3138 3139 3137
f 3138 3137 3136
f 3140 3141 3139
f 3140 3139 3138
f 3142 3143 3141
f 3142 3141 3140
f 3144 3143 3142
f 3145 3146 3143
f 3145 3147 3146
f 3145 3143 3144
f 3148 3147 3145
f 3149 3150 3147
f 3149 3151 3150
f 3149 3147 3148
f 3152 3153 3151
f 3152 3151 3149
f 3154 3155 3153
f 3154 3153 3152
f 3156 3157 3155
f 3156 3155 3154
f 3158 3157 3156
f 3159 3160 3157
f 3159 3161 3160
f 3159 3157 3158
f 3162 3163 3161
f 3162 3161 3159
f 3164 3165 3163
f 3164 3163 3162
f 3166 3165 3164
f 3167 3168 3165
f 3167 3169 3168
f 3167 3165 3166
f 3170 3171 3169
f 3170 3169 3167
f 3172 3173 3171
f 3172 3171 3170
f 3174 3173 3172
f 3175 3173 3174
f 3175 3176 3173
f 3175 3177 3176
f 3178 3177 3175
f 3179 3177 3178
f 3179 3180 3177
f 3181 3180 3179
f 3181 3182 3180
f 3181 3183 3182
f 3184 3183 3181
f 3184 3185 3183
f 3186 3185 3184
f 3186 3187 3185
f 3188 3187 3186
f 3189 3187 3188
f 3189 3190 3187
f 3191 3192 3190
f 3191 3193 3192
f 3191 3190 3189
f 3194 3195 3193
f 3194 3193 3191
f 3196 3195 3194
f 3197 3198 3195
f 3197 3195 3196
f 3199 3200 3198
f 3199 3201 3200
f 3199 3198 3197
f 3202 3201 3199
f 3203 3204 3201
f 3203 3205 3204
f 3203 3201 3202
f 3206 3205 3203
f 3207 3208 3205
f 3207 3209 3208
f 3207 3205 3206
f 3210 3209 3207
f 3211 3212 3209
f 3211 3209 3210
f 3213 3214 3212
f 3213 3215 3214
f 3213 3212 3211
f 3216 3215 3213
f 3217 3218 3215
f 3217 3219 3218
f 3217 3215 3216
f 3220 3219 3217
f 3221 3222 3219
f 3221 3219 3220
f 3223 3224 3222
f 3223 3222 3221
f 3225 3226 3224
f 3225 3224 3223
f 3227 3226 3225
f 3227 3228 3226
f 3227 3229 3228
f 3230 3229 3227
f 3231 3229 3230
f 3231 3232 3229
f 3233 3232 3231
f 3233 3234 3232
f 3233 3235 3234
f 3236 3235 3233
f 3237 3235 3236
f 3237 3238 3235
f 3239 3238 3237
f 3239 3240 3238
f 3239 3241 3240
f 3242 3241 3239
f 3243 3241 3242
f 3243 3244 3241
f 3245 3244 3243
f 3245 3246 3244
f 3245 3247 3246
f 3248 3247 3245
f 3249 3247 3248
f 3249 3250 3247
f 3249 3251 3250
f 3252 3251 3249
f 3253 3251 3252
f 3253 3254 3251
f 3255 3254 3253
f 3255 3256 3254
f 3257 3258 3256
f 3257 3256 3255
f 3259 3260 3258
f 3259 3258 3257
f 3261 3262 3260
f 3261 3260 3259
f 3263 3264 3262
f 3263 3262 3261
f 3265 3266 3264
f 3265 3264 3263
f 3267 3268 3266
f 3267 3266 3265
f 3269 3270 3268
f 3269 3268 3267
f 3271 3272 3270
f 3271 3270 3269
f 3273 3274 3272
f 3273 3272 3271
f 3275 3274 3273
f 3275 3276 3274
f 3277 3276 3275
f 3277 3278 3276
f 3277 3279 3278
f 3280 3279 3277
f 3281 3279 3280
f 3281 3282 3279
f 3283 3282 3281
f 3283 3284 3282
f 3285 3284 3283
f 3285 3286 3284
f 3287 3286 3285
f 3287 3288 3286
f 3287 3289 3288
f 3290 3289 3287
f 3291 3289 3290
f 3291 3292 3289
f 3293 3292 3291
f 3293 3294 3292
f 3295 3294 3293
f 3295 3296 3294
f 3297 3296 3295
f 3297 3298 3296
f 3118 3298 3297
f 3118 3117 3298
f 3299 3224 3226
f 3300 3224 3299
f 3301 3299 3226
f 3302 3224 3300
f 3303 3301 3226
f 3304 3224 3302
f 3305 3226 3228
f 3305 3303 3226
f 3306 3222 3224
f 3306 3224 3304
f 3307 3305 3228
f 3308 3222 3306
f 3309 3307 3228
f 3310 3222 3308
f 3311 3309 3228
f 3312 3219 3222
f 3312 3222 3310
f 3313 3228 3229
f 3313 3311 3228
f 3314 3219 3312
f 3315 3313 3229
f 3316 3219 3314
f 3317 3315 3229
f 3318 3219 3316
f 3319 3229 3232
f 3319 3317 3229
f 3320 3218 3219
f 3320 3219 3318
f 3321 3319 3232
f 3322 3218 3320
f 3323 3321 3232
f 3324 3218 3322
f 3325 3323 3232
f 3325 3232 3234
f 3326 3215 3218
f 3326 3218 3324
f 3327 3325 3234
f 3328 3215 3326
f 3329 3327 3234
f 3330 3215 3328
f 3331 3234 3235
f 3331 3329 3234
f 3332 3215 3330
f 3333 3331 3235
f 3334 3214 3215
f 3334 3215 3332
f 3335 3235 3238
f 3335 3333 3235
f 3336 3214 3334
f 3337 3335 3238
f 3338 3214 3336
f 3339 3337 3238
f 3340 3212 3214
f 3340 3214 3338
f 3341 3238 3240
f 3341 3339 3238
f 3342 3212 3340
f 3343 3341 3240
f 3344 3212 3342
f 3345 3343 3240
f 3345 3240 3241
f 3346 3209 3212
f 3346 3212 3344
f 3347 3345 3241
f 3348 3209 3346
f 3349 3241 3244
f 3349 3347 3241
f 3350 3209 3348
f 3351 3208 3209
f 3351 3209 3350
f 3352 3208 3351
f 3353 3208 3352
f 3354 3205 3208
f 3354 3208 3353
f 3355 3205 3354
f 3356 3205 3355
f 3357 3254 3256
f 3358 3254 3357
f 3359 3357 3256
f 3360 3254 3358
f 3361 3359 3256
f 3362 3251 3254
f 3362 3254 3360
f 3363 3256 3258
f 3363 3361 3256
f 3364 3251 3362
f 3365 3363 3258
f 3366 3251 3364
f 3367 3365 3258
f 3368 3250 3251
f 3368 3251 3366
f 3369 3258 3260
f 3369 3367 3258
f 3370 3250 3368
f 3371 3369 3260
f 3372 3250 3370
f 3373 3371 3260
f 3374 3247 3250
f 3374 3250 3372
f 3375 3373 3260
f 3376 3247 3374
f 3377 3260 3262
f 3377 3375 3260
f 3378 3246 3247
f 3378 3247 3376
f 3379 3377 3262
f 3380 3246 3378
f 3381 3379 3262
f 3382 3246 3380
f 3382 3244 3246
f 3383 3381 3262
f 3384 3244 3382
f 3385 3262 3264
f 3385 3383 3262
f 3386 3244 3384
f 3386 3349 3244
f 3387 3385 3264
f 3388 3389 3349
f 3388 3349 3386
f 3390 3387 3264
f 3391 3389 3388
f 3391 3392 3389
f 3393 3390 3264
f 3393 3264 3266
f 3394 3395 3392
f 3394 3392 3391
f 3396 3393 3266
f 3397 3395 3394
f 3397 3398 3395
f 3399 3396 3266
f 3400 3401 3398
f 3400 3398 3397
f 3402 3399 3266
f 3403 3401 3400
f 3403 3404 3401
f 3405 3266 3268
f 3405 3402 3266
f 3406 3407 3404
f 3406 3404 3403
f 3408 3405 3268
f 3409 3410 3407
f 3409 3407 3406
f 3411 3408 3268
f 3412 3413 3410
f 3412 3410 3409
f 3414 3268 3270
f 3414 3411 3268
f 3415 3416 3413
f 3415 3413 3412
f 3417 3414 3270
f 3418 3416 3415
f 3418 3419 3416
f 3420 3417 3270
f 3421 3422 3419
f 3421 3419 3418
f 3423 3420 3270
f 3424 3422 3421
f 3424 3425 3422
f 3426 3423 3270
f 3426 3270 3272
f 3427 3425 3424
f 3427 3428 3425
f 3429 3426 3272
f 3430 3431 3428
f 3430 3428 3427
f 3432 3429 3272
f 3433 3434 3431
f 3433 3431 3430
f 3435 3432 3272
f 3435 3272 3274
f 3436 3435 3274
f 3437 3439 3438
f 3440 3439 3437
f 3440 3441 3439
f 3442 3437 3438
f 3442 3438 3443
f 3444 3441 3440
f 3444 3445 3441
f 3446 3443 3447
f 3446 3442 3443
f 3448 3449 3445
f 3448 3445 3444
f 3450 3446 3447
f 3450 3447 3451
f 3452 3436 3274
f 3453 3449 3448
f 3453 3454 3449
f 3455 3451 3456
f 3455 3450 3451
f 3457 3458 3454
f 3457 3454 3453
f 3459 3456 3460
f 3459 3455 3456
f 3461 3462 3458
f 3461 3458 3457
f 3463 3460 3464
f 3463 3459 3460
f 3465 3462 3461
f 3465 3466 3462
f 3467 3464 3468
f 3467 3463 3464
f 3469 3274 3276
f 3469 3452 3274
f 3470 3471 3466
f 3470 3466 3465
f 3472 3468 3473
f 3472 3467 3468
f 3474 3471 3470
f 3474 3475 3471
f 3476 3472 3473
f 3476 3473 3477
f 3478 3356 3475
f 3478 3475 3474
f 3479 3469 3276
f 3480 3476 3477
f 3480 3477 3481
f 3482 3204 3205
f 3482 3205 3356
f 3482 3356 3478
f 3483 3481 3484
f 3483 3480 3481
f 3485 3479 3276
f 3486 3204 3482
f 3487 3484 3488
f 3487 3483 3484
f 3489 3204 3486
f 3490 3485 3276
f 3490 3276 3278
f 3491 3488 3492
f 3491 3487 3488
f 3493 3201 3204
f 3493 3204 3489
f 3494 3492 3495
f 3494 3491 3492
f 3496 3490 3278
f 3497 3201 3493
f 3498 3494 3495
f 3498 3495 3499
f 3500 3200 3201
f 3500 3201 3497
f 3501 3496 3278
f 3502 3499 3503
f 3502 3498 3499
f 3504 3200 3500
f 3505 3501 3278
f 3506 3503 3507
f 3506 3502 3503
f 3508 3198 3200
f 3508 3200 3504
f 3509 3507 3510
f 3509 3506 3507
f 3511 3198 3508
f 3512 3510 3513
f 3512 3509 3510
f 3514 3198 3511
f 3515 3512 3513
f 3515 3513 3516
f 3517 3195 3198
f 3517 3198 3514
f 3518 3515 3516
f 3518 3516 3519
f 3279 3520 3505
f 3279 3521 3520
f 3279 3505 3278
f 3522 3518 3519
f 3523 3519 3524
f 3523 3522 3519
f 3525 3524 3526
f 3525 3523 3524
f 3527 3525 3526
f 3527 3526 3528
f 3529 3528 3530
f 3529 3527 3528
f 3531 3530 3532
f 3531 3529 3530
f 3533 3517 3534
f 3533 3195 3517
f 3535 3195 3533
f 3536 3533 3534
f 3536 3534 3537
f 3538 3195 3535
f 3538 3193 3195
f 3539 3536 3537
f 3539 3537 3540
f 3541 3193 3538
f 3542 3539 3540
f 3542 3540 3543
f 3544 3193 3541
f 3545 3542 3543
f 3545 3543 3546
f 3547 3193 3544
f 3547 3192 3193
f 3548 3546 3549
f 3548 3545 3546
f 3550 3192 3547
f 3551 3549 3552
f 3551 3548 3549
f 3553 3192 3550
f 3554 3551 3552
f 3554 3552 3555
f 3556 3192 3553
f 3556 3190 3192
f 3557 3555 3558
f 3557 3554 3555
f 3559 3190 3556
f 3560 3557 3558
f 3560 3558 3561
f 3562 3190 3559
f 3563 3565 3564
f 3566 3567 3565
f 3566 3568 3567
f 3566 3565 3563
f 3569 3564 3570
f 3569 3570 3571
f 3569 3563 3564
f 3572 3560 3561
f 3572 3561 3573
f 3574 3568 3566
f 3574 3575 3568
f 3574 3576 3575
f 3577 3571 3578
f 3577 3569 3571
f 3579 3187 3190
f 3579 3190 3562
f 3580 3576 3574
f 3580 3581 3576
f 3582 3584 3583
f 3582 3578 3584
f 3582 3577 3578
f 3585 3572 3573
f 3585 3573 3586
f 3587 3588 3581
f 3587 3589 3588
f 3587 3581 3580
f 3590 3187 3579
f 3591 3583 3592
f 3591 3582 3583
f 3593 3585 3586
f 3593 3586 3594
f 3595 3532 3589
f 3595 3589 3587
f 3595 3531 3532
f 3596 3187 3590
f 3597 3434 3433
f 3597 3591 3592
f 3597 3592 3434
f 3597 3433 3598
f 3599 3594 3600
f 3599 3593 3594
f 3601 3602 3531
f 3601 3603 3602
f 3601 3531 3595
f 3604 3187 3596
f 3604 3185 3187
f 3605 3597 3598
f 3605 3598 3606
f 3607 3599 3600
f 3607 3600 3608
f 3609 3610 3603
f 3609 3611 3610
f 3609 3603 3601
f 3612 3185 3604
f 3613 3605 3606
f 3613 3615 3614
f 3613 3606 3615
f 3616 3608 3617
f 3616 3607 3608
f 3618 3619 3611
f 3618 3620 3619
f 3618 3611 3609
f 3621 3185 3612
f 3622 3617 3623
f 3622 3616 3617
f 3624 3613 3614
f 3624 3614 3625
f 3626 3185 3621
f 3626 3183 3185
f 3627 3628 3620
f 3627 3620 3618
f 3629 3622 3623
f 3629 3623 3630
f 3631 3633 3632
f 3631 3625 3633
f 3631 3624 3625
f 3634 3183 3626
f 3635 3629 3630
f 3635 3630 3636
f 3637 3638 3628
f 3637 3639 3638
f 3637 3628 3627
f 3640 3642 3641
f 3643 3642 3640
f 3643 3644 3642
f 3645 3640 3641
f 3645 3641 3646
f 3647 3183 3634
f 3648 3649 3644
f 3648 3644 3643
f 3650 3645 3646
f 3650 3646 3651
f 3652 3649 3648
f 3652 3653 3649
f 3654 3651 3655
f 3654 3650 3651
f 3656 3631 3632
f 3656 3658 3657
f 3656 3632 3658
f 3659 3660 3653
f 3659 3653 3652
f 3661 3654 3655
f 3661 3655 3662
f 3663 3636 3664
f 3663 3635 3636
f 3665 3666 3660
f 3665 3660 3659
f 3667 3661 3662
f 3667 3662 3668
f 3669 3666 3665
f 3669 3670 3666
f 3671 3639 3637
f 3671 3672 3639
f 3671 3673 3672
f 3674 3183 3647
f 3675 3667 3668
f 3675 3668 3676
f 3677 3670 3669
f 3677 3678 3670
f 3679 3676 3680
f 3679 3675 3676
f 3681 3663 3664
f 3681 3664 3682
f 3683 3656 3657
f 3683 3657 3684
f 3685 3686 3678
f 3685 3678 3677
f 3687 3680 3688
f 3687 3679 3680
f 3689 3183 3674
f 3689 3182 3183
f 3690 3691 3686
f 3690 3686 3685
f 3692 3688 3693
f 3692 3687 3688
f 3694 3673 3671
f 3694 3695 3673
f 3694 3696 3695
f 3697 3682 3698
f 3697 3681 3682
f 3699 3700 3691
f 3699 3691 3690
f 3701 3692 3693
f 3701 3693 3702
f 3703 3182 3689
f 3704 3683 3684
f 3704 3706 3705
f 3704 3684 3706
f 3707 3700 3699
f 3707 3708 3700
f 3709 3701 3702
f 3709 3702 3710
f 3711 3698 3712
f 3711 3697 3698
f 3713 3714 3708
f 3713 3708 3707
f 3694 3715 3696
f 3694 3716 3715
f 3717 3182 3703
f 3718 3709 3710
f 3718 3710 3719
f 3720 3714 3713
f 3720 3721 3714
f 3722 3711 3712
f 3722 3712 3723
f 3724 3718 3719
f 3724 3719 3725
f 3726 3704 3705
f 3726 3705 3727
f 3728 3182 3717
f 3728 3180 3182
f 3729 3721 3720
f 3729 3730 3721
f 3731 3724 3725
f 3731 3725 3732
f 3694 3733 3716
f 3694 3734 3733
f 3735 3723 3736
f 3735 3722 3723
f 3737 3730 3729
f 3737 3738 3730
f 3739 3180 3728
f 3740 3732 3741
f 3740 3731 3732
f 3742 3726 3727
f 3742 3744 3743
f 3742 3727 3744
f 3745 3738 3737
f 3745 3746 3738
f 3747 3736 3748
f 3747 3735 3736
f 3749 3741 3750
f 3749 3740 3741
f 3751 3180 3739
f 3694 3752 3734
f 3694 3753 3752
f 3754 3755 3746
f 3754 3746 3745
f 3756 3749 3750
f 3756 3750 3757
f 3758 3747 3748
f 3758 3748 3759
f 3760 3743 3755
f 3760 3755 3754
f 3760 3742 3743
f 3761 3180 3751
f 3762 3757 3763
f 3762 3756 3757
f 3764 3759 3765
f 3764 3758 3759
f 3766 3753 3694
f 3766 3767 3753
f 3766 3768 3767
f 3769 3180 3761
f 3769 3177 3180
f 3770 3763 3771
f 3770 3762 3763
f 3772 3764 3765
f 3772 3765 3773
f 3774 3760 3754
f 3774 3776 3775
f 3774 3754 3776
f 3777 3771 3778
f 3777 3770 3771
f 3779 3177 3769
f 3766 3780 3768
f 3766 3781 3780
f 3782 3773 3783
f 3782 3772 3773
f 3784 3279 3282
f 3784 3778 3521
f 3784 3521 3279
f 3784 3777 3778
f 3785 3177 3779
f 3786 3774 3775
f 3786 3788 3787
f 3786 3775 3788
f 3789 3782 3783
f 3789 3783 3790
f 3791 3784 3282
f 3792 3177 3785
f 3766 3793 3781
f 3766 3794 3793
f 3795 3282 3284
f 3795 3791 3282
f 3796 3789 3790
f 3796 3790 3797
f 3798 3177 3792
f 3798 3176 3177
f 3799 3786 3787
f 3799 3801 3800
f 3799 3787 3801
f 3802 3795 3284
f 3803 3796 3797
f 3803 3805 3804
f 3803 3797 3805
f 3806 3176 3798
f 3766 3807 3794
f 3766 3808 3807
f 3809 3802 3284
f 3810 3803 3804
f 3810 3804 3811
f 3812 3799 3800
f 3812 3800 3813
f 3814 3176 3806
f 3815 3284 3286
f 3815 3809 3284
f 3816 3811 3817
f 3816 3810 3811
f 3818 3808 3766
f 3818 3819 3808
f 3818 3820 3819
f 3821 3176 3814
f 3822 3815 3286
f 3823 3816 3817
f 3823 3817 3824
f 3825 3812 3813
f 3825 3827 3826
f 3825 3813 3827
f 3828 3286 3288
f 3828 3822 3286
f 3829 3823 3824
f 3829 3824 3830
f 3831 3832 3820
f 3831 3833 3832
f 3831 3820 3818
f 3834 3828 3288
f 3835 3829 3830
f 3836 3838 3837
f 3836 3826 3838
f 3836 3825 3826
f 3839 3834 3288
f 3840 3833 3831
f 3840 3841 3833
f 3840 3842 3841
f 3843 3839 3288
f 3843 3288 3289
f 3852 3836 3837
f 3852 3845 3844
f 3852 3837 3845
f 3173 3847 3846
f 3173 3848 3847
f 3173 3849 3848
f 3173 3821 3849
f 3173 3176 3821
f 3850 3842 3840
f 3850 3851 3842
f 3852 3854 3853
f 3852 3844 3854
f 3855 3856 3851
f 3855 3857 3856
f 3855 3851 3850
f 3874 3852 3853
f 3874 3859 3858
f 3874 3853 3859
f 3860 3857 3855
f 3860 3861 3857
f 3860 3862 3861
f 3874 3864 3863
f 3874 3858 3864
f 3865 3862 3860
f 3865 3866 3862
f 3865 3830 3866
f 3874 3868 3867
f 3874 3863 3868
f 3171 3870 3869
f 3171 3871 3870
f 3171 3846 3871
f 3171 3173 3846
f 3872 3873 3835
f 3872 3830 3865
f 3872 3835 3830
f 3874 3876 3875
f 3874 3867 3876
f 3877 3878 3873
f 3877 3879 3878
f 3877 3873 3872
f 3889 3874 3875
f 3889 3881 3880
f 3889 3875 3881
f 3882 3883 3879
f 3882 3879 3877
f 3889 3885 3884
f 3889 3880 3885
f 3886 3887 3883
f 3886 3888 3887
f 3886 3883 3882
f 3889 3891 3890
f 3889 3884 3891
f 3169 3893 3892
f 3169 3894 3893
f 3169 3869 3894
f 3169 3171 3869
f 3895 3896 3888
f 3895 3897 3896
f 3895 3888 3886
f 3898 3889 3890
f 3898 3900 3899
f 3898 3890 3900
f 3901 3902 3897
f 3901 3897 3895
f 3903 3905 3904
f 3903 3899 3905
f 3903 3898 3899
f 3906 3907 3902
f 3906 3902 3901
f 3906 3908 3907
f 3909 3903 3904
f 3909 3904 3910
f 3911 3908 3906
f 3911 3912 3908
f 3168 3914 3913
f 3168 3915 3914
f 3168 3892 3915
f 3168 3169 3892
f 3916 3918 3917
f 3916 3910 3918
f 3916 3909 3910
f 3919 3912 3911
f 3919 3920 3912
f 3919 3921 3920
f 3922 3916 3917
f 3922 3924 3923
f 3922 3917 3924
f 3925 3927 3926
f 3928 3927 3925
f 3928 3929 3927
f 3930 3926 3931
f 3930 3925 3926
f 3932 3929 3928
f 3932 3933 3929
f 3934 3931 3935
f 3934 3930 3931
f 3936 3933 3932
f 3936 3937 3933
f 3938 3934 3935
f 3938 3935 3939
f 3940 3941 3937
f 3940 3937 3936
f 3942 3939 3943
f 3942 3938 3939
f 3944 3941 3940
f 3944 3945 3941
f 3946 3942 3943
f 3946 3943 3947
f 3948 3949 3945
f 3948 3945 3944
f 3950 3921 3919
f 3950 3951 3921
f 3952 3946 3947
f 3952 3947 3953
f 3954 3949 3948
f 3954 3955 3949
f 3956 3953 3957
f 3956 3952 3953
f 3958 3959 3955
f 3958 3960 3959
f 3958 3955 3954
f 3961 3957 3962
f 3961 3956 3957
f 3963 3960 3958
f 3963 3964 3960
f 3965 3967 3966
f 3965 3923 3967
f 3965 3922 3923
f 3968 3962 3969
f 3968 3961 3962
f 3970 3964 3963
f 3970 3971 3964
f 3972 3969 3843
f 3972 3843 3289
f 3972 3968 3969
f 3973 3974 3971
f 3973 3971 3970
f 3975 3972 3289
f 3976 3951 3950
f 3976 3977 3951
f 3978 3979 3974
f 3978 3974 3973
f 3980 3975 3289
f 3980 3289 3292
f 3981 3982 3979
f 3981 3979 3978
f 3983 3980 3292
f 3984 3965 3966
f 3985 3986 3982
f 3985 3982 3981
f 3987 3983 3292
f 3988 3986 3985
f 3988 3989 3986
f 3990 3292 3294
f 3990 3987 3292
f 3165 3992 3991
f 3165 3913 3992
f 3165 3168 3913
f 3993 3989 3988
f 3993 3994 3989
f 3995 3990 3294
f 3996 3997 3994
f 3996 3994 3993
f 3998 3995 3294
f 3999 4000 3997
f 3999 3997 3996
f 4001 3294 3296
f 4001 3998 3294
f 4002 4003 4000
f 4002 4000 3999
f 4004 4001 3296
f 4005 4006 4003
f 4005 4003 4002
f 4007 4004 3296
f 4008 4009 4006
f 4008 4006 4005
f 4010 4007 3296
f 4010 3296 3298
f 4011 4009 4008
f 4011 4012 4009
f 4013 4010 3298
f 4014 4012 4011
f 4014 4015 4012
f 4016 4013 3298
f 4017 4018 4015
f 4017 4015 4014
f 4019 4016 3298
f 4019 3298 3117
f 4020 4018 4017
f 4020 4021 4018
f 4020 4022 4021
f 4023 4019 3117
f 4024 4022 4020
f 4024 3966 4022
f 3163 3165 3991
f 3163 4026 4025
f 3163 4027 4026
f 3163 3991 4027
f 4028 4023 3117
f 4029 3966 4024
f 4029 3984 3966
f 4030 4028 3117
f 4031 4032 3984
f 4031 3984 4029
f 4033 4030 3117
f 4034 4032 4031
f 4035 4033 3117
f 4036 4037 4032
f 4036 4032 4034
f 4038 4035 3117
f 4039 4040 4037
f 4039 4037 4036
f 4041 4038 3117
f 4042 4040 4039
f 4043 4041 3117
f 4044 4045 4040
f 4044 4040 4042
f 4046 4043 3117
f 4047 4045 4044
f 4048 4046 3117
f 3161 4050 4049
f 3161 4025 4050
f 3161 3163 4025
f 4051 4052 4045
f 4051 4045 4047
f 4053 4048 3117
f 4054 4055 4052
f 4054 4052 4051
f 4056 4053 3117
f 4057 4055 4054
f 4058 4056 3117
f 4059 4060 4055
f 4059 4055 4057
f 4061 4058 3117
f 4062 4063 4060
f 4062 4060 4059
f 4064 4061 3117
f 4065 4063 4062
f 4066 4064 3117
f 4067 4063 4065
f 4067 4068 4063
f 4069 4066 3117
f 4070 4071 4068
f 4070 4068 4067
f 4072 4069 3117
f 4073 4071 4070
f 4074 4072 3117
f 3160 4076 4075
f 3160 4049 4076
f 3160 3161 4049
f 4077 4074 3117
f 3157 3160 4075
f 4078 3977 3976
f 4079 3976 4080
f 4079 4078 3976
f 4081 3977 4078
f 4081 4082 3977
f 4083 4079 4080
f 4083 4080 4084
f 4085 4082 4081
f 4085 4086 4082
f 4087 4083 4084
f 4088 4089 4086
f 4088 4086 4085
f 4090 4087 4084
f 4090 4084 4091
f 4092 4093 4089
f 4092 4089 4088
f 4094 4090 4091
f 4094 4091 4095
f 4096 4097 4093
f 4096 4093 4092
f 4098 4094 4095
f 4099 4097 4096
f 4099 4100 4097
f 4101 4098 4095
f 4101 4095 4102
f 4104 4107 4103
f 4105 4103 4107
f 4106 4107 4104
f 4108 4105 4107
f 4108 4107 4109
f 4110 4107 4106
f 4111 4108 4109
f 4112 4113 4100
f 4112 4100 4099
f 4114 4101 4102
f 4114 4102 4115
f 4116 4117 4107
f 4116 4107 4110
f 4118 4111 4109
f 4119 4117 4116
f 4120 4113 4112
f 4120 4121 4113
f 4122 4118 4109
f 4123 4114 4115
f 4124 4117 4119
f 4124 4125 4117
f 4126 4122 4109
f 4127 4128 4121
f 4127 4121 4120
f 4129 4125 4124
f 4130 4115 4131
f 4130 4123 4115
f 4132 4126 4109
f 4133 4125 4129
f 4133 4134 4125
f 4135 4136 4128
f 4135 4128 4127
f 4137 4131 4138
f 4137 4130 4131
f 4139 4132 4109
f 4140 4134 4133
f 4140 4141 4134
f 4142 4143 4136
f 4142 4136 4135
f 4144 4139 4109
f 4145 4137 4138
f 4146 4141 4140
f 4147 4144 4109
f 4147 4109 4148
f 4149 4143 4142
f 4149 4150 4143
f 4151 4138 4152
f 4151 4145 4138
f 4153 4154 4141
f 4153 4141 4146
f 4155 4147 4148
f 4156 4157 4150
f 4156 4150 4149
f 4158 4154 4153
f 4159 4151 4152
f 4160 4155 4148
f 4161 4154 4158
f 4161 4162 4154
f 4163 4164 4157
f 4163 4157 4156
f 4165 4152 4166
f 4165 4159 4152
f 4167 4160 4148
f 4168 4162 4161
f 4169 4170 4164
f 4169 4164 4163
f 4171 4165 4166
f 4172 4148 4173
f 4172 4167 4148
f 4174 4171 4166
f 4174 4162 4168
f 4174 4166 4162
f 4175 4075 4170
f 4175 3157 4075
f 4175 4170 4169
f 4176 4172 4173
f 4177 4171 4174
f 4177 4178 4171
f 4179 3157 4175
f 4180 4176 4173
f 4180 4173 4181
f 4182 4183 4178
f 4182 4178 4177
f 4184 3157 4179
f 4184 3155 3157
f 4185 4180 4181
f 4186 4183 4182
f 4186 4187 4183
f 4188 3155 4184
f 4189 4181 4190
f 4189 4185 4181
f 4191 4187 4186
f 4191 4192 4187
f 4193 3155 4188
f 4193 3153 3155
f 4194 4190 4195
f 4194 4189 4190
f 4196 4192 4191
f 4196 4197 4192
f 4198 3153 4193
f 4199 4194 4195
f 4200 4197 4196
f 4200 4201 4197
f 4202 4195 4203
f 4202 4199 4195
f 4204 3153 4198
f 4205 4201 4200
f 4205 4206 4201
f 4207 4202 4203
f 4208 3153 4204
f 4209 4206 4205
f 4209 4210 4206
f 4211 4203 4212
f 4211 4207 4203
f 4213 4210 4209
f 4213 4214 4210
f 4215 4211 4212
f 4216 4214 4213
f 4216 4217 4214
f 4218 4212 4219
f 4218 4215 4212
f 3151 3153 4208
f 3151 4221 4220
f 3151 4208 4221
f 4222 4217 4216
f 4222 4223 4217
f 4224 4225 4223
f 4224 4223 4222
f 4226 4225 4224
f 4226 4227 4225
f 4228 4227 4226
f 4229 4227 4228
f 4230 4229 4228
f 4231 4229 4230
f 4232 4231 4230
f 4233 4231 4232
f 4234 4233 4232
f 4235 4233 4234
f 4236 4235 4234
f 4237 4235 4236
f 4238 4237 4236
f 3150 3151 4220
f 3150 4240 4239
f 3150 4241 4240
f 3150 4220 4241
f 4242 4237 4238
f 4243 4242 4238
f 4244 4242 4243
f 4245 4244 4243
f 4246 4244 4245
f 4247 4246 4245
f 4248 4246 4247
f 4249 4248 4247
f 4250 4248 4249
f 4251 4250 4249
f 4252 4250 4251
f 4253 4252 4251
f 4254 4252 4253
f 4255 4257 4256
f 4255 4256 4258
f 4259 4256 4260
f 4259 4258 4256
f 4261 4257 4255
f 4261 4262 4257
f 4263 4259 4260
f 4264 4262 4261
f 4265 4260 4266
f 4265 4263 4260
f 4267 4254 4253
f 4268 4219 4262
f 4268 4262 4264
f 4269 4266 4270
f 4269 4265 4266
f 4271 4254 4267
f 4272 4219 4268
f 4272 4218 4219
f 4273 4269 4270
f 4274 4275 4218
f 4274 4218 4272
f 4276 4270 4277
f 4276 4273 4270
f 4278 4275 4274
f 4278 4279 4275
f 4278 4280 4279
f 4281 4271 4267
f 4282 4277 4283
f 4282 4276 4277
f 4284 4271 4281
f 4285 4280 4278
f 4285 4286 4280
f 3147 3150 4239
f 3147 4288 4287
f 3147 4289 4288
f 3147 4239 4289
f 4290 4282 4283
f 4291 4286 4285
f 4291 4292 4286
f 4293 4284 4281
f 4294 4283 4295
f 4294 4290 4283
f 4296 4284 4293
f 4297 4292 4291
f 4297 4298 4292
f 4299 4295 4071
f 4299 4294 4295
f 4300 4298 4297
f 4300 4301 4298
f 4302 4296 4293
f 4303 4296 4302
f 4304 4299 4071
f 4304 4071 4073
f 4305 4306 4301
f 4305 4301 4300
f 4307 4304 4073
f 4307 4073 4308
f 4309 4303 4302
f 4310 4303 4309
f 4311 4312 4306
f 4311 4306 4305
f 4313 4307 4308
f 4313 4315 4314
f 4313 4308 4315
f 4316 4310 4309
f 4317 4318 4312
f 4317 4312 4311
f 4319 4310 4316
f 4320 4313 4314
f 4321 4319 4316
f 4322 4323 4318
f 4322 4318 4317
f 4324 4319 4321
f 4325 4320 4314
f 4325 4314 4326
f 4327 4324 4321
f 4328 4329 4323
f 4328 4323 4322
f 4330 4324 4327
f 4331 4325 4326
f 4331 4326 4332
f 4333 4330 4327
f 4334 4335 4329
f 4334 4329 4328
f 4336 4330 4333
f 4337 4331 4332
f 4337 4339 4338
f 4337 4332 4339
f 4340 4336 4333
f 4341 4336 4340
f 4342 4343 4335
f 4342 4335 4334
f 4344 4341 4340
f 4345 4337 4338
f 4346 4341 4344
f 4347 4343 4342
f 4347 4348 4343
f 4349 4346 4344
f 4350 4346 4349
f 4351 4345 4338
f 4351 4338 4352
f 4353 4350 4349
f 4354 4355 4348
f 4354 4348 4347
f 3146 4357 4356
f 3146 4358 4357
f 3146 4359 4358
f 3146 4287 4359
f 3146 3147 4287
f 4360 4362 4361
f 4360 4352 4362
f 4360 4351 4352
f 4363 4364 4355
f 4363 4355 4354
f 4365 4360 4361
f 4366 4367 4364
f 4366 4364 4363
f 4368 4365 4361
f 4368 4361 4369
f 4370 4371 4367
f 4370 4367 4366
f 4372 4368 4369
f 4372 4369 4373
f 4374 4375 4371
f 4374 4376 4375
f 4374 4371 4370
f 4377 4373 4378
f 4377 4372 4373
f 4379 4380 4376
f 4379 4376 4374
f 4381 4383 4382
f 4381 4378 4383
f 4381 4377 4378
f 4384 4385 4380
f 4384 4380 4379
f 4386 4382 4387
f 4386 4381 4382
f 4388 4389 4385
f 4388 4385 4384
f 4390 4386 4387
f 3143 4392 4391
f 3143 4393 4392
f 3143 4356 4393
f 3143 3146 4356
f 4394 4395 4389
f 4394 4389 4388
f 4396 4397 4395
f 4396 4395 4394
f 4398 4397 4396
f 4398 4399 4397
f 4400 4401 4399
f 4400 4399 4398
f 4402 4401 4400
f 4402 4403 4401
f 4404 4403 4402
f 4404 4405 4403
f 4406 4407 4405
f 4406 4405 4404
f 3141 4409 4408
f 3141 4410 4409
f 3141 4391 4410
f 3141 3143 4391
f 4411 4407 4406
f 4411 4412 4407
f 4413 4414 4412
f 4413 4412 4411
f 4415 4416 4414
f 4415 4414 4413
f 4417 4418 4416
f 4417 4416 4415
f 4419 4420 4418
f 4419 4418 4417
f 4421 4422 4420
f 4421 4420 4419
f 4423 4424 4422
f 4423 4422 4421
f 4425 4426 4424
f 4425 4424 4423
f 3139 4428 4427
f 3139 4429 4428
f 3139 4430 4429
f 3139 4408 4430
f 3139 3141 4408
f 4431 4426 4425
f 4432 4434 4433
f 4432 4435 4434
f 4432 4436 4435
f 4432 4437 4436
f 4432 4438 4437
f 4432 4439 4438
f 4432 4440 4439
f 4432 4441 4440
f 4432 4442 4441
f 4432 4443 4442
f 4432 4444 4443
f 4432 4445 4444
f 4432 4446 4445
f 4432 4447 4446
f 4432 4448 4447
f 4432 4449 4448
f 4432 4450 4449
f 4432 4451 4450
f 4432 4452 4451
f 4432 4387 4452
f 4432 4454 4453
f 4432 4433 4454
f 4455 4387 4432
f 4456 4387 4455
f 3137 3139 4427
f 3137 4458 4457
f 3137 4459 4458
f 3137 4460 4459
f 3137 4427 4460
f 4461 4390 4387
f 4461 4387 4456
f 4461 4462 4390
f 3135 4464 4463
f 3135 4465 4464
f 3135 4457 4465
f 3135 3137 4457
f 4466 4467 4462
f 4466 4468 4467
f 4466 4462 4461
f 3133 4470 4469
f 3133 4471 4470
f 3133 4472 4471
f 3133 4463 4472
f 3133 3135 4463
f 4829 4077 3117
f 4829 4453 4077
f 4829 3117 4748
f 4473 4474 4468
f 4473 4475 4474
f 4473 4468 4466
f 4476 4453 4829
f 4476 4432 4453
f 4477 4432 4476
f 4832 4432 4477
f 4478 4432 4832
f 4479 4432 4478
f 4480 4432 4479
f 4481 4432 4480
f 4837 4432 4481
f 4482 4432 4837
f 4483 4432 4482
f 4484 4432 4483
f 4841 4432 4484
f 4843 4432 4841
f 4845 4432 4843
f 4846 4432 4845
f 4847 4432 4846
f 4848 4432 4847
f 4485 4432 4848
f 4486 4432 4485
f 4849 4432 4486
f 4487 4488 4475
f 4487 4489 4488
f 4487 4475 4473
f 4490 4432 4849
f 3131 4492 4491
f 3131 4493 4492
f 3131 4469 4493
f 3131 3133 4469
f 4494 4432 4490
f 4495 4432 4494
f 4851 4432 4495
f 4853 4432 4851
f 4496 4432 4853
f 4497 4498 4489
f 4497 4499 4498
f 4497 4500 4499
f 4497 4489 4487
f 3129 4502 4501
f 3129 4503 4502
f 3129 4491 4503
f 3129 3131 4491
f 4504 4505 4500
f 4504 4506 4505
f 4504 4507 4506
f 4504 4500 4497
f 3127 4509 4508
f 3127 4510 4509
f 3127 4511 4510
f 3127 4501 4511
f 3127 3129 4501
f 4512 4513 4507
f 4512 4514 4513
f 4512 4507 4504
f 3125 4516 4515
f 3125 4508 4516
f 3125 3127 4508
f 4517 4518 4514
f 4517 4519 4518
f 4517 4520 4519
f 4517 4514 4512
f 4517 4521 4520
f 3123 3125 4515
f 3123 4523 4522
f 3123 4524 4523
f 3123 4515 4524
f 4525 4526 4521
f 4525 4521 4517
f 4525 4527 4526
f 4525 4528 4527
f 3121 3123 4522
f 3121 4529 4350
f 3121 4530 4529
f 3121 4522 4530
f 4531 4533 4532
f 4531 4534 4533
f 4531 4535 4534
f 4531 4536 4535
f 4531 4537 4536
f 4531 4538 4537
f 4531 4539 4538
f 4531 4540 4539
f 4531 4541 4540
f 4531 4542 4541
f 4531 4543 4542
f 4531 4544 4543
f 4531 4545 4544
f 4531 4546 4545
f 4531 4547 4546
f 4531 4548 4547
f 4531 4528 4525
f 4531 4549 4528
f 4531 4550 4549
f 4531 4551 4550
f 4531 4532 4551
f 3120 3121 4350
f 3120 4553 4552
f 3120 4353 4553
f 3120 4350 4353
f 3089 4554 4548
f 3089 4555 4554
f 3089 4556 4555
f 3089 4557 4556
f 3089 4558 4557
f 3089 4559 4558
f 3089 4560 4559
f 3089 4561 4560
f 3089 4562 4561
f 3089 4563 4562
f 3089 4564 4563
f 3089 4565 4564
f 3089 4426 4431
f 3089 4566 4565
f 3089 4431 4566
f 3089 4567 4426
f 3089 4568 4567
f 3089 4569 4568
f 3089 4570 4569
f 3089 4571 4570
f 3089 4572 4571
f 3089 4573 4572
f 3089 4552 4573
f 3089 3120 4552
f 3089 4548 4531
f 4574 4531 4575
f 4576 4575 4531
f 4577 4531 4574
f 4578 4576 4531
f 4579 4531 4577
f 4580 4578 4531
f 4581 4531 4579
f 4582 4580 4531
f 4583 4531 4581
f 4584 4582 4531
f 4585 4531 4583
f 4586 4584 4531
f 4587 4531 4585
f 4588 4531 4587
f 4589 4531 4588
f 4590 4531 4589
f 4591 4531 4590
f 4592 4531 4591
f 4593 4531 4592
f 4594 4531 4593
f 4595 4531 4594
f 4596 4531 4595
f 4597 4531 4596
f 4598 4531 4597
f 4599 4531 4598
f 4600 4531 4599
f 4601 3089 4531
f 4601 4531 4600
f 4602 3089 4601
f 4603 3089 4602
f 4604 3089 4603
f 4605 4607 4606
f 4605 4998 4607
f 4605 4608 4998
f 4605 4996 4608
f 4605 4993 4996
f 4605 4609 4993
f 4605 4991 4609
f 4605 4990 4991
f 4605 4989 4990
f 4605 4986 4989
f 4605 4610 4986
f 4605 4611 4610
f 4605 4985 4611
f 4605 4612 4985
f 4605 4983 4612
f 4605 4613 4983
f 4605 4614 4613
f 4605 4606 4615
f 4605 4616 4614
f 4605 4980 4616
f 4605 4979 4980
f 4605 4978 4979
f 4605 4977 4978
f 4617 4619 4618
f 4617 4977 4605
f 4617 4620 4977
f 4617 4975 4620
f 4617 4621 4975
f 4617 4974 4621
f 4617 4973 4974
f 4617 4622 4973
f 4617 4623 4622
f 4617 4624 4623
f 4617 4969 4624
f 4617 4625 4969
f 4617 4626 4625
f 4617 4627 4626
f 4617 4628 4627
f 4617 4966 4628
f 4617 4964 4966
f 4617 4962 4964
f 4617 4960 4962
f 4617 4629 4960
f 4617 4959 4629
f 4617 4957 4959
f 4617 4954 4957
f 4617 4618 4954
f 4630 4617 4605
f 4630 4605 4880
f 4631 4630 4880
f 4631 4880 4632
f 4633 4631 4632
f 4633 4632 4634
f 4635 4633 4634
f 4635 4637 4636
f 4635 4634 4637
f 4638 4635 4636
f 4639 4638 4636
f 4639 4636 4640
f 4641 4639 4640
f 4641 4640 4876
f 4642 4641 4876
f 4642 4643 4874
f 4642 4876 4643
f 4644 4642 4874
f 4645 4644 4874
f 4645 4874 4873
f 4646 4645 4873
f 4646 4873 4871
f 4647 4646 4871
f 4647 4871 4870
f 4648 4647 4870
f 4648 4870 4649
f 4650 4648 4649
f 4650 4649 4651
f 4652 4650 4651
f 4652 4651 4653
f 4654 4653 4869
f 4654 4652 4653
f 4655 4869 4867
f 4655 4654 4869
f 4656 4655 4867
f 4656 4867 4865
f 4657 4865 4863
f 4657 4656 4865
f 4658 4657 4863
f 4658 4863 4862
f 4659 4862 5354
f 5352 5354 4862
f 5355 4862 4659
f 5350 4862 4881
f 5350 5352 4862
f 4660 4862 5355
f 4661 5350 4881
f 4662 4862 4660
f 4663 4661 4881
f 4664 4862 4662
f 4665 4663 4881
f 4666 4862 4664
f 5347 4665 4881
f 5361 4862 4666
f 5345 5347 4881
f 5363 4862 5361
f 5343 5345 4881
f 5365 4862 5363
f 5342 5343 4881
f 5367 4862 5365
f 5340 5342 4881
f 4667 4862 5367
f 5369 4658 4862
f 5369 4862 4667
f 4668 4658 5369
f 5372 4658 4668
f 5373 4658 5372
f 5374 4658 5373
f 4669 4658 5374
f 4670 4658 4669
f 5375 4658 4670
f 4671 4658 5375
f 4672 4658 4671
f 4673 4658 4672
f 4674 4658 4673
f 4675 4658 4674
f 5379 4658 4675
f 5381 4658 5379
f 4676 5340 4881
f 4676 4887 4888
f 4676 4677 4887
f 4676 4886 4677
f 4676 4885 4886
f 4676 4678 4885
f 4676 4679 4678
f 4676 4882 4679
f 4676 4881 4882
f 4680 4676 4888
f 4680 4888 4681
f 5436 4681 4682
f 5436 4680 4681
f 5435 5436 4682
f 5435 4682 4889
f 4683 5435 4889
f 4683 4889 4684
f 4685 4683 4684
f 4685 4684 4686
f 4687 4686 4688
f 4687 4685 4686
f 4689 4688 4690
f 4689 4687 4688
f 4691 4690 4692
f 4691 4689 4690
f 4693 4692 4892
f 4693 4691 4692
f 5431 4892 4694
f 5431 4693 4892
f 5429 4694 4695
f 5429 5431 4694
f 5428 4695 4696
f 5428 5429 4695
f 4697 4696 4698
f 4697 5428 4696
f 4699 4697 4698
f 4699 4698 4700
f 4701 4700 4702
f 4701 4699 4700
f 4703 4702 4704
f 4703 4701 4702
f 5423 4703 4704
f 5423 4704 4896
f 5422 5423 4896
f 5422 4896 4705
f 4706 5422 4705
f 4706 4705 4707
f 4708 4706 4707
f 5421 4707 4899
f 5421 4708 4707
f 4709 5390 5339
f 4709 5388 5390
f 4709 4710 5388
f 4709 5387 4710
f 4709 5384 5387
f 4709 5382 5384
f 4709 4711 5382
f 4709 5381 4711
f 4709 4658 5381
f 4712 4943 4709
f 4712 4713 4943
f 4712 4714 4713
f 4712 4715 4714
f 4712 4939 4715
f 4712 4936 4939
f 4712 4935 4936
f 4712 4933 4935
f 4712 4709 5339
f 4716 4717 4933
f 4716 4933 4712
f 4718 4719 4717
f 4718 4717 4716
f 4720 4721 4719
f 4720 4719 4718
f 4722 4723 4721
f 4722 4721 4720
f 4724 4928 4723
f 4724 4723 4722
f 4725 4926 4928
f 4725 4928 4724
f 4726 4925 4926
f 4726 4926 4725
f 4727 4923 4925
f 4727 4925 4726
f 4728 4729 4923
f 4728 4923 4727
f 4730 4731 4729
f 4730 4729 4728
f 4732 4733 4731
f 4732 4731 4730
f 4734 4918 4733
f 4734 4733 4732
f 4735 4916 4918
f 4735 4918 4734
f 4736 4915 4916
f 4736 4916 4735
f 4737 4913 4915
f 4737 4915 4736
f 4738 4739 4913
f 4738 4913 4737
f 4740 4739 4738
f 4740 4741 4739
f 4742 4741 4740
f 4742 4910 4741
f 4743 4910 4742
f 4744 4908 4910
f 4744 4910 4743
f 4745 4746 4908
f 4745 4908 4744
f 3116 5421 4899
f 3116 4747 5421
f 3116 5420 4747
f 3116 5419 5420
f 3116 4749 4748
f 3116 4902 4749
f 3116 4901 4902
f 3116 4750 4901
f 3116 4751 4750
f 3116 4752 4751
f 3116 4899 4752
f 3026 5409 4753
f 3025 5411 5412
f 3025 4753 5411
f 3025 3026 4753
f 3028 5407 5409
f 3028 5409 3026
f 3024 3025 5412
f 3024 5412 5414
f 3030 5405 5407
f 3030 5407 3028
f 3022 3024 5414
f 3022 5414 4754
f 3031 5403 5405
f 3031 5405 3030
f 3020 4754 4755
f 3020 3022 4754
f 3032 5401 5403
f 3032 4756 5401
f 3032 5403 3031
f 3019 4755 4757
f 3019 3020 4755
f 3033 4758 4756
f 3033 4756 3032
f 3017 4759 5419
f 3017 4757 4759
f 3017 3019 4757
f 3035 5398 4758
f 3035 4758 3033
f 3016 3017 5419
f 3016 5419 3116
f 3036 5397 5398
f 3036 5398 3035
f 3014 3016 3116
f 3038 5397 3036
f 3038 5395 5397
f 3038 5394 5395
f 3013 3014 3116
f 3040 5392 5394
f 3040 5394 3038
f 3011 3013 3116
f 3042 5437 5392
f 3042 5392 3040
f 3009 3011 3116
f 3043 4760 5437
f 3043 5437 3042
f 3008 3009 3116
f 3044 5438 4760
f 3044 4760 3043
f 3006 3008 3116
f 3046 5439 5438
f 3046 5438 3044
f 3004 3006 3116
f 3048 4761 5439
f 3048 5439 3046
f 3003 3004 3116
f 3050 4762 4761
f 3050 4763 4762
f 3050 4761 3048
f 3001 3003 3116
f 3051 4764 4763
f 3051 4763 3050
f 3000 3001 3116
f 3052 4765 4764
f 3052 4764 3051
f 2999 3000 3116
f 3053 4765 3052
f 3053 4766 4765
f 2998 2999 3116
f 3054 4767 4766
f 3054 4768 4767
f 3054 4766 3053
f 2996 2998 3116
f 3057 4768 3054
f 3057 4769 4768
f 2994 2996 3116
f 3059 4770 4769
f 3059 4769 3057
f 2993 2994 3116
f 3061 4771 4770
f 3061 4770 3059
f 2992 3116 4772
f 2992 2993 3116
f 3062 4773 4771
f 3062 4771 3061
f 2989 4772 3114
f 2989 2992 4772
f 3064 4774 4773
f 3064 4773 3062
f 3064 4775 4774
f 2988 3114 4776
f 2988 2989 3114
f 3065 4777 4775
f 3065 4775 3064
f 2987 4776 3113
f 2987 2988 4776
f 3067 4777 3065
f 3067 4778 4777
f 2985 3113 3112
f 2985 2987 3113
f 3068 4779 4778
f 3068 4778 3067
f 2984 2985 3112
f 2984 3112 4780
f 3069 4779 3068
f 3069 4781 4779
f 2982 4780 4782
f 2982 2984 4780
f 3071 4783 4781
f 3071 4784 4783
f 3071 4781 3069
f 2981 4782 4785
f 2981 2982 4782
f 3072 4784 3071
f 2980 4785 3111
f 2980 2981 4785
f 2978 2980 3111
f 3110 2978 3111
f 3110 2976 2978
f 4786 2976 3110
f 4786 2975 2976
f 3109 2975 4786
f 3109 2974 2975
f 3108 2974 3109
f 3108 2973 2974
f 3107 2973 3108
f 3107 2971 2973
f 3106 2971 3107
f 3106 2969 2971
f 4787 2967 2969
f 4787 2969 3106
f 4788 2966 2967
f 4788 2967 4787
f 4789 2964 2966
f 4789 2966 4788
f 3105 2963 2964
f 3105 2964 4789
f 4790 2961 2963
f 4790 2963 3105
f 4791 2959 2961
f 4791 2961 4790
f 4792 2958 2959
f 4792 2959 4791
f 4793 2956 2958
f 4793 2958 4792
f 3092 3088 2899
f 3092 3086 3088
f 3092 3084 3086
f 3092 3082 3084
f 3092 3081 3082
f 3092 3080 3081
f 3092 3078 3080
f 3092 3077 3078
f 3092 3076 3077
f 3092 3075 3076
f 3092 4794 4746
f 3092 3074 3075
f 3092 4746 4745
f 3092 3073 3074
f 3092 4795 4794
f 3092 3072 3073
f 3092 4604 4795
f 3092 2902 2904
f 3092 2901 2902
f 3092 2899 2901
f 3092 4796 4784
f 3092 4797 4796
f 3092 4745 4797
f 3092 4784 3072
f 3104 2954 2956
f 3104 2956 4793
f 4798 2904 2906
f 4798 3092 2904
f 3103 2953 2954
f 3103 2954 3104
f 3093 2906 2908
f 3093 4798 2906
f 3102 2951 2953
f 3102 2953 3103
f 4799 2908 2910
f 4799 3093 2908
f 4800 2950 2951
f 4800 2951 3102
f 3094 2910 2912
f 3094 4799 2910
f 4801 2949 2950
f 4801 2950 4800
f 3095 3094 2912
f 3095 2912 2913
f 4802 2949 4801
f 4803 2913 2915
f 4803 3095 2913
f 4804 2947 2949
f 4804 2949 4802
f 3096 2915 2916
f 3096 4803 2915
f 4805 2946 2947
f 4805 2947 4804
f 4806 3096 2916
f 4806 2916 2918
f 4807 2945 2946
f 4807 2946 4805
f 3097 2918 2919
f 3097 4806 2918
f 4808 2943 2945
f 4808 2945 4807
f 3098 3097 2919
f 3098 2919 2920
f 4809 2941 2943
f 4809 2943 4808
f 4810 3098 2920
f 4810 2920 2922
f 4811 2940 2941
f 4811 2941 4809
f 4812 4810 2922
f 4812 2922 2923
f 4813 2938 2940
f 4813 2940 4811
f 4814 4812 2923
f 4814 2923 2925
f 4815 2936 2938
f 4815 2938 4813
f 3099 4814 2925
f 3099 2925 2926
f 3101 2935 2936
f 3101 2936 4815
f 4816 3099 2926
f 4816 2926 2928
f 4817 2934 2935
f 4817 2935 3101
f 3100 4816 2928
f 3100 2928 2930
f 4818 2933 2934
f 4818 2934 4817
f 4819 3100 2930
f 4819 2930 2932
f 4820 2932 2933
f 4820 4819 2932
f 4820 2933 4818
f 3089 4604 3092
f 3116 4748 3117
f 4432 4615 4606
f 4432 4821 4615
f 4432 4822 4821
f 4432 4823 4822
f 4432 4857 4823
f 4432 4824 4857
f 4432 4496 4824
f 4618 4619 4531
f 4619 4825 4531
f 4825 4826 4531
f 4826 4827 4531
f 4827 4586 4531
f 4828 4605 4615
f 4828 4615 5500
f 4748 5443 4829
f 5443 5445 4829
f 4829 5445 4476
f 5445 4830 4476
f 4476 4830 4477
f 4830 4831 4477
f 4477 4831 4832
f 4831 4833 4832
f 4832 4833 4478
f 4833 4834 4478
f 4478 4834 4479
f 4834 4835 4479
f 4479 4835 4480
f 4835 4836 4480
f 4480 4836 4481
f 4836 5446 4481
f 4481 5446 4837
f 5446 4838 4837
f 4837 4838 4482
f 4838 5447 4482
f 4482 5447 4483
f 5447 4839 4483
f 4483 4839 4484
f 4839 4840 4484
f 4484 4840 4841
f 4840 4842 4841
f 4841 4842 4843
f 4842 4844 4843
f 4843 4844 4845
f 4844 5448 4845
f 4845 5448 4846
f 5448 5449 4846
f 4846 5449 4847
f 5449 5450 4847
f 4847 5450 4848
f 5450 5451 4848
f 5451 5452 4485
f 4848 5451 4485
f 5452 5453 4486
f 4485 5452 4486
f 5453 5455 4849
f 4486 5453 4849
f 5455 4850 4490
f 4849 5455 4490
f 4490 4850 4494
f 4850 5456 4495
f 4494 4850 4495
f 5456 5457 4495
f 5457 4852 4851
f 4495 5457 4851
f 4851 4852 4853
f 4852 4854 4496
f 4854 4855 4496
f 4853 4852 4496
f 4855 4856 4824
f 4496 4855 4824
f 4824 4856 4857
f 4856 4858 4823
f 4858 4859 4823
f 4857 4856 4823
f 4859 4860 4822
f 4823 4859 4822
f 4822 4860 4821
f 4860 5500 4615
f 4821 4860 4615
f 4861 4862 5547
f 4862 4863 5547
f 4863 4865 4864
f 5547 4863 4864
f 4865 4867 4866
f 4864 4865 4866
f 4867 4869 4868
f 4866 4867 4868
f 4869 4653 5542
f 4868 4869 5542
f 4653 4651 5539
f 5542 4653 5539
f 4651 4649 5537
f 5539 4651 5537
f 4649 4870 5535
f 5537 4649 5535
f 4870 4871 5534
f 5535 4870 5534
f 4871 4873 4872
f 5534 4871 4872
f 4873 4874 5531
f 4872 4873 5531
f 4874 4643 5528
f 5531 4874 5528
f 4643 4876 4875
f 5528 4643 4875
f 4875 4876 4877
f 4876 4640 4877
f 4877 4640 4878
f 4640 4636 4878
f 4878 4636 5523
f 4636 4637 5523
f 5523 4637 5521
f 4637 4634 5521
f 5521 4634 4879
f 4634 4632 4879
f 4632 4880 5519
f 4879 4632 5519
f 4880 4605 4828
f 5519 4880 4828
f 5550 4881 4861
f 4881 4862 4861
f 5550 5565 4881
f 4881 5565 4882
f 5565 5566 4882
f 4882 5566 4679
f 5566 4883 4679
f 4679 4883 4678
f 4883 4884 4678
f 4678 4884 4885
f 4884 5567 4885
f 4885 5567 4886
f 5567 5568 4886
f 4886 5568 4677
f 5568 5569 4677
f 4677 5569 4887
f 5569 5570 4887
f 4887 5570 4888
f 5570 5572 4888
f 4888 5572 4681
f 5572 5574 4681
f 4681 5574 4682
f 5574 5576 4682
f 4682 5576 4889
f 5576 4890 4889
f 4889 4890 4684
f 4890 4891 4684
f 4684 4891 4686
f 4891 5580 4686
f 4686 5580 4688
f 5580 5581 4688
f 5581 5582 4690
f 4688 5581 4690
f 4690 5582 4692
f 5582 5583 4892
f 4692 5582 4892
f 5583 5584 4694
f 4892 5583 4694
f 5584 5586 4695
f 4694 5584 4695
f 5586 5587 4696
f 4695 5586 4696
f 5587 4893 4698
f 4696 5587 4698
f 4893 4894 4700
f 4698 4893 4700
f 4894 5589 4702
f 4700 4894 4702
f 4702 5589 4704
f 5589 4895 4704
f 4704 4895 4896
f 4895 4897 4896
f 4896 4897 4705
f 4897 4898 4705
f 4705 4898 4707
f 4898 5620 4707
f 4707 5620 4899
f 5620 5621 4899
f 4899 5621 4752
f 5621 5626 4752
f 4752 5626 4751
f 5626 5627 4751
f 4751 5627 4750
f 5627 4900 4750
f 4750 4900 4901
f 4900 5632 4901
f 4901 5632 4902
f 5632 5636 4902
f 4902 5636 4749
f 5636 5637 4749
f 4749 5637 4748
f 5517 4619 4617
f 5517 4617 5506
f 4903 4658 4709
f 4903 4709 4904
f 5693 4905 4795
f 4604 5693 4795
f 4795 4905 4794
f 4794 4905 4746
f 4905 4906 4746
f 4906 4907 4746
f 4746 4907 4908
f 4907 4909 4908
f 4908 4909 4910
f 4909 4911 4910
f 4910 4911 4741
f 4741 4911 4739
f 4911 5689 4739
f 5689 4912 4739
f 4739 4912 4913
f 4912 4914 4913
f 4913 4914 4915
f 4915 4914 4916
f 4914 4917 4916
f 4917 5608 4916
f 4916 5608 4918
f 4918 5608 4733
f 5608 4919 4733
f 4919 4920 4733
f 4733 4920 4731
f 4920 4921 4731
f 4731 4921 4729
f 4921 4922 4729
f 4729 4922 4923
f 4922 4924 4923
f 4923 4924 4925
f 4925 4924 4926
f 4924 5601 4926
f 5601 4927 4926
f 4926 4927 4928
f 4927 4929 4928
f 4928 4929 4723
f 4929 4930 4723
f 4723 4930 4721
f 4930 5596 4721
f 4721 5596 4719
f 5596 4931 4719
f 4719 4931 4717
f 4931 4932 4717
f 4717 4932 4933
f 4932 4934 4933
f 4933 4934 4935
f 4935 4934 4936
f 4934 4937 4936
f 4937 4938 4936
f 4936 4938 4939
f 4938 4940 4939
f 4940 4941 4715
f 4939 4940 4715
f 4941 4942 4714
f 4715 4941 4714
f 4714 4942 4713
f 4942 4944 4943
f 4944 4904 4943
f 4713 4942 4943
f 4943 4904 4709
f 1516 4071 1517
f 4071 4295 1517
f 4295 4283 1518
f 1517 4295 1518
f 4283 4277 1519
f 1518 4283 1519
f 4277 4270 1520
f 1519 4277 1520
f 4270 4266 1521
f 1520 4270 1521
f 4266 4260 1522
f 1521 4266 1522
f 4260 4256 1523
f 1522 4260 1523
f 4256 4257 1524
f 1523 4256 1524
f 4257 4262 1525
f 4262 4219 1525
f 1524 4257 1525
f 1525 4219 1526
f 1526 4219 1527
f 4219 4212 1527
f 4212 4203 1527
f 1527 4203 1528
f 1528 4203 1529
f 4203 4195 1529
f 1529 4195 1530
f 4195 4190 1530
f 1530 4190 1531
f 4190 4181 1531
f 1531 4181 1532
f 4181 4173 1532
f 1532 4173 4945
f 4173 4148 4945
f 4148 4109 4945
f 4945 4109 4946
f 4109 4107 4946
f 4946 4107 4947
f 4107 4117 1542
f 4117 4125 1542
f 4947 4107 1542
f 4125 4134 1543
f 1542 4125 1543
f 1543 4134 1544
f 4134 4141 1545
f 4141 4154 1545
f 1544 4134 1545
f 4154 4162 1546
f 1545 4154 1546
f 4162 4166 1547
f 1546 4162 1547
f 1547 4166 1548
f 4166 4152 1549
f 1548 4166 1549
f 4152 4138 1550
f 4138 4131 1550
f 1549 4152 1550
f 1550 4131 1551
f 1551 4131 1552
f 4131 4115 1552
f 1552 4115 1553
f 4115 4102 1553
f 4102 4095 1553
f 1553 4095 1554
f 4095 4091 1554
f 1554 4091 1555
f 4091 4084 1555
f 1555 4084 1556
f 4084 4080 1556
f 1556 4080 1557
f 1557 4080 1558
f 4080 3976 1558
f 3976 3950 1558
f 1558 3950 1559
f 3950 3919 1559
f 1559 3919 1560
f 1560 3919 1561
f 3919 3911 1561
f 3911 3906 1561
f 1561 3906 1562
f 1562 3906 1563
f 3906 3901 1563
f 1563 3901 1564
f 3901 3895 1564
f 3895 3886 1564
f 1564 3886 1565
f 1565 3886 1566
f 3886 3882 1566
f 1566 3882 1567
f 3882 3877 1567
f 1567 3877 1568
f 3877 3872 1568
f 1568 3872 1569
f 3872 3865 1569
f 1569 3865 1570
f 3865 3860 1570
f 1570 3860 1571
f 3860 3855 1571
f 3855 3850 1571
f 1571 3850 1572
f 3850 3840 1572
f 1572 3840 1573
f 3840 3831 1574
f 1573 3840 1574
f 3831 3818 4948
f 1574 3831 4948
f 3818 3766 4948
f 4948 3766 4949
f 3766 3694 4949
f 4949 3694 4950
f 4950 3694 1584
f 3694 3671 1584
f 3671 3637 1584
f 1584 3637 1585
f 3637 3627 1585
f 1585 3627 1586
f 1586 3627 1587
f 3627 3618 1587
f 3618 3609 1587
f 1587 3609 1588
f 1588 3609 1589
f 3609 3601 1589
f 1589 3601 1590
f 3601 3595 1590
f 3595 3587 1591
f 1590 3595 1591
f 3587 3580 1592
f 3580 3574 1592
f 1591 3587 1592
f 3574 3566 1593
f 1592 3574 1593
f 1593 3566 1594
f 3566 3563 1595
f 1594 3566 1595
f 3563 3569 1596
f 1595 3563 1596
f 3569 3577 1597
f 1596 3569 1597
f 3577 3582 1598
f 3582 3591 1598
f 1597 3577 1598
f 1598 3591 1599
f 3591 3597 1600
f 1599 3591 1600
f 3597 3605 1601
f 1600 3597 1601
f 3605 3613 1602
f 1601 3605 1602
f 3613 3624 1603
f 1602 3613 1603
f 1603 3624 1604
f 3624 3631 1604
f 1604 3631 1605
f 3631 3656 1605
f 1605 3656 1606
f 3656 3683 1606
f 1606 3683 1607
f 3683 3704 1607
f 3704 3726 1608
f 1607 3704 1608
f 3726 3742 1609
f 1608 3726 1609
f 3742 3760 1610
f 1609 3742 1610
f 3760 3774 1611
f 1610 3760 1611
f 3774 3786 1612
f 1611 3774 1612
f 3786 3799 1613
f 1612 3786 1613
f 3799 3812 1614
f 1613 3799 1614
f 3812 3825 1615
f 1614 3812 1615
f 3825 3836 1616
f 1615 3825 1616
f 3836 3852 4951
f 1616 3836 4951
f 3852 3874 4951
f 4951 3874 4952
f 3874 3889 4952
f 4952 3889 1625
f 3889 3898 1626
f 1625 3889 1626
f 3898 3903 1627
f 1626 3898 1627
f 1627 3903 1628
f 3903 3909 1628
f 3909 3916 1628
f 1628 3916 1629
f 1629 3916 1630
f 3916 3922 1630
f 1630 3922 1631
f 3922 3965 1631
f 1631 3965 1632
f 3965 3984 1632
f 1632 3984 1633
f 3984 4032 1633
f 1633 4032 1634
f 4032 4037 1634
f 1634 4037 1635
f 4037 4040 1635
f 1635 4040 1636
f 4040 4045 1636
f 1636 4045 1637
f 4045 4052 1637
f 1637 4052 1638
f 4052 4055 1638
f 1638 4055 1639
f 4055 4060 1639
f 1639 4060 1640
f 4060 4063 1640
f 4063 4068 1641
f 1640 4063 1641
f 4068 4071 1516
f 1641 4068 1516
f 4432 4606 5001
f 4953 4432 5001
f 4618 4955 4954
f 4955 5507 4954
f 5507 4956 4954
f 4954 4956 4957
f 4956 4958 4957
f 4957 4958 4959
f 4958 5508 4959
f 4959 5508 4629
f 5508 5509 4629
f 4629 5509 4960
f 5509 4961 4960
f 4960 4961 4962
f 4961 4963 4962
f 4962 4963 4964
f 4963 4965 4964
f 4964 4965 4966
f 4965 4967 4966
f 4966 4967 4628
f 4967 4968 4628
f 4628 4968 4627
f 4968 5510 4627
f 4627 5510 4626
f 4626 5510 4625
f 5510 5511 4625
f 5511 5512 4625
f 4625 5512 4969
f 5512 4970 4969
f 4969 4970 4624
f 4970 4971 4624
f 4624 4971 4623
f 4971 4972 4623
f 4623 4972 4622
f 4972 5513 4973
f 4622 4972 4973
f 5513 5514 4973
f 4973 5514 4974
f 5514 5515 4621
f 4974 5514 4621
f 5515 4976 4975
f 4976 5516 4975
f 4621 5515 4975
f 4975 5516 4620
f 5516 5501 4977
f 5501 5502 4977
f 4620 5516 4977
f 4977 5502 4978
f 5502 5503 4979
f 5503 5504 4979
f 4978 5502 4979
f 5504 5505 4980
f 4979 5504 4980
f 4980 5505 4616
f 5505 4981 4616
f 4616 4981 4614
f 4614 4981 4613
f 4981 4982 4613
f 4613 4982 4983
f 4982 4984 4983
f 4984 5494 4983
f 4983 5494 4612
f 5494 5495 4612
f 4612 5495 4985
f 5495 5496 4985
f 4985 5496 4611
f 4611 5496 4610
f 5496 5497 4610
f 4610 5497 4986
f 5497 4987 4986
f 4987 4988 4986
f 4986 4988 4989
f 4989 4988 4990
f 4988 5498 4990
f 5498 5499 4990
f 4990 5499 4991
f 4991 5499 4609
f 5499 4992 4609
f 4609 4992 4993
f 4992 4994 4993
f 4994 4995 4993
f 4993 4995 4996
f 4996 4995 4608
f 4995 4997 4608
f 4608 4997 4998
f 4997 4999 4998
f 4998 4999 4607
f 4999 5000 4607
f 4607 5000 4606
f 5000 5001 4606
f 4955 4618 4531
f 4955 4531 5002
f 3907 3908 1642
f 1642 3908 1643
f 3908 3912 1644
f 1643 3908 1644
f 3912 3920 1645
f 1644 3912 1645
f 3920 3921 1646
f 3921 3951 1646
f 1645 3920 1646
f 1646 3951 1647
f 3951 3977 1648
f 3977 4082 1648
f 1647 3951 1648
f 1648 4082 1649
f 4082 4086 1650
f 4086 4089 1650
f 1649 4082 1650
f 1650 4089 1651
f 4089 4093 1652
f 1651 4089 1652
f 1652 4093 1653
f 4093 4097 1653
f 4097 4100 1653
f 1653 4100 1654
f 1654 4100 1655
f 4100 4113 1655
f 1655 4113 1656
f 4113 4121 1656
f 1656 4121 1657
f 4121 4128 1657
f 1657 4128 1658
f 4128 4136 1658
f 1658 4136 1659
f 4136 4143 1659
f 1659 4143 1660
f 4143 4150 1660
f 4150 4157 1660
f 1660 4157 1661
f 4157 4164 1661
f 1661 4164 1662
f 4164 4170 1662
f 1662 4170 1663
f 1663 4170 1664
f 4170 4075 1664
f 4075 4076 1664
f 1664 4076 1665
f 4076 4049 1666
f 4049 4050 1666
f 1665 4076 1666
f 4050 4025 1667
f 1666 4050 1667
f 1667 4025 1668
f 4025 4026 1669
f 1668 4025 1669
f 4026 4027 1670
f 4027 3991 1670
f 1669 4026 1670
f 1670 3991 1671
f 3991 3992 1672
f 3992 3913 1672
f 1671 3991 1672
f 3913 3914 1673
f 1672 3913 1673
f 1673 3914 1674
f 3914 3915 1675
f 1674 3914 1675
f 3915 3892 1676
f 3892 3893 1676
f 1675 3915 1676
f 1676 3893 1677
f 1677 3893 1678
f 3893 3894 1678
f 3894 3869 1678
f 1678 3869 1679
f 3869 3870 1680
f 1679 3869 1680
f 1680 3870 1681
f 3870 3871 1681
f 3871 3846 1681
f 1681 3846 1682
f 1682 3846 1683
f 3846 3847 1683
f 1683 3847 1684
f 3847 3848 1684
f 1684 3848 1685
f 3848 3849 1685
f 1685 3849 1686
f 3849 3821 1686
f 1686 3821 1687
f 3821 3814 1687
f 1687 3814 1688
f 3814 3806 1688
f 1688 3806 1689
f 3806 3798 1689
f 3798 3792 1689
f 1689 3792 1690
f 1690 3792 1691
f 3792 3785 1691
f 1691 3785 1692
f 3785 3779 1692
f 1692 3779 1693
f 3779 3769 1693
f 3769 3761 1693
f 1693 3761 1694
f 3761 3751 1694
f 1694 3751 1695
f 1695 3751 1696
f 3751 3739 1696
f 1696 3739 1697
f 3739 3728 1697
f 1697 3728 1698
f 3728 3717 1698
f 3717 3703 1698
f 1698 3703 1699
f 3703 3689 1700
f 1699 3703 1700
f 3689 3674 1701
f 3674 3647 1701
f 1700 3689 1701
f 1701 3647 1702
f 3647 3634 1703
f 1702 3647 1703
f 1703 3634 1704
f 3634 3626 1704
f 3626 3621 1704
f 1704 3621 1705
f 3621 3612 1705
f 1705 3612 1706
f 1706 3612 1707
f 3612 3604 1707
f 3604 3596 1707
f 1707 3596 1708
f 1708 3596 1709
f 3596 3590 1709
f 1709 3590 1710
f 3590 3579 1710
f 1710 3579 1711
f 3579 3562 1711
f 1711 3562 1712
f 3562 3559 1712
f 1712 3559 1713
f 3559 3556 1713
f 3556 3553 1713
f 1713 3553 1714
f 1714 3553 1715
f 3553 3550 1715
f 3550 3547 1715
f 1715 3547 1716
f 3547 3544 1717
f 1716 3547 1717
f 3544 3541 1718
f 1717 3544 1718
f 3541 3538 1719
f 1718 3541 1719
f 3538 3535 1720
f 1719 3538 1720
f 3535 3533 1721
f 1720 3535 1721
f 3533 3536 1722
f 1721 3533 1722
f 3536 3539 1723
f 1722 3536 1723
f 3539 3542 1724
f 1723 3539 1724
f 3542 3545 1725
f 1724 3542 1725
f 3545 3548 1726
f 1725 3545 1726
f 3548 3551 1727
f 1726 3548 1727
f 3551 3554 1728
f 1727 3551 1728
f 3554 3557 1729
f 3557 3560 1729
f 1728 3554 1729
f 1729 3560 1730
f 3560 3572 1730
f 1730 3572 1731
f 1731 3572 1732
f 3572 3585 1732
f 1732 3585 1733
f 3585 3593 1733
f 3593 3599 1734
f 1733 3593 1734
f 3599 3607 1735
f 3607 3616 1735
f 1734 3599 1735
f 1735 3616 1736
f 3616 3622 1737
f 1736 3616 1737
f 3622 3629 1738
f 1737 3622 1738
f 3629 3635 1739
f 1738 3629 1739
f 3635 3663 1740
f 1739 3635 1740
f 3663 3681 1741
f 1740 3663 1741
f 3681 3697 1742
f 1741 3681 1742
f 3697 3711 1743
f 3711 3722 1743
f 1742 3697 1743
f 1743 3722 1744
f 3722 3735 1745
f 1744 3722 1745
f 3735 3747 1746
f 1745 3735 1746
f 3747 3758 1747
f 1746 3747 1747
f 3758 3764 1748
f 1747 3758 1748
f 3764 3772 1749
f 1748 3764 1749
f 3772 3782 1750
f 1749 3772 1750
f 3782 3789 1751
f 1750 3782 1751
f 3789 3796 1752
f 3796 3803 1752
f 1751 3789 1752
f 1752 3803 1753
f 1753 3803 1754
f 3803 3810 1754
f 1754 3810 1755
f 3810 3816 1755
f 1755 3816 1756
f 3816 3823 1756
f 1756 3823 1757
f 3823 3829 1757
f 1757 3829 1758
f 3829 3835 1758
f 1758 3835 1759
f 3835 3873 1759
f 1759 3873 1760
f 3873 3878 1760
f 1760 3878 1761
f 3878 3879 1761
f 1761 3879 1762
f 3879 3883 1762
f 1762 3883 1763
f 3883 3887 1763
f 1763 3887 1764
f 3887 3888 1764
f 1764 3888 1765
f 3888 3896 1765
f 1765 3896 1766
f 3896 3897 1766
f 3897 3902 1767
f 1766 3897 1767
f 3902 3907 1642
f 1767 3902 1642
f 3570 3564 1894
f 1894 3564 1895
f 3564 3565 1896
f 1895 3564 1896
f 3565 3567 1897
f 1896 3565 1897
f 3567 3568 1898
f 3568 3575 1898
f 1897 3567 1898
f 1898 3575 1899
f 3575 3576 1900
f 3576 3581 1900
f 1899 3575 1900
f 1900 3581 1901
f 3581 3588 1902
f 3588 3589 1902
f 1901 3581 1902
f 1902 3589 1903
f 3589 3532 1904
f 1903 3589 1904
f 1904 3532 1905
f 3532 3530 1905
f 3530 3528 1905
f 1905 3528 1906
f 1906 3528 1907
f 3528 3526 1907
f 1907 3526 1908
f 3526 3524 1908
f 1908 3524 1909
f 3524 3519 1909
f 1909 3519 1910
f 3519 3516 1910
f 1910 3516 1911
f 3516 3513 1911
f 1911 3513 1912
f 3513 3510 1912
f 3510 3507 1912
f 1912 3507 1913
f 3507 3503 1913
f 1913 3503 1914
f 3503 3499 1914
f 1914 3499 1915
f 1915 3499 1916
f 3499 3495 1916
f 3495 3492 1916
f 1916 3492 1917
f 3492 3488 1918
f 3488 3484 1918
f 1917 3492 1918
f 3484 3481 1919
f 1918 3484 1919
f 1919 3481 1920
f 3481 3477 1921
f 1920 3481 1921
f 3477 3473 1922
f 3473 3468 1922
f 1921 3477 1922
f 1922 3468 1923
f 3468 3464 1924
f 3464 3460 1924
f 1923 3468 1924
f 3460 3456 1925
f 1924 3460 1925
f 1925 3456 1926
f 3456 3451 1927
f 1926 3456 1927
f 3451 3447 1928
f 3447 3443 1928
f 1927 3451 1928
f 1928 3443 1929
f 1929 3443 1930
f 3443 3438 1930
f 3438 3439 1930
f 1930 3439 1931
f 3439 3441 1932
f 1931 3439 1932
f 1932 3441 1933
f 3441 3445 1933
f 3445 3449 1933
f 1933 3449 1934
f 1934 3449 1935
f 3449 3454 1935
f 1935 3454 1936
f 3454 3458 1936
f 1936 3458 1937
f 3458 3462 1937
f 1937 3462 1938
f 3462 3466 1938
f 1938 3466 1939
f 3466 3471 1939
f 1939 3471 1940
f 3471 3475 1940
f 1940 3475 1941
f 3475 3356 1941
f 3356 3355 1941
f 1941 3355 1942
f 1942 3355 1943
f 3355 3354 1943
f 1943 3354 1944
f 3354 3353 1944
f 1944 3353 1945
f 3353 3352 1945
f 3352 3351 1945
f 1945 3351 1946
f 3351 3350 1946
f 1946 3350 1947
f 1947 3350 1948
f 3350 3348 1948
f 1948 3348 1949
f 3348 3346 1949
f 1949 3346 1950
f 3346 3344 1950
f 3344 3342 1950
f 1950 3342 1951
f 3342 3340 1952
f 1951 3342 1952
f 3340 3338 1953
f 3338 3336 1953
f 1952 3340 1953
f 1953 3336 1954
f 3336 3334 1955
f 1954 3336 1955
f 1955 3334 1956
f 3334 3332 1956
f 3332 3330 1956
f 1956 3330 1957
f 3330 3328 1957
f 1957 3328 1958
f 1958 3328 1959
f 3328 3326 1959
f 3326 3324 1959
f 1959 3324 1960
f 1960 3324 1961
f 3324 3322 1961
f 1961 3322 1962
f 3322 3320 1962
f 1962 3320 1963
f 3320 3318 1963
f 1963 3318 1964
f 3318 3316 1964
f 1964 3316 1965
f 3316 3314 1965
f 3314 3312 1965
f 1965 3312 1966
f 1966 3312 1967
f 3312 3310 1967
f 3310 3308 1967
f 1967 3308 1968
f 3308 3306 1969
f 1968 3308 1969
f 3306 3304 1970
f 1969 3306 1970
f 3304 3302 1971
f 1970 3304 1971
f 3302 3300 1972
f 1971 3302 1972
f 3300 3299 1973
f 1972 3300 1973
f 3299 3301 1974
f 1973 3299 1974
f 3301 3303 1975
f 1974 3301 1975
f 3303 3305 1976
f 1975 3303 1976
f 3305 3307 1977
f 1976 3305 1977
f 3307 3309 1978
f 1977 3307 1978
f 3309 3311 1979
f 1978 3309 1979
f 3311 3313 1980
f 1979 3311 1980
f 3313 3315 1981
f 3315 3317 1981
f 1980 3313 1981
f 1981 3317 1982
f 3317 3319 1982
f 1982 3319 1983
f 1983 3319 1984
f 3319 3321 1984
f 1984 3321 1985
f 3321 3323 1985
f 3323 3325 1986
f 1985 3323 1986
f 3325 3327 1987
f 3327 3329 1987
f 1986 3325 1987
f 1987 3329 1988
f 3329 3331 1989
f 1988 3329 1989
f 3331 3333 1990
f 1989 3331 1990
f 3333 3335 1991
f 1990 3333 1991
f 3335 3337 1992
f 1991 3335 1992
f 3337 3339 1993
f 1992 3337 1993
f 3339 3341 1994
f 1993 3339 1994
f 3341 3343 1995
f 3343 3345 1995
f 1994 3341 1995
f 1995 3345 1996
f 3345 3347 1997
f 1996 3345 1997
f 3347 3349 1998
f 1997 3347 1998
f 3349 3389 1999
f 1998 3349 1999
f 3389 3392 2000
f 1999 3389 2000
f 3392 3395 2001
f 2000 3392 2001
f 3395 3398 2002
f 2001 3395 2002
f 3398 3401 2003
f 2002 3398 2003
f 3401 3404 2004
f 3404 3407 2004
f 2003 3401 2004
f 2004 3407 2005
f 2005 3407 2006
f 3407 3410 2006
f 2006 3410 2007
f 3410 3413 2007
f 2007 3413 2008
f 3413 3416 2008
f 2008 3416 2009
f 3416 3419 2009
f 2009 3419 2010
f 3419 3422 2010
f 2010 3422 2011
f 3422 3425 2011
f 2011 3425 2012
f 3425 3428 2012
f 2012 3428 2013
f 3428 3431 2013
f 2013 3431 2014
f 3431 3434 2014
f 2014 3434 2015
f 3434 3592 2015
f 2015 3592 2016
f 3592 3583 2016
f 2016 3583 2017
f 3583 3584 2017
f 2017 3584 2018
f 3584 3578 2018
f 3578 3571 2019
f 2018 3578 2019
f 3571 3570 1894
f 2019 3571 1894
f 2146 3741 5003
f 3741 3732 5003
f 3732 3725 5004
f 5003 3732 5004
f 3725 3719 5005
f 5004 3725 5005
f 3719 3710 5006
f 3710 3702 5006
f 5005 3719 5006
f 5006 3702 5007
f 3702 3693 5008
f 3693 3688 5008
f 5007 3702 5008
f 5008 3688 5009
f 3688 3680 5010
f 3680 3676 5010
f 5009 3688 5010
f 3676 3668 5011
f 5010 3676 5011
f 5011 3668 5012
f 5012 3668 5013
f 3668 3662 5013
f 5013 3662 5014
f 3662 3655 5014
f 3655 3651 5014
f 5014 3651 5015
f 5015 3651 5016
f 3651 3646 5016
f 5016 3646 5017
f 3646 3641 5017
f 5017 3641 5018
f 3641 3642 5018
f 5018 3642 5019
f 3642 3644 5019
f 3644 3649 5019
f 5019 3649 5020
f 3649 3653 5021
f 5020 3649 5021
f 3653 3660 5022
f 5021 3653 5022
f 3660 3666 5023
f 5022 3660 5023
f 3666 3670 5024
f 5023 3666 5024
f 3670 3678 5025
f 5024 3670 5025
f 3678 3686 5026
f 5025 3678 5026
f 3686 3691 5027
f 3691 3700 5027
f 5026 3686 5027
f 5027 3700 5028
f 3700 3708 5029
f 5028 3700 5029
f 3708 3714 5030
f 3714 3721 5030
f 5029 3708 5030
f 5030 3721 5031
f 3721 3730 5032
f 5031 3721 5032
f 3730 3738 5033
f 3738 3746 5033
f 5032 3730 5033
f 5033 3746 5034
f 3746 3755 5035
f 5034 3746 5035
f 3755 3743 5036
f 3743 3744 5036
f 5035 3755 5036
f 5036 3744 5037
f 5037 3744 5038
f 3744 3727 5038
f 3727 3705 5038
f 5038 3705 5039
f 3705 3706 5039
f 5039 3706 5040
f 5040 3706 5041
f 3706 3684 5041
f 3684 3657 5041
f 5041 3657 5042
f 5042 3657 5043
f 3657 3658 5043
f 5043 3658 5044
f 3658 3632 5044
f 3632 3633 5044
f 5044 3633 5045
f 5045 3633 5046
f 3633 3625 5046
f 3625 3614 5046
f 5046 3614 5047
f 3614 3615 5047
f 5047 3615 5048
f 5048 3615 5049
f 3615 3606 5049
f 3606 3598 5049
f 5049 3598 5050
f 3598 3433 5050
f 5050 3433 5051
f 5051 3433 5052
f 3433 3430 5052
f 3430 3427 5052
f 5052 3427 5053
f 5053 3427 5054
f 3427 3424 5054
f 5054 3424 5055
f 3424 3421 5055
f 3421 3418 5056
f 5055 3421 5056
f 3418 3415 5057
f 5056 3418 5057
f 3415 3412 5058
f 5057 3415 5058
f 3412 3409 5059
f 3409 3406 5059
f 5058 3412 5059
f 5059 3406 5060
f 3406 3403 5061
f 3403 3400 5061
f 5060 3406 5061
f 5061 3400 5062
f 5062 3400 5063
f 3400 3397 5063
f 5063 3397 5064
f 3397 3394 5064
f 3394 3391 5064
f 5064 3391 5065
f 5065 3391 5066
f 3391 3388 5066
f 3388 3386 5066
f 5066 3386 5067
f 5067 3386 5068
f 3386 3384 5068
f 5068 3384 5069
f 3384 3382 5069
f 5069 3382 5070
f 3382 3380 5070
f 3380 3378 5070
f 5070 3378 5071
f 3378 3376 5071
f 5071 3376 5072
f 3376 3374 5072
f 5072 3374 5073
f 5073 3374 5074
f 3374 3372 5074
f 3372 3370 5074
f 5074 3370 5075
f 3370 3368 5075
f 5075 3368 5076
f 5076 3368 5077
f 3368 3366 5077
f 5077 3366 5078
f 3366 3364 5078
f 3364 3362 5078
f 5078 3362 5079
f 5079 3362 5080
f 3362 3360 5080
f 5080 3360 5081
f 3360 3358 5081
f 3358 3357 5081
f 5081 3357 5082
f 3357 3359 5082
f 5082 3359 5083
f 5083 3359 5084
f 3359 3361 5084
f 3361 3363 5085
f 5084 3361 5085
f 3363 3365 5086
f 3365 3367 5086
f 5085 3363 5086
f 5086 3367 5087
f 3367 3369 5088
f 5087 3367 5088
f 5088 3369 5089
f 3369 3371 5089
f 3371 3373 5090
f 5089 3371 5090
f 3373 3375 5091
f 3375 3377 5091
f 5090 3373 5091
f 5091 3377 5092
f 3377 3379 5093
f 3379 3381 5093
f 5092 3377 5093
f 5093 3381 5094
f 3381 3383 5095
f 3383 3385 5095
f 5094 3381 5095
f 5095 3385 5096
f 3385 3387 5097
f 3387 3390 5097
f 5096 3385 5097
f 5097 3390 5098
f 3390 3393 5099
f 5098 3390 5099
f 3393 3396 5100
f 3396 3399 5100
f 5099 3393 5100
f 5100 3399 5101
f 3399 3402 5102
f 3402 3405 5102
f 5101 3399 5102
f 5102 3405 5103
f 3405 3408 5104
f 3408 3411 5104
f 5103 3405 5104
f 3411 3414 5105
f 5104 3411 5105
f 5105 3414 5106
f 3414 3417 5107
f 3417 3420 5107
f 5106 3414 5107
f 5107 3420 5108
f 3420 3423 5109
f 5108 3420 5109
f 3423 3426 5110
f 5109 3423 5110
f 3426 3429 5111
f 3429 3432 5111
f 5110 3426 5111
f 5111 3432 5112
f 5112 3432 5113
f 3432 3435 5113
f 3435 3436 5113
f 5113 3436 5114
f 5114 3436 5115
f 3436 3452 5115
f 5115 3452 5116
f 3452 3469 5116
f 5116 3469 5117
f 3469 3479 5117
f 3479 3485 5117
f 5117 3485 5118
f 3485 3490 5118
f 5118 3490 5119
f 5119 3490 5120
f 3490 3496 5120
f 5120 3496 5121
f 3496 3501 5121
f 3501 3505 5121
f 3505 3520 5122
f 5121 3505 5122
f 5122 3520 5123
f 3520 3521 5123
f 5123 3521 5124
f 3521 3778 5125
f 5124 3521 5125
f 3778 3771 5126
f 3771 3763 5126
f 5125 3778 5126
f 3763 3757 5127
f 5126 3763 5127
f 5127 3757 5128
f 3757 3750 5129
f 3750 3741 5129
f 5128 3757 5129
f 5129 3741 2146
f 1768 4324 5130
f 4324 4330 5130
f 4330 4336 5131
f 4336 4341 5131
f 5130 4330 5131
f 5131 4341 5132
f 4341 4346 5133
f 4346 4350 5133
f 5132 4341 5133
f 4350 4529 5134
f 5133 4350 5134
f 5134 4529 5135
f 4529 4530 5136
f 5135 4529 5136
f 4530 4522 5137
f 4522 4523 5137
f 5136 4530 5137
f 5137 4523 5138
f 4523 4524 5139
f 5138 4523 5139
f 4524 4515 5140
f 4515 4516 5140
f 5139 4524 5140
f 5140 4516 5141
f 5141 4516 5142
f 4516 4508 5142
f 4508 4509 5142
f 5142 4509 5143
f 5143 4509 5144
f 4509 4510 5144
f 5144 4510 5145
f 4510 4511 5145
f 4511 4501 5145
f 5145 4501 5146
f 5146 4501 5147
f 4501 4502 5147
f 5147 4502 5148
f 4502 4503 5148
f 4503 4491 5148
f 5148 4491 5149
f 5149 4491 5150
f 4491 4492 5150
f 5150 4492 5151
f 4492 4493 5151
f 5151 4493 5152
f 4493 4469 5152
f 5152 4469 5153
f 4469 4470 5153
f 5153 4470 5154
f 4470 4471 5154
f 5154 4471 5155
f 4471 4472 5155
f 5155 4472 5156
f 4472 4463 5156
f 5156 4463 5157
f 4463 4464 5157
f 5157 4464 5158
f 4464 4465 5158
f 4465 4457 5158
f 5158 4457 5159
f 5159 4457 5160
f 4457 4458 5160
f 4458 4459 5161
f 5160 4458 5161
f 4459 4460 5161
f 5161 4460 5162
f 4460 4427 5163
f 4427 4428 5163
f 5162 4460 5163
f 5163 4428 5164
f 4428 4429 5165
f 5164 4428 5165
f 5165 4429 5166
f 4429 4430 5166
f 4430 4408 5166
f 5166 4408 5167
f 5167 4408 5168
f 4408 4409 5168
f 4409 4410 5168
f 5168 4410 5169
f 5169 4410 5170
f 4410 4391 5170
f 4391 4392 5170
f 5170 4392 5171
f 5171 4392 5172
f 4392 4393 5172
f 4393 4356 5172
f 5172 4356 5173
f 4356 4357 5173
f 5173 4357 5174
f 5174 4357 5175
f 4357 4358 5175
f 5175 4358 5176
f 4358 4359 5176
f 4359 4287 5176
f 5176 4287 5177
f 4287 4288 5178
f 5177 4287 5178
f 4288 4289 5179
f 4289 4239 5179
f 5178 4288 5179
f 5179 4239 5180
f 4239 4240 5180
f 4240 4241 5181
f 5180 4240 5181
f 5181 4241 5182
f 4241 4220 5183
f 4220 4221 5183
f 5182 4241 5183
f 5183 4221 5184
f 4221 4208 5185
f 4208 4204 5185
f 5184 4221 5185
f 4204 4198 5186
f 5185 4204 5186
f 5186 4198 5187
f 4198 4193 5188
f 4193 4188 5188
f 5187 4198 5188
f 5188 4188 5189
f 5189 4188 5190
f 4188 4184 5190
f 4184 4179 5190
f 5190 4179 5191
f 4179 4175 5191
f 5191 4175 5192
f 5192 4175 5193
f 4175 4169 5193
f 4169 4163 5193
f 5193 4163 5194
f 4163 4156 5195
f 5194 4163 5195
f 4156 4149 5196
f 5195 4156 5196
f 4149 4142 5196
f 5196 4142 5197
f 4142 4135 5198
f 5197 4142 5198
f 4135 4127 5199
f 4127 4120 5199
f 5198 4135 5199
f 5199 4120 5200
f 4120 4112 5201
f 5200 4120 5201
f 4112 4099 5202
f 4099 4096 5202
f 5201 4112 5202
f 5202 4096 5203
f 4096 4092 5204
f 4092 4088 5204
f 5203 4096 5204
f 4088 4085 5205
f 5204 4088 5205
f 5205 4085 5206
f 4085 4081 5207
f 4081 4078 5207
f 5206 4085 5207
f 5207 4078 5208
f 4078 4079 5209
f 4079 4083 5209
f 5208 4078 5209
f 5209 4083 5210
f 4083 4087 5211
f 5210 4083 5211
f 4087 4090 5212
f 4090 4094 5212
f 5211 4087 5212
f 5212 4094 5213
f 4094 4098 5214
f 5213 4094 5214
f 4098 4101 5215
f 5214 4098 5215
f 5215 4101 5216
f 4101 4114 5216
f 5216 4114 5217
f 4114 4123 5217
f 5217 4123 5218
f 4123 4130 5218
f 4130 4137 5218
f 5218 4137 5219
f 5219 4137 5220
f 4137 4145 5220
f 5220 4145 5221
f 4145 4151 5221
f 5221 4151 5222
f 4151 4159 5222
f 4159 4165 5222
f 5222 4165 5223
f 4165 4171 5223
f 5223 4171 5224
f 5224 4171 5225
f 4171 4178 5225
f 5225 4178 5226
f 4178 4183 5226
f 5226 4183 5227
f 4183 4187 5227
f 4187 4192 5227
f 5227 4192 5228
f 4192 4197 5229
f 5228 4192 5229
f 4197 4201 5230
f 4201 4206 5230
f 5229 4197 5230
f 5230 4206 5231
f 4206 4210 5232
f 5231 4206 5232
f 4210 4214 5233
f 4214 4217 5233
f 5232 4210 5233
f 5233 4217 5234
f 4217 4223 5235
f 5234 4217 5235
f 4223 4225 5236
f 5235 4223 5236
f 4225 4227 5237
f 5236 4225 5237
f 4227 4229 5238
f 5237 4227 5238
f 4229 4231 5239
f 5238 4229 5239
f 4231 4233 5240
f 5239 4231 5240
f 5240 4233 5241
f 4233 4235 5241
f 4235 4237 5241
f 5241 4237 5242
f 5242 4237 5243
f 4237 4242 5243
f 5243 4242 5244
f 4242 4244 5244
f 5244 4244 5245
f 4244 4246 5245
f 5245 4246 5246
f 4246 4248 5246
f 5246 4248 5247
f 4248 4250 5247
f 4250 4252 5247
f 5247 4252 5248
f 5248 4252 5249
f 4252 4254 5249
f 4254 4271 5249
f 5249 4271 5250
f 5250 4271 5251
f 4271 4284 5251
f 5251 4284 5252
f 4284 4296 5252
f 5252 4296 5253
f 4296 4303 5253
f 5253 4303 5254
f 4303 4310 5254
f 4310 4319 5254
f 5254 4319 5255
f 5255 4319 1768
f 4319 4324 1768
f 4526 4527 2020
f 2020 4527 2021
f 4527 4528 2022
f 2021 4527 2022
f 4528 4549 2023
f 2022 4528 2023
f 4549 4550 2024
f 4550 4551 2024
f 2023 4549 2024
f 2024 4551 2025
f 4551 4532 2026
f 4532 4533 2026
f 2025 4551 2026
f 2026 4533 2027
f 4533 4534 2028
f 4534 4535 2028
f 2027 4533 2028
f 2028 4535 2029
f 4535 4536 2030
f 2029 4535 2030
f 2030 4536 2031
f 4536 4537 2031
f 4537 4538 2031
f 2031 4538 2032
f 2032 4538 2033
f 4538 4539 2033
f 2033 4539 2034
f 4539 4540 2034
f 2034 4540 2035
f 4540 4541 2035
f 2035 4541 2036
f 4541 4542 2036
f 2036 4542 2037
f 4542 4543 2037
f 2037 4543 2038
f 4543 4544 2038
f 4544 4545 2038
f 2038 4545 2039
f 4545 4546 2039
f 2039 4546 2040
f 4546 4547 2040
f 2040 4547 2041
f 2041 4547 2042
f 4547 4548 2042
f 4548 4554 2042
f 2042 4554 2043
f 4554 4555 2044
f 4555 4556 2044
f 2043 4554 2044
f 4556 4557 2045
f 2044 4556 2045
f 2045 4557 2046
f 4557 4558 2047
f 2046 4557 2047
f 4558 4559 2048
f 4559 4560 2048
f 2047 4558 2048
f 2048 4560 2049
f 4560 4561 2050
f 4561 4562 2050
f 2049 4560 2050
f 4562 4563 2051
f 2050 4562 2051
f 2051 4563 2052
f 4563 4564 2053
f 2052 4563 2053
f 4564 4565 2054
f 4565 4566 2054
f 2053 4564 2054
f 2054 4566 2055
f 2055 4566 2056
f 4566 4431 2056
f 4431 4425 2056
f 2056 4425 2057
f 4425 4423 2058
f 2057 4425 2058
f 2058 4423 2059
f 4423 4421 2059
f 4421 4419 2059
f 2059 4419 2060
f 2060 4419 2061
f 4419 4417 2061
f 2061 4417 2062
f 4417 4415 2062
f 2062 4415 2063
f 4415 4413 2063
f 2063 4413 2064
f 4413 4411 2064
f 2064 4411 2065
f 4411 4406 2065
f 2065 4406 2066
f 4406 4404 2066
f 2066 4404 2067
f 4404 4402 2067
f 4402 4400 2067
f 2067 4400 2068
f 2068 4400 2069
f 4400 4398 2069
f 2069 4398 2070
f 4398 4396 2070
f 2070 4396 2071
f 4396 4394 2071
f 4394 4388 2071
f 2071 4388 2072
f 4388 4384 2072
f 2072 4384 2073
f 2073 4384 2074
f 4384 4379 2074
f 2074 4379 2075
f 4379 4374 2075
f 2075 4374 2076
f 4374 4370 2076
f 4370 4366 2076
f 2076 4366 2077
f 4366 4363 2078
f 2077 4366 2078
f 4363 4354 2079
f 4354 4347 2079
f 2078 4363 2079
f 2079 4347 2080
f 4347 4342 2081
f 2080 4347 2081
f 2081 4342 2082
f 4342 4334 2082
f 4334 4328 2082
f 2082 4328 2083
f 4328 4322 2083
f 2083 4322 2084
f 2084 4322 2085
f 4322 4317 2085
f 4317 4311 2085
f 2085 4311 2086
f 2086 4311 2087
f 4311 4305 2087
f 2087 4305 2088
f 4305 4300 2088
f 2088 4300 2089
f 4300 4297 2089
f 2089 4297 2090
f 4297 4291 2090
f 2090 4291 2091
f 4291 4285 2091
f 4285 4278 2091
f 2091 4278 2092
f 2092 4278 2093
f 4278 4274 2093
f 4274 4272 2093
f 2093 4272 2094
f 4272 4268 2095
f 2094 4272 2095
f 4268 4264 2096
f 2095 4268 2096
f 4264 4261 2097
f 2096 4264 2097
f 4261 4255 2098
f 2097 4261 2098
f 4255 4258 2099
f 2098 4255 2099
f 4258 4259 2100
f 2099 4258 2100
f 4259 4263 2101
f 2100 4259 2101
f 4263 4265 2102
f 2101 4263 2102
f 4265 4269 2103
f 2102 4265 2103
f 4269 4273 2104
f 2103 4269 2104
f 4273 4276 2105
f 2104 4273 2105
f 4276 4282 2106
f 2105 4276 2106
f 4282 4290 2107
f 4290 4294 2107
f 2106 4282 2107
f 2107 4294 2108
f 4294 4299 2108
f 2108 4299 2109
f 2109 4299 2110
f 4299 4304 2110
f 2110 4304 2111
f 4304 4307 2111
f 4307 4313 2112
f 2111 4307 2112
f 4313 4320 2113
f 4320 4325 2113
f 2112 4313 2113
f 2113 4325 2114
f 4325 4331 2115
f 2114 4325 2115
f 4331 4337 2116
f 2115 4331 2116
f 4337 4345 2117
f 2116 4337 2117
f 4345 4351 2118
f 2117 4345 2118
f 4351 4360 2119
f 2118 4351 2119
f 4360 4365 2120
f 2119 4360 2120
f 4365 4368 2121
f 4368 4372 2121
f 2120 4365 2121
f 2121 4372 2122
f 4372 4377 2123
f 2122 4372 2123
f 4377 4381 2124
f 2123 4377 2124
f 4381 4386 2125
f 2124 4381 2125
f 4386 4390 2126
f 2125 4386 2126
f 4390 4462 2127
f 2126 4390 2127
f 4462 4467 2128
f 2127 4462 2128
f 4467 4468 2129
f 2128 4467 2129
f 4468 4474 2130
f 4474 4475 2130
f 2129 4468 2130
f 2130 4475 2131
f 2131 4475 2132
f 4475 4488 2132
f 2132 4488 2133
f 4488 4489 2133
f 2133 4489 2134
f 4489 4498 2134
f 2134 4498 2135
f 4498 4499 2135
f 2135 4499 2136
f 4499 4500 2136
f 2136 4500 2137
f 4500 4505 2137
f 2137 4505 2138
f 4505 4506 2138
f 2138 4506 2139
f 4506 4507 2139
f 2139 4507 2140
f 4507 4513 2140
f 2140 4513 2141
f 4513 4514 2141
f 2141 4514 2142
f 4514 4518 2142
f 2142 4518 2143
f 4518 4519 2143
f 2143 4519 2144
f 4519 4520 2144
f 4520 4521 2145
f 2144 4520 2145
f 4521 4526 2020
f 2145 4521 2020
f 2272 4433 2273
f 4433 4434 2273
f 4434 4435 2274
f 4435 4436 2274
f 2273 4434 2274
f 2274 4436 2275
f 4436 4437 2276
f 4437 4438 2276
f 2275 4436 2276
f 2276 4438 2277
f 4438 4439 2278
f 2277 4438 2278
f 4439 4440 2279
f 4440 4441 2279
f 2278 4439 2279
f 2279 4441 2280
f 4441 4442 2281
f 2280 4441 2281
f 4442 4443 2282
f 2281 4442 2282
f 2282 4443 2283
f 4443 4444 2283
f 4444 4445 2283
f 2283 4445 2284
f 2284 4445 2285
f 4445 4446 2285
f 2285 4446 2286
f 4446 4447 2286
f 2286 4447 2287
f 4447 4448 2287
f 4448 4449 2287
f 2287 4449 2288
f 2288 4449 2289
f 4449 4450 2289
f 2289 4450 2290
f 4450 4451 2290
f 4451 4452 2290
f 2290 4452 2291
f 2291 4452 2292
f 4452 4387 2292
f 2292 4387 2293
f 4387 4382 2293
f 2293 4382 2294
f 4382 4383 2294
f 4383 4378 2295
f 2294 4383 2295
f 4378 4373 2296
f 2295 4378 2296
f 4373 4369 2297
f 2296 4373 2297
f 4369 4361 2298
f 2297 4369 2298
f 4361 4362 2299
f 2298 4361 2299
f 4362 4352 2300
f 4352 4338 2300
f 2299 4362 2300
f 2300 4338 2301
f 4338 4339 2302
f 2301 4338 2302
f 4339 4332 2303
f 2302 4339 2303
f 4332 4326 2304
f 2303 4332 2304
f 4326 4314 2305
f 2304 4326 2305
f 4314 4315 2306
f 2305 4314 2306
f 4315 4308 2307
f 2306 4315 2307
f 4308 4073 2308
f 2307 4308 2308
f 2308 4073 2309
f 4073 4070 2309
f 4070 4067 2309
f 2309 4067 2310
f 4067 4065 2310
f 2310 4065 2311
f 2311 4065 2312
f 4065 4062 2312
f 2312 4062 2313
f 4062 4059 2313
f 2313 4059 2314
f 4059 4057 2314
f 2314 4057 2315
f 4057 4054 2315
f 2315 4054 2316
f 4054 4051 2316
f 2316 4051 2317
f 4051 4047 2317
f 2317 4047 2318
f 4047 4044 2318
f 4044 4042 2318
f 2318 4042 2319
f 2319 4042 2320
f 4042 4039 2320
f 2320 4039 2321
f 4039 4036 2321
f 2321 4036 2322
f 4036 4034 2322
f 4034 4031 2322
f 2322 4031 2323
f 2323 4031 2324
f 4031 4029 2324
f 4029 4024 2324
f 2324 4024 2325
f 2325 4024 2326
f 4024 4020 2326
f 4020 4017 2326
f 2326 4017 2327
f 2327 4017 2328
f 4017 4014 2328
f 2328 4014 2329
f 4014 4011 2329
f 4011 4008 2329
f 2329 4008 2330
f 4008 4005 2331
f 2330 4008 2331
f 4005 4002 2332
f 2331 4005 2332
f 4002 3999 2333
f 2332 4002 2333
f 2333 3999 2334
f 3999 3996 2334
f 3996 3993 2334
f 2334 3993 2335
f 3993 3988 2335
f 2335 3988 2336
f 2336 3988 2337
f 3988 3985 2337
f 3985 3981 2337
f 2337 3981 2338
f 3981 3978 2338
f 2338 3978 2339
f 3978 3973 2339
f 2339 3973 2340
f 2340 3973 2341
f 3973 3970 2341
f 3970 3963 2341
f 2341 3963 2342
f 2342 3963 2343
f 3963 3958 2343
f 2343 3958 2344
f 3958 3954 2344
f 3954 3948 2344
f 2344 3948 2345
f 2345 3948 2346
f 3948 3944 2346
f 3944 3940 2347
f 2346 3944 2347
f 3940 3936 2348
f 3936 3932 2348
f 2347 3940 2348
f 2348 3932 2349
f 3932 3928 2350
f 2349 3932 2350
f 3928 3925 2351
f 3925 3930 2351
f 2350 3928 2351
f 2351 3930 2352
f 3930 3934 2353
f 2352 3930 2353
f 3934 3938 2354
f 2353 3934 2354
f 3938 3942 2355
f 3942 3946 2355
f 2354 3938 2355
f 2355 3946 2356
f 3946 3952 2357
f 2356 3946 2357
f 3952 3956 2358
f 2357 3952 2358
f 3956 3961 2359
f 2358 3956 2359
f 2359 3961 2360
f 3961 3968 2360
f 2360 3968 2361
f 3968 3972 2361
f 2361 3972 2362
f 3972 3975 2362
f 2362 3975 2363
f 3975 3980 2363
f 3980 3983 2363
f 2363 3983 2364
f 3983 3987 2365
f 2364 3983 2365
f 3987 3990 2366
f 2365 3987 2366
f 3990 3995 2367
f 2366 3990 2367
f 3995 3998 2368
f 2367 3995 2368
f 3998 4001 2369
f 2368 3998 2369
f 4001 4004 2370
f 2369 4001 2370
f 4004 4007 2371
f 2370 4004 2371
f 4007 4010 2372
f 2371 4007 2372
f 4010 4013 2373
f 2372 4010 2373
f 4013 4016 2374
f 2373 4013 2374
f 4016 4019 2375
f 2374 4016 2375
f 4019 4023 2376
f 4023 4028 2376
f 2375 4019 2376
f 2376 4028 2377
f 4028 4030 2378
f 2377 4028 2378
f 4030 4033 2379
f 2378 4030 2379
f 4033 4035 2380
f 2379 4033 2380
f 4035 4038 2381
f 2380 4035 2381
f 4038 4041 2382
f 2381 4038 2382
f 4041 4043 2383
f 2382 4041 2383
f 2383 4043 2384
f 4043 4046 2384
f 2384 4046 2385
f 4046 4048 2385
f 2385 4048 2386
f 4048 4053 2386
f 2386 4053 2387
f 4053 4056 2387
f 2387 4056 2388
f 4056 4058 2388
f 2388 4058 2389
f 4058 4061 2389
f 2389 4061 2390
f 4061 4064 2390
f 2390 4064 2391
f 4064 4066 2391
f 4066 4069 2391
f 2391 4069 2392
f 2392 4069 2393
f 4069 4072 2393
f 2393 4072 2394
f 4072 4074 2394
f 2394 4074 2395
f 4074 4077 2395
f 2395 4077 2396
f 4077 4453 2396
f 4453 4454 2397
f 2396 4453 2397
f 4454 4433 2397
f 2397 4433 2272
f 2398 3767 2399
f 3767 3768 2399
f 3768 3780 2400
f 2399 3768 2400
f 3780 3781 2401
f 2400 3780 2401
f 3781 3793 2402
f 2401 3781 2402
f 3793 3794 2403
f 2402 3793 2403
f 3794 3807 2404
f 2403 3794 2404
f 3807 3808 2405
f 2404 3807 2405
f 3808 3819 2406
f 2405 3808 2406
f 3819 3820 2407
f 2406 3819 2407
f 3820 3832 2408
f 2407 3820 2408
f 2408 3832 2409
f 3832 3833 2409
f 2409 3833 2410
f 3833 3841 2410
f 2410 3841 2411
f 3841 3842 2411
f 2411 3842 2412
f 3842 3851 2412
f 2412 3851 2413
f 3851 3856 2413
f 2413 3856 2414
f 3856 3857 2414
f 2414 3857 2415
f 3857 3861 2415
f 2415 3861 2416
f 3861 3862 2416
f 2416 3862 2417
f 3862 3866 2417
f 2417 3866 2418
f 3866 3830 2418
f 2418 3830 2419
f 3830 3824 2419
f 3824 3817 5256
f 2419 3824 5256
f 3817 3811 5257
f 5256 3817 5257
f 3811 3804 5258
f 5257 3811 5258
f 3804 3805 5259
f 5258 3804 5259
f 3805 3797 5260
f 5259 3805 5260
f 3797 3790 5261
f 5260 3797 5261
f 3790 3783 5262
f 5261 3790 5262
f 3783 3773 5263
f 5262 3783 5263
f 3773 3765 5264
f 5263 3773 5264
f 3765 3759 5265
f 5264 3765 5265
f 3759 3748 5266
f 5265 3759 5266
f 3748 3736 5267
f 5266 3748 5267
f 3736 3723 5268
f 5267 3736 5268
f 3723 3712 5269
f 5268 3723 5269
f 3712 3698 5270
f 5269 3712 5270
f 3698 3682 5271
f 5270 3698 5271
f 5271 3682 5272
f 3682 3664 5272
f 5272 3664 5273
f 3664 3636 5273
f 5273 3636 5274
f 3636 3630 5274
f 5274 3630 5275
f 3630 3623 5275
f 5275 3623 5276
f 3623 3617 5276
f 5276 3617 5277
f 3617 3608 5277
f 5277 3608 5278
f 3608 3600 5278
f 5278 3600 5279
f 3600 3594 5279
f 5279 3594 5280
f 3594 3586 5280
f 5280 3586 5281
f 3586 3573 5281
f 5281 3573 5282
f 3573 3561 5282
f 5282 3561 5283
f 3561 3558 5283
f 5283 3558 5284
f 3558 3555 5284
f 5284 3555 5285
f 3555 3552 5285
f 5285 3552 5286
f 3552 3549 5286
f 5286 3549 5287
f 3549 3546 5287
f 3546 3543 5287
f 5287 3543 5288
f 3543 3540 5288
f 5288 3540 5289
f 5289 3540 5290
f 3540 3537 5290
f 3537 3534 5291
f 5290 3537 5291
f 3534 3517 5292
f 3517 3514 5292
f 5291 3534 5292
f 5292 3514 5293
f 3514 3511 5294
f 5293 3514 5294
f 3511 3508 5295
f 5294 3511 5295
f 5295 3508 5296
f 3508 3504 5296
f 5296 3504 5297
f 3504 3500 5297
f 5297 3500 5298
f 3500 3497 5298
f 5298 3497 5299
f 3497 3493 5299
f 5299 3493 5300
f 3493 3489 5300
f 3489 3486 5300
f 5300 3486 5301
f 5301 3486 5302
f 3486 3482 5302
f 3482 3478 5302
f 5302 3478 5303
f 3478 3474 5303
f 5303 3474 5304
f 5304 3474 5305
f 3474 3470 5305
f 5305 3470 5306
f 3470 3465 5306
f 5306 3465 5307
f 3465 3461 5307
f 3461 3457 5307
f 5307 3457 5308
f 5308 3457 5309
f 3457 3453 5309
f 5309 3453 5310
f 3453 3448 5310
f 3448 3444 5310
f 5310 3444 5311
f 5311 3444 5312
f 3444 3440 5312
f 3440 3437 5313
f 5312 3440 5313
f 3437 3442 5314
f 5313 3437 5314
f 3442 3446 5315
f 3446 3450 5315
f 5314 3442 5315
f 5315 3450 5316
f 3450 3455 5317
f 3455 3459 5317
f 5316 3450 5317
f 5317 3459 5318
f 3459 3463 5319
f 5318 3459 5319
f 3463 3467 5320
f 3467 3472 5320
f 5319 3463 5320
f 5320 3472 5321
f 5321 3472 5322
f 3472 3476 5322
f 5322 3476 5323
f 3476 3480 5323
f 3480 3483 5324
f 5323 3480 5324
f 3483 3487 5324
f 3487 3491 5325
f 5324 3487 5325
f 5325 3491 5326
f 3491 3494 5327
f 3494 3498 5327
f 5326 3491 5327
f 5327 3498 5328
f 3498 3502 5329
f 5328 3498 5329
f 3502 3506 5330
f 5329 3502 5330
f 3506 3509 5331
f 5330 3506 5331
f 3509 3512 5332
f 3512 3515 5332
f 5331 3509 5332
f 3515 3518 5333
f 5332 3515 5333
f 5333 3518 5334
f 3518 3522 5335
f 5334 3518 5335
f 3522 3523 5336
f 3523 3525 5336
f 5335 3522 5336
f 5336 3525 5337
f 3525 3527 5338
f 5337 3525 5338
f 3527 3529 2504
f 5338 3527 2504
f 3529 3531 2505
f 3531 3602 2505
f 2504 3529 2505
f 2505 3602 2506
f 3602 3603 2507
f 3603 3610 2507
f 2506 3602 2507
f 2507 3610 2508
f 3610 3611 2509
f 3611 3619 2509
f 2508 3610 2509
f 3619 3620 2510
f 2509 3619 2510
f 2510 3620 2511
f 3620 3628 2511
f 2511 3628 2512
f 2512 3628 2513
f 3628 3638 2513
f 2513 3638 2514
f 3638 3639 2514
f 2514 3639 2515
f 3639 3672 2515
f 3672 3673 2515
f 2515 3673 2516
f 2516 3673 2517
f 3673 3695 2517
f 2517 3695 2518
f 3695 3696 2518
f 2518 3696 2519
f 3696 3715 2519
f 3715 3716 2519
f 2519 3716 2520
f 2520 3716 2521
f 3716 3733 2521
f 3733 3734 2521
f 2521 3734 2522
f 3734 3752 2523
f 2522 3734 2523
f 3752 3753 2524
f 3753 3767 2524
f 2523 3752 2524
f 2524 3767 2398
f 2525 3945 2526
f 3945 3949 2526
f 3949 3955 2527
f 2526 3949 2527
f 3955 3959 2528
f 2527 3955 2528
f 3959 3960 2529
f 2528 3959 2529
f 3960 3964 2530
f 2529 3960 2530
f 3964 3971 2531
f 2530 3964 2531
f 3971 3974 2532
f 2531 3971 2532
f 3974 3979 2533
f 2532 3974 2533
f 3979 3982 2534
f 2533 3979 2534
f 3982 3986 2535
f 2534 3982 2535
f 3986 3989 2536
f 2535 3986 2536
f 2536 3989 2537
f 3989 3994 2537
f 2537 3994 2538
f 3994 3997 2538
f 2538 3997 2539
f 3997 4000 2539
f 2539 4000 2540
f 4000 4003 2540
f 2540 4003 2541
f 4003 4006 2541
f 2541 4006 2542
f 4006 4009 2542
f 2542 4009 2543
f 4009 4012 2543
f 2543 4012 2544
f 4012 4015 2544
f 2544 4015 2545
f 4015 4018 2545
f 4018 4021 2546
f 2545 4018 2546
f 4021 4022 2547
f 2546 4021 2547
f 4022 3966 2548
f 2547 4022 2548
f 3966 3967 2549
f 2548 3966 2549
f 3967 3923 2550
f 2549 3967 2550
f 3923 3924 2551
f 2550 3923 2551
f 3924 3917 2552
f 2551 3924 2552
f 3917 3918 2553
f 2552 3917 2553
f 3918 3910 2554
f 2553 3918 2554
f 3910 3904 2555
f 2554 3910 2555
f 3904 3905 2556
f 2555 3904 2556
f 3905 3899 2557
f 2556 3905 2557
f 3899 3900 2558
f 2557 3899 2558
f 3900 3890 2559
f 2558 3900 2559
f 3890 3891 2560
f 2559 3890 2560
f 3891 3884 2561
f 2560 3891 2561
f 2561 3884 2562
f 3884 3885 2562
f 2562 3885 2563
f 3885 3880 2563
f 2563 3880 2564
f 3880 3881 2564
f 2564 3881 2565
f 3881 3875 2565
f 2565 3875 2566
f 3875 3876 2566
f 2566 3876 2567
f 3876 3867 2567
f 2567 3867 2568
f 3867 3868 2568
f 3868 3863 2568
f 2568 3863 2569
f 3863 3864 2569
f 2569 3864 2570
f 2570 3864 2571
f 3864 3858 2571
f 3858 3859 2571
f 2571 3859 2572
f 3859 3853 2572
f 2572 3853 2573
f 3853 3854 2573
f 2573 3854 2574
f 3854 3844 2574
f 2574 3844 2575
f 3844 3845 2575
f 2575 3845 2576
f 3845 3837 2576
f 2576 3837 2577
f 3837 3838 2577
f 2577 3838 2578
f 3838 3826 2578
f 2578 3826 2579
f 3826 3827 2579
f 3827 3813 2580
f 2579 3827 2580
f 3813 3800 2581
f 2580 3813 2581
f 3800 3801 2582
f 2581 3800 2582
f 3801 3787 2583
f 2582 3801 2583
f 3787 3788 2584
f 2583 3787 2584
f 3788 3775 2585
f 2584 3788 2585
f 2585 3775 2586
f 3775 3776 2586
f 2586 3776 2587
f 3776 3754 2587
f 2587 3754 2588
f 3754 3745 2588
f 2588 3745 2589
f 3745 3737 2589
f 2589 3737 2590
f 3737 3729 2590
f 2590 3729 2591
f 3729 3720 2591
f 2591 3720 2592
f 3720 3713 2592
f 2592 3713 2593
f 3713 3707 2593
f 2593 3707 2594
f 3707 3699 2594
f 2594 3699 2595
f 3699 3690 2595
f 2595 3690 2596
f 3690 3685 2596
f 2596 3685 2597
f 3685 3677 2597
f 2597 3677 2598
f 2598 3677 2599
f 3677 3669 2599
f 3669 3665 2599
f 2599 3665 2600
f 3665 3659 2600
f 2600 3659 2601
f 3659 3652 2601
f 3652 3648 2602
f 2601 3652 2602
f 3648 3643 2603
f 2602 3648 2603
f 3643 3640 2604
f 2603 3643 2604
f 2604 3640 2605
f 3640 3645 2606
f 3645 3650 2606
f 2605 3640 2606
f 3650 3654 2607
f 2606 3650 2607
f 2607 3654 2608
f 3654 3661 2609
f 3661 3667 2609
f 2608 3654 2609
f 2609 3667 2610
f 2610 3667 2611
f 3667 3675 2611
f 2611 3675 2612
f 3675 3679 2612
f 3679 3687 2612
f 2612 3687 2613
f 3687 3692 2613
f 2613 3692 2614
f 2614 3692 2615
f 3692 3701 2615
f 3701 3709 2615
f 3709 3718 2616
f 2615 3709 2616
f 3718 3724 2617
f 2616 3718 2617
f 2617 3724 2618
f 3724 3731 2619
f 3731 3740 2619
f 2618 3724 2619
f 2619 3740 2620
f 3740 3749 2621
f 3749 3756 2621
f 2620 3740 2621
f 3756 3762 2622
f 2621 3756 2622
f 2622 3762 2623
f 3762 3770 2624
f 3770 3777 2624
f 2623 3762 2624
f 3777 3784 2625
f 2624 3777 2625
f 3784 3791 2626
f 2625 3784 2626
f 2626 3791 2627
f 3791 3795 2628
f 2627 3791 2628
f 3795 3802 2629
f 3802 3809 2629
f 2628 3795 2629
f 3809 3815 2630
f 2629 3809 2630
f 3815 3822 2631
f 2630 3815 2631
f 2631 3822 2632
f 3822 3828 2633
f 3828 3834 2633
f 2632 3822 2633
f 3834 3839 2634
f 2633 3834 2634
f 3839 3843 2635
f 2634 3839 2635
f 3843 3969 2636
f 2635 3843 2636
f 2636 3969 2637
f 3969 3962 2637
f 2637 3962 2638
f 2638 3962 2639
f 3962 3957 2639
f 2639 3957 2640
f 3957 3953 2640
f 2640 3953 2641
f 3953 3947 2641
f 3947 3943 2641
f 2641 3943 2642
f 2642 3943 2643
f 3943 3939 2643
f 2643 3939 2644
f 3939 3935 2644
f 3935 3931 2644
f 2644 3931 2645
f 3931 3926 2645
f 2645 3926 2646
f 2646 3926 2647
f 3926 3927 2647
f 2647 3927 2648
f 3927 3929 2648
f 3929 3933 2649
f 3933 3937 2649
f 2648 3929 2649
f 2649 3937 2650
f 3937 3941 2651
f 2650 3937 2651
f 2651 3941 2525
f 3941 3945 2525
f 2652 4385 2653
f 4385 4389 2653
f 4389 4395 2654
f 2653 4389 2654
f 4395 4397 2655
f 2654 4395 2655
f 4397 4399 2656
f 2655 4397 2656
f 4399 4401 2657
f 2656 4399 2657
f 4401 4403 2658
f 2657 4401 2658
f 4403 4405 2659
f 2658 4403 2659
f 4405 4407 2660
f 2659 4405 2660
f 4407 4412 2661
f 2660 4407 2661
f 4412 4414 2662
f 2661 4412 2662
f 2662 4414 2663
f 4414 4416 2663
f 2663 4416 2664
f 4416 4418 2664
f 2664 4418 2665
f 4418 4420 2665
f 2665 4420 2666
f 4420 4422 2666
f 2666 4422 2667
f 4422 4424 2667
f 2667 4424 2668
f 4424 4426 2668
f 2668 4426 2669
f 4426 4567 2669
f 2669 4567 2670
f 4567 4568 2670
f 2670 4568 2671
f 4568 4569 2671
f 2671 4569 2672
f 4569 4570 2672
f 2672 4570 2673
f 4570 4571 2673
f 2673 4571 2674
f 4571 4572 2674
f 2674 4572 2675
f 4572 4573 2675
f 2675 4573 2676
f 4573 4552 2676
f 2676 4552 2677
f 4552 4553 2677
f 2677 4553 2678
f 4553 4353 2678
f 2678 4353 2679
f 4353 4349 2679
f 2679 4349 2680
f 4349 4344 2680
f 2680 4344 2681
f 4344 4340 2681
f 2681 4340 2682
f 4340 4333 2682
f 2682 4333 2683
f 4333 4327 2683
f 2683 4327 2684
f 4327 4321 2684
f 2684 4321 2685
f 4321 4316 2685
f 2685 4316 2686
f 4316 4309 2686
f 2686 4309 2687
f 4309 4302 2687
f 2687 4302 2688
f 4302 4293 2688
f 4293 4281 2689
f 2688 4293 2689
f 4281 4267 2690
f 2689 4281 2690
f 4267 4253 2691
f 2690 4267 2691
f 4253 4251 2692
f 2691 4253 2692
f 4251 4249 2693
f 2692 4251 2693
f 4249 4247 2694
f 2693 4249 2694
f 4247 4245 2695
f 2694 4247 2695
f 4245 4243 2696
f 2695 4245 2696
f 4243 4238 2697
f 2696 4243 2697
f 4238 4236 2698
f 2697 4238 2698
f 4236 4234 2699
f 2698 4236 2699
f 4234 4232 2700
f 2699 4234 2700
f 4232 4230 2701
f 2700 4232 2701
f 4230 4228 2702
f 2701 4230 2702
f 4228 4226 2703
f 2702 4228 2703
f 4226 4224 2704
f 2703 4226 2704
f 4224 4222 2705
f 2704 4224 2705
f 4222 4216 2706
f 2705 4222 2706
f 4216 4213 2707
f 2706 4216 2707
f 4213 4209 2708
f 2707 4213 2708
f 4209 4205 2709
f 2708 4209 2709
f 4205 4200 2710
f 2709 4205 2710
f 4200 4196 2711
f 2710 4200 2711
f 4196 4191 2712
f 2711 4196 2712
f 2712 4191 2713
f 4191 4186 2713
f 2713 4186 2714
f 4186 4182 2714
f 2714 4182 2715
f 4182 4177 2715
f 2715 4177 2716
f 4177 4174 2716
f 2716 4174 2717
f 4174 4168 2717
f 2717 4168 2718
f 4168 4161 2718
f 2718 4161 2719
f 4161 4158 2719
f 2719 4158 2720
f 4158 4153 2720
f 2720 4153 2721
f 4153 4146 2721
f 4146 4140 2722
f 2721 4146 2722
f 4140 4133 2723
f 4133 4129 2723
f 2722 4140 2723
f 2723 4129 2724
f 4129 4124 2725
f 2724 4129 2725
f 4124 4119 2726
f 2725 4124 2726
f 4119 4116 2727
f 4116 4110 2727
f 2726 4119 2727
f 2727 4110 2728
f 4110 4106 2729
f 2728 4110 2729
f 4106 4104 2730
f 2729 4106 2730
f 4104 4103 2731
f 4103 4105 2731
f 2730 4104 2731
f 2731 4105 2732
f 4105 4108 2733
f 2732 4105 2733
f 4108 4111 2734
f 2733 4108 2734
f 4111 4118 2735
f 2734 4111 2735
f 4118 4122 2736
f 4122 4126 2736
f 2735 4118 2736
f 2736 4126 2737
f 2737 4126 2738
f 4126 4132 2738
f 4132 4139 2738
f 2738 4139 2739
f 4139 4144 2739
f 2739 4144 2740
f 2740 4144 2741
f 4144 4147 2741
f 4147 4155 2741
f 2741 4155 2742
f 2742 4155 2743
f 4155 4160 2743
f 2743 4160 2744
f 4160 4167 2744
f 4167 4172 2744
f 2744 4172 2745
f 2745 4172 2746
f 4172 4176 2746
f 4176 4180 2746
f 2746 4180 2747
f 2747 4180 2748
f 4180 4185 2748
f 4185 4189 2748
f 2748 4189 2749
f 4189 4194 2749
f 2749 4194 2750
f 2750 4194 2751
f 4194 4199 2751
f 4199 4202 2751
f 2751 4202 2752
f 2752 4202 2753
f 4202 4207 2753
f 4207 4211 2753
f 4211 4215 2754
f 2753 4211 2754
f 2754 4215 2755
f 2755 4215 2756
f 4215 4218 2756
f 4218 4275 2756
f 2756 4275 2757
f 4275 4279 2758
f 2757 4275 2758
f 4279 4280 2759
f 4280 4286 2759
f 2758 4279 2759
f 2759 4286 2760
f 4286 4292 2761
f 4292 4298 2761
f 2760 4286 2761
f 2761 4298 2762
f 4298 4301 2763
f 2762 4298 2763
f 2763 4301 2764
f 4301 4306 2764
f 2764 4306 2765
f 4306 4312 2765
f 4312 4318 2765
f 2765 4318 2766
f 2766 4318 2767
f 4318 4323 2767
f 2767 4323 2768
f 4323 4329 2768
f 2768 4329 2769
f 4329 4335 2769
f 4335 4343 2769
f 2769 4343 2770
f 2770 4343 2771
f 4343 4348 2771
f 2771 4348 2772
f 4348 4355 2772
f 2772 4355 2773
f 4355 4364 2773
f 4364 4367 2773
f 2773 4367 2774
f 2774 4367 2775
f 4367 4371 2775
f 2775 4371 2776
f 4371 4375 2776
f 2776 4375 2777
f 4375 4376 2777
f 4376 4380 2777
f 2777 4380 2778
f 2778 4380 2652
f 4380 4385 2652
f 4712 5339 5593
f 5593 5339 5592
f 5553 5341 5340
f 5340 5341 5342
f 5341 5344 5343
f 5342 5341 5343
f 5343 5344 5345
f 5344 5346 5345
f 5345 5346 5347
f 5346 5552 5347
f 5347 5552 4665
f 5552 5551 4665
f 4665 5551 4663
f 5551 5348 4663
f 4663 5348 4661
f 5348 5349 4661
f 4661 5349 5350
f 5349 5351 5350
f 5350 5351 5352
f 5351 5353 5352
f 5352 5353 5354
f 5353 5549 5354
f 5354 5549 4659
f 5549 5548 4659
f 4659 5548 5355
f 5548 5356 5355
f 5355 5356 4660
f 5356 5357 4660
f 4660 5357 4662
f 5357 5358 4662
f 4662 5358 4664
f 5358 5359 4664
f 4664 5359 4666
f 5359 5360 4666
f 5360 5362 5361
f 4666 5360 5361
f 5362 5364 5363
f 5361 5362 5363
f 5364 5366 5365
f 5363 5364 5365
f 5366 5368 5367
f 5365 5366 5367
f 5368 5554 4667
f 5367 5368 4667
f 5554 5370 5369
f 4667 5554 5369
f 5370 5371 4668
f 5369 5370 4668
f 5371 5555 5372
f 4668 5371 5372
f 5555 5556 5373
f 5372 5555 5373
f 5556 5557 5374
f 5373 5556 5374
f 5374 5557 4669
f 5557 5558 4669
f 4669 5558 4670
f 5558 5559 4670
f 4670 5559 5375
f 5559 5376 5375
f 5375 5376 4671
f 5376 5377 4671
f 4671 5377 4672
f 5377 5560 4672
f 4672 5560 4673
f 5560 5378 4673
f 5378 5561 4673
f 4673 5561 4674
f 4674 5561 4675
f 5561 5562 4675
f 4675 5562 5379
f 5562 5380 5379
f 5379 5380 5381
f 5380 5563 5381
f 5381 5563 4711
f 5563 5590 4711
f 4711 5590 5382
f 5590 5383 5382
f 5382 5383 5384
f 5383 5385 5384
f 5385 5386 5384
f 5384 5386 5387
f 5387 5386 4710
f 5386 5591 4710
f 4710 5591 5388
f 5591 5389 5388
f 5388 5389 5390
f 5389 5391 5390
f 5391 5592 5390
f 5390 5592 5339
f 5553 5340 4676
f 5553 4676 5564
f 5651 5393 5392
f 5393 5648 5394
f 5392 5393 5394
f 5394 5648 5395
f 5648 5396 5395
f 5395 5396 5397
f 5396 5645 5397
f 5397 5645 5398
f 5645 5646 5398
f 5398 5646 4758
f 5646 5399 4758
f 4758 5399 4756
f 5399 5400 4756
f 4756 5400 5401
f 5400 5402 5401
f 5401 5402 5403
f 5402 5404 5403
f 5403 5404 5405
f 5404 5406 5405
f 5405 5406 5407
f 5406 5408 5407
f 5407 5408 5409
f 5408 5410 5409
f 5409 5410 4753
f 5410 5642 4753
f 4753 5642 5411
f 5642 5639 5411
f 5411 5639 5412
f 5639 5413 5412
f 5412 5413 5414
f 5413 5415 5414
f 5414 5415 4754
f 5415 5634 4754
f 5634 5416 4755
f 4754 5634 4755
f 5416 5417 4757
f 4755 5416 4757
f 5417 5418 4759
f 4757 5417 4759
f 5418 5629 5419
f 4759 5418 5419
f 5629 5630 5420
f 5419 5629 5420
f 5630 5623 4747
f 5420 5630 4747
f 5623 5624 5421
f 4747 5623 5421
f 5624 5616 4708
f 5421 5624 4708
f 5616 5617 4706
f 4708 5616 4706
f 5617 5618 5422
f 4706 5617 5422
f 5422 5618 5423
f 5618 5424 5423
f 5423 5424 4703
f 5424 5588 4703
f 4703 5588 4701
f 5588 5425 4701
f 4701 5425 4699
f 5425 5426 4699
f 4699 5426 4697
f 5426 5427 4697
f 4697 5427 5428
f 5427 5585 5428
f 5428 5585 5429
f 5585 5430 5429
f 5429 5430 5431
f 5430 5432 5431
f 5431 5432 4693
f 5432 5433 4693
f 4693 5433 4691
f 5433 5434 4691
f 4691 5434 4689
f 5434 5579 4689
f 4689 5579 4687
f 5579 5578 4687
f 4687 5578 4685
f 5578 5577 4685
f 4685 5577 4683
f 5577 5575 4683
f 4683 5575 5435
f 5575 5573 5435
f 5435 5573 5436
f 5573 5571 5436
f 5436 5571 4680
f 5571 5564 4680
f 4680 5564 4676
f 5437 5651 5392
f 4760 5651 5437
f 5438 5651 4760
f 5439 5651 5438
f 1973 3225 3223
f 1972 1973 3223
f 1974 3225 1973
f 1971 1972 3223
f 1975 3225 1974
f 1970 1971 3223
f 1976 3225 1975
f 1976 3227 3225
f 1969 1970 3223
f 1969 3223 3221
f 1977 3227 1976
f 1968 1969 3221
f 1978 3227 1977
f 1967 1968 3221
f 1979 3227 1978
f 1966 3221 3220
f 1966 1967 3221
f 1980 3230 3227
f 1980 3227 1979
f 1965 1966 3220
f 1981 3230 1980
f 1964 1965 3220
f 1982 3230 1981
f 1963 1964 3220
f 1983 3231 3230
f 1983 3230 1982
f 1962 3220 3217
f 1962 1963 3220
f 1984 3231 1983
f 1961 1962 3217
f 1985 3231 1984
f 1960 1961 3217
f 1986 3233 3231
f 1986 3231 1985
f 1959 1960 3217
f 1959 3217 3216
f 1987 3233 1986
f 1958 1959 3216
f 1988 3233 1987
f 1957 1958 3216
f 1989 3233 1988
f 1989 3236 3233
f 1956 1957 3216
f 1990 3236 1989
f 1955 1956 3216
f 1955 3216 3213
f 1991 3236 1990
f 1991 3237 3236
f 1954 1955 3213
f 1992 3237 1991
f 1953 1954 3213
f 1993 3237 1992
f 1952 3213 3211
f 1952 1953 3213
f 1994 3237 1993
f 1994 3239 3237
f 1951 1952 3211
f 1995 3239 1994
f 1950 1951 3211
f 1996 3239 1995
f 1996 3242 3239
f 1949 1950 3211
f 1949 3211 3210
f 1997 3242 1996
f 1948 1949 3210
f 1998 3242 1997
f 1998 3243 3242
f 1947 1948 3210
f 1946 1947 3210
f 1946 3210 3207
f 1945 1946 3207
f 1944 1945 3207
f 1943 3207 3206
f 1943 1944 3207
f 1942 1943 3206
f 1941 1942 3206
f 5082 3255 3253
f 5081 5082 3253
f 5083 3255 5082
f 5080 5081 3253
f 5084 3255 5083
f 5079 5080 3253
f 5079 3253 3252
f 5085 3255 5084
f 5085 3257 3255
f 5078 5079 3252
f 5086 3257 5085
f 5077 5078 3252
f 5087 3257 5086
f 5076 5077 3252
f 5076 3252 3249
f 5088 3259 3257
f 5088 3257 5087
f 5075 5076 3249
f 5089 3259 5088
f 5074 5075 3249
f 5090 3259 5089
f 5073 5074 3249
f 5073 3249 3248
f 5091 3259 5090
f 5072 5073 3248
f 5092 3259 5091
f 5092 3261 3259
f 5071 3248 3245
f 5071 5072 3248
f 5093 3261 5092
f 5070 5071 3245
f 5094 3261 5093
f 5069 3245 3243
f 5069 5070 3245
f 5095 3261 5094
f 5068 5069 3243
f 5096 3261 5095
f 5096 3263 3261
f 5067 3243 1998
f 5067 5068 3243
f 5097 3263 5096
f 5066 1998 1999
f 5066 5067 1998
f 5098 3263 5097
f 5065 5066 1999
f 5065 1999 2000
f 5099 3263 5098
f 5099 3265 3263
f 5064 5065 2000
f 5064 2000 2001
f 5100 3265 5099
f 5063 2001 2002
f 5063 5064 2001
f 5101 3265 5100
f 5062 5063 2002
f 5062 2002 2003
f 5102 3265 5101
f 5061 2003 2004
f 5061 5062 2003
f 5103 3265 5102
f 5103 3267 3265
f 5060 5061 2004
f 5060 2004 2005
f 5104 3267 5103
f 5059 2005 2006
f 5059 5060 2005
f 5105 3267 5104
f 5058 5059 2006
f 5058 2006 2007
f 5106 3269 3267
f 5106 3267 5105
f 5057 5058 2007
f 5057 2007 2008
f 5107 3269 5106
f 5056 5057 2008
f 5056 2008 2009
f 5108 3269 5107
f 5055 5056 2009
f 5055 2009 2010
f 5109 3269 5108
f 5054 5055 2010
f 5054 2010 2011
f 5110 3269 5109
f 5110 3271 3269
f 5053 2011 2012
f 5053 5054 2011
f 5111 3271 5110
f 5052 2012 2013
f 5052 5053 2012
f 5112 3271 5111
f 5051 5052 2013
f 5051 2013 2014
f 5113 3271 5112
f 5113 3273 3271
f 5114 3273 5113
f 5313 1930 1931
f 5312 1931 1932
f 5312 5313 1931
f 5314 1930 5313
f 5314 1929 1930
f 5311 5312 1932
f 5311 1932 1933
f 5315 1929 5314
f 5315 1928 1929
f 5310 5311 1933
f 5310 1933 1934
f 5316 1928 5315
f 5316 1927 1928
f 5115 3273 5114
f 5309 1934 1935
f 5309 5310 1934
f 5317 1927 5316
f 5317 1926 1927
f 5308 5309 1935
f 5308 1935 1936
f 5318 1925 1926
f 5318 1926 5317
f 5307 5308 1936
f 5307 1936 1937
f 5319 1924 1925
f 5319 1925 5318
f 5306 5307 1937
f 5306 1937 1938
f 5320 1924 5319
f 5320 1923 1924
f 5116 3273 5115
f 5116 3275 3273
f 5305 5306 1938
f 5305 1938 1939
f 5321 1922 1923
f 5321 1923 5320
f 5304 1939 1940
f 5304 5305 1939
f 5322 1922 5321
f 5322 1921 1922
f 5303 1940 1941
f 5303 5304 1940
f 5117 3275 5116
f 5323 1921 5322
f 5323 1920 1921
f 5302 5303 1941
f 5302 3206 3203
f 5302 1941 3206
f 5324 1920 5323
f 5324 1919 1920
f 5118 3275 5117
f 5301 5302 3203
f 5325 1919 5324
f 5325 1918 1919
f 5300 5301 3203
f 5119 3275 5118
f 5119 3277 3275
f 5326 1918 5325
f 5326 1917 1918
f 5299 5300 3203
f 5299 3203 3202
f 5327 1917 5326
f 5327 1916 1917
f 5120 3277 5119
f 5298 5299 3202
f 5328 1916 5327
f 5328 1915 1916
f 5297 3202 3199
f 5297 5298 3202
f 5121 3277 5120
f 5329 1915 5328
f 5329 1914 1915
f 5296 5297 3199
f 5122 3277 5121
f 5330 1914 5329
f 5330 1913 1914
f 5295 3199 3197
f 5295 5296 3199
f 5331 1913 5330
f 5331 1912 1913
f 5294 5295 3197
f 5332 1911 1912
f 5332 1912 5331
f 5293 5294 3197
f 5333 1911 5332
f 5333 1910 1911
f 5292 3197 3196
f 5292 5293 3197
f 5334 1909 1910
f 5334 1910 5333
f 3280 3277 5122
f 3280 5122 5123
f 3280 5123 5124
f 5335 1909 5334
f 5336 1908 1909
f 5336 1909 5335
f 5337 1907 1908
f 5337 1908 5336
f 5338 1907 5337
f 5338 1906 1907
f 2504 1905 1906
f 2504 1906 5338
f 2505 1904 1905
f 2505 1905 2504
f 1721 5291 5292
f 1721 5292 3196
f 1720 1721 3196
f 1722 5290 5291
f 1722 5291 1721
f 1719 3196 3194
f 1719 1720 3196
f 1723 5289 5290
f 1723 5290 1722
f 1718 1719 3194
f 1724 5288 5289
f 1724 5289 1723
f 1717 1718 3194
f 1725 5287 5288
f 1725 5288 1724
f 1716 3194 3191
f 1716 1717 3194
f 1726 5287 1725
f 1726 5286 5287
f 1715 1716 3191
f 1727 5286 1726
f 1727 5285 5286
f 1714 1715 3191
f 1728 5285 1727
f 1728 5284 5285
f 1713 3191 3189
f 1713 1714 3191
f 1729 5284 1728
f 1729 5283 5284
f 1712 1713 3189
f 1730 5282 5283
f 1730 5283 1729
f 1711 1712 3189
f 1595 1895 1896
f 1594 1595 1896
f 1594 1896 1897
f 1594 1897 1898
f 1596 1894 1895
f 1596 2019 1894
f 1596 1895 1595
f 1731 5282 1730
f 1731 5281 5282
f 1593 1898 1899
f 1593 1594 1898
f 1593 1899 1900
f 1597 2019 1596
f 1597 2018 2019
f 1710 1711 3189
f 1710 3189 3188
f 1592 1593 1900
f 1592 1900 1901
f 1598 2018 1597
f 1598 2016 2017
f 1598 2017 2018
f 1732 5281 1731
f 1732 5280 5281
f 1591 1901 1902
f 1591 1902 1903
f 1591 1592 1901
f 1709 1710 3188
f 1599 2015 2016
f 1599 2016 1598
f 1733 5280 1732
f 1733 5279 5280
f 1590 1591 1903
f 1590 1903 1904
f 1590 1904 2505
f 1708 1709 3188
f 1600 2015 1599
f 1600 2014 2015
f 1600 5051 2014
f 1600 5050 5051
f 1734 5279 1733
f 1734 5278 5279
f 1589 1590 2505
f 1589 2505 2506
f 1589 2506 2507
f 1707 3188 3186
f 1707 1708 3188
f 1601 5050 1600
f 1601 5049 5050
f 1735 5278 1734
f 1735 5277 5278
f 1588 2507 2508
f 1588 2508 2509
f 1588 1589 2507
f 1706 1707 3186
f 1602 5049 1601
f 1602 5047 5048
f 1602 5048 5049
f 1736 5277 1735
f 1736 5276 5277
f 1587 1588 2509
f 1587 2509 2510
f 1587 2510 2511
f 1705 1706 3186
f 1737 5276 1736
f 1737 5275 5276
f 1603 5047 1602
f 1603 5046 5047
f 1704 3186 3184
f 1704 1705 3186
f 1586 1587 2511
f 1586 2511 2512
f 1738 5274 5275
f 1738 5275 1737
f 1604 5044 5045
f 1604 5045 5046
f 1604 5046 1603
f 1703 1704 3184
f 1739 5274 1738
f 1739 5273 5274
f 1585 1586 2512
f 1585 2512 2513
f 1585 2513 2514
f 2605 5017 5018
f 2604 2605 5018
f 2604 5018 5019
f 2606 5017 2605
f 2606 5016 5017
f 1702 1703 3184
f 2603 2604 5019
f 2603 5019 5020
f 2607 5016 2606
f 2607 5015 5016
f 2602 5020 5021
f 2602 2603 5020
f 2608 5015 2607
f 2608 5014 5015
f 1605 5044 1604
f 1605 5042 5043
f 1605 5043 5044
f 2601 2602 5021
f 2601 5021 5022
f 2609 5014 2608
f 2609 5013 5014
f 1740 5273 1739
f 1740 5272 5273
f 2600 2601 5022
f 2600 5022 5023
f 2610 5013 2609
f 2610 5012 5013
f 2599 2600 5023
f 2599 5023 5024
f 1584 1585 2514
f 1584 2514 2515
f 1584 2515 2516
f 1701 1702 3184
f 2611 5012 2610
f 2611 5011 5012
f 2598 5024 5025
f 2598 2599 5024
f 2612 5011 2611
f 2612 5010 5011
f 1741 5272 1740
f 1741 5271 5272
f 1606 5042 1605
f 1606 5041 5042
f 2597 2598 5025
f 2597 5025 5026
f 2613 5009 5010
f 2613 5010 2612
f 1700 1701 3184
f 1700 3184 3181
f 2596 2597 5026
f 2596 5026 5027
f 2614 5009 2613
f 2614 5008 5009
f 4950 2516 2517
f 4950 2517 2518
f 4950 1584 2516
f 1742 5271 1741
f 1742 5270 5271
f 2595 5027 5028
f 2595 2596 5027
f 2615 5007 5008
f 2615 5008 2614
f 1699 1700 3181
f 1607 5041 1606
f 1607 5039 5040
f 1607 5040 5041
f 2594 5028 5029
f 2594 2595 5028
f 2616 5006 5007
f 2616 5007 2615
f 1743 5270 1742
f 1743 5269 5270
f 2593 2594 5029
f 2593 5029 5030
f 4950 2518 2519
f 4950 2519 2520
f 1698 1699 3181
f 2617 5005 5006
f 2617 5006 2616
f 2592 2593 5030
f 2592 5030 5031
f 1744 5269 1743
f 1744 5268 5269
f 2618 5005 2617
f 2618 5004 5005
f 1608 5039 1607
f 1608 5038 5039
f 1697 3181 3179
f 1697 1698 3181
f 2591 2592 5031
f 2591 5031 5032
f 2619 5004 2618
f 2619 5003 5004
f 4949 4950 2520
f 4949 2520 2521
f 4949 2521 2522
f 1745 5268 1744
f 1745 5267 5268
f 2590 2591 5032
f 2590 5032 5033
f 1696 1697 3179
f 2620 2146 5003
f 2620 5003 2619
f 1609 5038 1608
f 1609 5036 5037
f 1609 5037 5038
f 2589 2590 5033
f 2589 5033 5034
f 1746 5267 1745
f 1746 5266 5267
f 2621 2146 2620
f 2621 5129 2146
f 1695 1696 3179
f 4949 2522 2523
f 4949 2523 2524
f 2588 2589 5034
f 2588 5034 5035
f 2622 5129 2621
f 2622 5128 5129
f 1747 5266 1746
f 1747 5265 5266
f 1610 2588 5035
f 1610 5036 1609
f 1610 5035 5036
f 1694 1695 3179
f 2623 5128 2622
f 2623 5127 5128
f 1748 5264 5265
f 1748 5265 1747
f 4949 2398 2399
f 4949 2524 2398
f 1693 1694 3179
f 1693 3179 3178
f 2624 5126 5127
f 2624 5127 2623
f 1749 5263 5264
f 1749 5264 1748
f 1611 2588 1610
f 1611 2586 2587
f 1611 2587 2588
f 2625 5126 2624
f 2625 5125 5126
f 1692 1693 3178
f 4949 2399 2400
f 4949 2400 2401
f 1750 5263 1749
f 1750 5262 5263
f 2626 5125 2625
f 2626 3281 3280
f 2626 5124 5125
f 2626 3280 5124
f 1691 1692 3178
f 1612 2586 1611
f 1612 2584 2585
f 1612 2585 2586
f 1751 5262 1750
f 1751 5261 5262
f 2627 3281 2626
f 1690 1691 3178
f 4948 4949 2401
f 4948 2401 2402
f 4948 2402 2403
f 2628 3281 2627
f 2628 3283 3281
f 1752 5261 1751
f 1752 5260 5261
f 1689 1690 3178
f 1689 3178 3175
f 1613 2584 1612
f 1613 2582 2583
f 1613 2583 2584
f 2629 3283 2628
f 1753 5260 1752
f 1753 5258 5259
f 1753 5259 5260
f 1688 1689 3175
f 4948 2403 2404
f 4948 2404 2405
f 2630 3283 2629
f 1754 5258 1753
f 1754 5257 5258
f 1614 2582 1613
f 1614 2581 2582
f 1687 1688 3175
f 2631 3283 2630
f 2631 3285 3283
f 1755 5256 5257
f 1755 5257 1754
f 4948 2405 2406
f 4948 2406 2407
f 1686 1687 3175
f 2632 3285 2631
f 1756 5256 1755
f 1756 2419 5256
f 1615 2581 1614
f 1615 2579 2580
f 1615 2580 2581
f 2633 3285 2632
f 2633 3287 3285
f 1757 2418 2419
f 1757 2419 1756
f 1574 4948 2407
f 1574 2407 2408
f 1574 2408 2409
f 2634 3287 2633
f 1758 2418 1757
f 1616 2577 2578
f 1616 2578 2579
f 1616 2579 1615
f 2635 3287 2634
f 1573 1574 2409
f 1573 2409 2410
f 1573 2410 2411
f 2636 3287 2635
f 2636 3290 3287
f 4951 2577 1616
f 4951 2575 2576
f 4951 2576 2577
f 3174 1686 3175
f 3174 1682 1683
f 3174 1683 1684
f 3174 1684 1685
f 3174 1685 1686
f 1572 2411 2412
f 1572 1573 2411
f 4951 2573 2574
f 4951 2574 2575
f 1571 1572 2412
f 1571 2412 2413
f 1571 2413 2414
f 4951 2571 2572
f 4951 2572 2573
f 1570 1571 2414
f 1570 2414 2415
f 1570 2415 2416
f 4951 2569 2570
f 4951 2570 2571
f 1569 2416 2417
f 1569 2417 2418
f 1569 1570 2416
f 4952 2569 4951
f 4952 2567 2568
f 4952 2568 2569
f 3172 1679 1680
f 3172 1680 1681
f 3172 1681 1682
f 3172 1682 3174
f 1568 2418 1758
f 1568 1758 1759
f 1568 1569 2418
f 4952 2565 2566
f 4952 2566 2567
f 1567 1568 1759
f 1567 1759 1760
f 1567 1760 1761
f 4952 2563 2564
f 4952 2564 2565
f 1566 1761 1762
f 1566 1567 1761
f 4952 2561 2562
f 4952 2562 2563
f 1565 1762 1763
f 1565 1763 1764
f 1565 1566 1762
f 1625 2561 4952
f 1625 2559 2560
f 1625 2560 2561
f 3170 1679 3172
f 3170 1676 1677
f 3170 1677 1678
f 3170 1678 1679
f 1564 1565 1764
f 1564 1764 1765
f 1564 1765 1766
f 1626 2559 1625
f 1626 2557 2558
f 1626 2558 2559
f 1563 1564 1766
f 1563 1766 1767
f 1627 2555 2556
f 1627 2556 2557
f 1627 2557 1626
f 1562 1642 1643
f 1562 1767 1642
f 1562 1563 1767
f 1628 2554 2555
f 1628 2555 1627
f 1561 1643 1644
f 1561 1562 1643
f 3167 1673 1674
f 3167 1674 1675
f 3167 1675 1676
f 3167 1676 3170
f 1629 2554 1628
f 1629 2552 2553
f 1629 2553 2554
f 1560 1644 1645
f 1560 1645 1646
f 1560 1561 1644
f 1630 2552 1629
f 1630 2550 2551
f 1630 2551 2552
f 2351 2646 2647
f 2350 2351 2647
f 2350 2647 2648
f 2352 2646 2351
f 2352 2645 2646
f 2349 2350 2648
f 2349 2648 2649
f 2353 2644 2645
f 2353 2645 2352
f 2348 2649 2650
f 2348 2349 2649
f 2354 2644 2353
f 2354 2643 2644
f 2347 2348 2650
f 2347 2650 2651
f 2355 2643 2354
f 2355 2642 2643
f 2346 2651 2525
f 2346 2347 2651
f 2356 2642 2355
f 2356 2641 2642
f 2345 2346 2525
f 2345 2525 2526
f 1559 1646 1647
f 1559 1560 1646
f 2357 2640 2641
f 2357 2641 2356
f 2344 2345 2526
f 2344 2526 2527
f 2358 2639 2640
f 2358 2640 2357
f 2343 2528 2529
f 2343 2344 2527
f 2343 2527 2528
f 2359 2638 2639
f 2359 2639 2358
f 2342 2529 2530
f 2342 2343 2529
f 1631 2550 1630
f 1631 2548 2549
f 1631 2549 2550
f 2360 2638 2359
f 2360 2637 2638
f 2341 2530 2531
f 2341 2342 2530
f 2361 2637 2360
f 2361 3290 2636
f 2361 2636 2637
f 2340 2531 2532
f 2340 2341 2531
f 2362 3290 2361
f 1558 1559 1647
f 1558 1647 1648
f 2339 2532 2533
f 2339 2340 2532
f 2363 3290 2362
f 2363 3291 3290
f 2338 2533 2534
f 2338 2339 2533
f 2364 3291 2363
f 1632 2548 1631
f 2337 2534 2535
f 2337 2338 2534
f 2365 3291 2364
f 2336 2535 2536
f 2336 2337 2535
f 2366 3291 2365
f 2366 3293 3291
f 3166 1671 1672
f 3166 1672 1673
f 3166 1673 3167
f 2335 2536 2537
f 2335 2336 2536
f 2367 3293 2366
f 2334 2537 2538
f 2334 2335 2537
f 2368 3293 2367
f 2333 2538 2539
f 2333 2334 2538
f 2369 3295 3293
f 2369 3293 2368
f 2332 2539 2540
f 2332 2333 2539
f 2370 3295 2369
f 2331 2540 2541
f 2331 2332 2540
f 2371 3295 2370
f 2330 2541 2542
f 2330 2331 2541
f 2372 3295 2371
f 2372 3297 3295
f 2329 2330 2542
f 2329 2542 2543
f 2373 3297 2372
f 2328 2543 2544
f 2328 2329 2543
f 2374 3297 2373
f 2327 2544 2545
f 2327 2328 2544
f 2375 3297 2374
f 2375 3118 3297
f 2326 2545 2546
f 2326 2546 2547
f 2326 2327 2545
f 2376 3118 2375
f 2325 2326 2547
f 2325 2547 2548
f 3164 1668 1669
f 3164 1669 1670
f 3164 1670 1671
f 3164 1671 3166
f 2377 3118 2376
f 2324 2325 2548
f 2324 2548 1632
f 2378 3118 2377
f 2323 2324 1632
f 2323 1632 1633
f 2379 3118 2378
f 2322 2323 1633
f 2380 3118 2379
f 2321 1633 1634
f 2321 2322 1633
f 2381 3118 2380
f 2320 1634 1635
f 2320 2321 1634
f 2382 3118 2381
f 2319 2320 1635
f 2383 3118 2382
f 2318 1635 1636
f 2318 2319 1635
f 2384 3118 2383
f 2317 2318 1636
f 2385 3118 2384
f 3162 1668 3164
f 3162 1666 1667
f 3162 1667 1668
f 2316 1636 1637
f 2316 2317 1636
f 2386 3118 2385
f 2315 1637 1638
f 2315 2316 1637
f 2387 3118 2386
f 2314 2315 1638
f 2388 3118 2387
f 2313 1638 1639
f 2313 2314 1638
f 2389 3118 2388
f 2312 2313 1639
f 2312 1639 1640
f 2390 3118 2389
f 2311 2312 1640
f 2391 3118 2390
f 2310 1640 1641
f 2310 2311 1640
f 2392 3118 2391
f 2309 2310 1641
f 2309 1641 1516
f 2393 3118 2392
f 2308 2309 1516
f 2394 3118 2393
f 3159 1666 3162
f 3159 1664 1665
f 3159 1665 1666
f 2395 3118 2394
f 3158 1664 3159
f 5208 1558 1648
f 5209 1558 5208
f 5209 1557 1558
f 5207 1648 1649
f 5207 5208 1648
f 5210 1556 1557
f 5210 1557 5209
f 5206 5207 1649
f 5206 1649 1650
f 5211 1556 5210
f 5205 1650 1651
f 5205 5206 1650
f 5212 1555 1556
f 5212 1556 5211
f 5204 5205 1651
f 5204 1651 1652
f 5213 1554 1555
f 5213 1555 5212
f 5203 1652 1653
f 5203 5204 1652
f 5214 1554 5213
f 5202 1653 1654
f 5202 5203 1653
f 5215 1554 5214
f 5215 1553 1554
f 2730 2731 4947
f 2732 4947 2731
f 2729 2730 4947
f 2733 4947 2732
f 2733 4946 4947
f 2728 2729 4947
f 2734 4946 2733
f 5201 5202 1654
f 5201 1654 1655
f 5216 1553 5215
f 5216 1552 1553
f 2727 2728 4947
f 2727 4947 1542
f 2735 4946 2734
f 2726 2727 1542
f 5200 1655 1656
f 5200 5201 1655
f 2736 4946 2735
f 5217 1552 5216
f 2725 2726 1542
f 2725 1542 1543
f 2737 4945 4946
f 2737 4946 2736
f 5199 1656 1657
f 5199 5200 1656
f 2724 2725 1543
f 5218 1552 5217
f 5218 1551 1552
f 2738 4945 2737
f 2723 2724 1543
f 2723 1543 1544
f 5198 1657 1658
f 5198 5199 1657
f 5219 1551 5218
f 5219 1550 1551
f 2739 4945 2738
f 2722 2723 1544
f 2722 1544 1545
f 5197 1658 1659
f 5197 5198 1658
f 2740 4945 2739
f 5220 1550 5219
f 2721 2722 1545
f 2741 4945 2740
f 5196 5197 1659
f 5196 1659 1660
f 5221 1550 5220
f 5221 1549 1550
f 2720 2721 1545
f 2720 1545 1546
f 2742 4945 2741
f 5195 1660 1661
f 5195 5196 1660
f 2719 2720 1546
f 5222 1549 5221
f 2743 4945 2742
f 2718 1546 1547
f 2718 2719 1546
f 5194 1661 1662
f 5194 5195 1661
f 5223 1548 1549
f 5223 1549 5222
f 2744 4945 2743
f 2717 2718 1547
f 5193 1662 1663
f 5193 5194 1662
f 5224 1548 5223
f 2745 1532 4945
f 2745 4945 2744
f 2716 1548 5224
f 2716 1547 1548
f 2716 2717 1547
f 5192 1663 1664
f 5192 5193 1663
f 5192 1664 3158
f 2746 1532 2745
f 2715 5224 5225
f 2715 2716 5224
f 5191 5192 3158
f 2747 1532 2746
f 2747 1531 1532
f 2714 5225 5226
f 2714 2715 5225
f 5190 5191 3158
f 5190 3158 3156
f 2748 1531 2747
f 2713 5226 5227
f 2713 2714 5226
f 5189 5190 3156
f 2749 1531 2748
f 2749 1530 1531
f 2712 5227 5228
f 2712 2713 5227
f 5188 3156 3154
f 5188 5189 3156
f 2750 1529 1530
f 2750 1530 2749
f 2711 2712 5228
f 2711 5228 5229
f 5187 5188 3154
f 2751 1529 2750
f 2710 5229 5230
f 2710 2711 5229
f 2752 1529 2751
f 2752 1528 1529
f 5186 5187 3154
f 2709 2710 5230
f 2709 5230 5231
f 2753 1528 2752
f 5185 5186 3154
f 2708 5231 5232
f 2708 2709 5231
f 2754 1528 2753
f 2754 1527 1528
f 2707 5232 5233
f 2707 2708 5232
f 2755 1527 2754
f 2706 5233 5234
f 2706 2707 5233
f 2756 1526 1527
f 2756 1527 2755
f 3152 5183 5184
f 3152 5184 5185
f 3152 5185 3154
f 2705 5234 5235
f 2705 2706 5234
f 2704 5235 5236
f 2704 2705 5235
f 2703 2704 5236
f 2703 5236 5237
f 2702 2703 5237
f 5238 2702 5237
f 2701 2702 5238
f 5239 2701 5238
f 2700 2701 5239
f 5240 2700 5239
f 2699 2700 5240
f 5241 2699 5240
f 2698 2699 5241
f 5242 2698 5241
f 2697 2698 5242
f 3149 5180 5181
f 3149 5181 5182
f 3149 5182 5183
f 3149 5183 3152
f 5243 2697 5242
f 2696 2697 5243
f 5244 2696 5243
f 2695 2696 5244
f 5245 2695 5244
f 2694 2695 5245
f 5246 2694 5245
f 2693 2694 5246
f 5247 2693 5246
f 2692 2693 5247
f 5248 2692 5247
f 2691 2692 5248
f 5249 2691 5248
f 2098 2099 1523
f 2098 1523 1524
f 2100 1523 2099
f 2100 1522 1523
f 2097 1524 1525
f 2097 2098 1524
f 2101 1522 2100
f 2096 2097 1525
f 2102 1522 2101
f 2102 1521 1522
f 2690 2691 5249
f 2095 1525 1526
f 2095 2096 1525
f 2103 1521 2102
f 2103 1520 1521
f 5250 2690 5249
f 2094 2095 1526
f 2094 1526 2756
f 2104 1520 2103
f 2093 2094 2756
f 2093 2756 2757
f 2105 1520 2104
f 2105 1519 1520
f 2092 2757 2758
f 2092 2758 2759
f 2092 2093 2757
f 2689 2690 5250
f 2106 1519 2105
f 2106 1518 1519
f 5251 2689 5250
f 2091 2092 2759
f 2091 2759 2760
f 3148 5180 3149
f 3148 5177 5178
f 3148 5178 5179
f 3148 5179 5180
f 2107 1518 2106
f 2090 2760 2761
f 2090 2091 2760
f 2688 2689 5251
f 2108 1518 2107
f 2108 1517 1518
f 5252 2688 5251
f 2089 2761 2762
f 2089 2090 2761
f 2109 1516 1517
f 2109 1517 2108
f 2088 2762 2763
f 2088 2089 2762
f 2687 2688 5252
f 5253 2687 5252
f 2110 1516 2109
f 2110 2308 1516
f 2087 2763 2764
f 2087 2088 2763
f 2111 2308 2110
f 2111 2306 2307
f 2111 2307 2308
f 2686 2687 5253
f 5254 2686 5253
f 2086 2764 2765
f 2086 2087 2764
f 2112 2306 2111
f 2685 2686 5254
f 2085 2765 2766
f 2085 2086 2765
f 5255 2685 5254
f 2113 2306 2112
f 2113 2305 2306
f 2684 2685 5255
f 2084 2766 2767
f 2084 2085 2766
f 1768 2684 5255
f 2114 2305 2113
f 2114 2304 2305
f 2683 2684 1768
f 2083 2084 2767
f 2083 2767 2768
f 5130 2683 1768
f 2115 2304 2114
f 2115 2302 2303
f 2115 2303 2304
f 2682 2683 5130
f 2082 2768 2769
f 2082 2083 2768
f 5131 2682 5130
f 2116 2302 2115
f 2116 2301 2302
f 2681 2682 5131
f 5132 2681 5131
f 2081 2082 2769
f 2081 2769 2770
f 2680 2681 5132
f 2117 2301 2116
f 5133 2680 5132
f 2080 2081 2770
f 2080 2770 2771
f 2679 2680 5133
f 5134 2679 5133
f 2118 2301 2117
f 2118 2300 2301
f 2678 2679 5134
f 2079 2080 2771
f 2079 2771 2772
f 3145 5173 5174
f 3145 5174 5175
f 3145 5175 5176
f 3145 5176 5177
f 3145 5177 3148
f 2119 2298 2299
f 2119 2299 2300
f 2119 2300 2118
f 2078 2772 2773
f 2078 2079 2772
f 2120 2297 2298
f 2120 2298 2119
f 2077 2773 2774
f 2077 2078 2773
f 2121 2297 2120
f 2076 2774 2775
f 2076 2077 2774
f 2122 2297 2121
f 2122 2295 2296
f 2122 2296 2297
f 2075 2775 2776
f 2075 2776 2777
f 2075 2076 2775
f 2123 2295 2122
f 2074 2777 2778
f 2074 2075 2777
f 2124 2293 2294
f 2124 2294 2295
f 2124 2295 2123
f 2073 2778 2652
f 2073 2074 2778
f 2125 2293 2124
f 2072 2073 2652
f 2072 2652 2653
f 2126 2292 2293
f 2126 2293 2125
f 3144 5170 5171
f 3144 5171 5172
f 3144 5172 5173
f 3144 5173 3145
f 2071 2653 2654
f 2071 2072 2653
f 2070 2071 2654
f 2070 2654 2655
f 2069 2070 2655
f 2069 2655 2656
f 2068 2069 2656
f 2068 2656 2657
f 2067 2068 2657
f 2067 2657 2658
f 2066 2067 2658
f 2066 2658 2659
f 2065 2066 2659
f 2065 2659 2660
f 3142 5167 5168
f 3142 5168 5169
f 3142 5169 5170
f 3142 5170 3144
f 2064 2660 2661
f 2064 2065 2660
f 2063 2064 2661
f 2063 2661 2662
f 2062 2063 2662
f 2062 2662 2663
f 2061 2062 2663
f 2061 2663 2664
f 2060 2061 2664
f 2060 2664 2665
f 2059 2060 2665
f 2059 2665 2666
f 2058 2059 2666
f 2058 2666 2667
f 2057 2058 2667
f 2057 2667 2668
f 3140 5163 5164
f 3140 5164 5165
f 3140 5165 5166
f 3140 5166 5167
f 3140 5167 3142
f 2056 2057 2668
f 4953 2272 2273
f 4953 2273 2274
f 4953 2274 2275
f 4953 2275 2276
f 4953 2276 2277
f 4953 2277 2278
f 4953 2278 2279
f 4953 2279 2280
f 4953 2280 2281
f 4953 2281 2282
f 4953 2282 2283
f 4953 2283 2284
f 4953 2284 2285
f 4953 2285 2286
f 4953 2286 2287
f 4953 2287 2288
f 4953 2288 2289
f 4953 2289 2290
f 4953 2290 2291
f 4953 2291 2292
f 4953 2396 2397
f 4953 2397 2272
f 5440 4953 2292
f 5441 5440 2292
f 3138 5161 5162
f 3138 5162 5163
f 3138 5163 3140
f 3138 5159 5160
f 3138 5160 5161
f 3 2292 2126
f 3 5441 2292
f 3 2126 2127
f 3136 5159 3138
f 3136 5156 5157
f 3136 5157 5158
f 3136 5158 5159
f 5442 2127 2128
f 5442 2128 2129
f 5442 3 2127
f 3134 5156 3136
f 3134 5152 5153
f 3134 5153 5154
f 3134 5154 5155
f 3134 5155 5156
f 5443 3118 2395
f 5443 2395 2396
f 5443 4748 3118
f 5444 5442 2129
f 5444 2129 2130
f 5444 2130 2131
f 5445 5443 2396
f 5445 2396 4953
f 4830 5445 4953
f 4831 4830 4953
f 4833 4831 4953
f 4834 4833 4953
f 4835 4834 4953
f 4836 4835 4953
f 5446 4836 4953
f 4838 5446 4953
f 5447 4838 4953
f 4839 5447 4953
f 4840 4839 4953
f 4842 4840 4953
f 4844 4842 4953
f 5448 4844 4953
f 5449 5448 4953
f 5450 5449 4953
f 5451 5450 4953
f 5452 5451 4953
f 5453 5452 4953
f 5454 2131 2132
f 5454 2132 2133
f 5454 5444 2131
f 5455 5453 4953
f 3132 5152 3134
f 3132 5149 5150
f 3132 5150 5151
f 3132 5151 5152
f 4850 5455 4953
f 5456 4850 4953
f 5457 5456 4953
f 4852 5457 4953
f 4854 4852 4953
f 5458 2133 2134
f 5458 2134 2135
f 5458 2135 2136
f 5458 5454 2133
f 3130 5149 3132
f 3130 5146 5147
f 3130 5147 5148
f 3130 5148 5149
f 5459 2136 2137
f 5459 2137 2138
f 5459 2138 2139
f 5459 5458 2136
f 3128 5146 3130
f 3128 5142 5143
f 3128 5143 5144
f 3128 5144 5145
f 3128 5145 5146
f 5460 5459 2139
f 5460 2139 2140
f 5460 2140 2141
f 3126 5140 5141
f 3126 5141 5142
f 3126 5142 3128
f 5461 2141 2142
f 5461 2142 2143
f 5461 2143 2144
f 5461 5460 2141
f 5461 2144 2145
f 3124 5140 3126
f 3124 5137 5138
f 3124 5138 5139
f 3124 5139 5140
f 5462 2020 2021
f 5462 2021 2022
f 5462 2145 2020
f 5462 5461 2145
f 3122 5137 3124
f 3122 5134 5135
f 3122 5135 5136
f 3122 5136 5137
f 5002 2022 2023
f 5002 2023 2024
f 5002 2024 2025
f 5002 2025 2026
f 5002 2026 2027
f 5002 2027 2028
f 5002 2028 2029
f 5002 2029 2030
f 5002 2030 2031
f 5002 2031 2032
f 5002 2032 2033
f 5002 2033 2034
f 5002 2034 2035
f 5002 2035 2036
f 5002 2036 2037
f 5002 2037 2038
f 5002 2038 2039
f 5002 2039 2040
f 5002 2040 2041
f 5002 2041 2042
f 5002 5462 2022
f 3119 2676 2677
f 3119 2677 2678
f 3119 5134 3122
f 3119 2678 5134
f 3090 2670 2671
f 3090 2671 2672
f 3090 2672 2673
f 3090 2673 2674
f 3090 2674 2675
f 3090 2675 2676
f 3090 2042 2043
f 3090 2043 2044
f 3090 2044 2045
f 3090 2045 2046
f 3090 2046 2047
f 3090 2047 2048
f 3090 2048 2049
f 3090 2049 2050
f 3090 2050 2051
f 3090 2051 2052
f 3090 2052 2053
f 3090 2053 2054
f 3090 2054 2055
f 3090 2055 2056
f 3090 5002 2042
f 3090 2056 2668
f 3090 2676 3119
f 3090 2668 2669
f 3090 2669 2670
f 5463 5464 5002
f 5465 5002 5464
f 5466 5463 5002
f 5467 5002 5465
f 5468 5466 5002
f 5469 5002 5467
f 5470 5468 5002
f 5471 5002 5469
f 5472 5470 5002
f 5473 5002 5471
f 5474 5472 5002
f 5475 5002 5473
f 5476 5474 5002
f 5477 5476 5002
f 5478 5477 5002
f 5479 5478 5002
f 5480 5479 5002
f 5481 5480 5002
f 5482 5481 5002
f 5483 5482 5002
f 5484 5483 5002
f 5485 5484 5002
f 5486 5485 5002
f 5487 5486 5002
f 5488 5487 5002
f 5489 5488 5002
f 5490 5489 5002
f 5490 5002 3090
f 5491 5490 3090
f 5492 5491 3090
f 5493 5492 3090
f 4604 5493 3090
f 4828 4984 4982
f 4828 5494 4984
f 4828 5495 5494
f 4828 5496 5495
f 4828 5497 5496
f 4828 4987 5497
f 4828 4988 4987
f 4828 5498 4988
f 4828 5499 5498
f 4828 4992 5499
f 4828 4994 4992
f 4828 4995 4994
f 4828 4997 4995
f 4828 4999 4997
f 4828 5000 4999
f 4828 5500 5001
f 4828 5001 5000
f 4828 5502 5501
f 4828 5503 5502
f 4828 5504 5503
f 4828 5505 5504
f 4828 4981 5505
f 4828 4982 4981
f 5506 4828 5501
f 5506 5507 4955
f 5506 4956 5507
f 5506 4958 4956
f 5506 5508 4958
f 5506 5509 5508
f 5506 4961 5509
f 5506 4963 4961
f 5506 4965 4963
f 5506 4967 4965
f 5506 4968 4967
f 5506 5510 4968
f 5506 5511 5510
f 5506 5512 5511
f 5506 4970 5512
f 5506 4971 4970
f 5506 4972 4971
f 5506 5513 4972
f 5506 5514 5513
f 5506 5515 5514
f 5506 4976 5515
f 5506 5516 4976
f 5506 4955 5517
f 5506 5501 5516
f 5518 5519 4828
f 5518 4828 5506
f 5520 4879 5519
f 5520 5521 4879
f 5520 5519 5518
f 5522 5523 5521
f 5522 5521 5520
f 5524 5523 5522
f 5525 4878 5523
f 5525 4877 4878
f 5525 5523 5524
f 5526 4877 5525
f 5527 4875 4877
f 5527 5528 4875
f 5527 4877 5526
f 5529 5528 5527
f 5530 5528 5529
f 5530 5531 5528
f 5532 5531 5530
f 5532 4872 5531
f 5533 4872 5532
f 5533 5534 4872
f 5533 5535 5534
f 5536 5535 5533
f 5536 5537 5535
f 5538 5537 5536
f 5538 5539 5537
f 5540 5539 5538
f 5541 5542 5539
f 5541 5539 5540
f 5543 4868 5542
f 5543 5542 5541
f 5544 4866 4868
f 5544 4868 5543
f 5545 4864 4866
f 5545 4866 5544
f 5546 5547 4864
f 5546 4864 5545
f 4903 4861 5547
f 4903 5547 5546
f 5548 5549 4861
f 5353 4861 5549
f 5356 5548 4861
f 5351 4861 5353
f 5351 5550 4861
f 5357 5356 4861
f 5349 5550 5351
f 5358 5357 4861
f 5348 5550 5349
f 5359 5358 4861
f 5551 5550 5348
f 5360 5359 4861
f 5552 5550 5551
f 5362 5360 4861
f 5346 5550 5552
f 5364 5362 4861
f 5344 5550 5346
f 5366 5364 4861
f 5341 5550 5344
f 5368 5366 4861
f 5553 5550 5341
f 5554 5368 4861
f 5370 4861 4903
f 5370 5554 4861
f 5371 5370 4903
f 5555 5371 4903
f 5556 5555 4903
f 5557 5556 4903
f 5558 5557 4903
f 5559 5558 4903
f 5376 5559 4903
f 5377 5376 4903
f 5560 5377 4903
f 5378 5560 4903
f 5561 5378 4903
f 5562 5561 4903
f 5380 5562 4903
f 5563 5380 4903
f 5564 5550 5553
f 5564 5565 5550
f 5564 5566 5565
f 5564 4883 5566
f 5564 4884 4883
f 5564 5567 4884
f 5564 5568 5567
f 5564 5569 5568
f 5564 5570 5569
f 5571 5572 5570
f 5571 5570 5564
f 5573 5572 5571
f 5573 5574 5572
f 5575 5576 5574
f 5575 5574 5573
f 5577 4890 5576
f 5577 5576 5575
f 5578 4890 5577
f 5578 4891 4890
f 5579 5580 4891
f 5579 4891 5578
f 5434 5580 5579
f 5434 5581 5580
f 5433 5581 5434
f 5433 5582 5581
f 5432 5583 5582
f 5432 5582 5433
f 5430 5583 5432
f 5430 5584 5583
f 5585 5584 5430
f 5585 5586 5584
f 5427 5586 5585
f 5427 5587 5586
f 5426 5587 5427
f 5426 4893 5587
f 5425 4893 5426
f 5425 4894 4893
f 5588 4894 5425
f 5588 5589 4894
f 5424 5589 5588
f 4904 5563 4903
f 4904 5590 5563
f 4904 5383 5590
f 4904 5385 5383
f 4904 5386 5385
f 4904 5591 5386
f 4904 5389 5591
f 4904 5391 5389
f 4904 5592 5391
f 5593 4934 4932
f 5593 4937 4934
f 5593 4938 4937
f 5593 4940 4938
f 5593 4941 4940
f 5593 4942 4941
f 5593 4944 4942
f 5593 4904 4944
f 5593 5592 4904
f 5594 4932 4931
f 5594 5593 4932
f 5595 5594 4931
f 5595 4931 5596
f 5597 5596 4930
f 5597 5595 5596
f 5598 4930 4929
f 5598 5597 4930
f 5599 4929 4927
f 5599 5598 4929
f 5600 4927 5601
f 5600 5599 4927
f 5602 5601 4924
f 5602 5600 5601
f 5603 4924 4922
f 5603 5602 4924
f 5604 4922 4921
f 5604 5603 4922
f 5605 4921 4920
f 5605 5604 4921
f 5606 5605 4920
f 5606 4920 4919
f 5607 5606 4919
f 5607 4919 5608
f 5609 5608 4917
f 5609 5607 5608
f 5610 5609 4917
f 5610 4917 4914
f 5611 4914 4912
f 5611 5610 4914
f 5612 5611 4912
f 5613 5589 5424
f 5613 4895 5589
f 5614 4895 5613
f 5614 4897 4895
f 5614 4898 4897
f 5615 5613 5424
f 5615 5617 5616
f 5615 5618 5617
f 5615 5424 5618
f 5619 4898 5614
f 5619 5620 4898
f 5619 5621 5620
f 5622 5615 5616
f 5622 5624 5623
f 5622 5616 5624
f 5625 5626 5621
f 5625 5621 5619
f 5625 5627 5626
f 5628 5622 5623
f 5628 5629 5418
f 5628 5630 5629
f 5628 5623 5630
f 5631 5627 5625
f 5631 4900 5627
f 5631 5632 4900
f 5633 5628 5418
f 5633 5416 5634
f 5633 5417 5416
f 5633 5418 5417
f 5635 5632 5631
f 5635 5636 5632
f 5635 5637 5636
f 5638 5413 5639
f 5638 5415 5413
f 5638 5634 5415
f 5638 5633 5634
f 5640 4748 5637
f 5640 5637 5635
f 5641 5410 5408
f 5641 5642 5410
f 5641 5639 5642
f 5641 5638 5639
f 5650 4748 5640
f 5643 5641 5408
f 5643 5402 5400
f 5643 5404 5402
f 5643 5406 5404
f 5643 5408 5406
f 5644 5643 5400
f 5644 5646 5645
f 5644 5399 5646
f 5644 5400 5399
f 5647 5393 5651
f 5647 5648 5393
f 5647 5396 5648
f 5647 5645 5396
f 5647 5644 5645
f 5649 5647 5651
f 5652 5654 5653
f 5652 5655 5654
f 5652 5656 5655
f 5652 5651 5656
f 5652 5649 5651
f 5657 5659 5658
f 5657 5660 5659
f 5657 5653 5660
f 5657 5652 5653
f 5661 5663 5662
f 5661 5664 5663
f 5661 5665 5664
f 5661 5658 5665
f 5661 5657 5658
f 5666 5668 5667
f 5666 5669 5668
f 5666 5662 5669
f 5666 5661 5662
f 3115 4748 5650
f 5670 5672 5671
f 5670 5673 5672
f 5670 5667 5673
f 5670 5666 5667
f 5674 5676 5675
f 5674 5677 5676
f 5674 5671 5677
f 5674 5670 5671
f 5678 5680 5679
f 5678 5681 5680
f 5678 5675 5681
f 5678 5674 5675
f 5682 5684 5683
f 5682 5679 5684
f 5682 5678 5679
f 5685 5686 5612
f 5685 5687 5686
f 5685 5683 5687
f 5685 5682 5683
f 5688 4912 5689
f 5688 5612 4912
f 5688 5685 5612
f 5690 4911 4909
f 5690 5689 4911
f 5690 5688 5689
f 5691 4907 4906
f 5691 4909 4907
f 5691 5690 4909
f 5692 4905 5693
f 5692 4906 4905
f 5692 5691 4906
f 5698 3115 5650
f 5694 5693 4604
f 5694 5692 5693
f 5695 5694 4604
f 5696 5695 4604
f 5697 3115 5698
f 5697 5698 5701
f 3091 5699 5696
f 3091 5696 4604
f 5700 5697 5701
f 3091 5702 5699
f 5700 5701 5702
f 5700 5702 3091
f 3091 4604 3090
f 3118 4748 3115
f 5002 5517 4955
f 5002 5703 5517
f 5002 5704 5703
f 5002 5705 5704
f 5002 5475 5705
f 5001 5500 4953
f 5500 4860 4953
f 4860 4859 4953
f 4859 4858 4953
f 4858 4856 4953
f 4856 4855 4953
f 4855 4854 4953
f 5440 4432 4953
f 5440 4455 4432
f 5441 4456 4455
f 5441 4455 5440
f 3 4466 4461
f 3 4461 4456
f 3 4456 5441
f 5442 4473 4466
f 5442 4466 3
f 5444 4487 4473
f 5444 4473 5442
f 5454 4497 4487
f 5454 4487 5444
f 5458 4504 4497
f 5458 4497 5454
f 5459 4504 5458
f 5460 4512 4504
f 5460 4517 4512
f 5460 4504 5459
f 5461 4525 4517
f 5461 4517 5460
f 5462 4525 5461
f 5002 4531 4525
f 5002 4525 5462
f 5517 5703 4619
f 4619 5703 4825
f 4825 5703 4826
f 5703 5704 4826
f 4826 5704 4827
f 5704 5705 4827
f 4827 5705 4586
f 5705 5475 4586
f 4586 5475 4584
f 5475 5473 4584
f 4584 5473 4582
f 5473 5471 4582
f 4582 5471 4580
f 5471 5469 4580
f 4580 5469 4578
f 5469 5467 4578
f 4578 5467 4576
f 5467 5465 4576
f 4576 5465 4575
f 5465 5464 4575
f 4575 5464 4574
f 5464 5463 4574
f 4574 5463 4577
f 5463 5466 4577
f 4577 5466 4579
f 5466 5468 4579
f 5468 5470 4581
f 4579 5468 4581
f 5470 5472 4583
f 4581 5470 4583
f 5472 5474 4585
f 4583 5472 4585
f 5474 5476 4587
f 4585 5474 4587
f 5476 5477 4588
f 4587 5476 4588
f 5477 5478 4589
f 4588 5477 4589
f 5478 5479 4590
f 4589 5478 4590
f 4590 5479 4591
f 5479 5480 4591
f 4591 5480 4592
f 5480 5481 4592
f 4592 5481 4593
f 5481 5482 4593
f 5482 5483 4593
f 4593 5483 4594
f 5483 5484 4594
f 4594 5484 4595
f 4595 5484 4596
f 5484 5485 4596
f 4596 5485 4597
f 5485 5486 4597
f 5486 5487 4597
f 4597 5487 4598
f 5487 5488 4598
f 4598 5488 4599
f 4599 5488 4600
f 5488 5489 4600
f 5489 5490 4600
f 4600 5490 4601
f 4601 5490 4602
f 5490 5491 4602
f 5491 5492 4602
f 4602 5492 4603
f 5492 5493 4603
f 4603 5493 4604
f 5506 4617 5518
f 4617 4630 5518
f 4630 4631 5520
f 5518 4630 5520
f 4631 4633 5522
f 5520 4631 5522
f 4633 4635 5524
f 5522 4633 5524
f 4635 4638 5525
f 5524 4635 5525
f 4638 4639 5526
f 5525 4638 5526
f 4639 4641 5527
f 5526 4639 5527
f 4641 4642 5529
f 5527 4641 5529
f 4642 4644 5530
f 5529 4642 5530
f 4644 4645 5532
f 5530 4644 5532
f 4645 4646 5533
f 5532 4645 5533
f 4646 4647 5536
f 5533 4646 5536
f 4647 4648 5538
f 5536 4647 5538
f 5538 4648 5540
f 4648 4650 5540
f 5540 4650 5541
f 4650 4652 5541
f 5541 4652 5543
f 4652 4654 5543
f 5543 4654 5544
f 4654 4655 5544
f 5544 4655 5545
f 4655 4656 5545
f 5545 4656 5546
f 4656 4657 5546
f 4657 4658 5546
f 5546 4658 4903
f 4712 5593 4716
f 5593 5594 4716
f 5594 5595 4716
f 4716 5595 4718
f 5595 5597 4718
f 4718 5597 4720
f 5597 5598 4720
f 4720 5598 4722
f 5598 5599 4722
f 4722 5599 4724
f 5599 5600 4724
f 4724 5600 4725
f 5600 5602 4725
f 4725 5602 4726
f 5602 5603 4726
f 4726 5603 4727
f 5603 5604 4727
f 4727 5604 4728
f 5604 5605 4728
f 4728 5605 4730
f 4730 5605 4732
f 5605 5606 4732
f 5606 5607 4732
f 4732 5607 4734
f 5607 5609 4734
f 4734 5609 4735
f 4735 5609 4736
f 5609 5610 4736
f 5610 5611 4736
f 4736 5611 4737
f 4737 5611 4738
f 5611 5612 4738
f 5612 5686 4738
f 5686 5687 4740
f 4738 5686 4740
f 4740 5687 4742
f 4742 5687 4743
f 5687 5683 4743
f 5683 5684 4744
f 5684 5679 4744
f 4743 5683 4744
f 4744 5679 4745
f 5679 5680 4797
f 5680 5681 4797
f 4745 5679 4797
f 5681 5675 4796
f 4797 5681 4796
f 4796 5675 4784
f 5675 5676 4783
f 5676 5677 4783
f 4784 5675 4783
f 5677 5671 4781
f 4783 5677 4781
f 4781 5671 4779
f 4779 5671 4778
f 5671 5672 4778
f 5672 5673 4778
f 4778 5673 4777
f 4777 5673 4775
f 5673 5667 4775
f 4775 5667 4774
f 5667 5668 4774
f 4774 5668 4773
f 5668 5669 4773
f 5669 5662 4773
f 4773 5662 4771
f 4771 5662 4770
f 5662 5663 4770
f 4770 5663 4769
f 5663 5664 4769
f 4769 5664 4768
f 5664 5665 4768
f 5665 5658 4768
f 4768 5658 4767
f 4767 5658 4766
f 5658 5659 4766
f 5659 5660 4766
f 4766 5660 4765
f 5660 5653 4765
f 4765 5653 4764
f 5653 5654 4764
f 4764 5654 4763
f 4763 5654 4762
f 5654 5655 4762
f 5655 5656 4762
f 4762 5656 4761
f 4761 5656 5439
f 5656 5651 5439
f 5696 5699 2812
f 2807 5696 2812
f 2812 5699 5706
f 5706 5699 2814
f 2814 5699 2816
f 2816 5699 5707
f 5707 5699 2818
f 2818 5699 5708
f 5708 5699 5709
f 5709 5699 5710
f 5710 5699 5711
f 5711 5699 5712
f 5712 5699 5713
f 5713 5699 2832
f 2832 5699 2836
f 5699 5702 2836
f 2836 5702 2838
f 2838 5702 5714
f 5714 5702 5715
f 5715 5702 5716
f 5716 5702 5717
f 5717 5702 5718
f 5718 5702 5719
f 5719 5702 2847
f 2847 5702 2849
f 2849 5702 2852
f 2852 5702 5720
f 5702 5701 2857
f 5720 5702 2857
f 2857 5701 5721
f 5721 5701 5722
f 5722 5701 5723
f 5723 5701 2865
f 2865 5701 2868
f 2868 5701 2869
f 2869 5701 5724
f 5724 5701 5725
f 5725 5701 2874
f 2874 5701 5726
f 5726 5701 2878
f 2878 5701 5727
f 5727 5701 2880
f 2880 5701 2882
f 5701 5698 2885
f 2882 5701 2885
f 2885 5698 5728
f 5728 5698 2889
f 2889 5698 5729
f 5729 5698 2893
f 2893 5698 2895
f 2895 5698 5730
f 5730 5698 2896
f 2896 5698 5731
f 5731 5698 2892
f 2892 5698 2891
f 2891 5698 5732
f 5732 5698 2886
f 2886 5698 2884
f 2884 5698 5733
f 5733 5698 5734
f 5734 5698 5735
f 5698 5650 5735
f 5735 5650 5736
f 5736 5650 2875
f 2875 5650 2873
f 2873 5650 5737
f 5737 5650 5738
f 5738 5650 5739
f 5739 5650 2867
f 2867 5650 2863
f 2863 5650 5740
f 5740 5650 5741
f 5741 5650 2858
f 2858 5650 2855
f 2855 5650 2854
f 2854 5650 5742
f 5742 5650 5743
f 5743 5650 5744
f 5744 5650 5745
f 5745 5650 5746
f 5746 5650 2842
f 5650 5640 5747
f 2842 5650 5747
f 5640 5635 2841
f 5747 5640 2841
f 5635 5631 2839
f 2841 5635 2839
f 5631 5625 5748
f 2839 5631 5748
f 5625 5619 2834
f 5748 5625 2834
f 5619 5614 2831
f 2834 5619 2831
f 5614 5613 2828
f 2831 5614 2828
f 5613 5615 2827
f 2828 5613 2827
f 5615 5622 2825
f 2827 5615 2825
f 5622 5628 5749
f 2825 5622 5749
f 5749 5628 5750
f 5628 5633 5750
f 5750 5633 2819
f 5633 5638 2819
f 2819 5638 5751
f 5638 5641 5751
f 5751 5641 5752
f 5643 5644 5752
f 5641 5643 5752
f 5752 5644 2815
f 5644 5647 5753
f 2815 5644 5753
f 5753 5647 5754
f 5647 5649 5754
f 5754 5649 5755
f 5755 5649 2809
f 2809 5649 5756
f 5649 5652 2805
f 5756 5649 2805
f 5652 5657 5757
f 2805 5652 5757
f 5657 5661 5758
f 5757 5657 5758
f 5661 5666 5759
f 5758 5661 5759
f 5666 5670 5760
f 5759 5666 5760
f 5670 5674 2798
f 5760 5670 2798
f 5674 5678 2792
f 2798 5674 2792
f 5678 5682 5761
f 2792 5678 5761
f 5682 5685 2790
f 5761 5682 2790
f 5685 5688 2787
f 2790 5685 2787
f 5688 5690 5762
f 2787 5688 5762
f 5690 5691 5763
f 5762 5690 5763
f 5691 5692 2781
f 5763 5691 2781
f 5692 5694 2780
f 2781 5692 2780
f 2780 5694 5695
f 5695 5696 5764
f 5764 5696 5765
f 5765 5696 5766
f 5766 5696 2789
f 2789 5696 5767
f 5767 5696 2795
f 2795 5696 2794
f 2794 5696 2797
f 2797 5696 5768
f 5768 5696 5769
f 5769 5696 5770
f 5770 5696 5771
f 5771 5696 5772
f 5772 5696 2808
f 2808 5696 2807
f 5773 5775 5774
f 5773 5776 5775
f 5773 5777 5776
f 5778 5777 5773
f 5779 5780 5777
f 5779 5777 5778
f 5781 5782 5780
f 5781 5780 5779
f 5783 5784 5782
f 5783 5782 5781
f 5785 5786 5784
f 5785 5787 5786
f 5785 5784 5783
f 5788 5787 5785
f 5789 5790 5787
f 5789 5787 5788
f 5791 5792 5790
f 5791 5793 5792
f 5791 5790 5789
f 5794 5795 5793
f 5794 5793 5791
f 5796 5795 5794
f 5797 5795 5796
f 5797 5798 5795
f 5799 5798 5797
f 5799 5800 5798
f 5799 5801 5800
f 5802 5801 5799
f 5803 5801 5802
f 5803 5804 5801
f 5805 5804 5803
f 5805 5806 5804
f 5805 5807 5806
f 5808 5807 5805
f 5809 5807 5808
f 5809 5810 5807
f 5811 5810 5809
f 5811 5812 5810
f 5813 5812 5811
f 5813 5814 5812
f 5815 5814 5813
f 5815 5816 5814
f 5817 5816 5815
f 5817 5818 5816
f 5819 5820 5818
f 5819 5818 5817
f 5821 5822 5820
f 5821 5820 5819
f 5821 5823 5822
f 5824 5823 5821
f 5825 5826 5823
f 5825 5823 5824
f 5827 5828 5826
f 5827 5826 5825
f 5829 5830 5828
f 5829 5828 5827
f 5831 5832 5830
f 5831 5830 5829
f 5833 5834 5832
f 5833 5832 5831
f 5835 5836 5834
f 5835 5834 5833
f 5837 5838 5836
f 5837 5836 5835
f 5839 5840 5838
f 5839 5838 5837
f 5841 5842 5840
f 5841 5840 5839
f 5843 5844 5842
f 5843 5842 5841
f 5845 5846 5844
f 5845 5844 5843
f 5847 5846 5845
f 5847 5848 5846
f 5847 5849 5848
f 5850 5849 5847
f 5851 5849 5850
f 5851 5852 5849
f 5853 5852 5851
f 5853 5854 5852
f 5853 5855 5854
f 5856 5855 5853
f 5857 5855 5856
f 5857 5858 5855
f 5859 5858 5857
f 5859 5860 5858
f 5859 5861 5860
f 5862 5861 5859
f 5863 5861 5862
f 5863 5864 5861
f 5865 5864 5863
f 5865 5866 5864
f 5867 5866 5865
f 5867 5868 5866
f 5869 5868 5867
f 5869 5870 5868
f 5869 5871 5870
f 5872 5871 5869
f 5873 5871 5872
f 5873 5874 5871
f 5875 5874 5873
f 5875 5876 5874
f 5875 5877 5876
f 5878 5877 5875
f 5878 5879 5877
f 5880 5879 5878
f 5880 5881 5879
f 5882 5881 5880
f 5883 5881 5882
f 5883 5884 5881
f 5883 5885 5884
f 5886 5885 5883
f 5887 5885 5886
f 5887 5888 5885
f 5889 5890 5888
f 5889 5888 5887
f 5891 5892 5890
f 5891 5893 5892
f 5891 5890 5889
f 5894 5893 5891
f 5894 5895 5893
f 5896 5897 5895
f 5896 5895 5894
f 5898 5897 5896
f 5899 5897 5898
f 5899 5900 5897
f 5901 5900 5899
f 5901 5902 5900
f 5903 5902 5901
f 5903 5904 5902
f 5905 5904 5903
f 5905 5906 5904
f 5905 5907 5906
f 5908 5907 5905
f 5908 5909 5907
f 5910 5909 5908
f 5911 5909 5910
f 5911 5912 5909
f 5913 5912 5911
f 5913 5914 5912
f 5913 5915 5914
f 5916 5915 5913
f 5917 5915 5916
f 5917 5918 5915
f 5919 5918 5917
f 5919 5920 5918
f 5919 5921 5920
f 5922 5923 5921
f 5922 5921 5919
f 5924 5923 5922
f 5925 5926 5923
f 5925 5927 5926
f 5925 5923 5924
f 5928 5927 5925
f 5929 5930 5927
f 5929 5927 5928
f 5931 5932 5930
f 5931 5933 5932
f 5931 5930 5929
f 5934 5933 5931
f 5935 5936 5933
f 5935 5937 5936
f 5935 5933 5934
f 5938 5937 5935
f 5939 5940 5937
f 5939 5937 5938
f 5941 5942 5940
f 5941 5940 5939
f 5943 5944 5942
f 5943 5942 5941
f 5945 5946 5944
f 5945 5947 5946
f 5945 5944 5943
f 5948 5947 5945
f 5949 5947 5948
f 5949 5950 5947
f 5951 5950 5949
f 5951 5952 5950
f 5953 5952 5951
f 5953 5954 5952
f 5955 5954 5953
f 5955 5956 5954
f 5957 5958 5956
f 5957 5959 5958
f 5957 5956 5955
f 5960 5959 5957
f 5961 5962 5959
f 5961 5959 5960
f 5963 5964 5962
f 5963 5962 5961
f 5965 5966 5964
f 5965 5964 5963
f 5967 5968 5966
f 5967 5966 5965
f 5969 5970 5968
f 5969 5968 5967
f 5971 5972 5970
f 5971 5970 5969
f 5973 5974 5972
f 5973 5972 5971
f 5975 5976 5974
f 5975 5974 5973
f 5977 5978 5976
f 5977 5979 5978
f 5977 5976 5975
f 5980 5979 5977
f 5981 5982 5979
f 5981 5979 5980
f 5983 5984 5982
f 5983 5982 5981
f 5985 5986 5984
f 5985 5987 5986
f 5985 5984 5983
f 5988 5987 5985
f 5989 5990 5987
f 5989 5987 5988
f 5991 5992 5990
f 5991 5990 5989
f 5993 5994 5992
f 5993 5995 5994
f 5993 5992 5991
f 5996 5995 5993
f 5997 5995 5996
f 5997 5998 5995
f 5999 5998 5997
f 5999 6000 5998
f 5999 6001 6000
f 6002 6001 5999
f 6003 6001 6002
f 6003 6004 6001
f 6003 6005 6004
f 6006 6005 6003
f 6007 6005 6006
f 6007 6008 6005
f 6007 6009 6008
f 6010 6009 6007
f 6010 6011 6009
f 6012 6011 6010
f 6013 6011 6012
f 6013 6014 6011
f 6013 6015 6014
f 6016 6015 6013
f 6017 6015 6016
f 6017 6018 6015
f 6017 6019 6018
f 6020 6019 6017
f 6021 6022 6019
f 6021 6019 6020
f 6021 6023 6022
f 6024 6023 6021
f 5774 5775 6023
f 5774 6023 6024
f 5935 5934 5931
f 5924 5928 5925
f 5945 5935 5931
f 5945 5931 5929
f 5945 5938 5935
f 5945 5939 5938
f 5945 5941 5939
f 5945 5943 5941
f 5916 5919 5917
f 5916 5922 5919
f 5916 5924 5922
f 5911 5916 5913
f 5951 5948 5945
f 5951 5949 5948
f 5905 5910 5908
f 5905 5911 5910
f 5960 5957 5955
f 5894 5898 5896
f 5894 5899 5898
f 5969 5963 5961
f 5969 5965 5963
f 5969 5967 5965
f 5889 5894 5891
f 5975 5969 5961
f 5975 5960 5955
f 5975 5955 5953
f 5975 5961 5960
f 5975 5971 5969
f 5975 5973 5971
f 5977 5975 5953
f 5882 5886 5883
f 5882 5887 5886
f 5981 5980 5977
f 5878 5894 5889
f 5878 5887 5882
f 5878 5928 5924
f 5878 5924 5916
f 5878 5882 5880
f 5878 5945 5929
f 5878 5889 5887
f 5878 5901 5899
f 5878 5916 5911
f 5878 5903 5901
f 5878 5951 5945
f 5878 5905 5903
f 5878 5911 5905
f 5878 5929 5928
f 5878 5953 5951
f 5878 5899 5894
f 5988 5983 5981
f 5988 5985 5983
f 5988 5981 5977
f 5991 5989 5988
f 5869 5873 5872
f 5869 5875 5873
f 5869 5878 5875
f 5993 5991 5988
f 5865 5869 5867
f 5865 5878 5869
f 5997 5996 5993
f 5999 5993 5988
f 5999 5997 5993
f 5862 5865 5863
f 5862 5878 5865
f 6003 6002 5999
f 6003 5999 5988
f 5857 5862 5859
f 6007 6006 6003
f 6007 6003 5988
f 5853 5857 5856
f 5853 5862 5857
f 6012 6010 6007
f 5850 5853 5851
f 6013 6012 6007
f 5847 5853 5850
f 6020 6017 6016
f 6021 6016 6013
f 6021 6013 6007
f 6021 6020 6016
f 5839 5843 5841
f 5839 5845 5843
f 6024 6021 6007
f 5773 5774 6024
f 5831 5835 5833
f 5831 5837 5835
f 5779 5778 5773
f 5779 5773 6024
f 5827 5831 5829
f 5783 5781 5779
f 5825 5831 5827
f 5785 5783 5779
f 5824 5837 5831
f 5824 5839 5837
f 5824 5831 5825
f 5789 5788 5785
f 5819 5824 5821
f 5819 5847 5845
f 5819 5839 5824
f 5819 5845 5839
f 5815 5819 5817
f 5796 5791 5789
f 5796 5794 5791
f 5796 5789 5785
f 5811 5815 5813
f 5811 5819 5815
f 5802 5799 5797
f 5803 5779 6024
f 5803 5797 5796
f 5803 5785 5779
f 5803 5796 5785
f 5803 5802 5797
f 5805 6024 6007
f 5805 5809 5808
f 5805 5811 5809
f 5805 5988 5977
f 5805 5953 5878
f 5805 5847 5819
f 5805 5803 6024
f 5805 5862 5853
f 5805 5878 5862
f 5805 5819 5811
f 5805 6007 5988
f 5805 5977 5953
f 5805 5853 5847
f 5932 6026 6025
f 5930 5932 6025
f 5933 6027 6026
f 5933 6026 5932
f 5927 5930 6025
f 5927 6025 6028
f 5936 6027 5933
f 5936 6029 6027
f 5926 5927 6028
f 5926 6028 6030
f 5937 6031 6029
f 5937 6029 5936
f 5923 5926 6030
f 5923 6030 6032
f 5940 6031 5937
f 5940 6033 6031
f 5940 6034 6033
f 5921 5923 6032
f 5921 6032 6035
f 5942 6034 5940
f 5920 5921 6035
f 5920 6037 6036
f 5920 6035 6037
f 5944 6034 5942
f 5944 6038 6034
f 5918 5920 6036
f 5946 6038 5944
f 5946 6039 6038
f 5915 5918 6036
f 5915 6036 6040
f 5947 6039 5946
f 5947 6041 6039
f 5914 5915 6040
f 5914 6040 6042
f 5950 6041 5947
f 5950 6043 6041
f 5912 6042 6044
f 5912 5914 6042
f 5952 6043 5950
f 5952 6045 6043
f 5909 6047 6046
f 5909 6044 6047
f 5909 5912 6044
f 5954 6045 5952
f 5954 6048 6045
f 5907 5909 6046
f 5956 6048 5954
f 5956 6049 6048
f 5956 6050 6049
f 5906 6046 6051
f 5906 5907 6046
f 5958 6050 5956
f 5904 5906 6051
f 5904 6051 6052
f 5959 6050 5958
f 5959 6053 6050
f 5902 5904 6052
f 5902 6052 6054
f 5962 6053 5959
f 5962 6055 6053
f 5900 5902 6054
f 5900 6054 6056
f 5964 6055 5962
f 5964 6057 6055
f 5897 5900 6056
f 5897 6056 6058
f 5966 6059 6057
f 5966 6057 5964
f 5895 5897 6058
f 5895 6058 6060
f 5968 6059 5966
f 5968 6061 6059
f 5968 6062 6061
f 5893 5895 6060
f 5893 6060 6063
f 5970 6062 5968
f 5892 5893 6063
f 5892 6063 6064
f 5972 6062 5970
f 5972 6065 6062
f 5890 5892 6064
f 5890 6064 6066
f 5974 6068 6067
f 5974 6065 5972
f 5974 6067 6065
f 5888 5890 6066
f 5888 6066 6069
f 5976 6068 5974
f 5885 5888 6069
f 5885 6069 6070
f 5978 6071 6068
f 5978 6068 5976
f 5884 5885 6070
f 5884 6073 6072
f 5884 6070 6073
f 5979 6074 6071
f 5979 6071 5978
f 5881 5884 6072
f 5982 6075 6074
f 5982 6076 6075
f 5982 6074 5979
f 5879 6072 6077
f 5879 5881 6072
f 5984 6078 6076
f 5984 6076 5982
f 5877 6077 6079
f 5877 5879 6077
f 5986 6078 5984
f 5876 5877 6079
f 5876 6079 6080
f 5987 6081 6078
f 5987 6078 5986
f 5874 6083 6082
f 5874 6080 6083
f 5874 5876 6080
f 5990 6084 6081
f 5990 6081 5987
f 5871 5874 6082
f 5992 6085 6084
f 5992 6084 5990
f 5870 6082 6086
f 5870 5871 6082
f 5994 6087 6085
f 5994 6085 5992
f 5868 5870 6086
f 6088 5868 6086
f 6089 5994 5995
f 6089 6087 5994
f 5998 6089 5995
f 6090 5868 6088
f 6090 5866 5868
f 6091 6089 5998
f 6092 5866 6090
f 6092 5864 5866
f 6093 6091 5998
f 6093 5998 6000
f 6093 6000 6001
f 6094 5864 6092
f 6094 5860 5861
f 6094 5861 5864
f 6095 6093 6001
f 6095 6001 6004
f 6096 5860 6094
f 6097 6004 6005
f 6097 6095 6004
f 6098 5860 6096
f 6098 5858 5860
f 6099 6097 6005
f 6100 5858 6098
f 6100 5855 5858
f 6101 6099 6005
f 6101 6005 6008
f 6102 5854 5855
f 6102 5855 6100
f 6103 6101 6008
f 6103 6008 6009
f 6103 6009 6011
f 6104 5852 5854
f 6104 5854 6102
f 6105 6011 6014
f 6105 6103 6011
f 6106 5849 5852
f 6106 5852 6104
f 6107 6105 6014
f 6108 5846 5848
f 6108 5848 5849
f 6108 5849 6106
f 6109 6107 6014
f 6109 6014 6015
f 6110 5846 6108
f 6111 6015 6018
f 6111 6018 6019
f 6111 6109 6015
f 6112 5846 6110
f 6112 5844 5846
f 6113 6111 6019
f 6114 5840 5842
f 6114 5842 5844
f 6114 5844 6112
f 6115 6019 6022
f 6115 6113 6019
f 6116 5840 6114
f 6117 6022 6023
f 6117 6115 6022
f 6118 5838 5840
f 6118 5840 6116
f 6119 6023 5775
f 6119 6117 6023
f 6120 5836 5838
f 6120 5838 6118
f 6121 6119 5775
f 6121 5775 5776
f 6121 5776 5777
f 6122 5834 5836
f 6122 5836 6120
f 6123 5777 5780
f 6123 6121 5777
f 6124 5832 5834
f 6124 5834 6122
f 6125 6123 5780
f 6126 5830 5832
f 6126 5832 6124
f 6127 5780 5782
f 6127 5782 5784
f 6127 6125 5780
f 6128 5830 6126
f 6128 5826 5828
f 6128 5828 5830
f 6129 6127 5784
f 6130 5826 6128
f 6130 5823 5826
f 6131 5784 5786
f 6131 6129 5784
f 6132 5823 6130
f 6133 6131 5786
f 6133 5786 5787
f 6134 5823 6132
f 6134 5820 5822
f 6134 5822 5823
f 6135 5787 5790
f 6135 5790 5792
f 6135 6133 5787
f 6136 5820 6134
f 6136 5818 5820
f 6137 6135 5792
f 6138 5818 6136
f 6139 5792 5793
f 6139 5793 5795
f 6139 6137 5792
f 6140 5814 5816
f 6140 5816 5818
f 6140 5818 6138
f 6141 6139 5795
f 6142 5814 6140
f 6143 5795 5798
f 6143 6141 5795
f 6144 5814 6142
f 6144 5810 5812
f 6144 5812 5814
f 6145 6143 5798
f 6145 5798 5800
f 6146 5810 6144
f 6147 6145 5800
f 6147 5800 5801
f 6148 5807 5810
f 6148 5810 6146
f 6149 5801 5804
f 6149 6147 5801
f 6150 5804 5806
f 6150 5806 5807
f 6150 5807 6148
f 6150 6149 5804
f 6121 6151 6119
f 6121 6152 6151
f 6123 6153 6152
f 6123 6152 6121
f 6125 6154 6153
f 6125 6153 6123
f 6127 6155 6154
f 6127 6154 6125
f 6129 6156 6155
f 6129 6155 6127
f 6131 6157 6156
f 6131 6158 6157
f 6131 6156 6129
f 6133 6158 6131
f 6135 6159 6158
f 6135 6158 6133
f 6137 6160 6159
f 6137 6159 6135
f 6139 6161 6160
f 6139 6160 6137
f 6141 6161 6139
f 6141 6162 6161
f 6143 6162 6141
f 6143 6163 6162
f 6145 6163 6143
f 6145 6164 6163
f 6147 6164 6145
f 6147 6165 6164
f 6149 6165 6147
f 6149 6166 6165
f 6150 6166 6149
f 6150 6167 6166
f 6148 6167 6150
f 6148 6168 6167
f 6146 6168 6148
f 6146 6169 6168
f 6144 6169 6146
f 6144 6170 6169
f 6144 6171 6170
f 6142 6171 6144
f 6142 6172 6171
f 6140 6172 6142
f 6138 6172 6140
f 6138 6173 6172
f 6136 6174 6173
f 6136 6173 6138
f 6134 6175 6174
f 6134 6174 6136
f 6132 6176 6175
f 6132 6175 6134
f 6130 6177 6176
f 6130 6176 6132
f 6128 6178 6177
f 6128 6177 6130
f 6126 6179 6178
f 6126 6178 6128
f 6124 6180 6179
f 6124 6179 6126
f 6122 6181 6180
f 6122 6180 6124
f 6120 6182 6181
f 6120 6181 6122
f 6118 6183 6182
f 6118 6184 6183
f 6118 6182 6120
f 6116 6184 6118
f 6114 6185 6184
f 6114 6184 6116
f 6112 6186 6185
f 6112 6185 6114
f 6110 6187 6186
f 6110 6186 6112
f 6108 6187 6110
f 6108 6188 6187
f 6106 6188 6108
f 6106 6189 6188
f 6104 6189 6106
f 6104 6190 6189
f 6102 6190 6104
f 6102 6191 6190
f 6100 6191 6102
f 6100 6192 6191
f 6100 6193 6192
f 6098 6193 6100
f 6096 6193 6098
f 6096 6194 6193
f 6094 6194 6096
f 6094 6195 6194
f 6092 6195 6094
f 6092 6196 6195
f 6090 6196 6092
f 6090 6197 6196
f 6088 6197 6090
f 6088 6198 6197
f 6086 6198 6088
f 6086 6199 6198
f 6082 6199 6086
f 6082 6200 6199
f 6083 6200 6082
f 6083 6201 6200
f 6080 6201 6083
f 6080 6202 6201
f 6079 6202 6080
f 6079 6203 6202
f 6077 6203 6079
f 6077 6204 6203
f 6072 6204 6077
f 6072 6205 6204
f 6073 6205 6072
f 6073 6206 6205
f 6070 6206 6073
f 6070 6207 6206
f 6069 6207 6070
f 6069 6208 6207
f 6066 6209 6208
f 6066 6208 6069
f 6064 6210 6209
f 6064 6209 6066
f 6063 6211 6210
f 6063 6210 6064
f 6060 6212 6211
f 6060 6211 6063
f 6058 6212 6060
f 6058 6213 6212
f 6056 6213 6058
f 6056 6214 6213
f 6054 6214 6056
f 6054 6215 6214
f 6052 6215 6054
f 6052 6216 6215
f 6051 6216 6052
f 6051 6217 6216
f 6046 6217 6051
f 6046 6218 6217
f 6047 6218 6046
f 6047 6219 6218
f 6044 6219 6047
f 6044 6220 6219
f 6042 6220 6044
f 6042 6221 6220
f 6040 6221 6042
f 6040 6222 6221
f 6036 6222 6040
f 6036 6223 6222
f 6037 6223 6036
f 6037 6224 6223
f 6037 6225 6224
f 6035 6225 6037
f 6032 6226 6225
f 6032 6225 6035
f 6030 6227 6226
f 6030 6226 6032
f 6028 6228 6227
f 6028 6227 6030
f 6025 6229 6228
f 6025 6228 6028
f 6026 6230 6229
f 6026 6229 6025
f 6027 6231 6230
f 6027 6230 6026
f 6029 6232 6231
f 6029 6231 6027
f 6031 6233 6232
f 6031 6232 6029
f 6033 6234 6233
f 6033 6233 6031
f 6034 6235 6234
f 6034 6234 6033
f 6038 6236 6235
f 6038 6235 6034
f 6039 6237 6236
f 6039 6236 6038
f 6041 6238 6237
f 6041 6237 6039
f 6043 6238 6041
f 6043 6239 6238
f 6045 6239 6043
f 6045 6240 6239
f 6048 6240 6045
f 6048 6241 6240
f 6049 6241 6048
f 6049 6242 6241
f 6050 6243 6242
f 6050 6242 6049
f 6053 6244 6243
f 6053 6243 6050
f 6055 6245 6244
f 6055 6244 6053
f 6057 6246 6245
f 6057 6245 6055
f 6059 6247 6246
f 6059 6246 6057
f 6061 6248 6247
f 6061 6247 6059
f 6062 6249 6248
f 6062 6248 6061
f 6065 6250 6249
f 6065 6249 6062
f 6067 6251 6250
f 6067 6250 6065
f 6068 6252 6251
f 6068 6251 6067
f 6071 6253 6252
f 6071 6252 6068
f 6074 6254 6253
f 6074 6253 6071
f 6075 6255 6254
f 6075 6254 6074
f 6076 6256 6255
f 6076 6255 6075
f 6078 6257 6256
f 6078 6256 6076
f 6081 6258 6257
f 6081 6257 6078
f 6084 6259 6258
f 6084 6258 6081
f 6085 6260 6259
f 6085 6259 6084
f 6087 6261 6260
f 6087 6260 6085
f 6089 6262 6261
f 6089 6261 6087
f 6091 6262 6089
f 6091 6263 6262
f 6093 6263 6091
f 6093 6264 6263
f 6095 6264 6093
f 6095 6265 6264
f 6097 6265 6095
f 6097 6266 6265
f 6099 6266 6097
f 6099 6267 6266
f 6101 6267 6099
f 6101 6268 6267
f 6103 6268 6101
f 6103 6269 6268
f 6105 6269 6103
f 6105 6270 6269
f 6107 6270 6105
f 6107 6271 6270
f 6109 6271 6107
f 6109 6272 6271
f 6111 6272 6109
f 6111 6273 6272
f 6113 6273 6111
f 6113 6274 6273
f 6115 6274 6113
f 6115 6275 6274
f 6117 6276 6275
f 6117 6275 6115
f 6119 6151 6276
f 6119 6276 6117
f 6229 6230 6232
f 6230 6231 6232
f 6224 6225 6223
f 6233 6234 6237
f 6234 6235 6237
f 6235 6236 6237
f 6223 6225 6221
f 6222 6223 6221
f 6225 6226 6221
f 6237 6238 6239
f 6239 6240 6241
f 6241 6242 6243
f 6221 6226 6216
f 6217 6218 6216
f 6218 6219 6216
f 6219 6220 6216
f 6220 6221 6216
f 6226 6227 6216
f 6227 6228 6216
f 6243 6244 6245
f 6215 6216 6214
f 6243 6245 6246
f 6213 6214 6212
f 6212 6214 6211
f 6214 6216 6211
f 6237 6239 6249
f 6239 6241 6249
f 6241 6243 6249
f 6243 6246 6249
f 6246 6247 6249
f 6247 6248 6249
f 6237 6249 6252
f 6249 6250 6252
f 6250 6251 6252
f 6207 6208 6206
f 6208 6209 6206
f 6209 6210 6206
f 6210 6211 6206
f 6252 6253 6255
f 6253 6254 6255
f 6206 6211 6204
f 6205 6206 6204
f 6255 6256 6258
f 6256 6257 6258
f 6252 6255 6258
f 6229 6232 6258
f 6233 6237 6258
f 6237 6252 6258
f 6228 6229 6258
f 6232 6233 6258
f 6201 6202 6200
f 6202 6203 6200
f 6203 6204 6200
f 6258 6259 6260
f 6258 6260 6261
f 6228 6258 6261
f 6199 6200 6198
f 6198 6200 6197
f 6261 6262 6263
f 6261 6263 6264
f 6196 6197 6195
f 6197 6200 6195
f 6194 6195 6193
f 6264 6265 6267
f 6265 6266 6267
f 6261 6264 6267
f 6261 6267 6268
f 6192 6193 6191
f 6190 6191 6189
f 6189 6191 6188
f 6268 6269 6272
f 6269 6270 6272
f 6270 6271 6272
f 6268 6272 6273
f 6261 6268 6273
f 6187 6188 6186
f 6188 6191 6186
f 6273 6274 6276
f 6274 6275 6276
f 6261 6273 6276
f 6184 6185 6183
f 6185 6186 6183
f 6182 6183 6181
f 6151 6152 6154
f 6152 6153 6154
f 6211 6216 6154
f 6200 6204 6154
f 6204 6211 6154
f 6276 6151 6154
f 6228 6261 6154
f 6195 6200 6154
f 6193 6195 6154
f 6191 6193 6154
f 6216 6228 6154
f 6261 6276 6154
f 6154 6155 6156
f 6154 6156 6157
f 6181 6183 6176
f 6177 6178 6176
f 6178 6179 6176
f 6179 6180 6176
f 6180 6181 6176
f 6176 6183 6175
f 6183 6186 6175
f 6157 6158 6159
f 6159 6160 6161
f 6157 6159 6161
f 6154 6157 6161
f 6173 6174 6172
f 6174 6175 6172
f 6154 6161 6162
f 6154 6162 6163
f 6171 6172 6170
f 6172 6175 6170
f 6163 6164 6165
f 6163 6165 6166
f 6168 6169 6167
f 6169 6170 6167
f 6191 6154 6167
f 6175 6186 6167
f 6154 6163 6167
f 6170 6175 6167
f 6163 6166 6167
f 6186 6191 6167
f 6277 6279 6278
f 6277 6280 6279
f 6277 6281 6280
f 6282 6281 6277
f 6283 6284 6281
f 6283 6281 6282
f 6285 6286 6284
f 6285 6284 6283
f 6287 6288 6286
f 6287 6286 6285
f 6289 6290 6288
f 6289 6291 6290
f 6289 6288 6287
f 6292 6291 6289
f 6293 6294 6291
f 6293 6291 6292
f 6295 6296 6294
f 6295 6297 6296
f 6295 6294 6293
f 6298 6299 6297
f 6298 6297 6295
f 6300 6299 6298
f 6301 6299 6300
f 6301 6302 6299
f 6303 6302 6301
f 6303 6304 6302
f 6303 6305 6304
f 6306 6305 6303
f 6307 6305 6306
f 6307 6308 6305
f 6309 6308 6307
f 6309 6310 6308
f 6309 6311 6310
f 6312 6311 6309
f 6313 6311 6312
f 6313 6314 6311
f 6315 6314 6313
f 6315 6316 6314
f 6317 6316 6315
f 6317 6318 6316
f 6319 6318 6317
f 6319 6320 6318
f 6321 6320 6319
f 6321 6322 6320
f 6323 6324 6322
f 6323 6322 6321
f 6325 6326 6324
f 6325 6324 6323
f 6325 6327 6326
f 6328 6327 6325
f 6329 6330 6327
f 6329 6327 6328
f 6331 6332 6330
f 6331 6330 6329
f 6333 6334 6332
f 6333 6332 6331
f 6335 6336 6334
f 6335 6334 6333
f 6337 6338 6336
f 6337 6336 6335
f 6339 6340 6338
f 6339 6338 6337
f 6341 6342 6340
f 6341 6340 6339
f 6343 6344 6342
f 6343 6342 6341
f 6345 6346 6344
f 6345 6344 6343
f 6347 6348 6346
f 6347 6346 6345
f 6349 6350 6348
f 6349 6348 6347
f 6351 6350 6349
f 6351 6352 6350
f 6351 6353 6352
f 6354 6353 6351
f 6355 6353 6354
f 6355 6356 6353
f 6357 6356 6355
f 6357 6358 6356
f 6357 6359 6358
f 6360 6359 6357
f 6361 6359 6360
f 6361 6362 6359
f 6363 6362 6361
f 6363 6364 6362
f 6363 6365 6364
f 6366 6365 6363
f 6367 6365 6366
f 6367 6368 6365
f 6369 6368 6367
f 6369 6370 6368
f 6371 6370 6369
f 6371 6372 6370
f 6373 6372 6371
f 6373 6374 6372
f 6373 6375 6374
f 6376 6375 6373
f 6377 6375 6376
f 6377 6378 6375
f 6379 6378 6377
f 6379 6380 6378
f 6379 6381 6380
f 6382 6381 6379
f 6382 6383 6381
f 6384 6383 6382
f 6384 6385 6383
f 6386 6385 6384
f 6387 6385 6386
f 6387 6388 6385
f 6387 6389 6388
f 6390 6389 6387
f 6391 6389 6390
f 6391 6392 6389
f 6393 6394 6392
f 6393 6392 6391
f 6395 6396 6394
f 6395 6397 6396
f 6395 6394 6393
f 6398 6397 6395
f 6398 6399 6397
f 6400 6401 6399
f 6400 6399 6398
f 6402 6401 6400
f 6403 6401 6402
f 6403 6404 6401
f 6405 6404 6403
f 6405 6406 6404
f 6407 6406 6405
f 6407 6408 6406
f 6409 6408 6407
f 6409 6410 6408
f 6409 6411 6410
f 6412 6411 6409
f 6412 6413 6411
f 6414 6413 6412
f 6415 6413 6414
f 6415 6416 6413
f 6417 6416 6415
f 6417 6418 6416
f 6417 6419 6418
f 6420 6419 6417
f 6421 6419 6420
f 6421 6422 6419
f 6423 6422 6421
f 6423 6424 6422
f 6423 6425 6424
f 6426 6427 6425
f 6426 6425 6423
f 6428 6427 6426
f 6429 6430 6427
f 6429 6431 6430
f 6429 6427 6428
f 6432 6431 6429
f 6433 6434 6431
f 6433 6431 6432
f 6435 6436 6434
f 6435 6437 6436
f 6435 6434 6433
f 6438 6437 6435
f 6439 6440 6437
f 6439 6441 6440
f 6439 6437 6438
f 6442 6441 6439
f 6443 6444 6441
f 6443 6441 6442
f 6445 6446 6444
f 6445 6444 6443
f 6447 6448 6446
f 6447 6446 6445
f 6449 6450 6448
f 6449 6451 6450
f 6449 6448 6447
f 6452 6451 6449
f 6453 6451 6452
f 6453 6454 6451
f 6455 6454 6453
f 6455 6456 6454
f 6457 6456 6455
f 6457 6458 6456
f 6459 6458 6457
f 6459 6460 6458
f 6461 6462 6460
f 6461 6463 6462
f 6461 6460 6459
f 6464 6463 6461
f 6465 6466 6463
f 6465 6463 6464
f 6467 6468 6466
f 6467 6466 6465
f 6469 6470 6468
f 6469 6468 6467
f 6471 6472 6470
f 6471 6470 6469
f 6473 6474 6472
f 6473 6472 6471
f 6475 6476 6474
f 6475 6474 6473
f 6477 6478 6476
f 6477 6476 6475
f 6479 6480 6478
f 6479 6478 6477
f 6481 6482 6480
f 6481 6483 6482
f 6481 6480 6479
f 6484 6483 6481
f 6485 6486 6483
f 6485 6483 6484
f 6487 6488 6486
f 6487 6486 6485
f 6489 6490 6488
f 6489 6491 6490
f 6489 6488 6487
f 6492 6491 6489
f 6493 6494 6491
f 6493 6491 6492
f 6495 6496 6494
f 6495 6494 6493
f 6497 6498 6496
f 6497 6499 6498
f 6497 6496 6495
f 6500 6499 6497
f 6501 6499 6500
f 6501 6502 6499
f 6503 6502 6501
f 6503 6504 6502
f 6503 6505 6504
f 6506 6505 6503
f 6507 6505 6506
f 6507 6508 6505
f 6507 6509 6508
f 6510 6509 6507
f 6511 6509 6510
f 6511 6512 6509
f 6511 6513 6512
f 6514 6513 6511
f 6514 6515 6513
f 6516 6515 6514
f 6517 6515 6516
f 6517 6518 6515
f 6517 6519 6518
f 6520 6519 6517
f 6521 6519 6520
f 6521 6522 6519
f 6521 6523 6522
f 6524 6523 6521
f 6525 6526 6523
f 6525 6523 6524
f 6525 6527 6526
f 6528 6527 6525
f 6278 6279 6527
f 6278 6527 6528
f 6439 6438 6435
f 6428 6432 6429
f 6449 6439 6435
f 6449 6435 6433
f 6449 6442 6439
f 6449 6443 6442
f 6449 6445 6443
f 6449 6447 6445
f 6420 6423 6421
f 6420 6426 6423
f 6420 6428 6426
f 6415 6420 6417
f 6455 6452 6449
f 6455 6453 6452
f 6409 6414 6412
f 6409 6415 6414
f 6464 6461 6459
f 6398 6402 6400
f 6398 6403 6402
f 6473 6467 6465
f 6473 6469 6467
f 6473 6471 6469
f 6393 6398 6395
f 6479 6473 6465
f 6479 6464 6459
f 6479 6459 6457
f 6479 6465 6464
f 6479 6475 6473
f 6479 6477 6475
f 6481 6479 6457
f 6386 6390 6387
f 6386 6391 6390
f 6485 6484 6481
f 6382 6398 6393
f 6382 6391 6386
f 6382 6432 6428
f 6382 6428 6420
f 6382 6386 6384
f 6382 6449 6433
f 6382 6393 6391
f 6382 6405 6403
f 6382 6420 6415
f 6382 6407 6405
f 6382 6455 6449
f 6382 6409 6407
f 6382 6415 6409
f 6382 6433 6432
f 6382 6457 6455
f 6382 6403 6398
f 6492 6487 6485
f 6492 6489 6487
f 6492 6485 6481
f 6495 6493 6492
f 6373 6377 6376
f 6373 6379 6377
f 6373 6382 6379
f 6497 6495 6492
f 6369 6373 6371
f 6369 6382 6373
f 6501 6500 6497
f 6503 6497 6492
f 6503 6501 6497
f 6366 6369 6367
f 6366 6382 6369
f 6507 6506 6503
f 6507 6503 6492
f 6361 6366 6363
f 6511 6510 6507
f 6511 6507 6492
f 6357 6361 6360
f 6357 6366 6361
f 6516 6514 6511
f 6354 6357 6355
f 6517 6516 6511
f 6351 6357 6354
f 6524 6521 6520
f 6525 6520 6517
f 6525 6517 6511
f 6525 6524 6520
f 6343 6347 6345
f 6343 6349 6347
f 6528 6525 6511
f 6277 6278 6528
f 6335 6339 6337
f 6335 6341 6339
f 6283 6282 6277
f 6283 6277 6528
f 6331 6335 6333
f 6287 6285 6283
f 6329 6335 6331
f 6289 6287 6283
f 6328 6341 6335
f 6328 6343 6341
f 6328 6335 6329
f 6293 6292 6289
f 6323 6328 6325
f 6323 6351 6349
f 6323 6343 6328
f 6323 6349 6343
f 6319 6323 6321
f 6300 6295 6293
f 6300 6298 6295
f 6300 6293 6289
f 6315 6319 6317
f 6315 6323 6319
f 6306 6303 6301
f 6307 6283 6528
f 6307 6301 6300
f 6307 6289 6283
f 6307 6300 6289
f 6307 6306 6301
f 6309 6528 6511
f 6309 6313 6312
f 6309 6315 6313
f 6309 6492 6481
f 6309 6457 6382
f 6309 6351 6323
f 6309 6307 6528
f 6309 6366 6357
f 6309 6382 6366
f 6309 6323 6315
f 6309 6511 6492
f 6309 6481 6457
f 6309 6357 6351
f 6436 6530 6529
f 6434 6436 6529
f 6437 6531 6530
f 6437 6530 6436
f 6431 6434 6529
f 6431 6529 6532
f 6440 6531 6437
f 6440 6533 6531
f 6430 6431 6532
f 6430 6532 6534
f 6441 6535 6533
f 6441 6533 6440
f 6427 6430 6534
f 6427 6534 6536
f 6444 6535 6441
f 6444 6537 6535
f 6444 6538 6537
f 6425 6427 6536
f 6425 6536 6539
f 6446 6538 6444
f 6424 6425 6539
f 6424 6541 6540
f 6424 6539 6541
f 6448 6538 6446
f 6448 6542 6538
f 6422 6424 6540
f 6450 6542 6448
f 6450 6543 6542
f 6419 6422 6540
f 6419 6540 6544
f 6451 6543 6450
f 6451 6545 6543
f 6418 6419 6544
f 6418 6544 6546
f 6454 6545 6451
f 6454 6547 6545
f 6416 6546 6548
f 6416 6418 6546
f 6456 6547 6454
f 6456 6549 6547
f 6413 6551 6550
f 6413 6548 6551
f 6413 6416 6548
f 6458 6549 6456
f 6458 6552 6549
f 6411 6413 6550
f 6460 6552 6458
f 6460 6553 6552
f 6460 6554 6553
f 6410 6550 6555
f 6410 6411 6550
f 6462 6554 6460
f 6408 6410 6555
f 6408 6555 6556
f 6463 6554 6462
f 6463 6557 6554
f 6406 6408 6556
f 6406 6556 6558
f 6466 6557 6463
f 6466 6559 6557
f 6404 6406 6558
f 6404 6558 6560
f 6468 6559 6466
f 6468 6561 6559
f 6401 6404 6560
f 6401 6560 6562
f 6470 6563 6561
f 6470 6561 6468
f 6399 6401 6562
f 6399 6562 6564
f 6472 6563 6470
f 6472 6565 6563
f 6472 6566 6565
f 6397 6399 6564
f 6397 6564 6567
f 6474 6566 6472
f 6396 6397 6567
f 6396 6567 6568
f 6476 6566 6474
f 6476 6569 6566
f 6394 6396 6568
f 6394 6568 6570
f 6478 6572 6571
f 6478 6569 6476
f 6478 6571 6569
f 6392 6394 6570
f 6392 6570 6573
f 6480 6572 6478
f 6389 6392 6573
f 6389 6573 6574
f 6482 6575 6572
f 6482 6572 6480
f 6388 6389 6574
f 6388 6577 6576
f 6388 6574 6577
f 6483 6578 6575
f 6483 6575 6482
f 6385 6388 6576
f 6486 6579 6578
f 6486 6580 6579
f 6486 6578 6483
f 6383 6576 6581
f 6383 6385 6576
f 6488 6582 6580
f 6488 6580 6486
f 6381 6581 6583
f 6381 6383 6581
f 6490 6582 6488
f 6380 6381 6583
f 6380 6583 6584
f 6491 6585 6582
f 6491 6582 6490
f 6378 6587 6586
f 6378 6584 6587
f 6378 6380 6584
f 6494 6588 6585
f 6494 6585 6491
f 6375 6378 6586
f 6496 6589 6588
f 6496 6588 6494
f 6374 6586 6590
f 6374 6375 6586
f 6498 6591 6589
f 6498 6589 6496
f 6372 6374 6590
f 6592 6372 6590
f 6593 6498 6499
f 6593 6591 6498
f 6502 6593 6499
f 6594 6372 6592
f 6594 6370 6372
f 6595 6593 6502
f 6596 6370 6594
f 6596 6368 6370
f 6597 6595 6502
f 6597 6502 6504
f 6597 6504 6505
f 6598 6368 6596
f 6598 6364 6365
f 6598 6365 6368
f 6599 6597 6505
f 6599 6505 6508
f 6600 6364 6598
f 6601 6508 6509
f 6601 6599 6508
f 6602 6364 6600
f 6602 6362 6364
f 6603 6601 6509
f 6604 6362 6602
f 6604 6359 6362
f 6605 6603 6509
f 6605 6509 6512
f 6606 6358 6359
f 6606 6359 6604
f 6607 6605 6512
f 6607 6512 6513
f 6607 6513 6515
f 6608 6356 6358
f 6608 6358 6606
f 6609 6515 6518
f 6609 6607 6515
f 6610 6353 6356
f 6610 6356 6608
f 6611 6609 6518
f 6612 6350 6352
f 6612 6352 6353
f 6612 6353 6610
f 6613 6611 6518
f 6613 6518 6519
f 6614 6350 6612
f 6615 6519 6522
f 6615 6522 6523
f 6615 6613 6519
f 6616 6350 6614
f 6616 6348 6350
f 6617 6615 6523
f 6618 6344 6346
f 6618 6346 6348
f 6618 6348 6616
f 6619 6523 6526
f 6619 6617 6523
f 6620 6344 6618
f 6621 6526 6527
f 6621 6619 6526
f 6622 6342 6344
f 6622 6344 6620
f 6623 6527 6279
f 6623 6621 6527
f 6624 6340 6342
f 6624 6342 6622
f 6625 6623 6279
f 6625 6279 6280
f 6625 6280 6281
f 6626 6338 6340
f 6626 6340 6624
f 6627 6281 6284
f 6627 6625 6281
f 6628 6336 6338
f 6628 6338 6626
f 6629 6627 6284
f 6630 6334 6336
f 6630 6336 6628
f 6631 6284 6286
f 6631 6286 6288
f 6631 6629 6284
f 6632 6334 6630
f 6632 6330 6332
f 6632 6332 6334
f 6633 6631 6288
f 6634 6330 6632
f 6634 6327 6330
f 6635 6288 6290
f 6635 6633 6288
f 6636 6327 6634
f 6637 6635 6290
f 6637 6290 6291
f 6638 6327 6636
f 6638 6324 6326
f 6638 6326 6327
f 6639 6291 6294
f 6639 6294 6296
f 6639 6637 6291
f 6640 6324 6638
f 6640 6322 6324
f 6641 6639 6296
f 6642 6322 6640
f 6643 6296 6297
f 6643 6297 6299
f 6643 6641 6296
f 6644 6318 6320
f 6644 6320 6322
f 6644 6322 6642
f 6645 6643 6299
f 6646 6318 6644
f 6647 6299 6302
f 6647 6645 6299
f 6648 6318 6646
f 6648 6314 6316
f 6648 6316 6318
f 6649 6647 6302
f 6649 6302 6304
f 6650 6314 6648
f 6651 6649 6304
f 6651 6304 6305
f 6652 6311 6314
f 6652 6314 6650
f 6653 6305 6308
f 6653 6651 6305
f 6654 6308 6310
f 6654 6310 6311
f 6654 6311 6652
f 6654 6653 6308
f 6625 6655 6623
f 6625 6656 6655
f 6627 6657 6656
f 6627 6656 6625
f 6629 6658 6657
f 6629 6657 6627
f 6631 6659 6658
f 6631 6658 6629
f 6633 6660 6659
f 6633 6659 6631
f 6635 6661 6660
f 6635 6662 6661
f 6635 6660 6633
f 6637 6662 6635
f 6639 6663 6662
f 6639 6662 6637
f 6641 6664 6663
f 6641 6663 6639
f 6643 6665 6664
f 6643 6664 6641
f 6645 6665 6643
f 6645 6666 6665
f 6647 6666 6645
f 6647 6667 6666
f 6649 6667 6647
f 6649 6668 6667
f 6651 6668 6649
f 6651 6669 6668
f 6653 6669 6651
f 6653 6670 6669
f 6654 6670 6653
f 6654 6671 6670
f 6652 6671 6654
f 6652 6672 6671
f 6650 6672 6652
f 6650 6673 6672
f 6648 6673 6650
f 6648 6674 6673
f 6648 6675 6674
f 6646 6675 6648
f 6646 6676 6675
f 6644 6676 6646
f 6642 6676 6644
f 6642 6677 6676
f 6640 6678 6677
f 6640 6677 6642
f 6638 6679 6678
f 6638 6678 6640
f 6636 6680 6679
f 6636 6679 6638
f 6634 6681 6680
f 6634 6680 6636
f 6632 6682 6681
f 6632 6681 6634
f 6630 6683 6682
f 6630 6682 6632
f 6628 6684 6683
f 6628 6683 6630
f 6626 6685 6684
f 6626 6684 6628
f 6624 6686 6685
f 6624 6685 6626
f 6622 6687 6686
f 6622 6688 6687
f 6622 6686 6624
f 6620 6688 6622
f 6618 6689 6688
f 6618 6688 6620
f 6616 6690 6689
f 6616 6689 6618
f 6614 6691 6690
f 6614 6690 6616
f 6612 6691 6614
f 6612 6692 6691
f 6610 6692 6612
f 6610 6693 6692
f 6608 6693 6610
f 6608 6694 6693
f 6606 6694 6608
f 6606 6695 6694
f 6604 6695 6606
f 6604 6696 6695
f 6604 6697 6696
f 6602 6697 6604
f 6600 6697 6602
f 6600 6698 6697
f 6598 6698 6600
f 6598 6699 6698
f 6596 6699 6598
f 6596 6700 6699
f 6594 6700 6596
f 6594 6701 6700
f 6592 6701 6594
f 6592 6702 6701
f 6590 6702 6592
f 6590 6703 6702
f 6586 6703 6590
f 6586 6704 6703
f 6587 6704 6586
f 6587 6705 6704
f 6584 6705 6587
f 6584 6706 6705
f 6583 6706 6584
f 6583 6707 6706
f 6581 6707 6583
f 6581 6708 6707
f 6576 6708 6581
f 6576 6709 6708
f 6577 6709 6576
f 6577 6710 6709
f 6574 6710 6577
f 6574 6711 6710
f 6573 6711 6574
f 6573 6712 6711
f 6570 6713 6712
f 6570 6712 6573
f 6568 6714 6713
f 6568 6713 6570
f 6567 6715 6714
f 6567 6714 6568
f 6564 6716 6715
f 6564 6715 6567
f 6562 6716 6564
f 6562 6717 6716
f 6560 6717 6562
f 6560 6718 6717
f 6558 6718 6560
f 6558 6719 6718
f 6556 6719 6558
f 6556 6720 6719
f 6555 6720 6556
f 6555 6721 6720
f 6550 6721 6555
f 6550 6722 6721
f 6551 6722 6550
f 6551 6723 6722
f 6548 6723 6551
f 6548 6724 6723
f 6546 6724 6548
f 6546 6725 6724
f 6544 6725 6546
f 6544 6726 6725
f 6540 6726 6544
f 6540 6727 6726
f 6541 6727 6540
f 6541 6728 6727
f 6541 6729 6728
f 6539 6729 6541
f 6536 6730 6729
f 6536 6729 6539
f 6534 6731 6730
f 6534 6730 6536
f 6532 6732 6731
f 6532 6731 6534
f 6529 6733 6732
f 6529 6732 6532
f 6530 6734 6733
f 6530 6733 6529
f 6531 6735 6734
f 6531 6734 6530
f 6533 6736 6735
f 6533 6735 6531
f 6535 6737 6736
f 6535 6736 6533
f 6537 6738 6737
f 6537 6737 6535
f 6538 6739 6738
f 6538 6738 6537
f 6542 6740 6739
f 6542 6739 6538
f 6543 6741 6740
f 6543 6740 6542
f 6545 6742 6741
f 6545 6741 6543
f 6547 6742 6545
f 6547 6743 6742
f 6549 6743 6547
f 6549 6744 6743
f 6552 6744 6549
f 6552 6745 6744
f 6553 6745 6552
f 6553 6746 6745
f 6554 6747 6746
f 6554 6746 6553
f 6557 6748 6747
f 6557 6747 6554
f 6559 6749 6748
f 6559 6748 6557
f 6561 6750 6749
f 6561 6749 6559
f 6563 6751 6750
f 6563 6750 6561
f 6565 6752 6751
f 6565 6751 6563
f 6566 6753 6752
f 6566 6752 6565
f 6569 6754 6753
f 6569 6753 6566
f 6571 6755 6754
f 6571 6754 6569
f 6572 6756 6755
f 6572 6755 6571
f 6575 6757 6756
f 6575 6756 6572
f 6578 6758 6757
f 6578 6757 6575
f 6579 6759 6758
f 6579 6758 6578
f 6580 6760 6759
f 6580 6759 6579
f 6582 6761 6760
f 6582 6760 6580
f 6585 6762 6761
f 6585 6761 6582
f 6588 6763 6762
f 6588 6762 6585
f 6589 6764 6763
f 6589 6763 6588
f 6591 6765 6764
f 6591 6764 6589
f 6593 6766 6765
f 6593 6765 6591
f 6595 6766 6593
f 6595 6767 6766
f 6597 6767 6595
f 6597 6768 6767
f 6599 6768 6597
f 6599 6769 6768
f 6601 6769 6599
f 6601 6770 6769
f 6603 6770 6601
f 6603 6771 6770
f 6605 6771 6603
f 6605 6772 6771
f 6607 6772 6605
f 6607 6773 6772
f 6609 6773 6607
f 6609 6774 6773
f 6611 6774 6609
f 6611 6775 6774
f 6613 6775 6611
f 6613 6776 6775
f 6615 6776 6613
f 6615 6777 6776
f 6617 6777 6615
f 6617 6778 6777
f 6619 6778 6617
f 6619 6779 6778
f 6621 6780 6779
f 6621 6779 6619
f 6623 6655 6780
f 6623 6780 6621
f 6733 6734 6736
f 6734 6735 6736
f 6728 6729 6727
f 6737 6738 6741
f 6738 6739 6741
f 6739 6740 6741
f 6727 6729 6725
f 6726 6727 6725
f 6729 6730 6725
f 6741 6742 6743
f 6743 6744 6745
f 6745 6746 6747
f 6725 6730 6720
f 6721 6722 6720
f 6722 6723 6720
f 6723 6724 6720
f 6724 6725 6720
f 6730 6731 6720
f 6731 6732 6720
f 6747 6748 6749
f 6719 6720 6718
f 6747 6749 6750
f 6717 6718 6716
f 6716 6718 6715
f 6718 6720 6715
f 6741 6743 6753
f 6743 6745 6753
f 6745 6747 6753
f 6747 6750 6753
f 6750 6751 6753
f 6751 6752 6753
f 6741 6753 6756
f 6753 6754 6756
f 6754 6755 6756
f 6711 6712 6710
f 6712 6713 6710
f 6713 6714 6710
f 6714 6715 6710
f 6756 6757 6759
f 6757 6758 6759
f 6710 6715 6708
f 6709 6710 6708
f 6759 6760 6762
f 6760 6761 6762
f 6756 6759 6762
f 6733 6736 6762
f 6737 6741 6762
f 6741 6756 6762
f 6732 6733 6762
f 6736 6737 6762
f 6705 6706 6704
f 6706 6707 6704
f 6707 6708 6704
f 6762 6763 6764
f 6762 6764 6765
f 6732 6762 6765
f 6703 6704 6702
f 6702 6704 6701
f 6765 6766 6767
f 6765 6767 6768
f 6700 6701 6699
f 6701 6704 6699
f 6698 6699 6697
f 6768 6769 6771
f 6769 6770 6771
f 6765 6768 6771
f 6765 6771 6772
f 6696 6697 6695
f 6694 6695 6693
f 6693 6695 6692
f 6772 6773 6776
f 6773 6774 6776
f 6774 6775 6776
f 6772 6776 6777
f 6765 6772 6777
f 6691 6692 6690
f 6692 6695 6690
f 6777 6778 6780
f 6778 6779 6780
f 6765 6777 6780
f 6688 6689 6687
f 6689 6690 6687
f 6686 6687 6685
f 6655 6656 6658
f 6656 6657 6658
f 6715 6720 6658
f 6704 6708 6658
f 6708 6715 6658
f 6780 6655 6658
f 6732 6765 6658
f 6699 6704 6658
f 6697 6699 6658
f 6695 6697 6658
f 6720 6732 6658
f 6765 6780 6658
f 6658 6659 6660
f 6658 6660 6661
f 6685 6687 6680
f 6681 6682 6680
f 6682 6683 6680
f 6683 6684 6680
f 6684 6685 6680
f 6680 6687 6679
f 6687 6690 6679
f 6661 6662 6663
f 6663 6664 6665
f 6661 6663 6665
f 6658 6661 6665
f 6677 6678 6676
f 6678 6679 6676
f 6658 6665 6666
f 6658 6666 6667
f 6675 6676 6674
f 6676 6679 6674
f 6667 6668 6669
f 6667 6669 6670
f 6672 6673 6671
f 6673 6674 6671
f 6695 6658 6671
f 6679 6690 6671
f 6658 6667 6671
f 6674 6679 6671
f 6667 6670 6671
f 6690 6695 6671
f 6781 6783 6782
f 6781 6784 6783
f 6781 6785 6784
f 6786 6785 6781
f 6787 6788 6785
f 6787 6785 6786
f 6789 6790 6788
f 6789 6788 6787
f 6791 6792 6790
f 6791 6790 6789
f 6793 6794 6792
f 6793 6795 6794
f 6793 6792 6791
f 6796 6795 6793
f 6797 6798 6795
f 6797 6795 6796
f 6799 6800 6798
f 6799 6801 6800
f 6799 6798 6797
f 6802 6803 6801
f 6802 6801 6799
f 6804 6803 6802
f 6805 6803 6804
f 6805 6806 6803
f 6807 6806 6805
f 6807 6808 6806
f 6807 6809 6808
f 6810 6809 6807
f 6811 6809 6810
f 6811 6812 6809
f 6813 6812 6811
f 6813 6814 6812
f 6813 6815 6814
f 6816 6815 6813
f 6817 6815 6816
f 6817 6818 6815
f 6819 6818 6817
f 6819 6820 6818
f 6821 6820 6819
f 6821 6822 6820
f 6823 6822 6821
f 6823 6824 6822
f 6825 6824 6823
f 6825 6826 6824
f 6827 6828 6826
f 6827 6826 6825
f 6829 6830 6828
f 6829 6828 6827
f 6829 6831 6830
f 6832 6831 6829
f 6833 6834 6831
f 6833 6831 6832
f 6835 6836 6834
f 6835 6834 6833
f 6837 6838 6836
f 6837 6836 6835
f 6839 6840 6838
f 6839 6838 6837
f 6841 6842 6840
f 6841 6840 6839
f 6843 6844 6842
f 6843 6842 6841
f 6845 6846 6844
f 6845 6844 6843
f 6847 6848 6846
f 6847 6846 6845
f 6849 6850 6848
f 6849 6848 6847
f 6851 6852 6850
f 6851 6850 6849
f 6853 6854 6852
f 6853 6852 6851
f 6855 6854 6853
f 6855 6856 6854
f 6855 6857 6856
f 6858 6857 6855
f 6859 6857 6858
f 6859 6860 6857
f 6861 6860 6859
f 6861 6862 6860
f 6861 6863 6862
f 6864 6863 6861
f 6865 6863 6864
f 6865 6866 6863
f 6867 6866 6865
f 6867 6868 6866
f 6867 6869 6868
f 6870 6869 6867
f 6871 6869 6870
f 6871 6872 6869
f 6873 6872 6871
f 6873 6874 6872
f 6875 6874 6873
f 6875 6876 6874
f 6877 6876 6875
f 6877 6878 6876
f 6877 6879 6878
f 6880 6879 6877
f 6881 6879 6880
f 6881 6882 6879
f 6883 6882 6881
f 6883 6884 6882
f 6883 6885 6884
f 6886 6885 6883
f 6886 6887 6885
f 6888 6887 6886
f 6888 6889 6887
f 6890 6889 6888
f 6891 6889 6890
f 6891 6892 6889
f 6891 6893 6892
f 6894 6893 6891
f 6895 6893 6894
f 6895 6896 6893
f 6897 6898 6896
f 6897 6896 6895
f 6899 6900 6898
f 6899 6901 6900
f 6899 6898 6897
f 6902 6901 6899
f 6902 6903 6901
f 6904 6905 6903
f 6904 6903 6902
f 6906 6905 6904
f 6907 6905 6906
f 6907 6908 6905
f 6909 6908 6907
f 6909 6910 6908
f 6911 6910 6909
f 6911 6912 6910
f 6913 6912 6911
f 6913 6914 6912
f 6913 6915 6914
f 6916 6915 6913
f 6916 6917 6915
f 6918 6917 6916
f 6919 6917 6918
f 6919 6920 6917
f 6921 6920 6919
f 6921 6922 6920
f 6921 6923 6922
f 6924 6923 6921
f 6925 6923 6924
f 6925 6926 6923
f 6927 6926 6925
f 6927 6928 6926
f 6927 6929 6928
f 6930 6931 6929
f 6930 6929 6927
f 6932 6931 6930
f 6933 6934 6931
f 6933 6935 6934
f 6933 6931 6932
f 6936 6935 6933
f 6937 6938 6935
f 6937 6935 6936
f 6939 6940 6938
f 6939 6941 6940
f 6939 6938 6937
f 6942 6941 6939
f 6943 6944 6941
f 6943 6945 6944
f 6943 6941 6942
f 6946 6945 6943
f 6947 6948 6945
f 6947 6945 6946
f 6949 6950 6948
f 6949 6948 6947
f 6951 6952 6950
f 6951 6950 6949
f 6953 6954 6952
f 6953 6955 6954
f 6953 6952 6951
f 6956 6955 6953
f 6957 6955 6956
f 6957 6958 6955
f 6959 6958 6957
f 6959 6960 6958
f 6961 6960 6959
f 6961 6962 6960
f 6963 6962 6961
f 6963 6964 6962
f 6965 6966 6964
f 6965 6967 6966
f 6965 6964 6963
f 6968 6967 6965
f 6969 6970 6967
f 6969 6967 6968
f 6971 6972 6970
f 6971 6970 6969
f 6973 6974 6972
f 6973 6972 6971
f 6975 6976 6974
f 6975 6974 6973
f 6977 6978 6976
f 6977 6976 6975
f 6979 6980 6978
f 6979 6978 6977
f 6981 6982 6980
f 6981 6980 6979
f 6983 6984 6982
f 6983 6982 6981
f 6985 6986 6984
f 6985 6987 6986
f 6985 6984 6983
f 6988 6987 6985
f 6989 6990 6987
f 6989 6987 6988
f 6991 6992 6990
f 6991 6990 6989
f 6993 6994 6992
f 6993 6995 6994
f 6993 6992 6991
f 6996 6995 6993
f 6997 6998 6995
f 6997 6995 6996
f 6999 7000 6998
f 6999 6998 6997
f 7001 7002 7000
f 7001 7003 7002
f 7001 7000 6999
f 7004 7003 7001
f 7005 7003 7004
f 7005 7006 7003
f 7007 7006 7005
f 7007 7008 7006
f 7007 7009 7008
f 7010 7009 7007
f 7011 7009 7010
f 7011 7012 7009
f 7011 7013 7012
f 7014 7013 7011
f 7015 7013 7014
f 7015 7016 7013
f 7015 7017 7016
f 7018 7017 7015
f 7018 7019 7017
f 7020 7019 7018
f 7021 7019 7020
f 7021 7022 7019
f 7021 7023 7022
f 7024 7023 7021
f 7025 7023 7024
f 7025 7026 7023
f 7025 7027 7026
f 7028 7027 7025
f 7029 7030 7027
f 7029 7027 7028
f 7029 7031 7030
f 7032 7031 7029
f 6782 6783 7031
f 6782 7031 7032
f 6943 6942 6939
f 6932 6936 6933
f 6953 6943 6939
f 6953 6939 6937
f 6953 6946 6943
f 6953 6947 6946
f 6953 6949 6947
f 6953 6951 6949
f 6924 6927 6925
f 6924 6930 6927
f 6924 6932 6930
f 6919 6924 6921
f 6959 6956 6953
f 6959 6957 6956
f 6913 6918 6916
f 6913 6919 6918
f 6968 6965 6963
f 6902 6906 6904
f 6902 6907 6906
f 6977 6971 6969
f 6977 6973 6971
f 6977 6975 6973
f 6897 6902 6899
f 6983 6977 6969
f 6983 6968 6963
f 6983 6963 6961
f 6983 6969 6968
f 6983 6979 6977
f 6983 6981 6979
f 6985 6983 6961
f 6890 6894 6891
f 6890 6895 6894
f 6989 6988 6985
f 6886 6902 6897
f 6886 6895 6890
f 6886 6936 6932
f 6886 6932 6924
f 6886 6890 6888
f 6886 6953 6937
f 6886 6897 6895
f 6886 6909 6907
f 6886 6924 6919
f 6886 6911 6909
f 6886 6959 6953
f 6886 6913 6911
f 6886 6919 6913
f 6886 6937 6936
f 6886 6961 6959
f 6886 6907 6902
f 6996 6991 6989
f 6996 6993 6991
f 6996 6989 6985
f 6999 6997 6996
f 6877 6881 6880
f 6877 6883 6881
f 6877 6886 6883
f 7001 6999 6996
f 6873 6877 6875
f 6873 6886 6877
f 7005 7004 7001
f 7007 7001 6996
f 7007 7005 7001
f 6870 6873 6871
f 6870 6886 6873
f 7011 7010 7007
f 7011 7007 6996
f 6865 6870 6867
f 7015 7014 7011
f 7015 7011 6996
f 6861 6865 6864
f 6861 6870 6865
f 7020 7018 7015
f 6858 6861 6859
f 7021 7020 7015
f 6855 6861 6858
f 7028 7025 7024
f 7029 7024 7021
f 7029 7021 7015
f 7029 7028 7024
f 6847 6851 6849
f 6847 6853 6851
f 7032 7029 7015
f 6781 6782 7032
f 6839 6843 6841
f 6839 6845 6843
f 6787 6786 6781
f 6787 6781 7032
f 6835 6839 6837
f 6791 6789 6787
f 6833 6839 6835
f 6793 6791 6787
f 6832 6845 6839
f 6832 6847 6845
f 6832 6839 6833
f 6797 6796 6793
f 6827 6832 6829
f 6827 6855 6853
f 6827 6847 6832
f 6827 6853 6847
f 6823 6827 6825
f 6804 6799 6797
f 6804 6802 6799
f 6804 6797 6793
f 6819 6823 6821
f 6819 6827 6823
f 6810 6807 6805
f 6811 6787 7032
f 6811 6805 6804
f 6811 6793 6787
f 6811 6804 6793
f 6811 6810 6805
f 6813 7032 7015
f 6813 6817 6816
f 6813 6819 6817
f 6813 6996 6985
f 6813 6961 6886
f 6813 6855 6827
f 6813 6811 7032
f 6813 6870 6861
f 6813 6886 6870
f 6813 6827 6819
f 6813 7015 6996
f 6813 6985 6961
f 6813 6861 6855
f 6938 6940 7033
f 6938 7033 7034
f 6941 7033 6940
f 6941 7035 7033
f 6935 6938 7034
f 6935 7034 7036
f 6944 7035 6941
f 6944 7037 7035
f 6934 6935 7036
f 6934 7036 7038
f 6945 7039 7037
f 6945 7037 6944
f 6931 6934 7038
f 6931 7038 7040
f 6948 7039 6945
f 6948 7041 7039
f 6929 6931 7040
f 6929 7040 7042
f 6950 7041 6948
f 6950 7043 7041
f 6928 6929 7042
f 6928 7042 7044
f 6952 7043 6950
f 6952 7045 7043
f 6926 6928 7044
f 6926 7044 7046
f 6954 7045 6952
f 6954 7047 7045
f 6923 6926 7046
f 6923 7046 7048
f 6955 7049 7047
f 6955 7047 6954
f 6922 6923 7048
f 6922 7048 7050
f 6958 7049 6955
f 6958 7051 7049
f 6920 7050 7052
f 6920 6922 7050
f 6960 7053 7051
f 6960 7051 6958
f 6917 6920 7052
f 6917 7052 7054
f 6962 7055 7053
f 6962 7053 6960
f 6915 7054 7056
f 6915 6917 7054
f 6964 7055 6962
f 6964 7057 7055
f 6914 6915 7056
f 6914 7056 7058
f 6966 7057 6964
f 6966 7059 7057
f 6912 7058 7060
f 6912 6914 7058
f 6967 7059 6966
f 6967 7061 7059
f 6910 7060 7062
f 6910 6912 7060
f 6970 7063 7061
f 6970 7061 6967
f 6908 7062 7064
f 6908 6910 7062
f 6972 7063 6970
f 6972 7065 7063
f 6905 7064 7066
f 6905 6908 7064
f 6974 7065 6972
f 6974 7067 7065
f 6903 7069 7068
f 6903 7066 7069
f 6903 6905 7066
f 6976 7067 6974
f 6976 7070 7067
f 6901 6903 7068
f 6978 7070 6976
f 6978 7071 7070
f 6900 6901 7068
f 6900 7068 7072
f 6980 7071 6978
f 6980 7073 7071
f 6898 7072 7074
f 6898 6900 7072
f 6982 7076 7075
f 6982 7073 6980
f 6982 7075 7073
f 6896 6898 7074
f 6896 7074 7077
f 6984 7076 6982
f 6893 6896 7077
f 6893 7077 7078
f 6986 7079 7076
f 6986 7076 6984
f 6892 6893 7078
f 6892 7078 7080
f 6987 7081 7079
f 6987 7082 7081
f 6987 7079 6986
f 6889 7080 7083
f 6889 6892 7080
f 6990 7082 6987
f 6887 7083 7084
f 6887 6889 7083
f 6992 7085 7082
f 6992 7082 6990
f 6885 6887 7084
f 6885 7084 7086
f 6994 7087 7085
f 6994 7085 6992
f 6884 7086 7088
f 6884 6885 7086
f 6995 7089 7087
f 6995 7087 6994
f 6882 7088 7090
f 6882 6884 7088
f 6998 7091 7089
f 6998 7089 6995
f 6879 7090 7092
f 6879 6882 7090
f 7000 7093 7091
f 7000 7091 6998
f 6878 7092 7094
f 6878 6879 7092
f 7002 7095 7093
f 7002 7093 7000
f 7096 6876 6878
f 7096 6878 7094
f 7097 7002 7003
f 7097 7095 7002
f 7098 6876 7096
f 7098 6874 6876
f 6872 6874 7098
f 7099 7097 7003
f 7099 7003 7006
f 7100 6872 7098
f 7101 7006 7008
f 7101 7008 7009
f 7101 7099 7006
f 7102 6872 7100
f 7102 6869 6872
f 7103 7101 7009
f 7104 6869 7102
f 7104 6868 6869
f 7105 7103 7009
f 7105 7009 7012
f 7105 7012 7013
f 7106 6868 7104
f 7106 6863 6866
f 7106 6866 6868
f 7107 7105 7013
f 7108 6863 7106
f 7109 7107 7013
f 7109 7013 7016
f 7110 6863 7108
f 7110 6862 6863
f 7111 7016 7017
f 7111 7017 7019
f 7111 7109 7016
f 7112 6860 6862
f 7112 6862 7110
f 7113 7019 7022
f 7113 7111 7019
f 7114 6857 6860
f 7114 6860 7112
f 7115 7022 7023
f 7115 7113 7022
f 7116 6856 6857
f 7116 6857 7114
f 7117 7115 7023
f 7118 6856 7116
f 7118 6854 6856
f 7119 7117 7023
f 7119 7023 7026
f 7120 6854 7118
f 7120 6852 6854
f 7121 7119 7026
f 7121 7026 7027
f 7121 7027 7030
f 7122 6850 6852
f 7122 6852 7120
f 7123 7030 7031
f 7123 7121 7030
f 7124 6848 6850
f 7124 6850 7122
f 7125 7031 6783
f 7125 7123 7031
f 7126 6848 7124
f 7126 6846 6848
f 7127 7125 6783
f 7128 6844 6846
f 7128 6846 7126
f 7129 6783 6784
f 7129 6784 6785
f 7129 7127 6783
f 7130 6844 7128
f 7130 6842 6844
f 7131 6785 6788
f 7131 7129 6785
f 7132 6838 6840
f 7132 6840 6842
f 7132 6842 7130
f 7133 6788 6790
f 7133 7131 6788
f 7134 6838 7132
f 7135 6790 6792
f 7135 7133 6790
f 7136 6838 7134
f 7136 6836 6838
f 7137 7135 6792
f 7138 6836 7136
f 7138 6834 6836
f 7139 7137 6792
f 7139 6792 6794
f 7140 6834 7138
f 7140 6831 6834
f 7141 7139 6794
f 7141 6794 6795
f 7141 6795 6798
f 7142 6831 7140
f 7142 6828 6830
f 7142 6830 6831
f 7143 7141 6798
f 7144 6828 7142
f 7144 6826 6828
f 7145 7143 6798
f 7145 6798 6800
f 7146 6826 7144
f 7146 6824 6826
f 7147 7145 6800
f 7147 6800 6801
f 7148 6824 7146
f 7149 7147 6801
f 7149 6801 6803
f 7150 6824 7148
f 7150 6822 6824
f 7151 6803 6806
f 7151 6806 6808
f 7151 7149 6803
f 7152 6822 7150
f 7152 6820 6822
f 7153 7151 6808
f 7154 6820 7152
f 7154 6818 6820
f 7155 7153 6808
f 7155 6808 6809
f 7156 6815 6818
f 7156 6818 7154
f 7157 6809 6812
f 7157 7155 6809
f 7158 6812 6814
f 7158 6814 6815
f 7158 6815 7156
f 7158 7157 6812
f 7129 7159 7127
f 7129 7160 7159
f 7131 7161 7160
f 7131 7160 7129
f 7133 7162 7161
f 7133 7161 7131
f 7135 7163 7162
f 7135 7162 7133
f 7137 7164 7163
f 7137 7163 7135
f 7139 7165 7164
f 7139 7166 7165
f 7139 7164 7137
f 7141 7166 7139
f 7143 7167 7166
f 7143 7166 7141
f 7145 7168 7167
f 7145 7167 7143
f 7147 7169 7168
f 7147 7168 7145
f 7149 7169 7147
f 7149 7170 7169
f 7151 7170 7149
f 7151 7171 7170
f 7153 7171 7151
f 7153 7172 7171
f 7155 7172 7153
f 7155 7173 7172
f 7157 7173 7155
f 7157 7174 7173
f 7158 7174 7157
f 7158 7175 7174
f 7156 7175 7158
f 7156 7176 7175
f 7154 7176 7156
f 7154 7177 7176
f 7152 7177 7154
f 7152 7178 7177
f 7152 7179 7178
f 7150 7179 7152
f 7150 7180 7179
f 7148 7180 7150
f 7146 7180 7148
f 7146 7181 7180
f 7144 7182 7181
f 7144 7181 7146
f 7142 7183 7182
f 7142 7182 7144
f 7140 7184 7183
f 7140 7183 7142
f 7138 7185 7184
f 7138 7184 7140
f 7136 7186 7185
f 7136 7185 7138
f 7134 7187 7186
f 7134 7186 7136
f 7132 7188 7187
f 7132 7187 7134
f 7130 7189 7188
f 7130 7188 7132
f 7128 7190 7189
f 7128 7189 7130
f 7126 7191 7190
f 7126 7192 7191
f 7126 7190 7128
f 7124 7192 7126
f 7122 7193 7192
f 7122 7192 7124
f 7120 7194 7193
f 7120 7193 7122
f 7118 7195 7194
f 7118 7194 7120
f 7116 7195 7118
f 7116 7196 7195
f 7114 7196 7116
f 7114 7197 7196
f 7112 7197 7114
f 7112 7198 7197
f 7110 7198 7112
f 7110 7199 7198
f 7108 7199 7110
f 7108 7200 7199
f 7108 7201 7200
f 7106 7201 7108
f 7104 7201 7106
f 7104 7202 7201
f 7102 7202 7104
f 7102 7203 7202
f 7100 7203 7102
f 7100 7204 7203
f 7098 7204 7100
f 7098 7205 7204
f 7096 7205 7098
f 7096 7206 7205
f 7094 7206 7096
f 7094 7207 7206
f 7092 7207 7094
f 7092 7208 7207
f 7090 7208 7092
f 7090 7209 7208
f 7088 7209 7090
f 7088 7210 7209
f 7086 7210 7088
f 7086 7211 7210
f 7084 7211 7086
f 7084 7212 7211
f 7083 7212 7084
f 7083 7213 7212
f 7080 7213 7083
f 7080 7214 7213
f 7078 7214 7080
f 7078 7215 7214
f 7077 7215 7078
f 7077 7216 7215
f 7074 7217 7216
f 7074 7216 7077
f 7072 7218 7217
f 7072 7217 7074
f 7068 7219 7218
f 7068 7218 7072
f 7069 7220 7219
f 7069 7219 7068
f 7066 7220 7069
f 7066 7221 7220
f 7064 7221 7066
f 7064 7222 7221
f 7062 7222 7064
f 7062 7223 7222
f 7060 7223 7062
f 7060 7224 7223
f 7058 7224 7060
f 7058 7225 7224
f 7056 7225 7058
f 7056 7226 7225
f 7054 7226 7056
f 7054 7227 7226
f 7052 7227 7054
f 7052 7228 7227
f 7050 7228 7052
f 7050 7229 7228
f 7048 7229 7050
f 7048 7230 7229
f 7046 7230 7048
f 7046 7231 7230
f 7044 7231 7046
f 7044 7232 7231
f 7044 7233 7232
f 7042 7233 7044
f 7040 7234 7233
f 7040 7233 7042
f 7038 7235 7234
f 7038 7234 7040
f 7036 7236 7235
f 7036 7235 7038
f 7034 7237 7236
f 7034 7236 7036
f 7033 7238 7237
f 7033 7237 7034
f 7035 7239 7238
f 7035 7238 7033
f 7037 7240 7239
f 7037 7239 7035
f 7039 7241 7240
f 7039 7240 7037
f 7041 7242 7241
f 7041 7241 7039
f 7043 7243 7242
f 7043 7242 7041
f 7045 7244 7243
f 7045 7243 7043
f 7047 7245 7244
f 7047 7244 7045
f 7049 7246 7245
f 7049 7245 7047
f 7051 7246 7049
f 7051 7247 7246
f 7053 7247 7051
f 7053 7248 7247
f 7055 7248 7053
f 7055 7249 7248
f 7057 7249 7055
f 7057 7250 7249
f 7059 7251 7250
f 7059 7250 7057
f 7061 7252 7251
f 7061 7251 7059
f 7063 7253 7252
f 7063 7252 7061
f 7065 7254 7253
f 7065 7253 7063
f 7067 7255 7254
f 7067 7254 7065
f 7070 7256 7255
f 7070 7255 7067
f 7071 7257 7256
f 7071 7256 7070
f 7073 7258 7257
f 7073 7257 7071
f 7075 7259 7258
f 7075 7258 7073
f 7076 7260 7259
f 7076 7259 7075
f 7079 7261 7260
f 7079 7260 7076
f 7081 7262 7261
f 7081 7261 7079
f 7082 7263 7262
f 7082 7262 7081
f 7085 7264 7263
f 7085 7263 7082
f 7087 7265 7264
f 7087 7264 7085
f 7089 7266 7265
f 7089 7265 7087
f 7091 7267 7266
f 7091 7266 7089
f 7093 7268 7267
f 7093 7267 7091
f 7095 7269 7268
f 7095 7268 7093
f 7097 7270 7269
f 7097 7269 7095
f 7099 7270 7097
f 7099 7271 7270
f 7101 7271 7099
f 7101 7272 7271
f 7103 7272 7101
f 7103 7273 7272
f 7105 7273 7103
f 7105 7274 7273
f 7107 7274 7105
f 7107 7275 7274
f 7109 7275 7107
f 7109 7276 7275
f 7111 7276 7109
f 7111 7277 7276
f 7113 7277 7111
f 7113 7278 7277
f 7115 7278 7113
f 7115 7279 7278
f 7117 7279 7115
f 7117 7280 7279
f 7119 7280 7117
f 7119 7281 7280
f 7121 7281 7119
f 7121 7282 7281
f 7123 7282 7121
f 7123 7283 7282
f 7125 7284 7283
f 7125 7283 7123
f 7127 7159 7284
f 7127 7284 7125
f 7237 7238 7241
f 7238 7239 7241
f 7239 7240 7241
f 7234 7235 7233
f 7235 7236 7233
f 7232 7233 7231
f 7237 7241 7229
f 7233 7236 7229
f 7231 7233 7229
f 7230 7231 7229
f 7236 7237 7229
f 7241 7242 7229
f 7242 7243 7229
f 7245 7246 7247
f 7247 7248 7249
f 7245 7247 7250
f 7247 7249 7250
f 7244 7245 7250
f 7226 7227 7225
f 7227 7228 7225
f 7251 7252 7253
f 7223 7224 7222
f 7221 7222 7220
f 7220 7222 7219
f 7244 7250 7257
f 7243 7244 7257
f 7251 7253 7257
f 7250 7251 7257
f 7253 7254 7257
f 7254 7255 7257
f 7255 7256 7257
f 7257 7258 7259
f 7217 7218 7216
f 7218 7219 7216
f 7257 7259 7260
f 7216 7219 7214
f 7215 7216 7214
f 7261 7262 7263
f 7261 7263 7264
f 7260 7261 7265
f 7261 7264 7265
f 7219 7222 7208
f 7209 7210 7208
f 7210 7211 7208
f 7211 7212 7208
f 7212 7213 7208
f 7213 7214 7208
f 7224 7225 7208
f 7225 7228 7208
f 7222 7224 7208
f 7214 7219 7208
f 7207 7208 7206
f 7266 7267 7270
f 7267 7268 7270
f 7268 7269 7270
f 7265 7266 7272
f 7270 7271 7272
f 7266 7270 7272
f 7260 7265 7272
f 7204 7205 7203
f 7205 7206 7203
f 7260 7272 7273
f 7260 7273 7274
f 7203 7206 7201
f 7202 7203 7201
f 7257 7260 7275
f 7260 7274 7275
f 7206 7208 7200
f 7201 7206 7200
f 7257 7275 7276
f 7198 7199 7197
f 7199 7200 7197
f 7276 7277 7279
f 7277 7278 7279
f 7200 7208 7196
f 7197 7200 7196
f 7276 7279 7280
f 7276 7280 7281
f 7195 7196 7194
f 7276 7281 7284
f 7281 7282 7284
f 7282 7283 7284
f 7276 7284 7159
f 7191 7192 7190
f 7192 7193 7190
f 7276 7159 7160
f 7229 7243 7160
f 7228 7229 7160
f 7257 7276 7160
f 7243 7257 7160
f 7190 7193 7187
f 7188 7189 7187
f 7189 7190 7187
f 7193 7194 7187
f 7160 7161 7164
f 7161 7162 7164
f 7162 7163 7164
f 7186 7187 7185
f 7228 7160 7165
f 7160 7164 7165
f 7184 7185 7183
f 7183 7185 7182
f 7165 7166 7168
f 7166 7167 7168
f 7182 7185 7181
f 7185 7187 7180
f 7181 7185 7180
f 7168 7169 7170
f 7165 7168 7170
f 7180 7187 7179
f 7165 7170 7171
f 7178 7179 7177
f 7177 7179 7176
f 7171 7172 7174
f 7172 7173 7174
f 7165 7171 7174
f 7194 7196 7175
f 7187 7194 7175
f 7228 7165 7175
f 7179 7187 7175
f 7208 7228 7175
f 7176 7179 7175
f 7165 7174 7175
f 7196 7208 7175
f 7285 7287 7286
f 7285 7288 7287
f 7285 7289 7288
f 7290 7289 7285
f 7291 7292 7289
f 7291 7289 7290
f 7293 7294 7292
f 7293 7292 7291
f 7295 7296 7294
f 7295 7294 7293
f 7297 7298 7296
f 7297 7299 7298
f 7297 7296 7295
f 7300 7299 7297
f 7301 7302 7299
f 7301 7299 7300
f 7303 7304 7302
f 7303 7305 7304
f 7303 7302 7301
f 7306 7307 7305
f 7306 7305 7303
f 7308 7307 7306
f 7309 7307 7308
f 7309 7310 7307
f 7311 7310 7309
f 7311 7312 7310
f 7311 7313 7312
f 7314 7313 7311
f 7315 7313 7314
f 7315 7316 7313
f 7317 7316 7315
f 7317 7318 7316
f 7317 7319 7318
f 7320 7319 7317
f 7321 7319 7320
f 7321 7322 7319
f 7323 7322 7321
f 7323 7324 7322
f 7325 7324 7323
f 7325 7326 7324
f 7327 7326 7325
f 7327 7328 7326
f 7329 7328 7327
f 7329 7330 7328
f 7331 7332 7330
f 7331 7330 7329
f 7333 7334 7332
f 7333 7332 7331
f 7333 7335 7334
f 7336 7335 7333
f 7337 7338 7335
f 7337 7335 7336
f 7339 7340 7338
f 7339 7338 7337
f 7341 7342 7340
f 7341 7340 7339
f 7343 7344 7342
f 7343 7342 7341
f 7345 7346 7344
f 7345 7344 7343
f 7347 7348 7346
f 7347 7346 7345
f 7349 7350 7348
f 7349 7348 7347
f 7351 7352 7350
f 7351 7350 7349
f 7353 7354 7352
f 7353 7352 7351
f 7355 7356 7354
f 7355 7354 7353
f 7357 7358 7356
f 7357 7356 7355
f 7359 7358 7357
f 7359 7360 7358
f 7359 7361 7360
f 7362 7361 7359
f 7363 7361 7362
f 7363 7364 7361
f 7365 7364 7363
f 7365 7366 7364
f 7365 7367 7366
f 7368 7367 7365
f 7369 7367 7368
f 7369 7370 7367
f 7371 7370 7369
f 7371 7372 7370
f 7371 7373 7372
f 7374 7373 7371
f 7375 7373 7374
f 7375 7376 7373
f 7377 7376 7375
f 7377 7378 7376
f 7379 7378 7377
f 7379 7380 7378
f 7381 7380 7379
f 7381 7382 7380
f 7381 7383 7382
f 7384 7383 7381
f 7385 7383 7384
f 7385 7386 7383
f 7387 7386 7385
f 7387 7388 7386
f 7387 7389 7388
f 7390 7389 7387
f 7390 7391 7389
f 7392 7391 7390
f 7392 7393 7391
f 7394 7393 7392
f 7395 7393 7394
f 7395 7396 7393
f 7395 7397 7396
f 7398 7397 7395
f 7399 7397 7398
f 7399 7400 7397
f 7401 7402 7400
f 7401 7400 7399
f 7403 7404 7402
f 7403 7405 7404
f 7403 7402 7401
f 7406 7405 7403
f 7406 7407 7405
f 7408 7409 7407
f 7408 7407 7406
f 7410 7409 7408
f 7411 7409 7410
f 7411 7412 7409
f 7413 7412 7411
f 7413 7414 7412
f 7415 7414 7413
f 7415 7416 7414
f 7417 7416 7415
f 7417 7418 7416
f 7417 7419 7418
f 7420 7419 7417
f 7420 7421 7419
f 7422 7421 7420
f 7423 7421 7422
f 7423 7424 7421
f 7425 7424 7423
f 7425 7426 7424
f 7425 7427 7426
f 7428 7427 7425
f 7429 7427 7428
f 7429 7430 7427
f 7431 7430 7429
f 7431 7432 7430
f 7431 7433 7432
f 7434 7435 7433
f 7434 7433 7431
f 7436 7435 7434
f 7437 7438 7435
f 7437 7439 7438
f 7437 7435 7436
f 7440 7439 7437
f 7441 7442 7439
f 7441 7439 7440
f 7443 7444 7442
f 7443 7445 7444
f 7443 7442 7441
f 7446 7445 7443
f 7447 7448 7445
f 7447 7449 7448
f 7447 7445 7446
f 7450 7449 7447
f 7451 7452 7449
f 7451 7449 7450
f 7453 7454 7452
f 7453 7452 7451
f 7455 7456 7454
f 7455 7454 7453
f 7457 7458 7456
f 7457 7459 7458
f 7457 7456 7455
f 7460 7459 7457
f 7461 7459 7460
f 7461 7462 7459
f 7463 7462 7461
f 7463 7464 7462
f 7465 7464 7463
f 7465 7466 7464
f 7467 7466 7465
f 7467 7468 7466
f 7469 7470 7468
f 7469 7471 7470
f 7469 7468 7467
f 7472 7471 7469
f 7473 7474 7471
f 7473 7471 7472
f 7475 7476 7474
f 7475 7474 7473
f 7477 7478 7476
f 7477 7476 7475
f 7479 7480 7478
f 7479 7478 7477
f 7481 7482 7480
f 7481 7480 7479
f 7483 7484 7482
f 7483 7482 7481
f 7485 7486 7484
f 7485 7484 7483
f 7487 7488 7486
f 7487 7486 7485
f 7489 7490 7488
f 7489 7491 7490
f 7489 7488 7487
f 7492 7491 7489
f 7493 7494 7491
f 7493 7491 7492
f 7495 7496 7494
f 7495 7494 7493
f 7497 7498 7496
f 7497 7499 7498
f 7497 7496 7495
f 7500 7499 7497
f 7501 7502 7499
f 7501 7499 7500
f 7503 7504 7502
f 7503 7502 7501
f 7505 7506 7504
f 7505 7507 7506
f 7505 7504 7503
f 7508 7507 7505
f 7509 7507 7508
f 7509 7510 7507
f 7511 7510 7509
f 7511 7512 7510
f 7511 7513 7512
f 7514 7513 7511
f 7515 7513 7514
f 7515 7516 7513
f 7515 7517 7516
f 7518 7517 7515
f 7519 7517 7518
f 7519 7520 7517
f 7519 7521 7520
f 7522 7521 7519
f 7522 7523 7521
f 7524 7523 7522
f 7525 7523 7524
f 7525 7526 7523
f 7525 7527 7526
f 7528 7527 7525
f 7529 7527 7528
f 7529 7530 7527
f 7529 7531 7530
f 7532 7531 7529
f 7533 7534 7531
f 7533 7531 7532
f 7533 7535 7534
f 7536 7535 7533
f 7286 7287 7535
f 7286 7535 7536
f 7447 7446 7443
f 7436 7440 7437
f 7457 7447 7443
f 7457 7443 7441
f 7457 7450 7447
f 7457 7451 7450
f 7457 7453 7451
f 7457 7455 7453
f 7428 7431 7429
f 7428 7434 7431
f 7428 7436 7434
f 7423 7428 7425
f 7463 7460 7457
f 7463 7461 7460
f 7417 7422 7420
f 7417 7423 7422
f 7472 7469 7467
f 7406 7410 7408
f 7406 7411 7410
f 7481 7475 7473
f 7481 7477 7475
f 7481 7479 7477
f 7401 7406 7403
f 7487 7481 7473
f 7487 7472 7467
f 7487 7467 7465
f 7487 7473 7472
f 7487 7483 7481
f 7487 7485 7483
f 7489 7487 7465
f 7394 7398 7395
f 7394 7399 7398
f 7493 7492 7489
f 7390 7406 7401
f 7390 7399 7394
f 7390 7440 7436
f 7390 7436 7428
f 7390 7394 7392
f 7390 7457 7441
f 7390 7401 7399
f 7390 7413 7411
f 7390 7428 7423
f 7390 7415 7413
f 7390 7463 7457
f 7390 7417 7415
f 7390 7423 7417
f 7390 7441 7440
f 7390 7465 7463
f 7390 7411 7406
f 7500 7495 7493
f 7500 7497 7495
f 7500 7493 7489
f 7503 7501 7500
f 7381 7385 7384
f 7381 7387 7385
f 7381 7390 7387
f 7505 7503 7500
f 7377 7381 7379
f 7377 7390 7381
f 7509 7508 7505
f 7511 7505 7500
f 7511 7509 7505
f 7374 7377 7375
f 7374 7390 7377
f 7515 7514 7511
f 7515 7511 7500
f 7369 7374 7371
f 7519 7518 7515
f 7519 7515 7500
f 7365 7369 7368
f 7365 7374 7369
f 7524 7522 7519
f 7362 7365 7363
f 7525 7524 7519
f 7359 7365 7362
f 7532 7529 7528
f 7533 7528 7525
f 7533 7525 7519
f 7533 7532 7528
f 7351 7355 7353
f 7351 7357 7355
f 7536 7533 7519
f 7285 7286 7536
f 7343 7347 7345
f 7343 7349 7347
f 7291 7290 7285
f 7291 7285 7536
f 7339 7343 7341
f 7295 7293 7291
f 7337 7343 7339
f 7297 7295 7291
f 7336 7349 7343
f 7336 7351 7349
f 7336 7343 7337
f 7301 7300 7297
f 7331 7336 7333
f 7331 7359 7357
f 7331 7351 7336
f 7331 7357 7351
f 7327 7331 7329
f 7308 7303 7301
f 7308 7306 7303
f 7308 7301 7297
f 7323 7327 7325
f 7323 7331 7327
f 7314 7311 7309
f 7315 7291 7536
f 7315 7309 7308
f 7315 7297 7291
f 7315 7308 7297
f 7315 7314 7309
f 7317 7536 7519
f 7317 7321 7320
f 7317 7323 7321
f 7317 7500 7489
f 7317 7465 7390
f 7317 7359 7331
f 7317 7315 7536
f 7317 7374 7365
f 7317 7390 7374
f 7317 7331 7323
f 7317 7519 7500
f 7317 7489 7465
f 7317 7365 7359
f 7442 7444 7537
f 7442 7537 7538
f 7445 7537 7444
f 7445 7539 7537
f 7439 7442 7538
f 7439 7538 7540
f 7448 7539 7445
f 7448 7541 7539
f 7438 7439 7540
f 7438 7540 7542
f 7449 7543 7541
f 7449 7541 7448
f 7435 7438 7542
f 7435 7542 7544
f 7452 7543 7449
f 7452 7545 7543
f 7433 7435 7544
f 7433 7544 7546
f 7454 7545 7452
f 7454 7547 7545
f 7432 7433 7546
f 7432 7546 7548
f 7456 7547 7454
f 7456 7549 7547
f 7430 7432 7548
f 7430 7548 7550
f 7458 7549 7456
f 7458 7551 7549
f 7427 7430 7550
f 7427 7550 7552
f 7459 7553 7551
f 7459 7551 7458
f 7426 7427 7552
f 7426 7552 7554
f 7462 7553 7459
f 7462 7555 7553
f 7424 7554 7556
f 7424 7426 7554
f 7464 7557 7555
f 7464 7555 7462
f 7421 7424 7556
f 7421 7556 7558
f 7466 7559 7557
f 7466 7557 7464
f 7419 7558 7560
f 7419 7421 7558
f 7468 7559 7466
f 7468 7561 7559
f 7418 7419 7560
f 7418 7560 7562
f 7470 7561 7468
f 7470 7563 7561
f 7416 7562 7564
f 7416 7418 7562
f 7471 7563 7470
f 7471 7565 7563
f 7414 7564 7566
f 7414 7416 7564
f 7474 7567 7565
f 7474 7565 7471
f 7412 7566 7568
f 7412 7414 7566
f 7476 7567 7474
f 7476 7569 7567
f 7409 7568 7570
f 7409 7412 7568
f 7478 7569 7476
f 7478 7571 7569
f 7407 7573 7572
f 7407 7570 7573
f 7407 7409 7570
f 7480 7571 7478
f 7480 7574 7571
f 7405 7407 7572
f 7482 7574 7480
f 7482 7575 7574
f 7404 7405 7572
f 7404 7572 7576
f 7484 7575 7482
f 7484 7577 7575
f 7402 7576 7578
f 7402 7404 7576
f 7486 7580 7579
f 7486 7577 7484
f 7486 7579 7577
f 7400 7402 7578
f 7400 7578 7581
f 7488 7580 7486
f 7397 7400 7581
f 7397 7581 7582
f 7490 7583 7580
f 7490 7580 7488
f 7396 7397 7582
f 7396 7582 7584
f 7491 7585 7583
f 7491 7586 7585
f 7491 7583 7490
f 7393 7584 7587
f 7393 7396 7584
f 7494 7586 7491
f 7391 7587 7588
f 7391 7393 7587
f 7496 7589 7586
f 7496 7586 7494
f 7389 7391 7588
f 7389 7588 7590
f 7498 7591 7589
f 7498 7589 7496
f 7388 7590 7592
f 7388 7389 7590
f 7499 7593 7591
f 7499 7591 7498
f 7386 7592 7594
f 7386 7388 7592
f 7502 7595 7593
f 7502 7593 7499
f 7383 7594 7596
f 7383 7386 7594
f 7504 7597 7595
f 7504 7595 7502
f 7382 7596 7598
f 7382 7383 7596
f 7506 7599 7597
f 7506 7597 7504
f 7600 7380 7382
f 7600 7382 7598
f 7601 7506 7507
f 7601 7599 7506
f 7602 7380 7600
f 7602 7378 7380
f 7376 7378 7602
f 7603 7601 7507
f 7603 7507 7510
f 7604 7376 7602
f 7605 7510 7512
f 7605 7512 7513
f 7605 7603 7510
f 7606 7376 7604
f 7606 7373 7376
f 7607 7605 7513
f 7608 7373 7606
f 7608 7372 7373
f 7609 7607 7513
f 7609 7513 7516
f 7609 7516 7517
f 7610 7372 7608
f 7610 7367 7370
f 7610 7370 7372
f 7611 7609 7517
f 7612 7367 7610
f 7613 7611 7517
f 7613 7517 7520
f 7614 7367 7612
f 7614 7366 7367
f 7615 7520 7521
f 7615 7521 7523
f 7615 7613 7520
f 7616 7364 7366
f 7616 7366 7614
f 7617 7523 7526
f 7617 7615 7523
f 7618 7361 7364
f 7618 7364 7616
f 7619 7526 7527
f 7619 7617 7526
f 7620 7360 7361
f 7620 7361 7618
f 7621 7619 7527
f 7622 7360 7620
f 7622 7358 7360
f 7623 7621 7527
f 7623 7527 7530
f 7624 7358 7622
f 7624 7356 7358
f 7625 7623 7530
f 7625 7530 7531
f 7625 7531 7534
f 7626 7354 7356
f 7626 7356 7624
f 7627 7534 7535
f 7627 7625 7534
f 7628 7352 7354
f 7628 7354 7626
f 7629 7535 7287
f 7629 7627 7535
f 7630 7352 7628
f 7630 7350 7352
f 7631 7629 7287
f 7632 7348 7350
f 7632 7350 7630
f 7633 7287 7288
f 7633 7288 7289
f 7633 7631 7287
f 7634 7348 7632
f 7634 7346 7348
f 7635 7289 7292
f 7635 7633 7289
f 7636 7342 7344
f 7636 7344 7346
f 7636 7346 7634
f 7637 7292 7294
f 7637 7635 7292
f 7638 7342 7636
f 7639 7294 7296
f 7639 7637 7294
f 7640 7342 7638
f 7640 7340 7342
f 7641 7639 7296
f 7642 7340 7640
f 7642 7338 7340
f 7643 7641 7296
f 7643 7296 7298
f 7644 7338 7642
f 7644 7335 7338
f 7645 7643 7298
f 7645 7298 7299
f 7645 7299 7302
f 7646 7335 7644
f 7646 7332 7334
f 7646 7334 7335
f 7647 7645 7302
f 7648 7332 7646
f 7648 7330 7332
f 7649 7647 7302
f 7649 7302 7304
f 7650 7330 7648
f 7650 7328 7330
f 7651 7649 7304
f 7651 7304 7305
f 7652 7328 7650
f 7653 7651 7305
f 7653 7305 7307
f 7654 7328 7652
f 7654 7326 7328
f 7655 7307 7310
f 7655 7310 7312
f 7655 7653 7307
f 7656 7326 7654
f 7656 7324 7326
f 7657 7655 7312
f 7658 7324 7656
f 7658 7322 7324
f 7659 7657 7312
f 7659 7312 7313
f 7660 7319 7322
f 7660 7322 7658
f 7661 7313 7316
f 7661 7659 7313
f 7662 7316 7318
f 7662 7318 7319
f 7662 7319 7660
f 7662 7661 7316
f 7633 7663 7631
f 7633 7664 7663
f 7635 7665 7664
f 7635 7664 7633
f 7637 7666 7665
f 7637 7665 7635
f 7639 7667 7666
f 7639 7666 7637
f 7641 7668 7667
f 7641 7667 7639
f 7643 7669 7668
f 7643 7670 7669
f 7643 7668 7641
f 7645 7670 7643
f 7647 7671 7670
f 7647 7670 7645
f 7649 7672 7671
f 7649 7671 7647
f 7651 7673 7672
f 7651 7672 7649
f 7653 7673 7651
f 7653 7674 7673
f 7655 7674 7653
f 7655 7675 7674
f 7657 7675 7655
f 7657 7676 7675
f 7659 7676 7657
f 7659 7677 7676
f 7661 7677 7659
f 7661 7678 7677
f 7662 7678 7661
f 7662 7679 7678
f 7660 7679 7662
f 7660 7680 7679
f 7658 7680 7660
f 7658 7681 7680
f 7656 7681 7658
f 7656 7682 7681
f 7656 7683 7682
f 7654 7683 7656
f 7654 7684 7683
f 7652 7684 7654
f 7650 7684 7652
f 7650 7685 7684
f 7648 7686 7685
f 7648 7685 7650
f 7646 7687 7686
f 7646 7686 7648
f 7644 7688 7687
f 7644 7687 7646
f 7642 7689 7688
f 7642 7688 7644
f 7640 7690 7689
f 7640 7689 7642
f 7638 7691 7690
f 7638 7690 7640
f 7636 7692 7691
f 7636 7691 7638
f 7634 7693 7692
f 7634 7692 7636
f 7632 7694 7693
f 7632 7693 7634
f 7630 7695 7694
f 7630 7696 7695
f 7630 7694 7632
f 7628 7696 7630
f 7626 7697 7696
f 7626 7696 7628
f 7624 7698 7697
f 7624 7697 7626
f 7622 7699 7698
f 7622 7698 7624
f 7620 7699 7622
f 7620 7700 7699
f 7618 7700 7620
f 7618 7701 7700
f 7616 7701 7618
f 7616 7702 7701
f 7614 7702 7616
f 7614 7703 7702
f 7612 7703 7614
f 7612 7704 7703
f 7612 7705 7704
f 7610 7705 7612
f 7608 7705 7610
f 7608 7706 7705
f 7606 7706 7608
f 7606 7707 7706
f 7604 7707 7606
f 7604 7708 7707
f 7602 7708 7604
f 7602 7709 7708
f 7600 7709 7602
f 7600 7710 7709
f 7598 7710 7600
f 7598 7711 7710
f 7596 7711 7598
f 7596 7712 7711
f 7594 7712 7596
f 7594 7713 7712
f 7592 7713 7594
f 7592 7714 7713
f 7590 7714 7592
f 7590 7715 7714
f 7588 7715 7590
f 7588 7716 7715
f 7587 7716 7588
f 7587 7717 7716
f 7584 7717 7587
f 7584 7718 7717
f 7582 7718 7584
f 7582 7719 7718
f 7581 7719 7582
f 7581 7720 7719
f 7578 7721 7720
f 7578 7720 7581
f 7576 7722 7721
f 7576 7721 7578
f 7572 7723 7722
f 7572 7722 7576
f 7573 7724 7723
f 7573 7723 7572
f 7570 7724 7573
f 7570 7725 7724
f 7568 7725 7570
f 7568 7726 7725
f 7566 7726 7568
f 7566 7727 7726
f 7564 7727 7566
f 7564 7728 7727
f 7562 7728 7564
f 7562 7729 7728
f 7560 7729 7562
f 7560 7730 7729
f 7558 7730 7560
f 7558 7731 7730
f 7556 7731 7558
f 7556 7732 7731
f 7554 7732 7556
f 7554 7733 7732
f 7552 7733 7554
f 7552 7734 7733
f 7550 7734 7552
f 7550 7735 7734
f 7548 7735 7550
f 7548 7736 7735
f 7548 7737 7736
f 7546 7737 7548
f 7544 7738 7737
f 7544 7737 7546
f 7542 7739 7738
f 7542 7738 7544
f 7540 7740 7739
f 7540 7739 7542
f 7538 7741 7740
f 7538 7740 7540
f 7537 7742 7741
f 7537 7741 7538
f 7539 7743 7742
f 7539 7742 7537
f 7541 7744 7743
f 7541 7743 7539
f 7543 7745 7744
f 7543 7744 7541
f 7545 7746 7745
f 7545 7745 7543
f 7547 7747 7746
f 7547 7746 7545
f 7549 7748 7747
f 7549 7747 7547
f 7551 7749 7748
f 7551 7748 7549
f 7553 7750 7749
f 7553 7749 7551
f 7555 7750 7553
f 7555 7751 7750
f 7557 7751 7555
f 7557 7752 7751
f 7559 7752 7557
f 7559 7753 7752
f 7561 7753 7559
f 7561 7754 7753
f 7563 7755 7754
f 7563 7754 7561
f 7565 7756 7755
f 7565 7755 7563
f 7567 7757 7756
f 7567 7756 7565
f 7569 7758 7757
f 7569 7757 7567
f 7571 7759 7758
f 7571 7758 7569
f 7574 7760 7759
f 7574 7759 7571
f 7575 7761 7760
f 7575 7760 7574
f 7577 7762 7761
f 7577 7761 7575
f 7579 7763 7762
f 7579 7762 7577
f 7580 7764 7763
f 7580 7763 7579
f 7583 7765 7764
f 7583 7764 7580
f 7585 7766 7765
f 7585 7765 7583
f 7586 7767 7766
f 7586 7766 7585
f 7589 7768 7767
f 7589 7767 7586
f 7591 7769 7768
f 7591 7768 7589
f 7593 7770 7769
f 7593 7769 7591
f 7595 7771 7770
f 7595 7770 7593
f 7597 7772 7771
f 7597 7771 7595
f 7599 7773 7772
f 7599 7772 7597
f 7601 7774 7773
f 7601 7773 7599
f 7603 7774 7601
f 7603 7775 7774
f 7605 7775 7603
f 7605 7776 7775
f 7607 7776 7605
f 7607 7777 7776
f 7609 7777 7607
f 7609 7778 7777
f 7611 7778 7609
f 7611 7779 7778
f 7613 7779 7611
f 7613 7780 7779
f 7615 7780 7613
f 7615 7781 7780
f 7617 7781 7615
f 7617 7782 7781
f 7619 7782 7617
f 7619 7783 7782
f 7621 7783 7619
f 7621 7784 7783
f 7623 7784 7621
f 7623 7785 7784
f 7625 7785 7623
f 7625 7786 7785
f 7627 7786 7625
f 7627 7787 7786
f 7629 7788 7787
f 7629 7787 7627
f 7631 7663 7788
f 7631 7788 7629
f 7741 7742 7745
f 7742 7743 7745
f 7743 7744 7745
f 7738 7739 7737
f 7739 7740 7737
f 7736 7737 7735
f 7741 7745 7733
f 7737 7740 7733
f 7735 7737 7733
f 7734 7735 7733
f 7740 7741 7733
f 7745 7746 7733
f 7746 7747 7733
f 7749 7750 7751
f 7751 7752 7753
f 7749 7751 7754
f 7751 7753 7754
f 7748 7749 7754
f 7730 7731 7729
f 7731 7732 7729
f 7755 7756 7757
f 7727 7728 7726
f 7725 7726 7724
f 7724 7726 7723
f 7748 7754 7761
f 7747 7748 7761
f 7755 7757 7761
f 7754 7755 7761
f 7757 7758 7761
f 7758 7759 7761
f 7759 7760 7761
f 7761 7762 7763
f 7721 7722 7720
f 7722 7723 7720
f 7761 7763 7764
f 7720 7723 7718
f 7719 7720 7718
f 7765 7766 7767
f 7765 7767 7768
f 7764 7765 7769
f 7765 7768 7769
f 7723 7726 7712
f 7713 7714 7712
f 7714 7715 7712
f 7715 7716 7712
f 7716 7717 7712
f 7717 7718 7712
f 7728 7729 7712
f 7729 7732 7712
f 7726 7728 7712
f 7718 7723 7712
f 7711 7712 7710
f 7770 7771 7774
f 7771 7772 7774
f 7772 7773 7774
f 7769 7770 7776
f 7774 7775 7776
f 7770 7774 7776
f 7764 7769 7776
f 7708 7709 7707
f 7709 7710 7707
f 7764 7776 7777
f 7764 7777 7778
f 7707 7710 7705
f 7706 7707 7705
f 7761 7764 7779
f 7764 7778 7779
f 7710 7712 7704
f 7705 7710 7704
f 7761 7779 7780
f 7702 7703 7701
f 7703 7704 7701
f 7780 7781 7783
f 7781 7782 7783
f 7704 7712 7700
f 7701 7704 7700
f 7780 7783 7784
f 7780 7784 7785
f 7699 7700 7698
f 7780 7785 7788
f 7785 7786 7788
f 7786 7787 7788
f 7780 7788 7663
f 7695 7696 7694
f 7696 7697 7694
f 7780 7663 7664
f 7733 7747 7664
f 7732 7733 7664
f 7761 7780 7664
f 7747 7761 7664
f 7694 7697 7691
f 7692 7693 7691
f 7693 7694 7691
f 7697 7698 7691
f 7664 7665 7668
f 7665 7666 7668
f 7666 7667 7668
f 7690 7691 7689
f 7732 7664 7669
f 7664 7668 7669
f 7688 7689 7687
f 7687 7689 7686
f 7669 7670 7672
f 7670 7671 7672
f 7686 7689 7685
f 7689 7691 7684
f 7685 7689 7684
f 7672 7673 7674
f 7669 7672 7674
f 7684 7691 7683
f 7669 7674 7675
f 7682 7683 7681
f 7681 7683 7680
f 7675 7676 7678
f 7676 7677 7678
f 7669 7675 7678
f 7698 7700 7679
f 7691 7698 7679
f 7732 7669 7679
f 7683 7691 7679
f 7712 7732 7679
f 7680 7683 7679
f 7669 7678 7679
f 7700 7712 7679
f 7789 7791 7790
f 7789 7792 7791
f 7789 7793 7792
f 7794 7793 7789
f 7795 7796 7793
f 7795 7793 7794
f 7797 7798 7796
f 7797 7796 7795
f 7799 7800 7798
f 7799 7798 7797
f 7801 7802 7800
f 7801 7803 7802
f 7801 7800 7799
f 7804 7803 7801
f 7805 7806 7803
f 7805 7803 7804
f 7807 7808 7806
f 7807 7809 7808
f 7807 7806 7805
f 7810 7811 7809
f 7810 7809 7807
f 7812 7811 7810
f 7813 7811 7812
f 7813 7814 7811
f 7815 7814 7813
f 7815 7816 7814
f 7815 7817 7816
f 7818 7817 7815
f 7819 7817 7818
f 7819 7820 7817
f 7821 7820 7819
f 7821 7822 7820
f 7821 7823 7822
f 7824 7823 7821
f 7825 7823 7824
f 7825 7826 7823
f 7827 7826 7825
f 7827 7828 7826
f 7829 7828 7827
f 7829 7830 7828
f 7831 7830 7829
f 7831 7832 7830
f 7833 7832 7831
f 7833 7834 7832
f 7835 7836 7834
f 7835 7834 7833
f 7837 7838 7836
f 7837 7836 7835
f 7837 7839 7838
f 7840 7839 7837
f 7841 7842 7839
f 7841 7839 7840
f 7843 7844 7842
f 7843 7842 7841
f 7845 7846 7844
f 7845 7844 7843
f 7847 7848 7846
f 7847 7846 7845
f 7849 7850 7848
f 7849 7848 7847
f 7851 7852 7850
f 7851 7850 7849
f 7853 7854 7852
f 7853 7852 7851
f 7855 7856 7854
f 7855 7854 7853
f 7857 7858 7856
f 7857 7856 7855
f 7859 7860 7858
f 7859 7858 7857
f 7861 7862 7860
f 7861 7860 7859
f 7863 7862 7861
f 7863 7864 7862
f 7863 7865 7864
f 7866 7865 7863
f 7867 7865 7866
f 7867 7868 7865
f 7869 7868 7867
f 7869 7870 7868
f 7869 7871 7870
f 7872 7871 7869
f 7873 7871 7872
f 7873 7874 7871
f 7875 7874 7873
f 7875 7876 7874
f 7875 7877 7876
f 7878 7877 7875
f 7879 7877 7878
f 7879 7880 7877
f 7881 7880 7879
f 7881 7882 7880
f 7883 7882 7881
f 7883 7884 7882
f 7885 7884 7883
f 7885 7886 7884
f 7885 7887 7886
f 7888 7887 7885
f 7889 7887 7888
f 7889 7890 7887
f 7891 7890 7889
f 7891 7892 7890
f 7891 7893 7892
f 7894 7893 7891
f 7894 7895 7893
f 7896 7895 7894
f 7896 7897 7895
f 7898 7897 7896
f 7899 7897 7898
f 7899 7900 7897
f 7899 7901 7900
f 7902 7901 7899
f 7903 7901 7902
f 7903 7904 7901
f 7905 7906 7904
f 7905 7904 7903
f 7907 7908 7906
f 7907 7909 7908
f 7907 7906 7905
f 7910 7909 7907
f 7910 7911 7909
f 7912 7913 7911
f 7912 7911 7910
f 7914 7913 7912
f 7915 7913 7914
f 7915 7916 7913
f 7917 7916 7915
f 7917 7918 7916
f 7919 7918 7917
f 7919 7920 7918
f 7921 7920 7919
f 7921 7922 7920
f 7921 7923 7922
f 7924 7923 7921
f 7924 7925 7923
f 7926 7925 7924
f 7927 7925 7926
f 7927 7928 7925
f 7929 7928 7927
f 7929 7930 7928
f 7929 7931 7930
f 7932 7931 7929
f 7933 7931 7932
f 7933 7934 7931
f 7935 7934 7933
f 7935 7936 7934
f 7935 7937 7936
f 7938 7939 7937
f 7938 7937 7935
f 7940 7939 7938
f 7941 7942 7939
f 7941 7943 7942
f 7941 7939 7940
f 7944 7943 7941
f 7945 7946 7943
f 7945 7943 7944
f 7947 7948 7946
f 7947 7949 7948
f 7947 7946 7945
f 7950 7949 7947
f 7951 7952 7949
f 7951 7953 7952
f 7951 7949 7950
f 7954 7953 7951
f 7955 7956 7953
f 7955 7953 7954
f 7957 7958 7956
f 7957 7956 7955
f 7959 7960 7958
f 7959 7958 7957
f 7961 7962 7960
f 7961 7963 7962
f 7961 7960 7959
f 7964 7963 7961
f 7965 7963 7964
f 7965 7966 7963
f 7967 7966 7965
f 7967 7968 7966
f 7969 7968 7967
f 7969 7970 7968
f 7971 7970 7969
f 7971 7972 7970
f 7973 7974 7972
f 7973 7975 7974
f 7973 7972 7971
f 7976 7975 7973
f 7977 7978 7975
f 7977 7975 7976
f 7979 7980 7978
f 7979 7978 7977
f 7981 7982 7980
f 7981 7980 7979
f 7983 7984 7982
f 7983 7982 7981
f 7985 7986 7984
f 7985 7984 7983
f 7987 7988 7986
f 7987 7986 7985
f 7989 7990 7988
f 7989 7988 7987
f 7991 7992 7990
f 7991 7990 7989
f 7993 7994 7992
f 7993 7995 7994
f 7993 7992 7991
f 7996 7995 7993
f 7997 7998 7995
f 7997 7995 7996
f 7999 8000 7998
f 7999 7998 7997
f 8001 8002 8000
f 8001 8003 8002
f 8001 8000 7999
f 8004 8003 8001
f 8005 8006 8003
f 8005 8003 8004
f 8007 8008 8006
f 8007 8006 8005
f 8009 8010 8008
f 8009 8011 8010
f 8009 8008 8007
f 8012 8011 8009
f 8013 8011 8012
f 8013 8014 8011
f 8015 8014 8013
f 8015 8016 8014
f 8015 8017 8016
f 8018 8017 8015
f 8019 8017 8018
f 8019 8020 8017
f 8019 8021 8020
f 8022 8021 8019
f 8023 8021 8022
f 8023 8024 8021
f 8023 8025 8024
f 8026 8025 8023
f 8026 8027 8025
f 8028 8027 8026
f 8029 8027 8028
f 8029 8030 8027
f 8029 8031 8030
f 8032 8031 8029
f 8033 8031 8032
f 8033 8034 8031
f 8033 8035 8034
f 8036 8035 8033
f 8037 8038 8035
f 8037 8035 8036
f 8037 8039 8038
f 8040 8039 8037
f 7790 7791 8039
f 7790 8039 8040
f 7951 7950 7947
f 7940 7944 7941
f 7961 7951 7947
f 7961 7947 7945
f 7961 7954 7951
f 7961 7955 7954
f 7961 7957 7955
f 7961 7959 7957
f 7932 7935 7933
f 7932 7938 7935
f 7932 7940 7938
f 7927 7932 7929
f 7967 7964 7961
f 7967 7965 7964
f 7921 7926 7924
f 7921 7927 7926
f 7976 7973 7971
f 7910 7914 7912
f 7910 7915 7914
f 7985 7979 7977
f 7985 7981 7979
f 7985 7983 7981
f 7905 7910 7907
f 7991 7985 7977
f 7991 7976 7971
f 7991 7971 7969
f 7991 7977 7976
f 7991 7987 7985
f 7991 7989 7987
f 7993 7991 7969
f 7898 7902 7899
f 7898 7903 7902
f 7997 7996 7993
f 7894 7910 7905
f 7894 7903 7898
f 7894 7944 7940
f 7894 7940 7932
f 7894 7898 7896
f 7894 7961 7945
f 7894 7905 7903
f 7894 7917 7915
f 7894 7932 7927
f 7894 7919 7917
f 7894 7967 7961
f 7894 7921 7919
f 7894 7927 7921
f 7894 7945 7944
f 7894 7969 7967
f 7894 7915 7910
f 8004 7999 7997
f 8004 8001 7999
f 8004 7997 7993
f 8007 8005 8004
f 7885 7889 7888
f 7885 7891 7889
f 7885 7894 7891
f 8009 8007 8004
f 7881 7885 7883
f 7881 7894 7885
f 8013 8012 8009
f 8015 8009 8004
f 8015 8013 8009
f 7878 7881 7879
f 7878 7894 7881
f 8019 8018 8015
f 8019 8015 8004
f 7873 7878 7875
f 8023 8022 8019
f 8023 8019 8004
f 7869 7873 7872
f 7869 7878 7873
f 8028 8026 8023
f 7866 7869 7867
f 8029 8028 8023
f 7863 7869 7866
f 8036 8033 8032
f 8037 8032 8029
f 8037 8029 8023
f 8037 8036 8032
f 7855 7859 7857
f 7855 7861 7859
f 8040 8037 8023
f 7789 7790 8040
f 7847 7851 7849
f 7847 7853 7851
f 7795 7794 7789
f 7795 7789 8040
f 7843 7847 7845
f 7799 7797 7795
f 7841 7847 7843
f 7801 7799 7795
f 7840 7853 7847
f 7840 7855 7853
f 7840 7847 7841
f 7805 7804 7801
f 7835 7840 7837
f 7835 7863 7861
f 7835 7855 7840
f 7835 7861 7855
f 7831 7835 7833
f 7812 7807 7805
f 7812 7810 7807
f 7812 7805 7801
f 7827 7831 7829
f 7827 7835 7831
f 7818 7815 7813
f 7819 7795 8040
f 7819 7813 7812
f 7819 7801 7795
f 7819 7812 7801
f 7819 7818 7813
f 7821 8040 8023
f 7821 7825 7824
f 7821 7827 7825
f 7821 8004 7993
f 7821 7969 7894
f 7821 7863 7835
f 7821 7819 8040
f 7821 7878 7869
f 7821 7894 7878
f 7821 7835 7827
f 7821 8023 8004
f 7821 7993 7969
f 7821 7869 7863
f 7946 7948 8041
f 7946 8041 8042
f 7949 8041 7948
f 7949 8043 8041
f 7943 7946 8042
f 7943 8042 8044
f 7952 8043 7949
f 7952 8045 8043
f 7942 7943 8044
f 7942 8044 8046
f 7953 8047 8045
f 7953 8045 7952
f 7939 7942 8046
f 7939 8046 8048
f 7956 8047 7953
f 7956 8049 8047
f 7937 7939 8048
f 7937 8048 8050
f 7958 8049 7956
f 7958 8051 8049
f 7936 7937 8050
f 7936 8050 8052
f 7960 8051 7958
f 7960 8053 8051
f 7934 7936 8052
f 7934 8052 8054
f 7962 8053 7960
f 7962 8055 8053
f 7931 7934 8054
f 7931 8054 8056
f 7963 8057 8055
f 7963 8055 7962
f 7930 7931 8056
f 7930 8056 8058
f 7966 8057 7963
f 7966 8059 8057
f 7928 8058 8060
f 7928 7930 8058
f 7968 8061 8059
f 7968 8059 7966
f 7925 7928 8060
f 7925 8060 8062
f 7970 8063 8061
f 7970 8061 7968
f 7923 8062 8064
f 7923 7925 8062
f 7972 8063 7970
f 7972 8065 8063
f 7922 7923 8064
f 7922 8064 8066
f 7974 8065 7972
f 7974 8067 8065
f 7920 8066 8068
f 7920 7922 8066
f 7975 8067 7974
f 7975 8069 8067
f 7918 8068 8070
f 7918 7920 8068
f 7978 8071 8069
f 7978 8069 7975
f 7916 8070 8072
f 7916 7918 8070
f 7980 8071 7978
f 7980 8073 8071
f 7913 8072 8074
f 7913 7916 8072
f 7982 8073 7980
f 7982 8075 8073
f 7911 8077 8076
f 7911 8074 8077
f 7911 7913 8074
f 7984 8075 7982
f 7984 8078 8075
f 7909 7911 8076
f 7986 8078 7984
f 7986 8079 8078
f 7908 7909 8076
f 7908 8076 8080
f 7988 8079 7986
f 7988 8081 8079
f 7906 8080 8082
f 7906 7908 8080
f 7990 8084 8083
f 7990 8081 7988
f 7990 8083 8081
f 7904 7906 8082
f 7904 8082 8085
f 7992 8084 7990
f 7901 7904 8085
f 7901 8085 8086
f 7994 8087 8084
f 7994 8084 7992
f 7900 7901 8086
f 7900 8086 8088
f 7995 8089 8087
f 7995 8090 8089
f 7995 8087 7994
f 7897 8088 8091
f 7897 7900 8088
f 7998 8090 7995
f 7895 8091 8092
f 7895 7897 8091
f 8000 8093 8090
f 8000 8090 7998
f 7893 7895 8092
f 7893 8092 8094
f 8002 8095 8093
f 8002 8093 8000
f 7892 8094 8096
f 7892 7893 8094
f 8003 8097 8095
f 8003 8095 8002
f 7890 8096 8098
f 7890 7892 8096
f 8006 8099 8097
f 8006 8097 8003
f 7887 8098 8100
f 7887 7890 8098
f 8008 8101 8099
f 8008 8099 8006
f 7886 8100 8102
f 7886 7887 8100
f 8010 8103 8101
f 8010 8101 8008
f 8104 7884 7886
f 8104 7886 8102
f 8105 8010 8011
f 8105 8103 8010
f 8106 7884 8104
f 8106 7882 7884
f 7880 7882 8106
f 8107 8105 8011
f 8107 8011 8014
f 8108 7880 8106
f 8109 8014 8016
f 8109 8016 8017
f 8109 8107 8014
f 8110 7880 8108
f 8110 7877 7880
f 8111 8109 8017
f 8112 7877 8110
f 8112 7876 7877
f 8113 8111 8017
f 8113 8017 8020
f 8113 8020 8021
f 8114 7876 8112
f 8114 7871 7874
f 8114 7874 7876
f 8115 8113 8021
f 8116 7871 8114
f 8117 8115 8021
f 8117 8021 8024
f 8118 7871 8116
f 8118 7870 7871
f 8119 8024 8025
f 8119 8025 8027
f 8119 8117 8024
f 8120 7868 7870
f 8120 7870 8118
f 8121 8027 8030
f 8121 8119 8027
f 8122 7865 7868
f 8122 7868 8120
f 8123 8030 8031
f 8123 8121 8030
f 8124 7864 7865
f 8124 7865 8122
f 8125 8123 8031
f 8126 7864 8124
f 8126 7862 7864
f 8127 8125 8031
f 8127 8031 8034
f 8128 7862 8126
f 8128 7860 7862
f 8129 8127 8034
f 8129 8034 8035
f 8129 8035 8038
f 8130 7858 7860
f 8130 7860 8128
f 8131 8038 8039
f 8131 8129 8038
f 8132 7856 7858
f 8132 7858 8130
f 8133 8039 7791
f 8133 8131 8039
f 8134 7856 8132
f 8134 7854 7856
f 8135 8133 7791
f 8136 7852 7854
f 8136 7854 8134
f 8137 7791 7792
f 8137 7792 7793
f 8137 8135 7791
f 8138 7852 8136
f 8138 7850 7852
f 8139 7793 7796
f 8139 8137 7793
f 8140 7846 7848
f 8140 7848 7850
f 8140 7850 8138
f 8141 7796 7798
f 8141 8139 7796
f 8142 7846 8140
f 8143 7798 7800
f 8143 8141 7798
f 8144 7846 8142
f 8144 7844 7846
f 8145 8143 7800
f 8146 7844 8144
f 8146 7842 7844
f 8147 8145 7800
f 8147 7800 7802
f 8148 7842 8146
f 8148 7839 7842
f 8149 8147 7802
f 8149 7802 7803
f 8149 7803 7806
f 8150 7839 8148
f 8150 7836 7838
f 8150 7838 7839
f 8151 8149 7806
f 8152 7836 8150
f 8152 7834 7836
f 8153 8151 7806
f 8153 7806 7808
f 8154 7834 8152
f 8154 7832 7834
f 8155 8153 7808
f 8155 7808 7809
f 8156 7832 8154
f 8157 8155 7809
f 8157 7809 7811
f 8158 7832 8156
f 8158 7830 7832
f 8159 7811 7814
f 8159 7814 7816
f 8159 8157 7811
f 8160 7830 8158
f 8160 7828 7830
f 8161 8159 7816
f 8162 7828 8160
f 8162 7826 7828
f 8163 8161 7816
f 8163 7816 7817
f 8164 7823 7826
f 8164 7826 8162
f 8165 7817 7820
f 8165 8163 7817
f 8166 7820 7822
f 8166 7822 7823
f 8166 7823 8164
f 8166 8165 7820
f 8137 8167 8135
f 8137 8168 8167
f 8139 8169 8168
f 8139 8168 8137
f 8141 8170 8169
f 8141 8169 8139
f 8143 8171 8170
f 8143 8170 8141
f 8145 8172 8171
f 8145 8171 8143
f 8147 8173 8172
f 8147 8174 8173
f 8147 8172 8145
f 8149 8174 8147
f 8151 8175 8174
f 8151 8174 8149
f 8153 8176 8175
f 8153 8175 8151
f 8155 8177 8176
f 8155 8176 8153
f 8157 8177 8155
f 8157 8178 8177
f 8159 8178 8157
f 8159 8179 8178
f 8161 8179 8159
f 8161 8180 8179
f 8163 8180 8161
f 8163 8181 8180
f 8165 8181 8163
f 8165 8182 8181
f 8166 8182 8165
f 8166 8183 8182
f 8164 8183 8166
f 8164 8184 8183
f 8162 8184 8164
f 8162 8185 8184
f 8160 8185 8162
f 8160 8186 8185
f 8160 8187 8186
f 8158 8187 8160
f 8158 8188 8187
f 8156 8188 8158
f 8154 8188 8156
f 8154 8189 8188
f 8152 8190 8189
f 8152 8189 8154
f 8150 8191 8190
f 8150 8190 8152
f 8148 8192 8191
f 8148 8191 8150
f 8146 8193 8192
f 8146 8192 8148
f 8144 8194 8193
f 8144 8193 8146
f 8142 8195 8194
f 8142 8194 8144
f 8140 8196 8195
f 8140 8195 8142
f 8138 8197 8196
f 8138 8196 8140
f 8136 8198 8197
f 8136 8197 8138
f 8134 8199 8198
f 8134 8200 8199
f 8134 8198 8136
f 8132 8200 8134
f 8130 8201 8200
f 8130 8200 8132
f 8128 8202 8201
f 8128 8201 8130
f 8126 8203 8202
f 8126 8202 8128
f 8124 8203 8126
f 8124 8204 8203
f 8122 8204 8124
f 8122 8205 8204
f 8120 8205 8122
f 8120 8206 8205
f 8118 8206 8120
f 8118 8207 8206
f 8116 8207 8118
f 8116 8208 8207
f 8116 8209 8208
f 8114 8209 8116
f 8112 8209 8114
f 8112 8210 8209
f 8110 8210 8112
f 8110 8211 8210
f 8108 8211 8110
f 8108 8212 8211
f 8106 8212 8108
f 8106 8213 8212
f 8104 8213 8106
f 8104 8214 8213
f 8102 8214 8104
f 8102 8215 8214
f 8100 8215 8102
f 8100 8216 8215
f 8098 8216 8100
f 8098 8217 8216
f 8096 8217 8098
f 8096 8218 8217
f 8094 8218 8096
f 8094 8219 8218
f 8092 8219 8094
f 8092 8220 8219
f 8091 8220 8092
f 8091 8221 8220
f 8088 8221 8091
f 8088 8222 8221
f 8086 8222 8088
f 8086 8223 8222
f 8085 8223 8086
f 8085 8224 8223
f 8082 8225 8224
f 8082 8224 8085
f 8080 8226 8225
f 8080 8225 8082
f 8076 8227 8226
f 8076 8226 8080
f 8077 8228 8227
f 8077 8227 8076
f 8074 8228 8077
f 8074 8229 8228
f 8072 8229 8074
f 8072 8230 8229
f 8070 8230 8072
f 8070 8231 8230
f 8068 8231 8070
f 8068 8232 8231
f 8066 8232 8068
f 8066 8233 8232
f 8064 8233 8066
f 8064 8234 8233
f 8062 8234 8064
f 8062 8235 8234
f 8060 8235 8062
f 8060 8236 8235
f 8058 8236 8060
f 8058 8237 8236
f 8056 8237 8058
f 8056 8238 8237
f 8054 8238 8056
f 8054 8239 8238
f 8052 8239 8054
f 8052 8240 8239
f 8052 8241 8240
f 8050 8241 8052
f 8048 8242 8241
f 8048 8241 8050
f 8046 8243 8242
f 8046 8242 8048
f 8044 8244 8243
f 8044 8243 8046
f 8042 8245 8244
f 8042 8244 8044
f 8041 8246 8245
f 8041 8245 8042
f 8043 8247 8246
f 8043 8246 8041
f 8045 8248 8247
f 8045 8247 8043
f 8047 8249 8248
f 8047 8248 8045
f 8049 8250 8249
f 8049 8249 8047
f 8051 8251 8250
f 8051 8250 8049
f 8053 8252 8251
f 8053 8251 8051
f 8055 8253 8252
f 8055 8252 8053
f 8057 8254 8253
f 8057 8253 8055
f 8059 8254 8057
f 8059 8255 8254
f 8061 8255 8059
f 8061 8256 8255
f 8063 8256 8061
f 8063 8257 8256
f 8065 8257 8063
f 8065 8258 8257
f 8067 8259 8258
f 8067 8258 8065
f 8069 8260 8259
f 8069 8259 8067
f 8071 8261 8260
f 8071 8260 8069
f 8073 8262 8261
f 8073 8261 8071
f 8075 8263 8262
f 8075 8262 8073
f 8078 8264 8263
f 8078 8263 8075
f 8079 8265 8264
f 8079 8264 8078
f 8081 8266 8265
f 8081 8265 8079
f 8083 8267 8266
f 8083 8266 8081
f 8084 8268 8267
f 8084 8267 8083
f 8087 8269 8268
f 8087 8268 8084
f 8089 8270 8269
f 8089 8269 8087
f 8090 8271 8270
f 8090 8270 8089
f 8093 8272 8271
f 8093 8271 8090
f 8095 8273 8272
f 8095 8272 8093
f 8097 8274 8273
f 8097 8273 8095
f 8099 8275 8274
f 8099 8274 8097
f 8101 8276 8275
f 8101 8275 8099
f 8103 8277 8276
f 8103 8276 8101
f 8105 8278 8277
f 8105 8277 8103
f 8107 8278 8105
f 8107 8279 8278
f 8109 8279 8107
f 8109 8280 8279
f 8111 8280 8109
f 8111 8281 8280
f 8113 8281 8111
f 8113 8282 8281
f 8115 8282 8113
f 8115 8283 8282
f 8117 8283 8115
f 8117 8284 8283
f 8119 8284 8117
f 8119 8285 8284
f 8121 8285 8119
f 8121 8286 8285
f 8123 8286 8121
f 8123 8287 8286
f 8125 8287 8123
f 8125 8288 8287
f 8127 8288 8125
f 8127 8289 8288
f 8129 8289 8127
f 8129 8290 8289
f 8131 8290 8129
f 8131 8291 8290
f 8133 8292 8291
f 8133 8291 8131
f 8135 8167 8292
f 8135 8292 8133
f 8245 8246 8249
f 8246 8247 8249
f 8247 8248 8249
f 8242 8243 8241
f 8243 8244 8241
f 8240 8241 8239
f 8245 8249 8237
f 8241 8244 8237
f 8239 8241 8237
f 8238 8239 8237
f 8244 8245 8237
f 8249 8250 8237
f 8250 8251 8237
f 8253 8254 8255
f 8255 8256 8257
f 8253 8255 8258
f 8255 8257 8258
f 8252 8253 8258
f 8234 8235 8233
f 8235 8236 8233
f 8259 8260 8261
f 8231 8232 8230
f 8229 8230 8228
f 8228 8230 8227
f 8252 8258 8265
f 8251 8252 8265
f 8259 8261 8265
f 8258 8259 8265
f 8261 8262 8265
f 8262 8263 8265
f 8263 8264 8265
f 8265 8266 8267
f 8225 8226 8224
f 8226 8227 8224
f 8265 8267 8268
f 8224 8227 8222
f 8223 8224 8222
f 8269 8270 8271
f 8269 8271 8272
f 8268 8269 8273
f 8269 8272 8273
f 8227 8230 8216
f 8217 8218 8216
f 8218 8219 8216
f 8219 8220 8216
f 8220 8221 8216
f 8221 8222 8216
f 8232 8233 8216
f 8233 8236 8216
f 8230 8232 8216
f 8222 8227 8216
f 8215 8216 8214
f 8274 8275 8278
f 8275 8276 8278
f 8276 8277 8278
f 8273 8274 8280
f 8278 8279 8280
f 8274 8278 8280
f 8268 8273 8280
f 8212 8213 8211
f 8213 8214 8211
f 8268 8280 8281
f 8268 8281 8282
f 8211 8214 8209
f 8210 8211 8209
f 8265 8268 8283
f 8268 8282 8283
f 8214 8216 8208
f 8209 8214 8208
f 8265 8283 8284
f 8206 8207 8205
f 8207 8208 8205
f 8284 8285 8287
f 8285 8286 8287
f 8208 8216 8204
f 8205 8208 8204
f 8284 8287 8288
f 8284 8288 8289
f 8203 8204 8202
f 8284 8289 8292
f 8289 8290 8292
f 8290 8291 8292
f 8284 8292 8167
f 8199 8200 8198
f 8200 8201 8198
f 8284 8167 8168
f 8237 8251 8168
f 8236 8237 8168
f 8265 8284 8168
f 8251 8265 8168
f 8198 8201 8195
f 8196 8197 8195
f 8197 8198 8195
f 8201 8202 8195
f 8168 8169 8172
f 8169 8170 8172
f 8170 8171 8172
f 8194 8195 8193
f 8236 8168 8173
f 8168 8172 8173
f 8192 8193 8191
f 8191 8193 8190
f 8173 8174 8176
f 8174 8175 8176
f 8190 8193 8189
f 8193 8195 8188
f 8189 8193 8188
f 8176 8177 8178
f 8173 8176 8178
f 8188 8195 8187
f 8173 8178 8179
f 8186 8187 8185
f 8185 8187 8184
f 8179 8180 8182
f 8180 8181 8182
f 8173 8179 8182
f 8202 8204 8183
f 8195 8202 8183
f 8236 8173 8183
f 8187 8195 8183
f 8216 8236 8183
f 8184 8187 8183
f 8173 8182 8183
f 8204 8216 8183
f 8293 8295 8294
f 8293 8296 8295
f 8293 8297 8296
f 8298 8297 8293
f 8299 8300 8297
f 8299 8297 8298
f 8301 8302 8300
f 8301 8300 8299
f 8303 8304 8302
f 8303 8302 8301
f 8305 8306 8304
f 8305 8307 8306
f 8305 8304 8303
f 8308 8307 8305
f 8309 8310 8307
f 8309 8307 8308
f 8311 8312 8310
f 8311 8313 8312
f 8311 8310 8309
f 8314 8315 8313
f 8314 8313 8311
f 8316 8315 8314
f 8317 8315 8316
f 8317 8318 8315
f 8319 8318 8317
f 8319 8320 8318
f 8319 8321 8320
f 8322 8321 8319
f 8323 8321 8322
f 8323 8324 8321
f 8325 8324 8323
f 8325 8326 8324
f 8325 8327 8326
f 8328 8327 8325
f 8329 8327 8328
f 8329 8330 8327
f 8331 8330 8329
f 8331 8332 8330
f 8333 8332 8331
f 8333 8334 8332
f 8335 8334 8333
f 8335 8336 8334
f 8337 8336 8335
f 8337 8338 8336
f 8339 8340 8338
f 8339 8338 8337
f 8341 8342 8340
f 8341 8340 8339
f 8341 8343 8342
f 8344 8343 8341
f 8345 8346 8343
f 8345 8343 8344
f 8347 8348 8346
f 8347 8346 8345
f 8349 8350 8348
f 8349 8348 8347
f 8351 8352 8350
f 8351 8350 8349
f 8353 8354 8352
f 8353 8352 8351
f 8355 8356 8354
f 8355 8354 8353
f 8357 8358 8356
f 8357 8356 8355
f 8359 8360 8358
f 8359 8358 8357
f 8361 8362 8360
f 8361 8360 8359
f 8363 8364 8362
f 8363 8362 8361
f 8365 8366 8364
f 8365 8364 8363
f 8367 8366 8365
f 8367 8368 8366
f 8367 8369 8368
f 8370 8369 8367
f 8371 8369 8370
f 8371 8372 8369
f 8373 8372 8371
f 8373 8374 8372
f 8373 8375 8374
f 8376 8375 8373
f 8377 8375 8376
f 8377 8378 8375
f 8379 8378 8377
f 8379 8380 8378
f 8379 8381 8380
f 8382 8381 8379
f 8383 8381 8382
f 8383 8384 8381
f 8385 8384 8383
f 8385 8386 8384
f 8387 8386 8385
f 8387 8388 8386
f 8389 8388 8387
f 8389 8390 8388
f 8389 8391 8390
f 8392 8391 8389
f 8393 8391 8392
f 8393 8394 8391
f 8395 8394 8393
f 8395 8396 8394
f 8395 8397 8396
f 8398 8397 8395
f 8398 8399 8397
f 8400 8399 8398
f 8400 8401 8399
f 8402 8401 8400
f 8403 8401 8402
f 8403 8404 8401
f 8403 8405 8404
f 8406 8405 8403
f 8407 8405 8406
f 8407 8408 8405
f 8409 8410 8408
f 8409 8408 8407
f 8411 8412 8410
f 8411 8413 8412
f 8411 8410 8409
f 8414 8413 8411
f 8414 8415 8413
f 8416 8417 8415
f 8416 8415 8414
f 8418 8417 8416
f 8419 8417 8418
f 8419 8420 8417
f 8421 8420 8419
f 8421 8422 8420
f 8423 8422 8421
f 8423 8424 8422
f 8425 8424 8423
f 8425 8426 8424
f 8425 8427 8426
f 8428 8427 8425
f 8428 8429 8427
f 8430 8429 8428
f 8431 8429 8430
f 8431 8432 8429
f 8433 8432 8431
f 8433 8434 8432
f 8433 8435 8434
f 8436 8435 8433
f 8437 8435 8436
f 8437 8438 8435
f 8439 8438 8437
f 8439 8440 8438
f 8439 8441 8440
f 8442 8443 8441
f 8442 8441 8439
f 8444 8443 8442
f 8445 8446 8443
f 8445 8447 8446
f 8445 8443 8444
f 8448 8447 8445
f 8449 8450 8447
f 8449 8447 8448
f 8451 8452 8450
f 8451 8453 8452
f 8451 8450 8449
f 8454 8453 8451
f 8455 8456 8453
f 8455 8457 8456
f 8455 8453 8454
f 8458 8457 8455
f 8459 8460 8457
f 8459 8457 8458
f 8461 8462 8460
f 8461 8460 8459
f 8463 8464 8462
f 8463 8462 8461
f 8465 8466 8464
f 8465 8467 8466
f 8465 8464 8463
f 8468 8467 8465
f 8469 8467 8468
f 8469 8470 8467
f 8471 8470 8469
f 8471 8472 8470
f 8473 8472 8471
f 8473 8474 8472
f 8475 8474 8473
f 8475 8476 8474
f 8477 8478 8476
f 8477 8479 8478
f 8477 8476 8475
f 8480 8479 8477
f 8481 8482 8479
f 8481 8479 8480
f 8483 8484 8482
f 8483 8482 8481
f 8485 8486 8484
f 8485 8484 8483
f 8487 8488 8486
f 8487 8486 8485
f 8489 8490 8488
f 8489 8488 8487
f 8491 8492 8490
f 8491 8490 8489
f 8493 8494 8492
f 8493 8492 8491
f 8495 8496 8494
f 8495 8494 8493
f 8497 8498 8496
f 8497 8499 8498
f 8497 8496 8495
f 8500 8499 8497
f 8501 8502 8499
f 8501 8499 8500
f 8503 8504 8502
f 8503 8502 8501
f 8505 8506 8504
f 8505 8507 8506
f 8505 8504 8503
f 8508 8507 8505
f 8509 8510 8507
f 8509 8507 8508
f 8511 8512 8510
f 8511 8510 8509
f 8513 8514 8512
f 8513 8515 8514
f 8513 8512 8511
f 8516 8515 8513
f 8517 8515 8516
f 8517 8518 8515
f 8519 8518 8517
f 8519 8520 8518
f 8519 8521 8520
f 8522 8521 8519
f 8523 8521 8522
f 8523 8524 8521
f 8523 8525 8524
f 8526 8525 8523
f 8527 8525 8526
f 8527 8528 8525
f 8527 8529 8528
f 8530 8529 8527
f 8530 8531 8529
f 8532 8531 8530
f 8533 8531 8532
f 8533 8534 8531
f 8533 8535 8534
f 8536 8535 8533
f 8537 8535 8536
f 8537 8538 8535
f 8537 8539 8538
f 8540 8539 8537
f 8541 8542 8539
f 8541 8539 8540
f 8541 8543 8542
f 8544 8543 8541
f 8294 8295 8543
f 8294 8543 8544
f 8455 8454 8451
f 8444 8448 8445
f 8465 8455 8451
f 8465 8451 8449
f 8465 8458 8455
f 8465 8459 8458
f 8465 8461 8459
f 8465 8463 8461
f 8436 8439 8437
f 8436 8442 8439
f 8436 8444 8442
f 8431 8436 8433
f 8471 8468 8465
f 8471 8469 8468
f 8425 8430 8428
f 8425 8431 8430
f 8480 8477 8475
f 8414 8418 8416
f 8414 8419 8418
f 8489 8483 8481
f 8489 8485 8483
f 8489 8487 8485
f 8409 8414 8411
f 8495 8489 8481
f 8495 8480 8475
f 8495 8475 8473
f 8495 8481 8480
f 8495 8491 8489
f 8495 8493 8491
f 8497 8495 8473
f 8402 8406 8403
f 8402 8407 8406
f 8501 8500 8497
f 8398 8414 8409
f 8398 8407 8402
f 8398 8448 8444
f 8398 8444 8436
f 8398 8402 8400
f 8398 8465 8449
f 8398 8409 8407
f 8398 8421 8419
f 8398 8436 8431
f 8398 8423 8421
f 8398 8471 8465
f 8398 8425 8423
f 8398 8431 8425
f 8398 8449 8448
f 8398 8473 8471
f 8398 8419 8414
f 8508 8503 8501
f 8508 8505 8503
f 8508 8501 8497
f 8511 8509 8508
f 8389 8393 8392
f 8389 8395 8393
f 8389 8398 8395
f 8513 8511 8508
f 8385 8389 8387
f 8385 8398 8389
f 8517 8516 8513
f 8519 8513 8508
f 8519 8517 8513
f 8382 8385 8383
f 8382 8398 8385
f 8523 8522 8519
f 8523 8519 8508
f 8377 8382 8379
f 8527 8526 8523
f 8527 8523 8508
f 8373 8377 8376
f 8373 8382 8377
f 8532 8530 8527
f 8370 8373 8371
f 8533 8532 8527
f 8367 8373 8370
f 8540 8537 8536
f 8541 8536 8533
f 8541 8533 8527
f 8541 8540 8536
f 8359 8363 8361
f 8359 8365 8363
f 8544 8541 8527
f 8293 8294 8544
f 8351 8355 8353
f 8351 8357 8355
f 8299 8298 8293
f 8299 8293 8544
f 8347 8351 8349
f 8303 8301 8299
f 8345 8351 8347
f 8305 8303 8299
f 8344 8357 8351
f 8344 8359 8357
f 8344 8351 8345
f 8309 8308 8305
f 8339 8344 8341
f 8339 8367 8365
f 8339 8359 8344
f 8339 8365 8359
f 8335 8339 8337
f 8316 8311 8309
f 8316 8314 8311
f 8316 8309 8305
f 8331 8335 8333
f 8331 8339 8335
f 8322 8319 8317
f 8323 8299 8544
f 8323 8317 8316
f 8323 8305 8299
f 8323 8316 8305
f 8323 8322 8317
f 8325 8544 8527
f 8325 8329 8328
f 8325 8331 8329
f 8325 8508 8497
f 8325 8473 8398
f 8325 8367 8339
f 8325 8323 8544
f 8325 8382 8373
f 8325 8398 8382
f 8325 8339 8331
f 8325 8527 8508
f 8325 8497 8473
f 8325 8373 8367
f 8452 8546 8545
f 8450 8452 8545
f 8453 8547 8546
f 8453 8546 8452
f 8447 8450 8545
f 8447 8545 8548
f 8456 8547 8453
f 8456 8549 8547
f 8446 8447 8548
f 8446 8548 8550
f 8457 8551 8549
f 8457 8549 8456
f 8443 8446 8550
f 8443 8550 8552
f 8460 8551 8457
f 8460 8553 8551
f 8460 8554 8553
f 8441 8443 8552
f 8441 8552 8555
f 8462 8554 8460
f 8440 8441 8555
f 8440 8557 8556
f 8440 8555 8557
f 8464 8554 8462
f 8464 8558 8554
f 8438 8440 8556
f 8466 8558 8464
f 8466 8559 8558
f 8435 8438 8556
f 8435 8556 8560
f 8467 8559 8466
f 8467 8561 8559
f 8434 8435 8560
f 8434 8560 8562
f 8470 8561 8467
f 8470 8563 8561
f 8432 8562 8564
f 8432 8434 8562
f 8472 8563 8470
f 8472 8565 8563
f 8429 8567 8566
f 8429 8564 8567
f 8429 8432 8564
f 8474 8565 8472
f 8474 8568 8565
f 8427 8429 8566
f 8476 8568 8474
f 8476 8569 8568
f 8476 8570 8569
f 8426 8566 8571
f 8426 8427 8566
f 8478 8570 8476
f 8424 8426 8571
f 8424 8571 8572
f 8479 8570 8478
f 8479 8573 8570
f 8422 8424 8572
f 8422 8572 8574
f 8482 8573 8479
f 8482 8575 8573
f 8420 8422 8574
f 8420 8574 8576
f 8484 8575 8482
f 8484 8577 8575
f 8417 8420 8576
f 8417 8576 8578
f 8486 8579 8577
f 8486 8577 8484
f 8415 8417 8578
f 8415 8578 8580
f 8488 8579 8486
f 8488 8581 8579
f 8488 8582 8581
f 8413 8415 8580
f 8413 8580 8583
f 8490 8582 8488
f 8412 8413 8583
f 8412 8583 8584
f 8492 8582 8490
f 8492 8585 8582
f 8410 8412 8584
f 8410 8584 8586
f 8494 8588 8587
f 8494 8585 8492
f 8494 8587 8585
f 8408 8410 8586
f 8408 8586 8589
f 8496 8588 8494
f 8405 8408 8589
f 8405 8589 8590
f 8498 8591 8588
f 8498 8588 8496
f 8404 8405 8590
f 8404 8593 8592
f 8404 8590 8593
f 8499 8594 8591
f 8499 8591 8498
f 8401 8404 8592
f 8502 8595 8594
f 8502 8596 8595
f 8502 8594 8499
f 8399 8592 8597
f 8399 8401 8592
f 8504 8598 8596
f 8504 8596 8502
f 8397 8597 8599
f 8397 8399 8597
f 8506 8598 8504
f 8396 8397 8599
f 8396 8599 8600
f 8507 8601 8598
f 8507 8598 8506
f 8394 8603 8602
f 8394 8600 8603
f 8394 8396 8600
f 8510 8604 8601
f 8510 8601 8507
f 8391 8394 8602
f 8512 8605 8604
f 8512 8604 8510
f 8390 8602 8606
f 8390 8391 8602
f 8514 8607 8605
f 8514 8605 8512
f 8388 8390 8606
f 8608 8388 8606
f 8609 8514 8515
f 8609 8607 8514
f 8518 8609 8515
f 8610 8388 8608
f 8610 8386 8388
f 8611 8609 8518
f 8612 8386 8610
f 8612 8384 8386
f 8613 8611 8518
f 8613 8518 8520
f 8613 8520 8521
f 8614 8384 8612
f 8614 8380 8381
f 8614 8381 8384
f 8615 8613 8521
f 8615 8521 8524
f 8616 8380 8614
f 8617 8524 8525
f 8617 8615 8524
f 8618 8380 8616
f 8618 8378 8380
f 8619 8617 8525
f 8620 8378 8618
f 8620 8375 8378
f 8621 8619 8525
f 8621 8525 8528
f 8622 8374 8375
f 8622 8375 8620
f 8623 8621 8528
f 8623 8528 8529
f 8623 8529 8531
f 8624 8372 8374
f 8624 8374 8622
f 8625 8531 8534
f 8625 8623 8531
f 8626 8369 8372
f 8626 8372 8624
f 8627 8625 8534
f 8628 8366 8368
f 8628 8368 8369
f 8628 8369 8626
f 8629 8627 8534
f 8629 8534 8535
f 8630 8366 8628
f 8631 8535 8538
f 8631 8538 8539
f 8631 8629 8535
f 8632 8366 8630
f 8632 8364 8366
f 8633 8631 8539
f 8634 8360 8362
f 8634 8362 8364
f 8634 8364 8632
f 8635 8539 8542
f 8635 8633 8539
f 8636 8360 8634
f 8637 8542 8543
f 8637 8635 8542
f 8638 8358 8360
f 8638 8360 8636
f 8639 8543 8295
f 8639 8637 8543
f 8640 8356 8358
f 8640 8358 8638
f 8641 8639 8295
f 8641 8295 8296
f 8641 8296 8297
f 8642 8354 8356
f 8642 8356 8640
f 8643 8297 8300
f 8643 8641 8297
f 8644 8352 8354
f 8644 8354 8642
f 8645 8643 8300
f 8646 8350 8352
f 8646 8352 8644
f 8647 8300 8302
f 8647 8302 8304
f 8647 8645 8300
f 8648 8350 8646
f 8648 8346 8348
f 8648 8348 8350
f 8649 8647 8304
f 8650 8346 8648
f 8650 8343 8346
f 8651 8304 8306
f 8651 8649 8304
f 8652 8343 8650
f 8653 8651 8306
f 8653 8306 8307
f 8654 8343 8652
f 8654 8340 8342
f 8654 8342 8343
f 8655 8307 8310
f 8655 8310 8312
f 8655 8653 8307
f 8656 8340 8654
f 8656 8338 8340
f 8657 8655 8312
f 8658 8338 8656
f 8659 8312 8313
f 8659 8313 8315
f 8659 8657 8312
f 8660 8334 8336
f 8660 8336 8338
f 8660 8338 8658
f 8661 8659 8315
f 8662 8334 8660
f 8663 8315 8318
f 8663 8661 8315
f 8664 8334 8662
f 8664 8330 8332
f 8664 8332 8334
f 8665 8663 8318
f 8665 8318 8320
f 8666 8330 8664
f 8667 8665 8320
f 8667 8320 8321
f 8668 8327 8330
f 8668 8330 8666
f 8669 8321 8324
f 8669 8667 8321
f 8670 8324 8326
f 8670 8326 8327
f 8670 8327 8668
f 8670 8669 8324
f 8641 8671 8639
f 8641 8672 8671
f 8643 8673 8672
f 8643 8672 8641
f 8645 8674 8673
f 8645 8673 8643
f 8647 8675 8674
f 8647 8674 8645
f 8649 8676 8675
f 8649 8675 8647
f 8651 8677 8676
f 8651 8678 8677
f 8651 8676 8649
f 8653 8678 8651
f 8655 8679 8678
f 8655 8678 8653
f 8657 8680 8679
f 8657 8679 8655
f 8659 8681 8680
f 8659 8680 8657
f 8661 8681 8659
f 8661 8682 8681
f 8663 8682 8661
f 8663 8683 8682
f 8665 8683 8663
f 8665 8684 8683
f 8667 8684 8665
f 8667 8685 8684
f 8669 8685 8667
f 8669 8686 8685
f 8670 8686 8669
f 8670 8687 8686
f 8668 8687 8670
f 8668 8688 8687
f 8666 8688 8668
f 8666 8689 8688
f 8664 8689 8666
f 8664 8690 8689
f 8664 8691 8690
f 8662 8691 8664
f 8662 8692 8691
f 8660 8692 8662
f 8658 8692 8660
f 8658 8693 8692
f 8656 8694 8693
f 8656 8693 8658
f 8654 8695 8694
f 8654 8694 8656
f 8652 8696 8695
f 8652 8695 8654
f 8650 8697 8696
f 8650 8696 8652
f 8648 8698 8697
f 8648 8697 8650
f 8646 8699 8698
f 8646 8698 8648
f 8644 8700 8699
f 8644 8699 8646
f 8642 8701 8700
f 8642 8700 8644
f 8640 8702 8701
f 8640 8701 8642
f 8638 8703 8702
f 8638 8704 8703
f 8638 8702 8640
f 8636 8704 8638
f 8634 8705 8704
f 8634 8704 8636
f 8632 8706 8705
f 8632 8705 8634
f 8630 8707 8706
f 8630 8706 8632
f 8628 8707 8630
f 8628 8708 8707
f 8626 8708 8628
f 8626 8709 8708
f 8624 8709 8626
f 8624 8710 8709
f 8622 8710 8624
f 8622 8711 8710
f 8620 8711 8622
f 8620 8712 8711
f 8620 8713 8712
f 8618 8713 8620
f 8616 8713 8618
f 8616 8714 8713
f 8614 8714 8616
f 8614 8715 8714
f 8612 8715 8614
f 8612 8716 8715
f 8610 8716 8612
f 8610 8717 8716
f 8608 8717 8610
f 8608 8718 8717
f 8606 8718 8608
f 8606 8719 8718
f 8602 8719 8606
f 8602 8720 8719
f 8603 8720 8602
f 8603 8721 8720
f 8600 8721 8603
f 8600 8722 8721
f 8599 8722 8600
f 8599 8723 8722
f 8597 8723 8599
f 8597 8724 8723
f 8592 8724 8597
f 8592 8725 8724
f 8593 8725 8592
f 8593 8726 8725
f 8590 8726 8593
f 8590 8727 8726
f 8589 8727 8590
f 8589 8728 8727
f 8586 8729 8728
f 8586 8728 8589
f 8584 8730 8729
f 8584 8729 8586
f 8583 8731 8730
f 8583 8730 8584
f 8580 8732 8731
f 8580 8731 8583
f 8578 8732 8580
f 8578 8733 8732
f 8576 8733 8578
f 8576 8734 8733
f 8574 8734 8576
f 8574 8735 8734
f 8572 8735 8574
f 8572 8736 8735
f 8571 8736 8572
f 8571 8737 8736
f 8566 8737 8571
f 8566 8738 8737
f 8567 8738 8566
f 8567 8739 8738
f 8564 8739 8567
f 8564 8740 8739
f 8562 8740 8564
f 8562 8741 8740
f 8560 8741 8562
f 8560 8742 8741
f 8556 8742 8560
f 8556 8743 8742
f 8557 8743 8556
f 8557 8744 8743
f 8557 8745 8744
f 8555 8745 8557
f 8552 8746 8745
f 8552 8745 8555
f 8550 8747 8746
f 8550 8746 8552
f 8548 8748 8747
f 8548 8747 8550
f 8545 8749 8748
f 8545 8748 8548
f 8546 8750 8749
f 8546 8749 8545
f 8547 8751 8750
f 8547 8750 8546
f 8549 8752 8751
f 8549 8751 8547
f 8551 8753 8752
f 8551 8752 8549
f 8553 8754 8753
f 8553 8753 8551
f 8554 8755 8754
f 8554 8754 8553
f 8558 8756 8755
f 8558 8755 8554
f 8559 8757 8756
f 8559 8756 8558
f 8561 8758 8757
f 8561 8757 8559
f 8563 8758 8561
f 8563 8759 8758
f 8565 8759 8563
f 8565 8760 8759
f 8568 8760 8565
f 8568 8761 8760
f 8569 8761 8568
f 8569 8762 8761
f 8570 8763 8762
f 8570 8762 8569
f 8573 8764 8763
f 8573 8763 8570
f 8575 8765 8764
f 8575 8764 8573
f 8577 8766 8765
f 8577 8765 8575
f 8579 8767 8766
f 8579 8766 8577
f 8581 8768 8767
f 8581 8767 8579
f 8582 8769 8768
f 8582 8768 8581
f 8585 8770 8769
f 8585 8769 8582
f 8587 8771 8770
f 8587 8770 8585
f 8588 8772 8771
f 8588 8771 8587
f 8591 8773 8772
f 8591 8772 8588
f 8594 8774 8773
f 8594 8773 8591
f 8595 8775 8774
f 8595 8774 8594
f 8596 8776 8775
f 8596 8775 8595
f 8598 8777 8776
f 8598 8776 8596
f 8601 8778 8777
f 8601 8777 8598
f 8604 8779 8778
f 8604 8778 8601
f 8605 8780 8779
f 8605 8779 8604
f 8607 8781 8780
f 8607 8780 8605
f 8609 8782 8781
f 8609 8781 8607
f 8611 8782 8609
f 8611 8783 8782
f 8613 8783 8611
f 8613 8784 8783
f 8615 8784 8613
f 8615 8785 8784
f 8617 8785 8615
f 8617 8786 8785
f 8619 8786 8617
f 8619 8787 8786
f 8621 8787 8619
f 8621 8788 8787
f 8623 8788 8621
f 8623 8789 8788
f 8625 8789 8623
f 8625 8790 8789
f 8627 8790 8625
f 8627 8791 8790
f 8629 8791 8627
f 8629 8792 8791
f 8631 8792 8629
f 8631 8793 8792
f 8633 8793 8631
f 8633 8794 8793
f 8635 8794 8633
f 8635 8795 8794
f 8637 8796 8795
f 8637 8795 8635
f 8639 8671 8796
f 8639 8796 8637
f 8749 8750 8752
f 8750 8751 8752
f 8744 8745 8743
f 8753 8754 8757
f 8754 8755 8757
f 8755 8756 8757
f 8743 8745 8741
f 8742 8743 8741
f 8745 8746 8741
f 8757 8758 8759
f 8759 8760 8761
f 8761 8762 8763
f 8741 8746 8736
f 8737 8738 8736
f 8738 8739 8736
f 8739 8740 8736
f 8740 8741 8736
f 8746 8747 8736
f 8747 8748 8736
f 8763 8764 8765
f 8735 8736 8734
f 8763 8765 8766
f 8733 8734 8732
f 8732 8734 8731
f 8734 8736 8731
f 8757 8759 8769
f 8759 8761 8769
f 8761 8763 8769
f 8763 8766 8769
f 8766 8767 8769
f 8767 8768 8769
f 8757 8769 8772
f 8769 8770 8772
f 8770 8771 8772
f 8727 8728 8726
f 8728 8729 8726
f 8729 8730 8726
f 8730 8731 8726
f 8772 8773 8775
f 8773 8774 8775
f 8726 8731 8724
f 8725 8726 8724
f 8775 8776 8778
f 8776 8777 8778
f 8772 8775 8778
f 8749 8752 8778
f 8753 8757 8778
f 8757 8772 8778
f 8748 8749 8778
f 8752 8753 8778
f 8721 8722 8720
f 8722 8723 8720
f 8723 8724 8720
f 8778 8779 8780
f 8778 8780 8781
f 8748 8778 8781
f 8719 8720 8718
f 8718 8720 8717
f 8781 8782 8783
f 8781 8783 8784
f 8716 8717 8715
f 8717 8720 8715
f 8714 8715 8713
f 8784 8785 8787
f 8785 8786 8787
f 8781 8784 8787
f 8781 8787 8788
f 8712 8713 8711
f 8710 8711 8709
f 8709 8711 8708
f 8788 8789 8792
f 8789 8790 8792
f 8790 8791 8792
f 8788 8792 8793
f 8781 8788 8793
f 8707 8708 8706
f 8708 8711 8706
f 8793 8794 8796
f 8794 8795 8796
f 8781 8793 8796
f 8704 8705 8703
f 8705 8706 8703
f 8702 8703 8701
f 8671 8672 8674
f 8672 8673 8674
f 8731 8736 8674
f 8720 8724 8674
f 8724 8731 8674
f 8796 8671 8674
f 8748 8781 8674
f 8715 8720 8674
f 8713 8715 8674
f 8711 8713 8674
f 8736 8748 8674
f 8781 8796 8674
f 8674 8675 8676
f 8674 8676 8677
f 8701 8703 8696
f 8697 8698 8696
f 8698 8699 8696
f 8699 8700 8696
f 8700 8701 8696
f 8696 8703 8695
f 8703 8706 8695
f 8677 8678 8679
f 8679 8680 8681
f 8677 8679 8681
f 8674 8677 8681
f 8693 8694 8692
f 8694 8695 8692
f 8674 8681 8682
f 8674 8682 8683
f 8691 8692 8690
f 8692 8695 8690
f 8683 8684 8685
f 8683 8685 8686
f 8688 8689 8687
f 8689 8690 8687
f 8711 8674 8687
f 8695 8706 8687
f 8674 8683 8687
f 8690 8695 8687
f 8683 8686 8687
f 8706 8711 8687
