# https://github.com/mikedh/trimesh
v 0.07145360 0.00421422 -0.00428208
v 0.07123165 0.00449364 -0.00403414
v 0.07149410 0.00347881 -0.00490923
v 0.07096690 0.00416116 -0.00455240
v 0.07120792 0.00378874 -0.00471796
v 0.07098548 0.00378535 -0.00485018
v 0.07078049 0.00438317 -0.00453406
v 0.07064894 0.00452729 -0.00463982
v 0.07059277 0.00448314 -0.00482071
v 0.07079322 0.00379132 -0.00503300
v 0.07139660 0.00334708 -0.00498911
v 0.07071279 0.00362261 -0.00527350
v 0.07053887 0.00484097 -0.00467404
v 0.07093157 0.00344883 -0.00513764
v 0.07049076 0.00525178 -0.00462266
v 0.07057302 0.00404680 -0.00523955
v 0.07129764 0.00299737 -0.00522357
v 0.07121951 0.00259696 -0.00546685
v 0.07051367 0.00442427 -0.00521434
v 0.07049583 0.00399955 -0.00574994
v 0.07139581 0.00220594 -0.00558938
v 0.07097335 0.00251600 -0.00562086
v 0.07055689 0.00362177 -0.00559415
v 0.07112483 0.00212272 -0.00570312
v 0.07069539 0.00258459 -0.00587077
v 0.07084600 0.00276701 -0.00560560
v 0.07061833 0.00252408 -0.00602783
v 0.07099545 0.00173039 -0.00589290
v 0.07059131 0.00324784 -0.00572625
v 0.07148871 0.00115649 -0.00589968
v 0.07083234 0.00218695 -0.00586398
v 0.07143649 0.00085450 -0.00596209
v 0.07053354 0.00316772 -0.00594818
v 0.07094744 0.00156518 -0.00597296
v 0.07093963 0.00122838 -0.00605694
v 0.07062388 0.00159916 -0.00632263
v 0.07051698 0.00260953 -0.00627435
v 0.07151136 0.00018329 -0.00601592
v 0.07056191 0.00136429 -0.00652699
v 0.07078621 0.00135848 -0.00615557
v 0.07109739 0.00079224 -0.00603892
v 0.07050959 0.00173883 -0.00663092
v 0.07129530 0.00002778 -0.00603391
v 0.07067652 0.00085998 -0.00637383
v 0.07054945 0.00046975 -0.00668275
v 0.07091190 0.00009661 -0.00619521
v 0.07108648 0.00001151 -0.00609351
v 0.07091836 0.00063808 -0.00615672
v 0.07118786 -0.00010348 -0.00605028
v 0.07071411 0.00018337 -0.00637288
v 0.07140597 -0.00060831 -0.00597784
v 0.07049277 0.00036337 -0.00699277
v 0.07031681 0.00113759 -0.00691875
v 0.07065664 -0.00020537 -0.00646347
v 0.07118831 -0.00088429 -0.00598812
v 0.07089907 -0.00114334 -0.00611325
v 0.07060759 -0.00052174 -0.00653253
v 0.07073922 -0.00073144 -0.00631514
v 0.07098588 -0.00075827 -0.00609628
v 0.07101229 -0.00036153 -0.00613355
v 0.07050871 -0.00027458 -0.00685223
v 0.07129555 -0.00160029 -0.00581296
v 0.07055113 -0.00067203 -0.00665348
v 0.07146485 -0.00131522 -0.00585881
v 0.07113416 -0.00179035 -0.00580258
v 0.07097309 -0.00144509 -0.00597877
v 0.07062769 -0.00144888 -0.00635055
v 0.07053540 -0.00146321 -0.00656885
v 0.07145431 -0.00219473 -0.00559167
v 0.07024861 -0.00070116 -0.00698472
v 0.07073692 -0.00145412 -0.00619160
v 0.07101761 -0.00214199 -0.00574973
v 0.07078735 -0.00168488 -0.00607048
v 0.07122297 -0.00263187 -0.00543854
v 0.07061693 -0.00242532 -0.00606883
v 0.07090498 -0.00278083 -0.00555238
v 0.07066179 -0.00250935 -0.00598605
v 0.07115628 -0.00242648 -0.00555399
v 0.07128469 -0.00332950 -0.00502604
v 0.07052349 -0.00330999 -0.00594040
v 0.07049362 -0.00147194 -0.00685217
v 0.07075134 -0.00253096 -0.00581445
v 0.07122034 -0.00341679 -0.00499411
v 0.07054922 -0.00274295 -0.00611779
v 0.07075847 -0.00305028 -0.00554994
v 0.07108681 -0.00318256 -0.00519360
v 0.07091281 -0.00351895 -0.00510689
v 0.07141311 -0.00328467 -0.00504126
v 0.07061363 -0.00322980 -0.00568919
v 0.07152758 -0.00401818 -0.00446448
v 0.07122862 -0.00417478 -0.00437895
v 0.07049471 -0.00266971 -0.00647587
v 0.07130469 -0.00406496 -0.00445122
v 0.07076708 -0.00392145 -0.00496345
v 0.07049454 -0.00362028 -0.00599256
v 0.07070295 -0.00379358 -0.00515202
v 0.07061065 -0.00365017 -0.00543838
v 0.07099139 -0.00431608 -0.00436823
v 0.07053584 -0.00423602 -0.00524736
v 0.07091929 -0.00448635 -0.00427426
v 0.07157896 -0.00448541 -0.00399134
v 0.07075510 -0.00482720 -0.00411802
v 0.07088885 -0.00465622 -0.00411824
v 0.07056539 -0.00441875 -0.00496025
v 0.07149254 -0.00479650 -0.00360569
v 0.07069355 -0.00499752 -0.00403025
v 0.07110382 -0.00474726 -0.00380578
v 0.07099048 -0.00494203 -0.00365040
v 0.07143784 -0.00519668 -0.00301106
v 0.07051061 -0.00529527 -0.00436739
v 0.07134214 -0.00471186 -0.00375228
v 0.07058927 -0.00520252 -0.00406524
v 0.07074309 -0.00512164 -0.00375384
v 0.07054323 -0.00532756 -0.00408814
v 0.07117634 -0.00534383 -0.00285965
v 0.07089923 -0.00536872 -0.00311137
v 0.07083808 -0.00549222 -0.00299521
v 0.07147732 -0.00568355 -0.00197620
v 0.07140242 -0.00540959 -0.00261076
v 0.07050422 -0.00542714 -0.00427781
v 0.07049312 -0.00485814 -0.00507163
v 0.07079621 -0.00554372 -0.00298421
v 0.07108522 -0.00546769 -0.00268522
v 0.07049452 -0.00602077 -0.00357545
v 0.07062172 -0.00569678 -0.00317579
v 0.07103603 -0.00573280 -0.00214010
v 0.07131495 -0.00569895 -0.00195126
v 0.07055609 -0.00598828 -0.00294391
v 0.07089695 -0.00581822 -0.00216368
v 0.07066346 -0.00594508 -0.00252046
v 0.07132348 -0.00584482 -0.00144867
v 0.07053466 -0.00631110 -0.00238466
v 0.07062069 -0.00607556 -0.00238474
v 0.07078564 -0.00578058 -0.00253393
v 0.07063198 -0.00630270 -0.00163104
v 0.07143995 -0.00592014 -0.00099617
v 0.07120406 -0.00600396 -0.00075838
v 0.07049791 -0.00632207 -0.00299692
v 0.07050024 -0.00656827 -0.00242603
v 0.07072656 -0.00619949 -0.00145156
v 0.07097196 -0.00601235 -0.00130906
v 0.07118223 -0.00593075 -0.00123927
v 0.07084833 -0.00612957 -0.00121629
v 0.07144867 -0.00601097 -0.00014008
v 0.07090558 -0.00617597 -0.00051371
v 0.07052079 -0.00672856 -0.00099229
v 0.07133975 -0.00600665 -0.00030468
v 0.07058051 -0.00651303 -0.00112551
v 0.07057077 -0.00660250 -0.00069317
v 0.07078303 -0.00630600 -0.00023138
v 0.07122827 -0.00604441 0.00011125
v 0.07051198 -0.00682567 -0.00053140
v 0.07107692 -0.00607981 0.00049262
v 0.07067447 -0.00644263 0.00005780
v 0.07084859 -0.00623897 -0.00015793
v 0.07157513 -0.00588667 0.00119208
v 0.07058731 -0.00659318 0.00004531
v 0.07105747 -0.00602718 0.00098056
v 0.07069677 -0.00634817 0.00085077
v 0.07084366 -0.00620893 0.00068078
v 0.07140528 -0.00584901 0.00139886
v 0.07055770 -0.00663432 0.00060638
v 0.07096773 -0.00592475 0.00170122
v 0.07051055 -0.00677861 0.00099241
v 0.07088337 -0.00589766 0.00202155
v 0.07072016 -0.00612903 0.00179096
v 0.07143617 -0.00542512 0.00258912
v 0.07110136 -0.00581637 0.00179213
v 0.07059945 -0.00633522 0.00175459
v 0.07113001 -0.00550451 0.00257967
v 0.07142335 -0.00564156 0.00207298
v 0.07049821 -0.00696943 0.00081481
v 0.07073078 -0.00588490 0.00243057
v 0.07052793 -0.00655699 0.00170287
v 0.07068280 -0.00590556 0.00254508
v 0.07058918 -0.00579238 0.00317707
v 0.07096513 -0.00530718 0.00313482
v 0.07108950 -0.00536206 0.00289763
v 0.07096047 -0.00504095 0.00355263
v 0.07062074 -0.00593947 0.00270477
v 0.07051036 -0.00618446 0.00295802
v 0.07049412 -0.00669440 0.00205767
v 0.07072152 -0.00535701 0.00346234
v 0.07131941 -0.00523050 0.00298659
v 0.07110243 -0.00495784 0.00353089
v 0.07144912 -0.00501329 0.00330375
v 0.07049860 -0.00639401 0.00284764
v 0.07125967 -0.00480549 0.00365604
v 0.07055552 -0.00563005 0.00360872
v 0.07064762 -0.00530557 0.00372168
v 0.07104271 -0.00466395 0.00394475
v 0.07057416 -0.00527358 0.00401760
v 0.07078605 -0.00504444 0.00377111
v 0.07073590 -0.00457704 0.00441842
v 0.07052032 -0.00562243 0.00382202
v 0.07051158 -0.00542374 0.00418381
v 0.07060873 -0.00457735 0.00471387
v 0.07049874 -0.00600864 0.00361139
v 0.07053528 -0.00494296 0.00458039
v 0.07049742 -0.00538847 0.00447054
v 0.07250759 -0.00522135 0.00466349
v 0.07149551 -0.00458789 0.00386828
v 0.07250483 0.00510826 -0.00478629
v 0.07250871 0.00434261 -0.00549927
v 0.07237003 0.00460670 -0.00459641
v 0.07243331 0.00452146 -0.00486283
v 0.07222156 0.00445400 -0.00446812
v 0.07240941 0.00414965 -0.00511494
v 0.07210023 0.00455672 -0.00420335
v 0.07227399 0.00408545 -0.00488504
v 0.07246202 0.00403713 -0.00538441
v 0.07167545 0.00435800 -0.00415012
v 0.07155180 0.00433252 -0.00416273
v 0.07211739 0.00399566 -0.00475780
v 0.07197405 0.00422677 -0.00443548
v 0.07189256 0.00384681 -0.00471936
v 0.07241239 0.00381541 -0.00535921
v 0.07221692 0.00336642 -0.00533563
v 0.07250316 0.00345710 -0.00608527
v 0.07184120 0.00338041 -0.00504229
v 0.07207399 0.00339227 -0.00516674
v 0.07161879 0.00357468 -0.00483458
v 0.07241298 0.00305294 -0.00584879
v 0.07247864 0.00280326 -0.00618878
v 0.07190256 0.00270374 -0.00546325
v 0.07250216 0.00218982 -0.00667480
v 0.07237421 0.00273478 -0.00591709
v 0.07212872 0.00251413 -0.00570205
v 0.07199240 0.00273566 -0.00548760
v 0.07249267 0.00210128 -0.00655195
v 0.07166059 0.00291109 -0.00527623
v 0.07248115 0.00169800 -0.00659357
v 0.07169561 0.00264956 -0.00540863
v 0.07231160 0.00207855 -0.00607518
v 0.07242860 0.00141935 -0.00649101
v 0.07160915 0.00263999 -0.00540032
v 0.07245621 0.00129146 -0.00659674
v 0.07224998 0.00156788 -0.00614714
v 0.07238345 0.00144107 -0.00637821
v 0.07283500 0.00118053 -0.00692761
v 0.07156144 0.00248767 -0.00546357
v 0.07182897 0.00166422 -0.00582890
v 0.07164895 0.00188526 -0.00571020
v 0.07204265 0.00183797 -0.00588668
v 0.07250088 0.00014777 -0.00700009
v 0.07206199 0.00097481 -0.00610258
v 0.07249263 0.00006795 -0.00688969
v 0.07221273 0.00085165 -0.00624236
v 0.07177851 0.00114223 -0.00593615
v 0.07237532 0.00026238 -0.00651689
v 0.07154907 0.00148557 -0.00581442
v 0.07232164 -0.00006613 -0.00644331
v 0.07245870 -0.00007430 -0.00671527
v 0.07194342 0.00083103 -0.00604655
v 0.07162037 0.00080222 -0.00596362
v 0.07189543 0.00061392 -0.00605027
v 0.07250601 -0.00084361 -0.00695380
v 0.07240853 -0.00097446 -0.00651865
v 0.07175105 0.00029221 -0.00602587
v 0.07244038 -0.00084060 -0.00660969
v 0.07223846 -0.00023486 -0.00633084
v 0.07207847 -0.00006154 -0.00618581
v 0.07170883 -0.00040626 -0.00601498
v 0.07250270 -0.00234611 -0.00661254
v 0.07193569 -0.00016820 -0.00610372
v 0.07210260 -0.00115819 -0.00610337
v 0.07231193 -0.00141120 -0.00626416
v 0.07223976 -0.00109580 -0.00623351
v 0.07202290 -0.00115487 -0.00605070
v 0.07246913 -0.00169556 -0.00653170
v 0.07244294 -0.00186909 -0.00639802
v 0.07220581 -0.00139712 -0.00613651
v 0.07189617 -0.00150289 -0.00590766
v 0.07176322 -0.00112637 -0.00593297
v 0.07247912 -0.00256894 -0.00627843
v 0.07162293 -0.00117765 -0.00589609
v 0.07238145 -0.00218597 -0.00615068
v 0.07217594 -0.00202084 -0.00593203
v 0.07217156 -0.00184002 -0.00598248
v 0.07202848 -0.00259462 -0.00558909
v 0.07221303 -0.00276249 -0.00566623
v 0.07241713 -0.00307766 -0.00584914
v 0.07167391 -0.00240257 -0.00553146
v 0.07249492 -0.00362045 -0.00586979
v 0.07246820 -0.00359823 -0.00573881
v 0.07190574 -0.00261699 -0.00549992
v 0.07159999 -0.00191052 -0.00569403
v 0.07234474 -0.00294708 -0.00575564
v 0.07250702 -0.00392091 -0.00581818
v 0.07158683 -0.00247438 -0.00547167
v 0.07234354 -0.00420064 -0.00493208
v 0.07222056 -0.00336295 -0.00535472
v 0.07202481 -0.00321076 -0.00524775
v 0.07167631 -0.00321363 -0.00509280
v 0.07193607 -0.00376028 -0.00481423
v 0.07214948 -0.00407906 -0.00473477
v 0.07287597 -0.00510834 -0.00481171
v 0.07238707 -0.00388747 -0.00526790
v 0.07203037 -0.00373822 -0.00489061
v 0.07157344 -0.00324456 -0.00505209
v 0.07248982 -0.00509318 -0.00459534
v 0.07243238 -0.00478695 -0.00460503
v 0.07222669 -0.00425963 -0.00466343
v 0.07244982 -0.00466282 -0.00485434
v 0.07235380 -0.00464208 -0.00452539
v 0.07162586 -0.00384925 -0.00461671
v 0.07190408 -0.00431451 -0.00430706
v 0.07213322 -0.00511592 -0.00358266
v 0.07208188 -0.00466018 -0.00407304
v 0.07175675 -0.00472917 -0.00377946
v 0.07231239 -0.00511767 -0.00387517
v 0.07250409 -0.00572071 -0.00404073
v 0.07186938 -0.00475040 -0.00380440
v 0.07244643 -0.00546047 -0.00383152
v 0.07275150 -0.00613325 -0.00340761
v 0.07240544 -0.00598370 -0.00275254
v 0.07199880 -0.00527719 -0.00314279
v 0.07250498 -0.00662029 -0.00234666
v 0.07242806 -0.00584469 -0.00311910
v 0.07163447 -0.00497122 -0.00338962
v 0.07249303 -0.00648656 -0.00231439
v 0.07194104 -0.00531432 -0.00300884
v 0.07229533 -0.00576235 -0.00278250
v 0.07237038 -0.00592869 -0.00268175
v 0.07176843 -0.00533478 -0.00284007
v 0.07225825 -0.00604900 -0.00198462
v 0.07242594 -0.00649484 -0.00144084
v 0.07245740 -0.00637237 -0.00211316
v 0.07250050 -0.00689109 -0.00122954
v 0.07199350 -0.00566011 -0.00236302
v 0.07160436 -0.00556399 -0.00228940
v 0.07219280 -0.00590349 -0.00213777
v 0.07196037 -0.00577714 -0.00201524
v 0.07235655 -0.00627523 -0.00164671
v 0.07154907 -0.00546812 -0.00247267
v 0.07212618 -0.00589861 -0.00198720
v 0.07177328 -0.00576493 -0.00182129
v 0.07247114 -0.00672021 -0.00083774
v 0.07250274 -0.00698847 -0.00047791
v 0.07194441 -0.00604544 -0.00095479
v 0.07156450 -0.00576648 -0.00168091
v 0.07203541 -0.00606383 -0.00108466
v 0.07232415 -0.00638504 -0.00079125
v 0.07174516 -0.00596200 -0.00101563
v 0.07215324 -0.00614103 -0.00112694
v 0.07247711 -0.00678313 0.00000456
v 0.07219954 -0.00629432 -0.00014884
v 0.07184108 -0.00606195 -0.00044814
v 0.07250288 -0.00693923 0.00109010
v 0.07241372 -0.00659590 0.00015912
v 0.07159988 -0.00593796 -0.00090223
v 0.07232362 -0.00643738 0.00015387
v 0.07210210 -0.00620760 -0.00009367
v 0.07178700 -0.00604378 -0.00019338
v 0.07240593 -0.00651223 0.00093176
v 0.07206007 -0.00616848 0.00036433
v 0.07156680 -0.00600392 0.00028030
v 0.07247884 -0.00670178 0.00106413
v 0.07177034 -0.00603911 0.00016559
v 0.07157340 -0.00599627 -0.00030415
v 0.07184215 -0.00601127 0.00079224
v 0.07227385 -0.00630037 0.00088249
v 0.07247252 -0.00643964 0.00211313
v 0.07223933 -0.00615968 0.00145900
v 0.07239298 -0.00633285 0.00165597
v 0.07163055 -0.00593067 0.00102331
v 0.07215709 -0.00606468 0.00154973
v 0.07290023 -0.00657481 0.00242547
v 0.07205231 -0.00598636 0.00150210
v 0.07242781 -0.00608076 0.00264024
v 0.07231989 -0.00589308 0.00257986
v 0.07183122 -0.00583415 0.00163543
v 0.07250226 -0.00625121 0.00314940
v 0.07194845 -0.00577302 0.00203710
v 0.07245051 -0.00573795 0.00347566
v 0.07220772 -0.00576663 0.00253901
v 0.07250523 -0.00588727 0.00378750
v 0.07212082 -0.00572825 0.00242532
v 0.07164384 -0.00567983 0.00197558
v 0.07192647 -0.00551323 0.00261404
v 0.07160158 -0.00559245 0.00218593
v 0.07237280 -0.00554618 0.00340598
v 0.07221306 -0.00530685 0.00340655
v 0.07162252 -0.00541553 0.00260129
v 0.07250671 -0.00579005 0.00393476
v 0.07248275 -0.00571860 0.00369805
v 0.07212155 -0.00516376 0.00347112
v 0.07181256 -0.00516687 0.00316313
v 0.07244964 -0.00510455 0.00431444
v 0.07236618 -0.00508404 0.00405335
v 0.07228646 -0.00499200 0.00398365
v 0.07214005 -0.00482442 0.00395723
v 0.07219467 -0.00460695 0.00427699
v 0.07189620 -0.00528011 0.00304551
v 0.07168496 -0.00490469 0.00350541
v 0.07198694 -0.00441700 0.00426419
v 0.07185472 -0.00445524 0.00412864
v 0.07159033 -0.00489302 0.00348380
v 0.07165337 -0.00460065 0.00386943
v 0.07224286 -0.00342472 0.00211756
v 0.07121429 -0.00385395 0.00119448
v 0.07350000 -0.00390711 -0.00113734
v 0.06950000 -0.00401425 0.00002777
v 0.06950000 -0.00390759 -0.00086960
v 0.06950000 -0.00373434 -0.00144229
v 0.07083333 -0.00336871 -0.00217622
v 0.07083333 -0.00282163 -0.00285022
v 0.07350000 -0.00231283 -0.00327100
v 0.07127778 -0.00182869 -0.00357141
v 0.07150000 -0.00108287 -0.00385614
v 0.07150000 -0.00046637 -0.00397728
v 0.07150000 0.00040317 -0.00399625
v 0.07150000 0.00127875 -0.00379577
v 0.07350000 0.00334417 -0.00235876
v 0.07066129 0.00206995 -0.00344077
v 0.07350000 0.00538724 -0.00447275
v 0.07295546 0.00599523 -0.00367405
v 0.07263508 -0.00045428 0.00700808
v 0.07350000 0.00046883 0.00699494
v 0.07285733 -0.00184145 0.00678265
v 0.07350000 -0.00226463 0.00662565
v 0.07262650 -0.00418530 0.00564128
v 0.07350000 -0.00525223 0.00462753
v 0.07022548 0.00486209 -0.00518023
v 0.07008996 0.00596699 -0.00371851
v 0.07049774 0.00625779 -0.00314850
v 0.07009914 0.00678970 -0.00183230
v 0.07007873 0.00700787 -0.00029336
v 0.07019865 0.00697466 0.00079450
v 0.07038738 0.00672634 0.00206212
v 0.06950000 0.00651808 0.00256428
v 0.07029915 0.00631294 0.00306883
v 0.06950000 0.00558357 0.00423654
v 0.07049770 0.00558610 0.00423873
v 0.07019090 0.00475288 0.00517442
v 0.07029098 0.00372433 0.00595160
v 0.07004912 0.00315795 0.00626862
v 0.07001159 0.00152712 0.00686541
v 0.07049956 0.00219543 0.00664884
v 0.07034543 0.00044997 0.00699307
v 0.06950000 -0.00014943 0.00700039
v 0.07031803 -0.00037363 0.00699890
v 0.07003773 -0.00155112 0.00684572
v 0.06992764 -0.00327138 0.00622133
v 0.07049576 -0.00260298 0.00650824
v 0.07016643 -0.00407350 0.00570254
v 0.06999910 -0.00480675 0.00512158
v 0.06950000 -0.00566582 0.00412026
v 0.06950000 -0.00606502 0.00349507
v 0.06950000 -0.00623170 0.00318841
v 0.06950000 -0.00644236 0.00274296
v 0.06950000 -0.00663730 0.00222401
v 0.06950000 -0.00686281 0.00143205
v 0.06950000 -0.00698085 0.00051743
v 0.06950000 -0.00700194 0.00002514
v 0.07021835 -0.00701771 -0.00029573
v 0.07006167 -0.00683414 -0.00163426
v 0.06950000 -0.00617772 -0.00331432
v 0.06999860 -0.00565454 -0.00416337
v 0.06950000 -0.00500709 -0.00489173
v 0.06950000 -0.00465193 -0.00523329
v 0.06950000 -0.00397772 -0.00576678
v 0.06950000 -0.00334278 -0.00615027
v 0.06950000 -0.00303206 -0.00630925
v 0.06950000 -0.00194941 -0.00674922
v 0.06950000 0.00000569 -0.00700000
v 0.06950000 0.00035461 -0.00699101
v 0.06950000 0.00070264 -0.00696465
v 0.07016546 0.00139585 -0.00687605
v 0.07004915 0.00200965 -0.00672119
v 0.06950000 0.00272429 -0.00644812
v 0.07032638 0.00308531 -0.00630804
v 0.06950000 0.00365490 -0.00597007
v 0.06950000 0.00433672 -0.00550834
v 0.07350000 -0.00560349 0.00419866
v 0.07350000 -0.00599370 0.00361986
v 0.07350000 -0.00623170 0.00318841
v 0.07350000 -0.00638288 0.00287382
v 0.07350000 -0.00663730 0.00222401
v 0.07350000 -0.00673991 0.00189040
v 0.07350000 -0.00682576 0.00155210
v 0.07350000 -0.00689464 0.00120993
v 0.07350000 -0.00697073 0.00066082
v 0.07350000 -0.00699796 0.00016882
v 0.07350000 -0.00699768 -0.00018021
v 0.07350000 -0.00698000 -0.00052879
v 0.07350000 -0.00689694 -0.00122190
v 0.07350000 -0.00673683 -0.00190136
v 0.07350000 -0.00663368 -0.00223480
v 0.07350000 -0.00651403 -0.00256269
v 0.07350000 -0.00637820 -0.00288420
v 0.07350000 -0.00622650 -0.00319854
v 0.07350000 -0.00587709 -0.00380260
v 0.07350000 -0.00555938 -0.00425689
v 0.07350000 -0.00419051 -0.00561406
v 0.07350000 -0.00314909 -0.00626356
v 0.07350000 -0.00238879 -0.00657979
v 0.07350000 -0.00189075 -0.00674116
v 0.07350000 -0.00103870 -0.00692954
v 0.07350000 0.00022997 -0.00700686
v 0.07350000 0.00244241 -0.00656602
v 0.07350000 0.00304231 -0.00630431
v 0.07350000 0.00353258 -0.00604555
v 0.07350000 0.00394794 -0.00578046
v 0.07350000 0.00423117 -0.00557649
v 0.07350000 0.00450387 -0.00535865
v 0.07350000 0.00491513 -0.00498692
v 0.06950000 0.00298870 -0.00267323
v 0.06950000 0.00350618 -0.00193787
v 0.06950000 0.00378775 -0.00129553
v 0.07350000 0.00401095 -0.00026553
v 0.06950000 0.00395752 -0.00062182
v 0.07103846 0.00399423 0.00039715
v 0.07350000 0.00366097 0.00165548
v 0.06950000 0.00374247 0.00147233
v 0.07150000 0.00317332 0.00244267
v 0.07100000 0.00272322 0.00294123
v 0.07204545 0.00206227 0.00343589
v 0.07350000 0.00115007 0.00384133
v 0.06950000 0.00139655 0.00375874
v 0.07088462 0.00032940 0.00399711
v 0.07230000 -0.00060256 0.00396785
v 0.07350000 -0.00245490 0.00318303
v 0.07060345 -0.00153306 0.00371042
v 0.06950000 -0.00255689 0.00308882
v 0.07282846 -0.00502602 0.00494537
v 0.07249048 -0.00438733 0.00529302
v 0.07243209 -0.00432354 0.00504802
v 0.07231669 -0.00421323 0.00486143
v 0.07232279 -0.00341588 0.00548234
v 0.07245426 -0.00380156 0.00553068
v 0.07174367 -0.00404571 0.00448200
v 0.07162544 -0.00401902 0.00447375
v 0.07209703 -0.00367102 0.00500043
v 0.07212829 -0.00406365 0.00471801
v 0.07267293 -0.00383667 0.00598037
v 0.07243340 -0.00297916 0.00594614
v 0.07238403 -0.00383498 0.00530952
v 0.07247720 -0.00277447 0.00620087
v 0.07179020 -0.00336511 0.00502364
v 0.07222909 -0.00360206 0.00519839
v 0.07207479 -0.00306733 0.00536997
v 0.07241377 -0.00277108 0.00598582
v 0.07191386 -0.00323616 0.00518720
v 0.07222776 -0.00275546 0.00568620
v 0.07249427 -0.00217081 0.00654272
v 0.07162739 -0.00326902 0.00504762
v 0.07212577 -0.00241243 0.00574544
v 0.07246742 -0.00193912 0.00643405
v 0.07161480 -0.00279824 0.00532265
v 0.07189397 -0.00239088 0.00560680
v 0.07222507 -0.00200845 0.00598931
v 0.07200334 -0.00254267 0.00558580
v 0.07181246 -0.00235874 0.00557369
v 0.07151200 -0.00275085 0.00533452
v 0.07234256 -0.00194595 0.00616812
v 0.07203442 -0.00169796 0.00592183
v 0.07220865 -0.00117176 0.00619475
v 0.07230703 -0.00107547 0.00632355
v 0.07245432 -0.00126756 0.00657586
v 0.07158128 -0.00192624 0.00569057
v 0.07241206 -0.00064350 0.00656867
v 0.07248060 -0.00081083 0.00675553
v 0.07189328 -0.00137144 0.00594631
v 0.07176951 -0.00124681 0.00591097
v 0.07196891 -0.00120887 0.00600002
v 0.07212956 -0.00051355 0.00621568
v 0.07236670 0.00017337 0.00652041
v 0.07152455 -0.00148528 0.00581326
v 0.07250193 0.00074389 0.00696535
v 0.07162162 -0.00082743 0.00595694
v 0.07229408 0.00032370 0.00640578
v 0.07244842 0.00034306 0.00667537
v 0.07201034 -0.00009900 0.00614715
v 0.07221265 0.00009333 0.00630549
v 0.07184052 -0.00022264 0.00605803
v 0.07249269 0.00101114 0.00680701
v 0.07243705 0.00124755 0.00654214
v 0.07208600 0.00052186 0.00617359
v 0.07157841 -0.00045889 0.00599275
v 0.07164656 0.00041823 0.00600392
v 0.07168958 0.00049365 0.00600569
v 0.07223036 0.00112028 0.00621806
v 0.07273394 0.00185937 0.00678123
v 0.07198806 0.00095141 0.00606369
v 0.07248102 0.00029177 0.00683771
v 0.07240667 0.00166719 0.00636725
v 0.07182629 0.00071772 0.00601754
v 0.07219043 0.00177247 0.00602779
v 0.07240225 0.00220753 0.00619515
v 0.07286411 0.00332934 0.00621610
v 0.07250393 0.00356707 0.00603287
v 0.07159336 0.00113141 0.00590145
v 0.07233252 0.00219066 0.00606602
v 0.07171965 0.00142205 0.00585657
v 0.07198018 0.00172215 0.00587938
v 0.07153418 0.00077526 0.00595889
v 0.07202822 0.00231347 0.00570669
v 0.07247076 0.00235185 0.00634701
v 0.07180726 0.00177371 0.00578469
v 0.07155555 0.00168945 0.00576332
v 0.07215945 0.00217871 0.00585885
v 0.07229255 0.00271897 0.00578790
v 0.07245625 0.00349901 0.00573564
v 0.07236583 0.00301614 0.00575768
v 0.07247594 0.00339024 0.00587461
v 0.07223427 0.00300682 0.00556243
v 0.07194048 0.00252421 0.00555893
v 0.07167515 0.00255414 0.00546001
v 0.07167758 0.00311645 0.00516773
v 0.07239148 0.00381435 0.00532857
v 0.07249646 0.00505098 0.00476202
v 0.07202127 0.00314027 0.00528546
v 0.07248056 0.00426599 0.00530040
v 0.07242963 0.00416737 0.00515832
v 0.07225517 0.00370532 0.00514856
v 0.07157066 0.00264673 0.00540182
v 0.07203605 0.00366479 0.00494605
v 0.07152490 0.00348575 0.00488894
v 0.07174481 0.00388516 0.00462003
v 0.07228386 0.00450543 0.00454049
v 0.07192226 0.00391647 0.00468138
v 0.07278648 0.00498187 0.00496314
v 0.07203441 0.00407047 0.00461862
v 0.07239673 0.00489215 0.00438390
v 0.07216838 0.00437648 0.00447432
v 0.07244891 0.00477328 0.00469568
v 0.07152844 0.00384404 0.00461331
v 0.07246437 0.00520222 0.00429107
v 0.07278766 0.00603279 0.00361779
v 0.07210473 0.00470253 0.00405070
v 0.07160277 0.00429524 0.00420310
v 0.07185436 0.00478972 0.00373767
v 0.07243585 0.00577825 0.00332088
v 0.07172296 0.00453082 0.00397798
v 0.07249298 0.00604747 0.00330233
v 0.07194752 0.00476334 0.00382721
v 0.07247427 0.00550781 0.00400320
v 0.07222607 0.00528836 0.00345575
v 0.07238467 0.00587816 0.00287798
v 0.07234471 0.00544024 0.00350530
v 0.07202338 0.00515337 0.00335001
v 0.07239075 0.00574673 0.00313209
v 0.07159614 0.00482959 0.00357094
v 0.07278670 0.00630962 0.00307244
v 0.07164673 0.00487756 0.00351275
v 0.07221611 0.00532226 0.00339484
v 0.07198325 0.00547060 0.00276813
v 0.07186014 0.00573066 0.00214456
v 0.07248675 0.00643085 0.00233247
v 0.07169371 0.00534147 0.00279448
v 0.07246454 0.00639318 0.00213317
v 0.07264456 0.00670094 0.00215039
v 0.07227233 0.00583803 0.00253500
v 0.07241408 0.00638051 0.00173251
v 0.07212696 0.00560510 0.00270750
v 0.07224510 0.00606199 0.00186433
v 0.07275062 0.00699425 0.00067134
v 0.07249135 0.00678115 0.00105083
v 0.07157305 0.00553860 0.00231486
v 0.07179633 0.00576959 0.00183238
v 0.07203538 0.00588476 0.00180520
v 0.07242515 0.00656627 0.00087363
v 0.07231222 0.00625257 0.00147363
v 0.07229921 0.00634783 0.00085305
v 0.07164332 0.00580762 0.00156703
v 0.07214765 0.00616186 0.00099292
v 0.07249546 0.00691652 0.00001652
v 0.07247262 0.00675812 0.00039742
v 0.07234576 0.00647606 0.00018388
v 0.07217957 0.00627032 0.00038412
v 0.07206094 0.00617687 0.00033756
v 0.07178224 0.00599732 0.00082238
v 0.07244146 0.00666361 -0.00017012
v 0.07190415 0.00606615 0.00051349
v 0.07169047 0.00599564 0.00058052
v 0.07246056 0.00665522 -0.00098936
v 0.07225691 0.00634727 -0.00015379
v 0.07241877 0.00658465 -0.00063353
v 0.07146652 0.00588886 0.00120734
v 0.07177201 0.00603395 0.00040252
v 0.07265781 0.00703224 -0.00056959
v 0.07189016 0.00607902 -0.00035046
v 0.07149307 0.00601390 -0.00009822
v 0.07227985 0.00627090 -0.00120158
v 0.07249248 0.00671355 -0.00150119
v 0.07191139 0.00604887 -0.00080209
v 0.07213957 0.00619666 -0.00068941
v 0.07177094 0.00600448 -0.00073566
v 0.07239569 0.00643655 -0.00129020
v 0.07199506 0.00603051 -0.00116512
v 0.07292093 0.00680604 -0.00174545
v 0.07220515 0.00616937 -0.00123860
v 0.07254158 0.00652048 -0.00260270
v 0.07245837 0.00631743 -0.00228131
v 0.07162684 0.00597443 -0.00068007
v 0.07214970 0.00603224 -0.00160679
v 0.07186744 0.00597463 -0.00113134
v 0.07234300 0.00602252 -0.00234947
v 0.07221300 0.00590916 -0.00217641
v 0.07241956 0.00612183 -0.00250058
v 0.07209167 0.00577568 -0.00226610
v 0.07161405 0.00576549 -0.00175092
v 0.07192685 0.00566185 -0.00226299
v 0.07226654 0.00562236 -0.00297846
v 0.07249102 0.00586341 -0.00359946
v 0.07168523 0.00573477 -0.00185672
v 0.07239483 0.00575876 -0.00311844
v 0.07247187 0.00561277 -0.00378460
v 0.07249765 0.00558869 -0.00409996
v 0.07205626 0.00539753 -0.00299838
v 0.07213288 0.00520890 -0.00343574
v 0.07239852 0.00542852 -0.00369246
v 0.07173328 0.00536717 -0.00275552
v 0.07243210 0.00529537 -0.00400431
v 0.07229242 0.00524556 -0.00365015
v 0.07163344 0.00518990 -0.00303487
v 0.07246019 0.00475067 -0.00476170
v 0.07197617 0.00515613 -0.00331977
v 0.07240399 0.00514188 -0.00409367
v 0.07218667 0.00500143 -0.00378905
v 0.07194209 0.00497226 -0.00354456
v 0.07233147 0.00504172 -0.00401394
v 0.07230321 0.00501033 -0.00398894
v 0.07227301 0.00498006 -0.00396484
v 0.07161558 0.00492736 -0.00343476
v 0.07187167 0.00483971 -0.00366823
v 0.07187418 0.00433787 -0.00426299
v 0.07171919 0.00471274 -0.00375202
v 0.07154907 0.00469497 -0.00373787
v 0.07155124 -0.00375721 0.00470491
v 0.07125863 -0.00438733 0.00414128
v 0.07137846 -0.00329296 0.00504806
v 0.07114027 -0.00396799 0.00459796
v 0.07095090 -0.00401818 0.00469034
v 0.07140202 -0.00374850 0.00469246
v 0.07074960 -0.00380308 0.00510824
v 0.07106062 -0.00307893 0.00529623
v 0.07058947 -0.00423493 0.00505188
v 0.07088084 -0.00388410 0.00486332
v 0.07119509 -0.00329363 0.00507876
v 0.07050578 -0.00437749 0.00532814
v 0.07085015 -0.00376334 0.00498249
v 0.07053319 -0.00412524 0.00535274
v 0.07077742 -0.00356261 0.00521230
v 0.07138662 -0.00248990 0.00547056
v 0.07058836 -0.00360557 0.00551606
v 0.07127492 -0.00228221 0.00559438
v 0.07050403 -0.00392302 0.00568385
v 0.07066174 -0.00323332 0.00559262
v 0.07082068 -0.00275107 0.00563358
v 0.07092217 -0.00287211 0.00548465
v 0.07089687 -0.00204858 0.00586095
v 0.07141871 -0.00181911 0.00572487
v 0.07117202 -0.00193588 0.00574636
v 0.07059124 -0.00234097 0.00617731
v 0.07107454 -0.00238694 0.00562275
v 0.07057351 -0.00265488 0.00608452
v 0.07051360 -0.00338547 0.00591746
v 0.07135667 -0.00126393 0.00587755
v 0.07055400 -0.00208937 0.00635023
v 0.07069999 -0.00236537 0.00595058
v 0.07085093 -0.00111295 0.00615932
v 0.07082844 -0.00184975 0.00597947
v 0.07106077 -0.00117315 0.00598801
v 0.07127556 -0.00049822 0.00601570
v 0.07094975 -0.00087359 0.00610788
v 0.07052170 -0.00162155 0.00660922
v 0.07067397 -0.00107314 0.00634658
v 0.07139565 -0.00058368 0.00598080
v 0.07079811 -0.00096263 0.00621601
v 0.07050266 -0.00186388 0.00667040
v 0.07056357 -0.00113915 0.00655992
v 0.07111286 -0.00006304 0.00608890
v 0.07106326 -0.00047708 0.00608315
v 0.07061431 -0.00056653 0.00651934
v 0.07078297 -0.00013492 0.00630322
v 0.07051508 -0.00083046 0.00677171
v 0.07133060 0.00045537 0.00600082
v 0.07124661 0.00057305 0.00600880
v 0.07096296 0.00019817 0.00616649
v 0.07063799 0.00041184 0.00648308
v 0.07050706 -0.00040016 0.00687310
v 0.07102001 0.00154855 0.00596702
v 0.07085935 0.00097098 0.00616978
v 0.07050539 0.00022784 0.00689744
v 0.07117436 0.00145598 0.00588913
v 0.07057504 0.00086615 0.00657276
v 0.07066848 0.00000974 0.00645404
v 0.07075147 0.00104813 0.00625470
v 0.07134079 0.00136930 0.00586287
v 0.07056124 0.00146318 0.00650360
v 0.07139057 0.00192246 0.00569925
v 0.07107248 0.00135136 0.00594535
v 0.07063179 0.00144003 0.00635211
v 0.07050250 0.00083099 0.00687715
v 0.07075219 0.00164691 0.00612275
v 0.07071970 0.00213066 0.00601575
v 0.07090751 0.00193176 0.00588627
v 0.07117211 0.00261202 0.00547431
v 0.07052988 0.00202157 0.00644938
v 0.07094357 0.00292102 0.00544306
v 0.07134321 0.00244844 0.00549800
v 0.07062895 0.00236501 0.00606720
v 0.07050885 0.00168068 0.00666822
v 0.07050458 0.00247004 0.00645537
v 0.07101937 0.00270741 0.00549735
v 0.07078735 0.00257082 0.00575156
v 0.07077575 0.00311930 0.00549311
v 0.07149080 0.00332267 0.00501022
v 0.07111898 0.00352122 0.00495853
v 0.07053933 0.00294423 0.00604120
v 0.07061997 0.00275987 0.00592073
v 0.07132242 0.00370242 0.00475415
v 0.07066582 0.00370417 0.00528702
v 0.07063810 0.00414526 0.00501113
v 0.07052690 0.00358984 0.00573123
v 0.07077883 0.00371237 0.00510494
v 0.07136100 0.00436565 0.00415238
v 0.07148848 0.00441760 0.00407250
v 0.07098126 0.00412105 0.00456147
v 0.07056272 0.00420401 0.00516083
v 0.07123165 0.00449174 0.00404947
v 0.07093717 0.00412835 0.00461640
v 0.07079294 0.00438649 0.00450998
v 0.07101476 0.00448421 0.00417590
v 0.07050928 0.00424366 0.00538244
v 0.07063106 0.00471820 0.00448837
v 0.07050695 0.00466149 0.00506532
v 0.07072699 0.00455331 0.00444841
v 0.07131790 0.00507659 0.00324166
v 0.07101547 0.00484976 0.00374956
v 0.07053248 0.00506975 0.00446183
v 0.07110320 0.00467155 0.00390649
v 0.07075214 0.00491465 0.00400335
v 0.07057831 0.00502203 0.00431223
v 0.07070107 0.00510440 0.00386620
v 0.07084698 0.00511015 0.00359502
v 0.07151559 0.00521344 0.00297583
v 0.07101524 0.00517552 0.00328504
v 0.07050774 0.00534367 0.00433275
v 0.07135255 0.00564100 0.00211568
v 0.07063467 0.00554497 0.00337960
v 0.07078731 0.00550728 0.00306549
v 0.07072117 0.00590556 0.00242237
v 0.07114432 0.00560290 0.00233447
v 0.07052054 0.00580472 0.00351700
v 0.07098923 0.00558283 0.00256243
v 0.07088444 0.00577308 0.00231436
v 0.07053256 0.00632491 0.00238749
v 0.07137858 0.00589175 0.00119372
v 0.07062742 0.00618819 0.00209172
v 0.07117426 0.00587803 0.00147473
v 0.07050372 0.00622936 0.00298518
v 0.07072106 0.00605413 0.00200289
v 0.07095752 0.00594436 0.00162590
v 0.07088735 0.00608279 0.00134218
v 0.07065570 0.00633260 0.00137556
v 0.07106091 0.00602972 0.00095304
v 0.07051467 0.00645524 0.00221843
v 0.07140334 0.00600099 0.00036240
v 0.07058572 0.00639027 0.00163545
v 0.07076156 0.00619186 0.00129723
v 0.07098794 0.00612774 0.00049471
v 0.07051201 0.00666453 0.00149244
v 0.07073139 0.00636202 0.00019269
v 0.07062092 0.00649859 0.00065562
v 0.07081935 0.00625616 0.00042087
v 0.07058172 0.00658584 0.00061048
v 0.07098416 0.00614572 0.00009622
v 0.07053718 0.00676485 0.00017366
v 0.07120201 0.00604353 0.00028879
v 0.07128696 0.00599488 -0.00057430
v 0.07051625 0.00682086 0.00019334
v 0.07066673 0.00644113 -0.00054492
v 0.07101792 0.00608377 -0.00072844
v 0.07145476 0.00586550 -0.00131681
v 0.07061722 0.00650776 -0.00058128
v 0.07080980 0.00624444 -0.00066781
v 0.07114175 0.00593790 -0.00128356
v 0.07050240 0.00692869 0.00000184
v 0.07130668 0.00587985 -0.00130979
v 0.07092883 0.00617317 -0.00037649
v 0.07077733 0.00621300 -0.00109338
v 0.07050773 0.00680904 -0.00082655
v 0.07097003 0.00593911 -0.00162046
v 0.07137666 0.00556192 -0.00230220
v 0.07120172 0.00559372 -0.00235707
v 0.07065339 0.00631797 -0.00139524
v 0.07130491 0.00570734 -0.00191240
v 0.07055814 0.00650274 -0.00146980
v 0.07053080 0.00644492 -0.00204868
v 0.07062657 0.00627222 -0.00175847
v 0.07089571 0.00566059 -0.00256452
v 0.07131040 0.00541241 -0.00264841
v 0.07078916 0.00608134 -0.00163144
v 0.07102665 0.00555340 -0.00258722
v 0.07061750 0.00604463 -0.00247460
v 0.07074515 0.00580027 -0.00257595
v 0.07132858 0.00513691 -0.00314128
v 0.07094218 0.00539162 -0.00301299
v 0.07111842 0.00535238 -0.00287865
v 0.07050399 0.00669602 -0.00172590
v 0.07053221 0.00614851 -0.00275556
v 0.07145243 0.00485188 -0.00353479
v 0.07050482 0.00637568 -0.00264849
v 0.07089925 0.00509878 -0.00352659
v 0.07072895 0.00544061 -0.00330845
v 0.07117803 0.00495578 -0.00347862
v 0.07061708 0.00568881 -0.00321431
v 0.07056233 0.00569818 -0.00344152
v 0.07106654 0.00496869 -0.00354515
v 0.07070881 0.00518755 -0.00373616
v 0.07114405 0.00474504 -0.00377773
v 0.07050772 0.00562465 -0.00394603
v 0.07054393 0.00552311 -0.00381123
v 0.07087268 0.00470019 -0.00407430
v 0.07066049 0.00515136 -0.00389542
v 0.07082844 0.00489669 -0.00389847
v 0.07062868 0.00519103 -0.00392986
v 0.07079289 0.00492317 -0.00391955
v 0.07075905 0.00495098 -0.00394169
v 0.07057300 0.00525336 -0.00403589
v 0.07050269 0.00553902 -0.00415596
v 0.07816667 0.00052383 -0.00999439
v 0.07850000 0.00198310 -0.00980984
v 0.07866667 0.00318586 -0.00948222
v 0.07859091 0.00453598 -0.00892817
v 0.07750000 0.00538995 -0.00842646
v 0.07883333 0.00590166 -0.00807512
v 0.07850000 0.00661891 -0.00750014
v 0.07855263 0.00750402 -0.00662234
v 0.07750000 0.00826569 -0.00563545
v 0.07856667 0.00957123 -0.00294738
v 0.07883333 0.00884283 -0.00472741
v 0.07750000 0.00969258 -0.00246803
v 0.07850000 0.00989138 -0.00149089
v 0.07842308 0.00999067 -0.00049861
v 0.07870000 0.00998196 0.00071616
v 0.07750000 0.00992239 0.00124344
v 0.07868182 0.00971367 0.00243555
v 0.07750000 0.00933877 0.00359813
v 0.07883333 0.00897543 0.00443791
v 0.07821429 0.00811134 0.00586245
v 0.07950000 0.00840026 0.00542546
v 0.07867647 0.00718190 0.00697011
v 0.07750000 0.00680173 0.00733052
v 0.07850000 0.00623683 0.00782074
v 0.07870000 0.00524543 0.00852278
v 0.07750000 0.00478254 0.00878222
v 0.07845652 0.00365908 0.00932319
v 0.07850000 0.00222590 0.00975231
v 0.07837500 0.00109014 0.00994641
v 0.07830000 -0.00025161 0.01000699
v 0.07550000 -0.00027115 -0.00399689
v 0.07395161 -0.00072251 -0.00395600
v 0.07550000 -0.00117902 -0.00382229
v 0.07550000 -0.00136808 -0.00375877
v 0.07550000 -0.00180239 -0.00357771
v 0.07384483 -0.00220242 -0.00336471
v 0.07550000 -0.00257115 -0.00306418
v 0.07550000 -0.00272069 -0.00293221
v 0.07425000 -0.00299493 -0.00265638
v 0.07500000 -0.00340879 -0.00211502
v 0.07404545 -0.00378779 -0.00134564
v 0.07550000 -0.00391827 -0.00081007
v 0.07393478 -0.00401154 0.00002726
v 0.07550000 -0.00399005 -0.00032406
v 0.07550000 -0.00396896 0.00049737
v 0.07437500 -0.00384176 0.00116036
v 0.07456667 -0.00342340 0.00209199
v 0.07444118 -0.00293615 0.00272435
v 0.07475000 -0.00256557 0.00307308
v 0.07444118 -0.00208747 0.00341599
v 0.07483333 -0.00132499 0.00378751
v 0.07394444 -0.00056874 0.00397512
v 0.07550000 -0.00019938 0.00399503
v 0.07550000 -0.00000000 0.00400000
v 0.07578571 0.00020330 0.00710728
v 0.07555714 0.00192993 0.00685938
v 0.07514706 0.00338276 0.00624889
v 0.07550000 0.00444005 0.00556764
v 0.07604545 0.00556370 0.00443459
v 0.07503846 0.00635261 0.00319971
v 0.07503846 0.00679660 0.00209218
v 0.07572222 0.00704207 0.00106367
v 0.07750000 0.00709779 0.00017701
v 0.07467647 0.00707829 -0.00068920
v 0.07570690 0.00690129 -0.00176053
v 0.07750000 0.00660920 -0.00259392
v 0.07510000 0.00633129 -0.00322592
v 0.07616667 0.00570994 -0.00425154
v 0.07430000 0.00492749 -0.00512373
v 0.07558000 0.00400642 -0.00587954
v 0.07550000 0.00287720 -0.00649970
v 0.07512500 0.00140598 -0.00699184
v 0.07750000 0.00075159 -0.00706579
v 0.07950000 -0.00015235 -0.00610903
v 0.07637500 -0.00106040 -0.00603670
v 0.07950000 -0.00167844 -0.00586634
v 0.07550000 -0.00301987 -0.00532521
v 0.07950000 -0.00255193 -0.00555074
v 0.07784483 -0.00394681 -0.00468053
v 0.07721429 -0.00521661 -0.00321820
v 0.07950000 -0.00550907 -0.00262321
v 0.07721429 -0.00587997 -0.00166091
v 0.07683333 -0.00611765 -0.00003689
v 0.07950000 -0.00604731 -0.00086785
v 0.07816667 -0.00591938 0.00154532
v 0.07679032 -0.00547184 0.00274714
v 0.07950000 -0.00512416 0.00330953
v 0.07683333 -0.00435872 0.00430775
v 0.07787838 -0.00346768 0.00506537
v 0.07764286 -0.00189659 0.00581502
v 0.07950000 -0.00041029 0.00610812
v 0.07550000 0.00284152 0.00554259
v 0.07683333 0.00019401 0.00613452
v 0.07950000 0.00198657 0.00577725
v 0.07950000 0.00322752 0.00519381
v 0.07950000 0.00415163 0.00447439
v 0.07550000 0.00526420 0.00315946
v 0.07950000 0.00503133 0.00348758
v 0.07770000 0.00579366 0.00195222
v 0.07760526 0.00603998 0.00091038
v 0.07741304 0.00611077 -0.00015395
v 0.07710000 0.00591747 -0.00155989
v 0.07804545 0.00557255 -0.00255294
v 0.07793478 0.00460296 -0.00402442
v 0.07690000 0.00399657 -0.00461940
v 0.07710000 0.00319633 -0.00520133
v 0.07727778 0.00227852 -0.00567633
v 0.07950000 0.00125649 -0.00598446
v 0.07550000 0.00091006 -0.00603786
v 0.07550000 0.00030406 -0.00609242
v 0.07561765 -0.00035420 -0.00709705
v 0.07500000 -0.00139058 -0.00696836
v 0.07580769 -0.00246631 -0.00667499
v 0.07750000 -0.00366724 -0.00608618
v 0.07478571 -0.00422897 -0.00573094
v 0.07578571 -0.00597599 -0.00386186
v 0.07491176 -0.00540114 -0.00462332
v 0.07750000 -0.00645848 -0.00296281
v 0.07550000 -0.00674142 -0.00226500
v 0.07550000 -0.00700370 -0.00123494
v 0.07476316 -0.00710346 -0.00028050
v 0.07616667 -0.00699808 0.00132465
v 0.07750000 -0.00647812 0.00292304
v 0.07350000 -0.00662105 0.00265898
v 0.07750000 -0.00587374 0.00400465
v 0.07450000 -0.00542350 0.00461403
v 0.07750000 -0.00392484 0.00597171
v 0.07350000 -0.00381951 0.00601528
v 0.07467647 -0.00221700 0.00675353
v 0.07550000 -0.00106039 0.00703522
v 0.07350000 0.00082752 0.00393363
v 0.07394444 0.00315818 0.00248010
v 0.07350000 0.00398889 0.00037071
v 0.07458333 0.00049815 -0.00397512
v 0.07550000 0.00047004 0.00397840
v 0.07550000 0.00106670 0.00385632
v 0.07447674 0.00201095 0.00348307
v 0.07550000 0.00257115 0.00306418
v 0.07550000 0.00284825 0.00281299
v 0.07550000 0.00340491 0.00210135
v 0.07550000 0.00363858 0.00166919
v 0.07416667 0.00378732 0.00132555
v 0.07550000 0.00396893 0.00052254
v 0.07440909 0.00400189 -0.00009707
v 0.07456667 0.00392573 -0.00082197
v 0.07550000 0.00379171 -0.00127395
v 0.07446774 0.00356833 -0.00182937
v 0.07440323 0.00295784 -0.00271233
v 0.07550000 0.00257115 -0.00306418
v 0.07550000 0.00227566 -0.00329345
v 0.07393478 0.00198216 -0.00348773
v 0.07444737 0.00127566 -0.00379681
v 0.07550000 0.00098703 -0.00387631
v 0.07950000 -0.00712360 -0.00705300
v 0.07950000 -0.00603804 -0.00797133
v 0.07950000 -0.00494621 -0.00870856
v 0.07950000 -0.00020534 -0.01000073
v 0.07950000 -0.01004334 -0.00108723
v 0.07950000 -0.00879795 0.00479111
v 0.07950000 -0.00049846 0.00998757
v 0.07750000 -0.00786331 -0.00619092
v 0.07750000 -0.00869819 -0.00494981
v 0.07750000 -0.00574650 -0.00828447
v 0.07885714 -0.00893712 -0.00459646
v 0.07750000 -0.00300950 -0.00954474
v 0.07750000 -0.00977074 -0.00216607
v 0.07750000 -0.01002297 -0.00017488
v 0.07877273 -0.00221341 -0.00980570
v 0.07750000 -0.00992239 0.00124344
v 0.07750000 -0.00984808 0.00173648
v 0.07836486 -0.00945022 0.00343882
v 0.07837500 -0.00760213 0.00654262
v 0.07750000 -0.00642788 0.00766044
v 0.07875000 -0.00602299 0.00799285
v 0.07850000 -0.00500155 0.00866294
v 0.07750000 -0.00433884 0.00900969
v 0.07913636 -0.00395113 0.00919303
v 0.07750000 -0.00314399 0.00949590
v 0.07902381 -0.00206034 0.00980423
v 0.07750000 -0.00149042 0.00988831
v 0.07577778 0.10515465 -0.00309871
v 0.07573529 0.10469108 -0.00308715
v 0.07575000 0.10430997 -0.00302321
v 0.07576923 0.10401239 -0.00293949
v 0.07572727 0.10372461 -0.00282654
v 0.07576316 0.10338221 -0.00264739
v 0.07575000 0.10306658 -0.00242443
v 0.07575000 0.10277897 -0.00216632
v 0.07575000 0.10257632 -0.00193282
v 0.07573077 0.10243787 -0.00174684
v 0.07576471 0.10223912 -0.00141543
v 0.07575000 0.10205900 -0.00098814
v 0.07573077 0.10196052 -0.00061446
v 0.07575000 0.10192406 -0.00038547
v 0.07576087 0.10189519 0.00000000
v 0.07571429 0.10192406 0.00038547
v 0.07575000 0.10199120 0.00076613
v 0.07575000 0.10220266 0.00134713
v 0.07566667 0.10268121 0.00158125
v 0.07577273 0.10262452 0.00199326
v 0.07575000 0.10283479 0.00221987
v 0.07571429 0.10317857 0.00251396
v 0.07580000 0.10352302 0.00272839
v 0.07575000 0.10401116 0.00294314
v 0.07573913 0.10461394 0.00308072
v 0.07573077 0.10507731 0.00310000
v 0.07303571 0.11574048 0.00259351
v 0.07306250 0.11506126 0.00243380
v 0.07298000 0.11452161 0.00214592
v 0.07307143 0.11404572 0.00172465
v 0.07305263 0.11361832 0.00107466
v 0.07287500 0.11345211 0.00052184
v 0.07310000 0.11339405 0.00009742
v 0.07308333 0.11345667 -0.00056751
v 0.07250000 0.11353539 -0.00082807
v 0.07310000 0.11365000 -0.00112112
v 0.07250000 0.11387246 -0.00150557
v 0.07332759 0.11409475 -0.00178960
v 0.07250000 0.11436952 -0.00202617
v 0.07322222 0.11469183 -0.00225191
v 0.07289286 0.11506069 -0.00243378
v 0.07305263 0.11586976 -0.00260966
v 0.07310000 0.10500000 -0.00840000
v 0.07301220 0.10443256 -0.00844640
v 0.07313158 0.10378812 -0.00869617
v 0.07329167 0.10326136 -0.00905667
v 0.07250000 0.10344183 -0.00891605
v 0.07250000 0.10305057 -0.00927962
v 0.07304545 0.10277341 -0.00963936
v 0.07302941 0.10253335 -0.01017124
v 0.07304545 0.10240355 -0.01074019
v 0.07310000 0.10244017 -0.01150185
v 0.07307143 0.10262518 -0.01207156
v 0.07304839 0.10295884 -0.01262778
v 0.07296154 0.10333238 -0.01299750
v 0.07307143 0.10369798 -0.01325516
v 0.07320588 0.10419659 -0.01347622
v 0.07250000 0.10403919 -0.01341675
v 0.07307143 0.10467620 -0.01358383
v 0.07325000 0.09410202 0.00260424
v 0.07304545 0.09329123 0.00251913
v 0.07250000 0.09275654 0.00228338
v 0.07350000 0.09235214 0.00203285
v 0.07250000 0.09264427 0.00221856
v 0.07250000 0.09253537 0.00214822
v 0.07250000 0.09243011 0.00207254
v 0.07250000 0.09232875 0.00199172
v 0.07250000 0.09223155 0.00190593
v 0.07250000 0.09213875 0.00181542
v 0.07250000 0.09205057 0.00172038
v 0.07250000 0.09196724 0.00162107
v 0.07350000 0.09169191 0.00123314
v 0.07250000 0.09188896 0.00151773
v 0.07250000 0.09181593 0.00141062
v 0.07250000 0.09174833 0.00130000
v 0.07250000 0.09168633 0.00118615
v 0.07250000 0.09163008 0.00106935
v 0.07250000 0.09157973 0.00094989
v 0.07250000 0.09153539 0.00082807
v 0.07303846 0.09140113 0.00028997
v 0.07285294 0.09144329 -0.00051511
v 0.07321875 0.09155578 -0.00092990
v 0.07328125 0.09209844 -0.00179189
v 0.07250000 0.09187785 -0.00150573
v 0.07291667 0.09247862 -0.00211353
v 0.07250000 0.09264427 -0.00221856
v 0.07250000 0.09275654 -0.00228338
v 0.07350000 0.09318639 -0.00248716
v 0.07250000 0.09287190 -0.00234252
v 0.07250000 0.09299007 -0.00239584
v 0.07250000 0.09311075 -0.00244320
v 0.07250000 0.09323364 -0.00248449
v 0.07250000 0.09335843 -0.00251960
v 0.07250000 0.09348482 -0.00254845
v 0.07250000 0.09361249 -0.00257096
v 0.07250000 0.09374112 -0.00258708
v 0.07304545 0.09406497 -0.00260537
v 0.07250000 0.09387040 -0.00259677
v 0.07303846 0.10465984 0.01359368
v 0.07298000 0.10384275 0.01333673
v 0.07350000 0.10330479 0.01298824
v 0.07250000 0.10329083 0.01296451
v 0.07280000 0.10285556 0.01248350
v 0.07331818 0.10264303 0.01211538
v 0.07302941 0.10248218 0.01166025
v 0.07301724 0.10239390 0.01111695
v 0.07302500 0.10248475 0.01029232
v 0.07304545 0.10271591 0.00975616
v 0.07278571 0.10298186 0.00934612
v 0.07332143 0.10328241 0.00902959
v 0.07250000 0.10357938 0.00882154
v 0.07250000 0.10391229 0.00863411
v 0.07332759 0.10418266 0.00851714
v 0.07250000 0.10448482 0.00845155
v 0.07250000 0.10461249 0.00842904
v 0.07250000 0.08904090 0.00214329
v 0.07750000 0.08904090 0.00214329
v 0.07250000 0.08909065 0.00214205
v 0.07750000 0.08909065 0.00214205
v 0.07250000 0.08914027 0.00213834
v 0.07750000 0.08914027 0.00213834
v 0.07250000 0.08918965 0.00213217
v 0.07750000 0.08918965 0.00213217
v 0.07250000 0.08923866 0.00212354
v 0.07750000 0.08923866 0.00212354
v 0.07250000 0.08928717 0.00211249
v 0.07750000 0.08928717 0.00211249
v 0.07250000 0.08933508 0.00209904
v 0.07750000 0.08933508 0.00209904
v 0.07250000 0.08938227 0.00208322
v 0.07750000 0.08938227 0.00208322
v 0.07250000 0.08942860 0.00206508
v 0.07750000 0.08942860 0.00206508
v 0.07250000 0.08947398 0.00204465
v 0.07750000 0.08947398 0.00204465
v 0.07250000 0.08951828 0.00202199
v 0.07750000 0.08951828 0.00202199
v 0.07250000 0.08956140 0.00199715
v 0.07750000 0.08956140 0.00199715
v 0.07250000 0.08960323 0.00197020
v 0.07750000 0.08960323 0.00197020
v 0.07250000 0.08964367 0.00194120
v 0.07750000 0.08964367 0.00194120
v 0.07250000 0.08968262 0.00191023
v 0.07750000 0.08968262 0.00191023
v 0.07250000 0.08971998 0.00187736
v 0.07750000 0.08971998 0.00187736
v 0.07750000 0.08975565 0.00184267
v 0.07250000 0.08975565 0.00184267
v 0.07250000 0.08978956 0.00180624
v 0.07750000 0.08978956 0.00180624
v 0.07250000 0.08982161 0.00176818
v 0.07750000 0.08982161 0.00176818
v 0.07750000 0.08985173 0.00172857
v 0.07250000 0.08985173 0.00172857
v 0.07250000 0.08987984 0.00168751
v 0.07750000 0.08987984 0.00168751
v 0.07250000 0.08990588 0.00164510
v 0.07750000 0.08990588 0.00164510
v 0.07250000 0.08992977 0.00160145
v 0.07750000 0.08992977 0.00160145
v 0.07750000 0.08995146 0.00155666
v 0.07250000 0.08995146 0.00155666
v 0.07250000 0.08997090 0.00151085
v 0.07750000 0.08997090 0.00151085
v 0.07750000 0.08998803 0.00146413
v 0.07250000 0.08998803 0.00146413
v 0.07250000 0.09000282 0.00141662
v 0.07750000 0.09000282 0.00141662
v 0.07750000 0.09001523 0.00136843
v 0.07250000 0.09001523 0.00136843
v 0.07250000 0.09002522 0.00131968
v 0.07750000 0.09002522 0.00131968
v 0.07250000 0.09003278 0.00127050
v 0.07750000 0.09003278 0.00127050
v 0.07750000 0.09003788 0.00122100
v 0.07250000 0.09003788 0.00122100
v 0.07750000 0.09004051 0.00117130
v 0.07250000 0.09004051 0.00117130
v 0.07750000 0.09004066 0.00112154
v 0.07250000 0.09004066 0.00112154
v 0.07250000 0.09003834 0.00107183
v 0.07750000 0.09003834 0.00107183
v 0.07250000 0.06345866 -0.00280644
v 0.07250000 0.06350863 -0.00280519
v 0.07750000 0.06345866 -0.00280644
v 0.07750000 0.06350863 -0.00280519
v 0.07250000 0.06355848 -0.00280144
v 0.07750000 0.06355848 -0.00280144
v 0.07250000 0.06360808 -0.00279521
v 0.07750000 0.06360808 -0.00279521
v 0.07250000 0.06365730 -0.00278651
v 0.07750000 0.06365730 -0.00278651
v 0.07250000 0.06370603 -0.00277536
v 0.07750000 0.06370603 -0.00277536
v 0.07250000 0.06375414 -0.00276178
v 0.07750000 0.06375414 -0.00276178
v 0.07250000 0.06380151 -0.00274582
v 0.07750000 0.06380151 -0.00274582
v 0.07310000 0.10482294 -0.00710000
v 0.07301923 0.10379099 -0.00700665
v 0.07400000 0.10324802 -0.00688045
v 0.07400000 0.10290724 -0.00678457
v 0.07300000 0.10250735 -0.00665259
v 0.07250000 0.10140120 -0.00613285
v 0.07400000 0.10178785 -0.00633409
v 0.07400000 0.10129781 -0.00605837
v 0.07400000 0.10100043 -0.00586630
v 0.07290909 0.10040226 -0.00541574
v 0.07400000 0.10071299 -0.00565964
v 0.07400000 0.10017077 -0.00520467
v 0.07318182 0.09979372 -0.00483073
v 0.07302941 0.09924406 -0.00416604
v 0.07400000 0.09903582 -0.00385208
v 0.07314286 0.09876269 -0.00339666
v 0.07400000 0.09852831 -0.00292014
v 0.07290909 0.09843500 -0.00270730
v 0.07329412 0.09817974 -0.00198853
v 0.07400000 0.09798204 -0.00108941
v 0.07271951 0.09786856 -0.00029042
v 0.07400000 0.09790532 0.00032277
v 0.07329412 0.09800530 0.00125138
v 0.07300000 0.09825863 0.00224626
v 0.07400000 0.09839080 0.00259392
v 0.07400000 0.09852831 0.00292014
v 0.07290909 0.09862615 0.00313093
v 0.07314286 0.09893975 0.00370334
v 0.07306250 0.09943345 0.00441648
v 0.07400000 0.09967655 0.00469797
v 0.07355000 0.10002809 0.00507154
v 0.07314286 0.10048226 0.00548295
v 0.07310000 0.10114673 0.00596604
v 0.07400000 0.10160440 0.00623537
v 0.07300000 0.10197809 0.00642949
v 0.07400000 0.10257166 0.00667182
v 0.07340000 0.10291212 0.00679019
v 0.07272500 0.10346711 0.00694140
v 0.07400000 0.10394180 0.00702070
v 0.07300000 0.10479670 0.00710728
v 0.07250000 -0.00196348 -0.00697863
v 0.07750000 -0.00048129 -0.00709448
v 0.07750000 -0.00154984 -0.00693084
v 0.07750000 -0.00293183 -0.00649760
v 0.07250000 -0.00553157 -0.00456569
v 0.07750000 -0.00498698 -0.00511290
v 0.07750000 -0.00613139 -0.00359115
v 0.07250000 -0.00704151 -0.00136419
v 0.07750000 -0.00679247 -0.00215284
v 0.07750000 -0.00708718 -0.00053111
v 0.07250000 -0.00691076 0.00181855
v 0.07750000 -0.00707027 0.00075796
v 0.07750000 -0.00682793 0.00196713
v 0.07750000 -0.00654370 0.00275840
v 0.07437500 -0.00599370 0.00383803
v 0.07519231 -0.00521888 0.00484670
v 0.07450000 -0.00385882 0.00598350
v 0.07392857 -0.00247198 0.00665999
v 0.07250000 -0.00106116 0.00704032
v 0.07750000 -0.00106293 0.00705208
v 0.07750000 0.10574769 0.01498135
v 0.07750000 0.10500000 0.01500000
v 0.07250000 0.10437120 0.01502319
v 0.07750000 0.10649352 0.01492546
v 0.07750000 0.10723563 0.01483246
v 0.07750000 0.10797219 0.01470259
v 0.07750000 0.10870136 0.01453616
v 0.07250000 0.10771311 0.01477576
v 0.07750000 0.10942133 0.01433359
v 0.07750000 0.11013030 0.01409539
v 0.07750000 0.11082652 0.01382214
v 0.07750000 0.11150826 0.01351453
v 0.07750000 0.11217381 0.01317332
v 0.07750000 0.11282153 0.01279936
v 0.07250000 0.11129732 0.01367337
v 0.07750000 0.11398944 0.01202282
v 0.07750000 0.11594003 0.01029561
v 0.07250000 0.11562737 0.01072314
v 0.07550000 0.11741731 0.00842477
v 0.07750000 0.11799038 0.00750000
v 0.07250000 0.11799038 0.00750000
v 0.07750000 0.11834808 0.00684316
v 0.07750000 0.11867259 0.00616931
v 0.07750000 0.11896311 0.00548012
v 0.07750000 0.11921891 0.00477730
v 0.07750000 0.11943936 0.00406261
v 0.07250000 0.11903805 0.00538859
v 0.07750000 0.11962392 0.00333781
v 0.07750000 0.11977212 0.00260472
v 0.07750000 0.11988359 0.00186516
v 0.07750000 0.11995806 0.00112095
v 0.07250000 0.11987043 0.00213405
v 0.07750000 0.11999534 0.00037396
v 0.07750000 0.11999534 -0.00037396
v 0.07250000 0.12000411 -0.00006607
v 0.07750000 0.11995806 -0.00112095
v 0.07750000 0.11988359 -0.00186516
v 0.07750000 0.11977212 -0.00260472
v 0.07750000 0.11962392 -0.00333781
v 0.07250000 0.11983880 -0.00234390
v 0.07750000 0.11943936 -0.00406261
v 0.07750000 0.11921891 -0.00477730
v 0.07750000 0.11896311 -0.00548012
v 0.07750000 0.11867259 -0.00616931
v 0.07750000 0.11834808 -0.00684316
v 0.07250000 0.11895579 -0.00559818
v 0.07750000 0.11799038 -0.00750000
v 0.07431818 0.11731880 -0.00859001
v 0.07750000 0.11600017 -0.01020667
v 0.07500000 0.11458241 -0.01161317
v 0.07250000 0.11344980 -0.01239358
v 0.07250000 0.11282153 -0.01279936
v 0.07750000 0.11217381 -0.01317332
v 0.07750000 0.11150826 -0.01351453
v 0.07750000 0.11082652 -0.01382214
v 0.07750000 0.11013030 -0.01409539
v 0.07750000 0.10942133 -0.01433359
v 0.07250000 0.11050206 -0.01401901
v 0.07750000 0.10870136 -0.01453616
v 0.07750000 0.10797219 -0.01470259
v 0.07750000 0.10723563 -0.01483246
v 0.07750000 0.10649352 -0.01492546
v 0.07250000 0.10676266 -0.01491901
v 0.07750000 0.10574769 -0.01498135
v 0.07750000 0.10500000 -0.01500000
v 0.07750000 0.09505404 0.01136979
v 0.07250000 0.09687354 0.01261656
v 0.07750000 0.09787451 0.01319952
v 0.07250000 0.09825998 0.01340515
v 0.07750000 0.09853635 0.01353592
v 0.07750000 0.09921403 0.01383917
v 0.07750000 0.09990587 0.01410850
v 0.07750000 0.10061020 0.01434328
v 0.07750000 0.10132528 0.01454292
v 0.07750000 0.10204936 0.01470693
v 0.07250000 0.10070658 0.01441021
v 0.07750000 0.10278067 0.01483491
v 0.07750000 0.10351742 0.01492655
v 0.07750000 0.10425780 0.01498163
v 0.07600000 0.10286763 -0.00585863
v 0.07750000 0.10469594 -0.00609242
v 0.07750000 0.10500000 -0.00610000
v 0.07750000 0.10439264 -0.00606969
v 0.07750000 0.10409084 -0.00603187
v 0.07750000 0.10379131 -0.00597905
v 0.07750000 0.10349478 -0.00591137
v 0.07750000 0.10320199 -0.00582899
v 0.07750000 0.10291368 -0.00573212
v 0.07750000 0.10263055 -0.00562100
v 0.07750000 0.10235331 -0.00549591
v 0.07750000 0.10208265 -0.00535715
v 0.07750000 0.10181925 -0.00520507
v 0.07750000 0.10143773 -0.00495480
v 0.07672857 0.10038405 -0.00402521
v 0.07750000 0.09987584 -0.00330953
v 0.07750000 0.09971724 -0.00305000
v 0.07600000 0.09880221 -0.00088204
v 0.07750000 0.09957178 -0.00278289
v 0.07750000 0.09943981 -0.00250885
v 0.07750000 0.09932167 -0.00222858
v 0.07750000 0.09921764 -0.00194277
v 0.07750000 0.09912799 -0.00165213
v 0.07750000 0.09905294 -0.00135738
v 0.07750000 0.09899267 -0.00105925
v 0.07750000 0.09894734 -0.00075850
v 0.07750000 0.09891706 -0.00045585
v 0.07750000 0.09890190 -0.00015208
v 0.07750000 0.09890190 0.00015208
v 0.07750000 0.09891706 0.00045585
v 0.07750000 0.09894734 0.00075850
v 0.07750000 0.09899267 0.00105925
v 0.07750000 0.09905294 0.00135738
v 0.07750000 0.09912799 0.00165213
v 0.07600000 0.09948990 0.00270791
v 0.07750000 0.09921764 0.00194277
v 0.07750000 0.09932167 0.00222858
v 0.07750000 0.09943981 0.00250885
v 0.07750000 0.09957178 0.00278289
v 0.07750000 0.09971724 0.00305000
v 0.07750000 0.09987584 0.00330953
v 0.07672414 0.10051798 0.00416519
v 0.07670588 0.10147056 0.00498372
v 0.07750000 0.10181925 0.00520507
v 0.07750000 0.10208265 0.00535715
v 0.07600000 0.10309115 0.00583526
v 0.07750000 0.10235331 0.00549591
v 0.07750000 0.10263055 0.00562100
v 0.07750000 0.10291368 0.00573212
v 0.07750000 0.10320199 0.00582899
v 0.07750000 0.10349478 0.00591137
v 0.07750000 0.10379131 0.00597905
v 0.07750000 0.10409084 0.00603187
v 0.07750000 0.10439264 0.00606969
v 0.07600000 0.10550766 0.00611852
v 0.07750000 0.10469594 0.00609242
v 0.07750000 0.10500000 0.00610000
v 0.07350000 0.09400000 -0.00135000
v 0.07750000 0.09393271 -0.00134832
v 0.07350000 0.09393271 -0.00134832
v 0.07750000 0.09400000 -0.00135000
v 0.07750000 0.09386558 -0.00134329
v 0.07350000 0.09386558 -0.00134329
v 0.07750000 0.09379879 -0.00133492
v 0.07350000 0.09379879 -0.00133492
v 0.07750000 0.09373250 -0.00132323
v 0.07350000 0.09373250 -0.00132323
v 0.07750000 0.09366688 -0.00130825
v 0.07350000 0.09366688 -0.00130825
v 0.07750000 0.09360208 -0.00129002
v 0.07350000 0.09360208 -0.00129002
v 0.07750000 0.09353827 -0.00126859
v 0.07350000 0.09353827 -0.00126859
v 0.07750000 0.09347561 -0.00124399
v 0.07350000 0.09347561 -0.00124399
v 0.07750000 0.09341426 -0.00121631
v 0.07350000 0.09341426 -0.00121631
v 0.07750000 0.09335436 -0.00118560
v 0.07350000 0.09335436 -0.00118560
v 0.07750000 0.09329606 -0.00115194
v 0.07350000 0.09329606 -0.00115194
v 0.07750000 0.09323952 -0.00111542
v 0.07350000 0.09323952 -0.00111542
v 0.07750000 0.09318486 -0.00107613
v 0.07350000 0.09318486 -0.00107613
v 0.07750000 0.09313224 -0.00103416
v 0.07350000 0.09313224 -0.00103416
v 0.07750000 0.09308177 -0.00098962
v 0.07350000 0.09308177 -0.00098962
v 0.07750000 0.09303358 -0.00094262
v 0.07350000 0.09303358 -0.00094262
v 0.07750000 0.09298780 -0.00089328
v 0.07350000 0.09298780 -0.00089328
v 0.07750000 0.09294453 -0.00084171
v 0.07350000 0.09294453 -0.00084171
v 0.07350000 0.09290388 -0.00078805
v 0.07750000 0.09290388 -0.00078805
v 0.07350000 0.09286596 -0.00073244
v 0.07750000 0.09286596 -0.00073244
v 0.07750000 0.09283087 -0.00067500
v 0.07350000 0.09283087 -0.00067500
v 0.07750000 0.09279867 -0.00061588
v 0.07350000 0.09279867 -0.00061588
v 0.07750000 0.09276947 -0.00055524
v 0.07350000 0.09276947 -0.00055524
v 0.07750000 0.09274332 -0.00049321
v 0.07350000 0.09274332 -0.00049321
v 0.07750000 0.09272030 -0.00042996
v 0.07350000 0.09272030 -0.00042996
v 0.07750000 0.09270046 -0.00036563
v 0.07350000 0.09270046 -0.00036563
v 0.07750000 0.09268385 -0.00030040
v 0.07350000 0.09268385 -0.00030040
v 0.07750000 0.09267051 -0.00023443
v 0.07350000 0.09267051 -0.00023443
v 0.07750000 0.09266048 -0.00016786
v 0.07350000 0.09266048 -0.00016786
v 0.07750000 0.09265377 -0.00010089
v 0.07350000 0.09265377 -0.00010089
v 0.07750000 0.09265042 -0.00003366
v 0.07350000 0.09265042 -0.00003366
v 0.07750000 0.09265042 0.00003366
v 0.07350000 0.09265042 0.00003366
v 0.07750000 0.09265377 0.00010089
v 0.07350000 0.09265377 0.00010089
v 0.07750000 0.09266048 0.00016786
v 0.07350000 0.09266048 0.00016786
v 0.07750000 0.09267051 0.00023443
v 0.07350000 0.09267051 0.00023443
v 0.07750000 0.09268385 0.00030040
v 0.07350000 0.09268385 0.00030040
v 0.07350000 0.09270046 0.00036563
v 0.07750000 0.09270046 0.00036563
v 0.07750000 0.09272030 0.00042996
v 0.07350000 0.09272030 0.00042996
v 0.07750000 0.09274332 0.00049321
v 0.07350000 0.09274332 0.00049321
v 0.07750000 0.09276947 0.00055524
v 0.07350000 0.09276947 0.00055524
v 0.07750000 0.09279867 0.00061588
v 0.07350000 0.09279867 0.00061588
v 0.07350000 0.09283087 0.00067500
v 0.07750000 0.09283087 0.00067500
v 0.07750000 0.09286596 0.00073244
v 0.07350000 0.09286596 0.00073244
v 0.07750000 0.09290388 0.00078805
v 0.07350000 0.09290388 0.00078805
v 0.07750000 0.09294453 0.00084171
v 0.07350000 0.09294453 0.00084171
v 0.07750000 0.09298780 0.00089328
v 0.07350000 0.09298780 0.00089328
v 0.07750000 0.09303358 0.00094262
v 0.07350000 0.09303358 0.00094262
v 0.07750000 0.09308177 0.00098962
v 0.07350000 0.09308177 0.00098962
v 0.07750000 0.09313224 0.00103416
v 0.07350000 0.09313224 0.00103416
v 0.07750000 0.09318486 0.00107613
v 0.07350000 0.09318486 0.00107613
v 0.07750000 0.09323952 0.00111542
v 0.07350000 0.09323952 0.00111542
v 0.07750000 0.09329606 0.00115194
v 0.07350000 0.09329606 0.00115194
v 0.07750000 0.09335436 0.00118560
v 0.07350000 0.09335436 0.00118560
v 0.07750000 0.09341426 0.00121631
v 0.07350000 0.09341426 0.00121631
v 0.07750000 0.09347561 0.00124399
v 0.07350000 0.09347561 0.00124399
v 0.07750000 0.09353827 0.00126859
v 0.07350000 0.09353827 0.00126859
v 0.07750000 0.09360208 0.00129002
v 0.07350000 0.09360208 0.00129002
v 0.07750000 0.09366688 0.00130825
v 0.07350000 0.09366688 0.00130825
v 0.07750000 0.09373250 0.00132323
v 0.07350000 0.09373250 0.00132323
v 0.07750000 0.09379879 0.00133492
v 0.07350000 0.09379879 0.00133492
v 0.07750000 0.09386558 0.00134329
v 0.07350000 0.09386558 0.00134329
v 0.07750000 0.09393271 0.00134832
v 0.07350000 0.09393271 0.00134832
v 0.07750000 0.09400000 0.00135000
v 0.07350000 0.09400000 0.00135000
v 0.07350000 0.10500000 0.00965000
v 0.07750000 0.10493271 0.00965168
v 0.07350000 0.10493271 0.00965168
v 0.07750000 0.10500000 0.00965000
v 0.07750000 0.10486558 0.00965671
v 0.07350000 0.10486558 0.00965671
v 0.07750000 0.10479879 0.00966508
v 0.07350000 0.10479879 0.00966508
v 0.07750000 0.10473250 0.00967677
v 0.07350000 0.10473250 0.00967677
v 0.07750000 0.10466688 0.00969175
v 0.07350000 0.10466688 0.00969175
v 0.07750000 0.10460208 0.00970998
v 0.07350000 0.10460208 0.00970998
v 0.07750000 0.10453827 0.00973141
v 0.07350000 0.10453827 0.00973141
v 0.07750000 0.10447561 0.00975601
v 0.07350000 0.10447561 0.00975601
v 0.07750000 0.10441426 0.00978369
v 0.07350000 0.10441426 0.00978369
v 0.07750000 0.10435436 0.00981440
v 0.07350000 0.10435436 0.00981440
v 0.07750000 0.10429606 0.00984806
v 0.07350000 0.10429606 0.00984806
v 0.07750000 0.10423952 0.00988458
v 0.07350000 0.10423952 0.00988458
v 0.07750000 0.10418486 0.00992387
v 0.07350000 0.10418486 0.00992387
v 0.07750000 0.10413224 0.00996584
v 0.07350000 0.10413224 0.00996584
v 0.07750000 0.10408177 0.01001038
v 0.07350000 0.10408177 0.01001038
v 0.07750000 0.10403358 0.01005738
v 0.07350000 0.10403358 0.01005738
v 0.07750000 0.10398779 0.01010672
v 0.07350000 0.10398779 0.01010672
v 0.07750000 0.10394453 0.01015829
v 0.07350000 0.10394453 0.01015829
v 0.07350000 0.10390388 0.01021195
v 0.07750000 0.10390388 0.01021195
v 0.07350000 0.10386597 0.01026756
v 0.07750000 0.10386597 0.01026756
v 0.07750000 0.10383087 0.01032500
v 0.07350000 0.10383087 0.01032500
v 0.07750000 0.10379867 0.01038412
v 0.07350000 0.10379867 0.01038412
v 0.07750000 0.10376947 0.01044476
v 0.07350000 0.10376947 0.01044476
v 0.07750000 0.10374332 0.01050679
v 0.07350000 0.10374332 0.01050679
v 0.07750000 0.10372030 0.01057004
v 0.07350000 0.10372030 0.01057004
v 0.07750000 0.10370046 0.01063437
v 0.07350000 0.10370046 0.01063437
v 0.07750000 0.10368385 0.01069960
v 0.07350000 0.10368385 0.01069960
v 0.07750000 0.10367051 0.01076557
v 0.07350000 0.10367051 0.01076557
v 0.07750000 0.10366048 0.01083214
v 0.07350000 0.10366048 0.01083214
v 0.07750000 0.10365378 0.01089911
v 0.07350000 0.10365378 0.01089911
v 0.07750000 0.10365042 0.01096634
v 0.07350000 0.10365042 0.01096634
v 0.07750000 0.10365042 0.01103366
v 0.07350000 0.10365042 0.01103366
v 0.07750000 0.10365378 0.01110089
v 0.07350000 0.10365378 0.01110089
v 0.07750000 0.10366048 0.01116786
v 0.07350000 0.10366048 0.01116786
v 0.07750000 0.10367051 0.01123442
v 0.07350000 0.10367051 0.01123442
v 0.07750000 0.10368385 0.01130040
v 0.07350000 0.10368385 0.01130040
v 0.07350000 0.10370046 0.01136563
v 0.07750000 0.10370046 0.01136563
v 0.07750000 0.10372030 0.01142996
v 0.07350000 0.10372030 0.01142996
v 0.07750000 0.10374332 0.01149321
v 0.07350000 0.10374332 0.01149321
v 0.07750000 0.10376947 0.01155524
v 0.07350000 0.10376947 0.01155524
v 0.07750000 0.10379867 0.01161588
v 0.07350000 0.10379867 0.01161588
v 0.07350000 0.10383087 0.01167500
v 0.07750000 0.10383087 0.01167500
v 0.07750000 0.10386597 0.01173244
v 0.07350000 0.10386597 0.01173244
v 0.07750000 0.10390388 0.01178805
v 0.07350000 0.10390388 0.01178805
v 0.07750000 0.10394453 0.01184171
v 0.07350000 0.10394453 0.01184171
v 0.07750000 0.10398779 0.01189328
v 0.07350000 0.10398779 0.01189328
v 0.07750000 0.10403358 0.01194262
v 0.07350000 0.10403358 0.01194262
v 0.07750000 0.10408177 0.01198962
v 0.07350000 0.10408177 0.01198962
v 0.07750000 0.10413224 0.01203416
v 0.07350000 0.10413224 0.01203416
v 0.07750000 0.10418486 0.01207613
v 0.07350000 0.10418486 0.01207613
v 0.07750000 0.10423952 0.01211542
v 0.07350000 0.10423952 0.01211542
v 0.07750000 0.10429606 0.01215194
v 0.07350000 0.10429606 0.01215194
v 0.07750000 0.10435436 0.01218560
v 0.07350000 0.10435436 0.01218560
v 0.07750000 0.10441426 0.01221631
v 0.07350000 0.10441426 0.01221631
v 0.07750000 0.10447561 0.01224399
v 0.07350000 0.10447561 0.01224399
v 0.07750000 0.10453827 0.01226859
v 0.07350000 0.10453827 0.01226859
v 0.07750000 0.10460208 0.01229002
v 0.07350000 0.10460208 0.01229002
v 0.07750000 0.10466688 0.01230825
v 0.07350000 0.10466688 0.01230825
v 0.07750000 0.10473250 0.01232323
v 0.07350000 0.10473250 0.01232323
v 0.07750000 0.10479879 0.01233492
v 0.07350000 0.10479879 0.01233492
v 0.07750000 0.10486558 0.01234329
v 0.07350000 0.10486558 0.01234329
v 0.07750000 0.10493271 0.01234832
v 0.07350000 0.10493271 0.01234832
v 0.07750000 0.10500000 0.01235000
v 0.07350000 0.10500000 0.01235000
v 0.07350000 0.11600000 -0.00135000
v 0.07750000 0.11593271 -0.00134832
v 0.07350000 0.11593271 -0.00134832
v 0.07750000 0.11600000 -0.00135000
v 0.07750000 0.11586558 -0.00134329
v 0.07350000 0.11586558 -0.00134329
v 0.07750000 0.11579879 -0.00133492
v 0.07350000 0.11579879 -0.00133492
v 0.07750000 0.11573250 -0.00132323
v 0.07350000 0.11573250 -0.00132323
v 0.07750000 0.11566688 -0.00130825
v 0.07350000 0.11566688 -0.00130825
v 0.07750000 0.11560208 -0.00129002
v 0.07350000 0.11560208 -0.00129002
v 0.07750000 0.11553827 -0.00126859
v 0.07350000 0.11553827 -0.00126859
v 0.07750000 0.11547561 -0.00124399
v 0.07350000 0.11547561 -0.00124399
v 0.07750000 0.11541426 -0.00121631
v 0.07350000 0.11541426 -0.00121631
v 0.07750000 0.11535436 -0.00118560
v 0.07350000 0.11535436 -0.00118560
v 0.07750000 0.11529606 -0.00115194
v 0.07350000 0.11529606 -0.00115194
v 0.07750000 0.11523952 -0.00111542
v 0.07350000 0.11523952 -0.00111542
v 0.07750000 0.11518486 -0.00107613
v 0.07350000 0.11518486 -0.00107613
v 0.07750000 0.11513224 -0.00103416
v 0.07350000 0.11513224 -0.00103416
v 0.07750000 0.11508177 -0.00098962
v 0.07350000 0.11508177 -0.00098962
v 0.07750000 0.11503358 -0.00094262
v 0.07350000 0.11503358 -0.00094262
v 0.07750000 0.11498780 -0.00089328
v 0.07350000 0.11498780 -0.00089328
v 0.07750000 0.11494453 -0.00084171
v 0.07350000 0.11494453 -0.00084171
v 0.07350000 0.11490388 -0.00078805
v 0.07750000 0.11490388 -0.00078805
v 0.07350000 0.11486597 -0.00073244
v 0.07750000 0.11486597 -0.00073244
v 0.07750000 0.11483087 -0.00067500
v 0.07350000 0.11483087 -0.00067500
v 0.07750000 0.11479867 -0.00061588
v 0.07350000 0.11479867 -0.00061588
v 0.07750000 0.11476947 -0.00055524
v 0.07350000 0.11476947 -0.00055524
v 0.07750000 0.11474332 -0.00049321
v 0.07350000 0.11474332 -0.00049321
v 0.07750000 0.11472030 -0.00042996
v 0.07350000 0.11472030 -0.00042996
v 0.07750000 0.11470046 -0.00036563
v 0.07350000 0.11470046 -0.00036563
v 0.07750000 0.11468385 -0.00030040
v 0.07350000 0.11468385 -0.00030040
v 0.07750000 0.11467051 -0.00023443
v 0.07350000 0.11467051 -0.00023443
v 0.07750000 0.11466048 -0.00016786
v 0.07350000 0.11466048 -0.00016786
v 0.07750000 0.11465377 -0.00010089
v 0.07350000 0.11465377 -0.00010089
v 0.07750000 0.11465042 -0.00003366
v 0.07350000 0.11465042 -0.00003366
v 0.07750000 0.11465042 0.00003366
v 0.07350000 0.11465042 0.00003366
v 0.07750000 0.11465377 0.00010089
v 0.07350000 0.11465377 0.00010089
v 0.07750000 0.11466048 0.00016786
v 0.07350000 0.11466048 0.00016786
v 0.07750000 0.11467051 0.00023443
v 0.07350000 0.11467051 0.00023443
v 0.07750000 0.11468385 0.00030040
v 0.07350000 0.11468385 0.00030040
v 0.07350000 0.11470046 0.00036563
v 0.07750000 0.11470046 0.00036563
v 0.07750000 0.11472030 0.00042996
v 0.07350000 0.11472030 0.00042996
v 0.07750000 0.11474332 0.00049321
v 0.07350000 0.11474332 0.00049321
v 0.07750000 0.11476947 0.00055524
v 0.07350000 0.11476947 0.00055524
v 0.07750000 0.11479867 0.00061588
v 0.07350000 0.11479867 0.00061588
v 0.07350000 0.11483087 0.00067500
v 0.07750000 0.11483087 0.00067500
v 0.07750000 0.11486597 0.00073244
v 0.07350000 0.11486597 0.00073244
v 0.07750000 0.11490388 0.00078805
v 0.07350000 0.11490388 0.00078805
v 0.07750000 0.11494453 0.00084171
v 0.07350000 0.11494453 0.00084171
v 0.07750000 0.11498780 0.00089328
v 0.07350000 0.11498780 0.00089328
v 0.07750000 0.11503358 0.00094262
v 0.07350000 0.11503358 0.00094262
v 0.07750000 0.11508177 0.00098962
v 0.07350000 0.11508177 0.00098962
v 0.07750000 0.11513224 0.00103416
v 0.07350000 0.11513224 0.00103416
v 0.07750000 0.11518486 0.00107613
v 0.07350000 0.11518486 0.00107613
v 0.07750000 0.11523952 0.00111542
v 0.07350000 0.11523952 0.00111542
v 0.07750000 0.11529606 0.00115194
v 0.07350000 0.11529606 0.00115194
v 0.07750000 0.11535436 0.00118560
v 0.07350000 0.11535436 0.00118560
v 0.07750000 0.11541426 0.00121631
v 0.07350000 0.11541426 0.00121631
v 0.07750000 0.11547561 0.00124399
v 0.07350000 0.11547561 0.00124399
v 0.07750000 0.11553827 0.00126859
v 0.07350000 0.11553827 0.00126859
v 0.07750000 0.11560208 0.00129002
v 0.07350000 0.11560208 0.00129002
v 0.07750000 0.11566688 0.00130825
v 0.07350000 0.11566688 0.00130825
v 0.07750000 0.11573250 0.00132323
v 0.07350000 0.11573250 0.00132323
v 0.07750000 0.11579879 0.00133492
v 0.07350000 0.11579879 0.00133492
v 0.07750000 0.11586558 0.00134329
v 0.07350000 0.11586558 0.00134329
v 0.07750000 0.11593271 0.00134832
v 0.07350000 0.11593271 0.00134832
v 0.07750000 0.11600000 0.00135000
v 0.07350000 0.11600000 0.00135000
v 0.07350000 0.10500000 -0.01235000
v 0.07750000 0.10493271 -0.01234832
v 0.07350000 0.10493271 -0.01234832
v 0.07750000 0.10500000 -0.01235000
v 0.07750000 0.10486558 -0.01234329
v 0.07350000 0.10486558 -0.01234329
v 0.07750000 0.10479879 -0.01233492
v 0.07350000 0.10479879 -0.01233492
v 0.07750000 0.10473250 -0.01232323
v 0.07350000 0.10473250 -0.01232323
v 0.07750000 0.10466688 -0.01230825
v 0.07350000 0.10466688 -0.01230825
v 0.07750000 0.10460208 -0.01229002
v 0.07350000 0.10460208 -0.01229002
v 0.07750000 0.10453827 -0.01226859
v 0.07350000 0.10453827 -0.01226859
v 0.07750000 0.10447561 -0.01224399
v 0.07350000 0.10447561 -0.01224399
v 0.07750000 0.10441426 -0.01221631
v 0.07350000 0.10441426 -0.01221631
v 0.07750000 0.10435436 -0.01218560
v 0.07350000 0.10435436 -0.01218560
v 0.07750000 0.10429606 -0.01215194
v 0.07350000 0.10429606 -0.01215194
v 0.07750000 0.10423952 -0.01211542
v 0.07350000 0.10423952 -0.01211542
v 0.07750000 0.10418486 -0.01207613
v 0.07350000 0.10418486 -0.01207613
v 0.07750000 0.10413224 -0.01203416
v 0.07350000 0.10413224 -0.01203416
v 0.07750000 0.10408177 -0.01198962
v 0.07350000 0.10408177 -0.01198962
v 0.07750000 0.10403358 -0.01194262
v 0.07350000 0.10403358 -0.01194262
v 0.07750000 0.10398779 -0.01189328
v 0.07350000 0.10398779 -0.01189328
v 0.07750000 0.10394453 -0.01184171
v 0.07350000 0.10394453 -0.01184171
v 0.07350000 0.10390388 -0.01178805
v 0.07750000 0.10390388 -0.01178805
v 0.07350000 0.10386597 -0.01173244
v 0.07750000 0.10386597 -0.01173244
v 0.07750000 0.10383087 -0.01167500
v 0.07350000 0.10383087 -0.01167500
v 0.07750000 0.10379867 -0.01161588
v 0.07350000 0.10379867 -0.01161588
v 0.07750000 0.10376947 -0.01155524
v 0.07350000 0.10376947 -0.01155524
v 0.07750000 0.10374332 -0.01149321
v 0.07350000 0.10374332 -0.01149321
v 0.07750000 0.10372030 -0.01142996
v 0.07350000 0.10372030 -0.01142996
v 0.07750000 0.10370046 -0.01136563
v 0.07350000 0.10370046 -0.01136563
v 0.07750000 0.10368385 -0.01130040
v 0.07350000 0.10368385 -0.01130040
v 0.07750000 0.10367051 -0.01123442
v 0.07350000 0.10367051 -0.01123442
v 0.07750000 0.10366048 -0.01116786
v 0.07350000 0.10366048 -0.01116786
v 0.07750000 0.10365378 -0.01110089
v 0.07350000 0.10365378 -0.01110089
v 0.07750000 0.10365042 -0.01103366
v 0.07350000 0.10365042 -0.01103366
v 0.07750000 0.10365042 -0.01096634
v 0.07350000 0.10365042 -0.01096634
v 0.07750000 0.10365378 -0.01089911
v 0.07350000 0.10365378 -0.01089911
v 0.07750000 0.10366048 -0.01083214
v 0.07350000 0.10366048 -0.01083214
v 0.07750000 0.10367051 -0.01076557
v 0.07350000 0.10367051 -0.01076557
v 0.07750000 0.10368385 -0.01069960
v 0.07350000 0.10368385 -0.01069960
v 0.07350000 0.10370046 -0.01063437
v 0.07750000 0.10370046 -0.01063437
v 0.07750000 0.10372030 -0.01057004
v 0.07350000 0.10372030 -0.01057004
v 0.07750000 0.10374332 -0.01050679
v 0.07350000 0.10374332 -0.01050679
v 0.07750000 0.10376947 -0.01044476
v 0.07350000 0.10376947 -0.01044476
v 0.07750000 0.10379867 -0.01038412
v 0.07350000 0.10379867 -0.01038412
v 0.07350000 0.10383087 -0.01032500
v 0.07750000 0.10383087 -0.01032500
v 0.07750000 0.10386597 -0.01026756
v 0.07350000 0.10386597 -0.01026756
v 0.07750000 0.10390388 -0.01021195
v 0.07350000 0.10390388 -0.01021195
v 0.07750000 0.10394453 -0.01015829
v 0.07350000 0.10394453 -0.01015829
v 0.07750000 0.10398779 -0.01010672
v 0.07350000 0.10398779 -0.01010672
v 0.07750000 0.10403358 -0.01005738
v 0.07350000 0.10403358 -0.01005738
v 0.07750000 0.10408177 -0.01001038
v 0.07350000 0.10408177 -0.01001038
v 0.07750000 0.10413224 -0.00996584
v 0.07350000 0.10413224 -0.00996584
v 0.07750000 0.10418486 -0.00992387
v 0.07350000 0.10418486 -0.00992387
v 0.07750000 0.10423952 -0.00988458
v 0.07350000 0.10423952 -0.00988458
v 0.07750000 0.10429606 -0.00984806
v 0.07350000 0.10429606 -0.00984806
v 0.07750000 0.10435436 -0.00981440
v 0.07350000 0.10435436 -0.00981440
v 0.07750000 0.10441426 -0.00978369
v 0.07350000 0.10441426 -0.00978369
v 0.07750000 0.10447561 -0.00975601
v 0.07350000 0.10447561 -0.00975601
v 0.07750000 0.10453827 -0.00973141
v 0.07350000 0.10453827 -0.00973141
v 0.07750000 0.10460208 -0.00970998
v 0.07350000 0.10460208 -0.00970998
v 0.07750000 0.10466688 -0.00969175
v 0.07350000 0.10466688 -0.00969175
v 0.07750000 0.10473250 -0.00967677
v 0.07350000 0.10473250 -0.00967677
v 0.07750000 0.10479879 -0.00966508
v 0.07350000 0.10479879 -0.00966508
v 0.07750000 0.10486558 -0.00965671
v 0.07350000 0.10486558 -0.00965671
v 0.07750000 0.10493271 -0.00965168
v 0.07350000 0.10493271 -0.00965168
v 0.07750000 0.10500000 -0.00965000
v 0.07350000 0.10500000 -0.00965000
v 0.07400000 0.10421346 -0.00200407
v 0.07550000 0.10494755 -0.00210311
v 0.07550000 0.10451752 -0.00204710
v 0.07550000 0.10412147 -0.00191091
v 0.07550000 0.10380528 -0.00172906
v 0.07550000 0.10356092 -0.00153169
v 0.07490000 0.10331836 -0.00126998
v 0.07440909 0.10310693 -0.00093381
v 0.07550000 0.10297336 -0.00055657
v 0.07440909 0.10288997 -0.00010331
v 0.07550000 0.10290198 0.00017303
v 0.07491304 0.10299214 0.00063788
v 0.07433333 0.10312111 0.00095868
v 0.07400000 0.10357683 0.00155826
v 0.07550000 0.10348204 0.00145857
v 0.07483333 0.10394751 0.00182483
v 0.07400000 0.10500000 0.00214635
v 0.07550000 0.10439458 0.00201621
v 0.07550000 0.10474798 0.00208542
v 0.07550000 0.10506728 0.00210211
v 0.07550000 0.10548248 0.00204710
v 0.07400000 0.10650643 0.00154447
v 0.07550000 0.10597595 0.00186795
v 0.07550000 0.10635070 0.00160969
v 0.07550000 0.10657611 0.00139092
v 0.07550000 0.10676514 0.00114006
v 0.07550000 0.10688853 0.00091975
v 0.07400000 0.10706108 0.00045337
v 0.07550000 0.10703828 0.00053582
v 0.07550000 0.10710314 0.00001486
v 0.07450000 0.10709338 -0.00023571
v 0.07550000 0.10698138 -0.00070536
v 0.07450000 0.10688959 -0.00094390
v 0.07400000 0.10645985 -0.00152004
v 0.07550000 0.10648318 -0.00149729
v 0.07456250 0.10610154 -0.00178978
v 0.07478261 0.10580314 -0.00194451
v 0.07550000 0.10541699 -0.00206274
v 0.07400000 0.10529816 -0.00208392
v 0.07750000 0.10506729 -0.00965168
v 0.07350000 0.10506729 -0.00965168
v 0.07750000 0.10513442 -0.00965671
v 0.07350000 0.10513442 -0.00965671
v 0.07750000 0.10520121 -0.00966508
v 0.07350000 0.10520121 -0.00966508
v 0.07750000 0.10526750 -0.00967677
v 0.07350000 0.10526750 -0.00967677
v 0.07750000 0.10533312 -0.00969175
v 0.07350000 0.10533312 -0.00969175
v 0.07750000 0.10539792 -0.00970998
v 0.07350000 0.10539792 -0.00970998
v 0.07750000 0.10546173 -0.00973141
v 0.07350000 0.10546173 -0.00973141
v 0.07350000 0.10552439 -0.00975601
v 0.07750000 0.10552439 -0.00975601
v 0.07350000 0.10558574 -0.00978369
v 0.07750000 0.10558574 -0.00978369
v 0.07750000 0.10564564 -0.00981440
v 0.07350000 0.10564564 -0.00981440
v 0.07750000 0.10570394 -0.00984806
v 0.07350000 0.10570394 -0.00984806
v 0.07750000 0.10576048 -0.00988458
v 0.07350000 0.10576048 -0.00988458
v 0.07750000 0.10581514 -0.00992387
v 0.07350000 0.10581514 -0.00992387
v 0.07750000 0.10586776 -0.00996584
v 0.07350000 0.10586776 -0.00996584
v 0.07750000 0.10591823 -0.01001038
v 0.07350000 0.10591823 -0.01001038
v 0.07750000 0.10596642 -0.01005738
v 0.07350000 0.10596642 -0.01005738
v 0.07350000 0.10601220 -0.01010672
v 0.07750000 0.10601220 -0.01010672
v 0.07350000 0.10605547 -0.01015829
v 0.07750000 0.10605547 -0.01015829
v 0.07750000 0.10609612 -0.01021195
v 0.07350000 0.10609612 -0.01021195
v 0.07350000 0.10613404 -0.01026756
v 0.07750000 0.10613404 -0.01026756
v 0.07350000 0.10616913 -0.01032500
v 0.07750000 0.10616913 -0.01032500
v 0.07750000 0.10620133 -0.01038412
v 0.07350000 0.10620133 -0.01038412
v 0.07750000 0.10623053 -0.01044476
v 0.07350000 0.10623053 -0.01044476
v 0.07750000 0.10625668 -0.01050679
v 0.07350000 0.10625668 -0.01050679
v 0.07350000 0.10627970 -0.01057004
v 0.07750000 0.10627970 -0.01057004
v 0.07350000 0.10629954 -0.01063437
v 0.07750000 0.10629954 -0.01063437
v 0.07350000 0.10631615 -0.01069960
v 0.07750000 0.10631615 -0.01069960
v 0.07750000 0.10632949 -0.01076557
v 0.07350000 0.10632949 -0.01076557
v 0.07750000 0.10633952 -0.01083214
v 0.07350000 0.10633952 -0.01083214
v 0.07750000 0.10634623 -0.01089911
v 0.07350000 0.10634623 -0.01089911
v 0.07750000 0.10634958 -0.01096634
v 0.07350000 0.10634958 -0.01096634
v 0.07750000 0.10634958 -0.01103366
v 0.07350000 0.10634958 -0.01103366
v 0.07750000 0.10634623 -0.01110089
v 0.07350000 0.10634623 -0.01110089
v 0.07350000 0.10633952 -0.01116786
v 0.07750000 0.10633952 -0.01116786
v 0.07750000 0.10632949 -0.01123442
v 0.07350000 0.10632949 -0.01123442
v 0.07750000 0.10631615 -0.01130040
v 0.07350000 0.10631615 -0.01130040
v 0.07750000 0.10629954 -0.01136563
v 0.07350000 0.10629954 -0.01136563
v 0.07750000 0.10627970 -0.01142996
v 0.07350000 0.10627970 -0.01142996
v 0.07750000 0.10625668 -0.01149321
v 0.07350000 0.10625668 -0.01149321
v 0.07750000 0.10623053 -0.01155524
v 0.07350000 0.10623053 -0.01155524
v 0.07750000 0.10620133 -0.01161588
v 0.07350000 0.10620133 -0.01161588
v 0.07750000 0.10616913 -0.01167500
v 0.07350000 0.10616913 -0.01167500
v 0.07750000 0.10613404 -0.01173244
v 0.07350000 0.10613404 -0.01173244
v 0.07750000 0.10609612 -0.01178805
v 0.07350000 0.10609612 -0.01178805
v 0.07750000 0.10605547 -0.01184171
v 0.07350000 0.10605547 -0.01184171
v 0.07750000 0.10601220 -0.01189328
v 0.07350000 0.10601220 -0.01189328
v 0.07750000 0.10596642 -0.01194262
v 0.07350000 0.10596642 -0.01194262
v 0.07750000 0.10591823 -0.01198962
v 0.07350000 0.10591823 -0.01198962
v 0.07750000 0.10586776 -0.01203416
v 0.07350000 0.10586776 -0.01203416
v 0.07750000 0.10581514 -0.01207613
v 0.07350000 0.10581514 -0.01207613
v 0.07750000 0.10576048 -0.01211542
v 0.07350000 0.10576048 -0.01211542
v 0.07750000 0.10570394 -0.01215194
v 0.07350000 0.10570394 -0.01215194
v 0.07350000 0.10564564 -0.01218560
v 0.07750000 0.10564564 -0.01218560
v 0.07750000 0.10558574 -0.01221631
v 0.07350000 0.10558574 -0.01221631
v 0.07750000 0.10552439 -0.01224399
v 0.07350000 0.10552439 -0.01224399
v 0.07750000 0.10546173 -0.01226859
v 0.07350000 0.10546173 -0.01226859
v 0.07750000 0.10539792 -0.01229002
v 0.07350000 0.10539792 -0.01229002
v 0.07750000 0.10533312 -0.01230825
v 0.07350000 0.10533312 -0.01230825
v 0.07750000 0.10526750 -0.01232323
v 0.07350000 0.10526750 -0.01232323
v 0.07750000 0.10520121 -0.01233492
v 0.07350000 0.10520121 -0.01233492
v 0.07750000 0.10513442 -0.01234329
v 0.07350000 0.10513442 -0.01234329
v 0.07750000 0.10506729 -0.01234832
v 0.07350000 0.10506729 -0.01234832
v 0.07750000 0.11606729 0.00134832
v 0.07350000 0.11606729 0.00134832
v 0.07750000 0.11613442 0.00134329
v 0.07350000 0.11613442 0.00134329
v 0.07750000 0.11620121 0.00133492
v 0.07350000 0.11620121 0.00133492
v 0.07750000 0.11626750 0.00132323
v 0.07350000 0.11626750 0.00132323
v 0.07750000 0.11633312 0.00130825
v 0.07350000 0.11633312 0.00130825
v 0.07750000 0.11639792 0.00129002
v 0.07350000 0.11639792 0.00129002
v 0.07750000 0.11646173 0.00126859
v 0.07350000 0.11646173 0.00126859
v 0.07350000 0.11652439 0.00124399
v 0.07750000 0.11652439 0.00124399
v 0.07350000 0.11658574 0.00121631
v 0.07750000 0.11658574 0.00121631
v 0.07750000 0.11664564 0.00118560
v 0.07350000 0.11664564 0.00118560
v 0.07750000 0.11670394 0.00115194
v 0.07350000 0.11670394 0.00115194
v 0.07750000 0.11676048 0.00111542
v 0.07350000 0.11676048 0.00111542
v 0.07750000 0.11681514 0.00107613
v 0.07350000 0.11681514 0.00107613
v 0.07750000 0.11686776 0.00103416
v 0.07350000 0.11686776 0.00103416
v 0.07750000 0.11691823 0.00098962
v 0.07350000 0.11691823 0.00098962
v 0.07750000 0.11696642 0.00094262
v 0.07350000 0.11696642 0.00094262
v 0.07350000 0.11701220 0.00089328
v 0.07750000 0.11701220 0.00089328
v 0.07350000 0.11705547 0.00084171
v 0.07750000 0.11705547 0.00084171
v 0.07750000 0.11709612 0.00078805
v 0.07350000 0.11709612 0.00078805
v 0.07350000 0.11713403 0.00073244
v 0.07750000 0.11713403 0.00073244
v 0.07350000 0.11716913 0.00067500
v 0.07750000 0.11716913 0.00067500
v 0.07750000 0.11720133 0.00061588
v 0.07350000 0.11720133 0.00061588
v 0.07750000 0.11723053 0.00055524
v 0.07350000 0.11723053 0.00055524
v 0.07750000 0.11725668 0.00049321
v 0.07350000 0.11725668 0.00049321
v 0.07350000 0.11727970 0.00042996
v 0.07750000 0.11727970 0.00042996
v 0.07350000 0.11729954 0.00036563
v 0.07750000 0.11729954 0.00036563
v 0.07350000 0.11731615 0.00030040
v 0.07750000 0.11731615 0.00030040
v 0.07750000 0.11732949 0.00023443
v 0.07350000 0.11732949 0.00023443
v 0.07750000 0.11733952 0.00016786
v 0.07350000 0.11733952 0.00016786
v 0.07750000 0.11734622 0.00010089
v 0.07350000 0.11734622 0.00010089
v 0.07750000 0.11734958 0.00003366
v 0.07350000 0.11734958 0.00003366
v 0.07750000 0.11734958 -0.00003366
v 0.07350000 0.11734958 -0.00003366
v 0.07750000 0.11734622 -0.00010089
v 0.07350000 0.11734622 -0.00010089
v 0.07350000 0.11733952 -0.00016786
v 0.07750000 0.11733952 -0.00016786
v 0.07750000 0.11732949 -0.00023443
v 0.07350000 0.11732949 -0.00023443
v 0.07750000 0.11731615 -0.00030040
v 0.07350000 0.11731615 -0.00030040
v 0.07750000 0.11729954 -0.00036563
v 0.07350000 0.11729954 -0.00036563
v 0.07750000 0.11727970 -0.00042996
v 0.07350000 0.11727970 -0.00042996
v 0.07750000 0.11725668 -0.00049321
v 0.07350000 0.11725668 -0.00049321
v 0.07750000 0.11723053 -0.00055524
v 0.07350000 0.11723053 -0.00055524
v 0.07750000 0.11720133 -0.00061588
v 0.07350000 0.11720133 -0.00061588
v 0.07750000 0.11716913 -0.00067500
v 0.07350000 0.11716913 -0.00067500
v 0.07750000 0.11713403 -0.00073244
v 0.07350000 0.11713403 -0.00073244
v 0.07750000 0.11709612 -0.00078805
v 0.07350000 0.11709612 -0.00078805
v 0.07750000 0.11705547 -0.00084171
v 0.07350000 0.11705547 -0.00084171
v 0.07750000 0.11701220 -0.00089328
v 0.07350000 0.11701220 -0.00089328
v 0.07750000 0.11696642 -0.00094262
v 0.07350000 0.11696642 -0.00094262
v 0.07750000 0.11691823 -0.00098962
v 0.07350000 0.11691823 -0.00098962
v 0.07750000 0.11686776 -0.00103416
v 0.07350000 0.11686776 -0.00103416
v 0.07750000 0.11681514 -0.00107613
v 0.07350000 0.11681514 -0.00107613
v 0.07750000 0.11676048 -0.00111542
v 0.07350000 0.11676048 -0.00111542
v 0.07750000 0.11670394 -0.00115194
v 0.07350000 0.11670394 -0.00115194
v 0.07350000 0.11664564 -0.00118560
v 0.07750000 0.11664564 -0.00118560
v 0.07750000 0.11658574 -0.00121631
v 0.07350000 0.11658574 -0.00121631
v 0.07750000 0.11652439 -0.00124399
v 0.07350000 0.11652439 -0.00124399
v 0.07750000 0.11646173 -0.00126859
v 0.07350000 0.11646173 -0.00126859
v 0.07750000 0.11639792 -0.00129002
v 0.07350000 0.11639792 -0.00129002
v 0.07750000 0.11633312 -0.00130825
v 0.07350000 0.11633312 -0.00130825
v 0.07750000 0.11626750 -0.00132323
v 0.07350000 0.11626750 -0.00132323
v 0.07750000 0.11620121 -0.00133492
v 0.07350000 0.11620121 -0.00133492
v 0.07750000 0.11613442 -0.00134329
v 0.07350000 0.11613442 -0.00134329
v 0.07750000 0.11606729 -0.00134832
v 0.07350000 0.11606729 -0.00134832
v 0.07750000 0.10506729 0.01234832
v 0.07350000 0.10506729 0.01234832
v 0.07750000 0.10513442 0.01234329
v 0.07350000 0.10513442 0.01234329
v 0.07750000 0.10520121 0.01233492
v 0.07350000 0.10520121 0.01233492
v 0.07750000 0.10526750 0.01232323
v 0.07350000 0.10526750 0.01232323
v 0.07750000 0.10533312 0.01230825
v 0.07350000 0.10533312 0.01230825
v 0.07750000 0.10539792 0.01229002
v 0.07350000 0.10539792 0.01229002
v 0.07750000 0.10546173 0.01226859
v 0.07350000 0.10546173 0.01226859
v 0.07350000 0.10552439 0.01224399
v 0.07750000 0.10552439 0.01224399
v 0.07350000 0.10558574 0.01221631
v 0.07750000 0.10558574 0.01221631
v 0.07750000 0.10564564 0.01218560
v 0.07350000 0.10564564 0.01218560
v 0.07750000 0.10570394 0.01215194
v 0.07350000 0.10570394 0.01215194
v 0.07750000 0.10576048 0.01211542
v 0.07350000 0.10576048 0.01211542
v 0.07750000 0.10581514 0.01207613
v 0.07350000 0.10581514 0.01207613
v 0.07750000 0.10586776 0.01203416
v 0.07350000 0.10586776 0.01203416
v 0.07750000 0.10591823 0.01198962
v 0.07350000 0.10591823 0.01198962
v 0.07750000 0.10596642 0.01194262
v 0.07350000 0.10596642 0.01194262
v 0.07350000 0.10601220 0.01189328
v 0.07750000 0.10601220 0.01189328
v 0.07350000 0.10605547 0.01184171
v 0.07750000 0.10605547 0.01184171
v 0.07750000 0.10609612 0.01178805
v 0.07350000 0.10609612 0.01178805
v 0.07350000 0.10613404 0.01173244
v 0.07750000 0.10613404 0.01173244
v 0.07350000 0.10616913 0.01167500
v 0.07750000 0.10616913 0.01167500
v 0.07750000 0.10620133 0.01161588
v 0.07350000 0.10620133 0.01161588
v 0.07750000 0.10623053 0.01155524
v 0.07350000 0.10623053 0.01155524
v 0.07750000 0.10625668 0.01149321
v 0.07350000 0.10625668 0.01149321
v 0.07350000 0.10627970 0.01142996
v 0.07750000 0.10627970 0.01142996
v 0.07350000 0.10629954 0.01136563
v 0.07750000 0.10629954 0.01136563
v 0.07350000 0.10631615 0.01130040
v 0.07750000 0.10631615 0.01130040
v 0.07750000 0.10632949 0.01123442
v 0.07350000 0.10632949 0.01123442
v 0.07750000 0.10633952 0.01116786
v 0.07350000 0.10633952 0.01116786
v 0.07750000 0.10634623 0.01110089
v 0.07350000 0.10634623 0.01110089
v 0.07750000 0.10634958 0.01103366
v 0.07350000 0.10634958 0.01103366
v 0.07750000 0.10634958 0.01096634
v 0.07350000 0.10634958 0.01096634
v 0.07750000 0.10634623 0.01089911
v 0.07350000 0.10634623 0.01089911
v 0.07350000 0.10633952 0.01083214
v 0.07750000 0.10633952 0.01083214
v 0.07750000 0.10632949 0.01076557
v 0.07350000 0.10632949 0.01076557
v 0.07750000 0.10631615 0.01069960
v 0.07350000 0.10631615 0.01069960
v 0.07750000 0.10629954 0.01063437
v 0.07350000 0.10629954 0.01063437
v 0.07750000 0.10627970 0.01057004
v 0.07350000 0.10627970 0.01057004
v 0.07750000 0.10625668 0.01050679
v 0.07350000 0.10625668 0.01050679
v 0.07750000 0.10623053 0.01044476
v 0.07350000 0.10623053 0.01044476
v 0.07750000 0.10620133 0.01038412
v 0.07350000 0.10620133 0.01038412
v 0.07750000 0.10616913 0.01032500
v 0.07350000 0.10616913 0.01032500
v 0.07750000 0.10613404 0.01026756
v 0.07350000 0.10613404 0.01026756
v 0.07750000 0.10609612 0.01021195
v 0.07350000 0.10609612 0.01021195
v 0.07750000 0.10605547 0.01015829
v 0.07350000 0.10605547 0.01015829
v 0.07750000 0.10601220 0.01010672
v 0.07350000 0.10601220 0.01010672
v 0.07750000 0.10596642 0.01005738
v 0.07350000 0.10596642 0.01005738
v 0.07750000 0.10591823 0.01001038
v 0.07350000 0.10591823 0.01001038
v 0.07750000 0.10586776 0.00996584
v 0.07350000 0.10586776 0.00996584
v 0.07750000 0.10581514 0.00992387
v 0.07350000 0.10581514 0.00992387
v 0.07750000 0.10576048 0.00988458
v 0.07350000 0.10576048 0.00988458
v 0.07750000 0.10570394 0.00984806
v 0.07350000 0.10570394 0.00984806
v 0.07350000 0.10564564 0.00981440
v 0.07750000 0.10564564 0.00981440
v 0.07750000 0.10558574 0.00978369
v 0.07350000 0.10558574 0.00978369
v 0.07750000 0.10552439 0.00975601
v 0.07350000 0.10552439 0.00975601
v 0.07750000 0.10546173 0.00973141
v 0.07350000 0.10546173 0.00973141
v 0.07750000 0.10539792 0.00970998
v 0.07350000 0.10539792 0.00970998
v 0.07750000 0.10533312 0.00969175
v 0.07350000 0.10533312 0.00969175
v 0.07750000 0.10526750 0.00967677
v 0.07350000 0.10526750 0.00967677
v 0.07750000 0.10520121 0.00966508
v 0.07350000 0.10520121 0.00966508
v 0.07750000 0.10513442 0.00965671
v 0.07350000 0.10513442 0.00965671
v 0.07750000 0.10506729 0.00965168
v 0.07350000 0.10506729 0.00965168
v 0.07750000 0.09406729 0.00134832
v 0.07350000 0.09406729 0.00134832
v 0.07750000 0.09413442 0.00134329
v 0.07350000 0.09413442 0.00134329
v 0.07750000 0.09420121 0.00133492
v 0.07350000 0.09420121 0.00133492
v 0.07750000 0.09426750 0.00132323
v 0.07350000 0.09426750 0.00132323
v 0.07750000 0.09433312 0.00130825
v 0.07350000 0.09433312 0.00130825
v 0.07750000 0.09439792 0.00129002
v 0.07350000 0.09439792 0.00129002
v 0.07750000 0.09446173 0.00126859
v 0.07350000 0.09446173 0.00126859
v 0.07350000 0.09452439 0.00124399
v 0.07750000 0.09452439 0.00124399
v 0.07350000 0.09458574 0.00121631
v 0.07750000 0.09458574 0.00121631
v 0.07750000 0.09464564 0.00118560
v 0.07350000 0.09464564 0.00118560
v 0.07750000 0.09470394 0.00115194
v 0.07350000 0.09470394 0.00115194
v 0.07750000 0.09476048 0.00111542
v 0.07350000 0.09476048 0.00111542
v 0.07750000 0.09481514 0.00107613
v 0.07350000 0.09481514 0.00107613
v 0.07750000 0.09486776 0.00103416
v 0.07350000 0.09486776 0.00103416
v 0.07750000 0.09491823 0.00098962
v 0.07350000 0.09491823 0.00098962
v 0.07750000 0.09496642 0.00094262
v 0.07350000 0.09496642 0.00094262
v 0.07350000 0.09501220 0.00089328
v 0.07750000 0.09501220 0.00089328
v 0.07350000 0.09505547 0.00084171
v 0.07750000 0.09505547 0.00084171
v 0.07750000 0.09509612 0.00078805
v 0.07350000 0.09509612 0.00078805
v 0.07350000 0.09513404 0.00073244
v 0.07750000 0.09513404 0.00073244
v 0.07350000 0.09516913 0.00067500
v 0.07750000 0.09516913 0.00067500
v 0.07750000 0.09520133 0.00061588
v 0.07350000 0.09520133 0.00061588
v 0.07750000 0.09523053 0.00055524
v 0.07350000 0.09523053 0.00055524
v 0.07750000 0.09525668 0.00049321
v 0.07350000 0.09525668 0.00049321
v 0.07350000 0.09527970 0.00042996
v 0.07750000 0.09527970 0.00042996
v 0.07350000 0.09529954 0.00036563
v 0.07750000 0.09529954 0.00036563
v 0.07350000 0.09531615 0.00030040
v 0.07750000 0.09531615 0.00030040
v 0.07750000 0.09532949 0.00023443
v 0.07350000 0.09532949 0.00023443
v 0.07750000 0.09533952 0.00016786
v 0.07350000 0.09533952 0.00016786
v 0.07750000 0.09534623 0.00010089
v 0.07350000 0.09534623 0.00010089
v 0.07750000 0.09534958 0.00003366
v 0.07350000 0.09534958 0.00003366
v 0.07750000 0.09534958 -0.00003366
v 0.07350000 0.09534958 -0.00003366
v 0.07750000 0.09534623 -0.00010089
v 0.07350000 0.09534623 -0.00010089
v 0.07350000 0.09533952 -0.00016786
v 0.07750000 0.09533952 -0.00016786
v 0.07750000 0.09532949 -0.00023443
v 0.07350000 0.09532949 -0.00023443
v 0.07750000 0.09531615 -0.00030040
v 0.07350000 0.09531615 -0.00030040
v 0.07750000 0.09529954 -0.00036563
v 0.07350000 0.09529954 -0.00036563
v 0.07750000 0.09527970 -0.00042996
v 0.07350000 0.09527970 -0.00042996
v 0.07750000 0.09525668 -0.00049321
v 0.07350000 0.09525668 -0.00049321
v 0.07750000 0.09523053 -0.00055524
v 0.07350000 0.09523053 -0.00055524
v 0.07750000 0.09520133 -0.00061588
v 0.07350000 0.09520133 -0.00061588
v 0.07750000 0.09516913 -0.00067500
v 0.07350000 0.09516913 -0.00067500
v 0.07750000 0.09513404 -0.00073244
v 0.07350000 0.09513404 -0.00073244
v 0.07750000 0.09509612 -0.00078805
v 0.07350000 0.09509612 -0.00078805
v 0.07750000 0.09505547 -0.00084171
v 0.07350000 0.09505547 -0.00084171
v 0.07750000 0.09501220 -0.00089328
v 0.07350000 0.09501220 -0.00089328
v 0.07750000 0.09496642 -0.00094262
v 0.07350000 0.09496642 -0.00094262
v 0.07750000 0.09491823 -0.00098962
v 0.07350000 0.09491823 -0.00098962
v 0.07750000 0.09486776 -0.00103416
v 0.07350000 0.09486776 -0.00103416
v 0.07750000 0.09481514 -0.00107613
v 0.07350000 0.09481514 -0.00107613
v 0.07750000 0.09476048 -0.00111542
v 0.07350000 0.09476048 -0.00111542
v 0.07750000 0.09470394 -0.00115194
v 0.07350000 0.09470394 -0.00115194
v 0.07350000 0.09464564 -0.00118560
v 0.07750000 0.09464564 -0.00118560
v 0.07750000 0.09458574 -0.00121631
v 0.07350000 0.09458574 -0.00121631
v 0.07750000 0.09452439 -0.00124399
v 0.07350000 0.09452439 -0.00124399
v 0.07750000 0.09446173 -0.00126859
v 0.07350000 0.09446173 -0.00126859
v 0.07750000 0.09439792 -0.00129002
v 0.07350000 0.09439792 -0.00129002
v 0.07750000 0.09433312 -0.00130825
v 0.07350000 0.09433312 -0.00130825
v 0.07750000 0.09426750 -0.00132323
v 0.07350000 0.09426750 -0.00132323
v 0.07750000 0.09420121 -0.00133492
v 0.07350000 0.09420121 -0.00133492
v 0.07750000 0.09413442 -0.00134329
v 0.07350000 0.09413442 -0.00134329
v 0.07750000 0.09406729 -0.00134832
v 0.07350000 0.09406729 -0.00134832
v 0.07750000 0.10530406 0.00609242
v 0.07750000 0.10560736 0.00606969
v 0.07750000 0.10590916 0.00603187
v 0.07750000 0.10620869 0.00597905
v 0.07750000 0.10650522 0.00591137
v 0.07750000 0.10679801 0.00582899
v 0.07600000 0.10770319 0.00550188
v 0.07750000 0.10708632 0.00573212
v 0.07750000 0.10736945 0.00562100
v 0.07750000 0.10764669 0.00549591
v 0.07750000 0.10791735 0.00535715
v 0.07750000 0.10818076 0.00520507
v 0.07679412 0.10877439 0.00480095
v 0.07680769 0.10939917 0.00423121
v 0.07672000 0.10996307 0.00356820
v 0.07750000 0.11028275 0.00305000
v 0.07750000 0.11042822 0.00278289
v 0.07600000 0.11116051 0.00087691
v 0.07750000 0.11056019 0.00250885
v 0.07750000 0.11067833 0.00222858
v 0.07750000 0.11078236 0.00194277
v 0.07750000 0.11087201 0.00165213
v 0.07750000 0.11094706 0.00135738
v 0.07750000 0.11100733 0.00105925
v 0.07750000 0.11105266 0.00075850
v 0.07750000 0.11108294 0.00045585
v 0.07750000 0.11109810 0.00015208
v 0.07750000 0.11109810 -0.00015208
v 0.07750000 0.11108294 -0.00045585
v 0.07750000 0.11105266 -0.00075850
v 0.07750000 0.11100733 -0.00105925
v 0.07750000 0.11094706 -0.00135738
v 0.07600000 0.11063823 -0.00242989
v 0.07750000 0.11087201 -0.00165213
v 0.07750000 0.11078236 -0.00194277
v 0.07750000 0.11067833 -0.00222858
v 0.07750000 0.11056019 -0.00250885
v 0.07750000 0.11042822 -0.00278289
v 0.07750000 0.11028275 -0.00305000
v 0.07675000 0.10986905 -0.00368816
v 0.07685714 0.10924931 -0.00438865
v 0.07653571 0.10845163 -0.00503553
v 0.07750000 0.10818076 -0.00520507
v 0.07750000 0.10791735 -0.00535715
v 0.07600000 0.10662087 -0.00594524
v 0.07750000 0.10764669 -0.00549591
v 0.07750000 0.10736945 -0.00562100
v 0.07750000 0.10708632 -0.00573212
v 0.07750000 0.10679801 -0.00582899
v 0.07750000 0.10650522 -0.00591137
v 0.07750000 0.10620869 -0.00597905
v 0.07750000 0.10590916 -0.00603187
v 0.07750000 0.10560736 -0.00606969
v 0.07750000 0.10530406 -0.00609242
v 0.07250000 0.01130017 -0.00190746
v 0.07250000 0.02491228 0.00306061
v 0.07750000 0.02491228 0.00306061
v 0.07750000 0.01130017 -0.00190746
v 0.07750000 0.00959700 0.00283012
v 0.07250000 0.00996319 0.00158685
v 0.07750000 0.01000054 0.00073115
v 0.07750000 0.00996120 -0.00088006
v 0.07250000 0.00996120 -0.00088006
v 0.07250000 0.09000000 -0.01000000
v 0.07250000 -0.00000000 -0.01000000
v 0.07750000 0.09000000 -0.01000000
v 0.07750000 -0.00000000 -0.01000000
v 0.07750000 0.10425780 -0.01498163
v 0.07750000 0.10351742 -0.01492655
v 0.07750000 0.10278067 -0.01483491
v 0.07250000 0.10378139 -0.01497296
v 0.07750000 0.10204936 -0.01470693
v 0.07750000 0.10132528 -0.01454292
v 0.07750000 0.10061020 -0.01434328
v 0.07750000 0.09990587 -0.01410850
v 0.07750000 0.09921403 -0.01383917
v 0.07250000 0.10049287 -0.01434480
v 0.07750000 0.09853635 -0.01353592
v 0.07750000 0.09787451 -0.01319952
v 0.07250000 0.09814305 -0.01334571
v 0.07750000 0.09686476 -0.01261129
v 0.07250000 0.09682146 -0.01258053
v 0.07750000 -0.00000000 0.01000000
v 0.07250000 0.09000000 0.01000000
v 0.07750000 0.09000000 0.01000000
v 0.07250000 -0.00000000 0.01000000
v 0.07250000 0.03571660 0.00274582
v 0.07750000 0.01980743 -0.00306061
v 0.07750000 0.03571660 0.00274582
v 0.07250000 0.01980743 -0.00306061
v 0.07250000 0.05234638 -0.00307401
v 0.07250000 0.03640231 0.00274582
v 0.07750000 0.03640231 0.00274582
v 0.07750000 0.04975753 0.00000057
v 0.07250000 0.06311581 -0.00274582
v 0.07750000 0.06311581 -0.00274582
v 0.07250000 0.04720664 0.00306061
v 0.07750000 0.07805885 0.00513686
v 0.07250000 0.08869805 0.00208268
v 0.07250000 0.07460584 -0.00306061
v 0.07750000 0.08869805 0.00208268
v 0.07750000 0.07460584 -0.00306061
v 0.07750000 0.09031827 -0.00307357
v 0.07750000 0.09047631 -0.00375000
v 0.07750000 0.09019172 -0.00239055
v 0.07750000 0.09009692 -0.00170241
v 0.07250000 0.09018780 -0.00246115
v 0.07750000 0.09003408 -0.00101061
v 0.07750000 0.09000334 -0.00031664
v 0.07250000 0.08999146 -0.00022991
v 0.07750000 0.09000476 0.00037800
v 0.07500000 -0.00174277 -0.00988374
v 0.07750000 -0.00365487 -0.00931246
v 0.07433333 -0.00469506 -0.00886287
v 0.07750000 -0.00827044 -0.00573591
v 0.07458333 -0.00678946 -0.00737489
v 0.07250000 -0.00846132 -0.00537556
v 0.07527778 -0.00957229 -0.00297770
v 0.07375000 -0.00986978 -0.00165285
v 0.07557692 -0.01001912 0.00012706
v 0.07407143 -0.00971829 0.00255425
v 0.07525000 -0.00816395 0.00595923
v 0.07250000 -0.00863576 0.00505795
v 0.07750000 -0.00669856 0.00747316
v 0.07750000 -0.00396025 0.00759218
v 0.07250000 -0.00495061 0.00872985
v 0.07750000 -0.00278054 0.00962146
v 0.07550000 -0.00097161 0.00996083
v 0.07250000 -0.00240082 0.00973276
v 0.07403846 0.00058040 0.00708438
v 0.07250000 0.00243920 0.00670164
v 0.07750000 0.00227717 0.00677766
v 0.07250000 0.00370219 0.00605837
v 0.07750000 0.00370219 0.00605837
v 0.07750000 0.00399957 0.00586630
v 0.07250000 0.00399957 0.00586630
v 0.07750000 0.00428701 0.00565964
v 0.07250000 0.00428701 0.00565964
v 0.07750000 0.00456379 0.00543892
v 0.07250000 0.00456379 0.00543892
v 0.07750000 0.00482923 0.00520467
v 0.07250000 0.00482923 0.00520467
v 0.07750000 0.00508265 0.00495748
v 0.07250000 0.00508265 0.00495748
v 0.07750000 0.00532345 0.00469797
v 0.07250000 0.00532345 0.00469797
v 0.07750000 0.00555100 0.00442678
v 0.07250000 0.00555100 0.00442678
v 0.07750000 0.00576476 0.00414458
v 0.07250000 0.00576476 0.00414458
v 0.07750000 0.00596418 0.00385208
v 0.07250000 0.00596418 0.00385208
v 0.07750000 0.00614878 0.00355000
v 0.07250000 0.00614878 0.00355000
v 0.07250000 0.00631809 0.00323910
v 0.07750000 0.00631809 0.00323910
v 0.07250000 0.00647169 0.00292014
v 0.07750000 0.00647169 0.00292014
v 0.07250000 0.00680951 0.00204790
v 0.07750000 0.00660920 0.00259392
v 0.07500000 0.00706735 0.00100380
v 0.07750000 0.00710220 0.00022146
v 0.07750000 0.00708015 -0.00053058
v 0.07250000 0.00708015 -0.00053058
v 0.07750000 0.00704490 -0.00088284
v 0.07250000 0.00704490 -0.00088284
v 0.07250000 0.00699214 -0.00123290
v 0.07750000 0.00699214 -0.00123290
v 0.07250000 0.00692199 -0.00157990
v 0.07750000 0.00692199 -0.00157990
v 0.07250000 0.00683463 -0.00192297
v 0.07750000 0.00683463 -0.00192297
v 0.07750000 0.00673028 -0.00226126
v 0.07250000 0.00673028 -0.00226126
v 0.07250000 0.00660920 -0.00259392
v 0.07250000 0.00647169 -0.00292014
v 0.07750000 0.00647169 -0.00292014
v 0.07250000 0.00631809 -0.00323910
v 0.07750000 0.00631809 -0.00323910
v 0.07750000 0.00614878 -0.00355000
v 0.07250000 0.00614878 -0.00355000
v 0.07750000 0.00596418 -0.00385208
v 0.07250000 0.00596418 -0.00385208
v 0.07750000 0.00576476 -0.00414458
v 0.07250000 0.00576476 -0.00414458
v 0.07750000 0.00555100 -0.00442678
v 0.07250000 0.00555100 -0.00442678
v 0.07250000 0.00532345 -0.00469797
v 0.07750000 0.00532345 -0.00469797
v 0.07750000 0.00508265 -0.00495748
v 0.07250000 0.00508265 -0.00495748
v 0.07250000 0.00482923 -0.00520467
v 0.07750000 0.00482923 -0.00520467
v 0.07750000 0.00456379 -0.00543892
v 0.07250000 0.00456379 -0.00543892
v 0.07750000 0.00428701 -0.00565964
v 0.07250000 0.00428701 -0.00565964
v 0.07250000 0.00251327 -0.00673412
v 0.07750000 0.00229276 -0.00682406
v 0.07750000 0.05196863 -0.00500000
v 0.07392857 0.03108666 -0.00514868
v 0.07250000 0.07971068 0.00306061
v 0.07750000 0.07971068 0.00306061
v 0.07250000 0.07494869 -0.00500000
v 0.07750000 0.08950807 -0.00500000
v 0.07750000 0.07494869 -0.00500000
v 0.07250000 0.08950807 -0.00500000
v 0.07400000 0.10535391 0.00709117
v 0.07400000 0.10570693 0.00706472
v 0.07290909 0.10593791 0.00703911
v 0.07310000 0.10658039 0.00692414
v 0.07314286 0.10726196 0.00673237
v 0.07314286 0.10792105 0.00647370
v 0.07314286 0.10855111 0.00615069
v 0.07400000 0.10899957 0.00586630
v 0.07284615 0.10974983 0.00530724
v 0.07400000 0.10995841 0.00508359
v 0.07400000 0.11042030 0.00458900
v 0.07308696 0.11091405 0.00394422
v 0.07400000 0.11131809 0.00323910
v 0.07296552 0.11163796 0.00255671
v 0.07400000 0.11183463 0.00192297
v 0.07293750 0.11201951 0.00112870
v 0.07342308 0.11208789 0.00051614
v 0.07320000 0.11209338 -0.00035402
v 0.07310000 0.11202288 -0.00105854
v 0.07314286 0.11188258 -0.00175252
v 0.07314286 0.11167389 -0.00242910
v 0.07273684 0.11121850 -0.00344660
v 0.07400000 0.11147169 -0.00292014
v 0.07400000 0.11099286 -0.00381783
v 0.07315217 0.11039856 -0.00462476
v 0.07325000 0.10969942 -0.00532511
v 0.07317500 0.10900288 -0.00587116
v 0.07300000 0.10839560 -0.00623537
v 0.07333333 0.10751491 -0.00665480
v 0.07289130 0.10650974 -0.00694683
v 0.07315625 0.10553075 -0.00708235
v 0.07416667 0.01964979 0.00506689
v 0.07250000 0.00953161 0.00469877
v 0.07250000 0.00956729 0.00473353
v 0.07250000 0.00949770 0.00466228
v 0.07250000 0.00960467 0.00476647
v 0.07250000 0.00946565 0.00462415
v 0.07250000 0.00964363 0.00479750
v 0.07250000 0.00943553 0.00458447
v 0.07250000 0.00968410 0.00482656
v 0.07250000 0.00940743 0.00454333
v 0.07250000 0.00972596 0.00485356
v 0.07250000 0.00938142 0.00450085
v 0.07250000 0.00976911 0.00487845
v 0.07250000 0.00935755 0.00445713
v 0.07250000 0.00981345 0.00490115
v 0.07250000 0.00933589 0.00441227
v 0.07250000 0.00985886 0.00492162
v 0.07250000 0.00931649 0.00436639
v 0.07250000 0.00990524 0.00493980
v 0.07250000 0.00929940 0.00431960
v 0.07250000 0.00995246 0.00495566
v 0.07250000 0.00928466 0.00427202
v 0.07250000 0.01000042 0.00496914
v 0.07250000 0.00927231 0.00422376
v 0.07250000 0.01004899 0.00498021
v 0.07250000 0.00926237 0.00417494
v 0.07250000 0.01009805 0.00498885
v 0.07250000 0.00925488 0.00412569
v 0.07250000 0.01014748 0.00499504
v 0.07250000 0.00924985 0.00407613
v 0.07250000 0.01019715 0.00499876
v 0.07250000 0.00924730 0.00402639
v 0.07250000 0.00924723 0.00397657
v 0.07250000 0.00924963 0.00392681
v 0.07250000 0.00925451 0.00387724
v 0.07250000 0.00926186 0.00382797
v 0.07250000 0.00927165 0.00377913
v 0.07250000 0.00928386 0.00373083
v 0.07250000 0.00995808 -0.00092895
v 0.07250000 0.00995737 -0.00097794
v 0.07250000 0.00995905 -0.00102690
v 0.07250000 0.00996313 -0.00107572
v 0.07250000 0.00996960 -0.00112429
v 0.07250000 0.00997843 -0.00117248
v 0.07250000 0.00998962 -0.00122017
v 0.07250000 0.01000313 -0.00126727
v 0.07250000 0.01001893 -0.00131364
v 0.07250000 0.01003698 -0.00135919
v 0.07250000 0.01005724 -0.00140379
v 0.07250000 0.01007966 -0.00144735
v 0.07250000 0.01010419 -0.00148976
v 0.07250000 0.01013076 -0.00153092
v 0.07250000 0.01015932 -0.00157073
v 0.07250000 0.01018980 -0.00160909
v 0.07250000 0.01022211 -0.00164591
v 0.07250000 0.01025619 -0.00168110
v 0.07250000 0.01029196 -0.00171459
v 0.07250000 0.01032932 -0.00174628
v 0.07250000 0.01036819 -0.00177610
v 0.07250000 0.01040847 -0.00180399
v 0.07250000 0.01045007 -0.00182987
v 0.07250000 0.01049289 -0.00185367
v 0.07250000 0.01053682 -0.00187536
v 0.07250000 0.01058176 -0.00189486
v 0.07250000 0.01062760 -0.00191215
v 0.07250000 0.01067424 -0.00192716
v 0.07250000 0.01072155 -0.00193988
v 0.07250000 0.01076943 -0.00195026
v 0.07250000 0.01081776 -0.00195828
v 0.07250000 0.01086643 -0.00196393
v 0.07250000 0.01091531 -0.00196718
v 0.07250000 0.01096429 -0.00196804
v 0.07250000 0.01101326 -0.00196650
v 0.07250000 0.01106209 -0.00196256
v 0.07250000 0.02461925 0.00499876
v 0.07250000 0.01946956 -0.00326746
v 0.07250000 0.01943390 -0.00330230
v 0.07250000 0.01940002 -0.00333886
v 0.07250000 0.01950691 -0.00323445
v 0.07250000 0.01936801 -0.00337707
v 0.07250000 0.01954585 -0.00320335
v 0.07250000 0.01933794 -0.00341682
v 0.07250000 0.01958630 -0.00317422
v 0.07250000 0.01930989 -0.00345803
v 0.07250000 0.01928393 -0.00350058
v 0.07250000 0.01926012 -0.00354437
v 0.07250000 0.01923852 -0.00358929
v 0.07250000 0.01921919 -0.00363523
v 0.07250000 0.01920217 -0.00368208
v 0.07250000 0.01918750 -0.00372972
v 0.07250000 0.01917523 -0.00377803
v 0.07250000 0.01916538 -0.00382690
v 0.07250000 0.01915798 -0.00387619
v 0.07250000 0.01915304 -0.00392579
v 0.07250000 0.01915059 -0.00397558
v 0.07250000 0.01915061 -0.00402542
v 0.07250000 0.01915312 -0.00407520
v 0.07250000 0.01915811 -0.00412480
v 0.07250000 0.01916556 -0.00417408
v 0.07250000 0.01917545 -0.00422294
v 0.07250000 0.01918777 -0.00427124
v 0.07250000 0.01920249 -0.00431886
v 0.07250000 0.01921955 -0.00436569
v 0.07250000 0.01923893 -0.00441162
v 0.07250000 0.01926057 -0.00445652
v 0.07250000 0.01928443 -0.00450029
v 0.07250000 0.01931043 -0.00454281
v 0.07250000 0.01933852 -0.00458399
v 0.07250000 0.01125375 -0.00192312
v 0.07250000 0.01936863 -0.00462371
v 0.07250000 0.01120662 -0.00193649
v 0.07250000 0.01940068 -0.00466189
v 0.07250000 0.01115889 -0.00194754
v 0.07250000 0.01943460 -0.00469842
v 0.07250000 0.01111068 -0.00195624
v 0.07250000 0.01947029 -0.00473321
v 0.07250000 0.01950767 -0.00476619
v 0.07250000 0.01954665 -0.00479726
v 0.07250000 0.01958712 -0.00482635
v 0.07250000 0.01962900 -0.00485338
v 0.07250000 0.01967217 -0.00487830
v 0.07250000 0.01971653 -0.00490103
v 0.07250000 0.01976197 -0.00492153
v 0.07250000 0.01980837 -0.00493973
v 0.07250000 0.01985562 -0.00495560
v 0.07250000 0.01990361 -0.00496910
v 0.07250000 0.01995220 -0.00498019
v 0.07250000 0.02000129 -0.00498884
v 0.07250000 0.02005075 -0.00499503
v 0.07250000 0.02010046 -0.00499876
v 0.07250000 0.02521204 0.00476619
v 0.07250000 0.02524942 0.00473321
v 0.07250000 0.02528511 0.00469842
v 0.07250000 0.02531903 0.00466189
v 0.07250000 0.02535108 0.00462371
v 0.07250000 0.02538119 0.00458399
v 0.07250000 0.02540928 0.00454281
v 0.07250000 0.02543528 0.00450029
v 0.07250000 0.02545914 0.00445652
v 0.07250000 0.02548078 0.00441162
v 0.07250000 0.02550016 0.00436569
v 0.07250000 0.02551723 0.00431886
v 0.07250000 0.02553194 0.00427124
v 0.07250000 0.02554426 0.00422294
v 0.07250000 0.02555416 0.00417408
v 0.07250000 0.02556161 0.00412480
v 0.07250000 0.02556659 0.00407520
v 0.07250000 0.02556910 0.00402542
v 0.07250000 0.02556913 0.00397558
v 0.07250000 0.02556667 0.00392579
v 0.07250000 0.02556173 0.00387619
v 0.07250000 0.02555433 0.00382690
v 0.07250000 0.02554448 0.00377803
v 0.07250000 0.02553221 0.00372972
v 0.07250000 0.02551754 0.00368208
v 0.07250000 0.02550052 0.00363523
v 0.07250000 0.02548119 0.00358929
v 0.07250000 0.02545959 0.00354437
v 0.07250000 0.02543578 0.00350058
v 0.07250000 0.02540982 0.00345803
v 0.07250000 0.02538177 0.00341682
v 0.07250000 0.02535170 0.00337707
v 0.07250000 0.02531969 0.00333886
v 0.07250000 0.02528581 0.00330230
v 0.07250000 0.02525015 0.00326746
v 0.07250000 0.02521281 0.00323445
v 0.07250000 0.02517386 0.00320335
v 0.07250000 0.02513341 0.00317422
v 0.07250000 0.02509156 0.00314714
v 0.07250000 0.03576398 0.00276178
v 0.07250000 0.02517306 0.00479726
v 0.07250000 0.03581209 0.00277536
v 0.07250000 0.02513259 0.00482635
v 0.07250000 0.03586081 0.00278651
v 0.07250000 0.02509071 0.00485338
v 0.07250000 0.03591004 0.00279521
v 0.07250000 0.02504754 0.00487830
v 0.07250000 0.03595964 0.00280144
v 0.07250000 0.02500318 0.00490103
v 0.07250000 0.03600949 0.00280519
v 0.07250000 0.02495774 0.00492153
v 0.07250000 0.03605946 0.00280644
v 0.07250000 0.04686949 0.00473321
v 0.07250000 0.04683380 0.00469842
v 0.07250000 0.04679989 0.00466189
v 0.07250000 0.04690687 0.00476619
v 0.07250000 0.03635494 0.00276178
v 0.07250000 0.04676784 0.00462371
v 0.07250000 0.04694585 0.00479726
v 0.07250000 0.03630683 0.00277536
v 0.07250000 0.04673773 0.00458399
v 0.07250000 0.04698633 0.00482635
v 0.07250000 0.03625810 0.00278651
v 0.07250000 0.04670964 0.00454281
v 0.07250000 0.04702820 0.00485338
v 0.07250000 0.03620888 0.00279521
v 0.07250000 0.04668363 0.00450029
v 0.07250000 0.04707138 0.00487830
v 0.07250000 0.03615928 0.00280144
v 0.07250000 0.04665978 0.00445652
v 0.07250000 0.04711574 0.00490103
v 0.07250000 0.03610943 0.00280519
v 0.07250000 0.04663813 0.00441162
v 0.07250000 0.04716117 0.00492153
v 0.07250000 0.04661876 0.00436569
v 0.07250000 0.04720757 0.00493973
v 0.07250000 0.02491134 0.00493973
v 0.07250000 0.04660169 0.00431886
v 0.07250000 0.04725483 0.00495560
v 0.07250000 0.02486409 0.00495560
v 0.07250000 0.04658698 0.00427124
v 0.07250000 0.04730281 0.00496910
v 0.07250000 0.02476751 0.00498019
v 0.07250000 0.02481611 0.00496910
v 0.07250000 0.04657466 0.00422294
v 0.07250000 0.04735141 0.00498019
v 0.07250000 0.02471842 0.00498884
v 0.07250000 0.04656476 0.00417408
v 0.07250000 0.04740050 0.00498884
v 0.07250000 0.04655731 0.00412480
v 0.07250000 0.04744995 0.00499503
v 0.07250000 0.02466896 0.00499503
v 0.07250000 0.04655232 0.00407520
v 0.07250000 0.04654981 0.00402542
v 0.07250000 0.04654979 0.00397558
v 0.07250000 0.04655225 0.00392579
v 0.07250000 0.04655718 0.00387619
v 0.07250000 0.04656459 0.00382690
v 0.07250000 0.04657444 0.00377803
v 0.07250000 0.04658671 0.00372972
v 0.07250000 0.04660137 0.00368208
v 0.07250000 0.04661839 0.00363523
v 0.07250000 0.04663772 0.00358929
v 0.07250000 0.04665932 0.00354437
v 0.07250000 0.04668313 0.00350058
v 0.07250000 0.04670910 0.00345803
v 0.07250000 0.04673715 0.00341682
v 0.07250000 0.04676722 0.00337707
v 0.07250000 0.04679923 0.00333886
v 0.07250000 0.04683310 0.00330230
v 0.07250000 0.04686876 0.00326746
v 0.07250000 0.04690611 0.00323445
v 0.07250000 0.04694506 0.00320335
v 0.07250000 0.04698550 0.00317422
v 0.07250000 0.04702735 0.00314714
v 0.07250000 0.05249077 -0.00314714
v 0.07250000 0.05253261 -0.00317422
v 0.07250000 0.05257306 -0.00320335
v 0.07250000 0.05261201 -0.00323445
v 0.07250000 0.05264936 -0.00326746
v 0.07250000 0.05268501 -0.00330230
v 0.07250000 0.05271889 -0.00333886
v 0.07250000 0.05275090 -0.00337707
v 0.07250000 0.05278097 -0.00341682
v 0.07250000 0.05280902 -0.00345803
v 0.07250000 0.05283499 -0.00350058
v 0.07250000 0.05285880 -0.00354437
v 0.07250000 0.05288039 -0.00358929
v 0.07250000 0.05289973 -0.00363523
v 0.07250000 0.05291675 -0.00368208
v 0.07250000 0.05293141 -0.00372972
v 0.07250000 0.05294368 -0.00377803
v 0.07250000 0.05295353 -0.00382690
v 0.07250000 0.05296093 -0.00387619
v 0.07250000 0.05296587 -0.00392579
v 0.07250000 0.05296833 -0.00397558
v 0.07250000 0.05296830 -0.00402542
v 0.07250000 0.05296580 -0.00407520
v 0.07250000 0.05296081 -0.00412480
v 0.07250000 0.05295336 -0.00417408
v 0.07250000 0.05294346 -0.00422294
v 0.07250000 0.05293114 -0.00427124
v 0.07250000 0.05291643 -0.00431886
v 0.07250000 0.05289936 -0.00436569
v 0.07250000 0.05287998 -0.00441162
v 0.07250000 0.05285834 -0.00445652
v 0.07250000 0.05283449 -0.00450029
v 0.07250000 0.05280848 -0.00454281
v 0.07250000 0.05278039 -0.00458399
v 0.07250000 0.05275028 -0.00462371
v 0.07250000 0.05271823 -0.00466189
v 0.07250000 0.05268432 -0.00469842
v 0.07250000 0.05264863 -0.00473321
v 0.07250000 0.05261125 -0.00476619
v 0.07250000 0.06316318 -0.00276178
v 0.07250000 0.05257227 -0.00479726
v 0.07250000 0.06321129 -0.00277536
v 0.07250000 0.05253179 -0.00482635
v 0.07250000 0.06326002 -0.00278651
v 0.07250000 0.05248991 -0.00485338
v 0.07250000 0.06330924 -0.00279521
v 0.07250000 0.05244674 -0.00487830
v 0.07250000 0.06335884 -0.00280144
v 0.07250000 0.05240238 -0.00490103
v 0.07250000 0.06340869 -0.00280519
v 0.07250000 0.05235695 -0.00492153
v 0.07250000 0.07426796 -0.00326746
v 0.07250000 0.07423231 -0.00330230
v 0.07250000 0.07419843 -0.00333886
v 0.07250000 0.07430531 -0.00323445
v 0.07250000 0.07416642 -0.00337707
v 0.07250000 0.07434426 -0.00320335
v 0.07250000 0.07413635 -0.00341682
v 0.07250000 0.07438471 -0.00317422
v 0.07250000 0.07410830 -0.00345803
v 0.07250000 0.07442656 -0.00314714
v 0.07250000 0.07408234 -0.00350058
v 0.07250000 0.07405853 -0.00354437
v 0.07250000 0.07403693 -0.00358929
v 0.07250000 0.07401759 -0.00363523
v 0.07250000 0.07400058 -0.00368208
v 0.07250000 0.07398591 -0.00372972
v 0.07250000 0.07397364 -0.00377803
v 0.07250000 0.07396379 -0.00382690
v 0.07250000 0.07395639 -0.00387619
v 0.07250000 0.07395145 -0.00392579
v 0.07250000 0.07394899 -0.00397558
v 0.07250000 0.07394902 -0.00402542
v 0.07250000 0.07395153 -0.00407520
v 0.07250000 0.07395651 -0.00412480
v 0.07250000 0.07396396 -0.00417408
v 0.07250000 0.07397386 -0.00422294
v 0.07250000 0.07398618 -0.00427124
v 0.07250000 0.07400089 -0.00431886
v 0.07250000 0.07401796 -0.00436569
v 0.07250000 0.07403734 -0.00441162
v 0.07250000 0.07405898 -0.00445652
v 0.07250000 0.07408283 -0.00450029
v 0.07250000 0.07410884 -0.00454281
v 0.07250000 0.07413693 -0.00458399
v 0.07250000 0.07416704 -0.00462371
v 0.07250000 0.07419909 -0.00466189
v 0.07250000 0.07423300 -0.00469842
v 0.07250000 0.07426870 -0.00473321
v 0.07250000 0.07430608 -0.00476619
v 0.07250000 0.07434505 -0.00479726
v 0.07250000 0.07438553 -0.00482635
v 0.07250000 0.07442741 -0.00485338
v 0.07250000 0.07447058 -0.00487830
v 0.07250000 0.07451494 -0.00490103
v 0.07250000 0.07456038 -0.00492153
v 0.07250000 0.07460678 -0.00493973
v 0.07250000 0.05231054 -0.00493973
v 0.07250000 0.07465403 -0.00495560
v 0.07250000 0.05226329 -0.00495560
v 0.07250000 0.07470201 -0.00496910
v 0.07250000 0.05221531 -0.00496910
v 0.07250000 0.07475061 -0.00498019
v 0.07250000 0.05216671 -0.00498019
v 0.07250000 0.07159968 0.00552513
v 0.07250000 0.07951683 0.00498884
v 0.07250000 0.07956592 0.00498019
v 0.07250000 0.07961451 0.00496910
v 0.07250000 0.07966250 0.00495560
v 0.07250000 0.07970975 0.00493973
v 0.07250000 0.07975615 0.00492153
v 0.07250000 0.07980159 0.00490103
v 0.07250000 0.07984595 0.00487830
v 0.07250000 0.07988912 0.00485338
v 0.07250000 0.07993099 0.00482635
v 0.07250000 0.07997147 0.00479726
v 0.07250000 0.08001045 0.00476619
v 0.07250000 0.08004783 0.00473321
v 0.07250000 0.08008352 0.00469842
v 0.07250000 0.08011743 0.00466189
v 0.07250000 0.08014949 0.00462371
v 0.07250000 0.08017959 0.00458399
v 0.07250000 0.08020769 0.00454281
v 0.07250000 0.08023369 0.00450029
v 0.07250000 0.08025754 0.00445652
v 0.07250000 0.08027919 0.00441162
v 0.07250000 0.08029857 0.00436569
v 0.07250000 0.08031563 0.00431886
v 0.07250000 0.08033034 0.00427124
v 0.07250000 0.08034266 0.00422294
v 0.07250000 0.08035256 0.00417408
v 0.07250000 0.08036001 0.00412480
v 0.07250000 0.08036500 0.00407520
v 0.07250000 0.08036751 0.00402542
v 0.07250000 0.08036753 0.00397558
v 0.07250000 0.08036507 0.00392579
v 0.07250000 0.08036014 0.00387619
v 0.07250000 0.08035274 0.00382690
v 0.07250000 0.08034289 0.00377803
v 0.07250000 0.08033061 0.00372972
v 0.07250000 0.08031595 0.00368208
v 0.07250000 0.08029893 0.00363523
v 0.07250000 0.08027960 0.00358929
v 0.07250000 0.08025800 0.00354437
v 0.07250000 0.08023419 0.00350058
v 0.07250000 0.08020823 0.00345803
v 0.07250000 0.08018018 0.00341682
v 0.07250000 0.08015011 0.00337707
v 0.07250000 0.08011809 0.00333886
v 0.07250000 0.08008422 0.00330230
v 0.07250000 0.08004856 0.00326746
v 0.07250000 0.08001121 0.00323445
v 0.07250000 0.07997227 0.00320335
v 0.07250000 0.08874542 0.00209864
v 0.07250000 0.08879353 0.00211221
v 0.07250000 0.08884226 0.00212336
v 0.07250000 0.08889148 0.00213206
v 0.07250000 0.08894108 0.00213830
v 0.07250000 0.08899093 0.00214204
v 0.07250000 0.09049480 0.01001225
v 0.07250000 0.09154198 0.01011166
v 0.07250000 0.09347426 0.01059719
v 0.07307143 0.10540660 0.01357280
v 0.07250000 0.10590519 0.01343955
v 0.07250000 0.10631787 0.01324583
v 0.07285294 0.10676686 0.01291727
v 0.07250000 0.09048745 -0.00379800
v 0.07250000 0.09523689 0.01147170
v 0.07250000 0.09049621 -0.00384650
v 0.07250000 0.09050258 -0.00389536
v 0.07286364 0.09458371 0.00254832
v 0.07250000 0.09050652 -0.00394448
v 0.07250000 0.09050805 -0.00399374
v 0.07296429 0.10744996 0.01189386
v 0.07250000 0.09050714 -0.00404301
v 0.07304545 0.09536134 0.00222773
v 0.07250000 0.09050381 -0.00409217
v 0.07250000 0.09049806 -0.00414111
v 0.07250000 0.09048991 -0.00418971
v 0.07310000 0.09592260 0.00176301
v 0.07250000 0.09047937 -0.00423785
v 0.07250000 0.09046647 -0.00428541
v 0.07250000 0.09045125 -0.00433228
v 0.07250000 0.09043373 -0.00437834
v 0.07250000 0.09041397 -0.00442348
v 0.07250000 0.09039201 -0.00446759
v 0.07250000 0.09036790 -0.00451057
v 0.07250000 0.09626153 0.00128695
v 0.07303333 0.10757104 0.01140629
v 0.07291176 0.09655690 0.00048927
v 0.07250000 0.09642808 0.00093551
v 0.07304839 0.09660617 -0.00013007
v 0.07250000 0.10760104 0.01100000
v 0.07304545 0.10576922 0.00850626
v 0.07305263 0.09643229 -0.00095460
v 0.07297368 0.09608126 -0.00156453
v 0.07250000 0.10634294 0.00877126
v 0.07250000 0.07489886 -0.00499876
v 0.07250000 0.07484916 -0.00499503
v 0.07250000 0.07479970 -0.00498884
v 0.07250000 0.08975200 -0.00496979
v 0.07250000 0.08970392 -0.00498063
v 0.07250000 0.08965538 -0.00498909
v 0.07250000 0.08960647 -0.00499515
v 0.07250000 0.08955733 -0.00499879
v 0.07250000 0.05211762 -0.00498884
v 0.07250000 0.05206816 -0.00499503
v 0.07250000 0.10670917 0.00903549
v 0.07250000 0.09049480 -0.01001225
v 0.07250000 0.08989220 -0.00492328
v 0.07250000 0.08984625 -0.00494108
v 0.07250000 0.08979948 -0.00495660
v 0.07250000 0.10722198 0.00961770
v 0.07250000 0.09098839 -0.01004897
v 0.07250000 0.09006559 -0.00483016
v 0.07250000 0.09002402 -0.00485662
v 0.07250000 0.08998119 -0.00488100
v 0.07250000 0.08993721 -0.00490323
v 0.07309375 0.09571453 -0.00196595
v 0.07250000 0.09147955 -0.01011006
v 0.07250000 0.09018180 -0.00473898
v 0.07250000 0.09014458 -0.00477127
v 0.07250000 0.09010581 -0.00480169
v 0.07250000 0.09529044 -0.00225801
v 0.07250000 0.09196709 -0.01019538
v 0.07250000 0.09028331 -0.00463167
v 0.07250000 0.09025125 -0.00466909
v 0.07250000 0.09021738 -0.00470489
v 0.07314706 0.10749260 0.01025006
v 0.07250000 0.09244981 -0.01030472
v 0.07250000 0.09034171 -0.00455231
v 0.07250000 0.09031348 -0.00459271
v 0.07250000 0.09433210 -0.01092787
v 0.07320588 0.09447869 -0.00255890
v 0.07250000 0.11632387 0.00258444
v 0.07250000 0.10538859 -0.00842185
v 0.07250000 0.10583915 -0.00853836
v 0.07250000 0.10600993 -0.00860416
v 0.07250000 0.11696080 0.00241675
v 0.07250000 0.10612810 -0.00865748
v 0.07332143 0.10640473 -0.00879560
v 0.07276087 0.10678832 -0.00909734
v 0.07250000 0.11719666 0.00230908
v 0.07312500 0.11748729 0.00214685
v 0.07329167 0.10721572 -0.00962523
v 0.07302174 0.11802944 0.00163462
v 0.07308824 0.11828645 0.00124513
v 0.07250000 0.11849362 0.00074993
v 0.07250000 0.11859278 0.00024096
v 0.07302941 0.10537530 -0.01358493
v 0.07315625 0.11861142 -0.00013052
v 0.07296154 0.11822119 -0.00135878
v 0.07322727 0.11791425 -0.00177643
v 0.07250000 0.11755817 -0.00208395
v 0.07306250 0.10719220 -0.01241587
v 0.07250000 0.11701056 -0.00239732
v 0.07250000 0.10756996 -0.01139893
v 0.07250000 0.10759691 -0.01114107
v 0.07250000 0.10753950 -0.01030775
v 0.07250000 0.05201846 -0.00499876
v 0.07250000 0.07975707 0.00307886
v 0.07250000 0.07980248 0.00309940
v 0.07250000 0.07984682 0.00312218
v 0.07250000 0.07988997 0.00314714
v 0.07250000 0.07993182 0.00317422
v 0.07250000 0.05240328 -0.00309940
v 0.07250000 0.05244762 -0.00312218
v 0.07250000 0.07455946 -0.00307886
v 0.07250000 0.07451404 -0.00309940
v 0.07250000 0.07446970 -0.00312218
v 0.07250000 0.02495866 0.00307886
v 0.07250000 0.02500408 0.00309940
v 0.07250000 0.02504841 0.00312218
v 0.07250000 0.04716025 0.00307886
v 0.07250000 0.04711484 0.00309940
v 0.07250000 0.04707050 0.00312218
v 0.07250000 0.01976105 -0.00307886
v 0.07250000 0.01971563 -0.00309940
v 0.07250000 0.01967130 -0.00312218
v 0.07250000 0.01962815 -0.00314714
v 0.07750000 0.00953161 0.00469877
v 0.07750000 0.00956729 0.00473353
v 0.07750000 0.00949770 0.00466228
v 0.07750000 0.00960467 0.00476647
v 0.07750000 0.00946565 0.00462415
v 0.07750000 0.00964363 0.00479750
v 0.07750000 0.00943553 0.00458447
v 0.07750000 0.00968410 0.00482656
v 0.07750000 0.00940743 0.00454333
v 0.07750000 0.00972596 0.00485356
v 0.07750000 0.00938142 0.00450085
v 0.07750000 0.00976911 0.00487845
v 0.07750000 0.00935755 0.00445713
v 0.07750000 0.00981345 0.00490115
v 0.07750000 0.00933589 0.00441227
v 0.07750000 0.00985886 0.00492162
v 0.07750000 0.00931649 0.00436639
v 0.07750000 0.00990524 0.00493980
v 0.07750000 0.00929940 0.00431960
v 0.07750000 0.00995246 0.00495566
v 0.07750000 0.00928466 0.00427202
v 0.07750000 0.01000042 0.00496914
v 0.07750000 0.00927231 0.00422376
v 0.07750000 0.01004899 0.00498021
v 0.07750000 0.00926237 0.00417494
v 0.07750000 0.01009805 0.00498885
v 0.07750000 0.00925488 0.00412569
v 0.07750000 0.01014748 0.00499504
v 0.07750000 0.00924985 0.00407613
v 0.07750000 0.01020959 0.00499938
v 0.07750000 0.00924730 0.00402639
v 0.07750000 0.00924723 0.00397657
v 0.07750000 0.00924963 0.00392681
v 0.07750000 0.00925451 0.00387724
v 0.07750000 0.00926186 0.00382797
v 0.07750000 0.00927165 0.00377913
v 0.07750000 0.00928386 0.00373083
v 0.07750000 0.00995808 -0.00092895
v 0.07750000 0.00995737 -0.00097794
v 0.07750000 0.00995905 -0.00102690
v 0.07750000 0.00996313 -0.00107572
v 0.07750000 0.00996960 -0.00112429
v 0.07750000 0.00997843 -0.00117248
v 0.07750000 0.00998962 -0.00122017
v 0.07750000 0.01000313 -0.00126727
v 0.07750000 0.01001893 -0.00131364
v 0.07750000 0.01003698 -0.00135919
v 0.07750000 0.01005724 -0.00140379
v 0.07750000 0.01007966 -0.00144735
v 0.07750000 0.01010419 -0.00148976
v 0.07750000 0.01013076 -0.00153092
v 0.07750000 0.01015932 -0.00157073
v 0.07750000 0.01018980 -0.00160909
v 0.07750000 0.01022211 -0.00164591
v 0.07750000 0.01025619 -0.00168110
v 0.07750000 0.01029196 -0.00171459
v 0.07750000 0.01032932 -0.00174628
v 0.07750000 0.01036819 -0.00177610
v 0.07750000 0.01040847 -0.00180399
v 0.07750000 0.01045007 -0.00182987
v 0.07750000 0.01049289 -0.00185367
v 0.07750000 0.01053682 -0.00187536
v 0.07750000 0.01058176 -0.00189486
v 0.07750000 0.01062760 -0.00191215
v 0.07750000 0.01067424 -0.00192716
v 0.07750000 0.01072155 -0.00193988
v 0.07750000 0.01076943 -0.00195026
v 0.07750000 0.01081776 -0.00195828
v 0.07750000 0.01086643 -0.00196393
v 0.07750000 0.01091531 -0.00196718
v 0.07750000 0.01096429 -0.00196804
v 0.07750000 0.01101326 -0.00196650
v 0.07750000 0.01106209 -0.00196256
v 0.07750000 0.02461925 0.00499876
v 0.07750000 0.01946956 -0.00326746
v 0.07750000 0.01943390 -0.00330230
v 0.07750000 0.01940002 -0.00333886
v 0.07750000 0.01950691 -0.00323445
v 0.07750000 0.01936801 -0.00337707
v 0.07750000 0.01954585 -0.00320335
v 0.07750000 0.01933794 -0.00341682
v 0.07750000 0.01958630 -0.00317422
v 0.07750000 0.01930989 -0.00345803
v 0.07750000 0.01928393 -0.00350058
v 0.07750000 0.01926012 -0.00354437
v 0.07750000 0.01923852 -0.00358929
v 0.07750000 0.01921919 -0.00363523
v 0.07750000 0.01920217 -0.00368208
v 0.07750000 0.01918750 -0.00372972
v 0.07750000 0.01917523 -0.00377803
v 0.07750000 0.01916538 -0.00382690
v 0.07750000 0.01915798 -0.00387619
v 0.07750000 0.01915304 -0.00392579
v 0.07750000 0.01915059 -0.00397558
v 0.07750000 0.01915061 -0.00402542
v 0.07750000 0.01915312 -0.00407520
v 0.07750000 0.01915811 -0.00412480
v 0.07750000 0.01916556 -0.00417408
v 0.07750000 0.01917545 -0.00422294
v 0.07750000 0.01918777 -0.00427124
v 0.07750000 0.01920249 -0.00431886
v 0.07750000 0.01921955 -0.00436569
v 0.07750000 0.01923893 -0.00441162
v 0.07750000 0.01926057 -0.00445652
v 0.07750000 0.01928443 -0.00450029
v 0.07750000 0.01931043 -0.00454281
v 0.07750000 0.01933852 -0.00458399
v 0.07750000 0.01125375 -0.00192312
v 0.07750000 0.01936863 -0.00462371
v 0.07750000 0.01120662 -0.00193649
v 0.07750000 0.01940068 -0.00466189
v 0.07750000 0.01115889 -0.00194754
v 0.07750000 0.01943460 -0.00469842
v 0.07750000 0.01111068 -0.00195624
v 0.07750000 0.01947029 -0.00473321
v 0.07750000 0.01950767 -0.00476619
v 0.07750000 0.01954665 -0.00479726
v 0.07750000 0.01958712 -0.00482635
v 0.07750000 0.01962900 -0.00485338
v 0.07750000 0.01967217 -0.00487830
v 0.07750000 0.01971653 -0.00490103
v 0.07750000 0.01976197 -0.00492153
v 0.07750000 0.01980837 -0.00493973
v 0.07750000 0.01985562 -0.00495560
v 0.07750000 0.01990361 -0.00496910
v 0.07750000 0.01995220 -0.00498019
v 0.07750000 0.02000129 -0.00498884
v 0.07750000 0.02005075 -0.00499503
v 0.07750000 0.02010046 -0.00499876
v 0.07750000 0.02513341 0.00317422
v 0.07750000 0.02509156 0.00314714
v 0.07750000 0.02517386 0.00320335
v 0.07750000 0.02521281 0.00323445
v 0.07750000 0.02525015 0.00326746
v 0.07750000 0.02528581 0.00330230
v 0.07750000 0.02531969 0.00333886
v 0.07750000 0.02535170 0.00337707
v 0.07750000 0.02538177 0.00341682
v 0.07750000 0.02540982 0.00345803
v 0.07750000 0.02543578 0.00350058
v 0.07750000 0.02545959 0.00354437
v 0.07750000 0.02548119 0.00358929
v 0.07750000 0.02550052 0.00363523
v 0.07750000 0.02551754 0.00368208
v 0.07750000 0.02553221 0.00372972
v 0.07750000 0.02554448 0.00377803
v 0.07750000 0.02555433 0.00382690
v 0.07750000 0.02556173 0.00387619
v 0.07750000 0.02556667 0.00392579
v 0.07750000 0.02556913 0.00397558
v 0.07750000 0.02556910 0.00402542
v 0.07750000 0.02556659 0.00407520
v 0.07750000 0.02556161 0.00412480
v 0.07750000 0.02555416 0.00417408
v 0.07750000 0.02554426 0.00422294
v 0.07750000 0.02553194 0.00427124
v 0.07750000 0.02551723 0.00431886
v 0.07750000 0.02550016 0.00436569
v 0.07750000 0.02548078 0.00441162
v 0.07750000 0.02545914 0.00445652
v 0.07750000 0.02543528 0.00450029
v 0.07750000 0.02540928 0.00454281
v 0.07750000 0.02538119 0.00458399
v 0.07750000 0.02535108 0.00462371
v 0.07750000 0.02531903 0.00466189
v 0.07750000 0.02528511 0.00469842
v 0.07750000 0.02524942 0.00473321
v 0.07750000 0.02521204 0.00476619
v 0.07750000 0.03576398 0.00276178
v 0.07750000 0.02517306 0.00479726
v 0.07750000 0.03581209 0.00277536
v 0.07750000 0.02513259 0.00482635
v 0.07750000 0.03586081 0.00278651
v 0.07750000 0.02509071 0.00485338
v 0.07750000 0.03591004 0.00279521
v 0.07750000 0.02504754 0.00487830
v 0.07750000 0.03595964 0.00280144
v 0.07750000 0.02500318 0.00490103
v 0.07750000 0.03600949 0.00280519
v 0.07750000 0.02495774 0.00492153
v 0.07750000 0.03605946 0.00280644
v 0.07750000 0.04686949 0.00473321
v 0.07750000 0.04683380 0.00469842
v 0.07750000 0.04679989 0.00466189
v 0.07750000 0.03635494 0.00276178
v 0.07750000 0.04690687 0.00476619
v 0.07750000 0.04676784 0.00462371
v 0.07750000 0.03630683 0.00277536
v 0.07750000 0.04694585 0.00479726
v 0.07750000 0.04673773 0.00458399
v 0.07750000 0.03625810 0.00278651
v 0.07750000 0.04698633 0.00482635
v 0.07750000 0.04670964 0.00454281
v 0.07750000 0.04702820 0.00485338
v 0.07750000 0.03620888 0.00279521
v 0.07750000 0.04668363 0.00450029
v 0.07750000 0.04707138 0.00487830
v 0.07750000 0.03615928 0.00280144
v 0.07750000 0.04665978 0.00445652
v 0.07750000 0.03610943 0.00280519
v 0.07750000 0.04711574 0.00490103
v 0.07750000 0.04663813 0.00441162
v 0.07750000 0.04716117 0.00492153
v 0.07750000 0.04661876 0.00436569
v 0.07750000 0.04720757 0.00493973
v 0.07750000 0.02491134 0.00493973
v 0.07750000 0.04660169 0.00431886
v 0.07750000 0.04725483 0.00495560
v 0.07750000 0.02486409 0.00495560
v 0.07750000 0.04658698 0.00427124
v 0.07750000 0.04730281 0.00496910
v 0.07750000 0.02481611 0.00496910
v 0.07750000 0.04657466 0.00422294
v 0.07750000 0.04735141 0.00498019
v 0.07750000 0.02476751 0.00498019
v 0.07750000 0.02471842 0.00498884
v 0.07750000 0.04656476 0.00417408
v 0.07750000 0.04740050 0.00498884
v 0.07750000 0.04655731 0.00412480
v 0.07750000 0.04744995 0.00499503
v 0.07750000 0.02466896 0.00499503
v 0.07750000 0.04655232 0.00407520
v 0.07750000 0.04654981 0.00402542
v 0.07750000 0.04654979 0.00397558
v 0.07750000 0.04655225 0.00392579
v 0.07750000 0.04655718 0.00387619
v 0.07750000 0.04656459 0.00382690
v 0.07750000 0.04657444 0.00377803
v 0.07750000 0.04658671 0.00372972
v 0.07750000 0.04660137 0.00368208
v 0.07750000 0.04661839 0.00363523
v 0.07750000 0.04663772 0.00358929
v 0.07750000 0.04665932 0.00354437
v 0.07750000 0.04668313 0.00350058
v 0.07750000 0.04670910 0.00345803
v 0.07750000 0.04673715 0.00341682
v 0.07750000 0.04676722 0.00337707
v 0.07750000 0.04679923 0.00333886
v 0.07750000 0.04683310 0.00330230
v 0.07750000 0.04686876 0.00326746
v 0.07750000 0.04690611 0.00323445
v 0.07750000 0.04694506 0.00320335
v 0.07750000 0.04698550 0.00317422
v 0.07750000 0.04702735 0.00314714
v 0.07750000 0.05289973 -0.00363523
v 0.07750000 0.05291675 -0.00368208
v 0.07750000 0.05288039 -0.00358929
v 0.07750000 0.05285880 -0.00354437
v 0.07750000 0.05283499 -0.00350058
v 0.07750000 0.05280902 -0.00345803
v 0.07750000 0.05278097 -0.00341682
v 0.07750000 0.05275090 -0.00337707
v 0.07750000 0.05271889 -0.00333886
v 0.07750000 0.05268501 -0.00330230
v 0.07750000 0.05264936 -0.00326746
v 0.07750000 0.05261201 -0.00323445
v 0.07750000 0.05257306 -0.00320335
v 0.07750000 0.05253261 -0.00317422
v 0.07750000 0.05249077 -0.00314714
v 0.07750000 0.05264863 -0.00473321
v 0.07750000 0.05261125 -0.00476619
v 0.07750000 0.05268432 -0.00469842
v 0.07750000 0.05271823 -0.00466189
v 0.07750000 0.05275028 -0.00462371
v 0.07750000 0.05278039 -0.00458399
v 0.07750000 0.05280848 -0.00454281
v 0.07750000 0.05283449 -0.00450029
v 0.07750000 0.05285834 -0.00445652
v 0.07750000 0.05287998 -0.00441162
v 0.07750000 0.05289936 -0.00436569
v 0.07750000 0.05291643 -0.00431886
v 0.07750000 0.05293114 -0.00427124
v 0.07750000 0.05294346 -0.00422294
v 0.07750000 0.05295336 -0.00417408
v 0.07750000 0.05296081 -0.00412480
v 0.07750000 0.05296580 -0.00407520
v 0.07750000 0.05296830 -0.00402542
v 0.07750000 0.05296833 -0.00397558
v 0.07750000 0.05296587 -0.00392579
v 0.07750000 0.05296093 -0.00387619
v 0.07750000 0.05295353 -0.00382690
v 0.07750000 0.05294368 -0.00377803
v 0.07750000 0.05293141 -0.00372972
v 0.07750000 0.06316318 -0.00276178
v 0.07750000 0.05257227 -0.00479726
v 0.07750000 0.06321129 -0.00277536
v 0.07750000 0.05253179 -0.00482635
v 0.07750000 0.06326002 -0.00278651
v 0.07750000 0.05248991 -0.00485338
v 0.07750000 0.06330924 -0.00279521
v 0.07750000 0.05244674 -0.00487830
v 0.07750000 0.06335884 -0.00280144
v 0.07750000 0.05240238 -0.00490103
v 0.07750000 0.06340869 -0.00280519
v 0.07750000 0.05235695 -0.00492153
v 0.07750000 0.07426796 -0.00326746
v 0.07750000 0.07423231 -0.00330230
v 0.07750000 0.07419843 -0.00333886
v 0.07750000 0.07430531 -0.00323445
v 0.07750000 0.07416642 -0.00337707
v 0.07750000 0.07434426 -0.00320335
v 0.07750000 0.07413635 -0.00341682
v 0.07750000 0.07438471 -0.00317422
v 0.07750000 0.07410830 -0.00345803
v 0.07750000 0.07442656 -0.00314714
v 0.07750000 0.07408234 -0.00350058
v 0.07750000 0.07405853 -0.00354437
v 0.07750000 0.07403693 -0.00358929
v 0.07750000 0.07401759 -0.00363523
v 0.07750000 0.07400058 -0.00368208
v 0.07750000 0.07398591 -0.00372972
v 0.07750000 0.07397364 -0.00377803
v 0.07750000 0.07396379 -0.00382690
v 0.07750000 0.07395639 -0.00387619
v 0.07750000 0.07395145 -0.00392579
v 0.07750000 0.07394899 -0.00397558
v 0.07750000 0.07394902 -0.00402542
v 0.07750000 0.07395153 -0.00407520
v 0.07750000 0.07395651 -0.00412480
v 0.07750000 0.07396396 -0.00417408
v 0.07750000 0.07397386 -0.00422294
v 0.07750000 0.07398618 -0.00427124
v 0.07750000 0.07400089 -0.00431886
v 0.07750000 0.07401796 -0.00436569
v 0.07750000 0.07403734 -0.00441162
v 0.07750000 0.07405898 -0.00445652
v 0.07750000 0.07408283 -0.00450029
v 0.07750000 0.07410884 -0.00454281
v 0.07750000 0.07413693 -0.00458399
v 0.07750000 0.07416704 -0.00462371
v 0.07750000 0.07419909 -0.00466189
v 0.07750000 0.07423300 -0.00469842
v 0.07750000 0.07426870 -0.00473321
v 0.07750000 0.07430608 -0.00476619
v 0.07750000 0.07434505 -0.00479726
v 0.07750000 0.07438553 -0.00482635
v 0.07750000 0.07442741 -0.00485338
v 0.07750000 0.07447058 -0.00487830
v 0.07750000 0.07451494 -0.00490103
v 0.07750000 0.07456038 -0.00492153
v 0.07750000 0.05231054 -0.00493973
v 0.07750000 0.07460678 -0.00493973
v 0.07750000 0.07465403 -0.00495560
v 0.07750000 0.05226329 -0.00495560
v 0.07750000 0.05221531 -0.00496910
v 0.07750000 0.07470201 -0.00496910
v 0.07750000 0.05216671 -0.00498019
v 0.07750000 0.07475061 -0.00498019
v 0.07750000 0.08025754 0.00445652
v 0.07750000 0.08027919 0.00441162
v 0.07750000 0.08023369 0.00450029
v 0.07750000 0.08020769 0.00454281
v 0.07750000 0.08017959 0.00458399
v 0.07750000 0.08014949 0.00462371
v 0.07750000 0.08011743 0.00466189
v 0.07750000 0.08008352 0.00469842
v 0.07750000 0.08004783 0.00473321
v 0.07750000 0.08001045 0.00476619
v 0.07750000 0.07997147 0.00479726
v 0.07750000 0.07993099 0.00482635
v 0.07750000 0.07988912 0.00485338
v 0.07750000 0.07984595 0.00487830
v 0.07750000 0.07980159 0.00490103
v 0.07750000 0.07975615 0.00492153
v 0.07750000 0.07970975 0.00493973
v 0.07750000 0.07966250 0.00495560
v 0.07750000 0.07961451 0.00496910
v 0.07750000 0.07956592 0.00498019
v 0.07750000 0.08001121 0.00323445
v 0.07750000 0.07997227 0.00320335
v 0.07750000 0.08004856 0.00326746
v 0.07750000 0.08008422 0.00330230
v 0.07750000 0.08011809 0.00333886
v 0.07750000 0.08015011 0.00337707
v 0.07750000 0.08018018 0.00341682
v 0.07750000 0.08020823 0.00345803
v 0.07750000 0.08023419 0.00350058
v 0.07750000 0.08025800 0.00354437
v 0.07750000 0.08027960 0.00358929
v 0.07750000 0.08029893 0.00363523
v 0.07750000 0.08031595 0.00368208
v 0.07750000 0.08033061 0.00372972
v 0.07750000 0.08034289 0.00377803
v 0.07750000 0.08035274 0.00382690
v 0.07750000 0.08036014 0.00387619
v 0.07750000 0.08036507 0.00392579
v 0.07750000 0.08036753 0.00397558
v 0.07750000 0.08036751 0.00402542
v 0.07750000 0.08036500 0.00407520
v 0.07750000 0.08036001 0.00412480
v 0.07750000 0.08035256 0.00417408
v 0.07750000 0.08034266 0.00422294
v 0.07750000 0.08033034 0.00427124
v 0.07750000 0.08031563 0.00431886
v 0.07750000 0.08029857 0.00436569
v 0.07750000 0.08874542 0.00209864
v 0.07750000 0.08879353 0.00211221
v 0.07750000 0.08884226 0.00212336
v 0.07750000 0.08889148 0.00213206
v 0.07750000 0.08894108 0.00213830
v 0.07750000 0.08899093 0.00214204
v 0.07750000 0.09049480 0.01001225
v 0.07750000 0.09098839 0.01004897
v 0.07750000 0.09147955 0.01011006
v 0.07750000 0.09196709 0.01019538
v 0.07750000 0.09244981 0.01030472
v 0.07750000 0.09292653 0.01043781
v 0.07750000 0.09339608 0.01059433
v 0.07750000 0.09385732 0.01077389
v 0.07750000 0.09048745 -0.00379800
v 0.07750000 0.09049621 -0.00384650
v 0.07750000 0.09050258 -0.00389536
v 0.07750000 0.09050652 -0.00394448
v 0.07750000 0.09050805 -0.00399374
v 0.07750000 0.09050714 -0.00404301
v 0.07750000 0.09050381 -0.00409217
v 0.07750000 0.09049806 -0.00414111
v 0.07750000 0.09048991 -0.00418971
v 0.07750000 0.09047937 -0.00423785
v 0.07750000 0.09046647 -0.00428541
v 0.07750000 0.09045125 -0.00433228
v 0.07750000 0.09043373 -0.00437834
v 0.07750000 0.07479970 -0.00498884
v 0.07750000 0.07484916 -0.00499503
v 0.07750000 0.07489886 -0.00499876
v 0.07750000 0.08955733 -0.00499879
v 0.07750000 0.08960647 -0.00499515
v 0.07750000 0.08965538 -0.00498909
v 0.07750000 0.08970392 -0.00498063
v 0.07750000 0.08975200 -0.00496979
v 0.07750000 0.05211762 -0.00498884
v 0.07750000 0.05206816 -0.00499503
v 0.07750000 0.08979948 -0.00495660
v 0.07750000 0.09049480 -0.01001225
v 0.07750000 0.08984625 -0.00494108
v 0.07750000 0.08989220 -0.00492328
v 0.07750000 0.09098839 -0.01004897
v 0.07750000 0.08993721 -0.00490323
v 0.07750000 0.08998119 -0.00488100
v 0.07750000 0.09002402 -0.00485662
v 0.07750000 0.09006559 -0.00483016
v 0.07750000 0.09010581 -0.00480169
v 0.07750000 0.09147955 -0.01011006
v 0.07750000 0.09014458 -0.00477127
v 0.07750000 0.09018180 -0.00473898
v 0.07750000 0.09196709 -0.01019538
v 0.07750000 0.09021738 -0.00470489
v 0.07750000 0.09025125 -0.00466909
v 0.07750000 0.09028331 -0.00463167
v 0.07750000 0.09031348 -0.00459271
v 0.07750000 0.09244981 -0.01030472
v 0.07750000 0.09034171 -0.00455231
v 0.07750000 0.09036790 -0.00451057
v 0.07750000 0.09039201 -0.00446759
v 0.07750000 0.09292653 -0.01043781
v 0.07750000 0.09041397 -0.00442348
v 0.07750000 0.09339608 -0.01059433
v 0.07750000 0.09385732 -0.01077389
v 0.07750000 0.09449335 -0.01106324
v 0.07750000 0.09535464 -0.01155111
v 0.07750000 0.04749966 0.00499876
v 0.07750000 0.05201846 -0.00499876
v 0.07750000 0.07975707 0.00307886
v 0.07750000 0.07980248 0.00309940
v 0.07750000 0.07984682 0.00312218
v 0.07750000 0.07988997 0.00314714
v 0.07750000 0.07993182 0.00317422
v 0.07750000 0.07455946 -0.00307886
v 0.07750000 0.07451404 -0.00309940
v 0.07750000 0.07446970 -0.00312218
v 0.07750000 0.05235786 -0.00307886
v 0.07750000 0.05240328 -0.00309940
v 0.07750000 0.05244762 -0.00312218
v 0.07750000 0.04716025 0.00307886
v 0.07750000 0.04711484 0.00309940
v 0.07750000 0.04707050 0.00312218
v 0.07750000 0.02495866 0.00307886
v 0.07750000 0.02500408 0.00309940
v 0.07750000 0.02504841 0.00312218
v 0.07750000 0.01976105 -0.00307886
v 0.07750000 0.01971563 -0.00309940
v 0.07750000 0.01967130 -0.00312218
v 0.07750000 0.01962815 -0.00314714
v 0.07575000 0.10538559 0.00307690
v 0.07576923 0.10569003 0.00302321
v 0.07572727 0.10598761 0.00293949
v 0.07576471 0.10634615 0.00279532
v 0.07575000 0.10668241 0.00260489
v 0.07580000 0.10722639 0.00216073
v 0.07572917 0.10756531 0.00174901
v 0.07575000 0.10779387 0.00134547
v 0.07578571 0.10788571 0.00113256
v 0.07564706 0.10800056 0.00079552
v 0.07581250 0.10806968 0.00046416
v 0.07580000 0.10810173 0.00006961
v 0.07575000 0.10809133 -0.00023166
v 0.07575000 0.10804325 -0.00061520
v 0.07572727 0.10553848 -0.00305385
v 0.07576923 0.10583987 -0.00298506
v 0.07575000 0.10613291 -0.00288660
v 0.07573913 0.10786101 -0.00120601
v 0.07575000 0.10641469 -0.00275946
v 0.07572727 0.10757140 -0.00173939
v 0.07600000 0.10742368 -0.00193282
v 0.07600000 0.10699264 -0.00237474
v 0.07562500 0.10727808 -0.00210415
v 0.07576923 0.10711028 -0.00227435
v 0.07303333 0.10503634 0.00839225
v 0.07350000 0.10648882 0.00885285
v 0.07350000 0.10717384 0.00954318
v 0.07315517 0.10760454 0.01080750
v 0.07321875 0.10707293 0.01259229
v 0.07350000 0.10605721 0.01339379
v 0.07314286 0.09505946 -0.00238393
v 0.07350000 0.09640318 0.00103569
v 0.07310000 0.10595078 -0.01342252
v 0.07307143 0.10635797 -0.01322223
v 0.07309091 0.10677138 -0.01290909
v 0.07319697 0.10753631 -0.01163359
v 0.07350000 0.10757785 -0.01052403
v 0.07350000 0.10551748 -0.00844016
v 0.07315517 0.11669066 -0.00251546
v 0.07325000 0.11731711 -0.00224515
v 0.07307692 0.11845053 -0.00089192
v 0.07350000 0.11848738 0.00078836
v 0.07332759 0.11657569 0.00254920
v 0.07571875 0.10698831 0.00238164
v 0.07575000 0.10674774 -0.00256346
v 0.07930000 -0.00182255 -0.00082360
v 0.07570000 -0.00177923 -0.00091342
v 0.07570000 -0.00182255 -0.00082360
v 0.07930000 -0.00186134 -0.00073173
v 0.07570000 -0.00186134 -0.00073173
v 0.07930000 -0.00189550 -0.00063804
v 0.07570000 -0.00189550 -0.00063804
v 0.07930000 -0.00192494 -0.00054276
v 0.07570000 -0.00192494 -0.00054276
v 0.07930000 -0.00194961 -0.00044614
v 0.07570000 -0.00194961 -0.00044614
v 0.07930000 -0.00196942 -0.00034840
v 0.07570000 -0.00196942 -0.00034840
v 0.07930000 -0.00198434 -0.00024980
v 0.07570000 -0.00198434 -0.00024980
v 0.07930000 -0.00199432 -0.00015058
v 0.07570000 -0.00199432 -0.00015058
v 0.07930000 -0.00199935 -0.00005099
v 0.07570000 -0.00199935 -0.00005099
v 0.07930000 -0.00199941 0.00004874
v 0.07570000 -0.00199449 0.00014834
v 0.07930000 -0.00199449 0.00014834
v 0.07570000 -0.00198462 0.00024757
v 0.07930000 -0.00196981 0.00034619
v 0.07570000 -0.00196981 0.00034619
v 0.07930000 -0.00195011 0.00044395
v 0.07570000 -0.00195011 0.00044395
v 0.07930000 -0.00192555 0.00054060
v 0.07570000 -0.00192555 0.00054060
v 0.07930000 -0.00189621 0.00063591
v 0.07570000 -0.00186216 0.00072964
v 0.07930000 -0.00182347 0.00082155
v 0.07570000 -0.00182347 0.00082155
v 0.07930000 -0.00178026 0.00091142
v 0.07570000 -0.00178026 0.00091142
v 0.07930000 -0.00173261 0.00099903
v 0.07570000 -0.00173261 0.00099903
v 0.07930000 -0.00168066 0.00108415
v 0.07570000 -0.00168066 0.00108415
v 0.07930000 -0.00162453 0.00116657
v 0.07570000 -0.00156436 0.00124610
v 0.07930000 -0.00150031 0.00132253
v 0.07570000 -0.00150031 0.00132253
v 0.07930000 -0.00143252 0.00139567
v 0.07570000 -0.00143252 0.00139567
v 0.07930000 -0.00136117 0.00146534
v 0.07570000 -0.00136117 0.00146534
v 0.07930000 -0.00128644 0.00153137
v 0.07570000 -0.00128644 0.00153137
v 0.07930000 -0.00120850 0.00159359
v 0.07570000 -0.00120850 0.00159359
v 0.07930000 -0.00112757 0.00165184
v 0.07570000 -0.00112757 0.00165184
v 0.07782707 -0.00099568 0.00166909
v 0.07570000 -0.00086878 0.00180145
v 0.07930000 -0.00077791 0.00184252
v 0.07570000 -0.00077791 0.00184252
v 0.07930000 -0.00068510 0.00187900
v 0.07570000 -0.00068510 0.00187900
v 0.07930000 -0.00059058 0.00191081
v 0.07570000 -0.00049460 0.00193788
v 0.07934617 -0.00052673 0.00193389
v 0.07940278 -0.00045693 0.00196688
v 0.07750000 -0.00019511 0.00193887
v 0.07570000 -0.00010081 0.00199746
v 0.07930000 -0.00000112 0.00200000
v 0.07570000 -0.00000112 0.00200000
v 0.07930000 0.00009857 0.00199757
v 0.07570000 0.00009857 0.00199757
v 0.07930000 0.00019802 0.00199017
v 0.07570000 0.00019802 0.00199017
v 0.07930000 0.00029697 0.00197783
v 0.07570000 0.00029697 0.00197783
v 0.07930000 0.00039519 0.00196057
v 0.07570000 0.00039519 0.00196057
v 0.07930000 0.00049243 0.00193843
v 0.07570000 0.00049243 0.00193843
v 0.07930000 0.00058844 0.00191148
v 0.07570000 0.00058844 0.00191148
v 0.07930000 0.00068298 0.00187977
v 0.07570000 0.00068298 0.00187977
v 0.07930000 0.00077583 0.00184339
v 0.07570000 0.00086675 0.00180243
v 0.07930000 0.00095552 0.00175698
v 0.07564824 0.00103106 0.00172045
v 0.07570000 0.00104191 0.00170717
v 0.07930000 0.00112571 0.00165311
v 0.07570000 0.00112571 0.00165311
v 0.07930000 0.00120671 0.00159494
v 0.07570000 0.00128471 0.00153281
v 0.07930000 0.00135952 0.00146687
v 0.07570000 0.00143095 0.00139728
v 0.07930000 0.00149882 0.00132421
v 0.07750000 0.00151279 0.00120780
v 0.07934676 0.00166404 0.00111744
v 0.07783499 0.00166651 0.00101431
v 0.07570000 0.00177923 0.00091342
v 0.07570000 0.00182255 0.00082360
v 0.07570000 0.00186134 0.00073173
v 0.07570000 0.00189550 0.00063804
v 0.07550000 0.00191299 0.00109003
v 0.07570000 0.00192494 0.00054276
v 0.07551506 0.00203023 0.00058214
v 0.07550207 0.00198478 0.00087846
v 0.07563323 0.00192064 0.00059966
v 0.07570000 0.00194961 0.00044614
v 0.07570000 0.00196942 0.00034840
v 0.07550323 0.00206071 0.00063181
v 0.07550278 0.00214262 0.00028003
v 0.07570000 0.00198434 0.00024980
v 0.07559117 0.00199119 0.00040333
v 0.07570000 0.00199432 0.00015058
v 0.07564746 0.00200494 0.00013888
v 0.07781841 0.00193895 0.00004944
v 0.07552429 0.00206941 0.00037062
v 0.07558036 0.00203039 0.00017937
v 0.07560388 0.00202340 0.00005095
v 0.07553584 0.00206702 0.00028575
v 0.07570000 0.00199449 -0.00014834
v 0.07570000 0.00198462 -0.00024757
v 0.07550157 0.00216677 0.00012470
v 0.07567314 0.00199878 -0.00012483
v 0.07556814 0.00204638 -0.00010206
v 0.07570000 0.00196981 -0.00034619
v 0.07552316 0.00210283 -0.00006540
v 0.07564625 0.00196490 -0.00041772
v 0.07570000 0.00195011 -0.00044395
v 0.07550160 0.00216706 -0.00016248
v 0.07560388 0.00197340 -0.00044991
v 0.07570000 0.00192555 -0.00054060
v 0.07559974 0.00200900 -0.00027214
v 0.07551183 0.00210691 -0.00032256
v 0.07553832 0.00205058 -0.00035329
v 0.07570000 0.00189621 -0.00063591
v 0.07554617 0.00197210 -0.00062322
v 0.07550525 0.00207162 -0.00054947
v 0.07570000 0.00186216 -0.00072964
v 0.07550156 0.00207379 -0.00064072
v 0.07562058 0.00188165 -0.00072477
v 0.07570000 0.00178026 -0.00091142
v 0.07557195 0.00189408 -0.00077228
v 0.07550260 0.00202019 -0.00077347
v 0.07570000 0.00173261 -0.00099903
v 0.07551862 0.00194936 -0.00081692
v 0.07550086 0.00201048 -0.00084098
v 0.07564074 0.00184029 -0.00080584
v 0.07570000 0.00168066 -0.00108415
v 0.07570000 0.00162453 -0.00116657
v 0.07564114 0.00163044 -0.00117770
v 0.07559120 0.00171900 -0.00107849
v 0.07555030 0.00181848 -0.00098153
v 0.07550444 0.00188619 -0.00101992
v 0.07551683 0.00164761 -0.00133613
v 0.07570000 0.00156436 -0.00124610
v 0.07570000 0.00150031 -0.00132253
v 0.07550291 0.00177296 -0.00123233
v 0.07555048 0.00159094 -0.00131443
v 0.07570000 0.00143252 -0.00139567
v 0.07570000 0.00136117 -0.00146534
v 0.07556921 0.00149501 -0.00139913
v 0.07563955 0.00124975 -0.00157514
v 0.07570000 0.00128644 -0.00153137
v 0.07550143 0.00163402 -0.00143199
v 0.07564936 0.00147046 -0.00136677
v 0.07570000 0.00120850 -0.00159359
v 0.07570000 0.00112757 -0.00165184
v 0.07570000 0.00104383 -0.00170600
v 0.07550299 0.00135915 -0.00167781
v 0.07553652 0.00137775 -0.00155598
v 0.07553419 0.00120258 -0.00170387
v 0.07570000 0.00095750 -0.00175591
v 0.07564109 0.00093013 -0.00178136
v 0.07570000 0.00086878 -0.00180145
v 0.07559151 0.00101004 -0.00176279
v 0.07550168 0.00117175 -0.00182396
v 0.07570000 0.00077791 -0.00184252
v 0.07550266 0.00106734 -0.00188075
v 0.07556049 0.00108549 -0.00174655
v 0.07570000 0.00068510 -0.00187900
v 0.07565573 0.00051043 -0.00194224
v 0.07550086 0.00099955 -0.00193654
v 0.07570000 0.00059058 -0.00191081
v 0.07556739 0.00065542 -0.00194230
v 0.07550557 0.00083220 -0.00198034
v 0.07552510 0.00078031 -0.00195216
v 0.07550086 0.00080176 -0.00202644
v 0.07555563 0.00081442 -0.00189177
v 0.07776426 0.00055832 -0.00187531
v 0.07570000 0.00029920 -0.00197749
v 0.07550086 0.00069976 -0.00206389
v 0.07561779 0.00042874 -0.00197041
v 0.07552283 0.00047861 -0.00205173
v 0.07565471 0.00004532 -0.00200686
v 0.07570000 0.00020025 -0.00198995
v 0.07550207 0.00051434 -0.00210426
v 0.07558547 0.00058316 -0.00195300
v 0.07570000 0.00010081 -0.00199746
v 0.07553175 0.00020945 -0.00208136
v 0.07561818 0.00010736 -0.00201471
v 0.07570000 0.00000112 -0.00200000
v 0.07560312 0.00023679 -0.00200998
v 0.07550571 0.00016767 -0.00213877
v 0.07570000 -0.00009857 -0.00199757
v 0.07570000 -0.00019802 -0.00199017
v 0.07550176 0.00014169 -0.00216103
v 0.07554914 0.00005364 -0.00206906
v 0.07570000 -0.00029697 -0.00197783
v 0.07570000 -0.00039519 -0.00196057
v 0.07551162 -0.00006879 -0.00213101
v 0.07550074 -0.00003635 -0.00218097
v 0.07563115 -0.00031721 -0.00198664
v 0.07558805 -0.00020925 -0.00202080
v 0.07554357 -0.00024742 -0.00205768
v 0.07570000 -0.00049243 -0.00193843
v 0.07551101 -0.00037827 -0.00210041
v 0.07564393 -0.00073525 -0.00186930
v 0.07570000 -0.00058844 -0.00191148
v 0.07560732 -0.00041989 -0.00197659
v 0.07570000 -0.00068298 -0.00187977
v 0.07570000 -0.00077583 -0.00184339
v 0.07559270 -0.00060186 -0.00193701
v 0.07550123 -0.00035506 -0.00214861
v 0.07570000 -0.00086675 -0.00180243
v 0.07551569 -0.00058623 -0.00203074
v 0.07566564 -0.00100147 -0.00173447
v 0.07570000 -0.00104191 -0.00170717
v 0.07558876 -0.00102175 -0.00175962
v 0.07550076 -0.00085413 -0.00200599
v 0.07554643 -0.00088763 -0.00186783
v 0.07552146 -0.00080620 -0.00194673
v 0.07563267 -0.00115525 -0.00165210
v 0.07570000 -0.00120671 -0.00159494
v 0.07570000 -0.00128471 -0.00153281
v 0.07553742 -0.00112834 -0.00174813
v 0.07566970 -0.00120480 -0.00160110
v 0.07550187 -0.00111491 -0.00185967
v 0.07570000 -0.00135952 -0.00146687
v 0.07550174 -0.00136921 -0.00168262
v 0.07564207 -0.00140800 -0.00143056
v 0.07555505 -0.00130690 -0.00159149
v 0.07552302 -0.00126679 -0.00167727
v 0.07552535 -0.00151328 -0.00145420
v 0.07559187 -0.00145366 -0.00141946
v 0.07570000 -0.00149882 -0.00132421
v 0.07550000 -0.00160572 -0.00150480
v 0.07570000 -0.00156296 -0.00124786
v 0.07550312 -0.00150487 -0.00154299
v 0.07570000 -0.00162322 -0.00116840
v 0.07554219 -0.00154099 -0.00138974
v 0.07567998 -0.00173196 -0.00100441
v 0.07731659 -0.00172035 -0.00091986
v 0.07557014 -0.00171342 -0.00112495
v 0.07564324 -0.00162956 -0.00117945
v 0.07552422 -0.00173834 -0.00117660
v 0.07550121 -0.00171594 -0.00134402
v 0.07550917 -0.00189141 -0.00099494
v 0.07550073 -0.00195403 -0.00097613
v 0.07564063 0.00254210 0.00117776
v 0.07559375 0.00263849 0.00093877
v 0.07561364 0.00271387 0.00069266
v 0.07562500 0.00276935 0.00041900
v 0.07562500 0.00279731 0.00014118
v 0.07563636 0.00279747 -0.00013804
v 0.07562500 0.00274906 -0.00055413
v 0.07561538 0.00263249 -0.00095647
v 0.07566667 0.00253325 -0.00119397
v 0.07558333 0.00244972 -0.00135712
v 0.07562500 0.00227623 -0.00163456
v 0.07563636 0.00205425 -0.00190392
v 0.07562500 0.00190564 -0.00205147
v 0.07561364 0.00174754 -0.00218883
v 0.07562500 0.00217762 -0.00319012
v 0.07562500 0.00121730 -0.00252412
v 0.07558333 0.00091409 -0.00264714
v 0.07562500 0.00075995 -0.00269520
v 0.07566667 0.00060341 -0.00273474
v 0.07559375 0.00037144 -0.00277578
v 0.07565000 0.00011483 -0.00279932
v 0.07565909 -0.00020062 -0.00279365
v 0.07558929 -0.00044080 -0.00276685
v 0.07550368 -0.00047397 -0.00276028
v 0.07565476 -0.00104935 -0.00259961
v 0.07562500 -0.00139907 -0.00242641
v 0.07562500 -0.00169080 -0.00223477
v 0.07562500 -0.00190333 -0.00205362
v 0.07561842 -0.00210008 -0.00185544
v 0.07563043 -0.00239210 -0.00146363
v 0.07560714 -0.00435308 -0.00231634
v 0.07562500 -0.00478930 -0.00122237
v 0.07558754 -0.00477598 0.00128933
v 0.07562931 -0.00427716 0.00246621
v 0.07555536 -0.00362667 0.00334857
v 0.07562500 -0.00157361 0.00467491
v 0.07560714 -0.00063394 0.00489116
v 0.07562000 0.00116557 0.00378625
v 0.07563043 0.00213880 0.00444765
v 0.07564063 0.00278448 0.00406714
v 0.07562500 0.00353246 0.00344934
v 0.07562500 0.00420753 0.00257442
v 0.07566666 0.00537484 0.00266390
v 0.07563367 0.00551270 0.00236412
v 0.07550245 0.00562381 0.00159327
v 0.07550240 0.00552139 0.00195149
v 0.07555494 0.00568374 0.00175611
v 0.07559864 0.00553266 0.00227891
v 0.07564403 0.00578285 0.00159188
v 0.07552663 0.00575435 0.00132328
v 0.07566605 0.00588476 0.00116539
v 0.07555847 0.00588302 0.00086273
v 0.07550482 0.00583151 0.00055570
v 0.07545547 0.00494875 -0.00031316
v 0.07551736 0.00588297 0.00015683
v 0.07556164 0.00593977 0.00039146
v 0.07563258 0.00596106 0.00066604
v 0.07550499 0.00585453 -0.00022245
v 0.07565085 0.00600000 0.00012452
v 0.07556585 0.00594822 -0.00032772
v 0.07561371 0.00595140 -0.00067704
v 0.07555612 0.00587037 -0.00095573
v 0.07550263 0.00576137 -0.00098333
v 0.07552131 0.00573628 -0.00136101
v 0.07567385 0.00585313 -0.00132435
v 0.07562930 0.00573102 -0.00176580
v 0.07550085 0.00541085 -0.00214595
v 0.07550389 0.00547922 -0.00207125
v 0.07553716 0.00555089 -0.00205441
v 0.07556050 0.00563871 -0.00190040
v 0.07561692 0.00556965 -0.00218231
v 0.07624830 0.00568797 -0.00211067
v 0.07550942 0.00526737 -0.00260833
v 0.07565075 0.00543597 -0.00253254
v 0.07553460 0.00513554 -0.00294214
v 0.07561104 0.00531284 -0.00276960
v 0.07550252 0.00494249 -0.00311972
v 0.07558128 0.00472224 -0.00365984
v 0.07562037 0.00503762 -0.00323748
v 0.07550953 0.00459991 -0.00364986
v 0.07566441 0.00487876 -0.00349832
v 0.07553434 0.00455655 -0.00377953
v 0.07558601 0.00446241 -0.00396684
v 0.07550148 0.00396309 -0.00427881
v 0.07550147 0.00413882 -0.00414226
v 0.07581757 0.00452938 -0.00399617
v 0.07555154 0.00404892 -0.00434865
v 0.07561399 0.00373761 -0.00468581
v 0.07555461 0.00347194 -0.00483578
v 0.07634265 0.00415765 -0.00444750
v 0.07550275 0.00345014 -0.00472223
v 0.07550193 0.00314085 -0.00491892
v 0.07560282 0.00322750 -0.00503310
v 0.07555654 0.00225340 -0.00440680
v 0.07553183 0.00269660 -0.00527138
v 0.07554066 0.00265297 -0.00533315
v 0.07550503 0.00233056 -0.00537063
v 0.07555087 0.00226219 -0.00549241
v 0.07651245 0.00311852 -0.00527989
v 0.07550603 0.00195368 -0.00552809
v 0.07557626 0.00155940 -0.00575914
v 0.07563822 0.00210944 -0.00561350
v 0.07562177 0.00138603 -0.00582933
v 0.07559896 0.00096151 -0.00589882
v 0.07550707 0.00025448 -0.00586226
v 0.07552546 0.00108337 -0.00580912
v 0.07577807 0.00069087 -0.00599450
v 0.07550196 0.00036129 -0.00586894
v 0.07560163 0.00043271 -0.00596267
v 0.07557853 -0.00014537 -0.00596231
v 0.07552800 -0.00040144 -0.00589391
v 0.07550271 -0.00051731 -0.00582360
v 0.07573851 -0.00018034 -0.00602446
v 0.07551856 -0.00081502 -0.00583430
v 0.07566599 -0.00074104 -0.00595327
v 0.07554005 -0.00116566 -0.00580514
v 0.07559187 -0.00117930 -0.00585058
v 0.07561913 -0.00082676 -0.00593612
v 0.07551274 -0.00140071 -0.00572473
v 0.07550494 -0.00175258 -0.00558954
v 0.07565464 -0.00160469 -0.00578310
v 0.07559832 -0.00208164 -0.00560621
v 0.07563174 -0.00204494 -0.00563490
v 0.07551023 -0.00256021 -0.00529733
v 0.07557846 -0.00247280 -0.00544973
v 0.07550466 -0.00307994 -0.00497279
v 0.07563589 -0.00305398 -0.00515945
v 0.07560856 -0.00325721 -0.00503078
v 0.07550267 -0.00375394 -0.00447982
v 0.07552371 -0.00348645 -0.00476251
v 0.07553175 -0.00401611 -0.00433322
v 0.07554363 -0.00364150 -0.00470769
v 0.07574013 -0.00331120 -0.00508110
v 0.07550063 -0.00457222 -0.00362351
v 0.07551342 -0.00428357 -0.00403444
v 0.07556599 -0.00410381 -0.00431312
v 0.07607157 -0.00366966 -0.00497584
v 0.07556469 -0.00447403 -0.00392707
v 0.07554106 -0.00462805 -0.00369501
v 0.07554151 -0.00491872 -0.00331054
v 0.07563764 -0.00479203 -0.00361123
v 0.07550400 -0.00501254 -0.00302109
v 0.07554207 -0.00521735 -0.00281439
v 0.07561965 -0.00508171 -0.00317938
v 0.07582126 -0.00527782 -0.00294522
v 0.07830680 0.00610931 -0.00057753
v 0.07938411 0.00493317 -0.00339987
v 0.07934976 -0.00399522 -0.00448322
v 0.07932616 -0.00466755 -0.00377399
v 0.07930000 -0.00486966 -0.00350520
v 0.07939761 0.00561191 0.00206134
v 0.07949204 0.00536845 0.00236789
v 0.07935197 0.00568674 0.00191082
v 0.07939930 0.00467541 0.00156836
v 0.07932227 0.00577417 0.00162673
v 0.07945521 0.00573331 0.00152723
v 0.07948382 0.00556651 0.00193089
v 0.07934415 0.00588205 0.00117763
v 0.07944359 0.00588473 0.00084548
v 0.07943264 0.00582606 0.00123555
v 0.07933251 0.00598211 0.00049481
v 0.07941102 0.00594845 0.00052348
v 0.07949971 0.00579784 0.00083372
v 0.07949877 0.00582197 0.00042723
v 0.07946960 0.00591058 0.00001687
v 0.07938044 0.00598905 -0.00007240
v 0.07946243 0.00590385 -0.00046152
v 0.07937769 0.00594278 -0.00080032
v 0.07942965 0.00592527 -0.00063859
v 0.07949823 0.00581172 -0.00062994
v 0.07935675 0.00584386 -0.00132951
v 0.07948458 0.00578091 -0.00116000
v 0.07948645 0.00575642 -0.00117725
v 0.07938335 0.00571520 -0.00179443
v 0.07949705 0.00561220 -0.00163543
v 0.07937177 0.00551056 -0.00236045
v 0.07946708 0.00562695 -0.00182896
v 0.07949781 0.00541398 -0.00218456
v 0.07950000 0.00527730 -0.00241736
v 0.07949476 0.00529958 -0.00250325
v 0.07943238 0.00517513 -0.00295989
v 0.07932596 0.00513843 -0.00309831
v 0.07937638 0.00528784 -0.00282884
v 0.07946878 0.00533461 -0.00256695
v 0.07949804 0.00490183 -0.00316395
v 0.07946387 0.00456781 -0.00377278
v 0.07949713 0.00486986 -0.00325456
v 0.07948465 0.00414730 -0.00417052
v 0.07944583 0.00401274 -0.00439092
v 0.07949933 0.00409430 -0.00413833
v 0.07934609 0.00396519 -0.00450082
v 0.07939432 0.00438888 -0.00407931
v 0.07950000 0.00338971 -0.00470921
v 0.07944182 0.00359147 -0.00473345
v 0.07949566 0.00365223 -0.00457112
v 0.07946169 0.00328527 -0.00492781
v 0.07949001 0.00312653 -0.00496838
v 0.07939954 0.00352037 -0.00484035
v 0.07932891 0.00331598 -0.00501136
v 0.07943340 0.00279248 -0.00526648
v 0.07949844 0.00281391 -0.00510880
v 0.07949848 0.00242874 -0.00530568
v 0.07934113 0.00241358 -0.00549713
v 0.07945217 0.00216241 -0.00553326
v 0.07947516 0.00243760 -0.00538778
v 0.07936545 0.00176893 -0.00572787
v 0.07949352 0.00139179 -0.00568712
v 0.07673735 0.00105328 -0.00610177
v 0.07941947 0.00102135 -0.00588926
v 0.07947427 0.00154395 -0.00570013
v 0.07949825 0.00228427 -0.00539466
v 0.07932893 0.00070048 -0.00595832
v 0.07949731 0.00083688 -0.00578307
v 0.07946626 0.00128946 -0.00578451
v 0.07949386 0.00031006 -0.00585428
v 0.07932846 0.00000337 -0.00599796
v 0.07936321 0.00017267 -0.00599242
v 0.07941686 0.00048567 -0.00595028
v 0.07948793 0.00014497 -0.00589167
v 0.07932168 -0.00029285 -0.00599195
v 0.07934143 -0.00065397 -0.00596425
v 0.07940639 -0.00076234 -0.00592944
v 0.07944499 -0.00040898 -0.00592872
v 0.07947165 -0.00092458 -0.00583851
v 0.07949836 -0.00058945 -0.00580365
v 0.07939038 -0.00150770 -0.00579543
v 0.07949838 -0.00128142 -0.00569251
v 0.07947578 -0.00154956 -0.00569881
v 0.07929305 -0.00177049 -0.00574790
v 0.07943391 -0.00216114 -0.00555037
v 0.07949958 -0.00192977 -0.00548955
v 0.07949546 -0.00210983 -0.00545267
v 0.07950000 -0.00268358 -0.00515174
v 0.07930047 -0.00221583 -0.00559004
v 0.07940633 -0.00273269 -0.00531076
v 0.07947336 -0.00279689 -0.00520876
v 0.07949102 -0.00249578 -0.00531233
v 0.07936764 -0.00300858 -0.00518687
v 0.07949657 -0.00308240 -0.00496107
v 0.07933283 -0.00350848 -0.00486731
v 0.07943640 -0.00334620 -0.00492350
v 0.07949815 -0.00339331 -0.00475041
v 0.07946041 -0.00381289 -0.00453795
v 0.07948334 -0.00402982 -0.00428718
v 0.07949698 -0.00389598 -0.00436179
v 0.07940808 -0.00416573 -0.00427754
v 0.07941465 -0.00435659 -0.00409117
v 0.07948457 -0.00426405 -0.00405121
v 0.07949276 -0.00458936 -0.00366319
v 0.07932008 -0.00503596 -0.00326023
v 0.07938004 -0.00496388 -0.00334582
v 0.07942622 -0.00479781 -0.00353649
v 0.07943615 -0.00500414 -0.00322627
v 0.07948193 -0.00494015 -0.00319462
v 0.07949958 -0.00485290 -0.00321070
v 0.07936627 -0.00530916 -0.00278332
v 0.07946664 -0.00521968 -0.00278553
v 0.07949782 -0.00506444 -0.00291121
v 0.07942910 -0.00488988 -0.00066961
v 0.07944035 -0.00487686 0.00076176
v 0.07942693 -0.00472027 0.00141934
v 0.07937500 -0.00434223 0.00236149
v 0.07936957 -0.00361777 0.00335302
v 0.07937838 -0.00268405 0.00415060
v 0.07940924 -0.00058597 0.00489919
v 0.07937500 0.00036585 0.00491906
v 0.07937500 0.00109356 0.00480363
v 0.07935417 0.00156641 0.00467087
v 0.07937500 0.00307329 0.00385823
v 0.07944624 0.00374615 0.00322020
v 0.07937500 0.00420232 0.00257123
v 0.07938462 0.00242509 0.00140194
v 0.07935714 0.00259367 0.00106394
v 0.07936538 0.00271387 0.00069266
v 0.07937500 0.00276935 0.00041900
v 0.07938636 0.00279731 0.00014118
v 0.07937500 0.00279747 -0.00013804
v 0.07936364 0.00276982 -0.00041589
v 0.07937000 0.00268022 -0.00082509
v 0.07938542 0.00246359 -0.00133981
v 0.07936364 0.00223361 -0.00168992
v 0.07936538 0.00205425 -0.00190392
v 0.07947714 0.00175564 -0.00217045
v 0.07937500 0.00140180 -0.00242484
v 0.07938636 0.00115340 -0.00255236
v 0.07938000 0.00076105 -0.00269910
v 0.07935417 0.00034983 -0.00277894
v 0.07938636 0.00007140 -0.00279996
v 0.07937500 -0.00027745 -0.00278855
v 0.07938793 -0.00079679 -0.00269021
v 0.07936000 -0.00136673 -0.00245033
v 0.07938000 -0.00185441 -0.00210369
v 0.07937500 -0.00214458 -0.00180157
v 0.07942366 -0.00227968 -0.00162459
v 0.07949845 0.00201949 0.00079769
v 0.07930000 0.00182255 0.00082360
v 0.07949364 0.00193440 0.00092319
v 0.07945478 0.00190313 0.00082032
v 0.07930000 0.00186134 0.00073173
v 0.07938387 0.00184163 0.00082674
v 0.07930000 0.00189550 0.00063804
v 0.07930000 0.00192494 0.00054276
v 0.07949250 0.00209335 0.00041152
v 0.07940649 0.00198875 0.00039223
v 0.07930000 0.00194961 0.00044614
v 0.07949385 0.00203750 0.00066710
v 0.07930000 0.00196942 0.00034840
v 0.07930000 0.00198434 0.00024980
v 0.07930000 0.00199432 0.00015058
v 0.07936656 0.00200907 0.00010193
v 0.07949845 0.00217076 -0.00004938
v 0.07941993 0.00203677 0.00008372
v 0.07949361 0.00213931 0.00007049
v 0.07947233 0.00209356 0.00007093
v 0.07930000 0.00199941 -0.00004874
v 0.07938322 0.00201332 -0.00011892
v 0.07935581 0.00200986 0.00012738
v 0.07930000 0.00199449 -0.00014834
v 0.07949845 0.00211692 -0.00048160
v 0.07933418 0.00198079 -0.00029714
v 0.07930000 0.00196981 -0.00034619
v 0.07930000 0.00195011 -0.00044395
v 0.07949357 0.00212712 -0.00022947
v 0.07948322 0.00201088 -0.00066045
v 0.07943379 0.00200994 -0.00040573
v 0.07949925 0.00202547 -0.00080989
v 0.07948094 0.00205152 -0.00050254
v 0.07939750 0.00198474 -0.00040406
v 0.07930000 0.00192555 -0.00054060
v 0.07939810 0.00190673 -0.00067907
v 0.07933077 0.00192895 -0.00055915
v 0.07930000 0.00189621 -0.00063591
v 0.07948007 0.00195791 -0.00077198
v 0.07930000 0.00186216 -0.00072964
v 0.07930000 0.00182347 -0.00082155
v 0.07940442 0.00186632 -0.00079422
v 0.07946878 0.00180369 -0.00106002
v 0.07938360 0.00177266 -0.00096400
v 0.07932517 0.00177517 -0.00092552
v 0.07930000 0.00173261 -0.00099903
v 0.07949625 0.00190003 -0.00100862
v 0.07949930 0.00168417 -0.00138570
v 0.07949563 0.00175090 -0.00125113
v 0.07930000 0.00168066 -0.00108415
v 0.07930000 0.00162453 -0.00116657
v 0.07942244 0.00159223 -0.00127526
v 0.07938348 0.00167729 -0.00111630
v 0.07930000 0.00156436 -0.00124610
v 0.07930000 0.00150031 -0.00132253
v 0.07939326 0.00147159 -0.00138847
v 0.07949148 0.00159361 -0.00142276
v 0.07940755 0.00163843 -0.00119599
v 0.07930000 0.00143252 -0.00139567
v 0.07949589 0.00127527 -0.00173779
v 0.07946032 0.00153952 -0.00139609
v 0.07930000 0.00136117 -0.00146534
v 0.07930000 0.00128644 -0.00153137
v 0.07947518 0.00119241 -0.00173194
v 0.07949919 0.00115092 -0.00185229
v 0.07949186 0.00106935 -0.00185849
v 0.07936825 0.00133802 -0.00150128
v 0.07930000 0.00120850 -0.00159359
v 0.07942529 0.00126945 -0.00160110
v 0.07930000 0.00112757 -0.00165184
v 0.07946361 0.00128831 -0.00163747
v 0.07934889 0.00112928 -0.00165840
v 0.07930000 0.00104383 -0.00170600
v 0.07937556 0.00103283 -0.00172971
v 0.07949827 0.00091891 -0.00196384
v 0.07930000 0.00095750 -0.00175591
v 0.07948173 0.00087352 -0.00192026
v 0.07940119 0.00095930 -0.00178427
v 0.07930000 0.00086878 -0.00180145
v 0.07945775 0.00098416 -0.00182572
v 0.07949854 0.00076292 -0.00203111
v 0.07930000 0.00077791 -0.00184252
v 0.07930000 0.00068510 -0.00187900
v 0.07946895 0.00052640 -0.00202288
v 0.07935838 0.00080418 -0.00184167
v 0.07944377 0.00070311 -0.00193321
v 0.07949796 0.00046693 -0.00211723
v 0.07930000 0.00059058 -0.00191081
v 0.07947063 0.00036940 -0.00206095
v 0.07938083 0.00054940 -0.00194016
v 0.07940470 0.00041973 -0.00198477
v 0.07940041 0.00026236 -0.00200875
v 0.07930000 0.00029920 -0.00197749
v 0.07947180 0.00011442 -0.00209106
v 0.07930000 0.00020025 -0.00198995
v 0.07933857 0.00035960 -0.00197642
v 0.07930000 0.00010081 -0.00199746
v 0.07949702 0.00007343 -0.00215761
v 0.07941843 0.00003944 -0.00203860
v 0.07945648 -0.00017640 -0.00206924
v 0.07930000 0.00000112 -0.00200000
v 0.07930000 -0.00009857 -0.00199757
v 0.07939129 -0.00004914 -0.00202450
v 0.07930000 -0.00019802 -0.00199017
v 0.07930000 -0.00029697 -0.00197783
v 0.07949852 -0.00059617 -0.00209060
v 0.07934393 -0.00014634 -0.00200223
v 0.07930000 -0.00039519 -0.00196057
v 0.07949826 -0.00027913 -0.00215572
v 0.07948931 -0.00029346 -0.00211191
v 0.07939693 -0.00029826 -0.00200143
v 0.07942207 -0.00049630 -0.00197967
v 0.07930000 -0.00049243 -0.00193843
v 0.07930000 -0.00058844 -0.00191148
v 0.07940813 -0.00059778 -0.00194182
v 0.07930000 -0.00068298 -0.00187977
v 0.07936830 -0.00057161 -0.00192898
v 0.07949716 -0.00098215 -0.00191910
v 0.07949054 -0.00072760 -0.00199475
v 0.07930000 -0.00077583 -0.00184339
v 0.07946330 -0.00070509 -0.00195407
v 0.07936596 -0.00083289 -0.00182879
v 0.07930000 -0.00086675 -0.00180243
v 0.07930000 -0.00095552 -0.00175698
v 0.07949833 -0.00119660 -0.00180928
v 0.07947552 -0.00104881 -0.00181974
v 0.07943097 -0.00106736 -0.00174887
v 0.07932231 -0.00100065 -0.00173353
v 0.07949851 -0.00135316 -0.00169764
v 0.07947846 -0.00125444 -0.00169259
v 0.07944171 -0.00120277 -0.00167092
v 0.07938570 -0.00100604 -0.00174751
v 0.07930000 -0.00112571 -0.00165311
v 0.07930000 -0.00128471 -0.00153281
v 0.07941666 -0.00123462 -0.00162246
v 0.07949937 -0.00164707 -0.00143494
v 0.07937630 -0.00124442 -0.00158729
v 0.07942323 -0.00137904 -0.00150215
v 0.07932750 -0.00128104 -0.00154058
v 0.07930000 -0.00135952 -0.00146687
v 0.07930000 -0.00143095 -0.00139728
v 0.07947853 -0.00149456 -0.00148638
v 0.07942011 -0.00150437 -0.00137084
v 0.07933568 -0.00147177 -0.00135870
v 0.07930000 -0.00156296 -0.00124786
v 0.07949364 -0.00157765 -0.00145313
v 0.07939390 -0.00158973 -0.00125314
v 0.07930000 -0.00162322 -0.00116840
v 0.07952755 -0.00232673 -0.00147589
v 0.07944163 -0.00170037 -0.00116064
v 0.07934260 -0.00159742 -0.00121121
v 0.07930000 -0.00167944 -0.00108604
v 0.07949461 -0.00177343 -0.00120806
v 0.07944660 -0.00180090 -0.00100116
v 0.07938308 -0.00174714 -0.00101002
v 0.07938733 -0.00169853 -0.00108632
v 0.07942369 -0.00258937 -0.00106252
v 0.07949481 -0.00198807 -0.00081758
v 0.07944112 -0.00185854 -0.00088397
v 0.07937604 -0.00179121 -0.00092542
v 0.07933372 -0.00180097 -0.00087568
v 0.07942178 -0.00187658 -0.00079855
v 0.07947891 -0.00196199 -0.00076835
v 0.07949722 -0.00211178 -0.00047464
v 0.07934526 -0.00187939 -0.00069937
v 0.07940079 -0.00193257 -0.00060634
v 0.07942667 -0.00197614 -0.00050471
v 0.07942366 -0.00277903 -0.00033648
v 0.07949787 -0.00216045 -0.00016521
v 0.07947607 -0.00207718 -0.00033174
v 0.07934384 -0.00196416 -0.00041150
v 0.07941175 -0.00386183 -0.00005136
v 0.07941535 -0.00202073 -0.00022691
v 0.07947701 -0.00210383 0.00002195
v 0.07949044 -0.00212119 0.00014544
v 0.07941552 -0.00203531 -0.00006681
v 0.07940969 -0.00202691 0.00010461
v 0.07949452 -0.00213293 0.00023217
v 0.07934788 -0.00200759 -0.00009759
v 0.07942482 -0.00201458 0.00031366
v 0.07933657 -0.00198266 0.00028406
v 0.07949666 -0.00206456 0.00062770
v 0.07949656 -0.00202855 0.00073158
v 0.07946547 -0.00202040 0.00051861
v 0.07940579 -0.00194639 0.00057209
v 0.07933840 -0.00193174 0.00053774
v 0.07943136 -0.00189660 0.00076916
v 0.07936993 -0.00185459 0.00078197
v 0.07947125 -0.00193190 0.00080779
v 0.07948149 -0.00183414 0.00105307
v 0.07952270 -0.00190071 0.00206905
v 0.07933519 -0.00182953 0.00081870
v 0.07949746 -0.00189800 0.00103557
v 0.07939890 -0.00178156 0.00096475
v 0.07940957 -0.00170282 0.00110478
v 0.07944353 -0.00167332 0.00120161
v 0.07949664 -0.00177241 0.00123043
v 0.07933990 -0.00170037 0.00106285
v 0.07945270 -0.00162170 0.00127919
v 0.07949689 -0.00163764 0.00140185
v 0.07948711 -0.00149575 0.00149544
v 0.07936296 -0.00151796 0.00131531
v 0.07935635 -0.00136668 0.00147127
v 0.07942130 -0.00130955 0.00156483
v 0.07939845 -0.00141276 0.00145077
v 0.07939573 -0.00126212 0.00158035
v 0.07946424 -0.00131514 0.00161945
v 0.07948694 -0.00123073 0.00173508
v 0.07949936 -0.00094129 0.00196899
v 0.07937901 -0.00109648 0.00169147
v 0.07932824 -0.00125130 0.00156676
v 0.07945190 -0.00104375 0.00178673
v 0.07949882 -0.00116219 0.00184527
v 0.07937439 -0.00092257 0.00178736
v 0.07949464 -0.00085248 0.00196222
v 0.07945396 -0.00075832 0.00192425
v 0.07938262 -0.00073447 0.00187637
v 0.07948520 -0.00064288 0.00202468
v 0.07949675 -0.00051846 0.00209443
v 0.07941394 -0.00061390 0.00194008
v 0.07945447 -0.00041149 0.00202964
v 0.07946825 -0.00020945 0.00208136
v 0.07939588 -0.00025141 0.00200884
v 0.07949837 -0.00021188 0.00216294
v 0.07950000 0.00010843 0.00219733
v 0.07947575 -0.00007866 0.00209988
v 0.07943206 -0.00024564 0.00203233
v 0.07949703 0.00023537 0.00215015
v 0.07934073 -0.00016220 0.00199902
v 0.07946473 0.00006109 0.00207670
v 0.07939844 0.00004461 0.00202691
v 0.07934618 0.00022800 0.00199427
v 0.07940644 0.00025769 0.00201350
v 0.07949897 0.00049719 0.00212045
v 0.07945500 0.00029622 0.00204952
v 0.07946110 0.00043844 0.00203245
v 0.07949283 0.00060981 0.00204994
v 0.07946825 0.00071436 0.00196612
v 0.07942050 0.00062136 0.00193740
v 0.07949865 0.00069498 0.00205877
v 0.07934083 0.00054782 0.00193019
v 0.07949899 0.00104617 0.00191211
v 0.07947626 0.00079754 0.00194425
v 0.07938360 0.00073610 0.00187877
v 0.07932493 0.00080350 0.00183419
v 0.07948870 0.00106835 0.00184624
v 0.07949113 0.00092620 0.00192007
v 0.07942421 0.00101683 0.00177025
v 0.07949571 0.00121628 0.00177338
v 0.07939033 0.00087631 0.00181862
v 0.07942046 0.00111311 0.00170327
v 0.07932449 0.00108971 0.00167893
v 0.07946455 0.00146037 0.00149496
v 0.07942432 0.00133131 0.00154796
v 0.07934839 0.00124912 0.00156838
v 0.07949874 0.00143340 0.00163721
v 0.07949435 0.00153430 0.00150266
v 0.07936223 0.00139128 0.00144779
v 0.07940632 0.00151422 0.00134677
v 0.07947106 0.00163468 0.00131272
v 0.07949938 0.00185413 0.00115331
v 0.07949606 0.00184385 0.00112407
v 0.07932839 0.00155796 0.00125986
v 0.07949445 0.00174632 0.00124624
v 0.07943710 0.00184013 0.00092341
v 0.07939018 0.00169572 0.00110033
v 0.07933302 0.00177585 0.00092709
v 0.07937500 0.00055327 0.00274479
v 0.07943727 0.00089150 0.00265914
v 0.07946301 0.00022217 0.00279218
v 0.07941667 0.00161922 0.00228824
v 0.07937500 -0.00014126 0.00279876
v 0.07937500 -0.00062517 0.00273199
v 0.07950679 0.00204159 0.00192149
v 0.07941667 -0.00091409 0.00264714
v 0.07937500 0.00227345 0.00163644
v 0.07936842 -0.00121730 0.00252412
v 0.07936538 -0.00235390 0.00151843
v 0.07943750 -0.00247059 0.00131875
v 0.07935000 -0.00255286 0.00115017
v 0.07939286 -0.00260702 0.00102149
v 0.07933333 -0.00265470 0.00089027
v 0.07942366 -0.00272651 0.00063429
v 0.07937500 -0.00276982 0.00041589
v 0.07940000 -0.00279229 0.00020767
v 0.07940955 -0.00271346 -0.00070349
v 0.07925000 -0.00222609 0.00169970
v 0.07925000 -0.00204579 0.00191290
v 0.07933333 -0.00183782 0.00211313
v 0.07941291 -0.00156079 0.00232630
v 0.07925000 -0.00041887 0.00276849
v 0.07925000 0.00035893 0.00277770
v 0.07925000 0.00108617 0.00258074
v 0.07925000 0.00121346 0.00252340
v 0.07933333 0.00139364 0.00242972
v 0.07925000 0.00186130 0.00209285
v 0.07925000 0.00206043 0.00189712
v 0.07931897 -0.00385808 -0.00309136
v 0.07933333 0.00039270 -0.00492782
v 0.07932812 -0.00266306 -0.00415261
v 0.07944426 0.00441554 0.00219190
v 0.07950000 0.00474017 0.00133655
v 0.07936957 0.00487714 0.00073791
v 0.07940823 0.00492372 -0.00043805
v 0.07944444 0.00477239 -0.00122388
v 0.07934375 0.00452268 -0.00197523
v 0.07940789 0.00420257 -0.00258249
v 0.07937500 0.00369756 -0.00325942
v 0.07938462 0.00326189 -0.00369199
v 0.07937500 0.00225718 -0.00313581
v 0.07937500 0.00246566 -0.00426511
v 0.07937500 0.00191718 -0.00454095
v 0.07937500 0.00133697 -0.00474165
v 0.07952068 0.00015997 -0.00492690
v 0.07950000 -0.00009836 -0.00492541
v 0.07936538 -0.00060983 -0.00488864
v 0.07937500 -0.00133329 -0.00474903
v 0.07937500 -0.00202369 -0.00449170
v 0.07950000 -0.00277206 -0.00407079
v 0.07942857 -0.00313907 -0.00379892
v 0.07950000 -0.00413974 -0.00267702
v 0.07949918 0.00169116 0.00557742
v 0.07945294 0.00225742 0.00439017
v 0.07950000 0.00385555 0.00433518
v 0.07942688 -0.00156929 0.00467891
v 0.07949616 0.00470393 0.00350650
v 0.07949961 -0.00233241 0.00533575
v 0.07949878 -0.00413693 0.00412396
v 0.07949915 -0.00577222 -0.00075092
v 0.07950000 -0.00569098 -0.00112772
v 0.07943192 -0.00459903 -0.00180352
v 0.07947149 -0.00536926 -0.00247026
v 0.07940946 -0.00552020 -0.00227345
v 0.07948565 -0.00546075 -0.00219327
v 0.07905985 -0.00573552 -0.00197386
v 0.07938058 -0.00574397 -0.00169835
v 0.07942198 -0.00569080 -0.00177993
v 0.07947813 -0.00561652 -0.00179637
v 0.07949595 -0.00552829 -0.00189007
v 0.07949796 -0.00560973 -0.00158174
v 0.07934907 -0.00584734 -0.00134503
v 0.07946945 -0.00575819 -0.00132538
v 0.07949930 -0.00567064 -0.00131021
v 0.07820988 -0.00595767 -0.00127323
v 0.07947393 -0.00580244 -0.00114907
v 0.07948729 -0.00584305 -0.00067300
v 0.07935221 -0.00596191 -0.00064185
v 0.07938080 -0.00598103 -0.00034600
v 0.07944296 -0.00594397 -0.00031489
v 0.07949783 -0.00584225 0.00010255
v 0.07949379 -0.00585430 -0.00013064
v 0.07942856 -0.00594954 0.00035082
v 0.07949471 -0.00582807 0.00055290
v 0.07938448 -0.00599092 0.00032889
v 0.07811386 -0.00606484 0.00091810
v 0.07946759 -0.00584384 0.00093888
v 0.07938723 -0.00584287 0.00129888
v 0.07944278 -0.00568630 0.00173468
v 0.07949495 -0.00567553 0.00143867
v 0.07941860 -0.00556505 0.00215212
v 0.07948097 -0.00553103 0.00202430
v 0.07932008 -0.00558682 0.00218575
v 0.07935017 -0.00572625 0.00179361
v 0.07946858 -0.00542270 0.00236943
v 0.07949929 -0.00537775 0.00223068
v 0.07915601 -0.00511308 0.00320534
v 0.07937187 -0.00538273 0.00263655
v 0.07948157 -0.00511163 0.00292832
v 0.07949833 -0.00519459 0.00265321
v 0.07940813 -0.00501530 0.00323523
v 0.07944636 -0.00508025 0.00307999
v 0.07949925 -0.00488973 0.00315790
v 0.07938103 -0.00482578 0.00355097
v 0.07948533 -0.00474944 0.00346639
v 0.07948134 -0.00461584 0.00366984
v 0.07945979 -0.00443650 0.00394320
v 0.07949885 -0.00443034 0.00380527
v 0.07903850 -0.00419126 0.00439376
v 0.07936365 -0.00430629 0.00417057
v 0.07935039 -0.00369004 0.00473003
v 0.07942148 -0.00403286 0.00439523
v 0.07947890 -0.00395560 0.00437340
v 0.07948110 -0.00350050 0.00473835
v 0.07943610 -0.00339844 0.00489078
v 0.07757994 -0.00276999 0.00550916
v 0.07949884 -0.00331767 0.00479131
v 0.07938241 -0.00293703 0.00521682
v 0.07948533 -0.00277509 0.00518381
v 0.07949540 -0.00295901 0.00504777
v 0.07935121 -0.00199084 0.00566318
v 0.07947216 -0.00255896 0.00533351
v 0.07936838 -0.00232367 0.00553282
v 0.07944410 -0.00237264 0.00545157
v 0.07949159 -0.00142979 0.00569861
v 0.07949425 -0.00137903 0.00568868
v 0.07933622 -0.00134676 0.00584629
v 0.07939701 -0.00172027 0.00574321
v 0.07944371 -0.00152603 0.00574683
v 0.07919315 -0.00135677 0.00591605
v 0.07941026 -0.00090132 0.00590018
v 0.07949675 -0.00101222 0.00576209
v 0.07945755 -0.00056162 0.00590458
v 0.07949836 -0.00057221 0.00580538
v 0.07947208 -0.00002752 0.00590999
v 0.07934786 -0.00027370 0.00599476
v 0.07925145 0.00063756 0.00599622
v 0.07941955 0.00022739 0.00596186
v 0.07947882 0.00064472 0.00586033
v 0.07943357 0.00081653 0.00590073
v 0.07949660 0.00020853 0.00584605
v 0.07949765 0.00106236 0.00575544
v 0.07926950 0.00145947 0.00585055
v 0.07942582 0.00163088 0.00573053
v 0.07946759 0.00174716 0.00565225
v 0.07949427 0.00203047 0.00549035
v 0.07944440 0.00189132 0.00565141
v 0.07949323 0.00250536 0.00529367
v 0.07932228 0.00287603 0.00526967
v 0.07939607 0.00261141 0.00538167
v 0.07948432 0.00264718 0.00526147
v 0.07934430 0.00358351 0.00481476
v 0.07947502 0.00311020 0.00502027
v 0.07941662 0.00338220 0.00492351
v 0.07949686 0.00336463 0.00477718
v 0.07949260 0.00380013 0.00447982
v 0.07941013 0.00399960 0.00443521
v 0.07947878 0.00426717 0.00406910
v 0.07949458 0.00400380 0.00426920
v 0.07920812 0.00415350 0.00437266
v 0.07938864 0.00437728 0.00407731
v 0.07945009 0.00437628 0.00401438
v 0.07939012 0.00466796 0.00375172
v 0.07936642 0.00492984 0.00340923
v 0.07949368 0.00460656 0.00361539
v 0.07872249 0.00508725 0.00328975
v 0.07864111 0.00526812 0.00304550
v 0.07934720 0.00541604 0.00258375
v 0.07938308 0.00517882 0.00299388
v 0.07944399 0.00533255 0.00263846
v 0.07946104 0.00503001 0.00312782
v 0.07949561 0.00505375 0.00295150
v 0.07570866 -0.00597332 -0.00059014
v 0.07570000 -0.00599805 -0.00015296
v 0.07570000 -0.00595385 0.00074272
v 0.07569992 -0.00440191 0.00407989
v 0.07725821 -0.00176857 0.00579630
v 0.07911110 0.00178565 0.00579884
v 0.07555778 -0.00546004 -0.00235473
v 0.07567836 -0.00552570 -0.00233732
v 0.07550382 -0.00545726 -0.00212635
v 0.07556769 -0.00567138 -0.00180849
v 0.07559393 -0.00562365 -0.00206250
v 0.07555278 -0.00574370 -0.00152489
v 0.07550158 -0.00568833 -0.00132132
v 0.07552498 -0.00579879 -0.00113239
v 0.07554228 -0.00494392 -0.00008561
v 0.07550750 -0.00583667 -0.00066346
v 0.07558160 -0.00590149 -0.00085886
v 0.07564661 -0.00592962 -0.00091951
v 0.07564590 -0.00582647 -0.00148116
v 0.07553470 -0.00591243 -0.00025196
v 0.07560326 -0.00598103 -0.00019868
v 0.07550159 -0.00581236 0.00051084
v 0.07553368 -0.00590995 0.00036166
v 0.07561800 -0.00597838 0.00029523
v 0.07567989 -0.00598529 0.00044459
v 0.07559110 -0.00587889 0.00103530
v 0.07559846 -0.00592810 0.00079822
v 0.07561632 -0.00583357 0.00132942
v 0.07553350 -0.00578159 0.00129961
v 0.07566161 -0.00577000 0.00164827
v 0.07550218 -0.00557511 0.00177901
v 0.07557392 -0.00561634 0.00201976
v 0.07552569 -0.00553653 0.00206995
v 0.07566439 -0.00557456 0.00222200
v 0.07550197 -0.00529584 0.00246152
v 0.07550106 -0.00491409 0.00313600
v 0.07554722 -0.00516935 0.00293888
v 0.07566587 -0.00531175 0.00279399
v 0.07552964 -0.00501497 0.00313075
v 0.07550247 -0.00453353 0.00369817
v 0.07563997 -0.00501340 0.00328849
v 0.07558844 -0.00475629 0.00361290
v 0.07554068 -0.00438269 0.00400757
v 0.07566488 -0.00469722 0.00373711
v 0.07552710 -0.00377641 0.00456281
v 0.07560424 -0.00436051 0.00409666
v 0.07563725 -0.00414176 0.00433023
v 0.07550328 -0.00364256 0.00457763
v 0.07564435 -0.00367652 0.00473814
v 0.07550217 -0.00306584 0.00497308
v 0.07559110 -0.00336372 0.00493139
v 0.07552623 -0.00332632 0.00487822
v 0.07552834 -0.00339657 0.00485335
v 0.07568355 -0.00340190 0.00494554
v 0.07555996 -0.00262786 0.00419644
v 0.07560789 -0.00296530 0.00519496
v 0.07555134 -0.00229487 0.00547904
v 0.07553301 -0.00259838 0.00532148
v 0.07564042 -0.00236638 0.00551079
v 0.07550286 -0.00228744 0.00537996
v 0.07570274 -0.00200043 0.00566286
v 0.07553597 -0.00182125 0.00563876
v 0.07550103 -0.00160519 0.00560617
v 0.07553356 -0.00146190 0.00573859
v 0.07561622 -0.00134121 0.00583282
v 0.07563996 -0.00151177 0.00580322
v 0.07550487 -0.00065640 0.00583069
v 0.07558522 -0.00068617 0.00592758
v 0.07563591 -0.00085335 0.00593352
v 0.07551685 -0.00050581 0.00586872
v 0.07567423 -0.00048121 0.00598069
v 0.07554836 0.00027071 0.00593471
v 0.07565048 -0.00019419 0.00599378
v 0.07552858 0.00016337 0.00494565
v 0.07551703 0.00044747 0.00586937
v 0.07559675 -0.00036591 0.00598404
v 0.07564054 0.00031497 0.00599020
v 0.07550974 0.00092085 0.00486138
v 0.07551362 0.00092534 0.00582395
v 0.07564323 0.00102340 0.00590702
v 0.07550218 0.00171181 0.00558317
v 0.07554885 0.00146028 0.00574839
v 0.07557745 0.00134440 0.00580880
v 0.07565917 0.00120435 0.00587944
v 0.07552971 0.00166396 0.00567941
v 0.07564711 0.00187236 0.00569588
v 0.07550250 0.00243828 0.00531046
v 0.07563783 0.00220848 0.00557114
v 0.07552931 0.00245655 0.00537233
v 0.07559047 0.00238419 0.00547830
v 0.07562991 0.00286112 0.00526008
v 0.07551018 0.00291088 0.00511607
v 0.07550000 0.00302154 0.00495079
v 0.07567790 0.00273376 0.00534619
v 0.07551558 0.00337146 0.00482288
v 0.07561906 0.00307478 0.00514310
v 0.07550123 0.00361822 0.00457319
v 0.07561726 0.00369912 0.00470431
v 0.07564603 0.00349834 0.00488028
v 0.07550376 0.00397462 0.00428845
v 0.07553338 0.00408691 0.00428179
v 0.07557572 0.00376671 0.00463245
v 0.07563277 0.00416322 0.00430747
v 0.07568841 0.00408844 0.00439617
v 0.07562967 0.00431288 0.00416370
v 0.07550081 0.00445751 0.00374457
v 0.07550088 0.00472487 0.00340098
v 0.07550845 0.00444487 0.00383878
v 0.07557517 0.00477113 0.00358335
v 0.07560662 0.00474975 0.00364331
v 0.07566032 0.00470124 0.00374467
v 0.07550074 0.00503930 0.00291322
v 0.07552500 0.00532758 0.00254999
v 0.07550530 0.00502098 0.00302274
v 0.07555513 0.00502206 0.00318166
v 0.07564337 0.00518829 0.00299935
v 0.07559375 0.00453451 0.00192659
v 0.07564063 0.00467536 0.00156077
v 0.07554035 0.00486031 0.00091352
v 0.07575000 0.00492808 -0.00020829
v 0.07575000 0.00485066 -0.00085249
v 0.07575000 0.00480214 -0.00109322
v 0.07556522 0.00456700 -0.00189747
v 0.07575000 0.00446020 -0.00210617
v 0.07563462 0.00407205 -0.00277292
v 0.07560000 0.00385225 -0.00306852
v 0.07562903 0.00336020 -0.00361736
v 0.07561538 0.00201588 -0.00329472
v 0.07549531 0.00156931 -0.00469144
v 0.07557703 0.00065523 -0.00489756
v 0.07575000 0.00024826 -0.00491874
v 0.07555382 -0.00014623 -0.00492926
v 0.07562500 -0.00073190 -0.00487444
v 0.07554935 -0.00159419 -0.00467021
v 0.07553759 -0.00239533 -0.00432119
v 0.07565000 -0.00298080 -0.00394820
v 0.07558609 -0.00377172 -0.00318001
v 0.07575000 -0.00405655 -0.00279532
v 0.07561458 -0.00268022 0.00082509
v 0.07556658 -0.00250930 0.00124229
v 0.07558429 -0.00279921 0.00018800
v 0.07559912 -0.00222181 0.00170919
v 0.07566071 -0.00275411 -0.00051406
v 0.07562176 -0.00148362 0.00237718
v 0.07560227 -0.00264348 -0.00093334
v 0.07575000 -0.00255157 -0.00115304
v 0.07568750 -0.00073897 0.00270126
v 0.07560181 -0.00028709 0.00279155
v 0.07561217 0.00033939 0.00278182
v 0.07563889 0.00145117 0.00240208
v 0.07560227 0.00187578 0.00208334
v 0.07563636 0.00214458 0.00180157
v 0.07562500 0.00235317 0.00152171
v 0.07552362 -0.00278620 -0.00024962
v 0.07550000 -0.00171358 0.00138252
v 0.07558169 -0.00184838 0.00210708
v 0.07550147 -0.00140655 0.00165505
v 0.07555472 -0.00100424 0.00261585
v 0.07550000 -0.00058295 0.00212482
v 0.07550000 0.00161830 0.00150326
v 0.07564272 -0.00189035 -0.00068283
v 0.07562020 -0.00181139 -0.00088836
v 0.07556839 -0.00183084 -0.00092668
v 0.07553511 -0.00184083 -0.00098039
v 0.07553563 -0.00200762 -0.00054798
v 0.07555929 -0.00200610 -0.00045492
v 0.07550140 -0.00204920 -0.00072736
v 0.07550798 -0.00207756 -0.00051690
v 0.07554737 -0.00205889 -0.00011618
v 0.07563302 -0.00197691 -0.00036630
v 0.07550078 -0.00213208 -0.00045782
v 0.07553175 -0.00207549 -0.00026128
v 0.07565729 -0.00200303 0.00011280
v 0.07550366 -0.00214156 -0.00028661
v 0.07562579 -0.00200964 -0.00011106
v 0.07550708 -0.00213141 -0.00023608
v 0.07558004 -0.00203759 0.00009855
v 0.07551670 -0.00211824 0.00001312
v 0.07551018 -0.00211405 0.00026012
v 0.07558031 -0.00202477 0.00024434
v 0.07550087 -0.00217870 0.00006543
v 0.07561692 -0.00198761 0.00034932
v 0.07554755 -0.00206468 0.00015062
v 0.07563111 -0.00196657 0.00041692
v 0.07565748 -0.00189570 0.00065402
v 0.07550344 -0.00211300 0.00045975
v 0.07563073 -0.00180209 0.00089415
v 0.07557159 -0.00191744 0.00070742
v 0.07550949 -0.00206139 0.00053749
v 0.07551629 -0.00201848 0.00064555
v 0.07550071 -0.00208305 0.00064535
v 0.07550085 -0.00200910 0.00084558
v 0.07553483 -0.00199839 0.00059257
v 0.07556583 -0.00184922 0.00088670
v 0.07550989 -0.00190868 0.00095039
v 0.07560289 -0.00169767 0.00109887
v 0.07556536 -0.00176271 0.00104227
v 0.07550453 -0.00182920 0.00114143
v 0.07550621 -0.00171596 0.00129071
v 0.07563336 -0.00148563 0.00135656
v 0.07553775 -0.00164816 0.00126883
v 0.07561611 -0.00163446 0.00117488
v 0.07554762 -0.00142176 0.00149536
v 0.07554357 -0.00132936 0.00159415
v 0.07550677 -0.00152173 0.00150979
v 0.07563577 -0.00123176 0.00158961
v 0.07558208 -0.00116250 0.00167414
v 0.07550098 -0.00127888 0.00176383
v 0.07551148 -0.00126351 0.00172077
v 0.07565951 -0.00097734 0.00174992
v 0.07554432 -0.00107374 0.00177301
v 0.07550421 -0.00101889 0.00189549
v 0.07558032 -0.00092128 0.00182044
v 0.07554885 -0.00070874 0.00194385
v 0.07550403 -0.00088661 0.00196791
v 0.07552343 -0.00074836 0.00196580
v 0.07567258 -0.00055674 0.00192446
v 0.07550419 -0.00063023 0.00205811
v 0.07562780 -0.00045818 0.00196074
v 0.07611208 -0.00021483 0.00194866
v 0.07560809 -0.00062721 0.00192534
v 0.07551606 -0.00052004 0.00205534
v 0.07552933 -0.00037422 0.00205913
v 0.07554124 -0.00061956 0.00197846
v 0.07563365 -0.00012159 0.00200666
v 0.07564002 0.00017039 0.00200390
v 0.07560529 -0.00024258 0.00200615
v 0.07550122 -0.00032665 0.00215320
v 0.07554094 -0.00018474 0.00206816
v 0.07550993 -0.00009168 0.00213632
v 0.07550113 -0.00004803 0.00217718
v 0.07559581 0.00034127 0.00199902
v 0.07552106 0.00012711 0.00209555
v 0.07550180 0.00030242 0.00214793
v 0.07550566 0.00036244 0.00211274
v 0.07564545 0.00055022 0.00193217
v 0.07555012 0.00026082 0.00204766
v 0.07550823 0.00047900 0.00208951
v 0.07550791 0.00044531 0.00276009
v 0.07560208 0.00067747 0.00190843
v 0.07564791 0.00085896 0.00181340
v 0.07553496 0.00055537 0.00201205
v 0.07550857 0.00074594 0.00200270
v 0.07549979 0.00100689 0.00260200
v 0.07552564 0.00086442 0.00191243
v 0.07556919 0.00093600 0.00182115
v 0.07551502 0.00103967 0.00184879
v 0.07566223 0.00116778 0.00162786
v 0.07552344 0.00114222 0.00176440
v 0.07557614 0.00111614 0.00171103
v 0.07550095 0.00107097 0.00190043
v 0.07561702 0.00125725 0.00157933
v 0.07551619 0.00132457 0.00165355
v 0.07556919 0.00127830 0.00159958
v 0.07565264 0.00146198 0.00137183
v 0.07550167 0.00138565 0.00167427
v 0.07553278 0.00154993 0.00140352
v 0.07563787 0.00159410 0.00122084
v 0.07551876 0.00142035 0.00156483
v 0.07562258 0.00131005 0.00152655
v 0.07558626 0.00152333 0.00135065
v 0.07550443 0.00167642 0.00135706
v 0.07551265 0.00168855 0.00129661
v 0.07564732 0.00177591 0.00093746
v 0.07556850 0.00169031 0.00115654
v 0.07562741 0.00171144 0.00106100
v 0.07555311 0.00184973 0.00091458
v 0.07554885 0.00179125 0.00103552
v 0.07550941 0.00180881 0.00113107
v 0.07551832 0.00188706 0.00095747
v 0.07950000 -0.00399424 0.00041597
v 0.07950000 -0.00393302 -0.00080344
v 0.08121917 -0.00397016 -0.00086867
v 0.07950000 -0.00347990 -0.00201186
v 0.07950000 -0.00265934 -0.00300710
v 0.07950000 -0.00166012 -0.00365498
v 0.08122898 -0.00227641 -0.00331314
v 0.07950000 -0.00071034 -0.00394267
v 0.07950000 0.00008135 -0.00400532
v 0.07950000 0.00106456 -0.00387061
v 0.07950000 0.00223943 -0.00333803
v 0.08124161 0.00181242 -0.00359502
v 0.07950000 0.00317803 -0.00245247
v 0.08122343 0.00283219 -0.00284473
v 0.07950000 0.00371759 -0.00150253
v 0.08122983 0.00350623 -0.00195518
v 0.06350000 -0.00199915 0.00005821
v 0.07950000 -0.00199377 0.00015778
v 0.07950000 -0.00199915 0.00005821
v 0.06350000 -0.00199377 0.00015778
v 0.06350000 -0.00199957 -0.00004152
v 0.07950000 -0.00199957 -0.00004152
v 0.06350000 -0.00199501 -0.00014113
v 0.07950000 -0.00199501 -0.00014113
v 0.06350000 -0.00198550 -0.00024040
v 0.07950000 -0.00198550 -0.00024040
v 0.07950000 -0.00197105 -0.00033907
v 0.06350000 -0.00197105 -0.00033907
v 0.06350000 -0.00195170 -0.00043690
v 0.07950000 -0.00195170 -0.00043690
v 0.06350000 -0.00192749 -0.00053364
v 0.07950000 -0.00192749 -0.00053364
v 0.06350000 -0.00189850 -0.00062905
v 0.07950000 -0.00189850 -0.00062905
v 0.07950000 -0.00186478 -0.00072291
v 0.06350000 -0.00186478 -0.00072291
v 0.06350000 -0.00182643 -0.00081496
v 0.07950000 -0.00182643 -0.00081496
v 0.06350000 -0.00178354 -0.00090499
v 0.07950000 -0.00178354 -0.00090499
v 0.06350000 -0.00173621 -0.00099276
v 0.07950000 -0.00173621 -0.00099276
v 0.06350000 -0.00168457 -0.00107807
v 0.07950000 -0.00168457 -0.00107807
v 0.07950000 -0.00162873 -0.00116070
v 0.06350000 -0.00162873 -0.00116070
v 0.06350000 -0.00156885 -0.00124044
v 0.07950000 -0.00156885 -0.00124044
v 0.06350000 -0.00150507 -0.00131710
v 0.07950000 -0.00150507 -0.00131710
v 0.06350000 -0.00143755 -0.00139049
v 0.07950000 -0.00143755 -0.00139049
v 0.06350000 -0.00136645 -0.00146041
v 0.07950000 -0.00136645 -0.00146041
v 0.06350000 -0.00129196 -0.00152671
v 0.07950000 -0.00129196 -0.00152671
v 0.07950000 -0.00121425 -0.00158921
v 0.06350000 -0.00121425 -0.00158921
v 0.07950000 -0.00113353 -0.00164776
v 0.06350000 -0.00113353 -0.00164776
v 0.06350000 -0.00104998 -0.00170221
v 0.07950000 -0.00104998 -0.00170221
v 0.06350000 -0.00096383 -0.00175244
v 0.07950000 -0.00096383 -0.00175244
v 0.06350000 -0.00087528 -0.00179830
v 0.07950000 -0.00087528 -0.00179830
v 0.06350000 -0.00078455 -0.00183969
v 0.07950000 -0.00078455 -0.00183969
v 0.06350000 -0.00069188 -0.00187651
v 0.07950000 -0.00069188 -0.00187651
v 0.06350000 -0.00059748 -0.00190867
v 0.07950000 -0.00059748 -0.00190867
v 0.06350000 -0.00050160 -0.00193608
v 0.07950000 -0.00050160 -0.00193608
v 0.06350000 -0.00040447 -0.00195867
v 0.07950000 -0.00040447 -0.00195867
v 0.06350000 -0.00030634 -0.00197640
v 0.07950000 -0.00030634 -0.00197640
v 0.06350000 -0.00020744 -0.00198921
v 0.07950000 -0.00020744 -0.00198921
v 0.06350000 -0.00010803 -0.00199708
v 0.07950000 -0.00010803 -0.00199708
v 0.07950000 -0.00000835 -0.00199998
v 0.06350000 -0.00000835 -0.00199998
v 0.06350000 0.00009135 -0.00199791
v 0.07950000 0.00009135 -0.00199791
v 0.06350000 0.00019083 -0.00199088
v 0.07950000 0.00019083 -0.00199088
v 0.06350000 0.00028983 -0.00197889
v 0.07950000 0.00028983 -0.00197889
v 0.06350000 0.00038811 -0.00196198
v 0.07950000 0.00038811 -0.00196198
v 0.06350000 0.00048542 -0.00194020
v 0.07950000 0.00048542 -0.00194020
v 0.06350000 0.00058153 -0.00191359
v 0.07950000 0.00058153 -0.00191359
v 0.06350000 0.00067619 -0.00188222
v 0.07950000 0.00067619 -0.00188222
v 0.06350000 0.00076917 -0.00184618
v 0.07950000 0.00076917 -0.00184618
v 0.07950000 0.00086024 -0.00180554
v 0.06350000 0.00086024 -0.00180554
v 0.06350000 0.00094917 -0.00176042
v 0.07950000 0.00094917 -0.00176042
v 0.06350000 0.00103574 -0.00171092
v 0.07950000 0.00103574 -0.00171092
v 0.06350000 0.00111973 -0.00165717
v 0.07950000 0.00111973 -0.00165717
v 0.06350000 0.00120094 -0.00159929
v 0.07950000 0.00120094 -0.00159929
v 0.06350000 0.00127917 -0.00153744
v 0.07950000 0.00127917 -0.00153744
v 0.06350000 0.00135421 -0.00147177
v 0.07950000 0.00135421 -0.00147177
v 0.06350000 0.00142589 -0.00140244
v 0.07950000 0.00142589 -0.00140244
v 0.06350000 0.00149403 -0.00132962
v 0.07950000 0.00149403 -0.00132962
v 0.06350000 0.00155844 -0.00125350
v 0.07950000 0.00155844 -0.00125350
v 0.06350000 0.00161899 -0.00117425
v 0.07950000 0.00161899 -0.00117425
v 0.06350000 0.00167551 -0.00109210
v 0.07950000 0.00167551 -0.00109210
v 0.06350000 0.00172786 -0.00100722
v 0.07950000 0.00172786 -0.00100722
v 0.06350000 0.00177592 -0.00091984
v 0.07950000 0.00177592 -0.00091984
v 0.06350000 0.00181956 -0.00083018
v 0.07950000 0.00181956 -0.00083018
v 0.06350000 0.00185868 -0.00073845
v 0.07950000 0.00185868 -0.00073845
v 0.06350000 0.00189318 -0.00064488
v 0.07950000 0.00189318 -0.00064488
v 0.06350000 0.00192297 -0.00054971
v 0.07950000 0.00192297 -0.00054971
v 0.06350000 0.00194798 -0.00045318
v 0.07950000 0.00194798 -0.00045318
v 0.06350000 0.00196815 -0.00035551
v 0.07950000 0.00196815 -0.00035551
v 0.06350000 0.00198342 -0.00025697
v 0.07950000 0.00198342 -0.00025697
v 0.07950000 0.00199377 -0.00015778
v 0.06350000 0.00199377 -0.00015778
v 0.08139680 -0.00009690 -0.00377288
v 0.08226888 0.00059648 0.00196795
v 0.08123988 -0.00037664 -0.00406114
v 0.08163618 0.00052661 -0.00341809
v 0.08207343 0.00023534 -0.00263241
v 0.08227758 0.00028245 -0.00204029
v 0.08172763 0.00220292 -0.00244660
v 0.08249447 0.00035042 -0.00115816
v 0.08184972 0.00139423 -0.00276775
v 0.08253851 0.00077260 -0.00050104
v 0.08254273 0.00038025 -0.00077241
v 0.08254819 0.00038904 -0.00072075
v 0.08255114 0.00039985 -0.00068759
v 0.08255335 0.00041301 -0.00065848
v 0.08255607 0.00044467 -0.00060936
v 0.08255697 0.00047789 -0.00057375
v 0.08255671 0.00050981 -0.00054862
v 0.08255580 0.00053885 -0.00053119
v 0.08255297 0.00059103 -0.00050964
v 0.08254857 0.00064636 -0.00049803
v 0.08245944 0.00127913 -0.00054425
v 0.08223486 0.00153007 -0.00155844
v 0.08168778 0.00277360 -0.00182588
v 0.08254646 0.00077340 0.00037908
v 0.08255114 0.00068759 0.00039985
v 0.08255335 0.00065848 0.00041301
v 0.08255607 0.00060936 0.00044467
v 0.08255697 0.00057375 0.00047789
v 0.08255671 0.00054862 0.00050981
v 0.08255580 0.00053119 0.00053885
v 0.08255297 0.00050964 0.00059103
v 0.08254857 0.00049803 0.00064636
v 0.08254273 0.00049701 0.00070298
v 0.08230154 0.00206886 -0.00066523
v 0.08241860 0.00163414 0.00032590
v 0.08241392 0.00057969 0.00159824
v 0.08146548 0.00342563 -0.00134892
v 0.08218968 0.00061831 0.00202624
v 0.08228149 0.00206473 0.00027723
v 0.08157531 0.00343038 -0.00075001
v 0.08199152 0.00277432 -0.00031891
v 0.08123274 0.00401956 -0.00037586
v 0.08207494 0.00099256 0.00245125
v 0.08122399 0.00060852 0.00396777
v 0.08163838 0.00173357 0.00293762
v 0.08177469 0.00248461 0.00198299
v 0.08188544 0.00289426 0.00099945
v 0.08122756 0.00148462 0.00372127
v 0.08122739 0.00248579 0.00315850
v 0.08124507 0.00290089 0.00281209
v 0.08122961 0.00381463 0.00128237
v 0.08129939 0.00344303 0.00183355
v 0.08138474 -0.00322888 -0.00198444
v 0.08123120 -0.00313955 -0.00249470
v 0.08152756 -0.00233605 -0.00270823
v 0.08170722 -0.00287089 -0.00167451
v 0.08148782 -0.00133865 -0.00338917
v 0.08165164 -0.00335185 -0.00070564
v 0.08158289 -0.00112750 -0.00334091
v 0.08181441 -0.00154043 -0.00276429
v 0.08226812 -0.00219630 -0.00037304
v 0.08209243 -0.00064998 -0.00245767
v 0.08122818 -0.00393022 0.00077350
v 0.08181566 -0.00312746 0.00013513
v 0.08231621 -0.00078491 -0.00195006
v 0.08227667 -0.00037958 -0.00198958
v 0.08246403 -0.00054840 -0.00131201
v 0.08122892 -0.00356919 0.00182623
v 0.08136389 -0.00372585 0.00124038
v 0.08228523 -0.00199838 0.00035461
v 0.08255209 -0.00049689 -0.00066491
v 0.08241390 -0.00160577 -0.00030595
v 0.08254819 -0.00072075 -0.00038904
v 0.08255114 -0.00068759 -0.00039985
v 0.08255335 -0.00065848 -0.00041301
v 0.08255607 -0.00060936 -0.00044467
v 0.08255697 -0.00057375 -0.00047789
v 0.08255671 -0.00054862 -0.00050981
v 0.08255580 -0.00053119 -0.00053885
v 0.08255297 -0.00050964 -0.00059103
v 0.08254857 -0.00049803 -0.00064636
v 0.08126917 -0.00308046 0.00254460
v 0.08122348 -0.00325799 0.00232067
v 0.08186895 -0.00260738 0.00154734
v 0.08247453 -0.00096469 0.00087077
v 0.08254273 -0.00038025 0.00077241
v 0.08254819 -0.00038904 0.00072075
v 0.08255114 -0.00039985 0.00068759
v 0.08255335 -0.00041301 0.00065848
v 0.08255607 -0.00044467 0.00060936
v 0.08255697 -0.00047789 0.00057375
v 0.08255671 -0.00050981 0.00054862
v 0.08255580 -0.00053885 0.00053119
v 0.08255297 -0.00059103 0.00050964
v 0.08254857 -0.00064636 0.00049803
v 0.08254273 -0.00070298 0.00049701
v 0.08231365 -0.00192524 0.00059878
v 0.08123172 -0.00253311 0.00310883
v 0.08245501 -0.00033280 0.00138799
v 0.08216863 -0.00133045 0.00196897
v 0.08123104 -0.00154165 0.00370156
v 0.08176298 -0.00172023 0.00273461
v 0.08227911 -0.00028070 0.00204789
v 0.08122743 -0.00074087 0.00393676
v 0.08173663 -0.00054111 0.00321764
v 0.08155573 0.00070554 0.00351314
v 0.08122347 -0.00017606 0.00399733
v 0.06350000 0.00168457 0.00107807
v 0.06350000 0.00162873 0.00116070
v 0.06350000 0.00156885 0.00124044
v 0.06350000 0.00182643 0.00081496
v 0.06350000 0.00178354 0.00090499
v 0.06350000 0.00173621 0.00099276
v 0.06350000 0.00096383 0.00175244
v 0.06350000 0.00113353 0.00164776
v 0.06350000 0.00104998 0.00170221
v 0.06350000 0.00189850 0.00062905
v 0.06350000 0.00186478 0.00072291
v 0.06350000 0.00087528 0.00179830
v 0.06350000 0.00136645 0.00146041
v 0.06350000 0.00129196 0.00152671
v 0.06350000 0.00121425 0.00158921
v 0.06350000 0.00069188 0.00187651
v 0.06350000 0.00150507 0.00131710
v 0.06350000 0.00143755 0.00139049
v 0.06350000 0.00078455 0.00183969
v 0.06350000 0.00197105 0.00033907
v 0.06350000 0.00195170 0.00043690
v 0.06350000 0.00192749 0.00053364
v 0.06350000 0.00050160 0.00193608
v 0.06350000 0.00059748 0.00190867
v 0.06350000 0.00040447 0.00195867
v 0.06350000 0.00000835 0.00199998
v 0.06350000 0.00030634 0.00197640
v 0.06350000 0.00020744 0.00198921
v 0.06350000 0.00010803 0.00199708
v 0.06350000 -0.00038811 0.00196198
v 0.06350000 -0.00019083 0.00199088
v 0.06350000 -0.00028983 0.00197889
v 0.06350000 -0.00058153 0.00191359
v 0.06350000 -0.00048542 0.00194020
v 0.06350000 -0.00009135 0.00199791
v 0.06350000 -0.00076917 0.00184618
v 0.06350000 -0.00067619 0.00188222
v 0.06350000 -0.00086024 0.00180554
v 0.06350000 -0.00111973 0.00165717
v 0.06350000 -0.00094917 0.00176042
v 0.06350000 -0.00103574 0.00171092
v 0.06350000 0.00199915 -0.00005821
v 0.06350000 0.00199957 0.00004152
v 0.06350000 0.00199501 0.00014113
v 0.06350000 0.00198550 0.00024040
v 0.06350000 -0.00142589 0.00140244
v 0.06350000 -0.00120094 0.00159929
v 0.06350000 -0.00127917 0.00153744
v 0.06350000 -0.00135421 0.00147177
v 0.06350000 -0.00149403 0.00132962
v 0.06350000 -0.00155844 0.00125350
v 0.06350000 -0.00161899 0.00117425
v 0.06350000 -0.00167551 0.00109210
v 0.06350000 -0.00172786 0.00100722
v 0.06350000 -0.00181956 0.00083018
v 0.06350000 -0.00177592 0.00091984
v 0.06350000 -0.00192297 0.00054971
v 0.06350000 -0.00185868 0.00073845
v 0.06350000 -0.00189318 0.00064488
v 0.06350000 -0.00194798 0.00045318
v 0.06350000 -0.00198342 0.00025697
v 0.06350000 -0.00196815 0.00035551
v 0.07950000 0.00199915 -0.00005821
v 0.07950000 0.00199957 0.00004152
v 0.07950000 0.00199501 0.00014113
v 0.07950000 0.00198550 0.00024040
v 0.07950000 0.00197105 0.00033907
v 0.07950000 0.00195170 0.00043690
v 0.07950000 0.00192749 0.00053364
v 0.07950000 0.00189850 0.00062905
v 0.07950000 0.00186478 0.00072291
v 0.07950000 0.00182643 0.00081496
v 0.07950000 0.00178354 0.00090499
v 0.07950000 0.00173621 0.00099276
v 0.07950000 0.00168457 0.00107807
v 0.07950000 0.00162873 0.00116070
v 0.07950000 0.00156885 0.00124044
v 0.07950000 0.00150507 0.00131710
v 0.07950000 0.00143755 0.00139049
v 0.07950000 0.00136645 0.00146041
v 0.07950000 0.00129196 0.00152671
v 0.07950000 0.00121425 0.00158921
v 0.07950000 0.00113353 0.00164776
v 0.07950000 0.00104998 0.00170221
v 0.07950000 0.00096383 0.00175244
v 0.07950000 0.00087528 0.00179830
v 0.07950000 0.00078455 0.00183969
v 0.07950000 0.00069188 0.00187651
v 0.07950000 0.00059748 0.00190867
v 0.07950000 0.00050160 0.00193608
v 0.07950000 0.00040447 0.00195867
v 0.07950000 0.00030634 0.00197640
v 0.07950000 0.00020744 0.00198921
v 0.07950000 0.00010803 0.00199708
v 0.07950000 0.00000835 0.00199998
v 0.07950000 -0.00009135 0.00199791
v 0.07950000 -0.00019083 0.00199088
v 0.07950000 -0.00028983 0.00197889
v 0.07950000 -0.00038811 0.00196198
v 0.07950000 -0.00048542 0.00194020
v 0.07950000 -0.00058153 0.00191359
v 0.07950000 -0.00067619 0.00188222
v 0.07950000 -0.00076917 0.00184618
v 0.07950000 -0.00086024 0.00180554
v 0.07950000 -0.00094917 0.00176042
v 0.07950000 -0.00103574 0.00171092
v 0.07950000 -0.00111973 0.00165717
v 0.07950000 -0.00120094 0.00159929
v 0.07950000 -0.00127917 0.00153744
v 0.07950000 -0.00135421 0.00147177
v 0.07950000 -0.00142589 0.00140244
v 0.07950000 -0.00149403 0.00132962
v 0.07950000 -0.00155844 0.00125350
v 0.07950000 -0.00161899 0.00117425
v 0.07950000 -0.00167551 0.00109210
v 0.07950000 -0.00172786 0.00100722
v 0.07950000 -0.00177592 0.00091984
v 0.07950000 -0.00181956 0.00083018
v 0.07950000 -0.00185868 0.00073845
v 0.07950000 -0.00189318 0.00064488
v 0.07950000 -0.00192297 0.00054971
v 0.07950000 -0.00194798 0.00045318
v 0.07950000 -0.00196815 0.00035551
v 0.07950000 -0.00198342 0.00025697
v 0.07950000 0.00341826 0.00208910
v 0.07950000 0.00293893 0.00272244
v 0.07950000 0.00376323 0.00137358
v 0.07950000 0.00234410 0.00324874
v 0.07950000 0.00396026 0.00060399
v 0.07950000 0.00165716 0.00364733
v 0.07950000 0.00399424 -0.00041597
v 0.07950000 0.00090511 0.00390256
v 0.07950000 0.00011749 0.00400442
v 0.07950000 -0.00106743 0.00388171
v 0.07950000 -0.00231866 0.00327697
v 0.07950000 -0.00324199 0.00237628
v 0.07950000 -0.00375073 0.00140730
v 0.08130427 0.00205873 -0.00003313
v 0.08043303 -0.00012350 0.00097570
v 0.08043270 -0.00095693 0.00007573
v 0.08042994 -0.00051207 -0.00090940
v 0.08042995 0.00036266 -0.00097864
v 0.08043000 -0.00074321 -0.00038401
v 0.08043000 -0.00067355 0.00049613
v 0.08043000 0.00049613 0.00067355
v 0.08043000 -0.00038401 0.00074321
v 0.08043000 -0.00071452 -0.00039061
v 0.08043000 -0.00064418 0.00049814
v 0.08043000 0.00049814 0.00064418
v 0.08043000 -0.00039061 0.00071452
v 0.08043000 -0.00068661 -0.00040000
v 0.08043000 -0.00061515 0.00050302
v 0.08043000 0.00050302 0.00061515
v 0.08043000 -0.00040000 0.00068661
v 0.08043000 -0.00065976 -0.00041207
v 0.08043000 -0.00058673 0.00051072
v 0.08043000 -0.00055921 0.00052116
v 0.08043000 0.00051072 0.00058673
v 0.08043000 -0.00041207 0.00065976
v 0.08043000 -0.00063422 -0.00042672
v 0.08043000 0.00052116 0.00055921
v 0.08043000 -0.00042672 0.00063422
v 0.08043000 -0.00061024 -0.00044380
v 0.08043000 -0.00053284 0.00053426
v 0.08043000 0.00053426 0.00053284
v 0.08043000 -0.00044380 0.00061024
v 0.08043000 -0.00058805 -0.00046315
v 0.08043000 -0.00050788 0.00054988
v 0.08043000 0.00054988 0.00050788
v 0.08043000 -0.00046315 0.00058805
v 0.08043000 -0.00056787 -0.00048458
v 0.08043000 -0.00048458 0.00056787
v 0.08043000 0.00056787 0.00048458
v 0.08043000 0.00048458 -0.00056787
v 0.08043000 0.00046315 -0.00058805
v 0.08043000 -0.00054988 -0.00050788
v 0.08043000 0.00050788 -0.00054988
v 0.08043000 0.00058805 0.00046315
v 0.08043000 0.00053284 -0.00053426
v 0.08043000 0.00061024 0.00044380
v 0.08043000 0.00044380 -0.00061024
v 0.08043000 -0.00053426 -0.00053284
v 0.08043000 0.00042672 -0.00063422
v 0.08043000 -0.00052116 -0.00055921
v 0.08043000 0.00055921 -0.00052116
v 0.08043000 0.00063422 0.00042672
v 0.08043000 0.00058673 -0.00051072
v 0.08043000 0.00065976 0.00041207
v 0.08043000 0.00041207 -0.00065976
v 0.08043000 -0.00051072 -0.00058673
v 0.08043000 0.00061515 -0.00050302
v 0.08043000 0.00068661 0.00040000
v 0.08043000 0.00040000 -0.00068661
v 0.08043000 -0.00050302 -0.00061515
v 0.08043000 0.00039061 -0.00071452
v 0.08043000 -0.00049814 -0.00064418
v 0.08043000 0.00064418 -0.00049814
v 0.08043000 0.00071452 0.00039061
v 0.08043000 0.00038401 -0.00074321
v 0.08043000 -0.00049613 -0.00067355
v 0.08043000 0.00067355 -0.00049613
v 0.06351882 -0.00099430 0.00128024
v 0.06351882 -0.00105688 0.00122909
v 0.06416923 -0.00092604 0.00096751
v 0.06351882 -0.00117400 0.00111775
v 0.06351882 -0.00122826 0.00105784
v 0.06351882 -0.00127946 0.00099530
v 0.06351882 -0.00132748 0.00093029
v 0.06351882 -0.00137220 0.00086296
v 0.06351882 -0.00141351 0.00079349
v 0.06351882 -0.00145131 0.00072205
v 0.06330007 -0.00164290 0.00114973
v 0.06351882 -0.00148549 0.00064881
v 0.06351882 -0.00151599 0.00057396
v 0.06330000 -0.00181680 0.00084337
v 0.06345905 -0.00160994 0.00062295
v 0.06351882 -0.00154271 0.00049768
v 0.06351882 -0.00156560 0.00042016
v 0.06351882 -0.00158460 0.00034160
v 0.06351882 -0.00159966 0.00026219
v 0.06351882 -0.00161074 0.00018213
v 0.06351882 -0.00161781 0.00010161
v 0.06346057 -0.00169807 0.00029567
v 0.06330003 -0.00198800 0.00029911
v 0.06351882 -0.00162087 0.00002084
v 0.06351882 -0.00161989 -0.00005998
v 0.06351882 -0.00161489 -0.00014065
v 0.06351882 -0.00160587 -0.00022097
v 0.06351882 -0.00159286 -0.00030074
v 0.06351882 -0.00157589 -0.00037976
v 0.06330003 -0.00199706 -0.00017785
v 0.06351882 -0.00155500 -0.00045784
v 0.06351882 -0.00153024 -0.00053478
v 0.06351882 -0.00150169 -0.00061039
v 0.06351882 -0.00146939 -0.00068449
v 0.06330008 -0.00193205 -0.00053982
v 0.06351882 -0.00143345 -0.00075688
v 0.06351882 -0.00139394 -0.00082739
v 0.06351882 -0.00135096 -0.00089584
v 0.06351882 -0.00130463 -0.00096207
v 0.06330008 -0.00178844 -0.00090883
v 0.06351882 -0.00125505 -0.00102591
v 0.06351882 -0.00120236 -0.00108719
v 0.06351882 -0.00114667 -0.00114577
v 0.06330008 -0.00159460 -0.00121507
v 0.06351882 -0.00108813 -0.00120150
v 0.06351882 -0.00102689 -0.00125425
v 0.06351882 -0.00096309 -0.00130388
v 0.06330010 -0.00131123 -0.00151838
v 0.06351830 -0.00083399 -0.00139204
v 0.06351882 -0.00082848 -0.00139329
v 0.06351882 -0.00075800 -0.00143285
v 0.06351882 -0.00068564 -0.00146886
v 0.06351882 -0.00061157 -0.00150121
v 0.06347671 -0.00075051 -0.00151988
v 0.06351882 -0.00053598 -0.00152982
v 0.06330006 -0.00070044 -0.00188165
v 0.06351882 -0.00038100 -0.00157559
v 0.06351882 -0.00030199 -0.00159262
v 0.06351773 -0.00038440 -0.00157671
v 0.06351882 -0.00022223 -0.00160570
v 0.06351882 -0.00014191 -0.00161478
v 0.06351882 -0.00006125 -0.00161984
v 0.06351882 0.00001957 -0.00162088
v 0.06330007 -0.00004775 -0.00200588
v 0.06351882 0.00010034 -0.00161789
v 0.06351882 0.00018086 -0.00161088
v 0.06351882 0.00034036 -0.00158487
v 0.06351858 0.00027129 -0.00159820
v 0.06351882 0.00041893 -0.00156593
v 0.06351882 0.00049647 -0.00154310
v 0.06351882 0.00057277 -0.00151644
v 0.06351882 0.00064764 -0.00148600
v 0.06330011 0.00065086 -0.00189772
v 0.06351882 0.00072091 -0.00145187
v 0.06351882 0.00079238 -0.00141413
v 0.06351882 0.00092925 -0.00132821
v 0.06351882 0.00099430 -0.00128024
v 0.06342878 0.00088975 -0.00153986
v 0.06330003 0.00100379 -0.00174197
v 0.06612100 0.00099430 -0.00128024
v 0.06416923 0.00070820 -0.00113670
v 0.06612100 0.00079238 -0.00141413
v 0.06647596 0.00098585 -0.00151440
v 0.06612100 0.00072091 -0.00145187
v 0.06612100 0.00064764 -0.00148600
v 0.06649996 0.00069010 -0.00171551
v 0.06612100 0.00057277 -0.00151644
v 0.06612406 0.00056584 -0.00152093
v 0.06612100 0.00041893 -0.00156593
v 0.06612100 0.00034036 -0.00158487
v 0.06612100 0.00026093 -0.00159986
v 0.06612100 0.00018086 -0.00161088
v 0.06612027 0.00011228 -0.00161718
v 0.06612100 0.00001957 -0.00162088
v 0.06612100 -0.00006125 -0.00161984
v 0.06612100 -0.00014191 -0.00161478
v 0.06626374 0.00002456 -0.00170484
v 0.06612100 -0.00030199 -0.00159262
v 0.06612196 -0.00020375 -0.00160839
v 0.06649981 0.00013027 -0.00185550
v 0.06612100 -0.00038100 -0.00157559
v 0.06612100 -0.00045906 -0.00155464
v 0.06625293 -0.00046057 -0.00163528
v 0.06612100 -0.00053598 -0.00152982
v 0.06612100 -0.00061157 -0.00150121
v 0.06612100 -0.00068564 -0.00146886
v 0.06612100 -0.00075800 -0.00143285
v 0.06649998 -0.00066306 -0.00172115
v 0.06612217 -0.00080435 -0.00140779
v 0.06612100 -0.00089690 -0.00135026
v 0.06612100 -0.00096309 -0.00130388
v 0.06612100 -0.00102689 -0.00125425
v 0.06612100 -0.00108813 -0.00120150
v 0.06612100 -0.00114667 -0.00114577
v 0.06612100 -0.00120236 -0.00108719
v 0.06612100 -0.00125505 -0.00102591
v 0.06612100 -0.00130463 -0.00096207
v 0.06649990 -0.00124359 -0.00137215
v 0.06612100 -0.00135096 -0.00089584
v 0.06612100 -0.00139394 -0.00082739
v 0.06612100 -0.00143345 -0.00075688
v 0.06612100 -0.00146939 -0.00068449
v 0.06624191 -0.00154041 -0.00070099
v 0.06649957 -0.00145872 -0.00114145
v 0.06612100 -0.00150169 -0.00061039
v 0.06612100 -0.00153024 -0.00053478
v 0.06612100 -0.00155500 -0.00045784
v 0.06612100 -0.00157589 -0.00037976
v 0.06612100 -0.00159286 -0.00030074
v 0.06612100 -0.00160587 -0.00022097
v 0.06612100 -0.00161489 -0.00014065
v 0.06612100 -0.00161989 -0.00005998
v 0.06625181 -0.00168547 -0.00020803
v 0.06649991 -0.00180309 -0.00041415
v 0.06612100 -0.00162087 0.00002084
v 0.06612100 -0.00161781 0.00010161
v 0.06612100 -0.00161074 0.00018213
v 0.06612100 -0.00159966 0.00026219
v 0.06649996 -0.00183635 0.00014534
v 0.06612100 -0.00158460 0.00034160
v 0.06612100 -0.00156560 0.00042016
v 0.06612100 -0.00154271 0.00049768
v 0.06612100 -0.00151599 0.00057396
v 0.06627829 -0.00164625 0.00047426
v 0.06612100 -0.00148549 0.00064881
v 0.06612100 -0.00145131 0.00072205
v 0.06625741 -0.00151886 0.00076693
v 0.06612100 -0.00141351 0.00079349
v 0.06612100 -0.00137220 0.00086296
v 0.06649995 -0.00173119 0.00066611
v 0.06612100 -0.00132748 0.00093029
v 0.06612100 -0.00127946 0.00099530
v 0.06612100 -0.00122826 0.00105784
v 0.06612100 -0.00117400 0.00111775
v 0.06649996 -0.00144270 0.00114546
v 0.06612100 -0.00105688 0.00122909
v 0.06612100 -0.00099430 0.00128024
v 0.06649993 -0.00122644 0.00137276
v 0.06372693 -0.00234767 0.00317825
v 0.06330000 -0.00148744 0.00275925
v 0.06339893 -0.00007621 0.00346461
v 0.06359381 0.00059089 0.00361416
v 0.06329992 0.00026949 0.00313382
v 0.06382911 0.00152476 0.00374278
v 0.06366298 0.00190503 0.00325304
v 0.06329977 0.00157809 0.00273530
v 0.06350347 0.00282924 0.00206302
v 0.06330004 0.00238190 0.00202915
v 0.06362742 0.00349662 0.00120379
v 0.06329987 0.00297605 0.00106071
v 0.06382561 0.00400367 0.00055077
v 0.06364124 0.00372150 -0.00014166
v 0.06352757 0.00339890 -0.00093361
v 0.06329974 0.00311148 -0.00060696
v 0.06353481 0.00304502 -0.00180227
v 0.06329993 0.00253967 -0.00187163
v 0.06370679 0.00255322 -0.00294236
v 0.06644768 0.00246557 -0.00231277
v 0.06624223 0.00294397 -0.00205029
v 0.06666388 0.00175033 -0.00127627
v 0.06663000 0.00239589 -0.00135820
v 0.06628004 0.00332811 -0.00110743
v 0.06601740 0.00398917 0.00050962
v 0.06649997 0.00309152 -0.00048833
v 0.06650002 0.00311111 0.00036333
v 0.06649998 0.00296975 0.00098205
v 0.06621842 0.00340391 0.00132281
v 0.06650002 0.00273519 0.00153372
v 0.06643161 0.00289517 0.00182041
v 0.06616538 0.00201266 0.00311456
v 0.06620360 0.00212838 0.00296533
v 0.06611144 0.00099226 0.00366947
v 0.06650002 0.00108457 0.00294609
v 0.06597699 0.00152407 0.00374289
v 0.06626321 0.00009717 0.00354625
v 0.06627571 -0.00080831 0.00342174
v 0.06623524 -0.00123987 0.00336235
v 0.06650045 -0.00061470 0.00311482
v 0.06617069 -0.00165613 0.00330509
v 0.06663910 -0.00113937 0.00183648
v 0.06614777 -0.00243277 0.00305011
v 0.06459516 0.00049452 -0.00403947
v 0.06627984 0.00074277 -0.00343076
v 0.06618969 0.00159467 -0.00331349
v 0.06349892 -0.00302665 -0.00180827
v 0.06362855 -0.00202655 -0.00309664
v 0.06620549 -0.00211758 -0.00297944
v 0.06354741 -0.00295765 0.00201666
v 0.06624558 -0.00294773 0.00204108
v 0.06356246 -0.00358079 0.00048649
v 0.06628062 -0.00333043 0.00110179
v 0.06650001 -0.00312202 0.00026790
v 0.06649999 -0.00252464 0.00184666
v 0.06650003 -0.00290625 -0.00117740
v 0.06650000 -0.00105468 0.00150750
v 0.06650003 -0.00231664 -0.00212134
v 0.06650000 -0.00082045 0.00164864
v 0.06649998 -0.00047583 0.00178626
v 0.06649997 -0.00001427 0.00184221
v 0.06650000 -0.00018011 -0.00312474
v 0.06649999 0.00035250 0.00180870
v 0.06649998 0.00077491 0.00167854
v 0.06650000 0.00088466 -0.00299826
v 0.06650000 0.00115943 0.00143362
v 0.06649981 0.00170112 0.00078221
v 0.06650000 0.00173633 -0.00061025
v 0.06650000 0.00184382 -0.00002501
v 0.06649991 0.00183071 -0.00022691
v 0.06330000 -0.00311885 0.00019589
v 0.06330000 -0.00309602 0.00043292
v 0.06329990 -0.00285826 0.00132693
v 0.06330000 -0.00286573 -0.00124784
v 0.06330000 -0.00272704 -0.00152728
v 0.06330000 -0.00232355 0.00210518
v 0.06330000 -0.00243584 -0.00196215
v 0.06330005 -0.00134386 0.00149023
v 0.06329999 -0.00171900 -0.00261959
v 0.06330000 -0.00047758 0.00194534
v 0.06330001 -0.00010169 0.00199875
v 0.06330000 -0.00041712 -0.00309993
v 0.06330004 0.00026824 0.00198913
v 0.06319176 0.00006748 -0.00256367
v 0.06330000 0.00056783 0.00191918
v 0.06330001 0.00088132 0.00179888
v 0.06330000 0.00095710 -0.00297483
v 0.06330000 0.00124871 -0.00286708
v 0.06330002 0.00137116 0.00146181
v 0.06330002 0.00161821 0.00118019
v 0.06330004 0.00138133 -0.00144672
v 0.06330015 0.00185509 0.00076379
v 0.06330002 0.00152073 -0.00129919
v 0.06330001 0.00191008 0.00061620
v 0.06330001 0.00177682 -0.00093350
v 0.06330005 0.00192879 -0.00053599
v 0.06330000 0.00199897 0.00012611
v 0.06330000 0.00198432 -0.00026570
v 0.06612100 0.00105688 -0.00122909
v 0.06351882 0.00105688 -0.00122909
v 0.06416923 0.00092604 -0.00096751
v 0.06351882 0.00117400 -0.00111775
v 0.06416919 0.00102078 -0.00086703
v 0.06351882 0.00127946 -0.00099530
v 0.06416912 0.00110469 -0.00075733
v 0.06612100 0.00137220 -0.00086296
v 0.06351882 0.00137220 -0.00086296
v 0.06612100 0.00141351 -0.00079349
v 0.06351882 0.00141351 -0.00079349
v 0.06612100 0.00145131 -0.00072205
v 0.06351882 0.00145131 -0.00072205
v 0.06612100 0.00148549 -0.00064881
v 0.06351882 0.00148549 -0.00064881
v 0.06612100 0.00151599 -0.00057396
v 0.06351882 0.00151599 -0.00057396
v 0.06612100 0.00154271 -0.00049768
v 0.06351882 0.00154271 -0.00049768
v 0.06612100 0.00156560 -0.00042016
v 0.06351882 0.00156560 -0.00042016
v 0.06612100 0.00158460 -0.00034160
v 0.06351882 0.00158460 -0.00034160
v 0.06612100 0.00159966 -0.00026219
v 0.06351882 0.00159966 -0.00026219
v 0.06612100 0.00161074 -0.00018213
v 0.06351882 0.00161074 -0.00018213
v 0.06612100 0.00161781 -0.00010161
v 0.06351882 0.00161781 -0.00010161
v 0.06612100 0.00162087 -0.00002084
v 0.06351882 0.00162087 -0.00002084
v 0.06612100 0.00161989 0.00005998
v 0.06351882 0.00161989 0.00005998
v 0.06612100 0.00161489 0.00014065
v 0.06351882 0.00161489 0.00014065
v 0.06612100 0.00160587 0.00022097
v 0.06351882 0.00160587 0.00022097
v 0.06612100 0.00159286 0.00030074
v 0.06351882 0.00159286 0.00030074
v 0.06612100 0.00157589 0.00037976
v 0.06351882 0.00157589 0.00037976
v 0.06612100 0.00155500 0.00045784
v 0.06351882 0.00155500 0.00045784
v 0.06612100 0.00153024 0.00053478
v 0.06351882 0.00153024 0.00053478
v 0.06612100 0.00150169 0.00061039
v 0.06351882 0.00150169 0.00061039
v 0.06612100 0.00146939 0.00068449
v 0.06351882 0.00146939 0.00068449
v 0.06612100 0.00143345 0.00075688
v 0.06351882 0.00143345 0.00075688
v 0.06612100 0.00139394 0.00082739
v 0.06351882 0.00139394 0.00082739
v 0.06612100 0.00135096 0.00089584
v 0.06351882 0.00135096 0.00089584
v 0.06612100 0.00130463 0.00096207
v 0.06351822 0.00134936 0.00090140
v 0.06351882 0.00125505 0.00102591
v 0.06612086 0.00127546 0.00100098
v 0.06612100 0.00120236 0.00108719
v 0.06351882 0.00120236 0.00108719
v 0.06612100 0.00114667 0.00114577
v 0.06351882 0.00114667 0.00114577
v 0.06612100 0.00108813 0.00120150
v 0.06351845 0.00106601 0.00122158
v 0.06351882 0.00102689 0.00125425
v 0.06612100 0.00102689 0.00125425
v 0.06612100 0.00096309 0.00130388
v 0.06351882 0.00096309 0.00130388
v 0.06612119 0.00086698 0.00137022
v 0.06351882 0.00082848 0.00139329
v 0.06612100 0.00075800 0.00143285
v 0.06351882 0.00075800 0.00143285
v 0.06612100 0.00068564 0.00146886
v 0.06351882 0.00068564 0.00146886
v 0.06351882 0.00061157 0.00150121
v 0.06612305 0.00053778 0.00153127
v 0.06612100 0.00053598 0.00152982
v 0.06351852 0.00051604 0.00153684
v 0.06351882 0.00045906 0.00155464
v 0.06612293 0.00038404 0.00157679
v 0.06612100 0.00038100 0.00157559
v 0.06351882 0.00038100 0.00157559
v 0.06351882 0.00030199 0.00159262
v 0.06612284 0.00022503 0.00160722
v 0.06612100 0.00022223 0.00160570
v 0.06351882 0.00022223 0.00160570
v 0.06612100 0.00014191 0.00161478
v 0.06351882 0.00006125 0.00161984
v 0.06612100 0.00006125 0.00161984
v 0.06612100 -0.00001957 0.00162088
v 0.06351882 -0.00001957 0.00162088
v 0.06351882 -0.00010034 0.00161789
v 0.06612027 -0.00011228 0.00161718
v 0.06612100 -0.00018086 0.00161088
v 0.06351882 -0.00026093 0.00159986
v 0.06612100 -0.00026093 0.00159986
v 0.06351882 -0.00034036 0.00158487
v 0.06612100 -0.00034036 0.00158487
v 0.06351882 -0.00041893 0.00156593
v 0.06612100 -0.00041893 0.00156593
v 0.06351882 -0.00049647 0.00154310
v 0.06612100 -0.00049647 0.00154310
v 0.06416912 -0.00046033 0.00125777
v 0.06612035 -0.00059698 0.00150760
v 0.06351882 -0.00064764 0.00148600
v 0.06416919 -0.00058739 0.00120362
v 0.06351882 -0.00079238 0.00141413
v 0.06612206 -0.00074295 0.00144239
v 0.06416923 -0.00070820 0.00113670
v 0.06612103 -0.00088320 0.00136052
v 0.06351882 -0.00092925 0.00132821
v 0.06649998 -0.00214433 0.00227566
v 0.06614726 -0.00256976 0.00271178
v 0.06649994 -0.00294992 0.00106548
v 0.06650000 -0.00311527 -0.00026297
v 0.06616285 -0.00371896 0.00014806
v 0.06649990 -0.00304852 -0.00070610
v 0.06551475 -0.00445067 -0.00037957
v 0.06634760 -0.00277574 -0.00195016
v 0.06629222 -0.00279035 -0.00211323
v 0.06635260 -0.00210007 -0.00265381
v 0.06650000 -0.00164918 -0.00265834
v 0.06649999 -0.00135823 -0.00281770
v 0.06621037 -0.00097390 -0.00349671
v 0.06650003 -0.00071489 -0.00305419
v 0.06632363 -0.00009221 -0.00342924
v 0.06649997 0.00039065 -0.00310579
v 0.06649996 0.00114772 -0.00290784
v 0.06649998 0.00142406 -0.00278293
v 0.06649986 0.00162812 -0.00266932
v 0.06330002 0.00167409 -0.00264087
v 0.06367050 0.00186980 -0.00327568
v 0.06330011 0.00083634 -0.00301062
v 0.06330015 0.00040776 -0.00310199
v 0.06330008 -0.00007200 -0.00312493
v 0.06329997 -0.00100021 -0.00297310
v 0.06360729 -0.00065964 -0.00362364
v 0.06344239 -0.00180567 -0.00285259
v 0.06476788 -0.00211076 -0.00413859
v 0.06330002 -0.00208656 -0.00232723
v 0.06330017 -0.00263677 -0.00167605
v 0.06330003 -0.00292492 -0.00110249
v 0.06330002 -0.00301781 -0.00081610
v 0.06330005 -0.00308434 -0.00051023
v 0.06329998 -0.00312771 -0.00007632
v 0.06347637 -0.00313292 0.00139751
v 0.06349758 -0.00250344 0.00240481
v 0.06372909 -0.00262024 0.00284503
v 0.06626061 -0.00084260 0.00148002
v 0.06625741 -0.00036712 0.00166143
v 0.06625068 0.00077080 0.00151252
v 0.06614966 0.00109591 0.00122219
v 0.06623292 0.00139392 0.00094923
v 0.06615407 0.00152539 0.00061348
v 0.06621405 0.00163938 0.00034745
v 0.06625533 0.00169919 0.00005709
v 0.06623749 0.00163052 -0.00044535
v 0.06637367 0.00167640 -0.00055816
v 0.06649993 0.00164354 -0.00083073
v 0.06612400 0.00131659 -0.00094854
v 0.06638198 0.00128282 -0.00120083
v 0.06340356 0.00148572 -0.00105176
v 0.06345845 0.00154189 -0.00077858
v 0.06345968 0.00172127 -0.00011185
v 0.06346340 0.00170576 0.00021049
v 0.06337294 0.00180696 0.00049550
v 0.06343353 0.00093204 0.00146582
v 0.06347671 0.00075051 0.00151988
v 0.06345028 0.00028979 0.00171688
v 0.06351866 0.00007690 0.00162049
v 0.06351792 -0.00025063 0.00160307
v 0.06340355 -0.00048161 0.00175547
v 0.06340356 -0.00065130 0.00169982
v 0.06330001 -0.00086503 0.00180468
v 0.06340417 -0.00096487 0.00154218
f 2 1 5
f 1 3 5
f 2 5 4
f 917 4 6
f 7 917 6
f 5 3 11
f 7 10 12
f 6 14 7
f 11 17 5
f 7 12 8
f 15 13 16
f 15 16 19
f 7 14 10
f 15 19 424
f 13 9 16
f 8 12 9
f 5 17 18
f 4 5 18
f 11 3 17
f 6 4 18
f 9 12 16
f 10 26 12
f 6 18 14
f 17 21 18
f 19 16 23
f 10 14 22
f 10 22 26
f 424 19 20
f 16 29 23
f 14 18 24
f 14 24 22
f 16 12 25
f 16 25 29
f 19 23 33
f 19 33 20
f 23 29 33
f 12 26 31
f 24 28 22
f 20 33 472
f 12 31 25
f 21 30 32
f 18 21 24
f 21 32 24
f 26 34 31
f 29 25 27
f 472 33 37
f 29 27 33
f 22 28 34
f 26 22 34
f 31 34 35
f 33 27 36
f 37 33 36
f 24 32 38
f 24 38 28
f 25 40 27
f 31 35 40
f 25 31 40
f 28 41 34
f 472 37 42
f 37 36 39
f 27 40 36
f 37 39 42
f 472 42 470
f 28 38 43
f 40 44 36
f 28 43 41
f 40 35 48
f 34 41 35
f 36 44 39
f 42 39 45
f 40 48 46
f 40 46 44
f 39 44 50
f 35 41 60
f 41 47 60
f 48 35 60
f 470 42 469
f 41 43 49
f 41 49 47
f 42 45 52
f 38 51 43
f 42 52 53
f 469 42 53
f 48 60 46
f 44 46 50
f 39 50 54
f 39 54 45
f 49 43 55
f 47 49 55
f 47 55 60
f 43 51 64
f 50 56 58
f 45 54 57
f 43 64 55
f 46 60 59
f 50 58 54
f 50 46 56
f 46 59 56
f 52 45 61
f 55 64 62
f 45 63 61
f 59 60 66
f 52 61 70
f 45 57 63
f 54 58 71
f 55 62 65
f 56 59 66
f 57 54 71
f 55 65 66
f 60 55 66
f 62 64 69
f 66 72 56
f 61 63 68
f 57 71 67
f 58 56 73
f 61 68 81
f 58 73 71
f 57 67 68
f 61 81 70
f 63 57 68
f 67 71 77
f 66 65 72
f 62 69 74
f 65 62 74
f 65 74 78
f 56 72 76
f 56 76 82
f 65 78 72
f 71 73 82
f 73 56 82
f 77 71 82
f 68 75 84
f 69 88 79
f 78 74 72
f 68 84 81
f 67 77 68
f 77 75 68
f 69 79 74
f 72 74 83
f 81 84 80
f 72 83 86
f 72 86 76
f 81 80 92
f 82 85 77
f 74 79 83
f 76 87 82
f 84 75 89
f 75 77 97
f 75 97 89
f 82 87 85
f 76 86 91
f 79 93 83
f 86 83 91
f 85 87 94
f 84 89 97
f 77 85 96
f 85 94 96
f 76 91 87
f 77 96 97
f 79 88 93
f 88 90 93
f 84 97 80
f 83 93 91
f 80 99 95
f 92 80 95
f 94 87 100
f 87 91 98
f 93 111 91
f 87 98 100
f 97 96 102
f 90 101 93
f 94 100 103
f 80 97 104
f 99 80 104
f 96 94 102
f 93 101 105
f 91 107 98
f 97 102 106
f 93 105 111
f 97 106 104
f 94 103 102
f 98 108 100
f 95 99 121
f 104 106 112
f 98 107 108
f 91 111 107
f 99 104 121
f 105 109 111
f 121 110 120
f 102 113 106
f 107 111 115
f 104 112 114
f 107 115 108
f 121 104 110
f 104 114 110
f 100 108 103
f 111 109 115
f 108 116 117
f 108 117 102
f 103 108 102
f 109 118 119
f 115 123 108
f 102 117 113
f 106 113 122
f 112 125 114
f 108 123 116
f 113 117 122
f 120 124 459
f 121 120 459
f 106 122 134
f 115 127 123
f 106 134 112
f 110 128 120
f 119 118 115
f 109 119 115
f 123 126 129
f 116 123 129
f 114 125 128
f 112 134 125
f 110 114 128
f 116 129 117
f 115 118 127
f 120 128 124
f 117 129 122
f 125 130 128
f 123 127 131
f 126 123 131
f 128 132 124
f 122 129 134
f 128 130 133
f 125 134 130
f 126 131 142
f 127 136 131
f 128 133 135
f 126 142 137
f 127 118 136
f 126 137 141
f 124 132 138
f 134 129 140
f 130 134 140
f 128 135 132
f 133 130 140
f 129 126 141
f 129 141 143
f 133 140 135
f 129 143 140
f 131 136 144
f 131 144 142
f 135 148 132
f 140 143 145
f 142 144 147
f 141 151 145
f 138 146 139
f 142 147 137
f 138 132 148
f 141 145 143
f 138 148 146
f 141 137 151
f 140 145 150
f 137 147 151
f 135 140 150
f 148 149 146
f 135 150 148
f 146 152 457
f 139 146 457
f 147 144 151
f 148 150 154
f 145 153 155
f 145 155 150
f 149 157 146
f 155 153 150
f 145 151 153
f 144 156 151
f 148 154 149
f 457 152 456
f 151 161 153
f 153 158 150
f 151 156 161
f 149 154 157
f 150 160 154
f 152 146 162
f 146 157 162
f 150 158 160
f 154 159 157
f 456 152 172
f 153 161 168
f 158 153 168
f 161 156 171
f 157 159 162
f 152 162 164
f 154 160 165
f 160 163 165
f 152 164 172
f 154 165 159
f 160 158 163
f 162 174 164
f 156 167 171
f 162 159 169
f 159 165 166
f 158 168 163
f 174 162 169
f 159 166 169
f 168 170 163
f 172 164 182
f 164 174 182
f 161 171 168
f 168 184 170
f 169 166 175
f 166 173 175
f 163 170 178
f 168 171 184
f 171 167 184
f 163 178 165
f 165 177 166
f 167 186 184
f 175 180 169
f 169 176 174
f 166 177 179
f 166 179 173
f 169 180 176
f 165 178 177
f 173 183 175
f 174 176 182
f 178 170 185
f 170 184 185
f 173 179 183
f 184 186 188
f 182 181 187
f 176 189 182
f 180 175 183
f 186 202 732
f 180 183 176
f 178 185 177
f 186 732 188
f 184 188 191
f 182 189 181
f 184 191 185
f 176 183 190
f 177 185 191
f 183 179 193
f 177 191 179
f 187 181 198
f 189 176 192
f 181 189 195
f 193 179 194
f 198 181 196
f 181 195 196
f 193 194 183
f 183 194 190
f 190 194 197
f 176 190 197
f 192 176 197
f 195 189 199
f 189 192 199
f 195 199 196
f 196 200 198
f 718 203 204
f 718 206 205
f 718 204 211
f 206 718 208
f 206 208 205
f 205 208 217
f 205 217 210
f 205 210 207
f 209 207 215
f 718 211 208
f 728 216 212
f 211 204 217
f 207 214 215
f 207 210 218
f 215 216 728
f 214 207 218
f 204 219 217
f 214 218 215
f 208 211 217
f 212 216 220
f 210 217 218
f 212 220 213
f 215 221 216
f 217 219 224
f 1 213 222
f 215 218 221
f 217 224 223
f 213 220 222
f 217 223 227
f 3 1 222
f 217 227 218
f 220 225 222
f 224 219 226
f 216 221 220
f 3 222 231
f 221 228 229
f 224 226 230
f 221 229 225
f 221 225 220
f 218 227 234
f 223 224 232
f 221 218 234
f 223 232 227
f 222 225 233
f 222 233 231
f 221 234 228
f 224 230 232
f 3 231 236
f 227 232 237
f 229 244 225
f 227 237 235
f 234 227 235
f 3 236 241
f 17 3 241
f 234 235 239
f 229 228 244
f 230 226 232
f 226 240 232
f 233 243 231
f 21 17 241
f 228 238 244
f 233 225 243
f 225 242 243
f 228 234 238
f 232 240 245
f 225 244 242
f 236 231 243
f 241 236 243
f 21 241 243
f 234 239 238
f 232 245 247
f 242 244 246
f 244 238 248
f 232 247 237
f 243 242 249
f 239 235 250
f 21 243 251
f 30 21 251
f 244 248 246
f 238 239 250
f 238 250 252
f 235 237 253
f 238 252 248
f 235 253 250
f 243 249 255
f 242 246 254
f 237 247 253
f 251 243 255
f 30 251 255
f 249 242 256
f 242 254 256
f 247 245 257
f 248 261 246
f 248 252 261
f 254 246 256
f 246 262 256
f 249 259 255
f 247 257 253
f 252 250 258
f 246 261 262
f 249 256 259
f 250 253 260
f 256 262 265
f 250 260 258
f 30 255 32
f 256 265 259
f 253 257 260
f 255 259 263
f 32 255 263
f 262 261 266
f 257 264 270
f 257 270 260
f 252 258 267
f 259 265 263
f 262 266 269
f 261 252 267
f 261 267 268
f 265 262 269
f 32 263 38
f 258 260 270
f 258 270 271
f 261 268 272
f 265 269 273
f 38 263 274
f 261 272 266
f 265 273 274
f 263 265 274
f 258 271 277
f 268 267 272
f 270 264 275
f 267 258 277
f 51 38 276
f 38 274 276
f 271 270 275
f 266 278 269
f 271 275 277
f 272 267 279
f 266 272 279
f 51 276 64
f 267 277 281
f 269 278 280
f 269 280 273
f 277 275 282
f 267 281 278
f 279 267 278
f 266 279 278
f 275 264 285
f 274 273 283
f 264 289 284
f 274 283 287
f 276 274 287
f 285 264 284
f 277 282 288
f 64 276 287
f 69 64 287
f 273 286 283
f 277 288 281
f 275 285 282
f 273 280 286
f 278 281 292
f 278 292 280
f 287 283 290
f 288 282 298
f 69 287 290
f 288 298 281
f 282 285 304
f 286 280 293
f 285 284 289
f 88 69 290
f 281 291 292
f 282 304 298
f 290 283 294
f 88 290 294
f 280 292 293
f 281 298 291
f 283 286 295
f 88 294 300
f 285 289 301
f 286 293 295
f 285 301 304
f 283 295 294
f 289 297 301
f 293 296 299
f 292 305 303
f 299 295 293
f 298 302 305
f 292 303 296
f 293 292 296
f 298 305 291
f 292 291 305
f 298 304 302
f 294 307 306
f 300 294 306
f 88 300 306
f 90 88 306
f 294 295 307
f 301 297 312
f 299 296 295
f 295 296 309
f 303 305 311
f 302 304 314
f 306 307 310
f 296 303 311
f 295 309 307
f 305 302 314
f 296 311 308
f 296 308 309
f 307 313 310
f 306 310 101
f 301 312 314
f 305 314 311
f 90 306 101
f 304 301 314
f 309 308 317
f 315 318 312
f 307 309 317
f 314 312 318
f 307 317 313
f 311 314 319
f 311 319 316
f 314 318 321
f 314 321 319
f 313 322 310
f 311 316 323
f 101 310 320
f 311 323 308
f 101 320 105
f 310 325 320
f 313 317 322
f 109 105 320
f 319 321 328
f 316 324 323
f 319 328 316
f 317 330 322
f 308 323 326
f 324 316 327
f 308 326 317
f 324 327 323
f 310 322 325
f 321 318 329
f 320 325 331
f 326 332 317
f 109 320 331
f 323 327 334
f 317 332 336
f 330 317 336
f 322 333 325
f 323 334 326
f 322 330 333
f 109 331 335
f 118 109 335
f 328 321 338
f 325 333 337
f 316 328 327
f 328 338 327
f 331 325 337
f 321 329 339
f 321 339 338
f 332 326 336
f 118 335 331
f 330 336 333
f 337 344 331
f 336 326 345
f 118 331 341
f 336 345 333
f 333 340 337
f 334 343 326
f 326 343 345
f 333 342 340
f 334 327 343
f 341 331 344
f 333 345 342
f 338 346 327
f 343 327 352
f 337 340 348
f 345 347 342
f 337 348 344
f 327 346 350
f 345 343 347
f 338 339 346
f 339 349 346
f 327 350 352
f 136 118 351
f 118 341 351
f 341 344 351
f 342 347 353
f 340 342 353
f 343 352 347
f 144 136 351
f 344 348 354
f 340 353 356
f 346 355 350
f 346 349 358
f 351 344 357
f 352 350 355
f 351 357 360
f 144 351 360
f 346 358 355
f 344 354 359
f 340 356 348
f 347 352 362
f 344 359 357
f 348 356 361
f 353 347 362
f 352 355 362
f 144 360 357
f 353 362 356
f 348 361 359
f 354 348 359
f 358 363 355
f 356 362 364
f 358 349 363
f 362 355 365
f 156 144 366
f 144 357 366
f 356 364 367
f 362 365 364
f 359 361 357
f 349 368 373
f 355 363 365
f 349 373 363
f 356 369 361
f 356 367 369
f 361 369 374
f 361 374 372
f 365 370 371
f 365 371 364
f 365 363 370
f 357 361 372
f 357 372 366
f 364 376 367
f 364 371 376
f 369 378 374
f 156 366 379
f 363 377 370
f 369 367 378
f 366 372 379
f 363 373 377
f 372 374 380
f 367 376 378
f 167 156 379
f 377 386 370
f 372 380 379
f 370 375 382
f 376 383 378
f 371 370 382
f 167 379 381
f 371 382 376
f 378 383 374
f 370 386 375
f 380 394 379
f 381 379 384
f 386 377 385
f 167 381 384
f 374 383 387
f 379 394 388
f 376 382 383
f 374 387 380
f 379 388 384
f 386 385 389
f 385 201 389
f 386 389 375
f 382 390 391
f 383 382 391
f 380 387 392
f 382 375 389
f 384 388 395
f 382 389 390
f 384 395 167
f 380 392 394
f 391 393 383
f 387 383 392
f 383 393 392
f 186 167 398
f 394 392 396
f 167 395 398
f 394 396 397
f 388 394 397
f 388 397 395
f 395 399 398
f 202 186 399
f 186 398 399
f 401 402 403
f 403 402 404
f 404 402 405
f 405 402 406
f 407 408 409
f 415 414 508
f 417 416 203
f 592 591 623
f 570 419 584
f 418 419 570
f 420 536 421
f 201 423 526
f 424 425 15
f 427 426 425
f 431 432 430
f 433 434 432
f 435 434 433
f 438 439 437
f 441 442 440
f 444 445 443
f 448 200 447
f 448 198 200
f 449 198 448
f 450 198 449
f 451 187 198
f 451 198 450
f 451 182 187
f 452 182 451
f 453 182 452
f 453 172 182
f 454 172 453
f 455 172 454
f 455 456 172
f 458 139 457
f 458 138 139
f 458 124 138
f 459 124 458
f 460 121 459
f 461 121 460
f 462 121 461
f 462 95 121
f 463 92 95
f 463 95 462
f 464 92 463
f 465 92 464
f 465 81 92
f 70 81 465
f 466 52 70
f 467 52 466
f 468 52 467
f 53 52 468
f 471 472 470
f 473 20 472
f 474 20 473
f 474 424 20
f 201 475 423
f 385 475 201
f 377 475 385
f 377 476 475
f 373 476 377
f 373 477 476
f 373 478 477
f 368 478 373
f 349 480 479
f 349 479 368
f 349 481 480
f 349 482 481
f 349 483 482
f 349 484 483
f 339 485 484
f 339 484 349
f 339 486 485
f 339 487 486
f 329 487 339
f 318 487 329
f 318 488 487
f 318 489 488
f 318 490 489
f 318 491 490
f 318 492 491
f 315 492 318
f 312 493 315
f 312 494 493
f 297 494 312
f 289 495 297
f 289 496 495
f 264 496 289
f 264 497 496
f 264 498 497
f 264 499 498
f 257 499 264
f 257 500 499
f 245 500 257
f 240 500 245
f 226 501 240
f 226 502 501
f 219 503 502
f 219 502 226
f 204 504 503
f 204 503 219
f 204 505 504
f 204 506 505
f 204 507 506
f 203 507 204
f 203 416 507
f 508 414 509
f 509 414 510
f 414 511 512
f 510 414 512
f 512 511 513
f 513 514 515
f 515 514 516
f 518 519 520
f 520 519 521
f 524 523 525
f 525 523 400
f 412 500 240
f 411 500 412
f 411 499 500
f 413 412 240
f 413 240 501
f 410 499 411
f 410 498 499
f 415 501 502
f 415 413 501
f 409 497 498
f 409 498 410
f 415 502 503
f 409 496 497
f 414 503 504
f 414 415 503
f 414 504 505
f 408 496 409
f 414 506 507
f 414 505 506
f 408 495 496
f 414 507 416
f 407 297 495
f 407 495 408
f 414 416 417
f 406 494 297
f 406 297 407
f 402 494 406
f 402 493 494
f 402 315 493
f 414 694 692
f 414 417 694
f 402 492 315
f 402 491 492
f 402 490 491
f 402 489 490
f 511 414 692
f 402 488 489
f 511 692 682
f 402 487 488
f 402 486 487
f 658 511 682
f 513 511 658
f 485 486 402
f 484 485 402
f 483 484 402
f 483 402 401
f 653 513 658
f 653 514 513
f 482 483 401
f 481 482 401
f 645 514 653
f 480 481 401
f 479 480 401
f 630 514 645
f 368 401 400
f 368 479 401
f 478 368 400
f 477 478 400
f 630 516 514
f 476 477 400
f 623 516 630
f 475 476 400
f 623 517 516
f 423 475 400
f 591 517 623
f 526 423 400
f 526 400 523
f 591 518 517
f 422 526 523
f 591 519 518
f 536 422 523
f 584 519 591
f 536 523 524
f 421 536 524
f 421 524 522
f 419 521 519
f 419 519 584
f 420 421 522
f 419 522 521
f 418 420 522
f 418 522 419
f 468 467 412
f 467 466 412
f 469 53 412
f 53 468 412
f 466 70 412
f 412 70 411
f 469 412 413
f 470 469 413
f 70 465 411
f 411 465 410
f 470 413 415
f 471 470 415
f 472 471 415
f 410 465 409
f 473 472 415
f 465 464 409
f 474 473 415
f 464 463 409
f 463 462 409
f 474 415 508
f 409 462 407
f 424 474 508
f 462 461 407
f 461 460 407
f 460 459 407
f 424 508 509
f 425 424 509
f 407 459 406
f 459 458 406
f 425 509 510
f 427 425 510
f 406 458 405
f 458 457 405
f 427 510 512
f 405 457 404
f 428 427 512
f 404 457 456
f 428 512 513
f 404 456 403
f 428 513 429
f 403 456 455
f 403 455 454
f 429 513 430
f 513 515 430
f 403 454 453
f 401 403 453
f 430 515 431
f 401 453 452
f 431 515 432
f 401 452 451
f 432 515 433
f 515 516 433
f 401 451 450
f 401 450 449
f 401 449 448
f 400 401 448
f 516 517 433
f 433 517 435
f 525 400 447
f 400 448 447
f 517 518 436
f 435 517 436
f 436 518 437
f 518 520 437
f 525 447 446
f 524 525 444
f 525 446 444
f 437 520 438
f 520 521 438
f 524 444 443
f 522 524 443
f 438 521 440
f 440 521 441
f 522 443 442
f 521 522 441
f 522 442 441
f 905 213 1
f 201 526 527
f 201 527 528
f 389 201 528
f 390 389 528
f 390 528 529
f 391 390 529
f 391 529 393
f 526 422 527
f 528 538 529
f 528 527 531
f 392 393 535
f 395 397 532
f 392 535 396
f 399 395 532
f 393 529 541
f 529 530 541
f 399 532 533
f 393 541 535
f 202 399 533
f 396 535 534
f 531 527 536
f 397 396 544
f 397 544 532
f 528 531 537
f 527 422 536
f 396 534 544
f 528 537 538
f 529 538 530
f 536 539 531
f 532 540 533
f 534 535 541
f 538 543 530
f 531 539 537
f 532 544 540
f 536 420 546
f 544 534 542
f 533 540 547
f 541 530 545
f 538 537 543
f 534 541 545
f 534 545 542
f 536 546 539
f 731 533 547
f 542 548 544
f 530 543 549
f 540 544 551
f 731 547 550
f 540 551 547
f 530 556 552
f 530 552 545
f 548 553 544
f 542 545 552
f 530 549 556
f 731 550 555
f 537 539 549
f 539 546 549
f 542 552 548
f 547 551 554
f 543 537 549
f 547 554 550
f 544 553 557
f 553 548 557
f 544 557 551
f 549 560 556
f 549 563 560
f 555 550 561
f 552 558 548
f 550 554 564
f 550 564 561
f 554 551 564
f 556 562 552
f 548 558 557
f 560 563 586
f 546 420 418
f 549 546 418
f 551 557 566
f 564 565 561
f 552 559 558
f 549 418 563
f 556 560 562
f 551 566 564
f 552 562 559
f 557 567 566
f 559 562 568
f 557 558 567
f 560 586 562
f 559 572 558
f 561 565 571
f 563 418 570
f 563 570 586
f 569 561 571
f 559 568 572
f 562 586 573
f 566 567 574
f 558 572 575
f 566 574 564
f 567 558 575
f 565 564 576
f 565 576 571
f 562 573 568
f 586 570 577
f 564 574 576
f 573 578 568
f 571 576 582
f 572 583 575
f 570 584 577
f 571 582 580
f 567 575 574
f 578 573 586
f 576 585 588
f 576 588 582
f 574 579 585
f 568 578 587
f 580 582 581
f 575 583 574
f 577 584 599
f 586 577 599
f 576 574 585
f 568 587 572
f 574 583 579
f 586 599 578
f 572 587 590
f 579 583 589
f 572 590 583
f 579 589 585
f 599 584 591
f 599 591 592
f 597 581 593
f 588 596 582
f 583 590 594
f 578 599 587
f 583 594 589
f 581 582 595
f 588 585 596
f 581 595 593
f 582 596 600
f 585 589 598
f 582 600 595
f 585 598 596
f 587 599 590
f 597 593 601
f 589 602 598
f 589 594 603
f 590 599 604
f 595 609 601
f 593 595 601
f 599 592 606
f 594 590 605
f 599 606 604
f 594 605 603
f 589 603 607
f 595 600 609
f 596 598 608
f 590 604 605
f 602 589 607
f 600 596 608
f 602 607 598
f 600 608 609
f 605 604 611
f 606 592 614
f 617 601 610
f 601 609 610
f 606 614 604
f 605 611 607
f 603 605 607
f 592 623 612
f 592 612 614
f 608 598 613
f 598 607 613
f 607 611 616
f 611 604 615
f 611 615 627
f 608 613 618
f 607 616 613
f 608 618 609
f 604 614 615
f 610 619 617
f 613 616 618
f 618 622 609
f 615 614 627
f 610 620 619
f 614 612 638
f 611 627 625
f 616 621 626
f 616 626 618
f 616 611 625
f 614 638 629
f 609 622 610
f 616 625 621
f 614 629 627
f 618 626 624
f 618 624 622
f 610 622 620
f 624 626 631
f 623 630 612
f 624 631 622
f 619 620 632
f 628 619 632
f 627 629 634
f 626 621 641
f 620 633 635
f 612 630 636
f 622 631 637
f 620 635 632
f 626 641 631
f 638 612 636
f 620 622 637
f 627 634 625
f 620 637 633
f 820 628 632
f 629 638 634
f 631 641 639
f 625 634 641
f 621 625 641
f 631 642 637
f 632 635 644
f 641 634 643
f 631 639 647
f 633 637 642
f 820 632 644
f 641 643 640
f 631 647 642
f 644 635 633
f 630 645 636
f 644 633 646
f 638 636 650
f 633 642 648
f 638 650 634
f 633 648 649
f 642 656 648
f 636 645 653
f 644 646 651
f 646 633 651
f 639 641 647
f 636 653 650
f 643 634 640
f 642 647 656
f 634 650 652
f 641 640 654
f 634 652 655
f 647 641 656
f 641 654 656
f 634 655 640
f 644 651 839
f 633 649 651
f 640 655 664
f 654 640 657
f 656 654 657
f 650 653 659
f 839 651 660
f 652 650 663
f 650 659 663
f 656 657 662
f 655 652 663
f 651 649 661
f 640 664 657
f 653 658 659
f 648 656 662
f 664 655 663
f 648 662 649
f 651 661 666
f 657 664 665
f 660 651 666
f 662 657 667
f 659 669 663
f 662 667 671
f 662 671 649
f 659 668 669
f 664 663 670
f 666 661 673
f 649 671 672
f 657 665 667
f 669 668 682
f 661 649 673
f 664 670 665
f 663 669 674
f 658 682 659
f 666 673 681
f 649 672 675
f 680 666 676
f 649 675 673
f 669 677 674
f 665 670 678
f 667 665 678
f 659 682 668
f 663 674 679
f 670 663 679
f 666 681 676
f 667 678 671
f 669 682 677
f 670 679 690
f 680 676 684
f 675 683 673
f 671 688 672
f 678 670 685
f 674 677 679
f 675 672 683
f 682 686 677
f 673 683 687
f 670 690 685
f 673 687 681
f 672 688 691
f 682 692 686
f 672 691 683
f 676 681 689
f 678 685 688
f 671 678 688
f 676 689 696
f 676 696 684
f 681 687 698
f 681 698 689
f 679 677 690
f 688 685 693
f 686 694 677
f 690 677 695
f 686 692 694
f 688 693 697
f 677 694 695
f 688 697 691
f 683 691 687
f 695 701 690
f 693 685 697
f 684 696 703
f 685 690 699
f 685 699 700
f 696 689 707
f 687 691 702
f 685 700 697
f 690 701 699
f 696 707 703
f 694 706 695
f 687 702 698
f 697 700 691
f 689 698 707
f 698 702 704
f 691 700 702
f 695 706 701
f 698 704 707
f 700 699 705
f 706 694 417
f 699 701 708
f 700 705 702
f 701 706 709
f 699 708 705
f 701 709 708
f 704 714 707
f 417 710 706
f 708 713 705
f 703 707 714
f 704 711 719
f 702 705 712
f 704 719 714
f 705 713 716
f 702 712 711
f 704 702 711
f 708 709 715
f 417 203 710
f 713 708 715
f 703 714 717
f 710 203 706
f 706 203 709
f 203 718 709
f 887 703 717
f 718 205 715
f 709 718 715
f 713 715 720
f 715 205 720
f 705 716 721
f 720 205 713
f 705 721 712
f 719 722 714
f 713 205 723
f 716 713 723
f 723 205 724
f 716 723 724
f 711 712 719
f 724 205 725
f 716 724 725
f 205 207 725
f 725 207 716
f 716 207 721
f 207 209 721
f 887 717 726
f 721 209 712
f 714 722 727
f 714 727 717
f 712 209 719
f 209 215 719
f 719 215 722
f 722 215 727
f 215 728 727
f 717 727 728
f 726 717 729
f 717 728 729
f 728 212 729
f 729 212 726
f 726 212 213
f 905 726 730
f 213 905 730
f 726 213 730
f 202 533 731
f 732 202 731
f 188 732 734
f 191 188 734
f 191 734 735
f 179 191 735
f 194 179 735
f 732 731 736
f 732 736 733
f 732 733 734
f 194 737 197
f 194 735 740
f 192 197 739
f 734 738 735
f 192 739 199
f 736 731 733
f 196 199 742
f 734 741 738
f 196 742 200
f 740 743 194
f 734 733 741
f 199 744 742
f 194 743 745
f 447 200 742
f 194 745 737
f 199 739 744
f 731 555 733
f 733 746 741
f 735 738 752
f 740 735 752
f 739 747 744
f 737 750 197
f 741 748 738
f 743 740 752
f 743 752 745
f 738 757 752
f 446 447 749
f 447 742 749
f 741 746 748
f 739 197 750
f 555 561 733
f 739 750 747
f 745 752 751
f 745 751 737
f 752 753 751
f 746 733 754
f 733 561 754
f 757 738 755
f 742 759 749
f 737 751 762
f 747 756 758
f 749 759 444
f 446 749 444
f 737 762 750
f 744 747 759
f 747 758 759
f 747 750 762
f 742 744 759
f 747 762 756
f 751 753 762
f 746 754 748
f 752 757 753
f 738 748 760
f 738 760 755
f 561 569 760
f 754 561 760
f 759 761 445
f 748 754 760
f 444 759 445
f 759 758 761
f 569 571 760
f 757 755 765
f 753 764 762
f 757 765 753
f 755 760 765
f 760 766 765
f 760 571 770
f 571 580 770
f 445 761 768
f 764 753 767
f 762 764 767
f 762 767 763
f 762 763 756
f 753 765 767
f 756 769 761
f 758 756 761
f 760 770 766
f 763 771 756
f 761 773 768
f 765 766 774
f 580 581 770
f 765 774 775
f 765 775 767
f 445 768 772
f 445 772 443
f 756 771 769
f 761 776 773
f 770 581 779
f 581 597 779
f 761 769 776
f 771 763 777
f 770 779 766
f 772 768 778
f 443 772 778
f 767 781 763
f 769 777 789
f 769 789 776
f 767 775 774
f 767 774 781
f 443 778 783
f 769 771 777
f 766 779 780
f 766 780 774
f 763 781 777
f 442 443 783
f 773 776 778
f 776 782 778
f 768 773 778
f 777 781 784
f 774 780 791
f 777 784 785
f 442 783 786
f 779 597 601
f 774 791 787
f 778 788 783
f 779 601 791
f 776 789 782
f 781 774 787
f 777 785 790
f 780 779 791
f 777 790 789
f 778 782 788
f 788 792 783
f 781 787 794
f 789 790 782
f 781 794 784
f 442 786 440
f 601 617 791
f 783 792 786
f 782 795 788
f 782 790 797
f 440 786 796
f 782 797 795
f 786 805 796
f 791 793 803
f 787 791 803
f 794 787 784
f 440 796 438
f 785 784 799
f 791 617 793
f 797 798 795
f 786 792 805
f 790 785 797
f 785 799 797
f 438 796 805
f 787 800 784
f 787 803 800
f 797 799 807
f 793 617 803
f 805 792 801
f 797 807 802
f 788 795 804
f 792 788 804
f 792 804 813
f 438 805 806
f 799 784 807
f 795 798 804
f 800 807 784
f 797 802 808
f 797 808 798
f 438 806 439
f 798 809 804
f 803 617 810
f 798 808 809
f 803 810 800
f 792 813 812
f 807 811 802
f 801 792 812
f 617 619 810
f 800 814 807
f 805 801 806
f 801 812 806
f 808 802 809
f 800 810 814
f 804 809 813
f 619 628 810
f 807 814 811
f 437 439 806
f 802 811 824
f 809 818 815
f 809 815 813
f 806 812 817
f 813 815 816
f 813 816 812
f 806 817 437
f 814 819 811
f 809 802 824
f 810 628 820
f 809 824 818
f 810 820 814
f 812 816 817
f 824 811 821
f 437 817 436
f 811 819 823
f 817 822 827
f 811 823 821
f 436 817 827
f 817 816 822
f 815 825 816
f 818 824 825
f 814 820 819
f 823 834 821
f 818 825 815
f 821 826 824
f 821 834 826
f 816 828 822
f 824 826 832
f 436 827 435
f 827 829 435
f 825 830 816
f 823 831 840
f 834 823 840
f 822 836 827
f 820 644 819
f 827 833 829
f 825 824 835
f 826 834 832
f 822 828 836
f 816 830 835
f 830 825 835
f 816 835 837
f 824 832 838
f 828 816 837
f 827 836 833
f 819 644 839
f 823 819 839
f 824 838 835
f 823 839 831
f 832 834 840
f 435 829 841
f 829 833 841
f 831 839 842
f 828 837 836
f 835 838 844
f 835 844 837
f 831 842 846
f 435 841 434
f 833 836 847
f 832 840 838
f 839 660 842
f 836 837 843
f 838 848 844
f 836 843 847
f 837 844 843
f 838 840 848
f 833 847 841
f 840 831 846
f 840 846 848
f 434 841 847
f 844 849 843
f 666 680 842
f 660 666 842
f 845 852 843
f 843 849 845
f 434 847 432
f 847 843 850
f 844 848 849
f 848 846 853
f 847 850 854
f 432 847 854
f 842 851 846
f 843 852 850
f 848 853 849
f 845 855 852
f 849 856 857
f 849 857 845
f 846 851 853
f 852 858 850
f 842 680 851
f 849 853 859
f 854 850 860
f 849 859 856
f 854 860 432
f 845 857 863
f 853 851 861
f 855 845 863
f 432 860 430
f 853 861 872
f 858 862 850
f 856 859 864
f 855 863 852
f 857 856 864
f 853 872 859
f 851 680 684
f 851 684 861
f 860 865 430
f 860 850 865
f 858 866 867
f 858 867 869
f 862 858 869
f 863 857 868
f 852 863 868
f 852 868 858
f 850 862 869
f 865 850 871
f 850 869 871
f 861 684 873
f 859 872 864
f 857 864 883
f 857 883 868
f 872 873 864
f 865 871 874
f 858 868 866
f 872 861 873
f 865 874 429
f 430 865 429
f 864 870 883
f 873 684 877
f 868 883 866
f 866 875 867
f 864 873 876
f 870 864 876
f 870 876 883
f 866 879 875
f 684 703 877
f 869 867 875
f 873 880 876
f 869 875 878
f 428 429 881
f 429 874 881
f 873 877 882
f 703 887 877
f 866 883 879
f 873 882 880
f 869 878 871
f 876 886 879
f 883 876 879
f 874 871 885
f 876 880 886
f 881 874 885
f 428 881 885
f 879 884 875
f 879 886 896
f 878 875 889
f 880 888 886
f 884 879 896
f 875 884 896
f 882 877 890
f 427 428 885
f 882 890 880
f 871 878 891
f 871 891 885
f 877 887 895
f 878 889 893
f 885 892 903
f 890 877 895
f 880 890 895
f 878 893 891
f 875 896 889
f 880 895 888
f 885 891 892
f 885 903 427
f 889 896 893
f 886 897 894
f 896 886 894
f 886 888 897
f 896 894 899
f 891 893 898
f 893 896 899
f 891 898 892
f 893 899 898
f 895 900 888
f 897 901 894
f 897 888 902
f 892 898 904
f 887 726 895
f 903 892 904
f 903 904 906
f 895 905 900
f 898 910 904
f 903 906 427
f 888 900 909
f 897 907 901
f 898 899 908
f 895 726 905
f 902 888 909
f 897 902 909
f 897 909 912
f 899 894 908
f 897 912 907
f 427 906 426
f 904 910 911
f 898 908 910
f 894 901 907
f 894 907 908
f 906 904 426
f 905 1 909
f 1 2 909
f 900 905 909
f 908 913 910
f 2 4 914
f 909 2 914
f 904 911 916
f 909 914 912
f 914 4 912
f 912 4 907
f 4 917 907
f 910 913 918
f 910 918 920
f 904 916 915
f 907 917 919
f 919 917 921
f 908 907 921
f 907 919 921
f 910 920 911
f 426 904 915
f 908 921 922
f 917 7 922
f 921 917 922
f 426 915 425
f 908 922 913
f 922 7 913
f 911 923 916
f 913 7 918
f 918 7 920
f 7 8 920
f 911 920 923
f 920 8 923
f 8 9 923
f 425 915 924
f 9 13 923
f 923 13 916
f 916 13 915
f 13 15 915
f 915 15 924
f 425 924 15
f 929 930 928
f 933 935 932
f 937 934 936
f 941 939 940
f 942 943 941
f 944 945 943
f 948 946 947
f 951 949 950
f 957 956 958
f 956 960 959
f 958 956 959
f 961 960 962
f 962 960 963
f 966 965 968
f 965 967 968
f 969 967 970
f 977 976 978
f 988 986 987
f 991 989 990
f 1035 996 997
f 999 1001 1002
f 1000 999 1002
f 1002 1001 1003
f 1005 1004 1006
f 1006 1007 1008
f 1011 1010 1012
f 1014 1017 1015
f 1017 1016 1018
f 1018 1016 1019
f 1019 1016 1020
f 1016 1021 1022
f 1020 1016 1022
f 1022 1021 1023
f 1031 1033 1032
f 1033 1034 998
f 1032 1033 998
f 1034 999 998
f 1038 1039 1037
f 1042 1043 1040
f 1047 1048 1046
f 1049 1048 1047
f 1049 1050 1048
f 1051 1052 1050
f 1051 1053 1052
f 973 972 1050
f 973 1050 1052
f 971 1050 972
f 974 973 1052
f 971 1048 1050
f 975 974 1052
f 970 1048 971
f 975 1052 1053
f 976 975 1053
f 970 1046 1048
f 976 1053 1054
f 967 1046 970
f 967 1045 1046
f 976 1054 979
f 1055 976 979
f 1055 979 980
f 965 1045 967
f 965 1044 1045
f 965 1043 1044
f 1061 980 981
f 1061 1055 980
f 965 1040 1043
f 964 1040 965
f 1061 981 982
f 964 1041 1040
f 963 1041 964
f 1056 1061 982
f 1039 963 960
f 1039 1041 963
f 983 1056 982
f 984 1056 983
f 984 1066 1056
f 1037 1039 960
f 1037 960 956
f 985 1066 984
f 1036 1037 956
f 986 1057 1066
f 986 1066 985
f 1035 1036 956
f 988 1068 1057
f 988 1057 986
f 996 1035 956
f 996 956 1058
f 988 1069 1068
f 996 1058 1076
f 989 1069 988
f 989 1071 1069
f 995 996 1076
f 995 1076 1075
f 991 1071 989
f 994 995 1075
f 992 1071 991
f 992 1072 1071
f 993 1075 1072
f 993 994 1075
f 993 1072 992
f 976 1055 1059
f 978 976 1059
f 1059 1055 1060
f 1060 1055 1061
f 1061 1056 1063
f 1062 1061 1063
f 1056 1066 1065
f 1064 1056 1065
f 1066 1057 1067
f 1067 1057 1068
f 1070 1069 1071
f 1073 1072 1074
f 1072 1075 1074
f 1077 1076 1058
f 1058 956 955
f 1012 972 973
f 1013 1012 973
f 972 1012 971
f 1012 1010 971
f 1013 973 974
f 1013 974 975
f 1014 1013 975
f 971 1010 970
f 1010 1009 970
f 1014 975 976
f 1017 1014 976
f 970 1009 969
f 1009 1007 969
f 969 1007 967
f 1017 976 977
f 1017 977 978
f 967 1007 968
f 1017 978 1059
f 1016 1017 1059
f 968 1007 966
f 1007 1006 966
f 1016 1059 1060
f 966 1006 965
f 1016 1060 1061
f 1006 1004 965
f 965 1004 964
f 964 1004 1003
f 1016 1061 1062
f 964 1003 963
f 1016 1062 1063
f 962 963 1003
f 962 1003 961
f 1016 1063 1021
f 1063 1056 1021
f 961 1003 1001
f 960 961 1001
f 959 960 1001
f 1056 1064 1021
f 1064 1065 1021
f 958 959 999
f 959 1001 999
f 1065 1066 1023
f 1021 1065 1023
f 957 958 999
f 956 957 999
f 1023 1066 1024
f 1066 1067 1024
f 955 956 999
f 1024 1067 1025
f 1067 1068 1025
f 1058 955 999
f 1068 1069 1025
f 1058 999 1034
f 1058 1034 1033
f 1025 1069 1026
f 1058 1033 1031
f 1077 1058 1031
f 1076 1077 1031
f 1069 1070 1026
f 1070 1071 1026
f 1026 1071 1027
f 1075 1076 1031
f 1074 1075 1030
f 1075 1031 1030
f 1027 1071 1028
f 1071 1072 1028
f 1074 1030 1029
f 1073 1074 1029
f 1072 1073 1029
f 1028 1072 1029
f 1004 1078 1003
f 1004 1088 1078
f 1003 1078 1079
f 1003 1079 1080
f 1002 1003 1080
f 1005 1088 1004
f 1002 1080 1092
f 1006 1088 1005
f 1006 1082 1088
f 1000 1002 1092
f 1008 1082 1006
f 999 1000 1092
f 998 999 1092
f 998 1092 1081
f 1007 1082 1008
f 998 1081 925
f 1032 998 925
f 1032 925 926
f 1009 1095 1082
f 1009 1082 1007
f 1032 926 927
f 1031 1032 927
f 1031 927 928
f 1010 1095 1009
f 1010 1083 1095
f 1030 1031 928
f 1011 1083 1010
f 1030 928 930
f 1012 1083 1011
f 1012 1096 1083
f 1029 1030 930
f 1029 930 931
f 1028 1029 931
f 1013 1096 1012
f 932 1028 931
f 1098 1096 1013
f 935 1028 932
f 935 1027 1028
f 1099 1098 1013
f 1101 1013 1014
f 1101 1099 1013
f 934 1027 935
f 1103 1101 1014
f 934 1026 1027
f 1103 1014 1015
f 937 1026 934
f 938 1025 1026
f 938 1026 937
f 1084 1103 1015
f 954 1084 1015
f 939 1025 938
f 939 1024 1025
f 953 1015 1017
f 953 954 1015
f 941 1024 939
f 952 953 1017
f 952 1017 1018
f 941 1023 1024
f 951 952 1018
f 943 1023 941
f 943 1022 1023
f 951 1018 1019
f 949 951 1019
f 945 1022 943
f 944 1022 945
f 948 949 1019
f 948 1019 1020
f 946 1022 944
f 946 948 1020
f 946 1020 1022
f 1087 1041 1039
f 1087 1085 1041
f 1041 1085 1040
f 1087 1039 1038
f 1085 1086 1040
f 1040 1086 1042
f 1087 1038 1037
f 1086 1088 1042
f 1089 1087 1037
f 1042 1088 1043
f 1088 1090 1043
f 1092 1089 1037
f 1092 1037 1036
f 1043 1090 1044
f 1090 1091 1044
f 1092 1036 1035
f 925 1092 1035
f 1044 1091 1045
f 925 1035 997
f 1045 1091 1046
f 1091 1093 1046
f 926 925 997
f 1093 1094 1046
f 926 997 996
f 1094 1095 1046
f 927 926 996
f 928 927 996
f 1046 1095 1047
f 928 996 995
f 1047 1095 1049
f 929 928 994
f 928 995 994
f 1095 1096 1049
f 930 929 994
f 931 930 994
f 1049 1096 1050
f 931 994 993
f 931 993 932
f 993 992 932
f 1050 1096 1051
f 1051 1096 1097
f 1051 1097 1098
f 932 992 933
f 1051 1098 1099
f 933 992 935
f 992 991 935
f 1051 1099 1100
f 1051 1100 1101
f 991 990 934
f 990 989 934
f 935 991 934
f 1051 1101 1102
f 1053 1051 1102
f 1054 1053 1102
f 934 989 936
f 1054 1102 1103
f 936 989 937
f 1054 1103 1104
f 1054 1104 954
f 979 1054 954
f 937 989 938
f 989 988 938
f 988 987 938
f 938 987 939
f 979 954 953
f 987 986 939
f 980 979 953
f 939 986 940
f 940 986 941
f 980 953 952
f 980 952 951
f 941 986 942
f 986 985 942
f 985 984 942
f 981 980 951
f 942 984 943
f 981 951 950
f 981 950 949
f 982 981 949
f 943 984 944
f 984 983 944
f 982 949 948
f 944 983 946
f 982 948 947
f 982 947 946
f 983 982 946
f 954 1103 1084
f 1104 1103 954
f 1102 1101 1103
f 1099 1101 1100
f 1096 1098 1097
f 1095 1083 1096
f 1093 1095 1094
f 1093 1082 1095
f 1091 1082 1093
f 1090 1082 1091
f 1088 1082 1090
f 1085 1088 1086
f 1085 1078 1088
f 1087 1078 1085
f 1087 1079 1078
f 1087 1080 1079
f 1087 1092 1080
f 1089 1092 1087
f 925 1081 1092
f 1139 1138 1140
f 1140 1142 1141
f 1143 1142 1144
f 1149 1150 1151
f 1152 1150 1153
f 1160 1161 1162
f 1165 1167 1166
f 1166 1167 1168
f 1168 1167 1169
f 1169 1167 1170
f 1170 1167 1171
f 1171 1167 1172
f 1172 1167 1173
f 1173 1167 1174
f 1174 1167 1175
f 1167 1176 1175
f 1175 1176 1177
f 1177 1176 1178
f 1178 1176 1179
f 1179 1176 1180
f 1180 1176 1181
f 1181 1176 1182
f 1182 1176 1183
f 1183 1176 1184
f 1186 1187 1188
f 1189 1192 1191
f 1190 1189 1191
f 1191 1192 1193
f 1193 1192 1194
f 1194 1192 1195
f 1195 1192 1196
f 1196 1192 1197
f 1197 1192 1198
f 1198 1192 1199
f 1192 1201 1200
f 1199 1192 1200
f 1200 1201 1202
f 1204 1205 1206
f 1206 1205 1207
f 1214 1217 1216
f 1215 1214 1216
f 1218 1217 1219
f 1219 1217 3817
f 1220 1222 1221
f 1222 1224 1223
f 1221 1222 1223
f 1224 1226 1225
f 1223 1224 1225
f 1226 1228 1227
f 1225 1226 1227
f 1228 1230 1229
f 1227 1228 1229
f 1230 1232 1231
f 1229 1230 1231
f 1232 1234 1233
f 1231 1232 1233
f 1233 1234 1235
f 1234 1236 1235
f 1235 1236 1237
f 1236 1238 1237
f 1237 1238 1239
f 1238 1240 1239
f 1239 1240 1241
f 1240 1242 1241
f 1241 1242 1243
f 1242 1244 1243
f 1243 1244 1245
f 1244 1246 1245
f 1245 1246 1247
f 1246 1248 1247
f 1247 1248 1249
f 1248 1250 1249
f 1249 1250 1251
f 1251 1250 1252
f 1250 1253 1252
f 1253 1254 1252
f 1252 1254 1255
f 1254 1256 1255
f 1255 1256 1257
f 1257 1256 1258
f 1256 1259 1258
f 1259 1260 1258
f 1258 1260 1261
f 1260 1262 1261
f 1262 1264 1263
f 1261 1262 1263
f 1263 1264 1265
f 1264 1267 1266
f 1267 1268 1266
f 1265 1264 1266
f 1266 1268 1269
f 1269 1268 1270
f 1268 1271 1270
f 1271 1272 1270
f 1270 1272 1273
f 1272 1275 1274
f 1275 1276 1274
f 1273 1272 1274
f 1276 1278 1277
f 1274 1276 1277
f 1277 1278 1279
f 1278 1281 1280
f 1279 1278 1280
f 1281 1283 1282
f 1280 1281 1282
f 1283 1285 1284
f 1285 1286 1284
f 1282 1283 1284
f 1284 1286 1287
f 1288 1290 1289
f 1290 1291 1289
f 1291 1293 1292
f 1289 1291 1292
f 1293 1295 1294
f 1292 1293 1294
f 1295 1297 1296
f 1294 1295 1296
f 1297 1299 1298
f 1296 1297 1298
f 1299 1301 1300
f 1298 1299 1300
f 1301 1303 1302
f 1300 1301 1302
f 1305 1308 1307
f 1306 1305 1307
f 1308 1309 1310
f 1310 1309 1311
f 1311 1309 1312
f 1309 1313 1314
f 1312 1309 1314
f 1315 1313 1316
f 1318 1317 1319
f 1319 1321 1320
f 1322 1324 1323
f 1325 1324 1326
f 1327 1330 1329
f 1328 1327 1329
f 1333 1332 1334
f 1336 1338 1337
f 1338 1340 1339
f 1342 1341 1343
f 1345 1344 1346
f 1346 1344 1347
f 1347 1344 1349
f 1344 1348 1349
f 1349 1348 1350
f 1348 1351 1352
f 1350 1348 1352
f 1352 1351 1353
f 1353 1351 1355
f 1351 1354 1355
f 1355 1354 1356
f 1356 1354 1357
f 1357 1354 1358
f 1360 1361 2671
f 1361 1362 1363
f 1362 2676 1363
f 1364 1366 1365
f 1367 1366 1364
f 1367 1371 1366
f 1368 1371 1367
f 1369 1371 1368
f 1370 1371 1369
f 1372 1378 1371
f 1372 1371 1370
f 1373 1378 1372
f 1374 1378 1373
f 1375 1378 1374
f 1376 1378 1375
f 1377 1378 1376
f 1379 1381 1378
f 1379 1378 1377
f 1380 1381 1379
f 1382 1381 1380
f 1383 1384 1382
f 1385 1384 1383
f 1385 1390 1384
f 1386 1390 1385
f 1387 1390 1386
f 1388 1390 1387
f 1389 1390 1388
f 1391 1395 1390
f 1391 1390 1389
f 1392 1395 1391
f 1393 1395 1392
f 1394 1395 1393
f 1396 1398 1395
f 1396 1395 1394
f 1397 1398 1396
f 1399 1403 1398
f 1399 1398 1397
f 1400 1403 1399
f 1401 1403 1400
f 1402 1403 1401
f 1404 1409 1403
f 1404 1403 1402
f 1405 1409 1404
f 1406 1409 1405
f 1407 1409 1406
f 1408 1409 1407
f 1410 1411 1409
f 1410 1409 1408
f 1412 1413 1411
f 1413 1421 1415
f 1413 1415 1414
f 1416 1421 1413
f 1417 1421 1416
f 1418 1421 1417
f 1419 1421 1418
f 1420 1421 1419
f 1422 1421 1420
f 1423 1426 1421
f 1423 1421 1422
f 1424 1426 1423
f 1425 1426 1424
f 1427 1426 1425
f 1428 2617 1426
f 1428 1426 1427
f 1431 1432 1430
f 1431 1430 1429
f 1433 1432 1431
f 1434 1439 1432
f 1434 1432 1433
f 1435 1439 1434
f 1436 1439 1435
f 1437 1439 1436
f 1438 1439 1437
f 1440 1366 1439
f 1440 1439 1438
f 1441 1366 1440
f 1442 1366 1441
f 1365 1366 1442
f 1445 1443 1444
f 1444 1443 1446
f 1446 1443 1447
f 1447 1443 1448
f 1448 1443 1449
f 1449 1443 1450
f 1450 1443 1451
f 1451 1443 1452
f 1452 1443 1453
f 1453 1443 1454
f 1454 1443 1455
f 1455 1443 1456
f 1456 1443 1457
f 1457 1460 1459
f 1458 1457 1459
f 1459 1460 1461
f 1461 1460 1462
f 1462 1460 1463
f 1463 1460 1464
f 1464 1460 1465
f 1465 1460 1466
f 1466 1460 1467
f 1467 1460 1468
f 1468 1460 1469
f 1469 1460 1470
f 1470 1460 1471
f 1471 1460 1472
f 1472 1460 1473
f 1473 1460 1474
f 1474 1460 1475
f 1475 1460 1476
f 1460 1477 1476
f 1476 1477 1478
f 1478 1477 1479
f 1479 1477 1480
f 1480 1477 1481
f 1481 1477 1482
f 1482 1477 1483
f 1483 1477 1484
f 1486 1485 1487
f 1485 1488 1487
f 1487 1488 1489
f 1489 1488 1490
f 1490 1488 1491
f 1491 1488 1492
f 1492 1488 1493
f 1493 1488 1494
f 1494 1488 1495
f 1488 1497 1496
f 1495 1488 1496
f 1496 1497 1498
f 1498 1497 1499
f 1500 1502 1501
f 1503 1500 1501
f 1502 1505 1504
f 1501 1502 1504
f 1505 1507 1506
f 1504 1505 1506
f 1507 1509 1508
f 1506 1507 1508
f 1509 1511 1510
f 1508 1509 1510
f 1511 1513 1512
f 1510 1511 1512
f 1513 1515 1514
f 1512 1513 1514
f 1515 1517 1516
f 1514 1515 1516
f 1517 1519 1518
f 1516 1517 1518
f 1519 1521 1520
f 1518 1519 1520
f 1521 1523 1522
f 1520 1521 1522
f 1523 1525 1524
f 1522 1523 1524
f 1525 1527 1526
f 1524 1525 1526
f 1527 1529 1528
f 1526 1527 1528
f 1529 1531 1530
f 1528 1529 1530
f 1531 1533 1532
f 1530 1531 1532
f 1533 1535 1534
f 1532 1533 1534
f 1534 1535 1536
f 1535 1537 1536
f 1538 1540 1539
f 1537 1538 1539
f 1536 1537 1539
f 1539 1540 1541
f 1540 1543 1542
f 1541 1540 1542
f 1543 1545 1544
f 1542 1543 1544
f 1545 1547 1546
f 1544 1545 1546
f 1547 1549 1548
f 1546 1547 1548
f 1549 1551 1550
f 1548 1549 1550
f 1551 1553 1552
f 1550 1551 1552
f 1553 1555 1554
f 1552 1553 1554
f 1555 1557 1556
f 1554 1555 1556
f 1556 1557 1558
f 1557 1559 1558
f 1558 1559 1560
f 1559 1561 1560
f 1560 1561 1562
f 1561 1563 1562
f 1562 1563 1564
f 1563 1565 1564
f 1564 1565 1566
f 1565 1567 1566
f 1566 1567 1568
f 1567 1569 1568
f 1568 1569 1570
f 1569 1571 1570
f 1570 1571 1572
f 1573 1574 1572
f 1571 1573 1572
f 1572 1574 1575
f 1575 1574 1576
f 1574 1577 1576
f 1577 1579 1578
f 1576 1577 1578
f 1579 1581 1580
f 1578 1579 1580
f 1580 1581 1582
f 1583 1584 1582
f 1581 1583 1582
f 1582 1584 1585
f 1585 1584 1586
f 1584 1587 1586
f 1586 1587 1588
f 1587 1589 1588
f 1588 1589 1590
f 1589 1591 1590
f 1590 1591 1592
f 1591 1593 1592
f 1592 1593 1594
f 1593 1595 1594
f 1594 1595 1596
f 1595 1597 1596
f 1596 1597 1598
f 1597 1599 1598
f 1598 1599 1600
f 1599 1601 1600
f 1600 1601 1602
f 1601 1603 1602
f 1602 1603 1604
f 1603 1605 1604
f 1604 1605 1606
f 1605 1607 1606
f 1606 1607 1608
f 1607 1609 1608
f 1608 1609 1610
f 1609 1611 1610
f 1610 1611 1612
f 1611 1613 1612
f 1612 1613 1614
f 1613 1615 1614
f 1614 1615 1616
f 1615 1617 1616
f 1616 1617 1618
f 1617 1619 1618
f 1619 1621 1620
f 1618 1619 1620
f 1621 1623 1622
f 1620 1621 1622
f 1623 1625 1624
f 1622 1623 1624
f 1625 1627 1626
f 1624 1625 1626
f 1628 1630 1629
f 1631 1628 1629
f 1630 1633 1632
f 1629 1630 1632
f 1633 1635 1634
f 1632 1633 1634
f 1635 1637 1636
f 1634 1635 1636
f 1637 1639 1638
f 1636 1637 1638
f 1639 1641 1640
f 1638 1639 1640
f 1641 1643 1642
f 1640 1641 1642
f 1643 1645 1644
f 1642 1643 1644
f 1645 1647 1646
f 1644 1645 1646
f 1647 1649 1648
f 1646 1647 1648
f 1649 1651 1650
f 1648 1649 1650
f 1651 1653 1652
f 1650 1651 1652
f 1653 1655 1654
f 1652 1653 1654
f 1655 1657 1656
f 1654 1655 1656
f 1657 1659 1658
f 1656 1657 1658
f 1659 1661 1660
f 1658 1659 1660
f 1661 1663 1662
f 1660 1661 1662
f 1662 1663 1664
f 1663 1665 1664
f 1666 1668 1667
f 1665 1666 1667
f 1664 1665 1667
f 1667 1668 1669
f 1668 1671 1670
f 1669 1668 1670
f 1671 1673 1672
f 1670 1671 1672
f 1673 1675 1674
f 1672 1673 1674
f 1675 1677 1676
f 1674 1675 1676
f 1677 1679 1678
f 1676 1677 1678
f 1679 1681 1680
f 1678 1679 1680
f 1681 1683 1682
f 1680 1681 1682
f 1683 1685 1684
f 1682 1683 1684
f 1684 1685 1686
f 1685 1687 1686
f 1686 1687 1688
f 1687 1689 1688
f 1688 1689 1690
f 1689 1691 1690
f 1690 1691 1692
f 1691 1693 1692
f 1692 1693 1694
f 1693 1695 1694
f 1694 1695 1696
f 1695 1697 1696
f 1696 1697 1698
f 1697 1699 1698
f 1698 1699 1700
f 1701 1702 1700
f 1699 1701 1700
f 1700 1702 1703
f 1703 1702 1704
f 1702 1705 1704
f 1705 1707 1706
f 1704 1705 1706
f 1707 1709 1708
f 1706 1707 1708
f 1708 1709 1710
f 1711 1712 1710
f 1709 1711 1710
f 1710 1712 1713
f 1713 1712 1714
f 1712 1715 1714
f 1714 1715 1716
f 1715 1717 1716
f 1716 1717 1718
f 1717 1719 1718
f 1718 1719 1720
f 1719 1721 1720
f 1720 1721 1722
f 1721 1723 1722
f 1722 1723 1724
f 1723 1725 1724
f 1724 1725 1726
f 1725 1727 1726
f 1726 1727 1728
f 1727 1729 1728
f 1728 1729 1730
f 1729 1731 1730
f 1730 1731 1732
f 1731 1733 1732
f 1732 1733 1734
f 1733 1735 1734
f 1734 1735 1736
f 1735 1737 1736
f 1736 1737 1738
f 1737 1739 1738
f 1738 1739 1740
f 1739 1741 1740
f 1740 1741 1742
f 1741 1743 1742
f 1742 1743 1744
f 1743 1745 1744
f 1744 1745 1746
f 1745 1747 1746
f 1747 1749 1748
f 1746 1747 1748
f 1749 1751 1750
f 1748 1749 1750
f 1751 1753 1752
f 1750 1751 1752
f 1753 1755 1754
f 1752 1753 1754
f 1756 1758 1757
f 1759 1756 1757
f 1758 1761 1760
f 1757 1758 1760
f 1761 1763 1762
f 1760 1761 1762
f 1763 1765 1764
f 1762 1763 1764
f 1765 1767 1766
f 1764 1765 1766
f 1767 1769 1768
f 1766 1767 1768
f 1769 1771 1770
f 1768 1769 1770
f 1771 1773 1772
f 1770 1771 1772
f 1773 1775 1774
f 1772 1773 1774
f 1775 1777 1776
f 1774 1775 1776
f 1777 1779 1778
f 1776 1777 1778
f 1779 1781 1780
f 1778 1779 1780
f 1781 1783 1782
f 1780 1781 1782
f 1783 1785 1784
f 1782 1783 1784
f 1785 1787 1786
f 1784 1785 1786
f 1787 1789 1788
f 1786 1787 1788
f 1789 1791 1790
f 1788 1789 1790
f 1790 1791 1792
f 1791 1793 1792
f 1794 1796 1795
f 1793 1794 1795
f 1792 1793 1795
f 1795 1796 1797
f 1796 1799 1798
f 1797 1796 1798
f 1799 1801 1800
f 1798 1799 1800
f 1801 1803 1802
f 1800 1801 1802
f 1803 1805 1804
f 1802 1803 1804
f 1805 1807 1806
f 1804 1805 1806
f 1807 1809 1808
f 1806 1807 1808
f 1809 1811 1810
f 1808 1809 1810
f 1811 1813 1812
f 1810 1811 1812
f 1812 1813 1814
f 1813 1815 1814
f 1814 1815 1816
f 1815 1817 1816
f 1816 1817 1818
f 1817 1819 1818
f 1818 1819 1820
f 1819 1821 1820
f 1820 1821 1822
f 1821 1823 1822
f 1822 1823 1824
f 1823 1825 1824
f 1824 1825 1826
f 1825 1827 1826
f 1826 1827 1828
f 1829 1830 1828
f 1827 1829 1828
f 1828 1830 1831
f 1831 1830 1832
f 1830 1833 1832
f 1833 1835 1834
f 1832 1833 1834
f 1835 1837 1836
f 1834 1835 1836
f 1836 1837 1838
f 1839 1840 1838
f 1837 1839 1838
f 1838 1840 1841
f 1841 1840 1842
f 1840 1843 1842
f 1842 1843 1844
f 1843 1845 1844
f 1844 1845 1846
f 1845 1847 1846
f 1846 1847 1848
f 1847 1849 1848
f 1848 1849 1850
f 1849 1851 1850
f 1850 1851 1852
f 1851 1853 1852
f 1852 1853 1854
f 1853 1855 1854
f 1854 1855 1856
f 1855 1857 1856
f 1856 1857 1858
f 1857 1859 1858
f 1858 1859 1860
f 1859 1861 1860
f 1860 1861 1862
f 1861 1863 1862
f 1862 1863 1864
f 1863 1865 1864
f 1864 1865 1866
f 1865 1867 1866
f 1866 1867 1868
f 1867 1869 1868
f 1868 1869 1870
f 1869 1871 1870
f 1870 1871 1872
f 1871 1873 1872
f 1872 1873 1874
f 1873 1875 1874
f 1875 1877 1876
f 1874 1875 1876
f 1877 1879 1878
f 1876 1877 1878
f 1879 1881 1880
f 1878 1879 1880
f 1881 1883 1882
f 1880 1881 1882
f 1884 1886 1885
f 1887 1884 1885
f 1886 1889 1888
f 1885 1886 1888
f 1889 1891 1890
f 1888 1889 1890
f 1891 1893 1892
f 1890 1891 1892
f 1893 1895 1894
f 1892 1893 1894
f 1895 1897 1896
f 1894 1895 1896
f 1897 1899 1898
f 1896 1897 1898
f 1899 1901 1900
f 1898 1899 1900
f 1901 1903 1902
f 1900 1901 1902
f 1903 1905 1904
f 1902 1903 1904
f 1905 1907 1906
f 1904 1905 1906
f 1907 1909 1908
f 1906 1907 1908
f 1909 1911 1910
f 1908 1909 1910
f 1911 1913 1912
f 1910 1911 1912
f 1913 1915 1914
f 1912 1913 1914
f 1915 1917 1916
f 1914 1915 1916
f 1917 1919 1918
f 1916 1917 1918
f 1918 1919 1920
f 1919 1921 1920
f 1922 1924 1923
f 1921 1922 1923
f 1920 1921 1923
f 1923 1924 1925
f 1924 1927 1926
f 1925 1924 1926
f 1927 1929 1928
f 1926 1927 1928
f 1929 1931 1930
f 1928 1929 1930
f 1931 1933 1932
f 1930 1931 1932
f 1933 1935 1934
f 1932 1933 1934
f 1935 1937 1936
f 1934 1935 1936
f 1937 1939 1938
f 1936 1937 1938
f 1939 1941 1940
f 1938 1939 1940
f 1940 1941 1942
f 1941 1943 1942
f 1942 1943 1944
f 1943 1945 1944
f 1944 1945 1946
f 1945 1947 1946
f 1946 1947 1948
f 1947 1949 1948
f 1948 1949 1950
f 1949 1951 1950
f 1950 1951 1952
f 1951 1953 1952
f 1952 1953 1954
f 1953 1955 1954
f 1954 1955 1956
f 1957 1958 1956
f 1955 1957 1956
f 1956 1958 1959
f 1959 1958 1960
f 1958 1961 1960
f 1961 1963 1962
f 1960 1961 1962
f 1963 1965 1964
f 1962 1963 1964
f 1964 1965 1966
f 1967 1968 1966
f 1965 1967 1966
f 1966 1968 1969
f 1969 1968 1970
f 1968 1971 1970
f 1970 1971 1972
f 1971 1973 1972
f 1972 1973 1974
f 1973 1975 1974
f 1974 1975 1976
f 1975 1977 1976
f 1976 1977 1978
f 1977 1979 1978
f 1978 1979 1980
f 1979 1981 1980
f 1980 1981 1982
f 1981 1983 1982
f 1982 1983 1984
f 1983 1985 1984
f 1984 1985 1986
f 1985 1987 1986
f 1986 1987 1988
f 1987 1989 1988
f 1988 1989 1990
f 1989 1991 1990
f 1990 1991 1992
f 1991 1993 1992
f 1992 1993 1994
f 1993 1995 1994
f 1994 1995 1996
f 1995 1997 1996
f 1996 1997 1998
f 1997 1999 1998
f 1998 1999 2000
f 1999 2001 2000
f 2000 2001 2002
f 2001 2003 2002
f 2003 2005 2004
f 2002 2003 2004
f 2005 2007 2006
f 2004 2005 2006
f 2007 2009 2008
f 2006 2007 2008
f 2009 2011 2010
f 2008 2009 2010
f 2013 2012 2014
f 2014 2012 2015
f 2015 2012 2016
f 2016 2012 2017
f 2012 2018 2017
f 2019 2021 2020
f 2021 2023 2022
f 1123 2024 2026
f 2024 2025 2026
f 2026 2025 2027
f 2027 2028 2029
f 2029 2028 2030
f 2030 2028 2031
f 2031 2028 2032
f 2028 2033 2034
f 2032 2028 2034
f 2034 2033 2035
f 2035 2033 2036
f 2036 2033 2037
f 2037 2033 2038
f 2033 2039 2040
f 2038 2033 2040
f 2040 2039 2041
f 2039 2042 2041
f 2042 2044 2043
f 2044 2045 2046
f 2046 2045 2047
f 2048 2050 2049
f 2049 2050 2013
f 2050 2012 2013
f 2011 2052 2051
f 2010 2011 2051
f 2052 2054 2053
f 2051 2052 2053
f 2054 2056 2055
f 2053 2054 2055
f 2056 2058 2057
f 2055 2056 2057
f 2058 2060 2059
f 2057 2058 2059
f 2060 2062 2061
f 2059 2060 2061
f 2062 2064 2063
f 2061 2062 2063
f 2065 2067 2066
f 2064 2065 2066
f 2063 2064 2066
f 2066 2067 2068
f 2067 2070 2069
f 2068 2067 2069
f 2070 2072 2071
f 2069 2070 2071
f 2072 2074 2073
f 2071 2072 2073
f 2074 2076 2075
f 2073 2074 2075
f 2076 2078 2077
f 2075 2076 2077
f 2078 2080 2079
f 2077 2078 2079
f 2080 2082 2081
f 2079 2080 2081
f 2083 2085 2084
f 2082 2083 2084
f 2081 2082 2084
f 2084 2085 2086
f 2085 2088 2087
f 2086 2085 2087
f 2089 2091 2090
f 2088 2089 2090
f 2087 2088 2090
f 2090 2091 2092
f 2091 2094 2093
f 2092 2091 2093
f 2094 2096 2095
f 2093 2094 2095
f 2096 2098 2097
f 2095 2096 2097
f 2099 2101 2100
f 2098 2099 2100
f 2097 2098 2100
f 2101 2103 2102
f 2100 2101 2102
f 2102 2103 2104
f 2104 2103 2105
f 2103 2106 2105
f 2105 2106 2107
f 2106 2108 2107
f 2107 2108 2109
f 2108 2110 2109
f 2109 2110 2111
f 2110 2112 2111
f 2111 2112 2113
f 2112 2114 2113
f 2113 2114 2115
f 2116 2117 2115
f 2114 2116 2115
f 2115 2117 2118
f 2118 2117 2119
f 2117 2120 2119
f 2119 2120 2121
f 2120 2122 2121
f 2121 2122 2123
f 2122 2124 2123
f 2123 2124 2125
f 2124 2126 2125
f 2126 2128 2127
f 2125 2126 2127
f 2128 2130 2129
f 2127 2128 2129
f 2130 2132 2131
f 2129 2130 2131
f 2132 2134 2133
f 2131 2132 2133
f 2133 2134 2135
f 2134 2136 2135
f 2135 2136 2137
f 2136 2138 2137
f 2137 2138 2139
f 2138 2140 2139
f 2139 2140 2141
f 2140 2142 2141
f 2141 2142 2143
f 2142 2144 2143
f 2143 2144 2145
f 2144 2146 2145
f 2145 2146 2147
f 2146 2148 2147
f 2147 2148 2149
f 2148 2150 2149
f 2149 2150 2151
f 2150 2152 2151
f 2151 2152 2153
f 2154 2155 2153
f 2152 2154 2153
f 2153 2155 2156
f 2156 2155 2157
f 2155 2158 2157
f 2157 2158 2159
f 2158 2160 2159
f 2159 2160 2161
f 2160 2162 2161
f 2161 2162 2163
f 2162 2164 2163
f 2163 2164 2165
f 2164 2166 2165
f 2166 2168 2167
f 2165 2166 2167
f 2168 2170 2169
f 2167 2168 2169
f 2170 2172 2171
f 2169 2170 2171
f 2172 2174 2173
f 2171 2172 2173
f 2174 1884 1887
f 2173 2174 1887
f 1883 2176 2175
f 1882 1883 2175
f 2176 2178 2177
f 2175 2176 2177
f 2178 2180 2179
f 2177 2178 2179
f 2180 2182 2181
f 2179 2180 2181
f 2182 2184 2183
f 2181 2182 2183
f 2184 2186 2185
f 2183 2184 2185
f 2186 2188 2187
f 2185 2186 2187
f 2189 2191 2190
f 2188 2189 2190
f 2187 2188 2190
f 2190 2191 2192
f 2191 2194 2193
f 2192 2191 2193
f 2194 2196 2195
f 2193 2194 2195
f 2196 2198 2197
f 2195 2196 2197
f 2198 2200 2199
f 2197 2198 2199
f 2200 2202 2201
f 2199 2200 2201
f 2202 2204 2203
f 2201 2202 2203
f 2204 2206 2205
f 2203 2204 2205
f 2207 2209 2208
f 2206 2207 2208
f 2205 2206 2208
f 2208 2209 2210
f 2209 2212 2211
f 2210 2209 2211
f 2213 2215 2214
f 2212 2213 2214
f 2211 2212 2214
f 2214 2215 2216
f 2215 2218 2217
f 2216 2215 2217
f 2218 2220 2219
f 2217 2218 2219
f 2220 2222 2221
f 2219 2220 2221
f 2223 2225 2224
f 2222 2223 2224
f 2221 2222 2224
f 2225 2227 2226
f 2224 2225 2226
f 2226 2227 2228
f 2228 2227 2229
f 2227 2230 2229
f 2229 2230 2231
f 2230 2232 2231
f 2231 2232 2233
f 2232 2234 2233
f 2233 2234 2235
f 2234 2236 2235
f 2235 2236 2237
f 2236 2238 2237
f 2237 2238 2239
f 2240 2241 2239
f 2238 2240 2239
f 2239 2241 2242
f 2242 2241 2243
f 2241 2244 2243
f 2243 2244 2245
f 2244 2246 2245
f 2245 2246 2247
f 2246 2248 2247
f 2247 2248 2249
f 2248 2250 2249
f 2250 2252 2251
f 2249 2250 2251
f 2252 2254 2253
f 2251 2252 2253
f 2254 2256 2255
f 2253 2254 2255
f 2256 2258 2257
f 2255 2256 2257
f 2257 2258 2259
f 2258 2260 2259
f 2259 2260 2261
f 2260 2262 2261
f 2261 2262 2263
f 2262 2264 2263
f 2263 2264 2265
f 2264 2266 2265
f 2265 2266 2267
f 2266 2268 2267
f 2267 2268 2269
f 2268 2270 2269
f 2269 2270 2271
f 2270 2272 2271
f 2271 2272 2273
f 2272 2274 2273
f 2273 2274 2275
f 2274 2276 2275
f 2275 2276 2277
f 2278 2279 2277
f 2276 2278 2277
f 2277 2279 2280
f 2280 2279 2281
f 2279 2282 2281
f 2281 2282 2283
f 2282 2284 2283
f 2283 2284 2285
f 2284 2286 2285
f 2285 2286 2287
f 2286 2288 2287
f 2287 2288 2289
f 2288 2290 2289
f 2290 2292 2291
f 2289 2290 2291
f 2292 2294 2293
f 2291 2292 2293
f 2294 2296 2295
f 2293 2294 2295
f 2296 2298 2297
f 2295 2296 2297
f 2298 1756 1759
f 2297 2298 1759
f 1755 2300 2299
f 1754 1755 2299
f 2300 2302 2301
f 2299 2300 2301
f 2302 2304 2303
f 2301 2302 2303
f 2304 2306 2305
f 2303 2304 2305
f 2306 2308 2307
f 2305 2306 2307
f 2308 2310 2309
f 2307 2308 2309
f 2310 2312 2311
f 2309 2310 2311
f 2313 2315 2314
f 2312 2313 2314
f 2311 2312 2314
f 2314 2315 2316
f 2315 2318 2317
f 2316 2315 2317
f 2318 2320 2319
f 2317 2318 2319
f 2320 2322 2321
f 2319 2320 2321
f 2322 2324 2323
f 2321 2322 2323
f 2324 2326 2325
f 2323 2324 2325
f 2326 2328 2327
f 2325 2326 2327
f 2328 2330 2329
f 2327 2328 2329
f 2331 2333 2332
f 2330 2331 2332
f 2329 2330 2332
f 2332 2333 2334
f 2333 2336 2335
f 2334 2333 2335
f 2337 2339 2338
f 2336 2337 2338
f 2335 2336 2338
f 2338 2339 2340
f 2339 2342 2341
f 2340 2339 2341
f 2342 2344 2343
f 2341 2342 2343
f 2344 2346 2345
f 2343 2344 2345
f 2347 2349 2348
f 2346 2347 2348
f 2345 2346 2348
f 2349 2351 2350
f 2348 2349 2350
f 2350 2351 2352
f 2352 2351 2353
f 2351 2354 2353
f 2353 2354 2355
f 2354 2356 2355
f 2355 2356 2357
f 2356 2358 2357
f 2357 2358 2359
f 2358 2360 2359
f 2359 2360 2361
f 2360 2362 2361
f 2361 2362 2363
f 2364 2365 2363
f 2362 2364 2363
f 2363 2365 2366
f 2366 2365 2367
f 2365 2368 2367
f 2367 2368 2369
f 2368 2370 2369
f 2369 2370 2371
f 2370 2372 2371
f 2371 2372 2373
f 2372 2374 2373
f 2374 2376 2375
f 2373 2374 2375
f 2376 2378 2377
f 2375 2376 2377
f 2378 2380 2379
f 2377 2378 2379
f 2380 2382 2381
f 2379 2380 2381
f 2381 2382 2383
f 2382 2384 2383
f 2383 2384 2385
f 2384 2386 2385
f 2385 2386 2387
f 2386 2388 2387
f 2387 2388 2389
f 2388 2390 2389
f 2389 2390 2391
f 2390 2392 2391
f 2391 2392 2393
f 2392 2394 2393
f 2393 2394 2395
f 2394 2396 2395
f 2395 2396 2397
f 2396 2398 2397
f 2397 2398 2399
f 2398 2400 2399
f 2399 2400 2401
f 2402 2403 2401
f 2400 2402 2401
f 2401 2403 2404
f 2404 2403 2405
f 2403 2406 2405
f 2405 2406 2407
f 2406 2408 2407
f 2407 2408 2409
f 2408 2410 2409
f 2409 2410 2411
f 2410 2412 2411
f 2411 2412 2413
f 2412 2414 2413
f 2414 2416 2415
f 2413 2414 2415
f 2416 2418 2417
f 2415 2416 2417
f 2418 2420 2419
f 2417 2418 2419
f 2420 2422 2421
f 2419 2420 2421
f 2422 1628 1631
f 2421 2422 1631
f 1627 2424 2423
f 1626 1627 2423
f 2424 2426 2425
f 2423 2424 2425
f 2426 2428 2427
f 2425 2426 2427
f 2428 2430 2429
f 2427 2428 2429
f 2430 2432 2431
f 2429 2430 2431
f 2432 2434 2433
f 2431 2432 2433
f 2434 2436 2435
f 2433 2434 2435
f 2437 2439 2438
f 2436 2437 2438
f 2435 2436 2438
f 2438 2439 2440
f 2439 2442 2441
f 2440 2439 2441
f 2442 2444 2443
f 2441 2442 2443
f 2444 2446 2445
f 2443 2444 2445
f 2446 2448 2447
f 2445 2446 2447
f 2448 2450 2449
f 2447 2448 2449
f 2450 2452 2451
f 2449 2450 2451
f 2452 2454 2453
f 2451 2452 2453
f 2455 2457 2456
f 2454 2455 2456
f 2453 2454 2456
f 2456 2457 2458
f 2457 2460 2459
f 2458 2457 2459
f 2461 2463 2462
f 2460 2461 2462
f 2459 2460 2462
f 2462 2463 2464
f 2463 2466 2465
f 2464 2463 2465
f 2466 2468 2467
f 2465 2466 2467
f 2468 2470 2469
f 2467 2468 2469
f 2471 2473 2472
f 2470 2471 2472
f 2469 2470 2472
f 2473 2475 2474
f 2472 2473 2474
f 2474 2475 2476
f 2476 2475 2477
f 2475 2478 2477
f 2477 2478 2479
f 2478 2480 2479
f 2479 2480 2481
f 2480 2482 2481
f 2481 2482 2483
f 2482 2484 2483
f 2483 2484 2485
f 2484 2486 2485
f 2485 2486 2487
f 2488 2489 2487
f 2486 2488 2487
f 2487 2489 2490
f 2490 2489 2491
f 2489 2492 2491
f 2491 2492 2493
f 2492 2494 2493
f 2493 2494 2495
f 2494 2496 2495
f 2495 2496 2497
f 2496 2498 2497
f 2498 2500 2499
f 2497 2498 2499
f 2500 2502 2501
f 2499 2500 2501
f 2502 2504 2503
f 2501 2502 2503
f 2504 2506 2505
f 2503 2504 2505
f 2505 2506 2507
f 2506 2508 2507
f 2507 2508 2509
f 2508 2510 2509
f 2509 2510 2511
f 2510 2512 2511
f 2511 2512 2513
f 2512 2514 2513
f 2513 2514 2515
f 2514 2516 2515
f 2515 2516 2517
f 2516 2518 2517
f 2517 2518 2519
f 2518 2520 2519
f 2519 2520 2521
f 2520 2522 2521
f 2521 2522 2523
f 2522 2524 2523
f 2523 2524 2525
f 2526 2527 2525
f 2524 2526 2525
f 2525 2527 2528
f 2528 2527 2529
f 2527 2530 2529
f 2529 2530 2531
f 2530 2532 2531
f 2531 2532 2533
f 2532 2534 2533
f 2533 2534 2535
f 2534 2536 2535
f 2535 2536 2537
f 2536 2538 2537
f 2538 2540 2539
f 2537 2538 2539
f 2540 2542 2541
f 2539 2540 2541
f 2542 2544 2543
f 2541 2542 2543
f 2544 2546 2545
f 2543 2544 2545
f 2546 1500 1503
f 2545 2546 1503
f 1499 1497 2547
f 2547 1497 2548
f 2548 1497 2549
f 2549 1497 2550
f 2550 1497 2551
f 1497 2553 2552
f 2551 1497 2552
f 2552 2553 2554
f 2554 2553 2555
f 2555 2553 2556
f 2556 2553 2557
f 2557 2553 2558
f 2558 2553 2559
f 2562 2561 2563
f 2561 2564 2563
f 2563 2564 2565
f 2565 2564 2566
f 2566 2564 2567
f 2567 2564 2568
f 2568 2564 2569
f 2569 2564 2570
f 2570 2564 2571
f 2571 2564 2572
f 2572 2564 2573
f 2573 2564 2574
f 2574 2564 2575
f 2575 2564 2576
f 2576 2564 2577
f 2577 2564 2578
f 2564 2579 2578
f 2578 2579 2580
f 2580 2579 2581
f 2581 2579 2582
f 2582 2579 2583
f 2583 2579 2584
f 2584 2579 2585
f 2585 2579 2586
f 2589 2588 2590
f 2588 2591 2590
f 2590 2591 2592
f 2592 2591 2593
f 2593 2591 2594
f 2594 2591 2595
f 2595 2591 2596
f 2596 2591 2597
f 2597 2591 2598
f 2598 2591 2599
f 2599 2591 2600
f 2591 1443 1445
f 2600 2591 1445
f 2601 2603 2602
f 2601 2604 2603
f 2607 2606 2605
f 2608 2609 2606
f 2608 2606 2607
f 2610 2612 2611
f 2612 2613 2611
f 2614 2617 1428
f 2615 2617 2614
f 2616 2617 2615
f 2618 2623 2617
f 2618 2617 2616
f 2619 2623 2618
f 2620 2623 2619
f 2621 2623 2620
f 2622 2623 2621
f 2624 2626 2623
f 2624 2623 2622
f 2625 2626 2624
f 2627 2628 2626
f 2627 2626 2625
f 2629 2631 2630
f 2632 2629 2630
f 2633 2635 2634
f 2633 2634 2636
f 2637 2640 2638
f 2640 2639 2638
f 2640 2642 2641
f 2643 2640 2641
f 2645 2647 2646
f 2647 2648 2646
f 2649 2653 2650
f 2651 2653 2649
f 2652 2653 2651
f 2654 2656 2653
f 2654 2653 2652
f 2655 2656 2654
f 2657 2656 2655
f 1287 1286 2656
f 1287 2656 2657
f 2658 2611 2613
f 2659 2660 2658
f 2661 2663 2662
f 2661 2664 2663
f 2668 2669 2667
f 2670 2672 2668
f 2671 2672 2670
f 2673 2672 2671
f 2673 2675 2672
f 2674 2675 2673
f 2629 2632 2674
f 2676 2677 2678
f 2677 2679 2678
f 2678 2679 2680
f 2679 2682 2681
f 2680 2679 2681
f 2682 2684 2683
f 2681 2682 2683
f 2684 2686 2685
f 2683 2684 2685
f 2686 2688 2687
f 2685 2686 2687
f 2688 2690 2689
f 2687 2688 2689
f 2690 2692 2691
f 2689 2690 2691
f 2691 2692 2693
f 2692 2694 2693
f 2694 2696 2695
f 2693 2694 2695
f 2695 2696 2697
f 2696 2698 2697
f 2698 2700 2699
f 2697 2698 2699
f 2701 2703 2702
f 2700 2701 2702
f 2699 2700 2702
f 2702 2703 2704
f 2703 2705 2706
f 2704 2703 2706
f 2706 2705 2707
f 2708 2707 2709
f 2707 2710 2709
f 2709 2710 2711
f 2712 2713 2711
f 2710 2712 2711
f 2711 2713 2714
f 2713 2715 2714
f 2714 2715 2716
f 2715 2717 2716
f 2716 2717 2718
f 2718 2717 2719
f 2717 2720 2719
f 2720 2721 990
f 2719 2720 990
f 2722 2724 2723
f 2721 2722 2723
f 990 2721 2723
f 2723 2724 2725
f 2725 2724 2726
f 2724 2727 2726
f 2726 2727 2728
f 2727 2729 2728
f 2728 2729 2730
f 2729 2731 2730
f 2730 2731 2732
f 2733 2734 2732
f 2731 2733 2732
f 2732 2734 2735
f 2735 2734 2736
f 2737 2738 2736
f 2734 2737 2736
f 2736 2738 2739
f 2739 2738 2740
f 2738 2741 2740
f 2740 2741 2742
f 2743 2744 2742
f 2741 2743 2742
f 2742 2744 2745
f 2744 1344 2745
f 2745 1344 1345
f 1302 2749 2748
f 1302 1303 2749
f 2750 2752 2751
f 2750 2751 2753
f 1343 2756 2755
f 2754 1343 2755
f 2760 2762 2761
f 2763 2762 2764
f 2762 2765 2764
f 2765 2767 2766
f 2768 2767 2769
f 2774 2775 2776
f 2775 2778 2777
f 1358 2668 1359
f 1360 1359 2668
f 1360 2668 2672
f 1358 2669 2668
f 1358 2667 2669
f 1354 2667 1358
f 1361 1360 2672
f 1361 2672 2675
f 1362 1361 2675
f 1362 2675 2674
f 1354 2666 2667
f 1351 2666 1354
f 2676 1362 2674
f 2676 2674 2632
f 1351 2665 2666
f 2677 2676 2632
f 1351 2664 2665
f 1348 2664 1351
f 1348 2663 2664
f 2679 2677 2632
f 1348 2662 2663
f 2660 2662 1348
f 2660 1348 1344
f 2786 2692 2690
f 2787 2786 2690
f 2788 2692 2786
f 2789 2787 2690
f 2790 2694 2692
f 2790 2692 2788
f 2791 2690 2688
f 2791 2789 2690
f 2792 2694 2790
f 2793 2791 2688
f 2794 2694 2792
f 2795 2688 2686
f 2795 2793 2688
f 2796 2696 2694
f 2796 2694 2794
f 2797 2795 2686
f 2798 2696 2796
f 2799 2686 2684
f 2799 2797 2686
f 2800 2696 2798
f 2801 2799 2684
f 2802 2698 2696
f 2802 2696 2800
f 2803 2684 2682
f 2803 2801 2684
f 2804 2698 2802
f 2805 2803 2682
f 2806 2698 2804
f 2807 2682 2679
f 2807 2805 2682
f 2808 2700 2698
f 2808 2698 2806
f 2809 2679 2632
f 2809 2807 2679
f 2810 2700 2808
f 2811 2809 2632
f 2812 2700 2810
f 2813 2811 2632
f 2814 2701 2700
f 2814 2700 2812
f 2815 2813 2632
f 2816 2701 2814
f 2785 2815 2632
f 2817 2701 2816
f 2818 2701 2817
f 2819 2703 2701
f 2819 2701 2818
f 2820 2703 2819
f 2821 2703 2820
f 2822 2705 2703
f 2822 2703 2821
f 2606 2705 2822
f 2658 2660 1344
f 2606 2707 2705
f 2611 2658 1344
f 2611 1344 2744
f 2606 2710 2707
f 2609 2710 2606
f 2823 2710 2609
f 2823 2712 2710
f 2824 2712 2823
f 2825 2712 2824
f 2826 2712 2825
f 2826 2713 2712
f 2827 2713 2826
f 2828 2713 2827
f 2829 2713 2828
f 2830 2713 2829
f 2830 2715 2713
f 2831 2715 2830
f 2832 2715 2831
f 2833 2715 2832
f 2833 2717 2715
f 2834 2717 2833
f 2835 2717 2834
f 2836 2717 2835
f 2836 2720 2717
f 2837 2720 2836
f 2838 2720 2837
f 2839 2720 2838
f 2839 2721 2720
f 2840 2721 2839
f 2841 2721 2840
f 2842 2722 2721
f 2842 2721 2841
f 2843 2722 2842
f 2844 2722 2843
f 2845 2724 2722
f 2845 2722 2844
f 2846 2724 2845
f 2847 2724 2846
f 2848 2727 2724
f 2848 2724 2847
f 2849 2727 2848
f 2850 2729 2727
f 2850 2727 2849
f 2851 2729 2850
f 2852 2729 2851
f 2852 2731 2729
f 2853 2731 2852
f 2854 2731 2853
f 2854 2733 2731
f 2855 2733 2854
f 2856 2733 2855
f 2856 2734 2733
f 2857 2734 2856
f 2858 2734 2857
f 2858 2737 2734
f 2859 2785 2632
f 2860 2861 2601
f 2862 2601 2861
f 2863 2860 2601
f 2864 2601 2862
f 2865 2863 2601
f 2866 2601 2864
f 2867 2865 2601
f 2868 2601 2866
f 2869 2601 2868
f 2870 2601 2869
f 2871 2601 2870
f 2872 2601 2871
f 2873 2601 2872
f 2874 2601 2873
f 2875 2601 2874
f 2876 2601 2875
f 2877 2601 2876
f 2878 2601 2877
f 2879 2601 2878
f 2880 2601 2879
f 2881 2601 2880
f 2882 2601 2881
f 2883 2601 2882
f 2884 2601 2883
f 2885 2601 2884
f 2886 2601 2885
f 2887 2601 2886
f 2888 2601 2887
f 2889 2601 2888
f 2890 2601 2889
f 2891 2601 2890
f 2892 2601 2891
f 2892 2893 2601
f 2894 2895 2893
f 2894 2893 2892
f 2896 2895 2894
f 2896 2897 2895
f 2898 2899 2897
f 2898 2897 2896
f 2900 2899 2898
f 2900 2737 2858
f 2900 2858 2899
f 2900 2738 2737
f 2901 2738 2900
f 2902 2738 2901
f 2902 2741 2738
f 2903 2741 2902
f 2903 2743 2741
f 2904 2743 2903
f 2905 2743 2904
f 2905 2611 2744
f 2905 2744 2743
f 2906 2611 2905
f 2907 2611 2906
f 2908 2611 2907
f 2909 2611 2908
f 2910 2611 2909
f 2911 2611 2910
f 2912 2611 2911
f 2913 2611 2912
f 2914 2611 2913
f 2747 2611 2914
f 2633 2916 2915
f 2633 2917 2916
f 2633 2918 2917
f 2633 2919 2918
f 2633 2920 2919
f 2633 2921 2920
f 2633 2922 2921
f 2633 2923 2922
f 2633 2924 2923
f 2633 2925 2924
f 2633 2926 2925
f 2633 2927 2926
f 2633 2928 2927
f 2633 2929 2928
f 2633 2930 2929
f 2633 2931 2930
f 2633 2932 2931
f 2633 2933 2932
f 2633 2934 2933
f 2633 2935 2934
f 2633 2936 2935
f 2633 2937 2936
f 2633 2938 2937
f 2633 2939 2938
f 2633 2940 2939
f 2633 2941 2940
f 2633 2942 2941
f 2633 2943 2942
f 2633 2944 2943
f 2633 2945 2944
f 2633 2946 2945
f 2633 2947 2946
f 2633 2948 2947
f 2633 2949 2948
f 2633 2950 2949
f 2633 2951 2950
f 2633 2952 2951
f 2633 2953 2952
f 2954 2915 2955
f 2954 2633 2915
f 2956 2955 2957
f 2956 2954 2955
f 2958 2957 2959
f 2958 2956 2957
f 2960 2959 2961
f 2960 2958 2959
f 2962 2961 2963
f 2962 2960 2961
f 2964 2963 2965
f 2964 2962 2963
f 2966 2964 2965
f 2967 2968 2638
f 2969 2638 2968
f 2970 2638 2971
f 2970 2967 2638
f 2972 2638 2969
f 2973 2970 2971
f 2973 2971 2974
f 2975 2638 2972
f 2976 2974 2977
f 2976 2973 2974
f 2978 2638 2975
f 2979 2976 2977
f 2979 2977 2980
f 2981 2638 2978
f 2982 2979 2980
f 2982 2980 2983
f 2984 2638 2981
f 2985 2983 2986
f 2985 2982 2983
f 2987 2638 2984
f 2988 2986 2966
f 2988 2966 2965
f 2988 2985 2986
f 2989 2638 2987
f 2990 2965 2991
f 2990 2988 2965
f 2992 2638 2989
f 2993 2991 2994
f 2993 2990 2991
f 2995 2638 2992
f 2996 2993 2994
f 2996 2998 2997
f 2996 2994 2998
f 2999 2638 2995
f 3000 2997 3001
f 3000 2996 2997
f 3002 2638 2999
f 3003 3000 3001
f 3004 2638 3002
f 3005 3001 3006
f 3005 3003 3001
f 3007 2638 3004
f 3008 2638 3007
f 3009 2638 3008
f 3010 2638 3009
f 3011 2638 3010
f 3012 2638 3011
f 3013 2638 3012
f 3014 2638 3013
f 3015 2638 3014
f 3016 2638 3015
f 3017 2638 3016
f 3018 2638 3017
f 3019 2638 3018
f 3020 2638 3019
f 3021 2638 3020
f 3022 2638 3021
f 3023 2638 3022
f 3024 2638 3023
f 3025 2638 3024
f 3026 2638 3025
f 3027 2638 3026
f 3028 2638 3027
f 3029 2638 3028
f 2641 3031 3030
f 2641 3032 3031
f 2641 3033 3032
f 2641 3034 3033
f 2641 3035 3034
f 2641 3036 3035
f 2641 3037 3036
f 2641 3038 3037
f 2641 3039 3038
f 2641 3040 3039
f 2641 3041 3040
f 2641 3042 3041
f 2641 3043 3042
f 2641 3044 3043
f 2641 3045 3044
f 2641 3046 3045
f 2641 3047 3046
f 2641 3048 3047
f 2641 3049 3048
f 2641 3050 3049
f 2641 3051 3050
f 2641 3052 3051
f 2641 3053 3052
f 2641 3054 3053
f 2641 3055 3054
f 2641 3056 3055
f 2641 3057 3056
f 2641 3058 3057
f 2641 3059 3058
f 2641 3060 3059
f 2641 3061 3060
f 2641 3062 3061
f 2641 3063 3062
f 2641 3064 3063
f 2641 3065 3064
f 2641 3066 3065
f 2641 3067 3066
f 2641 3068 3067
f 3069 3068 2641
f 3069 3070 3068
f 3071 3070 3069
f 3071 3072 3070
f 3073 3072 3071
f 3073 3074 3072
f 3075 3074 3073
f 3075 3076 3074
f 3077 3076 3075
f 3077 3078 3076
f 3079 3078 3077
f 3079 3080 3078
f 1288 3080 3079
f 3081 3082 1302
f 3083 1302 3082
f 3084 3081 1302
f 3085 1302 3083
f 3086 3084 1302
f 3087 1302 3085
f 3088 3086 1302
f 3089 1302 3087
f 3090 3088 1302
f 3091 1302 3089
f 3092 1302 3091
f 3093 1302 3092
f 3094 1302 3093
f 3095 1302 3094
f 3096 1302 3095
f 3097 1302 3096
f 3098 1302 3097
f 3099 1302 3098
f 3100 1302 3099
f 3101 1302 3100
f 3102 1302 3101
f 3103 1302 3102
f 3104 1302 3103
f 3105 1302 3104
f 3106 1302 3105
f 3107 1302 3106
f 3108 1302 3107
f 3109 1302 3108
f 3110 1302 3109
f 3111 1302 3110
f 3112 1302 3111
f 3113 1302 3112
f 3114 1302 3113
f 3115 1302 3114
f 3116 1302 3115
f 3117 1302 3116
f 3118 1302 3117
f 3119 1300 1302
f 3119 1302 3118
f 3120 1300 3119
f 3120 1298 1300
f 3121 1298 3120
f 3121 1296 1298
f 3122 1296 3121
f 3122 1294 1296
f 3123 1294 3122
f 3123 1292 1294
f 3124 1292 3123
f 3124 1289 1292
f 3125 3080 1288
f 3125 1289 3124
f 3125 1288 1289
f 3126 3080 3125
f 3126 3127 3080
f 3128 3127 3126
f 3128 3129 3127
f 3130 3129 3128
f 3130 3131 3129
f 3132 3131 3130
f 3132 3133 3131
f 2630 3135 3134
f 2630 3136 3135
f 2630 3137 3136
f 2630 3138 3137
f 2630 3139 3138
f 2630 3140 3139
f 2630 3141 3140
f 2630 3142 3141
f 2630 3143 3142
f 2630 3144 3143
f 2630 3145 3144
f 2630 3146 3145
f 2630 3147 3146
f 2630 3148 3147
f 2630 3149 3148
f 2630 3150 3149
f 2630 3151 3150
f 2630 3152 3151
f 2630 3153 3152
f 2630 3154 3153
f 2630 3155 3154
f 2645 3155 2630
f 2645 3156 3155
f 2645 3157 3156
f 2645 3158 3157
f 2645 3159 3158
f 2645 3160 3159
f 2645 3161 3160
f 2645 3162 3161
f 2645 3163 3162
f 2645 3164 3163
f 2645 3165 3164
f 2645 3166 3165
f 2645 3167 3166
f 2645 3168 3167
f 2645 3169 3168
f 2645 3170 3169
f 2645 3171 3170
f 2645 3172 3171
f 2645 3173 3172
f 2645 3174 3173
f 2645 3175 3174
f 2645 3176 3175
f 2645 3177 3176
f 2645 3178 3177
f 2645 3179 3178
f 2645 3180 3179
f 2645 3181 3180
f 2645 3182 3181
f 3183 2645 2630
f 3184 3183 2630
f 3185 3184 2630
f 3186 3185 2630
f 3187 3186 2630
f 3188 3187 2630
f 1220 3188 2630
f 1222 1220 2630
f 1224 1222 2630
f 1226 1224 2630
f 1228 1226 2630
f 1230 2630 3189
f 1230 1228 2630
f 1232 1230 3189
f 1234 1232 3189
f 1173 1254 1253
f 1172 1173 1253
f 1172 1250 1248
f 1172 1253 1250
f 1174 1254 1173
f 1174 1256 1254
f 1174 1259 1256
f 1207 1439 1206
f 1171 1172 1248
f 1171 1246 1244
f 1171 1248 1246
f 1206 1439 1366
f 1175 1259 1174
f 1175 1260 1259
f 1170 1171 1244
f 1170 1244 1242
f 1177 1260 1175
f 1177 1262 1260
f 1177 1264 1262
f 1169 1170 1242
f 1169 1242 1240
f 1204 1206 1366
f 1178 1264 1177
f 1178 1267 1264
f 1178 1268 1267
f 1168 1169 1240
f 1168 1238 1236
f 1168 1240 1238
f 1179 1268 1178
f 1179 1271 1268
f 1179 1272 1271
f 1166 1234 3189
f 1166 1168 1236
f 1166 1236 1234
f 1180 1272 1179
f 1180 1275 1272
f 1180 1276 1275
f 1165 3189 3190
f 1165 1166 3189
f 1181 1276 1180
f 1181 1278 1276
f 1181 1281 1278
f 1208 1439 1207
f 1182 1281 1181
f 1182 1283 1281
f 1183 1283 1182
f 1183 1285 1283
f 1183 1286 1285
f 1209 1439 1208
f 1203 1204 1366
f 1184 1286 1183
f 1184 2656 1286
f 1210 1439 1209
f 1165 3190 3191
f 1210 1432 1439
f 1164 1165 3191
f 3200 1164 3191
f 3192 1203 1366
f 1185 2656 1184
f 1211 1430 1432
f 1211 1432 1210
f 3193 1366 1371
f 3193 3192 1366
f 1186 2653 2656
f 1186 2656 1185
f 3194 3193 1371
f 1188 2653 1186
f 3195 3194 1371
f 1187 2653 1188
f 1189 2653 1187
f 3821 3195 1371
f 1190 3196 2653
f 1190 2653 1189
f 1335 1334 3197
f 1332 3197 1334
f 1332 3191 3197
f 1335 3197 1430
f 1191 3198 3196
f 1191 3199 3198
f 1191 3196 1190
f 1332 3200 3191
f 3203 3821 1371
f 3203 1371 1378
f 1336 1335 1430
f 1336 1430 1211
f 1331 3200 1332
f 1193 3201 3199
f 1193 3202 3201
f 1193 3199 1191
f 1331 3205 3200
f 1338 1336 1211
f 1338 1211 1212
f 1194 3204 3202
f 1194 3202 1193
f 1330 3205 1331
f 1338 1212 1213
f 1195 3206 3204
f 1195 3207 3206
f 1195 3204 1194
f 1196 3208 3207
f 1196 3207 1195
f 1327 3205 1330
f 1327 3209 3205
f 1197 3210 3208
f 1197 3211 3210
f 1197 3208 1196
f 1340 1338 1213
f 1198 3212 3211
f 1198 3211 1197
f 1341 1213 1214
f 1341 1340 1213
f 1199 3212 1198
f 1199 3213 3212
f 1199 3214 3213
f 1327 3217 3209
f 1200 3214 1199
f 1200 3215 3214
f 1341 1214 1215
f 1341 1215 1216
f 1202 3216 3215
f 1202 3215 1200
f 1326 3217 1327
f 1326 3220 3217
f 1341 1216 1217
f 1378 3218 3203
f 1324 3220 1326
f 1324 3219 3220
f 1343 1341 1217
f 1343 1217 1218
f 1343 1218 1219
f 1343 1219 3817
f 1324 3221 3219
f 1378 3222 3218
f 1343 3817 3223
f 1324 3224 3221
f 2756 1343 3223
f 1378 3820 3222
f 2757 3223 3226
f 2757 2756 3223
f 1324 3225 3224
f 2757 3226 3237
f 2610 2750 2753
f 2610 3227 2750
f 2610 3228 3227
f 2610 3229 3228
f 2610 3132 3229
f 2610 3231 3230
f 2610 3232 3231
f 2610 3233 3232
f 2610 3234 3233
f 2610 2753 3234
f 2610 3133 3132
f 2610 3235 3133
f 2610 3236 3235
f 1322 3225 1324
f 2758 2757 3237
f 3238 2610 3230
f 3238 3240 3239
f 3238 3241 3240
f 3238 3230 3241
f 1322 3248 3225
f 2758 3237 3242
f 1321 3248 1322
f 3243 3238 3239
f 3243 3245 3244
f 3243 3246 3245
f 3243 3247 3246
f 3243 3239 3247
f 1381 3258 3820
f 1381 3820 1378
f 2759 2758 3242
f 3249 3251 3250
f 3249 3252 3251
f 3249 3244 3252
f 3249 3243 3244
f 1319 3253 3248
f 1319 3248 1321
f 2760 2759 3242
f 3254 3256 3255
f 3254 3257 3256
f 3254 3250 3257
f 3254 3249 3250
f 1319 3823 3253
f 2760 3242 3258
f 3259 3260 3216
f 3259 3261 3260
f 3259 3255 3261
f 3259 3254 3255
f 1317 3823 1319
f 2762 2760 3258
f 2762 3258 1381
f 3262 1202 1201
f 3262 3216 1202
f 3262 3259 3216
f 1317 3263 3823
f 3262 1201 3263
f 3262 3263 1317
f 3262 1317 1316
f 3262 1316 1313
f 1381 2765 2762
f 2628 1313 1309
f 2628 3262 1313
f 1152 1308 1150
f 1133 1134 2767
f 1151 1150 1308
f 1153 1308 1152
f 1151 1308 1305
f 1153 1309 1308
f 1135 2769 2767
f 1135 2767 1134
f 1149 1151 1305
f 1133 2767 2765
f 1132 1133 2765
f 1148 1149 1305
f 1154 1309 1153
f 1132 2765 1381
f 1132 1381 1382
f 1154 2628 1309
f 1136 2769 1135
f 1155 2628 1154
f 1148 1305 1304
f 1131 1132 1382
f 1131 1382 1384
f 1137 2769 1136
f 1137 2770 2769
f 1155 2626 2628
f 1131 1384 1390
f 1147 1148 1304
f 1137 2771 2770
f 3265 1147 1304
f 3265 1304 2784
f 3264 1131 1390
f 1156 2623 2626
f 1156 2626 1155
f 1138 2771 1137
f 1138 2772 2771
f 3835 3264 1390
f 3266 2784 2783
f 3266 3265 2784
f 1139 2772 1138
f 1157 2623 1156
f 3268 3835 1390
f 1140 2772 1139
f 3267 3266 2783
f 3269 3267 2783
f 1140 2773 2772
f 3270 3269 2783
f 1141 2773 1140
f 1158 2623 1157
f 3271 3270 2783
f 1390 3273 3272
f 1390 3272 3268
f 1141 2774 2773
f 3271 2783 2782
f 1142 2774 1141
f 1395 3273 1390
f 1143 2775 2774
f 1143 2774 1142
f 3274 3271 2782
f 1144 2775 1143
f 2623 1158 1159
f 3288 3274 2782
f 3288 2782 2781
f 1145 2775 1144
f 1395 3275 3273
f 3288 2781 2780
f 2617 1159 1160
f 2617 2623 1159
f 1145 2778 2775
f 1395 3276 3275
f 2617 1160 1162
f 2617 1162 1161
f 1395 3277 3276
f 2617 1161 1163
f 1398 3278 3277
f 1398 3277 1395
f 2617 1163 3279
f 1398 3280 3278
f 1426 2617 3279
f 1403 3833 3280
f 1403 3280 1398
f 1426 3279 3825
f 1426 3825 3826
f 1403 3281 3833
f 1426 3826 3827
f 1403 3282 3281
f 1426 3827 3284
f 1403 3283 3282
f 1421 1426 3284
f 1409 3283 1403
f 1409 3285 3832
f 1409 3832 3283
f 1421 3284 3828
f 1409 3831 3285
f 1421 3828 3286
f 1421 3286 3287
f 1409 1146 3831
f 1421 3287 3288
f 1411 1146 1409
f 1415 1421 3288
f 1411 1145 1146
f 1414 3288 2780
f 1414 1415 3288
f 1411 2778 1145
f 1413 1414 2780
f 1413 2780 2779
f 1413 2778 1411
f 1413 2779 2778
f 2611 2747 2610
f 2747 3289 2610
f 3289 3236 2610
f 2630 3134 2632
f 3134 3005 2632
f 3005 3006 2632
f 3006 2859 2632
f 2646 2748 2645
f 2748 3290 2645
f 3290 3291 2645
f 3291 3292 2645
f 3292 3293 2645
f 3293 3294 2645
f 3294 3182 2645
f 2641 2637 2643
f 2641 3295 2637
f 2641 3296 3295
f 2641 3030 3296
f 2748 2646 1302
f 2646 3297 1302
f 3297 3298 1302
f 3298 3299 1302
f 3299 3090 1302
f 2636 2602 2633
f 2602 3300 2633
f 3300 3301 2633
f 3301 3302 2633
f 3302 2953 2633
f 2638 2643 2637
f 2638 3303 2643
f 2638 3304 3303
f 2638 3305 3304
f 2638 3029 3305
f 2602 2636 2601
f 2636 3306 2601
f 3306 3307 2601
f 3307 3308 2601
f 3308 3309 2601
f 3309 2867 2601
f 2670 2668 1359
f 2670 1359 1360
f 2671 2670 1360
f 1359 2668 1358
f 1358 2668 1357
f 2673 2671 1361
f 2668 2667 1356
f 1357 2668 1356
f 2673 1361 1363
f 2667 2666 1355
f 1356 2667 1355
f 2674 2673 1363
f 2629 2674 1363
f 1355 2666 1353
f 2629 1363 2676
f 2666 2665 1353
f 2629 2676 2678
f 2665 2664 1352
f 1353 2665 1352
f 2664 2661 1352
f 1352 2661 1350
f 2629 2678 2680
f 1350 2661 1349
f 1349 2661 2662
f 1349 2662 2660
f 1347 1349 2660
f 2689 2691 3310
f 2689 3310 3311
f 3310 2691 3312
f 2689 3311 3313
f 2691 2693 3314
f 3312 2691 3314
f 2687 2689 3315
f 2689 3313 3315
f 3314 2693 3316
f 2687 3315 3317
f 3316 2693 3318
f 2685 2687 3319
f 2687 3317 3319
f 2693 2695 3320
f 3318 2693 3320
f 2685 3319 3321
f 3320 2695 3322
f 2683 2685 3323
f 2685 3321 3323
f 3322 2695 3324
f 2683 3323 3325
f 2695 2697 3326
f 3324 2695 3326
f 2681 2683 3327
f 2683 3325 3327
f 3326 2697 3328
f 2681 3327 3329
f 3328 2697 3330
f 2680 2681 3331
f 2681 3329 3331
f 2697 2699 3332
f 3330 2697 3332
f 2629 2680 3333
f 2680 3331 3333
f 3332 2699 3334
f 2629 3333 3335
f 3334 2699 3336
f 2629 3335 3337
f 2699 2702 3338
f 3336 2699 3338
f 2629 3337 3339
f 3338 2702 3340
f 3340 2702 3341
f 3341 2702 3342
f 1347 2660 2659
f 2702 2704 3343
f 3342 2702 3343
f 3343 2704 3344
f 3344 2704 3345
f 2704 2706 3346
f 3345 2704 3346
f 3346 2706 2605
f 2706 2707 2605
f 1347 2659 2658
f 1346 1347 2658
f 2605 2707 2607
f 1345 1346 2658
f 2707 2708 2607
f 1345 2658 2613
f 2745 1345 2613
f 2708 2709 2607
f 2607 2709 2608
f 2709 2711 3347
f 2608 2709 3347
f 3347 2711 3348
f 3348 2711 3349
f 2711 2714 3350
f 3349 2711 3350
f 3350 2714 3351
f 3351 2714 3352
f 3352 2714 3353
f 2714 2716 3354
f 3353 2714 3354
f 3354 2716 3355
f 3355 2716 3356
f 2716 2718 3357
f 3356 2716 3357
f 3357 2718 3358
f 3358 2718 3359
f 3359 2718 3360
f 2718 2719 3360
f 3360 2719 3361
f 3361 2719 3362
f 3362 2719 3363
f 2719 990 3363
f 3363 990 3364
f 3364 990 3365
f 3365 990 3366
f 990 2723 3366
f 3366 2723 3367
f 3367 2723 3368
f 3368 2723 3369
f 2723 2725 3369
f 3369 2725 3370
f 3370 2725 3371
f 2725 2726 3372
f 3371 2725 3372
f 3372 2726 3373
f 2726 2728 3374
f 3373 2726 3374
f 3374 2728 3375
f 2728 2730 3376
f 3375 2728 3376
f 3376 2730 3377
f 3377 2730 3378
f 2730 2732 3378
f 3378 2732 3379
f 3379 2732 3380
f 2732 2735 3380
f 3380 2735 3381
f 2735 2736 3382
f 3381 2735 3382
f 2629 3339 2785
f 2629 2785 3383
f 2604 3385 3384
f 3385 2604 3386
f 2604 3384 3387
f 3386 2604 3388
f 2604 3387 3389
f 3388 2604 3390
f 2604 3389 3391
f 3390 2604 3392
f 3392 2604 3393
f 3393 2604 3394
f 3394 2604 3395
f 3395 2604 3396
f 3396 2604 3397
f 3397 2604 3398
f 3398 2604 3399
f 3399 2604 3400
f 3400 2604 3401
f 3401 2604 3402
f 3402 2604 3403
f 3403 2604 3404
f 3404 2604 3405
f 3405 2604 3406
f 3406 2604 3407
f 3407 2604 3408
f 3408 2604 3409
f 3409 2604 3410
f 3410 2604 3411
f 3411 2604 3412
f 3412 2604 3413
f 3413 2604 3414
f 3414 2604 3415
f 2604 3417 3416
f 3415 2604 3416
f 3416 3417 3418
f 3417 3419 3418
f 3419 3421 3420
f 3418 3419 3420
f 3420 3421 3422
f 3421 3423 3422
f 3382 2736 3424
f 3422 3423 3424
f 3423 3382 3424
f 2736 2739 3424
f 3424 2739 3425
f 3425 2739 3426
f 2739 2740 3426
f 3426 2740 3427
f 2740 2742 3427
f 3427 2742 3428
f 3428 2742 3429
f 2745 2613 3429
f 2742 2745 3429
f 3429 2613 3430
f 3430 2613 3431
f 3431 2613 3432
f 3432 2613 3433
f 3433 2613 3434
f 3434 2613 3435
f 3435 2613 3436
f 3436 2613 3437
f 3437 2613 3438
f 3438 2613 2747
f 3439 3440 2635
f 3441 3439 2635
f 3442 3441 2635
f 3443 3442 2635
f 3444 3443 2635
f 3445 3444 2635
f 3446 3445 2635
f 3447 3446 2635
f 3448 3447 2635
f 3449 3448 2635
f 3450 3449 2635
f 3451 3450 2635
f 3452 3451 2635
f 3453 3452 2635
f 3454 3453 2635
f 3455 3454 2635
f 3456 3455 2635
f 3457 3456 2635
f 3458 3457 2635
f 3459 3458 2635
f 3460 3459 2635
f 3461 3460 2635
f 3462 3461 2635
f 3463 3462 2635
f 3464 3463 2635
f 3465 3464 2635
f 3466 3465 2635
f 3467 3466 2635
f 3468 3467 2635
f 3469 3468 2635
f 3470 3469 2635
f 3471 3470 2635
f 3472 3471 2635
f 3473 3472 2635
f 3474 3473 2635
f 3475 3474 2635
f 3476 3475 2635
f 3477 3476 2635
f 3477 2635 3478
f 3479 3477 3478
f 3479 3478 3480
f 3481 3479 3480
f 3481 3480 3482
f 3483 3481 3482
f 3483 3482 3484
f 3485 3483 3484
f 3485 3484 3486
f 3487 3485 3486
f 3487 3486 3488
f 3489 3487 3488
f 3489 3488 3490
f 2639 3492 3491
f 3492 2639 3493
f 3494 2639 3495
f 2639 3491 3495
f 3493 2639 3496
f 3497 3494 3498
f 3494 3495 3498
f 3496 2639 3499
f 3500 3497 3501
f 3497 3498 3501
f 3499 2639 3502
f 3500 3501 3503
f 3504 3500 3503
f 3502 2639 3505
f 3504 3503 3506
f 3507 3504 3506
f 3505 2639 3508
f 3509 3507 3510
f 3507 3506 3510
f 3508 2639 3511
f 3509 3510 3512
f 3490 3509 3512
f 3489 3490 3512
f 3511 2639 3513
f 3489 3512 3514
f 3515 3489 3514
f 3513 2639 3516
f 3515 3514 3517
f 3518 3515 3517
f 3516 2639 3519
f 3518 3517 3520
f 3521 3518 3520
f 3519 2639 3522
f 3521 3520 3523
f 3524 3521 3523
f 3525 3524 3523
f 3522 2639 3526
f 3525 3523 3527
f 3526 2639 3528
f 3525 3527 3529
f 3530 3525 3529
f 3528 2639 3531
f 3531 2639 3532
f 3532 2639 3533
f 3533 2639 3534
f 3534 2639 3535
f 3535 2639 3536
f 3536 2639 3537
f 3537 2639 3538
f 3538 2639 3539
f 3539 2639 3540
f 3540 2639 3541
f 3541 2639 3542
f 3542 2639 3543
f 3543 2639 3544
f 3544 2639 3545
f 3545 2639 3546
f 3546 2639 3547
f 3547 2639 3548
f 3548 2639 3549
f 3549 2639 3550
f 3550 2639 3551
f 3551 2639 3552
f 3552 2639 3553
f 3554 3555 2642
f 3556 3554 2642
f 3557 3556 2642
f 3558 3557 2642
f 3559 3558 2642
f 3560 3559 2642
f 3561 3560 2642
f 3562 3561 2642
f 3563 3562 2642
f 3564 3563 2642
f 3565 3564 2642
f 3566 3565 2642
f 3567 3566 2642
f 3568 3567 2642
f 3569 3570 2642
f 3571 3569 2642
f 3572 3571 2642
f 3573 3572 2642
f 3574 3573 2642
f 3575 3574 2642
f 3576 3575 2642
f 3577 3576 2642
f 3578 3577 2642
f 3579 3578 2642
f 3580 3579 2642
f 3581 3580 2642
f 3582 3581 2642
f 3583 3582 2642
f 3584 3583 2642
f 3585 3584 2642
f 3586 3585 2642
f 3587 3586 2642
f 3588 3587 2642
f 3589 3588 2642
f 3590 3589 2642
f 3591 3590 2642
f 3592 3591 2642
f 3555 3592 2642
f 2642 3570 3593
f 3570 3594 3593
f 3593 3594 3595
f 3594 3596 3595
f 3595 3596 3597
f 3596 3598 3597
f 3597 3598 3599
f 3598 3600 3599
f 3599 3600 3601
f 3600 3602 3601
f 3601 3602 3603
f 3602 3604 3603
f 3603 3604 1290
f 1303 3606 3605
f 3606 1303 3607
f 1303 3605 3608
f 3607 1303 3609
f 1303 3608 3610
f 3609 1303 3611
f 1303 3610 3612
f 3611 1303 3613
f 1303 3612 3614
f 3613 1303 3615
f 3615 1303 3616
f 3616 1303 3617
f 3617 1303 3618
f 3618 1303 3619
f 3619 1303 3620
f 3620 1303 3621
f 3621 1303 3622
f 3622 1303 3623
f 3623 1303 3624
f 3624 1303 3625
f 3625 1303 3626
f 3626 1303 3627
f 3627 1303 3628
f 3628 1303 3629
f 3629 1303 3630
f 3630 1303 3631
f 3631 1303 3632
f 3632 1303 3633
f 3633 1303 3634
f 3634 1303 3635
f 3635 1303 3636
f 3636 1303 3637
f 3637 1303 3638
f 3638 1303 3639
f 3639 1303 3640
f 3640 1303 3641
f 3641 1303 3642
f 3642 1303 3643
f 1303 1301 3643
f 3643 1301 3644
f 1301 1299 3644
f 3644 1299 3645
f 1299 1297 3645
f 3645 1297 3646
f 1297 1295 3646
f 3646 1295 3647
f 1295 1293 3647
f 3647 1293 3648
f 1293 1291 3648
f 1290 3604 3649
f 3648 1291 3649
f 3604 3650 3649
f 1291 1290 3649
f 3649 3650 3651
f 3651 3650 3652
f 3653 3654 3652
f 3650 3653 3652
f 3652 3654 3655
f 3654 3656 3655
f 3655 3656 3657
f 3658 3659 2631
f 3660 3658 2631
f 3661 3660 2631
f 3662 3661 2631
f 3663 3662 2631
f 3664 3663 2631
f 3665 3664 2631
f 3666 3665 2631
f 3667 3666 2631
f 3668 3667 2631
f 3669 3668 2631
f 3670 3669 2631
f 3671 3670 2631
f 3672 3671 2631
f 3673 3672 2631
f 3674 3673 2631
f 3675 3674 2631
f 3676 3675 2631
f 3677 3676 2631
f 2644 3677 2631
f 2631 3659 2647
f 3678 3679 2647
f 3680 3678 2647
f 3681 3680 2647
f 3682 3681 2647
f 3683 3682 2647
f 3684 3683 2647
f 3685 3684 2647
f 3686 3685 2647
f 3687 3686 2647
f 3688 3687 2647
f 3689 3688 2647
f 3690 3689 2647
f 3691 3690 2647
f 3692 3691 2647
f 3693 3692 2647
f 3694 3693 2647
f 3695 3694 2647
f 3696 3695 2647
f 3697 3696 2647
f 3698 3697 2647
f 3699 3698 2647
f 3700 3699 2647
f 3701 3700 2647
f 3702 3701 2647
f 3703 3702 2647
f 3704 3703 2647
f 3659 3704 2647
f 2631 2647 3705
f 2631 3705 3706
f 2631 3706 3707
f 2631 3707 3708
f 2631 3708 3709
f 2631 3709 3710
f 2631 3710 1221
f 2631 1221 1223
f 2631 1223 1225
f 2631 1225 1227
f 2631 1227 1229
f 3711 2631 1231
f 2631 1229 1231
f 3711 1231 1233
f 3711 1233 1235
f 3712 3711 1237
f 3711 1235 1237
f 3712 1237 1239
f 3712 1239 1241
f 3713 3712 1243
f 3712 1241 1243
f 3713 1243 1245
f 3713 1245 1247
f 1266 1269 1594
f 1266 1594 1596
f 1265 1266 1596
f 1440 1722 1724
f 1594 1269 1592
f 1269 1270 1592
f 1722 1440 1720
f 1440 1438 1720
f 1265 1596 1598
f 1263 1265 1598
f 1440 1724 1726
f 1592 1270 1590
f 1270 1273 1590
f 1720 1438 1718
f 1263 1598 1600
f 1261 1263 1600
f 1440 1726 1728
f 1590 1273 1588
f 1274 1277 1588
f 1273 1274 1588
f 1718 1438 1716
f 1261 1600 1602
f 1258 1261 1602
f 1440 1728 1730
f 1441 1440 1730
f 1588 1277 1586
f 1277 1279 1586
f 1716 1438 1714
f 1257 1258 1604
f 1258 1602 1604
f 1441 1730 1732
f 1714 1438 1713
f 1438 1437 1713
f 1586 1279 1585
f 1279 1280 1585
f 1255 1257 1606
f 1252 1255 1606
f 1257 1604 1606
f 1441 1732 1734
f 1585 1280 1582
f 1280 1282 1582
f 1713 1437 1710
f 1441 1734 1736
f 1251 1252 1608
f 1252 1606 1608
f 1582 1282 1580
f 1282 1284 1580
f 1710 1437 1708
f 1249 1251 1610
f 1251 1608 1610
f 1441 1736 1738
f 1580 1284 1578
f 1284 1287 1578
f 1708 1437 1706
f 1437 1436 1706
f 1247 1249 1612
f 1249 1610 1612
f 1441 1738 1740
f 1442 1441 1740
f 1706 1436 1704
f 1578 1287 1576
f 3713 1247 1614
f 1247 1612 1614
f 1442 1740 1742
f 1576 1287 1575
f 1704 1436 1703
f 3714 3713 1616
f 3713 1614 1616
f 1442 1742 1744
f 1575 1287 1572
f 1287 2657 1572
f 1703 1436 1700
f 3714 1616 1618
f 1442 1744 1746
f 1572 2657 1570
f 1700 1436 1698
f 1436 1435 1698
f 3715 3714 1620
f 3714 1618 1620
f 1442 1746 1748
f 1365 1442 1748
f 1570 2657 1568
f 1698 1435 1696
f 3715 1620 1622
f 1365 1748 1750
f 1568 2657 1566
f 1696 1435 1694
f 3715 1622 1624
f 1365 1750 1752
f 1566 2657 1564
f 2657 2655 1564
f 1694 1435 1692
f 1435 1434 1692
f 3716 3715 1626
f 3715 1624 1626
f 1365 1752 1754
f 1692 1434 1690
f 1564 2655 1562
f 3716 1626 2423
f 1365 1754 2299
f 1562 2655 1560
f 1690 1434 1688
f 1434 1433 1688
f 3716 2423 2425
f 3717 3716 2425
f 1365 2299 2301
f 1560 2655 1558
f 1688 1433 1686
f 3717 2425 2427
f 1365 2301 2303
f 1364 1365 2303
f 1558 2655 1556
f 1686 1433 1684
f 1433 1431 1684
f 3717 2427 2429
f 1364 2303 2305
f 1684 1431 1682
f 2655 2654 1554
f 1556 2655 1554
f 1364 2305 2307
f 3718 3717 2431
f 3717 2429 2431
f 1554 2654 1552
f 1682 1431 1680
f 3718 2431 2433
f 1364 2307 2309
f 1680 1431 1678
f 1431 1429 1678
f 1552 2654 1550
f 1364 2309 2311
f 1550 2654 1548
f 1364 2311 2314
f 1367 1364 2314
f 1548 2654 1546
f 1367 2314 2316
f 1546 2654 1544
f 2654 2652 1544
f 1367 2316 2317
f 1544 2652 1542
f 1367 2317 2319
f 1542 2652 1541
f 1367 2319 2321
f 1368 1367 2321
f 1541 2652 1539
f 1368 2321 2323
f 2652 2651 1536
f 1539 2652 1536
f 1368 2323 2325
f 1536 2651 1534
f 1368 2325 2327
f 1534 2651 1532
f 1368 2327 2329
f 1532 2651 1530
f 1368 2329 2332
f 1369 1368 2332
f 2651 2649 1528
f 1530 2651 1528
f 1369 2332 2334
f 1528 2649 1526
f 1369 2334 2335
f 1526 2649 1524
f 1369 2335 2338
f 1524 2649 1522
f 1370 1369 2340
f 1369 2338 2340
f 1522 2649 1520
f 2649 2650 1520
f 1370 2340 2341
f 1520 2650 1518
f 1370 2341 2343
f 1518 2650 1516
f 2650 3719 1516
f 1370 2343 2345
f 1516 3719 1514
f 3719 3720 1514
f 1370 2345 2348
f 1514 3720 1512
f 3720 3721 1512
f 1512 3721 1510
f 3721 3722 1510
f 1510 3722 1508
f 3722 3723 1508
f 1370 2348 1372
f 2350 2352 1372
f 2348 2350 1372
f 1372 2352 2353
f 1508 3723 1506
f 3724 3725 1506
f 3723 3724 1506
f 1506 3725 1504
f 3725 3726 1504
f 3726 3727 1501
f 1504 3726 1501
f 3727 3728 1503
f 1501 3727 1503
f 3728 3729 2545
f 1503 3728 2545
f 3729 3730 2543
f 2545 3729 2543
f 2543 3730 2541
f 3730 3731 2541
f 2357 2359 1373
f 2355 2357 1373
f 2353 2355 1373
f 1372 2353 1373
f 1429 1484 1485
f 1429 3718 1484
f 1484 3718 1483
f 2433 2435 1483
f 3718 2433 1483
f 1676 1678 1486
f 1429 1485 1486
f 1678 1429 1486
f 2438 2440 1482
f 2435 2438 1482
f 1483 2435 1482
f 1674 1676 1487
f 1672 1674 1487
f 1676 1486 1487
f 2441 2443 1481
f 2440 2441 1481
f 1482 2440 1481
f 1670 1672 1489
f 1669 1670 1489
f 1672 1487 1489
f 1481 2443 1480
f 2445 2447 1480
f 2443 2445 1480
f 2361 2363 1374
f 2359 2361 1374
f 1373 2359 1374
f 1667 1669 1490
f 1664 1667 1490
f 1669 1489 1490
f 2449 2451 1479
f 2447 2449 1479
f 1480 2447 1479
f 1662 1664 1491
f 1660 1662 1491
f 1664 1490 1491
f 2453 2456 1478
f 2451 2453 1478
f 1479 2451 1478
f 1658 1660 1492
f 1656 1658 1492
f 1654 1656 1492
f 1660 1491 1492
f 1478 2456 1476
f 2458 2459 1476
f 2456 2458 1476
f 1654 1492 1493
f 1652 1654 1493
f 1650 1652 1493
f 2464 2465 1475
f 2462 2464 1475
f 2459 2462 1475
f 1476 2459 1475
f 1648 1650 1494
f 1646 1648 1494
f 1650 1493 1494
f 2467 2469 1474
f 2465 2467 1474
f 1475 2465 1474
f 2367 2369 1375
f 2366 2367 1375
f 2363 2366 1375
f 1374 2363 1375
f 1644 1646 1495
f 1642 1644 1495
f 1640 1642 1495
f 1646 1494 1495
f 2472 2474 1473
f 2469 2472 1473
f 1474 2469 1473
f 1638 1640 1496
f 1636 1638 1496
f 1640 1495 1496
f 2477 2479 1472
f 2476 2477 1472
f 2474 2476 1472
f 1473 2474 1472
f 1636 1496 1498
f 1634 1636 1498
f 1632 1634 1498
f 1629 1632 1498
f 2483 2485 1471
f 2481 2483 1471
f 2479 2481 1471
f 1472 2479 1471
f 2421 1631 1499
f 1631 1629 1499
f 1629 1498 1499
f 1375 2369 1376
f 2371 2373 1376
f 2369 2371 1376
f 2487 2490 1470
f 2485 2487 1470
f 1471 2485 1470
f 2419 2421 2547
f 2417 2419 2547
f 2415 2417 2547
f 2421 1499 2547
f 2493 2495 1469
f 2491 2493 1469
f 2490 2491 1469
f 1470 2490 1469
f 2413 2415 2548
f 2411 2413 2548
f 2415 2547 2548
f 2495 2497 1468
f 1469 2495 1468
f 2497 2499 1468
f 2409 2411 2549
f 2407 2409 2549
f 2405 2407 2549
f 2411 2548 2549
f 3732 3657 2612
f 3733 3732 2612
f 3734 3733 2612
f 2752 3734 2612
f 3735 2751 2612
f 3736 3735 2612
f 3737 3736 2612
f 3738 3737 2612
f 3739 3738 2612
f 2751 2752 2612
f 3657 3656 2612
f 3740 3741 2612
f 3656 3740 2612
f 1376 2373 1377
f 1468 2499 1467
f 2501 2503 1467
f 2499 2501 1467
f 2404 2405 2550
f 2401 2404 2550
f 2405 2549 2550
f 2507 2509 1466
f 2505 2507 1466
f 2503 2505 1466
f 1467 2503 1466
f 3742 3739 3743
f 3744 3742 3743
f 3745 3744 3743
f 3739 2612 3743
f 2399 2401 2551
f 2397 2399 2551
f 2401 2550 2551
f 1466 2509 1465
f 2511 2513 1465
f 2509 2511 1465
f 2395 2397 2552
f 2393 2395 2552
f 2391 2393 2552
f 2397 2551 2552
f 3745 3743 3746
f 3747 3745 3746
f 3748 3747 3746
f 3749 3748 3746
f 3750 3749 3746
f 1465 2513 1464
f 2515 2517 1464
f 2513 2515 1464
f 2389 2391 2554
f 2387 2389 2554
f 2391 2552 2554
f 1464 2517 1463
f 2519 2521 1463
f 2517 2519 1463
f 3751 3750 3752
f 3753 3751 3752
f 3754 3753 3752
f 3750 3746 3752
f 2387 2554 2555
f 2385 2387 2555
f 2383 2385 2555
f 1463 2521 1462
f 2523 2525 1462
f 2521 2523 1462
f 2383 2555 2556
f 2381 2383 2556
f 2379 2381 2556
f 3754 3752 3755
f 3756 3754 3755
f 3757 3756 3755
f 3758 3757 3755
f 1462 2525 1461
f 2528 2529 1461
f 2525 2528 1461
f 2377 2379 2557
f 2375 2377 2557
f 2379 2556 2557
f 3759 3758 3760
f 3761 3759 3760
f 3762 3761 3760
f 3758 3755 3760
f 1461 2529 1459
f 2531 2533 1459
f 2529 2531 1459
f 2375 2557 2558
f 2373 2375 2558
f 1377 2373 2558
f 1459 2533 1458
f 2533 2535 1458
f 3763 3762 3764
f 3765 3763 3764
f 3731 3765 3764
f 3762 3760 3764
f 1377 2558 2559
f 1379 1377 2559
f 2541 3731 3766
f 3731 3764 3766
f 2539 2541 3766
f 2537 2539 3766
f 1458 2535 3767
f 1457 1458 3767
f 2537 3766 3767
f 2535 2537 3767
f 1379 2559 2560
f 1380 1379 2560
f 1457 3767 3768
f 2560 2561 1380
f 1457 3768 3769
f 1456 1457 2627
f 1457 3769 2627
f 1380 2561 1382
f 1455 1456 2627
f 1382 2561 1383
f 2561 2562 1383
f 1450 1451 1978
f 1450 1978 1980
f 2567 1850 1852
f 2566 2567 1852
f 1978 1451 1976
f 1850 2567 1848
f 2567 2568 1848
f 1450 1980 1982
f 2566 1852 1854
f 1451 1452 1974
f 1976 1451 1974
f 1848 2568 1846
f 1450 1982 1984
f 1449 1450 1984
f 2566 1854 1856
f 2565 2566 1856
f 1974 1452 1972
f 2568 2569 1844
f 1846 2568 1844
f 1449 1984 1986
f 2565 1856 1858
f 1972 1452 1970
f 1452 1453 1970
f 1844 2569 1842
f 1448 1449 1988
f 1449 1986 1988
f 2565 1858 1860
f 2563 2565 1860
f 1970 1453 1969
f 1842 2569 1841
f 1448 1988 1990
f 2563 1860 1862
f 1453 1454 1966
f 1969 1453 1966
f 1841 2569 1838
f 2569 2570 1838
f 1448 1990 1992
f 1447 1448 1992
f 2563 1862 1864
f 2562 2563 1864
f 1966 1454 1964
f 1838 2570 1836
f 1447 1992 1994
f 2562 1864 1866
f 1454 1455 1962
f 1964 1454 1962
f 2570 2571 1834
f 1836 2570 1834
f 1447 1994 1996
f 1383 2562 1868
f 2562 1866 1868
f 1455 2627 1960
f 2627 2625 1960
f 1962 1455 1960
f 1834 2571 1832
f 1447 1996 1998
f 1446 1447 1998
f 1383 1868 1870
f 1960 2625 1959
f 1832 2571 1831
f 2571 2572 1831
f 1446 1998 2000
f 1383 1870 1872
f 1385 1383 1872
f 1959 2625 1956
f 1831 2572 1828
f 1444 1446 2002
f 1446 2000 2002
f 1385 1872 1874
f 1956 2625 1954
f 2625 2624 1954
f 1828 2572 1826
f 1444 2002 2004
f 1385 1874 1876
f 1386 1385 1876
f 1954 2624 1952
f 1826 2572 1824
f 2572 2573 1824
f 1444 2004 2006
f 1386 1876 1878
f 2624 2622 1950
f 1952 2624 1950
f 1824 2573 1822
f 1444 2006 2008
f 1445 1444 2008
f 1386 1878 1880
f 1387 1386 1880
f 1822 2573 1820
f 1950 2622 1948
f 1445 2008 2010
f 1387 1880 1882
f 2622 2621 1946
f 1948 2622 1946
f 1820 2573 1818
f 2573 2574 1818
f 1445 2010 2051
f 2600 1445 2051
f 1387 1882 2175
f 1946 2621 1944
f 1818 2574 1816
f 2600 2051 2053
f 1388 1387 2177
f 1387 2175 2177
f 1944 2621 1942
f 1816 2574 1814
f 2574 2575 1814
f 2600 2053 2055
f 1388 2177 2179
f 1942 2621 1940
f 1814 2575 1812
f 1388 2179 2181
f 2599 2600 2057
f 2600 2055 2057
f 1940 2621 2620
f 1940 2620 1938
f 1812 2575 1810
f 1388 2181 2183
f 2599 2057 2059
f 1938 2620 1936
f 2575 2576 1808
f 1810 2575 1808
f 2598 2599 2061
f 2599 2059 2061
f 1936 2620 1934
f 1808 2576 1806
f 2598 2061 2063
f 1934 2620 1932
f 2576 2577 1804
f 1806 2576 1804
f 2598 2063 2066
f 1804 2577 1802
f 2598 2066 2068
f 2597 2598 2068
f 1388 2183 1389
f 2190 2192 1389
f 2187 2190 1389
f 2185 2187 1389
f 2183 2185 1389
f 1802 2577 1800
f 2577 2578 1800
f 2597 2068 2069
f 1800 2578 1798
f 2597 2069 2071
f 2596 2597 2071
f 1798 2578 1797
f 2596 2071 2073
f 1797 2578 1795
f 2578 2580 1795
f 2595 2596 2075
f 2596 2073 2075
f 1795 2580 1792
f 2595 2075 2077
f 1932 2620 2619
f 1930 1932 2619
f 1928 1930 2619
f 1926 1928 2619
f 2580 2581 1790
f 1792 2580 1790
f 2595 2077 2079
f 1790 2581 1788
f 2594 2595 2081
f 2595 2079 2081
f 2581 2582 1786
f 1788 2581 1786
f 2594 2081 2084
f 1786 2582 1784
f 2593 2594 2086
f 2594 2084 2086
f 2582 2583 1782
f 1784 2582 1782
f 1389 2192 1391
f 2197 2199 1391
f 2195 2197 1391
f 2193 2195 1391
f 2192 2193 1391
f 2593 2086 2087
f 1782 2583 1780
f 2593 2087 2090
f 2592 2593 2090
f 1780 2583 1778
f 2583 2584 1778
f 2592 2090 2092
f 1778 2584 1776
f 2592 2092 2093
f 2590 2592 2093
f 1776 2584 1774
f 2584 2585 1774
f 2590 2093 2095
f 1774 2585 1772
f 1926 2619 2618
f 1925 1926 2618
f 1923 1925 2618
f 1920 1923 2618
f 1918 1920 2618
f 2589 2590 2097
f 2590 2095 2097
f 1772 2585 1770
f 2589 2097 2100
f 1391 2199 1392
f 2205 2208 1392
f 2203 2205 1392
f 2201 2203 1392
f 2199 2201 1392
f 1918 2618 2616
f 1916 1918 2616
f 1914 1916 2616
f 1912 1914 2616
f 1910 1912 2616
f 1908 1910 2616
f 1392 2208 1393
f 2216 2217 1393
f 2214 2216 1393
f 2211 2214 1393
f 2210 2211 1393
f 2208 2210 1393
f 1908 2616 2615
f 1906 1908 2615
f 1904 1906 2615
f 1902 1904 2615
f 1900 1902 2615
f 1898 1900 2615
f 1393 2217 1394
f 2224 2226 1394
f 2221 2224 1394
f 2219 2221 1394
f 2217 2219 1394
f 1898 2615 2614
f 1896 1898 2614
f 1894 1896 2614
f 1892 1894 2614
f 1890 1892 2614
f 1394 2226 1396
f 2233 2235 1396
f 2231 2233 1396
f 2229 2231 1396
f 2228 2229 1396
f 2226 2228 1396
f 1890 2614 1428
f 2173 1887 1428
f 2171 2173 1428
f 2169 2171 1428
f 1888 1890 1428
f 1885 1888 1428
f 1887 1885 1428
f 1396 2235 1397
f 2245 2247 1397
f 2243 2245 1397
f 2242 2243 1397
f 2239 2242 1397
f 2237 2239 1397
f 2235 2237 1397
f 2169 1428 1427
f 2167 2169 1427
f 2165 2167 1427
f 2163 2165 1427
f 2161 2163 1427
f 2159 2161 1427
f 1397 2247 1399
f 2253 2255 1399
f 2251 2253 1399
f 2249 2251 1399
f 2247 2249 1399
f 2157 2159 1425
f 2156 2157 1425
f 2153 2156 1425
f 2151 2153 1425
f 2159 1427 1425
f 1399 2255 1400
f 2263 2265 1400
f 2261 2263 1400
f 2259 2261 1400
f 2257 2259 1400
f 2255 2257 1400
f 2151 1425 1424
f 2149 2151 1424
f 2147 2149 1424
f 2145 2147 1424
f 2143 2145 1424
f 2141 2143 1424
f 2271 2273 1401
f 2269 2271 1401
f 2267 2269 1401
f 2265 2267 1401
f 1400 2265 1401
f 2141 1424 1423
f 2139 2141 1423
f 2137 2139 1423
f 2135 2137 1423
f 2133 2135 1423
f 2280 2281 1402
f 2277 2280 1402
f 2275 2277 1402
f 2273 2275 1402
f 1401 2273 1402
f 2133 1423 1422
f 2131 2133 1422
f 2129 2131 1422
f 2127 2129 1422
f 2125 2127 1422
f 2287 2289 1404
f 2285 2287 1404
f 2283 2285 1404
f 2281 2283 1404
f 1402 2281 1404
f 2125 1422 1420
f 2123 2125 1420
f 2121 2123 1420
f 2119 2121 1420
f 2293 2295 1405
f 2291 2293 1405
f 2289 2291 1405
f 1404 2289 1405
f 2119 1420 1419
f 2118 2119 1419
f 2115 2118 1419
f 2113 2115 1419
f 2297 1759 1406
f 2295 2297 1406
f 1759 1757 1406
f 1405 2295 1406
f 2113 1419 1418
f 2111 2113 1418
f 2109 2111 1418
f 1760 1762 1407
f 1757 1760 1407
f 1406 1757 1407
f 2109 1418 1417
f 2107 2109 1417
f 2105 2107 1417
f 2104 2105 1417
f 1764 1766 1408
f 1762 1764 1408
f 1407 1762 1408
f 2104 1417 1416
f 2102 2104 1416
f 2100 2102 1416
f 1768 1770 1410
f 1766 1768 1410
f 1408 1766 1410
f 2585 2586 1410
f 1770 2585 1410
f 2100 1416 1413
f 2589 2100 1413
f 1410 2586 1411
f 2588 2589 1413
f 2587 2588 1413
f 1411 2586 1412
f 2586 2587 1412
f 2587 1413 1412
f 2629 2644 2631
f 2629 3770 2644
f 2629 3529 3770
f 2629 3530 3529
f 2629 3383 3530
f 2612 2746 2613
f 2612 3771 2746
f 2612 3741 3771
f 2746 2747 2613
f 2647 2749 2648
f 2647 3772 2749
f 2647 3773 3772
f 2647 3774 3773
f 2647 3775 3774
f 2647 3776 3775
f 2647 3679 3776
f 1303 2648 2749
f 1303 3777 2648
f 1303 3778 3777
f 1303 3779 3778
f 1303 3614 3779
f 2640 3780 2642
f 3780 3781 2642
f 3781 3782 2642
f 3782 3568 2642
f 2640 3783 2639
f 3783 3784 2639
f 3784 3785 2639
f 3785 3553 2639
f 2635 2603 2634
f 2635 3786 2603
f 2635 3787 3786
f 2635 3788 3787
f 2635 3440 3788
f 2604 2634 2603
f 2604 3789 2634
f 2604 3790 3789
f 2604 3791 3790
f 2604 3792 3791
f 2604 3391 3792
f 2785 2859 3383
f 3383 2859 3530
f 2859 3006 3530
f 3530 3006 3525
f 3006 3001 3525
f 3525 3001 3524
f 3001 2997 3524
f 3524 2997 3521
f 2997 2998 3521
f 3521 2998 3518
f 2998 2994 3518
f 3518 2994 3515
f 2994 2991 3515
f 3515 2991 3489
f 2991 2965 3489
f 3489 2965 3487
f 2965 2963 3487
f 3487 2963 3485
f 2963 2961 3485
f 3485 2961 3483
f 2961 2959 3483
f 3483 2959 3481
f 2959 2957 3481
f 3481 2957 3479
f 2957 2955 3479
f 2955 2915 3477
f 3479 2955 3477
f 2915 2916 3476
f 3477 2915 3476
f 2916 2917 3475
f 2917 2918 3475
f 3476 2916 3475
f 3475 2918 3474
f 2918 2919 3473
f 3474 2918 3473
f 2919 2920 3472
f 3473 2919 3472
f 2920 2921 3471
f 2921 2922 3471
f 3472 2920 3471
f 3471 2922 3470
f 3470 2922 3469
f 2922 2923 3469
f 3469 2923 3468
f 2923 2924 3468
f 3468 2924 3467
f 2924 2925 3467
f 3467 2925 3466
f 2925 2926 3466
f 3466 2926 3465
f 2926 2927 3465
f 3465 2927 3464
f 2927 2928 3464
f 3464 2928 3463
f 2928 2929 3463
f 3463 2929 3462
f 2929 2930 3462
f 3462 2930 3461
f 2930 2931 3461
f 2931 2932 3461
f 3461 2932 3460
f 3460 2932 3459
f 2932 2933 3459
f 3459 2933 3458
f 2933 2934 3458
f 2934 2935 3458
f 3458 2935 3457
f 3457 2935 3456
f 2935 2936 3456
f 3456 2936 3455
f 2936 2937 3455
f 3455 2937 3454
f 2937 2938 3454
f 3454 2938 3453
f 2938 2939 3453
f 3453 2939 3452
f 2939 2940 3452
f 2940 2941 3452
f 3452 2941 3451
f 3451 2941 3450
f 2941 2942 3450
f 3450 2942 3449
f 2942 2943 3449
f 2943 2944 3448
f 3449 2943 3448
f 2944 2945 3447
f 3448 2944 3447
f 2945 2946 3446
f 3447 2945 3446
f 3446 2946 3445
f 2946 2947 3445
f 3445 2947 3444
f 2947 2948 3444
f 2948 2949 3443
f 2949 2950 3443
f 3444 2948 3443
f 3443 2950 3442
f 2950 2951 3441
f 2951 2952 3441
f 3442 2950 3441
f 3441 2952 3439
f 2952 2953 3440
f 3439 2952 3440
f 2953 3302 3788
f 3440 2953 3788
f 3302 3301 3787
f 3301 3300 3787
f 3788 3302 3787
f 3787 3300 3786
f 3300 2602 2603
f 3786 3300 2603
f 2604 2601 3417
f 2601 2893 3417
f 2893 2895 3417
f 2895 2897 3419
f 3417 2895 3419
f 3419 2897 3421
f 2897 2899 3421
f 3421 2899 3423
f 2899 2858 3423
f 3423 2858 3382
f 2858 2857 3382
f 3382 2857 3381
f 2857 2856 3381
f 3381 2856 3380
f 2856 2855 3380
f 3380 2855 3379
f 2855 2854 3379
f 3379 2854 3378
f 2854 2853 3378
f 3378 2853 3377
f 2853 2852 3377
f 3377 2852 3376
f 2852 2851 3376
f 3376 2851 3375
f 2851 2850 3375
f 3375 2850 3374
f 2850 2849 3374
f 3374 2849 3373
f 2849 2848 3373
f 3373 2848 3372
f 2848 2847 3372
f 3372 2847 3371
f 2847 2846 3371
f 3371 2846 3370
f 2846 2845 3370
f 2845 2844 3369
f 3370 2845 3369
f 2844 2843 3368
f 3369 2844 3368
f 2843 2842 3367
f 3368 2843 3367
f 2842 2841 3366
f 3367 2842 3366
f 3366 2841 3365
f 2841 2840 3364
f 2840 2839 3364
f 3365 2841 3364
f 2839 2838 3363
f 3364 2839 3363
f 2838 2837 3362
f 3363 2838 3362
f 3362 2837 3361
f 2837 2836 3360
f 2836 2835 3360
f 3361 2837 3360
f 3360 2835 3359
f 3359 2835 3358
f 2835 2834 3358
f 2834 2833 3358
f 3358 2833 3357
f 3357 2833 3356
f 2833 2832 3356
f 3356 2832 3355
f 2832 2831 3355
f 3355 2831 3354
f 2831 2830 3354
f 3354 2830 3353
f 2830 2829 3353
f 3353 2829 3352
f 2829 2828 3352
f 3352 2828 3351
f 2828 2827 3351
f 3351 2827 3350
f 2827 2826 3350
f 2826 2825 3350
f 3350 2825 3349
f 2825 2824 3349
f 3349 2824 3348
f 2824 2823 3348
f 3348 2823 3347
f 3347 2823 2608
f 2823 2609 2608
f 2606 2822 2605
f 2822 2821 3346
f 2605 2822 3346
f 2821 2820 3345
f 3346 2821 3345
f 3345 2820 3344
f 2820 2819 3344
f 3344 2819 3343
f 2819 2818 3343
f 3343 2818 3342
f 2818 2817 3342
f 3342 2817 3341
f 2817 2816 3341
f 3341 2816 3340
f 2816 2814 3340
f 3340 2814 3338
f 2814 2812 3338
f 3338 2812 3336
f 2812 2810 3336
f 3336 2810 3334
f 2810 2808 3334
f 3334 2808 3332
f 2808 2806 3332
f 3332 2806 3330
f 2806 2804 3330
f 3330 2804 3328
f 3328 2804 3326
f 2804 2802 3326
f 3326 2802 3324
f 2802 2800 3324
f 3324 2800 3322
f 2800 2798 3322
f 3322 2798 3320
f 2798 2796 3320
f 3320 2796 3318
f 2796 2794 3318
f 2794 2792 3316
f 3318 2794 3316
f 2792 2790 3314
f 3316 2792 3314
f 2790 2788 3312
f 3314 2790 3312
f 2788 2786 3310
f 3312 2788 3310
f 2786 2787 3311
f 3310 2786 3311
f 2787 2789 3313
f 3311 2787 3313
f 2789 2791 3315
f 3313 2789 3315
f 2791 2793 3317
f 3315 2791 3317
f 2793 2795 3319
f 3317 2793 3319
f 2795 2797 3321
f 3319 2795 3321
f 3321 2797 3323
f 2797 2799 3323
f 3323 2799 3325
f 2799 2801 3325
f 3325 2801 3327
f 2801 2803 3327
f 3327 2803 3329
f 2803 2805 3329
f 3329 2805 3331
f 2805 2807 3331
f 3331 2807 3333
f 2807 2809 3333
f 3333 2809 3335
f 2809 2811 3335
f 3335 2811 3337
f 2811 2813 3337
f 2813 2815 3337
f 3337 2815 3339
f 2815 2785 3339
f 2640 2637 3780
f 2637 3295 3780
f 3780 3295 3781
f 3295 3296 3781
f 3781 3296 3782
f 3296 3030 3782
f 3782 3030 3568
f 3030 3031 3568
f 3568 3031 3567
f 3031 3032 3567
f 3567 3032 3566
f 3032 3033 3566
f 3566 3033 3565
f 3033 3034 3565
f 3565 3034 3564
f 3034 3035 3564
f 3564 3035 3563
f 3035 3036 3563
f 3563 3036 3562
f 3036 3037 3562
f 3562 3037 3561
f 3561 3037 3560
f 3037 3038 3560
f 3038 3039 3560
f 3039 3040 3559
f 3560 3039 3559
f 3559 3040 3558
f 3040 3041 3557
f 3558 3040 3557
f 3041 3042 3556
f 3557 3041 3556
f 3042 3043 3554
f 3556 3042 3554
f 3043 3044 3555
f 3554 3043 3555
f 3044 3045 3592
f 3555 3044 3592
f 3045 3046 3591
f 3592 3045 3591
f 3591 3046 3590
f 3046 3047 3590
f 3590 3047 3589
f 3047 3048 3589
f 3589 3048 3588
f 3048 3049 3588
f 3588 3049 3587
f 3049 3050 3587
f 3587 3050 3586
f 3050 3051 3586
f 3586 3051 3585
f 3051 3052 3585
f 3585 3052 3584
f 3052 3053 3584
f 3584 3053 3583
f 3053 3054 3583
f 3583 3054 3582
f 3054 3055 3582
f 3582 3055 3581
f 3055 3056 3581
f 3581 3056 3580
f 3056 3057 3580
f 3580 3057 3579
f 3057 3058 3579
f 3579 3058 3578
f 3058 3059 3578
f 3578 3059 3577
f 3059 3060 3577
f 3577 3060 3576
f 3060 3061 3576
f 3576 3061 3575
f 3061 3062 3575
f 3575 3062 3574
f 3062 3063 3574
f 3574 3063 3573
f 3063 3064 3573
f 3573 3064 3572
f 3064 3065 3572
f 3572 3065 3571
f 3065 3066 3571
f 3571 3066 3569
f 3066 3067 3569
f 3569 3067 3570
f 3067 3068 3570
f 3068 3070 3594
f 3570 3068 3594
f 3070 3072 3596
f 3594 3070 3596
f 3072 3074 3598
f 3596 3072 3598
f 3598 3074 3600
f 3074 3076 3600
f 3600 3076 3602
f 3076 3078 3602
f 3078 3080 3604
f 3602 3078 3604
f 3080 3127 3650
f 3604 3080 3650
f 3127 3129 3653
f 3650 3127 3653
f 3129 3131 3654
f 3653 3129 3654
f 3131 3133 3656
f 3654 3131 3656
f 3133 3235 3740
f 3656 3133 3740
f 3235 3236 3741
f 3740 3235 3741
f 3236 3289 3771
f 3741 3236 3771
f 3771 3289 2746
f 3289 2747 2746
f 2638 2639 2971
f 2639 3494 2971
f 3494 3497 2974
f 3497 3500 2974
f 2971 3494 2974
f 2974 3500 2977
f 3500 3504 2980
f 2977 3500 2980
f 3504 3507 2983
f 3507 3509 2983
f 2980 3504 2983
f 2983 3509 2986
f 3509 3490 2966
f 3490 3488 2966
f 2986 3509 2966
f 3488 3486 2964
f 2966 3488 2964
f 2964 3486 2962
f 3486 3484 2960
f 3484 3482 2960
f 2962 3486 2960
f 3482 3480 2958
f 2960 3482 2958
f 2958 3480 2956
f 3480 3478 2954
f 2956 3480 2954
f 3478 2635 2633
f 2954 3478 2633
f 2747 2914 3438
f 3438 2914 3437
f 2914 2913 3437
f 3437 2913 3436
f 2913 2912 3436
f 3436 2912 3435
f 2912 2911 3435
f 3435 2911 3434
f 2911 2910 3434
f 3434 2910 3433
f 2910 2909 3433
f 3433 2909 3432
f 2909 2908 3432
f 3432 2908 3431
f 2908 2907 3431
f 3431 2907 3430
f 2907 2906 3430
f 3430 2906 3429
f 2906 2905 3429
f 3429 2905 3428
f 2905 2904 3428
f 3428 2904 3427
f 2904 2903 3427
f 3427 2903 3426
f 2903 2902 3426
f 2902 2901 3425
f 3426 2902 3425
f 2901 2900 3424
f 3425 2901 3424
f 2900 2898 3422
f 3424 2900 3422
f 2898 2896 3420
f 3422 2898 3420
f 2896 2894 3418
f 3420 2896 3418
f 2894 2892 3416
f 3418 2894 3416
f 2892 2891 3415
f 3416 2892 3415
f 3415 2891 3414
f 2891 2890 3414
f 3414 2890 3413
f 2890 2889 3413
f 3413 2889 3412
f 2889 2888 3412
f 3412 2888 3411
f 2888 2887 3411
f 3411 2887 3410
f 2887 2886 3410
f 3410 2886 3409
f 2886 2885 3409
f 3409 2885 3408
f 2885 2884 3408
f 3408 2884 3407
f 2884 2883 3407
f 3407 2883 3406
f 2883 2882 3406
f 3406 2882 3405
f 2882 2881 3405
f 3405 2881 3404
f 2881 2880 3404
f 3404 2880 3403
f 2880 2879 3403
f 3403 2879 3402
f 2879 2878 3402
f 3402 2878 3401
f 2878 2877 3401
f 3401 2877 3400
f 2877 2876 3400
f 3400 2876 3399
f 2876 2875 3399
f 3399 2875 3398
f 2875 2874 3398
f 3398 2874 3397
f 2874 2873 3397
f 3397 2873 3396
f 2873 2872 3396
f 3396 2872 3395
f 2872 2871 3395
f 3395 2871 3394
f 2871 2870 3394
f 3394 2870 3393
f 2870 2869 3393
f 2869 2868 3392
f 3393 2869 3392
f 2868 2866 3390
f 3392 2868 3390
f 2866 2864 3388
f 3390 2866 3388
f 3388 2864 3386
f 2864 2862 3386
f 3386 2862 3385
f 2862 2861 3385
f 2861 2860 3384
f 3385 2861 3384
f 2860 2863 3387
f 3384 2860 3387
f 2863 2865 3389
f 3387 2863 3389
f 2865 2867 3391
f 3389 2865 3391
f 2867 3309 3792
f 3391 2867 3792
f 3309 3308 3791
f 3792 3309 3791
f 3308 3307 3790
f 3791 3308 3790
f 3307 3306 3789
f 3306 2636 3789
f 3790 3307 3789
f 3789 2636 2634
f 3134 3135 2644
f 2644 3135 3677
f 3135 3136 3677
f 3677 3136 3676
f 3136 3137 3676
f 3676 3137 3675
f 3137 3138 3675
f 3675 3138 3674
f 3138 3139 3674
f 3674 3139 3673
f 3139 3140 3673
f 3673 3140 3672
f 3140 3141 3672
f 3672 3141 3671
f 3141 3142 3671
f 3671 3142 3670
f 3142 3143 3670
f 3670 3143 3669
f 3143 3144 3669
f 3669 3144 3668
f 3144 3145 3668
f 3145 3146 3667
f 3668 3145 3667
f 3146 3147 3666
f 3667 3146 3666
f 3147 3148 3665
f 3148 3149 3665
f 3666 3147 3665
f 3665 3149 3664
f 3149 3150 3663
f 3664 3149 3663
f 3150 3151 3662
f 3663 3150 3662
f 3151 3152 3661
f 3152 3153 3661
f 3662 3151 3661
f 3661 3153 3660
f 3660 3153 3658
f 3153 3154 3658
f 3658 3154 3659
f 3154 3155 3659
f 3659 3155 3704
f 3155 3156 3704
f 3704 3156 3703
f 3156 3157 3703
f 3703 3157 3702
f 3157 3158 3702
f 3702 3158 3701
f 3158 3159 3701
f 3701 3159 3700
f 3159 3160 3700
f 3700 3160 3699
f 3160 3161 3699
f 3699 3161 3698
f 3161 3162 3698
f 3698 3162 3697
f 3162 3163 3697
f 3697 3163 3696
f 3163 3164 3696
f 3696 3164 3695
f 3164 3165 3695
f 3695 3165 3694
f 3165 3166 3694
f 3694 3166 3693
f 3166 3167 3693
f 3693 3167 3692
f 3167 3168 3692
f 3692 3168 3691
f 3168 3169 3691
f 3691 3169 3690
f 3169 3170 3690
f 3690 3170 3689
f 3170 3171 3689
f 3171 3172 3689
f 3689 3172 3688
f 3688 3172 3687
f 3172 3173 3687
f 3687 3173 3686
f 3173 3174 3686
f 3174 3175 3685
f 3686 3174 3685
f 3175 3176 3684
f 3685 3175 3684
f 3176 3177 3683
f 3684 3176 3683
f 3683 3177 3682
f 3177 3178 3682
f 3682 3178 3681
f 3178 3179 3681
f 3179 3180 3680
f 3180 3181 3680
f 3681 3179 3680
f 3680 3181 3678
f 3181 3182 3679
f 3678 3181 3679
f 3182 3294 3776
f 3679 3182 3776
f 3294 3293 3775
f 3776 3294 3775
f 3293 3292 3774
f 3775 3293 3774
f 3292 3291 3773
f 3291 3290 3773
f 3774 3292 3773
f 3773 3290 3772
f 3290 2748 2749
f 3772 3290 2749
f 2641 2642 3069
f 2642 3593 3069
f 3593 3595 3071
f 3069 3593 3071
f 3595 3597 3073
f 3071 3595 3073
f 3597 3599 3075
f 3073 3597 3075
f 3599 3601 3077
f 3075 3599 3077
f 3601 3603 3079
f 3603 1290 3079
f 3077 3601 3079
f 3079 1290 1288
f 2640 2643 3783
f 2643 3303 3783
f 3783 3303 3784
f 3303 3304 3784
f 3784 3304 3785
f 3304 3305 3785
f 3785 3305 3553
f 3305 3029 3553
f 3553 3029 3552
f 3029 3028 3552
f 3552 3028 3551
f 3028 3027 3551
f 3551 3027 3550
f 3027 3026 3550
f 3550 3026 3549
f 3026 3025 3549
f 3549 3025 3548
f 3025 3024 3548
f 3548 3024 3547
f 3024 3023 3547
f 3547 3023 3546
f 3023 3022 3546
f 3546 3022 3545
f 3022 3021 3545
f 3545 3021 3544
f 3021 3020 3544
f 3020 3019 3543
f 3544 3020 3543
f 3019 3018 3542
f 3543 3019 3542
f 3018 3017 3541
f 3542 3018 3541
f 3017 3016 3540
f 3541 3017 3540
f 3016 3015 3539
f 3540 3016 3539
f 3015 3014 3538
f 3539 3015 3538
f 3014 3013 3537
f 3538 3014 3537
f 3537 3013 3536
f 3013 3012 3536
f 3536 3012 3535
f 3012 3011 3535
f 3535 3011 3534
f 3011 3010 3534
f 3534 3010 3533
f 3010 3009 3533
f 3533 3009 3532
f 3009 3008 3532
f 3532 3008 3531
f 3008 3007 3531
f 3531 3007 3528
f 3007 3004 3528
f 3528 3004 3526
f 3004 3002 3526
f 3526 3002 3522
f 3002 2999 3522
f 3522 2999 3519
f 2999 2995 3519
f 3519 2995 3516
f 2995 2992 3516
f 3516 2992 3513
f 2992 2989 3513
f 3513 2989 3511
f 2989 2987 3511
f 2987 2984 3511
f 3511 2984 3508
f 3508 2984 3505
f 2984 2981 3505
f 2981 2978 3505
f 3505 2978 3502
f 3502 2978 3499
f 2978 2975 3499
f 3499 2975 3496
f 2975 2972 3496
f 2972 2969 3496
f 3496 2969 3493
f 3493 2969 3492
f 2969 2968 3492
f 3492 2968 3491
f 2968 2967 3491
f 2967 2970 3491
f 3491 2970 3495
f 2970 2973 3498
f 3495 2970 3498
f 2973 2976 3501
f 3498 2973 3501
f 2976 2979 3503
f 3501 2976 3503
f 3503 2979 3506
f 2979 2982 3506
f 3506 2982 3510
f 2982 2985 3510
f 2985 2988 3510
f 3510 2988 3512
f 2988 2990 3514
f 2990 2993 3514
f 3512 2988 3514
f 3514 2993 3517
f 2993 2996 3520
f 2996 3000 3520
f 3517 2993 3520
f 3000 3003 3523
f 3520 3000 3523
f 3523 3003 3527
f 3003 3005 3529
f 3527 3003 3529
f 3005 3134 3770
f 3529 3005 3770
f 3770 3134 2644
f 2752 2750 3734
f 2750 3227 3734
f 3734 3227 3733
f 3227 3228 3733
f 3733 3228 3732
f 3228 3229 3732
f 3732 3229 3657
f 3229 3132 3657
f 3657 3132 3655
f 3132 3130 3655
f 3655 3130 3652
f 3130 3128 3652
f 3652 3128 3651
f 3128 3126 3651
f 3651 3126 3649
f 3126 3125 3649
f 3649 3125 3648
f 3125 3124 3648
f 3648 3124 3647
f 3124 3123 3647
f 3647 3123 3646
f 3123 3122 3646
f 3646 3122 3645
f 3122 3121 3645
f 3645 3121 3644
f 3121 3120 3644
f 3120 3119 3643
f 3644 3120 3643
f 3119 3118 3642
f 3643 3119 3642
f 3118 3117 3641
f 3642 3118 3641
f 3117 3116 3640
f 3641 3117 3640
f 3116 3115 3639
f 3640 3116 3639
f 3115 3114 3638
f 3639 3115 3638
f 3114 3113 3637
f 3638 3114 3637
f 3637 3113 3636
f 3113 3112 3636
f 3636 3112 3635
f 3112 3111 3635
f 3635 3111 3634
f 3111 3110 3634
f 3634 3110 3633
f 3110 3109 3633
f 3633 3109 3632
f 3109 3108 3632
f 3632 3108 3631
f 3108 3107 3631
f 3631 3107 3630
f 3107 3106 3630
f 3630 3106 3629
f 3106 3105 3629
f 3629 3105 3628
f 3105 3104 3628
f 3628 3104 3627
f 3104 3103 3627
f 3627 3103 3626
f 3103 3102 3626
f 3626 3102 3625
f 3102 3101 3625
f 3625 3101 3624
f 3101 3100 3624
f 3624 3100 3623
f 3100 3099 3623
f 3623 3099 3622
f 3099 3098 3622
f 3622 3098 3621
f 3098 3097 3621
f 3621 3097 3620
f 3097 3096 3620
f 3620 3096 3619
f 3096 3095 3619
f 3619 3095 3618
f 3095 3094 3618
f 3618 3094 3617
f 3094 3093 3617
f 3617 3093 3616
f 3093 3092 3616
f 3092 3091 3616
f 3616 3091 3615
f 3091 3089 3613
f 3615 3091 3613
f 3089 3087 3611
f 3087 3085 3611
f 3613 3089 3611
f 3611 3085 3609
f 3609 3085 3607
f 3085 3083 3607
f 3607 3083 3606
f 3083 3082 3606
f 3082 3081 3605
f 3606 3082 3605
f 3081 3084 3608
f 3605 3081 3608
f 3084 3086 3610
f 3086 3088 3610
f 3608 3084 3610
f 3610 3088 3612
f 3088 3090 3614
f 3612 3088 3614
f 3090 3299 3779
f 3614 3090 3779
f 3299 3298 3778
f 3779 3299 3778
f 3298 3297 3777
f 3297 2646 3777
f 3778 3298 3777
f 3777 2646 2648
f 2653 3196 2650
f 2650 3196 3719
f 3196 3198 3720
f 3719 3196 3720
f 3198 3199 3721
f 3720 3198 3721
f 3199 3201 3722
f 3721 3199 3722
f 3722 3201 3723
f 3201 3202 3723
f 3723 3202 3724
f 3202 3204 3724
f 3724 3204 3725
f 3204 3206 3725
f 3725 3206 3726
f 3206 3207 3726
f 3726 3207 3727
f 3207 3208 3727
f 3727 3208 3728
f 3208 3210 3728
f 3728 3210 3729
f 3210 3211 3729
f 3729 3211 3730
f 3211 3212 3730
f 3730 3212 3731
f 3212 3213 3731
f 3731 3213 3765
f 3213 3214 3765
f 3765 3214 3763
f 3214 3215 3763
f 3763 3215 3762
f 3215 3216 3762
f 3762 3216 3761
f 3216 3260 3761
f 3761 3260 3759
f 3260 3261 3759
f 3261 3255 3758
f 3759 3261 3758
f 3255 3256 3757
f 3758 3255 3757
f 3757 3256 3756
f 3256 3257 3756
f 3257 3250 3754
f 3756 3257 3754
f 3250 3251 3753
f 3754 3250 3753
f 3251 3252 3751
f 3753 3251 3751
f 3252 3244 3750
f 3751 3252 3750
f 3244 3245 3749
f 3750 3244 3749
f 3245 3246 3748
f 3749 3245 3748
f 3246 3247 3747
f 3748 3246 3747
f 3247 3239 3745
f 3747 3247 3745
f 3239 3240 3744
f 3745 3239 3744
f 3744 3240 3742
f 3240 3241 3742
f 3742 3241 3739
f 3241 3230 3739
f 3739 3230 3738
f 3230 3231 3738
f 3738 3231 3737
f 3231 3232 3737
f 3737 3232 3736
f 3232 3233 3736
f 3736 3233 3735
f 3233 3234 3735
f 3735 3234 2751
f 3234 2753 2751
f 2647 2645 3705
f 2645 3183 3705
f 3183 3184 3706
f 3705 3183 3706
f 3184 3185 3707
f 3706 3184 3707
f 3185 3186 3708
f 3707 3185 3708
f 3186 3187 3709
f 3708 3186 3709
f 3187 3188 3710
f 3709 3187 3710
f 3188 1220 1221
f 3710 3188 1221
f 2610 3238 2612
f 3238 3243 3743
f 2612 3238 3743
f 3243 3249 3746
f 3743 3243 3746
f 3249 3254 3752
f 3746 3249 3752
f 3254 3259 3755
f 3752 3254 3755
f 3259 3262 3760
f 3755 3259 3760
f 3760 3262 3764
f 3764 3262 3766
f 3766 3262 3767
f 3767 3262 3768
f 3768 3262 3769
f 3262 2628 2627
f 3769 3262 2627
f 1430 3197 1429
f 3197 3191 1429
f 1429 3191 3718
f 3718 3191 3717
f 3717 3191 3716
f 3191 3190 3715
f 3716 3191 3715
f 3715 3190 3714
f 3714 3190 3713
f 3190 3189 3712
f 3713 3190 3712
f 3189 2630 3711
f 3712 3189 3711
f 3711 2630 2631
f 2025 1333 1334
f 2025 1334 1335
f 2025 1332 1333
f 2024 1332 2025
f 2025 1335 1336
f 2024 1331 1332
f 2027 2025 1336
f 2027 1336 1337
f 2024 1330 1331
f 2027 1337 1338
f 2024 1329 1330
f 2024 1328 1329
f 2028 1338 1339
f 2028 2027 1338
f 2024 1327 1328
f 2028 1339 1340
f 2023 1327 2024
f 2023 1326 1327
f 2028 1340 1341
f 2028 1341 1342
f 2021 1326 2023
f 2028 1342 1343
f 2021 1325 1326
f 2021 1324 1325
f 2028 1343 2754
f 2028 2754 2755
f 2021 1323 1324
f 2028 2755 2756
f 2028 2756 2757
f 2021 1322 1323
f 2019 1322 2021
f 2028 2757 2758
f 2019 1321 1322
f 2033 2758 2759
f 2033 2028 2758
f 2019 1320 1321
f 2019 1319 1320
f 2033 2759 2760
f 2019 1318 1319
f 2033 2760 2761
f 2019 1317 1318
f 2033 2761 2762
f 2018 1317 2019
f 2018 1316 1317
f 2033 2762 2763
f 1315 2018 2012
f 1315 1316 2018
f 2764 2033 2763
f 1313 1315 2012
f 1314 1313 2012
f 2765 2033 2764
f 1312 1314 2012
f 1311 1312 2012
f 1310 1311 2012
f 2766 2033 2765
f 2767 2033 2766
f 1308 1310 2012
f 2767 2039 2033
f 1307 1308 2012
f 2768 2039 2767
f 1306 1307 2012
f 2769 2039 2768
f 1305 1306 2012
f 2770 2039 2769
f 1304 1305 2012
f 2770 2042 2039
f 2771 2042 2770
f 2784 1304 2012
f 2784 2012 2050
f 2772 2042 2771
f 2783 2784 2050
f 2773 2042 2772
f 2782 2783 2050
f 2773 2044 2042
f 2782 2050 2048
f 2774 2044 2773
f 2776 2044 2774
f 2782 2048 2047
f 2775 2044 2776
f 2781 2782 2047
f 2777 2044 2775
f 2780 2781 2047
f 2780 2047 2045
f 2778 2045 2044
f 2778 2044 2777
f 2779 2780 2045
f 2778 2779 2045
f 1125 1484 1124
f 1484 1125 1126
f 1485 1484 1126
f 1484 1477 1123
f 1124 1484 1123
f 1485 1126 1127
f 1488 1485 1127
f 1123 1477 1122
f 1488 1127 1128
f 1122 1477 1121
f 1477 1460 1121
f 1488 1128 1129
f 1497 1488 1129
f 1121 1460 1120
f 1120 1460 1119
f 1497 1129 1130
f 1497 1130 3793
f 1119 1460 1118
f 1118 1460 1117
f 1497 3793 3794
f 2553 1497 3794
f 1117 1460 1116
f 2553 3794 3795
f 2553 3795 3796
f 1116 1460 1115
f 2553 3796 3797
f 1460 1457 1114
f 1115 1460 1114
f 2559 2553 3836
f 2553 3797 3836
f 1114 1457 1113
f 1113 1457 1112
f 2559 3836 3798
f 2559 3798 2560
f 1112 1457 1111
f 1111 1457 1443
f 3798 3799 2561
f 2560 3798 2561
f 1110 1111 1443
f 3799 3800 2561
f 2561 3800 2564
f 1109 1110 1443
f 3800 3801 2564
f 1108 1109 1443
f 3801 3802 2564
f 3802 3803 2564
f 1107 1108 1443
f 1106 1107 1443
f 3803 3804 2564
f 1105 1106 1443
f 1105 1443 2591
f 3804 3805 2564
f 3805 3806 2564
f 3807 1105 2591
f 3808 3807 2591
f 2564 3806 2579
f 3806 3810 2579
f 3809 3808 2591
f 3811 3809 2591
f 3810 3812 2579
f 3811 2591 2588
f 3837 3811 2588
f 2579 3812 2586
f 3812 3813 2586
f 3816 3814 2587
f 3814 3837 2587
f 3837 2588 2587
f 3813 3815 2586
f 3815 3816 2586
f 2586 3816 2587
f 3223 3818 3226
f 3226 3818 3237
f 3818 3819 3237
f 3237 3819 3242
f 3819 3258 3242
f 3222 3820 3218
f 3195 3822 3194
f 3194 3822 3193
f 3193 3822 3192
f 1725 1723 1205
f 1721 1205 1723
f 1727 1725 1205
f 1719 1205 1721
f 1719 1207 1205
f 1729 1727 1205
f 1717 1207 1719
f 1731 1729 1205
f 1715 1207 1717
f 1715 1208 1207
f 1733 1731 1205
f 1712 1208 1715
f 1735 1733 1205
f 1735 1205 1204
f 1711 1208 1712
f 1737 1735 1204
f 1709 1208 1711
f 1739 1737 1204
f 1707 1208 1709
f 1741 1739 1204
f 1705 1208 1707
f 1743 1204 1203
f 1743 1741 1204
f 1702 1208 1705
f 1702 1209 1208
f 1745 1743 1203
f 1701 1209 1702
f 1747 1745 1203
f 1699 1209 1701
f 1749 1747 1203
f 1697 1209 1699
f 1697 1210 1209
f 1751 1749 1203
f 1695 1210 1697
f 1753 1751 1203
f 1693 1210 1695
f 1755 1753 1203
f 1691 1210 1693
f 2300 1203 3192
f 2300 1755 1203
f 1689 1210 1691
f 2302 2300 3192
f 1687 1210 1689
f 1687 1211 1210
f 2304 2302 3192
f 1685 1211 1687
f 2306 2304 3192
f 1683 1211 1685
f 2308 2306 3192
f 2308 3192 3822
f 1681 1211 1683
f 2310 2308 3822
f 1679 1211 1681
f 2312 2310 3822
f 1677 1211 1679
f 2313 2312 3822
f 1675 1211 1677
f 2315 2313 3822
f 1673 1212 1211
f 1673 1211 1675
f 2318 2315 3822
f 1671 1212 1673
f 2320 2318 3822
f 1668 1213 1212
f 1668 1212 1671
f 2322 2320 3822
f 1666 1213 1668
f 2324 3822 3195
f 2324 2322 3822
f 1665 1214 1213
f 1665 1213 1666
f 2326 2324 3195
f 1663 1214 1665
f 2328 3195 3821
f 2328 2326 3195
f 1661 1214 1663
f 3821 2330 2328
f 1214 1661 1659
f 3821 2333 2331
f 3821 2331 2330
f 1214 1659 1657
f 1214 1657 1655
f 1214 1655 1653
f 3821 2336 2333
f 3821 2339 2337
f 3821 2337 2336
f 1214 1653 1651
f 1217 1214 1651
f 1217 1651 1649
f 3821 2342 2339
f 1217 1649 1647
f 3203 2346 2344
f 3203 2344 2342
f 3203 2342 3821
f 1217 1647 1645
f 1217 1645 1643
f 1217 1643 1641
f 3203 2347 2346
f 3203 2351 2349
f 3203 2349 2347
f 1217 1641 1639
f 3218 2351 3203
f 1217 1639 1637
f 1217 1637 1635
f 3218 2354 2351
f 3218 2356 2354
f 3817 1217 1635
f 3817 1635 1633
f 3820 2358 2356
f 3820 2356 3218
f 3817 1633 1630
f 3820 2360 2358
f 3817 1630 1628
f 3820 2362 2360
f 3817 1628 2422
f 3820 2364 2362
f 3817 2422 2420
f 3817 2420 2418
f 3820 2365 2364
f 3223 3817 2418
f 3223 2418 2416
f 3820 2370 2368
f 3820 2368 2365
f 3223 2416 2414
f 3258 2370 3820
f 3258 2374 2372
f 3258 2372 2370
f 3223 2414 2412
f 3258 2376 2374
f 3223 2412 2410
f 3223 2410 2408
f 3223 2408 2406
f 3819 2378 2376
f 3819 2376 3258
f 3818 3223 2406
f 3819 2380 2378
f 3818 2406 2403
f 3818 2403 2402
f 3819 2382 2380
f 3819 2384 2382
f 3818 2402 2400
f 3819 2386 2384
f 3818 2400 2398
f 3819 2390 2388
f 3819 2388 2386
f 3818 2398 2396
f 3818 2396 2394
f 3819 2394 2392
f 3819 2392 2390
f 3819 3818 2394
f 3253 3823 3248
f 3219 3824 3220
f 3220 3824 3217
f 3217 3824 3209
f 1597 1595 1167
f 1593 1167 1595
f 1599 1597 1167
f 1591 1167 1593
f 1591 1176 1167
f 1601 1599 1167
f 1589 1176 1591
f 1603 1601 1167
f 1587 1176 1589
f 1605 1603 1167
f 1584 1176 1587
f 1607 1605 1167
f 1583 1176 1584
f 1609 1607 1167
f 1609 1167 1165
f 1581 1176 1583
f 1611 1609 1165
f 1579 1176 1581
f 1613 1611 1165
f 1577 1176 1579
f 1615 1613 1165
f 1574 1176 1577
f 1574 1184 1176
f 1617 1615 1165
f 1573 1184 1574
f 1619 1617 1165
f 1571 1184 1573
f 1621 1619 1165
f 1569 1184 1571
f 1623 1621 1165
f 1567 1184 1569
f 1625 1165 1164
f 1625 1623 1165
f 1565 1184 1567
f 1627 1625 1164
f 1563 1184 1565
f 2424 1627 1164
f 1561 1184 1563
f 1561 1185 1184
f 2426 2424 1164
f 1559 1185 1561
f 2428 2426 1164
f 1557 1185 1559
f 1557 1186 1185
f 2430 2428 1164
f 2430 1164 3200
f 1555 1186 1557
f 2432 2430 3200
f 1553 1186 1555
f 2434 2432 3200
f 1551 1186 1553
f 2436 2434 3200
f 1549 1186 1551
f 2437 2436 3200
f 2437 3200 3205
f 1547 1186 1549
f 2439 2437 3205
f 1545 1186 1547
f 2442 2439 3205
f 1543 1187 1186
f 1543 1186 1545
f 2444 2442 3205
f 1540 1187 1543
f 2446 2444 3205
f 1538 1187 1540
f 2448 2446 3205
f 1537 1187 1538
f 2450 3205 3209
f 2450 2448 3205
f 1535 1187 1537
f 2452 2450 3209
f 1533 1187 1535
f 3209 2454 2452
f 2455 2454 3209
f 1187 1533 1531
f 1187 1531 1529
f 3209 2457 2455
f 1187 1529 1527
f 1187 1527 1525
f 3209 2461 2460
f 3209 2460 2457
f 1189 1187 1525
f 3824 2461 3209
f 1189 1525 1523
f 3824 2463 2461
f 1192 1189 1523
f 1192 1523 1521
f 3824 2468 2466
f 3824 2466 2463
f 1192 1521 1519
f 3824 2470 2468
f 1192 1519 1517
f 1192 1517 1515
f 3824 2471 2470
f 1192 1515 1513
f 3824 2473 2471
f 1192 1513 1511
f 1192 1511 1509
f 3824 2475 2473
f 1192 1509 1507
f 3219 2478 2475
f 3219 2475 3824
f 3219 2482 2480
f 3219 2480 2478
f 1201 1192 1507
f 1201 1507 1505
f 3221 2482 3219
f 1201 1505 1502
f 3221 2484 2482
f 1201 1502 1500
f 3221 2486 2484
f 1201 1500 2546
f 3221 2488 2486
f 3263 1201 2546
f 3263 2546 2544
f 3221 2492 2489
f 3221 2489 2488
f 3263 2544 2542
f 3263 2542 2540
f 3263 2540 2538
f 3224 2492 3221
f 3224 2494 2492
f 3224 2496 2494
f 3823 3263 2538
f 3823 2538 2536
f 3823 2536 2534
f 3224 2500 2498
f 3224 2498 2496
f 3823 2534 2532
f 3823 2532 2530
f 3224 2502 2500
f 3224 2506 2504
f 3224 2504 2502
f 3823 2530 2527
f 3823 2527 2526
f 3225 2510 2508
f 3225 2508 2506
f 3225 2506 3224
f 3248 3823 2526
f 3248 2526 2524
f 3248 2524 2522
f 3248 2522 2520
f 3225 2512 2510
f 3248 2514 2512
f 3248 2512 3225
f 3248 2520 2518
f 3248 2518 2516
f 3248 2516 2514
f 3286 3828 3287
f 3828 3829 3287
f 3287 3829 3288
f 3829 3274 3288
f 3269 3270 3267
f 3270 3830 3266
f 3267 3270 3266
f 3266 3830 3265
f 3830 1147 3265
f 1981 1979 1150
f 1977 1150 1979
f 1983 1981 1150
f 1975 1150 1977
f 1975 1153 1150
f 1985 1983 1150
f 1973 1153 1975
f 1987 1985 1150
f 1971 1153 1973
f 1989 1987 1150
f 1989 1150 1149
f 1968 1153 1971
f 1991 1989 1149
f 1967 1153 1968
f 1993 1991 1149
f 1965 1153 1967
f 1995 1993 1149
f 1963 1153 1965
f 1963 1154 1153
f 1997 1149 1148
f 1997 1995 1149
f 1961 1154 1963
f 1999 1997 1148
f 1958 1154 1961
f 2001 1999 1148
f 1957 1154 1958
f 1957 1155 1154
f 2003 2001 1148
f 1955 1155 1957
f 2005 2003 1148
f 1953 1155 1955
f 2007 2005 1148
f 1951 1155 1953
f 2009 2007 1148
f 1949 1155 1951
f 2011 2009 1148
f 2011 1148 1147
f 1947 1155 1949
f 2052 2011 1147
f 2052 1147 3830
f 1945 1155 1947
f 1945 1156 1155
f 2054 2052 3830
f 1943 1156 1945
f 2056 2054 3830
f 1941 1156 1943
f 2058 2056 3830
f 1939 1156 1941
f 2060 2058 3830
f 1937 1156 1939
f 2062 2060 3830
f 1935 1156 1937
f 2064 2062 3830
f 1933 1157 1156
f 1933 1156 1935
f 2065 2064 3830
f 2065 3830 3270
f 1931 1157 1933
f 2067 2065 3270
f 1929 1157 1931
f 2070 2067 3270
f 1927 1157 1929
f 2072 2070 3270
f 1924 1158 1157
f 1924 1157 1927
f 2074 2072 3270
f 1922 1158 1924
f 2076 2074 3270
f 1921 1158 1922
f 2078 2076 3270
f 1919 1158 1921
f 2080 2078 3270
f 1917 1158 1919
f 3271 2080 3270
f 3271 2082 2080
f 2083 2082 3271
f 1158 1917 1915
f 1159 1158 1915
f 1159 1915 1913
f 3274 2083 3271
f 3274 2085 2083
f 1159 1913 1911
f 3274 2089 2088
f 3274 2088 2085
f 1160 1159 1911
f 1160 1911 1909
f 1160 1909 1907
f 3274 2091 2089
f 1160 1907 1905
f 1160 1905 1903
f 3274 2094 2091
f 3274 2098 2096
f 3274 2096 2094
f 1161 1160 1903
f 1161 1903 1901
f 3829 2099 2098
f 3829 2098 3274
f 1161 1901 1899
f 1161 1899 1897
f 3829 2101 2099
f 1161 1897 1895
f 3829 2103 2101
f 1163 1161 1895
f 1163 1895 1893
f 1163 1893 1891
f 3829 2106 2103
f 3829 2108 2106
f 1163 1891 1889
f 1163 1889 1886
f 3829 2110 2108
f 3829 2114 2112
f 3829 2112 2110
f 3279 1163 1886
f 3279 1886 1884
f 3829 2116 2114
f 3279 1884 2174
f 3279 2174 2172
f 3828 2116 3829
f 3279 2172 2170
f 3828 2117 2116
f 3828 2122 2120
f 3828 2120 2117
f 3279 2170 2168
f 3279 2168 2166
f 3828 2126 2124
f 3828 2124 2122
f 3825 2166 2164
f 3825 2164 2162
f 3825 3279 2166
f 3825 2162 2160
f 3828 2130 2128
f 3828 2128 2126
f 3826 3825 2160
f 3826 2160 2158
f 3826 2158 2155
f 3284 2132 2130
f 3284 2130 3828
f 3284 2134 2132
f 3826 2155 2154
f 3284 2138 2136
f 3284 2136 2134
f 3826 2154 2152
f 3827 2152 2150
f 3827 3826 2152
f 3284 2140 2138
f 3827 2150 2148
f 3284 2142 2140
f 3827 2148 2146
f 3827 2146 2144
f 3827 2144 2142
f 3827 2142 3284
f 3831 3832 3285
f 3832 3282 3283
f 3280 3834 3278
f 3278 3834 3277
f 3277 3834 3276
f 3273 3835 3268
f 3272 3273 3268
f 3835 1131 3264
f 1853 1851 1134
f 1849 1134 1851
f 1855 1853 1134
f 1855 1134 1133
f 1847 1134 1849
f 1857 1855 1133
f 1845 1134 1847
f 1859 1857 1133
f 1843 1134 1845
f 1843 1135 1134
f 1861 1859 1133
f 1840 1135 1843
f 1863 1861 1133
f 1863 1133 1132
f 1839 1135 1840
f 1865 1863 1132
f 1837 1135 1839
f 1867 1865 1132
f 1835 1135 1837
f 1869 1867 1132
f 1833 1135 1835
f 1871 1869 1132
f 1830 1135 1833
f 1873 1871 1132
f 1829 1135 1830
f 1829 1136 1135
f 1875 1132 1131
f 1875 1873 1132
f 1827 1136 1829
f 1827 1137 1136
f 1877 1875 1131
f 1825 1137 1827
f 1879 1877 1131
f 1823 1137 1825
f 1881 1879 1131
f 1821 1137 1823
f 1883 1881 1131
f 1819 1137 1821
f 2176 1131 3835
f 2176 1883 1131
f 1817 1137 1819
f 2178 2176 3835
f 1815 1137 1817
f 1815 1138 1137
f 2180 2178 3835
f 1813 1138 1815
f 2182 2180 3835
f 1811 1138 1813
f 2184 2182 3835
f 1809 1138 1811
f 2186 2184 3835
f 1807 1140 1138
f 1807 1138 1809
f 2188 2186 3835
f 1805 1140 1807
f 2189 2188 3835
f 1803 1140 1805
f 2191 3835 3273
f 2191 2189 3835
f 1801 1140 1803
f 2194 2191 3273
f 1799 1142 1140
f 1799 1140 1801
f 2196 2194 3273
f 1796 1142 1799
f 2198 2196 3273
f 1794 1142 1796
f 2200 2198 3273
f 1793 1142 1794
f 2202 2200 3273
f 1791 1142 1793
f 2204 2202 3273
f 1789 1142 1791
f 3275 2206 2204
f 3275 2204 3273
f 1787 1142 1789
f 1785 1142 1787
f 3275 2207 2206
f 3275 2209 2207
f 1142 1785 1783
f 3275 2212 2209
f 1144 1142 1783
f 1144 1783 1781
f 3276 2213 2212
f 3276 2212 3275
f 1144 1781 1779
f 3276 2218 2215
f 3276 2215 2213
f 1144 1779 1777
f 3276 2220 2218
f 1144 1777 1775
f 1144 1775 1773
f 3834 2222 2220
f 3834 2220 3276
f 1145 1144 1773
f 1145 1773 1771
f 1145 1771 1769
f 3834 2223 2222
f 3834 2227 2225
f 3834 2225 2223
f 1145 1769 1767
f 1146 1145 1767
f 1146 1767 1765
f 1146 1765 1763
f 3834 2230 2227
f 3280 2234 2232
f 3280 2232 2230
f 3280 2230 3834
f 1146 1763 1761
f 1146 1761 1758
f 3280 2236 2234
f 1146 1758 1756
f 3280 2238 2236
f 1146 1756 2298
f 3280 2240 2238
f 1146 2298 2296
f 3280 2241 2240
f 3831 1146 2296
f 3831 2296 2294
f 3280 2244 2241
f 3831 2294 2292
f 3833 2244 3280
f 3833 2246 2244
f 3831 2292 2290
f 3833 2248 2246
f 3831 2290 2288
f 3831 2288 2286
f 3833 2252 2250
f 3833 2250 2248
f 3831 2286 2284
f 3831 2284 2282
f 3833 2254 2252
f 3832 3831 2282
f 3832 2282 2279
f 3281 2258 2256
f 3281 2256 2254
f 3281 2254 3833
f 3832 2279 2278
f 3282 2260 2258
f 3282 2258 3281
f 3832 2276 2274
f 3832 2278 2276
f 3282 2262 2260
f 3282 3832 2274
f 3282 2264 2262
f 3282 2274 2272
f 3282 2266 2264
f 3282 2272 2270
f 3282 2270 2268
f 3282 2268 2266
f 3813 3812 3815
f 3814 3816 3837
f 2018 1113 1112
f 2018 1112 2017
f 2017 1112 1111
f 2018 1114 1113
f 2016 2017 1111
f 2016 1111 1110
f 2018 1115 1114
f 2015 2016 1110
f 2019 1115 2018
f 2015 1110 1109
f 2019 1116 1115
f 2015 1109 1108
f 2020 1116 2019
f 2014 2015 1108
f 2020 1117 1116
f 2014 1108 1107
f 2021 1117 2020
f 2014 1107 1106
f 2021 1118 1117
f 2013 2014 1106
f 2021 1119 1118
f 2022 1119 2021
f 2013 1106 1105
f 2022 1120 1119
f 2049 2013 1105
f 2049 1105 3807
f 2022 1121 1120
f 2049 3807 3808
f 2023 1121 2022
f 2049 3808 3809
f 2048 2049 3809
f 2023 1122 1121
f 2048 3809 3811
f 2024 1122 2023
f 2048 3811 3837
f 2047 2048 3837
f 1123 1122 2024
f 2046 2047 3837
f 3816 2046 3837
f 2026 1124 1123
f 1125 1124 2026
f 3815 2046 3816
f 1126 1125 2026
f 3812 2046 3815
f 1126 2026 2027
f 3812 2044 2046
f 1127 1126 2027
f 3810 2044 3812
f 3810 2043 2044
f 1128 2027 2029
f 1128 1127 2027
f 3806 2043 3810
f 3806 2042 2043
f 1129 1128 2029
f 1129 2029 2030
f 1129 2030 2031
f 3805 2042 3806
f 3805 2041 2042
f 3804 2041 3805
f 1130 1129 2031
f 3803 2041 3804
f 3793 1130 2031
f 3803 2040 2041
f 3793 2031 2032
f 3802 2040 3803
f 3794 3793 2032
f 3795 3794 2032
f 3795 2032 2034
f 3801 2040 3802
f 3796 3795 2034
f 3800 2040 3801
f 3800 2038 2040
f 3799 2038 3800
f 3799 2037 2038
f 3797 3796 2034
f 3836 3797 2034
f 3836 2034 2035
f 3799 2036 2037
f 3798 2036 3799
f 3798 2035 2036
f 3798 3836 2035
f 4549 3839 3838
f 3839 3840 3838
f 3838 3840 3841
f 3840 3842 3841
f 3841 3842 3843
f 3842 3844 3843
f 3843 3844 3845
f 3844 3846 3845
f 3845 3846 3847
f 3846 3848 3847
f 3847 3848 3849
f 3848 3850 3849
f 3849 3850 3851
f 3850 3852 3851
f 3851 3852 3853
f 3852 3854 3853
f 3853 3854 3855
f 3854 3856 3855
f 3855 3856 3857
f 3856 5002 3857
f 5002 3858 3857
f 3858 3860 3859
f 3857 3858 3859
f 3859 3860 4569
f 3860 3862 3861
f 4569 3860 3861
f 3862 3864 3863
f 3861 3862 3863
f 3864 3866 3865
f 3863 3864 3865
f 3866 5014 3867
f 5014 3868 3867
f 3865 3866 3867
f 3867 3868 4580
f 4580 3868 3869
f 3868 3870 3869
f 3869 3870 3871
f 3870 3872 3871
f 3871 3872 3873
f 3872 3874 3873
f 3873 3874 3875
f 3874 3876 3875
f 3875 3876 3877
f 3876 5031 3877
f 5031 3878 3877
f 3877 3878 4590
f 4590 3878 3879
f 3878 3880 3879
f 3879 3880 3881
f 3880 3882 3881
f 3881 3882 3883
f 3882 3884 3883
f 3883 3884 3885
f 3884 3886 3885
f 3885 3886 3887
f 3886 3888 3887
f 3887 3888 3889
f 3888 3890 3889
f 3889 3890 3891
f 5039 3892 3891
f 3891 3892 4602
f 4602 3892 3893
f 3892 3894 3893
f 3893 3894 3895
f 3894 3896 3895
f 5046 3898 3897
f 3895 3896 3897
f 3896 5046 3897
f 3897 3898 3899
f 3899 3898 5049
f 3900 5049 3901
f 3901 3902 4617
f 3902 3904 3903
f 4617 3902 3903
f 3904 3906 3905
f 3903 3904 3905
f 3905 3906 3907
f 3906 3908 3907
f 3907 3908 3909
f 3908 3910 3909
f 3909 3910 3911
f 3910 3912 3911
f 3912 3914 3913
f 3911 3912 3913
f 3914 3916 3915
f 3913 3914 3915
f 3916 3918 3917
f 3915 3916 3917
f 3918 5070 3919
f 5070 3920 3919
f 3917 3918 3919
f 3919 3920 4633
f 3920 3922 3921
f 3922 3923 3921
f 4633 3920 3921
f 3921 3923 4640
f 3923 3925 3924
f 4640 3923 3924
f 3925 5077 3926
f 5077 3927 3926
f 3924 3925 3926
f 3926 3927 4643
f 3927 5089 3928
f 5089 3929 3928
f 4643 3927 3928
f 3928 3929 4646
f 3929 5084 3930
f 4646 3929 3930
f 3930 5084 3931
f 3931 5087 3933
f 5093 3934 3933
f 3933 3934 4655
f 5093 3935 3934
f 3942 3936 3935
f 3942 3935 5093
f 3942 3937 3936
f 3942 3939 3937
f 3942 3943 3939
f 3952 3955 3942
f 3952 3942 5093
f 3952 5093 3940
f 3945 5099 3941
f 3946 3952 3940
f 3948 3942 3955
f 3950 3944 3943
f 3950 3943 3942
f 3940 5096 3945
f 3953 3950 3942
f 3953 3942 3948
f 3950 3947 3944
f 3950 3949 3947
f 3953 3948 3955
f 3950 3951 3949
f 3950 3959 3951
f 3954 3950 3953
f 3958 3952 3946
f 3962 3953 3955
f 3960 3950 3954
f 3960 3954 3953
f 3958 3955 3952
f 3968 3959 3950
f 3962 3960 3953
f 3968 3950 3960
f 3963 3957 3956
f 3963 3956 3959
f 3958 3962 3955
f 3963 3961 3957
f 3962 3958 3965
f 3970 3968 3960
f 3963 3959 3968
f 3970 3960 3962
f 3969 3970 3962
f 3963 3964 3961
f 3965 3969 3962
f 3966 3963 3968
f 3963 3967 3964
f 3972 3963 3966
f 3983 3971 3967
f 3983 3967 3963
f 3972 3968 3970
f 3972 3966 3968
f 3973 3970 3969
f 3976 3983 3963
f 3973 3969 3965
f 3978 3976 3963
f 3972 3970 3973
f 3978 3963 3972
f 3983 3974 3971
f 3979 3973 3975
f 3979 3972 3973
f 3981 3978 3972
f 3979 3981 3972
f 3983 3976 3978
f 3986 3980 3977
f 3986 3977 3983
f 3988 3983 3978
f 3987 3986 3983
f 3988 3978 3981
f 3982 3981 3979
f 3989 3988 3981
f 3986 3984 3980
f 3986 3985 3984
f 3989 3981 3982
f 3993 3988 3989
f 3987 3983 3988
f 3990 3987 3988
f 3994 3986 3987
f 3993 3990 3988
f 3986 3991 3985
f 3994 4001 3986
f 4001 3992 3991
f 4001 3991 3986
f 3994 3987 3990
f 4001 3995 3992
f 4001 3996 3995
f 3997 4001 3994
f 3998 3996 4001
f 4000 3990 3993
f 4006 4001 3997
f 3998 3999 3996
f 4006 3997 3994
f 4005 4006 3994
f 4005 3994 3990
f 3998 4002 3999
f 4005 3990 4000
f 4015 3998 4001
f 4015 4001 4006
f 3998 4003 4002
f 3998 4004 4003
f 4007 4015 4006
f 4009 4004 3998
f 4011 4009 3998
f 4009 4008 4004
f 4015 4011 3998
f 4012 4007 4006
f 4012 4006 4005
f 4009 4010 4008
f 4014 4007 4012
f 4024 4009 4011
f 4021 4015 4007
f 4009 4013 4010
f 4024 4011 4015
f 4014 4021 4007
f 4024 4033 4009
f 4017 4013 4009
f 4017 4016 4013
f 4017 4009 4033
f 4018 4021 4014
f 4022 4024 4015
f 4020 4033 4024
f 4021 4022 4015
f 4017 4019 4016
f 4033 4028 4017
f 4017 4026 4025
f 4039 4033 4020
f 4032 4022 4021
f 4032 4024 4022
f 4027 4032 4021
f 4027 4021 4023
f 4029 4020 4024
f 4029 4039 4020
f 4032 4029 4024
f 4038 4017 4028
f 4030 4031 4026
f 4030 4026 4017
f 4038 4028 4033
f 4036 4017 4038
f 4036 4030 4017
f 4030 4034 4031
f 4043 4038 4033
f 4039 4029 4032
f 4046 4043 4033
f 4035 4046 4033
f 4039 4035 4033
f 4030 4037 4034
f 4046 4035 4039
f 4030 4040 4037
f 4030 4041 4040
f 4043 4036 4038
f 4042 4046 4039
f 4049 4030 4036
f 4050 4049 4036
f 4050 4036 4043
f 4048 4041 4030
f 4048 4030 4049
f 4046 4042 4047
f 4048 4044 4041
f 4048 4045 4044
f 4050 4043 4046
f 4059 4046 4047
f 4052 4050 4046
f 4048 4051 4045
f 4061 4055 4048
f 4061 4048 4049
f 4058 4048 4055
f 4059 4052 4046
f 4061 4049 4050
f 4061 4050 4052
f 4053 4054 4051
f 4053 4051 4048
f 4058 4053 4048
f 4053 4056 4054
f 4053 4057 4056
f 4059 4061 4052
f 4061 4058 4055
f 4118 4061 4059
f 4067 4058 4061
f 4066 4053 4058
f 4053 4060 4057
f 4067 4066 4058
f 4064 4053 4066
f 4062 4060 4053
f 4068 4053 4064
f 4068 4062 4053
f 4065 4067 4061
f 4072 4063 4062
f 4068 4072 4062
f 4071 4064 4066
f 4073 4067 4065
f 4072 4070 4069
f 4073 4066 4067
f 4077 4068 4064
f 4071 4066 4073
f 4078 4064 4071
f 4078 4077 4064
f 4076 4074 4070
f 4076 4070 4072
f 4075 4078 4071
f 4075 4071 4073
f 4076 4072 4068
f 4084 4077 4078
f 4079 4068 4077
f 4080 4076 4068
f 4084 4079 4077
f 4090 4081 4076
f 4086 4068 4079
f 4086 4080 4068
f 4084 4078 4075
f 4076 4080 4086
f 4090 4083 4081
f 4092 4079 4084
f 4089 4090 4076
f 4090 4085 4083
f 4091 4089 4076
f 4091 4076 4086
f 4092 4084 4082
f 4087 4085 4090
f 4087 4088 4085
f 4992 4090 4089
f 4091 4086 4079
f 4090 4991 4087
f 4092 4091 4079
f 4991 4090 4992
f 4093 4089 4091
f 4093 4993 4089
f 4993 4992 4089
f 4094 4091 4092
f 4094 4093 4091
f 4141 4140 4942
f 4142 4141 4942
f 4144 4139 4140
f 4141 4144 4140
f 4143 4141 4142
f 4143 4142 4138
f 4147 4948 4139
f 4144 4147 4139
f 4146 4144 4141
f 4151 4146 4141
f 4151 4141 4143
f 4145 4151 4143
f 4150 4144 4146
f 4150 4147 4144
f 4151 4150 4146
f 4149 4148 4147
f 4149 4147 4150
f 4152 4148 4149
f 4154 4149 4150
f 4154 4152 4149
f 4155 4154 4150
f 4153 4150 4151
f 4153 4155 4150
f 4240 4155 4153
f 4156 4157 4152
f 4156 4152 4154
f 4156 4154 4155
f 4155 4240 4159
f 4158 4157 4156
f 4159 4156 4155
f 4159 4160 4156
f 4162 4157 4158
f 4164 4158 4156
f 4164 4156 4160
f 4163 4158 4164
f 4163 4162 4158
f 4165 4164 4160
f 4167 4161 4162
f 4170 4167 4162
f 4170 4162 4163
f 4170 4163 4164
f 4168 4170 4164
f 4168 4164 4165
f 4168 4165 4160
f 4166 4168 4160
f 4169 4171 4167
f 4169 4167 4170
f 4173 4169 4170
f 4173 4172 4169
f 4175 4173 4170
f 4174 4179 4171
f 4176 4174 4171
f 4176 4171 4169
f 4172 4176 4169
f 4175 4172 4173
f 4176 4179 4174
f 4177 4176 4172
f 4180 4172 4175
f 4181 4179 4176
f 4177 4181 4176
f 4180 4177 4172
f 4182 4181 4177
f 4180 4182 4177
f 4183 4178 4179
f 4183 4185 4178
f 4181 4183 4179
f 4184 4182 4180
f 4183 4181 4182
f 4190 4185 4183
f 4187 4190 4183
f 4189 4185 4190
f 4189 4186 4185
f 4187 4183 4182
f 4193 4187 4182
f 4189 4188 4186
f 4193 4190 4187
f 4191 4188 4189
f 4192 4191 4189
f 4196 4189 4190
f 4196 4192 4189
f 4194 4191 4192
f 4193 4196 4190
f 4194 4958 4191
f 4195 4194 4192
f 4195 4192 4196
f 4302 4195 4196
f 4200 4202 4194
f 4200 4194 4195
f 4197 4200 4195
f 4198 4200 4197
f 4197 4195 4302
f 4201 4198 4197
f 4199 4959 4202
f 4203 4200 4198
f 4201 4203 4198
f 4202 4200 4203
f 4206 4961 4199
f 4204 4199 4202
f 4204 4202 4203
f 4201 4204 4203
f 4206 4199 4205
f 4204 4205 4199
f 4207 4204 4201
f 4212 4205 4204
f 4207 4212 4204
f 4208 4213 4206
f 4208 4206 4205
f 4212 4208 4205
f 4209 4212 4207
f 4210 4213 4208
f 4210 4208 4212
f 4213 4210 4212
f 4211 4213 4212
f 4215 4213 4211
f 4215 4211 4212
f 4217 4213 4215
f 4217 4216 4213
f 4219 4214 4213
f 4219 4213 4216
f 4218 4963 4214
f 4219 4218 4214
f 4219 4216 4217
f 4222 4226 4218
f 4221 4218 4219
f 4221 4222 4218
f 4220 4964 4218
f 4224 4220 4218
f 4226 4224 4218
f 4223 4964 4220
f 4224 4223 4220
f 4227 4226 4222
f 4222 4221 4227
f 4226 4230 4224
f 4229 4228 4223
f 4225 4223 4224
f 4225 4229 4223
f 4230 4225 4224
f 4229 4225 4230
f 4231 4230 4226
f 4231 4226 4227
f 4232 4229 4230
f 4232 4230 4231
f 4233 4229 4232
f 4235 4233 4232
f 4235 4232 4231
f 4234 4236 4228
f 4234 4228 4229
f 4234 4229 4233
f 4234 4233 4235
f 4238 4234 4235
f 4237 4236 4234
f 4238 4840 4237
f 4238 4237 4234
f 4239 4238 4235
f 4825 4138 4137
f 4247 4138 4825
f 4247 4143 4138
f 4249 4143 4247
f 4252 4145 4143
f 4252 4143 4249
f 4252 4151 4145
f 4255 4153 4151
f 4255 4151 4252
f 4255 4240 4153
f 4268 4160 4159
f 4268 4159 4240
f 4166 4160 4268
f 4270 4168 4166
f 4277 4168 4270
f 4277 4170 4168
f 4276 4170 4277
f 4241 4170 4276
f 4241 4175 4170
f 4241 4180 4175
f 4184 4180 4286
f 4285 4182 4184
f 4293 4182 4285
f 4193 4182 4293
f 4297 4196 4193
f 4302 4196 4297
f 4302 4201 4197
f 4306 4201 4302
f 4311 4207 4201
f 4311 4201 4306
f 4315 4207 4314
f 4315 4209 4207
f 4315 4212 4209
f 4323 4212 4315
f 4323 4215 4212
f 4323 4217 4215
f 4323 4219 4217
f 4328 4219 4323
f 4227 4219 4328
f 4227 4221 4219
f 4231 4227 4334
f 4243 4235 4231
f 4243 4231 4242
f 4244 4235 4243
f 4344 4239 4235
f 4344 4235 4244
f 4829 4689 4257
f 4245 4825 4827
f 4246 4251 4827
f 4246 4829 4257
f 4247 4825 4245
f 4251 4245 4827
f 4250 4247 4245
f 4250 4245 4251
f 4257 4251 4246
f 4252 4249 4247
f 4254 4252 4247
f 4254 4247 4250
f 4253 4252 4254
f 4257 4254 4250
f 4257 4250 4251
f 4256 4255 4252
f 4256 4252 4253
f 4253 4254 4257
f 4260 4240 4255
f 4260 4255 4256
f 4259 4256 4253
f 4259 4253 4257
f 4258 4259 4257
f 4260 4256 4259
f 4264 4259 4258
f 4264 4258 4692
f 4262 4240 4260
f 4261 4263 4260
f 4261 4260 4259
f 4264 4261 4259
f 4262 4260 4263
f 4266 4261 4264
f 4266 4263 4261
f 4264 4267 4266
f 4265 4240 4262
f 4266 4262 4263
f 4268 4240 4265
f 4268 4265 4262
f 4268 4262 4266
f 4271 4268 4266
f 4271 4266 4267
f 4269 4271 4267
f 4269 4267 4264
f 4270 4166 4268
f 4278 4268 4271
f 4272 4271 4269
f 4278 4270 4268
f 4274 4278 4271
f 4272 4274 4271
f 4275 4277 4270
f 4278 4275 4270
f 4274 4272 4273
f 4241 4277 4275
f 4281 4275 4278
f 4279 4281 4278
f 4279 4278 4274
f 4241 4276 4277
f 4286 4180 4241
f 4280 4286 4241
f 4280 4241 4275
f 4280 4275 4281
f 4283 4286 4280
f 4282 4283 4280
f 4284 4282 4280
f 4284 4280 4281
f 4285 4184 4286
f 4292 4285 4286
f 4289 4283 4282
f 4289 4282 4284
f 4292 4293 4285
f 4288 4292 4286
f 4288 4286 4283
f 4290 4292 4288
f 4290 4288 4283
f 4290 4283 4289
f 4291 4290 4289
f 4291 4289 4287
f 4295 4291 4287
f 4293 4297 4193
f 4294 4293 4292
f 4294 4292 4290
f 4294 4290 4291
f 4295 4294 4291
f 4297 4293 4294
f 4305 4299 4294
f 4296 4294 4295
f 4296 4305 4294
f 4298 4297 4294
f 4298 4294 4299
f 4300 4302 4297
f 4300 4297 4298
f 4308 4300 4298
f 4304 4308 4298
f 4301 4304 4298
f 4301 4298 4299
f 4301 4299 4305
f 4302 4300 4303
f 4308 4303 4300
f 4303 4306 4302
f 4307 4308 4304
f 4307 4304 4301
f 4307 4301 4305
f 4311 4306 4303
f 4312 4311 4303
f 4313 4312 4303
f 4309 4313 4303
f 4309 4303 4308
f 4309 4308 4307
f 4310 4207 4311
f 4310 4314 4207
f 4309 4702 4313
f 4314 4310 4311
f 4315 4314 4311
f 4316 4315 4311
f 4317 4316 4311
f 4317 4311 4312
f 4317 4312 4313
f 4318 4317 4313
f 4319 4318 4313
f 4318 4316 4317
f 4320 4323 4315
f 4320 4315 4316
f 4321 4322 4318
f 4321 4318 4319
f 4322 4320 4316
f 4322 4316 4318
f 4328 4323 4320
f 4324 4328 4320
f 4324 4320 4322
f 4325 4326 4322
f 4325 4322 4321
f 4331 4324 4322
f 4326 4331 4322
f 4326 4325 4327
f 4329 4332 4328
f 4329 4328 4324
f 4330 4329 4324
f 4331 4330 4324
f 4331 4326 4327
f 4332 4227 4328
f 4335 4332 4329
f 4335 4329 4330
f 4333 4331 4327
f 4333 4330 4331
f 4334 4227 4332
f 4336 4330 4333
f 4333 4327 4336
f 4242 4334 4332
f 4335 4242 4332
f 4337 4335 4330
f 4336 4337 4330
f 4231 4334 4242
f 4337 4242 4335
f 4339 4337 4336
f 4340 4341 4242
f 4337 4340 4242
f 4338 4337 4339
f 4341 4340 4337
f 4342 4337 4338
f 4342 4341 4337
f 4341 4243 4242
f 4342 4338 4339
f 4343 4346 4341
f 4343 4341 4342
f 4343 4342 4339
f 4345 4243 4341
f 4346 4345 4341
f 4347 4346 4343
f 4344 4244 4243
f 4345 4344 4243
f 4348 4347 4343
f 4352 4348 4343
f 4349 4352 4343
f 4350 4239 4344
f 4350 4344 4345
f 4347 4350 4345
f 4347 4351 4350
f 4347 4345 4346
f 4351 4347 4348
f 4352 4351 4348
f 4394 4390 4393
f 4394 4655 4390
f 4400 4389 4391
f 4398 4400 4391
f 4398 4391 4392
f 4394 4393 4395
f 4398 4392 4653
f 4398 4653 4394
f 4398 4394 4395
f 4398 4395 4396
f 4398 4396 4399
f 4408 4407 4397
f 4411 4398 4399
f 4411 4399 4401
f 4406 4408 4397
f 4406 4397 4400
f 4411 4401 4402
f 4406 4400 4398
f 4404 4406 4398
f 4404 4398 4411
f 4411 4402 4403
f 4411 4403 3951
f 4410 4408 4406
f 4410 4406 4404
f 4411 3951 4409
f 4411 4410 4404
f 4417 4405 4407
f 4419 4417 4407
f 4422 4407 4408
f 4422 4419 4407
f 4411 4409 4412
f 4411 4412 4414
f 4425 4408 4410
f 4425 4422 4408
f 4414 4425 4410
f 4421 4413 4417
f 4414 4410 4411
f 4414 4415 4416
f 4427 4420 4413
f 4418 4427 4413
f 4425 4414 4416
f 4418 4413 4421
f 4424 4421 4417
f 4425 4416 4423
f 4424 4417 4419
f 4427 4418 4421
f 4425 4419 4422
f 4425 4424 4419
f 4430 4421 4424
f 4430 4427 4421
f 4425 4423 4426
f 4435 4420 4427
f 4425 4426 4428
f 4431 4435 4427
f 4446 4431 4427
f 4441 4446 4427
f 4433 4430 4424
f 4425 4433 4424
f 4425 4428 4429
f 4432 4427 4430
f 4432 4441 4427
f 4433 4425 4429
f 4433 4432 4430
f 4446 4435 4431
f 4441 4432 4433
f 4441 4433 4434
f 4441 4434 4438
f 4449 4437 4435
f 4440 4435 4446
f 4440 4449 4435
f 4445 4436 4437
f 4441 4438 4439
f 4449 4445 4437
f 4441 4439 4442
f 4446 4444 4440
f 4446 4441 4442
f 4446 4442 4443
f 4444 4449 4440
f 4455 4444 4446
f 4448 4377 4445
f 4446 4443 4447
f 4459 4448 4445
f 4455 4449 4444
f 4457 4445 4449
f 4457 4459 4445
f 4455 4446 4447
f 4455 4447 4450
f 4455 4457 4449
f 4455 4450 4451
f 4452 4448 4459
f 4460 4457 4455
f 4454 4453 4448
f 4455 4451 4456
f 4468 4448 4452
f 4468 4454 4448
f 4462 4459 4457
f 4468 4452 4459
f 4454 4465 4453
f 4466 4468 4459
f 4460 4456 4458
f 4460 4455 4456
f 4463 4453 4465
f 4462 4457 4460
f 4460 4458 4461
f 4465 4454 4468
f 4466 4459 4462
f 4473 4461 4464
f 4473 4462 4460
f 4473 4460 4461
f 4472 4469 4463
f 4473 4464 4467
f 4473 4466 4462
f 4472 4463 4465
f 4474 4472 4465
f 4473 4468 4466
f 4474 4465 4468
f 4473 4467 4470
f 4473 4470 4471
f 4473 4474 4468
f 4472 4475 4469
f 4478 4474 4473
f 4479 4480 4472
f 4484 4471 4476
f 4484 4473 4471
f 4484 4478 4473
f 4477 4475 4472
f 4478 4472 4474
f 4478 4479 4472
f 4484 4476 4025
f 4477 4472 4480
f 4484 4479 4478
f 4482 4475 4477
f 4482 4486 4475
f 4480 4479 4484
f 4480 4482 4477
f 4487 4482 4480
f 4484 4481 4483
f 4491 4487 4480
f 4488 4486 4482
f 4484 4483 4485
f 4495 4491 4480
f 4498 4497 4486
f 4495 4480 4484
f 4495 4485 4489
f 4495 4489 4490
f 4495 4484 4485
f 4498 4486 4488
f 4491 4482 4487
f 4499 4488 4482
f 4491 4499 4482
f 4495 4490 4492
f 4495 4492 4493
f 4500 4498 4488
f 4495 4499 4491
f 4495 4493 4496
f 4500 4488 4499
f 4509 4494 4497
f 4505 4495 4496
f 4505 4499 4495
f 4509 4497 4498
f 4500 4509 4498
f 4505 4500 4499
f 4505 4496 4501
f 4505 4501 4502
f 4503 4500 4505
f 4509 4500 4503
f 4505 4502 4504
f 4507 4494 4509
f 4505 4509 4503
f 4510 4509 4505
f 4510 4504 4508
f 4510 4505 4504
f 4514 4506 4507
f 4513 4506 4514
f 4520 4514 4507
f 4510 4508 4511
f 4510 4511 4512
f 4520 4507 4509
f 4520 4509 4510
f 4515 4514 4520
f 4516 4520 4510
f 4516 4510 4512
f 4518 4513 4514
f 4519 4518 4514
f 4518 4517 4513
f 4523 4514 4515
f 4523 4515 4520
f 4523 4519 4514
f 4525 4523 4520
f 4520 4516 4521
f 4526 4531 4518
f 4530 4534 4517
f 4530 4517 4518
f 4523 4526 4518
f 4523 4518 4519
f 4527 4520 4521
f 4527 4525 4520
f 4531 4530 4518
f 4526 4523 4525
f 4527 4522 4528
f 4527 4528 4529
f 4531 4526 4525
f 4532 4527 4529
f 4532 4525 4527
f 4532 4531 4525
f 4541 4524 4534
f 4544 4534 4530
f 4544 4530 4531
f 4542 4541 4534
f 4535 4544 4531
f 4538 4534 4544
f 4539 4531 4532
f 4539 4535 4531
f 4539 4533 4536
f 4539 4532 4533
f 4542 4534 4538
f 4537 4388 4541
f 4539 4536 4540
f 4546 4537 4541
f 4544 4535 4539
f 4544 4539 4540
f 4542 4538 4544
f 4543 4542 4544
f 4543 4548 4542
f 4548 4543 4544
f 4544 4549 4548
f 4544 4540 4088
f 4544 4088 4549
f 4547 4541 4542
f 4547 4546 4541
f 4550 4547 4542
f 4553 4550 4542
f 4553 4542 4548
f 4550 4546 4547
f 4550 4551 4546
f 4554 4551 4550
f 4553 4549 3838
f 4553 4548 4549
f 4553 3838 3841
f 4555 4546 4551
f 4553 4554 4550
f 4554 4555 4551
f 4553 3841 3843
f 4558 4552 4546
f 4561 4558 4546
f 4561 4546 4555
f 4559 4553 3843
f 4559 4554 4553
f 4559 3843 3845
f 4559 4555 4554
f 4559 3845 3847
f 4567 4561 4555
f 4559 3847 3849
f 4564 4558 4561
f 4559 4567 4555
f 4559 3849 3851
f 4562 4557 4552
f 4563 4560 4557
f 4562 4552 4558
f 4563 4557 4562
f 4564 4562 4558
f 4567 4559 3851
f 4567 3851 3853
f 4567 4564 4561
f 4565 4562 4564
f 4567 3853 3855
f 4563 4562 4565
f 4567 3855 3857
f 4565 4564 4567
f 4568 4563 4565
f 4567 3857 3859
f 4566 4563 4568
f 4569 4568 4565
f 4569 4565 4567
f 4569 4567 3859
f 4572 4570 4566
f 4573 4566 4568
f 4573 4572 4566
f 4574 4569 3861
f 4574 4568 4569
f 4574 3861 3863
f 4575 4577 4570
f 4575 4570 4572
f 4573 4568 4574
f 4574 3863 3865
f 4575 4572 4573
f 4574 3865 3867
f 4577 4571 4570
f 4576 4575 4573
f 4580 4576 4573
f 4580 4573 4574
f 4578 4581 4571
f 4580 4574 3867
f 4582 4577 4575
f 4586 4582 4575
f 4583 4578 4571
f 4583 4571 4577
f 4580 4586 4575
f 4580 4575 4576
f 4583 4577 4582
f 4580 3869 3871
f 4585 4579 4581
f 4586 3871 3873
f 4586 4580 3871
f 4587 4581 4578
f 4587 4585 4581
f 4584 4587 4578
f 4584 4578 4583
f 4583 4582 4586
f 4586 3873 3875
f 4587 4584 4583
f 4586 3875 3877
f 4589 4585 4587
f 4589 4588 4585
f 4590 4587 4583
f 4593 4589 4587
f 4590 4586 3877
f 4590 4583 4586
f 4590 4593 4587
f 4593 4595 4589
f 4590 3879 3881
f 4595 4596 4589
f 4601 4678 4589
f 4591 4593 4590
f 4596 4601 4589
f 4592 4595 4593
f 4599 3881 3883
f 4599 4590 3881
f 4599 4591 4590
f 4594 4592 4593
f 4594 4595 4592
f 4599 3883 3885
f 4599 4593 4591
f 4594 4593 4599
f 4599 3885 3887
f 4598 4595 4594
f 4600 4596 4595
f 4604 4601 4596
f 4602 4600 4595
f 4599 3887 3889
f 4599 4598 4594
f 4602 4595 4598
f 4600 4604 4596
f 4602 3889 3891
f 4602 4599 3889
f 4602 4598 4599
f 4603 4597 4601
f 4603 4601 4604
f 4604 4600 4602
f 4605 4604 4602
f 4606 4607 4603
f 4608 4604 4605
f 3900 4606 4603
f 3900 4603 4604
f 4608 3900 4604
f 4605 3893 3895
f 4605 4602 3893
f 3899 4608 4605
f 4605 3895 3897
f 4609 4607 4606
f 4609 4606 3900
f 3899 4605 3897
f 4615 4607 4609
f 3900 4608 3899
f 4614 4612 4607
f 4615 4609 3900
f 3900 3899 5049
f 4611 4615 3900
f 4610 4607 4615
f 4610 4614 4607
f 4617 4611 3900
f 4614 4610 4615
f 4619 4614 4615
f 4617 3900 3901
f 4618 4612 4614
f 4615 4611 4617
f 4616 4613 4612
f 4616 4612 4618
f 4618 4614 4619
f 4623 4616 4618
f 4620 4619 4615
f 4620 4615 4617
f 4621 4623 4618
f 4620 3903 3905
f 4620 3905 3907
f 4620 4617 3903
f 4624 4616 4623
f 4619 4621 4618
f 4620 3907 3909
f 4621 4619 4620
f 4625 4622 4616
f 4625 4616 4624
f 4629 4623 4621
f 4629 4621 4620
f 4620 3909 3911
f 4627 4623 4629
f 4627 4625 4624
f 4631 4628 4625
f 4629 3911 3913
f 4629 4620 3911
f 4627 4624 4623
f 4626 4625 4627
f 4626 4631 4625
f 4629 3913 3915
f 4631 4626 4627
f 4633 4632 4627
f 4638 4631 4627
f 4629 4633 4627
f 4629 3915 3917
f 4629 3917 3919
f 4635 4628 4631
f 4638 4627 4632
f 4634 4630 4635
f 4633 4629 3919
f 4636 4635 4631
f 4636 4631 4638
f 4633 4638 4632
f 4639 4636 4638
f 4637 4630 4634
f 4638 4633 3921
f 4639 4637 4634
f 4639 4634 4635
f 4639 4635 4636
f 4638 3921 4640
f 4641 4637 4639
f 4641 4644 4637
f 4640 4639 4638
f 4643 4642 4639
f 4645 4644 4641
f 4642 4641 4639
f 4643 3924 3926
f 4643 4640 3924
f 4643 4639 4640
f 4645 4662 4644
f 4647 4641 4642
f 4646 4642 4643
f 4646 4643 3928
f 4646 4647 4642
f 4648 4645 4641
f 4648 4652 4645
f 4651 4646 3930
f 4651 3930 3931
f 4651 4647 4646
f 4650 4649 4652
f 4651 3931 3933
f 3932 4654 4641
f 4653 4652 4648
f 3932 4641 4647
f 4650 4391 4649
f 4653 4648 4641
f 4651 3932 4647
f 4652 4391 4650
f 4652 4392 4391
f 4654 4653 4641
f 4653 4392 4652
f 3932 4651 3933
f 4394 4653 4654
f 4654 4655 4394
f 4655 4654 3932
f 4655 3932 3933
f 4657 4625 4628
f 4625 4657 4622
f 4657 4628 4635
f 4657 4656 4616
f 4622 4657 4616
f 4657 4635 4630
f 4616 4656 4658
f 4683 4657 4630
f 4659 4683 4630
f 4616 4658 4613
f 4659 4630 4637
f 4613 4658 4612
f 4658 4660 4612
f 4659 4637 4644
f 4662 4659 4644
f 4660 4661 4612
f 4612 4661 4607
f 4662 4645 4652
f 4661 4663 4603
f 4607 4661 4603
f 4664 4662 4652
f 4366 4664 4649
f 4664 4652 4649
f 4663 4665 4597
f 4603 4663 4597
f 4366 4649 4391
f 4367 4366 4391
f 4665 4678 4601
f 4597 4665 4601
f 4367 4391 4389
f 4368 4367 4400
f 4367 4389 4400
f 4678 4677 4589
f 4677 4579 4588
f 4589 4677 4588
f 4369 4368 4397
f 4368 4400 4397
f 4369 4397 4407
f 4370 4369 4407
f 4588 4579 4585
f 4370 4407 4405
f 4371 4370 4405
f 4666 4667 4581
f 4579 4666 4581
f 4371 4405 4417
f 4372 4371 4417
f 4667 4668 4571
f 4581 4667 4571
f 4372 4417 4373
f 4373 4417 4413
f 4571 4668 4669
f 4669 4670 4570
f 4571 4669 4570
f 4413 4420 4373
f 4570 4670 4671
f 4373 4420 4374
f 4570 4671 4672
f 4570 4672 4566
f 4420 4435 4374
f 4566 4672 4673
f 4563 4566 4673
f 4435 4437 4374
f 4563 4673 4560
f 4374 4437 4375
f 4437 4436 4375
f 4557 4560 4556
f 4375 4436 4376
f 4436 4445 4376
f 4552 4557 4674
f 4557 4556 4674
f 4376 4445 4377
f 4377 4448 4698
f 4448 4453 4698
f 4552 4674 4545
f 4546 4552 4545
f 4698 4453 4378
f 4546 4545 4537
f 4453 4463 4379
f 4378 4453 4379
f 4463 4469 4380
f 4379 4463 4380
f 4524 4541 4387
f 4541 4388 4387
f 4469 4475 4380
f 4524 4387 4386
f 4534 4524 4386
f 4380 4475 4381
f 4517 4534 4386
f 4475 4486 4381
f 4381 4486 4382
f 4513 4517 4386
f 4513 4386 4385
f 4486 4497 4383
f 4382 4486 4383
f 4506 4513 4385
f 4383 4497 4384
f 4507 4506 4384
f 4506 4385 4384
f 4497 4494 4384
f 4494 4507 4384
f 4579 4675 4666
f 4579 4676 4675
f 4579 4677 4676
f 4660 4679 4661
f 4656 4680 4658
f 4657 4682 4681
f 4683 4682 4657
f 4662 4684 4659
f 4662 4685 4684
f 4662 4664 4685
f 4362 4361 4657
f 4362 4657 4681
f 4711 4362 4681
f 4657 4361 4656
f 4711 4681 4682
f 4361 4360 4680
f 4656 4361 4680
f 4711 4682 4683
f 4680 4360 4658
f 4711 4683 4659
f 4363 4711 4659
f 4658 4360 4660
f 4360 4359 4660
f 4363 4659 4684
f 4660 4359 4679
f 4364 4363 4685
f 4363 4684 4685
f 4679 4359 4661
f 4359 4713 4661
f 4364 4685 4664
f 4661 4713 4663
f 4365 4364 4366
f 4364 4664 4366
f 4663 4713 4665
f 4713 4358 4665
f 4689 4365 4367
f 4365 4366 4367
f 4248 4689 4367
f 4665 4358 4678
f 4248 4367 4368
f 4678 4358 4677
f 4691 4248 4368
f 4358 4357 4677
f 4691 4368 4369
f 4677 4357 4676
f 4691 4369 4370
f 4676 4357 4675
f 4692 4691 4370
f 4357 4356 4675
f 4692 4370 4371
f 4675 4356 4666
f 4692 4371 4372
f 4666 4356 4667
f 4667 4356 4668
f 4692 4372 4373
f 4668 4356 4669
f 4693 4692 4373
f 4356 4355 4670
f 4669 4356 4670
f 4693 4373 4694
f 4671 4670 4355
f 4671 4355 4354
f 4373 4374 4694
f 4672 4671 4354
f 4560 4673 4354
f 4673 4672 4354
f 4374 4375 4695
f 4694 4374 4695
f 4375 4376 4696
f 4695 4375 4696
f 4556 4560 4353
f 4674 4556 4353
f 4376 4377 4697
f 4696 4376 4697
f 4674 4353 4719
f 4697 4377 4698
f 4545 4674 4719
f 4698 4378 4699
f 4537 4545 4719
f 4378 4379 4700
f 4699 4378 4700
f 4537 4719 4686
f 4379 4380 4700
f 4388 4537 4686
f 4700 4380 4701
f 4387 4388 4686
f 4380 4381 4687
f 4701 4380 4687
f 4386 4387 4686
f 4386 4686 4708
f 4381 4382 4687
f 4386 4708 4688
f 4382 4383 4687
f 4385 4386 4688
f 4687 4383 4704
f 4383 4384 4704
f 4385 4688 4706
f 4704 4384 4705
f 4384 4385 4706
f 4384 4706 4705
f 4690 4248 4691
f 4702 4687 4703
f 4703 4687 4704
f 4707 4688 4708
f 4686 4719 4709
f 4362 4710 4361
f 4710 4362 4711
f 4361 4710 4360
f 4710 4799 4360
f 4813 4711 4363
f 4712 4813 4363
f 4360 4799 4359
f 4712 4363 4364
f 4791 4789 4359
f 4359 4789 4713
f 4714 4364 4365
f 4713 4715 4358
f 4714 4365 4689
f 4715 4774 4358
f 4257 4689 4248
f 4774 4716 4358
f 4257 4248 4690
f 4258 4257 4690
f 4258 4690 4691
f 4358 4716 4357
f 4716 4765 4357
f 4258 4691 4692
f 4357 4765 4356
f 4765 4760 4356
f 4760 4757 4356
f 4269 4264 4693
f 4264 4692 4693
f 4356 4757 4753
f 4356 4753 4355
f 4693 4694 4272
f 4269 4693 4272
f 4272 4694 4273
f 4694 4695 4273
f 4273 4695 4274
f 4354 4738 4560
f 4274 4695 4279
f 4279 4695 4281
f 4560 4738 4353
f 4695 4696 4281
f 4281 4696 4284
f 4696 4697 4284
f 4353 4717 4718
f 4284 4697 4289
f 4719 4353 4731
f 4353 4718 4731
f 4289 4697 4287
f 4697 4698 4287
f 4698 4699 4295
f 4287 4698 4295
f 4709 4719 4352
f 4699 4700 4296
f 4295 4699 4296
f 4709 4352 4349
f 4296 4700 4305
f 4700 4701 4305
f 4686 4709 4349
f 4686 4349 4343
f 4701 4687 4307
f 4305 4701 4307
f 4708 4686 4343
f 4708 4343 4339
f 4307 4687 4309
f 4309 4687 4702
f 4708 4339 4336
f 4702 4703 4313
f 4707 4708 4336
f 4313 4703 4319
f 4707 4336 4327
f 4688 4707 4327
f 4703 4704 4319
f 4706 4688 4327
f 4319 4704 4321
f 4704 4705 4321
f 4321 4705 4325
f 4706 4327 4325
f 4705 4706 4325
f 4720 4350 4351
f 4720 4721 4350
f 4720 4351 4352
f 4721 4723 4350
f 4722 4721 4720
f 4722 4720 4352
f 4722 4352 4719
f 4725 4724 4723
f 4725 4723 4721
f 4726 4721 4722
f 4726 4725 4721
f 4727 4726 4722
f 4727 4722 4719
f 4729 4723 4724
f 4728 4727 4719
f 4728 4726 4727
f 4728 4719 4731
f 4733 4724 4725
f 4730 4733 4725
f 4730 4725 4726
f 4733 4730 4726
f 4731 4726 4728
f 4731 4733 4726
f 4733 4729 4724
f 4733 4731 4718
f 4735 4732 4729
f 4737 4729 4733
f 4737 4735 4729
f 4734 4737 4733
f 4717 4733 4718
f 4717 4734 4733
f 4734 4717 4353
f 4736 4735 4737
f 4739 4737 4734
f 4739 4734 4353
f 4740 4742 4736
f 4737 4740 4736
f 4738 4737 4739
f 4739 4353 4738
f 4744 4740 4737
f 4741 4744 4737
f 4741 4737 4738
f 4741 4738 4354
f 4745 4743 4742
f 4744 4742 4740
f 4747 4744 4741
f 4745 4751 4743
f 4745 4742 4744
f 4747 4741 4354
f 4746 4745 4744
f 4747 4746 4744
f 4747 4354 4355
f 4748 4751 4745
f 4746 4748 4745
f 4749 4746 4747
f 4747 4355 4753
f 4752 4748 4746
f 4749 4752 4746
f 4753 4749 4747
f 4755 4750 4751
f 4755 4751 4748
f 4753 4752 4749
f 4752 4755 4748
f 4757 4756 4752
f 4757 4752 4753
f 4759 4755 4752
f 4756 4759 4752
f 4761 4754 4755
f 4758 4755 4759
f 4758 4761 4755
f 4760 4756 4757
f 4761 4758 4759
f 4763 4761 4759
f 4762 4763 4759
f 4762 4759 4756
f 4765 4756 4760
f 4765 4762 4756
f 4763 4764 4761
f 4767 4766 4761
f 4763 4762 4765
f 4764 4769 4767
f 4764 4767 4761
f 4716 4764 4763
f 4765 4716 4763
f 4770 4769 4764
f 4768 4766 4767
f 4768 4767 4769
f 4770 4764 4716
f 4772 4768 4769
f 4771 4772 4769
f 4771 4769 4770
f 4774 4771 4770
f 4774 4770 4716
f 4775 4773 4768
f 4775 4768 4772
f 4777 4772 4771
f 4774 4777 4771
f 4775 4780 4773
f 4779 4775 4772
f 4776 4779 4772
f 4776 4772 4777
f 4777 4774 4715
f 4781 4775 4779
f 4780 4775 4781
f 4715 4776 4777
f 4715 4779 4776
f 4715 4782 4779
f 4785 4784 4834
f 4786 4780 4781
f 4786 4781 4779
f 4782 4786 4779
f 4782 4715 4713
f 4786 4778 4780
f 4783 4713 4789
f 4783 4782 4713
f 4785 4778 4786
f 4789 4782 4783
f 4788 4784 4785
f 4788 4787 4784
f 4788 4785 4786
f 4790 4788 4786
f 4790 4786 4782
f 4789 4790 4782
f 4790 4787 4788
f 4791 4790 4789
f 4793 4787 4790
f 4798 4790 4791
f 4792 4793 4790
f 4792 4795 4793
f 4792 4790 4798
f 4798 4359 4799
f 4798 4791 4359
f 4794 4793 4795
f 4797 4794 4795
f 4796 4795 4792
f 4798 4796 4792
f 4797 4795 4796
f 4800 4794 4797
f 4799 4797 4796
f 4799 4796 4798
f 4801 4800 4797
f 4801 4804 4800
f 4802 4801 4797
f 4802 4797 4799
f 4804 4835 4800
f 4710 4802 4799
f 4802 4804 4801
f 4803 4802 4710
f 4804 4807 4835
f 4804 4802 4803
f 4803 4710 4711
f 4807 4806 4835
f 4808 4807 4804
f 4805 4808 4804
f 4805 4804 4803
f 4805 4803 4711
f 4808 4805 4711
f 4811 4806 4807
f 4810 4811 4807
f 4810 4807 4808
f 4812 4810 4808
f 4812 4808 4711
f 4811 4809 4806
f 4812 4711 4813
f 4813 4811 4810
f 4812 4813 4810
f 4814 4809 4811
f 4813 4814 4811
f 4814 4817 4809
f 4816 4813 4712
f 4818 4817 4814
f 4819 4818 4814
f 4815 4819 4814
f 4815 4814 4813
f 4815 4813 4816
f 4816 4712 4364
f 4364 4815 4816
f 4820 4817 4818
f 4820 4818 4819
f 4822 4819 4815
f 4822 4815 4364
f 4822 4364 4714
f 4714 4820 4819
f 4714 4819 4822
f 4828 4821 4820
f 4828 4820 4714
f 4829 4828 4714
f 4824 4823 4821
f 4825 4824 4821
f 4826 4825 4821
f 4826 4827 4825
f 4827 4826 4821
f 4827 4821 4828
f 4828 4246 4827
f 4829 4246 4828
f 4829 4714 4689
f 4723 4239 4350
f 4723 4837 4239
f 4729 4732 4723
f 4735 4830 4732
f 4736 4830 4735
f 4742 4831 4830
f 4742 4830 4736
f 4742 4854 4831
f 4743 4832 4854
f 4743 4854 4742
f 4751 4863 4743
f 4750 4863 4751
f 4755 4867 4863
f 4755 4863 4750
f 4754 4867 4755
f 4761 4873 4754
f 4766 4873 4761
f 4766 4833 4873
f 4768 4883 4766
f 4773 4883 4768
f 4780 4888 4773
f 4778 4890 4888
f 4778 4888 4780
f 4785 4834 4890
f 4785 4890 4778
f 4784 4787 4890
f 4784 4890 4834
f 4787 4900 4898
f 4793 4900 4787
f 4793 4902 4900
f 4793 4906 4902
f 4794 4906 4793
f 4800 4913 4794
f 4806 4923 4835
f 4806 4928 4923
f 4809 4928 4806
f 4817 4928 4809
f 4817 4933 4928
f 4820 4940 4817
f 4821 4940 4820
f 4823 4940 4821
f 4825 4137 4824
f 4838 4236 4237
f 4836 4838 4237
f 4840 4836 4237
f 4239 4840 4238
f 4848 4836 4840
f 4837 4840 4239
f 4839 4841 4838
f 4839 4838 4836
f 4848 4839 4836
f 4840 4837 4723
f 4843 4842 4838
f 4841 4843 4838
f 4840 4723 4732
f 4841 4839 4848
f 4847 4841 4848
f 4848 4840 4732
f 4845 4842 4843
f 4846 4843 4841
f 4847 4846 4841
f 4845 4844 4842
f 4846 4845 4843
f 4848 4732 4830
f 4850 4845 4846
f 4850 4849 4845
f 4850 4846 4847
f 4847 4848 4830
f 4850 4847 4830
f 4850 4830 4831
f 4852 4851 4845
f 4852 4845 4849
f 4852 4849 4850
f 4853 4852 4850
f 4850 4831 4854
f 4854 4853 4850
f 4858 4851 4852
f 4856 4852 4853
f 4854 4856 4853
f 4858 4860 4851
f 4855 4852 4856
f 4855 4858 4852
f 4856 4854 4832
f 4856 4832 4743
f 4857 4858 4855
f 4857 4855 4856
f 4743 4857 4856
f 4862 4860 4858
f 4859 4858 4857
f 4859 4857 4743
f 4861 4862 4858
f 4861 4858 4859
f 4859 4743 4863
f 4864 4127 4860
f 4863 4861 4859
f 4866 4864 4860
f 4862 4866 4860
f 4866 4862 4861
f 4867 4866 4861
f 4867 4861 4863
f 4868 4864 4866
f 4870 4866 4867
f 4865 4864 4868
f 4870 4867 4754
f 4870 4754 4873
f 4869 4865 4868
f 4872 4869 4868
f 4871 4872 4868
f 4871 4868 4866
f 4871 4866 4870
f 4873 4871 4870
f 4875 4872 4871
f 4873 4875 4871
f 4874 4869 4872
f 4875 4833 4766
f 4875 4873 4833
f 4877 4869 4874
f 4872 4875 4876
f 4876 4875 4766
f 4877 4129 4869
f 4882 4877 4874
f 4878 4872 4876
f 4878 4874 4872
f 4878 4876 4766
f 4878 4766 4883
f 4881 4877 4882
f 4880 4882 4874
f 4880 4874 4878
f 4879 4877 4881
f 4885 4882 4880
f 4885 4880 4878
f 4883 4885 4878
f 4887 4884 4879
f 4887 4879 4881
f 4887 4881 4882
f 4885 4887 4882
f 4773 4885 4883
f 4889 4884 4887
f 4888 4887 4885
f 4773 4888 4885
f 4889 4887 4886
f 4888 4886 4887
f 4891 4892 4889
f 4891 4889 4886
f 4891 4886 4888
f 4895 4891 4888
f 4895 4888 4890
f 4893 4892 4891
f 4894 4893 4891
f 4894 4891 4895
f 4895 4890 4787
f 4896 4892 4893
f 4899 4896 4893
f 4905 4899 4893
f 4897 4905 4893
f 4898 4897 4893
f 4898 4893 4894
f 4898 4895 4787
f 4898 4894 4895
f 4905 4901 4899
f 4902 4905 4897
f 4902 4897 4898
f 4900 4902 4898
f 4904 4903 4896
f 4904 4896 4899
f 4904 4899 4901
f 4906 4901 4905
f 4906 4905 4902
f 4908 4903 4904
f 4908 4904 4901
f 4909 4901 4906
f 4909 4908 4901
f 4909 4794 4913
f 4909 4906 4794
f 4914 4907 4908
f 4909 4912 4908
f 4910 4907 4914
f 4911 4908 4912
f 4911 4914 4908
f 4913 4912 4909
f 4914 4911 4912
f 4915 4914 4912
f 4915 4912 4913
f 4915 4800 4835
f 4915 4913 4800
f 4917 4919 4914
f 4917 4914 4915
f 4916 4910 4914
f 4918 4916 4914
f 4919 4918 4914
f 4917 4915 4835
f 4917 4835 4923
f 4923 4919 4917
f 4921 4916 4918
f 4921 4918 4919
f 4925 4921 4919
f 4920 4925 4919
f 4923 4920 4919
f 4923 4925 4920
f 4926 4922 4921
f 4924 4926 4921
f 4931 4924 4921
f 4931 4921 4925
f 4925 4923 4928
f 4927 4931 4925
f 4928 4927 4925
f 4930 4926 4924
f 4931 4930 4924
f 4929 4926 4930
f 4932 4931 4927
f 4932 4934 4931
f 4932 4927 4928
f 4933 4817 4940
f 4933 4932 4928
f 4937 4929 4930
f 4938 4937 4930
f 4939 4930 4931
f 4939 4931 4934
f 4939 4938 4930
f 4934 4933 4940
f 4934 4932 4933
f 4940 4939 4934
f 4936 4935 4937
f 4943 4936 4937
f 4944 4937 4938
f 4943 4937 4944
f 4940 4823 4824
f 4941 4942 4140
f 4942 4941 4943
f 4944 4942 4943
f 4944 4142 4942
f 4944 4138 4142
f 4945 4138 4944
f 4945 4944 4938
f 4945 4939 4940
f 4945 4137 4138
f 4945 4938 4939
f 4945 4824 4137
f 4945 4940 4824
f 4127 4864 4128
f 4864 4865 4128
f 4851 4860 4844
f 4860 4127 4844
f 4865 4869 4128
f 4845 4851 4844
f 4128 4869 4129
f 4842 4844 4126
f 4129 4877 4884
f 4877 4879 4884
f 4838 4842 4126
f 4838 4126 4125
f 4236 4838 4125
f 4884 4889 4130
f 4228 4236 4125
f 4889 4892 4130
f 4228 4125 4966
f 4130 4892 4131
f 4228 4966 4965
f 4892 4896 4131
f 4223 4228 4965
f 4896 4903 4131
f 4223 4965 4964
f 4908 4907 4903
f 4218 4964 4963
f 4907 4910 4132
f 4132 4910 4916
f 4133 4132 4916
f 4214 4963 4213
f 4963 4962 4213
f 4133 4916 4921
f 4213 4962 4206
f 4133 4921 4922
f 4133 4922 4134
f 4206 4962 4961
f 4134 4922 4926
f 4961 4959 4199
f 4135 4134 4926
f 4135 4926 4929
f 4135 4929 4937
f 4959 4958 4202
f 4135 4937 4935
f 4202 4958 4194
f 4136 4135 4936
f 4135 4935 4936
f 4136 4936 4943
f 4136 4943 4941
f 4191 4958 4188
f 4136 4941 4140
f 4946 4136 4140
f 4188 4957 4186
f 4946 4140 4139
f 4947 4946 4139
f 4957 4109 4186
f 4109 4956 4185
f 4186 4109 4185
f 4947 4139 4948
f 4185 4956 4178
f 4178 4956 4179
f 4948 4147 4148
f 4956 4955 4179
f 4955 4954 4179
f 4954 4952 4171
f 4179 4954 4171
f 4148 4152 4157
f 4171 4952 4167
f 4167 4952 4161
f 4952 4148 4162
f 4148 4157 4162
f 4161 4952 4162
f 4948 4148 4949
f 4949 4148 4950
f 4950 4148 4951
f 4951 4148 4952
f 4953 4952 4954
f 4960 4959 4961
f 4966 4125 4967
f 4127 4128 4969
f 4968 4127 4969
f 4127 4968 4970
f 4844 4127 4970
f 4969 4128 4971
f 4128 4129 4971
f 4844 4970 4983
f 4126 4844 4972
f 4844 4983 4972
f 4971 4129 4985
f 4129 4884 4985
f 4126 4972 4974
f 4985 4884 4973
f 4125 4126 4975
f 4126 4974 4975
f 4125 4975 4124
f 4973 4884 4987
f 4884 4130 4987
f 4967 4125 4124
f 4987 4130 4976
f 4966 4967 4123
f 4967 4124 4123
f 4976 4130 4977
f 4130 4131 4977
f 4965 4966 4122
f 4966 4123 4122
f 4965 4122 4121
f 4131 4903 4977
f 4977 4903 4978
f 4965 4121 4120
f 4903 4907 4978
f 4964 4965 4119
f 4965 4120 4119
f 4907 4132 5068
f 4978 4907 5068
f 4963 4964 4119
f 4119 4118 4963
f 5073 4132 4133
f 4963 4118 4962
f 4118 4117 4962
f 4979 5073 4133
f 4117 4116 4962
f 4979 4133 4134
f 4962 4116 4961
f 4116 4115 4961
f 4961 4115 4960
f 4979 4134 4135
f 4980 4979 4135
f 4960 4115 4959
f 4115 4114 4959
f 4114 4113 4959
f 4981 4980 4135
f 4113 4112 4958
f 4959 4113 4958
f 4981 4135 4136
f 4982 4981 4136
f 4112 4111 4188
f 4958 4112 4188
f 4111 4110 4188
f 4095 4982 4136
f 4095 4136 4946
f 4188 4110 4957
f 4095 4946 4947
f 4096 4095 4947
f 4109 4108 4956
f 4097 4096 4947
f 4108 4107 4956
f 4097 4947 4948
f 4098 4097 4948
f 4107 4106 4956
f 4099 4098 4948
f 4106 4105 4956
f 4956 4105 4955
f 4099 4948 4949
f 4955 4105 4954
f 4100 4099 4949
f 4105 4104 4954
f 4104 4103 4953
f 4954 4104 4953
f 4101 4100 4949
f 4101 4949 4950
f 4103 4102 4953
f 4101 4950 4951
f 4101 4951 4952
f 4102 4101 4952
f 4953 4102 4952
f 4975 4974 4124
f 5020 4968 5021
f 4968 5020 5018
f 4968 4969 5021
f 4968 5018 4970
f 4970 5008 5010
f 4970 5010 4983
f 4971 4985 4984
f 4972 4983 5000
f 4974 4972 5000
f 4985 4973 5037
f 4986 4985 5037
f 4974 5000 4996
f 4974 4996 4094
f 5041 4973 4987
f 4124 4974 4094
f 5047 4987 4988
f 4123 4124 4092
f 4124 4094 4092
f 4987 4976 4988
f 4976 4977 4988
f 4123 4092 4082
f 4988 4977 5057
f 4122 4123 4084
f 4123 4082 4084
f 4121 4122 4084
f 4121 4084 4075
f 5060 4977 4978
f 4120 4121 4073
f 4121 4075 4073
f 5063 4978 5064
f 4119 4120 4073
f 5064 4978 5068
f 4119 4073 4065
f 5068 4132 5073
f 4065 4061 4118
f 4119 4065 4118
f 4118 4059 4117
f 5080 5073 4979
f 5085 5080 4979
f 4059 4047 4116
f 4117 4059 4116
f 4116 4047 4115
f 5085 4979 4980
f 4047 4042 4115
f 4989 5085 4980
f 4115 4042 4114
f 4042 4039 4114
f 4114 4039 4113
f 4989 4980 4981
f 4039 4032 4112
f 4113 4039 4112
f 4112 4032 4111
f 4989 4981 4982
f 4032 4027 4111
f 3938 4989 4982
f 4027 4023 4110
f 4111 4027 4110
f 4023 4021 4110
f 3938 4982 4095
f 4021 4018 4110
f 3941 3938 4095
f 3945 3941 4095
f 4014 4012 4957
f 4018 4014 4957
f 4110 4018 4957
f 3945 4095 4096
f 4957 4012 4109
f 4109 4012 4108
f 3945 4096 4097
f 3940 3945 4097
f 3946 3940 4097
f 4012 4005 4108
f 4108 4005 4107
f 3946 4097 4098
f 3958 3946 4098
f 4005 4000 4106
f 4107 4005 4106
f 3958 4098 4099
f 4000 3993 4105
f 4106 4000 4105
f 3965 3958 4099
f 3965 4099 4100
f 4105 3993 4104
f 3973 3965 4101
f 3965 4100 4101
f 3993 3989 4104
f 4104 3989 4103
f 3975 3973 4101
f 3989 3982 4102
f 4103 3989 4102
f 3979 3975 4102
f 3982 3979 4102
f 3975 4101 4102
f 4990 3839 4087
f 4990 3840 3839
f 4990 4087 4991
f 4990 3842 3840
f 4990 3844 3842
f 4996 4993 4093
f 4994 4990 4991
f 4990 3846 3844
f 4994 4991 4992
f 4996 4093 4094
f 4995 4990 4994
f 4994 4992 4993
f 4999 3846 4990
f 4999 3848 3846
f 4996 4994 4993
f 4999 4990 4995
f 4999 3850 3848
f 4997 4994 4996
f 4997 4996 5000
f 5005 4995 4994
f 4995 4998 4999
f 4997 5005 4994
f 5004 3852 3850
f 5004 3850 4999
f 5004 3854 3852
f 5003 5005 4997
f 5004 4999 4998
f 5000 5003 4997
f 5001 4998 4995
f 5005 5001 4995
f 5002 3856 3854
f 5002 3854 5004
f 5003 5000 4983
f 4998 5001 5005
f 5008 5004 4998
f 5009 5002 5004
f 5005 5003 4983
f 5007 5008 4998
f 5006 5009 5004
f 5012 5004 5008
f 5012 5006 5004
f 5005 4983 5010
f 5002 3860 3858
f 5010 5007 4998
f 5010 4998 5005
f 5013 3860 5002
f 5013 3862 3860
f 5009 5006 5012
f 5010 5008 5007
f 5011 5013 5002
f 5009 5011 5002
f 5013 3864 3862
f 5018 5009 5012
f 5013 5011 5009
f 5018 5012 5008
f 5014 3866 3864
f 5014 3864 5013
f 5022 5013 5009
f 5015 5018 5008
f 5022 5009 5018
f 5015 5008 4970
f 5015 4970 5018
f 5019 5022 5018
f 5017 5014 5013
f 5016 3868 5014
f 5017 5013 5022
f 5023 5014 5017
f 5016 3870 3868
f 5020 5019 5018
f 5024 5017 5022
f 5016 3872 3870
f 5021 5019 5020
f 5016 5014 5023
f 5016 3874 3872
f 5016 3876 3874
f 5021 5022 5019
f 5024 5023 5017
f 5031 3876 5016
f 5026 5016 5023
f 5025 5031 5016
f 5024 5021 4969
f 5024 5022 5021
f 5025 5016 5026
f 5028 5026 5023
f 5028 5023 5024
f 5029 3878 5031
f 5030 5031 5025
f 5027 5028 5024
f 5030 5025 5026
f 5027 4969 4971
f 5027 5024 4969
f 5029 3880 3878
f 5029 3882 3880
f 5028 4971 4984
f 5028 5027 4971
f 5030 5026 5028
f 5032 5031 5030
f 5035 3884 3882
f 5035 3886 3884
f 5035 3882 5029
f 5032 5029 5031
f 5032 5030 5028
f 5034 5028 4984
f 5034 5032 5028
f 5034 4984 4985
f 5035 5029 5032
f 5035 3888 3886
f 4986 5034 4985
f 5036 5035 5032
f 5038 5032 5034
f 5038 5033 5032
f 5035 3890 3888
f 5038 5034 4986
f 5033 5036 5032
f 5039 3891 3890
f 5039 3890 5035
f 5040 5036 5033
f 5037 5038 4986
f 5042 5039 5035
f 5042 5035 5036
f 5041 5040 5033
f 5041 5033 5038
f 5037 4973 5041
f 5050 3892 5039
f 5050 3894 3892
f 5040 5042 5036
f 5041 5038 5037
f 5050 3896 3894
f 5050 5039 5042
f 5046 3896 5050
f 5044 5040 5041
f 5044 5041 4987
f 5045 5042 5040
f 5053 5050 5042
f 5044 5045 5040
f 5043 5042 5045
f 5043 5053 5042
f 5044 4987 5047
f 5048 5046 5050
f 5053 5043 5045
f 5047 5045 5044
f 5051 5053 5045
f 5047 5051 5045
f 5056 3898 5046
f 5056 5049 3898
f 5052 5050 5053
f 5057 5051 5047
f 5056 5046 5048
f 5056 5048 5050
f 5054 3901 5049
f 5054 3902 3901
f 5058 5056 5050
f 5054 5049 5056
f 5052 5058 5050
f 5057 5047 4988
f 5057 5053 5051
f 5059 5058 5052
f 5055 3902 5054
f 5055 3904 3902
f 5057 5052 5053
f 5055 3906 3904
f 5062 5054 5056
f 5059 5052 5057
f 5062 5056 5058
f 5060 5057 4977
f 5060 5059 5057
f 5066 5055 5054
f 5066 5054 5062
f 5062 5058 5059
f 5055 3908 3906
f 5061 5055 5066
f 5055 3910 3908
f 5062 5060 4978
f 5062 4978 5063
f 5062 5059 5060
f 5064 5066 5062
f 5055 3912 3910
f 5063 5064 5062
f 5065 5055 5061
f 5065 3914 3912
f 5065 3912 5055
f 5071 5061 5066
f 5065 3916 3914
f 5067 5066 5064
f 5069 5065 5061
f 5065 3918 3916
f 5071 5069 5061
f 5068 5067 5064
f 5070 3918 5065
f 5072 5071 5066
f 5072 5066 5067
f 5072 5068 5073
f 5072 5067 5068
f 5070 5065 5069
f 5074 5069 5071
f 5074 5071 5072
f 5075 5070 5069
f 5070 3922 3920
f 5074 5075 5069
f 3922 5070 5075
f 5072 5073 5080
f 5076 5075 5074
f 5079 3922 5075
f 5077 3925 3923
f 5077 3923 3922
f 5076 5074 5072
f 5078 5079 5075
f 5080 5076 5072
f 5078 5075 5076
f 5081 5077 3922
f 5083 3922 5079
f 5083 5081 3922
f 5089 3927 5077
f 5078 5076 5080
f 5081 5089 5077
f 5082 5079 5078
f 5083 5079 5082
f 5085 5082 5078
f 5085 5078 5080
f 5088 5083 5082
f 5089 5081 5083
f 5084 3929 5089
f 5086 5089 5083
f 5090 5084 5089
f 5088 5086 5083
f 5085 5088 5082
f 5087 5084 5090
f 5091 5086 5088
f 5087 3931 5084
f 5086 5090 5089
f 5091 5088 5085
f 5091 5085 4989
f 5094 5087 5090
f 5093 3933 5087
f 5094 5090 5086
f 5091 5092 5086
f 5095 5093 5087
f 5098 5086 5092
f 5098 5094 5086
f 5094 5095 5087
f 5095 3940 5093
f 5096 3940 5095
f 5096 5095 5094
f 5097 5096 5094
f 5097 3945 5096
f 5097 5099 3945
f 5098 4989 3938
f 5098 5091 4989
f 5098 5092 5091
f 5099 5097 5094
f 5099 5094 5098
f 5098 3941 5099
f 5098 3938 3941
f 4655 3934 4390
f 3934 3935 4390
f 4390 3935 4393
f 3935 3936 4393
f 4393 3936 4395
f 3936 3937 4395
f 4395 3937 4396
f 3937 3939 4396
f 4396 3939 4399
f 3939 3943 4399
f 4399 3943 4401
f 3943 3944 4401
f 4401 3944 4402
f 3944 3947 4402
f 4402 3947 4403
f 3947 3949 4403
f 4403 3949 3951
f 3951 3959 4409
f 3959 3956 4409
f 3956 3957 4412
f 4409 3956 4412
f 4412 3957 4414
f 3957 3961 4415
f 4414 3957 4415
f 3961 3964 4416
f 4415 3961 4416
f 3964 3967 4423
f 4416 3964 4423
f 3967 3971 4426
f 4423 3967 4426
f 3971 3974 4428
f 4426 3971 4428
f 4428 3974 4429
f 3974 3983 4429
f 3983 3977 4429
f 4429 3977 4433
f 4433 3977 4434
f 3977 3980 4434
f 4434 3980 4438
f 3980 3984 4438
f 4438 3984 4439
f 3984 3985 4439
f 4439 3985 4442
f 3985 3991 4442
f 4442 3991 4443
f 3991 3992 4443
f 4443 3992 4447
f 3992 3995 4447
f 4447 3995 4450
f 3995 3996 4450
f 4450 3996 4451
f 3996 3999 4451
f 4451 3999 4456
f 3999 4002 4456
f 4456 4002 4458
f 4002 4003 4458
f 4458 4003 4461
f 4003 4004 4461
f 4461 4004 4464
f 4004 4008 4464
f 4464 4008 4467
f 4008 4010 4467
f 4467 4010 4470
f 4010 4013 4470
f 4470 4013 4471
f 4013 4016 4471
f 4471 4016 4476
f 4016 4019 4476
f 4476 4019 4025
f 4019 4017 4025
f 4025 4026 4481
f 4484 4025 4481
f 4026 4031 4483
f 4481 4026 4483
f 4031 4034 4485
f 4483 4031 4485
f 4034 4037 4489
f 4485 4034 4489
f 4037 4040 4490
f 4489 4037 4490
f 4490 4040 4492
f 4040 4041 4492
f 4492 4041 4493
f 4041 4044 4493
f 4044 4045 4496
f 4493 4044 4496
f 4045 4051 4501
f 4496 4045 4501
f 4051 4054 4502
f 4501 4051 4502
f 4054 4056 4504
f 4502 4054 4504
f 4056 4057 4508
f 4504 4056 4508
f 4057 4060 4511
f 4508 4057 4511
f 4060 4062 4512
f 4062 4063 4512
f 4511 4060 4512
f 4512 4063 4516
f 4063 4072 4521
f 4072 4069 4521
f 4516 4063 4521
f 4521 4069 4527
f 4069 4070 4522
f 4527 4069 4522
f 4070 4074 4528
f 4522 4070 4528
f 4074 4076 4529
f 4076 4081 4529
f 4528 4074 4529
f 4529 4081 4532
f 4081 4083 4533
f 4532 4081 4533
f 4083 4085 4536
f 4533 4083 4536
f 4085 4088 4540
f 4536 4085 4540
f 4087 3839 4088
f 4088 3839 4549
f 5101 5102 5100
f 5103 5102 5101
f 5103 5297 5102
f 5104 5297 5103
f 5104 5106 5297
f 5105 5106 5104
f 5105 5246 5106
f 5107 5246 5105
f 5108 5246 5107
f 5109 5246 5108
f 5109 5111 5246
f 5110 5111 5109
f 5110 5113 5111
f 5112 5113 5110
f 5112 5115 5113
f 5114 5115 5112
f 5114 5285 5115
f 5481 5285 5114
f 5116 5118 5117
f 5116 5117 5119
f 5120 5121 5118
f 5120 5118 5116
f 5122 5123 5121
f 5122 5121 5120
f 5124 5125 5123
f 5124 5126 5125
f 5124 5123 5122
f 5127 5126 5124
f 5128 5129 5126
f 5128 5126 5127
f 5130 5131 5129
f 5130 5129 5128
f 5132 5133 5131
f 5132 5134 5133
f 5132 5131 5130
f 5135 5134 5132
f 5136 5137 5134
f 5136 5134 5135
f 5138 5139 5137
f 5138 5137 5136
f 5140 5141 5139
f 5140 5139 5138
f 5142 5143 5141
f 5142 5144 5143
f 5142 5141 5140
f 5145 5144 5142
f 5146 5147 5144
f 5146 5144 5145
f 5148 5149 5147
f 5148 5147 5146
f 5150 5151 5149
f 5150 5149 5148
f 5152 5153 5151
f 5152 5151 5150
f 5154 5153 5152
f 5154 5155 5153
f 5154 5156 5155
f 5157 5156 5154
f 5157 5158 5156
f 5159 5158 5157
f 5160 5158 5159
f 5160 5161 5158
f 5162 5163 5161
f 5162 5161 5160
f 5164 5165 5163
f 5164 5163 5162
f 5166 5167 5165
f 5166 5165 5164
f 5168 5169 5167
f 5168 5167 5166
f 5170 5171 5169
f 5170 5169 5168
f 5172 5173 5171
f 5172 5171 5170
f 5174 5175 5173
f 5174 5173 5172
f 5176 5177 5175
f 5176 5175 5174
f 5178 5179 5177
f 5178 5177 5176
f 5180 5181 5179
f 5180 5182 5181
f 5180 5179 5178
f 5183 5182 5180
f 5184 5185 5182
f 5184 5182 5183
f 5186 5187 5185
f 5186 5185 5184
f 5188 5189 5187
f 5188 5187 5186
f 5190 5191 5189
f 5190 5189 5188
f 5192 5193 5191
f 5192 5191 5190
f 5194 5195 5193
f 5194 5193 5192
f 5196 5197 5195
f 5196 5195 5194
f 5198 5199 5197
f 5198 5200 5199
f 5198 5197 5196
f 5201 5200 5198
f 5202 5200 5201
f 5202 5203 5200
f 5204 5203 5202
f 5204 5205 5203
f 5206 5205 5204
f 5206 5207 5205
f 5208 5207 5206
f 5208 5209 5207
f 5210 5209 5208
f 5210 5211 5209
f 5212 5211 5210
f 5212 5213 5211
f 5214 5213 5212
f 5214 5215 5213
f 5216 5215 5214
f 5216 5217 5215
f 5218 5217 5216
f 5218 5219 5217
f 5220 5219 5218
f 5220 5221 5219
f 5222 5221 5220
f 5222 5223 5221
f 5224 5223 5222
f 5224 5225 5223
f 5226 5225 5224
f 5226 5227 5225
f 5228 5229 5227
f 5228 5227 5226
f 5230 5231 5229
f 5230 5229 5228
f 5232 5233 5231
f 5232 5231 5230
f 5234 5235 5233
f 5234 5233 5232
f 5236 5237 5235
f 5236 5235 5234
f 5238 5239 5237
f 5238 5237 5236
f 5240 5241 5239
f 5240 5242 5241
f 5240 5239 5238
f 5243 5242 5240
f 5247 5244 5246
f 5247 5246 5111
f 5252 5249 5248
f 5252 5248 5247
f 5252 5247 5111
f 5265 5249 5252
f 5250 5252 5111
f 5265 5251 5249
f 5253 5254 5251
f 5253 5255 5254
f 5253 5256 5255
f 5253 5257 5256
f 5253 5258 5257
f 5253 5259 5258
f 5253 5260 5259
f 5253 5261 5260
f 5253 5262 5261
f 5253 5263 5262
f 5264 5251 5265
f 5264 5253 5251
f 5277 5265 5252
f 5277 5252 5250
f 5250 5111 5113
f 5277 5264 5265
f 5115 5250 5113
f 5266 5277 5250
f 5267 5269 5268
f 5267 5270 5269
f 5267 5271 5270
f 5267 5272 5271
f 5267 5273 5272
f 5267 5274 5273
f 5267 5275 5274
f 5267 5276 5275
f 5267 5279 5276
f 5115 5266 5250
f 5277 5266 5115
f 5278 5279 5267
f 5284 5282 5277
f 5280 5277 5115
f 5280 5115 5285
f 5279 5281 5245
f 5283 5284 5277
f 5283 5277 5280
f 5278 5488 5282
f 5286 5281 5279
f 5290 5279 5278
f 5283 5280 5285
f 5290 5286 5279
f 5290 5278 5282
f 5285 5284 5283
f 5290 5282 5284
f 5288 5349 5286
f 5289 5286 5290
f 5290 5284 5285
f 5291 5287 5349
f 5293 5288 5286
f 5293 5286 5289
f 5285 5294 5290
f 5292 5291 5349
f 5292 5349 5288
f 5293 5292 5288
f 5293 5289 5290
f 5295 5293 5290
f 5295 5294 5293
f 5295 5290 5294
f 5249 5309 5248
f 5296 5102 5297
f 5299 5102 5296
f 5298 5297 5106
f 5301 5102 5299
f 5299 5296 5297
f 5303 5297 5298
f 5303 5299 5297
f 5303 5298 5106
f 5300 5106 5246
f 5302 5303 5106
f 5302 5106 5300
f 5302 5246 5244
f 5302 5300 5246
f 5304 5301 5299
f 5307 5306 5102
f 5307 5102 5301
f 5308 5304 5299
f 5302 5244 5247
f 5308 5299 5303
f 5307 5301 5304
f 5303 5247 5248
f 5303 5302 5247
f 5305 5308 5303
f 5305 5303 5248
f 5312 5306 5307
f 5310 5304 5308
f 5310 5315 5304
f 5248 5308 5305
f 5248 5309 5308
f 5313 5312 5307
f 5313 5307 5304
f 5327 5311 5312
f 5314 5316 5315
f 5314 5317 5316
f 5314 5318 5317
f 5314 5319 5318
f 5314 5320 5319
f 5314 5321 5320
f 5314 5322 5321
f 5314 5323 5322
f 5314 5324 5323
f 5314 5315 5310
f 5325 5311 5327
f 5340 5312 5313
f 5340 5327 5312
f 5325 5326 5311
f 5343 5325 5327
f 5345 5341 5325
f 5343 5327 5340
f 5328 5329 5342
f 5328 5330 5329
f 5328 5331 5330
f 5328 5332 5331
f 5328 5333 5332
f 5328 5334 5333
f 5328 5335 5334
f 5328 5336 5335
f 5328 5337 5336
f 5328 5338 5337
f 5328 5339 5338
f 5328 5340 5339
f 5345 5325 5343
f 5342 5340 5328
f 5342 5343 5340
f 5343 5342 5346
f 5344 5341 5345
f 5346 5345 5343
f 5348 5345 5346
f 5344 5345 5348
f 5346 5281 5286
f 5348 5286 5349
f 5348 5346 5286
f 5347 5344 5348
f 5349 5347 5348
f 5349 5287 5350
f 5349 5350 5347
f 5351 5353 5352
f 5354 5356 5355
f 5357 5359 5358
f 5360 5354 5361
f 5362 5357 5358
f 5362 5364 5363
f 5362 5365 5364
f 5362 5358 5365
f 5366 5353 5351
f 5366 5362 5363
f 5366 5351 5356
f 5366 5367 5353
f 5366 5368 5367
f 5366 5363 5368
f 5366 5369 5362
f 5370 5372 5371
f 5373 5374 5366
f 5375 5373 5366
f 5376 5378 5377
f 5376 5379 5378
f 5236 5240 5238
f 5236 5243 5240
f 5232 5236 5234
f 5380 5382 5381
f 5228 5232 5230
f 5383 5384 5380
f 5383 5380 5381
f 5383 5385 5376
f 5383 5376 5377
f 5383 5381 5385
f 5386 5387 5383
f 5388 5386 5383
f 5220 5224 5222
f 5220 5226 5224
f 5216 5220 5218
f 5389 5390 5388
f 5389 5391 5390
f 5389 5383 5377
f 5389 5388 5383
f 5389 5377 5375
f 5214 5220 5216
f 5214 5228 5226
f 5214 5226 5220
f 5212 5228 5214
f 5212 5392 5243
f 5212 5232 5228
f 5212 5393 5392
f 5212 5394 5393
f 5212 5395 5394
f 5212 5370 5395
f 5212 5360 5372
f 5212 5372 5370
f 5212 5236 5232
f 5212 5243 5236
f 5208 5212 5210
f 5396 5398 5397
f 5396 5399 5398
f 5206 5212 5208
f 5400 5396 5397
f 5401 5397 5389
f 5401 5400 5397
f 5202 5206 5204
f 5202 5212 5206
f 5402 5401 5389
f 5201 5360 5212
f 5201 5356 5354
f 5201 5354 5360
f 5201 5212 5202
f 5403 5402 5389
f 5404 5403 5389
f 5194 5198 5196
f 5194 5201 5198
f 5405 5406 5404
f 5405 5404 5389
f 5188 5192 5190
f 5407 5409 5408
f 5186 5192 5188
f 5410 5408 5405
f 5410 5405 5389
f 5410 5407 5408
f 5184 5192 5186
f 5411 5412 5410
f 5180 5192 5184
f 5180 5184 5183
f 5180 5194 5192
f 5176 5180 5178
f 5122 5116 5119
f 5122 5120 5116
f 5122 5411 5410
f 5122 5119 5411
f 5172 5176 5174
f 5127 5124 5122
f 5166 5170 5168
f 5166 5172 5170
f 5166 5176 5172
f 5166 5180 5176
f 5130 5128 5127
f 5130 5127 5122
f 5132 5130 5122
f 5135 5132 5122
f 5160 5164 5162
f 5160 5166 5164
f 5138 5136 5135
f 5138 5135 5122
f 5157 5160 5159
f 5157 5180 5166
f 5157 5166 5160
f 5154 5180 5157
f 5142 5140 5138
f 5142 5122 5410
f 5142 5389 5375
f 5142 5138 5122
f 5142 5375 5366
f 5142 5410 5389
f 5152 5180 5154
f 5150 5194 5180
f 5150 5180 5152
f 5150 5366 5356
f 5150 5356 5201
f 5150 5201 5194
f 5146 5145 5142
f 5148 5142 5366
f 5148 5366 5150
f 5148 5146 5142
f 5392 5242 5243
f 5392 5413 5242
f 5393 5414 5413
f 5393 5415 5414
f 5393 5413 5392
f 5394 5415 5393
f 5395 5416 5415
f 5395 5417 5416
f 5395 5415 5394
f 5370 5417 5395
f 5371 5418 5417
f 5371 5417 5370
f 5372 5419 5418
f 5372 5418 5371
f 5360 5420 5419
f 5360 5421 5420
f 5360 5419 5372
f 5361 5421 5360
f 5354 5422 5421
f 5354 5421 5361
f 5355 5423 5422
f 5355 5422 5354
f 5356 5424 5423
f 5356 5423 5355
f 5351 5425 5424
f 5351 5424 5356
f 5352 5426 5425
f 5352 5425 5351
f 5353 5427 5426
f 5353 5426 5352
f 5367 5428 5427
f 5367 5427 5353
f 5368 5429 5428
f 5368 5428 5367
f 5363 5430 5429
f 5363 5429 5368
f 5364 5430 5363
f 5364 5431 5430
f 5365 5431 5364
f 5365 5432 5431
f 5358 5432 5365
f 5358 5433 5432
f 5359 5433 5358
f 5359 5434 5433
f 5357 5435 5434
f 5357 5434 5359
f 5362 5436 5435
f 5362 5435 5357
f 5369 5437 5436
f 5369 5436 5362
f 5366 5438 5437
f 5366 5437 5369
f 5374 5439 5438
f 5374 5440 5439
f 5374 5438 5366
f 5373 5441 5440
f 5373 5440 5374
f 5375 5441 5373
f 5377 5442 5441
f 5377 5441 5375
f 5378 5443 5442
f 5378 5442 5377
f 5379 5444 5443
f 5379 5443 5378
f 5376 5445 5444
f 5376 5444 5379
f 5385 5446 5445
f 5385 5445 5376
f 5381 5447 5446
f 5381 5446 5385
f 5382 5448 5447
f 5382 5447 5381
f 5380 5449 5448
f 5380 5448 5382
f 5384 5450 5449
f 5384 5449 5380
f 5383 5451 5450
f 5383 5450 5384
f 5387 5452 5451
f 5387 5451 5383
f 5386 5453 5452
f 5386 5452 5387
f 5388 5454 5453
f 5388 5453 5386
f 5390 5454 5388
f 5390 5455 5454
f 5390 5456 5455
f 5391 5456 5390
f 5389 5456 5391
f 5389 5457 5456
f 5397 5457 5389
f 5397 5458 5457
f 5398 5458 5397
f 5398 5459 5458
f 5399 5459 5398
f 5399 5460 5459
f 5396 5460 5399
f 5396 5461 5460
f 5400 5461 5396
f 5400 5462 5461
f 5401 5462 5400
f 5401 5463 5462
f 5402 5463 5401
f 5402 5464 5463
f 5403 5464 5402
f 5403 5465 5464
f 5404 5465 5403
f 5404 5466 5465
f 5406 5466 5404
f 5406 5467 5466
f 5405 5467 5406
f 5405 5468 5467
f 5408 5469 5468
f 5408 5468 5405
f 5409 5470 5469
f 5409 5469 5408
f 5407 5471 5470
f 5407 5470 5409
f 5410 5472 5471
f 5410 5471 5407
f 5412 5473 5472
f 5412 5472 5410
f 5411 5474 5473
f 5411 5473 5412
f 5119 5117 5474
f 5119 5474 5411
f 5427 5428 5476
f 5429 5476 5428
f 5426 5427 5476
f 5426 5476 5475
f 5430 5476 5429
f 5425 5426 5475
f 5431 5478 5476
f 5431 5476 5430
f 5424 5425 5475
f 5432 5478 5431
f 5423 5424 5475
f 5433 5478 5432
f 5422 5423 5475
f 5422 5475 5477
f 5434 5478 5433
f 5434 5480 5478
f 5421 5422 5477
f 5435 5480 5434
f 5420 5421 5477
f 5436 5480 5435
f 5419 5420 5477
f 5437 5480 5436
f 5418 5477 5479
f 5418 5419 5477
f 5438 5480 5437
f 5417 5418 5479
f 5439 5480 5438
f 5439 5482 5480
f 5416 5417 5479
f 5440 5482 5439
f 5415 5416 5479
f 5441 5482 5440
f 5414 5415 5479
f 5414 5479 5481
f 5442 5482 5441
f 5413 5414 5481
f 5443 5482 5442
f 5443 5483 5482
f 5242 5413 5481
f 5444 5483 5443
f 5241 5242 5481
f 5445 5483 5444
f 5239 5241 5481
f 5446 5483 5445
f 5237 5239 5481
f 5447 5483 5446
f 5447 5484 5483
f 5235 5481 5114
f 5235 5237 5481
f 5448 5484 5447
f 5233 5235 5114
f 5449 5484 5448
f 5231 5233 5114
f 5450 5484 5449
f 5229 5231 5114
f 5451 5484 5450
f 5227 5229 5114
f 5452 5484 5451
f 5225 5114 5112
f 5225 5227 5114
f 5453 5484 5452
f 5223 5225 5112
f 5454 5485 5484
f 5454 5484 5453
f 5221 5223 5112
f 5455 5485 5454
f 5219 5221 5112
f 5456 5485 5455
f 5217 5219 5112
f 5457 5485 5456
f 5215 5217 5112
f 5458 5485 5457
f 5213 5112 5110
f 5213 5215 5112
f 5459 5485 5458
f 5211 5213 5110
f 5460 5485 5459
f 5461 5485 5460
f 5110 5209 5211
f 5486 5485 5461
f 5110 5207 5209
f 5486 5461 5462
f 5110 5205 5207
f 5486 5462 5463
f 5486 5463 5464
f 5110 5203 5205
f 5110 5199 5200
f 5110 5200 5203
f 5486 5464 5465
f 5109 5199 5110
f 5486 5465 5466
f 5486 5466 5467
f 5109 5197 5199
f 5486 5467 5468
f 5109 5195 5197
f 5487 5486 5468
f 5109 5191 5193
f 5109 5193 5195
f 5487 5468 5469
f 5487 5469 5470
f 5109 5189 5191
f 5487 5470 5471
f 5108 5185 5187
f 5108 5187 5189
f 5108 5189 5109
f 5100 5471 5472
f 5100 5472 5473
f 5100 5487 5471
f 5108 5182 5185
f 5100 5473 5474
f 5108 5181 5182
f 5100 5117 5118
f 5100 5474 5117
f 5107 5179 5181
f 5107 5181 5108
f 5107 5177 5179
f 5100 5118 5121
f 5107 5175 5177
f 5101 5121 5123
f 5101 5123 5125
f 5101 5100 5121
f 5107 5171 5173
f 5107 5173 5175
f 5105 5171 5107
f 5101 5125 5126
f 5105 5169 5171
f 5101 5126 5129
f 5101 5129 5131
f 5105 5167 5169
f 5105 5165 5167
f 5101 5131 5133
f 5101 5133 5134
f 5105 5163 5165
f 5103 5101 5134
f 5105 5158 5161
f 5105 5161 5163
f 5103 5134 5137
f 5104 5158 5105
f 5103 5137 5139
f 5104 5156 5158
f 5103 5139 5141
f 5103 5141 5143
f 5104 5153 5155
f 5104 5155 5156
f 5103 5143 5144
f 5104 5149 5151
f 5104 5151 5153
f 5103 5144 5147
f 5103 5147 5149
f 5104 5103 5149
f 5479 5285 5481
f 5479 5294 5285
f 5477 5294 5479
f 5475 5294 5477
f 5475 5293 5294
f 5476 5293 5475
f 5476 5292 5293
f 5478 5292 5476
f 5480 5291 5292
f 5480 5292 5478
f 5482 5287 5291
f 5482 5291 5480
f 5483 5287 5482
f 5483 5350 5287
f 5484 5347 5350
f 5484 5350 5483
f 5484 5344 5347
f 5485 5344 5484
f 5485 5341 5344
f 5486 5341 5485
f 5486 5325 5341
f 5486 5326 5325
f 5486 5311 5326
f 5487 5311 5486
f 5487 5312 5311
f 5487 5306 5312
f 5100 5306 5487
f 5100 5102 5306
f 5488 5253 5264
f 5488 5264 5277
f 5277 5282 5488
f 5488 5278 5267
f 5281 5279 5245
f 5489 5276 5279
f 5489 5279 5281
f 5281 5346 5489
f 5489 5346 5342
f 5489 5342 5329
f 5490 5339 5340
f 5490 5340 5313
f 5490 5313 5304
f 5490 5304 5315
f 5491 5314 5310
f 5491 5310 5308
f 5491 5308 5309
f 5491 5309 5249
f 5492 5491 5249
f 5492 5251 5254
f 5492 5249 5251
f 5493 5494 5490
f 5495 5489 5496
f 5497 5498 5494
f 5497 5494 5493
f 5499 5495 5496
f 5499 5496 5500
f 5501 5498 5497
f 5501 5502 5498
f 5503 5499 5500
f 5503 5500 5504
f 5505 5502 5501
f 5505 5506 5502
f 5505 5507 5506
f 5508 5503 5504
f 5508 5504 5509
f 5510 5507 5505
f 5511 5508 5509
f 5511 5509 5512
f 5513 5514 5507
f 5513 5507 5510
f 5515 5511 5512
f 5515 5512 5516
f 5517 5518 5514
f 5517 5514 5513
f 5519 5515 5516
f 5519 5516 5520
f 5521 5522 5518
f 5521 5518 5517
f 5523 5520 5522
f 5523 5519 5520
f 5524 5523 5522
f 5524 5522 5521
f 5525 5521 5526
f 5525 5524 5521
f 5527 5528 5523
f 5527 5523 5524
f 5529 5530 5528
f 5529 5528 5527
f 5531 5526 5532
f 5531 5525 5526
f 5533 5531 5532
f 5533 5532 5534
f 5535 5530 5529
f 5535 5536 5530
f 5537 5538 5536
f 5537 5536 5535
f 5539 5533 5534
f 5539 5534 5540
f 5541 5538 5537
f 5541 5542 5538
f 5543 5539 5540
f 5543 5540 5544
f 5545 5543 5544
f 5545 5544 5546
f 5547 5548 5542
f 5547 5542 5541
f 5549 5545 5546
f 5549 5546 5550
f 5551 5548 5547
f 5551 5488 5548
f 5492 5549 5550
f 5492 5550 5491
f 5267 5548 5488
f 5268 5542 5548
f 5268 5548 5267
f 5538 5542 5268
f 5269 5536 5538
f 5269 5538 5268
f 5270 5528 5530
f 5270 5530 5536
f 5270 5536 5269
f 5271 5523 5528
f 5271 5528 5270
f 5272 5515 5519
f 5272 5519 5523
f 5272 5523 5271
f 5273 5511 5515
f 5273 5515 5272
f 5274 5503 5508
f 5274 5508 5511
f 5274 5511 5273
f 5275 5495 5499
f 5275 5499 5503
f 5275 5503 5274
f 5276 5489 5495
f 5276 5495 5275
f 5329 5496 5489
f 5330 5500 5496
f 5330 5496 5329
f 5331 5504 5500
f 5331 5500 5330
f 5509 5504 5331
f 5332 5512 5509
f 5332 5509 5331
f 5333 5520 5516
f 5333 5516 5512
f 5333 5512 5332
f 5334 5522 5520
f 5334 5520 5333
f 5335 5514 5518
f 5335 5518 5522
f 5335 5522 5334
f 5336 5507 5514
f 5336 5514 5335
f 5337 5502 5506
f 5337 5506 5507
f 5337 5507 5336
f 5338 5494 5498
f 5338 5498 5502
f 5338 5502 5337
f 5339 5490 5494
f 5339 5494 5338
f 5254 5549 5492
f 5255 5545 5549
f 5255 5549 5254
f 5256 5543 5545
f 5256 5545 5255
f 5539 5543 5256
f 5257 5533 5539
f 5257 5539 5256
f 5258 5525 5531
f 5258 5531 5533
f 5258 5533 5257
f 5259 5524 5525
f 5259 5525 5258
f 5260 5529 5527
f 5260 5527 5524
f 5260 5524 5259
f 5261 5535 5529
f 5261 5529 5260
f 5262 5541 5537
f 5262 5537 5535
f 5262 5535 5261
f 5263 5551 5547
f 5263 5547 5541
f 5263 5541 5262
f 5253 5488 5551
f 5253 5551 5263
f 5315 5493 5490
f 5316 5497 5493
f 5316 5493 5315
f 5317 5501 5497
f 5317 5497 5316
f 5505 5501 5317
f 5318 5510 5505
f 5318 5505 5317
f 5319 5517 5513
f 5319 5513 5510
f 5319 5510 5318
f 5320 5521 5517
f 5320 5517 5319
f 5321 5532 5526
f 5321 5526 5521
f 5321 5521 5320
f 5322 5534 5532
f 5322 5532 5321
f 5323 5544 5540
f 5323 5540 5534
f 5323 5534 5322
f 5324 5550 5546
f 5324 5546 5544
f 5324 5544 5323
f 5314 5491 5550
f 5314 5550 5324
f 5552 5553 5787
f 5553 5554 5787
f 5554 5555 5787
f 5555 5556 5787
f 5556 5557 5787
f 5557 5558 5562
f 5558 5559 5562
f 5787 5557 5562
f 5559 5560 5562
f 5560 5561 5562
f 5562 5561 5566
f 5561 5563 5566
f 5563 5564 5566
f 5565 5562 5566
f 5564 5567 5566
f 5567 5568 5566
f 5574 5565 5566
f 5566 5568 5573
f 5568 5569 5573
f 5569 5570 5573
f 5574 5566 5573
f 5570 5571 5573
f 5571 5572 5573
f 5573 5572 5581
f 5572 5575 5581
f 5575 5576 5581
f 5573 5581 5574
f 5576 5577 5581
f 5577 5578 5581
f 5581 5578 5586
f 5578 5579 5586
f 5579 5580 5586
f 5580 5582 5586
f 5582 5583 5586
f 5586 5583 5591
f 5583 5584 5591
f 5584 5585 5591
f 5585 5587 5591
f 5587 5588 5591
f 5591 5588 5595
f 5588 5589 5595
f 5589 5590 5595
f 5590 5592 5595
f 5595 5592 5599
f 5592 5593 5599
f 5593 5594 5599
f 5596 5597 5599
f 5594 5596 5599
f 5597 5598 5599
f 5598 5600 5599
f 5601 5602 5600
f 5607 5599 5605
f 5599 5600 5605
f 5602 5603 5605
f 5603 5604 5605
f 5600 5602 5605
f 5604 5606 5607
f 5606 5610 5607
f 5605 5604 5607
f 5608 5609 5610
f 5610 5609 5615
f 5609 5611 5615
f 5611 5612 5615
f 5607 5610 5615
f 5612 5613 5615
f 5613 5614 5615
f 5614 5616 5615
f 5616 5617 5615
f 5615 5617 5619
f 5624 5615 5619
f 5619 5618 5624
f 5618 5620 5624
f 5620 5621 5624
f 5621 5622 5624
f 5622 5623 5624
f 5624 5623 5629
f 5623 5625 5629
f 5625 5626 5629
f 5626 5632 5629
f 5632 5627 5629
f 5627 5628 5629
f 5628 5630 5629
f 5630 5624 5629
f 5632 5633 5634
f 5634 5633 5637
f 5633 5635 5637
f 5635 5636 5637
f 5636 5638 5639
f 5637 5636 5639
f 5639 5640 5651
f 5640 5641 5651
f 5637 5639 5651
f 5641 5642 5651
f 5642 5643 5651
f 5651 5643 5644
f 5651 5644 5648
f 5644 5645 5648
f 5645 5646 5648
f 5646 5647 5648
f 5648 5647 5650
f 5651 5648 5650
f 5650 5649 5654
f 5649 5652 5654
f 5652 5653 5654
f 5659 5651 5654
f 5651 5650 5654
f 5653 5655 5654
f 5655 5656 5654
f 5654 5656 5659
f 5656 5657 5659
f 5657 5658 5659
f 5659 5658 5660
f 5669 5659 5660
f 5660 5661 5669
f 5661 5662 5669
f 5662 5663 5669
f 5663 5664 5669
f 5664 5665 5669
f 5669 5665 5675
f 5665 5666 5675
f 5666 5667 5675
f 5667 5668 5675
f 5668 5670 5675
f 5670 5671 5675
f 5672 5673 5674
f 5675 5671 5674
f 5671 5672 5674
f 5673 5676 5674
f 5676 5677 5674
f 5675 5674 5685
f 5677 5678 5685
f 5678 5679 5685
f 5674 5677 5685
f 5679 5680 5684
f 5680 5681 5684
f 5685 5679 5684
f 5681 5682 5684
f 5682 5683 5684
f 5684 5683 5690
f 5683 5686 5690
f 5686 5687 5690
f 5685 5684 5690
f 5687 5688 5690
f 5688 5689 5690
f 5690 5689 5695
f 5689 5691 5695
f 5691 5692 5695
f 5690 5695 5701
f 5692 5693 5695
f 5693 5694 5695
f 5694 5696 5698
f 5696 5697 5698
f 5695 5694 5698
f 5701 5695 5698
f 5697 5699 5698
f 5699 5700 5698
f 5698 5700 5706
f 5700 5702 5706
f 5702 5703 5706
f 5701 5698 5706
f 5703 5704 5706
f 5704 5705 5706
f 5705 5554 5709
f 5706 5705 5709
f 5554 5707 5709
f 5707 5708 5709
f 5712 5711 5710
f 5714 5712 5713
f 5717 5714 5713
f 5713 5716 5717
f 5716 5713 5715
f 5717 5716 5718
f 5718 5719 5717
f 5718 5721 5719
f 5720 5721 5718
f 5722 5725 5721
f 5722 5721 5720
f 5723 5725 5722
f 5724 5725 5723
f 5725 5724 5726
f 5726 5727 5725
f 5728 5727 5726
f 5730 5731 5729
f 5732 5731 5730
f 5732 5730 5733
f 5735 5732 5733
f 5735 5733 5734
f 5734 5736 5735
f 5738 5736 5734
f 5738 5737 5736
f 5738 5739 5737
f 5740 5739 5738
f 5742 5744 5740
f 5744 5742 5741
f 5744 5741 5745
f 5745 5743 5744
f 5746 5749 5744
f 5746 5744 5743
f 5749 5746 5747
f 5748 5749 5747
f 5750 5749 5748
f 5752 5751 5749
f 5752 5749 5750
f 5708 5707 5552
f 5707 5554 5553
f 5552 5707 5553
f 5705 5704 5555
f 5554 5705 5555
f 5704 5703 5556
f 5555 5704 5556
f 5703 5702 5557
f 5556 5703 5557
f 5702 5700 5558
f 5557 5702 5558
f 5700 5699 5559
f 5558 5700 5559
f 5699 5697 5560
f 5559 5699 5560
f 5697 5696 5561
f 5560 5697 5561
f 5696 5694 5563
f 5561 5696 5563
f 5694 5693 5564
f 5563 5694 5564
f 5693 5692 5567
f 5564 5693 5567
f 5692 5691 5568
f 5567 5692 5568
f 5691 5689 5569
f 5568 5691 5569
f 5689 5688 5570
f 5569 5689 5570
f 5688 5687 5571
f 5570 5688 5571
f 5571 5687 5572
f 5687 5686 5572
f 5572 5686 5575
f 5686 5683 5575
f 5575 5683 5576
f 5683 5682 5576
f 5682 5681 5577
f 5576 5682 5577
f 5681 5680 5578
f 5577 5681 5578
f 5680 5679 5579
f 5578 5680 5579
f 5679 5678 5580
f 5579 5679 5580
f 5678 5677 5582
f 5580 5678 5582
f 5677 5676 5583
f 5582 5677 5583
f 5676 5673 5584
f 5583 5676 5584
f 5673 5672 5585
f 5584 5673 5585
f 5585 5672 5587
f 5672 5671 5587
f 5587 5671 5588
f 5671 5670 5588
f 5588 5670 5589
f 5670 5668 5589
f 5589 5668 5590
f 5668 5667 5590
f 5590 5667 5592
f 5667 5666 5592
f 5592 5666 5593
f 5666 5665 5593
f 5593 5665 5594
f 5665 5664 5594
f 5594 5664 5596
f 5664 5663 5596
f 5596 5663 5597
f 5663 5662 5597
f 5597 5662 5598
f 5662 5661 5598
f 5598 5661 5600
f 5600 5661 5601
f 5660 5658 5601
f 5661 5660 5601
f 5658 5657 5602
f 5601 5658 5602
f 5657 5656 5603
f 5602 5657 5603
f 5656 5655 5604
f 5603 5656 5604
f 5655 5653 5606
f 5604 5655 5606
f 5606 5653 5610
f 5610 5653 5608
f 5652 5649 5608
f 5653 5652 5608
f 5608 5649 5609
f 5609 5649 5611
f 5650 5647 5611
f 5649 5650 5611
f 5611 5647 5612
f 5647 5646 5612
f 5612 5646 5613
f 5646 5645 5613
f 5613 5645 5614
f 5614 5645 5616
f 5644 5643 5616
f 5645 5644 5616
f 5616 5643 5617
f 5643 5642 5617
f 5617 5642 5619
f 5619 5642 5618
f 5642 5641 5618
f 5618 5641 5620
f 5641 5640 5620
f 5620 5640 5621
f 5639 5638 5621
f 5640 5639 5621
f 5621 5638 5622
f 5638 5636 5622
f 5622 5636 5623
f 5623 5636 5625
f 5636 5635 5625
f 5633 5632 5626
f 5635 5633 5626
f 5625 5635 5626
f 5634 5631 5627
f 5632 5634 5627
f 5627 5631 5628
f 5945 5753 5947
f 5753 5755 5754
f 5940 5755 5753
f 5940 5729 5755
f 5728 5729 5940
f 5756 5928 5926
f 5756 5758 5928
f 5757 5758 5756
f 5947 5758 5757
f 5956 5752 5710
f 5759 5760 5752
f 5759 5752 5956
f 5759 5762 5760
f 5761 5762 5759
f 5761 5924 5762
f 5926 5924 5761
f 5713 5745 5715
f 5713 5743 5745
f 5713 5746 5743
f 5712 5747 5746
f 5712 5746 5713
f 5712 5748 5747
f 5712 5750 5748
f 5710 5750 5712
f 5710 5752 5750
f 5716 5715 5745
f 5716 5745 5741
f 5716 5741 5742
f 5718 5742 5740
f 5718 5716 5742
f 5718 5740 5738
f 5720 5718 5738
f 5722 5720 5738
f 5722 5738 5734
f 5728 5730 5729
f 5726 5730 5728
f 5726 5733 5730
f 5724 5733 5726
f 5724 5734 5733
f 5723 5734 5724
f 5722 5734 5723
f 5763 5690 5701
f 5922 5763 5701
f 5763 5923 5685
f 5690 5763 5685
f 5923 5925 5685
f 5764 5922 5701
f 5925 5765 5685
f 5764 5701 5706
f 5685 5765 5675
f 5920 5764 5706
f 5920 5706 5709
f 5765 5767 5675
f 5675 5767 5669
f 5752 5920 5709
f 5752 5709 5766
f 5752 5766 5751
f 5749 5751 5768
f 5767 5930 5669
f 5749 5768 5769
f 5930 5931 5669
f 5669 5931 5659
f 5931 5933 5659
f 5749 5769 5770
f 5659 5933 5651
f 5651 5933 5771
f 5770 5772 5749
f 5749 5772 5744
f 5651 5771 5935
f 5772 5773 5744
f 5637 5651 5935
f 5637 5935 5774
f 5744 5773 5740
f 5637 5774 5936
f 5773 5775 5740
f 5637 5936 5937
f 5775 5776 5740
f 5637 5937 5938
f 5634 5637 5938
f 5634 5938 5729
f 5740 5776 5739
f 5731 5969 5729
f 5739 5776 5737
f 5967 5731 5732
f 5737 5776 5736
f 5776 5778 5736
f 5779 5777 5732
f 5779 5732 5735
f 5736 5778 5735
f 5778 5779 5735
f 5574 5780 5781
f 5574 5953 5780
f 5574 5781 5782
f 5581 5953 5574
f 5581 5952 5953
f 5565 5574 5782
f 5581 5951 5952
f 5586 5950 5951
f 5586 5951 5581
f 5562 5565 5782
f 5586 5783 5950
f 5562 5782 5785
f 5586 5784 5783
f 5591 5784 5586
f 5787 5562 5785
f 5591 5949 5784
f 5591 5786 5949
f 5787 5710 5711
f 5787 5785 5710
f 5595 5786 5591
f 5595 5948 5786
f 5982 5787 5711
f 5599 5948 5595
f 5599 5788 5948
f 5789 5711 5712
f 5789 5982 5711
f 5607 5788 5599
f 5607 5944 5788
f 5790 5712 5714
f 5790 5789 5712
f 5607 5791 5944
f 5792 5790 5714
f 5615 5791 5607
f 5943 5791 5615
f 5714 5794 5792
f 5793 5943 5615
f 5717 5794 5714
f 5942 5793 5615
f 5717 5795 5794
f 5942 5615 5624
f 5941 5942 5624
f 5796 5941 5624
f 5717 5975 5795
f 5797 5624 5630
f 5797 5796 5624
f 5717 5798 5975
f 5939 5797 5630
f 5719 5798 5717
f 5719 5799 5798
f 5728 5939 5630
f 5727 5630 5800
f 5727 5728 5630
f 5721 5799 5719
f 5721 5801 5799
f 5727 5800 5802
f 5721 5803 5801
f 5727 5802 5804
f 5721 5806 5803
f 5725 5727 5804
f 5725 5804 5805
f 5725 5806 5721
f 5725 5805 5807
f 5725 5807 5806
f 5631 5808 5628
f 5808 5810 5809
f 5628 5808 5809
f 5969 5812 5811
f 5810 5969 5811
f 5968 5814 5813
f 5812 5968 5813
f 5815 5817 5816
f 5814 5815 5816
f 5817 5819 5818
f 5816 5817 5818
f 5819 5821 5820
f 5818 5819 5820
f 5821 5823 5822
f 5820 5821 5822
f 5823 5825 5824
f 5822 5823 5824
f 5825 5827 5826
f 5824 5825 5826
f 5827 5829 5828
f 5826 5827 5828
f 5829 5831 5830
f 5828 5829 5830
f 5831 5833 5832
f 5830 5831 5832
f 5833 5835 5834
f 5832 5833 5834
f 5834 5835 5836
f 5835 5837 5836
f 5836 5837 5838
f 5837 5839 5838
f 5838 5839 5840
f 5839 5841 5840
f 5841 5843 5842
f 5840 5841 5842
f 5843 5845 5844
f 5842 5843 5844
f 5845 5847 5846
f 5844 5845 5846
f 5847 5849 5848
f 5846 5847 5848
f 5849 5851 5850
f 5848 5849 5850
f 5851 5853 5852
f 5850 5851 5852
f 5853 5855 5854
f 5852 5853 5854
f 5854 5855 5856
f 5855 5857 5856
f 5856 5857 5858
f 5857 5859 5858
f 5858 5859 5860
f 5859 5861 5860
f 5860 5861 5862
f 5861 5863 5862
f 5862 5863 5864
f 5864 5863 5865
f 5866 5867 5865
f 5863 5866 5865
f 5865 5867 5868
f 5867 5869 5868
f 5868 5869 5870
f 5869 5871 5870
f 5870 5871 5872
f 5872 5871 5873
f 5874 5875 5873
f 5871 5874 5873
f 5873 5875 5876
f 5875 5877 5876
f 5876 5877 5975
f 5975 5877 5878
f 5877 5879 5878
f 5879 5881 5880
f 5878 5879 5880
f 5880 5881 5882
f 5882 5881 5883
f 5884 5885 5883
f 5881 5884 5883
f 5883 5885 5886
f 5886 5885 5887
f 5888 5889 5887
f 5885 5888 5887
f 5887 5889 5890
f 5890 5889 5891
f 5892 5893 5891
f 5889 5892 5891
f 5891 5893 5894
f 5893 5895 5894
f 5894 5895 5978
f 5978 5895 5896
f 5897 5898 5896
f 5895 5897 5896
f 5896 5898 5899
f 5899 5898 5900
f 5901 5902 5900
f 5898 5901 5900
f 5900 5902 5979
f 5979 5902 5903
f 5902 5904 5903
f 5903 5904 5905
f 5904 5906 5905
f 5905 5906 5907
f 5906 5908 5907
f 5907 5908 5909
f 5908 5910 5909
f 5909 5910 5911
f 5911 5912 5913
f 5912 5914 5913
f 5914 5916 5915
f 5915 5916 5917
f 5918 5708 5919
f 5917 5918 5919
f 5919 5708 5552
f 5760 5764 5920
f 5921 5920 5752
f 5921 5752 5760
f 5921 5760 5920
f 5760 5922 5764
f 5922 5760 5762
f 5922 5762 5924
f 5763 5922 5924
f 5923 5763 5924
f 5925 5923 5924
f 5925 5924 5926
f 5925 5926 5765
f 5927 5765 5926
f 5927 5926 5928
f 5927 5767 5765
f 5928 5767 5927
f 5929 5928 5758
f 5929 5767 5928
f 5929 5930 5767
f 5930 5929 5758
f 5931 5758 5947
f 5931 5930 5758
f 5932 5947 5753
f 5932 5933 5931
f 5932 5931 5947
f 5933 5932 5753
f 5934 5771 5933
f 5934 5933 5753
f 5935 5934 5753
f 5935 5771 5934
f 5754 5935 5753
f 5754 5774 5935
f 5936 5774 5754
f 5936 5754 5755
f 5937 5936 5755
f 5938 5937 5755
f 5938 5755 5729
f 5939 5728 5940
f 5940 5797 5939
f 5753 5796 5797
f 5753 5797 5940
f 5941 5796 5753
f 5942 5941 5753
f 5942 5943 5793
f 5942 5753 5945
f 5943 5942 5945
f 5945 5791 5943
f 5944 5791 5945
f 5946 5788 5944
f 5947 5946 5944
f 5947 5944 5945
f 5946 5947 5757
f 5948 5946 5757
f 5948 5788 5946
f 5948 5757 5756
f 5756 5786 5948
f 5949 5786 5756
f 5756 5783 5784
f 5756 5784 5949
f 5950 5783 5756
f 5951 5950 5756
f 5952 5756 5926
f 5952 5951 5756
f 5761 5953 5952
f 5761 5952 5926
f 5761 5780 5953
f 5761 5781 5780
f 5761 5782 5781
f 5954 5782 5761
f 5954 5761 5759
f 5782 5954 5759
f 5955 5782 5759
f 5955 5785 5782
f 5955 5710 5785
f 5956 5710 5955
f 5956 5955 5759
f 5917 5916 5918
f 5768 5751 5957
f 5751 5766 5957
f 5766 5709 5957
f 5709 5708 5957
f 5708 5918 5957
f 5914 5912 5916
f 5918 5916 5957
f 5911 5910 5912
f 5916 5912 5769
f 5768 5957 5769
f 5957 5916 5769
f 5912 5910 5958
f 5910 5908 5958
f 5908 5906 5958
f 5769 5912 5958
f 5906 5904 5958
f 5904 5902 5958
f 5958 5902 5901
f 5958 5901 5770
f 5769 5958 5770
f 5901 5898 5770
f 5898 5897 5770
f 5897 5895 5770
f 5770 5895 5892
f 5895 5893 5892
f 5770 5892 5772
f 5892 5889 5888
f 5892 5888 5772
f 5888 5885 5884
f 5772 5888 5773
f 5888 5884 5773
f 5884 5881 5959
f 5881 5879 5959
f 5773 5884 5959
f 5879 5877 5959
f 5959 5877 5960
f 5877 5875 5960
f 5875 5874 5960
f 5773 5959 5775
f 5959 5960 5775
f 5874 5871 5960
f 5871 5869 5960
f 5869 5867 5960
f 5867 5866 5960
f 5776 5775 5960
f 5776 5960 5961
f 5960 5866 5961
f 5866 5863 5961
f 5863 5861 5961
f 5861 5859 5961
f 5961 5859 5962
f 5859 5857 5962
f 5857 5855 5962
f 5776 5961 5962
f 5855 5853 5962
f 5853 5851 5962
f 5851 5849 5962
f 5849 5847 5962
f 5776 5962 5963
f 5847 5845 5963
f 5845 5843 5963
f 5962 5847 5963
f 5843 5841 5964
f 5841 5839 5964
f 5963 5843 5964
f 5778 5776 5964
f 5776 5963 5964
f 5839 5837 5964
f 5837 5835 5964
f 5778 5964 5779
f 5835 5833 5779
f 5833 5831 5779
f 5964 5835 5779
f 5779 5831 5965
f 5831 5829 5965
f 5829 5827 5965
f 5827 5825 5965
f 5825 5823 5965
f 5777 5779 5966
f 5779 5965 5966
f 5823 5821 5967
f 5821 5819 5967
f 5965 5823 5967
f 5732 5777 5967
f 5966 5965 5967
f 5777 5966 5967
f 5819 5817 5967
f 5817 5815 5967
f 5815 5814 5968
f 5967 5815 5968
f 5731 5967 5968
f 5968 5812 5969
f 5731 5968 5969
f 5810 5808 5969
f 5808 5631 5969
f 5634 5729 5969
f 5631 5634 5969
f 5628 5809 5800
f 5809 5810 5800
f 5810 5811 5800
f 5630 5628 5800
f 5800 5811 5802
f 5811 5812 5802
f 5812 5813 5802
f 5813 5814 5970
f 5814 5816 5970
f 5802 5813 5970
f 5804 5802 5970
f 5970 5816 5971
f 5816 5818 5971
f 5818 5820 5971
f 5804 5970 5971
f 5820 5822 5971
f 5822 5824 5971
f 5824 5826 5805
f 5971 5824 5805
f 5826 5828 5805
f 5804 5971 5805
f 5828 5830 5805
f 5830 5832 5805
f 5805 5832 5972
f 5832 5834 5972
f 5834 5836 5972
f 5805 5972 5807
f 5836 5838 5972
f 5838 5840 5972
f 5806 5807 5972
f 5972 5840 5973
f 5840 5842 5973
f 5842 5844 5973
f 5806 5972 5973
f 5844 5846 5973
f 5846 5848 5973
f 5803 5806 5973
f 5973 5848 5801
f 5848 5850 5801
f 5850 5852 5801
f 5803 5973 5974
f 5973 5801 5974
f 5852 5854 5801
f 5854 5856 5801
f 5803 5974 5801
f 5856 5858 5801
f 5858 5860 5801
f 5801 5860 5864
f 5860 5862 5864
f 5801 5864 5799
f 5864 5865 5799
f 5799 5865 5798
f 5865 5868 5798
f 5868 5870 5798
f 5798 5870 5872
f 5873 5876 5975
f 5872 5873 5975
f 5798 5872 5975
f 5878 5880 5975
f 5795 5975 5976
f 5880 5882 5976
f 5882 5883 5976
f 5975 5880 5976
f 5976 5883 5886
f 5794 5795 5886
f 5795 5976 5886
f 5887 5890 5977
f 5890 5891 5977
f 5886 5887 5977
f 5794 5886 5792
f 5886 5977 5792
f 5891 5894 5977
f 5894 5978 5977
f 5896 5899 5978
f 5977 5978 5792
f 5899 5900 5790
f 5900 5979 5790
f 5978 5899 5790
f 5792 5978 5790
f 5903 5905 5979
f 5789 5790 5979
f 5905 5907 5980
f 5907 5909 5980
f 5979 5905 5980
f 5789 5979 5980
f 5980 5909 5981
f 5909 5911 5981
f 5911 5913 5981
f 5982 5789 5981
f 5789 5980 5981
f 5981 5913 5982
f 5913 5914 5982
f 5914 5915 5982
f 5915 5917 5983
f 5917 5919 5983
f 5982 5915 5983
f 5919 5552 5983
f 5787 5982 5983
f 5552 5787 5983
