# https://github.com/mikedh/trimesh

o right_bracket
v 0.00800000 -0.05800000 0.01000000
v 0.00800000 -0.05800000 0.00400000
v 0.00800000 -0.05400000 0.01000000
v 0.00800000 -0.00200000 0.01000000
v 0.00800000 0.00200000 0.01000000
v 0.00800000 0.05800000 0.00400000
v 0.00800000 0.05400000 0.01000000
v 0.00800000 0.05800000 0.01000000
v 0.05835022 -0.05241631 0.00400000
v 0.06200000 -0.05800000 0.00400000
v 0.05839483 -0.05237280 0.00400000
v 0.05843723 -0.05232711 0.00400000
v 0.05830348 -0.05245756 0.00400000
v 0.05847729 -0.05227936 0.00400000
v 0.05825476 -0.05249642 0.00400000
v 0.05851492 -0.05222968 0.00400000
v 0.05820415 -0.05253280 0.00400000
v 0.05855003 -0.05217818 0.00400000
v 0.05815179 -0.05256661 0.00400000
v 0.05858253 -0.05212500 0.00400000
v 0.05809782 -0.05259778 0.00400000
v 0.05861234 -0.05207026 0.00400000
v 0.05804235 -0.05262621 0.00400000
v 0.05863938 -0.05201411 0.00400000
v 0.05798554 -0.05265185 0.00400000
v 0.05866359 -0.05195668 0.00400000
v 0.05792753 -0.05267462 0.00400000
v 0.05868491 -0.05189811 0.00400000
v 0.05786844 -0.05269447 0.00400000
v 0.05870328 -0.05183855 0.00400000
v 0.05780845 -0.05271135 0.00400000
v 0.05871866 -0.05177815 0.00400000
v 0.05774768 -0.05272522 0.00400000
v 0.05873101 -0.05171706 0.00400000
v 0.05768630 -0.05273604 0.00400000
v 0.05874030 -0.05165543 0.00400000
v 0.05762446 -0.05274379 0.00400000
v 0.05874650 -0.05159341 0.00400000
v 0.05756231 -0.05274845 0.00400000
v 0.05874961 -0.05153116 0.00400000
v 0.05750000 -0.05275000 0.00400000
v 0.05874961 -0.05146884 0.00400000
v 0.05743769 -0.05274845 0.00400000
v 0.05874650 -0.05140659 0.00400000
v 0.05737554 -0.05274379 0.00400000
v 0.05874030 -0.05134457 0.00400000
v 0.05731370 -0.05273604 0.00400000
v 0.05873101 -0.05128294 0.00400000
v 0.05725232 -0.05272522 0.00400000
v 0.05871866 -0.05122185 0.00400000
v 0.05719155 -0.05271135 0.00400000
v 0.05870328 -0.05116145 0.00400000
v 0.05713156 -0.05269447 0.00400000
v 0.05868491 -0.05110189 0.00400000
v 0.05707247 -0.05267462 0.00400000
v 0.05866359 -0.05104332 0.00400000
v 0.05701446 -0.05265185 0.00400000
v 0.05695765 -0.05262621 0.00400000
v 0.05690218 -0.05259778 0.00400000
v 0.05684821 -0.05256661 0.00400000
v 0.05679585 -0.05253280 0.00400000
v 0.05674524 -0.05249642 0.00400000
v 0.05669652 -0.05245756 0.00400000
v 0.03864483 -0.03610280 0.00400000
v 0.05644997 -0.05082182 0.00400000
v 0.05648508 -0.05077032 0.00400000
v 0.03860022 -0.03614631 0.00400000
v 0.05641747 -0.05087500 0.00400000
v 0.03868723 -0.03605711 0.00400000
v 0.05652271 -0.05072064 0.00400000
v 0.03855348 -0.03618756 0.00400000
v 0.05638766 -0.05092974 0.00400000
v 0.03872729 -0.03600936 0.00400000
v 0.05656277 -0.05067289 0.00400000
v 0.03850476 -0.03622642 0.00400000
v 0.05636062 -0.05098589 0.00400000
v 0.03876492 -0.03595968 0.00400000
v 0.05660517 -0.05062720 0.00400000
v 0.03845415 -0.03626280 0.00400000
v 0.05633641 -0.05104332 0.00400000
v 0.03880003 -0.03590818 0.00400000
v 0.05664978 -0.05058369 0.00400000
v 0.03840179 -0.03629661 0.00400000
v 0.05631509 -0.05110189 0.00400000
v 0.03883253 -0.03585500 0.00400000
v 0.05669652 -0.05054244 0.00400000
v 0.03834782 -0.03632778 0.00400000
v 0.05629672 -0.05116145 0.00400000
v 0.03886234 -0.03580026 0.00400000
v 0.05674524 -0.05050358 0.00400000
v 0.03829235 -0.03635621 0.00400000
v 0.05628134 -0.05122185 0.00400000
v 0.03888938 -0.03574411 0.00400000
v 0.05679585 -0.05046720 0.00400000
v 0.03823554 -0.03638185 0.00400000
v 0.05626899 -0.05128294 0.00400000
v 0.03891359 -0.03568668 0.00400000
v 0.05684821 -0.05043339 0.00400000
v 0.03817753 -0.03640462 0.00400000
v 0.05625970 -0.05134457 0.00400000
v 0.03893491 -0.03562811 0.00400000
v 0.05690218 -0.05040222 0.00400000
v 0.03811844 -0.03642447 0.00400000
v 0.05625350 -0.05140659 0.00400000
v 0.03895328 -0.03556855 0.00400000
v 0.05695765 -0.05037379 0.00400000
v 0.03805845 -0.03644135 0.00400000
v 0.05625039 -0.05146884 0.00400000
v 0.03896866 -0.03550815 0.00400000
v 0.05701446 -0.05034815 0.00400000
v 0.03799768 -0.03645522 0.00400000
v 0.05625039 -0.05153116 0.00400000
v 0.03898101 -0.03544706 0.00400000
v 0.05707247 -0.05032538 0.00400000
v 0.03793630 -0.03646604 0.00400000
v 0.05625350 -0.05159341 0.00400000
v 0.03899030 -0.03538543 0.00400000
v 0.05713156 -0.05030553 0.00400000
v 0.03787446 -0.03647379 0.00400000
v 0.05625970 -0.05165543 0.00400000
v 0.03899650 -0.03532341 0.00400000
v 0.05719155 -0.05028865 0.00400000
v 0.03781231 -0.03647845 0.00400000
v 0.05626899 -0.05171706 0.00400000
v 0.03899961 -0.03526116 0.00400000
v 0.05725232 -0.05027478 0.00400000
v 0.03775000 -0.03648000 0.00400000
v 0.05628134 -0.05177815 0.00400000
v 0.03899961 -0.03519884 0.00400000
v 0.05731370 -0.05026396 0.00400000
v 0.03768769 -0.03647845 0.00400000
v 0.05629672 -0.05183855 0.00400000
v 0.03899650 -0.03513659 0.00400000
v 0.05737554 -0.05025621 0.00400000
v 0.03762554 -0.03647379 0.00400000
v 0.05631509 -0.05189811 0.00400000
v 0.03899030 -0.03507457 0.00400000
v 0.05743769 -0.05025155 0.00400000
v 0.03756370 -0.03646604 0.00400000
v 0.05633641 -0.05195668 0.00400000
v 0.03898101 -0.03501294 0.00400000
v 0.05750000 -0.05025000 0.00400000
v 0.03750232 -0.03645522 0.00400000
v 0.03896866 -0.03495185 0.00400000
v 0.05756231 -0.05025155 0.00400000
v 0.05835022 -0.00941631 0.00400000
v 0.05835022 -0.05058369 0.00400000
v 0.05839483 -0.05062720 0.00400000
v 0.05839483 -0.00937280 0.00400000
v 0.05843723 -0.00932711 0.00400000
v 0.05843723 -0.05067289 0.00400000
v 0.05830348 -0.00945756 0.00400000
v 0.05830348 -0.05054244 0.00400000
v 0.05847729 -0.00927936 0.00400000
v 0.05847729 -0.05072064 0.00400000
v 0.05825476 -0.00949642 0.00400000
v 0.05825476 -0.05050358 0.00400000
v 0.05851492 -0.00922968 0.00400000
v 0.05851492 -0.05077032 0.00400000
v 0.05820415 -0.00953280 0.00400000
v 0.05820415 -0.05046720 0.00400000
v 0.05855003 -0.00917818 0.00400000
v 0.05855003 -0.05082182 0.00400000
v 0.05858253 -0.05087500 0.00400000
v 0.05815179 -0.00956661 0.00400000
v 0.05815179 -0.05043339 0.00400000
v 0.05858253 -0.00912500 0.00400000
v 0.05861234 -0.05092974 0.00400000
v 0.05809782 -0.00959778 0.00400000
v 0.05809782 -0.05040222 0.00400000
v 0.05861234 -0.00907026 0.00400000
v 0.05804235 -0.00962621 0.00400000
v 0.05804235 -0.05037379 0.00400000
v 0.05863938 -0.00901411 0.00400000
v 0.05863938 -0.05098589 0.00400000
v 0.05798554 -0.00965185 0.00400000
v 0.05798554 -0.05034815 0.00400000
v 0.05792753 -0.05032538 0.00400000
v 0.05866359 -0.00895668 0.00400000
v 0.05792753 -0.00967462 0.00400000
v 0.05868491 -0.00889811 0.00400000
v 0.05786844 -0.00969447 0.00400000
v 0.05786844 -0.05030553 0.00400000
v 0.05870328 -0.00883855 0.00400000
v 0.05780845 -0.00971135 0.00400000
v 0.05780845 -0.05028865 0.00400000
v 0.05774768 -0.05027478 0.00400000
v 0.05871866 -0.00877815 0.00400000
v 0.05774768 -0.00972522 0.00400000
v 0.05873101 -0.00871706 0.00400000
v 0.05768630 -0.00973604 0.00400000
v 0.05768630 -0.05026396 0.00400000
v 0.05874030 -0.00865543 0.00400000
v 0.05762446 -0.00974379 0.00400000
v 0.05762446 -0.05025621 0.00400000
v 0.05874650 -0.00859341 0.00400000
v 0.05756231 -0.00974845 0.00400000
v 0.05874961 -0.00853116 0.00400000
v 0.05874961 -0.00846884 0.00400000
v 0.03650970 -0.03507457 0.00400000
v 0.03651899 -0.03501294 0.00400000
v 0.03650350 -0.03513659 0.00400000
v 0.03650039 -0.03519884 0.00400000
v 0.03650039 -0.03526116 0.00400000
v 0.03650350 -0.03532341 0.00400000
v 0.03650970 -0.03538543 0.00400000
v 0.03651899 -0.03544706 0.00400000
v 0.03653134 -0.03550815 0.00400000
v 0.03654672 -0.03556855 0.00400000
v 0.03656509 -0.03562811 0.00400000
v 0.03658641 -0.03568668 0.00400000
v 0.03661062 -0.03574411 0.00400000
v 0.05636062 -0.05201411 0.00400000
v 0.03663766 -0.03580026 0.00400000
v 0.05638766 -0.05207026 0.00400000
v 0.03666747 -0.03585500 0.00400000
v 0.05641747 -0.05212500 0.00400000
v 0.03669997 -0.03590818 0.00400000
v 0.05644997 -0.05217818 0.00400000
v 0.03673508 -0.03595968 0.00400000
v 0.05648508 -0.05222968 0.00400000
v 0.03677271 -0.03600936 0.00400000
v 0.05652271 -0.05227936 0.00400000
v 0.03681277 -0.03605711 0.00400000
v 0.05656277 -0.05232711 0.00400000
v 0.03685517 -0.03610280 0.00400000
v 0.05660517 -0.05237280 0.00400000
v 0.03689978 -0.03614631 0.00400000
v 0.05664978 -0.05241631 0.00400000
v 0.03694652 -0.03618756 0.00400000
v 0.03699524 -0.03622642 0.00400000
v 0.03704585 -0.03626280 0.00400000
v 0.03709821 -0.03629661 0.00400000
v 0.03715218 -0.03632778 0.00400000
v 0.03720765 -0.03635621 0.00400000
v 0.03726446 -0.03638185 0.00400000
v 0.03732247 -0.03640462 0.00400000
v 0.03738156 -0.03642447 0.00400000
v 0.03744155 -0.03644135 0.00400000
v 0.03864483 -0.02564280 0.00400000
v 0.03860022 -0.03431369 0.00400000
v 0.03864483 -0.03435720 0.00400000
v 0.03860022 -0.02568631 0.00400000
v 0.03868723 -0.02559711 0.00400000
v 0.03868723 -0.03440289 0.00400000
v 0.03855348 -0.02572756 0.00400000
v 0.03855348 -0.03427244 0.00400000
v 0.03872729 -0.02554936 0.00400000
v 0.03872729 -0.03445064 0.00400000
v 0.03850476 -0.02576642 0.00400000
v 0.03850476 -0.03423358 0.00400000
v 0.03876492 -0.02549968 0.00400000
v 0.03876492 -0.03450032 0.00400000
v 0.03845415 -0.02580280 0.00400000
v 0.03845415 -0.03419720 0.00400000
v 0.03840179 -0.03416339 0.00400000
v 0.03880003 -0.02544818 0.00400000
v 0.03880003 -0.03455182 0.00400000
v 0.03883253 -0.03460500 0.00400000
v 0.03840179 -0.02583661 0.00400000
v 0.03883253 -0.02539500 0.00400000
v 0.03834782 -0.02586778 0.00400000
v 0.03834782 -0.03413222 0.00400000
v 0.03886234 -0.02534026 0.00400000
v 0.03886234 -0.03465974 0.00400000
v 0.03829235 -0.02589621 0.00400000
v 0.03829235 -0.03410379 0.00400000
v 0.03888938 -0.02528411 0.00400000
v 0.03888938 -0.03471589 0.00400000
v 0.03823554 -0.02592185 0.00400000
v 0.03823554 -0.03407815 0.00400000
v 0.03817753 -0.03405538 0.00400000
v 0.03891359 -0.02522668 0.00400000
v 0.03891359 -0.03477332 0.00400000
v 0.03893491 -0.03483189 0.00400000
v 0.03817753 -0.02594462 0.00400000
v 0.03893491 -0.02516811 0.00400000
v 0.03811844 -0.02596447 0.00400000
v 0.03811844 -0.03403553 0.00400000
v 0.03805845 -0.03401865 0.00400000
v 0.03895328 -0.02510855 0.00400000
v 0.03895328 -0.03489145 0.00400000
v 0.03805845 -0.02598135 0.00400000
v 0.03896866 -0.02504815 0.00400000
v 0.05750000 -0.00975000 0.00400000
v 0.03799768 -0.02599522 0.00400000
v 0.03799768 -0.03400478 0.00400000
v 0.03898101 -0.02498706 0.00400000
v 0.05743769 -0.00974845 0.00400000
v 0.03793630 -0.02600604 0.00400000
v 0.03793630 -0.03399396 0.00400000
v 0.03787446 -0.03398621 0.00400000
v 0.03899030 -0.02492543 0.00400000
v 0.05737554 -0.00974379 0.00400000
v 0.03787446 -0.02601379 0.00400000
v 0.03781231 -0.03398155 0.00400000
v 0.03899650 -0.02486341 0.00400000
v 0.05731370 -0.00973604 0.00400000
v 0.03781231 -0.02601845 0.00400000
v 0.03899961 -0.02480116 0.00400000
v 0.05725232 -0.00972522 0.00400000
v 0.03775000 -0.02602000 0.00400000
v 0.03775000 -0.03398000 0.00400000
v 0.03899961 -0.02473884 0.00400000
v 0.05719155 -0.00971135 0.00400000
v 0.03768769 -0.02601845 0.00400000
v 0.03768769 -0.03398155 0.00400000
v 0.03899650 -0.02467659 0.00400000
v 0.05713156 -0.00969447 0.00400000
v 0.03762554 -0.02601379 0.00400000
v 0.03762554 -0.03398621 0.00400000
v 0.03899030 -0.02461457 0.00400000
v 0.05707247 -0.00967462 0.00400000
v 0.03756370 -0.02600604 0.00400000
v 0.03756370 -0.03399396 0.00400000
v 0.03750232 -0.03400478 0.00400000
v 0.03898101 -0.02455294 0.00400000
v 0.05701446 -0.00965185 0.00400000
v 0.03750232 -0.02599522 0.00400000
v 0.03744155 -0.03401865 0.00400000
v 0.03896866 -0.02449185 0.00400000
v 0.05695765 -0.00962621 0.00400000
v 0.03744155 -0.02598135 0.00400000
v 0.03738156 -0.03403553 0.00400000
v 0.03895328 -0.02443145 0.00400000
v 0.05690218 -0.00959778 0.00400000
v 0.03738156 -0.02596447 0.00400000
v 0.03893491 -0.02437189 0.00400000
v 0.05684821 -0.00956661 0.00400000
v 0.03732247 -0.02594462 0.00400000
v 0.03732247 -0.03405538 0.00400000
v 0.03891359 -0.02431332 0.00400000
v 0.05679585 -0.00953280 0.00400000
v 0.03726446 -0.02592185 0.00400000
v 0.03726446 -0.03407815 0.00400000
v 0.03720765 -0.03410379 0.00400000
v 0.03888938 -0.02425589 0.00400000
v 0.05674524 -0.00949642 0.00400000
v 0.03720765 -0.02589621 0.00400000
v 0.03715218 -0.03413222 0.00400000
v 0.03886234 -0.02419974 0.00400000
v 0.05669652 -0.00945756 0.00400000
v 0.03715218 -0.02586778 0.00400000
v 0.03883253 -0.02414500 0.00400000
v 0.05664978 -0.00941631 0.00400000
v 0.03709821 -0.02583661 0.00400000
v 0.03709821 -0.03416339 0.00400000
v 0.03880003 -0.02409182 0.00400000
v 0.05660517 -0.00937280 0.00400000
v 0.03704585 -0.02580280 0.00400000
v 0.03704585 -0.03419720 0.00400000
v 0.03876492 -0.02404032 0.00400000
v 0.05656277 -0.00932711 0.00400000
v 0.03699524 -0.02576642 0.00400000
v 0.03699524 -0.03423358 0.00400000
v 0.03872729 -0.02399064 0.00400000
v 0.05652271 -0.00927936 0.00400000
v 0.03694652 -0.02572756 0.00400000
v 0.03694652 -0.03427244 0.00400000
v 0.03868723 -0.02394289 0.00400000
v 0.05648508 -0.00922968 0.00400000
v 0.03689978 -0.02568631 0.00400000
v 0.03689978 -0.03431369 0.00400000
v 0.03864483 -0.02389720 0.00400000
v 0.05644997 -0.00917818 0.00400000
v 0.03685517 -0.02564280 0.00400000
v 0.03685517 -0.03435720 0.00400000
v 0.03681277 -0.03440289 0.00400000
v 0.03860022 -0.02385369 0.00400000
v 0.05641747 -0.00912500 0.00400000
v 0.03681277 -0.02559711 0.00400000
v 0.03855348 -0.02381244 0.00400000
v 0.05638766 -0.00907026 0.00400000
v 0.03677271 -0.02554936 0.00400000
v 0.03677271 -0.03445064 0.00400000
v 0.03850476 -0.02377358 0.00400000
v 0.05636062 -0.00901411 0.00400000
v 0.03673508 -0.02549968 0.00400000
v 0.03673508 -0.03450032 0.00400000
v 0.03669997 -0.03455182 0.00400000
v 0.03845415 -0.02373720 0.00400000
v 0.05633641 -0.00895668 0.00400000
v 0.03669997 -0.02544818 0.00400000
v 0.03666747 -0.03460500 0.00400000
v 0.03840179 -0.02370339 0.00400000
v 0.05631509 -0.00889811 0.00400000
v 0.03666747 -0.02539500 0.00400000
v 0.03663766 -0.03465974 0.00400000
v 0.03834782 -0.02367222 0.00400000
v 0.05629672 -0.00883855 0.00400000
v 0.03663766 -0.02534026 0.00400000
v 0.03829235 -0.02364379 0.00400000
v 0.05628134 -0.00877815 0.00400000
v 0.03661062 -0.02528411 0.00400000
v 0.03661062 -0.03471589 0.00400000
v 0.03658641 -0.03477332 0.00400000
v 0.03823554 -0.02361815 0.00400000
v 0.05626899 -0.00871706 0.00400000
v 0.03658641 -0.02522668 0.00400000
v 0.03817753 -0.02359538 0.00400000
v 0.05625970 -0.00865543 0.00400000
v 0.03656509 -0.02516811 0.00400000
v 0.03656509 -0.03483189 0.00400000
v 0.03811844 -0.02357553 0.00400000
v 0.05625350 -0.00859341 0.00400000
v 0.03654672 -0.02510855 0.00400000
v 0.03654672 -0.03489145 0.00400000
v 0.03653134 -0.03495185 0.00400000
v 0.03805845 -0.02355865 0.00400000
v 0.05625039 -0.00853116 0.00400000
v 0.03653134 -0.02504815 0.00400000
v 0.03799768 -0.02354478 0.00400000
v 0.05625039 -0.00846884 0.00400000
v 0.03651899 -0.02498706 0.00400000
v 0.03793630 -0.02353396 0.00400000
v 0.05625350 -0.00840659 0.00400000
v 0.03650970 -0.02492543 0.00400000
v 0.03787446 -0.02352621 0.00400000
v 0.05625970 -0.00834457 0.00400000
v 0.03650350 -0.02486341 0.00400000
v 0.03781231 -0.02352155 0.00400000
v 0.05626899 -0.00828294 0.00400000
v 0.03650039 -0.02480116 0.00400000
v 0.03775000 -0.02352000 0.00400000
v 0.05628134 -0.00822185 0.00400000
v 0.03650039 -0.02473884 0.00400000
v 0.03768769 -0.02352155 0.00400000
v 0.05629672 -0.00816145 0.00400000
v 0.03650350 -0.02467659 0.00400000
v 0.03762554 -0.02352621 0.00400000
v 0.05631509 -0.00810189 0.00400000
v 0.03650970 -0.02461457 0.00400000
v 0.03756370 -0.02353396 0.00400000
v 0.03651899 -0.02455294 0.00400000
v 0.03653134 -0.02449185 0.00400000
v 0.03654672 -0.02443145 0.00400000
v 0.03656509 -0.02437189 0.00400000
v 0.03658641 -0.02431332 0.00400000
v 0.05839483 0.00762720 0.00400000
v 0.05839483 -0.00762720 0.00400000
v 0.05843723 -0.00767289 0.00400000
v 0.05835022 -0.00758369 0.00400000
v 0.05835022 0.00758369 0.00400000
v 0.05843723 0.00767289 0.00400000
v 0.05847729 -0.00772064 0.00400000
v 0.05830348 0.00754244 0.00400000
v 0.05830348 -0.00754244 0.00400000
v 0.05847729 0.00772064 0.00400000
v 0.05825476 0.00750358 0.00400000
v 0.05825476 -0.00750358 0.00400000
v 0.05820415 -0.00746720 0.00400000
v 0.05851492 0.00777032 0.00400000
v 0.05851492 -0.00777032 0.00400000
v 0.05820415 0.00746720 0.00400000
v 0.05855003 0.00782182 0.00400000
v 0.05855003 -0.00782182 0.00400000
v 0.05815179 0.00743339 0.00400000
v 0.05815179 -0.00743339 0.00400000
v 0.05858253 0.00787500 0.00400000
v 0.05858253 -0.00787500 0.00400000
v 0.05809782 0.00740222 0.00400000
v 0.05809782 -0.00740222 0.00400000
v 0.05861234 0.00792974 0.00400000
v 0.05861234 -0.00792974 0.00400000
v 0.05804235 0.00737379 0.00400000
v 0.05804235 -0.00737379 0.00400000
v 0.05863938 0.00798589 0.00400000
v 0.05863938 -0.00798589 0.00400000
v 0.05866359 -0.00804332 0.00400000
v 0.05798554 0.00734815 0.00400000
v 0.05798554 -0.00734815 0.00400000
v 0.05866359 0.00804332 0.00400000
v 0.05792753 0.00732538 0.00400000
v 0.05792753 -0.00732538 0.00400000
v 0.05868491 0.00810189 0.00400000
v 0.05868491 -0.00810189 0.00400000
v 0.05786844 0.00730553 0.00400000
v 0.05786844 -0.00730553 0.00400000
v 0.05870328 0.00816145 0.00400000
v 0.05870328 -0.00816145 0.00400000
v 0.05780845 0.00728865 0.00400000
v 0.05780845 -0.00728865 0.00400000
v 0.05871866 0.00822185 0.00400000
v 0.05871866 -0.00822185 0.00400000
v 0.05774768 0.00727478 0.00400000
v 0.05774768 -0.00727478 0.00400000
v 0.05873101 0.00828294 0.00400000
v 0.05873101 -0.00828294 0.00400000
v 0.05874030 -0.00834457 0.00400000
v 0.05768630 0.00726396 0.00400000
v 0.05768630 -0.00726396 0.00400000
v 0.05874030 0.00834457 0.00400000
v 0.05874650 -0.00840659 0.00400000
v 0.05762446 0.00725621 0.00400000
v 0.05762446 -0.00725621 0.00400000
v 0.05874650 0.00840659 0.00400000
v 0.05756231 0.00725155 0.00400000
v 0.05756231 -0.00725155 0.00400000
v 0.05874961 0.00846884 0.00400000
v 0.05750000 0.00725000 0.00400000
v 0.05743769 -0.00725155 0.00400000
v 0.05750000 -0.00725000 0.00400000
v 0.05743769 0.00725155 0.00400000
v 0.05737554 0.00725621 0.00400000
v 0.05737554 -0.00725621 0.00400000
v 0.05731370 -0.00726396 0.00400000
v 0.05731370 0.00726396 0.00400000
v 0.05725232 0.00727478 0.00400000
v 0.05725232 -0.00727478 0.00400000
v 0.05719155 -0.00728865 0.00400000
v 0.05719155 0.00728865 0.00400000
v 0.05713156 0.00730553 0.00400000
v 0.05713156 -0.00730553 0.00400000
v 0.05707247 -0.00732538 0.00400000
v 0.05707247 0.00732538 0.00400000
v 0.05701446 0.00734815 0.00400000
v 0.05701446 -0.00734815 0.00400000
v 0.05695765 -0.00737379 0.00400000
v 0.05695765 0.00737379 0.00400000
v 0.05690218 0.00740222 0.00400000
v 0.05690218 -0.00740222 0.00400000
v 0.05684821 -0.00743339 0.00400000
v 0.05684821 0.00743339 0.00400000
v 0.05679585 0.00746720 0.00400000
v 0.05679585 -0.00746720 0.00400000
v 0.05674524 -0.00750358 0.00400000
v 0.05674524 0.00750358 0.00400000
v 0.05669652 0.00754244 0.00400000
v 0.05669652 -0.00754244 0.00400000
v 0.05664978 0.00758369 0.00400000
v 0.05664978 -0.00758369 0.00400000
v 0.05660517 -0.00762720 0.00400000
v 0.05660517 0.00762720 0.00400000
v 0.05656277 -0.00767289 0.00400000
v 0.05656277 0.00767289 0.00400000
v 0.05652271 0.00772064 0.00400000
v 0.05652271 -0.00772064 0.00400000
v 0.05648508 0.00777032 0.00400000
v 0.05648508 -0.00777032 0.00400000
v 0.05644997 -0.00782182 0.00400000
v 0.05644997 0.00782182 0.00400000
v 0.05641747 0.00787500 0.00400000
v 0.05641747 -0.00787500 0.00400000
v 0.05638766 0.00792974 0.00400000
v 0.05638766 -0.00792974 0.00400000
v 0.05636062 0.00798589 0.00400000
v 0.05636062 -0.00798589 0.00400000
v 0.05633641 0.00804332 0.00400000
v 0.05633641 -0.00804332 0.00400000
v 0.05631509 0.00810189 0.00400000
v 0.03864483 0.02389720 0.00400000
v 0.05644997 0.00917818 0.00400000
v 0.05648508 0.00922968 0.00400000
v 0.03860022 0.02385369 0.00400000
v 0.05641747 0.00912500 0.00400000
v 0.03868723 0.02394289 0.00400000
v 0.05652271 0.00927936 0.00400000
v 0.03855348 0.02381244 0.00400000
v 0.05638766 0.00907026 0.00400000
v 0.03872729 0.02399064 0.00400000
v 0.05656277 0.00932711 0.00400000
v 0.03850476 0.02377358 0.00400000
v 0.05636062 0.00901411 0.00400000
v 0.03876492 0.02404032 0.00400000
v 0.05660517 0.00937280 0.00400000
v 0.03845415 0.02373720 0.00400000
v 0.05633641 0.00895668 0.00400000
v 0.03880003 0.02409182 0.00400000
v 0.05664978 0.00941631 0.00400000
v 0.03840179 0.02370339 0.00400000
v 0.05631509 0.00889811 0.00400000
v 0.03883253 0.02414500 0.00400000
v 0.05669652 0.00945756 0.00400000
v 0.03834782 0.02367222 0.00400000
v 0.05629672 0.00883855 0.00400000
v 0.03886234 0.02419974 0.00400000
v 0.05674524 0.00949642 0.00400000
v 0.03829235 0.02364379 0.00400000
v 0.05628134 0.00877815 0.00400000
v 0.03888938 0.02425589 0.00400000
v 0.05679585 0.00953280 0.00400000
v 0.03823554 0.02361815 0.00400000
v 0.05626899 0.00871706 0.00400000
v 0.03891359 0.02431332 0.00400000
v 0.05684821 0.00956661 0.00400000
v 0.03817753 0.02359538 0.00400000
v 0.05625970 0.00865543 0.00400000
v 0.03893491 0.02437189 0.00400000
v 0.05690218 0.00959778 0.00400000
v 0.03811844 0.02357553 0.00400000
v 0.05625350 0.00859341 0.00400000
v 0.03895328 0.02443145 0.00400000
v 0.05695765 0.00962621 0.00400000
v 0.03805845 0.02355865 0.00400000
v 0.05625039 0.00853116 0.00400000
v 0.03896866 0.02449185 0.00400000
v 0.05701446 0.00965185 0.00400000
v 0.03799768 0.02354478 0.00400000
v 0.05625039 0.00846884 0.00400000
v 0.03898101 0.02455294 0.00400000
v 0.05707247 0.00967462 0.00400000
v 0.03793630 0.02353396 0.00400000
v 0.05625350 0.00840659 0.00400000
v 0.03899030 0.02461457 0.00400000
v 0.05713156 0.00969447 0.00400000
v 0.03787446 0.02352621 0.00400000
v 0.05625970 0.00834457 0.00400000
v 0.03899650 0.02467659 0.00400000
v 0.05719155 0.00971135 0.00400000
v 0.03781231 0.02352155 0.00400000
v 0.05626899 0.00828294 0.00400000
v 0.03899961 0.02473884 0.00400000
v 0.05725232 0.00972522 0.00400000
v 0.03775000 0.02352000 0.00400000
v 0.05628134 0.00822185 0.00400000
v 0.03899961 0.02480116 0.00400000
v 0.05731370 0.00973604 0.00400000
v 0.03768769 0.02352155 0.00400000
v 0.05629672 0.00816145 0.00400000
v 0.03899650 0.02486341 0.00400000
v 0.05737554 0.00974379 0.00400000
v 0.03762554 0.02352621 0.00400000
v 0.03899030 0.02492543 0.00400000
v 0.05743769 0.00974845 0.00400000
v 0.03756370 0.02353396 0.00400000
v 0.03750232 -0.02354478 0.00400000
v 0.03898101 0.02498706 0.00400000
v 0.05750000 0.00975000 0.00400000
v 0.03750232 0.02354478 0.00400000
v 0.03896866 0.02504815 0.00400000
v 0.05756231 0.00974845 0.00400000
v 0.03744155 0.02355865 0.00400000
v 0.03744155 -0.02355865 0.00400000
v 0.03738156 -0.02357553 0.00400000
v 0.03738156 0.02357553 0.00400000
v 0.03732247 -0.02359538 0.00400000
v 0.03732247 0.02359538 0.00400000
v 0.03726446 0.02361815 0.00400000
v 0.03726446 -0.02361815 0.00400000
v 0.03720765 -0.02364379 0.00400000
v 0.03720765 0.02364379 0.00400000
v 0.03715218 -0.02367222 0.00400000
v 0.03715218 0.02367222 0.00400000
v 0.03709821 0.02370339 0.00400000
v 0.03709821 -0.02370339 0.00400000
v 0.03704585 0.02373720 0.00400000
v 0.03704585 -0.02373720 0.00400000
v 0.03699524 -0.02377358 0.00400000
v 0.03699524 0.02377358 0.00400000
v 0.03694652 0.02381244 0.00400000
v 0.03694652 -0.02381244 0.00400000
v 0.03689978 0.02385369 0.00400000
v 0.03689978 -0.02385369 0.00400000
v 0.03685517 -0.02389720 0.00400000
v 0.03685517 0.02389720 0.00400000
v 0.03681277 0.02394289 0.00400000
v 0.03681277 -0.02394289 0.00400000
v 0.03677271 0.02399064 0.00400000
v 0.03677271 -0.02399064 0.00400000
v 0.03673508 -0.02404032 0.00400000
v 0.03673508 0.02404032 0.00400000
v 0.03669997 0.02409182 0.00400000
v 0.03669997 -0.02409182 0.00400000
v 0.03666747 -0.02414500 0.00400000
v 0.03666747 0.02414500 0.00400000
v 0.03663766 0.02419974 0.00400000
v 0.03663766 -0.02419974 0.00400000
v 0.03661062 0.02425589 0.00400000
v 0.03661062 -0.02425589 0.00400000
v 0.03658641 0.02431332 0.00400000
v 0.05839483 0.05062720 0.00400000
v 0.05839483 0.00937280 0.00400000
v 0.05843723 0.00932711 0.00400000
v 0.05835022 0.05058369 0.00400000
v 0.05835022 0.00941631 0.00400000
v 0.05843723 0.05067289 0.00400000
v 0.05830348 0.05054244 0.00400000
v 0.05830348 0.00945756 0.00400000
v 0.05847729 0.05072064 0.00400000
v 0.05847729 0.00927936 0.00400000
v 0.05825476 0.05050358 0.00400000
v 0.05825476 0.00949642 0.00400000
v 0.05820415 0.00953280 0.00400000
v 0.05851492 0.05077032 0.00400000
v 0.05851492 0.00922968 0.00400000
v 0.05820415 0.05046720 0.00400000
v 0.05855003 0.05082182 0.00400000
v 0.05855003 0.00917818 0.00400000
v 0.05858253 0.00912500 0.00400000
v 0.05815179 0.05043339 0.00400000
v 0.05815179 0.00956661 0.00400000
v 0.05858253 0.05087500 0.00400000
v 0.05809782 0.05040222 0.00400000
v 0.05809782 0.00959778 0.00400000
v 0.05861234 0.05092974 0.00400000
v 0.05861234 0.00907026 0.00400000
v 0.05804235 0.05037379 0.00400000
v 0.05804235 0.00962621 0.00400000
v 0.05863938 0.05098589 0.00400000
v 0.05863938 0.00901411 0.00400000
v 0.05866359 0.00895668 0.00400000
v 0.05798554 0.05034815 0.00400000
v 0.05798554 0.00965185 0.00400000
v 0.05866359 0.05104332 0.00400000
v 0.05792753 0.05032538 0.00400000
v 0.05792753 0.00967462 0.00400000
v 0.05786844 0.05030553 0.00400000
v 0.05786844 0.00969447 0.00400000
v 0.05780845 0.05028865 0.00400000
v 0.05780845 0.00971135 0.00400000
v 0.05774768 0.05027478 0.00400000
v 0.05774768 0.00972522 0.00400000
v 0.05768630 0.05026396 0.00400000
v 0.05768630 0.00973604 0.00400000
v 0.05762446 0.05025621 0.00400000
v 0.05762446 0.00974379 0.00400000
v 0.05756231 0.05025155 0.00400000
v 0.03864483 0.03435720 0.00400000
v 0.03860022 0.02568631 0.00400000
v 0.03864483 0.02564280 0.00400000
v 0.03860022 0.03431369 0.00400000
v 0.03868723 0.03440289 0.00400000
v 0.03868723 0.02559711 0.00400000
v 0.03872729 0.02554936 0.00400000
v 0.03855348 0.03427244 0.00400000
v 0.03855348 0.02572756 0.00400000
v 0.03872729 0.03445064 0.00400000
v 0.03850476 0.03423358 0.00400000
v 0.03850476 0.02576642 0.00400000
v 0.03876492 0.03450032 0.00400000
v 0.03876492 0.02549968 0.00400000
v 0.03845415 0.03419720 0.00400000
v 0.03845415 0.02580280 0.00400000
v 0.03840179 0.02583661 0.00400000
v 0.03880003 0.03455182 0.00400000
v 0.03880003 0.02544818 0.00400000
v 0.03840179 0.03416339 0.00400000
v 0.03834782 0.02586778 0.00400000
v 0.03883253 0.03460500 0.00400000
v 0.03883253 0.02539500 0.00400000
v 0.03834782 0.03413222 0.00400000
v 0.03886234 0.03465974 0.00400000
v 0.03886234 0.02534026 0.00400000
v 0.03829235 0.03410379 0.00400000
v 0.03829235 0.02589621 0.00400000
v 0.03888938 0.03471589 0.00400000
v 0.03888938 0.02528411 0.00400000
v 0.03823554 0.03407815 0.00400000
v 0.03823554 0.02592185 0.00400000
v 0.03891359 0.03477332 0.00400000
v 0.03891359 0.02522668 0.00400000
v 0.03817753 0.03405538 0.00400000
v 0.03817753 0.02594462 0.00400000
v 0.03893491 0.03483189 0.00400000
v 0.03893491 0.02516811 0.00400000
v 0.03895328 0.02510855 0.00400000
v 0.03811844 0.03403553 0.00400000
v 0.03811844 0.02596447 0.00400000
v 0.03805845 0.02598135 0.00400000
v 0.03895328 0.03489145 0.00400000
v 0.03805845 0.03401865 0.00400000
v 0.03799768 0.02599522 0.00400000
v 0.03896866 0.03495185 0.00400000
v 0.05750000 0.05025000 0.00400000
v 0.06200000 0.05800000 0.00400000
v 0.05768630 0.05273604 0.00400000
v 0.05774768 0.05272522 0.00400000
v 0.05762446 0.05274379 0.00400000
v 0.05756231 0.05274845 0.00400000
v 0.05750000 0.05275000 0.00400000
v 0.05874961 0.00853116 0.00400000
v 0.05874650 0.00859341 0.00400000
v 0.05874030 0.00865543 0.00400000
v 0.05873101 0.00871706 0.00400000
v 0.05871866 0.00877815 0.00400000
v 0.05870328 0.00883855 0.00400000
v 0.05868491 0.00889811 0.00400000
v 0.05868491 0.05110189 0.00400000
v 0.05870328 0.05116145 0.00400000
v 0.05871866 0.05122185 0.00400000
v 0.05873101 0.05128294 0.00400000
v 0.05874030 0.05134457 0.00400000
v 0.05874650 0.05140659 0.00400000
v 0.05874961 0.05146884 0.00400000
v 0.05874961 0.05153116 0.00400000
v 0.05874650 0.05159341 0.00400000
v 0.05874030 0.05165543 0.00400000
v 0.05873101 0.05171706 0.00400000
v 0.05871866 0.05177815 0.00400000
v 0.05870328 0.05183855 0.00400000
v 0.05868491 0.05189811 0.00400000
v 0.05743769 0.05274845 0.00400000
v 0.05866359 0.05195668 0.00400000
v 0.05737554 0.05274379 0.00400000
v 0.05863938 0.05201411 0.00400000
v 0.05731370 0.05273604 0.00400000
v 0.05861234 0.05207026 0.00400000
v 0.05725232 0.05272522 0.00400000
v 0.05858253 0.05212500 0.00400000
v 0.05719155 0.05271135 0.00400000
v 0.05855003 0.05217818 0.00400000
v 0.05713156 0.05269447 0.00400000
v 0.05851492 0.05222968 0.00400000
v 0.05707247 0.05267462 0.00400000
v 0.05847729 0.05227936 0.00400000
v 0.05701446 0.05265185 0.00400000
v 0.05843723 0.05232711 0.00400000
v 0.05695765 0.05262621 0.00400000
v 0.05839483 0.05237280 0.00400000
v 0.05690218 0.05259778 0.00400000
v 0.05835022 0.05241631 0.00400000
v 0.05684821 0.05256661 0.00400000
v 0.05830348 0.05245756 0.00400000
v 0.05679585 0.05253280 0.00400000
v 0.05825476 0.05249642 0.00400000
v 0.05674524 0.05249642 0.00400000
v 0.05820415 0.05253280 0.00400000
v 0.05669652 0.05245756 0.00400000
v 0.05815179 0.05256661 0.00400000
v 0.05809782 0.05259778 0.00400000
v 0.05804235 0.05262621 0.00400000
v 0.05798554 0.05265185 0.00400000
v 0.05792753 0.05267462 0.00400000
v 0.05786844 0.05269447 0.00400000
v 0.05780845 0.05271135 0.00400000
v 0.03799768 0.03400478 0.00400000
v 0.03898101 0.03501294 0.00400000
v 0.05743769 0.05025155 0.00400000
v 0.03793630 0.03399396 0.00400000
v 0.03793630 0.02600604 0.00400000
v 0.03899030 0.03507457 0.00400000
v 0.05737554 0.05025621 0.00400000
v 0.03787446 0.03398621 0.00400000
v 0.03787446 0.02601379 0.00400000
v 0.03899650 0.03513659 0.00400000
v 0.05731370 0.05026396 0.00400000
v 0.03781231 0.03398155 0.00400000
v 0.03781231 0.02601845 0.00400000
v 0.03899961 0.03519884 0.00400000
v 0.05725232 0.05027478 0.00400000
v 0.03775000 0.03398000 0.00400000
v 0.03775000 0.02602000 0.00400000
v 0.03899961 0.03526116 0.00400000
v 0.05719155 0.05028865 0.00400000
v 0.03768769 0.03398155 0.00400000
v 0.03768769 0.02601845 0.00400000
v 0.03762554 0.02601379 0.00400000
v 0.03899650 0.03532341 0.00400000
v 0.05713156 0.05030553 0.00400000
v 0.03762554 0.03398621 0.00400000
v 0.03899030 0.03538543 0.00400000
v 0.05707247 0.05032538 0.00400000
v 0.03756370 0.03399396 0.00400000
v 0.03756370 0.02600604 0.00400000
v 0.03898101 0.03544706 0.00400000
v 0.05701446 0.05034815 0.00400000
v 0.03750232 0.03400478 0.00400000
v 0.03750232 0.02599522 0.00400000
v 0.03744155 0.02598135 0.00400000
v 0.03896866 0.03550815 0.00400000
v 0.05695765 0.05037379 0.00400000
v 0.03744155 0.03401865 0.00400000
v 0.03895328 0.03556855 0.00400000
v 0.05690218 0.05040222 0.00400000
v 0.03738156 0.03403553 0.00400000
v 0.03738156 0.02596447 0.00400000
v 0.03893491 0.03562811 0.00400000
v 0.05684821 0.05043339 0.00400000
v 0.03732247 0.03405538 0.00400000
v 0.03732247 0.02594462 0.00400000
v 0.03891359 0.03568668 0.00400000
v 0.05679585 0.05046720 0.00400000
v 0.03726446 0.03407815 0.00400000
v 0.03726446 0.02592185 0.00400000
v 0.03888938 0.03574411 0.00400000
v 0.05674524 0.05050358 0.00400000
v 0.03720765 0.03410379 0.00400000
v 0.03720765 0.02589621 0.00400000
v 0.03886234 0.03580026 0.00400000
v 0.05669652 0.05054244 0.00400000
v 0.03715218 0.03413222 0.00400000
v 0.03715218 0.02586778 0.00400000
v 0.03883253 0.03585500 0.00400000
v 0.05664978 0.05058369 0.00400000
v 0.03709821 0.03416339 0.00400000
v 0.03709821 0.02583661 0.00400000
v 0.03880003 0.03590818 0.00400000
v 0.05660517 0.05062720 0.00400000
v 0.03704585 0.03419720 0.00400000
v 0.03704585 0.02580280 0.00400000
v 0.03876492 0.03595968 0.00400000
v 0.05656277 0.05067289 0.00400000
v 0.03699524 0.03423358 0.00400000
v 0.03699524 0.02576642 0.00400000
v 0.03694652 0.02572756 0.00400000
v 0.03872729 0.03600936 0.00400000
v 0.05652271 0.05072064 0.00400000
v 0.03694652 0.03427244 0.00400000
v 0.03868723 0.03605711 0.00400000
v 0.05648508 0.05077032 0.00400000
v 0.03689978 0.03431369 0.00400000
v 0.03689978 0.02568631 0.00400000
v 0.03864483 0.03610280 0.00400000
v 0.05644997 0.05082182 0.00400000
v 0.03685517 0.03435720 0.00400000
v 0.03685517 0.02564280 0.00400000
v 0.03860022 0.03614631 0.00400000
v 0.05641747 0.05087500 0.00400000
v 0.03681277 0.03440289 0.00400000
v 0.03681277 0.02559711 0.00400000
v 0.03855348 0.03618756 0.00400000
v 0.05638766 0.05092974 0.00400000
v 0.03677271 0.03445064 0.00400000
v 0.03677271 0.02554936 0.00400000
v 0.03673508 0.02549968 0.00400000
v 0.03850476 0.03622642 0.00400000
v 0.05636062 0.05098589 0.00400000
v 0.03673508 0.03450032 0.00400000
v 0.03845415 0.03626280 0.00400000
v 0.05633641 0.05104332 0.00400000
v 0.03669997 0.03455182 0.00400000
v 0.03669997 0.02544818 0.00400000
v 0.03840179 0.03629661 0.00400000
v 0.05631509 0.05110189 0.00400000
v 0.03666747 0.03460500 0.00400000
v 0.03666747 0.02539500 0.00400000
v 0.03834782 0.03632778 0.00400000
v 0.05629672 0.05116145 0.00400000
v 0.03663766 0.03465974 0.00400000
v 0.03663766 0.02534026 0.00400000
v 0.03829235 0.03635621 0.00400000
v 0.05628134 0.05122185 0.00400000
v 0.03661062 0.03471589 0.00400000
v 0.03661062 0.02528411 0.00400000
v 0.03823554 0.03638185 0.00400000
v 0.05626899 0.05128294 0.00400000
v 0.03658641 0.03477332 0.00400000
v 0.03658641 0.02522668 0.00400000
v 0.03817753 0.03640462 0.00400000
v 0.05625970 0.05134457 0.00400000
v 0.03656509 0.03483189 0.00400000
v 0.03656509 0.02516811 0.00400000
v 0.03811844 0.03642447 0.00400000
v 0.05625350 0.05140659 0.00400000
v 0.03654672 0.03489145 0.00400000
v 0.03654672 0.02510855 0.00400000
v 0.03653134 0.02504815 0.00400000
v 0.03805845 0.03644135 0.00400000
v 0.05625039 0.05146884 0.00400000
v 0.03653134 0.03495185 0.00400000
v 0.03799768 0.03645522 0.00400000
v 0.05625039 0.05153116 0.00400000
v 0.03651899 0.03501294 0.00400000
v 0.03651899 0.02498706 0.00400000
v 0.03793630 0.03646604 0.00400000
v 0.05625350 0.05159341 0.00400000
v 0.03787446 0.03647379 0.00400000
v 0.05625970 0.05165543 0.00400000
v 0.03781231 0.03647845 0.00400000
v 0.05626899 0.05171706 0.00400000
v 0.03775000 0.03648000 0.00400000
v 0.05628134 0.05177815 0.00400000
v 0.03768769 0.03647845 0.00400000
v 0.05629672 0.05183855 0.00400000
v 0.03762554 0.03647379 0.00400000
v 0.05631509 0.05189811 0.00400000
v 0.03756370 0.03646604 0.00400000
v 0.05633641 0.05195668 0.00400000
v 0.03750232 0.03645522 0.00400000
v 0.05638766 0.05207026 0.00400000
v 0.05641747 0.05212500 0.00400000
v 0.03661062 0.03574411 0.00400000
v 0.03663766 0.03580026 0.00400000
v 0.05636062 0.05201411 0.00400000
v 0.03658641 0.03568668 0.00400000
v 0.03656509 0.03562811 0.00400000
v 0.03654672 0.03556855 0.00400000
v 0.03653134 0.03550815 0.00400000
v 0.03651899 0.03544706 0.00400000
v 0.03650970 0.03538543 0.00400000
v 0.03650350 0.03532341 0.00400000
v 0.03650039 0.03526116 0.00400000
v 0.03650039 0.03519884 0.00400000
v 0.03650350 0.03513659 0.00400000
v 0.03650970 0.03507457 0.00400000
v 0.03650970 0.02492543 0.00400000
v 0.03650350 0.02486341 0.00400000
v 0.03744155 0.03644135 0.00400000
v 0.03650039 0.02480116 0.00400000
v 0.03738156 0.03642447 0.00400000
v 0.03650039 0.02473884 0.00400000
v 0.03732247 0.03640462 0.00400000
v 0.03650350 0.02467659 0.00400000
v 0.03726446 0.03638185 0.00400000
v 0.03650970 0.02461457 0.00400000
v 0.03720765 0.03635621 0.00400000
v 0.03651899 0.02455294 0.00400000
v 0.03715218 0.03632778 0.00400000
v 0.03653134 0.02449185 0.00400000
v 0.03709821 0.03629661 0.00400000
v 0.03654672 0.02443145 0.00400000
v 0.03704585 0.03626280 0.00400000
v 0.03656509 0.02437189 0.00400000
v 0.03699524 0.03622642 0.00400000
v 0.03694652 0.03618756 0.00400000
v 0.03689978 0.03614631 0.00400000
v 0.05664978 0.05241631 0.00400000
v 0.03685517 0.03610280 0.00400000
v 0.05660517 0.05237280 0.00400000
v 0.03681277 0.03605711 0.00400000
v 0.05656277 0.05232711 0.00400000
v 0.03677271 0.03600936 0.00400000
v 0.05652271 0.05227936 0.00400000
v 0.03673508 0.03595968 0.00400000
v 0.05648508 0.05222968 0.00400000
v 0.03669997 0.03590818 0.00400000
v 0.05644997 0.05217818 0.00400000
v 0.03666747 0.03585500 0.00400000
v 0.06200000 -0.05800000 0.01000000
v 0.06200000 0.05800000 0.01000000
v 0.05835022 -0.05241631 0.01000000
v 0.05839483 -0.05237280 0.01000000
v 0.05843723 -0.05232711 0.01000000
v 0.05830348 -0.05245756 0.01000000
v 0.05847729 -0.05227936 0.01000000
v 0.05825476 -0.05249642 0.01000000
v 0.05851492 -0.05222968 0.01000000
v 0.05820415 -0.05253280 0.01000000
v 0.05855003 -0.05217818 0.01000000
v 0.05815179 -0.05256661 0.01000000
v 0.05858253 -0.05212500 0.01000000
v 0.05809782 -0.05259778 0.01000000
v 0.05861234 -0.05207026 0.01000000
v 0.05804235 -0.05262621 0.01000000
v 0.05863938 -0.05201411 0.01000000
v 0.05798554 -0.05265185 0.01000000
v 0.05866359 -0.05195668 0.01000000
v 0.05792753 -0.05267462 0.01000000
v 0.05868491 -0.05189811 0.01000000
v 0.05786844 -0.05269447 0.01000000
v 0.05870328 -0.05183855 0.01000000
v 0.05780845 -0.05271135 0.01000000
v 0.05871866 -0.05177815 0.01000000
v 0.05774768 -0.05272522 0.01000000
v 0.05873101 -0.05171706 0.01000000
v 0.05768630 -0.05273604 0.01000000
v 0.05874030 -0.05165543 0.01000000
v 0.05762446 -0.05274379 0.01000000
v 0.05874650 -0.05159341 0.01000000
v 0.05756231 -0.05274845 0.01000000
v 0.05874961 -0.05153116 0.01000000
v 0.05750000 -0.05275000 0.01000000
v 0.05874961 -0.05146884 0.01000000
v 0.05743769 -0.05274845 0.01000000
v 0.05874650 -0.05140659 0.01000000
v 0.05737554 -0.05274379 0.01000000
v 0.05874030 -0.05134457 0.01000000
v 0.05731370 -0.05273604 0.01000000
v 0.05873101 -0.05128294 0.01000000
v 0.05725232 -0.05272522 0.01000000
v 0.05871866 -0.05122185 0.01000000
v 0.05719155 -0.05271135 0.01000000
v 0.05870328 -0.05116145 0.01000000
v 0.05713156 -0.05269447 0.01000000
v 0.05868491 -0.05110189 0.01000000
v 0.05707247 -0.05267462 0.01000000
v 0.05866359 -0.05104332 0.01000000
v 0.05701446 -0.05265185 0.01000000
v 0.05695765 -0.05262621 0.01000000
v 0.05690218 -0.05259778 0.01000000
v 0.05684821 -0.05256661 0.01000000
v 0.05679585 -0.05253280 0.01000000
v 0.05674524 -0.05249642 0.01000000
v 0.02250000 -0.05800000 0.01000000
v 0.05626899 -0.05171706 0.01000000
v 0.05625970 -0.05165543 0.01000000
v 0.05628134 -0.05177815 0.01000000
v 0.05629672 -0.05183855 0.01000000
v 0.05631509 -0.05189811 0.01000000
v 0.05633641 -0.05195668 0.01000000
v 0.05636062 -0.05201411 0.01000000
v 0.05638766 -0.05207026 0.01000000
v 0.05641747 -0.05212500 0.01000000
v 0.05644997 -0.05217818 0.01000000
v 0.05648508 -0.05222968 0.01000000
v 0.05652271 -0.05227936 0.01000000
v 0.05656277 -0.05232711 0.01000000
v 0.05660517 -0.05237280 0.01000000
v 0.05664978 -0.05241631 0.01000000
v 0.05669652 -0.05245756 0.01000000
v 0.05644997 -0.05082182 0.01000000
v 0.03864483 -0.03610280 0.01000000
v 0.05648508 -0.05077032 0.01000000
v 0.03860022 -0.03614631 0.01000000
v 0.05641747 -0.05087500 0.01000000
v 0.03868723 -0.03605711 0.01000000
v 0.05652271 -0.05072064 0.01000000
v 0.05638766 -0.05092974 0.01000000
v 0.03855348 -0.03618756 0.01000000
v 0.03872729 -0.03600936 0.01000000
v 0.05656277 -0.05067289 0.01000000
v 0.05636062 -0.05098589 0.01000000
v 0.03850476 -0.03622642 0.01000000
v 0.03876492 -0.03595968 0.01000000
v 0.05660517 -0.05062720 0.01000000
v 0.05633641 -0.05104332 0.01000000
v 0.03845415 -0.03626280 0.01000000
v 0.03880003 -0.03590818 0.01000000
v 0.05664978 -0.05058369 0.01000000
v 0.05631509 -0.05110189 0.01000000
v 0.03840179 -0.03629661 0.01000000
v 0.03883253 -0.03585500 0.01000000
v 0.05669652 -0.05054244 0.01000000
v 0.05629672 -0.05116145 0.01000000
v 0.03834782 -0.03632778 0.01000000
v 0.03886234 -0.03580026 0.01000000
v 0.05674524 -0.05050358 0.01000000
v 0.05628134 -0.05122185 0.01000000
v 0.03829235 -0.03635621 0.01000000
v 0.03888938 -0.03574411 0.01000000
v 0.05679585 -0.05046720 0.01000000
v 0.05626899 -0.05128294 0.01000000
v 0.03823554 -0.03638185 0.01000000
v 0.03891359 -0.03568668 0.01000000
v 0.05684821 -0.05043339 0.01000000
v 0.05625970 -0.05134457 0.01000000
v 0.03817753 -0.03640462 0.01000000
v 0.03893491 -0.03562811 0.01000000
v 0.05690218 -0.05040222 0.01000000
v 0.05625350 -0.05140659 0.01000000
v 0.03811844 -0.03642447 0.01000000
v 0.03895328 -0.03556855 0.01000000
v 0.05695765 -0.05037379 0.01000000
v 0.05625039 -0.05146884 0.01000000
v 0.03805845 -0.03644135 0.01000000
v 0.03896866 -0.03550815 0.01000000
v 0.05701446 -0.05034815 0.01000000
v 0.05625039 -0.05153116 0.01000000
v 0.03799768 -0.03645522 0.01000000
v 0.03898101 -0.03544706 0.01000000
v 0.05707247 -0.05032538 0.01000000
v 0.05625350 -0.05159341 0.01000000
v 0.03793630 -0.03646604 0.01000000
v 0.03899030 -0.03538543 0.01000000
v 0.05713156 -0.05030553 0.01000000
v 0.03787446 -0.03647379 0.01000000
v 0.03899650 -0.03532341 0.01000000
v 0.05719155 -0.05028865 0.01000000
v 0.03781231 -0.03647845 0.01000000
v 0.03899961 -0.03526116 0.01000000
v 0.05725232 -0.05027478 0.01000000
v 0.03775000 -0.03648000 0.01000000
v 0.03899961 -0.03519884 0.01000000
v 0.05731370 -0.05026396 0.01000000
v 0.03768769 -0.03647845 0.01000000
v 0.03899650 -0.03513659 0.01000000
v 0.05737554 -0.05025621 0.01000000
v 0.03762554 -0.03647379 0.01000000
v 0.03899030 -0.03507457 0.01000000
v 0.05743769 -0.05025155 0.01000000
v 0.03756370 -0.03646604 0.01000000
v 0.03898101 -0.03501294 0.01000000
v 0.05750000 -0.05025000 0.01000000
v 0.03750232 -0.03645522 0.01000000
v 0.03896866 -0.03495185 0.01000000
v 0.05756231 -0.05025155 0.01000000
v 0.03744155 -0.03644135 0.01000000
v 0.03738156 -0.03642447 0.01000000
v 0.03732247 -0.03640462 0.01000000
v 0.03726446 -0.03638185 0.01000000
v 0.03720765 -0.03635621 0.01000000
v 0.03715218 -0.03632778 0.01000000
v 0.03709821 -0.03629661 0.01000000
v 0.03704585 -0.03626280 0.01000000
v 0.03699524 -0.03622642 0.01000000
v 0.03694652 -0.03618756 0.01000000
v 0.03689978 -0.03614631 0.01000000
v 0.03685517 -0.03610280 0.01000000
v 0.03681277 -0.03605711 0.01000000
v 0.03677271 -0.03600936 0.01000000
v 0.03673508 -0.03595968 0.01000000
v 0.03669997 -0.03590818 0.01000000
v 0.03666747 -0.03585500 0.01000000
v 0.03663766 -0.03580026 0.01000000
v 0.03661062 -0.03574411 0.01000000
v 0.03658641 -0.03568668 0.01000000
v 0.03656509 -0.03562811 0.01000000
v 0.03654672 -0.03556855 0.01000000
v 0.03653134 -0.03550815 0.01000000
v 0.03651899 -0.03544706 0.01000000
v 0.03650970 -0.03538543 0.01000000
v 0.03650350 -0.03532341 0.01000000
v 0.03650039 -0.03526116 0.01000000
v 0.03650039 -0.03519884 0.01000000
v 0.03650350 -0.03513659 0.01000000
v 0.03650970 -0.03507457 0.01000000
v 0.05835022 -0.05058369 0.01000000
v 0.05835022 -0.00941631 0.01000000
v 0.05839483 -0.05062720 0.01000000
v 0.05839483 -0.00937280 0.01000000
v 0.05843723 -0.00932711 0.01000000
v 0.05843723 -0.05067289 0.01000000
v 0.05830348 -0.05054244 0.01000000
v 0.05830348 -0.00945756 0.01000000
v 0.05847729 -0.00927936 0.01000000
v 0.05847729 -0.05072064 0.01000000
v 0.05825476 -0.05050358 0.01000000
v 0.05825476 -0.00949642 0.01000000
v 0.05851492 -0.00922968 0.01000000
v 0.05851492 -0.05077032 0.01000000
v 0.05820415 -0.00953280 0.01000000
v 0.05820415 -0.05046720 0.01000000
v 0.05855003 -0.00917818 0.01000000
v 0.05855003 -0.05082182 0.01000000
v 0.05815179 -0.05043339 0.01000000
v 0.05815179 -0.00956661 0.01000000
v 0.05858253 -0.05087500 0.01000000
v 0.05858253 -0.00912500 0.01000000
v 0.05861234 -0.05092974 0.01000000
v 0.05809782 -0.00959778 0.01000000
v 0.05809782 -0.05040222 0.01000000
v 0.05861234 -0.00907026 0.01000000
v 0.05863938 -0.05098589 0.01000000
v 0.05804235 -0.00962621 0.01000000
v 0.05804235 -0.05037379 0.01000000
v 0.05863938 -0.00901411 0.01000000
v 0.05798554 -0.05034815 0.01000000
v 0.05798554 -0.00965185 0.01000000
v 0.05792753 -0.05032538 0.01000000
v 0.05866359 -0.00895668 0.01000000
v 0.05792753 -0.00967462 0.01000000
v 0.05868491 -0.00889811 0.01000000
v 0.05786844 -0.05030553 0.01000000
v 0.05786844 -0.00969447 0.01000000
v 0.05870328 -0.00883855 0.01000000
v 0.05780845 -0.00971135 0.01000000
v 0.05780845 -0.05028865 0.01000000
v 0.05774768 -0.05027478 0.01000000
v 0.05871866 -0.00877815 0.01000000
v 0.05774768 -0.00972522 0.01000000
v 0.05873101 -0.00871706 0.01000000
v 0.05768630 -0.05026396 0.01000000
v 0.05768630 -0.00973604 0.01000000
v 0.05874030 -0.00865543 0.01000000
v 0.05762446 -0.00974379 0.01000000
v 0.05762446 -0.05025621 0.01000000
v 0.05874650 -0.00859341 0.01000000
v 0.05756231 -0.00974845 0.01000000
v 0.05874961 -0.00853116 0.01000000
v 0.05874961 -0.00846884 0.01000000
v 0.03860022 -0.03431369 0.01000000
v 0.03860022 -0.02568631 0.01000000
v 0.03864483 -0.03435720 0.01000000
v 0.03855348 -0.03427244 0.01000000
v 0.03864483 -0.02564280 0.01000000
v 0.03868723 -0.03440289 0.01000000
v 0.03868723 -0.02559711 0.01000000
v 0.03872729 -0.03445064 0.01000000
v 0.03855348 -0.02572756 0.01000000
v 0.03872729 -0.02554936 0.01000000
v 0.03850476 -0.03423358 0.01000000
v 0.03850476 -0.02576642 0.01000000
v 0.03876492 -0.02549968 0.01000000
v 0.03876492 -0.03450032 0.01000000
v 0.03845415 -0.03419720 0.01000000
v 0.03845415 -0.02580280 0.01000000
v 0.03840179 -0.03416339 0.01000000
v 0.03880003 -0.02544818 0.01000000
v 0.03880003 -0.03455182 0.01000000
v 0.03840179 -0.02583661 0.01000000
v 0.03883253 -0.02539500 0.01000000
v 0.03883253 -0.03460500 0.01000000
v 0.03834782 -0.03413222 0.01000000
v 0.03834782 -0.02586778 0.01000000
v 0.03886234 -0.02534026 0.01000000
v 0.03886234 -0.03465974 0.01000000
v 0.03829235 -0.02589621 0.01000000
v 0.03829235 -0.03410379 0.01000000
v 0.03888938 -0.02528411 0.01000000
v 0.03888938 -0.03471589 0.01000000
v 0.03823554 -0.02592185 0.01000000
v 0.03823554 -0.03407815 0.01000000
v 0.03817753 -0.03405538 0.01000000
v 0.03891359 -0.02522668 0.01000000
v 0.03891359 -0.03477332 0.01000000
v 0.03811844 -0.03403553 0.01000000
v 0.03817753 -0.02594462 0.01000000
v 0.03893491 -0.02516811 0.01000000
v 0.03893491 -0.03483189 0.01000000
v 0.03805845 -0.03401865 0.01000000
v 0.03811844 -0.02596447 0.01000000
v 0.03895328 -0.02510855 0.01000000
v 0.03895328 -0.03489145 0.01000000
v 0.03805845 -0.02598135 0.01000000
v 0.03896866 -0.02504815 0.01000000
v 0.05750000 -0.00975000 0.01000000
v 0.03799768 -0.03400478 0.01000000
v 0.03799768 -0.02599522 0.01000000
v 0.03898101 -0.02498706 0.01000000
v 0.05743769 -0.00974845 0.01000000
v 0.03793630 -0.03399396 0.01000000
v 0.03793630 -0.02600604 0.01000000
v 0.03899030 -0.02492543 0.01000000
v 0.05737554 -0.00974379 0.01000000
v 0.03787446 -0.03398621 0.01000000
v 0.03787446 -0.02601379 0.01000000
v 0.03899650 -0.02486341 0.01000000
v 0.05731370 -0.00973604 0.01000000
v 0.03781231 -0.03398155 0.01000000
v 0.03781231 -0.02601845 0.01000000
v 0.03899961 -0.02480116 0.01000000
v 0.05725232 -0.00972522 0.01000000
v 0.03768769 -0.03398155 0.01000000
v 0.03775000 -0.02602000 0.01000000
v 0.03775000 -0.03398000 0.01000000
v 0.03899961 -0.02473884 0.01000000
v 0.05719155 -0.00971135 0.01000000
v 0.03768769 -0.02601845 0.01000000
v 0.03899650 -0.02467659 0.01000000
v 0.05713156 -0.00969447 0.01000000
v 0.03762554 -0.03398621 0.01000000
v 0.03762554 -0.02601379 0.01000000
v 0.03899030 -0.02461457 0.01000000
v 0.05707247 -0.00967462 0.01000000
v 0.03756370 -0.03399396 0.01000000
v 0.03756370 -0.02600604 0.01000000
v 0.03750232 -0.03400478 0.01000000
v 0.03898101 -0.02455294 0.01000000
v 0.05701446 -0.00965185 0.01000000
v 0.03750232 -0.02599522 0.01000000
v 0.03896866 -0.02449185 0.01000000
v 0.05695765 -0.00962621 0.01000000
v 0.03744155 -0.03401865 0.01000000
v 0.03744155 -0.02598135 0.01000000
v 0.03895328 -0.02443145 0.01000000
v 0.05690218 -0.00959778 0.01000000
v 0.03738156 -0.03403553 0.01000000
v 0.03738156 -0.02596447 0.01000000
v 0.03893491 -0.02437189 0.01000000
v 0.05684821 -0.00956661 0.01000000
v 0.03732247 -0.03405538 0.01000000
v 0.03732247 -0.02594462 0.01000000
v 0.03726446 -0.03407815 0.01000000
v 0.03891359 -0.02431332 0.01000000
v 0.05679585 -0.00953280 0.01000000
v 0.03720765 -0.03410379 0.01000000
v 0.03726446 -0.02592185 0.01000000
v 0.03888938 -0.02425589 0.01000000
v 0.05674524 -0.00949642 0.01000000
v 0.03715218 -0.03413222 0.01000000
v 0.03720765 -0.02589621 0.01000000
v 0.03886234 -0.02419974 0.01000000
v 0.05669652 -0.00945756 0.01000000
v 0.03715218 -0.02586778 0.01000000
v 0.03883253 -0.02414500 0.01000000
v 0.05664978 -0.00941631 0.01000000
v 0.03709821 -0.03416339 0.01000000
v 0.03709821 -0.02583661 0.01000000
v 0.03704585 -0.03419720 0.01000000
v 0.03880003 -0.02409182 0.01000000
v 0.05660517 -0.00937280 0.01000000
v 0.03699524 -0.03423358 0.01000000
v 0.03704585 -0.02580280 0.01000000
v 0.03876492 -0.02404032 0.01000000
v 0.05656277 -0.00932711 0.01000000
v 0.03699524 -0.02576642 0.01000000
v 0.03872729 -0.02399064 0.01000000
v 0.05652271 -0.00927936 0.01000000
v 0.03694652 -0.03427244 0.01000000
v 0.03694652 -0.02572756 0.01000000
v 0.03689978 -0.03431369 0.01000000
v 0.03868723 -0.02394289 0.01000000
v 0.05648508 -0.00922968 0.01000000
v 0.03689978 -0.02568631 0.01000000
v 0.03864483 -0.02389720 0.01000000
v 0.05644997 -0.00917818 0.01000000
v 0.03685517 -0.03435720 0.01000000
v 0.03685517 -0.02564280 0.01000000
v 0.03860022 -0.02385369 0.01000000
v 0.05641747 -0.00912500 0.01000000
v 0.03681277 -0.03440289 0.01000000
v 0.03681277 -0.02559711 0.01000000
v 0.03855348 -0.02381244 0.01000000
v 0.05638766 -0.00907026 0.01000000
v 0.03677271 -0.03445064 0.01000000
v 0.03677271 -0.02554936 0.01000000
v 0.03673508 -0.03450032 0.01000000
v 0.03850476 -0.02377358 0.01000000
v 0.05636062 -0.00901411 0.01000000
v 0.03673508 -0.02549968 0.01000000
v 0.03845415 -0.02373720 0.01000000
v 0.05633641 -0.00895668 0.01000000
v 0.03669997 -0.03455182 0.01000000
v 0.03669997 -0.02544818 0.01000000
v 0.03666747 -0.03460500 0.01000000
v 0.03840179 -0.02370339 0.01000000
v 0.05631509 -0.00889811 0.01000000
v 0.03666747 -0.02539500 0.01000000
v 0.03834782 -0.02367222 0.01000000
v 0.05629672 -0.00883855 0.01000000
v 0.03663766 -0.03465974 0.01000000
v 0.03663766 -0.02534026 0.01000000
v 0.03829235 -0.02364379 0.01000000
v 0.05628134 -0.00877815 0.01000000
v 0.03661062 -0.03471589 0.01000000
v 0.03661062 -0.02528411 0.01000000
v 0.03658641 -0.03477332 0.01000000
v 0.03823554 -0.02361815 0.01000000
v 0.05626899 -0.00871706 0.01000000
v 0.03658641 -0.02522668 0.01000000
v 0.03817753 -0.02359538 0.01000000
v 0.05625970 -0.00865543 0.01000000
v 0.03656509 -0.02516811 0.01000000
v 0.03656509 -0.03483189 0.01000000
v 0.03654672 -0.03489145 0.01000000
v 0.03811844 -0.02357553 0.01000000
v 0.05625350 -0.00859341 0.01000000
v 0.03654672 -0.02510855 0.01000000
v 0.03805845 -0.02355865 0.01000000
v 0.05625039 -0.00853116 0.01000000
v 0.03653134 -0.03495185 0.01000000
v 0.03653134 -0.02504815 0.01000000
v 0.03799768 -0.02354478 0.01000000
v 0.05625039 -0.00846884 0.01000000
v 0.03651899 -0.02498706 0.01000000
v 0.03651899 -0.03501294 0.01000000
v 0.03793630 -0.02353396 0.01000000
v 0.05625350 -0.00840659 0.01000000
v 0.03650970 -0.02492543 0.01000000
v 0.03787446 -0.02352621 0.01000000
v 0.05625970 -0.00834457 0.01000000
v 0.03650350 -0.02486341 0.01000000
v 0.03781231 -0.02352155 0.01000000
v 0.05626899 -0.00828294 0.01000000
v 0.03650039 -0.02480116 0.01000000
v 0.03775000 -0.02352000 0.01000000
v 0.05628134 -0.00822185 0.01000000
v 0.03650039 -0.02473884 0.01000000
v 0.03768769 -0.02352155 0.01000000
v 0.05629672 -0.00816145 0.01000000
v 0.03650350 -0.02467659 0.01000000
v 0.03762554 -0.02352621 0.01000000
v 0.05631509 -0.00810189 0.01000000
v 0.03650970 -0.02461457 0.01000000
v 0.03756370 -0.02353396 0.01000000
v 0.05839483 -0.00762720 0.01000000
v 0.05839483 0.00762720 0.01000000
v 0.05843723 -0.00767289 0.01000000
v 0.05835022 -0.00758369 0.01000000
v 0.05835022 0.00758369 0.01000000
v 0.05843723 0.00767289 0.01000000
v 0.05847729 -0.00772064 0.01000000
v 0.05830348 -0.00754244 0.01000000
v 0.05830348 0.00754244 0.01000000
v 0.05847729 0.00772064 0.01000000
v 0.05825476 -0.00750358 0.01000000
v 0.05825476 0.00750358 0.01000000
v 0.05820415 -0.00746720 0.01000000
v 0.05851492 0.00777032 0.01000000
v 0.05851492 -0.00777032 0.01000000
v 0.05820415 0.00746720 0.01000000
v 0.05855003 0.00782182 0.01000000
v 0.05855003 -0.00782182 0.01000000
v 0.05815179 -0.00743339 0.01000000
v 0.05815179 0.00743339 0.01000000
v 0.05858253 0.00787500 0.01000000
v 0.05858253 -0.00787500 0.01000000
v 0.05809782 0.00740222 0.01000000
v 0.05809782 -0.00740222 0.01000000
v 0.05861234 0.00792974 0.01000000
v 0.05861234 -0.00792974 0.01000000
v 0.05804235 -0.00737379 0.01000000
v 0.05804235 0.00737379 0.01000000
v 0.05863938 -0.00798589 0.01000000
v 0.05863938 0.00798589 0.01000000
v 0.05866359 -0.00804332 0.01000000
v 0.05798554 -0.00734815 0.01000000
v 0.05798554 0.00734815 0.01000000
v 0.05866359 0.00804332 0.01000000
v 0.05868491 -0.00810189 0.01000000
v 0.05792753 0.00732538 0.01000000
v 0.05792753 -0.00732538 0.01000000
v 0.05868491 0.00810189 0.01000000
v 0.05786844 0.00730553 0.01000000
v 0.05786844 -0.00730553 0.01000000
v 0.05870328 0.00816145 0.01000000
v 0.05870328 -0.00816145 0.01000000
v 0.05780845 0.00728865 0.01000000
v 0.05780845 -0.00728865 0.01000000
v 0.05871866 0.00822185 0.01000000
v 0.05871866 -0.00822185 0.01000000
v 0.05774768 -0.00727478 0.01000000
v 0.05774768 0.00727478 0.01000000
v 0.05873101 -0.00828294 0.01000000
v 0.05873101 0.00828294 0.01000000
v 0.05874030 -0.00834457 0.01000000
v 0.05768630 -0.00726396 0.01000000
v 0.05768630 0.00726396 0.01000000
v 0.05874030 0.00834457 0.01000000
v 0.05762446 0.00725621 0.01000000
v 0.05762446 -0.00725621 0.01000000
v 0.05874650 0.00840659 0.01000000
v 0.05874650 -0.00840659 0.01000000
v 0.05756231 0.00725155 0.01000000
v 0.05756231 -0.00725155 0.01000000
v 0.05750000 -0.00725000 0.01000000
v 0.05874961 0.00846884 0.01000000
v 0.05750000 0.00725000 0.01000000
v 0.05743769 -0.00725155 0.01000000
v 0.05743769 0.00725155 0.01000000
v 0.05737554 0.00725621 0.01000000
v 0.05737554 -0.00725621 0.01000000
v 0.05731370 -0.00726396 0.01000000
v 0.05731370 0.00726396 0.01000000
v 0.05725232 0.00727478 0.01000000
v 0.05725232 -0.00727478 0.01000000
v 0.05719155 -0.00728865 0.01000000
v 0.05719155 0.00728865 0.01000000
v 0.05713156 -0.00730553 0.01000000
v 0.05713156 0.00730553 0.01000000
v 0.05707247 -0.00732538 0.01000000
v 0.05707247 0.00732538 0.01000000
v 0.05701446 -0.00734815 0.01000000
v 0.05701446 0.00734815 0.01000000
v 0.05695765 -0.00737379 0.01000000
v 0.05695765 0.00737379 0.01000000
v 0.05690218 -0.00740222 0.01000000
v 0.05690218 0.00740222 0.01000000
v 0.05684821 -0.00743339 0.01000000
v 0.05684821 0.00743339 0.01000000
v 0.05679585 0.00746720 0.01000000
v 0.05679585 -0.00746720 0.01000000
v 0.05674524 -0.00750358 0.01000000
v 0.05674524 0.00750358 0.01000000
v 0.05669652 0.00754244 0.01000000
v 0.05669652 -0.00754244 0.01000000
v 0.05664978 0.00758369 0.01000000
v 0.05664978 -0.00758369 0.01000000
v 0.05660517 -0.00762720 0.01000000
v 0.05660517 0.00762720 0.01000000
v 0.05656277 -0.00767289 0.01000000
v 0.05656277 0.00767289 0.01000000
v 0.05652271 0.00772064 0.01000000
v 0.05652271 -0.00772064 0.01000000
v 0.05648508 0.00777032 0.01000000
v 0.05648508 -0.00777032 0.01000000
v 0.05644997 -0.00782182 0.01000000
v 0.05644997 0.00782182 0.01000000
v 0.05641747 -0.00787500 0.01000000
v 0.05641747 0.00787500 0.01000000
v 0.05638766 0.00792974 0.01000000
v 0.05638766 -0.00792974 0.01000000
v 0.05636062 -0.00798589 0.01000000
v 0.05636062 0.00798589 0.01000000
v 0.05633641 -0.00804332 0.01000000
v 0.05633641 0.00804332 0.01000000
v 0.05631509 0.00810189 0.01000000
v 0.05644997 0.00917818 0.01000000
v 0.03864483 0.02389720 0.01000000
v 0.05648508 0.00922968 0.01000000
v 0.05641747 0.00912500 0.01000000
v 0.03860022 0.02385369 0.01000000
v 0.03868723 0.02394289 0.01000000
v 0.05652271 0.00927936 0.01000000
v 0.03855348 0.02381244 0.01000000
v 0.05638766 0.00907026 0.01000000
v 0.03872729 0.02399064 0.01000000
v 0.05656277 0.00932711 0.01000000
v 0.03850476 0.02377358 0.01000000
v 0.05636062 0.00901411 0.01000000
v 0.03876492 0.02404032 0.01000000
v 0.05660517 0.00937280 0.01000000
v 0.03845415 0.02373720 0.01000000
v 0.05633641 0.00895668 0.01000000
v 0.03880003 0.02409182 0.01000000
v 0.05664978 0.00941631 0.01000000
v 0.03840179 0.02370339 0.01000000
v 0.05631509 0.00889811 0.01000000
v 0.03883253 0.02414500 0.01000000
v 0.05669652 0.00945756 0.01000000
v 0.05629672 0.00883855 0.01000000
v 0.03834782 0.02367222 0.01000000
v 0.03886234 0.02419974 0.01000000
v 0.05674524 0.00949642 0.01000000
v 0.03829235 0.02364379 0.01000000
v 0.05628134 0.00877815 0.01000000
v 0.03888938 0.02425589 0.01000000
v 0.05679585 0.00953280 0.01000000
v 0.03823554 0.02361815 0.01000000
v 0.05626899 0.00871706 0.01000000
v 0.03891359 0.02431332 0.01000000
v 0.05684821 0.00956661 0.01000000
v 0.03817753 0.02359538 0.01000000
v 0.05625970 0.00865543 0.01000000
v 0.03893491 0.02437189 0.01000000
v 0.05690218 0.00959778 0.01000000
v 0.05625350 0.00859341 0.01000000
v 0.03811844 0.02357553 0.01000000
v 0.03895328 0.02443145 0.01000000
v 0.05695765 0.00962621 0.01000000
v 0.05625039 0.00853116 0.01000000
v 0.03805845 0.02355865 0.01000000
v 0.03896866 0.02449185 0.01000000
v 0.05701446 0.00965185 0.01000000
v 0.05625039 0.00846884 0.01000000
v 0.03799768 0.02354478 0.01000000
v 0.03898101 0.02455294 0.01000000
v 0.05707247 0.00967462 0.01000000
v 0.03793630 0.02353396 0.01000000
v 0.05625350 0.00840659 0.01000000
v 0.03899030 0.02461457 0.01000000
v 0.05713156 0.00969447 0.01000000
v 0.05625970 0.00834457 0.01000000
v 0.03787446 0.02352621 0.01000000
v 0.03899650 0.02467659 0.01000000
v 0.05719155 0.00971135 0.01000000
v 0.03781231 0.02352155 0.01000000
v 0.05626899 0.00828294 0.01000000
v 0.03899961 0.02473884 0.01000000
v 0.05725232 0.00972522 0.01000000
v 0.03775000 0.02352000 0.01000000
v 0.05628134 0.00822185 0.01000000
v 0.03899961 0.02480116 0.01000000
v 0.05731370 0.00973604 0.01000000
v 0.03768769 0.02352155 0.01000000
v 0.05629672 0.00816145 0.01000000
v 0.03899650 0.02486341 0.01000000
v 0.05737554 0.00974379 0.01000000
v 0.03762554 0.02352621 0.01000000
v 0.03899030 0.02492543 0.01000000
v 0.05743769 0.00974845 0.01000000
v 0.03756370 0.02353396 0.01000000
v 0.03898101 0.02498706 0.01000000
v 0.05750000 0.00975000 0.01000000
v 0.03750232 -0.02354478 0.01000000
v 0.03750232 0.02354478 0.01000000
v 0.03896866 0.02504815 0.01000000
v 0.05756231 0.00974845 0.01000000
v 0.03744155 -0.02355865 0.01000000
v 0.03744155 0.02355865 0.01000000
v 0.03738156 -0.02357553 0.01000000
v 0.03738156 0.02357553 0.01000000
v 0.03732247 -0.02359538 0.01000000
v 0.03732247 0.02359538 0.01000000
v 0.03726446 -0.02361815 0.01000000
v 0.03726446 0.02361815 0.01000000
v 0.03720765 -0.02364379 0.01000000
v 0.03720765 0.02364379 0.01000000
v 0.03715218 -0.02367222 0.01000000
v 0.03715218 0.02367222 0.01000000
v 0.03709821 -0.02370339 0.01000000
v 0.03709821 0.02370339 0.01000000
v 0.03704585 -0.02373720 0.01000000
v 0.03704585 0.02373720 0.01000000
v 0.03699524 -0.02377358 0.01000000
v 0.03699524 0.02377358 0.01000000
v 0.03694652 -0.02381244 0.01000000
v 0.03694652 0.02381244 0.01000000
v 0.03689978 -0.02385369 0.01000000
v 0.03689978 0.02385369 0.01000000
v 0.03685517 -0.02389720 0.01000000
v 0.03681277 -0.02394289 0.01000000
v 0.03685517 0.02389720 0.01000000
v 0.03681277 0.02394289 0.01000000
v 0.03677271 -0.02399064 0.01000000
v 0.03677271 0.02399064 0.01000000
v 0.03673508 -0.02404032 0.01000000
v 0.03673508 0.02404032 0.01000000
v 0.03669997 -0.02409182 0.01000000
v 0.03669997 0.02409182 0.01000000
v 0.03666747 -0.02414500 0.01000000
v 0.03666747 0.02414500 0.01000000
v 0.03663766 0.02419974 0.01000000
v 0.03663766 -0.02419974 0.01000000
v 0.03661062 0.02425589 0.01000000
v 0.03661062 -0.02425589 0.01000000
v 0.03658641 0.02431332 0.01000000
v 0.03658641 -0.02431332 0.01000000
v 0.05839483 0.00937280 0.01000000
v 0.05839483 0.05062720 0.01000000
v 0.05843723 0.00932711 0.01000000
v 0.05835022 0.05058369 0.01000000
v 0.05835022 0.00941631 0.01000000
v 0.05843723 0.05067289 0.01000000
v 0.05830348 0.05054244 0.01000000
v 0.05830348 0.00945756 0.01000000
v 0.05847729 0.05072064 0.01000000
v 0.05847729 0.00927936 0.01000000
v 0.05825476 0.05050358 0.01000000
v 0.05825476 0.00949642 0.01000000
v 0.05820415 0.00953280 0.01000000
v 0.05851492 0.05077032 0.01000000
v 0.05851492 0.00922968 0.01000000
v 0.05820415 0.05046720 0.01000000
v 0.05855003 0.05082182 0.01000000
v 0.05855003 0.00917818 0.01000000
v 0.05858253 0.00912500 0.01000000
v 0.05815179 0.05043339 0.01000000
v 0.05815179 0.00956661 0.01000000
v 0.05858253 0.05087500 0.01000000
v 0.05809782 0.05040222 0.01000000
v 0.05809782 0.00959778 0.01000000
v 0.05861234 0.05092974 0.01000000
v 0.05861234 0.00907026 0.01000000
v 0.05804235 0.00962621 0.01000000
v 0.05804235 0.05037379 0.01000000
v 0.05863938 0.05098589 0.01000000
v 0.05863938 0.00901411 0.01000000
v 0.05866359 0.00895668 0.01000000
v 0.05798554 0.05034815 0.01000000
v 0.05798554 0.00965185 0.01000000
v 0.05866359 0.05104332 0.01000000
v 0.05792753 0.05032538 0.01000000
v 0.05792753 0.00967462 0.01000000
v 0.05786844 0.05030553 0.01000000
v 0.05786844 0.00969447 0.01000000
v 0.05780845 0.05028865 0.01000000
v 0.05780845 0.00971135 0.01000000
v 0.05774768 0.00972522 0.01000000
v 0.05774768 0.05027478 0.01000000
v 0.05768630 0.05026396 0.01000000
v 0.05768630 0.00973604 0.01000000
v 0.05762446 0.05025621 0.01000000
v 0.05762446 0.00974379 0.01000000
v 0.05756231 0.05025155 0.01000000
v 0.03864483 0.02564280 0.01000000
v 0.03864483 0.03435720 0.01000000
v 0.03868723 0.02559711 0.01000000
v 0.03860022 0.03431369 0.01000000
v 0.03860022 0.02568631 0.01000000
v 0.03868723 0.03440289 0.01000000
v 0.03855348 0.03427244 0.01000000
v 0.03855348 0.02572756 0.01000000
v 0.03850476 0.02576642 0.01000000
v 0.03872729 0.03445064 0.01000000
v 0.03872729 0.02554936 0.01000000
v 0.03876492 0.02549968 0.01000000
v 0.03850476 0.03423358 0.01000000
v 0.03876492 0.03450032 0.01000000
v 0.03845415 0.02580280 0.01000000
v 0.03845415 0.03419720 0.01000000
v 0.03840179 0.02583661 0.01000000
v 0.03880003 0.03455182 0.01000000
v 0.03880003 0.02544818 0.01000000
v 0.03883253 0.02539500 0.01000000
v 0.03840179 0.03416339 0.01000000
v 0.03883253 0.03460500 0.01000000
v 0.03834782 0.02586778 0.01000000
v 0.03834782 0.03413222 0.01000000
v 0.03886234 0.03465974 0.01000000
v 0.03886234 0.02534026 0.01000000
v 0.03829235 0.03410379 0.01000000
v 0.03829235 0.02589621 0.01000000
v 0.03888938 0.03471589 0.01000000
v 0.03888938 0.02528411 0.01000000
v 0.03823554 0.03407815 0.01000000
v 0.03823554 0.02592185 0.01000000
v 0.03891359 0.03477332 0.01000000
v 0.03891359 0.02522668 0.01000000
v 0.03817753 0.03405538 0.01000000
v 0.03817753 0.02594462 0.01000000
v 0.03893491 0.03483189 0.01000000
v 0.03893491 0.02516811 0.01000000
v 0.03811844 0.03403553 0.01000000
v 0.03811844 0.02596447 0.01000000
v 0.03805845 0.02598135 0.01000000
v 0.03895328 0.03489145 0.01000000
v 0.03895328 0.02510855 0.01000000
v 0.03805845 0.03401865 0.01000000
v 0.03799768 0.02599522 0.01000000
v 0.03896866 0.03495185 0.01000000
v 0.05750000 0.05025000 0.01000000
v 0.05768630 0.05273604 0.01000000
v 0.05774768 0.05272522 0.01000000
v 0.05762446 0.05274379 0.01000000
v 0.05756231 0.05274845 0.01000000
v 0.05750000 0.05275000 0.01000000
v 0.05874961 0.00853116 0.01000000
v 0.05874650 0.00859341 0.01000000
v 0.05874030 0.00865543 0.01000000
v 0.05873101 0.00871706 0.01000000
v 0.05871866 0.00877815 0.01000000
v 0.05870328 0.00883855 0.01000000
v 0.05868491 0.00889811 0.01000000
v 0.05868491 0.05110189 0.01000000
v 0.05870328 0.05116145 0.01000000
v 0.05871866 0.05122185 0.01000000
v 0.05873101 0.05128294 0.01000000
v 0.05874030 0.05134457 0.01000000
v 0.05874650 0.05140659 0.01000000
v 0.05874961 0.05146884 0.01000000
v 0.05874961 0.05153116 0.01000000
v 0.05874650 0.05159341 0.01000000
v 0.05874030 0.05165543 0.01000000
v 0.05873101 0.05171706 0.01000000
v 0.05871866 0.05177815 0.01000000
v 0.05870328 0.05183855 0.01000000
v 0.05868491 0.05189811 0.01000000
v 0.05743769 0.05274845 0.01000000
v 0.05866359 0.05195668 0.01000000
v 0.05737554 0.05274379 0.01000000
v 0.05863938 0.05201411 0.01000000
v 0.05731370 0.05273604 0.01000000
v 0.05861234 0.05207026 0.01000000
v 0.05725232 0.05272522 0.01000000
v 0.05858253 0.05212500 0.01000000
v 0.05719155 0.05271135 0.01000000
v 0.05855003 0.05217818 0.01000000
v 0.05713156 0.05269447 0.01000000
v 0.05851492 0.05222968 0.01000000
v 0.05707247 0.05267462 0.01000000
v 0.05847729 0.05227936 0.01000000
v 0.05701446 0.05265185 0.01000000
v 0.05843723 0.05232711 0.01000000
v 0.05695765 0.05262621 0.01000000
v 0.05839483 0.05237280 0.01000000
v 0.05690218 0.05259778 0.01000000
v 0.05835022 0.05241631 0.01000000
v 0.05684821 0.05256661 0.01000000
v 0.05830348 0.05245756 0.01000000
v 0.05679585 0.05253280 0.01000000
v 0.05825476 0.05249642 0.01000000
v 0.05674524 0.05249642 0.01000000
v 0.05820415 0.05253280 0.01000000
v 0.05815179 0.05256661 0.01000000
v 0.05809782 0.05259778 0.01000000
v 0.05804235 0.05262621 0.01000000
v 0.05798554 0.05265185 0.01000000
v 0.05792753 0.05267462 0.01000000
v 0.05786844 0.05269447 0.01000000
v 0.05780845 0.05271135 0.01000000
v 0.03799768 0.03400478 0.01000000
v 0.03898101 0.03501294 0.01000000
v 0.05743769 0.05025155 0.01000000
v 0.03793630 0.03399396 0.01000000
v 0.03793630 0.02600604 0.01000000
v 0.03899030 0.03507457 0.01000000
v 0.05737554 0.05025621 0.01000000
v 0.03787446 0.03398621 0.01000000
v 0.03787446 0.02601379 0.01000000
v 0.03781231 0.02601845 0.01000000
v 0.03899650 0.03513659 0.01000000
v 0.05731370 0.05026396 0.01000000
v 0.03781231 0.03398155 0.01000000
v 0.03899961 0.03519884 0.01000000
v 0.05725232 0.05027478 0.01000000
v 0.03775000 0.02602000 0.01000000
v 0.03775000 0.03398000 0.01000000
v 0.03899961 0.03526116 0.01000000
v 0.05719155 0.05028865 0.01000000
v 0.03768769 0.03398155 0.01000000
v 0.03768769 0.02601845 0.01000000
v 0.03762554 0.02601379 0.01000000
v 0.03899650 0.03532341 0.01000000
v 0.05713156 0.05030553 0.01000000
v 0.03762554 0.03398621 0.01000000
v 0.03899030 0.03538543 0.01000000
v 0.05707247 0.05032538 0.01000000
v 0.03756370 0.03399396 0.01000000
v 0.03756370 0.02600604 0.01000000
v 0.03898101 0.03544706 0.01000000
v 0.05701446 0.05034815 0.01000000
v 0.03750232 0.03400478 0.01000000
v 0.03750232 0.02599522 0.01000000
v 0.03744155 0.02598135 0.01000000
v 0.03896866 0.03550815 0.01000000
v 0.05695765 0.05037379 0.01000000
v 0.03744155 0.03401865 0.01000000
v 0.03895328 0.03556855 0.01000000
v 0.05690218 0.05040222 0.01000000
v 0.03738156 0.03403553 0.01000000
v 0.03738156 0.02596447 0.01000000
v 0.03893491 0.03562811 0.01000000
v 0.05684821 0.05043339 0.01000000
v 0.03732247 0.03405538 0.01000000
v 0.03732247 0.02594462 0.01000000
v 0.03891359 0.03568668 0.01000000
v 0.05679585 0.05046720 0.01000000
v 0.03726446 0.03407815 0.01000000
v 0.03726446 0.02592185 0.01000000
v 0.03888938 0.03574411 0.01000000
v 0.05674524 0.05050358 0.01000000
v 0.03720765 0.03410379 0.01000000
v 0.03720765 0.02589621 0.01000000
v 0.03886234 0.03580026 0.01000000
v 0.05669652 0.05054244 0.01000000
v 0.03715218 0.03413222 0.01000000
v 0.03715218 0.02586778 0.01000000
v 0.03883253 0.03585500 0.01000000
v 0.05664978 0.05058369 0.01000000
v 0.03709821 0.03416339 0.01000000
v 0.03709821 0.02583661 0.01000000
v 0.03880003 0.03590818 0.01000000
v 0.05660517 0.05062720 0.01000000
v 0.03704585 0.03419720 0.01000000
v 0.03704585 0.02580280 0.01000000
v 0.03876492 0.03595968 0.01000000
v 0.05656277 0.05067289 0.01000000
v 0.03699524 0.03423358 0.01000000
v 0.03699524 0.02576642 0.01000000
v 0.03694652 0.02572756 0.01000000
v 0.03872729 0.03600936 0.01000000
v 0.05652271 0.05072064 0.01000000
v 0.03694652 0.03427244 0.01000000
v 0.03868723 0.03605711 0.01000000
v 0.05648508 0.05077032 0.01000000
v 0.03689978 0.02568631 0.01000000
v 0.03689978 0.03431369 0.01000000
v 0.03864483 0.03610280 0.01000000
v 0.05644997 0.05082182 0.01000000
v 0.03685517 0.02564280 0.01000000
v 0.03685517 0.03435720 0.01000000
v 0.03860022 0.03614631 0.01000000
v 0.05641747 0.05087500 0.01000000
v 0.03681277 0.03440289 0.01000000
v 0.03681277 0.02559711 0.01000000
v 0.03855348 0.03618756 0.01000000
v 0.05638766 0.05092974 0.01000000
v 0.03677271 0.02554936 0.01000000
v 0.03677271 0.03445064 0.01000000
v 0.03673508 0.02549968 0.01000000
v 0.03850476 0.03622642 0.01000000
v 0.05636062 0.05098589 0.01000000
v 0.03673508 0.03450032 0.01000000
v 0.03845415 0.03626280 0.01000000
v 0.05633641 0.05104332 0.01000000
v 0.03669997 0.03455182 0.01000000
v 0.03669997 0.02544818 0.01000000
v 0.03840179 0.03629661 0.01000000
v 0.05631509 0.05110189 0.01000000
v 0.03666747 0.02539500 0.01000000
v 0.03666747 0.03460500 0.01000000
v 0.03834782 0.03632778 0.01000000
v 0.05629672 0.05116145 0.01000000
v 0.03663766 0.02534026 0.01000000
v 0.03663766 0.03465974 0.01000000
v 0.03829235 0.03635621 0.01000000
v 0.05628134 0.05122185 0.01000000
v 0.03661062 0.03471589 0.01000000
v 0.03661062 0.02528411 0.01000000
v 0.03823554 0.03638185 0.01000000
v 0.05626899 0.05128294 0.01000000
v 0.03658641 0.03477332 0.01000000
v 0.03658641 0.02522668 0.01000000
v 0.03817753 0.03640462 0.01000000
v 0.05625970 0.05134457 0.01000000
v 0.03656509 0.03483189 0.01000000
v 0.03656509 0.02516811 0.01000000
v 0.03811844 0.03642447 0.01000000
v 0.05625350 0.05140659 0.01000000
v 0.03654672 0.03489145 0.01000000
v 0.03654672 0.02510855 0.01000000
v 0.03805845 0.03644135 0.01000000
v 0.05625039 0.05146884 0.01000000
v 0.03653134 0.03495185 0.01000000
v 0.03653134 0.02504815 0.01000000
v 0.03799768 0.03645522 0.01000000
v 0.05625039 0.05153116 0.01000000
v 0.03651899 0.03501294 0.01000000
v 0.03651899 0.02498706 0.01000000
v 0.03793630 0.03646604 0.01000000
v 0.05625350 0.05159341 0.01000000
v 0.03650970 0.03507457 0.01000000
v 0.03650970 0.02492543 0.01000000
v 0.03787446 0.03647379 0.01000000
v 0.05625970 0.05165543 0.01000000
v 0.05638766 0.05207026 0.01000000
v 0.02250000 0.05800000 0.01000000
v 0.05641747 0.05212500 0.01000000
v 0.03661062 0.03574411 0.01000000
v 0.03663766 0.03580026 0.01000000
v 0.03781231 0.03647845 0.01000000
v 0.05636062 0.05201411 0.01000000
v 0.03658641 0.03568668 0.01000000
v 0.03775000 0.03648000 0.01000000
v 0.05633641 0.05195668 0.01000000
v 0.03656509 0.03562811 0.01000000
v 0.05631509 0.05189811 0.01000000
v 0.03654672 0.03556855 0.01000000
v 0.05629672 0.05183855 0.01000000
v 0.03653134 0.03550815 0.01000000
v 0.05628134 0.05177815 0.01000000
v 0.03651899 0.03544706 0.01000000
v 0.05626899 0.05171706 0.01000000
v 0.03650970 0.03538543 0.01000000
v 0.03650350 0.03532341 0.01000000
v 0.03650039 0.03526116 0.01000000
v 0.03650039 0.03519884 0.01000000
v 0.03650350 0.03513659 0.01000000
v 0.03768769 0.03647845 0.01000000
v 0.03762554 0.03647379 0.01000000
v 0.03756370 0.03646604 0.01000000
v 0.03750232 0.03645522 0.01000000
v 0.03650350 0.02486341 0.01000000
v 0.03744155 0.03644135 0.01000000
v 0.03650039 0.02480116 0.01000000
v 0.03738156 0.03642447 0.01000000
v 0.03650039 0.02473884 0.01000000
v 0.03732247 0.03640462 0.01000000
v 0.03650350 0.02467659 0.01000000
v 0.03726446 0.03638185 0.01000000
v 0.03650970 0.02461457 0.01000000
v 0.03720765 0.03635621 0.01000000
v 0.03715218 0.03632778 0.01000000
v 0.03709821 0.03629661 0.01000000
v 0.03704585 0.03626280 0.01000000
v 0.03699524 0.03622642 0.01000000
v 0.03694652 0.03618756 0.01000000
v 0.05669652 0.05245756 0.01000000
v 0.03689978 0.03614631 0.01000000
v 0.05664978 0.05241631 0.01000000
v 0.03685517 0.03610280 0.01000000
v 0.05660517 0.05237280 0.01000000
v 0.03681277 0.03605711 0.01000000
v 0.05656277 0.05232711 0.01000000
v 0.03677271 0.03600936 0.01000000
v 0.05652271 0.05227936 0.01000000
v 0.03673508 0.03595968 0.01000000
v 0.05648508 0.05222968 0.01000000
v 0.03669997 0.03590818 0.01000000
v 0.05644997 0.05217818 0.01000000
v 0.03666747 0.03585500 0.01000000
v 0.03651899 -0.02455294 0.01000000
v 0.03653134 -0.02449185 0.01000000
v 0.03654672 -0.02443145 0.01000000
v 0.03656509 -0.02437189 0.01000000
v 0.03651899 0.02455294 0.01000000
v 0.03653134 0.02449185 0.01000000
v 0.03654672 0.02443145 0.01000000
v 0.03656509 0.02437189 0.01000000
v 0.02250000 -0.04661992 0.04674123
v 0.02250000 -0.05800000 0.06000000
v 0.02250000 -0.04656074 0.04680191
v 0.02250000 -0.04649860 0.04685957
v 0.02250000 -0.04667601 0.04667768
v 0.02250000 -0.04643367 0.04691405
v 0.02250000 -0.04672886 0.04661141
v 0.02250000 -0.04636610 0.04696523
v 0.02250000 -0.04677834 0.04654258
v 0.02250000 -0.04629606 0.04701298
v 0.02250000 -0.04682433 0.04647138
v 0.02250000 -0.04622373 0.04705718
v 0.02250000 -0.04686671 0.04639797
v 0.02250000 -0.04614929 0.04709772
v 0.02250000 -0.04690538 0.04632254
v 0.02250000 -0.04607292 0.04713450
v 0.02250000 -0.04694024 0.04624528
v 0.02250000 -0.04599481 0.04716742
v 0.02250000 -0.04697121 0.04616637
v 0.02250000 -0.04591516 0.04719642
v 0.02250000 -0.04699821 0.04608602
v 0.02250000 -0.04583416 0.04722140
v 0.02250000 -0.04702116 0.04600443
v 0.02250000 -0.04575202 0.04724232
v 0.02250000 -0.04704003 0.04592179
v 0.02250000 -0.04566894 0.04725911
v 0.02250000 -0.04705475 0.04583831
v 0.02250000 -0.04558512 0.04727175
v 0.02250000 -0.04706529 0.04575420
v 0.02250000 -0.04550077 0.04728019
v 0.02250000 -0.04707162 0.04566968
v 0.02250000 -0.04541612 0.04728441
v 0.02250000 -0.04707373 0.04558494
v 0.02250000 -0.04533135 0.04728441
v 0.02250000 -0.04707162 0.04550020
v 0.02250000 -0.04524669 0.04728019
v 0.02250000 -0.04706529 0.04541567
v 0.02250000 -0.04516235 0.04727175
v 0.02250000 -0.04705475 0.04533157
v 0.02250000 -0.04507853 0.04725911
v 0.02250000 -0.04704003 0.04524809
v 0.02250000 -0.04499545 0.04724232
v 0.02250000 -0.04702116 0.04516545
v 0.02250000 -0.04491330 0.04722140
v 0.02250000 -0.04699821 0.04508386
v 0.02250000 -0.04483231 0.04719642
v 0.02250000 -0.04697121 0.04500350
v 0.02250000 -0.04475265 0.04716742
v 0.02250000 -0.01960206 0.05059071
v 0.02250000 -0.04452373 0.04705718
v 0.02250000 -0.04459818 0.04709772
v 0.02250000 -0.01966125 0.05053003
v 0.02250000 -0.04445140 0.04701298
v 0.02250000 -0.01953993 0.05064836
v 0.02250000 -0.04467455 0.04713450
v 0.02250000 -0.01971734 0.05046647
v 0.02250000 -0.04438137 0.04696523
v 0.02250000 -0.01947499 0.05070285
v 0.02250000 -0.01977019 0.05040020
v 0.02250000 -0.04431380 0.04691405
v 0.02250000 -0.01940742 0.05075403
v 0.02250000 -0.01981967 0.05033138
v 0.02250000 -0.04424887 0.04685957
v 0.02250000 -0.01933739 0.05080178
v 0.02250000 -0.01986566 0.05026017
v 0.02250000 -0.04418673 0.04680191
v 0.02250000 -0.01926506 0.05084598
v 0.02250000 -0.01990804 0.05018677
v 0.02250000 -0.04412755 0.04674123
v 0.02250000 -0.01919062 0.05088652
v 0.02250000 -0.01994671 0.05011134
v 0.02250000 -0.04407146 0.04667768
v 0.02250000 -0.01911425 0.05092329
v 0.02250000 -0.01998157 0.05003407
v 0.02250000 -0.04401861 0.04661141
v 0.02250000 -0.01903614 0.05095622
v 0.02250000 -0.02001254 0.04995517
v 0.02250000 -0.04396913 0.04654258
v 0.02250000 -0.01895649 0.05098521
v 0.02250000 -0.02003953 0.04987482
v 0.02250000 -0.04392314 0.04647138
v 0.02250000 -0.01887549 0.05101019
v 0.02250000 -0.02006249 0.04979322
v 0.02250000 -0.04388076 0.04639797
v 0.02250000 -0.01879335 0.05103111
v 0.02250000 -0.02008135 0.04971058
v 0.02250000 -0.04384209 0.04632254
v 0.02250000 -0.01871026 0.05104791
v 0.02250000 -0.02009607 0.04962711
v 0.02250000 -0.04380722 0.04624528
v 0.02250000 -0.01862645 0.05106054
v 0.02250000 -0.02010661 0.04954300
v 0.02250000 -0.04377626 0.04616637
v 0.02250000 -0.01854210 0.05106898
v 0.02250000 -0.02011295 0.04945847
v 0.02250000 -0.04374926 0.04608602
v 0.02250000 -0.01845744 0.05107321
v 0.02250000 -0.02011506 0.04937373
v 0.02250000 -0.04372630 0.04600443
v 0.02250000 -0.01837268 0.05107321
v 0.02250000 -0.02011295 0.04928900
v 0.02250000 -0.04370744 0.04592179
v 0.02250000 -0.01828802 0.05106898
v 0.02250000 -0.02010661 0.04920447
v 0.02250000 -0.04369272 0.04583831
v 0.02250000 -0.01820368 0.05106054
v 0.02250000 -0.02009607 0.04912036
v 0.02250000 -0.04368218 0.04575420
v 0.02250000 -0.02008135 0.04903689
v 0.02250000 -0.04367585 0.04566968
v 0.02250000 -0.02006249 0.04895425
v 0.02250000 -0.04367373 0.04558494
v 0.02250000 -0.02003953 0.04887265
v 0.02250000 -0.04367585 0.04550020
v 0.02250000 -0.02001254 0.04879230
v 0.02250000 -0.04368218 0.04541567
v 0.02250000 -0.01998157 0.04871339
v 0.02250000 -0.04369272 0.04533157
v 0.02250000 -0.01994671 0.04863613
v 0.02250000 -0.04370744 0.04524809
v 0.02250000 -0.01990804 0.04856070
v 0.02250000 -0.04372630 0.04516545
v 0.02250000 -0.01986566 0.04848729
v 0.02250000 -0.04374926 0.04508386
v 0.02250000 -0.01981967 0.04841609
v 0.02250000 -0.04377626 0.04500350
v 0.02250000 -0.01977019 0.04834727
v 0.02250000 -0.04380722 0.04492460
v 0.02250000 -0.04661992 0.04442865
v 0.02250000 -0.04656074 0.04436797
v 0.02250000 -0.04667601 0.04449220
v 0.02250000 -0.04672886 0.04455847
v 0.02250000 -0.04677834 0.04462730
v 0.02250000 -0.04682433 0.04469850
v 0.02250000 -0.04686671 0.04477191
v 0.02250000 -0.04690538 0.04484734
v 0.02250000 -0.04694024 0.04492460
v 0.02250000 -0.01971734 0.04828099
v 0.02250000 -0.04384209 0.04484734
v 0.02250000 -0.01966125 0.04821744
v 0.02250000 -0.04388076 0.04477191
v 0.02250000 -0.01960206 0.04815676
v 0.02250000 -0.04392314 0.04469850
v 0.02250000 -0.01953993 0.04809911
v 0.02250000 -0.04396913 0.04462730
v 0.02250000 -0.01947499 0.04804462
v 0.02250000 -0.04401861 0.04455847
v 0.02250000 -0.01940742 0.04799344
v 0.02250000 -0.04277194 0.01984324
v 0.02250000 -0.04622373 0.04411270
v 0.02250000 -0.04614929 0.04407216
v 0.02250000 -0.04283113 0.01978256
v 0.02250000 -0.04629606 0.04415690
v 0.02250000 -0.04270981 0.01990089
v 0.02250000 -0.04607292 0.04403538
v 0.02250000 -0.04288721 0.01971901
v 0.02250000 -0.04636610 0.04420464
v 0.02250000 -0.04264487 0.01995538
v 0.02250000 -0.04599481 0.04400245
v 0.02250000 -0.04294006 0.01965273
v 0.02250000 -0.04643367 0.04425583
v 0.02250000 -0.04257730 0.02000656
v 0.02250000 -0.04591516 0.04397346
v 0.02250000 -0.04298955 0.01958391
v 0.02250000 -0.04649860 0.04431031
v 0.02250000 -0.04250727 0.02005431
v 0.02250000 -0.04583416 0.04394848
v 0.02250000 -0.04303553 0.01951271
v 0.02250000 -0.04243494 0.02009851
v 0.02250000 -0.04575202 0.04392756
v 0.02250000 -0.04307792 0.01943930
v 0.02250000 -0.04236050 0.02013905
v 0.02250000 -0.04566894 0.04391077
v 0.02250000 -0.04311659 0.01936387
v 0.02250000 -0.04228413 0.02017583
v 0.02250000 -0.04558512 0.04389813
v 0.02250000 -0.04315145 0.01928661
v 0.02250000 -0.04220602 0.02020875
v 0.02250000 -0.04550077 0.04388969
v 0.02250000 -0.04318242 0.01920770
v 0.02250000 -0.04212637 0.02023774
v 0.02250000 -0.04541612 0.04388547
v 0.02250000 -0.04320941 0.01912735
v 0.02250000 -0.04204537 0.02026273
v 0.02250000 -0.04533135 0.04388547
v 0.02250000 -0.04323237 0.01904575
v 0.02250000 -0.04196322 0.02028364
v 0.02250000 -0.04524669 0.04388969
v 0.02250000 -0.04325123 0.01896311
v 0.02250000 -0.04188014 0.02030044
v 0.02250000 -0.04516235 0.04389813
v 0.02250000 -0.04326595 0.01887964
v 0.02250000 -0.04179632 0.02031307
v 0.02250000 -0.04507853 0.04391077
v 0.02250000 -0.04327649 0.01879553
v 0.02250000 -0.04171198 0.02032151
v 0.02250000 -0.04499545 0.04392756
v 0.02250000 -0.04328283 0.01871100
v 0.02250000 -0.04162732 0.02032574
v 0.02250000 -0.04491330 0.04394848
v 0.02250000 -0.04328494 0.01862627
v 0.02250000 -0.04154256 0.02032574
v 0.02250000 -0.04483231 0.04397346
v 0.02250000 -0.04328283 0.01854153
v 0.02250000 -0.04145790 0.02032151
v 0.02250000 -0.04475265 0.04400245
v 0.02250000 -0.04327649 0.01845700
v 0.02250000 -0.04137355 0.02031307
v 0.02250000 -0.04467455 0.04403538
v 0.02250000 -0.04326595 0.01837289
v 0.02250000 -0.04128974 0.02030044
v 0.02250000 -0.04459818 0.04407216
v 0.02250000 -0.04325123 0.01828942
v 0.02250000 -0.04120665 0.02028364
v 0.02250000 -0.04452373 0.04411270
v 0.02250000 -0.04323237 0.01820678
v 0.02250000 -0.04112451 0.02026273
v 0.02250000 -0.04445140 0.04415690
v 0.02250000 -0.04320941 0.01812518
v 0.02250000 -0.04104351 0.02023774
v 0.02250000 -0.04438137 0.04420464
v 0.02250000 -0.04318242 0.01804483
v 0.02250000 -0.04096386 0.02020875
v 0.02250000 -0.04431380 0.04425583
v 0.02250000 -0.04315145 0.01796593
v 0.02250000 -0.04088575 0.02017583
v 0.02250000 -0.04424887 0.04431031
v 0.02250000 -0.04311659 0.01788866
v 0.02250000 -0.04080938 0.02013905
v 0.02250000 -0.04418673 0.04436797
v 0.02250000 -0.04307792 0.01781323
v 0.02250000 -0.04073494 0.02009851
v 0.02250000 -0.04412755 0.04442865
v 0.02250000 -0.04303553 0.01773983
v 0.02250000 -0.04066261 0.02005431
v 0.02250000 -0.04407146 0.04449220
v 0.02250000 -0.04298955 0.01766862
v 0.02250000 -0.04059257 0.02000656
v 0.02250000 -0.04294006 0.01759980
v 0.02250000 -0.04288721 0.01753353
v 0.02250000 -0.04283113 0.01746997
v 0.02250000 -0.04277194 0.01740929
v 0.02250000 -0.04270981 0.01735164
v 0.02250000 -0.04264487 0.01729715
v 0.02250000 -0.04257730 0.01724597
v 0.02250000 -0.04250727 0.01719822
v 0.02250000 -0.04243494 0.01715402
v 0.02250000 -0.04236050 0.01711348
v 0.02250000 -0.04228413 0.01707671
v 0.02250000 -0.04220602 0.01704378
v 0.02250000 -0.04212637 0.01701479
v 0.02250000 -0.04204537 0.01698981
v 0.02250000 -0.04196322 0.01696889
v 0.02250000 -0.04188014 0.01695209
v 0.02250000 -0.04179632 0.01693946
v 0.02250000 -0.04171198 0.01693102
v 0.02250000 -0.04162732 0.01692679
v 0.02250000 -0.04154256 0.01692679
v 0.02250000 -0.04145790 0.01693102
v 0.02250000 -0.04137355 0.01693946
v 0.02250000 -0.04128974 0.01695209
v 0.02250000 -0.04120665 0.01696889
v 0.02250000 -0.04112451 0.01698981
v 0.02250000 -0.01581327 0.02363203
v 0.02250000 -0.01926506 0.04790149
v 0.02250000 -0.01919062 0.04786095
v 0.02250000 -0.01587245 0.02357135
v 0.02250000 -0.01933739 0.04794569
v 0.02250000 -0.01575113 0.02368969
v 0.02250000 -0.01911425 0.04782417
v 0.02250000 -0.01592854 0.02350780
v 0.02250000 -0.01568620 0.02374417
v 0.02250000 -0.01903614 0.04779125
v 0.02250000 -0.01598139 0.02344153
v 0.02250000 -0.04052501 0.01995538
v 0.02250000 -0.01561863 0.02379536
v 0.02250000 -0.01895649 0.04776226
v 0.02250000 -0.01603087 0.02337270
v 0.02250000 -0.04046007 0.01990089
v 0.02250000 -0.01554860 0.02384310
v 0.02250000 -0.01887549 0.04773727
v 0.02250000 -0.01607686 0.02330150
v 0.02250000 -0.04039794 0.01984324
v 0.02250000 -0.01547627 0.02388730
v 0.02250000 -0.01879335 0.04771636
v 0.02250000 -0.01611924 0.02322809
v 0.02250000 -0.04033875 0.01978256
v 0.02250000 -0.01540182 0.02392784
v 0.02250000 -0.01871026 0.04769956
v 0.02250000 -0.01615791 0.02315266
v 0.02250000 -0.04028266 0.01971901
v 0.02250000 -0.01532545 0.02396462
v 0.02250000 -0.01862645 0.04768693
v 0.02250000 -0.01619278 0.02307540
v 0.02250000 -0.04022981 0.01965273
v 0.02250000 -0.01524735 0.02399755
v 0.02250000 -0.01854210 0.04767849
v 0.02250000 -0.01622374 0.02299649
v 0.02250000 -0.04018033 0.01958391
v 0.02250000 -0.01516769 0.02402654
v 0.02250000 -0.01845744 0.04767426
v 0.02250000 -0.01625074 0.02291614
v 0.02250000 -0.04013434 0.01951271
v 0.02250000 -0.01508670 0.02405152
v 0.02250000 -0.01837268 0.04767426
v 0.02250000 -0.01627370 0.02283455
v 0.02250000 -0.04009196 0.01943930
v 0.02250000 -0.01500455 0.02407244
v 0.02250000 -0.01828802 0.04767849
v 0.02250000 -0.01629256 0.02275191
v 0.02250000 -0.04005329 0.01936387
v 0.02250000 -0.01492147 0.02408923
v 0.02250000 -0.01820368 0.04768693
v 0.02250000 -0.01630728 0.02266843
v 0.02250000 -0.04001843 0.01928661
v 0.02250000 -0.01483765 0.02410187
v 0.02250000 -0.01811986 0.04769956
v 0.02250000 -0.01631782 0.02258433
v 0.02250000 -0.03998746 0.01920770
v 0.02250000 -0.01475331 0.02411031
v 0.02250000 -0.01803678 0.04771636
v 0.02250000 -0.01632415 0.02249980
v 0.02250000 -0.03996047 0.01912735
v 0.02250000 -0.01466865 0.02411453
v 0.02250000 -0.01795463 0.04773727
v 0.02250000 -0.01632627 0.02241506
v 0.02250000 -0.03993751 0.01904575
v 0.02250000 -0.01458388 0.02411453
v 0.02250000 -0.01787363 0.04776226
v 0.02250000 -0.01632415 0.02233032
v 0.02250000 -0.03991865 0.01896311
v 0.02250000 -0.01449923 0.02411031
v 0.02250000 -0.01779398 0.04779125
v 0.02250000 -0.01631782 0.02224580
v 0.02250000 -0.03990393 0.01887964
v 0.02250000 -0.01441488 0.02410187
v 0.02250000 -0.01771587 0.04782417
v 0.02250000 -0.01630728 0.02216169
v 0.02250000 -0.03989339 0.01879553
v 0.02250000 -0.01433106 0.02408923
v 0.02250000 -0.01763950 0.04786095
v 0.02250000 -0.01629256 0.02207821
v 0.02250000 -0.03988705 0.01871100
v 0.02250000 -0.01424798 0.02407244
v 0.02250000 -0.01756506 0.04790149
v 0.02250000 -0.01627370 0.02199557
v 0.02250000 -0.03988494 0.01862627
v 0.02250000 -0.01416584 0.02405152
v 0.02250000 -0.01749273 0.04794569
v 0.02250000 -0.01625074 0.02191398
v 0.02250000 -0.03988705 0.01854153
v 0.02250000 -0.01408484 0.02402654
v 0.02250000 -0.01742270 0.04799344
v 0.02250000 -0.01622374 0.02183363
v 0.02250000 -0.03989339 0.01845700
v 0.02250000 -0.01400519 0.02399755
v 0.02250000 -0.01735513 0.04804462
v 0.02250000 -0.01619278 0.02175472
v 0.02250000 -0.03990393 0.01837289
v 0.02250000 -0.01392708 0.02396462
v 0.02250000 -0.01729019 0.04809911
v 0.02250000 -0.01615791 0.02167746
v 0.02250000 -0.03991865 0.01828942
v 0.02250000 -0.01385071 0.02392784
v 0.02250000 -0.01722806 0.04815676
v 0.02250000 -0.01611924 0.02160203
v 0.02250000 -0.03993751 0.01820678
v 0.02250000 -0.01377627 0.02388730
v 0.02250000 -0.01716887 0.04821744
v 0.02250000 -0.01607686 0.02152862
v 0.02250000 -0.03996047 0.01812518
v 0.02250000 -0.01370394 0.02384310
v 0.02250000 -0.01711279 0.04828099
v 0.02250000 -0.01603087 0.02145742
v 0.02250000 -0.03998746 0.01804483
v 0.02250000 -0.01363390 0.02379536
v 0.02250000 -0.01705994 0.04834727
v 0.02250000 -0.01598139 0.02138859
v 0.02250000 -0.04001843 0.01796593
v 0.02250000 -0.01592854 0.02132232
v 0.02250000 -0.04005329 0.01788866
v 0.02250000 -0.01587245 0.02125877
v 0.02250000 -0.04009196 0.01781323
v 0.02250000 -0.01581327 0.02119809
v 0.02250000 -0.04013434 0.01773983
v 0.02250000 -0.01575113 0.02114043
v 0.02250000 -0.04018033 0.01766862
v 0.02250000 -0.01568620 0.02108595
v 0.02250000 -0.04022981 0.01759980
v 0.02250000 -0.01561863 0.02103477
v 0.02250000 -0.04028266 0.01753353
v 0.02250000 -0.01554860 0.02098702
v 0.02250000 -0.04033875 0.01746997
v 0.02250000 -0.01547627 0.02094282
v 0.02250000 -0.04039794 0.01740929
v 0.02250000 -0.01540182 0.02090228
v 0.02250000 -0.04046007 0.01735164
v 0.02250000 -0.01532545 0.02086550
v 0.02250000 -0.04052501 0.01729715
v 0.02250000 -0.01524735 0.02083258
v 0.02250000 -0.04059257 0.01724597
v 0.02250000 -0.01516769 0.02080358
v 0.02250000 -0.04066261 0.01719822
v 0.02250000 -0.01508670 0.02077860
v 0.02250000 -0.04073494 0.01715402
v 0.02250000 -0.01500455 0.02075768
v 0.02250000 -0.04080938 0.01711348
v 0.02250000 -0.01492147 0.02074089
v 0.02250000 -0.04088575 0.01707671
v 0.02250000 -0.01483765 0.02072825
v 0.02250000 -0.04096386 0.01704378
v 0.02250000 -0.01475331 0.02071981
v 0.02250000 -0.04104351 0.01701479
v 0.02250000 0.01343926 0.04680191
v 0.02250000 -0.01696447 0.05026017
v 0.02250000 -0.01701045 0.05033138
v 0.02250000 0.01338008 0.04674123
v 0.02250000 -0.01692208 0.05018677
v 0.02250000 0.01350140 0.04685957
v 0.02250000 -0.01705994 0.05040020
v 0.02250000 0.01332399 0.04667768
v 0.02250000 -0.01688341 0.05011134
v 0.02250000 0.01356633 0.04691405
v 0.02250000 -0.01711279 0.05046647
v 0.02250000 0.01327114 0.04661141
v 0.02250000 -0.01684855 0.05003407
v 0.02250000 0.01363390 0.04696523
v 0.02250000 -0.01716887 0.05053003
v 0.02250000 0.01322166 0.04654258
v 0.02250000 -0.01681758 0.04995517
v 0.02250000 0.01370394 0.04701298
v 0.02250000 -0.01722806 0.05059071
v 0.02250000 0.01317567 0.04647138
v 0.02250000 -0.01679059 0.04987482
v 0.02250000 0.01377627 0.04705718
v 0.02250000 -0.01729019 0.05064836
v 0.02250000 0.01313329 0.04639797
v 0.02250000 -0.01676763 0.04979322
v 0.02250000 0.01385071 0.04709772
v 0.02250000 -0.01735513 0.05070285
v 0.02250000 0.01309462 0.04632254
v 0.02250000 -0.01674877 0.04971058
v 0.02250000 0.01392708 0.04713450
v 0.02250000 -0.01742270 0.05075403
v 0.02250000 0.01305976 0.04624528
v 0.02250000 -0.01673405 0.04962711
v 0.02250000 0.01400519 0.04716742
v 0.02250000 -0.01749273 0.05080178
v 0.02250000 0.01302879 0.04616637
v 0.02250000 -0.01672351 0.04954300
v 0.02250000 0.01408484 0.04719642
v 0.02250000 -0.01756506 0.05084598
v 0.02250000 0.01300179 0.04608602
v 0.02250000 -0.01671717 0.04945847
v 0.02250000 0.01416584 0.04722140
v 0.02250000 -0.01763950 0.05088652
v 0.02250000 0.01297883 0.04600443
v 0.02250000 -0.01671506 0.04937373
v 0.02250000 0.01424798 0.04724232
v 0.02250000 -0.01771587 0.05092329
v 0.02250000 0.01295997 0.04592179
v 0.02250000 -0.01671717 0.04928900
v 0.02250000 0.01433106 0.04725911
v 0.02250000 -0.01779398 0.05095622
v 0.02250000 0.01294525 0.04583831
v 0.02250000 -0.01672351 0.04920447
v 0.02250000 0.01441488 0.04727175
v 0.02250000 -0.01787363 0.05098521
v 0.02250000 0.01293471 0.04575420
v 0.02250000 -0.01673405 0.04912036
v 0.02250000 0.01449923 0.04728019
v 0.02250000 -0.01795463 0.05101019
v 0.02250000 0.01292838 0.04566968
v 0.02250000 -0.01674877 0.04903689
v 0.02250000 0.01292627 0.04558494
v 0.02250000 -0.01676763 0.04895425
v 0.02250000 0.01292838 0.04550020
v 0.02250000 -0.01679059 0.04887265
v 0.02250000 0.01293471 0.04541567
v 0.02250000 -0.01681758 0.04879230
v 0.02250000 0.01294525 0.04533157
v 0.02250000 -0.01684855 0.04871339
v 0.02250000 0.01295997 0.04524809
v 0.02250000 -0.01688341 0.04863613
v 0.02250000 0.01297883 0.04516545
v 0.02250000 -0.01692208 0.04856070
v 0.02250000 0.01300179 0.04508386
v 0.02250000 -0.01696447 0.04848729
v 0.02250000 0.01302879 0.04500350
v 0.02250000 -0.01701045 0.04841609
v 0.02250000 0.01305976 0.04492460
v 0.02250000 -0.01356633 0.02374417
v 0.02250000 0.01309462 0.04484734
v 0.02250000 -0.01350140 0.02368969
v 0.02250000 0.01313329 0.04477191
v 0.02250000 -0.01343926 0.02363203
v 0.02250000 0.01317567 0.04469850
v 0.02250000 -0.01338008 0.02357135
v 0.02250000 0.01322166 0.04462730
v 0.02250000 -0.01332399 0.02350780
v 0.02250000 0.01327114 0.04455847
v 0.02250000 -0.01327114 0.02344153
v 0.02250000 0.01332399 0.04449220
v 0.02250000 -0.01322166 0.02337270
v 0.02250000 0.01338008 0.04442865
v 0.02250000 -0.01317567 0.02330150
v 0.02250000 0.01343926 0.04436797
v 0.02250000 -0.01313329 0.02322809
v 0.02250000 0.01350140 0.04431031
v 0.02250000 -0.01309462 0.02315266
v 0.02250000 0.01356633 0.04425583
v 0.02250000 -0.01305976 0.02307540
v 0.02250000 0.01363390 0.04420464
v 0.02250000 0.04039794 0.05059071
v 0.02250000 0.01547627 0.04705718
v 0.02250000 0.01540182 0.04709772
v 0.02250000 0.04033875 0.05053003
v 0.02250000 0.01554860 0.04701298
v 0.02250000 0.04046007 0.05064836
v 0.02250000 0.01532545 0.04713450
v 0.02250000 0.04028266 0.05046647
v 0.02250000 0.01561863 0.04696523
v 0.02250000 0.04052501 0.05070285
v 0.02250000 0.01524735 0.04716742
v 0.02250000 0.04022981 0.05040020
v 0.02250000 0.01568620 0.04691405
v 0.02250000 0.04059257 0.05075403
v 0.02250000 0.01516769 0.04719642
v 0.02250000 0.04018033 0.05033138
v 0.02250000 0.01575113 0.04685957
v 0.02250000 0.04066261 0.05080178
v 0.02250000 0.01508670 0.04722140
v 0.02250000 0.04013434 0.05026017
v 0.02250000 0.01581327 0.04680191
v 0.02250000 0.04073494 0.05084598
v 0.02250000 0.01500455 0.04724232
v 0.02250000 0.04009196 0.05018677
v 0.02250000 0.01587245 0.04674123
v 0.02250000 0.04080938 0.05088652
v 0.02250000 0.01492147 0.04725911
v 0.02250000 0.04005329 0.05011134
v 0.02250000 0.01592854 0.04667768
v 0.02250000 0.04088575 0.05092329
v 0.02250000 0.01483765 0.04727175
v 0.02250000 0.04001843 0.05003407
v 0.02250000 0.01598139 0.04661141
v 0.02250000 0.04096386 0.05095622
v 0.02250000 0.01475331 0.04728019
v 0.02250000 0.03998746 0.04995517
v 0.02250000 0.01603087 0.04654258
v 0.02250000 0.04104351 0.05098521
v 0.02250000 0.03996047 0.04987482
v 0.02250000 0.01607686 0.04647138
v 0.02250000 0.03993751 0.04979322
v 0.02250000 0.01611924 0.04639797
v 0.02250000 0.03991865 0.04971058
v 0.02250000 0.01615791 0.04632254
v 0.02250000 0.03990393 0.04962711
v 0.02250000 0.01619278 0.04624528
v 0.02250000 0.03989339 0.04954300
v 0.02250000 0.01622374 0.04616637
v 0.02250000 0.03988705 0.04945847
v 0.02250000 0.01625074 0.04608602
v 0.02250000 0.03988494 0.04937373
v 0.02250000 0.01627370 0.04600443
v 0.02250000 0.03988705 0.04928900
v 0.02250000 0.01629256 0.04592179
v 0.02250000 0.03989339 0.04920447
v 0.02250000 0.01630728 0.04583831
v 0.02250000 0.03990393 0.04912036
v 0.02250000 0.01631782 0.04575420
v 0.02250000 0.03991865 0.04903689
v 0.02250000 0.01632415 0.04566968
v 0.02250000 0.03993751 0.04895425
v 0.02250000 0.01632627 0.04558494
v 0.02250000 0.03996047 0.04887265
v 0.02250000 0.01632415 0.04550020
v 0.02250000 0.03998746 0.04879230
v 0.02250000 0.01631782 0.04541567
v 0.02250000 0.04001843 0.04871339
v 0.02250000 0.01630728 0.04533157
v 0.02250000 0.04005329 0.04863613
v 0.02250000 0.01629256 0.04524809
v 0.02250000 0.04009196 0.04856070
v 0.02250000 0.01627370 0.04516545
v 0.02250000 0.04013434 0.04848729
v 0.02250000 0.01625074 0.04508386
v 0.02250000 0.04018033 0.04841609
v 0.02250000 0.01622374 0.04500350
v 0.02250000 0.04022981 0.04834727
v 0.02250000 0.01619278 0.04492460
v 0.02250000 0.04028266 0.04828099
v 0.02250000 0.01615791 0.04484734
v 0.02250000 0.04033875 0.04821744
v 0.02250000 0.01611924 0.04477191
v 0.02250000 0.04039794 0.04815676
v 0.02250000 0.01607686 0.04469850
v 0.02250000 0.04046007 0.04809911
v 0.02250000 0.01603087 0.04462730
v 0.02250000 0.04052501 0.04804462
v 0.02250000 0.01598139 0.04455847
v 0.02250000 0.04059257 0.04799344
v 0.02250000 0.01722806 0.01984324
v 0.02250000 0.01377627 0.04411270
v 0.02250000 0.01385071 0.04407216
v 0.02250000 0.01716887 0.01978256
v 0.02250000 0.01370394 0.04415690
v 0.02250000 0.01729019 0.01990089
v 0.02250000 0.01392708 0.04403538
v 0.02250000 0.01711279 0.01971901
v 0.02250000 0.01735513 0.01995538
v 0.02250000 0.01400519 0.04400245
v 0.02250000 0.01705994 0.01965273
v 0.02250000 0.01742270 0.02000656
v 0.02250000 0.01408484 0.04397346
v 0.02250000 0.01701045 0.01958391
v 0.02250000 -0.01302879 0.02299649
v 0.02250000 0.01749273 0.02005431
v 0.02250000 0.01416584 0.04394848
v 0.02250000 0.01696447 0.01951271
v 0.02250000 -0.01300179 0.02291614
v 0.02250000 0.01756506 0.02009851
v 0.02250000 0.01424798 0.04392756
v 0.02250000 0.01692208 0.01943930
v 0.02250000 -0.01297883 0.02283455
v 0.02250000 0.01763950 0.02013905
v 0.02250000 0.01433106 0.04391077
v 0.02250000 0.01688341 0.01936387
v 0.02250000 -0.01295997 0.02275191
v 0.02250000 0.01771587 0.02017583
v 0.02250000 0.01441488 0.04389813
v 0.02250000 0.01684855 0.01928661
v 0.02250000 -0.01294525 0.02266843
v 0.02250000 0.01779398 0.02020875
v 0.02250000 0.01449923 0.04388969
v 0.02250000 0.01681758 0.01920770
v 0.02250000 -0.01293471 0.02258433
v 0.02250000 0.01787363 0.02023774
v 0.02250000 0.01458388 0.04388547
v 0.02250000 0.01679059 0.01912735
v 0.02250000 -0.01292838 0.02249980
v 0.02250000 0.01795463 0.02026273
v 0.02250000 0.01466865 0.04388547
v 0.02250000 0.01676763 0.01904575
v 0.02250000 -0.01292627 0.02241506
v 0.02250000 0.01803678 0.02028364
v 0.02250000 0.01475331 0.04388969
v 0.02250000 0.01674877 0.01896311
v 0.02250000 -0.01292838 0.02233032
v 0.02250000 0.01811986 0.02030044
v 0.02250000 0.01483765 0.04389813
v 0.02250000 0.01673405 0.01887964
v 0.02250000 -0.01293471 0.02224580
v 0.02250000 0.01820368 0.02031307
v 0.02250000 0.01492147 0.04391077
v 0.02250000 0.01672351 0.01879553
v 0.02250000 -0.01294525 0.02216169
v 0.02250000 0.01828802 0.02032151
v 0.02250000 0.01500455 0.04392756
v 0.02250000 0.05800000 0.06000000
v 0.02250000 0.04326595 0.04962711
v 0.02250000 0.04325123 0.04971058
v 0.02250000 0.04327649 0.04954300
v 0.02250000 0.04328283 0.04945847
v 0.02250000 0.04328494 0.04937373
v 0.02250000 -0.01811986 0.05104791
v 0.02250000 -0.01803678 0.05103111
v 0.02250000 0.01458388 0.04728441
v 0.02250000 0.01466865 0.04728441
v 0.02250000 0.04112451 0.05101019
v 0.02250000 0.04120665 0.05103111
v 0.02250000 0.04128974 0.05104791
v 0.02250000 0.04137355 0.05106054
v 0.02250000 0.04145790 0.05106898
v 0.02250000 0.04154256 0.05107321
v 0.02250000 0.04162732 0.05107321
v 0.02250000 0.04171198 0.05106898
v 0.02250000 0.04179632 0.05106054
v 0.02250000 0.04188014 0.05104791
v 0.02250000 0.04196322 0.05103111
v 0.02250000 0.04204537 0.05101019
v 0.02250000 0.04212637 0.05098521
v 0.02250000 0.04328283 0.04928900
v 0.02250000 0.04220602 0.05095622
v 0.02250000 0.04327649 0.04920447
v 0.02250000 0.04228413 0.05092329
v 0.02250000 0.04326595 0.04912036
v 0.02250000 0.04236050 0.05088652
v 0.02250000 0.04325123 0.04903689
v 0.02250000 0.04243494 0.05084598
v 0.02250000 0.04323237 0.04895425
v 0.02250000 0.04250727 0.05080178
v 0.02250000 0.04320941 0.04887265
v 0.02250000 0.04257730 0.05075403
v 0.02250000 0.04318242 0.04879230
v 0.02250000 0.04264487 0.05070285
v 0.02250000 0.04315145 0.04871339
v 0.02250000 0.04270981 0.05064836
v 0.02250000 0.04311659 0.04863613
v 0.02250000 0.04277194 0.05059071
v 0.02250000 0.04307792 0.04856070
v 0.02250000 0.04283113 0.05053003
v 0.02250000 0.04288721 0.05046647
v 0.02250000 0.04294006 0.05040020
v 0.02250000 0.04298955 0.05033138
v 0.02250000 0.04303553 0.05026017
v 0.02250000 0.04307792 0.05018677
v 0.02250000 0.04311659 0.05011134
v 0.02250000 0.04315145 0.05003407
v 0.02250000 0.04318242 0.04995517
v 0.02250000 0.04320941 0.04987482
v 0.02250000 0.04323237 0.04979322
v 0.02250000 0.01671717 0.01871100
v 0.02250000 -0.01295997 0.02207821
v 0.02250000 0.01837268 0.02032574
v 0.02250000 0.01508670 0.04394848
v 0.02250000 0.01671506 0.01862627
v 0.02250000 -0.01297883 0.02199557
v 0.02250000 0.01845744 0.02032574
v 0.02250000 0.01516769 0.04397346
v 0.02250000 0.01671717 0.01854153
v 0.02250000 -0.01300179 0.02191398
v 0.02250000 0.01854210 0.02032151
v 0.02250000 0.01524735 0.04400245
v 0.02250000 0.01672351 0.01845700
v 0.02250000 -0.01302879 0.02183363
v 0.02250000 0.01862645 0.02031307
v 0.02250000 0.01532545 0.04403538
v 0.02250000 0.01673405 0.01837289
v 0.02250000 -0.01305976 0.02175472
v 0.02250000 0.01871026 0.02030044
v 0.02250000 0.01540182 0.04407216
v 0.02250000 0.01674877 0.01828942
v 0.02250000 -0.01309462 0.02167746
v 0.02250000 0.01879335 0.02028364
v 0.02250000 0.01547627 0.04411270
v 0.02250000 0.01676763 0.01820678
v 0.02250000 -0.01313329 0.02160203
v 0.02250000 0.01887549 0.02026273
v 0.02250000 0.01554860 0.04415690
v 0.02250000 0.01679059 0.01812518
v 0.02250000 -0.01317567 0.02152862
v 0.02250000 0.01895649 0.02023774
v 0.02250000 0.01561863 0.04420464
v 0.02250000 0.01681758 0.01804483
v 0.02250000 -0.01322166 0.02145742
v 0.02250000 0.01903614 0.02020875
v 0.02250000 0.01568620 0.04425583
v 0.02250000 0.01684855 0.01796593
v 0.02250000 -0.01327114 0.02138859
v 0.02250000 0.01911425 0.02017583
v 0.02250000 0.01575113 0.04431031
v 0.02250000 0.01688341 0.01788866
v 0.02250000 -0.01332399 0.02132232
v 0.02250000 0.01919062 0.02013905
v 0.02250000 0.01581327 0.04436797
v 0.02250000 0.01692208 0.01781323
v 0.02250000 -0.01338008 0.02125877
v 0.02250000 0.01926506 0.02009851
v 0.02250000 0.01587245 0.04442865
v 0.02250000 0.01696447 0.01773983
v 0.02250000 -0.01343926 0.02119809
v 0.02250000 0.01933739 0.02005431
v 0.02250000 0.01592854 0.04449220
v 0.02250000 0.01701045 0.01766862
v 0.02250000 -0.01350140 0.02114043
v 0.02250000 0.01940742 0.02000656
v 0.02250000 0.01705994 0.01759980
v 0.02250000 -0.01356633 0.02108595
v 0.02250000 0.01711279 0.01753353
v 0.02250000 -0.01363390 0.02103477
v 0.02250000 0.01716887 0.01746997
v 0.02250000 -0.01370394 0.02098702
v 0.02250000 0.01722806 0.01740929
v 0.02250000 -0.01377627 0.02094282
v 0.02250000 0.01729019 0.01735164
v 0.02250000 -0.01385071 0.02090228
v 0.02250000 0.01735513 0.01729715
v 0.02250000 -0.01392708 0.02086550
v 0.02250000 0.01742270 0.01724597
v 0.02250000 -0.01400519 0.02083258
v 0.02250000 0.01749273 0.01719822
v 0.02250000 -0.01408484 0.02080358
v 0.02250000 0.01756506 0.01715402
v 0.02250000 -0.01416584 0.02077860
v 0.02250000 0.01763950 0.01711348
v 0.02250000 -0.01424798 0.02075768
v 0.02250000 0.01771587 0.01707671
v 0.02250000 -0.01433106 0.02074089
v 0.02250000 0.01779398 0.01704378
v 0.02250000 -0.01441488 0.02072825
v 0.02250000 0.04418673 0.02363203
v 0.02250000 0.04073494 0.04790149
v 0.02250000 0.04080938 0.04786095
v 0.02250000 0.04412755 0.02357135
v 0.02250000 0.04066261 0.04794569
v 0.02250000 0.04424887 0.02368969
v 0.02250000 0.04088575 0.04782417
v 0.02250000 0.04407146 0.02350780
v 0.02250000 0.04431380 0.02374417
v 0.02250000 0.04096386 0.04779125
v 0.02250000 0.04401861 0.02344153
v 0.02250000 0.01947499 0.01995538
v 0.02250000 0.04438137 0.02379536
v 0.02250000 0.04104351 0.04776226
v 0.02250000 0.04396913 0.02337270
v 0.02250000 0.01953993 0.01990089
v 0.02250000 0.04445140 0.02384310
v 0.02250000 0.04112451 0.04773727
v 0.02250000 0.04392314 0.02330150
v 0.02250000 0.01960206 0.01984324
v 0.02250000 0.04452373 0.02388730
v 0.02250000 0.04120665 0.04771636
v 0.02250000 0.04388076 0.02322809
v 0.02250000 0.01966125 0.01978256
v 0.02250000 0.04459818 0.02392784
v 0.02250000 0.04128974 0.04769956
v 0.02250000 0.04384209 0.02315266
v 0.02250000 0.01971734 0.01971901
v 0.02250000 0.04467455 0.02396462
v 0.02250000 0.04137355 0.04768693
v 0.02250000 0.04380722 0.02307540
v 0.02250000 0.01977019 0.01965273
v 0.02250000 0.04475265 0.02399755
v 0.02250000 0.04145790 0.04767849
v 0.02250000 0.04377626 0.02299649
v 0.02250000 0.01981967 0.01958391
v 0.02250000 0.04483231 0.02402654
v 0.02250000 0.04154256 0.04767426
v 0.02250000 0.04374926 0.02291614
v 0.02250000 0.01986566 0.01951271
v 0.02250000 0.04491330 0.02405152
v 0.02250000 0.04162732 0.04767426
v 0.02250000 0.04372630 0.02283455
v 0.02250000 0.01990804 0.01943930
v 0.02250000 0.04499545 0.02407244
v 0.02250000 0.04171198 0.04767849
v 0.02250000 0.04370744 0.02275191
v 0.02250000 0.01994671 0.01936387
v 0.02250000 0.04507853 0.02408923
v 0.02250000 0.04179632 0.04768693
v 0.02250000 0.04369272 0.02266843
v 0.02250000 0.01998157 0.01928661
v 0.02250000 0.04516235 0.02410187
v 0.02250000 0.04188014 0.04769956
v 0.02250000 0.04368218 0.02258433
v 0.02250000 0.02001254 0.01920770
v 0.02250000 0.04524669 0.02411031
v 0.02250000 0.04196322 0.04771636
v 0.02250000 0.04367585 0.02249980
v 0.02250000 0.02003953 0.01912735
v 0.02250000 0.04533135 0.02411453
v 0.02250000 0.04204537 0.04773727
v 0.02250000 0.04367373 0.02241506
v 0.02250000 0.02006249 0.01904575
v 0.02250000 0.04541612 0.02411453
v 0.02250000 0.04212637 0.04776226
v 0.02250000 0.04367585 0.02233032
v 0.02250000 0.02008135 0.01896311
v 0.02250000 0.04550077 0.02411031
v 0.02250000 0.04220602 0.04779125
v 0.02250000 0.04368218 0.02224580
v 0.02250000 0.02009607 0.01887964
v 0.02250000 0.04558512 0.02410187
v 0.02250000 0.04228413 0.04782417
v 0.02250000 0.04369272 0.02216169
v 0.02250000 0.02010661 0.01879553
v 0.02250000 0.04566894 0.02408923
v 0.02250000 0.04236050 0.04786095
v 0.02250000 0.04370744 0.02207821
v 0.02250000 0.02011295 0.01871100
v 0.02250000 0.04575202 0.02407244
v 0.02250000 0.04243494 0.04790149
v 0.02250000 0.04372630 0.02199557
v 0.02250000 0.02011506 0.01862627
v 0.02250000 0.04583416 0.02405152
v 0.02250000 0.04250727 0.04794569
v 0.02250000 0.04374926 0.02191398
v 0.02250000 0.02011295 0.01854153
v 0.02250000 0.04591516 0.02402654
v 0.02250000 0.04257730 0.04799344
v 0.02250000 0.04377626 0.02183363
v 0.02250000 0.02010661 0.01845700
v 0.02250000 0.04599481 0.02399755
v 0.02250000 0.04264487 0.04804462
v 0.02250000 0.04380722 0.02175472
v 0.02250000 0.02009607 0.01837289
v 0.02250000 0.04607292 0.02396462
v 0.02250000 0.04270981 0.04809911
v 0.02250000 0.04384209 0.02167746
v 0.02250000 0.02008135 0.01828942
v 0.02250000 0.04614929 0.02392784
v 0.02250000 0.04277194 0.04815676
v 0.02250000 0.04388076 0.02160203
v 0.02250000 0.02006249 0.01820678
v 0.02250000 0.04622373 0.02388730
v 0.02250000 0.04283113 0.04821744
v 0.02250000 0.04392314 0.02152862
v 0.02250000 0.02003953 0.01812518
v 0.02250000 0.04629606 0.02384310
v 0.02250000 0.04288721 0.04828099
v 0.02250000 0.04396913 0.02145742
v 0.02250000 0.02001254 0.01804483
v 0.02250000 0.04636610 0.02379536
v 0.02250000 0.04294006 0.04834727
v 0.02250000 0.04401861 0.02138859
v 0.02250000 0.01998157 0.01796593
v 0.02250000 0.04643367 0.02374417
v 0.02250000 0.04298955 0.04841609
v 0.02250000 0.04407146 0.02132232
v 0.02250000 0.01994671 0.01788866
v 0.02250000 0.04649860 0.02368969
v 0.02250000 0.04303553 0.04848729
v 0.02250000 0.04412755 0.02125877
v 0.02250000 0.01990804 0.01781323
v 0.02250000 0.04656074 0.02363203
v 0.02250000 0.04418673 0.02119809
v 0.02250000 0.01986566 0.01773983
v 0.02250000 0.04661992 0.02357135
v 0.02250000 0.04424887 0.02114043
v 0.02250000 0.01981967 0.01766862
v 0.02250000 0.04667601 0.02350780
v 0.02250000 0.04431380 0.02108595
v 0.02250000 0.01977019 0.01759980
v 0.02250000 0.04672886 0.02344153
v 0.02250000 0.04438137 0.02103477
v 0.02250000 0.01971734 0.01753353
v 0.02250000 0.04677834 0.02337270
v 0.02250000 0.04445140 0.02098702
v 0.02250000 0.01966125 0.01746997
v 0.02250000 0.04682433 0.02330150
v 0.02250000 0.04452373 0.02094282
v 0.02250000 0.01960206 0.01740929
v 0.02250000 0.04686671 0.02322809
v 0.02250000 0.04459818 0.02090228
v 0.02250000 0.01953993 0.01735164
v 0.02250000 0.04690538 0.02315266
v 0.02250000 0.04467455 0.02086550
v 0.02250000 0.01947499 0.01729715
v 0.02250000 0.04694024 0.02307540
v 0.02250000 0.04475265 0.02083258
v 0.02250000 0.01940742 0.01724597
v 0.02250000 0.04706529 0.02258433
v 0.02250000 0.04705475 0.02266843
v 0.02250000 0.04607292 0.02086550
v 0.02250000 0.04614929 0.02090228
v 0.02250000 0.04707162 0.02249980
v 0.02250000 0.04599481 0.02083258
v 0.02250000 0.04707373 0.02241506
v 0.02250000 0.04591516 0.02080358
v 0.02250000 0.04583416 0.02077860
v 0.02250000 0.04575202 0.02075768
v 0.02250000 0.04566894 0.02074089
v 0.02250000 0.04558512 0.02072825
v 0.02250000 0.04550077 0.02071981
v 0.02250000 0.04541612 0.02071559
v 0.02250000 0.04533135 0.02071559
v 0.02250000 0.04524669 0.02071981
v 0.02250000 0.04516235 0.02072825
v 0.02250000 0.04507853 0.02074089
v 0.02250000 0.04499545 0.02075768
v 0.02250000 0.04491330 0.02077860
v 0.02250000 0.04483231 0.02080358
v 0.02250000 0.01933739 0.01719822
v 0.02250000 0.01926506 0.01715402
v 0.02250000 0.01919062 0.01711348
v 0.02250000 0.01911425 0.01707671
v 0.02250000 0.01903614 0.01704378
v 0.02250000 0.01895649 0.01701479
v 0.02250000 0.01887549 0.01698981
v 0.02250000 0.04707162 0.02233032
v 0.02250000 0.01879335 0.01696889
v 0.02250000 0.04706529 0.02224580
v 0.02250000 0.01871026 0.01695209
v 0.02250000 0.04705475 0.02216169
v 0.02250000 0.01862645 0.01693946
v 0.02250000 0.04704003 0.02207821
v 0.02250000 0.04702116 0.02199557
v 0.02250000 0.04699821 0.02191398
v 0.02250000 0.04697121 0.02183363
v 0.02250000 0.04694024 0.02175472
v 0.02250000 0.04690538 0.02167746
v 0.02250000 0.04686671 0.02160203
v 0.02250000 0.04682433 0.02152862
v 0.02250000 0.04677834 0.02145742
v 0.02250000 0.04672886 0.02138859
v 0.02250000 0.04667601 0.02132232
v 0.02250000 0.04661992 0.02125877
v 0.02250000 0.04656074 0.02119809
v 0.02250000 0.04649860 0.02114043
v 0.02250000 0.04697121 0.02299649
v 0.02250000 0.04643367 0.02108595
v 0.02250000 0.04699821 0.02291614
v 0.02250000 0.04636610 0.02103477
v 0.02250000 0.04702116 0.02283455
v 0.02250000 0.04629606 0.02098702
v 0.02250000 0.04704003 0.02275191
v 0.02250000 0.04622373 0.02094282
v 0.02250000 0.01837268 0.01692679
v 0.02250000 0.01828802 0.01693102
v 0.02250000 0.01820368 0.01693946
v 0.02250000 0.01811986 0.01695209
v 0.02250000 0.01803678 0.01696889
v 0.02250000 0.01795463 0.01698981
v 0.02250000 0.01787363 0.01701479
v 0.02250000 -0.01458388 0.02071559
v 0.02250000 -0.01466865 0.02071559
v 0.02250000 0.01845744 0.01692679
v 0.02250000 0.01854210 0.01693102
v 0.02250000 -0.01449923 0.02071981
v 0.01850000 -0.05800000 0.06000000
v 0.01850000 0.05800000 0.06000000
v 0.01850000 -0.04661992 0.04674123
v 0.01850000 -0.04656074 0.04680191
v 0.01850000 -0.04649860 0.04685957
v 0.01850000 -0.04667601 0.04667768
v 0.01850000 -0.04643367 0.04691405
v 0.01850000 -0.04672886 0.04661141
v 0.01850000 -0.04636610 0.04696523
v 0.01850000 -0.04677834 0.04654258
v 0.01850000 -0.04629606 0.04701298
v 0.01850000 -0.04682433 0.04647138
v 0.01850000 -0.04622373 0.04705718
v 0.01850000 -0.04686671 0.04639797
v 0.01850000 -0.04614929 0.04709772
v 0.01850000 -0.04690538 0.04632254
v 0.01850000 -0.04607292 0.04713450
v 0.01850000 -0.04694024 0.04624528
v 0.01850000 -0.04599481 0.04716742
v 0.01850000 -0.04697121 0.04616637
v 0.01850000 -0.04591516 0.04719642
v 0.01850000 -0.04699821 0.04608602
v 0.01850000 -0.04583416 0.04722140
v 0.01850000 -0.04702116 0.04600443
v 0.01850000 -0.04575202 0.04724232
v 0.01850000 -0.04704003 0.04592179
v 0.01850000 -0.04566894 0.04725911
v 0.01850000 -0.04705475 0.04583831
v 0.01850000 -0.04558512 0.04727175
v 0.01850000 -0.04706529 0.04575420
v 0.01850000 -0.04550077 0.04728019
v 0.01850000 -0.04707162 0.04566968
v 0.01850000 -0.04541612 0.04728441
v 0.01850000 -0.04707373 0.04558494
v 0.01850000 -0.04533135 0.04728441
v 0.01850000 -0.04707162 0.04550020
v 0.01850000 -0.04524669 0.04728019
v 0.01850000 -0.04706529 0.04541567
v 0.01850000 -0.04516235 0.04727175
v 0.01850000 -0.04705475 0.04533157
v 0.01850000 -0.04507853 0.04725911
v 0.01850000 -0.04499545 0.04724232
v 0.01850000 -0.04491330 0.04722140
v 0.01850000 -0.04483231 0.04719642
v 0.01850000 -0.04475265 0.04716742
v 0.01850000 -0.04672886 0.04455847
v 0.01850000 -0.05800000 0.02400000
v 0.01850000 -0.04667601 0.04449220
v 0.01850000 -0.04677834 0.04462730
v 0.01850000 -0.04682433 0.04469850
v 0.01850000 -0.04686671 0.04477191
v 0.01850000 -0.04690538 0.04484734
v 0.01850000 -0.04694024 0.04492460
v 0.01850000 -0.04697121 0.04500350
v 0.01850000 -0.04699821 0.04508386
v 0.01850000 -0.04702116 0.04516545
v 0.01850000 -0.04704003 0.04524809
v 0.01850000 -0.05400000 0.02400000
v 0.01850000 -0.04541612 0.04388547
v 0.01850000 -0.04533135 0.04388547
v 0.01850000 -0.04550077 0.04388969
v 0.01850000 -0.04558512 0.04389813
v 0.01850000 -0.04566894 0.04391077
v 0.01850000 -0.04575202 0.04392756
v 0.01850000 -0.04583416 0.04394848
v 0.01850000 -0.04591516 0.04397346
v 0.01850000 -0.04599481 0.04400245
v 0.01850000 -0.04607292 0.04403538
v 0.01850000 -0.04614929 0.04407216
v 0.01850000 -0.04622373 0.04411270
v 0.01850000 -0.04629606 0.04415690
v 0.01850000 -0.04636610 0.04420464
v 0.01850000 -0.04643367 0.04425583
v 0.01850000 -0.04649860 0.04431031
v 0.01850000 -0.04656074 0.04436797
v 0.01850000 -0.04661992 0.04442865
v 0.01850000 -0.04452373 0.04705718
v 0.01850000 -0.01960206 0.05059071
v 0.01850000 -0.04459818 0.04709772
v 0.01850000 -0.04445140 0.04701298
v 0.01850000 -0.01966125 0.05053003
v 0.01850000 -0.01953993 0.05064836
v 0.01850000 -0.04467455 0.04713450
v 0.01850000 -0.04438137 0.04696523
v 0.01850000 -0.01971734 0.05046647
v 0.01850000 -0.01947499 0.05070285
v 0.01850000 -0.04431380 0.04691405
v 0.01850000 -0.01977019 0.05040020
v 0.01850000 -0.01940742 0.05075403
v 0.01850000 -0.04424887 0.04685957
v 0.01850000 -0.01981967 0.05033138
v 0.01850000 -0.01933739 0.05080178
v 0.01850000 -0.04418673 0.04680191
v 0.01850000 -0.01986566 0.05026017
v 0.01850000 -0.01926506 0.05084598
v 0.01850000 -0.04412755 0.04674123
v 0.01850000 -0.01990804 0.05018677
v 0.01850000 -0.01919062 0.05088652
v 0.01850000 -0.04407146 0.04667768
v 0.01850000 -0.01994671 0.05011134
v 0.01850000 -0.01911425 0.05092329
v 0.01850000 -0.04401861 0.04661141
v 0.01850000 -0.01998157 0.05003407
v 0.01850000 -0.01903614 0.05095622
v 0.01850000 -0.04396913 0.04654258
v 0.01850000 -0.02001254 0.04995517
v 0.01850000 -0.01895649 0.05098521
v 0.01850000 -0.02003953 0.04987482
v 0.01850000 -0.04392314 0.04647138
v 0.01850000 -0.01887549 0.05101019
v 0.01850000 -0.04388076 0.04639797
v 0.01850000 -0.02006249 0.04979322
v 0.01850000 -0.01879335 0.05103111
v 0.01850000 -0.04384209 0.04632254
v 0.01850000 -0.02008135 0.04971058
v 0.01850000 -0.01871026 0.05104791
v 0.01850000 -0.04380722 0.04624528
v 0.01850000 -0.02009607 0.04962711
v 0.01850000 -0.01862645 0.05106054
v 0.01850000 -0.02010661 0.04954300
v 0.01850000 -0.04377626 0.04616637
v 0.01850000 -0.01854210 0.05106898
v 0.01850000 -0.02011295 0.04945847
v 0.01850000 -0.04374926 0.04608602
v 0.01850000 -0.01845744 0.05107321
v 0.01850000 -0.04372630 0.04600443
v 0.01850000 -0.02011506 0.04937373
v 0.01850000 -0.01837268 0.05107321
v 0.01850000 -0.02011295 0.04928900
v 0.01850000 -0.04370744 0.04592179
v 0.01850000 -0.01828802 0.05106898
v 0.01850000 -0.02010661 0.04920447
v 0.01850000 -0.04369272 0.04583831
v 0.01850000 -0.01820368 0.05106054
v 0.01850000 -0.04368218 0.04575420
v 0.01850000 -0.02009607 0.04912036
v 0.01850000 -0.04367585 0.04566968
v 0.01850000 -0.02008135 0.04903689
v 0.01850000 -0.04367373 0.04558494
v 0.01850000 -0.02006249 0.04895425
v 0.01850000 -0.04367585 0.04550020
v 0.01850000 -0.02003953 0.04887265
v 0.01850000 -0.04368218 0.04541567
v 0.01850000 -0.02001254 0.04879230
v 0.01850000 -0.04369272 0.04533157
v 0.01850000 -0.01998157 0.04871339
v 0.01850000 -0.04370744 0.04524809
v 0.01850000 -0.01994671 0.04863613
v 0.01850000 -0.04372630 0.04516545
v 0.01850000 -0.01990804 0.04856070
v 0.01850000 -0.04374926 0.04508386
v 0.01850000 -0.01986566 0.04848729
v 0.01850000 -0.04377626 0.04500350
v 0.01850000 -0.01981967 0.04841609
v 0.01850000 -0.04380722 0.04492460
v 0.01850000 -0.01977019 0.04834727
v 0.01850000 -0.04384209 0.04484734
v 0.01850000 -0.01971734 0.04828099
v 0.01850000 -0.04388076 0.04477191
v 0.01850000 -0.01966125 0.04821744
v 0.01850000 -0.04392314 0.04469850
v 0.01850000 -0.01960206 0.04815676
v 0.01850000 -0.04396913 0.04462730
v 0.01850000 -0.01953993 0.04809911
v 0.01850000 -0.04401861 0.04455847
v 0.01850000 -0.01947499 0.04804462
v 0.01850000 -0.01940742 0.04799344
v 0.01850000 -0.04283113 0.01978256
v 0.01850000 -0.04277194 0.01984324
v 0.01850000 -0.04270981 0.01990089
v 0.01850000 -0.04288721 0.01971901
v 0.01850000 -0.04264487 0.01995538
v 0.01850000 -0.04294006 0.01965273
v 0.01850000 -0.04257730 0.02000656
v 0.01850000 -0.04298955 0.01958391
v 0.01850000 -0.04250727 0.02005431
v 0.01850000 -0.04303553 0.01951271
v 0.01850000 -0.04243494 0.02009851
v 0.01850000 -0.04307792 0.01943930
v 0.01850000 -0.04236050 0.02013905
v 0.01850000 -0.04311659 0.01936387
v 0.01850000 -0.04228413 0.02017583
v 0.01850000 -0.04315145 0.01928661
v 0.01850000 -0.04220602 0.02020875
v 0.01850000 -0.04318242 0.01920770
v 0.01850000 -0.04212637 0.02023774
v 0.01850000 -0.04320941 0.01912735
v 0.01850000 -0.04204537 0.02026273
v 0.01850000 -0.04323237 0.01904575
v 0.01850000 -0.04196322 0.02028364
v 0.01850000 -0.04524669 0.04388969
v 0.01850000 -0.04325123 0.01896311
v 0.01850000 -0.04188014 0.02030044
v 0.01850000 -0.04516235 0.04389813
v 0.01850000 -0.04326595 0.01887964
v 0.01850000 -0.04179632 0.02031307
v 0.01850000 -0.04507853 0.04391077
v 0.01850000 -0.04327649 0.01879553
v 0.01850000 -0.04171198 0.02032151
v 0.01850000 -0.04499545 0.04392756
v 0.01850000 -0.04328283 0.01871100
v 0.01850000 -0.04162732 0.02032574
v 0.01850000 -0.04491330 0.04394848
v 0.01850000 -0.04328494 0.01862627
v 0.01850000 -0.04154256 0.02032574
v 0.01850000 -0.04483231 0.04397346
v 0.01850000 -0.04328283 0.01854153
v 0.01850000 -0.04145790 0.02032151
v 0.01850000 -0.04475265 0.04400245
v 0.01850000 -0.04327649 0.01845700
v 0.01850000 -0.04137355 0.02031307
v 0.01850000 -0.04467455 0.04403538
v 0.01850000 -0.05400000 0.01000000
v 0.01850000 -0.04326595 0.01837289
v 0.01850000 -0.04128974 0.02030044
v 0.01850000 -0.04459818 0.04407216
v 0.01850000 -0.04325123 0.01828942
v 0.01850000 -0.04120665 0.02028364
v 0.01850000 -0.04452373 0.04411270
v 0.01850000 -0.04323237 0.01820678
v 0.01850000 -0.04112451 0.02026273
v 0.01850000 -0.04445140 0.04415690
v 0.01850000 -0.04320941 0.01812518
v 0.01850000 -0.04104351 0.02023774
v 0.01850000 -0.04438137 0.04420464
v 0.01850000 -0.04318242 0.01804483
v 0.01850000 -0.04096386 0.02020875
v 0.01850000 -0.04431380 0.04425583
v 0.01850000 -0.04315145 0.01796593
v 0.01850000 -0.04088575 0.02017583
v 0.01850000 -0.04424887 0.04431031
v 0.01850000 -0.04311659 0.01788866
v 0.01850000 -0.04080938 0.02013905
v 0.01850000 -0.04418673 0.04436797
v 0.01850000 -0.04307792 0.01781323
v 0.01850000 -0.04073494 0.02009851
v 0.01850000 -0.04412755 0.04442865
v 0.01850000 -0.04303553 0.01773983
v 0.01850000 -0.04066261 0.02005431
v 0.01850000 -0.04407146 0.04449220
v 0.01850000 -0.04298955 0.01766862
v 0.01850000 -0.04059257 0.02000656
v 0.01850000 -0.04294006 0.01759980
v 0.01850000 -0.04288721 0.01753353
v 0.01850000 -0.04283113 0.01746997
v 0.01850000 -0.04277194 0.01740929
v 0.01850000 -0.04270981 0.01735164
v 0.01850000 -0.04264487 0.01729715
v 0.01850000 -0.04257730 0.01724597
v 0.01850000 -0.04250727 0.01719822
v 0.01850000 -0.04243494 0.01715402
v 0.01850000 -0.04236050 0.01711348
v 0.01850000 -0.04228413 0.01707671
v 0.01850000 -0.04220602 0.01704378
v 0.01850000 -0.04212637 0.01701479
v 0.01850000 -0.04204537 0.01698981
v 0.01850000 -0.04196322 0.01696889
v 0.01850000 -0.04188014 0.01695209
v 0.01850000 -0.04179632 0.01693946
v 0.01850000 -0.04171198 0.01693102
v 0.01850000 -0.04162732 0.01692679
v 0.01850000 -0.04154256 0.01692679
v 0.01850000 -0.04145790 0.01693102
v 0.01850000 -0.04137355 0.01693946
v 0.01850000 -0.04128974 0.01695209
v 0.01850000 -0.04120665 0.01696889
v 0.01850000 -0.04112451 0.01698981
v 0.01850000 -0.04104351 0.01701479
v 0.01850000 -0.01926506 0.04790149
v 0.01850000 -0.01581327 0.02363203
v 0.01850000 -0.01919062 0.04786095
v 0.01850000 -0.01587245 0.02357135
v 0.01850000 -0.01933739 0.04794569
v 0.01850000 -0.01575113 0.02368969
v 0.01850000 -0.01911425 0.04782417
v 0.01850000 -0.01592854 0.02350780
v 0.01850000 -0.01568620 0.02374417
v 0.01850000 -0.01903614 0.04779125
v 0.01850000 -0.01598139 0.02344153
v 0.01850000 -0.04052501 0.01995538
v 0.01850000 -0.01561863 0.02379536
v 0.01850000 -0.01895649 0.04776226
v 0.01850000 -0.04046007 0.01990089
v 0.01850000 -0.01603087 0.02337270
v 0.01850000 -0.01554860 0.02384310
v 0.01850000 -0.01887549 0.04773727
v 0.01850000 -0.04039794 0.01984324
v 0.01850000 -0.01607686 0.02330150
v 0.01850000 -0.01547627 0.02388730
v 0.01850000 -0.01879335 0.04771636
v 0.01850000 -0.01611924 0.02322809
v 0.01850000 -0.04033875 0.01978256
v 0.01850000 -0.01540182 0.02392784
v 0.01850000 -0.01871026 0.04769956
v 0.01850000 -0.04028266 0.01971901
v 0.01850000 -0.01615791 0.02315266
v 0.01850000 -0.01532545 0.02396462
v 0.01850000 -0.01862645 0.04768693
v 0.01850000 -0.04022981 0.01965273
v 0.01850000 -0.01619278 0.02307540
v 0.01850000 -0.01524735 0.02399755
v 0.01850000 -0.01854210 0.04767849
v 0.01850000 -0.04018033 0.01958391
v 0.01850000 -0.01622374 0.02299649
v 0.01850000 -0.01516769 0.02402654
v 0.01850000 -0.01845744 0.04767426
v 0.01850000 -0.04013434 0.01951271
v 0.01850000 -0.01625074 0.02291614
v 0.01850000 -0.01508670 0.02405152
v 0.01850000 -0.01837268 0.04767426
v 0.01850000 -0.04009196 0.01943930
v 0.01850000 -0.01627370 0.02283455
v 0.01850000 -0.01500455 0.02407244
v 0.01850000 -0.01828802 0.04767849
v 0.01850000 -0.04005329 0.01936387
v 0.01850000 -0.01629256 0.02275191
v 0.01850000 -0.01492147 0.02408923
v 0.01850000 -0.01820368 0.04768693
v 0.01850000 -0.04001843 0.01928661
v 0.01850000 -0.01630728 0.02266843
v 0.01850000 -0.01483765 0.02410187
v 0.01850000 -0.01811986 0.04769956
v 0.01850000 -0.03998746 0.01920770
v 0.01850000 -0.01631782 0.02258433
v 0.01850000 -0.01475331 0.02411031
v 0.01850000 -0.01803678 0.04771636
v 0.01850000 -0.03996047 0.01912735
v 0.01850000 -0.01632415 0.02249980
v 0.01850000 -0.01466865 0.02411453
v 0.01850000 -0.01795463 0.04773727
v 0.01850000 -0.01632627 0.02241506
v 0.01850000 -0.03993751 0.01904575
v 0.01850000 -0.01458388 0.02411453
v 0.01850000 -0.01787363 0.04776226
v 0.01850000 -0.03991865 0.01896311
v 0.01850000 -0.01632415 0.02233032
v 0.01850000 -0.01449923 0.02411031
v 0.01850000 -0.01779398 0.04779125
v 0.01850000 -0.03990393 0.01887964
v 0.01850000 -0.01631782 0.02224580
v 0.01850000 -0.01441488 0.02410187
v 0.01850000 -0.01771587 0.04782417
v 0.01850000 -0.01630728 0.02216169
v 0.01850000 -0.03989339 0.01879553
v 0.01850000 -0.01433106 0.02408923
v 0.01850000 -0.01763950 0.04786095
v 0.01850000 -0.01629256 0.02207821
v 0.01850000 -0.03988705 0.01871100
v 0.01850000 -0.01424798 0.02407244
v 0.01850000 -0.01756506 0.04790149
v 0.01850000 -0.03988494 0.01862627
v 0.01850000 -0.01627370 0.02199557
v 0.01850000 -0.01416584 0.02405152
v 0.01850000 -0.01749273 0.04794569
v 0.01850000 -0.03988705 0.01854153
v 0.01850000 -0.01625074 0.02191398
v 0.01850000 -0.01408484 0.02402654
v 0.01850000 -0.01742270 0.04799344
v 0.01850000 -0.03989339 0.01845700
v 0.01850000 -0.01622374 0.02183363
v 0.01850000 -0.01400519 0.02399755
v 0.01850000 -0.01735513 0.04804462
v 0.01850000 -0.03990393 0.01837289
v 0.01850000 -0.01619278 0.02175472
v 0.01850000 -0.01392708 0.02396462
v 0.01850000 -0.01729019 0.04809911
v 0.01850000 -0.03991865 0.01828942
v 0.01850000 -0.01615791 0.02167746
v 0.01850000 -0.03993751 0.01820678
v 0.01850000 -0.01611924 0.02160203
v 0.01850000 -0.01607686 0.02152862
v 0.01850000 -0.03996047 0.01812518
v 0.01850000 -0.03998746 0.01804483
v 0.01850000 -0.01603087 0.02145742
v 0.01850000 -0.04001843 0.01796593
v 0.01850000 -0.01598139 0.02138859
v 0.01850000 -0.04005329 0.01788866
v 0.01850000 -0.01592854 0.02132232
v 0.01850000 -0.04009196 0.01781323
v 0.01850000 -0.01587245 0.02125877
v 0.01850000 -0.04013434 0.01773983
v 0.01850000 -0.01581327 0.02119809
v 0.01850000 -0.04018033 0.01766862
v 0.01850000 -0.01575113 0.02114043
v 0.01850000 -0.01568620 0.02108595
v 0.01850000 -0.04022981 0.01759980
v 0.01850000 -0.01561863 0.02103477
v 0.01850000 -0.04028266 0.01753353
v 0.01850000 -0.04033875 0.01746997
v 0.01850000 -0.01554860 0.02098702
v 0.01850000 -0.04039794 0.01740929
v 0.01850000 -0.01547627 0.02094282
v 0.01850000 -0.01540182 0.02090228
v 0.01850000 -0.04046007 0.01735164
v 0.01850000 -0.04052501 0.01729715
v 0.01850000 -0.01532545 0.02086550
v 0.01850000 -0.04059257 0.01724597
v 0.01850000 -0.01524735 0.02083258
v 0.01850000 -0.01696447 0.05026017
v 0.01850000 0.01343926 0.04680191
v 0.01850000 -0.01701045 0.05033138
v 0.01850000 0.01338008 0.04674123
v 0.01850000 -0.01692208 0.05018677
v 0.01850000 0.01350140 0.04685957
v 0.01850000 -0.01705994 0.05040020
v 0.01850000 0.01332399 0.04667768
v 0.01850000 -0.01688341 0.05011134
v 0.01850000 0.01356633 0.04691405
v 0.01850000 -0.01711279 0.05046647
v 0.01850000 -0.01684855 0.05003407
v 0.01850000 0.01327114 0.04661141
v 0.01850000 0.01363390 0.04696523
v 0.01850000 -0.01716887 0.05053003
v 0.01850000 0.01322166 0.04654258
v 0.01850000 -0.01681758 0.04995517
v 0.01850000 0.01370394 0.04701298
v 0.01850000 -0.01722806 0.05059071
v 0.01850000 -0.01679059 0.04987482
v 0.01850000 0.01317567 0.04647138
v 0.01850000 0.01377627 0.04705718
v 0.01850000 -0.01729019 0.05064836
v 0.01850000 -0.01676763 0.04979322
v 0.01850000 0.01313329 0.04639797
v 0.01850000 0.01385071 0.04709772
v 0.01850000 -0.01735513 0.05070285
v 0.01850000 0.01309462 0.04632254
v 0.01850000 -0.01674877 0.04971058
v 0.01850000 0.01392708 0.04713450
v 0.01850000 -0.01742270 0.05075403
v 0.01850000 0.01305976 0.04624528
v 0.01850000 -0.01673405 0.04962711
v 0.01850000 0.01400519 0.04716742
v 0.01850000 -0.01749273 0.05080178
v 0.01850000 0.01302879 0.04616637
v 0.01850000 -0.01672351 0.04954300
v 0.01850000 0.01408484 0.04719642
v 0.01850000 -0.01756506 0.05084598
v 0.01850000 0.01300179 0.04608602
v 0.01850000 -0.01671717 0.04945847
v 0.01850000 0.01416584 0.04722140
v 0.01850000 -0.01763950 0.05088652
v 0.01850000 0.01297883 0.04600443
v 0.01850000 -0.01671506 0.04937373
v 0.01850000 0.01424798 0.04724232
v 0.01850000 -0.01771587 0.05092329
v 0.01850000 -0.01671717 0.04928900
v 0.01850000 0.01295997 0.04592179
v 0.01850000 0.01433106 0.04725911
v 0.01850000 -0.01779398 0.05095622
v 0.01850000 -0.01672351 0.04920447
v 0.01850000 0.01294525 0.04583831
v 0.01850000 0.01441488 0.04727175
v 0.01850000 -0.01787363 0.05098521
v 0.01850000 -0.01673405 0.04912036
v 0.01850000 0.01293471 0.04575420
v 0.01850000 0.01449923 0.04728019
v 0.01850000 -0.01795463 0.05101019
v 0.01850000 -0.01674877 0.04903689
v 0.01850000 0.01292838 0.04566968
v 0.01850000 0.01292627 0.04558494
v 0.01850000 -0.01676763 0.04895425
v 0.01850000 -0.01679059 0.04887265
v 0.01850000 0.01292838 0.04550020
v 0.01850000 0.01293471 0.04541567
v 0.01850000 -0.01681758 0.04879230
v 0.01850000 0.01294525 0.04533157
v 0.01850000 -0.01684855 0.04871339
v 0.01850000 -0.01688341 0.04863613
v 0.01850000 0.01295997 0.04524809
v 0.01850000 -0.01692208 0.04856070
v 0.01850000 0.01297883 0.04516545
v 0.01850000 0.01300179 0.04508386
v 0.01850000 0.01305976 0.04492460
v 0.01850000 -0.00200000 0.02400000
v 0.01850000 0.01309462 0.04484734
v 0.01850000 0.01302879 0.04500350
v 0.01850000 -0.01292838 0.02233032
v 0.01850000 -0.01292627 0.02241506
v 0.01850000 -0.01293471 0.02224580
v 0.01850000 -0.01385071 0.02392784
v 0.01850000 -0.01294525 0.02216169
v 0.01850000 -0.01377627 0.02388730
v 0.01850000 -0.01295997 0.02207821
v 0.01850000 -0.01370394 0.02384310
v 0.01850000 -0.01297883 0.02199557
v 0.01850000 -0.01363390 0.02379536
v 0.01850000 -0.01300179 0.02191398
v 0.01850000 -0.01356633 0.02374417
v 0.01850000 -0.01302879 0.02183363
v 0.01850000 -0.01350140 0.02368969
v 0.01850000 -0.01305976 0.02175472
v 0.01850000 -0.01343926 0.02363203
v 0.01850000 -0.01309462 0.02167746
v 0.01850000 -0.01338008 0.02357135
v 0.01850000 -0.01313329 0.02160203
v 0.01850000 -0.01332399 0.02350780
v 0.01850000 -0.01317567 0.02152862
v 0.01850000 -0.01696447 0.04848729
v 0.01850000 -0.01327114 0.02344153
v 0.01850000 -0.01322166 0.02145742
v 0.01850000 -0.01701045 0.04841609
v 0.01850000 -0.01322166 0.02337270
v 0.01850000 -0.01705994 0.04834727
v 0.01850000 -0.01317567 0.02330150
v 0.01850000 -0.01711279 0.04828099
v 0.01850000 -0.01313329 0.02322809
v 0.01850000 -0.01716887 0.04821744
v 0.01850000 -0.01309462 0.02315266
v 0.01850000 -0.01722806 0.04815676
v 0.01850000 -0.01305976 0.02307540
v 0.01850000 -0.01302879 0.02299649
v 0.01850000 -0.01300179 0.02291614
v 0.01850000 -0.01297883 0.02283455
v 0.01850000 -0.01295997 0.02275191
v 0.01850000 -0.01294525 0.02266843
v 0.01850000 -0.01293471 0.02258433
v 0.01850000 -0.01292838 0.02249980
v 0.01850000 0.01400519 0.04400245
v 0.01850000 0.00200000 0.02400000
v 0.01850000 0.01408484 0.04397346
v 0.01850000 0.01392708 0.04403538
v 0.01850000 0.01385071 0.04407216
v 0.01850000 0.01377627 0.04411270
v 0.01850000 0.01370394 0.04415690
v 0.01850000 0.01363390 0.04420464
v 0.01850000 0.01356633 0.04425583
v 0.01850000 0.01350140 0.04431031
v 0.01850000 0.01343926 0.04436797
v 0.01850000 0.01338008 0.04442865
v 0.01850000 0.01332399 0.04449220
v 0.01850000 0.01327114 0.04455847
v 0.01850000 0.01322166 0.04462730
v 0.01850000 0.01317567 0.04469850
v 0.01850000 0.01313329 0.04477191
v 0.01850000 0.01424798 0.04392756
v 0.01850000 0.01433106 0.04391077
v 0.01850000 0.01416584 0.04394848
v 0.01850000 -0.00200000 0.01000000
v 0.01850000 -0.04066261 0.01719822
v 0.01850000 -0.04073494 0.01715402
v 0.01850000 -0.04080938 0.01711348
v 0.01850000 -0.04088575 0.01707671
v 0.01850000 -0.04096386 0.01704378
v 0.01850000 -0.01327114 0.02138859
v 0.01850000 -0.01332399 0.02132232
v 0.01850000 -0.01338008 0.02125877
v 0.01850000 -0.01343926 0.02119809
v 0.01850000 -0.01350140 0.02114043
v 0.01850000 -0.01356633 0.02108595
v 0.01850000 -0.01363390 0.02103477
v 0.01850000 -0.01370394 0.02098702
v 0.01850000 -0.01377627 0.02094282
v 0.01850000 -0.01385071 0.02090228
v 0.01850000 -0.01392708 0.02086550
v 0.01850000 -0.01400519 0.02083258
v 0.01850000 -0.01408484 0.02080358
v 0.01850000 -0.01416584 0.02077860
v 0.01850000 -0.01424798 0.02075768
v 0.01850000 -0.01433106 0.02074089
v 0.01850000 -0.01441488 0.02072825
v 0.01850000 -0.01449923 0.02071981
v 0.01850000 -0.01458388 0.02071559
v 0.01850000 -0.01466865 0.02071559
v 0.01850000 -0.01475331 0.02071981
v 0.01850000 -0.01483765 0.02072825
v 0.01850000 -0.01492147 0.02074089
v 0.01850000 -0.01500455 0.02075768
v 0.01850000 -0.01508670 0.02077860
v 0.01850000 -0.01516769 0.02080358
v 0.01850000 0.01547627 0.04705718
v 0.01850000 0.04039794 0.05059071
v 0.01850000 0.01540182 0.04709772
v 0.01850000 0.01554860 0.04701298
v 0.01850000 0.04033875 0.05053003
v 0.01850000 0.04046007 0.05064836
v 0.01850000 0.01532545 0.04713450
v 0.01850000 0.01561863 0.04696523
v 0.01850000 0.04028266 0.05046647
v 0.01850000 0.04052501 0.05070285
v 0.01850000 0.01524735 0.04716742
v 0.01850000 0.01568620 0.04691405
v 0.01850000 0.04022981 0.05040020
v 0.01850000 0.04059257 0.05075403
v 0.01850000 0.01516769 0.04719642
v 0.01850000 0.01575113 0.04685957
v 0.01850000 0.04018033 0.05033138
v 0.01850000 0.04066261 0.05080178
v 0.01850000 0.01508670 0.04722140
v 0.01850000 0.01581327 0.04680191
v 0.01850000 0.04013434 0.05026017
v 0.01850000 0.04073494 0.05084598
v 0.01850000 0.01500455 0.04724232
v 0.01850000 0.04009196 0.05018677
v 0.01850000 0.01587245 0.04674123
v 0.01850000 0.04080938 0.05088652
v 0.01850000 0.01492147 0.04725911
v 0.01850000 0.01592854 0.04667768
v 0.01850000 0.04005329 0.05011134
v 0.01850000 0.04088575 0.05092329
v 0.01850000 0.01483765 0.04727175
v 0.01850000 0.04001843 0.05003407
v 0.01850000 0.01598139 0.04661141
v 0.01850000 0.04096386 0.05095622
v 0.01850000 0.01475331 0.04728019
v 0.01850000 0.01603087 0.04654258
v 0.01850000 0.03998746 0.04995517
v 0.01850000 0.04104351 0.05098521
v 0.01850000 0.01607686 0.04647138
v 0.01850000 0.03996047 0.04987482
v 0.01850000 0.01611924 0.04639797
v 0.01850000 0.03993751 0.04979322
v 0.01850000 0.03991865 0.04971058
v 0.01850000 0.01615791 0.04632254
v 0.01850000 0.01619278 0.04624528
v 0.01850000 0.03990393 0.04962711
v 0.01850000 0.03989339 0.04954300
v 0.01850000 0.01622374 0.04616637
v 0.01850000 0.03988705 0.04945847
v 0.01850000 0.01625074 0.04608602
v 0.01850000 0.01627370 0.04600443
v 0.01850000 0.03988494 0.04937373
v 0.01850000 0.03988705 0.04928900
v 0.01850000 0.01629256 0.04592179
v 0.01850000 0.01630728 0.04583831
v 0.01850000 0.03989339 0.04920447
v 0.01850000 0.03990393 0.04912036
v 0.01850000 0.01631782 0.04575420
v 0.01850000 0.03991865 0.04903689
v 0.01850000 0.01632415 0.04566968
v 0.01850000 0.03993751 0.04895425
v 0.01850000 0.01632627 0.04558494
v 0.01850000 0.03996047 0.04887265
v 0.01850000 0.01632415 0.04550020
v 0.01850000 0.03998746 0.04879230
v 0.01850000 0.01631782 0.04541567
v 0.01850000 0.04001843 0.04871339
v 0.01850000 0.01630728 0.04533157
v 0.01850000 0.04005329 0.04863613
v 0.01850000 0.01629256 0.04524809
v 0.01850000 0.01627370 0.04516545
v 0.01850000 0.04009196 0.04856070
v 0.01850000 0.01625074 0.04508386
v 0.01850000 0.04013434 0.04848729
v 0.01850000 0.01622374 0.04500350
v 0.01850000 0.04018033 0.04841609
v 0.01850000 0.01619278 0.04492460
v 0.01850000 0.04022981 0.04834727
v 0.01850000 0.01615791 0.04484734
v 0.01850000 0.04028266 0.04828099
v 0.01850000 0.04033875 0.04821744
v 0.01850000 0.01611924 0.04477191
v 0.01850000 0.04039794 0.04815676
v 0.01850000 0.01607686 0.04469850
v 0.01850000 0.01603087 0.04462730
v 0.01850000 0.04046007 0.04809911
v 0.01850000 0.01598139 0.04455847
v 0.01850000 0.04052501 0.04804462
v 0.01850000 0.04059257 0.04799344
v 0.01850000 0.01716887 0.01978256
v 0.01850000 0.01722806 0.01984324
v 0.01850000 0.01729019 0.01990089
v 0.01850000 0.01711279 0.01971901
v 0.01850000 0.01735513 0.01995538
v 0.01850000 0.01705994 0.01965273
v 0.01850000 0.01742270 0.02000656
v 0.01850000 0.01701045 0.01958391
v 0.01850000 0.01749273 0.02005431
v 0.01850000 0.01696447 0.01951271
v 0.01850000 0.01756506 0.02009851
v 0.01850000 0.01692208 0.01943930
v 0.01850000 0.01763950 0.02013905
v 0.01850000 0.01688341 0.01936387
v 0.01850000 0.01771587 0.02017583
v 0.01850000 0.01441488 0.04389813
v 0.01850000 0.01684855 0.01928661
v 0.01850000 0.01779398 0.02020875
v 0.01850000 0.01449923 0.04388969
v 0.01850000 0.01681758 0.01920770
v 0.01850000 0.01787363 0.02023774
v 0.01850000 0.01458388 0.04388547
v 0.01850000 0.01679059 0.01912735
v 0.01850000 0.01795463 0.02026273
v 0.01850000 0.01466865 0.04388547
v 0.01850000 0.01676763 0.01904575
v 0.01850000 0.01803678 0.02028364
v 0.01850000 0.01475331 0.04388969
v 0.01850000 0.01674877 0.01896311
v 0.01850000 0.01811986 0.02030044
v 0.01850000 0.01483765 0.04389813
v 0.01850000 0.01673405 0.01887964
v 0.01850000 0.01820368 0.02031307
v 0.01850000 0.01492147 0.04391077
v 0.01850000 0.01672351 0.01879553
v 0.01850000 0.01828802 0.02032151
v 0.01850000 0.01500455 0.04392756
v 0.01850000 0.04303553 0.05026017
v 0.01850000 0.04298955 0.05033138
v 0.01850000 0.04307792 0.05018677
v 0.01850000 0.04311659 0.05011134
v 0.01850000 0.04315145 0.05003407
v 0.01850000 0.04318242 0.04995517
v 0.01850000 0.04320941 0.04987482
v 0.01850000 0.04323237 0.04979322
v 0.01850000 0.04325123 0.04971058
v 0.01850000 0.04326595 0.04962711
v 0.01850000 0.04327649 0.04954300
v 0.01850000 0.04328283 0.04945847
v 0.01850000 0.04328494 0.04937373
v 0.01850000 -0.01811986 0.05104791
v 0.01850000 -0.01803678 0.05103111
v 0.01850000 0.01458388 0.04728441
v 0.01850000 0.01466865 0.04728441
v 0.01850000 0.04112451 0.05101019
v 0.01850000 0.04120665 0.05103111
v 0.01850000 0.04128974 0.05104791
v 0.01850000 0.04137355 0.05106054
v 0.01850000 0.04145790 0.05106898
v 0.01850000 0.04154256 0.05107321
v 0.01850000 0.04162732 0.05107321
v 0.01850000 0.04171198 0.05106898
v 0.01850000 0.04179632 0.05106054
v 0.01850000 0.04188014 0.05104791
v 0.01850000 0.04196322 0.05103111
v 0.01850000 0.04204537 0.05101019
v 0.01850000 0.04212637 0.05098521
v 0.01850000 0.04328283 0.04928900
v 0.01850000 0.04220602 0.05095622
v 0.01850000 0.04327649 0.04920447
v 0.01850000 0.04228413 0.05092329
v 0.01850000 0.04326595 0.04912036
v 0.01850000 0.04236050 0.05088652
v 0.01850000 0.04325123 0.04903689
v 0.01850000 0.04243494 0.05084598
v 0.01850000 0.04323237 0.04895425
v 0.01850000 0.04250727 0.05080178
v 0.01850000 0.04320941 0.04887265
v 0.01850000 0.04257730 0.05075403
v 0.01850000 0.04318242 0.04879230
v 0.01850000 0.04264487 0.05070285
v 0.01850000 0.04315145 0.04871339
v 0.01850000 0.04270981 0.05064836
v 0.01850000 0.04277194 0.05059071
v 0.01850000 0.04283113 0.05053003
v 0.01850000 0.04288721 0.05046647
v 0.01850000 0.04294006 0.05040020
v 0.01850000 0.01671717 0.01871100
v 0.01850000 0.01837268 0.02032574
v 0.01850000 0.01508670 0.04394848
v 0.01850000 0.01671506 0.01862627
v 0.01850000 0.01845744 0.02032574
v 0.01850000 0.01516769 0.04397346
v 0.01850000 0.01671717 0.01854153
v 0.01850000 0.01854210 0.02032151
v 0.01850000 0.01524735 0.04400245
v 0.01850000 0.01672351 0.01845700
v 0.01850000 0.01862645 0.02031307
v 0.01850000 0.01532545 0.04403538
v 0.01850000 0.00200000 0.01000000
v 0.01850000 0.01673405 0.01837289
v 0.01850000 0.01871026 0.02030044
v 0.01850000 0.01540182 0.04407216
v 0.01850000 0.01674877 0.01828942
v 0.01850000 0.01879335 0.02028364
v 0.01850000 0.01547627 0.04411270
v 0.01850000 0.01676763 0.01820678
v 0.01850000 0.01887549 0.02026273
v 0.01850000 0.01554860 0.04415690
v 0.01850000 0.01679059 0.01812518
v 0.01850000 0.01895649 0.02023774
v 0.01850000 0.01561863 0.04420464
v 0.01850000 0.01681758 0.01804483
v 0.01850000 0.01903614 0.02020875
v 0.01850000 0.01568620 0.04425583
v 0.01850000 0.01684855 0.01796593
v 0.01850000 0.01911425 0.02017583
v 0.01850000 0.01575113 0.04431031
v 0.01850000 0.01688341 0.01788866
v 0.01850000 0.01919062 0.02013905
v 0.01850000 0.01581327 0.04436797
v 0.01850000 0.01692208 0.01781323
v 0.01850000 0.01926506 0.02009851
v 0.01850000 0.01587245 0.04442865
v 0.01850000 0.01696447 0.01773983
v 0.01850000 0.01933739 0.02005431
v 0.01850000 0.01592854 0.04449220
v 0.01850000 0.01701045 0.01766862
v 0.01850000 0.01940742 0.02000656
v 0.01850000 0.01705994 0.01759980
v 0.01850000 0.01711279 0.01753353
v 0.01850000 0.01716887 0.01746997
v 0.01850000 0.01722806 0.01740929
v 0.01850000 0.01729019 0.01735164
v 0.01850000 0.01735513 0.01729715
v 0.01850000 0.01742270 0.01724597
v 0.01850000 0.01749273 0.01719822
v 0.01850000 0.01756506 0.01715402
v 0.01850000 0.01763950 0.01711348
v 0.01850000 0.01771587 0.01707671
v 0.01850000 0.01779398 0.01704378
v 0.01850000 0.01787363 0.01701479
v 0.01850000 0.01795463 0.01698981
v 0.01850000 0.01803678 0.01696889
v 0.01850000 0.01811986 0.01695209
v 0.01850000 0.01820368 0.01693946
v 0.01850000 0.01828802 0.01693102
v 0.01850000 0.01837268 0.01692679
v 0.01850000 0.01845744 0.01692679
v 0.01850000 0.01854210 0.01693102
v 0.01850000 0.01862645 0.01693946
v 0.01850000 0.01871026 0.01695209
v 0.01850000 0.04073494 0.04790149
v 0.01850000 0.04418673 0.02363203
v 0.01850000 0.04080938 0.04786095
v 0.01850000 0.04066261 0.04794569
v 0.01850000 0.04412755 0.02357135
v 0.01850000 0.04424887 0.02368969
v 0.01850000 0.04088575 0.04782417
v 0.01850000 0.04407146 0.02350780
v 0.01850000 0.04431380 0.02374417
v 0.01850000 0.04096386 0.04779125
v 0.01850000 0.04401861 0.02344153
v 0.01850000 0.01947499 0.01995538
v 0.01850000 0.04438137 0.02379536
v 0.01850000 0.04104351 0.04776226
v 0.01850000 0.04396913 0.02337270
v 0.01850000 0.01953993 0.01990089
v 0.01850000 0.04445140 0.02384310
v 0.01850000 0.04112451 0.04773727
v 0.01850000 0.04392314 0.02330150
v 0.01850000 0.01960206 0.01984324
v 0.01850000 0.04452373 0.02388730
v 0.01850000 0.04120665 0.04771636
v 0.01850000 0.01966125 0.01978256
v 0.01850000 0.04388076 0.02322809
v 0.01850000 0.04459818 0.02392784
v 0.01850000 0.04128974 0.04769956
v 0.01850000 0.04384209 0.02315266
v 0.01850000 0.01971734 0.01971901
v 0.01850000 0.04467455 0.02396462
v 0.01850000 0.04137355 0.04768693
v 0.01850000 0.04380722 0.02307540
v 0.01850000 0.01977019 0.01965273
v 0.01850000 0.04475265 0.02399755
v 0.01850000 0.04145790 0.04767849
v 0.01850000 0.04377626 0.02299649
v 0.01850000 0.01981967 0.01958391
v 0.01850000 0.04483231 0.02402654
v 0.01850000 0.04154256 0.04767426
v 0.01850000 0.01986566 0.01951271
v 0.01850000 0.04374926 0.02291614
v 0.01850000 0.04491330 0.02405152
v 0.01850000 0.04162732 0.04767426
v 0.01850000 0.04372630 0.02283455
v 0.01850000 0.01990804 0.01943930
v 0.01850000 0.04499545 0.02407244
v 0.01850000 0.04171198 0.04767849
v 0.01850000 0.04370744 0.02275191
v 0.01850000 0.01994671 0.01936387
v 0.01850000 0.04507853 0.02408923
v 0.01850000 0.04179632 0.04768693
v 0.01850000 0.04369272 0.02266843
v 0.01850000 0.01998157 0.01928661
v 0.01850000 0.04516235 0.02410187
v 0.01850000 0.04188014 0.04769956
v 0.01850000 0.04368218 0.02258433
v 0.01850000 0.02001254 0.01920770
v 0.01850000 0.04524669 0.02411031
v 0.01850000 0.04196322 0.04771636
v 0.01850000 0.02003953 0.01912735
v 0.01850000 0.04367585 0.02249980
v 0.01850000 0.04533135 0.02411453
v 0.01850000 0.04204537 0.04773727
v 0.01850000 0.04367373 0.02241506
v 0.01850000 0.02006249 0.01904575
v 0.01850000 0.04541612 0.02411453
v 0.01850000 0.04212637 0.04776226
v 0.01850000 0.04367585 0.02233032
v 0.01850000 0.02008135 0.01896311
v 0.01850000 0.04550077 0.02411031
v 0.01850000 0.04220602 0.04779125
v 0.01850000 0.04368218 0.02224580
v 0.01850000 0.02009607 0.01887964
v 0.01850000 0.04558512 0.02410187
v 0.01850000 0.04228413 0.04782417
v 0.01850000 0.04369272 0.02216169
v 0.01850000 0.02010661 0.01879553
v 0.01850000 0.04566894 0.02408923
v 0.01850000 0.04236050 0.04786095
v 0.01850000 0.04370744 0.02207821
v 0.01850000 0.02011295 0.01871100
v 0.01850000 0.04575202 0.02407244
v 0.01850000 0.04243494 0.04790149
v 0.01850000 0.04372630 0.02199557
v 0.01850000 0.02011506 0.01862627
v 0.01850000 0.04583416 0.02405152
v 0.01850000 0.04250727 0.04794569
v 0.01850000 0.04374926 0.02191398
v 0.01850000 0.02011295 0.01854153
v 0.01850000 0.04591516 0.02402654
v 0.01850000 0.04377626 0.02183363
v 0.01850000 0.02010661 0.01845700
v 0.01850000 0.04380722 0.02175472
v 0.01850000 0.02009607 0.01837289
v 0.01850000 0.04384209 0.02167746
v 0.01850000 0.02008135 0.01828942
v 0.01850000 0.02006249 0.01820678
v 0.01850000 0.04388076 0.02160203
v 0.01850000 0.02003953 0.01812518
v 0.01850000 0.04392314 0.02152862
v 0.01850000 0.02001254 0.01804483
v 0.01850000 0.04396913 0.02145742
v 0.01850000 0.01998157 0.01796593
v 0.01850000 0.04401861 0.02138859
v 0.01850000 0.04407146 0.02132232
v 0.01850000 0.01994671 0.01788866
v 0.01850000 0.04412755 0.02125877
v 0.01850000 0.01990804 0.01781323
v 0.01850000 0.01986566 0.01773983
v 0.01850000 0.04418673 0.02119809
v 0.01850000 0.04424887 0.02114043
v 0.01850000 0.01981967 0.01766862
v 0.01850000 0.04431380 0.02108595
v 0.01850000 0.01977019 0.01759980
v 0.01850000 0.01971734 0.01753353
v 0.01850000 0.04438137 0.02103477
v 0.01850000 0.04445140 0.02098702
v 0.01850000 0.01966125 0.01746997
v 0.01850000 0.04452373 0.02094282
v 0.01850000 0.01960206 0.01740929
v 0.01850000 0.04288721 0.04828099
v 0.01850000 0.05400000 0.02400000
v 0.01850000 0.04294006 0.04834727
v 0.01850000 0.04686671 0.02322809
v 0.01850000 0.04682433 0.02330150
v 0.01850000 0.04283113 0.04821744
v 0.01850000 0.04690538 0.02315266
v 0.01850000 0.04277194 0.04815676
v 0.01850000 0.04694024 0.02307540
v 0.01850000 0.04270981 0.04809911
v 0.01850000 0.04697121 0.02299649
v 0.01850000 0.04264487 0.04804462
v 0.01850000 0.04699821 0.02291614
v 0.01850000 0.04257730 0.04799344
v 0.01850000 0.04702116 0.02283455
v 0.01850000 0.04704003 0.02275191
v 0.01850000 0.04705475 0.02266843
v 0.01850000 0.04706529 0.02258433
v 0.01850000 0.04707162 0.02249980
v 0.01850000 0.04707373 0.02241506
v 0.01850000 0.04599481 0.02399755
v 0.01850000 0.04707162 0.02233032
v 0.01850000 0.04607292 0.02396462
v 0.01850000 0.04706529 0.02224580
v 0.01850000 0.04614929 0.02392784
v 0.01850000 0.04705475 0.02216169
v 0.01850000 0.04622373 0.02388730
v 0.01850000 0.04704003 0.02207821
v 0.01850000 0.04629606 0.02384310
v 0.01850000 0.04702116 0.02199557
v 0.01850000 0.04636610 0.02379536
v 0.01850000 0.04699821 0.02191398
v 0.01850000 0.04643367 0.02374417
v 0.01850000 0.04697121 0.02183363
v 0.01850000 0.04649860 0.02368969
v 0.01850000 0.04694024 0.02175472
v 0.01850000 0.04656074 0.02363203
v 0.01850000 0.04690538 0.02167746
v 0.01850000 0.04661992 0.02357135
v 0.01850000 0.04686671 0.02160203
v 0.01850000 0.04667601 0.02350780
v 0.01850000 0.04682433 0.02152862
v 0.01850000 0.04672886 0.02344153
v 0.01850000 0.04677834 0.02145742
v 0.01850000 0.04677834 0.02337270
v 0.01850000 0.04672886 0.02138859
v 0.01850000 0.04298955 0.04841609
v 0.01850000 0.05800000 0.02400000
v 0.01850000 0.04311659 0.04863613
v 0.01850000 0.04307792 0.04856070
v 0.01850000 0.04303553 0.04848729
v 0.01850000 0.04661992 0.02125877
v 0.01850000 0.05400000 0.01000000
v 0.01850000 0.04667601 0.02132232
v 0.01850000 0.04656074 0.02119809
v 0.01850000 0.04649860 0.02114043
v 0.01850000 0.04643367 0.02108595
v 0.01850000 0.04636610 0.02103477
v 0.01850000 0.04629606 0.02098702
v 0.01850000 0.04622373 0.02094282
v 0.01850000 0.04614929 0.02090228
v 0.01850000 0.04607292 0.02086550
v 0.01850000 0.04599481 0.02083258
v 0.01850000 0.04591516 0.02080358
v 0.01850000 0.04583416 0.02077860
v 0.01850000 0.04575202 0.02075768
v 0.01850000 0.04566894 0.02074089
v 0.01850000 0.04558512 0.02072825
v 0.01850000 0.04550077 0.02071981
v 0.01850000 0.04541612 0.02071559
v 0.01850000 0.04533135 0.02071559
v 0.01850000 0.04524669 0.02071981
v 0.01850000 0.04516235 0.02072825
v 0.01850000 0.04507853 0.02074089
v 0.01850000 0.04499545 0.02075768
v 0.01850000 0.04491330 0.02077860
v 0.01850000 0.04483231 0.02080358
v 0.01850000 0.04475265 0.02083258
v 0.01850000 0.04467455 0.02086550
v 0.01850000 0.04459818 0.02090228
v 0.01850000 0.01953993 0.01735164
v 0.01850000 0.01947499 0.01729715
v 0.01850000 0.01940742 0.01724597
v 0.01850000 0.01933739 0.01719822
v 0.01850000 0.01926506 0.01715402
v 0.01850000 0.01919062 0.01711348
v 0.01850000 0.01911425 0.01707671
v 0.01850000 0.01903614 0.01704378
v 0.01850000 0.01895649 0.01701479
v 0.01850000 0.01887549 0.01698981
v 0.01850000 0.01879335 0.01696889
f 1 3 2
f 2 3 4
f 5 7 6
f 7 8 6
f 2 4 6
f 4 5 6
f 9 11 10
f 12 10 11
f 13 9 10
f 14 10 12
f 15 13 10
f 16 10 14
f 17 15 10
f 18 10 16
f 19 17 10
f 20 10 18
f 21 19 10
f 22 10 20
f 23 21 10
f 24 10 22
f 25 23 10
f 26 10 24
f 27 25 10
f 28 10 26
f 29 27 10
f 30 10 28
f 31 29 10
f 32 10 30
f 33 31 10
f 34 10 32
f 35 33 10
f 36 10 34
f 37 35 10
f 38 10 36
f 39 37 10
f 40 10 38
f 41 39 10
f 42 10 40
f 43 41 10
f 44 10 42
f 45 43 10
f 46 10 44
f 47 45 10
f 48 10 46
f 49 47 10
f 50 10 48
f 51 49 10
f 52 10 50
f 53 51 10
f 54 10 52
f 55 53 10
f 56 10 54
f 57 55 10
f 58 57 10
f 59 58 10
f 60 59 10
f 61 60 10
f 62 61 10
f 63 62 10
f 64 66 65
f 67 65 68
f 67 64 65
f 69 70 66
f 69 66 64
f 71 68 72
f 71 67 68
f 73 74 70
f 73 70 69
f 75 72 76
f 75 71 72
f 77 74 73
f 77 78 74
f 79 76 80
f 79 75 76
f 81 82 78
f 81 78 77
f 83 80 84
f 83 79 80
f 85 86 82
f 85 82 81
f 87 84 88
f 87 83 84
f 89 90 86
f 89 86 85
f 91 88 92
f 91 87 88
f 93 94 90
f 93 90 89
f 95 92 96
f 95 91 92
f 97 98 94
f 97 94 93
f 99 96 100
f 99 95 96
f 101 102 98
f 101 98 97
f 103 100 104
f 103 99 100
f 105 106 102
f 105 102 101
f 107 104 108
f 107 103 104
f 109 110 106
f 109 106 105
f 111 108 112
f 111 107 108
f 113 110 109
f 113 114 110
f 115 112 116
f 115 111 112
f 117 118 114
f 117 114 113
f 119 115 116
f 119 116 120
f 121 122 118
f 121 118 117
f 123 119 120
f 123 120 124
f 125 122 121
f 125 126 122
f 127 124 128
f 127 123 124
f 129 130 126
f 129 126 125
f 131 128 132
f 131 127 128
f 133 134 130
f 133 130 129
f 135 132 136
f 135 131 132
f 137 138 134
f 137 134 133
f 139 136 140
f 139 135 136
f 141 142 138
f 141 138 137
f 143 139 140
f 144 142 141
f 144 145 142
f 146 148 147
f 146 149 148
f 150 151 148
f 150 148 149
f 152 147 153
f 152 146 147
f 154 155 151
f 154 151 150
f 156 153 157
f 156 152 153
f 158 159 155
f 158 155 154
f 160 157 161
f 160 156 157
f 162 164 163
f 162 163 159
f 162 159 158
f 165 161 166
f 165 160 161
f 167 168 164
f 167 164 162
f 169 166 170
f 169 165 166
f 171 168 167
f 172 170 173
f 172 169 170
f 174 56 175
f 174 175 168
f 174 168 171
f 176 172 173
f 176 173 177
f 176 177 178
f 179 10 56
f 179 56 174
f 180 176 178
f 181 10 179
f 182 178 183
f 182 180 178
f 184 10 181
f 185 182 183
f 185 183 186
f 185 186 187
f 188 10 184
f 189 185 187
f 190 10 188
f 191 189 187
f 191 187 192
f 193 10 190
f 194 192 195
f 194 191 192
f 196 10 193
f 197 195 145
f 197 194 195
f 198 10 196
f 199 10 198
f 2 143 140
f 2 63 10
f 2 201 200
f 2 200 202
f 2 202 203
f 2 203 204
f 2 204 205
f 2 205 206
f 2 206 207
f 2 207 208
f 2 208 209
f 2 209 210
f 2 210 211
f 2 211 212
f 2 140 213
f 2 212 214
f 2 213 215
f 2 214 216
f 2 215 217
f 2 216 218
f 2 217 219
f 2 218 220
f 2 219 221
f 2 220 222
f 2 221 223
f 2 222 224
f 2 223 225
f 2 224 226
f 2 225 227
f 2 226 228
f 2 227 229
f 2 228 230
f 2 229 63
f 2 230 231
f 2 231 232
f 2 232 233
f 2 233 234
f 2 234 235
f 2 235 236
f 2 236 237
f 2 237 238
f 2 238 239
f 2 239 143
f 240 242 241
f 243 240 241
f 244 245 242
f 244 242 240
f 246 241 247
f 246 243 241
f 248 249 245
f 248 245 244
f 250 247 251
f 250 246 247
f 252 253 249
f 252 249 248
f 254 251 255
f 254 255 256
f 254 250 251
f 257 259 258
f 257 258 253
f 257 253 252
f 260 254 256
f 261 259 257
f 262 256 263
f 262 260 256
f 264 265 259
f 264 259 261
f 266 263 267
f 266 262 263
f 268 269 265
f 268 265 264
f 270 267 271
f 270 271 272
f 270 266 267
f 273 275 274
f 273 274 269
f 273 269 268
f 276 270 272
f 277 275 273
f 278 272 279
f 278 279 280
f 278 276 272
f 281 282 275
f 281 275 277
f 283 278 280
f 284 144 282
f 284 197 145
f 284 145 144
f 284 282 281
f 284 285 197
f 286 280 287
f 286 283 280
f 288 285 284
f 288 289 285
f 290 287 291
f 290 291 292
f 290 286 287
f 293 289 288
f 293 294 289
f 295 292 296
f 295 290 292
f 297 294 293
f 297 298 294
f 299 295 296
f 300 298 297
f 300 301 298
f 302 299 296
f 302 296 303
f 304 301 300
f 304 305 301
f 306 303 307
f 306 302 303
f 308 305 304
f 308 309 305
f 310 307 311
f 310 306 307
f 312 309 308
f 312 313 309
f 314 311 315
f 314 315 316
f 314 310 311
f 317 313 312
f 317 318 313
f 319 316 320
f 319 314 316
f 321 318 317
f 321 322 318
f 323 320 324
f 323 319 320
f 325 322 321
f 325 326 322
f 327 323 324
f 328 326 325
f 328 329 326
f 330 324 331
f 330 327 324
f 332 329 328
f 332 333 329
f 334 331 335
f 334 335 336
f 334 330 331
f 337 333 332
f 337 338 333
f 339 336 340
f 339 334 336
f 341 338 337
f 341 342 338
f 343 339 340
f 344 342 341
f 344 345 342
f 346 343 340
f 346 340 347
f 348 345 344
f 348 349 345
f 350 346 347
f 350 347 351
f 352 349 348
f 352 353 349
f 354 351 355
f 354 350 351
f 356 353 352
f 356 357 353
f 358 355 359
f 358 354 355
f 360 361 357
f 360 357 356
f 362 359 363
f 362 358 359
f 364 365 361
f 364 361 360
f 366 363 367
f 366 367 368
f 366 362 363
f 369 370 365
f 369 365 364
f 371 366 368
f 372 370 369
f 372 373 370
f 374 371 368
f 374 368 375
f 376 373 372
f 376 377 373
f 378 375 379
f 378 379 380
f 378 374 375
f 381 382 377
f 381 377 376
f 383 380 384
f 383 378 380
f 385 386 382
f 385 382 381
f 387 384 388
f 387 383 384
f 389 386 385
f 389 390 386
f 391 387 388
f 392 390 389
f 392 393 390
f 394 391 388
f 394 388 395
f 394 395 396
f 397 393 392
f 397 398 393
f 399 394 396
f 400 398 397
f 400 401 398
f 402 399 396
f 402 396 403
f 404 401 400
f 404 405 401
f 406 402 403
f 406 403 407
f 406 407 408
f 409 405 404
f 409 410 405
f 411 406 408
f 412 410 409
f 412 413 410
f 414 201 2
f 414 411 408
f 414 408 201
f 415 416 413
f 415 413 412
f 417 414 2
f 418 416 415
f 418 419 416
f 420 417 2
f 421 422 419
f 421 419 418
f 423 420 2
f 424 422 421
f 424 425 422
f 426 423 2
f 427 425 424
f 427 428 425
f 429 426 2
f 430 428 427
f 430 431 428
f 432 429 2
f 433 431 430
f 434 432 2
f 435 434 2
f 436 435 2
f 437 436 2
f 438 437 2
f 439 441 440
f 439 440 442
f 443 439 442
f 444 445 441
f 444 441 439
f 446 443 442
f 446 442 447
f 448 445 444
f 449 447 450
f 449 450 451
f 449 446 447
f 452 453 445
f 452 445 448
f 454 449 451
f 455 453 452
f 455 456 453
f 457 451 458
f 457 454 451
f 459 456 455
f 459 460 456
f 461 457 458
f 461 458 462
f 463 460 459
f 463 464 460
f 465 461 462
f 465 462 466
f 467 469 468
f 467 468 464
f 467 464 463
f 470 466 471
f 470 465 466
f 472 469 467
f 473 471 474
f 473 470 471
f 475 476 469
f 475 469 472
f 477 473 474
f 477 474 478
f 479 480 476
f 479 476 475
f 481 478 482
f 481 477 478
f 483 484 480
f 483 480 479
f 485 482 486
f 485 481 482
f 487 489 488
f 487 488 484
f 487 484 483
f 490 485 486
f 490 486 491
f 492 493 489
f 492 489 487
f 494 490 491
f 494 491 495
f 496 493 492
f 497 495 498
f 497 494 495
f 499 199 493
f 499 493 496
f 500 502 501
f 500 498 502
f 500 497 498
f 503 500 501
f 504 503 501
f 504 501 505
f 504 505 506
f 507 504 506
f 508 506 509
f 508 509 510
f 508 507 506
f 511 508 510
f 512 510 513
f 512 513 514
f 512 511 510
f 515 512 514
f 516 515 514
f 516 514 517
f 516 517 518
f 519 516 518
f 520 519 518
f 520 518 521
f 520 521 522
f 523 520 522
f 524 523 522
f 524 522 525
f 524 525 526
f 527 524 526
f 528 527 526
f 528 526 529
f 530 528 529
f 530 529 531
f 530 531 532
f 533 532 534
f 533 530 532
f 535 533 534
f 536 534 537
f 536 535 534
f 538 536 537
f 538 537 539
f 538 539 540
f 541 538 540
f 542 541 540
f 542 540 543
f 544 542 543
f 544 543 545
f 546 545 547
f 546 544 545
f 548 546 547
f 548 547 549
f 550 549 431
f 550 548 549
f 551 553 552
f 554 551 552
f 554 552 555
f 556 557 553
f 556 553 551
f 558 554 555
f 558 555 559
f 560 561 557
f 560 557 556
f 562 558 559
f 562 559 563
f 564 561 560
f 564 565 561
f 566 563 567
f 566 562 563
f 568 565 564
f 568 569 565
f 570 566 567
f 570 567 571
f 572 569 568
f 572 573 569
f 574 570 571
f 574 571 575
f 576 573 572
f 576 577 573
f 578 574 575
f 578 575 579
f 580 577 576
f 580 581 577
f 582 579 583
f 582 578 579
f 584 585 581
f 584 581 580
f 586 583 587
f 586 582 583
f 588 589 585
f 588 585 584
f 590 587 591
f 590 586 587
f 592 593 589
f 592 589 588
f 594 591 595
f 594 590 591
f 596 597 593
f 596 593 592
f 598 594 595
f 598 595 599
f 600 597 596
f 600 601 597
f 602 598 599
f 602 599 603
f 604 601 600
f 604 605 601
f 606 602 603
f 606 603 607
f 608 605 604
f 608 609 605
f 610 606 607
f 610 607 611
f 612 613 609
f 612 609 608
f 614 610 611
f 614 611 615
f 616 613 612
f 616 617 613
f 618 614 615
f 618 615 619
f 620 621 617
f 620 617 616
f 622 618 619
f 622 619 550
f 623 621 620
f 623 624 621
f 625 622 550
f 625 433 626
f 625 550 431
f 625 431 433
f 627 628 624
f 627 624 623
f 629 625 626
f 630 628 627
f 630 631 628
f 632 629 626
f 632 626 633
f 632 633 634
f 635 634 636
f 635 632 634
f 637 635 636
f 638 636 639
f 638 639 640
f 638 637 636
f 641 640 642
f 641 638 640
f 643 641 642
f 644 642 645
f 644 643 642
f 646 645 647
f 646 647 648
f 646 644 645
f 649 646 648
f 650 648 651
f 650 649 648
f 652 651 653
f 652 653 654
f 652 650 651
f 655 652 654
f 656 654 657
f 656 655 654
f 658 656 657
f 658 657 659
f 658 659 660
f 661 658 660
f 662 661 660
f 662 660 663
f 662 663 664
f 665 662 664
f 666 665 664
f 666 664 667
f 668 666 667
f 668 667 669
f 670 669 438
f 670 668 669
f 671 673 672
f 674 671 672
f 674 672 675
f 676 673 671
f 677 674 675
f 677 675 678
f 679 673 676
f 679 680 673
f 681 677 678
f 681 678 682
f 681 682 683
f 684 680 679
f 684 685 680
f 686 681 683
f 687 685 684
f 687 689 688
f 687 688 685
f 690 683 691
f 690 686 683
f 692 689 687
f 693 690 691
f 693 691 694
f 695 696 689
f 695 689 692
f 697 693 694
f 697 694 698
f 699 696 695
f 699 701 700
f 699 700 696
f 702 697 698
f 702 698 703
f 704 701 699
f 705 702 703
f 705 703 706
f 707 705 706
f 707 706 708
f 709 708 710
f 709 707 708
f 711 709 710
f 711 710 712
f 713 711 712
f 713 712 714
f 715 713 714
f 715 714 716
f 717 715 716
f 717 716 631
f 718 720 719
f 721 718 719
f 722 720 718
f 722 724 723
f 722 723 720
f 725 721 719
f 725 719 726
f 727 724 722
f 728 725 726
f 728 726 729
f 730 731 724
f 730 724 727
f 732 728 729
f 732 729 733
f 732 733 734
f 735 731 730
f 735 736 731
f 737 734 738
f 737 732 734
f 739 740 736
f 739 736 735
f 741 737 738
f 742 740 739
f 742 743 740
f 744 738 745
f 744 741 738
f 746 743 742
f 746 747 743
f 748 744 745
f 748 745 749
f 750 751 747
f 750 747 746
f 752 748 749
f 752 749 753
f 754 756 755
f 754 755 751
f 754 751 750
f 757 753 758
f 757 758 759
f 757 752 753
f 760 756 754
f 761 759 762
f 761 757 759
f 763 631 630
f 763 764 717
f 763 630 756
f 763 756 760
f 763 717 631
f 765 767 766
f 765 766 768
f 765 768 769
f 765 769 770
f 765 499 771
f 765 771 772
f 765 772 773
f 765 773 774
f 765 774 775
f 765 775 776
f 765 776 777
f 765 777 701
f 765 704 778
f 765 778 779
f 765 779 780
f 765 780 781
f 765 781 782
f 765 782 783
f 765 783 784
f 765 784 785
f 765 785 786
f 765 786 787
f 765 787 788
f 765 788 789
f 765 789 790
f 765 790 791
f 765 770 792
f 765 791 793
f 765 792 794
f 765 793 795
f 765 794 796
f 765 795 797
f 765 796 798
f 765 797 799
f 765 798 800
f 765 799 801
f 765 800 802
f 765 801 803
f 765 802 804
f 765 803 805
f 765 804 806
f 765 805 807
f 765 806 808
f 765 807 809
f 765 808 810
f 765 809 811
f 765 810 812
f 765 811 813
f 765 812 814
f 765 813 815
f 765 814 816
f 765 815 817
f 765 816 818
f 765 817 819
f 765 701 704
f 765 819 820
f 765 820 821
f 765 821 822
f 765 822 823
f 765 823 824
f 765 824 825
f 765 825 767
f 826 761 762
f 827 828 764
f 827 764 763
f 829 762 830
f 829 826 762
f 831 832 828
f 831 828 827
f 833 829 830
f 833 830 834
f 835 836 832
f 835 832 831
f 837 833 834
f 837 834 838
f 839 840 836
f 839 836 835
f 841 837 838
f 841 838 842
f 843 844 840
f 843 840 839
f 845 841 842
f 845 842 846
f 845 846 847
f 848 844 843
f 848 849 844
f 850 845 847
f 851 849 848
f 851 852 849
f 853 850 847
f 853 847 854
f 855 856 852
f 855 852 851
f 857 853 854
f 857 854 858
f 857 858 859
f 860 861 856
f 860 856 855
f 862 857 859
f 863 864 861
f 863 861 860
f 865 862 859
f 865 859 866
f 867 868 864
f 867 864 863
f 869 865 866
f 869 866 870
f 871 872 868
f 871 868 867
f 873 869 870
f 873 870 874
f 875 876 872
f 875 872 871
f 877 873 874
f 877 874 878
f 879 880 876
f 879 876 875
f 881 877 878
f 881 878 882
f 883 884 880
f 883 880 879
f 885 881 882
f 885 882 886
f 887 888 884
f 887 884 883
f 889 886 890
f 889 885 886
f 891 888 887
f 891 892 888
f 893 889 890
f 893 890 894
f 893 894 895
f 896 897 892
f 896 892 891
f 898 893 895
f 899 900 897
f 899 897 896
f 901 895 902
f 901 898 895
f 903 904 900
f 903 900 899
f 905 901 902
f 905 902 906
f 907 908 904
f 907 904 903
f 909 905 906
f 909 906 910
f 911 912 908
f 911 908 907
f 913 910 914
f 913 914 915
f 913 909 910
f 916 917 912
f 916 912 911
f 918 913 915
f 919 917 916
f 919 920 917
f 921 915 922
f 921 918 915
f 923 924 920
f 923 920 919
f 925 921 922
f 925 922 926
f 927 928 924
f 927 924 923
f 929 925 926
f 929 926 930
f 931 932 928
f 931 928 927
f 933 930 934
f 933 929 930
f 935 936 932
f 935 932 931
f 937 933 934
f 937 934 938
f 939 940 936
f 939 936 935
f 941 937 938
f 941 938 942
f 943 944 940
f 943 940 939
f 945 941 942
f 945 942 946
f 945 946 947
f 948 949 944
f 948 944 943
f 950 945 947
f 951 952 949
f 951 949 948
f 953 950 947
f 953 947 954
f 955 956 952
f 955 952 951
f 957 958 956
f 957 956 955
f 959 960 958
f 959 958 957
f 961 962 960
f 961 960 959
f 963 964 962
f 963 962 961
f 965 966 964
f 965 964 963
f 967 968 966
f 967 966 965
f 969 968 967
f 6 971 970
f 6 973 972
f 6 970 974
f 6 972 975
f 6 974 968
f 6 975 976
f 6 976 977
f 6 977 978
f 6 978 979
f 6 979 980
f 6 980 981
f 6 981 982
f 6 982 983
f 6 983 984
f 6 984 985
f 6 985 953
f 6 968 969
f 6 953 954
f 6 765 818
f 6 438 2
f 6 954 986
f 6 986 987
f 6 969 988
f 6 987 989
f 6 988 990
f 6 989 991
f 6 990 992
f 6 991 993
f 6 992 994
f 6 993 995
f 6 994 996
f 6 995 997
f 6 996 998
f 6 997 999
f 6 998 1000
f 6 999 1001
f 6 1000 1002
f 6 1001 1003
f 6 1002 1004
f 6 1003 670
f 6 1004 1005
f 6 1005 1006
f 6 818 1007
f 6 1006 1008
f 6 1007 1009
f 6 1008 1010
f 6 1009 1011
f 6 1010 1012
f 6 1011 1013
f 6 1012 1014
f 6 1013 1015
f 6 1014 1016
f 6 670 438
f 6 1015 1017
f 6 1016 1018
f 6 1017 971
f 6 1018 973
f 10 499 765
f 10 199 499
f 765 1019 10
f 765 1020 1019
f 1019 1022 1021
f 1022 1019 1023
f 1019 1021 1024
f 1023 1019 1025
f 1019 1024 1026
f 1025 1019 1027
f 1019 1026 1028
f 1027 1019 1029
f 1019 1028 1030
f 1029 1019 1031
f 1019 1030 1032
f 1031 1019 1033
f 1019 1032 1034
f 1033 1019 1035
f 1019 1034 1036
f 1035 1019 1037
f 1019 1036 1038
f 1037 1019 1039
f 1019 1038 1040
f 1039 1019 1041
f 1019 1040 1042
f 1041 1019 1043
f 1019 1042 1044
f 1043 1019 1045
f 1019 1044 1046
f 1045 1019 1047
f 1019 1046 1048
f 1047 1019 1049
f 1019 1048 1050
f 1049 1019 1051
f 1019 1050 1052
f 1051 1019 1053
f 1019 1052 1054
f 1053 1019 1055
f 1019 1054 1056
f 1055 1019 1057
f 1019 1056 1058
f 1057 1019 1059
f 1019 1058 1060
f 1059 1019 1061
f 1019 1060 1062
f 1061 1019 1063
f 1019 1062 1064
f 1063 1019 1065
f 1019 1064 1066
f 1065 1019 1067
f 1019 1066 1068
f 1019 1068 1069
f 1019 1069 1070
f 1019 1070 1071
f 1019 1071 1072
f 1019 1072 1073
f 1019 1073 1074
f 1075 1076 1074
f 1077 1075 1074
f 1078 1077 1074
f 1079 1078 1074
f 1080 1079 1074
f 1081 1080 1074
f 1082 1081 1074
f 1083 1082 1074
f 1084 1083 1074
f 1085 1084 1074
f 1086 1085 1074
f 1087 1086 1074
f 1088 1087 1074
f 1089 1088 1074
f 1090 1089 1074
f 1073 1090 1074
f 1091 1093 1092
f 1091 1092 1094
f 1095 1091 1094
f 1093 1097 1096
f 1092 1093 1096
f 1098 1095 1099
f 1095 1094 1099
f 1097 1101 1100
f 1096 1097 1100
f 1102 1098 1103
f 1098 1099 1103
f 1100 1101 1104
f 1101 1105 1104
f 1106 1102 1107
f 1102 1103 1107
f 1105 1109 1108
f 1104 1105 1108
f 1110 1106 1111
f 1106 1107 1111
f 1108 1109 1112
f 1109 1113 1112
f 1114 1110 1115
f 1110 1111 1115
f 1113 1117 1116
f 1112 1113 1116
f 1118 1114 1119
f 1114 1115 1119
f 1117 1121 1120
f 1116 1117 1120
f 1122 1118 1123
f 1118 1119 1123
f 1120 1121 1124
f 1121 1125 1124
f 1126 1122 1127
f 1122 1123 1127
f 1125 1129 1128
f 1124 1125 1128
f 1130 1126 1131
f 1126 1127 1131
f 1129 1133 1132
f 1128 1129 1132
f 1134 1130 1135
f 1130 1131 1135
f 1133 1137 1136
f 1132 1133 1136
f 1138 1134 1139
f 1134 1135 1139
f 1137 1141 1140
f 1136 1137 1140
f 1142 1138 1143
f 1138 1139 1143
f 1140 1141 1144
f 1141 1145 1144
f 1142 1143 1146
f 1076 1142 1146
f 1074 1076 1146
f 1145 1148 1147
f 1144 1145 1147
f 1074 1146 1149
f 1148 1151 1150
f 1147 1148 1150
f 1074 1149 1152
f 1151 1154 1153
f 1150 1151 1153
f 1074 1152 1155
f 1154 1157 1156
f 1153 1154 1156
f 1074 1155 1158
f 1157 1160 1159
f 1156 1157 1159
f 1074 1158 1161
f 1160 1163 1162
f 1159 1160 1162
f 1074 1161 1164
f 1163 1166 1165
f 1162 1163 1165
f 1074 1164 1167
f 1074 1167 1168
f 1074 1168 1169
f 1074 1169 1170
f 1074 1170 1171
f 1074 1171 1172
f 1074 1172 1173
f 1074 1173 1174
f 1074 1174 1175
f 1074 1175 1176
f 1074 1176 1177
f 1074 1177 1178
f 1074 1178 1179
f 1074 1179 1180
f 1074 1180 1181
f 1074 1181 1182
f 1074 1182 1183
f 1074 1183 1184
f 1074 1184 1185
f 1074 1185 1186
f 1074 1186 1187
f 1074 1187 1188
f 1074 1188 1189
f 1074 1189 1190
f 1074 1190 1191
f 1074 1191 1192
f 1074 1192 1193
f 1074 1193 1194
f 1074 1194 1195
f 1074 1195 1196
f 1197 1199 1198
f 1199 1200 1198
f 1199 1202 1201
f 1200 1199 1201
f 1203 1197 1204
f 1197 1198 1204
f 1202 1206 1205
f 1201 1202 1205
f 1207 1203 1208
f 1203 1204 1208
f 1206 1210 1209
f 1205 1206 1209
f 1207 1208 1211
f 1212 1207 1211
f 1210 1214 1213
f 1209 1210 1213
f 1215 1212 1216
f 1212 1211 1216
f 1217 1219 1218
f 1214 1217 1218
f 1213 1214 1218
f 1215 1216 1220
f 1221 1215 1220
f 1219 1223 1222
f 1218 1219 1222
f 1221 1220 1224
f 1225 1221 1224
f 1222 1223 1226
f 1227 1225 1228
f 1229 1227 1228
f 1225 1224 1228
f 1067 1019 1230
f 1223 1067 1230
f 1226 1223 1230
f 1229 1228 1231
f 1230 1019 1232
f 1233 1229 1234
f 1229 1231 1234
f 1232 1019 1235
f 1233 1234 1236
f 1237 1233 1236
f 1238 1237 1236
f 1235 1019 1239
f 1238 1236 1240
f 1239 1019 1241
f 1242 1238 1243
f 1238 1240 1243
f 1241 1019 1244
f 1242 1243 1245
f 1246 1242 1245
f 1244 1019 1247
f 1166 1246 1248
f 1246 1245 1248
f 1247 1019 1249
f 1249 1019 1250
f 1251 1253 1252
f 1254 1251 1252
f 1253 1255 1252
f 1256 1258 1257
f 1253 1256 1257
f 1255 1253 1257
f 1254 1252 1259
f 1257 1258 1260
f 1261 1254 1262
f 1254 1259 1262
f 1258 1264 1263
f 1260 1258 1263
f 1265 1261 1266
f 1267 1265 1266
f 1261 1262 1266
f 1263 1264 1268
f 1264 1269 1268
f 1267 1266 1270
f 1269 1272 1271
f 1268 1269 1271
f 1273 1267 1274
f 1267 1270 1274
f 1272 1276 1275
f 1271 1272 1275
f 1273 1274 1277
f 1278 1273 1277
f 1276 1280 1279
f 1275 1276 1279
f 1278 1277 1281
f 1282 1278 1281
f 1283 1282 1281
f 1280 1285 1284
f 1279 1280 1284
f 1286 1283 1287
f 1283 1281 1287
f 1285 1289 1288
f 1284 1285 1288
f 1290 1286 1291
f 1286 1287 1291
f 1289 1293 1292
f 1288 1289 1292
f 1290 1291 1294
f 1293 1165 1295
f 1166 1248 1295
f 1292 1293 1295
f 1165 1166 1295
f 1248 1296 1295
f 1297 1290 1298
f 1290 1294 1298
f 1295 1296 1299
f 1296 1300 1299
f 1301 1297 1302
f 1297 1298 1302
f 1299 1300 1303
f 1300 1304 1303
f 1305 1301 1306
f 1301 1302 1306
f 1303 1304 1307
f 1304 1308 1307
f 1309 1305 1310
f 1305 1306 1310
f 1307 1308 1311
f 1308 1312 1311
f 1313 1315 1314
f 1309 1310 1314
f 1315 1309 1314
f 1311 1312 1316
f 1312 1317 1316
f 1313 1314 1318
f 1316 1317 1319
f 1317 1320 1319
f 1321 1313 1322
f 1313 1318 1322
f 1319 1320 1323
f 1320 1324 1323
f 1325 1321 1326
f 1327 1325 1326
f 1321 1322 1326
f 1323 1324 1328
f 1324 1329 1328
f 1327 1326 1330
f 1328 1329 1331
f 1329 1332 1331
f 1333 1327 1334
f 1327 1330 1334
f 1331 1332 1335
f 1332 1336 1335
f 1337 1333 1338
f 1333 1334 1338
f 1335 1336 1339
f 1336 1340 1339
f 1341 1337 1342
f 1343 1341 1342
f 1337 1338 1342
f 1339 1340 1344
f 1340 1345 1344
f 1346 1343 1347
f 1343 1342 1347
f 1344 1345 1348
f 1345 1349 1348
f 1350 1346 1351
f 1346 1347 1351
f 1348 1349 1352
f 1349 1353 1352
f 1350 1351 1354
f 1352 1353 1355
f 1353 1356 1355
f 1357 1350 1358
f 1359 1357 1358
f 1350 1354 1358
f 1355 1356 1360
f 1356 1361 1360
f 1362 1359 1363
f 1359 1358 1363
f 1360 1361 1364
f 1361 1365 1364
f 1362 1363 1366
f 1364 1365 1367
f 1365 1368 1367
f 1369 1362 1370
f 1371 1369 1370
f 1362 1366 1370
f 1367 1368 1372
f 1368 1373 1372
f 1371 1370 1374
f 1372 1373 1375
f 1373 1376 1375
f 1377 1371 1378
f 1371 1374 1378
f 1375 1376 1379
f 1376 1380 1379
f 1381 1377 1382
f 1377 1378 1382
f 1380 1384 1383
f 1379 1380 1383
f 1385 1381 1386
f 1387 1385 1386
f 1381 1382 1386
f 1384 1389 1388
f 1383 1384 1388
f 1387 1386 1390
f 1389 1392 1391
f 1388 1389 1391
f 1393 1387 1394
f 1395 1393 1394
f 1387 1390 1394
f 1392 1397 1396
f 1391 1392 1396
f 1395 1394 1398
f 1397 1400 1399
f 1396 1397 1399
f 1401 1395 1402
f 1395 1398 1402
f 1400 1404 1403
f 1399 1400 1403
f 1405 1401 1406
f 1407 1405 1406
f 1401 1402 1406
f 1403 1404 1408
f 1404 1409 1408
f 1407 1406 1410
f 1408 1409 1411
f 1409 1412 1411
f 1407 1410 1413
f 1414 1407 1413
f 1415 1414 1413
f 1411 1412 1416
f 1412 1417 1416
f 1415 1413 1418
f 1416 1417 1419
f 1417 1420 1419
f 1421 1415 1422
f 1415 1418 1422
f 1419 1420 1423
f 1420 1424 1423
f 1421 1422 1425
f 1426 1421 1425
f 1424 1428 1427
f 1423 1424 1427
f 1196 1426 1429
f 1074 1196 1429
f 1426 1425 1429
f 1427 1428 1430
f 1428 1431 1430
f 1074 1429 1432
f 1430 1431 1433
f 1431 1434 1433
f 1074 1432 1435
f 1433 1434 1436
f 1434 1437 1436
f 1074 1435 1438
f 1436 1437 1439
f 1437 1440 1439
f 1074 1438 1441
f 1439 1440 1442
f 1440 1443 1442
f 1074 1441 1444
f 1442 1443 1445
f 1446 1448 1447
f 1449 1446 1447
f 1449 1447 1450
f 1447 1448 1451
f 1448 1452 1451
f 1453 1449 1454
f 1449 1450 1454
f 1451 1452 1455
f 1456 1453 1457
f 1458 1456 1457
f 1453 1454 1457
f 1452 1460 1459
f 1455 1452 1459
f 1458 1457 1461
f 1459 1460 1462
f 1460 1463 1462
f 1464 1458 1465
f 1458 1461 1465
f 1462 1463 1466
f 1463 1467 1466
f 1464 1465 1468
f 1469 1464 1468
f 1466 1467 1470
f 1467 1471 1470
f 1472 1469 1473
f 1469 1468 1473
f 1474 1476 1475
f 1471 1474 1475
f 1470 1471 1475
f 1477 1472 1478
f 1472 1473 1478
f 1475 1476 1479
f 1476 1480 1479
f 1477 1478 1481
f 1482 1477 1481
f 1479 1480 1483
f 1482 1481 1484
f 1485 1482 1484
f 1480 1487 1486
f 1483 1480 1486
f 1485 1484 1488
f 1489 1485 1488
f 1487 1491 1490
f 1486 1487 1490
f 1492 1489 1493
f 1489 1488 1493
f 1494 1496 1495
f 1491 1494 1495
f 1490 1491 1495
f 1497 1492 1498
f 1492 1493 1498
f 1495 1496 1499
f 1497 1498 1500
f 1501 1497 1500
f 1499 1496 1502
f 1496 1503 1502
f 1501 1500 1504
f 1505 1501 1504
f 1506 1505 1504
f 1503 1250 1507
f 1502 1503 1507
f 1250 1019 1507
f 1506 1504 1508
f 1509 1506 1508
f 1509 1508 1510
f 1509 1510 1511
f 1512 1509 1511
f 1513 1512 1511
f 1513 1511 1514
f 1513 1514 1515
f 1516 1513 1515
f 1517 1516 1515
f 1517 1515 1518
f 1519 1517 1520
f 1517 1518 1520
f 1521 1519 1520
f 1521 1520 1522
f 1523 1521 1524
f 1525 1523 1524
f 1521 1522 1524
f 1525 1524 1526
f 1527 1525 1528
f 1529 1527 1528
f 1525 1526 1528
f 1529 1528 1530
f 1529 1530 1531
f 1532 1529 1531
f 1533 1532 1531
f 1533 1531 1534
f 1533 1534 1535
f 1536 1533 1535
f 1536 1535 1537
f 1538 1536 1537
f 1539 1538 1537
f 1539 1537 1540
f 1541 1539 1540
f 1541 1540 1542
f 1541 1542 1543
f 1544 1541 1543
f 1544 1543 1545
f 1546 1544 1545
f 1547 1546 1545
f 1547 1545 1548
f 1549 1547 1550
f 1547 1548 1550
f 1549 1550 1551
f 1552 1549 1551
f 1553 1552 1554
f 1555 1553 1554
f 1552 1551 1554
f 1555 1554 1556
f 1555 1556 1557
f 1443 1555 1557
f 1445 1443 1557
f 1558 1560 1559
f 1561 1558 1562
f 1558 1559 1562
f 1560 1564 1563
f 1559 1560 1563
f 1561 1562 1565
f 1566 1561 1565
f 1564 1568 1567
f 1563 1564 1567
f 1566 1565 1569
f 1570 1566 1569
f 1568 1572 1571
f 1567 1568 1571
f 1570 1569 1573
f 1574 1570 1573
f 1572 1576 1575
f 1571 1572 1575
f 1574 1573 1577
f 1578 1574 1577
f 1575 1576 1579
f 1576 1580 1579
f 1581 1578 1582
f 1578 1577 1582
f 1580 1584 1583
f 1579 1580 1583
f 1581 1582 1585
f 1586 1581 1585
f 1584 1588 1587
f 1583 1584 1587
f 1586 1585 1589
f 1590 1586 1589
f 1588 1592 1591
f 1587 1588 1591
f 1590 1589 1593
f 1594 1590 1593
f 1592 1596 1595
f 1591 1592 1595
f 1597 1594 1598
f 1594 1593 1598
f 1596 1600 1599
f 1595 1596 1599
f 1601 1597 1602
f 1597 1598 1602
f 1600 1604 1603
f 1599 1600 1603
f 1605 1601 1606
f 1601 1602 1606
f 1604 1608 1607
f 1603 1604 1607
f 1605 1606 1609
f 1610 1605 1609
f 1608 1612 1611
f 1607 1608 1611
f 1613 1610 1614
f 1610 1609 1614
f 1612 1616 1615
f 1611 1612 1615
f 1613 1614 1617
f 1618 1613 1617
f 1616 1620 1619
f 1615 1616 1619
f 1618 1617 1621
f 1622 1618 1621
f 1620 1624 1623
f 1619 1620 1623
f 1622 1621 1625
f 1626 1622 1625
f 1624 1628 1627
f 1623 1624 1627
f 1626 1625 1629
f 1557 1626 1629
f 1627 1628 1630
f 1628 1631 1630
f 1557 1629 1632
f 1445 1557 1632
f 1631 1634 1633
f 1630 1631 1633
f 1635 1445 1636
f 1445 1632 1636
f 1633 1634 1637
f 1634 1638 1637
f 1639 1635 1640
f 1635 1636 1640
f 1641 1639 1640
f 1641 1640 1642
f 1643 1641 1644
f 1641 1642 1644
f 1645 1643 1646
f 1647 1645 1646
f 1643 1644 1646
f 1647 1646 1648
f 1649 1647 1650
f 1647 1648 1650
f 1651 1649 1652
f 1649 1650 1652
f 1653 1651 1654
f 1651 1652 1654
f 1655 1653 1656
f 1653 1654 1656
f 1657 1655 1658
f 1655 1656 1658
f 1659 1657 1660
f 1661 1659 1660
f 1657 1658 1660
f 1662 1661 1663
f 1661 1660 1663
f 1662 1663 1664
f 1665 1662 1666
f 1662 1664 1666
f 1667 1665 1668
f 1665 1666 1668
f 1669 1667 1670
f 1671 1669 1670
f 1667 1668 1670
f 1671 1670 1672
f 1671 1672 1673
f 1674 1671 1673
f 1674 1673 1675
f 1676 1674 1675
f 1676 1675 1677
f 1678 1676 1677
f 1679 1681 1680
f 1679 1680 1682
f 1683 1679 1682
f 1680 1681 1684
f 1683 1682 1685
f 1686 1683 1685
f 1684 1681 1687
f 1681 1688 1687
f 1686 1685 1689
f 1690 1686 1689
f 1691 1690 1689
f 1687 1688 1692
f 1688 1693 1692
f 1691 1689 1694
f 1692 1693 1695
f 1696 1697 1695
f 1693 1696 1695
f 1691 1694 1698
f 1699 1691 1698
f 1695 1697 1700
f 1699 1698 1701
f 1702 1699 1701
f 1700 1697 1703
f 1697 1704 1703
f 1705 1702 1706
f 1702 1701 1706
f 1703 1704 1707
f 1708 1709 1707
f 1704 1708 1707
f 1705 1706 1710
f 1711 1705 1710
f 1707 1709 1712
f 1711 1710 1713
f 1714 1711 1713
f 1714 1713 1715
f 1716 1714 1715
f 1716 1715 1717
f 1718 1716 1717
f 1719 1718 1720
f 1718 1717 1720
f 1719 1720 1721
f 1722 1719 1721
f 1722 1721 1723
f 1724 1722 1723
f 1724 1723 1725
f 1638 1724 1725
f 1726 1728 1727
f 1726 1727 1729
f 1730 1726 1729
f 1727 1728 1731
f 1730 1729 1732
f 1733 1730 1732
f 1734 1733 1732
f 1731 1728 1735
f 1736 1737 1735
f 1728 1736 1735
f 1734 1732 1738
f 1735 1737 1739
f 1740 1734 1741
f 1742 1740 1741
f 1734 1738 1741
f 1739 1737 1743
f 1744 1745 1743
f 1737 1744 1743
f 1742 1741 1746
f 1743 1745 1747
f 1748 1742 1749
f 1742 1746 1749
f 1747 1745 1750
f 1745 1751 1750
f 1748 1749 1752
f 1753 1748 1752
f 1750 1751 1754
f 1751 1755 1754
f 1753 1752 1756
f 1757 1753 1756
f 1755 1759 1758
f 1754 1755 1758
f 1757 1756 1760
f 1761 1757 1760
f 1758 1759 1762
f 1759 1763 1762
f 1761 1760 1764
f 1765 1761 1764
f 1766 1765 1764
f 1762 1763 1767
f 1763 1768 1767
f 1766 1764 1769
f 1770 1766 1769
f 1637 1638 1771
f 1725 1772 1771
f 1768 1637 1771
f 1638 1725 1771
f 1767 1768 1771
f 1773 1774 1020
f 1775 1773 1020
f 1776 1775 1020
f 1777 1776 1020
f 1712 1709 1020
f 1778 1507 1020
f 1779 1778 1020
f 1780 1779 1020
f 1781 1780 1020
f 1782 1781 1020
f 1783 1782 1020
f 1784 1783 1020
f 1709 1784 1020
f 1507 1019 1020
f 1785 1712 1020
f 1786 1785 1020
f 1787 1786 1020
f 1788 1787 1020
f 1789 1788 1020
f 1790 1789 1020
f 1791 1790 1020
f 1792 1791 1020
f 1793 1792 1020
f 1794 1793 1020
f 1795 1794 1020
f 1796 1795 1020
f 1797 1796 1020
f 1798 1797 1020
f 1799 1777 1020
f 1800 1798 1020
f 1801 1799 1020
f 1802 1800 1020
f 1803 1801 1020
f 1804 1802 1020
f 1805 1803 1020
f 1806 1804 1020
f 1807 1805 1020
f 1808 1806 1020
f 1809 1807 1020
f 1810 1808 1020
f 1811 1809 1020
f 1812 1810 1020
f 1813 1811 1020
f 1814 1812 1020
f 1815 1813 1020
f 1816 1814 1020
f 1817 1815 1020
f 1818 1816 1020
f 1819 1817 1020
f 1820 1818 1020
f 1821 1819 1020
f 1822 1820 1020
f 1823 1821 1020
f 1824 1822 1020
f 1825 1824 1020
f 1826 1825 1020
f 1827 1826 1020
f 1828 1827 1020
f 1829 1828 1020
f 1830 1829 1020
f 1831 1830 1020
f 1774 1831 1020
f 1770 1769 1832
f 1772 1834 1833
f 1771 1772 1833
f 1770 1832 1835
f 1836 1770 1835
f 1834 1838 1837
f 1833 1834 1837
f 1836 1835 1839
f 1840 1836 1839
f 1841 1840 1839
f 1838 1843 1842
f 1837 1838 1842
f 1841 1839 1844
f 1843 1846 1845
f 1842 1843 1845
f 1847 1841 1848
f 1841 1844 1848
f 1846 1850 1849
f 1845 1846 1849
f 1847 1848 1851
f 1852 1847 1851
f 1853 1852 1851
f 1850 1855 1854
f 1849 1850 1854
f 1853 1851 1856
f 1855 1858 1857
f 1854 1855 1857
f 1853 1856 1859
f 1860 1853 1859
f 1858 1862 1861
f 1857 1858 1861
f 1860 1859 1863
f 1864 1860 1863
f 1865 1864 1863
f 1861 1862 1866
f 1862 1867 1866
f 1865 1863 1868
f 1866 1867 1869
f 1867 1870 1869
f 1865 1868 1871
f 1872 1865 1871
f 1870 1874 1873
f 1869 1870 1873
f 1872 1871 1875
f 1876 1872 1875
f 1873 1874 1877
f 1874 1878 1877
f 1876 1875 1879
f 1880 1876 1879
f 1878 1882 1881
f 1877 1878 1881
f 1880 1879 1883
f 1884 1880 1883
f 1882 1886 1885
f 1881 1882 1885
f 1884 1883 1887
f 1888 1884 1887
f 1886 1890 1889
f 1885 1886 1889
f 1888 1887 1891
f 1892 1888 1891
f 1890 1894 1893
f 1889 1890 1893
f 1892 1891 1895
f 1896 1892 1895
f 1894 1898 1897
f 1893 1894 1897
f 1896 1895 1899
f 1900 1896 1899
f 1901 1900 1899
f 1898 1903 1902
f 1897 1898 1902
f 1901 1899 1904
f 1903 1906 1905
f 1902 1903 1905
f 1907 1901 1908
f 1901 1904 1908
f 1906 1910 1909
f 1905 1906 1909
f 1911 1907 1912
f 1907 1908 1912
f 1910 1914 1913
f 1909 1910 1913
f 1911 1912 1915
f 1916 1911 1915
f 1914 1918 1917
f 1913 1914 1917
f 1919 1916 1920
f 1921 1919 1920
f 1916 1915 1920
f 1918 1923 1922
f 1917 1918 1922
f 1921 1920 1924
f 1923 1926 1925
f 1922 1923 1925
f 1921 1924 1927
f 1928 1921 1927
f 1926 1930 1929
f 1925 1926 1929
f 1931 1928 1932
f 1928 1927 1932
f 1930 1934 1933
f 1929 1930 1933
f 1935 1931 1936
f 1931 1932 1936
f 1934 1938 1937
f 1933 1934 1937
f 1935 1936 1939
f 1940 1935 1939
f 1938 1942 1941
f 1937 1938 1941
f 1940 1939 1943
f 1944 1940 1943
f 1942 1946 1945
f 1941 1942 1945
f 1944 1943 1947
f 1948 1944 1947
f 1946 1950 1949
f 1945 1946 1949
f 1948 1947 1951
f 1952 1948 1951
f 1950 1954 1953
f 1949 1950 1953
f 1952 1951 1955
f 1956 1952 1955
f 1954 1958 1957
f 1953 1954 1957
f 1956 1955 1959
f 1960 1956 1959
f 1957 1958 1961
f 1958 1962 1961
f 1960 1959 1963
f 1964 1960 1963
f 1961 1962 1965
f 1962 1966 1965
f 1967 1969 1968
f 1970 1971 1968
f 1972 1965 1968
f 1973 1967 1968
f 1974 1970 1968
f 1975 1972 1968
f 1976 1973 1968
f 1977 1974 1968
f 1978 1976 1968
f 1979 1977 1968
f 1980 1978 1968
f 1981 1979 1968
f 1982 1980 1968
f 1983 1981 1968
f 1984 1982 1968
f 1985 1983 1968
f 1966 1984 1968
f 1986 1985 1968
f 1987 1986 1968
f 1988 1987 1968
f 1989 1988 1968
f 1963 1989 1968
f 1965 1966 1968
f 1964 1963 1968
f 1823 1020 1968
f 1990 1975 1968
f 1991 1990 1968
f 1992 1991 1968
f 1993 1992 1968
f 1994 1964 1968
f 1995 1993 1968
f 1996 1994 1968
f 1997 1995 1968
f 1998 1996 1968
f 1999 1997 1968
f 2000 1998 1968
f 2001 1999 1968
f 2002 2000 1968
f 2003 2001 1968
f 2004 2003 1968
f 2005 2004 1968
f 2006 2005 1968
f 2007 2006 1968
f 2008 2007 1968
f 2009 1823 1968
f 2010 2008 1968
f 2011 2009 1968
f 2012 2010 1968
f 2013 2011 1968
f 2014 2012 1968
f 2015 2013 1968
f 2016 2014 1968
f 2017 2015 1968
f 2018 2016 1968
f 2019 2017 1968
f 2020 2018 1968
f 2021 2019 1968
f 2022 2020 1968
f 1969 2021 1968
f 1971 2022 1968
f 1074 1444 1968
f 1444 2023 1968
f 2023 2024 1968
f 2024 2025 1968
f 2025 2026 1968
f 2026 1678 1968
f 1678 2027 1968
f 1678 2028 2027
f 1678 2029 2028
f 1678 2030 2029
f 1678 1677 2030
f 2027 2002 1968
f 2031 2033 2032
f 2034 2032 2033
f 2035 2031 2032
f 2036 2032 2034
f 2037 2035 2032
f 2038 2032 2036
f 2039 2037 2032
f 2040 2032 2038
f 2041 2039 2032
f 2042 2032 2040
f 2043 2041 2032
f 2044 2032 2042
f 2045 2043 2032
f 2046 2032 2044
f 2047 2045 2032
f 2048 2032 2046
f 2049 2047 2032
f 2050 2032 2048
f 2051 2049 2032
f 2052 2032 2050
f 2053 2051 2032
f 2054 2032 2052
f 2055 2053 2032
f 2056 2032 2054
f 2057 2055 2032
f 2058 2032 2056
f 2059 2057 2032
f 2060 2032 2058
f 2061 2059 2032
f 2062 2032 2060
f 2063 2061 2032
f 2064 2032 2062
f 2065 2063 2032
f 2066 2032 2064
f 2067 2065 2032
f 2068 2032 2066
f 2069 2067 2032
f 2070 2032 2068
f 2071 2069 2032
f 2072 2032 2070
f 2073 2071 2032
f 2074 2032 2072
f 2075 2073 2032
f 2076 2032 2074
f 2077 2075 2032
f 2078 2032 2076
f 2079 2081 2080
f 2082 2080 2083
f 2082 2079 2080
f 2084 2085 2081
f 2084 2081 2079
f 2086 2083 2087
f 2086 2082 2083
f 2088 2032 2078
f 2088 2078 2085
f 2088 2085 2084
f 2089 2087 2090
f 2089 2086 2087
f 2091 2032 2088
f 2092 2090 2093
f 2092 2089 2090
f 2094 2032 2091
f 2095 2093 2096
f 2095 2092 2093
f 2097 2032 2094
f 2098 2096 2099
f 2098 2095 2096
f 2100 2032 2097
f 2101 2099 2102
f 2101 2098 2099
f 2103 2032 2100
f 2104 2102 2105
f 2104 2101 2102
f 2106 2032 2103
f 2107 2105 2108
f 2107 2104 2105
f 2109 2032 2106
f 2110 2108 2111
f 2110 2107 2108
f 2112 2032 2109
f 2113 2110 2111
f 2113 2111 2114
f 2115 2032 2112
f 2116 2114 2117
f 2116 2113 2114
f 2118 2032 2115
f 2119 2116 2117
f 2119 2117 2120
f 2121 2032 2118
f 2122 2119 2120
f 2122 2120 2123
f 2124 2032 2121
f 2125 2123 2126
f 2125 2122 2123
f 2127 2032 2124
f 2128 2126 2129
f 2128 2125 2126
f 2130 2032 2127
f 2131 2128 2129
f 2131 2129 2132
f 2133 2032 2130
f 2134 2132 2135
f 2134 2131 2132
f 2136 2032 2133
f 2137 2135 2138
f 2137 2134 2135
f 2139 2137 2138
f 2139 2138 2140
f 2141 2140 2142
f 2141 2139 2140
f 2143 2142 2144
f 2143 2141 2142
f 2145 2144 2146
f 2145 2143 2144
f 2147 2146 2148
f 2147 2145 2146
f 2149 2148 2150
f 2149 2147 2148
f 2151 2150 2152
f 2151 2149 2150
f 2153 2152 2154
f 2153 2151 2152
f 2155 2154 2156
f 2155 2153 2154
f 2157 2156 2158
f 2157 2155 2156
f 1074 2160 2159
f 1074 2159 2161
f 1074 2161 2162
f 1074 2162 2163
f 1074 2163 2164
f 1074 2164 2165
f 1074 2165 2166
f 1074 2166 2167
f 1074 2167 2077
f 1074 2077 2032
f 2168 2158 2169
f 2168 2157 2158
f 2170 2169 2171
f 2170 2168 2169
f 2172 2171 2173
f 2172 2170 2171
f 2174 2173 2175
f 2174 2172 2173
f 2176 2175 2177
f 2176 2174 2175
f 2178 2176 2177
f 2179 2181 2180
f 2182 2180 2183
f 2182 2179 2180
f 2184 2181 2179
f 2184 2185 2181
f 2186 2182 2183
f 2186 2183 2187
f 2188 2189 2185
f 2188 2185 2184
f 2190 2186 2187
f 2190 2187 2191
f 2192 2193 2189
f 2192 2189 2188
f 2194 2190 2191
f 2194 2191 2195
f 2196 2197 2193
f 2196 2193 2192
f 2198 2160 1074
f 2198 2194 2195
f 2198 2195 2160
f 2199 2200 2197
f 2199 2197 2196
f 2201 2198 1074
f 2202 2200 2199
f 2202 2203 2200
f 2204 2201 1074
f 2205 2203 2202
f 2205 2206 2203
f 2207 2204 1074
f 2208 2206 2205
f 2208 2209 2206
f 2210 2207 1074
f 2211 2212 2209
f 2211 2209 2208
f 2213 2210 1074
f 2214 2215 2212
f 2214 2212 2211
f 2216 2213 1074
f 2217 2215 2214
f 2217 2218 2215
f 2219 2216 1074
f 2220 2221 2218
f 2220 2218 2217
f 2222 2219 1074
f 2223 2224 2221
f 2223 2221 2220
f 2225 2222 1074
f 2226 2227 2224
f 2226 2224 2223
f 2228 2225 1074
f 2229 2230 2227
f 2229 2227 2226
f 2231 2228 1074
f 2232 2233 2230
f 2232 2230 2229
f 2234 2231 1074
f 2235 2233 2232
f 2235 2236 2233
f 2237 2234 1074
f 2238 2239 2236
f 2238 2236 2235
f 2240 2237 1074
f 2241 2242 2239
f 2241 2239 2238
f 2243 2240 1074
f 2244 2245 2242
f 2244 2242 2241
f 2246 2243 1074
f 2247 2248 2245
f 2247 2245 2244
f 2249 2246 1074
f 2250 2251 2248
f 2250 2248 2247
f 2252 2249 1074
f 2253 2254 2251
f 2253 2251 2250
f 2255 2252 1074
f 2256 2257 2254
f 2256 2254 2253
f 2258 2255 1074
f 2259 2257 2256
f 2259 2260 2257
f 2261 2258 1074
f 2262 2263 2260
f 2262 2260 2259
f 2264 2261 1074
f 2265 2266 2263
f 2265 2263 2262
f 2267 2264 1074
f 2268 2177 2266
f 2268 2266 2265
f 2269 2267 1074
f 2270 2269 1074
f 2271 2270 1074
f 2272 2271 1074
f 2273 2272 1074
f 2274 2273 1074
f 2275 2274 1074
f 2276 2275 1074
f 2277 2276 1074
f 2278 2277 1074
f 2279 2278 1074
f 2280 2279 1074
f 2281 2280 1074
f 2282 2281 1074
f 2283 2282 1074
f 2284 2283 1074
f 2285 2284 1074
f 2286 2285 1074
f 2287 2286 1074
f 2288 2287 1074
f 2289 2288 1074
f 2290 2289 1074
f 2291 2290 1074
f 2292 2291 1074
f 2293 2292 1074
f 2294 2296 2295
f 2297 2294 2295
f 2297 2295 2298
f 2299 2296 2294
f 2299 2300 2296
f 2301 2297 2298
f 2301 2298 2178
f 2302 2300 2299
f 2302 2303 2300
f 2304 2268 2305
f 2304 2177 2268
f 2304 2301 2178
f 2304 2178 2177
f 2306 2307 2303
f 2306 2303 2302
f 2308 2305 2309
f 2308 2304 2305
f 2310 2311 2307
f 2310 2307 2306
f 2312 2309 2313
f 2312 2308 2309
f 2314 2315 2311
f 2314 2311 2310
f 2316 2313 2317
f 2316 2312 2313
f 2318 2319 2315
f 2318 2315 2314
f 2320 2317 2321
f 2320 2316 2317
f 2322 2323 2319
f 2322 2319 2318
f 2324 2321 2325
f 2324 2320 2321
f 2326 2327 2323
f 2326 2323 2322
f 2328 2325 2329
f 2328 2324 2325
f 2330 2327 2326
f 2330 2331 2327
f 2332 2329 2333
f 2332 2328 2329
f 2334 2335 2331
f 2334 2331 2330
f 2336 2333 2337
f 2336 2332 2333
f 2338 2339 2335
f 2338 2335 2334
f 2340 2337 2341
f 2340 2336 2337
f 2342 2339 2338
f 2342 2343 2339
f 2344 2341 2345
f 2344 2340 2341
f 2346 2343 2342
f 2346 2347 2343
f 2348 2344 2345
f 2348 2345 2349
f 2350 2347 2346
f 2350 2351 2347
f 2352 2349 2353
f 2352 2348 2349
f 2354 2351 2350
f 2354 2355 2351
f 2356 2352 2353
f 2356 2353 2357
f 2358 2355 2354
f 2358 2359 2355
f 2360 2357 2361
f 2360 2356 2357
f 2362 2359 2358
f 2362 2363 2359
f 2364 2361 2365
f 2364 2360 2361
f 2366 2363 2362
f 2366 2367 2363
f 2368 2365 2369
f 2368 2364 2365
f 2370 2367 2366
f 2370 2371 2367
f 2372 2368 2369
f 2372 2369 2373
f 2374 2371 2370
f 2374 2375 2371
f 2376 2373 2377
f 2376 2372 2373
f 2378 2375 2374
f 2378 2379 2375
f 2380 2377 2381
f 2380 2376 2377
f 2382 2379 2378
f 2382 2383 2379
f 2384 2381 2385
f 2384 2380 2381
f 2386 2387 2383
f 2386 2383 2382
f 2388 2385 2389
f 2388 2384 2385
f 2390 2391 2387
f 2390 2387 2386
f 2392 2389 2393
f 2392 2388 2389
f 2394 2395 2391
f 2394 2391 2390
f 2396 2393 2397
f 2396 2392 2393
f 2398 2395 2394
f 2398 2399 2395
f 2400 2397 2401
f 2400 2396 2397
f 2402 2403 2399
f 2402 2399 2398
f 2404 2401 2405
f 2404 2400 2401
f 2406 2407 2403
f 2406 2403 2402
f 2408 2405 2409
f 2408 2404 2405
f 2410 2409 2411
f 2410 2408 2409
f 2412 2411 2413
f 2412 2410 2411
f 2414 2412 2413
f 2414 2413 2415
f 2416 2415 2417
f 2416 2414 2415
f 2418 2417 2419
f 2418 2416 2417
f 2420 2419 2421
f 2420 2418 2419
f 2422 2421 2423
f 2422 2420 2421
f 2424 2422 2423
f 2424 2423 2425
f 2426 2424 2425
f 2426 2425 2427
f 2428 2426 2427
f 2428 2427 2429
f 2430 2429 2431
f 2430 2428 2429
f 2432 2431 2433
f 2432 2430 2431
f 2434 2433 2435
f 2434 2432 2433
f 2436 2434 2435
f 2436 2435 2437
f 2438 2437 2439
f 2438 2436 2437
f 2440 2438 2439
f 2440 2439 2441
f 2442 2441 2443
f 2442 2440 2441
f 2444 2446 2445
f 2447 2444 2445
f 2447 2445 2448
f 2449 2446 2444
f 2449 2450 2446
f 2451 2448 2452
f 2451 2447 2448
f 2453 2450 2449
f 2453 2454 2450
f 2455 2451 2452
f 2455 2452 2456
f 2457 2454 2453
f 2457 2458 2454
f 2459 2456 2460
f 2459 2455 2456
f 2461 2458 2457
f 2461 2462 2458
f 2463 2459 2460
f 2463 2460 2464
f 2465 2462 2461
f 2465 2466 2462
f 2467 2463 2464
f 2467 2464 2468
f 2469 2466 2465
f 2469 2470 2466
f 2471 2468 2472
f 2471 2467 2468
f 2473 2470 2469
f 2473 2474 2470
f 2475 2471 2472
f 2475 2472 2476
f 2477 2478 2474
f 2477 2474 2473
f 2479 2476 2480
f 2479 2475 2476
f 2481 2482 2478
f 2481 2478 2477
f 2483 2479 2480
f 2483 2480 2484
f 2485 2482 2481
f 2485 2486 2482
f 2487 2483 2484
f 2487 2484 2488
f 2489 2486 2485
f 2489 2490 2486
f 2491 2488 2492
f 2491 2487 2488
f 2493 2494 2490
f 2493 2490 2489
f 2495 2492 2496
f 2495 2491 2492
f 2497 2498 2494
f 2497 2494 2493
f 2499 2495 2496
f 2499 2496 2500
f 2501 2502 2498
f 2501 2498 2497
f 2503 2500 2504
f 2503 2499 2500
f 2505 2504 2506
f 2505 2503 2504
f 2507 2506 2508
f 2507 2505 2506
f 2509 2507 2508
f 2509 2508 2510
f 2511 2510 2512
f 2511 2509 2510
f 2513 2512 2514
f 2513 2511 2512
f 2515 2514 2516
f 2515 2513 2514
f 2517 2516 2518
f 2517 2515 2516
f 2519 2517 2518
f 2519 2518 2520
f 2521 2519 2520
f 2521 2406 2522
f 2521 2520 2407
f 2521 2407 2406
f 2523 2522 2524
f 2523 2521 2522
f 2525 2523 2524
f 2525 2524 2526
f 2527 2526 2528
f 2527 2525 2526
f 2529 2527 2528
f 2529 2528 2530
f 2531 2530 2532
f 2531 2529 2530
f 2533 2531 2532
f 2533 2532 2534
f 2535 2533 2534
f 2535 2534 2536
f 2537 2535 2536
f 2537 2536 2538
f 2539 2537 2538
f 2539 2538 2540
f 2541 2539 2540
f 2541 2540 2542
f 2543 2541 2542
f 2544 2546 2545
f 2547 2545 2548
f 2547 2544 2545
f 2549 2546 2544
f 2549 2550 2546
f 2551 2548 2552
f 2551 2547 2548
f 2553 2554 2550
f 2553 2550 2549
f 2555 2552 2556
f 2555 2551 2552
f 2557 2558 2554
f 2557 2554 2553
f 2559 2556 2560
f 2559 2555 2556
f 2561 2558 2557
f 2561 2562 2558
f 2563 2560 2564
f 2563 2559 2560
f 2565 2566 2562
f 2565 2562 2561
f 2567 2563 2564
f 2567 2564 2568
f 2569 2570 2566
f 2569 2566 2565
f 2571 2567 2568
f 2571 2568 2572
f 2573 2574 2570
f 2573 2570 2569
f 2575 2572 2576
f 2575 2571 2572
f 2577 2578 2574
f 2577 2574 2573
f 2579 2576 2580
f 2579 2575 2576
f 2581 2578 2577
f 2582 2579 2580
f 2582 2580 2583
f 2584 2583 2585
f 2584 2582 2583
f 2586 2584 2585
f 2586 2585 2587
f 2588 2587 2589
f 2588 2586 2587
f 2590 2589 2591
f 2590 2588 2589
f 2592 2590 2591
f 2592 2591 2593
f 2594 2592 2593
f 2594 2593 2595
f 2596 2594 2595
f 2596 2595 2597
f 2598 2596 2597
f 2598 2597 2599
f 2600 2598 2599
f 2600 2599 2601
f 2602 2600 2601
f 2602 2601 2603
f 2604 2602 2603
f 2604 2603 2605
f 2606 2604 2605
f 2606 2605 2607
f 2608 2606 2607
f 2608 2607 2609
f 2610 2608 2609
f 2610 2609 2611
f 2612 2610 2611
f 2612 2611 2613
f 2614 2612 2613
f 2614 2613 2615
f 2616 2614 2615
f 2616 2615 2617
f 2618 2617 2619
f 2618 2616 2617
f 2620 2619 2621
f 2620 2618 2619
f 2622 2620 2621
f 2622 2621 2623
f 2624 2623 2625
f 2624 2622 2623
f 2626 2625 2627
f 2626 2624 2625
f 2628 2627 2629
f 2628 2626 2627
f 2630 2629 2631
f 2630 2628 2629
f 2632 2630 2631
f 2633 2635 2634
f 2636 2633 2634
f 2636 2634 2637
f 2638 2635 2633
f 2638 2639 2635
f 2640 2636 2637
f 2640 2637 2543
f 2641 2642 2639
f 2641 2639 2638
f 2643 2640 2543
f 2643 2543 2542
f 2644 2642 2641
f 2644 2645 2642
f 2646 2542 2647
f 2646 2643 2542
f 2648 2645 2644
f 2648 2649 2645
f 2650 2647 2651
f 2650 2646 2647
f 2652 2653 2649
f 2652 2649 2648
f 2654 2650 2651
f 2654 2651 2655
f 2656 2653 2652
f 2656 2657 2653
f 2658 2654 2655
f 2658 2655 2659
f 2660 2657 2656
f 2660 2661 2657
f 2662 2659 2663
f 2662 2658 2659
f 2664 2661 2660
f 2664 2665 2661
f 2666 2662 2663
f 2666 2663 2667
f 2668 2665 2664
f 2668 2669 2665
f 2670 2667 2671
f 2670 2666 2667
f 2672 2669 2668
f 2672 2673 2669
f 2674 2670 2671
f 2674 2671 2675
f 2676 2677 2673
f 2676 2673 2672
f 2678 2675 2679
f 2678 2674 2675
f 2680 2677 2676
f 2680 2681 2677
f 2682 2678 2679
f 2682 2679 2683
f 2684 2681 2680
f 2684 2685 2681
f 2686 2683 2687
f 2686 2682 2683
f 2688 2685 2684
f 2688 2689 2685
f 2690 2692 2691
f 2690 2691 2693
f 2690 2693 2694
f 2690 2694 2695
f 2690 2578 2581
f 2690 2502 2501
f 2690 2136 2696
f 2690 2696 2697
f 2690 2032 2136
f 2690 2697 2502
f 2690 2501 2698
f 2690 2698 2699
f 2690 2699 2578
f 2690 2581 2700
f 2690 2700 2701
f 2690 2701 2702
f 2690 2702 2703
f 2690 2703 2704
f 2690 2704 2705
f 2690 2705 2706
f 2690 2706 2707
f 2690 2707 2708
f 2690 2708 2709
f 2690 2709 2710
f 2690 2710 2711
f 2690 2711 2712
f 2690 2695 2713
f 2690 2712 2714
f 2690 2713 2715
f 2690 2714 2716
f 2690 2715 2717
f 2690 2716 2718
f 2690 2717 2719
f 2690 2718 2720
f 2690 2719 2721
f 2690 2720 2722
f 2690 2721 2723
f 2690 2722 2724
f 2690 2723 2725
f 2690 2724 2726
f 2690 2725 2727
f 2690 2726 2728
f 2690 2727 2729
f 2690 2728 2730
f 2690 2729 2731
f 2690 2730 2732
f 2690 2732 2733
f 2690 2733 2734
f 2690 2734 2735
f 2690 2735 2736
f 2690 2736 2737
f 2690 2737 2738
f 2690 2738 2739
f 2690 2739 2740
f 2690 2740 2741
f 2690 2741 2742
f 2690 2742 2692
f 2743 2687 2744
f 2743 2686 2687
f 2745 2746 2689
f 2745 2689 2688
f 2747 2744 2748
f 2747 2743 2744
f 2749 2746 2745
f 2749 2750 2746
f 2751 2747 2748
f 2751 2748 2752
f 2753 2754 2750
f 2753 2750 2749
f 2755 2752 2756
f 2755 2751 2752
f 2757 2754 2753
f 2757 2758 2754
f 2759 2755 2756
f 2759 2756 2760
f 2761 2758 2757
f 2761 2762 2758
f 2763 2760 2764
f 2763 2759 2760
f 2765 2762 2761
f 2765 2766 2762
f 2767 2764 2768
f 2767 2763 2764
f 2769 2770 2766
f 2769 2766 2765
f 2771 2768 2772
f 2771 2767 2768
f 2773 2770 2769
f 2773 2774 2770
f 2775 2772 2776
f 2775 2771 2772
f 2777 2774 2773
f 2777 2778 2774
f 2779 2776 2780
f 2779 2775 2776
f 2781 2778 2777
f 2781 2782 2778
f 2783 2780 2784
f 2783 2779 2780
f 2785 2786 2782
f 2785 2782 2781
f 2787 2784 2788
f 2787 2783 2784
f 2789 2790 2786
f 2789 2786 2785
f 2791 2788 2792
f 2791 2787 2788
f 2793 2794 2790
f 2793 2790 2789
f 2795 2791 2792
f 2795 2792 2796
f 2797 2794 2793
f 2797 2631 2794
f 2798 2796 2799
f 2798 2795 2796
f 2800 2798 2799
f 2800 2799 2801
f 2802 2801 2803
f 2802 2800 2801
f 2804 2803 2805
f 2804 2802 2803
f 2806 2804 2805
f 2806 2805 2807
f 2808 2806 2807
f 2808 2807 2809
f 2810 2808 2809
f 2810 2809 2811
f 2812 2811 2813
f 2812 2810 2811
f 2814 2812 2813
f 2814 2813 2815
f 2816 2814 2815
f 2816 2815 2817
f 2818 2817 2819
f 2818 2816 2817
f 2820 2819 2821
f 2820 2818 2819
f 2822 2824 2823
f 2825 2822 2823
f 2825 2823 2826
f 2827 2828 2824
f 2827 2824 2822
f 2829 2825 2826
f 2829 2826 2632
f 2830 2831 2828
f 2830 2828 2827
f 2832 2829 2632
f 2832 2632 2631
f 2832 2631 2797
f 2832 2797 2833
f 2834 2835 2831
f 2834 2831 2830
f 2836 2832 2833
f 2836 2833 2837
f 2838 2839 2835
f 2838 2835 2834
f 2840 2837 2841
f 2840 2836 2837
f 2842 2843 2839
f 2842 2839 2838
f 2844 2840 2841
f 2844 2841 2845
f 2846 2847 2843
f 2846 2843 2842
f 2848 2844 2845
f 2848 2845 2849
f 2850 2851 2847
f 2850 2847 2846
f 2852 2849 2853
f 2852 2848 2849
f 2854 2855 2851
f 2854 2851 2850
f 2856 2853 2857
f 2856 2852 2853
f 2858 2859 2855
f 2858 2855 2854
f 2860 2856 2857
f 2860 2857 2861
f 2862 2863 2859
f 2862 2859 2858
f 2864 2860 2861
f 2864 2861 2865
f 2866 2867 2863
f 2866 2863 2862
f 2868 2865 2869
f 2868 2864 2865
f 2870 2867 2866
f 2870 2871 2867
f 2872 2869 2873
f 2872 2868 2869
f 2874 2875 2871
f 2874 2871 2870
f 2876 2873 2877
f 2876 2872 2873
f 2878 2879 2875
f 2878 2875 2874
f 2880 2877 2881
f 2880 2876 2877
f 2882 2883 2879
f 2882 2879 2878
f 2884 2880 2881
f 2884 2881 2885
f 2886 2887 2883
f 2886 2883 2882
f 2888 2884 2885
f 2888 2885 2889
f 2890 2891 2887
f 2890 2887 2886
f 2892 2888 2889
f 2892 2889 2893
f 2894 2895 2891
f 2894 2891 2890
f 2896 2892 2893
f 2896 2893 2897
f 2898 2899 2895
f 2898 2895 2894
f 2900 2896 2897
f 2900 2897 2901
f 2902 2903 2899
f 2902 2899 2898
f 2904 2900 2901
f 2904 2901 2905
f 2906 2903 2902
f 2906 2907 2903
f 2908 2904 2905
f 2908 2905 2909
f 2910 2907 2906
f 2910 2911 2907
f 2912 2908 2909
f 2912 2909 2913
f 2914 2911 2910
f 2914 2915 2911
f 2916 2912 2913
f 2916 2913 2917
f 2918 2915 2914
f 2918 2919 2915
f 2920 2916 2917
f 2920 2917 2921
f 2922 2919 2918
f 2922 2923 2919
f 2924 2920 2921
f 2924 2921 2925
f 2926 2923 2922
f 2926 2927 2923
f 2928 2925 2929
f 2928 2924 2925
f 2930 2927 2926
f 2930 2931 2927
f 2932 2929 2933
f 2932 2928 2929
f 2934 2931 2930
f 2934 2935 2931
f 2936 2933 2937
f 2936 2932 2933
f 2938 2935 2934
f 2938 2939 2935
f 2940 2937 2941
f 2940 2936 2937
f 2942 2939 2938
f 2942 2943 2939
f 2944 2941 2945
f 2944 2940 2941
f 2946 2943 2942
f 2946 2731 2943
f 2947 2945 2948
f 2947 2944 2945
f 2949 2690 2731
f 2949 2731 2946
f 2950 2948 2951
f 2950 2947 2948
f 2952 2690 2949
f 2953 2951 2954
f 2953 2950 2951
f 2955 2690 2952
f 2956 2953 2954
f 2956 2954 2957
f 2958 2690 2955
f 2959 2957 2960
f 2959 2956 2957
f 2961 2690 2958
f 2962 2960 2963
f 2962 2959 2960
f 2964 2690 2961
f 2965 2963 2966
f 2965 2962 2963
f 2967 2690 2964
f 2968 2965 2966
f 2968 2966 2969
f 2970 2690 2967
f 2971 2969 2972
f 2971 2968 2969
f 1968 2974 2973
f 1968 2976 2975
f 1968 2973 2977
f 1968 2975 2978
f 1968 2977 2979
f 1968 2978 2980
f 1968 2980 2981
f 1968 2981 2982
f 1968 2982 2983
f 1968 2983 2984
f 1968 2984 2985
f 1968 2985 2986
f 1968 2986 2987
f 1968 2987 2988
f 1968 2988 2989
f 1968 2989 2990
f 1968 2971 2972
f 1968 2990 2991
f 1968 2991 2992
f 1968 2992 2993
f 1968 2690 2970
f 1968 2993 2971
f 1968 2972 2994
f 1968 2994 2995
f 1968 2995 2996
f 1968 2996 2997
f 1968 2997 2998
f 1968 2998 2999
f 1968 2999 3000
f 1968 2979 3001
f 1968 3000 3002
f 1968 3001 3003
f 1968 3002 3004
f 1968 3003 3005
f 1968 3004 3006
f 1968 3005 3007
f 1968 3007 3008
f 1968 3008 3009
f 1968 3009 3010
f 1968 3010 3011
f 1968 3011 3012
f 1968 3012 3013
f 1968 3013 3014
f 1968 3014 3015
f 1968 3015 3016
f 1968 3016 3017
f 1968 3017 3018
f 1968 3018 3019
f 1968 3019 3020
f 1968 2970 3021
f 1968 3020 3022
f 1968 3021 3023
f 1968 3022 3024
f 1968 3023 3025
f 1968 3024 3026
f 1968 3025 3027
f 1968 3026 3028
f 1968 3027 2974
f 1968 3028 2976
f 1968 3029 1074
f 3029 3030 1074
f 3030 3031 1074
f 3031 3032 1074
f 3032 3033 1074
f 3033 3034 1074
f 3034 3035 1074
f 3035 2820 1074
f 2820 2293 1074
f 2820 2443 2293
f 2820 3036 2443
f 3036 3037 2443
f 3037 2442 2443
f 1968 3038 3029
f 1968 3039 3038
f 1968 3006 3039
f 2820 3040 3036
f 2820 2821 3040
f 3041 2032 3042
f 2032 2690 3042
f 3041 3044 3043
f 3044 3041 3045
f 3041 3043 3046
f 3045 3041 3047
f 3041 3046 3048
f 3047 3041 3049
f 3041 3048 3050
f 3049 3041 3051
f 3041 3050 3052
f 3051 3041 3053
f 3041 3052 3054
f 3053 3041 3055
f 3041 3054 3056
f 3055 3041 3057
f 3041 3056 3058
f 3057 3041 3059
f 3041 3058 3060
f 3059 3041 3061
f 3041 3060 3062
f 3061 3041 3063
f 3041 3062 3064
f 3063 3041 3065
f 3041 3064 3066
f 3065 3041 3067
f 3041 3066 3068
f 3067 3041 3069
f 3041 3068 3070
f 3069 3041 3071
f 3041 3070 3072
f 3071 3041 3073
f 3041 3072 3074
f 3073 3041 3075
f 3041 3074 3076
f 3075 3041 3077
f 3041 3076 3078
f 3077 3041 3079
f 3041 3078 3080
f 3079 3041 3081
f 3081 3041 3082
f 3082 3041 3083
f 3083 3041 3084
f 3084 3041 3085
f 3086 3088 3087
f 3089 3086 3087
f 3090 3089 3087
f 3091 3090 3087
f 3092 3091 3087
f 3093 3092 3087
f 3094 3093 3087
f 3095 3094 3087
f 3096 3095 3087
f 3097 3096 3087
f 3080 3097 3087
f 3041 3080 3087
f 3087 3088 3098
f 3099 3100 3098
f 3101 3099 3098
f 3102 3101 3098
f 3103 3102 3098
f 3104 3103 3098
f 3105 3104 3098
f 3106 3105 3098
f 3107 3106 3098
f 3108 3107 3098
f 3109 3108 3098
f 3110 3109 3098
f 3111 3110 3098
f 3112 3111 3098
f 3113 3112 3098
f 3114 3113 3098
f 3115 3114 3098
f 3116 3115 3098
f 3088 3116 3098
f 3117 3119 3118
f 3120 3117 3121
f 3117 3118 3121
f 3119 3123 3122
f 3118 3119 3122
f 3124 3120 3125
f 3120 3121 3125
f 3085 3041 3126
f 3123 3085 3126
f 3122 3123 3126
f 3127 3124 3128
f 3124 3125 3128
f 3126 3041 3129
f 3130 3127 3131
f 3127 3128 3131
f 3129 3041 3132
f 3133 3130 3134
f 3130 3131 3134
f 3132 3041 3135
f 3136 3133 3137
f 3133 3134 3137
f 3135 3041 3138
f 3139 3136 3140
f 3136 3137 3140
f 3138 3041 3141
f 3142 3139 3143
f 3139 3140 3143
f 3141 3041 3144
f 3145 3142 3146
f 3142 3143 3146
f 3144 3041 3147
f 3145 3146 3148
f 3149 3145 3148
f 3147 3041 3150
f 3151 3149 3152
f 3149 3148 3152
f 3150 3041 3153
f 3154 3151 3155
f 3151 3152 3155
f 3153 3041 3156
f 3157 3154 3158
f 3154 3155 3158
f 3156 3041 3159
f 3157 3158 3160
f 3161 3157 3160
f 3159 3041 3162
f 3161 3160 3163
f 3164 3161 3163
f 3162 3041 3165
f 3166 3164 3167
f 3164 3163 3167
f 3165 3041 3168
f 3166 3167 3169
f 3170 3166 3169
f 3168 3041 3171
f 3170 3169 3172
f 3173 3170 3172
f 3171 3041 3174
f 3175 3173 3176
f 3173 3172 3176
f 3177 3175 3178
f 3175 3176 3178
f 3179 3177 3180
f 3177 3178 3180
f 3181 3179 3182
f 3179 3180 3182
f 3183 3181 3184
f 3181 3182 3184
f 3185 3183 3186
f 3183 3184 3186
f 3187 3185 3188
f 3185 3186 3188
f 3189 3187 3190
f 3187 3188 3190
f 3191 3189 3192
f 3189 3190 3192
f 3193 3191 3194
f 3191 3192 3194
f 3195 3193 3196
f 3193 3194 3196
f 3197 3195 3198
f 3195 3196 3198
f 3199 3197 3200
f 3197 3198 3200
f 3201 3199 3202
f 3199 3200 3202
f 3203 3201 3204
f 3201 3202 3204
f 3205 3203 3206
f 3203 3204 3206
f 3205 3206 3207
f 3098 3209 3208
f 3209 3098 3210
f 3098 3208 3211
f 3210 3098 3212
f 3098 3211 3213
f 3212 3098 3214
f 3098 3213 3215
f 3214 3098 3216
f 3098 3215 3217
f 3216 3098 3218
f 3098 3217 3219
f 3218 3098 3220
f 3098 3219 3221
f 3220 3098 3222
f 3098 3221 3223
f 3222 3098 3224
f 3098 3223 3225
f 3224 3098 3226
f 3098 3225 3227
f 3098 3100 3228
f 3226 3098 3228
f 3098 3227 3229
f 3100 3231 3230
f 3228 3100 3230
f 3098 3229 3232
f 3230 3231 3233
f 3231 3234 3233
f 3098 3232 3235
f 3234 3237 3236
f 3233 3234 3236
f 3098 3235 3238
f 3236 3237 3239
f 3237 3240 3239
f 3098 3238 3241
f 3240 3243 3242
f 3239 3240 3242
f 3098 3241 3244
f 3243 3246 3245
f 3242 3243 3245
f 3098 3244 3247
f 3246 3249 3248
f 3245 3246 3248
f 3098 3247 3250
f 3248 3249 3251
f 3249 3252 3251
f 3253 3098 3254
f 3098 3250 3254
f 3252 3256 3255
f 3251 3252 3255
f 3253 3254 3257
f 3255 3256 3258
f 3256 3259 3258
f 3253 3257 3260
f 3259 3262 3261
f 3258 3259 3261
f 3253 3260 3263
f 3261 3262 3264
f 3262 3265 3264
f 3253 3263 3266
f 3265 3268 3267
f 3264 3265 3267
f 3253 3266 3269
f 3267 3268 3270
f 3268 3271 3270
f 3253 3269 3272
f 3271 3274 3273
f 3270 3271 3273
f 3253 3272 3275
f 3274 3277 3276
f 3273 3274 3276
f 3253 3275 3278
f 3277 3280 3279
f 3276 3277 3279
f 3253 3278 3281
f 3279 3280 3282
f 3280 3205 3282
f 3253 3281 3283
f 3253 3283 3284
f 3253 3284 3285
f 3253 3285 3286
f 3253 3286 3287
f 3253 3287 3288
f 3253 3288 3289
f 3253 3289 3290
f 3253 3290 3291
f 3253 3291 3292
f 3253 3292 3293
f 3253 3293 3294
f 3253 3294 3295
f 3253 3295 3296
f 3253 3296 3297
f 3253 3297 3298
f 3253 3298 3299
f 3253 3299 3300
f 3253 3300 3301
f 3253 3301 3302
f 3253 3302 3303
f 3253 3303 3304
f 3253 3304 3305
f 3253 3305 3306
f 3253 3306 3307
f 3253 3307 3308
f 3309 3311 3310
f 3309 3310 3312
f 3313 3309 3312
f 3310 3311 3314
f 3311 3315 3314
f 3313 3312 3316
f 3207 3313 3316
f 3315 3318 3317
f 3314 3315 3317
f 3205 3207 3319
f 3320 3282 3319
f 3282 3205 3319
f 3207 3316 3319
f 3318 3322 3321
f 3317 3318 3321
f 3323 3320 3324
f 3320 3319 3324
f 3322 3326 3325
f 3321 3322 3325
f 3327 3323 3328
f 3323 3324 3328
f 3326 3330 3329
f 3325 3326 3329
f 3327 3328 3331
f 3332 3327 3331
f 3330 3334 3333
f 3329 3330 3333
f 3335 3332 3336
f 3332 3331 3336
f 3334 3338 3337
f 3333 3334 3337
f 3339 3335 3340
f 3335 3336 3340
f 3337 3338 3341
f 3338 3342 3341
f 3343 3339 3344
f 3339 3340 3344
f 3341 3342 3345
f 3342 3346 3345
f 3347 3343 3348
f 3343 3344 3348
f 3345 3346 3349
f 3346 3350 3349
f 3351 3347 3352
f 3347 3348 3352
f 3349 3350 3353
f 3350 3354 3353
f 3355 3351 3356
f 3351 3352 3356
f 3353 3354 3357
f 3354 3358 3357
f 3359 3355 3360
f 3355 3356 3360
f 3357 3358 3361
f 3358 3362 3361
f 3363 3359 3364
f 3359 3360 3364
f 3361 3362 3365
f 3362 3366 3365
f 3367 3363 3368
f 3363 3364 3368
f 3365 3366 3369
f 3366 3370 3369
f 3367 3368 3371
f 3372 3367 3371
f 3369 3370 3373
f 3370 3374 3373
f 3375 3372 3376
f 3372 3371 3376
f 3373 3374 3377
f 3374 3378 3377
f 3379 3375 3380
f 3375 3376 3380
f 3377 3378 3381
f 3378 3382 3381
f 3379 3380 3383
f 3384 3379 3383
f 3381 3382 3385
f 3382 3386 3385
f 3384 3383 3387
f 3388 3384 3387
f 3385 3386 3389
f 3386 3390 3389
f 3391 3388 3392
f 3388 3387 3392
f 3389 3390 3393
f 3390 3394 3393
f 3395 3391 3396
f 3391 3392 3396
f 3394 3398 3397
f 3393 3394 3397
f 3399 3395 3400
f 3395 3396 3400
f 3398 3402 3401
f 3397 3398 3401
f 3403 3399 3404
f 3399 3400 3404
f 3402 3406 3405
f 3401 3402 3405
f 3407 3403 3408
f 3403 3404 3408
f 3409 3407 3410
f 3407 3408 3410
f 3409 3410 3411
f 3412 3409 3411
f 3413 3412 3414
f 3412 3411 3414
f 3415 3413 3416
f 3413 3414 3416
f 3417 3415 3418
f 3415 3416 3418
f 3419 3417 3420
f 3417 3418 3420
f 3421 3419 3422
f 3419 3420 3422
f 3423 3421 3424
f 3421 3422 3424
f 3423 3424 3425
f 3426 3423 3425
f 3426 3425 3427
f 3428 3426 3427
f 3429 3428 3430
f 3428 3427 3430
f 3431 3429 3432
f 3429 3430 3432
f 3431 3432 3433
f 3434 3431 3433
f 3435 3434 3436
f 3434 3433 3436
f 3437 3435 3438
f 3435 3436 3438
f 3439 3441 3440
f 3439 3440 3442
f 3443 3439 3442
f 3440 3441 3444
f 3441 3445 3444
f 3443 3442 3446
f 3447 3443 3446
f 3444 3445 3448
f 3445 3449 3448
f 3450 3447 3451
f 3447 3446 3451
f 3448 3449 3452
f 3449 3453 3452
f 3450 3451 3454
f 3455 3450 3454
f 3452 3453 3456
f 3453 3457 3456
f 3458 3455 3459
f 3455 3454 3459
f 3456 3457 3460
f 3457 3461 3460
f 3462 3458 3463
f 3458 3459 3463
f 3460 3461 3464
f 3461 3465 3464
f 3462 3463 3466
f 3467 3462 3466
f 3465 3469 3468
f 3464 3465 3468
f 3467 3466 3470
f 3471 3467 3470
f 3469 3473 3472
f 3468 3469 3472
f 3471 3470 3474
f 3475 3471 3474
f 3473 3477 3476
f 3472 3473 3476
f 3475 3474 3478
f 3479 3475 3478
f 3476 3477 3480
f 3477 3481 3480
f 3479 3478 3482
f 3483 3479 3482
f 3480 3481 3484
f 3481 3485 3484
f 3486 3483 3487
f 3483 3482 3487
f 3485 3489 3488
f 3484 3485 3488
f 3490 3486 3491
f 3486 3487 3491
f 3489 3493 3492
f 3488 3489 3492
f 3494 3490 3495
f 3490 3491 3495
f 3493 3497 3496
f 3492 3493 3496
f 3498 3494 3499
f 3494 3495 3499
f 3498 3499 3500
f 3501 3498 3500
f 3502 3501 3503
f 3501 3500 3503
f 3502 3503 3504
f 3505 3502 3504
f 3505 3504 3506
f 3507 3505 3506
f 3508 3507 3509
f 3507 3506 3509
f 3510 3508 3511
f 3508 3509 3511
f 3510 3511 3512
f 3513 3515 3514
f 3516 3513 3514
f 3512 3516 3514
f 3517 3518 3514
f 3510 3512 3514
f 3519 3517 3514
f 3520 3405 3514
f 3521 3519 3514
f 3522 3520 3514
f 3523 3521 3514
f 3524 3522 3514
f 3525 3523 3514
f 3526 3524 3514
f 3527 3525 3514
f 3528 3526 3514
f 3529 3527 3514
f 3530 3528 3514
f 3531 3529 3514
f 3532 3530 3514
f 3533 3531 3514
f 3534 3532 3514
f 3535 3533 3514
f 3536 3534 3514
f 3537 3535 3514
f 3538 3510 3514
f 3539 3536 3514
f 3540 3537 3514
f 3541 3538 3514
f 3542 3539 3514
f 3543 3541 3514
f 3544 3542 3514
f 3545 3543 3514
f 3546 3544 3514
f 3405 3406 3514
f 3547 3545 3514
f 3548 3546 3514
f 3549 3547 3514
f 3550 3548 3514
f 3406 3549 3514
f 3551 3550 3514
f 3552 3551 3514
f 3553 3552 3514
f 3554 3553 3514
f 3555 3554 3514
f 3556 3555 3514
f 3557 3556 3514
f 3518 3557 3514
f 3558 3560 3559
f 3561 3558 3559
f 3562 3561 3559
f 3563 3562 3559
f 3564 3563 3559
f 3565 3564 3559
f 3566 3565 3559
f 3567 3566 3559
f 3568 3567 3559
f 3569 3568 3559
f 3570 3569 3559
f 3571 3570 3559
f 3572 3571 3559
f 3573 3572 3559
f 3574 3573 3559
f 3515 3574 3559
f 3514 3515 3559
f 3575 3576 3559
f 3577 3575 3559
f 3560 3577 3559
f 3253 3308 3578
f 3579 3437 3578
f 3580 3579 3578
f 3581 3580 3578
f 3582 3581 3578
f 3583 3582 3578
f 3308 3583 3578
f 3584 3540 3578
f 3585 3584 3578
f 3586 3585 3578
f 3587 3586 3578
f 3588 3587 3578
f 3589 3588 3578
f 3590 3589 3578
f 3591 3590 3578
f 3592 3591 3578
f 3593 3592 3578
f 3594 3593 3578
f 3595 3594 3578
f 3596 3595 3578
f 3597 3596 3578
f 3598 3597 3578
f 3540 3514 3578
f 3599 3598 3578
f 3600 3599 3578
f 3601 3600 3578
f 3602 3601 3578
f 3603 3602 3578
f 3604 3603 3578
f 3605 3604 3578
f 3606 3605 3578
f 3607 3606 3578
f 3608 3607 3578
f 3609 3608 3578
f 3438 3609 3578
f 3437 3438 3578
f 3610 3612 3611
f 3613 3610 3614
f 3610 3611 3614
f 3611 3612 3615
f 3612 3616 3615
f 3617 3613 3618
f 3613 3614 3618
f 3616 3620 3619
f 3615 3616 3619
f 3621 3617 3622
f 3617 3618 3622
f 3620 3624 3623
f 3619 3620 3623
f 3625 3621 3626
f 3621 3622 3626
f 3623 3624 3627
f 3624 3628 3627
f 3629 3625 3630
f 3625 3626 3630
f 3628 3632 3631
f 3627 3628 3631
f 3629 3630 3633
f 3634 3629 3633
f 3632 3636 3635
f 3631 3632 3635
f 3637 3634 3638
f 3634 3633 3638
f 3635 3636 3639
f 3636 3640 3639
f 3637 3638 3641
f 3642 3637 3641
f 3640 3644 3643
f 3639 3640 3643
f 3645 3642 3646
f 3642 3641 3646
f 3643 3644 3647
f 3648 3645 3649
f 3645 3646 3649
f 3650 3648 3651
f 3648 3649 3651
f 3650 3651 3652
f 3653 3650 3652
f 3654 3653 3655
f 3653 3652 3655
f 3654 3655 3656
f 3657 3654 3656
f 3657 3656 3658
f 3659 3657 3658
f 3660 3659 3661
f 3659 3658 3661
f 3660 3661 3662
f 3663 3660 3662
f 3664 3663 3665
f 3663 3662 3665
f 3664 3665 3666
f 3667 3664 3666
f 3667 3666 3668
f 3669 3667 3668
f 3669 3668 3670
f 3671 3669 3670
f 3671 3670 3672
f 3673 3671 3672
f 3673 3672 3674
f 3675 3673 3674
f 3675 3674 3676
f 3677 3675 3676
f 3677 3676 3678
f 3679 3677 3678
f 3680 3679 3681
f 3679 3678 3681
f 3682 3680 3683
f 3680 3681 3683
f 3684 3682 3685
f 3682 3683 3685
f 3686 3684 3687
f 3684 3685 3687
f 3688 3686 3689
f 3686 3687 3689
f 3688 3689 3690
f 3691 3688 3690
f 3691 3690 3692
f 3693 3691 3692
f 3694 3693 3695
f 3693 3692 3695
f 3696 3694 3697
f 3694 3695 3697
f 3696 3697 3698
f 3559 3700 3699
f 3700 3559 3701
f 3559 3699 3702
f 3701 3559 3703
f 3559 3702 3704
f 3703 3559 3705
f 3559 3704 3706
f 3705 3559 3707
f 3559 3706 3708
f 3707 3559 3709
f 3559 3708 3710
f 3709 3559 3711
f 3559 3576 3711
f 3559 3710 3712
f 3711 3576 3713
f 3576 3714 3713
f 3559 3712 3715
f 3713 3714 3716
f 3714 3717 3716
f 3559 3715 3718
f 3716 3717 3719
f 3717 3720 3719
f 3559 3718 3721
f 3719 3720 3722
f 3720 3723 3722
f 3559 3721 3724
f 3722 3723 3725
f 3723 3726 3725
f 3559 3724 3727
f 3725 3726 3728
f 3726 3729 3728
f 3559 3727 3730
f 3728 3729 3731
f 3729 3732 3731
f 3559 3730 3733
f 3731 3732 3734
f 3732 3735 3734
f 3736 3737 3042
f 3738 3736 3042
f 3739 3738 3042
f 3174 3041 3042
f 3740 3739 3042
f 3741 3740 3042
f 3742 3741 3042
f 3743 3742 3042
f 3744 3743 3042
f 3745 3744 3042
f 3746 3745 3042
f 3747 3746 3042
f 3748 3747 3042
f 3749 3174 3042
f 3750 3749 3042
f 3497 3750 3042
f 3751 3496 3042
f 3752 3751 3042
f 3644 3752 3042
f 3753 3647 3042
f 3754 3753 3042
f 3647 3644 3042
f 3755 3754 3042
f 3496 3497 3042
f 3756 3755 3042
f 3757 3756 3042
f 3758 3757 3042
f 3759 3758 3042
f 3760 3759 3042
f 3761 3760 3042
f 3762 3761 3042
f 3763 3762 3042
f 3764 3763 3042
f 3765 3764 3042
f 3766 3748 3042
f 3767 3765 3042
f 3768 3766 3042
f 3769 3767 3042
f 3770 3768 3042
f 3771 3769 3042
f 3772 3770 3042
f 3773 3771 3042
f 3774 3772 3042
f 3775 3773 3042
f 3776 3774 3042
f 3777 3775 3042
f 3778 3776 3042
f 3779 3777 3042
f 3780 3778 3042
f 3781 3779 3042
f 3782 3781 3042
f 3783 3782 3042
f 3784 3783 3042
f 3785 3784 3042
f 3737 3785 3042
f 3559 3733 3786
f 3734 3735 3787
f 3735 3788 3787
f 3559 3786 3789
f 3788 3791 3790
f 3787 3788 3790
f 3559 3789 3792
f 3790 3791 3793
f 3791 3794 3793
f 3559 3792 3795
f 3794 3797 3796
f 3793 3794 3796
f 3798 3559 3799
f 3559 3795 3799
f 3796 3797 3800
f 3797 3801 3800
f 3798 3799 3802
f 3800 3801 3803
f 3801 3804 3803
f 3798 3802 3805
f 3803 3804 3806
f 3804 3807 3806
f 3798 3805 3808
f 3806 3807 3809
f 3807 3810 3809
f 3798 3808 3811
f 3809 3810 3812
f 3810 3813 3812
f 3798 3811 3814
f 3812 3813 3815
f 3813 3816 3815
f 3798 3814 3817
f 3815 3816 3818
f 3816 3819 3818
f 3798 3817 3820
f 3818 3819 3821
f 3819 3822 3821
f 3798 3820 3823
f 3821 3822 3824
f 3822 3825 3824
f 3798 3823 3826
f 3824 3825 3827
f 3825 3696 3827
f 3798 3826 3828
f 3798 3828 3829
f 3798 3829 3830
f 3798 3830 3831
f 3798 3831 3832
f 3798 3832 3833
f 3798 3833 3834
f 3798 3834 3835
f 3798 3835 3836
f 3798 3836 3837
f 3798 3837 3838
f 3798 3838 3839
f 3798 3839 3840
f 3798 3840 3841
f 3798 3841 3842
f 3798 3842 3843
f 3798 3843 3844
f 3798 3844 3845
f 3798 3845 3846
f 3798 3846 3847
f 3798 3847 3848
f 3798 3848 3849
f 3798 3849 3850
f 3851 3853 3852
f 3854 3851 3855
f 3851 3852 3855
f 3853 3857 3856
f 3852 3853 3856
f 3698 3854 3858
f 3854 3855 3858
f 3857 3860 3859
f 3856 3857 3859
f 3827 3696 3861
f 3696 3698 3861
f 3698 3858 3861
f 3862 3827 3861
f 3859 3860 3863
f 3860 3864 3863
f 3862 3861 3865
f 3866 3862 3865
f 3863 3864 3867
f 3864 3868 3867
f 3866 3865 3869
f 3870 3866 3869
f 3867 3868 3871
f 3868 3872 3871
f 3873 3870 3874
f 3870 3869 3874
f 3872 3876 3875
f 3871 3872 3875
f 3873 3874 3877
f 3878 3873 3877
f 3876 3880 3879
f 3875 3876 3879
f 3878 3877 3881
f 3882 3878 3881
f 3880 3884 3883
f 3879 3880 3883
f 3882 3881 3885
f 3886 3882 3885
f 3884 3888 3887
f 3883 3884 3887
f 3889 3886 3890
f 3886 3885 3890
f 3888 3892 3891
f 3887 3888 3891
f 3889 3890 3893
f 3894 3889 3893
f 3891 3892 3895
f 3892 3896 3895
f 3894 3893 3897
f 3898 3894 3897
f 3895 3896 3899
f 3896 3900 3899
f 3898 3897 3901
f 3902 3898 3901
f 3899 3900 3903
f 3900 3904 3903
f 3902 3901 3905
f 3906 3902 3905
f 3904 3908 3907
f 3903 3904 3907
f 3909 3906 3910
f 3906 3905 3910
f 3908 3912 3911
f 3907 3908 3911
f 3909 3910 3913
f 3914 3909 3913
f 3911 3912 3915
f 3912 3916 3915
f 3914 3913 3917
f 3918 3914 3917
f 3916 3920 3919
f 3915 3916 3919
f 3918 3917 3921
f 3922 3918 3921
f 3920 3924 3923
f 3919 3920 3923
f 3922 3921 3925
f 3926 3922 3925
f 3924 3928 3927
f 3923 3924 3927
f 3926 3925 3929
f 3930 3926 3929
f 3928 3932 3931
f 3927 3928 3931
f 3930 3929 3933
f 3934 3930 3933
f 3932 3936 3935
f 3931 3932 3935
f 3934 3933 3937
f 3938 3934 3937
f 3935 3936 3939
f 3938 3937 3940
f 3941 3938 3940
f 3941 3940 3942
f 3943 3941 3942
f 3943 3942 3944
f 3945 3943 3944
f 3946 3945 3947
f 3945 3944 3947
f 3948 3946 3949
f 3946 3947 3949
f 3950 3948 3951
f 3948 3949 3951
f 3952 3950 3953
f 3950 3951 3953
f 3952 3953 3954
f 3955 3952 3954
f 3955 3954 3956
f 3957 3955 3956
f 3958 3957 3959
f 3957 3956 3959
f 3958 3959 3960
f 3961 3958 3960
f 3961 3960 3962
f 3963 3961 3962
f 3964 3963 3965
f 3963 3962 3965
f 3964 3965 3966
f 3967 3964 3966
f 3967 3966 3968
f 3969 3967 3968
f 3970 3972 3971
f 3973 3974 3971
f 3975 3970 3971
f 3976 3973 3971
f 3977 3975 3971
f 3978 3976 3971
f 3979 3977 3971
f 3980 3978 3971
f 3981 3979 3971
f 3982 3980 3971
f 3983 3981 3971
f 3984 3982 3971
f 3936 3983 3971
f 3985 3984 3971
f 3986 3985 3971
f 3987 3986 3971
f 3988 3987 3971
f 3989 3988 3971
f 3939 3936 3971
f 3990 3939 3971
f 3991 3989 3971
f 3992 3990 3971
f 3993 3991 3971
f 3994 3992 3971
f 3995 3993 3971
f 3996 3994 3971
f 3997 3995 3971
f 3998 3996 3971
f 3999 3997 3971
f 4000 3998 3971
f 4001 3999 3971
f 4002 4000 3971
f 4003 4001 3971
f 4004 4002 3971
f 4005 4003 3971
f 4006 4004 3971
f 4007 4005 3971
f 4008 4006 3971
f 4009 4007 3971
f 4010 4008 3971
f 4011 4009 3971
f 4012 4010 3971
f 4013 4011 3971
f 4014 4012 3971
f 4015 4013 3971
f 3972 4016 3971
f 3974 4014 3971
f 3971 4016 4017
f 3780 3042 4017
f 4018 3780 4017
f 4019 4018 4017
f 4020 4019 4017
f 4016 4020 4017
f 4021 4023 4022
f 4024 4021 4022
f 4025 4024 4022
f 4026 4025 4022
f 4027 4026 4022
f 4028 4027 4022
f 4029 4028 4022
f 4030 4029 4022
f 4031 4030 4022
f 4032 4031 4022
f 4033 4032 4022
f 4034 4033 4022
f 4035 4034 4022
f 4036 4035 4022
f 4037 4036 4022
f 4038 4037 4022
f 4039 4038 4022
f 4040 4039 4022
f 4041 4040 4022
f 4042 4041 4022
f 3798 3850 4022
f 4043 4042 4022
f 4044 4043 4022
f 4045 4044 4022
f 4046 4045 4022
f 4047 4046 4022
f 4048 4047 4022
f 4049 4048 4022
f 3968 4049 4022
f 4015 3971 4022
f 4050 3969 4022
f 4051 4050 4022
f 4052 4051 4022
f 4053 4052 4022
f 3969 3968 4022
f 4054 4053 4022
f 4055 4054 4022
f 4056 4055 4022
f 4057 4056 4022
f 4058 4057 4022
f 4059 4058 4022
f 4060 4059 4022
f 3850 4060 4022
f 4023 4015 4022
f 1160 142 1163
f 1160 138 142
f 1157 134 138
f 1157 130 134
f 1157 138 1160
f 1154 130 1157
f 1151 126 130
f 1151 122 126
f 1151 130 1154
f 1148 118 122
f 1148 122 1151
f 1145 118 1148
f 1141 114 118
f 1141 118 1145
f 1137 110 114
f 1137 106 110
f 1137 114 1141
f 1133 106 1137
f 1129 102 106
f 1129 106 1133
f 1125 102 1129
f 1125 98 102
f 1121 98 1125
f 1121 94 98
f 1117 94 1121
f 1117 90 94
f 1113 90 1117
f 1113 86 90
f 1109 86 1113
f 1109 82 86
f 1105 82 1109
f 1105 78 82
f 1101 78 1105
f 1101 74 78
f 1097 74 1101
f 1097 70 74
f 1093 70 1097
f 1093 66 70
f 1091 66 1093
f 1091 65 66
f 1091 68 65
f 1095 68 1091
f 1098 68 1095
f 1098 72 68
f 1098 76 72
f 1102 76 1098
f 1106 80 76
f 1106 84 80
f 1106 76 1102
f 1110 84 1106
f 1114 88 84
f 1114 84 1110
f 1118 92 88
f 1118 96 92
f 1118 88 1114
f 1122 100 96
f 1122 96 1118
f 1126 100 1122
f 1130 104 100
f 1130 108 104
f 1130 100 1126
f 1134 108 1130
f 1138 112 108
f 1138 116 112
f 1138 108 1134
f 1142 116 1138
f 1076 120 116
f 1076 124 120
f 1076 116 1142
f 1075 124 1076
f 1077 124 1075
f 1077 128 124
f 1078 128 1077
f 1078 132 128
f 1079 132 1078
f 1079 136 132
f 1080 136 1079
f 1080 140 136
f 1081 140 1080
f 1081 213 140
f 1081 215 213
f 1082 215 1081
f 1083 215 1082
f 1083 217 215
f 1084 217 1083
f 1084 219 217
f 1085 219 1084
f 1085 221 219
f 1086 221 1085
f 1086 223 221
f 1087 223 1086
f 1087 225 223
f 1088 225 1087
f 1088 227 225
f 1089 227 1088
f 1089 229 227
f 1090 229 1089
f 1090 63 229
f 1073 63 1090
f 1073 62 63
f 1072 62 1073
f 1072 61 62
f 1071 61 1072
f 1071 60 61
f 1070 60 1071
f 1070 59 60
f 1069 59 1070
f 1069 58 59
f 1068 58 1069
f 1068 57 58
f 1066 57 1068
f 1066 55 57
f 1064 55 1066
f 1064 53 55
f 1062 51 53
f 1062 53 1064
f 1060 49 51
f 1060 51 1062
f 1058 47 49
f 1058 49 1060
f 1056 45 47
f 1056 47 1058
f 1054 45 1056
f 1054 43 45
f 1052 43 1054
f 1052 41 43
f 1050 41 1052
f 1050 39 41
f 1048 39 1050
f 1048 37 39
f 1046 37 1048
f 1046 35 37
f 1044 35 1046
f 1044 33 35
f 1042 33 1044
f 1042 31 33
f 1040 31 1042
f 1040 29 31
f 1038 29 1040
f 1038 27 29
f 1036 27 1038
f 1036 25 27
f 1034 25 1036
f 1034 23 25
f 1032 23 1034
f 1032 21 23
f 1030 21 1032
f 1030 19 21
f 1028 17 19
f 1028 19 1030
f 1026 15 17
f 1026 17 1028
f 1024 13 15
f 1024 15 1026
f 1021 9 13
f 1021 13 1024
f 1022 11 9
f 1022 9 1021
f 1023 12 11
f 1023 11 1022
f 1025 14 12
f 1025 12 1023
f 1027 16 14
f 1027 14 1025
f 1029 18 16
f 1029 16 1027
f 1031 20 18
f 1031 18 1029
f 1033 22 20
f 1033 20 1031
f 1035 24 22
f 1035 22 1033
f 1037 26 24
f 1037 24 1035
f 1039 26 1037
f 1039 28 26
f 1041 28 1039
f 1041 30 28
f 1043 30 1041
f 1043 32 30
f 1045 32 1043
f 1045 34 32
f 1047 36 34
f 1047 34 1045
f 1049 38 36
f 1049 40 38
f 1049 36 1047
f 1051 40 1049
f 1053 42 40
f 1053 40 1051
f 1055 44 42
f 1055 42 1053
f 1057 46 44
f 1057 44 1055
f 1059 48 46
f 1059 46 1057
f 1061 50 48
f 1061 52 50
f 1061 48 1059
f 1063 52 1061
f 1065 54 52
f 1065 52 1063
f 1067 56 54
f 1067 54 1065
f 1223 175 56
f 1223 168 175
f 1223 56 1067
f 1219 168 1223
f 1217 164 168
f 1217 168 1219
f 1214 163 164
f 1214 164 1217
f 1210 159 163
f 1210 155 159
f 1210 163 1214
f 1206 155 1210
f 1202 151 155
f 1202 148 151
f 1202 155 1206
f 1199 148 1202
f 1197 147 148
f 1197 148 1199
f 1203 147 1197
f 1203 153 147
f 1207 153 1203
f 1207 157 153
f 1212 157 1207
f 1212 161 157
f 1215 161 1212
f 1215 166 161
f 1221 166 1215
f 1221 170 166
f 1225 170 1221
f 1225 173 170
f 1227 173 1225
f 1227 177 173
f 1229 177 1227
f 1229 178 177
f 1233 178 1229
f 1233 183 178
f 1237 183 1233
f 1237 186 183
f 1238 186 1237
f 1238 187 186
f 1242 187 1238
f 1242 192 187
f 1246 195 192
f 1246 192 1242
f 1166 195 1246
f 1166 145 195
f 1163 142 145
f 1163 145 1166
f 1509 502 1506
f 1509 501 502
f 1512 505 501
f 1512 506 505
f 1512 501 1509
f 1513 506 1512
f 1516 509 506
f 1516 510 509
f 1516 506 1513
f 1517 513 510
f 1517 510 1516
f 1519 513 1517
f 1521 514 513
f 1521 513 1519
f 1523 517 514
f 1523 518 517
f 1523 514 1521
f 1525 518 1523
f 1527 521 518
f 1527 518 1525
f 1529 521 1527
f 1529 522 521
f 1532 522 1529
f 1532 525 522
f 1533 525 1532
f 1533 526 525
f 1536 526 1533
f 1536 529 526
f 1538 529 1536
f 1538 531 529
f 1539 531 1538
f 1539 532 531
f 1541 532 1539
f 1541 534 532
f 1544 534 1541
f 1544 537 534
f 1546 537 1544
f 1546 539 537
f 1547 539 1546
f 1547 540 539
f 1547 543 540
f 1549 543 1547
f 1552 543 1549
f 1552 545 543
f 1552 547 545
f 1553 547 1552
f 1555 549 547
f 1555 431 549
f 1555 547 1553
f 1443 431 1555
f 1440 428 431
f 1440 431 1443
f 1437 425 428
f 1437 422 425
f 1437 428 1440
f 1434 419 422
f 1434 422 1437
f 1431 419 1434
f 1428 416 419
f 1428 413 416
f 1428 419 1431
f 1424 413 1428
f 1420 410 413
f 1420 405 410
f 1420 413 1424
f 1417 405 1420
f 1412 401 405
f 1412 398 401
f 1412 405 1417
f 1409 398 1412
f 1404 398 1409
f 1404 393 398
f 1400 393 1404
f 1400 390 393
f 1397 390 1400
f 1397 386 390
f 1392 386 1397
f 1392 382 386
f 1389 382 1392
f 1389 377 382
f 1389 373 377
f 1384 373 1389
f 1380 373 1384
f 1380 370 373
f 1376 370 1380
f 1376 365 370
f 1373 365 1376
f 1373 361 365
f 1368 361 1373
f 1368 357 361
f 1365 357 1368
f 1365 353 357
f 1361 353 1365
f 1361 349 353
f 1356 349 1361
f 1356 345 349
f 1353 345 1356
f 1353 342 345
f 1349 342 1353
f 1349 338 342
f 1345 338 1349
f 1345 333 338
f 1340 333 1345
f 1340 329 333
f 1336 329 1340
f 1336 326 329
f 1332 326 1336
f 1332 322 326
f 1329 322 1332
f 1329 318 322
f 1324 318 1329
f 1324 313 318
f 1320 313 1324
f 1320 309 313
f 1317 305 309
f 1317 309 1320
f 1312 301 305
f 1312 305 1317
f 1308 298 301
f 1308 301 1312
f 1304 294 298
f 1304 298 1308
f 1300 294 1304
f 1300 289 294
f 1296 289 1300
f 1296 285 289
f 1248 285 1296
f 1248 197 285
f 1245 197 1248
f 1245 194 197
f 1243 194 1245
f 1243 191 194
f 1240 191 1243
f 1240 189 191
f 1236 189 1240
f 1236 185 189
f 1234 185 1236
f 1234 182 185
f 1231 182 1234
f 1231 180 182
f 1228 180 1231
f 1228 176 180
f 1224 176 1228
f 1224 172 176
f 1220 172 1224
f 1220 169 172
f 1216 169 1220
f 1216 165 169
f 1211 160 165
f 1211 165 1216
f 1208 156 160
f 1208 160 1211
f 1204 152 156
f 1204 156 1208
f 1198 146 152
f 1198 152 1204
f 1200 149 146
f 1200 146 1198
f 1201 150 149
f 1201 149 1200
f 1205 154 150
f 1205 150 1201
f 1209 158 154
f 1209 154 1205
f 1213 162 158
f 1213 158 1209
f 1218 167 162
f 1218 162 1213
f 1222 171 167
f 1222 167 1218
f 1226 174 171
f 1226 171 1222
f 1230 179 174
f 1230 174 1226
f 1232 179 1230
f 1232 181 179
f 1235 181 1232
f 1235 184 181
f 1239 184 1235
f 1239 188 184
f 1241 188 1239
f 1241 190 188
f 1244 193 190
f 1244 190 1241
f 1247 196 193
f 1247 198 196
f 1247 193 1244
f 1249 198 1247
f 1250 199 198
f 1250 198 1249
f 1503 493 199
f 1503 199 1250
f 1496 489 493
f 1496 493 1503
f 1494 488 489
f 1494 489 1496
f 1491 484 488
f 1491 480 484
f 1491 488 1494
f 1487 480 1491
f 1480 476 480
f 1480 480 1487
f 1476 469 476
f 1476 476 1480
f 1474 468 469
f 1474 464 468
f 1474 469 1476
f 1471 464 1474
f 1467 460 464
f 1467 464 1471
f 1463 456 460
f 1463 460 1467
f 1460 453 456
f 1460 445 453
f 1460 456 1463
f 1452 445 1460
f 1448 441 445
f 1448 440 441
f 1448 445 1452
f 1446 440 1448
f 1449 442 440
f 1449 440 1446
f 1453 442 1449
f 1453 447 442
f 1456 447 1453
f 1456 450 447
f 1458 450 1456
f 1458 451 450
f 1464 451 1458
f 1464 458 451
f 1469 458 1464
f 1469 462 458
f 1472 462 1469
f 1472 466 462
f 1477 466 1472
f 1477 471 466
f 1482 471 1477
f 1482 474 471
f 1485 474 1482
f 1485 478 474
f 1489 478 1485
f 1489 482 478
f 1492 482 1489
f 1492 486 482
f 1497 486 1492
f 1497 491 486
f 1501 495 491
f 1501 491 1497
f 1505 495 1501
f 1505 498 495
f 1506 502 498
f 1506 498 1505
f 1631 628 1634
f 1631 624 628
f 1628 621 624
f 1628 617 621
f 1628 624 1631
f 1624 617 1628
f 1620 613 617
f 1620 609 613
f 1620 617 1624
f 1616 605 609
f 1616 609 1620
f 1612 605 1616
f 1608 601 605
f 1608 605 1612
f 1604 597 601
f 1604 593 597
f 1604 601 1608
f 1600 593 1604
f 1596 589 593
f 1596 593 1600
f 1592 589 1596
f 1592 585 589
f 1588 585 1592
f 1588 581 585
f 1584 581 1588
f 1584 577 581
f 1580 577 1584
f 1580 573 577
f 1576 573 1580
f 1576 569 573
f 1572 569 1576
f 1572 565 569
f 1568 565 1572
f 1568 561 565
f 1564 561 1568
f 1564 557 561
f 1560 557 1564
f 1560 553 557
f 1558 553 1560
f 1558 552 553
f 1558 555 552
f 1561 555 1558
f 1566 555 1561
f 1566 559 555
f 1566 563 559
f 1570 563 1566
f 1574 567 563
f 1574 571 567
f 1574 563 1570
f 1578 571 1574
f 1581 575 571
f 1581 571 1578
f 1586 579 575
f 1586 583 579
f 1586 575 1581
f 1590 587 583
f 1590 583 1586
f 1594 587 1590
f 1597 591 587
f 1597 595 591
f 1597 587 1594
f 1601 595 1597
f 1605 599 595
f 1605 603 599
f 1605 595 1601
f 1610 603 1605
f 1613 607 603
f 1613 611 607
f 1613 603 1610
f 1618 611 1613
f 1622 611 1618
f 1622 615 611
f 1626 615 1622
f 1626 619 615
f 1557 619 1626
f 1557 550 619
f 1556 550 1557
f 1556 548 550
f 1554 548 1556
f 1554 546 548
f 1554 544 546
f 1551 544 1554
f 1550 544 1551
f 1550 542 544
f 1548 542 1550
f 1548 541 542
f 1545 541 1548
f 1545 538 541
f 1543 538 1545
f 1543 536 538
f 1542 536 1543
f 1542 535 536
f 1540 535 1542
f 1540 533 535
f 1537 533 1540
f 1537 530 533
f 1535 530 1537
f 1535 528 530
f 1534 528 1535
f 1534 527 528
f 1531 527 1534
f 1531 524 527
f 1530 524 1531
f 1530 523 524
f 1528 523 1530
f 1528 520 523
f 1526 520 1528
f 1526 519 520
f 1524 519 1526
f 1524 516 519
f 1522 516 1524
f 1522 515 516
f 1520 515 1522
f 1520 512 515
f 1518 511 512
f 1518 512 1520
f 1515 508 511
f 1515 511 1518
f 1514 507 508
f 1514 508 1515
f 1511 504 507
f 1511 507 1514
f 1510 504 1511
f 1510 503 504
f 1508 503 1510
f 1508 500 503
f 1504 500 1508
f 1504 497 500
f 1500 497 1504
f 1500 494 497
f 1498 494 1500
f 1498 490 494
f 1493 490 1498
f 1493 485 490
f 1488 485 1493
f 1488 481 485
f 1484 481 1488
f 1484 477 481
f 1481 477 1484
f 1481 473 477
f 1478 473 1481
f 1478 470 473
f 1473 470 1478
f 1473 465 470
f 1468 465 1473
f 1468 461 465
f 1465 461 1468
f 1465 457 461
f 1461 454 457
f 1461 457 1465
f 1457 449 454
f 1457 454 1461
f 1454 446 449
f 1454 449 1457
f 1450 443 446
f 1450 446 1454
f 1447 439 443
f 1447 443 1450
f 1451 444 439
f 1451 439 1447
f 1455 448 444
f 1455 444 1451
f 1459 452 448
f 1459 448 1455
f 1462 455 452
f 1462 452 1459
f 1466 459 455
f 1466 455 1462
f 1470 463 459
f 1470 459 1466
f 1475 467 463
f 1475 463 1470
f 1479 472 467
f 1479 467 1475
f 1483 472 1479
f 1483 475 472
f 1486 475 1483
f 1486 479 475
f 1490 479 1486
f 1490 483 479
f 1495 483 1490
f 1495 487 483
f 1499 492 487
f 1499 487 1495
f 1502 496 492
f 1502 499 496
f 1502 492 1499
f 1507 499 1502
f 1778 771 499
f 1778 499 1507
f 1779 772 771
f 1779 771 1778
f 1780 773 772
f 1780 772 1779
f 1781 774 773
f 1781 773 1780
f 1782 775 774
f 1782 776 775
f 1782 774 1781
f 1783 776 1782
f 1784 777 776
f 1784 776 1783
f 1709 701 777
f 1709 777 1784
f 1708 700 701
f 1708 696 700
f 1708 701 1709
f 1704 696 1708
f 1697 689 696
f 1697 696 1704
f 1696 688 689
f 1696 689 1697
f 1693 685 688
f 1693 680 685
f 1693 688 1696
f 1688 680 1693
f 1681 673 680
f 1681 672 673
f 1681 680 1688
f 1679 672 1681
f 1683 675 672
f 1683 672 1679
f 1686 675 1683
f 1686 678 675
f 1690 678 1686
f 1690 682 678
f 1691 682 1690
f 1691 683 682
f 1699 683 1691
f 1699 691 683
f 1702 691 1699
f 1702 694 691
f 1705 694 1702
f 1705 698 694
f 1711 698 1705
f 1711 703 698
f 1714 703 1711
f 1714 706 703
f 1716 706 1714
f 1716 708 706
f 1718 708 1716
f 1718 710 708
f 1719 710 1718
f 1719 712 710
f 1722 712 1719
f 1722 714 712
f 1724 716 714
f 1724 714 1722
f 1638 716 1724
f 1638 631 716
f 1634 628 631
f 1634 631 1638
f 1799 770 1777
f 1799 792 770
f 1801 794 792
f 1801 796 794
f 1801 792 1799
f 1803 796 1801
f 1805 798 796
f 1805 800 798
f 1805 796 1803
f 1807 802 800
f 1807 800 1805
f 1809 802 1807
f 1811 804 802
f 1811 802 1809
f 1813 806 804
f 1813 808 806
f 1813 804 1811
f 1815 808 1813
f 1817 810 808
f 1817 808 1815
f 1819 810 1817
f 1819 812 810
f 1821 812 1819
f 1821 814 812
f 1823 814 1821
f 1823 816 814
f 2009 816 1823
f 2009 818 816
f 2011 818 2009
f 2011 1007 818
f 2013 1007 2011
f 2013 1009 1007
f 2015 1009 2013
f 2015 1011 1009
f 2017 1011 2015
f 2017 1013 1011
f 2019 1013 2017
f 2019 1015 1013
f 2021 1015 2019
f 2021 1017 1015
f 2021 971 1017
f 1969 971 2021
f 1967 971 1969
f 1967 970 971
f 1967 974 970
f 1973 974 1967
f 1976 968 974
f 1976 966 968
f 1976 974 1973
f 1978 966 1976
f 1980 964 966
f 1980 966 1978
f 1982 962 964
f 1982 960 962
f 1982 964 1980
f 1984 958 960
f 1984 960 1982
f 1966 958 1984
f 1962 956 958
f 1962 952 956
f 1962 958 1966
f 1958 952 1962
f 1954 949 952
f 1954 944 949
f 1954 952 1958
f 1950 944 1954
f 1946 940 944
f 1946 936 940
f 1946 944 1950
f 1942 936 1946
f 1938 936 1942
f 1938 932 936
f 1934 932 1938
f 1934 928 932
f 1930 928 1934
f 1930 924 928
f 1926 924 1930
f 1926 920 924
f 1923 920 1926
f 1923 917 920
f 1923 912 917
f 1918 912 1923
f 1914 912 1918
f 1914 908 912
f 1910 908 1914
f 1910 904 908
f 1906 904 1910
f 1906 900 904
f 1903 900 1906
f 1903 897 900
f 1898 897 1903
f 1898 892 897
f 1894 892 1898
f 1894 888 892
f 1890 888 1894
f 1890 884 888
f 1886 884 1890
f 1886 880 884
f 1882 880 1886
f 1882 876 880
f 1878 876 1882
f 1878 872 876
f 1874 872 1878
f 1874 868 872
f 1870 868 1874
f 1870 864 868
f 1867 864 1870
f 1867 861 864
f 1862 861 1867
f 1862 856 861
f 1858 856 1862
f 1858 852 856
f 1855 852 1858
f 1855 849 852
f 1850 844 849
f 1850 849 1855
f 1846 840 844
f 1846 844 1850
f 1843 836 840
f 1843 840 1846
f 1838 832 836
f 1838 836 1843
f 1834 832 1838
f 1834 828 832
f 1772 828 1834
f 1772 764 828
f 1725 764 1772
f 1725 717 764
f 1723 717 1725
f 1723 715 717
f 1721 715 1723
f 1721 713 715
f 1720 713 1721
f 1720 711 713
f 1717 711 1720
f 1717 709 711
f 1715 709 1717
f 1715 707 709
f 1713 707 1715
f 1713 705 707
f 1710 705 1713
f 1710 702 705
f 1706 702 1710
f 1706 697 702
f 1701 697 1706
f 1701 693 697
f 1698 693 1701
f 1698 690 693
f 1694 686 690
f 1694 690 1698
f 1689 681 686
f 1689 686 1694
f 1685 677 681
f 1685 681 1689
f 1682 674 677
f 1682 677 1685
f 1680 671 674
f 1680 674 1682
f 1684 676 671
f 1684 671 1680
f 1687 679 676
f 1687 676 1684
f 1692 684 679
f 1692 679 1687
f 1695 687 684
f 1695 684 1692
f 1700 692 687
f 1700 687 1695
f 1703 695 692
f 1703 692 1700
f 1707 699 695
f 1707 695 1703
f 1712 704 699
f 1712 699 1707
f 1785 704 1712
f 1785 778 704
f 1786 778 1785
f 1786 779 778
f 1787 779 1786
f 1787 780 779
f 1788 780 1787
f 1788 781 780
f 1789 782 781
f 1789 781 1788
f 1790 783 782
f 1790 784 783
f 1790 782 1789
f 1791 784 1790
f 1792 785 784
f 1792 784 1791
f 1793 786 785
f 1793 785 1792
f 1794 787 786
f 1794 786 1793
f 1795 788 787
f 1795 787 1794
f 1796 789 788
f 1796 790 789
f 1796 788 1795
f 1797 790 1796
f 1798 791 790
f 1798 790 1797
f 1800 793 791
f 1800 791 1798
f 1802 795 793
f 1802 797 795
f 1802 793 1800
f 1804 797 1802
f 1806 799 797
f 1806 797 1804
f 1808 801 799
f 1808 799 1806
f 1810 803 801
f 1810 805 803
f 1810 801 1808
f 1812 805 1810
f 1814 807 805
f 1814 809 807
f 1814 805 1812
f 1816 809 1814
f 1818 811 809
f 1818 809 1816
f 1820 811 1818
f 1820 813 811
f 1822 813 1820
f 1822 815 813
f 1824 815 1822
f 1824 817 815
f 1825 817 1824
f 1825 819 817
f 1826 819 1825
f 1826 820 819
f 1827 820 1826
f 1827 821 820
f 1828 821 1827
f 1828 822 821
f 1829 822 1828
f 1829 823 822
f 1830 823 1829
f 1830 824 823
f 1831 824 1830
f 1831 825 824
f 1774 825 1831
f 1774 767 825
f 1773 767 1774
f 1773 766 767
f 1775 768 766
f 1775 766 1773
f 1776 768 1775
f 1776 769 768
f 1777 770 769
f 1777 769 1776
f 1313 303 1315
f 1313 307 303
f 1321 311 307
f 1321 315 311
f 1321 307 1313
f 1325 315 1321
f 1327 316 315
f 1327 320 316
f 1327 315 1325
f 1333 324 320
f 1333 320 1327
f 1337 324 1333
f 1341 331 324
f 1341 324 1337
f 1343 335 331
f 1343 336 335
f 1343 331 1341
f 1346 336 1343
f 1350 340 336
f 1350 336 1346
f 1357 340 1350
f 1357 347 340
f 1359 347 1357
f 1359 351 347
f 1362 351 1359
f 1362 355 351
f 1369 355 1362
f 1369 359 355
f 1371 359 1369
f 1371 363 359
f 1377 363 1371
f 1377 367 363
f 1381 367 1377
f 1381 368 367
f 1385 368 1381
f 1385 375 368
f 1387 375 1385
f 1387 379 375
f 1393 379 1387
f 1393 380 379
f 1393 384 380
f 1395 384 1393
f 1401 384 1395
f 1401 388 384
f 1401 395 388
f 1405 395 1401
f 1407 396 395
f 1407 403 396
f 1407 395 1405
f 1414 403 1407
f 1415 407 403
f 1415 403 1414
f 1421 408 407
f 1421 201 408
f 1421 407 1415
f 1426 200 201
f 1426 201 1421
f 1196 200 1426
f 1195 202 200
f 1195 203 202
f 1195 200 1196
f 1194 203 1195
f 1193 204 203
f 1193 205 204
f 1193 203 1194
f 1192 205 1193
f 1191 206 205
f 1191 207 206
f 1191 205 1192
f 1190 207 1191
f 1189 207 1190
f 1189 208 207
f 1188 208 1189
f 1188 209 208
f 1187 209 1188
f 1187 210 209
f 1186 210 1187
f 1186 211 210
f 1185 211 1186
f 1185 212 211
f 1185 214 212
f 1184 214 1185
f 1183 214 1184
f 1183 216 214
f 1182 216 1183
f 1182 218 216
f 1181 218 1182
f 1181 220 218
f 1180 220 1181
f 1180 222 220
f 1179 222 1180
f 1179 224 222
f 1178 224 1179
f 1178 226 224
f 1177 226 1178
f 1177 228 226
f 1176 228 1177
f 1176 230 228
f 1175 230 1176
f 1175 231 230
f 1174 231 1175
f 1174 232 231
f 1173 232 1174
f 1173 233 232
f 1172 233 1173
f 1172 234 233
f 1171 234 1172
f 1171 235 234
f 1170 235 1171
f 1170 236 235
f 1169 236 1170
f 1169 237 236
f 1168 237 1169
f 1168 238 237
f 1167 239 238
f 1167 238 1168
f 1164 143 239
f 1164 239 1167
f 1161 139 143
f 1161 143 1164
f 1158 135 139
f 1158 139 1161
f 1155 135 1158
f 1155 131 135
f 1152 131 1155
f 1152 127 131
f 1149 127 1152
f 1149 123 127
f 1146 123 1149
f 1146 119 123
f 1143 119 1146
f 1143 115 119
f 1139 115 1143
f 1139 111 115
f 1135 111 1139
f 1135 107 111
f 1131 107 1135
f 1131 103 107
f 1127 103 1131
f 1127 99 103
f 1123 99 1127
f 1123 95 99
f 1119 95 1123
f 1119 91 95
f 1115 91 1119
f 1115 87 91
f 1111 87 1115
f 1111 83 87
f 1107 79 83
f 1107 83 1111
f 1103 75 79
f 1103 79 1107
f 1099 71 75
f 1099 75 1103
f 1094 67 71
f 1094 71 1099
f 1092 64 67
f 1092 67 1094
f 1096 69 64
f 1096 64 1092
f 1100 73 69
f 1100 69 1096
f 1104 77 73
f 1104 73 1100
f 1108 81 77
f 1108 77 1104
f 1112 85 81
f 1112 81 1108
f 1116 89 85
f 1116 85 1112
f 1120 93 89
f 1120 89 1116
f 1124 97 93
f 1124 93 1120
f 1128 97 1124
f 1128 101 97
f 1132 101 1128
f 1132 105 101
f 1136 105 1132
f 1136 109 105
f 1140 109 1136
f 1140 113 109
f 1144 117 113
f 1144 113 1140
f 1147 121 117
f 1147 125 121
f 1147 117 1144
f 1150 125 1147
f 1153 129 125
f 1153 125 1150
f 1156 133 129
f 1156 129 1153
f 1159 137 133
f 1159 133 1156
f 1162 141 137
f 1162 137 1159
f 1165 144 141
f 1165 282 144
f 1165 141 1162
f 1293 282 1165
f 1289 275 282
f 1289 282 1293
f 1285 274 275
f 1285 275 1289
f 1280 269 274
f 1280 265 269
f 1280 274 1285
f 1276 265 1280
f 1272 259 265
f 1272 265 1276
f 1269 258 259
f 1269 259 1272
f 1264 253 258
f 1264 249 253
f 1264 258 1269
f 1258 249 1264
f 1256 245 249
f 1256 242 245
f 1256 249 1258
f 1253 242 1256
f 1251 241 242
f 1251 242 1253
f 1254 241 1251
f 1254 247 241
f 1261 247 1254
f 1261 251 247
f 1265 251 1261
f 1265 255 251
f 1267 255 1265
f 1267 256 255
f 1273 256 1267
f 1273 263 256
f 1278 263 1273
f 1278 267 263
f 1282 267 1278
f 1282 271 267
f 1283 271 1282
f 1283 272 271
f 1286 272 1283
f 1286 279 272
f 1290 279 1286
f 1290 280 279
f 1297 280 1290
f 1297 287 280
f 1301 287 1297
f 1301 291 287
f 1305 292 291
f 1305 291 1301
f 1309 292 1305
f 1309 296 292
f 1315 303 296
f 1315 296 1309
f 1439 424 1436
f 1439 427 424
f 1442 430 427
f 1442 433 430
f 1442 427 1439
f 1445 433 1442
f 1635 626 433
f 1635 633 626
f 1635 433 1445
f 1639 634 633
f 1639 633 1635
f 1641 634 1639
f 1643 636 634
f 1643 634 1641
f 1645 639 636
f 1645 640 639
f 1645 636 1643
f 1647 640 1645
f 1649 642 640
f 1649 640 1647
f 1651 642 1649
f 1651 645 642
f 1653 645 1651
f 1653 647 645
f 1655 647 1653
f 1655 648 647
f 1657 648 1655
f 1657 651 648
f 1659 651 1657
f 1659 653 651
f 1661 653 1659
f 1661 654 653
f 1662 654 1661
f 1662 657 654
f 1665 657 1662
f 1665 659 657
f 1667 659 1665
f 1667 660 659
f 1669 660 1667
f 1669 663 660
f 1669 664 663
f 1671 664 1669
f 1674 664 1671
f 1674 667 664
f 1674 669 667
f 1676 669 1674
f 1678 438 669
f 1678 437 438
f 1678 669 1676
f 2026 437 1678
f 2025 436 437
f 2025 437 2026
f 2024 435 436
f 2024 434 435
f 2024 436 2025
f 2023 432 434
f 2023 434 2024
f 1444 432 2023
f 1441 429 432
f 1441 426 429
f 1441 432 1444
f 1438 426 1441
f 1435 423 426
f 1435 420 423
f 1435 426 1438
f 1432 420 1435
f 1429 417 420
f 1429 414 417
f 1429 420 1432
f 1425 414 1429
f 1422 414 1425
f 1422 411 414
f 1418 411 1422
f 1418 406 411
f 1413 406 1418
f 1413 402 406
f 1410 402 1413
f 1410 399 402
f 1406 399 1410
f 1406 394 399
f 1406 391 394
f 1402 391 1406
f 1398 391 1402
f 1398 387 391
f 1394 387 1398
f 1394 383 387
f 1390 383 1394
f 1390 378 383
f 1386 378 1390
f 1386 374 378
f 1382 374 1386
f 1382 371 374
f 1378 371 1382
f 1378 366 371
f 1374 366 1378
f 1374 362 366
f 1370 362 1374
f 1370 358 362
f 1366 358 1370
f 1366 354 358
f 1363 354 1366
f 1363 350 354
f 1358 350 1363
f 1358 346 350
f 1354 346 1358
f 1354 343 346
f 1351 343 1354
f 1351 339 343
f 1347 339 1351
f 1347 334 339
f 1342 334 1347
f 1342 330 334
f 1338 330 1342
f 1338 327 330
f 1334 323 327
f 1334 327 1338
f 1330 319 323
f 1330 323 1334
f 1326 314 319
f 1326 319 1330
f 1322 310 314
f 1322 314 1326
f 1318 310 1322
f 1318 306 310
f 1314 306 1318
f 1314 302 306
f 1310 302 1314
f 1310 299 302
f 1306 299 1310
f 1306 295 299
f 1302 295 1306
f 1302 290 295
f 1298 290 1302
f 1298 286 290
f 1294 286 1298
f 1294 283 286
f 1291 283 1294
f 1291 278 283
f 1287 278 1291
f 1287 276 278
f 1281 276 1287
f 1281 270 276
f 1277 270 1281
f 1277 266 270
f 1274 266 1277
f 1274 262 266
f 1270 262 1274
f 1270 260 262
f 1266 254 260
f 1266 260 1270
f 1262 250 254
f 1262 254 1266
f 1259 246 250
f 1259 250 1262
f 1252 243 246
f 1252 246 1259
f 1255 240 243
f 1255 243 1252
f 1257 244 240
f 1257 240 1255
f 1260 248 244
f 1260 244 1257
f 1263 252 248
f 1263 248 1260
f 1268 257 252
f 1268 252 1263
f 1271 261 257
f 1271 257 1268
f 1275 264 261
f 1275 261 1271
f 1279 268 264
f 1279 264 1275
f 1284 273 268
f 1284 268 1279
f 1288 273 1284
f 1288 277 273
f 1292 277 1288
f 1292 281 277
f 1295 281 1292
f 1295 284 281
f 1299 284 1295
f 1299 288 284
f 1303 293 288
f 1303 288 1299
f 1307 297 293
f 1307 300 297
f 1307 293 1303
f 1311 300 1307
f 1316 304 300
f 1316 300 1311
f 1319 308 304
f 1319 304 1316
f 1323 312 308
f 1323 308 1319
f 1328 317 312
f 1328 312 1323
f 1331 321 317
f 1331 325 321
f 1331 317 1328
f 1335 325 1331
f 1339 328 325
f 1339 325 1335
f 1344 332 328
f 1344 328 1339
f 1348 337 332
f 1348 341 337
f 1348 332 1344
f 1352 341 1348
f 1355 344 341
f 1355 341 1352
f 1360 348 344
f 1360 344 1355
f 1364 352 348
f 1364 356 352
f 1364 348 1360
f 1367 356 1364
f 1372 360 356
f 1372 364 360
f 1372 356 1367
f 1375 364 1372
f 1379 369 364
f 1379 364 1375
f 1383 369 1379
f 1383 372 369
f 1388 372 1383
f 1388 376 372
f 1391 376 1388
f 1391 381 376
f 1396 381 1391
f 1396 385 381
f 1399 385 1396
f 1399 389 385
f 1403 389 1399
f 1403 392 389
f 1408 392 1403
f 1408 397 392
f 1411 397 1408
f 1411 400 397
f 1416 400 1411
f 1416 404 400
f 1419 404 1416
f 1419 409 404
f 1423 409 1419
f 1423 412 409
f 1427 412 1423
f 1427 415 412
f 1430 418 415
f 1430 415 1427
f 1433 418 1430
f 1433 421 418
f 1436 424 421
f 1436 421 1433
f 1852 842 1847
f 1852 846 842
f 1853 847 846
f 1853 854 847
f 1853 846 1852
f 1860 854 1853
f 1864 858 854
f 1864 859 858
f 1864 854 1860
f 1865 866 859
f 1865 859 1864
f 1872 866 1865
f 1876 870 866
f 1876 866 1872
f 1880 874 870
f 1880 878 874
f 1880 870 1876
f 1884 878 1880
f 1888 882 878
f 1888 878 1884
f 1892 882 1888
f 1892 886 882
f 1896 886 1892
f 1896 890 886
f 1900 890 1896
f 1900 894 890
f 1901 894 1900
f 1901 895 894
f 1907 895 1901
f 1907 902 895
f 1911 902 1907
f 1911 906 902
f 1916 906 1911
f 1916 910 906
f 1919 910 1916
f 1919 914 910
f 1921 914 1919
f 1921 915 914
f 1928 915 1921
f 1928 922 915
f 1928 926 922
f 1931 926 1928
f 1935 926 1931
f 1935 930 926
f 1935 934 930
f 1940 934 1935
f 1944 938 934
f 1944 942 938
f 1944 934 1940
f 1948 942 1944
f 1952 946 942
f 1952 942 1948
f 1956 947 946
f 1956 954 947
f 1956 946 1952
f 1960 986 954
f 1960 954 1956
f 1964 986 1960
f 1994 987 986
f 1994 989 987
f 1994 986 1964
f 1996 989 1994
f 1998 991 989
f 1998 993 991
f 1998 989 1996
f 2000 993 1998
f 2002 995 993
f 2002 997 995
f 2002 993 2000
f 2027 997 2002
f 2028 997 2027
f 2028 999 997
f 2029 999 2028
f 2029 1001 999
f 2030 1001 2029
f 2030 1003 1001
f 1677 1003 2030
f 1677 670 1003
f 1675 670 1677
f 1675 668 670
f 1675 666 668
f 1673 666 1675
f 1672 666 1673
f 1672 665 666
f 1670 665 1672
f 1670 662 665
f 1668 662 1670
f 1668 661 662
f 1666 661 1668
f 1666 658 661
f 1664 658 1666
f 1664 656 658
f 1663 656 1664
f 1663 655 656
f 1660 655 1663
f 1660 652 655
f 1658 652 1660
f 1658 650 652
f 1656 650 1658
f 1656 649 650
f 1654 649 1656
f 1654 646 649
f 1652 646 1654
f 1652 644 646
f 1650 644 1652
f 1650 643 644
f 1648 643 1650
f 1648 641 643
f 1646 641 1648
f 1646 638 641
f 1644 638 1646
f 1644 637 638
f 1642 637 1644
f 1642 635 637
f 1640 632 635
f 1640 635 1642
f 1636 629 632
f 1636 632 1640
f 1632 625 629
f 1632 629 1636
f 1629 622 625
f 1629 625 1632
f 1625 622 1629
f 1625 618 622
f 1621 618 1625
f 1621 614 618
f 1617 614 1621
f 1617 610 614
f 1614 610 1617
f 1614 606 610
f 1609 606 1614
f 1609 602 606
f 1606 602 1609
f 1606 598 602
f 1602 598 1606
f 1602 594 598
f 1598 594 1602
f 1598 590 594
f 1593 590 1598
f 1593 586 590
f 1589 586 1593
f 1589 582 586
f 1585 582 1589
f 1585 578 582
f 1582 578 1585
f 1582 574 578
f 1577 574 1582
f 1577 570 574
f 1573 566 570
f 1573 570 1577
f 1569 562 566
f 1569 566 1573
f 1565 558 562
f 1565 562 1569
f 1562 554 558
f 1562 558 1565
f 1559 551 554
f 1559 554 1562
f 1563 556 551
f 1563 551 1559
f 1567 560 556
f 1567 556 1563
f 1571 564 560
f 1571 560 1567
f 1575 568 564
f 1575 564 1571
f 1579 572 568
f 1579 568 1575
f 1583 576 572
f 1583 572 1579
f 1587 580 576
f 1587 576 1583
f 1591 584 580
f 1591 580 1587
f 1595 584 1591
f 1595 588 584
f 1599 588 1595
f 1599 592 588
f 1603 592 1599
f 1603 596 592
f 1607 596 1603
f 1607 600 596
f 1611 604 600
f 1611 600 1607
f 1615 608 604
f 1615 612 608
f 1615 604 1611
f 1619 612 1615
f 1623 616 612
f 1623 612 1619
f 1627 620 616
f 1627 616 1623
f 1630 623 620
f 1630 620 1627
f 1633 627 623
f 1633 623 1630
f 1637 630 627
f 1637 756 630
f 1637 627 1633
f 1768 756 1637
f 1763 755 756
f 1763 756 1768
f 1759 751 755
f 1759 755 1763
f 1755 747 751
f 1755 743 747
f 1755 751 1759
f 1751 743 1755
f 1745 740 743
f 1745 743 1751
f 1744 736 740
f 1744 740 1745
f 1737 731 736
f 1737 724 731
f 1737 736 1744
f 1736 724 1737
f 1728 723 724
f 1728 720 723
f 1728 724 1736
f 1726 720 1728
f 1730 719 720
f 1730 720 1726
f 1733 719 1730
f 1733 726 719
f 1734 726 1733
f 1734 729 726
f 1740 729 1734
f 1740 733 729
f 1742 733 1740
f 1742 734 733
f 1748 734 1742
f 1748 738 734
f 1753 738 1748
f 1753 745 738
f 1757 745 1753
f 1757 749 745
f 1761 749 1757
f 1761 753 749
f 1765 753 1761
f 1765 758 753
f 1766 758 1765
f 1766 759 758
f 1770 759 1766
f 1770 762 759
f 1836 762 1770
f 1836 830 762
f 1840 834 830
f 1840 830 1836
f 1841 834 1840
f 1841 838 834
f 1847 842 838
f 1847 838 1841
f 1990 961 1975
f 1990 963 961
f 1991 965 963
f 1991 967 965
f 1991 963 1990
f 1992 967 1991
f 1993 969 967
f 1993 988 969
f 1993 967 1992
f 1995 990 988
f 1995 988 1993
f 1997 990 1995
f 1999 992 990
f 1999 990 1997
f 2001 994 992
f 2001 996 994
f 2001 992 1999
f 2003 996 2001
f 2004 998 996
f 2004 996 2003
f 2005 998 2004
f 2005 1000 998
f 2006 1000 2005
f 2006 1002 1000
f 2007 1002 2006
f 2007 1004 1002
f 2008 1004 2007
f 2008 1005 1004
f 2010 1005 2008
f 2010 1006 1005
f 2012 1006 2010
f 2012 1008 1006
f 2014 1008 2012
f 2014 1010 1008
f 2016 1010 2014
f 2016 1012 1010
f 2018 1012 2016
f 2018 1014 1012
f 2020 1014 2018
f 2020 1016 1014
f 2020 1018 1016
f 2022 1018 2020
f 1971 1018 2022
f 1971 973 1018
f 1971 972 973
f 1970 972 1971
f 1974 975 972
f 1974 976 975
f 1974 972 1970
f 1977 976 1974
f 1979 977 976
f 1979 976 1977
f 1981 978 977
f 1981 979 978
f 1981 977 1979
f 1983 980 979
f 1983 979 1981
f 1985 980 1983
f 1986 981 980
f 1986 982 981
f 1986 980 1985
f 1987 982 1986
f 1988 983 982
f 1988 984 983
f 1988 982 1987
f 1989 984 1988
f 1963 985 984
f 1963 953 985
f 1963 984 1989
f 1959 953 1963
f 1955 953 1959
f 1955 950 953
f 1951 950 1955
f 1951 945 950
f 1947 945 1951
f 1947 941 945
f 1943 941 1947
f 1943 937 941
f 1939 937 1943
f 1939 933 937
f 1939 929 933
f 1936 929 1939
f 1932 929 1936
f 1932 925 929
f 1927 925 1932
f 1927 921 925
f 1924 921 1927
f 1924 918 921
f 1920 918 1924
f 1920 913 918
f 1915 913 1920
f 1915 909 913
f 1912 909 1915
f 1912 905 909
f 1908 905 1912
f 1908 901 905
f 1904 901 1908
f 1904 898 901
f 1899 898 1904
f 1899 893 898
f 1895 893 1899
f 1895 889 893
f 1891 889 1895
f 1891 885 889
f 1887 885 1891
f 1887 881 885
f 1883 881 1887
f 1883 877 881
f 1879 877 1883
f 1879 873 877
f 1875 873 1879
f 1875 869 873
f 1871 869 1875
f 1871 865 869
f 1868 862 865
f 1868 865 1871
f 1863 857 862
f 1863 862 1868
f 1859 853 857
f 1859 857 1863
f 1856 850 853
f 1856 853 1859
f 1851 850 1856
f 1851 845 850
f 1848 845 1851
f 1848 841 845
f 1844 841 1848
f 1844 837 841
f 1839 837 1844
f 1839 833 837
f 1835 833 1839
f 1835 829 833
f 1832 829 1835
f 1832 826 829
f 1769 826 1832
f 1769 761 826
f 1764 761 1769
f 1764 757 761
f 1760 757 1764
f 1760 752 757
f 1756 752 1760
f 1756 748 752
f 1752 748 1756
f 1752 744 748
f 1749 744 1752
f 1749 741 744
f 1746 741 1749
f 1746 737 741
f 1741 732 737
f 1741 737 1746
f 1738 728 732
f 1738 732 1741
f 1732 725 728
f 1732 728 1738
f 1729 721 725
f 1729 725 1732
f 1727 718 721
f 1727 721 1729
f 1731 722 718
f 1731 718 1727
f 1735 727 722
f 1735 722 1731
f 1739 730 727
f 1739 727 1735
f 1743 735 730
f 1743 730 1739
f 1747 739 735
f 1747 735 1743
f 1750 742 739
f 1750 739 1747
f 1754 746 742
f 1754 742 1750
f 1758 750 746
f 1758 746 1754
f 1762 750 1758
f 1762 754 750
f 1767 754 1762
f 1767 760 754
f 1771 760 1767
f 1771 763 760
f 1833 763 1771
f 1833 827 763
f 1837 831 827
f 1837 827 1833
f 1842 835 831
f 1842 839 835
f 1842 831 1837
f 1845 839 1842
f 1849 843 839
f 1849 839 1845
f 1854 848 843
f 1854 843 1849
f 1857 851 848
f 1857 848 1854
f 1861 855 851
f 1861 851 1857
f 1866 860 855
f 1866 863 860
f 1866 855 1861
f 1869 863 1866
f 1873 867 863
f 1873 863 1869
f 1877 871 867
f 1877 867 1873
f 1881 875 871
f 1881 879 875
f 1881 871 1877
f 1885 879 1881
f 1889 883 879
f 1889 879 1885
f 1893 887 883
f 1893 883 1889
f 1897 891 887
f 1897 896 891
f 1897 887 1893
f 1902 896 1897
f 1905 899 896
f 1905 903 899
f 1905 896 1902
f 1909 903 1905
f 1913 907 903
f 1913 903 1909
f 1917 907 1913
f 1917 911 907
f 1922 911 1917
f 1922 916 911
f 1925 916 1922
f 1925 919 916
f 1929 919 1925
f 1929 923 919
f 1933 923 1929
f 1933 927 923
f 1937 927 1933
f 1937 931 927
f 1941 931 1937
f 1941 935 931
f 1945 935 1941
f 1945 939 935
f 1949 939 1945
f 1949 943 939
f 1953 943 1949
f 1953 948 943
f 1957 948 1953
f 1957 951 948
f 1961 951 1957
f 1961 955 951
f 1965 957 955
f 1965 955 1961
f 1972 957 1965
f 1972 959 957
f 1975 961 959
f 1975 959 1972
f 4017 8 7
f 3971 4017 7
f 3098 3 1
f 3087 3098 1
f 3 3253 4
f 3253 3578 4
f 3559 5 4
f 3514 3559 4
f 5 3798 7
f 3798 4022 7
f 3181 2142 3179
f 3181 2144 2142
f 3183 2146 2144
f 3183 2144 3181
f 3185 2148 2146
f 3185 2146 3183
f 3187 2150 2148
f 3187 2148 3185
f 3189 2152 2150
f 3189 2150 3187
f 3191 2154 2152
f 3191 2156 2154
f 3191 2152 3189
f 3193 2156 3191
f 3195 2158 2156
f 3195 2156 3193
f 3197 2169 2158
f 3197 2158 3195
f 3199 2171 2169
f 3199 2169 3197
f 3201 2171 3199
f 3201 2173 2171
f 3203 2173 3201
f 3203 2175 2173
f 3205 2175 3203
f 3205 2177 2175
f 3280 2177 3205
f 3280 2266 2177
f 3277 2266 3280
f 3277 2263 2266
f 3274 2263 3277
f 3274 2260 2263
f 3271 2260 3274
f 3271 2257 2260
f 3268 2257 3271
f 3268 2254 2257
f 3265 2254 3268
f 3265 2251 2254
f 3265 2248 2251
f 3262 2248 3265
f 3262 2245 2248
f 3259 2245 3262
f 3256 2245 3259
f 3256 2242 2245
f 3252 2239 2242
f 3252 2242 3256
f 3249 2236 2239
f 3249 2239 3252
f 3246 2233 2236
f 3246 2236 3249
f 3243 2230 2233
f 3243 2233 3246
f 3240 2227 2230
f 3240 2230 3243
f 3237 2224 2227
f 3237 2227 3240
f 3234 2221 2224
f 3234 2224 3237
f 3231 2218 2221
f 3231 2221 3234
f 3100 2215 2218
f 3100 2218 3231
f 3099 2212 2215
f 3099 2209 2212
f 3099 2215 3100
f 3101 2209 3099
f 3102 2206 2209
f 3102 2209 3101
f 3103 2203 2206
f 3103 2206 3102
f 3104 2200 2203
f 3104 2203 3103
f 3105 2200 3104
f 3105 2197 2200
f 3106 2197 3105
f 3106 2193 2197
f 3107 2193 3106
f 3107 2189 2193
f 3108 2189 3107
f 3108 2185 2189
f 3109 2185 3108
f 3109 2181 2185
f 3109 2180 2181
f 3110 2180 3109
f 3111 2180 3110
f 3111 2183 2180
f 3112 2183 3111
f 3112 2187 2183
f 3113 2187 3112
f 3113 2191 2187
f 3114 2191 3113
f 3114 2195 2191
f 3115 2195 3114
f 3115 2160 2195
f 3116 2160 3115
f 3116 2159 2160
f 3088 2159 3116
f 3088 2161 2159
f 3086 2161 3088
f 3086 2162 2161
f 3089 2162 3086
f 3089 2163 2162
f 3090 2163 3089
f 3090 2164 2163
f 3091 2164 3090
f 3091 2165 2164
f 3092 2165 3091
f 3092 2166 2165
f 3093 2166 3092
f 3093 2167 2166
f 3094 2167 3093
f 3094 2077 2167
f 3095 2077 3094
f 3095 2075 2077
f 3096 2073 2075
f 3096 2075 3095
f 3097 2071 2073
f 3097 2073 3096
f 3080 2069 2071
f 3080 2071 3097
f 3078 2067 2069
f 3078 2069 3080
f 3076 2067 3078
f 3076 2065 2067
f 3074 2065 3076
f 3074 2063 2065
f 3072 2063 3074
f 3072 2061 2063
f 3070 2061 3072
f 3070 2059 2061
f 3068 2059 3070
f 3068 2057 2059
f 3066 2057 3068
f 3066 2055 2057
f 3064 2055 3066
f 3064 2053 2055
f 3062 2053 3064
f 3062 2051 2053
f 3060 2051 3062
f 3060 2049 2051
f 3058 2049 3060
f 3058 2047 2049
f 3056 2047 3058
f 3056 2045 2047
f 3054 2045 3056
f 3054 2043 2045
f 3054 2041 2043
f 3052 2041 3054
f 3050 2039 2041
f 3050 2041 3052
f 3048 2037 2039
f 3048 2039 3050
f 3046 2035 2037
f 3046 2037 3048
f 3043 2031 2035
f 3043 2035 3046
f 3044 2033 2031
f 3044 2031 3043
f 3045 2034 2033
f 3045 2033 3044
f 3047 2036 2034
f 3047 2034 3045
f 3049 2038 2036
f 3049 2036 3047
f 3051 2040 2038
f 3051 2038 3049
f 3053 2042 2040
f 3053 2040 3051
f 3055 2044 2042
f 3055 2042 3053
f 3057 2046 2044
f 3057 2044 3055
f 3059 2048 2046
f 3059 2046 3057
f 3061 2048 3059
f 3061 2050 2048
f 3063 2050 3061
f 3063 2052 2050
f 3065 2052 3063
f 3065 2054 2052
f 3067 2054 3065
f 3067 2056 2054
f 3069 2058 2056
f 3069 2056 3067
f 3071 2060 2058
f 3071 2058 3069
f 3073 2062 2060
f 3073 2060 3071
f 3075 2064 2062
f 3075 2062 3073
f 3077 2066 2064
f 3077 2064 3075
f 3079 2068 2066
f 3079 2066 3077
f 3081 2070 2068
f 3081 2068 3079
f 3082 2072 2070
f 3082 2070 3081
f 3083 2074 2072
f 3083 2072 3082
f 3084 2076 2074
f 3084 2074 3083
f 3085 2078 2076
f 3085 2076 3084
f 3123 2085 2078
f 3123 2078 3085
f 3119 2081 2085
f 3119 2085 3123
f 3117 2080 2081
f 3117 2081 3119
f 3120 2083 2080
f 3120 2080 3117
f 3124 2087 2083
f 3124 2083 3120
f 3127 2090 2087
f 3127 2087 3124
f 3130 2093 2090
f 3130 2090 3127
f 3133 2096 2093
f 3133 2093 3130
f 3136 2099 2096
f 3136 2096 3133
f 3139 2099 3136
f 3139 2102 2099
f 3142 2102 3139
f 3142 2105 2102
f 3145 2105 3142
f 3145 2108 2105
f 3149 2108 3145
f 3149 2111 2108
f 3151 2111 3149
f 3151 2114 2111
f 3154 2114 3151
f 3154 2117 2114
f 3157 2117 3154
f 3157 2120 2117
f 3161 2120 3157
f 3161 2123 2120
f 3164 2123 3161
f 3164 2126 2123
f 3166 2126 3164
f 3166 2129 2126
f 3170 2129 3166
f 3170 2132 2129
f 3173 2132 3170
f 3173 2135 2132
f 3175 2135 3173
f 3175 2138 2135
f 3177 2140 2138
f 3177 2138 3175
f 3179 2142 2140
f 3179 2140 3177
f 3486 2488 3483
f 3486 2492 2488
f 3490 2496 2492
f 3490 2492 3486
f 3494 2500 2496
f 3494 2496 3490
f 3498 2504 2500
f 3498 2500 3494
f 3501 2506 2504
f 3501 2504 3498
f 3502 2508 2506
f 3502 2510 2508
f 3502 2506 3501
f 3505 2510 3502
f 3507 2512 2510
f 3507 2510 3505
f 3508 2514 2512
f 3508 2512 3507
f 3510 2516 2514
f 3510 2514 3508
f 3538 2516 3510
f 3538 2518 2516
f 3541 2518 3538
f 3541 2520 2518
f 3543 2520 3541
f 3543 2407 2520
f 3545 2407 3543
f 3545 2403 2407
f 3547 2403 3545
f 3547 2399 2403
f 3549 2399 3547
f 3549 2395 2399
f 3406 2395 3549
f 3406 2391 2395
f 3402 2391 3406
f 3402 2387 2391
f 3398 2387 3402
f 3398 2383 2387
f 3398 2379 2383
f 3394 2379 3398
f 3394 2375 2379
f 3390 2375 3394
f 3386 2375 3390
f 3386 2371 2375
f 3382 2367 2371
f 3382 2371 3386
f 3378 2363 2367
f 3378 2367 3382
f 3374 2359 2363
f 3374 2363 3378
f 3370 2355 2359
f 3370 2359 3374
f 3366 2351 2355
f 3366 2355 3370
f 3362 2347 2351
f 3362 2351 3366
f 3358 2343 2347
f 3358 2347 3362
f 3354 2339 2343
f 3354 2343 3358
f 3350 2335 2339
f 3350 2339 3354
f 3346 2331 2335
f 3346 2327 2331
f 3346 2335 3350
f 3342 2327 3346
f 3338 2323 2327
f 3338 2327 3342
f 3334 2319 2323
f 3334 2323 3338
f 3330 2315 2319
f 3330 2319 3334
f 3326 2315 3330
f 3326 2311 2315
f 3322 2311 3326
f 3322 2307 2311
f 3318 2307 3322
f 3318 2303 2307
f 3315 2303 3318
f 3315 2300 2303
f 3311 2300 3315
f 3311 2296 2300
f 3311 2295 2296
f 3309 2295 3311
f 3313 2295 3309
f 3313 2298 2295
f 3207 2298 3313
f 3207 2178 2298
f 3206 2178 3207
f 3206 2176 2178
f 3204 2176 3206
f 3204 2174 2176
f 3202 2174 3204
f 3202 2172 2174
f 3200 2172 3202
f 3200 2170 2172
f 3198 2170 3200
f 3198 2168 2170
f 3196 2168 3198
f 3196 2157 2168
f 3194 2157 3196
f 3194 2155 2157
f 3192 2155 3194
f 3192 2153 2155
f 3190 2153 3192
f 3190 2151 2153
f 3188 2151 3190
f 3188 2149 2151
f 3186 2149 3188
f 3186 2147 2149
f 3184 2147 3186
f 3184 2145 2147
f 3182 2145 3184
f 3182 2143 2145
f 3180 2141 2143
f 3180 2143 3182
f 3178 2139 2141
f 3178 2141 3180
f 3176 2137 2139
f 3176 2139 3178
f 3172 2134 2137
f 3172 2137 3176
f 3169 2134 3172
f 3169 2131 2134
f 3167 2131 3169
f 3167 2128 2131
f 3163 2128 3167
f 3163 2125 2128
f 3160 2125 3163
f 3160 2122 2125
f 3158 2122 3160
f 3158 2119 2122
f 3155 2119 3158
f 3155 2116 2119
f 3152 2116 3155
f 3152 2113 2116
f 3148 2113 3152
f 3148 2110 2113
f 3146 2110 3148
f 3146 2107 2110
f 3143 2107 3146
f 3143 2104 2107
f 3140 2104 3143
f 3140 2101 2104
f 3137 2101 3140
f 3137 2098 2101
f 3137 2095 2098
f 3134 2095 3137
f 3131 2092 2095
f 3131 2095 3134
f 3128 2089 2092
f 3128 2092 3131
f 3125 2086 2089
f 3125 2089 3128
f 3121 2082 2086
f 3121 2086 3125
f 3118 2079 2082
f 3118 2082 3121
f 3122 2084 2079
f 3122 2079 3118
f 3126 2088 2084
f 3126 2084 3122
f 3129 2091 2088
f 3129 2088 3126
f 3132 2094 2091
f 3132 2091 3129
f 3135 2097 2094
f 3135 2094 3132
f 3138 2100 2097
f 3138 2097 3135
f 3141 2103 2100
f 3141 2100 3138
f 3144 2106 2103
f 3144 2103 3141
f 3147 2106 3144
f 3147 2109 2106
f 3150 2109 3147
f 3150 2112 2109
f 3153 2112 3150
f 3153 2115 2112
f 3156 2115 3153
f 3156 2118 2115
f 3159 2121 2118
f 3159 2118 3156
f 3162 2124 2121
f 3162 2121 3159
f 3165 2127 2124
f 3165 2124 3162
f 3168 2130 2127
f 3168 2127 3165
f 3171 2133 2130
f 3171 2130 3168
f 3174 2136 2133
f 3174 2133 3171
f 3749 2696 2136
f 3749 2136 3174
f 3750 2697 2696
f 3750 2696 3749
f 3497 2502 2697
f 3497 2697 3750
f 3493 2498 2502
f 3493 2502 3497
f 3489 2494 2498
f 3489 2498 3493
f 3485 2490 2494
f 3485 2494 3489
f 3481 2486 2490
f 3481 2490 3485
f 3477 2482 2486
f 3477 2486 3481
f 3473 2478 2482
f 3473 2482 3477
f 3469 2474 2478
f 3469 2478 3473
f 3465 2470 2474
f 3465 2474 3469
f 3461 2466 2470
f 3461 2470 3465
f 3457 2462 2466
f 3457 2466 3461
f 3453 2458 2462
f 3453 2462 3457
f 3449 2458 3453
f 3449 2454 2458
f 3445 2454 3449
f 3445 2450 2454
f 3441 2450 3445
f 3441 2446 2450
f 3439 2446 3441
f 3439 2445 2446
f 3443 2445 3439
f 3443 2448 2445
f 3447 2448 3443
f 3447 2452 2448
f 3450 2452 3447
f 3450 2456 2452
f 3455 2456 3450
f 3455 2460 2456
f 3458 2460 3455
f 3458 2464 2460
f 3462 2464 3458
f 3462 2468 2464
f 3467 2468 3462
f 3467 2472 2468
f 3471 2472 3467
f 3471 2476 2472
f 3475 2476 3471
f 3475 2480 2476
f 3479 2484 2480
f 3479 2480 3475
f 3483 2488 2484
f 3483 2484 3479
f 3673 2605 3671
f 3673 2607 2605
f 3675 2609 2607
f 3675 2607 3673
f 3677 2611 2609
f 3677 2609 3675
f 3679 2613 2611
f 3679 2611 3677
f 3680 2615 2613
f 3680 2613 3679
f 3682 2617 2615
f 3682 2619 2617
f 3682 2615 3680
f 3684 2619 3682
f 3686 2621 2619
f 3686 2619 3684
f 3688 2623 2621
f 3688 2621 3686
f 3691 2625 2623
f 3691 2623 3688
f 3693 2625 3691
f 3693 2627 2625
f 3694 2627 3693
f 3694 2629 2627
f 3696 2629 3694
f 3696 2631 2629
f 3825 2631 3696
f 3825 2794 2631
f 3822 2794 3825
f 3822 2790 2794
f 3819 2790 3822
f 3819 2786 2790
f 3816 2786 3819
f 3816 2782 2786
f 3813 2782 3816
f 3813 2778 2782
f 3810 2778 3813
f 3810 2774 2778
f 3810 2770 2774
f 3807 2770 3810
f 3807 2766 2770
f 3804 2766 3807
f 3801 2766 3804
f 3801 2762 2766
f 3797 2758 2762
f 3797 2762 3801
f 3794 2754 2758
f 3794 2758 3797
f 3791 2750 2754
f 3791 2754 3794
f 3788 2746 2750
f 3788 2750 3791
f 3735 2689 2746
f 3735 2746 3788
f 3732 2685 2689
f 3732 2689 3735
f 3729 2681 2685
f 3729 2685 3732
f 3726 2677 2681
f 3726 2681 3729
f 3723 2673 2677
f 3723 2677 3726
f 3720 2669 2673
f 3720 2665 2669
f 3720 2673 3723
f 3717 2665 3720
f 3714 2661 2665
f 3714 2665 3717
f 3576 2657 2661
f 3576 2661 3714
f 3575 2653 2657
f 3575 2657 3576
f 3577 2653 3575
f 3577 2649 2653
f 3560 2649 3577
f 3560 2645 2649
f 3558 2645 3560
f 3558 2642 2645
f 3561 2642 3558
f 3561 2639 2642
f 3562 2639 3561
f 3562 2635 2639
f 3562 2634 2635
f 3563 2634 3562
f 3564 2634 3563
f 3564 2637 2634
f 3565 2637 3564
f 3565 2543 2637
f 3566 2543 3565
f 3566 2541 2543
f 3567 2541 3566
f 3567 2539 2541
f 3568 2539 3567
f 3568 2537 2539
f 3569 2537 3568
f 3569 2535 2537
f 3570 2535 3569
f 3570 2533 2535
f 3571 2533 3570
f 3571 2531 2533
f 3572 2531 3571
f 3572 2529 2531
f 3573 2529 3572
f 3573 2527 2529
f 3574 2527 3573
f 3574 2525 2527
f 3515 2525 3574
f 3515 2523 2525
f 3513 2523 3515
f 3513 2521 2523
f 3516 2521 3513
f 3516 2519 2521
f 3512 2519 3516
f 3512 2517 2519
f 3511 2515 2517
f 3511 2517 3512
f 3509 2513 2515
f 3509 2515 3511
f 3506 2511 2513
f 3506 2513 3509
f 3504 2509 2511
f 3504 2511 3506
f 3503 2509 3504
f 3503 2507 2509
f 3500 2507 3503
f 3500 2505 2507
f 3499 2505 3500
f 3499 2503 2505
f 3495 2503 3499
f 3495 2499 2503
f 3491 2499 3495
f 3491 2495 2499
f 3487 2495 3491
f 3487 2491 2495
f 3482 2491 3487
f 3482 2487 2491
f 3478 2487 3482
f 3478 2483 2487
f 3474 2483 3478
f 3474 2479 2483
f 3470 2479 3474
f 3470 2475 2479
f 3466 2475 3470
f 3466 2471 2475
f 3463 2471 3466
f 3463 2467 2471
f 3463 2463 2467
f 3459 2463 3463
f 3454 2459 2463
f 3454 2463 3459
f 3451 2455 2459
f 3451 2459 3454
f 3446 2451 2455
f 3446 2455 3451
f 3442 2447 2451
f 3442 2451 3446
f 3440 2444 2447
f 3440 2447 3442
f 3444 2449 2444
f 3444 2444 3440
f 3448 2453 2449
f 3448 2449 3444
f 3452 2457 2453
f 3452 2453 3448
f 3456 2461 2457
f 3456 2457 3452
f 3460 2465 2461
f 3460 2461 3456
f 3464 2469 2465
f 3464 2465 3460
f 3468 2473 2469
f 3468 2469 3464
f 3472 2477 2473
f 3472 2473 3468
f 3476 2477 3472
f 3476 2481 2477
f 3480 2481 3476
f 3480 2485 2481
f 3484 2485 3480
f 3484 2489 2485
f 3488 2489 3484
f 3488 2493 2489
f 3492 2497 2493
f 3492 2493 3488
f 3496 2501 2497
f 3496 2497 3492
f 3751 2698 2501
f 3751 2501 3496
f 3752 2699 2698
f 3752 2698 3751
f 3644 2578 2699
f 3644 2699 3752
f 3640 2574 2578
f 3640 2578 3644
f 3636 2570 2574
f 3636 2574 3640
f 3632 2566 2570
f 3632 2570 3636
f 3628 2562 2566
f 3628 2566 3632
f 3624 2558 2562
f 3624 2562 3628
f 3620 2554 2558
f 3620 2558 3624
f 3616 2550 2554
f 3616 2554 3620
f 3612 2546 2550
f 3612 2550 3616
f 3610 2545 2546
f 3610 2546 3612
f 3613 2548 2545
f 3613 2545 3610
f 3617 2552 2548
f 3617 2548 3613
f 3621 2556 2552
f 3621 2552 3617
f 3625 2560 2556
f 3625 2556 3621
f 3629 2564 2560
f 3629 2560 3625
f 3634 2568 2564
f 3634 2564 3629
f 3637 2568 3634
f 3637 2572 2568
f 3642 2572 3637
f 3642 2576 2572
f 3645 2576 3642
f 3645 2580 2576
f 3648 2580 3645
f 3648 2583 2580
f 3650 2583 3648
f 3650 2585 2583
f 3653 2585 3650
f 3653 2587 2585
f 3654 2587 3653
f 3654 2589 2587
f 3657 2589 3654
f 3657 2591 2589
f 3659 2591 3657
f 3659 2593 2591
f 3660 2593 3659
f 3660 2595 2593
f 3663 2595 3660
f 3663 2597 2595
f 3664 2597 3663
f 3664 2599 2597
f 3667 2599 3664
f 3667 2601 2599
f 3669 2603 2601
f 3669 2601 3667
f 3671 2605 2603
f 3671 2603 3669
f 3766 2695 3748
f 3766 2713 2695
f 3768 2715 2713
f 3768 2713 3766
f 3770 2717 2715
f 3770 2715 3768
f 3772 2719 2717
f 3772 2717 3770
f 3774 2721 2719
f 3774 2719 3772
f 3776 2723 2721
f 3776 2725 2723
f 3776 2721 3774
f 3778 2725 3776
f 3780 2727 2725
f 3780 2725 3778
f 4018 2729 2727
f 4018 2727 3780
f 4019 2731 2729
f 4019 2729 4018
f 4020 2731 4019
f 4020 2943 2731
f 4016 2943 4020
f 4016 2939 2943
f 3972 2939 4016
f 3972 2935 2939
f 3970 2935 3972
f 3970 2931 2935
f 3975 2931 3970
f 3975 2927 2931
f 3977 2927 3975
f 3977 2923 2927
f 3979 2923 3977
f 3979 2919 2923
f 3981 2919 3979
f 3981 2915 2919
f 3983 2915 3981
f 3983 2911 2915
f 3983 2907 2911
f 3936 2907 3983
f 3936 2903 2907
f 3932 2903 3936
f 3928 2903 3932
f 3928 2899 2903
f 3924 2895 2899
f 3924 2899 3928
f 3920 2891 2895
f 3920 2895 3924
f 3916 2887 2891
f 3916 2891 3920
f 3912 2883 2887
f 3912 2887 3916
f 3908 2879 2883
f 3908 2883 3912
f 3904 2875 2879
f 3904 2879 3908
f 3900 2871 2875
f 3900 2875 3904
f 3896 2867 2871
f 3896 2871 3900
f 3892 2863 2867
f 3892 2867 3896
f 3888 2859 2863
f 3888 2855 2859
f 3888 2863 3892
f 3884 2855 3888
f 3880 2851 2855
f 3880 2855 3884
f 3876 2847 2851
f 3876 2851 3880
f 3872 2843 2847
f 3872 2847 3876
f 3868 2843 3872
f 3868 2839 2843
f 3864 2839 3868
f 3864 2835 2839
f 3860 2835 3864
f 3860 2831 2835
f 3857 2831 3860
f 3857 2828 2831
f 3853 2828 3857
f 3853 2824 2828
f 3853 2823 2824
f 3851 2823 3853
f 3854 2823 3851
f 3854 2826 2823
f 3698 2826 3854
f 3698 2632 2826
f 3697 2632 3698
f 3697 2630 2632
f 3695 2630 3697
f 3695 2628 2630
f 3692 2628 3695
f 3692 2626 2628
f 3690 2626 3692
f 3690 2624 2626
f 3689 2624 3690
f 3689 2622 2624
f 3687 2622 3689
f 3687 2620 2622
f 3685 2620 3687
f 3685 2618 2620
f 3683 2618 3685
f 3683 2616 2618
f 3681 2616 3683
f 3681 2614 2616
f 3678 2614 3681
f 3678 2612 2614
f 3676 2612 3678
f 3676 2610 2612
f 3674 2610 3676
f 3674 2608 2610
f 3672 2608 3674
f 3672 2606 2608
f 3670 2604 2606
f 3670 2606 3672
f 3668 2602 2604
f 3668 2604 3670
f 3666 2600 2602
f 3666 2602 3668
f 3665 2598 2600
f 3665 2600 3666
f 3662 2598 3665
f 3662 2596 2598
f 3661 2596 3662
f 3661 2594 2596
f 3658 2594 3661
f 3658 2592 2594
f 3656 2592 3658
f 3656 2590 2592
f 3655 2590 3656
f 3655 2588 2590
f 3652 2588 3655
f 3652 2586 2588
f 3651 2586 3652
f 3651 2584 2586
f 3649 2584 3651
f 3649 2582 2584
f 3646 2582 3649
f 3646 2579 2582
f 3641 2579 3646
f 3641 2575 2579
f 3638 2575 3641
f 3638 2571 2575
f 3633 2571 3638
f 3633 2567 2571
f 3633 2563 2567
f 3630 2563 3633
f 3626 2559 2563
f 3626 2563 3630
f 3622 2555 2559
f 3622 2559 3626
f 3618 2551 2555
f 3618 2555 3622
f 3614 2547 2551
f 3614 2551 3618
f 3611 2544 2547
f 3611 2547 3614
f 3615 2549 2544
f 3615 2544 3611
f 3619 2553 2549
f 3619 2549 3615
f 3623 2557 2553
f 3623 2553 3619
f 3627 2561 2557
f 3627 2557 3623
f 3631 2565 2561
f 3631 2561 3627
f 3635 2569 2565
f 3635 2565 3631
f 3639 2573 2569
f 3639 2569 3635
f 3643 2577 2573
f 3643 2573 3639
f 3647 2577 3643
f 3647 2581 2577
f 3753 2581 3647
f 3753 2700 2581
f 3754 2700 3753
f 3754 2701 2700
f 3755 2701 3754
f 3755 2702 2701
f 3756 2703 2702
f 3756 2702 3755
f 3757 2704 2703
f 3757 2703 3756
f 3758 2705 2704
f 3758 2704 3757
f 3759 2706 2705
f 3759 2705 3758
f 3760 2707 2706
f 3760 2706 3759
f 3761 2708 2707
f 3761 2707 3760
f 3762 2709 2708
f 3762 2708 3761
f 3763 2710 2709
f 3763 2709 3762
f 3764 2711 2710
f 3764 2710 3763
f 3765 2712 2711
f 3765 2711 3764
f 3767 2714 2712
f 3767 2712 3765
f 3769 2716 2714
f 3769 2714 3767
f 3771 2718 2716
f 3771 2716 3769
f 3773 2720 2718
f 3773 2718 3771
f 3775 2722 2720
f 3775 2720 3773
f 3777 2724 2722
f 3777 2722 3775
f 3779 2726 2724
f 3779 2724 3777
f 3781 2728 2726
f 3781 2726 3779
f 3782 2730 2728
f 3782 2728 3781
f 3783 2732 2730
f 3783 2730 3782
f 3784 2732 3783
f 3784 2733 2732
f 3785 2733 3784
f 3785 2734 2733
f 3737 2734 3785
f 3737 2735 2734
f 3736 2735 3737
f 3736 2736 2735
f 3738 2736 3736
f 3738 2737 2736
f 3739 2737 3738
f 3739 2738 2737
f 3740 2738 3739
f 3740 2739 2738
f 3741 2739 3740
f 3741 2740 2739
f 3742 2740 3741
f 3742 2741 2740
f 3743 2741 3742
f 3743 2742 2741
f 3744 2742 3743
f 3744 2692 2742
f 3745 2692 3744
f 3745 2691 2692
f 3746 2691 3745
f 3746 2693 2691
f 3747 2694 2693
f 3747 2693 3746
f 3748 2695 2694
f 3748 2694 3747
f 3395 2377 3391
f 3395 2381 2377
f 3399 2385 2381
f 3399 2381 3395
f 3403 2389 2385
f 3403 2385 3399
f 3407 2393 2389
f 3407 2389 3403
f 3409 2397 2393
f 3409 2393 3407
f 3412 2401 2397
f 3412 2405 2401
f 3412 2397 3409
f 3413 2405 3412
f 3415 2409 2405
f 3415 2405 3413
f 3417 2411 2409
f 3417 2409 3415
f 3419 2413 2411
f 3419 2411 3417
f 3421 2413 3419
f 3421 2415 2413
f 3423 2415 3421
f 3423 2417 2415
f 3426 2417 3423
f 3426 2419 2417
f 3428 2419 3426
f 3428 2421 2419
f 3429 2421 3428
f 3429 2423 2421
f 3431 2423 3429
f 3431 2425 2423
f 3434 2425 3431
f 3434 2427 2425
f 3435 2427 3434
f 3435 2429 2427
f 3437 2429 3435
f 3437 2431 2429
f 3437 2433 2431
f 3579 2433 3437
f 3579 2435 2433
f 3580 2435 3579
f 3581 2435 3580
f 3581 2437 2435
f 3582 2439 2437
f 3582 2437 3581
f 3583 2441 2439
f 3583 2439 3582
f 3308 2443 2441
f 3308 2441 3583
f 3307 2293 2443
f 3307 2443 3308
f 3306 2292 2293
f 3306 2293 3307
f 3305 2291 2292
f 3305 2292 3306
f 3304 2290 2291
f 3304 2291 3305
f 3303 2289 2290
f 3303 2290 3304
f 3302 2288 2289
f 3302 2289 3303
f 3301 2287 2288
f 3301 2286 2287
f 3301 2288 3302
f 3300 2286 3301
f 3299 2285 2286
f 3299 2286 3300
f 3298 2284 2285
f 3298 2285 3299
f 3297 2283 2284
f 3297 2284 3298
f 3296 2283 3297
f 3296 2282 2283
f 3295 2282 3296
f 3295 2281 2282
f 3294 2281 3295
f 3294 2280 2281
f 3293 2280 3294
f 3293 2279 2280
f 3292 2279 3293
f 3292 2278 2279
f 3292 2277 2278
f 3291 2277 3292
f 3290 2277 3291
f 3290 2276 2277
f 3289 2276 3290
f 3289 2275 2276
f 3288 2275 3289
f 3288 2274 2275
f 3287 2274 3288
f 3287 2273 2274
f 3286 2273 3287
f 3286 2272 2273
f 3285 2272 3286
f 3285 2271 2272
f 3284 2271 3285
f 3284 2270 2271
f 3283 2270 3284
f 3283 2269 2270
f 3281 2269 3283
f 3281 2267 2269
f 3278 2267 3281
f 3278 2264 2267
f 3275 2264 3278
f 3275 2261 2264
f 3272 2261 3275
f 3272 2258 2261
f 3269 2258 3272
f 3269 2255 2258
f 3266 2255 3269
f 3266 2252 2255
f 3263 2252 3266
f 3263 2249 2252
f 3260 2246 2249
f 3260 2249 3263
f 3257 2243 2246
f 3257 2246 3260
f 3254 2240 2243
f 3254 2243 3257
f 3250 2237 2240
f 3250 2240 3254
f 3247 2237 3250
f 3247 2234 2237
f 3244 2234 3247
f 3244 2231 2234
f 3241 2231 3244
f 3241 2228 2231
f 3238 2228 3241
f 3238 2225 2228
f 3235 2225 3238
f 3235 2222 2225
f 3232 2222 3235
f 3232 2219 2222
f 3229 2219 3232
f 3229 2216 2219
f 3227 2216 3229
f 3227 2213 2216
f 3225 2213 3227
f 3225 2210 2213
f 3223 2210 3225
f 3223 2207 2210
f 3221 2207 3223
f 3221 2204 2207
f 3219 2204 3221
f 3219 2201 2204
f 3219 2198 2201
f 3217 2198 3219
f 3215 2194 2198
f 3215 2198 3217
f 3213 2190 2194
f 3213 2194 3215
f 3211 2186 2190
f 3211 2190 3213
f 3208 2182 2186
f 3208 2186 3211
f 3209 2179 2182
f 3209 2182 3208
f 3210 2184 2179
f 3210 2179 3209
f 3212 2188 2184
f 3212 2184 3210
f 3214 2192 2188
f 3214 2188 3212
f 3216 2196 2192
f 3216 2192 3214
f 3218 2199 2196
f 3218 2196 3216
f 3220 2202 2199
f 3220 2199 3218
f 3222 2205 2202
f 3222 2202 3220
f 3224 2208 2205
f 3224 2205 3222
f 3226 2208 3224
f 3226 2211 2208
f 3228 2211 3226
f 3228 2214 2211
f 3230 2214 3228
f 3230 2217 2214
f 3233 2217 3230
f 3233 2220 2217
f 3236 2223 2220
f 3236 2220 3233
f 3239 2226 2223
f 3239 2223 3236
f 3242 2229 2226
f 3242 2226 3239
f 3245 2232 2229
f 3245 2229 3242
f 3248 2235 2232
f 3248 2232 3245
f 3251 2238 2235
f 3251 2235 3248
f 3255 2241 2238
f 3255 2238 3251
f 3258 2244 2241
f 3258 2241 3255
f 3261 2247 2244
f 3261 2244 3258
f 3264 2250 2247
f 3264 2247 3261
f 3267 2253 2250
f 3267 2250 3264
f 3270 2256 2253
f 3270 2253 3267
f 3273 2259 2256
f 3273 2256 3270
f 3276 2262 2259
f 3276 2259 3273
f 3279 2265 2262
f 3279 2262 3276
f 3282 2268 2265
f 3282 2265 3279
f 3320 2305 2268
f 3320 2268 3282
f 3323 2309 2305
f 3323 2305 3320
f 3327 2313 2309
f 3327 2309 3323
f 3332 2317 2313
f 3332 2313 3327
f 3335 2317 3332
f 3335 2321 2317
f 3339 2321 3335
f 3339 2325 2321
f 3343 2325 3339
f 3343 2329 2325
f 3347 2329 3343
f 3347 2333 2329
f 3351 2333 3347
f 3351 2337 2333
f 3355 2337 3351
f 3355 2341 2337
f 3359 2341 3355
f 3359 2345 2341
f 3363 2345 3359
f 3363 2349 2345
f 3367 2349 3363
f 3367 2353 2349
f 3372 2353 3367
f 3372 2357 2353
f 3375 2357 3372
f 3375 2361 2357
f 3379 2361 3375
f 3379 2365 2361
f 3384 2365 3379
f 3384 2369 2365
f 3388 2373 2369
f 3388 2369 3384
f 3391 2377 2373
f 3391 2373 3388
f 3517 2675 3518
f 3517 2679 2675
f 3519 2683 2679
f 3519 2679 3517
f 3521 2687 2683
f 3521 2683 3519
f 3523 2744 2687
f 3523 2687 3521
f 3525 2748 2744
f 3525 2744 3523
f 3527 2752 2748
f 3527 2756 2752
f 3527 2748 3525
f 3529 2756 3527
f 3531 2760 2756
f 3531 2756 3529
f 3533 2764 2760
f 3533 2760 3531
f 3535 2768 2764
f 3535 2764 3533
f 3537 2768 3535
f 3537 2772 2768
f 3540 2772 3537
f 3540 2776 2772
f 3584 2776 3540
f 3584 2780 2776
f 3585 2780 3584
f 3585 2784 2780
f 3586 2784 3585
f 3586 2788 2784
f 3587 2788 3586
f 3587 2792 2788
f 3588 2792 3587
f 3588 2796 2792
f 3589 2796 3588
f 3589 2799 2796
f 3590 2799 3589
f 3590 2801 2799
f 3590 2803 2801
f 3591 2803 3590
f 3591 2805 2803
f 3592 2805 3591
f 3593 2805 3592
f 3593 2807 2805
f 3594 2809 2807
f 3594 2807 3593
f 3595 2811 2809
f 3595 2809 3594
f 3596 2813 2811
f 3596 2811 3595
f 3597 2815 2813
f 3597 2813 3596
f 3598 2817 2815
f 3598 2815 3597
f 3599 2819 2817
f 3599 2817 3598
f 3600 2821 2819
f 3600 2819 3599
f 3601 3040 2821
f 3601 2821 3600
f 3602 3036 3040
f 3602 3040 3601
f 3603 3037 3036
f 3603 2442 3037
f 3603 3036 3602
f 3604 2442 3603
f 3605 2440 2442
f 3605 2442 3604
f 3606 2438 2440
f 3606 2440 3605
f 3607 2436 2438
f 3607 2438 3606
f 3608 2436 3607
f 3608 2434 2436
f 3609 2434 3608
f 3609 2432 2434
f 3438 2432 3609
f 3438 2430 2432
f 3436 2430 3438
f 3436 2428 2430
f 3433 2428 3436
f 3433 2426 2428
f 3433 2424 2426
f 3432 2424 3433
f 3430 2424 3432
f 3430 2422 2424
f 3427 2422 3430
f 3427 2420 2422
f 3425 2420 3427
f 3425 2418 2420
f 3424 2418 3425
f 3424 2416 2418
f 3422 2416 3424
f 3422 2414 2416
f 3420 2414 3422
f 3420 2412 2414
f 3418 2412 3420
f 3418 2410 2412
f 3416 2410 3418
f 3416 2408 2410
f 3414 2408 3416
f 3414 2404 2408
f 3411 2404 3414
f 3411 2400 2404
f 3410 2400 3411
f 3410 2396 2400
f 3408 2396 3410
f 3408 2392 2396
f 3404 2392 3408
f 3404 2388 2392
f 3400 2388 3404
f 3400 2384 2388
f 3396 2384 3400
f 3396 2380 2384
f 3392 2376 2380
f 3392 2380 3396
f 3387 2372 2376
f 3387 2376 3392
f 3383 2368 2372
f 3383 2372 3387
f 3380 2364 2368
f 3380 2368 3383
f 3376 2364 3380
f 3376 2360 2364
f 3371 2360 3376
f 3371 2356 2360
f 3368 2356 3371
f 3368 2352 2356
f 3364 2352 3368
f 3364 2348 2352
f 3360 2348 3364
f 3360 2344 2348
f 3356 2344 3360
f 3356 2340 2344
f 3352 2340 3356
f 3352 2336 2340
f 3348 2336 3352
f 3348 2332 2336
f 3344 2332 3348
f 3344 2328 2332
f 3340 2328 3344
f 3340 2324 2328
f 3336 2324 3340
f 3336 2320 2324
f 3331 2320 3336
f 3331 2316 2320
f 3331 2312 2316
f 3328 2312 3331
f 3324 2308 2312
f 3324 2312 3328
f 3319 2304 2308
f 3319 2308 3324
f 3316 2301 2304
f 3316 2304 3319
f 3312 2297 2301
f 3312 2301 3316
f 3310 2294 2297
f 3310 2297 3312
f 3314 2299 2294
f 3314 2294 3310
f 3317 2302 2299
f 3317 2299 3314
f 3321 2306 2302
f 3321 2302 3317
f 3325 2310 2306
f 3325 2306 3321
f 3329 2314 2310
f 3329 2310 3325
f 3333 2318 2314
f 3333 2314 3329
f 3337 2322 2318
f 3337 2318 3333
f 3341 2326 2322
f 3341 2322 3337
f 3345 2326 3341
f 3345 2330 2326
f 3349 2330 3345
f 3349 2334 2330
f 3353 2334 3349
f 3353 2338 2334
f 3357 2338 3353
f 3357 2342 2338
f 3361 2346 2342
f 3361 2342 3357
f 3365 2350 2346
f 3365 2346 3361
f 3369 2354 2350
f 3369 2350 3365
f 3373 2358 2354
f 3373 2354 3369
f 3377 2362 2358
f 3377 2358 3373
f 3381 2366 2362
f 3381 2362 3377
f 3385 2370 2366
f 3385 2366 3381
f 3389 2374 2370
f 3389 2370 3385
f 3393 2378 2374
f 3393 2374 3389
f 3397 2382 2378
f 3397 2378 3393
f 3401 2386 2382
f 3401 2382 3397
f 3405 2390 2386
f 3405 2386 3401
f 3520 2394 2390
f 3520 2390 3405
f 3522 2398 2394
f 3522 2394 3520
f 3524 2402 2398
f 3524 2398 3522
f 3526 2406 2402
f 3526 2402 3524
f 3528 2522 2406
f 3528 2406 3526
f 3530 2524 2522
f 3530 2522 3528
f 3532 2526 2524
f 3532 2524 3530
f 3534 2528 2526
f 3534 2526 3532
f 3536 2528 3534
f 3536 2530 2528
f 3539 2530 3536
f 3539 2532 2530
f 3542 2532 3539
f 3542 2534 2532
f 3544 2534 3542
f 3544 2536 2534
f 3546 2536 3544
f 3546 2538 2536
f 3548 2538 3546
f 3548 2540 2538
f 3550 2540 3548
f 3550 2542 2540
f 3551 2542 3550
f 3551 2647 2542
f 3552 2647 3551
f 3552 2651 2647
f 3553 2651 3552
f 3553 2655 2651
f 3554 2655 3553
f 3554 2659 2655
f 3555 2659 3554
f 3555 2663 2659
f 3556 2663 3555
f 3556 2667 2663
f 3557 2671 2667
f 3557 2667 3556
f 3518 2675 2671
f 3518 2671 3557
f 3938 2905 3934
f 3938 2909 2905
f 3941 2913 2909
f 3941 2909 3938
f 3943 2917 2913
f 3943 2913 3941
f 3945 2921 2917
f 3945 2917 3943
f 3946 2925 2921
f 3946 2921 3945
f 3948 2929 2925
f 3948 2933 2929
f 3948 2925 3946
f 3950 2933 3948
f 3952 2937 2933
f 3952 2933 3950
f 3955 2941 2937
f 3955 2937 3952
f 3957 2945 2941
f 3957 2941 3955
f 3958 2945 3957
f 3958 2948 2945
f 3961 2948 3958
f 3961 2951 2948
f 3963 2951 3961
f 3963 2954 2951
f 3964 2954 3963
f 3964 2957 2954
f 3967 2957 3964
f 3967 2960 2957
f 3969 2960 3967
f 3969 2963 2960
f 4050 2963 3969
f 4050 2966 2963
f 4051 2966 4050
f 4051 2969 2966
f 4052 2969 4051
f 4052 2972 2969
f 4052 2994 2972
f 4053 2994 4052
f 4053 2995 2994
f 4054 2995 4053
f 4055 2995 4054
f 4055 2996 2995
f 4056 2997 2996
f 4056 2996 4055
f 4057 2998 2997
f 4057 2997 4056
f 4058 2999 2998
f 4058 2998 4057
f 4059 3000 2999
f 4059 2999 4058
f 4060 3002 3000
f 4060 3000 4059
f 3850 3004 3002
f 3850 3002 4060
f 3849 3006 3004
f 3849 3004 3850
f 3848 3039 3006
f 3848 3006 3849
f 3847 3038 3039
f 3847 3039 3848
f 3846 3029 3038
f 3846 3030 3029
f 3846 3038 3847
f 3845 3030 3846
f 3844 3031 3030
f 3844 3030 3845
f 3843 3032 3031
f 3843 3031 3844
f 3842 3033 3032
f 3842 3032 3843
f 3841 3033 3842
f 3841 3034 3033
f 3840 3034 3841
f 3840 3035 3034
f 3839 3035 3840
f 3839 2820 3035
f 3838 2820 3839
f 3838 2818 2820
f 3837 2818 3838
f 3837 2816 2818
f 3837 2814 2816
f 3836 2814 3837
f 3835 2814 3836
f 3835 2812 2814
f 3834 2812 3835
f 3834 2810 2812
f 3833 2810 3834
f 3833 2808 2810
f 3832 2808 3833
f 3832 2806 2808
f 3831 2806 3832
f 3831 2804 2806
f 3830 2804 3831
f 3830 2802 2804
f 3829 2802 3830
f 3829 2800 2802
f 3828 2800 3829
f 3828 2798 2800
f 3826 2798 3828
f 3826 2795 2798
f 3823 2795 3826
f 3823 2791 2795
f 3820 2791 3823
f 3820 2787 2791
f 3817 2787 3820
f 3817 2783 2787
f 3814 2783 3817
f 3814 2779 2783
f 3811 2779 3814
f 3811 2775 2779
f 3808 2775 3811
f 3808 2771 2775
f 3805 2767 2771
f 3805 2771 3808
f 3802 2763 2767
f 3802 2767 3805
f 3799 2759 2763
f 3799 2763 3802
f 3795 2755 2759
f 3795 2759 3799
f 3792 2755 3795
f 3792 2751 2755
f 3789 2751 3792
f 3789 2747 2751
f 3786 2747 3789
f 3786 2743 2747
f 3733 2743 3786
f 3733 2686 2743
f 3730 2686 3733
f 3730 2682 2686
f 3727 2682 3730
f 3727 2678 2682
f 3724 2678 3727
f 3724 2674 2678
f 3721 2674 3724
f 3721 2670 2674
f 3718 2670 3721
f 3718 2666 2670
f 3715 2666 3718
f 3715 2662 2666
f 3712 2662 3715
f 3712 2658 2662
f 3710 2658 3712
f 3710 2654 2658
f 3710 2650 2654
f 3708 2650 3710
f 3706 2646 2650
f 3706 2650 3708
f 3704 2643 2646
f 3704 2646 3706
f 3702 2640 2643
f 3702 2643 3704
f 3699 2636 2640
f 3699 2640 3702
f 3700 2633 2636
f 3700 2636 3699
f 3701 2638 2633
f 3701 2633 3700
f 3703 2641 2638
f 3703 2638 3701
f 3705 2644 2641
f 3705 2641 3703
f 3707 2648 2644
f 3707 2644 3705
f 3709 2652 2648
f 3709 2648 3707
f 3711 2656 2652
f 3711 2652 3709
f 3713 2660 2656
f 3713 2656 3711
f 3716 2664 2660
f 3716 2660 3713
f 3719 2664 3716
f 3719 2668 2664
f 3722 2668 3719
f 3722 2672 2668
f 3725 2672 3722
f 3725 2676 2672
f 3728 2676 3725
f 3728 2680 2676
f 3731 2684 2680
f 3731 2680 3728
f 3734 2688 2684
f 3734 2684 3731
f 3787 2745 2688
f 3787 2688 3734
f 3790 2749 2745
f 3790 2745 3787
f 3793 2753 2749
f 3793 2749 3790
f 3796 2757 2753
f 3796 2753 3793
f 3800 2761 2757
f 3800 2757 3796
f 3803 2765 2761
f 3803 2761 3800
f 3806 2769 2765
f 3806 2765 3803
f 3809 2773 2769
f 3809 2769 3806
f 3812 2777 2773
f 3812 2773 3809
f 3815 2781 2777
f 3815 2777 3812
f 3818 2785 2781
f 3818 2781 3815
f 3821 2789 2785
f 3821 2785 3818
f 3824 2793 2789
f 3824 2789 3821
f 3827 2797 2793
f 3827 2793 3824
f 3862 2833 2797
f 3862 2797 3827
f 3866 2837 2833
f 3866 2833 3862
f 3870 2841 2837
f 3870 2837 3866
f 3873 2845 2841
f 3873 2841 3870
f 3878 2845 3873
f 3878 2849 2845
f 3882 2849 3878
f 3882 2853 2849
f 3886 2853 3882
f 3886 2857 2853
f 3889 2857 3886
f 3889 2861 2857
f 3894 2861 3889
f 3894 2865 2861
f 3898 2865 3894
f 3898 2869 2865
f 3902 2869 3898
f 3902 2873 2869
f 3906 2873 3902
f 3906 2877 2873
f 3909 2877 3906
f 3909 2881 2877
f 3914 2881 3909
f 3914 2885 2881
f 3918 2885 3914
f 3918 2889 2885
f 3922 2889 3918
f 3922 2893 2889
f 3926 2893 3922
f 3926 2897 2893
f 3930 2901 2897
f 3930 2897 3926
f 3934 2905 2901
f 3934 2901 3930
f 3991 2979 3989
f 3991 3001 2979
f 3993 3003 3001
f 3993 3001 3991
f 3995 3005 3003
f 3995 3003 3993
f 3997 3007 3005
f 3997 3005 3995
f 3999 3008 3007
f 3999 3007 3997
f 4001 3009 3008
f 4001 3010 3009
f 4001 3008 3999
f 4003 3010 4001
f 4005 3011 3010
f 4005 3010 4003
f 4007 3012 3011
f 4007 3011 4005
f 4009 3013 3012
f 4009 3012 4007
f 4011 3013 4009
f 4011 3014 3013
f 4013 3014 4011
f 4013 3015 3014
f 4015 3015 4013
f 4015 3016 3015
f 4023 3016 4015
f 4023 3017 3016
f 4021 3017 4023
f 4021 3018 3017
f 4024 3018 4021
f 4024 3019 3018
f 4025 3019 4024
f 4025 3020 3019
f 4026 3020 4025
f 4026 3022 3020
f 4027 3022 4026
f 4027 3024 3022
f 4027 3026 3024
f 4028 3026 4027
f 4028 3028 3026
f 4029 3028 4028
f 4030 3028 4029
f 4030 2976 3028
f 4031 2975 2976
f 4031 2976 4030
f 4032 2978 2975
f 4032 2975 4031
f 4033 2980 2978
f 4033 2978 4032
f 4034 2981 2980
f 4034 2980 4033
f 4035 2982 2981
f 4035 2981 4034
f 4036 2983 2982
f 4036 2982 4035
f 4037 2984 2983
f 4037 2983 4036
f 4038 2985 2984
f 4038 2984 4037
f 4039 2986 2985
f 4039 2985 4038
f 4040 2987 2986
f 4040 2988 2987
f 4040 2986 4039
f 4041 2988 4040
f 4042 2989 2988
f 4042 2988 4041
f 4043 2990 2989
f 4043 2989 4042
f 4044 2991 2990
f 4044 2990 4043
f 4045 2991 4044
f 4045 2992 2991
f 4046 2992 4045
f 4046 2993 2992
f 4047 2993 4046
f 4047 2971 2993
f 4048 2971 4047
f 4048 2968 2971
f 4049 2968 4048
f 4049 2965 2968
f 4049 2962 2965
f 3968 2962 4049
f 3966 2962 3968
f 3966 2959 2962
f 3965 2959 3966
f 3965 2956 2959
f 3962 2956 3965
f 3962 2953 2956
f 3960 2953 3962
f 3960 2950 2953
f 3959 2950 3960
f 3959 2947 2950
f 3956 2947 3959
f 3956 2944 2947
f 3954 2944 3956
f 3954 2940 2944
f 3953 2940 3954
f 3953 2936 2940
f 3951 2936 3953
f 3951 2932 2936
f 3949 2932 3951
f 3949 2928 2932
f 3947 2928 3949
f 3947 2924 2928
f 3944 2924 3947
f 3944 2920 2924
f 3942 2920 3944
f 3942 2916 2920
f 3940 2916 3942
f 3940 2912 2916
f 3937 2912 3940
f 3937 2908 2912
f 3933 2904 2908
f 3933 2908 3937
f 3929 2900 2904
f 3929 2904 3933
f 3925 2896 2900
f 3925 2900 3929
f 3921 2892 2896
f 3921 2896 3925
f 3917 2892 3921
f 3917 2888 2892
f 3913 2888 3917
f 3913 2884 2888
f 3910 2884 3913
f 3910 2880 2884
f 3905 2880 3910
f 3905 2876 2880
f 3901 2876 3905
f 3901 2872 2876
f 3897 2872 3901
f 3897 2868 2872
f 3893 2868 3897
f 3893 2864 2868
f 3890 2864 3893
f 3890 2860 2864
f 3885 2860 3890
f 3885 2856 2860
f 3881 2856 3885
f 3881 2852 2856
f 3877 2852 3881
f 3877 2848 2852
f 3874 2848 3877
f 3874 2844 2848
f 3874 2840 2844
f 3869 2840 3874
f 3865 2836 2840
f 3865 2840 3869
f 3861 2832 2836
f 3861 2836 3865
f 3858 2829 2832
f 3858 2832 3861
f 3855 2825 2829
f 3855 2829 3858
f 3852 2822 2825
f 3852 2825 3855
f 3856 2827 2822
f 3856 2822 3852
f 3859 2830 2827
f 3859 2827 3856
f 3863 2834 2830
f 3863 2830 3859
f 3867 2838 2834
f 3867 2834 3863
f 3871 2842 2838
f 3871 2838 3867
f 3875 2846 2842
f 3875 2842 3871
f 3879 2850 2846
f 3879 2846 3875
f 3883 2854 2850
f 3883 2850 3879
f 3887 2854 3883
f 3887 2858 2854
f 3891 2858 3887
f 3891 2862 2858
f 3895 2862 3891
f 3895 2866 2862
f 3899 2866 3895
f 3899 2870 2866
f 3903 2874 2870
f 3903 2870 3899
f 3907 2878 2874
f 3907 2874 3903
f 3911 2882 2878
f 3911 2878 3907
f 3915 2886 2882
f 3915 2882 3911
f 3919 2890 2886
f 3919 2886 3915
f 3923 2894 2890
f 3923 2890 3919
f 3927 2898 2894
f 3927 2894 3923
f 3931 2902 2898
f 3931 2898 3927
f 3935 2906 2902
f 3935 2902 3931
f 3939 2910 2906
f 3939 2906 3935
f 3990 2914 2910
f 3990 2910 3939
f 3992 2918 2914
f 3992 2914 3990
f 3994 2922 2918
f 3994 2918 3992
f 3996 2926 2922
f 3996 2922 3994
f 3998 2930 2926
f 3998 2926 3996
f 4000 2934 2930
f 4000 2930 3998
f 4002 2938 2934
f 4002 2934 4000
f 4004 2942 2938
f 4004 2938 4002
f 4006 2946 2942
f 4006 2942 4004
f 4008 2949 2946
f 4008 2946 4006
f 4010 2949 4008
f 4010 2952 2949
f 4012 2952 4010
f 4012 2955 2952
f 4014 2955 4012
f 4014 2958 2955
f 3974 2958 4014
f 3974 2961 2958
f 3973 2961 3974
f 3973 2964 2961
f 3976 2964 3973
f 3976 2967 2964
f 3978 2967 3976
f 3978 2970 2967
f 3980 2970 3978
f 3980 3021 2970
f 3982 3021 3980
f 3982 3023 3021
f 3984 3023 3982
f 3984 3025 3023
f 3985 3025 3984
f 3985 3027 3025
f 3986 3027 3985
f 3986 2974 3027
f 3987 2974 3986
f 3987 2973 2974
f 3988 2977 2973
f 3988 2973 3987
f 3989 2979 2977
f 3989 2977 3988
f 3253 3 3098
f 3514 4 3578
f 3798 5 3559
f 3971 7 4022
f 1020 765 1968
f 1968 765 6
f 1968 6 8
f 1968 8 4017
f 2690 4017 3042
f 1968 4017 2690
f 1 2 1074
f 1 1074 3087
f 1074 2 10
f 1074 10 1019
f 3041 3087 2032
f 2032 3087 1074
