# https://github.com/mikedh/trimesh
v 0.07149929 0.00311065 -0.00627703
v 0.07243839 -0.00249598 0.00545826
v 0.07243570 -0.00168776 0.00576818
v 0.07218449 -0.00154659 0.00587893
v 0.07218734 -0.00228524 0.00560846
v 0.07197171 -0.00229860 0.00570831
v 0.07237870 -0.00155728 0.00580404
v 0.07180945 -0.00250546 0.00575789
v 0.07172059 -0.00232764 0.00594157
v 0.07199956 -0.00162904 0.00592409
v 0.07167189 -0.00186423 0.00617576
v 0.07178811 -0.00147172 0.00613230
v 0.07161197 -0.00280851 0.00591576
v 0.07223020 -0.00092709 0.00598809
v 0.07242967 -0.00091499 0.00593489
v 0.07149502 -0.00260739 0.00649527
v 0.07194502 -0.00116234 0.00606368
v 0.07152972 -0.00257570 0.00625626
v 0.07157886 -0.00145640 0.00645230
v 0.07151483 -0.00173109 0.00658757
v 0.07200659 -0.00063577 0.00610057
v 0.07176068 -0.00066080 0.00629991
v 0.07210763 -0.00050175 0.00606087
v 0.07244394 -0.00007627 0.00600660
v 0.07168566 -0.00033770 0.00642208
v 0.07152960 -0.00102618 0.00668209
v 0.07149867 -0.00173883 0.00678634
v 0.07227557 0.00027309 0.00602150
v 0.07197646 0.00033680 0.00616092
v 0.07161711 -0.00032770 0.00652939
v 0.07203053 0.00024716 0.00611722
v 0.07187670 0.00043064 0.00621264
v 0.07176249 0.00053513 0.00631094
v 0.07155345 -0.00034693 0.00666582
v 0.07238993 0.00071988 0.00596763
v 0.07209554 0.00040527 0.00607927
v 0.07161828 0.00074212 0.00649164
v 0.07231731 0.00129713 0.00588637
v 0.07214576 0.00120636 0.00594392
v 0.07209227 0.00135812 0.00593746
v 0.07149147 -0.00050455 0.00698248
v 0.07151237 0.00086521 0.00677804
v 0.07156959 0.00085484 0.00658708
v 0.07261570 0.00213809 0.00562419
v 0.07175683 0.00140089 0.00617908
v 0.07181731 0.00152949 0.00608361
v 0.07104912 0.00049679 0.00699980
v 0.07206265 0.00190431 0.00579846
v 0.07228050 0.00212625 0.00564416
v 0.07246993 0.00244529 0.00548112
v 0.07158784 0.00178674 0.00634586
v 0.07203660 0.00262509 0.00552719
v 0.07224700 0.00254464 0.00547472
v 0.07153418 0.00222391 0.00637800
v 0.07183979 0.00250662 0.00573012
v 0.07149478 0.00130787 0.00688085
v 0.07173930 0.00243265 0.00587138
v 0.07214663 0.00295612 0.00529986
v 0.07166653 0.00292159 0.00576668
v 0.07238691 0.00334560 0.00500003
v 0.07232898 0.00284920 0.00529673
v 0.07149343 0.00194737 0.00671357
v 0.07159148 0.00277528 0.00597847
v 0.07178698 0.00321429 0.00541759
v 0.07240373 0.00380788 0.00465471
v 0.07206767 0.00350767 0.00499350
v 0.07150830 0.00294820 0.00619083
v 0.07113011 0.00300441 0.00636021
v 0.07234906 0.00404307 0.00447171
v 0.07163052 0.00348488 0.00549814
v 0.07191474 0.00343583 0.00515269
v 0.07152430 0.00390461 0.00556567
v 0.07221262 0.00429778 0.00427531
v 0.07205718 0.00431939 0.00432868
v 0.07156173 0.00396524 0.00535042
v 0.07191620 0.00409017 0.00465294
v 0.07169561 0.00412620 0.00490775
v 0.07149666 0.00350427 0.00607328
v 0.07248496 0.00476707 0.00364765
v 0.07186357 0.00455900 0.00426245
v 0.07157652 0.00435089 0.00498728
v 0.07178900 0.00503595 0.00383041
v 0.07164493 0.00461888 0.00455847
v 0.07149802 0.00432622 0.00550412
v 0.07229559 0.00499435 0.00337524
v 0.07194189 0.00477435 0.00391391
v 0.07219191 0.00494237 0.00349529
v 0.07237870 0.00501355 0.00331467
v 0.07156389 0.00473419 0.00467589
v 0.07168062 0.00502040 0.00401576
v 0.07184902 0.00505351 0.00366609
v 0.07161324 0.00524074 0.00392347
v 0.07197570 0.00501046 0.00356883
v 0.07155152 0.00548317 0.00382695
v 0.07149623 0.00508866 0.00482090
v 0.07153453 0.00572122 0.00357245
v 0.07151089 0.00498114 0.00469638
v 0.07199665 0.00542084 0.00288504
v 0.07176322 0.00566502 0.00284023
v 0.07165472 0.00575609 0.00294792
v 0.07213256 0.00544816 0.00268417
v 0.07235682 0.00568886 0.00198222
v 0.07194214 0.00572443 0.00231823
v 0.07242061 0.00548667 0.00245521
v 0.07211395 0.00568375 0.00216734
v 0.07223462 0.00585919 0.00152288
v 0.07164560 0.00598599 0.00249568
v 0.07150443 0.00636636 0.00268808
v 0.07149491 0.00593491 0.00372886
v 0.07153733 0.00614441 0.00272597
v 0.07189206 0.00593176 0.00181153
v 0.07171494 0.00604548 0.00204795
v 0.07190896 0.00604790 0.00132836
v 0.07209989 0.00598544 0.00111927
v 0.07241490 0.00586842 0.00128718
v 0.07259258 0.00599857 0.00029120
v 0.07173953 0.00624518 0.00117148
v 0.07155011 0.00646205 0.00174812
v 0.07202860 0.00601958 0.00109342
v 0.07165951 0.00633150 0.00127296
v 0.07218210 0.00605544 0.00022852
v 0.07152291 0.00659697 0.00158510
v 0.07230102 0.00601584 0.00031236
v 0.07150282 0.00669819 0.00175299
v 0.07197263 0.00610542 0.00076081
v 0.07174639 0.00632936 0.00043156
v 0.07186544 0.00623975 0.00007315
v 0.07148808 0.00687390 0.00127108
v 0.07161546 0.00648918 0.00077517
v 0.07202994 0.00612023 -0.00010437
v 0.07158696 0.00657634 0.00027291
v 0.07247797 0.00596338 -0.00070469
v 0.07239028 0.00596110 -0.00078819
v 0.07172066 0.00637708 -0.00025836
v 0.07226411 0.00595624 -0.00098827
v 0.07151297 0.00683542 -0.00037932
v 0.07184986 0.00621040 -0.00065622
v 0.07165590 0.00641296 -0.00090905
v 0.07209378 0.00603759 -0.00077864
v 0.07156298 0.00661076 -0.00086678
v 0.07243586 0.00579274 -0.00158577
v 0.07211743 0.00590093 -0.00147255
v 0.07178840 0.00618849 -0.00119559
v 0.07149359 0.00700320 -0.00021625
v 0.07206572 0.00586014 -0.00170263
v 0.07164490 0.00629617 -0.00158282
v 0.07149787 0.00696484 -0.00069703
v 0.07230816 0.00572661 -0.00185264
v 0.07255928 0.00554878 -0.00228864
v 0.07239136 0.00544468 -0.00254342
v 0.07162900 0.00617682 -0.00205429
v 0.07217727 0.00556225 -0.00239337
v 0.07179699 0.00592717 -0.00210453
v 0.07198610 0.00584406 -0.00190729
v 0.07214229 0.00538142 -0.00279950
v 0.07158484 0.00615548 -0.00238200
v 0.07149891 0.00688729 -0.00130812
v 0.07184233 0.00549065 -0.00298989
v 0.07185816 0.00578358 -0.00236560
v 0.07246885 0.00487024 -0.00353781
v 0.07155313 0.00607224 -0.00280084
v 0.07186845 0.00524790 -0.00336296
v 0.07149884 0.00611171 -0.00342329
v 0.07223175 0.00488100 -0.00355982
v 0.07153574 0.00592188 -0.00320014
v 0.07208251 0.00498255 -0.00351155
v 0.07162682 0.00576650 -0.00303146
v 0.07174773 0.00523066 -0.00359678
v 0.07163107 0.00543864 -0.00358470
v 0.07205438 0.00471397 -0.00388323
v 0.07191536 0.00476736 -0.00395728
v 0.07236879 0.00469161 -0.00377545
v 0.07222103 0.00417952 -0.00437056
v 0.07154071 0.00537764 -0.00405009
v 0.07175635 0.00478911 -0.00414666
v 0.07242996 0.00400392 -0.00448282
v 0.07163777 0.00486638 -0.00430629
v 0.07199301 0.00426387 -0.00442132
v 0.07221031 0.00385626 -0.00466641
v 0.07240912 0.00390114 -0.00456899
v 0.07173067 0.00465248 -0.00433823
v 0.07200047 0.00369651 -0.00490187
v 0.07242548 0.00325059 -0.00505264
v 0.07167259 0.00406272 -0.00500974
v 0.07157590 0.00407468 -0.00524707
v 0.07175233 0.00413777 -0.00479846
v 0.07200143 0.00311702 -0.00530227
v 0.07219006 0.00326976 -0.00509338
v 0.07160270 0.00429390 -0.00497800
v 0.07150807 0.00470321 -0.00498592
v 0.07239856 0.00296014 -0.00523128
v 0.07178209 0.00371689 -0.00509270
v 0.07149378 0.00520171 -0.00469734
v 0.07182098 0.00342323 -0.00524931
v 0.07148852 0.00445597 -0.00538490
v 0.07119073 0.00465316 -0.00525678
v 0.07211611 0.00280068 -0.00539194
v 0.07193159 0.00287994 -0.00546597
v 0.07173201 0.00269376 -0.00578686
v 0.07180962 0.00289266 -0.00557010
v 0.07169053 0.00270798 -0.00582965
v 0.07151768 0.00371321 -0.00570290
v 0.07156066 0.00293575 -0.00596686
v 0.07123906 0.00373279 -0.00595504
v 0.07151039 0.00314861 -0.00608686
v 0.07150482 0.00333209 -0.00604438
v 0.07346255 -0.00264861 0.00618561
v 0.07350290 -0.00147412 0.00684213
v 0.07375018 -0.00222452 0.00664287
v 0.07341316 -0.00283428 0.00595247
v 0.07330373 -0.00252036 0.00588968
v 0.07339324 -0.00211634 0.00620056
v 0.07344759 -0.00144876 0.00652996
v 0.07292157 -0.00197734 0.00577501
v 0.07304778 -0.00247090 0.00564734
v 0.07272929 -0.00228807 0.00557885
v 0.07323158 -0.00165585 0.00609294
v 0.07333075 -0.00175075 0.00619557
v 0.07260094 -0.00220997 0.00558466
v 0.07350652 -0.00075057 0.00695543
v 0.07315305 -0.00129481 0.00611043
v 0.07288112 -0.00145672 0.00590041
v 0.07266062 -0.00158795 0.00580116
v 0.07347308 -0.00022724 0.00676279
v 0.07325666 -0.00053447 0.00632742
v 0.07350111 0.00089505 0.00698820
v 0.07272402 -0.00093383 0.00596278
v 0.07338553 -0.00034531 0.00653290
v 0.07339666 0.00028100 0.00655432
v 0.07257344 -0.00108350 0.00590566
v 0.07290486 -0.00072706 0.00604588
v 0.07306349 -0.00043323 0.00616412
v 0.07349235 0.00104627 0.00681531
v 0.07279002 -0.00024550 0.00604358
v 0.07322895 0.00069905 0.00628963
v 0.07304457 0.00012548 0.00616289
v 0.07346234 0.00074232 0.00669606
v 0.07280042 0.00037669 0.00604220
v 0.07265650 0.00033356 0.00600778
v 0.07336015 0.00108359 0.00640094
v 0.07302327 0.00098484 0.00607329
v 0.07347234 0.00207197 0.00645192
v 0.07293768 0.00060068 0.00607377
v 0.07319390 0.00117055 0.00617684
v 0.07285848 0.00072133 0.00602499
v 0.07337955 0.00216812 0.00616827
v 0.07341515 0.00234018 0.00617028
v 0.07392272 0.00237444 0.00662047
v 0.07323203 0.00181808 0.00605797
v 0.07329715 0.00207268 0.00605289
v 0.07276513 0.00128600 0.00589497
v 0.07349403 0.00294577 0.00622862
v 0.07254907 0.00115879 0.00588826
v 0.07292618 0.00191860 0.00579101
v 0.07313807 0.00199545 0.00590508
v 0.07320711 0.00212180 0.00592440
v 0.07341902 0.00288953 0.00594337
v 0.07348527 0.00312409 0.00607218
v 0.07266375 0.00173274 0.00575897
v 0.07328897 0.00278017 0.00575073
v 0.07318233 0.00266744 0.00567725
v 0.07304926 0.00251493 0.00562946
v 0.07344049 0.00365803 0.00557694
v 0.07350392 0.00443392 0.00541923
v 0.07287435 0.00275812 0.00541656
v 0.07332268 0.00360282 0.00533676
v 0.07316198 0.00334560 0.00527984
v 0.07297108 0.00318855 0.00523188
v 0.07339905 0.00418733 0.00506992
v 0.07256836 0.00270697 0.00535913
v 0.07347874 0.00458745 0.00501962
v 0.07349280 0.00411565 0.00550370
v 0.07323742 0.00416440 0.00477283
v 0.07350395 0.00514656 0.00475861
v 0.07262681 0.00290483 0.00526658
v 0.07345588 0.00486696 0.00462431
v 0.07290269 0.00376514 0.00478804
v 0.07299909 0.00405506 0.00461355
v 0.07273526 0.00389497 0.00462384
v 0.07276627 0.00374037 0.00473952
v 0.07339491 0.00501388 0.00427547
v 0.07258726 0.00368553 0.00474021
v 0.07311292 0.00420311 0.00457694
v 0.07342620 0.00514778 0.00417307
v 0.07347999 0.00553278 0.00396703
v 0.07331456 0.00479742 0.00426972
v 0.07274342 0.00442459 0.00411497
v 0.07317801 0.00490923 0.00389791
v 0.07312634 0.00502408 0.00368393
v 0.07254907 0.00427442 0.00421234
v 0.07298060 0.00499747 0.00354622
v 0.07330285 0.00544197 0.00339047
v 0.07343364 0.00571915 0.00338167
v 0.07286618 0.00446062 0.00412812
v 0.07350533 0.00598284 0.00365082
v 0.07338467 0.00583293 0.00294581
v 0.07348604 0.00620139 0.00283291
v 0.07280458 0.00504196 0.00334795
v 0.07320654 0.00571216 0.00265203
v 0.07276530 0.00521387 0.00305836
v 0.07307082 0.00550903 0.00280926
v 0.07257612 0.00502664 0.00328099
v 0.07331744 0.00602870 0.00224723
v 0.07348423 0.00660132 0.00174066
v 0.07350148 0.00659202 0.00238574
v 0.07337905 0.00612195 0.00224725
v 0.07262291 0.00526118 0.00290092
v 0.07293535 0.00561308 0.00241671
v 0.07344627 0.00652008 0.00150536
v 0.07321731 0.00597135 0.00203207
v 0.07281626 0.00561576 0.00226729
v 0.07395598 0.00677309 0.00193547
v 0.07312868 0.00592647 0.00191608
v 0.07336603 0.00635486 0.00136510
v 0.07268280 0.00560948 0.00218708
v 0.07287900 0.00584338 0.00167001
v 0.07303876 0.00592239 0.00169696
v 0.07350654 0.00695899 0.00073479
v 0.07256330 0.00566324 0.00199673
v 0.07264652 0.00580433 0.00157674
v 0.07300842 0.00609377 0.00079265
v 0.07316409 0.00618839 0.00089041
v 0.07338822 0.00652377 0.00045652
v 0.07347588 0.00680447 -0.00020204
v 0.07285431 0.00600706 0.00087211
v 0.07349775 0.00692693 -0.00038612
v 0.07377653 0.00699322 -0.00068349
v 0.07349226 0.00687688 -0.00011378
v 0.07267756 0.00594905 0.00092097
v 0.07291565 0.00609467 0.00024423
v 0.07294591 0.00607512 0.00061509
v 0.07316606 0.00624230 0.00038896
v 0.07325841 0.00632610 0.00073909
v 0.07342296 0.00659952 -0.00035423
v 0.07334193 0.00646179 -0.00030494
v 0.07298121 0.00612330 -0.00003900
v 0.07272004 0.00604426 -0.00020847
v 0.07324671 0.00632217 -0.00040690
v 0.07345291 0.00655753 -0.00143331
v 0.07292594 0.00607669 -0.00050932
v 0.07308285 0.00614940 -0.00075138
v 0.07324095 0.00628330 -0.00075454
v 0.07263613 0.00599981 -0.00039044
v 0.07350550 0.00671501 -0.00198500
v 0.07333347 0.00630405 -0.00135119
v 0.07321968 0.00617077 -0.00131635
v 0.07350310 0.00642679 -0.00277612
v 0.07335692 0.00632225 -0.00147906
v 0.07350684 0.00603594 -0.00354368
v 0.07303374 0.00601291 -0.00131736
v 0.07270269 0.00593311 -0.00101372
v 0.07283812 0.00582680 -0.00167437
v 0.07254889 0.00589497 -0.00113317
v 0.07326490 0.00574678 -0.00273617
v 0.07303708 0.00577131 -0.00217186
v 0.07344740 0.00597287 -0.00300308
v 0.07267066 0.00583770 -0.00145474
v 0.07321533 0.00596605 -0.00204350
v 0.07336597 0.00574930 -0.00307502
v 0.07294453 0.00574981 -0.00205384
v 0.07279944 0.00564394 -0.00218311
v 0.07258992 0.00567595 -0.00197867
v 0.07336238 0.00549727 -0.00347512
v 0.07321142 0.00559939 -0.00288293
v 0.07348630 0.00592196 -0.00340664
v 0.07348292 0.00544491 -0.00411115
v 0.07294320 0.00549585 -0.00266747
v 0.07354683 0.00547740 -0.00438237
v 0.07260550 0.00539421 -0.00263984
v 0.07344845 0.00525807 -0.00412564
v 0.07324073 0.00521873 -0.00357465
v 0.07350089 0.00463473 -0.00527926
v 0.07318039 0.00485262 -0.00397454
v 0.07296967 0.00515133 -0.00330085
v 0.07275529 0.00485368 -0.00359015
v 0.07296287 0.00482413 -0.00376113
v 0.07265529 0.00514590 -0.00311730
v 0.07348671 0.00476233 -0.00489640
v 0.07345761 0.00436269 -0.00511845
v 0.07254907 0.00489059 -0.00347801
v 0.07280141 0.00455015 -0.00398765
v 0.07337970 0.00488774 -0.00434734
v 0.07272859 0.00442524 -0.00410027
v 0.07348851 0.00410729 -0.00548233
v 0.07310025 0.00437560 -0.00440563
v 0.07331736 0.00465081 -0.00444461
v 0.07293223 0.00416980 -0.00445359
v 0.07263400 0.00433124 -0.00417042
v 0.07338997 0.00405448 -0.00514481
v 0.07303148 0.00391624 -0.00474868
v 0.07325075 0.00401245 -0.00490797
v 0.07333570 0.00359099 -0.00536546
v 0.07269675 0.00377168 -0.00469646
v 0.07350516 0.00292175 -0.00635808
v 0.07346707 0.00332791 -0.00587161
v 0.07360639 0.00352299 -0.00606094
v 0.07341817 0.00315666 -0.00580203
v 0.07323805 0.00364982 -0.00516830
v 0.07338992 0.00329246 -0.00565629
v 0.07254889 0.00378742 -0.00465728
v 0.07289271 0.00334887 -0.00508133
v 0.07309926 0.00318220 -0.00532619
v 0.07301290 0.00338218 -0.00512844
v 0.07335095 0.00284197 -0.00581778
v 0.07327205 0.00253693 -0.00585239
v 0.07265779 0.00306856 -0.00517516
v 0.07254907 0.00340610 -0.00494095
v 0.07302856 0.00245454 -0.00564943
v 0.07286416 0.00279189 -0.00538990
v 0.07277773 0.00275923 -0.00538814
v 0.07260426 0.00275803 -0.00533604
v 0.07254907 0.00289722 -0.00525553
v 0.07450000 0.00288785 -0.00288270
v 0.07050000 0.00208666 -0.00343570
v 0.07050000 0.00306851 -0.00258829
v 0.07450000 0.00404409 -0.00045208
v 0.07050000 0.00379228 -0.00135819
v 0.07050000 0.00400773 -0.00007929
v 0.07210000 0.00392327 0.00081181
v 0.07250000 0.00375672 0.00138929
v 0.07250000 0.00350769 0.00193369
v 0.07450000 0.00297270 0.00269101
v 0.07050000 0.00314082 0.00249274
v 0.07250000 0.00248208 0.00314351
v 0.07250000 0.00169923 0.00363799
v 0.07250000 0.00087115 0.00390950
v 0.07250000 0.00027874 0.00399567
v 0.07450000 -0.00218039 0.00346310
v 0.07166129 -0.00058814 0.00397212
v 0.07050000 -0.00155097 0.00369053
v 0.07367233 -0.00328103 0.00620786
v 0.07450000 -0.00430734 0.00553960
v 0.07392923 -0.00556042 0.00429635
v 0.07350238 -0.00631027 0.00305362
v 0.07450000 -0.00658119 0.00248444
v 0.07391727 -0.00701387 0.00042712
v 0.07402260 -0.00661402 -0.00235818
v 0.07394541 -0.00535747 -0.00453801
v 0.07350079 -0.00488501 -0.00501631
v 0.07365037 -0.00378246 -0.00590738
v 0.07404702 -0.00440524 -0.00547315
v 0.07350000 -0.00272822 -0.00645251
v 0.07450000 0.00009168 -0.00703393
v 0.07107082 -0.00347052 0.00610224
v 0.07108193 -0.00484668 0.00508963
v 0.07115248 -0.00572579 0.00413643
v 0.07112408 -0.00662149 0.00232540
v 0.07124979 -0.00679021 0.00173093
v 0.07113496 -0.00695306 0.00102372
v 0.07135343 -0.00702467 0.00039796
v 0.07116510 -0.00697557 -0.00080624
v 0.07050000 -0.00668936 -0.00206888
v 0.07129982 -0.00678944 -0.00176494
v 0.07102992 -0.00633909 -0.00303954
v 0.07149958 -0.00602669 -0.00357165
v 0.07096127 -0.00520170 -0.00470304
v 0.07135284 -0.00597970 -0.00372907
v 0.07050000 -0.00498582 -0.00491341
v 0.07102365 -0.00403544 -0.00576149
v 0.07135620 -0.00306432 -0.00630289
v 0.07110795 -0.00247480 -0.00656540
v 0.07050000 -0.00071951 -0.00699763
v 0.07149370 -0.00153517 -0.00682879
v 0.07139606 0.00008391 -0.00703600
v 0.07050000 0.00107894 -0.00691635
v 0.07107026 0.00151944 -0.00685244
v 0.07123604 0.00190588 -0.00684897
v 0.07050000 0.00500974 -0.00489699
v 0.07130444 0.00576051 -0.00415347
v 0.07050000 0.00624547 -0.00316134
v 0.07050000 0.00645420 -0.00271498
v 0.07118087 0.00660372 -0.00237577
v 0.07050000 0.00696063 -0.00088879
v 0.07092729 0.00699328 0.00064029
v 0.07119880 0.00674091 0.00195717
v 0.07050000 0.00650285 0.00259092
v 0.07107028 0.00635804 0.00297552
v 0.07050000 0.00566807 0.00411952
v 0.07050000 0.00461941 0.00528911
v 0.07050000 0.00361922 0.00599176
v 0.07050000 0.00318971 0.00623326
v 0.07050000 0.00173605 0.00678706
v 0.07050000 -0.00003606 0.00699991
v 0.07050000 -0.00052849 0.00698201
v 0.07129895 -0.00104235 0.00693336
v 0.07050000 -0.00205268 0.00671021
v 0.07450000 0.00325377 -0.00620006
v 0.07450000 0.00397299 -0.00576328
v 0.07450000 0.00425532 -0.00555808
v 0.07450000 0.00452708 -0.00533906
v 0.07450000 0.00507045 -0.00483411
v 0.07450000 0.00570454 -0.00405687
v 0.07450000 0.00589967 -0.00376748
v 0.07450000 0.00627006 -0.00312480
v 0.07450000 0.00652921 -0.00252378
v 0.07450000 0.00664689 -0.00219519
v 0.07450000 0.00674805 -0.00186114
v 0.07450000 0.00698303 -0.00048714
v 0.07450000 0.00699863 -0.00013846
v 0.07450000 0.00699683 0.00021057
v 0.07450000 0.00697764 0.00055907
v 0.07450000 0.00691349 0.00110970
v 0.07450000 0.00602671 0.00357166
v 0.07450000 0.00531501 0.00457161
v 0.07450000 0.00447460 0.00538876
v 0.07378229 0.00360538 0.00602298
v 0.07450000 0.00130982 0.00688203
v 0.07450000 0.00026948 0.00700038
v 0.07450000 -0.00038494 0.00698941
v 0.07450000 -0.00093700 0.00693901
v 0.07450000 -0.00142235 0.00685397
v 0.07450000 -0.00176223 0.00677455
v 0.07450000 -0.00242800 0.00656543
v 0.07450000 -0.00275224 0.00643624
v 0.07050000 -0.00200316 0.00346359
v 0.07050000 -0.00249176 0.00313684
v 0.07050000 -0.00299863 0.00265211
v 0.07450000 -0.00360064 0.00178707
v 0.07050000 -0.00341435 0.00209544
v 0.07203846 -0.00383996 0.00116889
v 0.07450000 -0.00401606 -0.00012086
v 0.07050000 -0.00402089 0.00007955
v 0.07250000 -0.00386850 -0.00103503
v 0.07200000 -0.00364466 -0.00166830
v 0.07304545 -0.00322466 -0.00237905
v 0.07450000 -0.00253842 -0.00310401
v 0.07050000 -0.00273421 -0.00293301
v 0.07188462 -0.00184071 -0.00356331
v 0.07330000 -0.00096911 -0.00389457
v 0.07210000 -0.00018020 -0.00400452
v 0.07243548 0.00071702 -0.00394740
v 0.07050000 0.00127715 -0.00379183
v 0.07450000 0.00149730 -0.00371041
v 0.07362181 0.00247306 -0.00657986
v 0.07348062 0.00223786 -0.00643245
v 0.07345617 0.00218199 -0.00635114
v 0.07335992 0.00218313 -0.00611423
v 0.07385214 0.00215664 -0.00671345
v 0.07320453 0.00201850 -0.00596736
v 0.07346721 0.00141400 -0.00659180
v 0.07349720 0.00051400 -0.00696146
v 0.07337298 0.00154424 -0.00633327
v 0.07320335 0.00171021 -0.00605867
v 0.07265207 0.00215924 -0.00561233
v 0.07313694 0.00157136 -0.00603022
v 0.07275719 0.00170605 -0.00579067
v 0.07295189 0.00167117 -0.00587544
v 0.07348458 0.00060528 -0.00679828
v 0.07253560 0.00198262 -0.00566663
v 0.07302760 0.00113749 -0.00604265
v 0.07264620 0.00165805 -0.00577870
v 0.07330275 0.00121450 -0.00628588
v 0.07347362 0.00019008 -0.00677882
v 0.07340777 0.00053588 -0.00655323
v 0.07277073 0.00104123 -0.00594409
v 0.07330277 0.00012604 -0.00641369
v 0.07325538 0.00033211 -0.00633910
v 0.07316746 0.00030412 -0.00624778
v 0.07350043 0.00033153 -0.00704987
v 0.07288811 0.00029557 -0.00607337
v 0.07339940 -0.00025710 -0.00655980
v 0.07346379 -0.00062489 -0.00670484
v 0.07340860 -0.00103408 -0.00650633
v 0.07328225 -0.00069979 -0.00634274
v 0.07266814 -0.00006907 -0.00602734
v 0.07309230 -0.00007216 -0.00621390
v 0.07284295 -0.00014946 -0.00606214
v 0.07253714 0.00095198 -0.00593895
v 0.07254907 0.00033001 -0.00599212
v 0.07346935 -0.00175572 -0.00652915
v 0.07288625 -0.00073956 -0.00603952
v 0.07350484 -0.00155259 -0.00682548
v 0.07305679 -0.00118415 -0.00607035
v 0.07317081 -0.00111184 -0.00615902
v 0.07340905 -0.00209155 -0.00625823
v 0.07421081 -0.00229558 -0.00665679
v 0.07244990 -0.00071439 -0.00595848
v 0.07348820 -0.00234082 -0.00641372
v 0.07325320 -0.00145330 -0.00616701
v 0.07272172 -0.00115416 -0.00591766
v 0.07255581 -0.00136378 -0.00585331
v 0.07330770 -0.00202116 -0.00608223
v 0.07288024 -0.00196856 -0.00575231
v 0.07320023 -0.00207466 -0.00593654
v 0.07345423 -0.00324920 -0.00586851
v 0.07327220 -0.00276905 -0.00573709
v 0.07348849 -0.00311524 -0.00609316
v 0.07337576 -0.00278325 -0.00589560
v 0.07310990 -0.00259636 -0.00565184
v 0.07276723 -0.00185218 -0.00574643
v 0.07349317 -0.00378757 -0.00573855
v 0.07311478 -0.00298085 -0.00546206
v 0.07264989 -0.00238804 -0.00552290
v 0.07293516 -0.00272558 -0.00546168
v 0.07327310 -0.00367404 -0.00521699
v 0.07339211 -0.00353185 -0.00551561
v 0.07282542 -0.00341117 -0.00502944
v 0.07349689 -0.00442156 -0.00532860
v 0.07257302 -0.00249774 -0.00545842
v 0.07324336 -0.00365491 -0.00516960
v 0.07348777 -0.00480102 -0.00488324
v 0.07261136 -0.00310073 -0.00514958
v 0.07255745 -0.00315659 -0.00512176
v 0.07318162 -0.00391194 -0.00490345
v 0.07273590 -0.00335800 -0.00501088
v 0.07297160 -0.00386614 -0.00475710
v 0.07344921 -0.00435899 -0.00506743
v 0.07335895 -0.00442949 -0.00476679
v 0.07347937 -0.00542343 -0.00412357
v 0.07332808 -0.00463873 -0.00446950
v 0.07349101 -0.00534181 -0.00429620
v 0.07311144 -0.00419261 -0.00458311
v 0.07331034 -0.00508410 -0.00392815
v 0.07271341 -0.00391679 -0.00457540
v 0.07315329 -0.00477892 -0.00402368
v 0.07290698 -0.00443487 -0.00417532
v 0.07323606 -0.00532450 -0.00341710
v 0.07366809 -0.00625081 -0.00321810
v 0.07304467 -0.00500539 -0.00362501
v 0.07340416 -0.00555293 -0.00353007
v 0.07243555 -0.00425306 -0.00423613
v 0.07284767 -0.00470684 -0.00382503
v 0.07264805 -0.00439130 -0.00411043
v 0.07347972 -0.00601598 -0.00314281
v 0.07277927 -0.00512396 -0.00321334
v 0.07297205 -0.00512687 -0.00334606
v 0.07313259 -0.00529472 -0.00327656
v 0.07289445 -0.00515584 -0.00322993
v 0.07332491 -0.00589910 -0.00257339
v 0.07339551 -0.00591279 -0.00286681
v 0.07251891 -0.00493814 -0.00341081
v 0.07260737 -0.00491199 -0.00346688
v 0.07313546 -0.00575274 -0.00240038
v 0.07338140 -0.00626338 -0.00183070
v 0.07382545 -0.00690379 -0.00131345
v 0.07302571 -0.00574236 -0.00222299
v 0.07347904 -0.00631751 -0.00248030
v 0.07266171 -0.00546329 -0.00251381
v 0.07346611 -0.00654578 -0.00160559
v 0.07325870 -0.00629236 -0.00105361
v 0.07349411 -0.00672733 -0.00154262
v 0.07256716 -0.00525572 -0.00290978
v 0.07307602 -0.00595814 -0.00166471
v 0.07279417 -0.00564999 -0.00217193
v 0.07260378 -0.00569405 -0.00191922
v 0.07318342 -0.00595029 -0.00208802
v 0.07339518 -0.00656082 -0.00041060
v 0.07346532 -0.00665117 -0.00108806
v 0.07348940 -0.00684093 -0.00017839
v 0.07290608 -0.00595935 -0.00126501
v 0.07308301 -0.00612852 -0.00087169
v 0.07280812 -0.00591287 -0.00127889
v 0.07341504 -0.00657521 -0.00072192
v 0.07267739 -0.00589505 -0.00119490
v 0.07346503 -0.00674054 0.00019445
v 0.07286766 -0.00607500 -0.00021429
v 0.07315146 -0.00623599 -0.00043128
v 0.07259195 -0.00593291 -0.00097141
v 0.07277652 -0.00604484 -0.00021829
v 0.07310163 -0.00621536 0.00006098
v 0.07344908 -0.00661582 0.00108268
v 0.07349243 -0.00681045 0.00090978
v 0.07346387 -0.00665572 0.00108880
v 0.07323862 -0.00633636 0.00003099
v 0.07296394 -0.00606756 0.00083575
v 0.07325979 -0.00625918 0.00110753
v 0.07259247 -0.00600158 0.00024943
v 0.07286575 -0.00600491 0.00090935
v 0.07350242 -0.00674182 0.00190275
v 0.07318925 -0.00611221 0.00144674
v 0.07312000 -0.00607312 0.00134552
v 0.07348405 -0.00645717 0.00218889
v 0.07340662 -0.00647236 0.00120242
v 0.07344105 -0.00621705 0.00239057
v 0.07293072 -0.00587207 0.00167973
v 0.07311798 -0.00585654 0.00209346
v 0.07254309 -0.00592422 0.00097924
v 0.07268690 -0.00591220 0.00118611
v 0.07339106 -0.00639651 0.00145980
v 0.07347726 -0.00601271 0.00315434
v 0.07253203 -0.00575837 0.00170403
v 0.07341378 -0.00597982 0.00278296
v 0.07317461 -0.00556403 0.00288728
v 0.07328188 -0.00568662 0.00289175
v 0.07349797 -0.00608650 0.00332305
v 0.07273422 -0.00534456 0.00283485
v 0.07319731 -0.00581333 0.00240188
v 0.07275763 -0.00568209 0.00204749
v 0.07287710 -0.00543342 0.00272319
v 0.07342904 -0.00546581 0.00375371
v 0.07252557 -0.00549801 0.00241014
v 0.07349442 -0.00549229 0.00416741
v 0.07301983 -0.00535720 0.00303045
v 0.07339822 -0.00492457 0.00435815
v 0.07324076 -0.00510012 0.00375203
v 0.07309960 -0.00497319 0.00371646
v 0.07263440 -0.00511800 0.00315881
v 0.07333796 -0.00507036 0.00400092
v 0.07300905 -0.00471146 0.00394563
v 0.07331953 -0.00445561 0.00464894
v 0.07350318 -0.00451685 0.00535397
v 0.07347212 -0.00491523 0.00465633
v 0.07285074 -0.00473168 0.00380046
v 0.07336394 -0.00446405 0.00473435
v 0.07261761 -0.00472750 0.00372209
v 0.07349436 -0.00374746 0.00577817
v 0.07345016 -0.00419785 0.00520588
v 0.07278100 -0.00434254 0.00420980
v 0.07322178 -0.00409375 0.00481477
v 0.07347594 -0.00442233 0.00514671
v 0.07332288 -0.00372383 0.00525261
v 0.07309128 -0.00385214 0.00486354
v 0.07301239 -0.00393826 0.00471488
v 0.07283132 -0.00401944 0.00453643
v 0.07338368 -0.00341575 0.00556977
v 0.07255916 -0.00426579 0.00423460
v 0.07349506 -0.00315761 0.00614190
v 0.07344939 -0.00365977 0.00559418
v 0.07348079 -0.00328522 0.00595937
v 0.07346460 -0.00325943 0.00589376
v 0.07273971 -0.00360805 0.00482791
v 0.07296488 -0.00330985 0.00514479
v 0.07319619 -0.00289244 0.00558645
v 0.07287809 -0.00319345 0.00516966
v 0.07335773 -0.00313121 0.00568000
v 0.07258119 -0.00341275 0.00495602
v 0.07314785 -0.00314161 0.00538998
v 0.07332030 -0.00310306 0.00562893
v 0.07323328 -0.00332846 0.00537852
v 0.07309570 -0.00299164 0.00542682
v 0.07297140 -0.00295364 0.00535788
v 0.07288268 -0.00293338 0.00532114
v 0.07272017 -0.00301088 0.00523065
v 0.07269509 -0.00290591 0.00527130
v 0.07254907 -0.00289722 0.00525553
v 0.07252836 -0.00320316 0.00507794
v 0.07221026 0.00194768 -0.00572814
v 0.07195691 0.00191215 -0.00586710
v 0.07237781 0.00165745 -0.00577595
v 0.07213625 0.00157418 -0.00586528
v 0.07189385 0.00157624 -0.00601965
v 0.07159409 0.00215480 -0.00621436
v 0.07214528 0.00108666 -0.00597611
v 0.07151978 0.00231084 -0.00637745
v 0.07251884 0.00069681 -0.00597061
v 0.07175067 0.00128341 -0.00621799
v 0.07155193 0.00139389 -0.00653861
v 0.07180915 0.00077545 -0.00624180
v 0.07230492 0.00066051 -0.00598350
v 0.07164613 0.00127062 -0.00636172
v 0.07204423 0.00065099 -0.00609195
v 0.07242853 -0.00023289 -0.00600426
v 0.07151534 0.00135262 -0.00667327
v 0.07196973 0.00046526 -0.00613587
v 0.07248784 -0.00011519 -0.00600039
v 0.07164195 0.00049991 -0.00647182
v 0.07150789 0.00070927 -0.00684177
v 0.07216691 -0.00038061 -0.00605125
v 0.07188646 -0.00042066 -0.00621083
v 0.07178008 -0.00012219 -0.00631409
v 0.07168229 0.00003409 -0.00643362
v 0.07154962 0.00029330 -0.00668614
v 0.07197589 -0.00074571 -0.00611710
v 0.07166157 -0.00034254 -0.00645584
v 0.07157037 -0.00054899 -0.00661450
v 0.07220524 -0.00112579 -0.00593839
v 0.07244753 -0.00156133 -0.00580102
v 0.07150120 0.00003581 -0.00695084
v 0.07152385 -0.00102388 -0.00672566
v 0.07179424 -0.00140740 -0.00614474
v 0.07194191 -0.00134446 -0.00602704
v 0.07228697 -0.00176226 -0.00576231
v 0.07216489 -0.00212692 -0.00567746
v 0.07166090 -0.00141754 -0.00629402
v 0.07150242 -0.00064204 -0.00690222
v 0.07162555 -0.00236126 -0.00608565
v 0.07201268 -0.00215339 -0.00574038
v 0.07167508 -0.00229800 -0.00603412
v 0.07236924 -0.00223186 -0.00558482
v 0.07197951 -0.00256887 -0.00558813
v 0.07181579 -0.00250282 -0.00575471
v 0.07240745 -0.00339579 -0.00496994
v 0.07150743 -0.00209950 -0.00654302
v 0.07177757 -0.00297688 -0.00557174
v 0.07215768 -0.00272065 -0.00541818
v 0.07155170 -0.00262961 -0.00615651
v 0.07225305 -0.00352599 -0.00490715
v 0.07192133 -0.00331476 -0.00523071
v 0.07164707 -0.00323546 -0.00561877
v 0.07151273 -0.00307679 -0.00609881
v 0.07214173 -0.00362981 -0.00487738
v 0.07246994 -0.00361856 -0.00479778
v 0.07160893 -0.00398928 -0.00522392
v 0.07159503 -0.00438310 -0.00493804
v 0.07166083 -0.00404291 -0.00504730
v 0.07178728 -0.00369476 -0.00510294
v 0.07225849 -0.00426592 -0.00427839
v 0.07200198 -0.00397364 -0.00468476
v 0.07184526 -0.00433536 -0.00451910
v 0.07239143 -0.00466736 -0.00378556
v 0.07151255 -0.00389370 -0.00561343
v 0.07175501 -0.00426551 -0.00468903
v 0.07222109 -0.00497206 -0.00346004
v 0.07152158 -0.00467062 -0.00492000
v 0.07202518 -0.00474898 -0.00386852
v 0.07149887 -0.00457552 -0.00529986
v 0.07232786 -0.00508346 -0.00322608
v 0.07181524 -0.00517023 -0.00359205
v 0.07154325 -0.00536803 -0.00403620
v 0.07210539 -0.00507825 -0.00335148
v 0.07150409 -0.00530211 -0.00443097
v 0.07211650 -0.00534981 -0.00289385
v 0.07184906 -0.00511885 -0.00358049
v 0.07165343 -0.00510183 -0.00398857
v 0.07246335 -0.00563907 -0.00213113
v 0.07194563 -0.00557251 -0.00265639
v 0.07180097 -0.00515006 -0.00361498
v 0.07227315 -0.00548917 -0.00248982
v 0.07183688 -0.00566237 -0.00265998
v 0.07160026 -0.00575965 -0.00315340
v 0.07152011 -0.00564306 -0.00379673
v 0.07220018 -0.00569051 -0.00205469
v 0.07248799 -0.00563233 -0.00207231
v 0.07155679 -0.00633628 -0.00212031
v 0.07158905 -0.00602574 -0.00265287
v 0.07234148 -0.00573662 -0.00180575
v 0.07200507 -0.00585948 -0.00181830
v 0.07235858 -0.00588150 -0.00126070
v 0.07172317 -0.00588793 -0.00244872
v 0.07220085 -0.00590895 -0.00128470
v 0.07186001 -0.00594582 -0.00187459
v 0.07151232 -0.00653143 -0.00208793
v 0.07196241 -0.00597601 -0.00153379
v 0.07165058 -0.00630109 -0.00151493
v 0.07173770 -0.00618651 -0.00146232
v 0.07154735 -0.00644616 -0.00182380
v 0.07227276 -0.00601138 -0.00045144
v 0.07252608 -0.00599963 -0.00020253
v 0.07189077 -0.00618362 -0.00058334
v 0.07186311 -0.00613121 -0.00112139
v 0.07213551 -0.00607414 -0.00019267
v 0.07168090 -0.00640550 -0.00058006
v 0.07150610 -0.00674628 -0.00136082
v 0.07161691 -0.00655088 -0.00017610
v 0.07150215 -0.00664452 -0.00198439
v 0.07230567 -0.00602236 0.00035826
v 0.07156202 -0.00659767 -0.00088556
v 0.07218065 -0.00604796 0.00044067
v 0.07249858 -0.00596492 0.00082597
v 0.07175522 -0.00632138 -0.00038407
v 0.07236556 -0.00597651 0.00073796
v 0.07155050 -0.00668381 -0.00027961
v 0.07200403 -0.00613120 0.00028385
v 0.07237781 -0.00594650 0.00086480
v 0.07185713 -0.00622001 0.00051777
v 0.07194196 -0.00615736 0.00057449
v 0.07171835 -0.00636428 0.00043602
v 0.07153085 -0.00672640 0.00071580
v 0.07150840 -0.00682032 -0.00082157
v 0.07155653 -0.00665994 0.00043664
v 0.07193363 -0.00603797 0.00134916
v 0.07238541 -0.00583549 0.00143066
v 0.07158734 -0.00652799 0.00095647
v 0.07216723 -0.00590912 0.00133892
v 0.07166328 -0.00627259 0.00156391
v 0.07231431 -0.00572859 0.00185680
v 0.07206840 -0.00581337 0.00185622
v 0.07150436 -0.00687340 0.00060838
v 0.07186544 -0.00600009 0.00170846
v 0.07232836 -0.00551711 0.00241341
v 0.07151454 -0.00669095 0.00129923
v 0.07222745 -0.00565823 0.00211157
v 0.07176047 -0.00619293 0.00131782
v 0.07151308 -0.00651370 0.00204186
v 0.07163114 -0.00603668 0.00244881
v 0.07201920 -0.00551151 0.00267719
v 0.07193808 -0.00548696 0.00286582
v 0.07217308 -0.00535465 0.00284007
v 0.07174087 -0.00586673 0.00243091
v 0.07160264 -0.00585405 0.00297448
v 0.07238258 -0.00500043 0.00334077
v 0.07184070 -0.00529801 0.00332543
v 0.07225045 -0.00476540 0.00371206
v 0.07150673 -0.00637005 0.00259939
v 0.07156861 -0.00557092 0.00364315
v 0.07169799 -0.00548221 0.00331606
v 0.07215206 -0.00443577 0.00416760
v 0.07149108 -0.00628946 0.00306854
v 0.07223895 -0.00464044 0.00386009
v 0.07243445 -0.00434133 0.00415206
v 0.07199628 -0.00463137 0.00402960
v 0.07163471 -0.00500847 0.00414796
v 0.07150346 -0.00575307 0.00382520
v 0.07225835 -0.00416668 0.00436250
v 0.07193366 -0.00417776 0.00457208
v 0.07173414 -0.00491552 0.00403483
v 0.07153910 -0.00506440 0.00441931
v 0.07183609 -0.00439523 0.00444829
v 0.07163258 -0.00456038 0.00464722
v 0.07210649 -0.00384699 0.00471439
v 0.07199288 -0.00408964 0.00457909
v 0.07241228 -0.00387159 0.00459364
v 0.07230558 -0.00356115 0.00485470
v 0.07151297 -0.00481445 0.00484850
v 0.07177041 -0.00414706 0.00475684
v 0.07232361 -0.00321879 0.00508132
v 0.07156054 -0.00410644 0.00524533
v 0.07165576 -0.00363716 0.00535693
v 0.07245093 -0.00289722 0.00525553
v 0.07207041 -0.00318377 0.00520297
v 0.07188884 -0.00328679 0.00526983
v 0.07162881 -0.00383249 0.00526275
v 0.07235327 -0.00290186 0.00526395
v 0.07178048 -0.00348491 0.00526641
v 0.07228257 -0.00290981 0.00527414
v 0.07198712 -0.00309871 0.00530382
v 0.07150806 -0.00455697 0.00513998
v 0.07173563 -0.00336709 0.00539333
v 0.07220972 -0.00291742 0.00529218
v 0.07212593 -0.00325452 0.00513144
v 0.07202860 -0.00295364 0.00535788
v 0.07155295 -0.00292291 0.00602688
v 0.07194443 -0.00297800 0.00540207
v 0.07190430 -0.00299164 0.00542682
v 0.07151057 -0.00363154 0.00580399
v 0.07149619 -0.00424118 0.00556667
v 0.07155006 -0.00341413 0.00575089
v 0.07161808 -0.00315183 0.00571740
v 0.07154306 -0.00323926 0.00587601
v 0.07150120 -0.00335572 0.00608725
v 0.06553226 0.00124716 0.00995214
v 0.06450000 -0.00000000 0.01000000
v 0.06570000 0.00297382 0.00955607
v 0.06570000 0.00489340 0.00875439
v 0.06508824 0.00632387 0.00776287
v 0.06555882 0.00750402 0.00662234
v 0.06650000 0.00826569 0.00563545
v 0.06525000 0.00854006 0.00522397
v 0.06516667 0.00904492 0.00426925
v 0.06540000 0.00955773 0.00298899
v 0.06650000 0.00974928 0.00222521
v 0.06650000 0.00988445 0.00153439
v 0.06478571 0.00996920 0.00092658
v 0.06650000 0.00999689 0.00024931
v 0.06530000 0.00998196 -0.00071616
v 0.06650000 0.00992239 -0.00124344
v 0.06550000 0.00970582 -0.00247140
v 0.06562500 0.00915891 -0.00402912
v 0.06555882 0.00854085 -0.00521921
v 0.06575000 0.00766690 -0.00643597
v 0.06481579 0.00675310 -0.00740321
v 0.06650000 0.00627104 -0.00779299
v 0.06564286 0.00475051 -0.00882527
v 0.06450000 0.00563320 -0.00826239
v 0.06535714 0.00274759 -0.00963006
v 0.06583333 0.00131381 -0.00992485
v 0.06850000 0.00011736 0.00399941
v 0.06900000 -0.00049631 0.00398163
v 0.07010000 -0.00111281 0.00386440
v 0.06850000 -0.00162954 0.00365427
v 0.06850000 -0.00214966 0.00338047
v 0.07016667 -0.00252649 0.00312870
v 0.06850000 -0.00286347 0.00279295
v 0.06850000 -0.00299912 0.00264674
v 0.07000000 -0.00349255 0.00198170
v 0.06850000 -0.00323569 0.00235707
v 0.06850000 -0.00364602 0.00164515
v 0.06850000 -0.00567989 0.00165658
v 0.06970000 -0.00387823 0.00100266
v 0.06944737 -0.00398548 0.00039881
v 0.06970000 -0.00399753 -0.00030310
v 0.06850000 -0.00394315 -0.00069528
v 0.06975000 -0.00378940 -0.00130336
v 0.06940909 -0.00356346 -0.00182381
v 0.06952857 -0.00312247 -0.00252439
v 0.06925000 -0.00256557 -0.00307308
v 0.06955882 -0.00208747 -0.00341599
v 0.06916667 -0.00132499 -0.00378751
v 0.07000000 -0.00056874 -0.00397512
v 0.06850000 -0.00019938 -0.00399503
v 0.06850000 -0.00000000 -0.00400000
v 0.06810000 0.00020330 -0.00710728
v 0.06885294 0.00139058 -0.00696836
v 0.06884483 0.00277267 -0.00656957
v 0.06650000 0.00339771 -0.00623924
v 0.06878571 0.00454756 -0.00547338
v 0.06795455 0.00556370 -0.00443459
v 0.06921429 0.00641115 -0.00309127
v 0.06650000 0.00677990 -0.00214388
v 0.06904545 0.00707453 -0.00087922
v 0.06787500 0.00702853 0.00117609
v 0.06975000 0.00666262 0.00247836
v 0.06773077 0.00610488 0.00366188
v 0.06650000 0.00428701 0.00565964
v 0.06901429 0.00505777 0.00502019
v 0.06650000 0.00374289 0.00603995
v 0.06910870 0.00324280 0.00633796
v 0.06650000 0.00146247 0.00696552
v 0.06650000 0.00020832 0.00709896
v 0.06716667 -0.00002206 0.00612134
v 0.06642000 -0.00150771 0.00592116
v 0.06850000 -0.00394985 0.00478631
v 0.06450000 -0.00269435 0.00548935
v 0.06450000 -0.00343625 0.00504006
v 0.06450000 -0.00442192 0.00424553
v 0.06450000 -0.00538579 0.00288381
v 0.06450000 -0.00579898 0.00190817
v 0.06450000 -0.00604731 0.00086785
v 0.06750000 -0.00611680 0.00005353
v 0.06750000 -0.00586083 -0.00175180
v 0.06450000 -0.00603445 -0.00095318
v 0.06642000 -0.00536988 -0.00292428
v 0.06690000 -0.00445325 -0.00421781
v 0.06621429 -0.00346768 -0.00506537
v 0.06629310 -0.00189659 -0.00581502
v 0.06745652 -0.00014754 -0.00611487
v 0.06450000 -0.00075946 -0.00606035
v 0.06850000 0.00284152 -0.00554259
v 0.06450000 0.00110333 -0.00600881
v 0.06450000 0.00212373 -0.00572355
v 0.06450000 0.00309192 -0.00526907
v 0.06450000 0.00368321 -0.00486251
v 0.06450000 0.00403703 -0.00457452
v 0.06450000 0.00436679 -0.00425924
v 0.06450000 0.00484372 -0.00372310
v 0.06770000 0.00525242 -0.00316575
v 0.06450000 0.00556019 -0.00250885
v 0.06650000 0.00583683 -0.00180042
v 0.06639474 0.00603998 -0.00091038
v 0.06658696 0.00611077 0.00015395
v 0.06708824 0.00578647 0.00200059
v 0.06450000 0.00601106 0.00105991
v 0.06650000 0.00497330 0.00357556
v 0.06650000 0.00404306 0.00457846
v 0.06730000 0.00288111 0.00538948
v 0.06450000 0.00343839 0.00504319
v 0.06678571 0.00175747 0.00585351
v 0.06450000 0.00106060 0.00601496
v 0.06650000 -0.00066337 0.00707462
v 0.07050000 0.00012114 0.00724170
v 0.06650000 -0.00221709 0.00677177
v 0.06855405 -0.00372357 0.00609335
v 0.06650000 -0.00508265 0.00495748
v 0.07050000 -0.00579511 0.00411180
v 0.06825000 -0.00549055 0.00459503
v 0.07050000 -0.00634322 0.00320216
v 0.06831818 -0.00681912 0.00205964
v 0.06650000 -0.00712526 0.00005508
v 0.07050000 -0.00712526 -0.00005508
v 0.06860526 -0.00692772 -0.00158121
v 0.06878571 -0.00662102 -0.00257949
v 0.06783333 -0.00610488 -0.00366188
v 0.07050000 -0.00506830 -0.00502203
v 0.06773077 -0.00428530 -0.00573821
v 0.06850000 -0.00226477 -0.00674073
v 0.06810000 -0.00112504 -0.00701459
v 0.07050000 -0.00049954 -0.00708442
v 0.07050000 0.00142304 -0.00381235
v 0.07050000 0.00310460 -0.00256312
v 0.06944737 0.00265030 0.00300316
v 0.06850000 0.00037373 -0.00398570
v 0.06850000 0.00087315 -0.00390470
v 0.06850000 0.00125759 -0.00379836
v 0.06850000 0.00162954 -0.00365427
v 0.06850000 0.00191302 -0.00351289
v 0.06850000 0.00215598 -0.00337058
v 0.06850000 0.00241522 -0.00318853
v 0.06850000 0.00284944 -0.00282120
v 0.06850000 0.00330628 -0.00225418
v 0.06950000 0.00362025 -0.00171174
v 0.06850000 0.00376027 -0.00136863
v 0.06960000 0.00389115 -0.00094734
v 0.06955263 0.00399212 -0.00029917
v 0.06850000 0.00399876 0.00009972
v 0.06927419 0.00395542 0.00068756
v 0.07006522 0.00376029 0.00139765
v 0.06947143 0.00326118 0.00234463
v 0.06945238 0.00216096 0.00337287
v 0.06956667 0.00156421 0.00368500
v 0.06940909 0.00107078 0.00385997
v 0.06970000 0.00040854 0.00398234
v 0.06450000 -0.00336419 0.00942557
v 0.06450000 -0.00141982 0.00992344
v 0.06506250 -0.00923050 0.00397248
v 0.06450000 -0.01004391 0.00032970
v 0.06450000 -0.00966988 -0.00264272
v 0.06500000 -0.00180862 -0.00986465
v 0.06525000 -0.00605878 0.00801926
v 0.06481579 -0.00745667 0.00669403
v 0.06650000 -0.00800010 0.00600459
v 0.06650000 -0.00568916 0.00823363
v 0.06650000 -0.00840026 0.00542546
v 0.06650000 -0.00866025 0.00500000
v 0.06600000 -0.00440445 0.00898466
v 0.06650000 -0.00965062 0.00265040
v 0.06650000 -0.01000179 0.00067427
v 0.06650000 -0.00206880 0.00983407
v 0.06650000 -0.00973346 -0.00256134
v 0.06500000 -0.00859307 -0.00517124
v 0.06650000 -0.00840026 -0.00542546
v 0.06650000 -0.00782609 -0.00624110
v 0.06525000 -0.00686009 -0.00730158
v 0.06650000 -0.00603804 -0.00797133
v 0.06650000 -0.00563320 -0.00826239
v 0.06473529 -0.00484972 -0.00876974
v 0.06600000 -0.00412177 -0.00912469
v 0.06650000 -0.00314399 -0.00949590
v 0.06579412 -0.00050104 -0.01000680
v 0.06816667 0.10500000 0.00310000
v 0.06825000 0.10484548 0.00309615
v 0.06825000 0.10461441 0.00307690
v 0.06827273 0.10430997 0.00302321
v 0.06825000 0.10401239 0.00293949
v 0.06825000 0.10379585 0.00285658
v 0.06821429 0.10365496 0.00279300
v 0.06830000 0.10351741 0.00272249
v 0.06823077 0.10331759 0.00260489
v 0.06827273 0.10306658 0.00242443
v 0.06825000 0.10283479 0.00221987
v 0.06820000 0.10267568 0.00205123
v 0.06828571 0.10257632 0.00193282
v 0.06823529 0.10239376 0.00168329
v 0.06825000 0.10220613 0.00134547
v 0.06825806 0.10200845 0.00084169
v 0.06822727 0.10191445 0.00030876
v 0.06826000 0.10189905 -0.00015478
v 0.06825000 0.10199120 -0.00076613
v 0.06825000 0.10220266 -0.00134713
v 0.06833333 0.10268121 -0.00158125
v 0.06822727 0.10262452 -0.00199326
v 0.06825000 0.10283479 -0.00221987
v 0.06828571 0.10317857 -0.00251396
v 0.06820000 0.10352302 -0.00272839
v 0.06825000 0.10401116 -0.00294314
v 0.06826087 0.10461394 -0.00308072
v 0.06825000 0.10507731 -0.00310000
v 0.07096429 0.11574048 -0.00259351
v 0.07093750 0.11506126 -0.00243380
v 0.07102000 0.11452161 -0.00214592
v 0.07092857 0.11404572 -0.00172465
v 0.07094737 0.11361832 -0.00107466
v 0.07094737 0.11339439 -0.00019526
v 0.07090000 0.11345667 0.00056751
v 0.07150000 0.11353539 0.00082807
v 0.07092105 0.11365000 0.00112112
v 0.07150000 0.11387246 0.00150557
v 0.07067241 0.11409475 0.00178960
v 0.07150000 0.11436952 0.00202617
v 0.07077778 0.11469183 0.00225191
v 0.07108621 0.11506069 0.00243378
v 0.07095946 0.11586976 0.00260966
v 0.07103846 0.10512321 0.00840081
v 0.07098780 0.10443256 0.00844640
v 0.07086842 0.10378812 0.00869617
v 0.07070833 0.10326136 0.00905667
v 0.07150000 0.10344183 0.00891605
v 0.07150000 0.10305057 0.00927962
v 0.07093750 0.10288722 0.00948100
v 0.07097059 0.10259549 0.00998641
v 0.07095455 0.10240355 0.01074019
v 0.07090000 0.10244017 0.01150185
v 0.07092857 0.10262518 0.01207156
v 0.07095455 0.10288460 0.01252088
v 0.07125000 0.10330874 0.01298944
v 0.07066667 0.10370690 0.01327168
v 0.07150000 0.10403919 0.01341675
v 0.07150000 0.10440265 0.01353451
v 0.07070000 0.10462744 0.01358445
v 0.07071739 0.09416380 -0.00260445
v 0.07095455 0.09329123 -0.00251913
v 0.07150000 0.09275654 -0.00228338
v 0.07050000 0.09235214 -0.00203285
v 0.07150000 0.09264427 -0.00221856
v 0.07150000 0.09253537 -0.00214822
v 0.07150000 0.09243011 -0.00207254
v 0.07150000 0.09232875 -0.00199172
v 0.07150000 0.09223155 -0.00190593
v 0.07150000 0.09213875 -0.00181542
v 0.07150000 0.09205057 -0.00172038
v 0.07150000 0.09196724 -0.00162107
v 0.07050000 0.09169191 -0.00123314
v 0.07150000 0.09188896 -0.00151773
v 0.07150000 0.09181593 -0.00141062
v 0.07150000 0.09174833 -0.00130000
v 0.07150000 0.09168633 -0.00118615
v 0.07150000 0.09163008 -0.00106935
v 0.07150000 0.09157973 -0.00094989
v 0.07150000 0.09153539 -0.00082807
v 0.07090741 0.09143314 -0.00045261
v 0.07093750 0.09139866 0.00006487
v 0.07128571 0.09145236 0.00055175
v 0.07078125 0.09155578 0.00092990
v 0.07071875 0.09209844 0.00179189
v 0.07150000 0.09187785 0.00150573
v 0.07103846 0.09247862 0.00211353
v 0.07150000 0.09264427 0.00221856
v 0.07150000 0.09275654 0.00228338
v 0.07050000 0.09318639 0.00248716
v 0.07150000 0.09287190 0.00234252
v 0.07150000 0.09299007 0.00239584
v 0.07150000 0.09311075 0.00244320
v 0.07150000 0.09323364 0.00248449
v 0.07150000 0.09335843 0.00251960
v 0.07150000 0.09348482 0.00254845
v 0.07150000 0.09361249 0.00257096
v 0.07150000 0.09374112 0.00258708
v 0.07095455 0.09406497 0.00260537
v 0.07150000 0.09387040 0.00259677
v 0.07096154 0.10465984 -0.01359368
v 0.07102000 0.10384275 -0.01333673
v 0.07050000 0.10330479 -0.01298824
v 0.07150000 0.10329083 -0.01296451
v 0.07120000 0.10285556 -0.01248350
v 0.07068182 0.10264303 -0.01211538
v 0.07097059 0.10248218 -0.01166025
v 0.07098276 0.10239390 -0.01111695
v 0.07097500 0.10248475 -0.01029232
v 0.07095455 0.10271591 -0.00975616
v 0.07121429 0.10298186 -0.00934612
v 0.07067857 0.10328241 -0.00902959
v 0.07150000 0.10357938 -0.00882154
v 0.07150000 0.10391229 -0.00863411
v 0.07067241 0.10418266 -0.00851714
v 0.07150000 0.10448482 -0.00845155
v 0.07150000 0.10461249 -0.00842904
v 0.07150000 0.08904090 -0.00214329
v 0.06650000 0.08904090 -0.00214329
v 0.07150000 0.08909065 -0.00214205
v 0.06650000 0.08909065 -0.00214205
v 0.07150000 0.08914027 -0.00213834
v 0.06650000 0.08914027 -0.00213834
v 0.07150000 0.08918965 -0.00213217
v 0.06650000 0.08918965 -0.00213217
v 0.07150000 0.08923866 -0.00212354
v 0.06650000 0.08923866 -0.00212354
v 0.07150000 0.08928717 -0.00211249
v 0.06650000 0.08928717 -0.00211249
v 0.07150000 0.08933508 -0.00209904
v 0.06650000 0.08933508 -0.00209904
v 0.07150000 0.08938227 -0.00208322
v 0.06650000 0.08938227 -0.00208322
v 0.07150000 0.08942860 -0.00206508
v 0.06650000 0.08942860 -0.00206508
v 0.07150000 0.08947398 -0.00204465
v 0.06650000 0.08947398 -0.00204465
v 0.07150000 0.08951828 -0.00202199
v 0.06650000 0.08951828 -0.00202199
v 0.07150000 0.08956140 -0.00199715
v 0.06650000 0.08956140 -0.00199715
v 0.07150000 0.08960323 -0.00197020
v 0.06650000 0.08960323 -0.00197020
v 0.07150000 0.08964367 -0.00194120
v 0.06650000 0.08964367 -0.00194120
v 0.07150000 0.08968262 -0.00191023
v 0.06650000 0.08968262 -0.00191023
v 0.07150000 0.08971998 -0.00187736
v 0.06650000 0.08971998 -0.00187736
v 0.06650000 0.08975565 -0.00184267
v 0.07150000 0.08975565 -0.00184267
v 0.07150000 0.08978956 -0.00180624
v 0.06650000 0.08978956 -0.00180624
v 0.07150000 0.08982161 -0.00176818
v 0.06650000 0.08982161 -0.00176818
v 0.06650000 0.08985173 -0.00172857
v 0.07150000 0.08985173 -0.00172857
v 0.07150000 0.08987984 -0.00168751
v 0.06650000 0.08987984 -0.00168751
v 0.07150000 0.08990588 -0.00164510
v 0.06650000 0.08990588 -0.00164510
v 0.07150000 0.08992977 -0.00160145
v 0.06650000 0.08992977 -0.00160145
v 0.06650000 0.08995146 -0.00155666
v 0.07150000 0.08995146 -0.00155666
v 0.07150000 0.08997090 -0.00151085
v 0.06650000 0.08997090 -0.00151085
v 0.06650000 0.08998803 -0.00146413
v 0.07150000 0.08998803 -0.00146413
v 0.07150000 0.09000282 -0.00141662
v 0.06650000 0.09000282 -0.00141662
v 0.06650000 0.09001523 -0.00136843
v 0.07150000 0.09001523 -0.00136843
v 0.07150000 0.09002522 -0.00131968
v 0.06650000 0.09002522 -0.00131968
v 0.07150000 0.09003278 -0.00127050
v 0.06650000 0.09003278 -0.00127050
v 0.06650000 0.09003788 -0.00122100
v 0.07150000 0.09003788 -0.00122100
v 0.06650000 0.09004051 -0.00117130
v 0.07150000 0.09004051 -0.00117130
v 0.06650000 0.09004066 -0.00112154
v 0.07150000 0.09004066 -0.00112154
v 0.07150000 0.09003834 -0.00107183
v 0.06650000 0.09003834 -0.00107183
v 0.07150000 0.06345866 0.00280644
v 0.07150000 0.06350863 0.00280519
v 0.06650000 0.06345866 0.00280644
v 0.06650000 0.06350863 0.00280519
v 0.07150000 0.06355848 0.00280144
v 0.06650000 0.06355848 0.00280144
v 0.07150000 0.06360808 0.00279521
v 0.06650000 0.06360808 0.00279521
v 0.07150000 0.06365730 0.00278651
v 0.06650000 0.06365730 0.00278651
v 0.07150000 0.06370603 0.00277536
v 0.06650000 0.06370603 0.00277536
v 0.07150000 0.06375414 0.00276178
v 0.06650000 0.06375414 0.00276178
v 0.07150000 0.06380151 0.00274582
v 0.06650000 0.06380151 0.00274582
v 0.07090000 0.10482294 0.00710000
v 0.07098077 0.10379099 0.00700665
v 0.07000000 0.10310661 0.00684497
v 0.07094737 0.10250735 0.00665259
v 0.07000000 0.10191942 0.00639688
v 0.07100000 0.10171114 0.00629381
v 0.07150000 0.10112060 0.00594885
v 0.07000000 0.10117314 0.00598279
v 0.07080000 0.10045005 0.00545754
v 0.07000000 0.10017077 0.00520467
v 0.07100000 0.09975974 0.00479319
v 0.07000000 0.09991735 0.00495748
v 0.07097059 0.09924406 0.00416604
v 0.07000000 0.09903582 0.00385208
v 0.07085714 0.09876269 0.00339666
v 0.07000000 0.09852831 0.00292014
v 0.07109091 0.09843500 0.00270730
v 0.07066667 0.09817974 0.00198853
v 0.07000000 0.09798204 0.00108941
v 0.07128049 0.09786856 0.00029042
v 0.07000000 0.09790532 -0.00032277
v 0.07070588 0.09800530 -0.00125138
v 0.07100000 0.09825863 -0.00224626
v 0.07000000 0.09839080 -0.00259392
v 0.07000000 0.09852831 -0.00292014
v 0.07109091 0.09862615 -0.00313093
v 0.07085714 0.09893975 -0.00370334
v 0.07093750 0.09943345 -0.00441648
v 0.07000000 0.09977264 -0.00480763
v 0.07096000 0.10046175 -0.00547748
v 0.07060000 0.10116005 -0.00597512
v 0.07100000 0.10190095 -0.00639434
v 0.07000000 0.10224211 -0.00654248
v 0.07000000 0.10257166 -0.00667182
v 0.07060000 0.10291212 -0.00679019
v 0.07127500 0.10346711 -0.00694140
v 0.07000000 0.10394180 -0.00702070
v 0.07100000 0.10479670 -0.00710728
v 0.07033333 -0.00128245 0.00702190
v 0.06650000 -0.00035466 0.00710627
v 0.06650000 -0.00223223 0.00674209
v 0.06983333 -0.00353759 0.00618658
v 0.06853125 -0.00457864 0.00546797
v 0.06962500 -0.00589250 0.00400500
v 0.06650000 -0.00648028 0.00298570
v 0.07038889 -0.00687627 0.00188704
v 0.07150000 -0.00711064 -0.00058926
v 0.06650000 -0.00699214 -0.00123290
v 0.06650000 -0.00692199 -0.00157990
v 0.07150000 -0.00648028 -0.00298570
v 0.06650000 -0.00669896 -0.00238478
v 0.07050000 -0.00505400 -0.00502805
v 0.06650000 -0.00600754 -0.00381664
v 0.06885294 -0.00388287 -0.00599106
v 0.06650000 -0.00292068 -0.00647290
v 0.06930000 -0.00178944 -0.00688739
v 0.06891935 0.00000862 -0.00712996
v 0.06650000 0.10574769 -0.01498135
v 0.06650000 0.10500000 -0.01500000
v 0.06650000 0.10649352 -0.01492546
v 0.06650000 0.10723563 -0.01483246
v 0.06650000 0.10797219 -0.01470259
v 0.07150000 0.10660982 -0.01495030
v 0.06650000 0.10870136 -0.01453616
v 0.06650000 0.10942133 -0.01433359
v 0.06650000 0.11013030 -0.01409539
v 0.06650000 0.11082652 -0.01382214
v 0.06650000 0.11150826 -0.01351453
v 0.07150000 0.11060793 -0.01397027
v 0.06650000 0.11217381 -0.01317332
v 0.06650000 0.11282153 -0.01279936
v 0.07150000 0.11282153 -0.01279936
v 0.06973529 0.11403449 -0.01198928
v 0.06650000 0.11521274 -0.01100670
v 0.06885294 0.11626023 -0.00994970
v 0.07150000 0.11672747 -0.00935235
v 0.07150000 0.11717907 -0.00875616
v 0.06935714 0.11760039 -0.00813819
v 0.06650000 0.11799038 -0.00750000
v 0.07150000 0.11799038 -0.00750000
v 0.06650000 0.11834808 -0.00684316
v 0.06650000 0.11867259 -0.00616931
v 0.06650000 0.11896311 -0.00548012
v 0.07150000 0.11872172 -0.00608873
v 0.06650000 0.11921891 -0.00477730
v 0.06650000 0.11943936 -0.00406261
v 0.06650000 0.11962392 -0.00333781
v 0.06650000 0.11977212 -0.00260472
v 0.07150000 0.11958406 -0.00360407
v 0.06650000 0.11988359 -0.00186516
v 0.06650000 0.11995806 -0.00112095
v 0.06650000 0.11999534 -0.00037396
v 0.06650000 0.11999534 0.00037396
v 0.07150000 0.12000902 -0.00064283
v 0.06650000 0.11995806 0.00112095
v 0.06650000 0.11988359 0.00186516
v 0.06650000 0.11977212 0.00260472
v 0.06650000 0.11962392 0.00333781
v 0.06650000 0.11943936 0.00406261
v 0.06650000 0.11921891 0.00477730
v 0.06650000 0.11896311 0.00548012
v 0.07150000 0.11966915 0.00346999
v 0.06650000 0.11867259 0.00616931
v 0.06650000 0.11834808 0.00684316
v 0.06650000 0.11799038 0.00750000
v 0.07150000 0.11778422 0.00794864
v 0.06650000 0.11760039 0.00813819
v 0.06650000 0.11700016 0.00900688
v 0.06950000 0.11607704 0.01011843
v 0.06803846 0.11513829 0.01106642
v 0.07150000 0.11435409 0.01172966
v 0.06803846 0.11337569 0.01245385
v 0.06650000 0.11217381 0.01317332
v 0.06650000 0.11150826 0.01351453
v 0.06650000 0.11082652 0.01382214
v 0.06650000 0.11013030 0.01409539
v 0.07150000 0.11142259 0.01359610
v 0.06650000 0.10942133 0.01433359
v 0.06650000 0.10870136 0.01453616
v 0.06650000 0.10797219 0.01470259
v 0.06650000 0.10723563 0.01483246
v 0.06650000 0.10649352 0.01492546
v 0.07150000 0.10749939 0.01484487
v 0.06650000 0.10574769 0.01498135
v 0.06650000 0.10500000 0.01500000
v 0.06650000 0.09505404 -0.01136979
v 0.07150000 0.09687354 -0.01261656
v 0.06650000 0.09787451 -0.01319952
v 0.07150000 0.09825998 -0.01340515
v 0.06650000 0.09853635 -0.01353592
v 0.06650000 0.09921403 -0.01383917
v 0.06650000 0.09990587 -0.01410850
v 0.06650000 0.10061020 -0.01434328
v 0.06650000 0.10132528 -0.01454292
v 0.06650000 0.10204936 -0.01470693
v 0.07150000 0.10070658 -0.01441021
v 0.06650000 0.10278067 -0.01483491
v 0.06650000 0.10351742 -0.01492655
v 0.07150000 0.10360880 -0.01494716
v 0.06650000 0.10425780 -0.01498163
v 0.06800000 0.10286763 0.00585863
v 0.06650000 0.10469594 0.00609242
v 0.06650000 0.10500000 0.00610000
v 0.06650000 0.10439264 0.00606969
v 0.06650000 0.10409084 0.00603187
v 0.06650000 0.10379131 0.00597905
v 0.06650000 0.10349478 0.00591137
v 0.06650000 0.10320199 0.00582899
v 0.06650000 0.10291368 0.00573212
v 0.06650000 0.10263055 0.00562100
v 0.06650000 0.10235331 0.00549591
v 0.06650000 0.10208265 0.00535715
v 0.06650000 0.10181925 0.00520507
v 0.06650000 0.10143773 0.00495480
v 0.06725000 0.10038405 0.00402521
v 0.06650000 0.09987584 0.00330953
v 0.06650000 0.09971724 0.00305000
v 0.06800000 0.09921414 0.00205374
v 0.06650000 0.09957178 0.00278289
v 0.06650000 0.09943981 0.00250885
v 0.06650000 0.09932167 0.00222858
v 0.06650000 0.09921764 0.00194277
v 0.06650000 0.09912799 0.00165213
v 0.06650000 0.09905294 0.00135738
v 0.06650000 0.09899267 0.00105925
v 0.06650000 0.09894734 0.00075850
v 0.06800000 0.09887072 -0.00035496
v 0.06650000 0.09891706 0.00045585
v 0.06650000 0.09890190 0.00015208
v 0.06650000 0.09890190 -0.00015208
v 0.06650000 0.09891706 -0.00045585
v 0.06650000 0.09894734 -0.00075850
v 0.06650000 0.09899267 -0.00105925
v 0.06650000 0.09905294 -0.00135738
v 0.06650000 0.09912799 -0.00165213
v 0.06800000 0.09948990 -0.00270791
v 0.06650000 0.09921764 -0.00194277
v 0.06650000 0.09932167 -0.00222858
v 0.06650000 0.09943981 -0.00250885
v 0.06650000 0.09957178 -0.00278289
v 0.06650000 0.09971724 -0.00305000
v 0.06650000 0.09987584 -0.00330953
v 0.06727586 0.10051798 -0.00416519
v 0.06729412 0.10147056 -0.00498372
v 0.06650000 0.10181925 -0.00520507
v 0.06650000 0.10208265 -0.00535715
v 0.06800000 0.10309115 -0.00583526
v 0.06650000 0.10235331 -0.00549591
v 0.06650000 0.10263055 -0.00562100
v 0.06650000 0.10291368 -0.00573212
v 0.06650000 0.10320199 -0.00582899
v 0.06650000 0.10349478 -0.00591137
v 0.06650000 0.10379131 -0.00597905
v 0.06650000 0.10409084 -0.00603187
v 0.06650000 0.10439264 -0.00606969
v 0.06800000 0.10550766 -0.00611852
v 0.06650000 0.10469594 -0.00609242
v 0.06650000 0.10500000 -0.00610000
v 0.07050000 0.09400000 0.00135000
v 0.06650000 0.09393271 0.00134832
v 0.07050000 0.09393271 0.00134832
v 0.06650000 0.09400000 0.00135000
v 0.06650000 0.09386558 0.00134329
v 0.07050000 0.09386558 0.00134329
v 0.06650000 0.09379879 0.00133492
v 0.07050000 0.09379879 0.00133492
v 0.06650000 0.09373250 0.00132323
v 0.07050000 0.09373250 0.00132323
v 0.06650000 0.09366688 0.00130825
v 0.07050000 0.09366688 0.00130825
v 0.06650000 0.09360208 0.00129002
v 0.07050000 0.09360208 0.00129002
v 0.06650000 0.09353827 0.00126859
v 0.07050000 0.09353827 0.00126859
v 0.06650000 0.09347561 0.00124399
v 0.07050000 0.09347561 0.00124399
v 0.06650000 0.09341426 0.00121631
v 0.07050000 0.09341426 0.00121631
v 0.06650000 0.09335436 0.00118560
v 0.07050000 0.09335436 0.00118560
v 0.06650000 0.09329606 0.00115194
v 0.07050000 0.09329606 0.00115194
v 0.06650000 0.09323952 0.00111542
v 0.07050000 0.09323952 0.00111542
v 0.06650000 0.09318486 0.00107613
v 0.07050000 0.09318486 0.00107613
v 0.06650000 0.09313224 0.00103416
v 0.07050000 0.09313224 0.00103416
v 0.06650000 0.09308177 0.00098962
v 0.07050000 0.09308177 0.00098962
v 0.06650000 0.09303358 0.00094262
v 0.07050000 0.09303358 0.00094262
v 0.06650000 0.09298780 0.00089328
v 0.07050000 0.09298780 0.00089328
v 0.06650000 0.09294453 0.00084171
v 0.07050000 0.09294453 0.00084171
v 0.07050000 0.09290388 0.00078805
v 0.06650000 0.09290388 0.00078805
v 0.07050000 0.09286596 0.00073244
v 0.06650000 0.09286596 0.00073244
v 0.06650000 0.09283087 0.00067500
v 0.07050000 0.09283087 0.00067500
v 0.06650000 0.09279867 0.00061588
v 0.07050000 0.09279867 0.00061588
v 0.06650000 0.09276947 0.00055524
v 0.07050000 0.09276947 0.00055524
v 0.06650000 0.09274332 0.00049321
v 0.07050000 0.09274332 0.00049321
v 0.06650000 0.09272030 0.00042996
v 0.07050000 0.09272030 0.00042996
v 0.06650000 0.09270046 0.00036563
v 0.07050000 0.09270046 0.00036563
v 0.06650000 0.09268385 0.00030040
v 0.07050000 0.09268385 0.00030040
v 0.06650000 0.09267051 0.00023443
v 0.07050000 0.09267051 0.00023443
v 0.06650000 0.09266048 0.00016786
v 0.07050000 0.09266048 0.00016786
v 0.06650000 0.09265377 0.00010089
v 0.07050000 0.09265377 0.00010089
v 0.06650000 0.09265042 0.00003366
v 0.07050000 0.09265042 0.00003366
v 0.06650000 0.09265042 -0.00003366
v 0.07050000 0.09265042 -0.00003366
v 0.06650000 0.09265377 -0.00010089
v 0.07050000 0.09265377 -0.00010089
v 0.06650000 0.09266048 -0.00016786
v 0.07050000 0.09266048 -0.00016786
v 0.06650000 0.09267051 -0.00023443
v 0.07050000 0.09267051 -0.00023443
v 0.06650000 0.09268385 -0.00030040
v 0.07050000 0.09268385 -0.00030040
v 0.07050000 0.09270046 -0.00036563
v 0.06650000 0.09270046 -0.00036563
v 0.06650000 0.09272030 -0.00042996
v 0.07050000 0.09272030 -0.00042996
v 0.06650000 0.09274332 -0.00049321
v 0.07050000 0.09274332 -0.00049321
v 0.06650000 0.09276947 -0.00055524
v 0.07050000 0.09276947 -0.00055524
v 0.06650000 0.09279867 -0.00061588
v 0.07050000 0.09279867 -0.00061588
v 0.07050000 0.09283087 -0.00067500
v 0.06650000 0.09283087 -0.00067500
v 0.06650000 0.09286596 -0.00073244
v 0.07050000 0.09286596 -0.00073244
v 0.06650000 0.09290388 -0.00078805
v 0.07050000 0.09290388 -0.00078805
v 0.06650000 0.09294453 -0.00084171
v 0.07050000 0.09294453 -0.00084171
v 0.06650000 0.09298780 -0.00089328
v 0.07050000 0.09298780 -0.00089328
v 0.06650000 0.09303358 -0.00094262
v 0.07050000 0.09303358 -0.00094262
v 0.06650000 0.09308177 -0.00098962
v 0.07050000 0.09308177 -0.00098962
v 0.06650000 0.09313224 -0.00103416
v 0.07050000 0.09313224 -0.00103416
v 0.06650000 0.09318486 -0.00107613
v 0.07050000 0.09318486 -0.00107613
v 0.06650000 0.09323952 -0.00111542
v 0.07050000 0.09323952 -0.00111542
v 0.06650000 0.09329606 -0.00115194
v 0.07050000 0.09329606 -0.00115194
v 0.06650000 0.09335436 -0.00118560
v 0.07050000 0.09335436 -0.00118560
v 0.06650000 0.09341426 -0.00121631
v 0.07050000 0.09341426 -0.00121631
v 0.06650000 0.09347561 -0.00124399
v 0.07050000 0.09347561 -0.00124399
v 0.06650000 0.09353827 -0.00126859
v 0.07050000 0.09353827 -0.00126859
v 0.06650000 0.09360208 -0.00129002
v 0.07050000 0.09360208 -0.00129002
v 0.06650000 0.09366688 -0.00130825
v 0.07050000 0.09366688 -0.00130825
v 0.06650000 0.09373250 -0.00132323
v 0.07050000 0.09373250 -0.00132323
v 0.06650000 0.09379879 -0.00133492
v 0.07050000 0.09379879 -0.00133492
v 0.06650000 0.09386558 -0.00134329
v 0.07050000 0.09386558 -0.00134329
v 0.06650000 0.09393271 -0.00134832
v 0.07050000 0.09393271 -0.00134832
v 0.06650000 0.09400000 -0.00135000
v 0.07050000 0.09400000 -0.00135000
v 0.07050000 0.10500000 -0.00965000
v 0.06650000 0.10493271 -0.00965168
v 0.07050000 0.10493271 -0.00965168
v 0.06650000 0.10500000 -0.00965000
v 0.06650000 0.10486558 -0.00965671
v 0.07050000 0.10486558 -0.00965671
v 0.06650000 0.10479879 -0.00966508
v 0.07050000 0.10479879 -0.00966508
v 0.06650000 0.10473250 -0.00967677
v 0.07050000 0.10473250 -0.00967677
v 0.06650000 0.10466688 -0.00969175
v 0.07050000 0.10466688 -0.00969175
v 0.06650000 0.10460208 -0.00970998
v 0.07050000 0.10460208 -0.00970998
v 0.06650000 0.10453827 -0.00973141
v 0.07050000 0.10453827 -0.00973141
v 0.06650000 0.10447561 -0.00975601
v 0.07050000 0.10447561 -0.00975601
v 0.06650000 0.10441426 -0.00978369
v 0.07050000 0.10441426 -0.00978369
v 0.06650000 0.10435436 -0.00981440
v 0.07050000 0.10435436 -0.00981440
v 0.06650000 0.10429606 -0.00984806
v 0.07050000 0.10429606 -0.00984806
v 0.06650000 0.10423952 -0.00988458
v 0.07050000 0.10423952 -0.00988458
v 0.06650000 0.10418486 -0.00992387
v 0.07050000 0.10418486 -0.00992387
v 0.06650000 0.10413224 -0.00996584
v 0.07050000 0.10413224 -0.00996584
v 0.06650000 0.10408177 -0.01001038
v 0.07050000 0.10408177 -0.01001038
v 0.06650000 0.10403358 -0.01005738
v 0.07050000 0.10403358 -0.01005738
v 0.06650000 0.10398779 -0.01010672
v 0.07050000 0.10398779 -0.01010672
v 0.06650000 0.10394453 -0.01015829
v 0.07050000 0.10394453 -0.01015829
v 0.07050000 0.10390388 -0.01021195
v 0.06650000 0.10390388 -0.01021195
v 0.07050000 0.10386597 -0.01026756
v 0.06650000 0.10386597 -0.01026756
v 0.06650000 0.10383087 -0.01032500
v 0.07050000 0.10383087 -0.01032500
v 0.06650000 0.10379867 -0.01038412
v 0.07050000 0.10379867 -0.01038412
v 0.06650000 0.10376947 -0.01044476
v 0.07050000 0.10376947 -0.01044476
v 0.06650000 0.10374332 -0.01050679
v 0.07050000 0.10374332 -0.01050679
v 0.06650000 0.10372030 -0.01057004
v 0.07050000 0.10372030 -0.01057004
v 0.06650000 0.10370046 -0.01063437
v 0.07050000 0.10370046 -0.01063437
v 0.06650000 0.10368385 -0.01069960
v 0.07050000 0.10368385 -0.01069960
v 0.06650000 0.10367051 -0.01076557
v 0.07050000 0.10367051 -0.01076557
v 0.06650000 0.10366048 -0.01083214
v 0.07050000 0.10366048 -0.01083214
v 0.06650000 0.10365378 -0.01089911
v 0.07050000 0.10365378 -0.01089911
v 0.06650000 0.10365042 -0.01096634
v 0.07050000 0.10365042 -0.01096634
v 0.06650000 0.10365042 -0.01103366
v 0.07050000 0.10365042 -0.01103366
v 0.06650000 0.10365378 -0.01110089
v 0.07050000 0.10365378 -0.01110089
v 0.06650000 0.10366048 -0.01116786
v 0.07050000 0.10366048 -0.01116786
v 0.06650000 0.10367051 -0.01123442
v 0.07050000 0.10367051 -0.01123442
v 0.06650000 0.10368385 -0.01130040
v 0.07050000 0.10368385 -0.01130040
v 0.07050000 0.10370046 -0.01136563
v 0.06650000 0.10370046 -0.01136563
v 0.06650000 0.10372030 -0.01142996
v 0.07050000 0.10372030 -0.01142996
v 0.06650000 0.10374332 -0.01149321
v 0.07050000 0.10374332 -0.01149321
v 0.06650000 0.10376947 -0.01155524
v 0.07050000 0.10376947 -0.01155524
v 0.06650000 0.10379867 -0.01161588
v 0.07050000 0.10379867 -0.01161588
v 0.07050000 0.10383087 -0.01167500
v 0.06650000 0.10383087 -0.01167500
v 0.06650000 0.10386597 -0.01173244
v 0.07050000 0.10386597 -0.01173244
v 0.06650000 0.10390388 -0.01178805
v 0.07050000 0.10390388 -0.01178805
v 0.06650000 0.10394453 -0.01184171
v 0.07050000 0.10394453 -0.01184171
v 0.06650000 0.10398779 -0.01189328
v 0.07050000 0.10398779 -0.01189328
v 0.06650000 0.10403358 -0.01194262
v 0.07050000 0.10403358 -0.01194262
v 0.06650000 0.10408177 -0.01198962
v 0.07050000 0.10408177 -0.01198962
v 0.06650000 0.10413224 -0.01203416
v 0.07050000 0.10413224 -0.01203416
v 0.06650000 0.10418486 -0.01207613
v 0.07050000 0.10418486 -0.01207613
v 0.06650000 0.10423952 -0.01211542
v 0.07050000 0.10423952 -0.01211542
v 0.06650000 0.10429606 -0.01215194
v 0.07050000 0.10429606 -0.01215194
v 0.06650000 0.10435436 -0.01218560
v 0.07050000 0.10435436 -0.01218560
v 0.06650000 0.10441426 -0.01221631
v 0.07050000 0.10441426 -0.01221631
v 0.06650000 0.10447561 -0.01224399
v 0.07050000 0.10447561 -0.01224399
v 0.06650000 0.10453827 -0.01226859
v 0.07050000 0.10453827 -0.01226859
v 0.06650000 0.10460208 -0.01229002
v 0.07050000 0.10460208 -0.01229002
v 0.06650000 0.10466688 -0.01230825
v 0.07050000 0.10466688 -0.01230825
v 0.06650000 0.10473250 -0.01232323
v 0.07050000 0.10473250 -0.01232323
v 0.06650000 0.10479879 -0.01233492
v 0.07050000 0.10479879 -0.01233492
v 0.06650000 0.10486558 -0.01234329
v 0.07050000 0.10486558 -0.01234329
v 0.06650000 0.10493271 -0.01234832
v 0.07050000 0.10493271 -0.01234832
v 0.06650000 0.10500000 -0.01235000
v 0.07050000 0.10500000 -0.01235000
v 0.07050000 0.11600000 0.00135000
v 0.06650000 0.11593271 0.00134832
v 0.07050000 0.11593271 0.00134832
v 0.06650000 0.11600000 0.00135000
v 0.06650000 0.11586558 0.00134329
v 0.07050000 0.11586558 0.00134329
v 0.06650000 0.11579879 0.00133492
v 0.07050000 0.11579879 0.00133492
v 0.06650000 0.11573250 0.00132323
v 0.07050000 0.11573250 0.00132323
v 0.06650000 0.11566688 0.00130825
v 0.07050000 0.11566688 0.00130825
v 0.06650000 0.11560208 0.00129002
v 0.07050000 0.11560208 0.00129002
v 0.06650000 0.11553827 0.00126859
v 0.07050000 0.11553827 0.00126859
v 0.06650000 0.11547561 0.00124399
v 0.07050000 0.11547561 0.00124399
v 0.06650000 0.11541426 0.00121631
v 0.07050000 0.11541426 0.00121631
v 0.06650000 0.11535436 0.00118560
v 0.07050000 0.11535436 0.00118560
v 0.06650000 0.11529606 0.00115194
v 0.07050000 0.11529606 0.00115194
v 0.06650000 0.11523952 0.00111542
v 0.07050000 0.11523952 0.00111542
v 0.06650000 0.11518486 0.00107613
v 0.07050000 0.11518486 0.00107613
v 0.06650000 0.11513224 0.00103416
v 0.07050000 0.11513224 0.00103416
v 0.06650000 0.11508177 0.00098962
v 0.07050000 0.11508177 0.00098962
v 0.06650000 0.11503358 0.00094262
v 0.07050000 0.11503358 0.00094262
v 0.06650000 0.11498780 0.00089328
v 0.07050000 0.11498780 0.00089328
v 0.06650000 0.11494453 0.00084171
v 0.07050000 0.11494453 0.00084171
v 0.07050000 0.11490388 0.00078805
v 0.06650000 0.11490388 0.00078805
v 0.07050000 0.11486597 0.00073244
v 0.06650000 0.11486597 0.00073244
v 0.06650000 0.11483087 0.00067500
v 0.07050000 0.11483087 0.00067500
v 0.06650000 0.11479867 0.00061588
v 0.07050000 0.11479867 0.00061588
v 0.06650000 0.11476947 0.00055524
v 0.07050000 0.11476947 0.00055524
v 0.06650000 0.11474332 0.00049321
v 0.07050000 0.11474332 0.00049321
v 0.06650000 0.11472030 0.00042996
v 0.07050000 0.11472030 0.00042996
v 0.06650000 0.11470046 0.00036563
v 0.07050000 0.11470046 0.00036563
v 0.06650000 0.11468385 0.00030040
v 0.07050000 0.11468385 0.00030040
v 0.06650000 0.11467051 0.00023443
v 0.07050000 0.11467051 0.00023443
v 0.06650000 0.11466048 0.00016786
v 0.07050000 0.11466048 0.00016786
v 0.06650000 0.11465377 0.00010089
v 0.07050000 0.11465377 0.00010089
v 0.06650000 0.11465042 0.00003366
v 0.07050000 0.11465042 0.00003366
v 0.06650000 0.11465042 -0.00003366
v 0.07050000 0.11465042 -0.00003366
v 0.06650000 0.11465377 -0.00010089
v 0.07050000 0.11465377 -0.00010089
v 0.06650000 0.11466048 -0.00016786
v 0.07050000 0.11466048 -0.00016786
v 0.06650000 0.11467051 -0.00023443
v 0.07050000 0.11467051 -0.00023443
v 0.06650000 0.11468385 -0.00030040
v 0.07050000 0.11468385 -0.00030040
v 0.07050000 0.11470046 -0.00036563
v 0.06650000 0.11470046 -0.00036563
v 0.06650000 0.11472030 -0.00042996
v 0.07050000 0.11472030 -0.00042996
v 0.06650000 0.11474332 -0.00049321
v 0.07050000 0.11474332 -0.00049321
v 0.06650000 0.11476947 -0.00055524
v 0.07050000 0.11476947 -0.00055524
v 0.06650000 0.11479867 -0.00061588
v 0.07050000 0.11479867 -0.00061588
v 0.07050000 0.11483087 -0.00067500
v 0.06650000 0.11483087 -0.00067500
v 0.06650000 0.11486597 -0.00073244
v 0.07050000 0.11486597 -0.00073244
v 0.06650000 0.11490388 -0.00078805
v 0.07050000 0.11490388 -0.00078805
v 0.06650000 0.11494453 -0.00084171
v 0.07050000 0.11494453 -0.00084171
v 0.06650000 0.11498780 -0.00089328
v 0.07050000 0.11498780 -0.00089328
v 0.06650000 0.11503358 -0.00094262
v 0.07050000 0.11503358 -0.00094262
v 0.06650000 0.11508177 -0.00098962
v 0.07050000 0.11508177 -0.00098962
v 0.06650000 0.11513224 -0.00103416
v 0.07050000 0.11513224 -0.00103416
v 0.06650000 0.11518486 -0.00107613
v 0.07050000 0.11518486 -0.00107613
v 0.06650000 0.11523952 -0.00111542
v 0.07050000 0.11523952 -0.00111542
v 0.06650000 0.11529606 -0.00115194
v 0.07050000 0.11529606 -0.00115194
v 0.06650000 0.11535436 -0.00118560
v 0.07050000 0.11535436 -0.00118560
v 0.06650000 0.11541426 -0.00121631
v 0.07050000 0.11541426 -0.00121631
v 0.06650000 0.11547561 -0.00124399
v 0.07050000 0.11547561 -0.00124399
v 0.06650000 0.11553827 -0.00126859
v 0.07050000 0.11553827 -0.00126859
v 0.06650000 0.11560208 -0.00129002
v 0.07050000 0.11560208 -0.00129002
v 0.06650000 0.11566688 -0.00130825
v 0.07050000 0.11566688 -0.00130825
v 0.06650000 0.11573250 -0.00132323
v 0.07050000 0.11573250 -0.00132323
v 0.06650000 0.11579879 -0.00133492
v 0.07050000 0.11579879 -0.00133492
v 0.06650000 0.11586558 -0.00134329
v 0.07050000 0.11586558 -0.00134329
v 0.06650000 0.11593271 -0.00134832
v 0.07050000 0.11593271 -0.00134832
v 0.06650000 0.11600000 -0.00135000
v 0.07050000 0.11600000 -0.00135000
v 0.07050000 0.10500000 0.01235000
v 0.06650000 0.10493271 0.01234832
v 0.07050000 0.10493271 0.01234832
v 0.06650000 0.10500000 0.01235000
v 0.06650000 0.10486558 0.01234329
v 0.07050000 0.10486558 0.01234329
v 0.06650000 0.10479879 0.01233492
v 0.07050000 0.10479879 0.01233492
v 0.06650000 0.10473250 0.01232323
v 0.07050000 0.10473250 0.01232323
v 0.06650000 0.10466688 0.01230825
v 0.07050000 0.10466688 0.01230825
v 0.06650000 0.10460208 0.01229002
v 0.07050000 0.10460208 0.01229002
v 0.06650000 0.10453827 0.01226859
v 0.07050000 0.10453827 0.01226859
v 0.06650000 0.10447561 0.01224399
v 0.07050000 0.10447561 0.01224399
v 0.06650000 0.10441426 0.01221631
v 0.07050000 0.10441426 0.01221631
v 0.06650000 0.10435436 0.01218560
v 0.07050000 0.10435436 0.01218560
v 0.06650000 0.10429606 0.01215194
v 0.07050000 0.10429606 0.01215194
v 0.06650000 0.10423952 0.01211542
v 0.07050000 0.10423952 0.01211542
v 0.06650000 0.10418486 0.01207613
v 0.07050000 0.10418486 0.01207613
v 0.06650000 0.10413224 0.01203416
v 0.07050000 0.10413224 0.01203416
v 0.06650000 0.10408177 0.01198962
v 0.07050000 0.10408177 0.01198962
v 0.06650000 0.10403358 0.01194262
v 0.07050000 0.10403358 0.01194262
v 0.06650000 0.10398779 0.01189328
v 0.07050000 0.10398779 0.01189328
v 0.06650000 0.10394453 0.01184171
v 0.07050000 0.10394453 0.01184171
v 0.07050000 0.10390388 0.01178805
v 0.06650000 0.10390388 0.01178805
v 0.07050000 0.10386597 0.01173244
v 0.06650000 0.10386597 0.01173244
v 0.06650000 0.10383087 0.01167500
v 0.07050000 0.10383087 0.01167500
v 0.06650000 0.10379867 0.01161588
v 0.07050000 0.10379867 0.01161588
v 0.06650000 0.10376947 0.01155524
v 0.07050000 0.10376947 0.01155524
v 0.06650000 0.10374332 0.01149321
v 0.07050000 0.10374332 0.01149321
v 0.06650000 0.10372030 0.01142996
v 0.07050000 0.10372030 0.01142996
v 0.06650000 0.10370046 0.01136563
v 0.07050000 0.10370046 0.01136563
v 0.06650000 0.10368385 0.01130040
v 0.07050000 0.10368385 0.01130040
v 0.06650000 0.10367051 0.01123442
v 0.07050000 0.10367051 0.01123442
v 0.06650000 0.10366048 0.01116786
v 0.07050000 0.10366048 0.01116786
v 0.06650000 0.10365378 0.01110089
v 0.07050000 0.10365378 0.01110089
v 0.06650000 0.10365042 0.01103366
v 0.07050000 0.10365042 0.01103366
v 0.06650000 0.10365042 0.01096634
v 0.07050000 0.10365042 0.01096634
v 0.06650000 0.10365378 0.01089911
v 0.07050000 0.10365378 0.01089911
v 0.06650000 0.10366048 0.01083214
v 0.07050000 0.10366048 0.01083214
v 0.06650000 0.10367051 0.01076557
v 0.07050000 0.10367051 0.01076557
v 0.06650000 0.10368385 0.01069960
v 0.07050000 0.10368385 0.01069960
v 0.07050000 0.10370046 0.01063437
v 0.06650000 0.10370046 0.01063437
v 0.06650000 0.10372030 0.01057004
v 0.07050000 0.10372030 0.01057004
v 0.06650000 0.10374332 0.01050679
v 0.07050000 0.10374332 0.01050679
v 0.06650000 0.10376947 0.01044476
v 0.07050000 0.10376947 0.01044476
v 0.06650000 0.10379867 0.01038412
v 0.07050000 0.10379867 0.01038412
v 0.07050000 0.10383087 0.01032500
v 0.06650000 0.10383087 0.01032500
v 0.06650000 0.10386597 0.01026756
v 0.07050000 0.10386597 0.01026756
v 0.06650000 0.10390388 0.01021195
v 0.07050000 0.10390388 0.01021195
v 0.06650000 0.10394453 0.01015829
v 0.07050000 0.10394453 0.01015829
v 0.06650000 0.10398779 0.01010672
v 0.07050000 0.10398779 0.01010672
v 0.06650000 0.10403358 0.01005738
v 0.07050000 0.10403358 0.01005738
v 0.06650000 0.10408177 0.01001038
v 0.07050000 0.10408177 0.01001038
v 0.06650000 0.10413224 0.00996584
v 0.07050000 0.10413224 0.00996584
v 0.06650000 0.10418486 0.00992387
v 0.07050000 0.10418486 0.00992387
v 0.06650000 0.10423952 0.00988458
v 0.07050000 0.10423952 0.00988458
v 0.06650000 0.10429606 0.00984806
v 0.07050000 0.10429606 0.00984806
v 0.06650000 0.10435436 0.00981440
v 0.07050000 0.10435436 0.00981440
v 0.06650000 0.10441426 0.00978369
v 0.07050000 0.10441426 0.00978369
v 0.06650000 0.10447561 0.00975601
v 0.07050000 0.10447561 0.00975601
v 0.06650000 0.10453827 0.00973141
v 0.07050000 0.10453827 0.00973141
v 0.06650000 0.10460208 0.00970998
v 0.07050000 0.10460208 0.00970998
v 0.06650000 0.10466688 0.00969175
v 0.07050000 0.10466688 0.00969175
v 0.06650000 0.10473250 0.00967677
v 0.07050000 0.10473250 0.00967677
v 0.06650000 0.10479879 0.00966508
v 0.07050000 0.10479879 0.00966508
v 0.06650000 0.10486558 0.00965671
v 0.07050000 0.10486558 0.00965671
v 0.06650000 0.10493271 0.00965168
v 0.07050000 0.10493271 0.00965168
v 0.06650000 0.10500000 0.00965000
v 0.07050000 0.10500000 0.00965000
v 0.07000000 0.10463317 0.00208040
v 0.06850000 0.10484244 0.00210251
v 0.07000000 0.10386747 0.00178459
v 0.06850000 0.10421489 0.00195584
v 0.06850000 0.10380528 0.00172906
v 0.06905556 0.10344474 0.00141940
v 0.06947297 0.10310680 0.00093271
v 0.06850000 0.10302295 0.00070976
v 0.06916667 0.10292066 0.00031341
v 0.06850000 0.10296210 0.00050936
v 0.06946000 0.10289629 -0.00005300
v 0.06850000 0.10292427 -0.00032222
v 0.06908696 0.10299214 -0.00063788
v 0.06966667 0.10312111 -0.00095868
v 0.07000000 0.10357683 -0.00155826
v 0.06850000 0.10348204 -0.00145857
v 0.06914286 0.10394751 -0.00182483
v 0.07000000 0.10500000 -0.00214635
v 0.06850000 0.10439458 -0.00201621
v 0.06850000 0.10474798 -0.00208542
v 0.06850000 0.10506728 -0.00210211
v 0.06850000 0.10542928 -0.00205736
v 0.06850000 0.10561899 -0.00200670
v 0.07000000 0.10614737 -0.00177647
v 0.06850000 0.10592367 -0.00188782
v 0.06850000 0.10622742 -0.00170724
v 0.06935714 0.10657931 -0.00139128
v 0.06850000 0.10679419 -0.00109640
v 0.06960294 0.10695091 -0.00080470
v 0.06850000 0.10703334 -0.00052729
v 0.07000000 0.10710566 -0.00008877
v 0.06850000 0.10709802 -0.00017303
v 0.06914286 0.10707836 0.00032106
v 0.06850000 0.10698138 0.00070536
v 0.06950000 0.10688959 0.00094390
v 0.07000000 0.10645985 0.00152004
v 0.06850000 0.10651796 0.00145857
v 0.06929412 0.10614141 0.00176603
v 0.06925000 0.10580314 0.00194451
v 0.06850000 0.10551851 0.00203633
v 0.06955000 0.10529760 0.00208270
v 0.06650000 0.10506729 0.00965168
v 0.07050000 0.10506729 0.00965168
v 0.06650000 0.10513442 0.00965671
v 0.07050000 0.10513442 0.00965671
v 0.06650000 0.10520121 0.00966508
v 0.07050000 0.10520121 0.00966508
v 0.06650000 0.10526750 0.00967677
v 0.07050000 0.10526750 0.00967677
v 0.06650000 0.10533312 0.00969175
v 0.07050000 0.10533312 0.00969175
v 0.06650000 0.10539792 0.00970998
v 0.07050000 0.10539792 0.00970998
v 0.06650000 0.10546173 0.00973141
v 0.07050000 0.10546173 0.00973141
v 0.07050000 0.10552439 0.00975601
v 0.06650000 0.10552439 0.00975601
v 0.07050000 0.10558574 0.00978369
v 0.06650000 0.10558574 0.00978369
v 0.06650000 0.10564564 0.00981440
v 0.07050000 0.10564564 0.00981440
v 0.06650000 0.10570394 0.00984806
v 0.07050000 0.10570394 0.00984806
v 0.06650000 0.10576048 0.00988458
v 0.07050000 0.10576048 0.00988458
v 0.06650000 0.10581514 0.00992387
v 0.07050000 0.10581514 0.00992387
v 0.06650000 0.10586776 0.00996584
v 0.07050000 0.10586776 0.00996584
v 0.06650000 0.10591823 0.01001038
v 0.07050000 0.10591823 0.01001038
v 0.06650000 0.10596642 0.01005738
v 0.07050000 0.10596642 0.01005738
v 0.07050000 0.10601220 0.01010672
v 0.06650000 0.10601220 0.01010672
v 0.07050000 0.10605547 0.01015829
v 0.06650000 0.10605547 0.01015829
v 0.06650000 0.10609612 0.01021195
v 0.07050000 0.10609612 0.01021195
v 0.07050000 0.10613404 0.01026756
v 0.06650000 0.10613404 0.01026756
v 0.07050000 0.10616913 0.01032500
v 0.06650000 0.10616913 0.01032500
v 0.06650000 0.10620133 0.01038412
v 0.07050000 0.10620133 0.01038412
v 0.06650000 0.10623053 0.01044476
v 0.07050000 0.10623053 0.01044476
v 0.06650000 0.10625668 0.01050679
v 0.07050000 0.10625668 0.01050679
v 0.07050000 0.10627970 0.01057004
v 0.06650000 0.10627970 0.01057004
v 0.07050000 0.10629954 0.01063437
v 0.06650000 0.10629954 0.01063437
v 0.07050000 0.10631615 0.01069960
v 0.06650000 0.10631615 0.01069960
v 0.06650000 0.10632949 0.01076557
v 0.07050000 0.10632949 0.01076557
v 0.06650000 0.10633952 0.01083214
v 0.07050000 0.10633952 0.01083214
v 0.06650000 0.10634623 0.01089911
v 0.07050000 0.10634623 0.01089911
v 0.06650000 0.10634958 0.01096634
v 0.07050000 0.10634958 0.01096634
v 0.06650000 0.10634958 0.01103366
v 0.07050000 0.10634958 0.01103366
v 0.06650000 0.10634623 0.01110089
v 0.07050000 0.10634623 0.01110089
v 0.07050000 0.10633952 0.01116786
v 0.06650000 0.10633952 0.01116786
v 0.06650000 0.10632949 0.01123442
v 0.07050000 0.10632949 0.01123442
v 0.06650000 0.10631615 0.01130040
v 0.07050000 0.10631615 0.01130040
v 0.06650000 0.10629954 0.01136563
v 0.07050000 0.10629954 0.01136563
v 0.06650000 0.10627970 0.01142996
v 0.07050000 0.10627970 0.01142996
v 0.06650000 0.10625668 0.01149321
v 0.07050000 0.10625668 0.01149321
v 0.06650000 0.10623053 0.01155524
v 0.07050000 0.10623053 0.01155524
v 0.06650000 0.10620133 0.01161588
v 0.07050000 0.10620133 0.01161588
v 0.06650000 0.10616913 0.01167500
v 0.07050000 0.10616913 0.01167500
v 0.06650000 0.10613404 0.01173244
v 0.07050000 0.10613404 0.01173244
v 0.06650000 0.10609612 0.01178805
v 0.07050000 0.10609612 0.01178805
v 0.06650000 0.10605547 0.01184171
v 0.07050000 0.10605547 0.01184171
v 0.06650000 0.10601220 0.01189328
v 0.07050000 0.10601220 0.01189328
v 0.06650000 0.10596642 0.01194262
v 0.07050000 0.10596642 0.01194262
v 0.06650000 0.10591823 0.01198962
v 0.07050000 0.10591823 0.01198962
v 0.06650000 0.10586776 0.01203416
v 0.07050000 0.10586776 0.01203416
v 0.06650000 0.10581514 0.01207613
v 0.07050000 0.10581514 0.01207613
v 0.06650000 0.10576048 0.01211542
v 0.07050000 0.10576048 0.01211542
v 0.06650000 0.10570394 0.01215194
v 0.07050000 0.10570394 0.01215194
v 0.07050000 0.10564564 0.01218560
v 0.06650000 0.10564564 0.01218560
v 0.06650000 0.10558574 0.01221631
v 0.07050000 0.10558574 0.01221631
v 0.06650000 0.10552439 0.01224399
v 0.07050000 0.10552439 0.01224399
v 0.06650000 0.10546173 0.01226859
v 0.07050000 0.10546173 0.01226859
v 0.06650000 0.10539792 0.01229002
v 0.07050000 0.10539792 0.01229002
v 0.06650000 0.10533312 0.01230825
v 0.07050000 0.10533312 0.01230825
v 0.06650000 0.10526750 0.01232323
v 0.07050000 0.10526750 0.01232323
v 0.06650000 0.10520121 0.01233492
v 0.07050000 0.10520121 0.01233492
v 0.06650000 0.10513442 0.01234329
v 0.07050000 0.10513442 0.01234329
v 0.06650000 0.10506729 0.01234832
v 0.07050000 0.10506729 0.01234832
v 0.06650000 0.11606729 -0.00134832
v 0.07050000 0.11606729 -0.00134832
v 0.06650000 0.11613442 -0.00134329
v 0.07050000 0.11613442 -0.00134329
v 0.06650000 0.11620121 -0.00133492
v 0.07050000 0.11620121 -0.00133492
v 0.06650000 0.11626750 -0.00132323
v 0.07050000 0.11626750 -0.00132323
v 0.06650000 0.11633312 -0.00130825
v 0.07050000 0.11633312 -0.00130825
v 0.06650000 0.11639792 -0.00129002
v 0.07050000 0.11639792 -0.00129002
v 0.06650000 0.11646173 -0.00126859
v 0.07050000 0.11646173 -0.00126859
v 0.07050000 0.11652439 -0.00124399
v 0.06650000 0.11652439 -0.00124399
v 0.07050000 0.11658574 -0.00121631
v 0.06650000 0.11658574 -0.00121631
v 0.06650000 0.11664564 -0.00118560
v 0.07050000 0.11664564 -0.00118560
v 0.06650000 0.11670394 -0.00115194
v 0.07050000 0.11670394 -0.00115194
v 0.06650000 0.11676048 -0.00111542
v 0.07050000 0.11676048 -0.00111542
v 0.06650000 0.11681514 -0.00107613
v 0.07050000 0.11681514 -0.00107613
v 0.06650000 0.11686776 -0.00103416
v 0.07050000 0.11686776 -0.00103416
v 0.06650000 0.11691823 -0.00098962
v 0.07050000 0.11691823 -0.00098962
v 0.06650000 0.11696642 -0.00094262
v 0.07050000 0.11696642 -0.00094262
v 0.07050000 0.11701220 -0.00089328
v 0.06650000 0.11701220 -0.00089328
v 0.07050000 0.11705547 -0.00084171
v 0.06650000 0.11705547 -0.00084171
v 0.06650000 0.11709612 -0.00078805
v 0.07050000 0.11709612 -0.00078805
v 0.07050000 0.11713403 -0.00073244
v 0.06650000 0.11713403 -0.00073244
v 0.07050000 0.11716913 -0.00067500
v 0.06650000 0.11716913 -0.00067500
v 0.06650000 0.11720133 -0.00061588
v 0.07050000 0.11720133 -0.00061588
v 0.06650000 0.11723053 -0.00055524
v 0.07050000 0.11723053 -0.00055524
v 0.06650000 0.11725668 -0.00049321
v 0.07050000 0.11725668 -0.00049321
v 0.07050000 0.11727970 -0.00042996
v 0.06650000 0.11727970 -0.00042996
v 0.07050000 0.11729954 -0.00036563
v 0.06650000 0.11729954 -0.00036563
v 0.07050000 0.11731615 -0.00030040
v 0.06650000 0.11731615 -0.00030040
v 0.06650000 0.11732949 -0.00023443
v 0.07050000 0.11732949 -0.00023443
v 0.06650000 0.11733952 -0.00016786
v 0.07050000 0.11733952 -0.00016786
v 0.06650000 0.11734622 -0.00010089
v 0.07050000 0.11734622 -0.00010089
v 0.06650000 0.11734958 -0.00003366
v 0.07050000 0.11734958 -0.00003366
v 0.06650000 0.11734958 0.00003366
v 0.07050000 0.11734958 0.00003366
v 0.06650000 0.11734622 0.00010089
v 0.07050000 0.11734622 0.00010089
v 0.07050000 0.11733952 0.00016786
v 0.06650000 0.11733952 0.00016786
v 0.06650000 0.11732949 0.00023443
v 0.07050000 0.11732949 0.00023443
v 0.06650000 0.11731615 0.00030040
v 0.07050000 0.11731615 0.00030040
v 0.06650000 0.11729954 0.00036563
v 0.07050000 0.11729954 0.00036563
v 0.06650000 0.11727970 0.00042996
v 0.07050000 0.11727970 0.00042996
v 0.06650000 0.11725668 0.00049321
v 0.07050000 0.11725668 0.00049321
v 0.06650000 0.11723053 0.00055524
v 0.07050000 0.11723053 0.00055524
v 0.06650000 0.11720133 0.00061588
v 0.07050000 0.11720133 0.00061588
v 0.06650000 0.11716913 0.00067500
v 0.07050000 0.11716913 0.00067500
v 0.06650000 0.11713403 0.00073244
v 0.07050000 0.11713403 0.00073244
v 0.06650000 0.11709612 0.00078805
v 0.07050000 0.11709612 0.00078805
v 0.06650000 0.11705547 0.00084171
v 0.07050000 0.11705547 0.00084171
v 0.06650000 0.11701220 0.00089328
v 0.07050000 0.11701220 0.00089328
v 0.06650000 0.11696642 0.00094262
v 0.07050000 0.11696642 0.00094262
v 0.06650000 0.11691823 0.00098962
v 0.07050000 0.11691823 0.00098962
v 0.06650000 0.11686776 0.00103416
v 0.07050000 0.11686776 0.00103416
v 0.06650000 0.11681514 0.00107613
v 0.07050000 0.11681514 0.00107613
v 0.06650000 0.11676048 0.00111542
v 0.07050000 0.11676048 0.00111542
v 0.06650000 0.11670394 0.00115194
v 0.07050000 0.11670394 0.00115194
v 0.07050000 0.11664564 0.00118560
v 0.06650000 0.11664564 0.00118560
v 0.06650000 0.11658574 0.00121631
v 0.07050000 0.11658574 0.00121631
v 0.06650000 0.11652439 0.00124399
v 0.07050000 0.11652439 0.00124399
v 0.06650000 0.11646173 0.00126859
v 0.07050000 0.11646173 0.00126859
v 0.06650000 0.11639792 0.00129002
v 0.07050000 0.11639792 0.00129002
v 0.06650000 0.11633312 0.00130825
v 0.07050000 0.11633312 0.00130825
v 0.06650000 0.11626750 0.00132323
v 0.07050000 0.11626750 0.00132323
v 0.06650000 0.11620121 0.00133492
v 0.07050000 0.11620121 0.00133492
v 0.06650000 0.11613442 0.00134329
v 0.07050000 0.11613442 0.00134329
v 0.06650000 0.11606729 0.00134832
v 0.07050000 0.11606729 0.00134832
v 0.06650000 0.10506729 -0.01234832
v 0.07050000 0.10506729 -0.01234832
v 0.06650000 0.10513442 -0.01234329
v 0.07050000 0.10513442 -0.01234329
v 0.06650000 0.10520121 -0.01233492
v 0.07050000 0.10520121 -0.01233492
v 0.06650000 0.10526750 -0.01232323
v 0.07050000 0.10526750 -0.01232323
v 0.06650000 0.10533312 -0.01230825
v 0.07050000 0.10533312 -0.01230825
v 0.06650000 0.10539792 -0.01229002
v 0.07050000 0.10539792 -0.01229002
v 0.06650000 0.10546173 -0.01226859
v 0.07050000 0.10546173 -0.01226859
v 0.07050000 0.10552439 -0.01224399
v 0.06650000 0.10552439 -0.01224399
v 0.07050000 0.10558574 -0.01221631
v 0.06650000 0.10558574 -0.01221631
v 0.06650000 0.10564564 -0.01218560
v 0.07050000 0.10564564 -0.01218560
v 0.06650000 0.10570394 -0.01215194
v 0.07050000 0.10570394 -0.01215194
v 0.06650000 0.10576048 -0.01211542
v 0.07050000 0.10576048 -0.01211542
v 0.06650000 0.10581514 -0.01207613
v 0.07050000 0.10581514 -0.01207613
v 0.06650000 0.10586776 -0.01203416
v 0.07050000 0.10586776 -0.01203416
v 0.06650000 0.10591823 -0.01198962
v 0.07050000 0.10591823 -0.01198962
v 0.06650000 0.10596642 -0.01194262
v 0.07050000 0.10596642 -0.01194262
v 0.07050000 0.10601220 -0.01189328
v 0.06650000 0.10601220 -0.01189328
v 0.07050000 0.10605547 -0.01184171
v 0.06650000 0.10605547 -0.01184171
v 0.06650000 0.10609612 -0.01178805
v 0.07050000 0.10609612 -0.01178805
v 0.07050000 0.10613404 -0.01173244
v 0.06650000 0.10613404 -0.01173244
v 0.07050000 0.10616913 -0.01167500
v 0.06650000 0.10616913 -0.01167500
v 0.06650000 0.10620133 -0.01161588
v 0.07050000 0.10620133 -0.01161588
v 0.06650000 0.10623053 -0.01155524
v 0.07050000 0.10623053 -0.01155524
v 0.06650000 0.10625668 -0.01149321
v 0.07050000 0.10625668 -0.01149321
v 0.07050000 0.10627970 -0.01142996
v 0.06650000 0.10627970 -0.01142996
v 0.07050000 0.10629954 -0.01136563
v 0.06650000 0.10629954 -0.01136563
v 0.07050000 0.10631615 -0.01130040
v 0.06650000 0.10631615 -0.01130040
v 0.06650000 0.10632949 -0.01123442
v 0.07050000 0.10632949 -0.01123442
v 0.06650000 0.10633952 -0.01116786
v 0.07050000 0.10633952 -0.01116786
v 0.06650000 0.10634623 -0.01110089
v 0.07050000 0.10634623 -0.01110089
v 0.06650000 0.10634958 -0.01103366
v 0.07050000 0.10634958 -0.01103366
v 0.06650000 0.10634958 -0.01096634
v 0.07050000 0.10634958 -0.01096634
v 0.06650000 0.10634623 -0.01089911
v 0.07050000 0.10634623 -0.01089911
v 0.07050000 0.10633952 -0.01083214
v 0.06650000 0.10633952 -0.01083214
v 0.06650000 0.10632949 -0.01076557
v 0.07050000 0.10632949 -0.01076557
v 0.06650000 0.10631615 -0.01069960
v 0.07050000 0.10631615 -0.01069960
v 0.06650000 0.10629954 -0.01063437
v 0.07050000 0.10629954 -0.01063437
v 0.06650000 0.10627970 -0.01057004
v 0.07050000 0.10627970 -0.01057004
v 0.06650000 0.10625668 -0.01050679
v 0.07050000 0.10625668 -0.01050679
v 0.06650000 0.10623053 -0.01044476
v 0.07050000 0.10623053 -0.01044476
v 0.06650000 0.10620133 -0.01038412
v 0.07050000 0.10620133 -0.01038412
v 0.06650000 0.10616913 -0.01032500
v 0.07050000 0.10616913 -0.01032500
v 0.06650000 0.10613404 -0.01026756
v 0.07050000 0.10613404 -0.01026756
v 0.06650000 0.10609612 -0.01021195
v 0.07050000 0.10609612 -0.01021195
v 0.06650000 0.10605547 -0.01015829
v 0.07050000 0.10605547 -0.01015829
v 0.06650000 0.10601220 -0.01010672
v 0.07050000 0.10601220 -0.01010672
v 0.06650000 0.10596642 -0.01005738
v 0.07050000 0.10596642 -0.01005738
v 0.06650000 0.10591823 -0.01001038
v 0.07050000 0.10591823 -0.01001038
v 0.06650000 0.10586776 -0.00996584
v 0.07050000 0.10586776 -0.00996584
v 0.06650000 0.10581514 -0.00992387
v 0.07050000 0.10581514 -0.00992387
v 0.06650000 0.10576048 -0.00988458
v 0.07050000 0.10576048 -0.00988458
v 0.06650000 0.10570394 -0.00984806
v 0.07050000 0.10570394 -0.00984806
v 0.07050000 0.10564564 -0.00981440
v 0.06650000 0.10564564 -0.00981440
v 0.06650000 0.10558574 -0.00978369
v 0.07050000 0.10558574 -0.00978369
v 0.06650000 0.10552439 -0.00975601
v 0.07050000 0.10552439 -0.00975601
v 0.06650000 0.10546173 -0.00973141
v 0.07050000 0.10546173 -0.00973141
v 0.06650000 0.10539792 -0.00970998
v 0.07050000 0.10539792 -0.00970998
v 0.06650000 0.10533312 -0.00969175
v 0.07050000 0.10533312 -0.00969175
v 0.06650000 0.10526750 -0.00967677
v 0.07050000 0.10526750 -0.00967677
v 0.06650000 0.10520121 -0.00966508
v 0.07050000 0.10520121 -0.00966508
v 0.06650000 0.10513442 -0.00965671
v 0.07050000 0.10513442 -0.00965671
v 0.06650000 0.10506729 -0.00965168
v 0.07050000 0.10506729 -0.00965168
v 0.06650000 0.09406729 -0.00134832
v 0.07050000 0.09406729 -0.00134832
v 0.06650000 0.09413442 -0.00134329
v 0.07050000 0.09413442 -0.00134329
v 0.06650000 0.09420121 -0.00133492
v 0.07050000 0.09420121 -0.00133492
v 0.06650000 0.09426750 -0.00132323
v 0.07050000 0.09426750 -0.00132323
v 0.06650000 0.09433312 -0.00130825
v 0.07050000 0.09433312 -0.00130825
v 0.06650000 0.09439792 -0.00129002
v 0.07050000 0.09439792 -0.00129002
v 0.06650000 0.09446173 -0.00126859
v 0.07050000 0.09446173 -0.00126859
v 0.07050000 0.09452439 -0.00124399
v 0.06650000 0.09452439 -0.00124399
v 0.07050000 0.09458574 -0.00121631
v 0.06650000 0.09458574 -0.00121631
v 0.06650000 0.09464564 -0.00118560
v 0.07050000 0.09464564 -0.00118560
v 0.06650000 0.09470394 -0.00115194
v 0.07050000 0.09470394 -0.00115194
v 0.06650000 0.09476048 -0.00111542
v 0.07050000 0.09476048 -0.00111542
v 0.06650000 0.09481514 -0.00107613
v 0.07050000 0.09481514 -0.00107613
v 0.06650000 0.09486776 -0.00103416
v 0.07050000 0.09486776 -0.00103416
v 0.06650000 0.09491823 -0.00098962
v 0.07050000 0.09491823 -0.00098962
v 0.06650000 0.09496642 -0.00094262
v 0.07050000 0.09496642 -0.00094262
v 0.07050000 0.09501220 -0.00089328
v 0.06650000 0.09501220 -0.00089328
v 0.07050000 0.09505547 -0.00084171
v 0.06650000 0.09505547 -0.00084171
v 0.06650000 0.09509612 -0.00078805
v 0.07050000 0.09509612 -0.00078805
v 0.07050000 0.09513404 -0.00073244
v 0.06650000 0.09513404 -0.00073244
v 0.07050000 0.09516913 -0.00067500
v 0.06650000 0.09516913 -0.00067500
v 0.06650000 0.09520133 -0.00061588
v 0.07050000 0.09520133 -0.00061588
v 0.06650000 0.09523053 -0.00055524
v 0.07050000 0.09523053 -0.00055524
v 0.06650000 0.09525668 -0.00049321
v 0.07050000 0.09525668 -0.00049321
v 0.07050000 0.09527970 -0.00042996
v 0.06650000 0.09527970 -0.00042996
v 0.07050000 0.09529954 -0.00036563
v 0.06650000 0.09529954 -0.00036563
v 0.07050000 0.09531615 -0.00030040
v 0.06650000 0.09531615 -0.00030040
v 0.06650000 0.09532949 -0.00023443
v 0.07050000 0.09532949 -0.00023443
v 0.06650000 0.09533952 -0.00016786
v 0.07050000 0.09533952 -0.00016786
v 0.06650000 0.09534623 -0.00010089
v 0.07050000 0.09534623 -0.00010089
v 0.06650000 0.09534958 -0.00003366
v 0.07050000 0.09534958 -0.00003366
v 0.06650000 0.09534958 0.00003366
v 0.07050000 0.09534958 0.00003366
v 0.06650000 0.09534623 0.00010089
v 0.07050000 0.09534623 0.00010089
v 0.07050000 0.09533952 0.00016786
v 0.06650000 0.09533952 0.00016786
v 0.06650000 0.09532949 0.00023443
v 0.07050000 0.09532949 0.00023443
v 0.06650000 0.09531615 0.00030040
v 0.07050000 0.09531615 0.00030040
v 0.06650000 0.09529954 0.00036563
v 0.07050000 0.09529954 0.00036563
v 0.06650000 0.09527970 0.00042996
v 0.07050000 0.09527970 0.00042996
v 0.06650000 0.09525668 0.00049321
v 0.07050000 0.09525668 0.00049321
v 0.06650000 0.09523053 0.00055524
v 0.07050000 0.09523053 0.00055524
v 0.06650000 0.09520133 0.00061588
v 0.07050000 0.09520133 0.00061588
v 0.06650000 0.09516913 0.00067500
v 0.07050000 0.09516913 0.00067500
v 0.06650000 0.09513404 0.00073244
v 0.07050000 0.09513404 0.00073244
v 0.06650000 0.09509612 0.00078805
v 0.07050000 0.09509612 0.00078805
v 0.06650000 0.09505547 0.00084171
v 0.07050000 0.09505547 0.00084171
v 0.06650000 0.09501220 0.00089328
v 0.07050000 0.09501220 0.00089328
v 0.06650000 0.09496642 0.00094262
v 0.07050000 0.09496642 0.00094262
v 0.06650000 0.09491823 0.00098962
v 0.07050000 0.09491823 0.00098962
v 0.06650000 0.09486776 0.00103416
v 0.07050000 0.09486776 0.00103416
v 0.06650000 0.09481514 0.00107613
v 0.07050000 0.09481514 0.00107613
v 0.06650000 0.09476048 0.00111542
v 0.07050000 0.09476048 0.00111542
v 0.06650000 0.09470394 0.00115194
v 0.07050000 0.09470394 0.00115194
v 0.07050000 0.09464564 0.00118560
v 0.06650000 0.09464564 0.00118560
v 0.06650000 0.09458574 0.00121631
v 0.07050000 0.09458574 0.00121631
v 0.06650000 0.09452439 0.00124399
v 0.07050000 0.09452439 0.00124399
v 0.06650000 0.09446173 0.00126859
v 0.07050000 0.09446173 0.00126859
v 0.06650000 0.09439792 0.00129002
v 0.07050000 0.09439792 0.00129002
v 0.06650000 0.09433312 0.00130825
v 0.07050000 0.09433312 0.00130825
v 0.06650000 0.09426750 0.00132323
v 0.07050000 0.09426750 0.00132323
v 0.06650000 0.09420121 0.00133492
v 0.07050000 0.09420121 0.00133492
v 0.06650000 0.09413442 0.00134329
v 0.07050000 0.09413442 0.00134329
v 0.06650000 0.09406729 0.00134832
v 0.07050000 0.09406729 0.00134832
v 0.06650000 0.10530406 -0.00609242
v 0.06650000 0.10560736 -0.00606969
v 0.06650000 0.10590916 -0.00603187
v 0.06650000 0.10620869 -0.00597905
v 0.06650000 0.10650522 -0.00591137
v 0.06650000 0.10679801 -0.00582899
v 0.06800000 0.10770319 -0.00550188
v 0.06650000 0.10708632 -0.00573212
v 0.06650000 0.10736945 -0.00562100
v 0.06650000 0.10764669 -0.00549591
v 0.06650000 0.10791735 -0.00535715
v 0.06650000 0.10818076 -0.00520507
v 0.06725000 0.10877439 -0.00480095
v 0.06720833 0.10980628 -0.00379514
v 0.06650000 0.11028275 -0.00305000
v 0.06650000 0.11042822 -0.00278289
v 0.06800000 0.11082608 -0.00190650
v 0.06650000 0.11056019 -0.00250885
v 0.06650000 0.11067833 -0.00222858
v 0.06650000 0.11078236 -0.00194277
v 0.06650000 0.11087201 -0.00165213
v 0.06650000 0.11094706 -0.00135738
v 0.06650000 0.11100733 -0.00105925
v 0.06650000 0.11105266 -0.00075850
v 0.06800000 0.11107272 0.00143868
v 0.06650000 0.11108294 -0.00045585
v 0.06650000 0.11109810 -0.00015208
v 0.06650000 0.11109810 0.00015208
v 0.06650000 0.11108294 0.00045585
v 0.06650000 0.11105266 0.00075850
v 0.06650000 0.11100733 0.00105925
v 0.06650000 0.11094706 0.00135738
v 0.06650000 0.11087201 0.00165213
v 0.06650000 0.11078236 0.00194277
v 0.06650000 0.11067833 0.00222858
v 0.06650000 0.11056019 0.00250885
v 0.06650000 0.11042822 0.00278289
v 0.06650000 0.11028275 0.00305000
v 0.06725000 0.10986905 0.00368816
v 0.06721429 0.10924931 0.00438865
v 0.06730000 0.10845163 0.00503553
v 0.06650000 0.10818076 0.00520507
v 0.06650000 0.10791735 0.00535715
v 0.06800000 0.10662087 0.00594524
v 0.06650000 0.10764669 0.00549591
v 0.06650000 0.10736945 0.00562100
v 0.06650000 0.10708632 0.00573212
v 0.06650000 0.10679801 0.00582899
v 0.06650000 0.10650522 0.00591137
v 0.06650000 0.10620869 0.00597905
v 0.06650000 0.10590916 0.00603187
v 0.06650000 0.10560736 0.00606969
v 0.06650000 0.10530406 0.00609242
v 0.07150000 0.01130017 0.00190746
v 0.07150000 0.02491228 -0.00306061
v 0.06650000 0.02491228 -0.00306061
v 0.06650000 0.01130017 0.00190746
v 0.06726923 0.00957765 -0.00289629
v 0.06943103 0.00982648 -0.00205502
v 0.07150000 0.01001417 -0.00014589
v 0.07150000 0.09000000 0.01000000
v 0.07150000 -0.00000000 0.01000000
v 0.06650000 0.09000000 0.01000000
v 0.06650000 -0.00000000 0.01000000
v 0.06650000 0.10425780 0.01498163
v 0.06650000 0.10351742 0.01492655
v 0.06650000 0.10278067 0.01483491
v 0.06650000 0.10204936 0.01470693
v 0.07150000 0.10302794 0.01492331
v 0.06650000 0.10132528 0.01454292
v 0.06650000 0.10061020 0.01434328
v 0.06650000 0.09990587 0.01410850
v 0.06650000 0.09921403 0.01383917
v 0.07150000 0.09981454 0.01408772
v 0.06650000 0.09853635 0.01353592
v 0.06650000 0.09787451 0.01319952
v 0.07150000 0.09814305 0.01334571
v 0.06650000 0.09686476 0.01261129
v 0.07150000 0.09682146 0.01258053
v 0.07150000 -0.00000000 -0.01000000
v 0.07150000 0.09000000 -0.01000000
v 0.06650000 0.09000000 -0.01000000
v 0.06650000 -0.00000000 -0.01000000
v 0.07150000 0.03571660 -0.00274582
v 0.07150000 0.01980743 0.00306061
v 0.06650000 0.03571660 -0.00274582
v 0.06650000 0.01980743 0.00306061
v 0.07150000 0.05234255 0.00307239
v 0.06650000 0.03640231 -0.00274582
v 0.07150000 0.03640231 -0.00274582
v 0.06816667 0.04848130 -0.00153089
v 0.07150000 0.06311581 0.00274582
v 0.06650000 0.06311581 0.00274582
v 0.06650000 0.07805885 -0.00513686
v 0.07150000 0.08869805 -0.00208268
v 0.07150000 0.07460584 0.00306061
v 0.06650000 0.08869805 -0.00208268
v 0.06650000 0.07460584 0.00306061
v 0.06650000 0.09031827 0.00307357
v 0.06650000 0.09047631 0.00375000
v 0.06650000 0.09019172 0.00239055
v 0.06650000 0.09009692 0.00170241
v 0.07150000 0.09018780 0.00246115
v 0.06650000 0.09003408 0.00101061
v 0.07150000 0.08999146 0.00022991
v 0.06650000 0.09000334 0.00031664
v 0.06650000 0.09000476 -0.00037800
v 0.06978125 -0.00193461 0.00986038
v 0.06650000 -0.00359419 0.00937020
v 0.07025000 -0.00507345 0.00865116
v 0.06650000 -0.00676318 0.00739932
v 0.06943103 -0.00773863 0.00641721
v 0.06650000 -0.00901137 0.00433965
v 0.07150000 -0.00895451 0.00450637
v 0.06816667 -0.00969588 0.00255411
v 0.06650000 -0.01001494 0.00007074
v 0.06925000 -0.01007589 -0.00099652
v 0.07150000 -0.00970308 -0.00247071
v 0.06975000 -0.00904780 -0.00428490
v 0.06750000 -0.00837034 -0.00548168
v 0.06882143 -0.00735549 -0.00681015
v 0.06983333 -0.00564952 -0.00829161
v 0.06650000 -0.00412024 -0.00913139
v 0.06970000 -0.00291725 -0.00959038
v 0.06900000 -0.00099650 -0.00995855
v 0.07150000 0.00249308 -0.00668528
v 0.06650000 0.00227471 -0.00677033
v 0.06650000 0.00370219 -0.00605837
v 0.07150000 0.00370219 -0.00605837
v 0.07150000 0.00399957 -0.00586630
v 0.06650000 0.00399957 -0.00586630
v 0.07150000 0.00428701 -0.00565964
v 0.06650000 0.00428701 -0.00565964
v 0.06650000 0.00456379 -0.00543892
v 0.07150000 0.00456379 -0.00543892
v 0.07150000 0.00482923 -0.00520467
v 0.06650000 0.00482923 -0.00520467
v 0.07150000 0.00508265 -0.00495748
v 0.06650000 0.00508265 -0.00495748
v 0.07150000 0.00532345 -0.00469797
v 0.06650000 0.00532345 -0.00469797
v 0.06650000 0.00555100 -0.00442678
v 0.07150000 0.00555100 -0.00442678
v 0.06650000 0.00576476 -0.00414458
v 0.07150000 0.00576476 -0.00414458
v 0.06650000 0.00596418 -0.00385208
v 0.07150000 0.00596418 -0.00385208
v 0.06650000 0.00614878 -0.00355000
v 0.07150000 0.00614878 -0.00355000
v 0.07150000 0.00631809 -0.00323910
v 0.06650000 0.00631809 -0.00323910
v 0.07150000 0.00647169 -0.00292014
v 0.06650000 0.00647169 -0.00292014
v 0.06650000 0.00660920 -0.00259392
v 0.07150000 0.00660920 -0.00259392
v 0.06837500 0.00691587 -0.00166791
v 0.06962500 0.00710024 -0.00044468
v 0.06650000 0.00708015 0.00053058
v 0.07150000 0.00708015 0.00053058
v 0.06650000 0.00704490 0.00088284
v 0.07150000 0.00704490 0.00088284
v 0.06650000 0.00699214 0.00123290
v 0.07150000 0.00699214 0.00123290
v 0.06650000 0.00692199 0.00157990
v 0.07150000 0.00692199 0.00157990
v 0.06650000 0.00683463 0.00192297
v 0.07150000 0.00683463 0.00192297
v 0.07150000 0.00673028 0.00226126
v 0.06650000 0.00673028 0.00226126
v 0.06650000 0.00660920 0.00259392
v 0.07150000 0.00660920 0.00259392
v 0.06650000 0.00647169 0.00292014
v 0.07150000 0.00647169 0.00292014
v 0.06650000 0.00631809 0.00323910
v 0.07150000 0.00631809 0.00323910
v 0.07150000 0.00614878 0.00355000
v 0.06650000 0.00614878 0.00355000
v 0.07150000 0.00596418 0.00385208
v 0.06650000 0.00596418 0.00385208
v 0.06650000 0.00576476 0.00414458
v 0.07150000 0.00576476 0.00414458
v 0.06650000 0.00555100 0.00442678
v 0.07150000 0.00555100 0.00442678
v 0.06650000 0.00532345 0.00469797
v 0.07150000 0.00532345 0.00469797
v 0.07150000 0.00508265 0.00495748
v 0.06650000 0.00508265 0.00495748
v 0.07150000 0.00482923 0.00520467
v 0.06650000 0.00482923 0.00520467
v 0.06650000 0.00456379 0.00543892
v 0.07150000 0.00456379 0.00543892
v 0.07150000 0.00428701 0.00565964
v 0.06882143 0.00312961 0.00640962
v 0.06950000 0.00118319 0.00702058
v 0.07150000 0.02015029 0.00500000
v 0.07150000 0.05196863 0.00500000
v 0.06650000 0.05196863 0.00500000
v 0.06650000 0.02015029 0.00500000
v 0.07150000 0.07971068 -0.00306061
v 0.06650000 0.07971068 -0.00306061
v 0.07150000 0.07494869 0.00500000
v 0.06650000 0.08950807 0.00500000
v 0.06650000 0.07494869 0.00500000
v 0.07150000 0.08950807 0.00500000
v 0.07000000 0.10535391 -0.00709117
v 0.07000000 0.10570693 -0.00706472
v 0.07109091 0.10593791 -0.00703911
v 0.07090000 0.10658039 -0.00692414
v 0.07085714 0.10726196 -0.00673237
v 0.07109091 0.10840379 -0.00624744
v 0.07000000 0.10808363 -0.00640324
v 0.07105000 0.10943090 -0.00555617
v 0.07060000 0.11013225 -0.00491225
v 0.07064286 0.11072883 -0.00420128
v 0.07100000 0.11108817 -0.00365553
v 0.07070588 0.11146730 -0.00294292
v 0.07128571 0.11174717 -0.00222378
v 0.07000000 0.11183463 -0.00192297
v 0.07098077 0.11201805 -0.00113127
v 0.07068182 0.11209503 -0.00029867
v 0.07060000 0.11208064 0.00063423
v 0.07127500 0.11195758 0.00145767
v 0.07000000 0.11179564 0.00206345
v 0.07104348 0.11153167 0.00280352
v 0.07070588 0.11112057 0.00360713
v 0.07000000 0.11076476 0.00414458
v 0.07084783 0.11039856 0.00462476
v 0.07068182 0.10969942 0.00532511
v 0.07085714 0.10914587 0.00576655
v 0.07100000 0.10841393 0.00623192
v 0.07060000 0.10790653 0.00648069
v 0.07092857 0.10709449 0.00679019
v 0.07110870 0.10590314 0.00705419
v 0.07000000 0.10556192 0.00707975
v 0.07150000 0.01120177 -0.00510139
v 0.07150000 0.00953161 -0.00469877
v 0.07150000 0.00956729 -0.00473353
v 0.07150000 0.00949770 -0.00466228
v 0.07150000 0.00960467 -0.00476647
v 0.07150000 0.00946565 -0.00462415
v 0.07150000 0.00964363 -0.00479750
v 0.07150000 0.00943553 -0.00458447
v 0.07150000 0.00968410 -0.00482656
v 0.07150000 0.00940743 -0.00454333
v 0.07150000 0.00972596 -0.00485356
v 0.07150000 0.00938142 -0.00450085
v 0.07150000 0.00976911 -0.00487845
v 0.07150000 0.00935755 -0.00445713
v 0.07150000 0.00981345 -0.00490115
v 0.07150000 0.00933589 -0.00441227
v 0.07150000 0.00985886 -0.00492162
v 0.07150000 0.00931649 -0.00436639
v 0.07150000 0.00990524 -0.00493980
v 0.07150000 0.00929940 -0.00431960
v 0.07150000 0.00995246 -0.00495566
v 0.07150000 0.00928466 -0.00427202
v 0.07150000 0.01000042 -0.00496914
v 0.07150000 0.00927231 -0.00422376
v 0.07150000 0.01004899 -0.00498021
v 0.07150000 0.00926237 -0.00417494
v 0.07150000 0.00925488 -0.00412569
v 0.07150000 0.00924985 -0.00407613
v 0.07150000 0.00924730 -0.00402639
v 0.07150000 0.00924723 -0.00397657
v 0.07150000 0.00924963 -0.00392681
v 0.07150000 0.00925451 -0.00387724
v 0.07150000 0.00926186 -0.00382797
v 0.07150000 0.00927165 -0.00377913
v 0.07150000 0.00928386 -0.00373083
v 0.07150000 0.00995808 0.00092895
v 0.07150000 0.00995737 0.00097794
v 0.07150000 0.00995905 0.00102690
v 0.07150000 0.00996313 0.00107572
v 0.07150000 0.00996960 0.00112429
v 0.07150000 0.00997843 0.00117248
v 0.07150000 0.00998962 0.00122017
v 0.07150000 0.01000313 0.00126727
v 0.07150000 0.01001893 0.00131364
v 0.07150000 0.01003698 0.00135919
v 0.07150000 0.01005724 0.00140379
v 0.07150000 0.01007966 0.00144735
v 0.07150000 0.01010419 0.00148976
v 0.07150000 0.01013076 0.00153092
v 0.07150000 0.01015932 0.00157073
v 0.07150000 0.01018980 0.00160909
v 0.07150000 0.01022211 0.00164591
v 0.07150000 0.01025619 0.00168110
v 0.07150000 0.01029196 0.00171459
v 0.07150000 0.01032932 0.00174628
v 0.07150000 0.01036819 0.00177610
v 0.07150000 0.01040847 0.00180399
v 0.07150000 0.01045007 0.00182987
v 0.07150000 0.01049289 0.00185367
v 0.07150000 0.01053682 0.00187536
v 0.07150000 0.01058176 0.00189486
v 0.07150000 0.01062760 0.00191215
v 0.07150000 0.01067424 0.00192716
v 0.07150000 0.01072155 0.00193988
v 0.07150000 0.01076943 0.00195026
v 0.07150000 0.01081776 0.00195828
v 0.07150000 0.01086643 0.00196393
v 0.07150000 0.01091531 0.00196718
v 0.07150000 0.01096429 0.00196804
v 0.07150000 0.01101326 0.00196650
v 0.07150000 0.01106209 0.00196256
v 0.07150000 0.02461925 -0.00499876
v 0.07150000 0.01946956 0.00326746
v 0.07150000 0.01943390 0.00330230
v 0.07150000 0.01940002 0.00333886
v 0.07150000 0.01950691 0.00323445
v 0.07150000 0.01936801 0.00337707
v 0.07150000 0.01954585 0.00320335
v 0.07150000 0.01933794 0.00341682
v 0.07150000 0.01958630 0.00317422
v 0.07150000 0.01930989 0.00345803
v 0.07150000 0.01928393 0.00350058
v 0.07150000 0.01926012 0.00354437
v 0.07150000 0.01923852 0.00358929
v 0.07150000 0.01921919 0.00363523
v 0.07150000 0.01920217 0.00368208
v 0.07150000 0.01918750 0.00372972
v 0.07150000 0.01917523 0.00377803
v 0.07150000 0.01916538 0.00382690
v 0.07150000 0.01915798 0.00387619
v 0.07150000 0.01915304 0.00392579
v 0.07150000 0.01915059 0.00397558
v 0.07150000 0.01915061 0.00402542
v 0.07150000 0.01915312 0.00407520
v 0.07150000 0.01915811 0.00412480
v 0.07150000 0.01916556 0.00417408
v 0.07150000 0.01917545 0.00422294
v 0.07150000 0.01918777 0.00427124
v 0.07150000 0.01920249 0.00431886
v 0.07150000 0.01921955 0.00436569
v 0.07150000 0.01923893 0.00441162
v 0.07150000 0.01926057 0.00445652
v 0.07150000 0.01928443 0.00450029
v 0.07150000 0.01931043 0.00454281
v 0.07150000 0.01933852 0.00458399
v 0.07150000 0.01125375 0.00192312
v 0.07150000 0.01936863 0.00462371
v 0.07150000 0.01120662 0.00193649
v 0.07150000 0.01940068 0.00466189
v 0.07150000 0.01115889 0.00194754
v 0.07150000 0.01943460 0.00469842
v 0.07150000 0.01111068 0.00195624
v 0.07150000 0.01947029 0.00473321
v 0.07150000 0.01950767 0.00476619
v 0.07150000 0.01954665 0.00479726
v 0.07150000 0.01958712 0.00482635
v 0.07150000 0.01962900 0.00485338
v 0.07150000 0.01967217 0.00487830
v 0.07150000 0.01971653 0.00490103
v 0.07150000 0.01976197 0.00492153
v 0.07150000 0.01980837 0.00493973
v 0.07150000 0.01985562 0.00495560
v 0.07150000 0.01990361 0.00496910
v 0.07150000 0.01995220 0.00498019
v 0.07150000 0.02000129 0.00498884
v 0.07150000 0.02005075 0.00499503
v 0.07150000 0.02010046 0.00499876
v 0.07150000 0.02521204 -0.00476619
v 0.07150000 0.02524942 -0.00473321
v 0.07150000 0.02528511 -0.00469842
v 0.07150000 0.02531903 -0.00466189
v 0.07150000 0.02535108 -0.00462371
v 0.07150000 0.02538119 -0.00458399
v 0.07150000 0.02540928 -0.00454281
v 0.07150000 0.02543528 -0.00450029
v 0.07150000 0.02545914 -0.00445652
v 0.07150000 0.02548078 -0.00441162
v 0.07150000 0.02550016 -0.00436569
v 0.07150000 0.02551723 -0.00431886
v 0.07150000 0.02553194 -0.00427124
v 0.07150000 0.02554426 -0.00422294
v 0.07150000 0.02555416 -0.00417408
v 0.07150000 0.02556161 -0.00412480
v 0.07150000 0.02556659 -0.00407520
v 0.07150000 0.02556910 -0.00402542
v 0.07150000 0.02556913 -0.00397558
v 0.07150000 0.02556667 -0.00392579
v 0.07150000 0.02556173 -0.00387619
v 0.07150000 0.02555433 -0.00382690
v 0.07150000 0.02554448 -0.00377803
v 0.07150000 0.02553221 -0.00372972
v 0.07150000 0.02551754 -0.00368208
v 0.07150000 0.02550052 -0.00363523
v 0.07150000 0.02548119 -0.00358929
v 0.07150000 0.02545959 -0.00354437
v 0.07150000 0.02543578 -0.00350058
v 0.07150000 0.02540982 -0.00345803
v 0.07150000 0.02538177 -0.00341682
v 0.07150000 0.02535170 -0.00337707
v 0.07150000 0.02531969 -0.00333886
v 0.07150000 0.02528581 -0.00330230
v 0.07150000 0.02525015 -0.00326746
v 0.07150000 0.02521281 -0.00323445
v 0.07150000 0.02517386 -0.00320335
v 0.07150000 0.02513341 -0.00317422
v 0.07150000 0.02509156 -0.00314714
v 0.07150000 0.03576398 -0.00276178
v 0.07150000 0.02517306 -0.00479726
v 0.07150000 0.03581209 -0.00277536
v 0.07150000 0.02513259 -0.00482635
v 0.07150000 0.03586081 -0.00278651
v 0.07150000 0.02509071 -0.00485338
v 0.07150000 0.03591004 -0.00279521
v 0.07150000 0.02504754 -0.00487830
v 0.07150000 0.03595964 -0.00280144
v 0.07150000 0.02500318 -0.00490103
v 0.07150000 0.03600949 -0.00280519
v 0.07150000 0.02495774 -0.00492153
v 0.07150000 0.03605946 -0.00280644
v 0.07150000 0.04686949 -0.00473321
v 0.07150000 0.04683380 -0.00469842
v 0.07150000 0.04679989 -0.00466189
v 0.07150000 0.04690687 -0.00476619
v 0.07150000 0.03635494 -0.00276178
v 0.07150000 0.04676784 -0.00462371
v 0.07150000 0.04694585 -0.00479726
v 0.07150000 0.03630683 -0.00277536
v 0.07150000 0.04673773 -0.00458399
v 0.07150000 0.04698633 -0.00482635
v 0.07150000 0.03625810 -0.00278651
v 0.07150000 0.04670964 -0.00454281
v 0.07150000 0.04702820 -0.00485338
v 0.07150000 0.03620888 -0.00279521
v 0.07150000 0.04668363 -0.00450029
v 0.07150000 0.04707138 -0.00487830
v 0.07150000 0.03615928 -0.00280144
v 0.07150000 0.04665978 -0.00445652
v 0.07150000 0.04711574 -0.00490103
v 0.07150000 0.03610943 -0.00280519
v 0.07150000 0.04663813 -0.00441162
v 0.07150000 0.04716117 -0.00492153
v 0.07150000 0.04661876 -0.00436569
v 0.07150000 0.04720757 -0.00493973
v 0.07150000 0.02491134 -0.00493973
v 0.07150000 0.04660169 -0.00431886
v 0.07150000 0.04725483 -0.00495560
v 0.07150000 0.02486409 -0.00495560
v 0.07150000 0.04658698 -0.00427124
v 0.07150000 0.04730281 -0.00496910
v 0.07150000 0.02476751 -0.00498019
v 0.07150000 0.02481611 -0.00496910
v 0.07150000 0.04657466 -0.00422294
v 0.07150000 0.04735141 -0.00498019
v 0.07150000 0.02471842 -0.00498884
v 0.07150000 0.04656476 -0.00417408
v 0.07150000 0.04740050 -0.00498884
v 0.07150000 0.02466896 -0.00499503
v 0.07150000 0.04655731 -0.00412480
v 0.07150000 0.04744995 -0.00499503
v 0.07150000 0.04655232 -0.00407520
v 0.07150000 0.04654981 -0.00402542
v 0.07150000 0.04654979 -0.00397558
v 0.07150000 0.04655225 -0.00392579
v 0.07150000 0.04655718 -0.00387619
v 0.07150000 0.04656459 -0.00382690
v 0.07150000 0.04657444 -0.00377803
v 0.07150000 0.04658671 -0.00372972
v 0.07150000 0.04660137 -0.00368208
v 0.07150000 0.04661839 -0.00363523
v 0.07150000 0.04663772 -0.00358929
v 0.07150000 0.04665932 -0.00354437
v 0.07150000 0.04668313 -0.00350058
v 0.07150000 0.04670910 -0.00345803
v 0.07150000 0.04673715 -0.00341682
v 0.07150000 0.04676722 -0.00337707
v 0.07150000 0.04679923 -0.00333886
v 0.07150000 0.04683310 -0.00330230
v 0.07150000 0.04686876 -0.00326746
v 0.07150000 0.04690611 -0.00323445
v 0.07150000 0.04694506 -0.00320335
v 0.07150000 0.04698550 -0.00317422
v 0.07150000 0.04702735 -0.00314714
v 0.07150000 0.05249077 0.00314714
v 0.07150000 0.05253261 0.00317422
v 0.07150000 0.05257306 0.00320335
v 0.07150000 0.05261201 0.00323445
v 0.07150000 0.05264936 0.00326746
v 0.07150000 0.05268501 0.00330230
v 0.07150000 0.05271889 0.00333886
v 0.07150000 0.05275090 0.00337707
v 0.07150000 0.05278097 0.00341682
v 0.07150000 0.05280902 0.00345803
v 0.07150000 0.05283499 0.00350058
v 0.07150000 0.05285880 0.00354437
v 0.07150000 0.05288039 0.00358929
v 0.07150000 0.05289973 0.00363523
v 0.07150000 0.05291675 0.00368208
v 0.07150000 0.05293141 0.00372972
v 0.07150000 0.05294368 0.00377803
v 0.07150000 0.05295353 0.00382690
v 0.07150000 0.05296093 0.00387619
v 0.07150000 0.05296587 0.00392579
v 0.07150000 0.05296833 0.00397558
v 0.07150000 0.05296830 0.00402542
v 0.07150000 0.05296580 0.00407520
v 0.07150000 0.05296081 0.00412480
v 0.07150000 0.05295336 0.00417408
v 0.07150000 0.05294346 0.00422294
v 0.07150000 0.05293114 0.00427124
v 0.07150000 0.05291643 0.00431886
v 0.07150000 0.05289936 0.00436569
v 0.07150000 0.05287998 0.00441162
v 0.07150000 0.05285834 0.00445652
v 0.07150000 0.05283449 0.00450029
v 0.07150000 0.05280848 0.00454281
v 0.07150000 0.05278039 0.00458399
v 0.07150000 0.05275028 0.00462371
v 0.07150000 0.05271823 0.00466189
v 0.07150000 0.05268432 0.00469842
v 0.07150000 0.05264863 0.00473321
v 0.07150000 0.05261125 0.00476619
v 0.07150000 0.06316318 0.00276178
v 0.07150000 0.05257227 0.00479726
v 0.07150000 0.06321129 0.00277536
v 0.07150000 0.05253179 0.00482635
v 0.07150000 0.06326002 0.00278651
v 0.07150000 0.05248991 0.00485338
v 0.07150000 0.06330924 0.00279521
v 0.07150000 0.05244674 0.00487830
v 0.07150000 0.06335884 0.00280144
v 0.07150000 0.05240238 0.00490103
v 0.07150000 0.06340869 0.00280519
v 0.07150000 0.05235695 0.00492153
v 0.07150000 0.07426796 0.00326746
v 0.07150000 0.07423231 0.00330230
v 0.07150000 0.07419843 0.00333886
v 0.07150000 0.07430531 0.00323445
v 0.07150000 0.07416642 0.00337707
v 0.07150000 0.07434426 0.00320335
v 0.07150000 0.07413635 0.00341682
v 0.07150000 0.07438471 0.00317422
v 0.07150000 0.07410830 0.00345803
v 0.07150000 0.07442656 0.00314714
v 0.07150000 0.07408234 0.00350058
v 0.07150000 0.07405853 0.00354437
v 0.07150000 0.07403693 0.00358929
v 0.07150000 0.07401759 0.00363523
v 0.07150000 0.07400058 0.00368208
v 0.07150000 0.07398591 0.00372972
v 0.07150000 0.07397364 0.00377803
v 0.07150000 0.07396379 0.00382690
v 0.07150000 0.07395639 0.00387619
v 0.07150000 0.07395145 0.00392579
v 0.07150000 0.07394899 0.00397558
v 0.07150000 0.07394902 0.00402542
v 0.07150000 0.07395153 0.00407520
v 0.07150000 0.07395651 0.00412480
v 0.07150000 0.07396396 0.00417408
v 0.07150000 0.07397386 0.00422294
v 0.07150000 0.07398618 0.00427124
v 0.07150000 0.07400089 0.00431886
v 0.07150000 0.07401796 0.00436569
v 0.07150000 0.07403734 0.00441162
v 0.07150000 0.07405898 0.00445652
v 0.07150000 0.07408283 0.00450029
v 0.07150000 0.07410884 0.00454281
v 0.07150000 0.07413693 0.00458399
v 0.07150000 0.07416704 0.00462371
v 0.07150000 0.07419909 0.00466189
v 0.07150000 0.07423300 0.00469842
v 0.07150000 0.07426870 0.00473321
v 0.07150000 0.07430608 0.00476619
v 0.07150000 0.07434505 0.00479726
v 0.07150000 0.07438553 0.00482635
v 0.07150000 0.07442741 0.00485338
v 0.07150000 0.07447058 0.00487830
v 0.07150000 0.07451494 0.00490103
v 0.07150000 0.07456038 0.00492153
v 0.07150000 0.07460678 0.00493973
v 0.07150000 0.05231054 0.00493973
v 0.07150000 0.07465403 0.00495560
v 0.07150000 0.05226329 0.00495560
v 0.07150000 0.07470201 0.00496910
v 0.07150000 0.05221531 0.00496910
v 0.07150000 0.07475061 0.00498019
v 0.07150000 0.05216671 0.00498019
v 0.07150000 0.07159968 -0.00552513
v 0.07150000 0.07951683 -0.00498884
v 0.07150000 0.07956592 -0.00498019
v 0.07150000 0.07961451 -0.00496910
v 0.07150000 0.07966250 -0.00495560
v 0.07150000 0.07970975 -0.00493973
v 0.07150000 0.07975615 -0.00492153
v 0.07150000 0.07980159 -0.00490103
v 0.07150000 0.07984595 -0.00487830
v 0.07150000 0.07988912 -0.00485338
v 0.07150000 0.07993099 -0.00482635
v 0.07150000 0.07997147 -0.00479726
v 0.07150000 0.08001045 -0.00476619
v 0.07150000 0.08004783 -0.00473321
v 0.07150000 0.08008352 -0.00469842
v 0.07150000 0.08011743 -0.00466189
v 0.07150000 0.08014949 -0.00462371
v 0.07150000 0.08017959 -0.00458399
v 0.07150000 0.08020769 -0.00454281
v 0.07150000 0.08023369 -0.00450029
v 0.07150000 0.08025754 -0.00445652
v 0.07150000 0.08027919 -0.00441162
v 0.07150000 0.08029857 -0.00436569
v 0.07150000 0.08031563 -0.00431886
v 0.07150000 0.08033034 -0.00427124
v 0.07150000 0.08034266 -0.00422294
v 0.07150000 0.08035256 -0.00417408
v 0.07150000 0.08036001 -0.00412480
v 0.07150000 0.08036500 -0.00407520
v 0.07150000 0.08036751 -0.00402542
v 0.07150000 0.08036753 -0.00397558
v 0.07150000 0.08036507 -0.00392579
v 0.07150000 0.08036014 -0.00387619
v 0.07150000 0.08035274 -0.00382690
v 0.07150000 0.08034289 -0.00377803
v 0.07150000 0.08033061 -0.00372972
v 0.07150000 0.08031595 -0.00368208
v 0.07150000 0.08029893 -0.00363523
v 0.07150000 0.08027960 -0.00358929
v 0.07150000 0.08025800 -0.00354437
v 0.07150000 0.08023419 -0.00350058
v 0.07150000 0.08020823 -0.00345803
v 0.07150000 0.08018018 -0.00341682
v 0.07150000 0.08015011 -0.00337707
v 0.07150000 0.08011809 -0.00333886
v 0.07150000 0.08008422 -0.00330230
v 0.07150000 0.08004856 -0.00326746
v 0.07150000 0.08001121 -0.00323445
v 0.07150000 0.07997227 -0.00320335
v 0.07150000 0.08874542 -0.00209864
v 0.07150000 0.08879353 -0.00211221
v 0.07150000 0.08884226 -0.00212336
v 0.07150000 0.08889148 -0.00213206
v 0.07150000 0.08894108 -0.00213830
v 0.07150000 0.08899093 -0.00214204
v 0.07150000 0.09049480 -0.01001225
v 0.07150000 0.09154198 -0.01011166
v 0.07150000 0.09347426 -0.01059719
v 0.07092857 0.10540660 -0.01357280
v 0.07150000 0.10590519 -0.01343955
v 0.07150000 0.10631787 -0.01324583
v 0.07150000 0.09048745 0.00379800
v 0.07150000 0.10715094 -0.01246650
v 0.07150000 0.09523689 -0.01147170
v 0.07150000 0.09049621 0.00384650
v 0.07150000 0.09050258 0.00389536
v 0.07150000 0.09458263 -0.00255266
v 0.07150000 0.09050652 0.00394448
v 0.07150000 0.09050805 0.00399374
v 0.07150000 0.09050714 0.00404301
v 0.07150000 0.09050381 0.00409217
v 0.07150000 0.09049806 0.00414111
v 0.07150000 0.09543258 -0.00218089
v 0.07094737 0.10752831 -0.01166115
v 0.07150000 0.09048991 0.00418971
v 0.07150000 0.09582411 -0.00185377
v 0.07150000 0.09047937 0.00423785
v 0.07150000 0.09046647 0.00428541
v 0.07126923 0.09609089 -0.00155206
v 0.07150000 0.09045125 0.00433228
v 0.07150000 0.09043373 0.00437834
v 0.07150000 0.09041397 0.00442348
v 0.07150000 0.09039201 0.00446759
v 0.07150000 0.09036790 0.00451057
v 0.07127778 0.09631333 -0.00119214
v 0.07094444 0.09660565 0.00006498
v 0.07093750 0.10506505 -0.00839140
v 0.07100000 0.10580338 -0.00851882
v 0.07150000 0.10634294 -0.00877126
v 0.07150000 0.07489886 0.00499876
v 0.07150000 0.07484916 0.00499503
v 0.07150000 0.07479970 0.00498884
v 0.07150000 0.08975200 0.00496979
v 0.07150000 0.08970392 0.00498063
v 0.07150000 0.08965538 0.00498909
v 0.07150000 0.08960647 0.00499515
v 0.07150000 0.08955733 0.00499879
v 0.07150000 0.05211762 0.00498884
v 0.07150000 0.05206816 0.00499503
v 0.07108824 0.10677173 -0.00908779
v 0.07150000 0.09049480 0.01001225
v 0.07150000 0.08989220 0.00492328
v 0.07150000 0.08984625 0.00494108
v 0.07150000 0.08979948 0.00495660
v 0.07107143 0.09577464 0.00190305
v 0.07150000 0.09098839 0.01004897
v 0.07150000 0.09006559 0.00483016
v 0.07150000 0.09002402 0.00485662
v 0.07150000 0.08998119 0.00488100
v 0.07150000 0.08993721 0.00490323
v 0.07116667 0.10707533 -0.00942800
v 0.07085714 0.09556598 0.00207814
v 0.07150000 0.09147955 0.01011006
v 0.07150000 0.09018180 0.00473898
v 0.07150000 0.09014458 0.00477127
v 0.07150000 0.09010581 0.00480169
v 0.07150000 0.09529044 0.00225801
v 0.07150000 0.09196709 0.01019538
v 0.07150000 0.09028331 0.00463167
v 0.07150000 0.09025125 0.00466909
v 0.07150000 0.09021738 0.00470489
v 0.07150000 0.10755352 -0.01046322
v 0.07150000 0.09244981 0.01030472
v 0.07150000 0.09034171 0.00455231
v 0.07150000 0.09031348 0.00459271
v 0.07150000 0.09433210 0.01092787
v 0.07079412 0.09447869 0.00255890
v 0.07110000 0.11631693 -0.00258495
v 0.07150000 0.10559735 0.00846549
v 0.07150000 0.10602568 0.00860861
v 0.07090000 0.11670558 -0.00251078
v 0.07150000 0.10624346 0.00871662
v 0.07123684 0.10663961 0.00897242
v 0.07081250 0.11762919 -0.00203179
v 0.07097826 0.11730472 -0.00225822
v 0.07095455 0.10703697 0.00937557
v 0.07150000 0.10728948 0.00976626
v 0.07150000 0.11800652 -0.00165965
v 0.07150000 0.11829558 -0.00122917
v 0.07102381 0.10524319 0.01359348
v 0.07097826 0.11858720 0.00031145
v 0.07084375 0.10590456 0.01344848
v 0.07091935 0.11815600 0.00146994
v 0.07091667 0.10676991 0.01290751
v 0.07100000 0.11768471 0.00198805
v 0.07110000 0.10718786 0.01241669
v 0.07150000 0.11701056 0.00239732
v 0.07083333 0.10759323 0.01126293
v 0.07088889 0.10740944 0.00998455
v 0.07150000 0.05201846 0.00499876
v 0.07150000 0.07975707 -0.00307886
v 0.07150000 0.07980248 -0.00309940
v 0.07150000 0.07984682 -0.00312218
v 0.07150000 0.07988997 -0.00314714
v 0.07150000 0.07993182 -0.00317422
v 0.07150000 0.05240328 0.00309940
v 0.07150000 0.05244762 0.00312218
v 0.07150000 0.07455946 0.00307886
v 0.07150000 0.07451404 0.00309940
v 0.07150000 0.07446970 0.00312218
v 0.07150000 0.02495866 -0.00307886
v 0.07150000 0.02500408 -0.00309940
v 0.07150000 0.02504841 -0.00312218
v 0.07150000 0.04716025 -0.00307886
v 0.07150000 0.04711484 -0.00309940
v 0.07150000 0.04707050 -0.00312218
v 0.07150000 0.01976105 0.00307886
v 0.07150000 0.01971563 0.00309940
v 0.07150000 0.01967130 0.00312218
v 0.07150000 0.01962815 0.00314714
v 0.06650000 0.00953161 -0.00469877
v 0.06650000 0.00956729 -0.00473353
v 0.06650000 0.00949770 -0.00466228
v 0.06650000 0.00960467 -0.00476647
v 0.06650000 0.00946565 -0.00462415
v 0.06650000 0.00964363 -0.00479750
v 0.06650000 0.00943553 -0.00458447
v 0.06650000 0.00968410 -0.00482656
v 0.06650000 0.00940743 -0.00454333
v 0.06650000 0.00972596 -0.00485356
v 0.06650000 0.00938142 -0.00450085
v 0.06650000 0.00976911 -0.00487845
v 0.06650000 0.00935755 -0.00445713
v 0.06650000 0.00981345 -0.00490115
v 0.06650000 0.00933589 -0.00441227
v 0.06650000 0.00985886 -0.00492162
v 0.06650000 0.00931649 -0.00436639
v 0.06650000 0.00990524 -0.00493980
v 0.06650000 0.00929940 -0.00431960
v 0.06650000 0.00995246 -0.00495566
v 0.06650000 0.00928466 -0.00427202
v 0.06650000 0.01000042 -0.00496914
v 0.06650000 0.00927231 -0.00422376
v 0.06650000 0.01004899 -0.00498021
v 0.06650000 0.00926237 -0.00417494
v 0.06650000 0.01070850 -0.00505850
v 0.06650000 0.00925488 -0.00412569
v 0.06650000 0.00924985 -0.00407613
v 0.06650000 0.00924730 -0.00402639
v 0.06650000 0.00924723 -0.00397657
v 0.06650000 0.00924963 -0.00392681
v 0.06650000 0.00925451 -0.00387724
v 0.06650000 0.00926186 -0.00382797
v 0.06650000 0.00927165 -0.00377913
v 0.06650000 0.00928386 -0.00373083
v 0.06650000 0.00929846 -0.00368320
v 0.06650000 0.00999751 0.00026804
v 0.06650000 0.00995737 0.00097794
v 0.06650000 0.00995905 0.00102690
v 0.06650000 0.00996313 0.00107572
v 0.06650000 0.00996960 0.00112429
v 0.06650000 0.00997843 0.00117248
v 0.06650000 0.00998962 0.00122017
v 0.06650000 0.01000313 0.00126727
v 0.06650000 0.01001893 0.00131364
v 0.06650000 0.01003698 0.00135919
v 0.06650000 0.01005724 0.00140379
v 0.06650000 0.01007966 0.00144735
v 0.06650000 0.01010419 0.00148976
v 0.06650000 0.01013076 0.00153092
v 0.06650000 0.01015932 0.00157073
v 0.06650000 0.01018980 0.00160909
v 0.06650000 0.01022211 0.00164591
v 0.06650000 0.01025619 0.00168110
v 0.06650000 0.01029196 0.00171459
v 0.06650000 0.01032932 0.00174628
v 0.06650000 0.01036819 0.00177610
v 0.06650000 0.01040847 0.00180399
v 0.06650000 0.01045007 0.00182987
v 0.06650000 0.01049289 0.00185367
v 0.06650000 0.01053682 0.00187536
v 0.06650000 0.01058176 0.00189486
v 0.06650000 0.01062760 0.00191215
v 0.06650000 0.01067424 0.00192716
v 0.06650000 0.01072155 0.00193988
v 0.06650000 0.01076943 0.00195026
v 0.06650000 0.01081776 0.00195828
v 0.06650000 0.01086643 0.00196393
v 0.06650000 0.01091531 0.00196718
v 0.06650000 0.01096429 0.00196804
v 0.06650000 0.01101326 0.00196650
v 0.06650000 0.01106209 0.00196256
v 0.06650000 0.02461925 -0.00499876
v 0.06650000 0.01946956 0.00326746
v 0.06650000 0.01943390 0.00330230
v 0.06650000 0.01940002 0.00333886
v 0.06650000 0.01950691 0.00323445
v 0.06650000 0.01936801 0.00337707
v 0.06650000 0.01954585 0.00320335
v 0.06650000 0.01933794 0.00341682
v 0.06650000 0.01958630 0.00317422
v 0.06650000 0.01930989 0.00345803
v 0.06650000 0.01928393 0.00350058
v 0.06650000 0.01926012 0.00354437
v 0.06650000 0.01923852 0.00358929
v 0.06650000 0.01921919 0.00363523
v 0.06650000 0.01920217 0.00368208
v 0.06650000 0.01918750 0.00372972
v 0.06650000 0.01917523 0.00377803
v 0.06650000 0.01916538 0.00382690
v 0.06650000 0.01915798 0.00387619
v 0.06650000 0.01915304 0.00392579
v 0.06650000 0.01915059 0.00397558
v 0.06650000 0.01915061 0.00402542
v 0.06650000 0.01915312 0.00407520
v 0.06650000 0.01915811 0.00412480
v 0.06650000 0.01916556 0.00417408
v 0.06650000 0.01917545 0.00422294
v 0.06650000 0.01918777 0.00427124
v 0.06650000 0.01920249 0.00431886
v 0.06650000 0.01921955 0.00436569
v 0.06650000 0.01923893 0.00441162
v 0.06650000 0.01926057 0.00445652
v 0.06650000 0.01928443 0.00450029
v 0.06650000 0.01931043 0.00454281
v 0.06650000 0.01933852 0.00458399
v 0.06650000 0.01125375 0.00192312
v 0.06650000 0.01936863 0.00462371
v 0.06650000 0.01120662 0.00193649
v 0.06650000 0.01940068 0.00466189
v 0.06650000 0.01115889 0.00194754
v 0.06650000 0.01943460 0.00469842
v 0.06650000 0.01111068 0.00195624
v 0.06650000 0.01947029 0.00473321
v 0.06650000 0.01950767 0.00476619
v 0.06650000 0.01954665 0.00479726
v 0.06650000 0.01958712 0.00482635
v 0.06650000 0.01962900 0.00485338
v 0.06650000 0.01967217 0.00487830
v 0.06650000 0.01971653 0.00490103
v 0.06650000 0.01976197 0.00492153
v 0.06650000 0.01980837 0.00493973
v 0.06650000 0.01985562 0.00495560
v 0.06650000 0.01990361 0.00496910
v 0.06650000 0.01995220 0.00498019
v 0.06650000 0.02000129 0.00498884
v 0.06650000 0.02005075 0.00499503
v 0.06650000 0.02010046 0.00499876
v 0.06650000 0.02513341 -0.00317422
v 0.06650000 0.02509156 -0.00314714
v 0.06650000 0.02517386 -0.00320335
v 0.06650000 0.02521281 -0.00323445
v 0.06650000 0.02525015 -0.00326746
v 0.06650000 0.02528581 -0.00330230
v 0.06650000 0.02531969 -0.00333886
v 0.06650000 0.02535170 -0.00337707
v 0.06650000 0.02538177 -0.00341682
v 0.06650000 0.02540982 -0.00345803
v 0.06650000 0.02543578 -0.00350058
v 0.06650000 0.02545959 -0.00354437
v 0.06650000 0.02548119 -0.00358929
v 0.06650000 0.02550052 -0.00363523
v 0.06650000 0.02551754 -0.00368208
v 0.06650000 0.02553221 -0.00372972
v 0.06650000 0.02554448 -0.00377803
v 0.06650000 0.02555433 -0.00382690
v 0.06650000 0.02556173 -0.00387619
v 0.06650000 0.02556667 -0.00392579
v 0.06650000 0.02556913 -0.00397558
v 0.06650000 0.02556910 -0.00402542
v 0.06650000 0.02556659 -0.00407520
v 0.06650000 0.02556161 -0.00412480
v 0.06650000 0.02555416 -0.00417408
v 0.06650000 0.02554426 -0.00422294
v 0.06650000 0.02553194 -0.00427124
v 0.06650000 0.02551723 -0.00431886
v 0.06650000 0.02550016 -0.00436569
v 0.06650000 0.02548078 -0.00441162
v 0.06650000 0.02545914 -0.00445652
v 0.06650000 0.02543528 -0.00450029
v 0.06650000 0.02540928 -0.00454281
v 0.06650000 0.02538119 -0.00458399
v 0.06650000 0.02535108 -0.00462371
v 0.06650000 0.02531903 -0.00466189
v 0.06650000 0.02528511 -0.00469842
v 0.06650000 0.02524942 -0.00473321
v 0.06650000 0.02521204 -0.00476619
v 0.06650000 0.03576398 -0.00276178
v 0.06650000 0.02517306 -0.00479726
v 0.06650000 0.03581209 -0.00277536
v 0.06650000 0.02513259 -0.00482635
v 0.06650000 0.03586081 -0.00278651
v 0.06650000 0.02509071 -0.00485338
v 0.06650000 0.03591004 -0.00279521
v 0.06650000 0.02504754 -0.00487830
v 0.06650000 0.03595964 -0.00280144
v 0.06650000 0.02500318 -0.00490103
v 0.06650000 0.03600949 -0.00280519
v 0.06650000 0.02495774 -0.00492153
v 0.06650000 0.03605946 -0.00280644
v 0.06650000 0.04686949 -0.00473321
v 0.06650000 0.04683380 -0.00469842
v 0.06650000 0.04679989 -0.00466189
v 0.06650000 0.03635494 -0.00276178
v 0.06650000 0.04690687 -0.00476619
v 0.06650000 0.04676784 -0.00462371
v 0.06650000 0.03630683 -0.00277536
v 0.06650000 0.04694585 -0.00479726
v 0.06650000 0.04673773 -0.00458399
v 0.06650000 0.03625810 -0.00278651
v 0.06650000 0.04698633 -0.00482635
v 0.06650000 0.04670964 -0.00454281
v 0.06650000 0.03620888 -0.00279521
v 0.06650000 0.04702820 -0.00485338
v 0.06650000 0.04668363 -0.00450029
v 0.06650000 0.04707138 -0.00487830
v 0.06650000 0.03615928 -0.00280144
v 0.06650000 0.04665978 -0.00445652
v 0.06650000 0.03610943 -0.00280519
v 0.06650000 0.04711574 -0.00490103
v 0.06650000 0.04663813 -0.00441162
v 0.06650000 0.04716117 -0.00492153
v 0.06650000 0.04661876 -0.00436569
v 0.06650000 0.02491134 -0.00493973
v 0.06650000 0.04720757 -0.00493973
v 0.06650000 0.04660169 -0.00431886
v 0.06650000 0.04725483 -0.00495560
v 0.06650000 0.02486409 -0.00495560
v 0.06650000 0.04658698 -0.00427124
v 0.06650000 0.04730281 -0.00496910
v 0.06650000 0.02481611 -0.00496910
v 0.06650000 0.04657466 -0.00422294
v 0.06650000 0.04735141 -0.00498019
v 0.06650000 0.02476751 -0.00498019
v 0.06650000 0.02471842 -0.00498884
v 0.06650000 0.04656476 -0.00417408
v 0.06650000 0.04740050 -0.00498884
v 0.06650000 0.02466896 -0.00499503
v 0.06650000 0.04655731 -0.00412480
v 0.06650000 0.04744995 -0.00499503
v 0.06650000 0.04655232 -0.00407520
v 0.06650000 0.04654981 -0.00402542
v 0.06650000 0.04654979 -0.00397558
v 0.06650000 0.04655225 -0.00392579
v 0.06650000 0.04655718 -0.00387619
v 0.06650000 0.04656459 -0.00382690
v 0.06650000 0.04657444 -0.00377803
v 0.06650000 0.04658671 -0.00372972
v 0.06650000 0.04660137 -0.00368208
v 0.06650000 0.04661839 -0.00363523
v 0.06650000 0.04663772 -0.00358929
v 0.06650000 0.04665932 -0.00354437
v 0.06650000 0.04668313 -0.00350058
v 0.06650000 0.04670910 -0.00345803
v 0.06650000 0.04673715 -0.00341682
v 0.06650000 0.04676722 -0.00337707
v 0.06650000 0.04679923 -0.00333886
v 0.06650000 0.04683310 -0.00330230
v 0.06650000 0.04686876 -0.00326746
v 0.06650000 0.04690611 -0.00323445
v 0.06650000 0.04694506 -0.00320335
v 0.06650000 0.04698550 -0.00317422
v 0.06650000 0.04702735 -0.00314714
v 0.06650000 0.05289973 0.00363523
v 0.06650000 0.05291675 0.00368208
v 0.06650000 0.05288039 0.00358929
v 0.06650000 0.05285880 0.00354437
v 0.06650000 0.05283499 0.00350058
v 0.06650000 0.05280902 0.00345803
v 0.06650000 0.05278097 0.00341682
v 0.06650000 0.05275090 0.00337707
v 0.06650000 0.05271889 0.00333886
v 0.06650000 0.05268501 0.00330230
v 0.06650000 0.05264936 0.00326746
v 0.06650000 0.05261201 0.00323445
v 0.06650000 0.05257306 0.00320335
v 0.06650000 0.05253261 0.00317422
v 0.06650000 0.05249077 0.00314714
v 0.06650000 0.05264863 0.00473321
v 0.06650000 0.05261125 0.00476619
v 0.06650000 0.05268432 0.00469842
v 0.06650000 0.05271823 0.00466189
v 0.06650000 0.05275028 0.00462371
v 0.06650000 0.05278039 0.00458399
v 0.06650000 0.05280848 0.00454281
v 0.06650000 0.05283449 0.00450029
v 0.06650000 0.05285834 0.00445652
v 0.06650000 0.05287998 0.00441162
v 0.06650000 0.05289936 0.00436569
v 0.06650000 0.05291643 0.00431886
v 0.06650000 0.05293114 0.00427124
v 0.06650000 0.05294346 0.00422294
v 0.06650000 0.05295336 0.00417408
v 0.06650000 0.05296081 0.00412480
v 0.06650000 0.05296580 0.00407520
v 0.06650000 0.05296830 0.00402542
v 0.06650000 0.05296833 0.00397558
v 0.06650000 0.05296587 0.00392579
v 0.06650000 0.05296093 0.00387619
v 0.06650000 0.05295353 0.00382690
v 0.06650000 0.05294368 0.00377803
v 0.06650000 0.05293141 0.00372972
v 0.06650000 0.06316318 0.00276178
v 0.06650000 0.05257227 0.00479726
v 0.06650000 0.06321129 0.00277536
v 0.06650000 0.05253179 0.00482635
v 0.06650000 0.06326002 0.00278651
v 0.06650000 0.05248991 0.00485338
v 0.06650000 0.06330924 0.00279521
v 0.06650000 0.05244674 0.00487830
v 0.06650000 0.06335884 0.00280144
v 0.06650000 0.05240238 0.00490103
v 0.06650000 0.06340869 0.00280519
v 0.06650000 0.05235695 0.00492153
v 0.06650000 0.07426796 0.00326746
v 0.06650000 0.07423231 0.00330230
v 0.06650000 0.07419843 0.00333886
v 0.06650000 0.07430531 0.00323445
v 0.06650000 0.07416642 0.00337707
v 0.06650000 0.07434426 0.00320335
v 0.06650000 0.07413635 0.00341682
v 0.06650000 0.07438471 0.00317422
v 0.06650000 0.07410830 0.00345803
v 0.06650000 0.07442656 0.00314714
v 0.06650000 0.07408234 0.00350058
v 0.06650000 0.07405853 0.00354437
v 0.06650000 0.07403693 0.00358929
v 0.06650000 0.07401759 0.00363523
v 0.06650000 0.07400058 0.00368208
v 0.06650000 0.07398591 0.00372972
v 0.06650000 0.07397364 0.00377803
v 0.06650000 0.07396379 0.00382690
v 0.06650000 0.07395639 0.00387619
v 0.06650000 0.07395145 0.00392579
v 0.06650000 0.07394899 0.00397558
v 0.06650000 0.07394902 0.00402542
v 0.06650000 0.07395153 0.00407520
v 0.06650000 0.07395651 0.00412480
v 0.06650000 0.07396396 0.00417408
v 0.06650000 0.07397386 0.00422294
v 0.06650000 0.07398618 0.00427124
v 0.06650000 0.07400089 0.00431886
v 0.06650000 0.07401796 0.00436569
v 0.06650000 0.07403734 0.00441162
v 0.06650000 0.07405898 0.00445652
v 0.06650000 0.07408283 0.00450029
v 0.06650000 0.07410884 0.00454281
v 0.06650000 0.07413693 0.00458399
v 0.06650000 0.07416704 0.00462371
v 0.06650000 0.07419909 0.00466189
v 0.06650000 0.07423300 0.00469842
v 0.06650000 0.07426870 0.00473321
v 0.06650000 0.07430608 0.00476619
v 0.06650000 0.07434505 0.00479726
v 0.06650000 0.07438553 0.00482635
v 0.06650000 0.07442741 0.00485338
v 0.06650000 0.07447058 0.00487830
v 0.06650000 0.07451494 0.00490103
v 0.06650000 0.07456038 0.00492153
v 0.06650000 0.05231054 0.00493973
v 0.06650000 0.07460678 0.00493973
v 0.06650000 0.07465403 0.00495560
v 0.06650000 0.05226329 0.00495560
v 0.06650000 0.05221531 0.00496910
v 0.06650000 0.07470201 0.00496910
v 0.06650000 0.05216671 0.00498019
v 0.06650000 0.07475061 0.00498019
v 0.06650000 0.08025754 -0.00445652
v 0.06650000 0.08027919 -0.00441162
v 0.06650000 0.08023369 -0.00450029
v 0.06650000 0.08020769 -0.00454281
v 0.06650000 0.08017959 -0.00458399
v 0.06650000 0.08014949 -0.00462371
v 0.06650000 0.08011743 -0.00466189
v 0.06650000 0.08008352 -0.00469842
v 0.06650000 0.08004783 -0.00473321
v 0.06650000 0.08001045 -0.00476619
v 0.06650000 0.07997147 -0.00479726
v 0.06650000 0.07993099 -0.00482635
v 0.06650000 0.07988912 -0.00485338
v 0.06650000 0.07984595 -0.00487830
v 0.06650000 0.07980159 -0.00490103
v 0.06650000 0.07975615 -0.00492153
v 0.06650000 0.07970975 -0.00493973
v 0.06650000 0.07966250 -0.00495560
v 0.06650000 0.07961451 -0.00496910
v 0.06650000 0.07956592 -0.00498019
v 0.06650000 0.08001121 -0.00323445
v 0.06650000 0.07997227 -0.00320335
v 0.06650000 0.08004856 -0.00326746
v 0.06650000 0.08008422 -0.00330230
v 0.06650000 0.08011809 -0.00333886
v 0.06650000 0.08015011 -0.00337707
v 0.06650000 0.08018018 -0.00341682
v 0.06650000 0.08020823 -0.00345803
v 0.06650000 0.08023419 -0.00350058
v 0.06650000 0.08025800 -0.00354437
v 0.06650000 0.08027960 -0.00358929
v 0.06650000 0.08029893 -0.00363523
v 0.06650000 0.08031595 -0.00368208
v 0.06650000 0.08033061 -0.00372972
v 0.06650000 0.08034289 -0.00377803
v 0.06650000 0.08035274 -0.00382690
v 0.06650000 0.08036014 -0.00387619
v 0.06650000 0.08036507 -0.00392579
v 0.06650000 0.08036753 -0.00397558
v 0.06650000 0.08036751 -0.00402542
v 0.06650000 0.08036500 -0.00407520
v 0.06650000 0.08036001 -0.00412480
v 0.06650000 0.08035256 -0.00417408
v 0.06650000 0.08034266 -0.00422294
v 0.06650000 0.08033034 -0.00427124
v 0.06650000 0.08031563 -0.00431886
v 0.06650000 0.08029857 -0.00436569
v 0.06650000 0.08874542 -0.00209864
v 0.06650000 0.08879353 -0.00211221
v 0.06650000 0.08884226 -0.00212336
v 0.06650000 0.08889148 -0.00213206
v 0.06650000 0.08894108 -0.00213830
v 0.06650000 0.08899093 -0.00214204
v 0.06650000 0.09049480 -0.01001225
v 0.06650000 0.09098839 -0.01004897
v 0.06650000 0.09147955 -0.01011006
v 0.06650000 0.09196709 -0.01019538
v 0.06650000 0.09244981 -0.01030472
v 0.06650000 0.09292653 -0.01043781
v 0.06650000 0.09339608 -0.01059433
v 0.06650000 0.09385732 -0.01077389
v 0.06650000 0.09048745 0.00379800
v 0.06650000 0.09049621 0.00384650
v 0.06650000 0.09050258 0.00389536
v 0.06650000 0.09050652 0.00394448
v 0.06650000 0.09050805 0.00399374
v 0.06650000 0.09050714 0.00404301
v 0.06650000 0.09050381 0.00409217
v 0.06650000 0.09049806 0.00414111
v 0.06650000 0.09048991 0.00418971
v 0.06650000 0.09047937 0.00423785
v 0.06650000 0.09046647 0.00428541
v 0.06650000 0.09045125 0.00433228
v 0.06650000 0.09043373 0.00437834
v 0.06650000 0.07479970 0.00498884
v 0.06650000 0.07484916 0.00499503
v 0.06650000 0.07489886 0.00499876
v 0.06650000 0.08955733 0.00499879
v 0.06650000 0.08960647 0.00499515
v 0.06650000 0.08965538 0.00498909
v 0.06650000 0.08970392 0.00498063
v 0.06650000 0.08975200 0.00496979
v 0.06650000 0.05211762 0.00498884
v 0.06650000 0.05206816 0.00499503
v 0.06650000 0.09049480 0.01001225
v 0.06650000 0.08979948 0.00495660
v 0.06650000 0.08984625 0.00494108
v 0.06650000 0.08989220 0.00492328
v 0.06650000 0.08993721 0.00490323
v 0.06650000 0.09098839 0.01004897
v 0.06650000 0.08998119 0.00488100
v 0.06650000 0.09002402 0.00485662
v 0.06650000 0.09006559 0.00483016
v 0.06650000 0.09010581 0.00480169
v 0.06650000 0.09147955 0.01011006
v 0.06650000 0.09014458 0.00477127
v 0.06650000 0.09018180 0.00473898
v 0.06650000 0.09021738 0.00470489
v 0.06650000 0.09196709 0.01019538
v 0.06650000 0.09025125 0.00466909
v 0.06650000 0.09028331 0.00463167
v 0.06650000 0.09244981 0.01030472
v 0.06650000 0.09031348 0.00459271
v 0.06650000 0.09034171 0.00455231
v 0.06650000 0.09036790 0.00451057
v 0.06650000 0.09292653 0.01043781
v 0.06650000 0.09039201 0.00446759
v 0.06650000 0.09041397 0.00442348
v 0.06650000 0.09339608 0.01059433
v 0.06650000 0.09385732 0.01077389
v 0.06650000 0.09449335 0.01106324
v 0.06650000 0.09535464 0.01155111
v 0.06650000 0.04749966 -0.00499876
v 0.06650000 0.05201846 0.00499876
v 0.06650000 0.07975707 -0.00307886
v 0.06650000 0.07980248 -0.00309940
v 0.06650000 0.07984682 -0.00312218
v 0.06650000 0.07988997 -0.00314714
v 0.06650000 0.07993182 -0.00317422
v 0.06650000 0.07455946 0.00307886
v 0.06650000 0.07451404 0.00309940
v 0.06650000 0.07446970 0.00312218
v 0.06650000 0.05235786 0.00307886
v 0.06650000 0.05240328 0.00309940
v 0.06650000 0.05244762 0.00312218
v 0.06650000 0.04716025 -0.00307886
v 0.06650000 0.04711484 -0.00309940
v 0.06650000 0.04707050 -0.00312218
v 0.06650000 0.02495866 -0.00307886
v 0.06650000 0.02500408 -0.00309940
v 0.06650000 0.02504841 -0.00312218
v 0.06650000 0.01976105 0.00307886
v 0.06650000 0.01971563 0.00309940
v 0.06650000 0.01967130 0.00312218
v 0.06650000 0.01962815 0.00314714
v 0.06825000 0.10546241 -0.00306791
v 0.06821875 0.10588629 -0.00297254
v 0.06826923 0.10647265 -0.00273584
v 0.06823684 0.10693542 -0.00242694
v 0.06800000 0.10710854 -0.00227246
v 0.06825000 0.10727317 -0.00210919
v 0.06837500 0.10711076 -0.00168365
v 0.06823077 0.10756213 -0.00174684
v 0.06825000 0.10776088 -0.00141543
v 0.06828571 0.10796315 -0.00092592
v 0.06819231 0.10805671 -0.00053111
v 0.06825000 0.10810160 -0.00007736
v 0.06825000 0.10809133 0.00023166
v 0.06825000 0.10807594 0.00038547
v 0.06829545 0.10570189 0.00302406
v 0.06825000 0.10805290 0.00053831
v 0.06822727 0.10800508 0.00076517
v 0.06822727 0.10613291 0.00288660
v 0.06826923 0.10791395 0.00106059
v 0.06825000 0.10641469 0.00275946
v 0.06825000 0.10779387 0.00134547
v 0.06825000 0.10768468 0.00155000
v 0.06825000 0.10681242 0.00252091
v 0.06825000 0.10751909 0.00181111
v 0.06800000 0.10710854 0.00227246
v 0.06832143 0.10722639 0.00216073
v 0.07050000 0.10648882 -0.00885285
v 0.07079412 0.10740929 -0.00998420
v 0.07070833 0.10760530 -0.01088917
v 0.07079412 0.10725575 -0.01230587
v 0.07089286 0.10680036 -0.01288690
v 0.07050000 0.10605721 -0.01339379
v 0.07084483 0.09505946 0.00238393
v 0.07085714 0.09601943 0.00164022
v 0.07112500 0.09621215 0.00137166
v 0.07090000 0.09648443 0.00080382
v 0.07112500 0.09655690 -0.00048927
v 0.07071739 0.09644864 -0.00089288
v 0.07050000 0.09585600 -0.00183905
v 0.07050000 0.09505721 -0.00239379
v 0.07095000 0.10646766 0.01315266
v 0.07075000 0.10702630 0.01263855
v 0.07105556 0.10744511 0.01190515
v 0.07097619 0.10758528 0.01067669
v 0.07050000 0.10617521 0.00866188
v 0.07050000 0.10543405 0.00843248
v 0.07085714 0.11669066 0.00251546
v 0.07073529 0.11731711 0.00224515
v 0.07087500 0.11846612 0.00084193
v 0.07088889 0.11859173 -0.00024975
v 0.07097826 0.11850502 -0.00071796
v 0.07050000 0.11815031 -0.00149134
v 0.06850000 0.10588904 -0.00244328
v 0.06821429 0.10530120 0.00308786
v 0.06830000 -0.00021943 0.00198793
v 0.06470000 -0.00031825 0.00197452
v 0.06470000 -0.00021943 0.00198793
v 0.06830000 -0.00012007 0.00199639
v 0.06470000 -0.00012007 0.00199639
v 0.06830000 -0.00002041 0.00199990
v 0.06470000 -0.00002041 0.00199990
v 0.06830000 0.00007930 0.00199843
v 0.06470000 0.00007930 0.00199843
v 0.06830000 0.00017882 0.00199199
v 0.06470000 0.00017882 0.00199199
v 0.06830000 0.00027789 0.00198060
v 0.06470000 0.00027789 0.00198060
v 0.06830000 0.00037627 0.00196429
v 0.06470000 0.00037627 0.00196429
v 0.06830000 0.00047371 0.00194309
v 0.06470000 0.00047371 0.00194309
v 0.06830000 0.00056998 0.00191706
v 0.06470000 0.00056998 0.00191706
v 0.06830000 0.00066483 0.00188627
v 0.06470000 0.00075802 0.00185078
v 0.06830000 0.00075802 0.00185078
v 0.06470000 0.00084934 0.00181070
v 0.06830000 0.00093854 0.00176611
v 0.06470000 0.00093854 0.00176611
v 0.06830000 0.00102540 0.00171713
v 0.06470000 0.00102540 0.00171713
v 0.06830000 0.00110972 0.00166389
v 0.06648020 0.00108397 0.00161132
v 0.06470000 0.00126987 0.00154513
v 0.06830000 0.00134531 0.00147991
v 0.06470000 0.00134531 0.00147991
v 0.06830000 0.00141741 0.00141101
v 0.06470000 0.00141741 0.00141101
v 0.06830000 0.00148598 0.00133860
v 0.06470000 0.00148598 0.00133860
v 0.06830000 0.00155086 0.00126287
v 0.06470000 0.00155086 0.00126287
v 0.06830000 0.00161188 0.00118400
v 0.06470000 0.00166889 0.00110218
v 0.06830000 0.00172176 0.00101762
v 0.06470000 0.00172176 0.00101762
v 0.06830000 0.00177034 0.00093053
v 0.06470000 0.00177034 0.00093053
v 0.06830000 0.00181452 0.00084113
v 0.06470000 0.00181452 0.00084113
v 0.06830000 0.00185419 0.00074964
v 0.06470000 0.00185419 0.00074964
v 0.06830000 0.00188926 0.00065629
v 0.06470000 0.00188926 0.00065629
v 0.06830000 0.00191962 0.00056130
v 0.06470000 0.00191962 0.00056130
v 0.06830000 0.00194521 0.00046492
v 0.06470000 0.00194521 0.00046492
v 0.06830000 0.00196597 0.00036738
v 0.06470000 0.00198184 0.00026892
v 0.06830000 0.00199278 0.00016980
v 0.06470000 0.00199278 0.00016980
v 0.06830000 0.00199877 0.00007026
v 0.06470000 0.00199877 0.00007026
v 0.06830000 0.00199978 -0.00002946
v 0.06470000 0.00199583 -0.00012910
v 0.06830000 0.00198691 -0.00022842
v 0.06650000 0.00192241 -0.00031878
v 0.06470000 0.00195430 -0.00042512
v 0.06830000 0.00193068 -0.00052201
v 0.06470000 0.00193068 -0.00052201
v 0.06830000 0.00190226 -0.00061759
v 0.06470000 0.00190226 -0.00061759
v 0.06830000 0.00186911 -0.00071165
v 0.06470000 0.00186911 -0.00071165
v 0.06830000 0.00183131 -0.00080393
v 0.06470000 0.00183131 -0.00080393
v 0.06830000 0.00178896 -0.00089421
v 0.06470000 0.00178896 -0.00089421
v 0.06830000 0.00174216 -0.00098227
v 0.06470000 0.00174216 -0.00098227
v 0.06830000 0.00169104 -0.00106789
v 0.06470000 0.00169104 -0.00106789
v 0.06830000 0.00163570 -0.00115086
v 0.06470000 0.00163570 -0.00115086
v 0.06830000 0.00157631 -0.00123096
v 0.06833318 0.00152676 -0.00129769
v 0.06654049 0.00145294 -0.00130301
v 0.06830000 0.00097438 -0.00174659
v 0.06470000 0.00088611 -0.00179299
v 0.06830000 0.00079563 -0.00183493
v 0.06470000 0.00079563 -0.00183493
v 0.06830000 0.00070318 -0.00187231
v 0.06832896 0.00062370 -0.00190370
v 0.06676610 0.00059313 -0.00186240
v 0.06470000 0.00031825 -0.00197452
v 0.06470000 0.00021943 -0.00198793
v 0.06470000 0.00012007 -0.00199639
v 0.06470000 0.00002041 -0.00199990
v 0.06450138 0.00045773 -0.00212732
v 0.06460139 -0.00007959 -0.00202766
v 0.06470000 -0.00007930 -0.00199843
v 0.06462287 0.00017810 -0.00200628
v 0.06450887 0.00017603 -0.00212504
v 0.06465201 -0.00022798 -0.00199548
v 0.06470000 -0.00017882 -0.00199199
v 0.06450072 0.00008648 -0.00217855
v 0.06470000 -0.00027789 -0.00198060
v 0.06470000 -0.00037627 -0.00196429
v 0.06455829 -0.00013056 -0.00205464
v 0.06450715 -0.00003338 -0.00213779
v 0.06455016 0.00006512 -0.00206790
v 0.06470000 -0.00047371 -0.00194309
v 0.06465293 -0.00060394 -0.00191371
v 0.06450276 -0.00027381 -0.00214563
v 0.06453051 -0.00034835 -0.00206342
v 0.06470000 -0.00056998 -0.00191706
v 0.06457870 -0.00053634 -0.00196752
v 0.06456085 -0.00043404 -0.00200797
v 0.06470000 -0.00075802 -0.00185078
v 0.06470000 -0.00084934 -0.00181070
v 0.06451949 -0.00056080 -0.00203477
v 0.06458642 -0.00083792 -0.00185757
v 0.06470000 -0.00093854 -0.00176611
v 0.06453237 -0.00078772 -0.00192851
v 0.06462591 -0.00077468 -0.00186058
v 0.06463671 -0.00092433 -0.00178553
v 0.06470000 -0.00102540 -0.00171713
v 0.06450127 -0.00063044 -0.00208970
v 0.06451353 -0.00106947 -0.00182714
v 0.06470000 -0.00110972 -0.00166389
v 0.06450169 -0.00104498 -0.00190230
v 0.06470000 -0.00119128 -0.00160650
v 0.06464733 -0.00115208 -0.00164288
v 0.06470000 -0.00126987 -0.00154513
v 0.06458540 -0.00120775 -0.00163984
v 0.06452807 -0.00119385 -0.00171945
v 0.06450179 -0.00121938 -0.00178895
v 0.06464843 -0.00129269 -0.00153303
v 0.06470000 -0.00141741 -0.00141101
v 0.06466386 -0.00148794 -0.00134374
v 0.06458851 -0.00137141 -0.00149666
v 0.06470000 -0.00148598 -0.00133860
v 0.06451861 -0.00138355 -0.00159978
v 0.06456023 -0.00149460 -0.00140965
v 0.06470000 -0.00155086 -0.00126287
v 0.06450411 -0.00141973 -0.00162367
v 0.06459049 -0.00156048 -0.00129725
v 0.06451501 -0.00161526 -0.00137626
v 0.06470000 -0.00161188 -0.00118400
v 0.06470000 -0.00166889 -0.00110218
v 0.06450641 -0.00182109 -0.00112773
v 0.06470000 -0.00172176 -0.00101762
v 0.06462199 -0.00169048 -0.00109493
v 0.06450086 -0.00170857 -0.00135765
v 0.06470000 -0.00177034 -0.00093053
v 0.06470000 -0.00181452 -0.00084113
v 0.06457699 -0.00171445 -0.00109960
v 0.06450814 -0.00175669 -0.00122945
v 0.06464248 -0.00188439 -0.00069626
v 0.06470000 -0.00185419 -0.00074964
v 0.06459635 -0.00181484 -0.00090300
v 0.06450000 -0.00201923 -0.00087555
v 0.06470000 -0.00188926 -0.00065629
v 0.06470000 -0.00191962 -0.00056130
v 0.06451983 -0.00186058 -0.00100021
v 0.06450276 -0.00195620 -0.00091160
v 0.06470000 -0.00194521 -0.00046492
v 0.06457266 -0.00192339 -0.00070059
v 0.06451399 -0.00195968 -0.00080447
v 0.06466660 -0.00199953 -0.00020100
v 0.06470000 -0.00196597 -0.00036738
v 0.06450814 -0.00203266 -0.00062825
v 0.06470000 -0.00198184 -0.00026892
v 0.06450220 -0.00210160 -0.00052353
v 0.06450534 -0.00209251 -0.00046206
v 0.06470000 -0.00199278 -0.00016980
v 0.06455477 -0.00201283 -0.00042614
v 0.06470000 -0.00199877 -0.00007026
v 0.06470000 -0.00199978 0.00002946
v 0.06463007 -0.00200899 -0.00012214
v 0.06453825 -0.00206275 -0.00025974
v 0.06462318 -0.00198897 -0.00034989
v 0.06467492 -0.00199069 0.00022289
v 0.06450795 -0.00214104 -0.00012444
v 0.06450083 -0.00217387 -0.00018025
v 0.06453797 -0.00208090 -0.00006392
v 0.06470000 -0.00198691 0.00022842
v 0.06460782 -0.00201623 0.00014592
v 0.06470000 -0.00197306 0.00032718
v 0.06451554 -0.00211158 0.00019089
v 0.06470000 -0.00195430 0.00042512
v 0.06470000 -0.00193068 0.00052201
v 0.06460364 -0.00199140 0.00036482
v 0.06454335 -0.00206895 0.00016782
v 0.06450164 -0.00214798 0.00029459
v 0.06462977 -0.00195150 0.00049291
v 0.06463809 -0.00184129 0.00080886
v 0.06470000 -0.00190226 0.00061759
v 0.06451068 -0.00208073 0.00045263
v 0.06454333 -0.00203253 0.00041016
v 0.06470000 -0.00186911 0.00071165
v 0.06450177 -0.00207668 0.00061953
v 0.06470000 -0.00183131 0.00080393
v 0.06455708 -0.00193358 0.00070320
v 0.06470000 -0.00178896 0.00089421
v 0.06452680 -0.00198556 0.00066910
v 0.06470000 -0.00174216 0.00098227
v 0.06470000 -0.00169104 0.00106789
v 0.06450810 -0.00196285 0.00086167
v 0.06465950 -0.00163158 0.00117518
v 0.06459810 -0.00187439 0.00076780
v 0.06470000 -0.00163570 0.00115086
v 0.06452247 -0.00185904 0.00099128
v 0.06457035 -0.00177495 0.00101922
v 0.06450089 -0.00196150 0.00095996
v 0.06461962 -0.00165526 0.00115240
v 0.06470000 -0.00157631 0.00123096
v 0.06456688 -0.00170058 0.00114474
v 0.06470000 -0.00151299 0.00130800
v 0.06454511 -0.00163128 0.00127238
v 0.06459485 -0.00150478 0.00135699
v 0.06470000 -0.00144591 0.00138179
v 0.06465197 -0.00130558 0.00152324
v 0.06450297 -0.00175262 0.00126194
v 0.06470000 -0.00130114 0.00151889
v 0.06452033 -0.00151727 0.00146530
v 0.06454885 -0.00142270 0.00150227
v 0.06453175 -0.00143841 0.00151885
v 0.06467492 -0.00115009 0.00164006
v 0.06450075 -0.00156538 0.00151926
v 0.06456484 -0.00132436 0.00156515
v 0.06460237 -0.00118170 0.00164506
v 0.06470000 -0.00114344 0.00164090
v 0.06470000 -0.00106023 0.00169585
v 0.06451225 -0.00133972 0.00165662
v 0.06464365 -0.00106452 0.00170272
v 0.06450154 -0.00132039 0.00172435
v 0.06470000 -0.00097438 0.00174659
v 0.06464133 -0.00085065 0.00181995
v 0.06460499 -0.00094520 0.00178763
v 0.06451455 -0.00122394 0.00173554
v 0.06454765 -0.00116616 0.00171230
v 0.06470000 -0.00079563 0.00183493
v 0.06450098 -0.00116592 0.00184145
v 0.06470000 -0.00070318 0.00187231
v 0.06450544 -0.00093697 0.00193612
v 0.06454750 -0.00077817 0.00191736
v 0.06452734 -0.00087262 0.00190607
v 0.06470000 -0.00060898 0.00190503
v 0.06450055 -0.00093528 0.00197374
v 0.06470000 -0.00051327 0.00193302
v 0.06453332 -0.00058825 0.00199937
v 0.06459187 -0.00052141 0.00196370
v 0.06464509 -0.00034833 0.00197777
v 0.06450386 -0.00069302 0.00203787
v 0.06456175 -0.00037996 0.00202023
v 0.06450107 -0.00060820 0.00209120
v 0.06453919 -0.00032338 0.00205655
v 0.06463043 0.00023809 -0.00279422
v 0.06462500 -0.00015318 -0.00385946
v 0.06462500 -0.00038937 -0.00277514
v 0.06461364 -0.00073104 -0.00270379
v 0.06463462 -0.00099661 -0.00261756
v 0.06462500 -0.00131504 -0.00247460
v 0.06461765 -0.00166917 -0.00225097
v 0.06465909 -0.00191902 -0.00203967
v 0.06459375 -0.00204833 -0.00190977
v 0.06465000 -0.00220159 -0.00173087
v 0.06456250 -0.00231009 -0.00158315
v 0.06462500 -0.00241046 -0.00142467
v 0.06466667 -0.00247848 -0.00130275
v 0.06461458 -0.00262530 -0.00098598
v 0.06464286 -0.00272330 -0.00065088
v 0.06462500 -0.00275236 -0.00051433
v 0.06461538 -0.00278396 -0.00030730
v 0.06460000 -0.00280007 -0.00005041
v 0.06462500 -0.00279809 0.00011104
v 0.06452564 -0.00272377 0.00066927
v 0.06462500 -0.00269976 0.00074835
v 0.06469231 -0.00261251 0.00101195
v 0.06460000 -0.00249479 0.00127505
v 0.06456250 -0.00234192 0.00153568
v 0.06469444 -0.00223645 0.00168559
v 0.06462500 -0.00207252 0.00188403
v 0.06462500 -0.00187463 0.00208102
v 0.06458929 -0.00160934 0.00229390
v 0.06465000 -0.00140780 0.00242115
v 0.06469444 -0.00119758 0.00253154
v 0.06460714 -0.00089281 0.00265744
v 0.06462500 -0.00058279 0.00273868
v 0.06462500 0.00068770 0.00490145
v 0.06462500 0.00198275 0.00451660
v 0.06453011 0.00318380 0.00380879
v 0.06462069 0.00366832 0.00330450
v 0.06468182 0.00473550 0.00137116
v 0.06462500 0.00486376 0.00078393
v 0.06449354 0.00494822 0.00046525
v 0.06464286 0.00485659 -0.00097628
v 0.06461029 0.00398626 -0.00291982
v 0.06462857 0.00305119 -0.00388990
v 0.06462778 0.00159908 -0.00468998
v 0.06450563 -0.00049022 0.00584461
v 0.06454826 0.00056381 -0.00591455
v 0.06467773 0.00099515 -0.00591921
v 0.06450690 -0.00000038 -0.00587099
v 0.06462758 0.00027050 -0.00599200
v 0.06458384 -0.00015911 -0.00596954
v 0.06450238 -0.00052636 -0.00582012
v 0.06466403 -0.00068019 -0.00596531
v 0.06451782 -0.00106593 -0.00580047
v 0.06454042 -0.00083492 -0.00588159
v 0.06467836 -0.00097751 -0.00591954
v 0.06450122 -0.00154833 -0.00562464
v 0.06452533 -0.00153404 -0.00570410
v 0.06462022 -0.00144370 -0.00581495
v 0.06450436 -0.00177781 -0.00557716
v 0.06544362 -0.00117208 -0.00603593
v 0.06453475 -0.00216756 -0.00551164
v 0.06460271 -0.00237430 -0.00549244
v 0.06499642 -0.00204057 -0.00571787
v 0.06450208 -0.00270103 -0.00518276
v 0.06458132 -0.00269270 -0.00532031
v 0.06450173 -0.00297945 -0.00501576
v 0.06454621 -0.00283810 -0.00521416
v 0.06464921 -0.00330984 -0.00500345
v 0.06533807 -0.00334293 -0.00514430
v 0.06451378 -0.00328715 -0.00488624
v 0.06463285 -0.00358481 -0.00480676
v 0.06451242 -0.00373179 -0.00453240
v 0.06454331 -0.00390678 -0.00446350
v 0.06450210 -0.00389805 -0.00435388
v 0.06450168 -0.00416459 -0.00408464
v 0.06528083 -0.00415007 -0.00443270
v 0.06450581 -0.00438851 -0.00388566
v 0.06453186 -0.00428810 -0.00407083
v 0.06459057 -0.00408429 -0.00437747
v 0.06455584 -0.00471818 -0.00361476
v 0.06460285 -0.00444613 -0.00399938
v 0.06483927 -0.00473036 -0.00374409
v 0.06465737 -0.00482806 -0.00355537
v 0.06450608 -0.00482892 -0.00333322
v 0.06458500 -0.00492447 -0.00337574
v 0.06450188 -0.00493202 -0.00312232
v 0.06456408 -0.00521561 -0.00286391
v 0.06450068 -0.00516463 -0.00268176
v 0.06462664 -0.00523124 -0.00291754
v 0.06451855 -0.00523167 -0.00270906
v 0.06458615 -0.00550106 -0.00232018
v 0.06450082 -0.00547008 -0.00202101
v 0.06453153 -0.00560625 -0.00188868
v 0.06450986 -0.00563978 -0.00164449
v 0.06454934 -0.00578037 -0.00135967
v 0.06464653 -0.00574401 -0.00172792
v 0.06450520 -0.00577210 -0.00101503
v 0.06451666 -0.00584378 -0.00082249
v 0.06460273 -0.00582437 -0.00139441
v 0.06454045 -0.00591782 -0.00020154
v 0.06450090 -0.00582353 -0.00016939
v 0.06452018 -0.00589986 0.00016420
v 0.06467093 -0.00598674 -0.00052752
v 0.06450467 -0.00578287 0.00101983
v 0.06460503 -0.00599169 0.00009056
v 0.06463277 -0.00593573 0.00080862
v 0.06450141 -0.00572368 0.00113366
v 0.06461512 -0.00581326 0.00142161
v 0.06457922 -0.00588005 0.00110102
v 0.06450958 -0.00548757 0.00208221
v 0.06451762 -0.00568028 0.00160211
v 0.06457709 -0.00571265 0.00173124
v 0.06467836 -0.00575205 0.00170598
v 0.06452650 -0.00551556 0.00214990
v 0.06465380 -0.00547379 0.00245596
v 0.06450404 -0.00529356 0.00251471
v 0.06450043 -0.00509369 0.00281651
v 0.06455427 -0.00517563 0.00291883
v 0.06461938 -0.00527383 0.00285065
v 0.06450291 -0.00445907 0.00378005
v 0.06451792 -0.00482721 0.00340438
v 0.06454284 -0.00462663 0.00372712
v 0.06461945 -0.00480250 0.00358820
v 0.06456957 -0.00414211 0.00428686
v 0.06462978 -0.00422461 0.00424603
v 0.06452109 -0.00413143 0.00420478
v 0.06450358 -0.00362389 0.00460504
v 0.06463633 -0.00395381 0.00450756
v 0.06453551 -0.00357275 0.00471945
v 0.06457001 -0.00344018 0.00486692
v 0.06451412 -0.00330832 0.00486485
v 0.06450331 -0.00296423 0.00505469
v 0.06455818 -0.00289348 0.00518960
v 0.06462637 -0.00307570 0.00514419
v 0.06452165 -0.00265733 0.00527016
v 0.06450434 -0.00205293 0.00548670
v 0.06464226 -0.00240620 0.00549372
v 0.06450622 -0.00129766 0.00572330
v 0.06456656 -0.00193068 0.00563039
v 0.06465220 -0.00144612 0.00582061
v 0.06460275 -0.00197849 0.00565240
v 0.06455905 -0.00135423 0.00579560
v 0.06834670 0.00065093 -0.00596626
v 0.06528257 -0.00550830 -0.00275755
v 0.06500356 -0.00598693 0.00082646
v 0.06544067 -0.00372039 0.00482316
v 0.06687490 -0.00283248 0.00550843
v 0.06849924 0.00092001 -0.00575485
v 0.06845561 0.00061206 -0.00591302
v 0.06842198 -0.00029800 -0.00596470
v 0.06842226 0.00002940 -0.00596375
v 0.06849513 0.00023812 -0.00584737
v 0.06849610 -0.00024237 -0.00585310
v 0.06849843 -0.00092856 -0.00576062
v 0.06826110 -0.00068849 -0.00599337
v 0.06847819 -0.00118732 -0.00577503
v 0.06839856 -0.00219924 -0.00557392
v 0.06846050 -0.00118587 -0.00581294
v 0.06849204 -0.00182378 -0.00557532
v 0.06842341 -0.00144193 -0.00579339
v 0.06845442 -0.00211756 -0.00553961
v 0.06849891 -0.00203808 -0.00545669
v 0.06833120 -0.00242656 -0.00548764
v 0.06848569 -0.00231383 -0.00543055
v 0.06849778 -0.00276147 -0.00515074
v 0.06849814 -0.00294675 -0.00506186
v 0.06837740 -0.00309502 -0.00513169
v 0.06844476 -0.00362332 -0.00470726
v 0.06846057 -0.00333402 -0.00490407
v 0.06833836 -0.00367401 -0.00474229
v 0.06842630 -0.00396758 -0.00446377
v 0.06848147 -0.00383607 -0.00447340
v 0.06845495 -0.00320126 -0.00377133
v 0.06832008 -0.00424948 -0.00423462
v 0.06838815 -0.00419792 -0.00426862
v 0.06848219 -0.00428491 -0.00403637
v 0.06849857 -0.00415617 -0.00409210
v 0.06848631 -0.00466721 -0.00358507
v 0.06656202 -0.00536869 -0.00301544
v 0.06836681 -0.00463500 -0.00380554
v 0.06841611 -0.00468847 -0.00368947
v 0.06841112 -0.00502801 -0.00322167
v 0.06848652 -0.00499115 -0.00310678
v 0.06852556 -0.00372168 -0.00334904
v 0.06835635 -0.00515830 -0.00304874
v 0.06844661 -0.00525161 -0.00278640
v 0.06833657 -0.00531770 -0.00278133
v 0.06849869 -0.00519920 -0.00264691
v 0.06834509 -0.00557267 -0.00222650
v 0.06846429 -0.00552441 -0.00212695
v 0.06833370 -0.00571566 -0.00182312
v 0.06837048 -0.00561070 -0.00212429
v 0.06845363 -0.00571956 -0.00158155
v 0.06849550 -0.00541339 -0.00226936
v 0.06833216 -0.00583011 -0.00142777
v 0.06840813 -0.00580476 -0.00138737
v 0.06848233 -0.00575532 -0.00123711
v 0.06849782 -0.00573662 -0.00110363
v 0.06839945 -0.00592680 -0.00084441
v 0.06838304 -0.00597093 -0.00050272
v 0.06844010 -0.00595411 -0.00006360
v 0.06847997 -0.00588242 -0.00042621
v 0.06849907 -0.00581394 -0.00035493
v 0.06583717 -0.00616091 0.00017483
v 0.06838259 -0.00598243 0.00023908
v 0.06849801 -0.00584003 0.00004614
v 0.06834482 -0.00594551 0.00079163
v 0.06848874 -0.00587264 0.00021738
v 0.06849955 -0.00578934 0.00058598
v 0.06836916 -0.00586734 0.00123394
v 0.06849197 -0.00582693 0.00073400
v 0.06840997 -0.00578979 0.00146812
v 0.06569984 -0.00584202 0.00195309
v 0.06849782 -0.00568989 0.00132911
v 0.06837286 -0.00569361 0.00185674
v 0.06846898 -0.00581571 0.00116514
v 0.06846972 -0.00551795 0.00211656
v 0.06835005 -0.00550940 0.00237802
v 0.06843608 -0.00551081 0.00224275
v 0.06849380 -0.00540648 0.00225847
v 0.06849957 -0.00535797 0.00226879
v 0.06849923 -0.00515622 0.00270453
v 0.06844244 -0.00524855 0.00280245
v 0.06834297 -0.00513156 0.00310816
v 0.06838303 -0.00522501 0.00292442
v 0.06848779 -0.00501842 0.00305988
v 0.06838596 -0.00481464 0.00355314
v 0.06849757 -0.00507511 0.00289965
v 0.06546471 -0.00511762 0.00346502
v 0.06846825 -0.00465651 0.00363633
v 0.06849489 -0.00498868 0.00310905
v 0.06843861 -0.00468565 0.00367085
v 0.06834444 -0.00449740 0.00397071
v 0.06849785 -0.00426052 0.00400422
v 0.06849602 -0.00441864 0.00383187
v 0.06846148 -0.00419671 0.00417991
v 0.06834952 -0.00387859 0.00457705
v 0.06843334 -0.00404846 0.00437993
v 0.06849351 -0.00375323 0.00450390
v 0.06832846 -0.00342917 0.00492102
v 0.06842880 -0.00364002 0.00471740
v 0.06843776 -0.00331714 0.00494724
v 0.06849745 -0.00336781 0.00477867
v 0.06839612 -0.00291200 0.00521847
v 0.06834582 -0.00252862 0.00543937
v 0.06839452 -0.00283430 0.00527307
v 0.06846341 -0.00280778 0.00521236
v 0.06846816 -0.00222219 0.00548906
v 0.06839071 -0.00209399 0.00560832
v 0.06804730 -0.00111439 0.00596818
v 0.06845965 -0.00178264 0.00565971
v 0.06848935 -0.00196681 0.00552767
v 0.06849792 -0.00256975 0.00525548
v 0.06849929 -0.00151957 0.00561810
v 0.06836045 -0.00108604 0.00589289
v 0.06837582 -0.00116409 0.00588104
v 0.06846429 -0.00113534 0.00580982
v 0.06849756 -0.00095972 0.00576180
v 0.06837500 -0.00102762 0.00482910
v 0.06847603 0.00059129 0.00494636
v 0.06844175 0.00127436 0.00476854
v 0.06840618 0.00261348 0.00418510
v 0.06837931 0.00349904 0.00348324
v 0.06837500 0.00411305 0.00271636
v 0.06837097 0.00457729 0.00185058
v 0.06838043 0.00486980 0.00078491
v 0.06837500 0.00492854 -0.00007260
v 0.06833333 0.00488057 -0.00067348
v 0.06841463 0.00475996 -0.00131140
v 0.06837500 0.00446023 -0.00209214
v 0.06834524 0.00382178 -0.00311758
v 0.06840000 0.00338031 -0.00358726
v 0.06837500 0.00184886 -0.00457304
v 0.06837500 0.00114521 -0.00479157
v 0.06837500 0.00044592 -0.00276661
v 0.06837500 0.00009840 -0.00279914
v 0.06836538 -0.00018080 -0.00279503
v 0.06838636 -0.00045819 -0.00276314
v 0.06840424 -0.00086035 -0.00266781
v 0.06837500 -0.00125229 -0.00250532
v 0.06837500 -0.00149551 -0.00236819
v 0.06841454 -0.00174648 -0.00218697
v 0.06837500 -0.00203616 -0.00192832
v 0.06847496 -0.00236798 -0.00148033
v 0.06839583 -0.00244599 -0.00136456
v 0.06837500 -0.00256970 -0.00111423
v 0.06838333 -0.00268154 -0.00081161
v 0.06836905 -0.00277210 -0.00041779
v 0.06839921 -0.00279996 0.00013388
v 0.06838542 -0.00272455 0.00066423
v 0.06836111 -0.00256596 0.00112643
v 0.06838889 -0.00236941 0.00149629
v 0.06841667 -0.00217738 0.00176123
v 0.06836111 -0.00190738 0.00205766
v 0.06841667 -0.00156151 0.00232478
v 0.06837500 -0.00092023 0.00264906
v 0.06838636 -0.00051449 0.00275321
v 0.06849460 -0.00027523 0.00212364
v 0.06833455 0.00028019 -0.00198303
v 0.06830000 0.00021943 -0.00198793
v 0.06849638 0.00023538 -0.00213930
v 0.06830000 0.00012007 -0.00199639
v 0.06843278 0.00017328 -0.00204237
v 0.06849833 -0.00004820 -0.00217075
v 0.06837717 0.00017138 -0.00200765
v 0.06830000 0.00002041 -0.00199990
v 0.06846997 -0.00015918 -0.00208465
v 0.06830000 -0.00007930 -0.00199843
v 0.06838037 -0.00013000 -0.00201204
v 0.06830000 -0.00017882 -0.00199199
v 0.06847768 -0.00032277 -0.00208020
v 0.06830000 -0.00027789 -0.00198060
v 0.06842095 -0.00024119 -0.00202631
v 0.06849845 -0.00051086 -0.00211037
v 0.06830000 -0.00037627 -0.00196429
v 0.06849638 -0.00037010 -0.00212403
v 0.06837622 -0.00027922 -0.00199475
v 0.06830000 -0.00047371 -0.00194309
v 0.06830000 -0.00056998 -0.00191706
v 0.06835286 -0.00056202 -0.00192705
v 0.06830000 -0.00066483 -0.00188627
v 0.06830000 -0.00075802 -0.00185078
v 0.06844314 -0.00072590 -0.00192611
v 0.06843022 -0.00057858 -0.00196221
v 0.06849646 -0.00096830 -0.00192284
v 0.06849233 -0.00077322 -0.00199402
v 0.06848941 -0.00065760 -0.00201920
v 0.06832991 -0.00077775 -0.00184771
v 0.06830000 -0.00093854 -0.00176611
v 0.06838824 -0.00095088 -0.00178384
v 0.06849241 -0.00114398 -0.00179964
v 0.06830000 -0.00102540 -0.00171713
v 0.06830000 -0.00110972 -0.00166389
v 0.06849816 -0.00134891 -0.00169870
v 0.06846205 -0.00127767 -0.00164436
v 0.06840716 -0.00115139 -0.00167065
v 0.06843983 -0.00125792 -0.00162739
v 0.06833544 -0.00102774 -0.00172338
v 0.06830000 -0.00119128 -0.00160650
v 0.06830000 -0.00126987 -0.00154513
v 0.06846849 -0.00133503 -0.00159973
v 0.06849809 -0.00153484 -0.00153339
v 0.06834000 -0.00130183 -0.00152365
v 0.06830000 -0.00134531 -0.00147991
v 0.06847715 -0.00153909 -0.00143460
v 0.06848791 -0.00164701 -0.00135078
v 0.06846825 -0.00162210 -0.00132088
v 0.06837299 -0.00145856 -0.00138840
v 0.06830000 -0.00148598 -0.00133860
v 0.06843605 -0.00150809 -0.00139397
v 0.06849339 -0.00166753 -0.00132539
v 0.06838655 -0.00151126 -0.00134004
v 0.06834792 -0.00143132 -0.00140671
v 0.06830000 -0.00155086 -0.00126287
v 0.06849071 -0.00175832 -0.00120176
v 0.06830000 -0.00161188 -0.00118400
v 0.06841770 -0.00163649 -0.00121200
v 0.06830000 -0.00166889 -0.00110218
v 0.06842231 -0.00173059 -0.00108056
v 0.06849905 -0.00195225 -0.00096808
v 0.06830000 -0.00172176 -0.00101762
v 0.06841220 -0.00183299 -0.00087725
v 0.06847922 -0.00188287 -0.00094759
v 0.06834428 -0.00169388 -0.00107686
v 0.06830000 -0.00177034 -0.00093053
v 0.06849632 -0.00195911 -0.00089763
v 0.06830000 -0.00181452 -0.00084113
v 0.06849798 -0.00207146 -0.00063407
v 0.06836728 -0.00184448 -0.00079865
v 0.06830000 -0.00185419 -0.00074964
v 0.06830000 -0.00188926 -0.00065629
v 0.06843193 -0.00191837 -0.00071124
v 0.06846184 -0.00198913 -0.00059118
v 0.06830000 -0.00191962 -0.00056130
v 0.06849655 -0.00214586 -0.00019374
v 0.06846844 -0.00204396 -0.00044205
v 0.06849323 -0.00208700 -0.00045743
v 0.06834176 -0.00192439 -0.00056493
v 0.06830000 -0.00194521 -0.00046492
v 0.06830000 -0.00196597 -0.00036738
v 0.06841276 -0.00200866 -0.00032131
v 0.06830000 -0.00198184 -0.00026892
v 0.06847987 -0.00210839 -0.00008562
v 0.06830000 -0.00199278 -0.00016980
v 0.06849919 -0.00217710 0.00012580
v 0.06839507 -0.00201847 -0.00011970
v 0.06830000 -0.00199877 -0.00007026
v 0.06830000 -0.00199978 0.00002946
v 0.06848769 -0.00211704 0.00019413
v 0.06843314 -0.00204516 0.00012239
v 0.06842863 -0.00204602 -0.00003264
v 0.06836656 -0.00201010 0.00007924
v 0.06833038 -0.00200323 -0.00015708
v 0.06830000 -0.00199583 0.00012910
v 0.06843496 -0.00201803 0.00033484
v 0.06844065 -0.00199358 0.00050105
v 0.06843097 -0.00200203 0.00043551
v 0.06833581 -0.00198373 0.00027740
v 0.06830000 -0.00197306 0.00032718
v 0.06830000 -0.00195430 0.00042512
v 0.06830000 -0.00193068 0.00052201
v 0.06849464 -0.00210236 0.00041306
v 0.06836233 -0.00194227 0.00052132
v 0.06840457 -0.00190126 0.00070752
v 0.06843857 -0.00187424 0.00084169
v 0.06837220 -0.00192740 0.00058271
v 0.06830000 -0.00190226 0.00061759
v 0.06830000 -0.00186911 0.00071165
v 0.06849700 -0.00207296 0.00059487
v 0.06835635 -0.00187668 0.00071453
v 0.06830000 -0.00183131 0.00080393
v 0.06849517 -0.00197960 0.00084435
v 0.06847339 -0.00188195 0.00092591
v 0.06830000 -0.00178896 0.00089421
v 0.06838486 -0.00175924 0.00099057
v 0.06849774 -0.00179184 0.00121473
v 0.06845217 -0.00173985 0.00112033
v 0.06830000 -0.00174216 0.00098227
v 0.06849731 -0.00188588 0.00105418
v 0.06840813 -0.00171788 0.00108485
v 0.06834314 -0.00177239 0.00094120
v 0.06830000 -0.00169104 0.00106789
v 0.06830000 -0.00163570 0.00115086
v 0.06830000 -0.00157631 0.00123096
v 0.06838056 -0.00163360 0.00118133
v 0.06844000 -0.00159383 0.00130056
v 0.06830000 -0.00151299 0.00130800
v 0.06849762 -0.00168480 0.00135676
v 0.06838081 -0.00149932 0.00135074
v 0.06846974 -0.00165080 0.00128213
v 0.06849424 -0.00149107 0.00153131
v 0.06849700 -0.00138652 0.00164924
v 0.06842283 -0.00141271 0.00147027
v 0.06830000 -0.00144591 0.00138179
v 0.06832368 -0.00152274 0.00130578
v 0.06830000 -0.00137523 0.00145215
v 0.06830000 -0.00122381 0.00158186
v 0.06832210 -0.00127070 0.00154658
v 0.06849548 -0.00123754 0.00175542
v 0.06839382 -0.00133738 0.00245944
v 0.06847788 -0.00125382 0.00169241
v 0.06840389 -0.00122697 0.00161380
v 0.06841965 -0.00112758 0.00169805
v 0.06830000 -0.00106023 0.00169585
v 0.06830000 -0.00097438 0.00174659
v 0.06848887 -0.00091656 0.00191571
v 0.06832508 -0.00106691 0.00169535
v 0.06840945 -0.00094395 0.00179912
v 0.06849811 -0.00089159 0.00197795
v 0.06830000 -0.00088611 0.00179299
v 0.06833692 -0.00083641 0.00182197
v 0.06830000 -0.00070318 0.00187231
v 0.06849429 -0.00076322 0.00200182
v 0.06835635 -0.00070603 0.00187989
v 0.06849829 -0.00066368 0.00206644
v 0.06830000 -0.00060898 0.00190503
v 0.06841486 -0.00072510 0.00189984
v 0.06845215 -0.00064694 0.00196831
v 0.06830000 -0.00051327 0.00193302
v 0.06849675 -0.00043329 0.00210938
v 0.06844889 -0.00038406 0.00202641
v 0.06834851 -0.00059555 0.00191523
v 0.06830000 -0.00041628 0.00195620
v 0.06842984 -0.00020533 0.00203307
v 0.06838947 -0.00042023 0.00197949
v 0.06846488 -0.00014886 0.00207153
v 0.06833433 -0.00029751 0.00198363
v 0.06846830 0.00011972 0.00208621
v 0.06839556 0.00005536 0.00202249
v 0.06849808 0.00015586 0.00216243
v 0.06849560 -0.00000816 0.00214949
v 0.06837399 0.00035808 0.00198241
v 0.06834384 0.00011655 0.00200342
v 0.06848817 0.00044707 0.00208404
v 0.06844280 0.00163383 0.00350198
v 0.06849787 0.00076436 0.00202921
v 0.06846173 0.00044813 0.00203263
v 0.06835635 0.00057229 0.00192483
v 0.06849650 0.00113482 0.00183635
v 0.06849353 0.00058714 0.00205755
v 0.06844321 0.00070501 0.00193390
v 0.06841672 0.00140097 0.00242377
v 0.06840258 0.00056761 0.00195185
v 0.06847770 0.00094218 0.00188597
v 0.06839507 0.00090557 0.00180790
v 0.06843278 0.00150806 0.00235512
v 0.06832056 0.00082619 0.00182717
v 0.06840092 0.00110786 0.00169653
v 0.06843060 0.00118157 0.00167433
v 0.06846538 0.00120560 0.00170196
v 0.06852212 0.00203726 0.00191997
v 0.06837088 0.00128550 0.00154969
v 0.06849653 0.00141941 0.00162624
v 0.06832313 0.00120973 0.00159912
v 0.06845329 0.00138989 0.00153289
v 0.06837512 0.00144891 0.00139992
v 0.06833820 0.00145605 0.00137696
v 0.06849845 0.00174786 0.00128826
v 0.06849407 0.00155328 0.00147708
v 0.06846845 0.00154253 0.00141114
v 0.06840813 0.00163747 0.00120279
v 0.06837447 0.00159405 0.00122806
v 0.06848325 0.00176564 0.00117350
v 0.06833298 0.00171734 0.00103240
v 0.06846023 0.00185973 0.00093141
v 0.06838125 0.00177648 0.00095663
v 0.06849779 0.00196842 0.00090076
v 0.06843441 0.00177617 0.00102481
v 0.06849506 0.00184987 0.00109603
v 0.06837980 0.00185134 0.00079815
v 0.06849750 0.00201639 0.00078439
v 0.06845801 0.00195528 0.00069366
v 0.06842168 0.00194158 0.00063071
v 0.06835499 0.00185854 0.00076512
v 0.06849663 0.00209019 0.00053608
v 0.06845413 0.00201950 0.00044858
v 0.06849723 0.00213234 0.00035431
v 0.06832839 0.00194579 0.00047790
v 0.06841921 0.00198661 0.00045739
v 0.06845667 0.00207464 0.00007806
v 0.06834019 0.00197469 0.00036249
v 0.06841757 0.00203801 0.00002979
v 0.06849824 0.00216964 0.00000557
v 0.06835790 0.00200758 0.00007371
v 0.06843142 0.00204755 -0.00007233
v 0.06847586 0.00210282 -0.00008448
v 0.06848228 0.00210719 -0.00018827
v 0.06841900 0.00201675 -0.00029256
v 0.06847377 0.00205557 -0.00042114
v 0.06849530 0.00212406 -0.00037336
v 0.06833712 0.00199539 -0.00017721
v 0.06835073 0.00196982 -0.00037445
v 0.06849803 0.00212360 -0.00044071
v 0.06842012 0.00198193 -0.00048366
v 0.06847432 0.00201435 -0.00060010
v 0.06849854 0.00202382 -0.00078147
v 0.06843271 0.00193269 -0.00068119
v 0.06847385 0.00193829 -0.00080197
v 0.06849796 0.00194975 -0.00094396
v 0.06835617 0.00192461 -0.00057030
v 0.06849926 0.00186410 -0.00113274
v 0.06833889 0.00185482 -0.00075902
v 0.06849187 0.00175156 -0.00122184
v 0.06839887 0.00171030 -0.00108447
v 0.06847009 0.00183014 -0.00101699
v 0.06838925 0.00177599 -0.00096350
v 0.06843071 0.00164671 -0.00121778
v 0.06846858 0.00160964 -0.00133529
v 0.06833593 0.00173700 -0.00101142
v 0.06849853 0.00165730 -0.00140446
v 0.06840814 0.00152385 -0.00133725
v 0.06849537 0.00144709 -0.00157986
v 0.06836714 0.00141164 -0.00143100
v 0.06846600 0.00150728 -0.00143427
v 0.06846072 0.00128615 -0.00163376
v 0.06849748 0.00135684 -0.00168426
v 0.06836985 0.00127992 -0.00155308
v 0.06849845 0.00115114 -0.00184069
v 0.06826634 0.00130212 -0.00151134
v 0.06848251 0.00108206 -0.00181811
v 0.06841782 0.00118649 -0.00165803
v 0.06835635 0.00106452 -0.00170272
v 0.06847148 0.00090709 -0.00188554
v 0.06844557 0.00100311 -0.00180404
v 0.06849869 0.00088796 -0.00198405
v 0.06835520 0.00095305 -0.00176594
v 0.06836791 0.00083181 -0.00182903
v 0.06848909 0.00075399 -0.00199471
v 0.06841575 0.00074180 -0.00189709
v 0.06836629 0.00066192 -0.00189949
v 0.06849095 0.00035567 -0.00210410
v 0.06849483 0.00059682 -0.00206168
v 0.06845118 0.00047388 -0.00201332
v 0.06842019 0.00042545 -0.00199465
v 0.06840371 0.00051383 -0.00195627
v 0.06839286 0.00260524 -0.00103516
v 0.06840625 0.00178522 -0.00215775
v 0.06841667 0.00271982 -0.00066961
v 0.06837500 0.00160148 -0.00229820
v 0.06837500 0.00278398 -0.00032006
v 0.06838235 0.00130396 -0.00248078
v 0.06840000 0.00280095 0.00002223
v 0.06847800 0.00091620 -0.00264677
v 0.06830000 0.00279320 0.00021834
v 0.06839706 0.00274902 0.00054059
v 0.06852624 0.00249437 0.00129901
v 0.06832813 0.00182856 0.00212658
v 0.06838636 0.00086490 0.00266398
v 0.06841454 0.00062463 0.00272816
v 0.06838000 0.00044127 0.00383842
v 0.06840088 -0.00007600 0.00280214
v 0.06825000 0.00208037 0.00187405
v 0.06825000 0.00235369 0.00152925
v 0.06825000 0.00256938 0.00111410
v 0.06825000 0.00266811 0.00085291
v 0.06825000 0.00273601 -0.00059517
v 0.06837037 0.00236606 -0.00150917
v 0.06837500 0.00202595 -0.00193611
v 0.06825000 0.00111389 -0.00256890
v 0.06825000 0.00077420 -0.00269167
v 0.06843733 -0.00363544 -0.00333324
v 0.06833824 -0.00492979 0.00018245
v 0.06832353 -0.00204254 0.00448766
v 0.06837500 0.00054080 -0.00489932
v 0.06842108 -0.00016491 -0.00492809
v 0.06836842 -0.00092733 -0.00484106
v 0.06837500 -0.00152130 -0.00468576
v 0.06839568 -0.00218660 -0.00442274
v 0.06850000 -0.00252505 -0.00422844
v 0.06840430 -0.00428561 -0.00243396
v 0.06838235 -0.00456974 -0.00184752
v 0.06837500 -0.00472707 -0.00138220
v 0.06837500 -0.00486980 -0.00078491
v 0.06850000 -0.00490856 0.00041886
v 0.06837500 -0.00476610 0.00128864
v 0.06836667 -0.00430074 0.00242486
v 0.06837500 -0.00372882 0.00322362
v 0.06837500 -0.00329734 0.00366036
v 0.06837500 -0.00281806 0.00404405
v 0.06850000 -0.00239941 0.00430098
v 0.06852875 -0.00229568 0.00440578
v 0.06849965 0.00535443 -0.00227450
v 0.06849927 0.00414151 -0.00410298
v 0.06840083 0.00270274 -0.00412748
v 0.06849950 0.00266896 -0.00517731
v 0.06850000 0.00382989 0.00436737
v 0.06840032 -0.00037512 0.00597879
v 0.06835562 -0.00071683 0.00595670
v 0.06848720 -0.00058118 0.00587544
v 0.06848171 -0.00021076 0.00588429
v 0.06838502 0.00012346 0.00598912
v 0.06847960 0.00042163 0.00587946
v 0.06849797 0.00019493 0.00582981
v 0.06835329 0.00051928 0.00597706
v 0.06843811 0.00060280 0.00592209
v 0.06840447 0.00133924 0.00582806
v 0.06849352 0.00085375 0.00579361
v 0.06773275 0.00113745 0.00595657
v 0.06846093 0.00100313 0.00584421
v 0.06849845 0.00180003 0.00555152
v 0.06849662 0.00140491 0.00566863
v 0.06830000 0.00199448 0.00565880
v 0.06847611 0.00181332 0.00561200
v 0.06835018 0.00189746 0.00569121
v 0.06847988 0.00193929 0.00557805
v 0.06837886 0.00273438 0.00534107
v 0.06841806 0.00268400 0.00532561
v 0.06842219 0.00228194 0.00551539
v 0.06847890 0.00260115 0.00528989
v 0.06849797 0.00258369 0.00522635
v 0.06835147 0.00304538 0.00516888
v 0.06849859 0.00298672 0.00501050
v 0.06790370 0.00367351 0.00484515
v 0.06846456 0.00337772 0.00486745
v 0.06839957 0.00377477 0.00463874
v 0.06849134 0.00364312 0.00460437
v 0.06834511 0.00402543 0.00445389
v 0.06842130 0.00422623 0.00420176
v 0.06845670 0.00406326 0.00431379
v 0.06847601 0.00418857 0.00414955
v 0.06849356 0.00418810 0.00409692
v 0.06841228 0.00444731 0.00398955
v 0.06818960 0.00480343 0.00372770
v 0.06835404 0.00471531 0.00370242
v 0.06849902 0.00442749 0.00378263
v 0.06849710 0.00464799 0.00354935
v 0.06838361 0.00507979 0.00316513
v 0.06847300 0.00477654 0.00348005
v 0.06831499 0.00501607 0.00330015
v 0.06847867 0.00512214 0.00292045
v 0.06834151 0.00536252 0.00268744
v 0.06842017 0.00507306 0.00315762
v 0.06849917 0.00499627 0.00300676
v 0.06839252 0.00550619 0.00233068
v 0.06845130 0.00549035 0.00226588
v 0.06848480 0.00535535 0.00243096
v 0.06849568 0.00518164 0.00273340
v 0.06832802 0.00555647 0.00227193
v 0.06774867 0.00576974 0.00184427
v 0.06837960 0.00567844 0.00190140
v 0.06849311 0.00554329 0.00189118
v 0.06844585 0.00572796 0.00156995
v 0.06848219 0.00569351 0.00149555
v 0.06849971 0.00560982 0.00154835
v 0.06835689 0.00587294 0.00121291
v 0.06841466 0.00582855 0.00127701
v 0.06849662 0.00574481 0.00105085
v 0.06839217 0.00593901 0.00071247
v 0.06847613 0.00580136 0.00111719
v 0.06701586 0.00616197 -0.00026751
v 0.06841087 0.00596528 0.00026605
v 0.06848153 0.00587710 0.00036813
v 0.06834962 0.00599698 0.00001832
v 0.06843617 0.00595722 0.00000371
v 0.06849273 0.00585939 0.00006018
v 0.06835665 0.00596834 -0.00059080
v 0.06849925 0.00582948 0.00010992
v 0.06849304 0.00584168 -0.00043405
v 0.06838308 0.00590134 -0.00097858
v 0.06849253 0.00574819 -0.00121058
v 0.06826802 0.00588491 -0.00131924
v 0.06849901 0.00575162 -0.00095675
v 0.06765208 0.00583688 -0.00168515
v 0.06842153 0.00574257 -0.00160727
v 0.06846268 0.00585627 -0.00095174
v 0.06835150 0.00564042 -0.00205259
v 0.06848472 0.00560906 -0.00177634
v 0.06844613 0.00547223 -0.00232530
v 0.06849083 0.00528488 -0.00255526
v 0.06839325 0.00532141 -0.00272861
v 0.06845295 0.00504954 -0.00312393
v 0.06836797 0.00523709 -0.00292285
v 0.06848725 0.00497077 -0.00312480
v 0.06841937 0.00487752 -0.00342718
v 0.06854325 0.00440331 -0.00232946
v 0.06832675 0.00483514 -0.00356488
v 0.06846056 0.00456418 -0.00378188
v 0.06849608 0.00475572 -0.00339456
v 0.06839086 0.00442310 -0.00403910
v 0.06849742 0.00461763 -0.00358435
v 0.06842980 0.00433740 -0.00408648
v 0.06847802 0.00419328 -0.00414217
v 0.06843088 0.00392490 -0.00449044
v 0.06849322 0.00382958 -0.00443238
v 0.06833558 0.00342361 -0.00492834
v 0.06813755 0.00246132 -0.00556344
v 0.06840662 0.00343397 -0.00488885
v 0.06846791 0.00326351 -0.00493976
v 0.06849351 0.00320420 -0.00490989
v 0.06848533 0.00282494 -0.00515681
v 0.06846793 0.00274281 -0.00524928
v 0.06840529 0.00253906 -0.00541178
v 0.06847265 0.00198135 -0.00556282
v 0.06849787 0.00180695 -0.00555341
v 0.06837255 0.00216462 -0.00559187
v 0.06832737 0.00169583 -0.00575617
v 0.06838546 0.00152958 -0.00578326
v 0.06844856 0.00136101 -0.00577948
v 0.06845169 0.00194156 -0.00561615
v 0.06835083 0.00124793 -0.00586441
v 0.06845320 0.00093259 -0.00586357
v 0.06849017 0.00101730 -0.00577924
v 0.06469978 -0.00032309 0.00599607
v 0.06469120 0.00455086 0.00391293
v 0.06466826 0.00539953 0.00262809
v 0.06469978 0.00595516 0.00077028
v 0.06467704 0.00454298 -0.00392183
v 0.06450000 0.00120720 -0.00567298
v 0.06455718 -0.00065429 0.00590985
v 0.06461151 -0.00045634 0.00596489
v 0.06465248 -0.00082083 0.00594422
v 0.06452838 -0.00013251 0.00590525
v 0.06450100 0.00036573 0.00582128
v 0.06450820 0.00032451 0.00588668
v 0.06451681 0.00046330 0.00586585
v 0.06462248 0.00018083 0.00598992
v 0.06456430 0.00088979 0.00588561
v 0.06451287 0.00104431 0.00578898
v 0.06459799 0.00079011 0.00592619
v 0.06467543 0.00076401 0.00595852
v 0.06459531 0.00153847 0.00577511
v 0.06468415 0.00172850 0.00574967
v 0.06452727 0.00224147 0.00549815
v 0.06450154 0.00146235 0.00565376
v 0.06450676 0.00224473 0.00540929
v 0.06452062 0.00216805 0.00548245
v 0.06464052 0.00219850 0.00557952
v 0.06450604 0.00275909 0.00518237
v 0.06458433 0.00277149 0.00528797
v 0.06466940 0.00269149 0.00536253
v 0.06450208 0.00289526 0.00506808
v 0.06466929 0.00322695 0.00506472
v 0.06450277 0.00313804 0.00493625
v 0.06454445 0.00343579 0.00483764
v 0.06457802 0.00332680 0.00495221
v 0.06462742 0.00379474 0.00463372
v 0.06451484 0.00383460 0.00446335
v 0.06455300 0.00397440 0.00441658
v 0.06460635 0.00440342 0.00404950
v 0.06450155 0.00460675 0.00358161
v 0.06465336 0.00419274 0.00429182
v 0.06450615 0.00445415 0.00381610
v 0.06452195 0.00469524 0.00356219
v 0.06455148 0.00455745 0.00381863
v 0.06465308 0.00479019 0.00361155
v 0.06451430 0.00501601 0.00306981
v 0.06461990 0.00505887 0.00320066
v 0.06453561 0.00443507 0.00221463
v 0.06457271 0.00512654 0.00304015
v 0.06467154 0.00516352 0.00305183
v 0.06455614 0.00529939 0.00269291
v 0.06463421 0.00548602 0.00240735
v 0.06453223 0.00548945 0.00221523
v 0.06450114 0.00542738 0.00215917
v 0.06450953 0.00551029 0.00202843
v 0.06458270 0.00562532 0.00199394
v 0.06466077 0.00569679 0.00187667
v 0.06452341 0.00570804 0.00151318
v 0.06462196 0.00579374 0.00150847
v 0.06454772 0.00585897 0.00093794
v 0.06463475 0.00584260 0.00135560
v 0.06450333 0.00586292 0.00030448
v 0.06450287 0.00574787 0.00111570
v 0.06450581 0.00585945 0.00015570
v 0.06455579 0.00593197 0.00033063
v 0.06451989 0.00591270 -0.00007793
v 0.06459966 0.00597742 0.00018524
v 0.06464328 0.00598310 0.00046092
v 0.06460639 0.00595992 -0.00050646
v 0.06450055 0.00577659 -0.00069294
v 0.06452062 0.00582743 -0.00089373
v 0.06450870 0.00575537 -0.00112047
v 0.06455948 0.00590046 -0.00081314
v 0.06467850 0.00596262 -0.00068277
v 0.06466729 0.00588661 -0.00115709
v 0.06450327 0.00553141 -0.00193016
v 0.06455321 0.00580372 -0.00127473
v 0.06463608 0.00577725 -0.00159947
v 0.06457123 0.00554037 -0.00220555
v 0.06460161 0.00566619 -0.00191480
v 0.06454305 0.00536923 -0.00250799
v 0.06450421 0.00527230 -0.00255792
v 0.06463171 0.00552875 -0.00233052
v 0.06450868 0.00516435 -0.00277648
v 0.06456665 0.00520701 -0.00289063
v 0.06466682 0.00528445 -0.00283991
v 0.06450050 0.00487434 -0.00318337
v 0.06452844 0.00488095 -0.00333789
v 0.06466958 0.00506576 -0.00321878
v 0.06450205 0.00459943 -0.00359176
v 0.06465262 0.00479926 -0.00359679
v 0.06450599 0.00445044 -0.00381549
v 0.06460526 0.00479985 -0.00357895
v 0.06461891 0.00421145 -0.00425315
v 0.06450486 0.00400067 -0.00428156
v 0.06454818 0.00410441 -0.00430976
v 0.06466520 0.00437184 -0.00411282
v 0.06450192 0.00376451 -0.00445737
v 0.06461692 0.00389167 -0.00454295
v 0.06460216 0.00383844 -0.00458717
v 0.06556859 0.00392288 -0.00471396
v 0.06456220 0.00349455 -0.00482371
v 0.06452219 0.00340611 -0.00481474
v 0.06460714 0.00310024 -0.00511512
v 0.06696282 0.00381513 -0.00488110
v 0.06450179 0.00318847 -0.00489958
v 0.06450957 0.00286018 -0.00512662
v 0.06455492 0.00280113 -0.00524224
v 0.06468405 0.00300715 -0.00519295
v 0.06450227 0.00249516 -0.00528296
v 0.06452136 0.00205787 -0.00552611
v 0.06463847 0.00264470 -0.00537989
v 0.06459211 0.00225626 -0.00553179
v 0.06450251 0.00153693 -0.00563697
v 0.06457555 0.00164669 -0.00573027
v 0.06462912 0.00167403 -0.00574971
v 0.06450283 0.00070940 -0.00580246
v 0.06452063 0.00129390 -0.00575043
v 0.06457974 0.00136959 -0.00580281
v 0.06466110 0.00087808 -0.00594265
v 0.06467549 0.00173753 -0.00574822
v 0.06460135 -0.00420251 0.00261023
v 0.06462500 0.00029592 -0.00492019
v 0.06450000 -0.00285250 -0.00401654
v 0.06466667 -0.00044034 -0.00490528
v 0.06461667 -0.00116941 -0.00479674
v 0.06462500 -0.00209322 -0.00446254
v 0.06469231 -0.00269926 -0.00412367
v 0.06462500 -0.00349904 -0.00348324
v 0.06460417 -0.00436178 -0.00233437
v 0.06475000 -0.00460419 -0.00175237
v 0.06460364 -0.00485271 -0.00091397
v 0.06462000 -0.00492877 0.00019559
v 0.06458860 -0.00482318 0.00102238
v 0.06463636 -0.00464638 0.00163765
v 0.06454394 -0.00359816 0.00339374
v 0.06460565 -0.00307279 0.00385997
v 0.06451073 -0.00201845 0.00452467
v 0.06475000 -0.00176172 0.00460332
v 0.06459631 -0.00080416 0.00487249
v 0.06459167 0.00153227 0.00235329
v 0.06466667 0.00110017 0.00257866
v 0.06457627 0.00203136 0.00193029
v 0.06459234 0.00069174 0.00271410
v 0.06460829 0.00231601 0.00157386
v 0.06460714 0.00251857 0.00123251
v 0.06459576 0.00018644 0.00279691
v 0.06462500 -0.00030746 0.00278540
v 0.06460644 0.00278569 -0.00030133
v 0.06462500 0.00349800 -0.00164078
v 0.06465625 0.00217738 -0.00176123
v 0.06461538 0.00170720 -0.00222740
v 0.06461111 0.00114361 -0.00256208
v 0.06465000 0.00076498 -0.00269401
v 0.06464286 0.00058279 -0.00273868
v 0.06460412 0.00271108 0.00071382
v 0.06460227 0.00279649 0.00019689
v 0.06463889 0.00236941 -0.00149629
v 0.06450035 -0.00014124 0.00218969
v 0.06450786 0.00212497 -0.00015237
v 0.06460057 0.00268239 -0.00081528
v 0.06450075 0.00178026 -0.00126515
v 0.06465330 0.00005653 0.00200837
v 0.06461425 -0.00045467 0.00197278
v 0.06450364 -0.00031669 0.00213176
v 0.06452955 -0.00006313 0.00208928
v 0.06450204 -0.00013037 0.00216762
v 0.06450623 -0.00006712 0.00214671
v 0.06460066 0.00003684 0.00202588
v 0.06450635 0.00026306 0.00212077
v 0.06464448 0.00044923 0.00195828
v 0.06453795 0.00027387 0.00205976
v 0.06450587 0.00040564 0.00211011
v 0.06460292 0.00077996 0.00186857
v 0.06466520 0.00071438 0.00187122
v 0.06450945 0.00063289 0.00203875
v 0.06457181 0.00044705 0.00199653
v 0.06464670 0.00089744 0.00179480
v 0.06455062 0.00070424 0.00193909
v 0.06450327 0.00091898 0.00195787
v 0.06450130 0.00083300 0.00200840
v 0.06458188 0.00098787 0.00178162
v 0.06451638 0.00095142 0.00189357
v 0.06453842 0.00103280 0.00180796
v 0.06452224 0.00101862 0.00184216
v 0.06465713 0.00143734 0.00140386
v 0.06455503 0.00124607 0.00164244
v 0.06463682 0.00115586 0.00164477
v 0.06450739 0.00131769 0.00167808
v 0.06455825 0.00134442 0.00155928
v 0.06450317 0.00140491 0.00163551
v 0.06457707 0.00161309 0.00124553
v 0.06459220 0.00144002 0.00143116
v 0.06450719 0.00151399 0.00151559
v 0.06451894 0.00158839 0.00138220
v 0.06463715 0.00163714 0.00116091
v 0.06452464 0.00165536 0.00129809
v 0.06450272 0.00172892 0.00129286
v 0.06459921 0.00172200 0.00106640
v 0.06452531 0.00172082 0.00119987
v 0.06458063 0.00180296 0.00095190
v 0.06450577 0.00181166 0.00115371
v 0.06459482 0.00183985 0.00084868
v 0.06465387 0.00189369 0.00067122
v 0.06452226 0.00185055 0.00099990
v 0.06454885 0.00195446 0.00067894
v 0.06450124 0.00195216 0.00096215
v 0.06452408 0.00195119 0.00079131
v 0.06460290 0.00192862 0.00061333
v 0.06453268 0.00202920 0.00049925
v 0.06456044 0.00200929 0.00043786
v 0.06450566 0.00207423 0.00056668
v 0.06464037 0.00200716 0.00005532
v 0.06466205 0.00197928 0.00031829
v 0.06453774 0.00205824 0.00026165
v 0.06458608 0.00201949 0.00023902
v 0.06458702 0.00203526 -0.00003016
v 0.06450862 0.00213525 0.00015881
v 0.06465613 0.00198456 -0.00029343
v 0.06450069 0.00216614 0.00029959
v 0.06461843 0.00200811 -0.00018550
v 0.06452213 0.00210866 0.00006180
v 0.06450071 0.00218091 0.00003568
v 0.06453175 0.00207818 -0.00023892
v 0.06457270 0.00202481 -0.00027651
v 0.06462236 0.00192200 -0.00059753
v 0.06451694 0.00206829 -0.00044422
v 0.06450256 0.00199630 -0.00082857
v 0.06450147 0.00210903 -0.00053943
v 0.06453478 0.00198472 -0.00064273
v 0.06463196 0.00180733 -0.00088336
v 0.06458094 0.00195213 -0.00059323
v 0.06451456 0.00190416 -0.00094022
v 0.06465798 0.00163973 -0.00115377
v 0.06450123 0.00192914 -0.00100849
v 0.06457672 0.00182761 -0.00090921
v 0.06453186 0.00183212 -0.00100504
v 0.06461771 0.00159273 -0.00123608
v 0.06450645 0.00171520 -0.00129494
v 0.06456871 0.00169073 -0.00115812
v 0.06453051 0.00167726 -0.00125134
v 0.06459496 0.00161842 -0.00122715
v 0.06462900 0.00146094 -0.00138027
v 0.06453070 0.00151763 -0.00144107
v 0.06456039 0.00145866 -0.00144968
v 0.06452895 0.00202833 -0.00191045
v 0.06450629 0.00147757 -0.00155957
v 0.06465248 0.00118552 -0.00161892
v 0.06453569 0.00126588 -0.00165674
v 0.06460137 0.00129576 -0.00155593
v 0.06456078 0.00112306 -0.00172050
v 0.06450260 0.00126039 -0.00175149
v 0.06463320 0.00094319 -0.00177655
v 0.06467219 0.00070585 -0.00187456
v 0.06450832 0.00109028 -0.00183450
v 0.06465645 0.00090553 -0.00178827
v 0.06453805 0.00096481 -0.00184236
v 0.06456809 0.00092893 -0.00182589
v 0.06450328 0.00097994 -0.00192153
v 0.06453175 0.00073548 -0.00195831
v 0.06460201 0.00062239 -0.00192621
v 0.06466184 0.00046693 -0.00194835
v 0.06452119 0.00063142 -0.00200744
v 0.06450143 0.00070814 -0.00205397
v 0.06461692 0.00042004 -0.00197388
v 0.06457188 0.00046582 -0.00199164
v 0.06452355 0.00046831 -0.00205044
v 0.06450363 0.00046266 -0.00211128
v 0.07771834 0.00093821 0.00132386
v 0.07836923 0.00065774 0.00116662
v 0.07771882 0.00072970 0.00144747
v 0.07771882 0.00065664 0.00148205
v 0.07771882 0.00058195 0.00151293
v 0.07771882 0.00050582 0.00154006
v 0.07771882 0.00042842 0.00156336
v 0.07771882 0.00034996 0.00158277
v 0.07771882 0.00027063 0.00159825
v 0.07750007 0.00062447 0.00190553
v 0.07771882 0.00019063 0.00160975
v 0.07771882 0.00011015 0.00161725
v 0.07750000 0.00028087 0.00198322
v 0.07765905 0.00012983 0.00172137
v 0.07771882 0.00002940 0.00162073
v 0.07771882 -0.00005142 0.00162018
v 0.07771882 -0.00013212 0.00161561
v 0.07771882 -0.00021248 0.00160701
v 0.07750002 -0.00019024 0.00199355
v 0.07771882 -0.00029232 0.00159442
v 0.07771882 -0.00037143 0.00157787
v 0.07771882 -0.00044962 0.00155740
v 0.07771882 -0.00052669 0.00153305
v 0.07771882 -0.00060246 0.00150489
v 0.07771882 -0.00067672 0.00147299
v 0.07766241 -0.00053843 0.00163399
v 0.07771882 -0.00074930 0.00143742
v 0.07771882 -0.00082002 0.00139829
v 0.07750007 -0.00067044 0.00190177
v 0.07771849 -0.00086741 0.00136967
v 0.07771882 -0.00095517 0.00130969
v 0.07771882 -0.00101926 0.00126045
v 0.07771882 -0.00108082 0.00120808
v 0.07734324 -0.00173087 0.00195481
v 0.07750016 -0.00143832 0.00140229
v 0.07771882 -0.00113970 0.00115270
v 0.07771882 -0.00119574 0.00109446
v 0.07771882 -0.00124881 0.00103350
v 0.07771882 -0.00129877 0.00096997
v 0.07771882 -0.00134551 0.00090402
v 0.07771882 -0.00138889 0.00083583
v 0.07771882 -0.00146521 0.00069339
v 0.07771846 -0.00146284 0.00070207
v 0.07771882 -0.00149796 0.00061949
v 0.07771882 -0.00152697 0.00054405
v 0.07771882 -0.00155219 0.00046726
v 0.07750011 -0.00180789 0.00088044
v 0.07771897 -0.00157863 0.00036884
v 0.07771882 -0.00159100 0.00031039
v 0.07750003 -0.00197443 0.00033395
v 0.07771882 -0.00160450 0.00023070
v 0.07771882 -0.00161400 0.00015044
v 0.07771899 -0.00162027 0.00005208
v 0.07771882 -0.00162096 -0.00001101
v 0.07771882 -0.00161840 -0.00009180
v 0.07771882 -0.00161181 -0.00017235
v 0.07771882 -0.00160122 -0.00025248
v 0.07771882 -0.00158664 -0.00033198
v 0.07750001 -0.00199948 -0.00017644
v 0.07771882 -0.00156812 -0.00041066
v 0.07771882 -0.00154570 -0.00048831
v 0.07771882 -0.00148940 -0.00063979
v 0.07771857 -0.00151508 -0.00057657
v 0.07750043 -0.00198429 -0.00034140
v 0.07771882 -0.00145566 -0.00071323
v 0.07771882 -0.00141830 -0.00078490
v 0.07771862 -0.00134567 -0.00090582
v 0.07771882 -0.00133310 -0.00092222
v 0.07771882 -0.00128547 -0.00098752
v 0.07771882 -0.00123465 -0.00105037
v 0.07765097 -0.00131132 -0.00114368
v 0.07771882 -0.00118076 -0.00111061
v 0.07771882 -0.00112393 -0.00116808
v 0.07750006 -0.00165940 -0.00114565
v 0.07836923 -0.00088279 -0.00100713
v 0.07771882 -0.00100204 -0.00127419
v 0.07771882 -0.00093729 -0.00132255
v 0.07750004 -0.00126677 -0.00154907
v 0.08032100 -0.00093729 -0.00132255
v 0.08069994 -0.00117550 -0.00141720
v 0.08032100 -0.00100204 -0.00127419
v 0.08032100 -0.00112393 -0.00116808
v 0.08032181 -0.00117768 -0.00111409
v 0.08032100 -0.00123465 -0.00105037
v 0.08032100 -0.00128547 -0.00098752
v 0.08032100 -0.00133310 -0.00092222
v 0.08032100 -0.00137741 -0.00085462
v 0.08032100 -0.00141830 -0.00078490
v 0.08032100 -0.00145566 -0.00071323
v 0.08032435 -0.00145918 -0.00071048
v 0.08069994 -0.00154186 -0.00101551
v 0.08032100 -0.00151944 -0.00056475
v 0.08032100 -0.00154570 -0.00048831
v 0.08032100 -0.00156812 -0.00041066
v 0.08032100 -0.00158664 -0.00033198
v 0.08032100 -0.00160122 -0.00025248
v 0.08032100 -0.00161181 -0.00017235
v 0.08032100 -0.00161840 -0.00009180
v 0.08032100 -0.00162096 -0.00001101
v 0.08045401 -0.00168776 -0.00019970
v 0.08069991 -0.00180818 -0.00039755
v 0.08032100 -0.00161950 0.00006980
v 0.08032100 -0.00161400 0.00015044
v 0.08032100 -0.00160450 0.00023070
v 0.08032100 -0.00159100 0.00031039
v 0.08069994 -0.00182973 0.00023840
v 0.08032100 -0.00157356 0.00038931
v 0.08032100 -0.00155219 0.00046726
v 0.08046265 -0.00164254 0.00045519
v 0.08032100 -0.00152697 0.00054405
v 0.08032100 -0.00149796 0.00061949
v 0.08032231 -0.00147943 0.00066365
v 0.08032100 -0.00142883 0.00076556
v 0.08032100 -0.00138889 0.00083583
v 0.08032100 -0.00134551 0.00090402
v 0.08032100 -0.00129877 0.00096997
v 0.08069996 -0.00165053 0.00084065
v 0.08032100 -0.00124881 0.00103350
v 0.08032100 -0.00119574 0.00109446
v 0.08069981 -0.00149875 0.00107674
v 0.08032076 -0.00111945 0.00117277
v 0.08032100 -0.00108082 0.00120808
v 0.08032100 -0.00101926 0.00126045
v 0.08032100 -0.00095517 0.00130969
v 0.08069995 -0.00113935 0.00145035
v 0.08032100 -0.00088870 0.00135568
v 0.08032100 -0.00082002 0.00139829
v 0.08044919 -0.00084927 0.00146875
v 0.08032100 -0.00074930 0.00143742
v 0.08032100 -0.00067672 0.00147299
v 0.08032100 -0.00060246 0.00150489
v 0.08032100 -0.00052669 0.00153305
v 0.08032100 -0.00044962 0.00155740
v 0.08032100 -0.00037143 0.00157787
v 0.08069995 -0.00067018 0.00171847
v 0.08032100 -0.00029232 0.00159442
v 0.08032100 -0.00021248 0.00160701
v 0.08069988 -0.00033236 0.00181400
v 0.08032100 -0.00013212 0.00161561
v 0.08032100 -0.00005142 0.00162018
v 0.08032100 0.00002940 0.00162073
v 0.08032100 0.00011015 0.00161725
v 0.08032100 0.00019063 0.00160975
v 0.08032100 0.00027063 0.00159825
v 0.08069994 0.00006269 0.00184371
v 0.08032100 0.00034996 0.00158277
v 0.08032100 0.00042842 0.00156336
v 0.08032100 0.00050582 0.00154006
v 0.08032100 0.00058195 0.00151293
v 0.08032100 0.00065664 0.00148205
v 0.08032100 0.00072970 0.00144747
v 0.08069989 0.00050668 0.00177929
v 0.08059248 0.00082604 0.00153364
v 0.08069970 0.00076116 0.00168188
v 0.07792693 0.00236182 0.00316774
v 0.07750000 0.00221000 0.00222302
v 0.07759893 0.00329396 0.00107666
v 0.07793556 0.00396499 -0.00023325
v 0.07749992 0.00307751 0.00064995
v 0.07795659 0.00387342 -0.00058755
v 0.07781646 0.00350340 -0.00110968
v 0.07749977 0.00307516 -0.00071802
v 0.07769834 0.00284954 -0.00203204
v 0.07749998 0.00246394 -0.00195032
v 0.07782742 0.00216516 -0.00299793
v 0.07749993 0.00148594 -0.00276449
v 0.07802481 0.00168759 -0.00367221
v 0.07778586 0.00063799 -0.00357455
v 0.07790492 0.00121480 -0.00362840
v 0.07749990 0.00047036 -0.00312148
v 0.07765500 -0.00032584 -0.00344892
v 0.07782931 -0.00150982 -0.00337444
v 0.07749997 -0.00124337 -0.00288949
v 0.07785401 -0.00209812 -0.00327066
v 0.08087000 -0.00110642 -0.00233666
v 0.08044223 -0.00110948 -0.00341170
v 0.08032692 -0.00216560 -0.00325603
v 0.08070000 -0.00098028 -0.00297031
v 0.08061304 -0.00030691 -0.00335262
v 0.08043959 0.00042159 -0.00355438
v 0.08050384 0.00108084 -0.00352469
v 0.08022441 0.00179668 -0.00351788
v 0.08070018 0.00147644 -0.00278186
v 0.08042158 0.00226902 -0.00285100
v 0.08048451 0.00295066 -0.00188952
v 0.08070016 0.00234816 -0.00212149
v 0.08039925 0.00347102 -0.00115527
v 0.08070001 0.00299487 -0.00093100
v 0.08018590 0.00402129 -0.00036630
v 0.08043618 0.00350685 0.00075047
v 0.08047847 0.00329142 0.00121949
v 0.08070081 0.00316997 0.00047488
v 0.08046519 0.00296318 0.00193387
v 0.08070004 0.00253122 0.00186686
v 0.08019484 0.00234170 0.00329245
v 0.08070007 0.00179369 0.00257366
v 0.08083910 0.00142764 0.00162255
v 0.07774041 -0.00340969 -0.00096207
v 0.07777933 -0.00277308 -0.00234753
v 0.07778794 -0.00226840 0.00285227
v 0.07985386 -0.00152164 0.00415535
v 0.08048454 -0.00264229 0.00232468
v 0.08040549 -0.00346514 0.00116361
v 0.07774741 0.00107334 0.00341505
v 0.08043813 0.00117971 0.00340514
v 0.07775801 -0.00054383 0.00356564
v 0.08037279 -0.00087899 0.00359708
v 0.08069991 -0.00028887 0.00312422
v 0.08070002 -0.00002882 0.00313591
v 0.08070000 0.00119551 0.00288826
v 0.08070001 -0.00214480 0.00227889
v 0.08070000 0.00113731 0.00144619
v 0.08069998 0.00140955 0.00118712
v 0.08069991 0.00169456 0.00074543
v 0.08070000 -0.00304292 -0.00073287
v 0.08069997 0.00183144 0.00019874
v 0.08065984 0.00179398 -0.00005237
v 0.08069999 -0.00208674 -0.00233063
v 0.08070000 -0.00098766 -0.00155224
v 0.08069991 0.00157002 -0.00097642
v 0.08083910 -0.00085447 -0.00198525
v 0.08069993 -0.00040159 -0.00180158
v 0.08083913 -0.00019713 -0.00215315
v 0.08069992 0.00012020 -0.00184167
v 0.08069993 0.00096733 -0.00158701
v 0.08069994 0.00054776 -0.00175954
v 0.07750000 -0.00040963 0.00309804
v 0.07749990 0.00044197 0.00312010
v 0.07749998 -0.00135936 0.00282944
v 0.07750000 -0.00213538 0.00228333
v 0.07750000 0.00134176 0.00283379
v 0.07762382 -0.00270852 0.00212172
v 0.07750000 -0.00259390 0.00174279
v 0.07750001 -0.00279975 0.00139336
v 0.07750007 0.00112820 0.00166848
v 0.07749999 -0.00299781 0.00090212
v 0.07750005 0.00170567 0.00105471
v 0.07750011 0.00195422 0.00047427
v 0.07749998 -0.00313077 -0.00020164
v 0.07750005 -0.00299250 -0.00091869
v 0.07750012 0.00199593 -0.00023037
v 0.07750001 -0.00273064 -0.00153241
v 0.07750000 -0.00242995 -0.00196657
v 0.07750000 -0.00222243 -0.00219835
v 0.07750002 0.00166483 -0.00111261
v 0.07750004 -0.00098450 -0.00174122
v 0.07750002 -0.00080292 -0.00183190
v 0.07750007 0.00053464 -0.00193340
v 0.07750006 0.00005820 -0.00201603
v 0.08032100 -0.00087020 -0.00136763
v 0.07771882 -0.00087020 -0.00136763
v 0.07836923 -0.00065774 -0.00116662
v 0.07771882 -0.00072970 -0.00144747
v 0.07836919 -0.00053412 -0.00122819
v 0.08032100 -0.00058195 -0.00151293
v 0.07771882 -0.00058195 -0.00151293
v 0.07836912 -0.00040482 -0.00127672
v 0.08032100 -0.00042842 -0.00156336
v 0.07771882 -0.00042842 -0.00156336
v 0.08032100 -0.00034996 -0.00158277
v 0.07771882 -0.00034996 -0.00158277
v 0.08032100 -0.00027063 -0.00159825
v 0.07771882 -0.00027063 -0.00159825
v 0.08032100 -0.00019063 -0.00160975
v 0.07771882 -0.00019063 -0.00160975
v 0.08032100 -0.00011015 -0.00161725
v 0.07771882 -0.00011015 -0.00161725
v 0.08032100 -0.00002940 -0.00162073
v 0.07771882 -0.00002940 -0.00162073
v 0.08032100 0.00005142 -0.00162018
v 0.07771882 0.00005142 -0.00162018
v 0.08032100 0.00013212 -0.00161561
v 0.07771882 0.00013212 -0.00161561
v 0.08032100 0.00021248 -0.00160701
v 0.07771882 0.00021248 -0.00160701
v 0.08032100 0.00029232 -0.00159442
v 0.07771882 0.00029232 -0.00159442
v 0.08032100 0.00037143 -0.00157787
v 0.07771882 0.00037143 -0.00157787
v 0.08032100 0.00044962 -0.00155740
v 0.07771882 0.00044962 -0.00155740
v 0.08032100 0.00052669 -0.00153305
v 0.07771882 0.00052669 -0.00153305
v 0.08032100 0.00060246 -0.00150489
v 0.07771882 0.00060246 -0.00150489
v 0.08032100 0.00067672 -0.00147299
v 0.07771882 0.00067672 -0.00147299
v 0.08032100 0.00074930 -0.00143742
v 0.07771882 0.00074930 -0.00143742
v 0.08032100 0.00082002 -0.00139829
v 0.07771882 0.00082002 -0.00139829
v 0.08032100 0.00088870 -0.00135568
v 0.07771882 0.00088870 -0.00135568
v 0.08032100 0.00095517 -0.00130969
v 0.07771882 0.00095517 -0.00130969
v 0.08032100 0.00101926 -0.00126045
v 0.07771882 0.00101926 -0.00126045
v 0.08032100 0.00108082 -0.00120808
v 0.07771882 0.00108082 -0.00120808
v 0.08032100 0.00113970 -0.00115270
v 0.07771882 0.00113970 -0.00115270
v 0.08032100 0.00119574 -0.00109446
v 0.07771826 0.00114569 -0.00114914
v 0.07771882 0.00124881 -0.00103350
v 0.08032240 0.00122635 -0.00106084
v 0.08032100 0.00129877 -0.00096997
v 0.07771882 0.00129877 -0.00096997
v 0.08032100 0.00134551 -0.00090402
v 0.07771882 0.00134551 -0.00090402
v 0.08032100 0.00138889 -0.00083583
v 0.07771882 0.00138889 -0.00083583
v 0.08032100 0.00142883 -0.00076556
v 0.07771882 0.00142883 -0.00076556
v 0.08032100 0.00146521 -0.00069339
v 0.07771845 0.00147802 -0.00066639
v 0.07771882 0.00149796 -0.00061949
v 0.08032100 0.00149796 -0.00061949
v 0.08032100 0.00152697 -0.00054405
v 0.07771882 0.00152697 -0.00054405
v 0.07771882 0.00155219 -0.00046726
v 0.08032100 0.00155219 -0.00046726
v 0.08032100 0.00157356 -0.00038931
v 0.07771882 0.00157356 -0.00038931
v 0.08032100 0.00159100 -0.00031039
v 0.08032100 0.00160450 -0.00023070
v 0.07771882 0.00160450 -0.00023070
v 0.08032100 0.00161400 -0.00015044
v 0.07771882 0.00161400 -0.00015044
v 0.07771882 0.00161950 -0.00006980
v 0.08032100 0.00162096 0.00001101
v 0.07771882 0.00161840 0.00009180
v 0.08032100 0.00161840 0.00009180
v 0.08032100 0.00161181 0.00017235
v 0.07771882 0.00161181 0.00017235
v 0.08032100 0.00160122 0.00025248
v 0.07771882 0.00160122 0.00025248
v 0.07771882 0.00158664 0.00033198
v 0.08032271 0.00157124 0.00040561
v 0.08032100 0.00156812 0.00041066
v 0.07771908 0.00156527 0.00042157
v 0.07771882 0.00154570 0.00048831
v 0.08032259 0.00152352 0.00055857
v 0.08032100 0.00151944 0.00056475
v 0.07771882 0.00151944 0.00056475
v 0.08032100 0.00148940 0.00063979
v 0.07771882 0.00148940 0.00063979
v 0.07771882 0.00145566 0.00071323
v 0.08032100 0.00145566 0.00071323
v 0.08032100 0.00141830 0.00078490
v 0.07771882 0.00141830 0.00078490
v 0.07771882 0.00137741 0.00085462
v 0.08032100 0.00137741 0.00085462
v 0.07771882 0.00133310 0.00092222
v 0.08032100 0.00133310 0.00092222
v 0.07836912 0.00107047 0.00080497
v 0.08032461 0.00117935 0.00111562
v 0.07836919 0.00098184 0.00091089
v 0.07836923 0.00088279 0.00100713
v 0.08032587 0.00105991 0.00122979
v 0.08052363 0.00169967 0.00297983
v 0.08069997 0.00095407 0.00297665
v 0.08057906 -0.00001532 0.00344657
v 0.08070002 -0.00123675 0.00287789
v 0.08069990 -0.00179444 0.00256333
v 0.08069996 -0.00246978 0.00192032
v 0.08070006 -0.00280954 0.00140833
v 0.08070000 -0.00298554 0.00096448
v 0.08069995 -0.00309855 0.00040893
v 0.08069998 -0.00312817 -0.00018075
v 0.08041564 -0.00358795 -0.00057397
v 0.08069995 -0.00285451 -0.00128186
v 0.08069997 -0.00254372 -0.00182340
v 0.08037370 -0.00267582 -0.00255925
v 0.07750002 -0.00201831 -0.00238726
v 0.07915216 -0.00370757 -0.00180137
v 0.07847739 -0.00444724 0.00071110
v 0.07782681 -0.00354265 0.00105421
v 0.07750003 -0.00308845 0.00049366
v 0.07772297 -0.00268680 0.00226188
v 0.07783249 -0.00165187 0.00331112
v 0.07750002 -0.00058016 0.00307152
v 0.07767637 0.00042996 0.00340343
v 0.07787482 0.00174415 0.00335242
v 0.08048996 0.00163347 0.00053934
v 0.08069994 0.00179768 -0.00042140
v 0.08047035 0.00164145 -0.00047528
v 0.08051716 0.00141478 -0.00100265
v 0.08044855 0.00110813 -0.00128440
v 0.08045068 0.00083629 -0.00147732
v 0.08045262 -0.00046745 -0.00163294
v 0.08058198 -0.00077769 -0.00157569
v 0.07760356 -0.00057624 -0.00172671
v 0.07750002 -0.00039968 -0.00196254
v 0.07765976 0.00003989 -0.00172456
v 0.07766340 0.00069563 -0.00157163
v 0.07750001 0.00109477 -0.00167761
v 0.07750017 0.00134310 -0.00149491
v 0.07750018 0.00190557 -0.00065755
v 0.07771835 0.00160445 -0.00024144
v 0.07771840 0.00162048 0.00008197
v 0.07771906 0.00125990 0.00102070
v 0.07766210 0.00130818 0.00111779
v 0.07771896 0.00110532 0.00118635
v 0.06450000 -0.00072873 0.00394430
v 0.06450000 0.00039191 0.00399507
v 0.06278083 0.00045295 0.00403876
v 0.06450000 0.00164076 0.00366949
v 0.06450000 0.00271560 0.00295639
v 0.06450000 0.00346346 0.00202962
v 0.06277102 0.00305964 0.00260720
v 0.06450000 0.00384793 0.00111473
v 0.06450000 0.00399222 0.00033378
v 0.06450000 0.00396002 -0.00065809
v 0.06450000 0.00359269 -0.00179090
v 0.06450000 0.00290914 -0.00276612
v 0.06277828 0.00300396 -0.00267960
v 0.06450000 0.00213471 -0.00338993
v 0.06450000 0.00142380 -0.00374449
v 0.06277473 0.00159170 -0.00371022
v 0.08050000 -0.00026488 0.00198238
v 0.06450000 -0.00036336 0.00196672
v 0.06450000 -0.00026488 0.00198238
v 0.08050000 -0.00036336 0.00196672
v 0.08050000 -0.00016573 0.00199312
v 0.06450000 -0.00016573 0.00199312
v 0.08050000 -0.00006618 0.00199890
v 0.06450000 -0.00006618 0.00199890
v 0.08050000 0.00003354 0.00199972
v 0.06450000 0.00003354 0.00199972
v 0.06450000 0.00013318 0.00199556
v 0.08050000 0.00013318 0.00199556
v 0.08050000 0.00023248 0.00198644
v 0.06450000 0.00023248 0.00198644
v 0.08050000 0.00033121 0.00197238
v 0.06450000 0.00033121 0.00197238
v 0.08050000 0.00042911 0.00195342
v 0.06450000 0.00042911 0.00195342
v 0.06450000 0.00052595 0.00192961
v 0.08050000 0.00052595 0.00192961
v 0.08050000 0.00062148 0.00190099
v 0.06450000 0.00062148 0.00190099
v 0.08050000 0.00071546 0.00186765
v 0.06450000 0.00071546 0.00186765
v 0.08050000 0.00080767 0.00182966
v 0.06450000 0.00080767 0.00182966
v 0.08050000 0.00089786 0.00178713
v 0.06450000 0.00089786 0.00178713
v 0.06450000 0.00098583 0.00174015
v 0.08050000 0.00098583 0.00174015
v 0.08050000 0.00107134 0.00168885
v 0.06450000 0.00107134 0.00168885
v 0.08050000 0.00115419 0.00163335
v 0.06450000 0.00115419 0.00163335
v 0.08050000 0.00123418 0.00157379
v 0.06450000 0.00123418 0.00157379
v 0.08050000 0.00131109 0.00151031
v 0.06450000 0.00131109 0.00151031
v 0.08050000 0.00138474 0.00144308
v 0.06450000 0.00138474 0.00144308
v 0.06450000 0.00145495 0.00137227
v 0.08050000 0.00145495 0.00137227
v 0.06450000 0.00152155 0.00129804
v 0.08050000 0.00152155 0.00129804
v 0.08050000 0.00158436 0.00122058
v 0.06450000 0.00158436 0.00122058
v 0.08050000 0.00164323 0.00114009
v 0.06450000 0.00164323 0.00114009
v 0.08050000 0.00169801 0.00105676
v 0.06450000 0.00169801 0.00105676
v 0.08050000 0.00174858 0.00097081
v 0.06450000 0.00174858 0.00097081
v 0.08050000 0.00179480 0.00088245
v 0.06450000 0.00179480 0.00088245
v 0.08050000 0.00183655 0.00079189
v 0.06450000 0.00183655 0.00079189
v 0.08050000 0.00187374 0.00069936
v 0.06450000 0.00187374 0.00069936
v 0.08050000 0.00190627 0.00060509
v 0.06450000 0.00190627 0.00060509
v 0.08050000 0.00193406 0.00050932
v 0.06450000 0.00193406 0.00050932
v 0.08050000 0.00195705 0.00041228
v 0.06450000 0.00195705 0.00041228
v 0.08050000 0.00197516 0.00031422
v 0.06450000 0.00197516 0.00031422
v 0.06450000 0.00198837 0.00021537
v 0.08050000 0.00198837 0.00021537
v 0.08050000 0.00199663 0.00011599
v 0.06450000 0.00199663 0.00011599
v 0.08050000 0.00199993 0.00001632
v 0.06450000 0.00199993 0.00001632
v 0.08050000 0.00199826 -0.00008339
v 0.06450000 0.00199826 -0.00008339
v 0.08050000 0.00199162 -0.00018289
v 0.06450000 0.00199162 -0.00018289
v 0.08050000 0.00198003 -0.00028193
v 0.06450000 0.00198003 -0.00028193
v 0.08050000 0.00196351 -0.00038028
v 0.06450000 0.00196351 -0.00038028
v 0.08050000 0.00194212 -0.00047768
v 0.06450000 0.00194212 -0.00047768
v 0.08050000 0.00191589 -0.00057389
v 0.06450000 0.00191589 -0.00057389
v 0.06450000 0.00188491 -0.00066868
v 0.08050000 0.00188491 -0.00066868
v 0.08050000 0.00184923 -0.00076180
v 0.06450000 0.00184923 -0.00076180
v 0.08050000 0.00180896 -0.00085303
v 0.06450000 0.00180896 -0.00085303
v 0.08050000 0.00176419 -0.00094214
v 0.06450000 0.00176419 -0.00094214
v 0.08050000 0.00171504 -0.00102891
v 0.06450000 0.00171504 -0.00102891
v 0.08050000 0.00166162 -0.00111312
v 0.06450000 0.00166162 -0.00111312
v 0.08050000 0.00160407 -0.00119456
v 0.06450000 0.00160407 -0.00119456
v 0.08050000 0.00154253 -0.00127303
v 0.06450000 0.00154253 -0.00127303
v 0.08050000 0.00147716 -0.00134833
v 0.06450000 0.00147716 -0.00134833
v 0.08050000 0.00140811 -0.00142029
v 0.06450000 0.00140811 -0.00142029
v 0.08050000 0.00133557 -0.00148871
v 0.06450000 0.00133557 -0.00148871
v 0.08050000 0.00125970 -0.00155343
v 0.06450000 0.00125970 -0.00155343
v 0.08050000 0.00118070 -0.00161429
v 0.06450000 0.00118070 -0.00161429
v 0.08050000 0.00109877 -0.00167114
v 0.06450000 0.00109877 -0.00167114
v 0.08050000 0.00101410 -0.00172383
v 0.06450000 0.00101410 -0.00172383
v 0.08050000 0.00092692 -0.00177224
v 0.06450000 0.00092692 -0.00177224
v 0.08050000 0.00083743 -0.00181624
v 0.06450000 0.00083743 -0.00181624
v 0.08050000 0.00074585 -0.00185572
v 0.06450000 0.00074585 -0.00185572
v 0.08050000 0.00065243 -0.00189059
v 0.06450000 0.00065243 -0.00189059
v 0.08050000 0.00055738 -0.00192076
v 0.06450000 0.00055738 -0.00192076
v 0.08050000 0.00046094 -0.00194616
v 0.06450000 0.00046094 -0.00194616
v 0.06450000 0.00036336 -0.00196672
v 0.08050000 0.00036336 -0.00196672
v 0.06260320 0.00374257 0.00048701
v 0.06173112 -0.00189562 -0.00079703
v 0.06276012 0.00400032 0.00079509
v 0.06236382 0.00345424 -0.00016989
v 0.06192657 0.00264263 0.00003847
v 0.06277123 0.00379390 -0.00134576
v 0.06171675 0.00206187 -0.00007548
v 0.06150553 0.00118822 -0.00022862
v 0.06216264 0.00286053 -0.00128241
v 0.06146134 0.00057684 -0.00071685
v 0.06145727 0.00080762 -0.00029823
v 0.06145181 0.00075716 -0.00031233
v 0.06144886 0.00072529 -0.00032651
v 0.06144665 0.00069771 -0.00034261
v 0.06144393 0.00065213 -0.00037919
v 0.06144303 0.00062015 -0.00041592
v 0.06144329 0.00059845 -0.00045027
v 0.06144420 0.00058412 -0.00048095
v 0.06144703 0.00056810 -0.00053509
v 0.06145143 0.00056228 -0.00059132
v 0.06165463 0.00078248 -0.00180076
v 0.06190201 0.00203911 -0.00156793
v 0.06144791 -0.00060989 -0.00056306
v 0.06146148 -0.00028639 -0.00086454
v 0.06145181 -0.00031233 -0.00075716
v 0.06144886 -0.00032651 -0.00072529
v 0.06144665 -0.00034261 -0.00069771
v 0.06144393 -0.00037919 -0.00065213
v 0.06144303 -0.00041592 -0.00062015
v 0.06144329 -0.00045027 -0.00059845
v 0.06144420 -0.00048095 -0.00058412
v 0.06144703 -0.00053509 -0.00056810
v 0.06145143 -0.00059132 -0.00056228
v 0.06261040 0.00245367 -0.00287736
v 0.06222229 0.00228581 -0.00227556
v 0.06158531 -0.00015290 -0.00164670
v 0.06171762 0.00080935 -0.00192326
v 0.06205057 0.00041905 -0.00284868
v 0.06267194 0.00191095 -0.00336036
v 0.06158608 -0.00152963 -0.00074205
v 0.06246181 0.00146837 -0.00325181
v 0.06181032 -0.00195134 -0.00082478
v 0.06172621 -0.00006741 -0.00206221
v 0.06242469 0.00110114 -0.00333429
v 0.06226755 -0.00052527 -0.00323480
v 0.06274627 0.00049181 -0.00396544
v 0.06192506 -0.00233531 -0.00124102
v 0.06277601 -0.00388344 -0.00101605
v 0.06277051 -0.00003017 -0.00400187
v 0.06277548 -0.00094326 -0.00391335
v 0.06277244 -0.00354756 -0.00186192
v 0.06220924 -0.00184691 -0.00260454
v 0.06217520 -0.00087046 -0.00300563
v 0.06240993 -0.00271343 -0.00220822
v 0.06277397 -0.00301310 -0.00264557
v 0.06277115 -0.00189706 -0.00352327
v 0.06277155 -0.00235715 -0.00323873
v 0.06276880 0.00215624 0.00338096
v 0.06247244 0.00245181 0.00260389
v 0.06251984 0.00112196 0.00350468
v 0.06226631 0.00223773 0.00235843
v 0.06251218 0.00323236 0.00168235
v 0.06201580 0.00033121 0.00286680
v 0.06199160 0.00128081 0.00238754
v 0.06241711 0.00320622 0.00146734
v 0.06214269 0.00214125 0.00224517
v 0.06277650 -0.00100124 0.00387383
v 0.06217266 0.00291451 0.00097631
v 0.06192570 0.00221611 0.00128319
v 0.06276673 -0.00137492 0.00375974
v 0.06196077 0.00255308 0.00070424
v 0.06169661 0.00189893 0.00088064
v 0.06218580 -0.00114451 0.00289076
v 0.06172229 0.00006635 0.00211354
v 0.06172333 0.00193958 0.00058353
v 0.06218459 -0.00070416 0.00305377
v 0.06167365 0.00009583 0.00192121
v 0.06153597 0.00124818 0.00068129
v 0.06171469 -0.00014653 0.00202963
v 0.06233499 -0.00173565 0.00288713
v 0.06277276 -0.00214990 0.00338439
v 0.06149230 0.00050581 0.00096721
v 0.06149876 0.00022760 0.00115886
v 0.06145181 0.00031233 0.00075716
v 0.06144886 0.00032651 0.00072529
v 0.06144665 0.00034261 0.00069771
v 0.06144393 0.00037919 0.00065213
v 0.06144303 0.00041592 0.00062015
v 0.06144329 0.00045027 0.00059845
v 0.06144420 0.00048095 0.00058412
v 0.06144703 0.00053509 0.00056810
v 0.06145143 0.00059132 0.00056228
v 0.06145727 0.00064775 0.00056712
v 0.06172097 -0.00082131 0.00190420
v 0.06157718 -0.00070113 0.00137284
v 0.06225311 -0.00205815 0.00253750
v 0.06277161 -0.00287124 0.00279209
v 0.06184298 -0.00172505 0.00162629
v 0.06152547 -0.00096597 0.00086935
v 0.06145727 -0.00080762 0.00029823
v 0.06145181 -0.00075716 0.00031233
v 0.06144886 -0.00072529 0.00032651
v 0.06144665 -0.00069771 0.00034261
v 0.06144393 -0.00065213 0.00037919
v 0.06144303 -0.00062015 0.00041592
v 0.06144329 -0.00059845 0.00045027
v 0.06144420 -0.00058412 0.00048095
v 0.06144703 -0.00056810 0.00053509
v 0.06145143 -0.00056228 0.00059132
v 0.06145727 -0.00056712 0.00064775
v 0.06277682 -0.00317523 0.00243795
v 0.06150354 -0.00142986 0.00020800
v 0.06274717 -0.00337127 0.00216196
v 0.06160644 -0.00166376 0.00014144
v 0.06172806 -0.00205636 0.00006767
v 0.06182821 -0.00217033 0.00089319
v 0.06277680 -0.00374774 0.00140726
v 0.06246609 -0.00331608 0.00133638
v 0.06277420 -0.00382818 0.00119222
v 0.06207777 -0.00275354 0.00101857
v 0.06277603 -0.00396242 0.00055553
v 0.06197625 -0.00270142 0.00006761
v 0.06276576 -0.00398529 0.00045126
v 0.06235940 -0.00340837 0.00001949
v 0.06244427 -0.00342121 -0.00106548
v 0.06277653 -0.00399408 -0.00023875
v 0.08050000 -0.00089786 -0.00178713
v 0.08050000 -0.00098583 -0.00174015
v 0.08050000 -0.00107134 -0.00168885
v 0.08050000 -0.00145495 -0.00137227
v 0.08050000 -0.00123418 -0.00157379
v 0.08050000 -0.00131109 -0.00151031
v 0.08050000 -0.00138474 -0.00144308
v 0.08050000 -0.00062148 -0.00190099
v 0.08050000 -0.00071546 -0.00186765
v 0.08050000 -0.00080767 -0.00182966
v 0.08050000 -0.00158436 -0.00122058
v 0.08050000 -0.00152155 -0.00129804
v 0.08050000 -0.00174858 -0.00097081
v 0.08050000 -0.00164323 -0.00114009
v 0.08050000 -0.00169801 -0.00105676
v 0.08050000 -0.00179480 -0.00088245
v 0.08050000 -0.00115419 -0.00163335
v 0.08050000 -0.00013318 -0.00199556
v 0.08050000 -0.00023248 -0.00198644
v 0.08050000 -0.00033121 -0.00197238
v 0.08050000 -0.00187374 -0.00069936
v 0.08050000 -0.00183655 -0.00079189
v 0.08050000 -0.00190627 -0.00060509
v 0.08050000 -0.00198837 -0.00021537
v 0.08050000 -0.00195705 -0.00041228
v 0.08050000 -0.00197516 -0.00031422
v 0.08050000 -0.00199993 -0.00001632
v 0.08050000 -0.00193406 -0.00050932
v 0.08050000 -0.00199663 -0.00011599
v 0.08050000 -0.00199162 0.00018289
v 0.08050000 -0.00199826 0.00008339
v 0.08050000 -0.00198003 0.00028193
v 0.08050000 -0.00191589 0.00057389
v 0.08050000 -0.00196351 0.00038028
v 0.08050000 -0.00194212 0.00047768
v 0.08050000 0.00026488 -0.00198238
v 0.08050000 0.00016573 -0.00199312
v 0.08050000 0.00006618 -0.00199890
v 0.08050000 -0.00003354 -0.00199972
v 0.08050000 -0.00042911 -0.00195342
v 0.08050000 -0.00052595 -0.00192961
v 0.08050000 -0.00188491 0.00066868
v 0.08050000 -0.00184923 0.00076180
v 0.08050000 -0.00171504 0.00102891
v 0.08050000 -0.00180896 0.00085303
v 0.08050000 -0.00176419 0.00094214
v 0.08050000 -0.00166162 0.00111312
v 0.08050000 -0.00154253 0.00127303
v 0.08050000 -0.00160407 0.00119456
v 0.08050000 -0.00147716 0.00134833
v 0.08050000 -0.00140811 0.00142029
v 0.08050000 -0.00125970 0.00155343
v 0.08050000 -0.00133557 0.00148871
v 0.08050000 -0.00118070 0.00161429
v 0.08050000 -0.00109877 0.00167114
v 0.08050000 -0.00101410 0.00172383
v 0.08050000 -0.00065243 0.00189059
v 0.08050000 -0.00092692 0.00177224
v 0.08050000 -0.00083743 0.00181624
v 0.08050000 -0.00074585 0.00185572
v 0.08050000 -0.00055738 0.00192076
v 0.08050000 -0.00046094 0.00194616
v 0.06450000 0.00026488 -0.00198238
v 0.06450000 0.00016573 -0.00199312
v 0.06450000 0.00006618 -0.00199890
v 0.06450000 -0.00003354 -0.00199972
v 0.06450000 -0.00013318 -0.00199556
v 0.06450000 -0.00023248 -0.00198644
v 0.06450000 -0.00033121 -0.00197238
v 0.06450000 -0.00042911 -0.00195342
v 0.06450000 -0.00052595 -0.00192961
v 0.06450000 -0.00062148 -0.00190099
v 0.06450000 -0.00071546 -0.00186765
v 0.06450000 -0.00080767 -0.00182966
v 0.06450000 -0.00089786 -0.00178713
v 0.06450000 -0.00098583 -0.00174015
v 0.06450000 -0.00107134 -0.00168885
v 0.06450000 -0.00115419 -0.00163335
v 0.06450000 -0.00123418 -0.00157379
v 0.06450000 -0.00131109 -0.00151031
v 0.06450000 -0.00138474 -0.00144308
v 0.06450000 -0.00145495 -0.00137227
v 0.06450000 -0.00152155 -0.00129804
v 0.06450000 -0.00158436 -0.00122058
v 0.06450000 -0.00164323 -0.00114009
v 0.06450000 -0.00169801 -0.00105676
v 0.06450000 -0.00174858 -0.00097081
v 0.06450000 -0.00179480 -0.00088245
v 0.06450000 -0.00183655 -0.00079189
v 0.06450000 -0.00187374 -0.00069936
v 0.06450000 -0.00190627 -0.00060509
v 0.06450000 -0.00193406 -0.00050932
v 0.06450000 -0.00195705 -0.00041228
v 0.06450000 -0.00197516 -0.00031422
v 0.06450000 -0.00198837 -0.00021537
v 0.06450000 -0.00199663 -0.00011599
v 0.06450000 -0.00199993 -0.00001632
v 0.06450000 -0.00199826 0.00008339
v 0.06450000 -0.00199162 0.00018289
v 0.06450000 -0.00198003 0.00028193
v 0.06450000 -0.00196351 0.00038028
v 0.06450000 -0.00194212 0.00047768
v 0.06450000 -0.00191589 0.00057389
v 0.06450000 -0.00188491 0.00066868
v 0.06450000 -0.00184923 0.00076180
v 0.06450000 -0.00180896 0.00085303
v 0.06450000 -0.00176419 0.00094214
v 0.06450000 -0.00171504 0.00102891
v 0.06450000 -0.00166162 0.00111312
v 0.06450000 -0.00160407 0.00119456
v 0.06450000 -0.00154253 0.00127303
v 0.06450000 -0.00147716 0.00134833
v 0.06450000 -0.00140811 0.00142029
v 0.06450000 -0.00133557 0.00148871
v 0.06450000 -0.00125970 0.00155343
v 0.06450000 -0.00118070 0.00161429
v 0.06450000 -0.00109877 0.00167114
v 0.06450000 -0.00101410 0.00172383
v 0.06450000 -0.00092692 0.00177224
v 0.06450000 -0.00083743 0.00181624
v 0.06450000 -0.00074585 0.00185572
v 0.06450000 -0.00065243 0.00189059
v 0.06450000 -0.00055738 0.00192076
v 0.06450000 -0.00046094 0.00194616
v 0.06450000 -0.00172396 -0.00361619
v 0.06450000 -0.00240353 -0.00320500
v 0.06450000 -0.00097657 -0.00388522
v 0.06450000 -0.00298858 -0.00266786
v 0.06450000 -0.00019072 -0.00400151
v 0.06450000 -0.00345615 -0.00202588
v 0.06450000 -0.00378788 -0.00130430
v 0.06450000 0.00063009 -0.00395724
v 0.06450000 -0.00397074 -0.00053146
v 0.06450000 -0.00399755 0.00026226
v 0.06450000 -0.00379178 0.00133417
v 0.06450000 -0.00327993 0.00230021
v 0.06450000 -0.00254809 0.00310876
v 0.06450000 -0.00160792 0.00366920
v 0.06356730 0.00017440 -0.00094395
v 0.06356694 -0.00096207 -0.00006436
v 0.06357000 -0.00080762 0.00029823
v 0.06356730 -0.00017440 0.00094395
v 0.06357006 0.00085150 0.00060348
v 0.06357000 0.00101133 -0.00026060
v 0.06357000 0.00080762 -0.00029823
v 0.06357000 -0.00061857 -0.00056320
v 0.06357000 -0.00077897 0.00030500
v 0.06357000 0.00030500 0.00077897
v 0.06357000 -0.00056320 0.00061857
v 0.06357000 -0.00058915 -0.00056216
v 0.06357000 -0.00075112 0.00031454
v 0.06357000 0.00031454 0.00075112
v 0.06357000 -0.00056216 0.00058915
v 0.06357000 -0.00055976 -0.00056400
v 0.06357000 -0.00072433 0.00032676
v 0.06357000 0.00032676 0.00072433
v 0.06357000 -0.00056400 0.00055976
v 0.06357000 -0.00053070 -0.00056872
v 0.06357000 -0.00069888 0.00034155
v 0.06357000 0.00034155 0.00069888
v 0.06357000 -0.00056872 0.00053070
v 0.06357000 -0.00050224 -0.00057626
v 0.06357000 -0.00067499 0.00035876
v 0.06357000 0.00035876 0.00067499
v 0.06357000 -0.00057626 0.00050224
v 0.06357000 -0.00047466 -0.00058656
v 0.06357000 -0.00065291 0.00037823
v 0.06357000 0.00037823 0.00065291
v 0.06357000 -0.00058656 0.00047466
v 0.06357000 -0.00044822 -0.00059951
v 0.06357000 -0.00063285 0.00039977
v 0.06357000 0.00039977 0.00063285
v 0.06357000 -0.00059951 0.00044822
v 0.06357000 -0.00042318 -0.00061499
v 0.06357000 -0.00061499 0.00042318
v 0.06357000 0.00042318 0.00061499
v 0.06357000 0.00061499 -0.00042318
v 0.06357000 0.00059951 -0.00044822
v 0.06357000 -0.00039977 -0.00063285
v 0.06357000 0.00063285 -0.00039977
v 0.06357000 0.00044822 0.00059951
v 0.06357000 0.00058656 -0.00047466
v 0.06357000 -0.00037823 -0.00065291
v 0.06357000 0.00065291 -0.00037823
v 0.06357000 0.00047466 0.00058656
v 0.06357000 0.00057626 -0.00050224
v 0.06357000 -0.00035876 -0.00067499
v 0.06357000 0.00067499 -0.00035876
v 0.06357000 0.00050224 0.00057626
v 0.06357000 0.00056872 -0.00053070
v 0.06357000 -0.00034155 -0.00069888
v 0.06357000 -0.00032676 -0.00072433
v 0.06357000 0.00069888 -0.00034155
v 0.06357000 0.00053070 0.00056872
v 0.06357000 0.00056400 -0.00055976
v 0.06357000 -0.00031454 -0.00075112
v 0.06357000 0.00072433 -0.00032676
v 0.06357000 0.00055976 0.00056400
v 0.06357000 0.00056216 -0.00058915
v 0.06357000 0.00075112 -0.00031454
v 0.06357000 0.00058915 0.00056216
v 0.06357000 0.00056320 -0.00061857
v 0.06357000 -0.00030500 -0.00077897
v 0.06357000 0.00077897 -0.00030500
v 0.06357000 0.00061857 0.00056320
f 5 4 6
f 5 2 3
f 3 7 5
f 9 11 13
f 4 14 6
f 5 7 4
f 8 6 12
f 7 3 15
f 6 14 10
f 8 12 9
f 6 10 17
f 6 17 12
f 13 11 19
f 7 15 4
f 13 19 922
f 9 12 11
f 16 18 20
f 15 24 4
f 16 20 27
f 18 922 19
f 10 21 17
f 12 22 11
f 18 19 20
f 10 14 23
f 10 23 21
f 4 24 14
f 17 21 29
f 11 22 25
f 11 25 19
f 20 26 27
f 19 30 20
f 24 28 14
f 14 28 36
f 23 14 36
f 21 23 36
f 12 17 22
f 17 29 22
f 21 36 31
f 20 30 34
f 21 31 29
f 20 34 26
f 19 25 30
f 29 32 22
f 28 24 35
f 22 33 25
f 26 34 27
f 22 32 33
f 28 35 38
f 485 27 41
f 28 38 36
f 27 34 41
f 34 30 37
f 36 39 40
f 31 36 40
f 31 40 29
f 30 25 33
f 36 38 39
f 34 37 43
f 30 33 37
f 34 43 41
f 29 46 32
f 35 44 38
f 41 42 47
f 33 45 51
f 37 33 51
f 33 32 46
f 29 40 48
f 39 38 40
f 41 43 42
f 29 48 46
f 33 46 45
f 47 42 56
f 40 38 49
f 40 49 48
f 38 44 50
f 38 50 49
f 43 37 51
f 46 48 52
f 43 51 54
f 42 43 54
f 49 53 48
f 42 54 62
f 42 62 56
f 46 55 57
f 46 57 45
f 48 53 58
f 46 52 55
f 51 45 59
f 49 50 60
f 48 58 52
f 49 60 61
f 49 61 53
f 45 57 59
f 51 63 54
f 53 61 58
f 61 60 58
f 51 59 63
f 57 55 64
f 68 62 67
f 59 57 64
f 60 65 58
f 52 66 71
f 55 52 71
f 62 54 67
f 55 71 64
f 58 69 66
f 59 70 63
f 52 58 66
f 58 65 69
f 54 63 72
f 67 54 72
f 66 69 73
f 64 76 59
f 78 68 67
f 64 71 76
f 59 77 70
f 66 73 74
f 67 72 78
f 59 76 77
f 63 70 75
f 71 66 76
f 63 75 72
f 66 74 76
f 70 77 83
f 70 83 89
f 77 76 80
f 70 89 81
f 77 80 82
f 70 81 75
f 74 87 76
f 69 79 73
f 80 76 86
f 75 81 72
f 73 85 87
f 73 87 74
f 78 97 95
f 76 87 93
f 78 95 84
f 79 88 73
f 76 93 86
f 77 82 90
f 72 81 89
f 77 90 83
f 72 89 97
f 78 72 97
f 80 91 82
f 89 83 92
f 73 88 85
f 86 93 80
f 83 90 92
f 92 94 89
f 87 85 104
f 97 89 94
f 80 93 98
f 87 104 101
f 80 98 91
f 85 88 104
f 94 96 97
f 93 87 98
f 90 82 99
f 90 99 92
f 91 98 82
f 97 96 109
f 87 101 98
f 95 97 109
f 104 102 101
f 82 98 103
f 101 105 98
f 92 100 94
f 101 102 106
f 92 99 100
f 82 103 99
f 98 105 103
f 94 100 110
f 94 110 96
f 101 106 105
f 102 104 115
f 100 99 112
f 103 111 99
f 105 114 103
f 109 96 108
f 96 110 108
f 112 99 111
f 109 108 477
f 100 112 107
f 105 106 114
f 100 107 110
f 103 114 111
f 102 115 106
f 107 112 117
f 115 116 123
f 107 117 120
f 110 107 120
f 110 118 108
f 111 113 117
f 115 123 106
f 111 114 119
f 112 111 117
f 110 120 118
f 111 119 113
f 477 108 475
f 108 118 122
f 119 114 125
f 113 119 125
f 114 121 125
f 108 122 124
f 475 108 124
f 106 123 114
f 113 125 127
f 117 113 127
f 120 129 118
f 114 123 121
f 120 117 126
f 125 121 130
f 124 122 128
f 117 127 126
f 475 124 128
f 122 118 131
f 118 129 131
f 125 130 127
f 122 131 128
f 120 126 129
f 123 116 133
f 116 132 133
f 121 123 133
f 126 134 129
f 121 135 139
f 121 139 130
f 126 127 137
f 128 136 474
f 126 137 134
f 121 133 135
f 129 134 131
f 128 131 136
f 131 138 140
f 130 139 127
f 144 474 136
f 131 140 136
f 133 132 141
f 127 139 142
f 127 142 137
f 137 143 134
f 131 134 143
f 131 143 138
f 139 135 142
f 137 145 143
f 133 141 135
f 138 146 140
f 135 148 142
f 143 145 154
f 135 141 148
f 137 142 145
f 141 149 148
f 143 154 159
f 140 146 151
f 148 150 152
f 142 148 152
f 136 140 144
f 148 149 150
f 145 142 152
f 143 159 153
f 138 143 146
f 143 153 146
f 144 140 147
f 145 152 155
f 154 145 155
f 140 151 147
f 151 156 147
f 154 155 159
f 153 159 158
f 147 161 157
f 146 153 158
f 150 160 155
f 152 150 155
f 147 156 161
f 146 158 167
f 151 146 167
f 156 151 167
f 157 165 163
f 160 172 155
f 472 157 163
f 157 161 165
f 155 164 166
f 159 155 166
f 155 172 164
f 161 156 167
f 159 166 158
f 158 162 168
f 167 158 168
f 167 169 161
f 166 170 158
f 158 170 171
f 158 171 162
f 163 165 174
f 161 169 165
f 167 168 175
f 167 175 169
f 164 173 170
f 166 164 170
f 163 174 469
f 164 172 173
f 165 177 174
f 171 178 168
f 162 171 168
f 160 176 180
f 170 173 179
f 172 160 180
f 165 169 177
f 170 179 178
f 172 180 173
f 175 181 177
f 168 178 175
f 169 175 177
f 174 177 189
f 171 170 178
f 469 174 185
f 178 182 175
f 180 176 183
f 469 185 193
f 181 175 186
f 177 181 186
f 177 186 184
f 175 182 187
f 175 187 186
f 178 179 188
f 178 188 182
f 179 173 191
f 180 183 191
f 173 180 191
f 174 189 185
f 193 185 190
f 177 184 189
f 186 192 184
f 179 191 188
f 186 187 194
f 186 194 192
f 190 195 196
f 193 190 196
f 191 197 188
f 190 185 195
f 185 202 195
f 182 188 197
f 187 182 197
f 184 192 194
f 189 201 185
f 189 184 199
f 187 198 200
f 189 199 201
f 194 187 200
f 184 194 200
f 195 202 204
f 184 200 199
f 185 201 203
f 185 203 202
f 202 203 205
f 202 205 206
f 204 202 206
f 206 205 1
f 204 206 1
f 431 209 208
f 717 431 208
f 207 717 208
f 210 207 212
f 210 212 211
f 207 208 213
f 207 213 212
f 723 211 217
f 211 212 218
f 723 217 215
f 208 220 213
f 215 217 214
f 212 213 218
f 211 218 217
f 2 216 219
f 733 214 216
f 3 2 219
f 214 222 216
f 217 221 214
f 216 222 223
f 218 213 228
f 219 216 223
f 218 228 217
f 3 219 223
f 220 224 213
f 213 224 228
f 217 225 221
f 220 226 224
f 3 223 227
f 214 221 232
f 222 231 223
f 217 228 225
f 214 232 222
f 221 225 232
f 3 227 230
f 15 3 230
f 228 229 225
f 223 231 227
f 224 226 233
f 222 232 231
f 224 233 237
f 225 229 235
f 227 231 234
f 231 232 236
f 15 230 227
f 224 237 229
f 228 224 229
f 225 235 232
f 231 236 234
f 15 227 24
f 227 234 238
f 227 238 239
f 236 243 234
f 232 235 236
f 235 244 236
f 24 227 239
f 229 240 235
f 243 236 241
f 229 237 242
f 229 242 240
f 24 239 35
f 234 243 245
f 238 234 245
f 236 244 241
f 237 233 242
f 240 246 235
f 245 251 238
f 233 226 248
f 240 242 247
f 240 247 246
f 233 248 242
f 243 241 251
f 245 243 251
f 35 239 251
f 235 246 250
f 244 235 250
f 241 255 254
f 244 250 249
f 242 248 252
f 241 254 251
f 239 238 251
f 35 251 253
f 241 244 255
f 248 506 252
f 244 249 256
f 244 256 255
f 247 257 246
f 35 253 259
f 253 251 259
f 44 35 259
f 252 258 242
f 254 259 251
f 249 250 260
f 254 255 262
f 255 256 260
f 256 249 260
f 255 260 261
f 257 263 246
f 242 258 247
f 250 246 260
f 258 252 264
f 246 263 260
f 255 261 262
f 247 258 264
f 247 264 257
f 259 254 265
f 259 265 275
f 252 506 264
f 259 275 44
f 254 262 268
f 254 268 265
f 264 272 257
f 260 266 267
f 262 267 268
f 261 260 267
f 260 263 269
f 262 261 267
f 50 44 270
f 257 272 263
f 260 269 266
f 60 50 270
f 263 272 271
f 272 264 274
f 270 44 275
f 272 274 271
f 266 269 281
f 60 270 275
f 265 268 277
f 263 271 276
f 275 265 277
f 268 267 278
f 263 276 269
f 267 266 273
f 60 275 279
f 267 273 283
f 267 283 278
f 275 277 280
f 273 266 281
f 275 280 279
f 268 278 277
f 60 279 282
f 276 271 285
f 269 276 284
f 273 281 286
f 277 278 294
f 269 284 281
f 271 274 285
f 60 282 287
f 280 277 279
f 282 279 287
f 274 295 285
f 60 287 65
f 283 273 288
f 277 294 279
f 278 283 288
f 278 288 289
f 276 285 284
f 273 286 288
f 278 289 294
f 286 281 292
f 65 287 290
f 69 65 290
f 279 294 291
f 284 285 293
f 279 291 287
f 281 284 293
f 286 292 288
f 69 290 79
f 290 287 79
f 289 291 294
f 281 293 296
f 285 295 297
f 285 297 293
f 287 291 298
f 295 305 297
f 288 292 289
f 79 287 300
f 292 281 296
f 291 289 301
f 287 298 300
f 293 297 296
f 289 292 299
f 79 300 302
f 289 299 301
f 291 308 298
f 292 296 303
f 297 304 296
f 292 303 299
f 291 301 308
f 297 305 304
f 303 296 306
f 302 300 307
f 79 302 307
f 88 79 307
f 300 298 308
f 296 304 309
f 296 309 306
f 299 310 301
f 104 88 307
f 308 311 300
f 308 301 313
f 307 300 315
f 305 312 304
f 301 310 313
f 306 314 303
f 104 307 315
f 300 311 315
f 299 303 314
f 306 309 314
f 299 314 310
f 304 312 318
f 308 313 317
f 104 315 319
f 308 316 311
f 310 314 333
f 313 310 333
f 315 320 319
f 115 104 319
f 309 304 324
f 311 316 315
f 308 317 316
f 314 309 323
f 115 319 320
f 313 333 322
f 304 318 324
f 315 316 321
f 317 313 322
f 315 321 320
f 333 314 323
f 317 322 321
f 318 327 326
f 309 324 323
f 316 317 321
f 318 328 324
f 115 320 329
f 320 321 325
f 325 330 320
f 318 326 328
f 321 331 325
f 322 332 321
f 333 323 335
f 324 334 323
f 320 330 329
f 322 333 332
f 323 334 335
f 331 321 336
f 329 330 337
f 332 333 338
f 328 326 324
f 325 331 336
f 321 332 338
f 116 115 329
f 321 338 341
f 325 336 330
f 321 341 336
f 334 324 339
f 333 335 338
f 324 326 344
f 326 327 344
f 334 339 348
f 335 334 348
f 329 337 116
f 338 335 342
f 335 348 345
f 336 340 330
f 324 344 339
f 336 341 340
f 116 337 343
f 335 345 346
f 342 335 346
f 338 342 346
f 338 346 341
f 116 343 132
f 344 347 339
f 330 340 337
f 348 339 349
f 346 358 341
f 340 350 337
f 132 343 351
f 340 341 350
f 343 337 351
f 337 350 352
f 141 132 353
f 132 351 353
f 341 358 350
f 351 337 352
f 348 354 358
f 345 348 358
f 351 352 357
f 346 345 358
f 349 356 348
f 339 347 349
f 348 359 354
f 350 358 355
f 350 355 360
f 352 350 360
f 348 356 359
f 351 357 362
f 353 351 362
f 141 353 362
f 349 365 356
f 357 352 362
f 352 360 367
f 359 363 354
f 358 364 355
f 356 365 366
f 352 367 361
f 358 354 364
f 360 355 367
f 141 362 149
f 352 361 362
f 355 374 367
f 365 349 368
f 365 368 366
f 355 364 374
f 361 367 377
f 356 366 370
f 362 361 377
f 364 354 371
f 356 370 359
f 149 362 369
f 362 377 369
f 354 363 382
f 150 149 369
f 354 382 371
f 364 371 374
f 369 377 160
f 150 369 160
f 367 374 375
f 371 382 386
f 371 373 374
f 377 367 375
f 371 386 373
f 363 359 370
f 363 370 382
f 374 376 375
f 374 373 385
f 366 378 379
f 370 366 379
f 366 368 378
f 368 372 378
f 370 379 382
f 160 377 380
f 374 385 376
f 377 375 383
f 386 382 389
f 380 377 383
f 160 380 383
f 379 378 384
f 375 381 383
f 378 372 384
f 376 385 375
f 373 386 385
f 160 383 388
f 375 387 381
f 375 385 390
f 382 379 389
f 375 390 387
f 385 386 391
f 160 388 176
f 381 387 383
f 386 389 392
f 386 392 391
f 372 396 384
f 388 383 393
f 385 391 398
f 379 384 394
f 379 394 395
f 383 387 393
f 391 392 398
f 379 395 389
f 384 396 394
f 389 397 399
f 385 398 390
f 387 390 401
f 389 399 392
f 176 388 400
f 388 393 400
f 387 401 393
f 390 402 403
f 389 395 397
f 390 398 404
f 390 404 402
f 399 397 404
f 392 399 404
f 393 401 410
f 398 392 404
f 390 403 401
f 402 404 405
f 393 406 407
f 183 176 407
f 176 400 407
f 400 393 407
f 393 410 406
f 403 402 401
f 402 408 401
f 408 409 401
f 183 407 406
f 401 409 410
f 411 191 412
f 191 183 412
f 183 406 412
f 406 411 412
f 414 413 415
f 415 413 417
f 413 416 417
f 417 416 418
f 418 416 419
f 421 422 423
f 423 422 424
f 429 428 430
f 701 432 431
f 433 432 701
f 434 435 433
f 669 435 434
f 436 435 669
f 439 441 438
f 442 576 440
f 559 443 576
f 559 576 572
f 559 538 443
f 394 487 534
f 445 926 444
f 446 447 888
f 454 453 452
f 457 455 454
f 459 806 456
f 459 456 458
f 462 463 461
f 462 464 463
f 466 464 465
f 204 1 467
f 196 195 204
f 468 193 196
f 469 193 468
f 470 163 469
f 471 472 163
f 471 163 470
f 473 157 472
f 473 147 157
f 473 144 147
f 474 144 473
f 475 128 474
f 476 477 475
f 478 109 477
f 478 95 109
f 479 95 478
f 479 84 95
f 479 78 84
f 480 78 479
f 481 78 480
f 68 78 481
f 482 62 68
f 482 56 62
f 47 56 482
f 483 41 47
f 484 41 483
f 484 485 41
f 486 27 485
f 486 16 27
f 444 16 486
f 396 487 394
f 372 488 396
f 372 489 488
f 372 490 489
f 372 491 490
f 368 491 372
f 349 493 492
f 349 492 368
f 349 494 493
f 347 494 349
f 347 495 494
f 344 496 495
f 344 495 347
f 344 497 496
f 344 327 497
f 327 499 498
f 327 500 499
f 318 500 327
f 318 501 500
f 318 502 501
f 312 502 318
f 295 503 312
f 295 312 305
f 295 504 503
f 274 504 295
f 274 505 504
f 264 505 274
f 264 506 505
f 226 507 248
f 226 508 507
f 226 509 508
f 220 510 509
f 220 509 226
f 208 511 510
f 208 510 220
f 208 512 511
f 209 512 208
f 431 514 513
f 431 513 209
f 430 428 515
f 515 428 516
f 516 428 517
f 428 518 519
f 517 428 519
f 519 518 520
f 520 521 522
f 522 521 523
f 525 526 527
f 527 526 528
f 531 533 532
f 532 533 414
f 533 413 414
f 426 425 248
f 426 248 507
f 425 506 248
f 427 426 507
f 427 507 508
f 424 506 425
f 424 505 506
f 429 508 509
f 429 427 508
f 422 505 424
f 429 509 510
f 422 504 505
f 428 510 511
f 428 429 510
f 428 511 512
f 428 209 513
f 428 512 209
f 421 503 504
f 421 504 422
f 428 513 514
f 428 514 431
f 420 312 503
f 420 503 421
f 428 431 432
f 419 312 420
f 416 312 419
f 416 502 312
f 428 432 433
f 416 501 502
f 416 500 501
f 416 499 500
f 416 498 499
f 518 428 433
f 416 327 498
f 518 433 435
f 497 327 416
f 416 496 497
f 520 518 435
f 495 496 416
f 494 495 416
f 494 416 413
f 436 520 435
f 436 521 520
f 493 494 413
f 492 493 413
f 368 492 413
f 491 368 413
f 635 521 436
f 490 491 413
f 635 523 521
f 489 490 413
f 437 523 635
f 488 489 413
f 396 488 413
f 437 524 523
f 487 396 413
f 618 524 437
f 534 487 413
f 534 413 533
f 618 525 524
f 538 534 533
f 538 533 531
f 438 525 618
f 438 526 525
f 443 538 531
f 441 526 438
f 443 531 530
f 443 530 529
f 440 528 526
f 440 526 441
f 576 528 440
f 576 443 529
f 576 529 528
f 68 425 426
f 482 68 426
f 68 481 425
f 482 426 427
f 47 482 427
f 481 480 425
f 480 479 425
f 425 479 424
f 47 427 429
f 483 47 429
f 484 483 429
f 424 479 423
f 485 484 429
f 486 485 429
f 479 478 423
f 486 429 430
f 423 478 421
f 478 477 421
f 444 486 430
f 444 430 515
f 421 477 420
f 477 476 420
f 476 475 420
f 444 515 516
f 445 444 516
f 420 475 419
f 475 474 419
f 445 516 517
f 419 474 418
f 446 445 517
f 474 473 418
f 446 517 519
f 418 473 417
f 417 473 472
f 446 519 520
f 447 446 520
f 417 472 471
f 447 520 448
f 417 471 470
f 448 520 449
f 520 522 449
f 417 470 469
f 415 417 469
f 449 522 450
f 415 469 468
f 450 522 451
f 522 523 451
f 414 415 196
f 415 468 196
f 451 523 453
f 414 196 204
f 453 523 452
f 523 524 452
f 452 524 454
f 414 204 467
f 532 414 467
f 524 525 454
f 531 532 466
f 532 467 466
f 454 525 457
f 457 525 456
f 525 527 456
f 531 466 465
f 456 527 458
f 531 465 464
f 458 527 459
f 531 464 462
f 530 531 462
f 527 528 459
f 529 530 462
f 459 528 460
f 460 528 461
f 529 462 461
f 528 529 461
f 394 534 535
f 395 394 535
f 395 535 536
f 397 395 536
f 397 536 404
f 404 537 405
f 402 405 539
f 535 534 538
f 408 402 539
f 538 559 541
f 404 536 540
f 404 540 537
f 538 541 535
f 409 408 410
f 537 542 405
f 539 543 408
f 406 410 544
f 411 406 544
f 535 541 540
f 549 191 544
f 191 411 544
f 536 535 540
f 405 542 552
f 543 545 408
f 410 546 544
f 405 552 539
f 537 540 542
f 540 541 548
f 410 547 546
f 408 545 550
f 410 408 547
f 408 550 547
f 544 546 551
f 543 539 552
f 544 551 549
f 548 553 540
f 542 540 554
f 552 542 554
f 549 551 555
f 543 552 550
f 549 555 568
f 547 550 546
f 545 543 550
f 552 554 556
f 540 553 554
f 552 556 557
f 551 546 555
f 546 550 555
f 550 558 566
f 552 557 558
f 548 541 553
f 550 566 555
f 550 552 558
f 554 561 556
f 554 553 562
f 554 562 561
f 555 566 560
f 568 555 565
f 558 564 566
f 555 560 567
f 558 557 556
f 558 556 564
f 553 541 572
f 555 567 565
f 553 572 562
f 568 565 569
f 541 559 572
f 561 562 563
f 562 572 570
f 556 561 563
f 568 569 755
f 569 565 755
f 556 563 564
f 562 570 563
f 567 571 565
f 560 566 573
f 560 573 567
f 564 574 566
f 564 563 575
f 563 570 578
f 565 571 580
f 564 579 574
f 567 573 571
f 570 572 578
f 755 565 577
f 564 575 579
f 566 574 573
f 576 442 578
f 563 578 575
f 572 576 578
f 577 565 581
f 565 580 581
f 574 579 573
f 571 573 583
f 579 582 584
f 571 583 580
f 579 575 582
f 579 584 573
f 582 575 588
f 573 584 589
f 578 587 575
f 582 588 586
f 584 582 586
f 578 442 440
f 573 589 583
f 580 590 581
f 578 440 587
f 575 585 588
f 575 587 585
f 580 583 590
f 587 440 591
f 583 589 592
f 581 593 767
f 584 586 589
f 587 591 585
f 588 596 586
f 581 590 594
f 590 583 594
f 581 594 593
f 592 594 583
f 588 585 596
f 586 595 589
f 594 597 593
f 591 440 598
f 585 591 607
f 586 596 595
f 598 440 441
f 596 585 607
f 596 607 608
f 589 595 600
f 591 598 601
f 599 593 602
f 589 600 592
f 591 601 607
f 599 602 603
f 594 592 604
f 594 604 606
f 593 597 605
f 441 439 598
f 597 594 606
f 593 605 602
f 592 600 604
f 596 608 595
f 598 439 601
f 600 595 604
f 606 604 612
f 602 605 614
f 595 610 604
f 439 438 601
f 602 614 603
f 607 601 611
f 595 608 610
f 607 611 609
f 605 597 614
f 607 609 608
f 604 610 613
f 438 611 601
f 604 613 615
f 604 615 612
f 792 603 614
f 597 616 614
f 612 619 606
f 597 606 616
f 792 614 621
f 612 615 619
f 614 616 623
f 611 438 618
f 611 618 609
f 606 619 616
f 610 608 620
f 610 620 613
f 614 623 621
f 623 616 622
f 608 609 624
f 608 624 620
f 613 617 615
f 620 630 613
f 615 617 619
f 609 618 624
f 616 619 626
f 616 626 622
f 621 623 632
f 619 617 627
f 623 622 628
f 623 628 625
f 624 618 637
f 623 625 632
f 622 626 628
f 613 630 617
f 620 624 630
f 617 629 646
f 627 617 646
f 617 630 629
f 632 642 631
f 627 646 619
f 626 619 633
f 618 437 637
f 626 633 628
f 628 636 644
f 619 646 633
f 628 644 625
f 637 437 635
f 630 624 637
f 637 635 641
f 628 633 636
f 632 625 638
f 642 632 638
f 629 630 634
f 625 644 638
f 637 639 634
f 630 637 634
f 629 640 646
f 637 641 639
f 636 633 643
f 629 634 640
f 638 644 645
f 642 638 823
f 638 645 823
f 634 653 647
f 633 646 643
f 639 648 634
f 641 635 649
f 644 636 650
f 639 641 648
f 634 648 649
f 634 649 653
f 636 643 650
f 640 657 646
f 658 823 645
f 648 641 649
f 644 650 652
f 643 646 651
f 634 647 640
f 644 652 654
f 649 635 436
f 645 644 654
f 643 651 650
f 658 645 654
f 646 657 651
f 649 655 653
f 651 660 650
f 657 640 664
f 650 656 654
f 652 650 654
f 649 436 662
f 654 659 658
f 650 660 656
f 653 661 647
f 649 662 655
f 651 657 660
f 654 656 659
f 653 655 663
f 653 663 661
f 647 679 664
f 640 647 664
f 658 659 667
f 647 661 673
f 658 667 838
f 657 664 666
f 647 673 679
f 660 657 666
f 663 655 662
f 656 665 659
f 436 669 662
f 664 679 666
f 659 668 667
f 656 660 665
f 662 669 663
f 666 670 671
f 659 665 668
f 660 666 671
f 660 671 665
f 663 672 661
f 667 678 677
f 661 672 674
f 667 668 675
f 667 675 678
f 669 434 672
f 673 661 674
f 679 673 674
f 663 669 672
f 665 676 668
f 666 679 670
f 672 434 680
f 668 676 675
f 679 674 682
f 677 678 681
f 670 687 676
f 671 670 676
f 674 672 680
f 679 682 684
f 665 671 676
f 675 688 678
f 670 679 687
f 674 680 682
f 679 684 687
f 681 678 686
f 434 685 680
f 676 687 683
f 685 434 433
f 676 683 693
f 685 433 692
f 680 685 692
f 678 688 686
f 675 676 689
f 684 682 690
f 688 675 689
f 682 680 690
f 687 684 683
f 681 686 691
f 680 692 690
f 688 689 686
f 684 695 683
f 689 676 693
f 690 694 698
f 690 692 702
f 684 690 698
f 693 683 696
f 684 698 695
f 691 686 697
f 683 695 696
f 689 693 686
f 692 433 701
f 693 696 699
f 693 699 703
f 692 701 702
f 695 698 704
f 690 702 694
f 686 703 697
f 698 694 704
f 693 703 686
f 695 704 700
f 694 702 707
f 697 703 708
f 697 708 705
f 695 700 709
f 696 695 709
f 696 709 699
f 701 431 706
f 702 701 710
f 702 710 707
f 699 709 712
f 703 714 708
f 703 699 712
f 694 707 704
f 703 712 713
f 710 701 707
f 701 706 707
f 703 713 714
f 705 708 716
f 700 704 707
f 700 707 715
f 707 706 718
f 700 715 711
f 700 711 729
f 706 431 717
f 709 700 729
f 707 718 715
f 706 717 719
f 717 207 719
f 718 706 720
f 719 207 720
f 706 719 720
f 207 210 720
f 718 720 210
f 708 714 721
f 716 708 721
f 713 712 722
f 718 210 715
f 709 729 723
f 714 713 722
f 716 721 726
f 714 722 724
f 715 210 725
f 210 211 725
f 709 723 727
f 714 724 721
f 715 725 728
f 711 715 728
f 725 211 728
f 709 727 712
f 728 211 729
f 211 723 729
f 711 728 729
f 721 733 726
f 727 723 730
f 723 215 730
f 712 727 730
f 721 724 733
f 730 215 722
f 712 730 722
f 722 215 731
f 724 722 731
f 731 215 724
f 724 215 732
f 215 214 732
f 214 733 732
f 732 733 724
f 733 216 734
f 733 734 726
f 734 216 726
f 2 736 735
f 736 726 735
f 726 216 735
f 216 2 735
f 191 549 737
f 197 191 737
f 197 737 187
f 198 187 738
f 200 198 738
f 200 738 741
f 737 549 739
f 187 737 740
f 187 740 738
f 200 741 199
f 201 742 203
f 203 742 744
f 549 568 745
f 205 203 744
f 739 549 745
f 739 745 737
f 738 740 751
f 1 205 744
f 199 746 201
f 201 750 742
f 741 748 746
f 199 741 746
f 737 745 740
f 745 749 740
f 1 744 467
f 201 746 750
f 740 749 743
f 740 743 751
f 744 747 467
f 742 750 744
f 738 751 741
f 749 745 752
f 466 467 753
f 751 754 741
f 745 568 755
f 743 749 751
f 467 747 753
f 750 756 747
f 744 750 747
f 753 757 466
f 749 752 758
f 746 761 750
f 741 754 748
f 751 749 758
f 745 755 752
f 748 759 760
f 746 748 760
f 754 751 763
f 464 466 757
f 746 760 761
f 753 747 762
f 754 763 748
f 750 761 756
f 753 762 757
f 755 577 752
f 747 756 764
f 747 764 762
f 759 748 763
f 751 758 763
f 762 764 765
f 756 761 764
f 762 765 757
f 577 581 767
f 758 766 763
f 752 577 766
f 577 767 766
f 464 757 768
f 758 752 766
f 763 771 759
f 761 770 764
f 757 765 769
f 760 759 770
f 757 769 775
f 464 768 775
f 768 757 775
f 761 760 770
f 767 593 779
f 766 772 763
f 765 764 774
f 766 767 772
f 764 770 774
f 770 759 771
f 763 772 773
f 763 773 771
f 765 776 769
f 599 603 779
f 593 599 779
f 771 773 777
f 772 767 779
f 775 769 463
f 772 779 773
f 765 774 776
f 774 778 776
f 464 775 463
f 771 777 780
f 771 780 770
f 463 769 783
f 774 770 781
f 774 781 778
f 769 776 786
f 770 780 781
f 779 603 782
f 773 785 777
f 773 779 782
f 461 463 783
f 778 781 784
f 773 782 785
f 603 792 782
f 769 786 783
f 785 787 780
f 777 785 780
f 461 783 790
f 781 780 788
f 780 787 791
f 785 782 787
f 780 791 788
f 783 786 790
f 781 788 784
f 776 789 786
f 791 798 788
f 461 790 460
f 778 784 796
f 786 793 790
f 776 778 789
f 778 796 789
f 788 799 784
f 787 797 791
f 789 795 786
f 790 793 794
f 784 799 796
f 786 795 793
f 790 801 459
f 460 790 459
f 788 798 799
f 789 796 795
f 790 794 801
f 782 792 621
f 787 782 797
f 782 621 797
f 791 797 798
f 796 799 802
f 621 800 797
f 796 802 795
f 621 632 800
f 798 797 803
f 798 803 805
f 799 798 805
f 801 804 806
f 459 801 806
f 801 794 804
f 632 631 800
f 795 817 814
f 795 814 793
f 797 800 807
f 795 802 808
f 797 807 803
f 795 808 817
f 802 799 813
f 800 631 642
f 804 809 811
f 802 813 808
f 793 814 794
f 800 642 807
f 803 810 805
f 804 811 806
f 799 812 813
f 642 815 807
f 805 810 812
f 799 805 812
f 456 806 811
f 804 794 814
f 809 821 811
f 804 814 809
f 457 456 811
f 807 815 803
f 812 816 813
f 810 803 818
f 810 818 812
f 817 808 819
f 803 815 818
f 809 814 820
f 813 816 808
f 642 823 815
f 818 822 812
f 814 817 820
f 811 821 457
f 817 819 829
f 808 816 819
f 818 815 826
f 822 827 812
f 457 821 455
f 818 826 822
f 809 820 825
f 821 809 825
f 821 825 824
f 823 658 815
f 819 831 829
f 816 812 827
f 455 821 832
f 822 826 828
f 816 827 833
f 817 829 825
f 820 817 825
f 819 816 833
f 819 833 831
f 822 830 827
f 821 824 832
f 826 815 828
f 455 832 454
f 822 828 830
f 815 658 828
f 829 831 835
f 825 834 824
f 825 829 835
f 825 835 834
f 831 833 840
f 824 836 832
f 827 830 833
f 453 454 845
f 454 832 845
f 830 828 837
f 828 658 838
f 830 837 833
f 828 838 837
f 831 840 835
f 833 841 840
f 833 837 841
f 845 832 843
f 834 842 824
f 835 840 834
f 836 824 847
f 824 844 847
f 837 846 848
f 836 847 832
f 837 848 841
f 843 832 859
f 837 838 849
f 840 839 850
f 824 842 844
f 840 841 853
f 834 840 850
f 453 845 843
f 837 851 846
f 840 853 839
f 834 850 842
f 832 847 852
f 667 677 849
f 838 667 849
f 832 852 859
f 837 849 851
f 843 859 451
f 453 843 451
f 850 855 842
f 839 853 856
f 850 839 855
f 839 856 855
f 851 849 854
f 847 844 852
f 842 855 857
f 842 857 844
f 841 848 853
f 859 852 858
f 450 451 859
f 852 860 858
f 856 861 855
f 677 681 849
f 853 848 864
f 854 849 862
f 844 863 852
f 853 864 856
f 859 858 450
f 854 862 851
f 846 851 864
f 848 846 864
f 852 863 860
f 857 873 844
f 844 865 863
f 851 862 866
f 450 858 868
f 857 855 873
f 449 450 868
f 851 866 864
f 856 867 861
f 844 873 865
f 855 861 869
f 849 681 870
f 862 849 870
f 855 869 873
f 862 870 866
f 856 864 867
f 449 868 871
f 864 866 872
f 860 863 858
f 681 691 870
f 864 872 867
f 868 858 871
f 863 865 875
f 873 869 877
f 866 870 872
f 858 863 875
f 871 874 449
f 873 877 865
f 858 875 871
f 861 867 876
f 861 876 869
f 691 697 870
f 867 872 878
f 867 878 876
f 448 449 874
f 865 877 879
f 872 870 878
f 871 875 880
f 871 880 874
f 869 876 877
f 878 870 881
f 874 884 447
f 448 874 447
f 865 879 875
f 697 705 881
f 870 697 881
f 877 882 886
f 879 877 886
f 875 879 886
f 876 883 877
f 874 880 885
f 876 878 883
f 874 885 884
f 878 881 883
f 705 716 881
f 880 875 886
f 883 887 877
f 447 884 888
f 883 889 887
f 884 885 888
f 881 716 890
f 881 890 883
f 882 896 886
f 877 887 891
f 882 877 891
f 880 886 892
f 880 892 885
f 446 888 893
f 889 883 894
f 889 894 887
f 888 885 897
f 882 891 895
f 886 896 892
f 896 882 895
f 883 890 902
f 893 888 897
f 883 902 894
f 716 726 902
f 890 716 902
f 891 887 900
f 895 898 896
f 892 899 885
f 891 900 901
f 893 897 446
f 891 901 895
f 892 905 899
f 897 904 446
f 896 898 905
f 885 899 897
f 896 905 892
f 887 894 903
f 894 902 903
f 898 895 905
f 902 726 906
f 726 736 906
f 902 906 903
f 897 899 907
f 901 900 895
f 446 904 445
f 904 917 445
f 887 903 906
f 887 906 900
f 900 920 910
f 895 900 910
f 905 895 911
f 900 906 920
f 897 907 904
f 914 905 911
f 906 736 909
f 736 2 909
f 899 905 912
f 905 908 912
f 909 2 906
f 906 2 913
f 899 912 907
f 906 913 915
f 913 2 915
f 2 5 915
f 905 914 918
f 895 910 911
f 910 916 911
f 905 918 908
f 906 915 919
f 915 5 919
f 919 5 920
f 906 919 920
f 904 907 917
f 920 5 910
f 5 6 921
f 910 5 921
f 910 921 916
f 921 6 916
f 445 917 926
f 916 6 923
f 911 916 923
f 6 8 923
f 911 923 924
f 923 8 924
f 917 907 925
f 924 8 911
f 912 908 907
f 926 917 925
f 911 8 914
f 914 8 918
f 907 922 927
f 918 8 908
f 8 9 908
f 908 9 13
f 907 927 925
f 908 13 928
f 922 907 928
f 907 908 928
f 928 13 922
f 444 926 925
f 927 922 929
f 927 929 925
f 929 922 925
f 922 18 925
f 18 16 925
f 444 925 930
f 925 16 930
f 16 444 930
f 937 938 936
f 942 943 940
f 942 940 941
f 945 943 944
f 947 945 946
f 953 954 951
f 953 951 952
f 959 962 961
f 960 959 961
f 963 962 964
f 964 962 966
f 962 965 966
f 967 965 968
f 968 965 969
f 971 973 972
f 980 979 981
f 986 984 985
f 989 990 988
f 996 997 995
f 996 995 994
f 998 1040 997
f 999 1040 998
f 1001 1002 1003
f 1003 1002 1004
f 1004 1002 1005
f 1002 968 1006
f 1005 1002 1006
f 1006 968 1007
f 1007 968 1008
f 968 1009 1008
f 1009 1010 1011
f 1015 1016 1017
f 1016 1018 1019
f 1019 1018 1020
f 1020 1018 1021
f 1021 1018 1022
f 1022 1018 1023
f 1023 1018 1024
f 1018 1026 1025
f 1024 1018 1025
f 1027 1026 1028
f 1030 1031 1032
f 1034 1035 1036
f 1037 1000 1038
f 1039 1040 999
f 1041 1040 1039
f 1041 1042 1040
f 1043 1045 1042
f 1045 1046 1044
f 1047 1046 1045
f 1048 1049 1047
f 1050 1049 1048
f 1054 1053 1052
f 982 1057 1056
f 976 975 1053
f 977 976 1053
f 977 1053 1054
f 975 1052 1053
f 974 1052 975
f 978 977 1054
f 973 1051 1052
f 973 1052 974
f 978 1054 1055
f 973 1050 1051
f 979 978 1055
f 979 1055 1056
f 971 1050 973
f 971 1049 1050
f 979 1056 1057
f 979 1057 982
f 970 1049 971
f 1058 979 982
f 1058 982 983
f 969 1049 970
f 969 1047 1049
f 1058 983 984
f 965 1047 969
f 965 1046 1047
f 965 1044 1046
f 1058 984 986
f 1059 1058 986
f 962 1045 1044
f 962 1044 965
f 987 1059 986
f 1042 1045 962
f 988 1059 987
f 988 1070 1059
f 1042 962 959
f 988 1072 1070
f 1040 1042 959
f 990 1072 988
f 990 1073 1072
f 1040 959 958
f 1040 958 1081
f 990 1075 1073
f 991 1075 990
f 1040 1081 1080
f 991 1076 1075
f 992 1076 991
f 1040 1080 1079
f 997 1040 1079
f 997 1079 1078
f 993 1076 992
f 993 1077 1076
f 995 1077 993
f 995 1078 1060
f 995 997 1078
f 995 1060 1077
f 979 1058 1061
f 981 979 1061
f 1061 1058 1062
f 1062 1058 1063
f 1063 1058 1064
f 1064 1058 1065
f 1065 1058 1066
f 1066 1058 1067
f 1058 1059 1068
f 1067 1058 1068
f 1068 1059 1069
f 1069 1059 1070
f 1070 1072 1071
f 1073 1075 1074
f 1081 958 957
f 1013 975 976
f 1014 1013 976
f 1013 1012 975
f 1014 976 977
f 975 1012 974
f 1014 977 978
f 1012 1010 974
f 1015 1014 978
f 974 1010 973
f 973 1010 972
f 1015 978 979
f 1016 1015 979
f 1010 1009 972
f 972 1009 971
f 1016 979 980
f 1016 980 981
f 1016 981 1061
f 971 1009 970
f 1018 1016 1061
f 1009 968 970
f 1018 1061 1062
f 970 968 969
f 1018 1062 1063
f 1018 1063 1064
f 967 968 965
f 1018 1064 1065
f 968 1002 965
f 1018 1065 1066
f 965 1002 966
f 1018 1066 1067
f 1018 1067 1068
f 966 1002 964
f 964 1002 963
f 962 963 1002
f 1018 1068 1026
f 962 1002 961
f 1068 1069 1026
f 1069 1070 1026
f 960 961 1002
f 1070 1071 1026
f 959 960 1001
f 960 1002 1001
f 1026 1071 1028
f 1071 1072 1028
f 958 959 1001
f 1028 1072 1029
f 958 1001 1000
f 1072 1073 1029
f 1029 1073 1030
f 957 958 1000
f 1074 1075 1030
f 1073 1074 1030
f 1081 957 1000
f 1080 1081 1000
f 1030 1075 1031
f 1080 1000 1037
f 1079 1080 1037
f 1075 1076 1031
f 1079 1037 1035
f 1076 1077 1031
f 1078 1079 1035
f 1031 1077 1033
f 1078 1035 1034
f 1060 1078 1034
f 1077 1060 1033
f 1060 1034 1033
f 1005 1089 1088
f 1004 1005 1088
f 1006 1084 1089
f 1006 1089 1005
f 1003 1004 1088
f 1003 1088 1094
f 1003 1094 1082
f 1007 1084 1006
f 1001 1003 1082
f 1001 1082 1083
f 1008 1085 1084
f 1008 1084 1007
f 1000 1001 1083
f 1009 1085 1008
f 1000 1083 932
f 1000 932 931
f 1011 1085 1009
f 1038 1000 931
f 1011 1086 1085
f 1010 1086 1011
f 1037 931 933
f 1037 1038 931
f 1012 1086 1010
f 1012 1099 1086
f 1037 933 934
f 1035 1037 934
f 1036 1035 934
f 1013 1099 1012
f 1036 934 935
f 1102 1099 1013
f 1034 1036 935
f 1014 1102 1013
f 936 1034 935
f 936 1033 1034
f 938 1033 936
f 1105 1102 1014
f 1105 1014 1015
f 939 1033 938
f 939 1031 1033
f 940 1031 939
f 1106 1105 1015
f 1087 1106 1015
f 940 1032 1031
f 1087 1015 1017
f 943 1032 940
f 943 1030 1032
f 1108 1017 1016
f 1108 1087 1017
f 945 1030 943
f 945 1029 1030
f 956 1016 1019
f 956 1108 1016
f 947 1029 945
f 955 956 1019
f 955 1019 1020
f 947 1028 1029
f 948 1028 947
f 953 955 1020
f 953 1020 1021
f 948 1026 1027
f 948 1027 1028
f 949 1026 948
f 949 1025 1026
f 954 953 1021
f 950 1025 949
f 951 954 1021
f 951 1021 1022
f 951 1022 1023
f 951 1025 950
f 951 1023 1024
f 951 1024 1025
f 1088 1043 1042
f 1088 1089 1045
f 1043 1088 1045
f 1091 1088 1042
f 1089 1090 1045
f 1090 1092 1045
f 1094 1091 1042
f 1092 1093 1045
f 1093 1084 1045
f 1094 1042 1041
f 1045 1084 1047
f 1097 1094 1041
f 1084 1095 1047
f 1095 1096 1047
f 1097 1041 1039
f 1047 1096 1048
f 931 1097 1039
f 931 1039 999
f 1096 1098 1048
f 931 999 998
f 1048 1098 1050
f 933 931 998
f 1050 1098 1051
f 933 998 997
f 934 933 997
f 1051 1098 1052
f 1098 1099 1052
f 934 997 996
f 1099 1100 1052
f 1100 1101 1052
f 934 996 994
f 935 934 995
f 934 994 995
f 1052 1101 1054
f 1101 1102 1054
f 935 995 936
f 995 993 936
f 1054 1102 1103
f 936 993 937
f 1054 1103 1104
f 1054 1104 1105
f 937 993 938
f 1054 1105 1106
f 1055 1054 1106
f 938 993 939
f 993 992 940
f 939 993 940
f 1055 1106 1107
f 992 991 940
f 1055 1107 1087
f 1056 1055 1087
f 940 991 941
f 941 991 942
f 1056 1087 1108
f 982 1056 1108
f 942 991 943
f 943 991 944
f 991 990 945
f 944 991 945
f 982 1108 956
f 983 982 956
f 945 990 946
f 946 990 947
f 990 989 947
f 983 956 955
f 984 983 955
f 947 989 948
f 984 955 953
f 989 988 948
f 985 984 953
f 948 988 949
f 988 987 949
f 986 985 953
f 986 953 952
f 949 987 950
f 986 952 951
f 986 951 950
f 987 986 950
f 1107 1106 1087
f 1103 1102 1105
f 1103 1105 1104
f 1101 1099 1102
f 1100 1099 1101
f 1098 1086 1099
f 1098 1085 1086
f 1096 1085 1098
f 1095 1084 1085
f 1095 1085 1096
f 1092 1084 1093
f 1090 1084 1092
f 1090 1089 1084
f 1094 1088 1091
f 1097 1082 1094
f 1097 1083 1082
f 931 932 1083
f 931 1083 1097
f 1144 1143 1145
f 1145 1147 1146
f 1148 1147 1149
f 1154 1155 1156
f 1157 1155 1158
f 1165 1168 1167
f 1166 1165 1167
f 1170 1172 1171
f 1171 1172 1173
f 1173 1172 1174
f 1174 1172 1175
f 1175 1172 1176
f 1176 1172 1177
f 1177 1172 1178
f 1178 1172 1179
f 1179 1172 1180
f 1172 1181 1180
f 1180 1181 1182
f 1182 1181 1183
f 1183 1181 1184
f 1184 1181 1185
f 1185 1181 1186
f 1186 1181 1187
f 1187 1181 1188
f 1188 1181 1189
f 1192 1193 1194
f 1195 1198 1197
f 1196 1195 1197
f 1197 1198 1199
f 1199 1198 1200
f 1200 1198 1201
f 1201 1198 1202
f 1202 1198 1203
f 1203 1198 1204
f 1204 1198 1205
f 1198 1207 1206
f 1205 1198 1206
f 1206 1207 1208
f 1210 1211 1212
f 1212 1211 1213
f 1220 1223 1222
f 1221 1220 1222
f 1224 1223 1225
f 1225 1223 3223
f 1226 1228 1227
f 1228 1230 1229
f 1227 1228 1229
f 1230 1232 1231
f 1229 1230 1231
f 1232 1234 1233
f 1231 1232 1233
f 1234 1236 1235
f 1233 1234 1235
f 1236 1238 1237
f 1235 1236 1237
f 1238 1240 1239
f 1237 1238 1239
f 1239 1240 1241
f 1240 1242 1241
f 1241 1242 1243
f 1242 1244 1243
f 1243 1244 1245
f 1244 1246 1245
f 1245 1246 1247
f 1246 1248 1247
f 1247 1248 1249
f 1248 1250 1249
f 1249 1250 1251
f 1250 1252 1251
f 1251 1252 1253
f 1252 1254 1253
f 1253 1254 1255
f 1254 1256 1255
f 1255 1256 1257
f 1257 1256 1258
f 1256 1259 1258
f 1259 1260 1258
f 1258 1260 1261
f 1260 1262 1261
f 1261 1262 1263
f 1263 1262 1264
f 1262 1265 1264
f 1265 1266 1264
f 1264 1266 1267
f 1266 1268 1267
f 1268 1270 1269
f 1267 1268 1269
f 1269 1270 1271
f 1270 1273 1272
f 1273 1274 1272
f 1271 1270 1272
f 1272 1274 1275
f 1275 1274 1276
f 1274 1277 1276
f 1277 1278 1276
f 1276 1278 1279
f 1278 1281 1280
f 1281 1282 1280
f 1279 1278 1280
f 1282 1284 1283
f 1280 1282 1283
f 1283 1284 1285
f 1284 1287 1286
f 1285 1284 1286
f 1287 1289 1288
f 1286 1287 1288
f 1289 1291 1290
f 1291 1292 1290
f 1288 1289 1290
f 1290 1292 1293
f 1294 1296 1295
f 1296 1297 1295
f 1297 1299 1298
f 1295 1297 1298
f 1299 1301 1300
f 1298 1299 1300
f 1301 1303 1302
f 1300 1301 1302
f 1303 1305 1304
f 1302 1303 1304
f 1305 1307 1306
f 1304 1305 1306
f 1307 1309 1308
f 1306 1307 1308
f 1311 1313 1312
f 1313 1315 1314
f 1315 1316 1317
f 1317 1316 1318
f 1318 1320 1321
f 1319 1318 1321
f 1323 1322 1324
f 1324 1326 1325
f 1327 1329 1328
f 1330 1329 1331
f 1332 1335 1334
f 1333 1332 1334
f 1337 1339 1338
f 1342 1341 1343
f 1341 1344 1343
f 1346 1345 1347
f 1350 1348 1351
f 1353 1355 1354
f 1355 1356 1048
f 1048 1356 1357
f 1357 1356 1358
f 1358 1356 1360
f 1356 1359 1360
f 1360 1359 1362
f 1359 1361 1362
f 1364 1363 1365
f 1367 1372 1368
f 1369 1372 1367
f 1370 1372 1369
f 1371 1372 1370
f 1373 1372 1371
f 1373 1378 1372
f 1374 1378 1373
f 1375 1378 1374
f 1376 1378 1375
f 1377 1378 1376
f 1379 1378 1377
f 1380 1381 1378
f 1380 1378 1379
f 1382 1381 1380
f 1383 1384 1382
f 1384 1386 1385
f 1387 1386 1384
f 1388 1389 1387
f 1390 1389 1388
f 1390 1393 1389
f 1391 1393 1390
f 1392 1393 1391
f 1394 1393 1392
f 1394 1398 1393
f 1395 1398 1394
f 1396 1398 1395
f 1397 1398 1396
f 1399 1403 1398
f 1399 1398 1397
f 1400 1403 1399
f 1401 1403 1400
f 1402 1403 1401
f 1404 1411 1403
f 1404 1403 1402
f 1405 1411 1404
f 1406 1411 1405
f 1407 1411 1406
f 1408 1411 1407
f 1409 1411 1408
f 1410 1411 1409
f 1412 1415 1411
f 1412 1411 1410
f 1413 1415 1412
f 1414 1415 1413
f 1416 1415 1414
f 1417 1415 1416
f 1418 1415 1417
f 1421 1420 1419
f 1422 1426 1421
f 1423 1426 1422
f 1424 1426 1423
f 1425 1426 1424
f 1427 1432 1426
f 1427 1426 1425
f 1428 1432 1427
f 1429 1432 1428
f 1430 1432 1429
f 1431 1432 1430
f 1433 1432 1431
f 1434 2625 1432
f 1434 1432 1433
f 1437 1438 1436
f 1437 1436 1435
f 1439 1438 1437
f 1440 1445 1438
f 1440 1438 1439
f 1441 1445 1440
f 1442 1445 1441
f 1443 1445 1442
f 1444 1445 1443
f 1446 1448 1445
f 1446 1445 1444
f 1447 1448 1446
f 1449 1448 1447
f 1368 1372 1448
f 1368 1448 1449
f 1452 1450 1451
f 1451 1450 1453
f 1453 1450 1454
f 1454 1450 1455
f 1455 1450 1456
f 1456 1450 1457
f 1457 1450 1458
f 1458 1450 1459
f 1459 1450 1460
f 1460 1450 1461
f 1461 1450 1462
f 1462 1450 1463
f 1463 1450 1464
f 1464 1467 1466
f 1465 1464 1466
f 1466 1467 1468
f 1468 1467 1469
f 1469 1467 1470
f 1470 1467 1471
f 1471 1467 1472
f 1472 1467 1473
f 1473 1467 1474
f 1474 1467 1475
f 1467 1476 1475
f 1475 1476 1477
f 1477 1476 1478
f 1478 1476 1479
f 1479 1476 1480
f 1480 1476 1481
f 1481 1476 1482
f 1482 1476 1483
f 1483 1476 1484
f 1476 1485 1484
f 1484 1485 1486
f 1486 1485 1487
f 1487 1485 1488
f 1488 1485 1489
f 1489 1485 1490
f 1490 1485 1491
f 1491 1485 1492
f 1494 1493 1495
f 1493 1496 1495
f 1495 1496 1497
f 1497 1496 1498
f 1498 1496 1499
f 1499 1496 1500
f 1500 1496 1501
f 1501 1496 1502
f 1502 1496 1503
f 1496 1505 1504
f 1503 1496 1504
f 1504 1505 1506
f 1506 1505 1507
f 1508 1510 1509
f 1511 1508 1509
f 1510 1513 1512
f 1509 1510 1512
f 1513 1515 1514
f 1512 1513 1514
f 1515 1517 1516
f 1514 1515 1516
f 1517 1519 1518
f 1516 1517 1518
f 1519 1521 1520
f 1518 1519 1520
f 1521 1523 1522
f 1520 1521 1522
f 1523 1525 1524
f 1522 1523 1524
f 1525 1527 1526
f 1524 1525 1526
f 1527 1529 1528
f 1526 1527 1528
f 1529 1531 1530
f 1528 1529 1530
f 1531 1533 1532
f 1530 1531 1532
f 1533 1535 1534
f 1532 1533 1534
f 1535 1537 1536
f 1534 1535 1536
f 1537 1539 1538
f 1536 1537 1538
f 1539 1541 1540
f 1538 1539 1540
f 1541 1543 1542
f 1540 1541 1542
f 1542 1543 1544
f 1543 1545 1544
f 1546 1548 1547
f 1545 1546 1547
f 1544 1545 1547
f 1547 1548 1549
f 1548 1551 1550
f 1549 1548 1550
f 1551 1553 1552
f 1550 1551 1552
f 1553 1555 1554
f 1552 1553 1554
f 1555 1557 1556
f 1554 1555 1556
f 1557 1559 1558
f 1556 1557 1558
f 1559 1561 1560
f 1558 1559 1560
f 1561 1563 1562
f 1560 1561 1562
f 1563 1565 1564
f 1562 1563 1564
f 1564 1565 1566
f 1565 1567 1566
f 1566 1567 1568
f 1567 1569 1568
f 1568 1569 1570
f 1569 1571 1570
f 1570 1571 1572
f 1571 1573 1572
f 1572 1573 1574
f 1573 1575 1574
f 1574 1575 1576
f 1575 1577 1576
f 1576 1577 1578
f 1577 1579 1578
f 1578 1579 1580
f 1581 1582 1580
f 1579 1581 1580
f 1580 1582 1583
f 1583 1582 1584
f 1582 1585 1584
f 1585 1587 1586
f 1584 1585 1586
f 1587 1589 1588
f 1586 1587 1588
f 1588 1589 1590
f 1591 1592 1590
f 1589 1591 1590
f 1590 1592 1593
f 1593 1592 1594
f 1592 1595 1594
f 1594 1595 1596
f 1595 1597 1596
f 1596 1597 1598
f 1597 1599 1598
f 1598 1599 1600
f 1599 1601 1600
f 1600 1601 1602
f 1601 1603 1602
f 1602 1603 1604
f 1603 1605 1604
f 1604 1605 1606
f 1605 1607 1606
f 1606 1607 1608
f 1607 1609 1608
f 1608 1609 1610
f 1609 1611 1610
f 1610 1611 1612
f 1611 1613 1612
f 1612 1613 1614
f 1613 1615 1614
f 1614 1615 1616
f 1615 1617 1616
f 1616 1617 1618
f 1617 1619 1618
f 1618 1619 1620
f 1619 1621 1620
f 1620 1621 1622
f 1621 1623 1622
f 1622 1623 1624
f 1623 1625 1624
f 1624 1625 1626
f 1625 1627 1626
f 1627 1629 1628
f 1626 1627 1628
f 1629 1631 1630
f 1628 1629 1630
f 1631 1633 1632
f 1630 1631 1632
f 1633 1635 1634
f 1632 1633 1634
f 1636 1638 1637
f 1639 1636 1637
f 1638 1641 1640
f 1637 1638 1640
f 1641 1643 1642
f 1640 1641 1642
f 1643 1645 1644
f 1642 1643 1644
f 1645 1647 1646
f 1644 1645 1646
f 1647 1649 1648
f 1646 1647 1648
f 1649 1651 1650
f 1648 1649 1650
f 1651 1653 1652
f 1650 1651 1652
f 1653 1655 1654
f 1652 1653 1654
f 1655 1657 1656
f 1654 1655 1656
f 1657 1659 1658
f 1656 1657 1658
f 1659 1661 1660
f 1658 1659 1660
f 1661 1663 1662
f 1660 1661 1662
f 1663 1665 1664
f 1662 1663 1664
f 1665 1667 1666
f 1664 1665 1666
f 1667 1669 1668
f 1666 1667 1668
f 1669 1671 1670
f 1668 1669 1670
f 1670 1671 1672
f 1671 1673 1672
f 1674 1676 1675
f 1673 1674 1675
f 1672 1673 1675
f 1675 1676 1677
f 1676 1679 1678
f 1677 1676 1678
f 1679 1681 1680
f 1678 1679 1680
f 1681 1683 1682
f 1680 1681 1682
f 1683 1685 1684
f 1682 1683 1684
f 1685 1687 1686
f 1684 1685 1686
f 1687 1689 1688
f 1686 1687 1688
f 1689 1691 1690
f 1688 1689 1690
f 1691 1693 1692
f 1690 1691 1692
f 1692 1693 1694
f 1693 1695 1694
f 1694 1695 1696
f 1695 1697 1696
f 1696 1697 1698
f 1697 1699 1698
f 1698 1699 1700
f 1699 1701 1700
f 1700 1701 1702
f 1701 1703 1702
f 1702 1703 1704
f 1703 1705 1704
f 1704 1705 1706
f 1705 1707 1706
f 1706 1707 1708
f 1709 1710 1708
f 1707 1709 1708
f 1708 1710 1711
f 1711 1710 1712
f 1710 1713 1712
f 1713 1715 1714
f 1712 1713 1714
f 1715 1717 1716
f 1714 1715 1716
f 1716 1717 1718
f 1719 1720 1718
f 1717 1719 1718
f 1718 1720 1721
f 1721 1720 1722
f 1720 1723 1722
f 1722 1723 1724
f 1723 1725 1724
f 1724 1725 1726
f 1725 1727 1726
f 1726 1727 1728
f 1727 1729 1728
f 1728 1729 1730
f 1729 1731 1730
f 1730 1731 1732
f 1731 1733 1732
f 1732 1733 1734
f 1733 1735 1734
f 1734 1735 1736
f 1735 1737 1736
f 1736 1737 1738
f 1737 1739 1738
f 1738 1739 1740
f 1739 1741 1740
f 1740 1741 1742
f 1741 1743 1742
f 1742 1743 1744
f 1743 1745 1744
f 1744 1745 1746
f 1745 1747 1746
f 1746 1747 1748
f 1747 1749 1748
f 1748 1749 1750
f 1749 1751 1750
f 1750 1751 1752
f 1751 1753 1752
f 1752 1753 1754
f 1753 1755 1754
f 1755 1757 1756
f 1754 1755 1756
f 1757 1759 1758
f 1756 1757 1758
f 1759 1761 1760
f 1758 1759 1760
f 1761 1763 1762
f 1760 1761 1762
f 1764 1766 1765
f 1767 1764 1765
f 1766 1769 1768
f 1765 1766 1768
f 1769 1771 1770
f 1768 1769 1770
f 1771 1773 1772
f 1770 1771 1772
f 1773 1775 1774
f 1772 1773 1774
f 1775 1777 1776
f 1774 1775 1776
f 1777 1779 1778
f 1776 1777 1778
f 1779 1781 1780
f 1778 1779 1780
f 1781 1783 1782
f 1780 1781 1782
f 1783 1785 1784
f 1782 1783 1784
f 1785 1787 1786
f 1784 1785 1786
f 1787 1789 1788
f 1786 1787 1788
f 1789 1791 1790
f 1788 1789 1790
f 1791 1793 1792
f 1790 1791 1792
f 1793 1795 1794
f 1792 1793 1794
f 1795 1797 1796
f 1794 1795 1796
f 1797 1799 1798
f 1796 1797 1798
f 1798 1799 1800
f 1799 1801 1800
f 1802 1804 1803
f 1801 1802 1803
f 1800 1801 1803
f 1803 1804 1805
f 1804 1807 1806
f 1805 1804 1806
f 1807 1809 1808
f 1806 1807 1808
f 1809 1811 1810
f 1808 1809 1810
f 1811 1813 1812
f 1810 1811 1812
f 1813 1815 1814
f 1812 1813 1814
f 1815 1817 1816
f 1814 1815 1816
f 1817 1819 1818
f 1816 1817 1818
f 1819 1821 1820
f 1818 1819 1820
f 1820 1821 1822
f 1821 1823 1822
f 1822 1823 1824
f 1823 1825 1824
f 1824 1825 1826
f 1825 1827 1826
f 1826 1827 1828
f 1827 1829 1828
f 1828 1829 1830
f 1829 1831 1830
f 1830 1831 1832
f 1831 1833 1832
f 1832 1833 1834
f 1833 1835 1834
f 1834 1835 1836
f 1837 1838 1836
f 1835 1837 1836
f 1836 1838 1839
f 1839 1838 1840
f 1838 1841 1840
f 1841 1843 1842
f 1840 1841 1842
f 1843 1845 1844
f 1842 1843 1844
f 1844 1845 1846
f 1847 1848 1846
f 1845 1847 1846
f 1846 1848 1849
f 1849 1848 1850
f 1848 1851 1850
f 1850 1851 1852
f 1851 1853 1852
f 1852 1853 1854
f 1853 1855 1854
f 1854 1855 1856
f 1855 1857 1856
f 1856 1857 1858
f 1857 1859 1858
f 1858 1859 1860
f 1859 1861 1860
f 1860 1861 1862
f 1861 1863 1862
f 1862 1863 1864
f 1863 1865 1864
f 1864 1865 1866
f 1865 1867 1866
f 1866 1867 1868
f 1867 1869 1868
f 1868 1869 1870
f 1869 1871 1870
f 1870 1871 1872
f 1871 1873 1872
f 1872 1873 1874
f 1873 1875 1874
f 1874 1875 1876
f 1875 1877 1876
f 1876 1877 1878
f 1877 1879 1878
f 1878 1879 1880
f 1879 1881 1880
f 1880 1881 1882
f 1881 1883 1882
f 1883 1885 1884
f 1882 1883 1884
f 1885 1887 1886
f 1884 1885 1886
f 1887 1889 1888
f 1886 1887 1888
f 1889 1891 1890
f 1888 1889 1890
f 1892 1894 1893
f 1895 1892 1893
f 1894 1897 1896
f 1893 1894 1896
f 1897 1899 1898
f 1896 1897 1898
f 1899 1901 1900
f 1898 1899 1900
f 1901 1903 1902
f 1900 1901 1902
f 1903 1905 1904
f 1902 1903 1904
f 1905 1907 1906
f 1904 1905 1906
f 1907 1909 1908
f 1906 1907 1908
f 1909 1911 1910
f 1908 1909 1910
f 1911 1913 1912
f 1910 1911 1912
f 1913 1915 1914
f 1912 1913 1914
f 1915 1917 1916
f 1914 1915 1916
f 1917 1919 1918
f 1916 1917 1918
f 1919 1921 1920
f 1918 1919 1920
f 1921 1923 1922
f 1920 1921 1922
f 1923 1925 1924
f 1922 1923 1924
f 1925 1927 1926
f 1924 1925 1926
f 1926 1927 1928
f 1927 1929 1928
f 1930 1932 1931
f 1929 1930 1931
f 1928 1929 1931
f 1931 1932 1933
f 1932 1935 1934
f 1933 1932 1934
f 1935 1937 1936
f 1934 1935 1936
f 1937 1939 1938
f 1936 1937 1938
f 1939 1941 1940
f 1938 1939 1940
f 1941 1943 1942
f 1940 1941 1942
f 1943 1945 1944
f 1942 1943 1944
f 1945 1947 1946
f 1944 1945 1946
f 1947 1949 1948
f 1946 1947 1948
f 1948 1949 1950
f 1949 1951 1950
f 1950 1951 1952
f 1951 1953 1952
f 1952 1953 1954
f 1953 1955 1954
f 1954 1955 1956
f 1955 1957 1956
f 1956 1957 1958
f 1957 1959 1958
f 1958 1959 1960
f 1959 1961 1960
f 1960 1961 1962
f 1961 1963 1962
f 1962 1963 1964
f 1965 1966 1964
f 1963 1965 1964
f 1964 1966 1967
f 1967 1966 1968
f 1966 1969 1968
f 1969 1971 1970
f 1968 1969 1970
f 1971 1973 1972
f 1970 1971 1972
f 1972 1973 1974
f 1975 1976 1974
f 1973 1975 1974
f 1974 1976 1977
f 1977 1976 1978
f 1976 1979 1978
f 1978 1979 1980
f 1979 1981 1980
f 1980 1981 1982
f 1981 1983 1982
f 1982 1983 1984
f 1983 1985 1984
f 1984 1985 1986
f 1985 1987 1986
f 1986 1987 1988
f 1987 1989 1988
f 1988 1989 1990
f 1989 1991 1990
f 1990 1991 1992
f 1991 1993 1992
f 1992 1993 1994
f 1993 1995 1994
f 1994 1995 1996
f 1995 1997 1996
f 1996 1997 1998
f 1997 1999 1998
f 1998 1999 2000
f 1999 2001 2000
f 2000 2001 2002
f 2001 2003 2002
f 2002 2003 2004
f 2003 2005 2004
f 2004 2005 2006
f 2005 2007 2006
f 2006 2007 2008
f 2007 2009 2008
f 2008 2009 2010
f 2009 2011 2010
f 2011 2013 2012
f 2010 2011 2012
f 2013 2015 2014
f 2012 2013 2014
f 2015 2017 2016
f 2014 2015 2016
f 2017 2019 2018
f 2016 2017 2018
f 2021 2020 2023
f 2020 2022 2023
f 2023 2022 2024
f 2024 2022 2025
f 2026 2028 2029
f 2027 2026 2029
f 2030 2032 2031
f 1129 2033 2035
f 2033 2034 2035
f 2035 2034 2036
f 2036 2037 2038
f 2038 2037 2039
f 2039 2037 2040
f 2040 2037 2041
f 2041 2037 2042
f 2037 2043 3841
f 2042 2037 3841
f 3841 2043 2044
f 2044 2043 2045
f 2045 2043 2046
f 3795 2046 2047
f 2046 2048 2047
f 2049 2048 2051
f 2048 2050 2051
f 2051 2050 2052
f 2052 2054 2053
f 2054 2055 2056
f 2056 2055 2057
f 2058 2060 2059
f 2060 2020 2021
f 2019 2062 2061
f 2018 2019 2061
f 2062 2064 2063
f 2061 2062 2063
f 2064 2066 2065
f 2063 2064 2065
f 2066 2068 2067
f 2065 2066 2067
f 2068 2070 2069
f 2067 2068 2069
f 2070 2072 2071
f 2069 2070 2071
f 2072 2074 2073
f 2071 2072 2073
f 2075 2077 2076
f 2074 2075 2076
f 2073 2074 2076
f 2076 2077 2078
f 2077 2080 2079
f 2078 2077 2079
f 2080 2082 2081
f 2079 2080 2081
f 2082 2084 2083
f 2081 2082 2083
f 2084 2086 2085
f 2083 2084 2085
f 2086 2088 2087
f 2085 2086 2087
f 2088 2090 2089
f 2087 2088 2089
f 2090 2092 2091
f 2089 2090 2091
f 2093 2095 2094
f 2092 2093 2094
f 2091 2092 2094
f 2094 2095 2096
f 2095 2098 2097
f 2096 2095 2097
f 2099 2101 2100
f 2098 2099 2100
f 2097 2098 2100
f 2100 2101 2102
f 2101 2104 2103
f 2102 2101 2103
f 2104 2106 2105
f 2103 2104 2105
f 2106 2108 2107
f 2105 2106 2107
f 2109 2111 2110
f 2108 2109 2110
f 2107 2108 2110
f 2111 2113 2112
f 2110 2111 2112
f 2112 2113 2114
f 2114 2113 2115
f 2113 2116 2115
f 2115 2116 2117
f 2116 2118 2117
f 2117 2118 2119
f 2118 2120 2119
f 2119 2120 2121
f 2120 2122 2121
f 2121 2122 2123
f 2122 2124 2123
f 2123 2124 2125
f 2126 2127 2125
f 2124 2126 2125
f 2125 2127 2128
f 2128 2127 2129
f 2127 2130 2129
f 2129 2130 2131
f 2130 2132 2131
f 2131 2132 2133
f 2132 2134 2133
f 2133 2134 2135
f 2134 2136 2135
f 2136 2138 2137
f 2135 2136 2137
f 2138 2140 2139
f 2137 2138 2139
f 2140 2142 2141
f 2139 2140 2141
f 2142 2144 2143
f 2141 2142 2143
f 2143 2144 2145
f 2144 2146 2145
f 2145 2146 2147
f 2146 2148 2147
f 2147 2148 2149
f 2148 2150 2149
f 2149 2150 2151
f 2150 2152 2151
f 2151 2152 2153
f 2152 2154 2153
f 2153 2154 2155
f 2154 2156 2155
f 2155 2156 2157
f 2156 2158 2157
f 2157 2158 2159
f 2158 2160 2159
f 2159 2160 2161
f 2160 2162 2161
f 2161 2162 2163
f 2164 2165 2163
f 2162 2164 2163
f 2163 2165 2166
f 2166 2165 2167
f 2165 2168 2167
f 2167 2168 2169
f 2168 2170 2169
f 2169 2170 2171
f 2170 2172 2171
f 2171 2172 2173
f 2172 2174 2173
f 2173 2174 2175
f 2174 2176 2175
f 2176 2178 2177
f 2175 2176 2177
f 2178 2180 2179
f 2177 2178 2179
f 2180 2182 2181
f 2179 2180 2181
f 2182 2184 2183
f 2181 2182 2183
f 2184 1892 1895
f 2183 2184 1895
f 1891 2186 2185
f 1890 1891 2185
f 2186 2188 2187
f 2185 2186 2187
f 2188 2190 2189
f 2187 2188 2189
f 2190 2192 2191
f 2189 2190 2191
f 2192 2194 2193
f 2191 2192 2193
f 2194 2196 2195
f 2193 2194 2195
f 2196 2198 2197
f 2195 2196 2197
f 2199 2201 2200
f 2198 2199 2200
f 2197 2198 2200
f 2200 2201 2202
f 2201 2204 2203
f 2202 2201 2203
f 2204 2206 2205
f 2203 2204 2205
f 2206 2208 2207
f 2205 2206 2207
f 2208 2210 2209
f 2207 2208 2209
f 2210 2212 2211
f 2209 2210 2211
f 2212 2214 2213
f 2211 2212 2213
f 2214 2216 2215
f 2213 2214 2215
f 2217 2219 2218
f 2216 2217 2218
f 2215 2216 2218
f 2218 2219 2220
f 2219 2222 2221
f 2220 2219 2221
f 2223 2225 2224
f 2222 2223 2224
f 2221 2222 2224
f 2224 2225 2226
f 2225 2228 2227
f 2226 2225 2227
f 2228 2230 2229
f 2227 2228 2229
f 2230 2232 2231
f 2229 2230 2231
f 2233 2235 2234
f 2232 2233 2234
f 2231 2232 2234
f 2235 2237 2236
f 2234 2235 2236
f 2236 2237 2238
f 2238 2237 2239
f 2237 2240 2239
f 2239 2240 2241
f 2240 2242 2241
f 2241 2242 2243
f 2242 2244 2243
f 2243 2244 2245
f 2244 2246 2245
f 2245 2246 2247
f 2246 2248 2247
f 2247 2248 2249
f 2250 2251 2249
f 2248 2250 2249
f 2249 2251 2252
f 2252 2251 2253
f 2251 2254 2253
f 2253 2254 2255
f 2254 2256 2255
f 2255 2256 2257
f 2256 2258 2257
f 2257 2258 2259
f 2258 2260 2259
f 2260 2262 2261
f 2259 2260 2261
f 2262 2264 2263
f 2261 2262 2263
f 2264 2266 2265
f 2263 2264 2265
f 2266 2268 2267
f 2265 2266 2267
f 2267 2268 2269
f 2268 2270 2269
f 2269 2270 2271
f 2270 2272 2271
f 2271 2272 2273
f 2272 2274 2273
f 2273 2274 2275
f 2274 2276 2275
f 2275 2276 2277
f 2276 2278 2277
f 2277 2278 2279
f 2278 2280 2279
f 2279 2280 2281
f 2280 2282 2281
f 2281 2282 2283
f 2282 2284 2283
f 2283 2284 2285
f 2284 2286 2285
f 2285 2286 2287
f 2288 2289 2287
f 2286 2288 2287
f 2287 2289 2290
f 2290 2289 2291
f 2289 2292 2291
f 2291 2292 2293
f 2292 2294 2293
f 2293 2294 2295
f 2294 2296 2295
f 2295 2296 2297
f 2296 2298 2297
f 2297 2298 2299
f 2298 2300 2299
f 2300 2302 2301
f 2299 2300 2301
f 2302 2304 2303
f 2301 2302 2303
f 2304 2306 2305
f 2303 2304 2305
f 2306 2308 2307
f 2305 2306 2307
f 2308 1764 1767
f 2307 2308 1767
f 1763 2310 2309
f 1762 1763 2309
f 2310 2312 2311
f 2309 2310 2311
f 2312 2314 2313
f 2311 2312 2313
f 2314 2316 2315
f 2313 2314 2315
f 2316 2318 2317
f 2315 2316 2317
f 2318 2320 2319
f 2317 2318 2319
f 2320 2322 2321
f 2319 2320 2321
f 2323 2325 2324
f 2322 2323 2324
f 2321 2322 2324
f 2324 2325 2326
f 2325 2328 2327
f 2326 2325 2327
f 2328 2330 2329
f 2327 2328 2329
f 2330 2332 2331
f 2329 2330 2331
f 2332 2334 2333
f 2331 2332 2333
f 2334 2336 2335
f 2333 2334 2335
f 2336 2338 2337
f 2335 2336 2337
f 2338 2340 2339
f 2337 2338 2339
f 2341 2343 2342
f 2340 2341 2342
f 2339 2340 2342
f 2342 2343 2344
f 2343 2346 2345
f 2344 2343 2345
f 2347 2349 2348
f 2346 2347 2348
f 2345 2346 2348
f 2348 2349 2350
f 2349 2352 2351
f 2350 2349 2351
f 2352 2354 2353
f 2351 2352 2353
f 2354 2356 2355
f 2353 2354 2355
f 2357 2359 2358
f 2356 2357 2358
f 2355 2356 2358
f 2359 2361 2360
f 2358 2359 2360
f 2360 2361 2362
f 2362 2361 2363
f 2361 2364 2363
f 2363 2364 2365
f 2364 2366 2365
f 2365 2366 2367
f 2366 2368 2367
f 2367 2368 2369
f 2368 2370 2369
f 2369 2370 2371
f 2370 2372 2371
f 2371 2372 2373
f 2374 2375 2373
f 2372 2374 2373
f 2373 2375 2376
f 2376 2375 2377
f 2375 2378 2377
f 2377 2378 2379
f 2378 2380 2379
f 2379 2380 2381
f 2380 2382 2381
f 2381 2382 2383
f 2382 2384 2383
f 2384 2386 2385
f 2383 2384 2385
f 2386 2388 2387
f 2385 2386 2387
f 2388 2390 2389
f 2387 2388 2389
f 2390 2392 2391
f 2389 2390 2391
f 2391 2392 2393
f 2392 2394 2393
f 2393 2394 2395
f 2394 2396 2395
f 2395 2396 2397
f 2396 2398 2397
f 2397 2398 2399
f 2398 2400 2399
f 2399 2400 2401
f 2400 2402 2401
f 2401 2402 2403
f 2402 2404 2403
f 2403 2404 2405
f 2404 2406 2405
f 2405 2406 2407
f 2406 2408 2407
f 2407 2408 2409
f 2408 2410 2409
f 2409 2410 2411
f 2412 2413 2411
f 2410 2412 2411
f 2411 2413 2414
f 2414 2413 2415
f 2413 2416 2415
f 2415 2416 2417
f 2416 2418 2417
f 2417 2418 2419
f 2418 2420 2419
f 2419 2420 2421
f 2420 2422 2421
f 2421 2422 2423
f 2422 2424 2423
f 2424 2426 2425
f 2423 2424 2425
f 2426 2428 2427
f 2425 2426 2427
f 2428 2430 2429
f 2427 2428 2429
f 2430 2432 2431
f 2429 2430 2431
f 2432 1636 1639
f 2431 2432 1639
f 1635 2434 2433
f 1634 1635 2433
f 2434 2436 2435
f 2433 2434 2435
f 2436 2438 2437
f 2435 2436 2437
f 2438 2440 2439
f 2437 2438 2439
f 2440 2442 2441
f 2439 2440 2441
f 2442 2444 2443
f 2441 2442 2443
f 2444 2446 2445
f 2443 2444 2445
f 2447 2449 2448
f 2446 2447 2448
f 2445 2446 2448
f 2448 2449 2450
f 2449 2452 2451
f 2450 2449 2451
f 2452 2454 2453
f 2451 2452 2453
f 2454 2456 2455
f 2453 2454 2455
f 2456 2458 2457
f 2455 2456 2457
f 2458 2460 2459
f 2457 2458 2459
f 2460 2462 2461
f 2459 2460 2461
f 2462 2464 2463
f 2461 2462 2463
f 2465 2467 2466
f 2464 2465 2466
f 2463 2464 2466
f 2466 2467 2468
f 2467 2470 2469
f 2468 2467 2469
f 2471 2473 2472
f 2470 2471 2472
f 2469 2470 2472
f 2472 2473 2474
f 2473 2476 2475
f 2474 2473 2475
f 2476 2478 2477
f 2475 2476 2477
f 2478 2480 2479
f 2477 2478 2479
f 2481 2483 2482
f 2480 2481 2482
f 2479 2480 2482
f 2483 2485 2484
f 2482 2483 2484
f 2484 2485 2486
f 2486 2485 2487
f 2485 2488 2487
f 2487 2488 2489
f 2488 2490 2489
f 2489 2490 2491
f 2490 2492 2491
f 2491 2492 2493
f 2492 2494 2493
f 2493 2494 2495
f 2494 2496 2495
f 2495 2496 2497
f 2498 2499 2497
f 2496 2498 2497
f 2497 2499 2500
f 2500 2499 2501
f 2499 2502 2501
f 2501 2502 2503
f 2502 2504 2503
f 2503 2504 2505
f 2504 2506 2505
f 2505 2506 2507
f 2506 2508 2507
f 2508 2510 2509
f 2507 2508 2509
f 2510 2512 2511
f 2509 2510 2511
f 2512 2514 2513
f 2511 2512 2513
f 2514 2516 2515
f 2513 2514 2515
f 2515 2516 2517
f 2516 2518 2517
f 2517 2518 2519
f 2518 2520 2519
f 2519 2520 2521
f 2520 2522 2521
f 2521 2522 2523
f 2522 2524 2523
f 2523 2524 2525
f 2524 2526 2525
f 2525 2526 2527
f 2526 2528 2527
f 2527 2528 2529
f 2528 2530 2529
f 2529 2530 2531
f 2530 2532 2531
f 2531 2532 2533
f 2532 2534 2533
f 2533 2534 2535
f 2536 2537 2535
f 2534 2536 2535
f 2535 2537 2538
f 2538 2537 2539
f 2537 2540 2539
f 2539 2540 2541
f 2540 2542 2541
f 2541 2542 2543
f 2542 2544 2543
f 2543 2544 2545
f 2544 2546 2545
f 2545 2546 2547
f 2546 2548 2547
f 2548 2550 2549
f 2547 2548 2549
f 2550 2552 2551
f 2549 2550 2551
f 2552 2554 2553
f 2551 2552 2553
f 2554 2556 2555
f 2553 2554 2555
f 2556 1508 1511
f 2555 2556 1511
f 1507 1505 2557
f 2557 1505 2558
f 2558 1505 2559
f 2559 1505 2560
f 2560 1505 2561
f 1505 2563 2562
f 2561 1505 2562
f 2562 2563 2564
f 2564 2563 2565
f 2565 2563 2566
f 2566 2563 2567
f 2567 2563 2568
f 2568 2563 2569
f 2571 2570 2572
f 2570 2573 2572
f 2572 2573 2574
f 2574 2573 2575
f 2575 2573 2576
f 2576 2573 2577
f 2577 2573 2578
f 2578 2573 2579
f 2579 2573 2580
f 2573 2581 2580
f 2580 2581 2582
f 2582 2581 2583
f 2583 2581 2584
f 2584 2581 2585
f 2585 2581 2586
f 2586 2581 2587
f 2587 2581 2588
f 2588 2581 2589
f 2589 2581 2590
f 2590 2581 2591
f 2591 2581 2592
f 2592 2581 2593
f 2593 2581 2594
f 2594 2581 2595
f 2598 2597 2599
f 2597 2600 2599
f 2599 2600 2601
f 2601 2600 2602
f 2602 2600 2603
f 2603 2600 2604
f 2604 2600 2605
f 2605 2600 2606
f 2606 2600 2607
f 2607 2600 2608
f 2608 2600 2609
f 2600 1450 1452
f 2609 2600 1452
f 2610 2612 2611
f 2610 2613 2612
f 3343 2616 2615
f 2617 2619 2618
f 2619 2620 2618
f 2621 2625 1434
f 2622 2625 2621
f 2623 2625 2622
f 2624 2625 2623
f 2626 2625 2624
f 2627 2630 2625
f 2627 2625 2626
f 2628 2630 2627
f 2629 2630 2628
f 2631 2633 2630
f 2631 2630 2629
f 2632 2633 2631
f 2634 2635 2633
f 2634 2633 2632
f 2636 2638 2637
f 2636 2639 2638
f 2640 2642 2641
f 2642 2643 2641
f 2644 2647 2645
f 2644 2645 2646
f 2647 2649 2648
f 2651 2653 2652
f 2653 2654 2652
f 2655 2659 2656
f 2657 2659 2655
f 2658 2659 2657
f 2660 2661 2659
f 2660 2659 2658
f 2662 2661 2660
f 2663 2661 2662
f 1293 1292 2661
f 1293 2661 2663
f 2664 2618 2620
f 2665 2666 2664
f 2667 2668 2666
f 2669 2670 2668
f 2671 2670 2669
f 2672 2673 2671
f 2673 2675 2674
f 2679 2680 2678
f 2639 2636 2681
f 1366 2682 2683
f 2682 2685 2684
f 2683 2682 2684
f 2686 2688 2687
f 2685 2686 2687
f 2684 2685 2687
f 2687 2688 2689
f 2688 2691 2690
f 2689 2688 2690
f 2692 2694 2693
f 2691 2692 2693
f 2690 2691 2693
f 2694 2696 2695
f 2693 2694 2695
f 2695 2696 2697
f 2696 2699 2698
f 2697 2696 2698
f 2698 2699 2700
f 2699 2701 2700
f 2701 2703 2702
f 2700 2701 2702
f 2703 2705 2704
f 2702 2703 2704
f 2706 2708 2707
f 2705 2706 2707
f 2704 2705 2707
f 2707 2708 2709
f 2708 2711 2710
f 2709 2708 2710
f 2710 2711 2712
f 2713 2715 2714
f 2714 2715 2716
f 2715 2717 2716
f 2716 2717 2718
f 2717 2719 2718
f 2718 2719 2720
f 2719 2721 2720
f 2720 2721 2722
f 2723 2724 2722
f 2721 2723 2722
f 2722 2724 2725
f 2725 2724 2726
f 2724 2727 2726
f 2727 2729 2728
f 2726 2727 2728
f 2729 2731 2730
f 2728 2729 2730
f 2732 2734 2733
f 2731 2732 2733
f 2730 2731 2733
f 2733 2734 2735
f 2735 2734 2736
f 2734 2737 2736
f 2736 2737 2738
f 2737 2739 2738
f 2738 2739 2740
f 2741 2742 2740
f 2739 2741 2740
f 2740 2742 2743
f 2742 2744 2743
f 2743 2744 2745
f 2745 2744 2746
f 2747 2748 2746
f 2744 2747 2746
f 2746 2748 994
f 2748 2749 994
f 2750 1348 1349
f 2751 2753 2752
f 2751 2754 2753
f 1308 2756 2755
f 1308 1309 2756
f 2757 2759 2758
f 2757 2758 2760
f 1347 2763 2762
f 2761 1347 2762
f 2765 2766 2767
f 2774 2773 2775
f 2778 2780 2779
f 2781 2783 2782
f 2790 2789 1310
f 1361 2677 2678
f 1363 1361 2678
f 1359 2676 2677
f 1359 2675 2676
f 1359 2677 1361
f 1363 2678 2680
f 1365 1363 2680
f 1359 2674 2675
f 1356 2674 1359
f 1356 2673 2674
f 1365 2680 2681
f 1366 1365 2681
f 1366 2681 2636
f 1355 2673 1356
f 2682 1366 2636
f 1355 2671 2673
f 1355 2670 2671
f 1353 2670 1355
f 2685 2682 2636
f 1353 2668 2670
f 1352 2668 1353
f 2666 2668 1352
f 2666 1352 1351
f 2792 2696 2694
f 2793 2792 2694
f 2794 2696 2792
f 2795 2793 2694
f 2796 2699 2696
f 2796 2696 2794
f 2797 2694 2692
f 2797 2795 2694
f 2798 2699 2796
f 2799 2797 2692
f 2800 2699 2798
f 2801 2692 2691
f 2801 2799 2692
f 2802 2701 2699
f 2802 2699 2800
f 2803 2801 2691
f 2804 2701 2802
f 2805 2691 2688
f 2805 2803 2691
f 2806 2701 2804
f 2807 2805 2688
f 2808 2703 2701
f 2808 2701 2806
f 2809 2688 2686
f 2809 2807 2688
f 2810 2703 2808
f 2811 2809 2686
f 2812 2703 2810
f 2813 2811 2686
f 2813 2686 2685
f 2814 2705 2703
f 2814 2703 2812
f 2815 2685 2636
f 2815 2813 2685
f 2816 2705 2814
f 2791 2815 2636
f 2817 2705 2816
f 2818 2705 2817
f 2818 2706 2705
f 2819 2706 2818
f 2820 2706 2819
f 2821 2706 2820
f 2822 2708 2706
f 2822 2706 2821
f 2823 2708 2822
f 2824 2708 2823
f 2825 2711 2708
f 2825 2708 2824
f 2614 2711 2825
f 2615 2711 2614
f 2664 2666 1351
f 2664 1351 1348
f 2615 2712 2711
f 2615 2713 2712
f 2616 2713 2615
f 2618 2664 1348
f 2618 1348 2750
f 2618 2750 2749
f 2616 2715 2713
f 2826 2715 2616
f 2826 2717 2715
f 2827 2717 2826
f 2828 2717 2827
f 2829 2717 2828
f 2829 2719 2717
f 2830 2719 2829
f 2831 2719 2830
f 2832 2719 2831
f 2833 2719 2832
f 2833 2721 2719
f 2834 2721 2833
f 2835 2721 2834
f 2836 2721 2835
f 2836 2723 2721
f 2837 2723 2836
f 2838 2723 2837
f 2839 2723 2838
f 2839 2724 2723
f 2840 2724 2839
f 2841 2724 2840
f 2842 2724 2841
f 2842 2727 2724
f 2843 2727 2842
f 2844 2727 2843
f 2845 2729 2727
f 2845 2727 2844
f 2846 2729 2845
f 2847 2729 2846
f 2848 2731 2729
f 2848 2729 2847
f 2849 2731 2848
f 2850 2731 2849
f 2851 2732 2731
f 2851 2731 2850
f 2852 2732 2851
f 2853 2734 2732
f 2853 2732 2852
f 2854 2734 2853
f 2855 2734 2854
f 2855 2737 2734
f 2856 2737 2855
f 2857 2739 2737
f 2857 2737 2856
f 2858 2739 2857
f 2859 2739 2858
f 2859 2741 2739
f 2860 2741 2859
f 2861 2742 2741
f 2861 2741 2860
f 2862 2791 2636
f 2863 2864 2610
f 2865 2610 2864
f 2866 2863 2610
f 2867 2610 2865
f 2868 2866 2610
f 2869 2610 2867
f 2870 2868 2610
f 2871 2610 2869
f 2872 2610 2871
f 2873 2610 2872
f 2874 2610 2873
f 2875 2610 2874
f 2876 2610 2875
f 2877 2610 2876
f 2878 2610 2877
f 2879 2610 2878
f 2880 2610 2879
f 2881 2610 2880
f 2882 2610 2881
f 2883 2610 2882
f 2884 2610 2883
f 2885 2610 2884
f 2886 2610 2885
f 2887 2610 2886
f 2888 2610 2887
f 2889 2610 2888
f 2890 2610 2889
f 2891 2610 2890
f 2892 2610 2891
f 2893 2610 2892
f 2894 2610 2893
f 2895 2610 2894
f 2895 2896 2610
f 2897 2898 2896
f 2897 2896 2895
f 2899 2898 2897
f 2899 2900 2898
f 2901 2902 2900
f 2901 2900 2899
f 2903 2742 2861
f 2903 2861 2902
f 2903 2902 2901
f 2903 2744 2742
f 2904 2744 2903
f 2905 2744 2904
f 2905 2747 2744
f 2906 2747 2905
f 2906 2748 2747
f 2907 2748 2906
f 2908 2748 2907
f 2908 2618 2749
f 2908 2749 2748
f 2909 2618 2908
f 2910 2618 2909
f 2911 2618 2910
f 2912 2618 2911
f 2913 2618 2912
f 2914 2618 2913
f 2915 2618 2914
f 2916 2618 2915
f 2917 2618 2916
f 2751 2618 2917
f 2640 2919 2918
f 2640 2920 2919
f 2640 2921 2920
f 2640 2922 2921
f 2640 2923 2922
f 2640 2924 2923
f 2640 2925 2924
f 2640 2926 2925
f 2640 2927 2926
f 2640 2928 2927
f 2640 2929 2928
f 2640 2930 2929
f 2640 2931 2930
f 2640 2932 2931
f 2640 2933 2932
f 2640 2934 2933
f 2640 2935 2934
f 2640 2936 2935
f 2640 2937 2936
f 2640 2938 2937
f 2640 2939 2938
f 2640 2940 2939
f 2640 2941 2940
f 2640 2942 2941
f 2640 2943 2942
f 2640 2944 2943
f 2640 2945 2944
f 2640 2946 2945
f 2640 2947 2946
f 2640 2948 2947
f 2640 2949 2948
f 2640 2950 2949
f 2640 2951 2950
f 2640 2952 2951
f 2640 2953 2952
f 2640 2954 2953
f 2640 2955 2954
f 2640 2956 2955
f 2957 2640 2918
f 2957 2918 2958
f 2959 2958 2960
f 2959 2957 2958
f 2961 2960 2962
f 2961 2959 2960
f 2963 2961 2962
f 2963 2962 2964
f 2965 2964 2966
f 2965 2963 2964
f 2967 2966 2968
f 2967 2965 2966
f 2969 2967 2968
f 2970 2971 2646
f 2972 2646 2971
f 2973 2646 2974
f 2973 2970 2646
f 2975 2646 2972
f 2976 2973 2974
f 2976 2974 2977
f 2978 2646 2975
f 2979 2977 2980
f 2979 2976 2977
f 2981 2646 2978
f 2982 2980 2983
f 2982 2979 2980
f 2984 2646 2981
f 2985 2983 2986
f 2985 2982 2983
f 2987 2646 2984
f 2988 2986 2989
f 2988 2985 2986
f 2990 2646 2987
f 2991 2989 2969
f 2991 2969 2968
f 2991 2988 2989
f 2992 2646 2990
f 2993 2968 2994
f 2993 2991 2968
f 2995 2646 2992
f 2996 2994 2997
f 2996 2993 2994
f 2998 2646 2995
f 2999 3001 3000
f 2999 2997 3001
f 2999 2996 2997
f 3002 2646 2998
f 3003 3000 3004
f 3003 2999 3000
f 3005 2646 3002
f 3006 3003 3004
f 3006 3004 3007
f 3008 2646 3005
f 3009 3006 3007
f 3010 2646 3008
f 3011 2646 3010
f 3012 2646 3011
f 3013 2646 3012
f 3014 2646 3013
f 3015 2646 3014
f 3016 2646 3015
f 3017 2646 3016
f 3018 2646 3017
f 3019 2646 3018
f 3020 2646 3019
f 3021 2646 3020
f 3022 2646 3021
f 3023 2646 3022
f 3024 2646 3023
f 3025 2646 3024
f 3026 2646 3025
f 3027 2646 3026
f 3028 2646 3027
f 3029 2646 3028
f 3030 2646 3029
f 3031 2646 3030
f 3032 2646 3031
f 2648 3034 3033
f 2648 3035 3034
f 2648 3036 3035
f 2648 3037 3036
f 2648 3038 3037
f 2648 3039 3038
f 2648 3040 3039
f 2648 3041 3040
f 2648 3042 3041
f 2648 3043 3042
f 2648 3044 3043
f 2648 3045 3044
f 2648 3046 3045
f 2648 3047 3046
f 2648 3048 3047
f 2648 3049 3048
f 2648 3050 3049
f 2648 3051 3050
f 2648 3052 3051
f 2648 3053 3052
f 2648 3054 3053
f 2648 3055 3054
f 2648 3056 3055
f 2648 3057 3056
f 2648 3058 3057
f 2648 3059 3058
f 2648 3060 3059
f 2648 3061 3060
f 2648 3062 3061
f 2648 3063 3062
f 2648 3064 3063
f 2648 3065 3064
f 2648 3066 3065
f 2648 3067 3066
f 2648 3068 3067
f 2648 3069 3068
f 2648 3070 3069
f 2648 3071 3070
f 3072 3071 2648
f 3072 3073 3071
f 3074 3073 3072
f 3074 3075 3073
f 3076 3075 3074
f 3076 3077 3075
f 3078 3077 3076
f 3078 3079 3077
f 3080 3079 3078
f 3080 3081 3079
f 3082 3081 3080
f 3082 3083 3081
f 1294 3083 3082
f 3084 3085 1308
f 3086 1308 3085
f 3087 3084 1308
f 3088 1308 3086
f 3089 3087 1308
f 3090 1308 3088
f 3091 3089 1308
f 3092 1308 3090
f 3093 3091 1308
f 3094 1308 3092
f 3095 1308 3094
f 3096 1308 3095
f 3097 1308 3096
f 3098 1308 3097
f 3099 1308 3098
f 3100 1308 3099
f 3101 1308 3100
f 3102 1308 3101
f 3103 1308 3102
f 3104 1308 3103
f 3105 1308 3104
f 3106 1308 3105
f 3107 1308 3106
f 3108 1308 3107
f 3109 1308 3108
f 3110 1308 3109
f 3111 1308 3110
f 3112 1308 3111
f 3113 1308 3112
f 3114 1308 3113
f 3115 1308 3114
f 3116 1308 3115
f 3117 1308 3116
f 3118 1308 3117
f 3119 1308 3118
f 3120 1308 3119
f 3121 1308 3120
f 3122 1308 3121
f 3122 1306 1308
f 3123 1306 3122
f 3123 1304 1306
f 3124 1304 3123
f 3124 1302 1304
f 3125 1300 1302
f 3125 1302 3124
f 3126 1298 1300
f 3126 1300 3125
f 3127 1298 3126
f 3127 1295 1298
f 3128 1295 3127
f 3128 3083 1294
f 3128 1294 1295
f 3129 3083 3128
f 3129 3130 3083
f 3131 3130 3129
f 3131 3132 3130
f 3133 3132 3131
f 3133 3134 3132
f 3135 3134 3133
f 3135 3136 3134
f 2637 3138 3137
f 2637 3139 3138
f 2637 3140 3139
f 2637 3141 3140
f 2637 3142 3141
f 2637 3143 3142
f 2637 3144 3143
f 2637 3145 3144
f 2637 3146 3145
f 2637 3147 3146
f 2637 3148 3147
f 2637 3149 3148
f 2637 3150 3149
f 2637 3151 3150
f 2637 3152 3151
f 2637 3153 3152
f 2637 3154 3153
f 2637 3155 3154
f 2637 3156 3155
f 2637 3157 3156
f 2637 3158 3157
f 2651 3158 2637
f 2651 3159 3158
f 2651 3160 3159
f 2651 3161 3160
f 2651 3162 3161
f 2651 3163 3162
f 2651 3164 3163
f 2651 3165 3164
f 2651 3166 3165
f 2651 3167 3166
f 2651 3168 3167
f 2651 3169 3168
f 2651 3170 3169
f 2651 3171 3170
f 2651 3172 3171
f 2651 3173 3172
f 2651 3174 3173
f 2651 3175 3174
f 2651 3176 3175
f 2651 3177 3176
f 2651 3178 3177
f 2651 3179 3178
f 2651 3180 3179
f 2651 3181 3180
f 2651 3182 3181
f 2651 3183 3182
f 2651 3184 3183
f 2651 3185 3184
f 3186 2651 2637
f 3187 3186 2637
f 3188 3187 2637
f 3189 3188 2637
f 3190 3189 2637
f 3191 3190 2637
f 1226 3191 2637
f 1228 1226 2637
f 1230 1228 2637
f 1232 1230 2637
f 1234 1232 2637
f 1236 2637 3192
f 1236 1234 2637
f 1238 1236 3192
f 1240 1238 3192
f 1178 1260 1259
f 1177 1178 1259
f 1177 1256 1254
f 1177 1259 1256
f 1179 1260 1178
f 1179 1262 1260
f 1179 1265 1262
f 1213 1445 1212
f 1212 1445 1448
f 1176 1177 1254
f 1176 1252 1250
f 1176 1254 1252
f 1180 1265 1179
f 1180 1266 1265
f 1175 1176 1250
f 1175 1250 1248
f 1182 1266 1180
f 1182 1268 1266
f 1182 1270 1268
f 1210 1212 1448
f 1174 1175 1248
f 1174 1248 1246
f 1183 1270 1182
f 1183 1273 1270
f 1183 1274 1273
f 1173 1174 1246
f 1173 1244 1242
f 1173 1246 1244
f 1184 1274 1183
f 1184 1277 1274
f 1184 1278 1277
f 1171 1240 3192
f 1171 1173 1242
f 1171 1242 1240
f 1185 1278 1184
f 1185 1281 1278
f 1185 1282 1281
f 1170 3192 3193
f 1170 1171 3192
f 1186 1282 1185
f 1186 1284 1282
f 1186 1287 1284
f 1214 1445 1213
f 1187 1287 1186
f 1187 1289 1287
f 1188 1289 1187
f 1188 1291 1289
f 1188 1292 1291
f 1215 1445 1214
f 1209 1210 1448
f 1189 1292 1188
f 1189 2661 1292
f 1216 1445 1215
f 1170 3193 3194
f 1209 1448 1372
f 1216 1438 1445
f 1169 1170 3194
f 1190 2661 1189
f 3203 1169 3194
f 3195 1209 1372
f 1191 2661 1190
f 1217 1436 1438
f 1217 1438 1216
f 3196 3195 1372
f 1192 2659 2661
f 1192 2661 1191
f 3197 3196 1372
f 1194 2659 1192
f 3819 3197 1372
f 1193 2659 1194
f 1195 2659 1193
f 3199 1372 1378
f 3199 3819 1372
f 1196 3198 2659
f 1196 2659 1195
f 1337 3194 3200
f 1337 3200 1339
f 1339 3200 1436
f 1197 3201 3198
f 1197 3202 3201
f 1197 3198 1196
f 1337 3203 3194
f 3818 3199 1378
f 1339 1436 1217
f 1336 3203 1337
f 1199 3204 3202
f 1199 3205 3204
f 1199 3202 1197
f 1340 1339 1217
f 1336 3209 3203
f 1341 1217 1218
f 1341 1340 1217
f 1200 3206 3205
f 1200 3205 1199
f 1335 3209 1336
f 3210 3818 1378
f 1341 1218 1219
f 1201 3207 3206
f 1201 3208 3207
f 1201 3206 1200
f 1202 3211 3208
f 1202 3208 1201
f 1332 3209 1335
f 1332 3212 3209
f 1203 3213 3211
f 1203 3214 3213
f 1203 3211 1202
f 1344 1341 1219
f 1332 3215 3212
f 1204 3216 3214
f 1204 3214 1203
f 1345 1219 1220
f 1345 1344 1219
f 1205 3217 3216
f 1205 3218 3217
f 1205 3216 1204
f 1206 3219 3218
f 1206 3218 1205
f 1345 1220 1221
f 1345 1221 1222
f 1208 3219 1206
f 1208 3220 3219
f 1331 3221 3215
f 1331 3215 1332
f 1331 3826 3221
f 1345 1222 1223
f 1329 3826 1331
f 1329 3825 3826
f 1347 1345 1223
f 1347 1223 1224
f 1347 1224 1225
f 1347 1225 3223
f 1329 3222 3825
f 1378 3817 3210
f 1347 3223 3224
f 1329 3824 3222
f 2763 1347 3224
f 1378 3258 3817
f 1329 3823 3824
f 2764 3224 3225
f 2764 2763 3224
f 2764 3225 3236
f 2617 2757 2760
f 2617 3226 2757
f 2617 3227 3226
f 2617 3228 3227
f 2617 3135 3228
f 2617 3230 3229
f 2617 3231 3230
f 2617 3232 3231
f 2617 3233 3232
f 2617 2760 3233
f 2617 3136 3135
f 2617 3234 3136
f 2617 3235 3234
f 1381 3258 1378
f 1327 3822 3823
f 1327 3823 1329
f 2765 2764 3236
f 3237 2617 3229
f 3237 3239 3238
f 3237 3240 3239
f 3237 3229 3240
f 1327 3241 3822
f 2765 3236 3247
f 1326 3241 1327
f 3242 3244 3243
f 3242 3245 3244
f 3242 3246 3245
f 3242 3238 3246
f 3242 3237 3238
f 1382 3258 1381
f 2766 2765 3247
f 1326 3248 3241
f 3249 3251 3250
f 3249 3252 3251
f 3249 3243 3252
f 3249 3242 3243
f 2766 3247 3816
f 1324 3248 1326
f 1324 3253 3248
f 3254 3256 3255
f 3254 3257 3256
f 3254 3250 3257
f 3254 3249 3250
f 1324 3821 3253
f 2766 3816 3258
f 3259 3260 3220
f 3259 3261 3260
f 3259 3255 3261
f 3259 3254 3255
f 1322 3821 1324
f 2768 3258 1382
f 2768 2766 3258
f 3262 3259 3220
f 3262 1208 1207
f 3262 3220 1208
f 1322 3263 3821
f 2768 1382 1384
f 3262 1207 3263
f 3262 3263 1322
f 1384 2769 2768
f 3262 1322 1320
f 3262 1320 1318
f 1385 2770 2769
f 1385 2769 1384
f 2635 1318 1316
f 2635 3262 1318
f 1386 2770 1385
f 1157 1313 1155
f 1139 1140 2773
f 1139 2773 2772
f 1156 1155 1313
f 1158 1313 1157
f 1156 1313 1311
f 1158 1315 1313
f 1141 2775 2773
f 1141 2773 1140
f 1154 1156 1311
f 1159 1315 1158
f 1139 2772 2771
f 1138 1139 2771
f 1159 1316 1315
f 1153 1154 1311
f 1138 2770 1386
f 1138 1386 1387
f 1138 2771 2770
f 1159 2635 1316
f 1142 2775 1141
f 1160 2635 1159
f 1153 1311 1310
f 1137 1138 1387
f 1137 1387 1389
f 1142 2776 2775
f 1160 2633 2635
f 1137 1389 1393
f 1152 1153 1310
f 1142 2777 2776
f 1152 1310 2789
f 3264 1137 1393
f 1161 2630 2633
f 1161 2633 1160
f 1143 2777 1142
f 3265 1152 2789
f 1143 2778 2777
f 3267 3264 1393
f 1144 2778 1143
f 1162 2630 1161
f 1398 3267 1393
f 3266 3265 2789
f 1145 2778 1144
f 3268 2789 2788
f 3268 3266 2789
f 1146 2778 1145
f 1163 2630 1162
f 3269 3268 2788
f 1398 3271 3267
f 1146 2780 2778
f 2625 2630 1163
f 1147 2780 1146
f 3272 2788 2787
f 3272 3269 2788
f 1398 3270 3271
f 1148 2780 1147
f 3272 2787 2786
f 1149 2780 1148
f 2625 1163 1164
f 3273 3272 2786
f 1150 2780 1149
f 1150 2781 2780
f 1398 3274 3270
f 3285 3273 2786
f 2625 1164 1165
f 3285 2786 2785
f 1150 2783 2781
f 1403 3275 3274
f 1403 3274 1398
f 2625 1165 1166
f 2625 1166 1167
f 1403 3839 3275
f 2625 1167 1168
f 1403 3838 3839
f 2625 1168 3276
f 1403 3277 3838
f 1432 3276 3278
f 1432 2625 3276
f 1411 3837 3277
f 1411 3277 1403
f 1432 3278 3829
f 1411 3279 3837
f 1432 3829 3280
f 1411 3281 3279
f 1432 3280 3830
f 1432 3830 3282
f 1432 3282 3831
f 1411 3283 3836
f 1411 3836 3281
f 1411 3835 3283
f 1426 1432 3831
f 1426 3831 3284
f 1415 1151 3835
f 1415 3835 1411
f 1426 3284 3832
f 1426 3832 3285
f 1415 1150 1151
f 1421 1426 3285
f 1421 3285 2785
f 1415 2783 1150
f 1420 1421 2785
f 1420 2785 2784
f 1418 2783 1415
f 1419 1420 2784
f 1419 2784 2783
f 1418 1419 2783
f 2618 2752 2617
f 2752 3286 2617
f 3286 3235 2617
f 2618 2751 2752
f 2637 3137 2636
f 3137 3009 2636
f 3009 3007 2636
f 3007 2862 2636
f 2652 2755 2651
f 2755 3287 2651
f 3287 3288 2651
f 3288 3289 2651
f 3289 3290 2651
f 3290 3291 2651
f 3291 3185 2651
f 2648 2644 2647
f 2648 3292 2644
f 2648 3293 3292
f 2648 3033 3293
f 2755 2652 1308
f 2652 3294 1308
f 3294 3295 1308
f 3295 3296 1308
f 3296 3093 1308
f 2641 2611 2640
f 2611 3297 2640
f 3297 3298 2640
f 3298 3299 2640
f 3299 2956 2640
f 2646 2647 2644
f 2646 3300 2647
f 2646 3301 3300
f 2646 3302 3301
f 2646 3032 3302
f 2611 2641 2610
f 2641 3303 2610
f 3303 3304 2610
f 3304 3305 2610
f 3305 3306 2610
f 3306 2870 2610
f 2677 1361 1363
f 2678 2677 1363
f 1361 2677 1362
f 2677 2676 1362
f 2676 2675 1362
f 2679 2678 1363
f 2679 1363 1364
f 1362 2675 1360
f 2675 2673 1360
f 2679 1364 1365
f 2680 2679 1365
f 1360 2673 1358
f 1358 2673 1357
f 2681 2680 1366
f 2680 1365 1366
f 1357 2673 1048
f 2673 2672 1048
f 2639 2681 1366
f 2672 2671 1048
f 2639 1366 2683
f 1048 2671 1355
f 1355 2671 1354
f 2671 2669 1354
f 2669 2668 1354
f 2639 2683 2684
f 1354 2668 1353
f 2668 2667 1353
f 1353 2667 1352
f 1352 2667 2666
f 1352 2666 2665
f 1351 1352 2665
f 2695 2697 3307
f 2695 3307 3308
f 3307 2697 3309
f 2695 3308 3310
f 2697 2698 3311
f 3309 2697 3311
f 2693 2695 3312
f 2695 3310 3312
f 3311 2698 3313
f 2693 3312 3314
f 3313 2698 3315
f 2690 2693 3316
f 2693 3314 3316
f 2698 2700 3317
f 3315 2698 3317
f 2690 3316 3318
f 3317 2700 3319
f 2689 2690 3320
f 2690 3318 3320
f 3319 2700 3321
f 2689 3320 3322
f 2700 2702 3323
f 3321 2700 3323
f 2687 2689 3324
f 2689 3322 3324
f 3323 2702 3325
f 2687 3324 3326
f 3325 2702 3327
f 2684 2687 3328
f 2687 3326 3328
f 2702 2704 3329
f 3327 2702 3329
f 2639 2684 3330
f 2684 3328 3330
f 3329 2704 3331
f 2639 3330 3332
f 3331 2704 3333
f 2704 2707 3334
f 3333 2704 3334
f 3334 2707 3335
f 3335 2707 3336
f 3336 2707 3337
f 2707 2709 3338
f 3337 2707 3338
f 3338 2709 3339
f 3339 2709 3340
f 2709 2710 3341
f 3340 2709 3341
f 3341 2710 3342
f 3342 2710 2614
f 1350 1351 2665
f 2710 2712 2614
f 1348 1350 2665
f 1348 2665 2664
f 2614 2712 2615
f 1349 1348 2664
f 2712 2713 2615
f 2615 2713 3343
f 1349 2664 2620
f 2750 1349 2620
f 2749 2750 2620
f 2713 2714 3343
f 2714 2716 3343
f 3343 2716 3344
f 3344 2716 3345
f 2716 2718 3346
f 3345 2716 3346
f 3346 2718 3347
f 3347 2718 3348
f 3348 2718 3349
f 2718 2720 3350
f 3349 2718 3350
f 3350 2720 3351
f 3351 2720 3352
f 2720 2722 3353
f 3352 2720 3353
f 3353 2722 3354
f 3354 2722 3355
f 3355 2722 3356
f 2722 2725 3356
f 3356 2725 3357
f 3357 2725 3358
f 3358 2725 3359
f 2725 2726 3359
f 3359 2726 3360
f 3360 2726 3361
f 3361 2726 3362
f 2726 2728 3362
f 3362 2728 3363
f 3363 2728 3364
f 3364 2728 3365
f 2728 2730 3365
f 3365 2730 3366
f 3366 2730 3367
f 2730 2733 3368
f 3367 2730 3368
f 3368 2733 3369
f 3369 2733 3370
f 2733 2735 3370
f 3370 2735 3371
f 3371 2735 3372
f 2735 2736 3372
f 3372 2736 3373
f 3373 2736 3374
f 2736 2738 3374
f 3374 2738 3375
f 3375 2738 3376
f 2738 2740 3376
f 3376 2740 3377
f 3377 2740 3378
f 2740 2743 3378
f 2639 3332 3379
f 2613 3381 3380
f 3381 2613 3382
f 2613 3380 3383
f 3382 2613 3384
f 2613 3383 3385
f 3384 2613 3386
f 2613 3385 3387
f 3386 2613 3388
f 3388 2613 3389
f 3389 2613 3390
f 3390 2613 3391
f 3391 2613 3392
f 3392 2613 3393
f 3393 2613 3394
f 3394 2613 3395
f 3395 2613 3396
f 3396 2613 3397
f 3397 2613 3398
f 3398 2613 3399
f 3399 2613 3400
f 3400 2613 3401
f 3401 2613 3402
f 3402 2613 3403
f 3403 2613 3404
f 3404 2613 3405
f 3405 2613 3406
f 3406 2613 3407
f 3407 2613 3408
f 3408 2613 3409
f 3409 2613 3410
f 3410 2613 3411
f 3411 2613 3412
f 2613 3413 3412
f 3413 3415 3414
f 3412 3413 3414
f 3415 3417 3416
f 3414 3415 3416
f 3416 3417 3418
f 3417 3419 3418
f 3418 3419 3420
f 3378 2743 3420
f 3419 3378 3420
f 2743 2745 3420
f 3420 2745 3421
f 3421 2745 3422
f 2745 2746 3422
f 3422 2746 3423
f 2746 994 3423
f 3423 994 3424
f 2749 2620 3425
f 3424 994 3425
f 994 2749 3425
f 3425 2620 3426
f 3426 2620 3427
f 3427 2620 3428
f 3428 2620 3429
f 3429 2620 3430
f 3430 2620 3431
f 3431 2620 3432
f 3432 2620 3433
f 3433 2620 3434
f 3434 2620 2754
f 3435 3436 2642
f 3437 3435 2642
f 3438 3437 2642
f 3439 3438 2642
f 3440 3439 2642
f 3441 3440 2642
f 3442 3441 2642
f 3443 3442 2642
f 3444 3443 2642
f 3445 3444 2642
f 3446 3445 2642
f 3447 3446 2642
f 3448 3447 2642
f 3449 3448 2642
f 3450 3449 2642
f 3451 3450 2642
f 3452 3451 2642
f 3453 3452 2642
f 3454 3453 2642
f 3455 3454 2642
f 3456 3455 2642
f 3457 3456 2642
f 3458 3457 2642
f 3459 3458 2642
f 3460 3459 2642
f 3461 3460 2642
f 3462 3461 2642
f 3463 3462 2642
f 3464 3463 2642
f 3465 3464 2642
f 3466 3465 2642
f 3467 3466 2642
f 3468 3467 2642
f 3469 3468 2642
f 3470 3469 2642
f 3471 3470 2642
f 3472 3471 2642
f 3473 3472 2642
f 3473 2642 3474
f 3475 3473 3474
f 3475 3474 3476
f 3477 3475 3476
f 3477 3476 3478
f 3479 3477 3478
f 3479 3478 3480
f 3481 3479 3480
f 3481 3480 3482
f 3483 3481 3482
f 3483 3482 3484
f 3485 3483 3484
f 3485 3484 3486
f 2645 3488 3487
f 3488 2645 3489
f 3490 2645 3491
f 2645 3487 3491
f 3489 2645 3492
f 3493 3490 3494
f 3490 3491 3494
f 3492 2645 3495
f 3496 3493 3497
f 3493 3494 3497
f 3495 2645 3498
f 3499 3496 3500
f 3496 3497 3500
f 3498 2645 3501
f 3499 3500 3502
f 3503 3499 3502
f 3501 2645 3504
f 3505 3503 3506
f 3503 3502 3506
f 3504 2645 3507
f 3505 3506 3508
f 3486 3505 3508
f 3485 3486 3508
f 3507 2645 3509
f 3510 3485 3511
f 3485 3508 3511
f 3509 2645 3512
f 3510 3511 3513
f 3514 3510 3513
f 3512 2645 3515
f 3514 3513 3516
f 3517 3514 3516
f 3515 2645 3518
f 3517 3516 3519
f 3520 3517 3519
f 3521 3520 3519
f 3518 2645 3522
f 3521 3519 3523
f 3524 3521 3523
f 3522 2645 3525
f 3524 3523 3526
f 3525 2645 3527
f 3527 2645 3528
f 3528 2645 3529
f 3529 2645 3530
f 3530 2645 3531
f 3531 2645 3532
f 3532 2645 3533
f 3533 2645 3534
f 3534 2645 3535
f 3535 2645 3536
f 3536 2645 3537
f 3537 2645 3538
f 3538 2645 3539
f 3539 2645 3540
f 3540 2645 3541
f 3541 2645 3542
f 3542 2645 3543
f 3543 2645 3544
f 3544 2645 3545
f 3545 2645 3546
f 3546 2645 3547
f 3547 2645 3548
f 3548 2645 3549
f 3550 3551 2649
f 3552 3550 2649
f 3553 3552 2649
f 3554 3553 2649
f 3555 3554 2649
f 3556 3555 2649
f 3557 3556 2649
f 3558 3557 2649
f 3559 3558 2649
f 3560 3559 2649
f 3561 3560 2649
f 3562 3561 2649
f 3563 3562 2649
f 3564 3563 2649
f 3565 3566 2649
f 3567 3565 2649
f 3568 3567 2649
f 3569 3568 2649
f 3570 3569 2649
f 3571 3570 2649
f 3572 3571 2649
f 3573 3572 2649
f 3574 3573 2649
f 3575 3574 2649
f 3576 3575 2649
f 3577 3576 2649
f 3578 3577 2649
f 3579 3578 2649
f 3580 3579 2649
f 3581 3580 2649
f 3582 3581 2649
f 3583 3582 2649
f 3584 3583 2649
f 3585 3584 2649
f 3586 3585 2649
f 3587 3586 2649
f 3588 3587 2649
f 3551 3588 2649
f 2649 3566 3589
f 3566 3590 3589
f 3589 3590 3591
f 3590 3592 3591
f 3591 3592 3593
f 3592 3594 3593
f 3593 3594 3595
f 3594 3596 3595
f 3595 3596 3597
f 3596 3598 3597
f 3598 3600 3599
f 3597 3598 3599
f 3599 3600 1296
f 1309 3602 3601
f 3602 1309 3603
f 1309 3601 3604
f 3603 1309 3605
f 1309 3604 3606
f 3605 1309 3607
f 1309 3606 3608
f 3607 1309 3609
f 1309 3608 3610
f 3609 1309 3611
f 3611 1309 3612
f 3612 1309 3613
f 3613 1309 3614
f 3614 1309 3615
f 3615 1309 3616
f 3616 1309 3617
f 3617 1309 3618
f 3618 1309 3619
f 3619 1309 3620
f 3620 1309 3621
f 3621 1309 3622
f 3622 1309 3623
f 3623 1309 3624
f 3624 1309 3625
f 3625 1309 3626
f 3626 1309 3627
f 3627 1309 3628
f 3628 1309 3629
f 3629 1309 3630
f 3630 1309 3631
f 3631 1309 3632
f 3632 1309 3633
f 3633 1309 3634
f 3634 1309 3635
f 3635 1309 3636
f 3636 1309 3637
f 3637 1309 3638
f 3638 1309 3639
f 1309 1307 3639
f 3639 1307 3640
f 1307 1305 3640
f 3640 1305 3641
f 1305 1303 3641
f 3641 1303 3642
f 1303 1301 3642
f 3642 1301 3643
f 1301 1299 3643
f 3643 1299 3644
f 1299 1297 3644
f 1296 3600 3645
f 3644 1297 3645
f 3600 3646 3645
f 1297 1296 3645
f 3645 3646 3647
f 3647 3646 3648
f 3649 3650 3648
f 3646 3649 3648
f 3648 3650 3651
f 3650 3652 3651
f 3651 3652 3653
f 3654 3655 2638
f 3656 3654 2638
f 3657 3656 2638
f 3658 3657 2638
f 3659 3658 2638
f 3660 3659 2638
f 3661 3660 2638
f 3662 3661 2638
f 3663 3662 2638
f 3664 3663 2638
f 3665 3664 2638
f 3666 3665 2638
f 3667 3666 2638
f 3668 3667 2638
f 3669 3668 2638
f 3670 3669 2638
f 3671 3670 2638
f 3672 3671 2638
f 3673 3672 2638
f 2650 3673 2638
f 2638 3655 2653
f 3674 3675 2653
f 3676 3674 2653
f 3677 3676 2653
f 3678 3677 2653
f 3679 3678 2653
f 3680 3679 2653
f 3681 3680 2653
f 3682 3681 2653
f 3683 3682 2653
f 3684 3683 2653
f 3685 3684 2653
f 3686 3685 2653
f 3687 3686 2653
f 3688 3687 2653
f 3689 3688 2653
f 3690 3689 2653
f 3691 3690 2653
f 3692 3691 2653
f 3693 3692 2653
f 3694 3693 2653
f 3695 3694 2653
f 3696 3695 2653
f 3697 3696 2653
f 3698 3697 2653
f 3699 3698 2653
f 3700 3699 2653
f 3655 3700 2653
f 2638 2653 3701
f 2638 3701 3702
f 2638 3702 3703
f 2638 3703 3704
f 2638 3704 3705
f 2638 3705 3706
f 2638 3706 1227
f 2638 1227 1229
f 2638 1229 1231
f 2638 1231 1233
f 2638 1233 1235
f 3707 2638 1237
f 2638 1235 1237
f 3707 1237 1239
f 3707 1239 1241
f 3708 3707 1243
f 3707 1241 1243
f 3708 1243 1245
f 3708 1245 1247
f 3709 3708 1249
f 3708 1247 1249
f 3709 1249 1251
f 3709 1251 1253
f 1272 1275 1602
f 1446 1730 1732
f 1272 1602 1604
f 1271 1272 1604
f 1602 1275 1600
f 1275 1276 1600
f 1730 1446 1728
f 1446 1444 1728
f 1271 1604 1606
f 1269 1271 1606
f 1446 1732 1734
f 1600 1276 1598
f 1276 1279 1598
f 1728 1444 1726
f 1269 1606 1608
f 1267 1269 1608
f 1446 1734 1736
f 1598 1279 1596
f 1280 1283 1596
f 1279 1280 1596
f 1726 1444 1724
f 1267 1608 1610
f 1264 1267 1610
f 1446 1736 1738
f 1447 1446 1738
f 1596 1283 1594
f 1283 1285 1594
f 1724 1444 1722
f 1263 1264 1612
f 1264 1610 1612
f 1447 1738 1740
f 1722 1444 1721
f 1444 1443 1721
f 1594 1285 1593
f 1285 1286 1593
f 1447 1740 1742
f 1261 1263 1614
f 1258 1261 1614
f 1263 1612 1614
f 1593 1286 1590
f 1286 1288 1590
f 1721 1443 1718
f 1257 1258 1616
f 1258 1614 1616
f 1447 1742 1744
f 1590 1288 1588
f 1288 1290 1588
f 1718 1443 1716
f 1255 1257 1618
f 1257 1616 1618
f 1447 1744 1746
f 1588 1290 1586
f 1290 1293 1586
f 1716 1443 1714
f 1443 1442 1714
f 1253 1255 1620
f 1255 1618 1620
f 1447 1746 1748
f 1449 1447 1748
f 1714 1442 1712
f 1586 1293 1584
f 3709 1253 1622
f 1253 1620 1622
f 1449 1748 1750
f 1584 1293 1583
f 1712 1442 1711
f 3710 3709 1624
f 3709 1622 1624
f 1449 1750 1752
f 1293 2663 1580
f 1583 1293 1580
f 1711 1442 1708
f 3710 1624 1626
f 1449 1752 1754
f 1580 2663 1578
f 1708 1442 1706
f 1442 1441 1706
f 3711 3710 1628
f 3710 1626 1628
f 1449 1754 1756
f 1368 1449 1756
f 1578 2663 1576
f 1706 1441 1704
f 3711 1628 1630
f 1368 1756 1758
f 1576 2663 1574
f 1704 1441 1702
f 3711 1630 1632
f 1368 1758 1760
f 2663 2662 1572
f 1574 2663 1572
f 1702 1441 1700
f 1441 1440 1700
f 3712 3711 1634
f 3711 1632 1634
f 1368 1760 1762
f 1700 1440 1698
f 1572 2662 1570
f 3712 1634 2433
f 1368 1762 2309
f 1570 2662 1568
f 1698 1440 1696
f 1440 1439 1696
f 3712 2433 2435
f 3713 3712 2435
f 1368 2309 2311
f 1568 2662 1566
f 1696 1439 1694
f 3713 2435 2437
f 1368 2311 2313
f 1367 1368 2313
f 1566 2662 1564
f 1694 1439 1692
f 1439 1437 1692
f 3713 2437 2439
f 1367 2313 2315
f 1692 1437 1690
f 2662 2660 1562
f 1564 2662 1562
f 3714 3713 2441
f 3713 2439 2441
f 1367 2315 2317
f 1690 1437 1688
f 1562 2660 1560
f 3714 2441 2443
f 1367 2317 2319
f 1688 1437 1686
f 1437 1435 1686
f 1560 2660 1558
f 1367 2319 2321
f 1558 2660 1556
f 1367 2321 2324
f 1369 1367 2324
f 1556 2660 1554
f 1369 2324 2326
f 2660 2658 1552
f 1554 2660 1552
f 1369 2326 2327
f 1552 2658 1550
f 1369 2327 2329
f 1550 2658 1549
f 1369 2329 2331
f 1370 1369 2331
f 1549 2658 1547
f 1370 2331 2333
f 2658 2657 1544
f 1547 2658 1544
f 1370 2333 2335
f 1544 2657 1542
f 1370 2335 2337
f 1542 2657 1540
f 1370 2337 2339
f 1540 2657 1538
f 1370 2339 2342
f 1371 1370 2342
f 2657 2655 1536
f 1538 2657 1536
f 1371 2342 2344
f 1536 2655 1534
f 1371 2344 2345
f 1534 2655 1532
f 1371 2345 2348
f 1532 2655 1530
f 1371 2348 2350
f 1373 1371 2350
f 1530 2655 1528
f 2655 2656 1528
f 1373 2350 2351
f 1528 2656 1526
f 1373 2351 2353
f 1526 2656 1524
f 2656 3715 1524
f 1373 2353 2355
f 3715 3716 1522
f 1524 3715 1522
f 1373 2355 2358
f 3716 3717 1520
f 1522 3716 1520
f 1520 3717 1518
f 3717 3718 1518
f 1518 3718 1516
f 3718 3719 1516
f 2360 2362 1374
f 2358 2360 1374
f 1373 2358 1374
f 1374 2362 2363
f 1516 3719 1514
f 3720 3721 1514
f 3719 3720 1514
f 1514 3721 1512
f 3721 3722 1512
f 3722 3723 1509
f 1512 3722 1509
f 1509 3723 1511
f 3723 3724 1511
f 3724 3725 2555
f 1511 3724 2555
f 2555 3725 2553
f 3725 3726 2553
f 3726 3727 2551
f 2553 3726 2551
f 2367 2369 1375
f 2365 2367 1375
f 2363 2365 1375
f 1374 2363 1375
f 1435 1492 1493
f 1435 3714 1492
f 2443 2445 1491
f 1492 3714 1491
f 3714 2443 1491
f 1684 1686 1494
f 1435 1493 1494
f 1686 1435 1494
f 1491 2445 1490
f 2448 2450 1490
f 2445 2448 1490
f 1682 1684 1495
f 1680 1682 1495
f 1684 1494 1495
f 1490 2450 1489
f 2451 2453 1489
f 2450 2451 1489
f 1678 1680 1497
f 1677 1678 1497
f 1680 1495 1497
f 2455 2457 1488
f 2453 2455 1488
f 1489 2453 1488
f 2371 2373 1376
f 2369 2371 1376
f 1375 2369 1376
f 1675 1677 1498
f 1672 1675 1498
f 1677 1497 1498
f 2459 2461 1487
f 2457 2459 1487
f 1488 2457 1487
f 1670 1672 1499
f 1668 1670 1499
f 1672 1498 1499
f 2463 2466 1486
f 2461 2463 1486
f 1487 2461 1486
f 1666 1668 1500
f 1664 1666 1500
f 1662 1664 1500
f 1668 1499 1500
f 2468 2469 1484
f 2466 2468 1484
f 1486 2466 1484
f 1660 1662 1501
f 1658 1660 1501
f 1662 1500 1501
f 2474 2475 1483
f 2472 2474 1483
f 2469 2472 1483
f 1484 2469 1483
f 1658 1501 1502
f 1656 1658 1502
f 1654 1656 1502
f 2477 2479 1482
f 2475 2477 1482
f 1483 2475 1482
f 2377 2379 1377
f 2376 2377 1377
f 2373 2376 1377
f 1376 2373 1377
f 1652 1654 1503
f 1650 1652 1503
f 1648 1650 1503
f 1654 1502 1503
f 2482 2484 1481
f 2479 2482 1481
f 1482 2479 1481
f 1646 1648 1504
f 1644 1646 1504
f 1648 1503 1504
f 2487 2489 1480
f 2486 2487 1480
f 2484 2486 1480
f 1481 2484 1480
f 1644 1504 1506
f 1642 1644 1506
f 1640 1642 1506
f 1637 1640 1506
f 2493 2495 1479
f 2491 2493 1479
f 2489 2491 1479
f 1480 2489 1479
f 2431 1639 1507
f 1639 1637 1507
f 1637 1506 1507
f 2381 2383 1379
f 2379 2381 1379
f 1377 2379 1379
f 2497 2500 1478
f 2495 2497 1478
f 1479 2495 1478
f 2429 2431 2557
f 2427 2429 2557
f 2425 2427 2557
f 2431 1507 2557
f 2503 2505 1477
f 2501 2503 1477
f 2500 2501 1477
f 1478 2500 1477
f 2423 2425 2558
f 2421 2423 2558
f 2425 2557 2558
f 2505 2507 1475
f 1477 2505 1475
f 2507 2509 1475
f 2419 2421 2559
f 2417 2419 2559
f 2415 2417 2559
f 2421 2558 2559
f 3728 3653 2619
f 3729 3728 2619
f 3730 3729 2619
f 2759 3730 2619
f 3731 2758 2619
f 3732 3731 2619
f 3733 3732 2619
f 3734 3733 2619
f 3735 3734 2619
f 2758 2759 2619
f 3653 3652 2619
f 3736 3737 2619
f 3652 3736 2619
f 1379 2383 1380
f 1475 2509 1474
f 2511 2513 1474
f 2509 2511 1474
f 2414 2415 2560
f 2411 2414 2560
f 2415 2559 2560
f 2517 2519 1473
f 2515 2517 1473
f 2513 2515 1473
f 1474 2513 1473
f 3735 2619 3738
f 3739 3735 3738
f 3740 3739 3738
f 3741 3740 3738
f 2409 2411 2561
f 2407 2409 2561
f 2411 2560 2561
f 1473 2519 1472
f 2521 2523 1472
f 2519 2521 1472
f 2405 2407 2562
f 2403 2405 2562
f 2401 2403 2562
f 2407 2561 2562
f 3742 3741 3743
f 3744 3742 3743
f 3745 3744 3743
f 3746 3745 3743
f 3741 3738 3743
f 1472 2523 1471
f 2525 2527 1471
f 2523 2525 1471
f 2399 2401 2564
f 2397 2399 2564
f 2401 2562 2564
f 1471 2527 1470
f 2529 2531 1470
f 2527 2529 1470
f 3747 3746 3748
f 3749 3747 3748
f 3746 3743 3748
f 3750 3749 3748
f 2397 2564 2565
f 2395 2397 2565
f 2393 2395 2565
f 1470 2531 1469
f 2533 2535 1469
f 2531 2533 1469
f 2393 2565 2566
f 2391 2393 2566
f 2389 2391 2566
f 3751 3750 3752
f 3753 3751 3752
f 3754 3753 3752
f 3750 3748 3752
f 1469 2535 1468
f 2538 2539 1468
f 2535 2538 1468
f 2389 2566 2567
f 2387 2389 2567
f 2385 2387 2567
f 3754 3752 3755
f 3756 3754 3755
f 3757 3756 3755
f 3758 3757 3755
f 2541 2543 1466
f 2539 2541 1466
f 1468 2539 1466
f 2383 2385 2568
f 2385 2567 2568
f 1380 2383 2568
f 1466 2543 1465
f 2543 2545 1465
f 3758 3755 3759
f 3760 3758 3759
f 3761 3760 3759
f 3727 3761 3759
f 1380 2568 2569
f 1382 1380 2569
f 2551 3727 3762
f 3727 3759 3762
f 2549 2551 3762
f 2547 2549 3762
f 1383 1382 2569
f 1465 2545 3763
f 2547 3762 3763
f 1464 1465 3763
f 2545 2547 3763
f 1383 2569 2570
f 1464 3763 3764
f 1383 2570 1384
f 1464 3764 3765
f 1463 1464 2634
f 1464 3765 2634
f 1462 1463 2634
f 1384 2570 1387
f 1387 2570 1388
f 2570 2571 1388
f 1457 1458 1986
f 2576 1858 1860
f 2575 2576 1860
f 1457 1986 1988
f 1986 1458 1984
f 1858 2576 1856
f 2576 2577 1856
f 1457 1988 1990
f 2575 1860 1862
f 1984 1458 1982
f 1458 1459 1982
f 1856 2577 1854
f 2575 1862 1864
f 2574 2575 1864
f 1457 1990 1992
f 1456 1457 1992
f 1982 1459 1980
f 2577 2578 1852
f 1854 2577 1852
f 1456 1992 1994
f 2574 1864 1866
f 1980 1459 1978
f 1459 1460 1978
f 1852 2578 1850
f 1456 1994 1996
f 1455 1456 1996
f 2574 1866 1868
f 2572 2574 1868
f 1978 1460 1977
f 1850 2578 1849
f 1455 1996 1998
f 2572 1868 1870
f 1460 1461 1974
f 1977 1460 1974
f 1849 2578 1846
f 2578 2579 1846
f 1455 1998 2000
f 1454 1455 2000
f 2572 1870 1872
f 2571 2572 1872
f 1974 1461 1972
f 1846 2579 1844
f 1454 2000 2002
f 2571 1872 1874
f 1461 1462 1970
f 1972 1461 1970
f 2579 2580 1842
f 1844 2579 1842
f 1454 2002 2004
f 1388 2571 1876
f 2571 1874 1876
f 2634 2632 1968
f 1462 2634 1968
f 1970 1462 1968
f 1842 2580 1840
f 1453 1454 2006
f 1454 2004 2006
f 1388 1876 1878
f 1968 2632 1967
f 1840 2580 1839
f 2580 2582 1839
f 1453 2006 2008
f 1388 1878 1880
f 1390 1388 1880
f 1967 2632 1964
f 1839 2582 1836
f 1453 2008 2010
f 1451 1453 2010
f 1390 1880 1882
f 1964 2632 1962
f 2632 2631 1962
f 1836 2582 1834
f 1451 2010 2012
f 1390 1882 1884
f 1391 1390 1884
f 2582 2583 1832
f 1834 2582 1832
f 1962 2631 1960
f 1391 1884 1886
f 1451 2012 2014
f 1832 2583 1830
f 2631 2629 1958
f 1960 2631 1958
f 1391 1886 1888
f 1392 1391 1888
f 1451 2014 2016
f 1452 1451 2016
f 1830 2583 1828
f 1958 2629 1956
f 1392 1888 1890
f 1452 2016 2018
f 2629 2628 1954
f 1956 2629 1954
f 1828 2583 1826
f 2583 2584 1826
f 1392 1890 2185
f 1452 2018 2061
f 2609 1452 2061
f 1954 2628 1952
f 1826 2584 1824
f 1394 1392 2187
f 1392 2185 2187
f 2609 2061 2063
f 1952 2628 1950
f 1824 2584 1822
f 2584 2585 1822
f 1394 2187 2189
f 2609 2063 2065
f 1822 2585 1820
f 1950 2628 1948
f 1394 2189 2191
f 2608 2609 2067
f 2609 2065 2067
f 1948 2628 2627
f 1948 2627 1946
f 1820 2585 1818
f 1394 2191 2193
f 2608 2067 2069
f 1946 2627 1944
f 1818 2585 1816
f 2585 2586 1816
f 2608 2069 2071
f 2607 2608 2071
f 1944 2627 1942
f 1816 2586 1814
f 2607 2071 2073
f 1942 2627 1940
f 1814 2586 1812
f 2586 2587 1812
f 2607 2073 2076
f 1812 2587 1810
f 2607 2076 2078
f 2606 2607 2078
f 1394 2193 1395
f 2200 2202 1395
f 2197 2200 1395
f 2195 2197 1395
f 2193 2195 1395
f 1810 2587 1808
f 2587 2588 1808
f 2606 2078 2079
f 1808 2588 1806
f 2606 2079 2081
f 2605 2606 2081
f 1806 2588 1805
f 2605 2081 2083
f 1805 2588 1803
f 2588 2589 1803
f 2604 2605 2085
f 2605 2083 2085
f 1803 2589 1800
f 2604 2085 2087
f 1940 2627 2626
f 1938 1940 2626
f 1936 1938 2626
f 1934 1936 2626
f 1800 2589 1798
f 2589 2590 1798
f 2604 2087 2089
f 1798 2590 1796
f 2603 2604 2091
f 2604 2089 2091
f 2590 2591 1794
f 1796 2590 1794
f 2603 2091 2094
f 1794 2591 1792
f 2602 2603 2096
f 2603 2094 2096
f 2591 2592 1790
f 1792 2591 1790
f 1395 2202 1396
f 2207 2209 1396
f 2205 2207 1396
f 2203 2205 1396
f 2202 2203 1396
f 2602 2096 2097
f 1790 2592 1788
f 2601 2602 2100
f 2602 2097 2100
f 1788 2592 1786
f 2592 2593 1786
f 2601 2100 2102
f 1786 2593 1784
f 2601 2102 2103
f 2599 2601 2103
f 1784 2593 1782
f 2593 2594 1782
f 2599 2103 2105
f 1782 2594 1780
f 1933 1934 2624
f 1934 2626 2624
f 1931 1933 2624
f 1928 1931 2624
f 1926 1928 2624
f 2599 2105 2107
f 2598 2599 2107
f 1780 2594 1778
f 2598 2107 2110
f 1396 2209 1397
f 2215 2218 1397
f 2213 2215 1397
f 2211 2213 1397
f 2209 2211 1397
f 1924 1926 2623
f 1922 1924 2623
f 1920 1922 2623
f 1918 1920 2623
f 1916 1918 2623
f 1926 2624 2623
f 1397 2218 1399
f 2226 2227 1399
f 2224 2226 1399
f 2221 2224 1399
f 2220 2221 1399
f 2218 2220 1399
f 1916 2623 2622
f 1914 1916 2622
f 1912 1914 2622
f 1910 1912 2622
f 1908 1910 2622
f 1906 1908 2622
f 1399 2227 1400
f 2234 2236 1400
f 2231 2234 1400
f 2229 2231 1400
f 2227 2229 1400
f 1904 1906 2621
f 1902 1904 2621
f 1900 1902 2621
f 1898 1900 2621
f 1906 2622 2621
f 1400 2236 1401
f 2243 2245 1401
f 2241 2243 1401
f 2239 2241 1401
f 2238 2239 1401
f 2236 2238 1401
f 1898 2621 1434
f 2183 1895 1434
f 2181 2183 1434
f 2179 2181 1434
f 1896 1898 1434
f 1893 1896 1434
f 1895 1893 1434
f 1401 2245 1402
f 2255 2257 1402
f 2253 2255 1402
f 2252 2253 1402
f 2249 2252 1402
f 2247 2249 1402
f 2245 2247 1402
f 2179 1434 1433
f 2177 2179 1433
f 2175 2177 1433
f 2173 2175 1433
f 2171 2173 1433
f 2169 2171 1433
f 1402 2257 1404
f 2263 2265 1404
f 2261 2263 1404
f 2259 2261 1404
f 2257 2259 1404
f 2167 2169 1431
f 2166 2167 1431
f 2163 2166 1431
f 2161 2163 1431
f 2169 1433 1431
f 2273 2275 1405
f 2271 2273 1405
f 2269 2271 1405
f 2267 2269 1405
f 2265 2267 1405
f 1404 2265 1405
f 2159 2161 1430
f 2157 2159 1430
f 2155 2157 1430
f 2153 2155 1430
f 2151 2153 1430
f 2161 1431 1430
f 2281 2283 1406
f 2279 2281 1406
f 2277 2279 1406
f 2275 2277 1406
f 1405 2275 1406
f 2151 1430 1429
f 2149 2151 1429
f 2147 2149 1429
f 2145 2147 1429
f 2143 2145 1429
f 1406 2283 1407
f 2290 2291 1407
f 2287 2290 1407
f 2285 2287 1407
f 2283 2285 1407
f 2143 1429 1428
f 2141 2143 1428
f 2139 2141 1428
f 2137 2139 1428
f 2135 2137 1428
f 2297 2299 1408
f 2295 2297 1408
f 2293 2295 1408
f 2291 2293 1408
f 1407 2291 1408
f 2135 1428 1427
f 2133 2135 1427
f 2131 2133 1427
f 2129 2131 1427
f 2303 2305 1409
f 2301 2303 1409
f 2299 2301 1409
f 1408 2299 1409
f 2129 1427 1425
f 2128 2129 1425
f 2125 2128 1425
f 2123 2125 1425
f 2307 1767 1410
f 2305 2307 1410
f 1767 1765 1410
f 1409 2305 1410
f 2123 1425 1424
f 2121 2123 1424
f 2119 2121 1424
f 1768 1770 1412
f 1765 1768 1412
f 1410 1765 1412
f 2117 2119 1423
f 2115 2117 1423
f 2114 2115 1423
f 2119 1424 1423
f 1772 1774 1413
f 1770 1772 1413
f 1412 1770 1413
f 2114 1423 1422
f 2112 2114 1422
f 2110 2112 1422
f 1778 2594 1414
f 1776 1778 1414
f 1774 1776 1414
f 1413 1774 1414
f 2598 2110 1421
f 2597 2598 1421
f 2110 1422 1421
f 2594 2595 1416
f 1414 2594 1416
f 1416 2595 1417
f 2597 1421 1419
f 2596 2597 1419
f 1417 2595 1418
f 2595 2596 1418
f 1418 2596 1419
f 2639 2650 2638
f 2639 3766 2650
f 2639 3526 3766
f 2639 3524 3526
f 2639 3379 3524
f 2619 2753 2620
f 2619 3767 2753
f 2619 3737 3767
f 2753 2754 2620
f 2653 2756 2654
f 2653 3768 2756
f 2653 3769 3768
f 2653 3770 3769
f 2653 3771 3770
f 2653 3772 3771
f 2653 3675 3772
f 1309 2654 2756
f 1309 3773 2654
f 1309 3774 3773
f 1309 3775 3774
f 1309 3610 3775
f 2647 3776 2649
f 3776 3777 2649
f 3777 3778 2649
f 3778 3564 2649
f 2647 3779 2645
f 3779 3780 2645
f 3780 3781 2645
f 3781 3549 2645
f 2642 2612 2643
f 2642 3782 2612
f 2642 3783 3782
f 2642 3784 3783
f 2642 3436 3784
f 2613 2643 2612
f 2613 3785 2643
f 2613 3786 3785
f 2613 3787 3786
f 2613 3788 3787
f 2613 3387 3788
f 3332 2791 3379
f 2791 2862 3379
f 3379 2862 3524
f 2862 3007 3524
f 3524 3007 3521
f 3007 3004 3521
f 3521 3004 3520
f 3004 3000 3520
f 3520 3000 3517
f 3000 3001 3517
f 3517 3001 3514
f 3001 2997 3514
f 3514 2997 3510
f 2997 2994 3510
f 3510 2994 3485
f 2994 2968 3485
f 3485 2968 3483
f 2968 2966 3483
f 3483 2966 3481
f 2966 2964 3481
f 3481 2964 3479
f 2964 2962 3479
f 3479 2962 3477
f 2962 2960 3477
f 3477 2960 3475
f 2960 2958 3475
f 2958 2918 3473
f 3475 2958 3473
f 2918 2919 3472
f 3473 2918 3472
f 2919 2920 3471
f 2920 2921 3471
f 3472 2919 3471
f 3471 2921 3470
f 2921 2922 3469
f 3470 2921 3469
f 2922 2923 3468
f 3469 2922 3468
f 2923 2924 3467
f 2924 2925 3467
f 3468 2923 3467
f 3467 2925 3466
f 3466 2925 3465
f 2925 2926 3465
f 3465 2926 3464
f 2926 2927 3464
f 3464 2927 3463
f 2927 2928 3463
f 3463 2928 3462
f 2928 2929 3462
f 3462 2929 3461
f 2929 2930 3461
f 3461 2930 3460
f 2930 2931 3460
f 3460 2931 3459
f 2931 2932 3459
f 3459 2932 3458
f 2932 2933 3458
f 3458 2933 3457
f 2933 2934 3457
f 2934 2935 3457
f 3457 2935 3456
f 3456 2935 3455
f 2935 2936 3455
f 3455 2936 3454
f 2936 2937 3454
f 2937 2938 3454
f 3454 2938 3453
f 3453 2938 3452
f 2938 2939 3452
f 3452 2939 3451
f 2939 2940 3451
f 3451 2940 3450
f 2940 2941 3450
f 3450 2941 3449
f 2941 2942 3449
f 3449 2942 3448
f 2942 2943 3448
f 2943 2944 3448
f 3448 2944 3447
f 3447 2944 3446
f 2944 2945 3446
f 3446 2945 3445
f 2945 2946 3445
f 2946 2947 3444
f 3445 2946 3444
f 2947 2948 3443
f 3444 2947 3443
f 2948 2949 3442
f 3443 2948 3442
f 3442 2949 3441
f 2949 2950 3441
f 3441 2950 3440
f 2950 2951 3440
f 2951 2952 3439
f 2952 2953 3439
f 3440 2951 3439
f 3439 2953 3438
f 2953 2954 3437
f 2954 2955 3437
f 3438 2953 3437
f 3437 2955 3435
f 2955 2956 3436
f 3435 2955 3436
f 2956 3299 3784
f 3436 2956 3784
f 3299 3298 3783
f 3298 3297 3783
f 3784 3299 3783
f 3783 3297 3782
f 3297 2611 2612
f 3782 3297 2612
f 2613 2610 3413
f 2610 2896 3413
f 2896 2898 3413
f 2898 2900 3415
f 3413 2898 3415
f 3415 2900 3417
f 2900 2902 3417
f 3417 2902 3419
f 2902 2861 3419
f 3419 2861 3378
f 2861 2860 3378
f 3378 2860 3377
f 2860 2859 3377
f 3377 2859 3376
f 2859 2858 3376
f 3376 2858 3375
f 2858 2857 3375
f 3375 2857 3374
f 2857 2856 3374
f 3374 2856 3373
f 2856 2855 3373
f 3373 2855 3372
f 2855 2854 3372
f 3372 2854 3371
f 2854 2853 3371
f 3371 2853 3370
f 2853 2852 3370
f 3370 2852 3369
f 2852 2851 3369
f 3369 2851 3368
f 2851 2850 3368
f 3368 2850 3367
f 2850 2849 3367
f 3367 2849 3366
f 2849 2848 3366
f 2848 2847 3365
f 3366 2848 3365
f 2847 2846 3364
f 3365 2847 3364
f 2846 2845 3363
f 3364 2846 3363
f 2845 2844 3362
f 3363 2845 3362
f 3362 2844 3361
f 2844 2843 3360
f 2843 2842 3360
f 3361 2844 3360
f 2842 2841 3359
f 3360 2842 3359
f 2841 2840 3358
f 3359 2841 3358
f 3358 2840 3357
f 2840 2839 3356
f 2839 2838 3356
f 3357 2840 3356
f 3356 2838 3355
f 3355 2838 3354
f 2838 2837 3354
f 2837 2836 3354
f 3354 2836 3353
f 3353 2836 3352
f 2836 2835 3352
f 3352 2835 3351
f 2835 2834 3351
f 3351 2834 3350
f 2834 2833 3350
f 3350 2833 3349
f 2833 2832 3349
f 3349 2832 3348
f 2832 2831 3348
f 3348 2831 3347
f 2831 2830 3347
f 3347 2830 3346
f 2830 2829 3346
f 2829 2828 3346
f 3346 2828 3345
f 2828 2827 3345
f 3345 2827 3344
f 2827 2826 3344
f 3344 2826 3343
f 2826 2616 3343
f 2614 2825 3342
f 2825 2824 3341
f 3342 2825 3341
f 2824 2823 3340
f 3341 2824 3340
f 3340 2823 3339
f 2823 2822 3339
f 3339 2822 3338
f 2822 2821 3338
f 3338 2821 3337
f 2821 2820 3337
f 3337 2820 3336
f 2820 2819 3336
f 3336 2819 3335
f 2819 2818 3335
f 3335 2818 3334
f 2818 2817 3334
f 3334 2817 3333
f 2817 2816 3333
f 3333 2816 3331
f 2816 2814 3331
f 3331 2814 3329
f 2814 2812 3329
f 3329 2812 3327
f 2812 2810 3327
f 3327 2810 3325
f 3325 2810 3323
f 2810 2808 3323
f 3323 2808 3321
f 2808 2806 3321
f 3321 2806 3319
f 2806 2804 3319
f 3319 2804 3317
f 2804 2802 3317
f 3317 2802 3315
f 2802 2800 3315
f 2800 2798 3313
f 3315 2800 3313
f 2798 2796 3311
f 3313 2798 3311
f 2796 2794 3309
f 3311 2796 3309
f 2794 2792 3307
f 3309 2794 3307
f 2792 2793 3308
f 3307 2792 3308
f 2793 2795 3310
f 3308 2793 3310
f 2795 2797 3312
f 3310 2795 3312
f 2797 2799 3314
f 3312 2797 3314
f 2799 2801 3316
f 3314 2799 3316
f 2801 2803 3318
f 3316 2801 3318
f 3318 2803 3320
f 2803 2805 3320
f 3320 2805 3322
f 2805 2807 3322
f 3322 2807 3324
f 2807 2809 3324
f 3324 2809 3326
f 2809 2811 3326
f 3326 2811 3328
f 2811 2813 3328
f 3328 2813 3330
f 2813 2815 3330
f 3330 2815 3332
f 2815 2791 3332
f 2647 2644 3776
f 2644 3292 3776
f 3776 3292 3777
f 3292 3293 3777
f 3777 3293 3778
f 3293 3033 3778
f 3778 3033 3564
f 3033 3034 3564
f 3564 3034 3563
f 3034 3035 3563
f 3563 3035 3562
f 3035 3036 3562
f 3562 3036 3561
f 3036 3037 3561
f 3561 3037 3560
f 3037 3038 3560
f 3560 3038 3559
f 3038 3039 3559
f 3559 3039 3558
f 3039 3040 3558
f 3558 3040 3557
f 3557 3040 3556
f 3040 3041 3556
f 3041 3042 3556
f 3042 3043 3555
f 3556 3042 3555
f 3555 3043 3554
f 3043 3044 3553
f 3554 3043 3553
f 3044 3045 3552
f 3553 3044 3552
f 3045 3046 3550
f 3552 3045 3550
f 3046 3047 3551
f 3550 3046 3551
f 3047 3048 3588
f 3551 3047 3588
f 3048 3049 3587
f 3588 3048 3587
f 3587 3049 3586
f 3049 3050 3586
f 3586 3050 3585
f 3050 3051 3585
f 3585 3051 3584
f 3051 3052 3584
f 3584 3052 3583
f 3052 3053 3583
f 3583 3053 3582
f 3053 3054 3582
f 3582 3054 3581
f 3054 3055 3581
f 3581 3055 3580
f 3055 3056 3580
f 3580 3056 3579
f 3056 3057 3579
f 3579 3057 3578
f 3057 3058 3578
f 3578 3058 3577
f 3058 3059 3577
f 3577 3059 3576
f 3059 3060 3576
f 3576 3060 3575
f 3060 3061 3575
f 3575 3061 3574
f 3061 3062 3574
f 3574 3062 3573
f 3062 3063 3573
f 3573 3063 3572
f 3063 3064 3572
f 3572 3064 3571
f 3064 3065 3571
f 3571 3065 3570
f 3065 3066 3570
f 3570 3066 3569
f 3066 3067 3569
f 3569 3067 3568
f 3067 3068 3568
f 3568 3068 3567
f 3068 3069 3567
f 3567 3069 3565
f 3069 3070 3565
f 3565 3070 3566
f 3070 3071 3566
f 3071 3073 3590
f 3566 3071 3590
f 3073 3075 3592
f 3590 3073 3592
f 3075 3077 3594
f 3592 3075 3594
f 3594 3077 3596
f 3077 3079 3596
f 3596 3079 3598
f 3079 3081 3598
f 3081 3083 3600
f 3598 3081 3600
f 3083 3130 3646
f 3600 3083 3646
f 3130 3132 3649
f 3646 3130 3649
f 3132 3134 3650
f 3649 3132 3650
f 3134 3136 3652
f 3650 3134 3652
f 3136 3234 3736
f 3652 3136 3736
f 3234 3235 3737
f 3736 3234 3737
f 3235 3286 3767
f 3737 3235 3767
f 3767 3286 2753
f 3286 2752 2753
f 2646 2645 2974
f 2645 3490 2974
f 3490 3493 2977
f 3493 3496 2977
f 2974 3490 2977
f 2977 3496 2980
f 3496 3499 2983
f 2980 3496 2983
f 3499 3503 2986
f 3503 3505 2986
f 2983 3499 2986
f 2986 3505 2989
f 3505 3486 2969
f 3486 3484 2969
f 2989 3505 2969
f 3484 3482 2967
f 2969 3484 2967
f 2967 3482 2965
f 3482 3480 2963
f 3480 3478 2963
f 2965 3482 2963
f 3478 3476 2961
f 2963 3478 2961
f 2961 3476 2959
f 3476 3474 2957
f 2959 3476 2957
f 3474 2642 2640
f 2957 3474 2640
f 2754 2751 3434
f 2751 2917 3434
f 3434 2917 3433
f 2917 2916 3433
f 3433 2916 3432
f 2916 2915 3432
f 3432 2915 3431
f 2915 2914 3431
f 3431 2914 3430
f 2914 2913 3430
f 3430 2913 3429
f 2913 2912 3429
f 3429 2912 3428
f 2912 2911 3428
f 3428 2911 3427
f 2911 2910 3427
f 3427 2910 3426
f 2910 2909 3426
f 3426 2909 3425
f 2909 2908 3425
f 3425 2908 3424
f 2908 2907 3424
f 3424 2907 3423
f 2907 2906 3423
f 3423 2906 3422
f 2906 2905 3422
f 2905 2904 3421
f 3422 2905 3421
f 2904 2903 3420
f 3421 2904 3420
f 2903 2901 3418
f 3420 2903 3418
f 2901 2899 3416
f 3418 2901 3416
f 2899 2897 3414
f 3416 2899 3414
f 2897 2895 3412
f 3414 2897 3412
f 2895 2894 3411
f 3412 2895 3411
f 3411 2894 3410
f 2894 2893 3410
f 3410 2893 3409
f 2893 2892 3409
f 3409 2892 3408
f 2892 2891 3408
f 3408 2891 3407
f 2891 2890 3407
f 3407 2890 3406
f 2890 2889 3406
f 3406 2889 3405
f 2889 2888 3405
f 3405 2888 3404
f 2888 2887 3404
f 3404 2887 3403
f 2887 2886 3403
f 3403 2886 3402
f 2886 2885 3402
f 3402 2885 3401
f 2885 2884 3401
f 3401 2884 3400
f 2884 2883 3400
f 3400 2883 3399
f 2883 2882 3399
f 3399 2882 3398
f 2882 2881 3398
f 3398 2881 3397
f 2881 2880 3397
f 3397 2880 3396
f 2880 2879 3396
f 3396 2879 3395
f 2879 2878 3395
f 3395 2878 3394
f 2878 2877 3394
f 3394 2877 3393
f 2877 2876 3393
f 3393 2876 3392
f 2876 2875 3392
f 3392 2875 3391
f 2875 2874 3391
f 3391 2874 3390
f 2874 2873 3390
f 3390 2873 3389
f 2873 2872 3389
f 2872 2871 3388
f 3389 2872 3388
f 2871 2869 3386
f 3388 2871 3386
f 2869 2867 3384
f 3386 2869 3384
f 3384 2867 3382
f 2867 2865 3382
f 3382 2865 3381
f 2865 2864 3381
f 2864 2863 3380
f 3381 2864 3380
f 2863 2866 3383
f 3380 2863 3383
f 2866 2868 3385
f 3383 2866 3385
f 2868 2870 3387
f 3385 2868 3387
f 2870 3306 3788
f 3387 2870 3788
f 3306 3305 3787
f 3788 3306 3787
f 3305 3304 3786
f 3787 3305 3786
f 3304 3303 3785
f 3303 2641 3785
f 3786 3304 3785
f 3785 2641 2643
f 3137 3138 2650
f 2650 3138 3673
f 3138 3139 3673
f 3673 3139 3672
f 3139 3140 3672
f 3672 3140 3671
f 3140 3141 3671
f 3671 3141 3670
f 3141 3142 3670
f 3670 3142 3669
f 3142 3143 3669
f 3669 3143 3668
f 3143 3144 3668
f 3668 3144 3667
f 3144 3145 3667
f 3667 3145 3666
f 3145 3146 3666
f 3666 3146 3665
f 3146 3147 3665
f 3665 3147 3664
f 3147 3148 3664
f 3148 3149 3663
f 3664 3148 3663
f 3149 3150 3662
f 3663 3149 3662
f 3150 3151 3661
f 3151 3152 3661
f 3662 3150 3661
f 3661 3152 3660
f 3152 3153 3659
f 3660 3152 3659
f 3153 3154 3658
f 3659 3153 3658
f 3154 3155 3657
f 3155 3156 3657
f 3658 3154 3657
f 3657 3156 3656
f 3656 3156 3654
f 3156 3157 3654
f 3654 3157 3655
f 3157 3158 3655
f 3655 3158 3700
f 3158 3159 3700
f 3700 3159 3699
f 3159 3160 3699
f 3699 3160 3698
f 3160 3161 3698
f 3698 3161 3697
f 3161 3162 3697
f 3697 3162 3696
f 3162 3163 3696
f 3696 3163 3695
f 3163 3164 3695
f 3695 3164 3694
f 3164 3165 3694
f 3694 3165 3693
f 3165 3166 3693
f 3693 3166 3692
f 3166 3167 3692
f 3692 3167 3691
f 3167 3168 3691
f 3691 3168 3690
f 3168 3169 3690
f 3690 3169 3689
f 3169 3170 3689
f 3689 3170 3688
f 3170 3171 3688
f 3688 3171 3687
f 3171 3172 3687
f 3687 3172 3686
f 3172 3173 3686
f 3686 3173 3685
f 3173 3174 3685
f 3174 3175 3685
f 3685 3175 3684
f 3684 3175 3683
f 3175 3176 3683
f 3683 3176 3682
f 3176 3177 3682
f 3177 3178 3681
f 3682 3177 3681
f 3178 3179 3680
f 3681 3178 3680
f 3179 3180 3679
f 3680 3179 3679
f 3679 3180 3678
f 3180 3181 3678
f 3678 3181 3677
f 3181 3182 3677
f 3182 3183 3676
f 3183 3184 3676
f 3677 3182 3676
f 3676 3184 3674
f 3184 3185 3675
f 3674 3184 3675
f 3185 3291 3772
f 3675 3185 3772
f 3291 3290 3771
f 3772 3291 3771
f 3290 3289 3770
f 3771 3290 3770
f 3289 3288 3769
f 3288 3287 3769
f 3770 3289 3769
f 3769 3287 3768
f 3287 2755 2756
f 3768 3287 2756
f 2648 2649 3072
f 2649 3589 3072
f 3589 3591 3074
f 3072 3589 3074
f 3591 3593 3076
f 3074 3591 3076
f 3593 3595 3078
f 3076 3593 3078
f 3595 3597 3080
f 3078 3595 3080
f 3597 3599 3082
f 3599 1296 3082
f 3080 3597 3082
f 3082 1296 1294
f 2647 3300 3779
f 3779 3300 3780
f 3300 3301 3780
f 3780 3301 3781
f 3301 3302 3781
f 3781 3302 3549
f 3302 3032 3549
f 3549 3032 3548
f 3032 3031 3548
f 3548 3031 3547
f 3031 3030 3547
f 3547 3030 3546
f 3030 3029 3546
f 3546 3029 3545
f 3029 3028 3545
f 3545 3028 3544
f 3028 3027 3544
f 3544 3027 3543
f 3027 3026 3543
f 3543 3026 3542
f 3026 3025 3542
f 3542 3025 3541
f 3025 3024 3541
f 3541 3024 3540
f 3024 3023 3540
f 3023 3022 3539
f 3540 3023 3539
f 3022 3021 3538
f 3539 3022 3538
f 3021 3020 3537
f 3538 3021 3537
f 3020 3019 3536
f 3537 3020 3536
f 3019 3018 3535
f 3536 3019 3535
f 3018 3017 3534
f 3535 3018 3534
f 3017 3016 3533
f 3534 3017 3533
f 3533 3016 3532
f 3016 3015 3532
f 3532 3015 3531
f 3015 3014 3531
f 3531 3014 3530
f 3014 3013 3530
f 3530 3013 3529
f 3013 3012 3529
f 3529 3012 3528
f 3012 3011 3528
f 3528 3011 3527
f 3011 3010 3527
f 3527 3010 3525
f 3010 3008 3525
f 3525 3008 3522
f 3008 3005 3522
f 3522 3005 3518
f 3005 3002 3518
f 3518 3002 3515
f 3002 2998 3515
f 3515 2998 3512
f 2998 2995 3512
f 3512 2995 3509
f 2995 2992 3509
f 3509 2992 3507
f 2992 2990 3507
f 2990 2987 3507
f 3507 2987 3504
f 3504 2987 3501
f 2987 2984 3501
f 2984 2981 3501
f 3501 2981 3498
f 3498 2981 3495
f 2981 2978 3495
f 3495 2978 3492
f 2978 2975 3492
f 2975 2972 3492
f 3492 2972 3489
f 3489 2972 3488
f 2972 2971 3488
f 3488 2971 3487
f 2971 2970 3487
f 2970 2973 3487
f 3487 2973 3491
f 2973 2976 3494
f 3491 2973 3494
f 2976 2979 3497
f 3494 2976 3497
f 2979 2982 3500
f 3497 2979 3500
f 3500 2982 3502
f 2982 2985 3502
f 3502 2985 3506
f 2985 2988 3506
f 2988 2991 3506
f 3506 2991 3508
f 2991 2993 3511
f 2993 2996 3511
f 3508 2991 3511
f 3511 2996 3513
f 2996 2999 3516
f 2999 3003 3516
f 3513 2996 3516
f 3003 3006 3519
f 3516 3003 3519
f 3519 3006 3523
f 3006 3009 3526
f 3523 3006 3526
f 3009 3137 3766
f 3526 3009 3766
f 3766 3137 2650
f 2759 2757 3730
f 2757 3226 3730
f 3730 3226 3729
f 3226 3227 3729
f 3729 3227 3728
f 3227 3228 3728
f 3728 3228 3653
f 3228 3135 3653
f 3653 3135 3651
f 3135 3133 3651
f 3651 3133 3648
f 3133 3131 3648
f 3648 3131 3647
f 3131 3129 3647
f 3647 3129 3645
f 3129 3128 3645
f 3645 3128 3644
f 3128 3127 3644
f 3644 3127 3643
f 3127 3126 3643
f 3643 3126 3642
f 3126 3125 3642
f 3642 3125 3641
f 3125 3124 3641
f 3641 3124 3640
f 3124 3123 3640
f 3123 3122 3639
f 3640 3123 3639
f 3122 3121 3638
f 3639 3122 3638
f 3121 3120 3637
f 3638 3121 3637
f 3120 3119 3636
f 3637 3120 3636
f 3119 3118 3635
f 3636 3119 3635
f 3118 3117 3634
f 3635 3118 3634
f 3117 3116 3633
f 3634 3117 3633
f 3633 3116 3632
f 3116 3115 3632
f 3632 3115 3631
f 3115 3114 3631
f 3631 3114 3630
f 3114 3113 3630
f 3630 3113 3629
f 3113 3112 3629
f 3629 3112 3628
f 3112 3111 3628
f 3628 3111 3627
f 3111 3110 3627
f 3627 3110 3626
f 3110 3109 3626
f 3626 3109 3625
f 3109 3108 3625
f 3625 3108 3624
f 3108 3107 3624
f 3624 3107 3623
f 3107 3106 3623
f 3623 3106 3622
f 3106 3105 3622
f 3622 3105 3621
f 3105 3104 3621
f 3621 3104 3620
f 3104 3103 3620
f 3620 3103 3619
f 3103 3102 3619
f 3619 3102 3618
f 3102 3101 3618
f 3618 3101 3617
f 3101 3100 3617
f 3617 3100 3616
f 3100 3099 3616
f 3616 3099 3615
f 3099 3098 3615
f 3615 3098 3614
f 3098 3097 3614
f 3614 3097 3613
f 3097 3096 3613
f 3613 3096 3612
f 3096 3095 3612
f 3095 3094 3612
f 3612 3094 3611
f 3094 3092 3609
f 3611 3094 3609
f 3092 3090 3607
f 3090 3088 3607
f 3609 3092 3607
f 3607 3088 3605
f 3605 3088 3603
f 3088 3086 3603
f 3603 3086 3602
f 3086 3085 3602
f 3085 3084 3601
f 3602 3085 3601
f 3084 3087 3604
f 3601 3084 3604
f 3087 3089 3606
f 3089 3091 3606
f 3604 3087 3606
f 3606 3091 3608
f 3091 3093 3610
f 3608 3091 3610
f 3093 3296 3775
f 3610 3093 3775
f 3296 3295 3774
f 3775 3296 3774
f 3295 3294 3773
f 3294 2652 3773
f 3774 3295 3773
f 3773 2652 2654
f 2659 3198 2656
f 2656 3198 3715
f 3198 3201 3716
f 3715 3198 3716
f 3201 3202 3717
f 3716 3201 3717
f 3202 3204 3718
f 3717 3202 3718
f 3718 3204 3719
f 3204 3205 3719
f 3719 3205 3720
f 3205 3206 3720
f 3720 3206 3721
f 3206 3207 3721
f 3721 3207 3722
f 3207 3208 3722
f 3722 3208 3723
f 3208 3211 3723
f 3723 3211 3724
f 3211 3213 3724
f 3724 3213 3725
f 3213 3214 3725
f 3725 3214 3726
f 3214 3216 3726
f 3726 3216 3727
f 3216 3217 3727
f 3727 3217 3761
f 3217 3218 3761
f 3761 3218 3760
f 3218 3219 3760
f 3760 3219 3758
f 3219 3220 3758
f 3758 3220 3757
f 3220 3260 3757
f 3757 3260 3756
f 3260 3261 3756
f 3261 3255 3754
f 3756 3261 3754
f 3255 3256 3753
f 3754 3255 3753
f 3753 3256 3751
f 3256 3257 3751
f 3257 3250 3750
f 3751 3257 3750
f 3250 3251 3749
f 3750 3250 3749
f 3251 3252 3747
f 3749 3251 3747
f 3252 3243 3746
f 3747 3252 3746
f 3243 3244 3745
f 3746 3243 3745
f 3244 3245 3744
f 3745 3244 3744
f 3245 3246 3742
f 3744 3245 3742
f 3246 3238 3741
f 3742 3246 3741
f 3238 3239 3740
f 3741 3238 3740
f 3740 3239 3739
f 3239 3240 3739
f 3739 3240 3735
f 3240 3229 3735
f 3735 3229 3734
f 3229 3230 3734
f 3734 3230 3733
f 3230 3231 3733
f 3733 3231 3732
f 3231 3232 3732
f 3732 3232 3731
f 3232 3233 3731
f 3731 3233 2758
f 3233 2760 2758
f 2653 2651 3701
f 2651 3186 3701
f 3186 3187 3702
f 3701 3186 3702
f 3187 3188 3703
f 3702 3187 3703
f 3188 3189 3704
f 3703 3188 3704
f 3189 3190 3705
f 3704 3189 3705
f 3190 3191 3706
f 3705 3190 3706
f 3191 1226 1227
f 3706 3191 1227
f 2617 3237 2619
f 3237 3242 3738
f 2619 3237 3738
f 3242 3249 3743
f 3738 3242 3743
f 3249 3254 3748
f 3743 3249 3748
f 3254 3259 3752
f 3748 3254 3752
f 3259 3262 3755
f 3752 3259 3755
f 3755 3262 3759
f 3759 3262 3762
f 3762 3262 3763
f 3763 3262 3764
f 3764 3262 3765
f 3262 2635 2634
f 3765 3262 2634
f 1436 3200 1435
f 3200 3194 1435
f 1435 3194 3714
f 3714 3194 3713
f 3713 3194 3712
f 3194 3193 3711
f 3712 3194 3711
f 3711 3193 3710
f 3710 3193 3709
f 3193 3192 3708
f 3709 3193 3708
f 3192 2637 3707
f 3708 3192 3707
f 3707 2637 2638
f 2034 1338 1339
f 2034 1337 1338
f 2033 1337 2034
f 2034 1339 1340
f 2033 1336 1337
f 2036 2034 1340
f 2036 1340 1341
f 2033 1335 1336
f 2033 1334 1335
f 2036 1341 1342
f 2033 1333 1334
f 2037 1342 1343
f 2037 2036 1342
f 2033 1332 1333
f 2037 1343 1344
f 2032 1332 2033
f 2032 1331 1332
f 2037 1344 1345
f 2037 1345 1346
f 2030 1331 2032
f 2037 1346 1347
f 2030 1330 1331
f 2030 1329 1330
f 2037 2761 2762
f 2037 1347 2761
f 2030 1328 1329
f 2028 1328 2030
f 2037 2762 2763
f 2028 1327 1328
f 2037 2763 2764
f 2026 1327 2028
f 2037 2764 2765
f 2026 1326 1327
f 2043 2765 2767
f 2043 2037 2765
f 2026 1325 1326
f 2026 1324 1325
f 2043 2767 2766
f 2026 1323 1324
f 2026 1322 1323
f 2043 2766 2768
f 2025 1322 2026
f 2025 1320 1322
f 2043 2768 2769
f 2025 1321 1320
f 2046 2043 2769
f 1319 1321 2025
f 1319 2025 2022
f 1318 1319 2022
f 2770 2046 2769
f 2770 2048 2046
f 1317 1318 2022
f 2771 2048 2770
f 1315 1317 2022
f 2772 2048 2771
f 1314 1315 2022
f 1313 1314 2022
f 1313 2022 2020
f 2773 2048 2772
f 1312 1313 2020
f 2774 2048 2773
f 2775 2048 2774
f 1311 1312 2020
f 2775 2050 2048
f 2776 2050 2775
f 1310 1311 2020
f 2777 2050 2776
f 2790 1310 2020
f 2790 2020 2060
f 2777 2052 2050
f 2789 2790 2060
f 2778 2052 2777
f 2788 2789 2060
f 2788 2060 2058
f 2779 2052 2778
f 2779 2054 2052
f 2780 2054 2779
f 2787 2788 2058
f 2781 2054 2780
f 2786 2787 2058
f 2786 2058 2057
f 2785 2786 2057
f 2782 2054 2781
f 2785 2057 2055
f 2783 2055 2054
f 2783 2054 2782
f 2784 2785 2055
f 2783 2784 2055
f 1131 1492 1130
f 1492 1131 1132
f 1493 1492 1132
f 1130 1492 1129
f 1492 1485 1129
f 1493 1132 1133
f 1496 1493 1133
f 1129 1485 1128
f 1496 1133 1134
f 1128 1485 1127
f 1485 1476 1127
f 1496 1134 1135
f 1505 1496 1135
f 1127 1476 1126
f 1505 1135 1136
f 1126 1476 1125
f 1505 1136 3789
f 1125 1476 1124
f 1476 1467 1124
f 1505 3789 3790
f 2563 1505 3790
f 2563 3790 3791
f 1124 1467 1123
f 1123 1467 1122
f 1467 1464 1122
f 2563 3791 3792
f 2569 2563 3792
f 1122 1464 1121
f 1121 1464 1120
f 2569 3792 3793
f 1120 1464 1119
f 2569 3793 3794
f 2569 3794 2570
f 1119 1464 1450
f 1118 1119 1450
f 3794 3795 2570
f 3795 3796 2570
f 1117 1118 1450
f 3796 3797 2570
f 1115 1116 1450
f 1116 1117 1450
f 2570 3797 2573
f 1114 1115 1450
f 3797 3798 2573
f 1113 1114 1450
f 1112 1113 1450
f 3798 3799 2573
f 1111 1112 1450
f 3799 3800 2581
f 2573 3799 2581
f 1110 1111 1450
f 1109 1110 1450
f 3842 1109 2600
f 1109 1450 2600
f 3800 3801 2581
f 3801 3802 2581
f 3803 3842 2600
f 3802 3804 2581
f 3804 3805 2581
f 3806 3803 2600
f 3805 3807 2581
f 3808 3806 2600
f 3807 3809 2581
f 3811 3808 2600
f 3809 3810 2581
f 3811 2600 2597
f 3810 3812 2581
f 2581 3812 2595
f 3811 2597 2596
f 3813 3811 2596
f 3812 3814 2595
f 3814 3813 2596
f 2595 3814 2596
f 3224 3815 3225
f 3225 3815 3236
f 3816 3817 3258
f 3818 3819 3199
f 3819 3820 3197
f 3197 3820 3196
f 3196 3820 3195
f 1733 1731 1211
f 1729 1211 1731
f 1735 1733 1211
f 1727 1211 1729
f 1727 1213 1211
f 1737 1735 1211
f 1725 1213 1727
f 1739 1737 1211
f 1723 1213 1725
f 1723 1214 1213
f 1741 1739 1211
f 1720 1214 1723
f 1743 1741 1211
f 1743 1211 1210
f 1719 1214 1720
f 1745 1743 1210
f 1717 1214 1719
f 1747 1745 1210
f 1715 1214 1717
f 1749 1747 1210
f 1713 1214 1715
f 1751 1210 1209
f 1751 1749 1210
f 1710 1214 1713
f 1710 1215 1214
f 1753 1751 1209
f 1709 1215 1710
f 1755 1753 1209
f 1707 1215 1709
f 1757 1755 1209
f 1705 1215 1707
f 1705 1216 1215
f 1759 1757 1209
f 1703 1216 1705
f 1761 1759 1209
f 1701 1216 1703
f 1763 1761 1209
f 1699 1216 1701
f 2310 1763 1209
f 2310 1209 3195
f 1697 1216 1699
f 2312 2310 3195
f 1695 1216 1697
f 1695 1217 1216
f 2314 2312 3195
f 1693 1217 1695
f 2316 2314 3195
f 1691 1217 1693
f 2318 2316 3195
f 2318 3195 3820
f 1689 1217 1691
f 2320 2318 3820
f 1687 1217 1689
f 2322 2320 3820
f 1685 1217 1687
f 2323 2322 3820
f 1683 1217 1685
f 2325 2323 3820
f 1681 1218 1217
f 1681 1217 1683
f 2328 2325 3820
f 1679 1218 1681
f 2330 2328 3820
f 1676 1219 1218
f 1676 1218 1679
f 2332 2330 3820
f 1674 1219 1676
f 2334 3820 3819
f 2334 2332 3820
f 1673 1220 1219
f 1673 1219 1674
f 2336 2334 3819
f 1671 1220 1673
f 2338 2336 3819
f 1669 1220 1671
f 3819 2340 2338
f 2341 2340 3819
f 1220 1669 1667
f 1220 1667 1665
f 3819 2343 2341
f 1220 1665 1663
f 3818 2347 2346
f 3818 2346 2343
f 3818 2343 3819
f 1220 1663 1661
f 1220 1661 1659
f 3818 2349 2347
f 1223 1220 1659
f 1223 1659 1657
f 1223 1657 1655
f 3818 2352 2349
f 3210 2356 2354
f 3210 2354 2352
f 3210 2352 3818
f 1223 1655 1653
f 3210 2357 2356
f 1223 1653 1651
f 1223 1651 1649
f 3210 2359 2357
f 1223 1649 1647
f 3210 2361 2359
f 1223 1647 1645
f 1223 1645 1643
f 3210 2364 2361
f 3210 2366 2364
f 3223 1223 1643
f 3223 1643 1641
f 3223 1641 1638
f 3817 2368 2366
f 3817 2366 3210
f 3817 2372 2370
f 3817 2370 2368
f 3223 1638 1636
f 3817 2374 2372
f 3223 1636 2432
f 3223 2432 2430
f 3223 2430 2428
f 3817 2375 2374
f 3817 2380 2378
f 3817 2378 2375
f 3224 3223 2428
f 3224 2428 2426
f 3816 2380 3817
f 3224 2426 2424
f 3816 2384 2382
f 3816 2382 2380
f 3224 2424 2422
f 3224 2422 2420
f 3224 2420 2418
f 3816 2388 2386
f 3816 2386 2384
f 3815 3224 2418
f 3815 2418 2416
f 3815 2416 2413
f 3816 2390 2388
f 3816 2392 2390
f 3815 2413 2412
f 3816 2396 2394
f 3816 2394 2392
f 3815 2412 2410
f 3247 2396 3816
f 3815 2410 2408
f 3247 2398 2396
f 3815 2408 2406
f 3236 2400 2398
f 3236 2398 3247
f 3815 2406 2404
f 3236 2404 2402
f 3236 2402 2400
f 3236 3815 2404
f 3253 3821 3248
f 3215 3827 3212
f 3212 3827 3209
f 3827 3828 3209
f 3209 3828 3203
f 3828 1169 3203
f 1605 1603 1172
f 1601 1172 1603
f 1607 1605 1172
f 1599 1172 1601
f 1599 1181 1172
f 1609 1607 1172
f 1597 1181 1599
f 1611 1609 1172
f 1595 1181 1597
f 1613 1611 1172
f 1592 1181 1595
f 1615 1613 1172
f 1591 1181 1592
f 1617 1615 1172
f 1617 1172 1170
f 1589 1181 1591
f 1619 1617 1170
f 1587 1181 1589
f 1621 1619 1170
f 1585 1181 1587
f 1585 1189 1181
f 1623 1621 1170
f 1582 1189 1585
f 1625 1623 1170
f 1581 1189 1582
f 1627 1625 1170
f 1579 1189 1581
f 1629 1627 1170
f 1577 1189 1579
f 1631 1629 1170
f 1575 1189 1577
f 1633 1170 1169
f 1633 1631 1170
f 1573 1189 1575
f 1573 1190 1189
f 1635 1633 1169
f 1571 1190 1573
f 2434 1635 1169
f 1569 1190 1571
f 2436 2434 1169
f 1567 1190 1569
f 1567 1191 1190
f 2438 2436 1169
f 1565 1191 1567
f 1565 1192 1191
f 2440 2438 1169
f 1563 1192 1565
f 2442 2440 1169
f 2442 1169 3828
f 1561 1192 1563
f 2444 2442 3828
f 1559 1192 1561
f 2446 2444 3828
f 1557 1192 1559
f 2447 2446 3828
f 1555 1192 1557
f 2449 2447 3828
f 1553 1192 1555
f 2452 2449 3828
f 1551 1193 1192
f 1551 1192 1553
f 2454 2452 3828
f 1548 1193 1551
f 2456 2454 3828
f 1546 1193 1548
f 2458 3828 3827
f 2458 2456 3828
f 1545 1193 1546
f 2460 2458 3827
f 1543 1193 1545
f 2462 2460 3827
f 1541 1193 1543
f 2464 2462 3827
f 1193 1541 1539
f 3827 2465 2464
f 1193 1539 1537
f 3827 2470 2467
f 3827 2467 2465
f 1193 1537 1535
f 1193 1535 1533
f 3827 2471 2470
f 1195 1193 1533
f 1195 1533 1531
f 3215 2473 2471
f 3215 2471 3827
f 1195 1531 1529
f 3221 2473 3215
f 1198 1195 1529
f 3826 2476 2473
f 3826 2473 3221
f 1198 1529 1527
f 3826 2480 2478
f 3826 2478 2476
f 1198 1527 1525
f 1198 1525 1523
f 3826 2483 2481
f 3826 2481 2480
f 1198 1523 1521
f 1198 1521 1519
f 3826 2485 2483
f 1198 1519 1517
f 3825 2490 2488
f 3825 2488 2485
f 3825 2485 3826
f 1198 1517 1515
f 1207 1198 1515
f 1207 1515 1513
f 3222 2492 2490
f 3222 2490 3825
f 1207 1513 1510
f 3222 2496 2494
f 3222 2494 2492
f 1207 1510 1508
f 1207 1508 2556
f 3222 2498 2496
f 3263 1207 2556
f 3263 2556 2554
f 3263 2554 2552
f 3222 2499 2498
f 3824 2502 2499
f 3824 2499 3222
f 3263 2552 2550
f 3824 2504 2502
f 3263 2550 2548
f 3824 2508 2506
f 3824 2506 2504
f 3821 3263 2548
f 3821 2548 2546
f 3824 2510 2508
f 3821 2546 2544
f 3821 2544 2542
f 3821 2542 2540
f 3824 2512 2510
f 3824 2514 2512
f 3821 2540 2537
f 3823 2516 2514
f 3823 2514 3824
f 3821 2537 2536
f 3821 2536 2534
f 3823 2518 2516
f 3248 3821 2534
f 3822 2520 2518
f 3822 2518 3823
f 3248 2534 2532
f 3248 2532 2530
f 3822 2522 2520
f 3248 2530 2528
f 3822 2524 2522
f 3241 3248 2528
f 3241 2528 2526
f 3241 2526 2524
f 3241 2524 3822
f 3273 3285 3272
f 3269 3833 3268
f 3268 3833 3266
f 3266 3833 3265
f 3833 3834 3265
f 3265 3834 1152
f 1989 1987 1155
f 1985 1155 1987
f 1991 1989 1155
f 1983 1155 1985
f 1983 1158 1155
f 1993 1991 1155
f 1981 1158 1983
f 1995 1993 1155
f 1979 1158 1981
f 1997 1995 1155
f 1997 1155 1154
f 1976 1158 1979
f 1976 1159 1158
f 1999 1997 1154
f 1975 1159 1976
f 2001 1999 1154
f 1973 1159 1975
f 2003 2001 1154
f 1971 1159 1973
f 2005 1154 1153
f 2005 2003 1154
f 1969 1159 1971
f 2007 2005 1153
f 1966 1159 1969
f 2009 2007 1153
f 1965 1160 1159
f 1965 1159 1966
f 2011 2009 1153
f 1963 1160 1965
f 2013 2011 1153
f 1961 1160 1963
f 2015 2013 1153
f 1959 1160 1961
f 2017 2015 1153
f 1957 1160 1959
f 2019 2017 1153
f 2019 1153 1152
f 1955 1160 1957
f 2062 2019 1152
f 1953 1160 1955
f 1953 1161 1160
f 2064 2062 1152
f 2064 1152 3834
f 1951 1161 1953
f 2066 2064 3834
f 1949 1161 1951
f 2068 2066 3834
f 1947 1161 1949
f 2070 2068 3834
f 1945 1161 1947
f 2072 2070 3834
f 2072 3834 3833
f 1943 1161 1945
f 2074 2072 3833
f 1941 1162 1161
f 1941 1161 1943
f 2075 2074 3833
f 1939 1162 1941
f 2077 2075 3833
f 1937 1162 1939
f 2080 2077 3833
f 1935 1162 1937
f 2082 2080 3833
f 1932 1163 1162
f 1932 1162 1935
f 2084 2082 3833
f 1930 1163 1932
f 2086 2084 3833
f 1929 1163 1930
f 2088 3833 3269
f 2088 2086 3833
f 1927 1163 1929
f 2090 2088 3269
f 1925 1164 1163
f 1925 1163 1927
f 3272 2092 2090
f 3272 2090 3269
f 1164 1925 1923
f 3272 2095 2093
f 3272 2093 2092
f 1165 1164 1923
f 1165 1923 1921
f 1165 1921 1919
f 1165 1919 1917
f 3272 2098 2095
f 3285 2101 2099
f 3285 2099 2098
f 3285 2098 3272
f 1165 1917 1915
f 1165 1915 1913
f 3285 2104 2101
f 1165 1913 1911
f 3285 2108 2106
f 3285 2106 2104
f 1165 1911 1909
f 1165 1909 1907
f 1165 1907 1905
f 3285 2109 2108
f 1168 1165 1905
f 3285 2113 2111
f 3285 2111 2109
f 1168 1905 1903
f 3832 2113 3285
f 1168 1903 1901
f 1168 1901 1899
f 3832 2116 2113
f 3832 2118 2116
f 1168 1899 1897
f 3832 2120 2118
f 1168 1897 1894
f 3284 2122 2120
f 3284 2120 3832
f 1168 1894 1892
f 3284 2124 2122
f 3276 1168 1892
f 3276 1892 2184
f 3284 2126 2124
f 3276 2184 2182
f 3276 2182 2180
f 3284 2127 2126
f 3276 2180 2178
f 3284 2132 2130
f 3284 2130 2127
f 3278 3276 2178
f 3278 2178 2176
f 3831 2136 2134
f 3831 2134 2132
f 3831 2132 3284
f 3278 2176 2174
f 3831 2138 2136
f 3278 2174 2172
f 3278 2172 2170
f 3278 2170 2168
f 3831 2140 2138
f 3282 2142 2140
f 3282 2140 3831
f 3278 2168 2165
f 3278 2165 2164
f 3282 2144 2142
f 3829 3278 2164
f 3830 2144 3282
f 3830 2146 2144
f 3829 2164 2162
f 3830 2148 2146
f 3829 2162 2160
f 3830 2152 2150
f 3830 2150 2148
f 3829 2160 2158
f 3280 2158 2156
f 3280 3829 2158
f 3280 2156 2154
f 3280 2154 2152
f 3280 2152 3830
f 3835 3836 3283
f 3839 3840 3275
f 3275 3840 3274
f 3274 3840 3270
f 1861 1859 1140
f 1857 1140 1859
f 1863 1861 1140
f 1863 1140 1139
f 1855 1140 1857
f 1865 1863 1139
f 1853 1140 1855
f 1867 1865 1139
f 1851 1140 1853
f 1851 1141 1140
f 1869 1867 1139
f 1848 1141 1851
f 1871 1869 1139
f 1871 1139 1138
f 1847 1141 1848
f 1873 1871 1138
f 1845 1141 1847
f 1875 1873 1138
f 1843 1141 1845
f 1877 1875 1138
f 1841 1141 1843
f 1879 1877 1138
f 1838 1141 1841
f 1881 1879 1138
f 1837 1141 1838
f 1837 1142 1141
f 1883 1138 1137
f 1883 1881 1138
f 1835 1142 1837
f 1885 1883 1137
f 1833 1142 1835
f 1887 1885 1137
f 1831 1142 1833
f 1889 1887 1137
f 1829 1142 1831
f 1891 1889 1137
f 1827 1142 1829
f 2186 1891 1137
f 2186 1137 3264
f 1825 1142 1827
f 2188 2186 3264
f 1823 1142 1825
f 1823 1143 1142
f 2190 2188 3264
f 2190 3264 3267
f 1821 1143 1823
f 2192 2190 3267
f 1819 1143 1821
f 2194 2192 3267
f 1817 1143 1819
f 2196 2194 3267
f 1815 1143 1817
f 2198 2196 3267
f 1813 1145 1143
f 1813 1143 1815
f 2199 2198 3267
f 2199 3267 3271
f 1811 1145 1813
f 2201 2199 3271
f 1809 1145 1811
f 2204 2201 3271
f 1807 1147 1145
f 1807 1145 1809
f 2206 2204 3271
f 1804 1147 1807
f 2208 2206 3271
f 2208 3271 3270
f 1802 1147 1804
f 2210 2208 3270
f 1801 1147 1802
f 2212 2210 3270
f 1799 1147 1801
f 2214 2212 3270
f 1797 1147 1799
f 3840 2216 2214
f 3840 2214 3270
f 1795 1147 1797
f 1793 1147 1795
f 3840 2217 2216
f 1147 1793 1791
f 3840 2219 2217
f 3840 2222 2219
f 1149 1147 1791
f 1149 1791 1789
f 3840 2223 2222
f 1149 1789 1787
f 3840 2228 2225
f 3840 2225 2223
f 1149 1787 1785
f 3840 2230 2228
f 1149 1785 1783
f 1149 1783 1781
f 3840 2232 2230
f 1150 1149 1781
f 3839 2232 3840
f 1150 1781 1779
f 3839 2233 2232
f 1150 1779 1777
f 3839 2235 2233
f 1150 1777 1775
f 1150 1775 1773
f 3839 2240 2237
f 3839 2237 2235
f 1151 1150 1773
f 3838 2240 3839
f 3838 2242 2240
f 1151 1773 1771
f 1151 1771 1769
f 3838 2244 2242
f 1151 1769 1766
f 1151 1766 1764
f 3838 2246 2244
f 3277 2248 2246
f 3277 2246 3838
f 1151 1764 2308
f 3277 2250 2248
f 1151 2308 2306
f 3277 2251 2250
f 3835 1151 2306
f 3835 2306 2304
f 3277 2254 2251
f 3835 2304 2302
f 3837 2256 2254
f 3837 2254 3277
f 3835 2302 2300
f 3837 2258 2256
f 3835 2300 2298
f 3837 2262 2260
f 3837 2260 2258
f 3835 2298 2296
f 3835 2296 2294
f 3837 2264 2262
f 3836 3835 2294
f 3836 2294 2292
f 3279 2266 2264
f 3279 2264 3837
f 3836 2292 2289
f 3836 2289 2288
f 3279 2270 2268
f 3279 2268 2266
f 3836 2286 2284
f 3836 2288 2286
f 3279 2272 2270
f 3281 3836 2284
f 3279 2274 2272
f 3281 2284 2282
f 3279 2276 2274
f 3281 2282 2280
f 3281 2280 2278
f 3281 2278 2276
f 3281 2276 3279
f 3790 3841 3791
f 3793 3792 3794
f 3813 3814 3811
f 2025 1120 1119
f 2025 1121 1120
f 2025 1119 1118
f 2024 2025 1118
f 2025 1122 1121
f 2024 1118 1117
f 2026 1122 2025
f 2026 1123 1122
f 2023 2024 1117
f 2023 1117 1116
f 2023 1116 1115
f 2026 1124 1123
f 2023 1115 1114
f 2027 1124 2026
f 2023 1114 1113
f 2029 1124 2027
f 2023 1113 1112
f 2021 2023 1112
f 2028 1124 2029
f 2021 1112 1111
f 2028 1125 1124
f 2028 1126 1125
f 2021 1111 1110
f 2030 1126 2028
f 2021 1109 3842
f 2021 1110 1109
f 2060 2021 3842
f 2060 3842 3803
f 2031 1126 2030
f 2031 1127 1126
f 2059 2060 3803
f 2032 1127 2031
f 2058 2059 3803
f 2058 3803 3806
f 2032 1128 1127
f 2058 3806 3808
f 2033 1128 2032
f 2058 3808 3811
f 2057 2058 3811
f 1129 1128 2033
f 2035 1130 1129
f 2056 2057 3811
f 3814 2056 3811
f 1131 1130 2035
f 1132 1131 2035
f 2036 1132 2035
f 3812 2056 3814
f 3812 2054 2056
f 3810 2054 3812
f 1133 1132 2036
f 3809 2054 3810
f 3809 2053 2054
f 1134 2036 2038
f 1134 1133 2036
f 3807 2053 3809
f 3805 2053 3807
f 3805 2052 2053
f 1135 1134 2038
f 1135 2038 2039
f 3804 2052 3805
f 3802 2052 3804
f 1135 2039 2040
f 3801 2052 3802
f 3800 2051 2052
f 3800 2052 3801
f 1136 1135 2040
f 3789 1136 2040
f 3799 2051 3800
f 3789 2040 2041
f 3798 2051 3799
f 3798 2049 2051
f 3790 3789 2041
f 3790 2041 2042
f 3790 2042 3841
f 3798 2048 2049
f 3791 3841 2044
f 3797 2048 3798
f 3797 2047 2048
f 3791 2044 2045
f 3796 2047 3797
f 3792 3791 2045
f 3795 2047 3796
f 3792 2045 2046
f 3794 2046 3795
f 3794 3792 2046
f 4563 3844 3843
f 3844 3845 3843
f 3843 3845 3846
f 3845 3847 3846
f 3846 3847 3848
f 3847 3849 3848
f 3848 3849 3850
f 3849 3851 3850
f 3850 3851 3852
f 3851 3853 3852
f 3852 3853 3854
f 3853 3855 3854
f 3854 3855 3856
f 3855 3857 3856
f 3856 3857 3858
f 3857 3859 3858
f 3858 3859 3860
f 3859 3861 3860
f 3860 3861 3862
f 3861 5011 3862
f 5011 3863 3862
f 3863 3865 3864
f 3862 3863 3864
f 3864 3865 4583
f 3865 3867 3866
f 4583 3865 3866
f 3867 3869 3868
f 3866 3867 3868
f 3869 3871 3870
f 3868 3869 3870
f 5024 3872 3871
f 3871 3872 4590
f 4590 3872 3873
f 3872 3874 3873
f 3873 3874 3875
f 3874 3876 3875
f 3875 3876 3877
f 3876 3878 3877
f 3877 3878 3879
f 3878 3880 3879
f 3879 3880 3881
f 3880 5032 3881
f 5032 3882 3881
f 3881 3882 4600
f 4600 3882 3883
f 3882 3884 3883
f 3883 3884 3885
f 3884 3886 3885
f 3885 3886 3887
f 3886 3888 3887
f 3887 3888 3889
f 3888 3890 3889
f 3889 3890 3891
f 3890 3892 3891
f 3891 3892 3893
f 3892 3894 3893
f 3893 3894 3895
f 3894 3896 3895
f 3895 3896 3897
f 3896 5050 3897
f 5050 3898 3897
f 3897 3898 4617
f 4617 3898 3899
f 3898 3900 3899
f 3899 3900 3901
f 3900 3902 3901
f 5049 3904 3903
f 3901 3902 3903
f 3902 5049 3903
f 3903 3904 4627
f 3904 5055 3905
f 4627 3904 3905
f 3905 5055 3906
f 3906 3907 4628
f 3907 3909 3908
f 4628 3907 3908
f 3909 3911 3910
f 3908 3909 3910
f 3911 3913 3912
f 3910 3911 3912
f 3912 3913 3914
f 3913 3915 3914
f 3914 3915 3916
f 3915 3917 3916
f 3916 3917 3918
f 3917 3919 3918
f 3919 3921 3920
f 3918 3919 3920
f 3921 3923 3922
f 3920 3921 3922
f 3923 5070 3924
f 3922 3923 3924
f 5070 5079 3926
f 3924 5070 3926
f 3926 5084 4655
f 4655 5092 3927
f 5092 3928 3927
f 3927 3928 4663
f 3928 3930 3929
f 4663 3928 3929
f 3930 5090 3931
f 3929 3930 3931
f 3931 5090 3933
f 5098 3934 3933
f 3933 3934 4395
f 3941 3935 3934
f 3941 3936 3935
f 3941 3937 3936
f 3943 3940 3937
f 3943 3937 3941
f 3943 3941 3939
f 3943 3944 3940
f 3948 3939 3941
f 3950 3948 3941
f 3945 3949 3942
f 3953 3950 3949
f 3943 3946 3944
f 3943 3947 3946
f 3954 3960 3939
f 3954 3939 3948
f 3954 3948 3950
f 3957 3943 3939
f 3967 3954 3950
f 3952 3951 3947
f 3952 3947 3943
f 3957 3939 3960
f 3967 3950 3953
f 3956 3952 3943
f 3956 3943 3957
f 3952 3955 3951
f 3960 3954 3967
f 3961 3964 3952
f 3963 3952 3956
f 3963 3961 3952
f 3965 3958 3952
f 3965 3959 3958
f 3963 3956 3957
f 3963 3957 3960
f 3965 3962 3959
f 3964 3965 3952
f 3967 3963 3960
f 3968 3961 3963
f 3961 3965 3964
f 3965 3966 3962
f 3970 3968 3963
f 3967 3970 3963
f 3972 3969 3966
f 3972 3966 3965
f 3975 3965 3961
f 3975 3961 3968
f 3974 3972 3965
f 3974 3965 3975
f 3972 3971 3969
f 3977 3973 3971
f 3977 3971 3972
f 3976 3975 3968
f 3974 3977 3972
f 3980 3974 3975
f 3985 3975 3976
f 3982 3980 3975
f 3980 3977 3974
f 3979 3978 3977
f 3979 3977 3980
f 3985 3982 3975
f 3979 3981 3978
f 3986 3979 3980
f 3983 3980 3982
f 3983 3986 3980
f 3979 3984 3981
f 3987 3983 3982
f 3987 3982 3985
f 3992 3988 3984
f 3992 3989 3988
f 3992 3984 3979
f 3990 3986 3983
f 3993 3987 3985
f 3992 3979 3986
f 3990 3983 3987
f 3992 3991 3989
f 3997 3990 3987
f 3996 3992 3986
f 3993 3997 3987
f 3996 3986 3990
f 3992 3994 3991
f 3992 3995 3994
f 4000 3992 3996
f 4004 3996 3990
f 3998 3999 3995
f 3998 3995 3992
f 4000 3998 3992
f 4008 3996 4004
f 4008 4000 3996
f 3990 3997 3993
f 4005 4004 3990
f 3998 4002 3999
f 3998 4003 4002
f 4007 3998 4000
f 3998 4006 4003
f 4011 4007 4000
f 4008 4005 4001
f 4008 4004 4005
f 4011 4000 4008
f 4007 4021 3998
f 4009 4006 3998
f 4021 4009 3998
f 4011 4008 4001
f 4014 4007 4011
f 4016 4021 4007
f 4009 4010 4006
f 4014 4016 4007
f 4009 4012 4010
f 4013 4014 4011
f 4009 4015 4012
f 4020 4021 4016
f 4019 4009 4021
f 4009 4017 4015
f 4009 4018 4017
f 4025 4021 4020
f 4023 4016 4014
f 4023 4014 4024
f 4020 4016 4023
f 4027 4019 4021
f 4027 4009 4019
f 4023 4025 4020
f 4022 4018 4009
f 4033 4027 4021
f 4033 4021 4025
f 4027 4022 4009
f 4023 4024 4117
f 4029 4033 4025
f 4029 4025 4023
f 4022 4028 4026
f 4035 4022 4027
f 4117 4029 4023
f 4032 4035 4027
f 4035 4030 4028
f 4035 4031 4030
f 4035 4028 4022
f 4039 4027 4033
f 4039 4032 4027
f 4034 4033 4029
f 4034 4029 4117
f 4038 4039 4033
f 4035 4032 4039
f 4038 4033 4034
f 4036 4031 4035
f 4036 4037 4031
f 4045 4035 4039
f 4038 4034 4041
f 4036 4040 4037
f 4043 4035 4045
f 4041 4039 4038
f 4050 4036 4035
f 4050 4035 4043
f 4036 4042 4040
f 4041 4045 4039
f 4036 4044 4042
f 4052 4050 4043
f 4054 4045 4041
f 4052 4043 4045
f 4049 4046 4044
f 4049 4044 4036
f 4049 4047 4046
f 4048 4052 4045
f 4054 4048 4045
f 4053 4036 4050
f 4052 4048 4054
f 4052 4053 4050
f 4055 4049 4036
f 4057 4055 4036
f 4057 4036 4053
f 4049 4051 4047
f 4049 4056 4051
f 4063 4052 4054
f 4057 4053 4052
f 4059 4057 4052
f 4063 4059 4052
f 4049 4058 4056
f 4059 4055 4057
f 4060 4049 4055
f 4060 4055 4059
f 4049 4061 4058
f 4062 4049 4060
f 4062 4061 4049
f 4060 4059 4065
f 4065 4059 4063
f 4070 4062 4060
f 4066 4070 4060
f 4069 4065 4063
f 4067 4066 4060
f 4067 4060 4065
f 4068 4064 4062
f 4071 4062 4070
f 4070 4066 4067
f 4074 4070 4067
f 4074 4067 4065
f 4076 4074 4065
f 4076 4065 4069
f 4071 4068 4062
f 4080 4081 4070
f 4080 4070 4074
f 4068 4073 4072
f 4075 4068 4071
f 4081 4071 4070
f 4078 4077 4073
f 4078 4073 4068
f 4080 4074 4076
f 4078 4068 4075
f 4083 4080 4076
f 4078 4075 4071
f 4079 4078 4071
f 4085 4081 4080
f 4087 4079 4071
f 4087 4071 4081
f 4083 4085 4080
f 4087 4081 4085
f 5000 4084 4082
f 5000 4082 4078
f 4086 4078 4079
f 4086 4079 4087
f 5000 4088 4084
f 4093 4088 5000
f 4093 4090 4088
f 4091 4078 4086
f 4094 4087 4085
f 4094 4085 4089
f 4092 5000 4078
f 4094 4091 4086
f 4094 4086 4087
f 4091 4092 4078
f 5000 4092 4091
f 4095 5000 4091
f 4096 4091 4094
f 4097 4095 4091
f 5001 4097 4091
f 5001 4091 4096
f 4142 4144 4953
f 4145 4146 4142
f 4150 4147 4144
f 4146 4150 4144
f 4146 4144 4142
f 4148 4146 4145
f 4149 4147 4150
f 4148 4150 4146
f 4152 4147 4149
f 4155 4152 4149
f 4153 4155 4149
f 4154 4153 4149
f 4154 4149 4150
f 4154 4150 4148
f 4154 4148 4151
f 4157 4153 4154
f 4158 4157 4154
f 4156 4158 4154
f 4157 4160 4155
f 4157 4155 4153
f 4159 4158 4156
f 4163 4160 4157
f 4161 4163 4157
f 4158 4161 4157
f 4165 4158 4159
f 4166 4162 4160
f 4163 4166 4160
f 4164 4161 4158
f 4164 4163 4161
f 4165 4164 4158
f 4167 4166 4163
f 4164 4167 4163
f 4164 4165 4167
f 4175 4169 4166
f 4167 4175 4166
f 4168 4170 4166
f 4168 4166 4169
f 4169 4170 4168
f 4172 4175 4167
f 4174 4171 4170
f 4174 4170 4169
f 4177 4169 4175
f 4173 4171 4174
f 4177 4174 4169
f 4176 4180 4173
f 4176 4173 4174
f 4176 4174 4177
f 4178 4177 4175
f 4181 4180 4176
f 4181 4176 4177
f 4179 4177 4178
f 4179 4181 4177
f 4178 4181 4179
f 4183 4180 4181
f 4183 4186 4180
f 4185 4183 4181
f 4275 4181 4178
f 4275 4185 4181
f 4186 4184 4182
f 4186 4182 4180
f 4186 4188 4184
f 4187 4186 4183
f 4240 4183 4185
f 4240 4187 4183
f 4275 4240 4185
f 4190 4188 4186
f 4189 4190 4186
f 4187 4189 4186
f 4195 4189 4187
f 4192 4195 4187
f 4240 4192 4187
f 4191 4190 4189
f 4193 4968 4188
f 4190 4193 4188
f 4191 4189 4195
f 4191 4193 4190
f 4194 4193 4191
f 4194 4191 4195
f 4198 4197 4194
f 4199 4201 4194
f 4199 4194 4195
f 4196 4198 4194
f 4196 4194 4201
f 4198 4196 4201
f 4300 4201 4199
f 4200 4197 4198
f 4201 4205 4198
f 4202 4205 4201
f 4207 4203 4200
f 4200 4198 4205
f 4241 4202 4201
f 4208 4207 4200
f 4208 4200 4205
f 4204 4208 4205
f 4241 4205 4202
f 4210 4203 4207
f 4206 4203 4210
f 4206 4212 4203
f 4209 4208 4204
f 4209 4204 4205
f 4210 4207 4208
f 4309 4208 4209
f 4210 4212 4206
f 4211 4210 4208
f 4211 4208 4309
f 4214 4212 4210
f 4215 4214 4210
f 4211 4215 4210
f 4214 4217 4212
f 4217 4213 4212
f 4325 4214 4215
f 4325 4219 4214
f 4216 4213 4217
f 4218 4217 4214
f 4218 4214 4219
f 4220 4217 4218
f 4222 4972 4216
f 4222 4216 4217
f 4220 4222 4217
f 4221 4220 4218
f 4221 4218 4219
f 4325 4221 4219
f 4223 4972 4222
f 4221 4224 4220
f 4225 4223 4222
f 4220 4225 4222
f 4224 4221 4325
f 4227 4228 4223
f 4226 4225 4220
f 4226 4220 4224
f 4226 4227 4223
f 4225 4226 4223
f 4230 4226 4224
f 4242 4230 4224
f 4229 4228 4227
f 4229 4227 4226
f 4230 4229 4226
f 4232 4974 4228
f 4231 4232 4228
f 4231 4228 4229
f 4230 4231 4229
f 4243 4233 4230
f 4237 4231 4230
f 4237 4230 4233
f 4235 4231 4237
f 4235 4232 4231
f 4234 4974 4232
f 4238 4234 4232
f 4238 4232 4235
f 4243 4237 4233
f 4236 4238 4235
f 4236 4235 4237
f 4238 4845 4234
f 4847 4238 4236
f 4236 4346 4847
f 4239 4956 4143
f 4239 4145 4956
f 4251 4148 4145
f 4251 4145 4239
f 4156 4148 4251
f 4156 4151 4148
f 4156 4154 4151
f 4159 4156 4251
f 4259 4165 4159
f 4266 4167 4165
f 4266 4172 4167
f 4270 4175 4172
f 4276 4175 4270
f 4276 4178 4175
f 4283 4240 4275
f 4291 4192 4240
f 4291 4195 4192
f 4291 4199 4195
f 4300 4199 4291
f 4300 4241 4201
f 4306 4205 4241
f 4306 4241 4303
f 4309 4209 4205
f 4309 4205 4306
f 4314 4211 4309
f 4314 4215 4211
f 4320 4215 4314
f 4320 4325 4215
f 4242 4325 4329
f 4242 4224 4325
f 4243 4230 4242
f 4341 4243 4342
f 4346 4237 4243
f 4346 4243 4345
f 4346 4236 4237
f 4247 4239 4245
f 4248 4245 4837
f 4248 4837 4838
f 4248 4838 4244
f 4246 4251 4239
f 4247 4246 4239
f 4248 4244 4701
f 4249 4247 4245
f 4249 4245 4248
f 4248 4701 4249
f 4246 4247 4249
f 4254 4246 4249
f 4250 4254 4249
f 4254 4251 4246
f 4254 4256 4251
f 4250 4252 4254
f 4255 4252 4250
f 4253 4251 4256
f 4253 4159 4251
f 4255 4254 4252
f 4255 4250 4258
f 4257 4253 4256
f 4255 4256 4254
f 4259 4159 4253
f 4260 4253 4257
f 4257 4256 4255
f 4260 4257 4255
f 4258 4260 4255
f 4263 4165 4259
f 4263 4259 4253
f 4261 4262 4260
f 4261 4260 4704
f 4265 4263 4253
f 4265 4253 4260
f 4265 4260 4262
f 4266 4165 4263
f 4267 4266 4263
f 4264 4267 4263
f 4264 4263 4265
f 4268 4265 4262
f 4271 4270 4172
f 4271 4172 4266
f 4271 4266 4267
f 4268 4267 4264
f 4268 4264 4265
f 4269 4268 4262
f 4272 4267 4268
f 4273 4268 4269
f 4273 4272 4268
f 4273 4269 4697
f 4276 4270 4271
f 4276 4275 4178
f 4277 4276 4271
f 4277 4271 4267
f 4274 4277 4267
f 4274 4267 4272
f 4274 4272 4273
f 4274 4273 4280
f 4278 4275 4276
f 4278 4276 4277
f 4278 4277 4274
f 4279 4278 4274
f 4281 4275 4278
f 4281 4283 4275
f 4282 4278 4279
f 4284 4274 4280
f 4284 4279 4274
f 4283 4281 4278
f 4282 4283 4278
f 4288 4285 4283
f 4282 4288 4283
f 4284 4282 4279
f 4284 4290 4282
f 4240 4283 4285
f 4286 4288 4282
f 4286 4282 4290
f 4285 4287 4240
f 4291 4240 4287
f 4288 4287 4285
f 4289 4288 4286
f 4290 4289 4286
f 4291 4287 4288
f 4291 4288 4289
f 4292 4291 4289
f 4293 4289 4290
f 4295 4291 4292
f 4295 4292 4289
f 4293 4295 4289
f 4294 4293 4290
f 4295 4300 4291
f 4298 4295 4293
f 4298 4293 4294
f 4298 4296 4295
f 4299 4298 4294
f 4296 4300 4295
f 4298 4297 4296
f 4299 4302 4298
f 4301 4300 4296
f 4297 4301 4296
f 4304 4297 4298
f 4302 4304 4298
f 4303 4300 4301
f 4303 4241 4300
f 4312 4303 4301
f 4312 4301 4297
f 4307 4312 4297
f 4307 4297 4304
f 4305 4304 4302
f 4306 4303 4312
f 4307 4304 4305
f 4308 4306 4312
f 4310 4312 4307
f 4311 4309 4306
f 4311 4306 4308
f 4316 4312 4310
f 4314 4309 4311
f 4315 4314 4311
f 4315 4311 4308
f 4313 4315 4308
f 4313 4308 4312
f 4316 4310 4317
f 4316 4313 4312
f 4319 4321 4314
f 4319 4314 4315
f 4319 4315 4313
f 4319 4313 4316
f 4318 4316 4317
f 4321 4320 4314
f 4322 4327 4319
f 4324 4322 4319
f 4324 4319 4316
f 4318 4324 4316
f 4323 4325 4320
f 4328 4320 4321
f 4328 4323 4320
f 4328 4321 4319
f 4328 4319 4327
f 4329 4325 4323
f 4326 4328 4327
f 4327 4322 4324
f 4328 4329 4323
f 4331 4326 4327
f 4331 4328 4326
f 4334 4329 4328
f 4332 4334 4328
f 4330 4332 4328
f 4330 4328 4331
f 4333 4242 4329
f 4333 4329 4334
f 4337 4333 4334
f 4335 4334 4332
f 4335 4332 4330
f 4336 4242 4333
f 4338 4336 4333
f 4338 4333 4337
f 4338 4337 4334
f 4339 4334 4335
f 4339 4338 4334
f 4243 4242 4336
f 4243 4336 4338
f 4340 4342 4243
f 4340 4243 4338
f 4343 4340 4338
f 4349 4343 4338
f 4349 4338 4339
f 4342 4340 4343
f 4344 4341 4342
f 4344 4342 4343
f 4344 4343 4349
f 4345 4243 4341
f 4345 4341 4344
f 4347 4346 4345
f 4344 4347 4345
f 4348 4344 4349
f 4352 4346 4347
f 4347 4344 4348
f 4350 4349 4717
f 4350 4348 4349
f 4350 4347 4348
f 4346 4351 4724
f 4351 4346 4352
f 4353 4725 4352
f 4353 4352 4347
f 4354 4353 4347
f 4354 4347 4350
f 4401 4396 4398
f 4401 4395 4396
f 4403 4400 4397
f 4409 4403 4397
f 4409 4397 4667
f 4413 4409 4667
f 4401 4398 4402
f 4405 4667 4399
f 4405 4413 4667
f 4405 4399 4401
f 4407 4412 4400
f 4413 4402 4404
f 4413 4401 4402
f 4413 4405 4401
f 4407 4400 4403
f 4413 4404 4406
f 4413 4406 4408
f 4420 4412 4407
f 4420 4407 4403
f 4413 4408 4411
f 4424 4420 4403
f 4416 4424 4403
f 4416 4403 4409
f 4423 4375 4410
f 4416 4409 4413
f 4413 4411 4414
f 4413 4414 4415
f 4423 4410 4412
f 4419 4423 4412
f 4419 4412 4420
f 4416 4413 4415
f 4416 4415 4417
f 4416 4417 4418
f 4424 4416 4418
f 4426 4423 4419
f 4426 4419 4420
f 4434 4426 4420
f 4424 4434 4420
f 4427 4421 4422
f 4432 4427 4422
f 4432 4422 4423
f 4426 4432 4423
f 4430 4378 4427
f 4437 4430 4427
f 4434 4425 4428
f 4434 4424 4425
f 4433 4431 4427
f 4433 4427 4432
f 4434 4432 4426
f 4434 4428 4429
f 4437 4427 4431
f 4434 4429 4435
f 4449 4433 4432
f 4438 4430 4437
f 4439 4449 4432
f 4441 4438 4437
f 4437 4431 4433
f 4437 4433 4449
f 4439 4432 4434
f 4439 4434 4435
f 4439 4435 4436
f 4446 4441 4437
f 4439 4436 4440
f 4448 4446 4437
f 4444 4437 4449
f 4444 4448 4437
f 4442 4447 4438
f 4449 4439 4440
f 4442 4438 4441
f 4443 4442 4441
f 4453 4441 4446
f 4453 4443 4441
f 4447 4442 4443
f 4447 4443 4453
f 4451 4380 4447
f 4449 4448 4444
f 4449 4445 4450
f 4453 4446 4448
f 4455 4451 4447
f 4460 4453 4448
f 4455 4447 4453
f 4460 4448 4449
f 4460 4449 4450
f 4460 4450 4452
f 4459 4456 4451
f 4460 4452 4454
f 4458 4459 4451
f 4460 4455 4453
f 4462 4456 4459
f 4458 4451 4455
f 4460 4454 4457
f 4458 4455 4460
f 4460 4457 4461
f 4468 4462 4459
f 4468 4459 4458
f 4465 4458 4460
f 4465 4460 4461
f 4465 4461 4463
f 4469 4464 4462
f 4465 4468 4458
f 4469 4462 4468
f 4465 4463 4466
f 4474 4468 4465
f 4474 4466 4467
f 4474 4465 4466
f 4472 4464 4469
f 4474 4467 4470
f 4489 4469 4468
f 4474 4489 4468
f 4477 4472 4469
f 4474 4470 4475
f 4473 4464 4472
f 4489 4477 4469
f 4477 4473 4472
f 4489 4475 4476
f 4489 4474 4475
f 4479 4471 4473
f 4487 4479 4473
f 4482 4473 4477
f 4482 4487 4473
f 4489 4476 4478
f 4482 4477 4489
f 4481 4385 4471
f 4479 4481 4471
f 4489 4478 4480
f 4485 4481 4479
f 4489 4480 4483
f 4491 4485 4479
f 4488 4487 4482
f 4486 4491 4479
f 4486 4479 4487
f 4489 4483 4484
f 4489 4488 4482
f 4485 4498 4481
f 4489 4484 4490
f 4491 4487 4488
f 4491 4486 4487
f 4494 4491 4488
f 4494 4489 4490
f 4494 4488 4489
f 4492 4498 4485
f 4494 4499 4491
f 4493 4485 4491
f 4493 4492 4485
f 4499 4493 4491
f 4499 4495 4496
f 4499 4496 4497
f 4499 4494 4495
f 4492 4493 4499
f 4502 4492 4499
f 4509 4508 4505
f 4500 4498 4492
f 4501 4505 4498
f 4502 4500 4492
f 4500 4501 4498
f 4499 4497 4503
f 4499 4503 4504
f 4506 4500 4502
f 4499 4504 4507
f 4499 4506 4502
f 4509 4505 4501
f 4517 4499 4507
f 4517 4506 4499
f 4517 4500 4506
f 4511 4501 4500
f 4517 4511 4500
f 4513 4509 4501
f 4517 4507 4510
f 4511 4513 4501
f 4513 4515 4508
f 4513 4508 4509
f 4517 4510 4514
f 4516 4513 4511
f 4526 4524 4512
f 4517 4514 4518
f 4517 4518 4519
f 4526 4512 4515
f 4521 4513 4516
f 4526 4515 4513
f 4521 4516 4511
f 4522 4526 4513
f 4531 4521 4511
f 4531 4519 4520
f 4531 4517 4519
f 4531 4511 4517
f 4525 4522 4513
f 4525 4513 4521
f 4531 4520 4523
f 4527 4524 4526
f 4529 4527 4526
f 4525 4521 4531
f 4526 4522 4525
f 4531 4523 4530
f 4537 4528 4527
f 4529 4526 4525
f 4538 4537 4527
f 4538 4527 4529
f 4531 4530 4532
f 4535 4528 4537
f 4538 4529 4525
f 4534 4531 4532
f 4534 4538 4525
f 4534 4525 4531
f 4539 4537 4538
f 4542 4536 4535
f 4543 4538 4534
f 4543 4534 4533
f 4542 4535 4537
f 4542 4537 4539
f 4544 4542 4539
f 4543 4540 4541
f 4547 4544 4539
f 4547 4539 4538
f 4543 4547 4538
f 4553 4554 4542
f 4553 4542 4544
f 4547 4541 4546
f 4547 4543 4541
f 4549 4545 4542
f 4554 4549 4542
f 4553 4544 4547
f 4550 4558 4553
f 4561 4554 4553
f 4547 4548 4552
f 4547 4550 4553
f 4557 4551 4549
f 4554 4557 4549
f 4558 4552 4555
f 4558 4547 4552
f 4558 4550 4547
f 4556 4551 4557
f 4557 4560 4556
f 4561 4553 4558
f 4563 4561 4558
f 4557 4554 4561
f 4563 4558 4555
f 4563 4555 4559
f 4394 4556 4560
f 4560 4557 4561
f 4562 4394 4560
f 4564 4567 4394
f 4564 4394 4562
f 4563 4562 4560
f 4563 4560 4561
f 4565 4564 4562
f 4563 3843 3846
f 4565 4562 4563
f 4569 4565 4563
f 4569 3846 3848
f 4569 4563 3846
f 4569 3848 3850
f 4573 4566 4567
f 4568 4564 4565
f 4564 4573 4567
f 4570 4576 4566
f 4569 3850 3852
f 4569 3852 3854
f 4573 4570 4566
f 4579 4573 4564
f 4569 4568 4565
f 4579 4564 4568
f 4568 4569 3854
f 4568 3854 3856
f 4576 4570 4573
f 4568 3856 3858
f 4577 4576 4573
f 4574 4583 4579
f 4574 4579 4568
f 4568 3858 3860
f 4580 4572 4576
f 4579 4577 4573
f 4575 4571 4572
f 4583 4574 4568
f 4583 4568 3860
f 4583 3860 3862
f 4581 4576 4577
f 4583 3862 3864
f 4580 4575 4572
f 4581 4577 4579
f 4584 4576 4581
f 4584 4580 4576
f 4583 4581 4579
f 4585 4580 4584
f 4586 4575 4580
f 4590 4584 4581
f 4585 4586 4580
f 4583 4590 4581
f 4583 3866 3868
f 4596 4589 4575
f 4590 4583 3868
f 4590 3868 3870
f 4591 4596 4575
f 4591 4575 4586
f 4590 3870 3871
f 4590 4588 4584
f 4588 4585 4584
f 4591 4586 4585
f 4592 4591 4585
f 4588 4592 4585
f 4595 4587 4589
f 4596 4595 4589
f 4592 4588 4590
f 4598 4596 4591
f 4593 3873 3875
f 4593 4592 4590
f 4593 4590 3873
f 4592 4598 4591
f 4599 4594 4595
f 4593 3875 3877
f 4598 4592 4593
f 4598 3877 3879
f 4598 4593 3877
f 4597 4596 4598
f 4604 4599 4595
f 4604 4595 4596
f 4598 3879 3881
f 4599 4605 4594
f 4604 4596 4597
f 4604 4597 4598
f 4600 4604 4598
f 4600 4598 3881
f 4601 4605 4599
f 4601 4599 4604
f 4602 4604 4600
f 4603 4682 4605
f 4608 4601 4604
f 4600 3883 3885
f 4600 4610 4602
f 4608 4603 4605
f 4606 4608 4604
f 4606 4604 4602
f 4608 4605 4601
f 4610 3885 3887
f 4610 4600 3885
f 4608 4607 4603
f 4606 4602 4610
f 4609 4615 4608
f 4610 3887 3889
f 4610 4609 4608
f 4610 4608 4606
f 4611 4682 4607
f 4610 3889 3891
f 4612 4611 4607
f 4612 4607 4608
f 4612 4608 4615
f 4614 3891 3893
f 4614 4610 3891
f 4614 4617 4610
f 4615 4609 4610
f 4617 4615 4610
f 4614 3893 3895
f 4614 3895 3897
f 4616 4613 4611
f 4616 4611 4612
f 4620 4616 4612
f 4615 4620 4612
f 4617 4614 3897
f 4616 4619 4613
f 4620 4615 4617
f 4617 3899 3901
f 4622 4619 4616
f 4620 4618 4616
f 4621 4616 4618
f 4620 3901 3903
f 4620 4617 3901
f 4623 4619 4622
f 4625 4619 4623
f 4625 4626 4619
f 4623 4622 4616
f 4629 4619 4626
f 4624 4623 4616
f 4627 4618 4620
f 4624 4616 4621
f 4627 4620 3903
f 4624 4621 4618
f 4625 4623 4624
f 4627 4624 4618
f 4628 4624 4627
f 4630 4625 4624
f 4628 3905 3906
f 4628 4627 3905
f 4631 4626 4625
f 4631 4629 4626
f 4628 4630 4624
f 4636 4630 4628
f 4633 4631 4625
f 4633 4625 4630
f 4636 3908 3910
f 4636 4628 3908
f 4634 4632 4629
f 4634 4629 4631
f 4636 4633 4630
f 4635 4632 4634
f 4633 4634 4631
f 4636 3910 3912
f 4645 4633 4636
f 4638 4645 4636
f 4642 4634 4633
f 4638 4636 3912
f 4641 4635 4634
f 4645 4642 4633
f 4638 3912 3914
f 4638 3914 3916
f 4639 4637 4635
f 4640 4641 4634
f 4640 4634 4642
f 4645 4638 3916
f 4639 4635 4641
f 4645 3916 3918
f 4645 3918 3920
f 4643 4639 4641
f 4643 4641 4640
f 4645 3920 3922
f 4644 4639 4643
f 4640 4642 4645
f 4650 4646 4639
f 4650 4639 4644
f 4645 4643 4640
f 4647 4644 4643
f 3925 4645 3922
f 3925 3922 3924
f 4647 4643 4645
f 4650 4644 4647
f 4647 4645 3925
f 3925 3924 3926
f 4648 4646 4650
f 4649 4650 4647
f 4649 4647 3925
f 4649 3925 3926
f 4651 4648 4650
f 4657 4651 4650
f 4651 4652 4648
f 4653 4650 4649
f 4655 4649 3926
f 4655 4653 4649
f 4657 4650 4653
f 4656 4654 4652
f 4656 4652 4651
f 4660 4651 4657
f 4660 4656 4651
f 4655 4657 4653
f 4664 4661 4654
f 4658 4657 4655
f 4659 4664 4654
f 4663 4660 4657
f 4659 4654 4656
f 4662 4657 4658
f 4662 4663 4657
f 4659 4656 4660
f 4662 4658 4655
f 4662 4655 3927
f 4662 3927 4663
f 4665 4659 4660
f 4665 4660 4663
f 4671 4664 4659
f 4664 4668 4661
f 4665 4671 4659
f 4663 3929 3931
f 4666 4665 4663
f 3932 4663 3931
f 3932 4666 4663
f 4669 4664 4671
f 4669 4668 4664
f 4667 4679 4668
f 3932 3931 3933
f 4668 4399 4667
f 4671 4665 4666
f 4669 4401 4399
f 4669 4399 4668
f 4671 4666 3932
f 4670 4401 4669
f 4671 3932 3933
f 4670 4669 4671
f 4671 4401 4670
f 4671 4395 4401
f 4671 3933 4395
f 4693 4639 4646
f 4639 4693 4637
f 4694 4693 4646
f 4694 4646 4648
f 4637 4693 4635
f 4693 4672 4635
f 4673 4694 4652
f 4694 4648 4652
f 4635 4672 4632
f 4675 4673 4652
f 4632 4672 4629
f 4672 4674 4629
f 4675 4652 4654
f 4677 4675 4654
f 4674 4676 4629
f 4677 4654 4661
f 4629 4676 4619
f 4679 4677 4661
f 4676 4678 4619
f 4679 4661 4668
f 4680 4681 4619
f 4678 4680 4619
f 4371 4679 4667
f 4619 4681 4613
f 4371 4667 4397
f 4613 4681 4611
f 4372 4371 4400
f 4371 4397 4400
f 4611 4681 4682
f 4373 4372 4400
f 4607 4682 4603
f 4374 4373 4412
f 4373 4400 4412
f 4374 4412 4410
f 4375 4374 4410
f 4605 4682 4594
f 4682 4587 4595
f 4594 4682 4595
f 4375 4423 4422
f 4376 4375 4422
f 4376 4422 4421
f 4377 4376 4427
f 4376 4421 4427
f 4587 4683 4589
f 4589 4683 4575
f 4377 4427 4378
f 4575 4683 4582
f 4575 4582 4578
f 4378 4430 4379
f 4430 4438 4379
f 4575 4578 4571
f 4438 4447 4379
f 4572 4571 4684
f 4379 4447 4380
f 4576 4572 4685
f 4572 4684 4685
f 4380 4451 4381
f 4451 4456 4381
f 4576 4685 4686
f 4456 4462 4382
f 4381 4456 4382
f 4566 4576 4686
f 4462 4464 4382
f 4567 4566 4687
f 4566 4686 4687
f 4382 4464 4383
f 4394 4567 4687
f 4464 4473 4383
f 4383 4473 4384
f 4394 4687 4393
f 4556 4394 4393
f 4473 4471 4384
f 4471 4385 4384
f 4551 4556 4392
f 4556 4393 4392
f 4549 4551 4392
f 4542 4545 4392
f 4545 4549 4392
f 4542 4392 4536
f 4481 4498 4386
f 4385 4481 4386
f 4535 4536 4391
f 4498 4505 4386
f 4535 4391 4390
f 4528 4535 4390
f 4386 4505 4387
f 4505 4508 4387
f 4527 4528 4390
f 4508 4515 4387
f 4387 4515 4388
f 4524 4527 4389
f 4527 4390 4389
f 4515 4512 4388
f 4512 4524 4388
f 4524 4389 4388
f 4587 4688 4683
f 4587 4689 4688
f 4682 4689 4587
f 4682 4690 4689
f 4682 4691 4690
f 4681 4691 4682
f 4674 4692 4676
f 4679 4695 4677
f 4371 4696 4679
f 4367 4811 4693
f 4367 4693 4694
f 4811 4366 4693
f 4368 4367 4694
f 4693 4366 4672
f 4368 4694 4673
f 4366 4365 4672
f 4720 4368 4675
f 4368 4673 4675
f 4672 4365 4674
f 4720 4675 4677
f 4674 4365 4692
f 4692 4365 4676
f 4365 4364 4676
f 4369 4720 4677
f 4369 4677 4695
f 4364 4363 4676
f 4369 4695 4679
f 4676 4363 4678
f 4369 4679 4696
f 4678 4363 4680
f 4370 4369 4696
f 4363 4362 4680
f 4370 4696 4371
f 4700 4370 4371
f 4680 4362 4681
f 4362 4361 4681
f 4700 4371 4372
f 4681 4361 4691
f 4701 4700 4372
f 4701 4372 4373
f 4691 4361 4690
f 4702 4701 4373
f 4702 4373 4374
f 4690 4361 4689
f 4361 4360 4689
f 4702 4374 4375
f 4703 4702 4375
f 4360 4359 4689
f 4704 4703 4375
f 4689 4359 4688
f 4704 4375 4376
f 4688 4359 4683
f 4704 4376 4377
f 4269 4704 4377
f 4683 4359 4358
f 4269 4377 4378
f 4683 4358 4582
f 4578 4582 4358
f 4378 4379 4269
f 4269 4379 4697
f 4578 4358 4571
f 4684 4571 4357
f 4379 4380 4280
f 4697 4379 4280
f 4685 4684 4357
f 4380 4381 4706
f 4280 4380 4706
f 4381 4382 4706
f 4685 4357 4686
f 4706 4382 4707
f 4382 4383 4707
f 4687 4686 4356
f 4707 4383 4708
f 4383 4384 4709
f 4708 4383 4709
f 4687 4356 4355
f 4393 4687 4355
f 4392 4393 4355
f 4384 4385 4709
f 4709 4385 4698
f 4392 4355 4699
f 4536 4392 4699
f 4698 4385 4711
f 4385 4386 4711
f 4536 4699 4715
f 4391 4536 4715
f 4386 4387 4711
f 4390 4391 4715
f 4390 4715 4714
f 4711 4387 4712
f 4390 4714 4713
f 4387 4388 4712
f 4389 4390 4713
f 4388 4389 4712
f 4389 4713 4712
f 4705 4704 4269
f 4710 4698 4711
f 4715 4699 4716
f 4717 4699 4355
f 4719 4816 4367
f 4367 4816 4811
f 4719 4367 4368
f 4811 4718 4366
f 4366 4718 4365
f 4719 4368 4720
f 4721 4719 4720
f 4721 4720 4369
f 4365 4798 4364
f 4830 4721 4369
f 4364 4798 4363
f 4798 4793 4363
f 4830 4369 4370
f 4244 4830 4370
f 4363 4793 4362
f 4793 4780 4362
f 4244 4370 4700
f 4362 4780 4361
f 4244 4700 4701
f 4773 4769 4361
f 4780 4773 4361
f 4249 4701 4702
f 4250 4249 4702
f 4361 4769 4360
f 4250 4702 4703
f 4258 4250 4703
f 4260 4258 4703
f 4769 4762 4359
f 4360 4769 4359
f 4260 4703 4704
f 4762 4761 4359
f 4761 4722 4359
f 4261 4704 4705
f 4261 4705 4269
f 4359 4722 4358
f 4261 4269 4262
f 4358 4722 4748
f 4571 4736 4357
f 4273 4697 4280
f 4284 4280 4706
f 4706 4707 4284
f 4686 4357 4356
f 4284 4707 4290
f 4707 4708 4290
f 4290 4708 4294
f 4708 4709 4294
f 4355 4356 4725
f 4355 4725 4354
f 4294 4709 4299
f 4299 4709 4302
f 4355 4354 4350
f 4709 4698 4302
f 4355 4350 4717
f 4302 4698 4305
f 4698 4710 4305
f 4305 4710 4307
f 4716 4699 4717
f 4710 4711 4310
f 4307 4710 4310
f 4715 4716 4349
f 4716 4717 4349
f 4310 4711 4317
f 4715 4349 4339
f 4714 4715 4339
f 4711 4712 4318
f 4317 4711 4318
f 4714 4339 4335
f 4713 4714 4330
f 4714 4335 4330
f 4318 4712 4324
f 4713 4330 4331
f 4712 4713 4327
f 4324 4712 4327
f 4713 4331 4327
f 4352 4724 4351
f 4354 4725 4353
f 4725 4724 4352
f 4723 4724 4725
f 4726 4723 4725
f 4729 4726 4725
f 4728 4723 4726
f 4729 4728 4726
f 4729 4725 4356
f 4731 4730 4727
f 4728 4727 4723
f 4735 4730 4731
f 4731 4727 4728
f 4733 4731 4728
f 4356 4733 4728
f 4356 4728 4729
f 4732 4734 4730
f 4732 4730 4735
f 4735 4731 4733
f 4733 4356 4357
f 4737 4735 4733
f 4737 4733 4357
f 4740 4734 4732
f 4739 4732 4735
f 4736 4735 4737
f 4736 4739 4735
f 4744 4740 4732
f 4744 4732 4741
f 4739 4741 4732
f 4736 4737 4357
f 4742 4738 4740
f 4741 4739 4736
f 4742 4740 4744
f 4743 4742 4744
f 4745 4744 4741
f 4746 4741 4736
f 4746 4736 4571
f 4746 4745 4741
f 4746 4571 4358
f 4750 4743 4744
f 4750 4742 4743
f 4750 4744 4745
f 4748 4750 4745
f 4748 4745 4746
f 4748 4746 4358
f 4752 4750 4748
f 4751 4749 4747
f 4751 4747 4742
f 4750 4751 4742
f 4752 4748 4722
f 4753 4749 4751
f 4755 4751 4750
f 4755 4750 4752
f 4757 4752 4722
f 4754 4753 4751
f 4755 4754 4751
f 4756 4755 4752
f 4757 4756 4752
f 4758 4759 4753
f 4758 4753 4754
f 4758 4755 4756
f 4758 4754 4755
f 4757 4758 4756
f 4761 4757 4722
f 4760 4759 4758
f 4762 4764 4758
f 4762 4758 4757
f 4761 4762 4757
f 4765 4759 4760
f 4768 4760 4758
f 4768 4758 4764
f 4763 4765 4760
f 4763 4760 4768
f 4766 4768 4764
f 4769 4766 4764
f 4762 4769 4764
f 4767 4765 4763
f 4768 4767 4763
f 4773 4768 4766
f 4770 4767 4768
f 4771 4770 4768
f 4772 4768 4773
f 4772 4771 4768
f 4773 4766 4769
f 4776 4774 4767
f 4770 4776 4767
f 4771 4776 4770
f 4777 4771 4772
f 4777 4773 4780
f 4777 4772 4773
f 4776 4775 4774
f 4778 4776 4771
f 4779 4778 4771
f 4779 4771 4777
f 4781 4775 4776
f 4782 4781 4776
f 4785 4776 4778
f 4785 4782 4776
f 4780 4779 4777
f 4785 4778 4779
f 4783 4785 4779
f 4783 4779 4780
f 4784 4786 4781
f 4784 4781 4782
f 4785 4784 4782
f 4783 4780 4793
f 4790 4784 4785
f 4790 4787 4784
f 4788 4790 4785
f 4793 4785 4783
f 4789 4784 4787
f 4789 4786 4784
f 4788 4785 4793
f 4791 4790 4788
f 4791 4788 4793
f 4790 4789 4787
f 4790 4792 4789
f 4794 4801 4790
f 4794 4790 4791
f 4793 4794 4791
f 4801 4792 4790
f 4794 4793 4798
f 4801 4795 4792
f 4798 4796 4801
f 4798 4801 4794
f 4797 4792 4795
f 4797 4795 4801
f 4800 4797 4801
f 4802 4799 4797
f 4800 4802 4797
f 4803 4801 4796
f 4796 4798 4365
f 4804 4800 4801
f 4803 4804 4801
f 4796 4365 4718
f 4804 4802 4800
f 4805 4804 4803
f 4718 4803 4796
f 4718 4805 4803
f 4806 4808 4802
f 4806 4802 4804
f 4807 4806 4804
f 4805 4807 4804
f 4805 4718 4811
f 4808 4806 4807
f 4809 4807 4805
f 4809 4805 4811
f 4810 4812 4808
f 4810 4808 4807
f 4814 4809 4811
f 4814 4807 4809
f 4813 4812 4810
f 4813 4810 4807
f 4816 4813 4807
f 4816 4807 4814
f 4814 4811 4816
f 4817 4815 4812
f 4817 4812 4813
f 4815 4937 4812
f 4819 4817 4813
f 4818 4819 4813
f 4719 4813 4816
f 4941 4937 4815
f 4820 4813 4719
f 4820 4818 4813
f 4819 4941 4815
f 4819 4815 4817
f 4820 4819 4818
f 4821 4941 4819
f 4824 4819 4820
f 4825 4820 4719
f 4823 4821 4819
f 4824 4823 4819
f 4825 4719 4721
f 4825 4824 4820
f 4823 4822 4821
f 4827 4822 4823
f 4827 4823 4824
f 4826 4824 4825
f 4826 4827 4824
f 4721 4826 4825
f 4828 4822 4827
f 4831 4822 4828
f 4721 4827 4826
f 4835 4831 4828
f 4829 4835 4828
f 4829 4828 4827
f 4830 4829 4827
f 4830 4827 4721
f 4833 4832 4831
f 4834 4831 4835
f 4834 4833 4831
f 4830 4835 4829
f 4836 4832 4833
f 4836 4245 4239
f 4836 4837 4245
f 4837 4836 4833
f 4834 4837 4833
f 4834 4838 4837
f 4838 4834 4835
f 4838 4835 4830
f 4244 4838 4830
f 4723 4346 4724
f 4723 4839 4346
f 4727 4839 4723
f 4730 4856 4839
f 4730 4839 4727
f 4734 4856 4730
f 4740 4858 4734
f 4738 4858 4740
f 4742 4863 4858
f 4742 4866 4863
f 4742 4858 4738
f 4742 4868 4866
f 4747 4868 4742
f 4749 4868 4747
f 4759 4877 4749
f 4759 4749 4753
f 4759 4840 4877
f 4765 4841 4759
f 4767 4841 4765
f 4774 4841 4767
f 4774 4775 4841
f 4781 4897 4775
f 4781 4842 4897
f 4786 4842 4781
f 4792 4910 4786
f 4792 4786 4789
f 4797 4910 4792
f 4797 4911 4910
f 4799 4914 4797
f 4802 4919 4799
f 4808 4919 4802
f 4808 4922 4919
f 4808 4925 4922
f 4812 4925 4808
f 4812 4927 4925
f 4812 4843 4927
f 4812 4937 4843
f 4821 4945 4941
f 4822 4945 4821
f 4831 4957 4822
f 4832 4957 4831
f 4832 4143 4957
f 4836 4143 4832
f 4239 4143 4836
f 4845 4141 4234
f 4846 4845 4238
f 4847 4846 4238
f 4847 4346 4839
f 4848 4850 4141
f 4848 4141 4845
f 4852 4848 4845
f 4852 4845 4846
f 4852 4847 4839
f 4852 4846 4847
f 4851 4849 4850
f 4850 4848 4852
f 4852 4839 4856
f 4851 4854 4849
f 4853 4851 4850
f 4855 4853 4850
f 4855 4850 4852
f 4853 4854 4851
f 4856 4855 4852
f 4860 4849 4854
f 4859 4860 4854
f 4857 4859 4854
f 4857 4854 4853
f 4857 4853 4855
f 4857 4855 4856
f 4858 4857 4856
f 4858 4856 4734
f 4862 4860 4859
f 4863 4859 4857
f 4863 4857 4858
f 4861 4864 4860
f 4861 4860 4862
f 4864 4861 4862
f 4865 4864 4862
f 4865 4862 4859
f 4866 4865 4859
f 4866 4859 4863
f 4869 4867 4864
f 4870 4869 4864
f 4871 4870 4864
f 4871 4864 4865
f 4868 4865 4866
f 4868 4871 4865
f 4870 4873 4869
f 4873 4132 4869
f 4874 4873 4870
f 4872 4870 4871
f 4872 4871 4868
f 4872 4868 4749
f 4874 4870 4872
f 4877 4874 4872
f 4877 4872 4749
f 4878 4132 4873
f 4880 4873 4874
f 4875 4874 4877
f 4878 4873 4880
f 4880 4874 4875
f 4879 4876 4878
f 4881 4877 4840
f 4881 4875 4877
f 4879 4878 4880
f 4881 4880 4875
f 4881 4840 4759
f 4882 4884 4876
f 4882 4876 4879
f 4885 4879 4880
f 4885 4882 4879
f 4883 4885 4880
f 4883 4880 4881
f 4887 4882 4885
f 4886 4759 4841
f 4886 4881 4759
f 4886 4883 4881
f 4882 4890 4884
f 4887 4889 4882
f 4841 4885 4883
f 4841 4883 4886
f 4891 4890 4882
f 4889 4891 4882
f 4888 4887 4885
f 4888 4885 4841
f 4892 4889 4887
f 4892 4887 4888
f 4894 4890 4891
f 4893 4892 4888
f 4893 4841 4775
f 4893 4888 4841
f 4899 4890 4894
f 4894 4891 4889
f 4892 4894 4889
f 4895 4892 4893
f 4893 4775 4897
f 4895 4894 4892
f 4897 4895 4893
f 4896 4899 4894
f 4897 4896 4894
f 4897 4894 4895
f 4904 4896 4897
f 4904 4897 4842
f 4898 4899 4896
f 4901 4898 4896
f 4903 4901 4896
f 4903 4896 4904
f 4900 4136 4898
f 4904 4842 4786
f 4902 4900 4898
f 4902 4898 4901
f 4902 4901 4903
f 4905 4909 4902
f 4905 4902 4903
f 4786 4903 4904
f 4786 4905 4903
f 4907 4906 4902
f 4907 4902 4909
f 4910 4905 4786
f 4908 4906 4907
f 4913 4907 4909
f 4910 4909 4905
f 4912 4906 4908
f 4913 4908 4907
f 4914 4913 4909
f 4911 4914 4909
f 4911 4909 4910
f 4913 4912 4908
f 4914 4916 4913
f 4914 4911 4797
f 4915 4912 4913
f 4916 4915 4913
f 4916 4914 4919
f 4919 4914 4799
f 4917 4918 4912
f 4917 4912 4915
f 4919 4915 4916
f 4921 4917 4915
f 4919 4921 4915
f 4920 4923 4918
f 4921 4920 4918
f 4921 4918 4917
f 4922 4921 4919
f 4924 4923 4920
f 4924 4920 4921
f 4929 4924 4921
f 4925 4921 4922
f 4925 4929 4921
f 4926 4923 4924
f 4928 4926 4924
f 4932 4928 4924
f 4927 4929 4925
f 4932 4924 4929
f 4933 4929 4927
f 4843 4933 4927
f 4932 4931 4928
f 4930 4932 4929
f 4933 4930 4929
f 4933 4843 4937
f 4932 4938 4931
f 4935 4936 4932
f 4935 4932 4930
f 4937 4935 4930
f 4937 4930 4933
f 4939 4934 4931
f 4939 4942 4934
f 4939 4931 4938
f 4936 4935 4937
f 4938 4932 4936
f 4941 4936 4937
f 4941 4938 4936
f 4943 4942 4939
f 4940 4944 4938
f 4940 4938 4941
f 4943 4939 4938
f 4944 4943 4938
f 4948 4944 4940
f 4945 4940 4941
f 4946 4942 4943
f 4944 4946 4943
f 4948 4940 4945
f 4948 4945 4822
f 4947 4946 4944
f 4949 4947 4944
f 4949 4944 4948
f 4957 4948 4822
f 4957 4949 4948
f 4950 4946 4947
f 4951 4947 4949
f 4952 4951 4949
f 4957 4952 4949
f 4954 4950 4947
f 4951 4954 4947
f 4953 4844 4950
f 4954 4953 4950
f 4954 4142 4953
f 4955 4954 4951
f 4955 4142 4954
f 4955 4145 4142
f 4955 4956 4145
f 4956 4955 4951
f 4956 4952 4957
f 4956 4951 4952
f 4957 4143 4956
f 4867 4869 4132
f 4867 4132 4131
f 4864 4867 4131
f 4132 4878 4133
f 4878 4876 4133
f 4860 4864 4131
f 4876 4884 4133
f 4860 4131 4130
f 4849 4860 4130
f 4890 4899 4884
f 4850 4849 4976
f 4849 4130 4976
f 4884 4899 4134
f 4899 4898 4135
f 4134 4899 4135
f 4141 4850 4976
f 4234 4141 4976
f 4135 4898 4136
f 4234 4976 4974
f 4900 4902 4136
f 4902 4906 4136
f 4136 4906 4137
f 4906 4912 4137
f 4228 4974 4973
f 4912 4918 4137
f 4223 4228 4973
f 4137 4918 4986
f 4223 4973 4972
f 4918 4923 4986
f 4986 4923 4138
f 4216 4972 4958
f 4216 4958 4213
f 4138 4923 4926
f 4138 4926 4928
f 4138 4928 4931
f 4139 4138 4931
f 4213 4958 4212
f 4139 4931 4934
f 4958 4971 4212
f 4139 4934 4942
f 4971 4970 4212
f 4212 4970 4203
f 4140 4139 4942
f 4140 4942 4946
f 4970 4969 4203
f 4203 4969 4200
f 4200 4969 4197
f 4140 4946 4950
f 4969 4968 4197
f 4140 4950 4844
f 4197 4968 4194
f 4140 4844 4953
f 4194 4968 4193
f 4959 4140 4953
f 4959 4953 4144
f 4968 4966 4188
f 4959 4144 4147
f 4099 4959 4147
f 4961 4099 4147
f 4962 4961 4147
f 4188 4966 4184
f 4962 4147 4152
f 4184 4966 4182
f 4962 4152 4155
f 4966 4965 4180
f 4182 4966 4180
f 4962 4155 4160
f 4963 4962 4160
f 4180 4965 4173
f 4173 4965 4171
f 4963 4160 4162
f 4171 4965 4170
f 4964 4963 4162
f 4965 4960 4170
f 4960 4964 4166
f 4964 4162 4166
f 4960 4166 4170
f 4964 4960 4965
f 4967 4966 4968
f 4975 4974 4976
f 4132 4133 4979
f 4977 4132 4979
f 4131 4132 4978
f 4132 4977 4978
f 4133 4884 4981
f 4979 4133 4981
f 4130 4131 4980
f 4131 4978 4980
f 4981 4884 4982
f 4130 4980 4983
f 4884 4134 4992
f 4982 4884 4992
f 4976 4130 4984
f 4130 4983 4984
f 4134 4135 4992
f 4992 4135 4993
f 4135 4136 4993
f 4976 4984 4129
f 4976 4129 4128
f 4975 4976 4128
f 4993 4136 4985
f 4136 4137 4985
f 4975 4128 4127
f 4974 4975 4127
f 4974 4127 4126
f 4985 4137 4997
f 4973 4974 4126
f 4973 4126 4125
f 4973 4125 4124
f 4997 4137 4986
f 4972 4973 4123
f 4973 4124 4123
f 4986 4138 4994
f 4972 4123 4122
f 4972 4122 4958
f 4987 4994 4138
f 4122 4121 4958
f 4958 4121 4120
f 5082 4987 4138
f 5082 4138 4139
f 4120 4119 4958
f 4988 5082 4139
f 4958 4119 4971
f 4119 4118 4970
f 4971 4119 4970
f 4989 4988 4139
f 4989 4139 4140
f 4118 4117 4970
f 4970 4117 4969
f 4990 4989 4140
f 4116 4115 4969
f 4117 4116 4969
f 4991 4990 4140
f 4115 4114 4968
f 4969 4115 4968
f 4098 4991 4140
f 4113 4112 4968
f 4114 4113 4968
f 4098 4140 4959
f 4112 4111 4968
f 4968 4111 4967
f 4098 4959 4099
f 4100 4099 4961
f 4967 4111 4966
f 4111 4110 4966
f 4100 4961 4962
f 4110 4109 4966
f 4101 4100 4962
f 4108 4107 4966
f 4109 4108 4966
f 4102 4101 4962
f 4107 4106 4965
f 4966 4107 4965
f 4102 4962 4963
f 4106 4105 4965
f 4103 4102 4963
f 4103 4963 4964
f 4105 4104 4965
f 4104 4103 4964
f 4965 4104 4964
f 5025 4977 5027
f 4977 5025 5016
f 4977 4979 5027
f 4977 5016 5017
f 4978 4977 5017
f 4979 4981 5034
f 4980 4978 5017
f 4981 4982 5043
f 4983 4980 5006
f 4982 4992 5043
f 4984 4983 4995
f 4992 4993 5056
f 4129 4984 5001
f 4984 4995 5001
f 4128 4129 5001
f 5056 4993 5059
f 4128 5001 4096
f 4128 4096 4094
f 5059 4993 4985
f 4128 4094 4089
f 4126 4127 4089
f 4127 4128 4089
f 4126 4089 4085
f 4996 4985 4997
f 4125 4126 4083
f 4126 4085 4083
f 4125 4083 4076
f 5065 4997 5064
f 4124 4125 4076
f 4997 4986 5064
f 4124 4076 4069
f 5064 4986 5071
f 4123 4124 4069
f 4986 4994 4998
f 5071 4986 4998
f 4122 4123 4063
f 4123 4069 4063
f 4122 4063 4121
f 4998 4994 4987
f 4998 4987 5082
f 4121 4063 4120
f 4063 4054 4120
f 5088 5082 4988
f 4120 4054 4119
f 4054 4041 4118
f 4119 4054 4118
f 5095 5088 4988
f 4118 4041 4117
f 5095 4988 4989
f 4041 4034 4117
f 5100 5095 4989
f 4116 4117 4115
f 3938 5100 4989
f 4117 4024 4115
f 3938 4989 4990
f 4115 4024 4114
f 3938 4990 4991
f 4024 4014 4114
f 3938 4991 4098
f 3942 3938 4098
f 4114 4014 4113
f 3945 3942 4098
f 4113 4014 4112
f 4013 4011 4111
f 4014 4013 4111
f 4112 4014 4111
f 3949 3945 4098
f 3949 4098 4099
f 3953 3949 4099
f 4011 4001 4111
f 3953 4099 4100
f 3967 3953 4100
f 4001 4005 4111
f 4111 4005 4110
f 4110 4005 4109
f 3967 4100 4101
f 4109 4005 4108
f 4005 3990 4108
f 3990 3993 4108
f 3967 4101 4102
f 4108 3993 4107
f 4107 3993 4106
f 3967 4102 4103
f 3970 3967 4103
f 3968 3970 4103
f 3985 3976 4105
f 3993 3985 4105
f 4106 3993 4105
f 3976 3968 4103
f 4105 3976 4104
f 3976 4103 4104
f 4093 3845 3844
f 4999 3847 3845
f 4999 3845 4093
f 4097 5000 4095
f 4999 4093 5000
f 5005 4999 5000
f 5004 4097 5001
f 4999 3849 3847
f 5002 5005 5000
f 5002 5000 4097
f 5004 5002 4097
f 4999 3851 3849
f 5006 5005 5002
f 5003 5004 5001
f 5003 5001 4995
f 4999 3853 3851
f 5004 5003 4995
f 5007 3855 3853
f 5007 3853 4999
f 5008 5005 5006
f 5004 4995 4983
f 5008 4999 5005
f 5008 5013 4999
f 5007 3857 3855
f 5006 5002 5004
f 5006 5004 4983
f 5007 4999 5013
f 5007 3859 3857
f 5009 5008 5006
f 5013 5015 5007
f 5007 3861 3859
f 5016 5013 5008
f 5009 5006 4980
f 5012 5016 5008
f 5012 5008 5009
f 5011 3861 5007
f 5010 5011 5007
f 5009 4980 5017
f 5015 5010 5007
f 5012 5009 5017
f 5014 3865 3863
f 5014 3863 5011
f 5021 5010 5015
f 5017 5016 5012
f 5010 5014 5011
f 5015 5013 5016
f 5014 3867 3865
f 5019 5021 5015
f 5018 5014 5010
f 5024 3867 5014
f 5024 3869 3867
f 5016 5019 5015
f 5020 5010 5021
f 5020 5018 5010
f 5018 5024 5014
f 5024 3871 3869
f 5023 5024 5018
f 5025 5018 5020
f 5025 5023 5018
f 5016 5021 5019
f 5025 5020 5021
f 5022 3872 5024
f 5016 5025 5021
f 5022 3874 3872
f 5026 5024 5023
f 5029 5022 5024
f 5027 5023 5025
f 5022 3876 3874
f 5029 5024 5026
f 5030 5023 5027
f 5022 3878 3876
f 5022 3880 3878
f 5028 5022 5029
f 5031 5029 5026
f 5031 5026 5023
f 5030 5031 5023
f 5022 5032 3880
f 5030 5027 4979
f 5036 5028 5029
f 5036 5029 5031
f 5031 5030 4979
f 5032 5022 5028
f 5033 5036 5031
f 5034 5033 5031
f 5034 5031 4979
f 5039 3882 5032
f 5039 3884 3882
f 5039 3886 3884
f 5035 5032 5028
f 5039 5032 5035
f 5036 5033 5034
f 5041 5035 5028
f 5038 5034 4981
f 5038 4981 5043
f 5038 5036 5034
f 5037 5039 5035
f 5038 5041 5028
f 5038 5028 5036
f 5040 3888 3886
f 5040 3890 3888
f 5040 3886 5039
f 5041 5037 5035
f 5039 5037 5041
f 5043 5041 5038
f 5044 5039 5041
f 5040 3892 3890
f 5040 3894 3892
f 5045 5040 5039
f 5040 3896 3894
f 5046 5045 5039
f 5043 5044 5041
f 5042 5046 5039
f 5044 5042 5039
f 5050 3896 5040
f 5048 5044 5043
f 5051 5040 5045
f 5046 5042 5044
f 5048 5046 5044
f 5047 5051 5045
f 5052 5050 5040
f 5046 5047 5045
f 5048 5043 4992
f 5048 4992 5056
f 5052 5040 5051
f 5049 3900 3898
f 5049 3898 5050
f 5051 5046 5048
f 5051 5047 5046
f 5049 3902 3900
f 5054 5048 5056
f 5054 5051 5048
f 5053 5049 5050
f 5058 5052 5051
f 5053 5050 5052
f 5054 5058 5051
f 4996 5053 5052
f 4996 5052 5058
f 5055 3904 5049
f 5057 5055 5049
f 5053 5057 5049
f 4996 5058 5054
f 5061 5053 4996
f 5059 4996 5054
f 5059 5054 5056
f 5055 3907 3906
f 5061 5057 5053
f 4996 5059 4985
f 5061 5055 5057
f 5060 5061 4996
f 5063 5061 5060
f 5068 5055 5061
f 5063 5060 4996
f 5062 3909 3907
f 5062 3911 3909
f 5062 3907 5055
f 5065 5063 4996
f 5068 5062 5055
f 5066 5068 5061
f 5065 4996 4997
f 5066 5061 5063
f 5067 3911 5062
f 5067 3913 3911
f 5072 5067 5062
f 5067 3915 3913
f 5064 5066 5063
f 5065 5064 5063
f 5067 3917 3915
f 5073 5072 5062
f 5068 5073 5062
f 5069 5068 5066
f 5067 3919 3917
f 5069 5066 5064
f 5070 3921 3919
f 5070 3919 5067
f 5078 5070 5067
f 5071 5069 5064
f 5076 5067 5072
f 5076 5078 5067
f 5073 5068 5069
f 5070 3923 3921
f 5075 5073 5069
f 5077 5076 5072
f 4998 5075 5069
f 4998 5069 5071
f 5074 5070 5078
f 5075 5072 5073
f 5075 5077 5072
f 5079 5070 5074
f 5078 5079 5074
f 5080 5078 5076
f 5080 5076 5077
f 5081 5079 5078
f 5075 5080 5077
f 5080 5081 5078
f 5084 5079 5086
f 5084 3926 5079
f 5083 5080 5075
f 5082 5075 4998
f 5082 5083 5075
f 5085 5086 5079
f 5085 5079 5081
f 5083 5082 5088
f 5085 5081 5080
f 5085 5080 5083
f 5087 5084 5086
f 5084 5092 4655
f 5088 5085 5083
f 5085 5087 5086
f 5094 5084 5087
f 5089 5092 5084
f 5094 5089 5084
f 5091 5087 5085
f 5093 5094 5087
f 5091 5088 5095
f 5091 5085 5088
f 5095 5087 5091
f 5090 3928 5092
f 5090 3930 3928
f 5094 5092 5089
f 5093 5087 5095
f 5097 5090 5092
f 5097 5092 5094
f 5095 5094 5093
f 5099 5097 5094
f 5096 5099 5094
f 5095 5096 5094
f 5098 5090 5097
f 5098 3933 5090
f 5099 5095 5100
f 5099 5096 5095
f 5098 3941 3934
f 5098 3950 3941
f 5103 5097 5099
f 5101 3950 5098
f 5101 5098 5097
f 5102 3949 3950
f 5102 5101 5097
f 5102 3950 5101
f 5104 5103 5099
f 5102 3942 3949
f 5102 5097 5103
f 3938 5104 5099
f 3938 5099 5100
f 5103 3942 5102
f 5103 3938 3942
f 5104 3938 5103
f 4395 3934 4396
f 3934 3935 4396
f 4396 3935 4398
f 3935 3936 4398
f 4398 3936 4402
f 3936 3937 4402
f 4402 3937 4404
f 3937 3940 4404
f 4404 3940 4406
f 3940 3944 4406
f 4406 3944 4408
f 3944 3946 4408
f 4408 3946 4411
f 3946 3947 4411
f 4411 3947 4414
f 3947 3951 4414
f 4414 3951 4415
f 3951 3955 4415
f 3955 3952 4417
f 4415 3955 4417
f 3952 3958 4417
f 3958 3959 4418
f 4417 3958 4418
f 4418 3959 4424
f 3959 3962 4425
f 4424 3959 4425
f 3962 3966 4428
f 4425 3962 4428
f 3966 3969 4429
f 4428 3966 4429
f 3969 3971 4435
f 4429 3969 4435
f 3971 3973 4436
f 4435 3971 4436
f 4436 3973 4440
f 3973 3977 4440
f 3977 3978 4440
f 4440 3978 4449
f 4449 3978 4445
f 3978 3981 4445
f 4445 3981 4450
f 3981 3984 4450
f 4450 3984 4452
f 3984 3988 4452
f 4452 3988 4454
f 3988 3989 4454
f 4454 3989 4457
f 3989 3991 4457
f 4457 3991 4461
f 3991 3994 4461
f 4461 3994 4463
f 3994 3995 4463
f 4463 3995 4466
f 3995 3999 4466
f 4466 3999 4467
f 3999 4002 4467
f 4467 4002 4470
f 4002 4003 4470
f 4470 4003 4475
f 4003 4006 4475
f 4475 4006 4476
f 4006 4010 4476
f 4476 4010 4478
f 4010 4012 4478
f 4478 4012 4480
f 4012 4015 4480
f 4480 4015 4483
f 4015 4017 4483
f 4483 4017 4484
f 4017 4018 4484
f 4022 4026 4490
f 4484 4018 4490
f 4018 4022 4490
f 4490 4026 4494
f 4026 4028 4495
f 4494 4026 4495
f 4028 4030 4496
f 4495 4028 4496
f 4030 4031 4497
f 4496 4030 4497
f 4031 4037 4503
f 4497 4031 4503
f 4037 4040 4504
f 4503 4037 4504
f 4504 4040 4507
f 4040 4042 4507
f 4507 4042 4510
f 4042 4044 4510
f 4044 4046 4514
f 4510 4044 4514
f 4046 4047 4518
f 4514 4046 4518
f 4047 4051 4519
f 4518 4047 4519
f 4051 4056 4520
f 4519 4051 4520
f 4056 4058 4523
f 4520 4056 4523
f 4058 4061 4530
f 4523 4058 4530
f 4061 4062 4532
f 4062 4064 4532
f 4530 4061 4532
f 4532 4064 4534
f 4064 4068 4533
f 4068 4072 4533
f 4534 4064 4533
f 4533 4072 4543
f 4072 4073 4540
f 4543 4072 4540
f 4073 4077 4541
f 4540 4073 4541
f 4077 4078 4546
f 4078 4082 4546
f 4541 4077 4546
f 4546 4082 4547
f 4082 4084 4548
f 4547 4082 4548
f 4084 4088 4552
f 4548 4084 4552
f 4088 4090 4555
f 4552 4088 4555
f 4090 4093 4559
f 4093 3844 4559
f 4555 4090 4559
f 4559 3844 4563
f 5105 5106 5339
f 5106 5107 5339
f 5107 5108 5339
f 5108 5109 5339
f 5109 5110 5114
f 5110 5111 5114
f 5339 5109 5114
f 5111 5112 5114
f 5112 5113 5114
f 5114 5113 5118
f 5113 5115 5118
f 5115 5116 5118
f 5117 5114 5118
f 5116 5119 5118
f 5119 5120 5118
f 5123 5117 5118
f 5118 5120 5123
f 5120 5121 5123
f 5121 5122 5123
f 5122 5124 5123
f 5124 5125 5123
f 5123 5125 5130
f 5125 5126 5130
f 5126 5127 5130
f 5133 5123 5130
f 5127 5128 5130
f 5128 5129 5130
f 5130 5129 5133
f 5129 5131 5133
f 5131 5132 5133
f 5133 5132 5134
f 5138 5133 5134
f 5134 5135 5139
f 5135 5136 5139
f 5136 5137 5139
f 5138 5134 5139
f 5137 5140 5139
f 5140 5141 5139
f 5141 5142 5139
f 5142 5143 5139
f 5143 5144 5139
f 5144 5145 5151
f 5139 5144 5151
f 5145 5147 5151
f 5146 5148 5147
f 5148 5149 5151
f 5149 5150 5151
f 5147 5148 5151
f 5151 5150 5152
f 5151 5152 5154
f 5153 5155 5154
f 5155 5156 5154
f 5152 5153 5154
f 5154 5156 5157
f 5163 5154 5168
f 5154 5157 5168
f 5158 5159 5168
f 5159 5160 5168
f 5157 5158 5168
f 5160 5161 5168
f 5161 5162 5168
f 5162 5164 5168
f 5164 5165 5168
f 5168 5165 5167
f 5166 5169 5178
f 5169 5170 5178
f 5167 5166 5178
f 5168 5167 5178
f 5178 5170 5171
f 5171 5172 5175
f 5172 5173 5175
f 5173 5174 5175
f 5174 5176 5175
f 5176 5177 5175
f 5178 5171 5175
f 5177 5179 5182
f 5179 5180 5182
f 5175 5177 5182
f 5180 5181 5182
f 5178 5175 5182
f 5183 5185 5184
f 5185 5179 5184
f 5179 5186 5184
f 5184 5186 5187
f 5195 5184 5187
f 5188 5189 5195
f 5189 5190 5195
f 5187 5188 5195
f 5190 5191 5195
f 5191 5192 5195
f 5195 5192 5194
f 5192 5193 5194
f 5194 5196 5205
f 5196 5197 5205
f 5195 5194 5205
f 5197 5198 5205
f 5198 5199 5205
f 5205 5199 5204
f 5199 5200 5204
f 5200 5201 5204
f 5201 5202 5204
f 5202 5203 5204
f 5204 5203 5210
f 5203 5206 5210
f 5206 5207 5210
f 5205 5204 5210
f 5207 5208 5210
f 5208 5209 5210
f 5210 5209 5213
f 5209 5211 5213
f 5211 5212 5213
f 5212 5214 5213
f 5214 5215 5213
f 5210 5213 5221
f 5213 5215 5216
f 5221 5213 5216
f 5216 5217 5224
f 5217 5218 5224
f 5218 5219 5224
f 5221 5216 5224
f 5219 5220 5224
f 5220 5222 5224
f 5222 5223 5224
f 5224 5223 5225
f 5224 5225 5229
f 5226 5227 5229
f 5227 5228 5229
f 5225 5226 5229
f 5228 5230 5232
f 5230 5231 5232
f 5229 5228 5232
f 5231 5233 5232
f 5233 5234 5232
f 5229 5232 5239
f 5234 5235 5239
f 5235 5236 5239
f 5232 5234 5239
f 5239 5236 5242
f 5236 5237 5242
f 5237 5238 5242
f 5238 5240 5242
f 5240 5241 5242
f 5241 5243 5242
f 5243 5244 5242
f 5244 5245 5249
f 5245 5246 5249
f 5242 5244 5249
f 5246 5247 5249
f 5247 5248 5249
f 5248 5250 5256
f 5250 5251 5256
f 5249 5248 5256
f 5251 5252 5258
f 5252 5253 5258
f 5256 5251 5258
f 5253 5254 5258
f 5254 5255 5258
f 5255 5106 5257
f 5258 5255 5257
f 5261 5260 5259
f 5263 5261 5262
f 5266 5263 5262
f 5264 5266 5262
f 5264 5265 5266
f 5266 5265 5267
f 5267 5268 5266
f 5269 5270 5268
f 5269 5268 5267
f 5270 5269 5271
f 5272 5274 5270
f 5270 5273 5272
f 5270 5271 5273
f 5275 5274 5272
f 5276 5277 5275
f 5277 5276 5278
f 5280 5282 5325
f 5280 5325 5279
f 5281 5280 5279
f 5283 5282 5280
f 5284 5285 5283
f 5286 5287 5285
f 5286 5288 5287
f 5288 5290 5287
f 5289 5290 5288
f 5291 5292 5290
f 5291 5290 5289
f 5296 5292 5291
f 5296 5291 5293
f 5294 5296 5293
f 5295 5296 5294
f 5296 5295 5297
f 5297 5298 5296
f 5299 5298 5297
f 5300 5301 5298
f 5300 5298 5299
f 5257 5106 5105
f 5255 5254 5107
f 5106 5255 5107
f 5254 5253 5108
f 5107 5254 5108
f 5253 5252 5109
f 5108 5253 5109
f 5252 5251 5110
f 5109 5252 5110
f 5251 5250 5111
f 5110 5251 5111
f 5250 5248 5112
f 5111 5250 5112
f 5248 5247 5113
f 5112 5248 5113
f 5247 5246 5115
f 5113 5247 5115
f 5246 5245 5116
f 5115 5246 5116
f 5245 5244 5119
f 5116 5245 5119
f 5244 5243 5120
f 5119 5244 5120
f 5243 5241 5121
f 5120 5243 5121
f 5241 5240 5122
f 5121 5241 5122
f 5240 5238 5124
f 5122 5240 5124
f 5124 5238 5125
f 5238 5237 5125
f 5125 5237 5126
f 5237 5236 5126
f 5126 5236 5127
f 5236 5235 5127
f 5235 5234 5128
f 5127 5235 5128
f 5234 5233 5129
f 5128 5234 5129
f 5233 5231 5131
f 5129 5233 5131
f 5231 5230 5132
f 5131 5231 5132
f 5132 5230 5134
f 5228 5227 5135
f 5230 5228 5135
f 5134 5230 5135
f 5227 5226 5136
f 5135 5227 5136
f 5136 5226 5137
f 5226 5225 5140
f 5137 5226 5140
f 5225 5223 5140
f 5140 5223 5141
f 5223 5222 5141
f 5141 5222 5142
f 5222 5220 5142
f 5142 5220 5143
f 5220 5219 5143
f 5143 5219 5144
f 5219 5218 5144
f 5144 5218 5145
f 5218 5217 5145
f 5145 5217 5147
f 5147 5217 5146
f 5216 5215 5146
f 5217 5216 5146
f 5146 5215 5148
f 5215 5214 5148
f 5148 5214 5149
f 5214 5212 5149
f 5149 5212 5150
f 5212 5211 5150
f 5150 5211 5152
f 5209 5208 5153
f 5211 5209 5153
f 5152 5211 5153
f 5208 5207 5155
f 5153 5208 5155
f 5207 5206 5156
f 5155 5207 5156
f 5156 5206 5157
f 5157 5206 5158
f 5203 5202 5158
f 5206 5203 5158
f 5158 5202 5159
f 5202 5201 5159
f 5159 5201 5160
f 5201 5200 5160
f 5160 5200 5161
f 5200 5199 5161
f 5161 5199 5162
f 5199 5198 5162
f 5162 5198 5164
f 5198 5197 5164
f 5164 5197 5165
f 5197 5196 5165
f 5165 5196 5167
f 5167 5196 5166
f 5194 5193 5166
f 5196 5194 5166
f 5166 5193 5169
f 5193 5192 5169
f 5169 5192 5170
f 5192 5191 5170
f 5170 5191 5171
f 5171 5191 5172
f 5190 5189 5172
f 5191 5190 5172
f 5172 5189 5173
f 5189 5188 5173
f 5173 5188 5174
f 5174 5188 5176
f 5187 5186 5176
f 5188 5187 5176
f 5176 5186 5177
f 5177 5186 5179
f 5185 5183 5180
f 5179 5185 5180
f 5180 5183 5181
f 5302 5479 5474
f 5302 5474 5480
f 5303 5477 5479
f 5303 5281 5477
f 5278 5281 5303
f 5304 5306 5305
f 5483 5306 5304
f 5336 5306 5483
f 5336 5307 5306
f 5481 5307 5336
f 5480 5307 5481
f 5487 5299 5259
f 5308 5309 5299
f 5308 5299 5487
f 5308 5466 5309
f 5310 5466 5308
f 5310 5311 5466
f 5310 5305 5311
f 5262 5294 5293
f 5262 5295 5294
f 5261 5297 5295
f 5261 5295 5262
f 5261 5299 5297
f 5259 5299 5261
f 5264 5293 5291
f 5264 5262 5293
f 5265 5264 5291
f 5267 5265 5291
f 5267 5291 5289
f 5267 5289 5288
f 5269 5267 5288
f 5271 5288 5286
f 5271 5269 5288
f 5271 5286 5285
f 5276 5280 5281
f 5276 5281 5278
f 5275 5280 5276
f 5275 5283 5280
f 5275 5284 5283
f 5272 5285 5284
f 5272 5284 5275
f 5273 5285 5272
f 5271 5285 5273
f 5313 5312 5242
f 5312 5467 5239
f 5242 5312 5239
f 5313 5242 5249
f 5466 5313 5249
f 5467 5468 5229
f 5239 5467 5229
f 5466 5249 5256
f 5465 5466 5256
f 5468 5315 5229
f 5314 5465 5256
f 5300 5314 5256
f 5229 5315 5224
f 5315 5469 5224
f 5300 5256 5258
f 5224 5469 5221
f 5300 5258 5257
f 5469 5470 5221
f 5300 5257 5316
f 5300 5316 5301
f 5298 5301 5317
f 5221 5470 5210
f 5470 5471 5210
f 5298 5317 5318
f 5471 5472 5210
f 5472 5473 5210
f 5296 5298 5318
f 5210 5473 5205
f 5473 5319 5205
f 5296 5318 5320
f 5205 5319 5475
f 5320 5321 5296
f 5195 5205 5475
f 5321 5489 5296
f 5296 5489 5292
f 5195 5475 5476
f 5489 5324 5292
f 5195 5476 5322
f 5184 5195 5322
f 5292 5324 5290
f 5184 5322 5281
f 5184 5281 5279
f 5323 5184 5279
f 5324 5329 5290
f 5325 5495 5279
f 5326 5325 5282
f 5326 5282 5283
f 5290 5329 5287
f 5327 5326 5283
f 5328 5327 5283
f 5329 5330 5287
f 5328 5283 5285
f 5287 5330 5285
f 5330 5328 5285
f 5123 5485 5331
f 5123 5133 5485
f 5133 5333 5485
f 5123 5331 5332
f 5117 5123 5332
f 5138 5333 5133
f 5114 5117 5332
f 5114 5332 5335
f 5139 5334 5138
f 5339 5114 5335
f 5139 5336 5334
f 5139 5337 5336
f 5339 5259 5260
f 5339 5335 5259
f 5151 5338 5337
f 5151 5337 5139
f 5151 5340 5338
f 5341 5339 5260
f 5341 5260 5261
f 5154 5340 5151
f 5154 5482 5340
f 5154 5343 5482
f 5342 5261 5263
f 5342 5341 5261
f 5163 5343 5154
f 5344 5343 5163
f 5344 5163 5168
f 5263 5345 5342
f 5266 5345 5263
f 5346 5344 5168
f 5266 5502 5345
f 5346 5168 5178
f 5347 5346 5178
f 5348 5347 5178
f 5268 5502 5266
f 5478 5348 5178
f 5478 5178 5182
f 5268 5349 5502
f 5278 5478 5182
f 5277 5182 5350
f 5277 5278 5182
f 5268 5501 5349
f 5277 5350 5351
f 5268 5500 5501
f 5277 5351 5497
f 5270 5500 5268
f 5275 5277 5497
f 5270 5352 5500
f 5275 5497 5353
f 5274 5275 5353
f 5274 5352 5270
f 5274 5353 5352
f 5183 5354 5181
f 5354 5356 5355
f 5181 5354 5355
f 5495 5358 5357
f 5356 5495 5357
f 5359 5361 5360
f 5358 5359 5360
f 5362 5364 5363
f 5361 5362 5363
f 5364 5366 5365
f 5363 5364 5365
f 5366 5368 5367
f 5365 5366 5367
f 5368 5370 5369
f 5367 5368 5369
f 5370 5372 5371
f 5369 5370 5371
f 5372 5374 5373
f 5371 5372 5373
f 5374 5376 5375
f 5373 5374 5375
f 5376 5378 5377
f 5375 5376 5377
f 5378 5380 5379
f 5377 5378 5379
f 5380 5382 5381
f 5379 5380 5381
f 5381 5382 5383
f 5382 5384 5383
f 5383 5384 5385
f 5384 5386 5385
f 5385 5386 5387
f 5386 5388 5387
f 5388 5390 5389
f 5387 5388 5389
f 5390 5392 5391
f 5389 5390 5391
f 5392 5394 5393
f 5391 5392 5393
f 5394 5396 5395
f 5393 5394 5395
f 5396 5398 5397
f 5395 5396 5397
f 5398 5400 5399
f 5397 5398 5399
f 5400 5402 5401
f 5399 5400 5401
f 5401 5402 5403
f 5402 5404 5403
f 5403 5404 5405
f 5404 5406 5405
f 5405 5406 5407
f 5407 5406 5408
f 5409 5410 5408
f 5406 5409 5408
f 5408 5410 5411
f 5410 5412 5411
f 5411 5412 5413
f 5412 5414 5413
f 5413 5414 5415
f 5414 5416 5415
f 5415 5416 5417
f 5416 5418 5417
f 5417 5418 5419
f 5419 5418 5420
f 5421 5422 5420
f 5418 5421 5420
f 5420 5422 5423
f 5423 5422 5424
f 5425 5426 5424
f 5422 5425 5424
f 5426 5428 5427
f 5424 5426 5427
f 5427 5428 5503
f 5429 5431 5430
f 5428 5429 5430
f 5503 5428 5430
f 5430 5431 5432
f 5432 5431 5433
f 5321 5434 5433
f 5431 5321 5433
f 5433 5434 5504
f 5504 5434 5435
f 5436 5437 5435
f 5434 5436 5435
f 5435 5437 5438
f 5437 5439 5438
f 5438 5439 5440
f 5440 5439 5441
f 5442 5443 5441
f 5439 5442 5441
f 5441 5443 5444
f 5444 5443 5445
f 5446 5447 5445
f 5443 5446 5445
f 5445 5447 5448
f 5447 5449 5448
f 5448 5449 5450
f 5450 5449 5451
f 5452 5453 5451
f 5449 5452 5451
f 5451 5453 5454
f 5454 5453 5455
f 5453 5456 5455
f 5455 5456 5457
f 5458 5459 5457
f 5456 5458 5457
f 5460 5461 5505
f 5459 5460 5505
f 5461 5460 5507
f 5507 5460 5462
f 5462 5463 5105
f 5463 5257 5105
f 5464 5300 5299
f 5309 5314 5300
f 5309 5300 5464
f 5309 5464 5299
f 5465 5314 5309
f 5466 5465 5309
f 5312 5313 5466
f 5312 5466 5311
f 5311 5467 5312
f 5468 5467 5305
f 5305 5467 5311
f 5468 5305 5306
f 5306 5315 5468
f 5469 5315 5306
f 5470 5469 5306
f 5470 5306 5307
f 5471 5470 5307
f 5472 5307 5480
f 5472 5471 5307
f 5473 5472 5480
f 5473 5480 5474
f 5474 5319 5473
f 5475 5474 5479
f 5475 5319 5474
f 5476 5475 5479
f 5476 5479 5477
f 5477 5322 5476
f 5477 5281 5322
f 5478 5278 5303
f 5303 5347 5348
f 5303 5348 5478
f 5303 5346 5347
f 5479 5346 5303
f 5344 5346 5479
f 5344 5479 5302
f 5343 5344 5302
f 5343 5302 5480
f 5480 5482 5343
f 5482 5481 5340
f 5482 5480 5481
f 5338 5340 5481
f 5338 5481 5336
f 5336 5337 5338
f 5304 5334 5336
f 5304 5336 5483
f 5138 5334 5304
f 5333 5138 5304
f 5484 5333 5304
f 5484 5305 5310
f 5484 5304 5305
f 5310 5485 5333
f 5333 5484 5310
f 5310 5332 5331
f 5310 5331 5485
f 5486 5310 5308
f 5486 5332 5310
f 5332 5486 5308
f 5487 5332 5308
f 5487 5335 5332
f 5487 5259 5335
f 5462 5460 5463
f 5317 5301 5463
f 5301 5316 5463
f 5316 5257 5463
f 5317 5463 5460
f 5460 5459 5317
f 5459 5458 5317
f 5317 5458 5318
f 5458 5456 5318
f 5456 5453 5318
f 5453 5452 5318
f 5452 5449 5318
f 5318 5449 5446
f 5449 5447 5446
f 5318 5446 5488
f 5446 5443 5442
f 5446 5442 5488
f 5442 5439 5320
f 5439 5437 5320
f 5488 5442 5320
f 5318 5488 5320
f 5437 5436 5320
f 5436 5434 5320
f 5320 5434 5321
f 5321 5431 5489
f 5431 5429 5489
f 5429 5428 5489
f 5428 5426 5489
f 5426 5425 5489
f 5489 5425 5490
f 5425 5422 5490
f 5422 5421 5490
f 5490 5421 5324
f 5421 5418 5324
f 5418 5416 5324
f 5489 5490 5324
f 5416 5414 5324
f 5414 5412 5324
f 5324 5412 5491
f 5412 5410 5491
f 5491 5410 5409
f 5324 5491 5409
f 5409 5406 5492
f 5406 5404 5492
f 5404 5402 5492
f 5324 5409 5492
f 5329 5324 5492
f 5402 5400 5492
f 5400 5398 5492
f 5398 5396 5493
f 5396 5394 5493
f 5492 5398 5493
f 5329 5492 5493
f 5394 5392 5493
f 5392 5390 5493
f 5390 5388 5330
f 5388 5386 5330
f 5493 5390 5330
f 5329 5493 5330
f 5386 5384 5330
f 5384 5382 5330
f 5382 5380 5328
f 5380 5378 5328
f 5330 5382 5328
f 5378 5376 5328
f 5376 5374 5328
f 5374 5372 5328
f 5372 5370 5328
f 5370 5368 5326
f 5368 5366 5326
f 5328 5370 5326
f 5327 5328 5326
f 5366 5364 5326
f 5364 5362 5326
f 5326 5362 5494
f 5362 5361 5494
f 5361 5359 5494
f 5494 5359 5495
f 5359 5358 5495
f 5325 5326 5495
f 5326 5494 5495
f 5356 5354 5495
f 5354 5183 5495
f 5184 5323 5495
f 5323 5279 5495
f 5183 5184 5495
f 5181 5355 5350
f 5355 5356 5350
f 5356 5357 5350
f 5182 5181 5350
f 5350 5357 5351
f 5357 5358 5351
f 5358 5360 5351
f 5360 5361 5496
f 5361 5363 5496
f 5351 5360 5496
f 5497 5351 5496
f 5496 5363 5497
f 5363 5365 5497
f 5365 5367 5497
f 5367 5369 5497
f 5369 5371 5497
f 5371 5373 5498
f 5497 5371 5498
f 5373 5375 5498
f 5353 5497 5498
f 5375 5377 5498
f 5377 5379 5498
f 5498 5379 5352
f 5379 5381 5352
f 5381 5383 5352
f 5353 5498 5352
f 5383 5385 5352
f 5385 5387 5352
f 5352 5387 5499
f 5387 5389 5499
f 5389 5391 5499
f 5391 5393 5499
f 5393 5395 5499
f 5500 5352 5499
f 5499 5395 5501
f 5395 5397 5501
f 5397 5399 5501
f 5499 5501 5500
f 5399 5401 5501
f 5401 5403 5501
f 5501 5403 5407
f 5403 5405 5407
f 5407 5408 5501
f 5408 5411 5501
f 5501 5411 5349
f 5411 5413 5349
f 5413 5415 5349
f 5415 5417 5349
f 5349 5417 5419
f 5502 5349 5419
f 5420 5423 5502
f 5423 5424 5502
f 5419 5420 5502
f 5424 5427 5345
f 5427 5503 5345
f 5502 5424 5345
f 5430 5432 5503
f 5432 5433 5345
f 5433 5504 5345
f 5503 5432 5345
f 5435 5438 5504
f 5345 5504 5342
f 5438 5440 5342
f 5440 5441 5342
f 5504 5438 5342
f 5342 5441 5444
f 5445 5448 5342
f 5448 5450 5342
f 5444 5445 5342
f 5450 5451 5341
f 5451 5454 5341
f 5342 5450 5341
f 5454 5455 5341
f 5455 5457 5341
f 5341 5457 5505
f 5457 5459 5505
f 5341 5505 5506
f 5505 5461 5506
f 5461 5507 5506
f 5339 5341 5507
f 5341 5506 5507
f 5462 5105 5507
f 5105 5339 5507
f 5509 5510 5508
f 5511 5510 5509
f 5511 5709 5510
f 5512 5709 5511
f 5512 5514 5709
f 5513 5514 5512
f 5513 5654 5514
f 5515 5654 5513
f 5516 5654 5515
f 5517 5654 5516
f 5517 5657 5654
f 5518 5657 5517
f 5518 5520 5657
f 5519 5520 5518
f 5521 5523 5520
f 5521 5520 5519
f 5522 5523 5521
f 5909 5523 5522
f 5524 5526 5525
f 5524 5525 5527
f 5528 5529 5526
f 5528 5526 5524
f 5530 5531 5529
f 5530 5529 5528
f 5532 5533 5531
f 5532 5534 5533
f 5532 5531 5530
f 5535 5534 5532
f 5536 5537 5534
f 5536 5534 5535
f 5538 5539 5537
f 5538 5537 5536
f 5540 5541 5539
f 5540 5542 5541
f 5540 5539 5538
f 5543 5542 5540
f 5544 5545 5542
f 5544 5542 5543
f 5546 5547 5545
f 5546 5545 5544
f 5548 5549 5547
f 5548 5547 5546
f 5550 5551 5549
f 5550 5552 5551
f 5550 5549 5548
f 5553 5552 5550
f 5554 5555 5552
f 5554 5552 5553
f 5556 5557 5555
f 5556 5555 5554
f 5558 5559 5557
f 5558 5557 5556
f 5560 5561 5559
f 5560 5559 5558
f 5562 5561 5560
f 5562 5563 5561
f 5562 5564 5563
f 5565 5564 5562
f 5565 5566 5564
f 5567 5566 5565
f 5568 5566 5567
f 5568 5569 5566
f 5570 5571 5569
f 5570 5569 5568
f 5572 5573 5571
f 5572 5571 5570
f 5574 5575 5573
f 5574 5573 5572
f 5576 5577 5575
f 5576 5575 5574
f 5578 5579 5577
f 5578 5577 5576
f 5580 5581 5579
f 5580 5579 5578
f 5582 5583 5581
f 5582 5581 5580
f 5584 5585 5583
f 5584 5583 5582
f 5586 5587 5585
f 5586 5585 5584
f 5588 5589 5587
f 5588 5590 5589
f 5588 5587 5586
f 5591 5590 5588
f 5592 5593 5590
f 5592 5590 5591
f 5594 5595 5593
f 5594 5593 5592
f 5596 5597 5595
f 5596 5595 5594
f 5598 5599 5597
f 5598 5597 5596
f 5600 5601 5599
f 5600 5599 5598
f 5602 5603 5601
f 5602 5601 5600
f 5604 5605 5603
f 5604 5603 5602
f 5606 5607 5605
f 5606 5608 5607
f 5606 5605 5604
f 5609 5608 5606
f 5610 5608 5609
f 5610 5611 5608
f 5612 5611 5610
f 5612 5613 5611
f 5614 5613 5612
f 5614 5615 5613
f 5616 5615 5614
f 5616 5617 5615
f 5618 5617 5616
f 5618 5619 5617
f 5620 5619 5618
f 5620 5621 5619
f 5622 5621 5620
f 5622 5623 5621
f 5624 5623 5622
f 5624 5625 5623
f 5626 5625 5624
f 5626 5627 5625
f 5628 5627 5626
f 5628 5629 5627
f 5630 5629 5628
f 5630 5631 5629
f 5632 5631 5630
f 5632 5633 5631
f 5634 5633 5632
f 5634 5635 5633
f 5636 5637 5635
f 5636 5635 5634
f 5638 5639 5637
f 5638 5637 5636
f 5640 5641 5639
f 5640 5639 5638
f 5642 5643 5641
f 5642 5641 5640
f 5644 5645 5643
f 5644 5643 5642
f 5646 5647 5645
f 5646 5645 5644
f 5648 5649 5647
f 5648 5650 5649
f 5648 5647 5646
f 5651 5650 5648
f 5655 5652 5654
f 5655 5654 5657
f 5660 5658 5656
f 5660 5656 5655
f 5660 5655 5657
f 5686 5673 5660
f 5660 5657 5520
f 5673 5659 5658
f 5661 5662 5659
f 5661 5663 5662
f 5661 5664 5663
f 5661 5665 5664
f 5661 5666 5665
f 5661 5667 5666
f 5661 5668 5667
f 5661 5669 5668
f 5661 5670 5669
f 5661 5671 5670
f 5673 5658 5660
f 5672 5659 5673
f 5672 5661 5659
f 5520 5686 5660
f 5685 5686 5520
f 5674 5676 5675
f 5674 5677 5676
f 5674 5678 5677
f 5674 5679 5678
f 5674 5680 5679
f 5674 5681 5680
f 5674 5682 5681
f 5674 5683 5682
f 5674 5684 5683
f 5688 5672 5673
f 5685 5520 5523
f 5686 5688 5673
f 5687 5691 5674
f 5687 5674 5675
f 5689 5694 5688
f 5690 5686 5685
f 5690 5685 5523
f 5692 5688 5686
f 5690 5692 5686
f 5691 5693 5653
f 5695 5688 5692
f 5695 5689 5688
f 5692 5690 5523
f 5698 5693 5691
f 5704 5691 5687
f 5695 5692 5523
f 5703 5698 5691
f 5696 5687 5694
f 5696 5704 5687
f 5703 5691 5704
f 5696 5694 5689
f 5697 5689 5695
f 5697 5695 5523
f 5705 5776 5698
f 5702 5699 5776
f 5703 5705 5698
f 5700 5689 5697
f 5700 5696 5689
f 5696 5700 5701
f 5706 5702 5776
f 5706 5776 5705
f 5705 5703 5706
f 5707 5708 5703
f 5701 5704 5696
f 5708 5706 5703
f 5701 5703 5704
f 5701 5707 5703
f 5658 5726 5656
f 5711 5510 5709
f 5710 5709 5514
f 5717 5711 5709
f 5714 5510 5711
f 5712 5709 5710
f 5712 5717 5709
f 5712 5710 5514
f 5713 5514 5654
f 5716 5712 5514
f 5716 5514 5713
f 5716 5654 5652
f 5716 5713 5654
f 5714 5711 5717
f 5727 5718 5510
f 5727 5510 5714
f 5715 5714 5717
f 5717 5712 5716
f 5716 5652 5655
f 5723 5715 5717
f 5721 5718 5727
f 5725 5727 5714
f 5719 5716 5655
f 5719 5655 5656
f 5719 5717 5716
f 5714 5715 5723
f 5720 5723 5717
f 5728 5725 5714
f 5722 5720 5717
f 5722 5717 5719
f 5722 5719 5656
f 5724 5721 5727
f 5730 5727 5725
f 5729 5714 5723
f 5729 5728 5714
f 5656 5723 5720
f 5656 5726 5723
f 5656 5720 5722
f 5731 5721 5724
f 5731 5732 5721
f 5734 5728 5729
f 5731 5747 5732
f 5745 5724 5727
f 5745 5727 5730
f 5745 5731 5724
f 5733 5735 5734
f 5733 5736 5735
f 5733 5737 5736
f 5733 5738 5737
f 5733 5739 5738
f 5733 5740 5739
f 5733 5741 5740
f 5733 5742 5741
f 5733 5743 5742
f 5733 5744 5743
f 5733 5729 5744
f 5733 5734 5729
f 5748 5732 5747
f 5747 5731 5745
f 5749 5747 5745
f 5763 5749 5745
f 5763 5745 5746
f 5750 5763 5746
f 5764 5748 5747
f 5750 5751 5763
f 5750 5752 5751
f 5750 5753 5752
f 5750 5754 5753
f 5750 5755 5754
f 5750 5756 5755
f 5750 5757 5756
f 5750 5758 5757
f 5750 5759 5758
f 5750 5760 5759
f 5750 5761 5760
f 5750 5746 5761
f 5771 5764 5747
f 5764 5762 5748
f 5767 5747 5749
f 5767 5771 5747
f 5767 5749 5763
f 5765 5767 5763
f 5771 5769 5764
f 5767 5765 5766
f 5770 5768 5764
f 5770 5764 5769
f 5773 5771 5767
f 5773 5766 5693
f 5773 5767 5766
f 5774 5769 5771
f 5774 5770 5769
f 5773 5693 5698
f 5775 5774 5771
f 5772 5770 5774
f 5773 5698 5776
f 5773 5775 5771
f 5775 5773 5776
f 5776 5774 5775
f 5776 5699 5777
f 5776 5777 5774
f 5778 5780 5779
f 5781 5783 5782
f 5781 5784 5783
f 5785 5787 5786
f 5788 5789 5781
f 5790 5792 5791
f 5793 5781 5782
f 5793 5788 5781
f 5793 5790 5791
f 5793 5782 5794
f 5793 5791 5788
f 5795 5797 5796
f 5798 5799 5793
f 5800 5798 5793
f 5801 5803 5802
f 5644 5648 5646
f 5644 5651 5648
f 5804 5802 5805
f 5804 5806 5801
f 5804 5801 5802
f 5807 5808 5804
f 5638 5642 5640
f 5638 5644 5642
f 5809 5807 5804
f 5632 5636 5634
f 5810 5812 5811
f 5630 5644 5638
f 5630 5636 5632
f 5630 5787 5785
f 5630 5638 5636
f 5630 5813 5651
f 5630 5814 5813
f 5630 5815 5814
f 5630 5816 5815
f 5630 5795 5816
f 5630 5797 5795
f 5630 5817 5797
f 5630 5818 5817
f 5630 5785 5818
f 5630 5651 5644
f 5819 5811 5809
f 5819 5810 5811
f 5820 5809 5804
f 5820 5819 5809
f 5624 5628 5626
f 5821 5822 5820
f 5821 5823 5822
f 5620 5624 5622
f 5824 5821 5820
f 5618 5628 5624
f 5618 5624 5620
f 5618 5630 5628
f 5616 5630 5618
f 5825 5826 5824
f 5825 5824 5820
f 5827 5825 5820
f 5612 5616 5614
f 5828 5827 5820
f 5829 5830 5828
f 5831 5829 5828
f 5604 5609 5606
f 5604 5610 5609
f 5832 5804 5805
f 5832 5820 5804
f 5832 5831 5828
f 5832 5828 5820
f 5832 5805 5800
f 5602 5612 5610
f 5602 5616 5612
f 5602 5610 5604
f 5833 5793 5794
f 5833 5800 5793
f 5833 5832 5800
f 5596 5600 5598
f 5594 5602 5600
f 5594 5600 5596
f 5834 5835 5833
f 5834 5836 5835
f 5834 5837 5836
f 5834 5833 5794
f 5834 5794 5780
f 5591 5594 5592
f 5527 5838 5834
f 5527 5839 5838
f 5586 5591 5588
f 5586 5594 5591
f 5582 5586 5584
f 5530 5524 5527
f 5530 5528 5524
f 5530 5527 5834
f 5530 5780 5778
f 5530 5778 5787
f 5530 5834 5780
f 5580 5586 5582
f 5576 5580 5578
f 5536 5535 5532
f 5572 5576 5574
f 5572 5580 5576
f 5540 5532 5530
f 5540 5538 5536
f 5540 5536 5532
f 5543 5540 5530
f 5568 5580 5572
f 5568 5572 5570
f 5546 5544 5543
f 5546 5543 5530
f 5562 5594 5586
f 5562 5586 5580
f 5562 5567 5565
f 5562 5568 5567
f 5562 5580 5568
f 5550 5548 5546
f 5550 5530 5787
f 5550 5546 5530
f 5558 5562 5560
f 5558 5594 5562
f 5554 5553 5550
f 5556 5602 5594
f 5556 5787 5630
f 5556 5630 5616
f 5556 5554 5550
f 5556 5550 5787
f 5556 5594 5558
f 5556 5616 5602
f 5813 5650 5651
f 5813 5840 5650
f 5814 5841 5840
f 5814 5842 5841
f 5814 5840 5813
f 5815 5842 5814
f 5816 5843 5842
f 5816 5844 5843
f 5816 5842 5815
f 5795 5844 5816
f 5796 5845 5844
f 5796 5844 5795
f 5797 5846 5845
f 5797 5845 5796
f 5817 5847 5846
f 5817 5848 5847
f 5817 5846 5797
f 5818 5848 5817
f 5785 5849 5848
f 5785 5848 5818
f 5786 5850 5849
f 5786 5849 5785
f 5787 5851 5850
f 5787 5850 5786
f 5778 5852 5851
f 5778 5851 5787
f 5779 5853 5852
f 5779 5852 5778
f 5780 5854 5853
f 5780 5853 5779
f 5794 5855 5854
f 5794 5854 5780
f 5782 5856 5855
f 5782 5855 5794
f 5783 5857 5856
f 5783 5856 5782
f 5784 5857 5783
f 5784 5858 5857
f 5781 5858 5784
f 5781 5859 5858
f 5789 5859 5781
f 5789 5860 5859
f 5788 5860 5789
f 5788 5861 5860
f 5791 5862 5861
f 5791 5861 5788
f 5792 5863 5862
f 5792 5862 5791
f 5790 5864 5863
f 5790 5863 5792
f 5793 5865 5864
f 5793 5864 5790
f 5799 5866 5865
f 5799 5867 5866
f 5799 5865 5793
f 5798 5868 5867
f 5798 5867 5799
f 5800 5868 5798
f 5805 5869 5868
f 5805 5868 5800
f 5802 5870 5869
f 5802 5869 5805
f 5803 5871 5870
f 5803 5870 5802
f 5801 5872 5871
f 5801 5871 5803
f 5806 5873 5872
f 5806 5872 5801
f 5804 5874 5873
f 5804 5873 5806
f 5808 5875 5874
f 5808 5874 5804
f 5807 5876 5875
f 5807 5875 5808
f 5809 5877 5876
f 5809 5876 5807
f 5811 5878 5877
f 5811 5877 5809
f 5812 5879 5878
f 5812 5878 5811
f 5810 5880 5879
f 5810 5879 5812
f 5819 5881 5880
f 5819 5880 5810
f 5820 5881 5819
f 5820 5882 5881
f 5820 5883 5882
f 5822 5883 5820
f 5823 5883 5822
f 5823 5884 5883
f 5821 5884 5823
f 5821 5885 5884
f 5824 5885 5821
f 5824 5886 5885
f 5826 5886 5824
f 5826 5887 5886
f 5825 5887 5826
f 5825 5888 5887
f 5827 5888 5825
f 5827 5889 5888
f 5828 5889 5827
f 5828 5890 5889
f 5830 5890 5828
f 5830 5891 5890
f 5829 5891 5830
f 5829 5892 5891
f 5831 5892 5829
f 5831 5893 5892
f 5832 5893 5831
f 5832 5894 5893
f 5833 5894 5832
f 5833 5895 5894
f 5835 5896 5895
f 5835 5895 5833
f 5836 5897 5896
f 5836 5896 5835
f 5837 5898 5897
f 5837 5897 5836
f 5834 5899 5898
f 5834 5898 5837
f 5838 5900 5899
f 5838 5899 5834
f 5839 5901 5900
f 5839 5900 5838
f 5527 5525 5901
f 5527 5901 5839
f 5854 5855 5903
f 5856 5903 5855
f 5853 5854 5903
f 5853 5903 5902
f 5857 5903 5856
f 5852 5853 5902
f 5858 5905 5903
f 5858 5903 5857
f 5851 5852 5902
f 5859 5905 5858
f 5850 5851 5902
f 5860 5905 5859
f 5849 5850 5902
f 5849 5902 5904
f 5861 5905 5860
f 5861 5907 5905
f 5848 5849 5904
f 5862 5907 5861
f 5847 5848 5904
f 5863 5907 5862
f 5846 5847 5904
f 5864 5907 5863
f 5845 5904 5906
f 5845 5846 5904
f 5865 5907 5864
f 5844 5845 5906
f 5866 5907 5865
f 5866 5908 5907
f 5843 5844 5906
f 5867 5908 5866
f 5842 5843 5906
f 5868 5908 5867
f 5841 5906 5909
f 5841 5842 5906
f 5869 5908 5868
f 5840 5841 5909
f 5870 5908 5869
f 5870 5910 5908
f 5650 5840 5909
f 5871 5910 5870
f 5649 5650 5909
f 5872 5910 5871
f 5647 5649 5909
f 5647 5909 5522
f 5873 5910 5872
f 5645 5647 5522
f 5874 5910 5873
f 5874 5911 5910
f 5643 5645 5522
f 5875 5911 5874
f 5641 5643 5522
f 5876 5911 5875
f 5639 5641 5522
f 5639 5522 5521
f 5877 5911 5876
f 5637 5639 5521
f 5878 5912 5911
f 5878 5911 5877
f 5635 5637 5521
f 5879 5912 5878
f 5633 5635 5521
f 5880 5912 5879
f 5631 5633 5521
f 5631 5521 5519
f 5881 5912 5880
f 5629 5631 5519
f 5882 5912 5881
f 5627 5629 5519
f 5883 5912 5882
f 5625 5627 5519
f 5884 5913 5912
f 5884 5912 5883
f 5623 5625 5519
f 5885 5913 5884
f 5621 5623 5519
f 5886 5913 5885
f 5518 5619 5621
f 5518 5621 5519
f 5887 5913 5886
f 5888 5913 5887
f 5518 5617 5619
f 5518 5615 5617
f 5914 5913 5888
f 5914 5888 5889
f 5518 5613 5615
f 5914 5889 5890
f 5914 5890 5891
f 5518 5611 5613
f 5914 5891 5892
f 5518 5608 5611
f 5517 5607 5608
f 5517 5608 5518
f 5914 5892 5893
f 5914 5893 5894
f 5517 5603 5605
f 5517 5605 5607
f 5914 5894 5895
f 5517 5601 5603
f 5915 5895 5896
f 5915 5914 5895
f 5517 5597 5599
f 5517 5599 5601
f 5915 5896 5897
f 5915 5897 5898
f 5516 5597 5517
f 5516 5593 5595
f 5516 5595 5597
f 5915 5898 5899
f 5508 5899 5900
f 5508 5915 5899
f 5516 5590 5593
f 5508 5900 5901
f 5516 5589 5590
f 5508 5901 5525
f 5515 5587 5589
f 5515 5589 5516
f 5508 5525 5526
f 5515 5585 5587
f 5508 5526 5529
f 5515 5581 5583
f 5515 5583 5585
f 5509 5529 5531
f 5509 5508 5529
f 5515 5579 5581
f 5509 5531 5533
f 5513 5579 5515
f 5513 5577 5579
f 5509 5533 5534
f 5509 5534 5537
f 5513 5573 5575
f 5513 5575 5577
f 5509 5537 5539
f 5513 5571 5573
f 5509 5539 5541
f 5513 5569 5571
f 5511 5509 5541
f 5511 5541 5542
f 5511 5542 5545
f 5512 5569 5513
f 5512 5566 5569
f 5511 5545 5547
f 5512 5564 5566
f 5511 5547 5549
f 5512 5561 5563
f 5512 5563 5564
f 5511 5549 5551
f 5511 5551 5552
f 5512 5559 5561
f 5511 5552 5555
f 5512 5555 5557
f 5512 5557 5559
f 5512 5511 5555
f 5909 5697 5523
f 5909 5700 5697
f 5906 5700 5909
f 5906 5701 5700
f 5904 5701 5906
f 5902 5701 5904
f 5902 5707 5701
f 5902 5708 5707
f 5903 5708 5902
f 5903 5706 5708
f 5905 5706 5903
f 5907 5702 5706
f 5907 5706 5905
f 5908 5699 5702
f 5908 5702 5907
f 5910 5699 5908
f 5910 5777 5699
f 5911 5774 5777
f 5911 5777 5910
f 5911 5772 5774
f 5912 5770 5772
f 5912 5772 5911
f 5912 5768 5770
f 5912 5764 5768
f 5913 5764 5912
f 5913 5762 5764
f 5914 5762 5913
f 5914 5748 5762
f 5914 5732 5748
f 5915 5732 5914
f 5915 5721 5732
f 5508 5718 5721
f 5508 5721 5915
f 5508 5510 5718
f 5916 5672 5688
f 5916 5661 5672
f 5688 5694 5916
f 5916 5694 5687
f 5916 5687 5675
f 5693 5691 5653
f 5917 5674 5691
f 5917 5691 5693
f 5693 5766 5917
f 5917 5766 5765
f 5917 5765 5763
f 5918 5763 5751
f 5918 5917 5763
f 5919 5746 5745
f 5919 5761 5746
f 5919 5745 5730
f 5919 5730 5725
f 5919 5725 5728
f 5919 5728 5734
f 5920 5744 5729
f 5920 5729 5723
f 5920 5723 5726
f 5920 5726 5658
f 5921 5920 5658
f 5922 5659 5662
f 5921 5658 5659
f 5921 5659 5922
f 5923 5918 5924
f 5923 5917 5918
f 5925 5926 5919
f 5927 5923 5924
f 5927 5924 5928
f 5929 5930 5926
f 5929 5926 5925
f 5931 5927 5928
f 5931 5928 5932
f 5933 5930 5929
f 5933 5934 5930
f 5935 5931 5932
f 5935 5932 5936
f 5937 5938 5934
f 5937 5934 5933
f 5939 5935 5936
f 5939 5936 5940
f 5941 5938 5937
f 5941 5942 5938
f 5943 5939 5940
f 5943 5940 5944
f 5945 5942 5941
f 5945 5946 5942
f 5947 5943 5944
f 5947 5944 5948
f 5949 5946 5945
f 5949 5950 5946
f 5951 5947 5948
f 5951 5948 5952
f 5953 5950 5949
f 5953 5952 5950
f 5954 5952 5953
f 5954 5951 5952
f 5955 5956 5951
f 5955 5951 5954
f 5957 5953 5958
f 5957 5954 5953
f 5959 5960 5956
f 5959 5956 5955
f 5961 5958 5962
f 5961 5957 5958
f 5963 5964 5960
f 5963 5960 5959
f 5965 5961 5962
f 5965 5962 5966
f 5967 5968 5964
f 5967 5969 5968
f 5967 5964 5963
f 5970 5965 5966
f 5970 5966 5971
f 5972 5969 5967
f 5972 5973 5969
f 5974 5970 5971
f 5974 5971 5975
f 5976 5973 5972
f 5977 5974 5975
f 5977 5975 5978
f 5979 5973 5976
f 5979 5980 5973
f 5981 5977 5978
f 5981 5978 5982
f 5916 5980 5979
f 5922 5982 5920
f 5922 5981 5982
f 5921 5922 5920
f 5675 5980 5916
f 5676 5973 5980
f 5676 5980 5675
f 5677 5969 5973
f 5677 5973 5676
f 5968 5969 5677
f 5678 5964 5968
f 5678 5968 5677
f 5679 5956 5960
f 5679 5960 5964
f 5679 5964 5678
f 5680 5951 5956
f 5680 5956 5679
f 5681 5943 5947
f 5681 5947 5951
f 5681 5951 5680
f 5682 5939 5943
f 5682 5943 5681
f 5683 5931 5935
f 5683 5935 5939
f 5683 5939 5682
f 5684 5923 5927
f 5684 5927 5931
f 5684 5931 5683
f 5674 5917 5923
f 5674 5923 5684
f 5751 5924 5918
f 5752 5928 5924
f 5752 5924 5751
f 5753 5932 5928
f 5753 5928 5752
f 5936 5932 5753
f 5754 5940 5936
f 5754 5936 5753
f 5755 5948 5944
f 5755 5944 5940
f 5755 5940 5754
f 5756 5952 5948
f 5756 5948 5755
f 5757 5946 5950
f 5757 5950 5952
f 5757 5952 5756
f 5758 5942 5946
f 5758 5946 5757
f 5759 5934 5938
f 5759 5938 5942
f 5759 5942 5758
f 5760 5926 5930
f 5760 5930 5934
f 5760 5934 5759
f 5761 5919 5926
f 5761 5926 5760
f 5662 5981 5922
f 5663 5977 5981
f 5663 5981 5662
f 5664 5974 5977
f 5664 5977 5663
f 5970 5974 5664
f 5665 5965 5970
f 5665 5970 5664
f 5666 5957 5961
f 5666 5961 5965
f 5666 5965 5665
f 5667 5954 5957
f 5667 5957 5666
f 5668 5959 5955
f 5668 5955 5954
f 5668 5954 5667
f 5669 5963 5959
f 5669 5959 5668
f 5670 5972 5967
f 5670 5967 5963
f 5670 5963 5669
f 5671 5979 5976
f 5671 5976 5972
f 5671 5972 5670
f 5661 5916 5979
f 5661 5979 5671
f 5734 5925 5919
f 5735 5929 5925
f 5735 5925 5734
f 5736 5933 5929
f 5736 5929 5735
f 5937 5933 5736
f 5737 5941 5937
f 5737 5937 5736
f 5738 5949 5945
f 5738 5945 5941
f 5738 5941 5737
f 5739 5953 5949
f 5739 5949 5738
f 5740 5962 5958
f 5740 5958 5953
f 5740 5953 5739
f 5741 5966 5962
f 5741 5962 5740
f 5742 5975 5971
f 5742 5971 5966
f 5742 5966 5741
f 5743 5982 5978
f 5743 5978 5975
f 5743 5975 5742
f 5744 5920 5982
f 5744 5982 5743
