time_s,phase,leg_length_mm,chassis_y_m,chassis_z_m,vertical_velocity_m_s,pitch_deg,ground_wheel_contacts,step_wheel_contacts,both_wheels_on_step_top,max_hip_torque_nm,max_wheel_torque_nm,max_abs_pitch_deg,max_abs_vertical_speed_m_s,safety_failure_reason
0.0,APPROACH,89.99999999911282,0.0,0.0817,0.0,0.0,0,0,False,0.0,0.152,0.0,0.0,
0.001,APPROACH,89.99999999911282,-3.236567100611498e-07,0.08168991258261574,-0.010087417384254496,0.0,0,0,False,0.029911874368256167,0.14766215549255293,0.0,0.010087417384254496,
0.002,APPROACH,89.99855292808867,1.0491197842426695e-06,0.08167049546621045,-0.019417116405284006,0.0007430217208649872,4,0,False,0.1818270003227167,0.13064005324274142,0.0007430217208649872,0.019417116405284006,
0.003,APPROACH,89.98574893046685,7.633751505893027e-06,0.08164471144567924,-0.02578402053121287,0.0047023502340194576,4,0,False,0.21953225094160866,0.09462770894029748,0.0047023502340194576,0.02578402053121287,
0.004,APPROACH,89.96772481573811,1.7857301614581545e-05,0.0816149074840176,-0.029803961661637474,0.015609960211552464,4,0,False,0.25025926958675077,0.06892743220382609,0.015609960211552464,0.029803961661637474,
0.005,APPROACH,89.94675253584363,3.0874647749291504e-05,0.08158266682934202,-0.03224065467558291,0.03138292924966103,4,0,False,0.2680165491437502,0.048999411515351754,0.03138292924966103,0.03224065467558291,
0.006,APPROACH,89.92438577017133,4.590261632971926e-05,0.08154906571623247,-0.03360111310956042,0.05084875488170186,4,0,False,0.27899327510406574,0.03425089416131621,0.05084875488170186,0.03360111310956042,
0.007,APPROACH,89.90161254325388,6.236218750518528e-05,0.08151480261277307,-0.03426310345940351,0.07295982452349896,4,0,False,0.2852435261132463,0.023322453066043004,0.07295982452349896,0.03426310345940351,
0.008,APPROACH,89.87903503025882,7.980723947406219e-05,0.08148032259056937,-0.034480022203704865,0.09694416354543971,4,0,False,0.28881299145709394,0.015314785578116177,0.09694416354543971,0.034480022203704865,
0.009000000000000001,APPROACH,89.85699630597755,9.790563106430234e-05,0.08144590359987117,-0.03441899069820367,0.12221274446092262,4,0,False,0.2909006805572151,0.009472832557562764,0.12221274446092262,0.034480022203704865,
0.010000000000000002,APPROACH,89.83567462699192,0.00011641097046856261,0.08141171807690405,-0.034185522967117986,0.14832977125183675,4,0,False,0.29228558762572004,0.005230815955876839,0.14832977125183675,0.034480022203704865,
0.011000000000000003,APPROACH,89.81514757967622,0.0001351421863137717,0.08137787393100607,-0.033844145897981834,0.17497424344355295,4,0,False,0.2934108415644763,0.0021600547002417203,0.17497424344355295,0.034480022203704865,
0.012000000000000004,APPROACH,89.79543449309878,0.0001539667255248301,0.08134444104696273,-0.033432884043333534,0.2019120788782076,4,0,False,0.2945124919243651,5.7152282061821366e-05,0.2019120788782076,0.034480022203704865,
0.013000000000000005,APPROACH,89.77652321056397,0.00017278782557451488,0.08131146770843117,-0.032973338531561154,0.22897358268950846,4,0,False,0.2956963470686119,0.0016548650346885681,0.22897358268950846,0.034480022203704865,
0.014000000000000005,APPROACH,89.75838630051199,0.00019153490170733127,0.08127899037583257,-0.032477332598598294,0.25603647164796434,4,0,False,0.2978154814040521,0.0028042476482600266,0.25603647164796434,0.034480022203704865,
0.015000000000000006,APPROACH,89.74099037667389,0.0002101564331830736,0.08124703922606465,-0.03195114976791616,0.2830131151145978,4,0,False,0.30044301545360785,0.003629994174033438,0.2830131151145978,0.034480022203704865,
0.016000000000000007,APPROACH,89.7243011106525,0.00022861474341904256,0.08121564109834667,-0.03139812771797309,0.3098411109177212,4,0,False,0.3028148387976364,0.0042227074737680465,0.3098411109177212,0.034480022203704865,
0.017000000000000008,APPROACH,89.70828566431229,0.0002468821993489567,0.08118482091944522,-0.03082017890145204,0.3364763735764039,4,0,False,0.30499067590807183,0.004648140690221651,0.3364763735764039,0.034480022203704865,
0.01800000000000001,APPROACH,89.69291365586851,0.0002649384555103494,0.0811546022843211,-0.030218635124124225,0.36288809737768135,4,0,False,0.30700631646628374,0.004953992020528932,0.36288809737768135,0.034480022203704865,
0.01900000000000001,APPROACH,89.678157348957,0.0002827684600217803,0.08112500760093586,-0.02959468338525196,0.38905509759537793,4,0,False,0.3088834907694107,0.005174862113271679,0.38905509759537793,0.034480022203704865,
0.02000000000000001,APPROACH,89.66399147291455,0.0003003610121615177,0.08109605803531124,-0.028949565624622055,0.4149631569840248,4,0,False,0.31063585291145923,0.0053358498421470675,0.4149631569840248,0.034480022203704865,
0.02100000000000001,APPROACH,89.65039290322055,0.0003177077177577996,0.08106777338545144,-0.02828464985979885,0.4406031013247662,4,0,False,0.3122725024288706,0.005455153053809407,0.4406031013247662,0.034480022203704865,
0.022000000000000013,APPROACH,89.63734032122711,0.00033480223102524785,0.08104017194855125,-0.02760143690019342,0.46596940221519023,4,0,False,0.3137999940069818,0.005545948030240961,0.46596940221519023,0.034480022203704865,
0.023000000000000013,APPROACH,89.62481390798058,0.0003516397027685998,0.08101327040940717,-0.02690153914406611,0.49105916083903217,4,0,False,0.31522344790636286,0.005617748968762628,0.49105916083903217,0.034480022203704865,
0.024000000000000014,APPROACH,89.61279509133786,0.0003682163775855472,0.08098708375849065,-0.02618665091652791,0.5158713672843804,4,0,False,0.31654714392778277,0.005677393553425895,0.5158713672843804,0.034480022203704865,
0.025000000000000015,APPROACH,89.60126634740656,0.0003845292990184225,0.08096162523874759,-0.02545851974305976,0.5404063596023414,4,0,False,0.3177748307191784,0.005729759743113969,0.5404063596023414,0.034480022203704865,
0.026000000000000016,APPROACH,89.5902110492492,0.00040057609324798326,0.08093690631643674,-0.02471892231084848,0.5646654281138036,4,0,False,0.3189098859108696,0.005778289033045048,0.5646654281138036,0.034480022203704865,
0.027000000000000017,APPROACH,89.57961335322406,0.0004163548102005615,0.08091293667051323,-0.023969645923508788,0.5886505257297497,4,0,False,0.3199554030696106,0.005825369940882114,0.5886505257297497,0.034480022203704865,
0.028000000000000018,APPROACH,89.56945811351856,0.0004318638068199452,0.08088972419563123,-0.02321247488199903,0.6123640559476082,4,0,False,0.3209142459084874,0.005872620113747711,0.6123640559476082,0.034480022203704865,
0.02900000000000002,APPROACH,89.55973081680894,0.00044710166143881565,0.08086727501490844,-0.022449180722785168,0.6358087179701051,4,0,False,0.3217890897384732,0.0059210945457927305,0.6358087179701051,0.034480022203704865,
0.03000000000000002,APPROACH,89.5504175306945,0.0004620671111718064,0.08084559349971907,-0.021681515189376128,0.6589873939660187,4,0,False,0.32258245891665477,0.005971439664827901,0.6589873939660187,0.034480022203704865,
0.03100000000000002,APPROACH,89.5415048611904,0.00047675900639662254,0.08082468229475871,-0.02091120496034776,0.681903067498008,4,0,False,0.3232967632525574,0.0060240075631067674,0.681903067498008,0.034480022203704865,
0.03200000000000002,APPROACH,89.53297991595228,0.0004911762779389831,0.0808045423473866,-0.020139947372119864,0.7045587650369194,4,0,False,0.32393433362037055,0.006078940747391065,0.7045587650369194,0.034480022203704865,
0.03300000000000002,APPROACH,89.5248302710016,0.0005053179137044331,0.08078517294079583,-0.01936940659076954,0.7269575145856341,4,0,False,0.32449745596426305,0.006136234995589516,0.7269575145856341,0.034480022203704865,
0.03400000000000002,APPROACH,89.5170439395448,0.0005191829423263252,0.08076657173092135,-0.01860120987448426,0.7491023169740461,4,0,False,0.3249884026545254,0.00619578590297074,0.7491023169740461,0.034480022203704865,
0.035000000000000024,APPROACH,89.50960934207296,0.0005327704220089994,0.08074873478720355,-0.017836943717797503,0.7709961265189362,4,0,False,0.32540946028782847,0.00625742324855442,0.7709961265189362,0.034480022203704865,
0.036000000000000025,APPROACH,89.50251527734173,0.000546079433198091,0.08073165663742227,-0.017078149781288236,0.7926418385802293,4,0,False,0.3257629532909727,0.006320936253072156,0.7926418385802293,0.034480022203704865,
0.037000000000000026,APPROACH,89.49575089410855,0.0005591090740480977,0.08071533031683122,-0.01632632059105504,0.8140422821680823,4,0,False,0.32605126296231907,0.006386092020770787,0.8140422821680823,0.034480022203704865,
0.03800000000000003,APPROACH,89.48930566367846,0.0005718584579111272,0.0806997474217841,-0.015582895047120411,0.8352002162202344,4,0,False,0.3262768418252411,0.006452648881305886,0.8352002162202344,0.034480022203704865,
0.03900000000000003,APPROACH,89.48316935341327,0.0005843267122618105,0.08068489816796916,-0.014849253814931946,0.8561183285172377,4,0,False,0.32644222335484596,0.006520365918527508,0.8561183285172377,0.034480022203704865,
0.04000000000000003,APPROACH,89.47733200141303,0.0005965129786177776,0.08067077145327502,-0.014126714694145394,0.8767992364642955,4,0,False,0.32655002728215854,0.0065890096527989545,0.8767992364642955,0.034480022203704865,
0.04100000000000003,APPROACH,89.47178389259331,0.0006084164131243294,0.08065735492520704,-0.013416528067981572,0.8972454891646328,4,0,False,0.326602960777493,0.006658358602176606,0.8972454891646328,0.034480022203704865,
0.04200000000000003,APPROACH,89.46651553637814,0.0006200361877809672,0.08064463505188431,-0.012719873322729638,0.9174595703565905,4,0,False,0.32660369654048277,0.006728207194566457,0.9174595703565905,0.034480022203704865,
0.04300000000000003,APPROACH,89.46151765905434,0.0006313714978009107,0.08063259717440549,-0.012037877478812745,0.9374439020868436,4,0,False,0.32655204422544515,0.006798392316854699,0.9374439020868436,0.034480022203704865,
0.04400000000000003,APPROACH,89.45678150357226,0.0006424215746354584,0.08062122548490486,-0.011371689500639666,0.9572008537363509,4,0,False,0.32644867843744296,0.0068688288958866466,0.9572008537363509,0.034480022203704865,
0.04500000000000003,APPROACH,89.45229876009647,0.0006531856657711294,0.08061050302448558,-0.010722460419280922,0.976732757911655,4,0,False,0.32629565264714316,0.006939322764365754,0.976732757911655,0.034480022203704865,
0.046000000000000034,APPROACH,89.44806133831798,0.0006636630260079705,0.0806004117367803,-0.01009128770528415,0.9960418892070687,4,0,False,0.3260960186642684,0.007009640046054139,0.9960418892070687,0.034480022203704865,
0.047000000000000035,APPROACH,89.4440612161868,0.0006738529206626295,0.08059093256437348,-0.0094791724068113,1.0151304568067039,4,0,False,0.325853641849805,0.007079578358140611,1.0151304568067039,0.034480022203704865,
0.048000000000000036,APPROACH,89.4402903510411,0.0006837546310403998,0.08058204557487372,-0.008886989499762361,1.0340006111527555,4,0,False,0.32557289060420286,0.007148981522305328,1.0340006111527555,0.034480022203704865,
0.04900000000000004,APPROACH,89.43674063698694,0.0006933674600107563,0.08057373010414455,-0.008315470729176136,1.052654453413501,4,0,False,0.3252583831422092,0.00721774123115192,1.052654453413501,0.034480022203704865,
0.05000000000000004,APPROACH,89.43340389456775,0.0007026907362780595,0.08056596490674013,-0.007765197404417434,1.0710940451607693,4,0,False,0.32491478224225145,0.007285790117640167,1.0710940451607693,0.034480022203704865,
0.05100000000000004,APPROACH,89.4302718815581,0.000711723817113432,0.08055872830613121,-0.007236600608917782,1.0893214165688987,4,0,False,0.3245466465141455,0.00735309309010663,1.0893214165688987,0.034480022203704865,
0.05200000000000004,APPROACH,89.42733631654983,0.0007204660896587244,0.080551998339576,-0.006729966555202642,1.1073385728157794,4,0,False,0.32415832869955763,0.007419638995232648,1.1073385728157794,0.034480022203704865,
0.05300000000000004,APPROACH,89.42458890939038,0.0007289169710821557,0.08054575289429998,-0.006245445276031685,1.1251474987750802,4,0,False,0.32375391164244965,0.007485433648831373,1.1251474987750802,0.034480022203704865,
0.05400000000000004,APPROACH,89.42202139440671,0.0007370759078833897,0.08053996983301451,-0.005783061285473329,1.1427501622915626,4,0,False,0.3233371723551197,0.007550494397618628,1.1427501622915626,0.034480022203704865,
0.05500000000000004,APPROACH,89.41962556374685,0.0007449423746134035,0.08053462710778928,-0.005342725225230695,1.160148516359436,4,0,False,0.32291156625383827,0.007614846074864125,1.160148516359436,0.034480022203704865,
0.05600000000000004,APPROACH,89.41739329916821,0.0007525158722222401,0.08052970286197664,-0.004924245812634781,1.1773445004924397,4,0,False,0.32248022531149284,0.0076785180897385895,1.1773445004924397,0.034480022203704865,
0.057000000000000044,APPROACH,89.41531660129321,0.0007597959261956885,0.08052517552034337,-0.0045273416332608975,1.1943400415192889,4,0,False,0.3220459654583452,0.007741542383607659,1.1943400415192889,0.034480022203704865,
0.058000000000000045,APPROACH,89.41338761582351,0.000766782084597014,0.08052102386785798,-0.004151652485397073,1.2111370539825135,4,0,False,0.3216112998511014,0.007803952020785545,1.2111370539825135,0.034480022203704865,
0.059000000000000045,APPROACH,89.41159865650731,0.000773473916094312,0.08051722711775855,-0.003796750099427356,1.2277374402705383,4,0,False,0.32117845563164615,0.007865780229492633,1.2277374402705383,0.034480022203704865,
0.060000000000000046,APPROACH,89.40994222485095,0.0007798710080273926,0.08051376496962365,-0.0034621481349072156,1.244143090574815,4,0,False,0.3207493925391707,0.007927059755263489,1.244143090574815,0.034480022203704865,
0.06100000000000005,APPROACH,89.40841102668733,0.0007859729645488128,0.08051061765821181,-0.003147311411833202,1.2603558827354158,4,0,False,0.3203258222718552,0.007987822427697147,1.2603558827354158,0.034480022203704865,
0.06200000000000005,APPROACH,89.40699798578041,0.0007917794048601474,0.08050776599384378,-0.002851664368034911,1.2763776820180783,4,0,False,0.31990922786990705,0.00804809887164417,1.2763776820180783,0.034480022203704865,
0.06300000000000004,APPROACH,89.40569625468505,0.0007972899615553633,0.0805051913950864,-0.0025745987573836944,1.2922103408514962,4,0,False,0.3195008826514966,0.008107918316251671,1.2922103408514962,0.034480022203704865,
0.06400000000000004,APPROACH,89.40449922309612,0.0008025042790769395,0.08050287591446868,-0.0023154806177177957,1.3078556985440537,4,0,False,0.3191018684085672,0.008167308470714599,1.3078556985440537,0.034480022203704865,
0.06500000000000004,APPROACH,89.40340052392469,0.0008074220122862892,0.08050080225792286,-0.002073656545820805,1.3233155809927684,4,0,False,0.31871309268909276,0.008226295446368251,1.3233155809927684,0.034480022203704865,
0.06600000000000004,APPROACH,89.40239403733202,0.0008120428251474021,0.08049895379860149,-0.0018484593213735107,1.3385918003930026,4,0,False,0.31833530507213476,0.008284903711921945,1.3385918003930026,0.034480022203704865,
0.06700000000000005,APPROACH,89.40147389294575,0.0008163663895209417,0.08049731458567763,-0.0016392129238538083,1.3536861549547807,4,0,False,0.3179691123948905,0.008343156073189742,1.3536861549547807,0.034480022203704865,
0.06800000000000005,APPROACH,89.40063447046663,0.000820392384064972,0.08049586934869088,-0.0014452369867538801,1.368600428629753,4,0,False,0.31761499292586326,0.008401073671553403,1.368600428629753,0.034480022203704865,
0.06900000000000005,APPROACH,89.39987039886195,0.0008241204932378579,0.08049460349795809,-0.0012658507327861742,1.3833363908516745,4,0,False,0.31727330950172616,0.008458675997270092,1.3833363908516745,0.034480022203704865,
0.07000000000000005,APPROACH,89.39917655432637,0.0008275504063985111,0.08049350312152574,-0.0011003764323540344,1.3978957962924647,4,0,False,0.3169443216603804,0.00851598091480588,1.3978957962924647,0.034480022203704865,
0.07100000000000005,APPROACH,89.39854805717876,0.0008306818169989603,0.08049255497910002,-0.0009481424257270194,1.4122803846353507,4,0,False,0.3166281968124246,0.008573004698055229,1.4122803846353507,0.034480022203704865,
0.07200000000000005,APPROACH,89.39798026784403,0.0008335144218641446,0.08049174649335276,-0.0008084857472575838,1.426491880366175,4,0,False,0.3163250204990753,0.008629762073695164,1.426491880366175,0.034480022203704865,
0.07300000000000005,APPROACH,89.3974687820623,0.0008360479205538439,0.08049106573896506,-0.0006807543877098195,1.4405319925836235,4,0,False,0.31603480578858756,0.00868626627132406,1.4405319925836235,0.034480022203704865,
0.07400000000000005,APPROACH,89.39700942544829,0.000838282014801698,0.0804905014297366,-0.0005643092284622123,1.454402414828864,4,0,False,0.31575750186360074,0.00874252907897461,1.454402414828864,0.034480022203704865,
0.07500000000000005,APPROACH,89.39659824751564,0.0008402164080263753,0.08049004290405759,-0.00045852567900916654,1.468104824934847,4,0,False,0.31549300185345686,0.00879856090299315,1.468104824934847,0.034480022203704865,
0.07600000000000005,APPROACH,89.39623151526702,0.0008418508049100758,0.08048968010901071,-0.00036279504688377384,1.481640884895337,4,0,False,0.3152411499639733,0.008854370831259886,1.481640884895337,0.034480022203704865,
0.07700000000000005,APPROACH,89.39590570644117,0.0008431849110396876,0.0804894035833438,-0.0002765256669050051,1.4950122407535769,4,0,False,0.31500174795580993,0.008909966698786508,1.4950122407535769,0.034480022203704865,
0.07800000000000006,APPROACH,89.39561750249769,0.0008442184326060928,0.08048920443952931,-0.00019914381448938418,1.5082205225103256,4,0,False,0.3147745610213806,0.008965355155015571,1.5082205225103256,0.034480022203704865,
0.07900000000000006,APPROACH,89.39536378141096,0.0008449510761572708,0.08048907434510358,-0.00013009442573467758,1.52126734405091,4,0,False,0.3145593231069015,0.009020541731975817,1.52126734405091,0.034480022203704865,
0.08000000000000006,APPROACH,89.39514161033678,0.0008453825484010472,0.08048900550345854,-6.884164503539318e-05,1.5341543030908,4,0,False,0.3143557417249749,0.009075530912812664,1.5341543030908,0.034480022203704865,
0.08100000000000006,APPROACH,89.39494823820607,0.0008455125560535042,0.08048899063423937,-1.4869219174944811e-05,1.546882981139154,4,0,False,0.31416350229938605,0.009130326200066655,1.546882981139154,0.034480022203704865,
0.08200000000000006,APPROACH,89.39478108829537,0.0008453408057292705,0.08048902295348423,3.2319244865577176e-05,1.5594549434796945,4,0,False,0.3139822720819588,0.009184930183317255,1.5594549434796945,0.034480022203704865,
0.08300000000000006,APPROACH,89.39463775081461,0.0008448670038700871,0.08048909615362695,7.320014272295397e-05,1.5718717391682273,4,0,False,0.3138117036779846,0.009239344605764796,1.5718717391682273,0.034480022203704865,
0.08400000000000006,APPROACH,89.39451597554942,0.0008440908567082339,0.08048920438346885,0.00010822984189367292,1.5841349010460715,4,0,False,0.3136514382144483,0.009293570429437356,1.5841349010460715,0.034480022203704865,
0.08500000000000006,APPROACH,89.39441366458868,0.0008430120702615881,0.08048934222821341,0.00013784474455764943,1.5962459457686353,4,0,False,0.3135011081825887,0.009347607898772344,1.5962459457686353,0.034480022203704865,
0.08600000000000006,APPROACH,89.39432886516266,0.000841630350357264,0.08048950468964579,0.00016246143237504,1.6082063738483596,4,0,False,0.3133603399837745,0.009401456602335103,1.6082063738483596,0.034480022203704865,
0.08700000000000006,APPROACH,89.3942597626158,0.0008399454026809666,0.08048968716652857,0.0001824768827897507,1.6200176697112258,4,0,False,0.31322875620558105,0.00945511553256714,1.6200176697112258,0.034480022203704865,
0.08800000000000006,APPROACH,89.39420467353095,0.0008379569328493449,0.08048988543527597,0.0001982687473952968,1.6316813017660383,4,0,False,0.3131059776519977,0.009508583143318816,1.6316813017660383,0.034480022203704865,
0.08900000000000007,APPROACH,89.39416203902064,0.0008356646465028162,0.08049009563095984,0.00021019568387291033,1.6431987224856766,4,0,False,0.3129916251505828,0.00956185740518906,1.6431987224856766,0.034480022203704865,
0.09000000000000007,APPROACH,89.39413041819878,0.0008330682494164737,0.0804903142286937,0.0002185977338593079,1.6545713684995318,4,0,False,0.312885321156535,0.009614935858508603,1.6545713684995318,0.034480022203704865,
0.09100000000000007,APPROACH,89.39410848184036,0.0008301674476268548,0.08049053802543359,0.00022379673988448228,1.6658006606963438,4,0,False,0.31278669117242824,0.00966781566399427,1.6658006606963438,0.034480022203704865,
0.09200000000000007,APPROACH,89.39409500623934,0.0008269619475724795,0.0804907641222288,0.00022609679521083767,1.6768880043366874,4,0,False,0.31269536500010575,0.009720493650965606,1.6768880043366874,0.034480022203704865,
0.09300000000000007,APPROACH,89.3940888672671,0.0008234514562462164,0.08049098990694985,0.00022578472104358032,1.687834789174347,4,0,False,0.31261097784028447,0.009772966363166977,1.687834789174347,0.034480022203704865,
0.09400000000000007,APPROACH,89.39408903463868,0.0008196356813576728,0.08049121303751601,0.00022313056616364303,1.6986423895858611,4,0,False,0.31253317125386054,0.009825230102257663,1.6986423895858611,0.034480022203704865,
0.09500000000000007,APPROACH,89.39409456638612,0.0008155143315039011,0.08049143142564052,0.0002183881245213093,1.7093121647075467,4,0,False,0.3124615939966346,0.00987728096877466,1.7093121647075467,0.034480022203704865,
0.09600000000000007,APPROACH,89.39410460354158,0.0008110871163468752,0.08049164322110734,0.00021179546682336377,1.7198454585792946,4,0,False,0.31239590274010337,0.009929114900878982,1.7198454585792946,0.034480022203704865,
0.09700000000000007,APPROACH,89.39411836502977,0.0008063537467962736,0.08049184679658988,0.00020357548254498336,1.7302436002945074,4,0,False,0.3123357626875938,0.009980727710693322,1.7302436002945074,0.034480022203704865,
0.09800000000000007,APPROACH,89.39413514276853,0.0008013139351962275,0.08049204073301906,0.00019393642917954853,1.7405079041555334,4,0,False,0.31228084809572804,0.010032115118398417,1.7405079041555334,0.034480022203704865,
0.09900000000000007,APPROACH,89.39415429697553,0.0007959673955147906,0.08049222380550494,0.00018307248587467716,1.750639669833995,4,0,False,0.3122308427093515,0.01008327278406673,1.750639669833995,0.034480022203704865,
0.10000000000000007,APPROACH,89.39417525167909,0.0007903138435349827,0.08049239496981385,0.00017116430890508824,1.7606401825354325,4,0,False,0.31218544011787946,0.010134196337303936,1.7606401825354325,0.034480022203704865,
0.10100000000000008,APPROACH,89.39419749042902,0.0007843529970463652,0.08049255334940057,0.0001583795867187483,1.7705107131676983,4,0,False,0.31214434404017916,0.010184881404810525,1.7705107131676983,0.034480022203704865,
0.10200000000000008,APPROACH,89.39422055220479,0.0007780845760361674,0.0804926982229931,0.00014487359251837492,1.7802525185125861,4,0,False,0.3121072685439387,0.01023532363577624,1.7802525185125861,0.034480022203704865,
0.10300000000000008,APPROACH,89.39424402751654,0.0007715083028791046,0.08049282901272568,0.00013078973259149498,1.7898668414001684,4,0,False,0.31207393820624524,0.010285518725387556,1.7898668414001684,0.034480022203704865,
0.10400000000000008,APPROACH,89.39426755469395,0.0007646239025250638,0.08049294527281446,0.00011626008877664344,1.7993549108853888,4,0,False,0.31204408821962737,0.01033546243626127,1.7993549108853888,0.034480022203704865,
0.10500000000000008,APPROACH,89.39429081636004,0.0007574311026839458,0.08049304667876811,0.00010140595365490324,1.808717942426424,4,0,False,0.3120174644495242,0.01038515061808273,1.808717942426424,0.034480022203704865,
0.10600000000000008,APPROACH,89.39431353608232,0.0007499296340070022,0.08049313301712532,8.633835721594823e-05,1.817957138064405,4,0,False,0.3119938234470301,0.010434579225390511,1.817957138064405,0.034480022203704865,
0.10700000000000008,APPROACH,89.39433547519907,0.000742119230264077,0.08049320417570922,7.115858389523195e-05,1.827073686604078,4,0,False,0.3119729324212714,0.010483744333610118,1.827073686604078,0.034480022203704865,
0.10800000000000008,APPROACH,89.39435642981346,0.0007339996285162266,0.08049326013438825,5.595867901708002e-05,1.8360687637950235,4,0,False,0.3119545691752609,0.01053264215338997,1.8360687637950235,0.034480022203704865,
0.10900000000000008,APPROACH,89.39437622795138,0.0007255705692832614,0.08049330095633206,4.082194381294127e-05,1.8449435325130634,4,0,False,0.3119385220089202,0.010581269043372764,1.8449435325130634,0.034480022203704865,
0.11000000000000008,APPROACH,89.39439472687704,0.0007168317967057831,0.08049332677975034,2.582341827792879e-05,1.8536991429415324,4,0,False,0.31192458959207703,0.010629621521319287,1.8536991429415324,0.034480022203704865,
0.11100000000000008,APPROACH,89.39441181056108,0.000707783058701393,0.08049333781010161,1.103035126684486e-05,1.8623367327520683,4,0,False,0.31191258081148554,0.010677696273919332,1.8623367327520683,0.034480022203704865,
0.11200000000000009,APPROACH,89.3944273872964,0.0006984241071147344,0.0804933343127589,-3.4973427131616086e-06,1.8708574272846592,4,0,False,0.31190231459325907,0.010725490165007998,1.8708574272846592,0.034480022203704865,
0.11300000000000009,APPROACH,89.39444138745523,0.0006887546978611393,0.08049331660611847,-1.770664043435734e-05,1.8792623397266348,4,0,False,0.3118936197048586,0.010773000242590567,1.8792623397266348,0.034480022203704865,
0.11400000000000009,APPROACH,89.39445376138296,0.0006787745910636563,0.0804932850551375,-3.155098096099868e-05,1.8875525712903738,4,0,False,0.31188633453803877,0.010820223744523665,1.8875525712903738,0.034480022203704865,
0.11500000000000009,APPROACH,89.3944644774231,0.0006684835511832942,0.08049324006528648,-4.4989851020585754e-05,1.8957292113894784,4,0,False,0.3118803068755393,0.010867158103019591,1.8957292113894784,0.034480022203704865,
0.11600000000000009,APPROACH,89.39447352006812,0.0006578813471423497,0.08049318207690154,-5.7988384944736997e-05,1.9037933378131946,4,0,False,0.31187539364362954,0.010913800947992085,1.9037933378131946,0.034480022203704865,
0.11700000000000009,APPROACH,89.39448088823085,0.0006469677524407362,0.08049311155992223,-7.051697931701511e-05,1.9117460168988905,4,0,False,0.31187146065254373,0.010960150109394766,1.9117460168988905,0.034480022203704865,
0.11800000000000009,APPROACH,89.39448659363191,0.0006357425452652507,0.08049302900899981,-8.255092241393236e-05,1.9195883037024049,4,0,False,0.3118683823266074,0.011006203618531354,1.9195883037024049,0.034480022203704865,
0.11900000000000009,APPROACH,89.39449065929708,0.0006242055085917534,0.08049293493896133,-9.407003847588094e-05,1.9273212421661128,4,0,False,0.31186604142570107,0.011051959708415885,1.9273212421661128,0.034480022203704865,
0.12000000000000009,APPROACH,89.39449311816036,0.0006123564302802664,0.08049282988061454,-0.00010505834678424029,1.9349458652845457,4,0,False,0.3118643287601113,0.011097416813297001,1.9349458652845457,0.034480022203704865,
0.1210000000000001,APPROACH,89.39449401176888,0.0006001951031630288,0.08049271437687906,-0.00011550373547562098,1.942463195267448,4,0,False,0.31186314290006745,0.01114257356739579,1.942463195267448,0.034480022203704865,
0.1220000000000001,APPROACH,89.39449338908138,0.000587721325125557,0.08049258897922908,-0.00012539764999268226,1.9498742437001682,4,0,False,0.3118623898811044,0.011187428802843017,1.9498742437001682,0.034480022203704865,
0.1230000000000001,APPROACH,89.39449130536116,0.0005749348991808021,0.08049245424443306,-0.00013473479601792713,1.9571800117012463,4,0,False,0.3118619829073569,0.011231981547020039,1.9571800117012463,0.034480022203704865,
0.1240000000000001,APPROACH,89.3944878211534,0.0005618356335364989,0.08049231073157635,-0.00014351285670935818,1.9643814900771637,4,0,False,0.31186184205319495,0.011276231019221164,1.9643814900771637,0.034480022203704865,
0.12500000000000008,APPROACH,89.39448300134545,0.0005484233416558351,0.08049215899935233,-0.00015173222402347226,1.9714796594741444,4,0,False,0.31186189396492775,0.011320176626789722,1.9714796594741444,0.034480022203704865,
0.12600000000000008,APPROACH,89.3944769143065,0.0005346978423115765,0.08049199960360845,-0.00015939574387974995,1.9784754905269748,4,0,False,0.31186207156346923,0.01136381796074797,1.9784754905269748,0.034480022203704865,
0.12700000000000009,APPROACH,89.3944696310997,0.0005206589596338016,0.08049183309513355,-0.00016650847489748597,1.9853699440047847,4,0,False,0.31186231374872947,0.011407154790955379,1.9853699440047847,0.034480022203704865,
0.12800000000000009,APPROACH,89.39446122476467,0.0005063065231514187,0.08049166001767315,-0.00017307746040881502,1.9921639709537606,4,0,False,0.3118625651071144,0.011450187060896061,1.9921639709537606,0.034480022203704865,
0.1290000000000001,APPROACH,89.39445176966632,0.0004916403678276546,0.08049148090615972,-0.0001791115134203986,1.9988585128367686,4,0,False,0.31186277562264936,0.011492914882181675,1.9988585128367686,0.034480022203704865,
0.1300000000000001,APPROACH,89.39444134090532,0.00047666033408966615,0.0804912962851455,-0.0001846210142265223,2.005454501669888,4,0,False,0.3118629003917432,0.011535338528501237,2.005454501669888,0.034480022203704865,
0.1310000000000001,APPROACH,89.39443001378721,0.00046136626785255,0.08049110666742523,-0.00018961772026324593,2.0119528601558123,4,0,False,0.31186289934477573,0.011577458429780405,2.0119528601558123,0.034480022203704865,
0.1320000000000001,APPROACH,89.3944178633468,0.00044575802053786723,0.08049091255283733,-0.00019411458790115805,2.018354501814202,4,0,False,0.3118627369710376,0.011619275165582687,2.018354501814202,0.034480022203704865,
0.1330000000000001,APPROACH,89.39440496392322,0.00042983544908697745,0.08049071442723157,-0.00019812560575470795,2.0246603311089055,4,0,False,0.31186238205207456,0.011660789458824062,2.0246603311089055,0.034480022203704865,
0.1340000000000001,APPROACH,89.39439138878423,0.00041359841596935113,0.08049051276159243,-0.00020166563914186803,2.030871243572171,4,0,False,0.3118618074003459,0.011702002169068053,2.030871243572171,0.034480022203704865,
0.1350000000000001,APPROACH,89.39437720979453,0.00039704678918610413,0.08049030801130713,-0.00020475028529703203,2.036988125925816,4,0,False,0.31186098960556935,0.011742914285855539,2.036988125925816,0.034480022203704865,
0.1360000000000001,APPROACH,89.39436249712661,0.0003801804422689681,0.08049010061556819,-0.0002073957389411074,2.0430118561994126,4,0,False,0.3118599087882713,0.011783526921916655,2.0430118561994126,0.034480022203704865,
0.1370000000000001,APPROACH,89.3943473190107,0.00036299925427492894,0.08048989099690039,-0.00020961866780305364,2.048943303845539,4,0,False,0.311858548361295,0.011823841306393626,2.048943303845539,0.034480022203704865,
0.1380000000000001,APPROACH,89.39433174152038,0.00034550310977675934,0.0804896795608027,-0.00021143609768550824,2.054783329852136,4,0,False,0.31185689479930684,0.011863858778070106,2.054783329852136,0.034480022203704865,
0.1390000000000001,APPROACH,89.3943158283924,0.0003276918988496736,0.08048946669549603,-0.00021286530666654463,2.060532786852027,4,0,False,0.31185493741658554,0.011903580778649149,2.060532786852027,0.034480022203704865,
0.1400000000000001,APPROACH,89.39429964087705,0.00030956551705431856,0.080489252771768,-0.0002139237280398339,2.06619251922967,4,0,False,0.3118526681529528,0.01194300884603338,2.06619251922967,0.034480022203704865,
0.1410000000000001,APPROACH,89.39428323761743,0.000291123865416334,0.08048903814290641,-0.00021462886158388024,2.071763363225191,4,0,False,0.3118500813684278,0.011982144607749323,2.071763363225191,0.034480022203704865,
0.1420000000000001,APPROACH,89.39426667455443,0.00027236685040269424,0.08048882314471364,-0.00021499819276115222,2.077246147035766,4,0,False,0.3118471736463255,0.012020989774445358,2.077246147035766,0.034480022203704865,
0.1430000000000001,APPROACH,89.39425000485629,0.00025329438389504557,0.08048860809559419,-0.00021504911945620682,2.0826416909144325,4,0,False,0.3118439436049677,0.012059546133499311,2.0826416909144325,0.034480022203704865,
0.1440000000000001,APPROACH,89.3942332788698,0.00023390638316025665,0.08048839329670833,-0.0002147988858560496,2.0879508072663864,4,0,False,0.3118403917180687,0.012097815542810813,2.0879508072663864,0.034480022203704865,
0.1450000000000001,APPROACH,89.3942165440914,0.00021420277081838555,0.08048817903218523,-0.00021426452308991696,2.0931743007428496,4,0,False,0.3118365201435806,0.012135799924733563,2.0931743007428496,0.034480022203704865,
0.1460000000000001,APPROACH,89.39419984515634,0.00019418347480825807,0.08048796556938898,-0.00021346279625981894,2.098312968332578,4,0,False,0.31183233256093457,0.012173501260136983,2.098312968332578,0.034480022203704865,
0.1470000000000001,APPROACH,89.39418322384485,0.00017384842835086318,0.08048775315923148,-0.0002124101574845301,2.103367599451086,4,0,False,0.3118278340169207,0.012210921582723267,2.103367599451086,0.034480022203704865,
0.1480000000000001,APPROACH,89.39416671910097,0.00015319756991073649,0.08048754203652687,-0.00021112270461266344,2.1083389760276683,4,0,False,0.3118230307794037,0.012248062973414249,2.1083389760276683,0.034480022203704865,
0.1490000000000001,APPROACH,89.39415036706714,0.0001322308431555381,0.08048733242038164,-0.00020961614523965364,2.1132278725902736,4,0,False,0.3118179301997423,0.012284927555086,2.1132278725902736,0.034480022203704865,
0.1500000000000001,APPROACH,89.39413420112822,0.00011094819691398399,0.08048712451461594,-0.0002079057656962468,2.1180350563483485,4,0,False,0.31181254058270946,0.012321517487406734,2.1180350563483485,0.034480022203704865,
0.1510000000000001,APPROACH,89.39411825196665,8.934958513230386e-05,0.08048691850821126,-0.00020600640468334758,2.12276128727369,4,0,False,0.3118068710643157,0.012357834961905099,2.12276128727369,0.034480022203704865,
0.1520000000000001,APPROACH,89.39410254762602,6.743496682939289e-05,0.08048671457578002,-0.00020393243122894048,2.1274073181793987,4,0,False,0.3118009314973478,0.012393882197284796,2.1274073181793987,0.034480022203704865,
0.1530000000000001,APPROACH,89.39408711358324,4.520430605080515e-05,0.08048651287805336,-0.00020169772666585455,2.131973894797013,4,0,False,0.31179473234413535,0.012429661434913445,2.131973894797013,0.034480022203704865,
0.1540000000000001,APPROACH,89.39407197282608,2.2657571821741935e-05,0.08048631356238303,-0.00019931567033218986,2.136461755851883,4,0,False,0.3117882845765152,0.012465174934558466,2.136461755851883,0.034480022203704865,
0.1550000000000001,APPROACH,89.39405714593725,-2.0526190082884613e-07,0.08048611676325432,-0.00019679912871492137,2.140871633136876,4,0,False,0.311781599582688,0.012500424970313274,2.140871633136876,0.034480022203704865,
0.1560000000000001,APPROACH,89.3940426511824,-2.338421627677838e-05,0.08048592260280656,-0.00019416044775550604,2.1452042515844574,4,0,False,0.31177468908094497,0.012535413826803957,2.1452042515844574,0.034480022203704865,
0.1570000000000001,APPROACH,89.3940285046023,-4.687930763203841e-05,0.08048573119135849,-0.00019141144807119614,2.149460329337259,4,0,False,0.31176756503946024,0.01257014379550935,2.149460329337259,0.034480022203704865,
0.1580000000000001,APPROACH,89.39401472010753,-7.06905475082972e-05,0.08048554262793566,-0.00018856342282809154,2.1536405778171566,4,0,False,0.31176023960277627,0.012604617171425345,2.1536405778171566,0.034480022203704865,
0.1590000000000001,APPROACH,89.39400130957519,-9.481794271308108e-05,0.0804853570007976,-0.000185627138045496,2.157745701792957,4,0,False,0.31175272502365375,0.012638836249796418,2.157745701792957,0.034480022203704865,
0.16000000000000011,APPROACH,89.39398828294777,-0.0001192614953700895,0.08048517438796252,-0.00018261283508860435,2.16177639944674,4,0,False,0.31174503360128886,0.012672803323219533,2.16177639944674,0.034480022203704865,
0.16100000000000012,APPROACH,89.39397564833186,-0.000144021202969715,0.08048499485772737,-0.00017953023515524555,2.165733362438937,4,0,False,0.3117371776241174,0.012706520678767041,2.165733362438937,0.034480022203704865,
0.16200000000000012,APPROACH,89.39396341209783,-0.00016909705841962883,0.08048481846918182,-0.00017638854554053249,2.1696172759721746,4,0,False,0.31172916931861366,0.012739990595468313,2.1696172759721746,0.034480022203704865,
0.16300000000000012,APPROACH,89.39395157897886,-0.00019448905009535733,0.08048464527271433,-0.00017319646748810015,2.173428818853975,4,0,False,0.31172102080258357,0.012773215341921529,2.173428818853975,0.034480022203704865,
0.16400000000000012,APPROACH,89.39394015216928,-0.00022019716189077893,0.08048447531050887,-0.00016996220546154902,2.1771686635583563,4,0,False,0.3117127440429647,0.012806197174037817,2.1771686635583563,0.034480022203704865,
0.16500000000000012,APPROACH,89.39392913342182,-0.00024622137326845014,0.08048430861703122,-0.00016669347765174716,2.180837476286373,4,0,False,0.31170435081849035,0.012838938333073454,2.180837476286373,0.034480022203704865,
0.16600000000000012,APPROACH,89.3939185231438,-0.00027256165930970855,0.08048414521950366,-0.0001633975275699679,2.1844359170256666,4,0,False,0.3116958526861661,0.012871441043747127,2.1844359170256666,0.034480022203704865,
0.16700000000000012,APPROACH,89.39390832049018,-0.00029921799076447996,0.08048398513836709,-0.000160081136571699,2.187964639609068,4,0,False,0.31168726095189014,0.012903707512589988,2.187964639609068,0.034480022203704865,
0.16800000000000012,APPROACH,89.39389852345613,-0.00032619033410073955,0.08048382838772991,-0.00015675063717765045,2.191424291772298,4,0,False,0.31167858664469583,0.012935739926411161,2.191424291772298,0.034480022203704865,
0.16900000000000012,APPROACH,89.39388912896548,-0.0003534786515535662,0.08048367497580286,-0.00015341192705110556,2.1948155152108098,4,0,False,0.3116698404945664,0.012967540450996767,2.1948155152108098,0.034480022203704865,
0.17000000000000012,APPROACH,89.39388013295876,-0.00038108290117378033,0.08048352490531932,-0.00015007048354497528,2.19813894563583,4,0,False,0.31166103291275044,0.012999111229722443,2.19813894563583,0.034480022203704865,
0.17100000000000012,APPROACH,89.39387153047629,-0.0004090030368760574,0.08048337817394066,-0.00014673137865562586,2.2013952128295857,4,0,False,0.3116521739767343,0.013030454382701659,2.2013952128295857,0.034480022203704865,
0.17200000000000013,APPROACH,89.39386331573981,-0.0004372390084865428,0.08048323477464635,-0.00014339929431726598,2.204584940699849,4,0,False,0.3116432734163758,0.013061572005708039,2.204584940699849,0.034480022203704865,
0.17300000000000013,APPROACH,89.39385548223032,-0.0004657907617899027,0.08048309469610841,-0.0001400785379325044,2.207708747333737,4,0,False,0.31163434060358813,0.013092466169409244,2.207708747333737,0.034480022203704865,
0.17400000000000013,APPROACH,89.39384802276322,-0.000494658238575791,0.08048295792305037,-0.00013677305804887406,2.2107672450508686,4,0,False,0.31162538454416433,0.01312313891867116,2.2107672450508686,0.034480022203704865,
0.17500000000000013,APPROACH,89.39384092956028,-0.0005238413766847102,0.08048282443659026,-0.00013348646010529007,2.2137610404558776,4,0,False,0.3116164138718296,0.013153592271971819,2.2137610404558776,0.034480022203704865,
0.17600000000000013,APPROACH,89.39383419431803,-0.0005533401100532465,0.08048269421456808,-0.00013022202217956994,2.216690734490314,4,0,False,0.31160743684429054,0.013183828220896143,2.216690734490314,0.034480022203704865,
0.17700000000000013,APPROACH,89.3938278082728,-0.0005831543687586459,0.08048256723185743,-0.00012698271065570967,2.2195569224839717,4,0,False,0.3115984613416432,0.013213848729837656,2.2195569224839717,0.034480022203704865,
0.17800000000000013,APPROACH,89.39382176226349,-0.0006132840790627399,0.08048244346066166,-0.00012377119576854705,2.2223601942056703,4,0,False,0.3115894948658023,0.013243655735650901,2.2223601942056703,0.034480022203704865,
0.17900000000000013,APPROACH,89.39381604678958,-0.0006437291634551959,0.0804823228707947,-0.00012058986696590126,2.225101133913495,4,0,False,0.31158054454198236,0.013273251147475976,2.225101133913495,0.034480022203704865,
0.18000000000000013,APPROACH,89.39381065206709,-0.0006744895406960833,0.08048220542994666,-0.00011744084803724199,2.227780320404536,4,0,False,0.31157161712149284,0.013302636846636233,2.227780320404536,0.034480022203704865,
0.18100000000000013,APPROACH,89.3938055680807,-0.0007055651258577592,0.08048209110393469,-0.00011432601197343448,2.2303983270641488,4,0,False,0.3115627189856594,0.013331814686568116,2.2303983270641488,0.034480022203704865,
0.18200000000000013,APPROACH,89.39380078463309,-0.0007369558303660589,0.08048197985693917,-0.0001112469955147276,2.2329557219147347,4,0,False,0.3115538561511552,0.013360786492871025,2.2329557219147347,0.034480022203704865,
0.18300000000000013,APPROACH,89.39379629139054,-0.0007686615620407938,0.08048187165172581,-0.00010820521335414956,2.235453067664081,4,0,False,0.31154503427619884,0.013389554063401692,2.235453067664081,0.034480022203704865,
0.18400000000000014,APPROACH,89.39379207792635,-0.0008006822251355619,0.08048176644985383,-0.00010520187197305401,2.2378909217532703,4,0,False,0.31153625866762447,0.013418119168405466,2.2378909217532703,0.034480022203704865,
0.18500000000000014,APPROACH,89.39378813376055,-0.0008330177203768686,0.08048166421187075,-0.00010223798308218807,2.240269836404168,4,0,False,0.31152753428881225,0.013446483550723119,2.240269836404168,0.034480022203704865,
0.18600000000000014,APPROACH,89.39378444839708,-0.0008656679450025634,0.0804815648974941,-9.931437664822627e-05,2.2425903586665057,4,0,False,0.31151886576830423,0.013474648926034335,2.2425903586665057,0.034480022203704865,
0.18700000000000014,APPROACH,89.3937810113582,-0.0008986327927995941,0.08048146846578061,-9.64317134856038e-05,2.244853030464575,4,0,False,0.3115102574091048,0.013502616983175137,2.244853030464575,0.034480022203704865,
0.18800000000000014,APPROACH,89.39377781221575,-0.0009319121541410984,0.0804813748752832,-9.359049741050119e-05,2.2470583886435422,4,0,False,0.3115017131981375,0.013530389384416874,2.2470583886435422,0.034480022203704865,
0.18900000000000014,APPROACH,89.39377484062052,-0.000965505916022826,0.08048128408419626,-9.079108693799325e-05,2.249206965015393,4,0,False,0.31149323681655794,0.013557967765865882,2.249206965015393,0.034480022203704865,
0.19000000000000014,APPROACH,89.3937720863283,-0.0009994139620989081,0.08048119605048974,-8.803370651635877e-05,2.2512992864045103,4,0,False,0.311484831650149,0.013585353737848863,2.2512992864045103,0.034480022203704865,
0.19100000000000014,APPROACH,89.39376953922428,-0.0010336361727169862,0.08048111073203244,-8.531845729752308e-05,2.253335874692908,4,0,False,0.3114765007999871,0.01361254888532542,2.253335874692908,0.034480022203704865,
0.19200000000000014,APPROACH,89.3937671893443,-0.0010681724249527102,0.080481028086705,-8.264532744127206e-05,2.2553172468651184,4,0,False,0.3114682470933088,0.013639554768315434,2.2553172468651184,0.034480022203704865,
0.19300000000000014,APPROACH,89.39376502689491,-0.0011030225926436145,0.08048094807250306,-8.001420194837278e-05,2.2572439150527326,4,0,False,0.31146007309466567,0.013666372922384398,2.2572439150527326,0.034480022203704865,
0.19400000000000014,APPROACH,89.3937630422699,-0.0011381865464223848,0.08048087064763103,-7.742487202640766e-05,2.25911638657862,4,0,False,0.3114519811170162,0.013693004859116311,2.25911638657862,0.034480022203704865,
0.19500000000000015,APPROACH,89.39376122606663,-0.0011736641537495335,0.08048079577058703,-7.487704399275583e-05,2.2609351640008164,4,0,False,0.31144397323284323,0.01371945206660933,2.2609351640008164,0.034480022203704865,
0.19600000000000015,APPROACH,89.39375956909879,-0.0012094552789455046,0.0804807234002393,-7.23703477303529e-05,2.262700745156092,4,0,False,0.3114360512850036,0.01374571600990615,2.262700745156092,0.034480022203704865,
0.19700000000000015,APPROACH,89.39375806240835,-0.0012455597832221942,0.08048065349589463,-6.990434467976504e-05,2.2644136232031866,4,0,False,0.3114282168982653,0.013771798131607838,2.2644136232031866,0.034480022203704865,
0.19800000000000015,APPROACH,89.3937566972755,-0.0012819775247139317,0.08048058601735923,-6.74785353936042e-05,2.266074286665749,4,0,False,0.3114204714899017,0.013797699852319129,2.266074286665749,0.034480022203704865,
0.19900000000000015,APPROACH,89.39375546522689,-0.0013187083585079217,0.08048052092499257,-6.509236666046418e-05,2.267683219474958,4,0,False,0.31141281628050776,0.013823422571167372,2.267683219474958,0.034480022203704865,
0.20000000000000015,APPROACH,89.39375435804271,-0.001355752136674161,0.08048045817975437,-6.274523820277305e-05,2.2692409010118215,4,0,False,0.31140525230474037,0.013848967666337222,2.2692409010118215,0.034480022203704865,
0.20100000000000015,APPROACH,89.39375336776206,-0.0013931087082948454,0.0804803977432454,-6.0436508960933466e-05,2.2707478061491857,4,0,False,0.31139778042170474,0.01387433649558362,2.2707478061491857,0.034480022203704865,
0.20200000000000015,APPROACH,89.39375248668695,-0.0014307779194932867,0.08048033957774242,-5.816550297790985e-05,2.272204405293425,4,0,False,0.3113904013251307,0.013899530396740582,2.272204405293425,0.034480022203704865,
0.20300000000000015,APPROACH,89.3937517073855,-0.0014687596134623478,0.08048028364622753,-5.59315148964634e-05,2.273611164425836,4,0,False,0.31138311555331055,0.013924550688224867,2.273611164425836,0.034480022203704865,
0.20400000000000015,APPROACH,89.39375102269354,-0.0015070536304924137,0.08048022991241245,-5.373381507901011e-05,2.27496854514372,4,0,False,0.31137592349884646,0.013949398669549001,2.27496854514372,0.034480022203704865,
0.20500000000000015,APPROACH,89.3937504257155,-0.001545659807998909,0.08048017834075809,-5.157165436334522e-05,2.2762770047011673,4,0,False,0.3113688254180726,0.013974075621826051,2.2762770047011673,0.034480022203704865,
0.20600000000000016,APPROACH,89.39374990982418,-0.0015845779805493843,0.08048012889648962,-4.944426847200856e-05,2.2775369960495446,4,0,False,0.3113685841258537,0.013998582808237396,2.2775369960495446,0.034480022203704865,
0.20700000000000016,APPROACH,89.39374946865965,-0.0016238079798901737,0.08048008154560753,-4.7350882084370314e-05,2.2787489678776662,4,0,False,0.31137415414082437,0.01402292147453061,2.2787489678776662,0.034480022203704865,
0.20800000000000016,APPROACH,89.39374909612722,-0.0016633496349726447,0.08048003625489494,-4.5290712584304194e-05,2.279913364651679,4,0,False,0.31137968070610017,0.014047092849502712,2.279913364651679,0.034480022203704865,
0.20900000000000016,APPROACH,89.39374878639504,-0.0017032027719790532,0.08047999299192143,-4.3262973503131575e-05,2.2810306266546396,4,0,False,0.3113851648845245,0.014071098145437385,2.2810306266546396,0.034480022203704865,
0.21000000000000016,APPROACH,89.39374853389081,-0.0017433672143480144,0.08047995172504377,-4.1266877666966204e-05,2.2821011900257893,4,0,False,0.3113906076355397,0.014094938558572283,2.2821011900257893,0.034480022203704865,
0.21100000000000016,APPROACH,89.39374833329767,-0.0017838427827996054,0.0804799124234037,-3.9301640065608556e-05,2.2831254867995323,4,0,False,0.31139600982319793,0.014118615269519647,2.2831254867995323,0.034480022203704865,
0.21200000000000016,APPROACH,89.39374817954985,-0.0018246292953601033,0.08047987505692325,-3.736648044955532e-05,2.2841039449441065,4,0,False,0.31140137222292574,0.014142129443734,2.2841039449441065,0.034480022203704865,
0.21300000000000016,APPROACH,89.39374806782787,-0.0018657265673863836,0.08047983959629758,-3.5460625678476954e-05,2.285036988399961,4,0,False,0.31140669552873973,0.014165482231886038,2.285036988399961,0.034480022203704865,
0.21400000000000016,APPROACH,89.3937479935532,-0.0019071344115899804,0.08047980601298575,-3.358331182803798e-05,2.285925037117824,4,0,False,0.3114119803596069,0.014188674770291548,2.285925037117824,0.034480022203704865,
0.21500000000000016,APPROACH,89.39374795238241,-0.0019488526380608238,0.08047977427919968,-3.1733786070431026e-05,2.2867685070964794,4,0,False,0.311417227266005,0.014211708181291572,2.2867685070964794,0.034480022203704865,
0.21600000000000016,APPROACH,89.39374794020151,-0.001990881054290663,0.08047974436789135,-2.991130833913886e-05,2.2875678104202284,4,0,False,0.3114224367353705,0.014234583573644863,2.2875678104202284,0.034480022203704865,
0.21700000000000016,APPROACH,89.3937479531191,-0.0020332194651961925,0.08047971625273855,-2.811515279770313e-05,2.288323355296063,4,0,False,0.31142760919826273,0.01425730204285652,2.288323355296063,0.034480022203704865,
0.21800000000000017,APPROACH,89.39374798746056,-0.0020758676731418785,0.08047968990812943,-2.634460911395508e-05,2.2890355460905227,4,0,False,0.3114327450334444,0.014279864671578029,2.2890355460905227,0.034480022203704865,
0.21900000000000017,APPROACH,89.39374803976088,-0.0021188254779625063,0.08047966530914587,-2.4598983558509154e-05,2.2897047833662656,4,0,False,0.31143784457278095,0.014302272529920352,2.2897047833662656,0.034480022203704865,
0.22000000000000017,APPROACH,89.39374810675793,-0.002162092676985457,0.08047964243154593,-2.287759994053851e-05,2.290331463918322,4,0,False,0.311442908106302,0.014324526675774406,2.290331463918322,0.034480022203704865,
0.22100000000000017,APPROACH,89.39374818538573,-0.0022056690650527123,0.08047962125174554,-2.1179800385487273e-05,2.290915980810059,4,0,False,0.3114479358865315,0.01434662815515099,2.290915980810059,0.034480022203704865,
0.22200000000000017,APPROACH,89.39374827276738,-0.0022495544345426093,0.08047960174679958,-1.9504945970152168e-05,2.291458723408828,4,0,False,0.31145292813227154,0.014368578002465868,2.291458723408828,0.034480022203704865,
0.22300000000000017,APPROACH,89.39374836620794,-0.0022937485753913487,0.08047958389438235,-1.7852417229496264e-05,2.291960077421331,4,0,False,0.3114578850333491,0.014390377240806038,2.291960077421331,0.034480022203704865,
0.22400000000000017,APPROACH,89.39374846318731,-0.0023382512751142543,0.08047956767276782,-1.6221614532448545e-05,2.2924204249286624,4,0,False,0.31146280675337723,0.014412026882264662,2.2924204249286624,0.034480022203704865,
0.22500000000000017,APPROACH,89.39374856135323,-0.002383062318826809,0.08047955306080946,-1.4611958350354487e-05,2.2928401444210653,4,0,False,0.3114676934339413,0.014433527928147474,2.2928401444210653,0.034480022203704865,
0.22600000000000017,APPROACH,89.39374865851451,-0.002428181489265457,0.08047954003792004,-1.3022889416571229e-05,2.2932196108323795,4,0,False,0.3114725451970562,0.014454881369277518,2.2932196108323795,0.034480022203704865,
0.22700000000000017,APPROACH,89.39374875263388,-0.002473608566808194,0.08047952858405125,-1.1453868796247067e-05,2.293559195574194,4,0,False,0.3114773621486848,0.014476088186183487,2.293559195574194,0.034480022203704865,
0.22800000000000017,APPROACH,89.39374884182088,-0.0025193433294949394,0.08047951867967339,-9.90437786366114e-06,2.2938592665696915,4,0,False,0.3114821443811339,0.014497149349383457,2.2938592665696915,0.034480022203704865,
0.22900000000000018,APPROACH,89.39374892432573,-0.002565385553047704,0.08047951030575519,-8.373918203117675e-06,2.294120188287203,4,0,False,0.31148689197532425,0.01451806581957089,2.294120188287203,0.034480022203704865,
0.23000000000000018,APPROACH,89.39374899853189,-0.002611735010890557,0.08047950344374374,-6.8620114410655e-06,2.2943423217734544,4,0,False,0.3114916050043027,0.0145388385478218,2.2943423217734544,0.034480022203704865,
0.23100000000000018,APPROACH,89.39374906295016,-0.002658391474169387,0.08047949807554475,-5.368198999641581e-06,2.294526024686518,4,0,False,0.3114962835331646,0.014559468475884088,2.294526024686518,0.034480022203704865,
0.23200000000000018,APPROACH,89.39374911621177,-0.002705354711771497,0.08047949418350293,-3.892041818094659e-06,2.294671651328481,4,0,False,0.311500927623191,0.014579956536180636,2.294671651328481,0.034480022203704865,
0.23300000000000018,APPROACH,89.3937491570629,-0.0027526244903449864,0.08047949175038294,-2.4331200012606533e-06,2.294779552677784,4,0,False,0.31150553733225517,0.014600303652193444,2.294779552677784,0.034480022203704865,
0.23400000000000018,APPROACH,89.39374918435722,-0.002800200574317965,0.08047949075935051,-9.910324288079197e-07,2.2948500764213007,4,0,False,0.3115101127170093,0.01462051073852371,2.2948500764213007,0.034480022203704865,
0.23500000000000018,APPROACH,89.39374919705148,-0.0028480827259175865,0.08047949119395419,4.3460367233852394e-07,2.294883566986103,4,0,False,0.3115146538338098,0.014640578701089108,2.294883566986103,0.034480022203704865,
0.23600000000000018,APPROACH,89.39374919419875,-0.002896270705188915,0.08047949303810738,1.8441531889426328e-06,2.29488036557094,4,0,False,0.311519160740533,0.01466050843725926,2.294883566986103,0.034480022203704865,
0.23700000000000018,APPROACH,89.39374917494332,-0.0029447642700136116,0.080479496276071,3.237963615343626e-06,2.2948408101774214,4,0,False,0.31152363349730283,0.014680300836037,2.294883566986103,0.034480022203704865,
0.23800000000000018,APPROACH,89.39374913851498,-0.002993563176128465,0.08047950089243656,4.616365569276297e-06,2.2947652356409125,4,0,False,0.3115280721676322,0.01469995677816971,2.294883566986103,0.034480022203704865,
0.23900000000000018,APPROACH,89.39374908422403,-0.003042667177143754,0.08047950687210989,5.979673328388664e-06,2.294653973661141,4,0,False,0.3115324768194326,0.014719477136301229,2.294883566986103,0.034480022203704865,
0.24000000000000019,APPROACH,89.3937490114562,-0.0030920760245614497,0.08047951420029527,7.3281853847225995e-06,2.2945073528325186,4,0,False,0.311536847525707,0.014738862775105117,2.294883566986103,0.034480022203704865,
0.2410000000000002,APPROACH,89.39374891966771,-0.003141789467793265,0.08047952286248028,8.662185010993804e-06,2.2943256986741716,4,0,False,0.31154118436501543,0.014758114551397073,2.294883566986103,0.034480022203704865,
0.2420000000000002,APPROACH,89.3937488083808,-0.00319180725417855,0.08047953284442111,9.981940832661569e-06,2.294109333659694,4,0,False,0.31154548742216115,0.014777233314238337,2.294883566986103,0.034480022203704865,
0.2430000000000002,APPROACH,89.39374867717932,-0.0032421291290020368,0.08047954413212852,1.1287707407467025e-05,2.2938585772466094,4,0,False,0.3115497567888787,0.01479621990505526,2.294883566986103,0.034480022203704865,
0.2440000000000002,APPROACH,89.39374852570391,-0.00329275483551143,0.08047955671185433,1.2579725811601892e-05,2.2935737459055594,4,0,False,0.3115539925638503,0.014815075157763962,2.294883566986103,0.034480022203704865,
0.2450000000000002,APPROACH,89.39374835364883,-0.003343684114934858,0.08047957057007855,1.3858224222186423e-05,2.29325515314921,4,0,False,0.31155819485329556,0.014833799898841867,2.294883566986103,0.034480022203704865,
0.2460000000000002,APPROACH,89.39374816075731,-0.003394916706498175,0.08047958569349706,1.5123418499485494e-05,2.2929031095608834,4,0,False,0.3115623637708629,0.014852394947438785,2.294883566986103,0.034480022203704865,
0.2470000000000002,APPROACH,89.39374794681818,-0.003446452347442127,0.08047960206900982,1.6375512761228966e-05,2.292517922822911,4,0,False,0.31156649943819137,0.014870861115440805,2.294883566986103,0.034480022203704865,
0.2480000000000002,APPROACH,89.39374771166226,-0.0034982907730393693,0.08047961968370979,1.7614699956314017e-05,2.292099897744714,4,0,False,0.3115706019848828,0.014889199207601296,2.294883566986103,0.034480022203704865,
0.2490000000000002,APPROACH,89.39374745515914,-0.003550431716611347,0.08047963852487222,1.8841162430136742e-05,2.2916493362906163,4,0,False,0.3115746715482534,0.014907410021604471,2.294883566986103,0.034480022203704865,
0.25000000000000017,APPROACH,89.39374717721373,-0.003602874909545045,0.0804796585799447,2.00550724745781e-05,2.2911665376073858,4,0,False,0.3115787082736416,0.014925494348114323,2.294883566986103,0.034480022203704865,
0.25100000000000017,APPROACH,89.39374687776343,-0.0036556200813095976,0.08047967983653757,2.125659287130435e-05,2.290651798051508,4,0,False,0.31158271231431395,0.014943452970888477,2.294883566986103,0.034480022203704865,
0.25200000000000017,APPROACH,89.39374655677547,-0.0037086669594727606,0.080479702282415,2.2445877423800916e-05,2.290105411216191,4,0,False,0.3115866838312371,0.014961286666840542,2.294883566986103,0.034480022203704865,
0.25300000000000017,APPROACH,89.39374621424378,-0.003762015269717258,0.08047972590548647,2.362307147427344e-05,2.2895276679581174,4,0,False,0.3115906229930703,0.0149789962061013,2.294883566986103,0.034480022203704865,
0.25400000000000017,APPROACH,89.39374585018692,-0.0038156647358569924,0.08047975069379887,2.4788312407028737e-05,2.2889188564239307,4,0,False,0.3115945299758504,0.014996582352093307,2.294883566986103,0.034480022203704865,
0.25500000000000017,APPROACH,89.39374546464543,-0.0038696150798531266,0.08047977663552901,2.5941730135947505e-05,2.288279262076455,4,0,False,0.3115984049629887,0.015014045861583898,2.294883566986103,0.034480022203704865,
0.25600000000000017,APPROACH,89.39374505767954,-0.003923866021830036,0.08047980371897659,2.708344757841534e-05,2.287609167720671,4,0,False,0.3116022481448269,0.015031387484764416,2.294883566986103,0.034480022203704865,
0.2570000000000002,APPROACH,89.39374462936742,-0.003978417280091133,0.0804798319325577,2.8213581111560702e-05,2.2869088535294293,4,0,False,0.3116060597187041,0.015048607965293809,2.294883566986103,0.034480022203704865,
0.2580000000000002,APPROACH,89.39374417980285,-0.004033268571134564,0.08047986126479871,2.933224101469317e-05,2.2861785970689184,4,0,False,0.31160983988828456,0.015065708040378635,2.294883566986103,0.034480022203704865,
0.2590000000000002,APPROACH,89.39374370909376,-0.004088419609668779,0.0804798917043306,3.0439531891524075e-05,2.2854186733238784,4,0,False,0.31161358886364665,0.015082688440799893,2.294883566986103,0.034480022203704865,
0.2600000000000002,APPROACH,89.39374321736015,-0.0041438701086279825,0.08047992323988368,3.153555307726868e-05,2.284629354722566,4,0,False,0.3116173068606532,0.015099549890987843,2.294883566986103,0.034480022203704865,
0.2610000000000002,APPROACH,89.39374270473287,-0.004199619779187453,0.0804799558602827,3.262039902673483e-05,2.2838109111614795,4,0,False,0.3116209941009894,0.015116293109057016,2.294883566986103,0.034480022203704865,
0.2620000000000002,APPROACH,89.39374217135183,-0.004255668330778742,0.08047998955444238,3.369415968850094e-05,2.2829636100298356,4,0,False,0.311624650811557,0.015132918806883347,2.294883566986103,0.034480022203704865,
0.2630000000000002,APPROACH,89.39374161736497,-0.0043120154711047505,0.08048002431136324,3.4756920860118916e-05,2.282087716233809,4,0,False,0.3116282772245268,0.01514942769013429,2.294883566986103,0.034480022203704865,
0.2640000000000002,APPROACH,89.39374104292673,-0.004368660906154681,0.08048006012012776,3.580876452968525e-05,2.281183492220531,4,0,False,0.3116318735764976,0.01516582045834701,2.294883566986103,0.034480022203704865,
0.2650000000000002,APPROACH,89.39374044819706,-0.004425604340218875,0.08048009696989696,3.684976919437212e-05,2.2802511980018623,4,0,False,0.31163544010860655,0.015182097804928144,2.294883566986103,0.034480022203704865,
0.2660000000000002,APPROACH,89.39373983334048,-0.004482845475903527,0.08048013484990713,3.788001016621075e-05,2.2792910911779116,4,0,False,0.31163897706593563,0.01519826041724167,2.294883566986103,0.034480022203704865,
0.2670000000000002,APPROACH,89.39373919852473,-0.004540384014145275,0.08048017374946699,3.889955986077596e-05,2.2783034269603437,4,0,False,0.3116424846973764,0.015214308976635026,2.294883566986103,0.034480022203704865,
0.2680000000000002,APPROACH,89.39373854392024,-0.00459821965422568,0.08048021365795506,3.990848807072177e-05,2.277288458195443,4,0,False,0.3116459632553526,0.015230244158501792,2.294883566986103,0.034480022203704865,
0.2690000000000002,APPROACH,89.39373786969934,-0.004656352093785581,0.08048025456481729,4.090686222507663e-05,2.2762464353869607,4,0,False,0.3116494129950161,0.01524606663232713,2.294883566986103,0.034480022203704865,
0.2700000000000002,APPROACH,89.39373717603516,-0.004714781028839338,0.08048029645956492,4.1894747626161265e-05,2.2751776067187337,4,0,False,0.3116528341747039,0.01526177706169076,2.294883566986103,0.034480022203704865,
0.2710000000000002,APPROACH,89.39373646310138,-0.004773506153788953,0.08048033933177261,4.2872207681409165e-05,2.2740822180770723,4,0,False,0.31165622705507107,0.015277376104387771,2.294883566986103,0.034480022203704865,
0.2720000000000002,APPROACH,89.3937357310716,-0.004832527161438079,0.08048038317107672,4.383930411578426e-05,2.272960513072946,4,0,False,0.31165959189884873,0.015292864412414175,2.294883566986103,0.034480022203704865,
0.2730000000000002,APPROACH,89.3937349801185,-0.004891843743005913,0.08048042796717389,4.479609716775537e-05,2.2718127330639373,4,0,False,0.31166292897069064,0.015308242632016023,2.294883566986103,0.034480022203704865,
0.2740000000000002,APPROACH,89.39373421041368,-0.004951455588140977,0.08048047370981966,4.574264577417592e-05,2.270639117175978,4,0,False,0.3116662385369094,0.015323511403748297,2.294883566986103,0.034480022203704865,
0.2750000000000002,APPROACH,89.39373342212728,-0.005011362384934781,0.0804805203888274,4.667900774404007e-05,2.269439902324883,4,0,False,0.3116695208650885,0.015338671362522982,2.294883566986103,0.034480022203704865,
0.2760000000000002,APPROACH,89.39373261542725,-0.005071563819935372,0.08048056799406732,4.7605239917639726e-05,2.2682153232376634,4,0,False,0.31167277622390666,0.015353723137637762,2.294883566986103,0.034480022203704865,
0.2770000000000002,APPROACH,89.39373179047952,-0.005132059578160774,0.08048061651546563,4.8521398313992376e-05,2.266965612473634,4,0,False,0.3116760048827323,0.015368667352829879,2.294883566986103,0.034480022203704865,
0.2780000000000002,APPROACH,89.3937309474474,-0.005192849343112321,0.0804806659430039,4.942753826563774e-05,2.265691000445319,4,0,False,0.31167920711158786,0.01538350462630516,2.294883566986103,0.034480022203704865,
0.2790000000000002,APPROACH,89.39373008649139,-0.005253932796787865,0.08048071626671845,5.0323714543603735e-05,2.2643917154391353,4,0,False,0.3116823831806283,0.01539823557079472,2.294883566986103,0.034480022203704865,
0.2800000000000002,APPROACH,89.39372920776921,-0.00531530961969489,0.08048076747669991,5.1209981469964414e-05,2.2630679836358945,4,0,False,0.3116855333602965,0.01541286079358084,2.294883566986103,0.034480022203704865,
0.2810000000000002,APPROACH,89.39372831143541,-0.005376979490863502,0.08048081956309293,5.20863930242194e-05,2.2617200291310864,4,0,False,0.31168865792073347,0.015427380896569885,2.294883566986103,0.034480022203704865,
0.2820000000000002,APPROACH,89.39372739764138,-0.005438942087859322,0.08048087251609587,5.295300293579427e-05,2.2603480739549773,4,0,False,0.31169175713178204,0.015441796476297641,2.294883566986103,0.034480022203704865,
0.2830000000000002,APPROACH,89.39372646653523,-0.00550119708679626,0.08048092632596064,5.380986476907416e-05,2.258952338092502,4,0,False,0.3116948312627178,0.015456108123994491,2.294883566986103,0.034480022203704865,
0.2840000000000002,APPROACH,89.39372551826145,-0.005563744162349192,0.08048098098299264,5.4657032000410834e-05,2.257533039502963,4,0,False,0.3116978805821905,0.015470316425623895,2.294883566986103,0.034480022203704865,
0.2850000000000002,APPROACH,89.39372455296161,-0.00562658298776652,0.08048103647755073,5.549455808783493e-05,2.256090394139542,4,0,False,0.31170090535771106,0.015484421961933247,2.294883566986103,0.034480022203704865,
0.2860000000000002,APPROACH,89.39372357077339,-0.0056897132348826375,0.08048109280004725,5.632249652859871e-05,2.254624615968615,4,0,False,0.3117039058559216,0.015498425308461065,2.294883566986103,0.034480022203704865,
0.2870000000000002,APPROACH,89.39372257183128,-0.0057531345741302755,0.08048114994094817,5.714090091433544e-05,2.2531359169888803,4,0,False,0.3117068823420896,0.015512327035625946,2.294883566986103,0.034480022203704865,
0.2880000000000002,APPROACH,89.39372155626644,-0.005816846674552758,0.08048120789077315,5.794982497618789e-05,2.2516245072503,4,0,False,0.3117098350800951,0.015526127708729326,2.294883566986103,0.034480022203704865,
0.2890000000000002,APPROACH,89.39372052420636,-0.005880849203816146,0.08048126664009578,5.874932262504904e-05,2.250090594872856,4,0,False,0.311712764332597,0.015539827888021607,2.294883566986103,0.034480022203704865,
0.2900000000000002,APPROACH,89.39371947577553,-0.005945141828221275,0.08048132617954376,5.9539447989851555e-05,2.248534386065123,4,0,False,0.3117156703602,0.015553428128763348,2.294883566986103,0.034480022203704865,
0.2910000000000002,APPROACH,89.39371841109502,-0.0060097242127156985,0.0804813864997992,6.032025544170903e-05,2.246956085142667,4,0,False,0.31171855342204263,0.015566928981203959,2.294883566986103,0.034480022203704865,
0.2920000000000002,APPROACH,89.39371733028277,-0.006074596020905527,0.08048144759159882,6.109179961851324e-05,2.2453558945462513,4,0,False,0.31172141377508866,0.015580330990683025,2.294883566986103,0.034480022203704865,
0.2930000000000002,APPROACH,89.3937162334535,-0.0061397569150671676,0.08048150944573426,6.185413544140094e-05,2.243734014859874,4,0,False,0.31172425167471535,0.015593634697629269,2.294883566986103,0.034480022203704865,
0.2940000000000002,APPROACH,89.39371512071905,-0.006205206556158953,0.0804815720530524,6.260731813273021e-05,2.2420906448286253,4,0,False,0.3117270673739394,0.015606840637655488,2.294883566986103,0.034480022203704865,
0.2950000000000002,APPROACH,89.39371399218834,-0.0062709446038326875,0.08048163540445562,6.335140322383759e-05,2.240425981376382,4,0,False,0.31172986112375095,0.015619949341544238,2.294883566986103,0.034480022203704865,
0.2960000000000002,APPROACH,89.3937128479673,-0.006336970716445085,0.08048169949090218,6.408644656157667e-05,2.238740219623311,4,0,False,0.31173263317299604,0.015632961335323763,2.294883566986103,0.034480022203704865,
0.2970000000000002,APPROACH,89.39371168815927,-0.006403284551069105,0.08048176430340649,6.481250431270827e-05,2.23703355290322,4,0,False,0.3117353837680572,0.015645877140307927,2.294883566986103,0.034480022203704865,
0.2980000000000002,APPROACH,89.39371051286497,-0.006469885763505206,0.08048182983303945,6.552963296137295e-05,2.235306172780734,4,0,False,0.31173811315311245,0.015658697273115023,2.294883566986103,0.034480022203704865,
0.2990000000000002,APPROACH,89.39370932218257,-0.006536774008292489,0.08048189607092876,6.623788930744262e-05,2.233558269068298,4,0,False,0.3117408215699615,0.015671422245738933,2.294883566986103,0.034480022203704865,
0.3000000000000002,APPROACH,89.39370811620799,-0.00660394893871975,0.08048196300825922,6.693733046119718e-05,2.2317900298430207,4,0,False,0.31174350925766786,0.01568405256557464,2.294883566986103,0.034480022203704865,
0.3010000000000002,APPROACH,89.39370689503478,-0.006671410206836445,0.08048203063627304,6.76280138307593e-05,2.2300016414633608,4,0,False,0.31174617645311287,0.01569658873543322,2.294883566986103,0.034480022203704865,
0.3020000000000002,APPROACH,89.39370565875423,-0.006739157463463548,0.08048209894627016,6.830999711671949e-05,2.228193288585636,4,0,False,0.3117488233908008,0.015709031253652084,2.294883566986103,0.034480022203704865,
0.3030000000000002,APPROACH,89.39370440745584,-0.006807190358204323,0.08048216792960847,6.898333830254689e-05,2.2263651541803844,4,0,False,0.31175145030214213,0.01572138061409653,2.294883566986103,0.034480022203704865,
0.3040000000000002,APPROACH,89.39370314122695,-0.006875508539455012,0.0804822375777041,6.964809563339725e-05,2.2245174195485697,4,0,False,0.31175405741633183,0.01573363730615262,2.294883566986103,0.034480022203704865,
0.3050000000000002,APPROACH,89.39370186015327,-0.0069441116544154136,0.08048230788203171,7.030432760391601e-05,2.2226502643376116,4,0,False,0.31175664496007194,0.0157458018148496,2.294883566986103,0.034480022203704865,
0.3060000000000002,APPROACH,89.39370056431866,-0.007012999349099384,0.08048237883412467,7.095209294580376e-05,2.2207638665572773,4,0,False,0.31175921315721644,0.015757874620877084,2.294883566986103,0.034480022203704865,
0.3070000000000002,APPROACH,89.39369925380545,-0.007082171268345246,0.08048245042557527,7.159145060698337e-05,2.2188584025954197,4,0,False,0.3117617622290777,0.015769856200590883,2.294883566986103,0.034480022203704865,
0.3080000000000002,APPROACH,89.3936979286945,-0.007151627055826108,0.080482522648035,7.222245973342974e-05,2.216934047233551,4,0,False,0.31176429239438364,0.015781747026086264,2.294883566986103,0.034480022203704865,
0.3090000000000002,APPROACH,89.39369658906523,-0.007221366354060092,0.08048259549321465,7.284517965073847e-05,2.2149909736622733,4,0,False,0.3117668038692274,0.015793547565228577,2.294883566986103,0.034480022203704865,
0.3100000000000002,APPROACH,89.3936952349958,-0.0072913888044204775,0.0804826689528845,7.345966984437816e-05,2.2130293534965597,4,0,False,0.3117692968669855,0.015805258281692346,2.294883566986103,0.034480022203704865,
0.3110000000000002,APPROACH,89.39369386656321,-0.007361694047145761,0.08048274301887444,7.406598993899981e-05,2.211049356790888,4,0,False,0.31177177159861263,0.015816879634999323,2.294883566986103,0.034480022203704865,
0.3120000000000002,APPROACH,89.39369248384328,-0.0074322817213496204,0.08048281768307412,7.466419967981918e-05,2.2090511520542218,4,0,False,0.31177422827227086,0.015828412080572063,2.294883566986103,0.034480022203704865,
0.3130000000000002,APPROACH,89.39369108691086,-0.007503151465030807,0.08048289293743303,7.525435891042159e-05,2.2070349062648584,4,0,False,0.31177666709363,0.015839856069748547,2.294883566986103,0.034480022203704865,
0.3140000000000002,APPROACH,89.39368967583998,-0.007574302915082941,0.08048296877396059,7.5836527553108e-05,2.2050007848851205,4,0,False,0.3117790882658666,0.015851212049846984,2.294883566986103,0.034480022203704865,
0.3150000000000002,APPROACH,89.39368825070358,-0.007645735707304229,0.08048304518472618,7.641076558958368e-05,2.202948951875915,4,0,False,0.31178149198929156,0.015862480464195902,2.294883566986103,0.034480022203704865,
0.3160000000000002,APPROACH,89.39368681157417,-0.007717449476407107,0.08048312216185922,7.697713303602517e-05,2.2008795697111503,4,0,False,0.311783878461966,0.015873661752142373,2.294883566986103,0.034480022203704865,
0.3170000000000002,APPROACH,89.39368535852324,-0.007789443856027782,0.08048319969754915,7.753568992602714e-05,2.198792799392001,4,0,False,0.31178624787935744,0.015884756349146108,2.294883566986103,0.034480022203704865,
0.3180000000000002,APPROACH,89.3936838916219,-0.00786171847873571,0.08048327778404545,7.808649629059784e-05,2.196688800461058,4,0,False,0.31178860043438206,0.015895764686782207,2.294883566986103,0.034480022203704865,
0.31900000000000023,APPROACH,89.39368241094054,-0.007934272976042983,0.08048335641365759,7.862961213699712e-05,2.194567731016324,4,0,False,0.3117909363174841,0.015906687192778747,2.294883566986103,0.034480022203704865,
0.32000000000000023,APPROACH,89.3936809165492,-0.00800710697841365,0.08048343557875502,7.916509742909245e-05,2.192429747725079,4,0,False,0.31179325571669947,0.015917524291063967,2.294883566986103,0.034480022203704865,
0.32100000000000023,APPROACH,89.39367940851734,-0.008080220115272934,0.08048351527176709,7.969301206895159e-05,2.1902750058376124,4,0,False,0.3117955588177038,0.01592827640180499,2.294883566986103,0.034480022203704865,
0.32200000000000023,APPROACH,89.39367788691425,-0.008153612015016397,0.08048359548518297,8.021341587902269e-05,2.188103659200823,4,0,False,0.31179784580360503,0.015938943941444086,2.294883566986103,0.034480022203704865,
0.32300000000000023,APPROACH,89.39367635180867,-0.008227282305019014,0.08048367621155154,8.072636858160226e-05,2.18591586027169,4,0,False,0.3118001168553188,0.01594952732271636,2.294883566986103,0.034480022203704865,
0.32400000000000023,APPROACH,89.39367480326912,-0.008301230611644174,0.08048375744348132,8.123192978242497e-05,2.1837117601306026,4,0,False,0.31180237215129025,0.015960026954715704,2.294883566986103,0.034480022203704865,
0.32500000000000023,APPROACH,89.39367324136401,-0.008375456560252603,0.08048383917364028,8.173015895331844e-05,2.181491508494577,4,0,False,0.3118046118678633,0.015970443242910727,2.294883566986103,0.034480022203704865,
0.32600000000000023,APPROACH,89.39367166616137,-0.008449959775211211,0.0804839213947557,8.222111541712414e-05,2.179255253730336,4,0,False,0.3118068361788983,0.015980776589198407,2.294883566986103,0.034480022203704865,
0.32700000000000023,APPROACH,89.39367007772921,-0.008524739879901868,0.08048400409961402,8.270485832958946e-05,2.1770031428672634,4,0,False,0.3118090452561085,0.01599102739191139,2.294883566986103,0.034480022203704865,
0.32800000000000024,APPROACH,89.39366847613533,-0.008599796496730108,0.08048408728106068,8.318144666424392e-05,2.1747353216102363,4,0,False,0.3118112392690891,0.016001196045876707,2.294883566986103,0.034480022203704865,
0.32900000000000024,APPROACH,89.39366686144746,-0.00867512924713375,0.08048417093199989,8.365093919912552e-05,2.1724519343523268,4,0,False,0.3118134183850578,0.01601128294245032,2.294883566986103,0.034480022203704865,
0.33000000000000024,APPROACH,89.39366523373326,-0.008750737751591454,0.08048425504539439,8.411339450149567e-05,2.1701531241873937,4,0,False,0.3118155827693937,0.016021288469537404,2.294883566986103,0.034480022203704865,
0.33100000000000024,APPROACH,89.39366359306037,-0.008826621629631208,0.08048433961426531,8.456887091613526e-05,2.167839032922538,4,0,False,0.3118177325850887,0.016031213011647602,2.294883566986103,0.034480022203704865,
0.33200000000000024,APPROACH,89.39366193949638,-0.00890278049983874,0.08048442463169186,8.501742655017218e-05,2.1655098010904497,4,0,False,0.3118198679932195,0.016041056949897305,2.294883566986103,0.034480022203704865,
0.33300000000000024,APPROACH,89.39366027310895,-0.00897921397986586,0.08048451009081113,8.545911926167238e-05,2.163165567961628,4,0,False,0.3118219891527377,0.01605082066207318,2.294883566986103,0.034480022203704865,
0.33400000000000024,APPROACH,89.39365859396555,-0.009055921686438729,0.08048459598481777,8.589400664807489e-05,2.16080647155649,4,0,False,0.31182409622072593,0.016060504522651044,2.294883566986103,0.034480022203704865,
0.33500000000000024,APPROACH,89.39365690213393,-0.009132903235366061,0.08048468230696382,8.632214603659093e-05,2.1584326486573526,4,0,False,0.31182618935217626,0.01607010890284208,2.294883566986103,0.034480022203704865,
0.33600000000000024,APPROACH,89.39365519768174,-0.009210158241547271,0.08048476905055829,8.67435944726206e-05,2.156044234820312,4,0,False,0.31182826870014846,0.016079634170604692,2.294883566986103,0.034480022203704865,
0.33700000000000024,APPROACH,89.39365348067668,-0.009287686318980528,0.080484856208967,8.715840870959835e-05,2.153641364387,4,0,False,0.31183033441586716,0.016089080690688776,2.294883566986103,0.034480022203704865,
0.33800000000000024,APPROACH,89.39365175118652,-0.009365487080770762,0.0804849437756122,8.756664520085923e-05,2.151224170496225,4,0,False,0.31183238664859686,0.016098448824673622,2.294883566986103,0.034480022203704865,
0.33900000000000025,APPROACH,89.39365000927917,-0.009443560139137603,0.0804850317439723,8.796836009089721e-05,2.148792785095507,4,0,False,0.31183442554593815,0.01610773893099051,2.294883566986103,0.034480022203704865,
0.34000000000000025,APPROACH,89.39364825502251,-0.009521905105423238,0.0804851201075815,8.836360920917396e-05,2.146347338952501,4,0,False,0.3118364512534051,0.01611695136496779,2.294883566986103,0.034480022203704865,
0.34100000000000025,APPROACH,89.3936464884845,-0.009600521590100232,0.08048520886002956,8.875244805939988e-05,2.1438879616663034,4,0,False,0.31183846391496534,0.016126086478827885,2.294883566986103,0.034480022203704865,
0.34200000000000025,APPROACH,89.3936447097333,-0.009679409202779248,0.08048529799496137,8.913493181498015e-05,2.1414147816786557,4,0,False,0.3118404636727545,0.01613514462176438,2.294883566986103,0.034480022203704865,
0.34300000000000025,APPROACH,89.39364291883692,-0.009758567552216742,0.08048538750607669,8.951111531265319e-05,2.138927926285038,4,0,False,0.3118424506671137,0.016144126139940325,2.294883566986103,0.034480022203704865,
0.34400000000000025,APPROACH,89.39364111586364,-0.009837996246322561,0.08048547738712973,8.988105304524275e-05,2.136427521645653,4,0,False,0.3118444250368661,0.016153031376524227,2.294883566986103,0.034480022203704865,
0.34500000000000025,APPROACH,89.39363930088174,-0.009917694892167504,0.08048556763192889,9.024479915846886e-05,2.1339136927963103,4,0,False,0.3118463869189714,0.016161860671736937,2.294883566986103,0.034480022203704865,
0.34600000000000025,APPROACH,89.39363747395953,-0.009997663095990802,0.08048565823433633,9.060240744427021e-05,2.1313865636591975,4,0,False,0.3118483364489598,0.01617061436285301,2.294883566986103,0.034480022203704865,
0.34700000000000025,APPROACH,89.39363563516538,-0.010077900463207553,0.08048574918826767,9.095393133836398e-05,2.1288462570535547,4,0,False,0.3118502737605828,0.016179292784262486,2.294883566986103,0.034480022203704865,
0.34800000000000025,APPROACH,89.39363378456777,-0.010158406598416082,0.08048584048769158,9.129942391524054e-05,2.126292894706241,4,0,False,0.3118521989862099,0.01618789626747083,2.294883566986103,0.034480022203704865,
0.34900000000000025,APPROACH,89.39363192223512,-0.01023918110540525,0.08048593212662947,9.163893788628879e-05,2.1237265972622015,4,0,False,0.31185411225638504,0.016196425141153874,2.294883566986103,0.034480022203704865,
0.35000000000000026,APPROACH,89.39363004823605,-0.010320223587161705,0.08048602409915506,9.197252559382461e-05,2.121147484294834,4,0,False,0.31185601370040467,0.016204879731149945,2.294883566986103,0.034480022203704865,
0.35100000000000026,APPROACH,89.39362816263913,-0.010401533645877063,0.08048611639939407,9.230023901063953e-05,2.1185556743162492,4,0,False,0.3118579034457505,0.016213260360530883,2.294883566986103,0.034480022203704865,
0.35200000000000026,APPROACH,89.39362626551282,-0.010483110882955044,0.0804862090215238,9.262212973587381e-05,2.1159512847874407,4,0,False,0.31185978161890987,0.016221567349591813,2.294883566986103,0.034480022203704865,
0.35300000000000026,APPROACH,89.39362435692583,-0.010564954899018542,0.0804863019597728,9.293824899773412e-05,2.113334432128352,4,0,False,0.31186164834441543,0.016229801015932334,2.294883566986103,0.034480022203704865,
0.35400000000000026,APPROACH,89.39362243694674,-0.010647065293916637,0.08048639520842045,9.324864764706814e-05,2.110705231727847,4,0,False,0.3118635037455953,0.01623796167440493,2.294883566986103,0.034480022203704865,
0.35500000000000026,APPROACH,89.39362050564412,-0.010729441666731558,0.0804864887617966,9.355337615670696e-05,2.108063797953585,4,0,False,0.3118653479444081,0.016246049637204482,2.294883566986103,0.034480022203704865,
0.35600000000000026,APPROACH,89.39361856308655,-0.010812083615785582,0.08048658261428122,9.385248462263107e-05,2.105410244161796,4,0,False,0.3118671810614674,0.016254065213883097,2.294883566986103,0.034480022203704865,
0.35700000000000026,APPROACH,89.39361660934259,-0.010894990738647883,0.080486676760304,9.414602276415076e-05,2.10274468270697,4,0,False,0.31186900321576994,0.0162620087113712,2.294883566986103,0.034480022203704865,
0.35800000000000026,APPROACH,89.39361464448075,-0.010978162632141318,0.08048677119434391,9.443403991939175e-05,2.100067224951448,4,0,False,0.3118708145252432,0.01626988043397687,2.294883566986103,0.034480022203704865,
0.35900000000000026,APPROACH,89.39361266856959,-0.011061598892349173,0.08048686591092896,9.471658504765257e-05,2.0973779812749136,4,0,False,0.3118726151063403,0.01627768068346118,2.294883566986103,0.034480022203704865,
0.36000000000000026,APPROACH,89.39361068167733,-0.011145299114621839,0.0804869609046357,9.49937067294604e-05,2.0946770610838055,4,0,False,0.3118744050743645,0.016285409759029416,2.294883566986103,0.034480022203704865,
0.36100000000000027,APPROACH,89.39360868387243,-0.011229262893583444,0.08048705617008886,9.526545316802252e-05,2.0919645728206318,4,0,False,0.31187618454317584,0.016293067957380142,2.294883566986103,0.034480022203704865,
0.36200000000000027,APPROACH,89.39360667522314,-0.011313489823138428,0.08048715170196105,9.553187218825987e-05,2.0892406239731973,4,0,False,0.3118779536255361,0.016300655572702417,2.294883566986103,0.034480022203704865,
0.36300000000000027,APPROACH,89.39360465579759,-0.011397979496478071,0.08048724749497228,9.579301123849605e-05,2.0865053210837363,4,0,False,0.3118797124327076,0.01630817289672596,2.294883566986103,0.034480022203704865,
0.36400000000000027,APPROACH,89.3936026256639,-0.011482731506086965,0.08048734354388967,9.604891738895695e-05,2.0837587697579645,4,0,False,0.3118814610749533,0.016315620218716687,2.294883566986103,0.034480022203704865,
0.36500000000000027,APPROACH,89.39360058488992,-0.011567745443749434,0.080487439843527,9.629963733473479e-05,2.0810010746740337,4,0,False,0.3118831996614601,0.01632299782553761,2.294883566986103,0.034480022203704865,
0.36600000000000027,APPROACH,89.39359853354354,-0.011653020900555897,0.08048753638874441,9.654521740044189e-05,2.0782323395914135,4,0,False,0.3118849282998871,0.016330306001671617,2.294883566986103,0.034480022203704865,
0.36700000000000027,APPROACH,89.39359647169248,-0.011738557466909202,0.08048763317444795,9.678570353679295e-05,2.0754526673596785,4,0,False,0.31188664709686476,0.016337545029192407,2.294883566986103,0.034480022203704865,
0.36800000000000027,APPROACH,89.39359439940421,-0.011824354732530884,0.08048773019558927,9.702114132233002e-05,2.0726621599272086,4,0,False,0.3118883561579514,0.01634471518783858,2.294883566986103,0.034480022203704865,
0.36900000000000027,APPROACH,89.39359231674614,-0.01191041228646739,0.08048782744716525,9.725157596795471e-05,2.0698609183498067,4,0,False,0.3118900555874612,0.01635181675503701,2.294883566986103,0.034480022203704865,
0.3700000000000003,APPROACH,89.39359022378542,-0.011996729717096252,0.08048792492421757,9.7477052317015e-05,2.0670490427992427,4,0,False,0.31189174548869797,0.016358850005896708,2.294883566986103,0.034480022203704865,
0.3710000000000003,APPROACH,89.3935881205893,-0.012083306612132203,0.08048802262183241,9.769761484754553e-05,2.064226632571699,4,0,False,0.31189342596355757,0.016365815213254725,2.294883566986103,0.034480022203704865,
0.3720000000000003,APPROACH,89.39358600722453,-0.012170142558633263,0.08048812053514008,9.791330767165995e-05,2.0613937860961467,4,0,False,0.3118950971133716,0.016372712647672483,2.294883566986103,0.034480022203704865,
0.3730000000000003,APPROACH,89.39358388375774,-0.012257237143006755,0.08048821865931463,9.812417454379291e-05,2.058550600942633,4,0,False,0.3118967590379669,0.01637954257752272,2.294883566986103,0.034480022203704865,
0.3740000000000003,APPROACH,89.39358175025548,-0.012344589951015287,0.08048831698957348,9.833025885883412e-05,2.0556971738304983,4,0,False,0.31189841183615724,0.016386305268926447,2.294883566986103,0.034480022203704865,
0.3750000000000003,APPROACH,89.39357960678396,-0.012432200567782695,0.08048841552117714,9.85316036529306e-05,2.0528336006365047,4,0,False,0.31190005560589823,0.01639300098582029,2.294883566986103,0.034480022203704865,
0.3760000000000003,APPROACH,89.39357745340922,-0.012520068577799916,0.08048851424942875,9.87282516088375e-05,2.0499599764028837,4,0,False,0.311901690443878,0.01639962998998941,2.294883566986103,0.034480022203704865,
0.3770000000000003,APPROACH,89.39357529019705,-0.012608193564930842,0.0804886131696738,9.892024505629966e-05,2.0470763953453184,4,0,False,0.3119033164459679,0.016406192541054472,2.294883566986103,0.034480022203704865,
0.3780000000000003,APPROACH,89.39357311721311,-0.012696575112418106,0.08048871227729978,9.91076259756055e-05,2.044182950860837,4,0,False,0.31190493370679206,0.01641268889652594,2.294883566986103,0.034480022203704865,
0.3790000000000003,APPROACH,89.39357093452267,-0.01278521280288884,0.08048881156773578,9.929043599851158e-05,2.0412797355356367,4,0,False,0.3119065423203108,0.016419119311794947,2.294883566986103,0.034480022203704865,
0.3800000000000003,APPROACH,89.39356874219085,-0.012874106218360373,0.0804889110364522,9.946871641380934e-05,2.0383668411528277,4,0,False,0.3119081423791367,0.016425484040195712,2.294883566986103,0.034480022203704865,
0.3810000000000003,APPROACH,89.39356654028245,-0.012963254940245906,0.08048901067896036,9.964250816620194e-05,2.0354443587001074,4,0,False,0.31190973397509153,0.0164317833329675,2.294883566986103,0.034480022203704865,
0.3820000000000003,APPROACH,89.39356432886207,-0.01305265854936012,0.08048911049081223,9.981185186027956e-05,2.0325123783773527,4,0,False,0.31191131719914666,0.016438017439330523,2.294883566986103,0.034480022203704865,
0.3830000000000003,APPROACH,89.39356210799404,-0.013142316625924754,0.08048921046759999,9.997678776495797e-05,2.0295709896041454,4,0,False,0.3119128921409412,0.016444186606485542,2.294883566986103,0.034480022203704865,
0.3840000000000003,APPROACH,89.39355987774239,-0.013232228749574143,0.0804893106049558,0.00010013735581114565,2.026620281027226,4,0,False,0.3119144588896157,0.016450291079602435,2.294883566986103,0.034480022203704865,
0.3850000000000003,APPROACH,89.39355763817073,-0.013322394499360698,0.0804894108985514,0.00010029359559926175,2.0236603405278633,4,0,False,0.3119160175330884,0.016456331101910304,2.294883566986103,0.034480022203704865,
0.3860000000000003,APPROACH,89.39355538934265,-0.013412813453760365,0.08048951134409779,0.0001004455463999927,2.020691255229173,4,0,False,0.31191756815858546,0.016462306914652877,2.294883566986103,0.034480022203704865,
0.3870000000000003,APPROACH,89.39355313132131,-0.013503485190678021,0.08048961193734495,0.00010059324715835971,2.0177131115033475,4,0,False,0.311919110852148,0.016468218757148795,2.294883566986103,0.034480022203704865,
0.3880000000000003,APPROACH,89.3935508641696,-0.01359440928745285,0.08048971267408145,0.00010073673649306492,2.0147259949788245,4,0,False,0.3119206456990819,0.016474066866768222,2.294883566986103,0.034480022203704865,
0.3890000000000003,APPROACH,89.39354858795,-0.013685585320863659,0.08048981355013415,0.00010087605270027646,2.0117299905473813,4,0,False,0.31192217278383927,0.01647985147899428,2.294883566986103,0.034480022203704865,
0.3900000000000003,APPROACH,89.39354630272489,-0.013777012867134165,0.0804899145613679,0.00010101123375787356,2.008725182371165,4,0,False,0.3119236921898868,0.016485572827430087,2.294883566986103,0.034480022203704865,
0.3910000000000003,APPROACH,89.39354400855629,-0.01386869150193824,0.08049001570368523,0.00010114231732601018,2.005711653889657,4,0,False,0.3119252039998303,0.01649123114379837,2.294883566986103,0.034480022203704865,
0.3920000000000003,APPROACH,89.39354170550563,-0.013960620800405114,0.08049011697302598,0.00010126934075008883,2.0026894878265593,4,0,False,0.31192670829561064,0.016496826657982168,2.294883566986103,0.034480022203704865,
0.3930000000000003,APPROACH,89.39353939363444,-0.014052800337124536,0.08049021836536704,0.0001013923410659967,1.9996587661966234,4,0,False,0.3119282051580611,0.01650235959805184,2.294883566986103,0.034480022203704865,
0.3940000000000003,APPROACH,89.39353707300367,-0.014145229686151905,0.08049031987672205,0.00010151135499934238,1.9966195703124192,4,0,False,0.31192969466724496,0.016507830190239332,2.294883566986103,0.034480022203704865,
0.3950000000000003,APPROACH,89.39353474367404,-0.014237908421013358,0.08049042150314102,0.00010162641896799064,1.9935719807910168,4,0,False,0.3119311769025443,0.01651323865899427,2.294883566986103,0.034480022203704865,
0.3960000000000003,APPROACH,89.39353240570593,-0.014330836114710813,0.08049052324071011,0.00010173756908703754,1.9905160775606239,4,0,False,0.3119326519422764,0.016518585227003196,2.294883566986103,0.034480022203704865,
0.3970000000000003,APPROACH,89.39353005915937,-0.014424012339726986,0.08049062508555128,0.0001018448411691577,1.9874519398671533,4,0,False,0.31193411986415187,0.01652387011517782,2.294883566986103,0.034480022203704865,
0.3980000000000003,APPROACH,89.39352770409415,-0.014517436668030362,0.08049072703382201,0.00010194827072779217,1.9843796462807215,4,0,False,0.3119355807449243,0.016529093542700754,2.294883566986103,0.034480022203704865,
0.3990000000000003,APPROACH,89.3935253405696,-0.01461110867108013,0.080490829081715,0.00010204789297908419,1.9812992747020903,4,0,False,0.3119370346607206,0.016534255727025125,2.294883566986103,0.034480022203704865,
0.4000000000000003,APPROACH,89.3935229686448,-0.014705027919831084,0.08049093122545785,0.00010214374284686887,1.9782109023690462,4,0,False,0.3119384816867185,0.016539356883919096,2.294883566986103,0.034480022203704865,
0.4010000000000003,APPROACH,89.39352058837855,-0.014799193984738484,0.08049103346131281,0.00010223585496211876,1.975114605862715,4,0,False,0.311939921897334,0.016544397227435746,2.294883566986103,0.034480022203704865,
0.4020000000000003,APPROACH,89.3935181998292,-0.014893606435762891,0.08049113578557647,0.00010232426366507334,1.972010461113815,4,0,False,0.3119413553662852,0.016549376969964634,2.294883566986103,0.034480022203704865,
0.4030000000000003,APPROACH,89.39351580305475,-0.014988264842374947,0.08049123819457948,0.00010240900300958141,1.968898543408851,4,0,False,0.31194278216657617,0.016554296322250146,2.294883566986103,0.034480022203704865,
0.4040000000000003,APPROACH,89.39351339811306,-0.015083168773560137,0.08049134068468625,0.000102490106766178,1.9657789273962514,4,0,False,0.3119442023702299,0.016559155493399813,2.294883566986103,0.034480022203704865,
0.4050000000000003,APPROACH,89.39351098506138,-0.01517831779782351,0.08049144325229467,0.00010256760842091953,1.9626516870924426,4,0,False,0.3119456160487148,0.01656395469087668,2.294883566986103,0.034480022203704865,
0.4060000000000003,APPROACH,89.39350856395691,-0.015273711483194364,0.08049154589383585,0.00010264154118001532,1.9595168958878622,4,0,False,0.3119470232727504,0.01656869412056146,2.294883566986103,0.034480022203704865,
0.4070000000000003,APPROACH,89.39350613485621,-0.015369349397230891,0.08049164860577382,0.0001027119379730622,1.9563746265529176,4,0,False,0.3119484241122375,0.01657337398674092,2.294883566986103,0.034480022203704865,
0.4080000000000003,APPROACH,89.3935036978157,-0.015465231107024805,0.08049175138460528,0.00010277883145368331,1.9532249512438906,4,0,False,0.3119498186364234,0.01657799449212192,2.294883566986103,0.034480022203704865,
0.4090000000000003,APPROACH,89.39350125289154,-0.015561356179205916,0.08049185422685928,0.00010284225400225823,1.950067941508776,4,0,False,0.31195120691375344,0.016582555837856706,2.294883566986103,0.034480022203704865,
0.4100000000000003,APPROACH,89.39349880013927,-0.015657724179946687,0.08049195712909701,0.00010290223772745755,1.9469036682930718,4,0,False,0.31195258901206907,0.016587058223549153,2.294883566986103,0.034480022203704865,
0.4110000000000003,APPROACH,89.39349633961432,-0.015754334674966747,0.08049206008791149,0.00010295881446956335,1.9437322019455037,4,0,False,0.31195396499842243,0.016591501847285542,2.294883566986103,0.034480022203704865,
0.4120000000000003,APPROACH,89.39349387137176,-0.015851187229537374,0.0804921630999273,0.00010301201580178193,1.9405536122237073,4,0,False,0.31195533493916017,0.01659588690563045,2.294883566986103,0.034480022203704865,
0.4130000000000003,APPROACH,89.39349139546619,-0.015948281408485948,0.08049226616180033,0.00010306187303228647,1.9373679682998441,4,0,False,0.3119566989000867,0.016600213593654364,2.294883566986103,0.034480022203704865,
0.4140000000000003,APPROACH,89.39348891195193,-0.016045616776200367,0.08049236927021754,0.00010310841720857514,1.9341753387661684,4,0,False,0.31195805694624074,0.016604482104959434,2.294883566986103,0.034480022203704865,
0.4150000000000003,APPROACH,89.39348642088302,-0.016143192896633435,0.08049247242189665,0.00010315167911834189,1.9309757916405421,4,0,False,0.31195940914176634,0.01660869263166769,2.294883566986103,0.034480022203704865,
0.4160000000000003,APPROACH,89.39348392231314,-0.016241009333307223,0.08049257561358594,0.00010319168928839659,1.9277693943718888,4,0,False,0.31196075555055114,0.016612845364434164,2.294883566986103,0.034480022203704865,
0.4170000000000003,APPROACH,89.39348141629569,-0.016339065649317384,0.08049267884206393,0.00010322847799114556,1.9245562138456027,4,0,False,0.3119620962353968,0.0166169404925066,2.294883566986103,0.034480022203704865,
0.4180000000000003,APPROACH,89.39347890288359,-0.016437361407337456,0.08049278210413917,0.00010326207524329497,1.921336316388901,4,0,False,0.3119634312588965,0.01662097820367734,2.294883566986103,0.034480022203704865,
0.4190000000000003,APPROACH,89.39347638212945,-0.01653589616962311,0.08049288539664998,0.00010329251081228199,1.9181097677761225,4,0,False,0.31196476068265755,0.016624958684368654,2.294883566986103,0.034480022203704865,
0.4200000000000003,APPROACH,89.39347385408573,-0.016634669498016386,0.0804929887164642,0.00010331981421482235,1.9148766332339884,4,0,False,0.3119660845676285,0.016628882119572863,2.294883566986103,0.034480022203704865,
0.4210000000000003,APPROACH,89.39347131880432,-0.01673368095394991,0.08049309206047892,0.00010334401471723628,1.91163697744679,4,0,False,0.3119674029743639,0.0166327486929004,2.294883566986103,0.034480022203704865,
0.4220000000000003,APPROACH,89.39346877633693,-0.016832930098451042,0.08049319542562025,0.000103365141341535,1.9083908645615415,4,0,False,0.3119687159627986,0.016636558586621684,2.294883566986103,0.034480022203704865,
0.4230000000000003,APPROACH,89.39346622673483,-0.01693241649214603,0.08049329880884312,0.00010338322286824018,1.9051383581930832,4,0,False,0.31197002359185666,0.016640311981647594,2.294883566986103,0.034480022203704865,
0.4240000000000003,APPROACH,89.39346367004917,-0.017032139695264126,0.08049340220713096,0.00010339828783209713,1.9018795214291329,4,0,False,0.31197132592021554,0.016644009057512787,2.294883566986103,0.034480022203704865,
0.4250000000000003,APPROACH,89.39346110633052,-0.017132099267641653,0.08049350561749548,0.00010341036452837644,1.8986144168352754,4,0,False,0.3119726230058871,0.016647649992463334,2.294883566986103,0.034480022203704865,
0.4260000000000003,APPROACH,89.39345853562921,-0.017232294768726078,0.0804936090369765,0.00010341948101557354,1.8953431064599278,4,0,False,0.3119739149061918,0.016651234963423273,2.294883566986103,0.034480022203704865,
0.4270000000000003,APPROACH,89.39345595799531,-0.01733272575758002,0.08049371246264161,0.00010342566511594113,1.8920656518392407,4,0,False,0.3119752016779333,0.0166547641460121,2.294883566986103,0.034480022203704865,
0.4280000000000003,APPROACH,89.3934533734785,-0.017433391792885264,0.08049381589158604,0.00010342894441795588,1.8887821140019532,4,0,False,0.31197648337727385,0.016658237714565982,2.294883566986103,0.034480022203704865,
0.4290000000000003,APPROACH,89.3934507821281,-0.017534292432946717,0.08049391932093232,0.00010342934627675556,1.885492553474207,4,0,False,0.3119777600595604,0.016661655842135935,2.294883566986103,0.034480022203704865,
0.4300000000000003,APPROACH,89.39344818399331,-0.01763542723569636,0.08049402274783013,0.0001034268978130028,1.8821970302843063,4,0,False,0.3119790317800699,0.01666501870049563,2.294883566986103,0.034480022203704865,
0.4310000000000003,APPROACH,89.39344557912274,-0.017736795758697157,0.08049412616945605,0.00010342162592177987,1.878895603967432,4,0,False,0.31198029859317594,0.0166683264602173,2.294883566986103,0.034480022203704865,
0.43200000000000033,APPROACH,89.39344296756481,-0.017838397559146933,0.08049422958301332,0.00010341355727311513,1.8755883335703263,4,0,False,0.31198156055294823,0.016671579290614573,2.294883566986103,0.034480022203704865,
0.43300000000000033,APPROACH,89.39344034936771,-0.017940232193882247,0.08049433298573164,0.00010340271831339394,1.8722752776559104,4,0,False,0.31198281771207637,0.016674777359781935,2.294883566986103,0.034480022203704865,
0.43400000000000033,APPROACH,89.39343772457916,-0.018042299219382225,0.08049443637486689,0.00010338913525698176,1.868956494307872,4,0,False,0.31198407012392354,0.016677920834534704,2.294883566986103,0.034480022203704865,
0.43500000000000033,APPROACH,89.39343509324677,-0.018144598191772353,0.08049453974770099,0.000103372834102898,1.8656320411351863,4,0,False,0.3119853178404269,0.01668100988060548,2.294883566986103,0.034480022203704865,
0.43600000000000033,APPROACH,89.3934324554175,-0.018247128666828264,0.08049464310154161,0.00010335384063004535,1.862301975276635,4,0,False,0.31198656091319155,0.016684044662454253,2.294883566986103,0.034480022203704865,
0.43700000000000033,APPROACH,89.393429811138,-0.018349890199979502,0.08049474643372201,0.00010333218039759402,1.8589663534052387,4,0,False,0.3119877993936701,0.016687025343391636,2.294883566986103,0.034480022203704865,
0.43800000000000033,APPROACH,89.39342716045533,-0.01845288234631323,0.08049484974160076,0.0001033078787530339,1.8556252317326716,4,0,False,0.3119890333320912,0.016689952085594824,2.294883566986103,0.034480022203704865,
0.43900000000000033,APPROACH,89.39342450341542,-0.018556104660577943,0.08049495302256159,0.00010328096082571169,1.8522786660136272,4,0,False,0.3119902627786315,0.016692825050020586,2.294883566986103,0.034480022203704865,
0.44000000000000034,APPROACH,89.39342184006428,-0.018659556697187156,0.08049505627401311,0.00010325145153115366,1.848926711550131,4,0,False,0.3119914877827579,0.01669564439652911,2.294883566986103,0.034480022203704865,
0.44100000000000034,APPROACH,89.39341917044746,-0.018763238010223043,0.08049515949338869,0.00010321937557391805,1.8455694231958297,4,0,False,0.31199270839357607,0.016698410283839837,2.294883566986103,0.034480022203704865,
0.44200000000000034,APPROACH,89.39341649461036,-0.01886714815344006,0.08049526267814613,0.00010318475745028224,1.8422068553602253,4,0,False,0.31199392465959863,0.01670112286956639,2.294883566986103,0.034480022203704865,
0.44300000000000034,APPROACH,89.39341381259801,-0.01897128668026856,0.08049536582576758,0.00010314762144891635,1.8388390620128778,4,0,False,0.3119951366287209,0.016703782310204134,2.294883566986103,0.034480022203704865,
0.44400000000000034,APPROACH,89.39341112445507,-0.019075653143818372,0.08049546893375922,0.00010310799165148792,1.8354660966875593,4,0,False,0.31199634434856033,0.016706388761150888,2.294883566986103,0.034480022203704865,
0.44500000000000034,APPROACH,89.39340843022602,-0.019180247096882333,0.08049557199965116,0.00010306589193662626,1.8320880124863699,4,0,False,0.3119975478660229,0.016708942376733926,2.294883566986103,0.034480022203704865,
0.44600000000000034,APPROACH,89.393405729955,-0.019285068091939847,0.08049567502099714,0.00010302134597886105,1.8287048620838187,4,0,False,0.31199874722768833,0.01671144331018555,2.294883566986103,0.034480022203704865,
0.44700000000000034,APPROACH,89.39340302368579,-0.019390115681160374,0.08049577799537438,0.0001029743772524294,1.8253166977308566,4,0,False,0.31199994247959856,0.016713891713695764,2.294883566986103,0.034480022203704865,
0.44800000000000034,APPROACH,89.39340031146205,-0.019495389416406914,0.08049588092038341,0.00010292500903281368,1.821923571258879,4,0,False,0.31200113366725374,0.016716287738395348,2.294883566986103,0.034480022203704865,
0.44900000000000034,APPROACH,89.39339759332692,-0.019600888849239478,0.08049598379364781,0.00010287326439692295,1.8185255340836857,4,0,False,0.31200232083565593,0.016718631534364974,2.294883566986103,0.034480022203704865,
0.45000000000000034,APPROACH,89.39339486932346,-0.01970661353091851,0.08049608661281403,0.00010281916622406523,1.8151226372093987,4,0,False,0.31200350402954347,0.016720923250654683,2.294883566986103,0.034480022203704865,
0.45100000000000035,APPROACH,89.39339213949431,-0.019812563012408302,0.08049618937555122,0.00010276273720105902,1.811714931232345,4,0,False,0.31200468329299635,0.016723163035315257,2.294883566986103,0.034480022203704865,
0.45200000000000035,APPROACH,89.39338940388191,-0.019918736844380402,0.08049629207955104,0.00010270399982161489,1.8083024663449114,4,0,False,0.31200585866964586,0.01672535103536494,2.294883566986103,0.034480022203704865,
0.45300000000000035,APPROACH,89.39338666252837,-0.020025134577216958,0.08049639472252743,0.00010264297638733277,1.8048852923393433,4,0,False,0.31200703020280074,0.016727487396827,2.294883566986103,0.034480022203704865,
0.45400000000000035,APPROACH,89.3933839154755,-0.020131755761014083,0.08049649730221643,0.0001025796890106954,1.8014634586115208,4,0,False,0.31200819793503254,0.01672957226474038,2.294883566986103,0.034480022203704865,
0.45500000000000035,APPROACH,89.39338116276498,-0.02023859994558517,0.08049659981637605,0.00010251415961362162,1.7980370141646942,4,0,False,0.3120093619088453,0.016731605783142922,2.294883566986103,0.034480022203704865,
0.45600000000000035,APPROACH,89.39337840443794,-0.02034566668046419,0.08049670226278599,0.00010244640993355532,1.7946060076131796,4,0,False,0.31201052216612424,0.01673358809513787,2.294883566986103,0.034480022203704865,
0.45700000000000035,APPROACH,89.3933756405355,-0.020452955514908992,0.08049680463924752,0.00010237646152378421,1.791170487186027,4,0,False,0.3120116787481277,0.01673551934284822,2.294883566986103,0.034480022203704865,
0.45800000000000035,APPROACH,89.3933728710984,-0.02056046599790454,0.08049690694358327,0.0001023043357512095,1.7877305007306474,4,0,False,0.31201283169599586,0.016737399667429077,2.294883566986103,0.034480022203704865,
0.45900000000000035,APPROACH,89.39337009616702,-0.02066819767816616,0.08049700917363707,0.00010223005380166094,1.7842860957164008,4,0,False,0.3120139810502765,0.016739229209124483,2.294883566986103,0.034480022203704865,
0.46000000000000035,APPROACH,89.39336731578163,-0.020776150104142764,0.08049711132727375,0.00010215363668115431,1.7808373192381581,4,0,False,0.3120151268510413,0.01674100810723303,2.294883566986103,0.034480022203704865,
0.46100000000000035,APPROACH,89.39336452998218,-0.020884322824020026,0.08049721340237896,0.00010207510521521443,1.7773842180198245,4,0,False,0.31201626913814595,0.016742736500124006,2.294883566986103,0.034480022203704865,
0.46200000000000035,APPROACH,89.39336173880827,-0.02099271538572358,0.08049731539685902,0.00010199448005342801,1.773926838417826,4,0,False,0.3120174079507975,0.016744414525273657,2.294883566986103,0.034480022203704865,
0.46300000000000036,APPROACH,89.39335894229939,-0.021101327336922163,0.08049741730864068,0.00010191178166826384,1.7704652264245693,4,0,False,0.31201854332794743,0.016746042319231838,2.294883566986103,0.034480022203704865,
0.46400000000000036,APPROACH,89.39335614049456,-0.02121015822503075,0.08049751913567105,0.00010182703035790923,1.7669994276718586,4,0,False,0.31201967530807334,0.016747620017669496,2.294883566986103,0.034480022203704865,
0.46500000000000036,APPROACH,89.39335333343281,-0.021319207597213667,0.08049762087591729,0.00010174024624783171,1.7635294874342884,4,0,False,0.31202080392928583,0.01674914775536801,2.294883566986103,0.034480022203704865,
0.46600000000000036,APPROACH,89.39335052115258,-0.021428475000387692,0.08049772252736657,0.00010165144929191077,1.7600554506325992,4,0,False,0.3120219292292832,0.016750625666230506,2.294883566986103,0.034480022203704865,
0.46700000000000036,APPROACH,89.39334770369243,-0.02153795998122512,0.08049782408802585,0.00010156065927373346,1.7565773618369975,4,0,False,0.31202305124521895,0.01675205388329247,2.294883566986103,0.034480022203704865,
0.46800000000000036,APPROACH,89.39334488109034,-0.021647662086156833,0.08049792555592165,0.00010146789580606698,1.753095265270452,4,0,False,0.3120241700141258,0.016753432538716667,2.294883566986103,0.034480022203704865,
0.46900000000000036,APPROACH,89.39334205338422,-0.02175758086137532,0.08049802692909999,0.00010137317833550109,1.7496092048119463,4,0,False,0.31202528557248616,0.01675476176384172,2.294883566986103,0.034480022203704865,
0.47000000000000036,APPROACH,89.39333922061162,-0.0218677158528377,0.08049812820562613,0.00010127652614382727,1.7461192239997145,4,0,False,0.3120263979565395,0.016756041689154344,2.294883566986103,0.034480022203704865,
0.47100000000000036,APPROACH,89.39333638280989,-0.021978066606268713,0.08049822938358447,0.00010117795834930025,1.742625366034434,4,0,False,0.31202750720187417,0.01675727244431237,2.294883566986103,0.034480022203704865,
0.47200000000000036,APPROACH,89.39333354001624,-0.022088632667163717,0.08049833046107838,0.00010107749390506171,1.7391276737823924,4,0,False,0.3120286133439638,0.01675845415812785,2.294883566986103,0.034480022203704865,
0.47300000000000036,APPROACH,89.39333069226747,-0.022199413580791628,0.08049843143622998,0.00010097515160298592,1.7356261897786198,4,0,False,0.3120297164177063,0.016759586958618344,2.294883566986103,0.034480022203704865,
0.47400000000000037,APPROACH,89.39332783960012,-0.02231040889219787,0.08049853230718006,0.00010087095007370286,1.7321209562299948,4,0,False,0.3120308164578953,0.016760670972977357,2.294883566986103,0.034480022203704865,
0.47500000000000037,APPROACH,89.3933249820506,-0.0224216181462073,0.08049863307208785,0.00010076490779084549,1.728612015018319,4,0,False,0.31203191349873705,0.01676170632762311,2.294883566986103,0.034480022203704865,
0.47600000000000037,APPROACH,89.39332211965508,-0.022533040887427105,0.08049873372913093,0.000100657043070116,1.7250994077033637,4,0,False,0.31203300757406655,0.016762693148158203,2.294883566986103,0.034480022203704865,
0.47700000000000037,APPROACH,89.39331925244949,-0.022644676660249694,0.08049883427650499,0.00010054737406981546,1.721583175525882,4,0,False,0.31203409871756455,0.016763631559404968,2.294883566986103,0.034480022203704865,
0.47800000000000037,APPROACH,89.39331638046939,-0.022756525008855565,0.08049893471242378,0.00010043591879456616,1.7180633594105963,4,0,False,0.3120351869623356,0.016764521685423278,2.294883566986103,0.034480022203704865,
0.47900000000000037,APPROACH,89.39331350375018,-0.02286858547721616,0.08049903503511888,0.00010032269509499355,1.714539999969155,4,0,False,0.3120362723413721,0.016765363649490078,2.294883566986103,0.034480022203704865,
0.48000000000000037,APPROACH,89.39331062232714,-0.022980857609096687,0.08049913524283955,0.000100207720670631,1.7110131375030617,4,0,False,0.3120373548869564,0.016766157574138116,2.294883566986103,0.034480022203704865,
0.48100000000000037,APPROACH,89.39330773623517,-0.023093340948058958,0.08049923533385263,0.00010009101306807185,1.7074828120065755,4,0,False,0.31203843463147324,0.016766903581121206,2.294883566986103,0.034480022203704865,
0.4820000000000004,APPROACH,89.39330484550901,-0.023206035037464164,0.08049933530644232,9.997258968596808e-05,1.7039490631695777,4,0,False,0.3120395116065771,0.016767601791481387,2.294883566986103,0.034480022203704865,
0.4830000000000004,APPROACH,89.3933019501831,-0.023318939420475672,0.0804994351589101,9.985246777369018e-05,1.700411930380425,4,0,False,0.3120405858439391,0.016768252325494518,2.294883566986103,0.034480022203704865,
0.4840000000000004,APPROACH,89.39329905029167,-0.023432053640061783,0.08049953488957454,9.973066443549547e-05,1.6968714527287578,4,0,False,0.31204165737457956,0.01676885530273646,2.294883566986103,0.034480022203704865,
0.4850000000000004,APPROACH,89.39329614586883,-0.023545377238998483,0.08049963449677117,9.960719662898783e-05,1.6933276690082961,4,0,False,0.31204272622940277,0.016769410842032664,2.294883566986103,0.034480022203704865,
0.4860000000000004,APPROACH,89.39329323694841,-0.023658909759872174,0.08049973397885234,9.94820811678454e-05,1.6897806177195964,4,0,False,0.3120437924389132,0.01676991906151215,2.294883566986103,0.034480022203704865,
0.4870000000000004,APPROACH,89.39329032356387,-0.023772650745082384,0.08049983333418706,9.935533472298975e-05,1.6862303370727898,4,0,False,0.31204485603324256,0.016770380078588762,2.294883566986103,0.034480022203704865,
0.4880000000000004,APPROACH,89.39328740574875,-0.023886599736844476,0.08049993256116088,9.922697382236251e-05,1.682676864990291,4,0,False,0.31204591704221263,0.016770794009970405,2.294883566986103,0.034480022203704865,
0.4890000000000004,APPROACH,89.39328448353612,-0.024000756277192326,0.08050003165817574,9.909701485255728e-05,1.6791202391094784,4,0,False,0.31204697549546806,0.016771160971673582,2.294883566986103,0.034480022203704865,
0.4900000000000004,APPROACH,89.39328155695883,-0.024115119907980983,0.0805001306236498,9.896547406235155e-05,1.6755604967853526,4,0,False,0.31204803142227566,0.016771481079044595,2.294883566986103,0.034480022203704865,
0.4910000000000004,APPROACH,89.39327862604969,-0.02422969017088932,0.08050022945601737,9.883236756343657e-05,1.6719976750931682,4,0,False,0.31204908485144295,0.016771754446741616,2.294883566986103,0.034480022203704865,
0.4920000000000004,APPROACH,89.39327569084114,-0.02434446660742269,0.08050032815372869,9.869771132948417e-05,1.668431810831041,4,0,False,0.31205013581172786,0.016771981188740237,2.294883566986103,0.034480022203704865,
0.4930000000000004,APPROACH,89.3932727513655,-0.02445944875891551,0.08050042671524989,9.85615211990504e-05,1.664862940522521,4,0,False,0.3120511843312735,0.016772161418364517,2.294883566986103,0.034480022203704865,
0.4940000000000004,APPROACH,89.39326980765482,-0.02457463616653389,0.08050052513906276,9.842381287520046e-05,1.6612911004191557,4,0,False,0.3120522304382934,0.016772295248264388,2.294883566986103,0.034480022203704865,
0.4950000000000004,APPROACH,89.39326685974102,-0.024690028371278223,0.0805006234236647,9.828460192931149e-05,1.6577163265030144,4,0,False,0.3120532741603314,0.01677238279046095,2.294883566986103,0.034480022203704865,
0.4960000000000004,APPROACH,89.3932639076557,-0.024805624913985736,0.08050072156756849,9.814390379904428e-05,1.6541386544891992,4,0,False,0.3120543155249246,0.016772424156300036,2.294883566986103,0.034480022203704865,
0.4970000000000004,APPROACH,89.3932609514303,-0.024921425335333067,0.08050081956930229,9.800173379193905e-05,1.6505581198283201,4,0,False,0.3120553545591463,0.01677241945651585,2.294883566986103,0.034480022203704865,
0.4980000000000004,APPROACH,89.3932579910961,-0.02503742917583881,0.08050091742740938,9.785810708579855e-05,1.6469747577089588,4,0,False,0.31205639128990115,0.01677236880119544,2.294883566986103,0.034480022203704865,
0.4990000000000004,APPROACH,89.39325502668414,-0.02515363597586602,0.0805010151404481,9.771303873030818e-05,1.6433886030600995,4,0,False,0.3120574257437473,0.016772272299809196,2.294883566986103,0.034480022203704865,
0.5000000000000003,APPROACH,89.39325205822524,-0.025270045275624757,0.08050111270699176,9.756654364814246e-05,1.6397996905535397,4,0,False,0.31205845794688525,0.016772130061203816,2.294883566986103,0.034480022203704865,
0.5010000000000003,APPROACH,89.39324908575,-0.025386656615174565,0.08050121012562839,9.7418636634589e-05,1.636208054606276,4,0,False,0.3120594879254041,0.016771942193605574,2.294883566986103,0.034480022203704865,
0.5020000000000003,APPROACH,89.39324610928897,-0.02550346953442696,0.08050130739496075,9.726933236071534e-05,1.6326137293828684,4,0,False,0.3120605157050099,0.016771708804649704,2.294883566986103,0.034480022203704865,
0.5030000000000003,APPROACH,89.39324312887227,-0.025620483573147904,0.08050140451360613,9.711864537383897e-05,1.6290167487977814,4,0,False,0.31206154131110414,0.01677143000136054,2.294883566986103,0.034480022203704865,
0.5040000000000003,APPROACH,89.39324014453,-0.02573769827096026,0.08050150148019623,9.696659009770965e-05,1.6254171465177012,4,0,False,0.31206256476894645,0.016771105890166865,2.294883566986103,0.034480022203704865,
0.5050000000000003,APPROACH,89.39323715629203,-0.02585511316734624,0.08050159829337707,9.681318083512037e-05,1.6218149559638304,4,0,False,0.31206358610332435,0.016770736576918438,2.294883566986103,0.034480022203704865,
0.5060000000000003,APPROACH,89.39323416418802,-0.02597272780164982,0.08050169495180884,9.66584317668638e-05,1.6182102103141638,4,0,False,0.31206460533899594,0.016770322166866275,2.294883566986103,0.034480022203704865,
0.5070000000000003,APPROACH,89.39323116824742,-0.026090541713079164,0.08050179145416579,9.650235695543336e-05,1.6146029425057369,4,0,False,0.31206562250029574,0.016769862764707086,2.294883566986103,0.034480022203704865,
0.5080000000000003,APPROACH,89.39322816849953,-0.02620855444070902,0.08050188779913614,9.634497034478731e-05,1.6109931852368558,4,0,False,0.31206663761127906,0.01676935847455102,2.294883566986103,0.034480022203704865,
0.5090000000000003,APPROACH,89.3932251649734,-0.026326765523483116,0.0805019839854219,9.618628576019169e-05,1.6073809709693085,4,0,False,0.3120676506959325,0.016768809399942464,2.294883566986103,0.034480022203704865,
0.5100000000000003,APPROACH,89.3932221576979,-0.026445174500216523,0.08050208001173881,9.602631691241168e-05,1.6037663319305435,4,0,False,0.31206866177785014,0.016768215643887405,2.294883566986103,0.034480022203704865,
0.5110000000000003,APPROACH,89.39321914670187,-0.02656378090959802,0.08050217587681621,9.586507739736277e-05,1.6001493001158444,4,0,False,0.3120696708802876,0.01676757730882318,2.294883566986103,0.034480022203704865,
0.5120000000000003,APPROACH,89.39321613201375,-0.026682584290192445,0.0805022715793969,9.570258069527486e-05,1.5965299072904682,4,0,False,0.3120706780263643,0.016766894496632226,2.294883566986103,0.034480022203704865,
0.5130000000000003,APPROACH,89.39321311366194,-0.026801584180443025,0.08050236711823708,9.553884017284176e-05,1.592908184991769,4,0,False,0.3120716832390519,0.016766167308666646,2.294883566986103,0.034480022203704865,
0.5140000000000003,APPROACH,89.39321009167462,-0.026920780118673694,0.08050246249210616,9.537386908647992e-05,1.5892841645313007,4,0,False,0.3120726865408133,0.016765395845749972,2.294883566986103,0.034480022203704865,
0.5150000000000003,APPROACH,89.39320706607973,-0.027040171643091408,0.08050255769978674,9.520768057986404e-05,1.5856578769969034,4,0,False,0.31207368795408974,0.016764580208152746,2.294883566986103,0.034480022203704865,
0.5160000000000003,APPROACH,89.39320403690509,-0.02715975829178844,0.08050265274007443,9.504028768676097e-05,1.5820293532547585,4,0,False,0.31207468750096146,0.016763720495639026,2.294883566986103,0.034480022203704865,
0.5170000000000003,APPROACH,89.39320100417841,-0.02727953960274466,0.08050274761177775,9.487170333164509e-05,1.5783986239514372,4,0,False,0.3120756852033518,0.016762816807443653,2.294883566986103,0.034480022203704865,
0.5180000000000003,APPROACH,89.39319796792712,-0.02739951511382981,0.08050284231371808,9.470194033144941e-05,1.5747657195159186,4,0,False,0.3120766810829527,0.016761869242295876,2.294883566986103,0.034480022203704865,
0.5190000000000003,APPROACH,89.39319492817849,-0.02751968436280575,0.08050293684472948,9.453101139680981e-05,1.571130670161596,4,0,False,0.31207767516111257,0.01676087789841417,2.294883566986103,0.034480022203704865,
0.5200000000000004,APPROACH,89.39319188495965,-0.02764004688732872,0.0805030312036586,9.43589291313297e-05,1.567493505888259,4,0,False,0.3120786674590576,0.01675984287350331,2.294883566986103,0.034480022203704865,
0.5210000000000004,APPROACH,89.39318883829756,-0.027760602224951563,0.08050312538936465,9.418570603360481e-05,1.5638542564840554,4,0,False,0.31207965799767773,0.01675876426477907,2.294883566986103,0.034480022203704865,
0.5220000000000004,APPROACH,89.39318578821894,-0.027881349913125957,0.08050321940071914,9.40113544973669e-05,1.5602129515274386,4,0,False,0.31208064679782616,0.016757642168955283,2.294883566986103,0.034480022203704865,
0.5230000000000004,APPROACH,89.39318273475048,-0.028002289489204607,0.08050331323660595,9.3835886814454e-05,1.5565696203890922,4,0,False,0.3120816338798866,0.016756476682273536,2.294883566986103,0.034480022203704865,
0.5240000000000004,APPROACH,89.39317967791858,-0.02812342049044346,0.08050340689592113,9.365931517320864e-05,1.5529242922338407,4,0,False,0.31208261926418596,0.016755267900469106,2.294883566986103,0.034480022203704865,
0.5250000000000004,APPROACH,89.3931766177496,-0.028244742454003883,0.08050350037757278,9.348165166034303e-05,1.5492769960225323,4,0,False,0.31208360297075716,0.01675401591881319,2.294883566986103,0.034480022203704865,
0.5260000000000004,APPROACH,89.39317355426951,-0.02836625491695484,0.08050359368048104,9.330290826248848e-05,1.5456277605139157,4,0,False,0.3120845850196085,0.016752720832102524,2.294883566986103,0.034480022203704865,
0.5270000000000004,APPROACH,89.3931704875044,-0.028487957416275043,0.08050368680357792,9.312309686895242e-05,1.5419766142664888,4,0,False,0.31208556543015975,0.016751382734677592,2.294883566986103,0.034480022203704865,
0.5280000000000004,APPROACH,89.39316741747993,-0.028609849488855126,0.08050377974580719,9.294222926823612e-05,1.5383235856403383,4,0,False,0.3120865442219712,0.016750001720382685,2.294883566986103,0.034480022203704865,
0.5290000000000004,APPROACH,89.39316434422187,-0.028731930671499765,0.08050387250612434,9.276031715204322e-05,1.5346687027989483,4,0,False,0.31208752141418405,0.01674857788263527,2.294883566986103,0.034480022203704865,
0.5300000000000004,APPROACH,89.39316126775557,-0.02885420050092981,0.08050396508349646,9.257737211501705e-05,1.531011993711007,4,0,False,0.31208849702575703,0.016747111314378185,2.294883566986103,0.034480022203704865,
0.5310000000000004,APPROACH,89.39315818810648,-0.028976658513784417,0.0805040574769021,9.239340565485989e-05,1.5273534861521836,4,0,False,0.31208947107552754,0.01674560210810784,2.294883566986103,0.034480022203704865,
0.5320000000000004,APPROACH,89.39315510529971,-0.02909930424662313,0.08050414968533127,9.220842917475511e-05,1.5236932077068925,4,0,False,0.3120904435820484,0.016744050355883625,2.294883566986103,0.034480022203704865,
0.5330000000000004,APPROACH,89.39315201936017,-0.029222137235928,0.08050424170778527,9.202245398421607e-05,1.5200311857700441,4,0,False,0.31209141456385553,0.016742456149322016,2.294883566986103,0.034480022203704865,
0.5340000000000004,APPROACH,89.39314893031285,-0.02934515701810565,0.08050433354327656,9.183549130108295e-05,1.5163674475487732,4,0,False,0.31209238403883427,0.016740819579613722,2.294883566986103,0.034480022203704865,
0.5350000000000004,APPROACH,89.39314583818252,-0.02946836312948936,0.0805044251908288,9.164755224776663e-05,1.512702020064154,4,0,False,0.31209335202526045,0.016739140737483074,2.294883566986103,0.034480022203704865,
0.5360000000000004,APPROACH,89.39314274299346,-0.029591755106341128,0.08050451664947667,9.14586478574778e-05,1.5090349301528911,4,0,False,0.3120943185407183,0.01673741971327572,2.294883566986103,0.034480022203704865,
0.5370000000000004,APPROACH,89.39313964477019,-0.029715332484853717,0.08050460791826573,9.1268789072007e-05,1.5053662044690088,4,0,False,0.3120952836028467,0.01673565659687802,2.294883566986103,0.034480022203704865,
0.5380000000000004,APPROACH,89.39313654353698,-0.029839094801152707,0.08050469899625247,9.107798674233714e-05,1.5016958694855074,4,0,False,0.3120962472290377,0.016733851477771178,2.294883566986103,0.034480022203704865,
0.5390000000000004,APPROACH,89.39313343931796,-0.029963041591298513,0.0805047898825041,9.088625163090326e-05,1.4980239514960159,4,0,False,0.3120972094365525,0.016732004445025747,2.294883566986103,0.034480022203704865,
0.5400000000000004,APPROACH,89.39313033213712,-0.030087172391288417,0.08050488057609852,9.069359441274816e-05,1.4943504766164206,4,0,False,0.31209817024228403,0.016730115587304292,2.294883566986103,0.034480022203704865,
0.5410000000000004,APPROACH,89.39312722201821,-0.03021148673705857,0.08050497107612418,9.0500025674758e-05,1.4906754707864855,4,0,False,0.31209912966325404,0.0167281849928545,2.294883566986103,0.034480022203704865,
0.5420000000000004,APPROACH,89.39312410898488,-0.030335984164485998,0.08050506138168011,9.030555591904425e-05,1.4869989597714477,4,0,False,0.312100087715873,0.01672621274954289,2.294883566986103,0.034480022203704865,
0.5430000000000004,APPROACH,89.39312099306082,-0.030460664209390597,0.08050515149187566,9.011019555926848e-05,1.4833209691636082,4,0,False,0.31210104441668,0.01672419894480412,2.294883566986103,0.034480022203704865,
0.5440000000000004,APPROACH,89.3931178742692,-0.030585526407537096,0.08050524140583058,8.991395492469172e-05,1.4796415243838934,4,0,False,0.3121019997820341,0.016722143665712744,2.294883566986103,0.034480022203704865,
0.5450000000000004,APPROACH,89.39311475263345,-0.030710570294637047,0.08050533112267484,8.971684426208688e-05,1.4759606506834158,4,0,False,0.3121029538278644,0.016720046998951132,2.294883566986103,0.034480022203704865,
0.5460000000000004,APPROACH,89.39311162817667,-0.030835795406350775,0.08050542064154857,8.951887373252286e-05,1.4722783731450124,4,0,False,0.31210390657010917,0.01671790903079208,2.294883566986103,0.034480022203704865,
0.5470000000000004,APPROACH,89.39310850092174,-0.03096120127828933,0.08050550996160198,8.932005341404575e-05,1.468594716684765,4,0,False,0.3121048580246715,0.016715729847149738,2.294883566986103,0.034480022203704865,
0.5480000000000004,APPROACH,89.39310537089155,-0.031086787446016426,0.08050559908199528,8.912039330570273e-05,1.464909706053513,4,0,False,0.312105808206958,0.016713509533575185,2.294883566986103,0.034480022203704865,
0.5490000000000004,APPROACH,89.39310223810888,-0.031212553445050382,0.08050568800189861,8.891990332458445e-05,1.4612233658383498,4,0,False,0.31210675713239255,0.016711248175218227,2.294883566986103,0.034480022203704865,
0.5500000000000004,APPROACH,89.39309910259615,-0.03133849881086603,0.08050577672049192,8.8718593306429e-05,1.4575357204640995,4,0,False,0.3121077048161503,0.01670894585686912,2.294883566986103,0.034480022203704865,
0.5510000000000004,APPROACH,89.39309596437597,-0.03146462307889664,0.08050586523696493,8.851647300737932e-05,1.4538467941947837,4,0,False,0.3121086512733903,0.016706602662957898,2.294883566986103,0.034480022203704865,
0.5520000000000004,APPROACH,89.39309282347051,-0.03159092578453582,0.08050595355051704,8.831355210637458e-05,1.4501566111350739,4,0,False,0.31210959651890496,0.016704218677560403,2.294883566986103,0.034480022203704865,
0.5530000000000004,APPROACH,89.39308967990203,-0.031717406463139385,0.08050604166035724,8.810984020327468e-05,1.4464651952317298,4,0,False,0.3121105405673229,0.016701793984377516,2.294883566986103,0.034480022203704865,
0.5540000000000004,APPROACH,89.39308653369255,-0.031844064650027294,0.08050612956570406,8.790534681898046e-05,1.4427725702750214,4,0,False,0.31211148343332723,0.016699328666758634,2.294883566986103,0.034480022203704865,
0.5550000000000004,APPROACH,89.39308338486406,-0.03197089988048549,0.08050621726578547,8.770008139923538e-05,1.4390787599001365,4,0,False,0.3121124251311674,0.016696822807721737,2.294883566986103,0.034480022203704865,
0.5560000000000004,APPROACH,89.39308023343825,-0.032097911689767764,0.08050630475983878,8.749405331265941e-05,1.4353837875885822,4,0,False,0.3121133656751194,0.01669427648991499,2.294883566986103,0.034480022203704865,
0.5570000000000004,APPROACH,89.3930770794369,-0.03222509961309762,0.08050639204711063,8.728727185299887e-05,1.4316876766695632,4,0,False,0.3121143050793103,0.01669168979566346,2.294883566986103,0.034480022203704865,
0.5580000000000004,APPROACH,89.39307392288148,-0.03235246318567014,0.08050647912685688,8.707974624072724e-05,1.4279904503213534,4,0,False,0.3121152433574694,0.016689062806950247,2.294883566986103,0.034480022203704865,
0.5590000000000004,APPROACH,89.39307076379342,-0.03248000194265379,0.0805065659983425,8.687148562024019e-05,1.4242921315726513,4,0,False,0.31211618052345824,0.016686395605403304,2.294883566986103,0.034480022203704865,
0.5600000000000004,APPROACH,89.39306760219402,-0.03260771541919228,0.08050665266084156,8.666249906408504e-05,1.42059274330392,4,0,False,0.3121171165909243,0.016683688272348715,2.294883566986103,0.034480022203704865,
0.5610000000000004,APPROACH,89.39306443810456,-0.03273560315040637,0.08050673911363714,8.645279557372168e-05,1.416892308248721,4,0,False,0.3121180515730735,0.016680940888772464,2.294883566986103,0.034480022203704865,
0.5620000000000004,APPROACH,89.39306127154597,-0.0328636646713957,0.08050682535602122,8.624238407587281e-05,1.41319084899503,4,0,False,0.3121189854834025,0.016678153535312615,2.294883566986103,0.034480022203704865,
0.5630000000000004,APPROACH,89.39305810253926,-0.03299189951724057,0.08050691138729464,8.603127342776465e-05,1.4094883879865354,4,0,False,0.3121199183348386,0.016675326292323767,2.294883566986103,0.034480022203704865,
0.5640000000000004,APPROACH,89.39305493110527,-0.033120307223003756,0.08050699720676706,8.581947241457976e-05,1.4057849475239377,4,0,False,0.3121208501405063,0.016672459239806828,2.294883566986103,0.034480022203704865,
0.5650000000000004,APPROACH,89.39305175726463,-0.03324888732373231,0.0805070828137568,8.560698975293107e-05,1.4020805497662208,4,0,False,0.3121217809131962,0.01666955245747881,2.294883566986103,0.034480022203704865,
0.5660000000000004,APPROACH,89.39304858103804,-0.033377639354459296,0.08050716820759089,8.539383409036154e-05,1.3983752167319248,4,0,False,0.3121227106654217,0.01666660602472729,2.294883566986103,0.034480022203704865,
0.5670000000000004,APPROACH,89.39304540244584,-0.03350656285020562,0.0805072533876049,8.518001400331018e-05,1.3946689703003958,4,0,False,0.31212363940999177,0.016663620020620093,2.294883566986103,0.034480022203704865,
0.5680000000000004,APPROACH,89.39304222150854,-0.033635657345981736,0.0805073383531429,8.496553800356219e-05,1.3909618322130262,4,0,False,0.31212456715912323,0.016660594523962534,2.294883566986103,0.034480022203704865,
0.5690000000000004,APPROACH,89.39303903824629,-0.03376492237678944,0.08050742310355744,8.475041453461272e-05,1.3872538240744918,4,0,False,0.3121254939250713,0.016657529613213637,2.294883566986103,0.034480022203704865,
0.5700000000000004,APPROACH,89.39303585267929,-0.033894357477623614,0.08050750763820941,8.453465197245103e-05,1.3835449673539624,4,0,False,0.31212641971997995,0.016654425366552345,2.294883566986103,0.034480022203704865,
0.5710000000000004,APPROACH,89.39303266482747,-0.03402396218347394,0.08050759195646803,8.431825862769393e-05,1.3798352833863106,4,0,False,0.3121273445557675,0.016651281861864195,2.294883566986103,0.034480022203704865,
0.5720000000000004,APPROACH,89.39302947471084,-0.03415373602932666,0.08050767605771078,8.410124274523041e-05,1.3761247933733054,4,0,False,0.31212826844432373,0.016648099176736375,2.294883566986103,0.034480022203704865,
0.5730000000000004,APPROACH,89.3930262823492,-0.034283678550166286,0.08050775994132328,8.38836125053312e-05,1.372413518384796,4,0,False,0.3121291913971833,0.016644877388470272,2.294883566986103,0.034480022203704865,
0.5740000000000004,APPROACH,89.39302308776226,-0.03441378928097732,0.0805078436066993,8.36653760220423e-05,1.368701479359881,4,0,False,0.31213011342604374,0.016641616574066015,2.294883566986103,0.034480022203704865,
0.5750000000000004,APPROACH,89.39301989096955,-0.03454406775674595,0.08050792705324064,8.344654134752666e-05,1.3649886971080676,4,0,False,0.312131034542297,0.016638316810269865,2.294883566986103,0.034480022203704865,
0.5760000000000004,APPROACH,89.39301669199065,-0.03467451351246177,0.08050801028035712,8.322711647157027e-05,1.3612751923104243,4,0,False,0.31213195475719435,0.01663497817353038,2.294883566986103,0.034480022203704865,
0.5770000000000004,APPROACH,89.39301349084491,-0.03480512608311946,0.08050809328746644,8.300710932019612e-05,1.3575609855207162,4,0,False,0.31213287408182966,0.0166316007400122,2.294883566986103,0.034480022203704865,
0.5780000000000004,APPROACH,89.39301028755158,-0.03493590500372048,0.0805081760739942,8.278652775693901e-05,1.3538460971665285,4,0,False,0.3121337925273554,0.016628184585612937,2.294883566986103,0.034480022203704865,
0.5790000000000004,APPROACH,89.39300708212976,-0.03506684980927472,0.08050825863937379,8.256537958619961e-05,1.3501305475503844,4,0,False,0.31213471010459704,0.01662472978597368,2.294883566986103,0.034480022203704865,
0.5800000000000004,APPROACH,89.3930038745987,-0.03519796003480221,0.08050834098304634,8.234367255108335e-05,1.3464143568508524,4,0,False,0.3121356268242271,0.01662123641644367,2.294883566986103,0.034480022203704865,
0.5810000000000004,APPROACH,89.39300066497731,-0.035329235215334764,0.08050842310446067,8.212141433222098e-05,1.3426975451236347,4,0,False,0.31213654269696756,0.016617704552103235,2.294883566986103,0.034480022203704865,
0.5820000000000004,APPROACH,89.39299745328437,-0.03546067488591763,0.08050850500307323,8.189861255184267e-05,1.3389801323026513,4,0,False,0.3121374577333402,0.0166141342677932,2.294883566986103,0.034480022203704865,
0.5830000000000004,APPROACH,89.39299423953874,-0.03559227858161114,0.08050858667834801,8.167527477366803e-05,1.3352621382011156,4,0,False,0.3121383719436446,0.016610525638081478,2.294883566986103,0.034480022203704865,
0.5840000000000004,APPROACH,89.39299102375904,-0.03572404583749236,0.08050866812975652,8.145140850226401e-05,1.3315435825125952,4,0,False,0.3121392853382753,0.016606878737276107,2.294883566986103,0.034480022203704865,
0.5850000000000004,APPROACH,89.39298780596394,-0.03585597618865672,0.0805087493567777,8.122702118525406e-05,1.3278244848120628,4,0,False,0.31214019792720743,0.016603193639441446,2.294883566986103,0.034480022203704865,
0.5860000000000004,APPROACH,89.39298458617188,-0.035988069170219635,0.0805088303588979,8.100212021120756e-05,1.3241048645569402,4,0,False,0.31214110972049164,0.01659947041836788,2.294883566986103,0.034480022203704865,
0.5870000000000004,APPROACH,89.39298136440118,-0.03612032431731813,0.08050891113561082,8.077671291155221e-05,1.3203847410881264,4,0,False,0.31214202072817343,0.016595709147614053,2.294883566986103,0.034480022203704865,
0.5880000000000004,APPROACH,89.39297814067015,-0.036252741165112456,0.08050899168641738,8.055080656361305e-05,1.31666413363102,4,0,False,0.3121429309598212,0.016591909900501592,2.294883566986103,0.034480022203704865,
0.5890000000000004,APPROACH,89.3929749149971,-0.03638531924878769,0.08050907201082577,8.032440838628276e-05,1.3129430612965363,4,0,False,0.3121438404251375,0.016588072750073138,2.294883566986103,0.034480022203704865,
0.5900000000000004,APPROACH,89.39297168739998,-0.03651805810355533,0.08050915210835131,8.009752554271094e-05,1.3092215430820986,4,0,False,0.3121447491337716,0.016584197769155956,2.294883566986103,0.034480022203704865,
0.5910000000000004,APPROACH,89.39296845789687,-0.03665095726465489,0.08050923197851646,7.987016514312619e-05,1.3054995978726385,4,0,False,0.3121456570950425,0.016580285030343755,2.294883566986103,0.034480022203704865,
0.5920000000000004,APPROACH,89.39296522650571,-0.0367840162673555,0.0805093116208507,7.96423342427701e-05,1.3017772444415767,4,0,False,0.312146564318374,0.016576334605974977,2.294883566986103,0.034480022203704865,
0.5930000000000004,APPROACH,89.39296199324427,-0.03691723464695746,0.08050939103489055,7.941403984382367e-05,1.2980545014517946,4,0,False,0.3121474708128299,0.01657234656817152,2.294883566986103,0.034480022203704865,
0.5940000000000004,APPROACH,89.39295875813036,-0.037050611938793825,0.08050947022017944,7.918528889373727e-05,1.294331387456598,4,0,False,0.31214837658759165,0.016568320988802454,2.294883566986103,0.034480022203704865,
0.5950000000000004,APPROACH,89.39295552118156,-0.03718414767823198,0.08050954917626774,7.895608828744639e-05,1.2906079209006702,4,0,False,0.31214928165152256,0.01656425793952624,2.294883566986103,0.034480022203704865,
0.5960000000000004,APPROACH,89.39295228241552,-0.03731784140067518,0.0805096279027126,7.872644486638629e-05,1.286884120121018,4,0,False,0.3121501860135905,0.01656015749175903,2.294883566986103,0.034480022203704865,
0.5970000000000004,APPROACH,89.39294904184959,-0.0374516926415641,0.08050970639907802,7.849636542120872e-05,1.2831600033479054,4,0,False,0.3121510896825348,0.01655601971671266,2.294883566986103,0.034480022203704865,
0.5980000000000004,APPROACH,89.39294579950118,-0.03758570093637842,0.08050978466493472,7.826585669173331e-05,1.2794355887057831,4,0,False,0.31215199266701604,0.01655184468536669,2.294883566986103,0.034480022203704865,
0.5990000000000004,APPROACH,89.39294255538766,-0.0377198658206383,0.08050986269986009,7.803492536658505e-05,1.2757108942142044,4,0,False,0.3121528949754785,0.01654763246848065,2.294883566986103,0.034480022203704865,
0.6000000000000004,APPROACH,89.39293930952623,-0.03785418682990597,0.08050994050343817,7.780357808252835e-05,1.2719859377887333,4,0,False,0.312153796616474,0.016543383136588957,2.294883566986103,0.034480022203704865,
0.6010000000000004,APPROACH,89.39293606193397,-0.03798866349978723,0.08051001807525959,7.757182142736561e-05,1.2682607372418429,4,0,False,0.3121546975982395,0.016539096760029202,2.294883566986103,0.034480022203704865,
0.6020000000000004,APPROACH,89.39293281262795,-0.03812329536593298,0.08051009541492153,7.733966193902714e-05,1.2645353102838088,4,0,False,0.3121555979290696,0.016534773408911962,2.294883566986103,0.034480022203704865,
0.6030000000000004,APPROACH,89.39292956162517,-0.03825808196404072,0.08051017252202763,7.710710610627564e-05,1.26080967452359,4,0,False,0.312156497616988,0.016530413153144345,2.294883566986103,0.034480022203704865,
0.6040000000000004,APPROACH,89.39292630894246,-0.03839302282985608,0.080510249396188,7.687416036822396e-05,1.2570838474697037,4,0,False,0.31215739667017406,0.016526016062416812,2.294883566986103,0.034480022203704865,
0.6050000000000004,APPROACH,89.39292305459666,-0.03852811749917429,0.08051032603701912,7.66408311179552e-05,1.2533578465310877,4,0,False,0.31215829509636583,0.01652158220623763,2.294883566986103,0.034480022203704865,
0.6060000000000004,APPROACH,89.39291979860448,-0.03866336550784172,0.08051040244414381,7.640712469867329e-05,1.2496316890179617,4,0,False,0.31215919290351785,0.01651711165387547,2.294883566986103,0.034480022203704865,
0.6070000000000004,APPROACH,89.39291654098247,-0.03879876639175732,0.08051047861719123,7.617304740683984e-05,1.2459053921426713,4,0,False,0.3121600900992674,0.016512604474428275,2.294883566986103,0.034480022203704865,
0.6080000000000004,APPROACH,89.39291328174741,-0.03893431968687414,0.08051055455579671,7.593860549187438e-05,1.2421789730205297,4,0,False,0.31216098669126646,0.01650806073677813,2.294883566986103,0.034480022203704865,
0.6090000000000004,APPROACH,89.39291002091552,-0.03907002492920081,0.08051063025960187,7.570380515668155e-05,1.2384524486706507,4,0,False,0.3121618826871236,0.016503480509616912,2.294883566986103,0.034480022203704865,
0.6100000000000004,APPROACH,89.39290675850339,-0.039205881654802974,0.08051070572825443,7.546865255947437e-05,1.2347258360167719,4,0,False,0.312162778094077,0.016498863861448526,2.294883566986103,0.034480022203704865,
0.6110000000000004,APPROACH,89.39290349452726,-0.0393418893998048,0.08051078096140823,7.523315381058967e-05,1.2309991518880727,4,0,False,0.3121636729196671,0.016494210860558176,2.294883566986103,0.034480022203704865,
0.6120000000000004,APPROACH,89.39290022900346,-0.03947804770039041,0.08051085595872322,7.49973149766829e-05,1.227272413019975,4,0,False,0.3121645671709607,0.016489521575073537,2.294883566986103,0.034480022203704865,
0.6130000000000004,APPROACH,89.39289696194807,-0.03961435609280534,0.0805109307198653,7.476114207827074e-05,1.2235456360549541,4,0,False,0.3121654608552186,0.01648479607290236,2.294883566986103,0.034480022203704865,
0.6140000000000004,APPROACH,89.39289369337725,-0.03975081411335802,0.0805110052445064,7.452464109225217e-05,1.2198188375433208,4,0,False,0.3121663539794184,0.016480034421791606,2.294883566986103,0.034480022203704865,
0.6150000000000004,APPROACH,89.39289042330701,-0.03988742129842116,0.08051107953232435,7.42878179510997e-05,1.216092033944014,4,0,False,0.3121672465506023,0.01647523668928537,2.294883566986103,0.034480022203704865,
0.6160000000000004,APPROACH,89.39288715175331,-0.04002417718443325,0.0805111535830029,7.405067854430004e-05,1.2123652416253714,4,0,False,0.3121681385755566,0.01647040294275802,2.294883566986103,0.034480022203704865,
0.6170000000000004,APPROACH,89.39288387873198,-0.04016108130789992,0.08051122739623162,7.381322871742573e-05,1.208638476865904,4,0,False,0.31216903006116276,0.016465533249390985,2.294883566986103,0.034480022203704865,
0.6180000000000004,APPROACH,89.39288060425893,-0.04029813320539545,0.08051130097170589,7.357547427402489e-05,1.2049117558550542,4,0,False,0.3121699210139394,0.016460627676200157,2.294883566986103,0.034480022203704865,
0.6190000000000004,APPROACH,89.39287732834983,-0.040435332413564125,0.08051137430912686,7.333742097346586e-05,1.2011850946939542,4,0,False,0.3121708114407056,0.016455686290002575,2.294883566986103,0.034480022203704865,
0.6200000000000004,APPROACH,89.39287405102036,-0.040572678469121666,0.08051144740820139,7.309907453471736e-05,1.197458509396167,4,0,False,0.31217170134775307,0.016450709157470392,2.294883566986103,0.034480022203704865,
0.6210000000000004,APPROACH,89.39287077228612,-0.04071017090885667,0.08051152026864203,7.28604406331982e-05,1.1937320158884335,4,0,False,0.3121725907417095,0.016445696345069052,2.294883566986103,0.034480022203704865,
0.6220000000000004,APPROACH,89.39286749216257,-0.04084780926963197,0.08051159289016693,7.262152490528674e-05,1.190005630011399,4,0,False,0.3121734796288856,0.01644064791913133,2.294883566986103,0.034480022203704865,
0.6230000000000004,APPROACH,89.39286421066527,-0.04098559308838607,0.08051166527249988,7.238233294615158e-05,1.186279367520345,4,0,False,0.3121743680153177,0.01643556394579032,2.294883566986103,0.034480022203704865,
0.6240000000000004,APPROACH,89.39286092780956,-0.041123521902134516,0.08051173741537018,7.214287030736609e-05,1.1825532440859028,4,0,False,0.3121752559075124,0.016430444491004934,2.294883566986103,0.034480022203704865,
0.6250000000000004,APPROACH,89.3928576436108,-0.0412615952479713,0.08051180931851269,7.190314250365309e-05,1.1788272752947637,4,0,False,0.31217614331131166,0.01642528962061035,2.294883566986103,0.034480022203704865,
0.6260000000000004,APPROACH,89.39285435808418,-0.04139981266307023,0.0805118809816677,7.166315500835124e-05,1.1751014766503918,4,0,False,0.3121770302328126,0.016420099400231272,2.294883566986103,0.034480022203704865,
0.6270000000000004,APPROACH,89.39285107124496,-0.04153817368468632,0.08051195240458095,7.142291325491061e-05,1.1713758635737122,4,0,False,0.31217791667795003,0.016414873895355384,2.294883566986103,0.034480022203704865,
0.6280000000000004,APPROACH,89.39284778310821,-0.04167667785015715,0.08051202358700359,7.11824226384678e-05,1.1676504514038069,4,0,False,0.3121788026525665,0.016409613171306806,2.294883566986103,0.034480022203704865,
0.6290000000000004,APPROACH,89.39284449368897,-0.04181532469690424,0.0805120945286921,7.094168851546564e-05,1.1639252553985993,4,0,False,0.31217968816246133,0.016404317293248483,2.294883566986103,0.034480022203704865,
0.6300000000000004,APPROACH,89.39284120300225,-0.04195411376243442,0.0805121652294083,7.070071620385943e-05,1.1602002907355309,4,0,False,0.31218057321315085,0.01639898632618629,2.294883566986103,0.034480022203704865,
0.6310000000000004,APPROACH,89.39283791106304,-0.04209304458434119,0.08051223568891927,7.045951098175415e-05,1.156475572512231,4,0,False,0.3121814578105449,0.016393620334959016,2.294883566986103,0.034480022203704865,
0.6320000000000005,APPROACH,89.39283461788614,-0.04223211670030604,0.08051230590699736,7.021807809263815e-05,1.1527511157471813,4,0,False,0.3121823419598491,0.016388219384286723,2.294883566986103,0.034480022203704865,
0.6330000000000005,APPROACH,89.3928313234862,-0.042371329648099844,0.0805123758834201,6.997642273946685e-05,1.1490269353803788,4,0,False,0.3121832256667173,0.016382783538685552,2.294883566986103,0.034480022203704865,
0.6340000000000005,APPROACH,89.39282802787841,-0.04251068296558417,0.08051244561797019,6.97345500892068e-05,1.1453030462739775,4,0,False,0.3121841089364976,0.01637731286256873,2.294883566986103,0.034480022203704865,
0.6350000000000005,APPROACH,89.39282473107704,-0.042650176190712624,0.08051251511043546,6.94924652720108e-05,1.1415794632129432,4,0,False,0.3121849917742195,0.016371807420169165,2.294883566986103,0.034480022203704865,
0.6360000000000005,APPROACH,89.3928214330967,-0.0427898088615322,0.08051258436060883,6.925017337824758e-05,1.1378562009056876,4,0,False,0.3121858741855782,0.016366267275569973,2.294883566986103,0.034480022203704865,
0.6370000000000005,APPROACH,89.3928181339523,-0.042929580516184576,0.0805126533682883,6.900767946908977e-05,1.1341332739846977,4,0,False,0.3121867561757325,0.016360692492774775,2.294883566986103,0.034480022203704865,
0.6380000000000005,APPROACH,89.39281483365784,-0.043069490692907476,0.08051272213327688,6.876498857147511e-05,1.130410697007178,4,0,False,0.3121876377491374,0.016355083135579748,2.294883566986103,0.034480022203704865,
0.6390000000000005,APPROACH,89.39281153222838,-0.04320953893003596,0.08051279065538255,6.852210566683457e-05,1.1266884844556557,4,0,False,0.31218851891138144,0.016349439267596008,2.294883566986103,0.034480022203704865,
0.6400000000000005,APPROACH,89.3928082296776,-0.04334972476600373,0.08051285893441826,6.827903570737158e-05,1.122966650738591,4,0,False,0.31218939966722736,0.01634376095240178,2.294883566986103,0.034480022203704865,
0.6410000000000005,APPROACH,89.39280492602045,-0.043490047739344485,0.08051292697020188,6.803578361115977e-05,1.1192452101910018,4,0,False,0.31219028002147786,0.016338048253370138,2.294883566986103,0.034480022203704865,
0.6420000000000005,APPROACH,89.3928016212708,-0.043630507388693174,0.08051299476255613,6.779235425831065e-05,1.1155241770750568,4,0,False,0.31219115997860936,0.016332301233727628,2.294883566986103,0.034480022203704865,
0.6430000000000005,APPROACH,89.39279831544295,-0.04377110325278734,0.08051306231130863,6.754875249059638e-05,1.1118035655806688,4,0,False,0.31219203954402686,0.01632651995656767,2.294883566986103,0.034480022203704865,
0.6440000000000005,APPROACH,89.39279500855106,-0.043911834870468354,0.08051312961629176,6.730498312572637e-05,1.1080833898260878,4,0,False,0.3121929187221105,0.016320704484935486,2.294883566986103,0.034480022203704865,
0.6450000000000005,APPROACH,89.39279170060922,-0.044052701780682775,0.0805131966773427,6.706105094720777e-05,1.1043636638585006,4,0,False,0.3121937975172289,0.0163148548816444,2.294883566986103,0.034480022203704865,
0.6460000000000005,APPROACH,89.39278839163148,-0.04419370352248359,0.0805132634943034,6.681696069955455e-05,1.1006444016545933,4,0,False,0.312194675934022,0.016308971209381642,2.294883566986103,0.034480022203704865,
0.6470000000000005,APPROACH,89.39278508163181,-0.04433483963503152,0.0805133300670205,6.657271709439793e-05,1.096925617121125,4,0,False,0.3121955539768851,0.016303053530735814,2.294883566986103,0.034480022203704865,
0.6480000000000005,APPROACH,89.39278177062414,-0.044476109657596276,0.0805133963953453,6.632832481067713e-05,1.093207324095502,4,0,False,0.31219643165025646,0.016297101908153117,2.294883566986103,0.034480022203704865,
0.6490000000000005,APPROACH,89.39277845862235,-0.04461751312955785,0.0805134624791338,6.608378849607202e-05,1.0894895363463386,4,0,False,0.31219730895847764,0.01629111640396548,2.294883566986103,0.034480022203704865,
0.6500000000000005,APPROACH,89.39277514564007,-0.044759049590407766,0.08051352831824657,6.58391127669503e-05,1.085772267574017,4,0,False,0.31219818590580867,0.016285097080371805,2.294883566986103,0.034480022203704865,
0.6510000000000005,APPROACH,89.39277183169152,-0.044900718579750365,0.08051359391254878,6.559430220795167e-05,1.0820555314112363,4,0,False,0.3121990624963958,0.016279043999445186,2.294883566986103,0.034480022203704865,
0.6520000000000005,APPROACH,89.39276851678997,-0.04504251963730404,0.08051365926191015,6.534936137177631e-05,1.0783393414235602,4,0,False,0.31219993873432117,0.01627295722313009,2.294883566986103,0.034480022203704865,
0.6530000000000005,APPROACH,89.39276520094926,-0.0451844523029025,0.08051372436620492,6.510429477850615e-05,1.0746237111099561,4,0,False,0.3122008146236473,0.016266836813245228,2.294883566986103,0.034480022203704865,
0.6540000000000005,APPROACH,89.39276188418299,-0.04532651611649604,0.08051378922531184,6.485910691583657e-05,1.0709086539033315,4,0,False,0.3122016901684125,0.016260682831489848,2.294883566986103,0.034480022203704865,
0.6550000000000005,APPROACH,89.39275856650457,-0.04546871061815274,0.08051385383911408,6.461380224528782e-05,1.067194183171063,4,0,False,0.3122025653724688,0.01625449533947923,2.294883566986103,0.034480022203704865,
0.6560000000000005,APPROACH,89.39275524792785,-0.04561103534805977,0.08051391820749927,6.43683851935247e-05,1.0634803122155292,4,0,False,0.31220344023973573,0.01624827439864271,2.294883566986103,0.034480022203704865,
0.6570000000000005,APPROACH,89.39275192846578,-0.045753489846524574,0.08051398233035943,6.412286015723294e-05,1.0597670542746191,4,0,False,0.31220431477419247,0.016242020070343255,2.294883566986103,0.034480022203704865,
0.6580000000000005,APPROACH,89.39274860813221,-0.045896073653976126,0.08051404620759094,6.38772315081543e-05,1.0560544225222563,4,0,False,0.3122051889791747,0.01623573241584371,2.294883566986103,0.034480022203704865,
0.6590000000000005,APPROACH,89.39274528694037,-0.04603878631096616,0.08051410983909452,6.363150358227118e-05,1.0523424300689106,4,0,False,0.3122060628587019,0.01622941149621361,2.294883566986103,0.034480022203704865,
0.6600000000000005,APPROACH,89.3927419649035,-0.0461816273581704,0.0805141732247752,6.338568068722305e-05,1.0486310899620905,4,0,False,0.31220693641616604,0.016223057372483807,2.294883566986103,0.034480022203704865,
0.6610000000000005,APPROACH,89.39273864203489,-0.046324596336389766,0.0805142363645423,6.313976710055966e-05,1.0449204151868565,4,0,False,0.3122078096553502,0.016216670105532988,2.294883566986103,0.034480022203704865,
0.6620000000000005,APPROACH,89.39273531834775,-0.0464676927865516,0.08051429925830937,6.289376707268115e-05,1.0412104186663094,4,0,False,0.3122086825795904,0.016210249756160852,2.294883566986103,0.034480022203704865,
0.6630000000000005,APPROACH,89.39273199385525,-0.04661091624971087,0.08051436190599419,6.264768482444402e-05,1.0375011132620853,4,0,False,0.3122095551925242,0.016203796385029084,2.294883566986103,0.034480022203704865,
0.6640000000000005,APPROACH,89.39272866857044,-0.046754266267051404,0.08051442430751873,6.240152454956561e-05,1.0337925117748394,4,0,False,0.3122104274973425,0.016197310052715977,2.294883566986103,0.034480022203704865,
0.6650000000000005,APPROACH,89.39272534250651,-0.04689774237988705,0.08051448646280915,6.215529041160925e-05,1.030084626944728,4,0,False,0.31221129949748105,0.016190790819661946,2.294883566986103,0.034480022203704865,
0.6660000000000005,APPROACH,89.3927220156764,-0.04704134412966293,0.0805145483717957,6.190898654634922e-05,1.0263774714518812,4,0,False,0.31221217119612554,0.01618423874622596,2.294883566986103,0.034480022203704865,
0.6670000000000005,APPROACH,89.39271868809305,-0.0471850710579566,0.08051461003441275,6.166261706092344e-05,1.0226710579168792,4,0,False,0.3122130425966651,0.016177653892645902,2.294883566986103,0.034480022203704865,
0.6680000000000005,APPROACH,89.39271535976948,-0.04732892270647925,0.08051467145059879,6.141618603662242e-05,1.018965398901216,4,0,False,0.31221391370207824,0.016171036319078347,2.294883566986103,0.034480022203704865,
0.6690000000000005,APPROACH,89.39271203071851,-0.04747289861707691,0.08051473262029632,6.116969752623016e-05,1.0152605069077654,4,0,False,0.31221478451571205,0.01616438608555043,2.294883566986103,0.034480022203704865,
0.6700000000000005,APPROACH,89.39270870095301,-0.0476169983317316,0.08051479354345188,6.0923155557148955e-05,1.011556394381236,4,0,False,0.31221565504035365,0.016157703252016584,2.294883566986103,0.034480022203704865,
0.6710000000000005,APPROACH,89.39270537048571,-0.04776122139256255,0.080514854220016,6.067656412711928e-05,1.0078530737086282,4,0,False,0.3122165252791988,0.016150987878290904,2.294883566986103,0.034480022203704865,
0.6720000000000005,APPROACH,89.39270203932944,-0.047905567341827354,0.08051491464994322,6.042992720891092e-05,1.0041505572196778,4,0,False,0.31221739523507586,0.016144240024131576,2.294883566986103,0.034480022203704865,
0.6730000000000005,APPROACH,89.39269870749689,-0.04805003572192315,0.08051497483319196,6.018324874773238e-05,1.0004488571873071,4,0,False,0.31221826491099236,0.016137459749163918,2.294883566986103,0.034480022203704865,
0.6740000000000005,APPROACH,89.39269537500068,-0.04819462607538779,0.08051503476972463,5.993653266344994e-05,0.9967479858280603,4,0,False,0.3122191343097607,0.016130647112942,2.294883566986103,0.034480022203704865,
0.6750000000000005,APPROACH,89.39269204185348,-0.04833933794490101,0.08051509445950748,5.968978284993631e-05,0.9930479553025432,4,0,False,0.31222000343404216,0.016123802174908677,2.294883566986103,0.034480022203704865,
0.6760000000000005,APPROACH,89.39268870806787,-0.048484170873285576,0.08051515390251066,5.944300317399902e-05,0.9893487777158539,4,0,False,0.31222087228686485,0.016116924994410253,2.294883566986103,0.034480022203704865,
0.6770000000000005,APPROACH,89.39268537365633,-0.04862912440350847,0.08051521309870814,5.9196197479585765e-05,0.9856504651180089,4,0,False,0.31222174087061216,0.016110015630723007,2.294883566986103,0.034480022203704865,
0.6780000000000005,APPROACH,89.3926820386314,-0.04877419807868202,0.08051527204807772,5.894936958211967e-05,0.9819530295043725,4,0,False,0.3122226091881306,0.01610307414298459,2.294883566986103,0.034480022203704865,
0.6790000000000005,APPROACH,89.39267870300546,-0.04891939144206505,0.080515330750601,5.870252327295371e-05,0.9782564828160657,4,0,False,0.312223477241901,0.016096100590285628,2.294883566986103,0.034480022203704865,
0.6800000000000005,APPROACH,89.39267536679105,-0.04906470403706406,0.08051538920626332,5.845566231799558e-05,0.9745608369403919,4,0,False,0.31222434503449586,0.016089095031597486,2.294883566986103,0.034480022203704865,
0.6810000000000005,APPROACH,89.3926720300005,-0.04921013540723434,0.08051544741505377,5.820879045843825e-05,0.9708661037112414,4,0,False,0.3122252125684471,0.01608205752581557,2.294883566986103,0.034480022203704865,
0.6820000000000005,APPROACH,89.39266869264607,-0.049355685096281104,0.08051550537696518,5.7961911411972284e-05,0.9671722949095026,4,0,False,0.31222607984626394,0.016074988131747972,2.294883566986103,0.034480022203704865,
0.6830000000000005,APPROACH,89.39266535474012,-0.04950135264806065,0.08051556309199405,5.771502887299511e-05,0.9634794222634655,4,0,False,0.31222694687021313,0.01606788690811506,2.294883566986103,0.034480022203704865,
0.6840000000000005,APPROACH,89.39266201629484,-0.04964713760658149,0.08051562056014056,5.746814650964762e-05,0.9597874974492198,4,0,False,0.3122278136426325,0.016060753913528986,2.294883566986103,0.034480022203704865,
0.6850000000000005,APPROACH,89.39265867732244,-0.04979303951600545,0.08051567778140852,5.722126796502769e-05,0.9560965320910476,4,0,False,0.31222868016593697,0.016053589206530258,2.294883566986103,0.034480022203704865,
0.6860000000000005,APPROACH,89.39265533783522,-0.04993905792064885,0.08051573475580538,5.697439686039346e-05,0.9524065377618177,4,0,False,0.312229546442282,0.01604639284558773,2.294883566986103,0.034480022203704865,
0.6870000000000005,APPROACH,89.39265199784519,-0.05008519236498357,0.08051579148334218,5.672753679249805e-05,0.948717525983375,4,0,False,0.312230412473957,0.016039164889062166,2.294883566986103,0.034480022203704865,
0.6880000000000005,APPROACH,89.3926486573645,-0.05023144239363821,0.08051584796403351,5.648069133523406e-05,0.9450295082269216,4,0,False,0.31223127826311237,0.01603190539525025,2.294883566986103,0.034480022203704865,
0.6890000000000005,APPROACH,89.3926453164052,-0.05037780755139919,0.08051590419789754,5.623386403938338e-05,0.9413424959133996,4,0,False,0.31223214381180975,0.01602461442235581,2.294883566986103,0.034480022203704865,
0.6900000000000005,APPROACH,89.39264197497928,-0.05052428738321183,0.08051596018495598,5.598705843203002e-05,0.9376565004138658,4,0,False,0.31223300912224206,0.016017292028500704,2.294883566986103,0.034480022203704865,
0.6910000000000005,APPROACH,89.3926386330987,-0.05067088143418154,0.080516015925234,5.574027801857555e-05,0.9339715330498646,4,0,False,0.3122338741963233,0.016009938271736884,2.294883566986103,0.034480022203704865,
0.6920000000000005,APPROACH,89.39263529077554,-0.05081758924957483,0.08051607141876027,5.549352628046474e-05,0.9302876050937998,4,0,False,0.3122347390360059,0.016002553210018117,2.294883566986103,0.034480022203704865,
0.6930000000000005,APPROACH,89.39263194802156,-0.05096441037482049,0.08051612666556694,5.524680667580333e-05,0.9266047277692967,4,0,False,0.3122356036433919,0.015995136901227558,2.294883566986103,0.034480022203704865,
0.6940000000000005,APPROACH,89.39262860484874,-0.05111134435551064,0.08051618166568958,5.500012264252582e-05,0.9229229122515644,4,0,False,0.31223646802027083,0.01598768940318733,2.294883566986103,0.034480022203704865,
0.6950000000000005,APPROACH,89.39262526126888,-0.051258390737401835,0.08051623641916718,5.475347759574786e-05,0.91924216966776,4,0,False,0.3122373321685788,0.01598021077361768,2.294883566986103,0.034480022203704865,
0.6960000000000005,APPROACH,89.39262191729375,-0.05140554906641618,0.08051629092604211,5.450687492893487e-05,0.9155625110973364,4,0,False,0.3122381960900283,0.015972701070178494,2.294883566986103,0.034480022203704865,
0.6970000000000005,APPROACH,89.39261857293513,-0.05155281888864238,0.08051634518636012,5.4260318012832646e-05,0.9118839475723998,4,0,False,0.3122390597864765,0.015965160350440225,2.294883566986103,0.034480022203704865,
0.6980000000000005,APPROACH,89.3926152282048,-0.05170019975033687,0.08051639920017033,5.401381019749429e-05,0.9082064900780521,4,0,False,0.31223992325963945,0.015957588671915823,2.294883566986103,0.034480022203704865,
0.6990000000000005,APPROACH,89.39261188311443,-0.051847691197924844,0.08051645296752513,5.376735481149233e-05,0.9045301495527416,4,0,False,0.31224078651117465,0.015949986092031104,2.294883566986103,0.034480022203704865,
0.7000000000000005,APPROACH,89.39260853767573,-0.05199529277800139,0.0805165064884803,5.3520955161294645e-05,0.9008549368886003,4,0,False,0.31224164954273154,0.01594235266813898,2.294883566986103,0.034480022203704865,
0.7010000000000005,APPROACH,89.3926051919002,-0.05214300403733252,0.08051655976309482,5.327461453215165e-05,0.8971808629317837,4,0,False,0.3122425123559565,0.01593468845752477,2.294883566986103,0.034480022203704865,
0.7020000000000005,APPROACH,89.39260184579953,-0.05229082452285626,0.08051661279143102,5.302833618907375e-05,0.8935079384828036,4,0,False,0.31224337495242177,0.01592699351740609,2.294883566986103,0.034480022203704865,
0.7030000000000005,APPROACH,89.39259849938531,-0.05243875378168373,0.0805166655735544,5.278212337627887e-05,0.8898361742968641,4,0,False,0.31224423733356443,0.0159192679049234,2.294883566986103,0.034480022203704865,
0.7040000000000005,APPROACH,89.39259515266903,-0.052586791361100185,0.08051671810953372,5.253597931608889e-05,0.8861655810841854,4,0,False,0.3122450995010224,0.015911511677141804,2.294883566986103,0.034480022203704865,
0.7050000000000005,APPROACH,89.39259180566216,-0.052734936808566106,0.08051677039944093,5.2289907212160945e-05,0.8824961695103302,4,0,False,0.3122459614561362,0.015903724891078552,2.294883566986103,0.034480022203704865,
0.7060000000000005,APPROACH,89.39258845837617,-0.052883189671718234,0.08051682244335118,5.2043910247048196e-05,0.8788279501965279,4,0,False,0.3122468232004028,0.015895907603658846,2.294883566986103,0.034480022203704865,
0.7070000000000005,APPROACH,89.39258511082255,-0.053031549498370634,0.08051687424134277,5.179799158384377e-05,0.8751609337199907,4,0,False,0.31224768473520437,0.015888059871758953,2.294883566986103,0.034480022203704865,
0.7080000000000005,APPROACH,89.39258176301261,-0.05318001583651576,0.08051692579349713,5.155215436600022e-05,0.8714951306142315,4,0,False,0.31224854606173286,0.01588018175217744,2.294883566986103,0.034480022203704865,
0.7090000000000005,APPROACH,89.3925784149578,-0.05332858823432548,0.08051697709989884,5.130640171489818e-05,0.8678305513693749,4,0,False,0.3122494071813962,0.01587227330163546,2.294883566986103,0.034480022203704865,
0.7100000000000005,APPROACH,89.39257506666937,-0.053477266240152165,0.08051702816063558,5.106073673295966e-05,0.8641672064324646,4,0,False,0.31225026809549916,0.0158643345768108,2.294883566986103,0.034480022203704865,
0.7110000000000005,APPROACH,89.39257171815873,-0.05362604940252968,0.08051707897579809,5.081516250438951e-05,0.8605051062077747,4,0,False,0.31225112880521716,0.01585636563431264,2.294883566986103,0.034480022203704865,
0.7120000000000005,APPROACH,89.39256836943707,-0.05377493727017447,0.08051712954548018,5.056968209315369e-05,0.8568442610571112,4,0,False,0.3122519893116903,0.015848366530673036,2.294883566986103,0.034480022203704865,
0.7130000000000005,APPROACH,89.3925650205157,-0.05392392939198657,0.08051717986977873,5.032429854349114e-05,0.8531846813001123,4,0,False,0.3122528496162258,0.01584033732236957,2.294883566986103,0.034480022203704865,
0.7140000000000005,APPROACH,89.39256167140577,-0.05407302531705065,0.08051722994879361,5.007901488230428e-05,0.849526377214545,4,0,False,0.31225370971971245,0.015832278065826114,2.294883566986103,0.034480022203704865,
0.7150000000000005,APPROACH,89.39255832211848,-0.054222224594637054,0.08051727978262772,4.983383411464933e-05,0.8458693590366043,4,0,False,0.31225456962345133,0.015824188817372478,2.294883566986103,0.034480022203704865,
0.7160000000000005,APPROACH,89.392554972665,-0.0543715267742028,0.08051732937138695,4.958875922891931e-05,0.8422136369611973,4,0,False,0.3122554293283896,0.015816069633321647,2.294883566986103,0.034480022203704865,
0.7170000000000005,APPROACH,89.3925516230564,-0.05452093140539266,0.08051737871518014,4.934379319451686e-05,0.8385592211422408,4,0,False,0.31225628883555817,0.01580792056989269,2.294883566986103,0.034480022203704865,
0.7180000000000005,APPROACH,89.39254827330385,-0.054670438038040114,0.0805174278141191,4.90989389618096e-05,0.8349061216929421,4,0,False,0.3122571481459607,0.015799741683256735,2.294883566986103,0.034480022203704865,
0.7190000000000005,APPROACH,89.39254492341828,-0.05482004622216843,0.08051747666831856,4.885419946350502e-05,0.8312543486860843,4,0,False,0.3122580072605453,0.01579153302952875,2.294883566986103,0.034480022203704865,
0.7200000000000005,APPROACH,89.39254157341088,-0.05496975550799164,0.08051752527789617,4.860957761412956e-05,0.8276039121543073,4,0,False,0.31225886618016807,0.015783294664759737,2.294883566986103,0.034480022203704865,
0.7210000000000005,APPROACH,89.39253822329263,-0.05511956544591558,0.08051757364297248,4.836507630888721e-05,0.8239548220903848,4,0,False,0.312259724905746,0.01577502664493624,2.294883566986103,0.034480022203704865,
0.7220000000000005,APPROACH,89.39253487307441,-0.05526947558653889,0.0805176217636709,4.8120698425061505e-05,0.8203070884474991,4,0,False,0.3122605834381141,0.015766729025996504,2.294883566986103,0.034480022203704865,
0.7230000000000005,APPROACH,89.39253152276726,-0.055419485480654035,0.08051766964011772,4.787644682259318e-05,0.8166607211395143,4,0,False,0.31226144177815107,0.01575840186382367,2.294883566986103,0.034480022203704865,
0.7240000000000005,APPROACH,89.39252817238197,-0.055569594679248276,0.08051771727244207,4.763232434472222e-05,0.813015730041247,4,0,False,0.3122622999265479,0.015750045214245764,2.294883566986103,0.034480022203704865,
0.7250000000000005,APPROACH,89.39252482192965,-0.05571980273350471,0.08051776466077588,4.738833381576724e-05,0.8093721249887349,4,0,False,0.3122631578841565,0.015741659133021293,2.294883566986103,0.034480022203704865,
0.7260000000000005,APPROACH,89.39252147142096,-0.055870109194803244,0.08051781180525393,4.714447804368595e-05,0.8057299157794966,4,0,False,0.31226401565160355,0.015733243675872727,2.294883566986103,0.034480022203704865,
0.7270000000000005,APPROACH,89.39251812086687,-0.05602051361472162,0.08051785870601375,4.690075981792535e-05,0.8020891121727984,4,0,False,0.3122648732295287,0.01572479889844737,2.294883566986103,0.034480022203704865,
0.7280000000000005,APPROACH,89.39251477027808,-0.056171015545036396,0.08051790536319565,4.665718190939528e-05,0.7984497238899111,4,0,False,0.3122657306187551,0.01571632485634515,2.294883566986103,0.034480022203704865,
0.7290000000000005,APPROACH,89.39251141966547,-0.056321614537723906,0.08051795177694272,4.64137470745738e-05,0.7948117606143655,4,0,False,0.3122665878197838,0.015707821605135883,2.294883566986103,0.034480022203704865,
0.7300000000000005,APPROACH,89.39250806903974,-0.0564723101449613,0.08051799794740078,4.617045805172402e-05,0.7911752319922143,4,0,False,0.3122674448332483,0.01569928920030285,2.294883566986103,0.034480022203704865,
0.7310000000000005,APPROACH,89.39250471841162,-0.0566231019191275,0.08051804387471834,4.592731756250145e-05,0.7875401476322754,4,0,False,0.3122683016597597,0.015690727697299692,2.294883566986103,0.034480022203704865,
0.7320000000000005,APPROACH,89.39250136779187,-0.056773989412804184,0.08051808955904664,4.568432831258234e-05,0.7839065171063869,4,0,False,0.3122691582997181,0.015682137151524222,2.294883566986103,0.034480022203704865,
0.7330000000000005,APPROACH,89.39249801719114,-0.05692497217877678,0.08051813500053963,4.544149298920331e-05,0.7802743499496526,4,0,False,0.31227001475378585,0.01567351761830628,2.294883566986103,0.034480022203704865,
0.7340000000000005,APPROACH,89.39249466662002,-0.05707604977003543,0.08051818019935389,4.5198814264692344e-05,0.7766436556606852,4,0,False,0.3122708710223482,0.015664869152954924,2.294883566986103,0.034480022203704865,
0.7350000000000005,APPROACH,89.39249131608919,-0.057227221739775964,0.08051822515564869,4.495629479449449e-05,0.7730144437018515,4,0,False,0.31227172710588075,0.015656191810704365,2.294883566986103,0.034480022203704865,
0.7360000000000005,APPROACH,89.39248796560929,-0.05737848764140088,0.0805182698695859,4.47139372173678e-05,0.7693867234995106,4,0,False,0.31227258300476635,0.015647485646749462,2.294883566986103,0.034480022203704865,
0.7370000000000005,APPROACH,89.39248461519078,-0.05752984702852033,0.08051831434133007,4.447174415613218e-05,0.7657605044442509,4,0,False,0.3122734387194507,0.01563875071623605,2.294883566986103,0.034480022203704865,
0.7380000000000005,APPROACH,89.39248126484435,-0.05768129945495303,0.08051835857104829,4.4229718218009066e-05,0.7621357958911277,4,0,False,0.3122742942502808,0.015629987074263885,2.294883566986103,0.034480022203704865,
0.7390000000000005,APPROACH,89.3924779145804,-0.0578328444747273,0.08051840255891028,4.39878619940297e-05,0.7585126071598943,4,0,False,0.31227514959752484,0.015621194775878394,2.294883566986103,0.034480022203704865,
0.7400000000000005,APPROACH,89.3924745644095,-0.05798448164208197,0.08051844630508834,4.374617805850105e-05,0.7548909475352336,4,0,False,0.3122760047615643,0.015612373876076766,2.294883566986103,0.034480022203704865,
0.7410000000000005,APPROACH,89.39247121434211,-0.05813621051146734,0.0805184898097573,4.350466897110824e-05,0.751270826266985,4,0,False,0.3122768597427232,0.015603524429822574,2.294883566986103,0.034480022203704865,
0.7420000000000005,APPROACH,89.39246786438869,-0.05828803063754618,0.08051853307309458,4.326333727656758e-05,0.7476522525703742,4,0,False,0.31227771454104214,0.015594646492024078,2.294883566986103,0.034480022203704865,
0.7430000000000005,APPROACH,89.39246451455968,-0.058439941575194644,0.08051857609528007,4.3022185501180926e-05,0.7440352356262345,4,0,False,0.3122785691569742,0.015585740117525448,2.294883566986103,0.034480022203704865,
0.7440000000000005,APPROACH,89.39246116486525,-0.05859194287950322,0.08051861887649622,4.2781216158091646e-05,0.740419784581227,4,0,False,0.31227942359059485,0.015576805361164708,2.294883566986103,0.034480022203704865,
0.7450000000000006,APPROACH,89.39245781531622,-0.058744034105777714,0.08051866141692797,4.2540431745073926e-05,0.7368059085480649,4,0,False,0.31228027784218354,0.015567842277707411,2.294883566986103,0.034480022203704865,
0.7460000000000006,APPROACH,89.39245446592261,-0.058896214809540146,0.08051870371676272,4.229983474569383e-05,0.7331936166057293,4,0,False,0.31228113191180773,0.015558850921887718,2.294883566986103,0.034480022203704865,
0.7470000000000006,APPROACH,89.39245111669493,-0.059048484546529736,0.08051874577619034,4.205942762741449e-05,0.7295829177996841,4,0,False,0.31228198579957045,0.015549831348382254,2.294883566986103,0.034480022203704865,
0.7480000000000006,APPROACH,89.39244776764332,-0.05920084287270382,0.08051878759540318,4.181921284187711e-05,0.7259738211420889,4,0,False,0.312282839505584,0.015540783611828174,2.294883566986103,0.034480022203704865,
0.7490000000000006,APPROACH,89.3924444187782,-0.05935328934423881,0.080518829174596,4.15791928255727e-05,0.7223663356120099,4,0,False,0.31228369302974984,0.015531707766821903,2.294883566986103,0.034480022203704865,
0.7500000000000006,APPROACH,89.39244107010963,-0.059505823517531094,0.080518870513966,4.13393699989542e-05,0.7187604701556298,4,0,False,0.3122845463726582,0.015522603867910337,2.294883566986103,0.034480022203704865,
0.7510000000000006,APPROACH,89.39243772164815,-0.059658444949197996,0.08051891161371277,4.1099746774820476e-05,0.715156233686454,4,0,False,0.31228539953373735,0.015513471969655149,2.294883566986103,0.034480022203704865,
0.7520000000000006,APPROACH,89.39243437340386,-0.05981115319607871,0.08051895247403831,4.086032554565385e-05,0.7115536350855268,4,0,False,0.31228625251325826,0.0155043121264712,2.294883566986103,0.034480022203704865,
0.7530000000000006,APPROACH,89.39243102538687,-0.05996394781523521,0.080518993095147,4.062110868949828e-05,0.7079526832016134,4,0,False,0.31228710531106657,0.015495124392810075,2.294883566986103,0.034480022203704865,
0.7540000000000006,APPROACH,89.39242767760749,-0.060116828363953184,0.08051903347724557,4.03820985696525e-05,0.7043533868514171,4,0,False,0.3122879579271737,0.015485908823049066,2.294883566986103,0.034480022203704865,
0.7550000000000006,APPROACH,89.39242433007574,-0.06026979439974296,0.0805190736205431,4.014329753536169e-05,0.7007557548197718,4,0,False,0.31228881036148465,0.015476665471541723,2.294883566986103,0.034480022203704865,
0.7560000000000006,APPROACH,89.39242098280181,-0.06042284548034042,0.08051911352525103,3.990470792250836e-05,0.6971597958598426,4,0,False,0.3122896626140171,0.015467394392600128,2.294883566986103,0.034480022203704865,
0.7570000000000006,APPROACH,89.3924176357958,-0.060575981163707916,0.08051915319158308,3.966633205436568e-05,0.6935655186933203,4,0,False,0.31229051468447466,0.015458095640501449,2.294883566986103,0.034480022203704865,
0.7580000000000006,APPROACH,89.39241428906782,-0.060729201008035194,0.08051919261975532,3.9428172238209754e-05,0.6899729320106172,4,0,False,0.31229136657282414,0.015448769269459511,2.294883566986103,0.034480022203704865,
0.7590000000000006,APPROACH,89.39241094262792,-0.06088250457174031,0.08051923180998609,3.919023076783423e-05,0.686382044471052,4,0,False,0.31229221827879833,0.015439415333673573,2.294883566986103,0.034480022203704865,
0.7600000000000006,APPROACH,89.39240759648605,-0.06103589141347053,0.08051927076249601,3.895250992245998e-05,0.6827928647030463,4,0,False,0.3122930698022821,0.015430033887288017,2.294883566986103,0.034480022203704865,
0.7610000000000006,APPROACH,89.39240425065226,-0.06118936109210323,0.08051930947750799,3.8715011968383097e-05,0.6792054013043078,4,0,False,0.3122939211430739,0.015420624984425993,2.294883566986103,0.034480022203704865,
0.7620000000000006,APPROACH,89.39240090513671,-0.06134291316674683,0.08051934795524715,3.847773915886338e-05,0.6756196628420201,4,0,False,0.3122947723008656,0.015411188679165105,2.294883566986103,0.034480022203704865,
0.7630000000000006,APPROACH,89.39239755994926,-0.06149654719674167,0.08051938619594089,3.8240693732489395e-05,0.6720356578530252,4,0,False,0.31229562327542093,0.015401725025536675,2.294883566986103,0.034480022203704865,
0.7640000000000006,APPROACH,89.39239421509983,-0.06165026274166093,0.0805194241998188,3.8003877914261194e-05,0.6684533948440051,4,0,False,0.3122964740664842,0.015392234077545738,2.294883566986103,0.034480022203704865,
0.7650000000000006,APPROACH,89.39239087059849,-0.06180405936131152,0.08051946196711272,3.7767293916548014e-05,0.6648728822916631,4,0,False,0.3122973246737951,0.015382715889163345,2.294883566986103,0.034480022203704865,
0.7660000000000006,APPROACH,89.39238752645501,-0.06195793661573496,0.08051949949805666,3.75309439389295e-05,0.6612941286429043,4,0,False,0.3122981750968348,0.015373170514320023,2.294883566986103,0.034480022203704865,
0.7670000000000006,APPROACH,89.39238418267935,-0.062111894065208326,0.08051953679288683,3.729483016480301e-05,0.657717142315012,4,0,False,0.3122990253354302,0.01536359800689116,2.294883566986103,0.034480022203704865,
0.7680000000000006,APPROACH,89.39238083928136,-0.06226593127024507,0.0805195738518416,3.705895476621423e-05,0.6541419316958178,4,0,False,0.3122998753892256,0.015353998420754592,2.294883566986103,0.034480022203704865,
0.7690000000000006,APPROACH,89.39237749627092,-0.06242004779159597,0.0805196106751615,3.6823319903490575e-05,0.6505685051438848,4,0,False,0.312300725257802,0.015344371809735774,2.294883566986103,0.034480022203704865,
0.7700000000000006,APPROACH,89.39237415365794,-0.06257424319024997,0.08051964726308923,3.658792772332898e-05,0.6469968709886748,4,0,False,0.31230157494059463,0.015334718227618893,2.294883566986103,0.034480022203704865,
0.7710000000000006,APPROACH,89.39237081145211,-0.06272851702743511,0.08051968361586959,3.635278035674607e-05,0.6434270375307184,4,0,False,0.3123024244373832,0.015325037728142421,2.294883566986103,0.034480022203704865,
0.7720000000000006,APPROACH,89.39236746966331,-0.06288286886461937,0.08051971973374951,3.611787992391546e-05,0.6398590130417803,4,0,False,0.31230327374758504,0.01531533036504612,2.294883566986103,0.034480022203704865,
0.7730000000000006,APPROACH,89.39236412830134,-0.06303729826351158,0.08051975561697804,3.5883228531974616e-05,0.6362928057650348,4,0,False,0.312304122870882,0.015305596192007886,2.294883566986103,0.034480022203704865,
0.7740000000000006,APPROACH,89.39236078737581,-0.06319180478606225,0.08051979126580631,3.564882827706635e-05,0.6327284239152243,4,0,False,0.31230497180666905,0.01529583526269529,2.294883566986103,0.034480022203704865,
0.7750000000000006,APPROACH,89.39235744689661,-0.0633463879944645,0.08051982668048756,3.541468124154505e-05,0.629165875678829,4,0,False,0.3123058205544609,0.01528604763071749,2.294883566986103,0.034480022203704865,
0.7760000000000006,APPROACH,89.39235410687344,-0.06350104745115492,0.08051986186127705,3.5180789494950344e-05,0.6256051692142227,4,0,False,0.3123066691137597,0.015276233349665255,2.294883566986103,0.034480022203704865,
0.7770000000000006,APPROACH,89.39235076731596,-0.06365578271881442,0.08051989680843215,3.4947155094734035e-05,0.6220463126518376,4,0,False,0.31230751748391106,0.015266392473094317,2.294883566986103,0.034480022203704865,
0.7780000000000006,APPROACH,89.39234742823385,-0.0638105933603691,0.08051993152221223,3.4713780084454347e-05,0.6184893140943222,4,0,False,0.3123083656645027,0.015256525054519118,2.294883566986103,0.034480022203704865,
0.7790000000000006,APPROACH,89.39234408963674,-0.06396547893899113,0.08051996600287874,3.44806664968454e-05,0.614934181616697,4,0,False,0.31230921365480374,0.01524663114744415,2.294883566986103,0.034480022203704865,
0.7800000000000006,APPROACH,89.39234075153435,-0.06412043901809962,0.08052000025069508,3.424781635158845e-05,0.6113809232665156,4,0,False,0.31231006145434187,0.01523671080531995,2.294883566986103,0.034480022203704865,
0.7810000000000006,APPROACH,89.39233741393636,-0.06427547316136147,0.08052003426592674,3.4015231657161395e-05,0.6078295470640135,4,0,False,0.312310909062399,0.01522676408158545,2.294883566986103,0.034480022203704865,
0.7820000000000006,APPROACH,89.39233407685222,-0.0644305809326922,0.08052006804884115,3.378291440909879e-05,0.6042800610022664,4,0,False,0.31231175647836623,0.015216791029628945,2.294883566986103,0.034480022203704865,
0.7830000000000006,APPROACH,89.39233074029164,-0.06458576189625688,0.08052010159970774,3.35508665907446e-05,0.6007324730473368,4,0,False,0.31231260370162506,0.015206791702821937,2.294883566986103,0.034480022203704865,
0.7840000000000006,APPROACH,89.39232740426414,-0.06474101561647091,0.0805201349187979,3.331909017439332e-05,0.5971867911384273,4,0,False,0.3123134507314332,0.015196766154506061,2.294883566986103,0.034480022203704865,
0.7850000000000006,APPROACH,89.39232406877929,-0.06489634165800094,0.08052016800638502,3.3087587119541397e-05,0.5936430231880288,4,0,False,0.312314297567133,0.01518671443798117,2.294883566986103,0.034480022203704865,
0.7860000000000006,APPROACH,89.3923207338466,-0.06505173958576566,0.08052020086274439,3.2856359374047765e-05,0.590101177082066,4,0,False,0.31231514420803885,0.015176636606529278,2.294883566986103,0.034480022203704865,
0.7870000000000006,APPROACH,89.39231739947559,-0.06520720896493666,0.08052023348815326,3.262540887457418e-05,0.5865612606800444,4,0,False,0.3123159906533669,0.015166532713400765,2.294883566986103,0.034480022203704865,
0.7880000000000006,APPROACH,89.39231406567583,-0.06536274936093933,0.08052026588289081,3.2394737545490835e-05,0.5830232818151961,4,0,False,0.31231683690244566,0.015156402811810674,2.294883566986103,0.034480022203704865,
0.7890000000000006,APPROACH,89.39231073245676,-0.06551836033945363,0.0805202980472381,3.216434730048066e-05,0.5794872482946194,4,0,False,0.31231768295446416,0.015146246954956838,2.294883566986103,0.034480022203704865,
0.7900000000000006,APPROACH,89.39230739982779,-0.06567404146641498,0.08052032998147815,3.1934240041211134e-05,0.5759531678994237,4,0,False,0.3123185288086453,0.015136065195995266,2.294883566986103,0.034480022203704865,
0.7910000000000006,APPROACH,89.39230406779846,-0.06582979230801508,0.08052036168589581,3.170441765729455e-05,0.5724210483848672,4,0,False,0.3123193744641655,0.01512585758805858,2.294883566986103,0.034480022203704865,
0.7920000000000006,APPROACH,89.3923007363782,-0.06598561243070278,0.08052039316077783,3.147488202629614e-05,0.5688908974804958,4,0,False,0.3123202199201897,0.01511562418424707,2.294883566986103,0.034480022203704865,
0.7930000000000006,APPROACH,89.39229740557629,-0.06614150140118484,0.08052042440641284,3.124563501406053e-05,0.5653627228902807,4,0,False,0.31232106517598657,0.015105365037637306,2.294883566986103,0.034480022203704865,
0.7940000000000006,APPROACH,89.39229407540222,-0.06629745878642686,0.08052045542309132,3.1016678477009075e-05,0.5618365322927545,4,0,False,0.31232191023077116,0.015095080201292979,2.294883566986103,0.034480022203704865,
0.7950000000000006,APPROACH,89.39229074586542,-0.06645348415365401,0.08052048621110558,3.078801426133348e-05,0.5583123333411503,4,0,False,0.31232275508342333,0.015084769728237774,2.294883566986103,0.034480022203704865,
0.7960000000000006,APPROACH,89.39228741697531,-0.06660957707035198,0.08052051677074978,3.055964419861078e-05,0.5547901336635299,4,0,False,0.3123235997333342,0.015074433671444343,2.294883566986103,0.034480022203704865,
0.7970000000000006,APPROACH,89.39228408874091,-0.06676573710426767,0.0805205471023199,3.0331570111854527e-05,0.551269940862915,4,0,False,0.31232444417948413,0.0150640720839062,2.294883566986103,0.034480022203704865,
0.7980000000000006,APPROACH,89.39228076117186,-0.06692196382341012,0.08052057720611372,3.0103793812067582e-05,0.5477517625174242,4,0,False,0.3123252884208925,0.015053685018551005,2.294883566986103,0.034480022203704865,
0.7990000000000006,APPROACH,89.39227743427743,-0.0670782567960513,0.08052060708243082,2.987631709775956e-05,0.544235606180397,4,0,False,0.3123261324567865,0.015043272528289381,2.294883566986103,0.034480022203704865,
0.8000000000000006,APPROACH,89.39227410806676,-0.0672346155907269,0.08052063673157257,2.964914175842022e-05,0.540721479380523,4,0,False,0.3123269762862254,0.015032834666024675,2.294883566986103,0.034480022203704865,
0.8010000000000006,APPROACH,89.3922707825493,-0.06739103977623719,0.08052066615384215,2.9422269573440787e-05,0.5372093896219733,4,0,False,0.3123278199081102,0.015022371484620836,2.294883566986103,0.034480022203704865,
0.8020000000000006,APPROACH,89.39226745773412,-0.06754752892164782,0.08052069534954447,2.9195702309251435e-05,0.5336993443845233,4,0,False,0.3123286633216476,0.015011883036901763,2.294883566986103,0.034480022203704865,
0.8030000000000006,APPROACH,89.39226413363079,-0.06770408259629064,0.08052072431898619,2.896944172274134e-05,0.5301913511236748,4,0,False,0.31232950652570163,0.015001369375694504,2.294883566986103,0.034480022203704865,
0.8040000000000006,APPROACH,89.39226081024822,-0.06786070036976449,0.08052075306247575,2.8743489559540465e-05,0.5266854172707853,4,0,False,0.3123303495194116,0.014990830553774953,2.294883566986103,0.034480022203704865,
0.8050000000000006,APPROACH,89.39225748759577,-0.06801738181193605,0.0805207815803233,2.851784755516216e-05,0.5231815502331854,4,0,False,0.31233119230163686,0.014980266623914607,2.294883566986103,0.034480022203704865,
0.8060000000000006,APPROACH,89.39225416568267,-0.0681741264929406,0.08052080987284074,2.829251743347906e-05,0.5196797573943026,4,0,False,0.3123320348714649,0.014969677638839995,2.294883566986103,0.034480022203704865,
0.8070000000000006,APPROACH,89.39225084451802,-0.06833093398318288,0.08052083794034165,2.806750090855925e-05,0.5161800461137791,4,0,False,0.3123328772277673,0.014959063651272628,2.294883566986103,0.034480022203704865,
0.8080000000000006,APPROACH,89.392247524111,-0.06848780385333783,0.08052086578314133,2.7842799683715296e-05,0.5126824237275932,4,0,False,0.312333719369609,0.014948424713895764,2.294883566986103,0.034480022203704865,
0.8090000000000006,APPROACH,89.39224420447081,-0.06864473567435146,0.08052089340155678,2.7618415452610504e-05,0.5091868975481748,4,0,False,0.3123345612957367,0.01493776087938091,2.294883566986103,0.034480022203704865,
0.8100000000000006,APPROACH,89.39224088560657,-0.0688017290174416,0.08052092079590668,2.739434989641199e-05,0.5056934748645242,4,0,False,0.31233540300524176,0.014927072200351318,2.294883566986103,0.034480022203704865,
0.8110000000000006,APPROACH,89.39223756752737,-0.06895878345409868,0.08052094796651137,2.7170604687750293e-05,0.5022021629423221,4,0,False,0.31233624449697284,0.014916358729441637,2.294883566986103,0.034480022203704865,
0.8120000000000006,APPROACH,89.39223425024231,-0.06911589855608664,0.08052097491369285,2.6947181489126446e-05,0.49871296902405166,4,0,False,0.31233708576977043,0.014905620519237994,2.294883566986103,0.034480022203704865,
0.8130000000000006,APPROACH,89.39223093376047,-0.06927307389544358,0.0805210016377748,2.672408195137296e-05,0.49522590032910685,4,0,False,0.3123379268226484,0.014894857622303803,2.294883566986103,0.034480022203704865,
0.8140000000000006,APPROACH,89.39222761809106,-0.06943030904448264,0.08052102813908252,2.650130771703952e-05,0.49174096405390316,4,0,False,0.31233876765428475,0.014884070091199408,2.294883566986103,0.034480022203704865,
0.8150000000000006,APPROACH,89.39222430324291,-0.06958760357579273,0.08052105441794294,2.627886041676896e-05,0.48825816737199446,4,0,False,0.31233960826376245,0.014873257978430698,2.294883566986103,0.034480022203704865,
0.8160000000000006,APPROACH,89.39222098922528,-0.0697449570622394,0.0805210804746846,2.6056741673177303e-05,0.4847775174341753,4,0,False,0.3123404486497458,0.014862421336518827,2.294883566986103,0.034480022203704865,
0.8170000000000006,APPROACH,89.3922176760471,-0.06990236907696556,0.0805211063096377,2.5834953097335633e-05,0.4812990213685977,4,0,False,0.31234128881105094,0.014851560217921791,2.294883566986103,0.034480022203704865,
0.8180000000000006,APPROACH,89.39221436371734,-0.07005983919339229,0.08052113192313398,2.5613496288704713e-05,0.47782268628087127,4,0,False,0.31234212874656964,0.01484067467509173,2.294883566986103,0.034480022203704865,
0.8190000000000006,APPROACH,89.39221105224509,-0.07021736698521958,0.08052115731550682,2.5392372838638838e-05,0.47434851925417315,4,0,False,0.3123429684551723,0.014829764760474415,2.294883566986103,0.034480022203704865,
0.8200000000000006,APPROACH,89.39220774163927,-0.07037495202642717,0.08052118248709116,2.5171584329769934e-05,0.4708765273493561,4,0,False,0.3123438079354739,0.014818830526482363,2.294883566986103,0.034480022203704865,
0.8210000000000006,APPROACH,89.39220443190888,-0.07053259389127532,0.08052120743822348,2.495113233245202e-05,0.46740671760505204,4,0,False,0.3123446471863727,0.014807872025487584,2.294883566986103,0.034480022203704865,
0.8220000000000006,APPROACH,89.39220112306288,-0.07069029215430554,0.0805212321692419,2.4731018408139512e-05,0.4639390970377717,4,0,False,0.3123454862066491,0.014796889309868763,2.294883566986103,0.034480022203704865,
0.8230000000000006,APPROACH,89.3921978151102,-0.07084804639034138,0.080521256680486,2.4511244109721247e-05,0.4604736726420126,4,0,False,0.3123463249950143,0.014785882431973124,2.294883566986103,0.034480022203704865,
0.8240000000000006,APPROACH,89.3921945080597,-0.07100585617448925,0.08052128097229698,2.4291810979266616e-05,0.45701045139035934,4,0,False,0.31234716355017567,0.01477485144411654,2.294883566986103,0.034480022203704865,
0.8250000000000006,APPROACH,89.39219120192038,-0.07116372108213911,0.08052130504501753,2.4072720548445565e-05,0.4535494402335819,4,0,False,0.31234800187092515,0.01476379639859926,2.294883566986103,0.034480022203704865,
0.8260000000000006,APPROACH,89.39218789670113,-0.07132164068896532,0.08052132889899187,2.385397434084531e-05,0.45009064610073707,4,0,False,0.31234883995605667,0.014752717347712566,2.294883566986103,0.034480022203704865,
0.8270000000000006,APPROACH,89.39218459241074,-0.07147961457092734,0.08052135253456574,2.363557387113033e-05,0.44663407589926907,4,0,False,0.3123496778041084,0.014741614343716264,2.294883566986103,0.034480022203704865,
0.8280000000000006,APPROACH,89.39218128905821,-0.07163764230427054,0.08052137595208639,2.3417520642567402e-05,0.44317973651510556,4,0,False,0.312350515413832,0.014730487438837814,2.294883566986103,0.034480022203704865,
0.8290000000000006,APPROACH,89.39217798665231,-0.07179572346552691,0.08052139915190254,2.3199816148395962e-05,0.43972763481275234,4,0,False,0.31235135278400045,0.014719336685295167,2.294883566986103,0.034480022203704865,
0.8300000000000006,APPROACH,89.39217468520187,-0.0719538576315159,0.08052142213436442,2.2982461873738834e-05,0.43627777763539166,4,0,False,0.31235218991317193,0.014708162135294328,2.294883566986103,0.034480022203704865,
0.8310000000000006,APPROACH,89.39217138471574,-0.0721120443793451,0.08052144489982371,2.276545929388622e-05,0.43283017180497846,4,0,False,0.3123530268001433,0.014696963841006702,2.294883566986103,0.034480022203704865,
0.8320000000000006,APPROACH,89.39216808520271,-0.07227028328641102,0.08052146744863359,2.254880987554509e-05,0.42938482412233236,4,0,False,0.3123538634434211,0.014685741854595799,2.294883566986103,0.034480022203704865,
0.8330000000000006,APPROACH,89.39216478667164,-0.07242857393039989,0.08052148978114866,2.2332515074790273e-05,0.4259417413672327,4,0,False,0.31235469984179165,0.014674496228187159,2.294883566986103,0.034480022203704865,
0.8340000000000006,APPROACH,89.39216148913124,-0.07258691588928834,0.080521511897725,2.2116576340047796e-05,0.4225009302985079,4,0,False,0.312355535993795,0.014663227013911748,2.294883566986103,0.034480022203704865,
0.8350000000000006,APPROACH,89.39215819259039,-0.0727453087413442,0.08052153379872011,2.1900995109476073e-05,0.41906239765413134,4,0,False,0.31235637189802884,0.014651934263853528,2.294883566986103,0.034480022203704865,
0.8360000000000006,APPROACH,89.3921548970576,-0.07290375206512724,0.08052155548449293,2.168577281124979e-05,0.4156261501513074,4,0,False,0.31235720755328783,0.014640618030089245,2.294883566986103,0.034480022203704865,
0.8370000000000006,APPROACH,89.39215160254186,-0.07306224543948989,0.0805215769554038,2.147091086685831e-05,0.4121921944865626,4,0,False,0.3123580429579364,0.014629278364692161,2.294883566986103,0.034480022203704865,
0.8380000000000006,APPROACH,89.39214830905173,-0.07322078844357802,0.08052159821181448,2.1256410686285504e-05,0.4087605373358386,4,0,False,0.31235887811072716,0.014617915319678057,2.294883566986103,0.034480022203704865,
0.8390000000000006,APPROACH,89.3921450165961,-0.07337938065683168,0.08052161925408816,2.1042273671357643e-05,0.40533118535457197,4,0,False,0.31235971301015175,0.01460652894707927,2.294883566986103,0.034480022203704865,
0.8400000000000006,APPROACH,89.39214172518345,-0.07353802165898582,0.08052164008258937,2.0828501214763393e-05,0.4019041451777888,4,0,False,0.31236054765491406,0.014595119298887627,2.294883566986103,0.034480022203704865,
0.8410000000000006,APPROACH,89.39213843482266,-0.07369671103007103,0.08052166069768407,2.0615094701046164e-05,0.3984794234201865,4,0,False,0.3123613820433639,0.014583686427092138,2.294883566986103,0.034480022203704865,
0.8420000000000006,APPROACH,89.39213514552235,-0.0738554483504143,0.08052168109973958,2.0402055503720847e-05,0.39505702667622306,4,0,False,0.3123622161742431,0.014572230383635296,2.294883566986103,0.034480022203704865,
0.8430000000000006,APPROACH,89.39213185729113,-0.07401423320063975,0.08052170128912456,2.018938498894302e-05,0.3916369615201957,4,0,False,0.3123630500460577,0.014560751220475912,2.294883566986103,0.034480022203704865,
0.8440000000000006,APPROACH,89.39212857013769,-0.07417306516166935,0.08052172126620907,1.997708451449232e-05,0.3882192345063319,4,0,False,0.312363883657284,0.014549248989533331,2.294883566986103,0.034480022203704865,
0.8450000000000006,APPROACH,89.39212528407054,-0.07433194381472366,0.0805217410313645,1.9765155428381152e-05,0.38480385216886825,4,0,False,0.31236471700651325,0.014537723742707162,2.294883566986103,0.034480022203704865,
0.8460000000000006,APPROACH,89.39212199909849,-0.07449086874132255,0.08052176058496358,1.9553599070181368e-05,0.3813908210221327,4,0,False,0.31236555009220424,0.01452617553188744,2.294883566986103,0.034480022203704865,
0.8470000000000006,APPROACH,89.39211871523001,-0.07464983952328592,0.08052177992738034,1.9342416769876957e-05,0.37798014756062775,4,0,False,0.31236638291283164,0.014514604408933263,2.294883566986103,0.034480022203704865,
0.8480000000000006,APPROACH,89.39211543247377,-0.0748088557427345,0.08052179905899019,1.9131609848457944e-05,0.3745718382591086,4,0,False,0.3123672154670378,0.014503010425694823,2.294883566986103,0.034480022203704865,
0.8490000000000006,APPROACH,89.39211215083823,-0.07496791698209049,0.08052181798016982,1.89211796203141e-05,0.37116589957266466,4,0,False,0.3123680477532458,0.014491393634014804,2.294883566986103,0.034480022203704865,
0.8500000000000006,APPROACH,89.3921088703321,-0.0751270228240783,0.0805218366912972,1.8711127390500798e-05,0.36776233793680163,4,0,False,0.3123688797698197,0.014479754085696767,2.294883566986103,0.034480022203704865,
0.8510000000000006,APPROACH,89.3921055909639,-0.07528617285172527,0.08052185519275165,1.850145445351218e-05,0.3643611597675148,4,0,False,0.31236971151541487,0.014468091832525162,2.294883566986103,0.034480022203704865,
0.8520000000000006,APPROACH,89.39210231274208,-0.07544536664836245,0.08052187348491374,1.829216209732662e-05,0.3609623714613671,4,0,False,0.3123705429884167,0.014456406926292284,2.294883566986103,0.034480022203704865,
0.8530000000000006,APPROACH,89.39209903567524,-0.07560460379762522,0.08052189156816535,1.8083251601454636e-05,0.35756597939557083,4,0,False,0.3123713741872592,0.014444699418750997,2.294883566986103,0.034480022203704865,
0.8540000000000006,APPROACH,89.39209575977188,-0.07576388388345409,0.08052190944288959,1.7874724235963426e-05,0.3541719899280599,4,0,False,0.31237220511041963,0.014432969361637543,2.294883566986103,0.034480022203704865,
0.8550000000000006,APPROACH,89.39209248504048,-0.07592320649009535,0.08052192710947086,1.7666581262286994e-05,0.35078040939756505,4,0,False,0.3123730357562457,0.014421216806674908,2.294883566986103,0.034480022203704865,
0.8560000000000006,APPROACH,89.39208921148959,-0.07608257120210181,0.08052194456829478,1.74588239325397e-05,0.34739124412369,4,0,False,0.3123738661233564,0.014409441805562181,2.294883566986103,0.034480022203704865,
0.8570000000000007,APPROACH,89.39208593912757,-0.07624197760433354,0.08052196181974827,1.7251453493142328e-05,0.3440045004069834,4,0,False,0.31237469621005926,0.014397644410005558,2.294883566986103,0.034480022203704865,
0.8580000000000007,APPROACH,89.39208266796304,-0.07640142528195852,0.08052197886421945,1.7044471181136207e-05,0.340620184529018,4,0,False,0.31237552601473445,0.01438582467166187,2.294883566986103,0.034480022203704865,
0.8590000000000007,APPROACH,89.39207939800427,-0.07656091382045338,0.08052199570209768,1.6837878223728672e-05,0.33723830275245625,4,0,False,0.31237635553582327,0.014373982642178013,2.294883566986103,0.034480022203704865,
0.8600000000000007,APPROACH,89.3920761292598,-0.0767204428056041,0.08052201233377353,1.6631675840082026e-05,0.33385886132112397,4,0,False,0.3123771847717116,0.01436211837319376,2.294883566986103,0.034480022203704865,
0.8610000000000007,APPROACH,89.39207286173807,-0.07688001182350669,0.08052202875963876,1.642586524156499e-05,0.3304818664600837,4,0,False,0.31237801372091606,0.01435023191632774,2.294883566986103,0.034480022203704865,
0.8620000000000007,APPROACH,89.39206959544747,-0.07703962046056796,0.0805220449800864,1.6220447632957096e-05,0.3271073243757041,4,0,False,0.3123788423816559,0.01433832332319096,2.294883566986103,0.034480022203704865,
0.8630000000000007,APPROACH,89.39206633039637,-0.07719926830350614,0.08052206099551061,1.601542420900782e-05,0.3237352412557321,4,0,False,0.3123796707523902,0.01432639264535146,2.294883566986103,0.034480022203704865,
0.8640000000000007,APPROACH,89.39206306659315,-0.0773589549393516,0.08052207680630677,1.581079615634475e-05,0.3203656232693569,4,0,False,0.3123804988314596,0.014314439934382472,2.294883566986103,0.034480022203704865,
0.8650000000000007,APPROACH,89.39205980404621,-0.07751867995544759,0.08052209241287142,1.5606564653747542e-05,0.31699847656728275,4,0,False,0.31238132661729184,0.014302465241832929,2.294883566986103,0.034480022203704865,
0.8660000000000007,APPROACH,89.39205654276384,-0.07767844293945086,0.08052210781560229,1.5402730872642266e-05,0.3136338072817957,4,0,False,0.3123821541081598,0.01429046861924109,2.294883566986103,0.034480022203704865,
0.8670000000000007,APPROACH,89.39205328275453,-0.07783824347933242,0.08052212301489826,1.5199295975241552e-05,0.3102716215268318,4,0,False,0.31238298130241815,0.014278450118113892,2.294883566986103,0.034480022203704865,
0.8680000000000007,APPROACH,89.39205002402653,-0.07799808116337818,0.08052213801115939,1.4996261115403139e-05,0.3069119253980412,4,0,False,0.31238380819849393,0.014266409789951376,2.294883566986103,0.034480022203704865,
0.8690000000000007,APPROACH,89.39204676658814,-0.07815795558018969,0.08052215280478682,1.4793627440535758e-05,0.30355472497285585,4,0,False,0.31238463479463013,0.014254347686246213,2.294883566986103,0.034480022203704865,
0.8700000000000007,APPROACH,89.39204351044764,-0.07831786631868476,0.08052216739618291,1.4591396089053586e-05,0.30020002631055676,4,0,False,0.31238546108922016,0.014242263858454451,2.294883566986103,0.034480022203704865,
0.8710000000000007,APPROACH,89.39204025561342,-0.0784778129680982,0.0805221817857511,1.438956819148111e-05,0.29684783545233495,4,0,False,0.3123862870804662,0.014230158358030348,2.294883566986103,0.034480022203704865,
0.8720000000000007,APPROACH,89.39203700209377,-0.07863779511798251,0.08052219597389597,1.418814486905244e-05,0.2934981584213583,4,0,False,0.3123871127668252,0.014218031236395007,2.294883566986103,0.034480022203704865,
0.8730000000000007,APPROACH,89.39203374989683,-0.07879781235820849,0.0805222099610232,1.3987127236786332e-05,0.2901510012228321,4,0,False,0.3123879381465817,0.014205882544980786,2.294883566986103,0.034480022203704865,
0.8740000000000007,APPROACH,89.39203049903102,-0.07895786427896598,0.0805222237475396,1.3786516402366372e-05,0.286806369844067,4,0,False,0.3123887632179384,0.014193712335185918,2.294883566986103,0.034480022203704865,
0.8750000000000007,APPROACH,89.39202724950451,-0.07911795047076456,0.08052223733385307,1.358631346389696e-05,0.2834642702545386,4,0,False,0.31238958797928723,0.014181520658382935,2.294883566986103,0.034480022203704865,
0.8760000000000007,APPROACH,89.39202400132555,-0.07927807052443415,0.08052225072037258,1.3386519512383108e-05,0.28012470840594633,4,0,False,0.31239041242887045,0.01416930756594921,2.294883566986103,0.034480022203704865,
0.8770000000000007,APPROACH,89.39202075450228,-0.07943822403112577,0.08052226390750822,1.3187135631182744e-05,0.2767876902322801,4,0,False,0.3123912365650624,0.014157073109233032,2.294883566986103,0.034480022203704865,
0.8780000000000007,APPROACH,89.39201750904303,-0.07959841058231211,0.08052227689567111,1.2988162896712575e-05,0.27345322164987707,4,0,False,0.3123920603860193,0.014144817339577245,2.294883566986103,0.034480022203704865,
0.8790000000000007,APPROACH,89.39201426495599,-0.07975862976978831,0.08052228968527349,1.2789602376728592e-05,0.27012130855748456,4,0,False,0.3123928838900785,0.0141325403082911,2.294883566986103,0.034480022203704865,
0.8800000000000007,APPROACH,89.39201102224929,-0.07991888118567257,0.08052230227672862,1.2591455130890912e-05,0.2667919568363161,4,0,False,0.3123937070754203,0.014120242066678917,2.294883566986103,0.034480022203704865,
0.8810000000000007,APPROACH,89.39200778093108,-0.08007916442240681,0.08052231467045083,1.2393722210745646e-05,0.2634651723501121,4,0,False,0.31239452994043193,0.014107922666024689,2.294883566986103,0.034480022203704865,
0.8820000000000007,APPROACH,89.39200454100965,-0.08023947907275739,0.0805223268668555,1.2196404661512952e-05,0.26014096094519784,4,0,False,0.3123953524832796,0.014095582157609754,2.294883566986103,0.034480022203704865,
0.8830000000000007,APPROACH,89.39200130249303,-0.08039982472981569,0.08052233886635901,1.1999503519937841e-05,0.2568193284505436,4,0,False,0.3123961747021964,0.014083220592678525,2.294883566986103,0.034480022203704865,
0.8840000000000007,APPROACH,89.39199806538936,-0.08056020098699886,0.08052235066937882,1.1803019814950262e-05,0.2535002806778178,4,0,False,0.3123969965955044,0.014070838022474108,2.294883566986103,0.034480022203704865,
0.8850000000000007,APPROACH,89.3919948297069,-0.08072060743805042,0.08052236227633339,1.1606954568735148e-05,0.25018382342144707,4,0,False,0.3123978181613988,0.014058434498223665,2.294883566986103,0.034480022203704865,
0.8860000000000007,APPROACH,89.3919915954536,-0.08088104367704095,0.08052237368764219,1.1411308796083504e-05,0.2468699624586716,4,0,False,0.31239863939812373,0.014046010071133874,2.294883566986103,0.034480022203704865,
0.8870000000000007,APPROACH,89.39198836263766,-0.08104150929836874,0.0805223849037257,1.1216083503874314e-05,0.24355870354960085,4,0,False,0.31239946030385485,0.014033564792395398,2.294883566986103,0.034480022203704865,
0.8880000000000007,APPROACH,89.39198513126712,-0.08120200389676045,0.08052239592500539,1.102127969099297e-05,0.24025005243726788,4,0,False,0.31240028087682475,0.014021098713181121,2.294883566986103,0.034480022203704865,
0.8890000000000007,APPROACH,89.39198190135009,-0.08136252706727175,0.08052240675190374,1.0826898348840847e-05,0.23694401484768404,4,0,False,0.31240110111536545,0.0140086118846533,2.294883566986103,0.034480022203704865,
0.8900000000000007,APPROACH,89.39197867289464,-0.08152307840528798,0.0805224173848442,1.0632940462948042e-05,0.23364059648989402,4,0,False,0.3124019210175277,0.013996104357965694,2.294883566986103,0.034480022203704865,
0.8910000000000007,APPROACH,89.39197544590877,-0.08168365750652481,0.0805224278242512,1.0439407009708e-05,0.23033980305603086,4,0,False,0.31240274058159734,0.013983576184233168,2.294883566986103,0.034480022203704865,
0.8920000000000007,APPROACH,89.39197222040062,-0.08184426396702889,0.08052243807055016,1.0246298958402042e-05,0.22704164022136447,4,0,False,0.31240355980573975,0.013971027414576787,2.294883566986103,0.034480022203704865,
0.8930000000000007,APPROACH,89.39196899637808,-0.08200489738317845,0.08052244812416744,1.0053617271255062e-05,0.22374611364435865,4,0,False,0.31240437868827303,0.013958458100093482,2.294883566986103,0.034480022203704865,
0.8940000000000007,APPROACH,89.39196577384932,-0.08216555735168404,0.08052245798553034,9.861362904275225e-06,0.22045322896672154,4,0,False,0.3124051972271171,0.013945868291873817,2.294883566986103,0.034480022203704865,
0.8950000000000007,APPROACH,89.39196255282232,-0.08232624346958907,0.08052246765506714,9.66953680297806e-06,0.21716299181345902,4,0,False,0.3124060154206985,0.013933258040960433,2.294883566986103,0.034480022203704865,
0.8960000000000007,APPROACH,89.39195933330497,-0.08248695533427053,0.08052247713320705,9.4781399074301e-06,0.2138754077929196,4,0,False,0.31240683326712343,0.013920627398426144,2.294883566986103,0.034480022203704865,
0.8970000000000007,APPROACH,89.39195611530535,-0.08264769254343958,0.08052248642038021,9.287173151103105e-06,0.2105904824968541,4,0,False,0.31240765076454335,0.013907976415302739,2.294883566986103,0.034480022203704865,
0.8980000000000007,APPROACH,89.39195289883143,-0.08280845469514224,0.08052249551701766,9.096637459422273e-06,0.20730822150046094,4,0,False,0.31240846791118965,0.013895305142607908,2.294883566986103,0.034480022203704865,
0.8990000000000007,APPROACH,89.39194968389107,-0.08296924138775998,0.08052250442355141,8.906533751004089e-06,0.204028630362436,4,0,False,0.312409284705161,0.013882613631350307,2.294883566986103,0.034480022203704865,
0.9000000000000007,APPROACH,89.39194647049237,-0.08313005222001035,0.08052251314041435,8.716862936741806e-06,0.20075171462502328,4,0,False,0.3124101011446089,0.01386990193251518,2.294883566986103,0.034480022203704865,
0.9010000000000007,APPROACH,89.39194325864314,-0.08329088679094769,0.08052252166804028,8.527625919864753e-06,0.19747747981406233,4,0,False,0.31241091722780207,0.013857170097074892,2.294883566986103,0.034480022203704865,
0.9020000000000007,APPROACH,89.39194004835137,-0.08345174469996366,0.08052253000686388,8.33882359811551e-06,0.194205931439037,4,0,False,0.3124117329528119,0.01384441817600092,2.294883566986103,0.034480022203704865,
0.9030000000000007,APPROACH,89.39193683962495,-0.08361262554678797,0.08052253815732074,8.150456861322538e-06,0.1909370749931263,4,0,False,0.31241254831776316,0.013831646220226382,2.294883566986103,0.034480022203704865,
0.9040000000000007,APPROACH,89.39193363247185,-0.08377352893148891,0.08052254611984734,7.962526591374255e-06,0.18767091595324734,4,0,False,0.3124133633208472,0.013818854280678916,2.294883566986103,0.034480022203704865,
0.9050000000000007,APPROACH,89.39193042689986,-0.08393445445447406,0.080522553894881,7.775033663794365e-06,0.18440745978010448,4,0,False,0.3124141779602463,0.013806042408275723,2.294883566986103,0.034480022203704865,
0.9060000000000007,APPROACH,89.39192722291688,-0.08409540171649087,0.08052256148285995,7.587978947911729e-06,0.18114671191823678,4,0,False,0.31241499223399444,0.013793210653918864,2.294883566986103,0.034480022203704865,
0.9070000000000007,APPROACH,89.3919240205308,-0.08425637031862729,0.08052256888422325,7.401363304589668e-06,0.17788867779606454,4,0,False,0.31241580614027903,0.01378035906848038,2.294883566986103,0.034480022203704865,
0.9080000000000007,APPROACH,89.39192081974947,-0.08441735986231243,0.08052257609941084,7.215187587660184e-06,0.17463336282593178,4,0,False,0.31241661967721174,0.013767487702831482,2.294883566986103,0.034480022203704865,
0.9090000000000007,APPROACH,89.39191762058074,-0.08457836994931711,0.08052258312886348,7.029452644139215e-06,0.17138077240415478,4,0,False,0.3124174328429515,0.013754596607822772,2.294883566986103,0.034480022203704865,
0.9100000000000007,APPROACH,89.39191442303245,-0.08473940018175456,0.08052258997302279,6.844159314552062e-06,0.168130911911066,4,0,False,0.31241824563562043,0.013741685834294956,2.294883566986103,0.034480022203704865,
0.9110000000000007,APPROACH,89.39191122711236,-0.08490045016208096,0.08052259663233123,6.659308432771086e-06,0.16488378671105955,4,0,False,0.3124190580532764,0.013728755433069756,2.294883566986103,0.034480022203704865,
0.9120000000000007,APPROACH,89.39190803282831,-0.08506151949309612,0.08052260310723205,6.474900824803512e-06,0.16163940215263467,4,0,False,0.3124198700940912,0.013715805454947855,2.294883566986103,0.034480022203704865,
0.9130000000000007,APPROACH,89.39190484018822,-0.08522260777794406,0.08052260939816937,6.29093731001076e-06,0.15839776356843827,4,0,False,0.3124206817561512,0.013702835950724204,2.294883566986103,0.034480022203704865,
0.9140000000000007,APPROACH,89.39190164919965,-0.08538371462011363,0.08052261550558806,6.107418700905754e-06,0.15515887627531025,4,0,False,0.31242149303754313,0.013689846971171649,2.294883566986103,0.034480022203704865,
0.9150000000000007,APPROACH,89.39189845987059,-0.0855448396234391,0.08052262142993387,5.924345802571611e-06,0.1519227455743251,4,0,False,0.31242230393640325,0.013676838567049598,2.294883566986103,0.034480022203704865,
0.9160000000000007,APPROACH,89.39189527220863,-0.08570598239210084,0.08052262717165329,5.7417194138439375e-06,0.14868937675083468,4,0,False,0.3124231144508355,0.013663810789106376,2.294883566986103,0.034480022203704865,
0.9170000000000007,APPROACH,89.39189208622159,-0.08586714253062583,0.08052263273119362,5.559540327046849e-06,0.1454587750745114,4,0,False,0.3124239245789407,0.013650763688074233,2.294883566986103,0.034480022203704865,
0.9180000000000007,APPROACH,89.39188890191726,-0.08602831964388832,0.08052263810900294,5.377809327620811e-06,0.14223094579938966,4,0,False,0.3124247343187784,0.0136376973146662,2.294883566986103,0.034480022203704865,
0.9190000000000007,APPROACH,89.39188571930327,-0.08618951333711047,0.08052264330553013,5.1965271936094775e-06,0.13900589416390657,4,0,False,0.3124255436684028,0.01362461171957835,2.294883566986103,0.034480022203704865,
0.9200000000000007,APPROACH,89.39188253838742,-0.08635072321586287,0.08052264832122483,5.01569469566111e-06,0.13578362539094269,4,0,False,0.3124263526260225,0.013611506953492752,2.294883566986103,0.034480022203704865,
0.9210000000000007,APPROACH,89.39187935917738,-0.0865119488860652,0.08052265315653742,4.835312599416425e-06,0.13256414468786284,4,0,False,0.31242716118966,0.013598383067090977,2.294883566986103,0.034480022203704865,
0.9220000000000007,APPROACH,89.3918761816808,-0.08667318995398679,0.08052265781191909,4.655381663471139e-06,0.12934745724655938,4,0,False,0.31242796935735145,0.013585240111019997,2.294883566986103,0.034480022203704865,
0.9230000000000007,APPROACH,89.39187300590551,-0.08683444602624728,0.08052266228782172,4.475902638548818e-06,0.1261335682434883,4,0,False,0.3124287771271981,0.013572078135914017,2.294883566986103,0.034480022203704865,
0.9240000000000007,APPROACH,89.391869831859,-0.08699571670981716,0.08052266658469799,4.2968762691170046e-06,0.12292248283970923,4,0,False,0.3124295844974151,0.013558897192401012,2.294883566986103,0.034480022203704865,
0.9250000000000007,APPROACH,89.39186665954901,-0.08715700161201838,0.08052267070300129,4.118303295053237e-06,0.11971420618092657,4,0,False,0.3124303914658382,0.013545697331101086,2.294883566986103,0.034480022203704865,
0.9260000000000007,APPROACH,89.39186348898319,-0.08731830034052494,0.08052267464318573,3.94018444660833e-06,0.1165087433975296,4,0,False,0.3124311980306316,0.013532478602583775,2.294883566986103,0.034480022203704865,
0.9270000000000007,APPROACH,89.3918603201692,-0.0874796125033635,0.08052267840570618,3.762520446790293e-06,0.11330609960462433,4,0,False,0.3124320041897497,0.01351924105743145,2.294883566986103,0.034480022203704865,
0.9280000000000007,APPROACH,89.39185715311446,-0.08764093770891396,0.08052268199101818,3.585312011640385e-06,0.11010627990207689,4,0,False,0.3124328099415842,0.013505984746201807,2.294883566986103,0.034480022203704865,
0.9290000000000007,APPROACH,89.39185398782693,-0.08780227556591001,0.08052268539957803,3.4085598556751624e-06,0.10690928937454978,4,0,False,0.31243361528410935,0.01349270971947987,2.294883566986103,0.034480022203704865,
0.9300000000000007,APPROACH,89.39185082431402,-0.08796362568343981,0.08052268863184273,3.23226468722528e-06,0.10371513309154771,4,0,False,0.3124344202150955,0.013479416027782146,2.294883566986103,0.034480022203704865,
0.9310000000000007,APPROACH,89.39184766258336,-0.08812498767094647,0.08052269168826993,3.0564272023421076e-06,0.10052381610744412,4,0,False,0.31243522473279295,0.013466103721596845,2.294883566986103,0.034480022203704865,
0.9320000000000007,APPROACH,89.39184450264251,-0.0882863611382287,0.08052269456931803,2.8810480915674224e-06,0.09733534346151551,4,0,False,0.3124360288351785,0.013452772851442737,2.294883566986103,0.034480022203704865,
0.9330000000000007,APPROACH,89.39184134449901,-0.0884477456954414,0.08052269727544607,2.7061280390582856e-06,0.09414972017798703,4,0,False,0.3124368325203795,0.013439423467798875,2.294883566986103,0.034480022203704865,
0.9340000000000007,APPROACH,89.39183818816049,-0.08860914095309616,0.0805226998071138,2.531667723532226e-06,0.09096695126606384,4,0,False,0.3124376357864528,0.013426055621146182,2.294883566986103,0.034480022203704865,
0.9350000000000007,APPROACH,89.3918350336344,-0.08877054652206194,0.08052270216478162,2.3576678179946157e-06,0.08778704171997045,4,0,False,0.3124384386314485,0.013412669361940896,2.294883566986103,0.034480022203704865,
0.9360000000000007,APPROACH,89.39183188092835,-0.08893196201356558,0.08052270434891061,2.184128988833637e-06,0.08460999651898418,4,0,False,0.3124392410533083,0.013399264740622627,2.294883566986103,0.034480022203704865,
0.9370000000000007,APPROACH,89.39182873004984,-0.08909338703919241,0.0805227063599625,2.011051894453458e-06,0.08143582062747036,4,0,False,0.31244004305020256,0.013385841807605978,2.294883566986103,0.034480022203704865,
0.9380000000000007,APPROACH,89.39182558100636,-0.08925482121088678,0.0805227081983997,1.8384371881281843e-06,0.07826451899491524,4,0,False,0.31244084462005844,0.013372400613313087,2.294883566986103,0.034480022203704865,
0.9390000000000007,APPROACH,89.39182243380542,-0.0894162641409527,0.08052270986468521,1.6662855158577624e-06,0.07509609655596518,4,0,False,0.31244164576100886,0.013358941208127223,2.294883566986103,0.034480022203704865,
0.9400000000000007,APPROACH,89.39181928845457,-0.08957771544205437,0.08052271135928273,1.4945975179225394e-06,0.07193055823045622,4,0,False,0.31244244647104297,0.013345463642435787,2.294883566986103,0.034480022203704865,
0.9410000000000007,APPROACH,89.39181614496117,-0.08973917472721672,0.08052271268265655,1.3233738282681722e-06,0.06876790892345203,4,0,False,0.31244324674820156,0.013331967966597955,2.294883566986103,0.034480022203704865,
0.9420000000000007,APPROACH,89.39181300333281,-0.08990064160982605,0.08052271383527163,1.1526150741685704e-06,0.06560815352527512,4,0,False,0.3124440465905181,0.013318454230962076,2.294883566986103,0.034480022203704865,
0.9430000000000007,CROUCH,89.39180986357684,-0.09006211570363055,0.0805227148175935,9.823218765792867e-07,0.06245129691154106,4,0,False,0.3124448459960084,0.013304922485859627,2.294883566986103,0.034480022203704865,
0.9440000000000007,CROUCH,89.39180672570075,-0.09022359662274088,0.08052271563008835,8.124948500029274e-07,0.05929734394319137,4,0,False,6.0,0.013291372781607053,2.294883566986103,0.034480022203704865,
0.9450000000000007,CROUCH,89.39180358971191,-0.0903938007027952,0.08036831687998029,-0.15439875010805384,0.056146299466526474,4,0,False,5.776725031445363,0.02388742246574936,2.294883566986103,0.15439875010805384,
0.9460000000000007,CROUCH,88.71335341351434,-0.09058619125591905,0.08010441643660891,-0.26390044337137936,0.0454370579334694,4,0,False,0.8482968933395085,0.14811691412151928,2.294883566986103,0.26390044337137936,
0.9470000000000007,CROUCH,87.58368271354941,-0.09075326536565223,0.07986886222656565,-0.23555421004326574,0.01026163800600307,0,0,False,1.1360520867744626,0.021333634465965284,2.294883566986103,0.26390044337137936,
0.9480000000000007,CROUCH,86.66969837960762,-0.09090189556505995,0.07964783092302714,-0.22103130353850742,0.0007610742145570183,0,0,False,1.1510711560881948,0.07501191782439687,2.294883566986103,0.26390044337137936,
0.9490000000000007,CROUCH,85.88303261886549,-0.09105361055021785,0.07942979851837777,-0.2180324046493817,0.01050215141136326,0,0,False,1.2525328485559069,0.055918323552261846,2.294883566986103,0.26390044337137936,
0.9500000000000007,CROUCH,85.15495421843093,-0.09120385335945042,0.07920873664145035,-0.22106187692740792,0.01637487784145797,0,0,False,1.221120968419724,0.06420112021713734,2.294883566986103,0.26390044337137936,
0.9510000000000007,CROUCH,84.45627617209831,-0.09135886253883785,0.07898488729263464,-0.22384934881571752,0.023795563170494645,0,0,False,1.1272005738794864,0.03809967752415028,2.294883566986103,0.26390044337137936,
0.9520000000000007,CROUCH,83.78651473975879,-0.09151328463672521,0.07875727009520257,-0.227617197432068,0.02594261094634628,0,0,False,1.0815043494098973,0.04210772122707519,2.294883566986103,0.26390044337137936,
0.9530000000000007,CROUCH,83.14264957050453,-0.0916709743269119,0.07852650663336966,-0.23076346183291874,0.028819184683327947,0,0,False,1.0083867615480155,0.024624453656595116,2.294883566986103,0.26390044337137936,
0.9540000000000007,CROUCH,82.52684300880911,-0.09182813874458486,0.07829186176462513,-0.23464486874452095,0.028168670406495015,0,0,False,0.9641554269432628,0.028352487225726752,2.294883566986103,0.26390044337137936,
0.9550000000000007,CROUCH,81.9368134764711,-0.09198760890613505,0.07805367412967289,-0.2381876349522485,0.02822038532941396,0,0,False,0.907965619532491,0.016248381559632638,2.294883566986103,0.26390044337137936,
0.9560000000000007,CROUCH,81.37358093439968,-0.09214655551953292,0.07781131877354582,-0.24235535612707598,0.02583774535587559,0,0,False,0.8646644040303126,0.019914279510642896,2.294883566986103,0.26390044337137936,
0.9570000000000007,CROUCH,80.8350979616037,-0.09230718528367653,0.0775649864310845,-0.24633234246130856,0.024164130859615583,0,0,False,0.8207191335982191,0.01121604290343424,2.294883566986103,0.26390044337137936,
0.9580000000000007,CROUCH,80.32178919732604,-0.0924672756622666,0.07731412727554172,-0.2508591555427766,0.020748769780814445,0,0,False,0.7788462830362475,0.01488034502166305,2.294883566986103,0.26390044337137936,
0.9590000000000007,CROUCH,79.83177262300067,-0.0926286430490419,0.07705884736290908,-0.25527991263264854,0.01805457124937135,0,0,False,0.7438798728693232,0.008356281600796739,2.294883566986103,0.26390044337137936,
0.9600000000000007,CROUCH,79.36513267087928,-0.09278945546875632,0.07679865035634859,-0.26019700656049227,0.014060805920900771,0,0,False,0.7039339494026002,0.012011706973099515,2.294883566986103,0.26390044337137936,
0.9610000000000007,CROUCH,78.92011595328236,-0.09295128110899403,0.07653359506459657,-0.2650552917520107,0.010794254610514078,0,0,False,0.6756536503363497,0.006866139405228955,2.294883566986103,0.2650552917520107,
0.9620000000000007,CROUCH,78.49662108080763,-0.09311253921006571,0.07626322589541908,-0.27036916917749343,0.006508352516056911,0,0,False,0.6379169206787303,0.010502152301718942,2.294883566986103,0.27036916917749343,
0.9630000000000007,CROUCH,78.0930079603402,-0.09327464190638082,0.07598757848263243,-0.27564741278664673,0.0029505223889329667,0,0,False,0.6147630613774462,0.0062114383139236645,2.294883566986103,0.27564741278664673,
0.9640000000000007,CROUCH,77.70908877176603,-0.09343616528060955,0.07570622920017021,-0.2813492824622227,-0.0014530383673971939,0,0,False,0.5793168829727762,0.009834162145751724,2.294883566986103,0.2813492824622227,
0.9650000000000007,CROUCH,77.34332627852669,-0.09359842981052109,0.07541920651789023,-0.2870226822799822,-0.00512847791332369,0,0,False,0.5602523101923862,0.006044784022459962,2.294883566986103,0.2870226822799822,
0.9660000000000007,CROUCH,76.99551074982573,-0.09376010074528578,0.07512611167663011,-0.29309484126012325,-0.009547920121064746,0,0,False,0.5270313057105884,0.009679590404040303,2.294883566986103,0.29309484126012325,
0.9670000000000007,CROUCH,76.66419647874025,-0.0939224557453146,0.07482697702833101,-0.29913464829909536,-0.013235451868001692,0,0,False,0.5113825779412111,0.006143413473138848,2.294883566986103,0.29913464829909536,
0.9680000000000007,CROUCH,76.34919415802551,-0.09408419716698148,0.07452142224387086,-0.30555478446014933,-0.017615608926688685,0,0,False,0.480222133377326,0.009833164596938976,2.294883566986103,0.30555478446014933,
0.9690000000000007,CROUCH,76.04913608305972,-0.09424660035543551,0.07420949163262858,-0.3119306112422865,-0.02125237187172476,0,0,False,0.46757091466178213,0.006365689672932939,2.294883566986103,0.3119306112422865,
0.9700000000000008,CROUCH,75.7638819830028,-0.09440836124664624,0.0738908170094077,-0.3186746232208794,-0.025567691031108467,0,0,False,0.43824024476359424,0.010169102269128288,2.294883566986103,0.3186746232208794,
0.9710000000000008,CROUCH,75.49212640112786,-0.094570789724105,0.07356546108898843,-0.32535592041926437,-0.029116974867279898,0,0,False,0.4283536171311204,0.006621774471265746,2.294883566986103,0.32535592041926437,
0.9720000000000008,CROUCH,75.2337986998032,-0.09473253543800915,0.07323306136290121,-0.3323997260872203,-0.03336065062982027,0,0,False,0.4005757183016221,0.010613219797562676,2.294883566986103,0.3323997260872203,
0.9730000000000008,CROUCH,74.98763781696974,-0.09489497943770711,0.07289370472456214,-0.33935663833907626,-0.03680118019807112,0,0,False,0.39336463808555555,0.006854135756488786,2.294883566986103,0.33935663833907626,
0.9740000000000008,CROUCH,74.75365926047263,-0.09505668518399142,0.07254702740419137,-0.3466773203707643,-0.04097836276137472,0,0,False,0.36682587997289584,0.011125200347309183,2.294883566986103,0.3466773203707643,
0.9750000000000008,CROUCH,74.53062634332517,-0.09521914416447042,0.07219314630262014,-0.35388110157124114,-0.044297270641419424,0,0,False,0.36232398197604887,0.007024583875661253,2.294883566986103,0.35388110157124114,
0.9760000000000008,CROUCH,74.31865598803732,-0.09538079052024749,0.07183168866639103,-0.3614576362291038,-0.04842098375603167,0,0,False,0.33667560118181505,0.011687500654807031,2.294883566986103,0.3614576362291038,
0.9770000000000008,CROUCH,74.11651333328531,-0.09554327087059561,0.07146280791148653,-0.36888075490450717,-0.051609095979619095,0,0,False,0.33503343557615617,0.007105521599410594,2.294883566986103,0.36888075490450717,
0.9780000000000008,CROUCH,73.92443296783826,-0.09570484054697068,0.07108611341603023,-0.3766944954563046,-0.0556979812675728,0,0,False,0.30988634008910365,0.01229863927405453,2.294883566986103,0.3766944954563046,
0.9790000000000008,CROUCH,73.7411560807044,-0.09586735443947389,0.07070180290025767,-0.38431051577256875,-0.05874650828264344,0,0,False,0.311378427924486,0.00707382686757467,2.294883566986103,0.38431051577256875,
0.9800000000000008,CROUCH,73.56705411021409,-0.09602882977539731,0.07030945734854618,-0.39234555171148017,-0.06282384238335692,0,0,False,0.286291884281606,0.012969449751102008,2.294883566986103,0.39234555171148017,
0.9810000000000008,CROUCH,73.40081422701493,-0.09619139488557145,0.06990932850884715,-0.4001288396990381,-0.06572186139220712,0,0,False,0.2913357949510387,0.006906284567047644,2.294883566986103,0.4001288396990381,
0.9820000000000008,CROUCH,73.24296876977441,-0.09635275568904107,0.06950095618732861,-0.4083723215185329,-0.06981551784071177,0,0,False,0.2657998041179397,0.013721438252085438,2.294883566986103,0.4083723215185329,
0.9830000000000008,CROUCH,73.09211502446914,-0.096515395636408,0.06908465858959949,-0.4162975977291228,-0.0725478120159034,0,0,False,0.2749879983870769,0.006575800538709042,2.294883566986103,0.4162975977291228,
0.9840000000000008,PUSH,72.94897729831315,-0.09666592723512699,0.06866417654474061,-0.420482044858884,-0.07669099891995622,0,0,False,0.16401348455370823,0.0027560513798358527,2.294883566986103,0.420482044858884,
0.9850000000000008,PUSH,72.7746780737431,-0.09679915561440926,0.06825458315792539,-0.4095933868152134,-0.08122919600955049,0,0,False,6.0,0.3,2.294883566986103,0.420482044858884,
0.9860000000000008,PUSH,72.5914129339329,-0.0968561491475919,0.06806286090617499,-0.19172225175040492,-0.08868434560236514,0,0,False,6.0,0.3,2.294883566986103,0.420482044858884,
0.9870000000000008,PUSH,72.67636999291813,-0.09685403927528224,0.06806992577577282,0.007064869597837364,-0.14356884274477152,0,0,False,6.0,0.3,2.294883566986103,0.420482044858884,
0.9880000000000008,PUSH,72.9988150860194,-0.09680540378047206,0.06825805269216796,0.18812691639514287,-0.2501139508940432,0,0,False,6.0,0.3,2.294883566986103,0.420482044858884,
0.9890000000000008,PUSH,73.53366476938372,-0.09671882501581498,0.06861116599144915,0.35311329928118185,-0.41091826376025703,0,0,False,6.0,0.3,2.294883566986103,0.420482044858884,
0.9900000000000008,PUSH,74.26007631018982,-0.09659994033375485,0.06911480323254222,0.5036372410930808,-0.626941966039271,0,0,False,6.0,0.3,2.294883566986103,0.5036372410930808,
0.9910000000000008,PUSH,75.16055602635655,-0.09645233822234384,0.06975596719330085,0.6411639607586315,-0.8977352532717748,0,0,False,6.0,0.3,2.294883566986103,0.6411639607586315,
0.9920000000000008,PUSH,76.22013174347082,-0.09627823681096795,0.07052294546221183,0.7669782689109843,-1.2217509943685434,0,0,False,6.0,0.3,2.294883566986103,0.7669782689109843,
0.9930000000000008,PUSH,77.42568952219574,-0.09607879721438732,0.0714051884435628,0.8822429813509846,-1.5966538712643685,0,0,False,6.0,0.3,2.294883566986103,0.8822429813509846,
0.9940000000000008,PUSH,78.76565043638436,-0.0958543984579864,0.07239318579870843,0.9879973551456303,-2.0195347317324903,0,0,False,6.0,0.3,2.294883566986103,0.9879973551456303,
0.9950000000000008,PUSH,80.22967446326878,-0.0956048891269307,0.07347834061643307,1.085154817724644,-2.4870912473023816,0,0,False,6.0,0.3,2.4870912473023816,1.085154817724644,
0.9960000000000008,PUSH,81.80838343882897,-0.09532979466919,0.0746528494806984,1.174508864265329,-2.9957835332071694,0,0,False,6.0,0.3,2.9957835332071694,1.174508864265329,
0.9970000000000008,PUSH,83.49312772247725,-0.095050473933242,0.07590748973669219,1.2546402559937826,-3.541962657362069,4,0,False,6.0,0.3,3.541962657362069,1.2546402559937826,
0.9980000000000008,PUSH,85.21171247932233,-0.0947616926444793,0.07723914476694596,1.3316550302537729,-4.107944028004221,4,0,False,6.0,0.3,4.107944028004221,1.3316550302537729,
0.9990000000000008,PUSH,86.95973477496938,-0.09445921268363551,0.07864494142706979,1.4057966601238312,-4.6899043185937845,4,0,False,6.0,0.3,4.6899043185937845,1.4057966601238312,
1.0000000000000007,PUSH,88.73608072030417,-0.09413954660968986,0.08012207304443957,1.477131617369778,-5.284379583707282,4,0,False,6.0,0.3,5.284379583707282,1.477131617369778,
1.0010000000000006,PUSH,90.54179959229296,-0.09379982516806676,0.08166778930343194,1.545716258992367,-5.8882319963968595,4,0,False,6.0,0.3,5.8882319963968595,1.545716258992367,
1.0020000000000004,PUSH,92.3776021776176,-0.09343772088062173,0.08327935876928876,1.6115694658568234,-6.498686878137596,4,0,False,6.0,0.3,6.498686878137596,1.6115694658568234,
1.0030000000000003,PUSH,94.24381436902448,-0.0930513951753352,0.0849540389163036,1.674680147014842,-7.113319571482326,4,0,False,6.0,0.3,7.113319571482326,1.674680147014842,
1.0040000000000002,PUSH,96.140373546733,-0.09263992376263182,0.08668679158025909,1.7327526639554884,-7.7300406112409945,4,10,False,6.0,0.3,7.7300406112409945,1.7327526639554884,
1.0050000000000001,PUSH,98.0527075853667,-0.09220028400312077,0.0884749938874916,1.7882023072325097,-8.339257150050416,4,10,False,6.0,0.3,8.339257150050416,1.7882023072325097,
1.006,PUSH,99.98212173225728,-0.09173017616241019,0.09031604417473577,1.841050287244166,-8.937202122902269,4,10,False,6.0,0.3,8.937202122902269,1.841050287244166,
1.007,PUSH,101.92956682178446,-0.09121028375295058,0.09219229784907439,1.8762536743386162,-9.520758434831402,4,10,False,5.102621250323583,0.3,9.520758434831402,1.8762536743386162,
1.0079999999999998,PUSH,103.88744245093248,-0.09064435489034132,0.09407436509529983,1.8820672462254489,-10.064393320521624,4,10,False,4.120988957379748,0.3,10.064393320521624,1.8820672462254489,
1.0089999999999997,PUSH,105.83139060850169,-0.09004649142725253,0.09594052583048734,1.8661607351875087,-10.565146773080953,4,10,False,3.486290932940971,0.3,10.565146773080953,1.8820672462254489,
1.0099999999999996,PUSH,107.718016763867,-0.08942751310417613,0.09778060442364829,1.8400785931609462,-11.032703648665544,4,10,False,3.1644480043012635,0.3,11.032703648665544,1.8820672462254489,
1.0109999999999995,PUSH,109.51549078605134,-0.0887939219164343,0.09959278176438761,1.8121773407393265,-11.47584564092567,4,9,False,2.9886027302967175,0.3,11.47584564092567,1.8820672462254489,
1.0119999999999993,PUSH,111.22008240615637,-0.08814819312652176,0.10137685477106101,1.7840730066733883,-11.90102748543448,4,9,False,2.8543506499530586,0.3,11.90102748543448,1.8820672462254489,
1.0129999999999992,PUSH,112.83623370468821,-0.08749184068094207,0.10313320674351993,1.7563519724589194,-12.3106492158057,4,9,False,2.7103096369314557,0.3,12.3106492158057,1.8820672462254489,
1.0139999999999991,PUSH,114.36692861280753,-0.08682618835713178,0.10486232836133595,1.729121617816019,-12.70622721784959,4,9,False,2.596131125534775,0.3,12.70622721784959,1.8820672462254489,
1.014999999999999,PUSH,115.81702332628798,-0.08615252629613004,0.10656508454600032,1.7027561846643684,-13.089090722350852,4,9,False,2.4709835465806584,0.3,13.089090722350852,1.8820672462254489,
1.015999999999999,PUSH,117.18891837942921,-0.08547204415952671,0.10824273738035903,1.6776528343587125,-13.460700710047062,0,10,False,2.4054943072181576,0.3,13.460700710047062,1.8820672462254489,
1.0169999999999988,PUSH,118.48181286957052,-0.08478555877695643,0.10989760368646383,1.6548663061047995,-13.82245503326359,0,9,False,2.3128624052380324,0.3,13.82245503326359,1.8820672462254489,
1.0179999999999987,PUSH,119.70464754259801,-0.08409355541310291,0.11153062065962002,1.6330169731561912,-14.175859721647301,0,8,False,2.207748336530962,0.3,14.175859721647301,1.8820672462254489,
1.0189999999999986,PUSH,120.8617396086174,-0.08339697536523985,0.1131426175973494,1.6119969377293828,-14.521605725043582,0,8,False,2.1076588327893404,0.3,14.521605725043582,1.8820672462254489,
1.0199999999999985,PUSH,121.95648404480737,-0.08269673824134828,0.11473433040957551,1.591712812226106,-14.860915605599821,0,8,False,2.013071597437948,0.3,14.860915605599821,1.8820672462254489,
1.0209999999999984,PUSH,122.99184179572606,-0.08199359457869393,0.11630643519662888,1.5721047870533655,-15.194984537829592,0,8,False,1.9296562866506564,0.3,15.194984537829592,1.8820672462254489,
1.0219999999999982,PUSH,123.97077484425627,-0.08128779152698407,0.11785948059211185,1.553045395482964,-15.524759705915985,0,8,False,1.853487517494125,0.3,15.524759705915985,1.8820672462254489,
1.0229999999999981,PUSH,124.89594119119181,-0.08057947600009825,0.11939409225880257,1.5346116666907226,-15.85056709891013,0,9,False,1.7814757454163723,0.3,15.85056709891013,1.8820672462254489,
1.023999999999998,PUSH,125.7702196957548,-0.07986872497918433,0.12091089313751173,1.516800878709162,-16.172658817193803,0,10,False,1.7102144655447409,0.3,16.172658817193803,1.8820672462254489,
1.024999999999998,PUSH,126.59624885701254,-0.0791555942720199,0.12241050063929698,1.4996075017852568,-16.491221262720803,0,8,False,1.6414985918701033,0.3,16.491221262720803,1.8820672462254489,
1.0259999999999978,PUSH,127.37669685254293,-0.07844401280083593,0.12389020744610738,1.47970680681039,-16.806427705436125,0,8,False,1.7432815018112267,0.3,16.806427705436125,1.8820672462254489,
1.0269999999999977,PUSH,128.10194832981205,-0.07772579425353099,0.12534628325622546,1.4560758101180862,-17.121692008312596,0,9,False,2.1039404157749235,0.3,17.121692008312596,1.8820672462254489,
1.0279999999999976,PUSH,128.76790615536714,-0.07700759062794216,0.12677993724854966,1.4336539923241913,-17.42616288176528,0,9,False,2.4031714838291194,0.3,17.42616288176528,1.8820672462254489,
1.0289999999999975,PUSH,129.3741680914528,-0.07628918607138356,0.1281927961878278,1.4128589392781334,-17.727829185418145,0,9,False,2.6735808674432864,0.3,17.727829185418145,1.8820672462254489,
1.0299999999999974,PUSH,129.92662701702702,-0.0755695726179494,0.12958640999072146,1.3936138028936542,-18.02690062442788,0,9,False,2.9319062278582466,0.3,18.02690062442788,1.8820672462254489,
1.0309999999999973,PUSH,130.4313775754628,-0.07484819194776848,0.1309621499606397,1.3757399699182542,-18.32267989966655,0,10,False,3.1722461870072474,0.3,18.32267989966655,1.8820672462254489,
1.0319999999999971,PUSH,130.89348468263094,-0.07412473801628996,0.132321229684112,1.3590797234722853,-18.614946635316073,0,10,False,3.3939460468229825,0.3,18.614946635316073,1.8820672462254489,
1.032999999999997,PUSH,131.3171722799725,-0.07339904706647338,0.13366473358404213,1.3435038999301367,-18.90373264373937,0,10,False,3.595606313825191,0.3,18.90373264373937,1.8820672462254489,
1.033999999999997,PUSH,131.70616357580587,-0.07267166112111878,0.1349935655794877,1.3288319954455525,-19.189203214540893,0,10,False,3.7699236615583844,0.3,19.189203214540893,1.8820672462254489,
1.0349999999999968,PUSH,132.06284310068736,-0.07194265920391099,0.1363085665762798,1.3150009967921164,-19.4722704734061,0,10,False,3.926184736791713,0.3,19.4722704734061,1.8820672462254489,
1.0359999999999967,PUSH,132.38984291336305,-0.07121195957850183,0.13761050259565888,1.3019360193790783,-19.753304035431665,0,10,False,4.06873846573022,0.3,19.753304035431665,1.8820672462254489,
1.0369999999999966,PUSH,132.6896701507719,-0.07047943615017155,0.1389000769359015,1.2895743402426334,-20.032474310843952,0,10,False,4.199327743383474,0.3,20.032474310843952,1.8820672462254489,
1.0379999999999965,PUSH,132.9646224913067,-0.06974495704707057,0.14017792427381306,1.277847337911565,-20.309890322069055,0,9,False,4.321043824305343,0.3,20.309890322069055,1.8820672462254489,
1.0389999999999964,PUSH,133.21684500168087,-0.06900839363399645,0.14144461597337915,1.2666916995660968,-20.585638693720963,0,9,False,4.432862233229011,0.3,20.585638693720963,1.8820672462254489,
1.0399999999999963,PUSH,133.44816844629923,-0.06826961833466598,0.14270067126383487,1.2560552904557176,-20.859794054787884,0,9,False,4.536010889243257,0.3,20.859794054787884,1.8820672462254489,
1.0409999999999962,PUSH,133.66027965739445,-0.06752856455387277,0.14394655103901682,1.2458797751819535,-21.13242012554713,0,7,False,4.6307846142325335,0.3,21.13242012554713,1.8820672462254489,
1.041999999999996,PUSH,133.85468437170826,-0.06678558167052812,0.14518234267954974,1.2357916405329206,-21.403641916997547,0,4,False,4.7221261088253605,0.3,21.403641916997547,1.8820672462254489,
1.042999999999996,PUSH,134.03299362562004,-0.06604103478218276,0.14640819833055663,1.2258556510068819,-21.673898130839184,0,9,False,4.807881880042826,0.3,21.673898130839184,1.8820672462254489,
1.0439999999999958,PUSH,134.19654615676913,-0.06529524808086358,0.14762424847554786,1.2160501449912404,-21.943675515424843,0,7,False,4.887922836181292,0.3,21.943675515424843,1.8820672462254489,
1.0449999999999957,PUSH,134.34650776697026,-0.06454982654060494,0.14882786600854578,1.2036175329979109,-22.21340312345288,0,0,False,4.970546521249224,0.3,22.21340312345288,1.8820672462254489,
1.0459999999999956,PUSH,134.48466505710456,-0.06380520056498697,0.1500193573472375,1.1914913386917403,-22.483407255759815,0,0,False,5.038609696181741,0.3,22.483407255759815,1.8820672462254489,
1.0469999999999955,PUSH,134.61139643437795,-0.06306143192771198,0.15119893867394177,1.1795813267042545,-22.754285561877555,0,0,False,5.100182829726654,0.3,22.754285561877555,1.8820672462254489,
1.0479999999999954,PUSH,134.72749649822168,-0.062318494584766224,0.1523667915115127,1.1678528375709245,-23.026171383251626,0,0,False,5.157527597000743,0.3,23.026171383251626,1.8820672462254489,
1.0489999999999953,PUSH,134.8338044862369,-0.06157634584894334,0.1535230783859281,1.1562868744154087,-23.299083871072966,0,0,False,5.211324622017372,0.3,23.299083871072966,1.8820672462254489,
1.0499999999999952,PUSH,134.93111440798262,-0.06083494346664807,0.15466794776437187,1.1448693784437698,-23.57301709557856,0,0,False,5.261854226600118,0.3,23.57301709557856,1.8820672462254489,
1.050999999999995,PUSH,135.02015771898246,-0.06009424897716048,0.1558015360772071,1.1335883128352313,-23.847961701558702,0,0,False,5.30929904702098,0.3,23.847961701558702,1.8820672462254489,
1.051999999999995,PUSH,135.1016041156483,-0.05935422776556044,0.1569239689093507,1.1224328321436225,-24.123909418458542,0,0,False,5.353819285876501,0.3,24.123909418458542,1.8820672462254489,
1.0529999999999948,PUSH,135.17606638397234,-0.05861484844986543,0.15803536191902484,1.1113930096741318,-24.40085341165209,0,0,False,5.3955697625035945,0.3,24.40085341165209,1.8820672462254489,
1.0539999999999947,PUSH,135.2441057343772,-0.05787608224281171,0.15913582163564227,1.1004597166174184,-24.67878777404204,0,0,False,5.4347025189414815,0.3,24.67878777404204,1.8820672462254489,
1.0549999999999946,PUSH,135.3062367728183,-0.05713790242184143,0.16022544618091863,1.0896245452763749,-24.957706961194447,0,0,False,5.471366176360491,0.3,24.957706961194447,1.8820672462254489,
1.0559999999999945,PUSH,135.36293195272637,-0.05640028391718213,0.16130432592867525,1.0788797477566008,-25.237605339986967,0,0,False,5.505704829157403,0.3,25.237605339986967,1.8820672462254489,
1.0569999999999944,PUSH,135.41462552348816,-0.05566320300102837,0.16237254411093804,1.0682181822627956,-25.51847686587868,0,0,False,5.537857116518417,0.3,25.51847686587868,1.8820672462254489,
1.0579999999999943,PUSH,135.4617170281974,-0.0549266370576348,0.16343017737551674,1.0576332645786986,-25.80031486995248,0,0,False,5.567955575141196,0.3,25.80031486995248,1.8820672462254489,
1.0589999999999942,PUSH,135.50457440679486,-0.054190564416270216,0.16447729629927316,1.0471189237564078,-26.08311193253127,0,0,False,5.596126250382377,0.3,26.08311193253127,1.8820672462254489,
1.059999999999994,PUSH,135.54353675612955,-0.05345496423200075,0.1655139658607389,1.036669561465756,-26.366859822528863,0,0,False,5.622488518717305,0.3,26.366859822528863,1.8820672462254489,
1.060999999999994,PUSH,135.5789167923827,-0.05271981640214043,0.16654024587535363,1.0262800146147288,-26.65154948519776,0,0,False,5.647155074559244,0.3,26.65154948519776,1.8820672462254489,
1.0619999999999938,PUSH,135.61100305531204,-0.051985101508719316,0.16755619139629008,1.0159455209364627,-26.93717106429573,0,0,False,5.670232040134295,0.3,26.93717106429573,1.8820672462254489,
1.0629999999999937,PUSH,135.64006188829413,-0.0512508007794505,0.16856185308358354,1.0056616872934572,-27.223713947644296,0,0,False,5.6918191636590825,0.3,27.223713947644296,1.8820672462254489,
1.0639999999999936,PUSH,135.6663392232537,-0.05051689606144758,0.16955727754407116,0.9954244604876273,-27.511166827563564,0,0,False,5.712010077410013,0.3,27.511166827563564,1.8820672462254489,
1.0649999999999935,PUSH,135.6900621952873,-0.04978336980338676,0.17054250764446205,0.9852301003908857,-27.799517769756452,0,0,False,5.730892593067797,0.3,27.799517769756452,1.8820672462254489,
1.0659999999999934,PUSH,135.7114406080796,-0.04905020504295972,0.17151758279969065,0.9750751552285959,-28.08875428591734,0,0,False,5.748549016837505,0.3,28.08875428591734,1.8820672462254489,
1.0669999999999933,PUSH,135.73066826803714,-0.04831738539736527,0.17248253923855097,0.9649564388603222,-28.378863406697878,0,0,False,5.765056471225485,0.3,28.378863406697878,1.8820672462254489,
1.0679999999999932,PUSH,135.74792420237776,-0.04758489505528002,0.1734374102484621,0.9548710099111175,-28.669831752722175,0,0,False,5.780487213992297,0.3,28.669831752722175,1.8820672462254489,
1.068999999999993,PUSH,135.7633737741498,-0.04685271876926778,0.17438222640107576,0.9448161526136716,-28.96164560215144,0,0,False,5.794908947741545,0.3,28.96164560215144,1.8820672462254489,
1.069999999999993,PUSH,135.777169705263,-0.046120841847969794,0.17531701576030398,0.9347893592282142,-29.25429095390045,0,0,False,5.808385115903398,0.3,29.25429095390045,1.8820672462254489,
1.0709999999999928,PUSH,135.78945301703746,-0.04538925014769171,0.17624180407421752,0.9247883139135576,-29.547753586044287,0,0,False,5.820975182625752,0.3,29.547753586044287,1.8820672462254489,
1.0719999999999927,PUSH,135.80035389646366,-0.044657930063194816,0.17715661495214702,0.9148108779295085,-29.842019109261443,0,0,False,5.832734895375514,0.3,29.842019109261443,1.8820672462254489,
1.0729999999999926,PUSH,135.809992495274,-0.04392686851762811,0.17806147002820508,0.9048550760580629,-30.137073015367548,0,0,False,5.843716529971164,0.3,30.137073015367548,1.8820672462254489,
1.0739999999999925,PUSH,135.8184796680185,-0.04319605295162161,0.17895638911234335,0.8949190841382685,-30.432900721128448,0,0,False,5.85396911839177,0.3,30.432900721128448,1.8820672462254489,
1.0749999999999924,PUSH,135.82591765457613,-0.04246547131161215,0.17984139032996063,0.8850012176172886,-30.729487607622197,0,0,False,5.863538660106984,0.3,30.729487607622197,1.8820672462254489,
1.0759999999999923,PUSH,135.83240071189334,-0.041735112037500986,0.18071649025098846,0.8750999210278223,-31.02681905546167,0,0,False,5.872468317907256,0.3,31.02681905546167,1.8820672462254489,
1.0769999999999922,PUSH,135.8380156992049,-0.041004964049754795,0.18158170400929796,0.8652137583095111,-31.324880476205955,0,0,False,5.880798599330238,0.3,31.324880476205955,1.8820672462254489,
1.077999999999992,PUSH,135.84284262053092,-0.04027501673606393,0.18243704541319716,0.8553414038991989,-31.623657340286986,0,0,False,5.888567524809201,0.3,31.623657340286986,1.8820672462254489,
1.078999999999992,PUSH,135.8469551278566,-0.03954525993766761,0.1832825270477189,0.8454816345217396,-31.923135201765557,0,0,False,5.895810783648791,0.3,31.923135201765557,1.8820672462254489,
1.0799999999999919,PUSH,135.85042098806008,-0.03881568393544777,0.18411816036933837,0.8356333216194562,-32.2232997202124,0,0,False,5.902561878877721,0.3,32.2232997202124,1.8820672462254489,
1.0809999999999917,PUSH,135.85330251636512,-0.038086279435883524,0.18494395579370265,0.8257954243642793,-32.52413667998748,0,0,False,5.908852261952983,0.3,32.52413667998748,1.8820672462254489,
1.0819999999999916,PUSH,135.8556569788381,-0.03735703755694788,0.1857599227769047,0.8159669832020512,-32.825632007168075,0,0,False,5.914711458207079,0.3,32.825632007168075,1.8820672462254489,
1.0829999999999915,PUSH,135.8575369662273,-0.03662794981401798,0.18656606989078814,0.8061471138834246,-33.12777178435305,0,0,False,5.920167183843359,0.3,33.12777178435305,1.8820672462254489,
1.0839999999999914,PUSH,135.8589907412413,-0.035899008105860344,0.1873624048927284,0.7963350019402574,-33.43054226354922,0,0,False,5.925245455205352,0.3,33.43054226354922,1.8820672462254489,
1.0849999999999913,PUSH,135.86006256119282,-0.03517020470074375,0.18814893479029884,0.7865298975704461,-33.73392987732531,0,0,False,5.929970690966262,0.3,33.73392987732531,1.8820672462254489,
1.0859999999999912,PUSH,135.86079297777263,-0.03444153222272418,0.1889256659011966,0.7767311108977593,-34.03792124840072,0,0,False,5.934365807816067,0.3,34.03792124840072,1.8820672462254489,
1.086999999999991,PUSH,135.86121911558038,-0.03371298363813925,0.18969260390877307,0.7669380075764501,-34.34250319781976,0,0,False,5.938452310160717,0.3,34.34250319781976,1.8820672462254489,
1.087999999999991,PUSH,135.86137493091198,-0.03298455224234308,0.1904497539134864,0.7571500047133214,-34.64766275184682,0,0,False,5.942250374292521,0.3,34.64766275184682,1.8820672462254489,
1.0889999999999909,PUSH,135.86129145218814,-0.032256231646707316,0.19119712048056886,0.7473665670824716,-34.95338714770488,0,0,False,5.945778927441383,0.3,34.95338714770488,1.8820672462254489,
1.0899999999999908,PUSH,135.86099700330595,-0.03152801576590892,0.1919347076841791,0.7375872036102618,-35.25966383826784,0,0,False,5.94905572207409,0.3,35.25966383826784,1.8820672462254489,
1.0909999999999906,PUSH,135.86051741109844,-0.03079989880552161,0.19266251914828916,0.7278114641100631,-35.56648049580656,0,0,False,5.952097405771941,0.3,35.56648049580656,1.8820672462254489,
1.0919999999999905,PUSH,135.8598761980042,-0.030071875249923916,0.1933805580845373,0.7180389362481493,-35.873825014879515,0,0,False,5.9549195869852936,0.3,35.873825014879515,1.8820672462254489,
1.0929999999999904,PUSH,135.85909476096734,-0.02934393985053397,0.19408882732726107,0.7082692427237713,-36.18168551445002,0,0,False,5.957536896933468,0.3,36.18168551445002,1.8820672462254489,
1.0939999999999903,PUSH,135.8581925375154,-0.028616087614378383,0.1947873293659089,0.6985020386478182,-36.49005033930516,0,0,False,5.959963047898524,0.3,36.49005033930516,1.8820672462254489,
1.0949999999999902,PUSH,135.85718715989955,-0.02788831379300031,0.19547606637501475,0.6887370091058556,-36.79890806084455,0,0,False,5.962210888134721,0.3,36.79890806084455,1.8820672462254489,
1.09599999999999,PUSH,135.85609459811582,-0.027160613871709788,0.19615504024190716,0.6789738668924239,-37.108247477301354,0,0,False,5.9642924536020026,0.3,37.108247477301354,1.8820672462254489,
1.09699999999999,PUSH,135.85492929257163,-0.026432983559177736,0.19682425259231173,0.6692123504045596,-37.41805761345235,0,0,False,5.966219016712779,0.3,37.41805761345235,1.8820672462254489,
1.0979999999999899,PUSH,135.85370427711018,-0.025705418777373482,0.19748370481399516,0.6594522216834282,-37.728327719869235,0,0,False,5.968001132268433,0.3,37.728327719869235,1.8820672462254489,
1.0989999999999898,PUSH,135.85243129305442,-0.024977915651844446,0.19813339807858898,0.6496932645938364,-38.03904727175887,0,0,False,5.969648680747825,0.3,38.03904727175887,1.8820672462254489,
1.0999999999999897,PUSH,135.85112089488982,-0.024250470502335426,0.1987733333617211,0.6399352831321197,-38.350205967436175,0,0,False,5.9711709091012715,0.3,38.350205967436175,1.8820672462254489,
1.1009999999999895,PUSH,135.8497825481615,-0.023523079833744028,0.19940351146157473,0.6301780998536286,-38.66179372646981,0,0,False,5.972576469191129,0.3,38.66179372646981,1.8820672462254489,
1.1019999999999894,PUSH,135.8484247201239,-0.022795740327407894,0.20002393301598642,0.620421554411688,-38.97380068753745,0,0,False,5.973873454011519,0.3,38.97380068753745,1.8820672462254489,
1.1029999999999893,PUSH,135.8470549636443,-0.0220684488327187,0.20063459851818685,0.6106655022004259,-39.28621720602421,0,0,False,5.975069431813122,0.3,39.28621720602421,1.8820672462254489,
1.1039999999999892,FLIGHT,135.84567999482812,-0.021341202359057256,0.20123550833128134,0.600909813094482,-39.5990338513956,0,0,False,5.976171478249356,0.3,39.5990338513956,1.8820672462254489,
1.104999999999989,FLIGHT,135.8443057648033,-0.020613998068043534,0.20182666270156036,0.5911543702790262,-39.91224140437288,0,0,False,4.2959642141040195,0.0,39.91224140437288,1.8820672462254489,
1.105999999999989,FLIGHT,135.84293752606973,-0.01989065209514505,0.20240942420185726,0.5827615002968938,-40.22583085393727,0,0,False,4.265396967279294,0.0,40.22583085393727,1.8820672462254489,
1.1069999999999889,FLIGHT,135.83362717258606,-0.0191681594546659,0.2029821698199816,0.5727456181243519,-40.54242174117946,0,0,False,4.301040735498011,0.0,40.54242174117946,1.8820672462254489,
1.1079999999999888,FLIGHT,135.82085390777226,-0.018446007374963068,0.2035446823042074,0.5625124842258207,-40.85795519670065,0,0,False,4.34475427033954,0.0,40.85795519670065,1.8820672462254489,
1.1089999999999887,FLIGHT,135.80548403616257,-0.017724150723354107,0.20409701368546693,0.5523313812595037,-41.17183772965433,0,0,False,4.386023154273718,0.0,41.17183772965433,1.8820672462254489,
1.1099999999999886,FLIGHT,135.78773441537993,-0.01700258793278159,0.2046392396686851,0.5422259832181886,-41.48411632694897,0,0,False,4.424147032128364,0.0,41.48411632694897,1.8820672462254489,
1.1109999999999884,FLIGHT,135.76777736239845,-0.016281296107636095,0.2051714193409714,0.532179672286291,-41.79488874667994,0,0,False,4.459836975166272,0.0,41.79488874667994,1.8820672462254489,
1.1119999999999883,FLIGHT,135.74582358593335,-0.015560234307639796,0.20569359575330745,0.5221764123360471,-42.10421501990751,0,0,False,4.493668084988704,0.0,42.10421501990751,1.8820672462254489,
1.1129999999999882,FLIGHT,135.7221102124259,-0.014839353512180336,0.20620580139027875,0.512205636971309,-42.412123465676686,0,0,False,4.525956652398386,0.0,42.412123465676686,1.8820672462254489,
1.113999999999988,FLIGHT,135.6968821535094,-0.014118603422315402,0.20670806227851207,0.5022608882333266,-42.71862549085457,0,0,False,4.556851159934675,0.0,42.71862549085457,1.8820672462254489,
1.114999999999988,FLIGHT,135.67037979793176,-0.013397936185688457,0.20720040049319938,0.49233821468731276,-43.02372565550895,0,0,False,4.586411363084219,0.0,43.02372565550895,1.8820672462254489,
1.115999999999988,FLIGHT,135.6428321091086,-0.012677308219598594,0.2076828356175085,0.48243512430911645,-43.3274272800656,0,0,False,4.614654972013317,0.0,43.3274272800656,1.8820672462254489,
1.1169999999999878,FLIGHT,135.61445302140064,-0.011956680962732573,0.20815538558440955,0.4725499669010399,-43.6297353196576,0,0,False,4.641582778332228,0.0,43.6297353196576,1.8820672462254489,
1.1179999999999877,FLIGHT,135.58543974031443,-0.011236021029399499,0.208618067154454,0.4626815700444448,-43.93065770380598,0,0,False,4.667191910569273,0.0,43.93065770380598,1.8820672462254489,
1.1189999999999876,FLIGHT,135.55597216686172,-0.010515300029291892,0.20907089617352204,0.45282901906803563,-44.23020581832741,0,0,False,4.691482739551526,0.0,44.23020581832741,1.8820672462254489,
1.1199999999999875,FLIGHT,135.52621301261146,-0.009794494204403772,0.20951388769560575,0.44299152208372317,-44.528394501989666,0,0,False,4.714462276033656,0.0,44.528394501989666,1.8820672462254489,
1.1209999999999873,FLIGHT,135.49630834908692,-0.009073583975279144,0.20994705602400263,0.4331683283968824,-44.825241771306665,0,0,False,4.7361455332825555,0.0,44.825241771306665,1.8820672462254489,
1.1219999999999872,FLIGHT,135.4663884273906,-0.008352553454694298,0.21037041470601087,0.42335868200824356,-45.12076840293903,0,0,False,4.756555669993343,0.0,45.12076840293903,1.8820672462254489,
1.1229999999999871,FLIGHT,135.43656865636444,-0.0076313899655608,0.21078397650461575,0.413561798604879,-45.41499745560484,0,0,False,4.7757234066499255,0.0,45.41499745560484,1.8820672462254489,
1.123999999999987,FLIGHT,135.4069506609874,-0.006910083585565981,0.21118775336269635,0.40377685808059044,-45.70795378383574,0,0,False,4.793686035803001,0.0,45.70795378383574,1.8820672462254489,
1.124999999999987,FLIGHT,135.37762336605923,-0.006188626731206635,0.2115817563695945,0.39400300689815027,-45.99966357612227,0,0,False,4.810486241924047,0.0,45.99966357612227,1.8820672462254489,
1.1259999999999868,FLIGHT,135.348664067382,-0.005467013787063743,0.2119659957357969,0.3842393662024238,-46.29015393624911,0,0,False,4.826170875481473,0.0,46.29015393624911,1.8820672462254489,
1.1269999999999867,FLIGHT,135.32013946545,-0.004745240781589393,0.21234048077859058,0.37448504279366357,-46.57945251705675,0,0,False,4.840789774705735,0.0,46.57945251705675,1.8820672462254489,
1.1279999999999866,FLIGHT,135.29210664612512,-0.004023305107749965,0.21270521991958052,0.3647391409899401,-46.867587209370726,0,0,False,4.854394691064655,0.0,46.867587209370726,1.8820672462254489,
1.1289999999999865,FLIGHT,135.26461399962437,-0.0033012052851443562,0.2130602206936854,0.3550007741048896,-47.15458588462907,0,0,False,4.867038347502225,0.0,47.15458588462907,1.8820672462254489,
1.1299999999999863,FLIGHT,135.23770207398,-0.0025789407593407067,0.21340548976846732,0.34526907478191327,-47.440476187211516,0,0,False,4.87877363975266,0.0,47.440476187211516,1.8820672462254489,
1.1309999999999862,FLIGHT,135.2114043624077,-0.0018565117338760712,0.2137410329722602,0.33554320379286173,-47.7252853711446,0,0,False,4.8896529786929825,0.0,47.7252853711446,1.8820672462254489,
1.1319999999999861,FLIGHT,135.1857480261681,-0.00113391903043493,0.21406685532942,0.3258223571598059,-48.00904017535251,0,0,False,4.899727764150257,0.0,48.00904017535251,1.8820672462254489,
1.132999999999986,FLIGHT,135.1607545558111,-0.00041116397301383734,0.2143829611010403,0.31610577162030706,-48.29176673165137,0,0,False,4.9090479765191795,0.0,48.29176673165137,1.8820672462254489,
1.133999999999986,FLIGHT,135.1364403744427,0.0003117517077138119,0.21468935382959412,0.30639272855383004,-48.57349050003661,0,0,False,4.917661870876085,0.0,48.57349050003661,1.8820672462254489,
1.1349999999999858,FLIGHT,135.11281738699273,0.0010348259531673864,0.2149860363861326,0.2966825565384828,-48.854236226337214,0,0,False,4.925615758180616,0.0,48.854236226337214,1.8820672462254489,
1.1359999999999857,FLIGHT,135.08989347955753,0.001758056441645482,0.21527301101886082,0.2869746327282308,-49.134027917907474,0,0,False,4.9329538590071245,0.0,49.134027917907474,1.8820672462254489,
1.1369999999999856,FLIGHT,135.06767297281698,0.0024814406415854823,0.21555027940210286,0.2772683832420583,-49.412888833631385,0,0,False,4.939718216614857,0.0,49.412888833631385,1.8820672462254489,
1.1379999999999855,FLIGHT,135.04615703335622,0.0032049758553656144,0.21581784268484905,0.2675632827461968,-49.69084148508825,0,0,False,4.94594865775275,0.0,49.69084148508825,1.8820672462254489,
1.1389999999999854,FLIGHT,135.0253440465016,0.00392865925537704,0.21607570153824293,0.25785885339387693,-49.96790764625038,0,0,False,4.951682791213279,0.0,49.96790764625038,1.8820672462254489,
1.1399999999999852,FLIGHT,135.00522995403006,0.004652487913797174,0.2163238562015106,0.24815466326766908,-50.24410836954626,0,0,False,4.9569560356920785,0.0,50.24410836954626,1.8820672462254489,
1.1409999999999851,FLIGHT,134.98580855985628,0.005376458827242182,0.21656230652596017,0.23845032444959088,-50.51946400652272,0,0,False,4.961801669912402,0.0,50.51946400652272,1.8820672462254489,
1.141999999999985,FLIGHT,134.9670718065542,0.006100568937262617,0.2167910520167853,0.22874549082512766,-50.79399423168194,0,0,False,4.966250899213465,0.0,50.79399423168194,1.8820672462254489,
1.142999999999985,FLIGHT,134.94901002532197,0.006824815147466913,0.2170100918724951,0.21903985570978468,-51.06771806835736,0,0,False,4.970332933875846,0.0,51.06771806835736,1.8820672462254489,
1.1439999999999848,FLIGHT,134.93161216178027,0.007549194337908502,0.21721942502186617,0.20933314937109085,-51.340653915732645,0,0,False,4.974075075370036,0.0,51.340653915732645,1.8820672462254489,
1.1449999999999847,FLIGHT,134.91486597977436,0.008273703377249229,0.21741905015837149,0.19962513650530786,-51.61281957630828,0,0,False,4.977502807484859,0.0,51.61281957630828,1.8820672462254489,
1.1459999999999846,FLIGHT,134.89875824516275,0.008998339133110796,0.2176089657720876,0.18991561371612178,-51.88423228328225,0,0,False,4.980639889932634,0.0,51.88423228328225,1.8820672462254489,
1.1469999999999845,FLIGHT,134.8832748913884,0.009723098480943437,0.2177891701791201,0.18020440703251986,-52.15490872744611,0,0,False,4.983508452559141,0.0,52.15490872744611,1.8820672462254489,
1.1479999999999844,FLIGHT,134.8684011684713,0.010447978311674112,0.21795966154861457,0.17049136949446544,-52.42486508330447,0,0,False,4.9861290887197205,0.0,52.42486508330447,1.8820672462254489,
1.1489999999999843,FLIGHT,134.85412177690688,0.011172975538342496,0.2181204379274423,0.16077637882772117,-52.69411703421297,0,0,False,4.988520946740859,0.0,52.69411703421297,1.8820672462254489,
1.1499999999999841,FLIGHT,134.84042098782095,0.011898087101889658,0.21827149726266556,0.15105933522326717,-52.96267979639844,0,0,False,4.990701818670765,0.0,52.96267979639844,1.8820672462254489,
1.150999999999984,FLIGHT,134.82728275061115,0.012623309976229766,0.21841283742189735,0.14134015923178744,-53.230568141778825,0,0,False,4.992688225754793,0.0,53.230568141778825,1.8820672462254489,
1.151999999999984,FLIGHT,134.81469078918897,0.013348641172707763,0.21854445621167704,0.13161878977969022,-53.497796419542624,0,0,False,4.9944955002558675,0.0,53.497796419542624,1.8820672462254489,
1.1529999999999838,FLIGHT,134.80262868783964,0.014074077744024433,0.21866635139398688,0.12189518230984996,-53.764378576479864,0,0,False,4.996137863386859,0.0,53.764378576479864,1.8820672462254489,
1.1539999999999837,FLIGHT,134.791079967627,0.014799616787693416,0.21877852070103465,0.11216930704777422,-54.0303281760802,0,0,False,4.997628499231557,0.0,54.0303281760802,1.8820672462254489,
1.1549999999999836,FLIGHT,134.78002815418324,0.015525255449081763,0.21888096184842637,0.1024411473917288,-54.29565841643197,0,0,False,4.998979624625206,0.0,54.29565841643197,1.8820672462254489,
1.1559999999999835,FLIGHT,134.7694568376565,0.016250990924075538,0.21897367254685032,0.09271069842395471,-54.560382146968244,0,0,False,5.000202555026551,0.0,54.560382146968244,1.8820672462254489,
1.1569999999999834,FLIGHT,134.75934972551715,0.016976820461404436,0.21905665051238912,0.08297796553881333,-54.82451188411413,0,0,False,5.001307766466893,0.0,54.82451188411413,1.8820672462254489,
1.1579999999999833,FLIGHT,134.7496906888657,0.01770274136465354,0.2191298934755721,0.07324296318297907,-55.08805982589491,0,0,False,5.002304953695241,0.0,55.08805982589491,1.8820672462254489,
1.1589999999999832,FLIGHT,134.7404638028291,0.018428750993986137,0.21919339918927422,0.06350571370210834,-55.3510378655674,0,0,False,5.003203084666475,0.0,55.3510378655674,1.8820672462254489,
1.159999999999983,FLIGHT,134.7316533815837,0.01915484676759823,0.21924716543556239,0.05376624628815869,-55.613457604337256,0,0,False,5.004010451532718,0.0,55.613457604337256,1.8820672462254489,
1.160999999999983,FLIGHT,134.7232440084979,0.01988102616292311,0.21929119003158365,0.04402459602127073,-55.8753303632248,0,0,False,5.004734718310439,0.0,55.8753303632248,1.8820672462254489,
1.1619999999999828,FLIGHT,134.71522056184662,0.02060728671760252,0.21932547083458379,0.034280803000130186,-56.13666719413977,0,0,False,5.005382965399116,0.0,56.13666719413977,1.8820672462254489,
1.1629999999999827,FLIGHT,134.70756823651033,0.021333626030239836,0.2193500057461385,0.02453491155472398,-56.397478890223546,0,0,False,5.005961731128741,0.0,56.397478890223546,1.8820672462254489,
1.1639999999999826,FLIGHT,134.70027256204116,0.022060041760949497,0.2193647927156741,0.014786969535619537,-56.6577759955141,0,0,False,5.006477050509257,0.0,56.6577759955141,1.8820672462254489,
1.1649999999999825,FLIGHT,134.693319417444,0.02278653163171649,0.21936982974334812,0.005037027674014989,-56.917568813985774,0,0,False,5.0069344913534195,0.0,56.917568813985774,1.8820672462254489,
1.1659999999999824,FLIGHT,134.68669504299368,0.023513093426578882,0.21936511488235522,-0.004714860992905965,-57.176867418013174,0,0,False,5.007339187936066,0.0,57.176867418013174,1.8820672462254489,
1.1669999999999823,FLIGHT,134.68038604938275,0.024239724991646023,0.2193506462407187,-0.014468641636517437,-57.43568165630431,0,0,False,5.007695872346907,0.0,57.43568165630431,1.8820672462254489,
1.1679999999999822,FLIGHT,134.6743794244693,0.02496642423496462,0.2193264219826226,-0.024224258096112086,-57.69402116134568,0,0,False,5.0080089036858455,0.0,57.69402116134568,1.8820672462254489,
1.168999999999982,FLIGHT,134.6686625378738,0.025693189126244485,0.21929244032933484,-0.033981653287741866,-57.95189535639797,0,0,False,5.0082822952432196,0.0,57.95189535639797,1.8820672462254489,
1.169999999999982,FLIGHT,134.66322314365237,0.026420017696455324,0.219248699559768,-0.04374076956684051,-58.20931346207878,0,0,False,5.00851973979768,0.0,58.20931346207878,1.8820672462254489,
1.1709999999999818,FLIGHT,134.65804938125518,0.02714690803730562,0.21919519801071932,-0.053501549048665324,-58.46628450256497,0,0,False,5.0087246331565956,0.0,58.46628450256497,1.8820672462254489,
1.1719999999999817,FLIGHT,134.65312977496063,0.027873858300614195,0.21913193407682896,-0.06326393389034977,-58.72281731144561,0,0,False,5.008900096058498,0.0,58.72281731144561,1.8820672462254489,
1.1729999999999816,FLIGHT,134.64845323196144,0.028600866697584625,0.21905890621029095,-0.07302786653800791,-58.9789205372528,0,0,False,5.009048994546125,0.0,58.9789205372528,1.8820672462254489,
1.1739999999999815,FLIGHT,134.64400903926224,0.029327931497992316,0.2189761129203488,-0.0827932899421441,-59.234602648696146,0,0,False,5.009173958914522,0.0,59.234602648696146,1.8820672462254489,
1.1749999999999814,FLIGHT,134.6397868595355,0.030055051029293487,0.2188835527726045,-0.092560147744308,-59.48987193962416,0,0,False,5.009277401329635,0.0,59.48987193962416,1.8820672462254489,
1.1759999999999813,FLIGHT,134.63577672606928,0.030782223675664952,0.21878122438816675,-0.10232838443775026,-59.74473653373394,0,0,False,5.009361532208497,0.0,59.74473653373394,1.8820672462254489,
1.1769999999999812,FLIGHT,134.63196903692898,0.03150944787698307,0.21866912644266215,-0.11209794550458299,-59.999204389048316,0,0,False,5.009428375444011,0.0,59.999204389048316,1.8820672462254489,
1.177999999999981,FLIGHT,134.628354548444,0.03223672212774981,0.2185472576651304,-0.12186877753175117,-60.25328330217863,0,0,False,5.0094797825535995,0.0,60.25328330217863,1.8820672462254489,
1.178999999999981,FLIGHT,134.62492436811945,0.03296404497597334,0.21841561683682245,-0.13164082830795187,-60.50698091238933,0,0,False,5.009517445824824,0.0,60.50698091238933,1.8820672462254489,
1.1799999999999808,FLIGHT,134.62166994706658,0.03369141502201015,0.21827420278991905,-0.1414140469033916,-60.76030470547889,0,0,False,5.00954291052516,0.0,60.76030470547889,1.8820672462254489,
1.1809999999999807,FLIGHT,134.61858307203323,0.034418830917375284,0.21812301440618484,-0.15118838373420831,-61.01326201749117,0,0,False,5.009557586241092,0.0,61.01326201749117,1.8820672462254489,
1.1819999999999806,FLIGHT,134.6156558571087,0.035146291363526636,0.2179620506155717,-0.16096379061315033,-61.26586003826923,0,0,False,5.009562757405347,0.0,61.26586003826923,1.8820672462254489,
1.1829999999999805,FLIGHT,134.61288073517375,0.03587379511062912,0.21779131039478372,-0.17074022078797552,-61.51810581486319,0,0,False,5.009559593066936,0.0,61.51810581486319,1.8820672462254489,
1.1839999999999804,FLIGHT,134.61025044915365,0.036601340956303755,0.21761079276581477,-0.18051762896894855,-61.77000625480234,0,0,False,5.009549155957017,0.0,61.77000625480234,1.8820672462254489,
1.1849999999999803,FLIGHT,134.60775804313081,0.037328927744366636,0.21742049679446815,-0.19029597134663323,-62.02156812924125,0,0,False,5.009532410897173,0.0,62.02156812924125,1.8820672462254489,
1.1859999999999802,FLIGHT,134.605396853365,0.038056554363562096,0.217220421588867,-0.20007520560115355,-62.2727980759883,0,0,False,5.009510232598045,0.0,62.2727980759883,1.8820672462254489,
1.18699999999998,FLIGHT,134.60316049926652,0.038784219746294105,0.21701056629796317,-0.20985529090382832,-62.52370260242478,0,0,False,5.009483412886044,0.0,62.52370260242478,1.8820672462254489,
1.18799999999998,FLIGHT,134.60104287435922,0.039511922867359696,0.2167909301100509,-0.21963618791227468,-62.77428808832202,0,0,False,5.009452667402438,0.0,62.77428808832202,1.8820672462254489,
1.1889999999999799,FLIGHT,134.59903813726993,0.040239662742687615,0.2165615122512913,-0.2294178587596069,-63.02456078856276,0,0,False,5.009418641806012,0.0,63.02456078856276,1.8820672462254489,
1.1899999999999797,FLIGHT,134.5971407027724,0.0409674384280853,0.21632231198425264,-0.23920026703865727,-63.27452683577338,0,0,False,5.009381917518054,0.0,63.27452683577338,1.8820672462254489,
1.1909999999999796,FLIGHT,134.59534523291634,0.0416952490179969,0.21607332860647077,-0.24898337778186896,-63.52419224287239,0,0,False,5.009343017039789,0.0,63.52419224287239,1.8820672462254489,
1.1919999999999795,FLIGHT,134.59364662826175,0.04242309364427477,0.21581456144903338,-0.25876715743738454,-63.77356290554044,0,0,False,5.009302408871351,0.0,63.77356290554044,1.8820672462254489,
1.1929999999999794,FLIGHT,134.59204001923726,0.04315097147496657,0.21554600987519135,-0.2685515738420371,-64.02264460461637,0,0,False,5.00926051206109,0.0,64.02264460461637,1.8820672462254489,
1.1939999999999793,FLIGHT,134.59052075764706,0.04387888171311994,0.2152676732789997,-0.2783365961916434,-64.27144300842411,0,0,False,5.0092177004112965,0.0,64.27144300842411,1.8820672462254489,
1.1949999999999792,FLIGHT,134.58908440833403,0.04460682359560642,0.2149795510839906,-0.2881221950090834,-64.51996367503365,0,0,False,5.009174306363491,0.0,64.51996367503365,1.8820672462254489,
1.195999999999979,FLIGHT,134.58772674101485,0.04533479639196606,0.21468164274188,-0.2979083421105906,-64.76821205446072,0,0,False,5.009130624587377,0.0,64.76821205446072,1.8820672462254489,
1.196999999999979,FLIGHT,134.58644372229827,0.04606279940327399,0.2143739477313094,-0.307695010570595,-65.01619349080774,0,0,False,5.0090869152929525,0.0,65.01619349080774,1.8820672462254489,
1.1979999999999789,FLIGHT,134.5852315078941,0.0467908319610301,0.21405646555662397,-0.31748217468545437,-65.26391322434945,0,0,False,5.009043407286586,0.0,65.26391322434945,1.8820672462254489,
1.1989999999999787,FLIGHT,134.58408643501906,0.047518893426072635,0.21372919574668758,-0.3272698099363863,-65.51137639356621,0,0,False,5.00900030078958,0.0,65.51137639356621,1.8820672462254489,
1.1999999999999786,FLIGHT,134.5830050150082,0.048246983187516544,0.21339213785373579,-0.33705789295179917,-65.75858803712735,0,0,False,5.008957770034609,0.0,65.75858803712735,1.8820672462254489,
1.2009999999999785,FLIGHT,134.5819839261312,0.04897510066171715,0.21304529145226644,-0.34684640146934576,-66.00555309582697,0,0,False,5.008915965658461,0.0,66.00555309582697,1.8820672462254489,
1.2019999999999784,FLIGHT,134.58102000662032,0.04970324529125961,0.21268865613796864,-0.3566353142977988,-66.25227641447468,0,0,False,5.00887501690381,0.0,66.25227641447468,1.8820672462254489,
1.2029999999999783,FLIGHT,134.58011024791006,0.05043141654397456,0.21232223152668964,-0.36642461127901366,-66.49876274374296,0,0,False,5.008835033644937,0.0,66.49876274374296,1.8820672462254489,
1.2039999999999782,FLIGHT,134.5792517880886,0.05115961391198011,0.21194601725343956,-0.3762142732500822,-66.74501674197336,0,0,False,5.0087961082503725,0.0,66.74501674197336,1.8820672462254489,
1.204999999999978,FLIGHT,134.57844190556258,0.05188783691075041,0.21156001297143373,-0.386004282005844,-66.99104297694299,0,0,False,5.008758317293853,0.0,66.99104297694299,1.8820672462254489,
1.205999999999978,FLIGHT,134.5776780129321,0.0526160850782108,0.21116421835117188,-0.3957946202618387,-67.23684592759322,0,0,False,5.008721723125108,0.0,67.23684592759322,1.8820672462254489,
1.2069999999999779,FLIGHT,134.57695765107644,0.05334435797385944,0.21075863307955403,-0.40558527161785224,-67.4824299857216,0,0,False,5.008686375311399,0.0,67.4824299857216,1.8820672462254489,
1.2079999999999778,FLIGHT,134.57627848344688,0.05407265517791548,0.21034325685903194,-0.4153762205220856,-67.72779945763891,0,0,False,5.008652311958012,0.0,67.72779945763891,1.8820672462254489,
1.2089999999999776,FLIGHT,134.57563829056386,0.0548009762904934,0.20991808940679585,-0.4251674522360881,-67.97295856579221,0,0,False,5.008619560919139,0.0,67.97295856579221,1.8820672462254489,
1.2099999999999775,FLIGHT,134.5750349647171,0.055529320930803434,0.20948313045399541,-0.43495895280042257,-68.21791145035533,0,0,False,5.00858814090433,0.0,68.21791145035533,1.8820672462254489,
1.2109999999999774,FLIGHT,134.57446650486102,0.056257688736377674,0.20903837974499417,-0.4447507090012328,-68.46266217078754,0,0,False,5.00855806249193,0.0,68.46266217078754,1.8820672462254489,
1.2119999999999773,FLIGHT,134.57393101170794,0.0569860793623216,0.20858383703665653,-0.4545427083376346,-68.70721470736187,0,0,False,5.008529329053206,0.0,68.70721470736187,1.8820672462254489,
1.2129999999999772,FLIGHT,134.57342668300728,0.05771449248059061,0.20811950209766647,-0.46433493899005207,-68.95157296266378,0,0,False,5.008501937596941,0.0,68.95157296266378,1.8820672462254489,
1.213999999999977,FLIGHT,134.57295180901318,0.058442927779291165,0.207645374707877,-0.47412738978947033,-69.19574076306068,0,0,False,5.008475879538358,0.0,69.19574076306068,1.8820672462254489,
1.214999999999977,FLIGHT,134.57250476813152,0.059171384962006086,0.20716145465768934,-0.4839200501876579,-69.4397218601441,0,0,False,5.00845114139987,0.0,69.4397218601441,1.8820672462254489,
1.2159999999999769,FLIGHT,134.5720840227434,0.05989986374714349,0.206667741747461,-0.4937129102283329,-69.6835199321442,0,0,False,5.008427705448072,0.0,69.6835199321442,1.8820672462254489,
1.2169999999999768,FLIGHT,134.57168811520015,0.060628363867308986,0.20616423578694168,-0.5035059605193105,-69.92713858531793,0,0,False,5.008405550272195,0.0,69.92713858531793,1.8820672462254489,
1.2179999999999767,FLIGHT,134.5713156639844,0.06135688506870047,0.20565093659473604,-0.5132991922056228,-70.17058135531164,0,0,False,5.008384651309078,0.0,70.17058135531164,1.8820672462254489,
1.2189999999999765,FLIGHT,134.57096536003274,0.062085427110525095,0.20512784399779244,-0.5230925969435999,-70.41385170849813,0,0,False,5.008364981318395,0.0,70.41385170849813,1.8820672462254489,
1.2199999999999764,FLIGHT,134.57063596321512,0.06281398976443783,0.20459495783091655,-0.5328861668758954,-70.65695304328936,0,0,False,5.008346510811794,0.0,70.65695304328936,1.8820672462254489,
1.2209999999999763,FLIGHT,134.57032629896474,0.0635425728140011,0.20405227793630903,-0.5426798946075092,-70.89988869142518,0,0,False,5.008329208441807,0.0,70.89988869142518,1.8820672462254489,
1.2219999999999762,FLIGHT,134.57003525505496,0.06427117605416478,0.20349980416312635,-0.5524737731826778,-71.14266191923839,0,0,False,5.00831304135019,0.0,71.14266191923839,1.8820672462254489,
1.222999999999976,FLIGHT,134.56976177851814,0.06499979929076634,0.2029375363670636,-0.5622677960627371,-71.38527592889707,0,0,False,5.008297975482649,0.0,71.38527592889707,1.8820672462254489,
1.223999999999976,FLIGHT,134.56950487270024,0.0657284423400501,0.20236547440995872,-0.5720619571048785,-71.62773385962419,0,0,False,5.008283975870525,0.0,71.62773385962419,1.8820672462254489,
1.2249999999999759,FLIGHT,134.56926359444682,0.06645710502820545,0.20178361815941695,-0.5818562505417719,-71.87003878889534,0,0,False,5.008271006883119,0.0,71.87003878889534,1.8820672462254489,
1.2259999999999758,FLIGHT,134.56903705141735,0.06718578719092325,0.2011919674884549,-0.5916506709620496,-72.11219373361473,0,0,False,5.008259032452168,0.0,72.11219373361473,1.8820672462254489,
1.2269999999999757,FLIGHT,134.56882439952037,0.06791448867296979,0.20059052227516322,-0.6014452132916678,-72.35420165127016,0,0,False,5.008248016272915,0.0,72.35420165127016,1.8820672462254489,
1.2279999999999756,FLIGHT,134.56862484046684,0.06864320932777807,0.1999792824023872,-0.6112398727760392,-72.59606544106703,0,0,False,5.008237921981041,0.0,72.59606544106703,1.8820672462254489,
1.2289999999999754,FLIGHT,134.5684376194363,0.06937194901705541,0.1993582477574242,-0.6210346449629869,-72.83778794504201,0,0,False,5.008228713309824,0.0,72.83778794504201,1.8820672462254489,
1.2299999999999753,FLIGHT,134.56826202285228,0.07010070761040728,0.19872741823173773,-0.6308295256864658,-73.07937194915681,0,0,False,5.008220354228107,0.0,73.07937194915681,1.8820672462254489,
1.2309999999999752,FLIGHT,134.56809737626114,0.07082948498497638,0.1980867937206867,-0.6406245110510291,-73.32082018437205,0,0,False,5.008212809061222,0.0,73.32082018437205,1.8820672462254489,
1.2319999999999751,FLIGHT,134.56794304231178,0.07155828102509687,0.1974363741232697,-0.6504195974170034,-73.56213532770192,0,0,False,5.008206042595974,0.0,73.56213532770192,1.8820672462254489,
1.232999999999975,FLIGHT,134.56779841883125,0.07228709562196292,0.1967761593418833,-0.6602147813863949,-73.80332000324987,0,0,False,5.008200020171893,0.0,73.80332000324987,1.8820672462254489,
1.233999999999975,FLIGHT,134.5676629369925,0.0730159286733112,0.19610614928209388,-0.6700100597894121,-74.04437678322552,0,0,False,5.008194707758952,0.0,74.04437678322552,1.8820672462254489,
1.2349999999999748,FLIGHT,134.56753605956987,0.07374478008311677,0.1954263438524222,-0.6798054296716968,-74.28530818894339,0,0,False,5.008190072024387,0.0,74.28530818894339,1.8820672462254489,
1.2359999999999747,FLIGHT,134.56741727928014,0.07447364976130193,0.19473674296414004,-0.6896008882821415,-74.52611669180335,0,0,False,5.008186080388201,0.0,74.52611669180335,1.8820672462254489,
1.2369999999999746,FLIGHT,134.5673061172032,0.0752025376234575,0.1940373465310787,-0.6993964330613155,-74.7668047142535,0,0,False,5.008182701069741,0.0,74.7668047142535,1.8820672462254489,
1.2379999999999745,FAILED,134.56720212128116,0.0759314435905761,0.19332815446944823,-0.7091920616304644,-75.00737463073563,0,0,False,0.0,0.0,75.00737463073563,1.8820672462254489,unsafe pitch excursion: 75.0 deg > 75.0 deg
